"Title","Sales Rank: Current","Sales Rank: Drops last 90 days","Monthly Sales Trends: Bought in past month","Reviews: Rating Count","Buy Box: Current","Amazon: Current","New Offer Count: Current","ASIN","Parent ASIN","Package: Length (cm)","Package: Width (cm)","Package: Height (cm)","Package: Weight (g)"
"ブリタ マクストラプロ ピュアパフォーマンス 浄水器 ポット型 交換用カートリッジ 6個入","4","11","10000","4922","¥ 5,890","¥ 5,890","1","B0CPL68SZN","B0G2Q54LTR","24.6","11.9","11.9","660"
"Hansleep カーテン 1級遮光 幅150cm×丈210cm 2枚組 グレー 断熱 防寒 防音 (グレー, 幅150cm×丈210cm)","8","30","50","17447","¥ 5,111","","1","B0D9BHVDWK","B0DGTMD59K","28.7","28.1","16.3","2620"
"トラスコ中山(TRUSCO) 薄型折りたたみコンテナ スケルコン スケルトンコンテナ 収納ボックス 収納ケース 10個【ケース販売】 530X370X55mm ロックフタ付 50L 透明 TSK-C50B-TM","11","37","","6732","¥ 28,380","¥ 28,380","1","B0C4TH4QKG","B0D7C89JHM","123.3","53","18.3","22800"
"Amazon Echo Spot（2024年発売） - スマートアラームクロック with Alexa、鮮やかなサウンド | ブラック","15","36","200","4442","¥ 11,480","¥ 11,480","1","B0C2S4K41G","B0CZ5J1C73","16","11.5","10.8","620"
"ソフケン アルミ額縁 スリムエイト 330X900 木目柄メイプル 【手ぬぐい額、軽量で作品セットが簡単な額縁】","15","51","","9531","¥ 6,435","¥ 6,435","1","B0DNQJNJWB","B0B2DKM9JC","96","36","7","1400"
"ニトムズ コロコロ フロアクリン スペアテープ フローリング・カーペット対応 45周 10巻入り C4823 白","16","51","50","21","¥ 5,277","¥ 5,277","1","B0BBRD1F1S","B0G56GD5HJ","30.3","17.8","13.1","1360"
"iwaki(イワキ) 耐熱ガラス 保存容器 電子レンジ オーブン 4個セット ホワイト パック＆レンジ PSC-MP-4W1 グラタン皿 耐熱容器 耐熱皿","25","56","","178","¥ 9,333","¥ 9,333","4","B08S34B1RL","B0H6PBK2XV","20.7","19.5","19.2","2530"
"「Coizabera」LED シーリングライト 6畳 28W 3600lm 20個セット 調光調色 リモコン操作 スマホAPP操作 天井照明器具 電気 蛍光灯 洋室 和室 リビング/キッチン/寝室/洗面所 適用 白枠20個セット","26","36","","","¥ 29,999","","1","B0G58K2D8C","B0GYN537FB","60","58.5","37.5","12400"
"【オンライン限定】ティファール 電気ケトル 1.0L ジャスティン・プラス ロック レッド KO4415JP 1250Wのハイパワー たっぷり大容量","28","47","","348","¥ 6,980","","6","B06X927YPC","B0GJSTSSP4","21.9","20.3","18.8","1310"
"タニタ 体重計 体組成計 ヘルスメーター BC-705XL【体脂肪率/内臓脂肪レベル/筋肉量/基礎代謝量/体内年齢/BMI/スマホ連動/乗るピタ】","31","54","2000","87","¥ 6,280","¥ 6,280","1","B0DWXBLF3D","B0FWJ6ZH1T","34.6","33.5","4.4","1940"
"ヒツジのいらない枕 テンセル枕カバー付 まくら 低反発 高反発 丸洗いOK 安眠枕 寝返り 至極","33","45","7000","3562","¥ 15,800","","2","B08KFTF6GX","B0GL23NZHW","54.1","38.3","10.7","4310"
"パナソニック 浄水器 蛇口直結型 カートリッジ交換1年 19物質除去 日本製 ホワイト TK-CJ14-W","52","87","4000","1542","¥ 5,864","¥ 5,864","26","B0CT56JPB2","B0HC338L8J","15.7","14.6","8.4","400"
"マキタ コードレス掃除機CL108 カプセル式 標準25分稼働/充電22分 軽量定番モデル 10.8Vバッテリ充電器付 CL108FDSHW","53","79","4000","6779","¥ 14,409","¥ 14,409","17","B07GWY3HYD","B08344TKCX","51.9","25.3","14.6","2380"
"[山善] 炊飯器 一人暮らし 3合 3種類炊き分け機能 マイコン式 低温調理 無洗米モード 保温 予約機能 ブラック AMRC-5M(B)","58","93","1000","532","¥ 5,980","¥ 5,980","2","B0F6C94THL","B0FW3NM4Z8","38.8","29.4","25.7","3460"
"タイガー 水筒 350ml スクリュー マグボトル ステンレスボトル 真空断熱ボトル 保温保冷 在宅 タンブラー利用可 プレイグラウンドMMZ-K35PWP","75","62","","25","¥ 5,500","¥ 5,500","3","B0B8735NL6","B0GQ3MCP29","17.4","7.2","7.2","200"
"サンナップ 紙コップ 30ml 1oz 3000個(100個×30パック) 内面白未晒し 耐熱 試飲 試食 業務用 C30100AW","71","67","","290","¥ 11,509","¥ 11,509","1","B0GSZF4RXT","B0GT2NJSH4","26.7","8","4","145"
"SwitchBot サーキュレーター Lite 静音 首振り - スイッチボット 扇風機 ~30畳 DCモーター 省エネ 無段階風量調整 リモコン付き Alexa Google Home Siriに対応","76","77","400","2038","¥ 10,565","¥ 10,565","1","B0D9896MPY","B0H73MSDPS","43.5","34.5","18.4","3030"
"アイリスオーヤマ サーキュレーター 扇風機 ACモーター 上下左右首振り 18畳 パワフル送風 【Amazon.co.jp限定】","77","59","200","354","¥ 6,980","¥ 6,980","1","B0CY5D93HF","B0D8B8C294","51.9","33","28.3","3780"
"ブラウン 電気シェーバー シリーズ5 電動 髭剃り メンズ 【Amazon.co.jp限定】 52-M1200s ミント キワゾリトリマー 防水設計 充電式 コードレス ディープキャッチ網刃 トラベルケース","81","97","5000","1030","¥ 8,947","¥ 8,947","1","B0CTQ1XFRL","B0HGV4MGH4","25.1","13.7","6.7","490"
"ティファール フライパン 28cm IH ガス火対応 「IHルージュ･アンリミテッド フライパン」 G26206","81","63","200","1306","¥ 5,136","¥ 5,136","18","B08VN52T1K","B0FV2K12C4","47.8","30.8","8.4","1440"
"アトラス ペットボトルホルダー 24個セット 水筒 500ml 650ml 保冷 保温 ペットボトルクーラー 真空断熱 折りたたみハンドル ステンレス カラビナ 角形ペットボトル対応 ボトルインボトル ラベンダー ABIB-E2LVD24P","82","14","","3996","¥ 30,680","","1","B0GWQ736VC","B0F9F6BCK1","18.1","10.1","10.1","310"
"タニタ クッキングスケール キッチン はかり 料理 防水 デジタル 3kg 0.1g単位 KW-320 WH 洗えるキッチンスケール","86","54","50","714","¥ 6,260","","21","B01ASV8LX8","B0FDKXLYL4","27.3","17.4","4.9","690"
"Hansleep カーテン 4枚セット 遮光カーテン 遮光度99.99% 1級遮光 断熱 防音 ベージュ 幅150cm丈178cm","95","64","50","4627","¥ 6,346","","1","B0D45G4Q71","B0CTFJ6M9Q","37.3","29.1","17.7","3030"
"【オンライン限定】 ティファール 取っ手のとれる 鍋 フライパンセット 9点 ガス火専用 「インジニオ･ネオ フレーズグレー」 グレー L16199","100","72","1000","2494","¥ 10,440","¥ 10,440","4","B09Y1GCP6P","B0GTQFCCCZ","28.9","28.6","19.3","3510"
"天馬 耐久性 頑丈 収納ボックス ロックス 740-3L 収納ケース コンテナボックス プラケース 衣装ケース 幅44×奥行74×高さ43cm","101","67","200","2720","¥ 5,258","¥ 5,258","18","B002L163ZM","B0F4RRL7SW","74","43.8","43","3600"
"サーキュレーター 扇風機 dcモーター 静音 強力【分解丸洗い猛暑対策・節電・360°強力送風】上下左右首振り 9段階風量調節 リモコン付き","103","27","","198","¥ 5,480","","3","B0H2PVYKGZ","B0HGRM9Z1H","50","34","28","4800"
"トラスコ中山(TRUSCO) 薄型折りたたみコンテナ 収納ケース 収納ボックス 10個【ケース販売】 528X364X62mm フタ無し 50L グリーン TR-O50B-GN","105","62","","571","¥ 19,229","¥ 19,229","1","B0C4TJ26FB","B0D7C6XR68","121.3","52.8","20.7","18600"
"TOSHIBA(東芝) 電子レンジ 17L 単機能 フラットテーブル レンジ ER-S17ZB(W) ホワイト","109","81","1000","404","¥ 14,220","¥ 14,220","16","B0F7X686KQ","B0GJSM56LL","52.5","42.3","32.9","11240"
"COSORI コソリ ノンフライヤー 4.7L 大容量 家庭用 エアフライヤー 最高温230℃ 揚げ物 タイマー グレー CAF-L501-KJP","111","84","5000","3628","¥ 13,980","","1","B09HB4B15V","B0D79YT3H8","41.5","36.5","33.2","5730"
"【最高級×5つ星ホテル仕様】ネックピロー 首元サポート Sカーブ設計 高密度42D低反発 体圧分散 PCM温度調節カバー (進化・低め8.3cm)","119","78","1000","1852","¥ 5,118","","4","B0GC7HQMHJ","B0HGBVC112","43.4","16.6","16.6","1170"
"貝印 関孫六 匠創 漆黒 三徳 165mm 包丁 三徳包丁 ステンレス 食洗器対応 KAI AB5191","119","81","100","9","¥ 6,600","¥ 6,600","1","B0FW31SXDN","B0FVM5T2JJ","41.1","15.3","3.7","340"
"ホワイトムスク ディフューザー ジョンズブレンド 3本セット ルームフレグランス リードディフューザー アロマ 部屋用 芳香剤","122","73","100","26","¥ 7,920","","1","B0DTTNV3X5","B0GWHGK1P3","21.5","21.3","7.9","1060"
"【年間売上500万本突破】MIGABER ハンガー すべらない かたくずれ防止ハンガー 乾湿両用 人気ランキング (50, 水色)","122","46","","2342","¥ 5,290","","1","B0BNHMR37L","B0BSGYYD6V","34","34","10","2100"
"Amazonベーシックスチールラック 幅80 棚 メタルラック 5段 キャスター付き 耐荷重200kg 幅76×奥行36×高さ165cm キッチン 業務用 ブラック","125","85","300","85490","¥ 7,439","¥ 7,439","1","B071DZHLXH","B0CHRRNNNQ","78","37.5","21.6","14061"
"オムロン 体重 体組成計 HBF-230T-SW スマホ連動 体脂肪率 BMI 骨格筋率 OMRON connect対応 自動認識 シャイニーホワイト","129","83","100","2968","¥ 9,596","¥ 9,596","2","B079DGC4M8","B0DK3GGZ3X","32.6","32.4","4.7","1980"
"【Amazon.co.jp 限定】 Ballarini バッラリーニ「 カターニア フライパン 28cm イタリア製 」 IH対応 グラニチウム 5層コーティング 【日本正規販売品】Catania Z1032-038","133","74","100","121","¥ 5,760","¥ 5,760","1","B0DHFV8WPT","B0D22X8ZRV","48","29","6","1000"
"掃除機 コードレス【28Kpa超強力吸引・全体性能アップ】コードレス掃除機 軽量 ハンディー スティッククリーナー USB充電式 Black","135","79","1000","869","¥ 5,681","","7","B0GCJBQ6T2","B0HGBJLSZT","35","27.6","12.1","1210"
"【12畳用】アイリスオーヤマ LEDシーリングライト 明るさ&色味が変えられる リモコン・リモコンホルダー付き 調光・調色モデル CEA-AZ12DL","135","69","50","1392","¥ 6,482","¥ 6,482","1","B0CK1HM36G","B0FS6RQ7D6","43.2","43","13.4","1670"
"ゴリラのひとつかみ ふくらはぎケア 片足タイプ ハイパワー レッグケア 軽量 3段階調節(強・中・弱) グレー ドウシシャ GRF-2401 GY","136","55","1000","1000","¥ 5,250","¥ 5,250","13","B0CWTPNB2S","B0HC72Q6GH","28.6","19.3","7","360"
"サーモス 水筒 真空断熱スポーツジャグ 3L ネイビー FJQ-3001 NVY","138","76","500","312","¥ 5,206","¥ 5,206","21","B0GL5CD2FV","B0GL76R797","36.8","15.7","15.4","1370"
"アイリスオーヤマ 電子レンジ 17L ターンテーブル ヘルツフリー 単機能 全国対応 PMG-T179-B ブラック","142","89","2000","3147","¥ 8,980","¥ 8,980","4","B0CKWQQXLB","B0GT2RXYSB","51","40","31","12650"
"タンスのゲン マットレス シングル 極厚22cm コイル数528個【高耐久＆寝心地UP】ポケットコイル 通気性 17800006(114351)","146","104","900","4360","¥ 8,999","","1","B0DFWCQ7CY","B0HC23QS3G","100","30","30","16000"
"Utukky シルク枕カバー 90×68cm まくらカバー 片面シルク枕カバー 封筒式枕カバー シルクピローケース テンセル 洗える 寝癖軽減 抗菌防臭 美髪・美肌 敏感肌に優しい 四季適応 クリスマス 新年ギフト 贈り物 1枚セット アイボリー","152","62","","4711","¥ 6,380","","1","B0DM8Z8G61","B0DHR3NCRY","29.1","21.2","2.3","180"
"HARIO(ハリオ) V60用 ペーパーフィルター 03M 1~6杯用 200枚入り みさらし VCF-03-100M","152","74","","44813","¥ 6,937","¥ 6,937","1","B07HCMC76P","B06W57T5J4","16","16","12","340"
"京セラ コーヒーミル セラミック ミル グラインダー 粗さ調節可能 手挽き コーヒー CM-40CF-AZ 【オンライン限定】","154","78","","","¥ 6,600","¥ 6,600","1","B0FHJB2M9M","B0GHXZKMCZ","20","12.4","9","481"
"ZINUS BASIC マットレス シングル 15cm ブラック 【体圧分散/高耐久】 ポケットコイル コイル数435個 やや硬め 通気性 静音 ホテル品質 5年保証 mattress ジヌス | 日本正規品 BASICP6","162","101","700","1343","¥ 7,790","¥ 7,790","1","B0CL9WYY2C","B0FPX3774C","102","26.5","26.5","17700"
"象印 水筒 360ml 【洗いやすく進化】 食洗機対応 シームレスせん 洗う点数2点のみ 軽量&コンパクト 保冷・保温 ワンタッチマグ カームグリーン SU-BA36-GM (× 4)","166","10","","614","¥ 11,932","¥ 11,932","","B0HF7RBL5K","B0FX2RVHNB","17.6","7.5","7","880"
"Anker Eufy (ユーフィ) Smart Scale P2 Pro ブラック","167","123","2000","5790","¥ 6,800","","2","B0BG5FJ33T","B0C9SX4YNC","31.4","29.9","4.1","1620"
"Coavas 窓ガラス目隠しフィルム 目隠しシート 窓 防寒 結露防止シート すりガラスシート1","168","73","","36968","¥ 8,358","","1","B088NFYNH4","B0DQ3T6W8Z","76.2","10.8","4.4","522"
"【セット買い】Iwatani イワタニ 岩谷 スモークレス焼肉グリル やきまるスリム ブラック CB-SLG-3-B + おそうじシート(20枚入り) + カセットガス CB缶 3P セット","169","63","","2","¥ 9,550","","1","B0GS1JQ1GP","B0GSY3QXYH","33.2","28.5","16.3","2400"
"ストリックスデザイン 大判 厚手 おしぼり 使い捨て 日本製 丸型 720本 (60本 ×12セット)〔ケース販売〕 個包装 表面エンボス加工 しっかりとした使い心地 不織布レーヨン 業務用 ノンアルコール SD-486","170","82","100","15","¥ 7,280","¥ 7,280","1","B0CWG8YJ2Q","B0G34VGLCV","55","45.5","34","15940"
"[山善] 電子レンジ 17L 単機能 一人暮らし 二人暮らし ヘルツフリー ターンテーブル オートメニュー搭載 全国対応 タイマー機能付き ブラック YRM-HF171(B)","171","120","1000","1820","¥ 7,980","¥ 7,980","2","B09Q881CTN","B0DCFWH9WN","48","39","29","11320"
"Sanko 【日本製 撥水 消臭 洗える】サンコー ずれない タイルカーペット 45×60cm ライトベージュ 36枚 フラットタイプ おくだけ吸着 ジョイントマット KM-27","172","53","","3446","¥ 25,553","¥ 25,553","1","B01N5HMBD5","B0H79XTPP5","60.7","46.8","15.4","5600"
"クリンスイ 浄水器 蛇口直結型 交換カートリッジ【オンライン限定 メーカー純正品 日本製】 MONOシリーズ (MDC01S×3個入り) 増量パック MDC01SZ-AZ PFOS/PFOA 有機フッ素化合物 除去","173","86","3000","8079","¥ 6,282","¥ 6,282","1","B010AL4PBS","B0CQ4VWJ9K","18","10.8","6.3","430"
"【セット買い】アイリスプラザ(IRIS PLAZA) 丸ごと洗える敷き布団 日本製 抗菌防臭 ペイズリー柄ブルー + 丸ごと洗える掛ふ布団 ペイズリー柄ブルー","173","74","","3","¥ 11,000","","2","B0FQ57M2Z8","B0DWMQW8BQ","65","50","30","3100"
"【伝統工芸士の逸品】 まな板 木 国産 檜 食洗機 対応 まないた [Latuna ラチュナ] 俎板 日本製 ひのき (国産檜まな板（33.5ｘ23.5cm）","174","71","50","29","¥ 5,480","","1","B0GCLQC2GS","B0DP27TCCK","34.4","24.8","2.4","680"
"ティファール 取っ手のとれる 鍋 フライパンセット 3点 ガス火専用 「インジニオ･ネオ ロイヤルブルー･インテンス」 L43795","175","72","100","16","¥ 7,234","¥ 7,234","15","B0D4YP31BQ","B0DCN17929","29","28.6","12.4","1320"
"タンスのゲン マットレス シングル 厚み10cm 折り畳み 高反発 洗える 密度25D 硬さ190N 三つ折り 13810084(100394)","179","57","1000","2854","¥ 6,167","","1","B0891YVSB1","B0FZHJPT47","54.3","39.7","38.5","6840"
"X XUNTAO 収納ボックス 折り畳み 5面開閉 衣装ケース 収納ケース 蓋付き コンテナ ボックス(M,3個セット,ホワイト,半透明)","184","68","400","3931","¥ 5,948","","1","B0BG8CSBW1","B0H7SHCKBF","48.3","36.7","23.5","5460"
"アストロ 活性炭消臭 ワイヤー入り 衣類収納ケース 大 2個組 活性炭の力で消臭 積み重ねできる ダブルドア 通気性の良い不織布 収納ボックス 620-57","185","51","","84","¥ 6,487","¥ 6,487","2","B07PCL65PF","B0BVLS313R","52.4","42.2","5.4","2160"
"タイガー魔法瓶 炊飯器 1升 ロングセラー 黒遠赤厚釜 マイコン 調理メニュー付き 炊きたて ホワイト JBH-G181W","187","111","800","3116","¥ 9,510","¥ 9,510","24","B01H10F2D6","B0FTZ5ZMQM","43.9","32","28.8","4610"
"下村企販 トング 骨ぬき 骨取り 【日本製】 食洗器対応 細い骨もしっかり掴める 力が入れやすい 業務用 柳刃 魚 フルーツ ヘタ取り ステンレス 燕三条 17257","190","78","100","366","¥ 5,338","¥ 5,338","2","B00ZTNSWPS","B0HDNR3RW2","12.1","4.1","3.2","40"
"VAKUEN 真空シーラーマシン 単品｜食品保存用真空ポンプ、食品をより長く新鮮保存 (VACUUM SEALER)","191","77","300","1505","¥ 5,336","","1","B09W1NKLFV","B0H338QDDD","18.2","13","8.5","290"
"京セラ ダイヤモンドシャープナー DS-38 ブラック","199","109","200","2863","¥ 5,000","¥ 5,000","16","B00BKSDT5Y","B0GSRFT3SG","19.3","11.4","8.5","363"
"SHIRO サボン フレグランスディフューザーリキッド (300mL / 3か月目安) ルームフレグランス (詰め替え用リキッド＋スティック)","204","88","700","301","¥ 5,720","","2","B0BBLTZMQB","B0GFD73Y42","26.2","8.9","6.3","310"
"トラスコ中山(TRUSCO) α折りたたみコンテナ 扉付 収納ケース 収納ボックス 透明 50L CR-S50T","205","70","","19","¥ 6,504","¥ 6,504","18","B002A5VYNK","B0D7GXR2FP","57.4","39.9","9.6","3170"
"タンスのゲン 座椅子 3WAY 42段階 リクライニング コンパクト 折りたたみ ソファーベッド ロング 1人掛け 15210104(101317)","208","86","700","869","¥ 6,999","","1","B0BWDPWNK6","B0BWJD8CSB","62.2","56.3","32.7","8360"
"CAROTE カローテ フライパン 鍋 セット IH&ガス火対応 14点 PFOAなどの有害物質不使用 プロ仕様 5層構造 チタンコート 軽量 取っ手のとれる 洗練されたデザイン コンパクト収納 玉子焼き器 卵焼きフライパン 取っ手のとれる こびりつかずに 調理器具セット お手入れ簡単 黒 ブラック","212","96","300","152","¥ 8,905","","1","B0F53P2G6D","B0DN9S8Q8S","32","27.7","18.6","4850"
"コンフィー(COMFEE') 電子レンジ 17L ターンテーブル 単機能 光るダイヤル式 全国対応 【メーカー保証2年】簡単操作 一人暮らし/家庭向/お年寄り CF-AM202-WH ホワイト ヘルツフリー","213","106","700","1410","¥ 8,480","¥ 8,480","1","B0DXFC4Z1L","B0GXF5YNYK","49","38","30","12000"
"【20個セット】 シモジマ ヘイコー 食品袋 PP 食パン袋 1斤用 L Eタイプ 100枚入り ×20束 006721412 透明 厚0.025×幅125 / 全体幅250×高360mm (20)","214","49","","576","¥ 9,100","","4","B0CG2112V3","B0CG228GT6","38.2","29.4","12.4","8430"
"タンスのゲン 布団セット セミダブル 7点セット カバー付き 抗菌 防臭 防カビ 洗える 来客用 オールシーズン 26700014(129518)","223","59","","6875","¥ 8,499","","1","B0H1BKQXB6","B0CJC9V312","69.4","41.9","40","8850"
"カリタ Kalita うまみを引き出す コーヒーフィルター ブラウン NK102 濾紙 2~4人用 【20個セット】 100枚入りx20 ペーパー フィルター 台形","221","61","","3207","¥ 6,259","¥ 6,259","1","B0F5814M49","B0FB2KQVTF","35.5","23.5","22.9","2540"
"天馬 洗濯物干し 屋外 物干し台 物干しブロー台付 簡単組立 風に強い サビにくい 物干しスタンド ベランダ ブラック 【PSBK-13】","231","71","100","46","¥ 9,191","¥ 9,191","8","B0F61B3WQQ","B0GWKZW8BK","88.5","49","17","7400"
"【Amazon.co.jp限定】アイリスオーヤマ 洗濯物干し ベランダ 物干し つっぱり 外干し ステンレス 高さ約210~275㎝ SVIー275NR ベージュ","233","102","200","51","¥ 5,200","¥ 5,200","1","B0FM3PNG96","B0DQPY1ZGB","111","16","10.5","3400"
"OXO オクソー サラダスピナー 野菜水切り器 大 丸型 4人以上 作り置き 27×27×15.5cm 食器洗い乾燥機(低温設定)可","239","85","600","1083","¥ 5,250","¥ 5,250","18","B0759B4C16","B0C81DVZHC","28.8","28.4","16.5","1240"
"Americanflat 16x20インチ 写真フレーム ブラック - 2個セット - 光沢プレキシガラス付き薄いボーダーフォトフレーム - 壁掛け金具付き 水平または垂直の表示形式に","241","71","","114","¥ 10,774","","4","B0D5FYWB47","B0C936SYHF","58.4","48.3","5.6","2404"
"wohomuke 食器棚シート38.1x610cm シェルフライナー キッチンシート EVA製 保護シート 保護マット 滑り止め 防虫 抗菌 防カビ 収納シート キッチン 引き出しシート 冷蔵庫マット 本棚マット 自由裁断(黒半透明,38.1x610cm)","245","55","","6625","¥ 6,493","","1","B0D1TDXMYW","B098NLBWNS","38","8.3","6.6","1048"
"シチズン上腕式血圧計 CHUNシリーズ CHUN3901C","248","82","700","489","¥ 6,480","¥ 6,480","1","B0GTQCJQ9J","B0H4KP4F7K","16.2","11.1","9.5","500"
"クモリ(Kumori) 三つ折りマットレス ダブル 厚さ10cm 高反発 硬さ180N 滑り止め加工 折りたたみ ブラック","340","75","50","102","¥ 8,712","¥ 8,712","1","B0GDWD374R","B0GKFXJZ77","76","29.5","29.5","7650"
"[ インテリアに溶け込む ]WHITH WHITE フィス ホワイト フレグランス リードディフューザー スティック 2個 約5ヶ月分 (サボン)","249","91","300","1089","¥ 5,410","","1","B0G7Y7GHKF","B0HC2N97GJ","23.7","16.2","7.9","980"
"タンスのゲン 布団セット セミダブル 4点セット【高密度固綿 三層敷布団】 抗菌 防臭 防カビ 洗える 収納ケース付 61140238(114032)","250","70","100","6490","¥ 5,693","","1","B0FVDCK1L3","B0BTKVG3HN","63.1","39.3","38.9","7900"
"iwaki(イワキ) 耐熱ガラス ボウル 丸型 4点 セット 電子レンジ/オーブン/食洗器対応 食材を混ぜやすい広口デザイン 安定しやすい低重心設計 PSC-BO4 ボール","252","71","","3445","¥ 6,142","¥ 6,142","1","B0GWCK1V9T","B0GY7BPZH5","27","26","12.5","3500"
"サーキュレーター DCモーター 静音 省エネ「360°強風 分解丸洗い」空気循環 部屋干し","257","53","7000","3523","¥ 5,678","","4","B0BZYJGZ31","B0HGQ7K7LS","36.5","25","24","2280"
"JEJアステージ 収納ボックス NCボックス #13 ナチュラル 奥行44.3×高さ15.9×幅29.5cm 10個セット","268","44","","59","¥ 9,825","¥ 9,825","1","B07DND66RW","B0GVXZWX1F","78.4","60.8","46","11000"
"アイリスオーヤマ チェスト ワイド 5段 日本製 簡単組み立て 幅54.5×奥行き39.1 フレンチオーク木天板","273","97","900","4314","¥ 6,057","¥ 6,057","8","B07XV7FB66","B0GV2DRTKT","56","55","49","7900"
"AIFY カーテン 4枚セット 1級 遮光 小窓 ドレープカーテン UVカット 形態記憶加工済み 断熱 節電対策 昼夜目隠し 保温 おしゃれ 洗える 洗濯機対応 (カーテン2枚 レース2枚) 幅150cm x 丈200 cm ライトブルー","275","79","","4751","¥ 6,103","¥ 6,103","1","B0F6MQLSP2","B0FND9MF7L","36","26","17","4030"
"山善(YAMAZEN) ダイニングマット 透明 フロアマット 耐水 耐熱 幅180×奥行180cm 1.35mm厚 キズや汚れに強い クリア PVC マット クリア OFM-1818(S)","281","83","50","9","¥ 6,780","¥ 6,780","1","B0CGZM95K2","B0GY7QQTW7","182.5","10.5","10.5","4500"
"BIALETTI(ビアレッティ) Bialettiモカエキスプレス 3カップ用 直火式 ( コーヒーメーカー エスプレッソメーカー マキネッタ )","288","103","2000","86056","¥ 5,774","¥ 5,774","16","B0000AN3QI","B0DK869LD1","17.2","14.3","10.1","500"
"【Compatible with Alexa認定】SwitchBot 温湿度計 デジタル スマート家電 高精度 スイス製センサー スマホで温度湿度管理 梅雨 熱中症対策 アラーム付き グラフ記録 Alexa、Google home、HomePod、IFTTT に対応(ハブ必要) 熱中症対策 (× 3)","293","42","","15491","¥ 5,220","","","B0H8DTWZG4","B0GRV6SL2W","8.6","8.5","2.9","300"
"シャープ 衣類乾燥除湿機 CV-T71-W コンプレッサー方式 7.1L コンパクト プラズマクラスター7000 省エネ 消臭 カビ 部屋干し","296","84","1000","106","¥ 23,222","¥ 23,222","4","B0FJ1T2946","B0H1M1XNNS","60.7","36.4","25.4","10360"
"ホンマでっかTV?!紹介×LDKベストバイ3冠受賞 日丸屋製作所 シャワーヘッド 節水 80% 日本製塩素除去剤 浄水 止水ボタン 水流調整 角度調整","333","64","","5","¥ 5,480","","1","B0GMQ2R2MV","B0C1YSHL49","32.9","12.7","8.3","630"
"【伸縮】 水切りラック シンク上 ステンレス 食器置き スリム【ラチュナLatuna キングジム】キッチン 大容量 折り畳み （56×16×32cm）","302","83","800","8414","¥ 6,630","","1","B0G4QWGLD1","B0B1X2LD7G","58","20.4","17.5","2400"
"【整備済み品】日立 掃除機 パワかるスティック コードレス スティッククリーナー PV-BL50M C ベージュ 軽量1.4ｋｇ 自走式","352","1","","","¥ 35,200","","","B0H1HBYYHC","","56","30","23","4370"
"ビオレ 冷タオル 無香性 240枚入 梱販売 業務用 大容量 熱中症対策 酷暑対策 暑さ対策 備蓄にも便利 個装","323","43","50","1385","¥ 26,111","¥ 26,111","6","B0GV3BHYB4","B0HCZW2C91","36","29","23","7500"
"ティファール 取っ手のとれる フライパン 28cm IHガス火対応 「インジニオ･ネオ IHルージュ･アンリミテッド フライパン」 L38306","325","100","400","470","¥ 5,855","¥ 5,855","13","B09CY6MDZQ","B0FPWSCFDR","32","30.5","9","1080"
"【Amazon.co.jp限定】 東レ トレビーノ MKC.MXJ×3個セット カセッティシリーズ (高除去/13項目クリア) 交換用 カートリッジ 浄水器 蛇口 直結型 日本製 MKC.MX2J-MXSET","328","77","1000","6302","¥ 7,471","¥ 7,471","1","B00KF3DVG2","B0BZ8SCNK7","17.2","10.6","5.7","390"
"［日本正規品］recolte レコルト 自動調理ポット スープメーカー 豆乳メーカー 600ml 全自動 ポタージュ 離乳食 レシピ本付 モカブラウン RSY-2(MBR)","330","80","800","206","¥ 12,012","","7","B0FRDXKP11","B0DG81C91W","27.9","19","16.9","1320"
"Wallfire ノンフライヤー 4.5L大容量 電気フライヤー ノンオイル 揚げ物 惣菜 1-5人 エアフライヤー 日本語レシピ付き","335","118","4000","5290","¥ 6,947","","4","B092ZS3LLB","","36","33.3","33.1","4330"
"Softimeマットレス シングル 三つ折り 高密度24D 硬さ190N 極厚10cm 凸凹加工 高反発マットレス 97x195x10cm アイボリー","336","82","50","446","¥ 5,933","","1","B0DW3TB25G","B0HGCQCD3X","53.5","33","33","4740"
"MUAMUA まな板 エラストマー かまぼこ型 食洗機対応 まないた ゴム D型 半円 滑らない 丸い 抗菌 耐熱 カッティングボード マナイタ","337","80","50","1452","¥ 5,112","","1","B0DZWPKR3L","B0GYJR7TGW","36.5","31.9","14.2","1970"
"オムロン 上腕式血圧計 HEM-7140シリーズ HCR-7204T","357","99","2000","526","¥ 9,480","¥ 9,480","2","B0D9NSJ9PZ","","16.5","14.5","11.8","621"
"RING BELL リンベル 出産祝い専用カタログギフト hello!baby gift カードタイプ うさぎコース","382","59","100","82","¥ 6,380","","1","B0CP3GGKZD","B0CBB7K1KB","17.7","14.7","2.6","120"
"大和物産 割り箸 竹 丸 完封箸 ようじ付き 約長さ20cm×直径5mm 個包装で衛生的 割らずに使える ケース販売 100膳入 40個セット","369","69","","7","¥ 9,643","","4","B07V55VW1S","B0BKFD1V81","64","41","24.5","22700"
"JisuLife ハンディファン Pro1 S【強力 / 40時間長時間駆動 / 静音 / 大風量100段階ローラー調整 / 小型/携帯扇風機/手持ち扇風機/USB-C充電/卓上扇風機/ポータブル/ジスライフ】ゴールド","370","84","1000","229","¥ 5,933","","1","B0GK926PY4","B0GKLCGZZG","17.5","8.7","8.6","530"
"ブラウン 電気シェーバー シリーズ3 電動 髭剃り メンズ 3010s 3枚刃 水洗い/お風呂剃り可","371","75","4000","8270","¥ 6,615","¥ 6,615","13","B01B5JCT4E","","22.4","15.6","6.9","400"
"TAILI 大きいバッグ 布団収納袋 引越しバッグ 収納ケース 特大容量 透明窓 折りたたみ式 省スペース パープル 12個セット","377","52","","8","¥ 9,418","","1","B0F6T7RL1N","B0CCNSXR4Z","15","15","15","20"
"【節電対策】Levoit (レボイト) 空気清浄機 小型 12畳 花粉 卓上 脱臭 軽量 集じん ペット hepa フィルター 静音 ミニ アロマ対応 Core Mini ホワイト","385","101","1000","41710","¥ 6,780","","1","B09FDX1T82","B0BHVJVG4N","29.8","20","19.8","1330"
"アイリスオーヤマ 小型シーリングライト 薄形タイプ 玄関 クローゼット キッチン 脱衣所 1200lm 電球色 SCL12L-U2 (× 3)","390","33","","","¥ 5,811","","","B0H8F33HMX","B0G7TRB1NQ","23.7","19.5","6.8","1140"
"[山善] LEDシーリングライト 12畳 (日本照明工業会基準) 5300lm 室内/天井照明 10段階調光/調色タイプ 常夜灯 リモコン付き 和室 リビング 寝室 メモリ機能 OFFタイマー (30分/60分) LC-G12V","395","93","200","537","¥ 5,480","¥ 5,480","2","B0CSK258S2","B0H8BYPPYF","52.5","52.5","14.5","2000"
"山善(YAMAZEN) ハンガーラック キャスター付き 幅80-132×奥行51.5×高さ95.5-158.5cm (上棚付き/伸縮/高さ調節可能/ダブル) 組立品 オールブラック MKS-WSNT(ABK)","399","71","","26","¥ 5,200","¥ 5,200","1","B0C2TP35B7","B0HD73BRWP","81","32","9","4550"
"Stanley 1913 (スタンレー 1913) カフェトゥーゴー トラベル 真空断熱マグ クリームグロス 16oz | 0.47L","401","18","100","259","¥ 5,170","¥ 5,170","1","B0GF4PYW45","B0H1WKWFTP","24.4","8.7","8.6","440"
"電気シェーバー メンズ 全金属ボディ マグネット式ヘッド 往復式3D浮動3枚刃 深剃り IPX7防水 お風呂剃り・丸洗い可 Type-C急速充電","403","102","2000","714","¥ 5,978","","2","B0GFF1QTC2","B0GFDP43FD","14.4","13.6","5.2","350"
"ゴリラのふたつかみ 太ももケア ふくらはぎケア 2way 片足ケア 電動 3段階調節（強・中・弱） タイマー10分 軽量 ピンク ドウシシャ GRM-2501 PK","405","92","1000","90","¥ 6,150","¥ 6,150","5","B0FD9MYD6W","B0G1419W1R","25.5","24.5","8.1","580"
"DREO 扇風機【大風量・28dB静音】 タワーファン リビング 脱衣所 せんぷうき扇風機 静音","405","101","200","71325","¥ 8,499","","1","B0CWNQJVJP","B0HFNNPXHK","105","23","19.5","5320"
"KTJ 窓用フィルム マジックミラー ガラス飛散防止 窓ガラス目隠しフィルム 遮熱断熱 目隠しシート (シルバー, 80×500cm)","443","74","50","4971","¥ 5,040","","1","B0C696K7MB","B088FQH3Q3","82.5","7","4.5","1090"
"脱毛器 VIO対応【サロン級IPL光脱毛器/瞬間10℃冷却で低刺激】髭 メンズ レディース 全身適用 サファイア冷却 高出力 100万発5段階","415","37","2000","75","¥ 6,980","","2","B0G1SV1VHG","B0HG859H8Y","22.3","21.2","6.4","580"
"［日本正規品］recolte レコルト コードレスカプセルカッターボンヌ フードプロセッサー コードレス 1台8役 氷も砕ける ナチュラルブラック RCP-7(BK)","417","107","400","569","¥ 9,900","","7","B0D7YFWY5P","B0D7YG53KS","31.1","15.8","15.4","1900"
"Anker Eufy (ユーフィ) Robot Vacuum Auto-Empty C10 ブラック","420","123","1000","4593","¥ 24,990","","1","B0DLG93BX5","B0GSYD59ZV","43.7","35","20.9","5290"
"[山善] IHコンロ IHクッキングヒーター 卓上 小型 一人暮らし 二人暮らし 1000W 火力調整5段階 揚げ物対応 保温 IH調理器 マグネットプラグ仕様 ブラック EER-S100(B)","421","107","400","560","¥ 5,200","¥ 5,200","2","B0D4M5DP13","B0CXHSN1TK","36.1","29.4","10.2","1970"
"パール金属 圧力鍋 5.5L IH対応 3層底 切り替え式 レシピ付 クイックエコ H-5042 ステンレス鋼 フラストレーション・フリー・パッケージ 発送","425","104","700","11038","¥ 6,091","¥ 6,091","21","B006LTDKA6","B09M6ZZXGZ","40.6","27.2","21.8","3579"
"敷布団 シングル 極厚10cm 五層構造 ウレタン 体圧分散 TEIJINマイティトップ中綿 抗菌防臭 防ダニ 吸汗速乾 グレー 100×210cm","438","92","900","1983","¥ 5,555","","1","B0BRN474WR","B0FX24VN6M","56","49","40","4450"
"AIFY カーテン 4枚セット 遮光カーテン 1級 (遮光度99.99%) 断熱 保温 防寒 防音 無地 UVカット 花粉カット おしゃれ 洗える 洗濯機OK 寝室 リビング (カーテン2枚 レース2枚) 幅150cm×丈220cm ライトブルー","438","12","","4961","¥ 6,783","","1","B0F62WLZPF","B0GSZJJGJV","34","26","15","4000"
"スライヴ ハンディマッサージャー 24本セット 「心地よい振動でコリをほぐす」 MD-01 ホワイト 管理医療機器 (24)","440","69","","5146","¥ 62,000","","1","B0FP4Z8VBR","B0FP4TMCPL","35","7","7","600"
"アイリスオーヤマ リンサークリーナー コンパクトモデル 【テレビ放映商品】 染み抜き 布洗浄機 カーペットクリーナー 染み抜き 布洗浄機 温水対応 RNS-300","459","55","1000","13789","¥ 9,988","¥ 9,988","11","B07ZQGDHP2","B0FRQL31ZV","41.4","29.4","19.7","3430"
"タニタ クッキングスケール 0.1g単位 3kgまで計れる ホワイト KD-320 WH キッチン はかり 料理 デジタル","459","104","","3764","¥ 5,400","","3","B002P67LH2","B0FHZD5JSV","26.8","17.3","4.9","810"
"イワタニ Iwatani 岩谷 カセットコンロ カセットフー タフまる ケース付き キャンプ アウトドア BBQコンロ 停電対策 オリーブ 日本製 CB-ODX-1-OL","469","109","1000","2226","¥ 6,940","","42","B09HWZMTQ8","B09P33VBFX","37.6","33.8","13.9","3570"
"LEMOOLI 冷感タオル 使い捨て 288本入（12本入×24箱）個包装 無香性 首まわり用 20×50cm 暑さ対策 業務用","470","38","100","104","¥ 8,980","","1","B0H7GJ7SBH","B0H3K6V67S","22.5","16","3","450"
"盛り塩 開運 招福 パワースポット なるとのうずしお 清め塩 国産 バスソルト パワーストーン 浄化 お清め 浄化 厄払い 邪気払い スタンドパック (10kg (1kg 10パック))","473","52","","2571","¥ 8,800","","1","B0BGNH632H","B0GST8JB3N","35","25","15","10400"
"arboleaf 筋膜リリースガン ハンディガン 10mm振幅 AI自適応モード付き 4種シリコンヘッド付属 5段階振動 小型 軽量 静音 パワフル","475","115","1000","11636","¥ 5,206","","1","B093B4TSPM","B0HF77YZ44","17.3","16.8","6.4","710"
"スリーアップ 16畳 分解して洗える 多機能 上下左右 自動首振り 360° メモリー 減灯機能 リモコン付 3Dスイング ターボ サーキュレーター ホワイト CF-AZ0692WH","475","54","","62","¥ 5,600","¥ 5,600","1","B0CXF4GFMF","B0GXT99164","31.2","22.4","20.6","1940"
"エバークック 炒め鍋 深型 28㎝ ガス火専用 軽量 【500日保証】 こげつきにくいフライパン PFOA PFOS フリー ネイビー ドウシシャ","477","94","300","141","¥ 5,020","¥ 5,020","1","B0C1YG9QFH","B0F3CDRP75","51.2","29.6","14.2","780"
"新輝合成 トンボ ネオカラー ゴミ箱 カラーで分別 スリム キャスター付 オープンタイプ 台座付 20リットル ブラウン ベージュ ホワイトグレー 3個セット 幅55.5×奥行き36.5×高さ50.5cm 蓋付き 日本製","604","85","","310","¥ 5,673","¥ 5,673","5","B0DT61LY1K","B0CX1RLQGD","61","36","25.4","4000"
"シャープ 空気清浄機 KC-S50W-W プラズマクラスター7000 23畳 10年フィルター 花粉 ウイルス ペット 消臭 リビング 加湿500mL","480","103","1000","1273","¥ 22,200","¥ 22,200","1","B0FHGN1TQV","B0G5X67PMV","88.5","63.1","48.3","8600"
"山善(YAMAZEN) 折りたたみ デスク チェアセット 机 (幅50×奥行48×高さ70cm) 椅子 (幅30×奥行30×高さ46cm) 完成品 アンティークブラウン/サンドブラック YST-SET(ABR/SBK) テレワーク","481","66","50","5180","¥ 5,990","¥ 5,990","1","B0BQBG726G","B0H5VX61SM","85","52","9","6640"
"ベーシックスタンダード ゴミ箱 20L 3個組 ホワイト 分別 スリム ダンボール ダストボックス 蓋なし 撥水加工 日本製 縦型 20Lごみ箱","483","87","","5465","¥ 5,159","¥ 5,159","1","B073WBP26L","B0GXVR4R7T","57","46","3","820"
"MAXZEN 炊飯器 4合 4.0合 二人暮らし マイコン 家族 ファミリー 早炊き 保温 予約 玄米 四合炊き シンプル キッチン家電 炊飯ジャー ホワイト ブラック MRC-TX401-WH マクスゼン","485","117","50","146","¥ 5,480","","3","B0DJCSLZJT","B0FQNY7QWC","38","28.2","26","3000"
"フェイスタオル 白 400枚 160匁 綿100％ 34×86cm 薄手 吸水速乾 ロング 業務用 温泉 サウナ ホテル","485","61","","690","¥ 39,800","","1","B0DNZC79ZG","B0DTP6QKCH","35","21","9","300"
"ラグマット カーペット 約2畳 おしゃれな北欧風シャギーラグ 全厚約5cm 洗えるラグ 極厚毛足約4cm ふわっとした手触り 防音絨毯 厚手じゅうたん 滑り止め付き オールシーズン快適に使用 長方形 ROCYJULIN（ダークグレー 160*200cm ）","555","96","200","1920","¥ 6,580","","1","B0C1SH8Z7V","B0DTTXYMLR","40.4","29.6","7.5","2430"
"ブラウン 電気シェーバー シリーズ9 SPORT 電動 髭剃り メンズ 9360cc 【Amazon.co.jp 限定】6in1アルコール洗浄システム付 シェーバーケース付 ブラック","492","101","2000","917","¥ 31,368","¥ 31,368","1","B0DSJB2627","B0H8BXC94Q","25.5","18.4","16","1360"
"【2本入り】 人感センサーライト 60cm 電球色 室内 LED バー ライト 充電式 3000mAh キャビネットライト 超薄型設計 手元灯 マグネット LEDライト 配線工事不要 省エネ 長寿命 高感度 高輝度 部屋 玄関 廊下 キッチン 棚","492","67","","211","¥ 7,120","","1","B0BKFKPHKJ","B09LV7CS53","62.4","5.6","5","760"
"ツインバード 掃除機 コード式 スティック ハンディ クリーナー 一人暮らし スティック掃除機 【吸引力を求める人に】ホワイト TC-E124SPW","496","106","900","2167","¥ 5,980","¥ 5,980","3","B09GTMV4LY","B0H7RKT4FV","58","16.5","14.1","2140"
"【2026改良モデル】Tillmulya うつ伏せ 枕 7in1多機能 クッション ゴロゴロ枕 うつ伏せ寝枕 理学療法士監修 セージグリーン","496","107","100","843","¥ 5,280","","2","B0GJRP71R5","B0HG8PBHVF","40.4","19.9","19.2","1300"
"COMFEE' オーブントースター レトロ トースト4枚焼き 黒遠赤ヒーター 1300W高火力 30分タイマー 焼きムラ抑え スライドオープンドア ス 杏色 レトロ CF-MC142-AY","498","81","","113","¥ 6,680","¥ 6,680","1","B0CS5RBNHF","B0H4KQ24PG","42","41","32","6400"
"HOMEXCEL グレーマイクロファイバークリーニングクロス150枚パック クリーニングクロス クリーニングタオル 11.5インチ×11.5インチ ショップタオル","434","59","","46","¥ 7,577","","1","B0DSC4888L","B0D6VQ52JZ","31.7","31.2","9.8","2409"
"サーモス 弁当箱 2段 大容量 フレッシュランチボックス 約1.8L ブラック DJF-1800 BK","502","94","","2046","¥ 12,800","","1","B077CVQFC9","B0DQ16XRKS","25.1","18.6","16.5","710"
"シャープ 加湿レス空気清浄機 FU-SC01-W プラズマクラスター7000 6畳 当社史上最少サイズ コンパクト 花粉 ウイルス ペット 消臭","504","120","1000","679","¥ 11,500","¥ 11,500","11","B0D86SSFFF","B0G5X389MQ","43","25","25","2590"
"COSORI コソリ ノンフライヤー 6L大容量 家庭用 エアフライヤー DCモーター 高速 最高温230℃ タイマー air fryer 発酵 揚げ物 ポテト 専用レシピ付き ブラック CAF-DC601","507","108","2000","801","¥ 17,580","","1","B0CTBN5D74","B0F4WKL7GV","45","36.7","36.3","6760"
"Antree LEDシーリングライト 16畳 60W 高輝度 7900lm 調光調色 豆電球常夜灯 led 照明 天井 おしゃれ 蛍光灯 2.4Gリモコン付き スマホAPP操作 天井対応 器具 16畳~18畳和室/洋室/寝室/玄関/リビング/キッチン適用（白枠）","546","62","","2","¥ 6,999","","1","B0FGJ3Q7XV","B0HF78XK7M","42.5","42.3","14.4","1280"
"フェローズ バンカーズボックス 705 白/黒 3個1セット 収納ボックス Lサイズ ふた式 1010101","527","68","50","2507","¥ 5,133","¥ 5,133","2","B077SK2949","B0FCY6HDQW","79.4","43","9","2940"
"ニトリ(NITORI) 電波 デジタル 掛け置き 兼用時計 001RN ホワイト NITORI 8172532","519","95","","575","¥ 6,051","¥ 6,051","1","B0D7C5GYFQ","B0DPHT6DDN","22.9","21.6","3.4","490"
"CAROTE カローテ フライパン セット 9点 IH·ガス火対応 PFOA PFOS フリー 鍋セット 取っ手のとれる 卵焼き器 マーブルコート スルスルすべる くっつくことがなく手入れ簡単 一年保証 黒 ブラック EWシリーズ","521","88","200","240","¥ 6,377","","1","B0D21Q63HP","B0DTNQ91NY","32.5","27.5","18","3490"
"VAKUEN プレミアム真空保存容器&全自動真空ポンプ,ミニ9個セット(真空ポンプ付き), 非真空保存の容器よりも最大5倍長く食品を新鮮に保存可能","523","97","1000","455","¥ 12,549","","1","B0F435J9N6","B0F6N1CZSK","29.2","28.7","16.3","2850"
"TTWO ゴミ袋ホルダー 蓋付き ゴミ箱 高さ調整 20L～90L袋対応 ゴミ袋スタンド 分別ゴミ箱 45L スリム (2点セット-ブラック)","524","96","200","1091","¥ 5,297","","1","B0DK1V3BVX","B0D2L1L85K","44.6","24.9","12.5","4950"
"【iF賞受賞・PSE認証】無痛脱毛 VIO対応 メンズ【次世代HIPL技術+サファイア冷却】最速0.5秒照射 100万発 5段階調節 手動/自動 静音","525","104","","454","¥ 6,628","","4","B0FP53D98V","B0HG7T5ZVJ","20.6","20.4","5.3","540"
"GTPlayer ゲーミングチェア オットマン付き デスクチェア オフィスチェア ゲームチェア 145°リクライニング ハイバック ヘッドレスト ひじ掛け ランバーサポート 蒸れない座面 PUレザー 気孔付き皮革 テレワーク 椅子 パソコンチェア イス gaming chair 电竞椅 ホワイト PL800-WHITE","528","123","400","15256","¥ 11,300","","1","B09X63KF6C","B0G19JBD22","82","55.3","21.5","18800"
"Dyson V8 Fluffy コードレススティック掃除機","530","5","","2082","¥ 41,800","¥ 41,800","1","B0HDC93GYY","B0H24TFV48","73.9","27.1","15.4","4400"
"ZWILLING ツヴィリング 「 フレッシュ & セーブ 真空パック機 本体 」真空 ポンプ 保存 (日本正規販売品)Fresh Save 36801-000","531","88","300","313","¥ 6,782","¥ 6,782","3","B08X1F5L3M","B0FHZSR837","20","9.1","8.9","500"
"[山善] スチームアイロン コードレス 霧吹き機能 スチームショット 軽量 コンパクト 温度調節 スチーム機能3種類 セラミックコート 収納ケース付き ZBC-CL121(V)","535","87","","15","¥ 5,180","¥ 5,533","8","B098NFPJWL","B0DQLDVN2C","28.8","21.6","16.9","1530"
"COMFEE' 扇風機 DCモーター リビング 静音 リモコン付き 左右自動首振り 上下角度調節 風量9段階調節 1~7h タイマー機能 強力送風 省エネ 小型 コンパクト 洗える 7枚羽根 軽量 ベージュ色","537","79","200","256","¥ 5,280","¥ 5,280","1","B0DZCRB8RB","B0H296D7WC","60.6","37.6","20.1","3710"
"JON TORUDO 指圧マット スパイクマット トゲトゲマット 枕・収納ケース付 洗える綿カバー セルフケア (プロ ピンクベージュ)","541","8","","","¥ 5,980","","1","B0HC3XK93R","B0HC1ZNTV4","44.7","23.6","19.5","1220"
"アイリスオーヤマ コードレス掃除機 軽量1.3kg サイクロン式 スタンダードシリーズ【壁際のゴミも取り逃さない】【Amazon.co.jp限定】","563","123","1000","342","¥ 11,800","¥ 11,800","1","B0FJXBZW45","B0GY3RCQB3","58","23","17.5","2620"
"HARIO(ハリオ) モバイル ミル スティック ブラック コーヒーミル 電動 アシスト プレゼント ギフト 贈り物 EMS-1B","565","129","","349","¥ 8,700","","11","B088M3JRPK","B0CJX7FYX1","21.5","20.5","6.7","580"
"オムロン 体重 体組成計 カラダスキャン ホワイト KRD-503T-W スマホ連動 データ自動転送 自動認識 乗るだけで測定開始 内臓脂肪レベル 体脂肪率 BMI 骨格筋率","567","100","600","230","¥ 9,080","¥ 9,080","3","B0DDQ63CZZ","B0DK3HKN89","36.2","29.3","4.8","2000"
"因幡電工 エアコン用シールパテ 20個 1000g グレー AP-1000-G (20)","570","63","","","¥ 21,640","¥ 21,640","1","B00ZWRZICQ","B0779SX6S5","43.6","19.3","17.8","20750"
"【整備済み品】日立 炊飯器 5.5合 圧力&スチームIH ふっくら御膳 RZ-V100JM W フロストホワイト 大火力 沸騰鉄釜 蒸気カット","614","3","","","¥ 27,500","","","B0GVQVYFTY","","38.5","29.8","28.4","6310"
"ドウシシャ 棚 ルミナス互換 メタルルミナスラック 幅120 5段 スチールラック 収納棚 幅120×奥行46×高さ180cm 全体耐荷重400kg頑丈 キャスター付き 防錆加工 ポール径25mmパーツ対応 業務用 シェルフ キッチン収納EL25-12185","573","113","900","5789","¥ 10,700","¥ 10,700","3","B007NBYB4A","B0H28CB2CD","123","48","21","19600"
"クリンスイ 浄水器 ポット型 交換カートリッジ 【オンライン限定 メーカー純正品 日本製】 アルカリシリーズ (CPC7×3個入り) 増量パック CPC7Z-AZ PFOS/PFOA 有機フッ素化合物 除去","574","96","200","253","¥ 5,780","¥ 5,780","1","B0DK69X1SW","B0DKN1N6YR","15.7","15.5","5.4","390"
"【ラジオで紹介★全世界で使える】スリーアール ケトル タビケトル 電気 キャンプ 折りたたみケトル 600ml 1.5m 海外対応 電気 収納袋付き アウトドア 折りたたみ ダブル保温 携帯 持ち運び 車中泊 プレゼント 3R-TKL01","576","101","2000","197","¥ 5,480","","2","B0DB89JSGP","B0FL1X8KZD","18.7","14.3","11.6","810"
"コードレス掃除機 45000pa超強力吸引 サイクロン 50分連続稼働 2段階の吸引力 スティッククリーナー ハンディクリーナー 多機能 多種類ノズル 左右360°上下90°回転 軽量 低騒音 HEPAフィルター 多重濾過 フローリング/畳/ソファー/車用","578","93","2000","149","¥ 5,999","","2","B0GZV78MBM","B0H8SR65W6","36.8","21.8","16.6","1780"
"【 OXICLEAN ロゴ入り】オキシクリーン 漬けおきバッグ 3個セット 酸素系漂白剤 専用 つけ置き洗い 袋 日本製","602","67","","3","¥ 5,346","","1","B0DWZVB6P5","B0F3NSS1ZD","47.3","15.5","1.6","109"
"Amazonベーシック ゴミ箱 40L(40リットル) ソフトクローズ 静音 ふた付き ペダル付き スチール製 つや消しステンレス おしゃれ 長方形","584","95","200","97561","¥ 7,616","¥ 7,616","1","B07PCXZ4C5","B0CD3WW33G","75.6","43","38.2","8300"
"クリタック ロカシャワーMX1 取替用ろ材1個付き ホワイト 蛇口に取り付け 1年使える 塩素除去 節水効果も 040028","584","84","","22","¥ 11,781","¥ 11,781","1","B0DNSL352F","B0DNSQVRBM","15","11.5","7.8","330"
"掃除機 コードレス 【2026 430KPa超強力吸引 60分連続稼働】 Dolado コードレス掃除機","587","89","1000","101","¥ 9,980","","6","B0GWQXHNG1","B0HFTJLZPG","44","34","17","3000"
"ストリックスデザイン ストッキング 水切りネット 深型 三角コーナー 兼用 抗菌 1000枚 (100枚×10個セット) 約32×33cm ぐーん! と伸びて取り付け簡単 排水口 排水溝 ネット 大容量 SA-092","587","73","","2273","¥ 6,450","¥ 6,450","1","B0DBLBRP3H","B0DRGSXGST","53","24","15","870"
"伊勢藤(ISETO) 折りたためるつけ置き洗いバケツNEO グレー 16L 幅46.7×奥行33.4×高さ8.2~20.7cm 洗濯板・フタ・吊り下げフック付 日本製 耐熱100℃ 漂白剤対応 大容量 コンパクト収納 上靴洗い I-647","589","87","50","1065","¥ 5,331","¥ 5,331","1","B0FX4PKT4T","B0G4B1BQNS","47.8","34.3","9.8","1230"
"「Hoshiakari」 Led シーリングライト 14畳～16畳 60W 高輝度 8000lm 薄型 12段階調光調色 タイマー・メモリー機能 常夜灯 照明器具 Ledライト 取付け簡単 低い天井対応 器具一体型 リビング/寝室/書斎/台所/オフィスに適用 5年保証","599","79","50","2","¥ 6,999","","1","B0G52L7W3Q","B0GTQ3FCKR","51","51","11","1400"
"アイリスオーヤマ ヨーグルトメーカー 甘酒メーカー 飲むヨーグルトモード レシピブック付き メーカー保証付き 温度調節機能 付き IYM-013","602","116","","8100","¥ 6,145","","7","B0782191P1","B0CT8M6PMW","30.6","26.8","17.4","1310"
"やなぎプロダクツ 割り箸 竹 双生 24cm 3000膳 (100膳×30セット) 節付き 業務用 割箸 P-422-3000","692","48","","","¥ 18,800","¥ 18,800","1","B0GZMGHKWB","B0GZBBBYSH","52.5","43","25.6","24100"
"今治タオル フェイスタオル 今治 高級 綿 100% 4枚 セット 超 厚手 プレミアム ホワイト 白 ふわふわ 日本製 ギフト ホテルタオル","606","100","100","176","¥ 5,099","","1","B0BLYTPSKK","B0CK6LPXDP","27.9","17.6","10.6","540"
"BRUNO ブルーノ マルチスティックブレンダー2 離乳食 1台5役 (混ぜる つぶす 刻む 砕く 泡立てる) グレー ギフト プレゼント お祝い 人気 キッチン家電 ミキサー フードミキサー フードプロセッサー 氷も砕ける 泡立て 泡立て器 洗いやすい おしゃれ かわいい 刻む 氷対応 初心者 つぶす アタッチメント 5役 BOE140-GY","607","115","100","123","¥ 7,000","¥ 7,000","1","B0F15R27BC","B0DJFHDP31","24.8","22.5","14.4","1310"
"リンナイ ガステーブル ガスコンロ プロパンガスLPG用 幅約56cm 片面焼きグリル 右強火力 KG35NBKR/LP ブラック","608","108","400","613","¥ 18,980","¥ 19,000","14","B09LM1DYQQ","B0GQSGW1G9","60.4","49.7","25.9","8530"
"Bestome カーペット ラグ マット 200×250CM 滑り止め付 洗えるラグ 抗菌 ふわっとした手触り 防音絨毯 長方形 約3畳 ダークグレー","612","80","50","245","¥ 7,106","","1","B0F8HFBLBT","B0FCRSTB69","39","33","12.1","3650"
"クモリ(Kumori) 完全遮光 カーテン 遮光率100% 断熱 形状記憶 UVカット 幅150cm×丈135cm 4枚セット ダークグレー","752","59","","69","¥ 5,280","¥ 5,280","1","B0GJZ6YZWT","B0GSYNJSDM","37","26","14.5","2440"
"天馬 チェスト 完成品 フィッツチェスト 5段 タンス 幅75×奥行41×高さ105cm 収納ケース 衣装ケース ホワイト 7505","614","90","200","2356","¥ 20,807","¥ 20,807","4","B0FN6NKRCR","B0FS68T32Q","105","75","41","21000"
"クリンスイ 浄水器 蛇口直結型 【オンライン限定 メーカー純正品 日本製】 MONOシリーズ 液晶機能付き&LEDランプ カートリッジ1個付き MD311-WT PFOS/PFOA 有機フッ素化合物 除去","618","76","100","387","¥ 5,980","¥ 5,980","1","B0BYHG75WG","B0H7BD6MH8","16.9","14.2","9.2","360"
"ストリックスデザイン 使い捨て スプーン 個包装 業務用 3000本 (100本×30個セット) 16cm 白 すくいやすく口当たりもなめらか プラスチック SG-052","619","79","","383","¥ 20,900","¥ 20,900","1","B0DBLJHHZH","B0DTHVXNM2","56.2","50.5","29.4","14490"
"パール金属 取っ手の取れる 鍋 フライパン 5点セット IH対応 ブルーダイヤモンドコート (鍋1 フライパン2 ガラス蓋1 取っ手1) ルクスパン HB-2444","620","67","","47","¥ 5,800","¥ 6,624","17","B01IVKUD6G","B0GPVVDT5B","29.5","28.9","12.1","2174"
"hiorie(ヒオリエ) 大判バスタオル 泉州タオル 日本製 3枚セット 綿100% 業務用タオル ブルー","621","38","","5862","¥ 5,290","","1","B0D1V163PW","B0C73DYRQ5","37.2","25.9","12.2","1090"
"【公式ストア限定】リファファインバブル U/ReFa FINE BUBBLE U ホワイト ショッパー付き","632","105","500","889","¥ 30,000","","1","B0CVMQ652R","B0G4VKZ91J","34.2","28.4","14.4","1130"
"アイメディア(Aimedia) 魚焼き グリルパン フライパンセット 3点 専用ハンドル・蓋付 IH対応 取っ手が取れる 食洗機対応 焦げ付きにくい","636","95","","58","¥ 6,249","¥ 6,249","4","B0D3LGXSNQ","B0BF5W5DV7","34.4","31.2","9.5","1760"
"レゴ(LEGO) レゴアート 葛飾北斎 ＜富嶽三十六景 神奈川沖浪裏＞ 31208 おもちゃ 男性 女性","638","123","200","6848","¥ 15,800","¥ 15,880","14","B0BBRY1XKD","B0FVFJ8D7X","48","37.6","11.3","2660"
"アイリスオーヤマ 折りたたみステップ 脚立 踏み台 3段 チャコール 幅40×奥行60×高さ79(使用時) お部屋に馴染むニュアンスカラー お子様も安心のストッパー付き 安全確保 広い踏み台面積 座れるフレーム形状 隙間にスッキリ収納 OSU-3R","699","76","","3445","¥ 6,010","","11","B0CTS5KHTN","B0CTTC7TBH","110","39.2","5","5500"
"鼻毛カッター メンズ 眉毛シェーバー【1台多役/usb-c 充電式】はな毛カッター 鼻毛切り 耳毛カッター はなげカッター エチケットカッター 男性 耳げカッター 眉毛カッター まゆけシェーバー 眉そり 眉ソリ はねげカッター 電動まゆそり ノーズトリマー 巧り 処理 産毛 顔そり 水洗い可","601","60","","5891","¥ 6,418","","1","B0DG5NM9MP","B0HFLGPBDF","17.1","7.9","3.9","168"
"【米屋のつくる炊飯器】アイリスオーヤマ マイコンジャー炊飯器 5.5合 極厚火釜 一人暮らし RC-BMA50-B","649","122","400","512","¥ 6,980","¥ 6,980","6","B0DTP9N329","B0H7VYGCRT","39.5","30.1","28.4","4300"
"セルタン 補充用ビーズ 3mm 2kg 補充用 ノズル付き 詰め替え こぼれにくい 発泡ポリスチレンビーズ マイクロビーズ パウダービーズ 日本製 A1895a-a-tank","650","95","100","322","¥ 5,651","¥ 6,999","3","B0F8MQQN93","B0F8Q1K6B4","50","50","40","3000"
"【日本製】エアーウィングPRO AW7-021-06 (4台セット) エアコン風除け 結露防止マット付・直撃風カット 温度ムラ解消 工具不要取付で冷え対策＆省エネ 家庭/オフィス/店舗用","668","75","200","1114","¥ 8,220","","1","B07TDQH6WD","B0CQ1SCC8W","54.8","25.3","17.6","1600"
"【累計20万本出荷】PREMM シャンプーディスペンサー マグネット シャンプーボトル 壁掛け (ダブル 550ml x 2, ホワイト)","673","79","50","2974","¥ 5,200","","1","B0C33WHKNQ","B0F1RF4LD2","26.3","15.5","11.2","1200"
"[山善] ハンドブレンダー コードレス 充電式 つぶす/混ぜる 軽量 離乳食 スムージー ハンドミキサー ブレンダー MHBC-DC74(GM)","680","94","50","16","¥ 5,980","¥ 5,980","4","B0G2S1J77C","B0G43N9J41","23.5","12.2","11.9","780"
"パナソニック 日本製 LEDシーリングライト 調光・調色タイプ ~8畳 4299lm リモコン付 HH-CF0820AZ 【Amazon.co.jp限定】","684","101","500","1847","¥ 10,430","¥ 10,430","1","B08HYWMNKK","B0CXWY7MQ8","50","50","15","1900"
"マットレス 折り畳み シングル【取っ手付き 高密度36D】厚さ10cm 高反発 折りたたみマットレス 腰の負担を軽減 硬め190N 三つ折り 敷布団 体圧分散 様々なシーンで活躍 来客用布団 ごろ寝座布団 ソファーベッド 敷き布団 抗菌 防臭 通気性 洗えるカバー ブラック","685","123","1000","897","¥ 6,626","","3","B0FHHFSB2M","B0HGGTVR5G","56.5","36.1","33.2","6470"
"【VIGOR】Novilla マットレス セミダブル やや硬め 厚さ20cm 独自開発！高圧縮コイル493個 硬さ180N 高反発マットレス 32D高密度 体圧分散 通気 吸湿 ベッドマットレス 寝返りサポート 高級スプリング mattress 静音 底付き感無し 高耐久性 並行配列 圧縮梱包 ホワイト 120×195×20cm","690","108","200","969","¥ 9,599","¥ 9,599","2","B0DP4T87CH","B0GL8KRRRK","127","25","25","15320"
"東レ トレビーノ 浄水器 蛇口 直結型 (高除去/30％節水) 日本製 PFOS/PFOA 有機フッ素化合物 除去 MK207X カセッティシリーズ カートリッジ計1個入り","695","97","50","224","¥ 7,282","¥ 7,282","1","B0BNZZ6QFT","B0GQ9L3M94","17","14","7.5","440"
"ニトリ(NITORI) カラーボックス 組立簡単 工具不要のNクリックボックス ワイド3段 ホワイトウォッシュ 8791505","696","67","","73","¥ 8,071","¥ 8,071","1","B0BXXJCHRT","B0F7XSZCJF","132","31.5","8.5","17190"
"[deoway] エプロン 首掛け レディース メンズ 防水 テフロン加工 ポケット付き 長さ調節 飲食店 作業用 (10枚セット)","702","102","50","546","¥ 5,690","","1","B0DM1VHTF1","B0DDX84NM4","36.8","33.5","8.5","1010"
"ストリックスデザイン 紙皿 スクエアペーパープレート 2400枚 (50枚 ×48セット)〔ケース販売〕 ホワイト 18×18cm 使い捨て 食器 角皿 環境に優しい エコ アウトドア SD-708","709","86","","127","¥ 38,190","¥ 38,190","1","B0CWGSNSB7","B0GVMVJ2CT","57","39","36.5","19200"
"ECOVACS(エコバックス) DEEBOT T50S OMNI 全自動 ロボット掃除機 25000Pa強力吸引 電動デュアルモップ 水拭き 両用","712","103","200","841","¥ 54,799","","1","B0GKYMNQ86","B0HD9QL51J","59.7","40.6","38.7","15190"
"アイリスオーヤマ(IRIS) チェスト ホワイト/クリア 幅39×奥行50×高さ29.7cm BC-LD 12個セット","737","49","","77","¥ 25,840","","3","B07KKNSWNB","B0D6XMF1DL","355.2","203.6","159.6","29600"
"【WBC世界チャンピオン井崎英典氏推奨】エペイオス(Epeios) 電気ケトル コーヒー 細口ドリップ 1℃温度調節 0.9L 1040W ブラック","717","113","1000","673","¥ 7,630","","1","B0DNQSX4QN","B0DR1H6QZG","31.7","22.6","19.6","1190"
"ドウシシャ ルミナス ラック スチールラックパーツ L型 補強バー ワイヤーバー ポール径25mm 幅152×高さ4cm WBL-150SL2 スリーブ付き 脚グラつき防止 落下防止柵 物掛けフレーム フック 追加 業務用 頑丈 DIY 奥行150cmモデル","763","25","","73","¥ 7,019","¥ 7,019","3","B0CF4CQTC1","B0HBPJZ6F3","153","6","4","1700"
"東洋佐々木ガラス グラス 薄氷 うすらい タンブラー 315ml 60個入 HSハードストロング HSプラチナ 全面イオン強化グラス 高い耐久性 安全重視設計 傷がつきにくい 食洗器対応 日本製 業務用 B-21110CS","726","44","","1900","¥ 40,577","¥ 40,584","2","B07966BH3B","B0F1T2WWM6","46.5","38.5","27","9970"
"[山善] 除湿機 衣類乾燥 除湿器 コンプレッサー式 小型 強力除湿 除湿量 3.8L 切タイマー おやすみ運転 ホワイト YDC-J03(W)","728","94","2000","591","¥ 10,980","¥ 10,980","2","B0DXPG7LFN","B0H85YQFLC","38.1","28.3","23.1","7300"
"谷口金属 和の職人 合金標準バット 5号セット 袋入り (バット５号4枚・網１枚・シール蓋3枚)","617","55","","","¥ 5,407","¥ 5,407","1","B0FTDQLZS8","B0G5XLYM7Y","25","19","7","839"
"Hoshiakari LEDシーリングライト 14畳 60W 7000lm 高輝度 調光調色 12段階 タイマー メモリー 常夜灯 赤外線リモコン 5年保証","850","94","50","18","¥ 5,999","","1","B0G52KNX52","B0H6P5KBLJ","41.9","41.5","14","1110"
"アデリア(ADERIA) 【 つよいこグラス S かくれんぼ うさぎ 130ml キッズデザイン賞受賞 30個セット 日本製 6086 】 クリア","731","76","","","¥ 29,700","¥ 29,700","1","B09MRQDW9K","B0FRMSH4ZY","40","34.2","10.5","4500"
"Keusnix 三つ折りマットレス セミシングル 極厚10cm 硬さ190N 高反発マットレス ベッドマット 80×180×10cm グレー","733","62","50","323","¥ 5,083","","1","B0FXDM12ZZ","B0HBWRCCQ6","44","32","30.5","2000"
"腰枕 クッション Hoxhyon USB充電式 腰・背中・首・肩・太もも・ふくらはぎ 一台多役 寝ながら使える ピロー コードレス 双方向回転 3段階強度調節 温熱機能 静音 タイマー付き 誕生日 母の日 父の日 記念日 新年 プレゼント 家庭用 職場用 車用 男女兼用","738","105","900","592","¥ 5,681","","5","B0FDGP192T","B0GZLCHHXV","38.1","25.8","14.3","1510"
"フリーリー カーペット ラグ 滑り止め付 選べる28 200×300cm 軽量設計 超高密度マイクロファイバー生地使用 丸洗いOK オールシーズン快適に使用 リーフ・ベージュ","805","29","","8846","¥ 5,480","","1","B08TG98CV7","B0D8VSM7T8","46.6","31.8","22.8","2680"
"パナソニック ラムダッシュPRO 電気シェーバー 5枚刃 【Amazon.co.jp限定】 お風呂剃り可 黒 ES-NLV5X-K","741","131","800","269","¥ 20,250","¥ 20,250","1","B0FGHXK5T4","B0GHVBYSDK","20.3","14.8","7.2","540"
"イワタニ Iwatani 岩谷 炉ばた焼器 炙りや 炙りや2 カセットコンロ 炉端焼き 焼鳥 串焼き 網焼き 海鮮焼き アウトドア バーベキュー 日本製 CB-ABR-2","745","124","2000","2466","¥ 6,400","","33","B099JRRP59","B0FGHFJJJY","42","22.5","14.5","2670"
"【大容量・挽きたて1杯で上質な時間を】 Delimo 電動コーヒーミル コードレス 臼式 ステンレス臼 USB 充電式 水洗い可能 コーヒーグラインダー コニカル式 電動ミル 【エスプレッソ対応】【60段階粒度調整】【メーカー一年保証付】","746","101","100","68","¥ 13,999","","1","B0GK1NRNM1","B0FJQS6P12","37","29.9","15.7","2210"
"低温調理器 低温調理機 1100W ハイパワー IPX7 防水 低温調理器具 24 時間予約機能 タイマー温度設定","748","63","1000","2882","¥ 7,980","","3","B0D12C181W","B0HDQCD8Z7","42.2","15.3","11.7","1420"
"THE GIFT PREMIUM カタログギフト 結婚祝い 内祝い ギフト プレゼント（S-BOOコース）20800円コース","749","78","100","1091","¥ 15,135","","1","B0752QXY29","B0FSQTNSL8","27.3","19.7","3.1","500"
"VK Living ラグ カーペット 洗える 滑り止め付き オールシーズン対応 絨毯 200×300cm(約4.5畳) ダークグレー","749","56","","10544","¥ 5,699","","1","B0GDXRWP68","B0GDFLY6F4","43","29","26","2600"
"【Amazon.co.jp限定】TOSHIBA(東芝) トースター オーブントースター 2枚焼き HTR-WZ5(W)","762","63","100","27","¥ 7,182","¥ 7,182","1","B0GYS5XXVF","B0H6ZWQW9V","37.5","33.8","27","3950"
"Yete（エイティー） 脱毛器 家庭用脱毛器 IPL光脱毛器 レディー脱毛器 冷感脱毛無限照射回数 5段階照射 男女兼用 全身ムダ毛処理 PSE安全認証済み 祝日 母の日 誕生日 (クリーム)","768","115","1000","293","¥ 17,884","","3","B09VK7Q9FS","B0HFXB32C9","28","21.8","14.7","2060"
"クモリ(Kumori) ダイニングマット PVC 180X240cm 床保護マット デスクマット 透明 凹み防止 キズや汚れに強い 抗菌 防カビ","769","83","50","551","¥ 7,779","¥ 7,779","1","B0CWR262RT","B0D22P8N7R","181","9","9","8100"
"ハグモッチ® 正規品 抱き枕 ふわもち 妊婦 【カバータイプ：ベロア】 安眠 枕 【寝姿勢を保つ/体圧分散】 クッション 大きい プレゼント 【カバー洗える/補充綿付き】エレガントグレー","771","104","400","979","¥ 8,888","","1","B0CK4JB8B9","B0DSBW6MXV","37.2","29","12.9","3800"
"スリーアップ ヒート&クール 温冷 サーキュレーター 温風機能 左右自動首振り 衣類乾燥機能付 ホワイト 【メーカー保証1年】HC-AZ0694WH","1182","94","300","110","¥ 10,780","¥ 10,780","1","B0CXDHXWJS","B0GXP5D8N6","51.7","35.6","26.5","3700"
"OMRON スポットアーム 上腕式 血圧計 HEM-1000","785","118","1000","4915","¥ 11,210","¥ 15,533","18","B0002QYRWY","","23","22.8","21.7","1600"
"パナソニック 整水器カートリッジ アルカリイオン整水器用 1個 TK-AS30C1","785","122","1000","2668","¥ 5,655","¥ 5,655","19","B07B35TQ75","B0HBNZ6H3T","15.9","7.7","7.7","320"
"TOSHIBA(東芝) キャニスター掃除機 サイクロン コード式 軽量コンパクト トルネオミニ VC-C7(R)","786","145","1000","2741","¥ 18,995","¥ 18,995","20","B07M7V61GS","B0BR3YWMCF","54","33","24.5","4000"
"TOSHIBA(東芝) 温水洗浄便座 貯湯式 温度調節3段階 ノズル自動洗浄 オート脱臭 クリーンウォッシュ 簡単設置 SCS-T162(W)","792","113","2000","1002","¥ 17,980","¥ 17,980","11","B0F18D9PCG","","59.1","52.4","21.2","6390"
"【セット買い】Iwatani イワタニ 岩谷 たこ焼器 スーパー炎たこII マットブラック CB-ETK-2 + カセットガス CB缶 3P セット","794","94","50","","¥ 8,290","","1","B0H257322K","B0H2XJSXNN","35.9","23.6","13.9","2400"
"カリタ Kalita コーヒーミル 木製 アルミカッター クラシックミルBR ブラウン 粗さ調整可能 手挽きコーヒーミル #42005 ミル グラインダー ハンドミル 手動 コーヒー初心者 小型 持ち運び 登山 カフェ インテリア レトロ 昭和 北欧 おしゃれ キャンプ アウトドア 喫茶店 アンティーク 結婚 祝い プレゼント 誕生日 女性 男性 還暦 退職 記念日 ギフト 贈り物 敬老","795","105","50","10","¥ 6,089","¥ 6,089","3","B0CV9BS4M8","B0GTXC73RQ","22.4","14.9","14.2","1370"
"クモリ(Kumori) 毛布 クイーン ポコポコ ブランケット 2枚合わせ ラビットファー ふわとろ モコモコ とろける肌触り ぬくもりキープ【TV&SNSで話題沸騰】秋冬用 暖かい 厚手 ボリューム感 トスカ泡絨 洗濯可 静電気防止 冷え対策 もうふ 220*200cm ベージュ","874","81","","381","¥ 6,280","¥ 6,280","1","B0FBG6T9FV","B0GXKDW2ZV","30","20","10","4000"
"ストリックスデザイン 袋入り 曲がる ロングストロー 800本 (20本×40個セット) ストライプ ピンク 25cm 直径6mm 個包装 フレキシブル 500mlペットボトル対応 1L紙パック対応 MA-555","796","84","","1036","¥ 6,090","¥ 6,090","1","B078HT22M4","B0DRYKF1SC","41.7","28.2","11.6","940"
"AZMKOO 収納ボックス 折り畳み 蓋付き 5面開閉 コンテナ ボックス 衣装ケース 収納ケース 押し入れ 収納(XL,5個セット,ホワイト)","798","90","50","1698","¥ 12,157","","2","B0F472ZY2R","B0HBPMKDZ9","63","45","43","10000"
"オムロン 低周波治療器 HV-F022-JAZ3 ホワイト","801","120","1000","403","¥ 6,480","¥ 6,480","1","B0D9NR7Y17","","13.7","10","5","205"
"【3個セット】アイリスオーヤマ 収納ボックス 収納ケース 68L RVBOX 屋外収納 コンテナ アウトドア 幅90×奥行40×高さ28cm RV900D チャコールグレー","803","82","","730","¥ 13,910","","4","B0DDPNWNGV","B0DP48K543","90","84","40","28800"
"ドウシシャ サーキュライト ソケットシリーズ E26モデル 人感センサー機能付き 調色 60W相当 風量3段階 リモコン付き ホワイト","806","98","300","345","¥ 6,550","¥ 6,618","5","B09YGGVZJ8","B0H4Z39WHB","23","19.6","10.7","530"
"COMFEE' 電気ポット 電動お湯ポット 2.2L マイコン 保温温度調整 安全ロック 湯量選択 機能 省エネ インディゴグレー","809","103","400","322","¥ 5,990","¥ 5,990","1","B0DY1J9L7T","B0H2XCCG29","36","31.5","25.2","2690"
"SwitchBot カーテン 第3世代 自動開閉 スイッチボット - U型角型レール対応 アレクサ対応 遠隔操作 取付簡単 静音 スマートホーム","816","115","1000","1994","¥ 7,765","¥ 7,765","1","B0CB82V17R","B0D6B9RHC8","24.6","11.8","5.9","510"
"【ダニ対策】 アイリスオーヤマ(IRIS OHYAMA) 布団クリーナー ホワイト ダニ対策 たたきヘッド 約6,000回/分 温風機能 フィルター付 IC-FAC2","818","128","800","4477","¥ 7,480","¥ 7,480","7","B07H4MYMP9","B0H8RM3K2K","47.5","29.1","18.8","2120"
"アイリスオーヤマ カセットコンロ アルミニウム アッシュネイビー アウトドア キャンプ 防災対策 卓上コンロ 鍋 すき焼き 焼肉 ホームパーティー IGC-E1-ANV (× 3)","820","7","","214","¥ 9,162","¥ 9,162","","B0HF7MKBKB","B0GL22TYK5","33.9","28.1","9.2","4290"
"【通販限定2個セット】天馬 収納ボックス フィッツケースマルチ キッチン ランドリー収納 幅40×奥行40×高さ20cm 収納ケース 40-40S","821","85","50","178","¥ 5,980","¥ 7,558","6","B0F8V2PFP5","B0FC26DCM2","42","41.5","41.5","4270"
"Major In Life ベッド 宮付き ベッドフレーム シングルベッド 木製 すのこ グレー セミダブル","828","98","200","1204","¥ 13,700","","1","B0DP298Y5Z","B0CZ92LP33","122","38","15","25000"
"クリンスイ 浄水器 蛇口直結型 CSPシリーズ 交換カートリッジ 2個入り HGC9SW","831","116","300","3058","¥ 5,464","¥ 5,464","19","B00200L8Q8","B0CQ4VWDT5","12","10.3","6.1","280"
"GOKUMIN マットレス シングル 高反発マットレスformen トッパー 敷布団 硬め コンパクト 折り畳み 折りたたみマットレス","838","99","500","11757","¥ 12,918","","1","B07PZ4KK1L","B0D8SQKXLP","52","28.2","28.2","5000"
"除湿機 小型【2026梅雨対策・強力除湿・省エネ】衣類乾燥除湿機 除湿器 ダブルぺルチェ式 強力 じょしつき 24時間切タイマー 湿気&梅雨対策","839","95","600","1269","¥ 5,979","","5","B0DZ1T51KS","","28.4","17.7","13.9","1360"
"AYO 枕 まくら ホテル仕様 首が痛くならない 人気 pillow 安眠枕 綿100% 高反発枕 43 63 横向き寝 洗える 立体構造 プレゼント 長さ63cm*幅43cm*高さ20cm 2個セット","840","85","","15928","¥ 6,350","¥ 6,350","1","B08BF8VZBJ","B0FDWVRYNK","40.5","25.2","15.7","2630"
"Antree LED シーリングライト 20畳 80W 10400lm 赤外線リモコン操作 調光調色 豆電球常夜灯 おしゃれ 天井照明器具","840","72","","11","¥ 9,449","","1","B0CPP9VD7V","B0H2CH4ZZM","62","62","12.5","3200"
"高野霊香 線香 お香 特選白檀 オリジナル白檀の香り サンダルウッド sandalwood 高野山大師堂 日本国内製造 (約1120本入)","842","80","200","2198","¥ 5,700","","1","B089KDYNT3","B0FX28HQ29","21.9","17","8.7","530"
"ドウシシャ ルミナス ノワール ラック 5段 幅110 奥行40 キャスター付き スチールラック 黒 ブラック 収納棚 おしゃれ キッチンラック サビに強い 組立簡単 幅111×奥行41×高178.5cm（キャスター込） ポール径25mm 耐荷重80kg NO1118-5","852","97","100","944","¥ 12,812","¥ 12,812","7","B07H9VG9JG","B0H6HPLNFM","113","43","21","17800"
"オムロン パルスオキシメータ HPO-104","855","112","1000","133","¥ 7,480","¥ 7,480","2","B0FD344LPK","","9.6","6.4","5.1","102"
"RELX 【AbemaTVで紹介】 EMS ヘッドスパ IPX7防水【頭皮毛髪アドバイザー監修】美容家電 頭皮ブラシ 頭皮ケア スカルプケア","856","117","400","3597","¥ 8,490","","1","B0B5RJ6XQ1","B0HFWYKRK4","15.3","11.6","10.4","540"
"JEJアステージ 収納チェスト シーズワイド 4段 クリア 日本製 簡単組み立て 幅40×奥行54×高さ83.5cm","865","94","50","3705","¥ 5,200","¥ 5,331","5","B00Y4LVBOA","B0DR2W6X5T","55.2","49.7","41.7","5600"
"ぞうきん 720枚 綿100％ タオル生地 吸水 業務用 家庭用 学校 幼稚園 保育園 大掃除 白 ネームなし","870","67","","","¥ 36,800","","1","B0G1X2Z9YW","B0DYDFNPCJ","30","20","3","200"
"HARIO(ハリオ) フタがガラスのご飯釜 2~3合 中身が見える 耐熱ガラス ギフト プレゼント 日本製 GNR-200-B-W","873","112","600","797","¥ 7,040","¥ 7,182","32","B0CVS84D8Q","B0GWCRVZBX","25.6","25.5","15.6","2860"
"象印 水筒 480ml 【進化した象印の定番マグ】 食洗機対応 シームレスせん 洗う点数2点のみ コンパクト 保温・保冷 スクリュー アイシーパープル SU-AA48-VM (× 3)","875","5","","591","¥ 7,854","","","B0HF7N9NWP","B0F3HK6BXV","21.1","7.4","7.3","840"
"サンナップ ホワイトカップ 205ml 7オンス 100個入×25個セット C20100A-K","878","76","","2113","¥ 21,010","¥ 21,010","1","B0B8H6MC6D","B00RB0NGOO","60","45","45","13000"
"ドウシシャ メタルルミナスラック キャスター付き スチールラック幅75 5段 EL19-15755 軽量で組立簡単工具いらず 幅74.5×奥行き34.5×高さ155.0cm 棚板耐荷重80kg 全体耐荷重400kg 頑丈 防錆加工 ポール径19mmパーツ対応 キッチンラック 隙間収納","887","111","200","1990","¥ 5,835","¥ 5,835","3","B002IBZN1A","B0H1BZT8B1","77.6","39","18.8","11180"
"無印良品 ポリプロピレンクローゼットケース 大 幅44×奥行55×高さ30cm 2個セット 84835490 衣装ケース 収納ケース 収納ボックス","900","72","100","49","¥ 5,181","¥ 5,181","1","B0DJFBLXVR","B0DTK1B96Q","62.5","57","46","7620"
"ドウシシャ ルミナス互換 4段 幅75 スリムスチールラック 棚 収納 ベージュ 全体耐荷重260kg 幅74.5cm×奥行29.5cm×高さ121cm M1275304BE 頑丈 ワイヤーシェルフ 奥行30 ポール径19mm パーツ対応 キッチン ランドリー","911","55","","135","¥ 5,669","¥ 5,669","2","B0GPW7FKDJ","B0GFHGVF2Z","75.5","31.5","15","5850"
"【最高級ｘ深い眠りサポート】夏用 冷感キルトケット 接触冷感 リバーシブル 吸湿通気 洗える 薄手 軽量 春夏秋用 (深眠冷感・ダブル)","901","63","600","516","¥ 6,640","","3","B0GSFNCFMK","B0HGBM4C2L","40.4","19.6","19.3","2000"
"【拭くだけ】ダイニングマット 透明 240×180cm クリア 1.5mm厚 拭ける PVCマット 床暖房対応 お手入れ簡単 キッチマット ソフト エンボス加工 カットできる サラっとした手触り 清潔 ハードフロア/畳/フローリング対応","902","87","200","6133","¥ 7,649","","1","B08X6TD52B","B09MJHTRW3","181","8","8","7620"
"【Amazon.co.jp限定】uwant リンサークリーナー18000Pa超強吸引力カーペットクリーナー 軽量絨毯クリーナー 2400ml 2-in-1大容量水タンク 乾湿両用絨毯クリーナー 自動洗浄機能 PSE認証済み 布洗浄機 布製品/ファブリック/マットレス/ペット用シート/車内/ソファ/ぬいぐるみ/カーペット Set of 1","905","103","1000","168","¥ 8,980","","1","B0H3ZP747G","B0H9BB1GPF","43.9","34.4","19.9","4000"
"Giitoo 環境に優しい 耐熱紙コップ 7オンス 800個入 205ml ホワイト 使い捨てカップ 結露に強い PE加工 エコ素材 業務用 (800)","909","32","","230","¥ 5,669","","1","B0H457Y1FW","B0GC71Y2SN","34","32","31","4050"
"GOKUMIN マットレス セミダブル プレミアムグランマットレス腰サポ+ 折り畳み 3つ折り 折りたたみ 高反発マットレス 敷布団 ブラック","1014","89","100","142","¥ 23,748","","1","B0DTYKF5WQ","B0FWKHB3RD","65","42","42","9600"
"[山善] 扇風機 サーキュレーター 床置き 【モバイルバッテリーでも使える/PD対応】 DC USB Type-C 風量無段階調節 切タイマー 8時間自動OFF YMYP-FJD25(C)","926","82","100","14","¥ 6,480","¥ 6,480","2","B0GGYTL828","B0H25JQ23G","34.6","30.1","21.2","1800"
"【Amazon限定ブランド】ダクトレール ライティングレール 1.5m 可動範囲146cm ライティングバー スポットライトレール レール照明 ライティングダクト オシャレ 照明 工事不要 間接照明 天井照明 Kalos WH 150","929","105","400","1310","¥ 5,399","","1","B0C8SS2C93","B0DTYQZ1YS","152.5","16","9.5","1400"
"【公式ストア】Mirable(ミラブル) トルネードスティック ミラブルシリーズ交換用 塩素低減 ウルトラファインブル バブル量増幅 (3, 3本入り)","930","89","50","632","¥ 9,570","","1","B0F1FHSXTH","B0GH6TYCP2","11.5","8.2","4.2","130"
"HEIAN SHINDO 突っ張り棒 ジャッキ式超強力タイプ ホワイト 幅75~120cm 耐荷重50~30kg パイプ直径: 2.96cm/2.54cm RTW-75A 平安伸銅工業","936","105","100","2816","¥ 5,029","¥ 5,029","1","B0CQ522Z12","B0H1FQ5Z7D","84","8","4.5","690"
"【 日本正規品 】 VICTORIA 6.5インチ トルティーヤプレス ビクトリア TOR002 16.5cm 鋳鉄 Tortilla Press タコス プレス ブリトー ナチョス メキシコ メキシコ料理 トルティーヤチップス 亜麻仁油 コーティング コロンビア","944","119","400","574","¥ 5,980","","3","B00HWF6L54","B07NWWQCHN","24.8","24.6","5.5","2760"
"パール金属 食器 鉄 水切り かご バスケット 2段 ダークグレー 珪藻土トレー付 AZ-5512","945","83","50","501","¥ 6,003","¥ 6,003","2","B084B553LL","B0GS5M518Y","43.4","29","21.6","3960"
"レイコップ UV コードレス 布団クリーナー 2024年新型モデル RJS2 レニー UV除菌 ダニ ハウスダスト ウイルス99.9% 除去 強力吸引 HEPAフィルタ RAYCOP ふとん掃除機 自立収納","955","115","300","153","¥ 16,662","","1","B0DJ8MNLKW","B0CLR1FTQP","44.5","21.3","18.8","2000"
"不二貿易 コレクションケース フィギュアケース 4段 幅42.5×奥行36.5×高さ120cm ホワイト 全面ガラス 組立商品 ロータイプ 97341","965","66","100","1820","¥ 11,242","¥ 11,242","2","B01N64KSKE","B09BHZ334S","122","46","9","31000"
"JEJアステージ(JEJ Astage) 収納チェスト デコニー シーヴォ 5段 ダークブラウン 日本製 簡単組立 幅34×奥行41.5×高さ106.1cm","970","95","50","119","¥ 5,480","¥ 5,482","5","B073STBS1C","B0FFS3DQ6X","57.4","42.2","35.2","5600"
"オーム(OHM) ホットプレート ３枚セット(平面プレート/たこ焼きプレート/焼肉(ディンプル)プレート) コンパクト オーム電機 COK-PYH100AZ 08-1706","974","107","","5","¥ 5,890","¥ 5,890","7","B0FH9KYT4J","B0CW1134YC","41","30","23","3580"
"【節電対策】【Amazon.co.jp限定】[山善] 扇風機 リビング (日本メーカー製 DCモーター搭載) 静音 リモコン付き 左右自動首振り 風量切替12段階 入切タイマー付 ホワイトグレー YLX-AED30(WH)","977","87","1000","1103","¥ 6,630","¥ 6,630","1","B0CW1PZH9W","B0GVQ59GJT","59.2","37.5","19.4","3800"
"SwitchBot LEDシーリングライトプロ 12畳 スマートリモコン機能付き Alexa 無段階 調光調色 スイッチボット 天井 照明器具 5499lm リモコン付き ハブ機能付き 電球色 昼白色 昼光色 取付簡単 防虫 防塵 省エネ 節電対策 2.4GHzWi-Fi Bluetoothに対応 5年保証 W2612250","980","100","200","541","¥ 11,980","¥ 11,980","1","B0BN5ZG2T8","B0DQ1834J7","54.1","52.5","14.7","2820"
"冷風扇 スポットクーラー BLOZEY超強力【ドイツ・レッドドット賞受賞 極冷・極静】冷風扇風機12m/S爆風 省エネ 4-IN-1スポットエアコン","981","115","1000","455","¥ 7,998","","4","B0GX5BLJ45","B0H34YHKWX","59.3","30.6","29","5620"
"東レ トレビーノ 浄水器 カセッティシリーズ カートリッジ計2個入り [交換用カートリッジMKC.SMX2]","983","117","1000","1540","¥ 5,973","¥ 5,973","20","B07B55RKNF","B0CVR7LMB8","11.6","10.3","5.7","240"
"天馬 ディスク収納ボックス CDいれと庫 ワイド (ケース販売) 8個入 クリア 約18×29×46.5cm","988","58","","146","¥ 16,195","¥ 16,195","2","B07Z9CSWZG","B0FXWZPBRB","78","47","31","9000"
"Levoit (レボイト) 空気清浄機 18畳 小型 卓上 プラズマイオン コンパクト 脱臭 スマホ対応 2in1浄化 Core 200S ブラック","1066","87","50","90","¥ 11,033","","1","B0CWG8CG5S","B0D4LQ3XXP","37.4","24.3","24.2","3940"
"BRUNO ブルーノ コンパクトホットプレート 本体 プレート2種(たこ焼き 平面) ネイビー Navy 紺 おしゃれ かわいい これ1台 蓋 ふた付き 1200w 温度調節 洗いやすい 1人 2人 3人用 小型 小さいサイズ 少人数用 ひとり暮らしにも プレゼント ギフト 贈り物 BOE021-NV","993","117","200","2086","¥ 11,000","¥ 11,000","2","B07CPM1XBY","B0FX3TJZRS","41.3","28.1","17.7","3850"
"ECOVACS (エコバックス) DEEBOT N30 PLUS 吸引力10,000Pa ロボット掃除機 水拭き両用 サイクロン式 お掃除ロボット","994","134","800","1080","¥ 29,800","","1","B0FMR9YY83","B0HDB26GVZ","44.1","41.5","35.8","9570"
"HotaluX（ホタルクス） <日本製> LEDシーリングライト HLDC08280A 適用畳数~8畳 (日本照明工業会基準) 3500lm 昼光色（6500K）電球色（2700K）調色（５段階）調光タイプ（主照明５段階、常夜灯３段階）リモコン メイプル木目調デザイン","1001","82","50","19","¥ 8,315","¥ 8,315","1","B0DXF489R8","B0G2B81W94","55.5","54.1","20.6","2520"
"新輝合成 トンボ ゴミ箱 連結可能 ハンドル付 蓋付き 分別 70リットル チャコールブラック ホワイトグレー セット 幅49×奥行41.5×高さ62cm 丈夫 屋外 ベランダ 大きい アウトドア 日本製","1278","86","","15","¥ 8,427","¥ 8,427","1","B0DWDLGMXC","B0CX1PG1BF","67.4","50.2","41.7","5470"
"HAUSHOF 【2026年新型】【工事不要】 スポットクーラー スポットエアコン 2.6kW 冷房機 除湿機 冷房 8-10畳 移動式 クーラー 冷房・送風・除湿モード 除湿量24L 風量調節2段階 家庭用 衣類乾燥 リモコン付き キャスター付 温度設定16℃~32℃【梅雨は除湿用・夏はクーラーとして使用】【窓パネル3枚付 高さ185cmまで対応可能】【ホース断熱カバー付】","1002","134","700","93","¥ 19,810","","1","B0G397ZC84","B0HDB2LW11","87.8","35.4","32.8","24500"
"リス(RISU) 収納ボックス トランクカーゴ 70L ブラック 収納ケース コンテナボックス 日本製 TC-70S 屋外収納 キャンプ 防水","1003","84","100","637","¥ 5,325","¥ 5,325","24","B08L3D6KZ9","B0DP2RN9LZ","68","50","36","1300"
"シービージャパン 小型 バケツ 洗濯機 [抗菌仕様] ホワイト 予洗い 事前洗い 靴洗い ウォッシュボーイ TOM-12f comtool","1005","108","1000","525","¥ 9,655","¥ 9,655","12","B0BYYFH6JQ","","41.8","38.4","37","5570"
"下村工業 日本製 ヴェルダン ミドル 三徳 145mm / パンスライサー 225mm 包丁 2本セット モリブデン バナジウム 鋼 食洗機 対応 OVD-40 新潟 燕三条製","1024","72","","37","¥ 5,117","¥ 5,117","1","B003AM7NKK","B0DDCHB3Y3","39.2","14.4","3","399"
"Stanley 1913 (スタンレー 1913) クエンチャー プロツアー フリップストロー 真空断熱タンブラー ソルベ グラジエント 40 oz / 1.18 L","1077","12","","96","¥ 8,250","¥ 8,250","1","B0H1XR724H","B0H1VX25Y7","29.4","15","13","980"
"アイリスオーヤマ カラーボックス 収納ボックス 本棚 6段 扉付き 幅36.6×奥行29×高さ144.6cm オフホワイト モジュールボックス MDB-6D","1020","101","50","4501","¥ 6,159","¥ 6,540","22","B076LB3D2G","B09BFWMFQX","76.5","30","16","18120"
"KURASHI 玄関マット 屋外 室内 滑り止め 業務用 無地 マット シンプル 泥落とし 吸水 グレー 120×150cm","1021","89","","1570","¥ 5,864","","1","B07B7PC3VJ","B078G9RJVP","122","14","12.5","5470"
"サンナップ 紙コップ 90ml 3oz 3000個(50個×60パック) JWドッグ 日本製 耐熱 対応カップ(CD-3DB) C9050JWD","1023","33","","1","¥ 15,280","¥ 15,280","1","B0GYMV9JRW","B0FSD4ZK37","60.5","38.5","31.7","8900"
"不二貿易 コレクションケース フィギュアケース 3段 幅42.5×奥行36.5×高さ86cm ブラウン 強化ガラス 全面ガラス 組立商品 96049","1275","84","200","1154","¥ 8,889","¥ 8,889","19","B00F3U5PNO","B0DTKGZN8B","89","44","12.5","22760"
"Todai 18-0 クレーバートング エコノミータイプ 20本セット 焼肉 パスタ キャンプ バーベキュー 日本製","1030","92","","312","¥ 10,800","¥ 10,725","2","B00JO99HQ6","B0CG5LDL28","34.3","7.8","5.6","1232"
"COSORI コソリ ノンフライヤー 2L 一人用 エアフライヤー オイル97％カット ミニ 卓上 フライヤー ブラック CAF-LI211-KJP","1043","122","1000","1873","¥ 7,450","","1","B0C3VYP1PG","B0CFXDD2S7","29.8","26.6","26.5","3000"
"GOKUMIN 枕 まくら たっぷり寝返りピロー 快眠 横向き寝 防止枕 低反発枕","1046","101","100","71","¥ 6,268","","1","B0DV5HY5JW","B0GWQHW85P","61","31","15.5","1860"
"タニタ アルコールチェッカー ホワイト EA-100 WH","1049","116","200","3799","¥ 5,379","","20","B01N35X1D8","B0D6GDRBPR","16.3","8.1","2.9","90"
"ブラウン 電気シェーバー シリーズ3 電動 髭剃り メンズ 310s 3枚刃 水洗い/お風呂剃り可","1061","121","1000","7414","¥ 5,180","¥ 5,145","18","B01NC064FD","B0H8C9D578","20.4","11.2","5.7","320"
"nishikawa 【 西川 】 セブンデイズ 触れた瞬間ひんやり 敷きパッド 強冷感 シングル 洗える クール 接触冷感 メッシュで通気性up ズレにくい 四隅ゴム付き ネイビー CM05051018","1053","95","100","16","¥ 5,224","¥ 5,224","1","B0F32PZXW8","B0FBWJXDY8","42.9","28.3","18.5","1200"
"掃除機 コードレス 2027年先行発売！38500Kpa超強力吸引 同クラス最軽量 2in1充電＆収納スタンド自走式自立式緑LEDライト65分連続稼働","1083","132","1000","619","¥ 10,442","","5","B0G6JYKJVX","B0G5ZV6XSM","43.7","28.1","18.2","2930"
"貝印 KAI ドームフライパン４点セット RC1087","1085","89","","30","¥ 9,935","¥ 9,935","4","B0BGHB357N","B0F21WV8RR","42.9","27","14.1","2190"
"山崎実業(Yamazaki) たっぷり洗剤が出る マグネット ディスペンサー tower シャンプー コンディショナー ボディソープ 【3本セット】 浮かせる収納 詰め替えボトル ホワイト 1532 1534 1536","1086","91","50","212","¥ 5,940","¥ 5,940","4","B0DDX16NW4","B0H8RYRMH8","26.3","26.1","8.3","960"
"マットレス シングル ベットマットレス ポケットコイル 極厚21cm 高反発 高密度 体圧分散 寝返りサポート 硬め 通気性 抗菌防臭 圧縮梱包 (ブラック, シングル)","1088","110","300","867","¥ 8,899","","1","B0FB8Y98LP","B0H2TJT7KF","104","27.5","27.5","17400"
"シチズン手首式血圧計 CH-650F CH-650FC","1090","91","300","8611","¥ 5,980","¥ 5,980","1","B0GTQCZXV6","B0H6PW9RV1","13.5","9.8","9.1","290"
"オムロン 上腕式血圧計 スタンダード19シリーズ HCR-7106","1097","120","1000","2953","¥ 6,840","¥ 6,840","18","B089W4Z1X7","","18.7","17.5","11.3","720"
"MYTREX REBIVE GO 筋膜リリースガン ハンディガン ボディケア ギフト マイトレックス リバイブゴー MT-RBG-25B（ブラック）","1099","119","1000","1075","¥ 5,500","","1","B0FTSLX78Q","B0G1SZY1PJ","18.1","14","5.3","450"
"【Amazon.co.jp限定】 Shark シャーク 掃除機 コードレス スティック クリーナー LC104JIV1 EVOPOWER SYSTEM FIT 軽量 疲れにくい 長バッテリー寿命 クリーナー コードレス掃除機 充電ドック付きスタンド ドーブ","1100","120","600","58","¥ 26,295","¥ 26,295","1","B0GHXV8569","B0H5JFXWJV","55","30","16.3","3670"
"山崎実業(Yamazaki) 引っ掛け風呂イス 座面高25cm + マグネット&引っ掛け湯おけ + マグネットディスペンサーボトル 3本セット 【5点セット】 tower バスチェア ブラック 5384 5379 4259 4261 4263","1103","90","","3","¥ 12,210","¥ 12,210","2","B0BHHQ8TBC","B0F59SX157","39.5","34.4","30.7","2670"
"王様の鏡【どこでも貼れる割れない鏡】ドアの裏やクローゼットにも 鏡 全身鏡 姿見鏡 壁掛け ミラー 壁掛け 浴室 BOOMIE (1, アクリルミラー 75×30cm 2枚セット)","1107","84","50","22","¥ 5,980","","1","B0DWXCLXYC","B0FSCY9ZSW","81","35","4","1600"
"ドウシシャ ルミナススリム スチールラックパーツ スチール棚板 幅152×奥行61cm SM1560 スリーブ4個付き 耐荷重135kg 頑丈 業務用 スチールシェルフ 追加棚板 天板 防錆加工 ポール径25mm 幅150 奥行60モデル ラック棚","1113","23","","596","¥ 8,887","¥ 8,887","3","B00LP9IPJS","B0HB4K9T51","153","64","6","14500"
"新輝合成 トンボ ユニード ゴミ箱 蓋を開けずにごみを捨てられる プッシュタイプ 軽いペダルでサッと開く キッチン 分別 30リットル ホワイト 3個セット 幅23.5×奥行41.5×高さ49.5cm 蓋付き 日本製","1112","61","","21","¥ 7,230","¥ 7,230","1","B0CG1T8J2D","B0FBLZL9XG","66.6","42","24","4580"
"[山善] スチームオーブンレンジ 25L 一人暮らし 二人暮らし フラットテーブル スチーム調理 自動メニュー19種搭載 角皿付き ブラック MRK-F250TSV(B)","1114","144","700","1176","¥ 19,990","¥ 19,990","2","B09LCS93F1","B0G6K3W5WX","59.2","52.8","40.3","15800"
"山善(YAMAZEN) 折りたたみ椅子 (ワイド) 背もたれ付き チェア パイプ椅子 キャンプ 幅39.5×奥行54×高さ81cm 完成品 ダークブラウン YZX-455(DBR/BK)","1116","87","50","97","¥ 5,680","¥ 5,680","1","B0BRPMN3DM","B0BWD74XDW","93","64","41","3500"
"サンナップ 紙コップ 150ml 5oz 3000個入(100個×30パック) 間伐材使用 対応ディスペンサー(CD-5DB) C15100A-K","1117","41","","1147","¥ 15,501","¥ 15,501","1","B0GYP2LN9Y","B0GWL36VNL","59.2","36.8","36.8","11000"
"Antree LEDシーリングライト 16畳 60W 高輝度 7900lm 調光調色 豆電球常夜灯 led 照明 天井 おしゃれ 2.4Gリモコン付き スマホAPP操作 天井対応 器具 14畳~16畳和室/洋室/寝室/玄関/リビング/キッチン適用（白枠）","1247","54","","","¥ 6,999","","1","B0GXJZ5TJB","B0HF77VKBH","51.4","51.3","8.2","1410"
"東レ トレビーノ 浄水器 カセッティシリーズ カートリッジ計1個入り [交換用カートリッジMKC.SLX]","1120","115","1000","418","¥ 5,945","¥ 5,945","13","B088YVV7F7","B0F4R4XYZH","11.3","6.8","6.7","180"
"京セラ セラミック 包丁 黒刃 三徳 16cm 独自開発 新素材 食洗機 除菌漂白 CK-B160BK-AZ 【Amazon.co.jp限定】","1121","99","200","89","¥ 6,732","¥ 6,732","1","B0CTC1K81R","B0GPWLWBZ7","31.6","7.2","3.7","130"
"シャープ 炊飯器 KS-CF05B-B 3合 一人暮らし マイコン パン調理機能 ブラック","1122","120","1000","6622","¥ 7,580","¥ 7,580","5","B082NWX2GQ","B0FKGBMFRT","30.5","26.5","22","3030"
"ミシン 初心者向け 電子ミシン 12種類の縫い目 返し縫い機能 2way給電 日常手作り縫製 42PCS裁縫セット付き スピード調整可能 持ち運び便利 日本語説明書付き","1128","14","","2674","¥ 6,000","","1","B0HF77Y1RH","B0HF5M5P3C","32.5","30.1","15.4","2330"
"タイガー 魔法瓶 マイコン 電気 ポット 4L ホワイト PDR-G401-W Tiger","1131","111","300","5978","¥ 9,070","¥ 9,070","20","B01HC98WI8","B0FLJB9DQC","39","30.4","23.8","2680"
"ブラウン 電気シェーバー シリーズ7 電動 髭剃り メンズ 【Amazon.co.jp限定】 72-C1500s ヒゲトリマー チタニウムゴールド","1132","112","1000","669","¥ 15,579","¥ 15,579","1","B0CTQDNSP7","B0HGQYGVRH","25.1","13.9","6.7","500"
"ブラウン ハンドブレンダー マルチクイック5 MQ50001M つぶす 混ぜる 時短 離乳食 ギフト プレゼント 400W 1台2役 21段階スピード調節 ドイツ設計 簡単お手入れ 【2025年11月発売モデル】","1133","102","600","44","¥ 9,030","¥ 9,030","12","B0FTMR59ZY","B0GVY84T2R","24.4","15.9","10.4","1070"
"VERILADY 毛布 ふわとろ毛布 ふわもこ毛布 ブランケット 柔らかく肌触 ふわふわ モコモコ 冷え対策 洗える おしゃれ 静電気防止 暖かい 厚手 冬用 新色限定(180x200,ブラック)","1135","39","50","663","¥ 5,423","","1","B0DQKPNS8F","B0DM8H77M6","38.5","37.9","6.5","2640"
"VECELO カウンターチェア 折り畳み椅子 【2脚セット】 スリム 軽量 持ち運び 完成品 組立不要 座面高61.5cm 耐荷重100kg ファブリック ブラック","1148","67","","152","¥ 5,980","¥ 5,980","1","B0G8SLW1JZ","B0H1LBKD8W","86.5","39","7.5","2540"
"オカ(OKA) 優踏生洗いやすい キッチンマット 約60cm×300cm グリーン(ヘリンボン) (洗える 軽量 滑り止め クッション)","1232","81","","3414","¥ 7,553","¥ 7,553","1","B08WPXH5Z1","B0DPH9XCJY","45.2","34.8","8.9","1860"
"Colorsroom カーペット ラグ 極厚25mm 200×250cm 約3畳 防音 厚手 撥水加工 アイボリー 200×250cm","1150","109","50","1789","¥ 6,357","","1","B0BJQ5GDSZ","B0DJW3G1R6","48","34","33","4040"
"クモリ(Kumori) プレミアム三つ折りマットレス 【W通気でムレにくい】 高反発 密度25D 硬さ180N 体圧分散 洗えるカバー 収納ケース付き","1450","14","","24","¥ 9,181","¥ 9,181","1","B0H5Q4FZG4","B0H5PYK6KD","71","32","32","6210"
"ホタルクス LifeE ホタルックスリム 144Wスリム器具用 27形+34形+41形パック品 あたたかな光! 電球色 定格寿命18,000時間スリム蛍光ランプ FHC144EL-LE-SHG2","1154","102","","195","¥ 10,000","","4","B0B514KYWJ","B0BNPSJ6BT","48.2","47.2","3.3","780"
"JEJアステージ 収納ボックス 日本製 STボックス #7 積み重ね ダークグリーン [幅20×奥行35×高さ11cm] 16個セット","1242","68","","23","¥ 8,886","¥ 8,886","1","B0B2RLYZWZ","B0GVYH8L95","84","41.6","35.3","400"
"Yueboa テーブルクロス 透明 85x150cm 厚さ3mm PVC テーブルマット クリア ビニール 無臭 PVC製 デスクマット テーブルカバー 縮みなし 防水 汚れ防止 撥水加工 はカスタマイズ可能です (透明 3mm, 85*150cm)","1566","21","","802","¥ 5,499","","1","B0BVW785KY","B0BNLL78WX","86","5","5","4300"
"LETOUR LEDライト 充電式 二個セット 作業灯 USB充電式 120W 10400MAH アウトドアライト","1167","66","","1134","¥ 6,319","","1","B0DY7HJ5F3","B0HCC4W959","37","11.7","7.2","890"
"アイウォーマー ホットアイマスク 充電式 360°エアバッグ (振動×空気圧×グラフェン加熱) Bluetooth音楽 目元ケア 自動オフタイマー付","1168","101","1000","95","¥ 5,679","","2","B0H26175B7","","20.5","13.4","9.4","560"
"サンコー おくだけ吸着 獣医師推奨 ペット用撥水タイルマット 30cm×30cm 40枚入 ブラウン 犬 猫 サンコー カーペット 【日本製 撥水 消臭 洗える ハサミでカット可】 KP-58","1178","80","","1568","¥ 9,786","¥ 9,786","3","B07GN2HDFB","B0DYHQNZYR","30.8","30.8","17","2060"
"GTPLAYER ゲーミングチェア オフィスチェア デスクチェア ゲーム用チェア リクライニング パソコンチェア ハイバック ヘッドレスト ランバーサポート ひじ掛け付き 高さ調整機能 PUレザー オットマン付き ブルー (GTP002F-BLUE)","1187","102","300","35351","¥ 16,410","","1","B0BXPFXZ5Z","B0D4MBF8FF","80","54.5","24","22270"
"Coizabera LEDシーリングライト 12畳 5900LM 60W 間接光常夜灯 中央くぼみデザイン リモコン・スマホ操作 調光調色 簡単取付 白枠","1190","59","","","¥ 5,299","","1","B0G1SCFCL2","B0H28D7JV1","37","37","8","1000"
"Ballarini バッラリーニ 「 ローマ フライパン 26cm イタリア製 」 ガス火専用 グラニチウム 5層コーティング 【日本正規販売品】 75001-792","1192","106","100","1713","¥ 5,376","¥ 5,376","5","B075RYL2NN","B0DPM5P4ZS","47","28","5.5","1110"
"Sakugi ハンガーラック 2段 幅84×奥行32×高さ202cm ホワイト キャスター付き ダブルロッド フック付き","1194","86","200","1552","¥ 5,999","","1","B0DX1WXP11","B0F9F2TGLQ","44.2","34.6","12.7","7450"
"BBEST アクリルフォトスタンド フォトフレーム 2L判 199×143mm 10個入り マグネット 磁石 縦横兼用 クリア 透明 角丸 スタンド 写真立て 2l アクリルフォトフレーム 展示 記念品 プレゼント ギフト 業務用 PFS-2L-10","1197","51","","982","¥ 14,025","","1","B0BZS2VJD4","B0DG5MNYPD","23","20","17",""
"野田琺瑯(Nodahoro) ケトル 1.5L ホーロー ガス火/IH対応 日本製 ポーチカ ブルー PTR-1.5KBL","1199","93","300","923","¥ 5,016","¥ 5,016","12","B001JTIV7U","B0GSVWTX58","19.3","19","14.4","1030"
"【製氷カップ8個増量】電動ふわふわとろ雪 かき氷器 ブラック｜DTS-B5BK 電動 かき氷器 ふわふわ とろ雪 刃の高さ調節機能付 コンパクト収納 分解洗浄可 レシピ付 ドウシシャ","1203","82","100","211","¥ 5,980","","1","B0F4D9XMKR","B0GY3VTGW5","37","24","24","1800"
"タンスのゲン ベッド セミダブル すのこ 折りたたみ 【スタンダードタイプ】 四つ折り 天然桐 極厚 すのこマット 17610005(82345)","1204","86","200","2946","¥ 7,591","","1","B01NAXGEQG","B09SV3KB7J","63.9","48.6","25.1","7760"
"GOKUMIN マットレス シングル プレミアムスプリングマットレス 硬め 高反発 体圧分散 ブラック","1209","98","200","2857","¥ 22,798","","1","B08F418476","B0GHRZ28R7","103","35","35","18000"
"東プレ 折りたたみ 風呂ふた ブラウン 幅70×長さ139cm Ag+配合 抗菌加工 日本製 M14","1211","89","","11363","¥ 6,288","¥ 6,288","3","B07V7WN51T","B099X1J1B4","70","18","9.9","2630"
"SAYOKO 真空保存容器 真空米びつ 梅雨対策 自動真空 米櫃 ペットフードストッカー 防虫/湿気/酸化防止 ABS食品グレード素材 10L","1214","50","600","293","¥ 6,979","","4","B0GVDYZR13","B0HGL95C58","36.9","33.5","32.6","2470"
"HEIAN SHINDO ランドリーラック 棚3段 ハンガーバー付き横伸縮 縦型 ドラム式 対応 マットブラック 幅61～82×奥行53×高182cm HSR-8BK 平安伸銅工業","1216","104","100","2459","¥ 6,980","¥ 6,986","2","B0GWPJNBPY","B0GZTX8P49","86.5","28.5","8.5","5300"
"TOSHIBA(東芝) 温水洗浄便座 貯湯式 温度調節3段階 ノズル自動洗浄 オート脱臭 クリーンウォッシュ 簡単設置 SCS-T162(N)","1217","102","1000","674","¥ 17,980","¥ 17,980","8","B0F17Q86PK","","59.1","52.4","21.2","6440"
"[山善] 除湿機 衣類乾燥 除湿器 コンプレッサー式 小型 強力除湿 除湿量 6.0L 衣類モード 切タイマー キャスター付き ダークグレー EDC-H601(B)","1218","122","600","346","¥ 14,800","¥ 14,800","1","B0DXP6WBYJ","B0GVMFPR4J","53.5","33.1","32.6","11910"
"MAG(マグ) 掛け時計 壁掛け時計 置き時計 置き掛け兼用 スタンド 無線LAN NTP USB Type-C 給電 温度計 湿度計 カレンダー 縦12.5×横18.2㎝ ホワイト セットレス W-787 WH ノア精密","1220","101","","190","¥ 12,200","¥ 12,200","4","B0CB9PF525","B0G7F89J6B","21.5","13.5","3.7","360"
"HARIO(ハリオ) コーヒースケール ポラリス ブラック 計量 はかり 珈琲 プレゼント ギフト 贈り物 CST-2000-B","1221","124","1000","494","¥ 5,809","¥ 5,809","19","B0DBPD5DPC","B0F6MJVGQC","21.7","21","6.8","540"
"Dyson(ダイソン) V12 Detect Slim Fluffy コードレス掃除機 SV46 FF AM","1228","119","1000","704","¥ 89,650","¥ 89,650","1","B0DZ2QQJB5","B0H24VVBCX","81.1","27.3","16","4440"
"[公式] ソーダストリーム TERRA(テラ) 特別パッケージ ｜マシン本体 + 60Lガス2本+ボトル3本(1L×2本&0.5L×1本)｜ ホワイト 炭酸水メーカー 電源不要 sodastream","1351","91","50","512","¥ 19,530","","1","B0C4P12V2Q","B0CLLMD826","46.5","30.8","21.7","4830"
"Aliliyポータブル電気ケトル 小型【2026革新版温度調節 海外/日本対応 AC100-240V】携帯ケトル 持ち運びケトル トラベル","1235","125","500","664","¥ 5,680","","2","B0DXFBSMPG","B0HFVP4SJ4","25.2","10.2","10.1","620"
"【節電対策】 Levoit(レボイト) 空気清浄機 ハイグレード Vital 100S 花粉 21畳 集じん 小型 脱臭強化 自動/ペットモード","1244","126","900","890","¥ 15,379","","1","B0D78ZJNH2","B0DPZGJ4VR","44.3","34.6","19.4","4610"
"MYTREX VIDO マイトレックス ビドー 電動頭皮ブラシ ヘッドスパ 美顔器 前頭筋 プレゼント MT-WVD22B/MT-VD22B","1245","110","700","245","¥ 14,652","","1","B0GRT7JKFQ","B0H1VZF8KF","24.2","14.1","6.1","750"
"ブラウン マルチグルーマー シリーズ5 バリカン MGK5565 男性用 電動マルチグルーマー メンズ シェーバー 【Amazon.co.jp 限定】 1台で簡単にヒゲ・ヘアー・全身をお手入れ 11 in 1","1330","123","300","76","¥ 10,800","¥ 10,800","1","B0F2HH7CSS","B0HFVJD97Z","25.1","16.3","6.4","520"
"パナソニック スチームアイロン 衣類スチーマー NI-FS70A-K カームブラック 360°パワフルスチーム ３段階温度調節 プレスもできる2WAY 脱臭 除菌 かけたまま","1249","183","1000","413","¥ 13,000","","75","B0CT27YW3L","B0F93M61HR","22.1","18","9.9","900"
"パナソニック ボディトリマー® ボディシェーバー VIO対応 お風呂剃り可 メンズ 白 ER-GK60-W","1268","141","1000","3669","¥ 7,600","¥ 7,600","40","B06XSD3N13","B0FC24MSVS","22","18.2","5.6","450"
"［amazon限定］recolte レコルト 自動調理ポットラージ RSY-3（シリコンスプーントング付） クリームホワイト","1270","28","500","17","¥ 17,930","","1","B0GK532L4T","B0HC9Z7Q52","29.8","18.9","16.5","1870"
"超強力 Cosego 強力磁石 磁石を引き上げる 直径90MM 耐荷重370KG 1個入キッチン収納 バスルーム 寝室 ロッカー オフィス 冷蔵庫 倉庫","1282","87","","1804","¥ 6,559","","2","B07VQ1QG16","B07FFTQTT4","20","19.5","19.5","1290"
"タンスのゲン 天然木 ベッド シングル 【頑丈設計！耐荷重400㎏】 北欧パイン材使用 宮棚 2口コンセント すのこ 49600785(80457)","1284","116","300","2469","¥ 11,387","","1","B08YY6YWLL","B0D66GTT62","102","34","23","23000"
"山崎実業(Yamazaki) 折り畳み 室内物干し ホワイト タワー tower 6619","1287","94","800","1077","¥ 9,869","¥ 9,869","15","B0CCN3YK8K","B0H23RMNTQ","84","28","10","9000"
"【安心の日本企業ｘGetNavi掲載】SHOJIKI® コードレス掃除機 掃除機 軽量 【強力吸引ｘ1.8kgの軽量性】【自走式ｘ緑色LED】","1287","131","600","257","¥ 16,910","","1","B0FRM23T6N","B0FRM7TM92","70.4","24.7","11.4","2800"
"オルディ ゴミ袋 45L 半透明 50枚入×20 【ケース販売】 強化原料配合 破れにくい 裂けにくい バランスパック BP4550A","1291","45","","","¥ 17,651","¥ 17,651","1","B07VXC9W55","B0DV8XGGZB","36.8","33.1","25.3","17060"
"山崎実業(Yamazaki) 密閉 米びつ 20kg 計量カップ付 ブラック 約W41×D24×H42.5【蓋開口時：65.5㎝（米びつ)】 約7.8×7.3×7.4(計量カップ）cm タワー 湿気 酸化防止 キャスター付き 5426","1295","111","50","1083","¥ 6,820","¥ 6,820","13","B099ZJYBNP","B0D9QZKYL8","42","41","24.5","2240"
"東レ トレビーノ MKC.MX2J+1個 (3個セット) カセッティシリーズ (高除去/13項目クリア) 交換用 カートリッジ 浄水器 蛇口 直結型 日本製 MKC.MX2J-Z ホワイト","1306","123","1000","2290","¥ 6,958","","16","B003OICTTU","B09S9QFJ4H","17","10.5","5.6","380"
"ティファール ミキサー「ミックス アンド ドリンク ネオ」ホワイト 700mL BL1601JP","1310","105","1000","243","¥ 6,480","¥ 6,480","8","B0CV3T9Q6F","B0DPZ8L2KY","34.3","26","13.9","1820"
"オムロン 温熱低周波治療器 HV-F312","1311","109","1000","2716","¥ 12,800","¥ 12,800","5","B06XJRVYGH","","21","16.6","8","671"
"アイリスオーヤマ ふとん乾燥機 カラリエ ツインノズル ふとん2組対応 ダニ退治 湿気対策くつ乾燥 アロマケース付 AZKFK-202-W","1321","105","500","1267","¥ 12,800","¥ 12,800","1","B0CKVY8G5F","B0BN88KSP9","38.9","21.1","20.6","3040"
"クモリ(Kumori) 枕 綿100% 43×90cm セット 【HOTEL TASTE】 高密度生地 柔らかめ 快眠サポート 立体構造 通気性よい","1169","81","","511","¥ 5,280","¥ 5,280","1","B0FFSV7G1L","B0H994JH78","46.4","33","22.2","3300"
"【新モデルは軽くなりました】 エバークック 炒め鍋 深型 フライパン 28㎝ IH対応 ガス火対応 【500日保証】 こげつきにくいフライパン PFOA PFOS フリー レッド ドウシシャ","1322","110","200","67","¥ 5,235","¥ 5,235","2","B0DTN9RBJ5","B0F93MTVLT","47","30.9","11.9","860"
"象印 水筒 ステンレスマグ 小容量 250ml 【コンパクト】 スクリュータイプ 食洗機対応 シームレスせん お手入れ点数たったの2点 シアーグレー SM-MS25-HM (× 3)","1407","1","","419","¥ 6,714","","","B0HF7H182T","B0DQWN8RTR","15.5","6.7","6.6","540"
"オムロン 上腕式血圧計 HEM-7600シリーズ ブラック HEM-7600T-BK","1342","120","700","1993","¥ 18,320","¥ 18,320","2","B01MUWYJYG","B0DM49QNYC","17.3","12.7","11.7","431"
"パナソニック 電動眉毛抜き アイブロウ スムースピック 【Amazon.co.jp限定】 フェイス ウブ毛 乾電池式 ホワイト ES-NEFB0-W","1348","107","1000","88","¥ 7,000","¥ 7,000","1","B0GFMYQQ2V","","18.9","12.1","3.6","90"
"アイリスオーヤマ サーキュレーター 28畳 DCモーター 【消灯・消音モード】 上下左右首振り 分解丸洗い リモコン付き パワフル コンパクト AZ-SDC15TEC-W ホワイト【Amazon.co.jp限定】","1353","120","1000","537","¥ 8,780","¥ 8,780","1","B0CY5DL6YW","B0H82KYSMH","34.6","26.2","26","2250"
"フィリップス 電動シェーバー 5000シリーズ やさしく剃れる","1356","96","200","1030","¥ 15,400","¥ 15,400","1","B0BSFHF9JQ","B0G2XYFY5M","19","10.2","7.2","330"
"貝印 KAI 菜切り包丁 関孫六 ダマスカス 165mm 菜切 日本製 AE5206","1362","121","100","195","¥ 9,980","¥ 9,980","62","B003YUBLWE","B0G56D8ZD2","33.2","7.9","2.5","270"
"【公式ストア限定】リファファインバブル ピュア","1366","98","300","54","¥ 5,000","","1","B0CW5QC8LX","B0DNDQ4CRH","12.4","6.2","3.2","90"
"アイリスプラザ 高密度ポケットコイルマットレス セミダブル 身体の負担を軽減 独立コイル627個 表面さらっと らくらく設置 圧縮梱包でお届け ホワイト×ブラック PKMTN-SD","1373","96","100","12731","¥ 12,928","¥ 12,928","6","B08F9YVKQ1","B0FHWN55S9","125","28","28","21700"
"タケヤ公式 オリジナル6点セット 保存容器 角型 300ml 800ml 1100ml 各2個 スプーン付き FRESHLOK 高気密性 密閉 密封 冷蔵庫 プロテイン スパイス 調味料 小麦粉 片栗粉 パン粉 ナッツ お菓子 キャニスター TAKEYA フレッシュロック アソートセットA ホワイト","1179","45","","47","¥ 5,192","","1","B08QYYTNXV","B097D63LK6","23.2","20","17","820"
"カタログギフト 美味礼講 グルメカタログギフト 珠 （内祝い 御祝 快気祝い 出産祝い 結婚祝い 誕生日 プレゼント 粗品 記念品 引き出物）","1378","78","","183","¥ 40,000","","1","B0CJRWGKVY","B0CJRTDR4T","23.4","12.1","1.6","70"
"アイム 粘着クリーナー ミラクルくる マルチ 50周 15本 (3本×5セット) フローリング 共用 そうじっこ どこでも使える 強粘着","1380","73","","497","¥ 10,292","¥ 10,292","1","B0CXSL2WTZ","B0GYBYS7MM","28.1","19","17.5","1550"
"東レ トレビーノ 浄水器 蛇口 直結型 (長持ち/高速ろ過/高除去/30％節水) 日本製 PFOS/PFOA 有機フッ素化合物 除去 MK207SLX カセッティシリーズ カートリッジ計1個入り","1384","110","500","658","¥ 8,154","¥ 8,154","7","B08R8FPQGR","B0GGYNPQ63","17.3","14.5","7.7","420"
"Keusnix カーペット ラグ ラグマット4.5畳 200 x 300 cm 絨毯 洗える 滑り止め付 フランネルラグ 無地 マリンブルー","1456","64","","3682","¥ 5,880","¥ 5,880","1","B0DRVLJ4QS","B0GT4L4MHR","45.1","24.1","22.7","2870"
"サーモス フライパン 28cm プラズマ超硬質コート IH対応 ブラック KFC-028 BK","1394","95","","697","¥ 7,100","","1","B07VGKPY9J","B09DCC8TYY","47.4","28.5","5.6","930"
"CAROTE カローテ フライパン セット 10点 IH·ガス火対応 PFOA PFOS フリー 5層構造 軽量 取っ手のとれる 卵焼き フライパン マーブルコート スルスルすべる こびりつきにくい 鍋セット お手入れが簡単 新生活応援 オーブン対応 ベージュ 一年保証 「アイスクリーム」シリーズ","1404","99","100","398","¥ 6,478","","1","B0CC993C3G","B0H9WV9C81","29.4","29.1","18.9","3850"
"タンスのゲン マットレス セミダブル【硬めの寝心地 高密度ボンネルコイル】極厚20cm 通気性 セミダブルマットレス 17800017(102512)","1413","62","","6646","¥ 11,999","","1","B0DP6QGFHN","B0DM16J6HY","122","29","29","20000"
"タンスのゲン スポットクーラー 窓パネル 4枚 家庭用パワフル2.3kW 6-10畳 除湿機能 25L/日 断熱 79800000(119653)","1415","87","1000","870","¥ 25,622","","1","B0B1PXB3WT","B0H6J23FQS","88","38","36","24600"
"ティファール 電気ケトル 0.8L 軽くてコンパクト 「アプレシア・プラス ホワイト」 KO6301JP","1416","110","","2237","¥ 7,078","","2","B08542BDZY","B0DMVTF288","20.1","18.7","18.3","1050"
"パナソニック ラムダッシュ パームインシェーバー メンズシェーバー LITE 3枚刃 ディープネイビー ES-P330U-A","1419","138","600","396","¥ 18,400","¥ 20,000","43","B0F594NTSN","B0GQBN7SYF","13.2","9.4","7.6","230"
"デロンギ 全自動コーヒーマシン マグニフィカS 全2メニュー 豆挽き コーヒーメーカー エスプレッソマシン ブラック ECAM22112B 【デロンギファミリー登録で3年保証、修理も原則72時間以内対応】","1420","137","500","4651","¥ 61,036","¥ 61,036","1","B088HJCVDX","B0F8VK7WJ9","49.8","41.3","30.5","10940"
"イワタニ Iwatani 岩谷 カセットフー タフまるジュニア ブラック ケース付き カセットコンロ バーベキューコンロ ガス キャンプ アウトドア BBQコンロ 日本製 CB-ODX-JR-BK","1426","141","500","1681","¥ 6,900","¥ 6,900","43","B09HGDZPNG","B0CSWMXQDD","31.8","24.6","14.4","2440"
"エアウィーヴ(airweave) クッション グレー 高反発 洗える 通気性 体圧分散 デスクワーク プレゼント 約幅39cm×長さ39cm×厚さ5㎝ 4-257011-GY-1","1427","91","50","509","¥ 11,034","¥ 11,034","1","B08LYVX8GN","B0G37KXH4S","42","41","6.2","20"
"2026年モデル Ulike(ユーライク) Air10 Max 脱毛器 ヒゲ・VIO対応 最短3回*で変化を実感 特許取得済みサファイア冷感技術 高出力×ひんやり快適ケア スキンセンサー搭載 アプリ連携 光脱毛器 90万回照射 プレゼント ギフト メーカー2年保証","1430","129","900","72","¥ 45,370","","1","B0GKLZ98MJ","","30.5","22","10.5","1590"
"Novilla マットレス セミダブル 高反発マットレス 厚さ3cm 硬め200N 高密度ウレタン ベッドマット 敷布団 防ダニ 防臭加工 高通気性 マットレストッパー 敷き布団の上 体圧分散 底付き感無し 収納バンド付き 洗えるカバー ホワイト 120x195x3cm","1518","76","100","2176","¥ 5,184","¥ 5,184","1","B0DXQDBVP4","B0HGLVKWB9","68","22","22","4180"
"カウンタークロス 800枚入 30x60cm ピンク 使い捨て 不織布 ふきん 繰り返し使える 業務用 テーブルダスター (ピンク 800枚)","1437","42","","519","¥ 13,200","","1","B09WZ5BB5G","B09VXY547S","63","33.6","30.5","7850"
"MYTREX REBIVE MINI XS2 ハンディガン ボディケア ギフト マイトレックス リバイブミニエックスエス MT-RX2-24 ブラック","1438","112","500","295","¥ 13,464","","1","B0DB8G7B4G","B0H6C1Z59W","29","14","5","760"
"X XUNTAO 収納ボックス 折り畳み 木製の蓋付き 収納ケース 5面開閉 衣装ケース 積み重ね コンテナ ボックス(S,3個セット,ブラック)","1442","102","100","710","¥ 5,099","","1","B0GX5GMTBK","B0H282QT2P","41.5","31.2","21","5470"
"貝印 KAI 関孫六 極刃 オールステンレス おろし器 受け皿付き DH3358","1534","67","50","6","¥ 5,280","¥ 7,742","10","B0GPCHH3KL","B0H6YJ1FN9","24","11.8","5.7","460"
"Ninja ニンジャ ミキサー コードレスミキサー Blast Max スムージー ジューサー ブレンダー 氷も砕ける 電動 充電式 BC251J​BL​​ ブルー","1449","104","400","320","¥ 13,600","¥ 13,600","1","B0GP67R5MY","B0FT7Q31BZ","33.7","13","12.4","1400"
"【通販限定】天馬 ゴミ箱 40L スリム ホワイトラッシュ多段分別 キッチン 15L＋25L 幅35×奥行27×高さ100cm WR-3521","1449","94","200","89","¥ 5,236","¥ 5,236","4","B0D44JNJ7Y","B0F4R6QBW6","82","36","29","4920"
"Giftgarden 額縁 A3 フォトフレーム セット 賞状額 軽量 サイズ 壁掛け タイプ 白 風景 ポスター 飾り 12枚","1519","29","","1","¥ 6,877","","1","B0F7H4QGQH","B0GCDP12SQ","48.5","37.2","12.5","5520"
"Rabbitgoo 窓ガラス目隠しフィルム 目隠しシート 窓 めかくしシート すりガラスシート 水で貼れる 貼ってはがせる 外から見えない窓用フィルム UVカット 防虫忌避 飛散防止 (乳白スリガラス 90 x 500cm)","1240","50","","13","¥ 5,599","","1","B0BZ7VSVVC","B0DFH8HLYX","90.2","5.1","5.1","1089"
"LETOUR 2個セット LEDライト 充電式 作業用ライト 取付簡単 大容量 残量表示 Type-C充電 超高輝度 三色温 無階段調光 多機能 室内室外 ガレージ/地下室/キャンプ/登山/釣り/作業/修理/アウトドア/応急/停電用 (40CM-7500mAh)","1313","91","50","549","¥ 6,239","","1","B0DY7F1QS7","B0HCB4C99Y","43.2","12.1","6.5","970"
"アイリスオーヤマ サーキュレーター DCモーター 45畳 リモコン付き 上下左右首振り 風量9段階 部屋干し 静音 狙い撃ち送風 DC JET 18cm PCF-SDC18T-EC-W ホワイト","1454","100","100","26","¥ 11,590","¥ 12,929","6","B0GXY46BCF","B0H8285F34","42","30","30","2890"
"サンナップ 紙コップ 275ml 2100個(50個×42パック) 白 耐熱 使い捨て 対応ディスペンサー(CD-9BK) C2750AK","1461","45","","128","¥ 16,233","¥ 16,233","1","B0GYML7VFH","B0H3NVS92X","64","41","39","13400"
"サンカ ルームス 収納 チェスト ホワイト 白 スリム 5段 (幅34×奥行42×高さ107cm) スルっと引き出せて スキッと締まる引き出し キズ付きにくいマット加工パネル 簡単組み立て おしゃれ 収納ケース 収納ボックス 日本製 衣装ケース タンス リビング クローゼット 洗面所ROOM'S shade RSD-S345WH","1462","99","100","934","¥ 5,013","¥ 5,013","15","B01M2WOA8Z","B0DSZWY3C7","55","43.5","35","5095"
"不二貿易 ＵＶモダンローテーブル Ｌａｔｔｅ ウォルナット ９０ｘ６０ ウォルナット 38828","1464","98","100","30","¥ 5,450","¥ 5,450","2","B0G7C4MMLL","B0GFMRFWYQ","98","68","10","11000"
"エムテック ケノン KE-NON 光美容器 日本製 髭 VIO対応 メーカー2年保証 正規品 USPL式 マットブラック","1465","139","600","2810","¥ 75,810","","1","B01GDKL3QU","B094TW3N31","31","28.3","11.5","2480"
"HotaluX（ホタルクス） <日本製> LEDシーリングライト HLDZ12269A 適用畳数~12畳 (日本照明工業会基準) 5000lm 昼光色（6500K）調光タイプ（主照明５段階、常夜灯３段階）リモコン シンプルデザイン","1475","39","300","4","¥ 6,980","¥ 6,980","1","B0GWQSHDM1","B0HDNYXKB8","49.5","48.5","14.5","1750"
"日立(HITACHI) 掃除機 かるパックスティック 紙パック式 スティッククリーナー PKV-BK3K V ライトラベンダー 日本製 強力パワー 軽量 自走式","1476","134","700","666","¥ 31,300","¥ 31,300","21","B0BQXCZX1D","B0H2923HZS","56.3","27.2","22.8","3250"
"【anan掲載ｘバリスタ監修】上位モデル 電動コーヒーミル ステンレス コードレス コーヒーミル 『タッチパネル操作／挽き目39段階』（ベージュ）","1481","109","100","113","¥ 5,652","","2","B0GHS9YX4H","B0H6KB8WS8","21.2","8.6","8.4","590"
"ブリタ 浄水器 ポット型 PFOS/PFOA除去試験済 ろ過水容量:1.75L(全容量:3.5L) アルーナXL カートリッジ 6個付","1482","114","50","626","¥ 6,120","¥ 6,120","1","B0FGPVDNYS","B0G2PFHFS5","33","28.4","15.9","1720"
"iwaki(イワキ) 耐熱ガラス 保存容器 電子レンジ オーブン M 800ml×4個セット ホワイト パックぼうる KBC4150-W1 グラタン皿 耐熱容器 耐熱皿","1489","89","","741","¥ 9,920","¥ 9,920","1","B00260G0KG","B08L89Y9Y7","32.2","18.2","14.4","1840"
"リズム(RHYTHM) シチズン 掛け時計 電波時計 アナログ 温度 湿度 カレンダー (デジタル 液晶表示) 静かな 連続秒針 白 Φ35x5.6cm CITIZEN 8FYA06-003","1491","123","800","312","¥ 6,904","¥ 6,904","35","B0CWV6Y83J","B0CX4QJ5R3","39.1","38.3","7.2","1540"
"【洗い替えカバー付き】枕 Pursay 首が痛くならない まくら 快眠 低反発枕 高さ調整可【人間工学立体構造･首元安定型･通気性に優れ】 肩 首 フィット 横寝枕 横向き寝 うつ伏せ寝 仰向け寝 安眠 よく眠れる 高め 低め 大きい ピロー プレゼント ひんやり 冷感 洗える 枕カバー付き","1493","94","50","365","¥ 5,980","","1","B0F7XQJ5VX","B0FNMX6K4N","39.4","14.4","14.4","1670"
"【Amazon.co.jp 限定】サーモス デュラブルシリーズ 取っ手のとれるフライパン6点セットDA IH対応 グレー KSD-6A GY","1495","105","300","923","¥ 8,400","¥ 8,400","1","B0GNMGWV4V","B0FX4TWBSL","32.9","32.8","19.5","2890"
"冷水筒 K-1287W 2個セット","1503","77","","734","¥ 10,618","¥ 10,618","1","B0F7H56MSB","B0DJ246CW5","32","21.3","19.2","940"
"山善(YAMAZEN) 本棚 スリム 大容量 ラック 6段 分割できる 幅59.5×奥行17×高さ127cm ブックシェルフ 漫画 コミック 本 収納 棚 ダークブラウン 組立品 SCMCR-1260(DBR)","1865","46","","6","¥ 5,930","¥ 5,930","1","B0GY3RWP5L","B0GZV64D52","68","21.5","17","12350"
"SALLOUS ダイニングマット クリア PVC 180X180cm 特大サイズ 超大判 厚さ1.5mm クリアマット テーブルマット 透明マット","1526","48","50","3634","¥ 6,302","","1","B08QYSHZPY","B07YWRZ5L3","181","7.2","6.2","6080"
"りぶはあと 抱き枕 BIGサイズ ねこ肯定感 みけねこのさんま (全長約58cm) かわいい 猫 ぬいぐるみ 猫グッズ 27720-11","1538","96","50","578","¥ 7,210","¥ 13,578","6","B0DTT2ZP6K","B0FLJSQF8K","65.7","44.6","27.3","1290"
"シャープ 衣類乾燥 除湿機 CVS180W ハイパワー 除湿 18L/日 プラズマクラスター 7000 消臭 カビ抑制 部屋干し 上下左右自動スイングルーバー 省エネ コンプレッサー方式","1539","102","50","169","¥ 40,480","","12","B0D8KHDRL4","B0FCMDJ98B","71.5","41.5","29.5","17800"
"okalumi LED電球 E17口金 60W形相当 昼光色 6000k 760lm ミニクリプトン・ミニランプ形電球 広配光 断熱材施工器具対応 密閉器具対応 小形電球タイプ 調光不可 10個セット","1539","30","","222","¥ 5,499","","1","B0GX9T12K2","B0GWGZ1ZWR","7.7","7.5","3.7","60"
"アイリスオーヤマ 電気圧力鍋 圧力鍋 4L 3~4人用 低温調理可能 卓上鍋 予約機能付き 自動メニュー90種類 ガラス蓋付き レシピブック付き ブラック PMPC-MA4-B","1541","164","600","7748","¥ 14,880","¥ 14,880","9","B08GSHPC6G","B0H86ZVK5X","36.9","36.6","31.7","6510"
"フィリップス ヒゲトリマー 3000シリーズ はじめてのヒゲトリマーに","1542","115","200","29","¥ 5,944","¥ 5,944","16","B0FQWLR3BW","B0FX3SM6Y5","19.3","12.1","6.2","300"
"パナソニック 2口 IHクッキングヒーター 右IHオールメタル対応 据置タイプ (単相200V) (グリル皿タイプ) (ウォームシルバー/シルバー) KZ-E60KM","1542","68","","7","¥ 129,800","","7","B08XTB1DC3","","60","55","30","2000"
"ビーズクッション 特大 70×60cm 一人掛け ビーズソファ 体にフィット 取っ手付き 洗えるカバー (グレー, Medium)","1545","85","200","38","¥ 5,380","","1","B0H2Q237CS","B0HB4RKYQ1","47.5","45","43","2480"
"SwitchBot スマートリモコン ハブ3 赤外線家電を管理 Alexa - 2.4インチモニター付き スイッチボット 学習リモコン 温湿度計機能付き 光センサー付き リモートボタン スケジュール シーンで家電一括操作 遠隔操作 節電·省エネ Google Home IFTTT Siri SmartThingsに対応 Hub3","1554","95","1000","1405","¥ 13,482","¥ 13,482","3","B0DWDQYLXG","","13.8","13.2","11.3","550"
"[山善] 電子レンジ オーブンレンジ 18L 一人暮らし 二人暮らし フラットテーブル トースト機能付き オーブン機能付き 自動メニュー18種類 簡単お手入れ グリル機能 ブラック YRP-F181TV(B)","1559","140","400","241","¥ 16,920","¥ 16,920","3","B0CTH2WNMS","B0G4M8YM2V","53.5","46.5","36.7","16480"
"[山善] 炊飯器 一人暮らし 4合 マイコン式 二人暮らし 3.0mm厚釜 低温調理 炊き分けメニュー6種 保温 予約 玄米 クリーニングモード搭載 ブラック YJS-CM072(B)","1568","138","300","721","¥ 7,770","¥ 7,770","5","B0D9LB82KR","B0FW41HMVC","29.3","28","26.9","3800"
"アシモッチ® 正規品『整体師に聞いた理想的な 足枕 』 就寝用 反り腰 ワイドサイズ【カバー洗える/本体丸洗い可能】 プレゼント 【オーダーメイド高さ調整/補充綿付き】(エレガントグレー)","1571","50","200","551","¥ 6,730","","1","B0CK4RR83L","B0CM8VZ8R6","41","35","12","2400"
"[山善] 焼き鳥焼き器 減煙 電気七輪 卓上 焼き鳥 焼肉 ひとり占めグリル 焼鳥コンロ 網焼き 家庭用 無段階火力調節 油ハネ削減 ブラック ESR-Q100(B)","1573","118","1000","1147","¥ 5,400","¥ 5,400","5","B0B819XVHT","B0FYNDPYL9","36.1","19.4","14.7","1590"
"TAILI 6パック真空収納袋、ロングサイドジップ（99x71cm）、衣類用真空シール袋、寝具、掛け布団、毛布、枕、衣類用ジャンボ型スペースセーバー","1574","63","","5211","¥ 7,464","","1","B0DP41SCBX","B0F3CVJMZJ","27.2","20.9","8.6","880"
"タンスのゲン 除湿機 小型 パワフル除湿 10/L日 24畳 コンプレッサー式 静音 部屋干し 衣類乾燥 コンパクト 79700006(118965)","1710","69","50","340","¥ 12,999","","1","B0F2HL3GSM","B0F59LJLZ7","55","35","25","10000"
"AVA.Home のびのびシーツ ファミリー ロング ショート兼用 ストレッチシーツ 伸びる ボックスシーツ やわらかニット フィットシーツ 薄型 厚型 ベッドシーツ 伸縮 マットレスカバー ベッドカバー 敷ふとんシーツ 無地 オールシーズン ベージュ","1579","74","","424","¥ 5,083","","2","B0B93HHYR6","B0B93FWKLT","31.8","25.1","10.3","1150"
"【GBFT Online限定 標準工事費込み】工事保証3年付属Daikin ダイキン Eシリーズ 壁掛形エアコン S226ATES-W 主に6畳用","1581","84","400","5","¥ 90,000","","2","B0GXJHX2JL","B0H5QBP7SL","85","30","30","8500"
"エピキュリアン まな板 木製 カッティングボード LLサイズ ナチュラル 日本正規品 食洗機 熱湯消毒 対応 高耐久性 軽量 薄型 7.4123-X1","1584","106","50","3540","¥ 5,220","¥ 5,220","12","B00CAG9Q7A","B0FGCPTN85","37.2","29.4","1.3","750"
"アイリスプラザ ラック スチールラック メタルラック 幅120cm 5段 STR-1200 ブラック 幅約120×奥行約46×高さ約183㎝","1586","116","400","2092","¥ 8,262","¥ 8,262","2","B087XL2B9R","B087ZCG49V","127","45.5","8.5","29250"
"アイリスオーヤマ チェスト 4段 届いてすぐ使える完成品 ワイド 日本製 幅54×奥行40×高さ82cm ホワイト/クリア 白 プラスチック天板 W-544 組立不要","1589","94","100","429","¥ 5,420","¥ 5,008","17","B00H1NM6XI","B0DV53YQFX","83","55.2","41.6","6420"
"[山善] 電気ケトル 電気ポット 0.8L 1200W 一人暮らし 二人暮らし ドリップケトル バリスタポット 湯こぼれ防止 温度調節 保温 空焚き防止 オートオフ機能 カウントアップ表示 コーヒービーンブラック YKR-SC1280(CBB)","1594","107","","30","¥ 9,650","¥ 9,900","7","B0DPLTLCMN","B099ZNMMBB","33.1","21","16.5","1510"
"パナソニック ミキサー タンブラー スムージー ジュース レシピブック付 ホワイト MX-XP102-W","1597","125","600","1116","¥ 5,809","¥ 5,809","11","B07RWBT345","B07RWXNXMT","24.6","23.9","15.6","1550"
"ボンスター ケース販売 業務用 金たわし ロールパッド 12個入×100パック 調理器具 金属みがき レンジまわり 流し台 サビ","1598","88","","939","¥ 20,892","¥ 20,892","2","B0D13XWLTQ","B0CQCWPLVY","69.5","61","35.2","10090"
"[バートル] ファン+30Vバッテリーセット AC10+AC10-2 エアークラフト AIRCRAFT 京セラ製 2026年モデル バッテリーのカラー:67マーリン/ファンのカラー:67マーリン","1942","115","500","340","¥ 17,012","","12","B0GP9N4FDR","B0GP96RMM9","26.5","14.4","11.7","960"
"[山善] 洗える サーキュレーター【ほこりが付きにくい帯電防止羽根】DCモーター 静音 18畳 上下左右 首振り 風量無段階調節 帯電防止 羽根径15cm ダイヤル式 お手入れ簡単 グレージュ YAS-TCFVW15(C)","1600","82","400","116","¥ 5,380","¥ 5,380","1","B0GGYT31HL","B0GV26FXWJ","29.8","21","21","1650"
"【ふくらはぎケア】フットケア モード/温度/強度 3 段階調整 360° 全包 レッグリラックス 温熱ケア コードレス 20分自動オフ (2 個)","1604","113","1000","275","¥ 6,980","","3","B0H26J4BW8","B0HG56DKJC","34.2","17.4","12.1","990"
"JEJアステージ(JEJ Astage) 収納チェスト ハンガーラック & 5段チェスト クリア 日本製 簡単組立 幅83.5×奥行42×高さ111.2cm","1615","99","50","135","¥ 6,480","¥ 6,532","6","B012VR209S","B0DBKSQHBK","56.7","47","36.7","6750"
"尾上製作所(ONOE) 5個入り バケツブラック11L G-B-BK11 [シックな黒色モデル アウトドアでは薪や炭を入れて持ち運び インテリア雑貨 口径28.0 x 底径24.0 x 深さ23.0cm 日本製]","1433","67","","24","¥ 12,420","¥ 12,420","2","B0BWXLSH4J","B0H6M163S3","45.8","31.8","31.6","6770"
"【I'm home掲載×インテリアコーディネーター監修】ローテーブル (幅90㎝ ブラック) 組立不要 折りたたみ 一枚板 ちゃぶ台","1849","111","100","559","¥ 6,980","","1","B0F28S2BPM","B0F28RK2G7","94.2","52.3","6.2","8160"
"【公式】楽ちんヒアリング 集音器 軽量 正規品 ベージュ 超軽量タイプ 目立たない 約30倍に音を増幅 4段階の音量調整 充電式で電池交換不要 敬老の日 プレゼント Shop Japan(ショップジャパン) RAH-SSAM","1626","104","800","2156","¥ 10,890","¥ 10,890","1","B07DKMGLQ8","B0FMDW4699","35.8","23.8","14.4","150"
"HARIO(ハリオ) スタッキング耐熱ガラスコンテナ・スクエア10個セット HKOZ-1002-OW","1631","62","","2785","¥ 7,180","","1","B0BQXY99DT","B0CN98B6C2","31.5","29","20","5500"
"AVA.Home フラットシーツ シングル ホワイト （150cmx250cm）業務用 ベッドシーツ 6枚組 マットレスカバー アッパーシーツ 白","1641","74","50","446","¥ 5,942","","2","B0C2KG54TQ","B094G5BSZ3","31.5","25.8","12.5","2330"
"下村企販 ざる ゆであげ ザル ハーフサイズ 【日本製】 ステンレス 食洗機対応 2種類の食材をゆでられる 湯切り 同時調理 ラーメン パスタ そば うどん お鍋でちょこっと 燕三条 45914","1645","68","","7","¥ 7,340","¥ 7,340","1","B0DG2DD3VR","B0F3X76QLR","22.1","14.3","7.6","100"
"Deconovo カーテン 2級遮光 2枚組 幅200×丈230cm 厚手 ドレープ 形態記憶 洗濯OK UVカット 遮光率99.91% やさしい採光と目隠し 省エネ 寝室 リビング用 アジャスターフック対応 カーキ","1657","50","","5906","¥ 5,681","","1","B0BM5VGT79","B0FM7DV2FX","41.7","30.2","17.3","3380"
"アテックス ATEX マッサージ器 腰 肩 背中 肩こり ルルド マッサージクッション ミニ ブラック AX-HCL318bk 軽量 小型 【ACアダプター付】 もみ玉 3つのモード リラックス なめらかなもみ心地 日本 国内メーカー 母の日 父の日 誕生日クリスマス ギフト プレゼント","1659","120","300","311","¥ 5,980","¥ 5,980","2","B0BF9TPFM3","B0DSQ7W2QC","38.8","20.8","11.1","1570"
"ライクイット (like-it) 靴収納 省スペース 収納量2倍 くつホルダー 高さ調節 機能付き 【15個セット】 1個あたり約幅10x奥27.2x高10~18.5cm ホワイト 日本製 スニーカー収納 男女兼用","1857","51","","335","¥ 5,280","¥ 5,280","3","B0BBGD4D5K","B0CZTMT394","34.4","27.3","11.9","2780"
"【2026改良モデル】HAGOOGI キャンプ 扇風機 アウトドア 扇風機 【専門家が推奨】 DCモーター コードレス ブロンズブラウン","1666","89","1000","240","¥ 6,980","","3","B0GS1PGB8J","B0HG8XZD28","33.1","26.1","16.7","1930"
"アイリスオーヤマ(IRIS) タフキャリー ネイビー/クリア 35×75×2.5 TFC-440 6個セット","1669","92","100","204","¥ 9,990","¥ 14,473","2","B07Z5GWMDX","B0D6RC89WQ","74.9","70.5","44.9","15500"
"DIHACOZ キッチンマット 拭ける【L型を革新-隙間防汚対策】60x270cm 低反発 滑り止め 防音 防水 6mm 分厚 PVCマット 洗える い北欧 おしゃれ 高級 グレー","1851","28","","261","¥ 5,280","","1","B0FPWNQ72H","B0FF2K83PP","60","16.5","16.5","2350"
"パナソニック フードプロセッサー 1台7役(きざむ・する・混ぜる・おろす・粗おろし・スライス・千切り) 食洗機対応 離乳食 MK-K82-W","1676","134","300","571","¥ 11,873","¥ 11,873","18","B09W5GRH7Q","B0C4X6MWC1","38.6","26.9","23.8","4160"
"サンリオ(SANRIO) 2WAYステンレスボトル クロミ 子供 保温・保冷両用 容量：コップ使用時620mL ダイレクトキャップ使用時670mL 名前スペース付き 096075","1685","118","100","51","¥ 5,500","¥ 5,500","9","B0DPBV3P96","B0F1ZWL7RD","31.6","10.8","10.6","640"
"東京Deco 多機能 炊飯器 5合炊き マイコン式 ダークブラウン 2～4人用 極厚釜 スチーム皿付き 6種類の充実のメニュー(白米 早炊き 無洗米 玄米 おかゆ 保温) 12時間保温 一人暮らし サポート 炊飯器 調理鍋 独り暮らし 3 5.5 1 独り暮らし ih 合 升 d000","1689","51","","2216","¥ 5,999","","1","B095VN1YLC","B0GFMZ2T2L","63.1","52.2","17.9","3600"
"アイリスオーヤマ 除湿機 衣類乾燥 デシカント式 13畳 サーキュレーター付き 除湿器 除湿量 5L タイマー付き スピード乾燥 静音設計 大容量 強力 部屋干し カビ防止 首ふり 左右 梅雨対策 コンパクト リビング IJD-I50 ホワイト","1696","119","600","11065","¥ 19,800","¥ 19,800","16","B07RVT4BK3","B0F2J38FRG","106","64","26.5","9280"
"【WEB限定】タイガー魔法瓶(TIGER) 電気ケトル 0.8L 驚速 軽量 湯沸かし 蒸気セーブ 転倒お湯漏れ防止 マットホワイト PCM-N080 WM","1700","103","200","375","¥ 5,980","¥ 5,980","2","B0DH7WLPB5","B0FRB45ZRX","22.3","19.7","17.5","1180"
"パナソニック 還元水素水生成器 ホワイト 大型カラー液晶 TK-HS71-W","1703","65","","24","¥ 132,000","","17","B09W8Q5TB9","B0HBPCL54B","35.9","26","14.4","5110"
"象印 水筒 大容量 720ml 食洗機対応 シームレスせん お手入れ点数たったの2点 ステンレスマグ スクリュータイプ ブラック SM-GS72-BA (× 3)","1709","3","","367","¥ 8,235","","","B0HF7HTVH1","B0DQWBBTS9","26.4","7.7","7.7","1110"
"Dowinx ゲーミングチェア ファブリック オフィスチェア デスクチェア 椅子 昇降連動アームレスト リクライニング 手刺繍 ブラック","1713","96","100","1603","¥ 15,850","","1","B0GV486HG4","B0GXFPJVTV","76","57","26","19100"
"アトラス ペットボトルホルダー 水筒 まとめ買い 24個入り 保冷 ペットボトルクーラー 500ml 650ml 真空断熱 折りたたみ ハンドル 取っ手付き ボトルインボトル グラデーション アイス ABIB-EIC24P","1725","51","","317","¥ 32,600","","2","B0DVBY6LN9","B0F9F2YCCK","1.9","1","1",""
"フィリップス Norelco OneBlade 360 フェイス+ボディ ハイブリッド 電動トリマー&シェーバー QP2834/70","1730","69","400","7690","¥ 9,651","","10","B0BZDPFH45","","19.5","10","3.7","190"
"ケルヒャー(Karcher) スチームクリーナー SC 1 Multi ＆ Up ハンディスチーマー 衣類スチーマー スチームモップ / 30秒で準備完了 連続給水可能/高温のフローヒーター式加熱 しつこい汚れを浮かす 水だけ除菌消臭/床掃除 油汚れ カーペット フローリング 水垢 キッチン 風呂場 トイレ 車 付属品充実 オプションアクセサリー充実 【ズボラ】 1.516-414.0","1730","94","100","18","¥ 24,800","¥ 24,800","1","B0GN8RV6S2","B0GTVTCNBM","59","20.3","19.4","3040"
"タイガー 魔法瓶 マイコン 電気 ポット 2.2L ホワイト PDR-G221-W Tiger","1731","140","1000","1720","¥ 7,050","","36","B01HC98WHY","","30","29.5","24","2410"
"VK Living 夏用ラグマット 接触冷感 カーペット SUPER ICE 冷感ラグ 190×240cm 約3畳 アイボリー","1733","66","50","761","¥ 5,199","","1","B0DHVGLXQM","B0FRLZQCPM","40","33.5","16","2080"
"パナソニック 炊飯器 5.5合 おどり炊き 大火力包み加熱 ブラック SR-N310D-K","1734","146","500","50","¥ 20,100","","45","B0F531HRBV","B0FF3B5R82","44","29","27","6250"
"【Amazon.co.jp限定】 Shark シャーク 掃除機 コードレス 軽量 ハンディクリーナー WV321JWH EVOPOWER EX フローリング用延長ノズル付 スティッククリーナー スティック ハンディ クリーナー コードレス掃除機 充電式 アイボリー","1743","149","600","525","¥ 13,663","¥ 13,663","1","B0DZ1R4KBN","B0F5GK13WH","58","28","12","2030"
"Coizabera LEDシーリングライト 20畳 80W 10400lm 調光調色 常夜灯モード メモリー タイマー 照明器具 照明天井 ledライト 電気 蛍光灯 リモコン操作 薄型 シーリングライト 寝室/リビング/ダイニング/書斎に適用 【赤外線リモコン】スマホ操作なし","1757","92","50","49","¥ 11,999","","1","B0DN17ZF8Q","B0GWH237BB","63","62","13","2800"
"ストリックスデザイン リッド 240ml/8オンス用蓋 2304個 (48個×48セット) ブラウン リップルラップカップ対応 断熱 業務用 紙コップ MB-872","1758","94","","134","¥ 18,190","¥ 18,190","1","B0CPS9ZNFN","B0DGTFVCTQ","53.1","44","36.2","6820"
"nishikawa【西川】 掛け布団カバー ダブル 洗える 肌に優しい触り心地の綿100％ パチッと止めるだけのスナップ式ホック クイックスナップ カバーリングスタジオ CT4007 無地 カバーリングスタジオ CT4007 ブルー PI24600062","1762","79","","4","¥ 6,600","¥ 5,667","3","B0CYZW6FZB","B0D5BB4C61","22.9","21","9.5","920"
"クリンスイ交換用カートリッジ MDC01SZ（MDC01S×3個入り）蛇口直結型 浄水器 MD301／MD201／MD101／MD102／MD103／MD301i／MD211／MD111 対応 活性炭・中空糸膜フィルター PFOS・PFOA除去 並行輸入品","1764","89","1000","113","¥ 5,205","","1","B0GXZ2BBBH","B0HF3C76BQ","18.1","10.7","6.3","410"
"[山善] LED キッチンライト 多目的灯 近接センサー LEDライト 照明器具 工事不要 電源プラグ付き 1170lm (幅60.4cm) LT-C13N","1770","96","100","602","¥ 6,980","","1","B081TTC8BW","B0993M9LNT","67","9","5","880"
"ドウシシャ いつでもどこでも背もたれ スリム 座椅子 薄型 コンパクト 背もたれ 18段階リクライニング 頭まで支えるハイバック 転倒防止ストッパー 折りたたみ収納可 軽量 ベッド上 読書 ゲーミング ベージュ EIDS-BE","1774","106","200","320","¥ 5,980","¥ 5,980","2","B0CSRQJMV4","B0H6LQG397","75","48","14","4280"
"アイリスオーヤマ IHコンロ IHクッキングヒーター 高火力 卓上 小型 1400W IHK-TA1AZ-B","2273","80","500","21","¥ 5,480","¥ 5,480","1","B0GVJ8PV4M","B0H6FXX29W","39.9","31.8","8.9","2120"
"【Amazon.co.jp限定】 COMFEE' エアコン 6畳 2.2kw 2026年モデル 大風量快適 冷暖房 静音 省エネ 除湿 内部清浄 4方向スイング 上下左右ルーバーリモコン制御対応 家庭用/一人暮らし ルームエアコン 保証1年 CYA-2216AZ(W)/COYA-2216AZ","1776","104","400","139","¥ 43,000","¥ 43,000","1","B0G5PL2X6D","B0GSVS8V93","52.5","52.5","52.5","110000"
"NIPLUX 博士監修 EMS強化通電率150％UP 足裏フットマット 足ツボ足裏ケア ５種類モード19段階強 メモリー機能の電気 LEG FIT","1781","112","600","784","¥ 7,920","","2","B0CHXYLPCZ","B0F9YL6P68","30.8","30.3","3.3","600"
"【Amazon 限定ブランド】廊下カーペット 吸着 滑り止めマット HDMOD ペット対応 ロングカーペット 幅80 長さ600cm 厚さ4mm 洗える 防音 ズレない キズ防止 床暖房対応 負担軽減 薄い 廊下敷き 玄関 階段マット カットOK (モカ)","1797","60","","453","¥ 9,349","","1","B0CTKD3JJ4","B0DDX6WWBJ","80.4","19.6","18.8","3020"
"YDH キッチンラック【2口コンセント・棚板追加可・幅伸縮・高さ調整】ゴミ箱上ラック 幅50～80×奥行42×高さ170cm スチール ホワイト","1802","118","200","592","¥ 10,998","","1","B0D4YDNHQ2","B0D4Y14MV5","93.4","47","15.3","14600"
"アイリスオーヤマ メタルラック 本体 キャスター付 幅91×奥行46×高さ178.5cm 5段 耐荷重60kg ポール径25mm スチールラック棚 シェルフ SE-918EC","1811","126","400","1792","¥ 7,649","¥ 7,649","5","B07PM5K22D","B0GT3MY5DP","94.7","47","22","15980"
"体重計 体組成計 Bluetooth対応 【2026年最新改良モデル・業界最薄級】スマホ連動 BIA技術 12項目測定 体脂肪計 BMI 筋肉量 iOS/Android対応 強化ガラス 自動ON/OFF 基礎代謝 データ自動記録 13人登録 専用アプリ対応 LED大画面 （ホワイト）","3475","11","","5","¥ 8,990","","1","B0H9FMMBJ2","B0H9FJCQNH","28.4","26.9","2.7","940"
"【公式】レンジメートプロ（クレイピンク）RANGEMATE PRO 電子レンジ専用調理器具 レシピブック付き 【特許技術使用】焼き魚 魚焼き レンジ 焼き目 丸型 電子レンジ調理器 レンジメイト グリルパン","1959","65","50","1368","¥ 9,900","","1","B0CZ6WRXL1","B0HBWFC4BK","23.5","23.4","11.7","1120"
"【セット買い】Iwatani イワタニ 岩谷 カセットガス エコプレミアムIII CB-EPR-3-B + 焼肉プレート (L) CB-A-YPL + カセットガス CB缶 3P セット","1978","59","","2","¥ 9,250","","1","B0DTTT6G4D","B0H73NQFRR","35","27.9","9.4","1690"
"Neporaユニバーサル冷蔵庫カバー 断熱冷蔵庫カバー アルミホイル付き アルミホイル断熱シート 冷凍庫用サンシェードフィルム、防水、防塵、日光防止 冷蔵庫用日よけシールド 清掃も簡単で お手入れ簡単 (78x183cm,強力磁石＋黒縁取り)","2074","3","","","¥ 5,065","","1","B0H2HMK6SN","B0H2HBJSSK","1","1","1","1000"
"Vacbird 圧縮袋 旅行 旅行用圧縮袋 衣 類 圧 縮 袋 充電式ポンプ付き 17枚","1818","69","","684","¥ 15,921","","1","B0DZXG6ZJK","B0GTYRYWQS","29.3","19.6","13.1","1338"
"【ケース販売】HEIKO プラカップ 12・14・18用ドーム型蓋 004530942 1ケース(100個入×10袋 合計1000個)","1821","71","","","¥ 9,980","¥ 10,081","2","B09J4P2RN2","B0FRMCL5YD","51","51","21","4480"
"おしぼりタオル 100枚 70匁 綿100％ 薄手 吸水速乾 絞りやすい 業務用 キッチンタオル ふきん 台拭き ネイビー","1862","66","50","340","¥ 6,360","","1","B0BDY5KBGV","B0DV9BCWSC","28","28","15","2300"
"山善(YAMAZEN) ポールハンガー スリム 直径30×高さ176cm 玄関 コートハンガー ハンガーラック 組立かんたん 枝葉モチーフ ブラック RTP-176(SBK)","1826","70","","220","¥ 5,990","¥ 5,990","1","B07ND5MCHZ","B0HDCDCNWB","63","33","9.8","5820"
"UR.SALON シャワーヘッド 日本企業開発 マイクロナノバブル 節水 【ナノバブルによる洗浄力できらめく肌に】 高水圧 肌ケア 美髪 毛穴汚れ除去 (手元止水 / 6段階水流 4種類アダプター付き) ミスト ナノバブル","1828","115","500","155","¥ 6,299","","2","B0GQ2GCS24","","30.8","15.3","9.7","830"
"nishikawa 【 西川 】 医師がすすめる健康 枕 パイプ 低め 肩楽寝 医学博士監修 理想的な寝姿勢 仰向け 横向き 対応 高さ調節可能 丸洗い可能 通気性 弾力性 快眠 肩こり まくら pillow ホワイト EH93052943","1835","110","200","283","¥ 6,380","¥ 6,380","1","B0CGZ88DCQ","B0CSDR3JJJ","50","33","11","1030"
"ストリックスデザイン 使い捨てフォーク ミニ 日本製 10000本 (100本×100個セット) 10cm クリア 試食 デザート カフェ 飲食店 業務用 大容量 DR-484","1883","71","","2","¥ 36,753","¥ 36,753","1","B0GCM79CXM","B0FKGJ1VHN","43.7","43","36","14630"
"ストリックスデザイン ポケッチューストロー 日本製 20個セット 約直径3.5×高さ3cm グリーン 調節ジョイント付 取替ストロー付 片手で使えるワンタッチオープン ペットボトル ストローキャップ 入院 便利グッズ SD-035","1845","87","","1191","¥ 8,490","¥ 8,490","1","B0BG4NBSRB","B0G2PR3VX2","27.6","24","18.4","690"
"ヘンケルス セルフシャープニング ナイフブロック セット ユニティ デイリー 包丁 シャープナー 研ぎ 【日本正規販売品】 19371-003 Henckels","2008","94","","10","¥ 10,780","¥ 11,111","2","B0BTYGC38X","B0F3XBQGD5","34.2","20.9","10.8","1690"
"GXTRACE ゲーミングチェア オットマン付き 145°リクライニング ゲームチェア 快適 デスクチェア ゲーム用 在宅ワーク (ブルー)","1863","104","100","352","¥ 13,899","¥ 13,899","3","B0GYNNX4PR","B0G38XCB3N","63","60","29","18500"
"ヨシカワ 見える！フライパン用蒸し器 28～30cm用 ガラス蓋付き 蒸しプレート フライパンにのせるだけ ステンレス 蒸し料理 燕三条 日本製 YJ3278","2124","108","50","37","¥ 5,089","¥ 5,089","8","B09JZ1NT13","B0FF46WRXH","33.6","32.7","10.4","1070"
"[公式] ソーダストリーム GAIA (ガイア) 特別パッケージ ｜マシン本体 + 60Lガス2本+ボトル3本(1L&0.5L)｜ ブラック 炭酸水メーカー 電源不要 sodastream","1866","63","300","198","¥ 12,207","","2","B0CH9GRQXD","B0CH9HV73B","44.1","28","21.1","4230"
"◆新色◆【公式ストア限定】リファスキムシェーバー/ReFa SKIM SHAVER・ショッパー付き (ペールピンク)","1867","57","100","248","¥ 5,280","","1","B0H25JRF62","B0DBHPL2BG","31.2","24.3","10.1","380"
"山崎実業(Yamazaki) 伸縮 レンジガード ホワイト 約W47XD45XH35cm タワー キッチンツール収納付き ガスコンロ IH 対応 4974","1871","68","","301","¥ 8,910","¥ 8,910","11","B083NT7P1M","B07Z854954","47","36.2","6.8","5660"
"【ナチュラルウッドフレーム・12畳用】アイリスオーヤマ LEDシーリングライト 調光調色【Amazon.co.jp限定】","1877","98","100","1078","¥ 7,580","¥ 7,580","1","B0CKWT3HGM","B0H39BZYV1","61.6","61.5","13.2","2800"
"象印マホービン 炊飯器 5.5合 極め炊き IHタイプ 日本製 保温30時間 ブラック NW-VE10-BA","1886","130","1000","572","¥ 17,990","¥ 17,990","8","B0C9T4Z4WC","B0GSQ6Z8S9","42.7","30.1","24.5","4880"
"山善(YAMAZEN) 押し入れ ハンガーラック 【全体耐荷重60㎏】 伸縮 (幅73-120×奥行35×高さ88-124㎝) 突っ張り ワンタッチで設置可能 組立品 ホワイト WJO-717(WH)","1892","104","100","227","¥ 5,290","¥ 5,290","1","B0B7937J66","B0H1VS2K2B","76.5","16.7","8.5","2830"
"imaa(アイマ) 今治タオル 認定 バスタオル ふわふわ 薄手 吸水速乾 日本製 綿100% 真空圧縮パック ライトブラウンxブラウンxグレー","1922","62","","1408","¥ 5,184","","1","B0CHJKX2JT","B0DLFMGWZC","31.2","21.3","3.2","670"
"【安心の日本企業】Orage RR35 コードレス掃除機 自動ゴミ回収ステーション 自動ゴミ収集ドック 自立 自走式 軽量 スティック 2年保証","1898","120","200","146","¥ 18,630","","1","B0FBG488XQ","B0DF77T4NL","54.5","36.5","28.5","5750"
"コンフィー(COMFEE') IHクッキングヒーター 1400ワット IHコンロ 卓上 薄型 ブラック","1900","118","200","220","¥ 5,980","¥ 5,980","1","B0DRP4JTN2","B0H1GD3VJ8","41.5","35.4","9.8","2680"
"オムロン 体重 体組成計 カラダスキャン ブラック KRD-703T スマホ連動 データ自動転送 全身測定方式 部位別測定 BMI 骨格筋率 体脂肪率 OMRON connect対応","1901","126","1000","1713","¥ 16,480","¥ 16,480","1","B07YLPHPHB","","36.4","35","7.2","2760"
"タワーファン【上下左右角度調節・冷暖兼用】扇風機 羽根なし扇風機 冷暖両用 ヒーター 縦型 サーキュレーター スリム DCモーター 静音 強力 転倒OFF 上下左右首振り 空気清浄 1-9Hタイマー メモリー機能 ECO恒温モード 過熱保護 リモコン付き リビング 足元 寝室 脱衣所 トイレ オフィス用 冷暖房 省エネ 日本語説明書 PSE認証済","1903","107","1000","484","¥ 12,998","","9","B0FS239N5B","B0GW4QWVHH","65.3","25.1","23.2","3620"
"【現役整体師の監修】 ゲーミングチェアマット チェアマット デスクチェアマット フランネル 6.5mm厚吸音 デスク下マット デスクカーペット ゲーミングマット (ブラック, 160x180)","1903","55","100","75","¥ 5,599","","1","B0H44V3VNZ","B0H4CK4F2M","44.8","32.1","16.5","4180"
"ステンレス製防水 洗濯機パン 水受けトレー 高さ5cm 床保護 家電下トレー 冷蔵庫置き台 多用途 家庭用 (304ステンレス鋼パレット,80cm*80cm*5cm)","3594","3","","","¥ 11,260","","1","B0H6FZGH9P","B0H6FZ1ZG2","60","40","5","1000"
"SANEI(サンエイ) シャワーヘッド レイニー 日本製 手元ストップ 節水率50% 極細水流 勢いアップ ステンレスシャワー板 シルバー PS313-80X1A-WA2S1","1908","97","","2251","¥ 5,079","¥ 5,079","3","B0FTLDRX5L","B0H97QPJM6","26.7","11.5","6.4","300"
"AZU50-D68 パナソニック Panasonic IHラクッキングリル専用グリル皿 IH調理器 200V IHクッキングヒーター （ビルトイン）","1909","85","","82","¥ 7,264","","7","B00W4WB6DM","","44","31","7","1820"
"【Amazon.co.jp限定】 ケンコー(Kenko) ポスター用アルミ額縁 NEW パチットポスターフレーム UVカットプラス A2 10枚セット シルバー フロントオープン式 日本製 NAPT-A2-SV10P","1918","57","","","¥ 25,000","¥ 25,000","1","B0FKTBNZSW","B0FNMRJ5MG","61.5","61.5","44.5","7500"
"【Amazon.co.jp 限定】象印マホービン 炊飯器 5.5合 極め炊き 豪熱大火力 圧力IHタイプ 日本製 お手入れ点数2点 ホワイト NW-YB10AM-WA","1925","41","100","2","¥ 37,800","¥ 37,800","1","B0GY94NFBK","B0HBM5MQMC","46.6","30.4","26.6","5940"
"東洋佐々木ガラス ロックグラス 薄づくり グラスセット ロックグラスセット 340ml 24個セット 日本製 食洗機対応 ペア 焼酎グラス ウイスキーグラス グラス コップ 薄い ギフト プレゼント 贈り物 G101-T291","1927","77","","","¥ 14,713","¥ 14,713","2","B09MQH5MHT","B0F333G1X2","57.5","39.2","21.7","9190"
"シーリングライト LED照明 インテリア照明 10畳 LEDシーリングライト リモコン 天井照明 おしゃれ 調光 調色 リビング 寝室 子供部屋 寝室 和室 洋室 HD2-ledcl-dp06-aw (ナチュラル)","1928","79","","406","¥ 6,180","","1","B0GS953TY9","B0DMDHT6DN","38","38","15","1800"
"【最大10日間保冷】真空断熱6層構造マグボトル 1900ml アイリスオーヤマ HUGEL チャコールグレー 最大80時間保冷 /最大60時間保温 簡単お手入れ フタ付一体型 食洗器対応 ハンドル付き アウトドア キャンプ スポーツ ピクニック","1934","113","500","152","¥ 5,709","¥ 5,709","7","B0GNYJH24D","B0GPVVCHS7","34.3","16.7","12.5","1120"
"be by siroca（シロカ） DCリビング扇風機 BF-151｜扇風機 風量調節8段階 ON/OFFタイマー機能 左右首振り75° 自動電源オフ機能 チャイルドロック リモコンつき ミニマル設計","1935","98","1000","133","¥ 5,480","","1","B0GY3X67QF","","61.2","36.9","18.7","4040"
"エイアイテック 【4個セット】 オープンラックシステム スリム 幅30cm 奥行30cm 高さ30cm ブラウン OPR-3030x4pcs BR","1990","33","","2451","¥ 9,990","¥ 10,862","2","B0F8HB25RC","B0F9K8LLKF","53","38","35.5","26000"
"【設置工事不要】 アイリスオーヤマ スポットクーラー 4.5～7畳 冷風 送風 換気 梅雨対策 湿気対策 内部清浄機能付き キャスター付き ポータブルエアコン IPP-2226U-W コンパクト","1947","132","1000","377","¥ 27,800","¥ 27,800","1","B0GQGHWZXD","B0H5KH829H","89.9","46","43","27000"
"szbritelight スポットライト e26 ダクトレールライト LED電球付き ダクトレール 照明 (ブラック, 電球色 6個セット)","1948","106","200","470","¥ 5,999","","1","B07ZFB7M1T","B09P17LQXS","22.7","16.9","14.4","1540"
"SwitchBot RGBIC フロアライト LED スタンドライト - スイッチボット 間接照明 スタンド フロアランプ おしゃれ 寝室 照明 RGB 1600万色 電球色 昼白色 昼光色 マルチカラー 無段階 調光調色 Wi-Fi Bluetooth Matter Alexa Google Home Siriに対応","1951","116","800","425","¥ 8,582","¥ 8,582","1","B0FB3LPDBQ","B0FPC7FHJW","42.5","26.8","6.9","1790"
"不二貿易 ファイルワゴン 2段 幅55×奥行40×高さ70cm ホワイト スチールラック A4対応 キャスター付き 83983","1951","63","100","562","¥ 6,199","¥ 6,199","14","B003OQU5CA","B0DD7K567P","70","67","7","7800"
"アスベル ゴミ箱 屋外 ベランダ 90L フタ付き 外置き 大容量 しっかりロック 日本製 カラス対策 ブラウン 開閉簡単 幅44×奥行56×高さ79.5cm SPハンドル付ダストボックス A6728 ASVEL","1960","99","100","3116","¥ 7,915","¥ 7,915","12","B00FAZVKO0","B0DB7NTLVD","81","57","44","4800"
"MORCART タイルシール 防水 耐熱 キッチン 洗面所 タイルシート (25x25cm, 20枚, モザイク・ブラック)","2293","35","","611","¥ 7,399","","1","B0BP6LFVF2","B09JVVZC4P","28.5","26.9","4","1150"
"10mois(ディモワ) - Hoppetta ふくふくガーゼ(6重ガーゼ)ケット コットン100% champignon LLサイズ 140×200cm 5280","1980","56","","33","¥ 11,011","¥ 11,011","2","B07DRNCPWN","B08TXCKGZ8","50","37","9","1200"
"Awesling 抱き枕160ｘ50cm ひんやり 抱きまくら だきまくら 大きい サイズ たき枕 横向き寝 気持ちいい ふわふわ 男女兼用 大きい 長い枕 涼しい 睡眠枕 ロングピロー取り外して洗える枕カバー付き(グレー 160ｘ50)","1765","54","","2381","¥ 5,299","","1","B0D9NJM42G","B09N8Z8DXZ","37.2","27.9","15.8","2860"
"AQielev ノンフライヤー 4.5L エアフライヤー 【可視窓付き・7種自動メニュー】 電気フライヤー 1～5人家庭用 ノンオイル調理","1994","95","1000","155","¥ 6,899","","3","B0H2LRHXTH","B0HGBGGQLQ","34.9","33.6","28.1","3590"
"貝印 KAI まな板 関孫六 桧 450×300mm 日本製 AP5220","2001","105","100","552","¥ 5,191","¥ 5,191","8","B00P09HIS8","B0HB23CYJY","45.3","30.1","3","1280"
"タンスのゲン マットレス付き布団セット シングル【全部洗える！】5点セット 厚さ4cm 高反発マットレス付き 81900162(107628)","2020","72","100","148","¥ 7,591","","1","B0CZ3QDQJR","B0CZ45QS41","55.4","52.9","32","8400"
"[山善] 煙の少ない 焼肉プレート XGRILL PREMIUM ワイドサイズ プレート2種 (焼肉/たこ焼き) 吸煙機能付き 煙約94%カット 温度調節5段階 プレート着脱可能 YGMC-FXT130(B)","2027","96","100","559","¥ 12,727","¥ 12,727","16","B09GK3J1XQ","B0HGL95WJC","55.4","32.4","26.2","7000"
"コロナ リララ 窓用エアコン CW-1626R(WS) シェルホワイト 冷房専用 2026年モデル ノンドレン 50Hz/4～6畳 60Hz/4.5～7畳","2033","109","1000","182","¥ 42,727","","29","B0GR4V7QHS","B0GR4N64BY","90","45.5","42","27570"
"メリーナイト クッション 低反発サポートクッション 「もちとろん」 ピンク 約40×20㎝ 腰枕 背もたれ ホールド型 ウレタン 在宅勤務 自宅 オフィス デスクワーク ドライブ MTR1004-16","2035","57","","436","¥ 9,278","¥ 9,278","1","B0B79CY1DV","B0C4PGNJQM","43.6","22.8","12.7","440"
"TOSHIBA(東芝) 炊飯器 3合 RC-5ZXT(K) ブラック 一人暮らし IH 玄米 保温24時間 新生活","2037","127","300","316","¥ 13,320","¥ 13,320","1","B0D41ZT3G2","B0GGQXN64H","36","27.5","24.8","4240"
"Stanley 1913 (スタンレー 1913) クエンチャー H2.0 フローステート 真空断熱タンブラー ブラック 2.0 30 oz / 0.89 L","2210","1","","163","¥ 6,490","¥ 6,490","3","B0DTTKMMSP","B0H1RRPCVJ","30.8","14.5","9.9","700"
"パナソニック ビューティ・トワレ CH951SPF [パステルアイボリー]","2038","120","500","488","¥ 16,800","","28","B0BW2QQ2DY","B0DW7PWZG4","58.4","52","17.4","4750"
"ドウシシャ ルミナス スチールラックパーツ 基本ポール 支柱 高さ174.5cm 4本セット ポール径19mm アジャスター付き 19P173 可愛い おしゃれ スリム ラック diy 防錆加工 サビに強い 頑丈 業務用 組立簡単 ピッタリサイズ","2041","74","","68","¥ 5,116","¥ 4,651","3","B0CG8FS54W","B0HB4JZVH2","90","10","5","4000"
"東レ トレビーノ STC.V2J+1個 (3個セット) スーパーシリーズ (高除去/12項目クリア) 交換用 カートリッジ 浄水器 蛇口 直結型 日本製 STC.V2J-Z ホワイト","2135","124","500","1238","¥ 6,850","","16","B003OICTU4","B015FKZLEO","16.8","9.2","5.9","340"
"[公式] ソーダストリーム SPIRIT (スピリット) スターターキット ｜マシン本体 + 60Lガス1本+ボトル1本(1L)｜ ブラック 炭酸水メーカー 電源不要 sodastream","2043","108","300","1060","¥ 9,900","","3","B074XXKGZG","B075RY9L1D","44","22","19.9","2960"
"イケヒコ 座布団 銘仙判 日本製 刺し子調 ネイビー 約55×59cm 5枚組 クッション おしゃれ 和モダン 和室 洋室 来客用 ＃1240880192308","2049","86","","213","¥ 5,738","¥ 5,738","1","B0F8SMF9D7","B0F8VFF9TC","55","55","50","3000"
"タンスのゲン ソファー 2人掛け リクライニング ひじ掛け ローソファ フロアソファ コンパクト ファブリック 15210055(132538)","2070","104","200","1248","¥ 10,544","","1","B07P4N3SCF","B0DX16RKSR","116","54","25","14000"
"山善(YAMAZEN) ラック 幅60 扉付き 3段 YGKT-2(OAK4BK) オーク(支柱ブラック)","2070","63","","44","¥ 6,480","¥ 6,480","1","B08HMR466S","B0DM8MFH7N","62.4","40.3","9.3","11270"
"花蓮 バランスの自然灰 白い香炉灰 天空灰 珪藻土灰 10個セット","2074","97","","1544","¥ 8,180","","1","B07SSWGGPN","B07SZTG6KV","34.2","25.4","15.9","2880"
"リバーライト 極JAPAN 鉄 フライパン 深型 炒め鍋 28cm 窒化鉄 窒化加工 IH対応 サビにくい 中華鍋 日本製 J1428","2088","138","300","762","¥ 6,000","¥ 6,000","2","B01N5VD15O","B0CZTQN3KM","46","29.8","10.5","1420"
"S SALIENT 耐熱ガラス 保存容器 長方形 密閉 18ピースセット","2092","63","","13774","¥ 21,144","","2","B07SDBYYQ2","B0D51FZ482","40.3","22.6","17.8","4719"
"AZRA カーテン 4枚セット 遮光度99.99% 1級遮光 ストーンシアン 幅100cm丈230cm 断熱 防寒 防音 省エネ UVカット 無地 洗える 寝室 リビング用 (遮光カーテン2枚・レースカーテン2枚)","2177","22","","1045","¥ 5,580","","1","B0F741XSZX","B0GD11KY68","37","26","14","3000"
"アイリスオーヤマ カラーメタルラックフィット 5段 幅75×奥行き30×高さ151cm CMFｰ75150 マットホワイト","2097","92","50","113","¥ 5,541","¥ 5,541","7","B0DYVDB398","B0GV1VG3QV","76.5","33","18.9","8750"
"SANEI(サンエイ) ウルトラファインバブルシャワーヘッド レイニーベーシック 節水率約40% 極細水流 勢いアップ ステンレスシャワー板 ホワイト 日本製 PS3006-80XA-MW2","2108","105","300","35","¥ 6,918","¥ 7,511","14","B0DVYZF41Q","B0H98Y1D4Q","26.2","11","6.1","350"
"【公式】【2026年モデル】Russell Hobbs ラッセルホブス 電動ミル ソルト&ペッパー ミニ 7935JP 3ヶ月延長保証 黒胡椒 岩塩 片手操作 結婚祝い プレゼント ギフト キッチン家電 シンプル","2102","105","500","73","¥ 5,500","","1","B0FX9S3RVC","B0G1X7J64W","19.4","11.8","6.2","500"
"[山善] 壁掛け 扇風機 左右自動首振り (換気/空気循環) 風量調節3段階 入切タイマー おやすみモード リズム風 リモコン付き ホワイト YWX-E30E(W)","2116","91","400","229","¥ 7,100","","2","B0CW1QFF2D","B0GVRVFQX4","41","37","21.5","3200"
"VEOYADS HIPL 脱毛器【ドイツのiFデザイン賞受賞 サファイア技術搭載 瞬間10℃ほぼ無痛】150万発 5段階 8分脱毛完成 PSE認証済み","2568","125","400","440","¥ 13,100","","4","B0F2LZZM7D","B0HGLMSVZF","21.3","16.6","8.1","770"
"4K UHD","4066","64","","1962","¥ 6,319","","4","B08R61N3MX","","17.1","13.6","1.7","110"
"東洋佐々木ガラス ハイボールグラス ジョッキ 目安つき 435ml 24個セット 日本製 食洗機対応 目盛り付き ウイスキー グラス ガラスコップ コップ ギフト プレゼント 贈り物 P-06431-J436","2123","81","","","¥ 25,578","¥ 25,578","1","B0CNVD2QGS","B0CNVM5N86","51.4","36.9","19.1","15190"
"クモリ(Kumori) マットレス 高反発 高密度 シングル 厚さ5cm 硬さ180N 通気性 滑り止め加工 カバー洗える ホワイト","2131","95","200","168","¥ 6,580","¥ 6,580","1","B0FNCMNBYR","B0GCFX2JKM","55","24","24","4720"
"レップ(Rep) Cocoro(コ・コロ) ショッピング キャリー カート スタンダードタイプ 40L ルシア・グレー 550618","2191","86","50","1014","¥ 5,371","¥ 5,371","5","B0CZK5C44W","B0DWDYQ82V","53","44.9","10.7","2170"
"[公式] ソーダストリーム GAIA (ガイア) スターターキット ｜マシン本体 + 60Lガス1本+ボトル1本(1L)｜ ブラック 炭酸水メーカー 電源不要 sodastream","2152","89","500","302","¥ 7,980","","14","B0C5X169G8","B0CGRGB2TB","44.1","20.3","20.1","2790"
"アイリスオーヤマ オーブントースター 4枚焼き 温度調節無段階 80~230℃ 30分タイマー 1200W トレー付き シンプル お手入れ簡単 EOT-401-C アイボリー","2154","80","","4","¥ 5,130","¥ 6,857","8","B0DVC27S7K","B0FF9L8PDJ","36.9","36","27.9","4050"
"【Amazon.co.jp限定】 三菱電機 紙パック掃除機 TC-FM2BA-A 小型 軽量 自走式パワーブラシ からみにくい Mitsubishi シャイニーブルー","2156","113","300","14","¥ 26,800","¥ 26,800","1","B0GTKWKY1T","B0GVLSKWMS","51.9","30","29.2","4820"
"BOROHOUSE ガラス容器4個セット (4.7カップ×2&9.3カップ×2)、究極の食品保存&食事準備 開けやすいバルブ付き 強化ガラス蓋 漏れ防止 冷凍庫からオーブンまで対応","2156","13","","515","¥ 30,652","","1","B0G4MFWNZQ","B0FJQVGXC7","45.3","25","23.6","5103"
"山本電気 家庭用精米機 MICHIBA KITCHEN PRODUCT 匠味米 ホワイト MB-RC52W","2158","144","400","4123","¥ 15,800","","19","B01KT1GXQ4","B079DCY9F1","30.4","25.6","23.2","3660"
"TTWO ゴミ袋ホルダー 3分別×45L ふた付き ゴミ袋スタンド 平袋・レジ袋対応 10～55L袋対応 マグネット式目隠しカバー(White)","2160","104","200","222","¥ 6,278","","1","B0G3X1BKTY","B0FKBG291L","40.4","34.2","17.4","6050"
"パナソニック 掃除機 コードレス スティック MC-SB34J-C アイボリー 軽量 サイクロン","2161","151","500","95","¥ 16,920","","46","B0DBH9P8Q6","B0G6XZYMD6","53","18","14.5","1970"
"下村企販 揚げ物 バット ザル 4点セット 【日本製】 食洗機対応 油切りが早い 下ごしらえに便利 トースターで温め直し 天ぷら 浅型 ステンレス 燕三条 44115","2165","70","","5","¥ 6,270","","1","B09LLVSPSN","B0FL6TWTNH","26.4","21.1","6.4","990"
"ティファール 取っ手のとれる 炒め鍋 26cm IHガス火対応 「インジニオ･ネオ IHマロンブラウン･アンリミテッド ウォックパン」 L38577","2169","120","300","444","¥ 5,364","¥ 5,364","6","B09CYJG98P","B0H44CN984","28.8","28.5","11.2","920"
"日立 掃除機 紙パック式 日本製 CV-KP90M C ベージュ 小型 軽量 強烈パワー620W 自走式","2172","129","400","91","¥ 21,800","¥ 20,879","5","B0DV8B4XNF","B0H6F632TK","55","28.5","28","5300"
"Homwarm ビーズクッション 怠惰なソファ 特大(65×65×43cm) カバー取り外し 洗濯可能 0.3mm-0.5mm極小ビーズ 安全 無味","2392","101","100","3794","¥ 10,327","","1","B08T65P8N5","B08T6NKRDJ","68.2","66","49","6100"
"HIBARI 食器 水切りラック シンクサイド スライド 調整可能 ステンレス 箸置き付き","2180","104","500","936","¥ 5,750","","1","B08116P756","","59.6","27.1","20.4","2620"
"ダイキン【2026年モデル】空気清浄機（加湿無し）MC556A-W 25畳 10年間フィルター交換不要 コンパクト ストリーマ 壁際設置 スピード集塵","2187","129","700","275","¥ 39,800","","20","B0FQ5PNWY5","","56","34","34","8000"
"クモリ(Kumori) 敷き布団 セミダブル 【固綿約60mm入り】 しっかり支える 体圧分散 底付き感なし へたりにくい ボリューム TEIJIN抗菌防臭わた使用 耐久性が高い ピーチスキン加工 素肌にやさしい 折りたたみ コンパクト オールシーズン 一人暮らし 来客用 マットレス 敷布団 120×210cm ホワイト","3141","23","","59","¥ 5,980","¥ 5,980","1","B0GT8RVRW3","B0H4G55FBB","47","35","33","5940"
"ドウシシャ ルミナス スチールラックパーツ 基本ポール 支柱 長さ179.5cm 25P180 4本セット アジャスター付き 頑丈 スリム ラック diy 防錆加工 サビに強い 業務用 ポール径25mm 太い 別売り延長ポールで長さ継ぎ足し可能","2203","83","","66","¥ 7,593","¥ 7,593","3","B0CG8GXG54","B0H6MCDNPQ","93","12","6","5750"
"水切りマット キッチン 食器 乾燥用マット シリコン製 水切りトレー 傾斜設計 抗菌速乾 滑り止め 耐熱 お手入れ簡単 (ブラック, 38.6 L x 59.7 W cm)","2325","14","","699","¥ 5,998","","1","B09Q8VWNBS","B0FZRN73GP","42.4","8.4","8","420"
"Gemarwel カーテン 遮光カーテン 1級遮光 99.99%遮光率 厚手 遮熱 断熱 防音 防寒 保温 節電対策 洗濯機対応 既成 子供部屋 居間 寝室対応 2枚組(ブラック, 150cm幅200cm丈)","2214","52","","4412","¥ 6,380","","1","B0GWGZRWWW","B0DL4QTCDW","36","26","11","2540"
"東洋佐々木ガラス お酒を愉しむ本格グラスセット 薄づくりハイポールグラスセット 435ml 12セット入 HSハードストロング HSプラチナ 全面イオン強化 高い耐久性 安全重視設計 傷がつきにくい 食洗器対応 日本製 G096-T339","2218","75","","","¥ 38,718","¥ 38,718","1","B0FWJW9F23","B0DJBCGWV6","40","34","31","7700"
"LETMOON マットレス ダブル 極厚20cm ポケットコイル 中程度の硬さ 高反発ウレタン 体圧分散 寝返りサポート 静音 通気性 圧縮梱包 140×195×20cm ホワイト","2222","104","300","229","¥ 15,599","","1","B0GGC1KCYD","B0H87VKKM7","148","23","23","24670"
"【最後まで使える独自設計】 シャンプーディスペンサー マグネット ディスペンサー シャンプーボトル 大容量 強力 おしゃれ 壁掛け 日本企業独自開発 yurila (アイスホワイト, 3本セット)","2251","84","100","951","¥ 6,135","","1","B0CQ8GL9WC","B0DW8TXT7T","24.9","24.3","10.2","1480"
"エイアイテック スチールラック メタル シェルフ 収納棚 スリム 大容量 頑丈 ホワイト 幅75 奥行35 高さ61.8cm NS-7535WH","2264","100","50","435","¥ 5,305","¥ 5,305","10","B07WLK7SS7","B0C366H9VN","77.3","37.9","11.2","5240"
"スリーアップ 音声操作 DCモーター リビングファン 静音節電 風量調節 リモコン付 ホワイト LF-AZ0723WH","2266","58","1000","142","¥ 6,698","","4","B0DXT14KPW","B0GXNY68PR","61.5","32","29.5","4000"
"山崎実業(Yamazaki) 洗いやすいマグネット風呂イス 座面高32cm ＋ マグネット＆引っ掛け湯おけ ＋ マグネット手おけ 【3点セット】 ブラック タワー tower 1654 5379 3608","2471","37","","2","¥ 9,130","¥ 9,130","2","B0FX4JPV1R","B0G4891QLB","38.7","37.6","34","2500"
"タキズミ(Takizumi)【省エネ 節電 日本製 5年保証】 省エネ性業界トップクラス LED 和風 ペンダントライト ~6畳 工事不要 簡単取付 プルスイッチ付 RV66041","2274","103","100","255","¥ 6,264","¥ 6,358","2","B0C2PG9B6K","B0CQFP47W5","52.1","50.3","12.2","2990"
"SONGMICS ゴミ箱 30L ステンレス製 スリム ペダル式 蓋付き 音が静か 袋が見えない 防水 内バケツ有り","2390","97","100","5120","¥ 5,536","¥ 5,536","1","B0CYP1614N","B0BSQP41TJ","60.5","38.5","33.5","4250"
"アイリスオーヤマ チェスト ラクラク引出し 木天板 4段 日本製 幅56×奥行41.5×高さ81cm ホワイト / ナチュラル 白 プラスチック HG-554R","2541","100","100","4431","¥ 9,395","¥ 9,827","12","B06X18Y6NV","B0G472XKXR","81","56","43","11000"
"ベッドフレーム ダブル ベッド パイプベッド 宮棚 2口コンセント USB&Type-C付 耐荷重1000kg 頑丈 通気性 耐久性 組立簡単 静音 湿気対策 床下収納高さ31cm","2284","1","","8","¥ 13,380","","1","B0HG9YKRKP","B0HGL6ZD58","70","50","40","5000"
"TOSHIBA(東芝) 電子レンジ 17L フラットテーブル 単機能 レンジ ER-NS170A(W)","2289","135","300","262","¥ 13,320","¥ 13,320","15","B0DPZBT572","B0GGQS435R","48.2","41.5","33.2","13210"
"遠藤商事 業務用 鉄フライパン 40cm IH対応 鉄 日本製 AHL17040","2290","74","","1135","¥ 5,378","¥ 5,378","9","B001U01TVI","B08PZ3KX2P","82","40.2","24","3279"
"【Amazon.co.jp限定】アイリスオーヤマ 掃除機 コードレス ハンディ ハンディクリーナー 充電スタンド付き 吸引力強化 コンパクト 車用 軽量 500g 静音 AZ-HCD-21 ダークグレー","2291","125","600","582","¥ 8,480","¥ 8,480","1","B0CKVWT2Y6","B0GY3RP7V7","52","30","12","1140"
"タンスのゲン ベッド シングル すのこ 折りたたみ 完成品 【厚さ25㎜ 通気性 のリブ加工】 ロール式 滑り止め付 17610007(132421)","2297","105","600","1014","¥ 5,693","","1","B00HJ1QPAW","B09SV4TMSY","103.8","24.7","19","6800"
"【公式ストア限定】シックスパッド パワーガンスリム/SIXPAD Power Gun Slim（レッド）限定セット ハンディガン 軽量 ミニ","2301","68","50","131","¥ 8,800","","1","B0CH7WDV5T","B0CH7YCC4Q","31.2","24.3","10.2","760"
"下村企販 継ぎ目のない 卓上鍋 蒸し皿付き 26cm 【日本製】 ステンレス製 直火 IH対応 食洗機対応 お手入れ簡単 軽い 割れない 槌目模様 しゃぶしゃぶ うどんすき鍋 麺類 野菜 サラダ 燕三条 47580","2302","99","200","35","¥ 9,910","¥ 9,910","1","B0FX7FNT89","B0GHMVGJSP","32.6","32.3","10.2","1610"
"Fevislight スポットライト LED 2個 充電式 5000mAh大容量 LEDスポットライト Spotlight 壁付け マグネット","2306","95","100","171","¥ 5,243","","1","B0GJ5K2CM8","B0GMYZMP4H","18.2","9.1","9","520"
"Yueboa テーブルクロス 透明 エンボス加工 90x150cm 厚さ5mm PVC テーブルマット クリア ビニール 無臭 PVC製 デスクマット テーブルカバー 縮みなし 防水 汚れ防止 撥水加工 はカスタマイズ可能です (透明 5mm, 90*150cm)","2449","26","","908","¥ 8,990","","1","B0BXY4G24Q","B0BNJH38C2","89","4","4","7800"
"【WEB限定ご泡火炊き】タイガー魔法瓶 炊飯器 5.5合 圧力IH 日本製 遠赤9層土鍋かまどコート釜 粒立ち保温24時間 お手入れ簡単 食洗機 ブラック JPI-S10NK","2319","171","400","709","¥ 40,080","¥ 40,080","1","B0C7494SLJ","B0HCV9W2QP","35.4","29.6","25.4","6050"
"ハクバ HAKUBA 木製額縁 FW-04 A3 ブラウン FW-4-BRA3 (× 3)","2050","21","","1","¥ 10,308","","","B0FB88T53H","B0GS5C2M25","50.8","39","2.5","4800"
"ShanSon コーヒーキャニスター コーヒー豆保存容器 密封 ステンレス 遮光 酸化防止 日付表示 スプーン 単方向排気バルブ付き食品保存缶 砂糖 茶葉 お菓子 珈琲 豆入れ 緑色","2326","47","","539","¥ 6,167","","2","B09Z69M1L1","B0HD8CFFWZ","16.7","13.8","13.7","590"
"冷凍・冷蔵庫用 ソーラーデジタルサーモ SN-100","2754","15","","2","¥ 5,939","","1","B004D2F5EM","","20.9","9.7","2.4","82"
"パナソニック 蛍光灯丸形 32形+40形 2本入 クール色 文字くっきり光 パルック プレミア20000 FCL3240EDWMF32K","2170","107","","56","¥ 6,094","¥ 6,156","3","B09SNPM8YZ","B0B1L68JWD","38.7","38.2","3.8","650"
"藤田金属 FUJITA KINZOKU 使いやすい 鉄 いため鍋 30cm IH ガス火対応 日本製 シーズニング不要 こびりつきにくく サビにくい 中華鍋 ハードテンパー加工 スイト こだわり職人 010113","2340","89","","35","¥ 5,053","¥ 5,053","1","B087C3J67W","B0FMHKCGWS","52","32","13","1240"
"[amepla] アメプラ 今治睡眠用タオル2 高さ調節 綿100%","2339","97","600","613","¥ 10,241","","1","B09STHC3F1","B0CZL4Y82Y","47.4","37.8","9.1","750"
"パナソニック 丸形スリム蛍光灯(FHC) 20形+27形+34形 3本入 クール色(昼光色) スリムパルックプレミア FHC202734ECW2F33K","2466","92","","33","¥ 6,200","¥ 6,500","7","B09SPF6Q92","B0B1L9P9N6","38.3","38","2.8","540"
"アトラス ペットボトルホルダー 24個セット 水筒 500ml 650ml 保冷 保温 ペットボトルクーラー 真空断熱 持ち手付き ステンレス ペットボトルカバー カラビナ 角形ペットボトル対応 ボトルインボトルラベンダー×ブルー ABIB-C2LAXBL24P","2354","14","","2547","¥ 30,680","","2","B0GWQ412XZ","B0H9R3S9B6","19.3","11.1","9.6","310"
"リス(RISU) ゴミ箱 ソロウ ふた付き 45L ホワイト ペダルオープン 両開き 分別シール付 抗菌加工 日本製 スリム キャスター付","2355","51","100","24","¥ 6,109","¥ 6,109","1","B0DG5LDYDP","B0F9FC588D","48","42.5","27","1800"
"サンナップ 紙コップ 90ml 3oz 3000個(100個×30パック) 白 耐熱 試飲 試食 対応ディスペンサー(CD-3DB) C90100AW","2869","60","","376","¥ 12,088","¥ 12,088","1","B0GXDV433K","B0FPBGZ3DK","30.9","11.2","5.6","241"
"不二貿易 コレクションケース フィギュアケース 4段 幅42.5×奥行36.5×高さ162cm ブラック 強化ガラス 全面ガラス 組立商品 クリア 98880","2364","125","600","1015","¥ 12,213","¥ 12,213","12","B07PG5MRL5","B0FDQBK7BG","162.6","41","6.5","38000"
"Stanley 1913 (スタンレー 1913) アイスフロー フリップストロー2.0 真空断熱タンブラー ブルードリーム 30 oz / 0.89 L","2436","9","","97","¥ 6,490","¥ 6,490","1","B0H1XJMWB8","B0H1QQD5DH","37.5","11.2","10.9","700"
"潔星縁 ベッドフレーム セミダブル ベッド 宮棚 2 口コンセント USB&Type-C 付 耐荷重 1000kg 頑丈 静音 通気性 耐久性 組立簡単 床下収納高さ 31cm ベッド寸法 幅 120× 長 225× 高さ 76cm ブラック（5 年保証）","2372","100","100","111","¥ 10,260","","1","B0GSRJTGNG","B0HD7FNSXK","123.3","22.3","13.3","21100"
"アモローサ モデルノ AMOROSA MODERNO プリザーブドフラワー ダイヤモンドローズボックス85 ディズニー I love you","2332","60","50","49","¥ 6,030","","1","B0CC7GT5K6","B0C42VD7WN","19.6","19.1","17.9","360"
"【音声操作機能】シーリングファンライト サーキュライト EZシリーズ スイングモデル 12畳 日本メーカー 調光調色 簡単取付 ドウシシャ","2505","97","50","161","¥ 31,800","¥ 31,800","3","B0D53JXGQ4","B0HDBCXH1C","52.2","51.6","31.5","5590"
"Deconovo ロールスクリーン ロールカーテン 1級遮光 断熱 遮熱 防音 防寒 UVカット 13サイズ 表裏同色 幅130cm 丈180cm 紺色","3926","27","","2758","¥ 6,180","","1","B08T8Z77RD","B0DQST2775","137.3","7.5","5.5","1650"
"NIPLUX NECK RELAX 1S ネックケア 温熱 首 肩 リラクゼーション器 軽量 6モード ネックリラックス 誕生日プレゼント ホワイト","2389","129","400","1270","¥ 11,088","","2","B094D2TM19","B0C9LNJHWD","21.7","17.8","7.9","570"
"Coizabera LED シーリングライト 16畳 60W 8000lm 調光調色 リモコン操作 天井 アプリ操作機能 照明器具 豆電球常夜灯 薄型 電気 蛍光灯 16畳 14畳 寝室/和室/洋室 リビング/キッチンに適用 白枠","2119","61","","1","¥ 6,599","","1","B0FP2TPDTP","B0H1XMX49N","32","32","5","800"
"ライクイット (like-it) フタ付きゴミ箱 分別引出しステーションワイド3段 幅255mm ホワイト 約60L 日本製 BW-3 引出し分別ペール 大容量 多分別 ダストボックス","2391","105","100","1843","¥ 5,943","¥ 5,943","6","B00CODRLNA","B0D7H59CKX","78","46.5","25.6","5710"
"トラスコ中山(TRUSCO) ドアストッパー マグネット式・スタンダードタイプ 黒 208mm 貼り直し自由の片面弱粘着のウレタン系保護テープでズレ、傷を防止固定力が大幅アップ 8個 【ケース販売】 TDMDP101-1","2397","76","","795","¥ 11,500","¥ 11,500","1","B0C4TKQPZP","B0C9S95MCW","30.6","16.5","11.8","2084"
"ブラザー　コンピュータ―ミシン　初心者　簡単　フットコントローラー付き　ホワイト　PS205X","2401","114","400","302","¥ 24,970","","1","B09DSJXTJX","B0FT73ZST6","46.7","37.8","22.7","6230"
"COCODOR (ココドール) リードディフューザーセット 6.7オンス クリーンリネン 香りディフューザー スティック付き ホームフレグランスリードディフューザー バスルームの棚の装飾用","2401","97","","13792","¥ 6,091","","1","B0DMQQH1V8","B0DHRC77J6","21.2","9.1","9.1","600"
"貝印 KAI 出刃包丁 関孫六 銀寿 ステンレス 180mm 日本製 AK5064","2406","102","50","118","¥ 5,053","¥ 5,053","9","B00YQLVJO0","B01IEHQOO6","38.8","8.1","2.8","270"
"ブルーエア 空気清浄機 22畳 Blue Max 3250i リビング 寝室 ウイルス ペット 脱臭 花粉対策 省エネ Wi-Fi センサー搭載","2413","122","300","177","¥ 19,818","¥ 19,818","2","B08KPHZWHL","B0GJ3FQ1BR","55.2","33.2","32.8","4650"
"ティファール コード付き スチームアイロン パワフルスチーム 最大75g/分 エアーグライドかけ面 「スチームグライド」 グリーン FV2889J0","2416","124","300","303","¥ 6,364","¥ 6,364","5","B0F18JHX13","B0H78ZNZDG","33.4","18.3","14.5","1560"
"【広げるだけで組立簡単】アイリスオーヤマ スチールラック 棚板の連結で使い方は自由自在 連結 可動棚 オープンシェルフ ラック 幅:76cm 3段 ヴィンテージブラウン KRSR-3","2418","99","50","56","¥ 7,988","¥ 7,988","7","B0DF796TN2","B0FH4L7FTJ","83.7","41.5","15.1","10820"
"山崎実業(Yamazaki) マグネット レンジガード 4枚パネル ホワイト タワー tower 1456","2424","117","200","140","¥ 7,750","¥ 7,915","15","B0F7LH8M6T","B0F8V1VHK5","35.2","18.7","3.7","1440"
"象印マホービン 炊飯器 1升 極め炊き IHタイプ 日本製 保温30時間 ブラック NW-VE18-BA","2428","140","300","137","¥ 20,990","¥ 20,990","1","B0C9T3J5LT","B0GSPNWLVJ","45.8","32.5","27.7","5710"
"ボックスシーツ キング 180x200x30cm オーガニックコットン 洗いざらしの綿100% ベッドシーツ BOXシーツ 防ダニ ギンガムチェック イエロー","2604","57","","622","¥ 5,380","","1","B0D3XWGT9X","B07X7ZTSXR","38.8","30","7.3","740"
"Bolinker 廊下用カーペット 吸着マット ペット カーペット ズレない 洗える 防音 TPR 床暖房対応 60×600cm ライトグレー","2439","53","","956","¥ 5,580","","1","B0BPJH9ZFK","B0CW9S98F6","63","21.6","19.3","2090"
"ストリックスデザイン マドラー 使い捨て 木製 10000本 (100本×100個セット)〔ケース販売〕 14cm 白樺 チャック付き内袋 業務用 コーヒー 紅茶 MA-272","2442","93","","1180","¥ 18,810","¥ 18,810","1","B073TY5RXS","B0DRGT1FF5","56.2","25.2","18.8","8080"
"AIFY カーテン 4枚セット 1級遮光ライト 裏地付 遮光 断熱 防音 防寒 外気をカット 節電 遮熱 保温 遮音 UVカット 快眠 安眠 睡眠 洗える (カーテン2枚 レース2枚) 幅150cm×丈220cm ネイビー","2447","52","","180","¥ 5,330","¥ 5,330","1","B0G2S9K6V1","B0HD6W6YBX","35","25","6.5","3510"
"Smile mode 時短モードハンガー ワンタッチ 折りたたみ 首伸びにくい 肩ポコ防止 収納力UP すべらない 防風 縦連結 省スペース 洗濯 クローゼット 部屋干し 外干し 物干し 型崩れ防止 跡がつかない 大人 子ども (50本,グレー×ホワイト)","3372","61","","137","¥ 22,700","","1","B0GLMSY4SC","B0F8H5Q9YN","54","43","39","6800"
"Dyson(ダイソン) 掃除機 コードレス Digital Slim Origin (SV18 FF OR2 AM)","2456","119","500","220","¥ 34,900","¥ 34,900","1","B0DZ2PC71L","B0H4PYYL28","70","28.2","16","4180"
"ブラウン 電気シェーバー シリーズ8 洗浄機付き 電動 髭剃り メンズ 【Amazon.co.jp 限定】 8560cc 5 in 1 100％防水設計 4+1 カットシステム 進化したキワぞり刃 夕方ヒゲ、ゼロへ 電動シェーバー 【最新2023年秋モデル】","2464","102","500","348","¥ 24,000","¥ 24,000","1","B0CBPDCQLF","","25.3","18.1","16.1","1630"
"ドウシシャ ルミナス ラテ 隙間収納ラック 幅20cm 奥行60 5段 ホワイト 白 おしゃれで可愛い スリムスチールラック 落下防止シート付き 全体耐荷重150kg 幅19.5×奥行59.5×高さ151.5cm キッチン収納 ポール径19mm LL2060-5WH","2470","93","50","168","¥ 6,149","¥ 6,149","3","B0BQ6CMP1S","B0FXFM549J","60.5","21.6","18.8","7730"
"SVOHZAV 水切りラック 2段伸縮式 シンク上 ステンレス 食器洗い カゴ 大容量 自動排水 幅自由調整 皿立て 組立簡単 省スペース","2476","97","50","97","¥ 7,799","","1","B0D8J94XWQ","B0GWPL1QHC","62.5","30","15","6050"
"Panasonic パナソニック IHクッキングヒーター キッチン コンロ 1口IH ビルトインタイプ KZ-11BP","2482","70","","117","¥ 31,899","","5","B002DRVK2U","","42","37","15","3460"
"フィリップス 電動シェーバー 3000シリーズ やさしく剃れる","2490","107","50","103","¥ 8,041","¥ 8,041","1","B0FHQQZZC6","B0G48P6F54","19","10","7.7","380"
"REENEW 洗濯機台 冷蔵庫台 かさ上げ 45-70cm 伸縮式 冷蔵庫置き台 高さ調節の洗濯台 振動防止ゴム 騒音防止 洗濯機底上げ台 プリンター台 洗濯機パン 4/8/12足 (12腿,28-31cm) [並行輸入品]","2918","9","","","¥ 5,180","","1","B0F9P54G1Y","B0F9P6NGBH","45","35","11","3000"
"掃除機 コードレス 【超軽量0.6kg＆強力吸引28000Pa】 ハンディクリーナー スティッククリーナー 2in1吸引＆吹き出し8種類ノズル付属 白","2504","15","","39","¥ 5,499","","2","B0H35M7D5B","B0HCZKGW7L","34.6","24.9","11.9","1420"
"山善(YAMAZEN) デスク サイドワゴン 幅53×奥行40×高さ63cm A4対応 キャスター付き 天板・棚板高さ調節可能 組立品 ココアブラウン NNGS-3R(CCB/BK)","2506","66","50","1577","¥ 7,280","¥ 7,280","1","B07JM2MM6R","B0H5HVGSZ7","62","45","12.5","11700"
"タンスのゲン スラックスハンガー 【SNS話題/意匠権取得】 ハンガー20本 幅80cm 天板付き 滑り止め付 84300049(99076)","2509","103","100","149","¥ 6,642","","1","B0DSDCKH4W","B0FP4SC6G7","88","31","9.5","9100"
"象印マホービン コーヒーメーカー 6杯用 グレイッシュブラウン EC-MA60-TZ","2510","119","50","83","¥ 5,780","¥ 6,300","27","B0CD3RMPV3","B0FVWSM4YX","31.5","27.7","19.7","2300"
"タイガー 魔法瓶 マイコン 電気 ポット 3L ホワイト PDR-G301-W Tiger","2513","130","600","778","¥ 7,880","","31","B01HC98WGK","","34","30.2","24","2540"
"JisuLife ハンディファン 9 S【超小型 / 22時間駆動 / 風量5段階調整 / 携帯扇風機/手持ち扇風機/USB-C充電/卓上扇風機/ポータブル/ジスライフ】アイスブルー","3080","70","","135","¥ 5,980","","1","B0GXH9T1TT","B0GTKXHKJD","13.2","7.2","6.7","280"
"LunarLight オープンシェルフラック 幅80奥行30高さ136cm 4段ラック アジャスター・フェルト付き 本棚 収納ラック 組立簡単","2542","73","","134","¥ 8,393","","1","B0GY8B163Z","B0F66RNC2Q","81","31","14","13000"
"Belca(ベルカ) 日本製 すのこ クリーンパレット 連結タイプ 16台セット (1台あたり)幅38.3×奥行75.3×高さ7.1cm エコグリーン 耐荷重 60kg ジョイントパレット 連結可能 カビ防止 湿気防止 CPJ-16E","3495","57","","5","¥ 12,800","¥ 12,800","1","B0DF1MYCKJ","B0B7HMHJLM","77.5","71","41.5","18200"
"【正規品】ブラウン 脱毛器 シルクエキスパート Pro5 【Amazon.co.jp限定】 光脱毛器 PL5387 【業界最高峰パワー x 刺激レス】 医療機関テスト済み IPL 男女兼用 VIO対応 たった3回で効果実感 365日ツルすべ肌へ 光美容器 アタッチメント3個 White/Gold","2551","134","600","440","¥ 52,421","¥ 52,421","1","B09TFGV11Z","B0H4G7DK2D","28","19.6","9.8","1330"
"泉精器製作所 イズミ 電気シェーバー ソリッドシリーズ 4枚刃 往復式 本体丸洗い ブルー (替刃 + 1個付) IZF-V559-A-EA","2555","127","500","878","¥ 5,979","","7","B07ZQVT7GJ","B081T6D5YW","20.8","12.2","7.2","410"
"福正堂 仏壇 LEDロウソク 揺らぐ炎【葬祭プロ推奨】 キャンドル 電池式 LED ろうそく 蓮 2個セット","3759","37","","19","¥ 5,300","","1","B0DGL3TJT8","B0DGKS1RY9","19","11.4","8.5","430"
"[山善] ワイドグリル フィッシュロースター 魚焼きグリル ゴールド NFR-1100 G","2564","109","400","3553","¥ 7,180","¥ 7,180","2","B0039XRN2I","B07K6PVY3C","50.5","33.5","25.5","5000"
"【WEB限定】タイガー魔法瓶 炊飯器 5.5合 IH 日本製 炊きたて 遠赤厚釜 調理 早炊き 冷凍ご飯 少量高速 内ぶた 食洗機対応 お手入れ簡単 環境配慮モデル しゃもじなし ブラック JPN-N100K","2574","139","300","321","¥ 19,800","¥ 19,800","1","B0D3Q9G6DC","B0FNWCMP9B","40.2","28.4","24.3","4160"
"Levoit (レボイト) 空気清浄機 20畳 小型 静音 お休みモード タイマー付き 省エネ Core 300 ブラック","2580","109","50","611","¥ 11,033","","1","B085ZSRBRW","B0C9T4LPS3","41.2","26","25.5","3900"
"シャープ オーブンレンジ 18L フラット ヘルツフリー 一人暮らし ブラック RE-SS7A-B","2582","83","200","589","¥ 19,800","¥ 19,800","1","B08QRGFXHB","B0DCNTR9BB","53","46","35","16540"
"ティファール 圧力鍋 3.2L IH ガス火対応 1~3人用 片手鍋 セキュア トレンディ 10年保証 P2584000","2583","129","100","581","¥ 8,200","¥ 8,566","10","B0BSZY32XX","B0BWHV5GV5","43.4","26.2","18.9","2980"
"ルンバ(Roomba)205 DustCompactor Combo ロボット (ロボット掃除機) アイロボット(iRobot)【水拭き/両用/ゴミ圧縮機能付きダスト容器/日本の住宅向けに開発/LiDARナビゲーション/パワーリフト吸引/スマートスクラブ対応/マッピング 掃除経路確認/アプリ操作/落下防止/Amazon.co.jp購入時12ヶ月保証/L121260】ホワイト","2584","131","100","81","¥ 36,800","¥ 36,800","6","B0F1FB6PSQ","B0H62DWZV3","49.1","40.3","17.3","5740"
"ANDWINT サイドテーブル キャスター付き 3段収納 昇降式 高さ調節(60-90cm) パソコンテーブル 組み立て簡単 省スペース オフィスデスク 作業台 安定性 角が丸い 移動便利 ソファサイド ベッドサイドデスク おしゃれ 多機能 家庭用 日本語説明書付き(80*40cm、ブラック）","2589","97","100","312","¥ 5,380","¥ 5,380","1","B0FX8TJ3L8","B0FX8WZDLW","76.5","34.5","8","8700"
"クリンスイ 浄水器 蛇口直結型 MONOシリーズ 交換カートリッジ MDC01SZ","2592","131","500","1757","¥ 6,800","","13","B0060P7K0C","","18","11.1","6.2","430"
"ディフューザー ムスク + サボン モアルーム 500mL 大型 長持ち ルームフレグランス リードディフューザー 部屋 スティック 芳香剤 ギフト","2592","70","","","¥ 5,980","","1","B0GH6PH931","B0HCBPQ9F8","46.7","10.9","10.6","1320"
"AIMECOラグ オレンジ 約3畳 カーペット ふわふわ 北欧おしゃれ 子供部屋 じゅうたん リビング・ベッドサイド・寝室用 オールシーズン対応 180*270cm","3522","13","","267","¥ 6,150","","1","B0FHQ26RMF","B0F92JWMRF","32","29","8","2910"
"アデリア(ADERIA) 津軽びいどろ 徳利 みずばしょう 365ml 日本製 化粧箱入 F71854","2452","63","","1372","¥ 8,184","¥ 8,184","1","B07JQDB91W","B0CPYJ5ZGZ","15.2","10","9.8","220"
"エアウィーヴ(airweave) スマート01 シングル マットレストッパー マットレス マットレスパッド 寝具 高反発 折りたたみ 薄型 洗える 厚さ4cm スマート025 後継品 1-262011-1 メーカー3年保証 【最大30日間お試し対象】","2605","112","500","1498","¥ 38,535","¥ 38,535","1","B08YN6814Y","B0HF4DZKBV","102.5","67","20","6650"
"ライクイット (like-it) 密閉ゴミ箱 ふた付き ニオイが漏れない オムツ 隙間に入る幅17㎝ 袋が見えない 25L 日本製 シールズ 密閉ダストボックス ホワイト LBD-02","2607","92","100","858","¥ 7,009","¥ 7,009","9","B07T1XV6JN","B0DSFY8CRX","63.5","33.8","17.8","2790"
"【2個セット】アイリスオーヤマ 扇風機 クリップ 左右首振り 風量2段階 パワフル送風 コンパクト ホワイト PF-181C-W","2610","90","","22","¥ 5,650","","4","B0D1TP4GPQ","B0D1TSLSHM","29.7","23","21","1200"
"【Amazon.co.jp限定】 コイズミ オーブントースター 2枚焼き 1350W カーボンヒーター搭載 無段階温度調節 お手入れカンタン ブラック KOS-1302/K","2618","114","50","79","¥ 5,280","¥ 5,280","1","B0DBPX28MV","B0FNW5CS5K","36.6","31.9","25.7","4180"
"SOLEMOOD ソールムード コンパクトホットプレート グリル鍋 着脱式プレート 温度調節機能付き 洗いやすい おしゃれ かわいい 1000W高出力 プレート選択可能 1~4人用 小型 ひとり暮らし にも (ブルー, プレート4種(平面・たこ焼き・鍋・グリル))","2619","89","50","338","¥ 8,143","","1","B0DK1X8S5C","B0GTJNVBRS","42.4","36","31","3000"
"アストロ 衣類カバー 48枚組 ショートサイズ 日本製 国産 丹波篠山 通気性の良い不織布製 衣類をホコリなどの汚れから守る 洋服カバー スーツカバー 衣装カバー 衣類収納 スーツサイズ ジャケット スーツ コート ドレス 冠婚葬祭 保管 吊り下げ収納 ホワイト 511-08","2598","34","","1","¥ 5,680","¥ 5,680","2","B0DWZ2DP5R","B0DX7BD28J","41.2","33.1","16.4","1380"
"シャープ サーキュレーター PK-18S03-B 大風量 低騒音 プラズマクラスターNEXT 3D首振り タイマー DCモーター ニオイ消臭 ブラック","2625","96","400","72","¥ 17,064","¥ 17,064","3","B0G57GHLT2","B0H1M6XG71","38","32","25.5","3450"
"【セット買い】Iwatani イワタニ 岩谷 カセットガス 達人スリムV CB-TS-5 + 網焼プレート CB-A-AMP + カセットガス CB缶 3P セット","3376","48","","1","¥ 8,560","","1","B0FG79VWDV","B0FJL25KXP","33.5","27.5","8.4",""
"山崎実業(Yamazaki) 洗いやすい マグネット風呂イス 座面高32cm + マグネット&引っ掛け湯おけ 【2点セット】 tower 浮かせる収納 バスチェア ホワイト 1653 5378","2627","99","50","37","¥ 7,370","¥ 7,370","5","B0DQ82DLLS","B0DQSF7GBG","38.8","37.4","34","2270"
"[山善] トースター オーブントースター トースト 4枚焼き 食パン 18段階温度調節 タイマー機能 1400W メッシュ焼き網 受け皿付き ブラック YTX-WC140(H)","2629","102","50","74","¥ 5,480","¥ 5,480","4","B0DPW5V9L3","B0F43NF4QW","41.8","38.2","25.4","4380"
"[山善] 掃除機 紙パック式 クリーナー キャニスター掃除機 コード式 軽量 すき間ノズル 簡単お手入れ ホワイト ZKDS-H300(W)","2630","129","400","64","¥ 7,770","¥ 7,770","6","B0F9F3J7FS","B0CH9PQ683","46.7","31.6","25.8","4260"
"クモリ(Kumori) 折りたたみ 収納ボックス 5面開閉 積み重ねる 蓋付 収納ケース キャスター付 ホワイト 44.5×31.5×26cm M5個","2649","25","","43","¥ 10,280","¥ 10,280","1","B0GY4P8FJ6","B0H8CM8P27","48","42.5","34.5","8350"
"掃除機 コードレス Fochai【65000pa 強力吸引 13万回転/MINブラシレスモータ】スティック電気掃除機 5WAY 5種類ノズル 軽量 Type-C充電式 一人暮らし 水洗可能なステンレスフィルター 布団用ブラシ付 HEPA多重濾過 一人暮らし&お年寄り 低騒音 敬老の日 年末お掃除 日本語取扱説明書 車用/家庭用","2635","96","","10","¥ 9,988","","1","B0G2JBBQ7Q","B0GVZMH5BQ","36.1","21.8","16","1470"
"タワーファン【2026革新冷暖兼用・1台6役・羽根なし扇風機・上下左右角度調節】タワー扇風機 10段階冷風&3段階温風 DCモーター 空気清浄機 強風・お休みモード タイマー メモリー 転倒OFF LEDディスプレ ECO恒温 強力 縦型 スリムファン 大風量 冷暖房 置き型 冷温風機 セラミックヒーター 脱衣所 リビング用 冷風機 静音 省エネ 送風機 おしゃれ リモコン付き PSE グレー","2647","104","100","638","¥ 14,249","","3","B0GPWVDDY6","B0H2N2L9TL","65.3","25.3","23.1","3620"
"BIALETTI(ビアレッティ) Bialettiブリッカ 2カップ 直火式 (コーヒーメーカー エスプレッソメーカー マキネッタ)","2650","123","300","2474","¥ 5,379","¥ 5,379","12","B0BWM4GVPY","B0D31H3GLS","17.3","15.2","10.7","531"
"コレール 小鉢 バイオレットミスト スクエア小ボウル スクエア小ボウルJ2310-VM 5枚セット CP-1532 5枚入","2792","48","","13","¥ 7,109","¥ 7,109","1","B07DVHKGK9","B0CK4XW77D","18.3","14.8","7.8","710"
"Intasting 電気ケトル コーヒー ドリップケトル 1°C温度調節 0.9L 1200W コーヒー ケトル 細口 ブラック-木のハンドル","2665","101","100","956","¥ 7,980","","1","B0FVDX98L5","B0GS8Z3K7P","27.1","21.8","19.8","1140"
"アイリスプラザ 水切りラック 突っ張り かご シンク上 バスケット ステンレス製 2段 スリムサイズ 省スペース シルバー TMR-495","2667","108","200","1895","¥ 5,486","¥ 5,486","5","B09128SZQZ","B0DK34XN4T","72.7","40.4","19.5","3130"
"fuwawa 布団セット シングル 布団7点セット 【中綿1.6kg 掛け布団】 【高密度固綿入り三層 敷布団】 枕 布団カバー3点 ブラック","2672","102","200","510","¥ 7,978","","1","B0F9NVRNNX","B0FH638NBR","54.5","51.5","32.5","8400"
"不二貿易 コレクションケース フィギュアケース 4段 幅60.5×奥行36.5×高さ120cm ホワイト ワイドタイプ 背面ミラー 組立商品 72799","2674","76","100","484","¥ 19,654","¥ 19,654","1","B09TSZ2S1V","B0DJBSCXHT","121","62.5","8","39200"
"HAODEMI チェアマット フロアマット 床保護マット 滑り止め 【160×140cm 2枚】 厚さ 5mm 防音 畳保護 (ブラック)","2676","83","","2610","¥ 9,386","","1","B0FKTGPD9Q","B095SMLXMY","41","34","22","2860"
"【 うちわ 無地 白 両面 100本セット 】 おえかきできる 団扇 標準サイズ 日本製 プラスチック骨 手作り 工作 応援 推し活 コンサート","2677","97","100","342","¥ 6,980","","2","B07F26171F","B0DYYGW1R2","55.8","42.7","11.5","3600"
"SALONIA サロニア シャワーヘッド ファインバブルクリア シルバー 塩素除去カートリッジ & タブレット付 【Amazon.co.jp限定】","2681","106","50","185","¥ 17,800","¥ 17,800","1","B0D545MDR3","B0GWMJRWY3","32.9","26.7","8.4","1140"
"[SuperKois] ベッドフレーム シングル 宮棚付き 2口コンセント USB·Type-C 耐荷重300KG パイプベッド ブラック","2690","111","400","260","¥ 8,680","","1","B0F9156SGN","B0F9142X3N","108","35","13","23300"
"Sarlisi 脱毛器 無痛脱毛 自動照射 60万発9段階 全身適用 vio対応 家庭用 男女兼用 ipl 光脱毛器 髭 だつもうき脱毛器 メンズ サーリシ 光美容器 White Ai01","2700","155","400","3902","¥ 8,800","¥ 10,415","2","B084FT21FJ","B0DRHXVDGH","33.3","26","6.6","1250"
"【2026新登場】掃除機 コードレス 25000pa超強力吸引 ハンディスティックク 超軽量 リーナー vacuum cleaner cordless そうじき 電気掃除機 2wayタイプ LEDライト付き 自走式 多重濾過 HEPAフィルター サイクロン式 充電式 Type-C充電スタンド 充電台収納 一人暮らし 家庭用 車用 年末お掃除 日本語取扱説明書 白い","2702","117","300","586","¥ 5,398","","2","B0G4MPKHXQ","B0HGL98KCT","44.8","24.5","12.7","1800"
"日立 掃除機 パワかるスティック コードレス スティッククリーナー PV-BL50M C ベージュ 日本製 軽量1.4ｋｇ 自走式","2711","85","100","485","¥ 41,558","¥ 41,558","6","B0DPM7Z9YR","B0H6M1G58W","56","30","23","4370"
"TTWO ゴミ袋ホルダー 3分別 ふた付き ダストワゴン 20～45L袋対応 ゴミ袋スタンド 高さ三段調節 キャスター付き ゴミ箱 Black","2712","117","200","405","¥ 5,930","","1","B0DTP89G6F","B0DTP6Q117","40.6","33.6","17.5","6950"
"【公式最新モデル・国産・ガラス容器】TANICA ヨーグルトメーカー HARIOガラス容器２個セット 温度調節(25～70℃) ・タイマー・メモリ・ブザー付 1100ml YS-02GW (ホワイト) ヨーグルティアS","2717","120","500","674","¥ 14,960","","1","B0BPWL1ZHS","B0F1M78KFZ","31","21.8","18.4","2100"
"【Amazon.co.jp限定】ティファール 電気ケトル 1.2L 大容量 温度調節 8段階 転倒お湯もれロック 「ジャスティン ロック コントロール」蒸気が出にくい設計 保温 ケトル専用洗浄剤(1包)付き ブラック KO823NJPA","2718","125","700","335","¥ 8,980","¥ 8,980","1","B0CHHYQHGP","B0FSDJ2882","23.2","23.1","20.5","1670"
"【公式】ソイリッチ 【吸水クロスセット】大豆まるごと 濾過不要 完全豆乳 家庭用 豆乳メーカー SOY RICH 正規品 豆乳機 豆乳マシーン スープメーカー ジューサー JUICER スムージー アーモンドミルク 自宅で手軽 全自動 お手入れ簡単 乾燥豆OK SOY-AM01","2728","123","300","907","¥ 14,990","","1","B0DHWLKPG4","B0GK68DD2T","35.7","23.8","23.7","2340"
"Pakabi 防水パン 洗濯パン 洗濯機用トレー パン 304ステンレス鋼製 厚さ1.0mm 精巧な溶接 エッジプレス加工 耐久性 防錆性 (厚さ1mmの304ステンレス鋼,700*700*50mm)","3144","9","","","¥ 12,600","","1","B0H2M8CBZP","B0H2M9L386","85","75","5","5000"
"Dyson(ダイソン) 掃除機 コードレス Dyson V12s Detect Slim Submarine (SV46 SU) スティック ハンディクリーナー サイクロン 水拭き可能 ドライ掃除機 充電スタンド付き【パワフルな掃除を、これからは水拭きまで】","2737","67","800","126","¥ 59,999","","9","B0CLKZXQKD","","61.5","35","26","6740"
"パナソニック IHクッキングヒーター IHコンロ 1400W 日本製 卓上 7段階火力調整 静音設計 ブラック KZ-PH34-K","2563","155","800","1719","¥ 10,791","¥ 10,791","24","B099DGKD23","B09HGSB9H5","39.5","34.3","8.4","2925"
"Hansleep ふわとろ 毛布 ダブル ブランケット 大判 ふわふわ 厚手 もこもこ ぽこぽこ(200x220cm、グレー)","2744","17","","44","¥ 6,980","","1","B0GVYN729T","B0GVYRNWGW","37.3","29.2","13.8","3950"
"Eeasky ゲーミングチェア 座り心地良いデスクチェア オフィスチェア 椅子 テレワーク 社長椅子 伸縮可能のオットマン 高さ調節機能(ホワイト)","2745","131","300","2680","¥ 22,580","","1","B09XHJKRVZ","B09XQK5YY7","88.2","67","39","25190"
"東洋佐々木ガラス グラス USURAI タンブラー 560ml 6個入 グッドデザイン賞 HSハードストロング HSプラチナ 全面イオン強化グラス 高い耐久性 安全重視設計 傷がつきにくい 食洗器対応 日本製 業務用 B-09129CS","3629","88","","1157","¥ 5,260","¥ 6,930","3","B09FX5QPZR","B0DJBDLT7Q","23.2","15.8","15","1160"
"CEREMONY 2個 お香立て 灰がこぼれない 御洒落 ガラス高さUP 長香にも対応 香炉 線香立て 仏壇 書斎 瞑想 玄関先（お香は付いていません）セレモニーインセンスホルダー","2756","94","","6023","¥ 5,212","","1","B0CYXFQHCN","B0DLH721Y1","24.2","17.2","10.2","640"
"Caroeas 125L 超大 ランドリーバスケット ランドリーかご 洗濯かご 大容量 折りたたみ ランドリー収納 おしゃれ 撥水加工 取っ手付き","2845","67","","19914","¥ 6,934","","2","B0CNGF5M49","B091DQ5VQH","24.5","13.5","9.5","490"
"山崎実業(Yamazaki) 洗濯機横 マグネッ ト折り畳み棚 2段 ホワイト 使用時：W41×D26×H36.5cm タワー tower 洗面所 収納ラック タオルラック 折りたたみラック 1717","2760","101","50","68","¥ 5,463","¥ 5,463","14","B0DCMVTJBS","B0DXL1C6KD","45","36.6","4","2400"
"ライクイット (like-it) 収納ボックス 約幅32×奥52×高62.6cm 日本製 クローゼットシステム 引出し (M) 3個セット オールホワイト(不透明) CS-D2 3P 累計販売数270万台突破","2768","78","50","520","¥ 11,898","¥ 11,898","5","B085LTJQ58","B0GWLVXW4X","66.5","53","33","6860"
"アルテ シェイプ A0 ブラック SH-A0-BK","3084","81","","2600","¥ 8,190","","5","B001UR52KK","B08CBJ8DZM","120.1","87.1","2.3","2300"
"G101-T286 日本製 食洗機対応 355ml 36個セット (ケース販売) - ワイングラス セット footprintなし ステムなし 結婚祝い 誕生日 プレゼント お洒落 国産 硝子 コップ","2773","90","","423","¥ 26,213","¥ 26,213","1","B09DXYS35B","B0DJFSCB61","58.6","39.6","32.8","14780"
"ハンドブレンダー 【無段階変速】ブレンダー 電動 氷も砕ける ミキサー フードプロセッサー ジューサー/離乳食/スムージー/スープ","2778","120","600","204","¥ 5,980","","2","B0G48XY23B","B0HGQMTKP8","24.7","12.2","7.4","820"
"TOTO ウォシュレット (瞬間式) 掃除がラク TCF8CKM01#NW1 ホワイト","2793","109","400","143","¥ 37,605","¥ 37,605","19","B0F1YC5JR7","B0GNZ3H5GX","59.5","44.5","18.5","6300"
"CHB ハンディエアコン -5℃体感 瞬間冷風ハンディファン 10000mAh大容量 送風&冷風の2モード切替可能 3段階風量 扇風機 ハンディ ポータブルクーラー 5 時間連続稼働 携帯扇風機 手持ち 卓上 折り畳み Type-C充電式 ミニ扇風機 持ち運び 暑さ対策 熱中症対策グッズ ギフト/プレゼント/贈り物 アッシュグレー","2796","15","","40","¥ 7,990","","2","B0HDCBG1WZ","B0HF4SYD8Z","24","10.7","4.9","300"
"【テレビ朝日紹介】Restnature ネックピロー 首枕 飛行機 車 携帯枕 【業界独創の二層構造】 低反発フォーム×TPUエアー ねっくぴろー","2808","38","","190","¥ 7,980","","1","B0GS84JTXQ","B0GXKKBW4X","25.2","25.1","12.5","700"
"オムロン コンプレッサー式ネブライザ(吸入器) NE-C28","2819","128","600","2115","¥ 11,300","¥ 11,300","18","B002TK7N4U","","37","28","18","2340"
"【「家電批評」掲載モデル 次世代型ネッククーラー 1秒で瞬間冷却！】首掛け扇風機 ネッククーラー 冷却プレート ペルチェ素子 大判プレート搭載 立体冷風 5m/s強風 LED液晶ディスプレイ 8000mAh大容量 首掛け扇風機 最大16時間連続使用 急速充電 冬夏兼用 人体工学設計 暑さ対策グッズ 熱中症対策 夏に必須 プレゼント/室内/通勤/アウトドア ワールドカップ観戦・応援必須アイテム","2821","83","300","107","¥ 8,999","","1","B0GYNSC7H1","B0H44XGKYM","21.1","19.9","5.9","500"
"ナガオ おたま スープレードル 2000cc SUS304 業務用 日本製 52000","2347","26","","322","¥ 5,523","¥ 5,523","1","B08CDFXSWW","B0D2CPHY8X","70","27","27","680"
"アスベル 米びつ 計量 12kg 計量機能付き 無洗米対応 分解可能 洗える キャスター付き 艶ブラック 窓付き 残量確認可能 スリム設計 幅18.1cm キッチン収納 ライスストッカー ＡＺ・Ｓ計量米びつ ASVEL","2823","106","200","102","¥ 5,010","¥ 5,010","1","B0FVL1J2N1","B0G7SCHY1F","43.6","43.1","19.4","2560"
"タンスのゲン 脚付きマットレス シングル【実用新案登録】組み立て楽々 ボンネルコイル+高反発ウレタン ふわさらニット 17800148(132430)","2823","106","200","1334","¥ 10,438","","1","B08BHXK6RB","B08WQ2LZ2H","97.8","33.2","28","22620"
"ヨシカワ 水切りラック 食器乾燥かご 2段 ステンレス 伸縮 大容量 幅15×奥行47cm 4~5人用 シンク上 日本製 1306080","2824","81","","34","¥ 10,799","","12","B07KVCP4ZB","B0GYNFVD7J","52","49.5","21.5","2000"
"BONIQ 3.0 低温調理スターターセット ボニーク【専用コンテナ・ラック・保温ジャケット付き】家庭用 コンパクト 防水 アプリ対応 レシピ付きガイドブック 国内専門メーカー 国内最大級レシピ 低温調理器 低温調理器具 (ブラック, スターターセット｜低温調理器・7Lコンテナ)","2827","116","200","85","¥ 29,925","","1","B0DRHT9THM","B0DRHTHGGL","36","32","25","3600"
"アイリスオーヤマ キャリーストッカー 収納ケース 10個セット クリア/ホワイト 幅40×奥行74×高さ17cm クローゼットキャリー AA-740S","2891","70","","2223","¥ 11,200","","4","B07VYL3TV2","B07X53GYH7","77","50","41","13970"
"HARIO(ハリオ) V60アウトドアコーヒーフルセット ブラック コーヒー セット買い プレゼント ギフト 贈り物 O-VOCF","2834","111","","84","¥ 13,980","¥ 14,704","9","B09SZ23KML","B0C6JSV34N","35.3","30.9","20.7","2572"
"アイリスオーヤマ 洋風ペンダントライト 8畳 調光 PL8D-YAE2","2841","86","50","95","¥ 5,652","¥ 7,220","7","B0DJ8CPMXW","B0FKT6K5K3","48.4","48","12.8","1960"
"【5合対応 1年保証付き】atRise 精米機 5合 コンパクト省スペース スリム デザイン 幅15cm 米ぬか活用 精米機 家庭用 (ホワイト)","2842","106","500","309","¥ 11,480","","1","B0G4KWN77L","B0GQ9H5CBS","38.2","20.3","20.2","2810"
"NIPLUX EYE RELAX S アイウォーマー アイマスク ホットアイマスク 目元エステ アイケア 誕生日 プレゼント ギフト (ブラック)","2844","125","300","154","¥ 8,712","","1","B0DKT8JZBH","B0HDC6HQFR","19.2","14.6","9.2","560"
"MIGABER ハンガー 高級木製 50本セット スーツハンガー かたくずれ防止 跡がつかないはんがー(50, ナチュラル)","2855","76","","137","¥ 6,500","","1","B0DGQBWPWN","B0DB1HMN1G","36","33","6.5","1200"
"キッチンタオル 100枚 綿100％ 格子ふきん 薄手 吸水速乾 絞りやすい 業務用 おしぼり 手拭き 台拭き 4色","2855","79","","151","¥ 5,173","","1","B097365SSM","B0DV54GJXK","38.4","38.2","16.2","2150"
"【2026新登場】筋膜リリースガン ハンディガン 5段階強力振動 AI自適応モード付き 筋膜リリース 8mm深層振幅 5種類のアタッチメント Type-C急速充電 大容量バッテリー搭載 12時間連続使用 10分タイマ自動停止 静音設計 320g超軽量 小型 携帯便利 携帯ケース&日本語取扱説明書付き 誕生日 父の日 母の日 敬老の日 ギフト最適","2856","61","400","35","¥ 5,999","","4","B0H44H9B78","B0HBWJ72R1","19.6","17.6","7.1","670"
"ストリックスデザイン スポンジ 約8×12cm 360枚 (3枚×120セット)〔ケース販売〕 グレー ホワイト ペットボトルからできたマイクロファイバースポンジ 抗菌 防臭 再生PET リサイクル SA-201","2858","93","","24","¥ 16,732","¥ 16,732","1","B0D14C9WKW","B0G6YRDZ3R","50","29","24","4600"
"ドウシシャ ルミナス スリム ラック スチールラック 収納棚 幅60 4段 防サビ加工 キャスター付き 頑丈 耐荷重135kg (棚板1枚あたり) 豊富なカスタムパーツ ポール径25mm 幅61×奥行46×高さ156.5cm キッチン MH6015-4AN","2859","103","50","357","¥ 10,382","¥ 10,382","3","B007NBU4GO","B0DBLGKLYN","61.5","48.5","18","13000"
"Heartserice ポータブルガスコンロ 業務用 1バーナー 高圧直火 中華鍋対応 5.2Kw ステンレス製 強火シングルバーナー プロパンガス対応 (プレミアムモデル シングルバーナー,都市ガス)","3668","3","","","¥ 7,800","","1","B0H5HLJ4K5","B0H5HKQ6GG","65","35","10","3000"
"LAOPAO ソープディスペンサー 自動 泡 ステンレス鋼製 2段階 オートディスペンサー ハンドソープディスペンサー X20鋼-泡-ベージュ色","2871","35","","20","¥ 5,099","","1","B0GT4WR2XL","B0HGK5RKH5","17.8","12","9.4","520"
"オカ(OKA) 乾度良好Dナチュレ バスマット 約60cm×90cm グリーン ( 吸水 速乾 かんどりょうこう 洗える 大判 足拭きマット 風呂 滑り止め )","2872","87","","2508","¥ 6,664","¥ 6,664","2","B00DE2GT5G","B0DJLL6N8R","49.6","35.2","9.3","1260"
"【黒騎士】Novilla マットレス シングル 硬め 極厚26cm コイルマットレス 硬さ180N 高反発 高密度ウレタンフォーム 竹炭入り 2層構造 独立コイル406個 並行配列 体圧分散 通気恒温 ベッドマットレス 寝返りサポート 高級スプリング 通気性 静音 底付き感無し mattress 高耐久性 圧縮梱包 ブラック 97×195×26cm","2876","110","200","251","¥ 16,318","¥ 16,318","1","B0FJFM9J82","B0FJFWCMTK","110","28","28","24270"
"nishikawa 【 西川 】 睡眠博士 首肩フィット 枕 低め 洗える 医学博士と共同開発 仰向け寝が多い方向け 横向き 対応 高さ調節可能 側地の柔らかさアップ パイプ 快眠 肩こり まくら ホワイト EH93009547","2880","110","300","309","¥ 5,610","¥ 5,610","10","B0C9QMQ7R9","B0CSDPVQCQ","54.1","37","12.4","1070"
"GU MODE 子供枕 こども用枕 洗える 取り外せるカバー付き 5段階高さ調整 寝姿勢を整える キッズ枕 転倒防止 安心素材 (ベージュ)","2893","73","400","69","¥ 9,882","","1","B0G2Y4C3M7","B0G2Y3JS51","60","46","32","3000"
"東洋佐々木ガラス 保存容器 漬け上手 ガリジャーポット 小 275ml 72個セット 日本製 生姜 ガリ ガラス瓶 ガラス容器 保存瓶 梅びん 果実酒瓶 梅酒 瓶 果実酒 漬物 ガラス I-77828-P-JAN","3519","80","","11","¥ 38,043","¥ 38,043","1","B08X7B4H91","B0DJDJQ4NV","51.5","46.7","30.8","18270"
"タワー冷風機 冷風扇 強力 【2026年夏モデル&パワフル冷却】 冷風機 水冷式 5L大容量タンク 左右自動首振り 冷却/送風/加湿/空気清浄 扇風機 冷風扇風機 静音設計 8段階風量 4モード 12Hタイマー マイナスイオン リモコン/パネル操作 PSE認証済 保冷パック4個付 寝室 リビング 家庭用 オフィス用","2902","73","900","262","¥ 10,998","","3","B0GY49BL3H","B0H6F8FYSB","101","25","22","5600"
"【SHARP 純正品】シャープ プラズマクラスター空気清浄機 交換イオンカートリッジ IZ-C100C2","2905","128","800","141","¥ 5,045","¥ 5,045","14","B09N3G182R","","11.9","10.2","3.7","120"
"脱毛器 vio対応 【2026サファイア冷感無痛 & IPL光技術】光脱毛器 メンズ レディース対応 5段階照射 手動/自動切替 (ホワイト)","2906","97","1000","115","¥ 5,380","","3","B0H1126N2M","B0HGQYQQDC","20.7","9.7","9.2","580"
"Yiwbj テーブルクロス 透明 90x180cm 厚さ3mm PVC製 テーブルマット 長方形 デスクマット 無臭 ビニール 矩形 テーブルカバー 防水 汚れ防止 撥水加工 (透明 3mm, 90*180cm)","2379","36","","464","¥ 5,211","","1","B0CS6JP2QS","B0CS6L4XZM","92","9","9","5200"
"nishikawa 【 西川 】 からっと寝 敷くだけ簡単 寝具用除湿シート シングル ブルー 特殊シリカゲルが汗や湿気を吸収してさらっと快適 イヤな臭いも消臭 繰り返し使える 梅雨 結露対策 防ダニ 防カビ 吸湿センサー付き 布団用除湿マット 湿気取 防湿 207278805","2910","116","200","4623","¥ 5,132","¥ 5,132","1","B00BS1YHY0","B0FCT4HPRG","46","38.5","10.3","2070"
"【Amazon 限定ブランド】UOUOMI 汎用チェアマット 180*140cm ライトグレー 厚さ5mm キズ防止 凹み防止 滑り止め","3648","26","","181","¥ 6,880","","1","B0DTJ28KMG","B0F1TFWJ7B","46","35","10","1550"
"乾度良好Dナチュレ TM 90ｘ65 耳長 RP","2912","51","","14","¥ 6,244","¥ 6,244","2","B00N8AYLWC","B0DJLLQD4L","41","33","8.8","960"
"三鈴陶器 ごはん鍋 ご飯土鍋 7合炊き 四日市 万古焼","2913","115","50","1324","¥ 6,000","","6","B01LYMTXZI","B01M7ZUHE3","26.3","26.2","20.8","3150"
"KIPROSTAR 業務用アルミフライパン 特大 35cm（表面フッ素樹脂コーティング加工） キプロスター (ガス火専用)","2914","40","","1995","¥ 6,385","","1","B004PWLK5S","B0GSZMMCGX","65","37","6","1820"
"ryouya自動式温風スチームアイロン＆乾燥機。ハンズフリー操作、自動送風、衣類乾燥機能付き。衣類や靴を乾燥でき、シワを素早く除去。濡れた衣類も乾燥でき、アイロンがけも可能。衣類に優しく、梅雨時の必需品。家庭やオフィスでの使用に最適です（ホワイト）。 (3点セット（乾燥機カバー付き）)","3246","6","","","¥ 41,399","","1","B0H65P88BK","B0H65MG882","36","34","25","4000"
"Keusnix ラグ カーペット ラグマット 3畳 200x250cm シャギーラグ ふわふわ 絨毯 肌触り優しい リビングマット アイボリー","3153","88","","859","¥ 6,380","¥ 6,380","1","B0DMDJNF8S","B0HBPLRF4N","39.9","22.2","21","2930"
"ティファール 取っ手のとれる フライパン 22cm IHガス火対応 「インジニオ･ネオ IHステンレス･アンリミテッド フライパン」 L97103","3083","118","200","97","¥ 5,706","¥ 5,852","11","B0CC479WJB","B0D83CXWBR","24.9","24.2","6.2","730"
"ティファール 衣類スチーマー「アクセススチーム イージー ブラック＆ホワイト」DT7132J0【Amazon.co.jp限定】","2923","119","400","235","¥ 7,480","¥ 7,480","1","B0DB2FHNT2","B0GSD2WZS9","33.4","20.9","14.4","1410"
"VENTOTA フロアライト LED スタンドライト 間接照明 フロアスタンド ランプ 照明スタンド リモコン付き 調光 floor lamp ルームライト 寝室 floor light おしゃれ 北欧 フロアランプ フロアスタンドライト かんせつ照明 LiioBK vo421674","2928","105","50","617","¥ 7,191","","1","B0933BZ8TR","B0GXVWSFMJ","126","20","9","2700"
"brisafe 日本製鏡面フィルム 割れない 壁掛けミラー 軽量 幅80CM 高さ150CM 地震対策 防災 クリア映り 安心の安全設計 おしゃれ 全身鏡 フィルムミラー 姿見 立て掛け","2934","66","50","89","¥ 12,591","","1","B0DJS3JLT8","B0F8JPBLJ9","155","85","3.6","3500"
"スーパーゴリラのひとつき 電動 足うらケア タイマー 10分 自動OFF 軽量 3段階調節(強・中・弱) 簡単装着 ブラック ドウシシャ","2949","75","200","278","¥ 6,095","¥ 6,095","5","B0DWDWCTTM","B0FPM5C8SN","22.6","14","8.4","400"
"Dyson(ダイソン) 空気清浄機 扇風機 Dyson Purifier Cool™ Gen1 空気清浄ファン ホワイト／ホワイト (TP10 WW) サーキュレーター【空気をきれいにしながら、涼しく】","2953","135","400","308","¥ 28,500","","14","B0CZ9JDLF2","B0H4KTXNMF","110","26","25","7000"
"アビテラックス シーリングライト 18畳 【安心の国内メーカー】 [調色なし・10段階調光のシンプルモデル] LEDシーリングライト ALC-S18 照明器具 省エネ 30分/60分 切タイマー メモリー機能 天井 ledライト リモコン付 調光10段階 部屋 寝室 和室 台所 洗面所 天井照明 PSE認証獲得 Abitelax (18畳)","2955","104","100","176","¥ 8,979","","1","B0DG8P59TV","B0FN8D5TW4","51.4","51.1","14.4","1670"
"アイリスオーヤマ LEDシーリングライト パネルライト 12畳 間接照明 おしゃれ 明るい 優しい光 調光 調色 ラウンドタイプCEA-A12DLP","2958","120","500","881","¥ 12,790","¥ 15,800","13","B09923R2X3","B0FLXGML2X","64","62.2","14.4","4440"
"【お得な5本セット】伸縮 カーテンレール ダブル 1.1～2m フリースライドレール エコノ リターンキャップ付 マグネットランナー付 天井・壁付け対応 簡単取付 ユニテックパロマ (5, ホワイト)","2958","63","","43","¥ 7,280","","1","B0GQRCW12C","B0GQRG7CK8","115","16","12",""
"Xiaomi シャオミ スマートエアフライヤー 4.5L 大容量 家庭用 調理家電 油を使わない調理器具 揚げ物 焼き物 温め直し スマホ操作","2963","91","50","247","¥ 8,280","","1","B0FHWJN34B","B0GRHKJSZK","37.2","33.9","29.9","4910"
"掃除機 コードレス 110KPa超強力吸引&業界初の自立式&418g超軽量 グリーンLEDライト 2段吸引力 42分連続稼働 Bivark サイクロン","2965","54","700","20","¥ 5,740","","5","B0GQQ2393Z","","37.1","20.5","15.2","1410"
"Uwant 布団クリーナー 16Kpaの強力な吸引力 毎分たたき36,000回超高速拍打 超軽量 UV除菌 HEPAフィルタ 布団掃除機 ダニ駆除 ハウスダスト 花粉 ソファ カーペット ベット 梅雨 Set of 1 M100 オレンジと白","2968","136","600","301","¥ 10,120","","2","B0D7C6VH4G","B0H2BMHV3N","32.6","29.4","19.6","2190"
"[アキレス] マットレス 折りたたみ 硬め 高硬度(265N) 腰痛 セミシングル (幅80×長さ180㎝) 抗菌 消臭 厚み4㎝ 車中泊 災害 ごろ寝 六つ折り コンパクト ブラウン MK6-SS BR","2971","92","50","2719","¥ 5,999","¥ 7,776","2","B0744JCDLN","B0CF1RTW6K","79.9","29.6","24","4460"
"TKUIN ゴミ箱上ラック レンジラック 2口コンセント 伸縮幅50～80cm 高さ170cm調整可 冷蔵庫上 洗濯機上 棚 キッチン収納 Black","2974","112","200","125","¥ 10,998","","1","B0D53PCMN4","B0D53NFY1D","92.8","46.6","15.3","14700"
"リバーライト 鉄 フライパン 極 ジャパン 26cm IH対応 日本製 中華鍋","2974","127","200","771","¥ 6,527","¥ 6,527","7","B01N1711EH","B0CZTJF3G6","44.5","27.5","8.4","1200"
"[Rakuisme] ベッドフレーム ダブル 宮棚付き 2口コンセント 3段階高さ調節 すのこベッド グレー","2979","105","100","181","¥ 16,680","","1","B0G1S2QLNX","B0G1S1NPGG","102","37","16.5","23000"
"ブルーム 今治タオル 認定 ビレア ガーゼケット タオルケット シングル 約140cm×190cm 5重ガーゼ 綿100% 日本製 (クルミベージュ)","2982","75","50","169","¥ 6,280","","1","B00RV4OH1Q","B0HDC7VLXL","41.5","25.2","12.4","920"
"【スルッと 長持ち 】 SURUTTO フライパン 26cm IH ガス対応 こびりつきにくい 洗いやすい 均一に火が通る 軽量 PFOA 有害物質不使用 内面フッ素コーティング 外面セラミックコーティング 目玉焼き 取っ手つき スルット HD26 （リニューアルモデル） 【フライパン探すの、やめません？】","2990","73","200","11","¥ 8,228","","1","B0H2KSV9RK","B0FKMZHTLK","46.7","27.4","11","770"
"CAROTE カローテ フライパン セット 16点 IH対応 ガス火対応 PFOAなどの有害物質不使用 食洗機対応 3層コーティング 魔法の注ぎ口 キッチンを汚さない 軽量 取っ手のとれる くっつきにくい 鍋セット 洗いやすい オーブン対応 調理器具セット ベージュ＆ゴールド ミルクティー色 【730日保証】【新生活応援】【耐摩耗性テスト100万回クリア 】","2990","92","100","745","¥ 10,978","","1","B0FX58GF4Z","B0DTQ12QVV","32.7","32.4","17.6","5140"
"シャープ 空気清浄機 KI-TX75-W プラズマクラスターNEXT 34畳 加湿内部洗浄 10年フィルター 花粉 ウイルス 消臭 加湿900mL","2994","147","50","57","¥ 56,800","¥ 56,800","9","B0DP2MGM2S","B0H86Q6RMR","76.5","46","34","13350"
"Imspace ネッククーラー 冷却プレート【2026新登場 · 首掛け扇風機】ネックファン 軽量 大風量 静音設計 暑さ対策 熱中症対策 ホワイト","2996","93","1000","147","¥ 5,980","","2","B0GVKZS1WS","B0HGXB2XDM","22.8","20.2","5.7","470"
"Aliliy 電気ケトル 小型 ポータブル 550ml大容量 海外対応 6段階温度調節 自動保温 持ち運びケトル 400W 急速沸かし ブラック","2997","117","100","700","¥ 6,980","","2","B0FP1CXFTN","B0HGG1KZQN","25.9","11.2","11.1","720"
"テーブルクロス ビニール 70*140cm 厚さ5mm テーブルマット クリア ビニール 無臭 PVC製 デスクマット テーブルカバー 防水 汚れ防止 撥水加工 はカスタマイズ可能です","3798","13","","347","¥ 6,199","","1","B0DX1JXWB4","B0F1SRW4W2","50","3","3","5990"
"サーモス 水筒 真空断熱2ウェイボトル 0.6L/0.64L ミッフィー オレンジ ストロー コップ 子供用 通園通学 FJO-601WFB OR","2999","104","","241","¥ 8,480","","4","B0BM47WHNC","B0DVGBT45Y","28.2","11","10.4","580"
"【九州大学博士監修】NIPLUX EMSヘッドスパ 電動頭皮ブラシ 頭皮ケア フェイスケア 高輝度赤色LED EMS HEAD SPA PREMIUM","3000","123","600","641","¥ 15,840","","1","B0CHW51X8N","B0CLL1YPNH","16.9","15.8","14.7","860"
"【業務用 セット】 蝶プラ工業 プルアップトレー W30.7×D19.8×H1.7cm ブルー 3120 ノンスリップ加工 10枚セット 日本製","3277","71","","842","¥ 11,313","¥ 11,313","1","B09ZL416HP","B0D1X3GLFX","31.1","20.3","6.1","1910"
"掃除機 コードレス 強力吸引45000Pa 35分稼働 超軽量 静音 スティック型 一人暮らし ペットの毛・猫砂対応 本体0.5kg 充電式コンパクト","3005","103","500","120","¥ 5,758","","2","B0GDXX5GD4","B0H913XQMQ","36.4","23.1","16","1630"
"VK Ingeroom カーペット ラグ 極厚25mm 約4.5畳 高反発ウレタン 厚手 防音 滑り止め 抗菌防臭 200×300cm アイボリー","3506","64","","512","¥ 8,499","","1","B0FL7QBFM9","B0C9C95J8X","55","40.5","36","5010"
"[ドウシシャ] ルミナス ノワール ウッドシェルフ付きワードローブ 3段 幅81 奥行41 キャスター付き スチール シェルフ 棚 収納 ラック コートハンガー 洋服掛け 衣類 スリム オープン 省スペース 頑丈 黒 ブラック おしゃれ 幅81×奥行41×高さ178cm ポール径25mm 耐荷重80kg NO8018-","3026","67","","7","¥ 13,813","¥ 13,813","4","B0C6DPBQJY","B0FX3NWBGL","90","49","14","15000"
"お風呂マグネット収納 浴室用ラック マグネット ステンレス 錆びない バスルームラック 磁石 バスケット お風呂 浴室 収納 (M size) (× 2)","3024","64","","284","¥ 5,770","","","B0GZM75YZ6","B0FBJYF2Y1","30.2","10.9","8.7","1300"
"Imspace ネッククーラー 冷却プレート【2026新登場 · 首掛け扇風機】 ネックファン 軽量 大風量 静音設計 暑さ対策 熱中症対策 ブルー","3026","83","600","145","¥ 6,980","","3","B0GVKS7FDM","B0HDZWRYPD","22.8","21","5.8","470"
"柳宗理(Yanagi Sori) ステンレス片手鍋18cm IH対応 アルミ三層鋼 蓋付き 日本製 食洗機対応 左右に張り出した注ぎ口 利き手を選ばない 注ぎやすいデザイン 水切れ 吹きこぼれを防ぐ ステンレス 雪平鍋","3029","51","400","269","¥ 9,580","","4","B00078MHN8","B07W33D2PP","34.2","22.6","11","1280"
"アイリスオーヤマ 除湿機 コンプレッサー式 4.8L 大容量 除湿器 衣類乾燥 部屋干し 湿気取り 梅雨対策 AJ-C48A-W","3032","81","400","50","¥ 14,801","¥ 14,801","3","B0GK9NR7VR","B0H5W9J8BZ","42","28.4","23.1","7990"
"山善(YAMAZEN) 突っ張り パーテーション (ワイヤータイプ) 幅60×奥行5×高さ166.5-295.5cm (フック4個付き) 壁掛け 収納 壁面収納 天井 間仕切り 組立品 ホワイト SP-60(W)","3035","108","100","1233","¥ 5,280","¥ 5,280","2","B000EETIGY","B0BT7CLH77","84.4","61.8","6.8","4500"
"すっきり暮らす 水切りかご スクエア 吸水マット付き 食洗機対応 脚付き 大容量 ステンレス 吊り下げ収納 シンプル 角型 水切りラック 省スペース コンパクト スリム 約W28×D27×H9.2cm ステンレスかご 燕三条 KN-270029S","3501","44","","4","¥ 7,041","¥ 7,041","3","B0DH84XJ9K","B0GPVT3YSV","28.8","27.8","10.4","810"
"ドウシシャ(DOSHISHA) 電動 ふわふわ とろ雪 かき氷器 製氷カップ2個付き(Mサイズ) ブラック 冷凍フルーツ DTY-B2BK","3039","127","100","2608","¥ 5,550","¥ 5,606","19","B09R3PZ9X2","B0H251KMBS","37.4","21.1","16.3","1770"
"MALTICE プレミアム 家庭用製氷器 透明氷 製氷皿 【ハイボールの常識が変わる】 氷 丸氷 透明氷 モルトアイス(ウィスキーが劇的に美味くなる!) (氷柱型)","3043","116","600","118","¥ 16,800","","1","B0FRXGVMKP","B0FS1RHF5G","22.2","19.2","14.7","2020"
"【公式】【2026年版】ここひえ R8 ブルーグレー 【延長保証セット】 冷風機 卓上クーラー 小型クーラー ポータブル CCH8W274","3044","77","300","512","¥ 9,333","","1","B0GTK4Y1VQ","B0HC1X6XFY","34","31","27.5","2500"
"枕 首が痛くならない 枕 高め 低反発 横向き寝 枕 硬め まくら 首肩フィット 枕 4段階高さ調整 ピロー 頚椎 幅64cm×奥行40cm グレー","3171","93","200","1151","¥ 7,680","","1","B0D3GVJLZY","B0D6252TBC","41.4","17.5","17.4","1720"
"AIFY 毛布 ダブル ブランケット 夏用 冷房対策 マイクロファイバー もうふ フランネル オールシーズン 軽い 大判 おしゃれ 薄手 軽量 掛け毛布 四季適用 北欧 洗える 180×200cm ベージュ","3058","49","","1822","¥ 12,494","¥ 12,494","1","B0C3CMN7D4","B0GCXR8T5M","30.7","15.2","14.7","1050"
"ハイドロフラスク(Hydro Flask) Wide Mouth ワイドマウス 32oz 946ml トーナルブラック","3813","53","","887","¥ 6,937","¥ 6,937","3","B0G6GSX4H2","B0H863L4G4","24.7","10.2","9.7","495"
"オムロン 上腕式血圧計 プレミアム25 HCR-7524T","3086","128","300","107","¥ 15,790","¥ 15,790","2","B0DV9GT268","B0FL6V3LWJ","22.3","15.7","12","1000"
"Amazonベーシック 掛け布団 秋冬用 厚め キング 259 x 229cm 羽毛代替素材 コンフォーター ホワイト","2526","83","","3526","¥ 6,346","¥ 6,346","1","B0835BV6FB","B0DH8HL5TC","44","32.4","25.4","4500"
"サンコー ずれない ジョイントマット 45×60cm ライトグレー 12枚 カーペットタイプ【日本製 撥水 消臭 洗える】おくだけ吸着 キッチンマット KY-44","3314","74","","8","¥ 6,966","¥ 6,966","2","B0D7C6GNVR","B0G39F2LD5","61.8","48","6.1","2290"
"山善(YAMAZEN) 傘立て 折り畳み傘対応 軽量 折りたたみ可能【完成品】 傘たて 24本用 屋外 幅57.5×奥行26.5×高さ48.5cm 水受け取り外し可能 玄関収納 ラック ブラウン KAUR-24(BR)","3113","104","50","746","¥ 8,709","¥ 8,709","3","B0CQNH6Y4K","B0CTGQXN52","60","54.4","8.2","3990"
"クリンスイ 浄水器 蛇口直結型 CSPシリーズ 交換カートリッジ HGC9SZ","3119","129","500","1201","¥ 6,875","","17","B0088GWV7I","","17.8","10","6.1","430"
"tobest「極」高反発マットレス 三つ折り 10cm 絶妙な硬さ プロファイル加工 折り畳み ベッド 敷布団 ブラック セミダブル SD","3121","76","100","6047","¥ 8,982","","1","B082SNVLFZ","B0BKJXKDXY","61","31.5","28","4520"
"【ミラー・フック・パンチングボード付き】LunarLight つっぱり棚 突っ張り棒 幅80奥行18.5高さ191.5～270㎝ 可動棚3個 組立簡単","3130","100","50","78","¥ 8,490","","1","B0FXFXGBXS","B0FXFX9SQ4","94","17","17","14760"
"パナソニック 掃除機 紙パック式 MC-PJ24A-A ライトブルー 軽量 コンパクト エアダストキャッチャー搭載","3138","88","400","121","¥ 15,800","¥ 15,800","4","B0DTJZNYLJ","B0FT3H65TX","52.2","31.4","24.8","4960"
"Balin ネッククーラー 冷却プレート【人間工学設計×冷暖房】首掛け扇風機 ペルチェ ネックファン 瞬間冷却 6000mAh 大容量 TypeC充電 携帯扇風機 静音 熱中症対策 熱中症対策 猛暑 アウトドア 高温対策 旅行 キャンプ アウトドア 通勤 花火大会","3994","13","200","53","¥ 8,980","","1","B0H4D6BDGG","B0HGMDVR3M","23","19.8","10.4","660"
"Sanko 【日本製 拭ける 撥水】サンコー キッチンマット ずれない 台所マット ロング 60×240cm ベージュ おくだけ吸着 KP-79","3712","54","","41","¥ 5,000","¥ 5,045","6","B07G8QDVPS","B0D4VQ1SYH","65","11","10","940"
"Serwrsw 額縁 軽量 A3 写真 ポスター アート フォトフレーム 壁掛け 29.7x42cm ブラック 12枚 セット","3079","32","","135","¥ 6,677","","1","B0FDJZD3ZP","B0FLPF1NC7","47.9","35.9","11.9","5380"
"【日本建築士推薦・日本正規品】 窓用フィルム 防犯フィルム 窓断熱シート 遮熱遮光 UVカット 飛散防止 防災 90cm×400cm 2本 シルバー","3879","79","50","454","¥ 6,436","","2","B0CD9TPHTL","B0CBRN8YJV","92.5","10.4","5.3","2100"
"オムロン 上腕式血圧計 HEM-1026シリーズ HCR-1901T2","3157","112","500","123","¥ 26,980","¥ 26,980","1","B0DF72MMK9","","25.6","24.7","18.8","2217"
"【次世代】CHB ハンディエアコン -5℃体感 瞬間冷風ハンディファン 10000mAh大容量 送風&冷風の2モード切替可能 3段階風量 扇風機 ハンディ ポータブルクーラー 5 時間連続稼働 携帯扇風機 手持ち 卓上 折り畳み Type-C充電式 ミニ扇風機 持ち運び 暑さ対策 熱中症対策グッズ ギフト/プレゼント/贈り物（父母/子供/友達/同僚/誕生日/お祝い/お中元）アイスブルー","3163","12","","31","¥ 7,990","","2","B0HDCH38N7","B0HGWGL5LG","25.5","11.9","5.9","390"
"昭和西川 創業450年 抱き枕 腕・肩・足を重力から解放する 快眠セラピスト監修 だきまくら 男性用 女性用 兼用 2つのカバー付き 接触冷感 妊婦さんにも (約120×45cm, EC220：ネイビー) 2211012800351","3169","96","300","215","¥ 6,831","","1","B0BRSB3D39","B0BRSB5JY1","61.2","40.2","40.1","1530"
"パナソニック LEDシーリングライト 調光・調色タイプ リモコン付 ~8畳 ミディアムブラウン仕上 HH-CE0819AH","3170","123","300","1378","¥ 12,600","¥ 12,600","2","B07YDJKGYF","B0CXWY7VR2","55.8","53.8","16","2740"
"【純正品】 ブルーエア 交換用 ダストフィルター Classic 200シリーズ 空気清浄機 F200300PA","3171","123","100","1794","¥ 6,500","¥ 6,500","5","B000E7B4KO","B0BJHWC23G","47.6","37.8","5.6","794"
"【WEB限定】 タイガー魔法瓶 炊飯器 日本製 全2サイズ 1升 10合炊き 圧力IH 遠赤5層土鍋コート釜 粒立ち保温 お手入れ簡単 ブラック JPV-N180K","3172","127","100","88","¥ 33,800","¥ 33,800","1","B0D3QBFZWR","B0FD3SCNZH","45.7","36.3","29.1","7590"
"OIGAE ラグ カーペット 春 夏 185x235cm 3畳 ラグマット ヘリンボン柄 北欧 じゅうたん 無地調 幾何学模様 床保護 防音 リビング 滑り止め オールシーズン適用 安心素材 ベージュ BSJ040-L-BE","3336","91","","1402","¥ 5,099","","1","B0BVB1QB6K","B0GWDCMVWY","41.7","32.9","14.2","2550"
"【安心の日本企業ｘGetNavi掲載】SHOJIKI® コードレス掃除機 掃除機 軽量 【強力吸引ｘ1.2kgの超軽量性】充電スタンド付き","3180","116","400","81","¥ 16,909","","1","B0GW7GCDVY","B0GW86Z6KP","56.2","35.8","11.1","2360"
"【公式】トゥルースリーパー プレミアム シングル[ブラック] 【最大30日お試し対象は販売元Amazonのみ】 正規品 低反発 低反発マットレス 日本製 寝具 マットレス マット 厚さ5cm オーバーレイマットレス トッパー Shop Japan(ショップジャパン) True Sleeper","3198","98","50","62","¥ 17,820","¥ 17,820","1","B0CB38V41B","B0GTV9H78W","54.3","35.3","30.9","5780"
"MOGU(モグ) 気持ちいい抱きまくら 日本製 身体が求めるビーズクッション へたりにくい パウダービーズ使用 大型(約50x115x20cm) ネイビー カバー付き カバー洗濯可 男女兼用 妊婦 介護 横向き うつぶせ 体圧分散","3199","108","100","2445","¥ 7,083","¥ 7,083","10","B003VM2UUW","B0GJCQF84M","94","33","21","1580"
"バスタオル 大判 エステタオル 業務用 マイクロファイバー 70×140cm ふわふわタイプ 960匁 12枚セット ベージュ 大判 タオル セット","3371","32","","6","¥ 7,919","","1","B0GJ3XT3V8","B0FLF6F55L","53","36","22.5","3400"
"円形 透明 テーブルクロス 直径125cm 厚さ3mm PVC製 テーブルマット 矩形 テーブルカバー 耐油 汚れ防止 撥水加工 耐熱 耐摩耗性 カスタマイズ可能","5047","12","","151","¥ 5,599","","1","B0FC6WZ37X","B0F74NM3QJ","125","3","3","5480"
"シャープ 過熱水蒸気 オーブンレンジ 26L コンベクション 2段調理 ホワイト RE-SS26B-W","3214","134","200","1658","¥ 32,800","¥ 32,800","3","B09KBNHH3M","B0FK8RTBMT","55","54","44","21800"
"SENSARTE 両手鍋 26cm 深型 卓上鍋 IH/ガス火対応 セラミックコート PFOAフリー 焦げ付きにくい ガラス蓋付き 一年保証 白&茶色","3216","64","","330","¥ 5,083","","1","B0FY1J4PNM","B0H9XJXQS3","39.3","33.4","14.5","2380"
"貝印 KAI 菜ばし Kai House Select プラスチックハンドル 30㎝ 日本製 DH7102","3217","53","","718","¥ 8,372","","1","B00ZVUO4DS","B0DJVZSXQF","40","20","1","50"
"オーエ 組み合わせ 風呂ふた アイボリー 幅73×長さ158cm 防カビ 抗菌 日本製 2枚入","3218","97","100","5669","¥ 8,900","¥ 8,900","9","B008NZOCKI","B0188DZU64","79","73","3","3780"
"山崎実業(Yamazaki) マグネット風呂イス 座面高25cm ＋ マグネット&引っ掛け湯おけ Lサイズ ＋ マグネット手おけ 【3点セット】 ホワイト タワー tower 6925 1562 3607","3597","41","","1","¥ 8,690","¥ 8,690","3","B0FX4J4QZG","B0G4D3SZ3L","43.8","37.4","30.7","2320"
"ドウシシャ ルミナス スチールラック スライドレール用台車 ラック移動用台車 2個セット LR-45 幅8×奥行49×高さ10.5cm 幅45cmモデル ポール径25mm 重量物 耐荷重300kg 固定レバー付き バックヤード 倉庫 可動棚 書庫","3355","23","","4","¥ 9,800","¥ 9,800","4","B01MUB8XSO","B0H979XNMR","54.3","13.5","6.2","2880"
"TOSHIBA(東芝) コードレス スティック掃除機 パワーヘッド 軽量 お手入れ簡単 トルネオ 一人暮らし VC-CL21Z(W)","3225","136","200","461","¥ 15,980","¥ 15,980","11","B0CZX174H6","B0GWH963XL","54.8","28.7","22.6","3420"
"フェイスタオル 白 300枚 200匁 綿100％ 34×86cm 薄手 吸水速乾 ロング 業務用 温泉 サウナ ホテル","3227","61","","592","¥ 39,800","","1","B0DNZB4X3R","B0DT4B3MYY","22.5","16","12","310"
"ゴムまな板 抗菌 アサヒクッキンカット 家庭用 LL 日本製 420×250×13mm NE05704","3228","123","200","357","¥ 9,980","","4","B0BGRJJ97M","B0DSYZ5357","41.8","24.8","1.4","1600"
"パナソニック 衣類スチーマー スチーム専用 大容量タイプ ミッドナイトブラック NI-GS420-K","3229","104","200","69","¥ 7,400","¥ 7,400","16","B0FNMKWSL1","","30.6","18.9","14.4","1140"
"エバークック 炒め鍋 26㎝ オール熱源対応(IH対応) evercookα(エバークック アルファ) PFOA PFOS フリー ワインレッド 2年保証 ドウシシャ","3230","99","100","468","¥ 5,754","¥ 5,754","1","B09FNYBMWJ","B0FB2TZM9K","48","27.5","7.5","780"
"MAWA すべり落ちない ハンガー 40P エコノミック 幅40cm シルバー 30本組 ドイツ製 10年保証","3250","88","","5764","¥ 7,200","","4","B07JKBQZV4","B09MVQ292Q","45","35","11.3","2230"
"アイリスオーヤマ ホームベーカリー 27メニュー レシピBOOKメニュー50種 レシピ 付き パン生地 うどん そば 米粉パン対応 ジャム 甘酒 1斤 ピザ 餅つき機 プレゼント ミトンセット IBM-010-C サンドベージュ","3240","128","400","416","¥ 11,790","¥ 12,380","19","B0BZVXG268","B0FB3FCC1F","35.2","30","26.5","4440"
"ASYUNY 紙コップ 5オンス ホワイト 無地 150ml 大容量 3000個入り(100個袋×30) うがい用 試飲用 ホット＆コールド対応 ロースタック ケース販売","3241","63","300","15","¥ 5,930","","1","B0D469ZGF9","","45","40","34",""
"オムロン 体重 体組成計 カラダスキャン ホワイト KRD-603T2-W スマホ連動 データ自動転送自動認識 乗るだけで測定開始 50g単位 BMI 骨格筋率 体脂肪率","3244","136","300","406","¥ 13,980","¥ 13,980","4","B0C2J48K8X","B0CB676LKT","36.1","29.3","4.7","2120"
"山崎実業(Yamazaki) 【 完成品 ストッパーのみ要取付 】 隠せる 調味料ラック 2段 ホワイト 約W12.5×D50～93×H52.5cm タワー tower 大容量 引き出し式 コンロ横 キッチンラック 4334","3246","121","200","695","¥ 15,306","¥ 15,306","16","B0C5WNRFJX","B0D9R37851","59","57","16","10800"
"【最高級カタログギフト】 プレミアムカタログギフト ザ ゴールド (10900円コース) Selene（セレネ） THE GOLD","3253","109","300","49","¥ 9,850","","1","B0FRS8TM18","B0FRSKP7HG","26.5","19.3","2.9","460"
"ストリックスデザイン 紙コップ ペーパーカップ 4000個 (100個×40セット)〔ケース販売〕 90ml ホワイト ミニ 小さめ うがい 試飲 試食 コンパクト 収納 業務用 DR-504","3313","21","","1153","¥ 19,610","¥ 19,610","1","B073TY2G1T","B0FHQ2M986","46","39.8","30.4","7800"
"【ムーミンMOOMIN コラボ限定】NIPLUX HAND MOMI ハンドケア リラクゼーション器 温熱 コードレス 18層エアバッグ 3段階加圧 3種類モード ツボ押し 手のひら 指先ケア ハンドモミ 充電式 男女兼用 リラックス ギフト プレゼント","3257","82","","13","¥ 13,440","","1","B0G43R8R87","B09SG76JS1","21.9","21.3","11.7","930"
"アイリスオーヤマ 本棚 大容量 スリム 幅約59.8×奥行約23×高さ約180㎝ 8段 棚板可動 オープンラック 組立品 ホワイト CORK-1860","3267","103","100","1209","¥ 7,460","¥ 8,185","6","B08BJ99N95","B0BY8H16YQ","97.5","34.7","15.7","19600"
"アイリスオーヤマ 組立簡単スチールポールラック 3段ワイドラック SPR-3R900 ナチュラル／ブラック","3272","98","","45","¥ 5,405","¥ 5,405","4","B0G7T76G5D","B0G8W9QWFP","96.5","31","7.5","8320"
"筋膜リリースガン ハンディガン【15段階強力振動 × 6種類アタッチメント】8mm深層振幅 AI自適応モード搭載 低騒音 ミニサイズ Type-C充電式 大容量バッテリー 最大10時間連続使用 持ち運び便利 携帯ケース/日本語説明書付","3273","25","500","","¥ 18,800","","4","B0H7BB462B","B0HGXFF22N","23.9","21.7","5.9","750"
"ガラスコレクションケース JONY ジョニー 背面ミラータイプ 幅40cm スリム ハイタイプ 本体のみ 鍵付 ガラスケース ディスプレイラック 地球家具 コレクションラック (高さ160cm ブラック, 背面ミラー) ※LEDは別売です","3273","40","","384","¥ 25,993","","1","B08145V8RD","B0H2LLDK1F","159","41","9","38000"
"パナソニック用互換品 TK-CJ24C1 浄水器 カートリッジ TK-CJ22C1後継品 麦飯石追加 PFOS/PFOAを含む19項目除去 国産ろ材","3278","104","50","282","¥ 6,950","","1","B0F37YLWGS","B0F37ZFXY5","14.9","11.8","7.7","460"
"テルモ電子血圧計 エレマーノ2 ＥＳ－Ｈ５６","3281","116","500","615","¥ 17,780","","9","B06XXY147F","","20","12.8","9","400"
"【2 in 1】 アイリスオーヤマ 掃除機 コードレス スティッククリーナー 充電式サイクロン 置くだけで充電スタンド付き 軽量 ハンディクリーナー SCD-161P-W","3283","155","700","96","¥ 12,498","¥ 12,929","19","B0CDBXLFVV","","70","24","15","3100"
"AIFY 掛け布団 シングル オールシーズン 軽量 洗える 肌掛け布団 ふんわり 通気性 抗菌 防ダニ 【SEK認証】 夏用 冷房対策 ブラック 190×210cm","3289","69","","2641","¥ 16,112","¥ 16,112","1","B0F1MCRZVG","B0BHYB4P7M","43.3","33.6","18.3","2770"
"Ohget電動かき氷機、きめ細やかな雪のような氷、小型、業務用、家庭用、角氷・キューブ氷対応、粒度の調整可能、かき氷機、夏、デザート、スイーツ、カフェ、飲食店 (ホワイト)","4165","0","","","¥ 7,299","","1","B0HCNB4FW6","B0HCN3H37H","30","30","20","5000"
"[ColoLife] キッチンワゴン 隙間収納 収納カート 5段 収納ワゴン オール合金構造 キャスター付き ホワイト","3293","84","100","42","¥ 6,990","","1","B0GZ3PCJ84","B0GZ3GQ1D5","91.5","29.3","29.3","4910"
"XINYF オープンシェルフ ラック 4段 幅60奥行30高さ135cm (L-4段-茶色)","3314","104","100","1166","¥ 7,639","","1","B09D7PKZV7","B09D7NK1D3","75","35.5","21","13100"
"タンスのゲン ベッド シングル 折りたたみベッド すのこベッド 桐 耐荷重約300kg ベッドフレーム 木製 17610050(90018)","3315","100","200","1517","¥ 11,387","","1","B09C7YZLSZ","B0FTFPHQV7","97","35","26","20300"
"東洋佐々木ガラス タンブラーグラス ニューリオート 14タンブラー 420ml 48個セット 日本製 食洗機対応 グッドデザイン賞 ガラスコップ グラス コップ ビールグラス ハイボールグラス サワーグラス チューハイグラス 業務用グラス BT-20205-JAN","3688","85","","405","¥ 31,922","¥ 31,922","2","B09NVBZ3P3","B0D964HJ6V","44.8","35.7","33","10430"
"【正規品】Ulike（ユーライク）メンズ脱毛器 X+ 家庭用光美容器 サファイア冷却 痛みレス設計 毎日のヒゲ剃り対策 髭/VIO/脇/脚/腕対応 自動連射 ワイド照射 スキンセンサー搭載 2年保証 プレゼント ブラック","3319","84","50","170","¥ 53,311","","1","B0F386QPPX","B0H9CQKHHJ","28","17.5","11.5","1800"
"LDK A評価 MYTREX マイトレックス EMS HEAD SPA DEEPX イオン電気針ヘッドスパ ディープエックス MT-HSDX-26B","3322","93","100","468","¥ 20,988","","1","B0H2D11LFG","B0H8JZDZQT","19.7","15.2","15.1","940"
"タイルカーペット ジョイントマット タイルマット 吸着マット 洗える カーペット 45 x 45cm 40枚【アイボリーホワイ&クリームブラウン】","3324","97","50","410","¥ 8,698","","1","B0DCVQJJBB","B0DHTR3NFL","49","47.2","17.1","4640"
"【100℃蒸気噴射×18000Pa超強吸引力】 Yadea R6 Steam カーペットクリーナー スチーム式 加熱式 カーペット洗浄機 布洗浄機 染み抜き ソファクリーナー 絨毯クリーナー 水洗い 車用掃除機 バキュームクリーナー ソファ洗浄 乾湿両用掃除機 マットレス/布製品/ペットシート/車内/ラグ/ソファ/絨毯/掃除用品/ぬいぐるみ","3331","127","400","55","¥ 18,998","","2","B0FZJ77DQ2","B0GL7K91VC","42.7","39.7","30.7","6220"
"Derila Ergo 頚椎ネックピロー 睡眠用枕 輪郭形状記憶フォーム枕 背中用 横向き寝枕 54 x 36 x 12 cm","3340","101","600","6690","¥ 9,080","","7","B0F3NTQCYP","B0HG4CGR4S","37.1","16.6","15","962"
"LunarLight ハンガーラック 幅100奥行30高さ151.2cm 大容量引き出し5個 移動式と固定式2機能 総耐荷重150kg 組立簡単","3342","92","50","168","¥ 8,790","","1","B0FHQ3FVGF","B0DQYK84LC","105","34","12.5","15770"
"パナソニック メンズ シェーバー ラムダッシュ PRO 5枚刃 電動 髭剃り ラムダッシュAI⁺ ACアダプター充電 ES-L551U-S チタンシルバー","3345","122","400","113","¥ 22,000","","43","B0FKFXCT5X","B0FPLHSCPV","21.2","14.7","7.3","420"
"uwant B400スチームクリーナー【100℃蒸気+60℃加熱+18000Pa超強吸引力】加熱式リンサークリーナー 家庭用カーペットクリーナー 2-in-1大容量水タンク乾湿両用掃除機 5種類の専用ブラシと専用洗浄液1本付き 1年保証 交換のみ・修理なし 布製品/ファブリック/マットレス/ペット用シート/ぬいぐるみ/掃除用品 Set of 1","3345","47","400","177","¥ 19,998","","1","B0HB3GBZXD","B0GYM93Y6M","44.5","34","19.5","5600"
"オムロン 低周波治療器 HV-F080シリーズ HV-F080 ホワイト スポケア","3346","126","500","1462","¥ 17,980","¥ 17,980","5","B08W32YTS5","","21.5","15.4","9.8","890"
"オーエ トイレ ブラシ ホワイト 約縦37cm×横8cm×高さ9.3cm スリフト ケース 付き 植毛 20個 セット販売","3055","81","","194","¥ 9,947","¥ 9,947","1","B0BGXJZGRX","B0HF6TQH9M","55.1","39.2","20.6","4050"
"アイウォーマー ホットアイマスク 充電式 【エアバッグ加圧・3段階温熱・振動】 目元ケア 自動オフタイマー アイケア 軽量 Bluetooth音楽","3354","14","","47","¥ 5,480","","3","B0H7JGB1CM","B0HGRQ58J5","25.6","13.4","10.2","510"
"[肉贈] 松阪牛・神戸牛・米沢牛 3つ 選べる 和牛 カタログギフト 30000円 LB1コース (白)","3498","40","","","¥ 33,000","","1","B0CV51184J","B0CXX6YNS8","22.5","12.5","3.2","500"
"TENSI JAPAN ワンタッチ着脱 シート選ばず フロアワイパー 自立型 天使のワンタッチクリーパー (ホワイト,ワイド + コンパクト)","3363","82","50","15","¥ 5,381","","1","B0FM2NYDMD","B0GSCRXKYM","49.2","15.6","11.7","1000"
"【Amazon.co.jp限定】 TOSHIBA(東芝) フラット 導光板 LED シーリングライト 調光 ワイド調色 5年保証 NLEH06060E-LC(SB)","3942","98","50","29","¥ 11,900","¥ 11,900","1","B0FTL51Z5L","B0HCBMJBYH","34.7","34.4","8.4","1270"
"リファファインバブルピュア対応カートリッジ 塩素除去率97% シャワーヘッド用浄水カートリッジ ReFa/MTG対応カートリッジ 塩素除去・節水・高水圧・マイクロナノバブル対応 4本セット","3370","69","","218","¥ 5,480","","1","B0DGPMMR85","B0DGPTFC52","12.5","12.3","3","180"
"staub ストウブ ピコ ココット ラウンド 22cm ブラック 鋳物ホーロー 両手鍋 無水調理 フランス製 40509-305","3378","118","100","9911","¥ 23,938","¥ 23,938","9","B000BPLCPG","B0C6M97TFM","28","26.1","12.4","4506"
"GOKUMIN 枕 ホテル仕様 プレミアムホテルスタイルピロー2個セット 高さ調整可能 洗える ふわふわ 抗菌防臭 低ホルムアルデヒド 首が痛くなりにくい 肩こり 安眠枕 まくら 化粧箱入り Hsp","3284","9","","","¥ 8,643","","1","B0H9RFQ47C","B0HGQM8KTW","42","30","18","980"
"クモリ(Kumori) 夏用 ボックスシーツ ワイドキング 接触冷感×通気速乾 パッド一体型ボックスシーツ Q-MAX0.483 もっちり 夏 蒸れにくい 3Dメッシュ クッション性あり サラサラ 吸湿 洗濯可 着脱楽々 時短 一枚二役 パッドとシーツが合体してお手入れ簡単 ズレにくい ひんやり パッド ライトグレー 200X200cm","3805","59","","264","¥ 5,280","¥ 5,280","1","B0D14HZ9PZ","B0D4Y59M15","45.5","25","18.5","2130"
"山善(YAMAZEN) 突っ張り ラック ランドリーラック 洗濯機ラック バスケット付き 床置き 洗濯パン対応 棚板高さ調節 省スペース 幅60×奥行45×高さ200-260cm 棚 収納 洗面所 脱衣所 組立品 ホワイト/マットホワイト RTLR-6040B(WH/MWH)","3385","108","100","130","¥ 13,011","¥ 13,011","2","B0CZXKDF55","B0H93B5XQQ","101.4","31","10.5","11430"
"オムロン 低周波治療器 HV-F230シリーズ HV-F230-JAZ3","3606","116","500","208","¥ 9,280","¥ 9,280","3","B0D97FGQN4","","21.8","13.7","4","330"
"パナソニック トースター オーブントースター 4枚焼き対応 30分タイマー搭載 ホワイト NT-T501-W","3400","140","500","2278","¥ 7,888","","9","B08P4QTCF8","B0B5CCZRX8","39.9","36.3","28.2","4650"
"【Amazon.co.jp 限定】象印マホービン 電気ケトル 1.0L コンパクト 安全設計 転倒湯漏れ防止 ほこりブロック ソフトブラック CK-DC10AM-BM","3408","106","100","59","¥ 5,980","¥ 5,980","1","B0FH6FR9HR","B0FWKBJPMN","23.4","22.3","20.6","1240"
"ハグモッチ® 正規品 抱き枕 ふわもち 妊婦 【カバータイプ：コットン100%】 安眠 枕 【寝姿勢を保つ/体圧分散】 クッション 大きい プレゼント 【カバー洗える/補充綿付き】コットングレージュ","3411","58","200","318","¥ 8,999","","1","B0DGQ6ZJ2B","B0DSGT3P61","32","22","1.5","250"
"イケヒコ(IKEHIKO) ラグ カーペット バルカン ブラウン 江戸間6畳 約261×352cm 日本製 洗える 2126406","3454","88","50","1708","¥ 7,918","¥ 7,918","16","B08333XKZN","B0BWQWWBJJ","89","49","10","5000"
"MooiFun 食器棚シート シェルフライナー キッチンシート 接着剤不要 裁断可能 EVA製 保護マット 食器棚／引き出し／キッチンに適用 家具保護","3422","46","","1386","¥ 5,924","","1","B0DPMTHLM7","B0F2Z1VD7X","30","7.6","5.7","529"
"LETMOON マットレス ダブル 極厚22CM 中程度の硬さ ベッドマットレス 体圧分散 朝までぐっすり エッジサポート 静音 通気性 140×195×22cm ブラック","3423","48","100","431","¥ 16,999","","1","B0H6RMS6HC","B0H8RWBGR9","148","25","25","24670"
"fuwawa 高反発 マットレス セミシングル 三つ折り 高密度 硬め190N 厚さ10cm 折りたたみ 敷布団 無地 80x180cm グレー","4349","25","","385","¥ 5,580","¥ 5,580","1","B0H4L4ZK3M","B0HCY55B9K","43","31","31","2440"
"（日本製品質 火を使わないろうそく) LEDロウソク 仏壇用 電気ろうそく 電池式ろうそく 安全 ゴールド 小2本","3665","37","","523","¥ 5,200","","1","B0FSF4DXJY","B0FSF5R583","24.2","9.8","8.3","120"
"【公式】ナノフェミラスプラス 最大節水率 約74% 日本製 ナノバブル12億個シャワーヘッド 塩素除去対応","3431","115","500","1043","¥ 13,800","","1","B0BG46LK85","","25.1","11.7","6.5","350"
"ZINUS SmartBase ベッドフレーム 折りたたみ シングル ブラック すのこ 静音 ベッド下収納 耐久性 通気性 ヘッドレス パイプベッド 頑丈 スチール | 1BOX 組立不要 ジヌス | 日本正規品 SBBK","3432","90","100","1379","¥ 9,801","¥ 9,801","1","B07PYV6FZQ","B0FP4W3NQW","100","97.5","12.5","10930"
"【CAイチオシ 旅行アイテム】エフェックス(EFFEX) ゲルザブプニ(GEL-ZAB PUNI) 携帯クッション エクスジェル(EXGEL) ミニプニ 黒ごま EHZ2129GY 日本製","3435","64","100","22","¥ 5,500","¥ 5,500","4","B0CWN9NK92","B0FRFHW3GQ","22.9","16.5","3.1","290"
"ツインバード トースター オーブントースター 4枚焼き ピザ丸々入る広さ 1200W 15分タイマー 出力切替4段階 ホワイト TS-4047W","3438","124","300","253","¥ 7,980","¥ 7,980","5","B07B677C5Q","B0H73QWLZM","40.1","36.4","28.6","5340"
"【レンジ＋国産パックご飯セット】アイリスオーヤマ 電子レンジ 17L 単機能 ターンテーブル ヘルツフリー 全国対応 一人暮らし 新生活 PMB-T178-B ブラック【新登場! 待望の特盛り】アイリスオーヤマ パックご飯 300g 国産米 100% 低温製法米 非常食 米 レトルト 300g×6P","3441","90","","","¥ 14,980","","1","B0GP9K7PTC","B0GR8CQRTH","49","38.3","30.5","10000"
"パナソニック コーヒーメーカー 全自動 ミル付き 沸騰循環 デカフェ豆コース搭載 ブラック NC-A58-K","3445","161","500","252","¥ 21,200","¥ 22,000","36","B0DTKHNK9G","B0H7467XRV","39.9","35.1","24.6","3990"
"Amazonベーシック ハンガーラック 幅90 洋服ラック 2段 耐荷重181kg キャスター付き 棚付き 耐荷重181kg 幅91 x 奥行36 x 高さ183 cm 業務 ブラック","3450","122","200","14768","¥ 5,871","¥ 5,871","1","B07995MHFL","B0GVDD166M","93","37.4","10","10954"
"Giftgarden ポスターフレーム 額縁 700x1000mm フィット サイズ フォト ポスター 写真 額 大きい フレーム 木色 1枚","3452","43","","86","¥ 5,393","","1","B0GR8WCNXG","B0FWK59MCD","103.4","73.4","1.4","2660"
"GiPP セラミックコーティング フライパン セット 17点 IH・ガス火対応 フッ素不使用 体に害のない くっつきにくい 鍋セット 取っ手が取れる 卵焼き器 軽量 お手入れ簡単 食洗機対応 オーブン対応 PTFE PFOA PFOS フリー【一年保証】グレー","3461","111","100","1222","¥ 8,985","","1","B0FDK293MZ","B0FRFLV3Y9","34.5","29.6","19.7","5360"
"掃除機 コードレス 【8月待望の発売！自走式！業界トップレベルの38000KPa超強力吸引・65分連続稼働・自立式・低騒音・AI汚れ自動検知】 Temaku サイクロン軽量 掃除機 コードレス 伸縮型パイプ/革新版グリーンLEDライト/次世代LED液晶ディスプレイ 550Ｗ 3段吸引力絡まないヘッドHEPA多重濾過着脱式バッテリー 畳/カーペット/フローリング/ソファー/車用/隙間/3年保証","3465","78","600","87","¥ 12,999","","2","B0GQ95C4QN","","44","29.8","18.2","2790"
"TOSHIBA (東芝) リビング扇風機 ACモーター 静音 リモコン付 7枚羽根 切タイマー 首振り 風量3段階 ホワイト TF-30AL28A","3465","110","400","136","¥ 9,480","¥ 9,870","4","B0GL1ZQDP6","B0GXVGKN64","60.5","36.7","25","4580"
"MAXZEN 掃除機 コードレス 2WAYコードレススティッククリーナー 大容量バッテリー 自走式 簡単操作 紙パック不要 水洗いOK スティック ハンディ 充電式 収納 軽量 リチウムイオン サイクロン JC30SM01-BK ブラック マクスゼン","3470","95","","8","¥ 10,980","","2","B0CRKH4L34","B0DNMC82MH","113","23","18","4250"
"SONGMICS オットマン 収納 スツール 収納 ベンチ 収納ボックス 折りたたみ式 耐荷重300kg 収納 足置き 椅子 ボックス 持ち運びに便利 ふた付き 幅110×奥行き38×高さ38cm ブラウン LSF077B01V1","3670","98","","2971","¥ 5,023","¥ 5,023","2","B09NKVZZS1","B07NPC36NP","116.2","39.6","8","7900"
"【Amazon.co.jp限定】ミスト ファン 扇風機 卓上扇風機 キャンプ 風量無段階調節 55時間連続使用 アウトドア ミストスプレーファン Sinessy 6L水タンク 角度調整可能 静音 強力 コードレス USB充電式 ポータブル 吊り下げ扇風機 コンパクト サーキュレーター 省エネ 車中泊 防災 キャンプ用品 持ち運び便利 熱中症対策 日本語説明書","3477","82","900","219","¥ 6,999","","2","B0F6LKG8ZT","B0H1WT6KG3","38.5","29","15.7","2490"
"ofme 割れない軽量ミラー 日本製鏡面フィルム 全身鏡 割れない鏡 全身 軽量 防災 地震対策 姿見 壁掛け 立て掛け ヨガ 筋トレ 賃貸 （高さ120×幅50cm）[従来フィルムをグレードアップし、より鮮明でクリアな映りに]","3749","34","","163","¥ 9,378","","1","B0C6QK1KZ8","B0DPKDX5PP","125","55","4.5","2300"
"分割式カーテンレール ダブルタイプ 30cm単位 穴あけ/ノンドリル両対応 両面テープ貼り付け可能 双顶金具付き 長さ自由調整・カット可 静音走行 耐久性強化 天井付け専用 フック付属 コーナー対応 リビング・寝室・浴室対応 300cm 2 セット","3223","16","","","¥ 5,149","","1","B0GXKLNP4Q","B0GYDSF83R","31","23","4.6","1015"
"ストリックスデザイン フードパック 使い捨て容器 バガス モールド さとうきびの搾りかす 1050枚 (25枚×42セット) 17×12.5×5cm Sサイズ ブラウン 耐水 耐油 電子レンジ対応 環境に優しい エコ テイクアウト 業務用 未晒し SD-722","4243","95","","647","¥ 36,380","¥ 36,380","1","B0CLP1WSHS","B0CXP8G6PH","55","53","53","25900"
"【Amazon.co.jp 限定】 キャプテンスタッグ(CAPTAIN STAG) スポーツボトル 水筒 直飲み 注ぎ飲み ダブルステンレスボトル 真空断熱 保冷専用 HDウォータータンク 2.5L アンティークグリーン UE-3586","3494","117","100","1770","¥ 5,681","¥ 5,681","1","B0BPXLP3LG","B0BQV7CN3Q","25.9","18.6","16.7","1370"
"クイジナート コードレス 充電式 ハンドブレンダー つぶす/混ぜる/かき混ぜる/泡立てる 軽量 RHB-1020J","3507","114","100","86","¥ 10,045","¥ 10,045","16","B0CYPQQYPP","B0DK883SZ9","27","24","15","1460"
"【かる！って言ってしまうフライパン】 ごりらのひとつまみ フライパンセット 5点セット(玉子焼き13×18㎝ フライパン20㎝ 26㎝ ガラスふた26㎝ 鍋敷き) ガス火専用 PFOAフリー 軽い 福袋 ドウシシャ","3534","76","","2","¥ 7,461","¥ 7,461","1","B0FMQX4LTL","B0F1XWZP96","48.9","33","14.1","2530"
"シャープ プラズマクラスター イオン発生機 車載用 カップ型 最高濃度 NEXT(50000) 消臭 ブラック IG-MX15-B","3539","137","300","6043","¥ 10,400","","26","B085L3WBX6","B08ZT6ZX9T","22.4","10.7","10.7","430"
"タンスのゲン ベッド シングル すのこ 折りたたみ 二つ折り 通気性 湿気対策 桐 軽量 木製 布団 コンパクト 17610001(132419)","3542","112","600","2750","¥ 5,693","","1","B00HG937NU","B09SV3V23G","99","51","11","6760"
"A&J 抱き枕本体 究極のもっちり感追求モデル DHR7000H PREMIUM 白160cm×50cm プレミアム 日本製 エイアンドジェイ 横向き寝 リラックス 癒し アニメ等身大 bodypillow もちもち 大きい 男女兼用 ロングクッション だきまくら","3543","124","200","289","¥ 16,278","¥ 16,278","2","B07CC527QZ","B0F9WVZWXW","71","53","33","3800"
"サンカ 掃除機 コード式 スティッククリーナー サイクロン Stical スティカル 【掃除機マニア 高橋歩夢 監修】 6mロングコード ハイパワー ハンディ 軽量 スタンド不要自立式 ブラシレス SSC-5000","3549","124","600","220","¥ 6,930","¥ 6,930","1","B0GL1VLGD9","B0GMGPFMRM","62.4","18.2","13.5","2360"
"COMFEE' 炊飯器 5.5合炊き 1人暮らし 2人暮らし 炊飯ジャー 1～6人用 マイコン式 10種類の調理メニュー付き 蒸し炊き同時 早炊き 最短30分炊飯 予約 保温8時間 うまみ炊モード搭載 炊きたて 電気炊飯器 白米/玄米/お粥/雑穀米 ベージュ色","3553","110","50","1635","¥ 7,980","¥ 7,980","2","B0DL56RCRC","B0FB8C9LMQ","39.2","29.4","28.9","3300"
"パナソニック 掃除機 紙パック式 MC-PJ23G-C ベージュ 軽量 コンパクト ハイパワー 親子ノズル搭載","3555","140","600","247","¥ 22,000","¥ 22,000","12","B0CSYH5VG6","B0G57DCZBB","52.2","31.3","25.3","5310"
"林(Hayashi) バスタオル4枚セット ホテルタイプ バラエティカラー5 60×120cm ピンク BO801402-4","4261","52","","74","¥ 7,525","¥ 7,525","1","B0DN5Z128K","B0DNJ35D8C","33.9","26.9","14.4","980"
"アイリスプラザ 低反発 トッパーマットレス シングル 一体型 厚さ4cm 四隅ゴムバンド付き 洗えるカバー 布団の上 ホワイト LPT4-S [並行輸入品]","3566","94","300","913","¥ 5,030","¥ 5,030","5","B08MW9Y6F2","B093KZ7Q5G","53.5","27","27","4970"
"リンナイ ガスコンロ ガステーブル 幅約60cm 片面焼グリル 右強火力 プロパン用 KG67PKR/LP パステルピンク","3569","95","50","75","¥ 22,800","¥ 22,800","1","B08B682XMH","B0GQSLYRW8","64","50","25","9170"
"シャープ 掃除機 コードレススティッククリーナー EC-HR8-B ブラック ラクティブエア 軽量ハイパワー 強力吸引 スタミナ運転 大容量バッテリー 急速充電","3571","120","50","102","¥ 34,800","","2","B0C8GYM4ZG","B0GWLN9S37","49.9","36.9","28.5","3190"
"GTPLAYER ゲーミングチェア ファブリック デスクチェア オットマン 椅子 イス テレワーク 【ポケットコイル採用】 腰痛対策 pcチェア 蒸れない ソファーの座り心地 【安心の非再生ウレタン採用】『ダイア調に蝶の刺繍のデザイン』LR002新シリーズ","3571","98","50","5282","¥ 17,948","","1","B0DK767SYY","B0F9VBVRKW","82.5","57","25","20120"
"HOMEDANT House 組立簡単 ラミネート棚板 キャスター付き スチールラック 5段 幅60 奥行40 高さ158 ブラック 頑丈 収納棚","3575","52","","158","¥ 31,600","","1","B0GS7TDYFW","B0HDYSW22Q","78.5","41.7","12.8","40000"
"スノーピーク(snow peak) サーモタンブラー470 ライトグレー おしゃれ 真空断熱 保冷 保温 ステンレス ギフト キャンプ アウトドア","3576","41","","364","¥ 5,544","¥ 5,544","10","B0H6MT2FYG","B0H6MWD52D","15","8.4","8.4","230"
"【直営】DR. VRANJES(ドットール・ヴラニエス) ロッソノービレ ディフューザー 250ml ギフトバッグ付き","3581","103","100","51","¥ 12,650","","1","B0C5Z51NJY","B0C5ZKQM6J","44.6","18.6","11.7","960"
"HOMEXCEL ヘビーデューティー スクラブスポンジ キッチン 60個入り、キッチンと家庭用大型スポンジ、食器洗い用スポンジ、鍋やフライパン用","3584","64","","63","¥ 5,797","","1","B0DX743F2T","B0DKF5TYNT","35.7","23.9","8.2","608"
"Aliliyポータブル電気ケトル 小型【2026革新版温度調節 海外/日本対応 AC100-240V】携帯ケトル 持ち運びケトル トラベル ポータブル","3585","115","500","559","¥ 5,980","","2","B0FPF3X4PB","B0HGDHB2K6","25.2","10.2","10","620"
"山崎実業(Yamazaki) 蓋付き 目隠し 分別 ダストワゴン 45L 3分別 ホワイト W76×D44×H60cm(キャスター含む) タワー tower ハンドル・キャスター付き ゴミ箱 1822","3588","108","200","236","¥ 19,000","¥ 19,000","13","B0D4DSYC73","B0DXJZ2D4X","74.5","57.5","12.7","11880"
"カーテンくれない 節電対策に「K-wave-L-total high」 高い目隠し・断熱効果 【日本製 防炎ラベル付】 プライバシーミラーレースカーテン2枚組 夜も外から見えにくい ホワイト 幅100×丈168cm×2枚 Aフック 全140サイズ","4615","16","","1760","¥ 8,760","","1","B01MT9NQVX","B01NATS243","36.8","26.2","9.2","910"
"タニタ(Tanita) 左右部位別体組成計 体組成計 ヘルスメーター スマホ連携 日本製 BCｰ1K01-BL","3597","117","300","72","¥ 17,800","¥ 17,800","1","B0GK6VRBT1","","45","37.8","7.9","3350"
"ツインバード 布団乾燥機 ダニ退治 靴乾燥対応 衣類乾燥 ホワイト FD-4149W","3603","118","","194","¥ 7,405","¥ 7,480","13","B01N6EVKL8","B0GC4Z1NPB","35","30.5","15.4","3290"
"VECELO 貼る鏡 割れない全身鏡 姿見鏡 120×30cm 2枚セット 鏡 壁掛け ミラー 全身ミラー 浴室 お風呂 鏡 ドアの裏やクローゼットにも どこでも貼れる割れない鏡","3603","38","","115","¥ 6,780","¥ 6,780","1","B0H5WCW49F","B0H5W5CQWG","120","30","6","2800"
"日立 掃除機 パワかる サイクロン式 CV-SP300M N ライトゴールド 日本製 強力パワー290W 軽量 自走式","3609","135","300","125","¥ 30,980","¥ 38,800","15","B0D8KLV8BW","B0G2L6BQY7","50.5","31.5","27.3","4300"
"プリザーブドフラワー プリザードフラワー クマさんと一輪の薔薇 レッド プレゼント お祝い 記念日 誕生日 アレンジ フラワーギフト フラワーアレンジメント 枯れないバラ 花 女性 母の日 プレゼント 花","3617","121","300","878","¥ 5,397","","1","B07LB35VQS","B07S73WD7Q","27","20","19.8","400"
"recolte レコルト カプセルカッターボンヌ フードプロセッサー 1台7役 氷も砕ける みじん切り器 電動 コンパクト 1台7役 クリームホワイト RCP-3(W)","3620","101","300","2558","¥ 7,150","","12","B07TBDC1KT","B07TDHQ5X2","24.7","16.6","15.4","1460"
"Gadeel 椅子クッション 腰痛 クッション お尻が痛くならない チェアパッド ランバーサポート 中空設計 姿勢矯正 産後 痔 （ネイビー）","3632","56","50","14","¥ 5,199","","1","B0H1LKLD5H","B0HBQSF7SK","42.2","27","18.7","1900"
"天馬(Tenma) たくさん収納できる衣装ケース 日本製 押入れ収納ケース キャスター付き中身の見えるクリアケース 引き出し収納ケース【組立式】【色 ホワイト】 【型番 WM-306】 【幅74×奥行70×高さ62.5cm】","3637","121","300","944","¥ 8,790","¥ 8,867","6","B0011EU44Q","B0D863MPT7","75.4","71","35.6","11666"
"DeLonghi(デロンギ) De'Longhiエスプレッソメーカー スティローザ EC235J-BK カプチーノ ラテアート エスプレッソマシン ステンレス製ミルクフロッサー スタイリッシュ エントリーモデル [ブラック] ファミリー登録で3年保証","3647","138","200","430","¥ 20,691","¥ 20,691","8","B08XV5MPBS","B0H35ZKBCW","35.2","31.1","24.5","4650"
"カタログギフト プレミアムカタログ 包装あり AOO 11990円コース グルメ 肉 スイーツ 他ブランド多数 （ 内祝い 内祝い 御祝い 出産祝い 結婚祝い 快気内祝い 長寿 お香典返し 誕生日 プレゼント 粗品 記念品 ）AOO","3651","89","","163","¥ 7,878","","2","B09RGD83K2","B0DYC1S6QZ","26.9","19.3","2.7","610"
"［amazon限定］recolte レコルト コードレスカプセルカッターボンヌ（ジッパーバッグ付） 1台8役 フープロ ナチュラルブラック RCP-7(BK)","3654","88","100","76","¥ 9,900","","1","B0GY6XG25J","B0GY77WTTZ","35.9","22.4","17.5","1930"
"【最新】 TOPLAND トップランド ホーム＆アウトドア ラージ 小型 扇風機 サーキュレーター ポータブル バッテリー内蔵 充電式 キャンプ 静音 USB type-c ACコンセントアダプタ付属 ブラウン DCモーター TLE600-BR","3655","96","300","86","¥ 5,589","","1","B0DV9GR5TW","B0DV9GQH87","37.5","33.8","8.4","940"
"ZWILLING ツヴィリング 「 フレッシュ&セーブ キューブ セット ミニ 」 セット コンテナ 真空保存 密閉 保存 容器 キャニスター 収納 【日本正規販売品】Fresh & Save CUBE Z1034-236","3664","51","","5","¥ 5,940","¥ 5,940","1","B0FNBSTQWZ","B0FGX9DBMY","22.5","18.5","16.2","1300"
"アトラス 保冷ポット 保温ポット 2.1L 圧抜き弁あり 超軽量 節電 省エネ 広口 卓上ポット ステンレスポット 魔法瓶 保温 保冷 真空断熱二重構造 コンパクト 洗いやすい シルバー AVTP-2100SV (× 2)","3103","50","","823","¥ 5,596","","","B0GYPDVYS7","B0CMCLX6FH","28.6","15.6","15.6","1740"
"パナソニック ヒゲトリマー マルチ バリカン シルバー調 ER-GB74-S","3666","133","400","1046","¥ 6,318","¥ 6,318","11","B016JNKVHI","","24.4","20.2","6.6","540"
"BelleLife フードドライヤー レシピ付 新しいアップグレード 食品乾燥機 野菜乾燥機 電気食品脱水機 5層大容量 35℃から75℃までの温度設定 1時間~24の時間設定 タイマー付き 無添加おやつ ドライフードメーカー 家庭用 黑","3676","62","","12","¥ 8,344","","1","B0C5J5BBRT","B0D59DRC1Q","40","20","20","1000"
"【炭酸対応】タイガー魔法瓶 水筒 800ml 真空断熱炭酸ボトル ステンレスボトル スポーツドリンク可 ビールOK 大容量 保冷専用 グロウラー MTA-T080WK イーグレットホワイト","3677","90","50","2718","¥ 5,960","¥ 5,960","4","B0BSNL2NDS","B0GK19S4C7","30.6","10.4","7.9","440"
"CEREMONY お香ホルダー セラミックインセンスホルダー アッシュキャッチャー付きスティック用 棺スタイルインセンスボックス 瞑想 ヨガ スパ ルーム装飾用 (ブルー)","3682","52","","985","¥ 6,116","","1","B0CZRMCVL5","B0CM3MX1S4","27.8","9.8","7.6","572"
"Z-HOM マットレス ダブル やや硬め 極厚20cm 独立ポケットコイル580個","3685","69","100","122","¥ 13,980","","1","B0FGXPRBDR","B0FGXVYR56","101","30","29","23550"
"アイリスオーヤマ コードレス掃除機 MagiCaleena(マジカリーナ) 紙パック式 【使いやすい1.1㎏】【Amazon.co.jp限定】","3687","137","300","367","¥ 17,800","¥ 17,800","1","B0DG8NL7CL","B0GY3ZJ34F","63.8","23.1","18","2870"
"アイリスオーヤマ オーブントースター 4枚焼き ハイパワー 1200W 広々でピザも焼ける 無段階温度調整二人暮らし EOT-401AZ-B【Amazon.co.jp限定】","3689","97","100","368","¥ 6,580","¥ 6,580","1","B0DVBMR6V5","B0H875L68M","37.1","36","27.9","4010"
"アイリスオーヤマ 【軽くて割れないフィルムミラー】 全身鏡 割れない 姿見 壁掛け 50cm×高さ160cm 姿見鏡 鏡 スタンドミラー おしゃれ 自立 賃貸OK 地震対策 KWM-50160 シルバー","3694","106","200","107","¥ 9,352","¥ 9,352","10","B0DWD8HCPM","B0H6CQLVWJ","165","55","3.6","2900"
"【2026新登場】 ネックケア 首・肩・腰・太もも リラクゼーション器 3段階強度調節 （コードレス・USB-C充電・温熱機能 ・電動・静音 ） 持ち運び便利 簡単操作 父の日 母の日 記念日 誕生日プレゼント お祝い 男女兼用 日本語説明書 (緑)","3695","99","200","53","¥ 5,984","","1","B0GVZM79VK","B0GVZKC7RP","20.1","17.4","14.9","880"
"ZWILLING ツヴィリング 「 エンフィニジー ミルクフォーマー ホワイト 」 電動 クリーマー ミルクフォーサー 泡立て器 静音 【日本正規販売品】 Enfinigy Milk Frother 53104-302","3697","28","","558","¥ 10,431","¥ 10,431","1","B0FDJGYNW1","B0HBW1G1RF","29","21","18","168"
"壁掛け扇風機 省エネ サーキュレーター 22畳【360°首振り】分解丸洗いフルリモコン タイマー付 iimono117 (アーバングレー)","4159","56","100","975","¥ 5,980","","2","B0H3S476K5","B0H1PFK885","31.4","27","23.8","1920"
"【THE TIMEで紹介！】ドクターエア 公式ストア エクサガンLUXE（ナイトブラック） 頭皮 静音 フェイスケア ボディケア 軽量 パワフル 無段階調整 REG-12 BK","4148","79","50","31","¥ 13,750","","1","B0F7QHDGGD","B0G251YQSJ","15","9.8","4.3","450"
"掃除機 紙パック式 日立 PKV-BK3P-C ベージュ 軽量1.1kg スティック クリーナー コードレス式 かるパックスティック","3705","128","400","38","¥ 41,300","","19","B0FL6LN64P","B0GCFWCB53","53.7","33.2","15.6","3070"
"サンコー ゲーミングチェアマット 床保護 130×160cm ずれない デスク 椅子 フローリング 畳用 滑り止め 洗える ダークグレー KX-41 日本製","3707","83","","4282","¥ 15,855","¥ 15,855","1","B081JF6WYH","B0HFW2T2FK","132","12","12","1500"
"Ra Le-Na まな板 【主婦500名と開発した究極のまな板】滑らない 抗菌 食洗機対応 両面使える 刃にやさしい 傷つきにくい 静音設計 カッティングボード 軽量 Mサイズ 黒","3711","95","700","86","¥ 5,980","","1","B0FQSX63QH","B0HGXJNWCL","38.9","27.1","4.3","940"
"DUOFIRE 窓ガラス目隠しフィルム すりガラス調 ガラスフィルム 目隠しシート 明るさキープ プライバシー保護 90x600cm","3983","21","","4653","¥ 6,399","","1","B086YVB5SG","B07GZ5BQ9T","90.1","5.4","5.3","1540"
"TIMEMORE C3S Proコーヒーミル手動タイムモア CNCステンレス鋼円錐形バリ容量25グラム、内部調整可能な設定、ダブルベアリングの 位置決め旅行、キャンプ、ギフトチェスナットはくしくCoffee Grinder","3790","82","50","395","¥ 11,584","","1","B0CC4Z32F8","B0CLGB2LJ2","19.3","14.2","6.7","748"
"山善(YAMAZEN) 除湿敷パッド ワイドキング 敷きパッド 除湿シート 洗える 消臭 防ダニ 防カビ 200×200cm ライトグレー AJP-WK(LGY)","4029","44","","456","¥ 11,260","¥ 11,260","2","B0H4F4F4CN","B0H4V4PX67","56.1","48.4","18.7","2830"
"髙儀(Takagi) 18-0 ライラック ラージティースプーン 10本組 まとめ買い 業務用 食洗器対応 カトラリー シルバー スプーン コーヒースプーンデザート 日本製","3357","65","","1","¥ 5,881","¥ 5,881","1","B0CBNYLV9Q","B0GMWTFW44","15.8","4.7","3.4","280"
"ラグリエ フロアマット 大理石 約90×1000cm 床保護マット 床シート 白 ホワイト 置くだけ","3736","71","","876","¥ 11,800","","1","B09877LV6R","B07TVGL863","94","16","16","7700"
"PureKone ゴミ袋ホルダー 3分別 45L ふた付き ゴミ箱 目隠し 大容量 ダストワゴン ホワイト","3740","56","100","30","¥ 5,980","","1","B0H39CWYP9","B0H3979529","42.5","35.4","16.3","6420"
"Emuia大容量 縦型食器乾燥機 プチコンパクト設計 オゾン殺菌+抗菌加工 引き出し式食器棚水切りラック | 防カビ キッチン収納 家庭用食器乾燥ラック(ホワイト)","5574","3","","1","¥ 6,488","","1","B0F8VXGSHN","B0F8VNGQYP","33","30","10","1000"
"テイジン ベッドパッド 防ダニ ダニ増殖抑制 ダニ対策 ダニスト使用 洗える オールシーズン マットレス 敷布団 どちらにも使用可能 ワイドキング","3744","34","","80","¥ 5,524","","1","B0DHNDQ58G","B0DHNHW4ST","29","21","18","1040"
"7 Life ランドリーワゴン 洗濯カゴ 二段 洗濯かご 2段 かご ランドリー収納 キャスター付き ランドリーバスケット 簡単組み立て おしゃれ 浴室 洗面所 収納 大容量 72L 省スペース (ホワイト, 二段, 本体のみ)","3752","68","50","141","¥ 5,480","","1","B0CSJQ6866","B0H1L8F83B","46.3","46.2","34.1","4980"
"NELL 公式 【120日間トライアル】マットレス シングル 超高密度ポケットコイル1,173個 寝返り特化 体圧分散 防ダニ 抗菌 防臭","3753","76","100","209","¥ 67,915","","1","B0D7H9D854","B0D7HHPRVB","105","32","32","22000"
"YT-806 メディラボ(Medi Labo) 【医療機器認証品】フットマッサージャー フットマッサージ機 コンパクト 足つぼ マッサージ フットマッサージ機 足裏マッサージ リッチフット 母の日 父の日 敬老の日 クリスマス ギフト プレゼント 日本製","3764","118","600","107","¥ 15,950","","1","B0D8RVRMJZ","","44.2","35","19.1","3260"
"ワイエムワールド 本棚 収納ラック ディスプレイラック スリム 木製 S字 4段 幅59 奥行24 高さ138 ウォールナット 00-167","4513","65","","913","¥ 6,291","","1","B06W2JLSP1","B07QLTPZHZ","69.5","26","19.7","19000"
"アイリスオーヤマ IHクッキングヒーター 2口IHコンロ 1400W 工事不要 湯沸かしモード IHK-WT41SAZ-B【Amazon.co.jp限定】","3766","126","400","309","¥ 16,580","¥ 16,580","1","B0DFC8DYHG","","61","47","16","6400"
"【Amazon.co.jp限定】コイズミ 扇風機 DCモーター リモコン付き 風量8段階 首振り オン/オフタイマー付き ホワイト KLF-3053/W","3768","79","100","122","¥ 6,980","¥ 6,980","1","B0DYSTDDFG","B0G588VL1D","46.4","36.7","21.8","3290"
"ekans(エカンズ) 棚付きランドリーラック 棚1段＋ワイドバスケット 突っ張りタイプ (ホワイト×大理石)","3954","22","","12","¥ 7,680","","1","B0F9WJ5RPR","B0CCN81316","101","28","13","9200"
"テンピュール(Tempur) 枕 まくら オリジナルピロー ホワイト かため 頭部から首筋に優しくフィット 仰向け/横向き可能で快眠をサポート M高さ約10cm 肩凝り 肩こり カバー洗濯可 防菌防臭加工 【日本正規品】 低反発 83300280【最大30日間お試し対象】","3776","110","200","6099","¥ 12,345","¥ 12,345","9","B00V8REN1Q","B0FC6GR2P4","50.5","33.6","11.3","1620"
"波佐見焼 食器セット 「 藍染 」 スタッキング マグカップ コップ 3個セット 直径約8.5×高さ7.5cm 和食器 磁器 電子レンジ 食洗機対応 日本製 30200","3776","52","","","¥ 5,500","¥ 5,500","1","B0FP25PJG5","B0G132V4D3","20.7","11.2","10.9","700"
"コイズミ LED ダウンライト 防雨・防湿型 埋込穴φ100 電球色 白熱球60W相当 5台梱包 ファインホワイト BD240003","3783","50","","41","¥ 8,806","¥ 8,806","1","B0DQNK83PQ","B0DZMH5HSK","24","22.5","7.5","1000"
"[山善] 2口 IHコンロ IHクッキングヒーター 1400W IH調理器 工事不要 (幅56cmタイプ) 煮込みモード搭載 静音設計 ブラック YEM-W1456(B)","3788","145","100","828","¥ 15,800","¥ 15,800","4","B08Q7NZ8SS","B0CW5GQ5Q6","61.5","46.5","11","6390"
"Softime マットレス シングル 3つ折り極厚10cm【硬め210N 高密度25D/32D 2層構造】高反発マットレス 97x195cm ホワイト","5568","46","","221","¥ 9,313","","1","B0DQ4T3D6C","B0HGQBGRP5","53","40","40","7900"
"MORIPiLO くまのプーさん 抱き枕 ディズニー すやすや添い寝枕 (特大) 約90cm 肌にやさしいマイクロ生地 グッズ ぬいぐるみ 大きい イエロー Disney まくらのモリシタ","3812","42","","51","¥ 11,880","¥ 11,880","1","B07KPNYRNQ","B0GQ9Z6JL2","84.8","38.4","37.8","1800"
"【通販限定2個セット】天馬 収納ボックス フィッツケース 押入れ 幅39×奥行74×高さ30cm 収納ケース 衣装ケース 74-39L","3816","96","50","48","¥ 8,938","¥ 8,938","5","B0F8QX1SGS","B0FBLYP3F6","75.1","60.4","40.4","8120"
"アイリスオーヤマ 【防災士監修】 防災グッズ 防災リュック 1人用 31点 エアーベッド、エアー枕付きで避難所でも快適に過ごせる防災リュック 簡易トイレ 撥水加工 ブラック BS131","3846","52","300","276","¥ 9,576","¥ 9,576","8","B08XLYBM94","B0DQ17LP61","50","36","25.6","5820"
"【公式】 Russell Hobbs ラッセルホブス 充電式ミル ソルト&ペッパー 2本セット 7942JP 3ヶ月延長保証 黒胡椒 岩塩 片手操作 キャンプ プレゼント ギフト キッチン家電 シンプル","3848","105","200","322","¥ 8,800","","1","B0DVBWSDGC","B0F1CK5S2Y","15.8","13.1","6.7","530"
"ボックスシーツ キング 日本製 綿100% サテンストライプ 高密度生地315本 防ダニ ベッドシーツ ベッドカバー 高級ホテル おしゃれ 北欧 エトワール (キング, シェルブルー)","3457","20","","459","¥ 6,980","","1","B01H1Y30DQ","B07YFP1KRG","35.1","26.9","6","800"
"ストリックスデザイン おしぼり 使い捨て 抗菌 厚手 日本製 丸型 1200本 (100本×12個セット)〔ケース販売〕 約18.5×26.5cm 白 市場 紙おしぼり 個包装 パルプ不織布 業務用 DR-385","4417","22","","566","¥ 7,250","¥ 7,250","1","B07N143GP1","B0H338CYFX","58","40","39","10500"
"Ermnois カウンターチェア 回転昇降 バーチェア PUレザー キッチン椅子 ハイスツール キッチンカウンターチェア 2脚セット-ブラウン","3851","97","50","1018","¥ 14,999","","1","B0CCS4HLPZ","B0CR9PTDRZ","57","47.5","39","16320"
"【パナソニック製】パナソニック 浄水器カートリッジ 蛇口直結型用 1個 TK-CJ22C1","3857","132","500","3146","¥ 5,879","¥ 5,879","15","B06XKB5WR4","B0H86328YF","11.8","6.7","6.6","180"
"アイリスオーヤマ ハンドブレンダー マルチスティック ブレンダー 離乳食 ミキサー スムージー 1台4役 (混ぜる 潰す 泡立てる 刻む) スタンド付き おしゃれ プレゼント かわいい チョッパー カップ スティック 泡だて器 みじん切り 操作簡単 アイボリー IHB-M301","3873","110","50","57","¥ 5,810","","11","B0D8164YSV","B0DG7MQPSY","26","25.1","17.3","1920"
"Homvana 加湿器 3.6L 上から給水 超声波式 アロマ対応 静音16dB 25時間連続稼働 18畳対応 7色LEDライト 寝室 卓上 ブラック","4950","63","50","11612","¥ 6,199","","1","B0FBWHJZG4","B0G6Z2R6NP","32.3","19.7","19.2","1300"
"長谷川工業(Hasegawa) 踏台 3段 ホワイト SE-8a(WH) (79cm) (17721)","6529","43","","359","¥ 5,882","¥ 5,882","19","B0868ZHVCY","B08694DYJG","86","39","11","2800"
"チェアマット 床保護マット140 160cm デスク 椅子 マットHriiiiya大判 厚さ4mmゲーミングデスクデスクカーペットダイニングマット デスクマット 家具保護パッド キズ防止・防音傷防止マットズレない 吸着セルフ粘着","3881","40","","1905","¥ 5,380","","1","B09DX53Y5X","B09N8LLSJ3","46.2","35.4","9.8","1840"
"日本製 掛け布団カバー クイーン 綿100% サテンストライプ 高密度生地315本 防ダニ 高級ホテル 布団カバー 北欧 おしゃれ コットン 掛けカバー エトワール (クイーン, ベビーピンク)","4201","19","","1078","¥ 7,680","","1","B07L91V1QY","B07YC7Y14D","35.1","26.6","6.3","1220"
"Graceaier ウルトラソフトバスタオル 4枚セット (28インチ x 56インチ) - 速乾 - マイクロファイバー コーラルベルベット 高吸収タオル バスフィットネス バスルーム スポーツ ヨガ 旅行用","2864","49","","1261","¥ 8,088","","1","B09WR8P9BQ","B08HYP78H8","36.6","22.3","19.5","1161"
"ハイアール(Haier) 電子レンジ 17L 東日本 50Hz 幅44cm ターンテーブル 一人暮らし 単機能 高出力700W 簡単操作 ホワイト JM-17K-50(W)","3890","122","300","174","¥ 8,660","¥ 9,073","12","B0C5MZN11R","B0CNSP53CC","48.8","38.1","28.5","12160"
"東洋佐々木ガラス タンブラーグラス スプリッツァーグラス タンブラー 325ml 72個セット 日本製 食洗機対応 割れにくい ガラスコップ グラス コップ ビールグラス ハイボールグラス サワーグラス チューハイグラス ワイングラス 業務用グラス B-45102HS-JAN-P","3892","78","","46","¥ 20,757","","1","B075R1ZZ9L","B0DK789ZGL","49.6","49","23.4","14020"
"シャープ 掃除機 EC-CT12-C サイクロン キャニスター コード式 パワフル 吸込仕事率 450W お手入れ簡単 ベージュ","3893","119","500","6581","¥ 14,800","¥ 14,800","11","B005C7WEAU","B0F4JRR6TL","49","33","31","5000"
"Vasemouh A4 賞状 額縁 壁掛け 卓上兼用 フレーム 210x297mm 写真 額 ブラック セット 15枚","3897","63","","12","¥ 5,299","","1","B0F6MFKH54","B0FX8FDDT6","35.6","29.1","18","4290"
"タンスのゲン ベッド シングル 収納 宮棚 スマホスタンド 2口コンセント USBポート ベッドフレーム 単品 73400030(85182)","3905","100","","496","¥ 19,999","","1","B0C3LT75LF","B0D66CHFTW","105","28.5","23","23500"
"RASIK ダイニングテーブルセット 4人用 5点セット テーブル 1点 チェア 4脚 ストーン×ブラック シンプルデザインチェア ボリック","3907","100","100","534","¥ 18,980","","1","B0C7VH513Q","B0C7V9DVYZ","97","46","17","16000"
"富士ホーロー 天ぷら鍋 ホーロー 角型 ワイド 温度計付 IH対応 揚げ物 バット スノコ付き ホワイト TP-22K.W","3909","115","100","828","¥ 6,186","¥ 6,186","14","B0CKYQYYKZ","B0DZNW718L","29.4","18.5","11.9","1580"
"Riclub シガーセーブボックス 恒温恒湿機 スパニッシュシーダー材 圧縮機式 水循環システム 360度立体風冷 二重ガラスドア 収納庫 (39C エレガントブラックボックス（背面なし）+ コンプレッサー冷却 + シダーウッド製シガーバスケット + サイドライトストリップ)","4861","1","","","¥ 87,710","","1","B0H2XZN4KP","B0H2XRD95C","79","52","41","25000"
"【2個セット】 アイリスプラザ ハンガーラック スラックスハンガー 20本掛け キャスター付 コンパクト 収納 SLKH-43 ブラック","3913","87","","585","¥ 7,080","","1","B0DJNHXVCY","B0DJQXBLX5","73","44","8","7600"
"FUNHOO ゲーミングチェアマット 160×180cm チェアマット カーペットタイプ 滑り止め加工 フランネルタイプ 床保護 傷防止","3915","96","50","819","¥ 6,310","","1","B0C61HRJM3","B0BKQ14LZS","43.2","36.9","19.6","4430"
"【公式ストア限定】リファヘアフェイスタオルペアセット/ReFa HAIR FACE TOWEL PAIR SET ショッパー付き","3964","74","100","64","¥ 10,000","","1","B0FX1ZZQ6S","B0H3SWF9SC","34","28","14","1000"
"Dyson(ダイソン) Dyson Purifier Hot+Cool Gen1 (HP10 BN AM) 空気清浄ファンヒーター 羽根なし","3918","131","200","220","¥ 59,949","¥ 59,596","2","B0F4KD95ZQ","B0H3SQSZ5W","82.8","30","29","7360"
"【1台4役・花粉対策】SwitchBot 空気清浄機 Table - 脱臭 ワイヤレス充電 25畳 静音 小型 省エネ HEPA フィルター 除菌","3928","116","200","498","¥ 19,798","¥ 19,798","3","B0DHCY37HY","B0GS51NCT8","55.5","39.1","31.6","5970"
"山善(YAMAZEN) テーブル キッチンカウンター 折りたたみ 組立カンタン (ステンレス天板耐熱温度 : 200度) 幅80×奥行40×高さ85cm テーブル ブラック RPSST-8040C(BK)","3929","100","100","238","¥ 9,800","¥ 9,800","2","B0C6PXV1JM","B0FNMQS9SK","87.5","85","7.5","10000"
"PUPOFA ゲーミングチェア オットマン付き 高級PUレザー 135°リクライニング 調節可能 ランバーサポート デスク・オフィス・在宅勤務用 (ブラック×グレー)","3932","64","100","26","¥ 8,531","","1","B0H4LBB9NC","B0GW327RV7","75","58","26","14500"
"ティファール 自動調理鍋（圧力機能付き） 「ラクラ・クッカー プロ」3L（2～4人用）ホワイト CY3811J0A","3933","118","100","62","¥ 31,800","¥ 31,800","1","B0F9KYLZ7V","B0GNR51TWP","36.3","34.3","33.4","5830"
"育てるタオル feel バスタオル 誕生日プレゼントや引っ越し祝いのギフトに最適なボックス入り ミスト(白系) 60×120cm 綿100％","4402","64","","680","¥ 6,820","","1","B07259Y84H","B0DZMCN1C2","18.7","17.5","17.4","330"
"山善(YAMAZEN) レンジラック ワイド スライド棚 2口コンセント 高耐荷重キャスター付き 幅57.5×奥行42.5×高さ85cm 全体耐荷重40kg レンジ台 キッチンラック 組立品 オーク/サンドホワイト ALRW-WIDE(OAK/SWH)","4341","56","","233","¥ 9,980","¥ 9,980","1","B0GHN51Z4T","B0HC9S62LQ","87.2","55.2","9.5","12000"
"arboleaf 筋膜リリースガン ハンディガン アルミ合金ボディ 温冷ヘッド 自適応モード 10mm振幅 5種シリコンヘッド 5段階振動 小型 静音","3947","81","50","4405","¥ 7,679","","1","B0F2MT9169","B0H6PPMPJP","18.3","18.1","7.4","900"
"アイリスオーヤマ カラー メタルラック ブラック CMM-75124","3956","110","50","3725","¥ 5,376","¥ 5,376","5","B00H8JXSE6","B0GV2MFGX7","77","36.6","14.6","8780"
"[Bcrio] 玄関マット 業務用 屋外 室内 家庭用 滑り止め 速乾 吸水 泥落とし 洗える エントランスマット 耐磨耗性 玄関 オフィス お店（グレー 140*160)","3957","70","","808","¥ 6,864","","2","B0C4CTV1ZW","B09ML243QN","141.5","10","10","6270"
"山善(YAMAZEN) 突っ張り ラック ポールハンガー トリプル 頑丈 室内物干し 大容量 合計耐荷重90kg ワンタッチ突っ張り(実用新案取得済) ハンガーラック 衣類収納 幅160-292×奥行10×高さ190-260cm 組立品 ブラック WJ-495R(BK)","4591","62","","7","¥ 9,980","¥ 9,980","1","B0GJZGCR6W","B0GKZSW6CV","96","19.7","10.5","5380"
"Hilax ダイニングチェア 肘付き 介護椅子 高齢者 立ち上がりやすい 耐荷重160kg 広い座面 スタッキング 木製 2脚セット グリーン","4839","42","","9","¥ 14,980","","1","B0DHCLCYLW","B0BRWTXS76","82","55","20","7000"
"山崎実業(Yamazaki) 蓋付き 目隠し 分別 ダストワゴン 3分別 ブラック 約W50.5XD33XH55cm(キャスター含む)※蓋開口時:約H81.5cm タワー tower ゴミ箱 ハンドル・キャスター付 簡単に取り出せる 5978","3964","106","100","83","¥ 14,251","¥ 14,251","14","B0BDF9GRT1","B07J28WFY4","56","54.9","18.3","6640"
"【めざましテレビで紹介 瞬間冷却ミスト対応のミニクーラー】LAViNO クールエアーミスト 空調 エアコン コンパクトファン ペルチェ素子 ミスト噴霧 約1kg 軽量 クーラー ラビーノ (ホワイト)","3965","99","100","103","¥ 12,980","","1","B0F83RXNNN","B0F8GSTYPQ","36","15.2","14","1360"
"HAKUBA 額縁 MM-01 A3ノビ 木製 アクリル板 ナチュラル FWMM01-NTA3N","4548","55","","90","¥ 5,255","¥ 5,255","4","B01M5DX00F","B0GQ788MHG","56.8","44.4","2.2","1260"
"ビタクラフト 卵焼き フライパン IH対応 日本製 スーパー鉄 錆びにくい 2009 シルバー 19.7x14.5cm","3970","105","50","129","¥ 8,245","¥ 8,245","13","B01NAX6ZKP","B07SQG2HH1","39","17","12","900"
"東洋佐々木ガラス お皿 グラシュー つゆ鉢 アンバー 72個セット 日本製 食洗機対応 そば猪口 麺皿 小鉢 深皿 皿 ガラス皿 食器 P-54331ESL-JAN","4204","43","","37","¥ 28,994","","1","B0BV23BHF8","B0GJ9CJ72P","43.9","36.4","19.8","12080"
"【Amazon.co.jp限定】アイリスオーヤマ お部屋に馴染むマットカラーのラック メタルラック カラーメタルラック本体 ワゴン 55cm幅 5段 マットカラー ブラック 黒 ポール径19mm 耐荷重100㎏ 幅55×奥行35×高さ158.6cm ACMF-55160","3974","61","200","392","¥ 6,007","¥ 6,007","1","B0CMW1BFQ1","B0CRRP8DJN","56.8","35.6","17.8","9980"
"Bake Choice マフィン型 2pcs マフィンカップ付き ノンスティック オーブン型 くっつかない ケーキ型 炭素鋼 220°耐熱 (24個５号マフィンカップに対応)","3980","28","","1131","¥ 9,508","","1","B0D9YCT6GQ","B0FMDWL9HL","37.2","25.5","3.4","540"
"VASAGLE シューズラック 下駄箱 おしゃれ 省スペース 5段 大容量 木製 玄関収納 収納家具 シューズ 奥行28㎝ 高さ93㎝ メッシュ棚調整可能 ヴィンテージ 玄関 棚 靴収納 靴箱 通気性 ワイド オープン シンプル LBS038","3982","116","200","2316","¥ 5,949","","2","B0BS2S78BM","B0D2QQBW8J","44.2","33.6","16.4","8750"
"Orbezil カーペット シャギー 白 ラグマット 200*300約3.5畳 おしゃれな北欧風 絨毯 じゅうたん メモリーフォーム ふわっとした手触り 防音 防ダニ オールシーズン リビング・寝室用 ホワイト","3984","69","","141","¥ 6,410","","2","B0F9YGWP6W","B0F9WG5KPJ","44.5","33.9","10.2","3490"
"simplus バケツ洗濯機 お湯洗い 抗菌仕様 小型 ペット 予洗い ミニ 靴洗い 泥 落とし 事前洗い 一人用洗濯機 ユニフォーム 赤ちゃん 作業着 介護 SP-BKWM01 サブ 小型 コンパクト バケツ かわいい 軽量 タイマー付き シンプラス (フレンチグレー)","3986","86","50","83","¥ 5,700","","1","B0CQYDM83H","B0CSSN6DRH","36.9","32.8","32.2","4280"
"INSIMAN 夏用カーペット 2.5畳 ラグ マット 北欧 洗える - 200 x 200 ギャベ おしゃれ ゴブラン シェニール オールシーズン適用 床暖房対応 吸水速乾 抗菌防臭 掃除易い - 低反発 大きい モダン ブルー","3991","63","","2643","¥ 11,500","","2","B08DLGJ5CC","B07CYFKXNF","49","43.6","13","4680"
"ＨＡＲＵＭＩＮ ラグ 極厚30mm カーペット 高反発ウレタン 厚手 約3畳 200×250cm クロ","3993","80","50","486","¥ 8,499","","1","B0C9CDS44D","B0DQ4HCSDV","52.1","42.1","37.2","5640"
"グリーンパン 片手鍋 18cm 2.0L ガラス蓋付 IH対応 セラミックコーティング エーペックス","4002","73","","4","¥ 10,046","¥ 10,046","3","B0G63PGL9X","B0G6L1PQXP","42.8","32.5","15.3","1440"
"YOUDENOVA 吊り下げ収納 クローゼット 通気繊維素材 防湿防カビ 折りたたみ 帽子 衣類収納 使いやすさ 2ポケット 省スペース(グレー、6段)","4009","87","","10162","¥ 7,472","","1","B07SYPLVTG","B07WLSHHPJ","31","30.9","4.4","580"
"airmorn one 吸着式衣類スチーマー スチームアイロン 10秒即熱 5000Pa強力吸引 アイロン台いらず かけたまま 片手操作 3段階独立調整可能 自立式 ハンディス 除菌・脱臭・花粉対策 PSE認証済み","4010","112","500","71","¥ 19,980","","1","B0GQQCQ6YL","B0HC73X1PX","32","24.3","13.5","1990"
"【100W形】Lepro AI スマート電球 B3 LED E26 4個 Alexa対応 Wi-Fi 音楽連動 ライト 1500lm 12W A21 APP 音声操作 電球色 昼白色 昼光色 RGB1600万色 虹色 スマホ連動 調光 調色 Bluetooth Google Home 省エネ 間接照明 パーティー","4016","9","","15","¥ 5,980","","1","B0FPLYPCNX","B0G4WBV1H6","24.3","15.3","7.4","420"
"下村企販 ランドリーバスケット 2段 【日本製】 省スペースに置ける 衣類が取り出しやすい バスケット取り外しOK キャスター付き ステンレス 洗濯かご ランドリーラック ワゴン 燕三条 20680","4020","75","","22","¥ 24,223","¥ 24,223","3","B00ZTNSKO6","B0DP4JMDLB","67.4","35.4","34.6","4760"
"扇風機 コードレス【20000mAhバッテリー】リビングせんぷうき USB充電式 サーキュレーター 折りたたみ扇風機 dcモーター 小型","4023","108","400","458","¥ 7,309","","2","B0D1VQC61P","B0F1Y5FTH7","20.7","20.6","14.7","1690"
"ライクイット (like-it) 衣装ケース 引き出し クローゼット リビング 洗面所 メタルラックにピッタリ 奥行き約46.5cm 日本製 組み合わせて使える 収納ケース ミディL ベージュ MOS-05L 3個セット","4030","82","","","¥ 13,463","¥ 13,463","1","B0D3G4DNBV","B0DK8TG4VC","85.5","48","27.5","6320"
"低反発 座布団 椅子クッション フロアクッション 麻風 50CM 厚め8CM 無地 裏面は滑り止め加工 ウレタン オールシーズン シートクッション ダイニングチェア用(アイボリーホワイト, 50X50X8CM9色展開)","4034","13","","53","¥ 5,188","","1","B0FHWV6887","B0GH1GSNQJ","20","20","1","250"
"山善(YAMAZEN) ラック キャスター付き 4段 カラーボックス用収納ボックス対応 ロボット掃除機が通れる 棚 幅42×奥行27.5×高さ101㎝ 組立品 ナチュラルメイプル YZCR-4(NM/IV)","3745","95","50","686","¥ 5,500","¥ 5,500","2","B094VGJDN6","B0B3CX1M2J","100","29","8","6700"
"TIMEMORE C5 コーヒーミル手動タイムモアS2C-042-III コニカルバー搭載 0.031mm精密調整可能 滑り止めベース＆大容量ビーンコンテナー 全金属製 携帯用手挽きミル エスプレッソ/フレンチプレス/プールオーバー対応 ブラック","4040","69","50","18","¥ 11,184","","1","B0FHHHZM9Z","B09G5YJG1J","19.1","14.3","6.4","770"
"TRUSCO(トラスコ) トランクカーゴ 収納ボックス フラット天板仕様 70L 黒 BLKCF-70","4050","95","","3848","¥ 5,474","","12","B08XWC4MRX","B09YL9W1Q8","80","42","38","4900"
"「匠が選ぶカタログギフト【彩】」 焼肉牛兵衛 黒毛和牛 プレゼント カタログ 5500円 熨斗 ・ メッセージ 対応可 プレゼント 食べ物 グルメ 人気メニュー お店の味 国産和牛 国産 木箱 安心 安全 牛肉","4060","58","","243","¥ 5,500","","1","B09BFB7TRZ","B0HDY23LGD","22.8","11.4","1.8","60"
"HARIO(ハリオ) V60 オリーブウッドスタンドセット 1~4杯用 コーヒードリッパー プレゼント ギフト 贈り物 VSS-1206-OV","4065","117","100","690","¥ 7,009","¥ 7,009","21","B00H8DYZVC","B0D225H1VV","33.2","19.4","15.2","1451"
"中村 使い捨て先割れスプーン 木製フォークスプーン ナチュラル 長さ約160mm (ケース販売) 100本入×50パック","4067","96","","119","¥ 38,313","¥ 38,313","1","B08KQ1V2HZ","B09HM8YVW9","63.1","37.2","20.6","13230"
"Formia(フォルミア) 掛け時計 デジタル 電波 大画面 見やすい 37.5×22.9㎝ オフィス リビング ダイニング 置き掛け兼用 卓上 スタンド付き カレンダー 六曜 温度 湿度 時報 目覚し機能 電子音アラーム HWC-017RC","4071","92","50","48","¥ 9,800","¥ 9,800","1","B0CDL5N5QL","B0DKX87JGQ","39.3","25.2","5.4","1200"
"コンフィー(COMFEE') オーブンレンジ 16L フラットテーブル 自動メニュー8種 全国対応 レンジ~650W(60Hz)／500W(50Hz) オーブン~200℃ トースト・グリル・解凍・発酵機能 消音モード 角皿付き アイボリー CF-EA161-AY 【2年メーカー保証】","4073","115","100","212","¥ 15,980","¥ 15,980","1","B0CYSKTTSX","B0GYD14LMF","52","39.5","35","12000"
"CIO Handy Fan 冷却プレート搭載 ハンディファン 首かけ・卓上 3WAY USB-C充電 携帯扇風機(ブラック)","4075","65","500","168","¥ 7,980","","1","B0H398W4RB","B0H393STR2","24.2","11.2","9.2","510"
"冷風機 冷風扇【水冷式・上から給水】圧倒的パワフル送風 8m/s 風量3段階調節 左右自動首振り","4082","105","1000","336","¥ 13,000","","2","B0GLGPTPW1","B0HGQSXN22","60.4","31.4","25.8","3830"
"Aladdin (アラジン) グラファイト トースター 1枚焼き コンパクト ミニ 温度調節・タイマー機能 ホワイト 白 AET-G8A(W)","4361","76","","30","¥ 11,264","¥ 11,264","3","B0G2XK1KXT","B0G5WB4B29","30.3","27.9","27.7","2690"
"arboleaf 体重計 スマホ連動 体脂肪計 体組成計 3.5インチ大画面 本体7項目表示 アプリ15項目測定 Bluetooth対応 充電式","4088","124","300","17086","¥ 5,681","","1","B0D12HTZ55","B0GT3JSG2V","33.4","32.9","4.4","1500"
"リプラクオール カーペット ラグ 絨毯 ラグマット 洗える【型崩れ防止・へたりにくい 】抗菌率99% 約4.5畳 ブラウン 200×300cm","4092","70","","4499","¥ 5,798","","1","B08SQ7HWDN","B0DK8SY5F5","28.2","26.4","25.8","2920"
"Iuseike電動かき氷機 アイスシェーバー 高効率 大容量 バラ氷対応 親子で楽しめる 分離式デザインで収納＆洗浄楽々 冷凍フルーツ削り可 かき氷機 水洗い可能なかき氷器 家庭用 (レッド) [並行輸入品]","4886","7","","","¥ 6,000","","1","B0GZMP8JT3","B0GZMMG1D1","35","17","16","1500"
"【サッと拭くだけ撥水】 ダイニングマット 透明 角丸 【ラチュナLatuna キングジム】 床暖房 対応 厚さ1.5mm (180×240cm）","4228","59","","3160","¥ 8,990","","1","B09689HWY4","B0CSYMVXSY","180","8","8","7900"
"Alebert(アレベルト) レンジラック レンジ台 大型レンジ対応キッチンラック 高さ140*幅52*奥行39cm キッチン棚 キッチン収納 ラック レンジボード キッチンカウンター 食器棚 省スペース おしゃれ (ブラウン/黒, Mサイズ)","4104","92","100","589","¥ 5,665","","1","B0FP147LBW","B0FNZW4RPG","93","43","14","12000"
"無印良品 土釜おこげ 1.5合炊き MDH32A1A","4105","29","100","18","¥ 5,996","¥ 5,996","1","B0CZNCM3DF","","21.2","21.2","14.8","2260"
"モダンデコ マットレス 極厚10cm 高反発 密度25D 硬さ190N 洗えるカバー 三つ折り 敷布団 ベッドマットレス (グレー, キング)","5006","24","","1234","¥ 11,899","","1","B0GW8GSDPN","B09QCRF2ND","93","37","37","10100"
"マットレス シングル【高反発 硬め190N 厚さ10cm】高密度36D 折りたたみ 三つ折り 腰痛対策 シングルサイズ","4111","97","100","253","¥ 9,977","","3","B0FT3C8JP5","B0HFJHYFGG","72","28.5","28.2","6980"
"象印マホービン オーブントースター 食パン4枚焼き ホワイト EQ-HM30-WA","4112","102","100","42","¥ 13,600","","26","B0FH9S1G72","B0G4354J77","42.8","38.9","28.6","6150"
"【雑誌anan掲載】 CocoMirror 貼る鏡 割れない鏡 壁掛け 鏡 貼る鏡 貼り付け 壁に貼る 割れない (75x30cm 2枚 コーナーラウンド)","5357","55","","3","¥ 9,480","","1","B0FVWT8CY4","B0GRWPTBDX","81","36","9","2100"
"シーシーピー(Ccp) きゃらニクス こんがりきゃらマルチサンドメーカー ちいかわ ハチワレ うさぎ KM-CM75-CCK","4118","101","400","214","¥ 6,364","¥ 6,364","3","B0CX14RDT2","B0BXSMTWDB","34","18.5","15.3","1990"
"アイリスプラザ ダイニングテーブルセット 4人用 5点セット ダイニングテーブル リビングテーブル 食卓 テーブル 幅120cm 1点 チェア 4脚 ブラウン 木目調 おしゃれ コンパクト 組み立て品 AS-V120","4120","78","50","164","¥ 14,633","¥ 14,633","2","B0C2P6V2FN","B0GTZ8LYTM","126","73","12","26100"
"カリタ Kalita 熱伝導率が高い 銅製 コーヒー ドリッパー ウェーブシリーズ 燕職人手作り 2~4人用 WDC-185 日本製 ドリップ 器具 #05099 二人用 四人用 2杯用 4杯用 おしゃれ キャンプ アウトドア 喫茶店 アンティーク 結婚 祝い プレゼント 誕生日 女性 男性 還暦 退職 記念日 ギフト 贈り物 還暦 敬老","4127","108","50","421","¥ 6,381","¥ 6,381","8","B01C4ZHYKW","B0DHH7LXH5","12","11.8","8.7","230"
"クリンスイ 浄水器 蛇口直結型 【オンライン限定 メーカー純正品 日本製】 CSPシリーズ 液晶機能付き カートリッジ1個付き CSP911-WT PFOS/PFOA 有機フッ素化合物 除去","4135","107","300","364","¥ 6,980","¥ 6,980","1","B0BYH7F4SF","B0H7BBHSSV","16.8","14.2","9.2","390"
"アトラス ペットボトルホルダー 24個セット 水筒 500ml 650ml 保冷 保温 ペットボトルカバー 真空断熱 持ち手付き ステンレス 角形ペットボトル対応 ペットボトルクーラー ボトルインボトル ベージュ ABIB-GW2BE24P","4143","12","","86","¥ 30,680","","2","B0GWQ4H115","B0FNRGLMB4","18.5","9.4","9.4","310"
"【Amazon 限定ブランド】デスクごとチェアマット ゲーミングチェアマット ダイニングマット HDMOD 床保護マット 特大サイズ180×140cm 抗菌 防カビ ズレない 厚さ4mm 静電気防止 無味無臭 ソフト おしゃれ キズ防止 お手入れ簡単 床暖房対応 滑り止め 丸洗い可能床傷防止(ライトグレー）","6940","47","","540","¥ 6,880","","1","B0D928WQDB","B0DYNP86XP","49.3","38.1","9.7","1000"
"カーテンくれない 1級 遮光カーテン「K-wave-D-plain」 日本製 防炎 ラベル付【40色×140サイズ】 節電対策に 保温 保冷 断熱 遮熱 ブラック 幅100×丈120cm×2枚","7561","15","","3057","¥ 11,420","","1","B000WBAYU8","B08B3KVTK9","39.2","30","8.1","1330"
"【純正品】 ブルーエア 空気清浄機 フィルター Blue 3410 パーティクルプラス カーボン 35畳 106332","4155","109","50","60","¥ 5,982","¥ 5,982","5","B0978HJ75Y","B0CZ8VFH6G","38","34","7","620"
"【半完成品】アスベル ゴミ箱 40L 2段 分別 縦型 薄型 収納ボックス ペダル フラップ式 日本製 おしゃれ キッチン リビング ダストボックス タオルラック 鏡面仕上げ 幅40×奥行28×高さ76cm 白 ホワイト ベージュ バイカラー 分別ペダル２段ワイド40 A6604 ASVEL","4160","98","100","433","¥ 5,520","¥ 5,931","19","B0BVQLWLYP","B0GZTZDXBL","78.2","42","24.5","5080"
"【Mozawa】収納ボックス 折りたたみ式 大容量 蓋付き キャスター付き コンテナ 衣類 おもちゃ 布団 書類 本 漫画収納 アウトドア キャンプ用 クローゼット 押入れ対応 おしゃれ(XLサイズ4個：58*40*33.5cm,77.7L)","4162","81","","161","¥ 8,099","","2","B0GMTNC2ZX","B0HGQQ5WSH","60","44","43.5","11880"
"ティファール 取っ手のとれる フライパンセット 5点 IHガス火対応 軽い 「インジニオ･ネオ キャストライン アロマプロ」 L866S5","4164","139","50","130","¥ 17,800","¥ 17,370","5","B0C5L8TCY8","B0CX21XNVT","33.2","33","17.9","3840"
"ウイスキー 電動ディスペンサー ポンのみDX【公式】 業務用 大容量 定量ポンプ 30ml 45ml 60ml ペットボトル対応(1.8L 1.92L 2.7L 4L 5L) ハイボール 焼酎 ワイン カクテル対応 プロ仕様 レッド【料理研究家リュウジさんも愛用】","4170","56","","44","¥ 7,775","","2","B0G8GY155F","B0G8H34PHQ","17.6","14.6","6.6","390"
"掃除機 コードレス【2027先行モデル 業界最強230KPa吸引】自走式＆自立式・55分連続稼働・低騒音・超広角LEDライト コードレス掃除機 サイクロン式 軽量 HEPA多重濾過 1.2L大容量ダストカップ【日本PSE認証済み】 V字型ブラシ 2WAY スティック ハンディ そうじき クリーナー 【3年保証】 一人暮らし フロア/カーペット/カーテン/ソファ/車用対応 家庭用 （パープル）","4172","130","300","58","¥ 11,980","","3","B0GTLV6K8G","B0HFW6D69K","44.2","30.6","18.6","3210"
"GOKUMIN マットレス シングル プレミアム低反発マットレス マットレストッパー 敷布団 薄型 ブラック","4179","93","50","2318","¥ 13,963","","1","B0D7H244ZL","B0D7PHSYKS","53","27.5","27.5","4500"
"サーモス 水筒 真空断熱スポーツジャグ 2.5L ブルー FJQ-2500 BL ステンレス鋼","4186","128","50","3051","¥ 5,670","","11","B0BSNJ28Y3","B0C65HT1QT","36.9","14.6","14.5","1240"
"掃除機 コードレス【2027先行モデル 業界最強230KPa吸引】自走式＆自立式・55分連続稼働・低騒音・超広角LEDライト コードレス掃除機 サイクロン式 軽量 HEPA多重濾過 1.2L大容量ダストカップ【日本PSE認証済み】 V字型ブラシ 2WAY スティック ハンディ そうじき クリーナー 【3年保証】 一人暮らし フロア/カーペット/カーテン/ソファ/車用対応 家庭用 （ホワイト）","4190","118","200","40","¥ 11,980","","4","B0GTLSSSDL","","44.1","30.7","18.2","3630"
"【曇らない浴室鏡】Rebebe風呂鏡 マグネット式 鏡 マグネット 割れない鏡 地震対策 賃貸に適用 軽量(60×29cm)","4196","98","100","764","¥ 6,884","","1","B0DQ89QYRG","B0DQ85TQT9","61.8","30.4","2.6","1500"
"山善(YAMAZEN) 脚付きマットレス シングル ボンネルコイル 330個 太めスプリング 耐荷重200kg 幅97×奥行195×高さ36cm 圧縮梱包 組み立てカンタン 掃除がしやすい マット厚17cm ベッド ライトグレー SAM-97195B(LGY)","4198","108","200","256","¥ 10,999","","1","B0C2NXR1Q7","B0G1R6ZM29","102","37","37","26000"
"楽活 収納ボックス 折り畳み 収納ケース 蓋付き 衣装ケース 5面開閉 積み重ね 幅51.5×奥行36×高さ30cm(L3個、イエロー)","4203","32","","738","¥ 7,633","","1","B0FJS3W139","B0DNFNXNR1","53","39","23","6700"
"HotaluX（ホタルクス） <日本製> LEDシーリングライト HLDC06258 適用畳数~6畳 (日本照明工業会基準) 3200lm 昼光色-電球色（6500K-2700K）調色調光タイプ（主照明５段階、常夜灯３段階）リモコン シンプルデザイン","4205","74","100","195","¥ 5,535","¥ 5,535","3","B0CXHFHRL7","B0FC6NBBR7","45.5","45.2","12.5","1610"
"[AFXBoots] 36V高出力 30000mAh大容量 168L/S ファンバッテリーセット ファン付き作業服用 Type-C充電対応 5段階風量調節 PSE認証済 長時間稼働 強力送風 作業服対応 外仕事 夏用 暑さ対策 熱中症予防","4206","111","1000","145","¥ 6,628","","1","B0GVMDS3ZZ","","21.3","13.9","9.7","710"
"掃除機 コードレス【8月新登場・50800KPa吸引力】550W BLDCブラシレスモーター ADS AI制御 自走式 自立式 着脱式バッテリー","4207","13","","20","¥ 10,980","","1","B0H38PNL1B","B0H9L46MHT","44.7","25.7","18.3","3360"
"【圧倒的コスパの4個セット】アイリスオーヤマ チェストI 収納ケース 引き出し クローゼット 押し入れ 幅37.6×奥行74×高さ21.2cm 衣装ケース チェスト 日本製 ホワイト/クリア L","4208","94","50","349","¥ 8,129","¥ 8,129","4","B07FR9W7TK","B0D2QXXNDY","83.5","75","38.6","9500"
"パナソニック ブレンダー ハンドブレンダー 1台4役(混ぜる/つぶす/きざむ/泡立て)離乳食 速度調整 誤使用防止設計 レシピブック付 ホワイト MX-S302-W","4209","139","400","646","¥ 6,763","¥ 6,763","22","B088G2HDCH","B08B3RHRKS","26.9","25.7","15.5","1880"
"BRUNO ブルーノ 【手提袋付き】カタログギフト パステルラベンダー 5000円コース 内祝い 結婚祝い 引き出物 おしゃれ 0015192","5141","71","100","69","¥ 6,490","","1","B0DY2YPQQB","B0GXVQB34N","20","20","6","100"
"コイズミ メンズシェーバー シームレス 往復式 3枚刃 USB 充電・交流式 防水 お風呂剃り可 ハンディサイズ キャップ付き クロス付き グレー KMC-AS06/H","4214","3","","","¥ 7,168","¥ 7,168","1","B0HDBHSL12","B0HG186X93","21.1","12","4.6","435"
"【ケース販売】 クレシア EF ハンドタオル ソフトタイプ スリムEX 小判サイズ 2枚重ね 200組(400枚)/パック ×36パック入 37030","4215","67","400","306","¥ 5,600","¥ 6,587","20","B0763MK83Z","B0BZC8BYNJ","55.2","41.8","24.8","12440"
"シャープ 空気清浄機 FU-S50-W プラズマクラスター 7000 おすすめ畳数 14畳 スピード循環気流","4216","128","500","528","¥ 19,800","","21","B0CX44PTLZ","","57.9","44.5","27.2","5770"
"【Amazon.co.jp限定】XIWEIYI チェアマット床保護マット フロアマットゲーミングマット滑り止め 家具保護パッド キズ防止・防音傷防止マットズレない 吸着セルフ粘着TPR マット 厚み5mm静音吸音 丸洗い可能160×140cm（ダークグレー）","3945","18","","39","¥ 5,380","","1","B0GJD4MNSR","B0GJDHQM6Y","41","34","11","1430"
"ふくらはぎケア フットケア Liaolee【3000mAh大容量】エアーレッグリラックス 空気圧 温熱 3モード×3段階強度×3段階温熱 静音 Type-C充電式 自動オフタイマー 操作簡単 足ケア 立ち仕事・デスクワーク・運動後に 誕生日 プレゼント 母の日 父の日 敬老の日 クリスマス 記念日 ギフト 男女兼用（2個セット）","4221","90","400","208","¥ 5,983","","7","B0DM1SFQSB","","34.3","18.2","11.6","990"
"【福袋 キッチン用品詰め合わせ】フライパン 24cm + シンク下引き出しラック + レンジラック + キッチンツール7点","3570","74","","","¥ 11,880","","1","B0G6DGGXRT","B0GF1XW6V5","43","25","8.7","537"
"真空パック機 汁物対応 真空機【日本発 低温調理器専門メーカー BONIQ】手動/自動 乾き物/汁物 選べる5モード 専用袋S,M,L9枚付属 ボニーク 低温調理対応 ブラック 真空パック器 フードシーラー 作り置き 冷凍保存 日本正規品・保証付帯 BONIQ Vacuumer","4222","77","200","27","¥ 8,550","","1","B0G5P869Z9","B0GFKH1GSX","41.9","19.6","13.5","1930"
"【Amazon限定】nishikawa 【 西川 】セブンデイズ 掛け布団 ダブル ホワイト 熱を逃がさない 空気を含む軽量特殊繊維 体にフィットする特殊キルト構造 抗菌 防臭 防ダニ加工 丸洗い可能 ほこりが出にくい 冬 SEVENDAYS AB27870582W","4224","101","50","6668","¥ 12,539","¥ 12,539","1","B072F9PKT5","B0CNRBTZBB","62","52","30","2560"
"ワイエムワールド 本棚 スライド式 大容量 奥深タイプ 幅90 奥行き34 漫画 収納 棚 ウォールナット kss-0008br-12","4568","74","50","861","¥ 9,900","","1","B07JCK68L1","B0HDN2S4VC","94","36.5","19.5","28500"
"TOSHIBA(東芝) スチームアイロン 衣類スチーマー コードレス 全方向 3段階温度調節 スチーム2段階 スチーム約2分 TA-FV560(H)","4234","103","700","56","¥ 6,480","¥ 6,480","4","B0C4K5BC1K","","29.4","23.4","19.3","1970"
"ブラウン メンズシェーバー シリーズ5 アズールブルー 防水 充電式 52-A1200s","4236","134","600","187","¥ 9,800","","33","B0FQ3G4HYB","","25.2","13.8","6.8","430"
"ハクバ HAKUBA 木製 額縁 ピクスリア [A3サイズ ナチュラル 10枚セット]【まとめ買いセット】 ポスターフレーム フォトフレーム 前面PET板 吊り紐付きAMZFWPX-NT10A3","4236","64","","26","¥ 17,600","¥ 17,600","1","B073P1WWN9","B0FD3S172Q","45.8","34.2","16.2","5640"
"アイリスオーヤマ サーキュレーター 扇風機 DCモーター 28畳 上下左右首振り 分解丸洗い 狙い撃ち送風 【Amazon.co.jp限定】","4239","126","700","112","¥ 9,980","¥ 9,980","1","B0DWWV9NSW","B0F89SJSQ9","64.3","31.2","30.4","3210"
"ラグマット ラグカーペット 滑り止め付 洗えるラグ 抗菌 ふわっと手触り優しいフランネルラグ 160x200cm(約2畳) 折り畳み 長方形 (ピンク, 160x200cm)","4239","50","","8657","¥ 5,980","","1","B0811WD73L","B08JYXS5L8","39.3","30.1","7.4","1990"
"マットレス ダブル 特殊二層構造 【柔道整復師監修・腰の負担軽減/体の緊張緩和】 高反発マットレス 極厚さ10cm 3Dセル加工 体圧分散性3倍アップ 腰部徹底サポート 腰痛対策 敷布団 硬め 超高密度 34D 200N/ 40D 280N 洗えるカバー プレゼント ギフト メーカー 140x195x10cm ブラック","4241","92","","258","¥ 18,999","","4","B0FMY2227W","B0HG9BCN89","146.5","26.3","26","10900"
"山崎実業(Yamazaki) キャスター付き ニューズラック ブラック 約W33×D26×H33.5cm タワー tower 新聞ストッカー 新聞紙 収納したまま縛れる 4764","4246","56","50","289","¥ 6,930","¥ 6,930","15","B07WXLC1RH","B07HMFHZ87","36","34.8","29.2","4660"
"GOKUMIN ブランケット シングル ふわとろクレープケット 掛け布団 夏用掛け布団 かけ布団 掛布団 タオルケット チャコールグレー","4249","104","300","280","¥ 7,598","","1","B0D6VFMW5W","B0D97T8BWQ","34","34","21","1300"
"Umillion エアコン 風除け エアコン風よけカバー 上下左右風向調整板 風向き縦横180°調整 7枚ルーバー設計 風量調節可能 壁掛け式 80cm 直撃風防止 室内機用 風向きパネル 吹き出し口カバー クーラーの風除け 取付簡単 冷暖房通用 結露防止 (× 2)","4251","44","","","¥ 5,160","","","B0GZQ8NYB7","B0F27W1ZG2","43.9","20.3","7.5","1060"
"【プロ料理人が監修】 SAVAQ正規品 手放せない理由がある 三徳包丁 ペティナイフ シャープナー 3点セット オールステンレス 軽量 食洗機対応 (三徳・ペティ + シャープナー付き)","4265","100","200","61","¥ 7,630","","1","B0G3K4WMC2","B0G427LPSD","35","17.2","3.2","630"
"TAILI 4イン1 シンクスポンジホルダー キッチン用 強力な吸盤付き シルバー","4268","42","","19","¥ 6,096","","1","B0G43WSN42","B0CZRBCX9Y","19.6","9.6","7.2","280"
"YDH ゴミ箱上ラック 幅80×奥行40×高さ100cm【棚板追加可 高さ調節可】5段可動棚 レンジ台 キッチンラック キッチン棚 ナチュラル","4271","108","100","311","¥ 7,196","","1","B0D4YN63GB","B0D4YZ5CTJ","90","43","13","11000"
"大容量 ワードローブクローゼット 1個30cm*40㎝ 収納容量33％アップ 衣類収納 整理棚 収納ボックス ドア付き カラーボックス ぬいぐるみ収納 洋服整理 防カビ樹脂製 鋼鉄フレーム 組み立て式 耐荷重設計 耐久性 (白・扉付き, 16box（30cm*40cm）)","4395","42","","23","¥ 6,480","","1","B0GCR5XKG9","B0FJFRJ6RW","45.4","34.2","25.1","12080"
"Dafeel 枕 首が痛くならない【人間工学×上質TPEゲル】夏もムレにくい通気設計【FEIFAN×NOA睡眠研究院監修】水に浮くような寝心地の快眠まくら｜丸洗いできて乾きやすい｜肩こり対策に配慮した高反発・体圧分散設計で寝返りしやすい｜どれを選ぶか迷う方へ 深眠枕 PRO（53×34cm／高さ8・10cm／カバー付）専用ギフトボックス入り 父の日ギフト","4279","72","200","326","¥ 8,000","","1","B0BRSV5HTQ","B0HGL1LPSP","53.8","35.8","10.4","4280"
"HACYURI チェスト キャスター付き 衣類収納ケース 大容量 3-7段 幅48cm クローゼット 衣装ケース 転倒防止 多機能 耐荷重 おしゃれ 収納ボックス 引き出し プラスチック製 おもちゃ箱 リビング キッチン用 (6段,カーキ（小さな引き出し×2）)","15540","5","","3","¥ 7,334","","1","B0G2RJGSVK","B0G2RJKY3B","60","40","40","4000"
"TOSHIBA(東芝) キャニスター掃除機 紙パック式 コード式 軽量コンパクト VC-PH65A(W)","4282","138","200","436","¥ 14,460","¥ 14,460","23","B0813M8HFT","B0BM4VTWB9","53.5","30","24","4000"
"MAXZEN 電子レンジ 17L ターンテーブル 東日本専用 一人暮らし 1人暮らし シンプル 単機能 700W プッシュボタン 白 ホワイト JM17AGZ01 50hz マクスゼン","4295","82","100","235","¥ 7,980","","3","B01LYW4U71","B0CT4ZD6CN","46","31","26","11670"
"電動コーヒーミル コードレス セラミック臼式【30段階挽き目調整&外側ダイヤル式】コンパクト 静音設計 約2杯分対応 水洗い可能 お手入れ簡単","4297","5","","27","¥ 9,699","","1","B0H5Q2LYJQ","B0HGB3CJXK","21.1","8.2","8.1","480"
"WISDHM 全身鏡 幅57×長さ162cm 姿見鏡 壁掛け鏡 スタンドミラー 立てかけミラー 大型鏡 2Way 飛散防止 地震対策 ブラック","4298","41","50","214","¥ 9,400","","1","B0B5GNDCCT","B0D3DXNVJ8","170","62","7","8600"
"Ballarini バッラリーニ 「 サリーナ セラミック フライパン 26cm イタリア製 」 IH 対応 PFAS不使用 セラミックコーティング 【日本正規販売品】 Z1033-685","4302","98","50","21","¥ 9,866","¥ 9,866","3","B0FG74BSLD","B0G5256HH8","45.5","28.6","7.3","1260"
"【高温スチームで繊維の奥まで徹底洗浄】Uwantリンサークリーナー 18000Pa超強吸引力スチームクリーナー 3つのモードスイッチ100℃蒸気噴射&60℃加熱お湯&常温カーペットクリーナー 5種類の専用ブラシ＋専用洗浄液付き 2400ml大容量水タンク マットレス/ペット用シート/ぬいぐるみ/車用 Set of 1 チャコールブラック","4303","44","200","107","¥ 19,499","","1","B0H8S7Z4K1","B0HGRXWW3R","44.1","34.4","20.2","4550"
"ブルーム 今治産 タオルケット かろやかカロケット シングル 約140×190cm 綿100％ 厚手 日本製 (アッシュブルー)","4305","85","100","91","¥ 6,380","","1","B0CYPK794V","B0HDCMCL57","35.8","26.2","18","1100"
"アルトファンプロ 業務用エアコン エアコンファン ALLT FAN PRO 天井取り付けクーラー 風よけ プロペラ サーキュレーター 天カセ 羽根 風向き調整板 ホワイト","4306","104","300","31","¥ 7,900","","1","B0F5BGZ6TV","B0FYDZPGKZ","55.5","15.3","9","1000"
"ドクターエア 公式ストア エクサガンケア ブルー ハンディーガン コンパクト 母の日 父の日 誕生日 プレゼント ギフト REG-09 BL","4486","92","50","552","¥ 6,930","","5","B0CKWTMCM4","B0CLCGJF38","19.5","14.6","5.8","390"
"北陸アルミ フライパン 33cm 軽量 ガス火 日本製 深め 軽い 全面均一加熱 時短フライパン 丈夫 frying pan made in japan アルミ鋳物製 キャスト 熱変形に強い 木柄 木ハンドル 金属ヘラ使用 累計販売数100万枚 テフロン加工 最高級コーティング 焦げ付きにくい ジャパンクオリティ PFOAフリー センレンキャスト A-0246","4312","63","","26","¥ 6,376","¥ 6,376","1","B0091GQ7KG","B0GHMZ1ZF8","55","34","12","1170"
"集音器 高齢者 しゅうおんき【2026進化版！革命的なデジタルチップ&高性能BA型スピーカー搭載！無段階音量調整】35倍増幅 AI自動降噪","4314","117","500","141","¥ 6,849","","2","B0GCNXP689","B0HGFWCCJV","10","9.7","6.2","160"
"アイリスプラザ ソファーベッド マルチに使える3WAY 幅120cm 14段階リクライニング 座椅子 1人掛け 2人掛け ソファ 折りたたみ 折り畳み 幅約120×奥行約66-205×高さ約12-61cm CG-4A-120K ベージュ","4315","84","","504","¥ 15,960","¥ 15,960","4","B07HY9N7RG","B0CBS4FYDS","120","58","41","16700"
"G'day Wine ワイングラス 【赤ワイン専用グラス グランアロマ】 薄口 ハンドメイド 食洗機対応 700ml","4319","15","","5","¥ 51,980","","1","B0H942MLF3","B0DTYQYS93","59","49","32",""
"Coleman(コールマン) 真空断熱スポーツボトル/1.8L(ジェットブラック) 水筒 保冷 直飲み スポーツドリンク対応 ワンタッチオープン ハンドル付き セラミック加工","5834","64","","37","¥ 5,431","¥ 5,431","2","B0FWJ2M7L2","B0G6KCSZF4","29.5","12.8","12.7","920"
"HARIO (ハリオ) 茶王 4人用シルバー CHAN-4SV","4487","96","","462","¥ 5,871","¥ 5,871","15","B00FS3PPHC","B0DM5L2BFG","17.3","16.2","14.3","500"
"LIXIL(リクシル) INAX シャワートイレ RGシリーズ 工事不要 後付け対応 脱臭機能付 CW-RG20 / BW1 ピュアホワイト 便座 温水洗浄便座 後付け交換 取り付け トイレリフォーム","4326","111","100","1050","¥ 24,176","¥ 24,176","10","B0C2831QP6","B0HFJPKFYH","63","56.5","20.2","5240"
"TTWO ゴミ袋ホルダー 横開き フタ付き 高さ調整可 20L～90L対応 分別ゴミ箱 スタンド ごみ袋かけ スリム Black 2点セット","4328","84","50","330","¥ 5,299","","1","B0DK4L9ZXC","B0DDY14ZCG","43.4","24.5","11.2","4910"
"【節電対策】 Levoit (レボイト) 扇風機 タワーファン 静音 DCモーター羽なし 7.9m/s温度センサー付き LTF-F362-WJP","4329","107","300","201","¥ 8,980","","1","B0DWMDDBQR","B0D7P14HXR","94","23","20","4680"
"ヨシカワ EAトCO イイトコ Hasam（ハサム） 万能トング はさむ 水気を切る すくう 全長20.3cm ステンレス 日本製 AS0011 (× 3)","4330","8","","35","¥ 6,606","","","B0H8DX574D","B0CQSHFL3L","20.9","3.9","3.9","240"
"BOTTLE BOTTLE 水筒 2リットル 大容量 ジャグ 2000ml 保温保冷 真空断熱 直飲み ストロー飲み ステンレスボトル スポンジ付き ブルー","4331","50","","39","¥ 5,080","","1","B0D1412W78","B0C588PS81","31.5","14.9","14.6","1260"
"タンスのゲン レンジラック 幅60cm 大型レンジ対応 高さ88cm スライド棚 キッチンラック キッチン 棚 収納 49200002(81624)","4336","101","100","851","¥ 6,642","","1","B0BW2PFYWY","B0D78TFCYX","92","48","14.5","13000"
"山崎実業(Yamazaki) 蓋付き 重ねられる 仕切り付き スリムルーター収納ケース 【2個セット】 スマート smart ホワイト 10314×2","5308","51","","1","¥ 5,480","¥ 6,380","3","B0G47L414C","B0GCCF1MZP","52.6","26.9","10.1","1410"
"アイリスオーヤマ オーブンレンジ 18L フラットテーブル ヘルツフリー 全国対応 レンジ~600W オーブン~200℃ 自動メニュー11種 トースト 1年メーカー保証 AMO-F1811-B 【Amazon.co.jp限定】","4340","140","300","764","¥ 17,380","¥ 17,380","1","B0CKW2M8N9","B0H8HKRQK5","55.7","43.6","35.8","17200"
"Yurioo 除湿機 コンプレッサー式 業務用 除湿量30L/日 衣類乾燥 マイナスイオン発生 空気清浄機能付き 湿度コントロール運転 部屋干し","4345","129","300","241","¥ 26,598","","2","B0CJRNJ6T9","B0HDXNMJP3","67.1","44.9","28.4","15800"
"【LDK掲載A+】定番 竹せいろ 24cm 直火・IH対応 蒸し鍋セット 深さ調整輪・蒸し板・鍋セット せいろ紙（20枚付）_滴水製作所 せいろ 2段 蒸篭 大容量 蒸籠 蒸し器 初心者におすすめ","4348","43","","62","¥ 6,400","","1","B0BSQY5MYB","B0BN4WJGD9","5","5","4","10"
"Iwatani イワタニ 岩谷 カセットフー BO- ケース付 カセットこんろ 防災 日本製 CB-AH-41N","4355","86","200","101","¥ 6,800","","1","B0DM118YB2","B0FH6B5VRH","37.6","35.4","10.8","3020"
"Zwilling ツヴィリング 「 ツインフィン 2 マルチパーパスナイフ 180mm 日本製 」 三徳 包丁 オールステンレス 食洗機対応 岐阜県関市製 【日本正規販売品】 Twin Fin 30917-181","4359","89","100","216","¥ 8,330","¥ 8,330","7","B07GBPT5WZ","B0DSB73CWQ","38","8","3.5","260"
"Kamomefan +c lite（カモメファン プラスシーライト）扇風機 サーキュレーター 兼用 25cm DCモーター 静音 軽量2.2kg リモコン付き 左右首振り 風量無段階 シャンパンゴールド K-F25AYCGD ドウシシャ","4366","98","100","156","¥ 17,550","¥ 17,550","2","B0CCY2KVVM","B0H6LMTGBJ","80","35","31.5","4450"
"AODK チェスト タンス 衣類収納 収納ケース 引き出し リビング収納 布製 引き出し 衣装ケース 箪笥 転倒防止 低ホルム 安定感 4段 【幅40×奥行30×高さ80cm】 (ビンテージ＆ブラック)","4370","53","50","33","¥ 5,180","","1","B0FL78B6W5","B0FL7BN3TS","43.7","33.6","14.3","5730"
"衣類乾燥除湿機 静音タイプ【1L除湿・大容量2.5Lタンク】鉄筋15畳/木造7畳対応 満水停止機能付き 省エネ設計 七色LED CT17白","4378","10","","24","¥ 7,599","","1","B0H6VCHLMZ","B0HFJCB6DF","38.1","26.2","16.9","2730"
"マキタ(Makita) 充電式クリーナ（アイボリー）バッテリ内蔵式 10.8V2Ah 充電器付 CL115FDWI","4383","93","200","386","¥ 12,709","¥ 12,709","15","B09FJKWL6Q","","50","16","14","1900"
"CIRCLE JOY 充電式ペッパーミル 電動 ステンレス製ペッパーミル 研削速度可変 厚さを外部で調整する 95ml容器 2-in-1充電ベース 白色LEDライト 2本セット シルバー","4386","84","50","456","¥ 6,209","","1","B0DL35GQKF","B0H5WNK4KR","21.7","15.9","12.6","1070"
"集音器 高齢者 しゅうおんき 1台2役 【 2026進化版・5段階・音量増幅UP】 Type-C充電式 残量表示 音声拡聴器 片耳/両耳対応","4390","88","700","114","¥ 7,999","","3","B0H445WYCH","B0H4436XNB","10","10","4.5","140"
"アテックス ATEX マッサージ器 フットマッサージャー ミニ 足 ふくらはぎ 足裏 ピンク AX-HP324pk 指圧 もみ玉 プレゼント ギフト","4405","108","100","52","¥ 7,700","¥ 7,700","2","B0CG5MMVM7","B0CT5NCZK1","36.2","16.8","10","1470"
"アール(R) 電動吸引機Airsh+圧縮袋セット エアッシュ+ 圧縮袋ふとん一式用(2枚入) バルブ式 掃除機不要A-2002(RE-003+AIR-001)","4409","101","50","16","¥ 6,610","¥ 6,610","1","B0DW8N6C8V","B0DXKBCGS9","31.1","18.5","18.4","1510"
"アイリスオーヤマ(IRIS OHYAMA) トースター オーブントースター ミラー調 横型 2枚焼き 温度調節4段階 トレー付 1000W MOT-011","4410","118","","5027","¥ 5,015","","18","B01LECDEJ6","B0D6Y2Y2NG","37.4","31.4","27","3800"
"【I'm home掲載×60万台出荷モデル】カウンターチェア 2脚セット 昇降式 バーチェア ブラウン mugenbo (ブラウン ２脚セット)","4411","80","","246","¥ 11,998","","1","B0DWMKT1VY","B0F6MJ6B96","56.6","47.6","45.2","15600"
"タンスのゲン ベッド シングル 【頑丈設計！耐荷重400kg】 すのこベッド 北欧パイン 3段階高さ調節 天然木 11719094(80447)","4414","86","100","2653","¥ 9,489","","1","B075T5QDGJ","B0D4V4MJD1","101","29","26","24210"
"パルスイクロス 8枚セット ホワイト スカイブルー 掃除クロス 日本製 コパ・コーポレーション","4418","57","","2069","¥ 5,940","","1","B09NPS93K1","B0HC3HFXKN","31.5","26","4","350"
"Acasasプロ推しのスムージーが作れるジューサー 5段階変速ミキサー 氷も砕ける500Wハイパワー 1500ml大容量ガラスボトル (A-1200)","4420","121","500","697","¥ 6,380","","1","B0DCBF76YB","B0DC59M99K","32.3","23.5","19","3310"
"【大容量高硬度＆組立簡単】 チチロバ(TITIROBA) 収納棚 整理棚 本棚 ワイヤー 収納ラック 大容量 おもちゃ/ぬいぐるみ/靴収納 見せる収納 簡単組立 ワードローブ ホワイト 16ボックス","4967","84","","154","¥ 6,089","¥ 6,089","1","B09H4M8BKP","B0F6156PX9","39.3","32.2","25.2","10850"
"山善(YAMAZEN) ローテーブル 折りたたみ 幅75×奥行50×高さ32cm 水分・熱に強い天板 傷防止フェルト付き テーブル 折れ脚 完成品 ウッドナチュラル MTWL-7550(WNA)","5547","75","","712","¥ 5,990","¥ 5,990","2","B08QCJXG3Y","B0H5VFFW3X","83.7","55.8","9.5","6870"
"【 ふっくら ごはん鍋 】 3合炊き 二重蓋 四日市ばんこ焼 (日本製) 【 本格派 ３合炊 】","4422","92","100","1605","¥ 5,960","","2","B007THC744","B07CBQKWKK","22.2","21.6","18.3","2200"
"【軽量設計】Uwant 布団クリーナー 超軽量1.15KG布団掃除機 14kPa強力吸引 13,000回/分高速たたき ダニ対策 UV除菌 65℃温風 UV-C紫外線 HEPAフィルター搭載 ダニ対策 ハウスダスト 毛絡み防止 M80Pro Set of 1","4430","30","200","21","¥ 8,980","","1","B0H5P3R6KQ","B0HGBMX5XS","32.1","25.9","22.4","1720"
"アイリスオーヤマ ホットプレート コンパクト 着脱式 温度調節機能付き たこやき器 深鍋 プレート 2枚 1000W 簡単お手入れ サーモスタット機能 洗いやすい おしゃれ 保証付き PHP-1002TC-VC バニラクリーム","4437","120","100","1683","¥ 6,080","¥ 6,080","3","B089LQL7NN","B0FH4PM1KX","40","28.8","21.4","3080"
"【2025年 発売】ルンバ（Roomba）Max 705 Combo ロボット + AutoWash 充電ステーション (ロボット掃除機) アイロボット（iRobot）【水拭き/両用/多機能充電ステーション搭載/自動集塵・洗浄・温風乾燥機能/AIカメラ搭載 物体認識と障害物回避/ダートディテクト機能/マッピング/アプリ操作/amazon.co.jp購入時12ヶ月保証/X185060】ブラック","4438","86","","56","¥ 129,800","¥ 129,800","2","B0FLYLR5XV","B0H68NJWXB","51.2","50.5","45.9","18120"
"アイリスオーヤマ サーキュレーター DCモーター 20畳 リモコン付き 3Dランダム送風 風量5段階調整 【Amazon.co.jp限定】","4439","113","800","539","¥ 6,980","¥ 6,980","1","B0DWXC1B22","","34.7","26","25.9","1660"
"REIBII 棚 ラック 幅90 奥行40 高さ183, スチールラック 収納 5段 黒 高さ調節 耐荷重約900KG","4443","70","50","81","¥ 8,490","","1","B0DJ766KJ7","B0GZZR9NHZ","98","41","7.8","14880"
"VENTOYA ソファーカバー 【ズレ落ち防止&水をハジク】 シェニール マルチカバー ソファカバー 肘付き・肘なし対応 大判 北欧風 ふんわり やわらか 滑り止め 高密度330g/㎡生地 耐久性マックス ペット対策 簡単にホコリ・汚れ・傷防止 カウチ・オットマン・ベッド対応 インテリア用 四季使える フリンジ付き 洗える （180*340cm ダークブラウン・滑止撥水）","4667","8","","16","¥ 6,999","","1","B0GWJ3W741","B0HCGM7MYF","35","28","7","2500"
"ブロッコリーハウス 今治タオル バスタオル (2枚組) 部屋干し 速乾 吸水 やわらかい 片面 ガーゼ 60×120cm 梅雨 臭くならない 薄手 コンパクト 収納 日本製 綿100％ (グレー)","9330","36","","1","¥ 5,000","","1","B0CFY9J8BL","B0CQLQPBYL","22","20.7","9.7","410"
"アイリスオーヤマ 炊飯器 ジャー炊飯器 3合 銘柄計り炊き 一人暮らし 食感炊き分け 自動調理 低温調理 料理に合わせて炊き上げ マイコン式 RC-MGB30-B ブラック","4448","128","100","22","¥ 7,200","","29","B0FF93VQYK","B0FQSPSDK8","34","28.8","25.1","3520"
"ブルーム 今治タオル レオン バスタオル 2枚セット サンホーキン綿 (シーブルー) leon_bt2_sb","4464","98","100","1724","¥ 5,180","","1","B00BVWZIIA","B015XNXIR0","32.4","32.4","9.4","820"
"オムロン 携帯型心電計 HCG-8060T-JT シルバー","4466","78","300","157","¥ 26,800","¥ 26,800","2","B0DTHTRS3C","","14.2","9.3","3","120"
"オムロン 手首式血圧計 HEM-6230 シリーズ HEM-6231T","4468","93","300","127","¥ 9,480","¥ 9,480","2","B0DV97DCHF","","11.3","9","5.5","230"
"JisuLife ハンディファン Pro1 Mini 【小型 / 30時間長時間駆動 / 風量100段階ローラー調整 / 携帯扇風機/手持ち扇風機/USB-C充電/卓上扇風機/ポータブル/ジスライフ】ブラック","4470","102","600","121","¥ 7,293","","1","B0GKL183GY","B0GTLC3WJ1","22.3","11.1","8.1","620"
"和平フレイズ 自宅でプロの実力 ハイブリッド フライパン 20cm IH・ガス・オーブン対応 PFOAフリー ステンレス/アルミ/ステンレス 三層鋼 熱ムラしにくい メイラード反応 ガラス蓋付 クックデリー AMB-3713","4507","82","","120","¥ 5,758","¥ 5,758","1","B0FJDT7QC6","B0FTL88XT3","40.4","22.3","9.2","1330"
"象印マホービン 炊飯器 3合 スレートブラック NP-RU05-BZ","4474","125","200","147","¥ 23,100","","26","B0DQPX2F6K","B0FKSHNQJ3","38.7","27.3","24.3","4630"
"AooDen 枕 まくら ホテル仕様 2個セット ふわふわ 快眠 安眠 高さ調整 洗える枕 通気性 立体構造 63x43x20cm 枕头 ホテル枕","4480","54","50","157","¥ 5,980","","1","B0H45LGYK1","B0HG7ZSCR5","43.4","21.8","20.3","1870"
"60W LED電球付屋内用クリップランプ スーパールミネX60CL SLX-60CL","4481","84","50","78","¥ 5,184","¥ 5,184","18","B0CGHDCPN3","","38.3","23.6","11.4","970"
"角型天ぷら鍋ﾌﾗｲﾔｰﾊﾞｽｹｯﾄ付き","4498","72","100","18","¥ 6,380","¥ 6,386","12","B0DXKRJGD9","B0DXTRB7TM","26.6","16.3","10.9","1370"
"テンピュール(Tempur) 枕カバー ベージュ スムースピローケース ロングハグピロー用 なめらか 抗菌防臭 伸縮性 ピローカバー 73006439","4500","72","","1197","¥ 5,299","¥ 5,545","3","B07ZDH6WXB","B0FT41SMRH","29.6","17.8","3.5","280"
"山善(YAMAZEN) 目隠し ワゴン 2段 キャスター付き 幅45×奥行35×高さ58cm ホワイト/マットホワイト MHW-2(EWHM/MWH)","4501","66","","","¥ 10,800","¥ 10,800","1","B0GXXZWRTD","B0GY7JX3BW","58.9","43.9","11.4","9000"
"VECELO 収納スツール オットマン 折りたたみ PUレザー 蓋付き 足置き ブラック 幅110×奥行38×高さ38cm 耐荷重100kg","4503","60","","422","¥ 5,579","¥ 5,579","1","B0CFD8QFVV","B0F2LB4K1B","61","38.1","7.6","7076"
"(最強の筋膜リリースガン 極限の全身解放) ハンディガン パワフル 10mm振幅 背中まで届く リリースガン (革新に無段変速 伸縮ハンドル) LIHILIS筋膜ガン Type-C急速充電 4000mAh大容量 静音 筋膜リラックス 全身リフレッシュ道具 誕生日プレゼント お祝い 女性 男性 父の日 母の日 クリスマス 新年ギフト最適","4504","124","600","336","¥ 5,800","","4","B0DDY45J4W","B0HGGSPLTG","40.3","23.3","5.7","900"
"【ソファの汚れもう怖くない！】ピタッとずれにくい 撥水 マルチカバー ソファーカバー Ouchi+Design (モスグレー, 180×230cm)","4511","83","300","262","¥ 5,680","","1","B0DDT62RML","B0DDSNKYK1","32.6","32.2","9.2","1320"
"ストリックスデザイン 割り箸 利久 竹 3000膳 (100膳×30個セット)〔ケース販売〕 24cm 業務用 使い捨て 大容量 長め 菜箸 SD-703","4518","71","","157","¥ 13,310","¥ 13,310","1","B08Q7VXNK2","B0DT166W4Z","49","38","25.5","19120"
"リンナイ ガステーブル 一口コンロ RTS-1NDC(13A) 都市ガス12A/13A用","4519","121","300","431","¥ 5,650","¥ 5,780","13","B0BCDY791R","B0D471CDCS","32.9","31.2","11.6","2140"
"WILLED センサーライト 室内 充電式,暖色 足元ライト 人感センサー 無線, じんかんせんさー ライト 室内 用階段ライト 階段・廊下・キッチン・クローゼット・キャビネット・寝室・子供部屋用（8個）","4521","96","","4318","¥ 5,436","","1","B0DNJQ8NW9","B0FMRWTY87","18","8.8","4.2","390"
"ストリックスデザイン 舟皿 使い捨て食器 日本製 3000枚 (100枚×30セット) 大 白 テイクアウト容器 イベント 屋台 業務用 軽い 軽量 SG-050","4532","82","","70","¥ 39,800","¥ 39,800","1","B0F475Q98Y","B0DRVMT3C8","90","61","57","8000"
"2026年新モデル アックスヤマザキ MM-21 ＋plusモデル 子育てにちょうどいいミシン フットコントローラー 準備セット","5500","26","","3","¥ 26,070","","1","B0H6P3B2NH","B0H7HML8MN","32","32","16","3300"
"フリノ(Furinno) エンドサイドナイトスタンド/ベッドサイドテーブル 2台セット スアメリカーノ/クローム テンレスチューブ付き 2段ポール 34.0×奥行き 29.2×高さ57.9cm 【日本正規輸入品】","5453","60","","71","¥ 5,918","¥ 5,918","1","B09G2XNM2W","B0CR3YRV15","46.4","31.7","15.2","6804"
"【黒騎士Pro】Novilla マットレス ダブル ポケットコイル 極厚26cm 硬め 3ゾーンサポート 腰部強化 高反発 ベッドマットレス 体圧分散 側面3Dメッシュ 高通気 竹炭フォーム 防臭 吸湿 エッジサポート 圧縮梱包 140×195×26cm","4714","74","100","80","¥ 27,797","¥ 27,797","1","B0GX1PN5JX","B0H36WJ9S2","150","28","28","29900"
"Purivortex 空気清浄機 PX500 小型 20畳 HEPA・活性炭 集じん 消臭 ペット臭 花粉 PM2.5 除菌 アロマ対応 静音 省エネ","4547","67","","1471","¥ 8,939","","1","B0B9SN1B19","B0GTZCH4JK","32.1","20.3","19.1","1819"
"【TVTKE】 アムウェイ101076CH対応 交換用HEPAフィルター 二層構造 活性炭入り 空気清浄機用 609×327×43mm (活性炭の厚さ25mm)","4909","1","","","¥ 8,180","","1","B0H9L31KN8","B0H9L2SL6K","63","45","38","1500"
"ヒツジのいらない抱き枕 カバー2枚付き だきまくら 男性用 妊婦 大きめ 抱枕 接触冷感 body pillow 大きめ ギフト プレゼント","4558","121","300","191","¥ 11,520","","2","B0D2MDGRHV","B0GS5VW2YC","49.3","28.2","27.5","3800"
"布団セット シングル 7点セット 寝具セット 来客用布団セット ダークグレー","4571","90","","264","¥ 7,999","","1","B0DHZPFJPQ","B0HGQG6NY8","56.1","53.4","34","7330"
"シービージャパン 小型 バケツ 洗濯機 [抗菌仕様] ホワイト 予洗い 事前洗い 靴洗い ブラッシュボーイ TOM-12Pro comtool","4578","117","400","86","¥ 11,600","¥ 11,600","11","B0FDWBBWW2","","41.8","38.2","37.3","5740"
"NICI(ニキ) ぬいぐるみ ライオン 120cm ビッグサイズ 大きなサイズ 特大 ワイルドフレンズ ハンス WF22 3035306","4579","72","","227","¥ 33,000","¥ 32,998","3","B00AO2P9AK","B0C7Q53VRH","82","56","37","2440"
"白井産業 組み合わせ自由なフリーラック 大型 シェルフ 本棚 豊富なサイズバリエーションでどんな部屋にも合わせやすい 棚板耐荷重10kg ナチュラルブラウン 幅44 高さ198 奥行29cm TNL-19844NA タナリオ","4580","77","","1104","¥ 15,960","¥ 15,960","4","B00NOMSDKA","B0DF2MQVZ1","200","33","11","22180"
"イケヒコ 玄関マット ラグ トルコ製 ウィルトン ラフラ 約70×120cm グリーン ウィルトン織 北欧 室内 へたりにくい 耐久性 抗菌防臭 消臭 カービング加工 洗濯不可 おしゃれ 新生活 #1311800126401","4260","56","","3251","¥ 5,646","¥ 5,646","2","B0F42Y7T3D","B0FHW8X5XG","73","43","5","2300"
"ユニベール 1級遮光 防炎 防炎ラベル付き 節電 省エネ 断熱 保温 日本製 無地 寝室 リビング カーテン 幅100cm×丈200cm 2枚 ベルーイ マリンブルー","4584","61","","10","¥ 5,293","¥ 5,293","3","B0B8H6DRSY","B0CNR2Q9JR","38.9","28.3","8.4","1870"
"アテックス ATEX マッサージ器 フットマッサージャー ふくらはぎゅ コードレス 足 マッサージ ふくらはぎ エアバック エアの力でぎゅっと加圧 ヒーター付き ホットマッサージ グレー AX-HJ360gr 母の日 父の日 敬老の日 誕生日 クリスマス ギフト プレゼント","4587","108","100","60","¥ 6,380","¥ 6,380","4","B0DT6MVT5C","B0F8338QS4","32.2","10.7","10.6","620"
"象印マホービン 炊飯器 5.5合 極め炊き IHタイプ 保温30時間 ホワイト NP-XB10-WA","4590","153","200","511","¥ 14,640","","19","B07G4SV49Q","B07M8BGK6B","40.8","29.2","23.2","4240"
"ブラウン ヒゲトリマー シリーズ5 シェーバー BT5420 男性用 電動 丸ごと水洗い お風呂ぞり対応 40段階の長さ調節 ツーブロック対応 スタイリングアタッチメント ポーチ 充電式 1度の充電で100分稼働 コードレス 防水設計","4604","119","50","421","¥ 8,980","","7","B0BY1KRJZ1","B0C3GMT8TP","25.7","13.8","5.7","410"
"サーキュレーター 扇風機 【上下左右自動首振り&AIモード&マイナスイオン】 リビング扇風機 DCモーター 30畳 パワフル送風 暴風モード 12段階風量&4モード 睡眠モード せんぷうき 静音 アロマ対応 12時間入/切タイマー リビング/卓上扇風機 節電対策 リモコン付 暑さ対策 熱中症対策 オールシーズン 梅雨除湿/冷房/暖房/空気循環","4611","80","300","133","¥ 5,989","","1","B0GY3SRTXL","B0H419QRHT","44.3","33.9","30","3830"
"【SNS話題】TTFP ポータブルエアコン スポット ミニクーラー 小型 壁掛け式 冷風機 リモコン付き 工事不要 日本語説明書付き (ホワイト)","4622","52","100","33","¥ 11,999","","1","B0H3DKFJ8H","B0HCND4QFK","35","11","11","500"
"LIVIA ガスコンロ 、天然ガス、天然液化、業務用ホール、フレームアウト保護付き 低圧高火力業務用、家庭 キッチン (スクエア6口 都市ガス)","4840","6","","","¥ 38,150","","1","B0FPLRNZ3C","B0FPLHYG3Y","100","65","20","10000"
"TINY GALLERY 壁掛けフック ウォールフック 4個セット おしゃれ 北欧 【賃貸の壁も傷つけにくい】 石膏ボード ピン 固定 インテリア 帽子掛け コート掛け 鍵掛け 壁を飾る、小さなアート。最大荷重3kg,日本製, 【4パック】ホワイト","4624","49","","74","¥ 6,200","","1","B0GCWZBMN7","B0G56C7RTK","34","23","2.9","200"
"GOKUMIN 敷きパッド 接触冷感 シーツ マットレスカバー Q-MAX 冷感 吸湿速乾 洗える ベッドパッド リバーシブル 抗菌防臭 ひんやり オールシーズンで使える 夏 極眠 (ブラック ダブル) spad-summer","4625","77","50","943","¥ 5,698","","1","B0B4TVVBQP","B0HGFTYY66","41.4","18.5","18.1","1960"
"イシガキ 焼肉 ジンギスカン 鍋 鉄鋳物 約幅34×奥29.5×高4.5cm プログレード 本格的 業務用 6個入","4630","80","","","¥ 18,501","¥ 18,501","1","B07Y4JCZWN","B09N927B6T","31.9","31.3","30.1","14410"
"JNNJ チェスト タンス 3段 / 4段/5段/ 6段/ 7段 キャスター付き スリム 収納ボックス 引き出し 隙間収納 棚 衣類収納ケース 脱衣所 家具 おしゃれ リビング収納 洋服ダンス 収納ケース 転倒防止 整理 幅 35cm (マカロン（密封）,4段)","10071","7","","","¥ 6,100","","1","B0H1FVN9W6","B0H1FXD2C1","47","35","27","5000"
"【1台多役】 電気鍋 一人用 1L 600W 一人鍋 煮る/焼く/炒める/温める 着脱式 丸洗い可 一人暮らし 車中泊 キャンプ ブラック","4636","69","200","390","¥ 5,111","","2","B0D7PWBYWD","B0H7HPNM51","29.6","25.7","19.7","1690"
"PROTEALL 窓用フィルム 窓ガラスフィルム 目隠しシート 窓断熱シート 窓断熱フィルム 窓マジックミラーフィルム ガラス飛散防止 日差しよけ 水だけ貼れる (グリーンシルバー, 90cmx600cm)","6988","28","","469","¥ 6,138","","1","B08D3K866H","B08LMT22TM","90","5","5","1500"
"【マタニティ雑誌掲載】kurevy ベッド 隙間パッド パッド幅30cm すきまパッド マットレスバンド ベッドパッド マットレス 隙間スペーサー 隙間埋め 連結 固定ベルト10m 日本語取付説明書付き 日本メーカー国内検品済 (30cm幅 ホワイト 洗濯カバー無し)","3397","61","100","539","¥ 5,202","","1","B087NRMPQJ","B086S6RXFS","32","15.8","15.7","1110"
"Stanley 1913 (スタンレー 1913) トランジット フリップトップ マグ ピーチローズ 0.47 L","4658","26","","18","¥ 5,500","¥ 5,500","1","B0GF4MZDH6","B0H6MFHBPD","25.1","7.9","7.6","370"
"東洋佐々木ガラス タンブラーグラス タンブラー 315ml 96個セット 日本製 食洗機対応 ガラスコップ グラス コップ ビールグラス ハイボールグラス サワーグラス チューハイグラス 業務用グラス 05110","4660","79","","510","¥ 24,704","","2","B09NVCVFT8","B0DJBDB35C","61.2","45","28.1","21120"
"HARIO (ハリオ) セラミック コーヒーミル ウッド N 手挽きコーヒー豆 30g MCWN-2-OV","5093","101","","21","¥ 7,155","¥ 7,155","8","B09FLBML4Q","B0CJXCGNW6","21.1","9.3","9.1","730"
"【安心の日本企業】Orage M200 S 電動モップ 回転 モップクリーナー コードレス (ブラウン)","4676","103","300","317","¥ 5,590","","1","B0CCXWJ1NT","B0CCXVBKRM","46","21","10.5","1300"
"Living in Peace 昔ながらの パイプ枕 ハードパイプ (サイズ：40×40cm) 日本製 洗える ビーズ枕 【色：ピンク】","5001","12","","95","¥ 6,298","","1","B0CPFQCC44","B0D3W2QTRQ","27","25","19","1100"
"SANEI(サンエイ) ラージメタリックシャワー シャワーヘッド メッキ 大きなシャワー板 たっぷり 節水率25% 日本製 PS3501-81XA-CHA20-EC","4681","80","","796","¥ 8,317","¥ 8,317","1","B0DTJYVSCV","B0G48312MN","30.3","17.1","8.2","440"
"Waterproof Mattress Protector, Noiseless Queen Size Mattress Pad with Deep Pocket Fitted Up to 6""-21"", Soft & Breathable Dirt-Proof Bed Mattress Cover Washable for Home, Bedroom, Hotel (Gray)","4682","67","","2228","¥ 6,689","","5","B0C9MK32CZ","B0GX14TGVG","28.2","27.4","8.7","1335"
"美容系 今治タオル 業務用 フェイスタオル 10枚組 村上タオル エムカラー 34x86cm エステサロン用 全100色 軽量薄手 (No.31 エバグリーン) mc-ft10","3908","19","","671","¥ 5,900","","1","B08M9TX8CM","B08L393D83","34.4","30.4","8","820"
"ストリックスデザイン タオル ぞうきん 使い捨て 100枚 (10枚×10個セット) 約20×30cm 白 綿 雑巾 学校 家庭 洗車 掃除 水拭き 乾拭き SB-043","4720","48","","40","¥ 5,570","¥ 5,570","1","B08M61L7QK","B0GK5HFR2V","33","27.6","23.2","2860"
"タカギ(Takagi) 浄水器 蛇口直結型 PFOS PFOA 除去 日本製 蛇口 家庭用 6物質除去 ナチュラル 塩素除去 浄水カートリッジ 2個入 H780E2 ホワイト","4685","101","","62","¥ 5,933","¥ 5,933","2","B0FFSZ5FQC","B0FRSFV8NZ","19.5","12","8.2","510"
"ラグ カーペット 道路 交通地図 線路 車柄 マット 洗える 滑り止め 防音 フランネル 敷物 床暖房対応 寝室 部屋飾 (140*200CM,A)","3806","5","","13","¥ 5,412","","1","B0DT4CMDFH","B0DT4CP5T7","42","42","18","2000"
"【Amazon.co.jp限定】TOTO 正規品 浄水カートリッジ 4本入り TH658タイプ用 12物質除去 TH658-3V1","4691","104","100","118","¥ 15,600","¥ 15,600","1","B0DYDMGRW2","B0F37Y7SCN","15.6","13.5","4.3","190"
"TIMEMORE タイムモア Black Mirror Basic 2.0 コーヒー スケール 高精度 計量器 精度0.1g 測量範囲0.5ｇ-2000g タイマー機能付き はかり オートオフ機能付き ブラック","4691","75","100","532","¥ 6,240","","1","B0CMZJP9V8","B0DXDZ7442","18.7","15.2","4.2","549"
"タニタ 塩分計 デジタル 高精度 防水 ホワイト SO-304 WH","4692","103","300","673","¥ 6,797","¥ 6,797","35","B00NXEZ4V0","B0BWQZT1Z7","21.7","13.3","3.9","160"
"ロボット掃除機 お掃除ロボット 掃除ロボット 吸引・水拭き2in1 3500Pa強力吸引 130分長時間運転 WiFi対応 VersLife L6","4693","84","500","388","¥ 10,499","","2","B0G4M1TC7Q","B0H6ZHVJGL","41.6","33.4","11.4","3530"
"グローバル 文化 刃渡り 18cm G-4","4698","76","","331","¥ 12,100","","11","B00005OL45","B06XW65475","37.6","8.7","2.4","290"
"パナソニック スチームアイロン 衣類スチーマー NI-FS60B-A カームネイビー 360°パワフルスチーム コンパクトタイプ プレスもできる2WAY 脱臭 除菌","4699","113","500","77","¥ 10,680","","91","B0DSSWHWWK","B0H2DQTVRT","22.2","17.9","10.1","930"
"【2026新登場】体重計 体脂肪計 体組成計 Bluetooth スマホ連動 たいじゅうけい ヘルスメーター 高精度 軽量 収納 電源自動ON/OFF 薄型 ボディスケール 強化ガラス コンパクト 多機能測定 体重 体脂肪率 筋肉率 体水分率 BMI など測定 iOS/Android対応 日本語取扱説明書 (ホワイト/8電極)","4706","8","","","¥ 9,980","","1","B0H8HMCTHT","B0H5VHJVWT","26","26","2.2","890"
"デスクライト LED 【照明士推奨】 目に優しい 自然光デスクライト ワイド 高演色Ra95 クランプ 5段階調光 モニターライト","4706","71","","11","¥ 13,482","","1","B0FTFMQS7F","B0C1MKQLGD","86","21.5","18.5","4400"
"【公式】トゥルースリーパー プレミアリッチ 三つ折りタイプ シングル 【クリアファイル付き】【最大30日お試し対象は販売元Amazonのみ】正規品 低反発 低反発布団 低反発ふとん 日本製 寝具 布団 ふとん 布団 敷布団 敷き布団 厚さ7cm 防ダニ 収納コンパクト Shop Japan(ショップジャパン) True Sleeper","4708","100","50","47","¥ 32,015","¥ 32,015","1","B0CQ81ZF7S","B0GSRJYFR9","94.5","67.5","25.5","7820"
"タニタ(Tanita) 体組成計 ヘルスメーター スマホ 日本製 ホワイト RD-912 WH 医療分野の技術搭載/筋肉の質がわかる/スマホ連携 インナースキャンデュアル","4710","136","100","1158","¥ 13,410","¥ 13,410","4","B081GQK3R9","B0FWJKVHF8","38.5","36","5","2720"
"PureKone 収納ボックス 折りたたみ 収納ケース XLサイズ 幅60×奥行42×高さ33.4cm 蓋付き キャスター付き 積み重ね可能 全方向から取り出せる 大容量 おしゃれ 服収納 家庭用 オフィス 車用 組立簡単 (ホワイト, XL 3個セット)","4712","48","","159","¥ 8,531","","2","B0FRXLYT5Q","B0FRXL5XV3","62.1","44.7","28.3","9000"
"山崎実業(Yamazaki) シャンプー用ディスペンサー クリア 500ml 袋ごと ポンプ シャンプー コンディショナー ボディソープ 4485 4486 4487","4717","74","","144","¥ 5,680","","2","B07VB6XG8L","B0FB49DCNN","27.6","24.1","8.6","1010"
"Yibest アルミ合金 サーキュレーター デュアルDCモーター 折りたたみ式 卓上扇風機 静音＆省エネ パワフル送風 120°超広角自動首振り 上下角度調節 4段階風量 12畳対応 コードレス USB-C充電式 コンパクト 衣類乾燥 部屋干し 空気循環 梅雨対策 ギフト グレー","4722","60","50","161","¥ 7,979","","2","B0GZL6768X","B0HGBFVJXT","19","15.3","13.6","820"
"下村企販 ボトル水切りスタンド 【日本製】 水切りラック 小物も水切りできる 水が流れる 水筒 マグボトル ステンレス シンク 燕三条 45312","4723","93","50","","¥ 6,600","¥ 6,600","2","B0CNC2P5R6","B0GHMVYV2K","31","21","15","830"
"衣類乾燥除湿機 静音タイプ【1L除湿・大容量2.5Lタンク】鉄筋15畳/木造7畳対応 満水停止機能付き 省エネ設計 七色LED搭載 梅雨・湿気・カビ対策 家庭用 CT9","4724","12","","17","¥ 6,999","","2","B0H6VGY1TT","B0HFJN9SQB","37.1","24.1","18.5","2390"
"セイコークロック 掛け時計 ナチュラル 電波 アナログ メープル調木目 本体サイズ:30.7×30.7×4.9cm KX242B","4732","114","300","1335","¥ 5,945","¥ 5,945","13","B07HJ71CQ9","B07HLWN548","36.2","36","5.8","1060"
"タニタ スケール はかり 丸洗い【0.1g単位3kgまで/丸洗いOK】郵便物やボウルなど大きなものも計れる（HOLDモード） 水や牛乳のmlも計れるので計量カップいらず（mLモード）KW2G04 すぐゼロすぐピタ 料理 お菓子作り パン作り フリマ ペットの健康管理 梅酒 コーヒー 薬の計量 ホワイト","4740","98","100","48","¥ 5,380","","1","B0GSJKTHYK","B0GV8GSNR7","26.4","17.3","4.9","620"
"ヒツジのいらない枕カバー シルク 枕カバー ブラック 43×63cm シルクカバー ピローケース 洗える 肌に優しい クリスマス ギフト 誕生日プレゼント 黒","4747","124","400","170","¥ 6,282","","2","B0CYZ55NNF","B0D9PQQR5T","23.8","17.8","2.2","190"
"積水樹脂商事(Sekisuijushishoji)セキスイ洗濯機置台SRO-5","4748","21","","16","¥ 7,990","¥ 10,221","6","B0074CO7GA","B083PC16WH","47.5","23","14","4599"
"布団セット シングル 7点セット 寝具セット 来客用布団セット スター柄ネービー","4571","39","","188","¥ 8,499","","1","B0BNK9949W","B0HGQG6NY8","55.2","53.5","31.2","8560"
"オカ(OKA) エトフ 耳長ロングトイレマット 約 105 cm× 70 cm イエロー (洗える おしゃれ ワイド 北欧)","5406","52","","24","¥ 6,600","¥ 6,600","2","B0D3KV2D5S","B0FPM9GGRB","37.9","36.7","8.4","800"
"HUO JI LEDデジタル壁掛け時計 10インチ大画面 11色切替 ナイトライト付き 秒・温度・日付・曜日表示 リモコン付き USB給電","4757","60","","79","¥ 5,398","","1","B0G7GV6RVV","B0G4MLD286","32","29.5","5.8","830"
"JONR 水拭き掃除機 ED12 Lite【日本最軽量】吸引・水洗い・拭き取り3in1 コードレス スティッククリーナー 20000Pa強力吸引 乾湿両用 自動洗浄 壁際1mm清掃 長時間稼働 大容量水タンク 自立式&自走式 モップ機能付き 床拭き フローリング/タイル/石床専用 絡まりゼロブラシ搭載 子どもやペットのいるご家庭に最適 お手入れ簡単","4759","8","200","438","¥ 19,990","","2","B0FNR95F4B","B0HGS8TV77","54.8","33.6","31.4","5910"
"Shark シャーク 掃除機 ハンディクリーナー コードレス EVOPOWER DX WV515JGY ハンディ掃除機 ハンディ クリーナー 充電式 ストーングレー","4761","56","100","51","¥ 23,980","¥ 23,980","2","B0DG28JWH6","B0F2TFYTN6","50.2","24.1","14.9","2430"
"【Amazon.co.jp限定】パナソニック 電子レンジ 22L 大容量 フラットテーブル スピードあたため メタルブラック NE-FL2Z1-K","4772","122","100","35","¥ 25,800","¥ 25,800","1","B0FNN1JTHZ","B0FQTRX2BF","54","46.5","35.7","11210"
"【Dyson 純正品】一体型リサイクルグラスHEPA・K-カーボンフィルター","5565","59","","412","¥ 8,082","","1","B0GTZHC5MX","B0H38WMGM6","23.8","22.8","22.8","1310"
"山田照明(Yamada Shomei) Z-LIGHT LEDデスクライト 合金鋼 ブラック E26LED電球 昼白色 Z-108NB","4785","104","100","1100","¥ 7,009","¥ 7,009","18","B082PWV4L7","B09X2NFLM7","67.6","22.7","21.6","1860"
"インテリア共和国 オープンシェルフ おしゃれ ラック 本棚 収納ラック (幅100x奥行31.5cm, 4段)","5062","27","","389","¥ 12,861","","1","B0D6NF27NR","B0D6NFW4LY","108","38","19","10500"
"カーペット SpyFlyLie 洗えるラグ 北欧 長方形 ラグマット極厚毛足約4.0cm 絨毯 防ダニ 滑り止め付 抗菌 防臭 ふわふわ 秋冬 冷房 床暖房対応 ８枚滑り止めシート付き","4791","93","","3429","¥ 6,880","","1","B09NRJ7HLY","B09JKJP1MJ","45.4","36.3","18.2","4010"
"ドウシシャ ハンガーラック 頑丈 シングル 全体耐荷重85kg 丈夫 大容量 シルバー フック付き パイプハンガー 幅100.5×奥行41.5×高さ108.5~175.5cm 業務用 上下伸縮 ロングコート 洋服収納 服掛け 衣類 衣装 キャスター付き LIHS-100CR","4793","90","100","3232","¥ 5,986","¥ 5,986","2","B0FCRP57NY","B0FKTH8B73","108","20","10","6400"
"アイリスプラザ ベッド ベッドフレーム シングル 2段階 高さ調整 耐荷重約200kg 天然木 すのこベッド ナチュラル 幅約98×長さ約200cm×高さ約6.5~23.5㎝","4795","94","100","735","¥ 8,778","¥ 8,778","5","B07BDBGFCP","B0F3289CHK","99","41","19","19000"
"アートナップ 業務用 紙コップ 3オンス 90ml 白 無地 100個入×30個セット 直径5.5×高さ6cm PS-102","5528","35","","231","¥ 12,876","¥ 12,876","1","B0DKSHVYX5","B0DKX6NDNP","56.7","36.1","33.3","8080"
"【ケース販売】HEIKO S.T.紙コップ ペーパーカップ エコノミータイプ 7オンス 口径73mm ホワイト 004536023 1ケース(100個入×20袋 合計2000個)","4797","96","100","18","¥ 6,500","¥ 6,665","5","B09VGDM5MF","B0FRMJY5RJ","58","37","26","11000"
"[山善] 食器乾燥器 大容量 (5人分) 120分 タイマー付き ライトグレー (自然対流式) (抗菌/防カビ) 小型 工事不要 YD-180(LH)","4802","118","500","2169","¥ 8,480","¥ 8,480","2","B000F11SOG","","45.2","44.1","39.2","4560"
"無印良品 ステンレスユニットシェルフ・ステンレス棚セット 小 幅58×奥行41×高さ83ｃｍ 83267063 ウォールシェルフ 棚 本棚","4803","95","100","88","¥ 17,917","¥ 17,917","1","B0CNP2ZTYM","B0D6GHK7XS","86.5","43","15","10700"
"OSTDplus(オーエスティーディープラス) バスタオル 2枚セット カーキ 綿100 もこもこ グッドデザイン賞 mocomoco 約60×120cm くすみカラー 選べる8色","4803","75","","284","¥ 6,600","","1","B0B5WF62NM","B0B5QZR71C","30.9","20.7","13.5","660"
"[Bcrio]玄関マット 屋外 大判 室内 滑り止め 業務用 家庭用 吸水 泥落とし エントランスマット オフィス お店(レッド90*180)","4805","70","","337","¥ 5,280","","1","B09ZRR49XS","B09ZRR6C5F","90","5","5","4000"
"シチズン上腕式血圧計 CHU302 CHU3021","4807","42","","","¥ 5,280","¥ 5,280","1","B0GXV5W4WH","B0H5JFQFJN","16.5","12","11","650"
"掃除機 コードレス 【8月驚愕のデビュー！35000KPaの次世代超強力吸引！自走式！65分連続稼働・自立式・低騒音・AI制御】 YIEEC コードレス掃除機 軽量 サイクロン 伸縮型パイプ/革新版緑色LEDライト/高精細LED液晶ディスプレイ そうじき 550Ｗ 絡まないヘッド 3段吸引力 着脱式バッテリー HEPA多重濾過システム 畳/カーペット/絨毯/フローリング/本棚/ソファ/車/3年保証","4813","87","300","75","¥ 9,999","","2","B0GZ2JFRW5","","44.3","29.6","19","2830"
"PRTONE ゴミ箱 45L 3連 分別 ゴミ袋ホルダー キャスター ふた付き ゴミ箱ホルダー ダストスタンド ダストワゴン 10L～55L袋対応 黒","4813","108","100","166","¥ 5,930","","1","B0DT9SFTMT","B0GGZ2S5FG","39.4","33.2","17.8","6910"
"ORALUCE LED電球 GU10 5000Ｋ","4488","40","","114","¥ 10,345","","1","B08ZSKHV6Q","B0CP3S5D1T","16.2","10.5","6.4","170"
"タンスのゲン 折りたたみベッド シングル マットレス付き 高反発 ベッド 14段階 リクライニング 洗える 折り畳み 17600150(105770)","4824","35","100","53","¥ 15,183","","1","B0F8N3PH9J","B0F8NDJKZC","92","43","42","28000"
"ガスコンロ 1バーナーガスコンロ MumuElf シングルバーナー 5.2KW 保護機能付き お手入れ簡単 家庭、キッチン、RV 、キャンプなどに最適 (天然ガス,ガラスと銅の9バーナーシングルストーブ)","4897","10","","","¥ 9,563","","1","B0G38QMXFV","B0G38QT9WX","75.5","43.5","13.5","4000"
"Uwant 布団クリーナー 布団掃除機 18kPa強力吸引 65℃熱風乾燥 UV除菌 超音波 LEDディスプレイ 長時間稼働 超軽量 ダニ退治 ふとんたたき 超高速たたき ダニ取り掃除機 花粉 ダニ対策 ハウスダスト 梅雨対策 マットレス カーペット 枕 ぬいぐるみ ペット用マット 対応 2年間メーカー保証 M600 シルバーとパープル Set of 1","4826","118","200","77","¥ 14,220","","2","B0FCBS5DCM","B0HG91SLVG","32.8","29.7","20.7","2370"
"下村企販 [越匠] 深型で使いやすい ボウル&ザル 21cm 【日本製】 目詰まりしにくい パンチングザル 混ぜやすい 野菜の水切り 下ごしらえ ステンレス 燕三条 43204","4855","78","","33","¥ 6,600","¥ 6,600","2","B08S6RGFJ3","B0GHMRF5BN","24.7","23.9","15","520"
"高儀(Takagi) EARTH MAN クリップライト 200W 耐震球 CLT-120【連結コンセント付】【口径E26】【照射角度調整】作業用 工事用 現場 ライト 照明 投光器 植物育成 (× 5)","4820","33","","2","¥ 5,455","","","B0DY6CC1QS","B0F38K818B","28.3","21.2","11.5","3250"
"Levoit (レボイト) 空気清浄機 進級プラズマ付きモデルCore300 Pro 花粉 脱臭 集じん 20畳 小型 ペット 強力 ホワイト","4834","127","200","526","¥ 14,580","","1","B0CW5YZG67","B0D9XYXXNG","41","25","25","3800"
"無印良品 【2個セット】再生ポリプロピレン入り 頑丈収納ボックス ホワイトグレー 特大 84394263 衣装ケース 収納ケース 収納ボックス","4838","102","200","111","¥ 6,980","¥ 6,980","1","B0DNYF31YG","B0DTJZGDYW","80","48.5","40.5","9000"
"MORIPiLO お昼寝マット 昼寝 マット マットレス 高反発 【 無重力感で心地よい眠り 】 エアリーマットレス 簡易マットレス 折りたたみ | エアスリープフロアマット (Mサイズ)","4847","49","","6","¥ 7,910","¥ 7,910","2","B0G2L2XJ78","B0GHMVFTFZ","51","50","16","2700"
"Bloomlover ダイニングマット 透明 140x160cm PVC 床 保護シート 特大サイズ 厚さ1.5mm 超大判 クリアマット 床を保護する 撥水 おしゃれ 汚れ防止 お手入れ簡単 滑り止め (140x160cm, 1.5mm)","5167","26","","432","¥ 5,399","","1","B0CGF4HDVH","B099KG9LMH","140","5","5","3900"
"ハクバ HAKUBA アルミ 額縁 ペオリア [A4サイズ ブラック 10枚セット]【まとめ買いセット】 ポスターフレーム フォトフレーム 前面PET板 吊り紐付きAMZFAPE-BK10A4","4850","80","","52","¥ 14,400","¥ 14,400","2","B073P15RK9","B0FD3VY185","33.6","26","19","5580"
"【2025年・正規品】 銀峯陶器(Ginpo Touki) 萬古焼 銀峯 菊花 ご飯鍋 5合炊き 「二重蓋」 ごはん 土鍋 直火対応 飴釉 ブラウン 日本製 45181","4856","84","","284","¥ 7,980","¥ 15,400","5","B0D1FXZ85Q","B0F3CLQYHC","28.3","28.2","17.9","3860"
"これ1台でスッキリ解決！バスケット引き出し付き多機能レンジラック 幅60cm スライド棚＆2口コンセント付き キャスター付き キッチンワゴン 幅61×奥行41×高さ90.5cm BHWC-BR","4890","71","","5","¥ 8,736","¥ 8,736","2","B0G5L2W74K","B0GC2HW9N7","112","45.5","14.5","12500"
"【SHARP 純正品】シャープ プラズマクラスターイオン発生ユニット 2個入り IZ-C100S2","4861","108","500","702","¥ 5,836","¥ 5,836","16","B0793C39YQ","","17.5","10.1","3.3","180"
"アイリスプラザ テーブル ローテーブル 幅約80×奥行約50×高さ約37cm ヴィンテージ折りたたみローテーブル 1D1116-18 マーブルブラック","4863","75","100","82","¥ 5,731","¥ 5,731","1","B0FH5576GD","B0HG8LH9QJ","86.2","54.5","8","8670"
"TIANSHU ソファーカバー 4人掛け 肘付き マルチカバー 北欧 無地 おしゃれ ストレッチ フィットタイプ 通気性 耐久性 滑り止め 柔らかい 伸縮素材 伸び良く 犬猫対策 防塵 防汚 四季適用 インテリア 新生活 超便利(デニムブルー)","5844","13","","2312","","","","B07YJHX39B","B0CYPJS1TS","32","30.5","16","1800"
"【オンライン限定】貝印 KAI 包丁 牛刀 ステンレス 三層鋼 木柄 180mm サビにくい AE2479","4877","115","","","¥ 5,980","¥ 9,680","3","B0DG2Q8QLD","B071J843WB","33.7","6.8","2.2","160"
"タイガー魔法瓶(TIGER) 炊飯器 3合 WEB限定 100周年記念モデル 復刻 レトロ柄 ポピー JNP-T055WF","4883","56","","108","¥ 10,800","","1","B0C992MD9V","B0GK7QYWTK","24.6","24.4","24.4","2440"
"LIXIL(リクシル) INAX シャワートイレ RGシリーズ 日本製 2年保証 脱臭機能付 CW-RG2 / BW1 ピュアホワイト 便座 温水洗浄便座 後付け交換 取り付け トイレリフォーム","4886","83","","1296","¥ 23,436","¥ 23,436","7","B076HQGTQQ","B0CLNCNGXW","64","56.9","19.9","5220"
"トラモンティーナ グリルパン ブラジル 3点セット 深型 アルミ製 ノンスティック(フッ素コート) 食洗機対応 ガス 直火対応 軽量 高熱伝導 くっつかない ギフト ブラジル製 20099/020 TRAMONTINA","3834","100","","3653","¥ 11,000","","3","B008R7SQ40","B09PRY42R8","40.4","28.6","7.4","1080"
"BRUNO ホットプレートグランデサイズ BOE026-WH ホワイト BOE026-WH","4889","91","50","334","¥ 15,895","¥ 15,895","1","B01ESKXECI","B0D2YBRH6T","50.3","31.3","18.6","5040"
"象印マホービン ホットプレート 3枚タイプ 穴あきプレート 深型平面プレート たこ焼きプレート チャコール EA-HA30-HZ","4893","127","300","131","¥ 17,000","","22","B0D5VCC5FJ","B0GSPBK6Z3","55.5","40.5","24.5","8000"
"アイリスオーヤマ(IRIS OHYAMA) 【節電対策】 【目に優しい】 デスクライト 置くだけ充電 Qiワイヤレス充電 USB給電ポート付 調色3段階 調光無段階 高演色性 LDL-QFDL-B ブラック","6016","92","","341","¥ 5,110","","19","B08LG318VX","B0CZTHX9VZ","27.8","17.8","17","940"
"エアウィーヴ(airweave) 枕 ピロー S-LINE 幅約66×長さ約40×高さ約7-11cm 横寝も仰向けも(中央柔らかめ) 高反発 洗える 通気性 高さ・硬さ調節可能 頭が蒸れにくい まくら ピロー 日本製 2-04091-1 【最大30日間お試し対象】","4906","107","100","297","¥ 33,030","¥ 33,030","1","B00DTLHXFW","B0DJ881WW7","71.1","42.4","15.1","2060"
"Piiyoow チェアマット 160×140cm ダークグレー 厚さ5mm 傷防止 防音 滑り止め カット可能","7950","10","","188","¥ 5,780","","1","B0HBVY3LZ8","B0DKJLWZVX","41","34","11","1430"
"【Amazon.co.jp 限定】廊下用カーペット XIWEIYI 滑り止めマット 洗える 吸着 廊下敷き 防音80×600cm 5mm厚（ブラウン）","4907","37","","242","¥ 6,990","","1","B0D96CSNYG","B0DTHKS2BL","82","24","18","2210"
"arboleaf ヘッドスパ 電動頭皮ブラシ スカルプケア 頭皮洗浄 頭皮ケア 頭皮エステ 3D立体揉み IPX7防水 お風呂でも使用可能 乾湿両用","4913","79","200","1294","¥ 5,300","","1","B0CYH24GCF","B0GT4NYN76","10","9.7","9.6","330"
"象印マホービン 炊飯器 5.5合 炎舞炊き 圧力IHタイプ 日本製 お手入れ点数2点 スレートブラック NW-NA10-BZ","4916","140","200","110","¥ 75,000","¥ 75,000","1","B0D62853SR","B0GSQ6NDB2","39.8","31.7","27.6","7400"
"アイリスプラザ デザインチェア 肘無 脚ブラウン×黒 PP-623 2脚セット","4965","44","","1572","¥ 7,596","","1","B08L5VJQ4M","B0C9J9C6Y8","120","60","54","7700"
"下村企販 スリムで食べやすい カレースプーン 18.5cm 5本セット 【日本製】 食洗機対応 シンプルなデザイン すくいやすい ディナースプーン デザートスプーン ステンレス ナチュレ 燕三条 42597","4929","82","","28","¥ 5,388","¥ 5,388","1","B0CSSQQH4M","B0G2XX88HG","18.9","6","2.5","180"
"パナソニック プロトリマー ER-GP21-K ブラック","4930","146","400","407","¥ 7,420","¥ 8,900","15","B07YFFLDQB","","27.6","18.8","6.3","610"
"GOKUMIN ベッドシーツ セミダブル 洗える オールシーズン 冷感 抗菌防臭 速乾 全周ゴム 伸縮 ずれ防止 肌触り 高密度 ベッド用 マチ深め","4932","90","100","37","¥ 6,268","","1","B0F9FLQY3Q","B0FF447F4F","29","19","17","1960"
"パナソニック 鼻毛カッター エチケットカッター メンズ 眉毛 ヒゲ 水洗い ER-GN70-K","4954","153","500","2569","¥ 5,080","","18","B07FFGYWJ6","B07SYXHQNK","20.9","9","4.4","170"
"マットレス トッパー シングル Gaberpho 高反発 折りたたみ 洗えるカバー 硬さ180N 寝返りサポート 体圧分散 通気 抗菌防臭 防ダニ 滑り止め エコテックス認証済み 収納袋付き (ホワイト, シングル（5cm厚み）)","4955","61","50","246","¥ 5,999","","1","B0FXGNP9KZ","B0HDXMYZ2X","50","24","24","4000"
"Alebert｢アレベルト｣ スチールラック 5段 メタルラック 限界耐荷重875kg ステンレスラック スチール棚 置物架 組立簡単 高さ調整可能 物置 作業台 倉庫用 ガレージ (ブラック, 幅90*奥行40*高180CM)","4955","67","","298","¥ 5,975","","1","B0CSYBNXNY","B0F66B2796","96.5","45","7","13870"
"SONGMICS ラック幅40CM スチールラックラ六段 隙間収納 棚 スリム キッチンワゴン 浴室収納 収納ラック 高度 調整可能 おしゃれ シェルフ 奥行30 新生活 一人暮らしグレー高耐久性 LGR116E01V1","4957","98","50","7026","¥ 5,880","","1","B0CZDRH8KK","B0DB4XRFSM","42.1","32","21.1","6200"
"山善(YAMAZEN) ハンガーラック キャスター付き (チェスト付き/高さ調節可能/伸縮/ダブル) 幅93-148.5×奥行44.5×高さ124-159cm 組立品 マットブラック T4HH-WS(MBK)","4962","75","","28","¥ 7,980","¥ 7,980","1","B0CB7VYXZG","B0H3T1X7JZ","90","32.4","20","7580"
"今治 タオルハンカチ オリジナルギフトセット 7色セット ギフトB ミニブーケ コサージュ付き 全色セット 小さめ 25×25cm タオル地ハンカチ","6050","44","","542","¥ 10,680","","1","B0DWDLYN7T","B086JNRPYZ","23.4","18.1","7.4","220"
"アイリスオーヤマ 壁につける室内物干し 収納可能 洗濯物干し 室内干し 取り付け簡単 部屋干し コンパクト スぺパ WMR-40 ホワイト","4970","103","100","179","¥ 6,554","¥ 6,554","9","B0FKBMK6KM","B0HBC2WQ4R","87","11.1","7.5","2950"
"貝印 KAI 中華包丁 関孫六 いまよう 槌目 175ｍｍ 厚刃 右利き 左利き 兼用 日本製 AB5463","5960","107","","23","¥ 10,000","¥ 10,472","8","B0CWNPV98B","B0D86TK5J4","36.3","12.1","2.7","560"
"ふくらはぎケア 空気圧 温熱機能 3モード調整 静音設計 軽量コードレス 充電式 男女兼用 自動オフタイマー 家庭用 母の日 父の日 誕生日 敬老の日 ギフト プレゼント (2個セット)","4980","79","200","191","¥ 6,173","","2","B0FKMJ62YC","B0HDC4KRPL","33.1","18.9","8.4","990"
"LIV HEART りぶはあと(Livheart) 抱き枕 モチハグ ディズニー マックス Lサイズ(全長約62cm) リトルマーメイド 犬 80106-25","4981","85","","646","¥ 5,465","¥ 5,986","5","B0CCT6WNH8","B0GSPKVFF6","68.3","39.7","19.7","860"
"とろ～りケット 正規品 肌掛け布団 シングル 140×190cm ブルー とろーりケットシリーズ Torori Ket","5127","51","","165","¥ 5,699","","1","B0C3KVHSC8","B0C3RG9V31","36","23.7","18.8","1570"
"アイリスオーヤマ サーキュレーターアイ 28畳 3Dランダム送風 静音設計 リモコン付き【消灯・消音モード搭載】","4997","123","400","74","¥ 9,300","","22","B0D9JDC17F","B0HFZVGH5T","34.6","26.3","26.3","2480"
"【Amazon.co.jp限定】ATEX アテックス 筋膜 リリースガン AX-HXL236Abkブラック 専用アーム＆収納ポーチ＆日本語取説付き アタッチメント4種 肩 背中 腰 足 全身 振動 小型 軽量 250g 強力 6mm振幅 振動レベル4段階 プレゼント ギフト 健康グッズ 持ち運びに便利","5006","95","200","14","¥ 8,800","¥ 8,800","1","B0F2M26V69","B0FBWD2DGT","28.7","21.3","5.4","740"
"象印 ガラスエアーポット 2.2L 真空断熱構造 保温保冷 軽く押すだけラクラク給湯 ハンドルつき 水量が見える グレースフルフラワー AB-RY22-FZ","5009","103","200","742","¥ 5,516","¥ 5,516","19","B0BPR77RKF","B0BY8QFGFS","33.5","21","21","1900"
"【Amazon.co.jp限定】象印マホービン オーブントースター こんがり倶楽部 食パン2枚焼き 温度調整 お手入れカンタン ブラック EQ-AM22-BA","5012","122","300","1419","¥ 7,000","¥ 7,000","1","B09R1NN8M1","B0GSPX2WDG","42.8","42.3","28.8","4760"
"パナソニック スチームアイロン 衣類スチーマー NI-FS70C-K カームブラック 軽量最上位モデル 360°パワフルスチーム ３段階温度調節 プレスもできる2WAY 脱臭 除菌 かけたまま","5013","161","400","45","¥ 14,600","¥ 15,000","24","B0GHM2ZDM3","","22","17.9","10.1","880"
"タンスのゲン マットレス ダブル 【3D構造で理想の寝姿勢】 厚み10cm 高反発 硬さ190N 三つ折り 洗える 43300157(108832)","7626","21","","2","¥ 10,999","","1","B0F8HD14HC","B0F8HGFFDG","74","39","39","8870"
"貝印 KAI 【 包丁 まな板 セット 】 関孫六 三徳包丁 165mm 木蓮 AE5156 & 桧 まな板 390×240m日本製","5273","53","","2","¥ 9,990","","1","B01IQL4FUK","B0CD6QFHRL","41.3","26.6","5.4","1146"
"TYUU ワッフル バスマット ボーホー バスルーム ラグ ノンスリップ 30x20 カーキ & ブラック","5026","8","","234","¥ 7,781","","1","B0FP5J9M2N","B0GS8S4M4T","21","18.5","14.2","490"
"タンスのゲン ソファーベッド 3WAY 1人掛け 幅60cm クッション付き 座椅子 ソファー フロアソファー 15210053(117422)","5031","93","50","680","¥ 7,591","","1","B07VRVKWBM","B0DDSZP265","65.5","61.2","29.2","9760"
"ソニー(SONY) REON POCKET PRO Plus (レオンポケットプロプラス) ウェアラブルサーモデバイス センシングキット：RNPK-P1PT / Bluetooth/スマートフォン連動/ペルチェ素子【2026年4月発売】","5035","17","1000","242","¥ 29,700","","3","B0GTQ1FGVD","B0GXTVZQ1K","18.6","15.4","7.7","570"
"空気清浄機フィルター","5036","74","","417","¥ 10,004","","1","B0BPCBPG71","B0CJ2TVK86","33.5","23.3","17.5","1030"
"[ miipas ] パキラ 5号鉢 観葉植物 本物 ねじり 編み込み 幸運の木【 初心者でも 室内 や オフィス で 育て やすい 5号サイズ】","5270","59","","212","¥ 5,489","","1","B0F6CR6NC3","B0F9VNJ9B1","68","24","24","1000"
"AIFY 防炎 カーテン 4枚組 1級遮光 UVカット 断熱仕様 省エネ 洗濯機対応 寝室 リビング ドレープカーテン レースカーテン セット (カーテン2枚 レース2枚) 幅100cm×丈200cm スモークグレー","5056","75","","176","¥ 8,058","","1","B0FHZYPDWV","B0HDCD451S","33.8","27.4","17.5","3040"
"[ベルメゾン] トイレマット フタカバー 2点 セット 抗菌 防臭 サークル柄 トイレファブリック ベージュ ワイドマット&温水フタセット","6062","14","","1","¥ 5,680","","1","B0G87WNSXT","B0CM96S3LV","43","39","5",""
"XINYF【広げるだけで組立簡単】スチールラック 棚板の連結で使い方は自由自在 連結 可動棚 オープンシェルフ ラック 3段 幅:85CM 奥行:44CM オーク","5244","46","","120","¥ 12,589","","1","B0FSQTK9TT","B0FSQSGSM5","92.1","53","17","17450"
"共同照明 配線ダクトレール 1.5m ライティング 黒（GT-DJ-1.5GDB）PSE認証済み おしゃれ 天井照明 簡易取付 レールライト用【適格請求書発行可】","5060","100","100","762","¥ 5,880","","2","B081H4BZPV","B0DGKSB92R","151","16","10","2000"
"【Mozawa】収納ボックス 折りたたみ式 大容量 蓋付き キャスター付き コンテナ 衣類 おもちゃ 布団 書類 本 漫画収納 アウトドア キャンプ用 クローゼット 押入れ対応 おしゃれ(XXLサイズ3個：65*44*36.5cm,104.3L)","4162","63","","161","¥ 8,227","","1","B0G3P3N1KB","B0HGQQ5WSH","67.6","48.7","34.7","9950"
"グラムスタイル ラグ カーペット ペット対応 江戸間8畳 352x352cm 敷き詰めカーペット 絨毯 カットできる 抗菌 防臭 カットパイル ベージュ","6003","47","","1517","¥ 10,980","","1","B08NWZH3RW","B07Y1RD1VD","89","48","16","8350"
"スリーキューブ 使い捨てボウル 暮らし良い品 エコミニどんぶり 350ml ハードタイプ 50枚入 32個パック (ケース販売) KR-08","5066","77","","651","¥ 22,851","¥ 22,851","1","B084CCSVH7","B0DB6WD7YC","56.7","45.6","31.7","15260"
"山崎実業 タワーシリーズ tower 洗いやすいマグネット風呂イス SH32 手桶 セット ブラック 32cm【モノギャラリー限定クリアファイル付】","5369","30","","9","¥ 7,290","","1","B0DDPSK14R","B0DDPGD3WW","45","43","40",""
"ZWILLING ツヴィリング 「 バイタリティ ストックポット 24cm 6L 」ステンレス 深型 両手 寸胴 鍋 底面3層構造 IH対応 食洗器対応【日本正規販売品 】 66463ー240","5069","97","100","137","¥ 13,520","¥ 13,520","1","B01NCVEO4K","B0FPQK5N6T","31.9","27.4","16.9","2790"
"タンスのゲン ランドリーラック 収納棚 幅60cm【2ステップ簡単設置!】突っ張り 高さ調整 縦型 カゴ付き スリム84300001(94711)","5072","71","100","309","¥ 5,693","","1","B0D7ZP7NYN","B0D7ZLVWT8","105","32","12","8180"
"GTPLAYER ゲーミングチェア オフィスチェア 上品な型押しデザイン ポケットコイル内蔵腰当て 腰が痛くならない 椅子 150度リクライニング 昇降アームレスト 上質なPUレザー 蒸れない ソファーの座り心地 【肉厚クッション 安心の非再生ウレタン採用】テレワーク 社長椅子 リクライニング 広い座面 GTR510-BLACK","5077","124","200","784","¥ 19,976","","1","B0DPZM16GK","B0G32WPN9R","84.5","54","34","20000"
"アイリスプラザ ハンガーラック パイプハンガー シングル 幅115.5㎝ 耐荷重140kg シルバー CW3001-T5 丈夫 高耐荷重","5087","95","50","706","¥ 5,333","¥ 5,333","5","B01C50NMMK","B0FFLJM971","109","20.5","10","6460"
"タンスのゲン ベッド クイーン フレーム 単品 宮棚付 ローベッド USB・2口コンセント スマホスタンド 81200032(131861)","5953","64","","283","¥ 22,999","","1","B0DTTFZZ71","B0CKZ7FVFH","88.5","42.5","13","38000"
"ハイドロフラスク(Hydro Flask) All Around Tumbler オール アラウンド タンブラー 28oz 828ml サーフ","5088","38","","1129","¥ 5,060","¥ 5,060","1","B0DSLZHR67","B0H6VYKR3Z","19.7","10.6","10.5","431"
"Inofia マットレス セミダブル 極厚22CM ベッド ポケットコイル 高反発 通気性 高密度ウレタン 底付き感無し 寝返りサポート","5090","87","50","2924","¥ 20,592","¥ 20,592","1","B07T6FWDLZ","B0H6DNJWGC","130","28","28","24500"
"[山善] 電動 スライサー おろし器 千切りスライサー 大根おろし器 1台5役 Votre 厚さ調整 速度調整2段階 千切り 野菜 キャベツ 人参 大根 つま YSLA-Q45(W)","5106","109","100","92","¥ 6,627","¥ 6,627","9","B0CPLGG32Z","B0CPPTBDS9","39.4","26.8","16.1","2800"
"Airdog X5D エアドッグ CO2センサー搭載 浮遊ウイルス対応","5107","129","400","933","¥ 162,600","","5","B0BTY6B6KS","","84.3","35.4","35","13200"
"Hong pu TAO ロールスクリーン チェーン式 防水 1級遮光 防音 表裏同色 遮熱 防寒 ロールカーテン 丈220cm 幅140cm ライトオレンジ","7650","16","","193","¥ 6,660","","1","B0FH22GDSF","B0DSFHC9NZ","154","7","5","1980"
"サーモス 水筒 真空断熱ケータイマグ 450ml パールブルー JNS-451 PBL","4036","50","","2638","¥ 5,050","","1","B0746N7BM2","B0D8NNGRYT","24.3","7.3","7.1","260"
"Atlas アトラス ケース販売 24個セット 350ml缶用 ネイビー 保冷 缶ビール 真空断熱 1個あたり約950円 AWCH-350NV24P","4867","15","","955","¥ 22,800","","1","B09YTXWVTN","B08CJZ4VLS","12.8","8.3","8.3","230"
"CHICHIC 玄関マット トンボ","5113","50","","4270","¥ 8,898","","1","B08QV3QWBC","B0BQBPX3B5","44.3","10.3","10.2","2005"
"TOTO 【いつでもどこでも】携帯ウォシュレット ホワイト YEW350","5116","78","400","3014","¥ 7,707","¥ 7,707","13","B005FDJ8SM","","14","8.2","5.6","281"
"オーム電機 LEDイーブライトスリム多目的灯 コンセント式 リモコンタイプ 昼光色 14W 857mm スリム キッチン 棚下灯 LT-NLES14D-HR 06-4039 OHM","5795","94","50","84","¥ 5,791","¥ 5,791","8","B09QLMRM1L","B0FF43VXLX","104","15","4","800"
"Nature Remo Lapis ネイチャーリモ スマートリモコン Remo-2W3","5119","128","500","246","¥ 7,480","¥ 7,480","2","B0D3TSNWBG","B0H1M9R868","9.1","9.1","2.9","60"
"廊下 カーペット Keilymat 廊下マット ズレない 洗える 撥水 おしゃれ 無地 カーペットタイプ ロングマット 吸着 廊下敷き TPR 防音 ラグ 無地 ペット 置くだけで吸着マット ロングマット ロールマット キッチンマット 玄関マット 階段マット60×900cm 厚さ5mm","5125","56","","130","¥ 11,199","","1","B0FZBPNYYP","B0FZBQTVY7","60","22","22","3170"
"イシガキ コンロ 台付き 鉄鋳物 高さ8×幅13×奥行11cm ケース販売 18個セット","5133","55","","","¥ 19,800","¥ 19,800","1","B07K8XBWB3","B0D69YFR5Q","41.6","29.7","29.5","11630"
"Yiwbj テーブルクロス 透明 90x160cm 厚さ3mm 長方形 PVC製 テーブルマット 無臭 矩形 テーブルカバー 防水 汚れ防止 撥水加工","5297","16","","141","¥ 5,230","","1","B0CTKQJ7JK","B0CTKLVPR5","90.1","4","4","4700"
"山崎実業(Yamazaki) コンロ奥 隙間ラック 2段 ブラック 約W57.5XD11XH42.5cm タワー ガスホースを通せる穴付き 5222","5136","120","100","709","¥ 5,830","¥ 5,830","14","B08SBZ7JTJ","B08MVTFCKZ","64","14.4","5.2","2120"
"HARERU 高反発マットレス ストレート シングル 5cm厚 洗えるカバー CertiPUR-US OEKO-TEX認証 日本企業開発 体圧分散","5137","43","200","50","¥ 5,849","","1","B0GNZ6DJDF","B0GPDD19VL","53.4","30.6","30.3","4110"
"Vilom 電動かき氷機 家庭用 大容量 かき氷器 バラ氷対応 冷凍フルーツ削り可能 分離式 収納簡単 水洗い可能 おうちで夏を楽しむ！","2286","9","","","¥ 6,000","","1","B0FFT7J2MD","","1","1","1","15000"
"野田琺瑯(Nodahoro) ケトル 2.0L ホーロー ガス火/IH対応 2L 日本製 アムケトル ヤマブキ AM-20KYB","5157","106","50","1285","¥ 5,575","¥ 5,575","8","B0FF9B34VR","B08PZ1Y86M","21.1","19.8","15.9","1290"
"URBANER ヒゲトリマー メンズ 充電式 2cm細幅刃","5162","75","","34","¥ 6,545","","1","B0G492LXS9","B0FQP1S1KT","19.3","8.4","6.9","240"
"アーネスト センターエッグトリプルパン & ガラス蓋セット 24cm ガス IH対応 3品同時に作れる 仕切り高さ1.5cm 焼く 茹でる 便利調理器 時短 カフェラテ A-66106","5544","49","","","¥ 5,980","¥ 5,980","1","B0H256XWJ3","B0H388WDLR","49","32.5","13.7","2160"
"パルマート Aroma Blends アロマブレンズ レジェンド インセンススティック 20種×各1おまかせセット Φ3×H24.4cm","5168","71","","3","¥ 5,028","¥ 5,028","1","B097R5XKL7","B06XXYBGP1","31.7","19","12.4","880"
"リンナイ ガステーブル 一口コンロ KG-12C(LP) プロパンガスLPG用","5171","121","300","164","¥ 5,980","¥ 5,980","8","B0BCDRTDY1","B0BD1MDKPG","32.9","31.5","11.6","2140"
"[zz.luxi] 布団カバーセット ダブル 4点セット ins ストライプ シンプル 寝具セット ベッドカバー 掛け布団カバー 枕カバー","6641","32","","93","¥ 5,480","","1","B0GKFNF7MS","B0FH1ZJZT9","36.9","26.9","10.1","1290"
"パナソニック ボディシェーバー フェリエ 除毛 防水 ピンク調 ES-WR61-P","5172","167","400","1733","¥ 5,400","","46","B08THJGWTB","","20.2","9.1","3.9","120"
"掃除機【8月日本初上陸！業界初除菌機能搭載！革新版自立自走式】 Temaku 掃除機 コードレス 強力吸引【 真39000Kpa超強力吸引！史上最少運転音】 静音 サイクロン軽量伸縮型パイプ/革新版グリーンLEDライト/次世代LED液晶ディスプレイ 550W 3段吸引力 絡まないヘッド HEPA多重濾過 着脱式バッテリー 畳/カーペット/フローリング/ソファー/車用/隙間 PSE認証済み 3年保証","5177","30","","10","¥ 13,999","","1","B0H6QH8D66","","44.6","32","18.6","3500"
"山崎実業(Yamazaki) スリム トイレラック ブラック 約W13XD17XH70.5cm タワー トイレットペーパー トイレ 収納 棚 3510","4692","75","","123","¥ 5,833","¥ 5,833","13","B0747QBRQJ","B07XXWGMX5","72.9","19.8","15.4","2858"
"タンスのゲン タイルカーペット【防炎】【敷き詰めラクラク! 大判サイズ】50×50cm 80枚 12畳用 大判 防音 99901055(117153)","7966","20","","45","¥ 22,999","","1","B0FV7X67YP","B0GS97L287","51","51","11","74000"
"TAILI 真空収納バッグ 8枚パック ジャンボロングサイドジップ (39x28インチ) クリア","5182","69","","701","¥ 7,976","","2","B0D14C1DC5","B0F8NPQVC6","26.9","21.1","10.1","1170"
"【Amazon.co.jp限定】 Shark シャーク 掃除機 スティック クリーナー LC701JBKNC EVOPOWER SYSTEM BOOST+ 静か 自動 ゴミ収集ドック 充電機能付き コードレススティック ウォームブラック","5186","59","50","118","¥ 94,600","¥ 94,600","1","B0FNQ86NPV","B0H4LSJSQC","62","32","28","7910"
"タキズミ(Takizumi) 【省エネ 節電 日本製 5年保証】 省エネ性業界トップクラス LED ペンダントライト ~8畳 工事不要 簡単取付 リモコン付 プルスイッチ付 RVR86040","5191","104","50","122","¥ 8,500","¥ 8,500","2","B0C2PFKPR5","B0CQFLWMJR","55.4","53.4","13.9","2670"
"冷風機 冷風扇 卓上【2026新開発&自動首振り&10000mAh大容量バッテリー】 扇風機 USB充電式 卓上クーラー LED液晶画面 6段階風量切替 600ML大容量タンク 切タイマー 氷入れ 水冷エアコン 冷風扇風機 スポットクーラー 静音 省エネ コンパクト 軽量 抗菌フィルター 熱中症対策 オフィス 寝室 プレゼント リモコン付き","5192","97","1000","241","¥ 7,580","","2","B0GXDS875N","B0HFJM3N3D","23.1","19.2","18.6","1610"
"ナガオ 燕三条 カツカレースプーン 17.5cm 12本セット 3.0mm厚 18-8ステンレス マハープルシャ 日本製 業務用","5198","63","","29","¥ 8,800","¥ 8,800","1","B0F7XPSG5Z","B0F8425LM9","19.4","5.2","4.5","560"
"シチズン 上腕式血圧計 CHUGシリーズ CHUG3301-PM","5205","90","100","53","¥ 5,480","¥ 5,480","1","B0GP8WR5P4","B0GSYZ6PJ5","16.7","12","8","470"
"JNNovaire マンゴーキング 抱き枕 ぬいぐるみ リモコン式トントン ロングクッション 添い寝 大人 子ども (リモコン式トントン＋お腹温感タイプ,小：約86×16×16cm)","5210","3","","","¥ 15,800","","1","B0H7LQT8HC","B0H7LJM3ZT","53","34","30","3300"
"白井産業 下駄箱 シューズボックス 幅81cm 高さ114cm ホワイト 白木目 引き戸 約28足収納 靴箱 玄関収納 シューズラック フルニコ FUL-1180SDWH","5816","18","","256","¥ 14,801","¥ 14,801","1","B0H85P1N1J","B0HBTQGLG4","109.6","42.5","12.1","33100"
"DODOSOSO スチールラック 幅30×奥行30 ポール径14mm スリム 棚の高さ調整可能 キッチンラック","5216","45","","25","¥ 5,099","","1","B0FRF1S1YX","B0FRFBP6MR","45.7","45.2","13.8","3000"
"LunarLight ベッドフレーム スチールパイプベッド コンセントとLEDライト付き シングル","5220","20","","283","¥ 5,980","","1","B0D577N4Z7","B0D578WMHF","100.6","11.9","11.7","14500"
"SOLLENT 物干しラック 屋外 伸縮式 洗濯物干し 屋外用寝具乾燥ラック ステンレス製 部屋干し 折り畳み 省スペース 超耐荷重物 防風 大容量 取り付け不要 持ち運び可能 コンパクト収納 (130-200*60*147cm,ステンレス鋼)","8812","9","","17","¥ 5,099","","1","B0FPFJ1779","B0FPFH2YPC","151","10","9","2200"
"山善(YAMAZEN) ワゴン キャスター付き A4ファイル対応 天板高さ調節可能 サイドテーブル デスク下 収納 幅50×奥行29.5×高さ60.5cm 組立品 ナチュラル/アイボリー MUD-50(NA/IV)","4301","56","","127","¥ 6,480","¥ 6,480","2","B01EFS9XMS","B0H5HGFJ9P","62.2","39.6","13.7","7560"
"staub ストウブ ラ ココット de GOHAN S 12cm グレー 鋳物ホーロー 炊飯鍋 無水調理 フランス製 40509-702","5226","120","100","2167","¥ 13,545","¥ 17,000","4","B003Y3M3K0","B0FWJS3683","23.4","21.9","11.4","1810"
"NOZOMI スピード検温 電子体温計 DT-701 12本入","5227","36","","118","¥ 9,481","","1","B0D8T6JYH5","B0D8T81DTX","18","12","11","650"
"ライクイット (like-it) ランドリー収納 隙間 引出し洗濯機横 スリム 段差をまたげるアジャスター付き 約幅17×奥46.5×高132.8~135.3cm ホワイト 日本製 TS-10301A","5230","75","","903","¥ 14,780","¥ 14,780","3","B079NKXFKW","B0D8658VT4","70","50","36","9360"
"サンコープラスチック(SankoPlastic) 保存容器 フードテナー No.20 アイボリー 幅57.3×奥行38.6×高さ10.3cm 10個セット 日本製 ケース販売 プラスチック 食品用 コンテナ お餅 パン ケーキ 麺類 食器 保管 運搬 業務用 071477","5231","75","","5","¥ 16,706","¥ 16,706","1","B077F5HFMS","B0H19N7BTS","98","59","40","11000"
"ブリタ 浄水器 タンク型 PFOS/PFOA除去試験済 ろ過水容量:4.85L(全容量:8.2L) 【日本正規品】フロー カートリッジ 2個付","4963","123","500","377","¥ 6,800","¥ 6,800","1","B0CP95C8LG","B0G2Q2DLYK","31","22.7","22.4","1820"
"[ ビタントニオ 公式 ] ヨーグルトメーカー VYG-60-W （ ヨーグルト メーカー 水切りヨーグル ギリシャヨーグルト ）","5243","126","300","368","¥ 6,516","","18","B0BTZZQ3QF","","29.2","23.8","18.7","1370"
"LunarLight キッチンベイカーラック 4段ラック コンセント・フック付き スライド棚 移動式と固定式2機能","5246","107","50","275","¥ 6,580","","1","B0DLWR456W","B0DLWTCQCN","85","40","12","12500"
"オーエ 風呂ふた アイボリー 幅70cm×長さ130.4cm ネクスト 超薄型 スリム設計 防カビ M-13","4643","55","","4181","¥ 5,353","¥ 5,353","1","B08FZBJM43","B0C22Z5XFK","70.8","17","11","2170"
"YOYEP 水冷マット 冷却マット 冷水循環マット ひんやり水流快眠マット 水循環マット 3段階速度調整 無線制御 水位表示 猛暑対策 冷感との接触 夏の冷房、家族、屋外キャンプ、学生寮、車内での使用に最適です (シングル 160*70CM)","5256","67","200","216","¥ 7,980","","1","B0D31757LM","B0GS8CLSYZ","33","27.2","20.3","2280"
"タンスのゲン 掛け布団 シングル 【ZIP!で紹介】【もはや、エアコン。(R)】 持続冷感 夏用掛け布団 洗える 夏 80100103(92857)","5260","83","50","79","¥ 5,499","","1","B0D1TNSZ6R","B0D1XYKNXV","41.2","19.3","19","2050"
"【温風でしっかり乾燥】コイズミ 食器乾燥機 温風乾燥 大容量6人分 抗菌 樹脂かご 工事不要 日本製 ホワイト KDE-5000/W","5261","97","300","1038","¥ 7,980","¥ 7,980","1","B01LYKEZ7W","B08Y8XD7BK","50.6","44.4","38.6","4520"
"山崎実業(Yamazaki) タオルスタンド ブラック 約45X24X160cm タワー 4737","6439","28","","9","¥ 7,810","","1","B07MCBS2LN","B07DQLNKRX","88.4","47","12.3","2960"
"【Amazon.co.jp限定】 東レ トレビーノ STC.VJ×3個セット スーパーシリーズ (高除去/12項目クリア) 交換用 カートリッジ 浄水器 蛇口 直結型 日本製 STC.V2J-VSET","5264","101","50","1030","¥ 8,062","¥ 8,062","1","B00KF3DVHQ","B0BZ8KZVWM","16.9","9.6","5.8","350"
"Lamantt 冷凍庫用 ワイヤーバスケット 2個セット 吊り下げラック 整理整頓 サビ防止 PEコーティング 収納 網目 キッチン 台所 家庭向け 冷凍庫 整理 食料の備蓄 換気 便利 (42*22cm)","6950","2","","","¥ 5,099","","1","B0H1BTX55L","B0H1BSHT5H","51","1","1","1000"
"象印 水筒 ステンレスボトル 1.5L コップタイプ ハンドルつき 広口 軽量 ステンレス SF-CC15-XA (× 3)","5271","4","","4896","¥ 11,019","","","B0HF7R2974","B084DJJ55N","27","12.4","11.7","3063"
"セルタン(Cellutane) ソファー 2人掛け オットマンセット 和楽の極 背部肘部14段階リクライニング ポケットコイル 日本製 タスクネイビー A01p-14段-584NVY+A281p-584NVY","5274","56","","6","¥ 24,800","¥ 24,800","1","B0GGZ7YB5J","B0GL647TGR","124.4","63","50","21000"
"【正規品】 TH658-3 (TH658-2 3本セット) 交換用浄水器カートリッジ 高性能タイプ オールインワン塩素除去カートリッジ 浄水器内蔵形水栓 11物質除去","5278","102","200","81","¥ 5,540","","1","B0FJ8QVHQC","B0H4FT68CH","13","11.7","4.2","130"
"ZWILLING ツヴィリング 「 ピコ シチューポット 14cm 1L 」 両手鍋 ステンレス IH対応 小さい ガラスフタ付き 【日本正規販売品】 66652-140","5280","72","","120","¥ 5,260","¥ 5,260","2","B07YDGYPZ2","B0FLDFF2XH","20.6","20.4","11.4","990"
"タイガー魔法瓶(TIGER) 水筒 600ml ストロー コップ 2WAY ステンレスボトル 子供用 ポーチ付き 保冷 保温 洗いやすい コロボックル ライオン MBR-G06GRL","5281","92","100","9","¥ 6,057","¥ 6,057","2","B0GPBJV26M","B0GKNSF7P5","25.5","10.1","9.9","530"
"Sariny 電動かき氷機 小型 ふわふわ氷対応 角氷使用可 静音設計 押しボタン式 コンパクト収納 家庭用 業務用 スムージー作りにも適した一台 (ホワイト)","5784","4","","","¥ 7,999","","1","B0H8JK7Q48","B0H8J2VMZY","23","21","19","1460"
"ハクバ HAKUBA 軽量 額縁 ZEROフレーム G-01 A3ノビ ブラウン FZG01-A3NBR (× 2)","5965","26","","1","¥ 9,600","","","B0FL23RBB3","B0FX9SY5DL","63.5","48.2","3.2","3560"
"敷パッド セミファミリー オールシーズン快適 ベッドパッド 防ダニ 抗菌防臭 吸汗 速乾 ゴムバンド付き 洗える ホテル仕様 220x205cm シングルとゼミダブル2台用 ホワイト","5286","31","","2012","¥ 5,083","","1","B08Y7PP8M3","B09TZ2WM6M","40.6","29.3","17.6","2390"
"山善(YAMAZEN) 高座椅子 リクライニング (背部3段階) 高さ調節(4段階) 折りたたみ 座椅子 リクライニングチェア 幅54×奥行57-80×高さ73-94cm チェア 組立品 グレー/ナチュラル WHT-53(SGY/NA)","5288","89","100","107","¥ 11,990","¥ 11,990","1","B0D7GQLDJY","B0D8J4RHVF","54.8","53.1","34.6","8360"
"SE ガーゼケット タオルケット ダブル クイーン キング 4重 ガーゼ生地 綿100% お昼寝ケット 肌掛け布団 安心する柔らかさ 吸湿通気 抗菌・防臭・防ダニ 洗える オールシーズン ブルー 200X230cm 「SE Softexly」","6192","35","","968","¥ 5,080","","1","B097QSC45L","B0CGZYLVCF","30","30","12.8","1600"
"ミキサー スムージー 氷も砕ける ジューサー 小型 静音 ガラス容器 無臭無味 450ml 30000RPM 高速回転 1台多役 6枚刃 スムージー ブレンダー 野菜 果物 ジュース 離乳食用 栄養補充 洗いやすい 持ち運び そのまま飲める 学校 アウトドア 旅行 出張 オフィス ギフト 贈り物 プレゼント 日本語取扱説明書","5294","14","","40","¥ 6,580","","1","B0FFGP8YLH","B0HBLJJC1B","32.5","12","12","970"
"Airdog X3D 光＆人感センサー搭載 3方向広角排気システム 寝室 子供部屋 会議室 TPAフィルター 浮遊ウイルス対応 エアドッグ","5295","135","300","851","¥ 122,000","","5","B0BTY5QVKR","","72.2","32.1","31.6","8080"
"山久 榊 造花 特大サイズ 一対 約100cm シルクフラワーのお榊 2206-6527 CT触媒加工 bgr さかき 地鎮祭 サカキ","5901","53","","1088","¥ 13,200","","1","B0B4DCRV3M","B0FG2P5JC6","70","38","14",""
"象印マホービン 炊飯器 5.5合 ブラック NW-VR10-BA","5298","109","300","139","¥ 16,900","","21","B0DQPXNPDB","","42.9","30","24.7","4660"
"テイジン 敷き布団 防ダニ 抗菌 防臭 セミダブル 軽量 オールシーズン 通気性 清潔 固わた 軽い ダニ 来客 収納 テイジングループ直営店限定","5300","37","","42","¥ 10,199","","1","B0FSB7J95F","B0FSCDQWV2","70","60","20",""
"[ ビタントニオ 公式 ] ワッフル＆ホットサンドベーカー VWH-600-I（ ホットサンドメーカー 電気 ワッフル メーカー アイボリー)","5313","117","100","124","¥ 7,780","","10","B0CG44K7QB","B0CG44QNZ8","33","28.3","15.1","3040"
"【ペット対策】Levoit(レボイト) 空気清浄機 ハイグレード Vital Pet Pro 21畳 ペット特化 脱臭強化 集じん 小型 花粉 ハウスダスト ニオイ対策 PM2.5センサー TVOCセンサー付き 三面吸気口 静電HEPA 自動·ペットモード 自動クリーニング","5324","79","300","35","¥ 27,180","","1","B0H2HHXP34","","55.4","45.2","27.2","7200"
"アイリスオーヤマ 加湿空気清浄機 23畳 AAP-AH50A-W ホワイト","5328","113","","19","¥ 17,550","","15","B0DJ12MK4Z","B0DPKL9PKT","71.4","45.6","32.7","12110"
"リコメン堂 布団5点セット ダブル 届いたらすぐ使える ほこりが出にくい 洗える 抗菌 防臭 ピーチスキン加工 低ホルムアルデヒド ブラック","6070","16","","1448","¥ 6,999","","1","B00O1V628S","B0B27XCBVY","55","50","46","9330"
"VENO 布団収納袋 引越しバッグ 103L大容量 布団袋 3面ファスナー 2ペア持ち手付き ライトブルー 8枚セット","5333","76","","14086","¥ 5,898","","2","B0CYYWQ1N3","B07MT3Z4BC","37.7","25.2","12","2490"
"360 コンビ ガラス HEPA + カーボン空気清浄機フィルター 交換用 ダイソン HP10 HP07 TP10 TP09 TP07 TP06 TP04 TP4A HP04 HP04 HP06 HP09 HP4B PH01 PH02 PH03 PH04 DP04 ピュア クール ホット加湿ファン 2 パック、ブルー","5334","51","","1460","¥ 11,124","","1","B0B9XY5FDB","B0B9HQ5SDM","43.2","23.4","18.8","1542"
"タンスのゲン マットレス シングル 【全部洗える】「純」高反発 高密度30D 硬さ210N 厚さ10cm 三つ折り 13810040(113606)","5527","65","","11","¥ 7,999","","1","B0BVQQV73N","B0CKX89DFC","55.3","39.7","38.3","7810"
"トップファクトリー今治 花いろは無地 ハンカチ 25×25cm 今治タオル ブランド認定 綿100％ ガーゼ パイル レディース ギフト プチギフト 退職 お礼 お返し 内祝い プレゼント 日本製 (10枚組(ｻｸﾗ/ﾑｸｹﾞ/ﾋﾒﾕﾘ/ﾐﾓｻﾞ/ﾌｷﾉﾄｳ/ﾋｽｲｶｽﾞﾗ/ﾈｺﾔﾅｷﾞ/ﾜｽﾚﾅｸﾞｻ/ﾌｼﾞ/ｽﾐﾚ))","5336","56","","44","¥ 5,250","","1","B0FZT5RCNL","B0G1LD7B88","16.7","16.6","10.2","270"
"ライクイット ( like-it ) キッチン 収納 すき間収納 引出し スーパースリム 3段 約幅14x奥46.5x高82cm ホワイト 日本製 FTS-111 隠す収納 幅14㎝ デッドスペース収納 すき間を活用","5338","102","50","981","¥ 7,286","¥ 7,286","5","B0181PQ9O6","B0DKXPZLWZ","82","47","14","3940"
"タンスのゲン ダイニングチェア 2脚セット 天然木 ダイニング チェアー 木製 PVC ブラック 11719112 26AM (73024)","5350","73","50","128","¥ 9,999","","1","B0765TKQY7","B0CJC4NC3Q","86","43","27.2","13120"
"VECELO 収納スツール オットマン リネン 幅110×奥行38×高さ38cm 耐荷重100kg 折りたたみ式 踏み台 足置き ベンチ 玄関 寝室 おもちゃ 衣類 化粧品ボックス ベージュ","5359","62","","177","¥ 5,900","¥ 5,900","1","B0CY5FMWKJ","B0GXQZQCPX","112","40","8","7000"
"下村企販 オイルポット 600ml 活性炭カートリッジ6個付き 【日本製】 サビにくい 液だれしにくい 油をキレイに再生 小さい シンプル 油ポット セット ステンレス 燕三条 41185","5359","27","","7","¥ 7,769","¥ 7,769","1","B07PSR13S3","B0GHMRHKXV","26.4","19.8","18.8","840"
"タイガー魔法瓶(TIGER) オーブントースター うまパントースター トリプルヒーター設計 レッド KAE-G13NR","5361","107","100","2314","¥ 7,480","¥ 7,480","1","B01M8K78U7","B0FDQ8741T","39","38","29","4000"
"大木製作所 洗濯ハンガー 20ピンチ ピンチハンガー 折りたたみ式 からみにくい ステンレスハンガー L 00382-1","5362","55","","125","¥ 5,004","¥ 5,004","3","B000A7GAUC","B0FNMWKJ34","35.6","31","6.8","862"
"天馬 チェスト 完成品 チェストイージー 5段 タンス 幅75×奥行41×高さ105cm 特許取得済み 収納ケース 衣装ケース 日本製【色 ベージュ】【型番 7505】","5366","106","100","48","¥ 17,501","¥ 17,501","4","B0GJS7DYS2","B0GPPHK6X6","105","75","41","19500"
"ONE SECOND 【ワンランク上の美味しさ＋挽きスピードUP！】【エスプレッソ対応】 電動コーヒーミル 38段階 ステンレス刃 臼式 自動停止 タッチ操作 コードレス 水洗い可能 ワンセカンド","5368","113","50","203","¥ 5,379","","2","B0DJNH675X","B0DJNHMGM6","22.8","9.7","9.5","590"
"【TVで紹介】【整骨院院長監修/温熱×揉圧Wリリース設計】 コードレスフットケア［3段階ヒートモード×ハンドプレス設計でプロのような心地よさ］ 足のケアに ふくらはぎケア 正規品 ギフト","5371","98","500","52","¥ 7,980","","1","B0GQ799K1G","","32.2","18.7","9.3","1060"
"【お仏壇.TetoTe手と手】仏具10点セットタペストリーガラス「おとは」 仏具セット ご飯入れ水入れ ご飯お水置台 香炉 花立ローソク立て リンー 色セット LEDキャンドル 香炉砂 モダン仏壇 ミニ仏壇 法事 お盆","5373","88","500","248","¥ 5,400","","1","B0D8B3SFKH","","26.3","19.7","9.9","1810"
"【Toffy/トフィー】 コンパクト電動ふわふわかき氷器《2026年モデル》 K-IS16 最新 本格かき氷 冷凍フルーツ ハーフ氷 ミックス氷 ジュース ミルク氷 ふわふわ サラサラ シャリシャリ 製氷カップ付き K-IS16-GE (【オンライン限定カラー】グレージュ)","5373","65","100","131","¥ 8,360","","1","B0GT41STQN","B0GT4NPCRB","35.3","22.1","20.2","2000"
"【最高級カタログギフト】 プレミアムカタログギフト ザ ブラック (13.S-VOO(50900円)コース) （内祝い 出産祝い 結婚内祝い）","5382","49","","64","¥ 36,640","","1","B0C68KBN5Q","B0C9BL81CC","26.9","19.8","2.9","440"
"SUKAAGO 毛布 ふわとろ ブランケット 柔らかく肌触 暖かい シングル もこもこ あったか とろとろ 掛け布団 ふわふわ 布団 100x160cm 極温 静電気防止 洗える 吸湿速乾 冬用 厚手 (ブラウン, 160*200cm)","5600","13","","339","¥ 5,390","","1","B0FSZ8FGRT","B0CN6B85KV","35","35","7","2000"
"Wtrgas ポスターフレーム A2 フォトフレーム 写真 額縁 セット 42x59.4CM 壁掛け ホワイト 3枚","5394","74","","57","¥ 5,498","","1","B0G76HG41G","B0F9KRR293","67.5","50.4","4.3","3420"
"SONGMICS ハンガーラック 頑丈 大容量洋服かけ 耐荷重233kg 幅174.4cm 衣装収納 パイプハンガー 服かけスタンド 調整可能な棚とポール付きスチールラック 黒 LGR433B01","5399","103","100","99","¥ 7,990","¥ 7,990","1","B0D73PPDTM","B0DK1FM629","65.4","43","22.8","16150"
"ラグマット カーペット 北欧風 シャギーラグ 洗える ふわふわ 防ダニ 抗菌 防臭 滑り止め付き 防音絨毯 オールシーズン CARPESITE 長方形 正方形 円型","5526","23","","25","¥ 7,099","","1","B0G25K8B2N","B0G25GTVRV","37","32","11","4800"
"アビテラックス 電子レンジ 時短 900W フラットテーブル 単機能 おしゃれデザイン 18L 国内メーカー ブラック 一人暮らし Abitelax","5416","67","200","148","¥ 13,800","","1","B0DQ46XWTM","","52","42","32","11020"
"KiU キウ 600D バッグパック BACKPACK はっ水 撥水 防水 大容量 リュック 22L シューズポケット 通勤 通学 アウトドア フェス かわいい おしゃれ メンズ レディース 男女兼用 マルチ スプラッシュ K111-189","5418","93","50","362","¥ 6,889","¥ 6,889","1","B087GDZMT9","B0GV274J91","48","37","6","700"
"【-20℃冷感・720°上下送風】ネッククーラー 3つ冷却プレート 首掛け扇風機 3つの高速ファン 背面ファン付 超軽量410g 10800rpm 瞬間冷却 4段階調節 10000mAh大容量 20H連続稼働 ディスプレイ表示 独立制御 温冷両用 静音 暑さ対策 登山/通勤/屋外作業 日本語説明書付 ホワイト","5421","81","500","246","¥ 8,980","","2","B0H3BPTKV7","B0H7JMR656","21.8","20.7","10.4","590"
"Stanley 1913 (スタンレー 1913) アイスフロー フリップストロー2.0 ボトル アッシュ 0.71 L","5428","60","50","693","¥ 6,490","¥ 6,490","4","B0CYP4ZF2M","B0H1QZFF4M","24.5","22.7","7.9","390"
"こうひん 日本製 『畳のへこみ防止マット 90』 畳のへこみ、傷防止にお使いください (約90cm × 90cm 1枚入り)","5977","40","","255","¥ 5,060","","1","B099913D41","B099F47SC4","93","47","2","1600"
"山崎実業(Yamazaki) 下から出る マグネットディスペンサー 【2本セット】 タワー tower 片手でプッシュ 浮かせる収納 詰め替えボトル シャンプー コンディショナー ホワイト 10290 10292","6242","63","","113","¥ 5,060","¥ 5,060","3","B0GH71JFJZ","B0GL21PPFR","25.6","21.9","7.4","670"
"無重力枕 The Cubes ザ キューブス 枕 まくら 低反発 高反発 いびき防止枕【特許取得のキューブ構造・NASA開発素材採用】 安眠枕 快眠枕 体圧分散 二層 硬い 柔らかい (スタンダードM、高さ10㎝)","5443","86","100","174","¥ 8,330","","1","B0FC62JT5Y","B0HBBB2462","40","15","15","900"
"日立(HITACHI) ふとん乾燥機 アッとドライ HFK-VS5000 C アイボリー スピード速乾 ダニ対策 靴衣類乾燥 静音コース","5450","148","100","310","¥ 15,800","¥ 15,800","10","B0BRR7H3XB","B0FS1ZGL84","36","32","25","4450"
"【公式】 Russell Hobbs ラッセルホブス 大石アンドアソシエイツ 電動ミル ソルト&ペッパー ウッドスタンドセット 7923JP 3ヶ月延長保証 黒胡椒 岩塩 片手操作 結婚祝い プレゼント ギフト キッチン家電 シンプル ナチュラル","5456","90","50","103","¥ 8,800","","1","B0B41YT3B9","B0DM8TNCM6","29.3","15.7","8.8","1030"
"【BRID限定 6ヶ月延長保証】DUCT RAIL FAN 3D ダクトレールファン 首振り風量調節 5段階 サーキュレーター 003431_WH","5458","89","100","36","¥ 9,900","","1","B0GTWD5DYX","B0GMZDR689","25.8","25.1","12.2","960"
"[ wakiyaku ] まな板 汚れ防止 丸まらず 切らずに使える まな板シート 使い捨て （ 50枚入り ） × 5セット 30cm×22cm（A4サイズ） 食中毒対策 (5)","5459","54","","167","¥ 5,280","","1","B0CX4L6RNF","B0CL9J52YC","31.6","24.8","9.6","2670"
"ヒツジのいらないかけ布団 -四季- 掛け布団 オールシーズン 洗える 布団 軽量 抗菌 やわらか 軽い ヒツジのいらない枕 (グレー, ダブル, 掛け布団単品)","5471","67","","103","¥ 24,750","","2","B0F8QJBDSY","B0GKFX4YCF","43.3","27.7","26.9","2700"
"【2026新設計&一台多役】腰枕 クッション 腰・背中・首・肩・太もも・ふくらはぎ コードレス 双方向回転 3段階強度調節 温熱機能 3Dヘッド 静音 10分自動的タイマー 誕生日 母の日 父の日 敬老の日 家庭用 職場用 車用 ギフト","5473","130","300","68","¥ 5,670","","2","B0GHM2G79S","B0HFHKSZKN","39.2","27.3","14.8","1710"
"AZAKBL ハンガーラック 頑丈 大容量 洋服ラック 棚・フック・キャスター付き 耐荷重230kg 幅114×奥行40×高さ191cm ホワイト","5473","100","50","228","¥ 10,804","","1","B0GTTKJHZN","B0G4VRT19B","114","42","11","11800"
"オルタ(oruTa) 今治タオル バスタオル 3枚セット 綿100 厚手 吸水 速乾 耐久性 FUu 60x125cm ライトグレー","7302","36","","20","¥ 7,500","","1","B0FQC2QTJT","B0GX19L1XY","32","24.8","16.5","1080"
"ベルカ(Belca) 日本製 すのこ あらゆるスペースにぴったり! ジョイントパレット ミニ 30×30cm 8枚セット (1台あたり)幅30.7×奥行30.7×高さ5cm エコブラウン 耐荷重 300kg 組み合わせ自由 省スペース 積み重ね 連結可能 湿気防止 置き配パレット JP-3030BR8E","5515","90","50","120","¥ 5,016","¥ 5,016","1","B0DF26G3MB","B0DF57MCTH","34","32","21","3700"
"アーネスト 1台9役 ザル付き マルチポット 鍋 箸やお玉が置けるガラス蓋付き 18cm 2.9L 注ぎ口付き ガス IH対応 ストレーナー付き片手鍋 逸品物創 燕三条製 日本製 A-78168","5491","80","50","8","¥ 7,380","","1","B0FJXVBFSN","B0H86K1BHW","26.8","19.7","15.7","1190"
"貝印 KAI 出刃包丁 関孫六 金寿 ステンレス 165mm 日本製 AK1102","5492","135","100","187","¥ 5,586","¥ 5,586","13","B0026L5MNG","B01IEHPU8W","38.7","8.3","2.8","360"
"ドウシシャ ルミナス レギュラー ラック スチールラック 収納棚 幅90 5段 業務用 大型ラック NLK9018-5 耐荷重250kg サビに強い 防錆加工 キャスター付き 豊富なカスタムパーツ ポール径25mm 幅91.5×奥行61×高さ179.5cm","6728","84","","1694","¥ 29,800","¥ 28,596","3","B0CG5FBQZ1","B0H6HT5Q4S","92","63","10","36000"
"今治タオル 認定 バスタオル hiorie(ヒオリエ) ふわふわリブタオル 日本製 綿100% 2枚セット オフホワイト","6140","36","","992","¥ 5,270","","1","B00G43XXMO","B07SQPX25N","34.4","24.5","12.2","690"
"ryouya3500W IHクッキングヒーター、電磁波ゼロ、コンパクトな卓上デザイン、高出力、センサー付き全面ガラスパネル、タイマー/12段階出力設定、高出力、静音運転、中華鍋対応、中華風炒め物、すき焼き、煮込み料理に最適（ブラック） (新型スチール製電気セラミックストーブ) [並行輸入品]","5711","5","","","¥ 7,899","","1","B0H39WK7FJ","B0H39G1T33","44","33.8","8.7","3000"
"パール金属 そうめん流し器 スライダー 電池式 竹流麺 D-6794","5499","145","500","110","¥ 6,379","","20","B0CZ99X6NG","","44.6","34.5","20.3","2210"
"QUADS(クワッズ) 前後2枚羽根 パワフル DCサーキュレーター 38畳 簡単分解 丸洗い 上下左右首振り 静音 風量12段階 節電 省エネ 空気循環 換気 DUOAIR デュオエア DC クワッズ (グレージュウッド)","7041","95","100","152","¥ 11,480","","1","B0F3NMXW2G","B0GS5594HZ","36.6","28.4","27.9","2100"
"東洋佐々木ガラス 日本酒グラス 酒盃 杯 115ml 144個セット 日本製 食洗機対応 おちょこ 盃 グラス 業務用グラス 30809","5507","78","","17","¥ 44,642","¥ 44,642","3","B09WQN51NH","B0DJH39SH1","52.9","39.2","28.5","16410"
"ofme 割れない スタンドミラー 軽量 薄型 日本製鏡面フィルムミラー 姿見鏡 全身鏡 150×30cm ナチュラル 木目 自立式 立て掛け 防災 地震対策 ヨガ 筋トレ","5512","64","","125","¥ 8,721","","2","B0C6P7C2C8","B0DPLZQZ5N","156","34","5","2520"
"マキタ(Makita) 充電式クリーナ（オリーブ） 18V バッテリ・充電器別売 CL286FDZO","5514","126","300","387","¥ 17,000","¥ 17,000","18","B0C1FD4RRF","","56.1","30.5","20.2","2200"
"GOKUMIN 防水シーツ ボックスシーツ セミダブル オールシーズン防水マットレスプロテクター ベッドシーツ マットレスカバー","5523","92","100","145","¥ 8,998","","1","B0D6XSR3J6","B0H7S9P9ZH","27.3","19.4","19.2","1330"
"マクセルイズミ 5枚刃モデル 往復式シェーバー IZF-V553W レッド","5529","127","300","250","¥ 6,098","","25","B0DCMNN9RP","","20.8","12.1","7.4","370"
"VECELO 折りたたみチェア 透明 [2脚セット] 折り畳み 背もたれ 軽量 持ち運び 完成品 会議 ワーク イベント 座面高46cm 耐荷重100kg アクリル グリーン","5653","43","","120","¥ 5,788","¥ 5,788","1","B0FB39Q3Q4","B0FB3P7QYL","89","45","5.5","4320"
"ブレインスリープ ピロー STANDARD ＋ ピローカバー（アクティブエア）ネイビー","5541","33","100","239","¥ 33,000","","1","B0H7XVRSNB","B0DK4T3RQ4","60","35","11","100"
"オムロン 手首式血圧計 HEM-6180 シリーズ HEM-6185-JAZ","5546","84","300","109","¥ 6,980","¥ 6,980","2","B0DQ7NJ3FJ","","11.5","10.9","9.4","259"
"【Amazon.co.jp限定】キッチンマット Keilymat 透明PVCマット 防水防油 拭ける カットできる 80×240CM1.5mm厚2枚り","5550","26","","50","¥ 8,297","","1","B0GT4Q7WYJ","B0G4CC7VQL","82","8.5","8.5","3700"
"HERCULES ゲーミングチェア ファブリック リクライニング ゲームチェア オットマン付き ベルベット ソファーの座り心地 通気性 pcチェア 人間工学 オフィスチェア デスクチェア ヘッドレスト&ランバーサポート 連動式アームレスト（ブラック＆ホワイト）","5553","89","50","88","¥ 9,980","","1","B0FP53PWV8","B0FP539QSL","76","57","25.5","16000"
"【2026新設計】エアコン風除けカバー エアコンルーバーカバー 直撃風防止 風よけ 壁掛け式 風向きと角度調整可 循環送風 1秒掛けるだけ","5556","100","400","457","¥ 5,260","","1","B0D456FWRH","B0H98PL4BB","65.4","24","6.4","1050"
"タニタ 温湿度計 気圧計【気圧/気温/湿度の変化が大画面＋グラフで分かりやすい】時計・気圧計・温度計・湿度計・カレンダー TT-594（気象病 天気痛 低気圧 熱中症 ヒートショック ウイルス かび）","5564","96","100","147","¥ 5,436","","1","B0DZ1VNDMN","","17.3","12.9","3.9","250"
"xydled ダクトレール用スポットライト E11口金 50W形 LED電球付き ライティングレール照明 6個セット(昼光色 ブラック)","5564","83","50","73","¥ 5,899","","1","B0BHHPG9T5","B0H6ZS9J8Z","17","16.7","13.4","1230"
"MYTREX マイトレックス RAKUNO FIT PLUS 足 ふくらはぎケア 足先 足裏 コードレス トリプル極揉ポンプ3段階温熱 3種のもみコース 5段階レベル調整 10分オートOFFタイマー Type-C充電式 足首 空気圧 温熱 ふくらはぎ 足ケア 運動後/座り仕事/立ち仕事/長時間の歩きなどに男女適用 母の日 父の日 敬老日 誕生日 プレゼント ギフト ラクーノ フィット プラス MT-RFP-25BG (ベージュ1個)","5567","49","50","73","¥ 9,350","","1","B0FQHTRM16","B0FQHQXWB7","37.2","19.9","11.1","1050"
"クリップ付きパンツハンガー - 8個パック 高耐久 滑り止め 調節可能 省スペース スカートハンガー パンツ ジーンズ ショーツ | ブラック | 12インチ","4238","8","","214","¥ 8,995","","1","B0FMJMCY9X","B0F9YSWVYY","30.8","18.3","5.5","349"
"Homwarm マットレス ベットマット 高反発 敷布団 厚さ5cm 抗菌防湿 毛玉防止 汚れ防止 高通気性 高密度32D カバー取り外し 洗濯可能","5577","83","50","3116","¥ 5,929","","1","B09T2DYNQJ","B09T2VVS8J","45.5","29.1","29","3980"
"【Amazon.co.jp限定】 Ninja ニンジャ Crispi クリスピー FN101JGYNR 自動調理器 3つの調理モード (クリスプ／ベイク・ロースト／リクリスプ) 煮る 焼く 蒸す 炒める 煮込む 炊く 温風調理 エアフライヤー ノンフライヤー FN101JGY ネイビー","5578","110","100","138","¥ 29,700","¥ 29,700","1","B0G1YGSJGV","B0H68S6BWR","34.7","32.3","32.2","6970"
"HOMFINE 高反発マットレス シングル 三つ折り 極厚10cm 20D おりたたみマットレス 高反発 ベットマット 敷き布団 凹凸加工 体圧分散 程良い硬さ 抗菌防臭 洗えるカバー 通気性がよい オールシーズン 97x195x10cm グレー","5584","60","50","392","¥ 5,777","","1","B0C39ZS3KH","B0C3B1CBHY","53.5","32.7","32","4210"
"Boweer 除湿機 大容量 3L 除湿量1L/日 【鉄筋15畳 /木造７畳】 除湿器 部屋干し 湿気取り カビ 梅雨対策 YP2118 ブラック","5586","125","300","1459","¥ 7,999","","3","B0BXRX4M2D","B0H62H6D86","39.3","22.4","17.6","2580"
"公式【koala】オリジナルコアラマットレス マットレス シングル 120日トライアル/10年保証 通気性 体圧分散 厚さ21cm ウレタンフォーム","5587","117","200","1055","¥ 55,920","","1","B07L39YV91","B0BQ32LYR3","107","37","37","16600"
"fuwawa 敷きパッド ダブル 夏用敷パッド 接触冷感 業界最高Q-MAX0.58【2026新登場：PCM×三重除湿×体圧分散×制菌消臭×MOISTOP-DEO】帝人TEIJIN中綿 リバーシブル ひんやり 持続冷感シーツ 吸湿速乾 毛玉ができにくい クール 冷たい 洗える ボリューム感 柔らかい ベッドパッド CICA保湿 光触媒加工 ゴム付き 140x200cm グレー","9059","52","","437","¥ 5,980","¥ 5,980","1","B0FY6DYHC9","B0FY69CLG4","34","21.5","21.5","1990"
"クリンスイ 浄水器 蛇口直結型 交換カートリッジ MONOシリーズ MDC01S 3個入り 増量パック MDC01SZ-AZ PFOS・PFOA 有機フッ素化合物除去 [並行輸入品]","4995","99","400","95","¥ 5,206","","1","B0H295HYQ4","B0HDNNQN2Q","18","10.8","6.4","420"
"【TickTime・1台多役！時計+アラーム機能搭載】ポモドーロタイマー 勉強タイマー 5/10/30/60分 ダイヤル式 Type-C充電 ブラック","5594","74","100","132","¥ 6,979","","1","B0G43QDN45","B0H6W1HWKB","11.1","10.7","8.4","350"
"山崎実業(Yamazaki) ポールハンガー ブラック 約W36.5XD36.5XH140cm スマート smart コートハンガー スリム 4081","5599","67","50","527","¥ 6,480","¥ 6,601","10","B07HG33HLQ","B07HQPH3FY","92","38","8","5920"
"パナソニック エアーマッサージャー EW-RA79-K コードレス 骨盤おしりリフレ おしり・太もも・骨盤ケア 引き締めマッサージ ブラック","5604","43","50","582","¥ 12,500","¥ 12,980","16","B07XGLMW1F","B0GLNG66SK","31.5","24.2","10.5","1300"
"Juliyas 除湿機 小型 省エネ 除湿器 1000ml コンパクト 卓上 じょしつき 狭い空間向け 4-24時間タイマー付き（にゅうはくしょく）","5605","61","","147","¥ 6,590","","1","B0GZMSJKFX","B0HFX73NDW","27","17","12","1300"
"SOMANT ラグ 洗える 抗菌防臭 滑り止め 4畳 200×300cm ブラック×グレー","7150","68","","434","¥ 8,160","","1","B0G2LHJ3RX","B0GGH4684M","41.7","37.3","11.7","4470"
"アイリスプラザ ベッドフレーム パレットベッド 自由に組み換え 軽量 フレーム パイン材 すのこ ローベッド 組み立てかんたん すのこベッド 分割式 12枚セット","5608","102","50","212","¥ 19,999","¥ 19,999","4","B0DNZ5TT6G","B0DP2245GL","91","53","51","31240"
"ティファール ココット鍋 24cm 両手鍋 無水調理 軽い IHガス火対応 「キャストライン エアココット セージグリーン」 グリーン E26746","5614","69","100","393","¥ 8,973","¥ 8,973","3","B0CGHSB5YL","B0G1LF4W1J","30","26","15","2040"
"YeTom タンス チェスト 洋服収納 キャスター付き 大容量 箪笥 木製天板付き 布製引き出し 転倒防止 安定感 4段9杯 ピンテージ","5615","101","100","701","¥ 8,662","","1","B0BVB6Z2RJ","B0F23LQKGP","96","31.5","11.5","11420"
"トランパラン タオルケット 今治タオル 日本製 約140×190cm クーベルチュール シングル 綿100％ ブルーグリーン","5790","83","100","1258","¥ 6,180","","1","B00JFJ2KSC","B00JFJ2KV4","40.8","28","13","990"
"【医療機器認定】 MYTREX REBIVE 2 マッサージガン 電動マッサージ マイトレックス リバイブ2 ギフト MT-RB2-24M","5626","113","300","3270","¥ 23,364","","1","B0F9KFPD9G","B0H1M5G2MH","29.1","22.4","9.9","1600"
"【都市ガス・LPガス対応】業務用ガスコンロ フレームガード付き 低圧高火力 厨房用 家庭用も可 キッチン用品 (3个头)","6061","0","","","¥ 10,390","","1","B0GYNN75FQ","B0GYNR7PP5","75.5","43.5","13.5","5000"
"タイガー魔法瓶(TIGER) IH 炊飯器 3合 炊きたて 小容量 遠赤5層 土鍋蓄熱コート釜 スチールブラック JPF-G055KL","5639","130","200","250","¥ 19,850","¥ 20,100","13","B0BV29WXL4","B0FKBPPYLJ","35.8","26.7","21.8","3560"
"AZRA 遮光カーテン 北欧 レモン柄 2級遮光 幅150×丈178cm 4枚セット ボタニカル 形状記憶 UVカット 断熱 保温 遮音 ナチュラル おしゃれ リビング 寝室 子供部屋(ドレープカーテン2枚・レースカーテン2枚)","5755","41","","612","¥ 5,382","","1","B0F83ZLSHH","B0F84YHQK6","37","26","14","3600"
"ネスカフェ ゴールドブレンド バリスタ フィフティ レッド,コーヒーマシン","5648","132","400","2219","¥ 8,850","¥ 9,495","36","B08WHX9GSB","","37.9","36.6","23.2","4360"
"SENSARTE 両手鍋 卓上鍋 すき焼き鍋 20cm IH対応 ガス対応 一品万能 煮る 焼く 炒める 揚げる 焦げ付きにくい お手入れ簡単 ガラス蓋付 しゃぶしゃぶ カレー おでん (× 2)","6436","39","","2615","¥ 7,960","","","B0GZG2MSBT","B0CZR7J3P2","25.2","22.7","8.1","2040"
"アトラス ペットボトルホルダー 水筒 まとめ買い 24個入り 保冷 ペットボトルクーラー 500ml 650ml 真空断熱 ピンクベージュ ストラップ付き ボトルインボトル AQBIB-APB24P","5660","31","","1118","¥ 30,680","","1","B0DHFMG5QQ","B0HDN1N6ZQ","44.5","9.5","9.5","230"
"AAGBドリンククーラー 半導体冷却構造 温冷両用機能 コンパクト設計 多環境対応 卓上温冷ドリンクホルダー (ホット/コールドカップ＋アダプター)","5901","0","","","¥ 7,400","","1","B0HF7M3DL3","B0HF7Q7XWR","1","1","1","32000"
"ペーパー ポット ティッシュ ケース ホルダー 日本製 トイレットペーパー 収納 にも使える おしゃれ かわいい アイボリー ホワイト 取り出しやすい 丸型 Paper Pot ギフト プレゼント 祝い かっこいい 珍しい 直径17cm×高さ17.3cm Ai collection 石川樹脂工業","5773","47","","4409","¥ 8,010","¥ 8,010","1","B09WTTWD1D","B0DXK5WXG2","18.4","18","17.9","590"
"QUADS(クワッズ) 衣類乾燥 360° DCサーキュレーター 30畳 簡単分解 丸洗い 上下左右首振り パワフル 静音 風量12段階 節電 省エネ 空気循環 換気 PUREAIR DC DRY QSE505 クワッズ (アイボリー)","5669","78","50","141","¥ 7,980","","1","B0F3NCSJ6Y","B0F9TLWLNG","34.3","26","24.5","2500"
"SINGER (シンガー) SINGER シンガー 電動ミシン フットコントローラー標準装備 SN773K 黒","5673","79","50","1043","¥ 18,810","","1","B07LC935QX","","46.7","34.6","24.5","6980"
"日立 シェーバー RMH-F470B R","5674","102","50","205","¥ 8,700","","12","B08D3KWPQV","B099ZDNMLV","20.9","15.2","8","490"
"Joyly Home LEDフロアライト、20Wフロアライトリモコン付き、間接照明おしゃれ、調光・調色、タイマー、ダブルヘッドライト＋タッチコントロールでスタンド、寝室/リビング/書斎/オフィス向き、ホワイト","5679","89","100","228","¥ 6,299","","1","B0DLL7D614","B0DRV48BYV","44.3","34.5","9.2","3640"
"Ulike Me 脱毛器 サファイア冷感 ひんやり ムダ毛処理 髭 脇 腕 VIO脱毛対応 家庭用 光美容器 軽量 男女兼用 2年保証 ミストブルー","5684","26","200","20","¥ 19,680","","1","B0H6WBLS7S","","29.8","28.5","13.7","1250"
"アイリスオーヤマ フライパン 9点セット ダイヤモンドコートパン マルチエッグパン入り 蓋付き IH/ガス火対応 こびりつきにくい お手入れ簡単 MEGI-9S クリームホワイト","5685","90","50","54","¥ 9,879","¥ 9,879","2","B0FKM2BXGG","B0FL2CT8YJ","29.7","29.5","21.9","4670"
"【国内正規品】 エアロプレス (AeroPress) 本体 エアロプレスゴー コーヒーメーカー フィルター付 フレンチプレス エスプレッソ アイスコーヒー アウトドア キャンプ 持ち運び コンパクト 圧力抽出 B55977","5687","107","50","58","¥ 8,990","¥ 8,990","6","B0CWTNMWTF","B0GT4BL3SW","15.2","11.3","9.8","400"
"アイリスプラザ ソファ 2人掛け 幅110cm 高さ12cm ロボット掃除機も通れる かんたん組立 1人用にも チャコール FBS-2P","5687","97","","2786","¥ 12,799","¥ 12,799","5","B0DWDBJSST","B0DB7S9735","97","46","37","20000"
"simplus シンプラス 二層式洗濯機 脱水付き 小型洗濯機 二槽式 洗い すすぎ ミニランドリー ユニフォーム 赤ちゃん 作業着 介護 SP-NWM01 小型 コンパクト ステンレス タイマー 脱水 ペット (3.6kg/ブラック)","5701","80","100","521","¥ 8,999","","2","B0CQYDX1MQ","B0GLYTGNRT","63","56","37","10300"
"kaitou ゴミ箱 自動開閉 センサー付き 蓋付き 大容量 50L タッチ操作 ダストボックス ステンレス ブラック","5702","47","50","97","¥ 6,840","","1","B0DJNSFMN3","B0DJNQRGTR","58","46","32","3400"
"掃除機 コードレス 強力吸引30000Pa 軽量 一人暮らし 静音 スティック ハンディ対応 26分稼働充電式 車内 コードレスクリーナー","5703","119","800","790","¥ 5,398","","3","B0D5RCZ3JZ","","35.1","21.8","12.6","1310"
"ヘンケルス 包丁セット ロストフライ 三徳包丁 ペティナイフ キッチンバサミ 3点セット ステンレス ギフト 食洗機対応 【日本正規販売品】 10055-013 Henckels","6092","97","","2","¥ 8,333","¥ 8,333","1","B0C9GMP8NJ","B0DXJYX153","36.4","24","3.8","610"
"アイリスオーヤマ ルームエアコン 6畳 セパレートエアコン おやすみタイマー 内部洗浄機能 2.2kW IPF-2202S-W ホワイト","5707","116","900","125","¥ 49,700","¥ 49,700","1","B0GR8M888V","","63.2","63.2","63.2","110000"
"棚 スチール棚 ラック 頑丈 ワイヤーラック ワイヤーシェルフ ルミナス互換 おしゃれ メタル ルミナス シェルフ 収納棚 防サビ加工 耐荷重400kg キャスター付き 組立簡単 頑丈 幅76 奥行35 高さ180 5段","9225","40","","16","¥ 9,768","","1","B0G4VXN68T","B0HGQ5F3TW","178.5","76","35","18000"
"NewBoy ゲーミングチェア gaming chair オフィスチェア オットマン オフィス ゲーム用 リクライニング デスク/パソコンチェア 疲れない 椅子 テレワーク (黒と白)","5713","116","400","809","¥ 8,344","","1","B0BRTNW6X3","","71.5","59.6","26.9","13590"
"京セラ 限定色 オール熱源可 フライパン 2枚セット 26cm 玉子 セラミック加工 フッ素 不使用 ダスティピンク CF-DPK2P-26EC-AZ","4761","43","","","¥ 8,780","¥ 8,780","1","B0GSVJLC4F","B0GVHX5MSR","47.7","27.8","13.3","1930"
"イワタニ Iwatani 岩谷 クラッシュミルサー ピアノブラック IFM-CR22G","5719","102","400","328","¥ 7,470","","35","B0B4VJP3L1","","27.7","23.9","14.3","2190"
"BeaNet デスクライト LED 「無線リモコン・3光源Ultra版・JIS AA形・環境補助光・独立制御」 4段階調光調色 クランプ 電気スタンド 「24W・PSE認証済」 多角度調節 スタンドライト 目に優しい 卓上ライト 読書/勉強/仕事 ホワイト BNT-DEL04（L型 ・Ultra版）","5720","70","","4","¥ 5,998","","1","B0GS95TVR5","B0CSQ2K7R9","44.1","23.4","6","1080"
"ZPOW【整理収納アドバイザー監修】ズボンハンガー スラックスハンガー 省スペース 滑らない 跡がつかない デニム適用 1秒で掛けられる 50本組 パンツ用 グレー","5724","22","","18","¥ 5,280","","1","B0H2JGF6XJ","B0FY5RS3SV","30","20","5","600"
"京セラ 真空断熱タンブラー 300ml セラミック加工 結露しない 保温 保冷 食洗機対応 CERAMUG 黒 CTB-30BK-AZ","5725","104","50","127","¥ 5,170","¥ 5,170","1","B0D34QWHX9","B0D49BVL6L","10.8","9.2","9.2","160"
"THE GIFT PREMIUM プレミアムカタログギフト (カードタイプ） (08.S-AOO(10900円)コース) （内祝い 出産祝い 結婚内祝い）","5728","69","50","109","¥ 8,452","","1","B0BZY9CVJT","B0C9H66VZB","20.8","14.8","3.9","100"
"HAOCOO カーペット 洗える 185х185cm ラグ 2畳 北欧風 モダン ホットカーペット対応 モダン ふわふわ 滑り止め 防音 抗菌防臭 室内用 正方形 ラグマット オールシーズン適用 モザイク カラーマッチング ブラウン","5828","61","","204","¥ 7,990","","1","B0DHS6CZWG","B0DPKYC6GQ","46.4","33.5","17.3","4760"
"MORIPiLO ビーズクッション カバー くまのプーさん イエロー Midi用 65x135cm","5729","36","","121","¥ 5,313","¥ 5,313","2","B0BY8MDCSD","B0GGMB7TVJ","35.2","34.5","4.7","430"
"【Amazon.co.jp限定】 ケルヒャー(Karcher) ハンディクリーナー CVH 3 Black 強力 コンパクト ハンディ掃除機 コードレスUSB-C充電式(非スタンド充電) 強パワーモードあり 洗えて清潔二重フィルター ブラシ付きすきまノズル付属 車用掃除機に 1.198-357.0","5733","117","100","92","¥ 8,980","¥ 8,980","1","B0FFML4X8Y","B0FMJKGV5G","42.8","12.7","8.5","870"
"山崎実業 タワーシリーズ tower 引っ掛け風呂イス 25cm 湯おけ 2点セット ブラック バスチェア 【モノギャラリー限定クリアファイル付】","5735","62","50","659","¥ 5,610","","1","B09G9RXD31","B09G9RTP4D","47","37","34",""
"nishikawa 【 西川 】 睡眠ラボ ドッツプラス マットレス シングル 腰・肩のこりやすい方向け ヘルシーマットレス 点で支える 体圧分散 特殊スリット 横向き寝の肩への圧力を緩和 ムレを軽減 三つ折り 洗える側地 ホワイト HC02384401","5736","87","200","127","¥ 33,055","¥ 33,055","1","B0BKQBLYPQ","B0F9KBKC66","102","28.5","28","8000"
"【2026新登場・月・オーロラ投影】プラネタリウム 家庭用 300種類の照明モード 星空ライト 15種類のホワイトノイズ タイマー ナイトライト かんせつ照明 おしゃれ ドリームスイッチ 小学生 女の子 プレゼント 誕生日プレゼント女性 人気 オリジナル製品","5744","76","300","329","¥ 5,399","","2","B0GTL6Q4LC","B0GCHKHQ3Z","18.2","15.8","14.3","480"
"ベルーナ カーテン 4枚セット 遮光 取り付け簡単 グリーン 厚地2枚&レース2枚 幅150cm×丈200cm (555814-514)","5213","17","","756","¥ 6,990","","1","B0GLD9RK7W","B0CZNXPN5N","39.5","28.7","12.1","2390"
"【公式ストア】Mirable(ミラブル)Ex(イーエックス） シャワーヘッド ウルトラファインバブル 節水 塩素低減 ミスト水流 ストップ機能付き","5774","29","200","6","¥ 38,500","","1","B0H93S84VP","","25","18","9","725"
"天馬(Tenma) 使いやすさを追求した光沢仕上げのチェスト 日本製 完成品 フィッツプラスプレミアム 5段 特許取得済 引出しロック付きで抜け落ちを防ぐ スムーズな引出し 脚付き 木製天板 インテリアに合うリビングチェスト タンス 収納ケース 衣装ケース プラスチック 【組立不要】 【色 プレミアムブラック】 【サイズ FP5505】 【幅55×奥行41×高さ105cm】","5777","79","","2285","¥ 20,200","¥ 21,800","4","B08DQS5D13","B0F4RHDVWR","102","56","42","16000"
"Beelicious ビーりシャス ノンフライヤー 4.5L 低騒音 可視窓 大容量 エアフライヤー オイルカット 省エネ 40~200℃ 1~5人 専用アプリ栄養管理 卓上 電気フライヤー ノンオイルフライヤー 揚げ物 惣菜 LEDタッチパネル タイマー 温度調整 日本語説明書&レシピ付きPSE&METI認証済み12ヶ月保証 BAF-8401 黒色","5779","19","50","13","¥ 7,210","","1","B0HB4TP1H8","B0H6JYHSZK","32","27","27","4000"
"ダイソン フィルター Dyson HP03 HP02 HP01 HP00 DP03 DP01用 空気清浄機フィルター 空気清浄機能付ファンヒーター交換用フィルター 互換品 (X3-TXD7-A90T)","5781","49","","451","¥ 8,273","","1","B0BQM2SDB1","B0CLGMBFDF","32.6","21.1","16.8","871"
"武田コーポレーション ローテーブル リビング 幅90cm 組み立て不要 折り畳み 安定 ちゃぶ台 座卓 頑丈 子供 机 単身 一人暮らし フロアーテーブル90 大理石柄 ブラック BK 90×60×33cm T1-FTD90BK","5783","69","","50","¥ 7,606","¥ 7,606","2","B09HMQHPNG","B0BTGS5JZX","95","64.5","9","9520"
"ニトムズ コロコロ スペアテープ 50周 10巻入 フロアクリン テープ 替え フローリング カーペット 畳 元祖 ペットの毛 ダニ 花粉 お徳用 160mm幅 CC8973","5785","80","50","51","¥ 8,812","¥ 8,812","1","B0D95MCP25","B0G6K8R55P","30.1","17.9","12.5","1430"
"チェアマット AOHDM 床保護 ゲーミングチェアマット 160×140cm*2枚 厚さ4mm 畳・フローリング対応 デスク下 椅子の下に敷く傷防止","7446","18","","111","¥ 9,680","","1","B0FJG7C9LR","B0DW437RXZ","41","34","11","1430"
"KaiwayInno じんかんせんさー ライト 室内 4本セット 30cm 超薄型9mm 充電式 3色切替 無段階調光 マグネット Type-C充電","4569","60","","102","¥ 5,382","","2","B0GH72SG1C","B0G1B9CTBP","33.8","17.3","1.9","650"
"柳宗理(Yanagi Sori) ステンレス ミルクパン16cm 蓋付き 1.2L 日本製 雪平鍋 利き手を選ばないデザイン 片手鍋 ステンレス つや消し ガス火専用 左右に張り出した注ぎ口 注ぎやすいデザイン 水切れ 吹きこぼれを防ぐデザイン グッドデザイン賞","5187","70","200","523","¥ 5,200","¥ 5,200","8","B0002CETB2","B07VYXHDVB","28.6","19.4","11.3","750"
"不二貿易(Fujiboeki) ダイニングチェア 椅子 幅41×奥行51×高さ79cm ナチュラル 天然木 ファブリック 組立商品 モルト 93004","5799","80","100","325","¥ 5,300","¥ 5,300","16","B007PBMK2S","B0FFMYPN3J","86","52","10","6300"
"場ガスコンロ ダブルガスコンロ - アルミニウム、卓上および埋め込み式ガスレンジ、シンプルなヨーロピアン、お手入れ簡単、3口コンロ、 都市ガス用 家庭用キッチン/業務用キッチン用 (ブラック/ホワイト - ランダム発送)","6123","6","","1","¥ 5,699","","1","B0FCK3HQS3","B0FCKNDPQN","60","37","12","3000"
"宮崎製作所 ジオ ソテーパン25cm 日本製 IH対応オール熱源対応 7層構造 15年保証 GEO-25ST シルバー","5803","115","200","785","¥ 10,691","¥ 10,691","3","B0000DIJ43","B01JHY95F0","50.6","27.3","8.4","2200"
"セイコークロック 置き時計 目覚まし時計 電波 デジタル 大音量 PYXIS ピクシス 01:黒メタリック 本体サイズ:9.8×22.2.×12.5cm BC401K","5805","86","100","1474","¥ 7,700","¥ 7,700","1","B078W5SYGF","B0D78HV9BN","26","16","13","960"
"宮崎製作所 ジオ 片手鍋 14cm 日本製 IH対応 オール熱源対応 15年保証 GEO-14N シルバー","5810","107","50","1977","¥ 5,875","¥ 5,875","5","B0000DIJ3K","B081R6XKZY","35.1","16.8","9.4","1170"
"ツインバード 電子レンジ 【東日本専用(50Hz)】単機能 ターンテーブル 一人暮らし 大きな文字で見やすい 700W ホワイト DR-D419W5","5814","57","50","404","¥ 8,980","","1","B0151AEL26","B0GMQ67KG5","50","36","30","12200"
"山善(YAMAZEN) パーテーション 4連 ロー 間仕切り 幅161cm×奥行2×高さ105cm ナチュラル EPS-4L(NA)","5817","23","","860","¥ 6,980","¥ 6,980","1","B0H8S6Q6CX","B0H8XVJNNH","108.3","42.5","9","3350"
"パナソニック シェーバー ラムダッシュ PRO 6枚刃 メンズ 電動 髭剃り ラムダッシュAI⁺ 全自動洗浄充電器 ES-L690U-K クラフトブラック","5825","147","100","115","¥ 63,580","","26","B0DBKSVBGM","B0GQBW764V","22.2","19.4","11.2","1250"
"【ボンモマン公式】 収納ボックス キャスター付き カバン置き おしゃれ おもちゃ アンジェ(木目, スリム)","6899","54","","9","¥ 5,180","","1","B0GCKZVWBQ","B0G2X2TWFM","38.4","37.4","26.4","1110"
"フリーリー シャギーラグ ラグ カーペット 200×300cm 約4畳 防ダニ 抗菌 防臭 厚手 滑り止め付 ホットカーペット対応 絨毯 無地・ベージュ","6057","32","","522","¥ 9,980","","1","B0CJC27JVS","B0D8KD57HP","69.7","53","26","6680"
"EJ ドレッサー コンパクト 白 3色 LEDライト スライドミラー 収納沢山 化粧台 鏡台 メイク台 幅80 ホワイト 姫系 スツール 付き","5835","107","200","1345","¥ 12,980","","1","B0CRRB9DY4","B0C6PSB62T","85","51","15",""
"[山善] 洗える サーキュレーター 静音 18畳 上下左右自動首振り タイマー付き 風量5段階調節 リモコン付き お手入れ簡単 ホワイトグレー YAR-BFVW181(WH)","5836","104","100","10","¥ 5,747","¥ 5,747","2","B0GGZ1S2ZK","B0GV5THQ3D","31.5","23","23","2210"
"三栄コーポレーション 突っ張りラック ハンガーラック 棚付き 幅93cm 壁面収納 ポールハンガー 衣類収納 伸縮 スリム ホワイト MINT","5852","34","","12","¥ 6,990","","1","B0BX93TVRL","B0BYYBB2WR","103","25","12","10000"
"電気毛布 掛け 敷き兼用 160×120cm ダブルサイズ 切り忘れ防止タイマー付き AI過熱保護機能 90W 節電 速暖 省エネ 洗濯可能","5840","98","","2009","¥ 6,999","","4","B0FJXKTD1R","B0GZ3WSWW5","23.8","16.4","16.1","1030"
"野田琺瑯(Nodahoro) オイルポット ホーロー 耐熱 800ml 日本製 ロカポ ホワイト NOL-800","5843","111","","580","¥ 6,194","¥ 6,194","7","B00CFUG19M","B0CFTMT55Q","22.6","16.2","14.7","1160"
"Wellflex マットレス シングル 3つ折り 両面使える 5年保証 二層式 高反発 190N + 低反発 90N 極厚10cm マットレス 折り畳み 体圧分散 通気性 ベッド用 敷布団 ベッドマット 洗えるカバー 195*97*10CM","7497","43","50","157","¥ 5,599","","1","B0DLB2FPJM","B0GYNZWP81","79","30","30","7800"
"ウルシヤマ金属工業 ごはん釜 3合炊き 昔ながらの「かまど炊き」を再現 新米のような美味しさ 熟練職人が手造りの釜 アルミ鋳物製 ガス火専用 日本製 Siセンサーコンロ対応 謹製釜炊き三昧 KKZ-3","7058","41","50","749","¥ 8,377","¥ 8,377","3","B00EOG94LC","B0BW42ZJLC","25.3","24.8","13.9","1700"
"除湿機【 2026 年日本メーカーモデル 除湿性能アップ ！】＼有村架純表紙雑誌に登場 メディア掲載実績！／HEPA13 フィルター搭載 空気清浄機能付き 1日除湿量1L 3Lタンク ペルチェ式 梅雨対策 タイマー 省エネ HC2488-DH 純正品","5856","34","300","13","¥ 6,980","","1","B0H8SD7PFF","B0HG5PBSKB","37","30","23","3440"
"【九州大学博士監修】NIPLUX アイウォーマー EMS EYE RELAX ホットアイマスク 充電式 目元エステ アイケア 目を温めるグッズ","5867","118","200","307","¥ 13,199","","1","B0CHXYCN51","B0CHYM2QVD","24.9","14.2","10.8","710"
"シャープ プラズマクラスターイオン発生機 IG-B200用イオン発生ユニット IZ-CB200","5872","80","50","1021","¥ 6,009","¥ 6,009","14","B002QIE8DY","B08KXKNLP2","27.3","15.5","12.8","490"
"【MIMIKKO みみっこ】集音器 空気伝導 クリップ式 耳をふさがない 高齢者 充電式 テレビ 会話 オープンイヤー 日本企業 (黒)","5874","18","50","34","¥ 13,980","","1","B0HB9GPP62","B0HB929TPN","12.1","9.2","4.4","130"
"LIXIL(リクシル) INAX エコフルプラス ウルトラファインバブル多機能シャワーヘッド 節水 シャワーヘッド 浴室 交換 リフォーム 節水設計で光熱費を節約 PK-BF-SH1","5878","119","400","86","¥ 12,420","¥ 14,949","6","B0CY5FK7SQ","B0HFJQ7Q2K","25.4","14","12.9","530"
"山善(YAMAZEN) 押入れ (クローゼット) 収納ラック 幅25.5×奥行77×高さ64.5cm ストッパー付き キャスター 棚板着脱可能 組立品 ホワイト OSR-7526WH/WH","6674","77","","1248","¥ 5,500","¥ 5,500","1","B084ZGSF35","B0868L9V28","78.4","28.8","11","7450"
"OTUS（オータス）アイマッサージャー 目元ケア デバイス AI視覚トレーニング スマホ・PCによる目の疲れ対策に 視界リフレッシュ フォーカス 目のピント調節サポート 全年齢対応","5880","95","200","29","¥ 31,300","","1","B0C4XTH7RH","","25","14.5","14.5","971"
"CORONA(コロナ) 衣類乾燥除湿機 【日本生産】 除湿量6.3L(木造7畳・鉄筋14畳まで) コンプレッサー式 切タイマー付 ホワイト CD-P63A3(W)","5881","121","100","88","¥ 25,900","¥ 28,867","3","B0GKF7PS8Z","B0GTV4TLGC","56.9","39.9","27.2","8310"
"nishikawa 【 西川 】 [エアー 01] マットレス 大谷選手愛用ブランド セミダブル 高反発 ベッドマットレス用 眠りを深くする 特殊立体波形凹凸構造 自然な寝姿勢をキープ 通気性 快眠サポート 厚さ14cm 軽量 日本製 エアー AiR イエロー/ベーシック HC19801627Y 【30日間のお試しサービス対象】","6792","85","","32","¥ 99,000","¥ 99,000","1","B07YM1XCQH","B08V988RCF","124.9","36","36","12400"
"掃除機 コードレス【35000Pa強力吸引・ゴミが見えるLED】コードレス掃除機 スティッククリーナー ハンディクリーナー 2WAY HEPA多重濾過 3段階吸引 軽量 静音設計 充電式 多種類ノズル 大容量バッテリー フローリング カーペット 車用 一人暮らし 家庭用","5883","44","400","21","¥ 9,980","","4","B0H7M1W1G4","B0HDBY5593","61.5","28.5","13","3500"
"GiPP セラミックコーティング フライパン 鍋 セット 11点 IH・ガス火対応 フッ素不使用 体に害のない 焦げ付かない 取っ手が取れる お手入れ簡単 食洗機対応 オーブン調理可 PFOA PFOS PTFE フリー【一年保証】グレー","5884","51","","829","¥ 6,480","","1","B0FC2QFN1R","B0FJGBGQH9","29.7","29.1","19","4810"
"アデリア(ADERIA) 津軽びいどろ 箸置き 3.5×1cm 3個入 にほんの色ふうけい 紅葉山 日本製 F-79862","8939","82","","6","¥ 8,718","¥ 8,718","1","B09JG3D3PM","B0GGGGBVSX","10.3","8.5","2.3","50"
"ティーライトキャンドル アルミカップ 燃焼 約4時間 1,000個 ティーキャンドル ロウソク ろうそく 専門店","5480","42","","1085","¥ 10,265","","1","B005FDHWKS","B005FDHWLW","41.8","34.8","22","14680"
"JEJアステージ すきま収納 キッチン収納 スリムストッカー リセ M4段 4個セット ホワイト 日本製 18×40×85cm完成品","7019","45","","1","¥ 15,346","¥ 15,346","1","B0BZRYHKPK","B0GXKB8B3Y","87","77","41.5","15600"
"ランドリー 洗濯かご 洗濯カゴ 金属ランドリーランドリーホイール付きラウンド衣類浴室ランドリールーム用 ランドリ (ブラック,ラウンド) [並行輸入品]","7999","18","","","¥ 5,899","","1","B0F88G67ZJ","B0F88B72GQ","52","36","36","3000"
"山崎実業(Yamazaki) tower カタログギフト 5,000 ポイントコース 【オリジナル手提げ袋付き】","5912","61","50","11","¥ 6,271","¥ 6,271","1","B0GSSW9SRL","B0HGFG13WJ","30.5","18.5","2.5","170"
"アトラス 保冷ポット 保温ポット 1L 6個セット 軽量スリム 節電 省エネ 卓上ポット ステンレスポット 魔法瓶 保温 保冷 真空断熱二重構造 洗いやすい ワンタッチレバー 広口 ブラック 白湯 ATP-1100BK6P","5916","16","","691","¥ 9,880","","1","B0DKVXPTGY","B0DJVSMSB5","23","14","11","700"
"アーネスト 活性炭カートリッジ 6個セット 1個約10回分 9×9×3cm 活性炭で油をきれいに オイルポットFor油900にぴったり 日本製 A-77202","7646","53","","","¥ 5,151","¥ 5,151","2","B081CYTL3F","B0G5YTW7BG","19.3","11.4","10.9","190"
"LyriFine 電動スピンスクラバー、フルボディIPX7防水バスルームクリーナーブラシ、シャワースクラバー、ロングハンドル&2段変速、ヘッド交換、浴槽シャワータイルフロア用クリーニング用品","5935","36","","4946","¥ 8,560","","1","B0C27QC1R8","B0GZKT6NP1","43","13.4","12.8","1210"
"【2026改良型】LunarLight キッチンベイカーラック 幅80奥行40高さ156cm コンセント・フック付き 可動棚 移動式と固定式2機能","5940","50","50","115","¥ 6,990","","1","B0GKNR32L8","B0D1P9VMVX","83","42","11.7","15300"
"ベルソス(VERSOS) 掃除機 紙パック式 クリーナー ホワイト×グレー VS-5920","5949","107","300","323","¥ 8,380","¥ 11,109","8","B0CK3NPC8Y","B0F98GBFC2","46","31.8","24.2","4900"
"ライクイット (like-it) フタ付きゴミ箱 カフェスタイル フロントオープンダスト 深型 3個組 アイボリー・モカ・ピンク 約25L 日本製 CFS-14 3P スタッキング 重ねられる ダストボックス 分別 スリム ゴミ箱25L","6204","55","","317","¥ 9,595","¥ 9,595","1","B0DCK1V731","B0D47BLGKT","67","47","37.1","6100"
"マキタ 充電式ファン羽根径18cm(18/14.4V) ACアダプタ付/バッテリ充電器別売 CF102DZ","5965","48","100","1944","¥ 7,683","¥ 7,683","15","B07CPFPT2P","B0H8G3L189","29.9","28.6","19.4","1810"
"腰 背中 リラクゼーション クッション 超薄型 内蔵スライドレール 腰から背中上下自動稼働 双方向回転 3つのモード 2段階温度 全身多部位対応","10569","29","50","10","¥ 12,999","","2","B0H2DKYG5T","B0HGQFNWB8","53","46","10","2770"
"【公式】 Russell Hobbs ラッセルホブス 電動ミル ソルト&ペッパー ミニ ホワイト 2本セット 7933JP-WH 3ヶ月延長保証 黒胡椒 岩塩 片手操作 結婚祝い プレゼント ギフト キッチン家電 シンプル ナチュラル","5987","71","","1235","¥ 5,500","","1","B0CQTBH2N9","B0DNMJQ6B2","20.6","11","6.2","500"
"Orimade 浴室用ラック 強力粘着固定 お風呂の壁に ステンレス シャワーラック シャンプーラック 風呂場洗面所収納壁掛け棚 石鹸置き付き 3段式 03-シルバー","5987","60","","9248","¥ 9,277","","1","B07ZFCK7L8","B0821NP887","33.7","14.5","12.3","1120"
"Dowinx ゲーミングチェア オフィスチェア デスクチェア 社長椅子 ファブリック 155度リクライニング 昇降式肘掛け ナイトブラック","5990","102","50","1465","¥ 21,159","","1","B0G5Y31DF9","B0H29J2XJW","77","60","33","23700"
"by Amazon ペット用 吸着/撥水 タイルマット 大判 横長タイプ (45cm×60cm) 2畳用(12枚入り) モカベージュ","7182","39","","93","¥ 7,238","¥ 7,238","1","B0D2JQ6Q2P","B0D6QPZZTL","61.8","46.9","6.1","2260"
"INOVADAY カーペット ラグマット 120×160cm 約1畳 絨毯 ペルシャ風 洗えるラグ 滑り止め オールシーズン ダークグリーン","7727","41","","86","¥ 5,299","","1","B0FZJX1NZ8","B0FZGLJP1W","31","26","16","1650"
"東洋佐々木ガラス タンブラーグラス HSタンブラー ロングタンブラー 365ml 60個セット 日本製 食洗機対応 割れにくい ガラスコップ グラス コップ コーヒーグラス ビールグラス ハイボールグラス サワーグラス チューハイグラス 業務用グラス 00549HS","6006","69","","59","¥ 18,474","¥ 18,474","4","B075QZG2Z8","B0DK766TWB","45","38.1","30.2","18640"
"KCNNポータブルガスコンロ、業務用グレード、高圧直火式、シングルバーナー、中華鍋調理に最適、12kW、ステンレス製 (A)","6150","5","","1","¥ 11,324","","1","B0H32GDCLQ","B0H326JHBM","1","1","1","1000"
"冷風機 冷風扇 強力 5L水タンク 【2026年新型 猛暑対策・水冷式】 タワー冷風機 左右自動首振り タワーファン 扇風機 冷風扇風機 1台4役 冷却 送風 加湿 空気清浄 マイナスイオン 静音 8段階風量調整 4つモード 省エネ 12Hタイマー オフィス 寝室 家庭用 ポータブルクーラー れいふうき リモコン/操作パネル対応 熱中症対策 父の日 PSE承認済 保冷パック*4 ホワイト","6008","105","500","246","¥ 10,963","","3","B0GYH992P1","B0HFJQWVXT","99","25.2","21.5","5590"
"RAKU テキーラ観覧車 LED酒ボトルの表示棚 酒グラススタンド グラス付き LEDランプデザイン 卓上自立型 USB充電式 (ハート)","7725","48","100","59","¥ 6,747","","1","B0B9S1LMVJ","B0FPXFV9HJ","50","50","20","3500"
"Anker Eufy (ユーフィ) Robot Vacuum Omni E25 ブラック","6009","134","400","1263","¥ 89,900","","3","B0F9JGVSDX","B0H9PRNTN1","49.7","49.2","39.9","17850"
"ryouya ダブルバーナーガスコンロ。都市ガスとプロパンガスに対応。自動電源オフ安全装置とチャイルドロック付き。ステンレス製パネルで、汚れや腐食に強い。家庭用にも業務用にも適しており、お手入れも簡単。シンプルなヨーロピアンスタイルで、キッチン、屋外RV、アパートなどに最適。[シルバー] (シルバー天然ガス) [並行輸入品]","6295","6","","1","¥ 12,599","","1","B0GT9B548H","B0GT4THRF3","77","41","14","5000"
"チェアマット WEIDUOYI デスクチェアマット デスクマット 140×180cm 厚さ 5mm フローリングマット ゲーミングチェアマット","13683","32","","770","¥ 6,280","","1","B0D59Z2BYP","B0HF1DSP25","52.2","38.5","11","1560"
"サンコー 廊下敷き マット カーペット はっ水 消臭 日本製 おくだけ吸着 ロングマット 60×800cm ベージュ KP-43","6532","28","","1060","¥ 9,758","¥ 9,758","4","B07D2LHR25","B0BST75779","60.5","19.8","19.8","2980"
"タニタ手首式血圧計 BP-215シリーズ BP-219L","6021","127","300","307","¥ 5,986","¥ 5,986","1","B0DGTBDY2H","","10.8","9.8","9.1","252"
"タニタ アルコールチェッカー ブラック EA110ABK","6024","103","100","40","¥ 6,480","¥ 6,480","1","B0G48MG9ZD","B0G48JTLNV","16.5","8","2.9","90"
"天馬 収納チェスト 完成品 4段 ルームケース3404 キャスター付き 収納ケース 衣装ケース【ブラウン】【幅34×奥行42×高さ88cm】","7097","67","","2709","¥ 5,480","¥ 5,499","14","B008WZ3XRM","B0D4YW4MMM","86","43.2","35.8","4958"
"フリノ(Furinno) ターンNチューブ コーナーシェルフ 5段 フレンチオーク/ブラック 2個セット 【日本正規輸入品】","6787","46","","3151","¥ 5,552","¥ 5,552","1","B07MVCXGG7","B0BXJ1JPZX","45.2","35.5","22","8600"
"ティファール 電気ケトル 「カフェ ロック」0.8L ブラック KO9218JP","6029","115","","34","¥ 9,082","¥ 9,082","13","B0DSPV92PB","B0GJD3PYNS","29.8","24.3","22.4","1630"
"2 Pack H13 True HEPA Replacement Filter Compatible with Afloia Fillo/Halo/Mooka Allo Air Purifier, 3-in-1 Pre-Filter, H13 True HEPA, and Activated Carbon Filter","6031","52","","103","¥ 8,402","","1","B0BYCBNBLS","B0CSS5KFBG","20.9","16.8","16.7","621"
"mVm ゴミ箱 40L ダストボックス ステンレス ペダル式 ふた付き おしゃれ 大容量 脱臭フィルター搭載 静音 指紋防止 袋が見えない キッチン リビング オフィス用 シルバー","7551","33","","474","¥ 9,299","","1","B0FPCM3HHV","B0F3TP1YVY","78","42","27",""
"Kitchen in the box ミキサー ブレンダー 大容量 2L 氷も砕ける ジュースミキサー 1450Wハイパワー スピード調整 一台多役 ジューサーミキサー 野菜/果物/スムージー (ブラック)","6035","87","200","539","¥ 14,144","","1","B0DJNRX26Q","B0H8RQRKTG","37.6","29","19.9","4140"
"山崎実業(Yamazaki) マグネットツーウェイディスペンサー 3本セット シャンプー コンディショナー 泡タイプ 詰め替え タワー ブラック 5211 4259 4261","7269","68","","79","¥ 6,710","¥ 6,710","2","B09FXDQQG8","B0FB3KWKW8","31.2","23","8.4","1020"
"タンスのゲン パレットベッド 8枚 【繋げて重ねて、自由にアレンジ】 ベッド シングル 天然木 すのこ 17620114(94854)(110880)","6037","99","100","184","¥ 14,234","","1","B0D2CNJ562","B0D2HHPDQW","61","57","54","18000"
"ブラウン ハンドブレンダー マルチクイック7 MQ7035IGWH 簡単操作 時短 離乳食 下ごしらえ スムージー スープ つぶす 混ぜる 泡立て きざむ みじん切り 氷 大根おろし 1台6役 ハイパワー400W お手入れ簡単 食洗機 ドイツ設計 直感操作 500mlチョッパー 【2026年パッケージマイナーチェンジ】","6038","80","100","9","¥ 13,900","","9","B0GJRTWHNF","B0FYQ877FD","25.8","25.2","16.5","2040"
"山善(YAMAZEN) ベッド 折りたたみベッド 【完成品】 ベッドフレーム シングル セミシングルショート 幅81.5×奥行180×高さ34.5cm 一人暮らし メッシュ マットホワイト MF-80180(MWH)","7608","70","","16","¥ 12,800","¥ 12,800","1","B0FTLMH47G","B0GZ6KWYXP","93","84","12","14000"
"CAROTE カローテ セラミックコーティング フライパン セット 11点 IH・ガス火対応 フッ素不使用 体に害のない くっつきにくい 鍋セット取っ手が取れる お手入れ簡単 食洗機対応 オーブン対応 PTFE PFOA PFOS フリー軽量設計【一年保証】ホワイト Pusanシリーズ","6183","89","","300","¥ 6,479","","1","B0DJ765HL3","B0GHN53LG6","32.3","31.9","16.1","3810"
"クリンスイ 浄水器 アンダーシンク型 交換カートリッジ 1個 UZC2000ーGR","6044","132","400","353","¥ 12,227","¥ 12,227","14","B09FL9847G","","22.9","10.9","10.8","830"
"東洋佐々木ガラス 灰皿 アルジェ 72個セット 日本製 ガラス P-05513-JAN","6049","48","","","¥ 20,757","","1","B07RC3C6T7","B0DJGR5T5X","44.1","42.4","23.6","17740"
"大額(Daigaku) 深型・BOXフレーム 額縁 UVカットアクリル ブラック 木製 A2(594×420mm) ポスターフレーム BC-300","6052","59","","130","¥ 7,260","¥ 7,260","1","B092QNLRLP","B0989W4C3H","64.6","45.4","4.9","2340"
"Bauhutte ( バウヒュッテ ) ゲーミング座布団 ゲーミングチェア専用設計 ゲルとウレタン2種(低反発・高反発)の4層構造 柔らかさ＆安定性を両立 お尻が痛くなりにくい 椅子 クッション ブラック BC-100G-BK","6055","62","100","1038","¥ 5,606","¥ 5,606","5","B07BW92MCX","B07CM2F51R","47.2","40.8","7.4","2040"
"東洋佐々木ガラス コーヒーグラス おうち喫茶 アロマ コーヒーゼリー 310ml 48個セット 日本製 食洗機対応 ガラスコップ グラス コップ パフェグラス デザートグラス 足付き 35000HS-JAN-P","6827","18","","430","¥ 25,388","¥ 25,388","3","B075R1Q6FJ","B0DJBDHL42","53","36","36","13400"
"ティファール ハンドブレンダー ミキサー 電動泡立て器 離乳食づくり 1台6役「ハンドブレンダー べビーマルチ」 レシピブック付き HB65H8JPA","6061","120","400","348","¥ 9,480","¥ 9,480","7","B09N6K39Q7","B0DPZ7JSHY","29.8","28.8","16.5","2020"
"育てるタオル feel フェイスタオルペアセット ギフトボックス入り チャコール(グレー系)×ムーングレージュ(茶系) 34×85cm 綿100％","6064","67","100","68","¥ 6,930","","1","B0C2C22J7J","B0C2C2L5C8","26.7","14.4","13","410"
"Natty & Company ソープディスペンサー 自動 ステンレス 充電式 泡タイプ ハンドソープ 表示シール付き","6071","49","100","40","¥ 5,690","","1","B0FG1BBK7T","B0FG183MFV","17.7","12.2","10.7","510"
"シービージャパン ペッパーミル 充電式 電動ミル ソルト&ペッパー カッパー&グラファイトグレー 2本セット 専用ウッドスタンド付 岩塩 胡椒 スパイス 粗さ調節可能 atomico","6079","71","","53","¥ 5,946","¥ 5,946","3","B0DXP758V1","B0F1CM74B1","15.3","11.9","6.4","440"
"生地が引っ付かない【パンこね台】 のし台 【安心の日本製】 40×30×1.3cm はじめての方にも使いやすい安心サイズ 【ホワイト色】 親子で楽しくパン作り 耐久性の高い御影石 安心の日本製 ゴシゴシ洗えてお手入れも楽々 PKONE4030-W","6093","89","100","407","¥ 5,100","","2","B0BF4THTZS","B0DZX6LV1M","45.6","45.4","9.4","5140"
"ぼん家具 本棚 幅60.1×奥行22.6×高さ179.9cm 8段 収納 コミックラック スリム 大容量 可動棚 モルタルグレー","7731","20","","424","¥ 7,180","","1","B0H8XJP87G","B0CV7JN826","93.5","42.5","13.5","19000"
"【新登場・冷暖兼用】SAMONIC タワーファン ヒーター 3段階暖風・10段階冷風切り替え 100°自動首振り 静音モード 省エネ PSE認証済み","6101","99","50","341","¥ 8,680","","2","B0FCG4YKN2","B0FCG5CF43","59.1","18.4","17.9","2400"
"Iwatani イワタニ 岩谷 イワタニカセットガス ワイドBBQグリル CB-WBG-1","6110","102","300","17","¥ 12,898","","4","B0GWH5CDDS","B0H9W6CGFT","52.4","37","14.7","4750"
"アイリスオーヤマ 洗濯物干し 布団干し 多機能物干し 約6人用 伸縮タイプ キャスター付き 折りたためる 幅120~210㎝ H-FTM2100","6580","63","","147","¥ 10,070","¥ 10,438","4","B00SKBTHPA","B0DFPKK91X","127","55","10","9880"
"AZAKBL ハンガーラック 頑丈 大容量 伸縮式 耐荷重320kg 洋服ラック 棚付き 幅148-188×奥行40×高さ181cm ホワイト","6117","76","50","71","¥ 9,998","","1","B0F21QKM87","B0F21S9JMK","93.3","41.9","14.3","13750"
"スポットクーラー 家庭用【2026新型猛暑対応モデル・工事不要】ポータブルクーラー 8000BTU 7～9畳対応 急速冷却 除湿24L/日 衣類乾燥対応 3 in 1 ポータブルエアコン 冷房・除湿・送風 静音 リモコン付 窓用キット付属 360°回転 移動式エアコン 熱中症対策 家庭用/オフィス用 小型クーラー デジタル表示 24時間タイマー","6119","98","400","78","¥ 15,190","","2","B0GVMZ5Z2H","B0H3V38BCB","87.9","35.4","33.2","19700"
"天馬(Tenma) クローゼットや押入れのデッドスペースを有効活用できる収納棚 伸びるん棚 幅・高さの調整が可能 通気性も考慮した形状で湿気対策 整理棚 棚【色 ベージュ】【型番 トールタイプ 2台入】【幅76〜93×奥行37×高さ48〜80cm】","6123","51","50","1141","¥ 6,480","¥ 5,986","8","B00W3BFIWO","B0C9MDNPKR","81","38","13","4300"
"アイリスプラザ 布団セット 5点セット ダブル ブラウン 掛け布団 敷き布団 まくら 2つ 収納ケース付き 来客用 丸ごと洗える 抗菌 防臭 防カビ 中空ポリエステル綿 周りの空気 含みやすい 保湿性 耐久性","7474","28","","27","¥ 8,000","¥ 8,778","2","B0G64756RQ","B0DK6Y48C1","75.8","44.2","42","9340"
"山善(YAMAZEN) 収納ボックス (かご) LL 洗濯カゴ おもちゃ 収納 小物 ケース 手荷物 バスケット [MOC(モック) ロープバスケット] ライトグレー Y-MOC-RPBLL-LGY","9740","21","","4","¥ 5,280","¥ 5,280","1","B0BBVNZ5YX","B0BCWK79CF","51.5","37.9","37.3","1010"
"冷風機 卓上 冷風扇【2026新モデル・10000mAh大容量】 扇風機 自動首振りUSB充電式 コードレス 水冷クーラー 大容量水タンク 6段階風量調整 LED液晶表示 氷入れ可能 切タイマー リモコン付き 静音 省エネ 軽量 コンパクト 上部給水 抗菌フィルター スポットクーラー 熱中症対策 リビング・寝室・脱衣所 車中泊用","6130","80","500","160","¥ 7,990","","1","B0GY7VJPGT","B0H6FLBDDJ","23","19.1","18.5","1510"
"共同照明 2個セット ミニシーリングライト 一体型 LED 内蔵式 100W相当 900lm 引っ掛けシーリング用 スポットライト ダウンライト 電球色 GT-D10W-W-2B フラット配光 コンパクト シンプル 天井照明 スポット照明 ダイニング リビング キッチン （ホワイト）","5645","50","","17","¥ 5,399","","1","B0FT32QXCX","B0FR4DFPBM","13","11","11","1000"
"KANBLL 豆乳メーカー 850ml 大容量 微圧調理 スープメーカー 刃取り外し可能 8種モード ホワイト (白)","6151","101","400","256","¥ 8,538","","1","B0F9NZVKJN","B0HFVMD5R4","33.5","19.2","19.1","1860"
"タイガー魔法瓶 コーヒーメーカー ドリップ式 シャワードリップ 簡単操作 保温 0.81L 6杯用 ブラックADC-N060K","6151","119","300","3166","¥ 6,480","¥ 6,480","5","B07L8CBWGN","","33.3","29.5","18.4","2290"
"Yaheetech スチールラック本体 キッチンラック 5段 幅120 奥行き45 高さ180 メタルラック 収納棚 高さ調節可 ステンレスラック 収納ラック 防サビ加工 ネジなし 組立簡単 棚あたり耐荷重175kg キッチン 物置 倉庫 ガレージ 611410","6164","68","50","799","¥ 9,580","","1","B09MS7FP8Q","B09NR92MX9","126","52","7.5","19750"
"Jimaku アムウェイ101076CHに対応した交換用空気清浄機フィルター、二層構造HEPAフィルター (活性炭の厚さ20mm)","6278","10","","","¥ 8,030","","1","B0GZ1TKGMS","B0GZ1KRY1L","1","1","1","1000"
"スチールケース(Steelcase) Gesture ジェスチャー オフィスチェア ゲーミングチェア Wasabi 5S23 姿勢をサポートし疲れにくい アームの自由度が高い 360°アーム メーカー組立完成品 88D×53.4W×112.4Hcm【日本正規輸入品】442A40-5S23","6849","43","","1185","¥ 159,822","¥ 159,822","1","B09C4533CW","B0DFGB5JLC","99.7","56.9","53.4","21100"
"MAXZEN 電子レンジ オーブンレンジ 16L フラット ヘルツフリー オーブン グリル 解凍 自動メニュー ワンタッチメニュー 1200W シンプル 黒 ブラック MJMO16GZ01F マクスゼン","6168","56","100","29","¥ 13,980","","3","B0FXZY6PR1","B0CT54RH5H","50.6","40.5","33.4","14320"
"【monoマガジン掲載】オットマン スツール 収納ボックス 折りたたみ 幅60cm 耐荷重120kg 椅子 mugenbo (アイボリー2個セット)","7439","24","","955","¥ 5,396","","1","B0DWX1W4KQ","B0DRNHB8BH","25","11.5","4","800"
"roborock (ロボロック) Qrevo L Pro ロボット掃除機 水拭き両用 モップ温水洗浄 全自動お掃除ロボット【26年モデル・初心者向け】","6171","69","100","85","¥ 69,990","","1","B0GXB5HWWD","B0H93TX1R8","57","44","40","15670"
"Amazonベーシック 卓上IHクッキングヒーター IHコンロ 1400W コンパクト マグネットプラグ式 ブラック35 x 29 x 4.8 cm","6172","103","300","496","¥ 5,920","¥ 5,920","1","B09QD1FC5M","","41.6","35.4","9.9","2710"
"Lovikonビーズクッション 特大 100*80cm 一人掛け 人をダメにするビーズソファ 体にフィット やわらかいクッションソファ 軽量 取っ手付き カバー取り外し・洗濯可能 無臭 フロアクッション 座布団 オールシーズン おしゃれ リビング 寝室 (アイボリー, L)","6173","22","50","17","¥ 8,980","","1","B0H8SMFCTC","B0H8S5TY3K","57","57","40","3330"
"タイムモア TIMEMORE 栗子C2 手挽きコーヒーミル 手動式 コーヒーグラインダー ステンレス臼 粗さ調整可能 4色選択可 清掃しやすい coffee grinder 家庭用 省力性 ダイヤモンド (C2MAX-ホワイト)","6174","113","100","34","¥ 9,980","","1","B09M72M1N9","B0F22GHGHJ","19.2","14.6","6.5","680"
"【パッキン一体型・食洗機対応】 タイガー魔法瓶(TIGER) 水筒 500ml ワンプッシュ コップ 2WAY ステンレスボトル ハンドル付き 保冷 保温 軽量 洗いやすい フラワーパープル MTA-Q050VQ","6420","59","50","9","¥ 5,318","¥ 5,318","2","B0GXRRG7LY","B0GXS7TJ1D","30.7","10.2","9.7","580"
"【テレビで紹介】kensen スキンヘッド用シェーバー スキンヘッド シェーバー メンズ 126枚刃 3in1 男性用 IPX6防水 乾湿両用 回転 ひげそり メンズ マグネット式ヘッド 鼻毛カッター LEDディスプレイ コードレス 充電式 父の日 プレゼント ギフトセット（マグネット式替刃付き） (Silver)","6179","89","500","2226","¥ 5,235","","1","B0GXTVHMKM","B0H3ZN2JPY","16.4","16.2","9.4","620"
"リバーライト 極JAPAN 鉄 たまご焼き フライパン 大 窒化鉄 窒化加工 IH対応 サビにくい 日本製 J1618","6181","98","","794","¥ 6,000","¥ 6,000","7","B01N7Y9CBX","B0CZTBMRS9","38","21","6.6","1020"
"LunarLight ローテーブル 幅80奥行45高さ38cm 可動棚 フェルト付きアジャスター 強度安定 錆び防止 耐摩耗性 防水性 耐熱性機能","9641","78","","172","¥ 5,480","","1","B0F42QLHSH","B0DLWVBJ68","80.5","50.5","5.5","8010"
"siroca(シロカ) ホームベーカリー SB-211 ｜2斤対応 オートメニュー17種 タイマー予約 全粒粉パン 米粉パン ピザ生地 もちつき","6185","107","500","3232","¥ 9,980","","1","B0GV3ZHSMV","B0H6ZLVSWL","38.4","33.7","30.3","4740"
"TIMEMORE コーヒーミル 手動 タイムモア コーヒー ミル C3S MAX 折り畳み式ハンドル 全金属製 ステンレス臼 多段階粗さ調整 省力性, ブラック","6189","64","50","129","¥ 12,384","","1","B0C1FYXYLT","B0FP83DZBZ","19.3","14.1","6.4","790"
"【新発売】エアコン 風よけ 直撃風防止 天井エアコン 風除け 省エネ、防結露 アルミ箔断熱フォーム エアコン風よけカバー 革新フック式 簡単取り付け 耐震設計 エアコンの風よけ 風向き調整可能 循環送風 業務用 家庭用 工事不要 天井埋込エアコン99%対応 (4)","6196","67","50","23","¥ 5,380","","1","B0FD35T2M2","B0FD3569XS","58.7","14.8","6.7","900"
"柳宗理(Yanagi Sori) ステンレス片手鍋22cm ガス火専用 つや消し ふた付き 浅型 2.5L 注ぎやすさと水切れの良さを考えたフォルム 燕三条 特徴的な左右非対称 18-8ステンレス 食器洗浄機使用可能","6198","100","50","74","¥ 7,260","","7","B0000DIJ6Z","B07W33XFYT","40.9","26.8","9.7","1200"
"Kwueiit腰掛けファン便利式携帯ベルト風リング静音小ファン冷房エアコンUSB充電式大風力スマート座式扇風機ベルト風机小型強力静音軽携帯風机多機能帯風机強力座式360度左右送風携帯風机室外作業/運働服中冷却スマート送風大範囲冷却強風速無着用感前後掛腰塗氷風机スマート冷氷風腰風机多風路PCM冷外腰風机 (ダークグレー) [並行輸入品]","6538","0","","","¥ 10,538","","1","B0FDQZN3Z5","B0FDP3CHH3","1","1","1","1"
"プリザーブドフラワー 紫色 花束 3本薔薇 香りあり 枯れない花 誕生日 記念日 女性 母 プレゼント 長寿 退職祝い 贈答 人気 ブーケ","6205","58","50","157","¥ 5,148","","1","B0FBGKQ163","B0GZFQ4W5L","35.5","22.2","12.2","550"
"CASIO(カシオ) 掛け時計 壁掛け時計 電波時計 ブラウン アナログ 生活環境 温度 湿度 カレンダー 表示 ITM-650J-5JF","6207","90","100","1476","¥ 6,760","¥ 6,760","11","B008TLF3V8","B0F246RSP1","40.3","39.8","8.9","1890"
"FOCAL 日本製アネロイド血圧計 キャリーケース付 FC-100V ラテックスフリー コットンカフ グレー","6214","98","50","173","¥ 5,154","¥ 5,154","8","B00750X6SG","B0DPKFY87W","18.8","11.3","6.9","400"
"[山善] シーリングライト ファン付き 導光板 LEDライト 引っ掛けシーリングタイプ (風量3段階 / 調色3段階 / 調光3段階) 白熱電球65W相当 リモコン付き FFLC-60VR","6218","40","50","9","¥ 5,680","","8","B0F7PSWVNC","B0H8MRX111","32.8","22.6","13.2","630"
"Airdog X1D エアドッグ 省スペースモデル 高性能空気清浄機 会議室 寝室 子供部屋 TPAフィルター 浮遊ウイルス対応 エアドック カビ ニオイ ハウスダスト対策 スリープモード搭載","6220","127","200","388","¥ 73,400","","4","B0CVRNZ92Z","","40.8","40.7","19.7","5010"
"tower タワー webカタログギフト vol.5 / 山崎実業 カタログギフト カードカタログ カードタイプ","6476","74","200","68","¥ 5,280","","1","B0BC9B31FD","B0BDFC71L9","17.8","14.5","2.9","50"
"Softime 三つ折りマットレス シングル 26D 190N 極厚10cm 高反発マットレス ベッドマット 97x195x10cm ブラック","6225","64","50","95","¥ 5,586","","1","B0G13BT7WC","B0HCTYNLYF","51.9","40.3","39.5","6200"
"GOKUMIN ごろ寝 マットレス お昼寝マット 大人 高反発 220N 厚さ5cm 車中泊 防災グッズ マットレス コンパクト レジャー 災害グッズ 丸めて 寝袋 (60cm×180cm, ブラック) gorone","6227","101","200","719","¥ 11,968","","1","B0B8XYJR2M","B0F11H53FJ","63","26","26","2400"
"パナソニック 脱毛器 【Amazon.co.jp限定】 スムースエピ 髭・VIO対応 冷却機能付 光美容器 ES-NWHJC-H","6229","148","200","50","¥ 44,996","¥ 44,996","1","B0GN1XY9LP","B0H2D5ZPZP","21.7","17.3","8.1","820"
"山崎実業(Yamazaki) 横開き分別ゴミ袋ホルダー 2個セット ゴミ箱 分別 蓋付き 45リットル キッチン ルーチェ ホワイト/ブラック 4907 4908","6821","80","","2227","¥ 7,920","¥ 7,920","3","B0B1HJFNMH","B0D7KTNS55","53.7","48.3","9.6","3080"
"Mensu カーペット ラグ 洗える 絨毯 滑り止め付 200×300cm(約4.5畳) ピンク","6235","80","","470","¥ 5,299","","1","B0C6PHHVL7","B0D95KBQD6","44.2","30.9","21.4","2500"
"アイリスプラザ 布団セット 7点セット シングル ベージュ 掛け布団 掛け布団カバー 敷き布団 敷き布団カバー まくら まくらカバー 収納ケース付き 来客用 丸ごと洗える 抗菌 防臭 防カビ 中空ポリエステル綿 周りの空気 含みやすい 保湿性 耐久性","6239","47","50","38","¥ 6,578","¥ 6,578","1","B0G64B26V3","B0GH77WDPW","55","38","38","7740"
"HEIAN SHINDO 室内物干し ポール 簡単ワンタッチ取付 ステンレス ハンガー掛け3本 高さ210~280cm 耐荷重5kgx3 TMH-3 平安伸銅工業","8644","101","","227","¥ 5,515","","3","B00C1SUAG8","B0FKLYQY89","110","15.5","7","2100"
"ウルオ カートリッジ 【 PFAS 試験 400回連続実施済 】 正規品 日本製 PFAS 24項目 除去 (【新型】カートリッジ ウルオクール)","6253","44","100","17","¥ 5,280","","1","B0H4FVXL12","B0H8NLQKJ8","12.2","5.8","5.7","90"
"アストロ 衣類カバー 幅広マチ付きで厚手衣類対応 ショートサイズ 10枚組 吊り下げたまま使えるゆったりシワになりにくいマチ付き洋服カバー 通気性の良い不織布がホコリなどの汚れをガード 底閉じ仕様で舞い上がるホコリやダニなども防ぐ 防虫剤ポケット 透明窓 センターファスナー スーツカバー 衣装カバー 吊り下げ収納 ホワイト 110-82","6254","81","","83","¥ 5,902","¥ 5,902","2","B0DMR68MDB","B0BVLJWF8D","41","32.2","11.6","890"
"[CICADA] ソープディスペンサー 自動 液体 350ml 詰め替え ステンレス 充電式 防水 吐出量2段階調節 ハンドソープ キッチン 洗面所 IPX5防水 (液体タイプ)","6258","95","200","18","¥ 5,490","","1","B0FTM4HXBW","B0FW4R3BN2","20.5","20.5","20.5","500"
"ASYUNY ホワイト 紙コップ 7オンス 白無地 205ml 大容量 2000個入り(100個袋×20) ホット&コールド対応 ロースタック 紙コップ ケース販売","6269","58","200","19","¥ 5,830","","1","B0D46CYFXX","","48","37","30.5",""
"Beelicious ビーりシャス ノンフライヤー 4.5L 可視窓 大容量 エアフライヤー オイルカット 省エネ80~220℃ 1~5人 家庭用 卓上 電気フライヤー ノンオイルフライヤー 揚げ物 惣菜 LEDタッチパネル タイマー 温度調整 日本語説明書&レシピ付き PSE認証済み12ヶ月保証 白","6270","10","50","38","¥ 7,980","","1","B0GXB798J6","B0FWBFMVC9","35","27","26","4000"
"【2026最新型 コードレス】パナソニック コードレススチームアイロン NI-WL710-K カームブラック Wヘッド ステンレス×ニッケルコート","6272","111","100","21","¥ 17,001","¥ 17,001","10","B0GHMQ3Z5W","B0GNLVDNXC","29.2","27.1","17.7","2210"
"EUHOMY スポットクーラー【 全屋除湿&猛暑対応15分急速冷却】スポットエアコン 2.6kw 家庭用 ポータブルクーラー 工事不要 8-10畳 冷房/除湿/送風 2段階風量 タイマー機能 キャスター・リモコン付 移動式エアコン スポットエアコン 【窓パネル×4】 操作簡単 ノンドレン式 静音 置き型エアコン ポータブル 移動式クーラー 熱中症/暑さ対策 日本語説明書付き","6273","119","300","949","¥ 18,999","","1","B0GS8FY75Y","B0H8YLJDN9","100","45","45","35000"
"Umimile つっぱり棒 強力【驚異の最大70kg耐荷重】 真空吸盤 落下防止 突っ張り棒 ワンタッチ伸縮 (ホワイト, 335-400cm)","7386","30","","81","¥ 5,080","","1","B0FH1LCVW4","B0FY5G9ZTF","102","13.5","11","2580"
"ekans(エカンズ) 棚付きランドリーラック バスケット＋棚2段 ブラック LSH-500B","6278","93","100","198","¥ 11,980","","1","B0BLMR5MRV","B0BLMRKHF1","100","42.5","14","18000"
"KYEZOL 手動式 アイスクラッシャー ステンレス製 家庭用 業務用 小型 かき氷機 クラッシュアイスメーカー バー カフェ アウトドア アイススコップ＆収納ボックス付き (A) [並行輸入品]","6282","6","","","¥ 5,999","","1","B0FKT74W4F","B0FKT9594F","27","16.8","16.5","1500"
"ガスコンロ カウンター Tasydi トップ式 ブラック 2口 ステンレス製 強火力 安全設計 タシディキッチン用 コンパクト 簡易設置 (A,A)","6368","11","","1","¥ 5,644","","1","B0GDFVPF4D","B0GDFZ68XJ","75.5","43.5","13.5","4000"
"SOLEMOOD 豆乳メーカー 大豆まるごと 濾過不要 完全豆乳 家庭用 上下分離可能 豆乳機 お掃除楽々 豆乳マシーン おかゆ/スープ/離乳食/ジューサー/スムージー/ヨーグルトこの一台で作れる JUICER 自動洗浄機能搭載 自宅で手軽 全自動 お手入れ簡単 乾燥豆OK 予約機能 【レシピ付き】","6287","37","100","42","¥ 8,530","","1","B0GT18JY6K","B0HFCQ4N22","42","25.2","25.1","3300"
"【壁際・隅ゴミを残さず掃除】Uwant V500強化版 掃除機 コードレス サイドブラシと前後ツイン吸引口 掃除機 自動ゴミ収集ドック付き スティッククリーナー 最大50000Pa三段階吸引力切替 グリーン LED ゴミ探知ライト ペット毛絡み防止 HEPA 多層フィルター 軽量設計 付属ノズル豊富 床・カーペット・車掃除対応 Set of 1","6293","73","100","67","¥ 19,979","","1","B0H3Z86RMY","B0HCW5SL2X","75","32","31","6970"
"川口技研(Kawaguchigiken) 室内用物干し竿 ホスクリーン ホワイト 145cm~234cm QL-23-W","6294","97","200","1305","¥ 5,042","¥ 5,042","14","B01N9QMAYT","B0CMT7F1TM","147.4","9","6.6","1150"
"シャープ ウォーターオーブン ヘルシオ AX-XJ1-W ホワイト 30L 2段調理 コンベクション トースト機能","6295","136","100","210","¥ 44,800","¥ 44,800","8","B08G8CW3TM","B0DSB7FSN2","55","54","48","22400"
"【すっきり収納】 アイリスオーヤマ 耐熱ガラス容器 12点セット クリア 重ねて収納できる 汁もれしにくい 350℃まで加熱可能 そのまま食卓へ出せる 電子レンジオーブン可能 おしゃれ 時短 TGS-12S","10068","50","","152","¥ 7,110","¥ 8,242","6","B0B4DTB1GZ","B0CC9BWRB5","50.9","34.5","16.7","8840"
"タンスのゲン ダイニングチェア 【2脚セット】 肘付き クッション座面 エイジング加工 食卓椅子 ダイニング チェア 83200002(85118)","6296","74","50","135","¥ 13,285","","1","B0C2H9MDT9","B0CC8K4G7S","57.5","53","44","11800"
"サーモス(THERMOS) 真空断熱ポット コーヒーメーカー 1L ホワイト ECK-1000 WH","6312","126","50","1070","¥ 9,972","","11","B08FM3196K","B0BZRVM5RB","42","30.6","28.6","4200"
"【公式】YAMATSU STANDARD 白中華 26cm皿・5枚セット ホワイト 大皿 平皿 食洗機 電子レンジ対応 耐熱 日本製","8597","25","","25","¥ 9,075","¥ 9,075","1","B0FS1JJ892","B0G3VKWQ58","30.6","25.8","9","3300"
"【24年新発売】 ケルヒャー(Karcher) スチームクリーナー SC3 EasyFix W 連続給水可能モデル 約40秒ですぐに加熱完了するフローヒーター式加熱 しつこい汚れを浮かす 水だけ除菌消臭 床掃除 油汚れ カーペット さらさらフローリング 水垢 キッチン 風呂場 玄関 トイレ 車 衣服 付属品充実 オプションアクセサリーも充実 1.513-655.0","6315","65","100","68","¥ 28,953","¥ 29,245","8","B0CZ3YBX8C","B0F5W9SGVC","50","29.3","25.7","4890"
"Housecover マットレス ダブル 極厚 10cm 三つ折り 高反発マットレス 190N 折り畳み 140×195cm アイボリー","10092","31","","","¥ 8,282","","1","B0F4JJM33G","B0HGPRFZYW","73","33","33","5900"
"VENTOTA シーリングライト 4灯 調光調色 リモコン付き LED電球100Ｗ形付き 木目 シーリング スポットライト E26 6畳 8畳 10畳 12畳 おしゃれ 北欧 リビング 天井 ダイニング 照明 照明器具 和室 寝室 Aurora X BR st418681","8605","50","","45","¥ 10,799","","1","B0B2RKF4V2","B0GFLTQFT1","57","35","17","3400"
"萩原 い草カーペット 上敷き 柳川 江戸間4.5畳 約261×261cm い草 ラグ お手頃上敷き 双目織 抗カビ 軽量 傷防止 日焼け防止","6326","98","50","300","¥ 6,300","¥ 6,300","5","B098WST3VL","B0BSG2K69N","87","49","7.5","4630"
"オーム(OHM) 【10本入】直管LEDランプ 40形相当 G13 昼白色 グロースターター器具専用 片側給電仕様 オーム電機 ダミースターター付_LDF40SS・N/17/23K1 06-0921","6330","71","","913","¥ 19,890","¥ 23,840","8","B07TDKXFB3","B0F594G7LB","131","21","8.5","3020"
"Alupssuc 観葉植物 【高さ180cm】フェイクグリーン 大型光触媒 空気清浄 インテリア 家の中に置く人工観葉植物 おしゃれ オリーブの木","6335","72","50","2061","¥ 6,999","","1","B0DFLYQDWJ","B0D55TZPT3","91","20","20","4750"
"【WEB限定】日立 衣類スチーマー スチームアイロン CSI-RX5BE C ミルキーグレー 連続スチーム ブラシ付き 軽量 コンパクト 除菌 脱臭 当て布不要 自動電源OFF 新生活 一人暮らし ハンガー スチーマー","6337","81","100","142","¥ 6,980","¥ 6,980","9","B0BXDH793T","B0HCV7FYSG","26.5","18","13.8","1200"
"ストリックスデザイン グリップハンガー 240本 (5本×48セット)〔ケース販売〕 ホワイト 洗濯ハンガー White Laundry 部屋干し 室内 シンプル SB-090","6340","41","","78","¥ 27,230","¥ 27,230","1","B0CPLDJSMN","B0CSCTP2XS","62","58","34","14000"
"ティファール ドリップコーヒーマシン 「コーヒーメーカー メゾン」ワインレッド 0.6L CM4905JP","6347","119","200","937","¥ 5,364","¥ 5,364","8","B08VS44PKP","B0FSCL5TSH","29.4","23","19.4","1660"
"【ware hendey】 デザインめし碗 【3枚セット】 割れない皿 茶碗 日本製プレミアムブラック 耐熱240℃ 食洗機対応 電子レンジ対応 高耐久性 プラスチック製 樹脂製 食器 プレート 皿 BPAフリー 白米 銀シャリ 卵かけごはん (3)","8449","32","","23","¥ 5,220","","1","B0FFH635CJ","B0FFH413Z5","24","18.2","10.1","480"
"藤田金属 鉄フライパン GARTEN ih対応 ガス火対応 国産 日本製 フライパン 24cm 26cm 28cm 正規品 20センチ 24センチ 26センチ 28センチ 鉄パン 軽い おしゃれ 丈夫 長持ち 錆びにくい 焦げにくい 鉄 FUJITA KINZOKU 藤田金属(fujita kinzoku) (GARTENハンドル, 24cm)","6359","55","","76","¥ 6,650","","1","B0DS6XXMSF","B0H4FQN9RW","43","27.7","9.3","1120"
"リズム(RHYTHM) シチズン 掛け時計 電波時計 アナログ 温度 湿度 カレンダー (デジタル 液晶表示) 静かな 連続秒針 茶色 Φ30x5.1cm CITIZEN 8FYA05-006","6360","75","200","167","¥ 5,302","¥ 5,302","12","B0CWTV6KJL","B0CX5FMHRV","33.9","33.2","6.9","1110"
"CORELLE（コレール） フライパン 28㎝ IH対応 ガス火対応 PFASフリー 有害物質不使用 食洗器対応 オーブン対応 【10年保証】 ドウシシャ","6373","98","100","274","¥ 13,000","¥ 13,000","1","B0DTHMK2GH","B0G1RZJVH1","54.9","35.8","10.5","1860"
"加湿器 大容量 上から給水 4.3L 43時間連続稼働、小型 超音波式 お手入れ簡単 次亜塩素酸水対応、加湿量最大300ml/h 26dB静音 12～28畳対応、3段階調整 空焚き防止 水漏れ防止 乾燥対策 ホワイト（ UBROBO HU450 ）","6374","47","200","20","¥ 6,999","","1","B0GSQG3VLY","","30.9","27.6","19.9","1760"
"RELX 背中 筋膜リリースガン トータルボディケアアーム 【日本企業企画】 筋膜リリース ハンディガン ギフト プレゼント","6375","106","","3039","¥ 7,490","","1","B0DT6V81JG","B0F4WB6PFK","40.1","23.4","5.9","940"
"Lepro AI フロアライト OE1 スタンドライト RGBIC搭載 間接照明 おしゃれ 【1,000lm/電球色/虹色/1,600万色/Alexa対応/音声操作/DIY機能/音楽同期】スマート照明 フロア スタンド ルームライト スマート フロアランプ スマホ操作 部屋 寝室 かんせつ クリスマス プレゼント","6376","70","200","65","¥ 5,936","","2","B0FM43W41J","B0FWRDQPN1","38.9","23.1","12.1","1860"
"和平フレイズ フライパン用 蒸しカバー 28~30cm ドーム型 乗せるだけ 簡単 蒸し料理 クックデリー ステンレス フライパンカバー AME-7439","6378","96","50","66","¥ 5,055","¥ 5,055","1","B0BTRZGCFY","B0BZHSNY3F","32.7","32.7","10.4","1110"
"TOKIGAWA ロールスクリーン ロールカーテン 1級遮光 完全遮光 遮熱 断熱 幅120cm 丈200cm ベージュ 表裏同色 防寒 UVカット チェーン式 簡単取付け カーテンレール取り付け可能 目隠し 間仕切り 日本語取扱説明書付き","8913","39","","37","¥ 6,880","","1","B0GDQPGS7V","B0GDM77TX5","125","8","8","3500"
"マットレス セミダブル 極厚22cm ベッドマットレス 高反発 通気性 体圧分散 硬すぎず柔らかすぎず 圧縮梱包120x195x22cm","6384","47","100","53","¥ 12,999","","1","B0H3NPQN6F","B0H3MYW953","127","26","26","21000"
"カリタ 電動コーヒーミル CM-50 BK メジャースプーン付き 43017","6386","79","","227","¥ 6,400","¥ 6,465","2","B07YMNVTKL","B085CHMJ9P","18.4","10.3","10.2","840"
"カーペット ラグマット 200x250CM 厚手15mm 低反発 防音 洗える 滑り止め付 ベッド暖房 ホットカーペット対応 防ダニ 抗菌 撥水加工 ふんわり手巻き フランネル じゅうたん 約3畳 Bestome ブラック","6388","96","","60","¥ 7,480","","1","B0GFDDZVSY","B0GLX66JWT","39.8","30.6","12.1","3240"
"Lutown-Teen ベッドフレーム シングル ローベッド スチールフレーム メタル 低い 収納付き パイプ 通気性 安定性 頑丈 耐久性 静音 ギシギシしない シンプル おしゃれ 組み立て簡単 高さ25cm ホワイト","6390","75","50","1981","¥ 7,219","","1","B0FMDS5TQN","B0CPFQ4H1G","99","27.5","10","10680"
"ネスプレッソ カプセル式コーヒーメーカー イニッシア ブラック 水タンク容量0.6L コンパクト 軽量 D40-BK-W","6397","62","100","1274","¥ 14,900","¥ 14,900","2","B00IIFDYE8","B0D8NZB4V5","34.7","33.5","19.8","2980"
"LED蛍光灯 40W形 T8直管 120cm 両側給電 昼光色 6500K 消費電力18W 口金G13 天井照明 高輝度2600LM グロー式工事不要 PL保険(メーカー保証二年) 家庭、学校、病院、事務所、工場、倉庫に適用 10本入り","6404","73","100","191","¥ 6,399","","1","B0D14NL59X","B0DSGDW37V","125","20.7","9.5","2450"
"アイリスオーヤマ 過熱水蒸気 エア フライヤー 3L 2～3人用 ノンオイルフライヤー スチーム機能 ジューシー FV-M30A-C アイボリー","6409","88","300","63","¥ 7,600","¥ 9,000","20","B0G4CC1S2F","","33.4","30.7","27.3","3420"
"山善(YAMAZEN) 収納ボックス Sサイズ 【10個セット】 荷物置き 収納バスケット メッシュ 折り畳み バッグ 手荷物 収納 かご バスケット 荷物入れ 幅37×奥行25×高さ32cm 組立カンタン ブラック HTB-S10P(BK)","6414","74","","496","¥ 32,800","¥ 32,800","1","B0DMSKJVHX","B01N14YY9J","43.8","41.5","35.3","12180"
"PVC製 円形 チェアマット 透明 床保護マット 直径180cm 厚さ2mm 透明 ゲーミングチェアマット 滑り止め お手入れ簡単 床暖房対応 凹みキズ","13566","16","","","¥ 13,199","","1","B0F48BNBT2","B0DWMCLK7B","150","4","4","10110"
"RELX【整体院長監修】ネックウォーマー PLUS【日本企業企画】EMS 温熱 ネックケア 首 肩 リラクゼーション器","6473","113","100","1698","¥ 6,990","","1","B0BPSXJWWR","B0G3PQT37P","19.7","18.8","8.4","530"
"パナソニック コードレス スチームアイロン NI-QL300-Y サニーイエロー 軽量 シンプル","6427","89","100","157","¥ 5,273","¥ 5,273","3","B0DCFWLTH5","B0DCJTV2DF","23.5","23.4","17.4","1840"
"座椅子生活® (ざいすせいかつ) 大切な人に贈りたくなる座椅子 GRANFORT (グランフォート) 座椅子 一人掛け 肘掛け (ライトブラウン / 14段階) レバー式 リクライニング (FRL1-カーサ)","6430","51","","44","¥ 15,622","","1","B09MYJ9ZW4","B01GZHWJKK","73","62","58","13600"
"【取り出しやすくリニューアル! 】アイリスプラザ キッチンワゴン 調味料ラック バスケットラック 木天板タイプ 収納ワゴン 3段 キャスター付 幅44.5×奥行35×高さ78cm ダークブラウン KW-L002","6434","56","","2840","¥ 6,223","","1","B07ZVT35QD","B0D1F62PC9","46.6","32.8","29.8","8820"
"arboleaf 筋膜リリースガン ハンディガン 温冷ヘッド 自適応モード 10mm振幅 5種シリコンヘッド 5段階振動 小型 軽量 静音 パワフル","6434","0","","76","¥ 6,980","","1","B0HFRRMPGL","B0HCY6H1BT","17","16","6","890"
"山崎実業 ボタンプレス機能 13段階高さ調節 スタンド式人体型アイロン台 プレミアム 4620","6437","66","","1504","¥ 8,580","","6","B000ZMYFN6","B07YXXYBTJ","100","43","7","4949"
"【プロアスリート愛用】uFit RELEASER Mini 筋膜リリースガン ミニ 強力 8mm振幅 軽量 静音 使い方動画 日本ブランド ブラック","6440","119","400","2882","¥ 16,800","","1","B093S6D8L6","B0FBFRTZXW","19.1","18.8","7.7","1080"
"【工事不要】 ポータブルクーラー 4.5～7畳 移動式 冷風 送風 除湿 IPP-2226U-H グレー アイリスオーヤマ","6677","66","50","18","¥ 29,777","","3","B0GZZGLCGB","B0FGX83XGM","89","46","43","27000"
"NIPLUX ネック リラックス 首 肩こり 温熱 電動 5種類モード 16段階強度調節 NECK PREMS ネックプレミス","6449","98","200","120","¥ 13,200","","1","B0F37VKD24","","31.2","29.5","12.7","1250"
"共同照明 シーリングライト 4灯 6畳 8畳 北欧 シーリング スポットライト 照明器具 天井照明 GT-DJ-2DW-9WT-2 LED電球60W形付 調光 調色 リモコン対応 E26 折りたたみ式 ウッドリング モダン おしゃれ カフェ風 天然木 リビング照明","7290","50","","226","¥ 8,909","","1","B0836FG7KB","B09ZL9QFD1","40.4","24","15.2","2200"
"VENTOTA 2個 ソファー 3人掛け 肘付き L字 カウチソファー クッション付き レイアウト自由 ローソファー 3人掛け おしゃれ ソファー 2人掛け 収納ポケット付き コンパクト 北欧 シンプル 幅約167cm Beris-N BR (2個｜バーントブラウン クッション2個付き)","6451","70","","964","¥ 54,480","","1","B0FMHP5LD1","B0DW3T838R","166.5","68","65","36800"
"エバークック フィット フライパンセット 8点セット IH対応 ガス火対応 【500日保証】 PFOAフリー PFOSフリー 着脱式レッド evercook fit ドウシシャ","6455","103","50","132","¥ 13,800","¥ 14,064","9","B0FQMWWCBS","B0FQNDCPYX","30.7","29.2","16.7","2850"
"TOSHIBA(東芝) 温水洗浄便座 温水便座クリーンウォッシュ オート脱臭・リモコン付 SCS-T260 パステルアイボリー","6459","104","100","3023","¥ 24,002","¥ 24,002","6","B003I89FX4","B0H98T3WH5","57.6","51.7","21.4","6220"
"CIRCLE JOY 電動ペッパーミル ステンレス USB充電式 塩コショウグラインダー 粗さ調節可能 110mlコンテナ 充電ベース 白色LEDライト 片手で操作 2本セット シルバー","6467","72","50","160","¥ 5,280","","1","B0F7Y3WTSY","B0DQWW2C8X","23.3","11.7","9.2","871"
"ティファール コードレススチームアイロン ジェットスチーム最大80g/分 立ち上がり約30秒 フッ素樹脂かけ面「フリームーブ ミニ」 FV6111J0","6470","125","100","98","¥ 6,682","¥ 6,682","18","B0C2PKGGB9","B0GQH1LPBL","29.5","23.1","17.3","2070"
"ウォールシェルフ 奥行20cm 賃貸 壁を傷つけない 穴を開けない 石膏ボード 壁掛け棚 壁面収納 飾り棚 北欧 白 ホワイト 60cm 2枚","6470","42","","101","¥ 5,200","","1","B0D3HFSLYF","B0D3KBNRRG","63","23.5","6.7","2950"
"【2枚組】セキスイ 遮熱クールアップ 100×200cm 遮熱シート 窓ガラス 網戸 断熱 紫外線 UV カット 遮熱シート窓ガラス 日避け マジックテープ 簡単取り付け 窓用遮熱シート uvカットシート 窓 紫外線カットシート","6479","74","300","70","¥ 8,380","","1","B0D9FSWTCM","B0F896ZXTS","38.2","26.8","9.7","680"
"バスタオル 大判 エステタオル 業務用 綿 100％ 薄手 70×140cm 844匁 12枚セット モカ エステ サロン 大判 タオル セット","6489","64","50","28","¥ 7,999","","1","B0FLDDHVJB","B0FLCRTS7L","49.3","42.1","18.7","3210"
"kukeimaru 棚 オープンシェルフ ラック 6段 本棚 幅60×奥行30×高さ169cm リビング 寝室 オフィス ホワイトマーブル","7814","27","","237","¥ 7,999","","1","B0F9Y5TGX5","B0DGPFXRPV","92","35","13.5","13760"
"Puremy 圧縮袋 旅行 衣類圧縮袋 電動 ポンプ 充電式 圧縮バッグ 旅行 真空 収納 衣類 洋服 圧縮 あっしゅく袋 再利用可能 真空収納袋 20枚（8枚S+8枚M+4枚L)","6497","55","50","41","¥ 5,680","","2","B0GWCZPJWM","B0H29KH6QP","27.2","21.1","18.3","1560"
"Beelicious ビーりシャス スープメーカー ポットクッカー 1000ml 大容量 豆乳メーカー 予約 加熱式 時短 全自動 12時間保温 レシピ本 操作簡単 洗いやすい 自動調理ポット 自動洗浄 多機能 豆乳機 お粥 カレー 煮込み ジュース スムージー 離乳食 おかゆ ギフト プレゼント ベージュ","6498","9","50","6","¥ 6,950","","1","B0H5KH125W","B0HF814H8L","35","21","21","2000"
"アイリスオーヤマ メタルスリム MK-2512N","6501","58","","1849","¥ 5,170","","6","B00ISKEOVA","B07TL8GMDN","93","24","9","5840"
"Holdm ベッドフレーム セミダブル 宮棚付き 2口コンセント パイプベッド 床下収納 高さ30cm 耐荷重300kg スチール製 ホワイト","6504","88","50","979","¥ 10,796","","1","B0C6XVRLKR","B0HDRKL9VL","127","18","18","12000"
"RULAYMAN 【折りたたみ 収納ボックス】25L(3点セット) アウトドアテーブル 蓋付き 積み重ね 全方向から取り出せる 衣類 布団 おもちゃ 小物 収納大型 プラスチック キャスター付き 組立簡単 防カビ 防湿 厚み 強い耐荷重 大容量 家庭用 車用 (ブラック)","9611","30","","83","¥ 7,599","","1","B0G6JVCXWH","B0D5LQNZWQ","45","41.5","30","6000"
"LOLYKITCH 28CMステンレスフライパン ガラス蓋付き 無涂层 3層複合ステンレス鋼 IH対応 金属ヘラ使用可 人体工学ハンドル 耐熱300℃ 洗碗機・オーブン使用可","6505","48","50","387","¥ 5,129","","1","B0FY2TPR86","B0GYP339NZ","47.2","29.7","10.2","2100"
"ステンレス フライパン 28cm 蓋付き(ガラス蓋) 全面三層構造 IH・ガス火対応 ノンコーティング 食洗機可 有害物質不使用（PFOA・PTFEフリー） オーブン・セラミック対応 プロ仕様 激厚耐久","6508","32","100","486","¥ 6,999","","1","B0H6WRSTBX","B0HGWKSLXS","30.7","30.7","10.8","2420"
"アイリスオーヤマ サーキュレーターアイ DC JET 15cm KCF-SDCC151T-B ブラック","6509","137","100","77","¥ 7,920","¥ 7,051","9","B092VC4TWH","B0FH9QBRD9","34.4","26.2","26","2040"
"新潟精機 SK 日本製 側溝 カバー セーフティープレート カートン入タイプ 96枚入 ST-MB","6513","36","","210","¥ 25,319","¥ 25,759","13","B001ROZHJ2","B0F8N5JJYM","32.4","28.4","23","8550"
"【地上波TVで紹介×助産院導入】 極柔シルク採用のG型抱き枕 補充綿付き ［年中快適 素肌がよろこぶなめらか素材で至福の寝心地を］ 男女兼用だきまくら(ネイビー)","8385","52","","40","¥ 7,980","","1","B0GPWQPJR8","B0GPWTHZ22","38.7","28.3","17.1","3800"
"アイリスプラザ 敷き布団 三層構造 極厚10cm ボリューム感 ウレタン入 巻綿使用 しっかり支える ホコリ出にくい 肌触り コンパクト 三つ折り セミダブル","6519","83","","3161","¥ 6,167","¥ 6,167","5","B08CBN2DBJ","B0D66X2W9D","63","35","35","6150"
"BODUM ボダム コーヒーメーカー コーヒープレス CHAMBORD シャンボール フレンチプレス コーヒーメーカー 1000ml カッパー ステンレスフィルター ガラスビーカー 浸漬式 コーヒー 【正規品】 1928-18","5466","66","","21864","¥ 7,778","¥ 7,778","2","B00PW53CR6","B0846786DY","25.3","16.5","11.2","700"
"Ulike AirPro S 脱毛器 サファイア冷感 痛みレス USHR搭載 髭・VIO対応 プレゼント メンズ レディース 2年保証 ダークグリーン","6526","22","100","20","¥ 29,880","","1","B0H6Q35WNF","","21.5","20","11.5","1280"
"ドウシシャ ルミナス スチールラック キャスター付き 防サビ加工 5段 幅90 奥行46 高さ180 メタル ラック リビング スチール 棚 シェルフ 業務用 オフィス 家庭 キッチン 収納 シルバーラック ワイヤーシェルフ","9225","21","","5","¥ 13,780","","1","B0G1M39R6Y","B0HGQ5F3TW","129","60","34","18000"
"MAWA すべり落ちない ハンガー KH35U 幅35cm パンツ スラックス ブラック 50本組 ドイツ製 10年保証","6531","42","","750","¥ 15,000","","2","B08XXDNZR1","B0BJJYKTGY","47","33","10","5400"
"TKUIN キッチンワゴン キャスター付き 回転式4段 組立不要 収納ワゴン スッキリ (ブラック)","6537","57","","114","¥ 5,999","","1","B0G38ZCTSW","B0G38XNP26","68","30","30","4500"
"RXGAMING ゲーミングチェア オフィスチェア イス 椅子 テレワーク 疲れない ファブリック デスクチェア オットマン付き ゲーム用チェア145°リクライニング パソコンチェア 座り心地よい テレワーク 収納便利 ブラック","6538","94","200","1118","¥ 12,889","¥ 15,499","2","B0FXX6K1DN","B0FD7JJK4G","79","59","27","18510"
"タンスのゲン マットレス ダブル【硬めの寝心地 ボンネルコイル】 厚み14cm 通気性 コイル数480個 強度 17800146(89695)","6775","56","","2187","¥ 12,999","","1","B0CL9B1JNT","B0GN7TLF64","141","28.5","28.5","19000"
"【オンライン限定】ティファール スチームアイロン 衣類スチーマー 2WAY 脱臭 除菌 「スチーム ラフレ」 マットブラック DV8076J0","6546","125","400","65","¥ 11,300","¥ 11,300","2","B0FFMKZ2VC","B0GS8T8MQL","23.5","15.6","15.2","1030"
"山善(YAMAZEN) 本棚 大容量 スリム 8段 【全体耐荷重90㎏】 幅30.5×奥行39.5×高さ184cm 転倒防止ベルト 可動棚 漫画 コミック 収納 ラック 組立品 オーク調 CRB-1830(LBR)","6870","49","","3606","¥ 7,180","¥ 7,180","1","B0GV2HPBQ4","B0GX666RV9","102","32.5","16","16840"
"MORIPiLO 【最大30日間お試し対象】 枕 いびき防止 逆流性 対策 傾斜枕 三角枕 クッション 背もたれ 呼吸がしやすい 角度 吐き戻し 軽減 | 背中から支える 斜め枕 グレー (70x70x厚み20cm) 439667 モリシタ","6816","59","100","8","¥ 5,600","¥ 5,600","1","B0GXDZ24ZH","B0G4M8FP9P","43.1","25.3","24.4","2520"
"nishikawa ごろ寝マット スイート (ブラウン) お昼寝 ごろ寝クッション 座布団 軽量 コンパクト 折り畳み キャンプ 車中泊 HD93995501","6557","89","50","248","¥ 11,007","","7","B0DNQK8YR6","B0DP9VK7PT","63.1","26.6","22.3","3670"
"ノンフライヤー 3L エアーフライヤー air fryer ノンオイル 電気フライヤー 揚げ物・惣菜調理機 1~2人用 nồi chiên không dầu 可視窓付き LEDタッチパネル 温度調整/タイマー 日本語説明書・レシピ付き PSE認証済","6567","141","400","2150","¥ 6,571","","5","B0FKBJHDTS","B0HGN91JL7","30.9","26.3","26.2","2940"
"LED 蛍光灯 40W形 直管 昼光色 120cm 2300LM グロー式工事不要 でグロー球を外すだけで使用できます 買い換え 節電 工場照明 PL保険済 10本入","6570","52","100","390","¥ 6,383","","1","B081F57Q13","B0DSGDHGG9","124.7","20.5","9","2550"
"LunarLight チェスト タンス 幅60奥行29高さ104㎝ コンセント・引き出し付き ストッパー付きキャスター 耐震転倒防止","6576","86","50","118","¥ 6,390","","1","B0FHW3KL8N","B0F66TZKHY","63","30","15","9800"
"ドウシシャ ルミナス スチールラック キャスター付き 防サビ加工 メタルルミナス 幅60 奥行35 高さ95 3段 棚耐荷重80kg ポール径19mm リビング キッチン 収納 新生活 引っ越し オフィス","9225","24","","46","¥ 6,118","","1","B0F2F6FPW7","B0HGQ5F3TW","94","59.5","34.5","18000"
"ANDWINT ローテーブル 組立簡単 安定 座椅子用テーブル センターテーブル 一人暮らし幅100×奥行50×高さ42.5cm リビング 机 デスク 木製 北欧風 シンプル おしゃれ 収納付き リビング/オフィス お食事/ティータイム","6582","90","","127","¥ 6,500","¥ 6,500","1","B0D22XHHF2","B0D3YWVVT9","107","55","7","6000"
"京セラ オール熱源可 両手鍋 20cm ガラス蓋 セラミック加工 フッ素 不使用 ベージュ CN-20CBG-AZ 【オンライン限定】","6586","53","","6","¥ 5,480","¥ 5,480","1","B0FXLLTNZ9","B0GVHXHJMB","33.4","23.3","12.5","1390"
"ハグモッチ® 正規品 冷感 抱き枕 ふわもち 妊婦 【カバータイプ：冷感】 安眠 枕 【寝姿勢を保つ/体圧分散】 クッション 大きい プレゼント 【カバー洗える/補充綿付き】クールブラウン","6592","67","100","286","¥ 9,555","","1","B0DCDTYLJD","B0DSGT6RKN","38.1","34","15","1500"
"【年間売上500万本突破×整理収納アドバイザー推薦】TITIROBA ハンガー かたくずれ防止 すべらない 跡がつかない おしゃれ 50本組","7244","76","","59","¥ 6,450","¥ 6,450","1","B0B1B5XGT6","B0H69M1HLR","45","34.6","29.1","5550"
"SPACEKEEPERの3段式スリム収納カート。モバイルシェルフユニット。オーガナイザー。スライドアウト収納。車輪付きユーティリティカート。タワーラック。キッチン/バスルーム/洗濯/狭い場所に。プラスチック&ステンレススチール。","6608","104","","24439","¥ 13,200","","1","B07QRH2PZS","B07TDQJ1SY","42","15.5","12.6","890"
"Quirix ハンガーパイプ 壁付け ハンガーラック 大容量 おしゃれ 見せる収納 DIY 洋服ラック キッチン 浴室 ハンガーバー 頑丈 オープンクローゼット 耐荷重100㎏ (壁から10CM,120CM)","14850","3","","11","¥ 6,200","","1","B0F3J143QD","B0F3J16GPW","45","35","35","1000"
"パリパリキュー ライト 生ゴミ処理機 電動2L家庭用 温風乾燥式 脱臭 消臭 助成金対象 ブルーストライプ フィルター2個入 PCL-35F2-BWB","7328","41","","124","¥ 21,000","","1","B0DDNHFDN5","B0CT2DV73T","32","25","25","3540"
"HCHQHS ラック オープンシェルフ 4段 木製 収納 本棚 オープンラック キッチンラック リビングラック 棚 おしゃれ 北欧 木目調 組立簡単 ディスプレイラック スチールラック 幅80cm","7819","50","","870","¥ 10,980","","1","B0CQFZGQWP","B0B99669BP","117","36","26","12450"
"万博出展_【広げるだけで完成】シューズボックス 折りたたみ [クリア扉で中身が見える]靴箱 スリム シューズ入れ シューズラック 下駄箱 靴 収納 シューズケース 省スペース (3面クリア, 12段（6段×2セット）)","6745","42","","65","¥ 7,790","","1","B0DZXMLNBH","B0F7GQM9YL","41.6","40.2","31.4","7460"
"[山善] 掃除機 コード式 サイクロン 軽量 一人暮らし スティッククリーナー ハンディ 2WAY 強力吸引 簡単操作 簡単お手入れ すき間ノズル付き ホワイト ZSC-C1000(W)","6618","91","","25","¥ 6,980","¥ 6,980","3","B0CTQCZ44Q","B0H9PWR3LR","61.8","41.4","13.5","2720"
"ベッドシーツ 麻 100% 日本製 （ホワイト ダブルサイズ 140×200×40cm） Lino リネン ボックスシーツ おしゃれ 北欧 洗える スリープテイラー リーノ","7111","30","","524","¥ 8,583","","1","B09JK8FQQY","B07CKM93LJ","31.8","24.2","6.4","1040"
"Umimileラック スチールラック 幅80cm 4段 耐荷重120kg/段 メタルラック (幅80×奥行40×高さ114cm, ブルー)","10541","26","","456","¥ 10,280","","1","B0B12H2RRG","B0D6GGQGYS","87","47","11","13000"
"[TAVARAT] ちょうどいい バスタオル 今治タオル 小さめ ミニバスタオル コンパクトバス スリムバス44×100cm Tps-200 (ライトブルー, ニバスタオル 4枚)","7781","17","","5","¥ 5,990","","1","B0GXCSDN8Z","B0GPCF35RR","21.8","19.1","6.7","600"
"中村 タオル 無地のし 熨斗付き 10枚入 ケース売り 計200枚 白 約62.5g","6623","72","","299","¥ 28,607","¥ 28,607","1","B01N1G2A90","B01MYPHL19","65.2","49","33","16200"
"HOKEEPER ハンガーラック 耐荷重275kg 超強靭スチールパイプ 3ウェイダブル構造 大容量衣類/靴/傘収納 物干し＆洋服掛け両用 全方向伸縮式 高さ自由調整 スリム省スペース ローラー付き 玄関/寝室/洗濯室 簡単組立 (黒い)","6627","44","50","3135","¥ 11,890","","2","B0FMJZRVN8","B0BY24NXYH","83","57","13","13500"
"アセキ ジューサー スロージューサー 搾りカス分離 低速回転 小型 ミキサー 高い搾汁率 酸化しにくい 取り付け簡単(ブラック, Mサイズ)","6629","114","100","1940","¥ 6,973","","3","B09MD4LBF3","B0HG7ZSB2R","43.6","15.5","14.2","1890"
"Softime マットレス シングル 【硬さ190N 高密度24D】極厚10㎝ 高反発マットレス 97x195cm ブラック","6629","37","50","134","¥ 5,599","","1","B0DZ6DHV9G","B0HFWDKJVY","51","33","33","3900"
"タンスのゲン 踏み台 ワイド 昇降 高さ調節 7段階 天然木 スツール 子供 木製 昇降 軽量 ステップ台 2段 低い49600845(99530)","8020","10","","169","¥ 8,999","","1","B0BWQ1FTGQ","B0C3ZQK5ZJ","66","47.5","16","6000"
"Kirnuoガスコンロ ポータブル 業務用 高圧直火コンロ 1バーナー中華なべ 5.2Kw ガスコンロ ステンレス製コンロ (双渦巻強火 シングルバーナー,都市ガス)","6662","3","","","¥ 5,999","","1","B0GTV8DFH1","B0GTVJXP17","75.5","43.5","13.5","5000"
"MORIPiLO サンリオ 夏用掛け布団 クロミ (ひんやり快適 冷感クールケット) シングル 140x190cm とろける肌触り 子供 大人兼用 タオルケット 肌掛け グッズ 洗える 可愛い パープル sanrio クロミちゃん キャラクター まくらのモリシタ","6649","40","","2","¥ 9,470","¥ 9,470","1","B0F48BN6VP","B0F4XKZ616","41.4","34.8","6.7","730"
"Hersvin シェルフライナー 24インチ x 20フィート キッチン引き出しマット 非粘着性 EVA 食器棚プロテクター キャビネット裏地 (ライトグレー/ドット)","6597","31","","15219","¥ 9,319","","1","B0B42LGXWM","B08CH6C1QV","61","8.1","8.1","1656"
"ネルコンシェルジュ すのこベッド 【組立簡単 耐荷重350kg】 バノン セミシングルショート ベッドフレーム/ホワイト","8553","52","","515","¥ 14,050","","1","B07V8GXRR5","B0CVLNRJTQ","95","82","13","18100"
"ADESSO(アデッソ) 時計表示オンオフ切替 メガ曜日日めくりカレンダー デジタル 大きいサイズで見やすい 電波時計･時計表示オンオフ･12/24時間･朝昼夜を細かく表示 置き掛け兼用 電子カレンダー 認知症 高齢 非売品ステッカー付属","6668","48","200","128","¥ 7,998","","1","B0C1JTK9Z5","B0H36W6VHM","25.3","23.9","4.2","680"
"山崎実業 tower タワー スリム目隠しダストワゴン タワー 45L ブラック ゴミ箱 おしゃれ ふた付き ゴミ袋スタンド 10640 【モノギャラリー限定分別シール付】","8598","34","","","¥ 12,650","","1","B0GXYZBB9P","B0BJZ55DSK","55","50","33",""
"蛍光灯 40w形 昼白色5500K グロー式の照明台座に工事不要「グロー球を外す」120cm 直管蛍光灯40形 G13 T8 全光束2400LM 両側給電LEDランプ 広い照射角 270度 8本","11134","40","","6","¥ 6,250","","1","B0B77BPQ7X","B0GCCZHQZ9","121","12","6","3200"
"アイリスオーヤマ 天板付きキッズトイハウスラック TKTHR-39R ナチュラル","6677","93","100","3235","¥ 6,661","¥ 6,661","2","B0G58LCZ26","B0D7GKYD5F","84","32.5","21","11320"
"セイコークロック 掛け時計 電波 アナログ 木枠 天然色木地 直径30×4.7cm KX249B","6683","95","200","1256","¥ 6,645","¥ 6,645","23","B07KWXMQHX","B07WCTB8QR","36.4","36.2","7","1260"
"Dowinx ゲーミングチェア ファブリック 170°リクライニング 4Dアームレスト ポケットコイル座面 オットマン付き あぐら対応 ブラック","6688","98","100","1794","¥ 20,710","","1","B0GL6KVF1X","B0GQB7BG5D","79","57","29","23150"
"タキズミ(Takizumi)【25年度/新モデル・日本製・木製枠（桐）】 スクエア形LED シーリングライト 省エネ 工事不要 簡単取付 ~12畳(日本照明工業会基準)調光調色/色・明るさコントロール 500円玉サイズボタンと充実機能のリモコン GBK12646","6691","104","100","181","¥ 10,350","¥ 11,283","2","B0DN1434YS","B0D94BX79Z","65.2","63.8","16.7","2400"
"AIFY 掛け布団 夏用 ダブル 190 210cm 肌掛け布団 洗える 軽量 ピーチスキン 洗いざらし リバーシブル 抗菌 防ダニ 通気 春夏秋向け SEK認証 ネイビー（約1.5kg）","5723","66","","275","¥ 10,832","¥ 10,832","1","B0F24KRK31","B0G2KTCVB7","41.2","29.5","12.4","1790"
"【節電対策】[山善] 洗える サーキュレーター DCモーター 18畳 360度首振り 風量9段階 羽根径15cm 入切タイマー リモコン ホワイト YAR-SDM15(W)","6701","73","50","9","¥ 6,506","¥ 6,506","2","B0GGYP465D","B0GVQ9NL64","34.6","27.1","26.5","2530"
"ふりんのLUDER 5段本棚 オープンシェルフ 本棚 無地 ホワイト","8053","10","","20","¥ 19,499","","1","B0GTYJ452T","B0DMQM76YL","85.7","30.2","11.4","11476"
"【WBC世界チャンピオン井崎英典氏推奨】エペイオス(Epeios) 電気ケトル コーヒー ドリップ 0.5℃温度調節 0.9L 1200W ブラック","6719","91","100","1344","¥ 12,540","","2","B0B41SZQTJ","B0FG2M4NZQ","31.5","24.4","20","1600"
"Divoom Times Gate 5Wayデジクロック スチームパンク風 PCデスクを彩る 近未来 ガジェット RGBライト【5スクリーン自由DIY：時計/天気予報/ピクセル作品/写真/SNSファンの数/カレンダー など対応】専用アプリ WiFi接続 ゲーマーのプレゼント（チタンシルバー）","6720","87","100","962","¥ 10,300","","1","B0CDWJCJ3W","B0GGGR6G7T","31.6","13.3","8.3","930"
"無印良品 スタッキングチェスト 幅37×奥行28×高さ37cm 引出し2段 ウォールナット材突板 12381136","6722","51","50","69","¥ 6,997","¥ 6,997","1","B0BN1ML3MF","B0BXKLVLPP","43.9","42.5","35","6990"
"ブラウン マルチミックス1 ハンドミキサー HM1011 軽量コンパクト 静音 150W ハイパワー 4段階スピード ターボ 握りやすい 持ちやすい 簡単操作 お手入れ簡単 食洗機 ドイツ設計 ビーター 泡立て 生クリーム お菓子作りニーダー こねる パスタ パン パンケーキ ホワイト","6724","79","200","168","¥ 5,400","¥ 5,400","3","B0DHYWXT1R","","22.5","19.9","8.5","1170"
"【正規品】JF-45N 浄水カートリッジ 【17+2】物質除去 交換用ビルトイン 交換用浄水器カートリッジ スタンダードタイプ 浄水器ビルトイン型 キッチン部品（JF-43N後継品）1件","6725","11","","62","¥ 6,999","","1","B0H82QPVTY","B0H5VPZ36V","27.8","12","11.8","1150"
"ＨＡＲＵＭＩＮ ラグ 夏 カーペット 接触冷感 極厚25mm 190×240cm(約3畳) ひんやり Q-max0.45 厚手 ダークグレー","6726","85","50","93","¥ 5,999","","1","B0FX24J292","B0GS7LJXCY","46","38.4","32.8","3510"
"YFFUふくらはぎケア 空気圧フットケア コードレス式 膝温熱3段ヒーター 太ももケア 足むくみ解消グッズ 誕生日・父・母・敬老の日プレゼント 二足入","6738","64","","23","¥ 8,264","","1","B0GTY42F8D","B0GWH3XP7F","28.4","22.8","21.4","1350"
"イワタニ Iwatani 岩谷 カセットガス ホットプレート 焼き上手さんβプラス CB-GHP-BPLS","6744","58","200","186","¥ 10,780","","2","B0B8N444R1","B0FLPVYPTZ","52.6","47.3","17.9","5170"
"【在庫一掃】QQpony ペルシャ柄 洗える ラグマット ラグ カーペット 3畳 200*250cm ミルキーホワイト","6746","69","","166","¥ 5,999","","1","B0FG72X2BD","B0DLFYPGDV","49.1","40.4","17.2","5990"
"Hion 磁気カーテンタイバック ホワイト 4個パック カーテンタイバック バックル ホールドバック ホルダー フッククリップ ホーム 寝室 オフィス 装飾 厚い または 薄い カーテン","6746","38","","4959","¥ 5,255","","1","B0B37592KB","B094NJRK9P","20.6","11.3","4.8","168"
"掃除機 コードレス 軽量【85KPa超強力吸引・0.5kg超軽量】収納スタンド付き コードレス掃除機 45分連続稼働 ハンディ掃除機 スティッククリーナー ノンブラシ構造 自動ホコリ検知 低騒音 HEPA多重濾過 ペットの毛にも 一人暮らしにも最適 3年保証 （Withe）","6750","116","200","101","¥ 7,912","","6","B0G6JF9MRK","B0HG9SF6M6","44.5","19.8","11.6","1620"
"ZWILLING ツヴィリング 「 エンフィニジー パーソナルブレンダー ブラック 550ml 」ミキサー ジューサー スムージー 小型 ボトルブレンダー レシピブック付き 【日本正規販売品】 ENFINIGY PERSONAL BLENDER 53101-101","6754","69","","67","¥ 8,394","¥ 8,394","2","B0BMT3ZJ46","B0FTKJ2JRD","28.9","23.9","19.7","3050"
"象印マホービン 電気ポット 2.2L 優湯生 省エネタイプ VE電気まほうびん 5段階温度設定 ブラウン CV-GA22-TA","6768","84","100","3286","¥ 14,000","¥ 14,000","1","B074FWJPCY","B0DYJXLS5Y","31.5","29","28","3150"
"【40個セット】 シモジマ ヘイコー 食品袋 PP 食パン袋 20-30 （規格袋11号） 100枚入り ×40束 006721561 透明 厚0.025×幅200×高300mm (40)","6770","74","","94","¥ 12,800","","2","B07CWR2ZW3","B0CGNWMDMX","45.1","33.6","13.5","11810"
"DQ CORAL 『新レシピ本200選』付き クリアせいろ 透明 せいろ 蒸し器 受け台 セット 18cm 2段 蒸篭 蒸し器 蒸し板 ホーロー鍋セット グレージュ 中華せいろ セイロ 蒸籠 18cm クリアせいろ＋22cm蒸し板（鍋内径20cm対応）＋グレージュホーロー鍋","8406","5","","24","¥ 5,980","","2","B0HFJBY158","B0H9KPZ6K9","42","24","22","2000"
"光 どこでもミラー 粘着付 鏡 915×1818×0.5mm DKM-91185","6779","63","","803","¥ 17,325","¥ 17,969","5","B00R71PNP2","B0151040IG","181.8","91.5","181.8","100"
"【2026年版新モデル】フットリラクゼーション 足裏リラックス ふくらはぎ 軽量 静音 温熱 自動オフ 【安心の保証付】 NOSA DESIGN","6781","46","200","9","¥ 5,800","","1","B0H54PXVQN","","33.8","21.1","15.2","1190"
"SONGMICS ハンガーラック 頑丈 大容量 伸縮ポール 洋服ラック 業務用 幅110~150cm スチールパイプ 高耐荷重130Kg 衣類収納 安定性 キャスター付き 移動しやすい ホワイト HSR011W01V2","6784","51","","263","¥ 5,310","¥ 5,310","1","B0G8VPJ196","B0HDCMBZ6S","118.5","23","8.5","6350"
"NaturesHomeテーブルクロス 透明,デスクマット,防水,耐油,厚手,テーブルクロスビニール，1.0mm 1.5mm 2.0mm,3.0mm,カット,耐熱長方形 撥水耐久汚れに耐える手入れ簡単サイズ選択可能,カスタマイズ可能，クリア ビニール 無臭 PVC製 デスクマット テーブルカバー (透明3.0mm,100x200cm)……","6082","23","","206","¥ 6,222","","1","B0G14XLQQ4","B0FJ7HSTR1","98","8","8","3300"
"アイリスオーヤマ ドリップケトル 800ml 温度調整 保温機能 空焚き防止機能 お手入れ簡単 AKE-C800T-B【Amazon.co.jp限定】","6793","121","50","2114","¥ 8,700","¥ 8,980","2","B0DR2MRZXZ","B0DW8RPVSL","25.5","23.5","22.5","1400"
"HOMEDANT House 組立簡単 ラミネート棚板 スチールラック 4段 幅60 奥行40 高さ120 ホワイト 頑丈 メタル 収納棚","6793","3","","65","¥ 26,400","","1","B0GS7HTY42","B0CR9S2WJ2","65","41.5","12","31000"
"ルミナス スチールラック キャスター付き 業務用 オフィス 倉庫収納 大容量 つっぱり 耐震 つっぱりラック 突っ張りラック 壁面収納 収納ラック 地震対策 頑丈 6段 幅180 奥行60 高さ237～275cm","9225","20","","3","¥ 56,800","","1","B0F29BWTFN","B0HGQ5F3TW","275","186.5","65","18000"
"pasima パシーマ ベビー キルト ケット 90 × 120 ｃｍ 日本製 (クール系)","6795","5","","16","¥ 5,500","","1","B016MJ7VSG","","32.6","23.2","6.8","380"
"【Amazon 限定ブランド】XIWEIYI チェアマット フロアマットゲーミングマット 床保護マット家具保護パッド キズ防止・防音傷防止マットズレない 吸着セルフ粘着TPR マット 厚み4mm 静音吸音 丸洗い可能特大 180×140cm（モカ）","6332","19","","109","¥ 5,769","","1","B0DCZ82J8K","B0DWK652Q1","52.9","38.4","12.6","1510"
"Merytes ローテーブル 幅100cm 折りたたみテーブル リビングテーブル R角保護 丸 木製 おしゃれ 簡単 収納便利 ソファテーブル","8781","62","","69","¥ 5,250","","1","B0GJYJ6PRQ","B0DDCP686V","102","48.5","8","6660"
"ボンスター 業務用金たわし ソープパッド 24個×30個 調理器具 金属みがき 油汚れ コゲつき 特殊網 天然ヤシ 無リンソープ付","6805","40","","431","¥ 19,800","¥ 19,800","1","B0D3PMZ74F","B0CTQ5GKXK","48","40","32","11000"
"シャープ プラズマクラスター イオン発生機 IG-LTA20-W 天井設置型 LED照明一体型 E26口金 人感センサー 高濃度25000 トイレ用 除菌 消臭","6806","17","100","6","¥ 12,500","¥ 12,500","2","B08115P5SC","","25.8","11.2","11.1","540"
"TOTO【12物質除去タイプ】ビルトイン用浄水カートリッジ TH634-2","6811","121","300","824","¥ 16,209","¥ 16,209","23","B005LAM9ZI","","22.8","11","10.7","820"
"【Amazon.co.jp限定】Elgato Key Light Neo – プロ仕様のビデオ通話向けライト、ちらつきなし、調整可能なモニターマウント、手動/Wi-Fiコントロール、オフィス/ストリーミングに最適、Teams/Zoom/Slack/Twitch/Youtubeに最適 – ノートPC、PC、Macにプラグアンドプレイ","6811","44","50","7","¥ 8,980","¥ 8,980","1","B0CWL5BP5L","B0D47F2Q7F","19.3","18.9","4.9","570"
"三栄コーポレーション シングルベッド マットレス付き ローベッド 宮棚 LED照明 1口コンセント すのこ かため ポケットコイル ナチュラル","7990","15","","","¥ 26,980","","1","B0BY1ZNZHV","B0BY1YTT7Z","105","45","15","21000"
"ZINUS 低反発 マットレス シングル 厚さ 20cm Green Tea 緑茶成分 3層構造 通気性 吸湿性 体圧分散 メモリーフォーム やわらかめ 天然由来成分 | 圧縮梱包 ベッド 一人暮らし ジヌス | 日本正規品 GTFM ホワイト","6815","89","","496","¥ 13,900","¥ 13,900","1","B0846HFDCQ","B0FQ3HPSMB","103","34","34","14250"
"hiorie(ヒオリエ) 日本製 バスタオル デイリータオル 3枚セット チョコブラウン 泉州タオル","8973","13","","138","¥ 5,210","","1","B00TQQ9SA2","B07RY5MRHT","34.8","24","12.2","900"
"パナソニック 蛍光灯(直管) 40形 クール色 スタータ形 パルック 4本入 FL40SSECW374K","6832","49","","770","¥ 7,980","","1","B001VFU7TC","B0778FPF52","125.5","7.4","6.5","1280"
"無印良品 パイン材ユニットシェルフ 中 幅86×奥行39.5×高さ120cm 61182292 ウォールシェルフ 棚 本棚","6841","50","100","210","¥ 15,915","¥ 15,915","1","B09S3B1LX2","B0H8Y56XGH","125","41","15","13700"
"ナガオ 燕三条 純銅 アイスコーヒー マグカップ 500ml 日本製","7967","49","","","¥ 5,956","¥ 5,956","2","B0D7CSYTLZ","B0H38ZVZ4S","13.5","11.6","8.9","240"
"オムロン ハンディ吸入器 NE-S20","6847","90","200","480","¥ 6,900","¥ 6,900","19","B09GRWD72M","","24.4","21.2","10.5","280"
"セイコークロック(Seiko Clock) セイコー クロック 置き時計 目覚まし時計 電波 デジタル 交流式 カラー液晶 シリーズC3 01:黒 本体サイズ:7.3×22.2×4.4cm BC406K","6859","114","300","2814","¥ 9,625","¥ 9,625","1","B07GSR8BW8","B0FFN4SG5X","23.6","11.4","9","740"
"シリコンクッキングマット 200×50cm 大判 パンこね台 ベーキングマット 製菓用 耐熱250℃ カット可能 滑り止め 防水 ブラック","8998","35","","1142","¥ 7,980","","1","B0DT6N6YJ4","B0B629WH4N","51.2","9.4","9.1","2410"
"VENTOTA LED電球 E26 100w 調光 調色 リモコン付き 直径80mm 昼光色 昼白色 電球色 1500lm 常夜灯 広配光 高輝度 高演色 大きい 省エネ 遠隔操作 LUC-15WE26G lucimo (ルシモ)","6991","44","","16","¥ 8,082","","1","B0BV644232","B0BV5WWS85","50","50","50","200"
"ダクトレールライト ライティングレール用スポットライト ledスポットライト消費電力10W 暖かい光3000K LED搭載 大光量1100lm アメリカ(BridgeLux)LEDチップ 演色性Ra96.5 器具一体型 電球不要 取付簡単 ブラック(ブラック+電球色+6個入り)","6874","67","50","56","¥ 8,492","","1","B0CCVLBLPG","B0DCN753XK","24.8","21.6","14.6","1500"
"Geluoxi テーブルマット エンボス加工 テーブルクロス 80*130cm 透明 長方形 PVC製 テーブルカバー 厚さ5mm 耐久・耐熱 防水 汚れ防止 撥水加工","9423","12","","321","¥ 6,299","","1","B0D4VZ36WC","B0DN51WZPZ","60","3","3",""
"[CICADA] シンク下 収納 引き出し スライド 伸縮 収納 キッチン 隙間 (ホワイト 2個セット, 奥行42cm/Mサイズ)","6877","33","","37","¥ 5,382","","1","B0DRHJBZMZ","B0F5PW37DK","45","35","20","5400"
"マーナ (marna) ドアストッパー (両手がふさがっていても固定/解除可) マグネット式 ストッパーマグネット 玄関 ドア ブラック W662BK","6879","104","300","175","¥ 5,500","","1","B0DSL4XMK5","","18.8","6.7","5.1","160"
"[山善] 布団乾燥機 縦置き/横置き対応 くつ乾燥アタッチメント付 ZFD-Y500(H)","6885","117","200","837","¥ 6,980","¥ 6,980","15","B01N8QB3B8","B09V835LMT","35","30.8","16.9","3080"
"マイヤー(Meyer) フライパン 28cm ステンレス IH対応 ふっ素樹脂加工 底面三層構造 「マキシム」 【国内正規品】 MXS-P28R","6886","109","50","503","¥ 7,432","","3","B01GUX0K0A","B08G8QRSJ8","49.5","33","11.9","1900"
"野田琺瑯 ホワイト保存容器 ラウンドストッカー27ｃｍWRS-27","6902","91","50","1604","¥ 6,000","¥ 6,000","5","B0058B9R3C","B0CFTQ6L54","31.8","31.2","30.5","3190"
"ハクバ HAKUBA フォトフレーム アクリルLフレーム Lサイズ タテ 12枚セット ]【まとめ買いセット】 AMZFACL12-LT 写真たて POPフレーム メニュースタンド","10324","52","","23","¥ 5,760","¥ 5,760","1","B073P16J3B","B0FD397WLP","18.5","11","7.5","660"
"Meikaso シートクッション 2点セット座布団 腰クッション低反発クッション ファッション車腰まくらランバーサポート アップグレード ハイエンド 人間工学 腰サポート腰痛クッション お尻クッション 骨盤サポート 運転 背もたれ 腰当て 車用品 オフィス 椅子 敬老の日 ギフト (ピンク)","6907","58","","649","¥ 5,265","","1","B0CGNJ5BK6","B0BLC5DKRB","39.7","23","11.2","1530"
"BRUNO ブルーノ エアフライヤー ガラスエアフライヤー ノンフライヤー フライヤー 家庭用 油なし 卓上 アジフライ 自宅用 ガラス 温度調節 コンパクト 一人暮らし ノンオイル ヘルシー カロリーオフ 油分カット 揚げ物 温め直し 簡単収納 レシピ アイボリー レシピ付き BOE122-IV","6908","106","100","95","¥ 12,000","¥ 12,000","5","B0F8F5QC82","B0F8F4ZQJN","35.3","27.6","25.4","3580"
"ディノス 調理 食器 器物類 レンジメートPRO グランデ AR2151(サイズはありません ウ：グレージュ)","6912","48","50","783","¥ 9,680","","1","B0DMQZTK73","B0BHF3MN2S","27","24.1","10.9","1420"
"Balin ハンディファン 冷却プレート ペルチェ【-25℃瞬間冷却×広角送風×自然風再現】携帯扇風機 静音 最大20時間連続稼働 冷却ファン 手持ち扇風機 卓上扇風機 ミニフアン Type-C急速充電 熱中症対策 ストラップ付き プレゼント ギフト","6924","77","50","111","¥ 5,980","","1","B0H17KDCX1","B0HGP14JBM","20.4","8.8","4.4","310"
"Aladdin (アラジン) グラファイト グリル & トースター 4枚焼き トースト パン (焼く/煮る/蒸す/炊く) タイマー機能 レシピブック グリルパン付き [遠赤グラファイト 搭載] ホワイト AGT-G13B(W)","6929","126","100","369","¥ 20,800","¥ 20,609","21","B0CJLD3B5J","B0G4CPZSM7","39.9","39.4","35.9","6750"
"Feekaa 電気ケトル ガラス 温度調節 (±1℃) 72H保温機能付き 1.3L大容量 37℃~95℃温度設定 湯沸かしケトル 小型 急速沸騰 茶漉し 耐熱ガラス お茶/コーヒー/粉ミルク/お湯/漢方薬 コンパクト 電気ポット 電子ケトル 調乳ポット 静音 省エネ 一人暮らし おしゃれ お手入れ簡単 空焚き防止 SMARTメモリー機能 electric kettle (ホワイト)","6930","26","100","245","¥ 5,206","","1","B0H9RWVGPR","B0HC25RS3B","32.5","22.5","19.6","1470"
"アイリスオーヤマ 本棚 大容量 棚 収納棚 ラック スリム 棚 おしゃれ ラック おもちゃ スライド 収納 幅約90×奥行約29.2×高さ約92.2cm スライド棚 オープンラック 大容量 組立品 ホワイト ダブル CSD-9090","5690","99","200","3790","¥ 9,281","¥ 9,281","1","B01KSXQA34","B0GW7XX4XX","36","33.5","19.8","26200"
"CAROTE カローテ フライパン セット 17点 食洗機対応 IH対応 ガス火対応 PFOAなどの有害物質不使用 5層構造 軽量 取っ手のとれる マーブルコート くっつきにくい 鍋セット 洗いやすい 卵焼きフライパン オーブン対応 調理器具セット パープル 紫 Grain グレインシリーズ スペシャル 【365日保証】【新生活応援】【耐摩耗性テスト50万回クリア 】","9338","65","","28","¥ 12,480","","1","B0FV2Z5W7B","B0GTY5X56S","33.4","29.4","18.1","4230"
"YURIBUG 哺乳瓶収納ボックス 乾燥ラック 防塵カバー付き 水切り 清潔保管 キッチン収納用 取り外し可能トレー (ホワイトブラウン) (D,ホワイトグレーです)","16294","5","","","¥ 6,480","","1","B0GBXRYTG3","B0GBWTZM43","20","13.5","10","3000"
"延長排気ダクト 移動式エアコン用 排気管 スポットエアコン用 排気管 スポットクーラー ダクト 延長 直径伸縮ホース 左回転 右折 空調排気ダクト 直径 伸縮式排気ホース 携帯用エアコン専用 反時計回りねじ山 (左回り130mm,5M)","6950","16","","8","¥ 5,190","","1","B0G2XQLLFJ","B0G2XMMLYV","301","16","14","1000"
"【省エネ・節電に】 ドウシシャ サーキュライト ソケットモデル メガシリーズ 回転モデル R 引掛モデル 自動回転 調色5段階 調光7段階 100W相当","6953","114","200","158","¥ 13,280","¥ 13,280","2","B0CBP6FQDW","B0CCNDY8B6","26.7","26.5","18.2","1370"
"Noend オーガニックファインバブルシャワーヘッド 99%塩素除去 （活性炭フィルター1本付属 | 塩素チェッカー2包同梱） (シルバーグレー)","6959","107","50","187","¥ 19,600","","1","B0DGCBTVCX","B0FNWVJ3VH","34.4","15.9","9.6","870"
"NELPANDA 【anan・CLASSY.睡眠特集掲載】 高級綿100％ 掛け布団カバー CLASSICシリーズ 5つ星ホテル仕様 サテン織 300本高密度 綿 長繊維コットン100% オールシーズン ベッドリネン 上品でなめらかな光沢 （セミダブル・170×210cm, グレーグリーン）","11543","22","","92","¥ 8,500","","1","B0D76QK7SM","B0H95FXGZF","30","23","6","1000"
"アール SAKuRAKu 水切りラック 2段 ホワイトグレー JIN-521","6961","53","100","335","¥ 7,640","","1","B08L9KFLQY","B0BRPZFFJ5","63","44","20.3","3700"
"ホタルクス 丸形スリム蛍光灯(FHC) LifeEスリム 114W 20形+27形+34形パック品 昼光色 FHC114ED-LE2","6969","59","","398","¥ 6,450","","1","B0B517PG77","B0BNPX9WFR","378.8","38.2","2.7","560"
"アトラス ペットボトルホルダー 水筒 まとめ買い 12個入り 保冷 ペットボトルクーラー 500ml 650ml 真空断熱 折りたたみ ハンドル 取っ手付き ボトルインボトル 花柄 イエロー ABIB-EFYE12P","7991","24","","118","¥ 17,250","","1","B0DVBYWC2W","B0F9F5J7Z2","18.9","9.8","9.6",""
"BIUTEFOR トング ステンレス 焼肉トング キャンプ バーベキュー 薬味 調理用 すべりどめせっけい 堅牢耐摩耗性 (25)","6973","53","","187","¥ 7,999","","1","B0DYJKD3KW","B0F28P73W4","26.8","17.4","8.5","1490"
"ベビー吐き戻し防止スロープ枕 横向き寝 新生児 授乳枕 布団 出産祝い 寝返り防止 添い寝 (恐竜ピンク)","14910","3","","4","¥ 5,500","","1","B0FPCJK8JR","B0FPCGDLLC","52","35","18","1500"
"【26年最新】SwitchBot ロボット掃除機 K11+ Pro 超小型 - 高精度マッピング 12000pa強力吸引 水拭き 使い捨て掃除シート30枚付き 禁止エリア 静音設計 遠隔操作 自動充電 落下防止 2.4GWi-Fi対応 Alexa Google Home IFTTT Siriに対応 アイボリー","6979","53","100","1263","¥ 49,800","¥ 49,800","1","B0GYSGM9NC","B0H74HCKKP","33.2","29.3","29.1","6100"
"つっぱり式 間仕切り 突っ張りパーテーション自立式 部屋の間仕切り壁 非破壊設置 ドリル不要工具不要 調節可能 幅70cm～310cm 高さ2.1m～3.1mカーテンリングとミニフック付き","6984","41","","20","¥ 8,734","","1","B0GLF7Z6YF","B0GH5SSJCT","115","15","13","4000"
"フレディレック(Freddy Leck) ランドリーバスケット ビッグ 2個セット 39L | 大容量 洗濯かご かご 籠 バスケット 収納 ランドリー収納 ソフトバスケット 軽い 丈夫 シンプル おしゃれ 日本製","7574","84","","2","¥ 6,600","¥ 6,600","2","B0F24DGKK3","B0F28G1B9J","56.4","43","41.4","1710"
"パナソニック 食器洗い乾燥機 ホワイト NP-TSP1-W 賃貸住宅にも置ける タンク式 スリムサイズ 工事不要 食洗機","6994","119","50","283","¥ 64,000","¥ 64,000","4","B09G2L8C4Z","B0DWDZBM3X","64","60","40","21650"
"ダイキン【ペットの毛･ニオイ対策】加湿 空気清浄機 2025年モデル MCK505A-W 22畳 10年間フィルター交換不要 ストリーマ 壁際設置 静音 お手入れ簡単 スピード吸込 節電 花粉 ハウスダスト ウイルス アレルゲン（ﾀﾞﾆ､ｶﾋﾞ）脱臭 清潔加湿","6995","111","300","304","¥ 28,290","","11","B0DBQFBYKS","","80","33","33","12000"
"TIMEMOREタイムモア栗子C3S Proブラック手挽きコーヒーミル 手動式コーヒーグラインダーステンレス臼粗さ調整可能 清掃しやすい家庭用省力性","6996","52","50","861","¥ 11,584","","1","B0F4QQWVKG","B0B7M61LS6","19.5","14","6.6","740"
"ALIVTAII【移動可能】ハンガーラック キャスター付き 細長いデザイン 竹製 3段棚 大容量 コンパクト 幅(63CM)×奥行(34CM)×高さ163cm (ブラック,43*34*164CM)","7006","2","","","¥ 5,682","","1","B0G1BVGD1Z","B0G1BLKTST","98","36","12","5400"
"[山善] ノンフライヤー 5.5L ガラス窓 庫内灯 大容量 エアフライヤー レシピ付き 卓上 家庭用 揚げ物 コンパクト ブラック YAJ-AC1355(B)","7007","12","","","¥ 11,800","¥ 11,800","1","B0HDCHFV35","B0HDMXGMCB","40.1","38.4","31.9","5100"
"Nobby ヘアアイロン ストレート 15mm [ 立ち上がり18秒 100～200℃ 温度調整/ロック/メモリー機能 ] 自動OFF 開閉ロック 海外対応 やけど防止 メンズ ラク抜きプラグ Nobby by TESCOM スモーキーグレー NIS300A-H/E","7010","11","200","105","¥ 5,980","","1","B0FBV64JYW","B0H2TJ8H16","37.2","13.7","8.8","490"
"山善(YAMAZEN) 本棚 大容量 コミック400冊収納 スタッキング 上下連結 棚板可動 漫画 本 収納 棚 ラック 幅80×奥行29×高さ90cm 組立品 ホワイト COR-8090S(WH)","7012","58","","1","¥ 7,180","¥ 7,180","1","B0GW7WVYVF","B0H624LV8C","97","32","17","17000"
"NELPANDA 【anan・CLASSY.睡眠特集掲載】 高級綿100％ ボックスシーツ CLASSICシリーズ 5つ星ホテル仕様 サテン織 300本高密度 綿 長繊維コットン100% オールシーズン 上品でなめらかな光沢 洗える 全周ゴム式（セミダブル・120×200×35cm, グレーブルー）","8513","30","","30","¥ 6,120","","1","B0D76QRWVC","B0H8ZBPR1B","30.7","21.9","5.5","640"
"MoonMeguri キッチン収納 キッチンツールラック キッチンベイカーラック 幅57×奥行39.5×高さ133cm 5色展開 高さ調整可能 スライド棚板 小物倒れ防止柵 S字フック・キャスター・2口コンセント付き 組立かんたん 傷汚れに強い 電子レンジ棚 レンジ上収納 キッチンラック 食器棚 炊飯器 オーブントースター リビング 小物収納 (ナチュラル, 幅57cm)","7036","54","50","50","¥ 6,990","","1","B0FNRJD59M","B0FNRK5KQ6","85.7","39.4","12.2","12030"
"象印マホービン オーブントースター 2枚焼き ブラック EQ-JA22-BA","7039","107","","222","¥ 16,080","","18","B07VGCBGFW","B0B882QDTX","37.6","35.6","31.6","5540"
"象印マホービン ホットプレート やきやき 3枚タイプ 深型プレート 焼肉プレート たこ焼きプレート ブラック EA-KK30AM-BA","7042","122","200","294","¥ 14,990","¥ 15,500","2","B0CBFG558F","B0FVWSG7TJ","55.5","40.5","24.5","8000"
"オムロン(OMRON) 低周波治療器 HV-F080シリーズ HV-F082-JT ホワイト スポケア","7051","95","300","90","¥ 20,980","¥ 20,980","1","B0FFSSMYQC","","21.5","15.4","9.8","904"
"衣類スチーマー Pursay かけたまま スチームアイロン 100-240V 海外対応【濡れずにすぐに着られる×大量超微細スチーム】 ハンディ コンパクト シワ伸ばし 服 アイロン パワフル連続 スチーム 120ml 水タンク 700g 軽量 ドライアイロン 脱臭 除菌 ハンガーにかけたまま 出張 旅行 自宅 プレゼント","7055","96","100","73","¥ 7,980","","2","B0FVF3Z566","B0FXG7PH5M","33.5","13","7.3","1000"
"山崎実業(Yamazaki) 伸縮 水切りワイヤーバスケット ブラック 約W44~54×D19.5×H14cm タワー tower 水切りラック カトラリーポケット付き 3493","7068","101","50","358","¥ 5,940","¥ 5,940","10","B0747NXVF1","B083P64KSY","44.4","21.2","15.2","1540"
"【Amazon.co.jp限定】ダイニングマット 透明 PVC 床保護マット Bolinker チェアマット 拭くだけ・お手入れ簡単・キズ防止・防音マット キッチマット家具保護パッド 厚み1.5mm ダイニング/フロア/畳/キッチマット80x270CM","8922","6","","120","¥ 6,580","","1","B0H3CBSGL8","B0FL2BN998","82","8.5","8.5","4120"
"【Amazon.co.jp限定】 コイズミ 単機能 電子レンジ 17L ターンテーブル 【50Hz専用】 東日本 一人暮らし 簡単操作 ダイヤル式 大きめ文字 ブラック KRD-1701/K5","7078","62","100","43","¥ 8,780","¥ 8,780","1","B0DV9B92C8","B0DWFHXPK4","50","38.5","30","12500"
"チェスト タンス スリムストレージ 幅18/25/30cm 隙間収納 収納ケース 収納棚 引き出し式 キャスター付き 転倒防止 大容量 多機能 プラスチック リビング キッチン バスルーム 寝室 収納 3/4/5/6段 (4段：幅30cm*奥行33*高さ71cm)","13612","2","","","¥ 5,520","","1","B0HBMRVJFY","B0HBMQC779","95","65","26","2000"
"カインズ(CAINZ) インテリアシェルフ 幅87 5段 ポール径19mm M9 スチールラック 収納 棚 オープンシェルフ パイプ収納","6604","52","","110","¥ 7,780","","1","B0CDTP2R6Q","B0CL9HW5TV","93","30","17","12000"
"昭和西川 敷布団 シングル 4層 日本製 100×210cm 厚さ約10cm 4.7kg ベージュ（EC2294）2213100353237","7089","55","50","57","¥ 15,840","","1","B0CKKZPJQ3","B0BMPTF8CL","102","70","30","4800"
"ROOMMATE [SURE] 石崎電機製作所 クッキングヒーター SK-1200V 高火力 1200W シーズヒーター採用 卓上 1口タイプ 小型 シルバー SK1200V 4段階火力調節 ステンレスボディ 簡単操作 安全・清潔 省エネ 鍋 フライパン 土鍋 鉄板 コンパクト 電熱器 電気コンロ 一人暮らし シュアー g004","7093","110","200","80","¥ 5,999","","7","B09Z2JCRLY","B0C1MMR4YZ","36.2","33.6","11.2","2410"
"oof Mattress Protector, Queen Size Mattress Pad Noiseless with Deep Pocket 6""-21"" Depth, Soft & Breathable Dirt-Proof Bed Mattress Cover Washable for Home, Bedroom, Hotel (Gray)","7094","51","","6599","¥ 7,627","","13","B0C1NNYJGB","B0GWL94G6H","32.5","28.6","12.2","1202"
"浄水器GOQURIA グリーン／ホワイト 2年間カートリッジ交換不要 日本製 20物質除去 PFAS(PFOS/PFOA)除去 キッツマイクロフィルター","7095","86","","470","¥ 12,100","","1","B0C8M47R2M","B0C8MMWC9Z","22","17","14.4","1130"
"Atlas アトラス 保温 保冷 ステンレス タンブラー 700ml 12個 セット なめらか飲み口 真空断熱 サワー ハイボール ASTN-700MT12P","7100","38","","169","¥ 12,400","","1","B09WDF8XKY","B0B593K47X","21.4","9.2","9.2",""
"シチズン上腕式血圧計 CHUCシリーズ CHUC515","7106","101","300","527","¥ 6,465","¥ 6,465","3","B072LV7MC8","","19","13.9","11.6","730"
"山崎実業(Yamazaki) 蓋が外せる ブレッドケース ブラック 約W31.5XD24.5XH18.5cm タワー 蓋がスライドできる パンケース 大容量 5291","7822","82","","163","¥ 5,833","¥ 5,833","6","B09GK16G4K","B0BNVGC95D","33.4","26.5","21.2","2890"
"無印良品 パイン材テーブル・折りたたみ式 幅80×奥行50×高さ70cm 18499441","7117","107","300","1439","¥ 7,998","¥ 7,998","1","B092C7BQ5C","B0BXKMYMT2","86","55.5","12","8100"
"テーブルクロス 透明 95x145cm 厚さ3mm 透明PVCテーブルクロス 長方形テーブルマット 無臭 汚れ防止 耐摩耗性 防塵 耐熱 撥水加工 お手入れ簡単 カスタムサイズもご用意","8175","11","","42","¥ 6,379","","1","B0GS6ZZCXS","B0G1ZCDNNX","100","5","5","5372"
"NARUMI(ナルミ) カップ ソーサー セット ルーシーガーデン 210cc ベリー柄 5柄セット かわいい おしゃれ レリーフ 結婚祝い 母の日 プレゼント ティー コーヒー 兼用 電子レンジ温め 食洗機対応 ギフト箱入り ラッピング済 96010-23067PAZ","10866","35","","95","¥ 10,827","¥ 10,827","1","B07PLD4NQ3","B0C5QPSV1W","36.7","24.5","10.9","2000"
"オーム(OHM) デスクライト スタンドライト LED【調光調色&タイマー機能付】電気スタンド 卓上 ODS-LDC6K-W 06-1850 オーム電機","7129","116","200","419","¥ 6,653","¥ 6,653","20","B09WTG8RP6","B0BG4M4KXH","45.1","26","21","2580"
"every U. ホーロー 天ぷら鍋 角型 温度計付き バット スノコ付き IHガス火対応 琺瑯 コンパクト 節約 揚げ物鍋 ホーロー鍋 少ない油でOK 省スペース 簡単お手入れ","7034","26","","3","¥ 6,891","","1","B0F9VFXC2P","B0GG6556BD","27","17.6","10","1380"
"IWEJ ハンガーラック 金属製 ゴールド 耐荷重 50kg 28mm 太パイプ 洋服ラック コート掛け 物干しスタンド 省スペース 組立簡単 多目的 (ブラック,150X160CM)","20105","7","","","¥ 10,999","","1","B0GJ5WTXXH","B0GJ59XQR9","1","1","1","1000"
"【超小型】ルンバ（Roomba） Mini 掃除機＆床拭きロボット + AutoEmpty™ 充電ステーション (ロボット掃除機) アイロボット（iRobot）【水拭き両用/本体のみの簡単操作/世界最小ルンバ/LiDARナビゲーション/パワーリフト吸引/自動ゴミ収集機能/マッピング/Amazon.co.jp購入時12ヶ月保証/F155060】 黒(KURO)","7149","117","200","145","¥ 49,800","¥ 49,800","1","B0GN252LY5","B0H2Y8CC89","37","34","31","6200"
"Deconovo プルコード式 ロールスクリーン 幅130cm 丈220cm ブラック ロールカーテン 1級遮光 100%遮光 保温 断熱 遮熱 防音 防寒 UVカット","7153","58","","252","¥ 7,380","","1","B0BG76LG4G","B0BG74TG4Q","138","8.3","6","2270"
"オルタ(oruTa) バスタオル 今治 3枚セット 綿100% 厚手 吸水 日本製 nagisa 60×125cm チャコール","7272","28","","121","¥ 6,840","","1","B0G6B3LJSR","B0HDJ18V1B","31","25","14","930"
"3M 空気清浄フィルター エアコン用 ハイグレード ロールタイプ ほこり 花粉 アレルゲン ペット 9808-RJP (× 2)","7155","56","","158","¥ 5,636","¥ 5,636","","B0DP1Z7N2K","B0DYHCVCYJ","43.2","16.4","11.2","620"
"バーミキュラ フライパン 26cm深型 オーク ガス・IH対応 鋳物ホーロー製 FP26D-OK","7158","53","","16","¥ 20,569","","1","B0D6F6H4JN","B0CQJD44YM","50.5","30","12.6","2500"
"ネックケア リラックス 日本語音声ガイド＆リモコン付き【新型版】 ネックケアリラクゼーション器 ネックウォーマー ネックリラックス 8個のケアポイントで首・肩・背中・腰・足まで全身ケア 5モード・4段階強度・3段階温熱 コードレス Type-C充電式 ハンズフリー可能 静音・軽量・洗えるカバー 母の日・父の日・誕生日・クリスマス・ギフト 男女兼用 日本語説明書 2年保証 ブラック","7159","51","100","81","¥ 9,899","","2","B0GTYG9QKF","B0H2GRP563","29","17.5","15.1","1570"
"やなぎプロダクツ 割り箸 竹 天削 節入り 21cm 100膳入×30個セット [ケース販売] 業務用 大容量 P-437","7166","47","","1","¥ 16,368","¥ 16,368","1","B0BCK2CS48","B0C659YZHT","53.9","34.6","22.6","18750"
"ティファール 取っ手のとれる 鍋 フライパンセット 3点 IHガス火対応 「インジニオ･ネオ IHモカ」 ブラウン L78790","7172","126","200","259","¥ 8,848","¥ 8,848","8","B0CC47DPGJ","B0CWK945SZ","28.8","28.7","12.4","1860"
"パナソニック ミキサー ブラックハードチタンコートカッター 1000ml MX-X301-R","7181","103","100","437","¥ 7,345","¥ 7,345","17","B019RE6HG0","B089W9JKDG","30.7","30.3","17.9","3360"
"シーリングファンライト シーリングライト シーリングファン 8～10畳 50cm 最大6400lm 正逆回転 冷暖房効率UP 6段階風量","7184","112","400","500","¥ 8,399","","1","B0F2DQPWQN","B0HFRQL9GK","52.7","51.8","18.7","3000"
"ズボンハンガー 【整理収納アドバイザー監修】 落ちない 50本 セット スラックスハンガー 洗濯 跡がつかない ハンガー 省スペース シンプル 頑丈","7776","24","","305","¥ 5,280","","1","B0FN3MMFWS","B0CP7DVB4T","38","36","15","4000"
"XVVX家庭用冷暖両用移動式小型エアコン、ミニ冷暖房エアコン 移動式壁掛け リモコン付き タイミングー 低騷音 操作簡単 一体型機器 工事不要、壁取付け可能、18度から45度まで調節可能 ポータブル 年中使える 温風機能 除湿機能 (リモコン+タッチコントロール)","7635","2","","","¥ 7,060","","1","B0H4YPZYS1","B0H4YJZ688","1","1","1","3000"
"天馬 干し部の竿が2本設計 布団が4枚干せて通気性のいい物干し 洗濯物干し 組立式 屋外用 伸縮式布団干しX型ダブルバー ホワイト 幅140-235×奥行76×高さ125cm PS-26WB","10949","71","","41","¥ 8,964","¥ 8,964","8","B07W6F1RLV","B0CCQR8PD2","143","23","12.5","6500"
"掃除機 コードレス【2027先行発売！超強力吸引！自走式！業界初AIホコリ自動検知！自立式！智能LED液晶ディスプレイ！置くだけ充電スタンド！","7214","116","400","84","¥ 15,198","","2","B0GT4XN8N7","","44.8","31.5","18.9","3440"
"サーモス 真空保温調理器 シャトルシェフ 2.8L (3~5人用) アーバンレッド セラプロテクトコート KBJ-3002 UR","7217","52","50","234","¥ 8,718","¥ 8,718","18","B0D9XWWCRR","B0DC6HFJ62","27.9","27.9","20.7","2800"
"ビーズクッション 70×60cm 一人掛け クッションソファ 人をダメにする 洗えるカバー（M，レッド）","8746","1","","91","¥ 5,510","","1","B0HFS2VGDZ","B0DZXDMT84","40","40","40","2400"
"東洋佐々木 冷酒グラス ふわり 230ml 72個入 日本製 食洗機対応 酒杯 日本酒グラス ギフト プレゼント 贈り物 敬老の日 父の日 母の日 誕生日 B-00317-612","7226","53","","","¥ 47,406","¥ 47,406","2","B0DG8L71JL","B0DJH2B78R","49.6","33.6","26.3","8470"
"Raineed チェスト タンス スリムストレージ 幅18/25/30cm 隙間収納 収納ケース 収納棚 引き出し式 キャスター付き 転倒防止 大容量 多機能 プラスチック リビング キッチン バスルーム 寝室 収納 3/4/5/6段 (6段：幅25cm*奥行33*高さ102cm)","17698","2","","","¥ 5,999","","1","B0GCF1K5KW","B0GCCYP9HK","95","65","26","2000"
"昭和西川 タオルケット 今治 シングル 日本製 綿100％ 今治タオル ブランド認定 パイル 夏 春 ふんわりやわらか 140×190cm 約950g モスクガルデニア ベージュ 2230390280234","7243","76","50","281","¥ 5,830","","1","B0CX53VQGY","B0D45DW5LX","35.6","30.4","13.2","960"
"山崎実業 タワー tower スリム蓋付き分別ゴミ袋ホルダー 45L 縦開き ブラック 3個セット ゴミ箱 おしゃれ ふた付き スリム","8257","18","","6","¥ 15,400","","1","B0BLTMTYR9","B08LD4S97L","54","40","19",""
"PAUDIN 出刃包丁+柳刃包丁 2本セット 和包丁セット やなぎば さしみ包丁 ステンレス 片刃 魚さばき 三枚おろし 刺身 海鮮 切れる包丁 (180mm柳刃+240mm出刃) ペティナイフ パン切り包丁","7246","59","100","1518","¥ 8,384","","1","B0FKBGK49L","B0DWDPQPY3","41.1","13.7","3.4","1000"
"ideaco(イデアコ) ゴミ箱 丸型 11.4L TUBELOR HOMME rosewood チューブラー オム ローズウッド 257HM","7252","85","","1251","¥ 6,016","¥ 6,016","8","B00UHFXDHU","B0FHJ3YP86","32","26.9","26.7","1430"
"アイリスオーヤマ 扇風機 壁掛け 首振り 風量3段階 メカ式 ホワイト WFM-306","7261","96","200","609","¥ 5,268","¥ 5,268","6","B07QVJYY3Y","B0CZ76M2LG","43.3","37.2","21.1","3290"
"ウルシヤマ金属工業 IHガット フライパン 28cm ガラス蓋セット","7264","24","","","¥ 6,412","¥ 6,412","1","B0H68NY967","B0H6HLHBS2","46.5","31","15","1900"
"エイアイテック 19φスチールラックセット 3段 メタル スリム 幅75 奥行25 高さ74.3cm 19φ 組立品 グレー AAS-7202 GY","6917","64","","41","¥ 5,076","¥ 5,337","5","B0FGX46BPV","B0FHFKV976","76","26","10","5000"
"RENPHO レッグマッサージャー【医療機器認証取得】 フットマッサージャー エアーレッグマッサージャー マッサージ機 コードレス充電式 家庭用 足先~ふくらはぎ プレゼント 【家電批評2023年5月号A評価掲載機種】 R-F012","7279","32","100","240","¥ 12,784","","1","B0G352DPYN","B0GTZGFN9P","44.4","29.4","10.1","1820"
"TAMASHII NATIONS S.H.モンスターアーツ ゴジラ-0.0 ゴジラ (2026) 約160mm 塗装済み可動フィギュア","7283","37","400","","¥ 12,772","¥ 12,772","7","B0H97DJ77W","","32","23.1","13","227"
"ガスコンロ2口コンロ マルチバーナーストーブ 卓上埋め込み式 ダブルアルミニウム 業務用キッチン 家庭用 都市ガス対応 お手入れ簡単 ヨーロピアンデザイン 高火力 省エネ (JK-002SB スチールカバー)","7581","1","","","¥ 7,467","","1","B0FSXFTNB4","B0FSXJ7RNB","59.5","33","7.2","2900"
"YAKINO ランドリーバスケット 洗濯かご 洗濯カゴ 金属ランドリーランドリーバスケットホイール付きラウンド衣類浴室ランドリールーム用 ランドリーボックス (ゴールデン金,矩形)","21995","2","","","¥ 5,498","","1","B0FDQTGLSF","B0FDQN7CCV","55","40","40","3000"
"Philips(フィリップス) Shaver series 5000 ウェット＆ドライ電動シェーバー","7297","52","100","83","¥ 7,700","","22","B0B9GJ35X6","","18.8","14","7.5","370"
"OTANBER フロアライト 間接照明 LEDフロアランプ アーム可動式 無段階調光調色 磁気リモコン タイマー搭載 明るい 北欧 おしゃれ","7300","62","","25","¥ 9,999","","1","B0CY5KBVQD","B0HG9XCY3R","43.6","33.7","17.6","6330"
"東洋佐々木ガラス グラス タンブラー ボビン 250ml 120個入 HSハードストロング HSブルー 口部物理強化グラス 高い耐久性 安全重視設計 食洗器対応 日本製 業務用 00446HS","9094","28","","23","¥ 31,119","¥ 31,119","3","B075R17MP5","B0DK77P6N3","44.8","40.7","37.9","21620"
"平安伸銅工業 HEIAN SHINDO ランドリーラック 棚2段 ハンガーバー付き 角パイプ 木目マットブラック 幅64~82×奥行53×高182cm HSR-5BK","11133","74","","36","¥ 6,794","¥ 6,794","5","B0C1BZ79S6","B0F9F67WML","79","33.2","9.5","6900"
"GERRBG ハンガーラック 木製 カバン掛け コートハンガー 無垢家具 おしゃれ ラック 大容量 頑丈 衣類収納ラック 洋服収納 組立簡単 オシャレデザイン 高耐荷重 長さ124cm ナチュラル","9173","1","","","¥ 14,899","","1","B0G7Z868CJ","B0G7YGCDC7","92","36","21","4800"
"LETMOON マットレス セミダブル 極厚22cm ハイブリッド構造 中程度の硬さ ポケットコイル 体圧分散 通気性 静音 並行配列 圧縮梱包 グレー×ホワイト 120*195*22cm","7309","83","50","72","¥ 11,999","","2","B0GGBLFZYF","B0HF7N92PT","128","25","25","22670"
"ティファール クレープパン 28cm 浅型 パンケーキ IH ガス火対応 「IHフレンチパン･アンリミテッド」 ブラック E52039","7310","60","50","81","¥ 5,004","¥ 5,004","2","B0BKJS48NK","B0GGYPBYRV","43.5","30.4","6.2","1160"
"彫り代込み 位牌 ミニ 別上塗 面粉 春日楼門 ガラスコーティング 3.5寸","7965","17","","6","¥ 10,150","","1","B0C7VQSSR4","B0D477QY9F","21","12","7",""
"FLTP じんかんせんさー ライト 室内【30cm・4本セット】超薄型9mm 充電式 マグネット 人感センサー 3色切替 無段階調光 Type-C 棚下照明 キッチン クローゼット 収納 まとめ買い 配線不要","4219","42","","29","¥ 5,350","","1","B0GWJD5H6B","B0GWHZSXVJ","34.2","16.9","2","660"
"サンワダイレクト デスクライト LED クランプ 広範囲照射 無段階 調光調色 幅45cm ACアダプタ付き スタンド 勉強 ホワイト","8352","55","","6","¥ 7,480","","1","B0F61Y2M1F","B0CTSWVQRZ","63","13.5","13.5","1150"
"BRUNO オートクックポット 1.0L アイボリー サイズなし BOE125-IV","7320","119","300","124","¥ 10,280","¥ 11,000","4","B0FD1HWNKC","B0FX93L1Z2","37.3","22.1","21.9","2450"
"【Amazon.co.jp限定】HiKOKI(ハイコーキ) 18V サイクロン式 コードレス掃除機 R18DC(S) ブラック 初回修理保証・3.0Ahバッテリー1個・充電器付 ハンディ スティック クリーナー 紙パック不要 軽量ハイパワー R18DC(S)(MAB)","7321","102","100","145","¥ 16,400","¥ 16,400","1","B0CN19HHQS","B0DVC1VTM4","62.3","20.2","15.5","2690"
"YeTom ローテーブル 伸縮テーブル 一人暮らし リビングテーブル 収納付き 幅 80～150cm 伸縮可能 無段階調整 ビンテージ","7327","38","50","25","¥ 6,793","","1","B0GTS2LGNK","B0H6FJTCRF","86","52","7","14250"
"Kitchen in the box スタンドミキサー 4.5L+5Lダブルボウル 大容量 卓上ミキサー 10段階スピード調節 3種類アタッチメント付き 家庭用 業務用 こねる/混ぜる/泡立てる ブラック","7331","71","50","1002","¥ 18,772","","1","B0DS55K7G8","B0DXDV65DG","37.5","36.4","22.4","4890"
"Feallive LEDスポットライト (2個入り) タッチ操作 ブラケットライト 間接照明 ３段階調光 3色温度調整 5 照明メモリー","9014","62","","589","¥ 5,998","","1","B0FCLGRFYB","B0GFHK56QK","19.9","10.4","6.2","400"
"BAYATA vio シェーバー レディース 2in1ヘッド 女性 メンズ 電気シェーバー 電動 デリケートゾーン ムダ毛処理 USB充電式 ワイト","7351","67","100","37","¥ 5,980","","2","B0H3B1JGBW","B0HF444KRK","17.9","5.9","3.4","150"
"【ICON SERIES】サーモス ストロータンブラー 710ml 保冷専用 グラナイト アメリカデザイン アイコンシリーズ ASTB-710 GRT","7351","101","50","31","¥ 5,080","¥ 5,009","7","B0FKSLTLJZ","B0FNRCB383","28","10.8","10.7","600"
"55evePRO コードレス最強クラス17,000rpm 液晶搭載プロスペック仕様 日本ブランド 4×10種振動 防水 シリコン素材 White","7354","64","200","214","¥ 5,480","","1","B0CJ2LTVCX","","31.2","10.3","7.3","550"
"下村工業 日本製 プログレード 快速野菜調理器セット PG-647 シルバー/ブラック","5839","71","100","41","¥ 7,160","","10","B0BC13663D","B0BSQKV18F","30.1","17.5","11.2","950"
"タンスのゲン マットレス シングル 極厚20cm ポケットコイル 450個 トリプルエッジサポート ベッドマットレス 77500119(117882)","14430","42","","33","¥ 7,499","","1","B0GGQG9S27","B0GGR3Y7KB","103.5","27","26.5","15670"
"サイクロン式コードレススティッククリーナー ラクかるスティック ベージュ 日立 PV-BL3M","7360","38","100","117","¥ 34,800","¥ 34,800","8","B0DZ61NHSZ","","53","33","15.5","3100"
"BALCONY & FALCON テーブルクロス 白 4枚セット 140*240cm 滑り止め付き 防水 汚れ防止 オックスフォード生地 長方形テーブルクロス 洗濯可 テーブルカバー ホワイト","7719","5","","291","¥ 6,799","","1","B0DGPTGXD9","B0H8CQGLR3","38.7","30.5","9.2","2610"
"山善(YAMAZEN) ソファ ソファーベッド 座椅子 3WAY ゆったり 一人掛け クッション付き 腰部14段階 リクライニング 簡易ベッド ローソファ 幅80×奥行70-110×高さ22.5-57cm 一人暮らし 完成品 グレー GAS-80(GY)","7366","78","50","348","¥ 8,990","¥ 8,990","2","B0CQYB9R8J","B0H6LL2NZ6","80","66.5","34.5","10180"
"Heartserice 木製 ハンガーパイプ 壁掛け ハンガーラック 大容量 おしゃれ DIY収納 見せる収納 洋服 キッチン 浴室 頑丈 オープンクローゼット 簡単設置 吊り下げディスプレイ (18cm,60cm) (200cm,28cm)","9237","1","","","¥ 21,200","","1","B0G81X8NF5","B0G81MLK38","1","1","1","1000"
"Gio Pillow ジオピロー まくら 枕 メッシュ 立体ホール設計 子供枕 子ども枕 子供用枕 こども お昼寝 通気性 韓国 丸洗いOK 衛生的 高耐久 枕カバー付き (M, エレファント)","5926","20","","176","¥ 7,580","","1","B0CC8J3CTS","B0CC8K6QY8","35.3","26.4","7.4","520"
"【純正品】シャープ 銀イオンカートリッジ AS-CT1","7371","75","200","306","¥ 5,673","¥ 5,673","12","B0894PWHFC","B0FNM226X5","13","7.5","6.4","120"
"SOLEMOOD ホットプレート 焼肉プレート 1200W 高火力 減煙 油減らし 加熱迅速 無階段調節 「美味しく焼ける秘訣」コンパクトプレート 一人暮らし 二人暮らし グリル鍋 魚焼き 焼き鳥 洗いやすい 油受け皿付き 竹製 木目調 高級 おしゃれ ギフト","7374","49","100","155","¥ 6,385","","2","B0CNPPVTDT","B0FXQH3WJR","52.2","35.4","27.8","4000"
"【Amazon.co.jp限定】除湿機 小型 大容量3L【睡眠モード&ハイブリッド式＆20-28畳】除湿器 強力除湿 衣類乾燥 タイマー付き 満水自動OFF 5色ライト 集塵フィルター 部屋干し エアフィルター 湿気取り カビ対策 梅雨対策 コンパクト 静音 省エネ 節電 リビング/寝室/脱衣所/台所/押入れ/トイレ/クローゼット ハイブリッド式 取扱説明書 PSE認証済","7378","123","700","81","¥ 6,999","","1","B0GQKT99HR","B0HF3R4S77","37.5","27.2","17.2","2710"
"エジソンスマート TREO ミニシーリングライト ダクトレール用 (アーム付き/ホワイト) Alexa対応 シーリングライト 小型 スマート照明 天井 スマートライト スポットライト TREO専用リモコン対応(別売) TRE-TL177WH","7384","62","50","10","¥ 7,387","¥ 7,387","1","B0F3D4XFQ7","B0GWRN83LX","20","13.4","13.3","740"
"アイリスオーヤマ チェスト 5段 届いてすぐ使える完成品 日本製 幅72×奥行40.5×高さ96.5cm 木目ブラウン プラスチック MU-7242 組立不要","9152","43","","1147","¥ 22,420","¥ 25,051","7","B0162GRFP8","B0DV55S97X","99","73.6","42","17000"
"アイリスオーヤマ メタルラック MR-1218DJ","7386","95","","433","¥ 25,100","","17","B000PC1TG2","B0C7VNPPFL","122.3","62.2","21.6","41400"
"コイズミ メンズシェーバー USB 充電・交流式 3枚刃 お風呂剃り可 ハンディサイズ シルバー KMC-0820/S","7387","53","","68","¥ 5,470","","12","B0CNC2YGPQ","B0CQQ7XMCK","21.1","21.1","6.2","580"
"【光は通す 紫外線は通さない】 窓用フィルム 窓断熱シート 窓断熱フィルム 飛散防止 UVカット 遮熱遮光 防災 90cm×200cm 2本 クリア","7391","66","50","53","¥ 8,499","","2","B0H2FDKS9N","B0H2F9CRC7","92.5","4.1","4.1","670"
"カーテン天国 防炎加工 遮光カーテン 1級遮光 無地 フルダル 断熱 5410ネイビーブルーNB 幅100x丈220cm2枚組 100×220","7057","11","","1","¥ 5,093","","1","B0FBGGTQYC","B0FBGDSK44","38","26","10","2160"
"Cozymaker 足枕 就寝用 足置きクッション ふくらはぎクッション 膝枕 あしまくら 足マットレス ヘッドハンター 脚の高さ枕 ウェッジクッション","7399","57","","3299","¥ 5,980","","1","B0GJBKC8RK","B0FWK74FYR","34","19","19",""
"[スノーピーク] Peak Shade 冷却 ボンチョ 熱中症対策 水で濡らす スポーツ フェス 熱中症対策 ネイビー","7405","75","400","47","¥ 7,480","¥ 7,480","1","B0GTQMRBKX","B0GY4M2FMS","49.9","25.6","3.9","240"
"BIG足枕 55cm 大きめ 【眠りの専門店マイまくら】足置きクッション 脚枕 フットレスト リラックスクッション 洗えるカバー ウレタンチップ 日本仕上げ (チャコール)","7412","56","100","289","¥ 5,091","","1","B09Q7PF1L7","B0B66S5TSL","61","25","25","2240"
"Stanley 1913 (スタンレー 1913) バイタライズ テンポ 真空断熱ボトル チョーク 24 oz / 0.71 L","8212","14","","1","¥ 5,830","¥ 5,830","1","B0H1XPJSKX","B0HG1Q512W","29.3","10.9","8.7","550"
"Yobuisg 洗濯機 台 洗濯機台 冷蔵庫台 かさ上げ 45-70cm 伸縮式 冷蔵庫置き台 高さ調節の洗濯台 振動防止ゴム 騒音防止 洗濯機底上げ台 プリンター台 洗濯機パン 4/8/12足 (4足4輪,28-31cm)","10075","1","","","¥ 5,819","","1","B0DYVCRCP1","B0DYV6Q9Z5","50","20","20","3000"
"VECELO サイドテーブル 2点セット コの字型 48×28×高さ60cm 差し込み 木目調 スリム ベッド ソファ 在宅ワーク 読書 グレー","8047","56","","360","¥ 6,980","¥ 6,980","1","B0GFD4HZG1","B0FY5NK6ZT","57","34","8","4300"
"【公式ストア限定】シックスパッド パワーガン アクティブ/SIXPAD Power Gun Active（【Amazon限定カラー】ネイビー）","7424","49","100","90","¥ 16,830","","1","B0DJF7HQJN","B0GR8DYGK9","23.5","22.3","8.3","950"
"WNSNOU蛍光灯 40形 直管 防雨型 インストール不要利便性プラグインアップ ，ベースライト器具一体型 ledランプ スイッチ付きON/OFF切り替え プラグ付き115CM 電源コード付き 高輝度 36W 省エネ型 4000ルーメン 昼光色6500K 180°広角ledライト 天井照明器具 直付型 屋内室外（115CM-2本）","7425","50","","557","¥ 7,840","","1","B09NDV9BWL","B09NDPHSF9","117","10.3","7.5","1520"
"VENTOTA スタンドライト フロアライト 間接照明 フロアスタンド ランプ 調光調色 リモコン 40Ｗ形LED電球付 3灯 おしゃれ 北欧 ヴィンテージ インダストリアル Luino st421261","7435","98","100","319","¥ 6,921","","1","B0B2RKQDP6","B0FCMD5JD9","50","50","50","4800"
"【掛け布団カバー 単品売り】キング 230x210cm オーガニックコットン 掛かバー 洗いざらしの綿100% 布団カバー 防ダニ 掛けふとんカバー イエロー","7437","50","","597","¥ 5,990","","2","B0D3XWV342","B07XBPKXTL","39.3","29.7","8.3","1190"
"脱毛器 VIO対応【2026新登場・冷感ケア搭載】IPL光美容器 ヒゲ対応 男女兼用 高出力設計 5段階調整 自動連続照射 99万回長寿命照射 低刺激 全身対応 家庭用光脱毛器 保護メガネ・カミソリ付属","7444","48","400","45","¥ 5,980","","3","B0GXVQ1TCK","B0HGPMY3KN","22.5","21.1","6.4","710"
"パークレーン 頑丈 ハンガーラック 2段 高耐荷重 シングル 工具不要 全体耐荷重80kg オールブラック","6219","93","","296","¥ 6,064","¥ 6,064","1","B0FDGN7CWW","B0H96ZJY3L","111","18","6.5","4820"
"オスマック(OSMAC) 経机 ハイタイプ 文机 仏壇台 幅60×奥行30×高さ60cm 完成品 組立不要 折りたたんで収納可能 コンパクト 供物台 供養台 写経机 便利机 天然木桐製 ブラウン SDGー600","7447","70","50","12","¥ 9,632","¥ 9,632","3","B0CZ7SVTTD","B0GVSJ8P7W","64.9","61.9","8.5","3430"
"GOBOT コードレス電動モップクリーナー 回転モップ 床掃除クリーナー フロアワイパー くるくるツインモップ 回転式 掃除用品 無線操作 軽量","7451","78","100","2151","¥ 5,650","","1","B08MTSHBGC","B08VRNJ13L","40.8","17","10.4","1380"
"zmayastar ショッピングカート 折り畳み キャスター付き 5輪 軽量 保冷バッグ 大容量(ブラック、33L)","7453","41","50","97","¥ 5,091","","1","B0D8S9QW84","B0DLNZX6X6","47.6","35.5","15.7","2240"
"VECELO 丸テーブル ダイニングテーブル 直径70×高さ73cm カフェテーブル 食卓 円形 組み立て簡単 ホワイト","8399","78","50","234","¥ 8,580","¥ 8,580","1","B0DWDV794H","B0DXV1ZY1M","74","74","16","9500"
"ガレージライト LEDライト 180W 2個 ペンダントライト 屋内 20000lm LED電球 6500K 角度調節可能 折りたたみ式","5893","67","","1378","¥ 5,999","","1","B0CNKHTBXM","B0GY4V365Z","38.2","22.2","19.4","1700"
"タンスのゲン ベッド キング ローベッド スマホスタンド 宮棚付き すのこベッド キングベッド USB コンセント 73400144(131595)","7455","6","","261","¥ 34,999","","1","B0H7HWQ9FQ","B0B9GCXJJQ","106","22","19","51000"
"オーム(OHM) LED流し元灯 20形 昼光色 センサースイッチ式｜オーム電機 LT-LSL13D-HCS 06-4197","7458","43","100","22","¥ 5,382","¥ 5,382","10","B0G7SJLG89","B0G7WQ8RQB","74","15.7","6.4","980"
"シンガー(SINGER) 電動ミシン Amity SN20A, ホワイト","7462","113","300","1500","¥ 12,682","¥ 12,682","12","B00LGM3QMK","","41","35.1","22.4","5550"
"RAKU ビーズクッション 大きめ 120×65cm ビーズ補充可能 体にフィットするソファ 抱き枕 洗えるカバー 寝れる 人をダメにする ブラウンM","10465","24","","1037","¥ 9,788","","1","B0C7T4359D","B0BCFF3HZZ","85","65","47",""
"山善(YAMAZEN) 突っ張り ポールハンガー ラック 衣類 収納 大容量 かんたん突っ張り(実用新案取得済) 耐荷重60kg 幅60-98cm 組立品 マットブラック WJ-775MS(MBK) ダブル スリム","7630","78","","1927","¥ 6,400","¥ 6,400","2","B07RPT7Z2G","B07YLW246S","104","22.5","7.6","3450"
"不二貿易 レンジ台 キッチンラック 幅51.5×41×高さ89.5cm ブラック ブラウン スライド棚 収納 レンジワゴン キャスター付き 15423","7994","112","100","763","¥ 5,200","¥ 5,200","15","B084MR1JJG","B0GYNW7XCB","99","41.5","10.5","12000"
"アイリスオーヤマ コードレス掃除機 軽量1.4㎏ 自走式 カーペット向け パワーヘッド 静電モップクリーンシステム搭載 充電スタンド付 AZSCD-185PM-H","7477","111","100","1246","¥ 14,364","¥ 14,364","3","B0D4PF73PV","B0FV2BWLJG","66","29","19","3420"
"遠藤商事(Endo Shoji) TKG アルミフライパン 24cm 外径×深さ(mm)260×54底径(mm)155 IH・ガス火対応 鋳造製フライパン 底の厚さ4.5mmの厚底なので熱変形に強い 業務用 AHLW803","7740","96","","103","¥ 5,911","¥ 5,911","11","B001U069M2","B08QFN7VLM","49","25.8","6","880"
"東洋佐々木ガラス タンブラーグラス 生活の器 タンブラー 300ml 72個セット 日本製 ガラスコップ グラス コップ コーヒーグラス ビールグラス ハイボールグラス サワーグラス チューハイグラス 05063N","7479","76","","107","¥ 17,107","¥ 17,107","1","B07VL298MK","B0DJBCN6S7","42.6","41.8","28.4","18960"
"arboleaf 体重計 体組成計 体脂肪計 8電極 カラダスキャン スマホ連動 データ自動転送 部位別測定 全身測定方式 Bluetooth対応","7482","106","400","1196","¥ 8,979","","1","B0FCYDRPF9","B0DT1BHC5X","40.1","36.9","6.6","2400"
"筋膜リリースガン【16ヘッドリリースガン・1つで16つ相当・全身解放】9つモード×9段階強力振動 6000mAh大容量 敬老の日ギフト 2年保証","9188","4","","9","¥ 7,999","","1","B0HF3RJX7N","B0HFM81Z35","33","19","15","1300"
"BelleLife コーヒーミル 電動 臼式 コニカル式 コーヒーグラインダー 静電気防止 粉飛び軽減 40段階粒度調整 ホッパー容量80g 本格ドリップ対応 エスプレッソからフレンチプレスまで対応 分解清掃可能 一年保証 BLF-CG011","7489","68","200","213","¥ 7,580","","1","B0DBT21N2L","B0DBSWQ8ZF","32.6","22.4","14.4","2130"
"山善(YAMAZEN) 棚 本棚 カラーボックス A4ファイル対応 5段 スリム 幅25×奥行29×高さ180cm 耐荷重90kg 横置き 積み重ね可能 収納 組立品 ホワイト CABR-1825(WH)","7492","47","","647","¥ 8,999","¥ 8,024","2","B0CL3S13VW","B08LQVWBWX","183.5","31","6.5","12000"
"アイリスオーヤマ 便利な2段収納のサイドテーブル スチールフレームサイドテーブル 幅約25×奥行約40×高さ約50 どこでも活躍できるちょうどいいサイズ SFST-247 ナチュラル","7494","81","","18","¥ 5,840","¥ 6,640","7","B0BZ7QCH5Z","B0D3TXHJKJ","55.2","44","7.4","4150"
"デスクごとチェアマット ゲーミングチェアマット ダイニングマット 190×150cm 床保護マット 六芒星柄 SALLOUS 超大判 特大サイズ PVC 抗菌 防カビ ズレない 厚さ1.5mm 静電気防止 無味無臭 ソフト おしゃれ キズ防止 お手入れ簡単 床暖房対応 滑り止め (150*190cm-六芒星柄)","7502","52","50","1800","¥ 5,344","","1","B0CW9W2CYS","B08DXRQHB9","151","7","7","5500"
"Sun Deco ラグ カーペット 3畳 ラグマット 夏用 リビングマット 幾何学模様 チェック柄 185x235cm ダークベージュ","7508","40","","189","¥ 5,999","","1","B0GYNKZCD5","B0H5P6L472","41","32","16","2400"
"漆ぷろだくと ご先祖さま エコパッケージ 50袋セット","7513","39","","450","¥ 21,000","","1","B089RNMWQJ","B089RMFN53","39","28","19","1900"
"HexClad ハイブリッド ノンスティック フライパン 【26cm】 [焦げ付き防止加工] IH/オーブン/食洗器 対応 (メーカー直販限定 保証付き) [ヘックスクラッド] 強化ガラス 蓋付き","7517","51","50","6407","¥ 21,060","","2","B09Y25BY8G","B0D54SZSWH","48.3","27.9","9.5","2109"
"HARIO(ハリオ) フタがガラスの 土鍋 9号 3000ml 中身が見える 耐熱ガラス 陶器 日本製 GDN-255-B-W","7519","42","","19","¥ 6,100","¥ 6,100","6","B0CZ2VGBKZ","B0GWCXY7G3","33.4","33.2","13.2","3200"
"【ケース販売】 シモジマ HEIKO 紙コップ 耐熱 二重断熱カップ 8オンス ホワイト 1000個（25個入×40袋）","7521","42","","165","¥ 14,656","","3","B09RPH4CRM","B0DB5PYBBY","65","51","42","13800"
"harumi 収納ボックス 収納ケース 折り畳み 蓋付き 全方向から取り出せる 衣装ケース 積み重ね（M5段47.5*35.5*24cm）イエロー","19435","22","","312","¥ 9,333","","1","B0FMY93FHX","B0DFVLHCG8","49","38","37","9500"
"SENSARTE 両手鍋 26cm 深型 卓上鍋 IH/ガス火対応 PFOAフリー 焦げ付きにくい ガラス蓋付き お手入れ簡単 一年保証 ブラック","7524","38","100","38","¥ 5,083","","1","B0G3PMD8HC","B0H41GMK1W","41.1","32.9","15.2","2390"
"Maru Living 掛け布団カバー キング 綿100【日本ナノ白金×高級綿100％】布団カバー 綿","7747","28","","231","¥ 5,380","","1","B0G8YFXDN9","B0H3VFQBQB","22","16","12","980"
"Housecover マットレス セミダブル 極厚 10cm 三つ折り 高反発マットレス 190N 折り畳み 120×195cm ブラック","10092","39","","198","¥ 7,983","","1","B0F4JHV9JR","B0HGPRFZYW","64.4","34.8","34.7","5710"
"テイジン すぐ使える布団セット防ダニ 梅雨 抗菌防臭 カバー付き 収納袋付き 新生活 3層構造敷布団 洗える掛布団と枕 オールシーズン 快適 マイティトップⅡ グループ直営店限定 (ブラウン, ダブル（9点セット）)","8104","38","","149","¥ 10,199","","2","B0DRTBCLVB","B0DRT8NC5F","52","50","30","7000"
"アイリスオーヤマ 洗濯物干し 布団干し としても使えるタイプ 布団が4枚干すこと可能 伸縮タイプ 折りたたみ可能でコンパクトに収納できる アルミ 耐荷重 20㎏ 幅約146~240×奥行約82×高さ約118㎝ AFX240R","7528","62","","827","¥ 6,469","¥ 6,469","7","B00KV2D2QG","B0CTT2ZPSC","142","22","10","3500"
"【公式ストア限定】cado カドー ふとん乾燥機 FOEHN LITE 2年保証 ダークグレー ダニ退治 スティック コンパクト 靴","7529","97","50","39","¥ 16,500","","1","B0F37MJJPM","B0FXCTMDT1","32","12.4","6.9","780"
"ラック オープンシェルフ スリム 隙間収納 木製棚板 スチール 幅58.6×奥行23.5×高さ112cm 4段 組立品 オーク色×ブラック","6525","64","50","556","¥ 5,980","¥ 5,980","1","B0BMLP637H","B0DZ5CMP28","116","25","6","6460"
"MISSION冷却パーカータオル 気化冷却テクノロジー 濡れると瞬時に冷却 UPF 50 紫外線対策 頭部にフィットしてズレにくい スポーツ フィットネス ジムに最適 (USAフラッグ)","7532","22","","6584","¥ 6,659","","1","B0F26XRN2X","B0FHHNTP6W","23.9","14.2","1.6","68"
"アイリスオーヤマ ふた付き積み重ねBOX 6個セット ピンクベージュ 収納ボックス 収納 おもちゃ コスメ収納 調味料 FTB45D 幅45cm(深型)","9055","32","","268","¥ 6,860","¥ 8,897","4","B08YCY2PNV","B0BXDC4DJC","54.6","47","32","6520"
"白井産業 食器棚 カップボード 木製 一人暮らしの部屋にぴったりな幅約57cmのコンパクトサイズ ダークブラウン木目柄 ベーシックデザイン 幅56.6×奥行29.5×高さ80cm FUL-8055DG DK フルニコ","7542","64","","21","¥ 9,489","¥ 9,489","2","B0CGR5ZXY7","B0CH2Y862M","84","32","19","15210"
"貝印 KAI ワンストローク シャープナー AP0541","8664","64","","16","¥ 5,012","¥ 5,012","11","B08HRG89KJ","B0FV8BQLDN","14.8","12","11.6","960"
"GOKUMIN 布団6点セット ダブル 掛け布団 敷き布団 枕 ふとんセット リバーシブル 抗菌防臭加工 洗える 軽量 グレー","7548","17","","26","¥ 15,998","","1","B0H44YWNNR","B0H6LPNMX5","70","45","45","11200"
"AHJ 電子レンジ調理器 2プレートセット レンジグリル 魚焼き器 エッグクッカー 目玉焼きメーカー グリルパン 焼き魚プレート 卵調理器 ノンスティック 食洗機対応 フライパン不要 時短 朝食 お弁当 レシピ＆取り扱い説明書付き","7549","72","100","155","¥ 6,999","","1","B0GH6Y3D6P","B0HCBTBY7P","27","12.9","9.4","610"
"不二貿易(Fujiboeki) 玄関台 玄関 台 段差ステップ 幅90cm 天然木 製 88990","7550","78","50","620","¥ 5,683","¥ 5,683","20","B004INGT1O","B0H2M6B8DW","93","37","14.5","7000"
"アテックス ATEX マッサージ器 ルルド マッサージシート マッサージチェア 腰 お尻 背中 肩こり 全身 プレミアムシートマッサージャー ダークグレー AX-HPL368dg ヒーター搭載 ホットマッサージ もみ玉 くの字サスペンション 寝ころんだ姿勢で使える コリをとらえる リラックス 母の日 父の日 敬老の日 誕生日 クリスマス ギフト プレゼント","7555","65","200","370","¥ 19,800","¥ 19,800","2","B09VP6RFVY","B0CNXVW41M","52.1","38.2","25.7","4880"
"サーモス 真空断熱タンブラー 0.6L ブルーフェード JDE-601C BL-FD 父の日 ギフト ビール 男性 女性 誕生日 プレゼント","7571","90","","4494","¥ 5,480","","1","B08N5PCY82","B08NTF3ZM9","17.7","9","8.9","300"
"ストリックスデザイン 紙皿 未晒し ペーパープレート 1600枚 (50枚×32セット) ブラウン 20cm ラミネート加工 耐油 使い捨て 食器 業務用 イベント アウトドア SD-105","7573","42","","238","¥ 17,040","¥ 17,040","1","B0CPS47HBL","B0CSD7NJ2X","49.3","43.8","19.5","13210"
"Fkstyle リビング チェスト おしゃれ 4段 5段 収納 ボックス 鍵付き 衣類 衣装 ランドリー ケース タンス プラスチック [並行輸入品]","8078","55","","588","¥ 5,396","","1","B09NBDHNFN","B0C7KTQCQ4","53","50.5","41.3","7360"
"HotaluX（ホタルクス） <日本製> LEDシーリングライト HLDC12258 適用畳数~12畳 (日本照明工業会基準) 5000lm 昼光色-電球色（6500K-2700K）調色調光タイプ（主照明５段階、常夜灯３段階）リモコン シンプルデザイン","7579","85","200","509","¥ 6,987","¥ 6,987","2","B0CXGXGJD6","B0FC6RPS9N","49.5","45.6","12.9","1630"
"萩原 キッチンカウンター 伸縮式 食器棚 レンジ台 【 幅 104~178 cm で 伸縮 できる 】 奥行 40 高さ 83.5 ナチュラル","7583","98","100","157","¥ 16,800","¥ 16,800","1","B0F7XMW9ZF","B0F7XNNL64","104","42","13.5","26000"
"【HIKARI独占販売】 LED蛍光灯 40w形 直管 120cm 2800lm 1198mm AC85V〜265V 広角300度タイプより明るい 2倍明るさ グロー式工事不要 EMC対応 G13 PL保険 昼光色 6500k 直管蛍光灯 10本 「A-D-ZZKFTx10」","6829","54","50","253","¥ 7,633","","1","B08PHGNPMG","B08XVYLFQC","125","20","8","2500"
"Bialetti (ビアレッティ) モカ インダクション レッド 6カップ用 IH対応 & 直火式 (コーヒーメーカー エスプレッソメーカー マキネッタ)","7592","103","","19000","¥ 7,041","¥ 7,041","9","B08BPBBK8B","B09HR4K3V3","21.6","16.5","12.3","939"
"サヤンサヤン 幾何学 ラグ マット インドキリム 130x190 1.5畳 バーガンディ レッド インド綿","7594","44","","1641","¥ 12,900","","1","B0D3YN2KX5","B095N7JPD8","53.3","50.2","8.8","4410"
"VECELO オットマン 足置き台 フットレスト スツール キャスター付き PUレザー 幅47×奥行40.5×高さ38-46cm クッション厚み10cm 360°座面回転 高さ調整可能 シンプル ブラック","7596","46","50","30","¥ 5,280","¥ 5,280","1","B0CYT5H4L3","B0DC3LWYSP","54","51","16.5","5850"
"パナソニック ソイエ 脱毛 アタッチメント2種 ホワイト ES-EY4A-W","7603","66","100","218","¥ 13,383","","30","B0CT5B3NMH","B0CT8RNZ23","20","17.6","5.9","480"
"オゾン発生器 【PSE認証済】30000mg/h 業務用オゾン脱臭機 家庭用空気清浄機 120分タイマー付き 消臭 除菌【日本仕様・電気用品安全法準拠】300㎡対応 強力消臭 キッチン、家庭、オフィス、工場、農場、レストラン、車、ペット、玄関に適しています 日本語説明書付 グリーン","7606","103","200","222","¥ 5,370","","1","B0G6CZWK38","B0H5J94X2Y","21.4","20.7","20.4","1360"
"[Yubbuio]電磁調理器 卓上クッキングヒーター 静音設計 セラミックパネル 防爆ガラスパネルとステンレス鋼ボディ付き多機能 電気セラミックコンロ ハイパワー中華鍋対応鍋 凹型電源 3500Wの大出力 家庭用・業務用両対応","7725","8","","","¥ 11,549","","1","B0GY8JCCG9","","60","37","12","2500"
"グリーンパン GREENPAN 炒め鍋 深型フライパン 28cm IH・ガス火 エントリーモデル 【スマートシェイプ】 セラミックコーティング PFASフリー 有害物質不使用","7620","44","","17","¥ 7,750","¥ 7,750","1","B0F3N8VDDM","B09TZX8PFH","49","30.6","11.5","1100"
"収納ケース 3段 キャスター付き プラスチック スリム チェスト タンス 衣装ケース 深型 引き出し 幅34.5cm 奥行41.5cm 高さ69.4cm 組立式 日本製 (ホワイト／チェリーピンク, 2個組) F3-2WNPI","14142","17","","992","¥ 6,099","","1","B07D5595V8","B0F2SPHTJD","69.4","41.5","34.5","8000"
"Amazon.co.jp限定グリーンパン 鍋フライパン 5点セット IH対応 セラミックコーティング クリックシェフ ホワイト","7628","59","50","251","¥ 14,570","¥ 14,570","1","B0CJQV4W4B","B0HCNKYTB7","30.6","30.4","19.3","2880"
"10M巻 コーナーガード まもるくん 角(エッジ)部分の危険箇所から保護する衝撃吸収クッション材 取り付け簡単 事故が起きるその前に 事前の備えで安心 大切な人への思いや 6.5mm 75mm オレンジ","5772","13","","8","¥ 7,899","","1","B01L76T8R6","B07CXFGMYB","32.9","32.1","9.2","1330"
"玄関マット 屋外 泥落とし 滑り止め 耐磨耗性 業務用マット 泥落としマット 吸水 室内 家庭用 オフィス お店 (120×150cm, ブラウン)","10194","51","","281","¥ 6,900","","1","B0BP6F3G94","B0BP6NP6CK","46.8","43.7","11.4","5140"
"Dowinx ゲーミングチェア オフィスチェア デスクチェア 椅子 PUレザー 145度リクライニング 昇降連動アームレスト クリームホワイト","7636","66","50","1375","¥ 15,610","","1","B0FWJC98NP","B0FSSPJQT3","76.7","56","25","18700"
"VENTOYA ソファカバー 撥水・防水 リバーシブル カウチソファカバー ソファカバー コーナーカバー ソファーベッドカバー オットマンカバー コンパクト L字 肘付き 2+2/2+3/3+3人掛け 犬猫対策 毛髪不粘着 耐摩耗 滑り止め 替えソファカバー 防塵 汚れ防止 傷防止 爪とぎ防止 おしゃれ インテリア マルチカバー 四季適用 撥水加工 丸洗い可能 (オフホワイト色, 2+3人掛け)","4952","14","","73","¥ 5,599","","1","B0H3NCHJ9R","B0H82BM5P5","30","30","12","1700"
"Stewlt 玄関台 木製 玄関踏み台 玄関ステップ 木製フットスツール ピアノ事務所 フットペダル フットベース 脚立 低床踏み台 滑り止めマット ひざ負担軽減 高齢者用 介護 ベッドルーム バスルーム キッチン用 (60*40*10cm) [並行輸入品]","9377","11","","9","¥ 6,655","","1","B0DYHYWMF3","B0DYHVF1Q8","35","25","10","2000"
"Deconovo 遮光カーテン ドレープカーテン 無地 幅200cm丈230cm ベージュ 1枚入 1級遮光 おしゃれ 仕切り 幅広い 形状記憶加工 UVカット 断熱 防寒 節電対策 昼夜目隠し","8795","57","","1803","¥ 5,080","","1","B0895LCQH7","B0DBLPFYTM","41.3","26.2","9.7","1690"
"simplus ホームベーカリー SP-HBD01 2斤焼き 1斤 パン焼き機 全自動 タイマー付き メニュー充実 パン 餅つき機 シンプラス コンパクト ジャム 焼き芋 (ホワイト)","7642","75","100","286","¥ 6,980","","1","B0DLP4K9KX","B0DLP4LSQ4","34.8","31.9","22.7","3540"
"掃除機 コードレス【7月より先行発売！49000KPaの次世代超強力吸引！驚くほど静かな使い心地！かつてない明るさのグリーンLED！驚きの軽さ！自走式！自立式！】LUNINOコードレス掃除機 スティッククリーナー サイクロン式 絡まないV字ヘッドLEDライト多重濾過システム 壁掛け収納 充電式 フロア/カーペット/ソファー/車用 家庭用 PSE認証済み 3年保証","7643","40","200","27","¥ 10,000","","2","B0GZYR9VRJ","B0HF4NJG1W","40.1","27.4","18.6","3260"
"デスクごとチェアマット ゲーミングチェアマット ダイニングマット 床保護マット SALLOUS 超大判 特大サイズ180×180cm PVC 抗菌","7648","52","","4245","¥ 5,985","","1","B0924SB738","B07YWSVP4Q","182","6","6","8620"
"リコメン堂 キューブボックス 鍵付 扉付き 収納 木製 組み合わせ自由 おしゃれ ナチュラル 鍵 鍵付き カラーボックス 収納ボックス 収納棚 インテリア 一人暮らし 新生活 オフィス (ナチュラル, 4個セット)","6886","38","","87","¥ 8,280","","1","B0C89MW2PB","B0D5KYM4N5","37.5","34.5","7.5","5080"
"Aibiju サイドテーブル ホワイト 正方形 テーブル ベッド横 50x50x56cm 冷蔵庫テーブル プリンターラック 引き出し 調節可能な収納棚付き 低い机 ソファーサイドテーブル 白 YD-TM156W","8050","48","","43","¥ 6,450","","1","B0FPQ96KNT","B0G6D9F8J1","59.4","54.3","11.2","8450"
"【公式オンライン限定】【Toffy/トフィー】 電子レンジ用 グリルパン K-MW3 レンジ調理器 波型プレート 1台6役 焼く/炒める/蒸す/茹でる/炊く/煮る シリコーンミトン付き レシピブック付き K-MW3 (【ギフトスリーブ付き】ピュアホワイト)","10213","49","","253","¥ 5,280","","1","B0G2BT1FP7","B0CVWQW5KW","24.1","23.1","8.3","790"
"MYTREX HEAT NECK EVO 温感 ネックケア EMS 振動 近赤外線搭載 コードレス MT-HNE-25B (ブラック)","9504","59","100","41","¥ 15,840","","1","B0GVHMLQ21","B0GVHP2178","18.9","17.5","6.4","470"
"サイクロン式スティッククリーナー 充電式 自走パワーブラシタイプ サテンブラック【掃除機】 日立 PV-BH900SL-K","7660","71","100","175","¥ 37,980","¥ 52,109","10","B0CF4FP18T","B0DX1QYH2Z","55.8","29.5","29.5","5360"
"山崎実業(Yamazaki) 温まりやすい 立つ 冷凍ごはん容器 L クリア タワー 【6個組】 tower ザル付き 電子レンジ 冷凍庫 食洗機対応 立てて収納 10636×3","7955","29","","10","¥ 6,270","¥ 6,270","2","B0H2CC512H","B0H5BN3V3R","32.1","27.6","11.5","1340"
"CAROTE カローテ フライパン セット 14点 食洗機対応 IH対応 ガス火対応 PFOAなどの有害物質不使用 3層コーティング 軽量 取っ手のとれる くっつきにくい 鍋セット 卵焼きフライパン 調理器具セット 洗いやすい 高級感 耐摩耗性テスト100万回クリア 緑＆ゴールド 730日保証","7662","99","50","132","¥ 8,980","","1","B0G7G8P467","B0H6JDMZ1T","33.4","32.7","16.1","4320"
"【2026年頂点進化 AICE LITE Max】RANVOO ネッククーラー 冷却プレート 首掛け扇風機 全周ペルチェ素子 5.0ICEMAX™冷却技術再進化 720°立体冷風 上下強風 アプリ操作 6000mAh大容量バッテリー AI電力管理 急速充電 冬夏兼用 携帯扇風機 ネックファン 首掛けクーラー 暑さ対策グッズ 熱中症対策 プレゼント メタリックシルバー","7663","81","50","301","¥ 36,616","","1","B0GK9CKM7G","B0GSQ5Z1H4","24.3","20","7.5","850"
"TVT フォロースポットライト ステージスポットライト 手動デュアルコントロール ビームピンスポットライト 自動焦点調整 ォロースポット DJ ダンスパーティー ショー バー クラブ ウェディ 調節可能な三脚スタンド (660W（三脚付き）)","16570","4","","1","¥ 42,866","","1","B0FQV643NN","B0FQV4934B","39","32","30","7000"
"KYAKO(キャコ) 三角クッション 三角枕 背もたれ クッション 傾斜枕 斜め枕 高反発|OEKO-TEX認証 洗えるカバー&取っ手付き，グレー","7669","51","100","21","¥ 6,188","","1","B0GY3JBFQ7","B0GY3G5KQR","31.7","26.4","16.7","2060"
"アデリア(ADERIA) ストレートアイスペール クリア 925ml トング付 日本製 アイス・ペール 大容量 氷入れ 容器 氷 スコップ ガラス アイスバケツ 人気 ランキング バケツ おしゃれ アイスクーラー 氷入れる容器 溶けない 保存 シンプル 定番 清潔 業務用 M6801 (× 4)","6664","11","","506","¥ 6,788","","","B0H8DRFZ5D","B0GGGBM27K","14","12.5","12.5","3400"
"Joydeco ドアカーテン 遮光カーテン 戸口用 プライバシー クローゼット ドレープ","7679","52","","437","¥ 6,899","","2","B0D5QRZ6Q5","B0D86CFYYJ","38.2","25.6","4.7","889"
"nishikawa 【 西川 】 キープス ランバークッション 腰クッション 専用カバー 51X31X21cm用 洗える 腰のまくら ぴったりフィット やわらかニット ゴムで取り付け簡単 ライトブルー PG84350639","8887","26","","1","¥ 13,531","¥ 13,531","1","B0DKNPDDRK","B0F89TN3XT","22.5","18.7","3.8","70"
"グリーンパン GREENPAN フライパン 26cm IH・ガス火 ブラック 【ストゥディオ】 セラミックコーティング PFASフリー 有害物質不使用","8110","53","50","192","¥ 8,697","¥ 8,697","3","B0BTCY9J1N","B0GWCMXZYH","47.5","27.5","8","820"
"QQpony 洗える！ジャカード織りラグ 北欧風カーペット ラグマット 正方形【185×185cm約2.1畳・ウェーブ柄／アイボリー】","7714","70","50","89","¥ 5,103","","1","B0FHKQ828R","B0FYMC6NTN","39.5","37.1","21.9","4070"
"山崎実業(Yamazaki) 食洗機対応 抗菌 まな板 ３枚セット ホワイト 収納時：約W33.3×D6.5×H24cm タワー tower 使い分けできる まな板セット まな板スタンド付き 8184","7946","78","","9","¥ 6,930","¥ 6,930","11","B0CQ3NYZY8","B0D8J213BH","35.3","25","8.6","2490"
"ZMBJ シャープ 空気清浄機 交換用フィルター KC-D50/E50/F50/G50/H50/50TH1 対応 複合フィルター H12 級 HEPA + 活性炭 集じん 脱臭 ウイルス除去 PM2.5 対応 互換品 フィルターセット (01452 空気清浄シート（2枚）)","7969","4","","","¥ 5,499","","1","B0GRZMHRCS","B0GRZ24ST3","28","22","21","1000"
"Jebor 120CM ローテーブル センターテーブル コーヒーテーブル リビングテーブル R角保護 収納付き 組立簡単","10203","34","","41","¥ 5,999","","1","B0H14CM768","B0GTYJ31WS","88.5","49.5","9","11000"
"LunarLight チェスト タンス 幅100奥行30高さ104.2㎝ 2口コンセント付き ストッパー付キャスター 移動/固定式2種 引き出し7個","9108","45","","344","¥ 7,990","","1","B0GY82C83L","B0GSR7SJ97","105","34","12","16500"
"MYTREX REBIVE AIR ピンク 筋膜リリースガン ハンディガン ボディケア ギフト マイトレックス リバイブエア MT-RBA-22PK","8237","40","","352","¥ 8,910","","1","B0BYJ55Y64","B0BYJ378JQ","18.8","18.7","4.7","610"
"ECOVACS(エコバックス) DEEBOT T90 OMNI ローラー式強力モップ ロボット掃除機 30,000Pa強力吸引 水拭き 両用","7734","98","","549","¥ 99,800","","1","B0GKMRR3KD","B0H94537S6","56.5","47.5","41.2","17300"
"ナガオ ライラック ステーキナイフ 12本セット 20.6cm 業務用 日本製","5885","16","","2","¥ 5,100","¥ 5,361","2","B07H7FB6QX","B0F62TMYDL","21.8","5","2.2","640"
"キャンプ扇風機 ミスト 20000mAh大容量 自動首振り コードレス 吊り下げ [並行輸入品]","7737","80","100","46","¥ 5,980","","1","B0H118RBQ2","B0H5B82HMN","28.7","22.1","11.7","1380"
"マクセルイズミ 5枚刃モデル 往復式シェーバー IZF-V553W ブラウン","7748","140","200","181","¥ 6,098","","20","B0DCMHTXJ6","","20.5","12","7.7","370"
"dreame (ドリーミー)L40s Pro Ultraロボット掃除機 自動ゴミ収集 モップセルフクリーニング 自動洗浄・乾燥機能付き 水拭き両用 強力吸引19,000Pa 100% 絡まり防止デュオブラシ 伸長可能なモップとサイドブラシで隅々まで清掃 AI障害物回避180種以上対応 音声コントロールによる指示 ロボット掃除機","7749","73","50","8683","¥ 99,799","","1","B0F2MZF2MT","B0HFRFP19W","69","44","41","16700"
"kensen スキンヘッド用シェーバー 120枚刃 2段階スピード 7D マグネット着脱式 ハゲ用 坊主 頭髪シェーバー パワーフル 髭剃り 男女兼用 IPX6防水 乾湿両用 回転式 LEDディスプレイ Type-C 急速充電式 父の日 (ブラック)","8358","49","200","561","¥ 5,757","¥ 5,757","1","B0FR4GD8NY","B0GPX2TVST","15","11.4","9.7","470"
"カリタ Kalita 抽出過程が楽しめる コーヒー ドリッパー ウェーブシリーズ 2~4人用 ガラスドリッパー 耐熱ガラス製 ブラック WDG-185 ドリップ 器具 #05039 二人用 四人用 2杯用 4杯用 おしゃれ キャンプ アウトドア 喫茶店 アンティーク 結婚 祝い プレゼント 誕生日 女性 男性 還暦 退職 記念日 ギフト 贈り物 還暦 敬老 (× 5)","7752","15","","2346","¥ 9,500","","","B0H8DTYDWZ","B0DHK4N21T","11.9","11.8","9.4","955"
"PYKES PEAK (パイクスピーク) 昇降式 サイドテーブル 机 折りたたみ 【3秒で仕事モード / スペパー重視】 キャスター付 サイドテーブル 幅60cm 隙間収納 コンパクト パソコンデスク 介護 ベッドサイド イージーリフト デスク 60 (アッシュグレー)","8820","35","","50","¥ 5,924","","1","B0GK6B6KH2","B0GK5VKWYT","69","47","11.5","6900"
"YWHT 電動かき氷機 かき氷器 家庭用 バラ氷対応 冷凍フルーツも削れる 大容量 分離式 収納・お手入れやすい 水洗い可能 かき氷機 (レッド)","8100","2","","","¥ 6,288","","1","B0H3TJCDS2","B0H3T9XLRV","24.5","20","17.5","1500"
"パナソニック オーブンレンジ 23L コンパクトモデル フラットテーブル スピードあたため 蒸気センサー ホワイト NE-FS3D-W","7763","95","100","53","¥ 28,219","¥ 28,219","7","B0FJLNZ3CF","","53.2","47.7","41.9","17810"
"ティファール スチームアイロン ハンディアイロン 軽量 脱臭 アレル物質・花粉低減 ホコリ取り/シワ伸ばし「ピュアポップ」 イエロー DT2026J0","7763","92","100","88","¥ 6,173","¥ 6,173","10","B0D2NVY997","B0FK9VFWRD","34.9","16.1","8","950"
"オムロン 手首式血圧計 HEM-6180 シリーズ HEM-6182","7764","63","200","61","¥ 5,020","¥ 5,020","4","B0C9V1ZLDM","","11.5","10.9","9.4","259"
"ORALUCE 人感センサー LED電球 2個入 9W 3000K","7767","56","","123","¥ 9,929","","1","B0CQZPN3LC","B0CP96MYDV","13.4","12.2","6.3","130"
"DEXI 玄関マット 屋外 室内 泥落とし 滑り止め 吸水 おしゃれ 耐久性 家庭用 業務用 お店 オフィス ドアマット ラバー 90cmｘ150cm ブラック(welcomeブロック体)","7788","70","","145","¥ 6,999","","1","B0GFZRHTC4","B0DFLTK3LS","35","10","10","1120"
"LUSCIOUZ ルーシャズ ソムリエナイフ ワインオープナー 5巻 ダブルアクション (チタンブラック102)","7794","85","200","486","¥ 8,901","","2","B0CS2L1WZS","B0CS22GLQG","15","5.5","2.4","141"
"貝印 KAI 関孫六 包丁 牛刀 180mm 10000ST 日本製 AB5292","7797","43","","43","¥ 6,382","¥ 6,382","14","B008R516FI","B01IEHIWG4","41.8","8.2","2.8","299"
"山崎実業(Yamazaki) キャスター付き ケーブル収納 ラック ホワイト 約W40.1×D15.1×H34.8cm タワー 隠せる周辺機器 いたずら防止 テレワーク 5403","7801","100","50","260","¥ 8,551","¥ 8,551","9","B094X4HMBW","B0BDYYMZ7V","45.6","40","20.6","5180"
"ツインバード 電子レンジ 20L 単機能 フラットテーブル レンジ 一人暮らし 自動あたため ホワイト 白 EDR-E273W","7802","85","50","20","¥ 18,990","¥ 18,990","1","B0FD3K5937","B0H6F8M4DD","50","43.9","33.1","14020"
"【2個セット】アイリスオーヤマ 収納 チェスト 幅30.9cm 4段 新カラー ブルーグレー スリム 衣替え 組立て簡単 チェスト インテリアに馴染む 収納ボックス 収納ケース クローゼット収納 衣類収納 洗面所 タンス コロネチェスト","8810","27","","768","¥ 9,420","","1","B0DJVSH71L","B0FQSXMMGQ","68.6","51.1","46","9800"
"ナガオ 燕三条 深型 組バット セット 63.6cm 蓋付 角型保存容器 18-8ステンレス 16号 日本製","8145","79","","252","¥ 20,191","¥ 20,191","1","B07F6JPJWS","B0GYSC8S7W","69","50.5","18.8","5200"
"TIMEMORE Basic 3.0 コーヒースケール コーヒー 計量 レギュラー/エスプレッソ/ハンドドリップ 3モード切替 対水比 水流率 タイマー機能 高精度センサー 精度0.1g 0.2g~2000g オンス/kg単位切替 ホワイト","7808","42","","1","¥ 8,400","","1","B0GVSL2RT5","B0BNTVZ7KH","20.1","16.9","4.7","510"
"【インテリア雑誌『I'm home』掲載 × 天然竹100%使用】 竹製ベンチチェア ダイニングベンチ 玄関椅子 (ナチュラル, 90㎝)","7813","49","50","89","¥ 8,990","","1","B0DXKP6ZJQ","B0DXJVPR1S","93","35.5","12","7260"
"SAKODA ターナ ダイニングチェア チャコールブラック 2脚セット 肘付き PUレザー 撥水 黒脚 回転チェア 回転椅子 チェア 食卓 組立簡単","7817","40","","28","¥ 21,290","","1","B0FDFFF881","B0FDFVBGWX","60","60","60",""
"Out Style 圧縮無し 日本製 洗える ヌードクッション 中身 ふかふか 東レFT綿 (3, 60x60)","8711","17","","5","¥ 7,130","","1","B0FWXCBZYH","B0FWXFB38L","50","50","50","1800"
"共同照明 4個セット ダクトレール用スポットライト LED一体型照明 電球色 GT-GD-10WW-W-4B PSE認証済み ホワイト スポットライト ダクトレールライト 天井 おしゃれ COB 10W 一体式 間接照明 LED内蔵式 電気 簡易取付式 角度可動 リビング キッチン 北欧","9034","29","","37","¥ 9,599","","1","B08L3HDLNV","B07QVXT3KC","22.2","13.4","13.3","1300"
"パナソニック(Panasonic) 水栓型浄水器 カートリッジ(3本入) TK-CK40C3","7825","115","100","407","¥ 8,680","","13","B00KFTYM9G","B093CQKW82","18.1","11.7","4.2","140"
"LED蛍光灯 40W形 T8直管 120cm 両側給電 昼光色 320° 6000K 消費電力18W 口金G13 天井照明 高輝度2300LM グロー式工事不要 PL保険(メーカー保証二年) 家庭、学校、病院、事務所、工場、倉庫に適用 10本入り","7825","62","100","58","¥ 5,439","","1","B0F4PJMNP7","B0FPRGCDSG","126.5","19","9.5","3000"
"アイリスオーヤマ スチームクリーナー ハンディタイプ STM-305R-C アイボリ― キッチン清掃 除菌 清掃 年末清掃 消臭 軽量","7827","108","200","255","¥ 7,000","¥ 7,534","17","B0BGS7C9ZG","B0DNM3FWGN","29.4","27.8","20.8","2300"
"【公式ストア】Mirable(ミラブル)zero(ゼロ） シャワーヘッド ウルトラファインバブル 節水 塩素低減 ミスト水流","7830","106","100","270","¥ 33,000","","1","B0B28RW9TL","B0FNPPG22P","26.6","20.2","8.4","830"
"不二貿易 カラーボックス フリーボックス 幅55×奥行29×高さ88㎝ グレー 工具不要 99727","7931","54","","28","¥ 5,554","¥ 5,554","3","B08B3D245R","B0GS1X5XLT","74.4","31.7","10.2","14520"
"aito製作所 美濃焼「 ナチュラルカラー 」 食器セット 一人暮らし 6点セット グレー 食洗機 電子レンジ対応 日本製 567-502","7837","40","","923","¥ 5,352","¥ 5,352","1","B06XYDBGZN","B0FPDZQTGS","37.4","24","11","1720"
"Sinland吸水性マイクロファイバーディッシュクロスキッチンStreak Freeクリーニング布Dish RagsレンズCloths 12 inchx12inch 12パック ホワイト nhjb30whitex12","6854","45","","2585","¥ 5,597","","1","B00QGCXPRG","B01MG1FZIT","33.7","17.5","3.4","331"
"AIFY 完全遮光カーテン 4枚セット 軽量でもしっかり遮光 断熱 防音 節電 遮熱 保温 遮音 UVカット裏地付 快眠 安眠 睡眠 西日対策 完全遮光プレミア 洗える（カーテン2枚組・レース2枚組) 幅100cm×丈230cm フォギーグレー","9475","35","","90","¥ 5,363","¥ 5,363","1","B0F3DC55RK","B0H1MM1P6C","35","27","13","2670"
"折りたたみ式物干し竿 物干しスタンド 伸縮 X型 ダブルバータイプ屋内外使用 ベランダ 寝室用 布団干し対応 梅雨 洗濯物 衣類干し(ホワイト)","7846","13","","2","¥ 5,480","","1","B0H6L21J31","B0H6KW4ZJX","86","16","14","3800"
"ナガオ 燕三条 角バット 蓋 網 XXLサイズ セット 下ごしらえ用 18-8ステンレス 10枚取 日本製","9268","26","","50","¥ 8,213","¥ 8,213","1","B08SQJYH7T","B0DV5GND9K","35.6","28.6","8.4","3120"
"東洋佐々木ガラス レモン絞り 丸型 48個セット 日本製 食洗機対応 絞り器 ジューサー フルーツ絞り ガラス P-SGK-101-N","7858","80","","782","¥ 32,304","¥ 32,304","3","B0BGRJND4Z","B0F13G3DFM","44.6","31.1","29.9","15010"
"simplus 電気ポット 省エネモード 保温 マイコン式 大容量 ポット カルキ抜き 空焚き防止 温度調節 SP-PD22 電気ポッド シンプラス (ブラック, 2.2L)","7862","52","50","139","¥ 5,600","","2","B0DM8MFQRP","B0DTYHHDLT","30.5","30.5","27.2","2360"
"PlayHot ポータブルハンドヘルドターボファン 5ギア風 バッテリー駆動 最大12時間稼働 3イン1ハンドファン Air Turbo Tech冷却ファン付き アウトドアアクティビティ 旅行 ビーチ用 (グレー)","8097","36","","7037","¥ 5,453","","1","B0D97YVVQ2","B0G6KNTPWW","17.6","6.2","5.7","240"
"【最大30日間お試し対象】マニフレックス サステナブルウィング BLACK 日本用 三つ折り 高反発 マットレス シングル 10cm 硬め 【公式直販】 畳める 運べる ソファーになる 側地は外して 洗濯できる 3枚の芯材ローテーションで長持ち 7年以上使える イタリア製","7868","64","50","10","¥ 36,571","¥ 36,571","1","B0GHMS6RN3","B0D6G6N5ZS","98","30","30","6700"
"ティファール 電気ケトル 0.8L 温度調節 9段階 マットな質感のデザイン 転倒お湯もれロック 「アプレシア ロック コントロール ホワイト」 省スチーム設計 保温 KO8601J0","7873","113","100","55","¥ 9,236","¥ 9,236","8","B0FMWRXFT6","B0GL7MSLVF","23.9","20.7","20.3","1600"
"アイリスオーヤマ 本棚 オープンラック 幅53×奥行18.3×高さ119.5cm オープンシェルフ 木製 タンス 収納 ウッドスリムラック WSR-523 ウォールナット/ブラック 【HIROBIROシリーズ】","7873","75","","28","¥ 5,327","¥ 5,327","6","B0DSKC1Q8Y","B0FLPGKZGC","126","21.5","10","9000"
"アンドメディカル KURA SEATHB 座椅子 姿勢矯正 腰痛 椅子 クッション 骨盤サポート 骨盤矯正 姿勢サポート コンパクト &MEDICAL クラシートハイバック(ネイビー) 贈り物","7877","46","50","96","¥ 11,730","","1","B0B968SWXN","B0DNJ61VPL","40.1","37.3","30.7","1450"
"YAKINO ガスコンロ2口コンロ マルチバーナーストーブ 卓上埋め込み式 ダブルアルミニウム 業務用キッチン 家庭用 都市ガス対応 お手入れ簡単 ヨーロピアンデザイン 高火力 省エネ","7904","18","","2","¥ 7,876","","1","B0FPBZYZV8","","54","35","15","3000"
"象印マホービン ミキサー 1.0L 氷も砕ける 軽くて丈夫 シンプル マット調 グレージュ BM-SA10AM-HC","7884","107","300","262","¥ 7,280","¥ 7,280","1","B0CBFKVVJY","B0FVWSV4T4","31.9","30.9","19.8","2340"
"RAKU フェイクグリーン ベンジャミン 高約120cm 観覧植物 人工観葉樹 観葉植物 フェイク 造花 シンプル オフィス 室内 インテリア 大型","7884","45","50","222","¥ 6,117","","1","B0B1DJRPD3","B0B1DCRTHC","120","22","22",""
"丸テーブル Probasto 折りたたみ デスク ダイニングテーブル 直径約80×高さ74㎝ サイドテーブル コンパクト テーブル 完成品 在宅ワーク 勉強机 作業台 食卓 リビングテーブル パソコン デスク（ブラック）","7885","34","","25","¥ 5,681","","1","B0C9T6P8NX","B0GH77HSFS","1","1","1","1000"
"山田照明 Zライト デスクライト LED 高演色Ra94 肌色きれい 明るさ2210Lxホワイト クランプ Z-10GW","7893","96","50","73","¥ 12,470","¥ 18,818","9","B0FBRL3VKB","B0F9RV3LVQ","65","22.3","6.2","1710"
"nishikawa 【 西川 】 フラットシーツ ダブル 綿100% 無地 しっかり 日本製 フリーセレクション ブルー PK20001055B","7900","65","","1095","¥ 5,232","¥ 5,232","3","B00OXP1K8O","B0CSDCD5QN","34","25.2","4.4","970"
"Nihig 【アップグレード版】 LEDフォロースポットライト、600W/880W ステージスポットライトDJライト、三脚スタンド付き、および手動デュアルコントロール、ステージライト 調節可能な絞り、照射距離を延ばす、KTV DJ パーティー 結婚式 宴会、バー 誕生日用 (660W（三脚付き）)","11103","1","","","¥ 49,286","","1","B0G4116XRD","B0G4189QZW","90","34","34","11000"
"オムロンクッションマッサージャ HM-350-BW ブラウン","7908","56","100","489","¥ 6,035","¥ 6,035","11","B07VCHX1M9","B08HZDBWZV","39.5","28","11","2200"
"【ケース販売】HEIKO 紙皿 業務用バガスカレー皿C NCP230 004477050 1ケース(50枚入×16袋 合計800枚)","6923","87","","194","¥ 35,886","¥ 36,678","2","B09J4MXN6Y","B0CNCGZZ5J","40","40","20","6000"
"mVm フタ付き ゴミ箱 30 L ペダル式ステンレス スリム おしゃれ ダストボックス 密閉性 キッチン リビング 洗面所隙間 オフィス用 袋が見えない 頑丈 耐汚 丸形 ホワイト","7916","25","","111","¥ 6,999","","1","B0FQBD35XC","B0FVLLQ3JQ","71","35.5","35.5","4200"
"掛け布団カバー ダブル 日本製 綿100％ 防ダニ サテン 超長綿 布団カバー 350本高密度生地 北欧 シルクのような肌触り ホテル仕様 掛けカバー 掛けふとんカバー ノーブル (ダブル, オリーブブラウン)","7924","21","","608","¥ 5,190","","1","B0CBRTPW9C","B077HHWXQH","32.9","24.5","5.2","910"
"業界初 フットケア 足先 太もも ふくらはぎ EMS 空気圧 温熱 6モード ３段階強度 3段階温度 足裏 膝ヒーター機能付 レッグリッラクスサー 立ち仕事、運動、家事後 家庭用 男女兼用 敬老の日 母の日 父の日 収納袋付","7925","63","200","139","¥ 15,998","","2","B0DC5YT7KF","B0HFX3HHW5","35","25.6","19","2010"
"ディスペンサーボトル Luxspire シャンプーボトル ディスペンサー 詰め替えボトル シャンプー 大理石柄 洗剤 化粧水 アルコール対応 お手入れ簡単 円柱状 手洗い 部屋飾り 320ML White Marble","7926","38","","970","¥ 5,497","","1","B07VRL94TC","B0G92SHHX1","22","8.4","8.3","420"
"roborock(ロボロック) Q10V+ ロボット掃除機 水拭き 両用 自動ゴミ収集 障害物回避 お掃除ロボット【Qシリーズ高総合力モデル】","7949","102","100","335","¥ 51,999","","1","B0F9KCJ493","B0GXDZ9YYX","42.1","42","35.2","9430"
"ラッセルホブス エアフライオーブン 1420JP","7952","114","300","117","¥ 15,000","¥ 15,000","7","B0G236ZGNR","B0G4W7JM5R","42.3","34.1","25.2","4300"
"アイリスオーヤマ カラースチールシェルフ スチールラック 幅59 収納ラック 4段 収納棚 本棚 ラック オープンラック メタルラック メタルシェルフ 棚板高さ調節 整理棚 収納 リビング キッチン 寝室 カラースチールシェルフ ラック小 ベージュ SEC-590","6856","81","","66","¥ 5,008","¥ 5,008","8","B0D59MCGKX","B0F89XJ3ZZ","64.8","31.4","13.8","8230"
"VICTORINOX(ビクトリノックス) ピーラー 芽取り付きの皮むき器 ストレート ゴールド フルーツや野菜の皮を薄くむける REXピーラー 6.0900.88","7956","52","","6263","¥ 11,000","¥ 11,637","5","B09L9BGDGV","B0FT7J3WWX","17","8","3.9","90"
"晴香堂(Harukado) kitoca 木と果 190 天然精油100％使用 リードディフューザー 190ml ゼラニウム＆ベルガモット (× 2)","7262","42","","237","¥ 5,036","","","B0G5G5JMJ1","B0G63T8QKX","29.2","10.7","8.4","1180"
"衣装ケース 3段 キャスター付き プラスチック ワイド チェスト タンス 収納ケース 引き出し 大容量 幅60cm 奥行40cm 高さ66cm 組立式 日本製 (ホワイト／チェリーピンク) W3-1WNPI","8283","43","","400","¥ 5,099","","1","B07D56CK3Z","B0F1CJK3YP","60.5","52","46.5","5300"
"rloao ガスコンロカバー 65x40x6.5cm ステンレス製 大きい 2口よ3口用 三面閉鎖 範囲が広く 隙間の汚れ溜まりを大幅に抑えられます","7961","47","","22","¥ 6,080","","1","B0GH7LBYZZ","B0H399HCW5","67","42","7.5","4100"
"BODUM ボダム グラス コップ タンブラー PAVINA パヴィーナ ダブルウォールグラス 350ml 6個セット 保温保冷性 二重構造 耐熱ガラス 電子レンジ可 オーブン可 食洗器可 冷凍庫可 【正規品】 4559-10-12","7963","107","50","6582","¥ 7,019","¥ 7,019","1","B001HX4IYS","B0FP1TF94Q","28.7","19.5","13.4","1270"
"オムロン コンプレッサー式ネブライザ NE-C803","7971","81","200","917","¥ 8,980","","1","B015BZTT8C","","32","23","15.3","680"
"天井エアコン風よけカバー 風向き自由に調整 結露防止マット付き 直撃風を緩める 自由角度調整（60°角度調整） 穴不要 工事不要 多機種対応 冷房暖房両用 省エネ 空気循環 直撃風対策 天井吊り形エアコン 天カセ システム空調 4枚セット","7980","42","50","24","¥ 6,998","","1","B0F6D69CPB","B0F6DHDZ22","58.5","28.6","6.9","1080"
"ミドルワン(ミドルワン) 円形抱き枕 大人用 ベッド用ロングボルスター枕 取り外し可能なベルベットカバー付き 装飾チューブロールシリンダー枕 47 x 7.87インチ ブラック 1点。","7986","65","","1881","¥ 11,570","","2","B0D3588VYY","B0C8Z8N23T","38.4","24.2","14.7","1819"
"[ユニフォームU-style] BURTLE バートル エアークラフト AC10 2026年モデル #78 マットブラック バッテリー × AC10-1#35 ブラック ファンユニット セット ハンカチ付き","8003","71","100","9","¥ 19,305","","2","B0GRZ39VP3","B0GRZ845VW","24.7","13.9","12","970"
"Thunder Group ミキシングボウル 54cm 約28.3L 下ごしらえ ミキサー ステンレス ボウル 業務用 SLMB030","8784","42","","60","¥ 5,511","¥ 5,511","1","B0CYC5BDWG","B0DJBBYGLC","57","57","19","1410"
"セイコークロック(Seiko Clock) 掛け時計 電波 アナログ 木枠 薄茶木地 直径300×48mm KX272B","8013","83","","738","¥ 9,711","¥ 9,711","9","B0BJJZ8C3Q","B0BLYKB822","36","35.7","7.4","1140"
"クイジナート フードプロセッサー 1.9L 大容量 3~4人分向け 1台5役(切る・刻む/こねる/薄切り/細切り/おろし) インダクションモーター搭載 パワフル 静音 パン生地 時短調理 ホワイト DLC-191J","9352","103","100","679","¥ 25,764","¥ 25,764","1","B018HPZML6","B0CGXCB327","41.1","29.4","23.1","7250"
"BAYATA vio シェーバー レディース 2in1ヘッド 女性 メンズ 電気シェーバー 電動 デリケートゾーン ムダ毛処理 USB充電式 ピンク","8027","64","100","37","¥ 5,980","","2","B0H39G1WCF","B0HGWRXH8D","17.9","5.8","3.4","140"
"【2025進化】 SwitchBot ロボット掃除機 K11+ 超小型 - 高精度マッピング 6000pa強力吸引 水拭き 使い捨て掃除シート30枚付き 禁止エリア 静音設計 遠隔操作 自動充電 落下防止 2.4GWi-Fi対応 Alexa Google Home IFTTT Siriに対応","8029","144","100","144","¥ 39,800","¥ 39,800","1","B0F7GGN94D","B0GWLBFB45","33.2","29.3","28.9","6130"
"山崎実業(Yamazaki) マグネット風呂イス 座面高30cm + マグネット&引っ掛け湯おけ 【2点セット】 MIST 浮かせる収納 バスチェア ホワイト 1723 7322","9100","60","","10","¥ 6,280","","2","B0D1V6FN23","B0D22NMQGF","38.9","32.1","30.8","1700"
"AODK サイドテーブル ナイトテーブル ベッドサイドテーブル コンセント付き 40×30×70cm 引き出し付き 収納付き ベッド横 組み立て簡単 コンパクト (ブラック)","8032","54","50","76","¥ 5,680","","1","B0FL6TBLWD","B0FL6PDBDY","43.6","34.4","15.2","5920"
"HUAWEI Scale 3 Pro スマート体組成計 8電極式両手両足測定 Wi-Fi/Bluetooth接続 12項目＋部位別測定（10項目） ホワイト","8034","88","100","57","¥ 8,800","¥ 8,800","1","B0F5WNJ26N","B0FKT8VK36","37","37","5.5","2900"
"ハンディファン 冷却プレート 【120°自動首振り × -20℃瞬間冷却】 携帯扇風機 100段階風量調整 6500mAh 暑さ対策","8038","48","","787","¥ 9,999","","2","B0H1LL112P","B0HGM2H248","18.9","8.1","6.9","350"
"シャープ プラズマクラスター扇風機 PJ-T3AS-W ホワイト リビングファン ACモーター 風量3段切替 衣類消臭 プラズマクラスター7000","8040","100","200","68","¥ 8,680","","7","B0FGWXJFVH","","67.8","38.8","21","4530"
"タイガー魔法瓶(TIGER) タイガー 保温 保冷 卓上 ステンレス エアーポット エコ とら~ず 2.2L MAA-C221XC クリアーステンレス(シルバー)","8045","103","100","650","¥ 7,382","¥ 7,382","16","B0BFGL2HBY","B0BVTXP9WL","28.4","20.9","20","1690"
"TVT ガスコンロ 強化ガラスガスストーブ 中華鍋バーナー ブラック 強化ガラス自動パルス点火 ガスコンロ ガスコンロ シングルバーナー 強火 卓上 熱電対 フレームアウト保護付き 家庭 キッチン 屋外 RV キャンプなどに最適自動パルス点火 家庭用キッチン用 (トップ構成の 9 チャンバータイミング | 防風エネルギー収集 | 強化ガラス,NG)","8128","1","","","¥ 11,800","","1","B0DWFGP841","B0DWFDP7X1","44","34","10","4000"
"冷風機 冷風扇 【2026年日本企業監修仕様 極上の冷感届け！】冷風扇風機 強力 人気 クーラー並みに涼しい 静音 首振り 風量6段階 10.0L水タンク 12時間切タイマー パネル操作 リモコン式 上部給水 保冷パック キャスター付き 省エネ スポットクーラー 冷風 クーラー スリムタワー型 リビング 子供部屋 キッチン 寝室適用 暑い夏 熱中症対策 PSE認証済 日本の中小企業応援ストア対象","8048","103","500","191","¥ 6,999","","1","B0GZV4XP37","B0H8TPQ3WZ","63.5","30.5","29.4","6750"
"透明 テーブルクロス PVC製 エンボス加工 テーブルマット 50*180cm 厚さ5mm 無臭 縮みなし 矩形 テーブルカバー 防水 汚れ防止 撥水加工 はカスタマイズ可能です","10335","8","","175","¥ 6,410","","1","B0DYY455XN","B0DWJSWJC6","50","6","6","5500"
"YnM ウェイトブランケット 加重ブランケット 天然素材　竹繊維　不眠症対策 快眠グッズ 安眠 睡眠改善 152*203センチ9キロ 体重範囲 60-86キロ 重い布団 ブランケット リラクス ストレス解消 重力ブランケット 重い毛布","9585","13","","621","¥ 12,000","","1","B07C18T8DH","B086RPNZ5Y","40","32","14","9120"
"グリーンパン GREENPAN フライパン 26cm IH・ガス火 スモーキーブルー 【メイフラワー】 セラミックコーティング PFASフリー 有害物質不使用","8061","54","50","521","¥ 6,842","¥ 6,842","8","B07H8XQ495","B0C27X8QS6","45.2","28.3","8.8","880"
"ヨコズナクリエーション トイレタリー (トイレマット&フタカバー&便座カバー ３点セット) (グラデ スモークピンク, レギュラー)","9705","30","","501","¥ 6,820","","1","B0CP3PY71D","B0D146K35Y","44.8","39.3","10.9","900"
"Deconovo ロールスクリーン ロールカーテン 調光 ゼブラブラインド 1本 採光 目隠し UVカット 断熱 チェーン式 簡単取付 天井付け 正面付け 北欧 おしゃれ リビング 寝室 オフィス 幅130cm 丈180cm グレー","11235","23","","80","¥ 5,396","","1","B0GT4BV41W","B0GT4DYBB3","137.5","6.8","5.4","1500"
"Boweer 除湿機 衣類乾燥 3L 大容量【マイナスイオン 鉄筋14畳 /木造７畳】除湿量1L/日 除湿器 部屋干し 湿気取り カビ対策 梅雨対策","8064","118","200","966","¥ 10,800","","3","B0CY4CLKMH","B0HF49LNXJ","38","24.3","18.7","2590"
"CREVENT ファームハウス ボーホー ニット スローブランケット カウチ ソファ 椅子 ベッド ホームデコレーション ソフト 暖かい 快適 軽量 春夏秋用(50インチ×60インチ クリスマスセット)","8071","26","","8848","¥ 7,601","","1","B0FWRJ38HK","B0D8MQH49M","27.5","24","11.5","1045"
"超大判 紙おしぼり 200本セット 使い捨て 丸型 厚手 上質触感 高級 温め冷やし可能 個包装 業務用","8080","41","","202","¥ 6,600","","1","B0B2NWB1V7","B09KR3FGKP","40.7","33.4","15.5","5490"
"【家電批評ベストバイ受賞・業界最小サイズ】Gekwaii ハンディークリーナー 車用掃除機 4in1多機能 コードレス ミニ ハンディ掃除機 3段階モード ディスプレイ残量表示 最大40000PA強力吸引 長時間運転 Type-C充電 豊富なノズルセットパワフル ポータブル 小型 強力 低騒音 車内 家庭 掃除 ペット毛 布団 ソファ 隙間対応(ブラック)","8086","67","300","71","¥ 6,999","","2","B0GWQT3645","B0HGG28L79","20.7","16.8","5.9","440"
"【Amazon.co.jp限定】Keilymat チェアマット 床傷防止 汎用チェアマット 机下敷き 滑り止め 180×140CM 5mm厚モカ","11236","40","","112","¥ 6,280","","1","B0FZHHBQLX","B0G38JCW3P","45","35","10","1540"
"Philips(フィリップス) Norelco OneBlade ハイブリッド 電動トリマー・シェーバー 快適パッケージ QP2520/90","8092","31","100","44468","¥ 6,980","","2","B01D328BG6","B0H46FQ3N6","19","12.7","3.7","170"
"トランパラン バスタオル 今治タオル 日本製 2枚セット リュクス 厚手 ホテル仕様 吸水 綿100％ オフホワイト・ココアブラウン","8101","44","","160","¥ 5,680","","1","B014S4B3M2","B0CNR81V3T","36.6","29","7.6","760"
"Aibiju 本棚 収納ラック 4段 引き出し付き 幅60奥行30高さ123cm 棚 リビング収納 フック付き シェルフ シューズラック 組立簡単 オフィスに適用ブラック YD-BC004B","9102","39","","149","¥ 6,980","","1","B0G3PC4GKT","B0GHFG8XRZ","61.6","35.3","17.3","11650"
"DQWJYYDS隙間パッド ベッド 隙間埋めクッション ベッド 隙間 壁 ベッド幅 継ぎ足し マットレスベッド 隙間があるので物が落ちにくく、取り外して洗える、200x15x30CM（LxWxH）色#1 オフホワイト","14750","11","","105","¥ 9,447","","1","B0DCYHJJ31","B0DCZ6S7W9","85","15","15","3750"
"loofen（ルーフェン）生ゴミ処理機 家庭用 助成金対象 コンポスト 途中投入可能 自動 静音 温風乾燥循環式 【特許取得】(ホワイト)","8117","54","50","472","¥ 67,089","","1","B09ZXKCBL8","B09ZY9VQY7","45","39.2","33.8","7330"
"Fiorifiore 記念日 プリザーブドフラワー ブーケ 8輪 赤 薔薇花束 自立式 誕生日 プロポーズ バレンタインデー プレゼントに最適","8119","55","100","81","¥ 5,652","","1","B0FSRN2Q8C","B0FSRPRHL4","38.7","25.5","13.9","730"
"XINYF 棚 ラック おしゃれ 棚 スリム 棚 ラック 棚 スリム シェルフ ラック おしゃれ オープンシェルフ オープンラック 本棚 スリム (レトロ, 幅40×奥行30×高さ112cm)","9600","52","","153","¥ 5,588","","1","B0CTH42DYF","B0CZNR9BSK","61","31","14","7200"
"大木製作所 ステンレス スライド棚 45~65×17×H20cm","8695","45","","2","¥ 5,146","¥ 5,146","1","B003QRC3SQ","B0FNMXM6LL","45.5","20","18","839"
"アスベル ゴミ箱 分別 スリム おしゃれ キッチン ふた付き 3分別 大容量 ブラック ワゴン キャスター ダストボックス リビング プッシュ ごみ箱 新生活 ボタン ワンタッチ 資源ゴミ プラゴミ キャスター付き 横型 ３分別 ワゴン 60L","8122","46","50","266","¥ 5,766","¥ 5,766","2","B0BT4MM6M6","B0H1G6HPN8","68.3","35.5","25.5","4540"
"GTPLAYER ゲーミングチェア ファブリック デスクチェア 人間工学設計 腰痛対策 ポケットコイル 90°～150°リクライニング [一体式オットマン付き] 連動式アームレスト 蒸れない 高背もたれ ヘッドレスト&ランバーサポート 通気性メッシュ 高耐久性 GT905-Black","8125","72","100","2821","¥ 13,980","","1","B0DSFNVYSR","B0G7XQPTKH","81","55","24","20000"
"センコー(Senko) となりのトトロ あおぞらどんぐり トイレマット ロング丈 約78×60cm グリーン トトロ 日本製 抗菌 防臭 34756","8129","49","","208","¥ 5,280","¥ 5,280","5","B0BB6R43SZ","B0BKS74QFV","34.1","30.9","9.2","490"
"【節電対策】アイリスオーヤマ LEDシーリングライト 12畳 調光 節電ボタン リモコン付き 5200lm クリアフレーム CEA12D-5.0QCF","8132","68","","234","¥ 6,700","","9","B0CLL2H51M","B0DNLX1GXV","62.5","61.9","13.7","2690"
"ドウシシャ 2段 トースターラック 調味料ラック スパイスラック 白 ホワイト 幅54x奥行25x高さ46cm CM5545-2WH 木製シート付き 棚位置変更可 全体耐荷重60kg 防錆加工 サビに強い 水回りOK キッチンラック 冷蔵庫上 レンジ上","8138","48","","9","¥ 5,199","","1","B0BWCTRFH4","B0HB9F2T84","56.4","30.1","8.6","3060"
"【SHARP 純正品】 シャープ 空気清浄機 KC50シリーズ用 消耗品リフレッシュパック FZ-ST50KC【脱臭 フィルター FZF50DF + 集じん フィルター FZD50HF + 加湿 フィルター FZY80MF + イオンカートリッジ FZAG01K1 + 使い捨てプレフィルター FZPF51F1】","8143","93","200","442","¥ 7,051","¥ 7,051","10","B09N3DZGKY","","42.5","24.5","10.9","960"
"ライティングレール用スポットライト100W相当 調光 調色 リモコン付き 電球色昼光色昼白色 消費電力10W 大光量1000LM,照射角度調節可能,2.4GHz無線式遠隔操作，30分/60分お休みタイマー 常夜灯 光色切り替え PSE認証済み 日本語取扱説明書 ブラック 4個セット（電池別売）","8146","53","","36","¥ 10,399","","1","B0CJB9ZPQ4","B0BGXW47TV","22.6","11.2","11","1280"
"フィスラー (Fissler) 圧力鍋 ビタクイック 3.5L ガス IH 対応 2～3人向 pressure cooker 2段階圧力設定 ドイツ製 ステンレス製 600-410-03-000","8148","57","50","227","¥ 20,520","¥ 20,520","1","B0CSJRB3B6","B0D53LPW88","39.8","30.4","18.1","3910"
"キッズソファーベット 子供用ソファー ベビーソファー 折りたたみ 座椅子 ふわふわ 1人掛け かわいい (4つ折り,グリーン 恐竜)","8150","4","","","¥ 5,024","","3","B0FBS51VJY","B0FBS6YP3Z","45","30","30","900"
"Cobbe 8段階設定手持ちシャワーヘッド、節水設計、マットブラック。","8945","23","","11698","¥ 6,505","","1","B09WJ2VBLZ","B0DJG7D1CX","28.9","13.6","9.2","721"
"ハーツラスAR 低反射 UVカット アクリルフォトフレーム A3判 壁掛けタイプ","8162","68","","159","¥ 5,980","","1","B0CF1189YR","B0C3H452QL","48.2","47.2","2.9","1390"
"オカ(OKA) PLYS base (プリスベイス) キッチンマット 約 45 cm × 250 cm オレンジ (日本製 洗える モダン シンプル 滑り止め)","8167","40","","638","¥ 5,538","¥ 5,538","2","B08WPP3G9T","B0FHW62Y34","46.8","34.8","6.2","1360"
"【BARREL公式】首振りファン Aechmea move（エクメアムーブ）ライティングレール設置タイプ、リモコン付き、タイマー機能 (マットブラック)","8177","71","100","109","¥ 7,990","","8","B0CV3CWP82","B0CV3ZR5WM","20.6","16.8","16.7","660"
"タンスのゲン レンジラック 幅60 キャスター付き 大型レンジ対応 高さ139cm 2口コンセント付き スライド棚 17620022(88100)","8555","60","100","291","¥ 6,299","","1","B0CH8CSGZW","B0CH83LFJZ","85","44","15.5","13600"
"songlibin 布団カバー キング 4点セット ボックスシーツ 枕カバー付き ストライプ柄 洗いざらし 洗える 和洋兼用 グリーン","7350","40","","1","¥ 5,396","","2","B0GMW738WJ","B0GMWPY2MN","33","30","6","1600"
"Yiwbj ダイニングマット 透明 エンボス加工 200x300cm 厚さ2mm 特大サイズ PVC 床保護マット クリア 撥水 ダイニングテーブル 下に敷くマット 超大判 床 保護シート 汚れ防止 お手入れ簡単 床暖房対応 滑り止め (厚さ2mm, 200*300cm)","8189","15","","123","¥ 19,999","","1","B0CSBJVZJY","B0CSBN29JN","200.1","8","8","13500"
"ぼん家具 カラーボックス 4段 A4対応 幅41.4×奥行29.1×高さ134.4cm 収納ボックス 本棚 収納棚 木製 リビング収納 ホワイト","8196","46","50","176","¥ 5,480","","1","B0CDKTRXTR","B0CP42Y7C7","70.8","34.3","13","14100"
"パナソニック フェイスシェーバー フェリエ ウブ毛 眉毛 シルバー ES-WF41-S","8200","176","100","12662","¥ 8,800","","12","B079MN2G6N","","20.3","8.6","2.1","50"
"GOBOT 電動モップ コードレス回転モップクリーナー 軽量化 回転モップ 1台4役 水噴射 モップクリーナー 200回/分 替えモップ6枚付き 拭き掃除 充電式 水拭き フローリング 掃除 コードレスクリーナー フローリング 掃除 床掃除 自立式 掃除グッズ (ホワイト)","8201","107","200","624","¥ 7,320","","2","B0BYYRBTYJ","","43.3","16.3","11","1750"
"三菱電機 IH炊飯器 3.5合炊き NJ-SE06H-W ホワイト 白亜麻 備長炭 炭炊釜 小容量モデル","8209","47","50","6","¥ 21,000","","14","B0GVNCXNXP","B0GWQ55XPK","32","27.5","24","6500"
"QUADS(クワッズ) 全自動スマートゴミ箱 ELBIN エルビン 木目 【30L】 ゴミ自動梱包 UV機能付き ごみ箱 (アイボリー)","8209","35","50","","¥ 28,386","","1","B0H724VNZW","B0HB5THJ1L","73","31","28","5320"
"OCTO ロールスクリーン プルコード式 1級遮光 目隠し 遮熱 防音 防寒 表裏同色 簡単取付 ロールカーテン 丈220cm 幅140cm ベージュ","8215","28","","57","¥ 7,980","","1","B0FYW2WZBB","B0FZ9BK8XP","154","6","5","2700"
"2個セット アイリスオーヤマ チェスト スーパークリア 10段 日本製 幅32×奥行39×高さ108.4cm ホワイト/クリアブラウン 白 プラスチック SCE-1000","8220","52","","1048","¥ 14,030","","1","B0D44CLD46","B0F1N41YSP","104.3","79.2","32.3","15600"
"アイリスプラザ ウッドカーペット ナチュラル 幅約350×奥行き約260×厚み0.4cm 6畳、江戸間 WDFK-6-EDO","8227","94","50","1281","¥ 21,010","¥ 21,010","2","B081JCCG7D","B0FTLCLVJ8","134","34","19","29300"
"山善(YAMAZEN) カーテンレール つっぱり式 (間仕切り) かんたん突っ張り カーテンリング/フック付 幅90-273×奥行10×高さ190-260cm パーテーション 組立品 マットホワイト WJC-723RM(MWH) テレワーク","8229","50","50","367","¥ 8,580","¥ 8,580","1","B0948P9GCB","B098K9L7GS","94.8","18.6","7","3640"
"バルミューダ BALMUDA The Pot KPT01JP-BK 電気ケトル ブラック ドリップケトル コーヒーケトル ギフト対応 旧品","8230","110","50","224","¥ 16,400","","5","B0CWKD99QV","B0H2DTRC9X","23.2","22","21.8","1190"
"MORIPiLO 布団カバー セット リトルミイ ムーミン (掛け布団カバー 150x210cm・枕カバー 43x63cm) ベージュ グッズ まくらのモリシタ 425103","8424","36","","211","¥ 5,220","¥ 5,220","1","B0FY17838G","B0GCF85QL3","28.7","27.5","5.2","950"
"CORONA(コロナ) 窓用エアコン ウインドエアコン (冷房専用CWシリーズ用) テラス窓用取り付け枠 140~190cm 延長枠 WT-9","8236","104","300","185","¥ 6,150","","11","B0D5LJWNHT","B0D6Y4PQJP","75.5","39","10","2700"
"Hohoemi【卒業祝い＆新生活応援 】ウォールミラー ゴールドフレーム 円形壁掛けミラー 直径60cm 大型 デコレーションミラー リビング 玄関用 贈り物 アルミフレーム インテリア (ゴールド, 60CM)","10767","35","","157","¥ 11,188","","1","B0G4N1MSL5","B09HJLPBZX","67","66","6.5","3570"
"【メーカー延長保証2年対象】セイコー クロック 掛け時計 電波 アナログ カレンダー温度 湿度 表示 01:茶メタリック 01:直径35cm BC405B","8242","70","100","2400","¥ 10,120","¥ 10,120","1","B07GJQYBC4","B0FFN1W7N1","37","37","7","1520"
"山善(YAMAZEN) 突っ張り ラック ポールハンガー ハンガーラック 全体耐荷重90kg シャツ最大135着 ひっかけ棒付き ワンタッチ突っ張り (実用新案取得済) 縦横伸縮 (幅160-292cm/高さ190-260cm) 衣類 収納 組立品 マットブラック WJ-795RM(MBK) トリプル","8255","60","50","466","¥ 9,990","¥ 9,990","1","B08WYRXKB9","B0DG2NVT8R","96","22","11","6000"
"【iLooiLoo公式】【2026年 耐久性向上 素材 オフィスチェア ゲーミングチェア デスクチェア （Camel Brown） ポケットコイル搭載 PUレザー リクライニングチェア ゲーミング 社長椅子 伸縮オットマン付き 連動式アームレスト","8250","37","","546","¥ 16,050","","1","B0CMWQTQ57","B0CMWMMBVR","73","58","38","20000"
"Findbetter シューズボックス 透明 10個セット大容量 磁石開閉透明扉 シューズケース 組立式積み重ね 男女靴兼用スニーカーボックス クリア","8251","50","","115","¥ 7,998","","1","B0F18HVFMK","B0H8YCSBJN","43.6","38.7","25.4","6590"
"和平フレイズ レミパン イエロー & ノッポ蒸し台 セット Remi♪Hirano レミ・ヒラノ RHF-887 母の日 父の日 プレゼント ギフト","9772","52","","18","¥ 17,400","¥ 17,400","5","B0CH2Q96LL","B0CHR33WCL","47.7","30.2","24.5","2500"
"すっきり暮らす キレが違う！ キレッキレボウル 11cm2個セット 日本製 液だれしにくい ステンレスボウル 注ぎ口付き 目盛り付き 食洗機対応 食洗機対応 調理用 コンパクト 燕三条 OZ-165001","8518","26","","1","¥ 5,500","¥ 5,332","2","B0FPQG85SB","B0FPV3QJ77","12.5","12","10.5","330"
"アトラス ペットボトルホルダー 水筒 12個セット 保冷 ペットボトルクーラー 600ml 700ml 真空断熱 アイスグリーン 大容量 ハンドル 取っ手付き ボトルインボトル ABIB-LIG12P","9509","24","","","¥ 20,490","","1","B0DYCJ2LLL","B0DW8KYLG6","21.5","10.8","10.8","350"
"by Amazon ペット用 吸着/撥水 タイルマット 大判サイズ(45cm×45cm×0.4cm) 2畳用(16枚入り) グレージュ","8556","74","50","198","¥ 6,942","¥ 6,942","1","B0CHJD2PSL","B0D8ZF5LXN","46.2","45.8","8.3","1890"
"PurKeep 水切りラック - シンク上水切りラック バスケット4個付き 2段拡張可能 (63cm～90cm) キッチン水切りラック メタルフック付き ブラック","6813","24","","379","¥ 20,821","","1","B0D2KFS43M","B0H752GTWY","37.1","29.6","13.9","2740"
"[山善] ミキサー 小型 コードレス 氷も砕ける 持ち運び ハイ/ロー/パルスモード スムージー ジューサー プロテイン 離乳食 レシピ付き タンブラーミキサー 470ml MJC-DC47(GM)","8270","94","","16","¥ 5,980","¥ 5,980","2","B0G2V4WX1J","B0G4CKDLQL","34.2","10.5","10.4","970"
"[STEAD] 冷感ポンチョ 冷却ポンチョ アイスポンチョ 暑さ対策 熱中症対策グッズ｜ひんやり 冷感タオル 冷却タオル スポーツ観戦 夏フェス 屋外作業 UVカット 超軽量 ポケッタブル","8272","66","100","77","¥ 5,478","","1","B0GXYV4XRY","B0GYRFP99R","24.7","19.9","2.3","190"
"nishikawa 【 西川 】 睡眠ラボ ドッツ マットレストッパー シングル 腰のサポート力をアップ ヘルシーライトマットレス 点で支える 体圧分散 エアーホールで ムレを軽減 洗える側地 ホワイト HD02164401","8280","61","100","158","¥ 14,249","¥ 14,249","1","B0BKQDNTG1","B0DDTB61K1","53.9","28.9","28.7","3370"
"山善(YAMAZEN) ウッドシェルフ 4段 オープンラック 可動 幅85.5×奥行34×高さ123.5cm AWS-12834(SLGYP/SWH)","9610","17","","2","¥ 11,800","¥ 11,800","1","B0H7171GL4","B0H7B68THH","126","37","13","16000"
"アイリスオーヤマ ホットプレート 大型 ワイド プレート1枚 (平面プレート) 大きいサイズ 蓋付き SWHP-011-B ブラック","8286","56","50","766","¥ 9,490","","14","B09JNJVK85","B0CYPWNMJJ","67.8","50.4","20.4","6020"
"【現役医師監修・意匠権取得】雑誌掲載 腰らくピロー 腰痛 ストレッチ 腰ほぐし 背中 マッサージ ツボ押し 腰枕 腰クッション 姿勢改善 セルフケア プレゼント DoubletFamily","8289","50","100","53","¥ 5,980","","1","B0FP9ZNCL1","","36.2","22.2","10.2","720"
"ごっつお便 西武 そごう 百貨店 カタログギフトJCコース","8296","65","","197","¥ 10,197","","1","B09RPGQTCM","B0F3BWXJRB","26.8","18.5","1.1","210"
"Sailozai ラタン製の収納バスケット、サーカスストライプ柄、ランドリーバスケット、ホコリよけの蓋付き編みバスケット。子供部屋のおもちゃの整理や小物の整理にも使えます。多機能です。 (ベージュコーヒー,L：奥行37×高さ43cm)","20055","3","","","¥ 5,488","","1","B0GH72KM7N","B0GH6PQ56K","42","39","39","2000"
"Mijia扇風機 Pro Slim DCモーター Type-C モバイルバッテリー対応 静音 収納ケース付き 100段階風量調整 高さ調節 省エネ","8297","70","100","35","¥ 14,780","¥ 14,949","2","B0GRB1PYKL","","45.5","40.5","18.4","4280"
"パナソニック(Panasonic) ビルトインIHクッキングヒーター 31.8cm幅 IH1口 KZ-11C","8301","98","200","279","¥ 17,374","","8","B07NGSHRZF","B0GS8QBYYV","42","37","15","5000"
"バルミューダ ザ・グリーンファン DCモーター扇風機 静音 省エネ 日本製 BALMUDA The GreenFan EGF-1800-DK (ダークグレー×ブラック)","8305","50","50","89","¥ 27,930","","13","B0BTSHYGFB","B0FHK99YY5","52","40.6","26.3","6180"
"【2026年版新モデル】フットリラクゼーション 足裏リラックス ふくらはぎ 軽量 静音 温熱 自動オフ 【安心の保証付】NOSA DESIGN","8308","48","200","10","¥ 9,800","","1","B0H54SDG81","","39.1","24.1","19.4","1470"
"エイアイテック スチールラック キャスター メタル シェルフ 幅60 奥行45 高さ115/119.4cm ブラック NERO-6012 BK","8316","54","100","37","¥ 6,888","¥ 6,888","10","B0BFQYN7GR","B0FFSJ5VC4","61.7","48.1","18.6","10300"
"[セット販売] パロマ ガステーブル 【プロパンガス/右強火】＋ ガスホース70cm PA-S46B 水なし片面焼き 幅約59ｃｍ","8316","83","50","71","¥ 23,880","","1","B0D2NDXQ9D","B0D2NR37R3","65.5","51.5","26",""
"【ダクトレール専用】TENKOO&YOU シーリングファンライト 小型 6畳~8畳 28W 3000lm E26口金 正逆回転 調光調色 リモコン付き","9455","92","50","49","¥ 5,184","","1","B0G8G3XYB6","B0H468GGZ7","22.1","16.1","15","940"
"レイコップ 加熱式 カーペットクリーナー TURBO ターボ 60℃高温水と16000Pa強力吸引で圧倒的な洗浄力! 大容量水タンク リンサークリーナー自動洗浄 絨毯クリーナー ソファー洗浄機 スチームクリーナー 乾湿両用掃除機 車シート洗浄機 RCC-100JP","8325","61","200","106","¥ 14,980","","1","B0DM891R4N","B0HGDXWV2J","40.5","34","30","4980"
"ROXXN LEDテキーラ 船 & テキーラ観覧車 「闇夜燐艦 - 虚脈クリスタル・シップオブルミナス」 ショットグラス付き｜居酒屋、キャバレー、歌舞伎町まで、商用・家庭用を問わずあらゆる空間を照らす一本","9573","57","50","25","¥ 12,599","","2","B0G3Y1T1NW","B0GWPZ8SQX","41","40","36","4660"
"MAWA すべり落ちない ハンガー 40PT エコノミックライト 幅40cm 軽量 シルバー 120本組 ドイツ製 10年保証","8329","58","","366","¥ 21,980","","2","B09Z29C7XT","B0C1YZ17SW","47.2","33.3","23","5600"
"Shinnwa 長座布団 50×150×5cm 3人掛けソファ用 ソファパッド 低反発・高反発 2層構造 ごろ寝マット 洗えるカバー 滑り止め グレー","8338","38","50","69","¥ 5,382","","1","B0GGH37QWK","B0H9H1SY2D","51.5","18.5","16.5","1800"
"柳宗理(Yanagi Sori) Sori Yanagi 鉄の表面に凹凸があるこびりつきにくいマグマプレート鉄フライパン IH対応 25㎝ 蓋付き 油なじみが良く、熱伝導も早い 左右に張り出した注ぎ口が注ぎやすい 凹凸で表面積が広くなって鉄分の付着や熱伝導がアップ 強火で炒める事ができるので野菜もシャキシャキで料理可能 日本","8341","97","200","1561","¥ 5,436","¥ 5,436","26","B01MDP6J23","B07W129LL5","43","29.7","10.4","1750"
"BeeTool ハンディクリーナー 40000Pa 強力吸引力 2種吸引モード・ディスプレイ搭載・2種類照明ライト・2.5H急速充電 ハンディ掃除機","8343","68","","23","¥ 5,699","","2","B0H25MLKXR","B0HGR831PT","22.9","12.2","12.1","700"
"富士ホーロー せいろ付きホーロー鍋 20cm グレージュ 蒸し料理対応 直火・IH対応","8349","77","","142","¥ 6,600","¥ 6,000","16","B0FTDDZTST","B0FVD29JW7","27.3","22.3","20.8","1860"
"RING BELL リンベル 美味百撰 カタログギフト 片栗（かたくり）コース","8349","56","","2","¥ 8,800","","2","B0C623X8YK","B0F83VM6N5","27.1","19.9","2.4","320"
"エムール ごろ寝マット 長座布団 コンパクトショートサイズ コンパクト マットレス 三つ折り お昼寝マット 車中泊","8356","64","100","645","¥ 9,900","","1","B0899X417R","B08996MVH4","70.8","31.4","30.4","5430"
"アイリスオーヤマ 収納ボックス クリアケース 収納ケース コミック収納 マンガ収納 フタ付 積み重ね 小物入れ 日本製 幅23.2×奥行45.4×高さ14.8cm クリア CMS-23 9個セット","8208","44","","762","¥ 7,940","","3","B0CH9YN79S","B0CJBHBK5C","70.5","46.4","26.8","7100"
"【レンジ＋国産パックご飯セット】アイリスオーヤマ 電子レンジ 18L 単機能 フラットテーブル ヘルツフリー 全国対応 一人暮らし 新生活 PMB-F186-B ブラック【新登場! 待望の特盛り】パックご飯 300g 国産米 100% 低温製法米 非常食 米 レトルト 300g×6P","8362","37","","","¥ 16,300","","1","B0GP9N7BHX","B0GQ3KGB63","50.9","41.8","33.8","12000"
"Bloomlover 透明 テーブルクロス 90x150cm 厚さ3mm PVC テーブルマット 長方形 PVC製 デスクマット 防水 汚れ防止 撥水加工 矩形 テーブルカバー はカスタマイズ可能です (厚さ3mm, 90*150cm)","7108","34","","310","¥ 5,198","","1","B09HNSK31B","B09HMNQTDK","91","9","9","4620"
"YeTom ローテーブル 昇降式 センターテーブル キャスター付き 一人暮らし 隠せる収納 天板昇降 簡単開閉 ガス圧式 大容量 幅90 プラウン","8363","47","50","45","¥ 8,477","","1","B0GSYQD6FT","B0GSYMCWTQ","94.5","53.5","9.5","16880"
"サンナップ 紙コップ 205ml 7oz 1500個(60個×25パック) デザイン 発泡断熱 対応蓋(CR2060AK) C2060DC","8371","34","","79","¥ 20,030","¥ 20,030","1","B0GYQT55N8","B0H36BD62G","55","37.3","37.3","9000"
"Yete（エイティー）脱毛器 【スキンセンサー&SHR6回連続照射】 無痛脱毛 VIO対応 ムダ毛ケア IPL光 家庭用脱毛器 光美容器 全身適用","8375","104","400","35","¥ 17,942","","3","B0GXFFTTGG","","25.3","19.4","11.4","1150"
"アイリスオーヤマ マットレス付き布団９点セット KFS-M9S グレージュ アイリスオーヤマ","8380","43","50","14","¥ 8,569","¥ 8,569","4","B0G771YCHN","B0GSZFX6M8","70","50.5","25","7450"
"アルコールチェッカー 業務用 USB充電式 家庭用 高精度 アルコール検知器 10個セット 小型 非接触型 アルコール測定器 吹込式","8382","13","","1","¥ 9,269","","1","B0H69Y27YB","B0H7WNR7PN","12","8","2.8","53"
"FIELDOOR アイスコンテナ アイスジャグ アイスボトル ウォータージャグ 小型 キャンプ 氷入れ アウトドア 保冷 保温 水筒 広口 大容量 ステンレス 真空断熱 氷 持ち運び 溶けない 洗いやすい マグボトル 保冷 グロウラー ノーザンクーラーアイスボトル [3.8L] [シルバー]","9219","32","","209","¥ 5,562","","1","B0CJ2M1KTK","B0CJX4Z2BD","35.8","20","17.9","1860"
"Beddiny ラグ 洗える 極厚30D 抗菌防臭 滑り止め 200×300cm グリーン","20393","37","","215","¥ 8,160","","1","B0D12RLR11","B0HGRG65N3","43.2","28","13.9","4240"
"【シリーズ累計5万台突破】 SKK ノンフライヤー 6.3L 大容量 家庭用 3～8人用 電気フライヤー エアフライヤー タッチパネル 温度調整 揚げ物 惣菜 可視窓 レシピ付き 【日本企業】","8388","76","50","134","¥ 7,980","","1","B0F4KC1P3F","B0G2XMD2GP","40","36","30","5000"
"VENO 布団収納袋 リュック型 引越しバッグ 引越し用ダンボール代替 88L ライトグリーン 8枚セット","8402","70","","28287","¥ 5,813","","1","B0CYYKMFS4","B0F4DF6PKS","37.1","27.6","12.9","2640"
"CAROTE カローテ フライパン セット 22点 新生活 IH·ガス火対応 PFOAなどの有害物質不使用 プロ仕様 5層構造 軽量 取っ手のとれる マーブルコート スルスルすべる くっつきにくい 鍋セット お手入れが簡単 オーブン対応 一年保証 黒 ブラック EWシリーズ","8402","96","","59","¥ 12,978","","1","B0GD1JS7YB","B0GN92GRBQ","33.5","33","19","3000"
"掃除機 コードレス【業界随一！2026年衝撃的デビュー！45000KPa圧倒的吸引力・全体性能アップ】EJD53 ブラシレスモーター コードレス掃除機 一人暮らし LEDライト 大容量バッテリー 自立式 スティッククリーナー サイクロン タッチパネル 7重濾過 3段階吸引 伸縮パイプ 60分間稼働 低騒音 軽量 充電式壁掛けスタンド 3年","8415","81","200","137","¥ 9,999","","2","B0FW4RVXCF","B0HC6YQTBV","44","29.5","18.5","2850"
"MYTREX マイトレックス HIHO FINE BUBBLE+e シャワーヘッド 美顔器シャワー ナノバブル ミスト 塩素除去 MT-HFE25SL","8415","35","","126","¥ 33,165","","1","B0GRTGR9G2","B0HB4S4L9P","31.2","12.3","9.4","830"
"アイリスオーヤマ サーキュレーター 扇風機 50畳対応 DCモーター 3D送風 リモコン付 大型 業務用 PCF-DC23-W ホワイト","8420","107","200","105","¥ 13,500","¥ 13,500","37","B0B2NLTYCP","B0D72G1CHY","47.1","37.1","32.5","3820"
"THANKO おひとりさま用超高速弁当箱炊飯器 RCKDSGSWH 白色 炊飯器 一人用 小型 1合 0.5合 弁当箱型 オフィス 炊きたて 早炊き","8422","103","200","366","¥ 5,170","","7","B0D499M873","B0DSZ9P8KL","27.1","14.8","11.5","1000"
"下村企販 ティースプーン 5本組 【日本製】 ステンレス 食洗機対応 全長14cm 錆びにくい 紅茶 コーヒー デザート 小さい ツヤ消し仕上げ カトラリー ニコシリーズ 燕三条 45730","8206","60","","26","¥ 5,593","¥ 5,593","1","B00RDOUBM8","B0FL6TYVXK","15.2","3.7","1.9","110"
"シロカ 全自動コーヒーメーカー SC-A211 ステンレスシルバー | コーヒーメーカー 全自動 ドリップ方式 豆/粉両対応 ミル付き 蒸らし機能 ガラスサーバー コンパクト","8431","124","100","3919","¥ 10,250","","11","B07G4QQYP7","B0HF7SYMVQ","33","29","20","2800"
"パール金属(PEARL METAL) VISIONS ビジョン 鍋 ソースパン 1.0L 16cm 耐熱ガラス 電子レンジ対応 食洗機対応 H CP-8690","8443","74","50","165","¥ 5,426","¥ 5,427","14","B0C68DTPM2","B0CYL2H44F","29.9","19.6","12","1390"
"Sivro ガスコンロ2口コンロ マルチバーナーストーブ 卓上埋め込み式 ダブルアルミニウム 業務用キッチン 家庭用 都市ガス対応 お手入れ簡単 ヨーロピアンデザイン 高火力 省エネ","8480","8","","2","¥ 5,598","","1","B0FYW8ZQP2","","60","40","20","5000"
"アトラス ペットボトルホルダー 水筒 まとめ買い 24個入り 保冷 保温 ペットボトルクーラー 500ml 650ml 真空断熱 ストラップ付き ボトルインボトル ピンク ABIB-OPK24P","8450","31","","141","¥ 34,520","","1","B0FH3XSNVL","B0FGXLG72V","1.9","1","1",""
"掃除機 コードレス 強力吸引1200kPa 電動布団クリーナー搭載 スティッククリーナー サイクロン 自立式 軽量 充電式 一人暮らし ハンディ対応","8453","62","100","13","¥ 10,988","","3","B0GDY1NH1V","","47.8","29.2","16","3680"
"アイリスオーヤマ スティッククリーナー 掃除機 コードレス ブラック SCD-185P-B","8455","62","100","161","¥ 9,900","¥ 10,909","17","B0D5LCTR74","B0FFMY5X8Z","63.7","22.2","14.2","2180"
"TeoKJ 収納バスケット2パック、おもちゃ用収納バスケット、タオル用収納バスケット、収納ビン、棚用編みバスケット 寝室用 洗濯用 育児用、白＆ピンク","8455","28","","1090","¥ 7,923","","1","B0GS4GY5Y8","B0F6L21BQ2","35","25","11","1497"
"タマハシ(Tamahashi) 陳建一 中華鍋 4点セット IH ガス火対応 陳建一公認ブランド 北京鍋 CK-404","9970","35","","1","¥ 6,000","¥ 6,618","6","B085HVMNVN","B0CYS381BM","48.5","30.9","12","2970"
"日立 オーブンレンジ 27L MRO-F6C W ホワイト 保証1年 お手入れ簡単 250℃1段式オーブン","8473","115","50","109","¥ 28,800","¥ 28,800","5","B0DB4PF8Y3","B0FMK213N6","55.6","46","42.4","16230"
"遠藤商事(Endo Shoji) TKG 水マス 計量カップ 5L ステンレス製で錆びにくく衛生的 注ぎ口と目盛が付いて使いやすい 直径×高さ(mm)180×210 業務用 BMZ01005","7917","46","","417","¥ 5,356","¥ 5,356","13","B001UJCW2E","B07HPJJ2XC","24.1","22.8","19","989"
"REAHOME 2段棚 タンス 側面収納ポケット チェスト おしゃれ 洋服 衣類 収納 箪笥 収納棚 布製引き出し 整理タンス キャビネット リビング ハイチェスト 脱衣所 洗面所（高通気性カチオン生地 ブラック）","8488","41","","181","¥ 9,588","","1","B0CHJQD97H","B0CHM7C5Q7","103.5","32.5","16.5","16200"
"fuwawa 敷き布団 セミダブル 敷布団 厚め 10cm ボリューム 軽量 五層構造 三つ折り ピーチスキン 体圧分散 ウレタン入り 高級 折り目なし TEIJIN「マイティトップⅡ」中綿使用 オールシーズン 抗菌防臭 防ダニ 洗える しき布団 マットレス 一人暮らし 来客用布団 厚手 120×210cm ブラック","8493","60","50","490","¥ 7,999","¥ 7,999","1","B0CPJCK3SX","B0H7MSYQXN","64.8","41.2","39.5","5470"
"recolte レコルト ハイスチームエアーオーブン ノンフライヤー 電気フライヤー 時短調理 コンベクションオーブン ナチュラルブラック RAO-3(BK)","8497","75","100","33","¥ 29,222","","5","B0F1XLSCPG","B0F9CVKZ38","39.9","32.7","26.7","6000"
"ハクバ HAKUBA 額縁 アルミ AG-02 A3ノビ アクリル板 シルバー FAG2-SVA3N","8498","40","","519","¥ 6,912","¥ 6,982","2","B07BH5GS5T","B0GS961QJF","57.2","44.2","2.6","1600"
"アズマ エレキャッチ自在4.9ⅿ 洗って使える 静電ハタキ 軽くて錆びにくいアルミ柄 静電気でホコリをキャッチ 高所清掃","8504","71","","192","¥ 5,008","¥ 5,008","9","B006Q6477O","B0CPL92XDN","189","14","5","910"
"Fretta ジューサー 10.8cm広い投入口 1L大容量 スロージューサー 細かくカット不要 一度投入 取り付け簡単 コールドプレスジューサー 搾りカス分離 BPAフリー グレー","8510","56","50","648","¥ 12,464","","1","B0DLNQ8GLG","B0FK5K624Z","38.4","34.3","19.5","3560"
"【WEB限定カラー】タイガー魔法瓶 電気ケトル 蒸気セーブ 軽量 コンパクト 驚速 スゴ軽 湯沸かし 1.2L マットブラック PCT-N120 K","8521","84","100","55","¥ 6,480","¥ 6,480","1","B0FDF4938K","","20.7","20","17.7","1090"
"Kokorona パーテーション 間仕切り 4連 カバーストリップ付き 高さ180cm 幅345cm 衝立パーテーション スクリーン 折りたたみ 布タイプ 屏風 目隠し 区切り 衝立 軽量 オフィス 事務所 ブラック","11484","38","","162","¥ 9,499","","1","B0F1FFCYHM","B0GS57DJT3","95.6","15.3","11.2","9010"
"ソファカバー ソファーカバー マルチカバー 肘付き ストレッチ素材 伸縮性良く 柔らかい ふわふわ 北欧風デザイン ソファー保護 洗える 厚手 おしゃれ 優しい肌触り感 四季適用 (オレンジ, 4人掛け)","20204","10","","215","¥ 5,780","","1","B0CKQJ8C57","B093PH3KX9","12","8","3","500"
"OXO オクソー クイック 濃縮 コーヒー メーカー 水出し コーヒー ボトル 軽量 持ち運び可能 5分で作れる 一度に4杯分","7726","76","100","1163","¥ 5,430","¥ 5,430","10","B0DC8JYJQX","B0DZN34VGY","21.8","8.7","8.7","572"
"掃除機 コードレス【2026改良進化モデル】28000pa超強力吸引 軽量 コードレス掃除機 Type-C充電式 LEDライト付 スティッククリーナー","8527","91","700","1377","¥ 59,800","","8","B0F9YQ58PW","B0HDV9M8DW","35","23.9","12.1","1350"
"オムロン 低周波治療器 HV-F030シリーズ HV-F030 スポケア","8529","81","200","269","¥ 6,218","¥ 6,218","6","B0BWR7W8W7","","19.4","13.5","5.9","350"
"シモジマ ヘイコー バガスどんぶり 使い捨て紙皿 ホワイト 350ml 業務用 1200枚【ケース販売】","8532","46","","7","¥ 18,800","¥ 18,800","2","B0F5GVHK1V","B0FB2VYLNP","49","42","28.5","11600"
"山崎実業(Yamazaki) ランドリーバスケット キャスター付き ワイド ＆ ロー ブラック 約W54.5×D25×H37.5cm（ハンドル使用時：約H65.5cm） タワー tower 出し入れスムーズ 高さが丁度いい 洗濯かご 6628","9033","67","","72","¥ 7,700","¥ 7,700","13","B0BQQNYP7Z","B0D2NHJMVT","57.9","35","29.6","1900"
"リヴェール タオルケット クイーン エジプト綿100% オルテガ柄 ジャガード織 ソファーカバー 夏用 (ネイビー)","9552","30","","1258","¥ 5,150","","1","B08165XWV4","B0B11T7PKJ","37.3","28.9","11.1","1340"
"Pavlok Pro 3 Shock Clock 電気ショック 振動 歩数計 睡眠計測 目覚まし時計 (スポーツシリコンバンド)","8546","38","50","593","¥ 28,811","","3","B08MFM1KJL","B0DFF4GG4B","14.7","9.1","5.4","118"
"Bloomlover ダイニングマット エンボス加工 透明 200x220cm 厚さ1.5mm 特大サイズ クリア PVC 床を保護するマット 超大判 プロテクターマット 汚れ防止 床暖房対応 滑り止め お手入れ簡単 (エンボス加工 1.5mm,200*220cm)","14966","16","","145","¥ 12,950","","1","B0BPPMQXCZ","B0BPPS6WG9","204","5","5","7400"
"冷感タオル 親ASIN (240枚セット)","7415","4","","","¥ 48,800","","1","B0HDNJS2KK","B0HDS7C57G","29","22","2.4","400"
"東洋佐々木ガラス グラス 泡立つビヤグラス タンブラー 日本製 食洗機対応 (ケース販売) クリア(すりガラス状) 360ml 48個入 B-21147-600-JAN-P","8558","62","","205","¥ 72,560","¥ 72,560","1","B0BV23CB7Z","B0GJ9GK8P2","46.8","35.3","31.5","11380"
"【独自開発もみアーム搭載】ドクターエア 公式ストア 3Dネックマッサージャー プレミアム MN-05 (はさみもみ/コードレス) 首 肩 背中 腰 管理医療機器認定製品 ネックマッサージ 肩マッサージ 肩マッサージ機 肩甲骨 癒しグッズ 僧帽筋 ほぐし 母の日 父の日 敬老の日 誕生日 プレゼント ギフト MN-05 BR","8576","111","100","148","¥ 19,800","","5","B09RGWPZ47","B0D66PWF1Q","43.5","22.2","21.7","2620"
"サーキュレーター 扇風機 リビング 【2026夏節電対策&AIモード&イオン空気清浄】 上下左右自動首振り 12段階風量 4つモード 暴風モード パワフル送風 静音 せんぷうき DCモーター 省エネ 12時間入/切タイマー アロマ対応 タッチパネル&リモコン付き 高さ調整可能 換気/空気循環/部屋干し 梅雨除湿 衣類乾燥 冷房/暖房 組み立て簡単 30畳対応 父の日 プレゼント","8812","41","100","95","¥ 5,980","","2","B0GPX4RM53","B0H8BL8173","44.8","34.6","30.9","3820"
"【公式】 クレバースライサー 超時短スライサー スライス 細切りすりおろし(細千切り) 3つのステンレスドラム ぐるぐる簡単 回転 マルチ 多機能 野菜 KLEVA SLICER キャロットラペ にんじんしりしり ギフト プレゼント","8587","73","100","61","¥ 6,980","","1","B0DWWG4WQP","","22.3","19.8","13.7","980"
"VECELO 収納スツール オットマン 収納ベンチ 収納ボックス 幅110*奥行き38*高さ38CM 耐荷重120kg 多機能 折り畳み可能 踏み台 足置き リビング/玄関/寝室適用 おもちゃ箱 洋服収納 化粧品収納ボックス グレー","8589","36","","75","¥ 5,299","¥ 5,299","1","B0FQP16HDH","B0GVH2ZLFV","112","40","8","7000"
"花 誕生日 プレゼント おまかせアレンジ エクレ・イエロー ギフト 記念日 お祝い 生花 女性 BunBunBee","8628","11","","","¥ 5,290","","1","B0H655M2NL","B07WWY25BS","40","30","30",""
"サーモス デュラブルシリーズ 取っ手の取れるフライパン 26cm ガス火専用 インディゴブルー KVC-026 IBL","8600","58","","125","¥ 7,180","","1","B09CYQ6VVQ","B0CXP7WF6Y","28","28","7","640"
"ワイエムワールド 本棚 幅75 奥行22 高さ180 スリム 大容量 薄型 収納棚 木製 ホワイト 00-248","8610","46","","810","¥ 8,991","","1","B07X1P7KL4","B07VLF5185","91.7","35.9","19.7","29490"
"TOSHIBA(東芝) 電子レンジ オーブンレンジ 一人暮らし 16L フラットテーブル トースト機能付き ホワイト ER-Y16(W)","8614","63","100","16","¥ 23,232","¥ 23,232","5","B0DNYMF6Y7","B0GMPFMFBX","52","39.6","33.8","11440"
"フィリップス 電動シェーバー i9000シリーズ 最上位モデルと同じ72枚刃","8622","103","50","38","¥ 23,430","¥ 23,430","1","B0FV2NJ2MJ","B0GBVDN5L7","24.4","16.3","8.2","490"
"LBFXQガレージライトled 作業灯 led シーリングライト 60W 6500K 天井照明 取付簡単 工事不要 角度調節可能 車庫 倉庫 納戸 工事用照明 昼白色 (8個)","8626","6","","69","¥ 8,599","","1","B0HF7MJC7C","B0HCV83WTL","40","30","15","4000"
"WXQ風呂ふた 浴槽カバー バスタブふた 折りたたみ お風呂 蓋 スリム設計カバー ふた 保温 防カビ 防塵 抗菌 置物 浴室 おしゃれ (幅75CM,長さ130CM)","5907","3","","1","¥ 5,180","","1","B0G8HG346V","B0G8J1GZLT","32","26","9","1300"
"アストロ 除湿シート グレーブラック ダブルサイズ用 2枚組 活性炭 消臭 寝具用 敷くだけ強力吸湿 除湿マット 特殊繊維で汗や湿気を吸収 湿気取り 防ダニ 防カビ 結露防止 湿気ぐんぐん吸収 湿度センサー付き 615-04","7475","32","","56","¥ 11,618","¥ 11,618","1","B0C2GYHX58","B0C85VHQ86","31","26","12","1200"
"象印マホービン 炊飯器 5.5合 ブラック NW-VK10-BA","8659","153","200","55","¥ 18,300","","19","B0FH6D6WHS","B0FHPN6DTT","42.8","30","24.4","4650"
"JEJIETステンレス製断熱ボード、油はね防止ボード、バッフル、ガスコンロシステム保護ボード、キッチンコンロ調理防水飛沫防止、電子レンジ折りたたみ式、お手入れ簡単 (45×45cm,4枚折り)","10134","1","","","¥ 5,343","","1","B0FTLZZJFB","B0FTGM7BLW","41","31","20","1000"
"iwoly 掃除機 キャニスター 20000Pa 超強力吸引 ハイパワー 小型 軽量 コード式 サイクロン クリーナー B12 レッド","8670","50","200","1069","¥ 7,581","","1","B08C7LJPMP","","44.6","36.2","30.5","5320"
"山善(YAMAZEN) ゴミ箱 キャスター付き 自動 スライド開閉 スリム センサー式 42L (45Lゴミ袋対応) 幅25×奥行34×高さ66.5cm ダストボックス キッチン ふた付き 電池式 ステンレス 組立カンタン ホワイト HST-45C(WH) センサー付きゴミ箱","8678","47","","10","¥ 11,880","¥ 11,880","1","B0GF6SF27P","B0GWJBMFWG","67.1","43.7","39.4","5250"
"mVm ゴミ箱 30L ダストボックス ステンレス製 ふた付き おしゃれ ペダル式 大容量 静音 指紋防止 袋が見えない キッチン リビング オフィス用 ブラック 長方形 ブラック","10893","42","","110","¥ 6,999","","1","B0FPKQ5LHM","B0FVGBMKF4","67.5","41.5","35","5700"
"[セット販売] パロマ ガステーブル 【都市ガス/右強火】＋ ガスホース70cm PA-S46H 水なし片面焼き 幅約59ｃｍ","8681","65","50","88","¥ 23,880","","1","B0D28FQRYD","B0D2D6FYC7","65.5","51.5","26",""
"MAG(マグ) 掛け時計 壁掛け時計 アナログ 電波時計 電波受信ON/OFF 直径34.0cm 温度 湿度 温湿度 環境目安 カレンダー 六曜 夜間秒針停止 ホワイト ダブルリンク W-711 WH ノア精密","8340","46","","1548","¥ 5,500","¥ 5,500","13","B075KKTN7T","B0F8VT97PJ","34.4","34.2","7","1060"
"エジソンスマート TREO ミニスポットライト (ダクトレール用/ブラック) Alexa対応 3つの点灯モード スマートライト スマート照明 LED Wi-Fi 照明 スマホ・音声操作 専用リモコン対応(別売) TRE-TL182BK","8694","47","50","12","¥ 6,732","¥ 6,732","1","B0FZSF8Q4Z","B0H2YQFWVV","27.5","7.5","7.4","320"
"Iwatani イワタニ 岩谷 カセットフー タフまるXG タフまる CB-ODX-XG","8698","137","300","131","¥ 9,900","","25","B0DXTTBC91","","37.4","34.3","14.3","3620"
"電動アイスクラッシャースノーコーンポータブルハンドクランク手動アイスクラッシャーラウンド家庭用","9330","0","","","¥ 7,599","","1","B0G3XGZ4DD","","43","32","21","3000"
"ハグモッチ ラージ® 正規品 抱き枕 『男性も使いやすいロングタイプ』ふわもち 男性用 【カバータイプ：ベロア】肩 首 腰 安眠 枕 【寝姿勢を保つ/体圧分散】 妊婦 クッション 大きい【カバー洗える/補充綿付き】 (エレガントブラック)","8712","48","50","51","¥ 10,300","","1","B0FW4DSSCF","B0FWBYD9SQ","38","28","20","5100"
"[MISSION] 冷却タオル マックスプラス クーリングタオル 肌温度-15℃ 熱中症対策 スポーツ ランニング 吸汗速乾 UPF50 ブルー","8719","79","","1404","¥ 5,529","","5","B07YN8DWST","B09B15FTTY","19.4","17.1","1.7","91"
"掃除機 750KPa超強力吸引 コードレス掃除機 ダニ除去ブラシ付き！ 自立式自走式 60分連続稼働 革新版グリーンLEDライト 軽量 低騒音","8732","88","200","52","¥ 11,097","","2","B0FRDZQF7D","B0HGQCH68P","44.1","28.1","17.7","3460"
"山崎実業(Yamazaki) マグネット風呂イス 座面高25cm + マグネット風呂イス キッズ用 座面高13cm 【2点セット】 tower 浮かせる収納 バスチェア ブラック 1853 6926","8362","53","","","¥ 7,150","¥ 7,150","2","B0DTNVSL9C","B0DV971Z34","39.1","37","33.9","2260"
"昭和西川 タオルケット 今治 シングル 日本製 綿100％ 今治タオル ブランド認定 パイル ボリューム 夏 春 ふんわりやわらか 140×190cm 約950g コンフェティ ブルー 2230370880317","8735","67","50","218","¥ 5,830","","1","B09RWT318S","B0D45JP4Q9","37.7","33.5","14.8","990"
"玄人志向 GALAKURO GAMING ゲーミングチェア オットマン ファブリック インディゴグレー ゲーム テレワーク Heimishシリーズ GG-C/HEIMISH-IG/OT","8743","34","","277","¥ 16,192","","1","B09TJXC4VV","B0D7PX65NQ","85","67.5","37.5","24880"
"アイリスオーヤマ 和風ペンダントライト 12畳 上下調色 PL12DL-J2","8747","40","50","49","¥ 9,630","","5","B0DJ8B78K1","B0FL1PR9GD","52.9","52.8","14.3","3390"
"ブレインスリープ コンフォーター オールシーズンズ (ミッドナイトネイビー, シングル) 掛け布団 オールシーズン 使える 接触冷感 洗える リバーシブル 布団 肌掛け布団","8756","106","100","185","¥ 19,800","","1","B0GWLTQHWQ","B0C3HG7XMS","49","29.8","22.1","1320"
"COLOR&GEOMETRY 高伸縮性エラスティックシルクドアマット、玄関ドアマット（屋外入口用）、パティオ用屋外ドアマット、速乾性＆耐久性、滑り止めゴム製大型ドアマット、90×150cm、ブラウン","8848","3","","96","¥ 7,299","","1","B0H73X9D9X","B0FN7T4XX6","90","14.5","14.5","15350"
"Cuisinart (クイジナート) スマートパワー ハンドミキサー プラス シルバー HM-060SJ","8759","96","50","400","¥ 11,400","¥ 11,677","11","B077D4KX3Z","B0CGXC16RH","28.6","23.5","11.3","1740"
"山崎実業(Yamazaki) トースターラック ワイド ホワイト 約W65.5XD35XH36cm タワー キッチンラック 下段が作業スペースになる 2段階高さ調整 フック付き 5162","9854","54","","182","¥ 6,544","¥ 6,544","12","B08NWCC4W8","B0B79BKDG4","64.5","36","6.5","4020"
"KOGU 珈琲考具 コーヒー フィルターケース ステンレス 【日本製】 ほこりをガード 蓋付き 1~2杯用 2~4杯用 円錐 台形 100枚収納 仕切り付き 燕三条 44585 プレゼント 誕生日 記念日 ギフト 贈り物 下村企販","8767","59","","361","¥ 14,263","¥ 14,263","1","B0BQPVLBQS","B0HC6Z5C71","15.6","14.9","6.2","900"
"【2026冷暖兼用・羽根なし】セラミックヒーター タワーファン 温風 送風 3段階温風＆8段階送風切替 100°自動首振り 9Hタイマー 静音 扇風機羽なし 強風＆微風モード 大風量速暖リモコン付 転倒自動OFF 過熱保護 電気ファンヒーター 省エネ 節電 子供部屋/リビング/寝室/書斎/キッチン/脱衣所/洗面所/トイレ/オフィス用 家庭用 暖房器具 PSE認証済 日本語説明書 グレー","8770","115","200","1646","¥ 10,999","","3","B0CGV47XVY","B0H93P7FXL","65","26.3","17.9","2670"
"DBK スチームアイロン ドライアイロン コード付き 強力スチーム J80TCA","8775","76","50","76","¥ 6,255","¥ 6,255","2","B0BQ6KHFSZ","B091FGR3S1","25.5","15.2","13.4","1620"
"AYO ゲーミングチェアマット ダークグレー 140×90cm 厚さ4 mm チェアマット カーペットタイプ 滑り止め加工 床傷防止マットパッド フローリングマット セルフ粘着 騒音対策 床暖房対応","10177","33","","214","¥ 7,460","¥ 7,460","1","B0D4YRMSXY","B0FJ2CSG6R","38.6","27.8","9.5","800"
"SAMKYO 工事不要 食洗機 1~3人用 食器洗い乾燥機 18点 乾燥のみ機能対応 熱風送風乾燥 食洗器 食器洗浄機 給水バケツ付き T40 ホワイト","8787","59","100","109","¥ 29,700","","1","B0DJ724NY3","B0DPW9FBQB","48.3","46.9","45.6","15680"
"空気清浄機 HEPAフィルター付き 適用床面積37畳 PM2.5・花粉対策 空気質検知 AUTOモード 風量自動調整 静音 省エネ タッチパネル タイマー機能 空気循環 アレルギー対策 脱臭 台所 寝室 PSE認証済み リモコン付","8792","27","100","98","¥ 8,980","","2","B0GYXPPL8Z","B0HGR8RLVF","45.7","33.8","19.6","4030"
"ドウシシャ シーリングライト 小型 コンパクトサイズ Vitz 6畳 3200lm 調光 7段階 調色 7段階 常夜灯 2段階 リモコン付 おやすみタイマー LuminousLED ルミナス (× 2)","8801","43","","52","¥ 7,268","","","B0G9M5K9T4","B0F8T3L331","30.1","27.9","9.9","1280"
"クモリ(Kumori) ソファーカバー 3人掛け 犬猫対策 フィットタイプ 抗菌防臭 撥水加工 北欧風 滑り止め ミニワッフル ライトグレー","8829","52","","24","¥ 5,580","¥ 5,580","1","B0GHNN7WKZ","B0GLX56BX8","26","24","12","1050"
"ママ倉 室内物干し 折り畳み 高さ調節可能 約W88～159×D25×H140～180cm 洗濯物干し 部屋干し ラック 布団干し 組み立て簡単 ホワイト","8834","60","50","180","¥ 7,904","","3","B0FJM87JWF","B0FRS7H8WF","96","27","8","8500"
"硬すぎず柔らかすぎず めマットレス シングル 97×195cm 厚さ22cm ポケットコイル 体圧分散 腰痛・肩こり対策 ニット生地 通気性 振動軽減 圧縮梱包【スイウンミン","8835","109","700","62","¥ 7,998","","1","B0GWV3PQL2","","104.5","25","24","13980"
"MR16 LED電球 5W 交換用 50W ハロゲン相当 5000K 調光不可 12V 低電圧 GU5.3 電球 スポットライト 40度 狭い ビーム角 屋外 景観 フラッド トラック 照明 12個パック (３個セット, 電球色)","8841","16","","241","¥ 10,446","","1","B0BFHVDF16","B0HF4KS2H5","19.7","10.7","7.4","381"
"AODK チェスト タンス 収納ケース 衣類収納 引き出し リビング収納 布製 引き出し 衣装ケース 箪笥 転倒防止 低ホルム 安定感 3段 【幅40×奥行30×高さ73cm】 (ホワイト)","8842","28","","64","¥ 5,480","","1","B0FL7FX7ZS","B0FL7G6S86","43.7","33.4","13.3","5270"
"ブラウン PL-5243 光美容器 シルクエキスパート Pro5","8845","151","300","97","¥ 37,278","","33","B0D78D54M8","","28","19.5","9.8","1300"
"【理学療法士推薦】HAGOOGI 腰枕 EMS 温熱 振動 牽引ストレッチ リモコン操作 タイマー付き 高さ調整可能 腰ケア 1年間品質保証","8852","106","500","70","¥ 12,799","","4","B0GVY9FS1C","B0HGDHFDXY","44.8","22.8","12.4","2020"
"うつ伏せ 枕 【理学療法士監修】 うつ伏せ寝 クッション マッサージ枕 うつ伏せ寝枕 穴あき枕 うつ伏せ枕 顔枕 うつぶせ寝用枕 低反発","8857","47","50","48","¥ 5,380","","1","B0GTVQJ6R2","B0GTVKDHH8","34.1","28.7","10.3","1090"
"水切りラック シンク上 2段 ステンレス製 スリム 大容量 省スペース 食器 水切り 水切りかご 水切りカゴ 防錆 滑り止め 50×17×45cm ブラック","8867","26","50","18","¥ 6,649","","1","B0H4QWCJGV","B0GV9BB321","30","30","11","2500"
"MOOLOTY ネッククーラー【2026年進化モデル・冷暖両用・両側超大冷却プレート】首掛け扇风機 ペルチェ素子 ネックファン 冬夏兼用 1台3役","10623","42","","157","¥ 5,680","","2","B0GXZW3497","B0HF7Z5GKP","24.7","18.8","6.7","550"
"アイリスオーヤマ コンベクションオーブン ノンオイルフライヤー スチームトースター シルバー FVC-D15B-S","17418","79","200","286","¥ 12,388","","5","B07GT4LW1W","B07PTKYY1F","47.8","39","35.2","6740"
"正規品 IZ-C100C2 交換用 イオン発生ユニット 空気清浄機用 2個入り ウェットティッシュ付き","8878","86","300","42","¥ 6,980","","1","B0DYDK6Z35","","12.1","10.1","3.6","120"
"Xiaomi シャオミ 布団クリーナー 高周波振動 UVライト99%除菌 ダニ除去 12000Paの吸引力 50℃温風乾燥 サイクロン式4層フィルター","8880","53","100","73","¥ 5,380","","1","B0DP629CCF","","27.5","27","17","2200"
"三徳包丁 刃渡り180mm 肉 魚 野菜用【和 NAGOMI】「明治6年創業 三星刃物」 三徳 万能 包丁 ギフトNAGOMI-ST","8881","56","50","271","¥ 12,375","","1","B085L3NC55","B0DJBKCMC1","40.3","9","3.4","450"
"山善(YAMAZEN) 食器棚 幅60×奥行29×高さ45cm ロータイプ ミニ マグネット式 棚板高さ調節可能 一人暮らし 組立品 ダークブラウン CCB-4560(DBR)","9730","44","","2328","¥ 6,480","¥ 6,480","1","B0036WRXUY","B0DRH5G8SL","67.2","31.4","14.7","9500"
"[山善] 壁掛式 洗える サーキュレーター DCモーター 静音 18畳 360度首振り 風量6段階調節 入切タイマー リモコン付き お手入れ簡単 パワフル送風 ホワイト YWRX-BMD18E(W)","8885","87","50","95","¥ 8,982","","1","B0CY4MZ3WW","B0H3TDR9KS","37","32","28","3000"
"白雪ふきん 白雪スクワラン うるおいたおる (バスタオル／ホワイト)","8528","42","","","¥ 5,060","","2","B08K4S6RRR","B077SB5WRS","20.4","14.8","8.8","260"
"パナソニック ファインバブル シャワーヘッド ファインベール 美髪 美肌 ツヤ感 シルクスパモード シルバー EH-SH50-S","8888","109","100","120","¥ 32,900","¥ 34,000","27","B0FRPPM6CP","B0FTFYP7HB","26.8","11.7","9.7","500"
"山善(YAMAZEN) ハンガーラック シングル 棚付き ディスプレイ 衣類 カバン 収納 ラック 棚 耐荷重110kg 幅120×奥行45×高さ150cm 一人暮らしマットブラック BAS-120(MBK)","8889","64","","8","¥ 8,990","¥ 8,990","2","B0F2LN7WJQ","B0FQBH7J97","124","45.5","8","12000"
"【スイッチ付器具一体型LED蛍光灯 40W形】長さ117cm 6000K昼光色 2200ルーメン 消費電力20W 配線工事不要 AC電源コード2m 連結コード付属 (10本セット)","8893","61","50","878","¥ 11,999","","1","B07XKRJJ88","B084TZX39D","119.5","14.5","12.2","3320"
"IWANO 【 日本製 おひつ 】 萬古焼 手作り TBS「がっちりマンデー!!」で紹介 ごはんをおいしく保存 そのままレンジでチンOK オーブン対応 冷蔵冷凍対応 食洗機対応 陶器 翌日もおいしい ふっくらツヤツヤごはんが再現 (黒（ブラック）, 2合)","11371","61","50","1147","¥ 8,990","","1","B07PFTLYDK","B0F1MQXCY5","22.3","19.6","10.2","1460"
"【20個セット】アイリスプラザ タイルカーペット グレー 50×50㎝ TKP-PP50","8903","88","50","855","¥ 7,051","¥ 7,051","2","B07W7X3RHT","B07WFCYDRY","51.5","51.2","10.4","19380"
"YeTom チェスト タンス リビング 収納 大容量 洋服タンス たんす 衣類収納 引き出し付き おしゃれ 収納ケース 5段12杯 ビンテージ","8907","56","50","196","¥ 9,278","","1","B0DMST334Z","B0DMST9F8H","104","33","16","15560"
"テラモト ダストカーSD 大","8912","37","","16","¥ 15,950","¥ 19,091","22","B0030DNZP6","","115","69","35","9081"
"【正規輸入品】アラビア ルノ ボウル 皿 サマーレイ 13cm 1082522","13367","33","","1","¥ 6,050","¥ 6,050","3","B0GTTMYW8S","B0G63X1MCT","14","14","5.5","320"
"BROTTAR フィギュア 棚 6段 LEDショーケース 人感センサー 幅80×高180×奥行35cm 強化ガラス コレクションケース ブラック","8917","16","50","94","¥ 32,999","","1","B0H45XLJ1B","B0HDYCCQ15","104","44","27.5","47500"
"Arboleaf Weight Scale - Smart Scale Bluetooth Body Fat Scale Wireless with iOS, Android APP, Unlimited Users, Auto Recognition, 10 Body Composition Analyzer, Fat, BMI, BMR, Muscle Mass, 396 lb - Black","8918","36","","9654","¥ 14,057","","1","B07PLG6V3X","B0CSFHTP3C","35.3","34.5","5.2","1470"
"YOKONEGU ヨコネグ 横寝専用枕 約72cm×43cm (ピローケース付き【パイル素材】ブルーグレー)","8924","37","50","24","¥ 11,000","","1","B0DF2PC1N3","B0DF2B8Q5K","58.8","35.2","21.8","2220"
"象印マホービン 電気ポット 1.2L STAN. ギフト 出産祝い ハイスピード沸とう ミルク作り 70℃保温 ブラック CP-CA12-BA","8925","77","100","607","¥ 15,754","¥ 15,754","7","B07NBRFC8D","B0FVWSCV52","33","32","21.8","2420"
"リズム(RHYTHM) シチズン 掛け時計 置き時計 兼用 電波時計 温度・湿度計付き シルバー 19.4×24.2×3.2cm CITIZEN パルデジットワイド 8RZ140-019","8931","54","200","995","¥ 6,202","¥ 6,202","31","B00D5JZAJY","","30.8","26.2","6","730"
"エアウィーヴ(airweave) スマート Z01 マットレス ダブル 寝具 折りたたみ 高反発 洗える 通気性 体圧分散 収納 厚さ9㎝ 1-250031-1 メーカー3年保証 【最大30日間お試し対象】","9056","55","","189","¥ 110,102","¥ 110,102","1","B08HSWC7RF","B0D14Q9ZTW","144","68","33","16500"
"【シリーズ最小設計×軽量210g】ドクターエア 公式ストア エクサガンポケット ブラック ハンディーガン ミニ 小型 コンパクト 母の日ギフト 父の日 誕生日 プレゼント REG-11 BK","8933","78","","81","¥ 6,930","","4","B0DYD7L9VQ","B0DYJ8Q8FR","17.2","13","5.5","350"
"【正規品】 萬古焼 銀峯 土鍋 (深鍋) 10号 4-5人用 花三島 直火対応 保温性 日本製 21101","8937","92","","2979","¥ 6,100","¥ 10,627","15","B004VKQO5K","B0BX369TBV","38.6","36.5","18.1","4491"
"ノンフライヤー 3L 電気フライヤー ノンオイル 揚げ物 惣菜 1~2人用 可視窓 エアフライヤー 時短でヘルシー LEDディスプレイ","8941","120","100","1001","¥ 5,443","","2","B0DF55HFKV","B0HGMXF51X","31.2","26.2","26","2940"
"AngQi 抱き枕 だきまくら 男性用 妊婦にも 大きいサイズ 150cm L型 7型 頭・首も支える 横向き寝にフィット ベロア生地 グレー","8942","53","50","2409","¥ 5,280","","1","B08P7JKRDK","B0CBRYSSK4","38.2","33.9","19","2310"
"天馬(Tenma) お部屋に馴染む木製天板付きの衣装ケース 日本製 簡単組立 木製天板ストッカー4段 簡易キャスター付きで移動がラクラクなチェスト 収納ケース 引き出し【簡単組立】【幅55×奥行40×高さ79cm】","8944","96","100","196","¥ 5,533","¥ 5,533","15","B09HM5F6DZ","B0D83CF25V","55.6","48","42","7600"
"サヤンサヤン なごみ くすみ KUSUMI 洗える 無地 北欧 ラグ マット 滑り止め 190x240 3畳 セージ グリーン","8949","26","","2405","¥ 5,990","","1","B0FB8P3QLL","B095JRH6ZH","50","23","23","4000"
"【 接触冷感 夏用 】 ヒツジのいらない枕カバー ーアイス・ブレイク 爽涼ー 冷感 冷感枕カバー 夏用枕カバー ひんやり 吸湿速乾 (調律)","8950","94","50","3","¥ 5,382","","2","B0FJF8RGMS","B0FPCFR1X3","29.7","21","3.2","420"
"アトラス 缶ホルダー タンブラー まとめ買い 24個入り 350ml缶用 缶クーラー 2wayタイプ 洗いやすい 真空断熱 保冷 保温 アウトドア レッド WENS PRODUCTS ACH-350RD24P","13613","33","","35","¥ 30,680","","1","B0GNZPZRW1","B0GP6CX5V4","7.8","7.8","1.9","123"
"SUWALABO スワラボ 座椅子 solum (ソルム) あぐら座椅子/あぐらが楽 姿勢サポート［ バックレスト/折り畳み/軽量/天然木使用 ］ コンパクト 一人掛け 在宅ワーク 勉強 子供椅子 正座椅子 美姿勢 法事 座卓 こたつ RMHZ-39 (マスタード)","8957","51","50","431","¥ 5,690","","1","B0C4LLH3XJ","B0DQ7VYF1M","47","36","28","4000"
"バンクシー 風船と少女 絵画 愛とお金 ポスター アートパネル インテリア Banksy 壁飾り 壁掛け インテリア バンクシー ポスター バンクシー アートパネル ネズミ 大きい 赤い風船と少女 ソファの背景絵画 木枠付きの完成品","9032","37","","283","¥ 5,998","","2","B0B67Z5L9W","B09X5752YW","60.4","40.1","3.2","820"
"オーエスジェイ(OSJ) 【完成品】 ソファーベッド 二人用 フロアソファー 洗えるカバー 幅150 コンパクト レトロモダン 北欧","8960","118","100","55","¥ 22,406","¥ 22,994","2","B0FLJHXXPM","B0HFMR29KQ","97","44","44","18000"
"Goovilla 突っ張り式 パーテーション 間仕切り 高さ122~305cm×幅71~290cm 部屋の間仕切 縦横伸縮自在 高さ調節可 工具不要","9659","63","","597","¥ 7,290","","1","B0FJ1WY7V2","B0F5MSSYJR","42.4","27.9","13.5","5290"
"テーブルクロス 透明 80x135cm 厚さ5mm PVC製 テーブルマット 矩形 テーブルカバー 防水 耐油 耐熱 耐摩耗性 汚れ防止 撥水加工","21450","16","","171","¥ 6,099","","1","B0GRB14989","B0D4KMN1M1","80","3","3","6600"
"パナソニック プロリニアバリカン ER-GP86-K","8972","99","200","168","¥ 21,000","¥ 23,984","12","B0CXY6XJHW","","22.7","18.3","7.9","850"
"テンピュール(Tempur) 枕 まくら イーズ サポートピロー 低反発 やわらかめ 高さを変えられる S高さ約8.5/4.2cm 独自のなだらかな形で快適にサポート 仰向け/横向き/うつ伏せ可能で快眠へ 肩凝り 肩こり カバー洗濯可 【日本正規品】83300199【最大30日間お試し対象】","8976","53","100","197","¥ 8,800","¥ 8,800","1","B0CCD9HB1H","B0F18Z6MF9","50.6","16.6","9.8","1280"
"エジソンスマート ダクトレール用照明 ラインライト 800mm (ブラック) LED一体型 スマート照明 Alexa対応 バーライト 専用リモコン対応 RST-TL172-800 (× 2)","8981","37","","67","¥ 11,220","","","B0GS28VKPN","B0F1MCHZJK","84.5","9","5","1600"
"【酷暑日対策・首かけで瞬間涼感】TORRAS ネッククーラー COOLIFY Cyber Fold 冷却プレート 3×TEC半導体 2026新モデル 首掛け扇風機 ネックファン 360°送風 AI自動冷却 APP操作 暑さ対策 通勤 アウトドア ステンレスシルバー","8983","103","50","892","¥ 41,800","","1","B0GFLTMGW8","B0GFJ2RJWK","26","21.2","10.7","1520"
"ブラウン 電気シェーバー シリーズ5+ 電動 髭剃り メンズ お風呂剃りシェーバー 53-B52000s キワぞりトリマー 防水設計 充電式 コードレス ディープキャッチ網刃 ブルー","8985","64","50","26","¥ 13,663","¥ 13,663","1","B0GJCQGJ9D","B0HCMGXGQD","23.6","10.4","6.7","350"
"RAKU フェイクグリーン 観葉植物 フェイク大型 高さ約130cm 室内用 造花 オフィス 室内 大型 鉢付き 人工 (アレカヤシ 130cm)","11148","32","","223","¥ 5,223","","1","B0FVXJGQ6F","B0FWK7ZB26","120","17","17","3300"
"プラキラ 割れない グラス タンブラー 400ml 100個入り 電子レンジ 食洗機 対応 日本製 レストラン カフェ アウトドア かわいい クリア ビール ハイボール お冷 コーヒー 紅茶 プラスチック 耐熱温度 100度 ホット クラッシュタンブラー 大サイズ 重なる 軽い 強い トライタン glass BPAフリー PG104_400 IJ Plakira 石川樹脂工業","9008","57","","745","¥ 64,583","¥ 64,583","1","B0DCFS28GN","B0DFW5TTRN","43.6","34.7","33.9","9500"
"壁掛け扇風機 穴あけ不要 人感センサー 充電式 乾電池対応 トイレ 脱衣所 暑さ指数表示","9012","60","300","114","¥ 5,180","","1","B0D2LL2R9L","B0D9RH9HBV","21.4","18","12.9","670"
"Soomil 枕 低反発 首枕 首が痛くならない まくら 安眠枕 【電熱式で首を温め伸ばす】首や肩にやさしく 高さ調整付き 通気性 カバー洗濯可","10045","48","50","19","¥ 5,279","","1","B0GS8QHGLQ","B0HB34S27T","50.3","22","9.5","1230"
"サーキュレーター 扇風機 DCモーター 静音【2026防塵設計＆30畳対応＆アロマ機能】3D首振り 強力 省エネ ナイトライト 12段階風量 高さ調整","9015","54","200","30","¥ 9,299","","2","B0GZK2BYYX","B0HG2RQZPZ","64","37.6","25","4570"
"山崎実業(Yamazaki) 引っ掛け風呂イス 座面高30cm ＋ マグネット&引っ掛け湯おけ Lサイズ ＋ マグネット手おけ 【3点セット】 ブラック タワー tower 5527 1563 3608","12183","28","","1","¥ 9,020","¥ 9,020","3","B0FX4HKDLL","B0F5QG6V71","39.2","36.9","34.1","2100"
"BeaNet フロアライト LED 「無線リモコン・24W・ダブル光源Ultra版・JIS AA形・上下照明・独立制御」 超高輝度 フロアランプ 調光・調色 スタンドライト 【PSE認証済】 読書/勉強/仕事/会議 リビング/寝室 BNT-FLL04","9020","62","100","110","¥ 5,994","","2","B0CT8P7T1T","B0FBQTRDR7","44.7","26","6.4","3150"
"スワンソン商事 ケーキスタンド 木製 LL ラバーウッド 直径28×高さ12cm コンポートディッシュ ナチュラル KS-109","6845","42","","58","¥ 5,485","¥ 5,485","2","B0DW2SFNRL","B0H6DJ4CZG","29.6","29.2","12.9","980"
"柳宗理(Yanagi Sori) ステンレスザルボール6点セット 16.19.23cm 日本製 食洗機対応 サラダボール ミキシングボール つや消し 下ごしらえ パンチング ザル ボウル セット 燕三条","9030","42","200","537","¥ 11,480","¥ 11,481","3","B00078MHLK","B0DCNPP25P","27.3","26","19","1220"
"オムロン 心電計付き上腕式血圧計 HEM-7530T","9031","50","100","194","¥ 22,980","¥ 22,980","2","B0DFPXNMGK","","24.6","14","13.3","1080"
"【節電対策】Levoit (レボイト) 加湿器 アロマ 卓上 大容量 3L 17畳 小型 超音波式 28dB 静音 Dual150 ホワイト","9045","80","200","636","¥ 6,980","","1","B09G9DM2ZT","B0BMTK2N62","33.7","21.2","20.2","1650"
"YETE 脱毛器 冷感 アイスクリーム脱毛器 10℃恒冷 IPL 湿脱 全身 VIO対応 4 段階出力 2 照射モード SGS認証 自宅家庭用美容器","9059","38","100","16","¥ 18,899","","2","B0FWR5VZGX","","29.1","18.3","13.3","1620"
"ATURBO ソファ 2人掛け リクライニング ローソファ フロアソファ コンパクト ファブリック 省スペース ゆったり座れる 一人暮らし 組立簡単 (ブルー)","10111","0","","","¥ 14,280","","1","B0HFHGKJF3","B0H6JKKSPL","116","54","28","9000"
"ニトムズ(Nitoms) コロコロ プロフェッショナル スペアテープ 320mm幅 40m巻 3巻入 幅広 業務用 オフィス 宿泊施設 更衣室 イベントスペース C3400","10403","48","","5","¥ 7,309","¥ 7,309","24","B005J0WOKU","B0G5N1RMYR","35.1","32.1","11.6","3506"
"RING BELL リンベル ディズニー カタログギフト ハッピーコース","9062","53","100","107","¥ 5,390","","1","B0CJDTXP64","B0CJDT6JG4","23.7","22.6","4","290"
"グリーンパン GREENPAN フライパン 28cm IH・ガス火 エントリーモデル 【トリノ】 セラミックコーティング PFASフリー 有害物質不使用","9138","31","","20","¥ 6,237","¥ 6,237","3","B0GNLWSRF6","B0GQSTYLZK","46.4","30","7.8","1170"
"蚊帳 かや 底生地付 3秒簡単設置 密度が高い ワンタッチ蚊帳 テント式 折り畳み可能 組み立て簡単 収納便利 洗濯可能 通風 高密度 夏の対策 ベッド ベビー キャンプ テント 蚊 ムカデ 虫対策 虫よけ モスキートネット 防虫 (ブルー,160*190*90cm)","24601","2","","","¥ 5,699","","1","B0F9WQV27B","B0F9WKZPLG","1","1","1","1000"
"【日本限定発売】J1D コードレス掃除機 掃除機 スティッククリーナー 【強力吸引ｘ1.3kg超軽量】 ハンディ 自立式","9066","51","300","33","¥ 11,998","","2","B0GYYKTMG2","","44","29.8","18.7","2580"
"Hillmoonri マットレストッパー クイーン 厚さ5cm 高反発180N 洗えるカバー 布団の上 160×195cm ホワイト","9066","38","","99","¥ 9,299","","1","B0FCRB3FK2","B0HDJ1MLSV","60.5","24.1","24.1","5930"
"無印良品 360度首振り機能付きサーキュレーター18畳 MJ-OCF18 LA1SBA3A","9072","102","100","113","¥ 6,997","¥ 6,997","2","B0D4M9YFW8","B0FDH4MDTY","38.4","32","26.1","2860"
"ワイエムワールド サイドボード キャビネット 扉付き 収納 棚 スチール 幅90cm ストーングレー フリッツ 00-100229","9072","48","50","50","¥ 10,620","","1","B0DSP6WQGV","B0DSNZKYX9","93","36","22","22800"
"FLIIRITAIA ラグ アイボリー 200*250cm 3畳 リネン風 カーペットミニマル ラグマット 洗える 防音 滑り止め フローリング対応 オフィス リビング 寝室 ダイニング 子供部屋に オルシーズン使用可 収納しやすい","9080","64","50","33","¥ 10,800","","1","B0G4QX6G7K","B0G4QTQVXX","46.8","44.8","33","7260"
"マキタ(Makita) 充電式クリーナ（白） 18V バッテリ・充電器別売 CL286FDZW","9087","117","500","408","¥ 17,000","¥ 17,000","20","B0C1FHH8W8","","56","20.7","15.7","2210"
"タンスのゲン 敷きパッド ダブル 2枚組 冷感 【銀イオン抗菌防臭+接触冷感】 ひんやりマット 洗える リバーシブル 62100294(129848)","8066","21","","60","¥ 5,499","","1","B0GZ2QG378","B0GZ21FD9P","35","26","26","3000"
"バルミューダ ザ・クリーナー ライト ホバー式クリーナー ブラック BALMUDA The Cleaner Lite C02A-BK","9103","39","","54","¥ 19,800","","9","B09R1SNSL9","B0CYT9N8FZ","68.4","26.4","18.3","5110"
"【反り知らずプレミアム素材×精密レーザーカット】 ダイニングマット 150x240cm つまずかない斜めカット 透明 床暖房対応 防水 抗菌 クリアマット フロアマット エンボス加工 テーブル下 傷防止 ilosta イロスタ 厚さ1.5mm","9107","31","","123","¥ 6,732","","1","B0F5PQRQXJ","B0F5PPTBXZ","168.2","8.1","7.2","8600"
"ilooiloo公式 一年保証付き 2026プレミアム版 170度フルリクライニング & ポケットコイル内蔵 ゲーミングチェア エグゼクティブオフィスチェア 社長椅子170度フルリクライニング & ポケットコイル内蔵 伸縮オットマン付 耐久素材採用 デスクチェア 寝れる椅子 (DARKBEIGE)","9109","90","50","31","¥ 25,980","","1","B0GP63XDX3","B0GP648ZS7","72","63","45","20000"
"HUGMIN® ハグミン 抱き枕 【 だきまくら U字型 マタニティ 妊婦用 授乳クッション 】 腰痛 妊婦 快眠サポート 【 妊娠中・産前産後・授乳サポート 】 体圧分散 ロングクッション 寝返りスムーズ 睡眠改善 【 全身を包み込む抱き枕 】 洗えるカバー 補充綿付 ｜ 約125×72㎝ ｜ ミニ ｜サラッとコットン ｜ブルー","13222","35","","124","¥ 7,280","","1","B0BZYHF3QT","B0BZYHD78F","43.1","33.4","17.6","3850"
"毛布 ダブル 冬用 厚手 ブランケット 極厚 掛け毛布 フランネル 二枚合わせ シンサレート中綿 四層構造 極暖 ブラック 180×200cm","9117","8","","687","¥ 5,280","","1","B0FF9ZZXPP","B0CD7RD1VX","38.9","27.3","20.8","2120"
"HAOCOO カーペット 1.5畳 洗える 140х200cm ラグ オールシーズン適用 ペルシャ風 じゅうたん 滑り止め ホットカーペット対応 防音 寝室 リビング ラグマット 抗菌防臭 耐磨耗性 花柄 グリーン","9631","77","","674","¥ 5,610","","1","B0CYWQFYV1","B08DFPDG1J","38.8","31.8","13.5","3230"
"山崎実業(Yamazaki) かさたて 32本用 ブラック 約W43.5×D22.5×H42.5cm フレーム frame 傘立て スリム 大容量 玄関 2753","9147","91","50","158","¥ 5,976","¥ 5,909","6","B0154HAIK0","B0155WFIQ8","47","43.5","7.4","3280"
"Jinghui ワインセラー 12本収納 ワインクーラーワインセラー コンプレッサー式小型静音式 2重ガラス 温度設定 恒温保湿 家庭業務用 ブナ材の棚 (ブナ材の棚)","9197","7","","","¥ 32,990","","1","B0F8HZ122Y","B0F8HYM7PS","55","50","40","12000"
"GXTRACE ゲーミングチェア ゲームチェア オットマン付き オフィスチェア 人間工学 １６５度 リクライニング ハイバック テレワーク 椅子 PCチェア (White)","9150","115","100","4082","¥ 15,798","¥ 18,216","3","B0FY2PV2S9","B0DYJGMRG7","78","55.5","25.5","20000"
"ISHU トレー お盆 木製 アカシア 取っ手付き 食事用トレー 長方形 大きめ 卓上用 おぼん ランチトレイ カフェ 天然木 無垢 43.1×30.4×4cm (× 2)個(ブラウン)","9151","26","","69","¥ 5,300","","","B0GZFQ6Z9H","B0GVP4267M","44.5","32.1","5.9","2620"
"AHAZIAH チェアマットマット ダイニングマット PVC 床保護マット透明 エンボス加工 150*200cm 厚さ 3mm 傷防止 フローリングマット 防水性 汚れ防止 滑り止め お手入れ簡単 床暖房対応","12986","11","","247","¥ 11,699","","1","B0D5GYS3HL","B0D4PMPXFN","120","3","3",""
"VK Living マットレス シングル 高反発 【1cm完全密着リラックス層×5cm活性守護サポート層のW構造】 厚さ6cm 敷布団 ブラック","9163","49","50","74","¥ 5,129","","1","B0F7KFC7HM","B0H2QWBCMS","51.8","31.2","30.9","4120"
"山善(YAMAZEN) ハンガーラック ダブル 頑丈 キャスター付き 移動がスムーズ 全体耐荷重80kg 衣類 収納 ラック 幅92×奥行43×高さ113.5-168.5cm マットホワイト GGH-W(MWH) 一人暮らし","9770","25","","66","¥ 7,981","¥ 7,981","1","B0H2GGLHLF","B0H3KHJ7FR","93.5","32.5","7.5","7050"
"HARIO(ハリオ) クールカラフェ N 実用容量360ml 透明 緑色 酒器 アイスポケット 色ガラス ソーダガラス 冷酒器 徳利 ワインデカンタ 氷ポケット ミルクピッチャー ギフト プレゼント 贈り物 CKF-2T-G","9166","50","","52","¥ 5,366","¥ 5,366","2","B0F4X85G9M","B0FB2ZBKMG","23.9","11.8","11.4","410"
"Cabeau The Neck's Evolution TNE S3 トラベルネックピロー 低反発飛行機枕 - アタッチメントストラップ付き - 旅行、自宅、オフィス、ゲームを360度サポート - (ロンドンレッド)","9170","53","","2297","¥ 16,895","","6","B0BWNX6XY1","B0D8R5JDV6","24.8","17.9","11.7","402"
"BelleLife 真空保存容器 4個セット ポータブル真空保存機 超小型 真空パック機 食品真空保管ボックス 冷蔵庫オーガナイザー クリスパー USB充電式 家庭用 鮮度長持ち 漏れ防止 食材保存 パック袋2枚付き 密封用スライダー1枚付 気密 果物 野菜 パン スナック用 ポータブル 日本語説明書付【真空パック用袋20枚付きセット26X28cm】","8569","35","","2","¥ 7,170","","1","B0F2MML2CP","B0D7GFLCB8","47.3","45","42.3","17000"
"COMEDYKING EMS ピロー 【日本で人気！5つ機能付き】 リモコン付き 簡単操作 PC作業 テレワーク 運動 家事 育児 誕生日プレゼント女性 母親 誕生日プレゼント 敬老プレゼント（グレー）","9189","83","50","178","¥ 10,777","","3","B0DSZJRWKX","B0HGMJVCQT","22.1","21.3","11.7","660"
"DADAGUAI（ダダグアイ） 物干し 洗濯物干し 屋外耐風 無組立 伸縮式 部屋干し 物干し竿","9191","20","","","¥ 5,040","","1","B0H9CXZ3QC","B0FBFV4C3K","140","8","8","3000"
"フレックス販売 ビーズクッション 埋もれる幸せ 日本製 2WAYキューブ ワインレッド Mサイズ アースカラー PCM-5512T WRD","9195","74","","6251","¥ 9,809","¥ 9,809","2","B0083F91VS","B0C5QNMVV3","65","65","30","3588"
"掃除機 コードレス【2027年先行発売・51600KPa超強力吸引】550Wブラシレスモーター 3nm世代AI制御チップ 自走式 自立式 サイクロン式","9195","10","","12","¥ 14,999","","2","B0GR4PPST3","","43.5","32.6","20.3","3900"
"ニトリ(NITORI) カバーつき寝具6点セット S2602 シングルサイズ ウィンドウペン 2115100100029","9623","16","50","","¥ 6,355","¥ 6,355","1","B0H3JX1V16","B0H8S2PCCB","70","50.5","21.5","9000"
"Faittdya マットレスダブル ハイブリッド構造 極厚24cm 高反発 体圧分散","9200","11","","11","¥ 16,640","","1","B0H2DYHM5C","B0H2DXKG6D","100","28","28","22000"
"セルタン オットマン パールホワイト ベロア生地 ポケットコイル 日本製 A281p-f-718IV","10448","21","","776","¥ 6,480","¥ 6,480","5","B0CF12SP74","B0H6NWKPMX","67","49","18","5000"
"TAILI 大型収納袋 引越しバッグ 布団収納カバン 特大容量 ビッグバッグ 洋服 防塵防水 折りたたみ式 省スペース 旅行 ブルー 8個セット","9694","28","","369","¥ 5,460","","1","B0CV4S9B72","B0CSDF5Z63","41.4","21.1","14.9","2680"
"高さ調整できるタオル枕｜巻くだけ簡単調整｜首サポート｜洗える枕｜Nekara","9226","41","100","22","¥ 6,480","","1","B0GZ4Z7QNF","","49","16.4","16.2","1020"
"アイリスオーヤマ(IRIS) 押し入れスノコ ホワイト 35×75×2.5 SN-35 2枚×4個セット","11744","47","","654","¥ 6,540","","3","B07Z5G1NS7","B00Z93M0VU","82","43.5","42.5","3270"
"電動かき氷機 かき氷器 家庭用 バラ氷対応 冷凍フルーツ対応 氷削り機 大容量 分離式 水洗い可能 (レッド)","9238","3","","","¥ 5,525","","1","B0DWXBSL78","B0DWX65S62","30","30","30","500"
"収納ボックス 収納キャビネット 折りたたみ キャスター付き 半透明扉付き 大容量 一体型3段式 60*38*104.5cm/189L","8910","36","","51","¥ 8,143","","1","B0FX55V2TZ","B0G1YQJR27","61","39","23","2000"
"リビングプランニング 敷き布団 ダブル [140×200㎝] ほこりの出にくい 3層構造 敷布団 日本製 ホワイト","9243","61","50","707","¥ 5,187","","1","B01JUSJ28S","B07PQQCBYB","68","52","10","4200"
"ハクバ HAKUBA 額縁 アルミ HFA-03 全紙 アクリル板 ブラック(ホワイトマット) HFA-03BWM-Z","9252","50","","439","¥ 8,164","¥ 8,164","4","B07BH4WYR8","B0FVWYVZ8J","68.5","55.5","3.5","2840"
"[SuperKois] レンジラック スライド棚 幅60cm 大型レンジ対応 S字フック4個付き キッチンラック レンジ台 木目色","9255","64","50","80","¥ 5,780","","1","B0FHK1BPFL","B0FB3KVP1X","87","49","14","12330"
"DODOSOSO スチールラック 幅45×奥行30 19mmポール径 キャスター付き 隙間収納 高さ調節可能 省スペース シルバー","15367","32","","2","¥ 8,549","","2","B0GYDTGD3J","B0GYDG259M","81","35.5","21","6950"
"ブラウン 電気シェーバー シリーズ9 PRO+ 電動 髭剃り 9587cc-V 2023年モデル 6in1アルコール洗浄システム・美顔器ヘッド付き シルバー","9264","99","","40","¥ 45,800","¥ 62,424","9","B0FWJYG1BS","B0H6FRPYWF","25.7","18","16","1480"
"USK STORE ソフト キッチンクロス 60枚 吸水 厚手 丈夫 ワッフル おしぼり 綿100% ふきん タオル レジャー (60)","9264","39","","286","¥ 5,980","","1","B07VHDHPSP","B07VJHVDKP","29.4","23.8","17","1500"
"山崎実業(Yamazaki) マグネット&引っ掛けバケツ 7.5L + マグネット洗濯洗剤ボールストッカー 【2点セット】 タワー tower 靴 シューズ 上履き つけ置き洗い ホワイト 1832 4266","14082","21","","","¥ 5,060","","1","B0DJ8M1SRD","B0FP1YCX2S","36.5","24.5","23","1140"
"YeTom ローテーブル 昇降式 一人暮らしリビングテーブル 隠す収納 天板昇降 高さ調整 大容量 簡単開閉 ガス圧式 幅80cm 白い","9275","79","50","152","¥ 6,973","","1","B0FB3TNN91","B0FB3DWS5H","61.9","43.2","12.7","11950"
"AEOCKY【強力除湿機 40L/日 5.5L大容量】鉄筋100畳 木造50畳 業務用コンプレッサー式除湿器 衣類乾燥 部屋干し 梅雨対策 カビ防止","9287","23","200","6024","¥ 34,999","","1","B0H419M8FY","B0H93LDJ81","66.2","44.2","27.5","16240"
"HEIAN SHINDO つっぱりラック(棚付) 伸縮棚2段 ハンガーパイプ付き マットホワイト 取付幅68-96cm 取付高190-300 TNP-50WH 平安伸銅工業","9289","52","","","¥ 13,017","¥ 13,017","3","B0FKT61N3P","B0FLK6X8K7","93.2","27","9.5","4890"
"山崎実業(Yamazaki) 熱湯が注げる 冷水筒 ラウンド 1.2L ブラック 【2個セット】 W9.6×D13.8×H26.3cm タワー tower 食洗器対応 アルコール飲料 熱湯 使用可能 10687×2","12937","35","","21","¥ 5,500","¥ 5,500","2","B0GTLBP4SC","B0GVCQ3ZWJ","32.3","23.3","12.4","1040"
"日本製 珪藻土 なのらぼ 水切りマット 吸収 速乾 脱臭 防カビ キッチン (ドライングプレート ワイド L 59.5cm×29.5cm)","9295","48","","192","¥ 6,930","","2","B07FF19VF1","B08B3BB8DS","67.2","37.5","1.8","1690"
"集音器 高齢者 しゅうおんき 1台2役【2026最新進化版 革命的なデジタルチップ搭載！雑音を自動識別・低減】8段階音量調節 音声ガイドで簡単操作 音声拡聴器 自動電源ON/OFF 耳掛け式 音をクリアに増幅 15時間連続使用 580mAhの充電ケース付き Type-C充電式 残量表示 両耳対応 人間工学に基づいた設計 敬老の日 母の日 父の日 日本語説明書","9298","55","100","86","¥ 9,499","","5","B0GQ2YPKFT","B0HGBLDP95","14.1","10.3","4.7","190"
"5L、8L 冷水筒 冷蔵庫ドリンクサーバー ドリンクディスペンサー冷蔵庫ウォーターディスペンサー 蛇口付き冷蔵庫 冷蔵庫バー日常使用用冷水ピッチャー アウトドア キャンプ ジャグ 家庭用 タンク 広口 フレーバーウォーター サーバー(8L,冷水ケトル【スタンド＋フィルター付き】)","10347","0","","","¥ 5,150","","1","B0FWHS2B9G","B0FWHG5F5R","42","14","14","1500"
"Momgla ワインセラー 20本収納 ワインクーラーワインセラー コンプレッサー式小型静音式 2重ガラス 温度設定 恒温保湿 家庭業務用 ブナ材の棚 (金属)","9456","12","","","¥ 35,788","","2","B0F9L27X6Q","B0F9KVK85L","78","25","25","4000"
"ハグモッチハーフ®【正規品】 抱き枕 妊婦 オーダーメイド調整【お腹の変化に対応】横向き寝 ふわもち L字 クッション 【カバー 本体洗えるｘ補充綿付き】 授乳クッション 日常使いにも【産後も長く使える】クールグレージュ（冷感カバー）","9298","30","","95","¥ 7,280","","1","B0DHCHXC2Z","B0H5VXYMT4","43.3","34.8","15.8","3240"
"【王様のブランチ出演のバリスタと共同開発】 コードレス＆Wブレード式電動コーヒーミル ［ボタン1つで本格派の一杯を］臼式豆挽き用グラインダー 38段階の粒度調節で エスプレッソ カフェラテ対応可 (マットブラック)","9308","91","50","50","¥ 5,980","","1","B0FF4JKFG1","B0FF4NCJCJ","21.3","8.6","8.4","660"
"お布団工房 敷布団 寧々 シングル 高反発 腰ラク 極厚 日本製 ボリュームタイプ 創業150年 100×200cm グレー 自社製造の固綿で腰ラク 防ダニ アプロディーテ 敷き布団 敷きふとん","9313","91","100","917","¥ 14,100","","1","B07SZBJ13K","B0BB9F2P4N","112","38","19.5","6560"
"SINNONAKA 2口コンセント宮棚付き ローベッド ベッドフレーム セミダブル ロボット掃除機OK 静音パイプベッド スチール 連結 フレームのみ（ホワイトウォッシュ×ホワイト）","9314","45","","139","¥ 13,599","","1","B0DSZY1KPQ","B0D5BCMWZ3","125","34.5","15","23650"
"Lovikon 物干しスタンド 折りたたみ式 布団干し対応 伸縮可能 150～250cm カーボンスチール製 ダブルバー付き 防風・防錆仕様 大容量 干しネット付き 室内外兼用 高さ調節可能 組み立て簡単 (グレー)","9319","40","100","7","¥ 7,581","","1","B0GZL87THT","B0GZL9B1TF","153","13","10","7100"
"ニトリ パインラック マンクス8240 4段 NITORI 8791371","11250","30","","111","¥ 12,020","¥ 12,020","1","B0CHM6ZHMX","B0D1HZBYS1","185.5","44","13","13500"
"家庭用 真空パック 器 機 フード シーラー 真空パックん PREMIUM プレミアム シンプルセット （ おためしロール 大１本・小１本・ボトルストッパー 1個・キャニスターホース 1本 付き ）","9323","34","100","694","¥ 15,980","","1","B07MNW9KWB","","40.9","28","15.8","3700"
"HAVARGO 足枕 就寝用 膝枕 厚さ調整可能 ふわふわ 低反発+高反発 多機能 足上げクッション 背もたれクッション ふくらはぎクッション","9325","60","50","105","¥ 5,980","","1","B0F18PJ45V","B0F18P81KM","42.6","31.2","18.6","1760"
"BROTTAR LED付き フィギュア 棚 ショーケース 4段 幅80×高165×奥行35.5cm 強化ガラス コレクションケース 大型 ブラック","9326","23","50","38","¥ 26,999","","1","B0H45MHWZF","B0H8L8LHM7","93","48.5","27","40900"
"Yueboa ダイニングマット エンボス加工 透明 200X200cm 厚さ1.5mm 特大サイズ PVC 床保護マット クリア 保護シート 超大判 撥水 汚れ防止 お手入れ簡単 滑り止め (厚さ1.5mm, 200*200cm)","11926","21","","196","¥ 10,687","","1","B0BNGD6P94","B0BNG9XVDM","200","5","5","6500"
"LiWNYRKキッチンワゴン キャスター付き2段 低い デスク下 洗面所 収納 冷蔵庫脇のペットボトル 30奥行きx45幅x41高さcm 移動式 すきま 頑丈 スリムラック 黑","9327","51","","126","¥ 5,099","","1","B0GYN9KDH5","B0F99HL1WY","42.9","32.5","13.9","3150"
"Sailozai コットンロープを編んだ大型ランドリーバスケット。衣類や小物の収納に最適です。寝室、リビングルーム、バスルームに最適です。多機能で、おもちゃの収納としても使えます。折りたたみ式で省スペースです。 (ブラック,口底39cm×高さ65cm、中径49cm)","9329","1","","","¥ 5,872","","1","B0GHFC8KSY","B0GHF6J57W","36","29","17","2000"
"ANSENYA 収納ボックス 折りたたみ 前開き 透明カラー 3個セット 蓋付き 積み重ね コンテナ ボックス 折り畳み 省スペース 衣装ケース キャスター付き プラスチック おしゃれ クリアボックス 40L 幅47cm 奥35cm 高さ24cm 透明・ホワイト 白い","14225","33","","85","¥ 6,980","","1","B0FXGGJSZV","B0DZ1QFNV7","51","38","30","5700"
"アイリスオーヤマ カラーボックス 2個セット ブラウン 幅41.5×奥行29×高さ88cm CX-3","9331","73","","1159","¥ 5,580","","3","B07KW93CC1","B07Z83RRDW","91.4","29.8","13.2","20600"
"WISDHM 全身鏡 幅60×長さ165cm 姿見鏡 壁掛け鏡 スタンドミラー 立てかけミラー 大型鏡 2Way 飛散防止 地震対策 ブラック","10139","40","","133","¥ 9,500","","1","B0CCJ71YKH","B0CCCMDVVG","175","68","8","9000"
"【タケヤ公式】 アクティブラインⅡ 1.17L 1170ml オニキス 保冷専用 水筒 TAKEYA FLASK","9340","63","","124","¥ 5,060","","17","B0DX76PPMR","B0DX72LF4S","31","10.7","9.7","630"
"FOMANSH Wine Glass Rack Under Cabinet - Stemware Holder Metal Wine Glass Organizer Glasses Storage Hanger for Bar Kitchen Brown 4 Rows White","9345","62","","2619","¥ 7,460","","2","B085TRJ44P","B07SVGPT9V","43.6","28.3","7.6","499"
"Atlas アトラス ビールジョッキ 470ml 4個 セット 真空断熱 お酒 ハイボール ステンレス ASJ-472MR4P","9500","16","","771","¥ 5,280","","1","B09YXTF1NZ","B089LWD3VL","31.6","25.9","12.2","1230"
"イケヒコ カーペット ラグ ポリプロピレン 肌触りが良い 長方形 単品 ウィード ブラック 約382×382cm 本間8畳 日本製 傷がつきにくく引っ掻き傷にも強い丈夫なPP素材 汚れに強くてお手入れ簡単 キャンプ・花見などアウトドアでも活躍 ベタつかない 水拭き・水洗い可能※洗濯機不可 格子柄 #1090280192002","14269","65","","456","¥ 11,801","¥ 11,801","11","B07DLXL4BC","B0BWQMTP4G","95","50.5","13.5","8201"
"サンナップ 紙コップ 260ml 9oz 1000個(40個×25パック) ダークブルー エンボス 対応蓋(CRU2650) C2650EDBFS","10106","40","","35","¥ 16,524","¥ 16,524","2","B0FL1LFJ49","B0H2M15G33","50.8","41.1","41.1","12100"
"NIPLUX NECK RELAX ニップラックス 国内メーカー 株式会社日創プラス 肩 首 コードレス 静音 軽量 敬老の日 誕生日プレゼント (ピンクACアダプター付き)","9654","25","","41","¥ 8,768","","1","B08K7HN35F","B09NRGG22B","19","16.8","4.6","180"
"イシガキ ステーキ皿 鉄鋳物 幅29×奥行19×高さ3.5cm 熱々のステーキをご家庭で ケース販売 16個セット","8586","39","","","¥ 38,046","¥ 38,046","1","B07K8R78S1","B0CZNDFGYN","42.2","31.8","31.2","23140"
"2026最強爆風 体感-21℃ 50000mAh 36V超高出力 空調作業服 ファンバッテリーセット PSE認証済 業界最強","9361","77","400","297","¥ 6,649","","4","B0F7LHL13N","","26.3","20.3","4.9","820"
"【JIS規格日本検査済み】トクラス社のJCSA1及びJCSA2と取り替え可能な互換性交換カートリッジ 互換品 スパウトインタイプ 水栓一体型ライトモデル 3本セット","9373","47","100","124","¥ 5,800","","1","B0DMRJ7DKP","B0F37H57FL","14.2","11.7","4.3","130"
"タケヤ公式 オリジナル6点セット 保存容器 角型 300ml 800ml 1100ml 各2個 スプーン付き FRESHLOK 高気密性 密閉 密封 冷蔵庫 プロテイン スパイス 調味料 小麦粉 片栗粉 パン粉 ナッツ お菓子 キャニスター TAKEYA フレッシュロック アソートセットA グレー","7129","31","","","¥ 5,192","","1","B0G4VJ7TDB","B0G4VJZ7QM","24.7","21","17.8","820"
"東洋佐々木ガラス グラス ウォーターバリエーション 12タンブラー スモーク 360ml 60個入 グッドデザイン賞 HSハードストロング HSゴールド 口部物理強化グラス 高い耐久性 安全重視設計 すっきり仕上げ 食洗器対応 日本製 業務用 T-24104HS-SS","9378","58","","1274","¥ 33,700","¥ 33,700","2","B08XW72FVB","B0DJBFS1VN","52.9","43.7","26","12130"
"お風呂椅子 介護用 介護 風呂 椅子 6段階高さ調節可能 耐荷重136kg シャワーチェア 肘掛け付き シャワーチェアー 背もたれ付 介護用品 風呂椅子 肘掛け付き 滑り止めマット付き 立ち上がり補助 カビない お風呂介護椅子 アルミ合金製 軽量 丈夫 転倒防止 組み立て簡単 日本語説明書付","9378","43","","73","¥ 6,399","","1","B09KV3JX77","B0H45NHYRL","57.8","38.6","14.7","3730"
"除障香白檀桃 空間浄化香","8824","40","100","392","¥ 5,140","","1","B01NAQ2EIQ","","15.8","12.3","2.5","100"
"VECELO 本棚 収納棚 オープンシェルフ 収納ボックス カラーボックス 幅50ｘ奥行24ｘ高さ107cm 棚 多用途 収納棚 高低差 横置き可能 大容量 収納 リビングルーム/ベッドルーム おしゃれ ブラック","9381","44","","89","¥ 5,800","¥ 5,800","1","B0CRB1SPZV","B0CQSZZZZX","65","32","19.6","12973"
"ボックスシーツ 日本製 キング 綿100％ サテン 超長綿 350本高密度生地 防ダニ ベッドシーツ シルクのような肌触り 北欧 おしゃれ ホテル仕様 ノーブル (キングサイズ 180ｘ200ｘ30cm, パールホワイト)","9385","22","","257","¥ 7,250","","1","B01GVB33RS","B077MXMC1B","32.6","22.8","6.4","600"
"【工事不要】 CORONA(コロナ) 窓用エアコン ウインドエアコン Relala (冷房専用タイプ) 除湿 送風 タイマー機能 リモコン付 シェルホワイト CW-16A4(WS)","9386","105","1000","544","¥ 49,302","¥ 49,800","4","B0D2QT5LRL","B0F3X3S23M","89.2","45.5","41.4","26700"
"大和屋 (yamatoya) ノスタ 3 キッズ チェア 約 35cm x 30cm x 45cm norsta キッズチェア リトルチェア 北欧 木製 子供用 椅子 ロータイプ ローチェア 高さ調節 勉強 学習 おえかき 子供 子ども こども (ナチュラル)","9389","46","100","47","¥ 5,500","","4","B0BV6GJP45","B0BVDZS2D6","52","36.3","9.9","3460"
"アイリスオーヤマ スペパ スラックスハンガー20本掛け 掛けるだけでカンタン収納 たたむ手間が省け、シワになりにくい HSH-20 ナチュラル/ブラック 【HIROBIROシリーズ】","9348","95","50","29","¥ 6,880","¥ 6,880","4","B0FPCMRJ1H","B0FTL9BKLH","84","37.5","7","10100"
"【Amazon 限定ブランド】タイルマット【40枚入】30×30cm 薄さ4mm 防音 保護 フローリングマット ペット対応 ずれない Bolinker タイルカーペット 吸着 ジョイントマット 防音シート 床 子供 ペット 足音 洗える 洗濯 ライトグリーン＆オフホワイト","12638","23","","288","¥ 6,880","","1","B0BN3SRB12","B0D9JKTCGB","34","30.9","17.5","1950"
"JBS-B055","9395","114","200","1306","¥ 9,200","","23","B09NJL6332","","33.1","33","23.2","3360"
"Mizukioriアコーディオンカーテン あこーでいおん 間仕切り レール付き 厚手 防風 保温 断熱 磁石式ドア 取り付け不要 可愛いカーテン 形状記憶収納 目隠し 玄関/寝室/キッチン/浴室対応 防水 省エネ 240cm幅 220cm丈 1枚入り みどり","13757","15","","12","¥ 5,399","","1","B0F6CZ7SRY","B0FS6P61LF","45","14","10","200"
"シービージャパン スープメーカー 自動調理ポット ステンレス10枚刃 高温洗浄モード搭載 豆乳/ジュース/スムージー/ポタージュ/ペースト/スープ/おかゆ 予約機能付き 40レシピ オートシェフポット atomico","9401","86","200","148","¥ 6,826","¥ 6,826","12","B0FLPGYF7Z","","29.9","18.7","18.2","1450"
"Lynnbery マットレスシングル 97cm 厚さ20cm コンパクト配送 冷却ジェル メモリーフォーム ハイブリッド 独立ポケットコイル 硬め 高反発 CertiPUR-US認証 体圧分散 ムービングアイソレーション ボックス寝具 簡単設置","9405","40","100","22","¥ 7,694","","1","B0FXG2DH4K","B0HDHTJKH7","105.3","26.4","25.1","18300"
"TOKYOHANGER スーツハンガー ジャケットハンガー【安心の日本製】便利仕様 滑り止め加工 型崩れ防止 高級仕立て 丈夫な作り『NO880 M(幅41.5cm) 10本セット』東京ハンガー","11648","52","","666","¥ 6,980","","3","B09DRXYY46","B08CZJNY31","61.1","43.9","15.1","1980"
"【セット買い】イワタニ Iwatani 岩谷 炉ばた焼器 炙りや1 CB-ABR-1 + 炙りやシリーズ専用 焼網 (2枚入) + カセットガス CB缶 3P セット","9953","71","","13","¥ 10,200","","1","B0FG7PJ847","B0FGHFG8SY","42","22.1","14.4","2700"
"オープンシェルフ ラック 棚 本棚 おしゃれ 多機能収納ラック スリム 隙間収納 木製棚板 スチール 幅58.6×奥行23.5×高さ144cm 5段 組立品 寢室 リビングルーム ホームオフィス オーク色×ブラック","12460","41","","52","¥ 6,280","¥ 6,280","1","B0FVM7RBR2","B0FVM7424G","84","26.5","13.5","8100"
"Xiaomi シャオミ コードレス掃除機 P30 一人暮らし向け 超軽量設計 強力吸引 低騒音 2WAYノズル Type-C充電","9430","73","100","182","¥ 8,480","","1","B08N5YC26R","B0GS9BTRT4","45.5","27","12.5","2420"
"山善(YAMAZEN) 壁掛け スピーカーシェルフ 幅50 穴が目立たない 壁掛け棚 音楽再生 充電ができる 照明 壁面収納 ラック 幅50×奥行12.5×高さ8.5cm 完成品 ナチュラル ASKS-5008(NA)","9435","34","","","¥ 9,980","¥ 9,980","2","B0H4F7NVNK","B0H4Q7LGHG","59.8","17.7","15.5","2280"
"ドウシシャ スタンドミラー 姿見鏡 全身 高さ150 幅60cm 大型 完成品 飛散防止加工 ダンス 軽量 軽い 薄型 木製フレーム シンプル おしゃれ 北欧 玄関 自立 ストッパー金具 賃貸 折り畳み収納OK 奥行40 ナチュラル IMS1560NA","9437","47","","27","¥ 9,980","¥ 11,801","2","B0B4ZWT6T4","B0HBVMSNSZ","160.5","70.5","10.5","11260"
"Huloo Sleep ［座り心地良い］極厚3.5cm 低反発ラグマット 厚手 クッション カーペット 防音 すべり止め 珊瑚絨毯 リビング/子供部屋用 撥水加工 無地 グリーン 200x250㎝ 3畳 オールシーズン","9439","41","","95","¥ 14,999","","1","B0FMXZFNWL","B0FX2B28ZQ","54","52","11","3000"
"アルテ のりパネ 5MM A1 10枚組 BP-5NP-10A1","9442","42","","259","¥ 16,390","¥ 16,390","1","B0033VPDDW","B0D9LGQBQ1","94","64.2","8.7","4640"
"ロゼンスター モバイルシェーバー 髭剃り 5枚刃 USB充電交流式 Type-C 深剃り 防水 水洗い可 電源ロック機能搭載 コンパクト 出張 旅行 小型 ホワイト&ブラック ASR489","9626","59","","67","¥ 5,259","¥ 5,259","1","B0FGPG223P","B0FXLYW2L3","18.6","8.7","6.7","180"
"ANDWINT ハンガーラック ワードローブ チェスト収納 パイプハンガー 洋服ラック 大容量 頑丈 耐荷重185kg 移動・固定2WAY スリム おしゃれ 転倒防止ベルト付き 幅100×奥行30×高さ151.2cm 日本語説明書付き ホワイト","9452","23","50","18","¥ 8,683","¥ 8,683","1","B0H83JSZDM","B0H83P86LJ","104","35","16","10000"
"Amazonベーシック リビング扇風機 DCモーター 省エネ 静音 リモコン付 9枚羽根 ソフト気流 入切タイマー 首振り 風量調節5段階 ホワイト 羽根直径30cm","9465","84","100","747","¥ 7,772","¥ 7,772","1","B09QSXQ94X","B0CD3X44GP","61.7","38.3","21","4270"
"GOKUMIN 枕 まくら ふにゅとろまくら 快眠 横向き寝 柔らかい枕 ブラック","9466","68","100","42","¥ 6,508","","1","B0GVQCQPZ7","B0GWZNLLR5","42","31","22","2240"
"[正規品] 丸モ高木陶器冷感日本四季 フリーグラス揃 贈り物 温度 変化バレンタイン母の日 父の日 結婚祝い プレゼント ビール日本酒ウイスキー敬老の日退職祝いお中元 (冷感日本四季 フリーグラス揃)","10872","39","","14","¥ 8,800","","1","B09BTWY33W","B0G62R7FWQ","35.6","13","9.3","850"
"PRTONE ダブルベッド フレーム 2口コンセント付き すのこベッド パイプベッド 宮棚付き bed frame double スチール制 白","9477","65","","519","¥ 12,408","","1","B0FSK86FGX","B0C6K1KNWS","143","18","16","20000"
"冷風機 強力 人気【2026最新昇級・噴霧量3倍にUP・強清涼感】 卓上クーラー 冷風扇 水タンク1000ml大容量 軽量 加湿 卓面濡れない 30db静音 空気清浄 9W省エネ タイマー機能 3段階風力 3段階ミスト 上下角度調整 ミニクーラー 氷入れ可 ミニ冷風機 夜灯モード 熱中症と暑さ対策 PSE認証済 日本語説明書 (ブラック&ホワイト)","9480","73","200","526","¥ 6,998","","1","B0GSY5CP4X","B0HG9KMZT3","28.2","21.1","16.2","1250"
"Bauhutte（バウヒュッテ） ゲーミングチェアマット グリーン (147×108cm) BCM-144N-GN","9480","66","","22","¥ 7,200","","3","B07YD741RJ","B0FLCX2H2P","110","10","10","5200"
"VICTORINOX(ビクトリノックス) スティッキングナイフ プロ仕様の骨スキ包丁 16cm 肉用 ブラック 骨付き肉や塊肉を切り分けるためのナイフ 食洗器対応 プロフェッショナル フィブロックス 5.5603.16-X1","9485","42","","17","¥ 5,211","¥ 5,211","1","B08TBXC31P","B0F23Q9DXJ","36.8","18.2","2.4","190"
"リス(RISU) ゴミ箱 Home&Home ワンハンドパッキンペール 70JS ホワイト 70L 日本製 GBED032","8142","5","","659","¥ 7,261","¥ 7,261","1","B0H9S68TFJ","B0HC2XD4S7","67","51.7","38.1","2775"
"サンナップ(Sunnap) 使い捨てカップ 3色 7.9×9.34×4.97cm エンボスカップ・ホールマークカフェ 260ML C2650EC 50個入 20個セット","9496","57","","187","¥ 17,273","¥ 17,273","1","B07NWX498T","B0DV553456","61.6","41.7","33.9","10780"
"SONGMICS ゴミ箱 ペダル式 蓋付き 40L スチール製ダストボックス","9504","60","50","584","¥ 7,015","¥ 7,015","1","B0DBLDZ4MW","B0DLMVH4LL","66","42","37","3500"
"ZMZZZX オープンシェルフ ラック オープンラック 棚 4段本棚 大容量 多機能収納ラック 木製ラック 寢室 リビングルーム ホームオフィス レトロ (レトロ-4段, 60-30-136)","9505","25","","2","¥ 6,079","","1","B0GG15S22P","B0GFZ28LFP","74.3","34.8","18","11310"
"白井産業 チェスト タンス 衣類収納 ワイドタイプ 同シリーズで組み合わせ自由自在 一人暮らしの部屋や狭いスペースにぴったりサイズ ホワイト 白木目 ベーシックデザイン 幅78.2×奥行39.5×高さ80cm FUL-8080HWH フルニコ","9507","56","50","267","¥ 13,800","¥ 13,800","1","B0CCRGLTMY","B0H93QHBKJ","90.5","44.5","19.5","28900"
"ナガオ コップ マイカップ 260ml イエロー プラスチック No.808Y 20個セット","18550","21","","169","¥ 6,441","¥ 6,441","1","B07MZ665KZ","B07N1DHVSR","39.6","17.6","16.4","1560"
"【ミシュラン掲載店オーナー愛用】 ステンレス フライパン 26cm ハイブリッド加工 金属ヘラOK IH・ガス火対応 青池隆明 AosTavola","9518","93","200","103","¥ 6,012","","1","B0GCZFTVL4","B0HGL349CL","48","27.5","5","920"
"ストリックスデザイン カウンタークロス 抗菌 ピンク 1600枚 (100枚×16セット) 約31×60cm 使い捨て 不織布 ふきん テーブルダスター 業務用 大容量 丈夫 SA-172","9520","82","","","¥ 35,370","¥ 35,370","1","B0CPLKM9H9","B0GKM1C7XC","70.3","63.3","33.8","16290"
"タイガー魔法瓶(TIGER) 食器乾燥器 サラピッカ AG抗菌加工フィルター 高温熱風乾燥 6人用 DHG-T401WY ホワイト","9527","82","200","89","¥ 12,308","¥ 12,308","11","B0FCFKWTZ8","","53.6","44.9","39.5","5540"
"Hilax ダイニングチェア 折りたたみ 椅子 リビングチェア 耐荷重160kg PUレザー 組立不要 木製 天然木 背もたれあり 省スペース 収納便利 軽量 折り畳み ダイニング チェア 室内 イス 介護チェア 完成品 家事 1脚 アイボリー(レザー)","10592","53","","81","¥ 7,980","","1","B09TDYKPT6","B0CVTGWCLL","92","51","12.7","6490"
"日立 掃除機 ラクかるスティック コードレス スティッククリーナー PV-BL3K N ライトゴールド 日本製 強力パワー 軽量 自走式","9560","61","100","241","¥ 28,800","","16","B0BY165HLF","","55.9","27.4","22.9","3170"
"下村企販 コンパクトな 水切りラック ワイド 【日本製】 サブ水切りに 少人数用 水受けトレー付き 台所 食器 水切りかご スマート ステンレス 燕三条 42667","9565","65","","13","¥ 5,510","¥ 6,607","7","B08MPWTNP6","B0DP4JDB22","43.4","24.1","17","1260"
"YeTom レンジラック キッチンラック レンジ台 キャスター付き キッチン棚 電子レンジ ラック トースターラック 幅50cm ビンテージ","9576","55","50","101","¥ 5,365","","1","B0FQ567MGS","B0G48KH3NW","43.5","32.7","11.8","7330"
"エイアイテック(AITECH) AIS オープンラック・スリム6個セット 幅40cm 奥行20cm 高さ40cm ブラウン OPRS-442x6pcs BR","9613","39","","72","¥ 19,900","¥ 20,241","2","B0F8HHPQ5D","B0F93FHB8T","54","53","27","27400"
"【雑誌掲載】 SENUN 階段 滑り止め 滑り止めテープ 強力 貼るだけ簡単 厚さ3mm 滑り止めマット 脚立 階段の滑り止め 屋内 屋外 転倒防止 安全対策 事故防止 賃貸OK (ブラウン, 15M×3cm (5M×3巻）)","11199","41","","494","¥ 6,280","","1","B0BZJ1V3KX","B0B8JB4VVM","15.8","15.5","9.2","1520"
"【メーカー生産終了】【アウトレット】V8 Slim Fluffy Extra","9580","115","200","571","¥ 30,500","","6","B0CW5XS8GN","","69","27","14","4450"
"アイリスオーヤマ 電子レンジ 22L 単機能 フラットテーブル ヘルツフリー 全国対応 シンプル操作 IMB-F2202-W ホワイト","9581","117","50","539","¥ 16,221","","14","B0BH8LD3K1","B0CW4VZGMG","54.2","43.2","33","10800"
"千羽良木 すのこベッド ダブル 国産檜 ロール式 すのこ ベッド フレーム すのこマット 折りたたみ 通気 耐久 頑丈","17028","23","","17","¥ 9,380","","1","B0FQV38P6J","B0F17DMP1X","72","41.3","15.6","11240"
"下村企販 両手鍋 20cm 片手鍋 16cm 2点セット 【日本製】 直火・IH対応 丈夫で使いやすい フタ付き 多用途に使える みそ汁 煮物 カレー シチュー 丈夫 ステンレス 燕三条 32362","10046","33","","1","¥ 5,980","","1","B071KWYGL9","B0DV8TY5CC","32.8","22.8","19.2","1600"
"下村企販 三徳包丁 165mm 【日本製】 本手研ぎ加工 鋭い切れ味 肉 野菜 果物 割込み包丁 万能包丁 家庭用 よく切れる 持ちやすい 越匠 燕三条 45933","9584","47","","","¥ 7,150","¥ 7,150","2","B0CZ6KB41K","B0FL73Z3G6","36","6.5","2.5","170"
"山崎実業(Yamazaki) シンク下引き出し 幅伸縮 スライドラック D30 ホワイト W58.8～90×D30～50×H29.5cm タワー tower 収納力アップ キッチンラック スライド式 取り出しやすい 10356","9588","63","100","16","¥ 10,556","¥ 10,556","9","B0GQGB9MGF","B0H264GXMF","63.1","34.2","9.5","6270"
"Avenco マットレス シングル 高反発マットレス 極厚24cm ウレタンマットレス ベッドマットレス 高密度ウレタン メモリージェルフォーム 寝姿記憶 竹炭入り 抗菌消臭 湿度調整 体圧分散 底付き感無し 長持ち 圧縮梱包 持ち運び便利（97*195*24cm）","9588","75","","80","¥ 13,886","¥ 13,886","1","B0C7H34K3V","B0CNZ5H4S2","60.9","46.5","44.4","13350"
"DeLonghi(デロンギ) De'Longhiドリップコーヒーメーカー アクティブ ICM12011J-W レギュラーコーヒー 5杯用 ペーパーレスフィルター [トゥルーホワイト] ファミリー登録で3年保証","9591","63","50","1756","¥ 8,827","¥ 8,827","3","B08G7YBXYS","B0D1KHDXDW","31.9","31.4","19","1810"
"松永製作所 シリコン加工 シルバーミニホタテ天板12P MS20","9596","29","","381","¥ 6,218","¥ 6,218","3","B08754D7BG","B0915SSTCM","28.4","22.6","1","560"
"Utukkyシルクシーツ ボックスシーツ シルク100％ オールシーズン 静電気防止 抗菌防臭 肌に優しい 寝癖軽減 洗える ゴムタイプ テンセル オールシーズン ホテル仕様 高級 安眠 快適 敷き布団カバー ベッドシーツ マットレスカバー ベッドカバー（ダブル・140X200cm ネイビー）","13635","31","","246","¥ 23,840","","1","B0BWQFP9LB","B0DPX7ND3L","34","24","4.4","840"
"Hicrifth ハンガーラック 頑丈 大容量 2段収納 洋服ラック 耐荷重160kg 棚付き (幅74×奥行40×高さ195cm ブラック)","9604","44","","101","¥ 5,699","","1","B0F93Z4YFR","B0F93XDWX6","76","42.3","10.5","8800"
"サンワダイレクト 集音器 骨伝導 高齢者 かんたん操作 3モード搭載 軽量 耳掛け式 ノイズ除去 充電式 ネックバンド 防水 400-HABC1","9606","73","200","113","¥ 14,220","","1","B0FTDB8QFF","","15.9","14.1","6.4","300"
"【安心の日本企業】Orage mini コードレス掃除機 超軽量 サイクロン式 強力吸引 ハンディ スティック 卓上 充電式 一人暮らし 2年保証","9608","63","100","84","¥ 6,300","","1","B0DFW68QWL","B0FRF274PH","46","21","10.5","850"
"[ストリックスデザイン] ぐーんとのびるストッキング水切りネット抗菌兼用 12000枚 (50枚×240セット)〔ケース販売〕 深型&三角コーナー 約32×33cm","9609","55","","249","¥ 48,924","¥ 48,924","1","B073TY9SD3","B0DRHTWNWJ","90","60","58.5","12210"
"スミカマ 霞 KASUMI 包丁 チタンコーティング ペティナイフ 12cm ミッドナイトブルー 錆びにくい 日本製 岐阜県関市 22012/VI","10970","43","","174","¥ 6,607","¥ 6,607","1","B07TTL3WZK","B0DYNN9VSX","31.9","7.2","3.4","120"
"SPAHER ライティングレール用スポットライト LED ダクトレール 照明 100W相当 植物育成ライト 取付け簡単 角度調節可能 電球不要 照明器具 明るい おしゃれ 玄関 リビング キッチン インテリア 10W 1200LM ホワイト（電球色 4個セット）","10668","29","","19","¥ 7,590","","1","B0CZ77W8CK","B0H89CGX63","22","15","15","1040"
"ガスコンロ 1バーナーガスコンロシングルバーナー 5.2KW 保護機能付き お手入れ簡単 家庭、キッチン、RV 、キャンプなどに最適 (天然ガス,ガラスと銅の9バーナーシングルストーブ) [並行輸入品]","9654","3","","","¥ 6,827","","1","B0G48KY1YY","B0G48NGW1C","50","30","25","5000"
"GOKUMIN ごろ寝マット 6つ折り お昼寝マット 大人 マットレス 長座布団 折りたたみごろ寝布団 おひるね コンパクト 休憩 車中泊マットレス 撥水加工 滑り止め付き 畳める ウレタン入り 体圧分散 6層構造 65×170cm go6-m","9624","81","100","202","¥ 6,973","","1","B0CVHGF53J","B0F11HR4DC","68","30","26","2000"
"Nuovoware ワイングラスラック [2個パック] ワイングラスハンガーラック キャビネット下 脚付きグラスホルダー 収納ハンガー バー キッチンキャビネット用 (4列) シルバー","11718","34","","1137","¥ 7,172","","1","B0CSJS4B5M","B0DQ8VPPZH","42","24.4","7.5","1139"
"dreame(ドリーミー) F20ロボット掃除機 20,000 Paの吸引力 2-in-1 吸引・水拭き両用 二重構造の絡まり防止機能 カーペットクリーニング機能 壁際から部屋の隅までしっかり掃除 スマートナヒ ゲーション機能 Wi-Fi対応 音声コントロール対応 アプリコントロール お掃除ロボット ホワイト F20","9636","77","50","4817","¥ 24,800","","1","B0GVNN41P1","B0HFJQHH6H","44","38","17","4300"
"桜色のラグ 180×240cm ピンク フェイクラビットファー ふわふわ ポコポコデザイン おしゃれ カーペット 滑り止め付き オールシーズン対応 洗える お手入れ簡単 収納しやすい","11753","28","","65","¥ 12,000","","1","B0GT3XMSSK","B0FPDYFZGZ","43","40","10","3600"
"[SuperKois] キッチンラック 高耐荷設計 幅80cm 大型レンジ対応 S字フック4個付き レンジラック レンジ台 ホワイト","9648","90","50","188","¥ 6,980","","1","B0FDKYD9DJ","B0F1N71LSX","88.5","45.3","13.7","15480"
"JUDRDO ゴミ箱 ふた付き 消臭 ペット対策 2個入 10.4L+21.5L","9657","9","","44","¥ 5,380","","1","B0H81V5FQC","B0HCTH4LF2","46.8","34.8","26.2","2760"
"折りたたみ式 キッチンワゴン キャスター付き ワゴン 3段 ぐらつきなし 収納ワゴン 隙間収納 キッチンラック スリムラック 整理棚 キッチン リビング 浴室 洗面所 組立簡単 全金属製 幅46×奥行30×高さ93.0cm (ブルー)","9658","3","","104","¥ 17,826","","2","B0D8TBD952","B0HD82FYK1","42.7","33.8","10.9","4540"
"フィリップス 電動シェーバー 5000シリーズ ワンランク上の快適な深剃り","9664","97","50","306","¥ 17,507","¥ 17,507","1","B0C57ZT7W1","B0DVC1CQST","24.3","16.4","9.4","480"
"SAKE 3個 コーヒー色 Lサイズ PP（ポリプロピレン） かご バスケット 収納 耐熱水洗える 積み重ねできる 軽い 長持ち","8309","67","","229","¥ 5,080","","1","B07RGQRD17","B0HFP5J2PX","40","30","13","1300"
"LunarLight キッチンベイカーラック ごみ箱上ラック 幅80奥行40高さ100cm コンセント・フック付き 移動式と固定式2機能","9679","38","","124","¥ 6,980","","1","B0F1SPNS2Z","B0DSQ2YXSW","99","43","7","8610"
"山崎実業(Yamazaki) 【完成品】 隠せる トイレ 引き出し 収納 ホワイト W14×D56×H55(キャスター含む) タワー tower トイレ収納 トイレラック スリム 1426","9680","99","100","161","¥ 16,514","¥ 16,514","11","B0DTHH1JH4","B0FMJ96QRJ","62.6","59","21","12880"
"象印マホービン 2WAYサーキュレーター 30畳 大風量 扇風機モード搭載 リモコンつき ホワイト RC-AA30-WA","9681","112","100","62","¥ 14,800","¥ 15,548","23","B0GR8WP7BG","B0GWH2CTHP","36.3","30.5","24.6","3440"
"mVm ゴミ箱 30L ダストボックス ステンレス製 ふた付き おしゃれ スリム ペダル式 グレー","9681","38","","111","¥ 6,364","","1","B0GHQWPQ2V","B0GDQL35C6","40","30","20","1000"
"パナソニック ボディトリマー® ボディシェーバー 電池式 お風呂剃り可 メンズ 黒 ER-GK21-K","9683","57","50","456","¥ 6,200","","9","B0C1Y2JDJZ","B0F5PQNK9K","19.1","11.4","4.4","210"
"VECELO スチールラック 4段 幅90x奥行35x高さ137cm 耐荷重200kg(各50kg) メタルラック 防錆 クロムメッキ 収納棚 シェルフ 食器棚 レンジ台 本棚 キッチンラック リビング 玄関 業務用 ブラック","9686","47","50","55","¥ 7,899","¥ 7,899","1","B0DRHY43YL","B0DTTHN7D1","91","36","16","9300"
"Ryofuga ミストキャンプ 扇風機 40000mAh ４段階風量【扇風機単体使用可能】分離式10L水タンク 緊急モバイルバッテリー上下首振り","9697","73","50","63","¥ 7,980","","1","B0GS5NKBJD","B0HB4DCRMR","36","32.6","19.2","2520"
"LAJOKING コンプレッサー式ワインセラー。ワインセラー、12本収納可能、静音設計、二重ガラス、温度調節12～18℃、恒温恒湿、家庭用・業務用に最適 (フルブナ材)","9878","1","","","¥ 33,899","","1","B0FR8BC7FV","B0FR8BMTKX","56","52","40","12900"
"【公式ストア限定】cado ハンディファン STREAM Mini TB ストラップ（S）付き PD急速充電 4段階調整 小型 携帯扇風機 ポータブル 冷却力 ポーチ付き","29350","23","","10","¥ 7,040","","1","B0F6CZDMDN","B0F7XG1DC1","20.3","15.7","12.7","430"
"siroca(シロカ) コーン式全自動コーヒーメーカー カフェばこPRO CM-6C271 ブラック｜豆・水計量不要 ステンレスフィルター付き","9700","59","100","56","¥ 24,750","","9","B0FW4SRK5V","B0GNZJSRC2","45.7","37.1","23.3","5000"
"【調理家電セット】アイリスオーヤマ 炊飯器 3合 RC-IL30-W ホワイト 電子レンジ 17L 単機能 PMB-T178-B 電気ケトル 800ml IKEB800W ホワイト ホットプレート 丸型 IHP-C320-B","9702","40","","","¥ 27,900","","3","B0DRJ6MQH9","B0DXDWWPTF","81.6","49","41.8","20100"
"[山善] こたつ テーブル 幅120cm×奥行80cm 長方形 一人暮らし 温度調節無段階 ブラウン GLT-F12080(OBR/BK)","10695","0","","196","¥ 17,800","¥ 17,800","1","B0HFHCM6DC","B0HGFNLWHC","124","83.5","15","27300"
"アイリスオーヤマ スリムチェスト S-305","9714","47","","59","¥ 5,480","","9","B00H1NM6QA","B0DV54J787","102","40","30.9","4080"
"ライクイット (like-it) ランドリー 洗濯 収納 ラウンド型バスケット 2段 約幅41×40.5×90.5cm(キャスター含む) ブラック LW-01L+LBB-01C 2P バイオマスプラスチック約90%使用","10367","63","","63","¥ 8,901","¥ 8,901","3","B08GM4FND5","B08LPB5Q89","53.3","46","34.8","3000"
"パナソニック 燻製器 魚焼きグリル フィッシュロースター 焼き芋 けむらん亭 ブラック NF-RT1100-K","9728","41","100","269","¥ 27,182","¥ 27,182","17","B09Q5YHLM7","B0B3N2MQTM","55","38.9","22.5","7200"
"リビング 丸かめ 5号 漬物容器 9L 蓋付き レシピ付 陶器 ぬか漬け 梅漬け 保存容器 300290","9251","47","","275","¥ 6,500","¥ 6,665","7","B00H1NBXE6","B0CKQNDP3M","31","30","30","7300"
"フィリップス 9000 シリーズ メンズ 電動シェーバー 電気シェーバー 髭剃り 72枚刃・360-Dフレックスヘッド・パーソナル フィット シェイビング/SkinIQテクノロジー S9697/31【2022年モデル】","9743","152","300","302","¥ 18,280","","22","B0B6J1MLCK","","24.4","16.5","9.4","590"
"【Amazon.co.jp限定】 東レ トレビーノ ポット型浄水器 交換用カートリッジ PFOS/PFOA 有機フッ素化合物 除去 PTC.SVJ 計3個入り (高速ろ過/高除去) 日本製 PTC.SV3J","9746","88","200","127","¥ 5,480","¥ 5,480","1","B0CNCL2FGJ","","20.1","16.1","6.9","440"
"dretec(ドリテック) IH クッキングヒーター コンロ 一人用 1口 ヒーター 卓上 台 小型 小さい コンパクト ポータブル おしゃれ","9747","52","100","1264","¥ 7,980","","1","B07XL98B2H","B0D6W6LGN2","27.8","26","8.5","1730"
"シューズボックス 6個大容量収納ボックス 透明なフロントパネル 磁石開閉扉スニーカーボックス","9749","80","100","4305","¥ 5,980","","2","B0DRK8H185","B0CP5N75M9","40.6","34.9","18","3890"
"今治タオル オリジナルギフトセット ミニバスタオル 2枚 ブルー×ネイビー 日本製 約50×100㎝ 綿100％ ボックス入り ラッピング済み","9751","32","","20","¥ 5,016","","1","B0B4JJYVFJ","B09KB7VT96","31.8","20","14.8","530"
"パナソニック LEDデスクライト 置き型 スマホ充電USBポート付 4段調光 パソコンくっきり光搭載 器具光束950ルーメン ダークグレーメタリック SQ-LD560-K","9760","44","","93","¥ 19,300","","11","B094QFC9D1","B0CXWRRNJP","52.5","23.7","16.2","2210"
"BODUM ボダム コーヒーミル 電動ミル BISTRO ビストロ 電動式コーヒーグラインダー ブラック コニカル刃 挽きムラ防止 静電気防止 静音 挽き目調節 【正規品】 10903-01JP-3","9761","45","100","1057","¥ 7,171","¥ 7,171","5","B07MTP4DG7","B08KVMG9F5","30.4","18","17.8","1640"
"Laiqianleガレージライト 100w 4個 LEDシーリングライト ペンダントライト 作業灯 6灯式 昼白色 6500K 天井照明 取付簡単 工事不要 角度調節可能 省エネ 車庫 倉庫 納戸 工事用ライト 高輝度 (4個)","8593","33","","263","¥ 5,699","","1","B0CLLKYTFD","B0H8SV1BBL","35.4","28","14","1640"
"無印良品 スチールユニットシェルフ・スチール棚セット・ワイド・小・ライトグレー 幅86×奥行41×高さ83cm 02999117 ウォールシェルフ 棚 本棚","9786","60","50","55","¥ 12,020","¥ 12,020","1","B08NTSB69L","B0GNRLLD7C","108.5","43.3","12.2","15240"
"【ware hendey】現代和食 食器ギフト8点セット〔めし碗・汁椀・箸・和スプーン〕各2点ずつ計8点入り 割れない 日本製 プレミアムブラック 耐熱240℃ 食洗機・電子レンジ対応 (ギフト8点セット)","9788","20","","","¥ 8,100","","1","B0H6H9PFPC","B0H6FGN4F1","28","23","3","330"
"Vanzbon 5段ヘビーデューティメタルシェルフ、ワイヤーシェルビングユニット 、幅76×奥行35.5×高さ155cm","9789","63","100","165","¥ 8,499","","1","B0FZB7VPGJ","B0GRZZVZNT","77.6","37.8","18.6","8660"
"玄関台 幅90㎝ 木製 天然木 踏み台 高さ13cm 転倒防止 高齢者 介護用 耐荷重100kg 段差 iimono117(ブラウン, 幅90)","9793","73","50","76","¥ 5,980","","3","B0DMN8FM21","B0DX1RL53D","91.5","36.5","13.5","7500"
"エムール ベッド 折りたたみベッド セミシングル マットレス 高反発マットレス リクライニング キャスター付き 耐荷重約500㎏","9794","53","","291","¥ 22,900","","1","B08NJF7FJG","B0BN43W739","111","79","33","26260"
"掃除機 コードレス 【45000pa強力吸引&Type-C充電式】 コードレス掃除機 サイクロン式 壁掛け タッチディスプレイ 7800mAh 紫","9804","30","100","29","¥ 6,990","","2","B0G4W4C51Z","B0HFJP6GYG","38","29.4","11.7","1570"
"olayks.1.5L電気鍋 一人用 一人鍋 電気 グリル鍋 多機能フライパン スチーマー付き 上下段式 蒸鍋 片手鍋 ステーキ、すき焼き、炒め物用焦げ付き防止 温度調整機能 丸洗い可 ロングハンドル 寮 オフィス 旅行(1.5L(スチーマー付き）)","9804","39","","420","¥ 6,280","","1","B0B466JCVX","B0HDNC2Z6Y","43.2","23.4","16.7","1570"
"「Coizabera」ダクトレール 1.5m 2点セット 簡単取付 工事不要 ライトレール 配線ダクトレール 位置調整自由 ライティングレール 間接照明 天井照明 引掛け式 リビング ダイニング キッチン オフィス 店舗用 照明 レール 雰囲気演出に最適 （ブラック）","9807","38","","6","¥ 6,999","","1","B0G43KQT82","B0GWLQ6DVW","54","24.5","16.5","3360"
"エアウィーヴ フィットシーツ セミダブル ベージュ","9816","40","","169","¥ 11,562","¥ 11,562","1","B07Y3GT4CY","B07YDV6DQH","32.4","25.4","7.4","840"
"アイリスオーヤマ キャビネット オフィス 深型2段 HG-202 ブラック","9817","39","","75","¥ 8,530","¥ 15,249","20","B000WMM6XA","B00U25VRDC","57.7","52.3","44.8","8500"
"ツヴィリングJ.A.ヘンケルスジャパン ZWILLING J.A.HENCKELS HIスタイル ナイフブロックセット 5P ブラック 16717-015","12999","53","","181","¥ 11,140","¥ 11,485","6","B001TOCW9I","B0FRFXSDQ1","38.4","15.8","9.6","1402"
"タンスのゲン ダイニングテーブル 単品 伸長式 2人掛け 幅75cm 幅120cm 木目調 折りたたみ 食卓テーブル 72600057(90790)","9835","58","50","83","¥ 14,234","","1","B0CV7NVMZR","B0CV7JMW9K","84","81","10","22000"
"新輝合成 トンボ ニューセレクト ゴミ箱 128リットル 本体 袋止め付き 大型 業務用 ブルー 食品衛生法適合 幅61×奥行42.5×高さ68cm C-120 日本製","11273","35","","71","¥ 6,208","¥ 6,380","12","B00LAQKHJ2","B0CX1QMYZ8","69.5","60","43","3940"
"Piiyoow パンチ・タイルカーペット 60*60 cm 10枚 ネイビー 厚さ5mm 吸着力が強い 滑り止め","15958","11","","228","¥ 6,880","","1","B0GJD9R6MT","B0DGG2XZWM","30","30","10","1000"
"掃除機 コードレス2027先行モデル！コスパ最強！充電＆収納スタンド 52000Kpa業界トップクラス吸力！自走式AIゴミ自動検知75分連続稼働自立式","9857","82","100","50","¥ 12,796","","2","B0GL2FWYX1","B0HB3TSQPG","45.2","33.8","22.2","4360"
"[zz.luxi] 布団カバーセット シアサッカー生地 ダブル 4点セット 枕カバー 掛け布団カバー ボックスシーツ 柔らかい","9036","23","","80","¥ 5,236","","1","B0CSN7T81H","B0CSNT7R76","40.1","30.3","8.2","1630"
"アイリスオーヤマ 空気清浄機 静音 小型 自動モード 省エネ ペット 脱臭 花粉 ホコリ PM2.5 集じん ウイルス アレルギー フィルター交換ランプ付き 10畳 AAP-S20C-W ホワイト","9876","60","","21","¥ 9,090","","6","B0FM77QHM9","B0G4C6M86D","37.3","27.3","27","2300"
"タイルカーペット 事務所用 大判 40枚 ジョイントマット タイルマット オフィス ペット用 床保護マット 洗える 吸着マット 原状回復 接着剤不要 防臭 抗菌 ズレない 防音 保温 滑り止め 床暖房対応 30*30cm フローリングマット/賃貸/家庭/業務用【ブラック・40枚】","12675","31","","95","¥ 5,759","","1","B0BR7QCD6Z","B0DLP2YJS3","36.4","32.3","21.5","2620"
"[TVで紹介されました]【BRUNO監修】レンジメート プロ バイ ブルーノ RANGEMATE PRO by BRUNO (ブルーグレー, 丸型)","9878","48","","83","¥ 14,800","","1","B0DT6H94MM","B0GKNBWTLD","23.7","23.5","11.2","1080"
"ハクバ HAKUBA 額縁 ニューファンシーパネル [B3サイズ シルバー 10枚セット]","12525","69","","2","¥ 21,130","¥ 21,130","1","B073NZPMZ5","B0FNMWC4Z6","55","41","11.6","3920"
"ナガオ 燕三条 ザル セット 19cm 22cm 25cm 18-8ステンレス 日本製","13440","33","","304","¥ 5,500","¥ 5,500","1","B0B1ZRZ1FC","B0B244DBRW","28.7","26.8","16.8","710"
"Winthome ウェイトブランケット 加重ブランケット 重力毛布 TV話題 人気 重い布団 適度な重さ 不眠症対策 睡眠改善 ストレス解消 年中使える 丸洗い可能(150*200CM 8kg)","12656","37","","310","¥ 6,208","","1","B0DQ75RF6Y","B08LKPKT87","41.8","37","13.8","8100"
"MILDLY 布団カバーシングル 4点セット エジプト超長綿100% 布団カバーセット シングル：掛け布団カバー ボックスシーツ 枕カバー*2 / 300TCサテン調：肌ざわりが良い 通気性に富んで 毎日の快眠で元気に過ごしたい方に（シングル S・Nasir・オリジナルデザイン）","10692","25","","2855","¥ 9,464","","1","B0B4JX5GXY","B0CBTKSQJ3","39.4","30.6","7","1780"
"Dowinx ゲーミングチェア デスクチェア 幅広座面 145°リクライニング ポケットコイル オットマン付 ファブリック 収納ポケット ベージュ","9898","80","50","737","¥ 15,580","","1","B0GVYKRX4R","B0GR9RXQK8","82","57","26","19000"
"LED電球 4個セット タイマー機能付き リモコン12W 調光調色(昼光色 昼白色 電球色)E26口金100W白熱電球形相当,テーブルランプ、天井シャンデリアに最適，常夜灯 広配光タイプ 省エネ","10793","66","","75","¥ 5,299","","1","B08DYFZKDR","B0BHF14L7N","16.5","16.5","14.5","580"
"アイリスオーヤマ IHクッキングヒーター 卓上 1400W 薄型 タイマー機能 マグネットプラグ式 ブラック IHC-T43-B","9901","67","50","569","¥ 8,980","¥ 8,980","26","B07GLYDXGK","B09HZYWJ83","45.2","35.2","8.3","3040"
"パナソニック パルック LED電球 口金直径26mm プレミアX 電球60形相当 温白色相当(7.4W) 一般電球 空間全体を照らすタイプ(全方向タイプ) 2個入り 密閉器具対応 LDA7WWDGSZ62T","9904","51","","68","¥ 5,680","","1","B07T1G6YC4","B07TL151CM","12.6","11.9","6.5","170"
"ナガオ 和洋折衷 レンゲスプーン 鏡面 12本セット 18-8ステンレス 日本製","9908","64","","1","¥ 7,656","¥ 7,656","1","B0F2SVZWF7","B0GF7TH68S","18.7","7.7","2.8","510"
"富士ホーロー 揚げ物 バット 5点 セット バット 3枚 すのこ網 蓋 付き 食洗機 オーブン 使用可 琺瑯 保存容器 レッド ホワイト","9909","44","50","128","¥ 5,026","¥ 5,026","4","B0FDW5NGJ4","B0FNR27KKK","24.7","18.1","8.7","1390"
"CHxxy 三角クッション 三角枕 背もたれクッション 6in1 傾斜枕 60×60cm(10cm広い)","9909","1","","89","¥ 5,980","","1","B0HFHCSZ28","B0HFJG5FPH","36","19","19","1550"
"SONGMICS オットマン 収納スツール 脚付き 折りたたみ 麻布製 幅110cm","9910","70","","1914","¥ 5,778","¥ 5,778","1","B0FDW1HHYW","B0D46KKX6H","119","39.5","10","10800"
"カーメイト(Carmate) ハンディファン 冷却プレート付【スマホ冷却 スマホスタンド】マグネット式 ペルチェ リン酸鉄 発火リスク低減 風量5段階 角度調節 手持ち 卓上 Type-C充電 小型 携帯扇風機 猛暑 熱中症 対策 アウトドア プレゼント ギフト IRIE(アイリー) ZE31E","9916","46","","1","¥ 5,480","¥ 5,478","2","B0H7RKFSBR","B0H8CCDVJG","25","13.5","7.5","429"
"【Amazon.co.jp限定】 天馬 チェスト 完成品 フィッツプラスメッシュ 5段 お掃除ラク脚付き タンス 幅65×奥行41×高さ114cm","9922","54","","105","¥ 17,820","¥ 17,820","1","B0D4TBWM9L","B0FC2FDF2K","99.7","66.5","42","17600"
"Toski 浴室鏡 マグネット 風呂 鏡 曇り止め 長さ60 cm × 幅30 cm 割れない鏡 地震対策 マグネットミラー 軽量 角丸加工 磁石 取り付け簡単 位置自由調整 洗面台 冷蔵庫 玄関 ロッカー 賃貸対応","9923","43","50","49","¥ 5,129","","1","B0GV4R6PQG","B0H6MBLHZQ","70.5","42.5","5","1310"
"Qualsen ウィンドウセキュリティフィルム 安全プレミアム 4ミル クリア 35.4インチ x 78.7インチ","9924","33","","1781","¥ 8,614","","1","B0F844NBLR","B08KLDVLPD","90.4","3.6","3.6","476"
"CASIO(カシオ) 掛け時計 壁掛け時計 電波時計 ホワイト ゴールド アナログ 時報付き時計 カレンダー IC-2100J-9JF","9930","54","100","545","¥ 6,755","¥ 6,755","29","B00I2E4YL2","B0F2B2YSFL","55.5","40.9","9.3","2070"
"アイリスプラザ(IRIS PLAZA) ウッドアームチェア アイボリー Mサイズ WACN-M","9931","68","","119","¥ 7,610","¥ 8,061","4","B0C83X3M52","B0CGJQMG8Z","52","50","32","7070"
"アレンジとお線香セット リリー・ブルーM 生花 お供え お悔やみ お彼岸 お盆 命日 ユリ BunBunBee","30950","9","","2","¥ 6,540","","1","B0B81R6G5T","B07KFJLR5W","40","30","30",""
"【収納力UP】コンテナ ボックス 折り畳みコンテナ 64L*2個 大型 収納ボックス 蓋付き「7秒で組立簡単」収納ケース 積み重ね 折りたたみカゴ 大容量 頑丈 取っ手付き スタッキングOK 押し入れ収納 多機能 屋外 家庭用 衣類 書類収納 車用 キャンプ オリコン トラスコ メッシュ 折り畳み 箱 横59.5*奥行39*高さ31.5cm(ブラウン*2個セット)","10215","11","","83","¥ 6,119","","1","B0CKHMBFJP","B0CKHKT6NF","61.3","41.6","13.6","5370"
"YeTom タンス チェスト 収納家具 箪笥 服 収納 大容量 収納チェスト 4段 衣類収納 布製引き出し付き 4段10杯 白い","9940","48","50","195","¥ 8,816","","1","B0DLWMGZSL","B0DLWJD9TJ","105","33","15","13600"
"LunarLight 伸縮式ローテーブル 幅80.5-142.7奥行45高さ35cm 無段階調整 可動棚 床傷防止用のフェルト付き コンパクト","9943","84","50","155","¥ 7,590","","1","B0F66V6L4N","B0F66RDGFD","86","47.2","6.5","11800"
"Mensu 高反発マットレス セミダブル 極厚10㎝ 凹凸加工 体圧分散 抗菌防臭 おりたたみ 120 x 195㎝ ブラウン","11079","41","","991","¥ 5,999","","1","B0B14PVT27","B0GQLJSKDH","60","32","32","5180"
"象印マホービン 加湿器 4.0L リビング・寝室で使える⻑時間加湿タイプ スチーム式 蒸気式 フィルター不要 お手入れ簡単 グレー EE-DF50-HA","9946","46","50","415","¥ 23,000","¥ 23,000","6","B0FH9PMVR8","B0HC6C81GW","42.2","31.2","31.2","3380"
"ラグ カーペット 滑り止め付き ラグ 洗える 床暖房ホットカーペット対応 ラグマット カーペット 抗菌 防臭 防ダニ フランネル さらフワ触感 オールシーズン快適に使用 簡単に掃除 北欧 おしゃれ (ブラック, 200 x 250cm 長方形)","9948","51","","120","¥ 5,299","","1","B0G94QV44J","B0HGGLFYPK","37","22","22","2600"
"ぼん家具 衝立 パーテーション 目隠し 3連 高さ174cm 折りたたみ おしゃれ グレージュ","10988","8","","766","¥ 10,780","","1","B0HC6HPXXR","B00V7JYRA2","178","49","9","6500"
"Kokorona パーテーション 間仕切り 4連 カバーストリップ付き 高さ176cm 幅221cm 衝立パーテーション スクリーン 折りたたみ 布タイプ 屏風 目隠し 区切り 衝立 軽量 オフィス 事務所 ベージュ","12787","35","","12","¥ 7,399","","1","B0FG733F5R","B0GS5LD3NY","95.5","12.5","10.6","7130"
"Ulike AirPro S 脱毛器 サファイア冷感 痛みレス USHR搭載 髭・VIO対応 プレゼント メンズ レディース 2年保証 バイオレット","9959","123","500","161","¥ 29,880","","1","B0F2HYKQ3Y","","20.6","19.2","11.2","1330"
"TOSHIBA(東芝) 炊飯器 炎匠炊き 5.5合 RC-10HGW(K) グランブラック 真空圧力IH rice cooker 日本製 真空ひたし 早炊き 真空保温白米40時間 お手入れ簡単","9966","62","","83","¥ 30,420","¥ 30,420","8","B0DNY9Y6TD","B0FKT6LM8J","39.5","29.8","26.5","5870"
"[COCOSILK] シルク 枕カバー 25匁 ピローケース まくらカバー ココシルク (ファスナー/43×63cm,ブラック)","15392","21","","115","¥ 5,380","","1","B0C68XCSCH","B0BSFK68FG","29.1","20.9","2.1","110"
"ベッド下収納 ベッド下収納 キャスター付き 服収納ボックス 衣類収納 折り畳み 取り付け簡単 大容量 衣替え 布団 毛布 ベッド下物入れ 省スペース 押したり引いたりできる (ブラック, 4点セット)","9970","52","","111","¥ 7,498","","1","B0D99VMZ9K","B0D99TT9H6","42.6","30.4","15.6","6570"
"idream マットレス ダブル ポケットコイルマットレス メーカー保証 ニット生地 厚み18cm ベッドマットレス ベッドマット 寝具 布団 エントリーモデル","11086","15","","","¥ 14,980","","1","B0H6WRD8CP","B0GZZ6QGC4","144","27","27","23900"
"アイリスオーヤマ(IRIS OHYAMA) 電気毛布 敷き 洗える 190×130cm ダニ退治 ダブル セミダブル キャンプ 節電 省エネ スライド温度調整 敷き毛布 防寒対策 暖房器具 ギフト ふわふわ ブランケット 丸洗い EHB-1913-T ブラウン","9986","41","","5648","¥ 5,250","¥ 6,040","7","B074P2HDPN","B0G2BJ6QNV","37.2","32.4","10.7","1650"
"DiCUNO ダクトレール用スポットライト E11口金 60W相当 LED電球付き 昼白色 ライティングバー用スポットライト 本体白 6個入","22592","21","","25","¥ 5,799","","1","B0BR3JKM2P","B0FZT2V8FF","16.7","14.4","14.2","1130"
"パナソニック メンズ シェーバー ラムダッシュ 3枚刃 電動 髭剃り ACアダプター充電/充電スタンド 密着3Dヘッド ES-L361D-S シャンパンシルバー","9989","139","100","66","¥ 14,571","","12","B0FKFH4NP3","B0FPKPTN3K","20.4","14.7","6.9","520"
"ビームテック（Beamtec）和風 ペンダントライト 照明 LED 8畳 調光 常夜灯 メモリー機能 タイマー リモコン PL-CD8JR","9993","41","100","490","¥ 5,621","","1","B0BKKCBKHN","","50.5","50.5","17","2680"
"積水樹脂商事(Sekisuijushishoji)セキスイステンレス物干し台ﾌﾞﾛｰ台付きBD-50S","9994","106","400","710","¥ 6,982","¥ 6,982","16","B00DOSUK14","","83.4","36.6","21.5","7160"
"シャープ 加湿 空気清浄機 KI-SX70-W プラズマクラスター NEXT(50000) 浮遊・付着ウィルス 花粉 空気浄化 スピード循環気流 おすすめ畳数 16畳 加湿量 750mL/h","9995","102","50","180","¥ 41,554","","8","B0D7NS8CJ9","B0G1BD1ZSG","78","47","35","13340"
"象印マホービン 炊飯器 5.5合 STAN. ブラック NW-SB10-BA","10003","72","100","27","¥ 33,200","¥ 38,373","9","B0FH6BLJTP","B0GFTCZ43M","38","29.5","25","5000"
"Queen Rose 抱き枕 妊婦用・男性用 U字型 だきまくら 背もたれ クッション ベロア生地 洗えるカバー・補充綿付き 授乳クッション快眠サポート マタニティ枕 大きいサイズ ダックグレー","10012","91","100","11127","¥ 5,280","","1","B0F7RJH4ZR","B0DLGVTR4Q","51.1","35.5","16.3","3340"
"脱毛器 VIO対応 【サファイア冷却 21J高出力】 HIPL光美容器 5モード 手動/自動照射 照射回数無制限 メンズ レディース対応 全身ケア","10022","101","300","102","¥ 5,380","","2","B0FQJ65T6Y","B0H6LZQT4P","20.7","16","5.9","560"
"ジェット式ネブライザー・ミリコンキューブ KN-80S /8-9847-01","10026","64","50","392","¥ 12,700","¥ 15,385","15","B0078JC216","","20.2","20","20","2850"
"ヨコズナクリエーション 拭けるキッチンマット ビニール製 抗菌防臭 防カビ 防炎 (ドローレス, 約60×240cm)","12431","39","","1194","¥ 6,230","","1","B08XQB66XS","B07MFDC8Q2","60.6","14.2","14","2460"
"アピックス(APIX INTL) 感動！たこ焼きマイスター プレート 直火専用 大玉 9穴 ATM-P8809(TI)","10038","40","","","¥ 5,000","¥ 5,000","4","B0GSY15KY7","B0GSY5BWP2","26.7","21.7","6.6","900"
"コイズミ照明 LED（昼白色） ダウンライト 100W相当 AD7019B50","13403","15","","","¥ 6,572","","1","B08D8VFWC8","B0DHCGVZXW","27.3","11.1","9.9","500"
"パナソニック 衣類乾燥除湿機 デシカント方式 省スペース設計 ニオイの原因菌を除菌 ナノイーX4.8兆 F-YZXJ60B-W","10052","101","","10","¥ 37,300","","15","B0D178XGLN","B0D2QT6QW5","49","40.4","23.6","6810"
"Aliliy 電気ケトル コーヒー 1℃単位温度調整 0.8L 小型 細口 ドリップポット 4時間保温機能 電気ポット 1000W マットブラック","10058","59","50","284","¥ 6,980","","1","B0GXTZ2916","B0H8RNRRS5","28.2","19.9","19.4","1380"
"ダルトン(Dulton) ダブルフェイス クロック レクタングル ブラック 男心をくすぐる掛け時計 両面時計 マグネット 高さ187mm 幅442mm 奥行98mm H21-0362BK","10069","53","100","573","¥ 20,906","¥ 20,906","5","B09TBGPG2D","B0DG5SQCYZ","55.1","24.2","14.7","2510"
"山崎実業(Yamazaki) 引っ掛けバスルーム詰め替えパウチディスペンサー収納ホルダー L 【3本セット】 tower タワー ホワイト 10151×3","11160","41","","6","¥ 5,610","¥ 5,610","2","B0FHKRY7DV","B0FQ1RLHTD","31.8","23.1","12.1","1150"
"【節電対策】[山善] サーキュレーター DCモーター 全閉式モーター 省エネ 帯電防止 上下左右自動首振り 風量7段階 リズム風 入切Wタイマー ワイヤレスリモコン付き ホワイト YAR-RD20T(W)","10073","78","50","18","¥ 9,990","¥ 9,990","1","B0FGX25V3X","B0GZTFRT8J","33.5","24.1","24.1","2450"
"【Amazon.co.jp限定】アイリスオーヤマ 2wayタイプ 可変式 MiCOLA 背中 ビューティーケアガン＋ BCG-AZ02-W オフホワイト","11492","42","","152","¥ 7,990","¥ 7,990","1","B0F842XCXR","B0FH9WRP8C","18.7","18.4","6.2","610"
"パール金属 鍋 両手鍋 大型鍋 36cm アルミ ガス火専用 煮物 おでん クックオール HB-6615","9394","46","","194","¥ 5,180","¥ 5,178","9","B0BCF7XJ63","B0GNRFQSTS","51.2","40.3","20.7","1090"
"Lefant M310 Ultra ロボット掃除機 水拭き 両用 6000Pa強力吸引 200分間連続稼働 お掃除ロボット 薄型 ブラシレス吸引口","10082","73","200","2016","¥ 19,999","","1","B0F1CV9M1J","B0GS962WQ8","39.6","33.9","13.6","3340"
"今治 タオル ループ付き キッチンクロス 食器拭き 台拭き キッチンタオル ふきん ガーゼ パイル 綿 かわいい ボーダー 食器用 日本製 (ブルー&グレー, フェイスタオル 10枚)","10514","17","","","¥ 5,898","","1","B0D6Y7M7SN","B0D149VHN1","24.2","19.5","19.4","820"
"鳥部製作所 キッチンスパッター KS-203","10085","107","300","1130","¥ 5,980","","16","B001GU01BG","","24","9.3","1.5","150"
"不二貿易 スタンドミラー キャスター付き 全身 姿見 鏡 幅37×奥行36×高さ159cm シルバー 角度調整 飛散防止 15547","10095","92","50","5959","¥ 10,424","¥ 10,424","2","B0018H56RQ","B0GYNXYQ78","146","38","8","8001"
"廊下敷き マルチロールカーペット 吸着マット 足腰負担軽減 洗える 600*68cm 厚み4mm ずれない キッチンマット 床保護 キズ防止 滑り止め タイルカーペット 床暖房対応 騒音対策 グレー","10096","45","","1691","¥ 5,999","","1","B086XB22QB","B08Q3F74G4","71.6","21.7","19.5","3390"
"HiKOKI(ハイコーキ) 36V カプセル式 コードレス掃除機 R36DB フォレストグリーン バッテリー・充電器別売り ハンディ スティック クリーナー 紙パック不要 軽量ハイパワー 強力吸引 R36DB(NNG)","10108","82","50","157","¥ 16,192","¥ 16,192","15","B0BNGVQ5ND","B0DGFZ4KQH","49.2","18.6","12.9","1470"
"【親子で使いやすい】SUNLY 自動ソープディスペンサー 泡タイプ・液体洗剤対応 2段階吐出 センサー距離調整 ガイドライト付き IPX5防水 300ml USB-C充電式 ステンレス製 キッチン・洗面所·トイレ·浴室に最適 Clearis-F (マットブラック)","12782","37","","107","¥ 7,680","","1","B0GKS3BP9X","B0GVJTZJZQ","22.8","12.5","9.4","560"
"TOTO 浄水器兼用混合栓用カートリッジ （標準タイプ） 3ヶ入り (約1年分) TH-658-1S","10120","110","200","1983","¥ 10,455","¥ 10,455","14","B000A4RPLS","","13.3","11.8","3.9","170"
"パール金属(PEARL METAL) キャプテンスタッグ 日本製 コーヒーミル セラミック刃 ハンディータイプ Sサイズ 18-8 ステンレス製 ヴィンテージグリーン UW-3546","8088","66","","35","¥ 5,148","¥ 5,285","17","B0963FM242","B0CKVFD55V","17.3","5.9","5.4","260"
"ナカトミ(NAKATOMI) コンプレッサー式除湿機 【木造約20畳/プレハブ約31畳/鉄筋約40畳】 ホワイト","10128","74","100","350","¥ 37,750","¥ 37,750","10","B00I5CMFGW","B0GN5SFFQ9","65.5","43","36.5","19700"
"【曇らない浴室鏡】Rebebe浴室鏡 鏡 風呂鏡 楕円形 マグネット ミラー 割れないPC製鏡 地震対策 ミラー 浴室 お風呂鏡(50ｘ33cm)","10136","20","","31","¥ 6,998","","1","B0GX5T8XS1","B0H99FB4T3","52","33","2.7","1200"
"パール金属 水切りバスケット レギュラー 2段式 モデリエ ホワイト HC-508","10137","50","","16","¥ 5,280","¥ 5,390","11","B0DF2MNL63","B0DGK4LZNK","41.9","29.8","18.4","2990"
"DAIWIN キッチンラック スリム 4段 キッチンワゴン キャスター付 スライド棚 幅30×奥行40～63×高100cm 高4段階調節 天板付き","10142","89","50","68","¥ 6,448","","1","B0GDF3365M","B0GG93SQ22","56.5","41.7","9.3","6430"
"スマートバスマット (Smart Bath Mat) 体組成計モデル 2026【 体重・BMI自動記録、Wi-Fi対応、人気 】issin (ポケモン -ポケモンステッカーデザイン)","10142","27","","2","¥ 19,800","","1","B0H4W3Q31Y","B0HCNB29BX","61","44","5.5","4800"
"パナソニック オーブンレンジ スチーム ビストロ 30L 2段 スイングサーチ赤外線センサー ブラック NE-BS8D-K","10146","110","50","13","¥ 73,000","¥ 77,000","26","B0F5W1QP1B","B0FQTXR6P2","58","55","54","10000"
"HARIO(ハリオ) テクニカ 3杯用 コーヒーサイフォン 日本製 プレゼント ギフト 贈り物 TCAR-3","12721","39","100","191","¥ 7,009","¥ 7,009","18","B0BW363LY1","B0CKHJ678V","36.7","14.9","14.4","1230"
"[ miipas ] ポトス テーブルヤシ モンステラ （ マドカズラ ） 観葉植物 本物 ハイドロカルチャー ゴールデンポトス ミニサイズ 植物 小型 monstera ミィパス","12991","34","","7","¥ 5,929","","1","B0DCNT1B4K","B0CS3B959S","37.8","22.2","12.6","900"
"【ブランド公式ギフト包装 正規輸入品】 イッタラ カステヘルミ ユニバーサルグラス 260ml ペアセット (2個入り) ペアグラス クリア 北欧 クリスマスプレゼント 結婚式 引き出物 ギフト 引越し祝い aW1051133","15977","39","50","123","¥ 7,425","¥ 7,425","1","B0DGFMF9MS","B0H3KVZSCF","19.5","15.5","9.6","690"
"Novilla マットレス ダブル 高反発 厚さ3cm 硬め 高密度ウレタン ベッドマット高通気性滑り止め 洗えるカバーブラック140x195x3cm","10888","32","","2","¥ 6,659","¥ 6,659","1","B0GNDK772H","B0GPQ7JXSC","55","23","23","4710"
"アイリスオーヤマ 真空パック機 フードシーラー 真空保存 VPF-M60 チャコールグレー","10157","91","300","263","¥ 7,900","¥ 8,655","15","B0CBLM1FNS","B0D477JMQR","41.9","19.4","11.9","1760"
"ecozy 目覚まし時計 光 ホワイトノイズマシン 自動時刻同期 26種癒し音 17種ライト 虹色RGBライト 20段階調光 ベージュ","10163","33","50","684","¥ 5,999","","1","B0H1M1C49B","B0H1LZQ4CD","19.2","18","10.3","570"
"食パン袋 半斤用 ヘイコー PP食パン袋 1ケース 2000枚入 食パン パン袋 透明 HEIKO 125×185×310mm 0.025mm厚【ケース販売】","10171","61","","45","¥ 5,980","","1","B09W8V9YRM","B09W8LZ1ZG","33.5","27.4","11.8","5380"
"ＨＡＲＵＭＩＮ ラグ 北欧 カーペット おしゃれ ラグマット 【上品な光沢感】 ペルシャ風 190×240（約3畳） ベージュ","10172","42","","101","¥ 5,089","","1","B0F4CDBF4K","B0H6LYYPXJ","44.8","28.4","24.4","3060"
"窓用フィルム 目隠しシート 120×400CM×4枚 断熱 UVカット 接着剤必要なし 遮光 水で貼る 貼り直し可能 すりガラス調 Shackcom","10990","23","","557","¥ 10,680","","1","B0GSTSD81T","B09LH6Y6KN","120","11.3","8","5470"
"スポットクーラー 家庭用,【梅雨は除湿用・猛暑対応モデル・工事不要】 2.64kW 8-10畳 ポータブルクーラー 3in1 冷房・除湿・送風 エアコン 除湿量26～30L/日 ーラー 急速冷却 省エネAクスポット クーラー衣類乾燥除湿機, 熱中症対策 すぽつとクーラー 家庭用 デジタル表示 24時間 タイマー, 付窓用キットリモコン 360°回転 移動式エアコン","10181","31","","20","¥ 18,499","","1","B0HBQG8734","B0HG1Y85QW","88","37","34","22820"
"MAG(マグ) 大型 掛け時計 壁掛け時計 置き掛け兼用 スタンド 電波時計 デジタル 温度計 湿度計 温湿度計 カレンダー オフィス 業務用 チャイム4回 縦22.6×横55.1㎝ ホワイト グランタイム W-780 WH-Z ノア精密","10183","40","","458","¥ 16,200","¥ 16,576","19","B0B1QNTF29","B0F8QR8P2F","59.8","27.4","6.5","1850"
"タイガー魔法瓶(TIGER) 真空断熱炭酸ボトル 480ml イーグレットホワイト MKB-T048 WK","10187","112","","1185","¥ 5,183","","15","B0CCR8LJ5Y","B0FQTWZNV8","25.1","7.4","7.2","270"
"リーテンスタッド スリムミニ 食器棚 幅32 奥行29 高さ150 ハイタイプ ひとり暮らし スリムス ホワイトオーク 00-100137","10190","45","50","142","¥ 8,455","","1","B0CW65T3S1","B0GXK78DSW","90","35","18","20400"
"【2025新款人感センサーライト】[PSE取得済] 室内 足元灯 常夜灯 明るさ調節(10段階) 点灯時間4パターン 折り畳み式のプラグ 室内 老人夜トイレ对策 コンセント 足元ライト 省エネ 廊下 寝室 玄関(4セット・オレンジ) 【日本語取説】","10190","47","","199","¥ 5,199","","1","B0H1FNDDDN","B0F1K6WB6V","15.1","13","2.9","220"
"東洋佐々木ガラス スパッシュ フリーグラス リーフグリーン 210ml 60個入 HSハードストロング HSブルー 口部物理強化グラス 高い耐久性 安全重視設計 食洗器対応 日本製 業務用 P-52103HS-GG-JAN","14891","20","","10","¥ 31,982","¥ 31,982","1","B093B443PL","B0DK2V4RSC","43.3","32.5","27.5","12430"
"Starpark ハンディファン 冷却プレート付き 携帯扇風機【2026新登场・2倍冷却面積・-25℃瞬時にひんやり】","12320","3","","247","¥ 6,999","","1","B0HD6S4FDP","B0HG96SV26","11","8","2","100"
"Sidagar 710ml 水筒 保温保冷タンブラー ステンレス製 再利用可能 漏れない ウォーターボトル ストラップ付き 旅行用 ポータブルコーヒーカップ Ombre Pink Black","8778","45","50","72","¥ 5,580","","1","B0FJ7Z2MG5","B0FQMLHMVY","27.9","10.7","10.2","700"
"パール金属 大型鍋 36cm 鍋蓋付 ガス火専用 NEWだんらん HB-1798","10212","41","","399","¥ 5,580","¥ 5,826","6","B017X0ZLM6","B0GPPS1BW5","48","40","18","2070"
"ぼん家具 本棚 キャスター付き 隙間収納 木製 取っ手付き 収納カート 押し入れ収納 ワゴン 棚 〔幅20cm〕 ホワイト","10213","48","50","865","¥ 6,280","","1","B00UYSS8DO","B0CMQT1RXX","79","22.2","13.2","12500"
"fuwawa ラグ カーペット 洗える ラグマット 4.5畳 200×300cm 絨毯 滑り止め付 ホットカーペット対応 無地 ブラック","6468","47","","304","¥ 5,880","¥ 5,880","1","B0DD35TMBW","B0D86KG5YC","46.3","33.9","22.3","2760"
"Softime 掛け布団 人工羽毛布団 セミダブル 冬 【宇宙素材エアロゲル×帝人FWALINE】 暖かい 抗菌防臭 170x210 スノーホワイト","12694","5","","538","¥ 10,350","","1","B0D9JF4425","B0HCC13L13","41.6","28.3","28","2640"
"山崎実業(Yamazaki) 【完成品】 キャスター付き スリム トイレラック ホワイト W16×D16×H80.5cm(キャスター含む) タワー tower その場で回転 可動式棚板付き トイレ収納 1489","10229","78","100","87","¥ 7,920","¥ 7,920","11","B0DVGR9J4M","B0FDLSL5DV","85","21","20","4570"
"ダイニングチェア Probasto 回転チェア 座面 クッション付き 360度回転 パソコンチェア デスクチェア 会議用椅子 事務用椅子 おしゃれ 北欧 イス ブラック【2脚セット】","10641","17","","87","¥ 14,231","","1","B0FVRCH8SQ","B0HGQBLSCK","60","50","50","4000"
"香典返し カタログギフト のし付き 志 挨拶状付き ギフト 人気 ランキング PREMIUM CHOICE (総合版/W-Eコース)","11591","34","","281","¥ 6,000","","1","B089RZ9CC3","B0DMVD6H78","27.2","19.7","3.2","620"
"ソファー 2人掛け 幅120cm 座り心地 40D高反発 肉厚クッション 3D人間工学設計 フレームレス構造 座椅子 ソファ(ブラック, 2人用)","10239","13","","57","¥ 26,998","","1","B0H74RBTPS","B0HCZ4VXLZ","124","26","26","15400"
"マキタ コードレス掃除機CL106 カプセル式 10.8V(バッテリ・充電器付 CL106FDSHW","10242","56","100","1124","¥ 13,592","¥ 13,592","21","B01LZUQMMU","B08DY431FV","52.1","18.9","14.5","2390"
"貝印 KAI 刺身包丁 関孫六 銀寿 本鋼 210mm 日本製 AK5207","14394","31","","148","¥ 5,200","¥ 5,338","29","B00YLZHL8Y","B01IEHR6UW","44.7","7.3","2.5","208"
"SOLLENT 業務用電動かき氷器 かき氷機 250W 110Vアイスクラッシャー 氷砕機 電動ふわふわとろ雪かき氷機 ふわふわ氷 スムージー作り (2L（アルミ合金プロペラ）)","10278","3","","","¥ 34,699","","1","B0F5MBN4JM","B0F5MDLTQS","63","43.5","35","16000"
"HAODEMI タイルカーペット ジョイントマット 30*30cm&60枚入 薄さ5mm 吸着 床保護マット 大判 足音 設置簡単 自由にカット可能","12326","37","","75","¥ 10,980","","1","B0DSLFGVQX","B0DX1XYXLY","30","30","25","3400"
"RING BELL リンベル お酒の贈り物 カタログギフト 醸コース","10270","39","50","4","¥ 9,900","","1","B0FGD2DM6M","B0FGCZFR1W","23.4","22.2","3.1","210"
"Dowinx 猫耳ゲーミングチェア 高反発クッション ねこ刺繍 140°リクライニング オットマン 連動アームレスト PUレザー 水色&ホワイト","10270","65","","1016","¥ 16,790","","1","B0C4KY1L1D","B0GX5MQ35Z","76","59","28","21000"
"オーエスジェイ(OSJ) 円形 ダイニング 3点セット ダイニングテーブル ダイニングセット 食卓 チェア2脚 幅70 コンパクトサイズ 2人掛け おしゃれ 新生活","10754","37","","1183","¥ 7,979","¥ 7,979","2","B07YQ738NL","B0G52V8122","84.8","54.7","13.2","15620"
"グリーンパン 玉子焼き器 エッグパン 14x18cm IH対応 セラミックコーティング ヴェニスプロ","10271","42","","296","¥ 8,163","¥ 8,163","4","B01N6ZZDX0","B0BN2R4G85","39.2","16.6","8.2","800"
"タケヤ公式 オリジナル6点セット 保存容器 角型 300ml 800ml 1100ml 各2個 スプーン付き FRESHLOK 高気密性 密閉 密封 冷蔵庫 プロテイン スパイス 調味料 小麦粉 片栗粉 パン粉 ナッツ お菓子 キャニスター TAKEYA フレッシュロック アソートセットA チャコールブラウン","9922","18","","15","¥ 5,192","","1","B09JKD4H14","B0CNTBQFT5","28","23.2","17.9","830"
"【人間工学チエア】折り畳みパイプ椅子 背もたれ付き 4個セット 会議椅子 耐荷重150kg ： 完成品·組立不要 軽量 簡易収納 カーキ スチール製 高級オシャレ安い 折りたたみ会議用チェア おしゃれ シンプル ダイニングチェア リビング・学校行事・イベント用 幅45×奥行46×高さ78cm (カーキ, 4脚)","8451","20","","59","¥ 10,900","","1","B0FM42QXPQ","B0FM42TQPV","98.5","47","23","15400"
"ADBIU シンク上水切りラック (高さと長さに拡張可能) スナップオンデザイン 2段大型ディッシュラック","10278","104","","1662","¥ 8,572","","3","B0D69KNVJN","B09JHRGT8R","29.6","29.3","12.2","2520"
"枕 まくら 首が痛くならない KIYORA 低反発 枕 高反発 ブレインスリープピロー 丸洗いOK 耐圧分散 TPE素材 蒸れない 高さ調節可能 カバー付 父の日 海の日 山の日 お盆 お祝い お誕生日 プレゼント ブラック","10280","63","300","149","¥ 6,999","","1","B0F8GVLHWR","","54","35.5","10","3600"
"recolte レコルト ハンディブレンダー ハンドブレンダー ベーシック ミキサー コンパクト レシピ付 離乳食 スムージー クリームホワイト RHB-3B(CW)","10282","94","100","9","¥ 5,280","","3","B0GQ3NBGX4","B0GQ3WBWWK","22.3","20.3","12.2","950"
"【2026新開発＆AI×8電極】体重計 体組成計 カラダスキャン スマホ連動 データ自動転送 全身測定 体脂肪率/BMI/筋肉量/基礎代謝率/水分量/体脂肪量/骨量/内臓脂肪/タンパク質/骨格筋量/皮下脂肪 など23項目測定可能 自動ON/OFF ヘルスメーター Bluetooth 高精度 強化ガラス iOS/Android対応 日本語対応APP＆日本語説明書付き","10283","38","200","19","¥ 9,481","","1","B0H5C15SSQ","B0H5C6LS1C","35","32.5","5.7","1880"
"ベッドアンドマットレス 折りたたみ 三つ折り ポケットコイル 薄型 シングルショート 幅97×長さ180×厚11cm ホワイト ZH133P3U2","11384","12","","","¥ 13,999","","1","B0H397QP8L","B0CS5TXRP2","102","29","29","18000"
"EIING エアコン用ファン エアコンプロペラ 天井取付ファン 風分散天井扇風機 循環送風 セントラルエア コン風除け 風よけカバー 風向き調整板 風避け 業務用 空調効率アップ ターオフィス、工場、レストラン用 結露対策 直撃風対策","10294","63","100","6","¥ 5,998","","1","B0H29XX711","","32","15.2","9.7","770"
"STORLYA 伸縮収納棚 押入れ収納ラック フリーラック 幅調節・高さ調節両対応 シンク下収納 キッチン 洗面所 バスルーム リビング クローゼット ドリル不要 積み重ね可 高耐荷重 ベージュ 幅47-68cm*奥行き24cm高さ25-35cm 2個セット","22886","9","","10","¥ 5,460","","1","B0H39GN8HF","B0H39DSKBM","76.5","25","3.7","1210"
"テイジン 敷パッド リバーシブル 接触冷感 夏 洗える ベッドパッド ひんやり 洗濯ネット付き COOLME 140×205cm ダブル バイカラー","13442","9","","27","¥ 5,099","","1","B0H9RM8N6J","B0H9YMD266","64","44","34","7700"
"QUADS(クワッズ) ワンタッチ分解 DCサーキュレーター EASY FIT AIR 木目 イージーフィットエアー ヘッド簡単分解 丸洗い 風量100段階 上下左右首振り 静音 節電 省エネ 空気循環 換気 (ブラックウッド)","10315","47","50","30","¥ 9,480","","1","B0GL89LXQ9","B0H6558L8H","38","32.5","25.2","2710"
"スタンドミラー 強化ガラス 幅100cm×高さ180cm 自立ミラー ガラスミラー 姿見タイプ 全身鏡 大型 壁掛け 立掛け トレーニング ダンス スポーツジム エクスサイズ フォームチェック (シルバー)","12554","27","","2","¥ 18,999","","1","B0FLXWJNKJ","B0CYZPG53G","186","105","4","18700"
"掃除機 コードレス 7月待望のデビュー！コスパ最強 業界初独立モーター自走式50000Kpa強力吸引充電＆収納スタンドAIゴミ検知70分連続稼働自立式","10322","80","400","40","¥ 13,996","","4","B0H38YBLK6","","44.6","34.2","21.9","4400"
"DAIWIN キッチンワゴン キャスター付き 4段 組立不要 幅約28cm スリム 野菜ストッカー キッチン収納 回転 バスケットラック ブラック","10635","62","","1","¥ 6,276","","1","B0FRY6MLBG","B0GGHKW482","71.7","35.5","32.2","4490"
"QIUYMI 折り畳みラック 棚 5段 幅71×奥行34×高さ155cm 折りたたみ 360°キャスター付き 収納ラック オープンラック","10327","40","","72","¥ 8,491","","1","B0G5XXZZPJ","B0G5XLCCYL","155","30","8","8000"
"テイジン ごろ寝マット 65×180cm 収納ケース付き 軽量 コンパクト体圧分散 車中泊 キャンプ 高耐久 折りたたみ へたりにくい 蒸れにくい 通年 災害グッズ ポリエステル (ネイビー（リニューアル品）)","10328","40","50","299","¥ 5,949","","1","B0FV8VLN75","B0CNCD5SCW","66","30","19","1400"
"体重計 AI×体組成計プレミアム-ジムレベルの44項目全身スキャン【プロスポーツチームにも導入】 スマホ連動 体組成計 8電極×INFIELD【アップグレード版】ブラック","10333","116","300","487","¥ 8,483","","1","B0D1NQ8PJC","B0D4M5QYMP","39.7","38.5","6.6","2660"
"MoonMeguri 衣類収納 ハンガーラック 棚付き 幅70×奥行42×高さ160cm 4色展開 ハンガー手前配置 全体耐荷重80kg 引き出し(2個)・S字フック(5個)・アジャスター・キャスター付き 転倒防止 傷汚れに強い 組立かんたん スリム 洋服収納 掃除ロボット対応 服 ラック ファミリー 一人暮らし 寝室 リビング (ブラック, 幅70cm)","10463","39","","21","¥ 6,790","","1","B0GMHG3TYZ","B0GMHCP1VJ","83","43","13","13000"
"【公式ストア限定】シックスパッド パワーガンポケット/SIXPAD Power Gun Pocket （レッド） ＋公式ショッパー","10334","72","","345","¥ 13,750","","1","B0BNMN8MKH","B0CPPK68V7","31.3","24.1","10","540"
"【WEB限定】 三菱電機 炊飯器 IH 5.5合 備長炭炭炊釜 NJ-VS10GA-B 粒立つもちあま 低温調理 お手入れ2点 MITSUBISHI 黒曜","10339","73","50","2","¥ 33,800","¥ 33,800","2","B0GTKX7ZKQ","B0GTY186GF","33.6","27.8","26.9","5440"
"HOGXIA ホグシア マッサージクッション 【 医療機器認証 】 腰 背中 マッサージ器 腰痛 寝ながら マッサージ機 HGX-129M ブラック","10340","44","200","32","¥ 8,980","","1","B0FFRBFHXX","","40.1","24.2","12.5","1820"
"「NexPon」 エアコン 洗浄 カバー 掃除 シート エアコンダストカバ 壁掛け用 排水 エアコンクリーナーセントラルエアコン 掃除用品 PVC 再利用可能 防水保護 エアコン用 掃除道具 家庭用/業務用 クリーニング","10853","0","","","¥ 10,499","","1","B0GYNY9MKF","","70","20","15","2200"
"タニタ 体重計 体組成計【50g単位で測定可能/細かい変化も直ぐに分かる/スマホ必要無し】体脂肪率/内臓脂肪レベル/筋肉量/基礎代謝量/体内年齢/推定骨量/BMI/立掛け収納OK/乗るピタ ヘルスメーター BC-315 ホワイト","10342","131","100","898","¥ 6,194","¥ 6,380","9","B01MTTRVF7","B0FQBRD441","35.9","26.5","4.4","1790"
"JisuLife ハンディファン Ultra 2【超大風量 / 1台5役 多機能 / 25時間駆動 / 100段階調整 / 携帯扇風機/手持ち扇風機/USB-C急速充電/LEDライト/ダスター/ブロワー/ジスライフ】ダークグレー","10352","19","100","8","¥ 9,980","","1","B0GYPHVMNR","B0H86J5PZG","19.3","18.6","7.4","740"
"Pispoer ダクトレール用ライト、E26口金、電球なし、ライティングレール 照明、配線ダクトレール用器具、照射角度調節可能、黒い、12個セット。","8721","36","","631","¥ 6,199","","1","B0CR67WQTQ","B0DSCV34F1","30.6","17.7","11.7","2000"
"Softime カーペット ラグ ラグマット シャギーラグ 200×250cm（約3畳） 絨毯 地毯 リビングマット 長方形 ホワイト","9513","31","","238","¥ 5,264","","1","B0DPF3WC9Z","B0GFSZ1PHK","42.7","22.7","21.3","2980"
"R1 P1801 P1802 True HEPA Replacement Filters Compatible with YIOU R1 and Elechomes P1801/ P1802 Air Purifier, 3 Stage Filtration System, H13 True HEPA Filters, 2 Pack","10358","39","","285","¥ 6,659","","1","B09N8SY7KW","B0C5C76KBP","24.3","21.6","6","430"
"壁掛け時計 電波時計 センサーライト付き 30cm 35cm アナログ 木製 ウォールクロック 暖色ライト 音感センサー 自動時刻修正 静音 連続秒針 北欧 おしゃれ 天然木調 くるみ風 インテリア ナチュラル リビング 寝室 (全数字タイプ, 直径35cm・電波時計（自動時刻修正）)","10363","11","","16","¥ 5,499","","1","B0H4QH3K3B","B0H6Q6VZ9P","35.9","35","5.6","750"
"しのびや 模造刀 陸奥守吉行 大刀 坂本龍馬拵え (刀・鞘・刀拭クロス・模造刀証明書セット)","26561","23","","9","¥ 18,800","","1","B09B6YQC36","B09B6XG6GV","109","10","8","1600"
"BeaNet デスクライト LED 幅98cm 「無線リモコン・3光源Max版・環境補助光・独立制御・2000Lx」 クランプ 電気スタンド 多角度調節 4段階調光調色 「24W・PSE認証済」 幅広 スタンドライト 目に優しい 卓上ライト 読書/勉強/仕事 ブラック BNT-DEL08（T型 ・Max版）","10372","66","100","219","¥ 5,692","","2","B0D5XD94ZZ","B0DSGFH7QR","43.9","23.7","7.2","1460"
"サヤンサヤン ベニ 洗える モロッカン ベニワレン 調 ラグ 幾何学 マット ジャガード織 130x190 1.5畳 グレー","10373","16","","3","¥ 5,006","","1","B0G63WTQYS","B0G63G6CS6","40","36","11","2100"
"象印マホービン ホットプレート ブラック EA-DE10-BA","10377","73","300","392","¥ 11,480","","13","B08D3WLSZ4","","66.8","46.1","16.7","5920"
"フレキシブルダクト 5m 10m 直径200mm-600mm ダクトホース PVC排気ホース 排気ダクト 伸縮式換気パイプ 超長型 送排風機用換気装置 軽量 丈夫 防水性 高温耐性 耐摩耗性 耐久性 伸縮自在 換気パイプ ダクト延長に使用 折り畳み可能な収納式 コンパクト携帯便利 キッチン 農場 倉庫 店舗 家庭用 (直径600mm,長さ10m)","10387","2","","","¥ 29,960","","1","B0HC47S97D","B0HC3ZRK5Q","65","65","65","5000"
"ZHOUMIN センサーライト 室内 充電式 【夜は家で活動するのが便利で、たんすを開けて物を探しても、水を飲んだり授乳したりしても】2色（電球色+昼光色）無段階調光 人感センサーライト 懐中電灯 間接照明 足元灯 常夜灯 浴室/寝室/階段/押入れ (160個セット-日本語説明書付き)","10389","39","","628","¥ 96,000","","1","B0GG6FWG51","B0D2W824CC","42.5","40","31.5","13000"
"コイズミ 食器乾燥機 樹脂カゴ 銀イオン加工 低騒音設計 タイマー機能 日本製 ホワイト KDE-5001/W","10393","43","100","57","¥ 6,818","","15","B0CRYTK1FH","","50.9","44.4","38.3","4500"
"ダクトレール用 スポットライト E26口金 ダクトレール ライト 照明器具 消費電力6W（60W相当） 調光 調色 リモコン付き 2.4GHz無線式遠隔操作 天井照明 角度調節可能 昼光色 昼白色 電球色, 天井 リビング 廊下 寝室 商業照明 常夜灯 4個セット（電池別売）","12201","26","","8","¥ 8,399","","1","B0CX594H86","B0GXXST9Q3","26.5","17.3","16.4","1170"
"【公式shop限定】 カマノ 土鍋炊飯器 4合 ブラック SY-153-4-BK SOUYI ノンテフロン 土鍋ご飯 炊込 おかゆ 煮物スープ 白米 玄米 雑穀米対応 予約 （蓋 スタンドセット）","10398","41","100","69","¥ 26,820","","2","B0GMMM42PR","B0GMPGCTHR","39.1","33.6","30.4","6360"
"7BEAUTY プレミアムバスタオル #S202 (綿100％) (1300匁) (406g) 70cm×130cm ローズ (3枚入り)","11731","10","","4","¥ 5,329","","1","B01N4R7PRB","B0DKXF4LKW","36","33","12.7","1240"
"Pasima パシーマ キルトケット ブルー シングル 145×240","10400","60","","63","¥ 9,350","","6","B0DBHL53TH","B0DBHK1ZBS","42.9","32","8","1030"
"EKO アロマソープディスペンサー 自動 泡タイプ ホワイト 吐出量3段階 洗剤詰り防止 内部洗浄機能付き USB充電 EK6088F-WH","10401","52","50","94","¥ 6,500","¥ 6,500","9","B08FBS4171","B08FCJLYST","22.1","15.5","12.6","640"
"ハンガー 木製 12本 セット 【大切な洋服を長期間保存するためのハンガー】 360度回転 落ちない 形崩れ防止 スーツハンガー メンズ ベージュ","15384","11","","24","¥ 5,980","","1","B0CRKMJ4LC","B0CRKGF8KF","41.5","37.7","19.7","2590"
"サンメニー 本格 大きな 仏膳 8.0寸 仏壇用 山中漆器 日本製 お霊供膳 お供え膳 セット 仏具 仏膳セット 仏膳器 仏膳台 現代 仏壇 仏具小物 朱 毎日のお供え お参りに 手元供養 ペット 供養 飯碗 汁椀 平椀 壺椀 高月 幅27.0×長さ24.0×高さ17.0cm [Sunmany]","10405","79","","1110","¥ 8,303","","1","B00ZS7ZH8U","B0C4X72W1N","26","25.4","10.4","960"
"TAILI 8個パック クリア特大引っ越しバッグ、可視ウィンドウ付きストレージバッグ","10406","45","","642","¥ 15,551","","1","B0CJ583FN1","B0CQ7H6G52","40.4","18.5","13.8","1919"
"TAMATOSHI ダブルスチールハンガー 滑り止めなし 自宅 店舗用 肩幅42cm ピンクゴールド 10本組 5年保証","14222","34","","100","¥ 7,480","","1","B0C33P4ZX6","B0H6CZ6MWJ","36","36","28.5","7400"
"simerlook 直立型冷凍庫オーガナイザー 冷凍庫ワイヤー収納バスケット チェスト 2個 スチール防錆 積み重ね可能 キッチンパントリーオーガナイザー 整理 収納ラックキャビネット クローゼット用 (58*22*20cm)","3270","1","","","¥ 5,299","","1","B0GHM5YKGJ","B0GHM1T2N2","26","9","3","65"
"SONGLET 160 230 リビング カーペット 洗濯可能 洗える ウォッシャブル 丸洗い OK ラグ カーペット 敷きマット 滑り止め 一人暮らし ペルシャ モダン プレゼント 水洗い 軽量 コンパクト 折り畳み たたむ 収納簡単 ブルー","19423","23","","105","¥ 5,200","","1","B0FM7T9J9X","B0D4TBBYNZ","44","42","20","5500"
"三好製作所 保冷剤一体型 ランチボックス GEL-COOま(じぇるくーま) JUBAKO 2段 GC-352","12076","49","","90","¥ 6,778","¥ 6,778","1","B007X92BIA","B0CG1GN5KW","18.2","18","12.4","1102"
"仏縁堂：5サイズ6色・LED照明付き・桜欄間・曇りガラス・ミニモダン仏壇【 新未来・桐材・軽い】 (紫檀色, 18号)シンプル・おしゃれ ・小型 ・コンパクト","10419","51","","902","¥ 19,800","","1","B00A3J7HY0","B0FR3XSSC4","49.8","42","27","5000"
"UEJEEN ソファ- 3人掛けソファ ローソファ フロアソファ ウレタンフォーム ファブリックソファ 北欧風【圧縮梱包・組立不要】リビングソファ","11454","15","","10","¥ 33,580","","1","B0H94YC5RR","B0H94R3QGW","62.5","46.2","26","15500"
"【Amazon.co.jp限定】リンナイ ガステーブル ガスコンロ 都市ガス用 幅約60cm 片面焼きグリル 右強火力 AZ67BKR/13A ブラック","10906","81","","462","¥ 24,480","¥ 24,480","1","B0F1FQRHZL","B0GQSC9S76","63.7","49.9","26.1","9230"
"ZWILLING ツヴィリング V-エッジ 包丁研ぎ器 シャープナー V-Edge 両刃対応 32605-000","10445","51","","2443","¥ 6,980","¥ 6,980","1","B07WZPNLB2","B0FBRDB3LZ","22.3","21.4","9.2","1340"
"タンスのゲン 現役ママが考えた キッズデスク チェア 2点セット 1人掛け 高さ調整 4段階 木製 49600907(90175)","10450","46","50","188","¥ 14,999","","1","B0C42GZHM2","B0CGTM7W7K","74","51","26","18200"
"SINNONAKA USB&2コンセント ベッドフレーム 2段宮棚付き パイプベッド 高耐荷重 収納付き スチールベッド カビ防止 アイアン 脚付き フレームのみ シングルベッド 頑丈 木製 （ウォールナット×ブラック）","10639","68","50","369","¥ 11,899","","1","B0CL9Y6KC4","B0CLCMYJCD","103","31.5","24","23800"
"ぼん家具 天板 単品 チェスト専用 スリム+ワイド用 耐荷重10kg 幅88×奥行39×高さ2.3cm 天板のみ ズレにくい オーク","10609","18","","6","¥ 5,180","","1","B0H2GG7N9R","B0H2CRGFTN","90","41","4","3600"
"テルモ 電子血圧計 アームイン 本体 ES-P2020ZZ 1個","10458","56","200","556","¥ 10,890","","30","B01LZQM0N0","","28.2","18.9","14.2","1230"
"SUKITEN シーリングファンライト【2026新型・極薄・節電】Φ50cm 5000lm 正逆回転 タイマー/メモリ機能 リモコン/APP対応","10462","62","100","30","¥ 7,680","","1","B0H11XQRYV","","51","51","18.5","2000"
"白井産業 フリーラック シェルフ 本棚 整理棚 同シリーズで組み合わせ自由自在 一人暮らしの部屋にぴったりサイズ ホワイト 白木目 ベーシックデザイン 幅58.1×奥行29.2×高さ179.7cm FUL-1860WH フルニコ","12167","71","","375","¥ 9,489","¥ 9,489","2","B0CCRJXGP8","B0CJF7NRL2","96","33","22","19600"
"ベッド下収納 ベッド下収納 キャスター付き 服収納ボックス 衣類収納 折り畳み 取り付け簡単 大容量 衣替え 布団 毛布 ベッド下物入れ 省スペース 押したり引いたりできる(4, ホワイト)","13582","33","","247","¥ 7,596","","1","B0D591LYWV","B0GYHHSQ98","42.5","30.1","15.9","6620"
"SONGMICS ゴミ箱 ダストボックス 2分別 2x40L ステンレス ペダル式 蓋付き 密閉 音無し","11336","66","","446","¥ 17,760","¥ 17,760","1","B0DXF71QK7","B0DPW644DJ","78","71","46","15000"
"【純正品】 ブルーエア 交換用 スマートフィルター Protect 7400シリーズ 空気清浄機 40畳 106156","10477","36","50","43","¥ 12,627","¥ 12,627","6","B08PNZXXKX","B08PPSKX53","34.2","24.4","9.6","1200"
"HAOCOO ラグ カーペット 洗える 130×190cm ホットカーペット対応 絨毯 ペルシャ風 ラグマット 1.5畳 ふわふわ おしゃれ ホットカーペット対応 滑り止め 防ダニ 防臭 軽量 防音マット 室内用 デスクマット ダイニングマット アンティーク 花柄","16532","33","","203","¥ 6,800","","1","B0CGTCZ8ZJ","B0CGT9KN43","43.9","35.5","16.8","2980"
"無印良品 スタッキングチェスト 幅37×奥行28×高さ37cm 引出し4個 オーク材突板 12381167","10479","60","50","50","¥ 6,997","¥ 6,997","1","B0BN1P3YT8","B0BNB77QWQ","44","42.8","35","8330"
"【特許取得済み構造】まくら 次世代TPEジェル枕 高さ調整可能 仰向け&横向き寝対応 低反発&高反発ハイブリッド 首すじフィット 丸洗い可能 無重力感 快眠枕 日本ギフト対応","10487","37","200","148","¥ 7,980","","2","B0H4ZMQ2PG","B0HGDWP9TP","33.2","27.5","18.9","1990"
"Sarlisi 家庭用 脱毛器 IPL光 自動照射モード 照射回数99.9万回 レベル9段階 VIO対応可 ヒゲ脱毛 男女兼用 ホワイト SAJM01WH","10500","66","200","82","¥ 8,546","","1","B0DD6V1LDJ","","24.8","24.8","7.8","960"
"システムK カーペット ラグ 200×300cm【子供に安心の抗菌・防臭・防ダニ仕様】肌に優しいフランネル ラグマット 低ホルムアルデヒド 滑り止め 防音 洗える 3層構造 床暖房 ホットカーペット対応 絨毯 4畳 ネイビー","10501","61","","12092","¥ 5,390","","3","B081DSW794","B0HFVZ4WYQ","47","27","24","2600"
"リーデル (RIEDEL) オヴァチュア マグナム 530ml 2客セット 6408/90","11874","85","","2191","¥ 5,000","¥ 5,000","10","B002YT8G4W","B0854Y3SMF","20.9","18.9","9.2","432"
"【工事不要】ナカトミ(NAKATOMI) スポットクーラー ポータブルエアコン エアコン 除湿機能 冷房7-10畳 ノンドレン ポータブルクーラー キャスター付き MAC-3026N ホワイト メーカー保証1年","10505","72","50","9","¥ 50,026","¥ 50,026","3","B0DWM9PGNQ","B0GYCPHB2X","86.7","47","40.6","32360"
"【まとめ買い10箱】カリタ ウェーブフィルター 185 | ウェーブドリッパー専用ロシ KWF-185 (50P) 2～4人用 10個セット計500枚","11168","48","","77","¥ 5,260","","1","B0DGGF3Y77","B0DH1SQB79","27.5","22.8","20.9","1070"
"every U. TAMOKAN 真空保存容器 米びつ 米保存容器 ペットフードストッカー ステンレス製 酸化防止 湿気防止 防虫 真空 保存容器 密閉 自動真空 米櫃 米 備蓄米 犬猫餌 袋ごと保存 長期保存 鮮度キープ タモカン","10510","57","50","101","¥ 14,799","","1","B0FBGKL859","B0GG9Q1FFG","32","32","28","2860"
"山崎実業(Yamazaki) ウォール折り畳み物干し竿ホルダー 【4個組】 石こうボード壁対応 タワー tower ブラック 1922×2","11694","27","","123","¥ 13,640","¥ 13,640","2","B0DZX4GRXK","B0F2MGVDNL","36.2","13.2","13.1","3410"
"Roqao 布団収納袋 羽毛布団用 引越し用 特大容量100L 防水防塵 折りたたみ式 透明窓 背負える 耐荷重 衣装ケース 洋服収納 8個セット","10517","37","","51","¥ 5,899","","1","B0G6K2DR5L","B0FC6B6WD7","38.8","22.1","13.5","2000"
"【直営】DR. VRANJES(ドットール・ヴラニエス) アリア ディフューザー 250ml ギフトバッグ付き","13176","41","50","35","¥ 10,780","","1","B0C5ZJ1DMQ","B0C5Z7S6JC","44.4","18.5","12.3","950"
"ニトリ(NITORI) 抗菌 防ダニ 消臭 ボリューム敷布団 ホワイト セミダブルサイズ 7544832","10523","51","","5","¥ 11,101","¥ 11,101","1","B0D7C3Q8CZ","B0GRV1CPCZ","120","71.5","27","6600"
"ビアレッティ エスプレッソメーカー 直火式 ヴィーナス 6カップ用 コーヒー マキネッタ 0007255","10526","91","50","29282","¥ 5,761","¥ 5,761","5","B07ZKZXM4B","B0C8C7G8GN","21.2","13","11.4","810"
"KOCH SYSTEME CS ステンレス フライパンセット 11点 IH·ガス火対応","13332","42","50","80","¥ 11,699","","1","B0GVM6Q1YC","B0H82QQ6CY","37.9","32.3","19.5","6590"
"CURVER(カーバー) Jute ジュート ふた付きバスケット グレー 58L","11289","27","","3","¥ 6,122","¥ 6,122","3","B09GJX28S3","B0CXRTVDBJ","63.4","45.8","35.6","2420"
"サンメニー 寝かせる 線香皿 本格 有田焼 お手入れ 簡単 日本製 インテリアに馴染む おしゃれ お 香 線香 焼香 インセンス 仏具 現代仏壇 お仏壇 清流 小 長崎 青磁 お供え お焼香 線香立て インセンスホルダー コンパクト 小さい 小物 幅5.0×長さ13.0×高さ3.0cm [Sunmany]","9539","43","","489","¥ 5,600","¥ 4,378","2","B09Z1YPJ9M","B0C4NXWCV3","13.9","6.4","4.4","220"
"miluFox折りたたみ両面使用 大判厚手ベビープレイマット 軽量滑り止め 防水防汚無臭安全 衝撃吸収防寒防湿クッションマット 可愛い市松模様 知育おもちゃ 赤ちゃんハイハイマット 幼児子供用 (タイプ 6,180CM*200CM*2CM)","13469","1","","","¥ 14,231","","1","B0HCNBV7Z2","B0HCNKBVF9","180","28","28","2950"
"ソーヤー マイクロスクィーズフィルター SP2129 携帯浄水器 ポータブル浄水器 【SAWYER 日本正規品】","10545","65","200","554","¥ 6,270","","1","B07PX1CBYX","","19.2","11.7","7.2","160"
"山崎実業(Yamazaki) ランドリーワイヤーバスケット L ホワイト 約W41×D30×H39cm タワー tower 洗濯カゴ ハンドル付き 3162","14767","39","","248","¥ 5,940","¥ 5,940","11","B01KXGROG8","B078HFZKS3","46.4","41.9","31.7","2200"
"エバークック フィット フライパン 28㎝ IH対応 ガス火対応 【500日保証】 PFOAフリー PFOSフリー 着脱式 ブラック evercook fit ドウシシャ","10555","44","","9","¥ 5,016","¥ 5,016","1","B0GSYH4QF5","B0GWWFL74J","33.1","29.3","6.1","710"
"【冷却機能付】パナソニック 脱毛器 光美容器 光エステ スムースエピ パワー＆クール ES-WG0B-H グレー","10557","143","200","87","¥ 112,789","¥ 120,000","28","B0DT2ZT8JV","B0GW795MNC","31.9","16.9","9.9","1450"
"Tegeniss マットレスシングル ポケットコイル 20cm マットレス やや硬め 10年保証 (97×195×20cm) 圧縮梱包 腰部サポート","10561","41","50","41","¥ 8,699","","1","B0FXG4CP4K","B0FXG6RKH3","104","28","28","23400"
"SILQA(シルクア) 生シルク ヘアケア枕 「摩擦・乾燥・静電気から髪を保護 スルっと滑らかな朝髪へ」 22匁プレミアムシルクの枕カバー付属（60×30cm）","12254","15","","26","¥ 7,980","","1","B0DN6HHTBW","B0DPXP9K3Y","61","32","13","1660"
"【1000Wハイパワー・布団2組・靴2組対応】布団乾燥機 ふとん乾燥機 ダニ退治 多機能自動温度調節 温風機能 マット不要 ふとんかんそうき あたため 軽量 湿気対策 除湿 衣類乾燥 靴乾燥機 梅雨対策 寒さ対策 静音設計 持ち運び/収納便利 PSE認証済み 誕生日","10566","106","100","652","¥ 6,380","","1","B0BL7RM1TS","B0D5J5ZWYM","30.9","28","16.9","2560"
"パナソニック オーブンレンジ 26L フラットテーブル スピードあたため 赤外線センサー ブラック NE-MS4D-W","10572","115","50","11","¥ 37,112","","25","B0FJLQXK57","B0G12GPFZ5","52.5","47","36","14210"
"Belca(ベルカ) 風呂ふた お手入れ簡単 フラット形状 組み合わせ 風呂ふた 幅68×長さ138cm 3枚組 ホワイト ABS樹脂製 軽量 防カビ UV加工 MS-KM14-3W","12210","44","","119","¥ 8,580","¥ 8,580","1","B0DRNMSFGF","B0DRP2KWZQ","68.7","47.4","4.9","3000"
"ヘンケルス 包丁セット HIスタイル エリート ブラック 三徳包丁 シェフナイフ ペティナイフ 3本セット 日本製 ステンレス ギフト 食洗機対応 岐阜県関市製 【日本正規販売品】 16817-003 Henckels","10573","80","","81","¥ 7,138","¥ 7,138","7","B01N02VV32","B0G2L3GNTJ","36.6","21.5","3.8","570"
"Klivex かき氷器 手動 ふわふわ 業務用 ブロックアイススライサー 砕氷機手動式ふわ雪 バラ氷対応 レシピ付きステンレストレイ付き かき氷機 手動 手回し式氷かき機","10580","4","","","¥ 36,199","","1","B0FLD9C77J","","55","37","27","18000"
"プラス スチールラック KR 軽量棚 天地4段 耐荷重150kg/段 幅887mm 奥行612mm 高さ2100mm ライトグレー 601667","12415","27","","178","¥ 18,920","¥ 18,920","1","B07D8Y98K8","B07GX23BKN","100","60","45","31000"
"公式【koala】 コアラマットレス保護カバー マットレスプロテクター セミダブル 高さ21-28cm 120日トライアル 抗菌 防ダニ","10588","56","50","104","¥ 10,800","","1","B09VXCN5V9","B0BPX1KWP5","30.3","23.8","14.6","1390"
"ニトリ(NITORI) 体圧分散 浮かぶような新感触の寝ごこち 高さ調整ができるTPE高通気まくら P2414 グレー 2115100015118","10594","35","100","4","¥ 5,991","¥ 5,991","1","B0GV2WVVCL","","35.7","20.5","20.4","2120"
"フリーリー ラグ 低反発ラグ 極厚25mm 円形 直径 200cm 抗菌・防ダニ加工 厚手 ラグマット カーペット オールシーズン 滑り止め付 マイクロファイバー サイズ (M無地・グレー)","13896","28","","1844","¥ 10,980","","1","B07QVC1PKY","B094NBVLHJ","63","50","31","4260"
"りぶはあと 抱き枕 プレミアムねむねむアニマルズ かむかむズ じんべえザメのじんべえさん BIGサイズ (全長約100cm) ふわふわ もちもち 78108-62","14158","37","","744","¥ 8,014","¥ 8,014","1","B08KJ112LS","B0FLPS5PL3","94.9","35.5","25.3","3140"
"サーキュライト シーリングファンライト ウイング 6畳 ドウシシャ 大風量 静音 DCモーター 7枚羽根 調光 調色 逆回転 ターボ リモコン 工事不要 ホワイト ドウシシャ ACC-G06CM","10613","51","50","27","¥ 19,620","¥ 19,620","1","B0GST6D2BX","B0GST6252D","60.2","35.7","31.5","5860"
"OSJ おもちゃ棚 絵本棚 3段 4段 ラックセット 大容量 組み合わせ可能 スリム ワイドタイプ グレー+ホワイト","10618","38","50","24","¥ 10,339","¥ 10,339","2","B0F32QLDWL","B0F8H66MQV","82","39","37.5","9600"
"ベッドアンドマットレス ボックスシーツ 綿100% ゴム留め マットレスカバー 2台用 幅280cm ダブル+ダブル モカ マチ幅40cm","10618","18","","299","¥ 6,681","","1","B08XX21TFY","B0747MGV7Y","47","32","11",""
"除湿機 衣類乾燥 除湿量12L/日「2025新型」コンプレッサー式 木造15畳・鉄筋30畳まで 2.5L 梅雨対策 三色LCD湿度表示","10621","72","100","61","¥ 10,449","","1","B0FB918WBJ","B0FHKLT84N","53.8","31.4","22.4","10590"
"山崎実業(Yamazaki) 壁付け リュックハンガー 縦型 ブラック 【2個セット】 タワー tower リュック バッグ 帽子 収納 フック 浮かせる収納 10580×2","11876","26","","8","¥ 5,500","¥ 5,500","2","B0GY2Z96NC","B0GYCTF3HK","64","14","6","1300"
"Rivquvi 低反発 椅子 クッション 加厚メモリーフォーム 人体工学 圧力分散 お尻が痛くならない 痔 坐骨神経痛 クッション 長時間座っても圧力軽減できる 低背支撑 車椅子用ゲル 座布団 いす用オフィスチェア用 中空構造ドーナツ 車座布団 ベッド用/フローリング用 通気性良好 柔らかくて 取り外し可能 洗濯可 コート(ブラック)","12432","63","50","64","¥ 5,698","","1","B0FSZ2F9SH","B0FSYZ2Q6Z","39.3","14.2","13.8","1110"
"【15分で10℃急速冷却！】BougeRV PC35 3500BTU ポータブルエアコン スポットエアコン 移動式エアコン AC100V 【工事不要】 静音 【IPX5防水】 コンパクト設計 除湿機能 APP遠隔操作可能 ダクト付 熱中症対策 キャンプ トラック 車中泊 家庭用 業務用 工場 ペット用 クーラー","10629","74","200","96","¥ 26,820","","1","B0GHQG7VQN","B0HC1RNG8N","61.7","45.2","36.2","17490"
"ヒツジのいらない尻枕 椅子 クッション 厚め 座布団 2層構造 ジェルクッション ファイバー チェアパッド 低反発 高反発 大きい 45x45x7cm ヒツジのいらない枕","10629","27","200","71","¥ 14,220","","2","B0FWBK6TWR","B0GPC1YS9J","48.4","47.5","8","2500"
"Blue Giraffe 足つぼ マット フットマッサージマット 175x35cm 健康維持 疲労回復 ストレス解消 足つぼ マッサージシート ウォーキングマット (5個)","13260","15","","631","¥ 7,700","","1","B0CJ2DF6W6","B0CJ293HBV","50","30","25","3850"
"【Amazon.co.jp限定】アイリスオーヤマ 掃除機 コードレス サイクロン式 軽量 0.98kg ハンディ 2way すき間ノズル SCD-22AZ1-H","10632","85","50","146","¥ 8,980","¥ 8,980","1","B0DCFNYYGH","B0G2L9W9V2","53.1","26.8","12.6","1720"
"アイリスオーヤマ コードレス 充電式サイクロンスティッククリーナー モップスタンド付き SCD-120P-W ホワイト","10633","125","","2896","¥ 21,000","","9","B08ZXLJFWP","","63.2","26.2","18.7","3380"
"【室温連動】アイリスオーヤマ サーキュレーター DCモーター 22畳 タイプC充電 上下左右首振り コードレス、コンパクト","10635","102","100","33","¥ 9,425","¥ 9,425","4","B0GZT1C2R9","B0H82CZ11W","35","29.2","28.8","2510"
"シンビ(Shimbi) クローク札№01 ホワイト 1~50 ユリア樹脂 日本 (50個セット) ZKL0903","12591","36","","44","¥ 5,300","","8","B002D15L6W","B09RYZ96W7","31.5","13","5.7","720"
"MORIPiLO お昼寝布団 保育園 布団セット 【 ホコリが出にくい素材 オールシーズン 使用可能 】 子供 ジュニア布団 お昼寝布団セット 掛け布団 敷き布団 | ジュニアサイズ 掛敷 ふとんセット","10644","40","","","¥ 8,528","¥ 8,528","2","B0GY3XKD2M","B0F4XMVKJQ","48.7","41.9","35.5","3970"
"dretec(ドリテック) 放射温度計 クッキング温度計 料理用 非接触温度計 触れずにはかれる 揚げ物 油 お菓子作り デジタル ホワイト","10649","38","","345","¥ 5,851","¥ 5,851","1","B0827S9KF5","B0FPQHH29S","18","13","4.5","160"
"ダイニングチェア イームズチェア PUレザー座面 クッション付き 天然木脚 イームズ椅子 チューリップチェア おしゃれ 北欧 イス PUブラック（2脚セット）","10641","24","","88","¥ 9,480","","1","B0CKSWL1Y9","B0HGQBLSCK","60","50","50","4000"
"ぼん家具 本棚 薄型 ラック 幅600 棚 木製 書棚 本箱 シェルフ 収納 コミック 大容量 おしゃれ オーク","10840","25","","617","¥ 10,900","","1","B08V8LMYNJ","B0CH8622S2","95.3","35.5","22.4","22000"
"グリーンライフ(GREEN LIFE) 物置 ベンチ サビにくい アルミ製 長物収納 軽い 雨水侵入防止 アジャスター付き 収納部耐荷重50kg 座面耐荷重100kg (幅84×奥行36.5×高さ32cm) 屋外 収納庫 大容量 収納 ベランダ 倉庫 ストッカー 屋外収納 踏み台 ステップ ガーデン アウトドア ガーデン 庭 おしゃれ ブラウン AFS-84N","10655","72","","501","¥ 16,556","¥ 16,556","9","B01N1IILUR","B0D1FKY2LT","87.5","38.3","12.5","6620"
"HOKUA(ホクア) マイスター 業務用 IH BCフライパン 24cm AHLS203 シルバー","10656","48","","178","¥ 8,850","","19","B001U05DT2","B0C2Q76SYD","50","26","13","940"
"Aiyufeng 遮光カーテン ピンチプリーツ カーテン 遮光 断熱 保温 遮像 昼夜目隠し UVカット 節電対策 洗濯可 手入れ簡単 寝室 リビング カフェ 玄関 子供部屋 調節可能フック付き ホワイト 幅150cm×丈230cm","16276","17","","61","¥ 4,749","","1","B0FP2HS56Z","B0FP2KK9MM","37","25","12.2","2700"
"オムロン 手首式血圧計 HEM-6230 シリーズ HEM-6231T2-JE","10662","99","200","670","¥ 9,000","¥ 9,819","19","B0BDDHBNJM","","11.5","9","5.5","230"
"ボディシェーバー メンズ 電動シェーバー VIO シェーバー 5in1 むだ毛処理 MAXGROOM IPX6防水 USB充電式 ボディ トリマー","10663","37","100","339","¥ 5,187","","1","B0H38R9B16","B0H414MRPR","22.3","16.8","8.2","660"
"萩原(Hagihara) ローテーブル センターテーブル テーブル 机 【木目調天板×スチール脚】 インダストリアル リビング ソファテーブル 幅90 ブラウン LT-4394BR","10664","43","50","494","¥ 5,527","¥ 5,527","16","B08ZNF7FVY","B0B732HBMB","94","47.5","8","8120"
"TAOCOCO 防水 カウチソファカバー フロアソファカバー コーナーソファカバー ソファーベッドカバー オットマンカバー コンパクト L字 肘付き 2人3人掛け 犬猫対策 毛髪不粘着 滑り止め 替えソファカバー 防塵 汚れ防止 傷防止 爪とぎ防止 おしゃれ ソファーカバー インテリア マルチカバー 四季適用 撥水加工 丸洗い可能 (カーキ色, 3+3人掛け)","16850","18","","49","¥ 7,299","","1","B0CX1TCFJ2","B0CFVHGBTW","39.5","31.8","16.8","1620"
"東洋佐々木ガラス グラス フィーノ タンブラー 415ml 6個入 HSハードストロング HSプラチナ 全面イオン強化グラス 高い耐久性 安全重視設計 傷がつきにくい 食洗器対応 日本製 業務用 B-21131CS","14128","30","","328","¥ 5,309","¥ 5,309","3","B0816MCM3M","B0DJBDXQQZ","25.5","17.1","12.1","890"
"VECELO 丸イス パイプ椅子 6脚セット 幅30X奥行30X高さ45cm スタッキング シンプル 軽量 携帯便利 積み重ね スツール 頑丈 通気 腰掛け 完成品 防水 食卓椅子 オフィススツール ダイニングチェア 黑 ブラック","11073","45","100","48","¥ 7,580","¥ 7,580","1","B0D2R64QQG","B0DCNQTB2B","58","40","40","8950"
"MUAMUA まな板 エラストマー ゴム まな板シート まないた 滑らない 食洗機対応 耐熱 両面使える 肉用 抗菌 カッティングボード キッチン","8147","25","","49","¥ 5,580","","1","B0FWXXWSR8","B0H46DDV56","34.5","24.6","9.4","2970"
"トランパラン バスタオル 今治タオル 日本製 2枚セット ふんわり 吸水 速乾 軽量 厚手 綿100％ 甘撚り ふわふわ ベージュ","10370","30","","251","¥ 5,440","","1","B0CK9TPNBN","B08Y8J282N","32.8","23.3","6.1","650"
"JAYFAN オフィスチェアマット 堅木張りの床用 カーペット用デスクチェアマット コンピューターゲーム用ローリングチェアマット デスク下 滑り止めフロアマット オフィスホーム用","11064","27","","648","¥ 8,771","","1","B0CT5MV94F","B09ZLS45H5","40.6","29.9","10.7","862"
"Nicehill チェスト タンス 収納チェスト 衣裝ケース リビング 収納 転倒防止 衣類収納 組立簡単 木製天板 布製 引き出し付き 大容量収納 3段7杯【幅79×奥行29×高さ85cm】(ライトウッドグレイン)","10686","53","50","217","¥ 6,999","","1","B0DPJ431PB","B0GLFZLGMR","90","32","18","12200"
"boohgle ボオグル フライパン・鍋 セット IH&ガス火対応 取っ手がとれる くっつきにくい セラミックコーティング 洗いやすい (ブラック, 17点セット)","16922","23","","305","¥ 25,200","","1","B0DJ8BNS3L","B0CXNFXFVR","26.9","26.3","25.7","6310"
"野田琺瑯 ホーロータンク 蓋 手付 33cm ブルー AKT16021","10690","49","","437","¥ 11,890","¥ 11,271","8","B001TV5ZX6","B08426HGB9","39.5","36.5","36","4481"
"パナソニック(Panasonic) 照明器具配線 ショップライン リーラーコンセント 1800 DH8550","10695","59","50","183","¥ 7,050","","7","B06Y135ZXR","B0C4LFJRVH","29.3","19.2","9.3","820"
"ロボット掃除機 薄型 おしゃれ 2800Pa 強力吸引 お掃除クリーナー 音量調節 静音 120分間 WiFi App対応 リモコン遠隔操作 Alexa対応 自動充電 落下防止 衝突センサー 自動掃除機（P20）ブラック","10697","32","50","12","¥ 11,980","","1","B0H36SWC59","B0H74XF81Y","43.9","33.9","11.9","3060"
"Lovikon ビーズクッション 特大 100*80cm 一人掛け 怠け者ソファ クッションソファ 柔らかい 軽量 取っ手付き 洗えるカバー付き 健康 無臭 安全 座布団 リラックス おしゃれ (ブラウン, L)","20846","5","","7","¥ 8,080","","1","B0HCXV37DW","B0H49WTF7K","60","50","50","1"
"KIPROSTAR 業務用ステンレスフライパン 30cm IH対応 底面3層構造 キプロスター 食洗器対応 コーティングなし IH/直火両対応","8075","45","","892","¥ 6,395","","1","B08JZ28DRF","B0GXYFP1RQ","54","33","8","2400"
"A3フォトフレーム、天然チーク材A3写真フレーム、強化ガラス、手作りの丸い角、壁または卓上ディスプレイ,297x420mm","11327","36","","5","¥ 5,144","","1","B0G8JHJZZZ","B0GTL27WNV","46.1","33.3","3.5","1410"
"【自動首振り&20000mAh】 扇風機 折りたたみ サーキュレーター コードレス 充電式 卓上扇風機 伸縮式 リモコン付き タイマー 液晶タッチパネル 風力8段階 小型 強力送風 ポータブル リビング 寝室 車中泊 キャンプ ブラック","10712","80","50","663","¥ 7,382","","1","B0CTWZCY18","B0BY2XTX4V","20.6","20.5","14.7","1690"
"TV「シューイチ」で紹介！MYTREX RESET NECK MT-RN-25B マイトレックス リセット ネック EMS 電動 (ブラック)","10717","83","200","42","¥ 26,730","","1","B0GK61ZR11","B0GK718NK8","56.6","30.9","19.9","2370"
"Prukoxu ドレッサー 化粧台 コンパクト ホワイト スライドミラー 大容量収納 スツール付き 鏡台 メイク台 省スペース おしゃれ 北欧風 姫系 一人暮らし 新生活 (ホワイト, 幅80cm)","10718","34","50","19","¥ 10,449","","1","B0H5XCRNV1","B0H7PR5GHG","87","50","16","24000"
"三角クッション 背もたれクッション 腰枕 睡眠サポート 高反発 ウェッジ枕 足上げ 読書用 お年寄り老人用 洗えるカバー (グレー, 25cm)","10718","30","","18","¥ 6,079","","1","B0GXDGT557","B0G4L74D67","44.1","26.3","23.7","2520"
"柳宗理 Sori Yanagi シンプルなデザインと高い実用性を兼ね備えた南部鉄器オイルパン 日本製 鉄蓋・ハンドル付 IH対応","14289","36","","5","¥ 12,023","¥ 12,023","3","B00078MHMY","B0FJMG3QWG","36.4","29.2","9.6","4060"
"アイリスオーヤマ(IRIS OHYAMA) チェスト ホワイト 幅約32.4×奥行約41.0×高さ約62.3 3段 WTS-303 2個セット","10742","40","","152","¥ 7,080","","4","B07NZ62ZZP","B0DV56X2TM","66.2","64.6","42.3","9400"
"PAUDIN (パウディン) 包丁セット 【牛刀 ・菜切り包丁・ペティナイフ】 3点セット ステンレス 包丁 よく切れる 両刃 木製ハンドル 肉切り包丁 果物ナイフ 野菜包丁 ほうちょう セット 家庭用 プレゼント 贈り物","10747","42","100","416","¥ 6,998","","1","B09F2VWWV8","B0B4T6HJTB","37.2","16.8","3.4","850"
"宮崎製作所(Miyazaki Seisakusho) ジオ 蒸し器 25cm用 日本製 ステンレス 15年保証 GEO-25UE","10748","43","","31","¥ 6,318","¥ 6,318","5","B001CZCQ4U","B0757HJ9Y2","36.2","28.3","15.2","1388"
"【最大30日間お試し対象】 ヒツジのいらない枕 ヒツジのいらないマットレス ーSLEEPERー シングル カバー付 マットレス TPE ジェルマット ベッドマット マットレストッパー","10751","36","100","14","¥ 44,820","¥ 44,820","1","B0H33C2MCY","B0H7BVPPYL","52.5","32.7","32.2","14590"
"AooDen 枕 首が痛くならない 【人間工学×TPE枕】丸洗いOK 快眠 まくら 首サポート 肩こり対策 安眠 10cm/8cm高さ 枕カバー付き","10751","63","100","76","¥ 8,900","","3","B0GR5FSY23","B0HG7R28D7","54.2","36.8","10.3","3630"
"MAXGROOM スキンヘッド用シェーバー 日本製 スキンヘッド シェーバー メンズ 126枚刃 男性用 IPX6防水 乾湿両用","10754","16","50","752","¥ 5,584","","1","B0H9RDX93C","B0GSZDDH26","10.3","10.1","10.1","490"
"山崎実業(Yamazaki) tower カタログギフト 10,000 ポイントコース 【熨斗付き(蝶結び・御祝)】","13259","47","50","","¥ 11,710","¥ 11,710","1","B0GY7TLZJT","B0H7RVLC3N","30.5","18.5","2.5","170"
"SOLLENT 業務用自動スノーフレークアイスマシン 小型スノーコーンスラッシーメーカー 業務用スノーフレーク製氷機 製氷60/120kg/24時間 速度調整可能 レストラン、スーパーマーケット、カフェ用 (製氷120kg/24時間（B）,機械モデル)","10792","0","","","¥ 102,199","","1","B0F7XJSGGB","B0F7XF4MNZ","60","47","41","27000"
"レイコップ ふとん乾燥機 RFK-300 ハイパワー x 大風量 75℃温風 ダニ退治 8段階タイマー 4種類自動乾燥モード マイナスイオン 梅雨対策 湿気対策 布団ドライヤー 靴衣類乾燥 くつ乾燥機 ふとんかんそうき 布団乾燥機","10763","37","50","33","¥ 15,980","","1","B0G524H11R","B0D62PVZ6W","42.6","28","14.6","2380"
"Sariny ガスコンロ 加熱リング 強化ガラス 卓上調理 自動パルス点火 強火 卓上熱電対 フレームアウト保護付き 家庭 キッチン屋外 RV キャンプなどに最適 (D,液化ガス)","10799","0","","1","¥ 11,099","","1","B0DZCSRVLV","B0DZCQPBB9","43","33","23","3000"
"MYTREX REBIVE EX PRO ハンディガン 筋膜リリースガン ギフト マイトレックス リバイブ イーエックス プロ MT-RBEX23B","10770","49","100","213","¥ 21,087","","1","B0CYP9PJV5","","27.5","11.5","11.5","1300"
"METZ (メッツ) ひげそり 電動シェーバー 小型 【メタルボディ・360°フローティング刃】 シェーバー メンズ 髭剃り 電動 電気シェーバー","12042","56","","58","¥ 6,061","","2","B0GSZCBZCQ","B0HD6R7CV1","19","11.1","5.4","460"
"Honeyera オリジナル ドア掛け ぬいぐるみ収納オーガナイザー ベビー用品・おもちゃ入れ 吊り下げポケット付き 大容量 キッズ・幼児向け (レインボー)","10776","49","","6610","¥ 7,258","","2","B0DPH37VG8","B0DD4X584B","32.1","22.2","6.4","560"
"MoonMeguriオープンラック シェルフ 収納棚 幅80奥行き30高さ100cm 3段ラック 3色展開 多用途 大容量 頑丈 アジャスター・フェルト・後ろ保護板付き 傷汚れに強い 組立かんたん スリム コンパクト 小物整理 省スペース 寝室 リビング キッチン収納 ワイン棚 食器棚 一人暮らし ファミリー (ブラック, 3段 幅80cm)","10784","33","","8","¥ 7,693","","1","B0GYRM7WVL","B0GYRJM5HB","101","29.8","8.5","9450"
"タンスのゲン サイドテーブル 昇降式 角度調整 幅70cm 無段階昇降 左右組換え可能 隠しキャスター 介護テーブル 45400151(110961)","12698","38","","25","¥ 7,999","","1","B0FH6F1XPF","B0FH6J4R3F","79","52","12.5","11500"
"エペイオス(Epeios) 炊飯器 3合 一人暮らし マイコン式 低温調理 早炊き 24時間予約・保温 コンパクト HUG ライスクッカー ブラック","10801","87","200","129","¥ 8,414","","1","B0G1N38GNB","B0G2SYM1KR","29.2","27.6","27.6","2730"
"JEJアステージ(JEJ Astage) 収納チェスト EMING(エミング) 深型ストッカー 6引出し キャスター付き スモークブラウン 日本製 簡単組立 幅69×奥行42×高さ67.5cm","10813","87","100","206","¥ 7,488","¥ 7,488","4","B002COI76G","B0DV9BM2CY","70","45.3","38.9","7700"
"cxyin-home チェアマット 120×150cm 防音 傷防止 マット 厚さ6mm 汎用チェアマット デスクしたマット ゲーミングチェア 傷/汚れ防止 騒音対策 滑り止め ズレにくい TPE デスク周り カーペット 自由にカット お手入れ簡単 端がほつれず 防カビ 完成品 暖房対応 チェア デスク 丸洗い可能 書斎 キッチン 玄関 ベランダ 階段 （ベージュ）","19126","22","","41","¥ 5,680","","1","B0FNWR766R","B0FNWQFC5H","122","20","18","2100"
"タカギ(Takagi) 浄水器 蛇口直結型 ウルトラファインバブル 日本製 miniNeo Bubble 浄水カートリッジ1本入り ホワイト H790UWT6","10814","36","100","147","¥ 5,933","¥ 5,933","2","B0H5TFB8GM","B0HDC8V5JJ","24.7","23.7","11.7","640"
"東洋佐々木ガラス 水差し カラフェ サークル 710ml 36個セット 日本製 食洗機対応 ピッチャー デカンタ B-25401-JAN","10815","33","","134","¥ 18,543","¥ 18,543","1","B0BGRZJPZ8","B0F1MYVK2K","52.1","37","27","14710"
"UTIMIU キッチンラック キッチンワゴン キャスター付き 4段 レンジラック 炊飯器置き台 キッチン 棚 隙間 収納ワゴン ラック レンジ台","13449","35","50","57","¥ 5,014","","1","B0GBWGQCSW","B0GBWZ5LD5","45.1","31.8","14.7","6790"
"丸眞 クッション ジブリ トトロ まるたクッション アップリケ刺繡 1145023300","13580","38","","151","¥ 5,280","¥ 5,280","3","B0DQ81RCT7","B0CX4RW829","44.2","43.7","12.5","550"
"【2台セット】003389 DUCT RAIL FAN DC basic 40 ダクトレールファン ベーシック 40 リモコン付き サーキュレーター 空気循環 コンパクト シンプル ライティングレール(Black) (2台セット BK)","10830","90","50","127","¥ 14,960","","2","B0F3HB1ZH6","B0CKBN1KRC","19.3","17.2","8.9","680"
"Kwueiitビールサーバー 業務用/家庭用 ステンレス製 ドラフトビールタワー 大容量 蛇口付き 防錆・抗菌加工 ビール樽接続 簡単設置 ゴールデン 据え置き式 (1頭です,ゴールデン)","11096","3","","","¥ 16,010","","1","B0FSWZ6JPP","B0FSX111GL","42","14","14","1500"
"テスコム ハンドブレンダー ハンドミキサー < つぶす まぜる きざむ おろす 泡立てる > 食洗器対応 ラク抜きプラグ レシピブック付き 離乳食 金属製 正規品 TBL30A-W","10840","80","","9","¥ 6,320","","14","B0CJDNRMXW","B0CN8WP65L","25.5","25.2","14","1480"
"サーキュレーター DCモーター 静音 業界初 AIスマート サーキュレーター扇風機兼用 3D 自動首振り 上下左右 パワフル送風 循環送風","10841","111","400","145","¥ 11,389","","2","B0GMPT35TR","B0H5W633K9","40","32","23.9","4460"
"【2個セット】アイリスオーヤマ LEDシーリングライト 12畳 調光 明るさ切り替え 10段階 薄型 コンパクト 簡単取り替え ACL-12DGR","12349","37","","5","¥ 9,170","","1","B0D2PX25BS","B0DLB6RQ2S","44.5","44","23","3000"
"タイガー魔法瓶(TIGER) 電気ポット 蒸気レス 節電VE保温 まほうびん構造 6つの安心・安全構造 とく子さん 大容量 5.0L ブラック PIE-A501K","10843","47","100","199","¥ 14,920","¥ 14,945","17","B0B1PTPNPX","","44.5","32.8","25.8","4520"
"ANDWINT Vero 全身鏡 姿見 スタンドミラー 壁掛け 大型 軽量 飛散防止 幅36×高さ143cm ホワイト","10845","41","50","70","¥ 5,180","¥ 5,180","1","B0FNDG2Y96","B0FNDFS27K","150.5","42.5","5.5","3500"
"AODK チェスト タンス 収納チェスト 引き出し 布製 3段棚 キャビネット リビング収納 収納ケース 衣装ケース 木製 おしゃれ 大容量 収納棚 衣類収納 転倒防止 安定感 3段5杯 (ライトグレー)","12142","31","","13","¥ 5,980","","1","B0GG9WFKX3","B0GGB4HFSG","44.9","33.8","13.5","7960"
"[Lino e Lina] リーノエリーナ エプロン フルエプロン リネン マノン Manon レディース メンズ キッチン 無地 麻 シンプル ロング おしゃれ (ライムグリーン)","14931","11","","146","¥ 8,580","","1","B0CN2GT4LB","B09LQV78Z6","25.7","18.8","3","200"
"ONEDONE キッチンワゴン キャスター付き ワゴン キャスター付き キッチン収納 カート ラック バスケット 大容量 各段耐荷重10キロ 多機能ランドリー収納 調味料/皿/野菜/服/雑貨収納収納 洗濯室 バルコニー 組立簡単 メタル製 黒 (5段)","13316","41","","194","¥ 5,299","","1","B0CMCFS5RT","B0CMCFYT3F","41.2","32.1","16.4","4420"
"QD-SGMP 浴室マット すべり止め お風呂浴槽マット","18911","19","","314","¥ 7,580","","1","B0DRNXH7WG","B08K7YYCN5","90","10","10","1500"
"ぼん家具 ハンガーバー ハンガーラック コの字 ハンギングバー 天井 120×45cm アイアン U型 衣類収納 室内干し 耐荷重10kg ゴールド","12998","26","","178","¥ 5,980","","1","B0CKQJ9C7T","B0CKQLM7VF","127","48","8.5","1900"
"MLDYランドリーバスケット 洗濯カゴ バスケット カゴ 蓋付き 収納トイレ 大容量 ランドリー収納編みカゴ ラタンかご 編まれたバスケット (ライト・ブラウン,44*34*52cm)","15662","1","","","¥ 8,999","","1","B0H8MV4LL8","B0H8N3ZDH2","56","47","36","4500"
"TENKOO&YOU シーリングファンライト Φ81cm 5000lm 44W 10畳 E26 扇風機 LED 正逆回転 APP/2.4Gリモコン付き","10904","22","200","83","¥ 9,480","","1","B0G8FGFZQN","B0HB4ZPBYH","28.2","28.2","19.7","1970"
"MYTREX REBIVE MINI 筋膜リリースガン ハンディガン ボディケア マイトレックス リバイブミニ MT-BY-RBM20B","10905","43","100","2890","¥ 13,464","","1","B08Q7K25F5","B0BN3CP2YL","23.1","19.1","7.8","930"
"simplus フードドライヤー 6段 ディハイドレーター 食品乾燥 おやつ ドライフード フルーツ 果物 野菜 肉類 ハーブ 干し芋 長期保存食 ペットフード おつまみ 家庭用 シンプラス SP-FD02 (6段タイプ/ホワイト)","10905","40","","590","¥ 9,999","","2","B0FRMCKCRL","B0GBV2RWPL","48.6","42.5","40.3","6800"
"【ホテル仕様 日本製】安眠工場 ウォッシャブル敷きパッド ベッドパッド (シングル/グレー) 厚手 綿","10908","38","","14","¥ 5,643","","2","B0BDDQJGBW","B0D7YBYZWS","52.7","35.2","14.8","1320"
"MUNIO バスタオル【4枚セット】【高耐久で買い替えの手間をカット】 タオル ホテル仕様 速乾 吸水タオル 生乾きなどのニオイが気にならない 日本企業開発 へたりにくい 高速吸水 耐久性 綿100% EINEN TOWEL","10911","44","","67","¥ 6,282","","1","B0FXF5JVWT","B0G7H7RR3P","40","30","2","368"
"GOKUMIN 枕カバー Mサイズ2枚セット シルク枕カバー 快眠 まくらカバー 洗える 大きめ シャンパンアイボリー","11721","20","","54","¥ 9,498","","1","B0FV8DL273","B0G1T4JVWR","23","18","2.5","500"
"アイリスオーヤマ メタルミニ MTO-8008C","11022","70","50","728","¥ 5,993","¥ 5,993","23","B000PC1RP0","B097HQ1PPD","83.4","36.6","11.4","7800"
"GOKUMIN 枕 まくら 高め タオル枕 快眠 高反発 硬め タオルまくら 低反発 低め 低反発枕 洗える枕","10920","52","","4","¥ 13,868","","1","B0GSVFWJG4","B0GSVLHFQ2","59","39","15","3900"
"遮光1級 断熱 防音ロールスクリーン＊アゲインスト(ピンク) 幅60×丈150cm 1本","11635","7","","251","¥ 5,980","","1","B00HJHHJWE","B00HRLFJ38","66","8.8","7","1080"
"ＯＮＥＳＵＧＡＲ籐織りランチョンマット、4枚セット、楕円形、手編み、厚手耐熱、テーブルマット、ナチュラル、滑り止め、多目的、30X40cm、和風インテリア、コースター [並行輸入品]","10924","1","","","¥ 7,238","","1","B0GWCKT438","","22","22","1","1000"
"和平フレイズ フライパンセット 7点 ターコイズ 取っ手が取れる 鍋セット IH対応 ガス オーブン 食洗機対応 PFOAフリー ふっ素樹脂加工 Lycka リュッカ AMB-3291","10928","43","","25","¥ 6,274","¥ 6,274","2","B0D1V4WVN3","B0FPX1T4QM","31.6","31.2","12.5","2930"
"GOBOT 電動モップ 回転モップクリーナ 軽量 回転モップ 自走式 水拭き コードレス 床拭き モップパッド4枚付き フローリング掃除 モップ","10930","87","200","549","¥ 5,718","","1","B0C8J2YCGG","","40.7","17","10.2","1360"
"リス 練り樽 75","10930","45","","120","¥ 5,027","¥ 5,027","19","B004OCOV3C","","56","56","48","3855"
"山善(YAMAZEN) 突っ張り ラック シューズラック 10段 スリム 玄関 靴 収納 省スペース 実用新案取得済 ワンタッチ突っ張り 幅22×奥行23×高さ190-260cm 棚 ディスプレイ 一人暮し 組立品 マットブラック WJ-321RM(MBK)","13112","48","","25","¥ 8,810","¥ 8,810","1","B0CZ8LLH7N","B0H3K8VJHP","97","30","17","3700"
"Brfveob ベビーマットレス 敷布団 子供用子供部屋折りたたみ 厚さ6cm 洗える 環境に優しい 柔らかい 通気性 かわいい 保育園 幼稚園 家庭 仕事 防水 通気性 汗 5層構造 洗える 変形防止 かわいい (11,88x168cm)","22483","0","","","¥ 5,000","","1","B0FT6SSSQG","B0FT6TV6LX","100","56","3","1000"
"ダンボる ダンボール ゴミ箱 40個セット 45リットル袋対応 段ボール箱 DG01-0040","10936","35","","390","¥ 10,960","","1","B086MWM72H","B0CP38LRDK","67","56.1","40","10000"
"Kiwet ガスコンロ 1口 ポータブル 業務用 高圧直火コンロ 5.2Kw ガスコンロ ステンレス製コンロ 家庭 業務用 キッチン屋外 RV キャンプなどに最適 (液化ガス,ブレード回転火シングルストーブ 付属品なし)","11198","0","","","¥ 5,963","","1","B0GL1W2DGM","B0GL1S1CD6","55","32","7","3000"
"【anan・mina掲載】 NELPANDA テンセルリヨセル 掛け布団カバー TREEシリーズ シルクの風合い 美髪 美肌 静電気防止 寝癖軽減 抗菌防臭 敏感肌 オールシーズン ベッドリネン シルクの代替品 (ダブル・190×210cm, ベージュ)","13695","16","","62","¥ 9,270","","1","B0C66FQQN9","B0H952W1F4","30","23","6","1000"
"パール金属 キッチンザル40cm ステンレス製 アットアクア HB-4087","13235","26","","2","¥ 5,220","¥ 5,220","3","B0851N1K99","B0856CMQWS","49.1","43.7","20.1","630"
"象印マホービン 炊飯器 1升 炎舞炊き フラッグシップモデル 日本製 お手入れ点数2点 白 NX-AB18-WZ","10947","29","","4","¥ 138,899","¥ 158,382","4","B0H1W5GY3Y","B0CSK3LYQL","45","36","34","10500"
"アイリスプラザ ダブル 三段階 高さ調整機能付きベッド ウォルナット + ボンネルコイルマットレス 16.5cm ダブル ブラック","25803","11","","","¥ 24,680","","1","B0GLF7NP63","B0GNM6P4W5","144","39","17","95472"
"山崎実業 タワーシリーズ tower マグネット 風呂イス 25cm 引っ掛け湯おけ 2点セット ホワイト 【モノギャラリー限定クリアファイル付】","10950","75","100","95","¥ 6,490","","1","B0CBTJKZY9","B0CBTJMX86","43","37","34",""
"(ソメイエ) 砥石台 砥石が動かない 流し台シンク適用 【調理師が監修】 シンクブリッジ 包丁研ぎ 滑り止め 万能砥石スタンド","10953","37","100","457","¥ 5,680","","1","B08T22K6KJ","B0D91Y3Z8G","51","7.5","3.4","900"
"【Toffy/トフィー】 アロマドリップコーヒーメーカー K-CM5 スレートグリーン ドリップ式 蒸らし機能 自動保温機能 ガラスポット メッシュフィルター付き レトロ K-CM5-SG","10956","41","50","893","¥ 8,250","","8","B07ND9HH34","B093V2L423","31.7","24.3","19.2","1970"
"Alupssuc人工観葉植物 【2026一体成型プロセスを一新します】光触媒 オリーブの木です【高さ180CM】観葉樹 フェイクグリーン 空気清浄","10958","60","50","575","¥ 6,699","","1","B0DYND9SQS","B0FHBWMHJB","90","18.5","17.5","4400"
"ドウシシャ ルミナス ガーデンラック 幅70 3段 屋外OK サビにくい スリムスチールラック 可変棚 プランターラック フラワースタンド 園芸 観葉植物 全体耐荷重240kg 幅69.5×奥行29.5×高さ90.5cm ポール径19mm GR7090BD-3","12407","76","","669","¥ 5,837","¥ 5,837","4","B00O7E416O","B0H6LKVFQC","71.3","32","11.1","5750"
"RING BELL リンベル 北海道七つ星ギフト カタログギフト カムイコース","10973","49","100","72","¥ 5,500","","4","B0C12TGWZT","B0F7XPQ9QJ","23.2","22.3","3.1","350"
"スリムフレーム 額縁 B2ブラック アルミフレーム ポスターフレーム UVカット おしゃれ額","11967","30","","23","¥ 5,382","","1","B0H2LGFGCP","B0H2LHRQHM","76","55","3.5","1690"
"SOLEMOOD グリル鍋 電気鍋 3-in-1 2～3人用 ホットプレート 小型 1200W ほっとぷれーと たこ焼き 焼肉 深鍋 しゃぶしゃぶ鍋 ガラス蓋付き 温度調節 多機能 日常料理 ホームパーティー 着脱式 持ち運び便利 コンパクト 手入れやすい (フレート4枚-ホワイト)","10979","37","","378","¥ 12,330","","1","B0DK4PHZ6N","B0CDWXLQB2","35","29","18","5570"
"【防災対策にも!】 アイリスオーヤマ エアーベッド 簡易ベッド ダブル ネイビー 厚み22cm極厚ボリュームで快適な寝心地 専用ポンプ付き 軽い力で簡単空気入れ 災害時/緊急事態のもしもの為に 2人で寝ても振動が伝わりにくい 折り畳むとコンパクト 幅150×長さ191×厚さ22cm 車中泊 アウトドア レジャーキャンプ 急な来客用にも使用できる H573483","10986","33","","261","¥ 7,390","","5","B07T7GWXSM","B0D3TW6K5Z","38.3","31.3","14.2","4190"
"Housecover ごろ寝マット シングル 折りたたみ 波形ウレタン 70cm幅 大人 長座布団 車中泊 抗菌防臭 180×70cm ブラック","10995","35","50","37","¥ 5,890","","1","B0GVQFKP5Y","B0GVQ9VTBQ","70","21","21","2500"
"【 うちわ 無地 黒 両面 100本セット 】 おえかきできる 団扇 標準サイズ 日本製 プラスチック骨 手作り 工作 応援 推し活 コンサート","11683","68","","123","¥ 7,280","","2","B0B9KX8JF1","B0BGC571QD","55","42","9.5","3380"
"ワイエムワールド 本棚 大容量 ラック 3段 スリム a4対応 幅90.2 奥行29 高さ90 収納 木製 ウォールナット 00-395","10999","40","","384","¥ 8,082","","1","B08BR19P8J","B08BQVGK6C","94.7","31.3","17.6","22000"
"下村企販 丈夫で変形しにくい ザル ボウル 6点セット 【日本製】 食洗機対応 洗いやすい ステンレス TSUBAME 匠 燕三条 40250","10999","72","","10","¥ 8,580","¥ 8,556","4","B07GXJ39G4","B0DP2SG692","24.2","24","11","1120"
"nishikawa 【 西川 】 [エアー4D] ピロー 眠りのフォームにこだわった4D感覚特殊立体構造 通気性を向上 快適な睡眠環境をキープ 高さ調整可能 コンディショニングピロー 枕 日本製 高め ダークブルー EPV2689500","11000","41","50","71","¥ 25,300","¥ 25,300","1","B0D1779W82","B0FLD8X2XQ","67","37","15","1800"
"SnailM-JOY ランドリーワゴン ランドリー 洗濯かご バスケット 3段 80L 幅45×奥行29×高さ106cm","11001","84","200","100","¥ 5,880","","1","B0FK3RGLHF","B0FK3SJJF7","44.5","41.4","33.9","4200"
"シンワ測定(Shinwa Sokutei) 普及ノギス 300mm シルバー M型 19913","7622","55","","600","¥ 9,361","¥ 10,066","30","B001AFYK28","B0C7V3C6NB","48","13","1","370"
"Iwatani イワタニ 岩谷 イワタニカセットフー こんろ＆ストーブ イザまる CB-IZ-1","11003","41","50","83","¥ 10,980","","34","B0G7CQWG2M","B0H2DFRSSD","32.4","22.8","20.5","2490"
"【2台セット】アイリスオーヤマ ワイドストッカー深型 WY-780D グリーン/グレー","11010","60","","1840","¥ 8,570","","3","B0D6NBJ24P","B0D6V4XK3J","105.5","95.2","79.6","56000"
"【低振動設計・揺れに強い・大風量】シーリングファンライト 3枚羽根 LEDファン付ライト E26 調光調色 静音 工事不要 引掛けソケット付き","11013","29","","49","¥ 5,980","","1","B0GVYH82M4","B0HBWMFCZW","24.2","22.9","19","1440"
"【純正品】 ブルーエア 空気清浄機 交換用 コンボフィルター ダストマグネット 5200シリーズ 108357","14148","85","50","32","¥ 8,882","¥ 8,882","2","B09N7BHHQL","B0FRS558QV","19.7","19.3","7.7","370"
"YZ HOME ロング抱き枕 大人用 しっかり抱き枕 細断メモリーフォーム。","10771","10","","222","¥ 7,734","","3","B0FK59SLGK","B0FFT27GH1","42.2","14.3","13.7","2241"
"[zz.luxi] ソファーカバー 肘付き 3人掛け 撥水加工 マルチカバー 犬猫対策 北欧風 クッションカバー1枚付 滑り止め","13727","42","","1","¥ 5,280","","1","B0FMRH5JKW","B0FMRLZRX7","41.5","33.8","13.3","1550"
"【米屋のつくる炊飯器】アイリスオーヤマ マイコンジャー炊飯器 5.5合 銘柄炊き 一人暮らし RC-MDA50AZ","11030","63","","599","¥ 8,480","¥ 8,480","1","B0D54F6QSX","B0H8HSP3CG","36.3","30.3","28.9","4320"
"コードレス掃除機【2027先行発売！51000Kpa超強力吸引！自走式！70分長時間稼働！業界初AIホコリ自動検知！自立式！上部LED搭載！革新版グリーンLEDライト！】掃除機 コードレス 軽量 サイクロン式 550WデュアルBLDC 一人暮らし 絡まないV字ヘッド 着脱式バッテリー 3段吸引 W HEPA 畳/カーペット/フローリング/ソファー/車用/隙間 三年保証","11033","24","","14","¥ 12,999","","2","B0GZNP93PW","B0HD6ZZV3T","44.9","28.1","19.2","3510"
"YeTom サイドテーブル キャスター付き ソファーテーブル コの字型ベッドサイドテーブル ソファテーブル 可移動 層板は調節可能 幅40×奥行29.5×高さ51.5cm（キャスター含む）ビンテージ (× 4)","13570","41","","1189","¥ 14,564","","","B0GZPKG3TC","B0F2TC9CGB","44.5","34.3","11.2","17400"
"【新登場】 ハンディクリーナー コードレス 40000Pa 強力吸引 多機能 車用掃除機 Type-C充電 Svoko LT-145PLUS","11041","91","200","285","¥ 5,508","","5","B0GQ82SM89","B0HGGRJJJ9","24.5","19.7","7.8","730"
"Pakabi玄関踏み台、木製、滑り止めマット、無垢の松材、無塗装、健康的、磨かれたエッジとコーナー ハードウェア、滑らかな表面、無垢材の質感、高齢者用、介護 ベッドルーム、バスルーム、キッチン用 (高さ10cm,長さ 80cm × 幅 30cm)","15977","1","","","¥ 6,299","","1","B0FSRXSPLQ","B0FSRY8ZSM","105","33","20","6000"
"パナソニック(Panasonic) LED ダウンライト 天井埋込型 100形 150径 昼白色 LSEB5614LE1","8646","77","","332","¥ 5,039","¥ 5,039","6","B06XGQM91C","B085LX63VX","18.4","18.4","9.9","620"
"GrnArt 小型下着洗濯機 半自動 洗濯 脱水機能 13L容量 ブルーライト殺菌付 タイマー予約 排水バスケット内蔵 家庭 寮用 パンツ専用 (グレー)","11100","0","","1","¥ 6,499","","1","B0FQHXC5MF","B0FQHRBP7M","33","26","26","2500"
"Probasto ダイニングチェア PUレザー座面 イームズチェア クッション付き 天然木脚 イームズ椅子 チューリップチェア おしゃれ 北欧 イス PUグレー【2脚セット】","11050","21","","","¥ 9,006","","1","B0GC9NMKXH","B0HGQBLSCK","60","50","50","4000"
"Fanttik Slim V8 Apex ハンディクリーナー 車用掃除機 19KPa 強力吸引 4in1 エアダスター コードレス 軽量 ブルー","11055","47","","6631","¥ 10,999","","1","B0D8T3LTNN","B0DR379P3V","34.9","22.3","6.4","1200"
"Housecover マットレス 高反発 高密度 ダブル 厚さ5cm 硬さ210N 通気性 滑り止め加工 カバー洗える ブラック","11056","23","","87","¥ 8,782","","1","B0F12YFGRQ","B0FX23XCMP","74","29","28.5","4200"
"【Amazon.co.jp 限定】象印マホービン 電気ポット 5.0L 大容量タイプ 6段階タイマー 給水お知らせ ホワイトグレー CD-SE50AM-WG","11057","63","100","1361","¥ 16,000","¥ 16,000","1","B0F746BRX6","B0FVWRZ5FG","41.2","32.3","29.3","4140"
"nishikawa 【 西川 】 かたさが選べる 凹凸ウレタン 敷布団 シングル 硬めタイプ 軽量 しっかり支える 3層構造 マチ付き サイドメッシュで通気性 抗菌 グレー AD04000084","11069","53","","4","¥ 22,000","¥ 22,000","1","B0DFW2DF8H","B0DV5FJDRM","100","67","30","4300"
"LumenOrbit 小型洗濯機【5/10分洗濯・3分脱水・1年間のメーカー保証】折りたたみ ミニ洗濯機 脱水機能付き 海外対応 排水ホース付き 予洗い 事前洗い 泥落とし 下着 靴下 タオル 自宅用 子供 赤ちゃん用 ペット用 寮/アパート/出張/旅行/車中泊/オフィス対応","11074","1","","73","¥ 8,650","","1","B0HG25RMXD","B0HFZYX5Q5","33.4","32.4","16.9","2760"
"パナソニック(Panasonic) LEDキッチンライト両面化粧タイプ棚下取付型 昼白色 LGB52096LE1","11083","46","100","126","¥ 8,012","¥ 8,012","6","B00UMIJIKS","","59","13.1","6.2","1550"
"Philips フィリップス 純正 OneBlade 360 ワンブレード 替え刃 替刃 3個パック メンズ 電動シェーバー ヒゲトリマー フェイス ボディ対応 360ブレード QP430/50","11084","52","100","1556","¥ 5,380","","4","B0C9RVYMPK","B0CLNKL85X","10.8","9.9","2.7","32"
"sensui Yu 日本製 ミニバスタオル 4枚セット 瞬間吸水 抗菌防臭 速乾 大阪泉州タオル スモークブルー","11086","31","","73","¥ 5,780","","1","B09S3HSLHR","B08C7H78WY","33.1","23","18.8","890"
"タイガー マイコン炊飯ジャー（1升炊き）ホワイトTIGER 炊きたて JBH-G182W","11091","51","100","94","¥ 8,900","","11","B081YH71SC","","44.2","32.4","29","4420"
"[SuperKois] ベッドフレーム セミダブル パイン無垢材 3段階高さ調節 すのこベッド ナチュラル","11091","48","50","168","¥ 11,360","","1","B0DTK85ZSY","B0DTK6KYQS","115","24.5","18.5","23000"
"You&ours タイルカーペット 30×30cm 40枚セット 約2.2畳 厚手5mm 二層構造 吸着 洗える ペット用 ライトグレー＆ダークグレー","11093","55","","886","¥ 5,480","","1","B0BW57J3S6","B0GXK44NSK","34.2","33.2","20.9","2750"
"Bauhutte(バウヒュッテ) 素足用 スタンディングデスクマット ゲル BHA-70G","11094","42","","78","¥ 7,368","¥ 7,368","5","B077ZCCBQ4","B0B148H8FH","71.5","36","8","2780"
"不二貿易 折りたたみチェア 椅子 幅43×奥行53×高さ70cm ミディアムブラウン 完成品 クッション付き 天然木 軽量 持ち運び簡単 ミラン 95783","11101","42","50","1098","¥ 5,615","¥ 5,615","20","B00BLC568C","B0BGGVQDRH","82","45","10","4700"
"パナソニック パルックLEDシーリングライト ~8畳 工事不要 簡単取り付け LE-PC08D","11107","66","50","679","¥ 7,980","","16","B08HYD87LM","B08J3QV66G","35.1","34.8","9.2","1430"
"玄関台 踏み台 玄関ステップ 低床 収納付き踏み台 靴収納ベンチ 足置き台 段差解消 介護補助台 木製台 室内屋外兼用 滑り止め 安定設計 省スペース おしゃれ ベッドルーム キッチン 浴室 ベランダ用 (B,長さ90×幅30×高さ11cm)","11108","0","","","¥ 10,588","","1","B0HB9NDMP1","B0HB911H61","1","1","1","1000"
"【anan・mina掲載】 NELPANDA テンセルリヨセル ボックスシーツ TREEシリーズ 吸水速乾 シーツ ベッドカバー マットレスカバー シルクの風合い 美髪 美肌 静電気防止 寝癖軽減 抗菌防臭 敏感肌 オールシーズン ベッドリネン 洗える 全周ゴム式 (クイーン・160×200×35cm, ホワイト)","11109","21","","36","¥ 7,560","","1","B0DKNTLY6N","B0H8ZJ9NKG","30","23","6","1000"
"ヤーマン ヘッドスパ ミーゼ ニードルヘッドスパリフト アクティブ 電動頭皮ブラシ 頭皮ケア リフトケア フェイス MS32G ブラック","11111","84","200","269","¥ 17,200","¥ 17,980","4","B0BMTPN7G5","B0H61YX3F7","21.5","20.4","10.8","730"
"ストリックスデザイン カラフル パレット ストロー ミニ 24000本 (120本×200個セット)〔ケース販売〕 8色 16.5cm 直径4mm ストレート キッズ パーティー 短い 大容量 業務用 MB-262","11113","40","","37","¥ 10,991","¥ 10,991","1","B073TZ15NT","B0DRHTGV1G","59.2","44","36.4","10700"
"ベッドアンドマットレス 高反発ウレタンマットレス 三つ折り メッシュ生地 グレー シングル 幅97cm 厚さ10cm 折りたたみ Carres","11125","70","","31","¥ 7,599","","1","B0CZSTFZ1G","B0D8VJX6TC","53","36","36","5500"
"EKO ゴミ箱 自動開閉 ホライゾンセンサービン ホワイト 45L ふた付き インナーボックス無し ホライゾン第1世代 EK9262P-45L-WH","11127","51","50","821","¥ 13,317","¥ 13,317","2","B086GBF5CK","B0BWDKM1NG","67","45.2","33","6620"
"Sanko サンコー 階段マット 蓄光 すべり止め付 ずれない 洗える 日本製 折り曲げ付 ライン おくだけ吸着 55×21cm(折り曲げ55×4cm)15枚入 KX-81","11132","22","","72","¥ 8,541","¥ 8,541","15","B0BVYVTZSP","B0CHVXLRHX","61.7","27.2","9","1060"
"吸着階段マット 折り曲げ 70X22cm 厚み4mm 15枚入り ステップマット 階段カーペットマット 階段カーペット （ライトグレー）","11137","42","","33","¥ 8,540","","2","B0CN3GJS7N","B0CN3K86Z6","76.2","27.3","13.6","1980"
"BelleLife フードプロセッサー チョッパー フードチョッパー 绞肉机 ミキサー みじん切り器 1台7役 電動大根おろし器 アイスクラッシャー かき氷器 ブレンダー 離乳食 ペースト レシピ200品 電動 潰す 混ぜる 刻む おろす 砕く スムージー 泡立て 洗いやすい 静音 大容量600ml 【真空ポンプ+保存容器3個+真空パック用袋10枚付きセット26X28cm】","11140","57","","","¥ 11,990","","1","B0F42HRSB3","B0DF1PQTZZ","29.1","17.8","15.9","1690"
"Haikawi お風呂マット 90x300cm 浴室マット カビない お風呂 床 バスマット 浴室内 お風呂 すのこ 洗い場マット 防カビ 抗菌速乾 赤ちゃん 高齢者 転倒防止 介護用 風呂 滑り止めマット","7243","13","","149","¥ 6,895","","1","B0DQ4PLLMS","B0D4QLX7RG","93.1","19.6","12.5","6860"
"アイウォーマー Eye Sweep ホットアイマスク【可視設計×12個の独立振動ヘッド×2段階温熱× Bluetooth音楽再生×日本語音声案内】充電式 ホットアイマスク 多機能×約30％軽量 42℃・48℃ 4モード 1000mAh 15分自動OFF 記憶機能 目元ケア アイケア 誕生日プレゼント 女性 男性 母の日 父の日 敬老の日 ギフト 男女兼用","11147","10","100","23","¥ 8,999","","2","B0H3KGHSR7","B0HF47JRS4","23.1","11.2","9.2","450"
"今治タオル バスタオル 今治 綿 100% 3枚セット あぜ織り グレー 薄手 速乾 瞬間吸水 日本製 タオルセット ギフト おしゃれ","11150","34","","69","¥ 5,299","","1","B0H1M7WWT4","B0H1LZ6W5J","29","20.5","8","600"
"WEIMALL ランドリーバスケット 2段 幅32×奥行40.5×高さ96cm カバーなし ブラック FAE007BK","11150","58","","3","¥ 5,405","","2","B0DL558NXS","B0GHLP5464","46","45.5","33","4500"
"[山善] LED シーリングファン 12畳 5300lm 調光 調色 風量4段階 正転逆転機能 切タイマー リモコン付き 天井穴あけ不要 TLFL-12","11166","45","50","15","¥ 13,800","¥ 13,800","1","B0GZZXB2DW","B0H5VWD157","57","57","27","2700"
"【吸引力強化モデル】 アイリスオーヤマ 掃除機 コードレス ハンディ ハンディクリーナー 充電スタンド付き 置くだけで充電スタンド アタッチメントセット 車 軽量 静音 HCD-22M-W ホワイト","11171","56","100","189","¥ 10,298","","22","B0CKWPCVL2","","56","20","13.9","1830"
"Kirnuoワインセラー 20本収納 ワインクーラーワインセラー コンプレッサー式小型静音式 2重ガラス 温度設定 恒温保湿 家庭業務用 ブナ材の棚 (木材層)","11301","0","","","¥ 37,399","","1","B0F66NFPSD","B0F66Q7QGK","59","56","45","16500"
"【2026夏・耐久性＆断熱強化】 窓用フィルム 窓断熱シート 防犯フィルム 遮光遮熱 目隠しシート UVカット 90cm×400cm 2本 ブラウン","21582","7","","30","¥ 6,780","","1","B0CD9R15WQ","B0CBT9T7TT","92","12","4","1800"
"【フランスベッド正規品】 枕 56×42×13cm ネイビー 「スリープバンテージ プレミアム」 いびきでお悩みの方の横向き寝用枕 036058400","11171","43","","516","¥ 5,349","¥ 5,659","5","B01MS22V2N","B0DYJ36FWP","41.3","36.4","16.4","1260"
"アイリスオーヤマ 精米機 家庭用 5合 連続精米 スピード精米 RCI-C5-C アイボリー","11173","77","200","229","¥ 13,980","¥ 22,021","17","B0FHKVQPM3","","33.7","31.2","24.7","4180"
"ドウシシャ ルミナス キッチン 隙間収納ラック 幅41cm×奥行41.5cm×高さ174cm 耐荷重80kg ラテ ポール径25mm ラック2段 LL4018-KB ウッドシェルフ付き ゴミ箱上 炊飯器 作業台 カウンター キッチンボード 幅40","13148","50","","71","¥ 10,081","¥ 10,081","2","B0DJ8JKGVZ","B0H9WN1GZP","90.5","54","9.3","11700"
"アイリスオーヤマ パーテーション スクリーン チャコールグレー SRK-1612R 幅:120cm","11180","47","","72","¥ 8,340","¥ 8,973","7","B09NBT8W8X","B09NP1VFJW","120.5","44.8","4.5","4600"
"アモローサ モデルノ AMOROSA MODERNO プリザーブドフラワー リトルベル 「美女と野獣」 ショッパー付き ディズニーエディション","15798","33","","5","¥ 11,330","","1","B0GK8SL53N","B0C32QTH6K","20.1","19.3","17.9","540"
"フロアベッド FBF-S シングル ウォールナット","11186","41","","108","¥ 12,281","¥ 12,281","8","B0CD2DC35P","B0CF5RHFXW","103","37.5","17","28100"
"白井産業 デスクサイドに便利 サイドワゴン ラック キャスター付き 2段 デスク下収納 A4ファイルボックス対応 背面化粧 木製 白 幅45 高さ59.1 奥行34.3cm OF2-6045W オフィスコ2","7948","44","","53","¥ 9,030","¥ 9,030","7","B0151E2GUG","B0F6XWX5QM","59.8","38","11.8","7960"
"東レ(TORAY) 【Amazon.co.jp限定】東レ トレビーノ 浄水シャワー 「トレシャワー」 カートリッジ 計2個入 RS54-AZ","11189","84","200","327","¥ 8,000","¥ 8,000","1","B0CD1CPB9K","B0F8W7KL98","26.8","12.7","7.8","330"
"GiPP フライパン セット 8点 鍋セット 食洗機対応 セラミックコーティング フッ素不使用 体に害のない IH・ガス火対応 取っ手が取れる くっつかない お手入れ簡単 オーブン対応 軽量 一人暮らし PTFE/PFOA/PFOS フリー【一年保証】ホワイト","11191","54","50","24","¥ 5,235","","1","B0FGD36K9G","B0GMWJ3TJ4","28.8","28.3","13.8","2600"
"[Rakuisme] ベッドフレーム シングル 宮棚付き 2口コンセント 北欧パイン材 すのこベッド ナチュラル","11197","54","100","139","¥ 10,230","","2","B0FNWSZNT8","B0FNWPKBNH","100","25","23","23000"
"Stanley 1913 (スタンレー 1913) フローステート スプリング真空断熱ボトル 20oz | 0.59L","11203","29","","20","¥ 5,830","¥ 5,830","2","B0GF45ZGV1","B0H6LMLLRY","27.2","8.6","8.4","540"
"[肉贈] 松阪牛・神戸牛 選べる 肉 ギフト カタログギフト 2万円 LA1コース 和牛 グルメギフト【白】","11206","27","","165","¥ 19,800","","1","B07GXDCCKD","B0CXX82BFJ","22.7","14.9","3.5","180"
"リンナイ HOWARO（ホワロ）【公式ストア限定】 56cm 白いガスコンロ 水無し片面焼 ET34NJH4-W (ホワイト, プロパンガス（LPガス）)","11216","57","50","368","¥ 21,080","","1","B0F8H23QWZ","B0F8Q323TF","67","41","25.5","5000"
"sology (ソロジー) 大画面 日めくり電波時計 (グレー/デジタル/カレンダー)","11222","40","","328","¥ 5,480","","1","B0G2R5ZVHR","B0GJRB1VDG","40.6","26.3","7.1","1060"
"Yaheetech スチールラック メタルラック 5段 幅90 奥行40 高さ180 キッチンラック オープンシェルフ スチールシェルフ ステンレスラック 収納ラック 高さ調整可能 自由に組み合わせ 収納棚 コーナーラック 耐荷重875kg キッチン 物置 倉庫 ガレージ (ブラック)","16127","36","","147","¥ 5,434","","1","B0CBBJZ7BW","B0CNRDHKDK","95","45.5","6","14970"
"ASYUNY 紙コップ 3オンス ホワイト 無地 90ml 大容量 3000個入り(100個袋×30) うがい用 試飲用 ホット＆コールド対応 ロースタック ケース販売","11234","36","100","6","¥ 6,150","","1","B0D46D6NVT","","37","35","30",""
"セルタン 座椅子 高反発 和楽チェア Mサイズ タスクグリーン 背筋ピン 背部リクライニング 日本製 A454a-583GRN","9937","18","","238","¥ 5,290","¥ 5,319","4","B09BTVZPRG","B09P1WXW6N","48","44","40","3000"
"【Amazon.co.jp限定】PRISMATE サラダチキンメーカー 楽しく使えるレシピブック付 PR-SK023 ブラック 安心の2年延長保証","11238","47","100","165","¥ 5,610","","1","B0DHCHNTZW","B0C771FTR4","26.4","17.9","16.9","1220"
"スチールラック パーツ ルミナスラック 棚板 メタル製 ラック スチール棚 収納棚 径25mm 棚耐荷重250kg 幅121.5cm 奥行35.5cm 高耐荷重 頑丈 シェルフ 幅120 奥行35モデル","11566","13","","","¥ 5,780","","1","B0FYN651DG","B0H843VGXS","152","46","3.8","6800"
"タンスのゲン ラグ 4畳 200×300cm【高反発/極厚25mm】厚手 フランネル生地 ホットカーペット対応 65010004(129010)","17507","42","","2396","¥ 8,540","","1","B08MQ5HKS9","B0CJXT98T6","55","41.5","37","5790"
"KTJBESTF カートリッジ 浄水器 日本厚生労働省の基準に適合 浄水ポット用カートリッジ ブリタ互換 フィルター 軟水器 活性炭カートリッジ 高除去 水道水 浄水器 日本仕様 (18個セット)","11261","27","","41","¥ 6,171","","1","B0F2MJH84Y","B0F2MC3H9W","24.3","11.8","11.7","750"
"OSJ オーエスジェイ 3人掛け ダークブラウンPVC WF195239GAA","11269","30","","12","¥ 19,979","¥ 19,979","1","B0C7VJDTZB","B08X11GYHY","155","57","33","28000"
"LBFXQ ローテーブル 収納付き 幅90cm センターテーブル コーヒーテーブル リビングテーブル 北欧 おしゃれ テーブル 一人暮らし モダン ソファテーブル 在宅ワーク対応 ストーングレー","12363","11","","80","¥ 8,499","","1","B0HC78ZGHP","B0GY8731MK","94","54","7",""
"mVm ゴミ箱 30L ふた付き 大容量 おしゃれ ステンレス ダストボックス 静音 ペダル式 袋が見えない キッチン リビング オフィス用 丸形 ブラック","12779","27","","119","¥ 6,999","","1","B0F9P8HL82","B0FQTXBZZL","71","35.5","35.5","4200"
"TcaFmac 整理&収納バスケット 空のギフト用 - 16 x 12 x 12インチ L 2パック 折りたたみ式収納ボックス 棚用 布製収納キューブ 布製おもちゃの整理用 (ホワイト&ジーンブルー)","12969","17","","1200","¥ 9,161","","1","B0BVQSC68D","B0HFRRSYWN","43.8","32.7","6.1","798"
"イオン発生器 IG-NX15","11277","67","100","653","¥ 8,568","","8","B08V59JZWB","B0HD6M2V9G","22.4","11","10.4","430"
"【公式】YAMATSU STANDARD リネア 25cm深皿・5枚セット 黒 パスタ皿 カレー皿 食洗機 電子レンジ対応 耐熱 日本製","14382","28","","9","¥ 6,655","¥ 6,655","1","B0FSKSSXPG","B0G4ZLSCC5","31.6","29.5","12.8","3030"
"タカギ(Takagi) シャワーヘッド 浄水 シャワー キモチイイ浄水シャワピタ 塩素除去 節水 手元止水 JSB222","11282","58","50","357","¥ 5,489","¥ 5,986","4","B07PL41356","B0BDZ2LM1C","26.6","10","7","420"
"DUOFIRE ワンウェイプライバシーウィンドウフィルム、反射ウィンドウフィルム、29.5インチ x 78.7インチ","15596","22","","932","¥ 9,000","","1","B0GCJDSL2R","B01J77N05I","76.2","3.8","3.8","522"
"タカギ(Takagi) シャワーヘッド ホースセット ウルトラファインバブル 止水ボタン 節水 水圧 シャワー 節約 洗浄 美肌 ヘアケア G1/2 JSB1124BM キモチイイバブルシャワピタ メタリック 手元スイッチ","12339","47","","12","¥ 6,073","¥ 6,073","13","B0CZL19K3Y","B0G4LVJV2T","29.9","25.1","6.7","630"
"ハンドソープディスペンサー GLUBEE 詰め替えボトル 304 ステンレス おしゃれ ディスペンサー シャンプー ボトル 食器用洗剤 バスルーム キッチン 洗面所などに適用 (2020)","15749","29","","2406","¥ 5,432","","1","B083XR4Z91","B08ZXRRPS9","21.1","8.5","8.4","240"
"SnailM-JOY 滑り止めマット 厚さ4.5mm 滑り止めシート PVC材質 浴室 お風呂 浴槽内 屋外 業務用 プールマット 浴場 温泉 介護 玄関 学校 店舗 浴室 病院 転倒防止 家庭用 ゴムマット 90cm x 5m","15707","19","","91","¥ 9,101","","1","B0FH7LDJPR","B0FH7JS6M3","97","20","13","8700"
"LROLTEF キッチンライト 40cm フレームレス超薄型 ハンドスイープ 人感センサー 充電式 室内 2200mAh 無段階調光 Type-C 充電式 ledバーライト マグネット キャビネット 工事不要 省エネ クローゼット/キッチン/廊下/寝室用 6500K 簡単取付 高感度センサー 2本","11308","37","","117","¥ 5,359","","1","B0F541Q9N8","B0F59683PK","42.7","8.6","1.7","420"
"aarke (アールケ) カーボネーター 3 (マットホワイト) 炭酸水メーカー 専用ボトル付き (ソーダストリームガスシリンダー対応/ステンレス製 炭酸メーカー) 高級 スタイリッシュ / Carbonator3 Matte White 国内正規品","15714","49","","5826","¥ 29,700","","1","B0CG9FXZKY","B0FYDDD28M","45.9","28.8","18.9","3080"
"大館工芸社 はんごう弁当 2530 上段390ml 下段550ml 曲げわっぱ わっぱ 弁当箱 日本製 bento box","14638","48","","687","¥ 9,900","¥ 10,985","10","B01CTK9LVW","B0FJ7T8KFL","20.1","13.1","12.2","258"
"クリンスイ 浄水器 アンダーシンク型 交換用カートリッジ 1個入り UAC0827ーGN","11323","66","100","835","¥ 11,330","¥ 12,036","8","B0009E1Z74","","26","16.3","11.4","810"
"SONGSONG 【収納ボックス 折りたたみ】 キャンプ 35L 折りたたみ 2個セット 収納ケース 衣類 布団 小物 収納 折り畳み コンテナ キャンプ用品木製の蓋付き 持ち手 組立簡単 多機能 強い耐荷重 大容量 家庭用 車用（グリーン，2個セット，2個防水バッグ付き）","11458","30","","142","¥ 5,399","","1","B0G4376X9T","B0GHQKGNVR","44.2","30","12.9","3530"
"ALIVTAII子供用プレイマット 厚手設計 折りたたみ式 大判サイズ 滑り止め・防水・遮音機能 両面使用可 収納袋付き 持ち運び便利 幼稚園・保育園・ピクニック対応 (噴水象+どうぶつの森,180CM*200CM*2.5CM)","30856","3","","","¥ 24,358","","1","B0GH74KQ7W","B0GH682RWP","180","33","33","6200"
"ワンダーシェフ wonderchef 圧力鍋 両手圧力鍋 5.5L IH対応 超高圧/高圧切替 時短 除菌力99.9% スチーム 浜田陽子 フルカラーレシピ本付き シルバー 魔法のクイック料理 ZQDA55","11336","40","50","185","¥ 12,452","¥ 12,452","11","B08R9H7FL1","B0FSKK2LJ8","38.4","30","24.8","4340"
"ステンレス ソープディスペンサー 自動【キッチンに最適】500ml大容量 液体 食器洗剤 ディスペンサー 非接触設計","11337","28","100","22","¥ 5,980","","1","B0H6Z7W4D9","","22.1","10.7","8.2","440"
"TATIU シンク下 収納 スライド式 シンク下収納ラック 2個セット キッチン収納 洗面台下 2段 引き出し 洗面所 調味料 収納 高さ調節可能 大容量 組み立て簡単 省スペース キッチン/バスルーム/ランドリールーム (ブラック)","11342","42","","93","¥ 5,224","","1","B0DXK36TQT","B0H97RW3LQ","42.2","23.9","19.5","4120"
"ツインバード トースター オーブントースター ノンフライヤー コンベクション 4枚焼きブラウン TS-4054BR","11344","71","","169","¥ 7,980","¥ 7,980","3","B01AYXSTAK","B0H7BJMRXN","41","39","27.5","5000"
"【シロカ公式ストア限定モデル】3D サーキュレーター botanical ユリ(ホワイト)｜23畳対応 5色展開 扇風機 サーキュレーター DCモーター 3D首振り 風量調節8段階 衣類乾燥モード パワフル コンパクト リモコン付き デザイン家電 おしゃれ 省エネ 節電 エアコン 体感温度｜SF-15A221(W)","11345","95","100","149","¥ 7,480","","1","B0F7428LDF","B0H75PVWGW","38.8","24.9","22","2000"
"マットレス クイーン 極厚22CM ベッドマットレス 高反発 ポケットコイル 体圧分散 通気性 静音 高密度ウレタン 体を適度に支える 抗菌防臭 圧縮梱包 適度な硬さと柔らかさ(160×195×22cm)","11350","37","50","115","¥ 21,999","","1","B0FK4L4YQ2","B0FJ6DQ5KS","88","38","38","29000"
"除湿機 コンプレッサー式 業務用 除湿量36L/日 衣類乾燥 マイナスイオン発生 空気清浄機能 湿度コントロール運転 部屋干し 大容量強力除湿器","11355","77","100","157","¥ 30,998","","3","B0D949L5HR","","66","43","28","16160"
"積水樹脂 セキスイ エスレン コンテナ SP-15-D(フタ付) ポリプロピレン、断熱材 日本 AKV37","9526","31","","25","¥ 9,109","¥ 9,109","3","B001UJJCMM","B08T11WN2H","48.2","37.6","24","2860"
"ミニバスタオル 100枚 綿100％ 薄手 軽量 吸水速乾 小さめ コンパクト サウナ ジム ヨガ スポーツ オリーブ","11094","16","","","¥ 32,800","","1","B0DSDZPQWH","B08H2159N8","27","20","3","200"
"【2025業界新設計】シェーバー メンズ ひげそり 電動 電気シェーバー 髭剃り 低騒音 IPX7防水 水洗い可能 ウェット＆ドライ両対応 Type-C充電式 スマートLEDディスプレイ 1.5時間急速充電 長持ちバッテリー 軽量で持ち運びやすい 出張/旅行 父の日ギフト (ブラック)","11359","48","","279","¥ 6,999","","1","B0FGPDWPP3","B0HGS6P11R","20.4","11.2","5.7","270"
"SYFERLORY ソファー シェーズロング付きソファ 3人掛け オールスポンジソファ コンパクト モジュラーセクショナル マルチに4WAY使える 快適 省力組立不要 リビングルーム用セクショナルソファセット 快適なコーデュロイふわふわソファ 深いシートとサイドポケット付き 幅240X奥行150X高さ60cm(ブラック, 右向き長椅子-幅240cm)","11367","37","","9","¥ 58,999","","1","B0H1B289PM","B0FWC836L4","107","64","34","45000"
"チェアマット 透明 90×240cm 3mm厚 透明床保護マット ゲーミングチェアマット 柔らかくシンプルな防水・防汚・耐摩耗マット ハサミで自由にカットでき オフィスやゲーム用のチェアマット オフィスチェア用マット ゲーミングチェアマット キッチンマット ダイニングテーブル下 保護マット","26464","9","","20","¥ 9,649","","1","B0G1N5BVS2","B0FX236SDB","185","12","12","12000"
"ブラジリアンワックス 脱毛 Gugrida PRO-WAXバージョンアップ版 ワックスヒーターセット Gugrida日本語説明書が付いています ワックスウォーマー 脱毛機 脱毛セット (ピンク 付属ワックス5袋)","11268","12","","105","¥ 5,088","","1","B0C1VB8S53","B0C1VBD26C","19.8","18.8","16.9","1330"
"2026 三角クッション 三角枕 10-in-1 背もたれ クッション 傾斜枕 膝枕 腰枕 ポータブル 腰クッション いびき防止枕 ランバーサポート 足枕 就寝用 テレビ枕 妊婦 術後の回復に適しています 高 調節","11379","45","50","39","¥ 6,999","","1","B0G3X1XVSK","B0G3X88LXF","38","17","17","1500"
"Novilla マットレス クイーン やや硬め 厚さ16cm Green Tea 高反発ウレタン 天然緑茶成分 竹炭入り 3層構造 高密度 通気性 体圧分散 クイーンサイズ マットレス ジェルメモリーフォーム 寝姿記憶 ノンコイル 圧縮梱包 グレー 160×195×16cm","11381","46","","43","¥ 19,791","¥ 19,791","2","B0FJ8JVJHX","B0FK55XWNH","90","32","32","14910"
"DRAW A LINE 020 Move Rod Black ドローアライン ムーブロッド (キャス ター付きポール) ブラック 縦専用 幅40×奥行40×高さ97.1cm 耐荷重6kg D-MR-BK","15652","50","","45","¥ 9,019","¥ 9,019","2","B085HNYNTV","B0FDVDYR7L","88","41.8","4.4","4400"
"【正規品】TK-HS92C1 交換用浄水カートリッジ 19物質除去 高性能タイプ 還元水素水生成器用カートリッジ 浄水器カートリッジ キッチン部品","11383","44","100","8","¥ 6,000","","1","B0GVBSKSYY","","25.1","11.2","9.5","470"
"YKFN お供え プリザーブドフラワー 仏壇用 仏花 お悔やみの花 菊花 カーネーション 初盆の花 お供え花 生花 カラスドーム ledライト付き アレンジメント 菊 お盆 ペット お盆飾り 仏事 法事 お彼岸 法要 一周忌 故人 一対 (2個セット) (白+紫)","11386","45","50","189","¥ 6,993","","1","B0C6TJWLRD","B0C6THQX73","28","26","15","1200"
"Pizuna（ピズナ）100%コットン 400スレッドカウント 掛け布団カバーセット ダブル ホワイト 4点組","11388","72","","80","¥ 12,394","","1","B099K6J82Q","B0H9XYKQS4","29.4","25.4","10.8","2160"
"リス ゴミ箱 丸型 ペール 本体 ライトグレー 130L ベルク 日本製 130G","11389","48","","157","¥ 5,545","¥ 5,545","9","B004D2FA92","B095WKXHSM","70","69","59","4700"
"【10本セット / 40形 / 昼光色】 YAZAWA FLR40形 直管蛍光灯 ラピッドスタート式 G13 1198mm 2620lm ホワイト","11390","49","50","20","¥ 5,500","","1","B0FPF4LLNV","B0GWH7GJQ2","124","18","7","3000"
"ラグマット カーペット 135x185cm (約1.5畳) 全厚約2cm 滑り止め付 洗えるラグ ふわっと手触り オールシーズ ショートヘアラグ、象牙","12891","26","","78","¥ 5,500","","1","B0FZGRGLR6","B0DPFT5T6Q","39.5","30.1","17.7","3240"
"Nbdeal 13インチ アナログサイレント壁掛け時計 カレンダー温度と湿度(オレンジ)","18394","32","","122","¥ 8,017","","1","B0G2C37STZ","B0GCP8T1PX","33","33","5.1","454"
"GOKUMIN 敷きパッド シーツ ダブル Fab Warm フランネル敷きパッド 敷パッド 厚手 ベッドパッド ライトグレー","7876","14","","442","¥ 6,553","","1","B0BM431Q16","B0CXSPDTRY","39.4","21.1","20.8","2190"
"NineLan マットレス シングル 極厚22cm 独立ポケットコイル 5ゾーン体圧分散 3層フォーム 程よい硬さ エッジサポート 側面3Dメッシュ","11406","74","50","19","¥ 10,989","","1","B0GDWKFFMH","B0HCM3JXXV","106.5","28.5","28.5","18730"
"[THXSILK] シルク枕カバー 片面100%シルク 裏面テンセル付き 伸縮式デザイン 最高グレード6A OEKO認証済 洗濯機可 寝癖軽減 美髪・美肌 静電気防止 防ダニ・抗菌 贈り物 33~47*80~95*3~16cm枕 四季適応 一枚（43*90*15cm ブラック）","13677","35","","95","¥ 5,880","","2","B0H3KJ6R5Z","B0DKSR73D3","28","15","2","100"
"KDBT プロパンガスコンロ 5口 ビルトイン 3.3kW大火力 ガラスパネル 台置き・ビルトイン両用 ガスレンジ 自動点火 消火安全装置 チャイルドロック 家庭用 (ステンレスコンロ/ステンレスパネル/LPG対応) (ブラック)","11547","5","","1","¥ 22,702","","1","B0G33Z9Z84","B0G33THHFM","45","45","45","15000"
"Leechatwin ショッピングカート 29L 折りたたみ携帯 保冷機能付き 買い物カート 保冷バック 5輪 お買い物キャリー キャスター付き 買い物カート 買い物かご 取り外し可能 大容量 軽量 ハンドル長さ調節4段階 (青葉, 29L)","11681","32","","209","¥ 5,501","","1","B0DRG6X5MQ","B0D8DRB37B","47.9","35.4","15.7","2370"
"象印マホービン 電気ポット 3.0L ブラウン CV-GB30-TA","11425","44","100","289","¥ 11,800","","17","B07GGK9F5Y","","35.6","29.4","28","3300"
"【Amazon.co.jp限定】 アイリスオーヤマ ハンガーラック ラック付き ボード1枚 幅101×奥行40×高さ150cm モカブラウン AZPI-B3 スタイルハンガー","11427","48","50","2911","¥ 8,000","¥ 8,000","1","B0F3X14BPN","B0F6CMY5XF","81.5","41.5","11.6","12200"
"Hasipu ハリウッドミラー 女優ミラー 化粧鏡 LED ライト付き 10 倍取外拡大鏡 & USB 付 3 色調光 タッチメモリー 卓上壁掛両用 80×55cm 丸角フレーム ホワイト","11428","36","","2154","¥ 12,349","","1","B0B4WFSWSW","B0DF6NMYNK","90","65.5","8.5","9640"
"HOKEEPER ハンガーラック 200kg耐荷重 洋服掛け キャスター付き 伸縮ポール&収納ネット 室内物干し 165x57x168cm 軽量設計 3インチ静音キャスター 組立簡単 服掛け","11431","45","100","89","¥ 9,580","","2","B0FBJKW5ZP","B0FBH2BWXN","62.1","41.7","10","9170"
"マニフレックス クールトッパー 接触冷感 マニクール と 速乾性 に優れる マイクロファイバー の リバーシブル で オールシーズン 使える 睡眠の質 を上げる 高反発 敷パッド セミダブル 5cm厚 布団やマットレスに重ねるだけで 寝心地アップ 【公式直販】 三層構造 の 体圧分散 で 理想の寝姿勢 イタリア製 ドライクリーニング可 夏 ひんやり 冬 快適","13887","27","","7","¥ 45,100","¥ 45,100","1","B0DBL35HL2","B0948QK5WN","111","30","26","4950"
"パロマ ガステーブルコンロ（一口ステンレスタイプ）PA‐E18S 13A 都市ガス用","11433","47","100","680","¥ 5,260","","19","B01MYC80IK","","29.8","29.7","11.8","1810"
"柳宗理(Yanagi Sori) キッチンナイフ14cm 日本製 オールステンレス 食洗機対応 切れ味が長続きする特殊ステンレス 包丁 長時間使用しても疲れにくいバランス 手術用に使われるステンレス素材を刃先に使用","11437","51","50","280","¥ 5,986","¥ 5,986","11","B00078MHOC","B07W33D2NY","30.2","8","2.6","220"
"[ベルメゾン] キッチンマット 抗菌 防臭 サークル柄 マット チャコール 約65×180","25994","12","","180","¥ 5,580","","1","B0DK4XK4PT","B0BDR9BSHT","65","45","4","1500"
"ILIFE アイライフ ロボット掃除機 薄型 ブラシレス吸引口 毛絡み防止 4000Pa強力吸引 自動充電 落下防止 V5x","11439","27","100","3579","¥ 14,980","","1","B0GTYP5GRS","B0H9DNJ91Z","40.5","34.6","12.2","3380"
"萩原 カーペット シオン グレー 江戸間4.5畳 261×261cm","11444","51","","74","¥ 6,644","¥ 6,644","13","B0BDKZVGTM","B0GCJZTZH9","90","48","12","4960"
"ANDWINT オープンシェルフ ラック スリム 6段 幅30 オーク 収納 棚 すき間 飾り棚 コーナーラック 組立簡単 本棚 ディスプレイ 陳列 展示 スチールシェルフ フリーラック シンプル モダン 花台","11447","21","","147","¥ 5,377","¥ 5,377","1","B0D22VJ2GL","B0D3LQ7RSD","84","24.5","10","5820"
"スチールラック本体 高耐荷重収納棚 倉庫 ガレージ メタルラック 組立簡単 高さ調整可能 自由に組み合わせ 収納ラック キッチン 物置(120*40*183CM)","11449","70","100","228","¥ 17,190","","1","B0G4LYD368","B0G4LX874G","145","42","16","26000"
"ECOVACS(エコバックス) WINBOT MINI2 窓掃除 窓拭きロボット 自動清掃 窓用 ガラスクリーナー 超音波ミスト噴霧 落下防止","11450","52","50","1060","¥ 39,800","","1","B0GVDKNGQB","B0HDD62ZCD","42.1","26.4","8.9","2860"
"高儀 ステンレス 角 バット つや消し 4枚取 容量約16L 長方形 TAKAGI 下ごしらえ 揚げ物 天ぷら 油切 一時置き 錆びにくい 調理器具 キッチンツール 日本製 たかぎ","13337","38","","","¥ 6,309","¥ 6,309","3","B0DYGYT9Z9","B0GKMYLN4W","57.5","36.5","9.2","1800"
"Afloia 除湿機 小型 ミニ 無電源 繰り返し使える 消臭＆強力除湿 除湿ボトル*2+乾燥スタンド＊1 コンパクト コードレス 除湿器","11456","55","100","652","¥ 5,480","","1","B09TQK3QMH","B09H29FWB2","25.8","20.7","11.9","1340"
"MAG(マグ) 掛け時計 壁掛け時計 アナログ 無線LAN NTP 時刻を同期 シンプル インテリア リビング オフィス 夜間秒針停止 直径32.7㎝ ホワイト シグナルキーパー W-811A WH-Z ノア精密","13241","37","50","62","¥ 5,418","¥ 5,418","1","B0DKXPKFNK","B0FWJRQH1G","34.7","34.6","5.9","950"
"タンスのゲン 脚付きマットレス セミダブル【実用新案登録】組立簡単 耐荷重240kg 高反発×3層構造 高脚 ベッド 17810139(106575)","11462","29","","14","¥ 14,999","","1","B0F3CK2476","B0DT8FCP26","119","32","29","24000"
"COMSTICKC 立体 タイルシール、厚い、防水性、耐熱性、[10枚] 30.5 x 30.5 cm 台所 浴室 壁で使用、屋内DIY壁装飾","13301","26","","73","¥ 5,400","","1","B0FRSNMYJN","B0H1RC37Y7","31.6","31.2","2.9","1090"
"SONGMICS 5段収納ラック 浴室棚 伸縮式植物スタンド","11465","44","","2911","¥ 17,608","","2","B09FF2CGC7","B09QMRCRBR","44.4","32.1","12.3","3730"
"タンスのゲン ラグ 4畳 200×300cm【お掃除ロボ対応 スロープラグ】極厚30mm 高反発 滑り止め 厚手 90900003(110118)","11467","45","","119","¥ 9,489","","1","B0FMQV7JKX","B0FQHG61N5","59.7","40.1","38.7","7470"
"山善(YAMAZEN) 収納ボックス Lサイズ 【3個組】 積み重ね可 折りたたみ 全方向から取り出せる 収納ケース キャスター付 コンテナ ボックス 衣類収納 幅51.5×奥行36.5×高さ30cm ホワイト SFOB-L3P(WH)","12820","61","","61","¥ 8,980","¥ 8,980","1","B0FMXYW6G6","B0FN4W9YVD","55.3","40.9","30.3","7280"
"CHUUARYUU 座椅子 コンパクト 折りたたみ ミニ座椅子 軽量 リクライニング 背もたれ5段階 かわいい こたつ 薄型 1人掛け ローチェア ローソファー フロアチェア 一人用 ソファ 無地 リビング ダイニング 収納やすい 持ち運びやすい コーデュロイ生地 ブラウン","11482","48","50","31","¥ 5,460","","1","B0GLGLNFLG","B0GLG62DZJ","54.8","44.2","15.9","3040"
"HAOCOO ラグ カーペット 約1.5畳 洗える 140×200cm ホットカーペット対応 絨毯 ペルシャ風 ラグマット ふわふわ オールシーズン適用 滑り止め 防ダニ 防臭 軽量 防音 室内用 デスクマット ダイニングマット アンティーク 花柄","13549","39","","92","¥ 5,990","","1","B0FCRR92BQ","B0FFGQ9D49","39.1","30.9","15.5","3950"
"DCT:koiows 折りたたみ収納ボックス 蓋付き 5面開閉式 積み重ね可能 大容量 収納ケース キャスター付き 防塵防湿 ABS樹脂 押入れ収納 半透明 簡単組み立て 厚み 強い耐荷重 家庭用/車載/アウトドア対応 (XLサイズ：60×42×33.5cm 82L)","13127","31","","70","¥ 9,930","","1","B0G5Y81F5L","B0FMRS2PZ8","62","45","24","9200"
"nishikawa 【 西川 】 [エアー] エアー ポータブル クッション 40X40cm (スクエアタイプ) 凹凸構造 体圧分散 長時間座っていても疲れにくい ムレにくい エアー AiR ブルー HG90501661B","11496","42","50","177","¥ 7,700","¥ 7,700","1","B084MYD1HL","B085CKYSNZ","48","42","6","360"
"[山善] コーヒーメーカー ドリップ式 水出しコーヒー (1杯2.5分) 850mL 6杯 お茶 紅茶 保温 保冷 ステンレスサーバー(マグカップになる) YCB-720(B)","11497","58","","15","¥ 6,345","¥ 6,345","2","B0G5XMGXC7","B07SYXJR9V","34.8","30.2","18.2","2640"
"[マシュール] 風呂敷 110㎝ 3.5尺 冠婚葬祭 式典 法事 葬儀 葬式 納骨 骨壷カバー ホワイト ポリエステル 大判 無地 (10枚, 白)","11886","36","","158","¥ 9,990","","1","B0BC19GBSR","B0BC17YCJ3","30","22","1","150"
"AHJ ご飯鍋 1-3合炊き 鋳物鍋 琺瑯ペイント IH・ガス火・オーブン・ 直火対応 キャスト炊飯器 ホーロー炊飯鍋 鋳鉄鍋 ごはん お米炊く鍋 厚手 高気密 蓄熱性 プレゼント ギフト 贈り物 日本語取扱説明書・レシピ付き (ブラック)","11504","46","100","355","¥ 6,999","","1","B0GC58PDJM","B0HGF7D278","23.7","21.2","16","3360"
"白井産業 カウンターワゴン 食器棚 幅112cm 高さ85cm ナチュラルブラウン キャスター付 背面化粧有 キッチン収納 シンプル キッチンカウンター ベアルモ BRM-8511CWNA","11508","40","","33","¥ 17,633","¥ 17,633","2","B0FRL4VK7J","B0FX4477RF","117.6","42.1","14.4","34100"
"【整体院長も愛用】 RENPHO Eyeris 1 - リモコン付きアイウォーマー - ホワイト エア アイウォーマー 4Dリラックス リモコン付き 最新グラフェン加熱技術 目元エステ 5つのモード ホットアイマスク USB充電 男女兼用 音声ガイド アイケア 折り畳み可能 職場休憩/出張/旅行 目元ケア プレゼント RF-EM001R-WH","11512","47","100","22855","¥ 8,799","","1","B0DY7S6S6D","B0GVJJ1Z6D","20","14.8","10.6","710"
"【管理栄養士監修レシピ付き】LARUTAN ポットクッカー 自動調理ポット スープメーカー 豆乳メーカー 自動調理器 600ml 1台4役 予約 保温 離乳食 スムージー （ホワイト）","11513","55","100","90","¥ 8,979","","1","B0G11V432G","","27.9","18.6","17","1570"
"EKO ゴミ箱 自動開閉 デラックスファントム シルバー 45L センサー ふた付き インナーボックス有り EK9287MT-45L","11519","66","100","363","¥ 21,264","¥ 21,264","11","B07B8YFYLL","B0BWDM7H98","73","53","33.5","10260"
"オムロン パルスオキシメータ HPO-100","11520","59","100","500","¥ 9,073","¥ 9,073","4","B0BKRVGQ9V","","9.6","6.4","5.2","90"
"象印マホービン 電気ポット 3.0L メタリックブラウン CD-WU30-TM","11522","69","100","329","¥ 10,700","","21","B01I8RJ9ZS","B074WCGGF6","33.7","27.2","27.1","2730"
"【正規品】Airdog X5用｜イオン化ワイヤーフレーム エアドッグ フィルター","11524","46","200","57","¥ 6,600","","1","B0FQ5X9FPX","","32.6","31.6","6.4","430"
"【博士監修】NIPLUX EMS HEAD SPA電動頭皮ブラシ ヘッドスパ 頭皮ケア赤色LED乾湿両用 スカルプ 頭皮洗浄 リフトアップ 頭皮エステ","11524","42","50","404","¥ 11,880","","1","B0BFRFN6RN","B0C6SPPPDR","18.1","15.7","14.7","840"
"掃除機 コードレス【2027先行バージョン 業界初独立モーター自走式 強力吸引 AIモード＆超広角LEDライト＆第二世代LEDディスプレイ＆70分連続稼働＆革新的な8層ろ過システム】コードレス掃除機 軽量 サイクロン式 スティッククリーナー 伸縮型パイプ 収納スタンド付 絡まないブラシ HEPA 多重濾過フィルター 大容量バッテリー 低騒音 ワンタッチゴミ捨て 2年保証","11547","86","200","75","¥ 14,999","","2","B0GSPCWYC1","B0H4TRYXQ7","44.1","31.8","18.7","3600"
"【Amazon.co.jp限定】ミストファン キャンプ扇風機 アウトドア扇風機 最大55時間連続使用 自動首振り 超強風 風量無段階調節 屋内/アウトドア両用 熱中症対策 充電式 リモコン付き タイマー機能 低騒音 多機能 吊り下げ サーキュレーター 卓上 扇風機 防災 キャンプ用品 テント マット コンパクト 持ち運び便利 日本語取説付","11548","11","50","14","¥ 6,999","","1","B0H5VGP1XF","B0HC1XJCDG","38.6","29.1","15.7","2300"
"【hogu】 今治タオル ワッフルケット シングル グレー 約140×190cm 綿100 日本製 軽量","11551","18","","47","¥ 6,773","","1","B0FL1RWW4C","B0FL216ZGD","37.8","32.3","9.3","810"
"サーモフラスク 1.9L ブラック 保冷専用 水筒 ステンレスボトル 1900ml 直飲み TAKEYA","12385","53","","1660","¥ 6,600","","1","B0CX4QV5KS","B08YYKVRWF","29.2","15.4","13.6","1010"
"ottostyle.jp 隙間収納 キャスター付き 洗面所 スリム 隙間ラック キッチンワゴン 7段 キッチン収納 すきま収納 高さ180cm ハイタイプ 高さ調整 可動棚 ランドリー 冷蔵庫横 収納棚 ストッカー キッチンラック 引き出し 省スペース [ホワイト] [奥行45cm/幅22cm]","14874","13","","59","¥ 11,100","","1","B0FMWQ2H5R","B0DZWH8YFW","98","26","18","18500"
"デロンギ 電気ケトル アイコナ・ヴィンテージ ステンレス 1.0L 転倒時湯もれ軽減構造 湯量切替ボタン 空だき防止機能 簡単お手入れ KBOV1240J-BK シネマブラック 【デロンギファミリー登録で3年保証】","11563","61","50","38","¥ 12,812","¥ 12,812","1","B0GX8B7VXQ","B0GXYCKKWJ","24.4","22.2","21.8","1620"
"サンナップ クリアカップ 510ml 17oz 1000個(50個×20パック) 対応蓋(CL92-100F・070175) C92-5150ZL","12934","31","","","¥ 21,930","¥ 21,930","1","B0FRMNCJ2X","B0DSBRDSFY","37.1","9.2","9.2","589"
"Zilnox 水切りラック シンク上 大容量 食器 水切り つっぱり式 キッチン 突っ張り 省スペース(グレー)","13007","28","","84","¥ 10,799","","1","B0DZD8W4JP","B0FLX8DD9Q","103","35","17","6800"
"ドレッサー 化粧台 幅80cm コンパクト LEDライト付き コンセント付き 4段引き出し スツール付き (ホワイト, 80*33*130cm)","13306","4","","6","¥ 12,331","","1","B0HFMWYNNY","B0HCVDBRXB","90","47","17","23000"
"JC0036ST カートリッジ互換 JC0036ST シリーズ浄水器用カートリッジ 高除去性能タイプ (3個入)","11573","69","100","30","¥ 5,680","","1","B0GJ4F6P8R","B0GJ54GFLM","15.2","14","5.1","140"
"CIROM 高機能TPE枕 首が痛くならない 人気 快眠 高反発まくら 人間工学波型枕 頭首肩フィット 【整体師監修 ハニカム構造でゼロ圧の深い眠り】","11573","73","100","130","¥ 6,631","","2","B0FWXNG5Q3","B0G5WF3YRY","52","35","10","2850"
"AHJ 鋳物 ホーロー鍋 22cm 両手鍋 IH・ガス火・オーブン・直火対応 無水調理 炊飯 煮込み 深型 高蓄熱 焦げ付きにくい ホーロー加工 3L 3.5KG レッド レシピ付き ギフト プレゼント 贈り物","11578","33","100","156","¥ 9,999","","1","B0GCK65P7D","B0H4KDM9HJ","29.4","28.3","15.2","4900"
"【ケース販売】サンナップ 厚紙カップ 400ml 1,000個 タッセドカフェ 日本製 紙コップ 厚紙 使い捨て 業務用 耐熱 断熱 シックな色合いが特徴の使用シーンを選ばない厚紙カップ 内面ポリエチレンラミネート加工 テイクアウトに最適 AC4050TEC","11583","35","","20","¥ 15,492","¥ 15,492","1","B0FRFCLWFT","B0H8P76SDN","56","8.8","8.8","575"
"ドレッサー 化粧台 コンパクトサイズ 幅80×奥行36×高さ130cm スツール付き 鏡台 大容量収納 4段引き出し メイク台 ホワイト 918","11594","55","100","99","¥ 10,431","","1","B0FMXLYKFV","B0FMXSJNZL","86","50","18","28300"
"除湿機 小型 除湿器 省エネ 1500mL大容量水タンク 静音 狭い空間向け 24時間切タイマー 満水自動OFF RGBライト ペルチェ式除湿機","11594","73","50","218","¥ 6,280","","1","B0D9P9ZGH1","B0HFB35DSH","28.9","17.3","16.9","1240"
"アイリスプラザ 肘掛け付き座椅子 YC-8013E チャコール","11595","7","","","¥ 7,450","","1","B0H7RLS3K2","B0H7RX35QV","69.3","57.7","33.7","8220"
"【節電】アイリスオーヤマ LEDシーリングライト 12畳 調光調色 リモコン付き 5200lm ウッドフレーム CEA12DL-5.0QWFM","11596","44","50","181","¥ 7,680","¥ 8,346","9","B0CLL3K6R2","B0DHYPT17T","62.6","58.9","28.9","2840"
"TAILI 吊り下げ式真空ストレージバッグ 衣類用省スペースバッグ 収納用","11610","46","","1785","¥ 7,192","","1","B0883C669K","B0DZ5X4ZYC","29","20.6","8.8","762"
"Wapik ハンガーパイプ 壁付け ハンガーラック 大容量 おしゃれ 見せる収納 DIY 洋服ラック キッチン 浴室 ハンガーバー 頑丈 オープンクローゼット 耐荷重100㎏ (壁から10CM,120cm)","12821","5","","2","¥ 5,030","","1","B0G3C9889M","B0G3C8LZ7G","45","35","35","2500"
"VLANDO ジュエリーボックス アクセサリー収納 レザー 大容量 27×16×28.5cm 6段-ピンク","11615","43","","107","¥ 5,794","","1","B0D4V27PWY","B0GX1H2ZDW","29.7","28.8","18.6","3370"
"TIME TIMER MOD 9cm 60分 タイムタイマー モッド(カバー付き) チャコールグレイ 時間管理 学習タイマー TTM9-W 正規品","11617","86","50","2437","¥ 5,800","¥ 5,800","8","B013F7HXO0","B0DQ4RB4XH","10.4","10.2","6.2","180"
"象印マホービン 電気フライヤー 1.0L あげあげ 火を使わずに揚げ物づくり 卓上 家庭用 油温調節機能 メタリックカカオ EFK-A10G","11621","90","200","867","¥ 6,910","¥ 6,910","14","B001RO4H7U","","33.5","20.4","19.9","2400"
"AEEZO 折り畳みラック 3段 幅71×奥行き34×高さ87cm 折りたたみ収納 スチールラック キャスター付き","9236","42","","200","¥ 6,368","","1","B0CYTB8X13","B0D9NZ536L","87.5","40","9","5000"
"大石アンドアソシエイツ ラッセルホブス 電気ケトル コーヒー 0.8L ドリップ ポット 細口 ステンレス 洗いやすい 1250W 7408JP","11625","80","50","2363","¥ 8,523","¥ 8,523","1","B00VK6C7V8","B0C9HLW7KJ","29.5","19","18","1280"
"【公式】トゥルースリーパー プレミアケア シングル[ホワイト] 【抗菌 防カビ 防ダニ】【クリアファイル付き】【最大30日お試し対象は販売元Amazonのみ】正規品 低反発 低反発マットレス 日本製 寝具 マット 厚さ5cm オーバーレイ マットレス トッパー 中田久美さんご愛用 Shop Japan(ショップジャパン) True Sleeper","11626","40","50","975","¥ 20,570","¥ 20,570","1","B07S2QL72Q","B0GTV8NR6J","54","35","31","5000"
"LOWYA ロウヤ チェスト タンス 収納 約幅80cm 4段 箪笥 大容量 おしゃれ オーク","12975","44","","1003","¥ 14,990","","1","B06ZY1FN4C","B08CF2ST5Z","95","47","21","37370"
"Amazonベーシック シートクッション&ランバーサポート クールジェル メモリーフォーム ブラック 42 cm x 37.9 cm x 7 cm/32.9 cm x 32 cm x 10 cm 2個組, 長方形","11628","49","","955","¥ 5,256","¥ 5,256","1","B08BM7T82Z","B0CD3WP878","45.7","36.8","20.3","2722"
"アイリスオーヤマ 収納ラック 本棚 スペースフィット オフホワイト 幅約50×奥行約29×高さ約180cm 大容量 省スペース収納 漫画マンガ棚 コミック棚 奥行スリムでスッキリ たっぷりしまえる丈夫な造りお部屋をスッキリ コンパクトサイズだから置き場は自由自在 S-SFR1850","11630","43","","791","¥ 12,492","¥ 12,492","6","B00VKYCVKC","B07FTGY67F","194.1","31","9.9","21600"
"医療機器認証 フットマッサージャー (電動 足 マッサージ器/WEB限定色グレー) 日本メーカー 振動 エアー マッサージ (ローラー ヒーター 機能付き) 足つぼ 足の裏 むくみ プレゼント ギフト","11637","45","","20","¥ 6,732","","2","B0D8T8W6JK","B0BPXSM9NJ","41.1","20.5","18.8","1980"
"ＭＵＭＵ.ＬＨ 棚 ラック オープンラック シェルフ 収納棚 オープンシェルフ おしゃれ ディスプレイラック フリーラック本棚 スリム 隙間収納","11639","27","","51","¥ 8,989","","1","B0F18L6QZB","B0F13QDBWV","77","25","13","9800"
"ナガオ コップ マイカップ 330ml パステルピンク プラスチック No.809P 20個セット","14117","29","","192","¥ 7,046","¥ 7,046","1","B07MZ5ZHCQ","B07N1BPFYZ","39.2","18.9","17.8","1810"
"LAOPAO 自動ソープディスペンサー 泡立ち:充電式タッチレスソープディスペンサー ステンレススチールフォームソープディスペンサー バスルーム用ハンドソープポンプ キッチンクリスマスギフト用 9オンス ブラック","13125","26","","63","¥ 7,911","","1","B0CY5FNGV4","B0CWLFHB9L","22.7","12.5","9.2","549"
"ブレインスリープ ピロー STANDARD ＋ピローカバー2枚（オーガニックスリープ）ストーングレー","11655","1","","17","¥ 35,530","","1","B0HC3J6KDF","B0DK4RTTY2","60","35","11","15000"
"Emuia 鉄鋳物 ステーキプレート 2枚セット 直火・IH対応 大判サイズ 木枠スタンド付き 家庭用 業務用 焼肉 ハンバーグ お好み焼き キャンプ テーブル調理 保温性 高熱伝導 プロ仕様 (30CM,ナチュラル)","13680","5","","1","¥ 5,290","","1","B0FDWG2QC9","B0FDVYL4T6","25","25","5","400"
"[Vegetable] 電気ポット 大容量 5.0L 省エネ 3段階温度設定 シンプル操作の2WAY給湯 安心・安全構造 360度回転底 空焚き防止 電動給湯ポット ブラック/シルバー GD-UP500K","11659","51","100","39","¥ 6,000","¥ 6,421","8","B0F7QQ8B6Y","","44.5","27.5","27.5","2890"
"SONGMICS 洗濯かご 蓋付き 65L 取り外し可能なメッシュライナー","18204","30","","619","¥ 10,707","","2","B0CLV8WJ7N","B0CVTKHKCR","42.3","23.2","5.1","1330"
"まとめ買い ペーパーカップ 5oz 150ml 【2000個(100個×20パック)[ふだん使い 紙コップ] 白ムジ ホワイト [安全品質] 】サンナップ製ディスペンサー対応(CD-5DB) サンナップ製カップホルダーに対応(CH-150BK) C15100AW","13298","8","","73","¥ 12,114","","1","B0GR97J4V1","B0H7FZV434","31","13.5","13.5","370"
"シチズン 上腕式血圧計 CHUHシリーズ CHUH5331","11673","44","50","9","¥ 9,350","¥ 9,350","1","B0G33N2249","B0GGQ6V7ZH","18","15.4","12.5","900"
"お線香 御供（贈答品）【御供掛け紙・包装済・お悔み状付】布貼箱 特撰淡墨の桜6寸・絵ろうそくセット 日本香堂","12807","46","","5","¥ 6,000","","1","B0D1XG2WSN","B0D1JQMQFZ","33.5","17.2","4.4","680"
"SONGMICS スチールラック 5段 取り外し可能 総耐荷重875kg 組立簡単 幅90x奥行40x高さ180cm","11680","58","","232","¥ 5,990","","2","B0D7PKLG2C","B0H2VMSJB3","97","46","7","13700"
"SALLOUS ダイニングマット 木目 特大サイズ 180×180cm （約2畳） 一枚タイプ PVC素材 裏面エンボス加工 約9kgでズレにくい","11687","21","","460","¥ 8,480","","1","B0C1FZ585P","B098QT5VZP","181.5","8","8","8600"
"VECELO マットレス 極厚20cm 【セミダブル】 体圧分散 サイド強化 通気性 ニット生地 ポケットコイル ウレタン入り 抗菌防臭 防ダニ 圧縮梱包 120*195*20cm ホワイト グレー","11689","66","50","105","¥ 12,388","¥ 12,388","1","B0DP2L1F3W","B0FXQ6CDRG","125","27","27","20800"
"YOWEXA 2026革新塩分計 塩度計 0-10% 【プロ仕様】 より広い範囲 防水高精度 減塩生活 料理汤汁対応 塩分濃度と温度の二重表示","11691","43","100","12","¥ 5,776","","1","B0G6ZXYYLX","","22.5","11.6","5.7","240"
"シーフィールド 《日本製》防炎 1級遮光カーテン 幅200×丈210cm : 1枚組 ラベンダーブルー 99.99％以上遮光 断熱 防寒 防音 省エネ 厚手 無地 おしゃれ 洗える 寝室 リビング用 NE-01","16858","8","","177","¥ 6,490","","1","B0CWY3SH98","B0D4J3BXGZ","37","25.5","9","1840"
"EGROON PUレザー製 テーブルクロス テーブルマット デスクマット テーブルカバー 長方形 多機能 撥水加工 耐久 汚れ防止 両面デザイン ネイビー+オレンジ 90*160CM","25513","5","","107","¥ 5,220","","1","B09YM645HC","B0DBQ3JPQC","93","6","6","1800"
"Major In Life ベッド ベッドフレーム 宮棚付き すのこベッド コンセント付き 木製 2段階高さ調整 (ブラック, シングル)","11712","45","50","18","¥ 10,020","","1","B0GCYMT23B","B0GCYZY3GJ","100.5","38.5","15","22000"
"日立(HITACHI) 掃除機 ラクかる コードレス スティッククリーナー PV-BL2H N シャンパンゴールド 日本製 軽量ボディ 自走式","11717","62","100","817","¥ 28,900","","15","B08R1N7QKG","B0DKXLQNNK","56.1","27.4","23","3330"
"LED蛍光灯直管 40形 グロー式の照明台座に工事不要 昼白色 5500K 40w形 直管蛍光灯 グロー球を外す 120cm 口金G13 t8 両側給電LEDランプ 20本","10202","21","","250","¥ 12,500","","1","B0BYVV4JG8","B0BYVT2MR1","121","15","12","3000"
"Less&セイエイ(Seiei)【ハンガーパイプから落ちない幅広フック 8個組】アルミニウム シルバーカラー 洋服掛け 小物収納 バッグハンガー クローゼット 日本製","13199","41","","4","¥ 5,244","¥ 5,244","2","B0DMN7VLCY","B0DF56Q47Z","19.8","12.4","4.4","140"
"月夜のネコ 極重 （ ごくおも 5.4kg ） 掛け布団 ウェイトブランケット 重い布団 加重ブランケット お使いの布団に1枚重ねるだけ かけ布団 布団 オールシーズン （5.4kg/ネイビー)","11720","35","50","103","¥ 8,800","","1","B0DL421DMQ","B0DL41J1V7","44.3","31.7","14.3","5610"
"掃除機 コードレス 85000Pa 【2026新登場！自動ゴミ収集・置くだけ充電・スタンド 3in1ドック付き】 Qatuo コードレス掃除機 強力吸引 バッテリー着脱式 自立式ヘッド LEDライト付 サイクロン スティッククリーナー 紙パック式 軽量 コンパクト フロア/カーペット/カーテン/ソファ/車に適用 一人暮らし・一般家庭向け 5年保証 PSE認証取得済","11726","15","50","10","¥ 17,980","","1","B0GBXB38QJ","","50","30","20","5800"
"タンスのゲン ゴミ袋ホルダー 115-170L 拡張式 ダストワゴン 12分割 ふた付 キャスター 99900579(108772)(125016)","11726","49","","1","¥ 18,999","","1","B0F8QJYWNT","B0DL5HQJVD","86","60.5","12.5","16930"
"【公式】バルミューダ キッチンクロス付き リベイカー ホワイト｜ BALMUDA Rebaker | White KTT01JP-WH","11728","52","100","73","¥ 25,300","","1","B0CS5Y92ZP","B0CVRCK728","39.8","37.7","27.7","4500"
"ekans(エカンズ) ステンレス 伸縮式ものほし台 ブローベース付き KSB-100","9717","51","200","591","¥ 5,980","","1","B01HM0QUXG","","89","54","17.5","6540"
"喜之木すのこベッド セミダブル ベッドフレーム すのこ 檜 ヒノキ ロール式 スノコベッド すのこマット 折りたたみ 木製 通気","13476","21","","2","¥ 8,341","","1","B0FWWYX4FQ","B0HCZ3LXVS","120","19","15","9700"
"昭和西川 ダウンケット 羽毛布団 春 夏 秋用 シングル 軽量 薄手 洗える 掛け布団 肌掛けふとん オールシーズン 肌掛け ホワイトダックダウン50％ 0.25kg シングル シングルロング 150×210cm グレー 2211273111937","11743","50","50","284","¥ 6,500","","1","B088ZFJZSF","B0D46VBM1B","50","40","8.2","840"
"Beddiny ラグ 洗える 極厚30D 抗菌防臭 滑り止め 200×300cm アイボリー","20393","25","","20","¥ 8,160","","1","B0G2LN7KK6","B0HGRG65N3","41.5","28.6","12","3940"
"ナガオ 魚さばき包丁 小 刃渡り145mm モリブデンバナジウム鋼 片刃 左手用 日本製","11758","51","","60","¥ 9,350","","1","B09FPV1XLS","B09GG8BGKC","33","7.6","2.6","260"
"nishikawa【西川】 枕 首のこりやすい方向け ヘルシーピロー 睡眠ラボ ドッツ 首筋にフィットする ネックサポート構造 点で支える 洗える側地 60X35X10cm ホワイト EH92909452","14890","47","50","46","¥ 8,100","¥ 8,100","1","B0BKQCFVXB","B0CSXTX9SX","63.4","38.1","14.9","1810"
"ANWIO シーリングライト 4灯 スポットライト 700LM 6畳 8畳 消費電力6W リモコン操作 円筒ペンダント 北欧 シーリング","11771","40","","88","¥ 10,999","","1","B0C3C4S1YS","B0HC2MV4VS","39.9","19.1","14.3","1580"
"ZINUS Regular マットレス ポケットコイル 20cm ブラック シングル コイル数450個 通気性 体圧分散 かたさふつう 抗菌加工 高耐久 | 圧縮梱包 ベッド ジヌス | 日本正規品 REGULAR-8","18172","34","","6","¥ 17,490","¥ 17,490","1","B0DPQ328MP","B0FPCBCJRY","103","34","34","20300"
"[ニッセン] ベッドパッド・敷きパッド 接触冷感×綿混タオル地吸汗速乾リバーシブル敷きパッド（ファミリーサイズ） ミントグリーン 4人用(240cm)","11779","13","","140","¥ 5,217","","1","B098Q6CM3V","B0HBB5YSFF","71.5","53.6","14.5","1930"
"【黒曜石】Avenco マットレス クイーン しっかり硬め 極厚26cm 高反発 高密度ウレタンフォーム 竹炭入り 2層構造 線径2.2mm コイル数667個 クイーンサイズ マットレス 並行配列 体圧分散 通気恒温 寝返り安定サポート mattress 静音 エッジサポート 高耐久性 圧縮梱包 グレー+ブルー 160×195×26cm","11780","30","","26","¥ 28,066","¥ 28,066","1","B0GX1QFGSF","B0GXZ9WKYF","170","28","28","37200"
"ナカトミ(NAKATOMI) 大型冷風扇 業務用冷風扇 業務用 100V タンク容量60L 風量3段階 キャスター付き CAF-60","11781","56","50","8","¥ 64,000","¥ 64,000","1","B0CWRC4Q18","B0CXPTR1M6","132.5","74","56.5","33500"
"無印良品 スタッキングチェスト 幅37×奥行28×高さ18.5cm ハーフ 引出し2段 ウォールナット材突板 12381198 タンス チェスト 収納 棚","11787","46","50","125","¥ 5,496","¥ 5,496","1","B0BN1NX6LW","B0BNB8867W","42.7","34.4","32.6","4700"
"nishikawa 【 西川 】 エニーマット マットレス シングル 高反発 寝返りサポート エアホール加工 通気性 年中快適 抗菌加工 洗濯可能な側生地 折りたたみ 収納用固定ベルト付き ベッドでも床でも使用OK 敷き布団 ベッドマットレス ANY MAT スリープラインby nishikawa ネイビー 246057293 【最大30日間お試しサービス対象】","11788","105","200","1032","¥ 14,093","¥ 14,093","1","B08R39Z1TN","B0917YVCZ1","56","36","36","5460"
"総理大臣賞受賞デザイナー監修 花束 生花 ブーケ Mサイズ ホワイト 花 ギフト 誕生日 プレゼント フローリストせきど","11788","29","","440","¥ 5,748","","1","B01M7R4IZF","B0D9VG4LVD","2.5","2.5","2.5","454"
"【I'm home掲載】シューズボックス (12段 6段×2セット) 組立不要 折りたたみ 透明 靴収納 大容量 スリム クリア 靴ラック","11798","38","","225","¥ 8,082","","1","B0D9Y4VPGF","B0D9Y4KXRB","41.5","40.5","32.9","8970"
"FIIL 集音器 高齢者 骨伝導 しゅうおんき 【アプリスマート操作】BT5.3 ノイズ低減 充電式 IPX5防水 敬老日 簡単操作 ダークカラー","11799","54","50","123","¥ 13,888","","2","B0GD16V3B5","B0HDB6VPJG","16.4","13.5","6.4","240"
"GOKUMIN すのこマット すのこベッド セミダブル ヒノキすのこマット マットレス ベッドフレーム 折りたたみ 布団","11799","41","","53","¥ 17,203","","1","B0F293XMTR","B0F4CZ7QMB","62.5","48","21","11700"
"Joydeco 遮光カーテン 2枚組 ネービー 幅100cm*丈150cm ピンチプリーツ カーテンレール対応 防音 保温 省エネ 寝室 リビング 形状安定加工済み UVカット 洗濯機対応","11802","4","","454","¥ 10,399","","1","B0D2K9LX41","B0HG1VQ1JS","37.9","25.3","7.7","1260"
"HiKOKI(ハイコーキ) 10.8V 充電式 クリーナー R12DPA 紙パック式 軽量1.1kg ホワイト 蓄電池・充電器付 R12DPA(BSW)","11807","48","","64","¥ 19,319","¥ 19,319","10","B0DJS33VJ4","B0DP2NWV4G","51.6","19.7","15.7","2480"
"タイガー魔法瓶(TIGER) 保温 保冷 卓上 ステンレスポット 大容量 1.2L クランドブルー PWR-A120AL","11809","49","","40","¥ 5,699","¥ 5,925","8","B0FGD17QXZ","B0H3G5K7G1","22.9","15.1","14.6","790"
"【Amazon.co.jp限定】UOUOMI 枕 63×43×20 CM ホワイトグリッドパターン（2つの枕)グレー 枕カバー2個付属 ソフトで快適","11811","55","","215","¥ 5,480","","1","B0GSW3RRK9","B0F3CSV4KH","42.1","33","14.3","1740"
"ル・クルーゼ(Le Creuset) 鋳物 ホーロー 鍋 ココット・ロンド 18 cm マットブラック ガス IH オーブン 対応 【日本正規販売品】","11821","39","","2088","¥ 21,191","¥ 21,191","3","B00OBBNKLU","B09YYBDSDJ","25.2","23","11.2","2980"
"【iittala(イッタラ) 公式ギフトラッピング】 ティーマ マグカップ 0.3L ペア (2個入り) ホワイト 北欧 食器 クリスマスプレゼント 結婚式 誕生日 ギフト 引越し祝い aW1053575","11823","28","","330","¥ 8,140","¥ 8,140","1","B0G4L99HKD","B0H3JXY7V8","20","10.8","9.5","500"
"掃除機 コードレス【2027年先行発売！2800Kpa超強力吸引】自立式 80分連続稼働 コードレス掃除機 HEPA多重濾過 2WAY伸縮パイプ 壁掛収納 軽量 低騒音 上下90°左右180°回転 LEDライト付 着脱式バッテリー 家庭用/一人暮らし/フロア/カーペット/ソファー/カーテン/車に適用（レッド）","11831","36","50","43","¥ 9,980","","2","B0H1MBLF91","B0HG9SXXL8","44","25","18","3000"
"山善(YAMAZEN) 突っ張り ラック 8 段 スリム 全体耐荷重80kg 棚 オープンラック シェルフ 本棚 壁面収納 幅80×奥行21×高さ203-282cm 組立品 マットホワイト STR-788L(MWH)","11836","67","50","1176","¥ 13,800","¥ 13,800","1","B0GF6768DD","B0GFCV6ZJ6","109.5","27.5","16","14700"
"TheWarmHome (ザ・ウォームホーム) ギフト用収納バスケット 空 - XL - 3パック 長さ17.7インチ x 幅13.8インチ x 高さ9.8インチ 折りたたみ式収納ボックス 棚用 おもちゃ箱収納 ギフトブックランドリー用 (ホワイト)","12692","22","","2252","¥ 11,525","","1","B0CNR98FYK","B0781K1VJL","44.4","34.9","10.8","1361"
"クイジナート ノンフライ オーブントースター 4枚焼き ノンフライ調理 リバーシブルラック 4ダイヤル レシピブック付き シルバー TOA-29SJ","11842","47","100","73","¥ 18,900","","7","B09JNS4W2V","","48.2","40.1","36.5","9110"
"SnailM-JOY 滑り止めマット 高規格5.5mm厚 PVC材質 滑り止めシート 浴室 お風呂 浴槽内 屋外 業務用 プールマット 浴場 温泉 介護 玄関 学校 店舗 浴室 病院 転倒防止 家庭用 ゴムマット 90cm x 3m","13685","37","","183","¥ 5,280","","1","B0DMLXR2CM","B0FH7CKYZ6","90","43","13","6200"
"【プロ料理人と刀匠が推薦】ARTISAN&Co.SEKI.JAPAN正規品 岐阜県関市製 包丁 プロが愛用する切れる包丁 シャープナー セット オールステンレス 庖丁 食洗機対応 両刃 (三徳包丁185mm＋シャープナー)","11849","83","200","93","¥ 7,980","","1","B0FRRPHYYN","B0GVHVHQVZ","38.3","8.2","3.8","440"
"Scifimpガスコンロカバー 1 口 IH クッキングヒーター用スタンド ガス/IＨ両対応 調理器ラック兼保護カバー 一人暮らし向け (具体的な製品寸法については寸法図をご参照ください。) (48*35*7cm（厚さ3.0mm）)","12121","0","","","¥ 5,760","","1","B0GLP3QR8J","B0GLNNFK84","1","1","1","1000"
"横浜ハーバリウム弐番店 ハーバリウムオイル 1リットル 1000ml 9本 業務用 日本製 純度 ミネラルオイル","15734","9","","785","¥ 13,270","","1","B07T7DDHX4","B09PL4VN39","33.5","25.6","22.6","8690"
"ストリックスデザイン 荷物置き 折り畳み メッシュバッグ 小 12個セット〔ケース販売〕 ブラック 折りたためる コンパクトに収納できる カバン置き SB-056","16189","42","","31","¥ 42,290","¥ 42,290","1","B0CWGBJ6CJ","B0DT14SDVL","46.8","46","41.5","14670"
"Deefre 真空パック 袋 10x15cm 120枚入 真空ぱっくん 真空パック機専用袋 真空保存 PE+PA安全素材 耐熱 BPAフリー フードシーラー レンジ対応 低温調理 家庭用 業務用 (× 4)","11865","8","","532","¥ 6,396","","","B0GZCRNRKX","B0B3R812B1","16.2","10.4","5.6","1160"
"【フランスベッド正規品】 マットレス シングルサイズ 「TW-010α」 硬め 厚さ20cm グレー 日本製 301617100","11866","38","50","219","¥ 45,273","¥ 45,273","5","B093XVC9P6","B0DP2QYLYY","195","97","20","17000"
"kxptso 大容量 食器乾燥機 縦型プチ洗食 引出しタイプ 食器棚水切りラック コンパクト 節水 自宅 食器収納 蓋と排水ラックを備えたスマート消毒キャビネット (普通)","11900","1","","","¥ 6,126","","1","B0F3D6YRQQ","B0F3D68J18","38.5","30.5","29.5","1500"
"「Yuzuku」LEDブラケットライト 2個セット 両面発光 充電式大容量 5000mAh 壁掛けライト 3色調色・5段階調光 360°角度調整","12912","3","","59","¥ 5,999","","1","B0H1KYC2MW","B0HGRY845M","20","14","11","620"
"Novilla マットレス 高反発 シングル 敷布団 硬さ200N 折りたたみマットレス 腰の悩みから解放 寝返りサポート マットレス 厚さ5cm カバー洗える 収納袋付き ホワイト 97x195x5cm","12376","34","","9","¥ 5,524","¥ 5,524","1","B0H41MZ5F4","B0HB3NWCTC","55","23","23","4540"
"タタマリスト ワードローブ【整理収納アドバイザー推奨】クローゼット 折りたたみ ハンガーラック タンス 収納 (M（高さ136cm）, 窓あり)","11878","12","","12","¥ 13,980","","1","B0GYCG2P7Y","B0GYCFPYB2","71.7","52.5","36","13800"
"アイリスプラザ 長持ちボンネルコイルマットレス 厚さ14cm セミダブル 連結コイル288個 ボンネルコイル使用 硬めの寝心地がお好みの方に 体の負担を軽減 らくらく設置 圧縮梱包でお届け ブラック","11879","54","","17","¥ 10,879","¥ 10,879","3","B0DWXFBWS3","B0F47FL73D","125","25","25","20700"
"2人掛けソファ 高反発ソファー 肉厚クッション テディベルベット生地 座布団 リラックスチェア 椅子 フロアソファ モダンスタイリッシュ ビーズクッション コンパクト 一人暮らし ロータイプ 組立不要 高密度フォーム、リビングルーム、ベッドルーム、アパート、オフィス","11881","33","","22","¥ 29,999","","1","B0FGX7HGF5","B0H8YRDW5R","90","60","30","10000"
"Happiland マットレス シングル 極厚22cm ハイブリッド構造 中程度の硬さ ポケットコイル 寝返りサポート 体圧分散 通気性 高反発 静音 並行配列 圧縮梱包 195*97*22cm","11885","61","50","197","¥ 7,997","","1","B0GZP1DR4R","B0H7W64SDW","102","23","23","18000"
"JHTF オープンシェルフ 本棚 3段本棚 ラック 幅60×奥行30×高さ100cm 木製ラック 多機能収納 寢室 リビングルーム ホームオフィス レトロ (5層-80cm-30cm)","23627","4","","6","¥ 8,999","","1","B0H41FH4GR","B0GDZXRF99","81.5","34.5","25","17810"
"【今治謹製 公式ギフトラッピング】 紋織タオル バスタオル 2枚セット ピンク 今治タオル ギフト 木箱入り 日本製 IM7750Z PI","13668","5","","","¥ 5,500","","1","B0H7B7B2SL","B0H7B3MQF6","40.5","30.2","6.2","990"
"BAGSMART 吊り下げジュエリーオーガナイザー ネックレス/イヤリング/リング 両面 L ベージュ","11893","69","","8878","¥ 6,741","","3","B0CC85M47Q","B0B29LP9CM","35.9","21.3","1.6","240"
"萩原(Hagihara) 突っ張り ラック つっぱり 棚 壁面収納 ウォールラック 【DIY・穴あけ・工事が不要】簡単取付 段差対応 木目調 幅40 スリム ホワイト KTR-3146WH","11895","87","50","343","¥ 7,845","¥ 7,845","16","B09379Y378","B0BDLC91LP","106","25","12","9600"
"因幡電工 ハイクォリティドレンホース エアコン用 DHQ-16","11901","58","","31","¥ 5,696","¥ 5,696","9","B005699AVU","B0F1N4GH3J","40","39","26","3000"
"GOKUMIN ごろ寝マット マットレス シングル 高反発マットレス トッパー 硬め ベッド 折り畳み ブラック","11903","43","200","22","¥ 9,481","","1","B0GZVC74K4","","69","22","22","3000"
"SONGMICS ゴミ箱 30L ペダル式 蓋付き スチール製ダストボックス 横型 音が静か 袋が見えない 内バケツ有り","11905","51","","364","¥ 6,800","¥ 6,780","2","B09YYHY7NQ","B0DLNFVYRQ","72","41","35","6300"
"JEJアステージ(JEJ Astage) ホームボックス 920 日本製 家庭用 収納庫 収納ボックス ライトグレー 防災 [幅92×奥行50×高さ71cm]","11912","55","50","3408","¥ 7,674","¥ 7,674","9","B01N8RMFVZ","B0D91JHNWQ","89","69.5","48.5","6000"
"【2026革新版】Morus V3+ 吸着式衣類スチーマー スチームアイロン 3000Pa 強力吸引 連続スチーム 30 秒速熱 香り付け機能 片手操作 ハンガーにかけたまま 350ml 大容量 除菌 脱臭 花粉除去 PSE 認証済（リネンベージュ）","9568","11","100","3","¥ 11,900","","2","B0H9QMDBZF","","34.3","17.2","14.3","1100"
"Thunder Group アルミ寸胴鍋 ガス専用 33cm 28L 目盛り付き 蓋付き 業務用 両手鍋 ALZND033","12926","23","","33","¥ 11,990","","1","B0D332GWW8","B0DJ8CPGXM","37.8","37.7","37.1","4800"
"Tebla 折りたたみ風呂ふた ホワイト 抗菌防カビ 保温防塵バスタブカバー 賃貸・介護・一人暮らし・ファミリー向け浴槽蓋 (幅75 cm,長さ150 cm)","13440","0","","","¥ 5,688","","1","B0HCZT8W4S","B0HCZBVZFT","75","25","20","1000"
"アイリスオーヤマ ハンガーラック パイプハンガー ダブル 幅80~130cm(伸縮) 耐荷重20kg PI-2800M + ハンガー BAUハンガー 10P BAU-4310","13042","31","","583","¥ 7,360","","1","B0BXD9XW5K","B0F9P1RD21","84.1","33.8","14.9","8400"
"AKRacing ゲーミングチェア Wolf グレー ファブリック リクライニング エルゴノミクス JIS規格 5年保証","11935","59","100","2317","¥ 40,191","¥ 40,191","2","B01G8E2ETQ","B0DVKQWCFY","88","68","38","25000"
"アイリスプラザ(IRIS PLAZA) 天然オーガニックコットン100%寝具カバーセット シングル 寝汗も吸湿&発散 ふんわり天然素材 やわらかニット 洗濯機OK 通年使える 天然綿100% 全周ゴム仕様 ライトグレー","11939","34","","16","¥ 5,912","¥ 5,912","3","B0C1N1WMB7","B0C1S3JGFP","37","27.3","11.8","1520"
"タイルカーペット XINJIY ジョイントマット 45×45cm 40枚 厚5mm 大判吸着 防音 オフィス自宅用 自由カット水洗 OK ベージュ","11946","39","","44","¥ 10,980","","1","B0G2BDWYZP","B0G2BDN2WP","45","45","18","5000"
"Saiveina 洗濯かご ランドリーバスケット 大容量 2段 洗濯物収納 ランドリー収納 キャスター付き 持ち手付き 収納ラック 取り外しバスケット 通気性いい ホワイト","11956","51","100","90","¥ 5,651","","1","B0FQ5BVQFR","B0G4R36YQ8","47.2","46.3","34","5100"
"窓ガラスフィルム 透明 建築建物ガラスフィルム 厚さ0.05mm 可視光透過96% カット飛散防止フィルム 防災 地震 防災フィルム 窓 安全フィルム 2mil(152cm X2m)","14231","17","","287","¥ 5,000","","1","B07YZ5YTBV","B09FNWYZRG","5","5","5","500"
"フィリップス 電動シェーバー 9000シリーズ なめらかに深剃り","11969","131","400","832","¥ 28,000","¥ 28,000","1","B0BLGHWBVT","B0FV8SDV7N","24.6","16.6","16.4","1030"
"【まとめ買い8台セット】Belca(ベルカ) 日本製 収納棚 クローゼット・押入れフリーラック 伸縮タイプ 8台セット (1台あたり)幅76.5~93.5×奥行37×高さ35・40cm エコグリーン 収納棚 幅伸縮 高さ調節可能 CO-RG8T","18201","39","","610","¥ 12,160","¥ 12,160","1","B0DF1NK1QB","B0H4GF95JQ","80","43","40","16860"
"Styleneo ガーゼ手ぬぐい 手拭い 三重ガーゼ 日本で両面染め 綿100% 88×34cm 和柄 速乾 汗拭き (アソート6枚)","11975","17","","59","¥ 5,579","","1","B0CGDBZT6L","B0CJR2X3FF","25","20.4","4","300"
"システムK カウンターチェア 【全体が統一色でおしゃれな彩りデザイン】耐久PVC素材 女性が使いやすい軽量タイプ PVC座面 座りやすい曲線形状 クッション座面 バーチェア 回転 昇降式 キッチン 2脚セット ダークブラウン","14358","30","","70","¥ 9,310","","3","B08G81TWGT","B0C1SCGC7T","46","45.5","26","10820"
"アイリスプラザ ジョイントマット 大判 6畳 60cm 20mm カラーマット 防音 傷防止 ペット 赤ちゃん 60×60㎝ ベージュ/ピンク 2カラー PEJTM-602 32枚セット","11979","33","","481","¥ 13,990","","1","B08CHT81RD","B08Q12L4H7","64","61","61","18000"
"フィリップス 電動シェーバー 7000シリーズ 密着して剃れる","11983","82","50","244","¥ 18,720","¥ 18,720","1","B0C5812GDQ","B0F8W5CCFD","24.4","16.4","9.5","480"
"GOKUMIN 枕 タオル枕 くるっとフィットタオルピロー タオルまくら チャコールグレー","11984","73","100","49","¥ 6,363","","1","B0G6KC557W","B0GNM6SV21","59","19","19","1000"
"ORALUCE LED電球 E26口金 昼白色 9W 900lm 60W相当 5000K 220度広配光 高演色 密閉型器具対応 調光不可 2個入 LDA9N-G-E26/S (× 6)","9554","11","","","¥ 5,694","","","B0GZ9DF5XD","B0B8N69H6K","12.3","11.3","6.2","420"
"パール金属 片手 圧力鍋 3.5L IH対応 ステンレス 圧力切替式 レシピ付 節約クック H-5435","11985","44","","1186","¥ 5,780","¥ 6,487","14","B008GR0LZS","B01G4UGFO4","36.1","22.2","20.5","2470"
"【もうズレに悩まない】 ソファカバー 180x300cm 滑り止め ソファーカバー 肘付き 肘あり 撥水 マルチカバー 3人掛け 北欧風 (グレー) [並行輸入品]","14189","33","","73","¥ 7,980","","1","B0FJYBRZ47","B0F27WNY5F","46","40","6","1420"
"パナソニック 高周波治療器 コリコランワイド3D（肩専用） ブラック EW-RA560-K","12001","106","100","43","¥ 46,980","¥ 50,000","19","B0FQ9YK95W","B0G2S1WNFV","33","18.6","4.2","371"
"【2026新型】 PAUDIN 包丁 3本セット 三徳包丁 牛刀 ペティナイフ 5Cr15MoV 高炭素ステンレス 天然木ハンドル 両刃 家庭用 万能包丁セット よく切れる ギフト対応","12009","46","100","47","¥ 7,148","","1","B0G3PPMCFH","","37.7","19","3.4","870"
"サーモス 真空保温調理器 シャトルシェフ 4.5L (4~6人用) クリアステンレス KBG-4500 CS","12009","73","50","1739","¥ 13,191","¥ 13,191","10","B00EI63VDK","B01LWVOFKI","29.1","26.4","25.5","3919"
"コンポス 保冷袋 平袋 Mサイズ 外寸260×325mm 内テープ無し 持ち手穴無し 100枚セット","13885","25","","89","¥ 7,500","","1","B07L75VXSC","B07LBN75B1","34.8","34.6","26.6","1940"
"Godamiu 透明テーブルクロス 90*190cm 3mm ビニールシート デスクマット テーブル 保護 厚手PVC長方形 防水耐油耐熱テーブルマット お手入れ簡単","16104","7","","92","¥ 8,142","","1","B0CZMSMXWN","B0H1MGB3PJ","90","8","8","4260"
"【Hovwam】ビーズクッション 特大 三角ソファ 105x75x75cm 人をダメにする 1人掛け 背もたれ付き 防水 オックスフォード生地","12028","4","","3","¥ 8,880","","1","B0HDXT46FC","B0HDXJS5C3","56.6","55.9","46.2","1750"
"KYEZOL煙突防雨キャップ 304素材 防雨 防雪 防鳥 防詰まり ステンレス 壁炉煙突 給湯器 排気管 屋根 通風管道 燃木ストーブ 住宅商業 耐腐食 耐久使用 取付簡便 (Φ150mm / 304ステンレススチール（ナチュラルカラー）)","12352","0","","","¥ 12,500","","1","B0GDZFX66T","B0GDZFZ9Q4","30","30","21","2000"
"シーリングファンライト【360°首振り】シーリングライト 8～12畳 正逆回転 シーリングファン ファンライト 最大6500lm φ50cm","11294","23","50","148","¥ 10,399","","1","B0H38BC9NG","B0H86H67JG","51.2","50.8","21.3","3430"
"［amazon限定］recolte レコルト 自動調理ポットラージ RSY-3（保冷保温機能付きスープジャー付）ナチュラルブラック","8046","48","300","7","¥ 19,800","","1","B0GJ4B8J53","B0H4LH36K9","37.2","33.4","24.2","2490"
"Morus V6 吸着式衣類スチーマー スチームアイロン 強力スチーム約20g/分 片手操作 アイロン台不要 3段吸着力調整 脱臭・除菌・花粉低減 急速クールダウン 170ml 外出前速攻ケア コンパクト設計 旅行出張用 PSE認証済 (ダークグレー)","12042","49","50","88","¥ 11,342","¥ 11,342","2","B0FX8DCRX2","B0G2BLVGGQ","28.7","21.9","14.2","1630"
"和平フレイズ 耐熱 調理 お皿 お皿パン 18cm・20cmセット お皿のようなフライパン ガス IH オーブン 食洗器対応 特殊セラミック加工 PFOA/PFOSフリー ヘッタ RB-3710","12043","39","","1","¥ 6,316","¥ 7,938","5","B0FN7TRHHS","B0FNHN9LFZ","28.5","27.7","6.9","1100"
"【節電対策】アイリスオーヤマ デスクライト 広可動 左右両利き 調光 まぶしさガード付 高演色 省エネ 3000lx ホワイト LDL-701-W","12046","39","","93","¥ 5,509","¥ 5,509","16","B07V2895DG","B0BSRG4D45","46.3","19.3","6.8","1260"
"東京堂(Tokyodo) MAGIQ上質な造花 ウンベラータ 6F FG005227-zzz","12945","26","","1","¥ 37,510","¥ 36,494","4","B014ZNJTCC","B07F3Z68S3","163","26","26","4999"
"PRTONE ゴミ箱 45l ゴミ袋 スタンド ゴミ袋ホルダー 高さ調整20～90L袋対応 分別ゴミ箱 キャスター 蓋付き 横開き 2個セット 黒","12048","38","","257","¥ 5,299","","1","B0DJY8M8MD","B0DDQ9YHPV","43.4","24.4","11.7","4860"
"GOKUMIN マットレス セミダブル マンモスリープマットレス ストレート 高反発 硬め 高反発マットレス 敷布団 硬いマットレス","12048","40","","85","¥ 23,273","","1","B0FTFM6S1X","B0GQ31WQYJ","63","37","37","10900"
"じぶんまくら 【新版枕、カバーセット】100万人測定データを基に、生まれた！ユーザーの声で進化した みんまくレギュラータイプ ハード ブラウン 43cm×63cm ポリエステル100％","16560","16","","4","¥ 9,300","","1","B0CCN6212K","B0CCN4MMZ9","49","44","14","1200"
"Melvint フェイクグリーン 大型 人工歓葉植物 鉢付き オリーブ 150 cm","12057","46","","2","¥ 6,831","","1","B0G8YYMG9M","B0FLQ78QY9","68.5","20","19.5","4500"
"NICE FIVE ポータブル 缶クーラー 110v 急速冷却カップ -9～58℃ 保温・保冷 ドリンククーラー急速冷凍カップクーラー保冷 ドリンクホルダー 保冷 卓上用 ビール 日本酒 炭酸飲料 など適用","12341","0","","","¥ 5,999","","1","B0FHD4GPT8","","27","23","16","1500"
"JTB カタログギフト たびもの撰華 <極(きわみ)> 旅・体験 100600円コース 【外のし「御礼」・蝶結び】","15644","40","","89","¥ 110,990","¥ 110,990","1","B07QGY155T","B0B8MJNCHZ","21","15","1.5","300"
"【2個セット】MAXZEN MCM08LT01 [シーリングライト (～8畳/調色・調光) リモコン付き]","13820","36","","179","¥ 6,880","","1","B0DYHTRB14","B0DY1BHB17","53.5","53","29.5","4630"
"【10本入り / G13 / 32形 / 昼白色】YAZAWA Hf直管蛍光灯 3波長形 高演色 3500lm 12000時間 ケース販売 照明 まとめ買い","12068","45","50","5","¥ 6,930","","1","B0FPDXVC31","B0FTZ4NVKC","124","16","6","2160"
"Youhauchair カウンターチェア ベルベット生地 肘掛け付き バー・キッチン用 2脚セット グレー","12069","37","","420","¥ 11,984","","1","B0D262X86R","B0D265CMSQ","55.9","53.7","49.6","15060"
"シャープ ヘルシオ ホットクック 水なし 自動調理鍋 KN-HW24G-R レッド2.4L 2~6人用 無線LAN接続 2段同時調理","12073","117","50","374","¥ 45,000","¥ 45,537","11","B09H4258PD","B0DPHM3YFW","43","38","31.5","7300"
"LED蛍光灯 10W形 33cm 直管蛍光灯 グロー式の照明台座に工事不要「グロー球を外す」led直管ランプ 昼白色5500K 全光束 高輝度 660LM led直管ランプ 口金G13 T8 節電タイプ 8本","14546","23","","364","¥ 5,100","","1","B09BJKQ95G","B09BJJKFHZ","33.5","10.6","5.5","480"
"パナソニック スチームアイロン 衣類スチーマー NI-FS60C-H モカグレージュ 360°パワフルスチーム ３段階温度調節 コンパクトタイプ プレスもできる2WAY 脱臭 除菌","12077","100","100","6","¥ 9,774","","28","B0GHMP8539","","24.1","18.3","10","920"
"Hillmoonri 三つ折りマットレス ダブル 15cm 高反発 グレー","15091","35","","12","¥ 13,998","","1","B0GTLL8SN3","B0H7SL13RL","75.5","32.9","32.7","13640"
"チェアマット PVC 床保護マット 100x150cmクリア 厚さ3mmキズ防止 凹み防止 床保護シート ゲーミングチェアマット 床暖房対応 滑り止め","43954","4","","22","¥ 6,599","","1","B0H4WBWXYL","B0GXS16WRJ","100","4","3","5300"
"【TVで紹介されました！】のどモイスチャー 家庭用超音波吸入器 喉 加湿 のどケア ハンディ吸入器 のどの不快感 風邪対策 インフルエンザ対策 ウイルス対策 携帯型吸入器 のどのイガイガ対 超音波ミスト噴霧 吸入器 家庭用医療機器 227AKBZX00062000","12084","55","100","132","¥ 8,980","","1","B0CH7ZDCMM","","12.4","6.3","5.2","90"
"SXYITE カーテン リネンスタイル リネンブレンド 無地 アンティークスタイル 丈188x幅100cm 2枚 レースカーテン 透けない 外から見えない 寝室 リビング ホワイト ベージュ 暮れ織りオーガンジー","12426","49","","56","¥ 5,000","","1","B0F4XM9BXS","B0DNSNSB2B","35","30","5","730"
"タンスのゲン ビーズクッション 日本製 60×60×36cm 洗える カバー付 大きめ クッション Ｍサイズ 特大44030200(84910)","18228","33","","264","¥ 5,999","","1","B0B2P4T17M","B0B2VD5567","50.6","49.7","44.5","3600"
"DIHACOZ ラグ ラグマット カーペット 洗える 北欧 おしゃれ 装飾用 防音 耐熱 静電気防止 ペルシャ風 冬用 滑り止め付 ふわふわ触感 200x250 全厚約4cm 毛足約3cm（ブラック,約3畳 ）","12090","26","","37","¥ 6,980","","1","B0GJSC9D7L","B0DY6HYGC2","47","29.5","17.6","3730"
"グリーンパン GREENPAN フライパン 26cm IH・ガス火 ネイビー 【単品 クリックシェフ】 セラミックコーティング PFASフリー 有害物質不使用","11001","48","","35","¥ 6,937","¥ 6,937","1","B0DG8HQC14","B0G25G7W59","33.6","29.1","8.2","880"
"ガイアの水135 蛇口用浄水器専用カートリッジ （１日50リットルで２ヶ月間使用可能）","12100","52","200","86","¥ 5,280","","6","B01G7B6158","","16","7.5","4.8","120"
"ツヴィーゼル グラス（ZWIESEL GLAS） ワイングラス ヴィヴィッド・センス(センサ) 赤白ワイン兼用 フルーティ＆デリケート 2個ペア マシンメイド m122427","12101","37","","2","¥ 6,000","¥ 6,000","2","B0CNPFKPCJ","B0CQYD73PN","25.4","19.2","9.9","470"
"OXO オクソー 保存容器 プラスチック 密閉 ステンレス ポップ コンテナ 6ピース セット キッチン 収納 (食材 調味料 乾物 湿気防止)","13220","44","50","105","¥ 11,900","¥ 11,900","10","B08PS2W2M1","B0G8HNYV24","28.3","28.3","27.9","3280"
"スリーアップ 工事&ホース不要 ハイブリッド冷却 ハイパワースポットエアクーラー ダクトレス 排気ダクトなしで設置可能","12104","41","","4","¥ 60,280","¥ 60,280","1","B0GSZ7HTM9","B0GXPJZJ2M","75.5","38","34.5","20280"
"山善(YAMAZEN) 押入れハンガーラック 棚付き (幅46-76) アイボリー OSM-2T(IV)","16209","45","","618","¥ 5,030","¥ 5,030","2","B00IFW3Z66","B09JVCGDK9","86.8","30","4.6","4150"
"不二貿易 カウンターチェア バーチェア 昇降式 幅45.5×奥行き54×高さ88.5~109.5cm ダイニングチェア キッチン 360度回転 合皮 ホワイト シェル 80915","12816","39","","1237","¥ 6,618","¥ 6,618","15","B008FTKCF6","B0GYMSY35B","63.4","47.9","26.4","8810"
"ベルーナ カーテン 完全遮光 4枚組 遮光1級 防音 断熱 ダークグレー 厚地2枚&レース2枚 幅100cm×丈135cm (285264-703)","29949","8","","276","¥ 5,790","","1","B0DDP9D4H4","B0FV7D62Q3","38","26","6","1270"
"【公式】Shop Japan(ショップジャパン) マジックブレット ベーシック ブラック コンパクトなミキサー 1台できざむ おろす する 混ぜる 砕く ひく 泡立てるの7役であっというまに下ごしらえ可能 分解できるので後片付けもラクちん お料理・お片付けの面倒を解決 簡単 時短 MGTB","12120","39","50","31","¥ 9,878","","1","B0DQTT5YDP","B0DYP4GQZ9","33.7","27.1","13.4","1840"
"クチポール 単品 サービング フォーク GOA シルバー×ブラック GO.17","13319","20","","","¥ 5,442","¥ 5,584","11","B003S9WQYI","B07YXY824P","28.1","6","1.9","36"
"デロンギ 全自動コーヒーマシン リヴェリア フルセット 全8メニュー 豆挽き コーヒーメーカー エスプレッソマシン オニキスブラック EXAM44035B 【デロンギファミリー登録で3年保証、修理も原則72時間以内対応】","12121","67","","4","¥ 188,000","","1","B07V1X3HRK","B0F5H7KB7T","64.5","51","30.5","15440"
"集音器 充電式 AI音声処理 3モード切替 Type-C急速充電 最大40時間使用 LED残量表示 軽量 ノイズ低減 ワンタッチ操作 高齢者 テレビ","12125","9","","982","¥ 9,699","","2","B0HBBWKR6M","B0HC5XNZKF","14.5","10.6","4.7","200"
"Newfashion 防水ダイニングチェアシートカバー 4枚セット ストレッチ ダイニングルーム クッション スリップカバー 滑り止め 伸縮性シートカバー キッチンチェア用 洗濯可能 パーソンチェアプロテクター (ブラック-4個)","12130","22","50","692","¥ 6,074","","1","B0FHQ9BQ37","B0861JVXZV","31.6","19.4","3.1","371"
"ベッドフレーム シングル 耐荷重350kg メタル シングルベッド フレーム 静音 ベッド下収納 耐久性 通気性 頑丈な 組み立て簡単 防錆 ブラック","12132","6","","1","¥ 5,999","","1","B0HF48HP2N","","50","40","10","10000"
"MumuElf ガスコンロ トップ式 ステンレス製 強火力 安全設計 キッチン用 コンパクト 簡易設置 (A,A)","12443","4","","","¥ 5,589","","1","B0H2565CB4","B0H2563KPJ","75.5","43.5","13.5","8000"
"オーエスジェイ(OSJ) ソファー 2人掛け 肘付き 天然木脚 幅約110cm 簡単組み立て 2WAY ファブリック おしゃれ 新生活 北欧スタイル ソファベッド グレー 62*113*38","12135","47","","716","¥ 13,500","¥ 13,500","2","B07HFBD58P","B0FGH73KV8","96","46","37","23000"
"ネッククーラー 冷却プレート【GOODA新生活ギア掲載&1s極速冷凍、令和新涼感】首掛け扇風機 9395mm²三面冷却 10000mAh大容量","12137","17","100","51","¥ 10,999","","2","B0H9Q61MGL","B0HFPZZVTV","25","19.9","8.4","790"
"ソファー 2人掛け 【開封膨張！組立不要】sofa ソファーベッド シングル ウルトラソフト 高反発素材 圧縮梱包 幅135㎝ 二人暮らし 在宅勤務 読書 リビング・寝室に最適(コーヒー、2人掛け)","12139","25","","321","¥ 26,998","","1","B0H1Q917Q8","B0H82NRYZD","122","25","24.5","15890"
"プリザーブドフラワー プリザードフラワー クマさんと一輪の薔薇 プレゼント お祝い 記念日 誕生日 アレンジ フラワーギフト フラワーアレンジメント 枯れないバラ 花 女性 母の日 プレゼント 花 花言葉 (白)","12437","20","","51","¥ 6,119","","1","B0F9PG57KV","B0F9VHNRFD","26.5","19","19","400"
"[ ビタントニオ 公式 ] ワッフル＆ホットサンドベーカー VWH-50-I（ ホットサンドメーカー 電気 ワッフル メーカー アイボリー)","12157","41","200","197","¥ 7,920","","1","B09FGLNP55","B0DQTWYJHC","29","27.8","14.9","3440"
"オムロン ネブライザー 吸入器 薬剤用 携帯タイプ メッシュ式 NE-U200","12161","51","100","206","¥ 11,910","","8","B0811VHQQT","","17","16.3","10.4","420"
"ZWILLING ツヴィリング 「 プロ スチーマー インサート 24cm 」 蒸し 器 せいろ ステンレス 【日本正規販売品】 65120-824","19602","42","","11","¥ 8,808","¥ 8,808","1","B0918YZDQP","B08T6G3X7G","35.3","34.8","11.7","1110"
"昭和西川 毛布 ダブル 二枚合わせ 極暖 使いやすい最適なボリューム感 肌ざわり なめらか 約2.4kg 180X210㎝ グレー","12620","23","","4488","¥ 5,382","","1","B07Y2JPJB4","B0D44M46CK","52.2","43.4","22.2","2540"
"[ベルメゾン] ディズニー トイレファブリック 2点 セット トイレマット フタカバー 抗菌 防臭 消臭 日本製 ミッキーモチーフ トイレファブリック ピンク ロングマット＆温水フタセット","15741","15","","22","¥ 5,990","","1","B0C4K7SWZD","B0CSXTFMGY","47.7","41.9","6.9","730"
"Boweer 除湿機【凝縮&物理吸湿の二重技術】無電源除湿ボックス装備 除湿器 2L大容量 自動停止 部屋干し 湿気取り 衣類乾燥 カビ対策 梅雨対策","12203","53","50","74","¥ 9,980","","1","B0F9NKJ6DQ","B0HF49ZGW4","34","27.4","17.2","2760"
"ZUUTII（ズーチィ） 4色セット 170ml ミニ オイルボトル 醤油差し 自動開閉 液だれ防止 オイル＆ビネガーボトル 食洗機対応 ガラス容器 ギフトにも","13039","25","","243","¥ 6,600","","1","B0D9JH8ZYP","B0GCRWWDJF","19.1","12.5","12.5","900"
"タカギの浄水器 カートリッジ互換JC0036ST シリーズ浄水器用カートリッジ 高除去性能タイプ (3)","12204","35","","50","¥ 5,880","","1","B0GR8MZPJ4","B0GCH8F4VJ","15.5","10.6","3.7","110"
"Kiwet 壁掛けハンガー、衣類ディスプレイラック、ハンガーパイプ 洋服 ハンガー 壁付け ハンガー メタル 衣類店/クローク用ハンガーレール付き衣類スタンド おしゃれ 見せる収納 耐荷重 付き頑丈壁掛け 頑丈 オープンクローゼット (120Cm)","15264","1","","","¥ 10,050","","1","B0H2CPGY76","B0H2CFVLX6","103","30","10","6000"
"サンワダイレクト 脚立 4段 折りたたみ 耐荷重150kg 滑り止め付き 手すり付き ステップ 踏み台 足場 ブラック 150-SNCH61BK","9503","29","","191","¥ 8,080","","1","B0FNVM8R5V","B0FNWMRTTD","132","40","8","7500"
"recolte レコルト コンパクトベーカリー ホームベーカリー 小型 スリム 1斤 食パン 米粉パン 全粒粉パン うどん パスタ ピザ生地 餅つき機 予約タイマー 選べる12メニュー レシピ本付 クリームホワイト RBK-1(W)","12225","107","50","243","¥ 12,200","","18","B09XTY94HM","B09XTTVB6Y","35.6","31.2","24.8","5240"
"XINYF おしゃれ 棚 スリム棚 ラック シェルフ ラック 本棚 M5-29-23.5-SANAN","12483","39","","195","¥ 5,938","","1","B0CP1H8W6Y","B0DBM5NQY2","82","25","11","6370"
"扇風機 羽根なし タワーファン【2026年猛暑対策・省エネ】DCモーター リビング扇風機 スリム タワー型 サーキュレーター 静音 節電 8段階風量調整 微風&強風モード 100°自動首振り 9H切タイマー リモコン付き コンパクト 寝室 キッチン オフィス/家庭用 ペット暑さ対策 組み立て不要 お手入れ簡単 羽根なし扇風機 PSE認証済み 日本語説明書 (グレー)","12229","75","100","97","¥ 7,999","","2","B0GSZ44BFP","B0H8SQMFK4","65.1","25","17.7","2280"
"GOKUMIN マットレス ネムトリップマットレス 高反発マットレス トッパー 硬め 折り畳み 折りたたみマットレス","12232","43","100","21","¥ 9,498","","1","B0H35LDJDC","","64","22","22","3000"
"オルタ(oruTa) バスタオル 日本製 3枚セット 綿 シルキータッチ 速乾 瞬間吸水 泉州 73×133cm ベージュ","12233","12","","2","¥ 5,640","","1","B0FHYW1KYH","B0GX19PFL3","34","24","10","913"
"[ニッセン] レースカーテン ミラー 遮像 UVカット 外の景色がよく見える ネイビーブルー 17=幅100×長さ228cm×2枚","16987","13","","44","¥ 5,889","","1","B09X6SJBDQ","B0CK885BQV","36.2","26.6","6.1","880"
"金鵄 丸型 フロアクッション 厚め 高反発 日本製ウレタン (5, コラム ブラック, フェイクレザー)","13689","11","","","¥ 13,430","","1","B0H4QKVLS1","B0H4QM5S8W","60","40","40","5000"
"景品 3点 セット (ディズニーチケット テーマパーク/米沢牛/ハーゲンダッツ) 目録 パネル 景品セット [ 二次会/ビンゴ/ゴルフ コンペ ] 景品ゲッチュ","12242","36","","2","¥ 39,000","","1","B0CP6529YG","B0CL8X5HVH","29.8","21.3","2.7","160"
"PRTONE 分別ゴミ袋ホルダー ゴミ箱 45l ゴミ袋 スタンド 蓋付き 2個セット 白","19416","36","","235","¥ 5,296","","1","B0DJY33XKB","B0D2NLVGSS","44.4","25.1","11.8","4930"
"Lamantt家庭用小型手動かき氷機 クリアボディ ステンレス刃 アイススコップ付 多用途 氷砕き かき氷 製氷 家用便利グッズ（2個パック） (透明)","13451","2","","","¥ 5,266","","1","B0GT8QNYKJ","B0GT8GLWDW","1","1","1","1000"
"萩原 ランドリー 幅70.5cm 引き出し5杯 2列タイプ ホワイト RAN-2417WH","12253","45","","329","¥ 12,990","","16","B079M2867L","B0CMX3JXZL","76","72","32","12000"
"Wio Mio LED 無段階調光調色 3色温度調光・調色 リモコン付きフロアランプ 間接照明 スタンドライト 12W フロアスタンドランプ 室内照明 おしゃれ 北欧フロアランプ 寝室/リビング (ホワイト)","12256","24","","67","¥ 5,699","","1","B0H453PMH7","B0H8NWFGH7","130","20","5","1270"
"Yaheetech キッチンラック スチールラック 120x45x180cm 5段 メタルラック ステンレスラック オープンシェルフ 収納棚 収納ラック 幅120 耐荷重875kg 高さ調節可 防サビ加工 ネジなし 組立簡単 キッチン 物置 倉庫 ガレージ ゴム製キャップ付き 手袋付き シルバー","12261","42","","174","¥ 9,480","","1","B0D17GQC6Z","B0CJ8NV9ZL","125","51","6","20560"
"コーナンオリジナル アルミ 脚立 3段 幅広天板 高さ85.5cm 折りたたみ 滑り止め 軽量 耐荷重100kg","12265","51","100","2394","¥ 6,380","¥ 5,686","3","B076WVZ6N5","B0F937RBMZ","94.5","47","24","3520"
"【Amazon.co.jp限定】Piiyoow 廊下敷き 60×600cm ライトグレー 厚さ5mm 防音 滑り止め ずれにくい 床保護","42562","15","","154","¥ 6,780","","1","B0DN6JXHYV","B0DZ2Q35H8","60","17","17","2200"
"【Amazon.co.jp 限定】 JEJアステージ(JEJ Astage) 収納ボックス 日本製 簡易密閉型 パッキン付き アウトドア キャンプ スツール 耐荷重100kg 積み重ね [グランポット 73L] ダークグレー 防災 幅84×奥行40×高さ38cm","13322","38","","248","¥ 5,038","¥ 5,038","1","B09ZY86QGF","B0CPJ166D5","83","40","38","3880"
"ATOPSUN シーリングファンライト 小型【脱落×摇れ防止対策・正逆回転】6-8畳 28W 3000lm E26口金 ダクトレール対応","14595","1","","","¥ 6,480","","1","B0HBQG4XH4","B0HGRP5Q6B","24.5","24.5","12.5","640"
"ATOPSUN シーリングファンライト 小型【脱落×摇れ防止対策・正逆回転】6-8畳 28W 3000lm E26口金 ダクトレール対応","14595","34","","23","¥ 6,480","","1","B0G7YLYC2V","B0HGRP5Q6B","21.9","16.3","15.2","950"
"キッチン収納ラック 電子レンジ用ラック 大型レンジ対応 【縦の空間を有効活用・収納効率80%UP】 幅88cm キッチンラック 可動棚2枚付き（5段階調整） 食器棚 頑丈 キッチン収納 S字フック8個付属 高耐荷重 撥水防汚 組立簡単 (火焼きの木)","12274","22","50","6","¥ 6,909","","1","B0H1Q4WMWH","B0H1Q7HGWN","91.2","41.7","14.7","13500"
"SeekFun ゲーミングチェア ゲーミング座椅子 360°回転 腰痛対策 ハイバック ヘッドレスト デスクチェア ランバーサポート ひじ掛け付き 150°リクライニング チェア LX-19SW (ファブリック, ダークグレー)","12276","42","","62","¥ 16,780","","1","B0FVX23WYR","B0FH4YV3WX","69.5","53.5","32.4","13910"
"アイリスオーヤマ シャワーチェア 背もたれ付き 風呂椅子 介護用 介護用品 敬老の日 ハイタイプ 座面高さ約45㎝ ホワイト SCT-450","12278","54","","144","¥ 5,100","","8","B084SZKQ1K","B0BX927PKR","61","45","11.4","2940"
"QD-SGMP 滑り止めシート 業務用 滑り止めマット 厚さ4.5mm PVC材質 自由カット 介護 キッチンマット 家庭用 ドアマット 屋内 屋外 浴槽内滑り止めマット 転倒防止 ベランダ 施設 学校 店舗 ノンスリップ プール 浴室 病院 泥落としマット ブルー 0.9*5M","13610","17","","140","¥ 8,083","","1","B0DDKWBHJX","B0DDKYNQF9","90","15","15","7200"
"アイリスオーヤマ ホットプレート 電気鍋 グリル鍋 3枚タイプ 深鍋 焼肉プレート たこ焼きプレート 保温~約250℃ 保証付き 高火力1300W 2~4人用 IGU-B3-B ブラック","12280","40","50","376","¥ 9,780","","23","B09H6RVFNB","B09SV7BGS1","38.8","35.6","24.9","5630"
"システムK 鍵付き 収納棚 A4サイズが入る 安全 3段 セキュリティラック 扉付き 木製ラック 木製金庫 収納ボックス キューブボックス オフィス 貴重品 書類保管 ホワイト","12281","46","","840","¥ 6,840","","3","B004Y3VEJK","B0CKSHX221","103","36","12","13000"
"ツインバード 全自動コーヒーメーカー ミル付き 日本製 3杯用 ホワイト 白 CM-D457W","12282","46","","15","¥ 28,152","¥ 28,152","1","B0DDXCVKQX","B0GC2YM62T","38.7","37.5","21.1","4670"
"タイガー 保温 保冷 卓上ポット 大容量 1.2L ホワイト PWO-A120W","13620","75","","3448","¥ 6,116","","3","B07WXL282V","B07ZG1FFM6","22.3","15.1","14.3","830"
"Amazonベーシック ハンガーラック 幅50 洋服ラック キャスター付き 長さ1.21×高さ1.52m キッチン 業務用 ブラック","12291","46","50","7835","¥ 6,001","¥ 6,001","1","B07GFWP2VB","B08FF8WZFG","93","64.8","7","6480"
"CORFEEL 玄関マット ドアマット 泥落としマット 屋内 屋外 業務用 家庭用 (90x150cm, ブラウン)","12297","25","","754","¥ 6,150","","1","B0BR5L6ZF1","B08WLQ7MH9","91","11.8","11.6","3840"
"Blinhdome 突っ張り式 ブラインド ブラインドカーテン ねじ不要 アルミニウム サイズオーダーメイド可能 幅40~150 cm/丈≤180 cm 調光機能 防水 uvカット おしゃれ12色 ぶらいんど ワイン『幅75x丈150CM』","12490","7","","141","¥ 5,688","","1","B001UO5ZY6","B0FVSZDN48","45.7","30.5","2.5","23"
"LunarLight 間仕切り スクリーン 幅60奥行2.5高さ165-290㎝ 3連体Sフック2個付き 突っ張り 壁掛け 壁面収納 頑丈 組立簡単","12308","45","","116","¥ 5,590","","1","B0FL73TP36","B0DP31N4LS","72","60","4.8","5190"
"VENTOTA ダイニングチェア 回転式 肘付き 木製 天然木 チェア単品 回転椅子 デスクチェア 食卓椅子 北欧 シンプル モダン 疲れにくい おしゃれ リビング レストラン 組立簡単 Roisto BL","13211","33","","55","¥ 10,385","","1","B0DK4W5V55","B0F66J9TNC","57","53","43",""
"西川(nishikawa) ミッフィー おかお型 ふれあいマット ホワイト やわらか 滑り止め付き 手洗いOK 1585-50103","13146","20","","300","¥ 6,607","¥ 6,607","5","B07VM6RKVV","B0GWLH57N2","41.4","21.6","16.6","800"
"（西陣織・京都仕立て） ふくさ 袱紗 結婚式 慶弔両用 葬式 女性 男性 ご祝儀袋 香典 入れ物 絹 正絹 桐箱入り 立涌雲","24432","20","","62","¥ 5,500","","1","B0BWDJFL5J","B0BLHSGYBH","22.9","14","2.4","100"
"エムリリー 優反発 マットレス シングル 高反発 トッパー 厚さ5cm【公式直販】2層構造 体圧分散 超高密度50D 敷布団 MLILY","12323","47","50","758","¥ 23,783","","1","B013FUDDXW","B0D1BQXMB2","57.8","30.6","30.3","5710"
"香典返し専用カタログギフト プレミアムカタログ のし/挨拶状付き 法要 満中陰 49日 七七日 法事 年忌 回忌 G-F","12325","38","","221","¥ 7,000","","2","B08B3Y3MY4","B0F3TF9GM6","27.1","19.7","3.2","620"
"Hellozebra 収納ボックス 折り畳み【透明·全方向から取り出せる·大容量85L/56L/40L】コンテナ 収納ケース コンテナボックス 収納コンテナ 蓋付き 積み重ね キャスター付き ロック付き 組み立て簡単 省スペース 厚み 強い耐荷重 衣類/小物/お菓子/おもちゃ/本類 家庭用/オフィス用/車用 XLサイズ グリーン（3個セット,56L）","17831","30","","130","¥ 8,599","","1","B0CLR95HV3","B0C7GDR3CY","52.4","37.4","23.4","6500"
"Juliyas ハンドケア リラクゼーション器 18層エアバッグ 独自開発4D複合揉みコース 加圧&指ストレッチ&温熱 指 手のひら 手首 2800mAh大容量 両手対応 コードレス 男女兼用 家庭用 誕生日 母の日/父の日/敬老日/クリスマス プレゼント 巾着袋付き 日本語説明書 グレー","12337","32","100","18","¥ 6,980","","2","B0GYFLD79H","B0H6HQF8QB","25.6","22.3","13.3","930"
"[Rakuisme] ベッドフレーム シングル 宮棚付き 2口コンセント USB·Type-C搭載 耐荷重300KG パイプベッド ホワイト","13209","64","50","51","¥ 8,980","","1","B0GYRF8SLR","B0GYRCZWML","108","35","13","24000"
"VASAGLE Dacey キッチンワゴン 5段 キャスター付き 天板付き 隙間収納22CM 高さ99.6cm","11863","41","","1228","¥ 5,083","","2","B0CNRKQF7Q","B0CVVQWXPZ","44.1","27.2","14.2","5020"
"サーキュレーター 扇風機 DCモーター 【2026新登場・360°送風×DC省エネ設計】 強力 静音 省エネ 3D 首振り 360度回転 立体送風 アロマ対応 リモコン付き 大風量 8段階風量 高さ自由調整 1台多役 せんぷうき扇風機 さーきゅれーたー コンパクト お手入れ簡単 リビング 寝室 空気循環 部屋干し 衣類乾燥 梅雨 除湿 お手入れ簡単 6-30畳 対応","12342","74","100","59","¥ 5,681","","2","B0GS4T1LZB","B0GYN354NC","54.7","35.9","29.3","5550"
"ボックスシーツ シルク 洗える 縫い目なし 着脱簡単 吸水速乾 四季適応 単品売り 厚さ5-27cmのマットレスに適用(ホワイト セミダブル)","12347","28","","14","¥ 13,480","","1","B0GSVZ9RDZ","B0HFZ6SFPH","35","24.7","6","1250"
"【Amazon 限定ブランド】タイルマット UOUOMI ジョイントマット 大判【30×30cm 40枚】タイルマット ずれない 吸着マット 防音 床暖房にも対応 洗えるカーペット ペット用 ペット/高齢者/大人の滑り止め対策(ブラウン+クリームホワイト)","25948","23","","247","¥ 5,480","","1","B0D7MFWW13","B0HDYYWD44","33","32.1","17.7","2140"
"エレクター ベーシックシリーズ ワイヤーシェルフ W1500xD300mm クローム B1260C1 ホームエレクター後継品","15450","35","","35","¥ 7,118","¥ 7,118","5","B0BR4MP34R","B0C27MGPDW","151","31","5","4600"
"Ballarini バッラリーニ「 バーリ セラミック フライパン 28cm イタリア製 」 IH 対応 PFAS不使用 セラミックコーティング 【日本正規販売品】 Bari Z1034-044","17798","73","","142","¥ 6,160","¥ 6,160","1","B0FGHZY6XD","B0HDXFXPBG","39.5","37","8.8","1320"
"GERRBG 業務用土鍋天然ガスコンロ、2/3/4/6/8口、天然ガス液化ガスコンロ、バーナー、業務用低圧高火力、土鍋コンロ、キャセロール、フレームアウト保護付き 家庭用、業務用、お手入れ簡単 (液化ガス,スクエア4ヘッド)","12420","0","","","¥ 18,899","","1","B0GHYG8J7N","B0GHYFTVH2","97","62","15","14000"
"LunarLight ランドリーラック 幅60奥行27高さ203～280㎝ 棚板8段階高さ調節 掛け場3段階長さ調節 防水パン対応 組立簡単","14850","29","","51","¥ 5,990","","1","B0FJXYD7ZG","B0FJY1FPCL","97.5","33","8.2","9660"
"Hillmoonri 三つ折りマットレス シングル 10cm 低反発+高反発 ブルー","13271","38","","198","¥ 7,998","","1","B0DY4MJJRK","B0HC5PMX1X","105.5","25.5","25.5","8240"
"のれん工房 防炎 テーブルクロス 無地 イベント 展示会 説明会 125cm×180cm テーブルカバー 業務用 全14色 グレー 98089","17217","11","","65","¥ 6,490","","1","B0B6ZZ3BRX","B0B744R356","30","22","4","400"
"アイリスプラザ ベッド マット すのこマット 折りたたみ 二つ折り 2つ折り シングル 国産ヒノキ 檜 ベッドフレーム すのこベッド 通気性","14815","49","","119","¥ 12,380","¥ 12,929","5","B01GR4W7VW","B0BN3KSYL9","108","104","7","12002"
"Dnzkガスコンロ ポータブル 業務用 高圧直火コンロ 1バーナー中華なべ 5.2Kw ガスコンロ ステンレス製コンロ (ガラストップ 双渦巻強火 シングルバーナー,プロパンガス)","12687","0","","","¥ 7,588","","1","B0GZZX9NFP","B0GZZSBYZX","75.5","43.5","13.5","5000"
"Boweer 除湿機【凝縮&物理吸湿】無電源除湿ボックス 除湿器 2L大容量 強力除湿 部屋干し 湿気取り 衣類乾燥 カビ対策 梅雨対策 自動停止","12414","72","100","121","¥ 9,980","","1","B0GVLMQ1Q5","B0HF48RJ3V","34.3","27.3","17.6","2740"
"無印良品 ひんやり綿 薄掛ふとん／シングル 140×190cm・グレーストライプ 76888048","15042","31","","14","¥ 5,996","¥ 5,996","1","B0GMPPLZ3L","B0GNYZXB8J","44.8","39.8","9.7","1070"
"タイガー マイコン炊飯ジャー（5.5合炊き） ホワイトTIGER 炊きたて JBH-G102W","12436","82","200","271","¥ 7,800","","10","B081YHHDZZ","","40.2","29.4","25.4","3260"
"Kwueiit 電子シガーキャビネット ワインセラー 雪茄柜 小型クーラー 保湿盒 恒温 ヒュミドール 省エネで静かな 杉の木の棚 男性用冷却シガー冷蔵庫 オフィス (葉巻と赤ワイン) [並行輸入品]","13719","0","","","¥ 56,300","","1","B0FMJCL64M","B0FMJ8V5ZX","1","1","1","1000"
"ラグ 洗える カーペット 【立体パイル×ボア調のふわもこ質感】 約200×250cm アイボリー ウェーブ柄 ラグマット ふわふわ もこもこ 柔らかい 滑り止め 洗濯機OK オーバーロック加工 ほつれにくい 軽量 床暖房対応 オールシーズン 北欧 おしゃれ リビング 寝室","12438","35","","28","¥ 7,999","","1","B0GRV3LQY4","B0H1HQWQNK","44.2","39.4","24.9","5750"
"DetarZinLED ウォールライト 木製ベッドサイドランプ マグネット貼り付け 工事不要 黒クルミ 2個入り","14561","29","","509","¥ 7,999","","1","B0GHNTL8BV","B0H3NHZLG3","25.9","19.2","4","810"
"VB-COSME- FSX 使い捨て 紙おしぼり アロマプレミアム ラベンダー 1ケース 600本","12445","41","50","44","¥ 16,500","","3","B0CPL2D449","B0CPLBVFMC","53.5","38.5","25.5","14500"
"サーモス ステンレスエアーポット 2.2L ステンレスブラック TAH-2200 SBK","12449","41","50","1671","¥ 6,273","¥ 6,273","11","B001EJNTGS","B0CGZ6NDV2","28.5","23","23","2100"
"マタドールソープバーケース - 防水&漏れ防止バーソープトラベルケース、あらゆるサイズの石鹸バー、シャンプーバー、コンディショナーバー用クイックドライソープポーチ","13850","14","","2677","¥ 5,127","","1","B0FT5H54ZD","B0CJ5YD638","20.7","12.6","1.5","30"
"タンスのゲン ソファー 2人掛け 【搬入らくらく！圧縮梱包】フロアソファ ローソファ ウレタンソファ リプロダクト 42500134(119406)","15834","29","","10","¥ 23,999","","1","B0FV81SD6Z","B0GYNTN5QL","112","30","28","16000"
"Luxspire ハンガーラック 引き出し付き 棚付き 幅78cm 奥行29cm 高さ112cm ワードローブ 白","12472","42","100","875","¥ 6,399","","1","B0G7F477Y5","B0HCSVH4XH","44.8","34.1","19.5","8090"
"AGRelux α アグリラックス アルファ ファブリック あぐら あぐらがかけるゲーミングチェア アームレスト付き ゲーム用チェア 蒸れない 160度リクライニング ハイバック テレワーク椅子 PCチェア 組み立て簡単 (ファブリック ライトグレー)","23893","32","","3","¥ 21,400","","1","B0FTM4VXQC","B0D422NFNZ","84","65","28","21000"
"【WEB限定カラー】タイガー魔法瓶 電気ポット 蒸気レス 日本製 節電VE保温 安全構造 お湯計量機能付き とく子さん ミルク 出産祝い マットホワイト 3.0L PIM-N300 WW","12475","84","100","142","¥ 26,400","¥ 26,400","1","B0FDFN26VN","B0G8SXVF7Q","41","35.8","27.4","3970"
"Aoasious 収納チェスト 5段 スリム キャスター付き 転倒防止 多機能 プラスチック製 衣類 おもちゃ 収納可 すき間収納 リビング キッチン クローゼット用 (30cm) (25cm,6層)","25733","3","","1","¥ 7,499","","1","B0FRQZVTP9","B0FRRM91C8","55","55","35","6000"
"AQUA (アクア) mofua (モフア) くもケット 掛け布団 [ 雲につつまれるような やわらかさ (雲ケット) ] セミダブル SD オフホワイト/とろける 肌掛け キルトケット マシュマロタッチ ふかふか もこもこ 洗える 31200242","12862","57","","2311","¥ 5,295","¥ 5,295","1","B07RJ2PF72","B0DJM1DLYN","41","26","19.2","1200"
"SOMANT ラグ 4畳 カーペット 夏用ラグマット 絨毯 滑り止め付き 防音 厚手 防ダニ 防臭 素肌にやさしい 北欧風 おしゃれ 抗菌 床保護 転倒を防ぐ 床暖房対応 ホットカーペット対応 ブラック200×300cm","12484","60","","471","¥ 5,396","","1","B0D3GZSSPM","B0D6C58S8V","43.6","33.3","18.9","2550"
"山善(YAMAZEN) 突っ張り棚 ラック スリム 棚板高さ調節がカンタン 全体耐荷重180kg 本棚 漫画 本 収納 シェルフ 壁面収納 幅100.5×奥行17×高さ200-260cm 組立品 アンティークアイボリー/サンドホワイト RTRSK-10015(AIV/SWH)","12485","59","","8","¥ 26,410","¥ 26,410","1","B0FC2BJXP6","B09Z2ML34V","105","29.5","21.5","29500"
"Mirai-Show ダイニングテーブルセット 2人用 北欧 3点セット 丸 90cm幅 2人掛け ダイニングチェア 2脚セット おしゃれ カフェテーブルセット 90センチ 円形 円卓 二人用 椅子 食卓テーブル 木目調 コンパクト Entoエント (ナチュラル / 1点 + グレー / チェア2脚)","12491","27","","2","¥ 22,781","","1","B0FHQ97R56","B0D59ZZWX8","95.5","47.5","9",""
"WRONG TURN 1-5","12491","3","","1229","¥ 5,865","","4","B00MUI65OU","","17.1","13.6","1.3","160"
"フェイスタオル 200枚 綿100％ 34×80cm 薄手 吸水速乾 部屋干し 乾燥機対応 無蛍光 ブラウン","12642","10","","9","¥ 54,800","","1","B0GXVG7SD4","B0GWM2GVWV","66","52","41","17700"
"タンスのゲン 掛け布団 ダブル とろふわケット 【冷感タイプ】Q-max0.4 接触冷感 抗菌 レーヨン 洗える 夏 58700155(131558)","12331","22","","4","¥ 5,499","","1","B0H44F8C1H","B0F78PF76C","37","26","5","1850"
"山善(YAMAZEN) 伸縮式ランドリーラック(幅61-93) ホワイト SHL-705(WH)","12503","64","100","1205","¥ 5,400","¥ 5,400","1","B0067VQ1HW","B078F5NX2J","101","35","9.5","6530"
"下村工業 日本製 ヴェルダン ファイン 三徳 160mm / パンスライサー 220mm / 包丁 2本セット モリブデン バナジウム 鋼 食洗機 対応 VCN-2B 新潟 燕三条製","8676","33","","18","¥ 8,150","¥ 8,150","1","B0843YGXLC","B09M7MWPNL","39.8","14.8","3.6","480"
"フリーリー ダイニングマット 透明 180×240cm 1.5mm厚 拭ける PVC ソフト エンボス加工 撥水 汚れ防止 床暖房対応 滑り止め","12506","27","","575","¥ 8,999","","1","B09V2KSKPF","B0D41F5YSV","181","8","8","7000"
"RING BELL リンベル バリューチョイス カタログギフト 花柄表紙 ジェネコース","12511","39","50","84","¥ 9,900","","2","B0C626ZWMF","B0C629P2DX","27.1","22.5","2.9","690"
"LEDテキーラ 船 テキーラ観覧車 LED酒ボトルの表示棚 ショットグラス付き 24杯30ml 7色自動LED USB充電式 バー居酒屋 パーティー","12512","29","50","27","¥ 13,800","","1","B0GRRMHPB4","B0GTGR44KS","52.7","44","29.4","5710"
"山崎実業(Yamazaki) 折り畳み積み重ね棚 Lサイズ 【2個セット】 シンク下 収納 タワー tower ブラック 1370×2","15761","31","","40","¥ 5,940","¥ 5,940","2","B0DZX3HX1F","B0FH6RJVXL","45.5","25.5","10.7","3420"
"APPOLYN 棚 オープンシェルフ 本棚 ラック 6段 リビングルーム ホームオフィス 寢室 幅60×奥行30×高さ169cm ブラック","16067","37","","356","¥ 10,999","","1","B0BWJRFRG8","B0CTC8W59C","93","36.5","16.5","14620"
"LunarLight スリムハンガーラック 幅70奥行42高さ160㎝ 頑丈 総耐荷重80kg 移動式/固定式2WAY 引き出し2個付き 組立簡単","12523","38","50","66","¥ 6,790","","1","B0FGQH5RDW","B0FGX25DPQ","83","43","13","13500"
"(伝統ふくさ 葬祭プロ推奨) 台付きふくさ 慶弔両用 台付き袱紗 ふくさ 台付袱紗 折り ふくさ 袱紗 結婚式 祝儀袋 絹 葬式 台 正絹ちりめん 紺","11183","25","","3","¥ 5,580","","1","B0FD8S9WCP","B0BNNPLX9Z","21.8","15.4","2.3","180"
"VLANDO ジュエリーボックス アクセサリー収納 レザー 大容量 ガラス蓋 25×17×23cm 六段引き出し ホワイト","12547","24","","151","¥ 5,399","","1","B0FD2Y84JR","B0CSMSWJZF","28","26.5","19","3000"
"DORIS ドリス ラック メタルラック スチールラック オープンシェルフ 幅100cm 高さ80cm 奥行き40cm 3段 高さ調整 防サビ加工 耐荷重70kg タイヤラック 物置 キャビット3段100×40 ブラック 【17142】","13871","34","","194","¥ 8,091","","1","B0CB5K2YFB","B0CB5MLHJ5","105","43","12","15000"
"東洋佐々木ガラス グラス ラーラ ワイン 165ml 72個入 HSハードストロング HSゴールド 口部物理強化グラス 高い耐久性 安全重視設計 すっきり仕上げ 食洗器対応 日本製 業務用 32836HS","12555","41","","377","¥ 37,230","","2","B09FXQVGKK","B0DJBDCVYL","66.8","33.6","32.6","11340"
"日本製 グラスタオル 綿100％ 45×80 プロ用 業務用 (白無地, 10枚)","12555","24","","262","¥ 5,800","","1","B07VPGRGRF","B07S65S3TF","24.9","22","6.2","630"
"エジソンスマート LED ミニスポットライト (ダクトレール用/ブラック) ダクトレール用照明 Wi-Fi対応 調光調色 レールライト Alexa Google Home対応 ビーム角調整 小型 専用リモコン対応(別売) RST-TL167BK","12573","41","50","58","¥ 5,797","¥ 5,797","1","B0C7KSG6BZ","B0GWRKV4XH","27.1","7.7","7.4","390"
"ドクターエア 公式ストア 3DレッグマッサージャーAIR ギフトラッピング付 ブラック 足 ふくらはぎマッサージ機 フットマッサージ フットマッサージャー 足マッサージ機 ふくらはぎケア 立ち仕事 母の日 父の日 誕生日 プレゼント ギフト 医療機器認証商品 MF-09","13682","35","","66","¥ 9,900","","1","B0D48KMYSP","B0GKGHZ7BC","35.4","23.4","8.1","1180"
"Kasurawa 電動モップ 革新脱着式バッテリー 軽量コードレス回転モップクリーナー 充電式回転モップ水噴射 高速回転に汚れを落とす 替えモップ6枚","12577","64","200","81","¥ 7,350","","1","B0GWZDWQTL","","45.6","35.2","11.5","2180"
"東洋佐々木ガラス カクテルグラス ラーラ 85ml 6個入り 割れにくい ワイングラス フルートグラス 日本製 食洗器対応 コップ 32833HS","12553","45","","377","¥ 5,480","","2","B00FOIY68K","","23.9","16","11.4","720"
"ハグラビ ウェイトブランケット 重いふとん 【1年中使えて丸洗い可能】加重ブランケット リバーシブル 夏はヒンヤリ冷感 レーヨン素材 秋冬あたたかい マイクロファイバー素材 約9.0Kg グレー Mサイズ 152cmX203cm","12589","43","","303","¥ 15,842","","1","B095H5MMB6","B095JZBRVG","43.1","40.4","16.5","9300"
"プリザーブドフラワー ガラスドーム 母の日 赤い色 枯れない花 本物のバラ LEDライト付き アレンジメント 女性 人気 お花 お祝い 誕生日 記念日 プレゼント 敬老の日 ギフト 装飾用フラワー","15081","13","","8","¥ 5,299","","1","B0H4VDWJKX","B0HGQFP2LW","18.5","16.2","15.8","630"
"Keusnix ラグ カーペット ラグマット 2畳 185x185cm 極厚25mm 高反発 絨毯 厚手 ふわふわ リビングマット モカ","12597","48","","1238","¥ 6,980","¥ 6,980","2","B09KN4CF5Y","B0DC68CYXT","54.6","50.7","31.8","4100"
"Wellux LEDダクトレールライト 500mmベースライト 2段調光 昼光色 6000K 工事不要 スリム型 レール照明 PSE認証 ブラック UTL144","14980","27","","2","¥ 5,970","","1","B0F32X7Y7T","B0F32YCVGP","60.1","9.5","4.9","250"
"kukeimaru オープンシェルフ ラック 棚 3段 ワイド 本棚 キッチンラック オープンラック 大容量収納 調整脚付き レトロブラウン","12602","43","50","37","¥ 5,499","","1","B0G2GCXJSD","B0GG6R9JR5","83.5","35","9.5","8340"
"包丁 【月-tsuki- ペティナイフｘ黒｜13cmｘ60g｜恵比寿刃｜愛でたい包丁｜日本製｜YEBISUYAIBA】 三徳 ダマスカス VG-10 ステンレス 桐箱","15070","43","","5","¥ 13,800","","1","B0GT4MLPNW","B0GT4X6HTR","29.9","7.1","4","210"
"収納ラック チェスト 寝室 おしゃれ ソファサイドテーブル ベッド無垢材 アンティーク 引き出し1つ付き 収納しやすい ギフト対応 なリビングルーム 1段引出し (ダークブラウン,幅40cm)","23656","1","","1","¥ 12,688","","1","B0GW333G5K","B0GW38VN8Y","52","37","29","5000"
"SILQA(シルクア) 枕 摩擦なきツヤ髪まくら 「人工シルクが摩擦を58%カット」 低め フード 人工シルク 洗濯機 洗える 65×37×5~8cm","17600","38","","66","¥ 6,480","","1","B0G5K9QRTM","B0G66PNKF4","46","17.3","17.1","2350"
"アイリスオーヤマ サーキュレーター 静音 左右首振り 20畳 パワフル送風 ホワイト PCF-HM23-W","12633","47","50","805","¥ 6,980","","22","B00TY322BO","B0D72HCY2Y","44","39","27.2","3940"
"九州紙工 厚手 おしぼり ブラック 800本 高級 業務用 不織布 無地 個包装 飲食店 カフェ レストラン ウェディング VIP (W-23c ブラック 800本)","16740","29","","66","¥ 10,100","","1","B0C33HMZNZ","B0BR11W4YY","59","36","21","10500"
"ベルーナ ソファーベッド 3人掛け レイアウト自在 ペット対応 引っ搔きに強い はっ水 ライトグレー 幅180cm 284916-912","14252","23","","","¥ 36,980","","1","B0FQH82VD1","B0CQNC5MQN","121","93","25","37000"
"AYO タイルカーペット ずれない ジョイントマット 玄関マット厚手4mm 30*30cm フロアマット ハサミでカット可 防音シート カーペット おしゃれ 洗える 床保護 タイルマット パンチカーペット ペット/お年寄り/ペット猫犬滑り止め対策 設置簡単 床暖房対応 家庭/オフィス/事務所（40組 キャメルホワイト+オフホワイト）","12654","23","","205","¥ 5,309","¥ 5,309","1","B0D543WCXM","B0D633JTS6","33.8","32.2","18.6","2420"
"スライヴ フットマッサージャー 「もみボード、ローラー、足裏突起で施療 コンパクトデザイン」 MD-4220 ホワイト 管理医療機器","12662","74","200","886","¥ 8,740","","4","B01484RS0S","","46.1","32.1","21.5","3430"
"Yubbuio 卓上電磁調理器 3500W 静音設計 ブラッククリスタルパネル 中華鍋対応 多機能電気コンロ 防爆ガラス ステンレスボディ シルバー (3500w,ブラック)","12706","0","","","¥ 10,703","","1","B0FRZLJNBG","","66","53","15","7000"
"【プロ監修】真空パック機・真空フードシーラー 乾湿対応 専用袋×10枚付 ダブルポンプ搭載 PSE認証 120W高出力 75~90kPa 手動・自動モード ポイント吸引機能 吸引溝タイプ 汁物対応 ワンタッチ操作 静音設計 コンパクト 食品真空保存 鮮度長持ち 操作簡単 釣り好き・ご家庭に最適 ギフト 日本語取扱説明書","12663","43","200","73","¥ 5,980","","1","B0H14SRXPV","B0H6HGJ239","39.4","14.3","10.2","870"
"PHYLIA フィリア ディフューザー 2点セット ジェントルグリーンティー","12665","21","","","¥ 5,340","","1","B0GTLS922H","B0GVYMH9GY","27","11","10","990"
"貝印 KAI 関孫六 中華包丁 200mm日本製","12668","80","","32","¥ 10,264","¥ 10,264","9","B06XQG1F3M","B0CBT7PRS2","38.6","12.8","2.2","700"
"タンスのゲン マットレス RENEW セミダブル 極厚20cm ボンネルコイル 三つ折り 高反発 硬め 折りたたみ 05190002(102872)","12678","19","","10","¥ 13,999","","1","B0DTYLCTZ4","B0987F1MD5","120.5","29.5","29.5","23000"
"引っ越し 挨拶 粗品 タオル 今治 ポストに入る のし風シール付き 手提げ付き かわいい おしゃれ (10個, 市松のしシール)","8561","32","","125","¥ 5,480","","1","B0DBTHX97Z","B0DBZ13WGK","29.5","26.3","6.8","500"
"オーエスジェイ(OSJ) テーブル センターテーブル 幅89cm 収納棚 一人暮らし 北欧風 おしゃれ コンパクト","12691","41","","1","¥ 7,571","¥ 7,571","2","B0FR4D6Z52","B0FR4LBQDV","92.5","56","7","13300"
"【2026年版 極上の冷感届け！】 強力ミスト瞬間冷却 キャンプ扇風機 40000mAhバッテリー 10L大容量 ブラック","12704","52","100","74","¥ 9,700","","2","B0GD7K2WPR","B0HC32V8C1","36","32.5","19","2560"
"超音波温熱吸入器 UN-135","12708","40","100","235","¥ 9,809","¥ 9,809","2","B0BLMK8KS4","","27.3","20.7","13.3","1420"
"ツバメタオル 日本製 バスタオル 薄手 5枚セット 彩り 吸水 オーガニックコットン 綿100％ 泉州タオル 明治45年創業 老舗メーカー","12711","31","","117","¥ 8,800","","1","B0F1FG9LSM","B09WQXZQBM","30.5","24.5","14.5","1465"
"QUADS(クワッズ) ワンタッチ分解 DC壁掛けファン EASY FIT AIR イージーフィットエアー ヘッド簡単分解 丸洗い 風量12段階 上下左右首振り 扇風機 静音 節電 省エネ 空気循環 換気 (ブラック)","12712","43","50","28","¥ 9,800","","1","B0GLFSX3CK","B0H6BQLHX6","43","31","24","3000"
"ナガオ(Nagao) 燕振興工業 SUNAO ディナーカトラリーセット 10本 18-8ステンレス 日本製","12186","27","50","111","¥ 7,927","¥ 7,927","4","B008EFEP0O","B0CT8QMNGS","24.6","14.6","3.7","510"
"【BRID限定_6ヶ月延長保証】DUCT RAIL FAN DC plus 50 BK ダクトレール サーキュレーター 空気循環 003329_BK","12722","63","50","250","¥ 16,940","","1","B0D34DYR14","B09TSLCVHD","24.5","9.7","9.4","340"
"【公式】YAMATSU STANDARD 黒中華 26cm皿・3枚セット 黒 大皿 平皿 食洗機 電子レンジ対応 耐熱 日本製","12727","37","","26","¥ 5,808","¥ 5,808","1","B0FS1GD8B4","B0G4ZFNPGB","31.3","25.7","7.2","2040"
"法人向け高効率照明 器具一体式led蛍光灯 40ｗ形 2600LM 14Ｗ省電力 T8直管 120cm 昼光色 チラツキ対策済 目に優しい 低発熱 工事不要 会議室 コンビニ 倉庫 ガレージ照明 60本","29183","11","","55","¥ 62,300","","1","B0DCCBCCDF","B0BG9JLPDB","120","3","2","300"
"[山善] 冷風扇 冷風扇風機 冷風機 スリム 風量3段階調節 切タイマー 簡単給水 左右オートルーバー キャスター付き リモコン付き 水タンク着脱式 ホワイト×グレー FCR-J403(WH)","14436","68","100","10","¥ 9,980","¥ 9,980","8","B0GGYV2WLV","B0GVDKGJNJ","79.5","29.3","23.2","5860"
"[LeYoi] オープンシェルフ ラック 幅60 奥行30cm アジャスター付き 収納ラック 本棚 木目調 スリム 省スペース 棚 おしゃれ","12743","84","50","209","¥ 7,106","","1","B0F42V2GRR","B0F42TL79X","76","36","20","13100"
"【公式】レンジメート マグポット（グレージュ） RANGEMATE MUGPOT 電子レンジ専用調理器具 【特許技術使用】 レシピブック付き","12745","37","","134","¥ 9,900","","1","B0DK53Q719","B0HBW6X2YM","25.2","19.3","14.2","1220"
"SUWALABO スワラボ liberta(リベルタ) クラシックスタイルの座椅子/レバータイプ ハイバック リクライニング 首が楽 レザー ［ヘッドレスト14段/バックレストレバー式14段］ RMBS-13 (ブラウン)","11300","35","","35","¥ 9,490","","1","B0C4S3288K","B0D2Z319GJ","124","56","14","8300"
"remy レミパンプラス ツール4種セット 24cm (レッド) 深型 フライパン 蓋付 IH・ガス火対応 長持ち ギフト 【平野レミ 監修】 【公式】","12748","44","","559","¥ 20,980","","2","B0B2JZX2MV","B0GJYJ3H2T","42","26","21","2500"
"アイリスオーヤマ 2口IHコンロ IHK-WT41-B ブラック","12749","68","200","176","¥ 14,800","","13","B0DLGS1VSC","","60.8","41.5","11.3","5330"
"luckintech LEDベースライト 80W形 LED蛍光灯 コンセント式 40W消費電力 スイッチ付き 3Mコード 昼光色 120CM 工事不要","16452","17","","611","¥ 9,999","","1","B08ZSCL2YK","B0HB33GZ91","123.5","18","17","2900"
"JOVS Dora SRモード搭載 脱毛器 家庭用 光美容器 VIO対応 コンパクト メンズ レディース 軽量 低温サファイア冷却(Green)","12755","117","100","114","¥ 37,480","","1","B0D95KRRNN","B0FQT62B46","21.5","19.4","12.4","1010"
"オムロン 上腕式血圧計 プレミアム19シリーズ HCR-7502T","12756","88","100","998","¥ 14,800","¥ 14,800","3","B07ZK8VZMG","B0FL72Z759","22.4","15.8","12","1040"
"タンスのゲン 布団セット シングル 10点セット【オールシーズン使える！】2枚合わせ 洗える 掛け布団 固綿三層 26700100(71055)","12757","39","","209","¥ 9,489","","1","B089LJYF6Y","B0GL81XFJJ","72.5","53","29.5","11680"
"FILWY 水切りラック 食器 水切りかご 洗い物 ステンレス おしゃれ 大容量 食器置き キッチン収納 箸立て付き 自然乾燥可能 (ブラック)","14464","0","","","¥ 5,099","","1","B0HCZF3M18","B0HCZJB8V1","43","33.5","15","1000"
"長方形ラグマット 洗える 滑り止め 防音 北欧風 床暖房冷房対応 約3畳 200x250cm シャギー·アイボリー","12758","38","","36","¥ 5,592","","1","B0G4CHNC7L","B0HDRZRYLZ","40","20","20","3860"
"和平フレイズ アルミコート アイロン台 スタンド式 高さ調整 折りたたみ ブラック 黒 スタイルラボ AMJ-0742","11303","25","","11","¥ 5,060","¥ 5,060","2","B0D7Z4Y31M","B0DC5VYBFL","111","34.5","6.5","3600"
"ツインバード 電子レンジ 18L フラットテーブル 単機能 ヘルツフリー おしゃれ 一人暮らし ブラック DR-E268B","12780","42","","22","¥ 15,273","","14","B0CL4Q5QZ3","B0GC25HRM5","51.2","44","31.7","14370"
"VENTOTA フロアスタンド 間接照明 スタンドライト 100W相当 調光調色 LED電球付き インテリア照明 フロアライト おしゃれ ホテルライク 北欧 寝室 リビング 白 Simno","12781","19","","8","¥ 10,332","","1","B0CJV8FM5Y","B0CJVB8ND6","50","50","50","5300"
"スタイル スタンダード/Style Standard MTG エムティージー ネイビー 骨盤サポートチェア 姿勢サポート 猫背 (イス置き(AthleteⅡ), ネイビー)","12782","40","50","977","¥ 11,396","","1","B0859B13MZ","B0FL7PYN2S","47.7","47.2","25.9","1290"
"【人感センサーで節電対策・照明工業会加盟】 アイリスオーヤマ LEDシーリングライト 小型 メタルサーキットシリーズ 玄関 洗面所 トイレ 廊下 物置きに 2000lm 人感センサー付き 昼光色 SCL20DMSMCHL","12785","37","","169","¥ 5,275","","1","B07M66SMFX","B0CKVJQTY7","30.2","25.1","8.6","480"
"Dream Sticker タイルシール モロッカン 防水 耐熱120℃ キッチン 27×27cm ピンクミックス 20枚 MOR-N2","18302","27","","43","¥ 8,900","","1","B0CL9J9RQ6","B0FNCWT7QL","27","27","10","1600"
"DREO 扇風機 24畳 卓上 サーキュレーター 小型 静音 強力 3D自動首振り リモコン付き 4段階風量 8Hタイマー 省エネ","12793","65","100","2278","¥ 6,299","","1","B0CVXT5K2Z","B0HF7Q474K","33.1","25.9","25.9","2450"
"サンナップ 紙コップ 340ml 11oz 1250個(25個×50パック) 白 エンボス 断熱 日本製 対応蓋(CRU3450) C3425E","16074","26","","","¥ 25,534","¥ 25,534","1","B0GYRZNX29","B0FQBTR8XN","61","43","35","14000"
"PUPOFA ゲーミングチェア オットマン付き PUレザー リクライニング 収納式フットレスト 3Dヘッドレスト 高さ調節可能 勉強・在宅ワーク・オフィス用 (ピンク)","12799","60","50","28","¥ 9,882","","1","B0GVD3TZQL","B0GVCV7FWW","63","59","37","15900"
"パール金属 シリコーン 水切りカゴ スリム スライド式 18-8 ステンレス製 サスティナ HB-5530","14975","38","","6","¥ 6,380","¥ 6,380","6","B09JVRHMGW","B0GS5M33JM","41.5","22.3","17.7","2120"
"HOKEEPER ハンガーラック 超耐荷重204KG 2段式 大容量衣類収納 金属製 頑丈スチールパイプ スリム省スペース ロール付き伸縮式 洗濯物干し/洋服掛け 玄関/寝室/洗濯室対応 簡単組立 耐久 プロ仕様収納スタンド (黒い)","12807","41","100","11","¥ 8,450","","1","B0GQCB8376","","97","59","7","8300"
"BAIRNOX 米びつ ライスストッカー レバー方式 ライスエース 大容量 お米ケース 計量カップ付き 収納 食品 密閉 防湿 虫除 おしゃれ 6kg 12kg 計量 ライスボックス 穀物 保存容器 全自動計量米桶 防湿米箱 (12kg,ホワイト)","12810","0","","1","¥ 6,800","","2","B0FHBJT4FQ","B0FHBJVCPH","30","30","20","2000"
"アイリスオーヤマ マットレス 高反発 シングル 洗える エアウレタン プロファイル加工 マットレストッパ― 三つ折り セミダブル MTRK-SD","13140","47","","5","¥ 8,999","¥ 9,071","5","B00NW9WTWI","B0DW7WXW65","116","64","13.5","2560"
"Shinnwa 特許取得済み 低反発+高反発三角クッション枕 2層構造 読書用 背もたれ クッション ソファ ベッドの上 腰枕 ホワイト","12817","40","","511","¥ 5,780","","1","B0F31ZD1J5","B07X3YSN1J","28.9","28","17.8","1920"
"ドウシシャ コンパクト座椅子 骨盤を立て姿勢が整う 腰が痛くならない座り心地 14段階リクライニング 転倒防止ストッパー 肘掛け 取っ手付きで持ち運び簡単 あぐら 小さい 可愛い おしゃれ かわいい ピンク DZSR-PI","12825","40","","274","¥ 8,980","¥ 8,980","2","B0F8QC8YKB","B0HBP5R5M4","80.8","80","12","6240"
"【Toffy/トフィー】 オーブントースターミニ K-HTS1 食パン1枚分 ビビッド カラーバリエーション豊富 家電 パンナホワイト","12828","49","50","107","¥ 5,500","","1","B0DN5K6ZMZ","B0DN5MT514","27.4","24.4","24.2","2140"
"アイリスオーヤマ 電気圧力鍋 ヘルシープラス グリル鍋 圧力鍋 2in1 3L 2~3人用 52種類のヘルシーレシピ付き 108種類 レシピ付き グレー PMPC-MB3-H","12836","54","50","91","¥ 15,840","","3","B0CQXHWCMW","B0CV3Z6YHV","37.1","36.5","32.2","5440"
"ASHEL ジェリス 回転 ダイニングチェア ラテベージュ 2脚セット ベロア 金脚 肘付き クッション付き 回転椅子 肘付き チェア 食卓","12837","25","","6","¥ 23,090","","1","B0FDF9X5RV","B0FDFWG8HX","60","60","60",""
"ダイニングマット 透明 エンボス加工 150×190cm 厚さ1.5mm PVC 床保護マット チェアマット カーペットプロテクターマット 大型デスク足元マット テーブルマット 床傷防止 食卓/フロア/畳/机下/椅子/床暖房対応","12839","53","","95","¥ 5,500","","1","B0DXVSVLZ1","B0DXVPS9XN","150","4","4","5100"
"Inofia マットレス ダブル 天然ラテックス 極厚23cm やや硬め 高反発 ベッド ポケットコイル","12845","41","","491","¥ 27,174","¥ 27,174","1","B0D4TTVTC9","B0HBQ6566F","75","38","38","30000"
"Cozwish マッサージシート マッサージ機 マッサージチェア マッサージ器具 シートマッサージャー 腰と背中マッサージ プレゼント 3段階振動 ヒーター付き 肩・腰・背中・低背・お尻 軽量 折りたたむ 収納しやすい コンパクト 誕生日 家庭用 職場用 (Black)","12848","70","100","828","¥ 11,680","","1","B09TKNHTGP","B0BTYNT8W2","66.8","45.3","14.6","3470"
"シャープ 衣類乾燥 除湿機 CV-R120-W コンプレッサー方式 12L/日 プラズマクラスター7000 省エネ 強力除湿 部屋干し 消臭 上下オートルーバー","12854","87","100","171","¥ 29,880","","2","B0CZTC9G64","B0D7VNRL1F","71.5","41.4","29.4","17070"
"工進(KOSHIN) 乾電池式ドラムポンプ FQ25","12856","46","100","573","¥ 5,173","¥ 5,173","20","B00352SOW6","B08XMWYMNC","53.1","29.8","10","860"
"パナソニック　フォンテ用カートリッジ　【SESU92SK6P】","12858","41","100","392","¥ 10,290","","13","B00B45CYVI","","24.4","7.8","7.7","480"
"【20個セット】アイリスプラザ 紙コップ 大容量 100個入 ×20 容量：210ml ホワイト 業務用 大容量タイプ 使い捨てドリンクカップ パーティー 用 2000個セット 7オンス","12862","59","300","16","¥ 5,797","¥ 5,797","2","B0DQZ5N3N1","B0DRFG12L4","59.9","38.1","36","8900"
"ビームテック（Beamtec）ダクトレール ライティングレール コンセント 延長 連結 可能 黒 2m DRS-C3M-K-200","14049","39","","51","¥ 5,290","","1","B0DLG88XKT","B0DLGM6WSM","56","4","2.5","315"
"[山善] 扇風機 25cm 床置き ボックス式 押しボタンスイッチ 風量3段階調節 回転式風向きルーバー ホワイト YBS-B2510(W)","12868","74","100","133","¥ 5,980","¥ 5,980","1","B0CW1QL55Z","B0GVMRWBYR","41","37","17","2500"
"CORDOL米びつ ガラス保存容器 密閉ライスストッカー 蓋付き 米保存瓶 防湿 防虫 お米収納ケース 冷蔵庫保存対応 小麦粉 砂糖 穀物 スナック保存ボトル キッチン整理 お手入れ簡単 安心してご購入ください（具体的な製品寸法については寸法図をご参照ください） (10L)","13112","0","","","¥ 5,799","","1","B0H4QQBT2C","B0H4QMD5L1","1","1","1","1000"
"[ air-mo ] 珪藻土 バスマット 日本製 [ 正方形サイズ 44×44cm (0.9cm厚) 1.4kg ] [ 特許取得済み技術で高い水準の 速乾・消臭・軽量・耐久力 ] お風呂マット 足拭き あしふき お風呂洗い場マット/エアモ","14537","23","","665","¥ 6,980","","1","B0B6YQRN55","B07MN42RDJ","52.3","51.7","1.9","1800"
"ガスストーブ、2 ストーブアイバーナー、家庭用および商業用途に適しています、卓上および埋め込み式ガスレンジ、お手入れ簡単、シンプルなヨーロピアンガスコンロ 、キッチン、屋外RV、アパート用 (缶入り液化ガス-高級版5.2kw双九連装砲激射,厚くなったスプレープレート - フレームアウト保護)","12893","0","","","¥ 13,988","","1","B0FPQST3CS","","77","41","17.5","5000"
"エムテック KE-NON ストロングカートリッジ 対応する本体のバージョン 6.0/6.2/6.3/6.5/6.6/6.7/7.0/7.1/7.2/8.0/8.4/8.5/8.6/8.7","12879","55","200","355","¥ 10,900","","1","B01GDSMW9E","","7.6","6.8","5.7","50"
"山崎実業(Yamazaki) スリム蓋付きゴミ箱 2個組 ブラック 約W19×D40×H54cm(1個あたり) タワー 折り畳んで運べる 5206","16761","48","50","327","¥ 5,940","¥ 5,940","11","B08TQXWX61","B097DL6X88","58","55","6.8","3320"
"Tibnozt EMS ヘッドスパ 電動頭皮ブラシ IPX7防水 3D振動 広範囲赤色LED 頭皮エステ スカルプケア フェイスケア 美容家電","12885","92","","405","¥ 9,980","","6","B0G5X88D39","B0GZL3XQMT","16.4","13.6","11.1","680"
"CASIO (カシオ) 掛け時計 電波 アナログ 夜間秒針停止 静音 直径 34cm 見やすい 大きめ 木製 暗所 自動点灯 シンプル オフィス リビング 寝室 子供部屋 ギフト IQ-1160NJ-7JF","9299","19","","1566","¥ 7,980","¥ 8,211","3","B0GY2H2K29","B0F245N96N","36.5","36","6.6","1470"
"東洋佐々木ガラス クラフトビールグラス クラフトビアグラス 小 265ml 60個セット 日本製 食洗機対応 ビールグラス ガラスコップ グラス コップ 業務用グラス P-02108","12888","32","","","¥ 26,420","","1","B09WQHDZZR","B0GT4KGG26","50","42","24","16900"
"首肩 リラクゼーション器 肩 リラックス 【10本指再現 手のひら型】 ネックケア 首 リモコン付き 760超軽量 2段階温熱機能 2つのモード","12903","26","200","11","¥ 6,599","","2","B0GYYLFQ7B","B0HFXJHQDS","19.8","18.3","14.6","980"
"クイジナート ノンフライ オーブン トースター 4枚焼き オーブン グリル料理 冷凍 トースト ピザストーン付属 4ダイヤル シルバー TOA-39SJ","12903","53","100","36","¥ 27,800","¥ 27,800","7","B0DYNVXY2G","","45.2","44","43.5","9550"
"九州紙工 竹 26㎝ らんちゅう 卵中 竹箸 炭化 帯巻 3,000膳 使い捨て 業務用 ホテル 旅館 高級感 飲食店 TRC261c","13055","33","","34","¥ 26,100","","1","B0C8YRV5BW","B0C8YY5QND","63.5","34","29","24500"
"タイガー魔法瓶(TIGER) 精米機 家庭用 変速かくはん式 無洗米 RSF-A100R レッド","12907","58","100","877","¥ 19,400","¥ 19,436","18","B01KX8NM0S","","35.8","28","25.2","4220"
"【Luna Sundara公式】 ルナスンダラ パロサント スティック ペルー産 (450g/約45～55本程度) 香木 お香","13949","18","","36","¥ 8,300","","1","B0CL2PGZ84","B0CPW9H41P","28.3","20.5","9.4","505"
"【エッジサポートの強化】Novilla マットレス シングル 硬め 極厚20cm コイルマットレス 硬さ180N 高反発 独立コイル406個 波形高密度ウレタンフォーム 体圧分散 通気恒温 ベッドマットレス 寝返りサポート 高級スプリング 通気性 静音 底付き感無し mattress 高耐久性 並行配列 圧縮梱包 ホワイト 97×195×20cm","12922","45","50","102","¥ 10,820","¥ 10,820","1","B0FJ85347L","B0FJFYGYVW","105","25","25","18070"
"Aliliy電気ケトル ポータブル トラベルケトル 500ml大容量 316ステンレス 海外対応 温度調節 保温保冷 400W省エネ 小型 ベージュ","12927","47","","191","¥ 11,000","","1","B0GXY76HK1","B0HF48SJR9","29.2","12.2","12","770"
"[ベルメゾン] 天井吊り 物干し エア干し 室内物干し 洗濯物干し 天井付け 工事不要で設置 日本製 浮かせて干す 物干し台・物干しラック","12927","39","","29","¥ 8,540","","2","B0DSCT79C6","B0G5XS2583","97","11","5.5","900"
"アテックス ATEX マッサージ器 ルルド プレミアム マッサージクッション 首 腰 肩 背中 肩こり ダブルもみ® グレー AX-HC319gr 8つのもみ玉 ヒーター搭載 薄型 ホットマッサージ リフレッシュ 母の日 父の日 敬老の日 誕生日 クリスマス ギフト プレゼント","12930","38","50","75","¥ 12,800","¥ 12,800","3","B0BXRN28CB","B0D97PMY8V","43","38","10","2600"
"ツインバード ボディケアガン ハンディガン USB充電 4段階強力振動 ギフト プレゼント 父の日 母の日 敬老の日 ブラック SH-2685B","13669","38","","","¥ 6,583","¥ 6,583","2","B0F3X6LRTW","B0GC4HZZ8J","17.5","12.5","6.7","480"
"ジオ 両手鍋 22cm GEO-22T","12141","44","50","810","¥ 8,790","¥ 8,790","6","B0000DIJ40","B07FJXVR9P","33.2","25","13.1","2080"
"siroca(シロカ) 全自動コーヒーメーカー SC-A271｜ミル内蔵 タイマー予約 豆・粉両対応 テイスト2種 メッシュフィルター タッチパネル式","12937","52","50","1348","¥ 13,200","","9","B0FPX7Z4MC","B0HF4H5V22","32.6","28.9","21.2","3010"
"パナソニック 掃除機 コードレス スティック MC-SB55K-A ストーンブルー 軽量 サイクロン からまないブラシ 抗菌 クリーンセンサー搭載","12950","48","50","13","¥ 49,000","¥ 50,000","23","B0FKMQYGZC","B0G6JSR3TC","80","28","15","3600"
"iwoohome ミニ骨壷 骨壺 手元供養 アルミニウム 小さな骨壺 分骨 納骨 遺灰 小型 骨つぼ 密封型 仏壇用骨壷 形見入れ コンパクト 身近に感じる 魔除け 開運 厄除け 守護 家族 ペット 犬 猫 仏具 現代仏壇 ミニサイズ","10026","22","","243","¥ 6,999","","1","B0DZD36LWP","B0FC22BMTN","15.3","7.3","7","350"
"【Amazon 限定ブランド】ジョイントマット タイルカーペット タイルマット 【60*60cm* 10枚】VOTUDX 吸着マット ペット 大判 床 子供 ペット ジョイント カーペット 置くだけ 薄さ5mm 防音シート 防寒保温 子様/お年寄り/ペット猫犬滑り止め対策 マット 足音 洗える 洗濯 家庭/オフィス/事務所（ネイビーブルー)","33804","8","","174","¥ 6,880","","1","B0G6JNRK5P","B0G48MKVGQ","60","60","4","2000"
"VENTOTA LED電球 E26 60w 調光 調色 リモコン付き 直径67mm 昼光色 昼白色 電球色 800lm 常夜灯 広配光 高輝度 高演色 タイプ 省エネ 遠隔操作 LUC-9WE26A lucimo (ルシモ)","16013","25","","22","¥ 7,182","","1","B0BV5V3XCY","B0GMWD1KBL","50","50","50","200"
"MORIPiLO 抱き枕 大きい body pillow 【 生感触 もっちり吸い付く 】だきまくら 大きいサイズ 抱枕 低反発枕 枕 低反発 快眠 | HUG PILLOW 20x90cm","13644","26","","5","¥ 6,160","¥ 6,160","1","B0FYCWGP1D","B0H7B7MSWF","48.3","19.4","19","1710"
"TINFONBLY ロールカーテン コードレス式 1級遮光 ロールスクリーン 断熱/遮熱/UV99%カット 簡単取り付け 防音 目隠し (1mm単位サイズ指定無料) 寝室・リビング用 遮光カーテン 全10色 幅150cm x 丈120cm グレー","27338","5","","8","¥ 8,642","","1","B0F59ZGC83","B0GT8RBGXZ","150","4","3","1000"
"アストロ 収納ケース 羽毛布団 毛布用 2個組 ホワイト シングルサイズ用 通気性の良い不織布製 収納袋 収納ボックス 掛け布団 タオルケット 合掛け布団 保管ケース 保存袋 厚紙入りでしっかり丈夫 ネームホルダー付き 折りたためる 890-04","12136","34","","29","¥ 5,480","¥ 5,480","2","B0DF2HP1YT","B0DZBWRQCW","36","25","8","152"
"スタンダード カクテルシェーカー 350ml ピンクゴールド","14461","41","","1339","¥ 9,213","¥ 9,213","1","B01FQ82QXO","B0FSRQJK9W","26.5","12","8.2","190"
"山善(YAMAZEN) 回転本棚 8段 幅45×奥行45×高さ182.5cm 壁付け・角置き可 コンパクト 大容量 組立品 ホワイト 木目調 DSRR-8(JW)","12973","69","50","2165","¥ 15,000","¥ 15,000","2","B01NCXATC9","B0H3SW11K8","93","50","16.5","25500"
"タイルカーペット WEIDUOYI ジョイントマット ジョイントまっと 大判 30×30cm 厚さ5mm タイルマット 床暖房対応","114759","10","","44","¥ 8,550","","1","B0H6FGWPJP","B0H1WD4LYH","30","30","26","3400"
"GTPLAYER ゲーミングチェア なめらかなベロア デスクチェア オフィスチェア あぐら 椅子 ゲーム用チェア リクライニング ハイバック テレワーク椅子 PCチェア フットレスト 連動アームレスト ポケットコイル 座面の幅 50cm 四季適用 在宅ワーク 通気性 JP-GTP829-GREEN","13797","37","","3562","¥ 17,947","","1","B0DCJGJWJF","B0DCMRMC6F","83","57.5","23.5","19090"
"AYO タオルケット シングル ブランケット 綿100% コットン おしゃれ エアーケット キルトケット 速乾 抗菌 肌掛け 軽量 柔らかく肌触り 毛玉が出ない 毛布 オールシーズン 夏用 ソファー用 丸洗いOK 吸湿速乾（ベージュ，140*190cm）","15843","78","","1869","¥ 8,913","¥ 8,913","1","B0962SMTP6","B0CK8NFXQX","34.5","27.8","14.3","840"
"Cozyone ハンガー すべらない かたくずれ防止 50本組 洗濯物干し スリム ジャケット 収納 頑丈 衣類が滑り落ちない 型崩れ防止 乾湿両用（ブラック 50本組）","12980","45","","3943","¥ 6,191","¥ 6,191","1","B08YDLK5SB","B09NSB3FSZ","39.2","36.1","25","5350"
"【メーカー公式】リュウジの万能スキレット ４WAY（レンジ・煮る・焼く・保存）レンジ対応 陶器 ひとり暮らし キャンプ","12986","40","100","352","¥ 5,480","","1","B0B79Q6Z98","","26.9","20","13.7","1510"
"DEAN & DELUCA(ディーンアンドデルーカ) ショッピングカート ブラック","12988","45","100","522","¥ 5,711","¥ 5,711","2","B08VRTM9Z9","","33.4","20.8","9.2","740"
"VK Living 敷きパッド ワイドファミリー リバーシブル 冬 【SUPER HOT】 シーツ 帝人TEIJIN中綿使用 あったか 速暖 ブラウン","13003","3","","5176","¥ 5,299","","1","B0F18Q6Q29","B0HG145XBN","37","27","18","2110"
"クリンスイ シャワーヘッド 浄水 + ウルトラファインバブル シャワー カートリッジ1個付 ホワイト SM302-WT","13004","39","100","64","¥ 10,536","¥ 10,536","7","B0D95R6YR6","B0H7WMQ96L","22.6","9.2","6.8","350"
"AODK 棚 収納 ラック付きチェスト タンス 大容量 幅80×奥行き30cm たんす 洋服タンス リビング収納 布製引き出し 衣装ケース 転倒防止 安定感 おしゃれ 6段6杯 ホワイト","13012","62","100","66","¥ 9,980","","1","B0F1T4P1C8","B0F1T6QQZT","89","37","12","13040"
"[Figoday] 足踏み式ゴミ箱 蓋付き 大容量 業務用 プラスチック製 防臭設計 ペダル操作 選べる20/30/40/50/60/80/90/100L キッチン 室内 屋外対応 ホテル レストラン オ (イエロー,50L)","10398","14","","","¥ 5,605","","1","B0GVMW2RJJ","B0GVMQKLXN","1","1","1","5000"
"Xiaomi モニター掛け式ライト USB Type-C 非対称配光 Ra95高演色 無段階調光対応 反射防止 色温度調整対応 ワイヤレスリモコン付属","13015","56","100","6214","¥ 5,980","¥ 5,980","3","B08W2C5W59","","47.9","15.7","6.4","940"
"[山善] ホットプレート 大型 ワイド お手入れ簡単 フッ素加工 着脱式プレート ワンタッチ操作 蓋付き ブラウン YHE-B132(T)","13016","59","200","162","¥ 9,980","¥ 9,980","4","B0B42BF2KX","","65.7","43.4","19.1","5010"
"【Amazon 限定ブランド】ジョイントマット 【45*45*0.4cm 20枚】大判タイルカーペット XIWEIYI 吸着マット タイルマット ずれない 防音保温 床暖房にも対応 洗えるカーペット ペット用 ペット/高齢者の滑り止め対策 お手入れ簡単 設置簡単 DIY可能(ネイビーブルー+クリームホワイト)","15821","38","","210","¥ 6,880","","1","B0D294W9HR","B0FJFYS7YV","47.3","46.5","10.3","2470"
"無印良品 体にフィットするソファー・本体 幅65×奥行65×高さ43cm 61049182","13017","66","300","438","¥ 10,000","¥ 10,000","1","B00KTT92FQ","B0FPFBYQ3Y","75","74.5","45","8060"
"ふわとろソファベッド Foure（フール） 幅90×奥行き115～165×高さ27～82cm フリーロック18段階リクライニング (ダークグレー)","13022","33","","63","¥ 19,595","¥ 21,323","10","B0FRRSF9NN","B0F4PBZ587","93","82","24","14500"
"ワインラック ウイスキー棚 ボトルラック 5段階段状コーナー酒棚 大容量ボトルディスプレイラック 落下防止フェンス付き","13023","53","","53","¥ 6,850","","1","B0GGDZFKSY","B0FP283ZWL","42.4","34","17.9","6720"
"平安伸銅工業 ボトムスハンガースリム 白 BHS-1","13025","55","","726","¥ 5,580","","1","B00ME7QY02","B0H47FZX7C","73","29","6","4000"
"チチロバ(TITIROBA) 突っ張り ハンガーラック 伸縮 全体耐荷100kg 縦110-310cm 横108-180 部屋干し ブラック ダブル","13030","40","","404","¥ 5,378","¥ 5,378","1","B0CF9DPPPT","B0FFM43BL5","110","13","9","4800"
"【anan掲載×日本メーカー】【SHIRAKU公式】リカバリーマット/上半身+下半身+枕(ブラック) 脳神経外科医監修/指圧マット/ダイヤモンドスパイク/ストレスケア/全身ケア/針/鍼/正規品 【Amazon.co.jp限定】","13035","4","100","1","¥ 29,800","","1","B0H5BKQ4ZM","","47.6","37.4","18.5","3210"
"Kurasage 室内物干し 折りたたみ 布団干し ダブルバー伸縮式 耐荷重40kg 大容量 ステンレス製 平干しネット付き 省スペース収納 梅雨 花粉対策 (ホワイト)","13035","67","50","123","¥ 5,933","","1","B0GJCPQ7X8","B0H3TB7YJ9","88","15.5","15.4","4620"
"ヨシカワ シーズ・クッキング ソースポット 22cm 両手鍋 IH・直火対応 シンプル 日本製 燕三条 YJ3740","13037","43","","1","¥ 5,727","¥ 5,727","6","B0D78Q4N98","B0FG7GL187","32","23.6","11.4","1300"
"やすらぎ座椅子 華 花柄 ブラウン AJOZ-5546AK","13040","49","200","231","¥ 5,980","","1","B00NHEDBV6","","46.4","46.4","19","5940"
"HOYOJA フィギュアケース 透明 ショーケース クリア コレクションケース 卓上 収納ケース ディスプレイケース 収納ボックス 4個セット","15441","21","50","36","¥ 5,480","","1","B0G6D41KQ7","B0H7WY3FB8","39.3","29.2","17.1","5190"
"ガスコンロ ビルトインガスコンロ 卓上および埋め込み式ガスレンジ、お手入れ簡単 9個口火力リング中華鍋バーナー ブラック強化ガラス テーブルトップクッキング Ng/LPG コンバーチブルガスストーブ コンバーチブルコンロ 自動パルス点火 家庭用キッチン用 (8.5 kw九腔タイミング,天然ガス用)","13150","0","","","¥ 12,652","","1","B0FGVFSLG3","B0FGVG9T8W","1","1","1","1000"
"グラムスタイル カーテンレール 伸縮 角型 2.1-4.0m シングル 天井付け 正面付け 兼用 木目調 おしゃれ ホワイト","16118","31","","368","¥ 6,990","","1","B0811DZFZC","B0D4HV16NS","217","8","6",""
"低温調理器 エンペラー タマリン 新モデル 強化樹脂ボディ スタンド式 1200W IPX7防水 サラダチキン シェフ監修レシピ付き 家庭用","13051","49","100","584","¥ 13,903","","1","B09TVQ2SB3","B0GLX951KF","36.6","11.6","10.3","1360"
"バンクシー 風船と少女 絵画 大きい モノクロ ポスター banksy 壁絵 壁掛け 額付き インテリア 壁 おしゃれ インテリア 抽象画 玄関 アートパネル 風水(50x75cm)","14267","27","","318","¥ 5,998","","1","B09DWQ4TKW","B09DWP1JQR","74.6","52.1","1.8","480"
"象印マホービン 炊飯器 5.5合 ホワイト NW-BB10-WA","13058","52","50","38","¥ 42,780","","4","B0FH6BMJG8","B0FHP2ZL17","39.8","31.6","27.3","6680"
"ekans(エカンズ) ベランダ並みに干せる室内物干し マルチバータイプ WT-150W ホワイト","13063","35","50","429","¥ 6,980","","1","B0GFDBWTX1","B0GFD64JXP","100","47.5","10","8000"
"KELIXU パーテーション 間仕切り 4連 自立式 衝立 カバーストリップ付き 高さ1.8m×幅2.28m 布タイプ 折りたたみ 仕切りパネル 軽量 クロスパーテーション 目隠し 屏風 おしゃれ 組み立て簡単 部屋 オフィス 会議室 (ブラウン)","15900","25","","177","¥ 7,599","","1","B0F32Q4WXC","B0FWC9G18H","95","15","9","7300"
"富士ホーロー 笛吹きケトル IH対応 コットン 2.1L スモークブルー CTN-2.1WK.SB","13071","41","50","615","¥ 5,013","¥ 5,013","10","B081CX9ZJQ","B09HV92ZDK","25.2","18.7","15.9","1260"
"ワインセラー 12本収納 コンプレッサー式 ワインクーラー 省エネ 小型 家庭勤務用 ワイン ワインボトル 冷温庫 デザイン家電 自宅用 部屋 静か 静音 ワイン庫 ブラック [並行輸入品]","13266","0","","","¥ 29,890","","1","B0FDQGYNPV","","75","60","35","1000"
"【オンライン限定】 パール金属 日本製 食器 水切り かご ステンレス メイドインジャパン 18-8ステンレス製 水切りバスケット AZ-7157","13077","43","50","12","¥ 5,229","¥ 5,229","2","B0FYP9RY9M","B0GS5LSC8W","47.8","38.6","14.7","1490"
"リコメン堂 ダイニングテーブル 天然木 幅80 奥行60 単品 2人掛け 木目調 ナチュラル 木製 80×60cm オーク突板 ブラウン リビング ダイニング パソコンデスク つくえ 机 デスク (オークナチュラル/80×60cm)","14888","31","","22","¥ 8,531","","1","B0DGX85WLC","B0CD1GDRXQ","84","64","12","11500"
"山善(YAMAZEN) キッチンラック 突っ張り 幅60 ブラック TKRO-604*(BK)","13086","42","","1224","¥ 6,990","¥ 6,990","1","B01N9SYAK8","B01MYC8DEJ","73.3","37.8","7.1","3740"
"エバークック フィット 炒め鍋 深型 フライパン 26㎝ IH対応 ガス火対応 【500日保証】 PFOAフリー PFOSフリー 着脱式 ブラック evercook fit ドウシシャ","13088","49","","4","¥ 5,016","¥ 5,016","1","B0GSYCVQ5G","B0GNHSV6QK","32.3","30.2","9.3","660"
"パナソニック アミューレ 泡脱毛 (全身用) ピンク ES-WA30-P","13089","55","100","599","¥ 5,300","","28","B004X8WBZC","B07821G885","19.4","9.8","3.6","150"
"MoonMeguriキッチン収納 キッチンツールラック キッチンベイカーラック 幅95～165×奥行38×高さ80cm スライド棚付き 左右交換可能 横幅伸縮 引き出し(3個)・2口コンセント付き 回転可能 コーナー対応 組立かんたん 傷汚れに強い ゴミ箱 キッチンラック 食器棚 炊飯器 オーブントースター リビング (ブラック, 幅95~165cm)","13089","17","","17","¥ 13,990","","1","B0GMGVM52D","B0GMHGSVSD","100.5","43","14.6","28000"
"プリザーブドフラワー 大サイズエンジェル型ガラスドーム 専用ボックス付 紫イエロー","13090","25","","104","¥ 5,180","","1","B0FLRQBB6D","B0CZLRS9J5","21.3","16.9","15.9","630"
"パナソニック トースター オーブントースター ビストロ 8段階温度調節 オーブン調理 焼き芋 NT-D700-W","13094","51","50","843","¥ 27,099","","25","B09YD1WKGG","B0CJ4JD743","39.2","37","33.6","5720"
"MERACH (メリック) 筋膜リリースガン きんまくリリース 電動ガン 3WAYハンドル搭載 背中 腰まで届くハンディガン 5種類アタッチメント 4段階強力振動 8時間以上連続使用 パワフル リリースガン MINI 静音 携帯便利 プレゼント ギフト最適 一年メーカー保証","13095","53","200","303","¥ 6,978","","1","B0G3QHWNMC","B0GDD4F73X","26.9","22.1","5.7","680"
"和平フレイズ 新潟 燕三条 鉄 フライパン 24cm IH対応 ガス 木のハンドル 日本製 enzo エンゾウ en-009","13098","43","","54","¥ 7,400","¥ 8,000","11","B089VPDLFH","B0F997GJ3C","42","26","10","1220"
"日立 掃除機 コードレス スティッククリーナー PV-BL1C4 W ホワイト 日本製 小型 軽量 自走式","13100","152","400","89","¥ 29,478","","7","B0F9KMZKKK","","56.2","27.3","23.3","3350"
"COCODOR フレグランス ルームスプレー / イチジク ツリー / 16.9オンス (500ml) / エッセンシャルオイル、香りのルームクローゼットファブリック消臭スプレー。","13102","1","","67","¥ 6,366","","1","B0G2LDV79G","B0GTYVX51Q","24.7","9","6.4","630"
"リズム(RHYTHM) 電波時計 掛け時計 6曲 メロディ 入り 「 スモールワールド リリィN 」4MN554RH10","13107","43","50","335","¥ 7,484","¥ 7,484","18","B0862FX627","B0CX83QQYC","42.7","34.9","11.4","1470"
"Hydro Flaskウォーターボトル 断熱ステンレススチール こぼれ防止 漏れ防止 24オンス ムーンシャドウパープル","13110","27","","2388","¥ 12,651","","14","B0D8C3Q7JG","B06XSZQQB4","29","8.2","8.1","431"
"スポットライト ダクトレール 調光調色 リモコン付き 100W相当 ライティングレール LED一体型 ダクトレール ライト レールライト LED電球内蔵 電球色 昼白色 おしゃれ 黒 白 木目 天井照明 間接照明 キッチン 寝室 店舗 展示照明 ダイニング リビング 角度調節 インテリア おしゃれ 商業施設 展覧 映画館 食卓 取付簡単 明るい 省エネ(ダークブラウン,10灯-1リモコン)","21635","15","","","¥ 29,490","","1","B0DWX4NS6P","B0GRFSGYFY","37","20.5","14.5","2900"
"GTPLAYER ゲームチェア ヒョウ猫付き かわいいベルベット生地 人間工学に基づいたコンピューターチェア フットレストヘッドレストとランバーサポート付き 大きくて背の高い快適なビデオゲーマーチェア 大人 男の子 女の子","13116","30","","615","¥ 67,084","","1","B0GS51LHJC","B0F4CY9PK3","66","45.7","20.3","15422"
"貝印 KAI 貝印 KAI 三徳包丁 関孫六 10000CL 165mm 日本製 AE5254","13118","46","100","285","¥ 6,527","¥ 6,527","19","B005CSJX5S","B0DY1C1QLB","33.3","7.8","2.7","240"
"NIPLUX【博士監修】ヘッドリラクゼーション器 ヘッドスパ 温熱 加圧 目元エステ 頭ケア アイウォーマー ホットアイマスク CHILLMET","13121","41","100","128","¥ 14,080","","1","B0DFW44MLG","B0DJVM4LSG","32.5","19.9","6.8","850"
"LUMIEL 室内物干し 折りたたみ 物干しスタンド 物干し竿 ハンガーラック 部屋干し 洗濯物干し 省スペース収納 コンパクト収納 組み立て簡単 (ブラック, 二段)","26821","35","","47","¥ 8,999","","1","B0GKV4XKJ7","B0H66L1CTM","82","27.3","10","10010"
"エイアイテック カウンターテーブル スリム 省スペース おしゃれ ダイニング リビング ブラウン 幅100 奥40 高90cm ABX-01 BR","17813","36","","37","¥ 7,522","¥ 7,522","9","B0BG42Y96X","B0BGHHPTBR","113","41.5","9","12520"
"サンメニー ミニ おりん セット 本格 蒔絵 2.5寸 日本製 りん 仏壇りん 現代 仏具 小さい 可愛い タメ 鉄仙 毎日のお供え お参りに 手元供養 ペット 供養 狭い スペース にも 真鍮 ブラス 製 凛 とした 音色 リラックス に りん直径7.5×高さ10cm [Sunmany]","13131","47","","353","¥ 9,241","¥ 9,241","2","B091PPS73S","B0CLRNHKH1","14.2","13.2","8.4","240"
"コイズミ 電気毛布 掛敷毛布 電磁波カット 丸洗い可 188×120cm KDK-75256D","13131","37","","8","¥ 7,946","¥ 7,946","3","B0FNR5W31T","B0FQV96XF5","34.8","33.6","11.9","1650"
"ottostyle.jp ダイニングチェア 介護椅子 肘付き 【幅53cm×奥行55cm×高さ76/79/82cm】 木製 耐荷重120kg スタッキング可能 高齢者 チェア リビング シニア 立ち上がりやすい [単品] [ナチュラル×ホワイト]","13133","30","","15","¥ 7,480","","1","B0GGRC6JZM","B0789DWRWY","79","56","10.5","6920"
"ネストテーブル 木目 くりいろ ローテーブル センターテーブル コーヒーテーブル 2個セット ブラック 円形 入れ子式","16539","30","","5","¥ 5,500","","1","B0G3WWR15N","B0GR8GGV33","67.5","66","9.5","7710"
"【テレビ放映商品】アイリスプラザ 脚付きマットレス ボンネルコイル セミダブル ベッド すのこベッド 搬入らくらく 圧縮梱包 ベッド 耐久性・通気性 ABTM-SD ブラウン","13140","41","","1196","¥ 16,465","¥ 16,465","5","B08BD153DY","B0DXK85NRH","100","29","27","29000"
"エペイオス(Epeios) ノンフライヤー エアフライヤー ガラスボウル 4L・1.5L 2点セット 可視調理 食洗機対応 1400W EPAO248","13143","75","300","84","¥ 15,888","","1","B0G1N5GWQD","B0GN185JLS","34.7","32.9","32.8","7080"
"山善(YAMAZEN) ハンガーラック 頑丈 耐荷重85kg シングル 高さ伸縮 キャスター付き 衣類収納 組立品 幅96×奥行40.5×高さ105.5/高さ142.5-162.5cmマットブラック YIH-S(MBK)","13154","41","","661","¥ 6,990","¥ 6,990","2","B07H8TQT6T","B0CFXSZT6P","97.5","15","7.5","5700"
"ドウシシャ すっきり収納 フリーラック ブラウン 3段 木目×スチール 幅63.5 × 奥行30 × 高さ72cm SS65-3BR オープンシェルフ 北欧風デザイン 省スペース収納棚 リビング・キッチン・玄関に最適 組み立て簡単","13205","43","","58","¥ 5,478","¥ 5,478","2","B0FD9SN7JC","B0HC5LHHZN","92","36.8","9.3","7800"
"opove M3 Pro 2 筋膜リリースガン 12mm振幅 32kg耐圧 6本大容量バッテリー 5段階強力振動 6種類アタッチメント ブラック","13161","37","100","13725","¥ 15,399","","1","B09XK4X9MX","B0CFM7YJX4","28","21.7","9.4","1940"
"タンスのゲン ダイニングテーブル 単品 140cm 4人掛け 長方形 ヴィンテージモダン スチール ブラック脚 72600040(85595)","13161","43","","109","¥ 18,979","","1","B0CP3MPX1P","B0DJNFJXD8","148","84","8",""
"無印良品 超音波うるおいアロマディフューザー MJ‐UAD1 44554586 白","14967","46","100","253","¥ 6,997","¥ 6,997","1","B09361272Z","B094QJNKZG","24.4","18.8","14.6","880"
"パナソニック エアーマッサージャー はくだけキュッとリフレ おまかせAI レッグリフレ ダークグレー EW-RA192-H","13166","47","100","69","¥ 50,000","¥ 50,000","20","B0DFXXD71J","B0F5GR6VRZ","62","23.5","16.4","2790"
"FIIL 集音器 骨伝導 しゅうおんき 高齢者 アプリ操作 BT5.3 ノイズ低減 ハウリング防止 音声拡聴器 母の日 父の日 簡単操作","13168","47","200","22","¥ 10,343","","3","B0GV413415","B0HD9YDHZ6","16.4","13.5","6.3","250"
"Lifewit 積み重ね可能なウォーターボトルオーガナイザー、キャビネット用クリアタンブラーホルダー","13175","44","","7859","¥ 7,904","","8","B0FNBG2HDD","B0D2HT5WLS","32.3","19.8","5.8","690"
"【碧海】Avenco マットレス セミダブル しっかり硬め 厚さ20cm 高反発マットレス ポケットコイル 硬さ180N 32D高密度 高圧縮比スプリング493個 体圧分散 エッジサポート・通気性 安定感のある寝心地 底付き感無し 寝返りしやすい 高耐久性 持ち運び便利 ホワイト×ブルー 120×195×20cm【SyncDeep Pro】","13178","49","50","46","¥ 15,564","¥ 15,564","1","B0GXK7L4MW","B0GXKMS5HF","127","25","25","21700"
"AZAKBL ハンガーラック 2段 頑丈 洋服ラック 大容量 耐荷重180kg 棚・フック・キャスター付き (ホワイト, 90*35.5*184cm)","15030","31","","52","¥ 5,699","","1","B0GBVY978T","B0GBWGB32Z","93","38.5","8","7510"
"シーリングファンライト【2026新登場10-12畳向け】 シーリングファン φ46cm 正逆回転 冷暖房効率UP 高輝度LED シーリングライト","13188","82","50","550","¥ 8,929","","1","B0GX56MP9Z","B0HG1R638H","44.4","34.6","19.5","2520"
"廊下敷き 廊下 カーペット VOTUDX 約 360*60cm 洗える 防音 5mm 床暖房対応 滑り止めマット 転倒防止（ミ-ホワイト）","20322","13","","195","¥ 5,280","","1","B0G7VH1D53","B0G4CLCP9Q","60","15","15","1430"
"パナソニック 加湿 空気清浄機 ナノイーX 9.6兆 エコナビ搭載 3Dフロー花粉撃退気流で花粉をパワフルに吸引 ~31畳 ホワイト F-VC70XV-W","13192","45","50","218","¥ 43,980","¥ 43,980","5","B0BGPQWQTT","B0G34LRQC9","69.8","46","30.5","11600"
"kukeimaru ベッドフレーム セミダブル すのこベッド 耐荷重300kg 静音 通気性スチールベッドフレーム 197×120×35cm ブラック","16270","14","","1","¥ 8,299","","1","B0H3Z1X2K9","B0H94TR6MS","131","31","8","13200"
"セイコークロック(Seiko Clock) セイコー クロック 掛け時計 置き時計 兼用 電波 デジタル 交流式 カラー液晶 シリーズC3 白 DL208W SEIKO","13197","35","50","1255","¥ 13,855","¥ 13,855","23","B015CELJBM","B0BJ8MSS5T","34.7","25.5","18.5","1400"
"タンスのゲン こたつテーブル 長方形 【速暖2秒！600Wハロゲンヒーター】 手元コントローラー 家具調 68140094(127711)","13201","11","","953","¥ 18,030","","1","B0CPY12YNP","B0DK6Q2M5X","125","80","10.5","20000"
"テイジン BOXパッド リバーシブル 接触冷感 夏用 洗える シーツ一体型 洗濯ネット付き COOLME ダブル 140×200cm ブルー","13202","6","","25","¥ 5,599","","1","B0H9RJP2J1","B0HB2M8DWZ","64","40","34","9500"
"[TENTIAL] BAKUNE 夏用掛け布団 バクネ 冷感 ひんやり 軽量 通気性 洗える グレー セミダブル","18667","64","100","129","¥ 25,960","","1","B0GVDML67G","B0F5PGQNGW","35","30","25","1500"
"パナソニック(Panasonic) LSEB5721KLB1 天井埋込型 LEDダウンライト 浅型8H・高気密SB形 埋込穴φ100 集光タイプ 8.2W 昼白色/ホワイト枠","13333","42","","","¥ 5,998","¥ 5,998","4","B084VHHQVK","B0DVTB8NSG","18.9","12.2","10.2","440"
"GOKUMIN マットレス ダブル プレミアム高反発マットレス マットレストッパー 敷布団 ベッド","13206","48","","1747","¥ 15,673","","1","B0D7H2MSFZ","B0D7PJJDTK","73","27","27","6500"
"鉄フライパン 哲 24cm シーズニング不要 IH対応 ガスコンロ対応 軽量 辻哲弥プロデュース","18319","31","","38","¥ 9,400","","1","B0CV3GL46H","B0DF55JG7C","48.6","28.3","14.4","1240"
"貝印 KAI 調理器具 セット 11点セット IH対応 一人暮らし 新生活 フライパン 鍋 包丁 まな板 ざる ボウル おたま フライ返し トング 計量カップ 計量スプーン","13210","42","100","168","¥ 7,500","","1","B0B4NB781H","","45.9","34.6","14.5","2590"
"遠藤商事 TKG 料理鍋 両手 30cm アルミ製 アルマイト加工で直ぐに使えて変色しにくく、腐食に強い 外径×深さ(mm)317×140 容量(L)7.2 業務用 AEV1703","14211","46","","114","¥ 5,285","¥ 5,285","12","B001T1AZYK","B07V7LK3MP","35.5","33.4","18.6","1160"
"アイリスオーヤマ ベッド用布団3点セット セミダブル 枕 掛け布団 ボックスシーツ 新生活 洗濯可能 ピーチスキン加工 ライトブルー","17024","23","","4","¥ 6,300","¥ 6,980","3","B0G1FSJBJC","B0G336BHFH","51.8","42.3","12.1","2780"
"SONGMICS Mazie コレクション - オットマン 収納 スツール 収納 ベンチ 収納ボックス 折り畳み式 ベンチ型フットレスト キューブ型 合成皮革 幅40CM 耐荷重130kg 玄関 リビング 寝室対応 シンプリーブラック LSF100K01 (× 2)","14184","15","","765","¥ 5,360","","","B0GZD392YP","B0CDKWB9X3","41","31","7.5","5000"
"Atlas アトラス 保温保冷 タンブラー 430ml グラデーション ソーダブルー 12個 真空断熱 お酒 ハイボール ASTG-433SB12P","8112","32","","151","¥ 11,100","","1","B0CVRPWKN7","B09ZPGX7D3","15.7","7.8","7.8","220"
"八番屋 シューズボックス スニーカーボックス スニーカー 収納ボックス 収納ケース 靴ケース 靴 箱 棚 収納 ケース 透明 クリア（ホワイト6個セット）","13231","36","","1157","¥ 8,398","","1","B08L7TT6CF","B0831NBQ6B","42","38","30","8000"
"白井産業 キャビネット 食器棚 キッチン収納 同シリーズで組み合わせ自由自在 一人暮らしの部屋や狭いスペースにぴったりサイズ ダークブラウン木目柄 ベーシックデザイン 幅56.6×奥行29.5×高さ80cm FUL-8055DHDK フルニコ","14906","38","","73","¥ 11,411","¥ 11,411","2","B0CCRK5Z32","B0CH2Y86C7","80","34","17.9","16620"
"日本製紙クレシア スコッティペーパーふきん サッとサッと３０パック","13242","42","100","51","¥ 6,422","","17","B007GIOXNO","","62.3","43.7","31.7","14240"
"やなぎプロダクツ 割り箸 割らずに使える 竹 完封箸 20cm 爪楊枝入 100膳入×30個セット [ケース販売] 個包装 業務用 PK-009","11398","42","","1083","¥ 7,258","¥ 7,258","1","B0BCJZHJ72","B0C655L974","53","43","26","19300"
"クール便配送 花 誕生日 プレゼント 賀寿のお祝いアレンジ 華ことぶき～88歳 米寿・黄～ ギフト 記念日 お祝い 生花 米寿 賀寿のお祝い","18242","11","","283","¥ 5,830","","1","B0FD7JKGCH","B0156B1JDY","30","25","25",""
"パーマテックス ライトスタッフガスケットメーカー 10オンス 33694 Pack of 1 29208","13250","25","","612","¥ 5,398","","3","B000HBNV8U","B0H7RFYDSN","17.5","7.4","6.1","231"
"【2026 年新モデル・AI モデル】サーキュレーター 360° 3D 自動首振り 扇風機 DC モーター 大風量 循環送風 静音 省エネ","13252","104","200","393","¥ 6,640","","2","B0GMPVMGYF","B0H5WK9YVZ","64","36.4","26.8","4210"
"VERILADY 掛け布団 肌掛け布団 持続冷感 とろとろケット 夏用掛け布団 リバーシブル仕様 夏用ブランケット 掛けふとん タオルケット 接触冷感 もちもち 除湿速乾 抗菌防臭 防ダニ 洗える ひんやり キルティング加工 二層構造 柔らか質感 肌に優しい ふわとろ 夏布団 オールシーズン快適 極眠 シングル 肌布団 春夏秋(180x200,ホワイト)","13254","24","","48","¥ 5,933","","1","B0H4111BJ9","B0FDB9VM7K","33","23","18.2","1540"
"シモジマ ヘイコー OPPシート 食品用 0.02mm厚 縦400x横600mm 500枚 006777008","13258","45","","139","¥ 5,134","","7","B01EJAX9JK","B075FN8Y3Q","60.5","41","1","2240"
"SUESONG 肩甲骨はがし 肩甲骨はがしピロー 肩甲骨ストレッチクッション 背中 肩甲骨 ストレッチ 誕生日に プレゼント","13259","40","200","29","¥ 5,280","","1","B0GGP1QYPS","","39.1","26.2","10","1020"
"Nicehill チェスト タンス 収納チェスト オーガナイザー 収納ケース 衣類・キッズ・ベイビー用ワイドチェスト衣類収納 3段5杯 (ホワイト)","13263","53","50","1905","¥ 7,999","","1","B0BZZ18W31","B0DPXT7XZP","109","32","11.5","10550"
"【雑誌anan掲載】 CocoMirror 風呂 鏡 マグネット 浴室 お風呂 マグネット鏡 バスミラー マグネットミラー 60Ⅹ30㎝ 1枚)","13264","47","","12","¥ 9,480","","1","B0GKNKN9CV","B0GQ32HVMZ","62.4","31.4","3.7","1670"
"アテックス ATEX マッサージ器 ルルド ハンドマッサージ ハンドケアコードレス AX-HP285wh ホワイト 加圧 温熱 手の休憩 男女兼用 両手対応 手 指 母の日 父の日 敬老の日 誕生日 クリスマス ギフト プレゼント","13265","42","50","76","¥ 8,800","¥ 8,800","6","B0CHMBHYG4","B0DXP4XS41","23.8","21.1","13.9","1250"
"ORALUCE スマート LED電球 E17口金 40W相当 調光調色 スマートライト マルチカラー 1600万色RGB 昼白色～電球色 Alexa/Google Home対応 ハブ不要 遠隔操作 取扱説明書付 4個入 LDA5F-E17/4P","13268","38","","496","¥ 5,272","","1","B0CHRG1Y9H","B0CLDBM4WQ","9.7","9.5","8.2","120"
"UtaU ブレッドドロワー ロー ピュアホワイト 大容量 引き出し式収納 トースター対応（耐荷重5kg） 下段収納スペース付き ブレッドケース トースターラック パンケース 約W43.7×D35×H17.5cm 引き出し型 おしゃれ シンプル モダン 北欧 NS-541003","18071","33","","165","¥ 11,000","¥ 10,116","2","B0G57NJZZY","B0D457P9R9","45.4","34.7","20.8","5850"
"Matdeco シャギーラグ カーペット 長方形 約3畳 200×250cm 洗える 無地·ホワイト","15112","46","","70","¥ 5,262","","1","B0F23K3ZTS","B0H1DCQW7W","40","20","20","3860"
"KELIXU パーテーション 間仕切り 6連 高さ176.3cm×幅328.7cm カバーストリップ付属 クロスパーテーション 折りたたみ式 衝立 自立式 布製 目隠し 屏風 おしゃれ 頑丈 部屋 オフィス 事務所用 (ブラック)","20165","49","","33","¥ 9,799","","2","B0FHQ3P7QC","B0FJRM2M1V","94.5","15","12","10600"
"Aliliy電気ケトル ポータブル トラベルケトル 500ml大容量 316ステンレス 海外対応 温度調節 保温保冷 400W省エネ 小型 浅ベージュ","13284","47","100","191","¥ 11,000","","3","B0G5XNW661","B0HGWXMG37","29","12.3","11.8","770"
"エムール 肘掛け付き 座椅子 Mollet ソファー ネイビーブルー 折りたたみ 3WAY 14段階リクライニング 軽量","13289","41","50","500","¥ 8,990","","1","B082FB9XQL","B0FB34JNLB","69.5","58.8","34","9180"
"ZMBJ ミニポータブル洗濯乾燥機、ワイヤレス充電、脱臭、ブルーライト殺菌機能、3つの洗濯モード、USB、4000mAh大容量、軽量、小型旅行グレードの超ミニ、ポータブルミニブルーライト、下着と靴下、ワイヤレス小型 (ティファニーグリーン)","14013","0","","","¥ 5,900","","1","B0GX9ZXCKS","B0GX9XHV5S","27","20.5","17","1200"
"SwitchBot AI アートキャンバス インテリア フレーム - 額縁 配線不要 壁掛け・卓上両用 目に優しい WIFI プレゼント 低電力 壁飾り 部屋飾り フレーム変更可能 91*61センチ","13291","43","","46","¥ 212,325","¥ 212,325","1","B0FVFS6FKN","B0GL23GK65","98.9","68.3","12.5","5500"
"YeTom タンス チェスト 4段 引き出し 洋服収納 衣類チェスト 洋服タンス ファブリックチェスト リビング 収納 ピンテージ","14092","45","","224","¥ 6,899","","1","B0BWLYDQ68","B0BWLTSB6H","86","34","16","11200"
"Uwant 布団クリーナー 【アレルギーの方も安心】布団掃除機 20kPa強力吸引 65℃熱風乾燥 UV除菌 超音波 LEDディスプレイ 長時間稼働 ダニ退治 ふとんたたき 超高速たたき 超軽量 ダニ取り掃除機 花粉 ダニ対策 ハウスダスト 梅雨対策 マットレス カーペット 枕 ぬいぐるみ ペット用マット 対応 1年間メーカー保証 M700 シルバーとレッド Set of 1","13295","58","100","53","¥ 21,420","","2","B0GS52Q6FX","B0HGBG5JCS","40.2","33.9","26.4","3250"
"SVOHZAV ワゴン キャスター付き デスク収納 引き出し サイドワゴン 移動式 スリム 高さ77cm 天板付き 書類 組立簡単 隙間収納","13300","13","","67","¥ 7,106","","1","B0GWHFN9SH","B0H9Q63PP6","42.9","31.2","19.1","5080"
"金鵄 レザークッション 日本製ウレタン 低反発 高反発 座布団 コラム 40x40x5 (ブラック, 5)","13305","45","","137","¥ 8,370","","1","B07Q651K52","B0CNPGDN3Z","43.4","40.2","26","3240"
"タンスのゲン キッチンラック 幅60 大型電子レンジ対応 高さ調節可能 スライド棚 フック式 高耐荷重 スリム 頑丈 45400101(86097)","13310","62","50","123","¥ 9,999","","1","B0C9PD3RXP","B0DRCW3KPB","91","47","18","20000"
"真空ボトル 30ml 50個入り ポンプボトル 化粧品小分けボトル ポンプタイプ エアレス プッシュボトル 温泉 旅行ボトル プラスチック容器 詰め替えボトル 透明 携帯用 液体用 乳液用 旅行用品 漏れ防止","13179","28","","107","¥ 16,880","","1","B0BLZ4PNTV","B0D7VPR5CH","29.3","19.6","17.4","2440"
"アラミック シャワーヘッド 節水シャワー 3Dプレミアム 角度調整 一時止水 増圧 節水 最大50% シルバー 日本製 3D-X3BA","13329","39","","205","¥ 8,778","¥ 8,778","1","B08JTMXPRL","B0HGDRGQW8","25.8","8.6","8.4","260"
"BRUNO ブルーノ オーバルホットプレート 本体 プレート3種 (たこ焼き 深鍋 平面) グレージュ Greige おしゃれ かわいい これ1台 一台 蓋 ふた付き 1200w 温度調節 洗いやすい 1人 2人 3人用 小型 ひとり暮らし にも BOE053-GRG","13330","43","50","660","¥ 17,000","¥ 17,000","2","B07NCX7CTJ","B0D263839X","41.1","28.4","19.8","4970"
"【両足2個セット・コードレス】HuBDIC フットケア 空気圧 (足+ふくらはぎ+太もも) 脚全体を包み込む 足裏ケア 5モード 5段階強度 3段階ヒーター 温熱 膝・足温感 レッグケア USB充電式 タイマー機能 自動オフ 折りたたみ式 コンパクト収納 家庭用 男女兼用 敬老の日 母の日 父の日 ギフトに最適 日本語取扱説明書","13332","55","100","29","¥ 11,900","","1","B0FX9F9JVC","B0GLMKS2QF","34","24","20","2260"
"だんらん ステンレス製 ガラス蓋 付 深型 2段 蒸し器 28cm H-4795","13335","48","","902","¥ 6,650","¥ 8,808","21","B000X262T8","B0GPQ7KSXY","39.4","30.8","30.6","3520"
"Mbillion 2.4ガロン ホワイトスイング蓋ステンレススチールゴミ箱","13336","47","","1771","¥ 9,866","","1","B0DK931T8J","B0B11V11PP","33.5","21.3","21.3","1656"
"【冬モデル】 セラミックヒーター 小型 電気ファンヒーター 2秒速暖 暖房器具 マイナスイオン空気清浄 省エネ 速暖 大風量","13341","23","","2255","¥ 5,068","","2","B0FX8JMWLS","B0GNZHHT9X","27.7","12.2","11.4","940"
"[肉贈] 2つ 選べる カタログギフト お肉 グルメ A5 黒毛 和牛 20000円 BA2コース 【茶】結婚祝い 内祝","14045","22","","308","¥ 19,800","","1","B0BVZ9YXR7","B0CXXB3T9C","23","15.2","3.3","150"
"AG 21-0 目盛付 角型キッチンポット 30cm (手付)","13347","33","","259","¥ 12,400","¥ 12,653","9","B0039X13FQ","B00KLY83WM","33.8","33","31.8","4340"
"Yeti Rambler 18オンスボトル 真空断熱 ステンレススチール チャグキャップ付き キャンプグリーン","13348","47","","29124","¥ 15,618","","11","B0C8WFNDFS","B0D98G72TC","29.3","10.1","8.5","640"
"東洋佐々木ガラス ワイングラス DIAMANT ディアマン ボルドー 600ml 24個セット 食洗機対応 割れにくい グッドデザイン賞 グラス 赤ワイン 白ワイン 薄い 業務用グラス RN-11283CS","16345","29","","469","¥ 41,580","¥ 42,000","4","B075QYS4QL","B0BQZKQN4B","63.8","44.2","27.2","6799"
"無印良品 ステンレスユニットシェルフ 追加棚 ウォールナット材 幅84cmタイプ用 83922481 ウォールシェルフ 棚 本棚","13359","42","","4","¥ 5,040","¥ 5,040","1","B0D1B33W7Y","B0G654L53W","87","45","4","5300"
"SONGMICS 5段収納棚 耐荷重2300ポンド ガレージ収納 ボルトレス組立 調節可能な棚ユニット 67.7 x 35.4 x 70.9インチ 勉強小屋 地下室用 シルバーとナチュラルベージュ UGLR450E01","13362","46","","1005","¥ 91,858","","2","B0BNSPNQL6","B0HG16L4VG","102","51.4","8.2","18580"
"手ぬぐい額縁 スマートフレーム 超軽量タイプ (こげ茶木目(3枚セット))","22670","23","","739","¥ 9,580","","1","B01B7EIV5S","B00MF1I6E4","98.5","38.5","9.5","4940"
"東洋佐々木ガラス グラス 薄葉 タンブラー 180ml 60個入 HSハードストロング HSプラチナ 全面イオン強化グラス 高い耐久性 安全重視設計 傷がつきにくい 食洗器対応 日本製 業務用 B-21306CS -JAN","15224","38","","48","¥ 45,730","","1","B0F1TDY9KR","B0F23W77FM","43.8","36.6","24.4","8120"
"TWINBIRD(ツインバード) 掃除機 サイクロン スティッククリーナー 軽量 2WAY 自立式 コード式 吸込仕事率100W 楽々お手入れ【メーカー保証1年】ホワイト 白 TC-5182W","13385","50","","34","¥ 5,980","¥ 8,665","7","B0BQYJSBRX","B0GMQQ1M9Z","63.5","27.8","16.3","2290"
"【純正品】ブルーエア 空気清浄機 交換用フィルターセット Sense シリーズ FsensePAC","13389","43","100","305","¥ 5,809","¥ 5,809","9","B00CA8R256","B08VFWLZGW","47","29.8","7.6","1026"
"Francfranc フランフラン カラン フロアチェア S ホワイト 座椅子 起毛生地 フリル コンパクト","15375","29","","336","¥ 6,900","","1","B096X8Y4FJ","B0BDDGDDSQ","90","50","15","3000"
"DORIS ドリス サイドボード キャビネット スリム 幅60 収納 リビング収納 扉付き ストーングレイ キャビネットミヤビ60 17159","13411","37","","138","¥ 8,991","","1","B0CF8DDPMV","B0CF8GFTZF","78","35","18","23000"
"[山善] 加湿器 加熱式 スチーム式 上から給水 (最大加湿 500ml) (タンク容量 2.4L) (木造~8.5畳 / プレハブ洋室~14畳) 卓上 小型 寝室 ブラック KS-J242(B)","13412","39","","1100","¥ 8,980","¥ 8,980","4","B09C1NZ66C","B0GQ9TM245","33.2","24.6","24.6","2500"
"Conutoo ベッドカバー おしゃれ ベッドスプレッド キルト 綿100% ソファ マルチ カレンデュラ緑 寝具 セット 四季使用 優しい肌触 プレゼント 丸洗い (230x250cm,color02)","14248","15","","1","¥ 7,400","","2","B0FCM8DG12","B0FCLQ9LJV","26","26","8","1100"
"VECELO あぐら座椅子/母の日 ギフト 低い椅子 幅45.5✕奥行51✕高さ43cm 座敷 コンパクト 介護用 持ち運び便利 折り畳み 背凭れ付き 和室用 通気 足置き 正座 年寄りプレゼント 一人掛け クッション感 疲れない ローチェア 室内 小さめ 木製 こたつ用 在宅勤務 軽量 高齢者 座り心地 玄関 グリーン","13415","54","50","146","¥ 5,980","¥ 5,980","1","B0CZ3T8VPH","B0GX527X6S","47","41.5","18","4300"
"【3つの独立したマットレスに分解可能です】 Novilla マットレス シングル 折りたたみマットレス 厚さ10cm 二層構造 高反発 硬め200N + 硬め140N 波形加工 高密度ウレタン ベッドマット 敷布団 脱臭加工 高通気性トッパー 敷き布団の上 体圧分散 底付き感無し 底部防滑 便利なキャリーハンドル付き 収納バンド付き 洗えるカバー グレー 97x195x10cm","13416","56","50","88","¥ 9,265","¥ 9,265","1","B0F9YLBCJM","B0FCFDMYNJ","70","25","25","6200"
"COSTWAY 間仕切り パーテーション 6連 キャスター付き 折りたたみ 幅335cmx高さ172cm 屏風 スクリーン 目隠し 衝立","21898","22","","133","¥ 10,999","","1","B0DT3TW655","B0H7RK9CKR","108.2","13.4","6.6","13720"
"AZIEBAY高温スチームクリーナー - 家庭用および業務用として、車の洗浄、キッチンの洗浄、エアコンの洗浄、油汚れの除去、カーペットの洗浄など、幅広く使用できます。大容量・高圧洗浄機で、殺菌・消毒・ダニ除去機能も搭載。持ち運びも簡単です。（詳細はサイズ表をご覧ください。） (デュアルコントロールスマート110 V,ベージュ)","14136","1","","","¥ 11,044","","1","B0H1HDB7JD","B0H1GX3ZTG","1","1","1","1000"
"SXYITE レースカーテン 幅200 x 丈188cm[1枚] UVカット 日中外から見えにくい 断熱・保温効果 おしゃれで透けない 洗える ミラーレースカーテン カーテンフック付き","19956","8","","129","¥ 5,100","","1","B0D7GY2HWX","B0D7G4SDDP","200","188","1.5",""
"萩原 ローテーブル 折りたたみテーブル 【 完成品 】 石目調 ストーン柄 おしゃれ 幅 105 奥行 55 高さ 32 マーブル グレー MT-6866MGY","13431","63","","64","¥ 7,255","¥ 7,255","7","B0FLK5ZHPN","B0FLGWGH4P","110","59","9","10000"
"Bauhutte( バウヒュッテ ) ソファ サイド テーブル 昇降式 キャスター付き ( 幅 30 × 奥行 56 高さ 50.5~75.5 cm ) ブラック BHT-500","17322","45","","165","¥ 13,809","¥ 13,809","4","B076SMH3VR","B0BFFF5J1Q","56","41.4","16.2","5440"
"リズム時計 RHYTHM 電波 掛け時計 プログラムカレンダー01SR チャイム付き シルバー色 4FNA01SR19","13438","51","100","321","¥ 8,108","¥ 8,108","35","B0151AFWLU","","40.4","39.9","7.7","1670"
"【公式】YAMATSU STANDARD リネア 25cm深皿・5枚セット ホワイト パスタ皿 カレー皿 食洗機 電子レンジ対応 耐熱 日本製","17067","33","","4","¥ 6,655","¥ 6,655","1","B0FSKTSD7H","B0G48WNC81","29.6","24.9","9.7","2780"
"ledクリップライト 防水 20W 200W形相当 クリップライト 屋外 小型 スポットライト led クリップ コード長3m 中間スイッチ付 防雨 オクガイ 看板用ライト 屋外 看板照明 看板灯 【PSE認証】 (6000K 2個セット)","13548","32","","8","¥ 5,037","","1","B0FHG1C792","B0FM8HVGW2","20.6","15.8","15.7","1290"
"ミルクフォーマー 電動ミルク泡立て器 ミルクフローサー 4モード切替 400W出力 240ml カフェラテ カプチーノ ホットミルク ラテアート 静音操作 黒","13449","43","50","330","¥ 5,080","","1","B0D7ZJ3M85","B0D8VG9F94","20.3","14.3","11.2","750"
"【手をかざしてON/OFF】アイリスオーヤマ LEDキッチン手元灯 棚下・壁兼用 センサー付 KTM8N-TKS 60㎝","13450","39","","276","¥ 10,320","","4","B00FB0JNYI","B0CLXHZSTN","66.8","10.6","4.8","980"
"Skroad 100パック洋服ペグ、毛布、衣類用の洗濯物干し用ロープ、紙やすり、スナックシール","12365","29","","4418","¥ 14,758","","2","B07JF8WFRS","B08BQVKQNM","23.1","10.5","10.3","740"
"【全金属製伸縮式】水切りラック キッチンラックシンク上 水切りかご : ステンレス水切りカゴ、組み立て簡単、滑り止め設置 横置き、渡せる、大容量調整可能、自動排水、ディッシュラック、シンク上 シンクサイド 台所、食器、収納 洗い 用品 皿立て 箸収納、包丁スタンド、まな板立て、省スペース、流し台、錆びない (金属製伸縮式)","13454","41","200","101","¥ 5,680","","1","B0DQ8GYKG5","B0DQ8KQ1LH","60.5","25.1","23.3","2660"
"LBFXQ ローテーブル 正方形 幅80×奥行80cm 高さ32cm 木製 大理石調マーブルグレー 引き出し2杯+オープン収納付き センターテーブル リビングテーブル コーヒーテーブル 簡単開閉 組み立て簡単 収納付き テーブル おしゃれ多機能","13455","34","","109","¥ 17,999","","1","B0GZ2YX1T6","B0G64DFR6V","80","80","12","37000"
"ネスカフェ ゴールドブレンド バリスタ スリム マットブラック,コーヒーマシン","13456","43","100","264","¥ 15,000","¥ 15,000","9","B0CJDLXD1R","","42","39","15.2","3720"
"アイリスプラザ 夏用 一体型敷きパッド シルクタッチ素材 ダブル シャンパン ワンタッチ装着 マットレスに被せるだけでOK 寝返りでひんやり持続 柔らか吸水わたでサラサラ続く Q-MAX値0.447で一般基準の2倍冷たさ シルクのようなしっとりなめらかな素材 洗濯機で丸洗いOK 冷たい 冷感 冷たい 涼しい","13505","17","","58","¥ 6,085","¥ 6,085","1","B0F3X1GMZR","B0H327K1KW","40.1","20.9","18.7","1710"
"ZINUS Lottie ファブリックベッドフレーム 組立簡単工具付き セミダブル ダークグレー スクエア柄 木製 すのこ 静音 布張り 耐久性 通気性 頑丈 | 日本正規品 FSPB","13464","48","","681","¥ 32,472","¥ 32,472","1","B07W6SQH6V","B0FH9KJQRF","137","102","15","43000"
"サヤンサヤン 洗える シャギー ラグ 円形 エクセレントムーティーⅡ 直径 190 ダークブラウン","19139","18","","2822","¥ 7,990","","1","B071YDX4MS","B0FNM621Q8","91","50","8","2600"
"Acnivkoワインセラー コンプレッサー式ワイン セラーワインセラー 本収納 ワインクーラーワインセラー コンプレッサー式小型静音式 2重ガラス 温度設定 恒温保湿 家庭業務用 ブナ材の棚 (ブナ材の棚,40*50*53cm)","13717","0","","1","¥ 34,799","","1","B0F1JSLXV7","B0F1K2N78W","58","55","45","16000"
"ガーデンマスター(Gardenmaster) 両取っ手付き アルミ1段踏み台 耐荷重80kg ステップ幅26.5cm ステップ高さ18cm バルコニー ベランダ デッキ 縁台 段差解消 介護 ダークブラウン YM-740DH","13479","40","","20","¥ 10,408","¥ 10,408","3","B08WLRHHNH","B08562G6XG","79","28","11","6140"
"エムール オゾン消臭機能付 電動スライドダストボックス ゴミ箱 30 ～ 45L のごみ袋対応 ブラック","13487","46","50","88","¥ 8,990","","1","B0CG8JRGY8","B0CG8LJ58X","66","40","31","5180"
"【多機能ファン＆20000mAh】 キャンプ扇風機 充電式 アウトドア 自動首振り ポータブル リモコン付き タイマー 風量4段階調節 グリーン","16184","70","50","587","¥ 5,114","","1","B0BV6L6X7M","B0BY2LSDJC","27.8","22.2","10.9","1560"
"アイリスオーヤマ リビングテーブル テーブル デスク LTB-1190W ライトナチュラル 幅119cm","13495","42","50","333","¥ 7,737","¥ 7,737","6","B09SKSZ5LV","B0DK4WB223","130.3","51.2","7.3","18200"
"花のギフト社 お供え 花 お供え物 お盆 初盆 お彼岸 お供え花 生花 アレンジメント 命日 悠久","13506","27","100","351","¥ 5,382","","1","B0CBFZRMFX","B0HDCYZTNT","48","35","35","2000"
"真空パック器 真空パック機 本体 業務用 家庭用 簡単 自動 LEHIAR4000WH 真空包装機 液体 汁物対応 吸引力-80kPa 真空調理 時短 食品保存 専用袋不要 作り置き 飲食店 レストラン 介護施設 保育園 Smativ+ メーカー2年保証","13507","44","","61","¥ 16,020","","1","B0BB1NTHJK","B0BK83Y2LD","43.9","23.2","13.1","2310"
"グリーンパン GREENPAN 片手鍋 ミルクパン 14cm 1.0L IH・ガス火 ホワイト 【ストゥディオ】 セラミックコーティング PFASフリー 有害物質不使用","17016","37","","62","¥ 6,750","¥ 6,750","3","B0G1BD2H8K","B0G2LXJ1QB","32.5","16.8","11.3","490"
"仏具のマルエス ろうそく 2個セット 蓮の花 特大 ホワイト 燭台付","12221","44","","","¥ 5,720","¥ 5,720","1","B0GJ3N6W1M","B0CB7QQKCF","32","12.5","12.5","1800"
"【燕三条製】TETSUNAGI（テツナギ）純チタンまな板 LOOP 1mm厚 抗菌 臭いや色移りが付きにくい 食洗機対応 軽量 フック収納 日本製 肉・魚・フルーツに｜毎日の調理を、もっと清潔に日本製まな板（40cm＊25cm M plus）T103100-M plus","9240","5","","9","¥ 8,250","","1","B0HB436JVF","B0HFZ8GYC6","39.7","25.1","1","400"
"BQQB ポータブル 缶クーラー 110v 急速冷却カップ -9～58℃ 保温・保冷 ドリンククーラー急速冷凍カップクーラー保冷 ドリンクホルダー 保冷 卓上用 ビール 日本酒 炭酸飲料 など適用 (ホワイト)","13790","0","","","¥ 5,940","","1","B07SB56N6R","B0F59V82QB","12.5","12.5","10","1000"
"nishikawa 【 西川 】mee 3ステップでカバー交換 簡単時短でストレスフリーな布団カバー ダブル ベージュ スッと通せる両サイド全開ファスナー パチッと止めるだけのスナップ式ホック 肌触りの良いなめらかな綿100% 吸水性がよく 抗菌加工でいつでも清潔 洗っても縮みにくい防縮加工 羽毛 肌掛け ミーィ","20100","29","","204","¥ 6,236","¥ 6,236","4","B002WBQ7FW","B0BSZY9VXB","30.8","20.1","7.6","1170"
"下村企販 レンジガード システムキッチン用 グレー 【日本製】 フッ素加工 サイズ調整可能 幅36.5～67cm ガス・IH対応 コンロ全体を囲える 揚げ物 天ぷら 油はね防止 3面 燕三条 43153","13548","38","50","321","¥ 5,005","¥ 5,005","3","B01B5H9IFE","B0DP2MQ755","36.9","29.5","3.7","1620"
"アメリカンビンテージ風 チェスト 桐材 無垢材 高温炭焼き 組立不要 完成品 レトロカラー5色 引出し付き 収納家具 寝室 リビング サイドテーブル ナイトスタンド (ホワイト,引き出し2つ)","20981","1","","","¥ 36,988","","1","B0H4VKNJQW","B0H4VC3CPW","120","54","39","9000"
"【2mm厚で強力保護】TITIROBA チェアマット 透明 床保護マット 130×160cm 床傷防止 防音 ゲーミング 冷蔵庫 24EC002","13552","46","50","290","¥ 5,130","¥ 5,130","1","B0DQCX3WKC","B0F8QSDV61","131.5","9.5","9","5400"
"萩原 カーペット ピクシス アイボリー 江戸間10畳 352×440cm","13554","42","","175","¥ 11,591","¥ 11,591","5","B0BLMNQ1FQ","B0GCGVF7P1","89","45","15","8500"
"ネスプレッソ ORIGINAL カプセル式コーヒーメーカー シティズ プラチナム C チタン C140-TI-W","13556","34","50","45","¥ 26,180","¥ 26,180","1","B0BS62TGN9","B0BW832NM3","43","35","17.2","4980"
"アイリスプラザ タイルカーペット 20枚セット ブラウン 50×50cm 国産 日本製 滑り止め ジョイント MJ-1005","17799","34","","172","¥ 7,391","¥ 8,384","5","B07K336XKR","B081YTG321","52.5","52.5","13","20650"
"cotsoco ハンドケア 手のケア リラクゼーション器 手のひら 指 温熱 加圧 温める 手を包み込むエアバッグ、 手の休憩 保湿 タイマーオフ 男女兼用 敬老の日 プレゼント 誕生日 父親 母親 女性 男性 父の日 ギフト一年メーカー保証 ピンクACアダプターなし","13560","46","","1962","¥ 5,519","","1","B0FGY2GJDM","B0FC619FTZ","23","20.8","10.9","800"
"「§ｚｚ．ｌｕｘｉ」布団カバー 4点セット フリル付き布団カバー 寝具カバー 洋式・和式兼用 ベッドカバー 掛け布団カバー ベッドスカート 枕カバー シーツカバー 肌に優しい ピーチスキン加工 北欧風 四季通用（006ピンク ダブル）","21849","14","","1","¥ 6,006","","1","B0GYCW1CXV","B08HWS9JZ3","40","30","5","1000"
"ハイスト hist デュアル ウォーターピッチャー 1.7L 3色 結露しにくい 二層構造 業務用 ポリカーボネート 食洗機非対応 (ブラウン色6個)","19789","20","","268","¥ 19,080","","1","B07SW3JB16","B0C6HJPTR4","29","16","16","945"
"VANZBON 6段ワイヤーシェルフ、スリム型シェルフユニット(幅55×奥行30×高さ180cm）","13567","33","100","67","¥ 6,999","","1","B0G1RH5HTM","B0GS15Q54P","55.9","31.7","20.3","7008"
"Airpher 布団クリーナー UV除菌・ダニ・ウイルス駆除 18Kpa 強力吸引＆たたき40,800回 500W HEPAフィルター アレルゲン対策 超音波技術 布団掃除機 コード式 温風乾燥 ハウスダスト対策 ペットの毛 花粉症 ベッド 梅雨 カビ対策","13568","48","100","72","¥ 10,447","","2","B0G5PQCR4W","B0GGQY2SR2","33.3","25","19.5","2200"
"AiS to you 電子レンジ調理 レンジでマルチポット 1台7役 炊く 煮る 焼く 炒める 茹でる 蒸す 沸かす レシピ付 時短 ほったらかし調理 フッ素加工 洗い物 簡単 ねこ型 かわいい 炊飯 煮込み 蒸し料理 電子レンジ調理器 (ブルー（シマエナガ）)","13595","27","","","¥ 5,980","","2","B0H5J8LK73","B0D7P3R6MF","25.3","18.9","12.2","1270"
"IBF ローテーブル 折りたたみ テーブル 100cm センターテーブル 折り畳みテーブル 座卓 ちゃぶ台 一人暮らし おしゃれ","13600","44","","41","¥ 11,800","","1","B0FT2GCXQN","B0FX4PS4BD","105","53","10","9640"
"Spurtar（スパーター）階段 滑り止めマット 透明 15枚入 10cm*60cm 階段マット ペット｜子供転倒防止 自由カット 滑り止めシート 透明すべり止めテープ 防水 階段滑り止めテープ ズレない キズ防止 HFM-424(10cm×61cm) (× 2)","13601","11","","1218","¥ 6,998","","","B0GZPKJH6N","B0DGLLV3J1","12.2","12.1","11.4","1320"
"オムロン 電気治療器 HV-F9550 シリーズ","13604","31","100","91","¥ 34,980","¥ 34,980","3","B0CTLY57FP","","25.1","23.4","22.7","2200"
"【公式】レンジメート ワイド ウィズ スチーマー RANGEMATE WIDE with STEAMER (01 セージブルー)","13608","26","50","2","¥ 13,200","","2","B0H6MPYNSN","B0H6MRYB45","27.9","25.7","14.5","1300"
"BelleLife 電動コーヒーミル コーヒーグラインダー コーン式コーヒーグラインダー 極細~粗挽き 粒度51段階設定 コーヒー粉砕機 小型 珈琲ミル 静電気飛散防止 液晶タッチパネル 大容量 豆挽き 粉末 取り外し可能 掃除ブラシ付 BD-CG018","13614","43","50","295","¥ 9,598","","1","B0C9GLBFYL","B0D6GC4Y3Z","39.4","23.5","17.5","2860"
"リス(RISU) 漬け物 つけもの樽 角 90型 アイボリー 容量 90L 長物野菜 大根 日本製 食品衛生法適合品 174080","11870","30","","4","¥ 10,567","¥ 10,567","2","B0B9MHTM2M","B0C1CC9NN4","62.5","44.3","43.5","3928"
"山崎実業(Yamazaki) トラッシュカン ワイド ホワイト 約W36×D16×H33cm タワー tower ゴミ箱 角型 4494","13623","44","","220","¥ 5,390","¥ 5,390","11","B07MQD9DBH","B07N1CP437","37.1","34.5","16.8","2087"
"【公式】 Russell Hobbs ラッセルホブス クイックミニスチーマー 3000JP 3ヶ月延長保証 蒸し器 フードスチーマー 蒸し料理 簡単 ゆで卵 エッグトレイ付き タイマー機能 お手入れ簡単","13626","38","","208","¥ 5,500","","1","B0BCDMMZYJ","B0BCF1M1FJ","26.9","17","14.2","1030"
"極吸 タオルケット ダブル ベージュ【眠りの専門店マイまくら】厚手 綿100％ 吸水 吸湿 通気 肌に優しい ふわふわ 洗える オールシーズン 180×200 (タオルケット ダブル, ベージュ)","13781","36","","52","¥ 7,641","","1","B0C23TWR69","B09QG82P7S","58.5","51.7","10.4","1530"
"リス(RISU) 大型 ゴミ箱 キャスターペール 2輪 イエロー 90L 2個セット 排水栓付き ダストボックス 簡易ロック付 連結 防臭 日本製","14933","21","","430","¥ 23,866","¥ 23,866","1","B06XKTWCVN","B0F9L66JPQ","93","82.4","57.5","11598"
"Morikuru(モリクル) 一合枡 ヒノキ 日本製 東濃ひのき ブランド材使用 職人加工 1合 枡 升 桝 焼き印なし MN08-02 10個セット","13629","36","","66","¥ 7,590","","1","B0CM5J1ZLJ","B0CM5CCN39","35","26","19","1500"
"組み合わせソファ 3人+収納スツール、快適な布芸ソファー セット3人掛け+収納スツール、堅固である&耐久性ソファ3人用グレー、がけソファー幅192cm、美しい生活（blf Furniture）リビングルームの店舗アパートsofa (ライトグレー)","13634","52","50","83","¥ 33,900","","1","B0BH3VT2F8","B089Q51HH7","214","72.5","29",""
"【REVOMAX公式 】20oz 592ml 炭酸対応 ステンレスボトル 18時間保温 36時間保冷 真空断熱 水筒 ギフト (Standard) (Greige)","13638","39","","192","¥ 5,720","","1","B0GY2WVYDS","B0D98PGS45","27.9","8.1","7.9","410"
"アイリスプラザ 座椅子 フロアチェア リクライニング 幅約54×奥行約84~138.5×高さ約16~71.5cm NFC-01 アイボリー","13643","43","","241","¥ 5,737","¥ 5,737","4","B0CVRT8X9W","B0CVZZBN75","54.5","51.5","33","8130"
"アイリスオーヤマ ミキサー ジューサー ハンドミキサー ブレンダー ハンドブレンダー スムージー 氷も砕ける フルーツ ホワイト 大容量 小型 IBB-601-H お手入れ簡単 持ち運び おしゃれ 600mL 330mL 大小ボトル付き 洗いやすい 健康 安全 プレゼント ラッピング 衝撃に強い 果物 野菜 ジュース プロテイン 離乳食対応 ブレンダー ダークグレー","13647","53","","139","¥ 5,350","","9","B0CSSQPP12","B0DNJ39DCC","26.5","26.3","18.3","1340"
"【外装不良 OUTLET品】ZINUS Yelena ベッドフレーム メタル ホワイト ダブル ベッド下収納 シンプルデザイン すのこ 静音 耐久性 通気性 パイプベッド 頑丈 スチール 簡単組立 工具付き ジヌス | 日本正規品 ZJ-MPSC-14D-WH 4573556106817","14795","9","","6","¥ 9,861","¥ 9,861","1","B0G4987ZJV","B0GL1XBP1Q","146.5","42","6","15320"
"マットレス セミダブル 三つ折り 高密度36D 高反発 やや硬め 硬さ190N 折り畳み 120x195x10cm グレー (グレー, セミダブル)","13653","41","","49","¥ 9,891","","1","B0G2RLNGTB","B0H2TFQFNX","70","29","29","7900"
"SGEBD ガスコンロカバー レンジカバー ステンレス 厚さ0.8mm ハンドル付き 電磁調理器ラック コンロ上が収納 調理器専用台 頑丈で安定 保護作業台 強力な耐荷重性 猫 対策 3口、2口に適しています (54*31*7，2セット)","16046","37","","3","¥ 5,077","","1","B0GTNLMHQ4","B0FMFDNDZ9","59","33","10.5","3420"
"【TVや雑誌で話題！】relaxheal ゲルクッション 椅子 クッション お尻が痛くならない ジェルクッション 車 座布団 ハニカムクッション ゴム オフィス 45×45×6cm","13659","46","100","1126","¥ 5,382","","1","B09BFY2V8N","","42.7","27.9","13.4","2500"
"日東紡の新しいふきん 20枚入り 白 日本製 吸水速乾 キッチンクロス 食器拭き 台拭き","13669","34","","49","¥ 7,380","","1","B0DMVGGHKK","B0DKSW2D74","20","18","13","1130"
"金剛鈴 純銅製金剛鈴 仏教ベル ハンドベル 瞑想 癒し 浄化用仏具 ストレス解消 心霊浄化に最適 寺院用密教法具 仏教 仏具密教法具 (B)","27752","2","","","¥ 6,880","","1","B0DW35QNPG","B0DW3WMBK4","20","12","12","800"
"東洋佐々木ガラス ペア グラス タンブラーセット 305ml 36セット入 日本製 食洗機対応 フリーグラス タンブラー ジュースグラス G101-T329","13675","30","","","¥ 28,462","¥ 28,462","1","B0DP2FRNGZ","B0DJBDD81Y","53.8","35.8","29.5","13240"
"イーサプライ 座椅子 リクライニング 14段階 脚付き 1人掛け 横幅50cm 日本製ギア デザイン モカブラウン EEX-CHSD08ZBR","20180","30","","9","¥ 7,980","","1","B0FQMP81J7","B0CPJ2FSB8","82","52","13","6000"
"アテックス ATEX 頭皮ケア ドライヘッドスパ マドロムーン 頭 こめかみ 後頭部 静音 コードレス グレー AX-HX345gr リラックス 気分転換 入眠 深呼吸 母の日 父の日 誕生日クリスマス ギフト プレゼント","13681","56","100","46","¥ 9,900","¥ 9,900","3","B0FPFQTQ78","B0FSDL86G5","38.5","21.7","14.5","1650"
"山善(YAMAZEN) レンジ上ラック (伸縮) 幅46-73×奥行35.5×高さ51cm 棚板高さ調節可 4連フック付き お客様組立品 ブラック (ツヤなし) DRR-73(SBK)","13681","54","50","333","¥ 6,480","¥ 6,480","2","B083HY8ZX5","B0B99RZY5C","54","37","5","4000"
"JAUREE 2m 折りたたみ洗濯物干しスタンド 衣類乾燥ラック 屋内屋外兼用 耐荷重 ステンレス製 防風フック20個付き コンパクト収納可能","13682","59","100","6895","¥ 6,599","","1","B098KZ2H34","B0F3818Z9J","147","15","11","4380"
"トーソー ロールスクリーン 幅180㎝ 丈220㎝ グリーン 採光 カーテンレール取付 チェーン式 30016592","13694","37","","34","¥ 7,829","","3","B0C94CJWF4","B0CBBK5B29","187","7","6.5","2100"
"東洋佐々木ガラス タンブラーグラス シロッコ タンブラー 450ml 6個セット 日本製 食洗機対応 割れにくい ガラスコップ グラス コップ ビールグラス ハイボールグラス サワーグラス チューハイグラス 薄い B-17115CS","18571","33","","33","¥ 6,376","¥ 6,441","2","B0DFPLVVFP","B0DJBF9S7Q","20.8","18","14.3","2000"
"クモリ(Kumori) ソファーカバー 3人掛け 肘付き 天然コットン 犬猫対策 汚れ防止 傷防止 クシュクシュ 保護カバー ジャガード ネイビー","18501","42","","33","¥ 8,169","¥ 8,169","1","B0FSQMS4T1","B0FXXHCFVF","37","26","15","1850"
"無印良品 スチールパイプ収納ラック用バスケットセット ウォームグレー 約幅36.5×奥行25.5×高さ18cm/高さ12cm 83755843 ウォールシェルフ 棚 本棚","18936","20","","3","¥ 5,040","¥ 5,040","1","B0D8HKSWB3","B0DD3D6PRG","40.5","33.8","28.2","2790"
"かき氷機 家庭用 電気製氷機 ふわふわ かきごおり機 業務用 電動かき氷器 氷製造機 1.4kg/分 高速 ステンレスダブルナイフ 氷粗さ調節可能 安全設計 自動停止機能付き パーティー/レストラン/カフェ対応 (グリーン) [並行輸入品]","13753","0","","","¥ 9,348","","1","B0F5X3HD8Y","B0F5X5HFLL","60","50","50","8000"
"サーモス 真空断熱スープジャー 500ml ブラック スタンダードモデル 保温保冷 お手入れ簡単 口当たりがやさしい丸口設計 JBR-501 BK","13725","40","","4152","¥ 6,350","","3","B0B6HZ9QBN","B0DC6HSCCP","14.6","10.3","10.3","400"
"[カーテンくれない] 節電対策に「困った時はこれ一枚」 二重レースカーテン 断熱 遮熱 保冷 UVカット率【99.3%】 昼夜目隠し 二枚仕立て 色：ホワイト サイズ：100×213cm×2枚組 / Aフック","13728","22","","419","¥ 8,920","","1","B00CEPPBKS","B0872LPDB2","39.7","25.9","11.4","1540"
"パール金属 そうめん流し器 スライダー ミントブルー 流麺 D-6668","13730","115","200","684","¥ 6,700","","7","B092H9T66B","B0CPLFBPJS","46.2","34","18","2760"
"【Amazon.co.jp 限定】 ZWILLING ツヴィリング 「 フロー ノンスティック フライパン 26cm 」 ステンレス フッ素 コーティング IH対応 10年保障 【日本正規販売品】 FLOW Z1024-808","13732","36","","39","¥ 5,390","¥ 5,390","1","B0CD1JRK18","B0DXKSDP48","45.1","29","8.2","1150"
"Deefre 真空パックロール 20X600cm 3本+28X600cm 3本 真空パック機専用ロール 真空包装袋 PE+PA安全素材 BPAフリー フードシーラー 食品保存 低温調理 家庭用 業務用 (× 3)","9218","9","","487","¥ 9,597","","","B0GZCL9C13","B0943MVRNN","28.4","17.6","11.7","4770"
"ナガオ 燕三条 計量カップ 5000ml 18-8ステンレス 日本製 805000","16839","25","","338","¥ 5,720","¥ 5,720","1","B07ZQP7D2Y","B08YKMTP3G","23.6","21.2","20","960"
"TAMATOSHI 収納ボックス 全方向から取り出せる 透明 蓋付き 折りたたみ式 大容量 防災 グリーン 3個セット Lサイズ","16403","16","","132","¥ 5,940","","1","B0D32ZPJDX","B0H9WX8QYZ","54","39","32","6600"
"[ ZEROピッチャー ] ZEROフィルター ゼロピッチャー用フィルター 浄水器カートリッジ ZEROLIQUID（ 浄水器 浄水フィルター ）","13756","39","100","14","¥ 5,500","","1","B0FFMBFP5Q","B0FPFCGD61","18.1","10.4","10.2","520"
"MHW-3BOMBER 49.7mm コーヒータンパー エスプレッソタンパー 定圧タンパー 30lb 音のフィードバック 15lb予備ばね T7073T-OS","13758","26","","118","¥ 7,734","","1","B0DZ2CLGW7","B0C98CLY6X","10.8","6.8","6.7","370"
"GERRBG本格ワインクーラー 独立2温庫式熟成・保存に対応 静音設計 紫外線カットガラス 省エネ 高級住宅・飲食店に最適 業務用・家庭用 128本収納 (サイズ・容量カスタマイズ対応) (ブラック,38*60*87.5cm（33本収納単一温度）)","14061","0","","","¥ 189,999","","1","B0H1M1KXNN","B0H1M4K8N2","200","90","80","90000"
"ツイスパソーダ 炭酸カートリッジ 100個セット[HTRC 2.2]","13766","39","100","210","¥ 7,205","","5","B00E4DDYKM","","20","15","14","3240"
"【Ezee】◆日本製◆ 遮光1級 防炎ラベル付き 遮熱 断熱 省エネ カーテン/防炎クラアク 幅100cm×丈210cm 2枚組 / 色 グレー","31217","7","","247","¥ 6,990","","1","B07N77V9HW","B0BHHQRX9G","38","24","9","2000"
"Awesling 抱き枕 妊婦 U字型 、ひんやり全身枕、涼感 妊娠抱きまくら、 涼しい だき枕、 だきまくら妊婦 、快眠 グッズランキング、 冷感 背もたれ枕、クール 夏用 授乳クッション、 腰枕 、 マタニテイー 男女兼用 横向き寝 洗える枕カバー付き（冷感ブルー）","13640","27","","309","¥ 5,299","","1","B0F8GP9H5T","B0CL4MJPMY","39","27.9","16.6","3210"
"りぶはあと 抱きまくらBIG フニオ ブラック (全長約100cm) ミルキードット柄 人型クッション 87411-74","11190","31","","394","¥ 7,860","¥ 7,859","4","B0FGXG5WDS","B0FP4QKYFR","85","81","20","2000"
"JC0036ST 浄水器カートリッジ 【16物質除去】高除去性能タイプ タカギ互換 標準タイプ JA/JY/JLシリーズ対応 交換用カートリッジ (JC0036ST 3個入り)","13574","16","50","26","¥ 6,280","","1","B0H6JDCMWB","B0H9NSX11J","14","11.1","3.7","100"
"TIMEMORE Chestnut S3 コーヒーミル 手動 タイムモア 容量30g 家庭用ハンドコーヒーグラインダー 旅行/キャンプ用高精度外部調整スケール","17143","47","50","284","¥ 18,240","","1","B0CMZCK9PR","B0B9XXDYGF","39.1","19.5","16.2","1340"
"XWYWX 3個セット積み重ね収納引き出し、簡単組立クリアアクリルバスルームシンク下オーガナイザー、クローゼット・キャビネット・パントリー・医薬品収納用透明プラスチックケース","29147","29","","3","¥ 5,299","","1","B0FKYPV4JC","B0FNLD663H","41.5","34","19.7","3840"
"スポンジ ハードタイプ 台所用 24個入り 台所キッチンスポンジ キッチン用 油汚れ 長持ち","16399","18","","12105","¥ 6,109","","1","B08613FP4D","B0DPGZ2RGQ","31.6","25.9","8.3","132"
"VECELO カウンターチェア バーチェア 昇降式 回転 [2脚セット] ハイチェア フットレスト付き 背もたれ付き 足置き ダイニング キッチン 調節可能 コンパクト 軽量 おしゃれ バーカウンター キッチンカウンター PUレザー クロス ブラック【日本正規輸入品】","13794","44","","8","¥ 14,390","¥ 14,390","1","B0CRR15BVC","B0GTZ64RV6","57","55","53","16700"
"Kiwet 電動かき氷機 家庭用 大容量 バラ氷対応 冷凍フルーツ削り可 分離式デザインで収納＆洗浄楽々 水洗い可能なかき氷器 110v 電動アイスクラッシャー (110v)","13858","0","","1","¥ 6,389","","1","B0FFGP997C","B0FFGR2FQK","25","19","16","2000"
"イーサプライ スツール 2脚セット 天然木 丸椅子 シンプル スタッキング 高さ44cm 完成品 ブラウン EEX-CH41DBZX2","23243","24","","141","¥ 5,380","","1","B0CPS9ZQ9V","B0CPRX546C","53","42","42","5400"
"多機能炊飯器 5合 マイコン式 ブラウン 2～4人用 極厚釜 スチーム皿付き 6種類の充実のメニュー(白米 早炊き 無洗米 玄米 おかゆ 保温) 12時間保温 一人暮らし サポート 炊飯器 調理鍋 独り暮らし 3 5.5 1 独り暮らし ih 合 升 炊き d000","13851","11","","834","¥ 5,980","","1","B0D4DS51M1","B0GFN312PX","38.6","28.4","25.6","3440"
"Amazonベーシック ベッド フレーム シングル 簡単組立て メタル 6本脚サポート 工具不要 ブラック, 36cm(高さ)","13810","46","50","819","¥ 8,662","¥ 8,662","1","B08J74D7CH","B0CWH4LZ2B","98","95","8","14060"
"RAKU テキーラ観覧車 LEDハート酒カップホルダー 酒グラススタンド グラス付き 卓上自立型 USB充電式 コードレス 雰囲気作り (ハート)","13810","22","","","¥ 6,747","","1","B0CSFM2XFY","B0CSFNMGN9","50","50","20","3500"
"KUENTAI 高級 ステンレスハンガー スリム 錆びない 頑丈 丈夫 コスパ 高耐久 衣類ハンガー 洗濯ハンガー 収納 洗濯干し 物干し (50本組/40cm)","13825","19","","860","¥ 6,300","","1","B071VNQT4D","B0GL2K9WT2","75","60","50","3000"
"OasisSN 10インチ 紙皿 128枚パック 高耐久 使い捨てディナープレート 大型 堆肥化可能 サトウキビバガスプレート 漏れ防止 切創防止 電子レンジ対応 ホワイト","17293","26","","114","¥ 12,667","","1","B0F58Q9NFQ","B0H29S399S","26.3","25.9","15.5","2710"
"タイガー 電子ジャー 保温専用 保温ジャー 1升 マイルドグレー JHD-1800-HD","13831","41","100","669","¥ 10,627","¥ 10,627","9","B0000C97ZZ","B0BZXZM166","31.6","29.4","29.2","2840"
"MILDLY 寝具カバーセット 布団カバーセット おしゃれ 綿100% 4点セット セミダブル ミストブルー ソフト肌触り ジャカードで洗練デザイン ベッドカバー ベッドカバーセット 自用・来客用・贈答用 掛け布団カバーに固定ひも8本＆側面ファスナー ボックスシーツ全周伸縮バンドで簡単着脱 布団カバー 3点セット セミダブル 洗い替え速乾","13845","23","","48","¥ 5,856","","1","B0FDN9M46R","B0FK4XQR5T","40.3","33.2","9.2","2020"
"電動かき氷機 クラッシュアイス 業務用 家庭用 250W ふわふわ氷 製氷能力120kg/h 2-4cm氷対応 アイスクラッシャー かき氷メーカー スムージー シャーベット作り 110V [並行輸入品]","13902","1","","","¥ 35,866","","1","B0F2M4ZQHD","","60","42","35","8000"
"セイコークロック 掛け時計 キャラクター ディズニー アラジン 電波 アナログ FS512C","13859","35","","1016","¥ 15,840","¥ 15,840","11","B07Z9TZKSN","B08342YGY1","37","37","7.5","1540"
"【公式ストア】ionac イオナック ２本セット 交換フィルター 軟水化 シャワーヘッド 塩素無害化 美肌 取り付け簡単 日本製 (2, ホワイト)","13864","54","100","88","¥ 15,660","","1","B0CXSWSJN7","B0DJFFTS1S","13.5","8.2","4.4","300"
"布団クリーナー 布団掃除機 コードレス 18KPa強力吸引 Linkifly MT1 HEPAフィルター LEDディスプレイ 35分長時間稼働","13875","68","200","1028","¥ 6,999","","2","B0DQPZRS8L","","32.4","30.9","19.8","2090"
"タンスのゲン 敷布団 シングル 極厚12cm 日本製 ウレタン入 マイティトップ 三層敷布団 敷き布団 抗菌 防臭 85500047(114122)","13881","44","","1","¥ 9,499","","1","B0H1R33Y5P","B0H4PYPP3R","68","36","36","6000"
"PluieSoleil ローテーブル 幅120cm×奥行55cm センターテーブル 収納付き リビングテーブル大きめ 大理石風天板 コーヒーテーブル おしゃれ 二段収納 金属フレーム 耐摩耗性 防水性 耐熱性機能 強度安定 家庭用 グレー","14421","48","","48","¥ 13,999","","1","B0GDFY3W39","B0G6C454KF","60","40","3","10000"
"リヴェール タオルケット ダブル エジプト綿100% 夏用 吸湿速乾 厚手 (グレイッシュパープル)","13882","17","","379","¥ 5,160","","1","B0C14BCTGM","B08WLRM5ZX","37.2","28.3","17","1580"
"山善(YAMAZEN) オフィスチェア メッシュ 肘付き ランバーサポート 幅54×奥行59×高さ85-97cm デスクチェア 学習椅子 テレワーク 組立品 ホワイト/ブラック EHL-50A(WH/BK)","13883","36","","35","¥ 6,980","¥ 6,980","3","B0CWQC93L5","B0H6D3WWY3","60","50","22","9510"
"BERUFURA ソファベッド ソファーベッド カウチソファ 2人掛け 折りたたみベッド フロアソファ ローソファ 高反発ウレタン ファブリック生地 寝る 座る 完成品 圧縮梱包 おしゃれ セミダブル シングル 一人暮らし 来客用 (オフホワイト,幅200cm)","13886","39","","50","¥ 55,800","","2","B0FSZXN8ZZ","B0FSZZ2ZQQ","116","52","51","38000"
"シーリングファンライト ZXhome 50cm 扇風機 一台二役 APP/リモコン遠隔操作 LED天井ライト ファン付きシーリングライト 昼光色 昼白色 電球色 無階段調光/調色 6階段風量調整 ファン付き照明 正逆回転切り替え 照明器具 空気循環 簡単取付タイプ 静音 節電 省エネ 脱衣所/リビング/キッチン/冷暖房に大活躍 ブラック","13889","40","50","356","¥ 6,853","","1","B0D5B6VRLP","B0DMSSVDWQ","50","50","15","1700"
"[LeYoi] 本棚 回転 回転式本棚 大容量 ブックシェルフ 直径46cm A4対応 絵本ラック","21521","24","","15","¥ 10,431","","1","B0GWPYTQDC","B0DVZ4XJQS","54.8","52.9","25","24000"
"ふくらはぎ ふくらはぎリッラクス 足先から太ももまで全体包み込む レッグケア コードレス ふくらはぎケア 太もも 足ケア 足裏ケア 2個セット","13897","46","100","119","¥ 9,250","¥ 11,684","2","B0FHJZ1FNJ","B0GV313F6V","29","20.5","17.3","1390"
"シャープ 加湿 空気清浄機 KI-SS50-H プラズマクラスター 25000 浮遊・付着ウィルス 花粉 空気浄化 薄型スリム おすすめ畳数 13畳 加湿量 600mL/h","13900","97","50","438","¥ 31,068","","10","B0D86SM74T","B0G3VDD41N","69","46","30","9540"
"【黒騎士Max】Novilla マットレス セミダブル ポケットコイル 極厚26cm 3ゾーン 腰部強化 硬さ調整 洗えるカバー 120×195×26cm","30991","5","","18","¥ 38,800","¥ 38,800","1","B0HB552RHS","B0HB51BZ12","130","28","28","28290"
"リンナイ グリル付ガステーブル『The Basic Gastable Standard』(左強火力：ET67BKAL） (都市ガス12A/13A)","13902","47","","114","¥ 21,580","","1","B09VNWKTF9","B09VNW64T9","62","49","24","9500"
"シューズラック 10 段 布張り クローゼット用 靴整理棚 収納ラック","13907","42","","685","¥ 16,135","","7","B0B4NW15KX","B0FT25R7RJ","44.3","30.1","6.7","3429"
"プレミアムカタログギフト グルメカタログ 食品 絶品 高級 グルメ 和牛 ブランドスイーツ デパ地下 海鮮 蟹 お酒 G-H","13909","49","50","17","¥ 8,500","","1","B097CT19G7","B097DFKW88","26.7","19.3","2.7","360"
"[LANGYU] 鍋敷き ラタン製 ポットマット 耐熱 厚手0.5cm 丸型 洗える 天然素材 手作り 藤編み 北欧風 おしゃれ おうちカフェ コースター 小物置き 卓上装飾 (35cm-2枚セット)","16890","19","","94","¥ 6,199","","1","B0GYXC4YP7","B0CX5CB22Z","35","34.9","2.2","400"
"GOKUMIN マットレス シングル プレミアムハイブリットマットレスNEO 三つ折り 高反発 低反発 極厚10cm 折りたたみ ブラック","13914","48","50","28","¥ 18,581","","1","B0H11FSM1T","B0H38ZWC49","54.3","37.5","37","8000"
"タイルカーペット タイルマット 事務所カーペット 50x50CM 厚手5mm 100枚 洗える 滑り止め 置くだけ フロアマット 賃貸 原状回復 カット可能 防音 難燃性 住宅室内用 業務用pvcフロアマット 接着剤不要 防臭 抗菌 ズレない 大判大判吸着マット 【FC1001】UXPRIN","17163","22","","50","¥ 33,840","","1","B0F3WY5VMH","B0F3X7Q7K6","50","50","5","63000"
"特許取得 水素水生成スティック 5本 セラミック20g 溶存水素濃度最高値 1.688ppm","16877","19","","200","¥ 5,750","","1","B07STLZHM2","B0811JS9QF","22","14","2","27"
"MoonMeguriキッチンラック ゴミ箱上ラック 幅80×奥行40×高さ100cm 全体耐荷重105kg 7色展開 高さ5段階調整可能 2口コンセント・フック・キャスター付き クロスバー 組立かんたん レンジラック オープンラック 食器棚 電子レンジ棚 炊飯器 オーブントースター 省スペース 大容量(マーブルブラック, 幅80cm)","15726","32","","27","¥ 8,990","","1","B0FP1R4TTK","B0FP1R64LN","99","43","6.5","8990"
"タイガー魔法瓶(TIGER) 電気ケトル 湯沸かし 1.0L 転倒お湯漏れ防止 カラ炊き防止 蒸気レス グレー PCJ-A102HA","13930","58","50","208","¥ 7,480","¥ 7,480","2","B0C5S8F2HK","B0FR9HLQHT","24","23","20","1100"
"ESMERALDA エスメラルダ 呼吸する小学生の枕 横60×縦39cm ミント","20809","27","","26","¥ 6,925","","1","B0F2DH3JPQ","B0D6V8H21H","37.9","25","17","1810"
"伊藤超短波 公式 【 前田健太選手愛用 】 ATmini CHARGE ATミニ ポーチ付き コンディショニング ケア マイクロカレント コンパクト ポータブル スポーツ 筋肉 就寝時 (ブラック×ゴールド)","13930","9","","18","¥ 41,580","","1","B0H4FTGSK5","B0FPVKH3CF","30.3","21.7","7.6","640"
"山崎実業(Yamazaki) 【 完成品 ストッパーのみ要取付 】 キッチン 家電下 スライドテーブル ホワイト 約W45×D39～64.5×H4cm タワー tower スライド棚 小物収納 ちょい置き 作業スペース 2105","13932","51","50","208","¥ 6,820","¥ 6,826","14","B0CF46Y8JL","B0FX3CFW51","46.7","41.2","4.9","4760"
"Firsttry ダイニングベンチ クッション 椅子用 長座布団 150*35*5 高密度メモリーフォーム 高反発 カバーが洗える ストラップ付き 四角形 シートクッション 食卓椅子用座布団 すべり止め付き お尻に優しい 赤橙","14044","9","","154","¥ 5,578","","1","B09WHXZ6MF","B0DZWT7SCP","40","20","10","1360"
"Wellflex マットレス シングル 三つ折り 硬いマットレス 凹凸構造 竹炭配合 230N 35D 5年保証 純高反発 折りたたみ 寝返りやすい 防臭抗菌 コンパクト収納 キャンプ/車中泊/来客/防災用 厚10cm カバー洗える ダークグレー 195*97*10CM","13940","43","50","29","¥ 5,109","","1","B0G7Z8GVLF","B0G7ZLDBQR","53.9","34.9","33.3","5860"
"【Toffy/トフィー】 コンパクトふわふわかき氷器 K-IS10 (ペールアクア) K-IS10-PA","13941","82","","305","¥ 5,000","","2","B09XM1GRQS","B09XM21SLB","24.2","23.2","14.9","810"
"無印良品 空気でできたマットレス 約幅70×奥行196×高さ10cm（まくら部：約高さ15cm） 84421631","13954","21","100","","¥ 6,997","¥ 6,997","2","B0H7RDPQ9Y","","34","16","16","1760"
"Housecover 掛け布団 セミダブル 暖かい フランネル 冬用 あったか 吸湿発熱わた 蓄熱 極厚 ボリューム 高保温 真冬 毛布の代わり 肌触り 布団 洗える 抗菌防臭防ダニ 静電防止 ふわふわ 掛布団 掛けふとん ブラウン 170*210cm","13965","9","","820","¥ 5,083","","1","B0CFY7NV9M","B0CFY976H1","43.7","33.9","20","2840"
"VLANDO ジュエリーボックス、取り外し可能なトレイ付きの2層デザイン、ライトグレー","18425","29","","804","¥ 7,150","","1","B0C89PH3N5","B0CNTP9C8B","23.5","18.5","10","860"
"Meiz 腰枕 三角クッション【介護専門家推薦】 逆流性 対策 背もたれ クッション 就寝用 腰をサポート テレビ 読書 体位変換 三角枕 ブラウン","13972","38","","1304","¥ 5,399","","1","B07NS4C82N","B09MMXQ51S","62.8","24.2","20.2","1860"
"中山式 【公式ショップ】 中山式快癒器 2球・4球セット 日本製 ツボ押し コリほぐし","13981","41","100","17","¥ 5,346","","1","B0FDFMPHY2","","32.6","15.1","8.7","710"
"象印マホービン 炊飯器 5.5合 炎舞炊き スレートブラック NW-NB10-BZ","13988","56","50","57","¥ 73,700","","12","B0FCFBL8GD","B0FKTHZRVN","39.7","31.9","27.5","7460"
"【特許取得の純正品】水素＆ケイ素スティック HYDROGEN and SILICA 5本セット 高濃度ケイ素水と高濃度水素水同時生成出来る水素＆ケイ素スティック！","15287","37","","220","¥ 6,365","","1","B07GBZ35R1","B0811FF9HW","21.1","13.4","2.6","140"
"グリーンハウス ビールサーバー 泡を味わう 冷えたビールをキープできる氷点下保冷剤付き コンパクトサイズ 乾電池タイプ GH-BEERTEC-BK","13994","41","","23","¥ 8,982","¥ 8,982","2","B0F4BV9134","B0HFWK869K","33.5","24.5","16.7","1540"
"ワイエムワールド カラーボックス 5段 A4対応 幅40 奥行29 高さ170 木製 ホワイトオーク 00-hn-01002","14005","41","50","157","¥ 6,600","","1","B0C2TZZ1LV","B077ZFPB91","104.3","40.3","12","13000"
"大判バスタオル 10枚セット 綿100％ 140×70cm 双糸 厚手 吸水速乾 高耐久 ホテル仕様 業務用 インターロック縫製 ホワイト","17438","7","","17","¥ 10,980","","1","B0FRFJFSYD","B0FQNR2F4V","26.8","3","2.7","337"
"MAXZEN IHクッキングヒーター 卓上 コンロ IHコンロ 1口 1400W IH調理器 揚げ物 タイマー 切り忘れ防止 一人暮らし 新生活 家族 自炊 鍋 おしゃれ コンパクト ホワイト 白 MIHS-MT140-WH マクスゼン","14010","26","","75","¥ 5,480","","1","B0D9VGV43F","B0FTF5LYQT","41.5","31.7","8.8","3000"
"東レ トレビーノ 浄水器 カセッティシリーズ カートリッジ計2個入り [交換用カートリッジMKC.X2J]","14017","107","200","720","¥ 6,400","¥ 6,400","5","B001D4HHD0","","12.7","11.4","6.8","380"
"LED蛍光灯 ラピッドスタート 直管蛍光灯 40W形 120cm 昼白色 ラピッドスタート形 G13口金 工事不要 ラピッド専用 40W形 直管 ラピッド式 40型 - (10本入)","14019","58","50","240","¥ 12,600","","2","B09GLZXQ53","B09FFD6F6Y","122","18","6","2600"
"TVTKEかき氷機 大容量業務用かき氷器 電気砕氷機 ワンボタン操作 家庭用DIY ラピッドかき氷 ふわふわ氷 キッチン用品 パーティー アウトドア キャンプ用 冷凍フルーツ サラサラ シャリシャリ (2L(アルミ合金プロペラ))","14067","0","","","¥ 30,799","","1","B0F8W48S56","B0F8VVXLZT","43","42","33.5","15000"
"【HAPPYCOOKER公式】【直火・ガス火対応】両面フライパン ブラウン 本体×1、シリコンパッキン×2(交換用)、使用説明書兼レシピ×1 ハッピークッカーグルメパン 両面焼きフライパン 魚焼きグリル レギュラー ハンバーグ ステーキ ホットケーキ フライパン 調理器具 キッチングッズ キッチン用品 プレゼント 新生活 ガス火 キッチン雑貨 グリルパン","16451","36","50","341","¥ 5,681","","4","B0BQ6R8XP3","B0H4JFVFK1","45.3","28.2","6","1800"
"RELX レッグケア【日本企業企画】二足入り ふくらはぎケア コードレス ハイパワー 三段階調節 軽量 充電式 空気圧 温熱 EMS 男女兼用","14026","74","100","159","¥ 6,990","","1","B0FPLZWPTX","","31.4","16.8","9.9","1180"
"リズム(RHYTHM) 掛け時計 電波時計 オフィス 大型 屋内用 静音 連続秒針 シルバー Φ50x5.3cm オフィス用品 工場 事務所 シチズン CITIZEN 8MY547-019","14026","41","50","142","¥ 11,227","¥ 11,227","32","B07P8LFLMT","B07VVQGHMN","56.5","56","9","2700"
"DiCUNO ダクトレール用スポットライト E26口金 LED付き 60W相当 電球色 6W ライティングバー ダクトレール用器具 本体白 10個入","14031","36","50","27","¥ 7,989","","1","B0D8PRX28L","B0D8PXG3FK","21","16.7","16","1960"
"抱き枕 C字型 HUGFORMA（グレー） 高さ調整可能 全身を包み込む抱き枕 妊婦さんにも 授乳枕 横向き いびき対策 寝返りサポート Gorilla Sleep","14034","45","100","11","¥ 8,531","","1","B0GLP9H5SB","B0GLX5HBHP","40.9","31.8","16.1","3510"
"EMME接触冷感ソファーカバー ひんやり 夏用 冷感 ストライプ柄 掛けるだけ マルチカバー 滑り止め 枝柄ブラウン 180ｘ300㎝","24261","9","","77","¥ 5,680","","1","B0F384342F","B0DJQJFYJT","37","25","13","1700"
"パナソニック 炊飯器 5.5合 おどり炊き ビストロ ダイヤモンド竃釜 お手入れ部品2点 ライトグレージュ SR-X710D-H","14040","46","50","49","¥ 52,930","","21","B0FHPG2PJS","B0FQTXRLNN","34","32","30","7600"
"マルエス 花ろうそく 1号5 24本×2個セット","14284","38","","","¥ 5,182","¥ 5,182","1","B0GJ2YJPTH","B0BSSGKG2B","24.4","20","4.5","460"
"サンワダイレクト ルーター 収納 電話台 スリム 引き出し付 Wi-Fi モデム 配線隠し ダークブラウン 200-CB065DBRM","15818","37","","15","¥ 13,320","","1","B0DWXC1MMB","B0DWWZCQQG","87.5","33","18.5","18500"
"【伸縮・左右設置可能・引き出し3個】LunarLight キッチンカウンター伸縮式 幅95～165奥行40高さ81.2㎝ スライド棚 総耐荷重110㎏","14046","90","50","48","¥ 15,990","","1","B0FSSC4H2B","B0FSSDGLPS","100.3","43","13.4","28300"
"「連続二年WBrC世界チャンピオンが選んだブランド」1Zpresso K-Ultra 手挽きコーヒーミル 手動 アイアングレー 携帯用ケース付き清掃しやすい 折り畳み式 グラインダー ステンレス刃 外部調整","14050","41","50","97","¥ 37,480","","1","B0CF8KW43N","B0GTY57BBC","23.6","17.8","7.9","1120"
"ホームブリス シューズボックス クリア 透明 シューズケース アクリル スニーカーボックス スニーカーケース マグネット式扉 組み立て式 小物/化粧品収納ボックス 大容量 靴棚 靴収納 玄関収納 下駄箱 靴箱 横型 8個セット","14052","39","","326","¥ 11,880","","1","B0CZQVHWY1","B0DKNJVRD1","41.4","34.8","32.2","12760"
"ヒツジのいらない足枕 足まくら 就寝用 フットピロー ふんわり 足置き カポックコットン ギフト プレゼント 洗えるカバー付","14059","38","100","52","¥ 9,720","","1","B0F29C19N8","B0GSTXL8WX","42.4","24.6","24.6","1900"
"Ｇａｘｎｕｌシャープ空気清浄機用フィルター KC-D50/E50/F50/G50/H50/50TH1 互換品消臭効果活性炭フィルター層 耐久性が高く 簡単に取り付けることができ、頻繁な交換によるコストや手間を節約できます 長期間使用することができます (KC-A 40/B 40*1セット（3点セット）) [並行輸入品]","14425","0","","","¥ 5,290","","1","B0GCP2M5MH","","43.5","23.5","4","770"
"ドウシシャ ルミナス ブラック 幅60 3段 スチールラック 収納棚 艶のある黒色 幅59.5×奥行34.5×高さ94.5cm 全体耐荷重240kg 頑丈 キャスター付き 防錆加工 ポール径19mmパーツ対応 シェルフ キッチン収納 BN9060-3","17168","35","","742","¥ 6,487","¥ 6,487","6","B0042RTRVA","B0H97JB37T","60.1","36.8","11.1","6060"
"【ダクトレール/E26用】SUKITEN シーリングファンライト【メモリー・正逆回転・節電に】28W 3000lm 調光調色 6~8畳 小型","14775","49","","28","¥ 5,880","","1","B0G8ZM7PWF","B0HDZ4FX62","22.2","16.3","15.2","950"
"[CALQS ダブル枕PLUS ミッドオリーブ] 枕 ピロー まくら 首 肩 安眠 寝具 高反発 母の日 父の日 プレゼント ギフト 口コミ カルクス SurvaQ サバキュー","19044","24","","102","¥ 14,800","","1","B0FBM4F923","B0CXPQHY3W","64","39","15","1300"
"ストリックスデザイン 使い捨て 紙皿 ボウル 深型 1200枚 (50枚×24セット) 17cm 未晒し 耐水・耐油加工で染みにくい おしゃれ レンジ対応 バガス さとうきびの搾りかす 業務用 SD-728","14710","40","","208","¥ 12,558","¥ 12,558","1","B0CLQN7CN7","B0CXPBDMQH","54","53.5","36.5","20000"
"Kireizu ダイニングマット 厚さ1.5mm PVC製 防水・防滑・防油仕 クリア 片面エンボス加 水拭きOK 床保護・ペットマット・プレイマット・防音対策に最適 (180×240cm)","14077","48","50","58","¥ 8,599","","1","B0FSSCPQLT","B0FXWCSC1S","180","7","7","6100"
"Liaolee ネックケア 首・肩・腰・背中・太もも リラクゼーション器 2024新登場 温熱機能 コードレス USB充電式 強度調節 静音 軽量 長さ調節可能 洗える布カバー 簡単操作 母の日 父の日 記念日 誕生日 新年 プレゼント クリスマス お祝い 家庭用 職場用 ギフト 贈り物 男女兼用 日本語説明書を同梱, Beige","14080","76","100","453","¥ 5,698","","6","B0CXPL7N8C","","25.3","17.5","17.4","1440"
"SPAHER ダクトレール用スポットライト 照明 無段階調光調色 LED一体型 120W相当 取付け簡単 角度調節可能 電球付き 照明器具 明るい おしゃれ 天井 玄関 インテリア 12W ホワイト（2個セット+1個リモコン）","14082","40","50","21","¥ 5,280","","1","B0GCY88SQX","B0GN257VS5","15.5","15.1","11.4","390"
"TOSHIBA(東芝) ルームエアコン 6畳用 RAS-V221TE(W) V-TEシリーズ 2.2kW 2026年モデル ホワイト 無線LAN内蔵 スマホ操作対応 高さ250mm コンパクト設計 内部クリーン 除湿 静音","14087","88","100","17","¥ 64,800","¥ 64,800","1","B0GGY9K34Z","B0GPVQ16DB","80.6","80.6","80.6","110000"
"布団カバー フリル 4点セット セミダブル 可愛い 掛け布団カバー ベッドスカート 枕カバー ベッドカバー 敷布団カバー","14260","12","","2","¥ 5,380","","1","B0DW3VLJMW","B092LZLG64","39.2","31.1","10.5","1700"
"オルタ(oruTa) バスタオル 今治 3枚セット 綿100% 吸水 速乾 中厚 日本製 ホテルエアー 65x135cm ネイビー","17401","29","","39","¥ 7,920","","1","B0G11W41G8","B0GX131LY6","34","24","10","1055"
"Amazonベーシック シューズラック 50足用, シルバー","14096","40","100","11885","¥ 6,480","¥ 6,480","1","B0735FB8VJ","","91.8","39.2","8.9","7772"
"ZINUS Piper 布張り ベッドフレーム セミダブル ダークグレー ファブリック ホリゾンタルライン ヘッドボード ホテルライク ジヌス【日本正規品】","14097","37","","14","¥ 23,310","¥ 23,310","1","B0FLJC9NMW","B0FX3YVRLJ","132.5","56","14","25660"
"FEELEAD パキラ 人工観葉植物 フェイクグリーン 大型 120cm 光触媒 造花 観葉樹 多幸の木 鉢植え ねじり幹 リアル","14103","42","50","39","¥ 6,999","","1","B0GCZ1ZWM7","B0GRYC1B32","78","25","24.5","5000"
"パール金属 本棚 コミック収納ラック 幅60×奥行20×高さ89cm ブラウン CD&DVD収納 文庫本ラック 9060 T-Ⅳ N-7072","12116","39","","15","¥ 7,632","¥ 7,632","3","B0DZ5XDHL7","B0FJYRK28Y","91","22.5","10.5","9000"
"柳 宗理 ステンレスボール 3点セット 311070","16675","43","","546","¥ 6,380","¥ 6,186","3","B0000DIJ6S","B0DCND2DW4","24.6","24.4","13","980"
"Cysxoキッチン多機能ラック、業務用キャビネット、仕事台、準備テーブル 、多層の電子レンジ収納キャビネット、厚手の30mm、計量150kg、大容量収納スペース、多シーン使用、業務用、家庭用、キッチン、応接間テーブル、キッチン収納 ストレージ (100*35*80cm,天然木のキャビネット扉)","14151","0","","","¥ 16,799","","1","B0GYL6LNP4","B0GYKMLT4G","32","12","7","300"
"SWEES ラグマット カーペット120x160cm 約1.5畳 全厚約2cm 滑り止め付 洗える 防音 抗菌 防臭 黒","16894","14","","25","¥ 5,000","","1","B0GYRZ46Q2","B0G43ZKPTJ","36","31","13","1460"
"ブリタ カートリッジ マクストラ プロ BRITA MAXTRA PRO 6個入り 交換用 海外正規品 簡易包装 フィルター カートリッジ ポット [並行輸入品]","14115","39","100","167","¥ 5,780","","1","B0D83MJKRN","","24.6","11.7","11.6","700"
"無印良品 座いす ブラウン 大 幅62.5×奥行68×高さ53cm 洗いざらしの綿帆布 12911067","20651","39","50","60","¥ 6,051","¥ 6,051","1","B0CNP3GXDF","B0CP3JMD5W","104","59","10","6200"
"三景 だしとりサンエース 特大 500×600㎜ ポリプロピレン 日本 (100枚入) BSV31004","14119","41","","124","¥ 8,610","","12","B001UJMFGM","B08T16CTHR","50.5","35","7.2","1560"
"【まとめ買い10セット】V60 フィルター | V60用ペーパーフィルター03W | VCF-03-100W | ホワイト 100枚×10｜1～6人用","13541","19","","39","¥ 6,480","","1","B0DVB2Q2WJ","B0DVC6DM6B","40","33.6","9.7","1690"
"クイジナート 粉末ミル グラインダー SG-10BKJ","14125","46","100","736","¥ 6,355","¥ 6,355","7","B01M7ZWEXL","","23.5","13.5","13.5","1140"
"ハンガー、ステンレスハンガー、10本セット、ランドリーハンガー、防錆、曲げ可能、ハンガー、耐久性、便利な収納、スカート、ズボン、コート、ボトムハンガー、ハンガー、滑り止め、0.1インチ（3.2 mm）、幅16.5 インチ（42 cm）、高さ7.5インチ（19 cm)","14425","48","","1616","¥ 5,157","","3","B088F42L8R","B0BG4TC495","34.4","27.9","3.3","649"
"モダンデコ 割れないミラー 60×180cm 割れない 全身鏡 超軽量 姿見 フィルムミラー 壁掛け (ナチュラル, 60×180cm)","18820","21","","38","¥ 14,990","","1","B0GCJ1P5RN","B0GCK5F1DZ","186","64","4","11000"
"BODUM ボダム コーヒーメーカー コーヒープレス BODUM COLUMBIA ボダムコロンビア フレンチプレス コーヒーメーカー ダブルウォール 500ml シルバー ステンレスフィルター ステンレス 二重構造 保温 コーヒー アウトドア 【正規品】 11055-16","14134","36","","3257","¥ 8,794","¥ 8,794","10","B002AJ9JII","B01IEHSQAG","14.8","14.7","14.3","748"
"SUKIDA ゲーミングチェア オットマン付き 幅広座面 オフィスチェア デスクチェア 通気性 テレワーク 疲れない 椅子 イス 人間工学設計 ひじ掛け 135°リクライニング gaming chair 座り心地よい 高耐久性 げーみんくチェア ハイバック 鱗模様の刺繍 PUレザー (水色)","14138","35","","794","¥ 8,982","","1","B0H1MSFB6B","B0H1MS1J2V","77","55","25",""
"VIKELY 壁掛け時計 天然木製 静音 おしゃれ オシャレ 連続秒針 長時間航続 薄型のデザイン 3D立体数字 かわいい 北欧モダン 非電波時計 円形 掛け時計 壁掛け キャンパスウォールクロック アラビア数字 インテリア リビング 寝室 居間 子供部屋 書斎 オフィス 室内装飾 お祭り 贈り物 - 直径35cm","17720","37","","103","¥ 6,499","","1","B0DXKYRN3F","B0FPWNTFQ3","39.1","37.5","5.1","650"
"ZXD キッチンベイカーラック 幅60×奥行40×高さ150cm キッチンラック レンジラック オープンラック プリンタ台 あさい 古橡色","14157","53","50","63","¥ 5,600","","1","B0FVFKYHPM","B0FCF81LF1","86","44.5","12","14100"
"【フランスベッド正規品】 マットレスカバー ワイドダブルロング キナリ色 「エッフェ スタンダード ボックスシーツ」 綿100％ 360106660","20473","25","","163","¥ 9,890","¥ 9,890","1","B0813NHVW6","B081V4H6MY","40.2","30.8","6.6","780"
"象印マホービン 炊飯器 1升 極め炊き IHタイプ 日本製 お手入れ点数2点 ブラック NW-QA18-BA","14161","52","","106","¥ 30,696","","23","B0D5TFMKRX","B0G4377XZ7","40.7","34.7","28.5","5320"
"【節電対策】[山善] 扇風機 DCモーター リビング 無段階風量調節 静音 省エネ 左右首振り 切タイマー搭載 8時間自動オフ機能付き ホワイト YLT-BUD30(W)","14163","103","50","28","¥ 5,400","","2","B0GGYQTN1B","B0GVN71BFB","58.7","39.9","36.4","3140"
"JEJアステージ(JEJ Astage)[Xシリーズ アクティブストッカー1000X] 収納ボックス 大容量 耐荷重80kg 座れる 踏み台 日本製 運動部 遠征 合宿 車載 積み重ね アウトドア [幅100×奥行50×高さ50cm]","14168","69","50","2803","¥ 13,800","¥ 13,800","12","B07WZSHJH2","B0FPBGXVNK","100","52.3","51.5","9360"
"クリンスイ交換用カートリッジ MDC01SZ（MDC01S×3個入り）蛇口直結型浄水器 MD301／MD201／MD101／MD102／MD103／MD301i／MD211／MD111 対応 活性炭・中空糸膜フィルター PFOS・PFOA・残留塩素除去 並行輸入品","14173","17","50","22","¥ 5,206","","1","B0H6J8H938","B0HFR9T2TF","18","10.5","6.5","450"
"Kiwet 自立式コートラック ハンガーラック ポールハンガー 玄関 コート掛け のフック付きコートハンガー ポールハンガー 大容量 多機能衣類ラック 洋服 帽子収納棚 木製服掛け 室内物干し 固定式/回転式/車輪式のオプションあり 寝室 オフィス 廊下 玄関用の組み立てが簡単なコートスタンド (ウォールナット,キャスター付き)","22614","2","","","¥ 8,425","","1","B0G4794XD9","B0G4796QPQ","63","42","8.5","4300"
"【anan掲載】Blue Box ® ブルーピロー 枕 (安寝10cm) まくら ホテル仕様低反発枕 首サポート 横向き 仰向け 通気枕 高さ10cm x 60cm x 42cm、通気性","14194","41","50","64","¥ 5,933","","1","B0DJQJFYFX","B0DJSJJ8V9","40.1","15.7","15.4","1380"
"山善(YAMAZEN) ケーブルボックス 大型 (ルーター 収納) スチール製(マグネット対応) 6つ口タップ 天板開閉 壁にぴったり(巾木よけ) 滑り止め 幅40×奥行13.5×高さ37㎝ 完成品 ブラック NRCB-37(DBR/MBK)","14201","44","50","182","¥ 5,780","¥ 5,780","2","B0B87153YL","B0B9RKBGYS","42","39.5","15.5","3000"
"食器洗い乾燥機 工事不要 1~3人用 18点 コンパクト 食洗機 乾燥のみ機能対応 熱風送風乾燥 食洗器 食器洗浄機 給水バケツ付き SAMKYO T40 ホワイト","14204","61","200","66","¥ 27,970","","1","B0GWPZTSSM","B0GZZM526B","47.8","46.5","45","15670"
"肉 ギフト カタログギフト 松阪牛 15000円 田中精肉店 お肉 プレゼント グルメ カタログ お返し 結婚祝い 出産祝い 内祝い 父の日 母の日 高級 (松阪牛 / 1.5万円)","14210","43","50","20","¥ 15,000","","2","B0BX2XQ6F1","B0BXCZYY4T","24","12","1","120"
"【Amazon.co.jp限定】Piiyoow チェアマッ 180×150cm 透明PVC 厚さ1.5mm 床保護マット 滑り止め 床暖房対応","14587","41","","48","¥ 8,780","","1","B0G262243N","B0G25XWZP8","152","8","8","5300"
"LunarLight チェスト タンス 幅114.5奥行30高さ79㎝ 2口コンセント付き ストッパー付キャスター 移動/固定式2種 引き出し8個","14216","34","","78","¥ 9,980","","1","B0GY84ZVF8","B0F62Y9H9J","117","32","9","14000"
"遠藤商事 TKG ざる 浅型 ステンレス製で錆びにくく衛生的 外径×深さ(mm)528×220内径(cm)50 業務用 AZL4350","11770","33","","103","¥ 5,378","¥ 5,512","11","B001UJJCCC","B07V27ML2S","71","64","3","880"
"Merytes 5段 オープンシェル フ ラック 棚 隙間収納 木製棚板 スチール 多機能 収納ラック 収納棚 整理棚 本棚","14232","65","100","197","¥ 5,699","","1","B0F434XP3H","B0DGSRKLMP","84","44","11","12960"
"キッチンワゴン 収納カート キャスター付き 4段 天板付き 回転式 小物 収納 カート 棚 収納ワゴン 調味料ワゴン 可動棚式4段収納 組立簡単 (1個セット)","14241","41","","144","¥ 6,280","","1","B09WH2MBDB","B09WHDV1R6","76","32","32","3600"
"VENTOTA フロアライト フロアスタンド おしゃれ 2灯 フロアランプ 高さ178cm 調光調色 LED電球付き リモコン付き 間接照明 スタンドライト 読書ライト 木目 寝室 リビング Pois WH st419565","10756","37","50","198","¥ 5,031","","1","B0BJ2JZ1D8","B0BJ2HRZSC","50","50","50","3100"
"HeGeed ショッピングカート 5輪 買い物カート【拡張り13cm 】大容量 50L 保冷保温機能付き 2WAY 広タイバー360°回転自在キャスター3段階高さ調節可能 耐荷重45kg フック付き 高齢者向けショッピングカート 買い物かご 簡単組立 荷物運び、ピクニック、ショッピング、旅行などに便利、防災グッズ","17496","45","50","81","¥ 6,680","","1","B0F2FKZ5KK","B0F4R3J8HH","48.4","35.8","16.2","2110"
"SONGMICS ゴミ箱 スリム 50L シルバー LTB350EZ01","15029","21","","26","¥ 7,890","¥ 7,890","1","B0GN8ZQR15","B0H7C1SCSQ","68.5","50.5","33","8000"
"枕 まくら 首が痛くならない 高反発枕 TPE枕 横向き寝 無重力 肩こり対策 快眠枕 体圧分散 通気性 高さ7・9cm 洗える枕 枕カバー2枚付","16116","30","","27","¥ 7,999","","1","B0H4627KHJ","B0H45PBXZQ","55","38","9","3500"
"「ハマスカ放送部」で紹介！【GOODSPRESSで受賞】【MonoMAXで受賞】MYTREX マイトレックス MEDI NECK EMS 温熱 電動 ネックストレッチャー 首 メディネック MT-MDN24B","14265","41","100","170","¥ 26,730","","1","B0D1WVKF9F","","53.5","32.6","18.8","3150"
"オゾン発生器 業務用 30000mg/h PSE認証済 強力オゾン脱臭機 300㎡対応 120分タイマー付 消臭・除菌・空気清浄","14270","56","50","1104","¥ 7,984","","1","B0DJQGLXQS","B0HBVM98YD","26.3","24.2","19.9","1770"
"アラミック シャワーヘッド 防汚コーティング 特殊塗装 節水 高水圧 水量調整可 止水ボタン 高水圧 日本製 ASP-HC","14275","39","50","123","¥ 6,578","¥ 6,578","1","B0CN92N3G4","B0HGCQC76J","24.6","8.7","8.2","250"
"Bauhutte(バウヒュッテ) ゲーミングデスクHD 昇降式 ロー (幅120cm×奥行55cm) ブラック BHD-1200HDL-BK","14278","48","","1043","¥ 35,200","","4","B07NFDKS3J","B0BZPM625Y","128","58","10.5","17001"
"[ aso ] ミニバスタオル 今治タオル 速乾 日本製 中厚 ふわふわ 綿100% 40×100cm モフィン 4枚セット 柄なしラベンダーグレー","17386","34","","","¥ 5,200","","1","B0FJ1T7958","B0FHPL2KHS","27","21","9","570"
"SOLEMOOD ホットサンドメーカー 耳まで焼ける 電気 ワッフルメーカー 着脱式 コンパクト マルチサンドイッチ 厚焼 ダブル 両面 プレート２種類 ホットサンドマシン ワッフルプレート付き 丸洗い お手入れ簡単 新生活 家族 ポータブル (アイボリー)","14279","38","50","127","¥ 8,748","","1","B09WGW5P6Z","B09Z2RDDBF","42","33.5","17.5","4850"
"WTHYGB ランナーラグ — 廊下・キッチン用ランナー、滑り止め付き、洗濯可能、ベッドサイド・ランドリールームにも — 160 x 230 cm、茶色と白","20252","10","","1028","¥ 8,100","","1","B0GZMSHLD8","B0GZNHCFCY","40","30","5","2200"
"ドウシシャ 流しそうめん器 大人の流しそうめん 電池式 氷を入れて冷水キープ＆回転プロペラ付き タワー型 家庭用","14302","91","900","285","¥ 5,998","","3","B091PMMKQQ","","45.3","36.3","21.2","2970"
"LED蛍光灯 直管 蛍光灯15w形 G13 44cm 節電 省エネ led グロー式 グロースタータ式器具専用 工事不要 照明 蛍光管 LEDランプ 両側給電タイプ 低発熱量 蛍光 ランプ 昼白色 6000K 広い照射角 全光束：670LM 天井照明 LED蛍光灯器具 高輝度 蛍光管 ledライト PL保険加入済み！ （10本）","25691","11","","184","¥ 6,600","","1","B09BCSGDJH","B09BCR39GF","45","21","7","1670"
"折りたたみテーブル&チェアセット ダイニングテーブル 80×80×74cm 3点セット (ダークブラウン)","14303","11","","32","¥ 8,980","","1","B0H9KFJVNS","B0HGLPB1SK","73","63","8",""
"ヨシカワ 水切りラック 水切りかご 日本製 to Unify(ユニファイ) ミニ折りたたみ1306229 食器 水切り カゴ 台所 シンク トレー キッチン バスケット","12037","41","","","¥ 5,180","¥ 5,180","4","B0CH9NGWQB","B0F24CZZ87","26.4","21.9","5.2","540"
"CLGTY ストレッチ フランネル 8分割タイプ リクライニングチェア カバー 3人掛け-トープ","21605","17","","344","¥ 8,343","","1","B08M9R68H2","B0GH7HWWTC","40","33","18.3","2450"
"京セラ 水筒 500ml コーヒー ボトル ワンタッチ式 内面セラミック 真空断熱 保温保冷 ブラック MB-17FBK-AZ 【オンライン限定】","14326","39","","27","¥ 5,445","¥ 5,445","1","B0DJF2DZH6","B0GFJSH2LB","23.1","7.8","7.7","340"
"Awesling座布団 55cm おしゃれ フロアクッション 「2個入り」大きい 裁断メモリーフォーム入り 北欧 かわいいざぶとん 大きめ 体圧分散 座り心地いいクッション 読書 座禅 ・ソファ・ベッド・車載・椅子兼用 洗える (2, オレンジ, 方形55cm)","17093","38","","61","¥ 5,680","","1","B0FVKWZ5BZ","B0FLHXMVVC","36.5","26.3","16.6","3320"
"タヤ ハンガー シャツ ニット キャミソール用 スマートハンガーなで肩/10本セット アンティークシルバー プロ仕様 W32cm軽量 すべらない 1/2ビニールコーティング加工 シンプル おしゃれ 収納 省スペース フック固定","15147","14","","164","¥ 6,900","","1","B07NDVG9D7","B0834LS9GT","33.6","27.5","5.2","860"
"リバーライト 極JAPAN 鉄 厚板 フライパン 蓋付きセット 28cm 窒化鉄 窒化加工 IH対応 サビにくい 日本製 JS2328","16738","38","","83","¥ 12,074","¥ 12,074","4","B01NAZ4AZW","B0CZTJ28FF","47","30.5","14.5","2790"
"Newthought タイルマット タイルカーペット ジョイントマット 【30*30*0.4cm 40枚入】 （ブラウン*ベージュ）","14337","27","","413","¥ 5,380","","1","B09DPPC1JX","B09DPNZG95","32.4","31.1","15.5","1930"
"【正規品】交換用浄水カートリッジ SENT012KA/NT012KA 浄水器カートリッジ 17+2物質除去 高性能タイプ アンダーシンクタイプ キッチン部品","14344","13","50","","¥ 6,900","","1","B0H8DMB8YW","","22.9","10.7","10.7","830"
"ＨＡＲＵＭＩＮ ローテーブル 机 サイド収納付き 一枚板風幅105cm 2段階調節棚板 ナチュラル","16677","20","","52","¥ 7,998","","1","B0FWCFR4XD","B0H6LFLLBF","111","51","10","12000"
"アイリスオーヤマ 《2個セット》伸縮押し入れ整理棚 SOR-370H×2個 グレー","18507","55","","908","¥ 5,220","","7","B00240DSMG","B0B2VR7R9G","91","45","8","4350"
"パナソニック(Panasonic) コスモシリーズワイド21 埋込電子浴室換気スイッチ ホワイト WTC53915W","16898","39","","95","¥ 5,140","¥ 5,140","12","B002UNIHPA","B0B2QKRK6S","11.6","5.4","4.9","100"
"厚さ0.05mm 透明 窓ガラスフィルム 住宅 建築ガラスフィルム 地震 竜巻対策 カット飛散防止フィルム 防災 地震 防災 安全フィルム,90cmx20m","18630","17","","25","¥ 9,880","","1","B0D9P6W9W8","B0D9P8S3RZ","91","4.4","4.4","500"
"【Amazon.co.jp限定】UOUOMI キッチンマット 透明PVC 190×150cm 1.5mm厚 拭くだけ 防水 汚れ防止 床保護マット","19603","6","","7","¥ 10,800","","1","B0H6J7Q3FK","B0H6JLN4TC","92","6.5","6.5","2100"
"PluieSoleilテキーラ観覧車 25ml-24カップ 7色のライト 誕生日パーティー バーホテルLEDワイングラス収納ラック カクテルパーティー KTVナイトクラブに最適 クリスマスの雰囲気 ワイングラス除く (1, vip) (1)","9458","60","","56","¥ 11,499","","1","B0DP612Y73","B0DCBCH69W","61.4","40.2","17.5","3250"
"ノボダ(Noboda) ラバラバ(RUBBER Raba) ゴムまな板 まな板 黒 M 合成ゴム プレゼント 日本製 300×200×8mm NBD001","14373","42","50","320","¥ 6,138","¥ 9,240","7","B09NX3D5GL","B0GW85F6LX","29.6","19.9","1","550"
"RIVERET リヴェレット カフェオレ マグカップ 350ml ペア セット 竹製 食洗機対応 ホワイト/ブラウン RV-205WB","14376","54","100","561","¥ 6,230","¥ 6,230","11","B07D5GNTYD","B09B6ZPCXG","22.8","13.7","9.9","350"
"MAXGROOM スキンヘッド用シェーバー 7Dヘッド シェーバー マグネット着脱式 8800RPM 高速モーター 坊主用 頭髪 電動シェーバー","14377","105","200","2157","¥ 7,359","","1","B0GDXP6JP3","B0GJFMMN2L","10.4","10.1","10","460"
"［協和工業］ヒップフィッター おしりキオク 日本製 クッション (ブラック) 体圧分散 生卵が割れない 骨盤をサポート 丸洗いOK 乾燥機OK 縦糸5層構造 高い通気性 蒸れにくい 復元力 HPFT26-BK","14385","35","50","33","¥ 5,980","","2","B0GTWDMNKV","B0GTW1WVHV","50","47","9","490"
"オーム(OHM) LED浴室灯 100形相当 電球色 要電気工事 ホワイト 径305×高さ85mm オーム電機 LT-F5415KL 06-3909","14387","47","","25","¥ 5,182","¥ 5,182","11","B08CRMCGGY","B09VT7RNPL","45.8","45.4","12.4","1280"
"【2026新登場！125KPa超強力吸引・自立式】 Zynet S9 コードレス掃除機 ハードフロア・カーペット・畳に","14388","14","100","177","¥ 5,604","","1","B0H83KYBQG","B0H9XVK7KD","42.1","25.8","18.7","3180"
"【正規品】交換用浄水カートリッジ TH634-2 浄水器カートリッジ 12物質除去 高性能タイプ アンダーシンクタイプ キッチン部品","14388","44","100","17","¥ 8,000","","1","B0GSKDGJXV","","22.9","11.2","10.7","840"
"QIUYMI 折りたたみラック オープンシェルフ ラック棚 4段 幅71×奥行34×高さ127cm 組立不要 キャスター付き","17732","38","","14","¥ 7,301","","1","B0G5YHGWXG","B0G5Y723G2","124","40","9","5950"
"XINYF 棚 ラック オープンシェルフ ラック おしゃれ ラック おしゃれ棚 本棚 4段 幅120 奥行40 H4-120-40","14397","35","","159","¥ 15,289","","1","B0FVRTV87T","B0FVRJXC81","128","41","20","22000"
"GTPLAYER ゲーミングチェア ファブリック オットマン 椅子 イス テレワーク 腰痛対策 pcチェア デスクチェア 蒸れない ソファーの座り心地 【ふわふわPP綿採用】 【安心の非再生ウレタン採用】【ポケットコイル採用】 分区サポート 肉厚クッション 140度リクライニング 広い座面 ハイバック 高さ調節 GT200-BL","15797","38","","2337","¥ 16,800","","1","B0D2H5XPPX","B0HDXXR7LP","76","34","34","16000"
"WUDAUG デジタル電波時計 多機能 LCD掛け時計 置き時計 クロック 老人向け: 自動時刻合わせ 温度表示（℃/℉） 日付・曜日表示 12H/24H表示 目覚まし時計 57 種類のチャイム 大音量 アラーム スヌーズ機能 メモリー機能 日本語説明書付き壁掛け・卓上兼用 ‎‎24.7x13.7x3.2 cm","14402","36","50","44","¥ 5,199","","1","B0GL8NMBRB","B0HFZFLXZQ","26.7","14.8","5.4","710"
"COLORFUL CANDY STYLE 子どもエプロン (100～120cm) ミモザフルール 3枚セット 女の子 かわいい 子供用 子供 こども エプロン 三角巾 セット ゴム キッズエプロン おしゃれ 幼児 小学生 かわいい 小学校 N1253443-BTR","15504","8","","77","","","","B0FM2WNRWT","B0G1TDJ44C","28.8","28.5","3.9","360"
"【オンライン限定】ミエ産業 ABS樹脂製 組み合わせ風呂ふた 製品サイズ 73×138cm 3枚組 ホワイト L14_WH 防カビ","16315","69","","274","¥ 9,156","¥ 9,156","1","B0DM4DZLSB","B0FVLYH2W2","73","47","4","3000"
"TOSHIBA(東芝) LEDシーリングライト 調光 ワイド調色 5年保証 ON/OFFタイマー 明るさ約1.3倍アップ NLEH14028B-LC","14412","80","50","126","¥ 19,320","¥ 19,320","1","B0C9LYBKD3","B0HCBSLH28","64.5","62.5","15.5","3300"
"HexClad ハイブリッド ノンスティック 中華鍋 【26cm】 [焦げ付き防止加工] IH/オーブン/食洗器 対応 (メーカー直販限定 保証付き) [ヘックスクラッド]","14416","40","50","5445","¥ 17,190","","4","B0B991217N","B0D4XZD794","48.3","30.7","14.2","2043"
"ポータブル型超音波吸入器 UN-302","14429","47","100","122","¥ 5,980","¥ 5,980","2","B0BLMJT19Y","","20.8","17.6","11.5","320"
"メミパーズ（Memypers）ベッド下収納 ベッド下収納 キャスター付き ベッド下 ソファ下 衣類 和服 漫画 靴 布団 毛布 収納ケース 防塵カバー付き(ブラック, 4個セット)","15471","26","","126","¥ 6,880","","1","B0FCYRBT5P","B0FCYX47Y5","44.7","28.1","18","6540"
"山善(YAMAZEN) キッチンワゴン スリム 高さ調節可能 全体耐荷重30kg メッシュタイプ キャスター付き 幅39.5×奥行27.5×高さ77cm バスケットトローリー 組立品 ブラック LSBT-3(BK)","14449","43","","694","¥ 6,040","¥ 6,040","1","B0797DBF25","B0CRK4XRS4","42","29","21","4500"
"【EZweekend】蚊帳 ワンタッチ式 折りたたみ 高さ 150cm 底部付き 防虫ネット 虫除け アウトドア キャンプ 家庭用 旅行用 多用途 (グレー,200*220*150cm)","18060","0","","","¥ 5,030","","1","B0HBK831XB","B0HBKG8465","66","66","2","1300"
"平和工業(Heiwa Kougyou) ゴミ箱 カラーペール 45L 2個セット ナイトブルー フタ付き ペール 屋外 業務用 日本製","14456","30","","123","¥ 6,050","¥ 6,050","1","B0C7VJYPGY","B0C8LNGK1C","56.9","51.6","46.2","2820"
"ZMBJ スモークマシン 500W フォグマシン RGB（赤绿青）加熱指示ライト付き LED舞台照明効果 自動制御 煙霧機 煙の演出 結婚式/クリスマス/ハロウィン/小規模ステージ/劇場/バー/DJ/パーティーに最適 (ワイヤードリモコンツーインワン)","19819","1","","","¥ 6,999","","1","B0GR4ZFT5Q","B0GR53H713","21","12","11","1000"
"LBFXQガレージライトled 作業灯 led シーリングライト 80W 6500K 天井照明 取付簡単 工事不要 角度調節可能 車庫 倉庫 納戸 工事用照明 昼白色 (6個)","10934","6","","65","¥ 6,699","","1","B0H93MQ9VS","B0HCV9R72K","35","30","15","3000"
"【公式】WPM | シャープスパウト Sharp spout ミルクピッチャー 450ml HC7107ST (シルバー)","15012","40","50","22","¥ 5,720","","1","B0FR8C4M6W","B0FR8NH81Z","11.4","10","9.9","240"
"TYUU バスルームマット 速乾 バスルームラグ 滑り止め 洗濯可 薄型 吸収性バスマット ドアの下にもフィット バスルームフロアマット バス、シャワー、またはシンクに最適 61cmx122cm ネイビーブルー","15228","20","","78","¥ 9,338","","1","B0DJ877GCC","B0GS8V5BRM","61","8.9","8.9","1656"
"【公式】トゥルースリーパー オリジナルカバー セミダブル［アイボリー］ マットレスカバー 専用マットレスカバー 洗濯可 清潔 Shop Japan(ショップジャパン) True Sleeper","14490","47","","988","¥ 5,269","¥ 5,269","1","B005CFPN3M","B0DF1X574M","33.4","25.6","6.9","670"
"C-J-W LEDシーリングライト 10畳~12畳 天然木 リモコン付 45W 無段階連続調光調色 昼光色 電球色 6000LM 豆球常夜灯モード メモリ機能 15分/30分/60分スリープタイマー 和風 木目調 天井照明器具 和室 部屋 寝室 リビング 日本語説明書 PSE認証済み 四角","14491","41","","230","¥ 9,605","","1","B0DZMJZC7C","B0C65CWLKH","50","50","17","3500"
"KEECOON 炊飯器 3合 一人暮らし 3合炊き 炊飯器 ミニ 低温調理機能付き 温度調節可能 セラミックコーティング内釜 小型 ひとり暮らし 新生活 一人用マイコン式 メニュー6種 炊飯/玄米/ケーキ/ヨーグルト 保温 予約 ライスクッカー キャンプ ベージュ","14495","6","","10","¥ 5,980","","1","B0GKNYYP49","B0HFR2NTT1","28","23.1","21","2060"
"ツインバード【純正品】空気清浄機用フィルター 抗菌プリーツフィルター AC-FT33【AC-E944W / AC-5945DBR 専用】ホワイト","14498","47","","3","¥ 6,636","¥ 6,636","7","B0CK7HW2WM","B0DKXBRVXG","40.7","33.9","2.4","380"
"布団クリーナー 布団掃除機 ダニ除去機 ダニ掃除機 カーペットクリーナー 静音 ハイパワー 強力吸引 軽量 ダニ 花粉 ハウスダスト ふとん 掃除 コードレス TVC002-PU","14500","37","50","11","¥ 7,581","","1","B0G1C3LTTM","","34","28.5","21.5","2000"
"SONGMICS スチールラック 収納ラック スチール製 4段 幅90cm ガレージシェルフ メタルラック 高さ調節可能 耐荷重452kg ガレージ・寝室・リビング・キッチン・パントリー用 90×30×121cm インクブラック LGR194BH01","11060","41","","12","¥ 6,580","¥ 5,264","2","B0G1M52DF5","B0H38NV3B5","95","32.3","15.2","7700"
"KASYANKA ワードローブ ハンガーラック カバー付き クロゼット 洋服ラック 引き出し付き 直径19mmのスチールパイプ 大容量 頑丈","21759","35","","29","¥ 7,150","","1","B0FXDXX8XB","B0FXDXL8VJ","99.5","30.5","7","4400"
"【公式】YAMATSU STANDARD ユーラシア 28cm皿・5枚セット ホワイト 大皿 平皿 食洗機 電子レンジ対応 耐熱 日本製","14509","24","","4","¥ 7,260","¥ 7,260","1","B0FTM94BMY","B0FYC7R6XQ","30.6","30.5","9.9","4210"
"東芝 25本セット 直管蛍光灯 《メロウホワイト》 グロースタータ形 20W 昼白色 FL20SS・N/18_set","14511","45","100","95","¥ 14,455","","2","B00GZC58VI","","62.9","17.6","15.4","3140"
"萩原(Hagihara) 玄関踏み台 玄関台 手すり付き踏み台 両手すり 【安心の耐荷重100kg】 ひざ 腰 負担軽減 子供 高齢者 ペット 幅76.5 ライトブラウン VH-7934LBR-D","14512","39","50","554","¥ 9,855","¥ 9,855","12","B09498GXYL","B0DNYY65MD","82.4","45","12.4","8260"
"KOGU 珈琲考具 粉ふるい コーヒー パウダーコントロール 大 【日本製】 ステンレス 微粉取り 1~4杯用 食洗機対応 燕三条 41287 プレゼント 誕生日 記念日 ギフト 贈り物 下村企販","14512","23","","658","¥ 5,280","¥ 5,280","1","B09LLHVTMR","B0HBQ1F82H","11","8.6","8.4","160"
"アイリスオーヤマ 3WAY 引き出し収納ボックス 引き出し3つタイプ SST3H-76 グレー","14516","67","","5","¥ 5,630","¥ 6,667","8","B0FB9BYKGZ","B0GXK91BJL","78.8","47.2","12.3","9550"
"アイリスプラザ(IRIS PLAZA) 重ねて使える日本製ウレタンマットレス +1枚で寝心地アップ 程よい硬さ 90N 折りたたんでコンパクト・省スペース 厚さ6.0cm 軽量2.1kgで女性もラクラク運べる 来客用に Mattress シングル ブラック","14517","85","","3406","¥ 6,283","¥ 6,283","5","B01N481YRM","B0H4SCNNRD","88","60","17","1850"
"PASRLD ハンガーラック 伸縮式 ワードローブ 洋服ラック メッシュ棚付き 高さ調節 幅183~245.5*奥行37*高さ181cm","14521","38","","203","¥ 11,980","","1","B0F6V9MGMV","B0GY8SW649","77","42","18","14600"
"イワタニ スモークレス焼肉グリル やきまるII CB-SLG-2 GKSB901","14525","45","100","2429","¥ 8,200","","14","B099KBQF4W","","31.6","28.8","16.2","2330"
"Phantoscope（ファントスコープ） 12x20 ヌードクッション - 100%コットン製カバー付き装飾用クッション詰め物 - 26インチ正方形フォームマイクロファイバークッションの詰め物-ソファクッション枕 1個（1パック）","14526","43","","6603","¥ 5,802","","2","B088WCNJGW","B08FGRQW7Q","32.1","17.2","8.3","522"
"[STEAD] 冷感アイスポンチョ 冷却タオル｜熱中症対策 スポーツ観戦 夏フェス 屋外イベント UVカット 超軽量 ポケッタブル (ミントグリーン/ホワイトロゴB)","14527","67","50","63","¥ 5,478","","1","B0GRV278WW","B0GSYY6C8V","24.5","20","2","190"
"ダルトン(Dulton) プラスチック トラッシュカン 45L レッド ゴミ箱のマスターピース ふた付き 大型 屋外 水抜き穴有り 高さ575mm 幅380mm 奥行430mm 100-146RD","19018","29","","260","¥ 6,609","¥ 6,609","8","B000O67GXO","B0CHRLHRSV","58","44","42","5200"
"HEIAN SHINDO キッチンつっぱりパネルラック キッチンツールラック マットホワイト 耐荷重10kg 取付高さ70～105cm 幅45.3cm SPL-11WH 平安伸銅工業","14374","51","","2","¥ 5,434","¥ 5,434","7","B0FLPQXGN6","B0GYNDG8Y9","65","21.5","9.5","3100"
"アンドエヌイー(&NE) 山中塗り くりぬき椀 朱摺 味噌汁椀 ハレとケ 赤 日本製 天然木製 漆塗り 軽量 高級 食洗機対応 NKR-384-RD","15369","24","","1","¥ 5,188","¥ 5,188","1","B0F8QJHT77","B0FDG52BLC","13","12.9","7.7","150"
"イケヒコ クッション 座布団 銘仙判 しじら ゆかり 日本製 綿100% 和柄 ブラック 約55×59cm 5枚組 #3590750","19800","34","","30","¥ 8,400","¥ 9,532","12","B092QNV7C1","B0DWXK6T9X","55","55","50","4200"
"【家庭用透明氷製氷器セット】モールドケース+ 氷柱型モールド（4 個取り) +丸氷モールド（2 個取り)【一台二役】","14540","16","50","25","¥ 10,980","","1","B0H413QZ3Q","","30","24","24","2600"
"東芝 直管蛍光灯 32W形 3波長形昼白色 Hf形 メロウライン [10本セット] FHF32EX-N-H-10SET","14543","44","100","18","¥ 9,700","","3","B06XFSTRB3","","124.5","12","10","2080"
"プリザーブドフラワー 花束 赤 7本薔薇 香りあり 花瓶付き 枯れない花 女性 プロポーズ 結婚 記念日 誕生日 人気 プレゼント","14544","45","50","112","¥ 5,880","","1","B0DZHYY1VB","B0H9YL2NPD","35.6","21.4","13.2","590"
"Sefoemut ハンガー収納整理ラック省スペーススリムステンレス製洗濯ラック北欧ファッション洗濯用品ハンガー収納フック式 (白です,四階です) [並行輸入品]","14546","29","","1","¥ 5,670","","3","B0G1M767TB","B0G1M5WLKM","101","32.5","9","2500"
"FiveLn ハンガーパイプ 壁付け ハンガーラック 大容量 おしゃれ 見せる収納 DIY 洋服ラック キッチン 浴室 ハンガーバー 頑丈 オープンクローゼット 耐荷重100㎏ (150CM,壁から28CM)","15548","5","","","¥ 5,899","","1","B0FGT5GHQ5","B0FGTDJBL5","80","5","5","1000"
"アマノ タイムレコーダー ホワイト BX2000J","17837","39","100","25","¥ 28,368","¥ 32,333","34","B0CHRDMR4D","B0D37PQBLF","29.2","25.6","18.7","2530"
"カインズ(CAINZ) IH・ガス火対応 取っ手が外せる ストーンマーブル フライパン 5点セット 鍋18cm フライパン22cm 26cm","18115","37","","16","¥ 5,980","","3","B0CG4H1NM5","B0CMWRGQSS","31.1","30.2","13.2","2690"
"Kocokara 豆乳メーカー スープメーカー 【60品レシピ本セット】 甘酒メーカー 12枚刃 9つのモード SOYSTA 850mL 大容量","14573","15","50","21","¥ 8,532","","1","B0H6J3MDKT","","31.7","18.4","18.4","1760"
"寝室用プロジェクション目覚まし時計、天井に映し出すデジタル時計、ナイトライト、日付、温度、湿度、Type-C USB充電器、スヌーズ、デュアルアラーム、調光器、12/24H","14576","40","","1360","¥ 9,704","","2","B0CCS4C5G1","B0F9Y7DJFK","21.2","9.5","6.4","331"
"VERILADY 折りたたみスツール ペーパーチェア 折りたたみ椅子 耐荷重300kg 撥水加工 軽量 コンパクト 省スペース収納 持ち運び便利 多機能スツール クッション付き 北欧風 おしゃれ 家庭用/オフィス/展示会/イベント用（レッド）","15156","21","","32","¥ 6,480","","1","B0GMWYL7N8","B0GMWZ83SW","45","32","5","2500"
"[グランプ] 超少煙グリル 減煙 焼肉グリル 「自慢したくなるほど煙が出にくい」GLAMP. まるで七輪 スモークレス 温度自動調整 (約230℃±15℃) 遠赤外線 カーボンヒーター 焦げ付き防止 焼肉プレート 油受け皿付き 焼肉屋クオリティ 焼き魚 BBQ バーベキュー簡単お手入れ 1200W SG-01 (ブラック)","14578","89","100","117","¥ 14,850","","1","B0DSPMFQ7K","B0DSPNTBPC","46","31.9","17.3","3370"
"Airdog 空気清浄機交換フィルター Airdog 空気清浄機X5用ワイヤーフレーム 有害な粒子を99.9%破壊する電界を作る 1パック","14582","59","200","61","¥ 7,800","","5","B0BRCPW2P3","","32.5","31.5","6.4","430"
"Home Rack ARASO スチールラック ホワイト 3段 高さ90cm 幅60×奥行40cm ラミネートスチールラック DIY 高さ・幅・奥行調整可能 サイズ選択 メタルラック スチール棚 収納棚 クローゼット棚 ガラージ 倉庫棚 オフィス 業務用 重量物対応 アラソ","12361","40","","26","¥ 10,790","","1","B0FDPW2R29","B0FC6C4DCK","98.9","42.2","5.3","14900"
"下村工業 日本製 ネオ ヴェルダン 三徳 165mm / ペティ ナイフ 125mm / 包丁セット 2本 モリブデン バナジウム 鋼 食洗機 NVD-50 新潟 燕三条製","14181","43","","570","¥ 5,797","¥ 5,797","1","B07CPNGHKV","B0DDCGTR31","33.6","15.2","3","380"
"Blockhütte ブロックヒュッテ 弁当箱 1400ml ステンレス 大容量 1段 アウトドア キャンプ 漏れない 【オーブン・焚き火OK】 弁当箱 ピクニック おしゃれ ドカ弁 巾着袋・予備パッキン付","14593","41","","4537","¥ 5,280","","51","B07SR49JCG","B0GPQRBRWT","24.7","18.2","7","640"
"アスベル ゴミ箱 分別 ワイド 3段 縦型 おしゃれ キッチン ふた付き 3分別 大容量 ワゴン キャスター ダストボックス リビング ごみ箱 タオルラック 隙間収納 新生活 資源 ゴミ 白 ホワイト 分別 ワゴン 3段 ワイド 43L EC A6600 ASVEL","14597","116","50","165","¥ 5,594","¥ 5,594","9","B0BVQDC66T","B0DX6WDBJ2","96","33","29","5690"
"アイリスオーヤマ スチームオーブンレンジ 26L フラットテーブル 時短調理 スピードあたため 自動メニュー35種類 ブラック MO-FS2601","14601","42","100","37","¥ 21,800","","5","B09M8JXJP5","B0F132DZGC","57","53","44","20800"
"ガスコンロ2口コンロ マルチバーナーストーブ 卓上埋め込み式 ダブルアルミニウム 業務用キッチン 家庭用 都市ガス対応 お手入れ簡単 ヨーロピアンデザイン 高火力 省エネ","14665","0","","","¥ 6,599","","1","B0G4B3Z242","","75.5","43.5","13.5","8000"
"グリーンライフ(GREEN LIFE) 純水器 Purenish(ピュアニッシュ) 専用イオン交換樹脂カートリッジ 2個セット JUC-02","14612","42","50","89","¥ 9,809","¥ 9,809","9","B0BFHPR63Z","B0D1Y1S9QH","31.4","20","17.4","3990"
"【純正品】 ブルーエア 空気清浄機 フィルター Blue Max 3350i パーティクルプラス カーボン 42畳 交換用 110411","14613","87","100","70","¥ 7,150","¥ 7,150","1","B08KPJ6PM9","B0HGPVK3KN","45.1","29.3","9.2","740"
"Aladdin (アラジン) グラファイト トースター 2枚焼き トースト パン 温度調節機能 タイマー機能付き [遠赤グラファイト 搭載] グリーン AET-GS13C(G)","14614","114","200","668","¥ 14,300","","2","B0BFGVR839","","39","32.4","28.7","4210"
"FORTSEA 洗えるラグマット 2畳 190×190cm 正方形 防音 滑り止め ペルシャ風 カーペット 花柄 短毛 リビング ダイニング 寝室用 軽量 薄手","14617","52","","120","¥ 6,395","","1","B0FD9TH7GY","B0FD9TNP87","40.7","36.6","17.8","4390"
"パナソニック 丸形蛍光灯(FCL) 32&40W形 2本入 G10q クール色 パルックプレミア FCL3240ECWH2KF","14617","40","","1401","¥ 5,860","","2","B006TS3P0Y","B07XQ6PF21","41","40","5","600"
"huaCCG コレクションケース アクリル 大型 フィギュア 棚 フィギュアケース ledライト付き ケース おしゃれ ブラック 透明 12MM木製天板 底板 自由に組み合わせ可能 工具不要組立 フィギュア 人形 車 バイク 模型 汚れ防止 家の装飾 (長幅40x35cm,高15cm)","113755","2","","2","¥ 6,999","","1","B0FYJ6X5H3","B0FYJ7QQKY","30","30","30","2000"
"弘益 TITTO-FH ハイチェア (フォールディング ハイスツール おしゃれ カウンター チェア 折りたたみ おりたたみ 台所 パイプ いす クッション 座面高 64cm ハイタイプ 折り畳み 椅子 軽量 料理 調理 キッチン 洗面所 収納 天然木 (ナチュラル)","14620","36","50","39","¥ 9,490","","1","B0DQC9D8BB","B0DQCBQQLH","75","48.5","14","4620"
"山崎実業(Yamazaki) 【穴が目立ちにくい石こうボードピンセット・木ネジ 付属】 ウォール 隠せるトイレ壁収納 石こうボード壁対応 ホワイト W60×D15.7×H14.6cm タワー tower ウォールシェルフ 壁掛け収納 扉付き 10068","14625","45","50","40","¥ 5,830","¥ 5,833","12","B0FH23GQ18","B0FH2QSJXW","63","18","17","3120"
"ナガオ TOWA ディナーカトラリーセット 6本 18-8ステンレス 袋入れのみ 日本製","14339","31","","12","¥ 9,240","¥ 9,240","1","B09FL5LRD4","B0CXDSHZYQ","21.6","6","2","260"
"ZAFRO スポットクーラー 家庭用 2.0kW 猛暑対応 冷房 25L/日除湿 工事不要 6-8畳 リモコン付き ポータブルクーラー","14642","71","50","248","¥ 16,149","","1","B0GQM8BKSW","B0HFRNWPYH","69","30","26","24100"
"安田刃物 関虎徹 V金10号 菜切包丁 日本製 鍔付 165mm YG302","19849","34","","21","¥ 8,687","¥ 8,687","1","B09G5YP4LM","B0BN5L1XQY","33.7","7.4","2.4","530"
"しのびや 模造刀 紫雲 小刀 (刀・鞘・刀拭クロス・模造刀証明書セット)","19212","7","","40","¥ 18,400","","1","B0991W59VX","B0991W1NSR","73.7","9.8","8.1","1040"
"シーリングライト 木目調 LED 間接照明 リモコン付き 12段階調光調色 常夜灯 タイマー 省エネ 高輝度 天井照明 北欧風 リビング 寝室 和室 洋室 子供部屋 インテリア照明【ユニバーサルstore】 (ナチュラル, Φ37xH19cm 36W)","20513","25","","169","¥ 5,980","","1","B0GSTR2QNM","B0DNSRWWBT","38","38","15","1800"
"アイリスオーヤマ クッキングケトル 一人暮らし 一人鍋 ラーメン 丸洗い可 湯切り機能付 温度調節 40℃~100℃ 1L ICK-M1200-B ブラック 節電対策","14664","45","50","390","¥ 6,509","¥ 6,509","17","B09JNKWM88","B0BKSF3Y4F","30.8","24.6","23.4","2340"
"Ninja ニンジャ ミキサー Twisti SS151J 圧倒的パワー 強靭な8枚刃 5つの自動プログラム搭載 氷も砕ける スムージー ジューサー ブレンダー 電動 フードプロセッサー 大容量","14672","83","200","149","¥ 18,900","¥ 19,819","4","B0DFC7S7W8","B0FT8C8FTR","30","28.8","21","3700"
"なーむくまちゃん工房 さくら柄 経机掛け 高級京型金襴敷物 防炎加工 サイズ42cm×66cm (25号, 003．白茶)","14676","36","","554","¥ 6,280","","2","B071XP4PY7","B06ZYBT8MJ","68","43","1","160"
"アイリスオーヤマ 加湿器 スチーム式(加熱式) 加湿量 120ml タンク容量 1.3L ~3畳 11時間連続加湿 アロマ対応 小型 卓上 デスク用 SHM-120R1-A ブルー [並行輸入品]","14678","37","","4552","¥ 5,599","","1","B07WS4YV5P","B0DKY11HQL","25.9","23.4","15.5","1040"
"アイリスオーヤマ 今治タオル 認定 バスタオル ホワイト 4枚セット 綿100% ガーゼ +パイルタオル 通気性・肌触りがいいガーゼ面と、素早く水分を吸収するパイル面のリバーシブル 日本製 国産タオル ホテルタオル bath towel imabari towel BT-G4","25229","34","","28","¥ 7,155","¥ 7,155","5","B0BV6LYLLK","B0C8XQ5Q8Q","31","31","8","940"
"JKOOK ゲーミングチェア オットマン付き 多機能 連動ひじ掛け ゲーム用 デスクチェア 男女兼用 学習椅子 PUレザー JK08 (黄色)","14684","37","","348","¥ 13,482","","1","B0CJ2KVLHD","B0CV3HFV5H","75","59","25.5","18050"
"Lopres木製 玄関踏み台 ステップ台 天然パイン材 低床踏み台 介護用 高齢者向け 子供用 脚立 補助ステップ 室内外兼用 滑り止め 安定設計 ((70*30*15cm) [並行輸入品]","19591","2","","","¥ 6,566","","1","B0GS1MQ8LF","B0GS1MJTHB","80","30","15","5000"
"PureKone ゴミ箱上ラック 幅80×奥行40×高さ100cm キッチンラック 5段可動棚 キッチン棚 ブラウン","14692","51","50","81","¥ 6,280","","1","B0FZ8P786C","B0FZ8S3R5K","88","45","14","10300"
"敷きパッド シーツ 麻100% リネン 洗える 吸湿速乾 さらさら 蒸れない ひんやり 接触冷感 オールシーズン 夏(シングル,ラテベージ2枚セット)","18729","11","","48","¥ 15,460","","1","B0GR8S3YPP","B0H5B5PTKX","40","33","5","830"
"TOTO シャワーヘッド コンフォートウエーブシャワー 3モード THYC69CA","14708","44","100","95","¥ 9,755","¥ 9,755","5","B09MVJ7WTS","","32.1","18.1","8.9","460"
"【生花店監修】フェイクグリーン パキラ 人工観葉植物 フェイク 大型 造花 100cm 黒鉢タイプ リアル おしゃれ 室内 インテリア オフィス 玄関","16609","26","","9","¥ 6,380","","1","B0DVBZPV9M","B0DVH9XNHW","80","18","18","6300"
"EKO ゴミ箱 自動開閉 エックスウイング ライト センサービン グレー 30L ふた付き インナーボックス無し EK6277P-30L-GR","19053","36","","133","¥ 9,500","¥ 8,664","12","B0C2HLWSP7","B0FY4ZZLXC","64.8","38.5","25.1","3320"
"VASAGLE カウンターテーブル パソコンデスク幅140CM 天然木 お洒落 シンプル ハイテーブル パソコンデスク おしゃれ LBT140B01","14719","41","","40","¥ 11,040","","2","B0CL72N8QN","B0DRFQ5X4J","149.2","48.9","10.8","14946"
"Baibu Home マットレス 折りたたみ 低反発+高反発 クッション 60×180cm お昼寝マット ごろ寝 マット 三つ折り 厚め7cm","19906","38","50","29","¥ 8,880","","1","B0GWJ1SLRP","B0GWHXLC88","60","26","26","3770"
"アイリスオーヤマ ステンレスもの干しブロー台セット SMS-169R","14721","37","100","1955","¥ 5,535","¥ 5,535","5","B00KV2E1XO","B0C7QQJBWL","85.2","42.5","19.8","6480"
"［協和工業］ストーンバリア包丁ライトタイプ 【日本製】岐阜県関市【食洗器対応】 (牛刀180mm) ストーンバリアコーティング 食材がくっつきにくい 軽い切れ味 お手入れ簡単 キッチン用品 SBGT180R","14724","42","100","204","¥ 9,900","","3","B0C58MCH3Z","B0GPD8TRP8","34.3","7.8","2.6","180"
"座椅子生活® (ざいすせいかつ) セレクトチェア -Select chair- (Mタイプ, ベージュ)","23033","30","","17","¥ 12,862","","1","B0C6MZXF4T","B0C6MYT2PC","69","55","28","5000"
"下村工業 日本製 [ 龍治 ステンカラー ] 牛刀 300mm ブラック モリブデン・バナジウム鋼 食洗器対応 HACCP対応 RYS-17B 新潟 燕三条製","21717","34","","41","¥ 7,202","¥ 7,456","10","B0742JD4WW","B091BHG7CD","48.6","9.4","3","420"
"アイリスプラザ ベッド ベッドフレーム 棚付き 2口コンセント ブックシェルフ付 3段階 高さ調整 すのこベッド セミダブル ブラウン TKSB-SD","14742","42","","6844","¥ 17,880","","4","B0831KMH5K","B0F326ZPXH","122.5","38.5","21.5","34000"
"Lazyzizi 高反応タイプマットレスダブル 硬さ180N布団 5CM厚さ 折り畳み 車中泊マット グレー","14743","22","","72","¥ 7,999","","1","B0DJ54FS8M","B0DJ54TCHH","54","33","33","4000"
"NELPANDA 【CLASSY.掲載・シリーズ累計18万枚】 バスタオル フェイスタオル 高級 厚手 【霧シリーズ エジプト綿100% 450GSM】 ふわふわ 日常を贅沢に 美肌 美髪 甘撚り 耐久性 抗菌防臭 綿100％ 毛羽落ち少ない ホテル仕様 ギフト 選べる7色（ピンク, 5点お得セット（バス2・フェイス3））","13759","14","","227","¥ 5,567","","1","B0G9DT8JRG","B0H7PQBFYL","34","32","16","918"
"パナソニック シェーバー ラムダッシュ 3枚刃 電動 髭剃り メンズ 充電スタンド 密着スイングヘッド ES-L340D-R 赤","14747","39","50","319","¥ 16,226","","3","B0DBL79Q6D","B0DBL4FTZ5","20.5","14.7","7.1","490"
"ADESSO(アデッソ)【日本経済新聞掲載】光 目覚まし時計 Shizen Flow シゼンフロー サンライズアラーム 日本メーカー 快眠 睡眠改善 気持ちいい目覚め 5500K自然光 朝日再現 アラーム音5種＋癒し27種 ホワイトノイズ リカバリー 睡眠回復 UVフリー SZF-01","14749","39","50","36","¥ 9,980","","2","B0FSJRZSPW","","20.5","17.4","10.1","700"
"東プレ(Topre Corporation) エッジ防カビ加工 軽量組合せ式風呂ふた A-かるふた(2枚割) L12 ライトグレー(リバーシブル) 73×118cm","14752","39","","40","¥ 11,262","¥ 11,262","1","B0C8Y7G72Y","B0CQC8VYVD","73","59","4","1980"
"Ornatego 煙突レインキャップ ステンレス鋼製 煙突ピークキャップ 屋根用 煙突パイプ対応 雨水侵入防止 鳥よけ たるみ防止 風対策 暖炉・薪ストーブ・加熱炉用 煙突アタッチメント 実用タイプ (ステンレスオリジナルカラー,125mm/304ステンレス鋼)","15086","0","","","¥ 13,000","","1","B0G7DKNX4S","B0G7DG42NX","20","20","20","500"
"JvFun ソファーベッド ソファー 2人掛け フロアソファー 幅180cm ダークグレー","14760","53","","34","¥ 27,197","","1","B0FLD237SQ","B0H4FHTVC9","97","44","44",""
"SEPZS2103PC パナソニック Panasonic【SEPZS2103PC】交換用カートリッジ(3本入り) パーツショップ ポリカーボネート","14764","43","100","575","¥ 5,770","","6","B00W3CAOY0","","15","11.5","3.9","150"
"アイリスオーヤマ スチームカーボントースター オーブン 4枚焼き 表面サクサク ふんわり柔らかスチーム機能 スチーム 無段階温度調整 切り替え タイマー 遠赤外線 カーボンヒーター 広々でピザも焼ける グラタン SOT-401-C ミルクベージュ","14764","40","","401","¥ 8,980","¥ 10,000","12","B0BT19S7FF","B0DVLM17FD","39.9","35.6","29.2","5040"
"King's Arm アクリル製ワインクーラー ボトルスタンド 取っ手付き シンプルデザイン (12L)","14768","26","","23","¥ 5,880","","1","B0DTG8ZXLY","B0CM3LKBD5","42.2","30.6","26.1","720"
"UTIMIU 冷蔵庫ラック ゴミ箱上ラック 幅60×奥行40×高さ180cm 【3枚棚板高さ調節可】 小型冷蔵庫対応 キッチンラック 耐荷重45kg 家電/器具/キッチン用品収納 レンジ台 フック16個付き 組立品 (ホワイト)","14774","35","","141","¥ 8,057","","1","B0FLXZYMZ3","B0D4M9ZDN1","97","45.5","15.5","13580"
"Beddiny カーペット ラグ マット 1.5畳 極厚 2cm ふわふわ肌触 低反発 厚手 洗える オールシーズン 滑り止め 地毯 じゅうたん 絨毯 防音 フローリング クッションマット 133*190cm ベージュ ホットカーペット対応","14775","59","50","250","¥ 5,050","","1","B0CT8RKJ1Z","B0HB6YHZ7B","37.3","30.7","8.6","2440"
"ベルーナ カーテン 遮光 4枚組 遮光率99.9% 1級遮光 ダークグレー 厚地2枚&レース2枚 幅100cm×丈230cm (285263-408)","21519","13","","388","¥ 7,990","","1","B0CTT821Z6","B0B6MVKJBX","41.1","28.3","13.6","2700"
"カフ圧計 カフチェッカー 00177A00","14781","23","","4","¥ 29,800","","6","B01HPVB0ZA","","23.5","18.4","7.7","560"
"monozu 遮光カーテン 4枚セット 99.99％遮光遮光 200cm丈 4枚組 形状記憶加工 1級遮光 厚手 タッセル付き 断熱 保温 防寒 防音 おしゃれ 洗える (カーテン2枚 レース2枚,グレー,幅100cm×丈200cm)","15619","9","","105","¥ 4,752","","1","B0CVKXPZFB","B0D4FP31RG","26","22","20","2300"
"【令和8年新登場】ハンドケア リラクゼーション器 18層エアバッグ 独自開発4D複合揉みコース 加圧&指ストレッチ&温熱 2500mAh大容量","14786","71","200","68","¥ 11,398","","3","B0GBSLG2Z2","","25.9","25.2","15.4","1240"
"KKC 密閉パスタ 容器ガラス パスタ 保存容器パスタ キャニスターガラス密閉保存瓶 類 穀物 小麦粉 米 食品貯蔵容器 プロテイン 2L 2個セット","13182","21","","347","¥ 5,799","","1","B07RHY6WL7","B0D7BLQ7S7","37.3","28.5","15.7","2060"
"【2個セット】E26 エジソンバルブ LED電球 ノスタルジア (GLOBEゴールド) 2個セット 20W相当 電球色 裸電球 エジソン電球","12176","16","","208","¥ 5,060","","1","B0872XY8LM","B0GJCT4PN2","21.3","16.6","11.1","300"
"集音器 高齢者 しゅうおんき【2026進化版 4段階音量調整 35倍音量増幅UP 自動ノイズ低減】音声拡聴器 自動ON/OFF機能 最大20-30時間連続使用 300mahの充電ケース付き Type-C充電式 電池交換不要 残量表示 耳穴型 目立たない 片耳/両耳対応 人間工学 3.2g軽量設計 敬老の日 母の日 父の日 プレゼント 掃除ブラシ＆3サイズのイヤーピース＆日本語取扱説明書付き","14789","16","50","7","¥ 8,454","","2","B0H6ZP7BJN","B0HGG5QBW6","9.8","9.6","4.4","60"
"【深型せいろセット 内側深さ約6cm たっぷり入る大容量設計】Closima せいろ蒸し器 鍋付き 18cm 2段 竹職人手作り 蒸し板 18～26cm蒸籠対応 大きい ステンレス蒸し器 レシピ・専用シート100枚・洗いブラシ付 軽量・時短 蒸し料理 日本語取扱説明書付き 業務用 家庭用","25183","6","","","¥ 5,080","","1","B0H58TQK24","B0G6G7ZPLF","32.5","32.5","26","2300"
"象印マホービン ふとん乾燥機 スマートドライ コンパクトモデル マット&ホース不要 角度調節 ホワイト RF-UA10AM-WA","14798","35","","56","¥ 14,800","¥ 14,800","2","B0CD3MDBZF","B0DXPVYJ37","38","26.5","25","3900"
"DYKL AI×8電極 体重計 体組成計 スマホ連動 データ自動転送【体脂肪率/BMI/心拍数/筋肉量/基礎代謝量/水分量/体脂肪量/骨量/内臓脂肪/タンパク質/骨格筋量/皮下脂肪/3Dモデル】など56項目測定可能 カラダスキャン 自動ON/OFF ルスメーター Bluetooth ヘルスメーター 高精度 強化ガラス iOS/Android対応 日本語対応APP＆日本語説明書付き","14806","40","100","53","¥ 7,999","","3","B0H2D8Z8W4","B0HG4SZKP3","36.9","35.2","5.5","2020"
"SUKITEN シーリングファンライト 8-10畳 Φ81cm 【2026年最新進化・大型・大風量・正逆回転】 E26 LED 5000lm 44W","14808","106","50","79","¥ 11,980","","1","B0GSPVJPVL","B0HGWSS7SF","28.1","27.9","19.5","1940"
"SUKITEN シーリングファンライト 8-10畳 Φ81cm 【2026年最新進化・大型・大風量・正逆回転】 E26 LED 5000lm 44W","14808","24","50","166","¥ 11,980","","1","B0GSPZDG7K","","27.5","27.5","19.5","2000"
"【オンライン限定】 ミエ産業 コンパクト 折りたたみ式風呂ふた 製品サイズ 80×162cm モカ W16_MO Ag+銀イオン抗菌加工 防カビ加工 防汚加工","13018","12","","118","¥ 5,257","¥ 5,257","1","B0FGMYJYTB","B0FH2YQMGS","80","19.8","9.8","3210"
"SUKITEN シーリングファンライト 8-10畳 Φ81cm 【2026年最新進化・大型・大風量・正逆回転】 E26 LED 5000lm 44W","14810","101","100","22","¥ 11,980","","1","B0G8ZMK5C8","","29","29","20","2000"
"KAWAJUN (カワジュン) 傘立て 折りたたみ式 業務用 ［18本］樹脂製 （ グレー/軽量/日本製/高耐久 ） カサスタンド18 LCA001","14830","40","50","77","¥ 6,530","","3","B07NRF27W5","","87","67.5","32","2400"
"岩崎 スーパーカン 丸型45 2個セット","14832","46","","1097","¥ 6,116","¥ 6,116","2","B0CPSNC531","B0F744RL6Q","68","54","43","3410"
"TOMOYASU カーテンレール ダブル 伸縮 サイズ 1.6-3.0m ■ライトオーク H-N-0 角型 日本製 木目調 WOODY","13282","22","","377","¥ 6,853","","1","B014U8GHMM","B0DL29DXZQ","160","10.5","4","1500"
"RIMOWA リモワ 互換キャスター 4輪 修理用 専用工具付きスーツケース 車輪 交換パーツ (type03(50㎜))","14836","35","50","8","¥ 11,000","","1","B0GXQSZYFW","B0GY9DMT4X","13.3","10.4","6.4","320"
"【2026最新進化】除湿機 小型 除湿器【新ダブルペルチェ式で除湿量UP!】じょしつき 強力 静音 2.5Lタンク 1L/日除湿量 衣類乾燥・空気清浄機 マイナスイオン機能 集塵フィルター付き 湿気取り/梅雨対策 結露/カビ防止 任せモード 満水自動OFF 切タイマー機能 小型 除湿機 コンパクト 7色ライト 静音 省エネ 人気 脱衣所 トイレなどに適用 日本語取扱説明書付 PSE認証済 ブラック","14838","57","100","119","¥ 6,999","","1","B0GJ4VM7WM","B0HC6K44CN","37.6","23.9","18","2260"
"CHICHIC玄関マット 屋外 泥落とし 滑り止め 吸水 店舗用玄関マット 業務用 約90×180㎝ グレー03","14764","29","","749","¥ 5,280","","1","B0C3LMHKR6","B0G6D1DK3K","92","18","13","4020"
"ソファーカバー 1-3人掛け 肘付き 北欧風 フリル マルチカバー 肘あり ストレッチ素材 伸縮性良く おしゃれ 汚れ防止 キズ防止 柔らかい ふわふわ ソファー保護 猫犬 洗える 厚手 優しい肌触り感 四季適用","17075","11","","91","¥ 5,780","","1","B09JNQFFYG","B08F1YJCNT","43.3","35.6","20.7","1400"
"8年タオル バスタオル 60×130cm ブルーシェル 15枚セット【宅配便】","17214","9","","95","¥ 14,580","","1","B0CNWWQGCT","B0HGNY7K8H","33","22","3","4170"
"ジップトップ Zip Top シリコーンバッグ 保存袋 【日本正規品】 ディッシュ 3点 セット ブルー フリーザーバッグ 繰り返し使える 食品用ラップの代替えにも","14895","40","","1826","¥ 7,800","¥ 7,800","2","B07TRP35T1","B0CPHRQTM3","23.5","15.4","11.2","590"
"Lolalet 8段 ジュエリーボックス 収納ケース ガラス窓付き -ブルー","19135","24","","515","¥ 5,499","","1","B0FKB1K6Y5","B0FWJF85MX","35.1","28.9","18.9","3701"
"田島硝子日本製手つくり富士山ロックグラス 桜切子桜風呂敷包み お中元 (無地＆桜切子ペア) バレンタイン結婚祝い プレゼント ビール日本酒ウイスキー母の日父の日敬老の日退職祝いTG15-015-R TG16-015-RS","15108","44","","13","¥ 11,000","","1","B07PFXTW91","B07PH1GH75","21.8","18.9","10.8","920"
"MICHELANGELO(ミケランジェロ) 8インチ ノンスティックフライパン 蓋付き ノンスティックフライパン 非毒性コーティング 小さなスキレット 蓋付き グラナイトパン すべての調理台用","14848","42","","2297","¥ 10,068","","4","B088KMN9FM","B08KLZNVLM","37","23","10.5","1220"
"Inofia マットレス シングル 天然ラテックス ポケットコイル 極厚24cm 硬め 高反発 ベッド 高密度ウレタン 贅沢ニット生地 体圧分散 通気性 高耐久性 圧縮梱包 寝返りサポート 底付き感無し","15646","39","","122","¥ 22,482","¥ 22,482","1","B0G4BPJPDV","B0GYDKKM3X","105","28","28","23100"
"VALIBO ベッドフレーム セミダブル 宮付き すのこベッド ベッド下収納 パイプベッド 耐荷重300kg 頑丈 スチール 耐久性 通気性 組立簡単 ブラック ホワイト","14863","41","50","98","¥ 7,999","","1","B0G241WJWK","B0G23XYPKT","128.3","25.5","13.4","16790"
"大和屋 (yamatoya) キッズ ブックワゴン Buono 3 ナチュラル 約 75cm x 40cm x 50cm ブォーノ 3 ヴォーノ 北欧 木製 絵本棚 絵本ラック おもちゃ 収納 本棚 ラック 2段 キャスター付き 子供 子ども","18259","39","","1","¥ 12,320","","1","B0BTKJ9479","B0BTLKRLZ4","77","41.5","12","11900"
"nishikawa【西川】 今治 タオルギフト バスタオル 1枚 フェイスタオル 2枚 わたいろ 綿100% ふわふわ 日本製 ギフトパッケージ入り ピンク TBF5999011P","11835","40","","11","¥ 5,148","¥ 5,718","9","B014CAXZ0K","B0894NYLZC","40.9","30.5","6.7","690"
"テラモト(TERAMOTO) 抗菌安全スノコ(完成品) 茶 400×1800mm","16616","25","","19","¥ 11,253","¥ 11,253","11","B079Y36QSF","B07BK7623Z","181","41","6","7200"
"LEVOIT コアミニ空気清浄機用 2パック H13グレード真のHEPAフィルター交換用 3-in-1 フィルター (部品番号 Core Mini-RF 比較)","19201","22","","558","¥ 6,284","","1","B09W2QCKV2","B0CSRS75JS","26.1","15.8","15.7","399"
"[Rshtong] ローテーブル センターテーブル 一人暮らし 木製 机 幅100cm×奥行50cm おしゃれ リビングテーブル コーヒーテーブル コンパクトデスク 省スペース 組立簡単 (白い, 100*50cm)","14880","7","","122","¥ 5,311","","1","B0HBXJ7FLX","B0D81DTGSQ","105","54","6","6880"
"ダイニングチェア チェアー 天然木 北欧 2脚セット チェア軽量化と取っ手付きに改良 (ブラウン)","14884","39","50","103","¥ 11,980","","2","B0DPZGMVBL","B0DPZJ932K","92","57","43","12000"
"Deconovo レースカーテン 縞模様 外から見えにくい 柔い 断熱 北欧 透けない UVカット カーテン 2枚組 幅200cm×丈230cm グレー","19161","42","","122","¥ 5,580","","1","B0FG81YH87","B0FX2TWPVT","29.8","22.1","11.1","1490"
"Bolinker チェアマット 140×160cm デスクチェア ゲーミングチェア対応 防音マット 床保護 TPR素材 5mm厚 洗える","19797","28","","165","¥ 5,980","","1","B0F4N71QPR","B0F8426HYY","45","38.1","10.9","1400"
"折りたたみテーブル 折りたたみ デスク 120x60x74cm ダイニングテーブル パソコンデスク 完成品 作業台 食卓 リビングテーブル（ダークブラウン）","14303","12","","32","¥ 5,980","","1","B0H8SMX26W","B0HGLPB1SK","73","63","8",""
"FaitLux 雨滴の形 ビーズクッション 大きい ソファー びーずくっしょん 人をダメにするソファー","24662","20","","518","¥ 11,115","","1","B0CM6VMD4F","B0FKGVF4CH","60","50","45","3000"
"パナソニック 二重環形蛍光灯(FHD) 70形 ナチュラル色 昼白色 ツインパルックプレミア FHD70ENWL","14910","47","","485","¥ 5,800","","2","B01H1B9ZU6","B07FKD6TQV","32.5","32.2","3.4","470"
"集音器 【2026年革新型 空気伝導 クリップ】しゅうおんき 高齢者集音器 5段階音量調節 耳をふさがない ノイズ低減 ハウリング防止 軽量 両耳対応 音声拡聴器 17-20時間連続使用 簡単操作 紛失対策 日本語説明書付","14914","56","100","53","¥ 12,868","","1","B0G8JG4ZNK","","12","9.2","4.4","140"
"【通販限定2個セット】天馬 収納ボックス フィッツケース 押入れ 幅44×奥行74×高さ18cm 収納ケース たわみにくい 衣装ケース 日本製 【色 カプチーノ】 【サイズ スリムL】","14915","41","","446","¥ 8,597","¥ 8,597","1","B0D4Y5KF43","B0D89MMS7L","77.3","45.5","36.4","6320"
"ガスコンロ2口コンロ マルチバーナーストーブ 卓上埋め込み式 ダブルアルミニウム 業務用キッチン 家庭用 都市ガス対応 お手入れ簡単 ヨーロピアンデザイン 高火力 省エネ (110V,白です)","14973","0","","","¥ 5,999","","1","B0GL9687R5","B0GL9QXZNY","1","1","1","1000"
"LUGUFON 切子 グラス ロックグラス 菊つなぎ 文様 食洗器対応 職人手作り 桐箱入り 日本酒 冷酒 ビール ウイスキー グラス 焼酎グラス おしゃれ お酒 お祝い 還暦祝い 結婚祝い 母の日 父の日 プレゼント ギフト人気 260cc(2個) (赤+青)","12489","39","50","37","¥ 6,700","","1","B0DDSRF1CL","B0DDT6D8GN","23","13.1","12.2","850"
"【膝下からトータルケア】ドクターエア 3D フットマッサージャー スツール ふくらはぎ 足首 足の甲 足裏全体 3つの自動モード 指圧 もみ玉 エアバッグ ストーングレー MF-05 BR","14932","48","","138","¥ 47,850","","2","B0F2918Q3J","B0F292J151","50","49","40","11800"
"DCGLA 隠せる調味料ラック 調味料ラック スリム 調味料 収納 大容量 引き出し式 コンロ横 キッチンラック キッチン収納 完成品","14938","67","100","29","¥ 5,984","","1","B0GGQVYS7T","B0GJ59J9VJ","48.8","39.5","18.2","4250"
"【公式】クレバースライサーX2 上位モデル レジェンド松下 超時短スライサー ジューサー 野菜スライサー 回すだけ 包丁いらず 時短調理 下ごしらえ 作り置き スライス 千切り 細千切り（すりおろし） 電源不要 人参にんじんしりしり キャロットラペ ギフト プレゼント","12332","43","100","53","¥ 8,980","","1","B0DXQ2G9JS","","23.2","21.4","17.3","1360"
"不二貿易 ディスプレイラック 本棚 幅80×奥行46.5×高さ85cm ホワイト 4マス フラップ扉 サイドボード マガジンラック 86034","14946","40","","1405","¥ 10,343","¥ 10,343","2","B017CU17ZC","B017GR0VF8","89.6","43.7","18.3","21620"
"アイリスオーヤマ 腰痛対策の高反発マットレス 厚さ8cm 高密度ウレタン35D 硬め149N 復元率99% メッシュ側生地 ムレにくい凹凸プロファイル加工 洗えるリバーシブルカバー付き らくらく設置 圧縮梱包でお届け ダブル ブラウン/ベージュ MAKK8-D","14949","44","","570","¥ 9,256","¥ 9,256","6","B08KGDXL6H","B0BNH75VHD","70","36","36","8350"
"IZEUK スチールラック メタルラック【幅90×奥行35×高さ170cm・5段・ブラック】【棚板の高さを自由に調節可能・総耐荷重約500kg・ポール径19.1mm・アジャスター付き 】防錆加工 頑丈 収納棚 シェルフ 玄関 ランドリー 浴室 キッチン 業務用","14952","23","","32","¥ 8,799","","1","B0F1MZYYV8","B0HFT6MCF5","90","38","19.5","9900"
"BRJX 洗濯機ラックは、複数のサイズがあり、耐久性、耐腐食性、防錆性に 厚手の素材で作られており、耐荷重性が強く、取り付けが簡単で、バルコニーやバスルームでの使用に適しており、多機能です。 (ブラック,3層式ドラム式洗濯機（タオル掛け付き） 用) [並行輸入品]","14991","0","","","¥ 15,299","","1","B0GLNBHRQC","","104","61","8.5","9780"
"【モンテデスク公式】キッズデスク 多機能 保育士監修 1~5歳対象 (ベージュ) キッズチェア キッズ収納 子供用テーブル コンパクト モンテッソーリ","14956","42","50","18","¥ 10,300","","1","B0GSLM8SRQ","B0H8ZGBYHR","67","66","48","4500"
"日立 炊飯器 5.5合 圧力&スチームIH 蒸気カット RZ-V100GM K フロストブラック 八代目儀兵衛 監修 日本製 大火力 沸騰鉄釜 ふっくら御膳","14961","133","100","545","¥ 34,800","¥ 34,800","1","B0C7QGK4TD","B0H25NW1NY","39","30","29","6540"
"テイジン 帝人フロンティア 寝具用除湿シート ネイビー ダブル (130×180cm) 快眠ドライPlus プレミアム 高吸湿 日本製 ベルオアシス 88220307","14961","65","","100","¥ 9,900","","3","B07S1VZNHW","B082FLX6SG","60","44","8","1720"
"タニタ 体組成計 RD-803L【”はかる”で暮らしと向き合う】世界初！筋肉の質が分かる◆医療分野技術の高精度測定◆自分の体を内側から知る◆データは簡単スマホ連携◆インナースキャンデュアル 部位別 日本製 TANITA","14971","43","100","168","¥ 44,800","","1","B08V52MHJB","","37.3","35.6","7.7","3260"
"山崎実業(Yamazaki) 引き出す 分別 ゴミ袋ホルダー スリム 45L 【3個セット】 タワー tower フタ付き ゴミ箱 引き出しタイプ ブラック 10265×3","20132","27","","22","¥ 17,820","¥ 17,820","2","B0G2Q11KRJ","B0G2XR93SM","53.8","29.4","22.9","9750"
"ダイニングチェア 昇降式 高さ調整 カウンターチェア 低め ロー 回転 スツール 椅子 ラウンジ WY-523S (バーガンディ)","16516","15","","109","¥ 6,480","","1","B09FSB6W1K","B09DFZ9Q4Q","49","48","41",""
"TARUNA LED蛍光灯 60W形LEDベースライト 消費電力36W 昼光色 6500K 120CM 家庭照明器具 薄型","14978","41","","539","¥ 10,431","","1","B08GKR258R","B0H97NR8TX","124","18","18","3000"
"エジソンスマート Alexa対応のミニシーリングライト (引っ掛けシーリング用/ブラック) スマートライト スマート照明 RST-TZ367LBK (× 5)","18908","5","","42","¥ 27,335","¥ 27,335","","B0DJBMQ4LX","B0GWRT5ZT3","13.4","13.1","12.9","3250"
"【2026最新・冷風温風・羽根なし】タワーファン 扇風機 ヒーター 10段階冷風&3段階温風 100°首振り 省エネ 静音 9Hタイマー DCモーター 羽なし扇風機 縦型 サーキュレーター スリム リモコン&タッチ操作 微風強風 メモリー 多重保護装置 セラミックヒーター リビング 寝室 脱衣所 トイレ オフィス用 大風量 猛暑対策 冷暖房器具 PSE認証 日本語説明書 ホワイト","14994","106","100","96","¥ 13,299","","4","B0GTQGNJBC","B0H68ZTSWW","71.6","22.5","22.2","3200"
"【「家電批評」バスポリッシャー部門 ベストバイ】 エペイオス(Epeios)バスポリッシャー コードレス型 電動お掃除ブラシ 充電式 角度調節 11段階長さ伸縮可能 2つ回転モード 2500mAh大容量電池 デッキブラシ お風呂掃除 ブラシ 防水 スティック&ハンディク 手持ち式 7つ取り替えブラシ付き 操作便利 トイレ掃除/床/窓/おふろ/車/ベランダ/玄関の掃除/年末掃除 ギフト","14995","56","100","1011","¥ 6,405","¥ 6,405","1","B09LHQP693","B0FR4FMXNR","43.1","16.2","14.2","1620"
"ツインバード スティッククリーナー コード式 サイクロン式 強力吸引 吸込仕事率200W 3WAY ハンディ ブロワ機能 ピンク HC-5252P","14998","47","50","72","¥ 9,980","","3","B07P85Y4D2","B0GC2X48XH","48.9","32.1","19","3890"
"AODK チェスト タンス 収納ケース リビング収納 布製 引き出し 衣類収納 引き出し 箪笥 転倒防止 低ホルム 安定感 5段 だんす【幅40×奥行30×高さ120cm】 (チャコールブラック)","19961","37","","21","¥ 5,980","","1","B0FL7J3MJ6","B0FL7D64V6","44.3","32.9","18.4","7420"
"ル・クルーゼ(Le Creuset) マグカップ ミニ・マグ レインボーコレクション 耐熱 耐冷 電子レンジ オーブン 対応 6個 セット 【日本正規販売品】","14999","34","","128","¥ 11,754","¥ 11,754","1","B00HNP43US","B0DNM3WWRC","40.2","9","7.8","1220"