"Title","Sales Rank: Current","Sales Rank: Drops last 90 days","Monthly Sales Trends: Bought in past month","Reviews: Rating Count","Buy Box: Current","Amazon: Current","New Offer Count: Current","ASIN","Parent ASIN","Package: Length (cm)","Package: Width (cm)","Package: Height (cm)","Package: Weight (g)"
"【整備済み品】 Apple iPad (第７世代) Wi-Fi 32GB シルバー (整備済み品)","2","20","500","776","¥ 12,056","","8","B0956Y4RH2","B08TWXDXJY","25.8","18.3","4.5","520"
"【整備済み品】 Apple iPad (第９世代) Wi-Fi 64GB シルバー (整備済み品)","3","15","400","610","¥ 38,384","","6","B0BKPLH9MM","B0BKPGTHZ5","32.8","23.6","3","660"
"【整備済み品】Apple iPad Air (第４世代) Wi-Fi 64GB スペースグレイ","6","32","300","416","¥ 49,000","","4","B08TWXM82C","B08TWXWXN8","26.4","19.9","5.6","650"
"Amazon Fire HD 10 インチ タブレット - 1080pフル HDディスプレイ、大画面で動画もマンガも - 32GB ブラック","9","29","1000","5956","¥ 19,980","¥ 19,980","1","B0C2XN8HKD","B0CFYS116M","29.3","17.1","3","610"
"【整備済み品】 Apple iPad (第９世代) Wi-Fi + Cellular 64GB シルバー (整備済み品)","9","7","100","220","¥ 35,000","","12","B0BKPJNXSX","B0BKNYSYBP","26.9","20.6","8","780"
"【整備済み品】 Apple iPad (第６世代) Wi-Fi 32GB スペースグレイ (整備済み品)","9","31","100","1012","¥ 10,300","","2","B0956NVGVM","B08TWWYNHD","32.7","23.6","3.2","650"
"キヤノン Canon 純正 インクカートリッジ BCI-381(BK/C/M/Y)+380 5色マルチパック BCI-381+380/5MP 長さ:5.3cm 幅:13.9cm 高さ:10.75cm","10","39","4000","6362","¥ 5,645","¥ 5,645","58","B07574QXCS","B0DQXHYGZG","14","10.7","5.6","270"
"【整備済み品】 Earth Dreams内蔵 HDD 1TB 3.5インチ NAS丶パソコンPC丶サーバー対応 ハードディスク 保証1年","10","28","100","583","¥ 5,480","","2","B0CNJTBJVW","B0GSZBSYHS","31","12.3","2.9","490"
"Amazon Kindle Paperwhite (16GB) 7インチディスプレイ、色調調節ライト、12週間持続バッテリー、広告なし、ブラック","11","23","1000","9575","¥ 27,980","¥ 27,980","1","B0CFPL6CFY","B0DFZR3MBL","23.6","13.3","1.4","310"
"【Amazon.co.jp限定】 ロジクール 静音 ワイヤレス トラックボール マウス 無線 M575SPd 国内正規品","12","47","5000","2500","¥ 5,280","¥ 5,280","4","B0D9Y1J4NH","B0H8XVRBYV","14","10.7","5.2","210"
"Kindle Paperwhite シグニチャーエディション (32GB) 7インチディスプレイ、明るさ自動調整、色調調節ライト、12週間持続バッテリー、広告なし、メタリックブラック","12","30","2000","5188","¥ 32,980","¥ 32,980","1","B0CFPHTMDX","B0DFZR4XJC","23.7","13.2","1.4","310"
"【整備済み品】 Apple iPad 2022 10.9インチ (第10世代) Wi-Fi 64GB シルバー (整備済み品)","13","6","100","313","¥ 61,701","","3","B0BM8JF9FK","B0BM8HVYBV","35.3","26.3","6.9","950"
"【整備済み品】 Apple iPad mini (第５世代) Wi-Fi + Cellular 64GB シルバー (整備済み品)","15","33","200","545","¥ 25,300","","11","B0956X42S9","B09BYQSD8L","31.7","21.5","7.6","490"
"Amazon Fire HD 8 タブレット - 持ち運びに便利な８インチ、外出先で動画もマンガも - 64GB ブラック","16","43","500","487","¥ 17,980","¥ 17,980","1","B0CVDJ4JX6","B0DG391NGT","24.4","14.3","3.2","460"
"【整備済み品】超軽量Panasonic Let's note CF-SZ6■第7世代 Intel Core i5-7200U＠2.5GHz/メモリ8GB","16","30","200","2488","¥ 16,300","","7","B09LD469FN","B09LD5WFKS","35.6","26.6","10.6","1480"
"【整備済み品】 Apple iPad (第７世代) Wi-Fi + Cellular 128GB シルバー (整備済み品)","18","23","100","518","¥ 24,242","","3","B0956VFXJY","B09BYGHM1H","30","22.3","4.4","500"
"【整備済み品】Apple iPad (A16) 11 インチ Wi-Fi 128GB シルバー","22","8","50","15","¥ 66,327","","12","B0F48L7WZS","B0F48GLQBS","26","19.2","5.2","850"
"バーベイタム (Verbatim) 1回録画用 ブルーレイディスク BD-R XL 100GB 20枚 5mmプラケース ホワイトプリンタブル 片面3層 2-4倍速 VBR520YP20V2","23","39","100","860","¥ 8,980","¥ 12,412","2","B08761TMJD","B0DKF5LMX5","14.3","12.6","10.4","1140"
"Anker Nano Charger (70W, 3 Ports) ホワイト","24","40","500","669","¥ 5,990","","3","B0F99DF9RQ","B0H9YL3SD5","13.2","10.1","4.1","170"
"【整備済み品】 Apple iPad (第６世代) Wi-Fi + Cellular 32GB シルバー (整備済み品)","25","38","100","747","¥ 11,818","","9","B0956NP6GN","B09BYZ5SW6","25","20","4.8","700"
"エレコム LANケーブル CAT6A 50m 爪折れ防止コネクタ やわらか ブルー LD-GPAYC/BU50","25","42","","421","¥ 8,936","¥ 8,936","3","B076J9RKS6","B096XHDNFP","30.3","29.8","8.1","1370"
"【整備済み品】 Apple iPad Air (第５世代) Wi-Fi 64GB ブルー (整備済み品)","26","8","50","340","¥ 65,799","","7","B0BCNXNZ7N","B0BCPCJ8C4","26.1","19","5.2","840"
"【整備済み品】 Apple iPad (第８世代) Wi-Fi 128GB シルバー (整備済み品)","28","36","1000","623","¥ 48,700","","2","B08TWXQQZL","B08TWXNDWB","32.6","23.7","3.1","660"
"Amazon Kindle Colorsoft | 16GBストレージ、防水、7インチカラーディスプレイ、色調調節ライト、最大8週間持続バッテリー、広告無し、ブラック (2025年発売)","30","31","1000","1689","¥ 35,980","¥ 35,980","1","B0CX8MT2M2","B0FTP6C1D2","20","17.1","3.2","460"
"【整備済み品】 Apple iPad mini (第５世代) Wi-Fi 64GB シルバー (整備済み品)","30","34","50","439","¥ 26,500","","5","B0956H2HY4","B08TWK4SS6","27.2","20.2","3.1","470"
"【Fire HD 10 第13世代用】Amazon純正 保護カバー (ブラック)","32","42","200","5506","¥ 5,980","¥ 5,980","1","B0BSN4K54V","B0CFYV5JFD","27.6","17.2","1.7","320"
"TP-Link WiFi ルーター 無線ルーター AX3000 IPv6対応 2402+574Mbps HE160 EasyMesh Archer AX3000V 【Amazon.co.jp限定】","33","51","1000","487","¥ 9,900","¥ 9,900","1","B0DDXYJG4W","B0HB9DKJPM","21.4","19.7","9.9","590"
"New Amazon Kindle Scribe Colorsoft | 11インチカラーディスプレイ、64GBストレージ、ノート機能搭載、明るさ自動調整、色調調節ライト、プレミアムペン付き、グラファイト","33","43","100","115","¥ 115,980","¥ 115,980","1","B0FC1XTK8P","B0H1JBYMGV","31.2","29.8","2.9","840"
"【整備済み品】 MS Office 2024 H&B 搭載｜2in1 ノートパソコン タッチパネル対応 IdeaPad D330 Windows11Pro 10.1型 HD IPS液晶 Intel Celeron メモリ 4GB eMMC 64GB Webカメラ搭載 Type-C USB3.1 日本語 キーボード搭載","36","34","","410","¥ 14,800","","1","B0CYSX1FHM","","30.4","22.2","8.8","1600"
"Amazon Kindle Colorsoft シグニチャーエディション | 32GBストレージ、防水、7インチカラーディスプレイ、色調調節ライト、最大8週間持続バッテリー、広告無し、メタリックブラック (2025年発売)","37","41","200","2038","¥ 44,980","¥ 44,980","1","B0CX8Y3CMG","B0FTPY8W57","20.1","17.2","3.2","460"
"【整備済み品】Apple iPad Air 11 インチ (M3) Wi-Fi 128GB ブルー","37","7","","20","¥ 118,800","","3","B0F4CJH3VD","B0F4C12TD2","35.4","26.2","6.9","860"
"【整備済み品】 Apple iPad mini (第６世代) Wi-Fi 64GB スターライト (整備済み品)","38","9","50","283","¥ 63,499","","4","B0BKPGD8YK","B0BKPB771G","27.4","20.2","3.3","460"
"【整備済み品】 NECノートパソコンVK27 15.6型 第4世代Corei5-4210U Office 2024 4GB 128GB","49","37","50","137","¥ 11,799","","1","B0BFFLR8XF","B0GYYXNG9D","46.8","29.6","9.4","2780"
"【整備済み品】 Apple iPad Air (第５世代) Wi-Fi + Cellular 64GB スターライト (整備済み品)","40","8","","79","¥ 64,980","","1","B0BCNY29CY","B0BCP2QCDZ","32.5","23.8","3.3","720"
"【整備済み品】Apple iPad Air 13 インチ (M3) Wi-Fi 1TB パープル","56","4","","9","¥ 188,800","","","B0F4C126BV","B0F4BS9TJ8","36.6","27","4.4","860"
"【整備済み品】 Panasonic Let`s note CF-SV7 ■ 軽量化12.1型WUXGA(1920×1200) - 第8世代Intel Core i5 プロセッサー - 8GB RAM - 256GB M.2 SSD - WiFi&Bluetooth - Webカメラ内蔵 - Type-C - MS Office 2019 - Win11搭載 (整備済み品)","39","47","50","207","¥ 23,700","","1","B0CJFQWJ7S","B0CJFW3C1N","42.5","27.1","9","1540"
"EMEET C980pro WEBカメラ ウェブカメラ 1台3役","45","53","50","23","¥ 6,399","","1","B0DRCJ23TK","B0C9SLKZWH","17.2","8.4","7.4","310"
"【整備済み品】 Apple iPad 2022 10.9インチ (第10世代) Wi-Fi + Cellular 256GB イエロー (整備済み品)","46","38","","74","¥ 96,800","","1","B0BM9CS67P","B0BM8JTC5J","30.4","22.6","4.4","690"
"【整備済み品】NEC VersaPro VKシリーズ Core i5-8250U メモリ16GB+SSD512GB","46","40","","89","¥ 33,120","","2","B0CCHXXGF6","B0CCHXQHK6","49.4","27.4","5.4","2690"
"New Amazon Kindle Scribe | 11インチディスプレイ、64GBストレージ、ノート機能搭載、明るさ自動調整、色調調節ライト、プレミアムペン付き、グラファイト","49","50","","47","¥ 98,980","¥ 98,980","1","B0FC1YGR6X","B0H1J3KYLL","31.2","21.7","2.9","850"
"【整備済み品】 東芝 ノートパソコン B65／15.6インチ／初期設定済み／第六世代Celeron 3855U ／メモリ4GB／SSD128GB ／Win11 Pro搭載／office 2019／テンキー付き／WiFi／Bluetooth／HDMI／SDスロット","50","42","","575","¥ 11,143","","1","B0CS2T1PFM","B0CS3G4JDN","46.7","27.1","6.6","2350"
"Amazon限定 バッファロー 外付けHDD 4TB テレビ録画 nasne 対応 静音 日本製 HD-AD4U3","53","45","3000","50184","¥ 23,480","¥ 23,480","1","B07BK6696F","B0FVKRLKK7","30","22","7.5","1140"
"【整備済み品】Apple iPad Pro 11 インチ (M4) Wi-Fi 256GB スペースブラック","55","9","","27","¥ 152,555","","5","B0D6LNXJ3F","B0D6LMS2FC","31.2","24.7","6.3","550"
"Apple 11 インチ iPad (A16): 11 インチモデル、Liquid Retina ディスプレイ、256GB、Wi-Fi 6 + 5G 携帯電話通信、12MP フロント/12MP バックカメラ、Touch ID、一日中使えるバッテリー - シルバー","56","46","2000","40","¥ 116,800","¥ 116,800","1","B0DZ876JGX","B0F4XF5YSC","26.2","19.3","5.4","880"
"Amazon eero 7 - メッシュwifiルーター | Wi-Fi 7対応 | BE3400 | 2.5Gbpsイーサネット×2 | 1ユニット","56","46","100","227","¥ 24,800","¥ 24,800","1","B0DN36NDPN","B0F8VHN7MD","14.6","14.1","10.7","1030"
"【整備済み品】マイクロソフト 純正品 Surface ドックモデル:1661 dock ハブ ドッキングステージョン","56","49","","26","¥ 5,800","","2","B0D6K38FKX","","31","6.6","5.5","1030"
"【整備済み品】 YAMAHA RTX830 ギガアクセスVPNルーター (整備済み品)","58","45","50","19","¥ 37,800","","7","B096RGMHD4","","26","19.5","12.3","1250"
"【整備済み品】 Apple iPad (第５世代) Wi-Fi 32GB スペースグレイ (整備済み品)","60","43","","411","¥ 10,800","","6","B08TWXWKXD","B08TWY5WYB","32.6","23.7","3.1","640"
"【整備済み品】Apple iPad Air 11 インチ (M2) Wi-Fi + Cellular 128GB パープル","50","9","50","19","¥ 91,800","","2","B0DJYW5BKB","B0DJYQ7FBK","32.6","23.7","3.2","670"
"Amazon eero 6+ - メッシュwifi ルーター | AX3000 | 1.0Gbpsイーサネット | 最大wifi範囲140m² | 同時接続デバイス約75台 | 1ユニット","47","44","50","246","¥ 15,800","¥ 15,800","1","B0BP73KBC2","B0DGP3X81S","20","13.3","8.6","770"
"【整備済み品】 dtab Compact d-42A 画面サイズ：8インチ 画面解像度：1920x1200 詳細OS種類：Android 10 ネット接続タイプ：キャリアモデル(docomo) ストレージ容量：64GB メモリ容量：4GB CPU：Snapdragon 665/2GHz+1.8GHz","64","36","","24","¥ 11,500","","1","B0CXDJPGZW","","28","20.2","2.9","430"
"【整備済み品】Apple iPad Air (第４世代) Wi-Fi + Cellular 256GB グリーン","66","44","","147","¥ 77,980","","1","B09571ML4Z","B09BYNVLKP","32.7","23.7","2.9","680"
"【整備済み品】 Dell モニター 17インチ スクエア/SXGA/TN 非光沢/DP,D-Sub入力　省スペース E1715S (整備済み品)","67","39","","35","¥ 5,060","","2","B09FSQFS7N","","44.8","38.2","14.2","4040"
"Amazon限定 バッファロー USBメモリ 256GB USB3.2(Gen1)/3.1(Gen 1)/2.0 RUF3-K256GA-BK/N","68","52","500","23209","¥ 5,780","¥ 5,780","1","B0CB3RNLFX","B0CB41LT1Z","12.4","3.8","1.2","10"
"バッファロー Wi-Fi 7 ルーター 2882+688Mbps デュアルバンド WSR3600BE4P/NBK","69","55","4000","1759","¥ 13,030","¥ 13,030","1","B0F5B69SKC","B0F5Q8LS75","22.1","22","7.6","670"
"【整備済み品】パナソニック 超軽量ノートパソコン レッツノート CF-SZ6／Win11 Pro搭載／office 2019／第七世代Core i5 2.6GHz ／8GBメモリ／SSD128GB ／12.1インチ／Webカメラ内蔵／内蔵WiFi／Bluetooth／HDMI／初期設定済み","69","39","","576","¥ 23,860","","1","B0CB5Y8SW3","B0CB6328LR","38.2","24.4","6.5","1200"
"エプソン 純正 インクカートリッジ とうもろこし IC6CL80L 6色パック 増量","72","60","500","3768","¥ 7,873","¥ 8,163","48","B00N7H42ZW","B0BQW8F9MW","20.4","16.8","2.2","160"
"UGREEN USB-C Lightningケーブル PD対応 MFi認証取得 急速充電 高耐久 ナイロン編み iPhone 11/Pro/Pro Max/XR/XS Max/X/8/8 Plus対応 ライトニングケーブル","72","59","","18676","¥ 7,051","","7","B07PW6F28G","B08BFBRL66","11.1","10.9","2.4","50"
"【整備済み品】 Dell モニター 19.5インチ E2016H(/CIE1976 86%/HD+/TN非光沢/フリッカーフリー/DP,D-Sub15ピン) (整備済み品)","73","39","","51","¥ 5,000","","1","B0BYD3JLT8","","53.5","33","13","4300"
"【整備済み品】 Apple iPad mini (第６世代) Wi-Fi + Cellular 256GB ピンク (整備済み品)","74","5","","193","¥ 93,500","","3","B0BKPRYRDR","B0BKQB49MJ","30.2","21.7","8.1","590"
"Amazonベーシック マウス 3ボタン USB有線 ブラック 30個セット","75","67","","167","¥ 25,083","¥ 25,083","1","B01ND1K9TT","B07ZYV7QHZ","37.6","23.2","18.6","3429"
"Amazonベーシック モニターアーム デュアル デスクマウント ガススプリング式 テンション調整可能 15~27インチモニターに対応 各アーム耐荷重2.0 kg~7.0kg VESA 75 × 75/100 × 100 ブラック","76","69","300","882","¥ 5,362","¥ 5,362","1","B0CQXPGNCH","B07YKPX5N5","44.2","30.3","15.2","4274"
"マクセル(maxell) ブルーレイディスク 録画用BD-R XL 10枚入 1回録画 100GB/2~4倍速 ハイビジョン 地上デジタル720分/BSデジタル 520分/ 4K BS・CSデジタル 370分録画可能 ワイドレーベル 書楽インデックス付 BD-R XL イージーセレクトシリーズ BRV100EG.10SZ","77","61","50","53","¥ 7,976","","6","B08FT1CVKF","B07PH2LR97","14.2","12.5","5.2","540"
"【整備済み品】富士通 LIFEBOOK Aシリーズ ノートPC Celeron メモリ8GB SSD256GB","80","31","","318","¥ 13,162","","1","B0BXWH4S3G","B0BXWGJBLP","46.4","27.2","6.4","2400"
"【整備済み品】Apple iPad Pro 12.9インチ (第２世代) Wi-Fi + Cellular 64GB スペースグレイ","81","24","","34","¥ 36,000","","1","B0956TJT3T","B09BZ13DWY","35.3","28.8","14.2","1140"
"【整備済み品】 HP ノートパソコン 450 G3/15.6型/Win 11/MS Office H&B 2019/Intel 第6世代Core i3-6100U/メモリ8GB/SSD 256GB/無線WIFI/USB 3.0/HDMI/WEBカメラ/DVDドライブ/初期設定済 (整備済み品)","82","34","50","195","¥ 17,820","","1","B0C22BXG61","","42.1","30.7","6.9","2570"
"EVICIV モバイルモニター 15.6インチ FHD 1920×1080 モバイルディスプレイ 自立型 ポータブルモニター 軽量 薄型 持ち運び IPS液晶 非光沢 ブルーライトカット USB Type-C/Mini HDMI 在宅勤務・外出作業 Switch2・PS5・PC・Mac対応 EVC-1506S","83","81","2000","7327","¥ 7,976","","4","B07ZNTHZHZ","B0HFXSQ5RL","40.4","34.5","5.9","1570"
"【brother純正】 ブラザー工業(Brother Industries) インクカートリッジ4色パック LC3117-4PK 対応型番:MFC-J6983CDW、MFC-J6583CDW、MFC-J5630CDW 他","83","65","1000","1274","¥ 5,345","¥ 5,345","46","B01MT9YYG4","B077HS6P2P","12","9.6","6.9","150"
"【整備済み品】 Apple iPad Air (第３世代) Wi-Fi + Cellular 64GB シルバー (整備済み品)","85","40","50","135","¥ 23,717","","2","B0956RV2ZD","B09BYWR4RY","29.7","21.5","3.2","610"
"【整備済み品】 Dell モニター 21.5インチ E2216H(CIE1976 85%/フルHD/TN非光沢/フリッカーフリー/DP,D-Sub15ピン) (整備済み品)","103","43","","139","¥ 6,000","","3","B09247VLC7","","58.1","40.1","21.7","4110"
"【整備済み品】ノートPC A577 15.6型 i3-7130U Office2024 カメラ付 HDMI DVD 4GB 256GB","87","33","","149","¥ 17,820","","1","B0CJXW69PY","B0GWMFF56T","43","28","7","2500"
"【整備済み品】ノートPC CF-SV9 レッツノート i5第10世代-10310U/メモリ16GB/SSD:256GB/12.1インチFHD Type-C搭載機種 Win11Pro搭載 新しい同様バッテリー交換済み MS OFFICE2019導入済み(ネオスミライ) CF-SV9 ノートパソコン パナソニック SSD:256GB(NVMe規格)","121","42","","24","¥ 39,405","","1","B0D4VCH7GR","","30","21.9","7.9","1370"
"New 2026年春 キヤノン インクジェット複合機 TS3730 WHITE 1 対応インクBC-366／BC-365セットアップCDレスモデル (キヤノンホームページよりプリンタードライバーをダウンロードしご利用ください)","89","60","1000","34","¥ 7,700","¥ 7,700","1","B0H36Y2DX3","B0G2X8YC78","69.1","40.8","19.6","5030"
"【整備済み品】Apple iPad Pro 11 インチ (M4) Wi-Fi + Cellular 256GB スペースブラック","89","5","","19","¥ 171,800","","1","B0D6LMSYQC","B0D6LKTXS7","34.1","26.4","6.9","700"
"【整備済み品】ノートPC CF-SV8 レッツノート i5第8世代-8365U/メモリ8GB/SSD:1TB/12.1インチFHD Type-C搭載 Win11Pro搭載 バッテリ容量95％以上あり MS OFFICE2019導入済み(ネオスミライ) CF-SV8 ノートパソコン パナソニック 新しいSSD:1TB(M.2)交換","89","35","","131","¥ 37,759","","1","B0D5CX314K","B0D5CXHLP1","30.7","21.9","7.7","1370"
"【整備済み品】 Apple iPad Pro 11インチ (第２世代) Wi-Fi 128GB スペースグレイ (整備済み品)","90","42","","81","¥ 81,553","","4","B0956V91ZX","B08TWXZQQ9","26","19","5","850"
"【整備済み品】 Apple iPad Pro 12.9インチ (第 5 世代) Wi-Fi 128GB スペースグレイ (整備済み品)","92","38","","85","¥ 118,601","","3","B097GCVWB2","B097GBKH9B","33.8","26.5","4.8","930"
"【整備済み品】 Dell 21.5インチ 狭額縁液晶 P2219H/超広視野角&スリムベゼル/IPSパネル/1920x1080 フルHD/HDMI/DP/画面回転/高さ調整/フレームレスUSB3.0高速ハブ","95","31","","95","¥ 14,800","","1","B09JWZFM1J","B09JX1NKSL","48.7","47.2","16.6","4720"
"【整備済み品】ノートPC Dynabook G83 13.3型 Office2024 i5-10210U カメラ付 Type-C 8GB 512GB","96","36","","17","¥ 35,800","","1","B0C7MYL8R4","B09HXJM515","43","28","7","3000"
"【整備済み品】 Apple MacBook Air M1 2020(13インチAir,8GB RAM,256GB SSD,8コアCPU/7コアGPU) ゴールド (整備済み品)","98","37","","110","¥ 88,532","","3","B096DYFS52","B096DHD1DC","38.3","27.6","6.1","1520"
"【Amazon.co.jp限定】 ロジクール MX MASTER 4 アドバンスド ワイヤレス マウス 触覚フィードバック 静音 MX2400GRd","99","86","2000","488","¥ 16,980","¥ 16,980","1","B0FR8LPP2K","B0GK6T4BLJ","18.2","14.4","6.1","290"
"【整備済み品】 富士通 極軽極薄FUJITSU LIFEBOOK U939 ■13.3型FHD(1920x1080) - Win11搭載 - 第8世代Core i5-8365U(1.6GHz) - 8GBメモリ - SSD 256GB - Webカメラ - Type-C - HDMI - MS Office 2019 (整備済み品)","100","38","50","70","¥ 24,800","","1","B0CM3WFCD8","B0CM3Y25NL","42.7","27.2","9.1","1580"
"【整備済み品】 富士通 ハイスペック ノートパソコン/15.6インチ液晶/CPU:爆速第4世代Core i7/テンキー搭載/MS Office2019/無線LAN/Wi-fi/DVD/Windows 11搭載/日本語キーボード(黒または白)/HCMA電源コード付属/在宅勤務 仕事用 学習用 初期設定済/(整備済み品) (5)MS Office/第4世代Core i7/16GB/SSD:512GB/10キー)","100","27","","36","¥ 33,299","","1","B0C7YS7ZYK","B0CDQNTCTL","12","10","5","2500"
"Amazon Kindle Colorsoft キッズモデル ファンタジーリバーカバー | Amazon Kids+で2,000冊以上の子ども向けの本が12か月間読み放題、防水、16GBストレージ、最大8週間持続バッテリー","103","34","50","21","¥ 53,980","¥ 53,980","1","B0DZ9CW4PJ","B0G1LRQFVL","20.3","17.7","3.4","580"
"【整備済み品】 Apple iPad (第５世代) Wi-Fi + Cellular 32GB スペースグレイ (整備済み品)","129","35","","363","¥ 9,800","","","B09571ML51","B09BZ1T88Q","32.9","23.8","3.1","650"
"Amazonベーシック USB 延長ケーブル USB-A 2.0 プリンター対応 速度480Mbps 2.0m 10本セット (タイプAオス - タイプAメス) ブラック","100","73","","537","¥ 5,223","¥ 5,223","1","B07254JC9V","B0CD3YLFRD","24.9","17.3","10.6","907"
"【整備済み品】 超軽量薄型 LIFEBOOK U9310 ■13.3型FHD(1920x1080) - Win11搭載 - 第10世代Core i3-10110U - 8GBメモリ - M.2 SSD 256GB - Webカメラ内蔵 - WiFi&Bluetooth - Type-C - MS Office 2019 (整備済み品)","104","29","","14","¥ 26,800","","2","B0CZP6KFMF","B0CZPHCBYR","42.3","27.5","9","1270"
"Sweguard USB Type C ケーブル PD対応 60W急速充電 (灰, 5.5m)","105","50","","18462","¥ 5,860","","1","B07JNK55TQ","B0FNN9G3RX","24.7","9.5","1.7","150"
"【整備済み品】 【Amazon.co.jp 限定】DELL デスクトップPC 7010/9010/ MS Office 2019/Win 11/Core i5-3570/HDMI/WIFI/Zeroウイルスセキュリティーソフト/DVD/メモリ:8GB/(整備済み品) (Windows 11搭載, SSD:128GB)","148","32","","252","¥ 17,820","","3","B09R247952","B09R25G52X","41.9","32.4","10.5","5640"
"【整備済み品】 【Amazon.co.jp 限定】「Windows 10 Pro 」番組連動/DELL HP 富士通 NEC デスクトップPC/MS Office 2019/Celeron or Core 2 /WIFI/Bluetooth/DVD/4GB/(整備済み品) SSD 128GB","108","31","","27","¥ 9,870","","1","B09QGT7TFH","B09QK1G2PD","35","30","20","1000"
"Logicool G 原神 神里綾華 特別モデル ゲーミングマウス G309 LIGHTSPEED ワイヤレス マウス G309WL-GE-AYA 軽量 LIGHTFORCE ハイブリッドスイッチ HERO 25K センサー 6個プログラムボタン 300時間以上連続使用可能 Bluetooth POWERPLAY ワイヤレス充電 ホワイト ゲーミング PC Windows Mac 国内正規品","110","59","50","40","¥ 6,900","¥ 6,900","5","B0DV5D346X","B0FWB24GVS","17.3","10.3","4.9","170"
"UnionSine 500GB 外付け ハードディスク超薄型外付けHDDポータブルハードディスク2.5インチ USB3.0","112","68","1000","50985","¥ 5,980","","1","B091FS79T8","B093Y5WKXQ","14","10.3","3.6","210"
"Amazon eero Pro 6E - メッシュwifi システム | Wi-Fi 6E | AXE5400 | 2.5Gbpsイーサネット | 最大wifi範囲380m² | 同時接続デバイス約100台 | 2ユニット","114","40","","62","¥ 49,800","¥ 49,800","1","B0CX31KFWR","B0DGP7MGT4","24.8","18.2","15.3","2170"
"エプソン 純正 インクカートリッジ IB07CL4B ４色パック 大容量インク","115","75","1000","731","¥ 12,681","","70","B08JG93V21","B0DR8W3QGB","16.5","14.6","8.2","220"
"Amazon eero Pro 7 - トライバンドメッシュwifiルーター | Wi-Fi 7対応 | BE9200 | 5Gbpsイーサネット×2 | 2ユニット","135","38","50","67","¥ 79,800","¥ 79,800","1","B0DN3FFF3S","B0F8VKXH9W","34.8","21.8","12.7","2720"
"【整備済み品】 Apple 12.9インチiPad Pro用 スマートキーボード -日本語 JIS/MNKT2J/A (整備済み品)","153","37","","31","¥ 6,188","","1","B094X58ZKJ","","31.6","24","1.4","650"
"ASUSモニター / VY249HGR Eye Care モニター / 23.8インチ FHD（1920 x 1080）/ IPS / 120Hz(OC) / SmoothMotion / 1ms（MPRT）/ Adaptive Sync/ブルーライト軽減機能/フリッカーフリー/抗菌加工/国内正規品","117","99","1000","303","¥ 11,280","¥ 11,280","1","B0DNDXMLR7","B0H62CHF87","60.4","41.7","14.4","4840"
"Seagate シーゲイト 4TB ST4000DM004 正規代理店品 Barracuda 内蔵 HDD ハードディスク 3.5インチ デスクトップ PC SATA 180日保証【整備済み品】","155","41","","218","¥ 21,800","","1","B09GS2QKSR","B0FLDDYVK1","20","15.3","7","550"
"SteelSeries ゲーミングマウスパッド 布製 水洗い可能 大型 XXLサイズ 90cm×40cm×0.2cm QcK XXL Neon Sunset 63472 ネオンサンセット","118","55","","79123","¥ 6,036","¥ 6,036","2","B0H6B473QS","B0FWB2CGJF","44.1","7","6.9","570"
"【整備済み品】 ノートパソコン 富士通 FUJITSU A574 /■ 高性能第4世代Core i7/■大容量メモリ16GB /内蔵テンキー/Office2019/Windows11 /無線LAN/HDMI/DVD/在宅勤務 仕事用 学習用 初期設定済 15.6型 (整備済み品) (内蔵テンキー搭載, SSD 256GB)","118","30","","120","¥ 29,999","","2","B0C4Q4PDLD","B0C4QLKZ7Q","30","20","3","2000"
"【整備済み品】 Dell ディスプレイ モニター P1914S 19インチ/SXGA/TN非光沢/8ms/VGA,DVI,DP/USBハブ","118","22","","5","¥ 5,500","","1","B09QCMX4Z4","B09QCNPHPV","48.2","41.4","20.6","6460"
"エプソン 純正 インクカートリッジ IB07KB ブラック 大容量インク","119","77","500","363","¥ 6,389","¥ 6,464","37","B08JGPFSTM","B0BQVSG7LK","15.8","11.1","4.7","100"
"【整備済み品】 『大容量メモリ:16GB搭載』東芝 ノートPC 薄型・軽量 Toshiba Dynabook R73■Core-i5-7200U/13.3型/メモリ16GB/SSD256GB/Windows11搭載/Office 搭載/HDMI/WIFI/仕事用/高いパフォーマンス(整備済み品) (4)MS Office/第7世代Corei5/16GB/256GB)","119","18","","2","¥ 32,399","","1","B0CZDVKMFG","B0CZF76Z7H","4","2.8","1.1","2000"
"【整備済み品】 Apple Magic Keyboard iPad Pro 12.9インチ 第3・4・5・6世代用 - 日本語（JIS）ブラック","119","42","","28","¥ 34,993","","9","B0CTBLBNB7","B0CTCBX9BD","32.7","23.7","3.1","830"
"【整備済み品】Apple iPad mini (第7世代) A17 Pro Wi-Fi 6E スペースグレー 128GB","120","7","","90","¥ 91,999","","7","B0FX9FZPFR","B0DX25B5VM","32.5","24","3","500"
"KTC 24インチ モニター FHD 100Hz VA HDR10 3年保証 H24V27","121","76","1000","1785","¥ 12,980","","1","B0D9K624F9","B0H97HFNS9","62.1","47.8","11.4","3800"
"Kindle Scribe Notebook Design - 10.2インチディスプレイ、64GBストレージ、ノート機能搭載、プレミアムペン付き、メタリックジェード (2024年発売)","122","34","500","86","¥ 64,980","¥ 64,980","1","B0CZ9SX1GW","B0DFZQ22D5","29.3","22.5","3.4","890"
"【整備済み品】 Apple iPad mini 4 Wi-Fi 128GB スペースグレイ (整備済み品)","122","37","","352","¥ 21,800","","2","B08TWWMY4W","B08TWJY2MW","27.3","20.2","3.3","460"
"Amazon限定 バッファロー ポータブルSSD 1.0TB コンパクト USB3.2Gen1 ブラック SSD-PUT1.0U3-B/N","123","172","1000","10207","¥ 19,800","¥ 19,800","1","B08N4JHGJL","B0BFVTCXCY","11.7","5.9","3.2","40"
"【整備済み品】Apple iPad Air 11 インチ (M2) Wi-Fi 128GB ブルー (整備済み品)","123","8","","22","¥ 96,000","","2","B0DSKFKHFY","B0DK2YBW43","30.6","23.3","8","700"
"【整備済み品】 デスクトップ HP ProDesk 600 G4 SFF 第8世代 Core i5-8500 MS Office2019 H&B 付き / メモリ16GB / M.2 SSD 512 GB + HDD 500 GB/LAN/DVD-ROM/Type-C/Display Port/Windows 11 (整備済み品)","124","28","","31","¥ 34,450","","5","B0CP55TB16","","40","30","20","1000"
"【整備済み品】 Apple iPad Air (第３世代) Wi-Fi 64GB ゴールド (整備済み品)","125","32","","264","¥ 25,650","","1","B08TWXPNS5","B08TWL1CGW","32.7","23.8","2.9","650"
"Pixio モニターアーム PS1S Waveブラック シングル 17-32インチ VESA 耐荷重9kg ガススプリング式 黒 クランプ","127","77","1000","441","¥ 7,900","","1","B00CWXRI44","B0G5WFJPSY","43.1","20.5","10.9","2890"
"タブレット - HiGrace 10インチ Android16 Wi-Fiモデル 1280*800 IPS画面 RGBライト搭載 24GB+32GB+1TB拡張 6000mAhバッテリー Bluetooth5.4 アンドロイド タブレット Type-C OTG 無線投影 顔認識 Widevine L1対応 GMS認証 日本語説明書","129","85","3000","1534","¥ 9,698","","7","B0FPLLDL76","B0FRSLWB9G","27","18.5","5.3","840"
"New Amazon Kindle Scribe フロントライト非搭載モデル | 11インチディスプレイ、16GBストレージ、ノート機能搭載、プレミアムペン付き、グラファイト","129","45","","18","¥ 72,980","¥ 72,980","1","B0FBSC6CPR","","31.2","21.9","2.9","840"
"【整備済み品】 Apple iPad Pro 11インチ (第 3 世代) Wi-Fi 256GB シルバー (整備済み品)","131","35","","95","¥ 107,798","","1","B097GDJKX9","B08TWWG77X","33.8","25.3","4.1","700"
"ERGOTRON エルゴトロン LX モニターアーム デスクマウント ブラック 黒 34インチまで対応 国内正規品 10年保証付","132","77","500","16406","¥ 16,380","¥ 16,380","2","B07Q8TJ2KL","B0H4TVC9RZ","56.4","23.2","15.2","4720"
"【整備済み品】ノートパソコン HP EliteBook 830G5/13.3型フルHD/Win 11/MS Office 2019/第8世代i5-8250U/メモリ 16GB/SSD 512GB/指紋リーダー/WEBカメラ/Type-C対応/初期設定済","133","28","","20","¥ 41,220","","1","B0CZ785ZLF","B0CZ7NYVYN","38.9","29.7","13.1","2220"
"Amazon Kindle Paperwhite キッズモデル (16GB) スターフィッシュカバー | Amazon Kids+で2,000冊以上の子ども向けの本が6か月間読み放題","136","34","50","31","¥ 41,980","¥ 41,980","1","B0CFPKCSZH","B0FD2V8V1Z","23.7","13.7","1.6","420"
"ロジクール ヘッドセット H540r ノイズキャンセリング マイク付き ステレオ USB 接続 マイク 軽量 ヘッドホン ヘッドフォン ブラック windows mac Chrome テレワーク リモートワーク Web会議 国内正規品 2年間無償保証","137","84","50","373","¥ 6,000","¥ 6,000","1","B079QCVKW1","B0GK6VDJXJ","22","19","8","320"
"【整備済み品】 【Amazon.co.jp 限定】富士通 デスクトップPC D582/MS Office 2019/Win 10/Core i3-3220/HDMI/WIFI/DVD/8GB/(整備済み品) (HDD 500GB)","137","19","","52","¥ 14,800","","1","B08W8NJK7K","B08WB2BJ13","25","20","15","2000"
"【整備済み品】 NEC 21.5型3辺狭額縁IPSワイド液晶ディスプレイ(白) LCD-E221N","172","22","","1","¥ 6,000","","2","B0CS2XKW4B","","64.3","39","22.2","7300"
"【整備済み品】 Apple MacBook Pro 2020, Thunderbolt(USB-C)3ポートx 4(13インチPro,16GB RAM,512GB SSD,2.0GHz) スペースグレイ (整備済み品)","139","28","","9","¥ 79,800","","4","B096DGMH6L","B096DHKKV3","39.1","29.6","7.6","2320"
"KEEPTIME モバイルモニター 15.6"" 1080P IPS非光沢 薄型 軽量 USB-C ミニHDMI対応 ノートPC/スマホ/ゲーム機対応","141","66","3000","3539","¥ 8,399","","1","B0D1K8H4F5","B0HCZ4ZF1V","39","28","7.2","1220"
"TP-Link WiFi ルーター WiFi7 無線ルーター 高速 BE3600 IPv6 2882+688Mbps EasyMesh iPhone 17対応 Archer BE220 【Amazon.co.jp限定】","141","78","2000","797","¥ 9,265","¥ 9,265","1","B0DJQMPKRH","B0GCLLVCSS","24.4","21.9","7.1","800"
"Amazon eero Max 7 - メッシュwifi ルーター | 10Gbpsイーサネット | Wi-Fi 7 | BE17850 | 最大wifi範囲230m² | 同時接続デバイス約250台 | ゲームにおすすめ","141","37","","29","¥ 89,800","¥ 89,800","1","B0CS7J984Y","B0H6PY58V7","30.8","25.5","13.7","2720"
"【整備済み品】【Amazon.co.jp 限定】Dell 21.5インチモニター E2216H/フルHD(1920×1080) 16:9/DisplayPort/VESA規格/VGA/TN非光沢/5ms/前後の傾調節/ディスプレイ (21.5インチ)","176","23","","29","¥ 6,500","","2","B09T5H8TW1","B095PTZZVR","54","41","18","3600"
"【整備済み品】 富士通 FUJITSU VL-B24-8T 23.8インチワイド LED液晶モニター 非光沢IPSパネル液晶ディスプレイ フルHD 1920x1080 ディスプレイポート/DVI/VGA/VESA準拠 スピーカー内蔵 GRACE (整備済み品)","208","30","","34","¥ 7,980","","1","B0C7LCK36F","","60","50","25","6840"
"【整備済み品】 富士通 【Win11搭載】極軽極薄FUJITSU LIFEBOOK U937 ■MS Office H&B 2019 / FHD(1920x1080)/Core i5-7300U(2.6GHz)/8GBメモリ/SSD 512GB/Webカメラ内蔵/13.3インチ (SSD512GB) (整備済み品)","146","32","","514","¥ 30,800","","1","B09ZYKNT9R","B09ZYJWFTX","42.5","27.3","9.3","1330"
"Amazonベーシック DisplayPort (ディスプレイポート) - HDMI 変換ケーブル 4K@30Hz 単方向伝送 1.8m 10本セット ブラック","149","34","","186","¥ 9,155","¥ 9,155","1","B07D6L6XSL","B0CD3WNRC5","19.8","15.3","12.8","994"
"【 サンディスク 正規品 】 SanDisk SDカード Extreme PRO SDSDXXD-128G-GHJIN 新パッケージ","150","88","500","3378","¥ 8,398","","9","B0B21BB745","B0DVSTPS3J","14.4","10.2","1.2","20"
"【整備済み品】 【今だけメモリ16GB】NEC VersaPro ハイスペック ノートパソコン VK/15.6型/■爆速第4世代Core i7/Win 11/Office 2019/テンキー内蔵/無線WIFI/USB 3.0/HDMI/DVDドライブ/初期設定済 (整備済み品) (2)【MS Office・第4世代Corei7】16GB/512GB/10キー)","171","14","","52","¥ 33,299","","1","B0C7P8Z543","","40.7","31","5.7","2830"
"バッファロー Wi-Fi 6 ルーター 2401+573Mbps EasyMesh WSR-3000AX4L/N","151","123","2000","37","¥ 8,170","¥ 8,170","1","B0H1FPJ53M","","22.3","22.2","7.2","670"
"【整備済み品】 ヤマハ ユニファイドコミュニケーションマイクスピーカーシステム(有線モデル) YVC-331 ブラック (整備済み品)","152","24","","","¥ 45,000","","1","B0CGCP1CY2","B0CGC5YBQ7","32.6","32.1","15.7","1080"
"Apple Pencil Pro","154","57","1000","1051","¥ 23,800","¥ 23,800","1","B0D3J7MFTT","B0F5GPBW6S","20.9","5.5","1.9","110"
"【整備済み品】 【今だけメモリ16GB】富士通 ハイスペックノートPC ■爆速第4世代Core i7/テンキー内蔵/Office 2019/Win 11/15.6型/無線WIFI/USB 3.0/HDMI/DVDドライブ/初期設定済 (整備済み品) (2)【MS Office・第4世代Corei7】16GB/512GB/10キー)","157","30","","187","¥ 39,599","","1","B0C7R1QCFV","B0CB1PXDRT","41","31.6","4.9","2700"
"ソニー ゲーミングイヤホン INZONE Buds:WF-G700N Fnatic監修/ワイヤレス / 低遅延2.4GHzワイヤレス接続 USBType-Cトランシーバー同梱/LE Audio対応/アクティブノイズキャンセリング/立体音響 / 最大約24時間バッテリー / 急速充電/マイク付き / PS5 スマホ PC Switch グラスパープル","158","63","1000","236","¥ 26,000","¥ 26,000","8","B0GW7WT5SQ","B0GXL29M9K","12.4","8.8","4.7","150"
"【Amazon.co.jp限定】 ロジクール 静音 ワイヤレス トラックボール マウス MX ERGO S MXTB2d 無線 グラファイト","160","74","2000","1087","¥ 14,480","¥ 14,480","1","B0D9Y1SNQT","B0GK73K8RY","15.3","11","7.9","350"
"【整備済み品】 HP P224 ディスプレイ 21.5インチ (整備済み品)","160","42","","48","¥ 8,000","","2","B0B6BM6Z8L","","48","37","18","3000"
"【整備済み品】 ヤマハ ギガアクセスVPNルーター RTX1200 (整備済み品)","162","40","","5","¥ 14,800","","4","B0989BCKZY","","38.5","27.7","19.5","2080"
"【整備済み品】 富士通 ノートパソコン FMVシリーズ ■CPU:爆速第4世代Core i7 ■Webカメラ内蔵/内蔵テンキー ■RAM:16GB/SSD:512GB/Office 2019搭載/Windows11/15.6インチ液晶/無線LAN/DVD/WIFI/NoteBook PC office付き/在宅勤務 仕事用 学習用 初期設定済 HCMAの電源(整備済み品)","163","23","","36","¥ 35,099","","1","B0CD4BPVCR","B0CD4CYL2X","39.5","30.5","5.3","2580"
"【整備済み品】 SONY ノートパソコン VJPG11C/13.3型フルHD/Win 11/MS Office H&B 2019/第8世代i5-8250U 1.60GHz/メモリ 8GB/SSD 256GB/無線WIFI/HDMI/USB 3.0/WEBカメラ/初期設定済 (整備済み品)","166","31","","49","¥ 25,020","","1","B0C6CKK4MS","","42.3","31","6.9","1650"
"ブラザー工業 インクカートリッジ4色パックLC412-4PK対応型番:MFC-J7300CDW、MFC-J7100CDW他 小","167","95","500","289","¥ 5,290","","39","B0BCJTLKBS","B0H7BC8WK7","14.3","10.2","7.5","190"
"【整備済み品】ノートパソコン 富士通 A574/Office 2021/Win 11 Pro/15.6型/WIFI/Bluetooth/Core i5 4210M 2.6GHz/メモリー4GB/SSD128GB","81","29","","244","¥ 11,388","","1","B0CJ26L491","B0CJ26GTH3","46.5","28.8","6.1","2470"
"【整備済み品】 【今だけメモリ16GB】富士通 ハイスペックノートPC ■爆速第4世代Core i7/MS & Office 2019/Win 11/15.6型/無線WIFI/USB 3.0/DVDドライブ/初期設定済 (1)【MS Office・第4世代Core i7】16GB/256GB)","170","28","","18","¥ 38,999","","1","B0C7R8PPZ9","B0CB1R6349","43.4","33","8.1","2690"
"【整備済み品】 HP ノートパソコン 830G5/13.3型フルHD/Win 11/MS Office H&B 2019/第7世代i5-7200U 2.50GHz/メモリ 16GB/SSD 512GB/指紋リーダー/USB 3.0/WEBカメラ/初期設定済 (整備済み品)","171","30","","148","¥ 38,520","","1","B0C6CNLW7R","","42.1","31","7","1970"
"【整備済み品】【未使用品】一体型PC wajun Pro-X10 23.8型フルHD i5-4200M Office2024 4GB 128GB","173","38","","28","¥ 36,800","","2","B0CX4T9LF7","B0H468HWDG","65","44","25","6500"
"【Amazon.co.jp 限定】IODATA モニター 21.5型 省電力 (HDMI/アナログRGB/スピーカ付/VESA) EX-A221DB","175","81","500","796","¥ 12,980","¥ 12,980","2","B0CPXPKXHS","B0CSYWNW6M","55","42","13","4050"
"AIM1 瞬 ラピッドトリガー 0.01mm ゲーミングキーボード 75%サイズ ポーリングレート8000Hz MATATAKI (ブラック（3年保証）, 英語配列)","194","11","","511","¥ 15,980","","1","B0H93LHH9C","B0HD8LYSCY","37.4","23","7.4","1490"
"【整備済み品】 【Windows11Pro搭載】Office 2019搭載PanasonicレッツノートCF-LX6 シルバー色★高性能第7世代Core i5 7300U(2.6GHz)／8GBメモリ／SSD 512GB／14インチFHD／WiFi／Bluetooth／パソコン(8GB 512GB SSD)(整備済み品)","175","35","","34","¥ 30,500","","5","B09LGVMMM2","B09LGSLBRW","39.7","30.2","10.7","2000"
"【整備済み品】 LCD-AH221EDB-B(ブラック) 広視野角ADSパネル採用 21.5型ワイド液晶ディスプレイ (整備済み品)【付属品：電源ケーブル・HDMIケーブル】","207","32","","6","¥ 8,900","","3","B0BHDXS6W6","","56.3","41.8","12","4340"
"【整備済み品】 NEC ノートパソコン VK26/15.6型/Win 11/MS Office 2019/10キー/Core i5-4210M/WIFI/Bluetooth/HDMI/DVD (整備済み品) Win 11 Pro 8GB SSD 240GB","179","21","","11","¥ 22,999","","2","B09RQL6FFZ","B09N3C21VF","39.6","30.2","10.5","3090"
"【整備済み品】 Apple MacBook Air Early 2015(13インチAir,8GB RAM,256GB SSD,1.6GHz) (整備済み品)","185","25","","7","¥ 44,000","","2","B095HB7GLN","B095GFPSH9","39.3","29.8","7.1","2220"
"【整備済み品】ミニPC Endeavor ST190E i5-8500T HDMI Office2024 8GB 1TB","187","13","","1","¥ 50,800","","1","B0D4QBJFB6","B0GYN98RZD","43","28","7","2500"
"【Amazon.co.jp限定】 バーベイタムジャパン(Verbatim Japan) 1回録画用 DVD-R CPRM 120分 250枚(50枚x5パック) ホワイト 片面1層 1-16倍速 VHR12JP50V4","187","69","","11094","¥ 6,980","¥ 6,980","1","B0092K05Y0","B0CQ4TRVM9","39","30.5","12","4849"
"【整備済み品】 HP EliteDisplay E243i 24インチワイド(16:10) 1920x1200 IPSモニター VGA/HDMI/DP 高さ調整/回転 PS4/PS5/switch（整備済み品）","218","15","","3","¥ 11,000","","1","B07VS463K2","","62.5","41.8","27","8600"
"【整備済み品】 Apple 12.9インチiPad Pro(第3世代)用 Smart Keyboard Folio 日本語(JIS) MU8H2J/A (整備済み品)","190","42","","16","¥ 9,011","","1","B0CBJ63RCF","","33","26","7.2","610"
"【整備済み品】 ノートPC CF-SV7 レッツノート i5第8世代-8350U/メモリ8GB/SSD:256GB/Win11Pro搭載/DVDマルチ 12.1インチFHD MS OFFICE2019導入済み(ネオスミライ) CF-SV7RDAVS ノートパソコン パナソニック SSD:256GB(M.2規格) (整備済み品)","191","7","","82","¥ 23,768","","1","B0C8D47HVD","B0C8D5CGQM","30.3","22","8.1","1450"
"HUANUO (ファーノー) PCモニターアーム デュアル 液晶ディスプレイアーム 2画面 13～32インチ対応 耐荷重2～9kg","201","84","500","3416","¥ 6,698","","1","B07W3KK949","B0HFW96MHC","43.4","20.3","13.8","5100"
"【整備済み品】 NEC VersaPro ハイスペック ノートパソコン VK/15.6型/■爆速第4世代Core i7/Win 11/Office 2019/テンキー内蔵/無線WIFI/USB 3.0/HDMI/DVDドライブ/初期設定済 (整備済み品) (5)【MS Office・第4世代Corei7】8GB/512GB/10キー)","203","23","","17","¥ 31,499","","1","B0C7NZSVGG","B0CB1R3FTV","30","29","9","1000"
"Seagate BarraCuda 3.5インチ 内蔵HDD 6TB PC用 ST6000DM003/EC","204","97","1000","262","¥ 42,980","¥ 42,980","1","B0D8KQL8ND","B0B4Z8LLQX","19.3","14.9","5.2","700"
"【整備済み品】NEC ノートPC VK26/Windows11 Pro/MS Office 2019/第四世代Core-i5/15.6型液晶/テンキー付き/Wi-Fi/HDMI/DVD/USB3.0/RAM:8GB/ SSD 128GB","204","23","","12","¥ 17,800","","1","B09VFBRV9W","B09VFC9V46","30","29","9","1000"
"【NEW】2026年夏モデル エプソン プリンター EW-056A1 A4 インクジェット複合機 ソフトウェアディスク非同梱モデル(エプソン公式サイトよりプリンタードライバーをダウンロードしご利用ください) Wi-Fi 4色 独立型インク【Amazon.co.jp限定】","205","73","3000","186","¥ 8,610","¥ 8,610","1","B0H1M545W6","","46","37.1","19.4","4910"
"【整備済み品】 デスクトップ パソコン 第九世代 Core i5-9400 MS Office2019 H&B/メモリ 16GB / M.2 SSD 512GB + HDD 500GB / LAN/DVD-ROM/Display Port/VGA/Windows 11 / (整備済み品)","212","31","","95","¥ 38,810","","3","B0CRZ5KCJ1","","40","32","13","2000"
"玄人志向 電源ユニット 1200W ATX 電源 80 PLUS ゴールド PC電源 フルプラグイン セミファンレス KRPW-GS1200W/90+","226","81","","","¥ 22,477","¥ 22,477","2","B0G4M1SLJ4","B0H5RDFWQN","30.6","22.3","13","3290"
"【整備済み品】 Apple iPad Pro 2022 12.9インチ (第6世代) Wi-Fi + Cellular 256GB スペースグレイ (整備済み品)","207","36","","14","¥ 149,800","","1","B0BM8JH3HL","B0BM8K3J7G","29.4","22.8","5.2","1130"
"【整備済み品】 【Windows11搭載】東芝dynabook R63 ■Core i5-5200U / メモリ:8GB / SSD:512GB / Intel / 13.3型/ フルHD /Ｗebカメラ内蔵/Office 2019 (SSD512GB) (整備済み品)","211","17","","376","¥ 39,797","","1","B09P7HH9JH","B09P1R1V7J","39.7","30.2","10.2","1820"
"【整備済み品】 Panasonic パナソニック Let's note レッツノート CF-SV7(CF-SV7RDCVS) 第8世代 i5 ノートパソコン 12.1インチ Core i5-8350U メモリ8GB SSD256GB Windows 11 Pro(整備済み品)","212","27","","20","¥ 23,900","","5","B0C3FHK4BW","","28.4","20.4","3.5","900"
"【Amazon.co.jp限定】 ロジクール ワイヤレスキーボード 無線 MX KEYS mini KX700GRd 日本語配列 国内正規品","213","83","1000","1304","¥ 12,980","¥ 12,980","3","B0BWDSC5ZB","B0GK6LZ36T","31.5","14.6","4.2","620"
"【整備済み品】Wi-Fi STATION HW-01L インディゴブルー docomo Wi-Fiルーター 本体のみ クレードル無し","213","26","","6","¥ 5,600","","1","B0CZJND5YB","B0GT4WP4DZ","16","11.8","2.6","190"
"【整備済み品】 Apple 11インチiPad Pro(M5):Ultra Retina XDR ディスプレイ、256GB、横向きの12MP フロント/バックカメラ、LiDAR スキャナ、Apple N1によるWi-Fi 7、Face ID、一日中使えるバッテリー - スペースブラック","218","4","","1","¥ 189,000","","1","B0GF7BYQKJ","B0FYW9JGD2","28.7","24","6.1","840"
"【Amazon.co.jp限定】 ロジクール Webカメラ フルHD 1080P オートフォーカス ステレオマイク C920n 国内正規品","221","92","1000","7223","¥ 5,200","¥ 5,200","3","B07QQR6G5N","B0GK6YRB58","10.4","8.4","5.5","180"
"512GB【アプリ不要/アダプター不要】3in1 Phone対応 USBメモリ Phone用端子/Type-C/USB-A本体搭載 写真・動画直接保存","223","85","1000","1067","¥ 5,692","","2","B0GWCQZK26","B0GV3PN6N4","9.1","6.3","1.7","60"
"【整備済み品】 NEC ハイスペック ノートパソコン/15.6インチ液晶/CPU:爆速第4世代Core i7/テンキー搭載/無線LAN/Wi-fi/MS Office2019/DVD/Windows 11搭載/日本語キーボード(黒または白)/HCMA電源コード付属/在宅勤務 仕事用 学習用 初期設定済/(整備済み品) (5)MS Office/第4世代Core i7/16GB/SSD:512GB/10キー)","223","23","","66","¥ 35,099","","1","B0C7YS6Y3S","B0CDQLWYVD","39.9","31.4","5.3","2910"
"【整備済み品】 Apple iPad Pro 12.9インチ (第 5 世代) Wi-Fi + Cellular 512GB スペースグレイ (整備済み品)","240","26","","45","¥ 138,877","","5","B09BYSBN1V","B09BYRXYBD","29.5","22.5","5.2","1140"
"【brother純正】インクカートリッジブラック(大容量) LC3119BK 対応型番:MFC-J6983CDW、MFC-J6583CDW、MFC-J5630CDW 他","228","76","300","311","¥ 5,200","¥ 5,345","50","B01N7T2Z4V","B077HRZY8Z","13.3","9","4","120"
"【整備済み品】 PHILIPS 21.5インチワイド W-LED AH-IPS液晶モニタ 221S6QHAB/11/1920x1080/フルHD/HDMI/Switch対応(整備済み品)","265","20","","15","¥ 6,000","","1","B098PVDTBS","","57.6","45.4","38.5","4690"
"【整備済み品】デル デスクトップPC 3040 i5-6500 HDMI DVD-RW Office2019 16GB 256GB","257","25","","32","¥ 32,220","","1","B08ZJ2ZQ51","B0GK6KQZCW","46","30","18","6500"
"Amazonベーシック microSDXC メモリーカード 1TB フルサイズアダプター付き A2 U3 読み込み速度最大100MB/秒 ブラック","233","77","50","2120","¥ 34,439","¥ 34,439","1","B08TJTBSGP","B08TJXX3MD","23.2","17.8","1","50"
"【整備済み品】 パナソニック Let`s note CF-LX6■第7世代Corei5-7200U/14.0型FHD(1920×1080)/Windows11搭載/Office2019/WiFi&Bluetooth/ノートパソコン 在宅勤務 仕事用 学習用 初期設定済(整備済み品) (2)MS Office/第7世代Core i5/4GB/SSD:256GB)","233","17","","6","¥ 22,999","","1","B0CZHW3CB1","B0CZLPVMPG","4","3","1.1","2200"
"【整備済み品】ノートPC CF-SV9 レッツノート i5第10世代-10310U/メモリ16GB/SSD:1TB/12.1インチFHD Type-C搭載機種 Win11Pro搭載 新しい同様バッテリー交換済み MS OFFICE2019導入済み(ネオスミライ) CF-SV9 ノートパソコン パナソニック 新しいSSD:1TB(NVMe)交換","239","31","","65","¥ 57,220","","1","B0D4VCGM9V","","30.1","21.9","7.7","1360"
"Dell S3225QS 31.5インチ 4K モニター","301","73","50","19","¥ 60,980","¥ 60,980","1","B0GR4NHFSJ","B0GTNNDG58","92.5","52","17","13650"
"キヤノン Canon 純正 インクカートリッジ BCI-331(BK/C/M/Y/GY)+330 6色マルチパック BCI-331+330/6MP","244","80","2000","1564","¥ 7,400","¥ 7,400","60","B09HMJNTSN","","11.4","10.3","4.4","180"
"【Amazon.co.jp限定】SanDisk SSD 外付け SDSSDE61-1T00-GH25 エクストリーム エコパッケージ","245","114","1000","5270","¥ 35,144","¥ 35,144","1","B08P4CN4YC","B0CL8HSYF3","26","20","12","100"
"BENFEI 10個 DisplayPort（ディスプレイポート） - HDMI 変換ケーブル、最大4K＠30Hzまでの解像度に対応（オスからメス、逆方向に非対応)","243","74","","70671","¥ 5,999","","1","B08CRKX4QD","B0D91VRTJJ","12.7","9.5","9.1","322"
"【ブラザー純正】 ブラザー工業(Brother Industries) インクカートリッジブラック(大容量)LC412XLBK対応型番:MFC-J7300CDW、MFC-J7100CDW他","247","94","500","215","¥ 5,000","¥ 5,000","31","B0BCJY9F52","B0H7BBKCNP","16.6","8.9","3.9","120"
"【Amazon.co.jp限定】 アイリスオーヤマ モニター 24インチ Full HD(1920×1080) 国内サポート VAパネル スピーカー内蔵 100Hz フリッカー軽減 非光沢タイプ ディスプレイ HDMI ブラック DT-IF235S-B","247","92","500","452","¥ 11,800","¥ 11,800","1","B0DWZYWMH3","B0HDN5R7KP","61.2","40.5","10.5","3920"
"KTC 24.5インチ ゲーミングモニター FHD 240Hz Fast IPS H25T7-A","248","89","500","481","¥ 13,980","","2","B0D9K8WK2Q","B0H97P72BK","63","48","13","5040"
"【整備済み品】Apple iPad Air 13 インチ (M3) Wi-Fi+Cellular 128GB ブルー","248","5","","3","¥ 135,800","","2","B0F4CFY887","B0F4BWFFP2","31.1","24","5.9","1070"
"【整備済み品】 東芝 ノートパソコン dynabook B35/D Win11Pro Office 2019 Corei3-5005U 2.0GHz メモリー4GB SSD1TB Bluetooth 10キー搭載 SDスロット WIFI 15.6インチ (整備済み品)","248","25","","538","¥ 27,800","","1","B0C61RWSV1","B0C61VGYR4","44.9","27.3","6.3","2390"
"【整備済み品】 HCMA 富士通 タブレットPC 10.1型 ARROWS Tab Q506/Windows 10 Pro/MS Office 2019/カメラ内蔵/IPS Alpha液晶/WUXGA(1920×1200)/Atom x5-Z8500/WI-FI/Bluetooth/メモリ:4GB/SSD:64GB (整備済み品)","249","18","","28","¥ 13,320","","1","B0B42Z8P7Y","","31.3","23.8","6.1","1040"
"【整備済み品】 【大容量メモリ:12GB搭載】富士通 超軽量・薄型 LIFEBOOK U937/U938■爆速第7世代Corei5-7300U/Office 2019/13.3型FHD(1920x1080)/WEBカメラ/Windows11搭載/モバイルPC/初期設定済(整備済み品) (5)重量:799g/FHD(1920x1080)/12GB/SSD:512GB/カメラ内蔵)","250","12","","5","¥ 32,399","","1","B0D1GRK2QH","B0D1KT9LRT","30.9","21.2","1.5","800"
"キヤノン コンパクトフォトプリンター SELPHY CP1500 ホワイト 普通","251","105","500","2241","¥ 15,880","¥ 16,800","52","B0B5ZZPSDL","B0GX51L9Q8","23.5","21.8","13.1","1650"
"【整備済み品】 【Amazon.co.jp 限定】DELL デスクトップPC 7010/■Core i7-3770/Office 2019/HDMI/WIFI/無線LAN/DVD/(整備済み品) (7)【MS Office・Win11】i7/16GB/SSD128GB)","254","27","","8","¥ 26,800","","2","B0CB4GYRBM","B0B42XQ3YM","38.8","30.5","11.2","5290"
"【Amazon.co.jp限定】 SanDisk microSD カード Extreme SDSQXAV-512G-GH3MA 簡易デザインパッケージ","256","77","500","6091","¥ 21,769","¥ 21,769","3","B0B219HC22","B0CNJL86F1","12.6","7.5","2.1","20"
"【整備済み品】Apple iPad Pro 11 インチ (M4)WiFi＋Cellular 1TB Nano-textureガラス搭載 シルバー (整備済み品)","256","5","","","¥ 203,800","","1","B0FZS8PRCW","B0FZSTNR95","30.7","22.7","4.6","670"
"Logitech(ロジクール) Keys-to-Go Bluetoothキーボード iPhone iPad Mac用 オフホワイト","258","19","","222","¥ 18,065","","10","B0D2FJ6CN8","B0G3PSGV5G","24.8","11.4","3.7","381"
"SanDisk (サンディスク) 128GB Extreme PRO SDXC UHS-I メモリーカード - C10、U3、V30、4K UHD、SDカード- SDSDXXD-128G-GN4IN","260","110","1000","47288","¥ 7,990","","9","B09X7FXHVJ","B0D2XWS5GR","18.2","12.7","1","18"
"ST2000NM0001 Seagate 2TB 7.2K 6Gb/s SAS 3.5インチ HD (認定整備済み)","260","105","","9","¥ 11,445","","13","B07PGBS9QQ","","20.1","12.5","5.9","709"
"【整備済み品】 PHILIPS 243V5Q/23.6インチワイド/HDMI液晶モニタ/1920x1080/W-LED システム/フルHD/HDCP/Switch·PS4対応 (整備済み品)","267","23","","98","¥ 7,250","","2","B08KJ7RFC8","","62","47.6","26.4","4880"
"バッファロー Wi-Fi 6 中継機 2401+573Mbps EasyMesh コンセント直挿し 外付けアンテナ WEX-3000AX4EA/N","264","85","1000","490","¥ 9,980","¥ 9,980","1","B0DJV98JTL","B0DKMT4LM4","21.8","16.9","6.7","640"
"【整備済み品】レノボ ノートパソコン Lenovo ThinkPad X1 /第8世代Core i5-8350U/Windows 11/メモリ8GB+SSD 256GB/512G/Office搭載/14型IPS液晶(1920*1080)/薄型・軽量 ノート PC/USB 3.1/Type-C/WEBカメラ/HDMI/日本語キーボード搭載 (KS-X1Carbon-8G+512G)","266","38","","58","¥ 35,140","","3","B0CDPVY2J7","","40.3","27.9","11.2","1740"
"【整備済み品】 ノートパソコン 富士通 FUJITSU A574 /■ 高性能第4世代Core i7/内蔵テンキー搭載/Office2019/メモリ8GB /Windows11 /無線LAN/HDMI/DVD/在宅勤務 仕事用 学習用 初期設定済 15.6型 (整備済み品) (内蔵テンキー搭載, SSD 256GB)","310","19","","5","¥ 26,999","","1","B0C4PXMG2R","B0C4QCSG1C","25","15","3","1000"
"【整備済み品】 【今だけメモリ16GB】レノボ ThinkPad L580 ■第8世代Core i5/無線LAN＆Bluetooth/15.6インチ/MS Office 2019/Windows11/高いパフォーマンス/ノートパソコン (整備済み品) (2)MS office/第8世代Core-i5/16GB/512GB)","271","27","","43","¥ 40,499","","1","B0CVGVPJPQ","B0CVH53F3G","39","30","4","2400"
"Anker Nano Charging Station (6-in-1, 67W) ホワイト","272","93","200","1500","¥ 6,990","","1","B0C5JB3RJM","B0CJJ7CH42","19.3","9.5","5","350"
"【整備済み品】 東芝 高性能 第4世代Corei7 テンキー内蔵 Win11 Office2019 無線LAN WIFI USB3.0 DVDドライブ 初期設定済 ハイスペック ノートパソコン(整備済み品) (4)【MS Office・第4世代Corei7】8GB/256GB/10キー)","274","19","","8","¥ 27,999","","1","B0C7RJ61BR","B0CB1NBGG9","35","25","3","1000"
"Lexar Silver Plus 128GB Micro SDカード 最大205MB/s MicroSDXC UHS-Iフラッシュメモリーカード アダプター付き C10 U3 A2 V30対応 フルHD 4K UHD 高速TFカード ドローン アクションカメラ 携帯型ゲーム機対応","275","133","500","4902","¥ 5,980","","20","B0CZKZ8Q66","B0FY9CBXMP","13.9","10","1.1","20"
"【整備済み品】 軽量薄型dynabook G83 ■ 13.3型FHD(1920x1080) タッチパネル / 第10世代Core i5 / メモリ 8GB / SSD 256GB / Ｗebカメラ/WiFi&Bluetooth/USB Type-C / Win11搭載 / MS Office 2021","130","10","","32","¥ 29,800","","1","B0CQFXQZ8F","","25","25","7","2000"
"512GB【アプリ不要】4in1プッシュ式 USBメモリ Phone/Android/PC対応 USB3.0高速転送 写真・動画・データ保存","278","109","500","995","¥ 5,692","","2","B0GZ3JRLLY","B0HCTSZ97V","9","6.3","1.7","50"
"【整備済み品】 Dell モニター 23.8インチ 超広視野角&スリムベゼル/フルHD/IPS 非光沢/DP,HDMI,D-Sub/高さ調整 回転/プレミアムパネル3年保証 P2417H (整備済み品)【付属品：電源ケーブル・HDMIケーブル】","279","21","","3","¥ 13,500","","1","B09PN1PP8B","","62","39","17","7280"
"【整備済み品】Apple iPad Air 11 インチ (M3) Wi-Fi+Cellular 1TB スターライト","306","1","","4","¥ 178,800","","","B0F4C5TS9D","B0F4C6CWQD","35.1","26.3","6.9","900"
"【整備済み品】 Apple iPad Pro 2022 12.9インチ (第6世代) Wi-Fi 256GB スペースグレイ (整備済み品)","281","37","","28","¥ 146,800","","3","B0BM8HF4H1","B0BM8JBN4V","34.1","25","7.3","950"
"【整備済み品】 【Win11搭載】 PanasonicレッツノートCF-SV7 第8世代Core i5／8GBメモリ／SSD 256GB／12インチFHD／DVDマルチ／WiFi／Bluetooth/Office/中古パソコン (整備済み品)","282","27","","19","¥ 25,199","","2","B0CLY4TF37","","35.8","26.9","13.7","2160"
"バッファロー Wi-Fi 5 ルーター 866+300Mbps デュアルバンド WCR-1166DHPL/N","289","90","2000","1576","¥ 5,980","¥ 5,980","2","B0DDXX3558","","22","16.5","7.4","550"
"KASIMO LANケーブル 50m ランケーブル CAT8 カテゴリー8 超高速 40Gbps/2000MHz 有線lanケーブル (ホワイト)","291","58","","2240","¥ 6,136","","1","B0BLC2GZ74","B09DCMDF1T","34.8","24.4","6.4","1860"
"【整備済み品】 レノボ 軽量・薄型 モバイルパソコン ThinkPad X250■第5世代Core i5-5300U/12.1型/Office 2019/Windows11/WIFI/USB3.0/メモリ:8GB/SSD:512GB/ノートパソコン/在宅勤務 仕事用 学習用 初期設定済(整備済み品)","293","7","","2","¥ 25,999","","1","B0D11XFTMJ","B0D1YNRGPY","93","40.5","31","1430"
"【整備済み品】 NEC ノートパソコン Vシリーズ■第7世代i5-7200U/15.6型/Windows 11/Office 2019/メモリ 8GB/SSD 256GB/無線WIFI/HDMI/USB 3.0/DVDドライブ/初期設定済/高いスペックノートパソコン(整備済み品)","294","9","","","¥ 27,999","","1","B0CZTWH2SP","B0D121VTYX","82","49.4","29.9","3030"
"【初回生産分】 Snow Man ASIA TOUR 2D.2D. (Blu-ray2枚組)(通常盤Blu-ray)(スリーブケース＋トールケース仕様、ライブ用銀テープ封入)","294","51","","5368","¥ 7,999","","1","B08ZHMR4CB","","22.4","14.9","2.6","170"
"シャオミ(Xiaomi) タブレット Redmi Pad 2 4GB+128GB ラベンダーパープル wi-fiモデル 2.5K 大型11インチディスプレ Dolby Atmos対応 9000mAh 大容量 バッテリー 高性能チップHelio G100-Ultra 2TBまでmicroSDカード拡張 Xiaomi相互接続機能対応 軽量 エンターテインメント 子供用にも 日本語版","295","96","500","814","¥ 24,980","¥ 24,980","12","B0F9P1B6R4","B0HGQ7T2F5","26.6","17.9","4.4","880"
"【整備済み品】 【今だけメモリ16GB】富士通ノートパソコン LIFEBOOK A577■第7世代Core i5-7200U/Office 2019/DVD/WIFI/Windows11/初期設定済み 仕事用/在宅勤務/学習用(整備済み品) (5)第7世代Core-i5/MS office/RAM:16GB/SSD:512GB)","134","10","","","¥ 26,999","","1","B0CVN2K7ZZ","B0CVNDXJ27","39.1","30.6","4.9","2440"
"Void Gaming GENESIS ゲーミングコントローラー pc ゲームパッド 無線 有線 対応 ポーリングレート 8000Hz TMR","299","74","500","215","¥ 12,980","","1","B0GY76SN2T","B0H1LKBJSX","26.8","26.2","9","630"
"【Amazon.co.jp限定】 Logicool G PRO X2 SUPERSTRIKE ゲーミングマウス G-PPD-004WL-STRKd","303","97","1000","312","¥ 23,850","¥ 23,850","1","B0GGX35X72","B0GHLJCNTN","18.4","11.7","7.1","330"
"【整備済み品】 超軽量・頑丈デザイン Let`s note CF-SV9 ■12.1インチWUXGA(1920x1200) - Win11搭載 - 第10世代Core i5-10310U - メモリ8GB - SSD 256GB - Webカメラ内蔵 - WiFi&Bluetooth - USB Type-C - MS Office 2019 (整備済み品)","303","39","","21","¥ 69,800","","2","B0CYZN9X1V","B0CYZHW3WS","42","27","8","1800"
"HyperX Origins 2 1800 ゲーミングキーボード 有線 USB-A 日本語配列 ブラック 日本正規代理店品 B4QS4AA#ABJ","305","16","","1","¥ 20,520","¥ 20,520","1","B0GC3ZFTHB","","42.2","17.5","5.7","1300"
"Logicool G ゲーミングヘッドセット G335 ゲーミング ヘッドセット G335BK 軽量 222g 3.5mm 有線 立体音響 ステレオ 2.1ch フリップミュート マイク付き PS5 PS4 PC Switch 2 Xbox スマホ 対応 ヘッドホン ヘッドフォン ブラック 国内正規品 (× 3)","306","24","","2693","¥ 17,940","¥ 17,940","","B0H8F4DKCC","B0GS5B1V5Y","23.3","20.8","9.2","1530"
"【整備済み品】Apple iPad (A16) 11 インチ Wi-Fi + Cellular 128GB ブルー","306","5","","1","¥ 82,699","","6","B0F48JHQ83","B0F48PBTS8","31.7","22.2","5.5","550"
"【リチャージWiFi】バッテリーレス ケーブル 一体型 100GB 365日 ギガ付き ポケット WiFi 月額 0円【M4-100GB/365日】","311","80","2000","817","¥ 7,980","","1","B0DXVNKZ8T","B0HFRSZ2S2","25.3","18.7","1.9","60"
"Apple 2026 MacBook Air M5チップ搭載13インチノートブック：AIとApple Intelligence、13.6インチLiquid Retinaディスプレイ、16GBユニファイドメモリ、1TB SSDストレージ、12MPセンターフレームカメラ、日本語キーボード、Touch ID - スカイブルー","312","90","50","13","¥ 250,920","¥ 250,920","1","B0GR1QRHVC","B0GR5JCTNC","37.7","28.4","6.7","2300"
"【整備済み品】 【Amazon.co.jp 限定】Dell 液晶モニター 21.5インチ E2216H フルHD（1920×1080) 液晶ディスプレイ/アスペクト比(16:9)/[Displayport/VGA/D-Sub15ピン] (整備済み品)","131","25","","29","¥ 6,500","","1","B0973GF3F5","","52","40","18","3640"
"The Shawshank Redemption (Blu-ray Book Packaging)","380","49","","11191","¥ 7,545","","3","B000Q67876","","17.7","14.5","1.2","181"
"【整備済み品】 【大容量メモリ:16GB搭載】レノボ 薄型・軽量 モバイルパソコン ThinkPad X260/X270■爆速第6世代Core-i5/Ｗebカメラ内蔵/Windows11/SSD:512GB/Office 2019/12.5型/HDMI/WIFI/ノートパソコン 在宅勤務 仕事用 学習用 初期設定済(整備済み品)","315","29","","9","¥ 39,999","","1","B0D14W5NJH","B0D1YS2JJQ","30.5","20.8","20","1430"
"【整備済み品】 ノートパソコン FUJITSU LIFEBOOK 577/S 第7世代 インテル Celeron 3865U MS Office2019 H&B/メモり 8 GB/SSD 256GB / マルチDVD RW / 15.6inch /WIFI/Bluetooth/HDMI/VGA/Windows11(整備済み品)","316","31","","137","¥ 14,220","","3","B0CLV2Z3N5","B0H74ZRLBX","45.5","27.8","5.3","2320"
"【予約商品：2026年8月28日発売】「国内正規品」Keychron Nape Pro トラックボールマウス 25mmボール 8方向対応 ブラック","318","23","1000","82","¥ 12,650","","1","B0GRTXGV6C","B0GS1TDLXC","18.8","9.9","5","240"
"【Amazon.co.jp 限定】PHILIPS 液晶TypeCモニター (23.8インチ/IPS/FHD/120Hz/1ms/5年保証/HDMI, USB Type-C(65W急速給電)/チルト/昇降・高さ調節/ちらつき防止/ブルーライト軽減/スピーカー付/AdaptiveSync/省資源化パッケージ/ケーブル付/電源内蔵) PCモニター 24E1N2300AE/11 【国内正規品】","318","88","500","80","¥ 16,900","¥ 16,900","1","B0FCQPC9FQ","B0FD391XXV","73.2","39.1","14.2","6910"
"【Amazon.co.jp限定】MSI ビジネスモニター PRO MP2412 薄型 VAパネル フルHD/23.8インチ/HDMI/DisplayPort/リフレッシュレート100Hz/応答速度1ms(MPRT)/ブルーライトカット/アンチフリッカー/VESA75対応/メーカー3年保証","319","107","1000","502","¥ 9,980","¥ 9,980","1","B0CDBS93QZ","B0GYRGF9TZ","62","48.2","12.9","5580"
"エプソン 純正 インクカートリッジ IB09CL4B ４色パック 大容量インク","320","76","500","338","¥ 8,159","","29","B08JFX2JGW","B0BQVLFLK8","12.2","9.8","6.2","170"
"IODATA GCFX ゲーミングモニター 27型 WQHD 275Hz 1ms (HDMI/DP/VESA/チルト調整) EX-GDQ271UA","321","152","400","464","¥ 26,980","¥ 26,980","6","B0FRS96GV9","B0HFMSLH3Y","69","45.9","15.5","5300"
"パナソニック(Panasonic) 三角タップ ブラック 【純正パッケージ品】 10個セットWH2012BP10P","322","49","","342","¥ 6,126","¥ 6,126","1","B0BVZ6HSL9","B0977FSS4S","18.3","10.2","6.5","360"
"【整備済み品】エイチピー ミニPC ProDesk 400G5 i3-9100T Office2024 8GB 1TB","323","14","","17","¥ 49,800","","1","B0C53FZDGR","B0C53JLJLV","46","30","18","6500"
"GameSir G7 Pro PCコントローラー（ゼンレスゾーンゼロコラボモデル） XBOXワイヤレスコントローラー PC/Xbox/Androidゲームコントローラー 1200mAH大容量バッテリー TMRホール効果スティック 1000Hzポーリングレート ZZZコントローラー 追加ボタン＆トリガー/グリップ振動モーター搭載 トリガーストップ＆背面ボタンロック付きゲームパッド 光学式マイクロスイッチABXYボダン Bluetooth/USBトングル/有線接続 ドリフト防止","327","79","300","295","¥ 16,999","","1","B0G6DCNFDN","B0GWML6HWP","25","21","18","1920"
"【ワコム直営店ストア限定モデル】Wacom Intuos Medium ベーシック CTL-6100/K2 ワコム ペンタブレット 板タブ お絵かきソフトウェア付き 黒 Androidにも対応","329","93","1000","220","¥ 6,270","","24","B0FP4JHHFW","","29","22.7","3.6","710"
"【Amazon.co.jp限定】 Logicool G PRO 2 LIGHTSPEED ゲーミングマウス G-PPD-002XWL-BKd","331","112","1000","455","¥ 11,990","¥ 11,990","2","B0D9VVJ967","B0G2BTPH36","22.3","11.2","6.7","260"
"HyperX Origins 2 65 ゲーミングキーボード メカニカル 有線 日本語配列 65% ブラック 日本正規代理店品 B4QS3AA#ABJ","331","18","","8","¥ 16,200","¥ 16,200","1","B0GC3TRFL2","","35.6","14.9","5.2","950"
"【整備済み品】 富士通 ノートパソコン FUJITSU LIFEBOOK U938 Intel Core i5-8350U(1.7GHz)/SSD 搭載/Windows11office搭載/薄型・轻量・クロームブック FHD1920x1080・13.3inch 指紋認証/HDMI/Ｗebカメラ搭載/WIFI/Bluetooth/高いパフォーマンス (整備済み品) (8GB+SSD256GB)","331","19","","27","¥ 25,999","","2","B0CH194M1P","","40.2","28.1","11.2","1520"
"エプソン 純正 インクカートリッジ カメ KAM-6CL-L 6色パック 増量","332","83","1000","4491","¥ 7,487","¥ 7,763","53","B07GZD36XP","","13","8.5","7.8","190"
"【整備済み品】 Apple iPad Pro 9.7 インチ (第１世代) Wi-Fi + Cellular 32GB ローズゴールド (整備済み品)","333","34","","87","¥ 23,000","","1","B09BZ5DDD7","B09BYJ7PP5","32.5","23.7","3.3","620"
"Amazon限定 キオクシア 内蔵 SSD 480GB 2.5インチ 7mm SATA EXCERIA SSD-CK480S/R","334","150","300","37","¥ 11,680","¥ 11,680","1","B0GVXYFL7Y","B0GXDW418Y","14.7","11.3","2.2","100"
"【Amazon.co.jp限定】Dell SE2426HG 23.8インチ ゲーミングモニター","336","115","1000","151","¥ 14,980","¥ 14,980","1","B0G6JV85HG","B0GKPJRST9","61","40","12","4700"
"【Amazon.co.jp 限定】Western Digital ウエスタンデジタル WD Red Plus 内蔵 HDD 8TB CMR 3.5インチ SATA 5640rpm キャッシュ256MB NAS メーカー保証3年 WD80EFPX-AJP エコパッケージ 【国内正規取扱代理店】","337","100","500","411","¥ 50,980","¥ 50,980","6","B0CP7CFNK4","B0G29Q8V4L","18.3","14.2","4.4","750"
"【整備済み品】ノートパソコン LIFEBOOK A577 15.6型 Win 11Pro MS Office H&B 2024","339","20","","83","¥ 26,820","","1","B0B1N3RTJ7","","44.5","31.4","10.2","2710"
"KTC 27インチゲーミングモニター WQHD (2560x1440) Fast IPS 200Hz (210OC可能）1ms(MPRT) 131%sRGB HDR400 低ブルーライト フリッカーフリー FreeSync & G-Sync対応 PS5対応 HDMI2.0×2 DP1.4×2 VESA 100*100 H27T22C-3","341","105","1000","1462","¥ 23,730","","2","B0D9KGG1B6","B0H97KHW33","69","48.5","16","7110"
"エプソン 純正 インクボトル 鉛筆削り IT08KA ブラック 小型","341","75","500","108","¥ 5,455","¥ 5,455","37","B08BND35G2","B0DRHK94RN","16.1","5.2","5.1","180"
"【整備済み品】Apple iPad Air 11 インチ (M2) Wi-Fi 256GB スターライト","341","5","","23","¥ 126,699","","3","B0DJYW11BQ","B0DJYWJZGQ","26.4","19.2","5","880"
"【整備済み品】【 大画面見やすい15インチ office搭載】NEC ノートパソコン windows11 VKT16X-3 Corei5-8世代 8メモリ 高速SSD カメラ内蔵《DVDドライブ/Office/無線LAN/Bluetooth/テンキー付き/リカバリー用USB64GB/ZEROセキュリティ》 (メモリ8GB, SSD256GB)","342","7","","","¥ 35,200","","1","B0D61XJK6F","B0D61Z9XBF","42","34","9","2920"
"シャオミ(Xiaomi) REDMI Pad 2 9.7 タブレット 4GB+64GB グラファイトグレー wi-fiモデル 9.7インチ 2K 120Hzリフレッシュレー7600mAh大容量バッテリー Snapdragon 6s 4G Gen 2 2TBまでmicroSDカード拡張 Xiaomi HyperOS 3搭載 軽量 エンターテインメント 子供用にも 日本語版","346","136","500","76","¥ 19,980","¥ 19,980","15","B0GWKNKXM7","B0H2MBSM7Q","24.3","17.8","4.7","640"
"Inateck iPad A16 第11世代/第10世代用 JIS日本語配列 キーボードケース 超軽量450g","382","83","300","555","¥ 5,679","","1","B0G1B6JGSL","B0DN5XPQG9","28.7","21.7","3.2","820"
"【整備済み品】デスクトップPC ProDesk 600G1 22型液晶セット i5-4570 DVD Office2019 4GB 1TB","351","21","","10","¥ 42,800","","1","B09YYF5BVY","B09YXTL6WW","46","30","18","6500"
"【整備済み品】 東芝 薄型・軽量化ノートパソコン DynaBook R73、メモリ8GB、intel Core-i5-6200U 高速SSD:512GB、4K画面出力、Windows11 Pro、Office 搭載(整備済み品)(2)MS Office/第6世代Corei5/8GB/512GB)","352","14","","2","¥ 26,999","","1","B0CZDZJ2PZ","B0CZJRXP4C","4","2.8","1.1","2000"
"【整備済み品】 テレワーク応援外付けＷebカメラ付き【Win11搭載】 PanasonicレッツノートCF-SZ6 ★第7世代Core i5(2.6GHz)／8GBメモリ／SSD 256GB／12インチFHD／WiFi／Bluetooth Office 無線マウス パソコン (整備済み品)","354","27","","50","¥ 17,500","","5","B09LLRJVLX","","39.7","30.3","5.3","1380"
"【整備済み品】 ノートパソコン MS office2024 Windows11 L580シリーズ 第8世代 Core i5 15.6インチ液晶/Webカメラ/WIFI/Bluetooth/HDMI/10キー/USB3.0/DDR4 SDRAM ノートPC 無線マウス付き laptop メモリー:8GB 高速SSD:256GB","356","19","","24","¥ 29,800","","1","B0CFTZ2YVL","B0CFTZXBZR","54.9","47","8.2","2970"
"バッファロー ポータブルHDD 2TB USB3.1(Gen1)/USB3.0用 HD-PCFS2.0U3-BBA","358","126","1000","8294","¥ 23,000","¥ 23,480","30","B07D7978NV","B08BZKCV79","15.7","12.7","3.7","230"
"【整備済み品】 富士通 極薄・極軽 LIFEBOOK U938 ■第8世代Core i5/メモリ8GB+SSD 256GB/Windows11/office搭載/FHD1920x1080・13.3inch/HDMI/Ｗebカメラ搭載/WIFI/Bluetooth/高いパフォーマンス/ノートパソコン (整備済み品)","359","11","","9","¥ 33,999","","1","B0CRVVDBTY","B0CVH6YKTK","106.7","81","33.5","2000"
"BENFEI 10個 HDMI-VGA(D-SUB)アダプター (オスからメス、逆方向に非対応) 1080pフルHD HDMI to VGAアダプタ コンピューター、デスクトップ、ノートパソコン、PC、モニター、プロジェクター、HDTV、Chromebook、Raspberry Pi、Rokuなどに - ブラック","359","73","","61643","¥ 8,299","","1","B08CND55T5","B0CG51BPKX","16.5","10","9.5","460"
"【整備済み品】 DELL 2in1ノートパソコン Latitude 5290■第8世代Corei5-8250U/キーボード搭載/メモリ:8GB/SSD:256GB/Office 2019搭載/Windows11/12.3インチ タブレット(1920 x 1280)/Webカメラ/USB Type-C/WIFI/Bluetooth(整備済み品)","363","27","","17","¥ 43,999","","1","B0CWB2DGH3","B0CXN9DM61","40.3","28","11.2","900"
"【整備済み品】 Apple iPad Pro 2022 11インチ (第4世代) Wi-Fi + Cellular 128GB スペースグレイ (整備済み品)","364","3","","13","¥ 129,798","","1","B0BM8JB5NK","B0BM8JNJSQ","26.2","19","5","900"
"【タブレット 10インチ】Android16 強化版 Wi-Fi6 モデル タブレット、24GB+128GB+2TB拡張、2.0GHz高速CPU搭載、Wi-Fi6Bluetooth5.4、Type-C充電+6000mAh、WidevineL1/Netflix/YouTube対応、児童守護·無線投影、動画/電子書/マンガ見る 保護フイルム貼り済み","366","99","1000","261","¥ 11,999","","1","B0GY8C3LCG","B0HBBFNF97","27","19.1","7.2","880"
"HyperX SoloCast 2 コンデンサーマイク 内蔵ショックマウント ゲーム実況 USBマイク ブラック 日本正規代理店品 AR0A0AA","366","95","1000","2479","¥ 8,080","¥ 8,080","1","B0FLKJ7FH7","B0G5PZGSGD","19.3","7.7","7.6","490"
"Anker Nano Charging Station (7-in-1, 100W, 巻取り式 USB-Cケーブル) ブラック","368","84","1000","797","¥ 8,990","","2","B0DPWW49HK","B0FKGL9NWD","17.5","16","6","680"
"【整備済み品】 W.R.K NEC ノートPC VCシリーズ/[ PC ステージ 無線マウス付属] /MS Office 2019/Win 11 Pro/13.3型/Core i3-4100M/4GB/SSD128GB (整備済み品)","370","20","","71","¥ 16,800","","1","B0B7MKHZQX","B0B7MQ5QDV","40.9","24.8","7.1","1560"
"【整備済み品】 NEC ノートパソコン VK27 office/Win11/搭載　15.6インチ液晶 Corei5-4210m 2.6GHz メモリー8GB/SSD:256GB /USB3.0/HDMI/10キ/§ＡのWIFI/搭載DVDドライブ搭載/ノートパソコン (メモリ:8GB/SSD:256GB(整備済み品)","373","22","","202","¥ 23,220","","1","B09K6K1JMT","","45.8","28.6","7.8","3230"
"【整備済み品】Apple iPad mini (第7世代) A17 Pro Wi-Fi 6E + 5G 128GB スペースグレイ","375","5","","20","¥ 109,880","","4","B0FKGP8WDW","B0FKGL8NHM","31","24.5","6.5","200"
"【整備済み品】 ノートPC CF-SV7 レッツノート i5第8世代8350U/メモリ8GB/SSD:256GB/Win11Pro WEBカメラ 12.1インチFHD MS OFFICE2019導入済み(ネオスミライ) CF-SV7 ノートパソコン パナソニック SSD:256GB(M.2規格) (整備済み品)","376","18","","48","¥ 21,721","","1","B0CB1TSBX7","B0CB1RTLN8","29.9","21.8","7.6","1410"
"エプソン 純正 インクカートリッジ サツマイモ SAT-6CL 6色パック","378","70","1000","2579","¥ 5,500","¥ 5,827","59","B07VJDW2BR","","10.9","9.1","7.7","160"
"【整備済み品】 Apple MacBook Air Retina 2020(13インチAir,8GB RAM,256GB SSD,Core i3 1.1GHz) シルバー (整備済み品)","379","25","","15","¥ 84,084","","6","B096D9Y8LP","B096DHQKY9","45","40","15","2000"
"バッファロー Wi-Fi 7 ルーター 5764+688Mbps EasyMesh 有線10Gbps デュアルバンド WSR6500BE6P/N10G","380","116","500","30","¥ 28,780","¥ 28,780","1","B0GY4L7J9V","B0FTMB2CNK","26.4","20.9","8","950"
"【整備済み品】Apple iPad mini(A17 Pro):Apple Intelligence、8.3 インチ Liquid Retina ディスプレ イ、256GB、Wi-Fi 6E、12MP フロントカメラ/12MP バックカメ ラ、Touch ID、一日中使えるバッテリー ‒ スターライト","388","3","","15","¥ 110,950","","","B0F9P1GBM4","","23.8","19.5","6.4","450"
"【整備済み品】 NEC ノートパソコン VK26 VK27/Office 2019/■高性能第4世代Core i7/10キー/Windows11 Pro/WIFI/HDMI/15.6型/16GB/(整備済み品) (テンキーあり, SSD 256GB)","385","33","","88","¥ 35,999","","2","B0C546HKDC","B0C547X6PC","40","33","8","2940"
"【整備済み品】 NEC ノートパソコン VKシリーズ ■CPU:爆速第4世代Core i7/■メモリ16GB/SSD:512GB/Office 2019搭載/Windows11/15.6インチ液晶/無線LAN/DVD/WIFI/NoteBook PC office付き/在宅勤務 仕事用 学習用 初期設定済 HCMAの電源(整備済み品)","388","17","","7","¥ 26,999","","1","B0CDC7DRG8","B0CDC7QGDJ","30","20","15","1000"
"Dell 2.4TB 2.5インチ 10K SAS 12Gbs HDD 512e (F9NWJ) (認定整備済み)","389","85","","3","¥ 81,346","","14","B07Q4DPL56","","16.9","11.2","6.2","318"
"【整備済み品】 ノートパソコン FUJITSU LIFEBOOK A577/R / 第7世代 MS Office2019 H&B メモり 6GB / SSD 128GB / Core i3-7100U / HDMI / 15.6inch / DVD/WIFI/Bluetooth / Windows11 / (整備済み品) (6GB/128GB)","390","30","","24","¥ 16,999","","1","B0CMCSV3QG","B0CMCT95MC","39","31","5","2400"
"MonsGeek FUN60 Pro SP 英語配列 有線モデル 0.01mm ラピッドトリガー対応 高コスパ ゲーミングキーボード ブラック","392","108","500","1075","¥ 5,680","","2","B0DQWKSQGR","B0DTK25Z3Y","34.7","21.5","6.1","770"
"バッファロー Wi-Fi 6 ルーター 2401+573Mbps WSR-3000AX4P/NBK","394","116","1000","1308","¥ 11,980","¥ 11,980","1","B0CLGNZTZT","B0HBQH85K7","32.9","28.9","12.1","760"
"Leadjoy Saber Plus ゲームコントロー, 2.4G/Bluetooth/有線 対応 ポーリングレート 1000Hz TMR RGB ライト 10個マイクロスイッチボタン ホール 4個のカスタムボタン PS4/PC/Switch1&2/iOS/Android対応 ゲームパッド 黒","397","43","1000","156","¥ 8,780","","1","B0H4QJ8N89","B0H4V3M633","17.8","12.2","7.8","360"
"【整備済み品】 富士通 ノートPC A576/バッテリー搭載/Core i5-6300U/15.6型/MS Office 2019/Win 10/10キー/HDMI/WIFI/DVD","423","9","","16","¥ 22,700","","1","B08YP2MKYW","","46.6","29.2","4.7","2470"
"ブルーレイドライブ外付け blu-rayプレイヤー再生読み書usb-aと (type-c)BD DVD CDプレーヤー 外付けブルーレイ ドライブ ブルーレイディスク対応WIN7-11/MAC対応 ノートパソコン対応（black）","398","41","1000","476","¥ 6,580","","1","B0H8P8P1WF","B0H9RC9VC5","19.7","15.8","2.7","410"
"【整備済み品】Windows11搭載 Lenovo ThinkPad L580 第8世代 Core_i5_8250u (1.6GHz)/メモリ:16GB/SSD:512GB/無線LAN＆Bluetooth搭載/15.6インチ(整備済み品) (16GB/512GB/Windows11)","403","11","","1","¥ 49,800","","1","B0BSXG4GS2","B0BSXFQ2FR","47","35","14",""
"【Amazon.co.jp 限定】PHILIPS ディスプレイ PCモニター (24.5インチ/FastIPS/フルHD/180Hz/0.5ms/HDR10/5年保証/HDMI, DP/チルト/アダプタ/ケーブル付/HDMI 2.1(TMDS)/sRGB119.99％/LowBlue モード 25E2G2200/11","404","48","","1","¥ 16,800","¥ 16,800","1","B0H5C79J25","B0FTZ6GZF9","63.4","41.9","12.2","4750"
"【整備済み品】富士通 ノートパソコン FUJITSU LIFEBOOK U937/R・第7世代Core i5-7300U・13.3インチ・8GBメモリ・256G SSD搭載・Office搭載・798ｇ薄型超軽量・Windows11・1920ⅹ1080・指紋認証・日本語キーボード・初心者向け・外出・出張・ビジネス・ウルトラ・スリムノートパソコン","405","16","","22","¥ 19,000","","3","B0CDPW7FD9","","40.2","27.7","11.1","1380"
"【Amazon.co.jp限定】 バッファロー BD-R 1回録画用 25GB ブルーレイディスク 100枚 RO-BR25V-100PW/N","408","81","200","8373","¥ 5,680","¥ 5,680","1","B08XW955G4","B0B1VSXFNX","16.4","14","13.7","1720"
"モバイルモニター 15.6インチ InnoView モバイルディスプレイ 自立型 1920*1080 FHD ポータブルモニター IPS液晶パネル 薄型 軽量 持ち運び 壁掛けに対応 Switch/PS3/PS4/PS5/Xbox One/PC/スマホ/USBType-C/標準HDMI対応","411","107","500","6382","¥ 7,599","","1","B0CD7DZWJF","B0H35KR7WM","40.3","28.7","6.2","1220"
"GameSir Tarantula 8K PC 有線ゲーミングコントローラー PC専用 8000Hzポーリングレート 0.5ms超低遅延 Gen-2 TMRスティック ホール効果トリガー マイクロスイッチABXYボタン 9個マクロボタン RGBライティング ジャイロ搭載 軽量180g USB-C接続","416","34","1000","112","¥ 12,999","","1","B0H73TPXR7","","19.9","15","10.2","560"
"【整備済み品】 『大容量メモリ:16GB搭載』富士通 ハイスペックノートPC爆速 LIFEBOOK A577■第7世代Intel Core i5/10キー/メモリ16GB/SSD 512GB/15.6インチ液晶/無線LAN/HDMI/Office2019/DVD/Windows 11搭載/ノートパソコン 初期設定済(整備済み品)(5)MS Office/第7世代 i5/16GB/SSD:512GB/10キー)","418","12","","6","¥ 42,999","","1","B0CZJ2DR2V","B0CZLWZ5XP","4","2.9","1.1","2890"
"TP-Link WiFi ルーター メッシュwifi WiFi6 AX3000 HE160 IPv6対応 2402+574Mbps 2台セット Deco X3000【Amazon.co.jp限定】","420","85","200","295","¥ 20,798","¥ 20,798","1","B0DQ88YBDF","B0FN49K874","25.4","18.9","12.4","1350"
"Anker PowerConf (グレー) 【会議用マイクスピーカー】","423","112","1000","3188","¥ 9,990","","11","B07ZSDXHJZ","B096D7NSG3","18.9","14.6","5.2","660"
"【整備済み品】ノートPC CF-SV9 レッツノート i5第10世代-10310U/メモリ16GB/SSD:500GB/12.1インチFHD Type-C搭載機種 Win11Pro搭載 新しい同様バッテリー交換済み MS OFFICE2019導入済み(ネオスミライ) CF-SV9 ノートパソコン 新しいSSD:500GB(NVMe)交換","428","40","","31","¥ 47,190","","1","B0D4V9D1ND","","30.2","21.8","7.9","1340"
"【整備済み品】 NEC ノートパソコン VK26 VK27/Office 2019/■第4世代Core-i7/10キー/Windows11 Pro/WIFI/HDMI/15.6型/8GB/(整備済み品) (テンキー あり, SSD 512GB)","428","33","","33","¥ 33,299","","1","B0C53SPT9R","B0C541KR3M","25","15","3","1000"
"エプソン 純正 インクカートリッジ クマノミ KUI-6CL-L 6色パック 増量","430","87","200","1611","¥ 7,730","¥ 8,164","62","B01LAAHN8A","B071VV1VX9","13","8.9","7.8","160"
"Jabra ヘッドセット Evolve 30 II UC Stereo 3.5mm対応 有線 USB-C/A 両耳 マイク付 ノイズキャンセリング","431","82","50","26","¥ 6,899","¥ 6,899","1","B0DX7DY7PY","B0GSYCYWKN","19.8","16.8","3.9","200"
"【アプリ不要・令和8年限定版 】512GB usbメモリ 写真保存 直接usbに写真を移す４in1 フラッシュドラメモリ IOS Android PC 人気 USB 両面挿しスマホ USB メモリー phoneの写真 を パソコン に 取り込む 容量不足解消(512GB-ピンク)","432","76","100","63","¥ 5,605","","1","B0DBTPG55H","B0CZ9FQNJS","9","6.3","1.7","60"
"Amazon限定 バッファロー USB3.2Gen1 外付け DVD/CDドライブ バスパワー ポータブル ブラック DVSM-PUV8U3-BK/N","437","91","1000","2481","¥ 5,280","¥ 5,280","1","B0BS12Y4TF","B0BXK2N6DG","18.2","17.8","5","410"
"Logicool G(ロジクール G) PROゲーミングキーボード テンキーレス GXスイッチ リニア 有線 メカニカル キーボード 静音 日本語配列 LIGHTSYNC RGB 着脱式ケーブル G-PKB-002LN 国内正規品 ※別売りのGXスイッチの入れ替えはできません","439","109","100","1059","¥ 11,645","¥ 11,645","10","B09Q8BJNW1","B0G2BYFL89","38.8","16.1","5.2","1310"
"【整備済み品】 NEC ノートパソコン VKシリーズ ■第2世代Core i7-2640M Office 2019/10キー/Windows11 Pro/WIFI/15.6型/4GB/HDMI/シリアルポート/DVD(整備済み品) (SSD 256GB)","441","16","","22","¥ 23,800","","1","B0C5JLTDSS","B0C5LS58WS","20","15","10","1000"
"キヤノン Canon 純正 インク カートリッジ BCI-351(BK/C/M/Y/GY)+BCI-350 6色マルチパック","447","97","400","9107","¥ 5,200","¥ 5,200","54","B009GX0YMG","B082XZLB3G","20.7","10.8","2.1","150"
"Logicool G ワイヤレス ゲーミングマウス G703h LIGHTSPEED HERO 25Kセンサー エルゴノミクス LIGHTSYNC RGB POWERPLAY 無線 充電 対応 ゲーミング マウス 充電式 無線 PC windows mac ブラック G703 国内正規品 【 ファイナルファンタジー XIV 推奨モデル 】","449","120","1000","12784","¥ 8,455","¥ 8,455","5","B07SYKKP47","","17.6","12","5","180"
"【限定10GB増量モデル】国内メーカー直営 ポケット WiFi 『プレミアムチャージWiFi』X200 (日本国内ギガ付) ギガ割引クーポン毎月付与 端末買い切り 契約・クレカ不要 利用分だけ都度チャージ 充電不要 バッテリーレス 海外利用可能 ([X200]10GB/30日)","450","59","","2","¥ 6,237","","1","B0FZSFMCWW","B0G5PYPMM3","14.3","8.7","3.2","150"
"【ブラザー純正】トナーカートリッジ TN32JXL 対応型番:MFC-L2880DW、MFC-L2860DW、FAX-L2800DW、DCP-L2660DW、DCP-L2600DW、HL-L2460DW、HL-L2400D 他","454","102","500","197","¥ 9,373","¥ 9,373","45","B0CSS76DND","B0H5JS1BG9","35.7","17.8","12.2","680"
"Xiaomi A27Ui 27インチ 4K モニター UHD 3840×2160 90W USB-C給電対応 IPS","456","102","100","70","¥ 33,633","¥ 33,633","6","B0F8NPWRKK","B0H5QQ57GP","86.7","45.5","14.4","7800"
"【Amazon.co.jp限定】ASUSゲーミングモニター/TUF Gaming VG259Q5A – 24.5インチ / フルHD（1920x1080） / 200Hz / Fast IPS/ELMB / 0.3ms GTG（最小） / ステレオスピーカー/DisplayWidget Center/国内正規品","457","110","500","195","¥ 14,980","¥ 14,980","1","B0F9WJLW45","B0H7B8LQ4W","62.8","41.3","16.9","4850"
"【国内正規品】Keychron B1 Pro ウルトラスリム ワイヤレスキーボード、ZMKカスタマイズ、シザースイッチ、2.4 GHz/Bluetooth 5.2/有線接続、ロングバッテリーライフ、Mac Windows Linux対応 (スペースグレー, USレイアウト)","497","82","100","255","¥ 5,544","","1","B0DCJZH3QH","B0GVHNRJVG","31.5","13.9","4.1","620"
"【整備済み品】 【大容量メモリ:16GB搭載】レノボ 薄型・軽量 モバイルパソコン ThinkPad X270■爆速第7世代Core i5-7200U/12.5型/Windows11/SSD:256GB/Office 2019/HDMI/WIFI/ノートパソコン 在宅勤務 仕事用 学習用 初期設定済(整備済み品)","457","20","","5","¥ 39,999","","1","B0D14Y8V9T","B0D1VYFQD4","30.5","20.8","20","1430"
"【Amazon.co.jp限定】ブラザー プリンター A4 インクジェット複合機 DCP-J916N (Wi-Fi/自動両面印刷/スマホ対応/コンパクト/対応インクLC511シリーズ)","458","108","1000","244","¥ 18,333","¥ 18,333","1","B0FR94WDDP","","47.1","45.3","26.6","8890"
"【整備済み品】 【大容量メモリ:16GB搭載】富士通 ハイスペックノートパソコン A579■爆速第8世代Core i5-8250U/15.6型/Windows11/Office 2019/SSD 256GB/無線WIFI/USB 3.0/HDMI対応/DVDドライバ/初期設定済(整備済み品)","457","12","","3","¥ 35,999","","1","B0D184LDC2","B0D1NNLSKG","37.4","25","3.2","2200"
"【Apple MFi認定 iphone 外付けメモリ】USBメモリ BLANBOK+ 512GB usbメモリ メモリースティック Lightning/type-cコネクタ搭載 容量不足解消 写真保存用 外付けメモリ iPhone17/16/15//14/13 /12/iPad/iPod/Win/Mac兼用（ピンク）","460","71","100","2464","¥ 5,280","","1","B0H35THZJD","B0D1G9TMXS","10.7","9.3","1.7","60"
"【整備済み品】 パナソニック Let's note CF-QV8 軽量薄型2in1モデル ■12.0型360°回転液晶WQXGA+(2880x1920) タッチパネル対応 - 第8世代 Intel Core i5 - メモリ8GB - SSD 256GB - Webカメラ - WiFi&Bluetooth - USB Type-C - Win11 - MS Office 2019 (整備済み品)","460","51","","49","¥ 48,150","","1","B0CTCXTFJH","","42.5","27.4","8.8","1540"
"【整備済み品】Apple iPad Pro 13 インチ (M4) Wi-Fi + Cellular 512GB スペースブラック","463","3","","9","¥ 219,800","","4","B0D6LLWK7T","B0D6LMXHJP","34","26.4","4.2","850"
"PITAKA iPad Air 11インチ ケース(M4/M3/M2、2026/2025/2024)、iPad Air 2022/2020、iPad Pro 11インチ 2018-2022 横置＆縦置 タブレットスタンド 磁気吸着 軽量 極薄 衝撃保護 折りたたみ 角度調整可能 三角形の構造 安定感 iPadスタンド MagEZ Folio 2/ブラック","466","100","100","944","¥ 5,099","","1","B0D6G63915","B0HBB59GWL","28.1","18.8","2.7","450"
"【整備済み品】 【今だけメモリ12GB】富士通 極薄・極軽 LIFEBOOK U938■第8世代Core i5/Windows11/office搭載/FHD1920x1080・13.3inch/HDMI/Ｗebカメラ搭載/WIFI/Bluetooth/高いパフォーマンス/ノートパソコン (整備済み品) (2)重さ:799g/FHD(1920x1080)/12GB/512GB)","466","21","","2","¥ 34,999","","2","B0CVH7PPNY","B0CVH96K32","15","10","5","1000"
"【整備済み品】 Dell プロフェッショナルシリーズ P2719H 27インチワイドモニター1920x1080ノングレア(非光沢) IPS VGA, DisplayPort, HDMI, USB 3.0 回転/高さ調整 (整備済み品)","470","26","","37","¥ 18,600","","1","B07W1ZMF5V","","68.6","42.5","16.5","8845"
"【整備済み品】 Lenovo ThinkPad X1 Carbon(Gen 6) 2018年モデル 14型FHD IPS液晶 (1920x1080) - Intel Core i5-8250U プロセッサー - 8GB RAM - 1TB M.2 SSD - Webカメラ - Type-C - MS Office H&B 2019 - Win11 (整備済み品)","471","31","","20","¥ 57,940","","1","B0B8J4PT7T","B0B8F727Z4","42.5","27.3","8.3","1700"
"Amzfast 24インチ ゲーミングモニター白 200Hz/1ms MPRT/Fast IPS/FHD/HDR/Adaptive Sync/目に優しい/HDMI+DP搭載/75x75VESA/5年保証/AMZG24X1W（ホワイト）","477","83","200","2043","¥ 13,999","","2","B0FCM5RTNZ","B0H986Y62L","59.7","39.2","11.2","3840"
"【整備済み品】【MS Office H&B 2024】ノートPC VersaPro VK23 /13.3型/ Core i5-8265U/Win11 Pro/WEBカメラ/wajunのWIFI/Bluetooth/HDMI/8GB/512GB SSD","479","37","","73","¥ 45,800","","2","B0CJTHTMZY","B0GRQVBJDS","42.9","27.8","7.2","2720"
"【整備済み品】 DELL デル OPTIPLEX 3060 第8世代 デスクトップパソコン Windows11 Pro Core i5-8500 8GB SSD512GB(整備済み品)","483","32","","23","¥ 34,855","","2","B0BSN8G4GV","","30","30","10","5300"
"リコー PFU ドキュメントスキャナー ScanSnap iX2500 (高速毎分45枚/両面読取/ADF/5インチタッチパネル/Wi-Fi対応/USB接続/フラグシップ/書類/レシート/名刺/写真/領収書)(Black)","484","106","500","106","¥ 49,791","¥ 49,791","18","B0FF9FSLV6","B0FG26KGT8","39.6","24.7","23.8","4540"
"【整備済み品】 エイスース Chromebox-3 / Chrome OS ビジネスアカウントのみ対応/Core i7-8550U/wajunのWIFI/Bluetooth/HDMI/Type-C/16GB/1TB SSD","492","17","","1","¥ 78,204","","1","B0D6BGTQZG","B0GWDBKC5G","43","28","7","2500"
"【整備済み品】 ノートPC CF-SV 12.1型 フルHD i5-8350U 2019 USキー カメラ付 HDMI 16GB 512GB","494","13","","18","¥ 50,220","","1","B0CWTXLQ6D","B0CWZ1Y15C","43","28","7","3000"
"キヤノン BCI-301+300/5MP 小","503","79","500","753","¥ 6,600","¥ 6,600","47","B09HM9PR4N","B09HYVTWHY","11.5","8.9","4.4","140"
"キヤノン Canon スマホ専用ミニフォトプリンター iNSPiC PV-223-BL 写真用 ブルー フルカラー インク不要","506","119","400","880","¥ 14,700","¥ 15,300","24","B0BBF7LRP4","B0DT8Z83DT","14.6","11.4","4.2","250"
"MOFT【公式直営店】ダイナミックフォリオ iPad Pro 11インチ ケース（第4/3/2世代、2020-2022）多角度調整 横置＆縦置 強力マグネット 軽量 極薄 iPadカバー","550","23","","356","¥ 7,880","","1","B0H1HFLR11","B0F8BNGH7H","28.2","19.2","2.2","520"
"【整備済み品】Apple MacBook Pro 2019, Thunderbolt(USB-C)3ポートx 4(13インチPro,8GB RAM,512GB SSD,2.4GHz) シルバー","511","49","","2","¥ 69,800","","2","B094XF86GL","B094XKPHW6","48.7","30.5","6.7","2060"
"【整備済み品】 【薄型軽量 office搭載】Dell ノートパソコン windows11 Latitude E5300 Core i5-8世代 メモリ8GB 高速SSD 《MS Office2019/無線LAN/Bluetooth内蔵/カメラ内蔵/リカバリー用USB64GB/ZEROセキュリティ》 (整備済み品) (SSD 256GB)","512","65","","7","¥ 37,797","","2","B08KY62YWY","","45","28","6","1300"
"【整備済み品】 【MS Office 2019&Win11 Pro搭載】富士通 FUJITSU デスクトップPC /第4世代Core i5-4570/WIFI/DVD/メモリ:16GB/SSD:256GB 日本製 (整備済み品)","515","12","","1","¥ 19,999","","1","B0BTPKDQ1Z","","25","15","5","1000"
"オーディオテクニカ AT-SP105 アクティブスピーカー PC レコードプレーヤー 【3.5mmステレオミニ / USBデジタル入力 USB給電 低音域調整ノブ ヘッドホン端子 DAC付き出力6W φ58mmフルレンジユニット】 ブラック","517","100","100","121","¥ 8,255","¥ 8,255","13","B0D72YVDWB","B0DX23KZPZ","21.9","19.5","14.5","1400"
"Pixio ゲーミングモニター PX248Wave グリーン 24インチ 200hz FHD Fast IPS ゲーミング モニター 緑 ピクシオ","526","86","","1203","¥ 21,500","","1","B0DJGNTRR1","B0GWQP64T8","60.6","39.6","14.2","4670"
"【整備済み品】パナソニック ノートパソコン CF-NX4/MS Office 2019/Win 11/12型/Bluetooth/WiFi/外付けカメラ/外付けDVD/Core i5-5300U/8GB/1TB SSD 整備済み品)","526","50","","1","¥ 33,000","","2","B0B2MTCJ7W","","41","30.4","10.2","2080"
"キヤノン Canon 純正 インク BCI-331+330/5MP","531","99","1000","228","¥ 6,182","¥ 6,182","20","B0DJF66XXN","","11.5","8.8","4.6","160"
"【整備済み品】 MicrosoftOffice2019 Lenovo レノボ ThinkPad X1 Carbon CPU Intel Corei-5 ram 8GB SSD256GB （整備済み品）","531","18","","31","¥ 29,999","","1","B09PQRZC1C","","41.1","30.4","10.2","1860"
"Logitech Combo Touch iPad Pro 11インチ (M4)(2024) キーボードケース - 取り外し可能なバックライト付きキーボード キックスタンド付き 快適なタイピング 多目的モード - ミッドナイトブラック","532","23","","1599","¥ 44,642","","23","B0D3NM94Y9","B0GV4VR725","33.5","26.5","9.4","640"
"ロジクール MX ANYWHERE 3S MX1800GR 静音 マウス Bluetooth Logi Bolt Unifying非対応 コンパクト Smart Actions 対応 高速スクロールホイール 充電式 ワイヤレスマウス 無線 Windows Mac Chrome iPad OS Android MX1800 グラファイト 国内正規品","534","104","500","578","¥ 11,809","¥ 11,809","7","B0C65MQZ65","B0C6JVSPXP","16.3","11.8","5.9","220"
"【整備済み品】 Apple MacBook Pro 2017, Thunderbolt(USB-C)3ポートx 2(13インチPro,8GB RAM,256GB SSD,2.3GHz) シルバー (整備済み品)","538","32","","9","¥ 45,997","","3","B096DBNDTF","","34.2","28.6","6.3","2110"
"エプソン 純正 インクカートリッジ 地球儀 IC4CL76 4色パック 大容量 イエロー、シアン、ブラック、マゼンタ","539","99","300","1011","¥ 10,300","¥ 11,355","52","B00IOC1SDE","B0BQW4HBQ7","9.7","8.7","8.3","180"
"エプソン 純正 インクカートリッジ クマノミ KUI-6CL-M 6色パック ブラックのみ増量","540","85","500","2180","¥ 5,036","¥ 5,036","28","B0756VNSZ6","B09PF25GWX","12.9","8.9","7.9","160"
"【整備済み品】 NEC ノートPC/MS Office 2019/■第三世代Core-i7/Windows11 Pro/15.6型液晶/DVD/Wi-Fi/RAM:8GB/SSD 512GB/在宅勤務 仕事用 学習用 初期設定済 HCMAの電源(整備済み品)","542","7","","1","¥ 32,999","","1","B0CBBSKV1N","B0CBBV3F7C","40","30","4","2500"
"AMD CPU Ryzen 7 9800X3D W/O Cooler 100-100001084WOF CP1640","548","159","300","6048","¥ 65,454","¥ 65,454","143","B0DKFMSMYK","B0HC61MLCC","12.6","12.5","3.6","118"
"【整備済み品】 HCMA 【整備済み品】 富士通 極薄・極軽/FHD(1920x1080)/モバイルノートPC/FUJITSU LIFEBOOK U938/Office 2019/Win 11/Core i5-7300U/HDMI/カメラ内蔵/WIFI/13.3型/メモリ:8GB/SSD:512GB/在宅勤務 仕事用 学習用 初期設定済 HCMAの電源","548","8","","20","¥ 26,999","","1","B0CBCPN46L","","30","20","1.5","500"
"TP-Link Wi-Fi 無線LAN 中継器 Wi-Fi6 対応 2402 + 574Mbps 11ax/ac APモード HE160 ブリッジモードギガ有線LANポート RE700X/A","553","76","1000","1287","¥ 7,609","¥ 7,609","2","B09XXNZDS6","","20","12.7","9.9","380"
"CACOE iPad 第11世代 A16/ iPad 第10世代 10.9インチ用ケース スクリーンプロテクター付き - 超薄型、スタンド機能付き スリム PUレザー スマート保護ケース 濃い黒","554","82","","2294","¥ 5,905","","29","B0F1CC1WVS","B0DFLXV8XZ","28.8","22.5","2.4","330"
"Jabra Speak2 55 [国内正規品] 会議用マイクスピーカー 最新ノイズキャンセリング機能 有線/無線接続 MS Teams/Zoom 最先端ビームフォーミングマイク 50mmフルレンジ USB A/C接続","556","113","300","628","¥ 18,293","","6","B0BWKDDXTR","B0C3VH58NM","14","13.6","4.6","320"
"エプソン 純正 インクカートリッジ カードケース IB10CL4A 4色パック","557","86","500","666","¥ 6,236","¥ 6,236","28","B08KQ8CL4M","B092QSNXTD","10.5","8.2","5.7","110"
"【整備済み品】Dynabook 東芝 ノートPC B65 15.6型 i5-7200U Office2019 10キー HDMI 16GB 1TB","560","17","","9","¥ 54,720","","1","B0BCG657WT","","43","28","7","2500"
"バッファロー Wi-Fi 7(11be)対応デュアルバンドWi-Fiルーター WSR3600BE4P-BK","561","106","2000","185","¥ 13,500","","60","B0FYNGQP53","","22.3","22","7.4","710"
"【整備済み品】ノートPC 東 芝 Rシリーズ73 /13型/Core i3-7100U/Win11 Pro/MS Office H&B 2019 /wajunのWIFI/Bluetooth/HDMI/16GB/512GB SSD","561","25","","9","¥ 38,800","","1","B0C77L6PQR","","43","28","7","2500"
"【整備済み品】ノートPC G83 13.3型 Office2019 Core i5-8250U WEBカメラ HDMI 8GB 128GB","562","32","","16","¥ 35,800","","1","B0CN8NGQXX","B0CN8WGN5T","43","28","7","3000"
"【Amazon.co.jp 限定】final (ファイナル) VR3000 Wireless for Gaming+ スマートパッケージ仕様 特典シール付き ゲーム専用イヤホン 20ｍs以下 超低遅延接続 ハイブリッドANC搭載 USB-Cトランシーバー付き MEMSマイク搭載 ブラック","563","93","100","56","¥ 13,800","","1","B0GMXLFLDM","B0H2LG5C8Z","13.5","10.5","5.2","110"
"エレコム 外付けHDD ELD-HTV020UBK","565","124","500","1388","¥ 15,000","","32","B0BN83PH2X","B0FKGSRL2Y","22.9","21.8","9.2","890"
"エレコム スイッチングハブ 2.5G対応 8ポート 金属筐体 電源外付モデル 全ポート2.5Gbps対応 日本メーカー EHC-LQ01-8","601","104","400","134","¥ 7,980","¥ 7,980","1","B0G4BVXZFD","B0G77ZLZCM","17.4","9.2","7.3","470"
"【整備済み品】ノートパソコンLIFEBOOK A576 15.6型 第6世代Corei5-6200U Office 2024 8GB 256GB","566","22","","28","¥ 28,800","","1","B08WK71Y8B","B0GXFXGJXH","34","24","3",""
"【整備済み品】 ノートパソコン Windows11搭載 office付き CF-SZ6 シリーズ 第7世代 Corei5/2.6GHz 初期設定済み 軽量薄型 日本語キーボード 12.1型フルHD WIFI/HDMI ノートPC 初心者向け/在宅勤務 laptop メモリー8GB,SSD 256GB","568","15","","11","¥ 19,999","","1","B0BTLVNTQ8","B0FCLXWPCR","34.6","25.2","11.5","1430"
"【整備済み品】 レノボ Lenovo ThinkVision S22e-20 21.5型ワイド VA WLED 液晶モニター Full HD 1920 x 1080の解像度 HDMI HDCP機能対応/GRECE (整備済み品)","570","1","","","¥ 8,500","","2","B0C3GD37QB","","58.7","35.2","14","4680"
"iiyama 【5年メーカー保証】モニター ディスプレイ XUB2793HS-B7A 27インチ フルHD IPS方式 高さ調整 角度調整 縦回転 HDMI DisplayPort 全ケーブル付 国内サポート","571","105","200","33","¥ 19,800","¥ 19,800","1","B0DYMYGV78","B0GHZS7P18","69.1","44.9","13.9","6650"
"ORICO USBメモリ タイプC 256GB - 回転式 USB 3.2 高速 最大読出速度150MB/s 金属製 軽量&耐久性 バックアップ 容量不足解消 - EB05","572","86","","815","¥ 5,680","","1","B0FFSW6GSB","B0GHXKVK9R","14.2","8.7","2.1","60"
"【リチャージWiFi】日本100GB+世界3GB 365日 ギガ付 ポケット WiFi 海外利用可能 月額 0円【T8WH-100GB/365日】","646","111","100","21","¥ 10,980","","1","B0GF1V3QQ8","B0H94VX838","15.9","10.5","2.8","190"
"Xiaomi Pad 7 8G+128G グレー 3.2K 144Hz高精細ディスプレイ 800nits Snapdragon 7+ Gen3 Xiaomi HyperOS 2搭載 AI機能 Google Gemini クワッドスピーカー Dolby Vision 8850mAhバッテリー 45W急速充電 エンターテインメント 作業 会議用","576","139","500","206","¥ 49,980","¥ 49,980","6","B0DXFC87GF","B0F1YHKXPK","27.8","20.2","4.9","1090"
"【整備済み品】 ノートPC 5290 12.5型 i3-8130U Office2019 カメラ付 HDMI USキー 16GB 256GB","585","32","","28","¥ 38,800","","1","B0BTNZ5P24","B0BTP2P62D","43","28","7","2500"
"ARTISAN NINJA FX ゼロ XSOFT XL ブラック (FX-ZR-XS-XL-B)","589","96","50","679","¥ 6,106","","2","B07FBSYZ22","B0DYGV7Y2Y","52.3","45.8","3.2","520"
"【整備済み品】 富士通 FUJITSU ノートパソコン FMVシリーズ ■高性能第3世代Core i7/Office 2019/Windows11 Pro/WIFI/15.6型/16GB/(整備済み品) (SSD 256GB)","593","31","","15","¥ 30,599","","1","B0C5HDPWGJ","B0C5LRW653","25","15","3","1000"
"CFD MGAX シリーズ SATA接続 2.5型 SSD (512GB) 3D NAND TLC採用 (読み取り最大530MB/S) SATAIII 6Gbps 2.5 インチ 内蔵SSD512GB CSSD-S6L512MGAX 国内メーカー","596","70","200","916","¥ 9,980","","3","B0C4NRMLY6","B0C4NRMZJ6","15.1","12.2","2.4","70"
"【整備済み品】 【 i7 SSD搭載】 Dell デスクトップ PC windows11 OptiPlex 9010 SFF Core i7-3世代 メモリ8GB 高速SSD 《DVDドライブ/外付け無線LAN/WPS Office /外付けHDD250GB》 (整備済み品) (SSD 256GB)","596","1","","","¥ 24,600","","1","B0CN2YQ1P6","B0CN2LMSMN","45","33","9",""
"XPPen ペンタブレット Decoシリーズ 板タブ スマホ対応 絵描きペンタブ ペイントソフト付き Androidに対応 イラストコンテスト記念版 Deco01V2","597","94","1000","2825","¥ 5,799","","1","B07Z9B85GN","","36.3","22.5","4.2","1270"
"【整備済み品】 【 カメラ内蔵＋大画面15インチ office搭載】Dell ノートパソコン windows11 Vostro 15-3568 Core i5-7世代 メモリ16GB 高速SSD 《DVDドライブ/無線LAN/Bluetooth内蔵/カメラ内蔵/10キー/リカバリー用USB64GB/ZEROセキュリティ》 (整備済み品) (SSD 512GB)","598","41","","","¥ 50,900","","1","B0CJDJ2H41","","45","28","6","2500"
"UGREEN M.2 SSD 外付けケース 80Gbps 超高速 SSD ケース Thunderbolt5/4対応 PCIe4.0x4 2280 専用","601","62","1000","327","¥ 23,399","","1","B0DP9GYKVX","B0HFMLMGP1","15","10.1","3.7","9"
"【整備済み品】 NEC 21.5型ワイド液晶ディスプレイ(白) LCD-AS223WM-W5 フルHD対応 スピーカ内蔵【 付属品：電源ケーブル・HDMI】PC Grace (整備済み品)","604","13","","5","¥ 7,800","","1","B0CFXHWZZW","","58","41.8","15.6","5640"
"Razer レイザー Viper V4 Pro ゲーミングマウス 49g 超軽量 8,000Hzドングル同梱 ワイヤレス HyperSpeed Wireless 第3世代 Razer Focus Pro オプティカルセンサー 50,000DPI 第4世代 オプティカルマウススイッチ 180時間駆動 オプティカルスクロールホイール 6ボタン ヴァイパーブイフォー プロ 【日本正規代理店保証品】","605","98","500","119","¥ 26,980","¥ 26,980","1","B0GLM7WKVH","B0H9PQ6T5D","17.7","15.7","5.9","380"
"【整備済み品】 Apple MacBook Air Early 2015(11インチAir,4GB RAM,128GB SSD,1.6GHz) (整備済み品)","605","31","","6","¥ 42,800","","2","B095H9FMLJ","B095GFSR9M","34.4","26","12.8","1660"
"Micro SD Card, 256 GB, SanDisk, UHS-3, Class 10, Nintendo Switch Recommended, SDSQXAV-256G-GN6MN SD Converter, No SD Adapter, International Packaging","606","117","1000","6270","¥ 9,050","","24","B0B2DCZDJZ","","15.2","10","1.5","20"
"【整備済み品】 DELL デスクトップPC 3050又5050又7050 SFF/Win 11/Core i5-7500/16GB/512GB SSD/WIFI/Bluetooth/DVD/HDMI/WPS Office (整備済み品) (i5-7500/16G+1T)","606","32","","35","¥ 36,447","","2","B0C2N1TKTS","","42.6","37.4","16.1","4730"
"BUFFALO 無線LAN親機11ax/ac/n/a/g/b 2401+573Mbps WSR-3000AX4P/DBK","608","122","1000","318","¥ 9,980","","10","B0CZXGNQ7W","B0D176LV4X","22.1","22","6.9","720"
"Magic Mouse (USB-C) - ホワイト(Multi-Touch対応)","609","86","500","305","¥ 10,800","¥ 10,800","1","B0DL6WXF1G","B0F9359G8Q","12.7","7.3","3.7","230"
"【整備済み品】 【Amazon.co.jp 限定】 NEC 22型ワイド液晶ディスプレイ(白) EA223WMシリーズ/スピーカー搭載/3系統入力(VGA・DVI・Display-Port)/HDCP機能対応/VESA規格/D-Sub/解像度：SXGA（1680x1050) (スタンドなし)","629","14","","16","¥ 5,800","","1","B09FTGCP8R","","50","38","21","1000"
"【整備済み品】ノートPC E7270 12.5型 i3-6100U Office2019 カメラ付 HDMI 8GB 512GB","614","34","","12","¥ 33,800","","1","B09NLW524J","","43","28","7","2500"
"BENFEI SATAケーブルIII、6本パック SATAケーブルIII 6Gbps 90度直角ロックラッチ付き 18インチ SATA HDD、SSD、CDドライバー、CDライター用 - ブルー","619","65","","109","¥ 5,608","","1","B0CC9137X3","B07PBQPT2D","19.7","12.4","1.6","50"
"【整備済み品】 【大容量メモリ:16GB搭載】東芝ノートPC B35■第5世代Corei3-5005U/Windows11/Office 2019/15.6インチ液晶/USB3.0/10キー/HDMI/DVD/WI-FI搭載/初期設定済(整備済み品) (6)MS Office/16GB/SSD:256GB/10キー)","621","28","","2","¥ 26,999","","1","B0D1CT32GW","B0D1NJCZTK","37.9","25.8","2.4","2400"
"ロジクール ワイヤレス キーボード MX KEYS S KX800sPG 無線 薄型 パーフェクト・ストロークキー スマートバックライト 国内正規品","628","96","100","184","¥ 18,664","¥ 18,664","1","B0C65BS7D5","B0D8S9D359","45.1","14.8","4.1","1130"
"SanDisk 128GB Ultra Dual Drive Go USB Type-C Flash Drive, Rainbow Pride - SDDDC3-128G-GRNBW","628","92","","37887","¥ 7,236","","1","B0B29GRK85","B0B3D73BC4","15.1","10","1.3","14"
"CloudValley Webcam Cover [6 Pack], 0.6mm Ultra-Thin, Metal Camera Cover Slider for MacBook Pro 13/15 inch, MacBook Air, Laptop, iPad, iMac, Desktop PC, iPhone, Black Protect Your Privacy","609","46","","52","¥ 9,555","","1","B07V33LNFF","B09JKN7QPS","8.5","5.4","1.4","20"
"【整備済み品】 ノートPC 820G3 12.5型 Office2019 Core i5-6300U カメラ付 8GB 128GB","631","18","","646","¥ 26,800","","2","B09L7XC4J8","B09L7WT3XV","43","28","7","3000"
"【整備済み品】 ノートPC Latitude 5290 12.5型 i5-8350U Office2019 カメラ付 USキー 16GB 256GB","631","30","","33","¥ 41,220","","1","B0C77PX68Q","B0C77N91C6","43","28","7","2500"
"Fintie クリアケース iPad Air 11インチ & iPad Air 第5/4世代 10.9インチ用","638","77","","30729","¥ 5,039","","4","B0CRB4N2SJ","B09275W49B","26.1","22.4","1.7","249"
"【整備済み品】 【今だけメモリ16GB】NEC VersaPro ハイスペック ノートパソコン VKシリーズ ■爆速第4世代Core i7/Office 2019/Win 11/15.6型/無線WIFI/USB 3.0/HDMI/DVDドライブ/初期設定済 (整備済み品) (2)【MS Office・第4世代Core i7】16GB/512GB)","638","18","","3","¥ 34,999","","1","B0C7PG94X6","B0CB1RM6TG","35","25","3.5","1000"
"Dell S2425HSM 23.8インチ モニター","644","104","300","32","¥ 18,980","¥ 18,980","1","B0GR4RLMKR","B0GS9PS3VC","62.1","37.8","14.6","6490"
"【整備済み品】Apple MacBook Pro Nov 2023 Thunderbolt(USB)4 ポート×3(16インチ,18GB RAM,512GB SSD,M3 Pro 12コアCPU/18コアGPU) スペースブラック","644","4","","2","¥ 319,800","","3","B0D297T8J3","B0D29973Q2","40","30","5","3000"
"エレコム トラックボールマウス HUGE PLUS 静音 ベアリング支持 充電式 Bluetooth 無線2.4GHz 有線 3台マルチペアリング 10ボタン チルトホイール 2年保証 ブラック M-HT1MRBK-G","646","131","200","170","¥ 17,600","¥ 17,820","15","B0FYC9YC3M","B0G123MT46","23.8","15.3","7.1","520"
"Minifire 24インチゲーミングモニター 200Hz 1ms応答 FHD FastIPSパネル VESA対応 HDMI+DP搭載 スピーカー内蔵","647","94","200","82","¥ 12,999","","1","B0FH42SSWB","B0GTQC4FWN","59.5","48","11.1","4100"
"IODATA ICカードリーダー 非接触型 タッチ Bluetooth対応 マイナンバー対応 e-Tax対応 BLE-NFC","648","93","50","59","¥ 13,155","¥ 13,155","14","B0CN6SDNZ4","B0FPVYVXR4","12","11.6","2.8","90"
"【整備済み品】 レノボ ThinkPad X1 Carbon■CPU:第8世代Core i5 /14型IPSパネル解像度:1920×1080/Windows11/メモリ8GB/SSD 512GB/Office 2019/バックライトKeyboard/WEBカメラ/USB Type-C/Bluetooth/Wi-Fi/高いスペックノートパソコン(整備済み品)","648","23","","1","¥ 43,999","","1","B0CZS79N9R","B0D151Z9FY","42.2","27.4","9.2","1760"
"【NEW】2026年夏モデル エプソン プリンター EW-456A1 A4 インクジェット複合機 ソフトウェアディスク非同梱モデル(エプソン公式サイトよりプリンタードライバーをダウンロードしご利用ください) Wi-Fi 4色 独立型インク【Amazon.co.jp限定】","649","41","1000","36","¥ 11,580","¥ 11,580","1","B0H1MH6MNT","","45.7","40.2","25","5650"
"【整備済み品】 【 大画面15インチ＋ テンキー付 office搭載】Lenovo ノートパソコン windows11 L570 Core i7-7世代 メモリ32GB 高速SSD 《DVDドライブ/無線LAN/WPS Office/カメラ内蔵/10キー/リカバリー用USB64GB/ZEROセキュリティ》 (整備済み品) (SSD 256GB)","651","18","","2","¥ 73,900","","1","B0CKX6DYLS","B0CKX6RXG8","45","28","6","2500"
"Apple 2026 MacBook Neo A18 Proチップ搭載13インチノートブック：AIとApple Intelligenceのために設計、Liquid Retinaディスプレイ、8GBユニファイドメモリ、512GB SSDストレージ、1080p FaceTime HDカメラ、Touch ID - インディゴ","657","97","200","241","¥ 137,800","¥ 137,800","1","B0GR6F619Z","B0GR8CMWX1","36.3","25.9","6.4","2070"
"Apple 11インチiPad Air（M4）：Liquid Retinaディスプレイ、256GB、12MPフロント/バックカメラ、Apple N1によるWi-Fi 7、Touch ID、一日中使えるバッテリー — スペースグレイ","658","88","200","125","¥ 146,800","¥ 146,800","1","B0GQWWWH1T","B0GQZ31H8T","26","19","5.1","860"
"【Amazon.co.jp限定】 Logicool G PRO X SUPERLIGHT 2 ゲーミングマウス G-PPD-004WL-BKd","666","134","400","725","¥ 18,980","¥ 18,980","2","B0D21Q6QG4","B0HCTJ92FR","18.3","11.6","7.2","340"
"KTC 27インチ QD-Mini LEDゲーミングモニター 4K 160Hz FHD 320Hz M27P6","669","125","100","788","¥ 63,980","","2","B0DSZKVLQT","B0H97NQJ53","80","45","16","10000"
"BIGBIG WON Storm（Gale 2）コントローラー 2000Hz高ポーリングレート / JS13 Pro+ TMRジョイスティック搭載 4背面ボタン（マイクロスイッチ×2＋メカニカルスイッチ×2）・2段階切替トリガー・キーマッピング対応 PC/Switch/iOS/Android対応 ゲームパッド","672","124","500","1317","¥ 7,599","","1","B0G1XBZL87","B0HGPVBR5S","20.2","18.4","7.6","600"
"Amazon限定 バッファロー USBメモリ 128GB Type-C Type-A 両対応 USB3.2Gen1 RUF3-ACR128G-B/N","673","101","100","123","¥ 5,880","¥ 5,880","1","B0FLDPZHN1","B0FNQBMWPK","12.5","3.7","1.4","10"
"【整備済み品】ノートPC LX4 14型 Core i5-5200U Office2019 カメラ付 HDMI USキー 8GB 512GB","673","30","","24","¥ 32,800","","1","B09KL8ZKY9","B09KLBH9YP","43","28","7","2500"
"【整備済み品】NEC ノートPC VK23│15.6型│第8世代 i5-8250U│Win11 Pro│MS Office H&B 2019│wajunのWIFI│Bluetooth│HDMI│8GB│256GB SSD","674","32","","7","¥ 38,800","","1","B0CX8LLMSN","","43","28","7","2500"
"【整備済み品】軽量薄型 ノートパソコンdynabook G83 ■ 13.3型FHD(1920x1080) - 高性能第10世代Core i5 - メモリ 8GB - SSD 256GB - Webカメラ内蔵 - WiFi&Bluetooth - USB Type-C - Win11搭載 - MS Office 2021","679","109","200","67","¥ 31,800","","1","B0FLDFYRRM","B0CSZ3YHTK","42.5","27.2","9.2","1190"
"【整備済み品】Lenovo ThinkPad L580 第8世代 Intel Core i5 8250u (1.6GHz)/メモリ:RAM:8GB+SSD:256GB/無線LAN＆Bluetooth搭載/Ｗebカメラ/15.6インチ/Win11搭載/Office WPS","679","30","","9","¥ 28,999","","1","B0C7BTPYZT","","40","28","10.8","2580"
"GPC Image Flex BC-360XL 361XL キャノン 用 360 361 インク 純正大容量より35％up TS5430 TS5330","683","103","500","833","¥ 5,600","","4","B09ZHLCBYK","","14.6","7.7","4.2","130"
"【整備済み品】 レノボ・ジャパン ノートパソコン ThinkPad L540■爆速第4世代Core-i7/メモリ8GB/SSD 256GB/Office2019/テンキー内蔵/Windows11/無線LAN/HDMI/DVD/USB3.0/15.6型/HCMAの電源/初心者向け/在宅勤務 仕事用 学習用 初期設定済(整備済み品) (1)MS Office/第4世代Corei7/8GB/256GB/10キー)","702","10","","","¥ 23,399","","1","B0CXY58FMK","B0CY8X6MW2","4","2.8","1.1","2920"
"【整備済み品】 MacBook Air 15-inch, M2, 2023 (15インチ,8GB RAM,256GB SSD,8コアCPU/10コアGPU) スターライト","683","13","","10","¥ 114,141","","8","B0CRY5L2WL","B0CRYCLYZ1","38.4","27","4.8","1850"
"【整備済み品】 【Amazon.co.jp 限定】富士通 ノートPC A573/バッテリ搭載/15.6型/MS Office 2019/Win 10/Core i3-3120M/HDMI/WIFI/DVD/8GB/(整備済み品) (SSD 256GB)","690","15","","31","¥ 21,999","","1","B092938W96","B09296S3W4","38.6","30","4.4","2380"
"iPad Pro 13インチ ケース M5/M4（2025/2024）対応 専用カバー ペン収納 磁気式&着脱式 折りスタンドケース 耐衝撃 縦置き/横置き 角度調整可能 三角形の構造 安定設計 Pencil Pro/USB-C対応","691","29","","350","¥ 5,689","","1","B0GCM5LJJM","B0F9WS2G6P","28.9","22.8","2.4","640"
"【整備済み品】 富士通 LIFEBOOK U938/S ノートパソコン 13.3インチ Windows 11 Pro Core i5-8350U 8GB SSD256GB(整備済み品)","698","40","","21","¥ 25,200","","3","B0BHWQNQPD","","30.9","21.2","1.5",""
"【整備済み品】 デル ノートPC 7280 12.5型 i5-6200U Office2019 カメラ付 HDMI 8GB 512GB","699","9","","29","¥ 43,020","","1","B0BNMYCNV5","B0BNMYPV4Q","43","28","7","2500"
"【最新型】Omikamo キーボード bluetooth 折り畳み式 ワイヤレス JIS標準日本語配列 ipadキーボード スマホ マルチペアリング","705","87","100","1155","¥ 5,480","","2","B0CWKPLRN8","B0D3F3RTX9","22.5","12.2","2.5","370"
"Anker PowerConf C200 【コンパクトサイズかつ軽量なウェブカメラ】","706","96","500","903","¥ 6,980","","1","B09MHPFV4Q","B0CMZQJPQB","15.2","9.9","5.2","240"
"Patianco【MFi認証品 セキュリティ機能付】iPhone用 USBメモリ 512GB 3in1 データ移行 usb lightning/USB/Type-C搭載 高速 スマホ 写真データ バックアップ 大容量 iPhone/iPad/PC/Android/Mac対応 写真・動画保存 スマホ容量不足解消 回転式 iPhone 15/14/13/SE/iPad Air/Proなど対応 黒","706","78","50","1417","¥ 5,699","","1","B0C5MFX3G9","B0GWZM7J9P","12.4","7.2","1.7","50"
"FMV ノートパソコン WE1-K3 (MS 365 Personal/Copilotキー搭載/Win 11/15.6型/Core i5/16GB/SSD 512GB/ホワイト) FMVWK3E15W_AZ","708","124","200","23","¥ 116,800","","15","B0FW47TZRX","B0GWPZTF2G","40.7","35.1","7.4","2460"
"BIGBIG WON BLITZ Switch コントローラー マクロ機能 背面ボタン付き 6軸ジャイロセンサー搭載 3階段連射 4階段HD振動 NFC機能 本体スリープ解除 Switch 1/2/Windows/Android/IOSに対応 日本語取扱説明書付き","711","76","50","6563","¥ 7,099","","1","B0CCVMD2DX","B0HGPVTS2S","19.4","12.8","7.2","400"
"キヤノン Canon カラーフラットベッドスキャナ CANOSCAN LIDE 400","713","114","500","1656","¥ 8,982","¥ 8,982","34","B07G13HG3V","","42.6","31.5","9.3","2230"
"ハクバ HAKUBA PCスリーブ プラスシェル エンベロープ タブレットスリーブ 11 クラフト (10.2~11インチサイズ用) の強度と耐久性を持ち、軽くて水にも強い、紙のような質感を持った新素材タイベック(R) 採用 AMZSP-ELTS11CF 4977187001235 (× 2)","786","20","","804","¥ 5,282","¥ 5,282","","B0FS1D9RJL","B0FX9LWQXH","30.5","26","6","260"
"Amazonベーシック LANケーブル RJ45 Cat-6準拠 3.0m 24点セット ブラック","716","98","","41","¥ 5,777","¥ 5,777","1","B01NBSYNXN","B0CD3WNQQ3","18","17.4","5","110"
"エプソン 純正 インクカートリッジ イチョウ ITH-6CL 6色パック","718","95","300","2567","¥ 6,238","","50","B01LAAHGUU","B0BQW43M8Z","10.9","9","8.2","140"
"【ecoco】バッテリーレス ポケットWiFi Type-C給電 契約不要 月額不要 ディスプレイ付き 車載対応 100GB/365日","719","98","300","147","¥ 20,980","","1","B0F79KK3SG","B0GSHXWCSV","11.1","10.9","4.6","140"
"【整備済み品】Apple iPad Pro 11 インチ (M4) Wi-Fi 1TB Nano-textureガラス搭載 スペースブラック (整備済み品)","721","1","","1","¥ 209,800","","1","B0FVKM66LF","B0FVL9DHXF","35.6","25.8","6.6","900"
"インクタンク BCI-371XL+370XL/5MPV","724","107","100","756","¥ 6,580","¥ 7,000","49","B07G14TLML","B07J4QWYCG","19.7","10.5","2.6","150"
"AIM1 × coalowl 陽炎 マウスパッド 420×1000mm ゲーミング ゲーミングマウスパッド コントロールバランスタイプ KAGERO","731","98","50","219","¥ 6,282","","1","B0FMXT8HZL","B0GYCSLTTG","44.9","9.6","9.4","670"
"Apple USB-C Digital AV Multiportアダプタ ​​​​​​​","732","71","1000","350","¥ 9,475","¥ 9,475","1","B0D7H3VPQ7","","17.1","6.7","1.7","60"
"【整備済み品】 Apple MacBook Air 2017(13インチAir,8GB RAM,256GB SSD,1.8GHz) (整備済み品)","733","31","","6","¥ 49,297","","3","B095S2GSZB","B095RSF4ND","37.8","27.7","7.3","1560"
"ALLDOCUBE iPlay 80 mini Pro タブレット 8.4インチ UNISOC T7300 Android16 顔認証 4GLTE","735","104","1000","348","¥ 22,799","","1","B0GZ3GM81R","B0H2Y9TV28","24.5","20.5","3.2","600"
"「整備済み品」Pasoul 外付けハードディスク 超薄型 ポータブル 外付けHDD PC/Mac/テレビ録画対応 コンパクト USB3.0 1TB","738","78","50","1020","¥ 8,790","","1","B0D7Q17X7B","B0H9WZNM3J","19.5","14.3","2","170"
"玄人志向 電源ユニット 300W TFX 電源 80 PLUS ゴールド PC電源 8cm 静音ファン KRPW-TX300W/90+","740","95","50","239","¥ 7,636","¥ 7,636","6","B00FWGRXBG","B0H5RLHGC9","21.9","14.4","8","1340"
"ブルーレイドライブ 外付け 【定番進化モデル・高速書込】 外付けブルーレイプレーヤー blu-ray 外付けドライブ USB3.0 USB-A＆Type-C両接続 静音設計 1.8cm薄型 350g軽量 Windows7-11/MAC OS対応 再生/読み込み/書き込み/焼き対応 blu-ray プレイヤー 外付け bdドライブ 外付け M-DISC 対応","743","26","400","43","¥ 7,999","","2","B0H82MWJ6S","B0HDNGDB71","19","15.5","2.7","430"
"CHENLUKJ LANケーブル CAT6A 100m カテゴリ6 高速 lanケーブル PoE対応 26AWG 550MHz 10Gbps/ギガビット対応 CAT6準拠 RJ45金メッキコネクタ 爪折れ防止 耐候性 家庭/オフィス/ゲーム機用 屋内屋外用 ホワイト","846","55","","128","¥ 5,999","","1","B0GYPS8BZ4","B0G8MPJV5Q","29.7","29","10.4","2260"
"【タブレット 8インチ Wi-Fiモデル】Bmax I8 Plus Android16 タブレット、24GB+128GB+2TB拡張、8コアCPU T7250 、90Hz高刷新率8.7インチ Tablet、6000mAh大容量バッテリー+Type-C充電、WidevineL1対応+無線投影、BT5.2+OTG+GPS搭載、顔認識+画面分割+児童保護+FMラジオ 保護フイルム貼り済み","750","116","500","537","¥ 14,998","","1","B0DYNB39BK","","28.8","17","3.4","660"
"【整備済み品】 ノートPC 820G3 12.5型 i5-6300U Office2019 カメラ付 8GB 512GB","750","24","","10","¥ 37,800","","1","B0BQV8Y185","","43","28","7","3000"
"‎バーベイタム(Verbatim) Verbatim バーベイタム 1回録画用 ブルーレイディスク BD-R 50GB 50枚 ホワイトプリンタブル 片面2層 1-6倍速 VBR260RP50SV1","751","100","400","1077","¥ 7,980","¥ 8,889","4","B01AL5KA9O","B0G5XG4DY3","13.8","13.7","8.7","860"
"エプソン 純正 インクカートリッジ カニ KNI-6CL-L 6色パックL（増量）","755","115","500","112","¥ 7,764","¥ 7,764","23","B0DJQ4QSZK","","12.9","8.8","7.8","190"
"エレコム ワイヤレス トラックボール マウス IST PLUS (アイエスティー プラス) ボールローラー Bluetooth×2 無線2.4GHz×1 マルチ接続 Windows/mac/iPad/Chrome/Android ブラック M-IT10MRSABK","756","115","300","85","¥ 6,640","¥ 6,640","12","B0H1W2NG3L","B0H1W4MPCP","16.9","11.3","6.2","240"
"【整備済み品】 Webカメラ搭載モデル レノボ・ジャパン ノートパソコン ThinkPad L430 爆速第3世代Core-i7/ メモリ 8GB/ Windows11/ 14インチ ノートパソコン Office搭載/VGA/Wi-Fi/HCMA電源コード付属/在宅勤務 仕事用 学習用 初期設定 (整備済み品) (2)MS Office/第3世代Corei7/8GB/512GB)","756","22","","6","¥ 33,999","","1","B0CGS2ZM7S","B0CGXRQV8N","38.5","31.4","5.6","2680"
"Amazonベーシック USBフラッシュドライブ サムドライブメモリスティック (USB CとUSB Aデュアルポート搭載) 256GB シャンパンシルバー","765","85","200","4597","¥ 8,579","¥ 8,579","1","B0DRXNKSD5","B0DS27Y6VP","7.3","6.6","1.7","18"
"IODATA GigaCrysta ゲーミングモニター 27インチ WQHD 180Hz webOS搭載 HDMI/DP EX-GDQ271JAWOS","765","86","","","¥ 62,820","¥ 62,820","2","B0GNRSHXYY","B0FNMP7Y34","68.6","45","16","7660"
"【整備済み品】 東芝ノートPC B65■第6世代CPU Celeron® 3865U/Windows11/Office 2019/メモリ 8GB/15.6インチ液晶/USB3.0/DVD/WI-FI搭載/初期設定済 (2)MS Office/8GB/SSD:512GB/10キー)","765","21","","1","¥ 29,999","","1","B0D2DB9JBS","B0D2DDBM57","37.9","25.8","2.4","2400"
"ブラザー プリンター A4インクジェット複合機 DCP-J529N コピー プリント スキャン 自動両面印刷 Wi-Fi 簡単設定 家庭用 対応インクLC511シリーズ","766","122","500","250","¥ 14,300","¥ 15,500","51","B0FSCXH7L6","B0FX3WGN3T","46.4","45.8","22.5","7470"
"【整備済み品】 Surface Pro 5 2in1ノートパソコン■第7世代Core i5-7300U/キーボード搭載/12.3インチ タブレット(2736×1824)/メモリ:8GB/SSD:128GB/Webカメラ/WIFI/Windows11/Office 2019搭載/(整備済み品)","766","15","","5","¥ 45,800","","1","B0CWBNCFLG","B0CXNC1BTZ","31.8","29","5.7","786"
"DJI Mic Mini 2（2 TX + 1 スタンダードRX + 充電ケース）","767","107","500","594","¥ 14,520","¥ 14,520","1","B0G39C97WQ","B0H7Q26TC3","16.4","11.9","7.1","420"
"【整備済み品】 NEC 21.5型ワイド液晶ディスプレイ(白) LCD-AS223WM-W5【 付属品：電源ケーブル・HDMI】 (整備済み品)","777","14","","8","¥ 8,000","","2","B0BH8BLD92","","54","42","26","5740"
"Acer モバイルモニター 15.6インチ フルHD IPS 非光沢 60Hz 6ms(GTG) 700g 超薄型 Adaptive-Sync HDR10 mini HDMI 2.0 USB-C デュアルスピーカー 無段階チルト調整 NTSC 45% ブルーライト低減 3年保証(パネルは1年) PM161QJbmiuux","770","118","500","88","¥ 12,045","¥ 12,045","3","B0F8BV5Z31","B0GL6HDS6M","40.8","26.5","7.9","1290"
"512GB Phone対応usbメモリ【アプリ不要】 写真保存 直接usbに写真を移す４in1 フラッシュドラメモリ人気 USB 両面挿しスマホ USB メモリー フラッシュドライブ Android パソコン対応 USBメモリ phoneの写真 を パソコン に 取り込む 容量不足解消","771","87","50","238","¥ 5,605","","2","B0GXZC5ZM6","B0H25NSFWH","9","6.3","1.7","50"
"【Amazon.co.jp限定】 バッファロー BD-R 1回録画用 50GB ブルーレイディスク DL 50枚 RO-BR50V-050PW/N","773","97","500","2283","¥ 8,180","¥ 8,180","1","B08XVXZ2VY","B0CBLSTWPF","14","13.6","8.9","880"
"【整備済み品】 【Amazon.co.jp 限定】超ミニ型PC レノボ ThinkCentre M72e Tiny/MS Office 2019/Win 10/Core(TM) i3-3240T/DisplayPort/WIFI/メモリ:8GB/Zeroセキュリティーソフト搭載(整備済み品) (SSD 256GB)","773","19","","34","¥ 23,800","","1","B09G3FY7D8","B0978KCCTD","34.2","22.9","7.8","1870"
"【整備済み品】 富士通 軽量モバイルPC ハイスペック E734■爆速第4世代Core i7/13.3型ワイド/Office 2019/Windows 11/WIFI/モバイルPC/初期設定済(整備済み品) (2)第4世代Core i7/RAM:8GB/SSD:512GB)","776","26","","","¥ 26,999","","1","B0D1GLCNLL","B0D1NJ2YPS","32.1","22.8","2.7","1700"
"Amazonベーシック 23.8インチ モニター 120 Hz FHD 1080p HDMI DP VGA VESA対応 オフィス 家庭用 60.5cm ブラック ディスプレイ","777","106","400","54","¥ 11,615","¥ 11,615","1","B0DZ5BRBZ7","B0F1TSFCGD","61.5","42","12.2","5040"
"エレコム SSD 外付け 2TB USB3.2(Gen2) 読込速度500MB/秒 アルミ筐体 スライド式 キャップレス 【PS5/PS4/テレビ録画 対応】 ブラック ESD-EMA2000GBK","782","111","400","1887","¥ 34,800","","3","B0CFSWZPS4","B0BSF2PBYR","15.9","8.1","2.7","30"
"【整備済み品】 【大容量メモリ:16GB搭載】レノボ ノートPC ThinkPad L560/L570■CPU:Corei5-6200U/15.6インチ/Office 2019搭載/テンキー/DVD光学ドライブ搭載/ミニDisplayPort+VGA/USB3.0/Wi-Fi/高いスペックノートパソコン(整備済み品) (5)第6世代Core i5/RAM:16GB/SSD:512GB)","782","32","","","¥ 38,999","","1","B0D1YJXBWJ","B0D1YLF8L9","112","40.1","27.9","2920"
"Vackiit「Apple MFi認証取得&日本GTC認証推奨品」512gb iPhone用 usbメモリ タイプc 3in 1 アプリ不要usb iphone対応 usbメモリ type-c Lightning USB アイフォン メモリー iPad用 フラッシュドライブ","790","89","50","503","¥ 6,649","","1","B0BJTW49CJ","B0DDB39NQH","12.3","7.2","1.7","40"
"【ブラザー純正】 ブラザー工業(Brother Industries) インクカートリッジマゼンタ LC416XLM 対応型番:DCP-J4140N、MFC-J4440N、MFC-J4540N、MFC-J4940DN他 小","792","98","100","355","¥ 5,499","¥ 5,499","39","B099RFFYDB","B0FNC71L6X","20.6","8.5","1.7","100"
"MSI GeForce RTX 3060 VENTUS 2X 12G OC グラフィックスボード VD7553","796","124","100","5258","¥ 74,200","","53","B08WPRMVWB","B0H6J4Z9J3","31.2","22.6","7.3","1022"
"【整備済み品】 Apple MacBook Pro 2017, Thunderbolt(USB-C)3ポートx 4(13インチPro,8GB RAM,256GB SSD,3.1GHz) スペースグレイ (整備済み品)","798","57","","4","¥ 53,700","","2","B096DMLM18","B096DHBVZ7","33.2","26.7","5.7","2110"
"サンワダイレクト USBハブ 10ポート セルフパワー USB充電器 個別スイッチ付 USB3.2/5Gbps 400-HUBA23GM","800","117","200","214","¥ 5,380","","1","B0CKDN4Q3N","B0DBYP7ZJ7","21.4","8.8","5.7","380"
"【整備済み品】 【Amazon.co.jp限定】東芝純正バッテリー PABAS277 PA5162U-1BRS バッテリパック61AQ TOSHIBA dynabook R734用 (整備済み品)","802","31","","14","¥ 6,980","","1","B09MSBS5CS","","10","3","3","500"
"Dell SE2426H 23.8インチ モニター","804","96","500","172","¥ 15,980","¥ 15,980","1","B0G6JMQK17","B0H79TVZ22","62","46","13","4800"
"LG 有機EL ゲーミング モニター 27GX700A-B 26.5インチ/WQHD@280Hz/タンデムOLED/0.03ms/HDR TB500","806","172","50","69","¥ 68,800","¥ 68,800","9","B0FMY19G96","B0H71FS6D2","81","53","17.5","12080"
"【Amazon.co.jp限定】Elgato 4K S – PS5、Xbox Series X/S、Switch 2、PC、Mac、iPad対応外部キャプチャカード | 4K60、1440p120、または1080p240パススルーとキャプチャ、HDR10、VRR、USB-C、近ゼロ遅延 (","807","118","500","60","¥ 19,480","¥ 19,480","1","B0FKTDK93M","B0G5PDDKXG","19.3","15","6.7","420"
"Anker USB-C & USB-C Thunderbolt 4 100W ケーブル 0.7m ブラック 100W出力 8K対応 40 Gbps 高速データ転送 iPhone 16 / 15 MacBook Air Pro iPad Pro/Air 他対応 (× 2)","809","62","","974","¥ 8,780","","","B0GYPSGBP5","B0CSCT2FGH","13","8.1","1.9","80"
"【整備済み品】 Panasonic Let's note CF-RZ6/ Core i5-7y57@1.2GHz /RAM:8GB/ SSD:256GB /10.1インチタッチパネル/ Webカメラ /HDMI /中古パソコン (整備済み品)","815","36","","2","¥ 28,800","","2","B0B49FYL2T","","32.4","24.9","13","1520"
"エレコム WiFi ルーター 無線LAN Wi-Fi7 11BE 2882+688Mbps 有線2.5Gbps IPv6(IPoE)対応 エコパッケージ WRC-W701-B","818","145","500","347","¥ 7,980","","45","B0DJ8KJVNF","","30.6","21.4","9.4","1190"
"ブラザー プリンター A3インクジェット複合機 MFC-J7100CDW (FAX/ADF/30万ページ耐久/自動両面)","820","117","100","376","¥ 30,674","¥ 30,674","9","B0BCJTLG9C","B0GNRWW1YZ","68","58","42","22000"
"【整備済み品】 富士通 デスクトップPC D583/Win 11 Pro/MS Office 2019/Core i7-4770/WIFI/Bluetooth/HDMI/DVD/RAM:16GB(整備済み品) SSD 512GB","830","9","","30","¥ 35,800","","1","B09XX3WJPB","B09XXQLVGJ","45.5","33.9","10.9","6560"
"Maxonar リンクケーブル 充電機能付き Meta Quest 3S/Quest 3/Oculus Quest 2/Pico 4に対応 ゲームPC/Steam VR用 【5Gbps高速データ移行 高耐久ナイロン素材】USB-A 3.3 & Type Cケーブル 遊びながら充電","821","92","","1341","¥ 6,254","","1","B0DRC4TSVP","B0GYNNLXXP","17.1","17","3","322"
"Xiaomi POCO Pad M1 タブレット 8GB+256GB 大型12.1インチディスプレ 2.5K 120Hz 12000mAh 大容量バッテリー リバース充電対応 Snapdragon 7s Gen 4チップ 2TBまで拡張 Dolby Atmos対応 Wi-Fi Bluethooth 軽量 エンターテインメント会議 作業 適用 子供用にも 日本語版 ブルー","826","155","100","28","¥ 39,980","¥ 39,980","4","B0G6LSJMPH","B0GKLTFYQD","29.1","19.7","4.7","1070"
"【整備済み品】 DELL ミニパソコン [ PC ステージ ワイヤレス キーボード マウスセット] OptiPlex 3060/5060/7060 Win11 Pro MS2019 Corei5-8400T 1.7GHz メモリー8GB SSD256GB 無線LAN搭載 (整備済み品)","829","19","","17","¥ 29,800","","1","B0BFHXYYGP","B0BFJ2W1ZG","18","17","6.4","300"
"Hanye SSD 1TB PCIe Gen4x4 M.2 NVMe 2280 ヒートシンク搭載 新型PS5 / PS5動作確認済み R:7400MB/s W:6500MB/s 高耐久3D NAND TLC HE70 正規代理店品メーカー5年保証","833","114","300","2752","¥ 26,961","","1","B0BY292WLX","B0BY2CYFSZ","14.5","9.8","1.9","80"
"エレコム ワイヤレス トラックボールマウス Bluetooth IST (アイエスティー) シリーズ 5ボタン 親指操作 ベアリング支持 Windows Mac Chromebook ブラック 2 M-IT11BRABK","833","108","200","460","¥ 5,090","¥ 5,090","27","B0CZKNNNXJ","B0DTHFHLB9","21","13","7","280"
"エプソン プリンター A3ノビ対応ビジネスインクジェットカラー複合機 FAX PX-M6011F コンパクト 2段カセットモデル","834","104","400","821","¥ 38,800","¥ 40,299","31","B08J6LZKBY","B0D6W9CXWG","59.1","52.4","45.9","23680"
"【整備済み品】 東芝 ノートPC Dynabook Satellite B554 第4世代Core i5 Windows11 Pro MS Office 2019 メモリ:8GB DVD Wi-Fi USB3.0 15.6インチ (整備済み品) SSD 256GB","142","7","","6","¥ 21,082","","1","B0B8JCFT7F","B0B8T12M3B","39.8","31.9","5.7","2700"
"サンワサプライ(Sanwa Supply) 電源タップ 6個口・2P(10m) 火災予防安全 ホコリ防止シャッター 配線しやすいスイングプラグ ネームタグ付き ホワイト TAP-TSH610N","844","74","","6278","¥ 7,260","","1","B01A9QI0HO","B0FXGH7ND2","31.8","13.5","4.4","860"
"Fargo STEEL TAP 電源タップ 6個口 スチール製 3ピン対応 アース線付き 1.8m シルバー","845","96","100","226","¥ 5,180","","8","B07R8BL7ZH","B0F8BLNCQZ","30.4","14","5.3","930"
"EMEET M0Plus スピーカーフォン 会議用マイクスピーカー","850","120","400","2342","¥ 5,599","","1","B0BW4BN69P","B0GWQS3HTX","15.8","15.1","5.2","390"
"ロジクール ガスケット ワイヤレス メカニカルキーボード 日本語配列 Alto Keys K98MGR グラファイト K98M 国内正規品","851","114","500","97","¥ 16,900","¥ 16,900","1","B0GHR6W4VL","B0GLP2H95K","43.4","18","4.8","1430"
"ブラザー工業 【brother純正】トナーカートリッジ TN-29J 対応型番:HL-L2375DW、HL-L2330D、MFC-L2750DW、DCP-L2550DW、DCP-L2535D 他","859","110","500","1010","¥ 10,180","¥ 10,499","62","B07D2XN2S3","B092TP3YCX","35.7","17.5","12.3","700"
"New 2025年秋 キヤノン インクジェット複合機 TS7630 WHITE 基本機能＋高コストパフォーマンスを兼ね備えたミドルスタンダードモデル","862","104","300","80","¥ 21,500","¥ 21,500","20","B0FVDLL9NV","B0G398W5C7","49.4","45","21.9","8150"
"Meta Quest 3S 128GB (旧Oculus)｜VRゴーグル｜PCVRも対応｜Gorilla Tagバンドル","865","88","800","274","¥ 59,400","¥ 59,400","1","B0F8VJ57Q1","B0H5CKWN63","24.7","22","12.1","1400"
"【整備済み品】NEC ノートPC VK23│15.6型│第8世代 i5-8250U│Win11 Pro│MS Office H&B 2019│wajunのWIFI│Bluetooth│HDMI│8GB│128GB SSD","865","36","","","¥ 36,800","","1","B0CX8RNSBL","","43","28","7","2500"
"SANDISK 64GB Extreme SD UHS-Iカード - 最大170MB/秒の読み取り速度と80MB/秒の書き込み速度、4K UHDビデオ、U3、V30 - SDSDXV2-064G-GUCIN","868","95","","172","¥ 6,756","","14","B0G8L9W5KF","B0GY93BM58","17","10","1.3","41"
"【整備済み品】 Panasonic ノートPC CF-SZ5/MS Office 2019/Win 10/12型/DVD-RW/Webカメラ/Core i5-6300U/4GB/256GB SSD (整備済み品)","888","45","","22","¥ 15,354","","4","B08GKSJBXP","","40.7","30.5","10.3","1700"
"ASUS AMD B550 搭載 AM4 対応 マザーボード PRIME B550M-A【MicroATX】","871","137","300","214","¥ 6,847","¥ 6,847","8","B089Y9PFH1","","27.4","26.8","5.6","950"
"WALLHACK x 攻殻機動隊 ガラスマウスパッド SP-005 ゲーミングマウスパッド スピード コントロール バランス 大型サイズ eスポーツ 滑らか 低摩擦 強化ガラス 超薄型 高耐久 滑り止め 持ち運び キャリーケース メンテナンスキット SkyPAD","907","110","50","629","¥ 22,500","","1","B0GY8JJV67","B0H4RMDQ2Y","55","48","3","3600"
"エプソン 純正 インクカートリッジ ヨット YTH-6CL 6色パック","878","109","200","668","¥ 5,273","¥ 5,273","35","B014S6AX30","B0725RD91F","10.8","8.9","7.7","190"
"AIOLO INNOVATION 外付けHDD 1TB 3年保証 USB3.2対応 2.5インチ 超薄型 テレビ録画 PC PS5対応 ブラック","879","121","500","25","¥ 9,480","","1","B0CC8QWWTV","B095C267J3","16","10.3","3.7","210"
"【整備済み品】 ノートパソコン SONY VAIO PG Pro VJPG11C11N Office搭載 Windows11 13.3型 第10世代Core i5-1035G1 ノートパソコン 中古(整備済み品) (SSD:512GB メモリ:8GB)","879","21","","12","¥ 58,500","","1","B0CN3FQT72","","45","27","6","1500"
"【整備済み品】Pana sonic ノートPC CF-SZ5 / 12.5型フルHD / Win 11 Pro/MS Office H&B 2019 / Core i5-6300U / WEBカメラ/wajunのWIFI/Bluetooth/HDMI / 4GB / 256GB SSD","880","25","","118","¥ 25,020","","1","B0B9XXC7YQ","B0B9XZQNSL","43","28","7","3000"
"【整備済み品】 ノートパソコン 富士通 FUJITSU A574 /■ 高性能第4世代Core i7/■大容量メモリ16GB /Office2019/Windows11 /無線LAN/HDMI/DVD/在宅勤務 仕事用 学習用 初期設定済 15.6型 (整備済み品) (テンキー搭載なし, SSD 256GB)","881","16","","1","¥ 28,999","","2","B0C4PR16F1","","30","20","3","1000"
"【Amazon.co.jp限定】Logicool G ラピッドトリガー G515 RAPID ゲーミングキーボード G515-TKL-RTBKd","884","131","500","230","¥ 19,900","¥ 19,900","1","B0FGCDSH1J","B0G2BSLCMW","38.2","16.4","4.7","1090"
"【整備済み品】 東芝 ハイスペックノートPC R734■爆速第4世代Core i7/13.3型/Windows11/Office 2019/メモリ:8GB/SSD:256GB/WIFI/HDMI/モバイルノートパソコン/在宅勤務 仕事用 学習用 初期設定済(整備済み品)","885","17","","","¥ 26,999","","1","B0D17P13FM","B0D1NQBRCG","31.6","22.7","20.5","1220"
"Amazon限定 キオクシア 内蔵SSD 2TB PCIe Gen4×4 NVMe M.2 2280 読込7,300M SSD-CK2.0N4B/R","886","153","100","22","¥ 58,480","¥ 58,480","1","B0GVY1N3M1","B0GXF1YS1M","12","9","1.9","30"
"【整備済み品】 パナソニック ノートPC 【得々通販専用無線マウス】レッツノート CF-SV／Win11 Pro搭載／MS office H&B 2019／第八世代Core i5 1.7GHz ／8GBメモリ／SSD ／12インチFHD／内蔵WiFi／Bluetooth／USB-C非搭載／HDMI (SSD256GB) (整備済み品)","886","28","","36","¥ 55,662","","2","B0BM42M5FN","B0BM45J179","32","21","2","1000"
"【整備済み品】 ノートPC VersaPro VA-5 15.6型 i3-8145U Office2019 HDMI DVD 8GB 1TB","887","19","","2","¥ 46,800","","1","B0D4LV4KZT","B0D4LZF1KB","43","28","7","2500"
"Anker Charging Station (9-in-1, 100W) ブラック","888","136","500","365","¥ 5,190","","1","B0D31HML9J","B0DDWPK51K","14","13.3","9.3","580"
"【整備済み品】 Dell OPTIPLEX 3070/5070/7070 SFF Core i5 9500 6コア 第9世代 8GB SSD 512GB Windows11 WPS Office DVDマルチ WiFi Bluetooth 中古パソコン デスクトップ 省スペース 本体 (整備済み品)","890","45","","10","¥ 36,130","","3","B0B181QYNT","","46.1","39.2","15.3","4880"
"【整備済み品】 【Microsoft Office 2019＆Win 11搭載】軽量型Panasonic Let's note CF-LX6 ■第7世代Core i5-7300U@2.6GHz／8GBメモリ／SSD 1TB／14インチFHD／Webカメラ (SSD1TB) (整備済み品)","895","30","","31","¥ 36,249","","2","B09LD2TQS5","","35","25","5","2000"
"HyperX Cloud III  ゲーミングヘッドセット 有線 53mmドライバー搭載 ホワイト ピンク 日本正規代理店品 9W1Q4AA","896","97","100","13045","¥ 10,980","¥ 10,980","1","B0DQQT2ZS3","B0HBWLYK15","22.4","21.1","11.7","680"
"【整備済み品】 レノボ ThinkPad L570■第7世代Core i5/メモリ:8GB/SSD:256GB/15.6インチ ノートパソコン/Windows 11搭載/Office 2019/テンキー/DVD/ミニDisplayport/USB3.0/Wi-Fi/ノートパソコン(整備済み品)","904","14","","","¥ 25,199","","1","B0CVV8VFPW","B0CXMLCJR6","39","32.4","6","2770"
"【ブラザー純正】 LC512XL-4PK インクカートリッジ 4色パック ブラック シアン マゼンタ イエロー 大容量 対応機種：MFC-J7110CDW、MFC-J7210CDW、MFC-J7310CDW、DCP-J7205CDW","905","117","500","17","¥ 12,882","¥ 12,882","19","B0GHQC84BV","B0H7BH6ZCX","11.5","11.5","9","260"
"【整備済み品】 【豪華特典進呈】【Microsoft Office 2019＆Win 10搭載】軽量型Panasonic Let's note CF-LX6 ★第7世代Core i5-7300U@2.6GHz／8GBメモリ／SSD 256GB／14インチFHD／Webカメラ ／PCバッグセット(SSD 256GB) (整備済み品)","906","40","","56","¥ 25,020","","2","B098BBXYCB","B098BF9BPD","39.8","33.6","3.3","1720"
"【整備済み品】 Apple MacBook Air Retina 2018(13インチAir,8GB RAM,256GB SSD,1.6GHz) シルバー (整備済み品)","909","51","","5","¥ 77,550","","2","B095S1JCK9","B095RTQN8R","43.4","31.3","10.2","1730"
"エプソン プリンター A4インクジェット複合機 カラリオ EP-887AW ホワイト(白)","911","110","500","307","¥ 28,500","","60","B0DJQ4L85X","B0DPMFP4KB","46.3","45.2","26.6","8470"
"【整備済み品】レノボ ノートパソコン Lenovo ThinkPad X1 /第8世代Core i5-8350U/Windows 11/メモリ8GB+SSD 256GB/14型IPS液晶(1920*1080)/薄型・軽量 ノート PC WPS Office搭載/USB 3.1/Type-C/WEBカメラ/HDMI/日本語キーボード搭載 (X1 Carbon 8G+256G)","911","33","","16","¥ 35,200","","2","B0C7BVFN96","","40.6","27.7","11.1","1750"
"MSI GeForce RTX 5060 Ti 16G VENTUS 2X OC PLUS A5クリアファイル同梱版 グラフィックスボード VD9397","913","106","200","549","¥ 110,909","¥ 110,909","1","B0H256WRS6","B0H2LVHLFD","30.7","20.9","8.6","870"
"Crucial(クルーシャル) PRO (マイクロン製) デスクトップ用メモリ 48GBX2枚 DDR5-5600 制限付無期限保証 CP2K48G56C46U5【国内正規代理店品】","913","103","","309","¥ 210,000","","3","B0C79RMMCL","B0CV7QKC8S","18","13.4","1.6","90"
"【整備済み品】 ノートPC 820G3 12.5型 Office2019 Core i5-6300U カメラ付 8GB 512GB","917","29","","63","¥ 37,800","","1","B09JG83YKR","B09JGB8XXC","43","28","7","3000"
"ウエスタンデジタル(Western Digital) WD ポータブルHDD 2TB USB3.0 ブラック WD Elements Portable 外付けハードディスク / メーカー2年保証 WDBU6Y0020BBK-WESN 国内正規代理店品","918","131","400","274402","¥ 19,560","¥ 19,560","4","B06W55K9N6","B0F2HX3QSK","14.1","12.1","4.3","240"
"Dell 600GB 10K 12Gbps SAS 2.5 HDD 512n (XXTRP) (認定整備済み)","919","2","","","¥ 17,925","","6","B07NQQSGD4","","22.9","15.2","5.1","454"
"エレコム WiFi 無線LAN 中継器 Wi-Fi6 11ax 2402＋574Mbps コンセント直挿し EasyMesh対応 離れ家モード搭載 ホワイト WTC-W602-W","921","119","400","26","¥ 5,980","¥ 5,980","11","B0GLMXSFV5","","21.9","12.6","6.9","400"
"FIFINE USB ゲーミングマイク コンデンサー式 単一指向性 アーム付き PC/PS4/PS5対応 ゲーム実況/レコーディング用 黒 A6T","924","104","300","792","¥ 6,399","","1","B09TN7QJ7Y","B0B7VB9R6F","42.5","16.3","11","960"
"玄人志向 電源ユニット 850W ATX 電源 80 PLUS ゴールド PC電源 フルプラグイン セミファンレス ブラック KRPW-GA850W/90+/REV2.0","928","99","100","5","¥ 9,973","¥ 9,973","1","B0GLMG83QN","B0H5R4GTQD","30.4","22.4","10.1","3110"
"【brother純正】トナーカートリッジブラック TN-293BK 対応型番:HL-L3230CDW、MFC-L3770CDW 他","934","109","200","335","¥ 10,500","¥ 10,700","53","B07G1V9PJS","B07HGGDMSK","39.2","15.7","10.5","670"
"GameSir G7 Pro 8K Aimlabs PC ワイヤレスゲーミングコントローラー （Aimlabs公式ライセンス）","935","99","1000","740","¥ 15,998","","1","B0GWJHDCBQ","","17.9","17.9","9.8","780"
"Amazon限定 キオクシア ポータブルSSD 1TB USB3.2Gen2 読込 1,050MB/s SSD-PKP1.0U3G2BR","942","189","200","35","¥ 33,280","¥ 33,280","1","B0GVY16635","B0GXDTXFH8","12.5","9","4.1","140"
"【整備済み品】 【今だけメモリ16GB】レノボ ThinkPad L560/L570■第6世代Core i5/SSD:256GB/15.6インチ ノートパソコン/Windows 11搭載/Office 2019/テンキー/DVD/ミニDisplayport/USB3.0/Wi-Fi/ノートパソコン(整備済み品)","943","18","","","¥ 37,999","","1","B0CVV6QR85","B0CXML75T6","4","2.8","1.1","2920"
"モバイルモニター 15.6インチ UPERFECT モバイルディスプレイ 自立型 収納ケース付き 100%広色域 1920*1080P 非光沢IPS液晶パネル 指紋防止 HDR ゲーミングモニター ポータブルモニター 極細ベゼル 極薄型 持ち運び VESA ブルーカット USBType-C ミニHDMI スピーカー内蔵 Switch/PS3/PS4/PS5/Xbox/PC/スマホ/Macなど対応","944","107","200","6405","¥ 8,531","","2","B0FSRCB3C1","B0HF56WL2S","40.2","34.3","8.4","2000"
"【純正品】工プソン製 インクボトル ケンダマ・タケトンボ KETA-5CL 5色パック 使い切りサイズ エコタンク","946","89","100","29","¥ 5,980","","1","B0H3F6QNXQ","B0H3DVHMJJ","13.9","11","9.2","220"
"KOORUI モニター 24インチ 100Hz FHD(1920x1080) 非光沢 ディスプレイ フルHD sRGB 99%/Adapitive Sync対応/HDMI/VGA/ブルーライト軽減/フリッカーレス pcモニター VESA対応 チルト調節可 E2412F","949","112","200","2005","¥ 10,800","¥ 10,800","2","B0DWMXWWYT","B0HDZ4TZNF","59.7","39.5","9.3","3640"
"【整備済み品】 NEC ノートパソコン VKシリーズ ■高性能第3世代Core i7/Office 2019/Windows11 Pro/WIFI/15.6型/16GB/(整備済み品) (SSD 256GB)","951","18","","6","¥ 32,999","","1","B0C5GC136V","B0C5JZSQG9","30","20","3","1000"
"ロジテックダイレクト ブルーレイドライブ 外付け 書き込み 再生ソフト付き USB-A/C ケーブル付 M-Disc LBD-LPWAWU3CSDB","952","110","50","80","¥ 21,280","","1","B0CV3BLWM2","B0DMZ8S8L2","21.8","17","7.2","390"
"Gvyugke ゲーミングヘッドセットCaptain 780 ps5 ヘッドセット 4WAY接続 7.1ch サラウンド＜20ms超低遅延ゲームヘッドセット 軽量/アクティブノイズキャンセリング / 50MMドライバー立体音響 / RGB ライト/最大約70時間バッテリー / 急速充電/マイク付き pc ps5 ps4 xboxone対応","953","11","","624","¥ 6,999","","1","B0H8P3NQ5T","B0DPHRV7Y1","16.5","16.1","9.7","480"
"【整備済み品】 東芝 ノートPC R73/13.3型/Win 10/Intel Core-i5-6300U/8GB/128GB/Office 搭載/HDMI/WIFI/Bluetooth/薄型・轻量 Toshiba Dynabook R73 仕事用 (整備済み品)","958","59","","","¥ 19,999","","2","B0CDPXGSFW","","40.5","28","10.9","1740"
"USBメモリ 128GB 高速データ転送 軽量360度回転式設計 5個セット対応 メモリースティック 環境に優しいABSシェル ホワイト 大容量データ保存","959","56","","32","¥ 7,499","","1","B0H3L5X1C7","B0HC7ZW6JW","10.8","6.5","2.9","100"
"FIFINE USB/XLRダイナミックマイク 単一指向性 卓上型 PC/PS4/PS5対応 ゲーミング/配信用 黒 AM8","960","130","200","287","¥ 7,279","","1","B0BVVX5FBD","B0CFVFV2YP","26.3","13.4","8.4","790"
"ロジクール SIGNATURE SLIM ワイヤレス キーボード K950GR 薄型 静かなタイピング Bluetooth Logi Bolt ワイヤレスキーボード テンキー 無線 Easy-Switch 日本語配列 電池寿命36ケ月 Windows Mac Chrome Android K950 グラファイト 国内正規品","963","102","500","389","¥ 9,282","¥ 9,282","1","B0CZ8X3DH8","B0D1C14N5L","45","15.4","3.2","880"
"キヤノン Canon 純正 インクカートリッジ BCI-371(BK/C/M/Y/GY)+370 6色マルチパック BCI-371+370/6MP","965","119","500","2443","¥ 5,800","¥ 5,800","44","B014GRU0GG","B07JVTW62L","14.6","10.2","5.2","160"
"Creative Pebble Pro ブラック 出力 20W RMS ピーク出力60W PCスピーカー","966","136","400","512","¥ 8,982","","2","B0F52BNWB8","B0DGLK313J","24.7","13.7","13.4","1110"
"【整備済み品】 【Amazon.co.jp 限定】超ミニ型PC 富士通 ESPRIMO B532/MS Office 2019/Win 10/Core(TM) i3-3220T/WIFI/メモリ:8GB/Zeroセキュリティーソフト搭載(整備済み品) (SSD 128GB)","970","26","","20","¥ 16,800","","1","B097717ZK7","B0978G9R21","30","26.3","6.9","1750"
"【整備済み品】 【Microsoft Office 2019＆Win 11搭載】軽量型Panasonic Let's note CF-LX6 ■第7世代Core i5-7300U@2.6GHz／8GBメモリ／SSD 512GB／14インチFHD／Webカメラ (SSD512GB) (整備済み品)","971","28","","123","¥ 24,490","","3","B09LD53BPT","B09LD5V78F","34.3","25","7.2","1540"
"【整備済み品】 【タッチパネル】 タブレット PC TOUGHPAD FZ-G1AABMZCJ Core i5-4世代 メモリ4GB 高速SSD BLAPO USB 《WPS Office/無線LAN/Bluetooth/カメラ/》 (整備済み品) (SSD 512GB)","973","40","","2","¥ 39,551","","1","B0C8HDCX44","B0C8HCLFTT","45","28","6","1200"
"TERRA 2441W 23.8インチ フルHD IPS モニター 144Hz HDMI/VGA 最長 5年保証 非光沢 ハードウェアブルーライトカット スピーカー内蔵 ヘッドホン端子 傾き調整 24インチ ゲーミングモニター","974","119","500","207","¥ 9,999","","1","B0G1X4CL2X","","60","43","12","4600"
"Pulsar Gaming Gears PCMK3HE 60 Hall Effect Magnetic ゲーミング キーボード ANSI 英語配列 61キー 磁気スイッチ 8K Polling Rate【国内正規品】","985","96","100","44","¥ 23,980","¥ 23,980","1","B0FCL5B2GG","B0FNR7NCHZ","32.4","15.1","5.9","1080"
"ブラザー工業 A4モノクロレーザープリンター HL-L2460DW (無線・有線LAN/両面印刷)","986","106","500","314","¥ 12,500","¥ 12,999","30","B0CSM4NRCT","","52","44","28","8100"
"キヤノン Canon プリンター A4 インクジェット複合機 TS8830 BLACK 自動両面 6色・独立型・対応インクBCI-330/331シリーズ 【2024年秋冬モデル】","987","98","500","223","¥ 26,148","","70","B0DF7M8B1Z","","50.1","45","21.9","8550"
"【整備済み品】 Dell Eシリーズ E2417H 23.8インチワイドモニタ IPS Full HD (1080p) 1920 x 1080 　DP入力　@ 60 Hz (整備済み品)","990","18","","3","¥ 6,500","","2","B09DC5K3XY","","62.5","48.2","27.1","5380"
"【整備済み品】 レノボ ノートパソコン Lenovo ThinkPad X1 /第8世代Core i5-8350U/Windows 11/メモリ8GB+SSD 256GB/Office搭載/14型IPS液晶(1920*1080)/薄型・軽量 ノート PC/USB 3.1/Type-C/WEBカメラ/HDMI/日本語キーボード搭載 (X1 Carbon 8G+256G) (整備済み品)","989","22","","23","¥ 34,800","","2","B0CDWJVWL2","","40.6","27.8","11.3","1780"
"Appleシリコン搭載Macモデル用Touch ID搭載Magic Keyboard - 日本語(JIS) ​​​​​​​","990","99","300","78","¥ 21,800","¥ 21,800","1","B0DL72TNG2","B0DL93J5PN","30.8","12.8","1.9","410"
"REGZA 27インチ ホワイトモデル ゲーミングモニター WQHD 200Hz 1ms HDR400 Fast IPS Adaptive Sync HDMI RM-27G5SE","994","101","","405","¥ 39,500","¥ 39,500","1","B0GXPM435H","B0H6TXTKSS","82.5","46.5","16.5","6900"
"【整備済み品】 【Amazon.co.jp 限定】富士通 超ミニ型PC Q520/MS Office 2019/第4世代Core-i5/Windows10/メモリ：8GB/SSD:128GB/WiFi/HDMI/省スペース 静音/Zeroセキュリティーソフト搭載(整備済み品)","1000","10","","8","¥ 23,800","","1","B09D8KPMJ6","B09G2N2F5N","20","20","5","1000"
"ロジクール ワイヤレス 縦型 静音 エルゴノミック マウス LIFT M800PG Logi Bolt Bluetooth Unifying非対応 smartwheel ワイヤレスマウス 無線 windows mac chrome iPad Android OS M800 ペイルグレー 国内正規品","1001","90","200","1110","¥ 7,164","¥ 7,164","1","B09WV64S19","B09X74W2B2","14.6","8.8","7.7","200"
"SEYMAC stock iPad 10インチケース 耐衝撃 保護フィルム付き ペン収納 360°回転スタンド ハンドストラップ ショルダーストラップ 全面保護カバー （ブラック）","1006","87","","21456","¥ 12,940","","14","B07YZ41SVJ","B09372LX71","35.1","19.9","6.2","481"
"エレコム 外付けSSD 1TB USB3.2 (Gen1)対応 スライド式 Type-C/Type-A コネクタ iPhone/iPad 対応 ブラック ESD-EAWB1000GBK","1010","162","500","34","¥ 25,000","","21","B0DYC9J88T","B0DZXDV286","15.8","12.2","3.2","50"
"キヤノン Canon スマホプリンター用 ZINKフォトペーパー 100枚入り","1011","111","500","4383","¥ 5,309","¥ 5,309","8","B0F9F2ZNN1","B0H7QYLCJL","14.2","10.8","2.9","140"
"ワイヤレスコンピュータマウス","1019","38","","11069","¥ 10,129","","1","B07TLWQ9KK","B0GWQY6P4Q","11.7","7.3","3.4","70"
"【整備済み品】 【Windows10 Pro搭載】 Panasonic ‎Let`s note/ノートパソコン/ CF-SZ5/薄型・軽量・解像度1920×1080/MS office 2019/Win 10/Core i5-6300U＠2.4GHz/HDMI/WIFI無線LAN/12.1型/メモリ:8GB/SSD240GB/bluetooth/カメラ内蔵（整備済み品） (8GB SSD480)","1020","55","","","¥ 28,600","","2","B09JWX5KNN","B09JWXCBFP","40","30.2","11","1510"
"【整備済み品】ノートパソコン 東芝 Bシリーズ 第6世代/ノートPC/MS & Office2019/Windows11/15.6インチ/4GB/SSD128GB/日本語キーボード/Bluetooth/Wi-Fi/HDMI/有線マウス/内蔵テンキー/初期設定不要 初心者向け(第6世代/メモリ4GB/SSD128GB)","1024","111","500","67","¥ 10,999","","1","B0DBQ64W5K","B0CX8V2Z2G","40.8","30.6","9.6","2680"
"【整備済み品】デル ノートPC latitude 7250 / 7280 / 7270 / 12.5型超薄型 / Win 11 Pro/MS Office H&B 2019 / Core i5-5300U / WEBカメラ/wajunのWIFI/Bluetooth/HDMI / 16GB / 512GB SSD","1024","25","","62","¥ 34,800","","1","B0BNL4Z991","B0BNL8XKCY","43","28","7","3000"
"ALLDOCUBE iPlay80 mini Turbo タブレット8.8インチ Dimensity 7400 バイパス充電 120Hz 4GLTE","1025","17","","50","¥ 32,899","","1","B0HBPQZ1DS","B0HDN5VKRC","23.9","20.3","3.2","590"
"KEEPRO 2018年以降iPad アップルペンシル Type-C急速充電 タッチペン ワンクリック取り消し/傾き感知/パームリジェクション/超高感度/磁気吸着/バッテリー残量表示 apple pencil 第2世代 スタイラスペン 極細1mm 替え芯3枚付き iPad Pro 11/12.9インチ、iPad 6/7/8/9/10、iPad Air 3/4/5、iPad Mini 5/6に対応","1028","68","","4368","¥ 5,515","","3","B0D1YLVQYR","B0D91TC2PL","18.6","5.8","1.6","50"
"アイリスオーヤマ タブレット 8インチ Android 15 64GB 保護フィルム付き Type-C対応 CPU RK3562 メモリ 3GB+6GB 4000mAh イヤホンジャック Wi-Fiモデル LUCA ヘッドピンモデル TA08E1W63-V1H ブラック","1030","108","100","229","¥ 11,800","","6","B0FBGMSL9D","B0GSB94ZML","25.6","20.7","2.7","490"
"Apple iPad mini(A17 Pro):Apple Intelligence、8.3 インチ Liquid Retina ディスプレ イ、128GB、Wi-Fi 6E、12MP フロントカメラ/12MP バックカメ ラ、Touch ID、一日中使えるバッテリー ‒ スペースグレイ","1038","102","200","848","¥ 99,800","¥ 99,800","1","B0DK467P86","B0DNQBNQ12","21","14.9","5.2","600"
"MOFT【公式直営店】ノートパソコンケース 13 13.3インチ PCケース スリーブケース 【2イン1】パソコンスタンド兼用 薄型 軽量 撥水 保護","1073","59","","453","¥ 8,980","","1","B09M6F6CNH","B08N722F6C","39.2","26.7","1.1","380"
"【整備済み品】 東芝 ノートPC R73/13.3型/Win 10/Intel Core-i5-6300U/8GB/128/256GB/WPS Office 搭載/HDMI/WIFI/Bluetooth/薄型・轻量 Toshiba Dynabook R72 仕事用 (整備済み品) (R73-i5 7300U-8G-256G)","1046","46","","15","¥ 16,800","","2","B0CKKK19MB","","40.6","27.8","11.3","1790"
"LANケーブル 100m 屋外用 ランケーブル PoE対応 Ankuly CAT6準拠 コネクタ付き UTP カテゴリ6 業務用(ブラック)","1050","85","50","601","¥ 5,034","","1","B0BTZ27KTF","B0DKXFT13C","27.6","27.5","9.4","2960"
"【整備済み品】 富士通 ノートPC [ PCステージ W.R.K 無線マウス付属]極薄 極軽 LIFEBOOK U939 /Office 2019/Win 11 Pro/13.3型FHD (1920×1080)/WIFI/Bluetooth/Core i5 8365U/メモリー8GB/SSD256GB/Webカメラ搭載/Type-C/HDMI (整備済み品)","1052","60","","42","¥ 42,800","","1","B0C9Q8C46H","B0C9QBJ28H","41.9","24.3","6.7","1180"
"【整備済み品】 富士通 ノートパソコン FUJITSU LIFEBOOK U938 Core i5-8350U(1.7GHz)/SSD 搭載/Windows11office搭載/薄型・轻量・クロームブック FHD1920x1080・13.3inch 指紋認証/HDMI/Ｗebカメラ搭載/WIFI/Bluetooth/高いパフォーマンス (整備済み品) (U938-I5 8350U-12G+1T)","1053","16","","48","¥ 37,422","","2","B0CKVT1WF4","B0GMRWFHRR","40.3","27.8","10.9","1500"
"ジット キヤノン (CANON) BCI-381+380/6MP 対応 ６色パック リサイクルインク 日本製 JIT-NC3803816P","1053","66","","58","¥ 5,204","¥ 5,204","1","B0B4WN331R","B0FYL9HBG8","12.4","11","7.9","200"
"IODATA モニター 21.5インチ FHD 100Hz 縦横回転 スピーカー付 高さ調整（HDMI/DP） EX-D222SD-F","1055","90","50","17","¥ 15,280","¥ 15,280","1","B0F32RG1WW","B0F3X177Q1","60.2","43.6","14.4","5600"
"LAZOS microSD メモリーカード 8GB×８個 カメラ ドラレコ 監視カメラ 対応 Class10 SDカード変換アダプター付き マイクロSDカード","1063","61","","50","¥ 6,400","","1","B0GD1PZHPC","B0GD1M7B6R","20","10","1","10"
"【brother純正】インクカートリッジイエロー LC3139Y 対応型番:MFC-J6999CDW、MFC-J6997CDW、HL-J6000CDW 他","1064","118","50","28","¥ 5,300","¥ 5,500","43","B07GX9FMW5","B07HCMB8KN","14.4","10.2","2.5","100"
"CORSAIR RM850e 2025モデル PC電源ユニット 850W PCIE 5.1 対応 80PLUS Gold認証 ATX 3.1 認証済 フルモジュラー 12V-2x6 ケーブル付属 CP-9020296-JP","1067","111","200","80","¥ 15,127","¥ 15,127","7","B0DPHCMGYF","B0F89G4RQQ","28.8","18.5","13","3120"
"【整備済み品】 Apple MacBook Pro 2017(15インチPro,16GB RAM,256GB SSD,2.8GHz) シルバー (整備済み品)","1071","46","","","¥ 69,350","","4","B096DBL1HH","","40","30","10","2000"
"タブレット - HiGrace Android16 タブレット 10インチ 24GB+64GB+1TB拡張 wi-fi6モデル 1280*800画面 Widevine L1対応 Bluetooth5.4 WiFi 6 6000mAhバッテリー 顔認識 RGBライト搭載 児童守護 無線投影 キーボード+マウス+保護ケース+タッチペン+ヘッドフォン付 日本語説明書 一年保証","1072","101","500","172","¥ 12,498","","3","B0GTLB34XV","B0H3V2P2C5","27.5","19.3","5.9","1250"
"【国内正規品】Keychron B6 Pro ウルトラスリム ワイヤレスキーボード、フルサイズ、テンキー付、ZMKカスタマイズ、シザースイッチ、2.4 GHz/Bluetooth 5.2/有線接続、ロングバッテリーライフ、Mac Windows Linux対応 (レトロレッド, JISレイアウト)","1081","90","50","205","¥ 6,688","","2","B0FFMXDFCV","B0DJ1C7496","44.6","14","3.9","900"
"BenQ MOBIUZ EX251 24.5インチ IPS フルHD 220Hz 1ms ゲーミングモニター","1083","141","500","291","¥ 19,800","¥ 19,800","16","B0DT3NLNCC","B0GXDZT1H8","69.1","45","16.1","6860"
"IODATA モバイルモニター 14インチ FHD 軽量 省スペース 持ち運びケース付（USB-C） EX-YC142H","1083","106","100","11","¥ 23,220","¥ 23,220","2","B0GL7SJTCQ","B0CLXVVG22","42.1","30.6","7.4","1170"
"【整備済み品】 Panasonic ノートPC CF-SZ5/12.1型フルHD/WPS Office 2/Win 11/Core i5-6300U/カメラ内蔵/HDMI/WIFI/Bluetooth/4GB/128GB SSD (整備済み品)","1090","54","","197","¥ 27,640","","1","B09JVPZ35C","","39.6","30.7","11.2","1420"
"【整備済み品】 【Amazon.co.jp 限定】マイクロソフト Surface pro5 タブレット Core i5 7300U/メモリ:8GB/12.3型/SSD:128GB/Windows 11搭載 /Office搭載/カメラ内蔵/サーフェースプロ/液晶 タブレット(整備済み品)","1092","16","","6","¥ 45,800","","1","B0CS14W1MX","","20","15","10","1000"
"cocopar モバイルモニター 15.6インチ 90%sRGB 耐久アルミ合金製 ベゼルレス VESA 標準HDMI 非光沢IPS液晶 軽量薄型 1920*1080 FHD ゲーム用 FreeSync対応/ブルーカット機能 USB-C/HDMI/スピーカー内蔵/保護フィルム/カバー/撥水加工収納バッグ付 PS5/Switch/PC/Macなど対応 在宅ワーク リモートワーク zs-156x","1095","94","100","4628","¥ 13,978","","1","B0FMRSQ8JR","B0GX1K9MPG","40","26.9","6.9","2120"
"Haute42 T16 PRO レバーレスコントローラー レバーレスアケコン ホワイト 格ゲ向 PC Switch1/2 PS4対応 JZW-Shop","1096","139","100","385","¥ 9,497","","1","B0CQLVWKXT","B0DWW5HBM8","35.2","22.9","3.1","1080"
"Amazon限定 バッファロー CMR HDD採用 外付けHDD 4TB テレビ録画対応 nasne対応 静音 日本製 HD-ACD4U3","1098","169","200","517","¥ 24,980","¥ 24,980","1","B0BMKBHDJX","B0BMKDZ8SP","21.6","21.4","7.8","920"
"【整備済み品】Apple MacBook Pro 2018,Thunderbolt(USB-C)3ポートx 4(13インチPro,8GB RAM,256GB SSD,2.3GHz) シルバー","1099","67","","4","¥ 79,800","","2","B095R6QQH6","B095RL4MJM","33.2","23.8","5.7","2030"
"INNOCN ゲーミングモニター 24.5インチ 200Hz IPS 1ms(GTG) フルHD 非光沢 フレームレス PS5/Xbox対応 Adaptive-Sync VESA100×100 HDMI2.0/DP1.4接続 25G2G","1107","117","300","212","¥ 16,990","","1","B0DNKC8HXP","B0CM8MB96D","62","42","13","3800"
"【整備済み品】 NEC ノートPC VKシリーズ■第8世代Core i5/Office 2019/Windows11 Pro/15.6型/メモリ:8GB/DVD/無線Wi-Fi/HDMI/USB3.0/在宅ワーク PC/高いパフォーマンス(整備済み品) (2)MS office/第8世代Core-i5/8GB/512GB)","1115","38","","2","¥ 30,599","","2","B0CVL7KBSD","B0CVLDGTFZ","39.3","32.3","4.9","2820"
"【整備済み品】Pana sonic ノートPC CF-NX4 / 12型 / Win 11 Pro(English OS) / MS Office H&B 2019 / Core i7-5500U / wajunのWIFI/Bluetooth/HDMI/US keyboard / 8GB / 512GB SSD","1116","33","","3","¥ 42,800","","1","B0BHHCTSFG","B0D1X62GQZ","43","28","7","3000"
"Razer BlackShark V2 X ゲーミングヘッドセット 3.5mmアナログ 7.1ch サラウンド 特許技術採用50mmドライバー 単一指向性マイク ノイズキャンセリング 高遮音性イヤーカップ 軽量240g PC PS4 PS5 Xbox Nintendo Switch 【日本正規代理店保証品】 RZ04-03240100-R3M1","1120","87","500","12987","¥ 5,770","¥ 5,770","1","B089SSFV85","B0GZ3KQ227","26","22.1","12.1","580"
"【整備済み品】 【 大画面15インチ＋ テンキー付 office搭載】Lenovo ノートパソコン windows11 L590 Core i5-8世代 メモリ32GB 高速SSD 《無線LAN/WPS Office/カメラ内蔵/10キー/リカバリー用USB64GB/ZEROセキュリティ》 (整備済み品) (SSD 1TB)","1121","23","","","¥ 72,990","","1","B0CMPYF7DG","B0CMQ2HQFJ","45","28","6","2500"
"シャオミ(Xiaomi) タブレット REDMI Pad 2 Pro 6GB+128GB 2.5K 120Hz 大型12.1インチディスプレ Dolby Atmos対応 12000mAh 大容量バッテリー リバース充電対応 Snapdragon 7s Gen 4チップ 2TBまで拡張 Xiaomi相互接続機能対応 軽量 エンターテインメント 子供用にも 日本語版 グラファイトグレー","1122","141","500","163","¥ 38,480","¥ 38,480","8","B08N65TPYD","B0FVG296VN","29.1","19.7","4.7","1070"
"「VGP2025金賞&コスパ大賞」Edifier M60 マルチメディアスピーカー 66W Bluetooth 5.3 ハイレゾワイヤレス コンパクトなデザイン 専用アプリ スタンド付き USB-C/AUX入力 MDF製 黒","1124","129","500","931","¥ 18,480","","1","B0D93NFXVL","B0DK5QPL3Y","39","32.6","15","4680"
"SANDISK サンディスク エクストリーム V2 SDSSDE61-1T00-G25 [並行輸入品]","1125","160","200","72214","¥ 32,120","","52","B08GTYFC37","B0DG6QLK5K","13.1","10.4","3.2","110"
"バッファロー Wi-Fi 6E ルーター 2401+2401+573Mbps 有線2.5Gbps WSR-5400XE6/N","1133","134","500","1028","¥ 16,180","¥ 16,180","1","B0C9PVNJCL","","26.5","22","7.7","1140"
"MSI MAG A850GL PCIE5 PC電源ユニット 850W ATX3.1/PCIe 5.1対応 80PLUS GOLD認証 フルモジュラー 7年保証 PS1327","1134","115","200","236","¥ 14,418","¥ 14,418","10","B0CC4V3CJ2","B0GX25ZNP2","30.2","22.6","12.8","2912"
"Biwin NV7400 1TB SSD NVMe2.0 M.2 Type 2280 PCIe Gen4×4 最大読込：7450MB/s (R:7450MB/s、W:6500MB/s) 内蔵SSD 高耐久 PS5/PS5 Pro動作確認済み メーカー5年保証","1137","123","400","873","¥ 27,980","","11","B0DM1R7KHZ","B0GWDFGYV7","13","8.8","1.7","30"
"HyperX Cloud Earbuds III ゲーミングイヤホン 有線 3.5mm ブラック 日本正規代理店品 BN7R9AA","1137","102","200","22","¥ 5,473","¥ 5,473","2","B0GRWHFTZ8","B0H4ZMF7WF","13.5","7.8","3.6","95"
"【整備済み品】 ノートPC 820G4 12.5型 i5-7300U Office2019 カメラ付 USキー 16GB512GB","1137","36","","1","¥ 41,800","","1","B0B45M1ZCD","","43","28","7","2500"
"【整備済み品】 I-O DATA 23.8型ワイド液晶ディスプレイ ブラック (整備済み品)","1138","20","","","¥ 9,490","","1","B0D115PJHZ","","64","49","15.5","4840"
"TEAMGROUP (旧称 Team) microSD Express カード 1TB 【 Nintendo Switch2 動作確認済み】 APEX UHS-I U3 A1 V30 読出800MB/s 書込700MB/s PCデータ転送/4K動画撮影向け 日本正規5年保証 TAPMSDE1TIV30A102","1138","104","","160","¥ 37,880","","3","B0FBLVK5HR","B0CGZGC8K1","13.8","13.6","11.9","82"
"【整備済み品】 富士通 ノートPC [ PCステージ　W.R.K 無線マウス付属]A574/MS Office 2019/Win 11 Pro/15.6型/DVD/WIFI/Bluetooth/Celeron 2950M/メモリー4GB/SSD256GB (整備済み品)","1141","22","","123","¥ 16,800","","2","B0BG1T88KD","B0BG1XSW9F","30","20","12","6000"
"AIM1 時雨 ゲーミングマウス 無線 有線 対応 45g 超軽量 ポーリングレート 8,000Hz 80時間駆動 マウス ゲーミング SHIGURE (ホワイト（3年保証）)","1441","17","","202","¥ 15,980","","1","B0H93DR9RH","B0DX6ZB3D6","19","8.4","7.7","300"
"【整備済み品】 【今だけ大容量メモリ16GB】東芝 薄型・軽量化 ノート DynaBook R73■第6世代Core i5-6200U/Office 2019/13.3型/Windows11/HDMI 4K出力対応/無線LAN/Wi-fi/USB3.0/仕事用 学習用 初期設定済 HCMAの電源(整備済み品) (1)MS Office/第6世代Corei5/RAM:16GB/SSD:256GB)","1164","5","","","¥ 24,299","","1","B0CY5R5SGY","B0CY8Z3C1B","31.6","22.7","1.4","2100"
"Black Shark マグネット式スマホクーラー 6 Pro – スマートディスプレイ搭載、マグネットリングプレート、アドレス可能RGB LED、アプリ制御クーリングファン｜iPhone MagSafe/Android/iPad対応 – ゲーム・配信・撮影用","1153","50","500","199","¥ 6,638","","1","B0GTV71HP3","B0H25N1931","15.7","10.3","4.6","280"
"エレコム ワイヤレスマウス 静音 EX-G PRO Lサイズ Bluetooth 無線2.4GHz 両対応 充電式 8ボタン 高速スクロール チルトホイール 抗菌 ブラック M-XGL50MBSKBK","1153","132","200","471","¥ 5,482","¥ 5,482","44","B0CGWN5V9N","B0CT2QQZ72","21","13.2","7.1","280"
"【整備済み品】 エイチピー ノートPC 820G3 12.5型 i5-6300U Office2019 カメラ付 8GB 1TB","1153","17","","109","¥ 48,800","","1","B09V16N69T","B09V19SRRP","43","28","7","3000"
"【整備済み品】 【 大画面見やすい15インチ office搭載】 東芝 ノートパソコン windows11 T552/58FR [ルビーロゼ] PT55258FBFR Core i7-3世代 メモリ8GB 750GB 《ブルーレイ/Office2019/無線LANカメラ/10キー/リカバリー用USB64GB/ZEROセキュリティ》 (整備済み品) (SSD 512GB)","1155","31","","1","¥ 54,800","","1","B0CKH8L5ND","B0CKHD8HDB","45","28","6","2700"
"サンワサプライ(Sanwa Supply) 電源タップ 3P・4個口 10m 裏面マグネット・3P→2P変換アダプタ付き TAP-MG341N2-10","1157","87","50","97","¥ 5,227","¥ 5,227","37","B014VV8A2I","B0851PWD1S","28.8","24.6","7.2","1350"
"cocopar モニター 23.8インチ 240Hz ホワイト 3年保証 HDMI*2つ ゲーミングモニター 100%sRGB広色域 400nit高輝度 1ms応答 VESA対応 狭額縁 薄型 FHD 非光沢IPSパネル 角度調整 FreeSync/HDR/OD/MPRT/チルト/スピーカー 240Hz/200Hz/180Hz/120Hz/100Hz/60Hz対応 S-238HW","1159","116","100","2719","¥ 18,999","","1","B0GC67N6Z5","B0H5J4R5N2","61.2","43.1","10.4","4080"
"【整備済み品】東 芝 ノートPC Rシリーズ63 / 73 / 13.3型 / Win 11 Pro/MS Office H&B 2019 / Core i5-6200U / WEBカメラ/wajunのWIFI/Bluetooth/HDMI / 16GB / 512GB SSD","1159","15","","3","¥ 47,800","","1","B0CP3PB5YV","","43","28","7","2500"
"【整備済み品】ノートパソコン 富士通 LIFEBOOK A577ノートPC/MS & Office2021/Windows11搭載/メモリ8GB/SSD 256GB/第7世代 Core i5/Bluetooth/WIFI/HDMI/USB3.0/DVDドライブ/15.6インチ/有線マウス/テンキー (メモリ8GB/256GB/win11)","1162","104","500","65","¥ 20,500","","1","B0DY759TL2","B0DY74Y1CC","41.7","30.8","11.1","2670"
"MS factory iPad A16 ケース 11世代 10世代 ペン収納 耐衝撃 カバー ipadケース 第10世代 (2022) 第11世代 11インチ (2025) 用 アイパッド オートスリープ スタンド アリス ブルー 水色 IPD-10-S-HDR-LSK (× 4)","1248","26","","4605","¥ 7,996","","","B0GZD26NBX","B0922HNFR4","25.7","21.6","2.5","1200"
"(ベースアス) Baseus 巻き取り式USB C - USB Cケーブル 100W 5A 急速充電 プリセットされた4段階の長さ Type C充電ケーブル iPhone 16 15 Pro Plus Pro Max/MacBook/iPad/Samsung S24/S23+用 (3.3フィート)","1164","85","","1139","¥ 6,086","","2","B0C858GPF9","B0DQ6XJT2J","15.2","8.4","2","59"
"【Amazon.co.jp限定】MSI ゲーミングモニター MAG 245F X24 23.8インチ/フルHD/RAPID IPS/240Hz/0.5ms（GTG、最小値）/HDR/FreeSync Premium/HDMI 2.0/DP 1.2a/VESA100/メーカー3年保証","1165","105","100","10","¥ 16,800","¥ 16,800","1","B096Y284KC","B0GYRCB3KD","61.9","44.3","14.6","5810"
"Yubico セキュリティキー C NFC（ブラック）FIDO2/WebAuthn・U2F対応 USB-C/NFC 多要素認証 2要素認証 IP68 防水防塵 耐衝撃","1166","100","300","2629","¥ 5,104","","13","B0BVNRXFHT","B0CSZ9QJ1R","8.4","5.4","1.4","32"
"【整備済み品】Apple MacBook Pro 2019(16インチPro,32GB RAM,512GB SSD,2.4GHz) スペースグレイ","1170","26","","1","¥ 92,500","","1","B0CGPKV923","B096DB7RL4","40","30","10","2000"
"【整備済み品】 ノートパソコン 初期設定済み U937 シリーズ 高性能第7世代 Core i5 /2.6GHz パソコン ノート【MS Office搭載】【Win11搭載】laptop/日本語キーボード/メモリー8GB/SSD:512GB /13.3インチ液晶/ WIFI搭載/HDMI/初心者向け/テレワーク応援/在宅勤務/軽量薄型ノートPC(メモリ:8GB SSD:512GB)(整備済み品)","1171","37","","132","¥ 47,140","","1","B09YRJGZFT","B09YRK79SR","34","25.4","11.7","1320"
"KOORUI ゲーミングモニター 27インチ FHD 200Hz Fast IPS 1ms GTG HDR400 DCI-P3 90% sRGB 99% Adaptive Sync HDMI2.0×2 DP1.4 VESA対応 ブルーライト軽減 G2711P","1174","99","200","889","¥ 13,450","","1","B0GRGRV5JS","B0HC9W9S53","70.4","48.6","15.2","5740"
"NEC Aterm 無線LAN WiFi ルーター Wi-Fi6E(11ax)トライバンド対応 6ストリーム PA-WX5400T6","1175","175","500","170","¥ 18,859","","83","B0D87CXK9Y","","23.8","21.7","10.4","1250"
"Minifire モニター27インチ ゲーミングモニター 200Hz/1Ms 1500R 非光沢 ディスプレイ スピーカー内蔵 AMD FreeSync HDR10 PS5対応 300cd/㎡輝度 178° 3000:1コントラスト比 VESA対応 DP/HDMI (HDMIケーブル付き-MFG27C1）","1177","97","100","154","¥ 15,199","","1","B0DC46F5HK","B0HG13PVKV","68.5","43.3","13","4880"
"【2枚セット】MMOMENT 256GB MicroSDXCカード U3 / A1 / V30 / SDアダプター付 (最大読込100MB/s)","1179","97","","74","¥ 12,999","","1","B0CXSDTZCT","B0CSJQWLSJ","14.6","10","2.2","59"
"IODATA GigaCrysta ゲーミングモニター 23.8インチ FHD 240Hz リモコン付（HDMI/DP） EX-GD243UDB","1180","121","300","284","¥ 19,620","¥ 19,620","3","B0H4L58ZFR","B0H4PBB8NT","60.2","40.2","13","4890"
"【Amazon.co.jp限定】Keychron C3 Pro カスタムゲーミングキーボード、コンパクトテンキーレスレイアウト/JISレイアウト/RGBバックライト/有線接続メカニカルキーボード/ホットスワップ対応/ガスケットマウント/ダブルショットPBTキーキャップ/Mac Windows Linux対応 (Keychron Silent K Pro赤軸)","1185","127","200","83","¥ 7,744","","1","B0FRNBQ6BD","B0DRK5Y83J","41.6","18.5","5.4","880"
"GMKtec性能野獣級mini pc GMKtec ミニPC AMD Ryzen 5 7640HS（最大5.0GHz）搭載｜DDR5 128GB+8TB拡張可 SSD拡張可 Windows11 Pro｜ミニPC Ryzen ゲーミング PC｜M.2 NVMe｜USB4.0/2.5Gbps LAN/ 3画面8K出力 高放熱 静音設計 小型PC M6 Ultra 16GB+1TB","1374","86","100","444","¥ 79,998","","1","B0GKNWW5PV","B0HGPRC345","18.8","18.4","10.9","1470"
"MoKo ケース iPad 第9世代 2021/ 8世代 2020/ 7世代 2019用 スリムスタンド ハードバックシェル スマートカバーケース iPad 10.2インチ用 自動ウェイク/スリープ解除 スペースグレー","1247","44","","46273","¥ 5,158","","1","B07WPC7HBJ","B0CHVFZYXY","26.6","20.8","1.8","240"
"KIOXIA(キオクシア)【日本製】USBメモリ 256GB USB3.2 Gen1 ノックスライド式 国内サポート正規品 KLU304A256GK","1211","116","100","188","¥ 6,112","¥ 6,112","11","B0D24VN71B","B0D25B34KN","12.5","7.7","1.2","10"
"EIZO 疲れ目軽減モニター | FlexScan EV2740S-AMZBK | 27型4K・USB Type-C・ブラック","1212","112","50","15","¥ 74,800","¥ 74,800","1","B0FSR8RKDF","B0FK4L3SDL","75","45","28","12520"
"ESR iPad Pro 13インチ ケース（M5/M4、2025/2024）専用 Pencilホルダー付き 取り外し可能マグネットカバー 縦置き/横置きスタンド Pencil Pro/USB-C完全対応 Rebound 360シリーズ ブルー","1357","64","","10429","¥ 6,180","","1","B0CRHJXLDN","B0G2S7W5ZJ","28.9","23.3","2.5","640"
"エプソン プリンター A4インクジェット複合機 EW-056A カラリオ Wi-Fi テレワーク向け 4色 独立型 2024年モデル","1218","105","500","2435","¥ 8,695","¥ 9,000","43","B0CTQ5NPDX","B0F5Q9LJFL","45.9","40.1","37.1","5000"
"【純正品】 ブラザー工業製(Brother Industries) インクカートリッジ 4色パック LC411-4PK 対応型番:DCP-J928N、DCP-J528N、MFC-J905N、MFC-J739DN、MFC-J939DN 他","1277","93","200","14","¥ 6,980","","1","B0GNZQ3TLD","B0GPWLJXTH","12.2","9.5","6.6","180"
"USB Type C ケーブル L字 両端【1.5M /2本セット】Sweguard タイプc ケーブル 90度 type-c【3.1A急速充電 】-ブラック","1235","51","","1240","¥ 6,207","","1","B0CKYVZS8L","B0FNR3NK97","24.5","9.6","1.7","150"
"【整備済み品】ノートPC B65 15.6型 10キー Core i3-7100U HDMI DVD Office2024 16GB 256GB","1226","34","","8","¥ 38,800","","1","B0CMCJTVVQ","B0D627YNJD","43","28","7","3000"
"Seagate IronWolf 内蔵HDD 8TB NAS用 ST8000VN002","1227","129","100","163","¥ 59,980","¥ 59,980","1","B0CLXGXHW3","B0FR9J21QX","19.3","14.7","5.4","700"
"FFF 外付HDD 1TB PC・テレビ録画対応 USB3.2 高速転送 Windows/Mac対応 MAL31000EX3-BK","1231","78","100","880","¥ 9,690","","1","B0B254M2TS","B0DVC19RK4","24","23","10","1110"
"【整備済み品】 パナソニック ノートパソコン [ PC ステージ W.R.K 無線マウス付属] Let's note CF-LX5 Win11Pro MS Office H&B 2019 Corei5-6300U 2.4GHz メモリー4GB SSD128GB Bluetooth SDスロット 内蔵WIFI 14インチFHD Webカメラ (整備済み品)","1232","17","","39","¥ 25,800","","1","B0BJ1XJF6Q","B0BJ1TCFSP","40.5","25.1","6.1","1590"
"バッファロー Wi-Fi 6 ルーター 4803+574Mbps WSR-5400AX6P/NBK","1234","137","400","964","¥ 17,480","¥ 17,480","1","B0CB8N3K8C","B0CDX8XZKH","26.6","22.2","7.7","1060"
"ESR iPad Pro 11インチ ケース（M5/M4、2025/2024）専用 強力マグネット吸着式 スリムな三つ折りスタンドケース オートスリープ/ウェイク機能 Pencil Pro/USB-C対応 耐久性保護 Reboundシリーズ ピンク","1235","67","","36302","¥ 9,603","","1","B0CRHK1JDD","B0F42KQS6C","25.7","20.3","1.9","350"
"Quntis モニターライト スクリーンランプ 41cm 自動調光 タッチ&リモコン操作 ブルーライトカット 目に優しい USBライト 画面反射防止 3000K-6500K調光 USB給電 在宅ワーク/ゲーム/勉強用","1238","125","600","4399","¥ 5,399","","1","B0DZHJZWMM","B0GTS9KNBJ","43.5","12.8","4.9","560"
"【整備済み品】東 芝 ノートPC Rシリーズ63 / 73 /13.3型/Win 11 Pro/MS Office H&B 2019/Core i5-6200U/WEBカメラ/wajunのWIFI/Bluetooth/HDMI/16GB/256GB SSD","1239","31","","1","¥ 28,620","","1","B0CP3N8QRJ","","43","28","7","2500"
"【整備済み品】ノートPC U9313 13.3型 Celeron 7305 Office2024 カメラ付 8GB 1TB SSD","1240","13","","","¥ 41,800","","1","B0CMQ5V2MB","B0GYS36G66","43","28","7","2500"
"エレコム マウス ワイヤレスマウス EX-G Bluetooth 静音 XLサイズ 5ボタン マルチペアリング 「AskDoctors評価サービス」認証 抗菌 ホワイト M-XGXL30BBSKWH","1245","101","","687","¥ 5,000","","8","B0CB271SP3","B0CT2WSMDW","21.4","13.1","7.1","270"
"【整備済み品】 東芝 ノートPC R63 13型 i5-6200U Office2019 HDMI 8GB 512GB","1251","7","","","¥ 39,800","","1","B0C8HLC9HY","B0C8HQ9F9T","43","28","7","3000"
"Pixio ゲーミングモニター PX278Wave グリーン 27インチ WQHD 180hz Fast IPS ゲーミング モニター 緑 ピクシオ","1253","96","","483","¥ 31,500","","1","B0DJGCT5NP","B0G5MZ7RW6","68.4","45","17.5","6500"
"Western Digital ウエスタンデジタル 内蔵SSD 1TB WD Black SN7100 (読取り最大 7,250MB/秒) M.2-2280 NVMe WDS100T4X0E-EC 【国内正規代理店品】","1255","144","400","377","¥ 29,884","¥ 29,884","21","B0DT48TBB6","B0DVC1ST7W","12.7","10.2","2.2","50"
"【整備済み品】 エイチピー ノートPC 820G3 12.5型 i5-6300U Office2019 カメラ付 8GB 512GB","1255","8","","3","¥ 37,800","","1","B09TK4YX33","B0BNPVVSFM","43","28","7","3000"
"【整備済み品】 【2in1タッチパネル 薄型軽量 office搭載】 ＨＰ タブレット PC ELITEX2-1012G2 Core i5-7世代 メモリ8GB 高速SSD 《無線LAN/Office2019/内蔵カメラ/》 (整備済み品) (SSD 512GB)","1261","37","","2","¥ 46,800","","1","B0CHDXW6GF","B0CHDTH84R","45","28","6","1200"
"ジットキヤノン（CANON）BCI-331+330/6MP リサイクルインク 日本製 JIT-NC3303316P","1262","97","100","58","¥ 6,270","¥ 6,270","1","B0D41PLHHS","B0FYLH4JL6","12.2","11.2","7.9","190"
"【整備済み品】 テレワーク最適【最新Win11搭載】PanasonicレッツノートCF-LX6 ★高性能第7世代Core i5(2.6GHz)／8GBメモリ／SSD 256GB／14インチFHD／Ｗebカメラ／WiFi／Bluetooth／パソコン (整備済み品)","1262","47","","23","¥ 27,347","","3","B09LLNXN6G","","35","25","5","2000"
"【業界革新版】Omikamo iPad A16 11世代&10世代用 人間工学設計 標準JIS配列 ipad a16 ケース キーボード付き 軽量","1269","65","","1067","¥ 5,675","","1","B0FHPWHM5X","B0G1YBMYMG","28.7","20.8","3.1","800"
"ジャスティス・リーグ 4K ULTRA HD&3D&2Dブルーレイセット(初回仕様/3枚組/ブックレット付) [Blu-ray]","1689","42","","33868","¥ 7,191","¥ 7,191","6","B0791TJV6W","","17.6","13.8","2.4","300"
"Amazon限定 バッファロー microSD 128GB 100MB/s U1 microSD V10 A1 RMSD-128U11HA/N","1273","91","100","19810","¥ 9,980","¥ 9,980","1","B09378JC6B","B0C9Q2NF6N","12.4","3.7","1.2","20"
"Samsung 990 PRO 1TB PCIe Gen 4.0 x4 (最大転送速度 7,450MB/秒) NVMe M.2 (2280) 内蔵 SSD MZ-V9P1T0B-IT/EC 国内正規保証品","1274","183","400","763","¥ 34,980","¥ 34,980","4","B0BPXQ9BDV","B0GPWHFJC1","14.1","9.9","2.4","80"
"エプソン プリンター A4インクジェット複合機 EW-456A カラリオ Wi-Fi 自動両面 テレワーク向け 4色 独立型 2024年モデル","1288","104","500","1286","¥ 11,327","¥ 12,000","50","B0CTQ4JMZ3","B0F5QFTYVM","45.7","40.5","25","5700"
"【整備済み品】 Leno vo ノートPC [ PCステージ W.R.K 無線マウス付属]ThinkPad X280 /Office 2019/Win 11 Pro/12.5型タッチパネル機能搭載/WIFI/Bluetooth/Core i5 8350U /メモリー8GB/SSD256GB/Webカメラ搭載","1289","10","","5","¥ 36,800","","1","B0CLLK3CXV","B0CLKSHDQR","18","17","6.4","300"
"【整備済み品】 Lenovo ThinkPad X280 ■Win11搭載 / Office H&B 2019 / Core i7-8550U(1.8GHz) / メモリ8GB / SSD:1TB / 12.5インチ / Ｗebカメラ/WiFi/Bluetooth (整備済み品)","1290","24","","2","¥ 54,800","","1","B0C28JDF2F","B0C28QWB3D","25","25","7","2000"
"【エイデータ】 USBメモリ UV150 ブラック 512GB USB 3.2 Gen 1 高速 最大読込速度100MB/秒 AUV150-512G-RBK-I","1291","65","","118","¥ 14,040","¥ 14,040","2","B0F4JVPSS2","B0FRSC71YY","11.3","10.1","1.3","15"
"ロジテックダイレクト Android 専用 スマホでCDの音楽が聴ける レコーダー 有線 ケーブル スマホでCD LDR-LSM8WURDBK","1379","101","300","313","¥ 6,280","","1","B0BSKQ8QL3","B0H3MMWM4X","21.1","18.2","9.2","510"
"Pulsar Gaming Gears CrazyLight Series ワイヤレス ゲーミングマウス 超軽量 38グラム 1ms 32000 DPI Optical swhich XS-1 Flagship Sensor 国内正規品(X2N CrazyLight, Mini, Uyuni White)","1295","102","50","35","¥ 16,090","¥ 16,090","1","B0GF7HQXRN","B0H79VSPRJ","20.8","13.1","7.5","349"
"【整備済み品】 エイチピー ノートPC 820G3 12.5型 i5-6300U Office2019 カメラ付 8GB 256GB","1297","28","","7","¥ 28,800","","1","B0C771JXCN","B0C76VMJHM","43","28","7","3000"
"【 サンディスク 正規品 】SanDisk Ultra Fit SDCZ430-1T00-J46 USBメモリ","1299","97","","1408","¥ 55,111","¥ 55,111","1","B0DM1NX6M2","B0C2CK2PZJ","15.1","9.9","1.2","10"
"LAZOS SDカード 16GB×5枚 CLASS10 SDHC対応 高速保存 デジカメ ドライブレコーダー対応","1304","59","","23","¥ 5,099","","2","B0H6QS5JW6","B0H6QSSNKR","8","3.5","1","100"
"IODATA カクうすLite ポータブルHDD 4TB テレビ録画&PC両対応 HDPH-UTV4DK/E","1308","132","","21","¥ 36,917","¥ 36,917","1","B0FNR787VY","B0FQV78TCG","15.7","13.6","4.7","320"
"【整備済み品】 ノートPC 820G3 12.5型 Office2019 Core i5-6300U カメラ付 8GB 512GB","1310","15","","3","¥ 37,800","","1","B0C77QN4BD","B0C77QH25W","43","28","7","3000"
"KEY TO COMBAT モバイルモニター 15.6 インチ FHD 1920×1080 1080P Fast IPS パネル 非光沢 1000:1 高コントラスト 超軽量 600g スピーカー内蔵 Type-C/HDMI 接続 PS5/Switch/PC/スマホ対応","1315","115","400","230","¥ 9,980","","1","B0GK1ZZ63C","B0HCZNCK9S","41.4","26.3","5.6","1000"
"エレコム WiFi ルーター 無線LAN 1201＋574Mbps 11ax 有線Giga EasyMesh(TM) IPv6(IPoE)対応 エコパッケージ WRC-W601-B","1320","138","300","205","¥ 5,980","","30","B0DTNHR57M","","21.9","15.8","7.1","670"
"キヤノン A4 モノクロレーザビームプリンタ複合機 Satera MF272dw(無線・有線LAN/両面印刷/29PPM)","1321","113","400","358","¥ 13,800","¥ 13,800","23","B0C5D4DM2R","B0D69NS4W9","51","42.5","39.7","11820"
"バッファロー 外付けHDD 6TB ブラック USB3.2(Gen.1)対応 HD-LE6U3-BB","1324","143","100","1449","¥ 31,676","¥ 32,891","22","B092VBG6L8","B093GT31VG","21.8","21.4","7.9","1190"
"ヒューレット・パッカード(HP) 1回録画用 ブルーレイディスク BD-R DL 50GB 50枚 ホワイトプリンタブル 片面2層 1-6倍速 VBR260RP50SH1","1326","75","","10","¥ 7,780","¥ 7,780","1","B0D5HKGWJW","B0DW9273R4","14","13.8","8.7","870"
"COMICA USBコンデンサーマイク ゲーミングマイクアーム付き単一指向性 RGB光りワンタッチミュートweb会議ライブ配信 EJoy Uni(白)","1332","124","300","382","¥ 5,939","","1","B0D4Z8LWXC","B0HF3N6LXG","42.2","17","12.3","1070"
"ESR Flex iPad Air キーボード iPad Air 11 M4/M3/M2用の キーボードケース マグネット着脱式","1334","18","","238","¥ 9,599","","1","B0H6F655YM","B0HC6S2568","29.5","22.7","2.6","720"
"ロジクール ワイヤレスマウス パームクッション付き 静音 高速スクロール Signature Comfort Plus M850LGRd 国内正規品","1467","111","100","9","¥ 7,500","¥ 7,500","1","B0GJ7SP8Y4","B0GYVC5RXK","14.1","9.1","5.1","140"
"【20枚入り】PRODELI For iPad 11世代/10世代 ケース クリア アイパッド A16 11インチ 2022 10.9インチ 用 カバー","1338","84","","1378","¥ 18,680","","1","B0FPWRYCBD","B0DP4R7BVB","31.6","23","22.5","2850"
"【整備済み品】富士通 ノートPC A576/ 15.6型/ 10キー /3855U /Win11 Pro/MS Office H&B 2019 /wajunのWIFI/Bluetooth/4GB/512GB SSD","1339","33","","14","¥ 27,800","","1","B0C7KVQZXM","B0C76TZNFY","43","28","7","3000"
"Logicool G ロジクール G ゲーミングキーボード 有線 G213r パームレスト 日本語配列 独自のMech-domeスイッチ キーボード 静音 LIGHTSYNC RGB 国内正規品 【 ファイナルファンタジーXIV 推奨周辺機器 】","1341","136","500","3112","¥ 6,535","¥ 6,535","2","B09248N9XK","","47","25.5","3.7","1260"
"HP 純正 インクカートリッジ HP 937e マゼンタ 増量","1342","79","","2","¥ 7,783","¥ 7,783","6","B0DVGF5NPJ","B0G3ZWHXZ5","12.3","11.3","2.4","60"
"【整備済み品】 富士通 ハイスペックノートPC爆速 LIFEBOOK A577■第7世代Intel Core i5/メモリ8GB/SSD 512GB/15.6インチ液晶/無線LAN/HDMI/Office2019/DVD/Windows 11搭載/パソコン ノートパソコン 在宅勤務 仕事用 学習用 初期設定済(整備済み品) (2)MS Office/第7世代 i5/8GB/SSD:512GB)","1345","21","","","¥ 29,999","","1","B0CZHYWYHX","B0CZLWRPM3","4","2.9","1.1","2890"
"ソニー(SONY) ゲーミングイヤホン INZONE E9 ブラック: IER-G900 ALGS認定 イヤホン :Fnatic共同開発 密閉/ダイナミックインイヤー/有線 / 約1.8ｍ / FPSに特化したEQプリセット搭載/高い遮音性/ドライバーユニット：5mm ブラック","1349","120","300","168","¥ 16,000","¥ 16,000","3","B0FLCTQZZQ","B0H8Y2HS8D","13.5","9","6.2","170"
"【整備済み品】Apple iPad mini (第7世代) A17 Pro Wi-Fi 6E スペースグレー 256GB","1356","2","","","¥ 105,000","","1","B0FX9FP6YF","","30","20","3","300"
"CORSAIR RM850x 2024年モデル PC電源ユニット 850W ATX3.1 PCIe5.1対応 フルモジュラー","1352","122","200","114","¥ 16,745","¥ 16,745","11","B0D46M8655","B0DFPBM62D","30.8","21.7","13","3350"
"エレコム メカニカルキーボード Leggero 有線 フルサイズ Nキーロールオーバー対応 5000万回高耐久スイッチ採用 赤軸 グレー TK-MC50UKLGY/EC","1355","107","100","221","¥ 7,640","¥ 7,640","20","B0CJTCPB85","B0CL6S7YPG","46.9","17.8","4","1260"
"【Amazon.co.jp限定】MSI QD-有機EL ゲーミングモニター MAG 272QP QD-OLED X24 26.5インチ/WQHD/QD-OLEDパネル/240Hz/0.03ms（GTG）/ハードウェアブルーライトカット/HDR/AIビジョン/HDMI2.1/DP 1.4a/縦横回転・高さ調整/ピボット/メーカー3年保証","1360","157","100","40","¥ 55,800","¥ 55,800","1","B0FSKNDXBJ","B0HCPL7W5F","83.5","53","18","12000"
"【整備済み品】 レノボ ノートPC X250 / 12.5型 / Win 11 Pro/MS Office H&B 2019 / Core i3-5010U / Bluetooth/wajunのWIFI/HDMI / 4GB / 256GB SSD","1362","22","","313","¥ 25,020","","1","B08Q37VTNF","B08Q39N7DY","43","28","7","3000"
"Insta360 128GBメモリーカード","1365","101","100","2065","¥ 10,900","","1","B0DVWBZXQB","B0FQJ49N8W","9.7","7","1.1","18"
"【整備済み品】 【今だけ大容量メモリ16GB】東芝 薄型・軽量化 ノート DynaBook R73 ■第7世代Core i5-7300U/Office 2019/13.3型/Windows11搭載/HDMI 4K出力対応/無線LAN/Wi-fi/USB3.0/在宅勤務 仕事用 学習用 初期設定済 HCMAの電源(整備済み品) (2)MS Office/第7世代Corei5/RAM:16GB/SSD:512GB)","1365","14","","","¥ 27,899","","1","B0CY5H4653","B0CY8ZD2X5","31.6","22.7","1.4","2100"
"ESR iPad Air 13インチ ケース M4/M3/M2（2026/2025/2024）対応 ペン収納 三つ折りスタンド 縦横対応 多角度調整 耐衝撃 全面保護 オートスリープ Pencil Pro/USB-C対応 Flipシリーズ グリーン","1366","96","","3831","¥ 5,480","","1","B0DS56HFCP","B0FPWMX9FB","28.8","23.4","2.1","530"
"【整備済み品】 item_name","1367","79","","21","¥ 24,850","","2","B09G74T7MP","","38.6","30.7","4.5","1390"
"【アプリ不要・正規認証品 】512GB Phone対応usbメモリ写真保存 直接usbに写真を移す４in1 フラッシュドラメモリ人気 USB 両面挿しスマホ USB メモリー フラッシュドライブ Android パソコン対応 USBメモリ phoneの写真 を パソコン に 取り込む 容量不足解消","1368","87","","449","¥ 5,605","","1","B0F8Q25J6W","B0GGXL9RHK","9","6.3","1.9","50"
"BenQ ScreenBar Pro モニターライト モニター掛け式ライト デスクライト【 アップグレードモデル 】広範囲照明 自動点灯 自動消灯 高演色 LED (在宅勤務 デスクワーク デザイナー 省スペース 湾曲/ワイドモニター) ブラック","1369","110","400","1277","¥ 19,900","","1","B0CZ9P1QW9","B0D2D2Q4Y5","55.9","21","7","1433"
"Acer Nitro 23.8インチ IPS 240Hz フルHD 0.5ms(GTG) 非光沢 sRGB 99% AMD FreeSync Premium HDR10 ブルーライト低減 ブラックブースト HDMI 2.0 DisplayPort v1.4 スピーカー・ヘッドフォン端子 ゼロフレーム ゲーミングモニター 3年保証(パネルは1年) VG240YW3bmiipx","1373","108","100","18","¥ 17,680","¥ 17,680","1","B0G2MSZ4HZ","B0GVM1R1D9","59.8","39.1","13.1","4720"
"エレコム 外付けハードディスク ポータブル HDD 4TB USB 5Gbps USB3.2(Gen1) 対応 テレビ録画 PC 静音 ELP-STV040UBK","1376","34","100","23","¥ 29,800","","1","B0GCCHWPVJ","B0GCCFNVFJ","17","11.9","4.7","320"
"【整備済み品】 ノートPC Latitude 7280 12.5型 i5-6300U Office2019 カメラ付 HDMI 16GB 256GB","1378","16","","2","¥ 42,800","","1","B0CWTYDRP8","B0CWYZTL92","43","28","7","2500"
"Samsung Galaxy Tab A11+ 128GB （Wi-Fi）｜AI対応｜グレー｜タブレット｜Samsung純正 国内正規品｜2025年発売｜11.0インチ｜128GB(最大2TB拡張)｜バッテリー7,040mAh｜477.0g｜Android｜SM-X230NZAAXJP","1383","106","500","92","¥ 44,998","¥ 46,127","3","B0FXWXJVP9","B0G6CZWBZH","26.4","17.6","2.9","650"
"【最新型】Omikamo iPad A16 第11世代/10世代 キーボード ケース 標準JIS日本語配列 480g軽量 耐衝撃 ホワイト","1383","93","100","266","¥ 5,504","","1","B0GY7LQDGK","B0G2RP8S7F","27.2","21.3","2.9","730"
"Razer Tartarus V2 左手デバイス 左手キーボード メカメンブレン 全キー自由に割り当て可能 【日本正規代理店保証品】 ファイナルファンタジーXIV 推奨デバイス","1384","72","400","4788","¥ 8,480","¥ 8,480","8","B077T9391Z","","24.9","20.1","10.9","720"
"【整備済み品】 ノートPC 820G3 12.5型 Office2019 Core i5-6300U カメラ付 8GB 256GB","1385","24","","392","¥ 25,920","","1","B08ZC28942","B08ZCSJYQ1","43.2","28.8","6.7","2650"
"【整備済み品】 富士通 極軽極薄FUJITSU LIFEBOOK U938 ■13.3型FHD(1920x1080) / Win11搭載 / Core i5-7300U(2.6GHz) / 8GBメモリ / SSD 256GB / Webカメラ内蔵/HDMI/Office H&B 2019 (整備済み品)","1386","27","","10","¥ 46,140","","1","B0C2VP9DKW","","42.7","27.5","8.9","1350"
"MSI MAG FORGE 130A AIRFLOW PCケース ATX ミドルタワー 黒 RGB ファン4基付き 強化ガラスサイドパネル マグネット式ダストフィルター CS9324","1390","126","200","148","¥ 5,036","¥ 5,036","4","B0FBG4QDVG","B0GFP1WFJF","57.2","48.3","27.2","6570"
"Belkin USB-C to HDMI 変換アダプター HDMI2.1 8K60Hz 4K144Hz HDR10+ ブラック","1390","93","","135","¥ 6,136","¥ 6,136","1","B0BKGMBSLR","B0H4K326S2","14.9","10.3","3.3","60"
"PCフィルター専門工房 23.8インチ 16:9 覗き見防止フィルム ブルーライトカット プライバシーフィルター アンチグレア パソコン のぞき見防止フィルター 両面使用 着脱簡単 タブ・粘着シール","1391","76","","186","¥ 5,490","","2","B0CWQXPYFC","B0DGS7N1QZ","62.2","35.4","1.4","290"
"HP 純正 インクカートリッジ HP 68e ブラック 増量","1392","90","50","1","¥ 6,896","¥ 6,896","5","B0FCM5T26S","B0G3ZYBXC8","11.4","10.1","3.6","70"
"512GB USBメモリ【アプリ不要】phone 写真データ保存 IOS/Android/PC/Mac対応 USB3.0高速データ転送 ピンク","1396","2","","10","¥ 5,699","","1","B0HCVJ8V97","B0HCT2WS91","10","5","2",""
"【整備済み品】LIFEBOOK ノートPC U9310 13.3型 i5-10310U カメラ付き 8GB 256GB SSD","1399","25","","655","¥ 35,800","","1","B08GKSYYCF","","55","31","8","2810"
"【Amazon.co.jp限定】Logicool G PRO SUPERLIGHT ワイヤレス ゲーミングマウス G-PPD-004WLSE-BKd","1401","119","100","77","¥ 14,800","¥ 14,800","1","B0FG6M4DFP","B0G2BW9RX5","18","11.3","6.7","240"
"【整備済み品】ノートPC NJ7000E 15.6型 i5-9300H RTX2060 10キー カメラ付 Office2024 8GB 256GB","1407","37","","1","¥ 62,820","","1","B0D2H1G5X5","","43","28","7","2500"
"【整備済み品】【MS Office H&B 2024】東 芝 ノートPC Rシリーズ73 /13型/第7世代 i3-7100U/Win11 Pro/wajunのWIFI/Bluetooth/HDMI/8GB/256GB SSD","1411","23","","","¥ 26,800","","1","B0CBRLTV52","","43","28","7","2500"
"キヤノン インクジェット複合機 TS5630","1412","112","300","103","¥ 14,850","¥ 14,850","14","B0FVDS1Y2F","","49.7","44.5","28.2","8490"
"エレコム モニター台 モニタースタンド ディスプレイ 台 ~27インチディスプレイ フルキーボード収納可能 幅520×奥行260×高さ80mm 耐荷重:10kg オーク調 PCA-DPSW528NOAK","1412","92","","256","¥ 6,499","","3","B09P549R7W","B0CHZ1ZGXB","60.7","32.7","4.2","1640"
"【整備済み品】 Apple MacBook Pro 2019, Thunderbolt(USB-C)3ポートx 2(13インチPro,16GB RAM,256GB SSD,1.7GHz) スペースグレイ","1412","75","","1","¥ 74,098","","5","B0CGPLM3RB","B094XGCKZL","37.5","27.6","5.6","1590"
"キャプチャカード 4Kパススルー付き USB3.0 1080P 60FPS HDMIビデオカムリンクゲームキャプチャ ストリーミング用 Xbox PS4 PS5 PC デジタル一眼レフ対応 OBS Twitchライブブロードキャストと録画用","1694","96","","699","¥ 8,005","","3","B0C9QKLB8C","B0FP31CCK9","14.3","12.5","3.3","170"
"エレコム LANケーブル CAT6 30m ツメが折れない 爪折れ防止コネクタ 簡易パッケージ RoHS指令準拠 ライトグレー LD-GPT/LG30/RS","1416","82","","222","¥ 5,227","¥ 5,227","9","B088CWY4W3","B0971CX3TZ","21.9","21.9","5.6","900"
"USBメモリ 32GB 10個セットWooolken USB2.0 360度回転式設計軽量フラッシュドライブストラップ付き","1588","84","","816","¥ 8,999","","1","B0FCF2RK7Q","B0FC2MB6VP","18.5","13.8","1.7","140"
"EPOMAKER EK21 VIA ガスケット テンキー ゲーミングキーボード ワイヤレスメカニカルテンキー 1000mAhバッテリー搭載","1424","104","100","255","¥ 5,715","","1","B0FD3FQZHN","B0FQMKWJLF","16.2","13.9","5","361"
"YOJOCK USB電圧電流チェッカー Type-C テスター アップグレードカラーディスプレイ 電流/電圧/抵抗/温度/通電時間など表示 Quick Charge 3.0/ QC2.0/ USB C/Android/iPhone/iPad対応 パワー/キャパシティ/時間/ワット/同時表示 クイックチャージャー充電スピードなど測量 3.60~32.0V 0~8A (UT003-EN)","1776","99","","4409","¥ 5,679","","1","B09T3KHBFL","B0DKXRVD1R","8.7","7.4","1.6","44"
"シングルモニターアーム 白 17～32インチ対応 THEARK ライト付きモデル USB LED 33モード リモコン操作 最大9kg","1429","57","","19","¥ 5,980","","1","B0G2BK8YBN","B0GY5KYF3Z","42.3","35.5","12.6","3480"
"バッファロー ポータブルHDD 1TB USB3.1(Gen.1) スタンダードモデル ブラック HD-PCG1.0U3-BBA","1430","188","200","1358","¥ 18,792","","31","B07D79GJ9J","B07D9MDR16","16","12.9","3.8","210"
"【NEW】エプソン プリンター エコタンク搭載 A4カラーインクジェット複合機 EW-M638T 無線・有線LAN 前面給紙 在宅学習 テレワーク 自動両面印刷 2025年モデル","1432","135","400","173","¥ 36,300","¥ 39,500","39","B0FGHRT5NL","B0GSDF5ZM1","50.3","42.1","27.5","7800"
"エプソン 純正 インクカートリッジ カキゴオリ KAK-6CL 6色パック","1433","113","500","117","¥ 5,827","¥ 5,827","26","B0DJQ5YP69","","10.8","9","7.7","150"
"【5年データ復旧・無償交換保証】GIGASTONE SDカード 128GB 4K Camera Pro SDXC A1 V30 U3 C10 100 MB/s 高速 4K UHD & Full HD ビデオ Canon Nikon Sony Pentax Kodak Olympus Panasonicなど デジタルカメラ 一眼レフ対応 ミニケース1個付き","1536","102","500","1525","¥ 8,990","","1","B0C6FJGQ8M","B0GV28B5X2","13.8","8.8","1.2","20"
"【整備済み品】 ミニPC 400G5 Core i3-9100T Office2024 8GB 大容量1TB","1435","30","","8","¥ 53,800","","1","B09YXVJTXL","B09YXYLCYC","46","30","18","6500"
"iPad Pro 11インチ用ケース 2022/2021/2020用 マグネット式スリム折りたたみ式マルチアングルフォリオケース PUレザー付き 自動ウェイク/スリープ&隠しペンシルホルダー(ブラック、iPad Pro 11 in 2020/2021/2022)","1435","5","","434","¥ 7,096","","1","B0H4Y337BV","B0DMVT5ZD9","25.4","18.5","1.3","340"
"FEBNISCTE USBメモリー 8GB ブラックフラッシュメモリ8 GB 回転式 usbドライブ 問屋（10個セット）","1443","72","","7255","¥ 5,509","","1","B01HTQ43TQ","B0DFWFYRR5","16.5","8.8","3.6","90"
"ABLAZE USBメモリ 8GB 10本セット, USB2.0 スイベル式 フラッシュドライブ ストラップ付き","1495","84","100","846","¥ 5,288","","1","B0FQ5FZ983","B0GVFB25XY","15.8","13.7","1.9","130"
"NB ERGONOMIC モニターアーム デュアル ポール型 2画面 H180 ディープグレー 17~32インチ対応 9kg","2039","92","","1414","¥ 5,980","","1","B08CXQDS8M","B0H6C22TH7","44.7","37.6","11","4230"
"Razer Viper V3 Pro White Edition ゲーミングマウス ワイヤレス 無線 Focus Pro 35Kセンサー 35000DPI 高速応答 オプティカルスイッチ 6ボタン","1456","76","200","57","¥ 18,164","¥ 18,164","1","B0CVRTT6L1","","21.3","11.9","5.9","310"
"【リチャージWiFi】35時間駆動 100GB 365日 ギガ付 ポケット WiFi 海外利用可能 月額 0円【SEProWH-100GB/365日】","1457","81","200","78","¥ 10,980","","1","B0GXDY1P38","B0HBWJPJBF","19.5","18","2.5","150"
"PA-7200D8BE Aterm 7200D8BE Wi-Fi7対応 無線LANルーター 5GHz+2.4GHz デュアルバンド対応","1459","153","500","46","¥ 31,358","","44","B0FCFF6SFP","","24.2","22.3","10.4","1220"
"【国内正規品】PHILIPS Android16 タブレット 10インチ wi-fiモデル 8コアCPU 12GB RAM+128GB ROM+1TB拡張 90Hzリフレッシュレート 6000mAhバッテリー Type-C充電 WidevineL1 BT5.0/顔認証/GPS/2.4G&5GWi-Fi/分割画面/無線投影/学習・ビジネス・子供対応 日本語説明書 T7315 (グレー)","1461","118","400","295","¥ 24,980","","1","B0FG7LRFF8","B0FNWBVRSR","27.1","19.1","4.4","830"
"BenQ GW2491 23.8インチ アイケアモニター Full HD/IPS/HDMI/DP/100Hz/ティルト機能","1461","111","200","1924","¥ 12,269","","5","B0DWZQHF8G","B0HCYZX2ZH","62","41.3","14.3","3900"
"AVERMEDIA AVerMedia LIVE GAMER EXTREME 3 4K録画対応キャプチャーユニット GC551G2 DV862 usb3.2 gen 1 Windows 10/11 (64bit版)","1463","136","500","392","¥ 14,091","¥ 14,091","21","B0BFBT669J","B0FJFJWVMH","17.8","11.9","7.1","350"
"エプソン 純正 インクカートリッジ メガネ IB06CL5A 5本パック ブラック2本入り","1463","102","200","319","¥ 7,755","¥ 7,755","49","B07GZF2BJS","B09PDZ8BYV","10.8","9","7.9","180"
"Thermalright Phantom Spirit 120 EVO CPUクーラー、デュアルTL-K12 PWMファン、7ヒートパイプCPU冷却、2150RPM速度、AMD AM4 AM5 / Intel 1700/1150/1151/1200/2011用、PCヒートシンククーラー","1465","56","50","35","¥ 6,128","","1","B0CT3F7S5P","B0CDR1NJC5","24.8","20.6","15.9","1890"
"【整備済み品】 【Amazon.co.jp 限定】超ミニPC ThinkCentre M73 Tiny/MS Office 2019/Win 10/Core i3-4170T/HDMI/8GB/(整備済み品) (SSD 256GB)","1472","6","","8","¥ 21,800","","1","B08VGHZ744","B08VGDNTGQ","31.2","23.8","6.9","1880"
"Anker Prime Charging Station (6-in-1, 140W)","1473","146","200","1063","¥ 9,890","","7","B0BZ45NC3Z","","18.3","13.6","5.7","580"
"New 2025年秋 キヤノン レーザービームプリンター Satera LBP672C II /A4対応カラーレーザープリンター 両面印刷・有線LAN/無線LANを標準搭載/対応トナーカートリッジ 標準:CRG-069 /大容量:CRG-069H","1715","105","","1","¥ 96,739","¥ 98,800","13","B0FX8YVFBT","B0G7X8BT4R","56","54","48","20000"
"CRUA 28インチ 4K+ 60Hz PCモニター 3840×2560 IPS Type-C HDMI2.0 DP1.4 スピーカー内蔵 ブラック","1477","93","100","3156","¥ 21,849","","1","B0GXFY2N8C","B0GZJXSYP1","66.3","50.6","32.5","5110"
"MSI B850 GAMING PLUS WIFI6E ATXゲーミングマザーボード MB6801","1479","119","100","372","¥ 30,283","¥ 30,283","8","B096Y1H9VR","B0G141K8Y8","34.2","27.6","7.5","1690"
"エプソン 純正 インクカートリッジ さくらんぼ IC6CL70L 6色パック 増量","1483","128","400","4650","¥ 5,980","¥ 6,409","64","B0093IVRTI","B0GRSYL78G","20.3","16.1","2.6","150"
"【Amazon.co.jp限定】 Logicool G ゲーミングマウス G403h HERO 有線 軽量 87g ゲーミング マウス 有線マウス 25Kセンサー エルゴノミクス LIGHTSYNC RGB PC windows mac G403 ブラック 国内正規品 ※Amazon限定 壁紙ダウンロード付き","1492","118","400","3723","¥ 6,480","¥ 6,480","2","B07T4BHZ7J","B0G2BZQ8QC","17.5","12","4.9","190"
"NIMASO USB C 3.1 Gen 2ケーブル 10Gbps データ転送 4K ビデオ出力モニターケーブル 100W PD 高速充電 iPhone 17/16/15、MacBook、Huawei Matebook、iPad Pro 2020、Chromebook、KYY、Dell、LG、ARZOPA用","1494","63","","9748","¥ 6,008","","1","B0DQ43S3BJ","B089WBN3DJ","26.3","23","2.2","141"
"【整備済み品】 Ｗebカメラ内蔵【Win11搭載】東芝dynabook B65/DP Intel Celeron 3867U 1.8GHz/メモリ8GB/SSD:512GB/HDMI/15.6インチ/テンキー付き/DVDマルチ/Office (SSD512GB) (整備済み品)","1496","3","","4","¥ 19,800","","1","B0CJDRCK4Z","B0CJDS252T","42.6","31.2","13","2730"
"バッファロー リンクステーションLS210DG ネットワークHDD 1ベイ6TB LS210D0601G","1514","112","","2523","¥ 40,598","","20","B08B3Y2LLM","B07JZR4P6W","24.4","22.2","8.7","1440"
"8インチ Android16 タブレット カバー付き WIFI モデル 20GB+128GB 勉強/電子書籍/動画視聴/通勤携帯用","1515","23","","25","¥ 15,299","","1","B0HC38NK5M","B0HDTQQJTY","28","15.9","3.3","730"
"サンワダイレクト LANケーブル 10m CAT6A ツメ折れ防止 やわらか細径 500-LAN6ASL10BL (× 4)","1001","20","","71","¥ 5,120","","","B0GZ9484G8","B0CS5SDV2F","18.1","15.1","2.2","440"
"ブラザー工業 A4カラーレーザー複合機 MFC-L3780CDW (FAX/無線・有線LAN/ADF/両面印刷)","1518","135","300","274","¥ 51,680","¥ 52,500","13","B0CHVSTDZB","B0GNRKS358","58","53.5","50","24820"
"バッファロー LANケーブル カテゴリ6 50m ブラック BSLS6NU500BK2","1246","86","","1260","¥ 5,127","¥ 5,127","4","B00G3BY01U","B00OXJ18RS","32","28.7","7.4","1960"
"AIM1 × coalowl 叢雲 ガラスマウスパッド 420×500mm ゲーミングマウスパッド 大型 コントロールタイプ MURAKUMO","1523","117","100","119","¥ 13,482","","1","B0FH685DSW","B0FLXKG8R6","56","48","4.5","3100"
"HP ノートパソコン 15-fd 15.6インチ 16GBメモリ 512GB SSD インテル Core 5","1603","119","","1","¥ 142,290","¥ 142,290","6","B0GL7CSRJ6","B0H42PX96Y","55","30","6.8","2640"
"Speed Wi-Fi HOME 5G L13 ZTR02 [ホワイト]","1532","126","500","289","¥ 15,980","","5","B0CWKZLVFJ","","23.6","20.7","11.4","1250"
"【日本限定】XPPen 液タブ Artist 12 3rd ブラック X4チップ搭載ペン 液晶ペンタブレット 初心者 イラスト 絵描き","1533","130","400","120","¥ 30,782","","1","B0FY69CN2Q","","37.2","24.8","8.2","2100"
"XBOHJOE USB 3.0オス-オスケーブル 15M USBタイプA-タイプA 金メッキコネクタ対応HDDエンクロージャ、車載MP3、ラジエーターなど5Gbps 高速転送USB 3.0 A - Aケーブルブラック (1, ブラック, 15M)","2297","20","","220","¥ 5,999","","1","B0H2MRVT2Z","B0FCDJK298","2","1","1","1"
"【整備済み品】LIFEBOOK 富士通 ノートPC U727 13.3型 i3-7100U Office2019 8GB 512GB","1533","13","","","¥ 33,800","","1","B09RZRWHSC","","43","28","7","3000"
"【Amazon.co.jp 限定】PHILIPS EVNIA ゲーミングモニター (27インチ/180Hz/WQHD/VA/超高速0.5ms/HDR10/AMD FreeSync対応/5年保証/2560x1440/チルト/HDMI2.0×2、DisplayPort1.4×1/フレームレス/フリッカーフリー/ブルーライト軽減/電源内蔵) 27M2N3500NL/11 【国内正規品】","1540","117","100","276","¥ 22,666","¥ 22,666","1","B0DCNN7G7V","B0FCMLZ2CK","69","42","14","6970"
"Amazon限定 キオクシア 内蔵SSD 1TB NVMe M.2 2280 PCIe4x4 読込5,000M SSD-CK1.0N4PLG3R","1542","194","100","14","¥ 28,780","¥ 28,780","1","B0GVXZDJ6H","B0GXF125LQ","11.7","9","1.9","40"
"MOFT【公式直営店】ダイナミックフォリオケース iPad Air 11インチ ケース(M4/M3/M2/第5/4世代、2020-2026)対応 タブレットケース 四角保護 多角度調整 横置＆縦置 タブレットスタンド iPadスタンド 超軽量 薄型 折りたたみ 持ち運びやすい","1823","100","50","19","¥ 9,380","","1","B0GQN1TPFQ","B0H94F3VK5","28.6","19.3","2.2","480"
"【整備済み品】ノートPC G83 13.3型フルHD Office2019 i3-8130U カメラ付 HDMI 16GB 512GB","1543","47","","","¥ 38,800","","1","B0CYPLBMF8","","43","28","7","3000"
"【グローカルネット】100GB 365日 ギガ付き KURUFi クルファイ バッテリーレス ポケットWiFi モバイルルーター 軽量 小型 車載対応 契約不要 返却不要 月額0円 簡単 リチャージ KD-1 (USB type-A 変換アダプタ付属)","1549","98","500","156","¥ 5,999","","1","B0FDGKQRND","B0FDGDK1HF","14.8","10.5","3.4","120"
"【2026夏新登場】kksmart モバイル・ゲーミングモニター 16インチ 144Hz 2.5K解像度(2560x1600) 100%sRGB広色域 Switch2ドック不要 軽量670g ベゼルレス WQXGA 画像比調整可能 非光沢IPSパネル 収納ケース付 モバイルモニター Type-C/miniHDMI接続可能 PS5/XBOX/Switch/PC/Macなど対応 NK-16H","1549","127","200","1100","¥ 19,949","","1","B0GCDF8QLB","B0H73TYF85","40.2","26.7","7","1670"
"エレコム WiFi ルーター 無線LAN 2402+574Mbps 11ax 有線Giga IPv6 EasyMesh(TM) エコパッケージ WRC-W602-B","1552","151","300","108","¥ 6,980","","39","B0FRL8PCGW","","22","16","6.9","680"
"EPOMAKER TH87 JIS 日本語配列 TKL ワイヤレスゲーミングキーボード 2.4GHz/BT5.0/有線 テンキーレス","1558","122","200","87","¥ 10,000","","1","B0G4LTQRRH","B0G4LXF2TH","41.5","19.2","5.7","1390"
"‎バーベイタム(Verbatim) バーベイタム Verbatim 長期保存 M-DISC BD-R XL 1回記録用 2-4倍速 100GB 5枚 印刷対応ホワイトレーベル ブルーレイディスク DBR100YMDP5V2","1559","121","100","42","¥ 5,980","¥ 5,980","4","B0BVZ5BDKR","B08MZ9PDV9","14.3","12.9","3.1","300"
"【整備済み品】【大画面 15.6インチ office搭載】Fujitsuノートパソコン windows11 A574Core i5-4世代 10キー カメラ内蔵 高速SSD 《Office/無線LAN/Bluetooth/USB8GB/ZEROセキュリティ》 (メモリ16GB, SSD256GB)","1562","20","","","¥ 24,000","","1","B0D6G6X5S2","B0D6FWZCDP","42","33","8.5","2000"
"Meta Quest Eliteストラップ（バッテリー付き）｜Meta Quest 3/3Sに対応","1562","119","","998","¥ 19,580","¥ 19,580","9","B0CPYMDPB5","","25.2","18.3","10.7","689"
"Pixio PS2S White モニターアーム 白 シングル 17-49インチ対応 耐荷重2-18kg クランプ グロメット ホワイト","1565","123","100","195","¥ 9,500","","2","B00CWXQRHS","B0G5PLM3CP","45","28.7","13.1","4870"
"PHILIPS 液晶ディスプレイ PCモニター (23.8インチ/IPS/FHD/120Hz/1ms/5年保証/HDMI, D-Sub/チルト/ブルーライト軽減/省資源化パッケージ/AdaptiveSync/SDGs対応/ケーブル付/アダプタ) 24E2N2100/11","1568","113","100","13","¥ 11,480","","4","B0FH24FR2N","B0FJRW9GND","61.3","41.7","12.8","4600"
"ATK ワイヤレス ゲーミングマウス VXE Dragonfly R1 PRO MAX Orange 軽量54グラム Pixart PAW3395搭載 最大150時間 冷感コーティング 4Kポーリングレート対応 国内正規品","1570","96","","34","¥ 8,891","¥ 8,891","1","B0DBVPMMT3","B0F8VGJ31Y","18.2","11.6","7.7","320"
"Dell 4TB 3.5インチ 7.2K NL SAS 12Gbs HDD (0F9W8) (認定整備済み)","1576","75","","9","¥ 64,000","","1","B07GDS5ZH2","","10.2","7.1","3.8","1134"
"【MLC 10x高耐久】GIGASTONE マイクロsdカード 16GB 2個セット 10x High Endurance microSDHC UHS-I A1 V30 U3 C10 95MB/s MLC 高耐久 4K UHD ビデオ撮影 防犯カメラ ドライブレコーダー 監視カメラ対応 SDアダプター2枚付き【5年データ復旧・無償交換保証】","1581","76","","298","¥ 6,490","","1","B08HLZ8KNB","B0DWXJ57VY","14.7","10.6","1.4","41"
"PFU キーボード HHKB Professional HYBRID Type-S 日本語配列／墨","1583","130","50","832","¥ 36,850","","1","B082TSZ27D","B0BBLG7FWM","37","17","7","800"
"New 2025年秋 キヤノン インクジェット複合機 XK140 低ランニングコストと高機能を実現したオールマイティなプレミアムモデル","1585","123","300","125","¥ 35,000","¥ 37,500","25","B0FVDX3G6T","B0H6ZNF5V9","49","45","21","8280"
"HAILESI S123E モバイルモニター 12.3インチ Switch2ドック不要 タッチパネル タッチペン対応 OTG対応 1920×1280","1590","112","300","312","¥ 10,799","","2","B0FYNN6KPX","B0HC82FPLR","31.8","24.6","5.9","940"
"【整備済み品】富士通 LIFEBOOK A579 15.6型 第8世代CPU Core i5-8265U /Windows11 Pro/MS Office2019搭載/初期設定不要/Webカメラ/テンキー搭載/DVD-ROM/内蔵WIFI/Bluetooth/HDMI(ホワイト/テンキー搭載, メモリ8GB,SSD256GB)","1592","97","50","45","¥ 26,892","","1","B0F4DJL4L9","B0HBPY6P82","43.2","30.3","13.6","2630"
"【整備済み品】 【今だけメモリ16GB】NEC ノートパソコンVersapro VKシリーズ■第7世代Core i5/Office 2019/SSD:512GB/Windows11 Pro/15.6型/DVD/無線Wi-Fi/HDMI/USB3.0/在宅ワーク PC/高いパフォーマンス(整備済み品) (5)第7世代Core-i5/MS office/RAM:16GB/SSD:512GB)","1594","25","","1","¥ 43,999","","1","B0CVQQHHT1","B0CVTYDN6J","40","31.3","4.5","2760"
"【整備済み品】 【大容量メモリ:16GB搭載】東芝 薄型・軽量 ノートパソコン R63又はR73■第5世代i5-5200U/13.3型/SSD 128GB/Windows11/Office2019/HDMI/モバイルPC/在宅勤務 仕事用 学習用 初期設定済(整備済み品)","1599","24","","","¥ 37,999","","1","B0D185F27K","B0D1NKF66K","31.6","22.7","1.8","1200"
"EVICIV モバイルモニター 15.6インチ クランプ式 スタンド付き VA 非光沢パネル FHD 薄型 軽量 自立型 ポータブルディスプレイ","1600","114","100","1752","¥ 9,900","","1","B0GKDXZD26","B0HF8QSK4H","41.7","30","10.9","3000"
"HP Pavilion Aero 13-bg 13.3インチ スカイブルー (A17X8PA-AAAA)","1602","89","100","36","¥ 128,790","","15","B0D4YHBG9P","B0D4YJKCP6","38","30","11","2200"
"【整備済み品】 【 大画面15インチ＋ テンキー付 office搭載】東芝 ノートパソコン windows11 B65 Core i5-8世代 メモリ8GB 高速SSD 《DVDドライブ/WPS Office /無線LAN10キー/リカバリー用USB64GB/ZEROセキュリティ》 (整備済み品) (SSD 1TB)","1605","27","","","¥ 60,990","","1","B0CMWQCGLQ","B0CMWMPZBS","45","28","6","2700"
"9W5WV ST91000640SS DELL 1TB 7.2K SAS 2.5 6Gbps HDD W/G176J TRAY/CADDIE (認定整備済み)","1609","86","","1","¥ 11,229","","15","B07HB834YH","","22.4","15.5","7.6","386"
"【整備済み品】 【 14インチ office搭載】Dell ノートパソコン windows11 Latitude E7490 Core i5-8世代 メモリ8GB 高速SSD BLAPO USB《WPS Office/無線LAN/Bluetooth内蔵/カメラ内蔵/リカバリー用USB64GB/ZEROセキュリティ》 (整備済み品) (SSD 512GB)","1613","10","","","¥ 48,600","","1","B0CBB1DVMN","B0CBB3HN5R","114.3","71.1","15.2","1500"
"【整備済み品】 パナソニック 軽量化 ノートパソコン Let`s note CF-SV7■第8世代i5-8350U 1.60GHz/12.1型 12.1型WUXGA(1920×1200)/Windows11搭載/Office 2019/Webカメラ内蔵/メモリ 8GB/SSD 512GB/USB 3.0/Type-C/初期設定済/高いパフォーマンス(整備済み品)","1614","36","","","¥ 29,999","","1","B0CVY2XNBJ","B0CXN87316","38.8","30.5","4.5","1360"
"リコー PFU ドキュメントスキャナー ScanSnap iX1300 (最新/高速毎分30枚/両面読取/Uターンスキャン・リターン スキャン対応/Wi-Fi対応/USB接続/コンパクト/書類/レシート/名刺/写真) (White)","1616","119","200","314","¥ 32,455","¥ 32,455","16","B0C23Q76MF","B0C7QW1Q8X","40","20","18","2850"
"カシムラ(Kashimura) SIMフリー無線LANルーター USB電源タイプ 4G (ブラック) NKD-249","1618","115","300","346","¥ 5,980","¥ 7,091","6","B0B9J5QP15","","16.3","12.4","3.6","180"
"マウス 無線、[アップグレード]可視バッテリーディスプレイ、充電式ワイヤレスマウス 2.4G USB、4調節可能なDPIレベル、ラップトップPCコンピュータ用の光学式 mouse (マットブラック)","1618","88","","3287","¥ 8,505","","1","B0DCVP49FN","B0DPQQSHDQ","13","9.2","5.1","141"
"EPSON インクボトル YAD/HAR 4本セット 純正","1619","112","500","686","¥ 6,149","","9","B07CY3QQD4","","20.1","16.5","6.1","560"
"エレコム マウス ワイヤレスマウス EX-G 無線2.4GHz 静音 XLサイズ 5ボタン 「AskDoctors評価サービス」認証 抗菌 ブルー M-XGXL30DBSKBU","1717","98","","689","¥ 5,278","","1","B0CB28R479","B0CT363KWZ","21.2","13.1","7.2","270"
"【整備済み品】 富士通 ノートパソコン[ PCステージ　W.R.K 無線マウス付属] A576 Win11 MS2019 Celeron 3855U 4GB HDMI WIFI DVD 15.6 SSD128GB (整備済み品)","1619","5","","41","¥ 14,800","","1","B0BGNW8LXB","B0BGNX6M5B","45.4","28.2","6.4","2420"
"【整備済み品】 Lenovo X1 Carbon Gen6 ウルトラブック: Core i5 8250U 8GB RAM 256GB SSD 14インチ フルHD ディスプレイ バックライト付きキーボード 日本語配列 Win11搭載 (整備済み品)","1627","14","","","¥ 28,990","","1","B0B3HX19ZN","","49.3","37.8","9.9","2291"
"【整備済み品】東 芝 ノートPC Rシリーズ63 / 73 / 13.3型 / Win 11 Pro/MS Office H&B 2019 / Core i5-6200U / WEBカメラ/wajunのWIFI/Bluetooth/HDMI / 16GB / 1TB SSD","1628","34","","2","¥ 55,800","","1","B0CP3PPYJR","","43","28","7","2500"
"ID-COOLING FX240 PRO 240mm 水冷CPUクーラー ARGB対応 デュアルファンモデル ブラック 【国内正規代理店品】","1630","79","","184","¥ 6,879","¥ 6,879","5","B0DF2K9VQY","B0G1R7K1M3","42.4","16.9","16.7","1701"
"730W 充電器 【アップグレード版 GaNFastⅢ 10ポート 2*単口140W 1.5m電源ケーブル】PD3.0対応【PSE技術基準適合】 10ポート 2*140W常時対応 6USB-C＆4USB-A 窒化ガリウム 複数ノート PCに急速充電対応 MacBook Pro PD対応 iPad/iPhone/Android/その他","1675","84","50","282","¥ 6,251","","2","B0FGKY6FVL","B0HGRF9QHM","14.6","8.6","8.4","440"
"【整備済み品】 富士通 ノートパソコン[ PCステージ　W.R.K 無線マウス付属] LIFEBOOK E734 Win11 MS Office 2019 第四世代Celeron-2970M 2.2GHz メモリー4GB SSD128GB DP WIFI 13.3 型ワイド (整備済み品)","1637","65","","119","¥ 14,800","","2","B0BL6HL14H","B0BL73SYTX","39.9","27.3","6.6","1880"
"【専用アプリ不要 アルバム整理簡単】Phone用USBメモリ 4in1 USBメモリ512GB phone用外付けメモリ 高速USB3.0 タイプc usbメモリー IOS/Android/PC/Macに対応 phone兼用 バックアップ アプリ不要 スマホ usbメモリ phone 写真データ保存 スマホ容量不足解消 写真画像撮り放題(ピンク)","1638","95","50","484","¥ 5,699","","2","B0D9VWGCFZ","B0D5H2RYV9","9.1","6.3","1.7","50"
"brother A4カラーレーザープリンター HL-L9310CDW/31PPM/両面印刷/有線・無線LAN","1640","99","","16","¥ 48,000","¥ 58,487","10","B07233J56G","B0GNRGNGLX","64","61","57","26400"
"【Amazon.co.jp限定】 Logicool G PRO X TKL RAPID ゲーミングキーボード","1644","152","200","270","¥ 19,990","¥ 19,990","2","B0D9VVL9DY","B0HC2FMFM9","38.8","16.6","6.2","1290"
"[tomtoc] 軍用規格 耐衝撃 16 17.3 18インチ パソコンケース 撥水 通勤 通学","1975","87","50","1469","¥ 5,290","","1","B0C2TC13WC","B0DSKKB2SP","45.6","31.9","5.9","500"
"サンワダイレクト マルチカバー 帯電防止生地 洗濯可能 ディスプレイ プリンター カバー 【日本製】 幅200×高さ150cm Lサイズ ブラック 200-DCV039 (× 3)","1772","8","","310","¥ 7,800","","","B0GZ9GT42K","B09BVJ27CR","21","16.8","2.1","510"
"【整備済み品】 Apple MacBook Pro 2020, Thunderbolt(USB-C)3ポートx 2(13インチPro,16GB RAM,256GB SSD,1.7GHz) スペースグレイ","1650","67","","1","¥ 100,800","","2","B0CGPK14DK","B096DQGNKT","35","25","10","1000"
"【整備済み品】EliteBook ノートPC 450G7 15.6型 i5-10210U Office2024 10キー カメラ付 8GB 128GB","1652","23","","16","¥ 44,800","","1","B0C7GFYK1H","B0C7GNRGSD","43","28","7","2500"
"InnoView デュアル モバイルモニター 15.6インチ ドライバー不要 モバイルモニター2画面 FHD1080p 折りたたみ式デュアルディスプレイ モバイルディスプレイ 自動回転315° フル機能Type-C*2 標準HDMI IPSパネル 壁掛けに対応 自立スタンド付き（PC・Mac対応、ブラック）","1653","130","200","810","¥ 35,800","","2","B0DMSS3TQF","B0H33RYP87","39.9","26","6.2","2240"
"エレコム LANケーブル CAT6 50m ツメが折れない 爪折れ防止コネクタ スタンダード ブルー LD-GPT/BU500","1654","85","","166","¥ 5,545","¥ 5,545","22","B00B42GZO8","B0971HRN9W","37.5","30","7","940"
"山善 QA15-80タブレット 8インチIPS 1280x800 Android 15 Wi-Fi BT5.0 4000mAh 8コアCPU+GPU RAM 4GB+仮想8GB ストレージ 64GB microSD 最大1TB センサー（GPS/加速度/近接/照度/ジャイロ）日本語説明書 ワイドFM対応アプリ 高コスパ","1655","138","100","132","¥ 13,200","¥ 13,200","3","B0FDKNTKD9","B0FTK7BVD3","25.4","15.7","4.8","530"
"【ブラザー純正】 LC512-4PK インクカートリッジ 4色パック ブラック シアン マゼンタ イエロー 対応機種：MFC-J7110CDW、MFC-J7210CDW、MFC-J7310CDW、DCP-J7205CDW","1661","120","100","9","¥ 7,218","¥ 7,218","11","B0GHQZXF7C","B0H7BMF9V1","11.9","10.9","6.9","170"
"タブレット Android 16 搭載 TECLAST T65 大型 タブレット 13インチ 120Hz 画面、Gemini AI搭載 Tablet","1664","136","400","1014","¥ 24,899","","1","B09FJQLLFZ","B0HCD5DR9J","34.2","23.5","6.6","1310"
"バッファロー SDカード 128GB 100MB/s UHS-1 Class1 VideoSpeedClass10 RSDC-128U11HA/N","1668","107","","13814","¥ 8,500","","3","B09378HM11","B093GS79MZ","12.4","3.8","1.4","10"
"ソニー(SONY) 日本製 ブルーレイディスク BD-RE XL 100GB (1枚あたり地デジ約12時間) 繰り返し録画用 3枚入り 2倍速ダビング対応 ケース付属 3BNE3VEPS2","1678","148","100","2203","¥ 9,800","","48","B087MT3NWL","B09SPNVG29","14.1","12.5","1.4","150"
"キヤノン Canon スマートフォン用プリンター QX20ホワイト (高耐久/シール紙/コンパクト)","1679","144","300","351","¥ 18,990","¥ 20,000","32","B0DG8LLL9N","B0DN1QY99M","15.8","12.3","8.5","640"
"【Amazon.co.jp 限定】 Pioneer 車載用 Wi-Fi ルーター DCT-WR200D-E 無制限 定額料金 バッテリーレス 「docomo in Car Connect」 カロッツェリア","1682","114","100","502","¥ 17,600","¥ 17,600","1","B0D46PZSNF","B0H5PZM13J","14.5","12.6","4.3","210"
"Vansuny 64GB フラッシュドライブ メタル 防水 USBドライブ USB 3.0 超高速メモリースティック ポータブルサムドライブ PC/タブレット/Mac/ノートパソコン用","1685","94","","3188","¥ 5,505","","1","B0998WHY69","B086W3V8N1","12.8","9.8","4.5","10"
"バッファロー NAS 6TB スマホ/タブレット/PC対応 ネットワークHDD LS220D0602G 【データを守るRAID1対応モデル】","1686","134","100","688","¥ 44,144","","22","B07GSVV6K4","B07JYTSYC8","25.7","22.8","13.2","2340"
"【整備済み品】 タブレットPC Windows10&Windows11 タッチパネル NEC VS-N VK11CS-N Core m5-6Y54 1.1GHz 8GB SSD128GB 11.6型ワイドTFTカラーIPS液晶（フルHD:1,920×1,080） Wifi Bluetooth付 カメラYK-PC (整備済み品) (OS(windows11）)","1686","49","","","¥ 25,800","","1","B0BS3VFRXZ","B0BS3TH8DW","37","25.5","15.5",""
"サンワサプライ 工事物件タップ 8個口・3P 0.3m TAP-K8-03","1688","97","","153","¥ 5,000","¥ 5,000","19","B01M3YVI3C","B0833W6KM1","44","15","3","360"
"【整備済み品】 【 カメラ内蔵＋大画面15インチ 】Dell ノートパソコン windows11 Vostro 3581 Core i3-7世代 メモリ8GB 高速SSD 《 無線LAN/Bluetooth/内蔵カメラ/10キー/リカバリー用USB64GB/ZEROセキュリティ》 (整備済み品) (SSD 512GB)","1688","41","","2","¥ 32,900","","1","B0CJHM5Z6B","B0CJHZZBMK","45","28","6","2300"
"BenQ MA270U 27インチ 4K IPS ノングレア USB Type-C(90W給電) Mac向けモニター","1691","120","100","164","¥ 72,148","¥ 72,148","1","B0DJLHMSCB","B0GWZTPGHG","85.5","52","21","13900"
"【整備済み品】 ノートPC VJS131C11N 13型フルHD Office2019 i5-6200U カメラ付 HDMI 8GB 512GB","1696","42","","8","¥ 47,800","","1","B0BCG9JR94","","43","28","7","3000"
"TP-Link WiFi ルーター 無線ルーター 高速 WiFi6 AX6000 2.5Gポート VPN IPv6 IPoE EasyMesh 4804+1148Mbps メーカー3年保証 Archer AX80V 【Amazon.co.jp限定】","1692","128","100","164","¥ 11,840","¥ 11,840","1","B0DDX9BQLJ","B0FV2TYJQF","30.1","24.1","10.8","1120"
"LG モニター ディスプレイ LG UltraGear 24G411A-B 23.8インチ/1920×1080/120Hz（オーバークロック時 144Hz）/IPS/sRGB 99%/HDR/アンチグレア/HDMI/DisplayPort/VRR(FreeSync/G-SYNC Compatible)/フリッカーセーフ/ブルーライト低減モード/色覚調整","1695","117","100","306","¥ 11,900","¥ 11,900","1","B0FQ972ZVT","B0H73VFN6V","61.6","38.4","13.4","4510"
"SanDisk ポータブルSSD 1TB (読み取り速度最大800MB/秒、USB 3.2 Gen 2、NVMe ソリッドステートパフォーマンス、アップデートされたファームウェア、耐久性のあるゴム製の固定ループ) グレー","1697","139","200","7437","¥ 29,200","","71","B0C5JQ68FY","B098FDRHK4","12.8","10.2","3.4","100"
"Mamol 【2枚セット】27インチ 16:9 覗き見防止フィルター PCモニター のぞき見防止フィルム パソコンプライバシー ブルーライトカット ブルーライト 反射防止 液晶保護 取り外し 両面使用可能","1700","40","","403","¥ 7,099","","1","B0GKF64YFD","B0D3F41VN9","59.4","34.4","4","47"
"MoKo iPad 第10世代 ケース 2022用 10.9型（A2696/A2757/A2777）保護カバー 手帳型 スタンド オートスリープ対応 高級PUレザー外装 PC製シェル マイクロファイバー裏地 軽量 薄型 傷つき/汚れ防止 Almond Blossom","1701","92","","2366","¥ 6,602","","1","B0B7XCY6Q6","B0CPXVVW5V","26.6","20.2","1.9","250"
"【整備済み品】 【 大画面15インチ office搭載】Dell ノートパソコン windows11 Latitude E5590 Core i5 8世代 メモリ16GB 高速SSD 《無線LAN/Bluetooth内蔵/カメラ内蔵/10キー/リカバリー用USB64GB/ZEROセキュリティ》 (整備済み品) (SSD 1TB)","1710","48","","","¥ 64,900","","1","B0CLGCGVDF","","45","28","6","2000"
"モバイルモニター 18.5インチ 120Hz ゲーミングモニター UPERFECT 収納ケース付き ポータブルディスプレイ 大画面 フルHD IPS非光沢 100%sRGB 自立型 持ち運び サブモニター HDRモード スピーカー内 USB-C/ミニHDMI接続 VESA対応 PS5/PS4/Switch/PC/Mac対応 在宅ワーク","1711","138","300","1254","¥ 16,579","","2","B0G5WLZPTL","B0HF5359XD","45.3","29.5","9","2400"
"キヤノン用 BC-360XL 互換 (ブラック 2個) + BC-361XL 互換 (3色一体カラー) 大容量 互換インク 残量表示対応 PIXUS TS5430 / TS5330","1713","89","","3","¥ 6,547","¥ 6,547","2","B0DSDTZ2KH","B0DT3TQRC4","11.2","9.2","6.7","180"
"【整備済み品】 【薄型軽量 office搭載】Dell ノートパソコン windows11 Latitude E5300 Core i5-8世代 メモリ8GB 高速SSD 《MS Office2019/無線LAN/Bluetooth内蔵/カメラ内蔵/BLAPOリカバリー用USB64GB/ZEROセキュリティ》 (整備済み品) (SSD 128GB)","1719","39","","4","¥ 41,000","","1","B098VRWXQS","","45","28","6","1300"
"【整備済み品】【MS Office H&B 2024】東 芝 ノートPC Rシリーズ73 /13型/第7世代 i3-7100U/Win11 Pro/wajunのWIFI/Bluetooth/HDMI/8GB/128GB SSD","1723","45","","","¥ 22,800","","1","B0CBRLYV87","","43","28","7","2500"
"【純正品】CANON FINEカートリッジ BC-310(ブラック) + BC-311(3色カラー)セット","1733","114","300","879","¥ 5,880","","14","B08VW1N9KX","","17","10.6","6.9","130"
"IODATA GigaCrysta ゲーミングモニター 27インチ WQHD 180Hz 縦横回転（HDMI/DP） EX-GDQ271JA","1735","152","500","794","¥ 29,980","¥ 29,980","18","B0CH7ZWQD5","B0FZT49M6F","69.7","48.2","14.4","8500"
"BenQ ScreenBar Halo 2 モニターライト バックライト搭載モデル 無線リモコン USB Type-C 自動点灯 自動消灯","1738","133","400","1190","¥ 28,900","","1","B0DK59YKRS","","56.5","22.4","8","1788"
"【整備済み品】 富士通 極軽極薄FUJITSU LIFEBOOK U939 ■13.3型FHD(1920x1080) / Win11搭載 / 第8世代Core i5-8365U(1.6GHz) / 8GBメモリ / SSD 256GB / Type-C/HDMI/Office H&B 2019 (整備済み品)","1738","76","","13","¥ 39,800","","2","B0C5N3GMGH","","30","25","25","2000"
"Leadjoy Xeno Plus ゲームコントローラー 有線/2.4G/Bluetoothマルチモード接続 TMRスティック搭載 1000Hz ポーリングレー ホール＆マイクロスイッチデュアルトリガー 8 マイクロスイッチ スマート充電ドック付き 4個の背面カスタムボタン Switch 1/2/PC/Android/iOS対応","1741","98","400","174","¥ 8,400","","1","B0GV3WM55F","","30","18","10","560"
"【Amazon.co.jp限定】 TURTLE BEACH VelocityOne Multi-Shift シフター & ハンドブレーキ Xbox/Windows対応 ブラック 7速+R Hパターン & シーケンシャル切替対応 ハンドブレーキ搭載 ホール効果磁気センサー搭載 【メーカー保証2年+代理店保証6ヵ月】","1741","81","50","356","¥ 19,800","¥ 19,800","1","B0DJPXMB2Q","B0FZGQMJ13","25.7","24.7","17.3","2400"
"Android 16 タブレット 10インチ Gemini AI搭載 タブレット Wi-Fiモデル・7000mAh・WidevineL1・WiFi 6","1744","126","400","1162","¥ 13,900","","1","B09FJRDNN4","B0HDBG6WK2","33.5","19.7","3.7","920"
"ESR Shift iPad Air 13インチ キーボード ケース M4/M3/M2 横/縦置き対応 キーボードケース マグネット着脱式","1751","8","","158","¥ 15,999","","1","B0H6J2QDTD","B0HC6H6PH1","34.4","25","2.6","961"
"【New】キヤノン Canon プリンター A4 インクジェット複合機 G3390 BLACK 特大容量 ギガタンク テレワーク 対応インクGI-31シリーズ/対応ヘッドBH-30/CH-30 【2024年秋冬モデル】","1752","135","400","257","¥ 24,791","¥ 24,791","51","B0DF7M3FB8","B0DJLKW6SR","52","50","26","9500"
"【整備済み品】 ノートPC 5290 12.5型 Office2019 Core i3-8130U カメラ付 Type-C 4GB 256GB","1754","8","","","¥ 23,800","","1","B0D2MZRN19","B0D2NXW9HD","43","28","7","3000"
"SteelSeries ゲーミングワイヤレスイヤホン Arctis GameBuds ワイヤレス ゲーミングイヤホン PS5 Switch PC スマホ対応 2.4GHz Bluetooth 5.3 ノイズキャンセリング ANC 急速充電 IP55防塵防水 ホワイト 61680","1755","179","100","275","¥ 21,980","¥ 21,980","2","B0DF2KLHSR","B0H3K4SDNC","13.3","10.1","4.7","160"
"cocopar モバイルモニター 14インチ 非光沢IPSパネル 100%sRGB 400nits フルHD+ HDR スイッチ用モニター 薄い 軽量 1920x1200 WUXGA 収納ケース付き 疲れ目軽減/USB Type-C/Mini HDMI/540g/5mmフレーム/PS4/PS5/XBox/Switch/PC/Mac対応 在宅ワーク リモートワーク ポタブルディスプレイ M-14G","1760","99","50","2973","¥ 12,998","","1","B08THPKPV4","B0H4TWS2XY","41.2","23.1","4.7","1400"
"Seagate St3450857ss Sas-6gbits 450gb-15000rpm (認定整備済み)","1760","89","","","¥ 7,717","","10","B07PLHBZGT","","23.1","13.8","6.3","730"
"【Amazon.co.jp限定】Logicool G PRO X SUPERLIGHT 2 DEX ゲーミングマウス GPROXSL-WLDEXBKd","1766","117","200","363","¥ 18,980","¥ 18,980","1","B0D9VWPG1T","B0G2BYDCHH","19.2","11.6","7.4","340"
"エレコム 外付けSSD 1TB ポータブル USB 5Gbps / USB3.2（Gen2）対応 小型 キャップ式 ブラック ESD-EMC1000GBK","1767","150","100","330","¥ 19,980","","28","B0BWHWPZX7","B0C7JQ57DX","15.3","12.1","3.4","40"
"EMEET S600 WEBカメラ 4K UHD ウェブカメラ 800万画素 1080p 60fps 高性能センサー搭載","1771","129","100","160","¥ 7,198","","1","B0D2XS2KZC","B0H7GZQVQL","9.2","9.2","9.1","200"
"Seagate ST3450857SS（1052）DDR4-15000RPM 16MB CACHE SAS （認定整備済み）","1775","108","","","¥ 17,500","","17","B07HGBSNCJ","","23.8","15.8","10.2","816"
"8BitDo Ultimate 2 ワイヤレス コントローラー Windows & Android 用、TMR ジョイスティック付きゲーム コントローラー、切り替え可能なホール効果/触覚トリガー、RGB ファイヤー リング、8 スピード ワイヤレス テクノロジー (Black)","1785","121","200","4224","¥ 7,372","¥ 8,173","8","B0DR8V899R","B0DYJRM1LV","16.9","16.5","8.4","640"
"【整備済み品】 【薄型軽量 office搭載】Dell ノートパソコン windows11 Latitude E5300 Core i5-8世代 メモリ8GB 高速SSD 《MS Office2019/無線LAN/Bluetooth内蔵/カメラ内蔵/BLAPOリカバリー用USB64GB/ZEROセキュリティ》 (整備済み品) (SSD 1TB)","1785","37","","1","¥ 56,600","","1","B08KY7RK5M","","45","28","6","1300"
"タブレット Android 16 タブレット 10インチ WiFiモデル 128GB ROM Gemini AI搭載 GPS Office対応","1790","60","400","41","¥ 18,999","","2","B0H41RT9P5","B0HGWJYNSF","35.2","32.4","2.7","770"
"エレコム ワイヤレスマウス Precisionist プレシジョニスト 静音 充電式 Bluetooth 無線2.4GHz 8ボタン マルチペアリング 3台 チルトホイール付 高性能IR LEDセンサー搭載 Mサイズ 2年保証 ブラック M-PN10MBMSABK","1791","111","300","134","¥ 5,390","¥ 5,390","9","B0FX3ZV6WD","B0FXXBLQRC","13.8","9.2","4.7","120"
"【整備済み品】 【 省スペース型】 Dell デスクトップ PC windows11 Vostro 3681 Core i5-10400-2.9GHZ メモリ8GB 高速SSD 《DVDドライブ/外付け無線LAN/WPS Office /外付けHDD250GB》 (整備済み品) (SSD 512GB)","1791","36","","","¥ 58,900","","1","B0CNSWP4KN","B0CNT5HD96","45","33","13",""
"TP-Link WiFi 無線LANルーター Wi-Fi6 2402 + 574 Mbps HE160 メッシュWi-Fiシステム 3年保証 Deco X50 1ユニット","1799","123","50","156","¥ 13,226","","16","B09QFXHMXT","B09W9HMDYV","17.9","13.4","12.4","830"
"ヤマハ ユニファイドコミュニケーションマイクスピーカーシステム YVC-330","1800","141","100","325","¥ 57,680","¥ 58,698","17","B081K96ZLW","B09RN7LMHG","31","30.1","10","1370"
"【整備済み品】 【 大画面15インチ office搭載】富士通 ノートパソコン windows11 A577 Core i5-7世代 メモリ32GB 高速SSD 《DVDドライブ/WPS Office/無線LAN/Bluetooth内蔵/リカバリー用USB64GB/ZEROセキュリティ》 (整備済み品) (SSD 512GB) (SSD 256GB)","1801","38","","","¥ 50,990","","1","B0CMZNWFJK","B0CMZGDRZK","45","28","6","2300"
"エプソン 純正インクカートリッジ SC13ML マゼンタLサイズ","1808","116","50","26","¥ 5,001","¥ 5,191","29","B07GYLTDGK","B08L3RHFQX","13.1","10.9","3.4","110"
"Amazon限定 バッファロー USB3.2(Gen1) ブルーレイドライブ 書込み/再生/編集ソフト バスパワー BRXL-PUS6U3-BK/N","1809","132","200","679","¥ 22,980","¥ 22,980","1","B0BS14XJVH","B0BW83T8TH","18.3","17.6","5.1","400"
"バッファロー BUFFALO Giga対応 金属筐体 電源内蔵 8ポート LSW6-GT-8NS/NBK ブラック スイッチングハブ 簡易パッケージ マグネット 壁掛け設置対応","1813","117","200","1904","¥ 6,111","¥ 6,111","2","B089GN1VKY","B0BJDGM3XW","20.4","10.6","6.8","620"
"【整備済み品】 NEC ノートPC/■第三世代Core-i7/Office 2019/Windows11 Pro/15.6型液晶/DVD/Wi-Fi/RAM:4GB/在宅勤務 仕事用 学習用 初期設定済 HCMAの電源(整備済み品) (6)MS Office/第3世代Corei7/Win11/SSD512GB)","1814","29","","1","¥ 25,999","","1","B0CBCTRCQS","B0CBFFP442","40","30","4","2500"
"HPE ISS BTO 652766-B21 3TB 6G SAS 7 2k 3 5インチ MDL (認定整備済み)","1817","67","","1","¥ 15,870","","11","B07HGDVZT1","","27.8","21.6","14.4","1000"
"[インスタントWi-Fi] T8 100GB/365日データ通信 ポケットWiFi モバイルルーター 1年間自然故障保証 追加ギガチャージ 海外対応","1821","106","300","331","¥ 12,980","","1","B0CCTFRVBK","B0CZ6ZJYTK","15.6","9.2","2.7","190"
"【整備済み品】 【 大画面15インチ＋ テンキー付 office搭載】 Dell ノートパソコン windows11 Vostro 3590 Core i3-10110U-2.1GHZ メモリ8GB 高速SSD 《DVDドライブ/Office2019/無線LAN/Bluetooth/内蔵カメラ/10キー/リカバリー用USB64GB/ZEROセキュリティ》 (整備済み品) (SSD256GB)","1821","73","","","¥ 50,000","","2","B0CG61Q9QV","B0CG5ZVNHD","42","33","9","2100"
"Wacom プロペン2 KP-504E","1822","129","300","1805","¥ 9,809","¥ 9,809","9","B01MS7ZXIJ","","22.4","7.7","4.4","210"
"SteelSeries ワイヤレス ゲーミングヘッドセット Arctis Nova 5 モンスターハンターワイルズに最適なイコライザー設定 ヘッドホン 軽量 無線 ワイヤレス Switch/Switch2/PC/PS5/PS4 対応 急速充電 60時間連続使用可能 調整可能 国内正規品 メーカー保証1年 61670 ブラック","1824","125","100","1338","¥ 15,980","¥ 15,980","2","B0D1KBNWHF","B0H3KD7FYN","19.9","19.9","10.2","690"
"320W 充電器 GaNFastⅢ PD3.0対応 8ポート 単口max100W 1.5m電源ケーブル PSE技術基準適合 100W常時対応 8ポート1*100W&2*65W&4*QC18W 4 USB-C＆4 USB-A 縦式省スペース ダブル 複数ノートPCに急速充電対応 MacBook Pro PD対応 iPad/iPhone/Android/その他 (ホワイト-320W)","1675","54","","279","¥ 6,280","","1","B0FHGXBTVQ","B0HGRF9QHM","13","8.6","7.8","510"
"【整備済み品】 ノートPC R73 13型 Office2019 Core i5-6200U HDMI 8GB 512GB","1829","39","","20","¥ 34,020","","1","B09RG6QPCY","B09RG6BY6F","43","28","7","3000"
"CIO マグネットシリコンケーブル 100W対応 USB Type-C 磁石で脱着 防水規格 IPX5対応 iPhone 17 / 16 / 15 タイプC ケーブル (L字,ブラック, 0.5m) (× 3)","1426","34","","391","¥ 5,328","","","B0GYLPTSQ6","B0CYQ8ZWT5","16.9","7.5","2.9","123"
"バッファロー HD-EDS4U3-BE パソコン&テレビ録画用 外付けHDD 4TB","1842","147","500","751","¥ 22,700","","22","B09FJTYT4N","","25","22","8","940"
"Thzzhnno USB C - USB-A ケーブル 10Gbps 8M、USB 3.1 USB 3.2 Gen2 データ転送ケーブル 、USB Type CコードiPhone/MacBook Pro/iPad Pro用","1734","86","","1868","¥ 5,398","","1","B0DXKF4GD6","B0HC6D9WBD","24","19.8","4.5","322"
"Samsung Galaxy Tab S10 FE｜AI対応｜グレー｜タブレット｜Samsung純正 国内正規品｜2025年発売｜防水防塵｜Sペン付き｜10.9インチ｜128GB(最大2TB拡張)｜バッテリー8,000mAh｜497g｜Android｜SM-X520NZAAXJP","1843","127","100","85","¥ 93,000","¥ 95,001","2","B0F1XSJSTF","B0FKMNS3K8","27.1","18.3","2.2","720"
"【整備済み品】 【 カメラ内蔵＋大画面15インチ office搭載】NEC ノートパソコン windows11 VK23TX Core i5-6世代 メモリ8GB 高速SSD BLAPO USB 《WPS Office/カメラ内蔵/10キー/リカバリー用USB64GB/ZEROセキュリティ》 (整備済み品) (SSD 256GB)","1847","41","","","¥ 32,900","","1","B0CB9Z9QNJ","B0CB9YLRBW","45","28","6","2400"
"XBOHJOE USB3.0延長ケーブル15MタイプAオス-Aメス延長コード 信号増幅器付きデータ転送 5Gbps適用USBフラッシュドライブ マウス キーボード カードリーダー (15M)","1850","20","","327","¥ 5,999","","1","B0H2MJGZ2W","B0B3S8JS14","23.4","22.7","8.2","750"
"HP 純正 インクカートリッジ HP 965XL ブラック 増量","1851","113","100","171","¥ 5,111","¥ 5,111","7","B07WT6MBF9","B0G3ZZLM2Q","12.3","11.7","3.6","120"
"【整備済み品】 【 置き場所便利 12インチ office搭載】Panasonic ノートパソコン windows11 CF-SV8 Core i7-8世代 メモリ8GB 高速SSD 《DVDドライブドライブ/無線LAN/WWAN/Bluetooth内蔵/カメラ内蔵/リカバリー用USB64GB/ZEROセキュリティ》 (整備済み品) (SSD 1TB)","1854","55","","2","¥ 106,800","","1","B0CJDXNWSK","B0CJDTTW3Y","45","28","6","1300"
"WXR9300BE6P Wi-Fi 7対応 トライバンドルーター ハイパフォーマンスモデル","1857","169","400","121","¥ 31,100","","39","B0DXZ4Y79T","","30","23.4","11.8","1570"
"【最新型】Omikamo キーボード Bluetooth 折り畳み ipad キーボード ワイヤレス タッチパッド付き JIS配列日本語配列","1857","94","100","525","¥ 5,688","","1","B0GJSV522Q","B0GT8GGMYK","22.6","12.2","3.1","400"
"バッファロー HD-EDS2U3-BE パソコン&テレビ録画用 外付けHDD 2TB","1858","170","1000","622","¥ 18,279","","22","B0B3XCH7DD","","21.6","21.5","7.7","900"
"【整備済み品】 富士通 極軽極薄FUJITSU LIFEBOOK U939 ■13.3型FHD(1920x1080) / Win11搭載 / 第8世代Core i5-8365U(1.6GHz) / 8GBメモリ / SSD 512GB / Type-C/HDMI/Office H&B 2019 (整備済み品)","1858","69","","16","¥ 43,797","","1","B0C5MZVNSN","B0C5N3DWVM","42.4","27.5","9.2","1440"
"Dell 液晶ディスプレイ E2425HSM 23.8型/1920×1080/HDMI、DisplayPort、VGA/ブラック/スピーカー：あり","1863","134","300","61","¥ 15,099","¥ 16,829","11","B0F4PDMS9G","","60.6","41.4","17.2","6520"
"Nextorage PS5対応 ヒートシンク一体型 内蔵SSD NEM-PAC 1TB 国内メーカー","1863","116","100","241","¥ 33,980","","1","B0FBG9542H","B0DX6HQ65X","12","10.1","2.4","59"
"【国内正規品】PHILIPS ウェブカメラ 4K UHD webカメラ 800万画素 1080P@30FPS対応 自動光補正 95°視野角 内蔵マイク プライバシーカバー パソコン用カメラ ビデオ会議/オンライン授業/ライブ配信用SPL6418","1865","110","300","58","¥ 5,479","","3","B0GS5Y4FBF","B0GXKP484R","11.8","8.9","6.7","160"
"【整備済み品】 【2in1タッチパネル 薄型軽量 office搭載】 ＨＰ タブレット PC ELITEX2-1013G3 Core i5-8世代 メモリ8GB 高速SSD 《無線LAN/Office2019内蔵カメラ/》 (整備済み品) (SSD 512GB)","1872","44","","","¥ 52,900","","1","B0CHDQDK1M","B0CHDQFT3W","45","28","6","1300"
"Crucial SSD 内蔵2.5インチ SATA接続 BX500 シリーズ 2TB CT2000BX500SSD1JP","1874","120","100","1721","¥ 35,900","","8","B081F8TZVQ","B0BR4LQBCR","14","10.8","1.5","70"
"モバイルモニター 15.6インチ 1080P IPSパネル 自立スタンド Type-C/Mini HDMI PC/スマホ/ゲーム機対応 収納ケース付き","1875","120","1000","314","¥ 7,950","","1","B0FHPYXL6N","B0GYZ6ZFKH","39.1","27.7","7.2","1240"
"Nulea トラックボールマウス ワイヤレス チルトスタンド付き Bluetooth/2.4G/USB 3台同時接続 充電式 4段階DPI 人間工学 親指操作 右利き 6ボタン 進む/戻るボタン搭載 PC/ノート/Windows/Mac/iPad対応 無線 M501 紫色","1876","45","","562","¥ 14,164","","1","B0FLCWF7P1","B0H45RLKRK","21.5","14.4","5.7","422"
"【整備済み品】富士通 ノートパソコン LIFEBOOK U9310 13.3型FHD 超軽薄 第10世代 Core i5-10310U＠1.7GHz","1877","102","50","229","¥ 32,290","","4","B0DR5D4NGT","B0DJM2L2Z3","36","26.2","10.4","1250"
"東芝 外付け ハードディスク 4TB 【 テレビ録画 / 4K / Windows/mac / PS4 / バッファロー製nasne™ 対応 】 静音 コンパクト Canvio Desktop HD-TDA4U3-B/N","1879","210","100","7905","¥ 22,500","","6","B08M2Z5QS9","B08M3R9JS1","29","21.3","12.9","1370"
"【整備済み品】 【 大画面15インチ＋ テンキー付 office搭載】NEC ノートパソコン windows11 VKT16X-2 Core i5-8世代 メモリ8GB 高速SSD BLAPO USB 《DVDドライブ/WPS Office/無線LAN/10キー/リカバリー用USB64GB/ZEROセキュリティ》 (整備済み品) (SSD 512GB)","1879","37","","5","¥ 45,800","","1","B0C8H96P1Y","B0C8H96B19","45","36","9",""
"【Amazon.co.jp限定】 Logicool G PRO X 2 LIGHTSPEED ゲーミングヘッドセット G-PHS-005WLBKd","1881","134","200","428","¥ 24,800","¥ 24,800","2","B0D21R5317","B0G2BZNGP2","24.4","23.8","9.3","860"
"【整備済み品】 【 大画面15インチ＋ テンキー付 office搭載】富士通 ノートパソコン windows11 A574 テンキー Core i3-4世代 メモリ8GB 320GB 《DVDドライブ/10キー/USB8GB/ZEROセキュリティ》 (SSD 256GB)","1881","33","","17","¥ 21,800","","1","B0BPG81SCR","","45","28","9","2800"
"kksmart モバイルモニター 13.3インチ 2.5K(2560*1600) 自立型 超軽量606g 100％sRGB色域 ベゼルレス 画像比調整可能 黄金縦横比16:10 非光沢IPSパネル VESA対応 背面ポート 無輝点保証 WQXGA 収納ケース付き 内蔵スピーカー Type-C/mini HDMI PS4/PS5/XBOX/Switch/PC/Macなど対応 NK-133","1882","123","100","1820","¥ 13,999","","1","B09MHQNH18","B0GXTQ2LBV","42.8","24.7","4.7","1470"
"【ノートパソコン Office2024搭載 Win11 Pro】15.6インチ パソコン Core m3-8100Y 最大3.4GHz 16GB メモリ 512GB SSD ノートパソコン 1.6kg 薄型 軽量 FHD 1920×1080 英語キーボード ノートpc テンキー付き/WiFi5/BT5/Webカメラ/USB3.0/HDポート 在宅勤務 テレワーク 学生向け laptop グレー","1883","113","200","88","¥ 49,900","","1","B0F4783RL2","B0FM6W7MYL","42.6","33.5","8.2","2330"
"【8000Hzドングル同梱・超軽量55g】Razer Viper V3 Pro White Edition ゲーミングマウス ワイヤレス 無線 Focus Pro 35Kセンサー 35000DPI 高速応答 オプティカルスイッチ 6ボタン","1885","127","400","570","¥ 18,491","¥ 18,491","1","B0D1X5B9PC","B0FNC6QS3M","17.8","12.1","6.1","310"
"【整備済み品】【12.1型フルHD】Pana sonic ノートPC CF-SZ5 / Windows 11 Pro（日本語OS） / MS Office H&B 2019 / Core i5-6300U / WEBカメラ/wajunのWIFI/HDMI/Bluetooth/USキーボード / 8GB / 512GB SSD","1885","32","","","¥ 44,800","","1","B0CWV11WR4","B0CWZ24X6V","43","28","7","3000"
"ロジクール ワイヤレスマウス 折りたたみ式 静音 軽量 小型 無線 高速スクロール 充電式 Mobi Fold MF900GRd 国内正規品","1886","75","100","27","¥ 13,500","¥ 13,500","1","B0GJ7TGTHT","B0H3TBK7FQ","15.8","9.5","4.8","140"
"【整備済み品】 Pana sonic CF-MX5 12.5型 i5-6300U Office2024 カメラ付 DVD-RW 4GB 256GB","1889","5","","14","¥ 19,800","","","B0C76NH7F6","B0GVN5KJL5","43","28","7","2500"
"エレコム 電源タップ 雷ガード 抜け止めコンセント 6個口 3Pプラグ マグネット付き 3m グレー T-WRMK3630LG/RS","1887","97","","25","¥ 5,789","","22","B00D5P7Y5Q","B08LNP6162","32.9","23.7","4.9","672"
"【整備済み品】 富士通 デスクトップPC D582/MS Office 2019/Win 10/Core i5-3470/HDMI/WIFI/DVD-RW/4GB/256GB SSD (整備済み品)","1888","39","","8","¥ 19,800","","1","B08K9CCZ75","B093XTJ2B7","40","40","15","3000"
"【整備済み品】 Pana sonic ノートPC CF-LX6 / 14型 / Win 11 Pro/MS Office H&B 2019 / Core i5-7300U / WEBカメラ/Bluetooth/wajunのWIFI/HDMI / 8GB / 256GB SSD","1894","43","","3","¥ 27,720","","1","B0CBR573C1","","43","28","7","3000"
"UPERFECT デュアル モバイルモニター 15.6インチ ドライバー不要 2画面ディスプレイ 自立型 デュアルディスプレイ 折り畳み FHD1080P トリプルモニター 回転機能 IPS液晶パネル フル機能Type-C MiniHDMI PC/Mac対応","1894","121","100","3666","¥ 26,998","","1","B0DK1F8RGD","B0HF9B8778","40.2","27.5","8.4","2350"
"USBフラッシュドライブ 2GB 10個パック TEWENE USB 2.0 Memorty Stick サムドライブパック","1895","31","","2424","¥ 7,678","","1","B0H5VBTT95","B07YCZG43H","13.6","11.4","1.4","160"
"Apple 13インチiPad Air（M4）：Liquid Retinaディスプレイ、128GB、12MPフロント/バックカメラ、Apple N1によるWi-Fi 7 + 5Gモバイル通信、Touch ID、一日中使えるバッテリー — パープル","1896","85","","3","¥ 194,800","¥ 194,800","1","B0GQWPKS3D","B0GQZ3GLB6","33","26","8","1390"
"【5年データ復旧・無償交換保証】GIGASTONE マイクロsdカード 128GB Type Cカードリーダー付き Camera Pro MAX microSDXC UHS-I A2 V30 U3 C10 150MB/s Ultra HD 4K ビデオ録画 Gopro アクションカメラ スポーツカメラ 動作確認済 SDアダプター1枚付き","1898","78","","68","¥ 12,990","","1","B0CW9QCS83","B0GWH6S6Q2","8.8","6.7","1.8","141"
"Bluetoothマウス、[アップグレード]マルチデバイスワイヤレスマウス、ビジュアル電池寿命、トライモード（BT 5.0/4.0+2.4G Hz）充電式エルゴノミクスマウス、4レベルDPI調整、ラップトップ/PC用、ブラック (マットブラック)","1762","77","","3922","¥ 8,744","","1","B0DCVMN51Z","B0DJVJBTCM","12.8","9.4","5.1","150"
"【整備済み品】 ノートパソコン 富 士 通 LIFEBOOK A5510 15.6型 第10世代 Core i3 メモリ8GB SSD256GB Windows11 Pro MS Office 2021 DVD テンキー付","2345","51","","1","¥ 24,681","","1","B0H4V1Q16B","B0G4VRDVV2","41.2","30.3","10.8","2760"
"【整備済み品】ノートPC 3500 15.6型 10キー Office2019 Core i5-8265U カメラ付 HDMI 16GB 512GB","1904","40","","7","¥ 65,800","","1","B0C84PJ5T1","","43","28","7","3000"
"ECHTPower PC コントローラー 充電ドック ワイヤレス 2.4Gレシーバー TMRホール効果スティック/トリガー 1200mAh 1000Hz 連射 ジャイロセンサー搭載 背面ボタン ABXY切り替え可能 取り外しカバー 2種類十字キー 4方位振動 ドリフト防止 PC/Switch2/Steam/スマホに対応","1907","11","","550","¥ 6,554","","1","B0HDSBY4Q1","B0HGQ8V2KM","16.6","14.5","8.2","470"
"iPad Air 13インチ ケース M4/M3/M2-2026/2025/2024 iPad Pro 12.9インチ ケース第6/5/4世代","2692","15","","30","¥ 5,580","","1","B0H4Z2QSPB","B0H4YVTKMX","28.7","23.7","1.9","580"
"Logicool G ゲーミングマウス G502 有線 USB 接続 マウス HERO 25Kセンサー G502RGBhr LIGHTSYNC RGB 11個プログラムボタン FPS / MMO / RPG ブラック PC windows mac 国内正規品 【 ファイナルファンタジーXIV 推奨周辺機器 】","1913","148","400","2500","¥ 7,627","¥ 7,627","1","B08CKZ9TSY","B0GWFKXPJZ","17.6","11.8","5.6","220"
"【Amazon.co.jp限定】ASUS ノートパソコン Vivobook 15 M1502NAQ 15.6インチ AMD Ryzen 7 170 メモリ16GB SSD 512GB Microsoft 365 Personal (24か月版) 搭載 Windows 11 重量1.7kg Wi-Fi 6E クワイエットブルー M1502NAQ-R7165BUWS","1916","114","200","36","¥ 119,800","¥ 119,800","1","B0G6CY1J9Z","B0GWQRM3BS","48.6","28.7","6.6","2620"
"【Amazon.co.jp限定】Logicool G 8000Hz ポーリングレート PRO X SUPERLIGHT 2c コンパクト ワイヤレス ゲーミングマウス G-PPD-004WLCO-BKd 軽量 51g LIGHTSPEED HERO2 センサー USB Type-C 充電 POWERPLAY ブラック 国内正規品 ※Amazon.co.jp限定 壁紙ダウンロード付き","1918","149","100","144","¥ 19,980","¥ 19,980","1","B0FG74B2PC","B0G2BZ399H","16.4","11.8","6.9","310"
"【整備済み品】 富士通ノートPC A576■第6世代Corei3-6100U/Office 2019搭載/15.6インチ液晶/DVD/USB3.0/HDMI/WI-FI/日本語キーボード(黒または白)/在宅勤務 仕事用 学習用 初期設定済(整備済み品) (1)第6世代 i3/8GB/SSD:128GB)","1922","28","","","¥ 15,299","","1","B0D11SLPN7","B0D1CP5NXH","4","2.9","1.1","2890"
"CIO 柔らかいシリコンケーブル 液晶ディスプレイ搭載 USB type-C 充電ケーブル 100W対応 iPhone 17 / 16 / 15 タイプC usb type c to c 【液晶部に保護フィルム有】(1m, L字, ブラック) (× 4)","1777","39","","607","¥ 7,180","","","B0GYL8RMR4","B0CZTDK846","16.7","7.6","2.9","200"
"【整備済み品】富士通 LIFEBOOK A577 15.6型ノートパソコン/第7世代Core i3/8GB/SSD256GB","1931","44","50","183","¥ 16,830","","1","B0DC6BXL24","B0HG8QNTDH","44.2","28.8","8.9","2610"
"ノートパソコン Office搭載 パソコン Win 11 Pro 15.6インチ ノートPC 16GB メモリ 256GB SSD 4425Y FHD","2478","68","","21","¥ 42,415","","1","B0G7CWJBLR","B0GCZW4ZDB","42.1","32.3","7.9","2270"
"バッファロー 6TB 外付けHDD HD-NRLD6.0U3-BA","1941","178","300","306","¥ 26,500","","15","B07TSYRWH7","","21.7","21.4","7.9","1180"
"【国内正規品】PHILIPS Android16 タブレット 8.7インチ Wi-Fi/SIM通話モデル 8コアCPU 20GB RAM+128GB ROM+1TB拡張 4G LTE 90Hzリフレッシュレート WidevineL1+無線投影 5000mAhバッテリー GPS+顔認証+BT5.2+2.4G&5GWi-Fi tablet 漫画/動画に快適 持ち運びに便利T7335 グレー","1945","119","400","131","¥ 23,382","","3","B0G5645C4B","B0GWCD7HM7","23.7","15.2","4.7","620"
"【整備済み品】ノートPC 250G7 15.6型 10キー Office2019 i5-8265U WEBカメラ 16GB 512GB","1950","41","","","¥ 61,800","","1","B0CQ84M3Z5","","43","28","7","3000"
"【整備済み品】 【 大画面15インチ office搭載】富士通 ノートパソコン windows11 A577 Core i5-7世代 メモリ16GB 高速SSD 《DVDドライブ/WPS Office/無線LAN/Bluetooth内蔵/リカバリー用USB64GB/ZEROセキュリティ》 (整備済み品) (SSD 512GB)","1951","41","","","¥ 41,900","","1","B0CMTBXY89","B0CMT7K4VM","45","28","6","2300"
"Klearlook モニター台 卓上 折りたたみ式 三段階幅調整 耐荷重25kg (2個入り ブラック)","1956","66","","2894","¥ 5,699","","1","B0DRCSDTN1","B0915DG3XP","44.3","21.4","17.9","3360"
"シャオミ(Xiaomi) ポータブルフォトプリンター Pro 薄型 Bluetooth接続 複数ユーザー同時接続可能 シールフィルム 自動ラミネート加工 ライブフォト印刷 フォト用紙パック昇華型 10枚同梱","1962","85","200","53","¥ 8,277","¥ 8,277","16","B0FL2CTTVS","","17.9","12.5","6.4","480"
"【整備済み品】ノートPC Dynabook VC72 / 12.5型フルHD /MS Office H&B 2019 / Win 11 Pro/Core i5-7200U / タッチパネル/WEBカメラ/Bluetooth/wajunのWIFI/HDMI / 8GB / 512GB SSD (整備済み品)","1968","35","","","¥ 44,800","","1","B0BCG95KX8","","43","28","7","3000"
"WiFiルーター TP-Link 無線LANルーター Wi-Fi6対応 AX5400 EasyMesh WPA3 Archer AX73V 【Amazon限定 / 3年メーカー保証 / PS5・Switch・ iphone 対応】","1971","88","200","1113","¥ 10,030","¥ 10,030","1","B0C9PZBQVJ","B0H9S5KVGX","30.1","24.4","10.9","1300"
"【Amazon.co.jp限定】TURTLE BEACH コントローラー Afterglow Wave パープル 有線 USB Xbox公認 PC/Xbox対応 3ストップ トリガーストップ マッピング可能 背面ボタン RGB チャットミックス 人間工学【メーカー保証2年+代理店保証6ヶ月】","1971","63","","990","¥ 5,480","¥ 5,480","3","B0F1R4B328","B0FWJXGCPJ","17.7","17.6","7.4","420"
"Haute42 レバーレス アケコン レバーレスコントローラー 12ボタン 高精度 高応答 薄型 コンパクト JZW-Shop Type-C 有線接続 格ゲー for PC/Switch2/Switch/PS4 PS3/Windows アケコン レバーレス ボタンの入れ替え ロックスイッチ 大会試合 RGB LED ABS素材 日本語説明書付き PS5にはコンバーター要 （P12）","1973","73","","172","¥ 6,990","","1","B0CYPQYDQ6","B0GCDLXRDJ","24.4","19.6","3.7","390"
"【整備済み品】 【 カメラ内蔵＋大画面15インチ 】 ＬＥＮＯＶＯ ノートパソコン E590 Core i3-8世代 メモリ32GB 高速SSD 《 無線LAN/WPS Office/内蔵カメラ/10キー》 (整備済み品) (SSD 256GB)","1975","31","","","¥ 60,600","","1","B0CKVFDWM9","B0CKVJG2BG","45","28","6","2500"
"ブルーレイドライブ外付け！さらに速外付けブルーレイドライブ USB-A/C対応 BD/DVD/CD 再生・読み込み・書き込み対応 ポータブルBlu-rayプレーヤー Windows 7-11/Mac OSパソコン対応電源ケーブル付属（black）","1976","97","500","5642","¥ 7,998","","1","B0H3P68MW7","B0H4GMWYQL","21.7","18.1","3.2","480"
"ZOEGAA【2枚セット】iPad Pro 12.9インチペーパーライクフィルム (2022 第6世代 M2 / 2021 第5世代 / 2020 第4世代/ 2018 第3世代) 用 紙のような描き心地 フィルム 反射低減 保護フィルム アンチグレア 指紋防止 【Apple Pencil対応】","1977","50","","11933","¥ 5,777","","1","B07LFTSD4W","B096QVF5BC","27.1","19.8","1.1","120"
"【整備済み品】 【 i7 SSD搭載】 Dell デスクトップ PC windows11 OptiPlex 7050 SFF Core i7-6世代 メモリ32GB 高速SSD 《DVDドライブ/外付け無線LAN/WPS Office /外付けHDD250GB》 (整備済み品) (SSD 512GB) (SSD 512GB)","1979","4","","","¥ 63,800","","1","B0CMZJP8DF","B0CMZR4842","42","33","9",""
"シリコンパワー 2TB NVMe M.2 PCIe Gen3x4 2280 SSD A60シリーズ 5年保証 SJ002TBP34A60M28SC","1984","92","","1501","¥ 52,379","","86","B07ZQ97H3W","B0C18XNVKK","12.5","11.1","1.6","20"
"【整備済み品】【13.3型】 ノートPC ThinkPad13 Office2019 i3-7100U カメラ付 8GB 256GB","1984","36","","","¥ 30,800","","1","B0D2H2XFHP","B0D2HV79YP","43","28","7","3000"
"【純正品】キャノン製 インクカートリッジ 交換用 (1, BCI-381+380/5MP)","1993","87","100","9","¥ 8,980","","1","B0GV7KNHYN","B0GV78LYBN","18.8","13.8","5.7","220"
"Pixio PX248PRO ゲーミングモニター 24インチ FHD Fast IPS 165Hz 1ms スピーカー内蔵 高さ調整可能 縦置き可能","1995","61","","102","¥ 26,980","","1","B0C4YC8VD5","B09W2ZGXHG","61.2","41","19.1","5940"
"【整備済み品】NE C ノートPC VC-6 / 12.5型フルHD / Win11 Pro/MS Office H&B 2019 / Core i5-10210Y / WEBカメラ/wajunのWIFI/Bluetooth/HDMI/Type-C / 8GB / 512GB SSD","1997","43","","","¥ 47,800","","1","B0D4D1N15Z","","43","28","7","3000"
"ソニー(SONY) ゲーミングヘッドセット INZONE H9 Ⅱブラック: WH-G910N ALGS公式 ヘッドセット:Fnatic共同開発 ワイヤレス/Bluetooth/ノイキャン搭載/立体音響/低遅延/長時間使用しても疲れづらい/ブームマイク付き/ブラック","2004","125","200","249","¥ 36,000","¥ 36,000","5","B0FLCV2S7B","B0GGZT8J5C","30.1","29.8","10.3","1000"
"[MOSISO] ノートパソコンショルダーバッグ 16 インチ(砂色)","2180","90","","3753","¥ 5,899","","1","B0GLFPKPWD","B0B153J12R","44.4","32.7","7.5","490"
"ロジクール 静音 Bluetooth ワイヤレスキーボード K580GR グラファイト 超薄型 小型 Unifying ワイヤレス キーボード 薄型 テンキー 無線 Windows Mac iPad iOS Android Chrome Surface K580 国内正規品","2008","114","200","265","¥ 7,445","¥ 7,445","1","B0BQQ764Z4","B0BRPG4ZXM","39.3","15.3","2.5","690"
"シリコンパワー デスクトップPC用 メモリ DDR4 3200 PC4-25600 8GB x 2枚 (16GB) 288Pin 1.2V CL22 SP016GBLFU320B22","2010","127","50","401","¥ 16,452","","3","B08K8PTGC2","B0BXSQTDFN","16.9","10.3","1.2","50"
"KEEPTIME モバイルモニター 10.5"" 1280P IPSパネル 100%sRGB HDR 超軽量260g ノートPC/スマホ/ゲーム機対応","2011","117","300","253","¥ 6,997","","1","B0D72VBTXK","B0GXSQZ4D7","29.4","21.3","6.4","730"
"【整備済み品】ノートPC wajun Pro-X11 13型液晶2K i3-6157U Office2024 カメラ付 8GB 256GB","2012","11","","","¥ 35,800","","1","B0CXJ52NRM","B0CXPDSVKQ","43","28","7","3000"
"【整備済み品】 ノートパソコン ProBook 450 G3 第六世代Core i5-6200U/Windows11搭載/15.6インチ ノートパソコン/Office搭載/Webカメラ内蔵/DVD-ROM/HDMI、VGA/Wi-Fi/仕事用 静音、高速ノートPC(整備済み品) (4)MS office/Webカメラ/RAM:16GB/SSD:512GB)","2014","37","","","¥ 35,999","","1","B0CXQ539FC","B0CXYBJQVN","4","2.9","1.2","2980"
"【整備済み品】 【 大画面15インチ＋ テンキー付 office搭載】東芝 ノートパソコン windows11 B35 Core i3-5世代 メモリ8GB 高速SSD 《DVDドライブ/WPS Office/無線LAN/10キー/リカバリー用USB64GB/ZEROセキュリティ》 (整備済み品) (SSD 256GB)","2013","40","","","¥ 23,500","","1","B0CFGNPTDS","B0CFGLW2KW","45","28","6","2400"
"【Amazon.co.jp限定】AOC ゲーミングモニター 23.8インチ, フルHD/1920×1080@180Hz, 応答速度0.5ms(MPRT), Fast IPS, HDMI2.0 x 1/ DP1.4x1,ブルーライト低減, フリッカーフリー, G-Sync Compatible対応, Adaptive Sync, HDR10対応, 3年保証, 国内正規品 24G42E","2015","122","100","265","¥ 16,970","¥ 16,970","1","B0DJD9FGMV","B0DM66XLT7","61.3","41.7","14.6","5050"
"【整備済み品】 【MS Office2019&最新Win11】HP ProBook 450 G5 ■第7世代Core i5(2.5GHz)／８GBメモリ／SSD 512GB／Ｗebカメラ／WiFi&Bluetooth (SSD512GB) (整備済み品)","2015","35","","14","¥ 44,140","","1","B09M78YPN2","B09M78V8NB","43.9","32.3","12.1","2590"
"AOC M10 国内正規品 10インチタブレット Android 16 120Hz Widevine L1 128GB Wi-Fiモデルグレー","2017","132","200","2090","¥ 18,979","","3","B0FY2YCJM9","B0GV485LGY","30.8","18.6","3.2","790"
"【整備済み品】ノートPC VC72 12.5型フルHD タッチパネル i3-8130U Office2019 カメラ付 4GB 256GB","2021","4","","1","¥ 26,800","","1","B0957T35NF","","43","28","7","2500"
"【整備済み品】 【 カメラ内蔵 持ち運び便利 13インチ office搭載】富士通 ノートパソコン windows11 S937 Core i5-7世代 メモリ20GB 高速SSD 《DVDドライブ/無線LAN/Bluetooth内蔵/カメラ内蔵/リカバリー用USB64GB/ZEROセキュリティ》 (整備済み品) (SSD 1TB)","2023","38","","1","¥ 61,900","","1","B0CJBKQTPZ","B0CJBJTQ6Y","45","28","6","1500"
"BenQ ZOWIE XL2566X+ 24.1インチ フルHD TN 400Hz DyAc™2 esports ゲーミングモニター","2025","122","100","44","¥ 117,979","¥ 117,979","1","B0DJQG25DW","B0HB3Z9PTQ","68","67","19","10000"
"エコリカ エプソン カメ KAM-6CL-L対応リサイクルインク 大容量 6色パック EP-881A EP-882A EP-883A EP-884A EP-885A EP-886A 残量表示対応 封筒パッケージ【Amazon.co.jp限定】","2001","93","50","37","¥ 5,200","¥ 5,200","1","B0C2Z94H31","B0DP6GX5T7","29.9","21.5","3.2","220"
"【整備済み品】東 芝 ノートPC Rシリーズ63 / 73 / 13.3型 / Win 11 Pro/MS Office H&B 2019 / Core i5-6200U / WEBカメラ/wajunのWIFI/Bluetooth/HDMI / 8GB / 512GB SSD","2025","36","","","¥ 31,800","","1","B0CP3N7S71","","43","28","7","2500"
"パソコンワゴン 昇降式L字デスク 7段階 高さ調節50.5~80.5cm ブラック","2028","104","50","127","¥ 5,509","","1","B0FMS1DSWL","B0G65VN7Z7","64.6","38.6","9.1","8200"
"HP 656108-001 - HP 1TB 6G SATA 7.2K SFF SC MDL HDD (認定整備済み)","2028","106","","11","¥ 11,159","","14","B07HLWHCRH","","20.5","16.2","7.4","340"
"ALLDOCUBE iPlay 70E タブレット 11インチ Android 16 90Hz 1920×1200 4G LTE SIMフリー GPS","2032","128","300","407","¥ 21,800","","1","B0GWLXBFHX","B0HB3GLDHV","28.4","23.8","3.6","870"
"ブルーレイドライブ 外付け 【プロも納得モデル・高速書き込み】 外付けブルーレイプレーヤー blu-ray 外付けドライブ USB3.0 USB-A＆Type-C両接続 350g 軽量 1.8cm薄型 静音設計 Windows7-11/MAC OS対応 再生/読み込み/書き込み/焼き対応 blu-ray プレイヤー 外付け bdドライブ 外付け","2033","41","300","80","¥ 7,999","","1","B0GTLNFV1J","B0GQQJGQPH","18","15","2.5","335"
"【整備済み品】 【 カメラ内蔵＋大画面15インチ 】 ＬＥＮＯＶＯ ノートパソコン E590 Core i3-8世代 メモリ8GB 高速SSD 《 無線LAN/WPS Office/内蔵カメラ/10キー/》 (整備済み品) (SSD 512GB)","2039","30","","1","¥ 44,800","","1","B0CKBBWXZX","B0CKBF9HWJ","45","28","6","2100"
"キヤノン Canon 純正 トナーカートリッジ071","1920","115","300","84","¥ 6,073","¥ 6,073","29","B0C5WLT6GX","","36.2","13.7","11.1","760"
"Anker Nano ドッキングステーション (13-in-1, 着脱式USB-C ハブ)","2037","137","300","94","¥ 13,590","","1","B0FLD8KKN7","","19","16.2","10.2","960"
"【最新型】Omikamo キーボード Bluetooth 折り畳み ワイヤレス テンキー付き ワイヤレス ipadキーボード 日本語配列 ホワイト","2038","94","50","736","¥ 5,423","","1","B0CXPF5XXZ","B0D4CRLK33","22.6","12.3","2.4","360"
"【整備済み品】 FUJITSU 超薄型・超軽量 LIFEBOOK U937/U938 ■Core i5-7300U/13.3型 FHD(1920x1080)/Webカメラ搭載/メモリ:8GB/SSD:512GB WiFI&Bluetooth/HDMI/Office 2019/Windows11搭載/高いパフォーマンス/ノートパソコン(整備済み品)(2)重さ799g/Webカメラ/8GB/SSD:512GB)","2039","74","","","¥ 26,999","","2","B0CVV1M2CM","B0CVTQ2YH5","106.7","81","33.5","2000"
"【整備済み品】 【 カメラ内蔵 置き場所便利 12インチ office搭載】Dell ノートパソコン windows11 E7270 Core i5-6世代 メモリ8GB 高速SSD 《/無線LAN内蔵/BLUETOOTH内蔵/カメラ/USB8GB/ZEROセキュリティ》 (SSD 256GB)","2041","53","","5","¥ 29,800","","1","B0BP5Y1J99","","42","33","9","1500"
"VGA - VGAモニターケーブル 10個パック 15ピン オス-オス コンピューターコード 1080P フルHD対応 ノートパソコン TV プロジェクター用 - 3フィート","2043","91","","5858","¥ 10,174","","1","B0B2Z44PW1","B07K53D1N4","37.8","29.2","7","898"
"KingSpec SSD 512GB SATAIII 6Gb/s 2.5インチ内蔵SSD 最大読込570MB/s 3D NAND メーカー保証3年","2046","103","200","4074","¥ 11,480","","1","B0DRBHFCR8","B0GF6CYTCG","11.9","8.8","1.8","50"
"iiyama モニター ディスプレイ 31.5インチ WQHD IPS方式 高さ調整 角度調整 HDMI DisplayPort USB Type-C ケーブル付 国内サポート 3年メーカー保証 ProLite XUB3297QSNP-B1J","2216","81","","","¥ 50,421","","6","B0GY4PF7N6","B0H4LJPTTR","79.5","50.6","18.5","11600"
"Seagate ST33000650SS 3TB CONSTELLATION ES SAS 7200 RPM 64MB 3.5インチ (認定整備済み)","2051","106","","","¥ 19,292","","13","B07NWXH9V8","","23","16.2","10.2","816"
"FFF 外付けHDD 2TB ポータブルHDD PC・テレビ録画対応 USB3.2 高速転送 Windows/Mac対応 MAL22000EX3-BK","2059","35","100","4","¥ 14,900","","1","B0H5W5576J","B0H68NJD2P","15.8","13.2","2.6","250"
"PHILIPS 液晶ディスプレイ PCモニター 24E1N5500B/11 (23.8インチ/5年保証/WQHD/IPS/HDMI,Display Port/高さ調整/チルト/ピボット/フレームレス/Adaptive Sync/ちらつき防止/ブルーライト軽減/sRGB121.46%)","2060","115","100","79","¥ 21,800","¥ 21,800","10","B0F1RSB82P","B0FG2DFBV9","60.5","52.8","15","6730"
"ActionRing PCワークやライブ配信向けのストリームコントローラーデック、 ビデオや画像編集用の左手デバイス、作業効率化デバイス","2061","83","50","81","¥ 5,699","","1","B0FT8FL9TB","B0FT8BWJ3N","16.8","12.7","6.6","290"
"エレコム WEBカメラ UCAM-CF20FBBK 200万画素 フルHD 1080p 30FPS Windows Hello顔認証対応 マイク内蔵 ケーブル長1.5m ブラック","2064","157","300","1086","¥ 6,848","","12","B08TG5SBH7","","21.9","15.1","6.9","220"
"Acer Predator M.2 SSD 2TB GM6 NVMe2.0 2280 PCIe Gen4×4 超高速(最大読み取り：7200MB/s、最大書き込み：6200MB/s) 内蔵SSD 高耐久 3D NAND PS5動作確認済み メーカー5年保証","2065","125","300","1063","¥ 54,140","","6","B0F3WT537N","B0F9W8FV8J","13","8.6","1.7","50"
"【整備済み品】 【 大画面15インチ＋ テンキー付 office搭載】ＮＥＣ ノートパソコン VJ25TL-H Core i5-4世代 メモリ8GB 高速SSD BLAPO USB 《DVDドライブ/Office2019/無線LANBluetooth/10キー/》 (整備済み品) (SSD 512GB)","2066","33","","","¥ 33,800","","1","B0CBJJLC94","B0CBJKCT3X","45","28","6",""
"【整備済み品】 【 大画面15インチ＋ テンキー付 office搭載】 東芝 ノートパソコン windows11 T75/RB [プレシャスブラック] PT75RBP-HHA Core i7-5世代 メモリ8GB 高速SSD BLAPO USB 《DVDドライブ/無線LAN/内蔵カメラ/10キー/リカバリー用USB64GB/ZEROセキュリティ》 (整備済み品) (SSD 256GB)","2075","33","","1","¥ 46,800","","1","B0CGWRWH16","B0CGWSQTQP","45","28","6","2500"
"【整備済み品】Apple iPad Pro (M5) 11インチ Wi-Fi+Cellular 256GB シルバー","2077","7","","","¥ 232,500","","","B0G2S1FRCG","","34.6","25.3","11.2","1120"
"【Amazon.co.jp限定】BenQ GW2790Q 27インチ WQHD IPS 100Hz アイケアモニター","2079","113","50","275","¥ 31,111","¥ 31,111","1","B0F1MWTVDZ","B0GX9NQNFZ","68.9","44.7","15.3","7800"
"HP 純正 インクカートリッジ HP 804XL カラー 増量","2085","92","300","288","¥ 5,118","¥ 5,118","3","B076F8LYWL","B0G3ZZFG42","11.5","10.2","3.7","50"
"日本の中小企業 MSL FORCE【国産IC搭載（東芝9T25）】 USBメモリ 2in1 USB3.0 USB-C 256GB Windows Mac PC i-Phone i-Pad 容量不足解消 スマートフォン タブレット 外付けメモリ 360°回転 データ転送 バックアップ 合金製 耐久性 防塵性 (単品, 256GB)","2086","79","","198","¥ 7,182","","1","B0FP4Q9P9T","B0FP4RN15B","20","12","2","30"
"【整備済み品】ノートPC 3510 10キー 15.6型 カメラ付 Core i5-10210U Office2024 HDMI 16GB 512GB","2087","21","","1","¥ 59,220","","1","B0C7QCHTBL","","43","28","7","3000"
"Vackiit「正規MFi認証品」iPhone用 usbメモリ512GB phone 写真データ保存 usb 高速 USB 3.0 phone用外付けメモリiPhone/iPad/iPod/Win/Mac兼用 タイプc usbメモリ 大容量外付けストレージ 携帯容量不足解消 黒","2089","100","","425","¥ 5,698","","1","B0FRXQHPHV","B0BWSJ14VH","12.4","7.2","1.7","40"
"Pixio ゲーミングモニター PX275 Wave ホワイト 27インチ 100hz WQHD IPS ゲーミング ディスプレイ 白 ピクシオ","2096","120","100","14","¥ 19,980","","1","B0DSFXMY5R","B0G5XZBBH3","75.6","43.3","12.7","6350"
"【整備済み品】 【持ち運び便利 13インチ】NEC ノートパソコン windows11 VKT16B-5 Core i5-8世代 メモリ8GB 高速SSD 《WPS Office/無線LAN/リカバリー用USB64GB/ZEROセキュリティ》 (整備済み品) (SSD 512GB)","2101","37","","","¥ 45,900","","1","B0CL6BNLK8","B0CL68ZDS1","45","28","6","1400"
"【整備済み品】 【薄型軽量 office搭載】Dell ノートパソコン windows11 Latitude E5300 Core i5-8世代 メモリ8GB 高速SSD 《MS Office2019/無線LAN/Bluetooth内蔵/カメラ内蔵/BLAPOリカバリー用USB64GB/ZEROセキュリティ》 (整備済み品) (SSD 512GB)","2098","21","","2","¥ 49,294","","1","B08KY4NNCN","","43","23","4","1700"
"TEAMGROUP (旧称 Team) ELITE PLUS DDR4 3200MHz 16GB PC4-25600 CL22 1.2V JEDEC準拠 デスクトップ用 メモリ【TEAMジャパン 国内正規品・メーカー無期限保証】TPRD416G3200HC2201","2101","98","","55","¥ 24,680","","1","B07ZT1KWJZ","B07ZT3XFYN","14.6","4.9","1.2","40"
"【整備済み品】ノートPC 7390 13.3型フルHD Office2019 i7-8650U カメラ付 Type-C 16GB 512GB","2102","26","","14","¥ 54,720","","1","B0BNTFG48S","","43","28","7","3000"
"【WOBKEY Rainy 75キーボード】雨音のような打鍵音 メカニカルキーボード 3WAY接続 OS互換性 ホットスワップとVIAの対応 カスタマイズ性 ガスケットデザイン アルミニウム素材使用 RGBバックライト (Pro (シルバー 英字配列))","2103","80","50","17","¥ 21,600","","1","B0D9M1KGDG","B0CZRX5YX9","38.3","21.1","8.4","2700"
"ASUS WiFi RT-BE14000 無線 ルーター 最新規格WiFi7 8643+4323+688Mbps v6プラス/OCNバーチャルコネクト/クロスパス/transix対応 トライバンド。ネットワークセキュリティ「AiProtection」&「ペアレンタルコントロール」機能付、家中をカバーするメッシュWi-Fiシステム機能「AiMesh」 3階建4LDK","2106","108","100","249","¥ 44,855","¥ 44,855","7","B0DNYPX8YY","B0HGL31MKV","28.8","24.2","11.9","1730"
"エコリカ キヤノン BCI-331+330/6MP対応リサイクルインク 通常容量 6色パック TS8530 TS8630 TS8730 TS8830 残量表示対応 封筒パッケージ【Amazon.co.jp限定】","2399","87","","24","¥ 6,300","¥ 6,300","1","B0CH8F3KG1","B0F2FJZ6V4","30.4","21.9","3","230"
"HP 純正 インクカートリッジ HP 915XL ブラック 増量","2108","104","200","217","¥ 5,051","¥ 5,051","3","B07WP7ZYGR","B0G3ZZ5VXB","12.4","10.6","4.8","80"
"【5年データ復旧・無償交換保証】GIGASTONE マイクロsdカード 128GB 4K Camera Pro microSDXC UHS-I A2 V30 U3 C10 100MB/s Ultra HD 4K ビデオ録画 Gopro インスタ360 アクションカメラ スポーツカメラ SDアダプター1枚付き","2111","103","300","8645","¥ 8,990","","1","B07LBSBX5L","B0H7JDRLWM","13.7","13.5","1.2","10"
"【整備済み品】 Pana sonic ノートPC CF-LX6/14型/Win 11 Pro/MS Office H&B 2019/Core i5-7300U/WEBカメラ/wajunのWIFI/Bluetooth/HDMI/8GB/512GB SSD","2111","41","","","¥ 57,800","","1","B0BJKJW7HX","","43","28","7","3000"
"PHILIPS T8015 国内正規品 11インチタブレット Android 15 FHD 90Hz G99 6GB/128GB グレー","2114","125","200","375","¥ 25,980","","2","B0FD3KWHT2","B0FJ2DP3L8","29","20.1","4.4","910"
"【国内正規品】PHILIPS タブレット 2.5K 8.8インチ IPS 2560×1600解像度 Android16 Wi-Fi/SIM通話モデル G100 8コアCPU 24GB RAM+128GB ROM+1TB拡張 4G LTE 90Hzリフレッシュレート WidevineL1 6300mAhバッテリー PD18W充電器付き GPS+顔認証 13MP/5MPカメラ T7250","2118","111","100","108","¥ 37,979","","2","B0GJDZC79D","B0H1VCV5RM","24","16.1","4.4","660"
"SVITOO キッズタブレット 10インチ Wi-Fiモデル Android16 子供向け知育用 【保護者制限付き＆耐衝撃EVAケース】","2119","38","300","76","¥ 12,900","","1","B0H7JZR9BK","B0H98X7LTK","29.3","21.6","3.2","980"
"【整備済み品】 Dell XPS 8920 タワーデスクトップ PC Windows 11 Core i7-7 世代 8GB メモリ 26GB SSD 高速 SSD BLAPO USB DVD マルチ 読込書込 外付け無線 LAN WPS Office 外付け HDD 250GB","2122","33","","1","¥ 54,900","","1","B0C8MN29SJ","B0C8MKTS3P","52","52","25",""
"キヤノン Canon プリンター 特大容量ギガタンク A4カラーインクジェット複合機 GX1030 4色顔料・対応インクGI-35シリーズ テレワーク/スモールオフィス向け【2023年秋冬モデル】","2125","124","50","59","¥ 33,920","¥ 35,500","17","B0CJX6ZKP5","B0CK4QGVL6","54","47","27","10120"
"SIX NVMe M.2 SSD 1TB PCIe Gen4x4，PS5メモリー拡張対応/ヒートシンク付 最大読込7350MB/s M.2 2280 デスクトップ/ノートPC用 ゲーミングSSD","2131","129","200","708","¥ 25,640","","1","B0FGQ37K64","B0FHJM297N","15.3","13.7","2.4","80"
"【Android16 キッズタブレット 2026新登場】TABWEE K10 キッズスペース&YouTube Kids 対応&iKids対応、キッズタブレット10インチ Wi-Fiモデル、12GB+64GB+2TB TF拡張、アンドロイド16、USB充電 5G WiFi 、子供用 知育アプリ使い放題、利用時間制限、軽量EVAケース付き 落下防止、タッチペン付き、プレゼント 日本語説明書付 Blue","2132","111","200","399","¥ 15,999","","1","B0FF4M1VST","B0FNM7XTBZ","32.7","20","3.7","1170"
"HP ISS 658071-B21 500GB 6G SATA 7.2K rpm LFF G8（認定整備済み）","2136","85","","","¥ 15,685","","5","B07HFJJPZF","","18.5","11.2","2.5","998"
"【Amazon.co.jp限定】日本メーカー 外付けSSD 30TB USB3.2 Gen1 Type-C 高速データ転送 小型 軽量 耐衝撃 金属ボディ (PS4/PS5/Win/Mac/iPad/TV対応) 日本メーカー 5年保証、レッド","2138","6","","17","¥ 19,999","","1","B0HD6ZNWQG","B0HD6WCZ9B","15.1","7.8","2.2","60"
"【整備済み品】 Leno vo ノートパソコン [ PC ステージ W.R.K外付けカメラ付属] Think Pad L560/L570 Win11Pro MS2019 Corei5-6200U 2.3GHz 8GB DVDマルチ Bluetooth 10キー搭載 SDスロット 内蔵WIFI 15.6インチ SSD128GB (整備済み品)","2141","18","","5","¥ 36,800","","1","B09XXBN5CM","B09XXG48RR","30","20","12","6000"
"EPOMAKER TH108 JIS 日本語配列 フルサイズワイヤレスゲーミングキーボード テンキー付き 2.4GHz/USB-C/BT5.0","2143","102","200","67","¥ 12,336","","1","B0FZR8RDR4","B0FZR8QGHK","49.3","19.1","5.2","1610"
"【整備済み品】 【 大画面見やすい15インチ office搭載】Dell ノートパソコン windows11 Inspiron 15-3567 Core i3-7世代 メモリ8GB 高速SSD 《DVDドライブ/WPS Office/無線LAN/Bluetooth内蔵/カメラ内蔵/10キー/リカバリー用USB64GB/ZEROセキュリティ》 (整備済み品) (SSD 256GB)","2144","67","","","¥ 38,890","","2","B0CMQ4CQQ6","B0CMQ6GBWG","45","28","6","2500"
"GravaStar Mercury K1 かわいいピンク ゲーミングキーボード 無線 テンキーレス RGBライト ワイヤレス Bluetooth接続","2146","114","50","1631","¥ 20,682","","1","B0DZCKGDYZ","B0H9S3CHPB","38.4","18.3","7.7","1660"
"BIGBIGER 500G USB3.0 Type C HDD 2in1外付け ハードディスク 2.5インチ機械式 超薄型 ポータブルHDD ノートパソコン/PC/TV/Mac/PS4/XBox対応 テレビ録画 (黒) (黒, 500, GB) (白, 750, GB)","2779","43","","2","¥ 5,480","","1","B0FLQHKFY3","B0GKZCM496","13","11","1.8","160"
"ブルーレイドライブ外付け BDプレイヤー再生読み書usb-aと (type-c) 対応外付け ポータブルBD/DVD Windows7-11/MAC OS対応 一年 日本語取扱書付き（black）","2152","24","50","37","¥ 6,998","","1","B0H9R93925","B0HBW6WF19","16.6","16.5","2.9","390"
"Quntis デスクライト モニターライト 52cm 自動調光 目に優しい 無段階色温度と輝度調整 省スペース USBライト ブラック","2154","113","300","2690","¥ 5,111","","1","B08T6H2W93","","55.3","31.7","5.8","760"
"NEC Aterm 無線LAN WiFi ルーター Wi-Fi6(11ax)デュアルバンド対応 5ストリーム PA-WX4200D5","2162","176","400","73","¥ 16,800","","47","B0C4K613WW","","24","22","10.7","950"
"Bluedee ゲーミングPCスピーカー Bluetooth 5.4 AUX入力 USB給電 10W RGBライト","2164","115","400","6723","¥ 6,999","","1","B0GL1GL11Z","B0HC9BCPJ7","44.4","9.5","9.4","990"
"Logicool G ゲーミングマウス G502WL LIGHTSPEED ワイヤレス ゲーミング マウス HERO 25K センサー LIGHTSYNC RGB 11個プログラムボタン POWERPLAY 無線 充電 対応 ブラック PC windows mac G502 国内正規品 【 ファイナルファンタジー XIV 推奨モデル 】","2167","146","400","2803","¥ 13,109","¥ 13,109","5","B07RR94VQT","","17.7","11.9","7.4","400"
"【Amazon.co.jp限定】アイ・オー・データ IODATA 外付けHDD 2TB テレビ録画 静音&コンパクト 4K録画/Win/Mac 地デジ最大251時間録画可能 日本製 EX-HDAZ-UTL2K メカニカルハードデイスク","2167","162","50","8361","¥ 19,800","¥ 19,800","1","B082X362PT","B0FLDYRRJT","23","22.2","9.4","940"
"COFO 無重力モニターアーム Pro シングル 17〜40インチ、2.5〜14kg対応 角度/高さ 上下左右 調整可能 ダブルメカニカルスプリング式 デスク設置用 スチール アルミ合金製 ブラック","2169","106","100","201","¥ 21,980","","1","B0DX24CSWD","B0DX22R6N1","50.5","28.7","19.3","5510"
"【整備済み品】高性能 ノートパソコン dynabook B65 15.6型FHD(1920x1080) 第8世代Core i5 / メモリ 16GB / SSD 256GB / Windows 11 Pro/MS Office 2024 / Webカメラ/Wi-Fi/Bluetooth/あんしん特別保証（180日＋延長30日） (整備済み品)","2171","30","500","20","¥ 34,800","","1","B0H8NMBTYC","B0H8NZW2BJ","43","31","10","4000"
"【整備済み品】 【 i7 SSD搭載】 Dell タワー デスクトップ PC windows11 XPS 8700 Core i7-4世代 メモリ8GB 高速SSD 《DVDドライブ/外付け無線LAN/外付けHDD250GB》 (整備済み品) (SSD 512GB)","2174","33","","","¥ 60,800","","1","B0CK15SFSW","B0CK18Z6C5","52","52","25",""
"キヤノン Canon インクタンクBCI-326 (BK/C/M/Y/GY) + BCI-325 マルチパック","2177","135","300","3820","¥ 5,890","¥ 6,100","58","B004184NE6","B01LYEF9EA","10.6","9.2","4.9","170"
"ロジクール KEYS TO GO 2 for iPad ワイヤレス キーボード iK1043GRA 薄型 軽量 222g Bluetooth ワイヤレスキーボード 無線 Easy-Switch 日本語配列 電池寿命36ケ月 Mac iPad iOS iK1043 グラファイト 国内正規品","2182","112","100","222","¥ 10,900","¥ 10,900","1","B0D62KFJN5","B0GK6KSSBF","29","12","3","490"
"【整備済み品】 【 様々な用途で便利 14インチ office搭載】 ＬＥＮＯＶＯ ノートパソコン T470S Core i5-7世代 メモリ16GB 高速SSD 《 無線LAN》 (整備済み品) (SSD 1TB)","2182","38","","","¥ 59,800","","1","B0CK18B54F","B0CK157PQS","45","28","6","1500"
"【ブラザー純正】トナーカートリッジ　TN299XXLBK 対応型番:HL-L3240CDW、MFC-L3780CDW　他","2191","145","200","53","¥ 12,500","¥ 12,782","38","B0CJXSDGSC","","38.8","15.6","11","590"
"【Amazon.co.jp限定】NEC Aterm 無線LAN Wi-Fi 7 ルーター 11be AM-7200D8BE 有線10Gbps デュアルバンド 8ストリーム (iPhone 16Pro/16/15 Pro/Nintendo Switch メーカー動作確認済み)","2193","141","100","175","¥ 48,928","¥ 48,928","1","B0DWMPZ1MQ","B0DFHNQ7F5","24","21.9","10.4","1190"
"ワイヤレス hdmi 送受信機セット 小型 ムセン ８台送信機増設可能 5Ghz デイアルバン/WIFI&設定不要/50M/1080P/66ms超低遅延無線/ABS 収納に便利 Lemorele hdmi 無線化 拡張モード 映像音声同期出力 TV/PC/Mac/Laptop/Window/カメラ/監視カメラなど対応 HDMI 無線化 送受信機セット【 技適認証番号：「Ｒ210-207059」】","2194","46","","1475","¥ 8,599","","1","B0D5M4Y1R6","B0H6RZN1W4","19.2","12.9","2.3","170"
"【Amazon限定ブランド】VisionOwl モバイルモニター 14インチ 超薄型 超軽量540g 高輝度400nit 100％sRGB広色域 自立型 収納ケース付 スリムベゼル 画像比率調整可能 モバイルディスプレイ ポータブルモニター 非光沢IPSパネル WUXGA 1920x1200 PS4/XBOX/Switch/PC/Macなど対応 MD-14G","2195","126","300","1196","¥ 13,999","","1","B09TGZCV4N","B0G2HJ6R27","42.7","24.8","5.1","1430"
"コントローラー PC PS4/PS3/Switch/Steamに対応 BT 5.3/2.4G/有線 ホールスティック・ホールトリガー ゲームパッド","2195","10","","2","¥ 5,699","","1","B0HCBTCCGN","","17.6","13.9","7.4","400"
"【整備済み品】 Apple MacBook Pro 2016(15インチPro,16GB RAM,512GB SSD,2.7GHz) スペースグレイ (整備済み品)","2196","66","","","¥ 69,000","","1","B096D4HBJN","B096DDLQZX","34.9","24.1","1.5","1830"
"【国内メーカー直営だから安心】 充電しながら使えるバッテリーレス Wi-Fi 『プレミアムチャージWiFi』[X200]100GB/365日 (日本国内ギガ付) ポケット WiFi ギガ割引クーポン毎月付与 端末買い切り車のWi-Fi 契約・クレカ不要 利用分だけ都度チャージ 充電不要 バッテリーレスモデル 海外利用可能","2197","90","200","347","¥ 6,980","","1","B0FNVNSTJ5","B0G5WT95R6","14.4","8.6","3.4","160"
"UGREEN mac mini ドッキングステーション USB-Aポート拡張 NVMe SSD拡張スロット搭載","2198","116","100","2473","¥ 9,999","","1","B0DSJ5ZH8F","B0H6HYVFZR","18.2","18","3.9","380"
"Fenge デスクシェルフ モニター台 卓上 108cm横幅 2段 アルミニウム製脚 木製天板 パソコン台 収納 ブラック","2203","103","50","301","¥ 10,896","","1","B0BN1J75QH","B0CB7LDQFN","118","32","10","8340"
"【整備済み品】 【バッテリー長持ち 軽量薄型 14インチ 】Lenovo ノートパソコン windows11 X1CARBON 2019年モデル Full HD(1920x1080) Core i5-8世代 メモリ8GB 高速SSD 《カメラ内蔵/Bluetooth/指紋認証/リカバリー用USB64GB/ZEROセキュリティ》 (整備済み品) (SSD 512GB)","2207","11","","","¥ 43,800","","1","B0CJM1431D","B0CJLW29S7","45","28","6","1100"
"【整備済み品】 富士通 LIFEBOOK U938/S (LTEモデル) ノートパソコン 13.3インチ Windows 11 Pro Core i5 SSD 256GB (整備済み品)","2209","41","","","¥ 44,340","","1","B0B6BMRHJ4","","30","21","1.5","800"
"玄人志向 外付け M.2 NVMe SSD ケース USB4 Gen 3×2 対応 40Gbps 高速データ転送 アルミボディ ＆ 熱伝導シート付属 【国内正規品】 GWM.2AM-U4CC","2217","127","","76","¥ 7,100","¥ 8,763","18","B0D49PJVDZ","B0GN8XVYCV","15.4","10.2","5.9","320"
"バッファロー ポータブルHDD 2TB USB3.1(Gen.1) ブラック 耐衝撃 HD-PGF2.0U3-BBKA","2218","188","50","796","¥ 26,258","","17","B07NWT8GZ2","B07P239S1H","25.5","20.5","5.5","300"
"【整備済み品】軽量薄型 ノートパソコン dynabook G83 13.3型FHD(1920x1080) 第11世代Core i5 / メモリ 16GB / SSD 512GB / Windows 11 Pro/MS Office 2024 / Webカメラ/Wi-Fi/Bluetooth/あんしん特別保証（180日＋延長30日） (整備済み品)","2220","29","100","4","¥ 57,800","","1","B0H6QP8WLV","B0H6QXB2TC","25","25","7","2000"
"usbメモリ タイプc 512gb【アプリ/変換アダプタ不要 】type-c/ios/USB端子一体型 Phone対応 スマホ バックアップ フラッシュドライブ タイプC データ移行 写真保存 容量不足解消 iOS/Android/PC 外付けストレージ 高速転送","2222","110","200","260","¥ 5,692","","1","B0GY4SHPHW","B0CGDB8DQ2","9","6.3","1.7","60"
"WD20EZRX Western Digital 2TB 5400RPM SATA 6.0 Gbps 3.5インチ キャビアハードドライブ","2222","77","","4","¥ 23,459","","12","B07PMLJDH5","","18.5","14.5","4.3","649"
"【整備済み品】 Apple iPad (第８世代) Wi-Fi + Cellular 32GB シルバー (整備済み品)","2224","122","100","311","¥ 22,998","","6","B0956XXWTG","B09BYVSBXD","32.8","23.8","3.2","660"
"【整備済み品】 Ｗebカメラ内蔵【Win 10搭載】HP ProBook 450 G3 ★高性能第6世代Core i7(2.3GHz)／８GBメモリ／SSD 256GB／15.6インチ／WiFi／Bluetooth／DVDマルチ/Office/中古パソコン (整備済み品)","2224","36","","1","¥ 43,840","","1","B099DTGR7S","","36","28","3.8","2070"
"【整備済み品】デル ノートPC Latitude 7280 / 12.5型 //MS Office H&B 2019 / Win 11 Pro/Core i5-6200U / WEBカメラ/Bluetooth/HDMI/wajunのWIFI/Type-C / 8GB / 512GB SSD","2226","28","","","¥ 39,800","","1","B0C8YW2TSV","B0CF5CMGPX","43","28","7","2500"
"EASTBULL USBメモリ 32GB 10個セット キャップ式防塵 LEDライト付き","2226","81","","1951","¥ 8,388","","1","B08ZY84XBX","B0GYNF5G79","16.7","12.6","1.7","50"
"MSI GeForce RTX 5070 12G VENTUS 2X OC グラフィックスボード VD9071","2238","139","50","254","¥ 161,414","¥ 161,414","31","B0DX7JJ87N","B0GXDCGH2K","31.3","23.3","8.9","1200"
"【Amazon限定ブランド】VisionOwl モバイルモニター 15.6インチ 1920x1080FHD 非光沢IPSパネル Y-156","2239","120","100","536","¥ 11,381","","1","B09LH46HQK","B0HBJBQ9C7","39.9","26.8","7.1","1650"
"バッファロー AirStation HighPower WEX-3000AX4 [ホワイト]","2241","148","300","20","¥ 8,163","","20","B0F4K6628W","","22","16.9","6.9","440"
"BenQ ZOWIE ゲーミングマウスパッド H-SR-SE ROUGE II 布製/滑り止め加工/ロールパッケージ/50x50cm/レッド","2242","104","100","974","¥ 6,480","","1","B0F1T855V7","B0GVDGNG7R","52.5","14","7.9","450"
"【Amazon.co.jp限定】Western Digital ウエスタンデジタル WD Blue 内蔵 HDD ハードディスク 6TB CMR 3.5インチ SATA 5400rpm キャッシュ256MB メーカー保証2年 WD60EZAX-AJP エコパッケージ【国内正規取扱代理店】","2243","112","50","1274","¥ 45,820","¥ 45,820","1","B0CKLF9WBB","B0G5775CLF","18.7","14.3","4.4","620"
"【整備済み品】 【 持ち運び便利 13インチ office搭載】 ＨＰ ノートパソコン ProBook 430G5 Core i5-7世代 メモリ16GB 高速SSD 《 無線LAN/内蔵カメラ》 (整備済み品) (SSD 512GB)","2243","40","","","¥ 50,900","","1","B0CKKJZWLH","B0CKKRLH4L","45","28","6","1600"
"Apple 11インチiPad Pro(M5):Ultra Retina XDR ディスプレイ、256GB、横向きの12MP フロント/バックカメラ、LiDAR スキャナ、Apple N1によるWi-Fi 7、Face ID、一日中使えるバッテリー - シルバー","2245","115","50","83","¥ 209,800","¥ 209,800","1","B0FWDCW2VY","B0FWJMPMRP","26.5","19","5.2","860"
"サンワサプライ(Sanwa Supply) カテゴリ6AフラットLANケーブル(ホワイト・30m) KB-FL6AL-30W","2248","112","100","199","¥ 5,300","¥ 5,300","16","B09ZV35LSW","B0B17FG19H","21.7","20.1","4.5","720"
"SP Silicon Power シリコンパワー ノートPC用 メモリ DDR4 2400 PC4-19200 8GB x 2枚 (16GB) 260Pin 1.2V CL17 Mac 対応 SP016GBSFU240B22","2252","116","50","925","¥ 16,254","¥ 19,646","3","B06XP1ZN6H","B0BXSS8WX8","14.9","5.6","1.2","20"
"Ewin 折りたたみキーボード Bluetooth JIS日本語配列 ワイヤレス iPad パソコン タブレット スマホ マルチペアリグ ネイビー","2253","80","","88","¥ 5,080","","1","B0GWMCSRVC","B0GXVRW18H","27.7","9.7","2.9","420"
"UGREEN タブレットスタンド ピロースタンド クッション 膝 枕式 寝ながらスタンド 角度調整可 4.7ー12.9インチに対応 iPad iPhone 13/12 スイッチなどに適用（ブルー）","2254","90","","4092","¥ 12,968","","4","B09MFWN1XQ","B09MHTL32F","30.6","26","13.4","522"
"Logicool G ゲーミングヘッドセット G321 LIGHTSPEED 軽量 210g Bluetooth ワイヤレス 16kHz マイク付き 充電 20時間連続使用可能 G321-WH ホワイト PS5 PS4 Switch Xbox PC ヘッドセット ヘッドホン ヘッドフォン 国内正規品","2258","95","50","102","¥ 8,200","¥ 8,200","2","B0FP2DSQFQ","B0HCV4SKKX","20","19.4","9.1","400"
"Yodoit モバイルモニター モバイルディスプレイ 15.6インチ FHD 非光沢IPS液晶 VESA 標準HDMI カバー付属 軽量 スピーカー内蔵 Switch/PS4/PS5/XBOX/PC/Macなど対応 (ブラック)","2260","114","300","4820","¥ 6,999","","1","B0G1MDDQ4X","B0HGT8ZXM9","40.1","26","4.4","1680"
"【整備済み品】 【 大画面15インチ＋ テンキー付 office搭載】 Dell ノートパソコン windows11 Vostro 3590 Core i5-10210U- 1.60GHZ メモリ16GB 高速SSD 《Office2019/無線LAN/Bluetooth/内蔵カメラ/10キー/リカバリー用USB64GB/ZEROセキュリティ》 (整備済み品) (SSD1TB)","2264","32","","","¥ 88,000","","1","B0CGJ1KR2M","","42","33","9","2100"
"Xiaomi G27i 27インチ ゲーミングモニター FHD 1920×1080 165Hz Fast IPS 1ms GTG","2266","111","100","427","¥ 18,500","","1","B0CNC7NDC4","B0H5QQ7NZY","64.8","43.2","11.2","5100"
"Apple 2026 MacBook Air M5チップ搭載15インチノートブック：AIとApple Intelligence、15.3インチLiquid Retinaディスプレイ、16GBユニファイドメモリ、512GB SSDストレージ、12MPセンターフレームカメラ、日本語キーボード、Touch ID - スターライト","2276","103","","19","¥ 264,800","¥ 264,800","1","B0GR22VTJP","B0GR526ZC3","42.8","32.1","7.5","2830"
"IODATA モニター 27インチ WQHD 100Hz スピーカー付（HDMI/DP/USB-C） EX-CQ270SA","2278","115","50","21","¥ 28,620","¥ 28,620","1","B0F2DBLSKV","B0FRG467H6","69.9","44.2","15.1","7410"
"BUFFALO HD-EDS8U3-BE 8TB[ブラック]","2279","182","300","230","¥ 37,980","","11","B0B5SJV69Y","","30","20.3","9.5","1160"
"Xiaomi AX3000 NE Wi-Fi 6 デュアルバンド 最大3000Mbps メッシュ無線LANルーター 1ユニット 高速通信 安定接続","2311","108","100","173","¥ 5,980","¥ 5,980","1","B0DWT4C86X","B0H98VTWHT","28.2","9.6","9.5","660"
"エレコム トラックボールマウス ハンディタイプ Relacon メディアコントロールボタン搭載 スタンド付 静音 Bluetooth ブラック M-RT1BRXBK","2282","152","200","2156","¥ 7,979","¥ 7,979","10","B08GSCC8RX","B0F9P5QZWG","11.5","8.3","6.9","191"
"【整備済み品】 【 大画面15インチ＋ テンキー付 office搭載】 ＨＰ ノートパソコン ProBook 650G4 Core i5-7世代 メモリ16GB 高速SSD 《DVDドライブ/Office2019/内蔵カメラ/10キー/》 (整備済み品) (SSD 256GB) (SSD 256GB)","2283","42","","","¥ 67,880","","1","B0CMWQCJDW","","45","28","6","2300"
"Anker 547 USB-C ハブ (7-in-2, for MacBook)","2297","123","200","301","¥ 5,490","","1","B0BP6F11HH","","15.6","11","3.7","90"
"エレコム USBメモリ USB3.2(Gen1) Type-C 小型 128GB グレー MF-CFU3128GGY","2298","146","50","90","¥ 6,800","","40","B0FTLT5VN3","B0FTLZPW1B","12.9","3.9","1.7","20"
"【復活記念価格】 AuBee AUB-100 手のひらサイズ 地デジ BS/CS フルハイビジョン テレビチューナー HDMI 学習リモコン IR延長 ミニBCASカード","2299","82","400","433","¥ 12,800","","1","B07PCJPBHP","B09FXX6GJW","26","19.5","6.8","640"
"イーサプライ モニターアーム ポール取り付け 2関節 耐荷重10kg 43インチ程度まで ポール径25〜40mm対応 EEX-LAP06N","2300","60","","27","¥ 5,780","","1","B01L6W0A3M","B083LD77QH","21.3","14.8","13.8","1500"
"785410-001 HP G8 G9 300-GB 12G 10K 2.5 SAS SC (認定整備済み)","2301","99","","","¥ 12,833","","10","B07HB9FVB2","","22.6","18.3","13.2","621"
"【軽量ノートパソコン】dynabook G83 13.3インチ 1920*1080 第12世代 Core i5 1250Pプロセッサー メモリ16GB Webカメラ内蔵 WiFi Bluetooth Type-C USB3.0 Windows11搭載 MS Office 2019 中古整備済みPC (G83I51250p メモリ16GB SSD256GB)","2308","72","","","¥ 55,000","","1","B0GY43V61T","B0FDQWBDQB","40","30","10","2000"
"Samsung 8GB DDR4 2400MHz PC4-19200 (PC4-2400T) CL17 SODIMM 1Rx8 シングルランク 1.2V 260ピン ノートパソコン、ノートブックRAMメモリ","2315","103","50","20","¥ 8,075","","12","B0DX7MH5BN","B0F54DK7TC","16.3","12","2.1","30"
"エレコム ポータブルSSD 1TB USB3.2Gen1 PS5/PS4(メーカー動作確認済) データ復旧サービスLite付 ブラック ESD-EJ1000GBKR","2317","157","50","117","¥ 21,900","","40","B094CHR31B","B09FTB1DXZ","15.6","12.1","3.2","150"
"IODATA GigaCrysta ゲーミングモニター 27インチ WQHD 320Hz リモコン付（HDMI/DP） EX-GDQ271RAB","2324","158","100","44","¥ 35,820","¥ 35,820","2","B0GL7QQD2W","B0GLDWMDJM","70","55","14","8600"
"キヤノン Canon A4インクジェット プリンター TR703A 2022年モデル 普通","2325","133","200","538","¥ 15,809","¥ 15,809","34","B09RFDTRTL","B0BM6XVHRQ","47.2","45.9","22.2","6400"
"【整備済み品】ノートパソコン 中古 VKL21 15.6型 第8世代Core i3-8145U/Windows11 Pro/MS Office2019/DVD/Webカメラ/テンキー/WIFI・LAN・ HDMI・USB 3.0/180日保証(メモリ16GB,SSD256GB)","2580","19","","","¥ 31,880","","1","B0H7GXP1PH","B0HCTJBRYQ","45","33","10","2700"
"Rocksmith Real Tone Cable","2326","19","","6843","¥ 11,415","","18","B007KGISK6","","21","13.9","5.1","280"
"CRUA 32インチ 4K 160Hz 湾曲ゲーミングモニター 1500R VA HDMI2.1 DP1.4 スピーカー内蔵 ホワイト","2331","121","50","1722","¥ 35,098","","1","B0GXFP7MMG","B0HDBRKWZJ","77.3","52","16.7","7260"
"STARY【2枚セット】27ンチ(16:9) 覗き見防止フィルター 液晶保護フィルム ブルーライトカット 反射防止","2333","76","","345","¥ 5,599","","1","B0GTLK3LNY","B0GTTGHPZS","62.6","39","1","520"
"ErGear モニターアーム デュアル 上下 2画面 縦置き 13～32インチ 耐荷重各9kg ポール式 ディスプレイアーム","2337","125","300","65","¥ 5,699","","1","B0FVSRQRZ3","","42.9","22.4","15.2","4830"
"LG モニター 27MS530B-B 27インチ/フルHD/100Hz/IPS/HDMI×2、USB-C PD65W/メーカー3年保証","2339","121","200","281","¥ 20,500","¥ 29,978","18","B0DJBQLDWP","B0H86STMJ4","66.8","44","15","5610"
"Anker Prime ドッキングステーション (14-in-1, 8K, Thunderbolt 5)","2344","140","200","143","¥ 39,990","","2","B0DTK6VPH2","","22.9","17.1","8.4","1560"
"【整備済み品】 【Amazon.co.jp 限定】富士通 ノートPC A573/バッテリ搭載/15.6型/MS Office 2019/Win 10/Core i3-3120M/HDMI/WIFI/DVD/4GB/(整備済み品) (SSD 256GB)","2349","24","","32","¥ 19,800","","1","B0924SN68X","B0928JLTF7","44.8","31.9","4.6","2450"
"【CHEETAH WiFi】MR1 チーターワイファイ ギガ無制限で30日間使える タッチパネル ギガ付ポケットWiFi 契約返却無し 月額費用無し 簡単ギガチャージ 国内海外利用可能 電源ONで即時使える 車にも モバイルルーター レンタル 不要 買い切り ギガ付きセット カー クルマ 旅行 wifi プリペイド SIMフリー リチャージ (MR1/ギガ無制限/30日)","2920","51","","191","¥ 15,980","","1","B0FQW8QYTR","B0H7JZCSWY","13.9","7.7","3.7","195"
"【整備済み品】 【 カメラ内蔵 様々な用途で便利 14インチ office搭載】Lenovo ノートパソコン windows11 T450 Core i5-5世代 メモリ16GB 高速SSD 《無線LAN/WPS Office/カメラ内蔵/リカバリー用USB64GB/ZEROセキュリティ》 (整備済み品) (SSD 1TB)","2351","31","","","¥ 74,900","","1","B0CHVKSQWS","B0CHVHKNLF","114.3","71.1","15.2","1800"
"Lenovo Tab タブレット (10.1インチ ワイド パネル MediaTek Helio G85 プロセッサー 4GB 64GB Wi-Fiモデル) ルナグレー ZAEH0063JP 【AndroidOS】","2352","150","300","119","¥ 26,900","¥ 32,010","17","B0DTK5MTN6","B0GV3Y3TR6","25.7","17.2","6.4","880"
"【限定壁紙付き】SteelSeries ラピッドトリガー 搭載 ゲーミングキーボード ミニサイズ Apex Pro Mini JP 有線 日本語配列 OmniPointスイッチ 2-in-1アクションキー 搭載 64825 ブラック","2354","106","50","3","¥ 21,490","¥ 21,490","1","B0FSK45XL7","B0GR9TF79C","36.1","16","6.2","960"
"ブラザー工業 A4モノクロレーザー複合機 DCP-L2600DW (無線LAN/両面印刷)","2362","128","300","309","¥ 12,673","¥ 12,673","18","B0CSNBWB8B","","58.3","52.2","43.9","12980"
"SmackApe Impact 80 メカニカルキーボード 3WAY接続 無線 ワイヤレス 低遅延 テンキーレス TKL JIS 日本語配列 US 英字配列 ガスケットマウント ARGB ホットスワップ VIA 国内正規品 (Ultra(8000mAh),Forest/Frost Switch/FR4プレート(日本語配列))","2368","102","50","11","¥ 12,510","","1","B0FCLD5J2Z","B0FCLQGDWW","40.8","18.8","6.1","1550"
"【整備済み品】 Lenovo ThinkPad L540 ■MS Office 2019 / Win11 Pro / 第4世代Core i5 / 8GBメモリ / SSD:512GB / 15.6インチ / WiFi/Bluetooth/DVD (整備済み品)","2374","38","","16","¥ 27,800","","1","B0C7CTQ1PZ","","43","32.3","10.8","3100"
"Belkin ディズニー トイ・ストーリー5 「リリーパッド」iPad A16 ケース 第11世代/第10世代対応 ソフトフォーム 耐衝撃","2295","100","400","60","¥ 6,980","¥ 6,720","4","B0GYZKQ54L","B0H69HKLT9","34.4","31.2","3.6","740"
"【整備済み品】ノートパソコン 富士通 LIFEBOOK A5510 15.6型 第10世代Core i3 8GB SSD256GB Office搭載","2378","13","","2301","¥ 25,330","","1","B0HD36V1CZ","","43.8","28.7","9.2","2100"
"【整備済み品】ノートパソコン 富士通 LIFEBOOK A579 15.6型 第8世代Core i5 16GB SSD256GB Office搭載","2378","15","","2299","¥ 32,130","","1","B0HCYRW32Z","","43","28","9","2500"
"高速5G通信 ギガ付 ポケット WiFi 国内メーカー直営 『プレミアムチャージWiFi』MR5G (国内100GB/365日) ギガ割引クーポン毎月付与 端末買い切り 契約・クレカ不要 利用分だけ都度チャージ 海外利用可能","2381","130","200","186","¥ 22,320","","6","B0FSDVMVJT","B0FTKXFHT7","16.8","11","3.9","300"
"【Amazon.co.jp限定】 バッファロー WiFi 無線LAN 中継機 Wi-Fi 6 11ax / 11ac 4803 + 573Mbps Easy Mesh 対応 【iPhone 15 / 14 / 13 / iPhone SE(第三世代) メーカー動作確認済み 】 エコパッケージ WEX-5400AX6/N","2381","155","200","274","¥ 15,280","¥ 15,280","1","B0BJTSFN8Z","","26.8","22.1","7.9","1000"
"Lexar Professional シルバーシリーズ CFexpress 4.0 Type A カード 256GB CFEカード 最大読み取り1750MB/秒 VPG200 8KビデオCFカード メモリーカード Sony Alpha Sony FXカメラ対応","2387","78","100","131","¥ 19,980","","6","B0FJLWGL9W","","13.8","10","1.7","20"
"【純正品】CANON FINEカートリッジ BC-345XL(大容量ブラック) + BC-346XL(大容量3色カラー)セット","2389","115","300","1186","¥ 5,495","","14","B08VW58V54","","11.7","8.6","5.7","130"
"TP-Link WiFi 7 無線LAN ルーター WiFi7 BE9300 320MHzトライバンド 802.11be 5760Mbps (6GHz) + 2880Mbps(5GHz) + 688Mbps (2.4GHz) 2.5Gbps 有線LANポート EasyMesh対応 HomeShield対応 メーカー保証3年 【 iPhone 16 対応】 Archer BE550/A","2389","174","100","369","¥ 27,798","¥ 27,798","14","B0CWR5F88G","B0H7NMX29F","28.2","24.6","14.6","2000"
"UnionSine 3.5インチ 外付けハードディスク 16TB, USB3.0外付けhdd","2391","86","50","675","¥ 73,980","","1","B0F5PQ8KSV","B0F61PHDDH","23.2","21.4","9.4","1420"
"New 2025年秋 キヤノン インクジェット複合機 TS5530 印刷までの待ち時間を短縮しコストを抑えたエントリーモデル","2393","141","300","55","¥ 12,000","¥ 12,000","20","B0FVF3PJWC","B0G33TFV5V","49.3","44.2","24.2","6890"
"タブレット 10インチ Android 16 Gemini AI搭載 タブレット Wi-Fiモデル 128GB+26GB(6+20) 大画面 軽量","2396","125","300","206","¥ 18,998","","2","B0GRG3JJ2Z","B0HG15B1VQ","30.5","19.4","2.7","780"
"RK ROYAL KLUDGE RK61 ワイヤレス 60% メカニカルキーボード、ミニポータブルサイズ、US QWERTY レイアウト","2405","74","","3102","¥ 5,091","","1","B0GQH2KNLB","B0CX9755ZM","32.4","15.2","5.1","839"
"REALFORCE R3S キーボード 有線 テンキーレス 45g 日本語配列 ブラック R3SC11","2412","121","50","136","¥ 24,453","","1","B0B3QGNT7K","B0BLYZ6HMD","44.9","23.4","7.7","1650"
"【整備済み品】 【 大画面見やすい15インチ office搭載】 富士通 ノートパソコン A747 Core i5-7世代 メモリ32GB 高速SSD 《DVDドライブ/無線LAN/Bluetooth/》 (整備済み品) (SSD 512GB) (SSD 1TB)","2416","27","","","¥ 70,990","","1","B0CMQ2FDZW","B0CMQ3NMNM","45","28","6","2100"
"【Amazon.co.jp限定】INNOCN 27インチ モニター 4K UHD (3840 x 2160) IPS非光沢 100% sRGB HDR400 縦横回転 VESA規格 ブルーライト軽減 家用 ビジネス 法人 Type-C 65W DP/HDMI2.0 対応 27D1U","2414","144","200","77","¥ 29,250","","1","B0FFMTYJ24","","87","46","17","8000"
"【New】キヤノン Canon モバイルプリンター TR163 (A4/コンパクト/Wi-Fi 5GHz 対応/5色ハイブリッドインク)","2415","137","400","142","¥ 25,700","¥ 27,500","30","B0DXZ4J5WW","B0GL1MC1K2","38.4","30.2","15.2","2640"
"Pixio ゲーミングモニター PX246Wave ホワイト 24インチ 120hz FHD IPS HDMI ゲーミング モニター 白 ピクシオ","2426","123","100","151","¥ 16,800","","1","B0DT44Q57R","B0G5NZDMZX","61.2","42.3","14","4630"
"【整備済み品】 【 大画面見やすい15インチ office搭載】 ＮＥＣ ノートパソコン windows11 VK30HD-M Core i7-4世代 メモリ8GB 高速SSD 《DVDドライブ/WPS Office/無線LAN/リカバリー用USB64GB/ZEROセキュリティ》 (整備済み品) (SSD 512GB)","2432","46","","","¥ 42,800","","1","B0CKVL13BW","B0CKVKYTTL","45","28","6","2700"
"バッファロー Wi-Fi 6E メッシュルーター 2個セット 有線2.5Gbps トライバンド WNR-5400XE6P/2SN","2436","122","200","176","¥ 26,980","¥ 26,980","1","B0CQS1GT88","B0CSK69LRX","26.1","22.6","19","2300"
"Anker Prime ドッキングステーション (14-in-1, Dual Display, 160W)","2443","130","200","252","¥ 29,990","","3","B0D31FK2W6","","23.4","17.4","6.4","1280"
"Ingnok モバイルモニター 15.6インチ 1920×1080P USB C 軽量 セカンド画面 極薄在宅勤務,外出作業","2444","104","50","798","¥ 9,999","","1","B0GVQZ2BBJ","B0HDTSXR6M","39.8","25.4","7","1440"
"スマホ SD カードリーダー SDカードカメラリーダー 専用アプリ不要で簡単 1TB 対応 iPhone16 USBメモリ 外付け 写真 保存 移動 容量 データ バックアップ 日本語取説付 W STYLE 正規品 (DN063_black+256GB)","2444","76","","3","¥ 8,680","","1","B0F5GWXXXH","B0F2HVDPZL","12.5","9.5","2.5","40"
"【整備済み品】 【 超小型PC】 ＬＥＮＯＶＯ Mini デスクトップ PC windows11 M700 Core i3-6世代 メモリ8GB 高速SSD BLAPO USB 64GB《WPS Office /外付けHDD250GB》 (整備済み品) (SSD 512GB) (SSD 1TB)","2450","30","","","¥ 46,980","","1","B0CLLCQV4Y","B0CLLFSZ8Z","45","28","6",""
"ブラザー工業 A4モノクロレーザー複合機 DCP-L2660DW (無線・有線LAN/ADF/両面印刷)","2453","120","300","459","¥ 16,900","¥ 16,900","21","B0CSMD729F","","58","52.3","43.8","14270"
"【整備済み品】 【 大画面15インチ＋ テンキー付 office搭載】 ＬＥＮＯＶＯ ノートパソコン E570 Core i5-7世代 メモリ16GB 高速SSD 《DVDドライブ/内蔵カメラ/10キー》 (整備済み品) (SSD 512GB)","2455","49","","","¥ 58,900","","1","B0CL6FDJV7","B0CL6CX12Z","45","28","6","2500"
"USB Type C ケーブル 3m 20本 USB-A to USB-C 3A充電 データ転送対応 映像出力非対応 POTRRCIUSUER","2491","4","","109","¥ 7,299","","1","B0H9XX69WN","B0H9XMBRV3","16","11","1.8","50"
"Logicool G ゲーミングマウス G502 X PLUS LIGHTSPEED ワイヤレス マウス G502XWL-RGBWH LIGHTFORCE ハイブリッドスイッチ HERO 25K センサー 13個プログラムボタン USB Type-C 充電 LIGHTSYNC RGB POWERPLAY 対応 G502X ホワイト 国内正規品 【 ファイナルファンタジー XIV 推奨モデル 】","2463","136","100","564","¥ 19,691","¥ 19,691","3","B0BHL27PG9","B0GWC89DXR","18.1","11.7","7.2","390"
"AMD Ryzen 7 5800X3D 10th Edition without Cooler AM4対応 8コア / 16スレッド TDP 105W CPU 100-100000651POF CP1718","2465","72","100","406","¥ 57,252","¥ 57,252","86","B0H41D4KFT","B0HC5SYKLQ","13.9","13.2","7.4","118"
"iiyama モニター ディスプレイ ProLite XB2492HSU-B1J 23.8インチ フルHD IPS方式 高さ調整 角度調整 縦回転 HDMI DisplayPort USBハブ ケーブル付 3年メーカー保証 国内サポート","2474","114","100","2","¥ 17,360","","10","B0GNYVHJ99","B0H4LZKYPM","68.5","39.5","12.2","6780"
"IODATA USBメモリ 256GB BUM-3D256G/K","2476","93","","3341","¥ 7,600","¥ 8,009","3","B09T9HTVTK","B0FCXQW41B","13.2","8.5","1.2","10"
"MoKo スマートケース 2018/2017 iPad 9.7 5世代/6世代用 ローズピンク","2479","104","","8353","¥ 5,427","","13","B07WS9F13D","B0CVVWS167","25.4","19.2","1.6","230"
"ブラザー工業 【brother純正】トナーカートリッジブラック(大容量) TN-493BK 対応型番:HL-L9310CDW、HL-L8360CDW、MFC-L9570CDW、MFC-L8610CDW 他","2481","123","100","79","¥ 9,300","¥ 9,300","45","B071F74NCN","B092TPXP4Z","34.2","18.4","14","730"
"Fenge モニター台 モニタースタンド 卓上 幅 108cm 2 段 木製天板 アクリル製脚 パソコン台 PC 台 ホワイト","2482","98","","173","¥ 8,391","","1","B0CJQXHBNG","B0CPH4XFDZ","116.5","29","12","8600"
"【整備済み品】 【 カメラ内蔵＋大画面15インチ office搭載】 東芝 ノートパソコン windows11 T552/58GB [プレシャスブラック] PT55258GBHB Core i7-3世代 メモリ8GB 《無線LANBluetooth/内蔵カメラ/10キー/リカバリー用USB64GB/ZEROセキュリティ》 (整備済み品) (SSD 256GB)","2485","43","","","¥ 35,800","","1","B0CMZKXPHJ","B0CMZSLTP5","45","28","6","2700"
"【整備済み品】Philips 液晶モニター 243V5 FHD ノングレア LED 液晶ディスプレイ HDMI DVI VGA 60Hz スピーカー内蔵 VESA対応 (フレーム有り, 24インチ)","2486","73","50","90","¥ 7,000","","1","B0CG63CBL2","B0H5TYLF34","57.9","40.1","22.1","4260"
"USB型WiFi リチャージ AIR-Stick WiFi 100GB付き/365日間有効 モバイルルーター バッテリーレス 給電式 車載対応 買い切り型 契約不要 月額0円 選べる有効期間(365日/31日) ネットナビゲート","2489","116","400","174","¥ 6,080","","1","B0FBFSZ56K","B0FBF9FSR9","14.4","8.7","3.4","150"
"【最新型】ProtoArc XK01 折りたたみキーボード Bluetooth 薄型 軽量 持ち運び 3台同時接続 ipad用キーボード","2492","107","100","4485","¥ 5,110","","2","B0F8VHSJC6","B0FB91MWRV","25","16.9","3.2","450"
"microsd 64GB class10 U3 5個セット 高速 SDカード変換アダプタ付き マイクロSDカード 高速転送 高耐久性","2494","79","","360","¥ 7,799","","2","B0FVCJYZQK","B0F2M7949C","8","5","2","20"
"ProGrade Digital SDXC UHS-II V60 GOLD 128GB メモリーカード プログレードデジタル 正規輸入品【Amazon.co.jp限定】","2496","135","300","2025","¥ 17,800","","2","B07T89V5Z9","B07VZT6QG7","5.5","4.5","1","20"
"【整備済み品】 レノボ ノートパソコン Lenovo ThinkPad X1 /第8世代Core i5-8350U/Windows 11/メモリ8GB+SSD 256GB/14型IPS液晶(1920*1080)/薄型・軽量 ノート PC WPS Office搭載/USB 3.1/Type-C/WEBカメラ/HDMI/日本語キーボード搭載(整備済み品) (X1 Yoga 8G+512G)","2496","43","","5","¥ 42,999","","1","B0CBCVGT6N","","40.6","27.8","11.2","1840"
"エコリカ エプソン とうもろこし IC6CL80L+ブラック対応リサイクルインク 大容量 6色パック+ブラック EP-707A EP-708A EP-777A EP-807A EP-808A EP-907F EP-977 EP-978 EP-979 EP-982 残量表示対応 封筒パッケージ【Amazon.co.jp限定】","2498","97","","99","¥ 5,600","¥ 5,600","1","B0B2QT7VSX","B0DP6GX2XW","29.9","21.5","3","240"
"ビクター Victor くり返し録画用 BD-RE VBE260NP30SJ1 (片面2層/1-2倍速/30枚) ホワイト","2499","121","100","1009","¥ 6,962","¥ 7,749","16","B077ZJGPWF","B0CNKLM284","14","13.8","5.7","540"
"Samsung microSD Express Card 256GB Nintendo Switch 2用","2503","65","100","3565","¥ 8,700","","19","B0F3VTCZK8","","15.4","10.3","1","9"
"Upperizonモバイルモニター 14インチ 4K UHD 3840×2160 非光沢IPS 軽量640g 100%sRGB 500nits","2506","67","","14","¥ 18,999","","1","B0FW4PX5TZ","B0HCB8JTHL","36.3","31.5","5.4","1690"
"Fintie（フィンティー） ハイブリッド スリムケース 10.9インチ第10世代iPad(2022年モデル)用-[ペンシルホルダー一体型]耐衝撃カバー 透明なバックシェル付き 自動ウェイク/スリープ コンポジションブック ピンク","2511","93","","12285","¥ 5,450","","16","B0CBPN6F1N","B0BLCVB3Q6","25.8","22","1.7","273"
"ソニー(SONY) ブルーレイディスク BD-RE 25GB (1枚あたり地デジ約3時間) 繰り返し録画用 20枚入り 2倍速ダビング対応 ケース付属 20BNE1VJCS2","2510","120","","2828","¥ 6,353","","19","B01H8A8VXC","B0BNKJX2H4","14.2","12.5","10.4","1010"
"エプソン 純正インクカートリッジ ICBK73L ブラック増量 8.2 x 6.8 x 6.5 cm","2514","121","50","108","¥ 6,527","¥ 6,600","28","B008ZUQB1O","B0725RD563","8","6.7","6.4","120"
"Canon キヤノン A4モノクロレーザープリンター Satera LBP6040","2515","127","200","395","¥ 8,073","¥ 8,073","13","B00KHC6VE0","B0D8ZZYDYB","41.5","31.1","25.7","6500"
"【整備済み品】 富士通 FUJITSU ノートパソコン FMVシリーズ ■高性能第3世代Core i7/Office 2019/Windows11 Pro/WIFI/15.6型/8GB/(整備済み品) (SSD 256GB)","2517","30","","2","¥ 29,999","","1","B0C5G2H7MB","B0C5LNHMYM","25","15","3","1000"
"WD_BLACK 1TB SN850X NVMe 内蔵型ゲーミングSSD ソリッドステートドライブ - Gen4 PCIe M.2 2280 最高7,300MB/s - WDS100T2X0E","2520","154","50","10193","¥ 36,600","","67","B0B7CKVCCV","B0DT8HKL1C","12.5","10.3","2.1","50"
"【整備済み品】ノートPC T460S 14型フルHD Office2019 i7-6600U カメラ付 HDMI 8GB 512GB","2521","35","","1","¥ 64,800","","1","B0957SC95T","","43","28","7","3000"
"Logicool G ゲーミングマウス G502 X LIGHTSPEED ワイヤレス マウス G502XWL-CRBK LIGHTFORCE ハイブリッドスイッチ HERO 25K センサー 13個プログラムボタン USB Type-C 充電 POWERPLAY 対応 G502X ブラック PC windows mac 国内正規品 【 ファイナルファンタジー XIV 推奨モデル 】","2526","133","200","575","¥ 17,600","¥ 17,600","1","B0BHL3B2VF","B0D4TTDJML","18.1","11.7","7.2","380"
"セイコーインスツル モノクロ モバイル型感熱式プリンター MP-B20 USB Bluetooth接続 MFi認定 ブラック","2527","90","300","559","¥ 17,820","¥ 16,661","5","B073JMLNMN","","18.6","12.6","8.9","390"
"Quntis モニターライト 40cm バックライト搭載 間接照明 省スペース設計 前後ダブル照明 無線リモコン モニター掛け式ライト ホワイト","2538","114","100","433","¥ 6,299","","1","B0F2M4Q7HM","B0HDC6X6PP","43.3","13.3","5","780"
"【整備済み品】ノートPC CF-SZ6 12型フルHD Office2019 i3-7100U カメラ付 HDMI 8GB 512GB","2540","26","","","¥ 36,800","","1","B0D6B3MC9Y","","43","28","7","3000"
"GameSir G7 Pro Xbox コントローラー ワイヤレス 有線 三モード接続 TMRスティック ホールエフェクトトリガー 1000Hzポーリングレート 充電ドック付 背面ボタン ジャイロ対応 Xbox Series X|S/Xbox One/PC/Android/Steam対応 ゲーミングコントローラー【Xbox公式ライセンス】-ホワイト","2541","109","200","5829","¥ 12,998","","1","B0FD41XC3P","B0FWB7YP79","17.9","17.9","9.6","780"
"【整備済み品】デル ノートPC E5270 / 12.5型 / Win11 Pro/MS Office H&B 2019 / Core i5-6300U / WEBカメラ/wajunのWIFI/Bluetooth/HDMI / 4GB/512GB SSD","2544","43","","","¥ 37,800","","1","B0D2N2Q1R7","B0D2NXHJLL","43","28","7","3000"
"Thermalright Peerless Assassin 120 SE Black CPU クーラー、6 ヒート パイプ AGHP テクノロジー、デュアル 120mm PWM ファン、1550RPM 速度、AM4/AM5 および Intel LGA 1700/1851/1150/1151/1200 用、コンピューター CPU 冷却","2544","71","","7","¥ 5,459","","1","B0D8S37NS8","B0C9CD29NB","24.5","19.9","15.9","1430"
"HETHOT【TELEC認証取得済み】iPad用 キーボード付きケース-第9/8/7世代 10.2インチ/Air3 10.5インチ","2545","30","","142","¥ 5,099","","1","B0H6BFC62L","B0F9NFCYKG","29","21","2.5","850"
"TP-Link 無線LAN 子機 Wi-Fi USB Wi-Fi 7 BE6500 (2882+2882+688Mbps) トライバンド USB3.0 Windows11/10対応 メーカー保証3年 Archer TBE6500U【Amazon.co.jp限定】","2546","79","50","30","¥ 7,700","¥ 7,700","1","B0GK15ZMN3","B0HFSP1DL9","14","12.9","3.2","60"
"【Amazon.co.jp限定】INNOCN MiniLED 4k モニター 32インチ ゲーミングモニター 4K＠160Hz/フルHD＠320Hz切り替え デュアルモニター ホワイト 0.5ms MPCS 非光沢 広色域 無輝点保証対応 (QD量子ドット/HDR1000/HDMI 2.1×2/DP 1.4×2/USBハブ/Type-C 給電/VESA対応/スピーカー/高さ調整) GA32V1M","2549","148","50","243","¥ 81,980","","1","B0FKGFYGPR","B0HDZ43Y45","97","50","20","12520"
"【整備済み品】 ノートPC L580 15.6型 10キー Office2019 Core i3-8130U カメラ付 HDMI 16GB 1TB","2554","22","","","¥ 55,800","","1","B0D2L82SLF","B0D2MT8K4D","43","28","7","3000"
"バッファロー HD-SQS4U3-A SeeQVault対応 外付けHDD 4TB","2558","137","200","90","¥ 25,000","","26","B0B5SHFPBB","","21.8","21.3","8","1220"
"IODATA GigaCrysta ゲーミングモニター 24.5インチ FHD 320Hz 0.4ms (HDMI/DP) EX-GD254U","2558","136","100","53","¥ 26,980","¥ 26,980","2","B0FX42YJQC","B0FXB4NT8B","76.5","47","13.5","7710"
"ロジクール KX850FT MX MECHANICAL ワイヤレス メカニカル パフォーマンス キーボード 茶軸 タクタイル テンキー 静かな打鍵感 特に静か Logi Bolt bluetooth Unifying非対応 薄型 無線 メカニカルキーボード windows mac chrome Android ワイヤレスキーボード KX850 国内正規品 グラファイト","2561","125","300","314","¥ 13,100","¥ 13,100","1","B0B1Q636K7","B0BGRPTDMY","45.8","15.2","5.2","1170"
"ファイナル(final) VR3000 Wireless for Gaming+ ゲーム専用イヤホン 20ｍs以下の超低遅延接続 ハイブリッドANC搭載 USB-Cトランシーバー付き MEMSマイク搭載 ブラック","2561","119","","53","¥ 15,800","","1","B0G4F1XXWT","B0DB5ZLT48","15.8","8.7","4.9","150"
"エレコム WiFi ルーター 無線LAN WiFi7 11be 5764＋688Mbps 有線2.5Gbps IPv6(IPoE)対応 AIセキュリティ F-Secure搭載 EasyMesh対応 エコパッケージ WRC-W702-B","2563","146","200","92","¥ 14,980","","13","B0G5N4FZ8H","","29.1","22","9.7","1120"
"HP 804 XL リサイクルインク 804 XL (ブラック 増量 + カラー 増量） 2個セット","2564","68","50","514","¥ 5,720","","1","B0G1LLR2NS","B0HGRQ6NG5","7.7","7.6","7.3","120"
"キングストン 1TB microSDXC Canvas Go Plus Gen4 200MB/秒 A2 U3 V30 アダプタ付き SDCG4/1TB","2564","106","","1409","¥ 55,000","","74","B0F2B1YK67","B0F9FLXJ4L","14.8","12.5","1.3","30"
"KIOXIA(キオクシア)【日本製】SDカード 128GB SDXC UHS-I U3 V30 Class10 最大読出速度100MB/s 最大書込速度50MB/s 4K対応 国内正規品 メーカー保証5年 KLNEB128G","2565","136","100","33","¥ 6,600","¥ 6,911","4","B0CSJR47TJ","B0CSM861QK","12.6","8.3","2.3","10"
"VSDINSIDE M18 Streaming Deckストリームデック＆ストリームコントローラー 15個のカスタマイズ可能なキー＋3つのスイッチボタンでタスクとワークフローを加速 、Excel・PS・Teams・Zoom・Spotifyなどドラッグ＆ドロップで簡単設定、RGB照明付き、Mac/Winodows対応（ブラック）","2566","126","200","725","¥ 6,648","","1","B0GT8Q8KGQ","B0FBWTSH8Y","16.9","12.8","6.8","430"
"XPPen ACK05 左手デバイス ワイヤレス 片手キーボード 10キー＋ホイール コンパクト 三つ接続方法 クリエイター向け 作業効率UP","2567","128","200","1143","¥ 5,950","","1","B0GJCQ42PM","B0HDCJ3TBX","15.9","10.3","4.9","210"
"AVerMedia Live Gamer ULTRA S GC553Pro ゲーミングキャプチャー ブラック GC553PBK DV0977","2569","146","400","81","¥ 17,152","¥ 17,152","10","B0DP97426S","B0FJD22TFG","21.2","15.3","6.4","400"
"【整備済み品】ノートPC CF-NX4 12型 Win 11 Pro Office2019 Core i5-5300U HDMI 8GB 256GB","2574","38","","","¥ 30,800","","1","B0BDKS9NS8","","43","28","7","3000"
"CORSAIR VENGEANCE DDR5 32GB（16GB×2）最大 6000MHz対応 Intel RAM","2571","28","100","691","¥ 61,980","¥ 61,980","1","B0BZHW15KF","","14.4","11.9","1","110"
"エンドゲームギア(Endgame Gear) OP1 8K v2 有線 ゲーミングマウス 8000Hz ポーリング PixArt PAW3950 U+1F95A 光学式（カスタム）センサー Kailh GXスイッチ ダークフロスト EGG-OP1-8K-V2-DF","2577","109","","412","¥ 12,240","","12","B0FB8VYSGN","B0DH3QWPF9","22.4","11.2","7.4","310"
"Phenomena [Blu-ray] [Import]","2580","6","","1050","¥ 7,322","","11","B0721V9GNK","","18","13.8","1.5","83"
"【整備済み品】 軽量薄型 富士通LIFEBOOK S938 ■13.3型フルHD(1920x1080) / Core i5-8350U / メモリ8GB / SSD512GB / DVDマルチ / HDMI / Office H&B 2019 / Win11(整備済み品)","2593","32","","15","¥ 54,640","","1","B09P3ZV74Q","B09P41B517","42.7","27.4","9.3","1940"
"Seagate ST300MM0026 Savvio 10K.6 ST300MM0026 300 GB 2.5インチ 内蔵ハードドライブ、SAS 10000 rpm、64 MB バッファ（認定整備済み）","2602","115","","","¥ 11,099","","20","B07HGT8PC8","","15.2","8.9","3.2","218"
"【Amazon.co.jp限定】Logicool G G733 LIGHTSPEED ワイヤレス ゲーミングヘッドセット G733-BKnd 軽量","2601","118","200","45","¥ 14,980","¥ 14,980","3","B0FDK6NX2K","B0H6LN32Q3","21.5","21.4","10.6","590"
"【Amazon.co.jp】限定 AMD Ryzen 7 9700X 8コア 16スレッド 100-100001404WOF_4Y","2605","22","","2632","¥ 41,800","¥ 41,800","1","B0H7R178SG","B0HC5LLHGP","12.6","12.5","3.7","40"
"バッファロー 5ポート 10G対応 スイッチングハブ 金属筐体 電源外付け 壁掛け対応 ループ検知 LXW-10G5/N","2615","118","100","109","¥ 32,380","¥ 32,380","1","B0F8Q8NK7Q","B0FHGMHCN5","26.7","15.4","5.7","1270"
"ブラザー プリンター A4インクジェット複合機 MFC-J742DN FAX 電話 子機1台 コピー プリント スキャン Wi-Fi 簡単設定 対応インクLC511シリーズ","2621","133","400","80","¥ 25,400","¥ 27,000","29","B0FSCXLNSZ","","49.8","46.3","22.5","7800"
"エレコム スイッチングハブ ギガビット 8ポート 金属筐体 マグネット付 電源内蔵 ブラック EHC-G08MN4A-HJB","2621","119","200","49","¥ 5,280","¥ 5,280","1","B0DJNF5FXC","B0DJQCVWCH","19.6","9.8","6.5","600"
"Western Digital ウエスタンデジタル WD BLACK M.2 SSD 内蔵 1TB NVMe PCIe Gen4 x4 (読取り最大 7300MB/s 書込み最大 6300MB/s) ゲーミング PC メーカー保証5年 WDS100T2X0E-EC SN850X","2623","150","200","475","¥ 31,480","","40","B0BBLXYPLT","B0CXDHBWKX","12.6","10.2","2.4","50"
"【整備済み品】 ノートPC 820G3 12.5型 Office2019 Core i5-6300U カメラ付 8GB 512GB","2624","29","","4","¥ 44,800","","1","B0C3ZLW24K","B0C3ZM4N8L","43","28","7","3000"
"MSI GeForce RTX 5070 Ti 16G GAMING TRIO OC グラフィックスボード VD9096","2625","130","100","274","¥ 239,192","¥ 239,192","1","B0F1NJF1K4","B0GXDF81GL","41","25","9.5","1820"
"android 16タブレット32GB+256GB+2TB TF拡張｜11インチの90Hz対応 大画面 Gemini AI 3.0｜10000mAh｜Widevine L1｜GMS認証｜Type-C充電｜Wi-Fi 5.2モデル｜T7280 8コアプロセッサを搭載，Light black","2627","80","500","123","¥ 14,499","","1","B0GWTRM5FT","B0HGHYD187","29.2","20.1","5.9","1390"
"CIO NovaPort SOLO II 100W USB-C×1 PD 高出力 急速充電器 type-C 動作時最大65W 急速充電器 (ブラック)","2628","123","100","89","¥ 5,380","","1","B0FKN5VPMQ","B0G1SZ93LG","18.6","8.5","3.7","170"
"エプソン 純正 インクカートリッジ 虫めがね IC4CL83 4色パック","2640","112","50","154","¥ 8,164","¥ 8,164","25","B0711MGJ4Q","B0BQW4JL5H","12.5","9.8","6.3","170"
"チェキ スマホプリンター instax mini Link3 ローズピンク＆フィルム40枚＆デコペン(6点セット)","2639","67","50","25","¥ 19,800","","1","B0DHZ4FMYF","B0DHZ287XQ","22.5","19.1","9.6","710"
"CyberPower (サイバーパワー) CP1200PFCLCDJP 無停電電源装置 UPS ラインインタラクティブ給電/正弦波 1200VA/780W ホームオフィス向け 角度調節可能カラー液晶画面付 3年保証","2641","119","100","91","¥ 30,000","¥ 30,000","3","B0CFZLT16B","","44.6","39","18.6","12200"
"【整備済み品】ノートPC T470S 14型フルHD Office2019 i7-7600U カメラ付 HDMI 12GB 512GB","2641","35","","1","¥ 56,800","","1","B0CTMLN2CS","","43","28","7","3000"
"CyberPower (サイバーパワー) CPJ500 無停電電源装置 UPS 常時商用給電/正弦波 500VA/300W 家庭用 3年保証","2644","95","100","390","¥ 15,000","¥ 15,000","4","B01BPNL7OS","B091Z7NR3H","38.6","23.2","15.9","4249"
"Dopesplay モバイルモニター 15.6インチ【僅か650g・磁気吸着スタンド付き】ノートPC上設置・360°回転可能｜FHD IPS HDR非光沢｜USB-C/MiniHDMI｜デュアルモニター/サブモニター｜在宅勤務/リモートワーク/出張｜Switch/PS5/Xbox/PC/Mac/スマホ対応｜VESA対応・スピーカー内蔵・保護ケース付き【2026年モデル】","2649","104","50","1473","¥ 12,598","","1","B0GX5GV62X","B0GWMH4RT9","42.5","30.2","9.7","2670"
"【整備済み品】 【 カメラ内蔵 置き場所便利 12インチ office搭載】NEC ノートパソコン windows11 VKT13H-4 Core i5-8世代 メモリ8GB 高速SSD 《WPS Office/無線LAN/カメラ内蔵/リカバリー用USB64GB/ZEROセキュリティ》 (整備済み品) (SSD 1TB)","2650","31","","1","¥ 51,600","","1","B0CLXH1SF5","B0CLXQ61Q3","45","28","6","1000"
"ソニー(SONY) 【20枚(地デジ約120時間)ディスク1枚により多く保存】 ソニー / 20枚入り / ビデオ用ブルーレイディスク / 1回録画用 / BD-R / 1枚あたり50GB(地デジ約6時間) / 1-4倍速 / ディスク用ケース付属 / 20BNR2VJPS4","2652","136","50","1962","¥ 14,000","","27","B01H8A8308","B09SPWDXT1","14.3","12.4","10.2","1040"
"【整備済み品】 HP デスクトップPC 600G1/MS Office 2019/Win 10/Core i5-4570/HDMI/WIFI/RW/16GB/2TB SSD (整備済み品)","2654","79","","2","¥ 33,543","","1","B08B2PJBSR","","40","40","20","3000"
"バッファロー 4TB HD-TDA4U3-B 外付けHDD メカニカルハードデイスク USB-A接続 TOSHIBA Canvio Desktop(テレビ・パソコン両対応) ブラック ［据え置き型 /4TB］","2655","118","400","736","¥ 21,900","","25","B0918WYL3L","","23.3","22.2","8.3","1170"
"New 2025年秋 キヤノン カラーレーザビームプリンタ複合機 Satera MF665Cdw /コピー、プリンター、スキャナー、FAXを搭載したA4対応カラー複合機 /両面印刷・両面読込対応ADF/有線LAN・無線LANを標準搭載/対応トナーカートリッジ 標準:CRG-075 大容量:CRG-075H","2660","124","100","26","¥ 62,800","¥ 62,800","16","B0FX94VWKR","B0GWCFX3RT","60","56","53","25500"
"サンワサプライ LANケーブル CAT6A(20m) 配線しやすい やわらかスリム素材 ツメ折れ防止への字ラッチ RJ45コネクタ ブルー KB-SL6AYS-20BL","2662","71","","29","¥ 5,561","","4","B0D8787H64","B0D9L8Z6G3","27.9","22.4","3.5","376"
"サンワサプライ CAT6A LANケーブル (30m) 10Gbps/500MHz RJ45 ツメ折れ防止 ブルー KB-T6ATS-30BL","2665","90","","345","¥ 7,336","¥ 7,336","20","B07D7QD1NJ","B08J3DKYG9","33.1","27.6","9.8","1530"
"NZXT Relay Speakers Black デスクトップサイズ アンプ内蔵 PCスピーカー AP-SPKB2-JP SP1103","2666","48","200","11","¥ 6,108","¥ 6,108","3","B0CG83Z6C8","B0CGR3R8YK","37.7","24.4","21.9","4210"
"【整備済み品】ノートPC 3185 11.6型 タッチパネル Office2019 A9-9420e カメラ付 HDMI 8GB 512GB","2669","38","","","¥ 36,800","","1","B0CTQFDPSS","","43","28","7","3000"
"エプソン プリンター A4インクジェット複合機 カラリオ EP-717A 6色 独立インク Wi-Fi 2024年モデル","2671","145","300","263","¥ 19,800","¥ 22,500","36","B0DJQ4G5WS","B0GRH2TNWL","48.8","43.3","25.5","8000"
"Verbatim バーベイタム 1回録画用 DVD-R DL CPRM 215分 50枚 ホワイトプリンタブル 片面2層 2-8倍速 VHR21HDP50SD1","3180","94","200","1316","¥ 6,520","¥ 6,636","4","B01N8YV0OA","B084QVSWMN","13.8","13.7","8.9","930"
"fanxiang SSD 1TB SATA 【耐久性を誇るTCL】2.5インチ 内蔵SSD 7mm 3D NAND TLC採用 SATAⅢ 6Gb/s SSD PS4動作確認済 PC 耐久性 ノートパソコン/デスクトップ/PS4に対応/HDD換装 1TB/256GB/512GB/1GB/2TB【3年メーカー保証】 S101 最大読み取り550MB/s 最大書込み 500MB/s","2677","107","50","23173","¥ 18,980","","1","B09XDJ673F","B09YTZR6QF","14.7","8.7","1.7","70"
"【整備済み品】ノートPC E5570 15.6型フルHD 10キー Office2019 i5-6300U カメラ付 HDMI 8GB 512GB","2677","35","","","¥ 37,800","","1","B0D46DSY31","","43","28","7","3000"
"【Amazon.co.jp限定】エプソン プリンターエコタンク搭載 A4インクジェット複合機 FAX付 EW-M674FT1 A4ビジネス普通紙50枚入り","2678","72","200","20","¥ 39,980","¥ 39,980","1","B0GKDM7D34","","45.5","43.7","30.9","9060"
"【整備済み品】 【 大画面見やすい15インチ office搭載】 ノートパソコン ThinkPad W541 Core i7-4世代 メモリ8GB BLAPO USB《DVDドライブ/無線LAN/WPS Office/内蔵カメラ/10キー/安心のリカバリー領域とUSB 32GB》 (整備済み品) (SSD 1TB) (SSD 1TB)","2681","31","","","¥ 99,900","","1","B0CLD1J83W","B0CLCSQNDH","45","28","6","2720"
"【整備済み品】Samsung SSD PM981a MZVLB512HBJQ 512GB NVMe M.2 2280 PCIe Gen3x4 読込最大3500MB/s 書込最大2900MB/s 内蔵SSD（970 EVO Plus OEM/バルク）","2682","90","50","25","¥ 11,980","","1","B0GH73DN96","B0HDZS82HQ","22.1","7.9","1.3","5"
"ロジクール ワイヤレスキーボード タッチ キーボード K400pBK 国内正規品","2683","115","200","678","¥ 5,100","¥ 5,100","2","B00ZQNBTQK","B09GZ523FN","36.8","15.1","3.2","520"
"ロジクール KX850CC MX MECHANICAL MINI ミニマリスト ワイヤレス メカニカル パフォーマンス キーボード 青軸 クリッキー テンキーレス 静かな打鍵感 Logi Bolt bluetooth Unifying非対応 薄型 無線 windows mac chrome Android KX850 国内正規品 グラファイト","2816","111","","82","¥ 13,100","¥ 13,100","1","B0B1Q578JD","B0B1V9LSM2","33.8","14.9","5.4","860"
"プロジェクター 家庭用 超小型【2026音質強化バージョン・外部HiFiスピーカー】Android TV14搭載 天井投影 4K対応 大画面 ブラック","2695","11","300","344","¥ 7,980","","6","B0GBWCTFWN","B0HGMYTXFM","22.4","13.8","11.9","750"
"【Amazon.co.jp限定】Xiaomi Pad 8 Pro Matte Glass Version 12G+512G グレー 11.2インチ 3.2K 144Hz高精細ディスプレイ 画面反射低減 Snapdragon 8 Elite AI機能 Google Gemini Dolby Vision 9200mAhバッテリー 67W急速充電 エンターテインメント 作業 会議用","2701","134","100","43","¥ 113,810","¥ 113,810","1","B0GKFDDR81","B0GR43Q8QH","27.7","19.9","4.9","1070"
"Ewin ワイヤレス キーボード bluetooth 折り畳み JIS標準日本語配列 タッチパッド搭載 ipad/iphone キーボード 三台同時切替 iOS/Android/Mac/Windows/Google対応 フルサイズ パソコン タブレット スマホ マルチペリング Type-C充電式 薄型 軽量 スタンド付き (シルバー)","3069","74","50","456","¥ 6,480","","1","B0CLTY64LC","B0CLTZMJVN","22.8","13.7","3","360"
"【タブレット 10インチ Wi-Fiモデル】TECLAST P33CASE 9+64GB、Wi-Fi 6、8コアCPU搭載、10点セット同梱","2703","93","50","133","¥ 12,900","","1","B09FKZMN9D","B0HGQP1B48","30.1","20.6","6.4","1590"
"【整備済み品】 【 Core i7 大画面15インチ 】富士通 ノートパソコン windows11 A744 Core i7 4世代 メモリ8GB 高速SSD 《DVDドライブドライブ/WPS Office/無線LAN/リカバリー用USB64GB/ZEROセキュリティ》 (整備済み品) (SSD 512GB)","2705","36","","","¥ 34,800","","1","B0CL6CJQRC","B0CL69N5NY","45","28","6","2500"
"EPOMAKER x Aula F75 ゲーミングキーボード ガスケット メカニカルキーボード 5層パッド＆ノブ付き 75% ワイヤレス","2709","132","100","3920","¥ 10,493","","1","B0D3F69XSP","B0CR15N8GX","35.6","17.9","4.7","943"
"CFD販売 デスクトップPC用メモリ グラフェン 銅箔 ヒートシンク DDR5-6400 32GB×2枚 (64GB) 相性保証 288pin シー・エフ・デー販売 CFD Standard W5U6400CS-32GC38F","2709","104","","10","¥ 147,000","¥ 226,136","5","B0F6BZ7FV9","B0C3R9YK35","17.8","12.7","1","97"
"ゲーミングヘッドセット ワイヤレス【2.4GUSBアダプター /Bluetooth 5.3/有線 3WAY接続】 PS5 PS4 PC Switch スマートフォン xboxone 対応ヘッドフォン 50MMドライバー 低遅延 40H再生ヘッドホン 無線 Gvyugke CT300 マイク付き (ホワイト)","2710","107","100","1907","¥ 5,700","","2","B0GRG92TSV","B0HC7QDJMG","21.1","20.4","10.4","520"
"HUANUO (ファーノー) PCモニターアーム デュアル 上下 縦2画面 液晶ディスプレイアーム 13～32インチ対応 耐荷重2～9kg","2716","118","100","1279","¥ 6,498","","1","B085Y6W6RS","B0FJG628K6","44.5","32.5","13.3","6160"
"【整備済み品】DellデスクトップOptiPlex 3020/7020/9020SFF Corei7 CD/DVD内蔵","2722","105","200","92","¥ 25,361","","1","B0GBV3DD2B","B0GBWBRMS6","44","42","15","5000"
"SANDISK 128GB Extreme PRO SD UHS-Iカード - 最大250MB/秒の読み取り速度と120MB/秒の書き込み速度、4K","2724","113","200","950","¥ 8,430","","30","B0GDQRNTF3","B0H92NQLS8","15.1","10.1","7.5","120"
"IODATA GigaCrysta ゲーミングモニター 27インチ DFR対応 FHD320Hz/4K160Hz 0.5ms EX-GDU271JAD","2728","154","200","102","¥ 44,980","¥ 44,980","3","B0FXWKCHYG","B0FY1NPT62","86.5","47.5","17.5","9010"
"TourBox NEO 公式ストア プロ 左手デバイス 片手キーボード イラスト制作 画像 動画編集 絵描き アニメ デザイン 絵師 カスタム マクロ ショートカット ブラインド操作 Clip Studio Paint Illustrator DaVinci Resolve Premiere Lightroom Photoshop 板タブ 液タブ ペンタブ用 マウス Windows/Mac対応","2731","113","200","1006","¥ 20,484","","1","B08HCV1JGB","B0CTC24TXB","14.5","14.1","8.9","580"
"Razer(レイザー) Naga V2 HyperSpeed MMOに最適な多ボタンのワイヤレスゲーミングマウス プログラム可能な19ボタン フリースピンまたはタクタイルスクロールホイール HyperSpeed Wireless Bluetooth Focus Pro 30K オプティカルセンサー ナーガ ブイツー ハイパースピード 【日本正規代理店保証品】","2732","85","500","63","¥ 13,550","","26","B0BW3ZS795","","17.9","12.5","7.2","230"
"【正規品】 ネットギア NETGEAR スイッチングハブ 8ポート ギガ 金属筐体 VLAN QoS 静音ファンレス メーカー5年保証 アンマネージプラス GS308E-400JPS","2737","110","50","281","¥ 8,044","","3","B0F1Y625QH","B0CHR36L4H","20.8","16","8.7","800"
"UGREEN ドッキングステーション 14-in-1 3画面出力 2つのDP&HDMI","2742","91","50","200","¥ 9,989","","1","B0FGHX59G2","","25.8","17.1","8.3","1540"
"MAXZEN ゲーミングモニター 27インチ WQHD(2560×1440) 1440P 180Hz HDMI2.0×2 DP1.4×2 FastIPS 1ms(GTG) Adaptive-Sync ブルーライトカット 非光沢 フリッカーレス ブラック MGM27IC02 マクスゼン","2746","131","100","107","¥ 19,980","","2","B0DQW37T5P","B0F8NGM328","69.4","46.4","15.1","5200"
"富士フイルム(FUJIFILM) チェキ スマホプリンター instax mini Link3 セージグリーン INS MINI LINK3 S GREEN","2747","157","100","81","¥ 12,289","¥ 15,000","15","B0DDSRDBT7","B0G4TX7PT3","20.8","11.1","7.7","380"
"GL.iNet GL-SFT1200 (Opal) トラベル VPN ルーター ワイヤレス セキュリティ ギガビット 無線LAN AC1200 300Mbps (2.4GHz) + 867Mbps (5GHz) Wi-Fi Gigaポート ポケットサイズ ホットスポット IPv6 リピーター テザリング ２年保証","2754","117","300","213","¥ 6,599","","1","B09T91VPH2","","18.5","14.2","5.7","390"
"HP 純正 インクカートリッジ HP 804XL ブラック 増量 日本限定モデル","2754","54","100","2","¥ 5,896","¥ 5,855","5","B0GWZXXNTJ","B0GX1D4TY1","11.4","10.1","3.7","70"
"MINISFORUM ENPBA PCIe x16 拡張カード | 25GbE SFP28+ネットワークポート ×2 + M.2 NVMe SSD スロット ×2 | AMD/Intel 対応 | PC/サーバー/ワークステーション用","2884","102","","","¥ 23,464","","1","B0G3WPN22R","B0GZ229DC1","22.4","11.6","4","300"
"GravaStar Mercury K1 Lite ゲーミングキーボード 日本語配列 無線 75%レイアウト オーロラ RGBバックライト ワイヤレス","2759","124","100","1277","¥ 14,231","","1","B0GSZDW9Q7","B0HCNHTJ4R","38.7","19.7","5.5","1230"
"fanxiang SSD 512GB SATA3.0 6Gb/s 2.5インチ 7mm 3D NAND 搭載 内蔵ssd 最大読込 560MB/s [ 容量モデル：256GB/512GB/1TB/2TB/4TB ] SATAIII PS4動作確認済み/HDD換装/高速化/エラー訂正/データ保護機能/低消費電力/耐衝撃/耐振動/騒音無し 【正規保証品 メーカー3年保証】","2762","103","50","5114","¥ 10,879","","1","B0CM63ZP2Y","B0GWZN5XCS","14.9","8.5","1.7","60"
"Acer 外付SSD PA100 1TB 最大読出560MB/s 27g超軽量 高速 ポータブルSSD USB3.2 耐衝撃 USB A/Cケーブル付属 Windows/Mac OS、PS5、Android、iPhone15シリーズ以降対応 メーカー3年保証","2772","43","100","22","¥ 24,681","","1","B0H75KVPT8","B0H9WTXYQP","17.3","10.5","2.2","80"
"Seagate Expansion 2.5インチ ポータブルHDD 2TB STKM2000400","2778","131","","32954","¥ 18,981","¥ 18,981","7","B08ZJG6TVT","B0DJVW8JSS","14.6","10.4","3.4","210"
"「VGP2026受賞! 業界 No. 1 最新 4K アップグレード版」llano S9 Pro ワイヤレスhdmi 無線 送受信機セット","2780","12","100","14","¥ 17,581","","1","B0GMPZ15N3","B0HBR55LSQ","16.1","12.6","3.2","210"
"Android16 タブレット アンドロイド 11インチ SVITOO P11 wi-fiモデル 20GB+128GB+1TB拡張 8コアT615 8800mAh GPS Widevine L1 顔認識 画面分割 無線投影 児童保護 Gemini AI Type-C OTG GMS認証 ゲーム/動画見る LINE/ユーチューブ対応 大画面 高性能 軽量 tablet","2781","120","200","207","¥ 14,425","","1","B0G6BGWQQJ","","32.6","19.6","3.3","1100"
"ESBOOKノートパソコン 【MS Office 2024搭載 &Windows 11 Pro】14インチIPS液晶/1920×1080FHDディスプレイ カメラ付き/薄型PCノート高性能CPU/初期設定不要/8Gメモリ/無線LAN/大容量SSD/初心者向け・パソコンノート/日本語キーボードフィルム付き/ワイヤレスマウス付き (128G, シルバー)","2787","77","","2635","¥ 35,049","","1","B0BBFYYQM5","B0BBG1TDM6","38.1","26.5","9.2","1980"
"【日本語配列】 e元素 Z-88 ゲーミングキーボード フルサイズ メカニカル 赤軸 USB有線 テンキー付き109キー RGBバックライト","2788","91","100","405","¥ 5,399","","1","B0BNXD2GMR","B0HCTTLB27","45","15.5","4.2","960"
"ソニー(SONY) 開放型ゲーミングヘッドセット INZONE H6 Air : MDR-G600 ゲーミングヘッドセット 有線 MDR‑MV1ベース FPS向け 足音定位 広い音場 40mmドライバー 軽量199g 長時間快適 マイク付き 3.5mm PC / PS5対応","2789","143","300","77","¥ 25,000","¥ 25,000","7","B0GW7KYC1C","","28.4","27.5","10.6","830"
"サンワダイレクト USB-C 指紋認証リーダー Windows Hello 機能対応 Windows11・10対応 USB 400-FPRD2","2793","65","","13","¥ 6,280","","1","B0CYGQBBXR","B0CYPJHMX9","12.2","10","3.1","20"
"FANATEC CSL シムレーシング Cockpit V1.5 – 黒 CRD-9010009-WW","4500","26","","48","¥ 40,000","¥ 40,000","1","B0FLQKN3J8","B0GBWC38BT","106","58","12","26120"
"【整備済み品】富士通タブレットPC V727【日本語印字キーボード＋PUレザー調保護ケース付き】,2in1ノートパソコンOffice 2021搭載intel Core第七世代128GB SSD Windows 11 Pro Office 2021,ノートPC軽量薄型12.3型FHD(1920×1280)広視野角WUXGA液晶","2796","84","100","18","¥ 15,998","","1","B0H1WKHV45","B0HBWB3748","20","15","15","2000"
"SteelSeries ゲーミングマウスパッド QcK Heavy XXL White 極厚 40cm×90cm×0.4cm ノンスリップラバーベース 滑り止め加工 耐水 水洗い可能 耐久性 67504 ホワイト","2801","104","","4585","¥ 7,045","¥ 7,045","3","B0GNMVQM42","B0GXMT4X2H","42.8","9.4","9.2","750"
"GameSir G7Pro 8K PCコントローラー チャンピオンエディションゲームパッド 8000Hzポーリングレート/0.25ms遅延 fpsコントローラー PC無線/有線対応 光学式マイクロスイッチABXY 1200mAH大容量バッテリー 格ゲー パッド 最新Js13ProTMRスティック ホールエフェクト＆マイクロスイッチトリガー搭載 四つのマクロボタン 三段階連射機能対応 スリープ解除可能 充電スタンド付き eスポーツゲーミングコントローラー steamゲームコントローラー 　Switch/Android対応","2805","143","200","452","¥ 14,399","","1","B0GT3QGYTT","B0H7RXND97","17.8","17.7","9.9","762"
"【整備済み品】ノートパソコン 中古 東芝 Dynabook U63 /第7世代 Core i5 /メモリ8GB・高速SSD 256GB /13.3型 軽量薄型/Win 11 Pro/MS Office 2019搭載 /Webカメラ内蔵/双Type-C (PD充電・高速転送対応)・USB3.0・HDMI・Bluetooth・Wifi/有線静音マウス付属/ACアダプター付/180日保証","2806","60","","15","¥ 17,461","","1","B0GJ61LCRN","B0GXBVSK3B","43.4","30.4","13.5","1800"
"ORICO USBメモリ 256GB USB 3.2 高速 最大読出速度150MB/s 回転式 金属製 軽量&耐久性 超薄型 スマートフォンやノートパソコン向け - CB05","2807","97","","505","¥ 6,480","","1","B0G23V56LM","B0GKFFTV6F","14.2","8.7","1.9","60"
"BIGBIG WON Rainbow 3 コントローラー 静電容量式ジョイスティック 2000Hzポーリングレート 16個の微動機械ボタン 14個のカスタムRGBライト 6軸ジャイロセンサー 切り替え可能なホール効果/クイックトリガー 3.5mmオーディオ 有線/無線接続 PC/Switch2/iOS/Androidに対応 ゲームパッド","3458","128","100","2184","¥ 9,879","","1","B0FRSL91WF","B0HGQFWDSL","19.8","18.2","7.9","508"
"PHILIPS SPK7858 国内正規品 ワイヤレスマウス Bluetooth 5.0 USB-C/USB-A 静音 充電式 横スクロール ブラック","2812","14","","1","¥ 7,980","","2","B0H8D3HPNV","B0HFNF865F","16.9","8.7","5.8","170"
"HP 62 XL (ブラック 増量 + カラー 増量） 2個セット残量表示付 HP用 リサイクル インク","2817","71","50","2371","¥ 5,520","","1","B0FJRCX9LC","B0HGRHQNXK","7.7","7.7","7.3","120"
"MSI B550M-A PRO Micro-ATXマザーボード MB6990","2818","121","50","144","¥ 6,581","¥ 6,581","5","B08MWFDPMS","B0GX24MVM5","26.2","26.2","5.7","720"
"ロジクール Combo Touch iPad Air 11インチ M4 & M3 & M2 対応 iK1178GRA キーボード付き ケース 軽量 日本語配列 キーボード スマートコネクタ オックスフォードグレー 国内正規品","2819","114","100","93","¥ 26,800","¥ 26,800","1","B0D4LZY13Q","","26","21","3","760"
"ロジクール Combo Touch iPad Pro 11インチ M5 / M4 iK1177GRA キーボード付き ケース 軽量 日本語配列 キーボード スマートコネクタ グラファイト 国内正規品","2819","121","50","54","¥ 29,800","¥ 29,800","2","B0D4LS1D4P","B0HGQ77V9Q","27.5","23","2.9","770"
"ロジクール Combo Touch iPad Pro 13インチ M5 / M4 iK1276GRA キーボード付き ケース 軽量 日本語配列 キーボード スマートコネクタ グラファイト 国内正規品","2819","110","","33","¥ 34,800","¥ 34,800","2","B0D4LL12JL","","32.5","27.3","3","1100"
"TP-Link WiFiルーター WiFi 7 ゲーミングルーター BE3600 デュアルバンド（2882+688Mbps） 2.5Gbps WAN/LANポート搭載 メーカー保証3年 Archer GE230 【Amazon.co.jp限定】","2820","139","100","95","¥ 14,798","¥ 14,798","1","B0FBR8RPF2","","34.7","27.3","11.7","1390"
"Logicool G ゲーミングキーボード G515 LIGHTSPEED TKL 薄型 ワイヤレス テンキーレス キーボード G515-WL-LNWH リニア 赤軸 静かなタイピング 日本語配列 LIGHTSPEED Bluetooth 接続対応 LIGHTSYNC RGB PC ホワイト 国内正規品","2822","123","50","202","¥ 18,664","¥ 18,664","1","B0D7ZMHHFF","B0FT815LQ8","38.4","16.3","4.9","1190"
"HiGrace タブレット 10インチ Android16 30GB+128GB+1TB拡張 6000mAhバッテリー 8コアCPU","2828","30","300","79","¥ 14,999","","3","B0H6VYPCRV","B0HGB7S1BS","27","18.5","6","1250"
"リコー PFU ドキュメントスキャナー ScanSnap iX110 (A4 片面読取 Wi-Fi対応 USB Type-C モバイル) 書類 レシート 名刺 写真 (White)","2830","132","100","78","¥ 24,021","¥ 24,219","20","B0FX2TJBHX","B0FYQNRW85","31.4","14","7.6","700"
"サンワダイレクト エルゴノミクスマウス 無線 チルトホイール 高速スクロール Bluetooth 2.4GHz 静音 400-MAWBS228BK","2835","78","","20","¥ 5,380","","1","B0FSC7W7QD","B0GTQ5GVXG","12.2","9.2","8.4","190"
"【T10-100GB】T8上位モデル モバイル ポケット WiFi ルーター 100GB 即使用可能 契約＆返却不要 端末買い切り 月額費用なし 追加チャージ可能 365日有効 マルチキャリア対応 キャンプ対応【大容量Wi-Fi】","2836","24","200","34","¥ 10,980","","1","B0H82HQK8N","B0GYRZH79J","15.7","9.2","2.6","210"
"モバイルモニター 15.6インチ 1080P Vimonic モバイルディスプレイ VAパネル 非光沢 薄型 軽量 FHD 自立型 標準VESA","2836","131","200","124","¥ 6,996","","2","B0G58N7Z9M","B0HDLYNBVV","41.8","32.6","5.9","1790"
"MOGOOD USB CスプリッタUSB CからUSBCマザーアダプタUSBC Yスプリッタケーブル（ディスプレイには適さない）Cオスから2 CバスバーまでのデュアルCタイプポートハブCタイプ充電スプリッタアダプタはMac、Xbox One、ノートパソコンに適している","2677","31","","2721","¥ 6,949","","1","B0CQY7Q782","B0CQZZPZ83","9.9","6.5","1.7","40"
"hdmi 無線 ワイヤレス hdmi 送受信機セット 0.03秒超低遅延「1080P/5G+2.4G/100m安定転送/日本技適認証取得」","2837","106","200","165","¥ 5,699","","2","B0F99M631F","B0HFW7D87G","17.9","13.5","3.2","210"
"Acer 23.8インチ フルHD 144Hz 1ms(VRB) IPS 非光沢 sRGB 99% AMD FreeSync ブラックブースト VRB対応 ブルーライト低減 HDMI 1.4 DisplayPort v1.2 スピーカー・ヘッドホン端子 Acer Display Widget 6軸カラー調整 VESAマウント対応 Nitro ゲーミングモニター QG241YP6bmipx","2839","117","50","10","¥ 14,980","¥ 14,980","2","B0FCM4WL7F","B0FTRKFVSC","60","38","12","4900"
"EMEET M1A スピーカーフォン 360˚全方向集音 会議用マイクスピーカー","2840","109","300","351","¥ 6,599","","1","B09X5G7B8S","B0DXPFKM28","15.5","14.7","4.6","310"
"エレコム ワイヤレスキーボード Precisionist プレシジョニスト Bluetooth 無線2.4GHz マルチペアリング4台 充電式 薄型パンタグラフ式 フルサイズ ブラック TK-PN10FMPABK","2844","113","100","168","¥ 6,990","¥ 6,990","8","B0FL6ZD3WL","B0FLCJC73V","47.2","16.5","3.5","730"
"【2026新登場 Android 16 タブレット 10インチ強化版】BMAX タブレット アンドロイド 8コアCPU 24GB RAM+64GB ROM+2TB拡張 tablet GPS搭載 顔認識 6000mAh大容量 子供の学習・シニア利用・動画視聴・電子書籍・Web会議・旅行ナビに対応 Widevine L1 Netflix対応/保護フイルム貼り済","2845","128","400","82","¥ 12,349","","1","B0GZ1VLML6","","33.9","20.2","3.6","840"
"【整備済み品】I-O DATA 液晶モニター LCD-DF221EDW ホワイト 21.5インチ フルHD(1920×1080) ADS 非光沢 DisplayPort/HDMI/VGA スピーカー内蔵 VESA対応","2846","71","","3","¥ 7,000","","1","B0GSG4SG6W","B0F2HMDGGF","56.2","40.7","12","4320"
"エプソン プリンター エコタンク搭載 A4カラーインクジェット複合機 EW-M757TW1 ホワイト【Amazon.co.jp限定】","2851","109","50","39","¥ 45,700","¥ 45,700","1","B0DJQ5FYWG","B097N9YQ62","50","40.5","27","8500"
"Logitech G RS クラッチモジュール。","2856","79","50","60","¥ 8,939","","34","B0FKGWPRW9","","33.8","22.4","10.7","1529"
"Razer Orochi V2 ゲーミングマウス ワイヤレス HyperSpeed Bluetooth 2つの無線モード 5G 高性能 18000 DPI オプティカルセンサー","2863","72","100","10","¥ 5,980","¥ 5,980","1","B0GXZHRJR3","B0H9WBNJR4","15.9","10.5","5.1","160"
"31.5インチ 覗き見防止フィルム ノートパソコン プライバシーフィルター ブルーライトカット PC 液晶保護フィルム 両面使用可能 ブルーライトカット 反射防止 着脱簡単 適格請求書発行可","2867","52","","503","¥ 6,800","","1","B0DQBK9MDH","B0B7VXMGZ5","71.2","43.7","1.1","480"
"エレコム 外付けSSD 1TB USB3.2(Gen2) PS5/PS4(メーカー動作確認済) ノック式 レッド ESD-EPK1000GRD","2870","117","","174","¥ 23,800","","8","B096TKYJZ1","B0CVN6V9RW","15.7","12.1","3.1","50"
"Razer(レイザー) Viper V3 Pro SE ゲーミングマウス 1000Hzドングル同梱 ワイヤレス 無線 超軽量54g 第 2 世代 Focus Pro 35Kセンサー 35000DPI 最大95時間駆動 高速無線 オプティカルスイッチ 6ボタン USB Type C ケーブル - PVC ヴァイパー ブイスリー プロ エスイー 【日本正規代理店保証品】","2878","25","","7","¥ 14,839","¥ 14,839","1","B0GC5BKR24","","17.7","12.3","5.7","290"
"【充電もできる！次世代モバイルWiFi】車載対応 サクッとWi-Fi light 100GB/365日 WiFi モバイルルーター バッテリー レス type-Cケーブル一体型 月額なし×契約なし×買い切り 1GB最安級のギガチャージ式WiFi 国内海外対応","2883","83","300","136","¥ 5,500","","1","B0G1B7RZ28","B0G35HL4HS","15","15","3.2","140"
"KEEPTIME モバイルモニター 15.6"" 1080P IPS非光沢 卓上スタンド付き USB-C/HDMI ノートPC/スマホ/ゲーム機対応","2885","118","200","345","¥ 9,689","","1","B0DRPHRNL6","B0HGRJ4T76","42.7","27.5","9.1","2240"
"HTC VRヘッドセット アクセサリー VIVE SteamVR Base Station 2.0 【国内正規品】","2886","132","200","102","¥ 23,480","¥ 23,480","3","B0C7Q924PP","","14.7","13.5","12.9","670"
"Playseat レーシングシミュレーター Evolution Actifit GTポジション 通気性シート Actifit素材 調整可能なフレーム REM00004【国内正規品】","2889","49","","1505","¥ 47,800","¥ 47,800","2","B009ZELZG0","B0GMNP2RB1","61.3","52.5","41.3","23340"
"シャオミ(Xiaomi) タブレットXiaomi Pad Mini 8GB+256GB 8.8インチデザイン 165Hz 高精細3Kクリアディスプレイ MediaTek Dimensity 9400+ 高効率冷却 大容量7500mAhバッテリー 67Wハイパーチャージ リバース充電対応 デュアルType-C パープル","2893","121","50","51","¥ 72,981","¥ 72,981","1","B0FNMWZ6QD","B0FSKJWYPR","23.1","15.7","5.4","790"
"【CHEETAH WiFi】U20 チーターワイファイ 軽量 薄型モデル ギガ無制限で30日間使える 日本語ご利用ガイド付属 ギガ付ポケットWiFi 契約返却無 月額費用無 簡単ギガチャージ 国内海外利用可能 電源ONで即時使える 車にも モバイルルーター レンタル 不要 買い切り ギガ付きセット カー クルマ 旅行 プリペイド SIMフリー リチャージ (U20/UNLIMIT/30日/WH)","3218","109","100","60","¥ 6,980","","1","B0DSJFSHR9","B0DSJDSNGZ","13.9","7.6","3.7","190"
"TN299XLBK ブラザー用 Brother TN299XL 互換トナーカートリッジ 299XLBK トナーカートリッジ トナー 299XL 黒2本 互換トナー 大容量タイプ 対応機種：HL-L3240CDW MFC-L3780CDW 国際規格ISO9001認証工場生産 【Nalifystic】","2894","70","100","5","¥ 5,016","","1","B0G4LGMRZC","B0HB35B8ZV","33.5","13","10.7","910"
"Ferkurn 10-11“インチ パソコンバッグ 衝撃吸収 ラップトップ，オフホワイト","2698","46","","5945","¥ 12,377","","1","B07V9Q7M43","B07L5V9J99","33","23.9","3.6","249"
"Arteck 2.4G無線ワイヤレス キーボード マウス セット 軽量 薄型 Type-C 充電式 フルサイズ キーボード マウス コンピューター、デスクトップ、PC、ラップトップ、Windows 11/10/8/7との交換性あり","2904","100","200","735","¥ 5,129","","1","B09VPGTVBZ","","44.2","27.9","4.2","699"
"HUAWEI WiFi BE3 Wi-Fi 7 無線LANルーター メッシュ対応 かんたん設定 IPv6 BE3600 2882+688Mbps 2.5Gイーサネットポート Wi-Fi診断の可視化 ペアレンタルコントロール ブラック","2922","34","100","25","¥ 7,920","","1","B0H8CJGQMP","B0HC1HBPN4","23.5","21.8","8.2","670"
"Fargo STEEL TAP 電源タップ スチール製 3ピン対応 アース線付き コード 壁掛け 固定 (ダークグレー, 6個口2m) (× 2)","3193","20","","116","¥ 9,824","","","B0GZCLRYDF","B0F8BNLYYL","35.5","13.5","5","1600"
"Fintie クリアケース iPad mini 第7世代 (A17 Pro) / mini 6 8.3インチ用","2924","94","","7903","¥ 5,382","","9","B09KXJLB7T","B09FHZVVS3","20.4","16.4","1.6","159"
"【Amazon.co.jp限定】 バッファロー WiFi 無線LAN Wi-Fi 6 11ax AX6000 4803+1147Mbps 日本メーカー 【 iPhone 15 / 14 / iPhone SE (第三世代) / Nintendo Switch / PS5 動作確認済み 】 スマート 引っ越し エコパッケージ WSR-6000AX8P/NMB","2926","148","100","507","¥ 17,980","¥ 17,980","1","B0CCLRC3BD","B0CDX7XWKL","26.2","21.1","7.9","990"
"Samsung Galaxy Tab S11 256GB（Wi-Fi）｜Galaxy AI対応｜グレー｜タブレット｜Samsung純正 国内正規品｜2025年発売｜防水防塵｜Sペン付き｜11インチ｜256GB(最大2TB拡張)｜バッテリー8,400mAh｜469g｜Android｜SM-X730NZAEXJP","2931","120","100","48","¥ 125,455","¥ 125,455","2","B0FND8FYQ6","B0FPM5S211","27.1","18.2","2.2","730"
"StarTech.com USB 3.0対応HDMIディスプレイアダプタ/1080p対応/USB Type-A接続/スリムタイプ/Windowsのみ対応 USB32HDES","2932","122","200","3147","¥ 5,350","","15","B00H91BQ7Y","B0D4VQC9T2","17.6","14.5","3.4","120"
"SCYROX V6 軽量 ワイヤレスゲーミングマウス 40g Pixart 3950センサー 8k ドングル同梱済み kailhスイッチ版【日本正規代理店保証】 (ブルー)","2935","112","100","28","¥ 11,980","","2","B0GKH36WB5","B0GKGK5DQV","18.4","13.5","7.8","358"
"バッファロー WEB カメラ 1080P フルHD 30 fps 200 万画素 視野角 約81° Zoom/Slack/Microsoft Teams メーカー動作確認済 PC/Windows/Mac 対応 プライバシーシャッター付 マイク内蔵 小型 シンプル 日本メーカー ケーブル2m ブラック BSW305MBK (× 3)","2939","21","","1941","¥ 8,340","","","B0H8F2FDK9","B09RT99K9W","16.6","8.3","5.4","510"
"Gvyugke ゲーミングヘッドセット ワイヤレス 2.4G Bluetooth 5.4 4WAY接続 超低遅延 マイク付き ヘッドホン ミュート機能50mmドライバー 45時間連続再生 3Dサラウンド 軽量 FPS/TPS/eスポーツ/Apex/荒野行動/フォートナイト/ボイスチャット 対応【技適マーク認証済】pc ps5 ps4 xboxone switch対応 ブラック","2944","51","","23","¥ 6,499","","1","B0H1LPCR6H","B0HD6TTN9W","21.9","21.6","9.8","390"
"Fintie スリムクリアケース iPad Pro 12.9 第6世代/第5世代/第4世代/第3世代用","2964","71","","9259","¥ 5,985","","10","B09CCSYLCD","B095MPNV91","29.3","24.7","2","360"
"140W USB-C to Magnetic 3互换 MacBook Pro 16/14インチ・MacBook Air 15/13インチ用 互換充電器 2025/2024/2023/2022/2021モデル対応 PD急速充電","2057","9","","","¥ 6,999","","1","B0GT4YF9ZQ","B0HDRSL64T","16.5","9.7","4.2","350"
"Jabra SPEAK510 MS 法人向け 2年保証付き Bluetooth搭載携帯用・小規模会議用スピーカーフォン マイクロソフト社認証 【日本正規代理店品】 7510-109","2957","138","100","6178","¥ 15,773","","9","B00ANI7HI2","","14.2","13.2","4.5","280"
"プリンター ブラザー A3インクジェット複合機 DCP-J7205CDW コピー プリント スキャン 自動両面印刷 Wi-Fi ビジネス 対応インクLC512/LC512XLシリーズ","2958","132","200","20","¥ 34,372","¥ 34,719","3","B0GHPZD3SK","B0GNRZTJLR","57.6","47.7","37.5","28300"
"Razer(レイザー) ゲーミングマウス DeathAdder V3 HyperSpeed ワイヤレス 55g RZ01-05140100-R3A1","2960","64","100","36","¥ 11,980","¥ 11,980","6","B0D8KDFVK8","B0HFBMX2ZC","20","12.1","6","280"
"ERGOTRON エルゴトロン LX Pro デュアルモニターアーム 2画面用 横型 ブラック 黒 27インチ対応 10年保証付 45-686-292","2962","107","100","23","¥ 38,500","¥ 38,500","1","B0DSJLRV6B","B0G25J4P1Q","68.6","34.5","18","8482"
"Logicool G ゲーミングマウス G502 X 有線 ゲーミング マウス G502X-BK LIGHTFORCE ハイブリッドスイッチ HERO 25K センサー 13個プログラムボタン 軽量 89g G502X ブラック PC windows mac 国内正規品 【 ファイナルファンタジー XIV 推奨モデル 】","2966","139","100","326","¥ 9,900","¥ 9,900","2","B0BHKRD3GY","B0CZP3WMLM","16.8","10.2","5","160"
"CORSAIR SCIMITAR ELITE WIRELESS SE MMO向け ワイヤレスゲーミングマウス 16ボタン プログラム可能 ホワイト","2969","117","100","63","¥ 15,091","¥ 15,091","8","B0F7M6WN7K","B0FDNRLNRC","17.5","11.2","5.1","240"
"サンワダイレクト モニターアーム デュアルモニター対応 2画面 3関節 クランプ固定 100-LA030","2973","101","50","306","¥ 5,380","","1","B01DVGF3W4","B0GVN2921Q","53.8","31.4","12.2","5420"
"LG モニター 27U730A-B 27インチ/4K/IPS/約10.7億色表示(8bit+FRC)/USB-C PD90W/多機能スタンド","2974","130","100","327","¥ 43,148","¥ 57,374","13","B0F6CVB672","B0H7B9HZ4V","68.8","45","21.9","10400"
"サンワダイレクト 電源タップ タワー 12個口 USB付き 雷ガード PD 20W 3m スイングプラグ ホワイト 700-TAP074W","2978","72","","6","¥ 5,780","","1","B0D7HB7GZ3","B0D7MB7V53","19.6","15.4","14.9","1140"
"キヤノン Canon 純正 インクカートリッジ XKI-N11XL(BK/C/M/Y/PB)+N10XL 6色マルチパック 大容量タイプ 長さ:4.35cm 幅:11.4cm 高さ:10.35cm","2983","123","200","832","¥ 6,400","¥ 6,400","36","B07576HSX6","","11.4","10.3","4.4","210"
"オムロン 無停電電源装置(常時商用給電/正弦波出力) 550VA/340W BW55T ブラック","2986","143","200","262","¥ 20,500","","19","B079J8SCJK","","38","27.6","19.2","5170"
"0.7m×2本 Thunderbolt 4 ケーブル IVANKY インテル認証 (240W, 8K, 40Gbps) USB-C & USB-C","2996","94","","1679","¥ 7,398","","2","B0D31HP7SS","B0DS63H6ZG","21","8.5","1.6","70"
"【SONYライセンス商品】ファイティングスティックα for PlayStation®5, PlayStation®4, PC【PS5,PS4両対応】 (通常版)","3000","232","200","647","¥ 20,868","¥ 20,868","5","B09P9L38GX","B0FH4ZR7RX","48.4","37.2","16.4","3350"
"fanxiang SSD 1TB NVMe PCIe Gen3.0x4 3200MB/s TLC 3D NAND M.2 2280 内蔵SSD 32Gb/s ノートパソコン/デスクトップに対応 640TBW 5年保証 S500 Pro","3002","94","","6215","¥ 23,980","","1","B0B55TQMFJ","B0B5T4QQYF","11.5","6.6","1.9","30"
"バーベイタムジャパン(Verbatim Japan) 1回録画用 DVD-R DL CPRM 215分 50枚 片面2層 2-8倍速 VHR21HP50V1FFP [フラストレーションフリーパッケージ(FFP)]","2608","12","50","690","¥ 5,280","¥ 5,280","1","B005OEZYNU","","20.3","20.3","12.6","1170"
"Kensington ケンジントン Bluetooth SlimBlade Pro トラックボール K72085JP グレー","3005","122","100","500","¥ 12,999","¥ 12,999","5","B0C5QP55YX","B0CNXHLR42","19.9","15.7","6.7","460"
"Xiaomi Pad 8 8G+256G ブルー 11.2インチ 3.2K 144Hz高精細ディスプレイ 800nits Snapdragon 8s Gen 4 Xiaomi HyperOS 3搭載 AI機能 Google Gemini クワッドスピーカー Dolby Vision 9200mAhバッテリー 45W急速充電 エンターテインメント 作業 会議用","3006","55","","30","¥ 94,230","¥ 79,980","2","B0FB36VF45","B0H87TGYCT","31.9","27.8","5.9","1100"
"UPPDEFFST USBC -USBC ケーブル 10m 5Gbps データ転送 60W 超急速充電 PD3.0 対応 PD3.1 互換 4K@60Hz 映像出力対応 ポータブルモニター・車載機器・ノート PC・ドッキングステーション・USB ハブ・SSD 対応 高耐久素材 在宅勤務・オフィス・出張・旅行汎用 ブラック ロングケーブル,長 type-c usb ケーブル10m.","3010","16","","77","¥ 5,518","","1","B0H32QTBP2","B0H6JFWJJD","28","22","1","280"
"IODATA モニター 27インチ 4K USB-C90W給電 sRGB99% スピーカー付（HDMI/USB-C） EX-CU273AS-F","3016","148","100","22","¥ 38,520","¥ 38,520","1","B0GVDBN7K8","B0GVF1725T","69","45.3","15.9","7940"
"バッファロー WiFi 7 11be 無線LAN 子機 6GHz USB3.2 (Gen1) 延長ケーブル付属 WI-U3-2900BE2/N","3020","110","200","65","¥ 8,080","¥ 8,080","1","B0FXLWDRD6","","15.3","12.4","3.9","190"
"cocopar モニター 34インチ UWQHD USB Type-C 曲面 ウルトラワイド 3440x1440p 165Hz HDMI DP 画面回転 120％sRGB 1ms 多機能スタンド VESA対応 非光沢 VA 湾曲 PIP/PBP/FreeSync/HDR/チルト/高さ調整/ピボット/スピーカー内蔵/イヤホンジャック ゲーミングモニター PCモニター HG-4K34C","3021","118","100","145","¥ 34,999","","1","B0FCLK86BL","B0HG4RFDSJ","98.2","49","19.2","6000"
"PHILIPS T8015 国内正規品 11インチタブレット Android 16 FHD Netflix HD対応 90Hz 6GB/128GB","3023","113","100","48","¥ 30,980","","3","B0GXF5Z8TB","","28.8","20.1","4.4","920"
"国内メーカー直営【ギガセット】 チャージ型 ポケットWiFi 国内ギガ付 契約不要 月額費用無し 24時間 ギガ リチャージ WiFiルーター クルマ利用 海外利用も可 電源付けるだけですぐ利用可能 (【バッテリーレス】X200 100GB/365日)","3182","86","50","20","¥ 6,980","","1","B0GHXG4XPG","B0G6DBNDFB","14.2","8.6","3.2","150"
"【新モデル】国内メーカー直営 ポケット WiFi 『プレミアムチャージWiFi』U20P (日本国内10GB/30日付) ギガ割引クーポン毎月付与 端末買い切り 契約・クレカ不要 利用分だけ都度チャージ 海外利用可能","3030","81","200","30","¥ 7,515","","1","B0DYJKLH6X","B0G5WXBRVF","15.2","9.4","2.7","210"
"ウエスタンデジタル(Western Digital) WD ポータブルHDD 5TB USB3.0 グレー My Passport USB-C USB-C＆USB-A両対応 暗号化 パスワード保護 外付けハードディスク / メーカー3年保証 WDBRMD0050BGY-WESN 国内正規代理店品","3032","37","","291","¥ 34,290","¥ 34,290","1","B0CL7GHC8K","","22","11.6","11.2","372"
"TP-Link 10Gbps LANカード PCI-E アダプター ネットワークカード TX401","3034","127","200","1699","¥ 8,982","¥ 8,982","9","B08GFGG888","","20.2","15.4","4.7","300"
"AVerMedia StreamLine MINI+ キャプチャーボード 4K60パススルー 1080p60録画 GC311G2 DV1016","3035","137","400","32","¥ 12,145","¥ 12,145","9","B0F2TDRP22","B08246SQ11","17","11.5","6.5","250"
"I-O DATA アイ・オー・データ (法人・文教モデル)3辺フレームレス&広視野角ADSパネル 23.8型ワイド液晶ディスプレイ ブラック LCD-A241DB","3036","129","200","26","¥ 12,180","","34","B0CPSLP416","","60.5","42.5","12","4780"
"BRILA (ブリラ) 人間工学に基づいたメモリーフォーム製 キーボードリストレストサポートパッドクッション コンピューター/ノートパソコン/オフィス/PCゲーム用 マッサージ穴が付いたデザイン 快適にタイピング 手首の痛みを緩和 (ピンク)","3817","51","","25","¥ 5,129","","1","B07FNH11Z6","B07FXS35FG","44","7.6","2.1","273"
"LANケーブル 70m 屋外用 CAT6 PoE対応 30年の屋外耐候性PE(ポリエチレン)２重被覆 安心の国内ブランド カテゴリ6 高速1Gbps 1000BASE-T 防水 紫外線 業務用 耐候性 (黒) - KC-12977","3040","62","","132","¥ 6,480","","1","B0CT6R1L85","B0CT6TVJ4G","33","32.9","9.7","2520"
"Canon キヤノン インクジェットプリンタ PIXUS iX6830","3041","130","200","619","¥ 24,317","¥ 24,800","28","B00HWOT6JS","","66","43","27","9930"
"エプソン ビジネスプロジェクター 液晶 3600lm XGA 2.4kg EB-E12 HDMI 2025年モデル","3048","154","100","42","¥ 54,800","¥ 57,800","17","B0FBW42YHG","","39.2","34.6","16.7","3100"
"タブレット 10インチ Android 16 Gemini AI 搭載 120Hz 大画面 タブレット Wi-Fiモデル WidevineL1 対応","3051","72","200","339","¥ 13,900","","1","B09FJRB6L2","B0HGPS4Q1L","33","19.6","3.9","860"
"【ブラザー純正】トナーカートリッジ　TN70JXXL 対応型番:HL-L6310DW、MFC-L6820DW、HL-L5210DW、HL-L5210DN、MFC-L5710DW　他","3053","144","200","30","¥ 18,700","¥ 19,700","44","B0CJXPZ6L7","","36.5","24.8","14.7","1130"
"【Amazon.co.jp限定】バッファロー 10Gbps 10GbE LANボード PCIe Gen4.0 ×1レーン LGY-PCIE-MG3/N","3061","121","300","73","¥ 10,780","¥ 10,780","1","B0FYF9CXX3","","16.1","13.5","3.1","150"
"【Amazon.co.jp限定】Elgato Stream Deck MK.2 エルガトストリームデック MK.2【15キー配列】ライブコンテンツ作成用のコントローラー 配信者向けデバイス OBS/Twitch​/YouTube連携 Mac/PC対応","3061","146","200","707","¥ 21,780","¥ 21,780","1","B0CDWSWLWV","B0CKXV94TK","27","20","12","580"
"USB Type C HDMI 変換アダプタ USB Type C (Gray1)","3459","39","","14513","¥ 7,349","","1","B07QKVY23Q","B0H5W27TCX","20.3","10.1","9.9","290"
"Dell AW2725Q 26.7インチ 有機EL Alienware ゲーミングモニター","3072","144","100","102","¥ 82,800","¥ 94,284","9","B0F23DY221","B0FW53S58M","85.5","47","15.5","9840"
"Logicool G ゲーミングキーボード G413SE 有線 タクタイル 確かな打鍵感 日本語配列 高耐久性 PTB キーキャップ ゲーミング キーボード メカニカルキーボード G413 PC window mac Chrome 国内正規品 【 ファイナルファンタジー XIV 推奨モデル 】","3077","118","100","151","¥ 9,327","¥ 9,327","3","B0B5ZF1X9G","B0GWDMD6RT","45.4","17.1","4.4","1070"
"Kasott Soundmaster Pro V1 マイク付きゲーミングイヤホン【マイクミュート機能 】低音重視 イヤフォンヘッドホン カナル型 Nintendo Switch Xbox有線 スマホ 携帯 ゲーム 重低音 PS4/PS5 / PC PUBG 荒野行動 ZOOM Skype 対応 テレワーク ビデオ会議 在宅勤務","3080","92","100","820","¥ 5,980","","2","B0BGYR5WGS","B0DQ8FHVZL","13","10.4","2.9","90"
"IVANKY Thunderbolt 5 ケーブル インテル認証 (240W, 8K, 120Gbps) 1m×2本 ナイロン USB-C&USB-C","4400","90","","750","¥ 6,398","","1","B0F1THCZ9V","B0F5BJLDYQ","21.1","8.4","1.7","80"
"【業界革新版】Ewin キーボード ワイヤレス 折りたたみ bluetoothとusb無線両対応 標準JIS日本語配列 ios mac win対応","3083","112","300","174","¥ 5,796","","1","B0DK5GRBFY","B0H8R6XLBR","22.9","10.6","2.7","350"
"グリーンハウス モニターアーム 4画面 17~32インチ対応 耐荷重各9kg(計36kg) 4軸 3年保証 GH-AMDN4-BK","3085","97","","36","¥ 6,892","¥ 6,892","1","B0CY1LJ5NN","B0CYZHD3QF","42","26.6","12.6","6530"
"エプソン プリンター A4 モバイル カラーインクジェット ビジネス向け PX-S06B ブラック","3086","128","100","624","¥ 24,800","¥ 24,800","16","B07QNVD7LH","B0FVLLYZSX","38.1","25.9","12.8","2560"
"ProtoArc EM01 NL トラックボールマウス 静音 20°角度調整 無線 2.4G Bluetooth対応 3台同時接続 手首負担軽減","3087","21","","3698","¥ 5,280","","1","B0H9JXYHNM","B0H98T8QK9","14.3","11.6","8.1","340"
"IODATA モニター 50インチ 4K サイネージ 高輝度500cd/m2 18時間連続稼働 EX-U501V","3090","61","","","¥ 94,800","¥ 94,800","1","B0DCF58FBX","B0DHFXZKMP","122","74","12.5","16440"
"【2026新登場 Android 16 タブレット 10インチ 】星の輝き タブレット Android 32GB+64GB（1TB拡張対応）5G Wi-Fi BT5.0 1280*800解像度IPS 省電力設計 Widevine L1 6000mAh大容量バッテリー 18Wの急速充電に対応 顔認識 無線投影 初心者向け 入門モデル/高齢者/安全設計/日本語説明書","3095","18","","4","¥ 10,899","","1","B0H9LTMZ8T","B0HCW9QKPB","28.6","19.6","3.9","870"
"HDMI to USB C 変換ボックス HDMI 画面拡張 4K@60Hz Fire T-V Stick と Xreal Air pro2 変換アダプタ 5000mAh大容量電池 給電 ケーブル不要 モバイル 携帯式 給電 RayNeo Air 3s AR スマート グラスモニター拡張 VITURE One/Rokid Air/TCL nxtwear sと交換性","3100","65","","5851","¥ 6,199","","1","B0GK17R2L8","B0GYWC3HMM","17.5","10.3","4.7","250"
"エレコム 外付けハードディスク HDD 2TB テレビ録画 PC ファンレス設計 静音 縦置き/横置き ブラック ELD-STV020UBK","3103","155","200","1310","¥ 19,900","","8","B0BY84FN43","B0C5CQZTWL","22.6","21.6","8.8","940"
"サンワダイレクト リストレスト 肘置き台 クランプ式 幅67cm 折りたたみ式 クッション入り アームレスト 後付け 100-TOK008BK","3324","77","","3","¥ 7,980","","1","B0GMYSWMHZ","B0GMZR3B56","40","29","4.5","1320"
"【Amazon.co.jp限定】Wacom One 液晶ペンタブレット 14 TDTC141W0 ワコム 液タブ 液晶ペンタブレット 14インチ オリジナルカスタムブラシセット","3124","118","200","72","¥ 35,820","¥ 35,820","1","B0FQB8PMV8","","36.7","22.9","5.8","1300"
"Crucial デスクトップ用増設メモリ 16GB(8GBx2枚) DDR4 2666MT/s(PC4-21300) CL19 UDIMM 288pin CT2K8G4DFRA266","3126","103","","598","¥ 22,840","","84","B08C4T5Q5B","B0987DM6L5","16.5","5.1","1.6","50"
"GravaStar MERCURY M2 ワイヤレス ゲーミングマウス 無線 PAW3395搭載 透明ピンク かわいいピンク 79g軽量 RGBライト","3680","74","50","2009","¥ 12,980","","1","B0H38KKFF3","B0F4QCWWJG","16.3","9.7","8.2","340"
"Anker 737 Power Bank (PowerCore 24000)","3131","20","200","17216","¥ 15,990","","1","B09VPHVT2Z","","17.7","12.5","6.1","810"
"Sound Blaster GS5 60Wピーク BT/光入力/アナログ入力 ゲーミング サウンドバー","3132","131","100","75","¥ 10,782","","2","B0DMZTNLL1","","61.4","22.5","11.9","2240"
"【5年保証付き】Pixio PXC248 Wave ゲーミングモニター 湾曲 200Hz 23.8インチ 24インチ FHD Fast VA ピクシオ","4499","32","","10","¥ 18,480","","1","B0G5XLM3BT","B0G5Y9XD2H","60.4","40","13.7","4400"
"エプソン プリンター A4インクジェット複合機 EW-M530F カラリオ ADF搭載 Wi-Fi 有線LAN 自動両面 FAX 4色 独立型 前面給紙","3140","151","200","1717","¥ 15,245","¥ 15,400","19","B08KPSVJQY","B0GRFCPMKM","44.6","41.8","31.2","8100"
"HP OmniBook7 Aero 13-bg 13.3インチ セラミックホワイト Office-2026年 (BF8H4PA-ABSB)","3141","49","","","¥ 174,800","","1","B0H6J2JBZ3","B0F6MJWB3L","44","26","6.3","1700"
"tomtoc コーデュラ 14インチ MacBook Pro M5/M4/M3/M2/M1 Pro/Max 2026-2021対応 パソコンケース","3142","79","","1076","¥ 6,026","","1","B0FVLY39QW","B0D7HWHCF7","36.1","27.2","5.7","410"
"Mobo Keyboard 2 折りたたみキーボード 日本語配列 Bluetooth 5.1 USB-C [専用ケース兼スタンド付]マルチペアリング USB-C充電 薄型 軽量 [公式ロゴステッカー付] ブラック/グレー AM-K2TF83J/BKG-SC","3144","112","50","18","¥ 7,254","","1","B0FKBF734N","B0G1JTLL5B","21.8","15.5","3.2","580"
"エプソン プリンター A3ノビ対応インクジェットプリンター PX-S5010","3145","120","200","685","¥ 22,800","¥ 22,800","28","B07GWXRJ2J","B0GSDJQQWC","54.5","44","24.3","10390"
"TP-Link WiFi ルーター 無線ルーター WiFi6 AX1500 IPv6 1200+300Mbps WPA3 EasyMesh メーカー3年保証 Archer AX1500/A","3151","122","100","162","¥ 5,292","¥ 5,292","2","B0CHF2N3J6","B0H9S7JWK9","22.1","18.5","9.2","580"
"富士ソフト +F FS040W モバイル Wi-Fi ルーター dual_band SIMフリー 端末 FS040WMB1","3155","120","300","856","¥ 12,819","","9","B08CDQQSMP","B0H8GGMXGV","20.6","14.8","3.1","310"
"オレンジ(10m)-USB3.0 to USB-C テザーケーブル 最大5Gbps高速データ転送 L字型金メッキコネクタ 高耐久設計 安定接続 テザー撮影用 キヤノン R5・R6 ソニー α7IV・α7R V ニコン Z6・Z7 富士フイルム X-T5・GFX対応","3159","7","","","¥ 5,998","","1","B0H8SWK98R","B0GD5SDLTH","21","16","2.5","192"
"PlimPad Kids20 キッズタブレット10インチ wi-fiモデル Android 15､RAM 12GB/ROM 64GB､6000mAh","3161","78","50","247","¥ 15,989","","1","B0DMNJB3JS","B0H8MT31GT","28.2","20.8","6.4","1190"
"【Amazon.co.jp 限定】Wacom MovinkPad Pro 14 TDTHA140L0Z ワコム ポータブルパッド Android15 液タブ 液晶ペンタブレット オリジナルカスタムブラシセット Wacom Pro Pen 3 付属 お絵描き イラスト","3163","123","100","52","¥ 144,980","¥ 144,980","1","B0FW4VRFW7","B0GVRR6R8W","34.5","23.1","4.7","1130"
"GMKtec K12 ミニPC AMD Ryzen 7 H 255搭載【8745HSより速い】8コア16スレッド 最大4.9GHz NVMe SSD PCIe4.0×4拡張対応 OCulink搭載 デュアル2.5G LAN HDMI2.1/DP1.4/USB4搭載 4画面8K出力 静音冷却ファン Windows 11 Pro 正規版 オフィス/マルチタスクに最適","147948","2","","369","¥ 117,646","","1","B0H2Q8TKGL","B0HGW2YP7X","36","20","9","2200"
"【ブラザー純正】 ブラザー工業(Brother Industries) インクカートリッジイエロー(大容量)LC417XLY対応型番:MFC-J7500CDW、MFC-J5800CDW他","3165","112","200","83","¥ 5,140","¥ 5,245","38","B0BCJX2MHZ","B0CT5422ZX","19.5","8.5","2.7","100"
"エレコム ノートパソコン冷却台 PS3 PS4 横置き アルミボディ 高耐久 USB3.0ハブ4ポート搭載 大型ファン×2 ブーストモード切替 17インチまで対応 SX-CL24LBK-W","3613","93","","16","¥ 12,800","","1","B00TOAK3HM","B072ZQNFTT","46.2","36","8.8","2240"
"【2026年最高峰ミニPC】GEEKOM ミニpc AMD Ryzen 9 7940HS&Radeon 780搭載(単体GPU級性能) 128GB DDR5拡張可能 AI機能｜USB4.0*2（Oculinkを超えるeGPU接続）｜4画面8K出力｜2.5G LAN*2｜SDカードスロット｜ケンジントンロック｜3年保証｜Win11｜16GB+1TB A7 Max","3168","82","100","264","¥ 99,655","","1","B0H45NYB2H","B0HCVS295B","19.6","19","12.5","1630"
"バッファロー HD-NRLD2.0U3-BA 2TB 外付けハードディスクドライブ スタンダードモデル ブラック","3171","183","200","949","¥ 17,350","","26","B07JCK6XZX","","21.7","21.4","7.7","930"
"ロジクール WAVE KEYS K820 疲れにくい エルゴノミックキーボード Bluetooth Logi Bolt 日本語配列 ワイヤレスキーボード ワイヤレス 無線 テンキー パームレスト Windows Mac Chrome Android グラファイト 国内正規品","3194","128","200","225","¥ 10,300","¥ 10,300","3","B0CKDJRHW7","B0CKSLMZ89","39.2","23.8","3.7","970"
"XPPen Artist 163rd 液タブ X4チップ搭載ペン 液晶ペンタブレット 15.4インチ 8ショートカットキー イラスト お絵描き スタンド付 Artist 16サード","3197","124","300","40","¥ 43,982","","1","B0GSYZL32M","","47","28.9","8.3","2390"
"NuPhy Node75 JIS ワイヤレス メカニカルキーボード 75% 82キー ホットスワップ対応 Bluetooth/2.4GHz/USB-C 有線接続 RGBバックライト PBTキーキャップ タッチジェスチャー対応 ゲーミングキーボード 日本語配列 (Gray High Profile, Brown（タクタイル）)","3202","107","","1","¥ 17,365","","1","B0GPB55YJ3","B0H339MGHQ","35","18.2","5.1","1150"
"ORICO 9-IN-1 USB-C ハブ 10Gbps M.2 SSD外付けケース付き ドッキングステーションUSB ハブ M.2 NVMe対応対応、PD100W/10Gbps/5Gbps USB ポート/イーサネット/SD/TF3.0 冷却ファン付き Windows/Mac OS 対応 M2P7","3212","10","","9","¥ 7,999","","1","B0G4D6K6ZP","B0HGR1T4M1","16.7","11.2","4.6","300"
"ロジクール SIGNATURE K650OW ワイヤレス キーボード パームレスト 薄型 疲れにくい bluetooth Logi Bolt Unifying非対応 日本語配列 windows mac chrome Android 無線 ワイヤレスキーボード K650 オフホワイト 国内正規品","3215","91","50","140","¥ 5,782","¥ 5,782","1","B0B86QB13Q","B0CNP9HKTQ","46.9","20.7","3.4","930"
"BONTEC デュアルモニタースタンドライザー、長さ&回転角度調節可能、パープル","2442","105","","7060","¥ 16,272","","2","B0FS7FPZK7","B0DH4JQ5Z5","43.1","25.1","7","3411"
"I-O DATA アイ・オー・データ USB 5Gbps（USB 3.2 Gen1）対応 ポータブルハードディスク「カクうす Lite」HDPH-UTVシリーズ HDPH-UTV1K","3222","105","100","17","¥ 14,500","","15","B0G3SZ23QJ","","15.9","13.7","4.7","240"
"Dell SE2225HM 21.5インチ モニター","3224","108","300","27","¥ 13,980","¥ 13,980","1","B0GR4M23MF","B0GS9CDPR4","56.8","35","14.1","4300"
"Seagate Expansion 3.5インチ 外付けHDD 10TB STKP10000400","3224","130","100","424","¥ 59,000","","6","B093BWHR9C","B0D66W7422","23.2","21.8","7.9","1400"
"【整備済み品】Dell E2724HS 27インチ 液晶モニター フルHD（1920×1080）VA 非光沢 HDMI/DisplayPort/VGA スピーカー内蔵 高さ調整 スイベル VESA対応 ComfortView ビジネス向け","2484","23","","","¥ 15,800","","1","B0HBJDB6WP","B0CNVQXR7X","71.1","45.1","14","7666"
"【ブラザー純正】 ブラザー工業(Brother Industries) インクカートリッジマゼンタ(大容量)LC417XLM対応型番:MFC-J7500CDW、MFC-J5800CDW他 小","3233","124","200","87","¥ 5,245","¥ 5,245","37","B0BCJWDFSP","B0CT53D5KX","20.3","8.4","1.8","100"
"【Amazon.co.jp限定】 JAPANNEXT 43インチ 液晶ディスプレイ JN-i43F-M","3234","83","100","7","¥ 33,980","¥ 33,980","3","B0FK8FSJZS","","103","63","10","9000"
"ブラザー工業 【ブラザー純正】インクカートリッジシアン(大容量)LC417XLC対応型番:MFC-J7500CDW、MFC-J5800CDW他 小","3239","118","200","89","¥ 5,245","¥ 5,245","39","B0BCJYBCTD","","19.8","8.5","1.9","80"
"バッファロー AirStation HighPower WEX-3000AX4EA [ホワイト]","3241","73","100","39","¥ 9,250","","17","B0F4K72DSD","","22","16.9","6.9","670"
"UGREEN Revodok Pro USB Cハブ 2HDMI拡張4K60Hz 5Gbpsデータ転送 100W充電 1GbpsLAN カードリーダー","3246","139","300","3745","¥ 5,998","","1","B0BXDQS4BD","","28.5","23.6","2.1","180"
"Logicool G ゲーミングマウス G304 X SUPERLIGHT LIGHTSPEED ワイヤレス ゲーミング マウス G304X-SL-BK 軽量 59g HERO 44Kセンサー LIGHTSYNC RGB 130時間連続利用可能 USB Type-C 充電 Bluetooth対応 PC windows Mac ブラック 国内正規品","3247","87","100","10","¥ 11,800","¥ 11,800","1","B0H4HQNVJV","B0H6XC6HH8","15.5","10.3","6.5","140"
"【ECサイト限定/3年保証】JAPANNEXT 50インチ VAパネル搭載 4K解像度 大型液晶モニター JN-eV50U-H3","48818","2","","","¥ 52,480","","1","B0HD6CKSXY","","120.5","76.3","14.7","14000"
"【3年メーカー保証】ACEMAGIC F5A ミニpc AMD Ryzen 7 H255 【125Uより倍速い】 minipc 24GB+512GB","3253","58","","114","¥ 108,998","","1","B0H2VFBNWG","B0GYCX6KXD","31.6","24.3","11.9","1580"
"BONTEC Soporte Monitor Doble para Monitor 13-27 Pulgadas LED/LCD, Soporte 2 Monitores Peso Máximo 10KG de Cada Brazo, Giro de 360° y Rotación de 180°, Altura Ajustable, VESA 75/100 mm, Blanco","3256","0","","2239","¥ 17,156","","6","B09Q8TG4ZB","B0BXHNTFLQ","44.4","14.3","13.9","3488"
"USBコンソールケーブル、USB - RJ45コンソールケーブル、Ciscoルーター/APルーター/スイッチWindows、Mac、Linux用(1.8m、50パック)","3260","85","","4898","¥ 40,999","","2","B0CYP56MVJ","B0D576YVRD","35.1","27.4","12.5","4120"
"usb cケーブル ロング 6m Thunderbolt4/3 対応 long USB3.2 Gen2X2 typec 20Gbps 高速データ転送 100W PD 急速充電 4K@60Hz 映像出力 タイプc ケーブル","3264","25","","311","¥ 5,999","","1","B0GBVKQSFS","B0GJNFHX43","19","19","3","260"
"【正規品】 ネットギア NETGEAR スイッチングハブ 15ポート 1G (SFPx1) PoE+ (180W) 金属筐体 静音ファンレス メーカー5年保証 アンマネージプラス GS316EP-100JPS","3266","109","200","","¥ 36,200","","11","B08X138YH6","B0H1HFNWQQ","34.4","17.1","12.4","2380"
"エレコム LANケーブル CAT6A EU RoHS指令準拠 コネクタ無し 単線 リレックス 100m ホワイト ECLD-GPALW100RS","3269","103","100","83","¥ 11,310","¥ 11,310","2","B0D7PJ5PSP","B0GQ3B47DF","32","31.1","20.7","4870"
"KOORUI モバイルモニター 15.6インチ FHD IPS 薄型軽量 USB Type-C×2/Mini HDMI スピーカー内蔵 サブモニター","3270","94","50","568","¥ 8,500","","1","B0GYCW48PC","B0H7B6B5B4","44","29","5.5","1200"
"TreasLin USB3.0 HD ビデオキャプチャーボード Switch PS5 PS4 PS3 Xbox Wii U用サポート（4K30FPS入力 4K30FPSパススルー、HD HDMI 1080P60FPSゲーム録画・HDMIビデオ録画・ライブ配信用キャプチャーデバイス）OBS Potplayer YouTube Niconico Twitch HSV321","3286","116","200","2776","¥ 5,999","","1","B07JDF9N5W","B0H7J86XZK","15.5","8.9","4.8","230"
"ゲーミングモニター ホワイト 23.8インチ 【アイリスオーヤマ】 200Hz 1ms Full HD [選べるカラー] 3年保証 スピーカー搭載 フリッカーレス パステルカラー モニター 白 DG-AF2320S-W","3290","101","50","51","¥ 13,802","¥ 13,802","8","B0FSCZXGCR","B0G2BBGT29","60.8","45","11.8","6060"
"【Amazon.co.jp限定】 アイリスオーヤマ タブレット 8インチ Android15 128GB 保護フィルム付き DPU Helio G99 8コアプロセッサ搭載 4000mAh Bluetooth対応 TM08E2W74-AZ1B ブラック","3295","121","100","52","¥ 16,800","¥ 16,800","1","B0FJXWKT9Z","B0G29CQZP3","25.5","19.1","3.2","530"
"HETHOT iPad用 A16 第11/10世代 キーボード付きケース マグネット式 360度回転 着脱可分離ケース 縦横画面切替対応","4901","86","","41","¥ 5,399","","1","B0GGY9NN49","B0GYNMGH38","26.1","20.9","3.3","760"
"【世界初の5G通信8.8インチタブレット】ALLDOCUBE iPlay80 mini Ultra ゲーミングタブレット Dimensity8300","3299","128","200","136","¥ 55,998","","1","B0GKDTG84M","B0GWQBNMBM","24.1","20.3","3.4","590"
"KOORUI モバイルモニター 15.6インチ FHD（1920x1080） Fast IPSパネル スピーカー内蔵 ポータブルディスプレイ 薄型 軽量 持ち運び便利 モバイルディスプレイ USB Type-C/HDMI/Switch/PS4/XBOX/PC/Mac/スマホ対応 カバー付き サブモニター 在宅勤務 リモートワーク","3303","128","100","1909","¥ 8,400","¥ 8,400","1","B0FJ8SXD4B","B0GXCMT1VB","43.2","29.5","5.2","1630"
"Tapo(タポ) ホームセキュリティ ハブ 16GB ローカルストレージ AI アラーム＆チャイム WiFi 有線LAN対応 HDMI出力 2.5"" SATA HDD/SSD 搭載可能 Tapo H500","3304","135","100","137","¥ 15,899","¥ 15,899","2","B0FSCXPNPK","","21.8","18.1","10.4","1060"
"WAVLINK DisplayLink USB-C HDMI変換アダプター デュアルHDMIアダプター 4K@60Hz USBディスプレイアダプター USB 3.1 Type-C対応 2画面拡張 Windows MacBook M1 M2 M3 Surface Dell HP Lenovo対応/Linux、Unix、iPad OS、iOS非対応 ドライバーインストール必要","3306","105","100","402","¥ 7,999","","1","B0D9N5BSWS","B0H9Y6SFB7","15.3","9.8","2.2","140"
"REALFORCE R4 キーボード ハイブリッド テンキーレス 45g 日本語配列 ブラック R4HC11","3308","118","50","11","¥ 36,993","","1","B0FNR4CYXS","B0FVFHXD6N","57.7","29.9","11.5","1760"
"APC 無停電電源装置 UPS 550VA/330W BR550S-JP E ラインインタラクティブ給電 長寿命バッテリー 正弦波","3310","117","300","213","¥ 20,480","","4","B06XHZ3K5T","","43.9","25.3","14.6","7640"
"サンワダイレクト マウステーブル 360度回転 クランプ式 硬質プラスチック製 ブラック 200-MPD021BK (× 3)","3938","28","","","¥ 7,740","","","B0GZ9KBVZY","B0DK4MR8W6","25.9","21.5","6.4","1710"
"キヤノン 純正 トナーカートリッジ 056 10000枚 ブラック///ホワイト","3315","115","100","19","¥ 25,930","","52","B07Z8T93BX","B0FHWSC983","36.1","22.5","10.2","1350"
"Satera(サテラ) MF289DW レーザー複合機 A4対応","3319","110","50","36","¥ 29,800","¥ 29,800","18","B0DJFFBHPK","B0DKXP21QY","55","54","53","17500"
"ロジクール iPad 11 インチ A16 & 10.9 インチ 第10世代 対応 トラックパッド付き キーボード付き ケース Combo Touch iK1059GRA 日本語キーボード スマートコネクタ バックライト 国内正規品 2年間メーカー保証 オックスフォードグレー","3320","120","200","198","¥ 19,800","¥ 19,800","1","B0BMGV62DV","B0HGF3SWJF","27.2","21.7","3.3","830"
"MSI ゲーミングモニター MAG 27CQ6PF 27インチ/湾曲/WQHD/RAPID VA/180Hz/0.5ms(GTG)/AMD FreeSync/HDR/HDMI 2.0b/DP1.4/チルト・高さ調整/メーカー3年保証","3324","109","","51","¥ 27,800","¥ 27,800","2","B0D4LTCPX9","B0GY73KH5P","82.5","50.7","17","8300"
"キヤノン Canon 純正 トナーカートリッジ071H","3326","124","200","36","¥ 9,509","¥ 9,509","28","B0C5WLN45C","","36.2","13.7","11.1","810"
"マクセル(maxell) 録画用BD-R３層 BRV100WPE.10S","3332","128","100","68","¥ 6,776","¥ 6,776","12","B0BSLB2DZC","B0HFJ3KCXQ","14.3","12.4","5.2","560"
"tomtoc 13.3～14.5インチ ノートパソコンケース NEC LAVIE/HP/Dell/ASUSなど対応 クロームブック対応 軽量 耐衝撃","3333","21","","184","¥ 5,490","","1","B0GXKC23GX","B0GR9KNW53","35","25","4","350"
"覗き見防止フィルター 32インチ 16:9 プライバシーフィルター ブルーライトカット パソコン PCモニター のぞき見防止フィルター PCフィルター 反射防止 のぞき見防止 液晶保護 両面使用可能 請求書を発行できます Mamol","4201","55","","800","¥ 7,389","","1","B0CXXTJ3P8","B0CC4SS7MT","71.2","43","1","470"
"PC コントローラー、BIGBIG WON Rainbow 2 SE ワイヤレス コントローラー モーション コントロール、ホール効果トリガー、12 ビット ADC、ジョイスティック 3 セット、4方向十字キー、8方向十字キ、PC APP、ゲームパッド Switch/Android/iOS 用","3345","116","100","910","¥ 6,389","","1","B0CKGWDC2F","B0HGQFW2RP","19.2","12.8","7.5","410"
"Razer レイザー Basilisk V3 Pro ゲーミングマウス ワイヤレス Bluetooth 無線 接続 Focus Pro 30K オプティカルセンサー 30,000DPI 第 3 世代オプティカルマウススイッチ 高速スクロール可能なチルトホイール 11ボタン 13ゾーンのChroma RGB対応 バシリスクブイスリープロ","3352","66","200","116","¥ 14,980","¥ 14,980","7","B0BGS1KQ68","B0HF9TZ3H8","21.1","11.9","7.4","400"
"CORSAIR VENGEANCE RGB DDR5 32GB（16GB×2）最大 6000MHz対応 Intel RAM","3359","167","100","1219","¥ 67,300","","53","B0CDY46PFK","B0GTLHM3Q3","16.1","13.2","1.2","132"
"Canon トナーカートリッジ051 CRG-051","3362","112","50","79","¥ 7,340","","34","B07PPMN7SQ","B0CLDWDD47","35.5","13.5","10.5","520"
"バッファロー Wi-Fi 7 ルーター 11529+5764+688Mbps 有線10Gbps トライバンド WXR18000BE10P/N","3368","123","100","145","¥ 62,080","¥ 62,080","1","B0CSKCFZF3","","33.9","25.4","14.3","2650"
"Lemorele USB Cドッキングステーションhdmi２つ LAN タイプC ハブ デュアル HDMI+DP 4K60Hz MST 3画面拡張トリプルディスプレイUSB3.0x2、USB2.0x2、USB-C3.0、Type-C PD100W、3.5mmオーディオ、RJ45(1Gbpsイーサネット)、SD&TFカードスロット(13-IN-1)USB-CtoC全機能ケーブル付き（ブラック）","3373","38","","998","¥ 7,599","","1","B0G79NYB15","B0GY8LSJL1","19.2","8.8","4.4","250"
"エレコム トラックボールマウス IST PRO マルチ接続 Bluetooth 無線2.4GHz 有線 ベアリング支持 10ボタン ブラック M-IPT10MRSBK","3380","175","100","63","¥ 15,400","","41","B0DT6NRWDX","","21.5","13","6.4","380"
"Ewin 折りたたみ Bluetoothキーボード 日本語配列 タッチパッド テンキ付き 3台切替対応 タイプc iPad タブレット iOS/Windows/Mac対応 フルサイズ EW-NKB303","3381","92","100","34","¥ 6,239","","1","B0H3NG2P8C","","23.6","13.5","2.9","30"
"Fintie クリアケース iPad Air 第3世代 2019 / iPad Pro 10.5インチ 2017用","3382","73","","4288","¥ 5,469","","6","B0F2924T77","B09DCBXRDB","25.9","22.7","1.6","290"
"VCOM 40Gbps M.2 SSD 外付けケース USB4.0 NVME専用 M.2 SSDケース Thunderbolt 3/4 USB4/3.2/3.1/3.0/2.0 ポータブル アルミニウム製 高放熱 2280 M&B+M-Key ケースサイズをサポート エンクロージャ","2658","83","","14","¥ 7,580","","1","B0C2BWHSDT","B0CFZNHHM7","16.2","11.1","3.2","210"
"プリンストン microSD Expressカード (512GB) Nintendo Switch 2 動作確認済み 読込(PCIe) : 最大 880 MB/s | 書込(PCIe) : 最大 650 MB/s ゲーム機〇 耐衝撃 PSD-EXM-512G","3385","66","","27","¥ 17,820","","4","B0FSCLPZ8F","B0FVDLQS71","13.7","8.3","1.9","20"
"【Amazon.co.jp限定】TURTLE BEACH ラピッドトリガー 搭載 ゲーミングキーボード Vulcan II TKL Pro リアクタップ(SOCDクリーナー/ラピトリ同時可) 可変アクチュエーション 日本語配列 有線 ブラック/黒 ホールエフェクトアナログ テンキーレス RGB Windows【メーカー保証2年+代理店保証6ヶ月】","3820","111","100","216","¥ 13,980","¥ 14,122","7","B097BW662Y","B0FX9RBSCZ","45.1","18.8","8","1000"
"CORSAIR VENGEANCE LPX DDR4 メモリ 32GB（16GB×2）最大3200MHz対応 Intel XMP対応 CL16 デスクトップPC用 ブラック CMK32GX4M2E3200C16","3409","145","200","19894","¥ 35,982","¥ 35,982","39","B07RW6Z692","B0H8GK6RGX","15.3","9.2","1.2","100"
"Netac SSD 2.5インチ 240GB SATA3.0 6Gb/s 最大550MB/s 7mm 内蔵型ssd N530S","3410","65","","577","¥ 5,966","","1","B07TF9DW53","B0HC58BDNK","13.1","10.1","1.7","70"
"【Amazon.co.jp限定】Elgato Stream Deck +, オーディオミキサー, コンテンツクリエイターのためのライブ制作とスタジオコントローラー, ストリーミング, 配信, ゲーミング, カスタム可能なタッチストリップとダイヤルおよびLCDキー搭載, Mac/PC対応","3413","128","100","411","¥ 32,980","¥ 32,980","1","B0CDWQS6NW","B0H7RV9KP9","17.6","17.6","13.8","990"
"【純正品】CANON FINEカートリッジ BC-340XL(大容量ブラック) + BC-341XL(大容量3色カラー)セット","3415","120","100","983","¥ 6,100","","12","B08VWS6XLC","","16","9.2","6.5","130"
"8,000Hz対応 ラピッドトリガー Razer レイザー Huntsman V3 Pro Tenkeyless 8KHz JP White Edition 調整可能なアクチュエーション搭載のアナログ ゲーミングキーボード オプティカルスイッチ Snap Tap 高速入力優先機能 リストレスト付属 日本語配列 ハンツマン ブイスリープロ テンキーレス 8KHz ホワイト【日本正規代理店保証品】","3816","75","","7","¥ 36,980","¥ 36,980","1","B0FWRB31TH","B0G6ZMN8FZ","41.6","18.2","7.2","1460"
"SteelSeries ワイヤレス ゲーミングヘッドセット ヘッドホン Arctis Nova 7 Gen 2 軽量 ボイスチャット可能 300以上のプリセット ゲームとスマホを同時接続 無線 密閉型 Switch/Switch2/PC/PS5/PS4 対応 AIノイズキャンセリング 50時間バッテリー 空間オーディオ Hi-Fiサウンド 高耐久 調整可能 61730 ブラック","3420","125","50","249","¥ 23,973","¥ 23,973","1","B0FS7JXWJG","B0H1BS1DRM","26.9","26.4","9","770"
"Dell AW2525HM 24.5インチ Alienware ゲーミングモニター","3423","147","100","24","¥ 28,200","¥ 28,756","7","B0GR4RPP31","B0GS9MJP71","80","46","14","8420"
"プリンターケーブル 15フィート USB-A - USB-B ケーブル 高速USBプリンターコード ブラック","4455","49","","5158","¥ 9,405","","1","B0B4K4GCHZ","B0921QBLQC","24.4","9.5","1.8","132"
"エレコム ワイヤレス キーボード Bluetooth Slint 超薄型 充電式 パンタグラフ 保護ケース付 3台マルチペアリング OS自動識別 Windows/macOS/ChromeOS/iOS/iPadOS/Android ブルー TK-TM15BPBU","3430","119","","38","¥ 6,998","","6","B0CTBMZ7V8","B0CTCG7LVM","31.7","18.3","2.2","550"
"エレコム モニターアーム デュアル 2画面 17~32インチ対応 耐荷重:9kg ガス式 VESA規格対応 ブラック DPA-DS07BK","3432","134","100","262","¥ 5,300","¥ 5,300","28","B0C7VPZ8ZK","B0GS4T9SPT","40.1","24","14.7","5470"
"Razer BlackShark V2 X - マルチプラットフォーム 有線 esports ヘッドセット (トライフォース 50mm ドライバー、アドバンスド パッシブ ノイズキャンセリング、7.1 サラウンド サウンド ハイパークリア カーディオイド マイク) ホワイト","3433","63","100","1761","¥ 5,770","¥ 5,770","1","B09QFYNJMB","","23.9","19.7","11.6","580"
"ABLAZE USBメモリ 64GB, USB 3.0 フラッシュドライブ 5個セット","3436","78","","385","¥ 6,988","","1","B0FR4VMDJC","B0GWHWZ3BL","18.2","13.6","2","80"
"NEC LAVIE 国内生産 ノートパソコン 25夏 N15Slim 15.3 型 AMD Ryzen™ 5 7535HS メモリ16GB SSD512GB MS Office 2024搭載 Windows11 バッテリー駆動14.6時間 重量1.6kg ルナグレー","3444","125","100","67","¥ 131,800","¥ 131,800","13","B0F9FBXVGJ","B0H38YWPND","42.1","34.3","7.8","2640"
"エプソン ドキュメント フラットベッドスキャナー GT-S660 A4カラー 4800dpi","3454","150","200","264","¥ 11,000","¥ 11,000","17","B0BTNLHBNC","B0BX4JGTJL","44.2","30.6","8.8","1850"
"LinkMore MicroSDXCカード 128GB A2 / V30 / U3 / Switch1対応/SDアダプター付【最大読込100MB/s】","3464","84","","389","¥ 5,899","","1","B0C9MCBHJY","B0BLV5KQWN","13.3","10","2.3","50"
"MePadKey 日本語平假名配列キーボードケース iPad Mini 7 A17 Pro 第7世代/Mini 6 第6世代 8.3インチに対応 軽量","3469","83","","2","¥ 6,172","","1","B0GD7B24QB","B0FFT2NF7D","21.6","17.9","3","500"
"「国内正規品」Keychron K0 Max ワイヤレスカスタム数字キーパッド 2.4GHz＆Bluetooth 5.3 バナナ軸 レトロホワイト","3471","96","","78","¥ 13,970","","5","B0G5PH3HHQ","B0FRXZ2DKS","18.6","16.1","5.2","399"
"キヤノン Canon カラープリント A3プリント対応 インクジェット複合機 TR9530a WHITE A4スキャン/A4コピー対応 対応インクBCI-380/381シリーズ【2024年秋冬モデル】","3472","126","100","122","¥ 35,636","¥ 36,000","21","B0DF7LD6H2","B0FBRMPL7G","54.1","47.7","27.4","11630"
"LG モニター AI 32U721SB-W 31.5インチ/4K/約10.7億色表示(10bit)/HDR/USB-C PD65W","3474","54","","3","¥ 67,800","¥ 67,800","1","B0GZ3JQZTS","B0H86SQ61D","87","50","13","8990"
"バッファロー Wi-Fi 7 ルーター 5764+2882+688Mbps 有線10Gbps トライバンド WXR9300BE6P/N","3477","100","300","292","¥ 34,980","¥ 34,980","2","B0DG8WHVH3","","29.9","23.8","11.8","1530"
"CORSAIR XENEON EDGE 14.5インチLCDタッチスクリーン – 14.5インチディスプレイ - 2560x720解像度 - USB-C DP-Altモード - 内部および外部マウント – 5点マルチタッチタッチスクリーン – iCUEおよびWindows対応 – CC-9011306-WW","3477","131","100","82","¥ 34,327","¥ 34,327","9","B0DVTHN8DN","","39.9","16.1","8.2","1850"
"【コスパ最強】10インチ タブレット android 16 wi-fiモデル SVITOO P10 アンドロイド tablet 20GB+128GB+1TB拡張 高性能8コア Gemini AI 6600mAh大容量 大画面 軽量 薄型 gps搭載 動画視聴用 読書用 netflix GooglePlay対応 Cタイプ充電 イヤホンジャック 365日保証 2026新型","3490","93","200","168","¥ 10,999","","1","B0GM6NRS1Y","B0HGWKT668","31.5","19.3","3.2","860"
"PHILIPS モニターディスプレイ 27E1N1900AE/11(27インチ/3840x2160 4K/IPS/スピーカー2W x2/昇降,チルト/HDMI2.0 x2,USB C 3.2 Gen1 x1(65W/DP Alt mode)/USBポート x2/3面フレームレス/HDR 10/Adaptive Sync/ちらつき防止/ブルーライト軽減)","3496","131","100","49","¥ 33,480","¥ 35,018","5","B0D9VFJ95B","B0FGWZZMPF","77.7","44.7","16.1","9590"
"バッファロー USBハブ USB3.0 セルフパワー 4ポートハブ ブラック 外付けHDDに最適 上挿しモデル BSH4A315U3BK","3505","78","","119","¥ 5,180","¥ 5,180","1","B06XNLXG2D","B07F1D7N1W","15.5","10.8","6.7","290"
"ブラザー工業 A4モノクロレーザープリンター HL-L2400D (USB/両面印刷)","3508","106","100","170","¥ 10,000","¥ 10,000","19","B0CSM8GY5D","","52.2","44.2","28.7","8150"
"Nillkin 【正規販売店】 キーボード Bluetooth 折りたたみ式 ワイヤレス iPad用 無線 【タッチパッド＆テンキー2 in 1】 三台同時接続 iOS/Android/Mac/Windows対応 Type-C充電式 アンドロイド スマホ用 ipad mini 小型 コンパクト 静音性 軽量薄型 ミニキーボード 収納袋付き 持ち運び 省スペース旅行・出張最適 (グリーン)","5168","74","","248","¥ 9,499","","1","B0FHQ2F8W3","B0FL7T6JRS","25.5","14.7","2.9","490"
"【brother純正】 ブラザー工業(Brother Industries) トナーカートリッジ TN-28J 対応型番:MFC-L2740DW、DCP-L2540DW、DCP-L2520D、HL-L2365DW、HL-L2320D 他","3513","117","200","528","¥ 7,800","¥ 8,300","54","B00NSFP91Y","B092TNTF9F","36.9","17.2","11.2","680"
"【2026年最新型】Nillkin 【公式直営店】キーボード Bluetooth 折りたたみ式 ワイヤレス ipad キーボード ipad mini 薄型 軽量 3台同時接続 テンキー＆ タッチパッド搭載 Type-C充電式 トラックパッド マルチペアリング iOS/Android/Mac/Windows対応 パンタグラフ 収納バッグ付き 日本語説明書付 グリーン","3516","85","50","478","¥ 9,499","","1","B0FDGGXFZZ","B0FLCW9SML","25.5","14.7","2.9","480"
"CORSAIR VENGEANCE LPX DDR4 メモリ 32GB（16GB×2）最大3200MHz対応 Intel XMP対応 CL18 デスクトップPC用 ブラック CMK32GX4M2C3200C18","3517","52","50","373","¥ 34,990","¥ 34,990","1","B09QPWRWLY","","15.4","9.2","1.2","100"
"USB Cケーブル 直角 [2本パック 10フィート+10フィート] USB Type C iPhone 15 充電ケーブル ナイロン編組コード iPhone 15 pro max Plus Samsung Galaxy S22 S21 S10 S9 S8 Note 20 10 9 8 Moto、PS5用","3521","57","","2742","¥ 5,462","","1","B0CKYRCN5R","B07K6ZPDXG","24.5","9.5","2.2","150"
"BNCF 4G タブレット 8.7インチ Android 16、8コア、16GB+64GB+1TB拡張、90Hz In-Cell HD IPS","3525","17","","","¥ 12,999","","1","B0HBPF6NNM","","24.6","20.2","3.2","660"
"エレコム WEBカメラ UCAM-C310FBBK HD 720p 30FPS 100万画素 マイク内蔵 高精細ガラスレンズ ケーブル長1.5m ブラック (× 5)","3531","21","","","¥ 14,915","","","B0H8DQ6V3C","B0BF5DSJXD","22.2","15.3","6.9","1050"
"MSI HERALD BE9400 WiFi 7 PCIe Card 内蔵無線LANカード IO3446","3532","116","100","47","¥ 7,405","¥ 7,405","2","B0GH1MHH1F","B0H5B5WSG7","21.4","17","5.8","310"
"Getorli ミニPC AMD Ryzen 7 8745HS 搭載 8コア/16スレッド 高性能mini PC 4画面出力 16GB DDR5 1TB SSD デュアル2.5G LAN 業務用/クリエイティブ/ライトゲーム 対応 ミニPC Ryzen","3540","47","50","30","¥ 79,998","","2","B0GQBG3573","B0HDCJDRNS","20.9","19.2","11.4","1760"
"WD_BLACK 4TB SN7100 NVMe 内蔵ゲーミングSSD ソリッドステートドライブ - Gen4 PCIe M.2 2280 最大7,000MB/秒 - WDS400T4X0E","3541","139","50","6279","¥ 99,946","","42","B0DZK9C789","B0F8C8DSFP","12.8","10.1","2.2","50"
"タブレット - FancyDay Android16 タブレット 10インチ 36GB+64GB+1TB拡張 WiFi6&Bluetooth5.4対応 8コアCPU 1280*800画面 6000mAh Widevine L1 GMS認証 充電ドック付き Type-C充電 顔認識 児童守護 無線投影 IPS画面 日本語説明書","3545","20","100","19","¥ 21,999","","1","B0H6WZMJMQ","B0HDY6PFY1","27.5","19.1","8.9","1440"
"モバイルモニター18.5インチ 120Hz ポータブルディスプレイ Newsoul ゲーミングモニター 1080P 125%sRGB 自立型スタンド","3546","119","200","491","¥ 15,198","","3","B0F5WRVTN7","B0HGRV47GN","45.2","35.2","4.4","2170"
"エレコム トラックボールマウス bitra 静音 人差し指操作 Bluetooth 無線2.4GHz 2台マルチペアリング 5ボタン 専用収納ケース付 ブラック M-MT2MRSABK","3554","169","100","79","¥ 10,780","¥ 10,780","4","B0FZG9YXQ4","B0G124LM7N","16.3","10.1","6.4","190"
"エプソン プリンター A4 インクジェット PX-S505 カラー印刷対応 コンパクト 省スペースデザイン 低コスト導入モデル 無線・有線LAN対応 スマホプリント対応","3557","109","200","453","¥ 10,000","¥ 10,000","30","B0BTNJBMPQ","B0GRTL19JW","45.6","35.4","23.4","4370"
"UGREEN NASync DXP4800 Pro 4-Bay 8GB デスクトップNAS、ネットワーク接続ストレージ(ディスクレス)。","3561","100","300","84","¥ 168,824","","2","B0G1C1YNN8","B0H2DXS8BN","38.1","28.3","26.2","6600"
"Upperizon モバイルモニター 15.6インチ タッチパネル FHD 1080p 非光沢IPS 10点マルチタッチ対応 自立型","3566","114","50","242","¥ 13,299","","1","B0FPC9JGH6","B0HF4Z5LS8","40.1","26.8","7","1630"
"TP-Link メッシュwifi ルーター deco 無線LAN 2.5Gbps イーサネットポート ps5 対応5760Mbps (6GHz) + 4320Mbps (5GHz) + 688Mbps (2.4GHz) 最大wifi範囲538m² | 同時接続台数200台 Deco BE9300 2ユニット【Amazon.co.jp限定】","3567","119","100","83","¥ 53,798","¥ 53,798","1","B0DL5WY1QT","B0DYJKL9M2","24.9","24.2","12","2260"
"NZXT H7 Flow v2 Black 120mmファン 3基搭載 ミドルタワーATXケース CM-H72FB-01 CS9012","3578","90","50","1108","¥ 18,864","¥ 18,864","3","B0CV4R1TWS","B0HFZHBHJ6","63.4","56.8","33","14003"
"タブレット 10インチ Android16 Wi-Fiモデル 20GB+128G+1TB拡張 日常利用 YouTube動画視聴学習","3581","106","200","22","¥ 11,999","","1","B0GYDTRRW5","","31.5","19.3","3.2","870"
"ブラザー工業 【brother純正】トナーカートリッジマゼンタ TN-491M 対応型番:HL-L9310CDW、HL-L8360CDW、MFC-L9570CDW、MFC-L8610CDW 他","3582","115","50","15","¥ 9,800","¥ 9,800","42","B072LL5R6C","B08Q494B2V","33.9","18.3","13.9","680"
"ウエスタンデジタル WD デスクトップHDD 8TB USB3.0 WD Elements Desktop 外付けハードディスク / WDBBKG0080HBK-JESN メーカー2年保証 国内正規代理店品","3582","129","50","3247","¥ 52,250","¥ 52,250","1","B07DY13WHP","B0F2HX7TMV","22.8","20.2","9.2","1320"
"Upperizon モバイルモニター 13.3インチ WUXGA 1920×1200 非光沢IPS 自立型 スリムベゼル 軽量490g","3585","111","100","664","¥ 10,999","","1","B0DJ78C1ZN","B0H74MNB6Y","43.1","24.9","4.7","1230"
"HIKSEMI 外付けSSD 512GB スマホ容量不足解決 Type-C直挿し データ移行 バックアップ 小型軽量 5年保証 S200","3588","69","","1","¥ 8,980","","1","B0H322RDQ3","B0DP24QNRJ","12.9","10","3.8","20"
"Android16 タブレット 8インチ UNISOC T7300 SIMフリー 4GLTE 顔認証 Widevine L1 NAUIX N803S","3590","62","200","27","¥ 21,997","","1","B0H36D2ZV6","","24","19.9","2.9","510"
"【Amazon.co.jp限定】RK ROYAL KLUDGE X87 ゲーミングキーボード 日本語配列 半透明PBTキーキャップ メカニカルキーボード 有線 75%コンパクトレイアウト ガスケットマウント RGBバックライト オンラインドライバー対応 クリーミースイッチ","3590","47","50","22","¥ 7,649","","1","B0F66QP45K","","37.8","19","5.9","1110"
"REALFORCE RC1 キーボード 70% ホワイト 日本語配列 キー荷重 45g Bluetooth 有線 バッテリー コンパクト C1HJ21","3591","98","","13","¥ 36,366","","1","B0DQSG5MXY","B0DJP4F6T9","32.6","17","5.4","910"
"ASUS TUF GAMING B760M-PLUS D4 intel 第14・13・12世代 CPU対応 LGA1700 B760 搭載 DDR4 mATX マザーボード/国内正規代理店品","3597","91","200","107","¥ 15,555","¥ 15,555","8","B0BQH89GXJ","B0CVLLSK2P","28.9","28","7","1480"
"キヤノン スマホ用フォトプリンタ iNSPiC PV-223 スマホプリンタ ＆ 用紙100枚 ＆ USBアダプタ セット","3598","82","","41","¥ 22,200","","2","B0BDZ4J6M3","B0BF98FX2M","22.6","18.8","9.6","560"
"SAYBOUR 電源タップ 延長コード USB付き Type-C 1ポート USB-A 2ポート コンセント 差込口 4個口 スイッチ 充電器 アダプタ ほこり防止シャッター 雷ガード LB-4C4S-2A1C (木目調, 1.5m) (× 2)","3340","11","","107","¥ 5,512","","","B0GYPF9B16","B0DPZPVTNB","28.2","8.7","3.2","680"
"CORSAIR CX750 CXシリーズ 750W電源ユニット モジュラー式電源ユニット 80 PLUS Bronze認証獲得 ATX電源 CP-9020279-JP","3610","98","50","60","¥ 7,573","¥ 7,573","8","B0CLL6GSLK","B0CQP38S67","25.2","18.5","10.1","2400"
"TP-Link WiFi ルーター メッシュwifi 867+300Mbps 無線ルーター WiFi5 AC1200 3年保証 1台セット Deco M4","3621","117","50","3031","¥ 6,320","¥ 6,900","6","B07L44RHC2","B07RJ4R3HY","24.3","22.7","10.6","930"
"DDR4 2666 16GB SAMSUNG Original [SAMSUNG ORIGINAL] サムスン純正 デスクトップ用メモリ PC4-21300 DDR4-2666 288pin CL11 (16GB)","3623","92","","201","¥ 18,800","","12","B07DNS22CR","B07YK26S5P","17.9","12.4","1.2","18"
"Razer レイザー Seiren V3 Mini White コンデンサーマイク 超コンパクト設計 タップ式ミュートセンサー ゲーミングマイク USB マイク 配信 セイレーン ブイスリー ミニ ホワイト","3636","28","50","250","¥ 6,480","¥ 6,480","2","B0CMTRDWLL","","18","17.2","6.5","440"
"UGREEN HDMI KVM切替器 2入力2出力 4K60Hz USB3.0 4ポート 2PC・2モニター共有 付属品一式セット","3643","116","100","875","¥ 7,360","","1","B0DXF66SWR","","16.9","16.8","12.9","1240"
"ASUS AMD Dual Radeon RX 9060 XT 16GB GDDR6ビデオカード DUAL-RX9060XT-16G 国内正規代理店品","3645","144","200","50","¥ 77,800","¥ 100,808","11","B0FNM457WX","B0GJBLFYZD","36.8","21.6","7","1060"
"KTC 27インチゲーミングモニター WQHD (2560x1440) Fast IPS 200Hz (210OC可能）1ms(MPRT) スピーカー(2W*2)搭載131%sRGB HDR400 低ブルーライト フリッカーフリー Adaptive Sync対応 HDMI2.0×2 DP1.4×2 VESA 100*100 3年保証 KTCモニターH27T22C-3","3646","131","100","197","¥ 22,180","¥ 22,180","1","B0FC6FBXPL","B0HCZLCC65","69","51.1","17","6900"
"エプソン プリンター A4 モノクロ インクジェット ビジネス向け PX-S155 コンパクトサイズ 省スペースデザイン 文章印刷 Wi-Fi 有線LAN シンプル機能","3650","120","100","375","¥ 8,415","¥ 8,500","20","B0BTNLCFKD","B0GRBP6JJY","45.7","35.5","23.2","4300"
"MoKo iPad Mini A17 Pro ケース iPad Mini 第7/6世代 ケース 8.3インチ 2024/2021 保護カバー スタンドケース オートスリープ Pencil2/Proペアリング&充電に対応 高級PUレザー 柔軟TPU 裏地マイクロファイバー 軽量 薄型 傷つき/汚れ防止 マット半透明 ブラック","3651","89","","1262","¥ 5,108","","8","B09CGSB7MS","B0DLWPQZLN","22.6","16.7","1.5","160"
"Dell E5 130W Type-C ACアダプター","4411","75","","13","¥ 8,980","","1","B08V18QQHL","B0BYKKWL74","32","25","5","500"
"グリーンハウス モニターアーム 土台組立済みで設置簡単 デュアル 17-32インチ対応 耐荷重2-9kg VESA規格 メカニカル式 4軸 3年保証 GH-AMDX2H-WH","4289","95","50","13","¥ 7,198","¥ 7,198","2","B0G34FLD5C","B0HFWH71TG","42.9","21.2","14.9","4150"
"バッファロー Wi-Fi 6E ルーター 4803+4803+1147Mbps 有線10Gbps WXR-11000XE12/N","3663","146","100","465","¥ 40,480","¥ 40,480","1","B0C1YP5YZL","","33.4","25.3","13.9","2600"
"CIO Polaris STICK Built in CORD REEL 65WAC電源タップ USB-C1 USB-A1 ケーブル内蔵（ホワイト）","3663","96","50","182","¥ 6,080","","1","B0FPLNNL9T","B0FX4MVSW6","31.5","12.2","4.5","690"
"ASUS モニター Eye Care VA329HE-J 31.5インチ / フルHD (1920 x 1080) / IPS / HDMIx2 / 75Hz / ブルーライト軽減/フリッカフリー/VESA対応 / 4年保証 / 国内正規品","3665","116","100","84","¥ 22,800","¥ 22,800","1","B07MDV2L3S","B0H2T983TJ","85.8","53.8","14.6","9500"
"ブラザー プリンター A4大容量インクジェット複合機 DCP-J4250N コピー プリント スキャン 自動両面印刷 Wi-Fi 簡単設定 対応インクLC516シリーズ","3668","154","100","55","¥ 29,000","¥ 34,000","43","B0FSCY3JTK","B0GHRD62DQ","51.2","46.8","36.7","10210"
"[tomtoc] 360°耐衝撃 11.6-13.8インチ パソコンケース 13インチ MacBook Air M5-M1 2026-2018 / MacBook Pro 13 M2 M1 2022-2016 / 13インチ Surface Pro対応 ノートPCバッグ ショルダーバッグ ブリーフケース 撥水加工 ダークブルー","3895","52","","1800","¥ 5,190","","1","B07D2DDVSH","B0FB916J5N","36.6","29.6","7.1","430"
"InnoView 27インチ モニター 4K@120Hz デュアルモード FHD@288Hz ゲーミングモニター HDR500 100%sRGB色域 モバイルモニター 1500:1のコントラスト比 (非光沢IPSパネル｜ オウルテクノロジー｜イーグルアイ｜FreeSync｜HDMI 2.1｜USB 3.1｜DP 1.4｜PS4 5｜Switch対応)","3672","114","","1252","¥ 76,999","","1","B0FWBZCQ5G","B0H7S9595Q","69.4","50","8.7","5730"
"【FightBox公式】 ファイトボックス R10-PRO レトロゲーム用 アーケードス ティック コントローラー トラックボール スピナー付","3674","75","","","¥ 33,999","","1","B0GY5MJF6G","B0H15JH4PX","44.5","29","14.2","2990"
"Logicool G ゲーミングキーボード G512r-CK 有線 クリッキー 青軸 しっかりとした打鍵感 GXスイッチ 日本語配列 LIGHTSYNC RGB USB パススルー ゲーミング キーボード メカニカルキーボード G512 PC window mac Chrome ブラック 国内正規品 【 ファイナルファンタジー XIV 推奨モデル 】","3675","117","50","736","¥ 13,600","¥ 13,600","3","B07DLQ38PW","B0D8VLVVPP","47","19","4","1400"
"FMV ノートパソコン WA1-L1 (MS 365 Personal/Copilotキー搭載/Win 11/15.6型/AMD Ryzen 5/16GB/SSD 512GB/スーパーマルチドライブ) FMVWL1A155","3676","108","50","3","¥ 119,800","","4","B0H1LXQ8P3","B0GWPG8XM4","41","35.1","7.6","2520"
"【Amazon.co.jp限定】ASUS PRIME A520M-K AMD Ryzen 5000シリーズ AM4 対応 A520 チップセット 搭載 mATX マザーボード/国内正規代理店品","3679","120","100","382","¥ 5,679","¥ 5,679","1","B09FFCLT2Z","","27.2","26.5","5.6","810"
"Anker USB-C ハブ (10-in-1, Dual display)","3682","132","100","402","¥ 5,990","","1","B0CG56TZHW","","19.1","10.1","2.4","160"
"FANATEC シムレーシング CSL Steering Wheel GT3 – PC、Xbox CRD-9020021-WW","6305","57","","170","¥ 26,000","¥ 26,000","1","B0FT3WMLG3","B0GBWCTB75","35.1","23.7","21.1","1960"
"THEARK デュアル PC モニター アーム 2画面 液晶ディスプレイ アーム スプリング式 ノートパソコン 縦 上下 配置 液タブ ロング 組み立て簡単 モニタースタンド17～32インチ対応 最大耐荷重9kg MS012 (ホワイト)","3689","89","100","37","¥ 6,346","","1","B0G29ZHLCL","B0G2B6J9D2","42.9","31.5","13.9","5360"
"Quntis モニターライト USBライト 51cm バックライト 無線リモコン搭載 4種類色温度 非対称な配光 間接照明モード","3692","119","200","501","¥ 7,199","","1","B0CSM3CRWZ","B0HGLCVG6V","43.9","33.5","6.1","780"
"CIO NovaPort SLIM QUAD for DESK 薄型急速充電器 67W USB-C×3 USB-A×1 4台同時充電 (ブラック)","3692","126","200","201","¥ 5,580","","1","B0F8TZV7ST","B0FG2ZP1D5","19.1","8.4","5.2","280"
"EVICIV 4K モバイルモニター 15.6インチ 非光沢 QLED 人気 ポータブルモニター UHD 3840×2160 125% sRGB 広色域 1200:1コントラスト モバイルディスプレイ 保護カバー付き HDR VESA対応 壁掛け可能 サブモニター スピーカー内蔵 ノングレア Type-C/標準HDMI搭載 PS4/PS5/Switch/ゲーム/PC/Macなど対応","3695","83","","3282","¥ 22,780","","1","B0H2J2JZZP","B0HG1N6PWG","39.9","27","6.4","2010"
"Hanye 内蔵型 SSD 512GB PCIe Gen3x4 M.2 NVMe 2280 3100MB/s 3D NAND E26 国内正規品 メーカー3年保証","3697","59","50","24","¥ 11,980","","2","B0D4YQXZHZ","B0D4Z2SD8Y","13","9.9","1.7","40"
"ウエスタンデジタル(Western Digital) WD Blue SATA SSD 内蔵 4TB 2.5インチ (読取り最大 560MB/s 書込み最大 520MB/s) PC メーカー保証5年 WDS400T3B0A-EC SA510 【国内正規取扱代理店】","3698","88","","2080","¥ 93,800","","13","B0CB5ZCLM1","B0BMK2B53T","12.5","10.2","2.2","70"
"Case Compatible with iPad 10.2","3700","12","","751","¥ 7,550","","1","B09HT4W81P","B0HBBMX9K3","34","23.7","5.1","422"
"TECLAST P50T Android 16 タブレット 11インチ WiFiモデル 90Hz IPS大画面 T7250 オクタコア 8000mAh","3703","61","200","39","¥ 16,900","","2","B09FJQNX15","B0H4JL1SR9","29","19.6","5.9","1000"
"東芝 Dynabook B65 ノートパソコン 第7世代Celeron 3855U 15.6型ワイド","4989","88","50","207","¥ 10,500","","2","B0FDKQWN8P","B0FDKQRJ69","41","30.2","9.6","2840"
"EPOMAKER X Aula F75 MAX ワイヤレスメカニカルキーボードTFTスクリーンとノブ付き 75% US配列のガスケットキーボード","3712","80","","1779","¥ 10,883","","1","B0GDFTW3QW","B0DPZ4KVBP","36.5","17.9","5.3","1311"
"【ブラザー純正】トナーカートリッジ　TN299Y 対応型番:HL-L3240CDW、MFC-L3780CDW　他","3718","117","200","36","¥ 7,718","¥ 7,718","31","B0CJXQKYN2","","39.4","15.6","10.7","620"
"Selore 13-in-1 USB C ドッキングステーション 4画面 2HDMI+DP+VGA 8K 10Gbps 100W PD RJ45","3719","61","","1479","¥ 6,399","","1","B0F9994YM8","B0H7HXJFN6","20.3","6.6","1.9","130"
"サンワサプライ モニターアーム（デュアル・ロングアーム・薄型ショートクランプ・ホワイト） CR-LAC216W","3721","64","","7","¥ 8,470","¥ 10,331","16","B0GJBWYM9V","B0GLNL53LX","42","16.5","9.3","3400"
"Buffalo WAPS-AX4シリーズ WAPS-AX4 ホワイト","3725","130","100","7","¥ 31,900","","10","B0CJY9YMPV","","25.5","17.7","5.7","800"
"トランセンドジャパン トランセンド microSDカード 128GB UHS-I U3 V30 A1 Class10【データ復旧ソフト無償提供】Nintendo Switch 動作確認済 TS128GUSD300S-AE【Amazon.co.jp限定】","3726","104","","28698","¥ 7,480","¥ 7,480","2","B07GBD3JLR","B0DPG38C87","19.3","12.4","2.8","100"
"オムロン ソーシアルソリューションズ BYB50S 交換用バッテリパック BY35S/50S用","3729","106","100","140","¥ 12,500","","12","B07S9CRGBN","","22.7","17.7","14.2","2890"
"【Amazon.co.jp限定】Western Digital ウエスタンデジタル WD Purple Pro 監視用HDD ハードディスク 12TB CMR 3.5inch SATA 7200rpm キャッシュ512MB AllFrame AI 64台カメラ対応 5年保証 WD122PURP-AJP エコパッケージ 【国内正規代理店】","3732","77","","2","¥ 140,000","","1","B0FGY82YY9","B0FP4S1PS5","18.5","14.2","4.2","770"
"EMEET C960 4K webカメラ 三脚付き ウェブカメラ 800万画質 UHD Sonyセンサー","3733","77","","49","¥ 8,999","","1","B0CNR25WW5","B0DGXKWSCP","18.8","15.6","5.1","360"
"【発売セール】ゲーミングモニター cocopar モニター 27インチ WQHD 260Hz USB-C接続 95%DCI-P3 2K 2560×1440 無輝点保証 65w給電 400nits輝度 PCモニター IPS 1ms応答 PS5/Switch/Mac/PC対応/スピーカー搭載/FreeSync/HDR/チルト/高さ調整/全方向調整 3年保証 S-2K27","3734","90","","5380","¥ 34,199","","1","B0GK8YS1QZ","B0H4M6CF3C","69.7","50.7","17.5","8780"
"エレコム スイッチングハブ ギガビット 1G 16ポート 電源内蔵 金属筺体 静音ファンレス EHC-LG02-16","3735","107","100","31","¥ 13,800","¥ 13,800","1","B0FY4P3WKG","","24.6","22.6","5.4","1370"
"【Amazon.co.jp限定】Elgato Stream Deck Neo – カスタム可能な8個のキー、2つのTouch Points、タスクとワークフローを加速 - Word、Excel、PowerPoint、Teams、Zoom、Spotify、その他をコントロール、ドラッグ&ドロップで設定可能 - MacとPCに対応","3737","129","100","208","¥ 13,980","¥ 13,980","1","B0CWL3V6R8","B0D4PQ3VN4","16","13.9","4.9","300"
"トランセンド USBメモリ 32GB USB 3.1 スライド式【データ復旧ソフト無償提供】PS4動作確認済 TS32GJF790W ホワイト","3742","84","","13510","¥ 5,205","¥ 5,205","5","B00MUWZ6J6","B091VC8RVV","12.8","10.4","1.3","20"
"【Amazon.co.jp限定】アイリスオーヤマ モバイルモニター 15.6inch FHD スピーカー内蔵 (365日24時間サポート 国内サポート) DP-FF164S-B","3750","124","300","100","¥ 17,641","¥ 17,641","5","B0DNQ7BDT7","B0FGCZNBMJ","41.7","28","6.4","1600"
"KZA COUSTICS KZ Axas ゲーミングイヤホン タイプc イヤホン マイク付き DSP内蔵 4段階EQ切替 36dB遮音 ブラック","3750","75","100","20","¥ 6,000","","2","B0GCD93LKR","B0GCCQXFMT","6.9","6.9","3.9","60"
"バッファロー 24ポート Giga対応 スイッチングハブ 金属筐体 電源内蔵 壁掛け対応 ループ検知 LSW5-GT-24NSR","3751","127","","24","¥ 21,236","¥ 21,236","24","B0D7G9FPXY","B0D8HP9YX5","41.5","30.6","10.9","2620"
"サンワダイレクト USB-C ケーブル 5m Type-C 映像出力対応 4K/60Hz PD75W対応 充電 ブラック 500-USB096-5","3753","64","","25","¥ 6,480","","1","B0FFG2FWD3","B0FFGMRB6K","16.5","16.5","4.2","350"
"Biwin 外付SSD PD450 1TB 最大読出430MB/s 23g超軽量 ポータブルSSD USB3.2 耐衝撃 USB A/Cケーブル付属 Windows/Mac OS、PS5、Android、iPhone15シリーズ以降対応 メーカー3年保証","3755","128","200","283","¥ 23,980","","2","B0FD9V3LJ8","B0FKT7CCM4","17.4","10.5","2.2","70"
"TP-Link WiFi 無線LAN 中継器 RE450/A 11ac 1300+450Mbps ハイパワー コンセント直挿し ブリッジ APモード付き メーカー保証3年","3764","128","200","3502","¥ 6,000","¥ 6,000","2","B01M04UQT1","","20.3","12.8","8.7","350"
"GMKtec ミニPC Core i3-10110U搭載 2.5G LAN WiFi 6 2画面出力 VESA対応 G3 Pro 16GB+512GB","3767","40","","478","¥ 59,999","","1","B0GWTM4L8N","B0HGRJ6FVF","16.2","15.9","10.7","910"
"Jabra ヘッドセット Evolve2 40 SE UC Stereo 有線 USB-C/A 両耳 マイク付き ノイズキャンセリング","3775","117","100","29","¥ 13,800","¥ 13,800","1","B0F4L1CD18","B0GXVTY75S","20.9","18","5.2","330"
"ディーエムエムドットメイク(DMM.make) DMM.make 大型ディスプレイ モニター 43インチ 4K/HDR/HDMI・USB DKS-4K43DG6","3775","112","50","60","¥ 40,000","¥ 40,000","9","B0CH2DHDJH","B0CPHQDF3G","103.5","63.5","14","7900"
"Type C to Type C ケーブル 6M 100W typec急速充電 PD対応 20Gbps 高速転送 4K@120Hz、8K@60Hz 映像出力 USB Gen2x2 USB C to USB C ケーブル スマートフォン・タブレット・パソコン・ゲーム機等タイプC機器対応","3776","6","","299","¥ 5,399","","2","B0FN7JWTYQ","B0FQ4Y83P3","26","20.2","4.2","231"
"PC-T1055KAS LAVIE Tab T10 10.1型Androidタブレット 4GB/128GB/WiFi/ルナグレー","3778","165","100","51","¥ 32,351","","40","B0FXFRSKQ1","","25.5","17.3","4.7","770"
"WD 内蔵HDD Green 1TB 3.5inch SATA3.0(SATA 6 Gb/s) 64MB Inteilipower 2年保証 WD10EZRX","5218","84","","1047","¥ 10,380","","1","B006VR41U6","B00N2IMX2U","18.7","14.4","4.2","517"
"Android タブレット 10インチ 軽量 Wi-Fiモデル 12GB+128GB+2TB拡張可能 大容量メモリ 6000mAh ケース付き","3793","68","50","92","¥ 10,599","","1","B0GWPPHTKM","B0HFJMWR83","33","20","3.9","1080"
"エプソン 純正インクパック ブラック 約3000ページ IP01KA","4111","101","","54","¥ 8,682","¥ 8,682","23","B078Y4BTNH","B08L3PKN9S","29.3","12.5","4","200"
"外付けSSD 1TB、最大460MB/s・USB-C/A 2 in 1ケーブル＆ストラップ付属、ポータブルSSD小型軽量アジュバント4K ProRes HDR対応iPhone 17 Pro MAX/スマホ/タブレット/ノートPC","3796","33","","12","¥ 13,887","","1","B0H8P3Z844","B0HGMNWGTJ","13","8","4.2","140"
"Anker Prime ドッキングステーション (14-in-1, Triple Display, DisplayLink) グレー","3799","137","200","89","¥ 31,990","","3","B0F8VNSTYC","","25.5","20.2","6.7","1590"
"ソニー ビデオ用ブルーレイディスク 10BNR2VJPS6(BD-R 2層:6倍速 10枚パック)","3800","124","","577","¥ 6,400","","30","B01MFBNIBO","B0C7QKVJWR","14.2","12.5","5.2","520"
"ブラザー工業 【brother純正】ドラムユニット DR-24J 対応型番:HL-L2375DW、HL-L2330D、MFC-L2750DW、DCP-L2550DW、DCP-L2535D 他","3813","126","200","235","¥ 10,100","¥ 10,300","49","B07D2XN5W4","B092TNHVJ5","35.3","22.4","12","640"
"サンワダイレクト 電源タップ USB付き Type-C×2 A×1 AC×2個口 PD 65W 1.5m 薄型 小型 700-TAP092BK","3824","76","50","29","¥ 5,200","","1","B0GR2YJL9F","","17.8","7","5.9","310"
"CIO NovaPort QUADⅡ 100W PD急速充電器 USB-C×3+USB-A×1 4台同時充電 世界最小級 （ブラック）","3827","134","100","167","¥ 8,480","","1","B0DK7983YZ","B0DRJ2JZH1","18.3","8.5","3.9","230"
"タブレット Android 16 タブレット 10インチ Wi-Fiモデル Gemini AI搭載 128GB ROM+26GB RAM","3828","28","100","293","¥ 18,999","","4","B0GRGC8ZFF","B0HBWLDYN6","30.5","19.5","2.7","770"
"800W 充電器 【 GaNFastⅢ 10ポート 2*単口140W 1.5m電源ケーブル 】【PSE技術基準適合】 PD3.0 10ポート 2*140W常時対応 8USB-C＆2USB-A 縦式省スペース ダブル GaNFastⅢ(窒化ガリウム) 複数ノートPCに急速充電対応 MacBook Pro PD対応 iPad/iPhone/Android/その他","3831","39","","37","¥ 6,060","","1","B0H4G6K6Z2","B0HGRPMFHD","14.6","8.6","8.4","440"
"NiPoGi ミニpc Ryzen 7330U【2026新型・3500Uより倍速い】 mini pc 最大4.3GHz 4C/8T","3832","46","50","142","¥ 46,998","","1","B0H2HSZDP8","B0H7C75WRC","16.5","16.4","11.4","1050"
"fanxiang SSD 1TB 【業界新登場】 PCIe Gen3.0 ×4 M.2 Type2280 NVMe 1.4 内蔵 最大読込3,500MB/s 32Gbps [容量モデル： 512GB / 1TB / 2TB ] 3D NAND搭載 HMB採用 SLCバッファ技術 Trim機能 AES暗号化機能搭載 高速化 高耐久 ゲーム向け S501Q 正規保証品 メーカー5年保証","3838","104","100","981","¥ 22,590","","1","B0CNSVG1QB","B0B2MXY5TB","11.5","6.6","1.9","32"
"Fintie ハイブリッド スリムケース iPad Pro 11インチ (第4世代/第3世代/第2世代/第1世代)","3843","26","","9810","¥ 11,685","","1","B098NPGCXF","B0931ZNNNB","25.6","22.4","1.7","281"
"キヤノン CANON 純正品 トナーカートリッジ070 CRG-070 LBP241 LBP244 MF467dw 対応","3845","120","100","12","¥ 12,200","","29","B0CCXCFQVY","","36.3","19.9","10.3","1030"
"キヤノン CANON 純正品 トナーカートリッジ 072 CRG-072","3846","119","100","14","¥ 6,920","","18","B0DJFFPR15","","36.2","13.6","11.1","740"
"IODATA USBメモリ 256GB Type-A/C 両対応 U3C-STD256G/KUE","3847","119","50","365","¥ 9,800","¥ 13,121","5","B0F43GB2HZ","B0F746KNCZ","12.9","4","1.7","20"
"【整備済み品】ふじつう Esprimo D588 デスクトップpc i5 第9世代 Corei5 9500 /windows11 デスクトップ/Office 2021搭載/WIFI6/Bluetooth5.3/DP/USB3.0/4KHD対応/マルチ画面対応/初期設定済み・整備・180日保証 (i5 9500/16GBメモリー+256GB SSD)","3849","100","100","37","¥ 34,700","","1","B0FXXZBFZH","B0FXXZT5PP","42.5","36.5","14","6780"
"UnivoColors PostureUp L字型デスクロングリストレスト肘、滑り止め、メモリーフォーム、デスクエッジサポート、長時間の作業のための人間工学に基づいたデザイン (23.6 x 3.9インチ ワンピースデザイン、ネイビー)","3852","11","","77","¥ 9,797","","1","B0FRFTJ9BT","B0FYT6JQS2","61","61","2.5","576"
"キヤノン用 BC-345XL 互換 BC-346XL 互換 大容量 互換インク 残量表示対応","4668","22","","","¥ 7,114","¥ 7,114","2","B0H61VQHZ5","B0G4L5QHQ6","16.8","9","5.2","200"
"【Amazon.co.jp限定】MSI ゲーミングノートPC Cyborg 15 GeForce RTX 5050 Core i7 13620H 15.6インチ メモリ 16GB SSD 512GB リフレッシュレート144Hz Windows11 Cyborg-15-B13WEKG-1182JP","3854","79","100","3","¥ 224,800","¥ 224,800","1","B0GSFWKZC3","B0HCBLHR2M","46.5","32.1","8.9","3690"
"WD ポータブルHDD 5TB USB3.0 ブラック My Passport 暗号化 パスワード保護 外付けハードディスク / メーカー3年保証 WDBPKJ0050BBK-WESN 国内正規代理店品","3856","159","50","67205","¥ 37,530","¥ 37,530","2","B07VP5X239","B0F2HXD2GK","14.4","10.5","3.9","290"
"FIFINE USB 配信用マイク コンデンサー式 単一指向性 スタンド付き PC/PS4/PS5対応 ゲーミング/録音用 黒 A8","3857","88","50","271","¥ 5,864","","1","B09Y1M3BZJ","B0BF41TX9W","24","16.9","10.9","710"
"ONPU モバイルモニター 14インチ ポータブルディスプレイ IPS 非光沢 軽量530g 薄型 外部モニター パソコン 液晶ディスプレイ","3863","26","50","61","¥ 12,599","","3","B0H5PNSDLG","B0HCSYBR7C","35.2","28","5.4","1200"
"【Amazon.co.jp限定】INNOCN 24.5インチ 240Hz WQHDモニター QD-MiniLED ゲーミングモニター 1440p 量子ドット ゲーミングディスプレイ HDR1000 IPS非光沢 HDMI 2.1/DisplayPort 1.4/スピーカー 高さ調整可能 光センサー搭載（無輝点保証対応）25M2S","3869","125","50","344","¥ 32,162","","1","B0F29CKQ6H","B0HBRCZVDJ","82.5","42.1","19.3","6870"
"FMV ノートパソコン WA1-L1 (MS 365 Personal/Copilotキー搭載/Win 11/15.6型/AMD Ryzen 7/16GB/SSD 512GB/スーパーマルチドライブ) FMVWL1A175","3836","76","50","3","¥ 129,800","","4","B0H1M3YYNH","B0GWPX4KZ1","40.7","35.2","7.7","2180"
"Lenovo ノートパソコン パソコン IdeaPad Slim 3 15.3インチ AMD Ryzen™ 5 150 プロセッサー メモリ16GB SSD512GB Microsoft 365試用版 Windows11 バッテリー駆動17.4時間 重量1.59kg ルナグレー 83K7011PJP ノートPC","3874","72","100","13","¥ 109,800","¥ 109,800","1","B0GWM8XTQD","B0H7B9RJZ9","47.4","30.9","7.2","2490"
"【Amazon.co.jp限定】Canon キャノン用 CRG-054H （BK/C/M/Y) 4本セット 「大容量」 印刷枚数：ブラック：約3100枚ぐらい　カラー：約2300枚ぐらい/色（A4用紙で5％印字率の場合）互換トナーカートリッジ　対応機種：MF644Cdw/MF642Cdw/ LBP622C/ LBP621C国際規格ISO9001認証工場生産 ICチップ搭載 【DoraShop】","3875","93","100","771","¥ 5,979","","1","B08HGV7PCG","","32.7","20.4","19.5","2720"
"Nextorage 日本メーカー ポータブルSSD 2TB 10Gbps USB3.2 Gen2 Type C 最大読出し速度1050MB/s Windows MacOS PS5 PS4 iPhone15/16/17 Pro, Pro Max 動作確認済み 外付けssd NX-P2SEシリーズ NX-P2SE2TB/ENET","3877","100","50","411","¥ 50,800","","1","B0C2PK12GY","B0DDQ82KRS","15.1","12.1","2.4","100"
"OKI トナーカートリッジ(大) ブラック TC-C4AK2","3885","116","50","118","¥ 9,200","¥ 9,391","36","B01N0AAZ79","B0F4DXHBPS","31.3","10.5","10.2","530"
"ブラザー プリンター A4インクジェット複合機 MFC-J908N FAX コピー プリント スキャン 自動両面印刷 Wi-Fi 簡単設定 対応インクLC511シリーズ","3886","138","100","27","¥ 21,750","¥ 25,000","34","B0FSD1XLJ7","B0GHRL4CGS","46","45","26","8820"
"Nextorage 日本メーカー CFexpress 4.0 Type A 500GB メモリ VPG400 ソニーα 4K 8K 連写 A2AE","5626","113","50","29","¥ 55,233","","1","B0F8NKBP6B","B0G2S8824Q","13","10","1.5","30"
"Logicool G 8000Hz ホットスワップ G316 X 98 ゲーミングキーボード リニア 静音 ガスケットマウント 日本語配列 G316X-98-LNWH メカニカル LIGHTSYNC RGB 有線 ゲーミング キーボード メカニカルキーボード ホワイト 白 windows 国内正規品","5265","68","","4","¥ 17,800","¥ 17,800","1","B0H4J2DVGZ","B0H4J7WHFY","41.5","15.8","5.2","1220"
"PlimPad Kids10 キッズタブレット､10インチ Wi-Fiモデル Android15､RAM 9GB/ROM 64GB､6000mAh","3896","102","100","81","¥ 13,989","","1","B0GY3Q15QW","B0HGQRM58Z","28.7","21.4","6.7","1260"
"ブラザー工業 【brother純正】インクカートリッジ4色パック LC113-4PK 対応型番:MFC-J6975CDW、MFC-J6973CDW、MFC-J6770CDW、MFC-J6573CDW 他","3913","123","100","719","¥ 5,627","¥ 5,627","39","B00916UIZG","","12.1","11.1","6.2","160"
"Metapen M1 Surface用ペン Microsoft公式認証 MPP 1.51 規格 1024筆圧感知 Type-Cの急速充電","3914","101","100","6447","¥ 5,280","","1","B0B1GZDQ5M","B0H7JGCCWX","18.6","5.8","1.4","40"
"【整備済み品】デスクトップPC ESPRIMO Dシリーズ 588 i5-8400 DVD Office2019 8GB 512GB","4864","26","","","¥ 39,800","","1","B0GHXGLBCG","B0HFMRDQCG","46","30","18","6500"
"ソニー ゲーミングヘッドセット INZONE H3 MDR-G300 ブラック: 有線/立体音響/低遅延/長時間使用しても疲れづらい/ブームマイク付き / PS5 Switch/テレワークでも使える/EVO Japan 2023公式競技ギア / ホワイト","3919","109","50","418","¥ 9,000","¥ 9,000","1","B0FLD9DVX9","B0GGZZGWNR","26.3","24.3","7.8","700"
"ぶいすぽっ！ VSPO! GEAR マウスパッド 橘ひなの Edition ゲーミングマウスパッド バランスタイプ 撥水加工 XLサイズ","3928","104","","44","¥ 6,800","","1","B0GVMRBJS4","B0GVMDTXGJ","52.3","46.7","1.3","670"
"【ブラザー純正】LC516XLY インクカートリッジ イエロー 大容量タイプ 対応機種：DCP-J4250N、MFC-J4450N、MFC-J4950N 他","3933","97","","1","¥ 5,000","¥ 5,000","16","B0FSD36GQY","B0FSDBH71M","17.4","10.1","2.1","100"
"USBメモリ 32GB 10個セットWooolken USB2.0 安定させる転送 360度回転式設計 USBドライブ","3938","77","","582","¥ 8,599","","1","B0FBFRK9BT","B0HBJ2P3QJ","18.4","13.7","1.7","140"
"LG ウルトラワイド モニター 34BA75QE-B 34インチ 曲面(3800R)/3440×1440/IPS/USB-C 90W","3939","139","50","24","¥ 64,800","¥ 64,800","2","B0FF4N7588","B0H71D825H","97.5","48.5","19.5","13700"
"[TVRT] ちょうどいいポーチ 5個セット メンズ 小物入れ ガジェット ケーブル 収納 仕分け ナイロン （マチあり 5色アソート）","3945","59","","46","¥ 7,700","","1","B0FX4VPBPG","B0FT7QYFNG","28","18","2.1","45"
"モバイルモニター 15.6インチ Newsoul モバイルディスプレイ 収納ケース付き フル FHD IPS 125%広色域 軽量薄型 自立型スタンド","3949","107","50","98","¥ 10,431","","2","B0FWJW7JNP","B0HGNPFS1C","39.7","28.9","8.2","1780"
"モバイルモニター 18.5インチ 120Hz ゲーミングモニター UPERFECT クランプ式スタンド・VESAマウント・収納ケース付属 ポータブルディスプレイ 大画面 フルHD IPS非光沢 100%sRGB 自立型 持ち運び サブモニター HDRモード スピーカー内 USB-C/ミニHDMI接続 VESA対応 PS5/PS4/Switch/PC/Mac対応 在宅ワーク","3953","61","50","867","¥ 18,880","","1","B0H4V4TH7M","B0HF7K1CW6","45.3","30.5","10.4","3670"
"【2年保証】 JAPANNEXT 43インチ 大型4K液晶モニター JN-IPS43U-M","3954","111","100","17","¥ 38,900","¥ 49,846","4","B0G1RZMVTS","B0G38D6VMC","104.2","65.2","13.8","10200"
"TP-Link スイッチングハブ 5ポート 10/100/1000Mbps PoE給電 金属筐体 LS105GP【Amazon.co.jp限定】","3957","9","","","¥ 5,980","¥ 5,980","1","B0H2D24VCV","","19.6","13.4","12.2","720"
"【Amazon.co.jp限定】ASUS WiFi 7 ゲーミングルーター BE7200 10G WAN 2.5GゲーミングLANポート 5764+1376Mbps v6プラス/OCNバーチャルコネクト/クロスパス/transix対応 ゲーミングネットワーク専用SSID ROG STRIX GS-BE7200X 3年保証 国内正規代理店品","3961","139","50","70","¥ 39,990","¥ 39,990","1","B0FS16PPPR","B0GWH89LJ1","30.1","23.5","10","1390"
"【リチャージWiFi】バッテリーレス USB型 docomo回線 車載 ポケット WiFi【カシムラ (Kashimura)-100GB/365日】","3962","105","100","101","¥ 11,980","","1","B0DK6JTWRW","B0H5VWDT5T","18.1","11.5","3.2","100"
"tomtoc スリム&360°保護ノートパソコンスリーブ 15インチ MacBook Air M5/A3448 (2026) M4/A3241 M3/A3114 M2/A2941用 防水ケース CornerArmor付き","4293","13","","361","¥ 16,295","","1","B0H3NJBHQL","B0GR9NWFB7","40.5","31.1","4.3","230"
"【2026新登場タブレット Android16 11インチ】Tabwee アンドロイドタブレット Wi-Fiモデル、24GB+128GB+2TB拡張 Gemini AI 3.0搭載 T7250 8コア/ 90Hz / 8000mAh/ 5GWiFi/ GMS認証/WideVine L1 Netflix/BT5.0/ GPS/WPS/顔認識/無線投影/AIカメラ 仕事用tablet","3963","128","300","809","¥ 26,999","","2","B0GWCXRB15","B0H334GNTY","32.7","20.2","3.9","960"
"REGZA ゲーミングモニター 27インチ 4K 160Hz/FHD 320Hz デュアルモード 1ms(GTG) HDR400 Fast IPS USB Type-C対応 Adaptive Sync HDMI対応 RM-G277R","3965","112","","212","¥ 59,400","¥ 59,400","6","B0G64MTRSC","B0H6TYNNR1","79.1","47.2","17.4","8920"
"バッファロー WiFi ルーター 無線 LAN Wi-Fi 7 11be トライバンド 10ストリーム 11529 + 5764 + 688 Mbps 有線 10Gbps WXR18000BE10P","3968","177","200","101","¥ 54,500","","52","B0D2Z5CN4G","","34","25.5","14.2","2660"
"玄人志向 水冷 CPUクーラー LED モデル 360mm (120mm PWMファン×3) ASETEK 製ラジエーター搭載 KURO-AIOWC360L/V2","4850","99","","32","¥ 10,391","¥ 10,391","4","B0DT1HZMN5","B0DWN7R1PD","49","19","15","2300"
"【2026年新型】サーマルプリンター A4 タトゥー プリンター 両用 モバイル スマホ ミニ小型 インク不要 刺青tattoo printer ポータブル 転写機 A4/A5/A6/A7/A8 多サイズ Bluetooth接続 203dpi スマホ/PC 2600mAh 感熱紙(幅210mm 約22枚)1ロール付属 ビジネス/家庭/出張/学習用 簡単操作 正月 新年 贈り物 黒い (黒い)","3988","76","","90","¥ 13,299","","1","B0GXGJM58R","B0GXG3SGY9","28.3","12.3","7.9","940"
"Omikamo Surface Pro キーボード Surface Pro 8/9/10/X/11対応 JIS標準日本語配列","3995","98","100","93","¥ 6,552","","1","B0FDKVKZ5Q","B0FN36PD3Q","34.2","24.9","1.9","550"
"NZXT H6 Flow Black ミドルタワーケース CC-H61FB-01 CS8789","3998","113","","4891","¥ 14,764","¥ 14,764","1","B0C89FCDFP","B0HFZGH3JY","51","50.5","35.8","10890"
"アイ・オー・データ IODATA CDレコーダー「CDレコ6(ホワイト)」 スマホ CD取り込み パソコン不要 Wi-Fiモデル ディスプレイオーディオ USB/microSD対応 パネル交換【iPhone/iPad/Android/ウォークマン対応/土日サポート】 CD-6WW/E","4003","115","50","343","¥ 16,020","¥ 16,020","5","B0C276966F","B0CQSFTV5S","21.9","17.8","8.4","680"
"エプソン A4ビジネスインクジェットカラー複合機 FAX PX-M730F","4004","129","100","614","¥ 16,936","¥ 16,936","22","B08J6FL39F","B0GSDVVRXT","47.5","43.7","31.7","10800"
"エレコム USB-C & USB-C ケーブル 5m 60W USB PD対応 10Gbps L字コネクタ AOCケーブル 光ファイバー 【 Oculus Quest、Meta Quest2/3 対応】 ブラック DH-CCLO50BK","4007","95","100","82","¥ 5,500","¥ 5,500","1","B0CW65HCKW","B0H8H6JK58","22.8","20.1","2.7","280"
"Intehill モバイルモニター 16インチ 2560x1600 タッチパネル 10点タッチ応答 120Hz ゲーミングモニター 16:10 モバイルディスプレイ 自立型スタンド sRGB 100% 光沢IPS液晶パネル サブモニター pc 3年保証/標準HDMI搭載/金属製/VESA対応 ノートパソコン/ミニPC/Switch2/PS5用 ポータブルモニター T16KB ブラック","4009","104","","20","¥ 30,500","","1","B0GT42C8K6","B0GZGSJXJ1","40.2","27.2","5.5","1880"
"エレコム LANケーブル 40m 爪折れ防止 簡易パッケージ EU RoHS指令準拠 ヨリ線 ホワイト LD-GPAT/WH40/RS","4013","93","","317","¥ 6,260","","7","B089KDN771","B098FBV95Y","24.5","22","6","1520"
"【brother純正】 ブラザー工業(Brother Industries) トナーカートリッジ TN-27J 対応型番:MFC-7460DN、DCP-7065DN、DCP-7060D、FAX-2840、HL-2270DW、HL-2240D 他","4024","120","200","511","¥ 7,658","¥ 8,236","56","B004184ZRQ","B07PDRGGDT","36.8","20","11.4","700"
"エレコム モニターアーム ワイドモニター対応 17~49インチ対応 耐荷重2kg～20kg ガス式 取り付けブラケット付属 関節5軸 DPA-SS11BK","4030","118","100","211","¥ 8,260","¥ 8,260","15","B0CRYWBYY8","","42","20","10.9","4060"
"KingSpec 1TB SSD M.2 NVMe 2280 PCIe Gen 4.0 最大読込：4800MB/秒 内蔵SSD 3D NAND","4035","109","100","31","¥ 24,180","","1","B0DRCKF5D2","B0GCLBMWNZ","10","6.1","1.7","20"
"Lenovo Idea Tab タブレット (11インチ ワイド パネル MediaTek Dimensity 6300 プロセッサー 8GB 128GB Wi-Fiモデル) ルナグレー ZAFR0046JP 【AndroidOS】","4037","151","300","45","¥ 42,727","¥ 42,727","8","B0FTYTT33T","B0H1H7BF4B","27.3","18.4","4.7","820"
"タブレット - Android16 タブレット 10インチ AI最適化OS 18WPD急速充電 36GB+128GB+1TB拡張 6000mAhバッテリー WiFi6モデル 8コアCPU PCモード GeminiAI内蔵 1280*800 IPS画面 Bluetooth5.4 RGBライト搭載 Widevine L1対応 GMS認証 無線投影 顔認識 画面分割 日本語説明書 一年保証","4038","5","","16","¥ 13,999","","2","B0H9WR7ZD7","B0HGL5GBZL","26.7","18.4","4.8","800"
"LG モニター 32UQ850V-W 31.5インチ/4K/IPS Black/HDR400/USB-C PD90W/KVM","4041","123","100","107","¥ 74,800","¥ 74,800","4","B0CTKBY3J3","B0H87DDFGB","81.5","50","21","10780"
"【2026初登場 Android17 11インチ】 Blackview アンドロイドタブレット Wi-Fiモデル、16GB+128GB+2TB拡張 Gemini AI 4.0搭載 A537 8コア / 8300mAh/ 5GWiFi6/ GMS認証/WideVine L1 /BT5.4/WPS/顔認識/無線投影/AIカメラ 仕事用tablet Link 5","4041","14","","113","¥ 22,999","","2","B0H9LRPNHX","B0HF7K9TBR","28.3","19.6","6.2","1620"
"ASUS AMD Radeon RX 9060 XT ビデオカード 16GB GDDR6 OCエディション PRIME-RX9060XT-O16G 国内正規代理店品","4043","80","50","64","¥ 73,000","¥ 73,973","9","B0FBLRTJB5","B0FCLC6T2J","40.8","23.5","9.3","1480"
"Nextorage 日本メーカー CFexpress 4.0 Type B 2000GB メモリ VPG400 連写 8K 60fps B3AE","4046","94","","49","¥ 167,590","","4","B0DM1ZF5V1","B0G2SCTS2L","12.6","10","1.7","30"
"MSI デュアルモードMini LEDゲーミングモニター MPG 274URDFW E16M 27インチ 4K UHD RAPID IPS 160Hz(フルHD時320Hz) 0.5ms GTG HDMI2.1 DP1.4a USB-C DisplayHDR1000 24.5インチモード搭載 USB Type-C給電可能(最大98W) AIビジョン 縦横回転・高さ調整 3年保証","4050","99","50","16","¥ 104,800","","1","B0GGQVLBDT","B0GHRDNGTD","92","49.4","20.8","13000"
"EMEET Luna Plusスピーカーフォン 会議用マイクスピーカー","4057","89","50","107","¥ 8,799","","1","B0BZXZ91HR","B0GZNY74W2","17.3","15.9","4.7","450"
"【整備済み品】富士通 VL-P27-8T 27インチ 液晶モニター QHD（2560×1440）非光沢 HDMI/DisplayPort/DVI スピーカー内蔵 高さ調整 ピボット対応 VESA対応 ビジネス向け(Ymer-Shop）","4066","43","","","¥ 19,800","","1","B0H4SWKPVG","B0CWP26MF1","68","68","15","6500"
"プラネックス Planex 2.5GBASE-T 5ポート 高速　省電力 スイッチングハブ FX2G-05EM2","4068","72","50","58","¥ 7,100","¥ 7,100","7","B0DMZWNFLB","B0HGR1R711","28.6","16","6.1","730"
"プラネックス Planex 8ポート 2.5GBASE-T 高速 省電力 スイッチングハブ FX2G-08EM2","4068","104","50","132","¥ 9,491","¥ 9,491","9","B0CY23FQ76","B0HGQNQY5D","28.7","15.7","6.2","740"
"【整備済み品】中古ノートパソコン 東芝Bシリーズ B55/B65 Windows11搭載 Core i5-6200U /メモリ8GB/SSD128GB/15.6インチ/Bluetooth/WIFI/HDMI/USB3.0/DVDドライブ/MS & Office2019/テンキー搭載/仕事用ノート (Bシリーズi5-6/メモリ8GB/SSD128GB)","4078","94","100","60","¥ 16,500","","1","B0G57S1PC3","B0G53M5CP2","42","30.5","10.7","2640"
"エレコム Type-C ハブ ドッキングステーション PD対応 2画面出力 HDMI(4K60Hz)×2 USB-A×2 USB-C×2 シルバー DST-M060BPSV","4079","137","100","9","¥ 5,827","¥ 5,827","28","B0FPF2DPRQ","","20.4","7.7","2.3","120"
"BENFEI 10個 HDMI - VGA 1.8m ケーブル(逆方向に非対応)、単方向 HDMI (ソース) - VGA (ディスプレイ) ケーブル (オス - オス) PC,モニター,プロジェクター, HDTV, Raspberry Pi, Roku, Xboxに対応","4079","103","","5","¥ 8,590","","1","B0BR9W7K6F","B0CR3QYSV9","21.6","17.7","13.4","1220"
"KEEPTIME モバイルモニター 23.8"" 4K 100HZ 125%色域 非光沢 USB-C/HDMI ノートPC/スマホ/ゲーム機対応","4081","94","","42","¥ 39,899","","1","B0G2Y2Q3KD","B0GXSNTYNZ","61.8","37.3","7.7","3540"
"【2年保証モデル】JAPANNEXT 50インチ VAパネル搭載 4K(3840×2160)解像度 大型液晶モニター JN-V50U2-M HDMI ビデオ/音声入力 コンポーネント入力 オプティカル音声出力 USBメモリ再生対応 リモコン同梱","4088","34","","","¥ 54,527","¥ 54,527","3","B0H8SBPYP6","B0HGWZFWJB","118","71","11","12000"
"【整備済み品】第8世代 Core i5 / メモリ 16 GB/SSD 256 GB/Office2024 H&B(B55/B65)","4089","74","","36","¥ 36,524","","1","B0G641X5MH","B0GMXYMVML","44.9","31","5.2","2190"
"Flow Lite 84キーロープロファイルメカニカルキーボード、75％スワップ可能な充電式ワイヤレスキーボード2.4G無線接続、Bluetooth接続、Windows、Macの有線接続/スペクターリニアキースイッチ（フラミンゴ）英语配列 技適認証取得","4093","71","","940","¥ 14,960","","1","B0DP2ZVGKJ","B0DXD8MYTM","37.9","16.3","3.9","821"
"KMMXXCPM ロング USB C ケーブル 5M，USB C 3.2 Gen 2x2 20Gbps 高速データ転送 Thunderbolt 3下位互換，Type-C ケーブル PD3.0 100W 急速充電対応，8K@30Hz、4K@120Hz/60Hz映像出力，モニター/SSD/MacBook/iPad/eGPU/ハブ/ドッキングステーションなど幅広い機器と互換性あり。","3648","58","","255","¥ 6,699","","1","B0FWJT1SSY","B0GCH6B6ZZ","25.5","20.6","2.8","170"
"タブレット - FancyDay Android16 タブレット 10インチ 24GB+64GB+1TB拡張 WiFi6&Bluetooth5.4対応 高性能CPU 1280*800画面 6000mAh Widevine L1 GMS認証 Type-C充電 顔認識 アンドロイド 無線投影 RGBライト 児童守護 IPS画面 日本語説明書","4098","37","500","55","¥ 10,999","","2","B0H6J6LN6S","B0H9S82Q8H","26.8","18.4","4.9","770"
"【amazon.co.jp限定】ASUS ZenScreen MB16FC-J ポータブルモニター – 16インチ/16:10画面比率/WUXGA(1920x1200)解像度/IPSパネル/パススルー給電/自動回転/USB Type-C・mini-HDMI/フリッカーフリー/ブルーライト低減/FSC Mix認証/国内正規品","4106","45","50","2","¥ 19,800","¥ 19,800","1","B0GZ21C95F","","44.3","31.8","9","2000"
"DAREU COOL68 ゲーミングキーボード 0.01mm ラピッドトリガー対応 光翼ライトボックス 有線8000hzポーリングレート 磁気スイッチ SOCD対応 ホットスワップ 65%英語配列 テンキーレス 白/ブルー【1年間メーカー保証】","4106","108","","91","¥ 8,720","","1","B0G6JZWRD3","B0GDXLJZLD","35.7","15.8","5.4","998"
"XTEINK X3 電子書籍リーダー 3.7インチ E-Ink搭載 58g軽量 カードサイズ 16GB内蔵 SD対応 ミストレグレー","4109","45","100","31","¥ 11,120","","1","B0GY4MWDV9","B0GYQTCG5F","21","12.9","3.9","200"
"Crucial(クルーシャル) P310 1TB 3D NAND NVMe PCle4.0 M.2 SSD 最大7,100MB/秒 CT1000P310SSD8-JP 国内正規保証品","4110","177","100","333","¥ 29,800","","10","B0DGKMQPYC","B0CMCSWPZ4","13.7","9.7","1.9","30"
"LivElect モバイルモニター 15.6インチ 1920*1080 モバイルディスプレイ ポータブルモニター IPS液晶パネル 非光沢画面 薄型 軽量 自立型スタンド USB Type-C ミニHDMI PS4/XBOX/Switch/PC/Macなど対応 在宅勤務 リモートワーク","4114","136","200","76","¥ 6,998","","1","B0DZNM8V94","","30.5","26.3","5.9","1940"
"ProtoArc EM05 NL トラックボールマウス 縦型62° 静音 無線 2.4GHz Bluetooth 3台同時接続 人間工学 手首疲れ軽減","4116","70","","555","¥ 6,986","¥ 6,986","2","B0DDTLKDY6","B0HC1Z4V98","14.6","12","9.7","310"
"EAYHM モニター台 USB2.0/3.0データ転送付き 机上台 USB/TYPE-C充電付き モニタースタンド 引き出しとスマホホルダー付き 二段式 パソコン 台 ノートパソコン/プリンター/iMac/タブレットパソコンに適用 耐荷重25kg (80CM二段式-USB HUB/TYPE-C充電付き)","4520","66","","3","¥ 7,999","","1","B0GCGXMVYH","B0DK32ND7L","84","29.5","9","5420"
"iPad mini(A17 Pro)用Smart Folio - セージ","5733","74","","93","¥ 10,800","¥ 10,800","1","B0DK4584S1","B0DK4TX1WK","22.1","14.5","1.9","260"
"8BitDo Ultimate 2C Windows PC および Android 用ワイヤレス コントローラー、1000Hz ポーリング レート、ホール効果ジョイスティックとホール トリガー、再マッピング可能な L4/R4 バンパー付き (Peach)","4122","65","","6792","¥ 5,019","","1","B0D73398R9","B0DCG2DN43","15.7","12.4","7.3","340"
"【ブラザー純正】ドラムユニット DR32J 対応型番:MFC-L2880DW、MFC-L2860DW、FAX-L2800DW、DCP-L2660DW、DCP-L2600DW、HL-L2460DW、HL-L2400D 他","4126","108","100","24","¥ 9,927","¥ 9,927","33","B0CSS8L2DJ","","35.3","22.3","11.9","640"
"GUERMOKビデオキャプチャカード、USB3.0 HDMIからUSB-Cキャプチャデバイス、2K@30FPS。","4133","69","","1604","¥ 6,626","","1","B0BW9MK247","B09QPLMLBF","10.1","6.4","1.7","50"
"AGI 256GB microSDカード TF138","4135","100","400","810","¥ 7,880","","1","B098M72XNQ","B0C5VHL2DT","11.6","8.5","1.1","10"
"Hseok ラップトップスリーブ 13.3-14インチ、小型ポーチ付き – ネオプレン製、MacBook Neo/Pro 14（M5/M4/M3/M2/M1）、Mac Air/Pro 13.3、XPS 14、その他ほとんどの13-14インチノートPCに対応,ローズレッド","4142","43","","8160","¥ 5,838","","2","B0G43YZB43","B0D49KBJQP","30.5","20.3","1.5","91"
"【Amazon.co.jp限定】JAPANNEXT 27インチ IPSパネル搭載 120Hz/1ms(MPRT)対応 4K(3840×2160)解像度 ゲーミングモニター JN-iA27G120U2-HSP HDMI2.1 DP sRGB:100% HDR400相当 PS5 4K:120Hz接続 VRR 高さ調整 ピボット(縦回転)【2年保証】","4145","105","50","5","¥ 35,980","¥ 35,980","5","B0H2XK86ZV","B0H3ZSP2Q4","68","44","17.5","7050"
"【純正品４色】キヤノン トナー067 カラー４色セット CRG-067BK CRG-067C CRG-067M CRG-067Y","4149","110","100","54","¥ 25,580","","11","B09QRWTZPH","","37.5","25","22.6","3280"
"Nextorage 日本メーカー CFexpress Type B & SDカード マルチスロットカードリーダー USB 10Gbps MFB1SE","4150","102","50","22","¥ 8,090","","1","B0FSKK2RN8","B0D41WN9TC","11.8","9.9","2.2","120"
"CANON 純正品 トナー カートリッジ067 ブラック 2本セット CRG-067BLK MF656Cdw / MF654Cdw 対応","4151","115","100","37","¥ 11,320","","15","B0BN9JXWSF","","37.9","19.9","11.9","1470"
"usb cケーブル ロング6m 2 本セット Thunderbolt4/3 対応 long USB3.2 Gen2X2 typec 20Gbps 高速データ転送 100W PD 急速充電 4K@60Hz 映像出力 タイプc ケーブル","5237","29","","205","¥ 7,999","","1","B0FXV9MR4V","B0G1MDN1MX","27.1","26.9","8.5","490"
"キヤノン用 BC-365XL 互換 BC-366XL 互換 大容量 互換インク 残量表示対応 PIXUS TS3730 / TS3530 (ブラック×2個/カラー×1個)","4410","75","","5","¥ 6,059","¥ 6,059","2","B0FT6MZM56","B0G4L4PWYZ","11.3","9.2","6.8","240"
"TP-Link Wi-Fi 6E Bluetooth 5.3 PCIeアダプター デスクトップパソコン Intel Wi-Fi 6E トライバンド 2402 (6GHz) + 2402Mbps (5GHz) + 574Mbps (2.4GHz) Archer TXE75E","4155","109","","49","¥ 7,650","¥ 7,650","11","B0C8SWT7BK","B0BY26ZZJL","27.2","21.6","4.7","490"
"TourBox Elite[フラッグシップモデル] 左手デバイス Bluetooth 触覚フィードバック 動画 映画編集 ポスプロ モデリング 色調補正 写真加工 イラスト ブラインド操作 ClipStudioPaint Photoshop DaVinciResolve FCPX Premiere Filmora Lightroom Capcut AutoCAD 板タブ 液タブ マウス対応","4160","67","","57","¥ 32,879","","1","B0B5XDTHR2","B0B74YJ4QX","14.2","14.1","7.9","771"
"【ブラザー純正】トナーカートリッジ　TN299XLBK 対応型番:HL-L3240CDW、MFC-L3780CDW　他","4163","125","200","66","¥ 10,200","¥ 10,500","46","B0CJXSBMB6","B0D7ZG158Q","39.2","22.5","10.9","660"
"ジット ブラザー（BROTHER） LC3119-4PK 対応 4色パック リサイクルインク 日本製 JIT-NB31194P","4164","97","50","68","¥ 7,351","¥ 7,351","1","B09TGLRWMN","B0FYDQRXC5","12.2","9.3","8.5","290"
"KEEPTIME モバイルモニター 14” 1200P IPS 16:10画像比 薄型軽量 USB-C HDMI対応 ノートPC/スマホ/ゲーム機対応","4167","109","100","168","¥ 8,897","","1","B0DF2DNTBB","B0HCC7DJ62","36.9","25.1","6.7","1500"
"Dell Alienware AW3426DWM 34インチ曲面 ゲーミングモニター","4183","38","50","10","¥ 59,980","¥ 59,980","1","B0H6J2QR7N","B0HCNNTD3B","95.5","48.5","25","14160"
"パンドウイットコーポレーション Cat6 モジュラープラグ LANコネクタ 100個入り SP688E-C","4191","93","50","17","¥ 12,500","¥ 15,600","19","B095H7LV1D","B0FXMC8B1D","19.7","15","12.4","280"
"【整備済み品】 ノートパソコン Let's note CF-SV8 軽量化 12.1インチWUXGA(1920×1200) ノートPC 第8世代Core i5-8365U 1.90GHz/メモリ8GB/SSD 256GB/WEBカメラ内蔵/Windows 11 Pro&Office 2019搭載 SOUSIAの整備済み レッツノート パソコン","4195","109","100","148","¥ 24,610","","6","B0D7Q1R122","B0FZVMLC6P","35.9","26.3","10.7","1500"
"ブラザー工業 A4モノクロレーザープリンター HL-L5210DN (有線LAN/両面印刷)","4200","120","50","22","¥ 26,800","¥ 27,382","23","B0CHVSHWKH","B0D9NGH97F","48.6","45.3","37.2","13610"
"Cloudisk Ｍicro SD card 64GB マイクロ　SD カード 2パック クラス10 転送高速 正規品　アダプター カードリーダ メモリーカード","4202","79","","1254","¥ 5,088","","2","B08L8QBZK7","B0D622ZZDK","11.4","8.7","1.4","9"
"【G99 タブレット 10インチ】Hasskya M30Pro タブレット simフリー Helio G99 Tablet 10.4インチ android tablet 2K 解像度 4G通話/GPS搭載/顔認証 RAM20GB+ROM128GB 無線投影/BT5.2/OTG/FMラジオ/Widevine L1対応 7000mAh 440g軽量 GMS/TELEC認証 日本語仕様書","4208","72","50","15","¥ 18,998","","1","B0GCZMF343","B0HB3HX65F","27","18.2","4.6","770"
"MAGICRAVEN モバイルモニター 15.6"" 1080P IPS非光沢 卓上スタンド付き Type-C/HDMI PC/スマホ/ゲーム機対応","4212","102","200","164","¥ 8,998","","1","B0FVT5BD4T","B0GXDHHXQK","42.8","27.4","9.2","2270"
"MMOMENT 128GB (5パック) USBドライブ MU39格納式 最大100MB/秒読み取り","4213","86","","10","¥ 12,540","","7","B0FB85Q34Z","B0BP11ZCJN","14.4","8.6","1.4","41"
"ブラザー プリンター 大容量ファーストタンク A3インクジェット複合機 MFC-J7500CDW (FAX/ADF/30万ページ耐久/自動両面/2段トレイ)","4216","126","50","117","¥ 54,545","¥ 54,545","17","B0BCJWZFNK","B0H8SN5LPM","68","57","49","26080"
"0.005mmラピッドトリガー GravaStar Mercury V60 PRO ゲーミングキーボード 60%レイアウト カスタムUFO磁気スイッチ","4218","123","100","324","¥ 28,782","","1","B0G6K9M3D2","B0H8Y6FD3F","39.7","18.5","6.7","1869"
"「VGP2026SUMMER金賞&デスクトップオーディオ大賞」EDIFIER M90 デスクトップスピーカー Bluetooth 6.0【2026年新モデル】100W ハイレゾワイヤレス対応 マルチポイント接続 専用アプリ 2.4GHzリモート HDMI eARC/光デジタル/USB-C/AUX入力 SUB OUT出力 PC テレビ用 コンパクト 黒","4222","131","100","95","¥ 37,583","","1","B0GC4TMNT3","B0GSD3SSYT","38.6","32.4","29.5","8080"
"Synology NASキット 2ベイ DS225+ /G【ガイドブック付】 クアッドCPU搭載 2GBメモリ搭載 2.5GbE-NIC スタンダードユーザー向け 国内正規代理店フィールドレイク取扱品 電話サポート対応品 DiskStation","4224","40","50","217","¥ 66,000","¥ 66,000","2","B0FGPPH4WN","B0HGQN7RPJ","29.1","27.5","12.6","2680"
"GL.iNet WiFi6 トラベル ルーター VPN 無線LANルーター 2.5Gbps WANポート ギガビット AdGuard Home |VPN Client |OpenVPN |Wireguard WPA3 IPv6対応 テザリング 旅行 出張 RV GL-MT3000 (Beryl AX)","4231","115","100","168","¥ 13,599","","1","B0BQ1YRH9F","","18.1","14.2","5.7","470"
"バッファロー 強制暗号化 USB3.0 セキュリティーUSBメモリー 4GB","4235","137","50","97","¥ 8,600","","21","B00I5870XE","B00MTDS1QQ","13","7.8","1.7","20"
"Fintie キッズフレンドリーケース iPad 第9世代 / 第8世代 / 第7世代 10.2インチ用","4237","67","","2777","¥ 6,664","","3","B0G3W1WJ5T","B0DB5VF1WX","27.2","21.1","2.5","440"
"NECプラットフォームズ LTE Wi-Fi モバイルルータ dual_band Aterm MR10LN SW PA-MR10LN-SW","6142","44","","204","¥ 22,480","","16","B091PX87SN","","16.8","13.8","4.4","310"
"USBC 電流電圧チェッカー YEREADW双方向 USB C パワーメーター、曲線表示機能搭載Type-C マルチメーターテスター 4-30V 0-12A金属シェル電流計 (0-6A)","4321","80","","683","¥ 8,887","","1","B0DFBSFL38","B0DLV88QLC","8.2","7.4","1.8","32"
"【国内正規品】ATK ワイヤレス ゲーミングマウス A9 Ultimate PAW3950 Ultra センサー 42,000 DPI 軽量 55g 800時間連続使用可能 最新ナノコーティング採用 5個プログラムボタン Windows Mac 対応 ホワイト","10592","30","","16","¥ 10,799","","1","B0FSZZBVXS","B0H9424347","20.3","20.3","7.6","544"
"Kensington ケンジントン オービットワイヤレストラックボールウィズスクロールリング ブラック&レッド K70992JP","4250","123","50","243","¥ 5,918","¥ 5,918","6","B09J8M9LTV","B0BFH1MXFV","19.9","18.2","9","400"
"Logicool G(ロジクール G) ゲーミングマウスパッド G840 マウスパッド 超大型 XLサイズ 400x900x3mm クロス ラバー素材 G840r 国内正規品 ブラック","4255","126","200","321","¥ 5,215","¥ 5,300","5","B0BLVB63JH","B0H8H6L651","43.8","7.7","7.7","840"
"PC収納ボックス サーバーラック 360°キャスター付き CPUスタンドカート昇降式パソコンワゴン 充電ステーション付き PC 台車 2段 オフィス ゲーミングPC 4つのフック付 家庭やオフィスで使用 (ブラック)","4260","103","100","64","¥ 5,795","","2","B0DXPWZPRC","B0HGWNZ9WT","39.3","33.3","13.8","5530"
"2026年強化版 Bvlary P32 キッズタブレット 10インチ Wi-Fiモデル、キッズスペース & YouTube Kids 対応､Android 16 タブレット、16GB RAM+128GB ROM 1.8Ghz､6000mAh 1.5m充電ケーブル､子供用知育アプリ使い放題、利用時間制限可能、落下防止超軽量のEVAケース付き、男/女の子 誕生日プレゼント","4261","32","50","10","¥ 12,999","","1","B0GX7VKXQP","B0HFRH7154","27.3","18.8","6.2","990"
"iiyama 4K モニター ディスプレイ 27インチ ProLite XUB2792UHSU-B6 IPS方式 HDMI DisplayPort USBハブ 高さ調整 角度調整 全ケーブル付 3年保証 国内サポート","4264","99","","41","¥ 37,480","","16","B0CZXV4SDK","B0H4LWMKWH","68","46","13.5","8580"
"デスクトップPC用メモリ 16GB(8GBx2枚) PC4-21300(DDR4-2666) 288pin DIMM Hanye 1.2V CL19 UD4-08GB-2666-1R8 国内正規代理店品","4270","52","","1","¥ 13,690","","1","B0DJFTV6M6","B0G2WPVFV2","16.7","5.8","1.4","60"
"NECプラットフォームズ Wi-Fi Aterm PA-HT100LN-SW 据え置き型 LTE ルーター dual band nanoSIM×1","4272","159","100","408","¥ 14,000","","34","B0744CD9LR","","19.5","13.7","7.6","440"
"玄人志向 Radeon RX7600 搭載 グラフィックボード GDDR6 8GB 搭載モデル 【国内正規品】 RD-RX7600-E8GB/V2","4273","93","200","16","¥ 39,027","¥ 39,027","44","B0FB3GMSTN","","29.4","19.3","7.5","930"
"アイ・オー・データ 外付けHDD ハードディスク 2TB ポータブル カクうす アルミボディ 超薄型 mac Time Machine対応 日本製 HDPX-UTS2K","4278","167","100","426","¥ 20,592","","37","B078D674SY","B078G91LP2","15.7","13.6","4.9","240"
"エレコム 指紋認証リーダー ドングルタイプ Windows対応 MoC方式 USB-Aプラグ ブラック CR-FI01UBK","4280","100","200","12","¥ 6,800","¥ 6,800","6","B0H3ZTXLQ5","B0H3ZG414N","12.3","11","1.7","20"
"ソニー ゲーミングモニター INZONE M10S SDM-27Q10S ALGS公式ギア QHD 27インチ OLEDモデル 24.5インチモード搭載 Fnatic共同開発 高コントラスト/リフレッシュレート480Hz 応答速度0.03ms VESA対応","4284","122","50","63","¥ 133,000","¥ 135,701","6","B0DHRTWZFC","B0GX9DZ6TL","72","54","19","10400"
"RAOYI USBフラッシュドライブ 32GB 50個パック USBスティック メタルキャップ サムドライブ バルク 32G USB 2.0 ジャンプドライブ スイベルデザイン メモリースティック USBキー LEDインジケーター付き ブラック","4288","20","","51","¥ 59,006","","1","B0816FTPHB","B07SCWSBJP","19","15.2","6.1","500"
"TP-Link アンマネージPoEスイッチ ギガ対応 8ポート(4ポートPoE) 無償 スイッチングハブ TL-SG1008P","4290","96","50","3026","¥ 6,600","¥ 6,600","5","B00BP0SSAS","B092SC6Y85","28","22.5","6.9","1100"
"キヤノン トナーカートリッジ 057H CANON CRG-057H トナー 輸入純正 LBP224 LBP221 MF447dw","4296","112","100","28","¥ 27,720","","5","B0848Q1VNK","","36.4","23","10.4","1360"
"マイクロソフト Surface Laptop 13 インチ Snapdragon X Plus 16GB 256GB プラチナ EP2-36993","4300","115","","41","¥ 151,800","","6","B0F83TRN69","B0FB3G5S28","39.3","24.6","6.9","2340"
"Okinos Aqua UNO ポーラー(ホワイト) PCケース 120mm ARGBファン3個を標準搭載したコンパクトなピラーレスミニタワーPCケース AQUA UNO Polar (White) Compact MicroATX Case","4302","72","","131","¥ 5,685","¥ 5,685","1","B0GV1FGL8T","B0H2VDMPYT","43.2","36.8","26.7","4990"
"BitTradeOne USB4対応 USB Cable Checker3 EPS対応等も確認可能 ポートのチェックも可能 単四乾電池x2動作（別売） 約 70 × 40 × 22 mm ADUSBCIM3","4305","121","200","92","¥ 9,180","¥ 9,327","7","B0FPC6RM3H","","17.5","11.9","3","70"
"【整備済み品】Apple MacBook Air M2 2022 (13インチ,16GB RAM,512GB SSD,8コアCPU/8コアGPU) スペースグレイ","4309","89","","6","¥ 151,960","","3","B0CGPLPJ87","B0BCVP6G4Z","35.8","25.9","7.4","1950"
"ATTACK SHARK X68HE ラピッドトリガー ゲーミングキーボード 8000Hz対応 RT0.01mm（コンターホワイト）","4309","89","","94","¥ 7,699","","1","B0DR22QYGD","B0FPKKT39K","36","15.8","5.2","880"
"【ブラザー純正】 ブラザー工業(Brother Industries) インクカートリッジ4色パック(エコパッケージ) LC12-4PK-E 対応型番:MFC-J6710CDW、MFC-J710D、DCP-J940N、DCP-J540N 他","4310","102","200","467","¥ 5,229","¥ 5,229","1","B09LV9Z8XN","B09M8QJ6RG","28.3","22.1","2.8","210"
"【Amazon.co.jp限定】ASRock PRO X1P シリーズ PC電源ユニット 850W 80PLUS GOLD ATX 3.1 直結式ケーブル PCIE 12V-2X6ケーブル採用 PRO-850G/X1P","4311","61","","1","¥ 9,480","¥ 9,480","1","B0GNRFXDQR","B0GTSHJN1C","27.3","19.7","9.9","2320"
"BenQ Creative Pro PD2706U 27インチ 4K IPS P3 95% デザイナー向けモニター","4316","102","50","216","¥ 80,255","¥ 80,255","2","B0CCDHFB37","B0GXHD8C1H","84.5","51.3","18.6","11420"
"ABLAZE USBメモリ 4GB 20本セット 金属製 防水 USB2.0 フラッシュドライブ キーチェーン付き データ保存用（無地USBメモリ）","4322","76","","485","¥ 9,188","","1","B0FYDG584R","B0GVJPFDMX","11.5","6.7","1.3","140"
"RYR ゲーミングイヤホン ワイヤレス Bluetooth5.3 と 2.4G Type-C 20ms未満の超低遅延/最大36時間再生/2つの内蔵マイク/3Dサラウンドサウンドゲーム＆通話/LEDバッテリー ディスプレイ/急速充電/IPX4防水 Meta Quest 3/2, PS5/4, VR, Switch, PC, Phone対応 パールホワイト","4325","53","200","495","¥ 6,997","","1","B0GTYBWL2D","B0H8TP51QL","11.5","9.8","3.9","170"
"tab-dock タブドック ジッポ型ライターケース インサイドユニット対応 ジッポケース フリスク・ミンティア収納 精密設計","4327","106","200","177","¥ 7,095","","2","B0011Y1RJM","","7.7","7.7","2.7","40"
"Cable Matters 201036-BLK-3m","4332","87","","1092","¥ 6,187","","1","B06XTYKLNJ","B08HCS2T76","23.9","18.7","1","130"
"サンワダイレクト モバイルモニター スタンド アーム 17.3インチ対応 高さ調整 クランプ式 360度回転 3関節 200-STN089BK","4343","81","","67","¥ 5,380","","1","B0FKG8M6PG","B0FKMS7GN2","32.2","21.5","6.6","910"
"【整備済み品】 レノボ 14e Chromebook Gen 3 インテル プロセッサー N100 メモリ4GB eMMC64GB 5G対応 nanoSIM eSIM SIMフリー 14型フルHD 1920*1060 日本語キーボード クロームブック ChromeOS ノートパソコン 軽量 82W7S09H00 (整備済み品)","4344","75","100","32","¥ 12,999","","5","B0FZPP15QD","","45.5","35.4","13.2",""
"サンワダイレクト リングマウス Bluetooth ホイール搭載 USB-C充電 Windows/Mac 5ボタン 指 400-MABT156BK3","4348","105","100","90","¥ 5,980","","2","B0DHBTXVBF","B0FT6SC3V7","12.3","8","4.6","60"
"XIAO ESP32C6 3個パック - 2.4GHz Wi-Fi 6、BLE 5.0、Zigbee、Matter、Thread、オンボードアンテナ、外部アンテナインターフェース","4348","67","","89","¥ 5,310","","5","B0DJ6N55FX","B0DG8818QX","11.3","4.3","1.4","9"
"ロジテックダイレクト HDD ケース 4BAY 最大16TB×4台 搭載可 ガチャベイ USB eSATA 接続 LHR-4BNHEU3","4349","111","50","651","¥ 13,980","","1","B01AQNLMJ8","B0G567ZJRB","32","28","23.5","3200"
"Logitech G502 HERO ゲーミングマウス 有線 [並行輸入品]","4357","144","100","114","¥ 5,300","","10","B08VN76PLB","","17.3","11.8","5.7","240"
"MFi 認証 充電 ケーブル 1M 2本 ライトニング ケーブル 耐久 Lightning USB アイフォン コード 純正品 iPhone 11/ 11 Pro Max/X/Xs/Xs Max/Xr/8 Plus/8/7 Plus/7/6s Plus/6s/6 Plus/6/5/5S/5SE/iPad Air/iPad mini 対応","3762","39","","3314","¥ 5,328","","1","B086L35MJD","B0CWKP8WTX","16.7","13.5","1.7","85"
"Silicon Power DDR4 16GB 3200MHz (PC4-25600) CL22 SODIMM 260ピン 1.2V ゲーミング ノートパソコン RAM ノートパソコンメモリ","4366","86","","803","¥ 29,887","","14","B08QZBB53R","B09743MPRT","15.1","5.7","1.1","20"
"Western Digital ウエスタンデジタル WD Blue 内蔵 HDD ハードディスク 1TB CMR 3.5インチ SATA 7200rpm キャッシュ64MB PC WD10EZEX-EC","4374","138","50","487","¥ 9,599","","3","B08BRVKB6Q","B0FZ3QGR8H","24","17.4","3.5","460"
"サンワダイレクト トラックボールマウス 無線 静音 チルトホイール 高速スクロール Bluetooth ブラック 400-MAWBTB230BK","4377","58","50","37","¥ 7,630","","1","B0GNXCXQH1","B0GTQFXQ1X","13.5","11.1","7.6","230"
"HUION Kamvas 13（Gen 3） 液タブ 液晶タブレット 13.3型 16384レベルの筆圧検知 スタンドなし ブラック","4377","86","","21","¥ 31,984","","1","B0DDBV6LTW","B0GWDGQ3V4","40.1","24.1","7.2","1900"
"YELPLION モバイルモニター 10.5"" 1280P IPSパネル 100%sRGB HDR 超軽量260g ノートPC/スマホ/ゲーム機対応","4378","29","100","23","¥ 6,999","","1","B0H8SQ13B8","","29.6","21.1","6.4","690"
"【24bit/96KHz対応】BIAZE USB サウンドカード 外付け オーディオ 変換アダプタ 高性能DACチップ搭載 USB to 3.5mm マイク・ヘッドホン 分配ケーブル 金メッキ端子 高耐久ナイロン編み テレワーク/ゲーム/録音 PS5/PS4/Mac/Windows対応","4380","82","","189","¥ 5,673","","6","B0FF4XLZ3J","B0HFWCY91Z","10","9.9","1.9","30"
"Jabra ヘッドセット Evolve 30 II UC Mono USB-A/C 片耳 ヘッドホン マイク付き UC モノ USB-C/USB-A 3.5mm ピンジャック 接続 ノイズキャンセリング 一日中快適なレザークッション Teams/Zoom対応 会議","4381","99","","2","¥ 6,700","¥ 6,700","2","B0DX7BZWB6","B0FNKR1JYM","22.2","17.3","5.8","180"
"7 in 2 ultipot dpte H Dongle w/4 HDI, 3 3.0, D/TF 3.0, 100W PD 40Gbp Thundebolt 3/4","3374","59","","4958","¥ 17,019","","1","B0B219FV81","B0HBQCS18N","16","6.6","1.9","60"
"BUFFALO HDSGDA8U3B 外付けHDD USB3.2(Gen1)対応 外付けHDD Seagateコラボ 8TB ブラック","4385","158","300","21","¥ 42,800","","10","B0F4K79T2C","","22","21.4","7.7","1140"
"エプソン ビジネスプロジェクター EB-W55 4000lm WXGA 無線LAN標準対応 液晶 2.6kg HDMI 2025年モデル","4386","133","100","28","¥ 81,480","¥ 92,500","28","B0FBWD3GSL","","38.2","34.4","16.8","3660"
"【2TB 高速】USBメモリ USB3.0 & Type-C 360度回転 スマホ・PC対応 合金製 防水防塵 耐久性あり 外付けメモリ (銀白色)","4391","10","","3","¥ 5,990","","1","B0HD85B4T5","","8.9","6.3","1.9","40"
"MoKo iPad (A16) 第11世代ケース、iPad 第10世代ケース、ダズルネイビーブルー。","4396","81","","3518","¥ 6,477","","1","B0G2C1T36F","B09KS7183D","27.4","21.4","1.5","249"
"YUNZII QL75 タイプライターキーボード ワイヤレス レトロメカニカルキーボード ホットスワップ対応 パンクスタイルの丸型キーキャップ RGBバックライト QMK/VIAプログラマブル 2.4GHz/Type-C/BT5.0マルチデバイス接続 技適認証取得 (グリーン, ココアクリームV2スイッチ)","4401","72","","394","¥ 13,893","","1","B0F5Q9RWNG","B0F5WN825T","38.7","26.7","11.1","2318"
"EMEET PIXY webカメラ 4K - AI自動追跡 PTZカメラ PDAF高速オートフォーカス 美肌","4403","96","50","795","¥ 12,799","","1","B0F9N8RBF3","B0H9RXL2LF","14.5","10","7.4","320"
"沖データ OKI トナーカートリッジ(大) イエロー (C841dn/C811dn/C811dn-T) TNR-C3LY2","4403","112","","11","¥ 20,473","¥ 20,791","36","B006FMUIEK","B00I9SIAGQ","40.8","12.1","6.9","670"
"SDカード 128GB SDXC Class10 UHS-I V30 読取最大200MB/s Extreme PRO SDSDXXD-128G-GHJIN 新パッケージ [並行輸入品]","4423","136","100","4","¥ 7,821","","11","B0CV9RRDXX","","14.7","10.2","1.6","20"
"CIO NovaPort TRIOⅡ 140W PD急速充電器 USB-C×3 PD3.1 3台同時充電 世界最小級（ブラック）","4425","127","100","162","¥ 11,000","","2","B0DK79LN9H","B0DRJ11TR7","18.2","8.5","3.7","280"
"ALLDOCUBE iPlay 70 Pad Pro タブレット12インチ 2560x1600解像度 90Hz HelioG100 GPS 4GLTE","4441","136","200","76","¥ 23,748","","1","B0GKFHK6XN","B0HB9B8JN7","33","22.6","5.2","1150"
"Crucial RAM 32GB DDR5 5600MHz (または5200MHzまたは4800MHz) デスクトップメモリ CT32G56C46U5。","4442","94","","63","¥ 67,950","","40","B0BLTFFBL9","B0BNX33GKS","20.7","8.7","3.3","32"
"[2パック] 31.5インチ コンピューター プライバシースクリーン 16:9 アスペクト比 ワイドスクリーンモニター、目の保護 アンチグレア ブルー ライト コンピューター モニター プライバシー フィルター、取り外し可能 傷防止 78.7 cm プロテクター フィルム","4444","53","","2111","¥ 26,791","","1","B0CJR63X1K","B0981PW9Q3","71.4","43.4","1.6","612"
"Nylavee PCスピーカー サウンドバー Bluetooth & AUX接続 六つのスピーカーユニット 10W ステレオ 大音量&豊かな低音 ラップトップ、タブレット、スマートフォンに対応、USB給電式 パソコンスピーカー","4445","99","400","2502","¥ 8,479","","1","B0DSB9DKR6","B0GVMGZ6BQ","44.6","9.8","9.4","1000"
"【2026新登場・JIS標準日本語配列】ワイヤレスキーボード bluetooth 折りたたみ iPad タブレット スマホ パソコン 3台同時切替接続 無線 薄型 軽量 静音 マルチペアリング タッチパッド付き iOS/Windows/Android/Mac/Google対応 Type-C急速充電 iPad/iPhone/パソコン/surface用 持ち運び モバイルオフィスに最適 (グレー)","4448","107","100","55","¥ 6,299","","1","B0GSFH3ZFX","B0GSFGFSSY","16.5","12.5","2.4","270"
"EAYHM デュアル モニター 台 USB口/2口コンセント付き 机上台 2画面ディスプレイ 台 幅3段階(100-110cm)可変モニタースタンド ノートパソコン/プリンター/iMac/タブレットパソコンに適用","4448","93","50","63","¥ 5,699","","1","B0D6XPMDTF","B0D6XRLK6Z","105","21.5","10.5","3600"
"LG ウルトラワイド モニター 34U511A-B 平面 34インチ/2560×1080/100Hz/IPS/sRGB 99%/HDR400","4458","127","100","27","¥ 39,900","¥ 39,900","1","B0F6CYL2MS","B0H73V3J59","91","45","20","8000"
"Redragon (レッドラゴン) M612 PRO RGB ゲーミングマウス 8000 DPI 有線/ワイヤレス光学マウス 9つのプログラム可能なボタン&7つのバックライトモード BT&2.4Gワイヤレス ソフトウェア DIYキーバインド 高速発射ボタン対応","7252","87","","456","¥ 7,322","","7","B0D2WSN8JJ","B0D97TXNQN","14.4","9.6","5.1","191"
"EPOS IMPACT SC 60 USB ML ヘッドセット - USB接続, ノイズキャンセリングマイク, ステレオサウンド, クリアな通話, Microsoft Teams 認定, オールデイコンフォート","4459","80","50","237","¥ 5,960","¥ 7,686","13","B08QS4TNDR","B0HBQNLRWR","17.7","15.1","6","130"
"ワイヤレスホリパッド for Steam (ミッドナイトブラック)","4464","116","100","202","¥ 7,349","¥ 7,349","2","B0D7VB361Y","B0D7V9J29N","25.2","20.1","10","470"
"アイ・オー・データ ポータブルハードディスク 2TB USB 3.2 Gen 1(USB 3.0)対応 Silver×Green 日本製 HDPX-UTSC2S","4471","133","50","212","¥ 21,602","","16","B09KRGPKTS","B09KS4FW15","16","13.7","4.7","250"
"エプソン ビジネスプロジェクター 液晶 3600lm Full HD 2.7kg EB-FH08 HDMI 2025年モデル","4484","122","","4","¥ 105,250","¥ 113,455","21","B0FBVX7S1D","B0FNN5SG26","38.3","34.8","16.9","3750"
"BENFEI 10個 DisplayPort - DVI シングルリンクアダプター、DisplayPort(ディスプレイポート) - DVI 変換コネクタ (オス - メス、逆方向に非対応) Lenovo、Dell、HP およびその他のブランドに対応","5288","77","","5821","¥ 5,999","","1","B09SLPQ4ZR","B07W74GMJY","16.5","10.1","9.7","490"
"サンワダイレクト カードリーダー 充電しながら自動バックアップ Qubii Power iPhone/Android 400-ADRIP016W","4487","33","","","¥ 13,320","","1","B0H78ZDHKG","B07X91LM4X","13.5","9","3.5","130"
"バッファロー BUFFALO ハードウェア暗号機能搭載 USB3.0用 外付けHDD 3TB HD-LX3.0U3D","4489","142","","253","¥ 28,827","¥ 28,827","16","B00VRK74LA","B00W6RD4FI","22.8","22.6","8.1","1236"
"TITAN GAMING 【GeForce RTX 5060搭載 / 850W GOLD電源搭載 / メーカー保証1年】 ゲーミングPC デスクトップパソコン Ryzen 7 7700 メモリ64GB NVMe SSD 1TB Windows 11 Home B840 Wi-Fi 6E搭載 120mm空冷CPUクーラー AQUA UNO ブラック","6348","2","","","¥ 329,000","","1","B0HF4P4SK9","B0H1RB7KDX","43.2","39","26.2",""
"【Amazon.co.jp 限定】アルカナイト(ARCANITE) 64GB microSDXCカード UHS-I U3, A1, V30, 4K, C10, SDアダプター付 - AKV30A164 (× 2)","4495","33","","28","¥ 5,060","","","B0GZN7Z1LN","B08K9F3QTK","23.1","17.9","1.2","80"
"サンワダイレクト 電源タップ 卓上 クランプ AC4個口 USB付き 3m デスク コンセント 木目 ブラウン 700-TAP047UC-3BR","4500","94","50","24","¥ 6,820","","1","B0FFGDPM3W","B0F3BTKMLM","20.4","13.3","9.1","650"
"fanxiang SSD 1TB M.2 NVMe 2280 【ヒートシンク付き】 最大7000MB/s PCIe Gen4.0x4 64Gb/s M.2 NVMe 1.4 PS5動作確認済 PS5 SSD 内蔵SSD 3D NAND SLC キャッシュ 強力な放熱性 ノートパソコン/デスクトップ/‌PlayStation 5に対応 5年保証","4505","115","50","180","¥ 26,990","","1","B0DXDRZ2QN","B0F3CL8KTZ","14.8","8.5","1.9","68"
"KOORUI ゲーミングモニター 24インチ WQHD (2560x1440) 180Hz 1ms (GTG) Fast IPSパネル HDR400 FreeSync/G-Sync対応/HDMI/DP ブルーライト低減 VESAマウント対応 G2421V","4521","88","","526","¥ 19,760","","1","B0GSZMHT6D","B0HDS6JS5J","61.8","41.5","15.2","4650"
"【ブラザー純正】トナーカートリッジ　TN299M 対応型番:HL-L3240CDW、MFC-L3780CDW　他","4527","113","100","43","¥ 7,709","¥ 7,709","33","B0CJXR79K4","","39.1","15.7","10.9","620"
"【Amazon限定ブランド】VisionOwl モバイルモニター 10.5インチ 超軽量249ｇ 高輝度450nits 100%sRGB広色域 画像比自動適合 FHD1280P 極細ベゼル アルミ合金製筐体 光沢IPSパネル VESA対応 USB Type-C/mini HDMI接続可 PS4/XBOX/Switch/PC/Macなど対応 XL-105","4531","112","50","356","¥ 11,999","","1","B0CMX7ND45","B0GXTR5GNL","26.9","19.4","5","950"
"CZUR ET MAX ブックスキャナー 3800万画素 高速 非破壊スキャン A3対応 410dpi OCR搭載","4539","57","","","¥ 134,145","","1","B0GN73NQYN","B0HCBDXPD4","45.6","42.6","23.9","4360"
"タブレット 11 インチ Android16 Wi-Fiモデル 20GB+128GB オンライン授業 YouTube 動画視聴 カジュアルゲーム","4540","74","100","5","¥ 14,998","","1","B0GZNT1ZGY","","32.6","19.6","3.2","1090"
"docomo home 5G HR02 [ダークグレー]","4541","111","100","131","¥ 12,500","","14","B0CWXZHKZ4","","34","25","19.5","1110"
"UGREEN HDMI 分配器 1入力4出力 4K@60Hz HDMI スプリッター 自動切替 4画面同時出力 HDMI1.4 PC HDTV DVD Xbox PS5/PS4/PS3/Switch対応","4542","113","100","441","¥ 5,044","¥ 5,044","1","B09Y1594V7","","15.3","9.8","3","200"
"マイクロソフト Surface Pro タイプカバー ブラック FMM-00019","4542","131","50","791","¥ 18,000","","9","B071GPZWD6","","32.1","22.6","1.3","450"
"Acer モニター 24.5インチ フルHD 非光沢 IPS 120Hz 1ms(VRB) sRGB 99% AdaptiveSync HDMI 1.4 ミニD-Sub 15ピン スピーカー・ヘッドフォン端子非搭載 VESAマウント対応 ゼロフレームデザイン 3年保証(パネルは1年) EK251QGbi","4543","102","300","61","¥ 11,990","¥ 11,840","2","B0DL5X394K","B0FTS75MFD","63.7","42.1","13.9","4140"
"TP-Link Wi-Fi 無線LAN 中継器 Wi-Fi6 対応 2402 + 574Mbps 11ax/ac APモード HE160 ブリッジモードギガ有線LANポート RE705X/A","4543","121","100","425","¥ 10,810","¥ 10,810","2","B0BH7Y3SDB","","20.4","12.5","9.9","430"
"Synology NASキット 2ベイ DS223j/G【ガイドブック付】 クアッドコアCPU搭載 1GBメモリ搭載 ライトユーザー向け 国内正規代理店フィールドレイク取扱品 電話サポート対応品 DiskStation","4547","122","100","283","¥ 36,364","¥ 36,364","4","B0C8H4RS5M","B0H9S696VH","29.2","27.2","12.4","2170"
"ウエスタンデジタル(Western Digital) WD ポータブルHDD 2TB USB Type-C ブルー My Passport Ultra 暗号化 パスワード保護 外付けハードディスク / メーカー3年保証 WDBC3C0020BBL-WESN 国内正規代理店品","4552","104","","2658","¥ 24,800","¥ 24,800","4","B07GKFHVC5","B0DGX6Y8TG","14.6","10.4","4.2","240"
"CORSAIR VENGEANCE LPX DDR4 メモリ 8GB（4GB×2）最大2666MHz対応 Intel XMP対応 CL16 デスクトップPC用 ブラック CMK8GX4M2A2666C16","4556","74","","1155","¥ 19,800","","1","B0123ZB70Q","B07PFX63V2","15.4","9.2","1.1","100"
"セイコーエプソン SureColor用 インクカートリッジ/110ml(マットブラック) SC1MB11","4562","90","","20","¥ 5,930","¥ 6,009","37","B008KEZMRO","B08L3RJKYL","24.6","11.3","3.1","290"
"16 10 モバイルモニター16 インチ 1920*1200P IPS ポータブルモニター アルミ合金製机身4色選択金属スタンド搭載、USB-C/HDMIサポートHDR/FreeSync/防ブルーライト機能 PC/MAC/スマートフォン/PS4/PS5/XBOX/Switch","4563","82","","114","¥ 14,249","","2","B0D95Q19SN","B0H6P5RBQ2","38.9","27.1","5","1440"
"タブレット 10インチ - 10GB+128GB+1TB拡張 8コアCPU Widevine L1対応 5000mAhバッテリー 1280*800IPS画面 顔認識 無線投影 画面分割 WiFi 6 BT5.3 5MP/8MPカメラ 児童守護 GMS認証 Type-C充電 安心の1年間メーカー保証付 ブラック","4568","90","400","29","¥ 8,599","","2","B0GWD36QHC","B0GMH1X4WK","26.5","17.5","4.9","830"
"Canon キヤノン 純正 インクタンク PFI-4100 CO クロマオプティマイザー【対応機種】：imagePROGRAF PRO-1100","4572","54","","2","¥ 5,172","¥ 5,172","7","B0DHWLCKDR","B0DK8731X9","11.4","9","5.7","140"
"Thunderbolt 5 ケーブル 2m 240W・120Gbps - 8K@60Hz/4K@540Hz対応 - MacBook Pro/Mini (2024)・iPhone16・iPad Pro・Windows対応 - スリム＆高耐久設計","4580","79","","139","¥ 6,560","","1","B0DYP7HM1H","B0DZWT55VZ","24.8","7","1.9","109"
"Starway ポケットwifi 契約不要 国内100GB 365日間 海外で使える","4583","67","100","316","¥ 9,599","","1","B0D1V1K3L4","","16.5","12.7","3.7","300"
"UGREEN FineCam 4K Webカメラ 4K/30fps オートフォーカス 三脚付き 2026iFデザイン賞","4586","105","100","267","¥ 6,384","","1","B0G8HJTJJD","","14.6","14.5","3.3","310"
"AIOLO INNOVATION 1TB 外付け ハードディスク USB3.0超薄型ポータブル外付けHDD","4591","113","50","4563","¥ 11,096","","1","B0CF51H23P","B0CFL3VCMV","14.1","10.3","3.6","250"
"SteelSeries ゲーミングヘッドセット Arctis Nova 3PW ワイヤレス 軽量 密閉型 AIノイズキャンセリング 空間オーディオ 2.4GHz Bluetooth 同時接続 USB-C PC PS5 PS4 Switch 対応 61686 ブラック","4592","115","50","468","¥ 12,973","¥ 12,973","1","B0F5GRCTLT","B0H3JL3B5T","22.8","20.5","5.5","480"
"TourBox Elite Plus、iPad左手デバイス Bluetooth 片手デバイスとして創作をスマートに操る統合型コントローラー 動画編集・写真編集・イラスト制作に最適 触覚フィードバック搭載 Procreate Photoshop Lightroom DaVinci Resolve Mac/Windows/Android対応（フロストホワイト）","4597","97","","243","¥ 41,370","","1","B0G1N32X59","B0F1N2H1VY","14.5","14.4","8.2","599"
"キヤノン 純正 トナーカートリッジ 057 3100枚","4599","133","100","45","¥ 12,550","","40","B07Z8T1M5W","","36.3","19.5","10.2","1040"
"Ewin 折りたたみキーボード bluetoothと有線接続 ヒンジロック&表示スクリーン搭載 タッチパッド付き 日本語配列 ipad macなど用","4601","110","100","48","¥ 5,980","","1","B0GF7SW9B9","","21.8","13.7","3","450"
"【Amazon.co.jp限定】Lenovo Chromebook 2-in-1 Gen 10 クロームブック 14.0インチ インテル プロセッサー N150 メモリ4GB UFS 2.2 128GB 重量1.5kg 83LN001HJP パソコン","5295","83","","142","¥ 99,800","¥ 99,800","1","B0GW7XTGC6","B0H3TSMF9G","44.7","29","7.8","2350"
"【新型AI PC】MINISFORUM AI X1 Pro 470 ミニPC AMD Ryzen AI 9 HX470 (NPU 最大55TOPS) 32GB DDR5 2TB PCIe SSD Windows 11 Pro Radeon 890M RJ45 5Gbps x2 Wi-Fi 7 BT5.4 OCulink HDMI/DP/USB4x2 小型ゲーミングパソコン クリエイター向け","4606","68","","","¥ 307,999","","1","B0GZVWH63M","B0H1ZBVHZ3","22.3","22.3","13.9","2110"
"「国内正規品」Keychron B2 Pro Bluetooth/2.4Gキーボード USレイアウトMac/Win/Linux スペースグレー","4609","96","","82","¥ 5,544","","2","B0FG2PFBFK","B0FRLQD91K","39.1","14","3.9","780"
"ARCTIC Liquid Freezer III Pro 360 オールインワン（AIO）CPU水冷クーラー 120mm ファン ×3 38mm ラジエーター PWM ポンプ VRM ファン搭載 対応ソケット：AMD AM5 / AM4、Intel LGA1851 / LGA1700（コンタクトフレーム付属） ブラック","4613","96","50","2264","¥ 15,780","¥ 15,880","67","B0DLWGG85P","B0F2NBKT86","41.7","17.2","14.4","2516"
"100ｍ CAT6 LANケーブル 青 (コネクター無し) PoE対応 安心の国内ブランド品 ノイズに強い単線仕様 1Gbps UTP PoEカメラやPCのLAN通信ケーブルに レンズマーク付 自作用 100m巻き箱入り BOX KC-12989","8261","46","","11","¥ 6,480","","1","B0D9WR55K3","B0D9WQK867","29.4","28.3","14.4","3270"
"サンワダイレクト モニタースタンド 卓上 32インチ対応 耐荷重10㎏ 高さ/上下左右角度調整 回転 自立式 置き型 100-LAD002","4133","78","50","82","¥ 5,280","","1","B0CQNK7JJ3","B0DVC17SCQ","42.5","23.4","10.3","4920"
"OIKWAN USB - シリアル RS-232 アダプター FTDIチップセット付き USB 2.0 - オス DB9 シリアルケーブル Windows 11、10、8、7、Vista、XP、2000、Linux、Mac OS用(6フィート、50パック)","5365","90","","2292","¥ 49,999","","2","B0CYSL6JT7","B0DB93N11R","16.6","16.6","1.6","91"
"Dell U4924DW 49インチ 曲面USB-Cハブモニター","4617","122","","1","¥ 201,800","¥ 201,800","2","B0GR4HPXM6","B0GTPK2PFX","142","53.5","35","27700"
"バッファロー 外付けHDD 4TB 24時間連続録画対応 使用量メーター付き HDV-SAM4.0U3-BKA","4619","193","100","566","¥ 26,500","","18","B07K85S1TH","B07KL1FH7K","21.9","21.2","7.7","1150"
"サンワサプライ エルゴノミクスマウス 静音 Bluetooth 腱鞘炎防止 ブルーLED 5ボタン 大型 ブラック MA-ERGBT11N","4621","99","","255","¥ 5,941","","5","B07SRXJPT4","B0CZ3Z411F","22.5","14.6","10.5","200"
"【Amazon.co.jp限定】RK ROYAL KLUDGE M87 ワイヤレスゲーミングキーボード｜日本語配列｜LCDスクリーン＆デュアルノブ搭載｜75%サイズ・ガスケットマウント構造｜2.4G/Bluetooth/USB-C接続｜7500mAhバッテリー・RGBバックライト｜ホットスワップ対応クリームスイッチ｜レッド","4622","58","50","597","¥ 12,325","","1","B0D3LNKQ3W","","39.7","20.9","5.1","1451"
"【整備済み品】東芝 ノートパソコン dynabook B55/B65/ノートPC/15.6インチ/ Celeron~Core i3 第6世代/メモリ 4GB/SSD 128GB/Windows11/MS&Office2019搭載/Bluetooth/Wi-Fi/DVD/テンキー搭載/HDMI/マウス付属 (/メモリ4GB/SSD128GB)","4624","79","100","20","¥ 13,500","","1","B0GTQ2ZK52","B0FDG8R7Y7","40","30","10","2000"
"サンワダイレクト トラックボールマウス Bluetooth 小型 静音 OS 対応 ブラック 400-MABTTB181BK","4627","90","50","111","¥ 5,110","","1","B09R6NGNFZ","B0FT384RJV","11.5","8.6","6.2","160"
"エレコム ワイヤレスヘッドセット 【 Bluetooth/有線 】 ノイズリダクション機能付き ミュートボタン付き ブラック LBT-HSOH20BK","4630","117","100","76","¥ 6,930","¥ 7,311","26","B0BQM15675","B0F8R1MSM5","26.2","20.2","7.3","340"
"キャプチャーボード 4Kパススルー 1080P 60fps USB 3.0 Switch PS5 PS4 Xbox WiiU対応","4631","79","50","453","¥ 5,984","","1","B0D2ZP7R45","B0D2SGM9HN","14.3","12.3","3.2","170"
"tomtoc ふわふわ PCバッグ 16インチ MacBook Pro 2026 M5-2019/15インチ MacBook Air 2026 対応","4633","98","50","199","¥ 5,352","","2","B0FKBB94FY","B0FT8KTG4Y","44.6","32.3","6.4","458"
"WDS500G3B0A [WD Blue SA510 SATA SSD（500GB 2.5インチ 7mm厚 SATA 6G 200TBW 5年保証）]","4636","146","50","11416","¥ 23,500","","41","B09ZYPTXS4","B0D8PSLRLS","12.6","10.2","2.2","70"
"13インチ タブレット Android 16搭載 大型 タブレット 90Hz画面、24GB RAM+128GB ROM+2TB拡張、Gemini AI搭載 Tablet、10000mAh&PD20W急速充電 高性能 8コアT7280プロセッサ Wi-Fiモデル たぶれっと、GPS搭載 WidevineL1認証 動画視聴・映画鑑賞・読書・Zoom会議・オンライン授業・旅行ナビに最適 顔認証","4639","111","200","60","¥ 24,595","","1","B0GZV4924R","","39.5","24.6","3.7","1250"
"TP-Link WiFi ルーター 無線ルーター 高速 WiFi6 AX6000 IPv6 4804+1148Mbps 2.5Gポート OneMesh VPN 3年保証 Archer AX80/A","4640","157","100","1800","¥ 13,500","","16","B0BLS9FNWH","B0DX1FXGRB","29.2","24.2","10.9","1070"
"ブラザー工業 A4モノクロレーザー複合機 MFC-L2860DW (FAX/無線・有線LAN/ADF/両面印刷)","4641","118","100","103","¥ 28,000","¥ 28,436","24","B0CSMLFP3X","","58.1","51.9","49.4","14530"
"ピクセラ Xit Square (サイトスクエア) 有線接続テレビチューナー(地上 BS 110度 CSデジタル 対応)外付け PC Windows視聴・録画 XIT-SQR100-AZ","4644","109","200","175","¥ 12,980","¥ 12,980","1","B0C1JHSTBF","B0D7BLJNXV","17.8","12.2","4.2","210"
"Android 16 タブレット 11インチ 90Hz高刷新率 1920x1200 IPS大画面 32GB+128GB（1TBTF拡張）Unisoc T7250 8コア 8000mAhバッテリー｜Type-C 20W 急速充電｜5G Wi-Fi ｜BT5.3｜13MP/5MP Widevine L1 顔認識 画面分割 無線投影 軽量 動画視聴 tablet","4644","89","100","170","¥ 16,999","","3","B0H2VPXJDC","B0HG18JDPW","28.4","25.5","3.4","970"
"GMKtec ミニPC 【G10 ブラック 初登場 Ryzen 5 3500U搭載・（N5030の2倍超え）】 64GB DDR4＋16TB SSD拡張対応｜動作より安定 最大3.7GHz｜4K×3画面出力・2.5GLAN HDMI 2.1/DP/Type-C・Win11 Pro Mini PC USB3.2×2 企業・学習向け・プロ用 超小型 高性能G10 16GB+256GB","4650","81","100","246","¥ 43,999","","1","B0H2Q718QB","B0HGQ2C4DW","16.4","15.7","10.5","930"
"Razer レイザー BlackShark V2 Pro アップグレードモデル ワイヤレスゲーミングヘッドセット HyperSpeed Wireless 2.4GHz Bluetooth HyperClearスーパーワイドバンドマイク ブラックシャーク ブイツー プロ 【日本正規代理店保証品】","4652","146","50","290","¥ 27,980","¥ 27,980","5","B0C6SY7L78","B0G6ZG6NG7","24.6","21.9","12.1","800"
"ブラザー工業 【brother純正】トナーカートリッジブラック TN-291BK 対応型番:HL-3170CDW、HL-3140CW、DCP-9020CDW、MFC-9340CDW 他","4655","116","50","262","¥ 6,936","¥ 6,936","48","B00CXADRUU","B07PJ6FK81","39.1","15.7","10.5","620"
"【Amazon.co.jp 限定】AOC ゲーミングモニター 27インチ, 最大260hz, WQHD/2560x1440, 応答速度0.3ms(MPRT), Fast IPS, HDMI2.0x2/ DP1.4x1, Adaptive Sync対応, HDR400認証, 高さ調節, FPS向け, PS5/Switch対応, 縦横回転, ケーブル付属, 3年保証, スピーカー無　Q27G4Z/11","4661","121","50","46","¥ 35,800","¥ 35,800","1","B0FH1PQ8V6","B0H33D2SZ7","82","48","16","8310"
"Apple USB-C - SDカードリーダー ​​​​​​​","4662","100","100","67","¥ 6,780","¥ 6,780","1","B0D7HBMHNX","","17","6.7","1.9","40"
"【タブレット 10インチ】-Android16 強化版 wi-fiモデル タブレット、高性能8コアCPU T7250搭載、24GB+128GB+2TB拡張、6000mAh大容量バッテリー+Type-C充電、WidevineL1対応+無線投影、BT5.2+OTG+GPS搭載、顔認識+画面分割+児童保護+FMラジオ、Gemini AI最適化OS アンドロイド 16 Tablet 保護フイルム貼り済み","4663","143","200","157","¥ 12,998","","3","B0FP5BK51X","","34.1","20.1","3.6","920"
"BENFEI 10個 DisplayPort-VGA(D-SUB)変換アダプタ displayPort 変換 (オスからメス、逆方向に非対応) 1080pフルHD コンピューター、デスクトップ、ノートパソコン、PC、モニター、プロジェクター、HDTV、Chromebook、Raspberry Pi、Rokuなどに - ブラック(低電圧HDMIを除く)","4666","77","","14536","¥ 7,800","","1","B09SKGT65T","B07Z18XK9S","16.4","9.9","9.6","440"
"【正規品 親和産業】 ドイツ Thermal Grizzly オーバークロック用特別設計高性能熱伝導グリス Kryonaut 3ml","4672","88","","58","¥ 5,790","","4","B00ZJS8Q6S","B078GMZM3N","21","9.7","1.6","20"
"CIO SMARTCOBY Pro CABLE 100W 20K モバイルバッテリー PD 脱着式ケーブル内蔵 20000mAh (ブラック)","4673","131","200","213","¥ 9,880","","1","B0F8V6K58S","B0FFMR2LHF","19","9.5","3.4","440"
"【Amazon.co.jp限定】MSI ビジネスモニター PRO MP273U 27インチ/4K UHD/IPSパネル/60Hz/4ms(GTG)/スピーカー/HDR/HDMI 2.0b/DP1.4a/VESA対応/メーカー3年保証","4675","103","50","59","¥ 29,800","¥ 29,800","1","B0054TWH9E","B0GYRH2Z63","71","48","13","7050"
"ソニー 日本製 ブルーレイディスク BD-R XL 128GB (1枚あたり地デジ約15時間) 1回録画用 5枚入り 4倍速ダビング対応 ケース付属 5BNR4VAPS4","4679","134","","652","¥ 17,500","","21","B07J6MQ137","B0FY4K53Y1","14.2","12.4","2.7","260"
"正規品 インクカートリッジ BC-360 ブラック&BC-361 3色カラー 対応機種：PIXUS TS5430 / TS5330","4683","47","","5","¥ 5,940","","1","B0GKP8WVY2","B0FX5J7MRZ","11.4","8.5","5.7","130"
"USBメモリ 64GB 5個パックWooolken 高速 USB 3.0 サムドライブ 洗練されたメタルフラッシュドライブ キーチェーン付き","4785","86","","468","¥ 7,899","","1","B0FCBWNCYG","B0GTLWBBSN","11.6","6.7","1.2","30"
"FPD タブレット 11インチ Android 15 FHD+ 1920×1200 T620 18+128GB (1TB拡張) 90Hz","4688","100","50","351","¥ 17,974","","1","B0DZ5RW684","B0FPF5Q8BZ","33.3","20.1","2.9","820"
"ウエスタンデジタル WD60EZAX [WD Blue（6TB 3.5インチ SATA 6G 5400rpm 256MB CMR）]","4691","97","50","177","¥ 32,000","","119","B0BNGL4BND","B0BYVQFBHN","20","16.7","10.1","712"
"KOOTION USBメモリ 4G 10個セット USB2.0 マイクロUSB フラッシュドライブ 五色","4695","59","","88","¥ 5,099","","1","B01KJB6CRE","B01KJB5BIU","14.7","13.7","1.8","108"
"マイクロソフト Surface Pro キーボード（ペン収納付き/スリム ペン別売り）/ ブラック / 8XA-00186","4698","116","100","47","¥ 20,431","","7","B0D4TZ7ZG4","B0D4YXH9GK","31.6","25.2","1.8","630"
"Vicopo iPad用 キーボードケース iPad 10.9インチ 第10世代 360度回転式 マジックキーボード 日本語配列 遅延なし 高精度 トラックパッド付き 薄型 7色バックライト付き ペンホルダー搭載 日本語説明書 透明ブルー","11871","22","","61","¥ 16,980","","1","B0FC6L8D3Z","B0FXY56DP8","26","22","2.2","906"
"DCP-J929N-W インクジェットプリンター 複合機 A4 無線LAN プリンター コピー スキャナー ホワイト","4704","113","100","31","¥ 17,596","","33","B0G4PS46J5","","46.5","45","26","8870"
"EASTBULL USBメモリ 32GB 10個セット 木製 フラッシュメモリー USB2.0 フラッシュドライブ 360° キャップ式 小型メモリースティック 防塵性能優れ(32GB 木の色)","4708","41","","306","¥ 12,443","","1","B07RLLN6DS","B07DRQMGF7","18.8","14.2","1.6","141"
"【ブラザー純正】トナーカートリッジ　TN70J 対応型番:HL-L6310DW、MFC-L6820DW、HL-L5210DW、HL-L5210DN、MFC-L5710DW　他","4710","86","50","6","¥ 9,409","¥ 9,409","34","B0CJXRC3VX","","36.2","25","14.9","970"
"IO-DATA SSPS-US1GR 超小型&高速転送のスティックSSD 1TB 灰色×黒色","4712","165","300","40","¥ 21,500","","23","B0CN9CLLMG","","13.1","8.1","1.4","20"
"サンワダイレクト DVD CDケース 10mm 1枚収納×200枚 クリア 200-FCD024-200C","5511","35","","392","¥ 11,800","","1","B0057U215U","B00HSCFDHS","108","104","63.2","12400"
"LAMZU MAYA X REJECTモデル【8Kドングル入り】 ゲーミングマウス リジェクトSPECIAL EDITION","4717","113","100","69","¥ 17,820","","1","B0F31Z6RN8","","16.9","11.8","7.9","400"
"kwmobile Samsung Smart Monitor 32"" (M8 / M7 / M5)対応 モニターカバー - PCモニターディスプレイ 防塵 ほこり防止 黒色","4717","62","","3510","¥ 6,406","","3","B0BWJ7CL8Q","B086V3CL55","31.4","21.7","2.5","60"
"NEC Aterm MR51FN 専用クレードルセット 5Gモバイルルーター 最大3.8Gbps SIMフリー 国内4大キャリアバンド帯対応 / (170以上の国と地域で使用可能) EX51Cクレードル付属","4721","53","50","13","¥ 29,980","","2","B0BZPB99FB","","20","10","10","3000"
"マイクロソフト アーク マウス ELG-00007 : ワイヤレス 薄型 コンパクト 縦横スクロール BlueTrack Bluetooth ( ブラック ) Surface 対応","4722","32","50","1119","¥ 10,866","¥ 10,866","5","B072LPPRG9","","15.9","10.8","2.9","150"
"UGREEN 4K@60Hz HDMI キャプチャーボード パススルー機能 HDR VRR USB3.1 Gen1 5Gbps超低遅延","4724","112","100","438","¥ 9,099","","1","B0D4LV836Z","","15.9","15.7","3.9","350"
"エレコム ポータブルHDD ハードディスク 2TB PC/テレビ録画用 USB3.2(Gen1) ブラック ELP-PTV020UBK","4725","138","50","113","¥ 18,200","","14","B09NVCKN1M","B09QMKCDRZ","18","17","4.5","300"
"ロジテックダイレクト HDD 外付け ハードディスク 6TB 【 テレビ録画 / 4K / Windows/mac / PS5 / PS4 対応】 国内メーカー USB3.1 (Gen1) / USB3.0 LHD-EN60U3WS","4726","145","200","925","¥ 29,780","","1","B00PAJBWCG","B0DRHJJLSP","23.7","22.3","10.9","1290"
"GPC Image BC-360XL BC-361XL 2個セット キャノン用 インク 360 361 純正併用可 ts5330 ts5430 インク","4620","42","100","10","¥ 5,499","","1","B0GXK9T6K6","","14.6","7.5","4.2","140"
"バッファロー セキュリティー USBメモリー 16GB USB3.2Gen1 DiXiM Security Endpo RUF3-KEV16G-BK","4729","107","50","23","¥ 7,600","","16","B0DRFKPCGC","B0DSK63PT1","12.4","3.7","1.3","10"
"エコリカ キヤノン BCI-381XL+380XL/5MP対応リサイクルインク 大容量 5色パック TR703 TR7530 TR8530 TR8630 TR9530 TS6130 TS6230 TS6330 TS7330 TS7430 TS8130 TS8230 TS8330 TS8430 残量表示対応 封筒パッケージ【Amazon.co.jp限定】","5494","92","","18","¥ 6,200","¥ 6,200","1","B0F18PHC73","B0FT292RF7","29.5","21.4","3.1","220"
"ブラザー工業 【brother純正】インクカートリッジマゼンタ LC3135M 対応型番:DCP-J988N、MFC-J1500N、MFC-J1605DN 他","4738","109","","67","¥ 5,097","","47","B07GXP1F5D","B07HCXWKRQ","20","8.2","1.8","100"
"Getorli ミニPC AMD Ryzen 7 6800H 搭載 32GB LPDDR5 1TB SSD Radeon 680M 小型デスクトップ 最大3画面4K出力 HDMI/DP/Type-C Wi-Fi6 Bluetooth5.3 デュアルLAN コンパクト ミニパソコン 在宅勤務・動画編集・軽いゲーム対応","4739","50","50","15","¥ 83,997","","1","B0GQGX47K1","","19.9","17.2","11.3","1240"
"【純正品６色】 エプソン (トビバコ) インクタンク 純正 6色セット TOB-6C (TOB-MB TOB-PB TOB-C TOB-M TOB-Y TOB-GY)","4748","119","100","84","¥ 12,000","","15","B0BKSCCF38","","25.1","15.8","4.3","720"
"CUNPU 27インチ モニター 白 ホワイト ゲーミングモニター WQHD (2560x1440) 解像度Fast 200Hz ディスプレイ IPSパネル 1ms 128% sRGB 縦横回転・高さ調整 VESA対応 HDR10 FreeSync 内蔵スピーカー 非光沢 HDMI×2 DP×2 swich TV モード/PS5 対応","4748","65","","113","¥ 20,980","","1","B0DSPF55V1","B0GYD12XQ6","68","52","15","6200"
"ブラザー プリンター 大容量ファーストタンク A4インクジェット複合機 DCP-J4143N (Wi-Fi/自動両面印刷/ADF/在宅学習・在宅ワーク向け)","4749","132","","131","¥ 32,400","","6","B0CHVSNLT5","B0D6RWW88V","50.4","46.1","24.7","9710"
"USBメモリ Type C 8GB 10個セット Wooolken ‌USBドライブ‌ 2in1 USB 2.0 + USB Cメモリ","4753","83","","411","¥ 5,999","","1","B0FD3B6239","B0HCV8RJT7","18.3","13.7","1.9","130"
"fitta カバー付き電源タップ (2個セット) 3個口 1.8m コンセントカバー ほこりシャッター コンセント タップ コンセントガード おしゃれ","4758","70","","200","¥ 7,480","","1","B0DWG1CDW5","B0CVN4NY53","25.1","21.2","12.3","810"
"パナソニック ゲーミングネックスピーカー SCーGN01 有線モデル グレー ゲーム別サウンドモード搭載 「ファイナルファンタジーXIV」のサウンドチーム共同開発","4764","105","50","617","¥ 10,985","¥ 12,232","10","B09FSMQ44P","B0CKYJRX6B","28.7","27.8","6.8","610"
"ALLDOCUBE iPlay 70 Max Pro タブレット13インチ 2.5K解像度 UNISOC T7300 PCモード GPS 4GLTE","4765","106","100","32","¥ 27,547","","1","B0GKFQJHDF","","32.9","22.7","5.1","1200"
"Amazon限定 バッファロー ポータブルSSD 1TB Type-C/A USB3.2Gen2 1050MB SSD-SDH1.0U3BA/N","4767","174","50","124","¥ 41,310","¥ 41,310","1","B0FMY9TXLV","B0FNBMWXGC","11.8","6","3.2","30"
"ユーブロック（U・Vlock） サンソリット","4778","108","200","62","¥ 5,800","","6","B083CZQ4H3","","11.6","9.6","1.4","10"
"【5年保証付き】Pixio PX257 HAYABUSA ゲーミングモニター White 24.5インチ 300Hz FHD Fast IPS","5500","28","","3","¥ 37,580","","1","B0G8YP6YV9","B0GBXSF13H","61.6","51","17.6","4630"
"64GB DT EXODIA M USB3.2 GEN 1 29 (Black + Blue) 2 Pieces","4783","111","","1983","¥ 5,900","","43","B09ZRXZSMV","B0BFCXQ4NL","11.3","10","1.2","30"
"KIBU 8.8インチ タッチパネル サブモニター 1920×480 IPS液晶 600nits 60Hz USB Type-C miniHDMI 持ち運びサブモニター AIDA64 Raspberry Pi対応 アルミボディ PC用液晶ディスプレイ(Type-Cバージョン)","4784","1","","","¥ 12,800","","1","B0H9XXZ216","B0H9Y5RGJ7","28","20","3.5","440"
"エプソン プリンター A3対応インクジェット複合機 EP-982A3 カラリオ 6色 ホワイト Wi-Fi 自動両面 レーベル印刷","4786","139","100","1242","¥ 34,628","¥ 34,628","9","B07VH9HTCT","B0GRT853HQ","59","45.5","24.5","10660"
"【Amazon.co.jp限定】ASUS ゲーミングモニター ROG Strix XG27ACS-W 27インチ(2560x1440)/180Hz (144Hz以上)/1ms (GTG)/Fast IPS/Extreme Low Motion Blur Sync/USB Type-C/G-Sync対応/DisplayWidget Center/三脚ソケット/HDR/3年保証 / 国内正規品","4786","120","","55","¥ 34,300","¥ 39,309","8","B086ZTBMJB","B0G478PG95","77.5","51","22.8","8860"
"バッファロー リンクステーション LS720D/N ネットワークHDD 2ベイ 12TB LS720D1202/N","5771","68","","763","¥ 124,000","¥ 124,000","4","B08N4XNJD5","B0D2TT1X6W","26.6","24.3","15.1","2680"
"amesoba デスクシェルフ モニタースタンド 木製 卓上 モニター台 Flagship Model MAKKURO","4803","98","50","24","¥ 17,980","","1","B0FB3LB7SP","B0CMTKQTJ9","116.5","28.4","9","5310"
"YUNZII X98 QMK/VIA対応 ワイヤレス メカニカルゲーミングキーボード 透明キーキャップ 3モード接続 BT5.0/2.4GHz/USB-C ホットスワップ可能 潤滑済みスイッチ ガスケット構造 RGBバックライト ノブ付き Win/Mac対応 技適認証取得 (ホワイト, スノー スイッチ) (× 2)","4804","34","","","¥ 30,560","","","B0GZGCM2TF","B0FFM53PT9","43.1","18.8","7.9","3982"
"KOORUI モニター 27インチ pcモニター 144Hz フルhd 液晶ディスプレイ 非光沢 Adaptive Sync/ブルーライト軽減/傾き調整/HDMI＋VGAポート/VESA対応,E2712K","4809","106","200","1284","¥ 13,980","¥ 13,980","1","B0DTTNSKYH","B0HDZK6SQH","67.7","43.9","10.4","4740"
"Inateck JIS日本語配列 iPad Air 11インチ M4 2026/M3 2025/M2用 マグネットフローティングキーボードケース","4810","104","100","132","¥ 7,578","","1","B0DPPJ6DGQ","B0FHYLTNTK","28.8","21.4","3.4","990"
"HIKSEMI microSDXC Expressカード 256GB 256GB 最大読込900MB/s 書込620MB/s Nintendo Switch 2 動作確認済み U3 V30 A2 4K動画 ドローン対応 防水 耐衝撃 国内正規品 ライフタイム保証","4815","79","","137","¥ 10,980","","1","B0FJKXT1L8","B0FJL4TXXP","12.8","10","1.7","20"
"Logicool G ゲーミングマウスパッド POWERPLAY 2 ワイヤレス充電 システム G-PMP-SE-001 クロス 表面 ゲーミングマウス PRO X SUPERLIGHT 2 / G PRO SUPERLIGHT DEX / G502XWL / G703h / G309WL 対応 国内正規品","4819","129","100","50","¥ 16,800","¥ 16,800","1","B0DXQGCKJP","B0DXZWKVYP","40","35","2.3","790"
"EPOMAKER TH108 PRO 日本語配列 フルサイズワイヤレスゲーミングキーボード テンキー付き 2.4GHz/USB/BT5.0","4824","46","50","28","¥ 14,000","","1","B0H5CSKHVG","B0H5C9XWJ4","49.1","19.2","5.2","1650"
"外付けハードディスク 超薄型（黒） 容量：2TB","4826","4","","","¥ 6,999","","1","B0HCZ8Z8KQ","","12.9","8.8","2.4","60"
"ヤマハ(YAMAHA) ユニファイドコミュニケーションスピーカーフォン USB/Bluetooth対応 ホワイト YVC-200W","4827","96","","451","¥ 30,900","¥ 36,312","11","B07GYW32Z3","B07H3SWHDD","18","18","9.2","610"
"サンワサプライ(Sanwa Supply) 工事物件タップ(3P・8個口・3m) TAP-KS8-3 グレー","4831","60","","5","¥ 5,771","¥ 7,109","21","B09NBZK19S","B09P3G83SJ","43.1","13.8","4.4","750"
"マタインク BC-360XL BC-361XL 2個セット キヤノン 用 インク 360 361 対応 PIXUS TS5430 TS5330 インク","4887","87","100","15","¥ 5,585","","1","B0GWYVDZTG","","14.5","7.6","4.2","130"
"バッファロー ラクレコ+ DVD/CDレコーダー Wi-Fiモデル microSD対応 iOS/Android対応 ホワイト RR-PW2-WH/N","4835","125","50","392","¥ 17,480","¥ 17,480","1","B0CCNCJ183","B0CPLVC66D","32","23","15","600"
"Pixio モバイルモニター PX160Wave ホワイト 15.6インチ Type-C ミニHDMI 60Hz モバイル ディスプレイ 白 ピクシオ","4837","106","50","66","¥ 19,800","","2","B0DPKM3VQG","B0H24NMDVB","40.7","26.9","6.7","2040"
"MSI MEG X870E GODLIKE MAX E-ATXマザーボード MB6973","4841","63","","322","¥ 201,818","¥ 201,818","3","B0GP9D81C7","B0H6W2K4N4","38.2","36.2","13.1","7600"
"エレコム 外付けSSD 250GB USB3.2 (Gen2×2) 20Gpbs 対応 USB Type-C 小型 読出最大2000MB/S 【iPhone/iPad/Android/Windows/Mac/Chrome対応】 ESD-EAPC0250GGY","4844","110","50","58","¥ 17,800","","1","B0FTRXB4TJ","B0FTS5QS6W","15.6","12.1","3.4","50"
"MOFT【日本正規代理店】ダイナミックフォリオ iPad 磁気吸着スタンド機能 薄型 軽量 角度調節可能 折りたたみ収納可 縦置き＆横置き Apple Pencil対応(ストーングレー×サファイアブルー、ダイナミックフォリオ iPad 11世代 ケース （A16、2025）、10世代 ケース（2022）10.9インチ)","5030","41","","85","¥ 7,880","","1","B0GY9H4D6W","B0HDFR4ZQW","25.8","19.1","2","530"
"Buffalo WAPM-AX4R 法人向け 11ax 2x2 デュアルバンド無線LANアクセスポイント バッファロー","4848","128","100","7","¥ 53,780","","19","B0CJY94BRR","","27.5","23.3","9.3","1460"
"ビクター(Victor) JVC 1回録画用 ブルーレイディスク BD-R DL 50GB 片面2層 1-6倍速 20枚 ディーガ その他 国内主要メーカーのレコーダー動作確認済 ホワイトディスク VBR260RP20C2","4850","23","","518","¥ 9,000","","1","B0C4LP7XTH","B0CNKKCDKJ","14.8","13.3","10.7","1180"
"Innergie T24 240W ノートPC用 高出力 ACアダプター 電源 交換用プラグ付属 MSI/HP/DELL/Alienware/LENOVO/ASUS/ROG/ACER ノートパソコン対応 (デルタ電子)","5620","46","","17","¥ 11,880","","1","B0BZ4HX8B5","B0CCRN1N9W","21.4","10.5","7.4","780"
"Lonyiabbi アークリアクター風 LEDムードライト","4868","51","","2719","¥ 11,968","","1","B0825MRH9C","B096WVNS39","25","22","21.4","1429"
"エレコム USBメモリ 256GB USB 5Gbps Type-C スマホ向け シルバー MF-SPU3256GSV","4870","114","","84","¥ 7,880","","12","B0DQTNLWQ7","B0DTKDML59","12.9","3.9","1.7","10"
"【Amazon.co.jp限定】AMD Ryzen 9 9950X3D W/O Cooler 16C/32T/4.3Ghz/170W 保証4年 100-100000719WOF_4Y CP1726","4872","14","","1810","¥ 137,657","¥ 137,657","1","B0H82GRYZP","B0HC5YQ9LY","12.7","12.5","3.7","90"
"【 サンディスク 正規品 】SanDisk Ultra Slider 読取最大400MB/秒 SDCZ480-256G-J35","4874","97","","74","¥ 8,222","¥ 8,222","1","B0CV4S1NXW","B0CWTKC3QR","12.6","7.5","1.2","10"
"【5年データ復旧・無償交換保証】GIGASTONE マイクロsdカード 512GB High Endurance Pro MAX microSDXC UHS-I A2 V30 U3 C10 180MB/s TLC 高耐久 4K UHD ビデオ撮影 防犯カメラ ドライブレコーダー 監視カメラ対応 SDアダプター1枚付き","5009","84","","15","¥ 32,990","","1","B0DM2C4SJW","B0DWXJ2L1W","9","6.5","1.7","10"
"ウエスタンデジタル(Western Digital) WD Mac用ポータブルHDD 2TB USB3.0 タイムマシン対応 My Passport for Mac 暗号化 パスワード保護 / メーカー3年保証 WDBA2D0020BBL-WESN 国内正規代理店品","4877","121","100","7946","¥ 22,300","¥ 22,300","3","B07VSPL8FJ","B0DHCCGMLK","30","24","7.9","320"
"Logicool G ゲーミングマウス G705 ワイヤレス マウス LIGHTSPEED Bluetooth 2種類無線接続に対応 LIGHTSYNC RGB 85g 軽量 PC windows mac ホワイト G705WL 国内正規品","4878","138","100","399","¥ 12,500","¥ 12,500","3","B0BF9QJWBY","B0CNGKL7DW","16","10.3","4.7","180"
"GSPOWER LANケーブル cat6 青 100m コネクタ無し 単線 防犯カメラ 業務用 法人向け 工事用 日本法人販売 高速 1Gbps 1000BASE-T UTP 4P レンズマーク付 リレックス テレビ ルーター","11752","41","","131","¥ 6,228","","1","B00JAUTLBU","B09JNMY9P9","31","30.5","12","2580"
"玄人志向 AMD Radeon RX 6400 搭載 グラフィックボード 4GB ロープロファイル 【国内正規品】 RD-RX6400-E4GB/LP","4885","127","200","209","¥ 19,455","¥ 19,455","24","B09YXLN6HJ","","28.6","17.6","4.7","250"
"ZTE WiFi ルーター 無線LAN Wi-Fi7 IPv6対応 WPA3 わいふぁいルーター 高速 メッシュ対応 2.5GWANポート搭載 デュアルバンド 縦型 wifi中継器 11be 2882+688Mbps 3階建4LDK Sora BE3600 Pro（ホワイト）","4889","48","100","84","¥ 7,485","","1","B0H2YXJGS5","B0HGRJSRMK","20.5","13.7","9.5","530"
"ロジクール MX MASTER3s アドバンスド ワイヤレス マウス 静音 MX2300GR Logi Bolt Bluetooth Unifying非対応 8000dpi 高速スクロールホイール USB-C 充電式 無線 MX2300 グラファイト 国内正規品","4890","147","50","2229","¥ 16,700","","4","B0B1Q6VB16","B0FSDLP59Q","17.7","14.1","5.9","290"
"KingSpec OneBoom SSD 1TB 2.5インチ SATA3 内蔵SSD 最大読込550MB/s 3D NAND SATA SSD","4891","81","100","304","¥ 15,680","","1","B0FDG5K21M","B0FJ2X24BB","14.3","9.2","1.7","70"
"MAXZEN モニター 27インチ FHD スピーカー内臓 100Hz ディスプレイ IPSパネル ブルーライトカット 非光沢 VESA対応 HDMI Adaptive-Sync MJM27CH02-F100 マクスゼン","5027","96","","5","¥ 14,480","","2","B0G1RVKW7B","B0DTYT8FRC","68","44.5","9.8","4800"
"RiDATA BD-RE ブルーレイディスク 繰り返し録画用BD-RE 50GB BE260PW2X.20SCHS 20枚パック","4950","89","50","11","¥ 5,280","","2","B0GL4NVLY8","B0GMPYP7KH","14.5","12.7","10.7","1140"
"Razer Viper V3 Pro ゲーミングマウス ワイヤレス 無線 Focus Pro 35Kセンサー 35000DPI 高速応答 オプティカルスイッチ 6ボタン","4898","71","100","106","¥ 19,980","¥ 19,980","2","B0CVRGCGWJ","","21","12","5.9","300"
"Appleシリコン搭載Macモデル用Touch ID搭載Magic Keyboard(テンキー付き)- 日本語(JIS)- ブラックキー ​​​​​​​","4902","101","100","36","¥ 26,677","¥ 26,677","1","B0DL6YXPCW","","44.5","12.9","2.1","620"
"モバイルモニター 15.6インチ 8000mAh大容量バッテリー内蔵 タッチパネルター ッチペン付き Newsoul 1080P モバイルディスプレイ","6530","62","","331","¥ 23,749","","1","B0GRFY9CY4","B0HGRVCWT6","40.5","32.8","7.2","1880"
"BUFFALO WiFi 無線LAN中継機 WEX-1166DHPS 11ac/n/a/g/b 866+300Mbps ハイパワー コンパクトモデル 【iPhoneX/iPhoneXSシリーズ メーカー動作確認済み】","4905","110","100","1868","¥ 5,180","","1","B077VC9XPX","","22.2","17.1","7.4","330"
"Apple Magic Keyboard（テンキー付き）- 日本語（JIS） - シルバー","4920","85","100","25","¥ 17,808","¥ 17,808","1","B0DWXHXXW5","","44.4","12.8","2.2","620"
"【整備済み品】ノートパソコン 東芝 Dynabook G83 13.3インチ FHD 軽量 Webカメラ 第11世代 Corei5-1135G7/Windows 11 Pro/MS Office 2021搭載/初期設定不要/Wifi 6/Bluetooth/HDMI/Type C/LANポート/SDカードスロット/有線静音マウス付属(メモリ16GB,SSD256GB)","4920","29","","6","¥ 44,892","","1","B0FKNK8SMZ","B0HG11NLGF","36","26.2","11.9","1610"
"バッファロー WiFi 無線LAN 子機 LAN端子用 11ac/n/a/g/b 866Mbps+300Mbps WI-UG-AC866/N","4922","104","100","226","¥ 5,650","¥ 5,650","1","B0BKSLZ1RN","B0BPL15Q15","15.8","12.2","3.7","170"
"ラピッドトリガー 搭載 Razer レイザー Huntsman V3 Pro Tenkeyless JP 調整可能なアクチュエーション搭載のアナログ ゲーミングキーボード オプティカルスイッチ 押下圧 40G リストレスト付属 日本語配列 ハンツマン ブイスリー プロ テンキーレス ジェイピー","4923","61","100","234","¥ 21,274","¥ 21,274","10","B0GYS4RP86","B0HFB8HWBB","41.5","18.1","6.9","1380"
"HyperX Cloud III S ワイヤレスゲーミングヘッドセット 最大120時間連続プレイ ブラックレッド 日本正規代理店品 A59Z0AA","4928","94","50","1017","¥ 19,980","¥ 19,980","5","B0F6NYQTJP","B0HDNCV7MH","32","21.4","11.4","710"
"【Amazon.co.jp限定】NEC Aterm 無線LAN Wi-Fi ６ ルーター 11ax AM-3000D4AX メッシュWi-Fi対応 デュアルバンド ４ストリーム (iPhone 16Pro/ 16 / 15 Pro / 14 / 13 /Nintendo Switch メーカー動作確認済み)","4930","128","200","146","¥ 23,628","¥ 23,628","1","B0FP214ZWF","B0CB7K68GM","23.9","21.9","6.4","630"
"【Amazon.co.jp限定】SanDisk SSD 外付け SDSSDE81-4T00-GH25 エクストリームプロ エコパッケージ","4931","127","50","731","¥ 124,689","¥ 124,689","1","B091KNN72M","B0F3X6RDVY","13.8","10.2","4.2","160"
"BUFFALO Wi-Fi 7(11be)対応デュアルバンドWi-Fiルーター 5764+688Mbps AirStation WSR6500BE6P-BK [ブラック]","4940","165","200","45","¥ 22,350","","30","B0FYNFNBD4","","26.3","21","8.1","950"
"0.005mmラピッドトリガー搭載 GravaStar Mercury V60 ゲーミングキーボード 60%レイアウト カスタムUFO磁気スイッチ","4941","125","100","202","¥ 17,982","","1","B0GDGVPS2G","B0GXYYP2R8","40","18.2","6.5","1692"
"UGREEN M.2 SSD 外付けケース 40Gbps 高速安定 SSD ケース 無ファン放熱 Thunderbolt4/USB4 対応 8TB対応","4945","110","100","1059","¥ 7,397","","2","B0F62NG7K3","B0H1TZHZ6D","15.1","10.2","3.4","330"
"エプソン 純正 インクカートリッジ ふで IC4CL75 4色パック 大容量","4947","116","","99","¥ 8,350","¥ 9,536","35","B00IOC1PY6","B0716ZGB7Q","9.8","8.7","8.4","160"
"【正規品】ネットギア NETGEAR スイッチングハブ 5ポート 1G PoE+ (63W) 金属筐体 静音ファンレス メーカー3年保証 アンマネージスイッチ GS305P-300JPS","4948","142","100","37","¥ 8,890","¥ 11,204","15","B0CMXG41F7","","23.9","17","8.8","1040"
"UGREEN NASync DXP2800 2ベイデスクトップnasキット","4952","118","100","144","¥ 50,890","","1","B0DXKZV61R","B0H9M6MPD8","41.2","26.9","18.8","4190"
"【2025年モデル】【Amazon.co.jp限定】Poly 有線ヘッドセット Blackwire 3220 (国内正規品) USB-C & USB-A ノイズキャンセリング マイク付き 軽量 【2年間メーカー保証】 windows mac Chrome Web会議用 イヤホン マイク (旧 Plantronics プラントロニクス Polycom ポリコム HP-Poly) 両耳 9P7X8AA","4953","87","","899","¥ 8,030","¥ 8,030","1","B0CPP272XK","B0FH4GC161","21","18.6","5.8","209"
"Thrustmaster スラストマスター Quick Release Upgrade、Thrustmasterエコシステムのホイールリム用次世代クイックアタッチメントシステム","4954","49","","14","¥ 6,500","¥ 6,500","2","B0F1TXGYTY","","12.3","11.2","10.1","230"
"ロジクール ワイヤレスマウス 無線 マウス MXV1s MX Vertical アドバンスエルゴノミックマウス Unifying Bluetooth 高速充電式 FLOW対応 6ボタン ワイヤレス windows mac iPad OS 対応 グラファイト 国内正規品","4956","129","100","719","¥ 12,372","¥ 12,372","1","B07GPZBVZT","B09S9DX6GP","20.5","16.1","9.1","320"
"Hanye 内蔵 SSD 1TB 新型PS5 PS5動作確認済み PCIe Gen4x4 M.2 NVMe 2280 最大読込:7100MB/s 最大書込み:6100MB/s 3D NAND グラフェン放熱シート付き HE80-1TGHS メーカー5年保証","4957","123","100","223","¥ 24,997","","1","B0C8RRMTY5","B0DML87DWD","13.2","9.9","1.6","40"
"UGREEN スイッチングハブ 2.5Gbps 6 ポート (5×2.5G+10G SFP+) LAN ハブ プラグ&プレイ 家庭・オフィス向け","4962","108","100","39","¥ 6,006","","1","B0G5L73H17","","27.6","14.5","5.9","740"
"StarTech.com USB 3.0 - HDMI変換アダプター/2画面/4K30Hz+1080p/Windowsのみ macOS ChromeOS Linux非対応 USB32HD2","4964","108","100","9459","¥ 6,893","","22","B0725K1MHH","B0GLSCD6Q3","32","24","5","120"
"エレコム WiFiルーター 無線LAN WiFi6 1201+300Mbps AX1500 セキュリティ規格 JC-STAR適合 IPv6(IPoE)対応 有線Giga WRC-X1500GS2-B","4974","138","100","82","¥ 5,787","","13","B0DXPT4TFF","","21.9","16","6.9","620"
"キヤノン A4 モノクロ レーザービームプリンター Satera LBP121","4976","123","50","41","¥ 10,081","¥ 10,081","19","B0C5D7CV32","B0C7KNHBSV","42.9","33.3","27.3","8080"
"Dell 液晶ディスプレイ E2425HM 23.8型/1920×1080/HDMI、DisplayPort、VGA/ブラック/スピーカー：なし","4982","117","100","90","¥ 12,999","¥ 14,334","10","B0F4PFD9LX","","61.2","40","12.4","5000"
"Seagate One Touch ポータブルHDD 2TB STKY2000400","4983","122","50","10937","¥ 22,980","¥ 22,980","8","B094QZLJQ6","B0B4ZLQXVF","16.2","10.6","3.9","220"
"【Gemini AI強化版】8インチ タブレット Wi-Fiモデル アンドロイド たぶれっと android16 20GB/128GB/2TB拡張 8コアCPU 90Hz 1340×800解像度13+8MP 6000mAh 顔認証 画面分割 軽量 手持ち 動画再生/漫画/読書用 Youtube/Netflix/Google play対応 イヤホンジャック付き カバー付き12ヶ月保証","5655","108","400","31","¥ 14,112","","1","B0H2VY9PV5","B0H2QFVCYG","28.3","17","3","850"
"サンワサプライ WEBカメラ 500万画素 広角 水平103°/対角118° UVC対応 ノイズキャンセルマイク USB接続 Windows/macOS/ChromeOS対応 CMS-V51BK","4987","139","100","105","¥ 9,982","¥ 9,982","26","B08L2YPFL2","B09JC82C6V","21.8","20.7","9.5","310"
"10Gtek 10GBase-SR SFP+モジュール,10G 850nm MMF,最大300m,光トランシーバ,Cisco SFP-10G-SR、Meraki MA-SFP-10GB-SR、Netgear、Ubiquiti UF-MM-10G、Mikrotik、D-Link、Supermicro、TP-Linkなど互換 4個入り","4991","62","","44","¥ 12,899","","1","B0BVD55J2F","B0G2QLR9KQ","22","21","2.3","140"
"Intehill モバイルモニター 有機el モニター 13.3インチ OLEDパネル自発光 1920x1080 10Bit DCI-P3 100% 高輝度ディスプレイ 100000:1 HDR対応 ゲーミングモニター USB Type-C HDMIポート搭載 Switch モニター F13NA","4993","135","50","335","¥ 16,480","","1","B0CBV1XMTV","B0GXZN7DGL","34.1","24.8","5.7","1440"
"【整備済み品】 23インチワイド E2318H LED液晶モニター 薄型 液晶ディスプレイ 1920 x 1080 フルHD 16:9 IPSパネル ディスプレイポート/D-Sub(VGA)/DisplayPort/VESA対応","4998","72","50","28","¥ 6,620","","1","B0FPCJVHKH","","56","50","24",""
"TP-Link WiFi ルーター WiFi7 高速 無線ルーター BE15000規格 320MHz (11,528 + 2,882 + 688Mbps) トライバンド 10Gポート VPN MLO 4K-QAM トライバンド Archer BE700【Amazon.co.jp限定】","5002","128","50","165","¥ 40,630","¥ 40,630","1","B0DNMMCBVH","","27.7","24.3","14.8","2140"
"GMKtec M6 Ultra ミニPC,AMD Ryzen 7640HS (6850U/6800Hより高性能),最大5GHz,128GB+8TB SSD（拡張可能） 高性能ミニPC,3画面・8K対応,デュアル2.5GbE LAN・USB4・Win11 Pro搭載,静音設計,オフィス/動画編集/ゲーミング向け 小型パソコン","5006","136","50","245","¥ 87,999","","1","B0GD6SBH7B","B0HGRYFKTT","18.9","18.5","10.9","1580"
"【正規品】 ネットギア NETGEAR スイッチングハブ 8ポート 1G PoE+ (123W) 金属筐体 静音ファンレス リミテッドライフタイムハードウェア保証 アンマネージスイッチ GS108PP-100AJS","5008","119","","67","¥ 17,480","","14","B0788BW8XG","B0F9WL8Z7G","28.6","24.3","8.2","1990"
"PS5用コントローラー 有線【2026版】Tomistan 連射機能 自動連射機能 ゲームパッド マクロ機能 USB接続 遅延なし 背面ボタン付き PS 5/PS 5 Pro/PS 5 Slim/PC対応 ジャイロセンサー機能 HD振動 重力感応 人間工学 高耐久ボタン タッチパネル イヤホンジャック付き 持ちやすい 握り心地","5779","36","100","6","¥ 8,499","","1","B0GZJKP3KW","","16","15","5",""
"CyberPower (サイバーパワー) ST425JP 無停電電源装置 UPS 常時商用給電/矩形波 425VA/260W 家庭用 3年保証","5014","98","100","27","¥ 7,500","¥ 7,500","2","B0FWHKLQ88","","32.9","17","11.4","1950"
"iClever ゲーミングキーボード 赤軸 メカニカル キーボード 日本語配列 有線 マクロ対応 カスタマイズ G07 ブラック","5017","116","100","219","¥ 5,176","","2","B0D65TH8PY","B0G6HS8GY1","44.3","15.4","5.6","990"
"CORSAIR VENGEANCE DDR5 128GB（64GB×2）最大 6000MHz対応 Intel RAM","5017","7","","4","¥ 379,540","¥ 379,540","1","B0FNRKRJ11","","15.4","9.2","1.2","110"
"NZXT Kraken Plus 360 RGB v2 White 簡易水冷CPUクーラー ホワイト RL-KR360-W2 FN2488","5024","109","","307","¥ 22,299","¥ 22,299","23","B0F5SCG6QC","B0F9DWFYKZ","44.9","19.1","13.7","2430"
"MOFT ノートパソコンケース【日本国内正規代理店】 14インチ対応 スタンド一体型 薄型 保護 軽量 撥水MacBook Air/Pro/iPad対応 角度調整 レザー (ミスティーグレー)","5025","51","","591","¥ 7,633","","1","B0C7QFB4SS","B0D6DWL5J5","42","28.8","1.6","460"
"サンワダイレクト 指紋認証リーダー USB接続 MoC搭載 Windows Hello Win11・10対応 最大10件登録 400-FPRD3","5027","110","100","62","¥ 8,980","","1","B0FKGW93JY","","12.5","9.8","4.2","80"
"【PITAKA】iPad Pro 13インチ ケース（M5/M4、2025/2024）第6/５世代専用 MagicKeyboard対応 Pencilホルダー付き 取り外し可能 アラミド繊維製 Pencil Pro/USB-C対応 Rebound 360シリーズ 黒/グレーツイル柄","5029","14","","433","¥ 9,999","","1","B0GFDR8J27","B0DJPKTJY7","33","22","3","50"
"「国内正規品」Keychron K1 Max メカニカルキーボード 2.4GHz＆Bluetooth Mac/Windows/Linux 赤軸","5033","81","50","6","¥ 15,488","","1","B0FT7VNDRD","B0G23H88P4","37.4","16.3","4.5","980"
"AI ノートパソコン 15.6インチ Core Ultra5 115Uプロセッサ 8コア10スレッド 最大4.2GHz【AI PC 超高速NPU搭載、AI機能をより快適 Win11 Pro】パソコン 512GB NVME SSD+16GBメモリ ノートPC 1.6kg 薄型 軽量 FHD 1920×1080 パソコンノート テンキー付き laptop 生成AI対応/在宅ワーク/Web会議/動画編集","5112","18","","258","¥ 89,686","","1","B0H7WX63DG","B0GW1JNKLM","44.6","36.5","6.9","1700"
"玄人志向 外付け M.2 NVMe HDD / SSD スタンド お立ち台 USB3.2 Gen2 対応 最大容量 4TB SSD省電力機能対応 【国内正規品】 KURO-DACHI/CLONE/NVMe","5036","124","100","146","¥ 8,410","¥ 8,410","13","B0D1Q8ZB4D","","18.3","12.4","5.1","350"
"フラットケーブル LANケーブル 3m UTP Cat6 ストレート 3m*50本 ブルー「１つパッケージ50本が含まれています」","5038","77","","159","¥ 15,799","","1","B0F6NCQ2PX","B0BVHFP69H","23.5","17.3","14.4","2700"
"MSI GeForce RTX 5060 8G VENTUS 2X OC グラフィックスボード VD9187","5039","146","100","432","¥ 86,000","¥ 89,697","9","B0972BP9YR","B0GSVK67NW","28.3","20.5","7.9","830"
"30M CAT6A 屋外 LANケーブル 屋外仕様 2重被覆 PoE対応 カテゴリー6A 屋外用 コネクタ付 インターネットケーブル 紫外線 難燃性 耐候性 高耐久 ケーブルクリップ付属 LAN配線 アウトドア 十字セパレーター 防水 ブラック","5040","66","","132","¥ 5,920","","1","B07GWHXYTD","B0C6XD7ZXN","25.8","21.6","8.4","1640"
"【Amazon.co.jp限定】 CORSAIR K70 PRO TKLゲーミングキーボード MGX Hyperdrive磁気式キースイッチ ホワイト","5042","78","50","133","¥ 19,980","¥ 19,980","6","B0D7VW5SMC","B0DWXPY8T9","41","14.4","6.8","1440"
"【ブラザー純正】トナーカートリッジ　TN299C 対応型番:HL-L3240CDW、MFC-L3780CDW　他","5047","120","100","33","¥ 7,673","¥ 7,673","35","B0CJXRF7C6","","39.4","15.5","10.7","610"
"【Amazon.co.jp限定】 Wacom(ワコム) ペンタブレットIntuos Smallワイヤレス クリスタ付き 黒 Androidにも対応 データ TCTL4100WL/K0","5049","123","50","808","¥ 11,264","¥ 11,264","1","B07B3XSZS4","B0F25Z29ND","22.7","19.3","4","510"
"【4K UHD】 DAMOACAM ボディカメラ ペン型 ウェアラブルカメラ 小型 録画 護身 会議録画 講義 現場記録 広角75° 大容量バッテリー USB-C 充電式","5050","62","100","33","¥ 13,200","","1","B0GYL41NT6","","41","20.9","4.2","259"
"Belkin 8-in-1 USB-C ハブ 100W USB-C PD高速充電 4K@60Hz HDMI出力対応 10Gbps高速データ転送","5052","117","100","64","¥ 6,782","¥ 6,782","2","B0FXDVQMQG","B0H4SZ756P","16.9","10.2","2.3","140"
"バッファロー 外付けハードディスク 4TB テレビ録画対応 SeeQVault ファンレス 静音 日本製 HD-SQS4U3-A/N","5052","189","50","257","¥ 27,000","¥ 29,498","5","B0B1LN7Y81","B0B1SH7N3J","21.8","21.2","7.6","980"
"ASUS TUF GAMING B550-PLUS AMD Ryzen 5000シリーズ AM4 対応 B550 搭載 ATX マザーボード/国内正規代理店品","5057","41","50","643","¥ 17,980","","13","B089XXHY6K","B0D9GQMBNL","34.1","27.8","7.3","1200"
"HiGrace タブレット 10インチ 6GB+64GB+1TB拡張可能 wi-fi6モデル 1280*800解像度 IPS画面 5000mAh容量バッテリー 8MP/5MPカメラ Bluetooth5.2 GMS認証 Type-C充電 児童守護 3.5mmヘッドホン端子 日本語説明書付き","5059","13","","10","¥ 7,999","","1","B0H6WCCZTN","B0HD72NKTZ","27.6","18.7","5.1","800"
"CIO SMARTCOBY Pro PLUGⅡ モバイルバッテリー PD 65W コンセント一体型 USB-C×3 10000mAh（ブラック）","5071","115","100","436","¥ 8,880","","3","B0DG54RNBD","B0DNZDGXQX","19.1","9.2","3.8","360"
"【Android16 タブレット 11インチ 新登場】 TABWEE タブレット Wi-Fiモデル、32GB+256GB+2TB TF拡張、180Hz高応答タッチ、Widevine L1 Netflix YouTube対応、GeminiAI 搭載、高性能CPU、ケース+タッチペン+マウス+イヤホン+キーボード付き、word/Excel対応、在宅ワーク/ビジネス/学生 初心者向け グレー","5072","38","50","53","¥ 21,997","","1","B0H9RKT2KQ","B0HFMNLV19","29.1","20.1","6.2","1340"
"FIDECO M.2 NVMe SATA SSD クローナー ドック 20Gbps エンクロージャ デュアルベイ オフラインクローン対応","5072","78","","463","¥ 5,999","","1","B0DCNCJGGC","","17.3","9.4","6.7","350"
"キヤノン Canon プリンター A4インクジェット複合機 TR8630A 2022年モデル テレワーク向け FAX/ADF搭載 Wi-Fi対応 普通","5074","129","100","290","¥ 26,500","¥ 26,500","25","B09ST76SQL","B09VFWDQQB","51.4","50.9","26.3","9750"
"【タブレット 10インチ】-Android16 強化版 wi-fiモデル タブレット、高性能8コアCPU T7250搭載、24GB+128GB+2TB拡張、6000mAh大容量バッテリー+Type-C充電、WidevineL1対応+無線投影、BT5.2+OTG+GPS搭載、顔認識+画面分割+児童保護+FMラジオ、Gemini AI最適化OS アンドロイド 16 Tablet 保護フイルム貼り済み","5077","116","100","2079","¥ 13,979","","2","B0DJSZKC2D","","34","20.2","3.7","790"
"【brother純正】 ブラザー工業(Brother Industries) インクカートリッジ4色パック(大容量) LC119/115-4PK 対応型番:MFC-J6973CDW、MFC-J6770CDW、MFC-J6573CDW 他","5077","135","100","518","¥ 9,380","¥ 10,100","39","B00FGFEKTQ","B092TN7JX9","16.7","12.1","8.6","250"
"TIKITAKA FTG M3 レバーレスコントローラー 霞軸 0.5mm 格子黒","5078","30","","1","¥ 13,999","","1","B0F7L83XX6","B0F7L6FXMF","34.7","23.8","5.1","1390"
"【2026新登場 Android 16 タブレット 10インチ】20GB+64GB+1TB TF拡張、アンドロイド タブレットWidevine L1+GMS認証+ 2.4G/5GWiFi 6 BT5+6000mAh+USB-C+Type-C+3.5mmヘッドフォンジャック+1280*800 IPS 画面 OTG/無線投影/分割画面/説明書付属","5080","33","100","38","¥ 14,999","","1","B0GTNKPVVD","B0HB4HXNHJ","26.8","18.1","4.4","800"
"e元素 Z-101 ワイヤレスメカニカルゲーミングキーボード テンキー付き 銀軸 RGB 英語配列 BT/2.4GHz/有線｜ホットスワップ対応","5081","57","","39","¥ 6,770","","1","B0H15DXG87","B0GCZXD5DB","44.4","18.8","6.4","1230"
"SAYBOUR 電源タップ マグネット 強力 適格請求書発行可 8個口 雷サージ付 ホコリシャッター付 延長コード 一括スイッチ PSE済 (2m, ブラック) (× 3)","4839","9","","204","¥ 6,588","","","B0GYPL89HQ","B0C1K2WQLB","29.9","8.2","2.9","1260"
"バッファロー Wi-Fi 6 メッシュルーター ペアリング済み2台セット 2401+573Mbps WNR-3000AX4/2SN","5094","125","100","320","¥ 21,580","¥ 21,580","1","B0C6F5YQ52","B0C7Y7DHHB","24.2","22.4","18.6","1710"
"HIDISC microSDカード 256GB [データ復旧サービス付き] 高速 SD変換アダプター プラケース付き Class10 ブラック","5095","65","","169","¥ 6,950","","1","B0B96485N6","B0D3B33NZ1","24.5","18.4","2.1","20"
"Lenovo ノートパソコン パソコン IdeaPad Slim 3 15.3インチ AMD Ryzen™ 5 150 プロセッサー メモリ16GB SSD512GB Microsoft 365 Personal (24か月版)搭載 Windows11 バッテリー駆動17.4時間 重量1.59kg ルナグレー 83K7011RJP ノートPC","5097","48","","5","¥ 118,800","¥ 118,800","1","B0GWM2LM8W","B0H7HB61GM","47.3","31","7.4","2490"
"ノーリツ クララ Curara スリム型ノンフィルターレンジフード NFG6S21MSI 60cmタイプ シルバーコンロ連動なしタイプ","5100","36","","4","¥ 80,980","","2","B0CZ2WX98P","B0DGX6T18X","69.5","66.5","37.5","23300"
"MSI GeForce GT710 GDDR3 2GB グラフィックスボード VD5931","5101","95","50","681","¥ 5,676","¥ 5,676","5","B01B14RGRI","B0FMXQD41L","24.3","17","5.4","400"
"国内メーカー直営 [U20] 日本100GB/365日付 ポケット WiFi 【プレミアムチャージWiFi】 ギガ割引クーポン毎月付与 端末買い切り 契約・クレカ不要 利用分だけ都度チャージ 海外利用可能","5103","51","50","459","¥ 10,978","","3","B0DKH879YP","B0F1D29LGY","13.8","7.9","3.9","190"
"【FightBox公式】 FightBox ファイトボックス F-PRO レバーレス アーケード コントローラー 三和電子製 ボタン日本語マニュアル付","5106","50","","8","¥ 16,800","","1","B0DQXQ4YCJ","","38.8","23.9","9.9","1760"
"PHILIPS 液晶TypeCディスプレイ モニター (23.8インチ/IPS/FHD/120Hz/1ms/5年保証/HDMI, DP, Type-C(PD90W)/チルト/デイジーチェーン対応/ＲJ45/高さ調節・ピポット対応/電源内蔵/ケーブル付/エナジースター/TCO10) 24B2U3301/11","5107","80","","1","¥ 29,970","¥ 29,970","6","B0G9265NX7","B0FD3987CV","61.8","38.6","14.2","7880"
"ブラザー工業 【brother純正】トナーカートリッジシアン(大容量) TN-297C 対応型番:HL-L3230CDW、MFC-L3770CDW 他","5111","110","50","17","¥ 12,424","¥ 12,800","45","B07G1YTPR1","B07HGGFDFD","39","16","10","640"
"エプソン 純正 インクカートリッジ サッカーボール IC4CL46 4色パック","4437","104","","684","¥ 5,599","","4","B000J109FG","B09V2MD1P2","14.9","9.5","6.5","110"
"Lemorele USB type C ハブ マルチポート5-in-1","5463","30","","3597","¥ 15,581","","1","B08DFFCXW9","B0GY7C991D","14.1","6.6","1.7","50"
"Maktar Qubii Duo USB Type C ローズゴールド (microSD 256GB付) 充電しながら自動バックアップ SDロック機能搭載 iphone バックアップ usbメモリ ipad 容量不足解消 写真 動画 音楽 連絡先 SNS データ 移行 SDカードリーダー 機種変更 MFi認証","5126","70","","33","¥ 17,082","","1","B07PYZKC87","B0CX8NY1SH","15","11.3","4.2","40"
"【Amazon.co.jp限定】JAPANNEXT 40インチ VAパネル搭載 フルHD(1920x1080)解像度 大型液晶モニター JN-V40FHD-U HDMI ビデオ/音声出力 コアキシャル音声出力 USB再生対応 リモコン同梱 【2年保証】","4746","80","100","18","¥ 31,980","¥ 31,980","4","B0DT3MDN91","","99","57.5","11.8","6700"
"【整備済み品】Kioxia NVMe PCIe SSD 256GB M.2 2230 / 2280 両対応 エクステンション付 Gen3 x4 ソリッドステートドライブ KBG40ZNS256G","5129","116","100","194","¥ 6,990","","2","B0F3N6ND7K","","19","14.3","2","30"
"ロジクール ワイヤレスヘッドセット ZONE 300 Zone300MBK Bluetooth 軽量 122g マルチポイント接続対応 2台同時接続 デュアルビームフォーミングマイク搭載 ノイズキャンセリング マイク付き USB TYPE-C 充電式 ワイヤレス ヘッドセット ヘッドホン ヘッドフォン Zone300 ミッドナイトブラック 国内正規品","5130","105","100","55","¥ 9,890","¥ 9,890","1","B0D1XVJVFH","B0HFMKR396","18.6","17.5","7.1","250"
"YUNZII C75 ワイヤレス メカニカルキーボード 75%レイアウト ホットスワップ対応 クリーミーキーボード NKRO PBT MOA キーキャップ RGBバックライト ガスケットマウント 可愛いケーキデザイン BT5.0/2.4G/USB-C Win/Mac/ゲーミング対応 技適認証取得 (ブルー, キャンディ リニア スイッチ)","5134","89","50","578","¥ 10,907","","1","B0FLX873X1","B0FM3K7GTJ","39.6","22.1","6.7","1701"
"UGREEN スイッチングハブ 16ポート ギガビット LANハブ 1000Mbps 壁掛け対応 プラグ＆プレイ 金属筐体 PSE認証取得 ACアダプター","5135","95","50","33","¥ 5,824","¥ 5,824","1","B0FMRXM2KD","B0HDCLRY73","27.9","19.1","3.7","730"
"【国内正規品】Keychron K2 Maxスペシャルエディション QMK ワイヤレス カスタム・メカニカルキーボード 、75%レイアウト、2.4GHz・Bluetooth無線・有線/QMKプログラム/White LEDライト/Silent K Pro静音スイッチ/ホットスワップ/ウッド＋アルミフレーム/Mac Win (JISレイアウト, Keychron Silent K Pro赤軸)","5138","97","50","14","¥ 18,040","","1","B0FDB7T9JY","B0FSRZPR36","36.3","20.2","7","1600"
"Seeeduino XIAO ESP32C3, IoT 制御シナリオ用の Wi-Fi と BLE を備えた Tiny MCU ボード (5pcs)","5140","73","","36","¥ 6,180","","3","B0BW48TLB2","B0BW46PDP2","15.9","7.2","5","50"
"Comfyable Puffy ノートパソコンケース 13/14インチ キルティング パファー Laptop バッグ レディース MacBook Air M5 A3449 MacBook Pro M5 Pro/Max A3426 A3427 MacBook Neo A18 対応, モカブラウン","5143","79","","2440","¥ 5,380","","1","B0FJWXRRXG","B0BXJ88D77","38.2","28.4","4","381"
"パナソニック(Panasonic) 交換用ろ材(カートリッジ) TKB6000C1","5145","67","100","786","¥ 9,540","","10","B006NJS6HQ","","24.2","7.9","7.7","470"
"TP-Link WIFI 中継器 WiFi6 無線LAN 1201Mbps (5GHz) + 574Mbps (2.4GHz) 11ax APモード ギガ有線LANポート RE605X/A","5146","113","50","659","¥ 8,008","¥ 8,008","5","B09CK7J3HX","B09KS7WYQ5","20.5","12.9","10","420"
"TCL タブレット TAB 10 Gen4 10.1インチ 薄型 軽量 Android 15 フルHD IP54 最大9時間ストリーミング 純正フリップケース同梱 フューチャー・ダスク グレー 【公式ステッカー付き】","5149","63","50","9","¥ 25,500","","1","B0H25RYNHW","B0HCVV1CZM","26.7","18.9","6.4","960"
"[インスタントWi-Fi] TD11 130GB/365日データ通信 ポケットWiFi バッテリーレス 1年間自然故障保証 追加ギガチャージ 海外対応","5149","77","","15","¥ 11,980","","1","B0FZQ74GT4","B0FRZVYVNH","12.7","8.1","3.3","100"
"MAONO XLR/USB ゲーミングマイク ノイズキャンセリング PCマイク ポッドキャスト ストリーミング用 ダイナミックマイク ミュートボタン 単一指向性 YouTube 録音 ボイスチャット ライブ配信 ゲーム実況に PD100X ブランク","5152","120","100","2252","¥ 6,944","","2","B0DP54XTCG","B0GY8S5J7Y","18.4","18","8.9","680"
"【業界革新版】ProtoArc EM11 Pro エルゴノミクスマウス 縦型 無線 Bluetooth 2.4GHz 全ボタン静音 カスタムボタン","5157","55","100","203","¥ 5,980","","1","B0H2TND3ST","B0HBCWPGVC","16.5","12.2","10.8","330"
"Glorious グロリアス モデルo ゲーミングマウス ブラック (67g)","5158","115","","18823","¥ 8,268","¥ 8,268","4","B07LDH3TWM","B0CQ2GCC2G","19.3","13.4","5.4","270"
"SanDisk Cartão 256GB Extreme PRO® microSD™ UHS-I com adaptador C10, U3, V30, A2, 200MB/s leitura 140MB/s escrita SDSQXCD-256G-GN6MA","5163","138","100","24322","¥ 11,498","","37","B09X7DMBVF","","16.1","10","1.2","59"
"OKI トナーカートリッジ ブラック (C844dnw/835dnwt/835dnw/824dn)","4773","116","100","41","¥ 11,700","¥ 11,700","26","B07NRJTWKF","","40.6","12.2","6.8","580"
"ソニー(SONY) ゲーミングマウスパッド INZONE Mat-F : MPD-F900 Fnatic共同開発 / 480×400×6mm / 止めやすさ重視/コントロールタイプ","5171","73","","61","¥ 7,500","¥ 7,500","2","B0FKCJ6C5K","B0GX9GDM89","42.4","22","9.4","390"
"Logicool G ゲーミングヘッドセット G435 ワイヤレス ヘッドセット LIGHTSPEED & Bluetooth 軽量 165g 内蔵マイク 18時間連続使用 USB ドングル Dolby Atmos対応 ヘッドホン PC PS4 PS5 スマホ 対応 G435BL 国内正規品","5174","111","","3185","¥ 6,480","","25","B09FSCRL9L","B0G2BWHD23","18","17.9","8.2","370"
"OPPO Pad SE タブレット 11インチ 4GB+128GB android","5175","85","100","5","¥ 23,219","","1","B0FPXK3BPH","B0FRSKM92X","26.8","18.1","2.9","840"
"SSS·GRGB 磁気EMRスタイラス。Remarkable 1/2、Kindle Scribe、Samsungに対応。","5176","2","","821","¥ 5,826","","1","B0GVF7PL6L","B0H4KX7XLR","17.5","3.7","1.7","30"
"FORGING MOUNT 超耐重17～49インチ モニターアーム 耐荷重20kg 湾曲型・ウルトラワイド対応","5184","87","","102","¥ 6,799","","1","B0GQZCKWB7","B0GYCN126R","43.4","32.6","15","5070"
"エレコム LANケーブル CAT7 15m ツメが折れない 爪折れ防止コネクタ スタンダード ブルーメタリック LD-TWST/BM150","5184","86","","1163","¥ 5,700","¥ 5,700","17","B00CR9DX24","B09NRDD9YK","27","22","6.7","700"
"ドッキングステーション hdmi 2つ 4K対応 3画面","5186","56","","5630","¥ 7,660","","5","B0CF1T7W1M","B0GYY8HLY7","21.1","6.5","1.7","141"
"Inateck JIS日本語配列 iPad A16 第11世代/10世代用 マグネットフローティングキーボードケース","5191","89","50","120","¥ 7,201","","1","B0F9KR8VVS","B0FHYM8D85","28.6","21.7","3.2","1000"
"PS5用コントローラー ワイヤレス【2026版】Tomistan 連射機能 自動連射機能 ゲームパッド マクロ機能 Bluetooth 5.0 無線/有線接続遅延なし 背面ボタン付き PS 5/PS 5 Pro/PS 5 Slim/PC対応 ジャイロセンサー機能 HD振動 重力感応 人間工学 高耐久ボタン タッチパネル イヤホンジャック付き 持ちやすい 握り心地","5193","25","","3","¥ 7,999","","1","B0GZJV9CS6","B0HB373DL4","16","15","5",""
"ソニー USBメモリ USB3.1 128GB シルバー 高速タイプ USM128GTS [国内正規品]","5195","113","","687","¥ 12,500","","1","B00I6ZSEKY","B01MYZ83TP","13.5","8.3","1.1","20"
"富士ソフト(Fujisoft) 5G対応Wi-Fiモバイルルーター +F FS050W","5199","125","100","324","¥ 34,452","","9","B0BVBLN3XV","","28.3","19.7","12.2","330"
"Acer モニター 23.8インチ IPS フルHD 144Hz 1ms(VRB) 非光沢 sRGB 99% AMD FreeSync ブルーライト低減 ゼロフレーム HDMI 1.4 ミニD-Sub 15ピン 6軸カラー スタンダード 3年保証(パネルは1年) EK241YP6bi","5199","74","50","5","¥ 11,980","¥ 11,980","2","B0FX58C11Q","","60.5","41","11.5","4700"
"ソニー(SONY) ブルーレイディスク BD-R 25GB (1枚あたり地デジ約3時間) 1回録画用 20枚入り 6倍速ダビング対応 ケース無し 20BNR1VJPS6","5204","123","","280","¥ 5,140","","16","B01H8A8PAG","B01MTNRDXB","14.2","12.5","10.4","1030"
"BAROCCOMiSTEL MD770 (日本語配列/静音赤軸) 分離型 キーボード 有線 USB 88 キー 黒色 PBT 白色ダブルショット MX Cherry マクロ機能搭載 Nキーロールオーバー対応 メディアキー対応 【日本正規代理店製品】 ML-MD770-J-SR/BK","5207","105","50","28","¥ 21,600","","3","B0DNDXGMQX","B0DGPQJRMF","34.3","21.3","4.4","1120"
"AsiaHorse Hydrus 16PIN 12VHPWR モジュラー電源ケーブル for GPU、安定した電力供給を実現、パフォーマンス向上・冷却最適化・幅広いGPUモデルに対応、ゲーミング体験を強化、600Wの16AWG PC電源ユニットに対応し","5209","62","","45","¥ 5,849","","1","B0F9XV1PHX","B0H41816Y7","31.8","23.1","4.3","210"
"EHOMEWEI モバイルモニター 144Hz 2K 144Hz タッチパネル 15.6インチ タッチペン対応 WQHD 2560x1440 【iPhone/PS4/PS5/XBOX/Switch/PC/Mac】対応 ペンタブ 100% DCI-P3 薄型 ゲーミング Type-C 保護フィルム ケース付 メーカー3年保証 LQG-156PW","5209","85","","177","¥ 34,980","","1","B0CG1BHWRT","B0GY3XNXSX","40.4","29","7.9","2330"
"【整備済み品】タブレットPC 富士通 ARROWS Tab Q5010/Win11/第9世代 Celeron/eMMC64GB/メモリ4GB","5210","80","100","12","¥ 9,181","","1","B0GWJ3ZQQC","","28.1","27.6","4.7","1600"
"Razer レイザー Barracuda X Chroma 黒 ワイヤレスゲーミングヘッドセット TriForce40mmドライバー 着脱式 HyperClear 70時間駆動 2.4GHz Bluetooth PC PS5 PS4 Switch 2 iOS Android バラクーダエックス クローマ","5212","95","50","47","¥ 14,400","¥ 14,400","1","B0DM659P8S","B0G6ZDZVTX","28.9","23.3","7.3","650"
"ASUS TUF GAMING B650-E WIFI AMD Ryzen 7000 シリーズ AM5 対応 B650 搭載 ATX マザーボード/国内正規代理店品","5214","73","","46","¥ 28,300","","7","B0D25P2BCZ","B0FFSJVKLJ","35.6","27.7","7.2","1750"
"Pholiten 四画面モニターアーム PC モニター アーム 液晶ディスプレイ アーム ガススプリング式 ガス圧式 web会議に対応 17～32インチ対応 耐荷重1-10kg (MD18864)","5744","80","","4","¥ 8,985","","1","B0DK355K1D","B0D2VGY6ZZ","44.9","19.7","17.5","7130"
"HP プリンター A4 インクジェット 複合機 ENVY Inspire 7220 Wi-Fi 無線LAN対応","5217","106","50","227","¥ 11,980","¥ 11,980","8","B09VL7YH75","B0FR98FS75","57","47","26","8700"
"SEYMAC stock ケース iPad 10インチ ケース 耐衝撃 多角度横置き調節 オートスリープ ペン収納 カード収納 強磁力全面保護カバー (ブラック)","6941","88","","12256","¥ 14,561","","5","B085PQG8WV","B0D97R5J9Z","27.8","22.8","2","449"
"EastForce 自由自在 8関節ロングモニターアーム ブラック シングルアーム","5220","108","100","95","¥ 7,999","","1","B0DQ4PS5GD","B0F2WX98Q3","43","23.8","11.4","4270"
"Canon トナーカートリッジ054H ブラック CRG-054HBLK","5220","144","100","106","¥ 10,276","","41","B07RGZDNJP","","36.3","11.1","10.2","770"
"【整備済み品】ノートパソコン Thinkpad L13 gen2 第11世代 Core i5大手メーカー Office 2024 2024&Win11 pro 13.3インチ HD カメラ内蔵/WIFI/Bluetooth/軽量薄型ノートpc（SSD 512GB メモリ8GB）","10476","7","","","¥ 47,800","","1","B0H9981QKX","B0GJZK5776","31","21","1.6","1000"
"Canon キヤノン インクジェット複合機 MB2130 ビジネスインクジェットプリンター","5223","110","100","608","¥ 15,290","¥ 16,873","22","B01JZ8SQ4E","B0FFFWQ6W9","55.2","46.8","41.4","13360"
"TN299XL TN299 Brother 用 トナーカートリッジ 299XLBK ブラザー 用 299xxl 4色 セットトナー HL-L3240CDW MFC-L3780CDW トナーカートリッジ","5471","93","100","21","¥ 8,283","","4","B0FD3TGY56","","34.1","19.3","12.1","1690"
"iiyama モニター ディスプレイ 31.5インチ 4K2K (3840×2160) VA方式 高さ調整 角度調整 縦回転 HDMI DisplayPort USBハブ 3年保証 国内サポート XB3288UHSU-B5","5229","63","50","82","¥ 39,980","¥ 39,980","14","B0C4B9VH7V","B0DQVGQHR6","80.6","50.8","17.4","11000"
"Samsung EVO Plus 128GB microSDXCメモリーカード + SDアダプター、最大160MB/秒。","5232","125","50","329","¥ 7,398","","10","B0CWPPDS3D","B0D2WMWV9G","15.2","10.1","1.7","20"
"エレコム トラックボールマウス/人差指/8ボタン/有線/無線/Bluetooth/ブラック","5238","209","100","869","¥ 8,300","","55","B07CG1R3JT","","21.3","13.3","6.7","350"
"CRUA 27インチ WQHD 240Hz ゲーミングモニター IPS FreeSync HDR HDMI/DP ホワイト","5241","59","50","2636","¥ 18,999","","1","B0F66Q7K6Y","B0H48TKNJN","69.4","46","16.6","5820"
"【純正品】キヤノン FINEカートリッジ BC-365XL(大容量ブラック) + BC-366XL(大容量3色カラー) セット","5248","111","100","234","¥ 6,280","","9","B0B5ZHZ832","","11.4","8.3","5.7","130"
"Anker USB-C データ ハブ (11-in-1, 10Gbps)","5256","116","100","127","¥ 5,790","","1","B0CL9N481N","","24.6","18.3","5.8","510"
"マタインク TN299XL 4色 セット TN299 Brother 用 tn299xl HL-L3240CDW MFC-L3780CDW トナー","5258","105","100","59","¥ 8,283","","3","B0DH249QJY","","34.2","19.2","12","1710"
"Insta360 Link 2C Webカメラ 4K ウェブカメラ 1/2インチセンサー 自動フレーミング HDR AIノイズキャンセリング マイク付き 配信 ビデオ通話 会議用 Zoom Teams Twitchに対応 PC/Windows/Mac用","5260","115","50","1264","¥ 24,500","","1","B0DDTGY8FG","B0DXVTJ38V","22.9","16.1","8.1","640"
"ProCase スマートケース Galaxy Tab S10 Lite/S10 FE/S9 FE 10.9インチ用 Sペンホルダー付き 三つ折りスタンドフォリオカバー ソフトTPUバック付き 10.9インチ Galaxy Tab S10 Lite/S10 FE/S9 FE用 - ブルー","5261","54","","882","¥ 8,832","","4","B0G3SSCWK7","B0FVMN84VY","26.1","18.5","2","300"
"エレコム 充電器 USB PD対応 140W USB-C×2 USB-A×1 PPS対応 PSE技術基準適合 【 Macbook Pro 16インチ iPad iPhone 16 等対応】 ブラック EC-AC96140BK","5266","127","300","60","¥ 6,990","¥ 6,990","4","B0DDKNH9PB","","10.3","10.2","3.6","330"
"サンワサプライ プログラマブルテンキー（2.4Gモデル） NT-WL26BK","5268","99","","29","¥ 5,955","¥ 5,955","20","B0D97K6ZHQ","B0D9L8FZSQ","23","14.2","3.3","260"
"【整備済み品】 アイ・オー・データ機器 広視野角ADSパネル採用 21.5型ワイド液晶ディスプレイ FHD ブラック LCD-MF224EDB（白） スピーカー内蔵 Switch PS 対応","5269","79","","381","¥ 8,755","","1","B0DHBYCRKD","B0FKY78GM4","50","50","19","2300"
"UGREEN マグネット式 ワイヤレスHDMI 送受信機セット 1080P@60Hz 最大50m無線伝送 USB-Cケーブル一体型","5271","14","100","154","¥ 8,999","","1","B0FVXFT64Z","","16.2","11.7","3.7","260"
"BJBT iPad キーボード ケース ipad Air 11インチ 第4/5/6/7世代 対応 iPad キーボード付きケース 【マグネット分離式】 360度回転式・10cm高さ調整可能・180°ブラケット調整・7色バックライト・Bluetooth5.2・高感度トラックパッド・静音キー ・JIS日本語配列 ブラック（iPad Air 第4/5/6/7世代 11インチ）","5766","50","","115","¥ 13,980","","1","B0FXGMWSXV","B0GGY79LF5","26.6","20.6","3.2","830"
"【タブレット 8インチ】-Android16 強化版 Wi-Fi6 モデル タブレット、24GB+64GB+2TB拡張、2.0GHz高速CPU搭載 、Wi-Fi6·Bluetooth5.4、Type-C充電+5000mAh、WidevineL1/Netflix/YouTube対応、児童守護·無線投影、動画/電子書/マンガ見る 保護フイルム貼り済み 8インチ Tablet BMSE A80","5282","115","100","155","¥ 10,998","","3","B0GF1SV4ZH","","24","15","5.9","650"
"【大容量2個セット】純正インクカートリッジ BC-385XL ブラック ／ BC-386XL 3色カラー","6498","69","100","37","¥ 8,980","","1","B0DH11NXM7","","13.3","9.3","7.5","200"
"「国内正規品」Keychron K7 Max ワイヤレスメカニカルキーボード 2.4GH/Bluetooth/有線 JISレイアウト 茶軸","5557","58","","1","¥ 18,920","","1","B0FPXBZF8K","B0DFQFDFTB","33","16","4","440"
"docomo select iXpand Flip フラッシュドライブ 256GB","5286","72","","29","¥ 7,480","","1","B0DDC6NM3W","B0DHX4MP83","13","11","2","500"
"SL550UJP (CyberPower 無停電電源装置 550VA/330W 矩形波 常時商用)","5289","74","50","156","¥ 10,500","¥ 10,500","2","B07W4GQ9VS","","36.9","17.1","15.1","3300"
"【国内正規代理店版】Raspberry Pi 4 Model B/2GB RS版","5290","105","100","4197","¥ 12,629","","10","B07TD42S27","","9.6","7","2.9","59"
"バッファロー BRXL-PT6U3-BKE (ブラック) USB3.2 (Gen1) 対応 ポータブルBD 再生/書込ソフト添付","5292","161","100","74","¥ 19,980","","23","B0B3XBHYPR","","18.2","17.7","4.9","460"
"マイクロソフト Surface アーク マウス ブラック CZV-00103","5293","128","100","435","¥ 9,735","","18","B0CJL4KCCN","B07598GV44","16","10.7","2.9","150"
"NUBWO ゲーミングヘッドセット PS5 ヘッドセット【2.4G USB/Bluetooth 5.3/3.5mm有線】3WAY 接続 無線 ヘッドセット マイク付き 20ms超低遅延 100 時間長時間使用 ミュート機能PS5/PS4/Switch/PC/スマホ対応 FPS ゲームヘッドセット専用","4226","23","","4","¥ 7,599","","1","B0FC2PMXBK","B0G12T6G3Y","27.7","24.9","13.1","1030"
"【整備済み品】 富士通 ARROWS Tab Q738 タブレット /13.3インチ/Windows11 /Corei5-7200U /メモリ4G/SSD 256GB/WIFI/Bluetooth/HDMI/カメラ/非光沢/フルHD（1920×1080）/Type-C/10点マルチタッチ /純正タッチペン付き/純正キーボード付き","5294","61","","2","¥ 19,800","","1","B0GRV6CMDD","B0FKG8GQK6","40.3","29.7","10.8","1350"
"Peslv [2枚パック] 21.5インチ16:9覗き見防止フィルム、ブルーライトカットアンチグレアスクリーンフィルター、21.5インチPCモニター用のぞき見防止","5294","53","","1349","¥ 5,099","","1","B0C9L8J6XL","B0H1G8CV83","49","30","1","430"
"Acclamator SSD 512GB NVMe M.2 2280 PCIe Gen3.0×4 読込最大2200MB/秒 内蔵SSD 3D NAND採用 SLCキャッシュ搭載 ノートパソコン/デスクトップに対応 メーカー3年保証 N20","5296","96","100","131","¥ 11,980","","1","B08V8XQ5PZ","B0GWHYS2R9","12.8","10.1","1.9","40"
"TOSHIBA ダイナブック ノートパソコン Office搭载,15.6インチ Dynabook パソコン 16GB 512GB SSD,中古 ノートPC Core i5 Windows11 日本語キーボード付き (整備済み品)","5300","21","50","5","¥ 39,800","","1","B0HB4JBTG2","B0HGRHF293","36","25","2","2000"
"【brother純正】 ブラザー工業(Brother Industries) トナーカートリッジ(大容量) TN-62JXL 対応型番:HL-L6400DW、HL-L5200DW、HL-L5100DN、MFC-L6900DW、MFC-L5755DW 他","5301","118","100","55","¥ 20,580","¥ 22,000","47","B07SQC4RPY","B092TR54HX","36.3","25.1","15.2","1240"
"KEY TO COMBAT 24インチ PCモニター フルHD 1080P 100Hzリフレッシュレート HDR10 高コントラスト比4000:1 Adaptive Sync/ブルーライト軽減/フリッカーレス VESA対応 HDMI 1.4*1/VGA*1 イヤホン端子 チルト調節 オフィス/業務用 3年保証付き KTC モニターH24V27","5309","92","","82","¥ 10,429","¥ 10,429","1","B0FC23FGGL","B0HCZKKPLV","62","47.4","11.4","3980"
"Netac M.2 SSD 500GB 最大3100MB/s PCIe Gen3.0x4 NVME1.4 ヒートシンク付き 5年保証 NV3000","5315","97","50","317","¥ 12,980","","1","B07THYQP1C","B0HCBTW367","12.9","6.6","1.7","20"
"Xiaomiポータブルフォトプリンター 1S インクレス印刷 薄型で180g超軽量 Bluetooth接続 複数ユーザー同時接続可能 シールフィルム 専用フィルム5枚同梱","5323","101","100","263","¥ 9,280","¥ 9,280","1","B095SP2CH7","B0F9KYCRJP","17.9","9.7","4.1","390"
"Fintie クリアケース iPad mini 第5世代 7.9インチ、iPad mini 4用","5327","79","","2092","¥ 5,221","","3","B0F1FT1LDK","B09994DF3Q","21.4","16.8","1.6","191"
"SAIJI 折りたたみテーブル ベッドテーブル ラップデスク ノートパソコンスタンド 安定性強化版 軽量 G6ブラック 65*49 とくだい","5334","72","50","716","¥ 6,204","","1","B08LTZMVWT","B08LV2HLM4","74","59","7","3900"
"Samsung T7 4TB 外付けSSD 最大転送速度1,050MB/秒 USB3.2 Gen2(10Gbps, Type-C) グレー iPhone15/16シリーズ動作確認済み MU-PC4T0T-PD/EC 国内正規保証品【特典付モデル】","5335","96","","140","¥ 178,768","¥ 178,768","1","B0DM252JN1","B0DMTFRZQR","13.5","10.2","4.5","180"
"ミニPC mini pc【2026新モデル・業界超コンパクト・Intel N4500搭載 最大2.8GHz】Win11 Pro 8GB DDR4+256GB SSD (8TB SSD拡張対応) 小型デスクトップpc 静音32dB・省電力6W 高速有線LANポート ミニパソコン 4K×2画面出力 ビジネス/在宅ワーク向け 小型パソコン Wi-Fi5/BT5.0 小型pc 企業用/業務用","5336","107","","115","¥ 29,306","","2","B0FXB2PFZ9","B0HG954WWS","23.2","14.6","6.6","600"
"Surface go 2 Core M3-8100Y 第 8 世代 2in1 ノートパソコン, 8GBメモリ SSD 128GB,タブレット","5341","59","50","10","¥ 29,260","","1","B0H14QKC46","B0H151G6X1","38.8","29.4","10.7","540"
"Ewin 折りたたみキーボード bluetoothと有線接続 ヒンジロック&表示スクリーン搭載 日本語配列 テンキー付き 持ち運び ipadなど用","5351","94","100","44","¥ 5,980","","1","B0H2LCRVZF","","21.9","13.7","3.1","440"
"Deco BE25 2P BE3600 デュアルバンドメッシュWi-Fi 7システム 2パック","5356","134","100","19","¥ 30,452","¥ 31,609","27","B0DWWZ32C5","","20.2","17.5","15.9","1800"
"【Amazon.co.jp限定】 JAPANNEXT 15.6インチ モバイルモニター JN-MD-i156F-LE","5361","107","100","10","¥ 16,980","¥ 16,980","5","B0GPXBMQCC","","41.5","29.1","6.2","1550"
"ActionRing ストリームコントローラーデック 省スペース設計の縦型左手デバイス ショートカットキーボード/電卓/テンキーの３モード搭載","5362","111","50","148","¥ 8,399","","1","B0FT8FSNVS","B0FT8DZX5B","18.1","12.7","6.4","480"
"TP-Link スイッチングハブ 8ポート 10/100Mbps PoE+対応ポートx4 各ポート30W(合計66Wまで)まで【エクステンドモード: 250Mまで接続可】TL-SF1008P","5369","73","","2868","¥ 5,040","¥ 5,040","1","B001PS4NRM","B0C3TMPSLH","28.3","22.5","7.3","1050"
"usb c ケーブル 2m 2 本セット 2in1多機能 usb a to c変換対応 type-c USB3.2 Gen2X2 20Gbps高速データ転送 4K@60Hz映像出力 100W(5A)PD急速充電 Thunderbolt3/4対応 編組仕様","6988","21","","204","¥ 5,499","","1","B0GT3YC8GH","B0GTJW3W7W","22","15.1","2.9","170"
"GlimPearl (グリムパール) PS5 / PS4 / PC/Switch®/Switch2®対応 レバーレスゲームコントローラー【日本産】","5374","30","","","¥ 78,980","","2","B0GTYY5GLK","","42.6","32.3","13.3","2450"
"dynabook G83/HU i5-1135G7 メモリ16GB SSD256GB Windows11Pro Office2024 中古整備済み","5378","9","","","¥ 34,800","","1","B0HDB3RV3Y","","34.5","26","10","1000"
"エプソン EPSON インクカートリッジ ICBK93L ブラック 大容量","5379","83","","25","¥ 7,930","¥ 8,027","25","B00JARR2IC","B072LPZZKV","18.9","11.4","2.9","250"
"TP-Link スイッチングハブ 8ポート ギガビット 磁石付き らくらくマウント TL-SG508","5381","84","","595","¥ 5,380","","1","B07911BYD8","B07V6W37NZ","18.8","12.7","10","580"
"CABLAPTOP [2本セット] usb c ケーブル 3m USBC to USBC ケーブル、3.2 Gen 2x2、4K@144Hz/60Hz、8K@30Hz ブレーテッド Type C ケーブ ル、20Gbps 高速データ転送 C to C ケーブ ル 高速充電240W 、iPhone 17/16 Pro対応","5384","82","","391","¥ 5,399","","1","B0G2GDVZMM","B0G2LLFXCQ","18","9","2.8","50"
"Perixx(ペリックス) PERIBOARD-106MJP キーボード 有線 パフォーマンス USB フルキー テンキー付き 最大1000万回のキーストローク ヴィンテージカラー【正規保証品】JIS配列準拠 (日本語・ベージュ)","3276","86","100","675","¥ 5,999","","1","B08ZYQHLMT","B0FR99BFXW","48.7","20.4","5.1","1100"
"Anker 747 Charger (GaNPrime 150W)","5386","68","100","893","¥ 8,990","","6","B09W9B6H61","","15","11","4","400"
"KINGSLONG 13.3インチ ノートパソコン用スリーブバッグ、スリムな耐衝撃ハンドバッグ、コンピューターキャリーケースカバー MacBook Air/Pro、Acer Asus Dell HPブルーに対応","5974","74","","2800","¥ 6,446","","1","B0B4JJG56X","B07S67YRDT","35","27.1","3","260"
"LG モニター ディスプレイ 32U631A-B 31.5インチ/WQHD(2560×1440)/100Hz/IPS/sRGB 99%/HDR/アンチグレア/HDMI/USB Type-C(USB PD15W)/フリッカーセーフ/ブルーライト低減モード/色覚調整/3年安心・無輝点保証","5391","109","50","7","¥ 31,300","¥ 31,609","15","B0F23YFW8W","B0DR8RDGSX","80","58.5","15.5","9070"
"ブラザー工業 brother プリンター A4モノクロレーザー複合機 JUSTIO 20PPM/FAX/ADF/受話器 FAX-2840","5393","102","100","418","¥ 21,109","¥ 21,109","12","B00FGFEK3M","","47.2","45.8","43.2","11190"
"SWECENT CAT8 LANケーブル 30m メッシュ編組 超高速40Gbps/2000MHz対応 遅延ゼロ 爪折れ防止RJ45コネクタ シールド設計 配線ストレスフリー PS5 Xbox Series X ルーターモデム対応 オンラインゲーム 4K配信に最適(ブラック)","5398","65","","1729","¥ 5,699","","2","B0DY18FCYW","B0H4929G5Y","27.9","27.1","2.9","1110"
"Gvyugke ゲーミングヘッドセット 2.4G USB/Type-C/Bluetooth 5.4/有線 4WAY接続 20ms 超低遅延 ワイヤレスヘッドホン 50MMドライバー立体音響 45H長時間再生 高遮音性 RGB ライト ノイズキャンマイク 軽量 ヘッドホン ヘッドセット PS5 PS4 Switch Xbox PC 対応","5951","102","50","44","¥ 6,099","","1","B0GYPDP5MY","B0H274CGL4","22.3","20.7","7.2","440"
"【 サンディスク 正規品 】 SANDISK SDCZ530-512G-J46","7139","95","","40","¥ 22,586","¥ 22,586","2","B0G33WY2TG","B0G3V3VSRS","15.1","10","1.4","10"
"SteelSeries ゲーミングヘッドセット ヘッドホン Arctis Nova 3 軽量 有線 密閉型 PC PS5 PS4 Switch 対応 RGBライティング AIノイズキャンセリング 空間オーディオ Hi-Fiサウンド 調整可能 61631 ブラック","5410","37","50","969","¥ 9,973","¥ 9,973","1","B0B7X65SX2","","22.9","22.9","10","700"
"【Amazon.co.jp限定】Wacom Intuos Pro small TPTK470K0C ワコム ペンタブレット ペンタブ プロ 板タブ Wacom Pro Pen 3 付属 Windows Mac 対応","7814","98","","13","¥ 41,390","¥ 41,390","1","B0DWDTP29Q","B0DWXN9NL7","23.8","18.8","4.8","630"
"CIO NovaPort DUOⅡ 120W PD急速充電器 USB-C×2 単ポート最大100W 2台同時充電 世界最小級（ブラック）","5413","128","100","204","¥ 8,480","","2","B0DK786KX5","B0DNZD65TF","16.6","8.5","3.8","230"
"ASUS TUF GAMING B760-PLUS WIFI D4 intel 第14・13・12世代 CPU対応 LGA1700 B760 搭載 DDR4 ATX マザーボード/国内正規代理店品","5414","72","100","60","¥ 20,100","¥ 20,100","6","B0BQH67MVT","B0C2M9GXGB","35.4","28.4","7.1","1790"
"Laptomo P7 トリプルモニター 15.6インチ デュアルモニター FHD 1080P IPS ノートパソコン用 モバイルモニタ ノートPCモニタ折りたたみ式 2画面/3画面拡張 折りたたみ式 180°回転 HDMI/Type-C プラグアンドプレイ Windows/Mac/Android/Linux対応 13～17インチノートPC対応","5415","57","","25","¥ 29,431","","1","B0H1C25P9R","B0HFWQ1R9W","44.4","34.1","7.4","2950"
"MINNEER レーシングコクピットレッドシート調整可能 ハンコン コックピットでの に適合するLogitech G29 G920 G923、 に適合するThrustmaster T80 T248 T300 T-GT アナログレーシングカーハンドルゲームスタンド、ハンドル、ハンドブレーキ、ペダルを除く","5415","62","","42","¥ 38,949","","1","B0BJ27TX7L","","142","110","48","30000"
"ワイヤレスHDMI送受信機セット 無線 HDMI【2WAY接続で対応率99%】0.1秒超低遅延 1080P/50m伝送 音画同期 WiFi・設定不要","5420","52","200","140","¥ 6,998","","2","B0GC548RFC","B0HGFSCDNX","19.9","9.6","2.4","130"
"15.6インチモニター 小型 ディスプレイ 液晶ディスプレイ モニター/HDMI VGA AV BNC USB ポート/1600x900/16:9/140°視野/VESAマウント/スピーカー内蔵/リモコン","5422","85","50","1","¥ 8,999","","1","B0GHNYJNFH","B0GQTCKVKG","43.4","30.2","8.4","1760"
"【Switch 1専用】GIGASTONE マイクロsdカード 1TB Game Pro Max microSDXC UHS-I A2 V30 U3 C10 170MB/s 高速 アクションカメラ スポーツカメラ 4K Ultra HD 動画 SDアダプター1枚付き【5年データ復旧・無償交換保証】","5426","77","","17","¥ 52,990","","1","B0CFVKR4GP","B0GWGTRGWQ","9.2","8","1.7","10"
"バッファロー ポータブルSSD 1TB 日本製 PS5/PS4 耐衝撃・コネクター保護機構 USB3.1Gen1 SSD-PG1.0U3-B/NL","5427","180","50","5853","¥ 34,373","¥ 34,373","4","B07HCM8383","B0BK946ZM6","29.4","24.2","20.2","2300"
"XPPen ペンタブ Bluetooth ワイヤレス接続 8x5インチ X3ペン 傾き検知 ペンタブレット 板タブ スマホ対応 イラスト テレワーク お絵描ソフト付 iPhoneのibisPaint Android Windows Mac Chromebookに対応 Deco MW イラコン記念版 ブラック","7711","83","50","378","¥ 8,999","","1","B0B2R9JQ65","B09Z5X92QZ","33.6","18.7","4.2","660"
"KTC 24.5インチ FHD(1920*1080) 240Hz ゲーミングモニター FAST IPS 1ms HDR400対応 ΔE<2 sRGB 114% コントラスト比1000:1 400cd/m² Adaptive Sync 前後チル・高さ調整・ピボット回転 工具不要 アイケア HDMI2.0*2 DP1.4*1 USB2.0 VESA対応 三年保証付き KTCモニターH25T7-3","5438","85","","","¥ 19,182","¥ 19,182","1","B0G4VT13LQ","B0HCZHZH78","65.7","54.5","13.3","5400"
"キヤノン Canon プリンター A4インクジェット複合機 PIXUS TS6730 自動両面4色・一体型・対応インクBCI-386/385シリーズ 【2023年秋冬モデル】","5441","79","50","99","¥ 17,318","¥ 17,318","16","B0CJWZ3FQM","B0CL61DRV6","50.7","45.9","28","9700"
"UnionSine 外付けSSD 128GB USB 3.2 Type-C ソリッドステートドライブ、iPhone 15/16/17対応","5443","72","100","245","¥ 5,999","","1","B0FNBSWSFQ","B0FNMQLK1R","12.8","10","1.7","9"
"INFILAND グリッターケース iPad A16 第11世代/第10世代 11/10.9インチ用","5447","92","","4805","¥ 7,633","","22","B0F1Y3W3KV","B0C97N3HD4","25.3","19.5","1.6","259"
"【VGP2026金賞】EDIFIER R20BT Bluetoothスピーカー｜USB-C給電・AUX入力・ヘッドホンジャック・5W RMS出力｜アプリで音質/LEDカスタム可能｜PC・スマホ対応 小型デスクトップスピーカー ホワイト","5448","97","","66","¥ 6,780","","1","B0G1YQ6HH7","B0GSXHBZP5","23.6","22.1","16.6","1820"
"【整備済み品】富士通 ノートパソコン A577/15.6型 フルHD/内蔵WEBカメラ/第7世代 Core i5/8GBメモリ/高速SSD 256GB /テンキー/MS Office H&B 2021/Win11 Pro/Wi‑Fi/DVDROM","5588","99","50","37","¥ 23,220","","1","B0F8N7MR5M","B0F8N7B274","40.7","30.5","9.4","2870"
"FORTNITE ゲーミングマウス Razer レイザー DeathAdder V3 Pro Fortnite Edition ワイヤレス 63g 進化したエルゴノミック形状 最高クラスの Focus Pro 30K オプティカルセンサー 第 3 世代オプティカルマウススイッチ HyperSpeed Wireless デスアーダーブイスリープロ フォートナイトエディション 【日本正規代理店保証品】","5469","84","","660","¥ 21,000","","2","B0D9K97WC2","B0G6ZH1CW2","18","12","7.2","360"
"ASUSTek NVIDIA GT1030搭載ビデオカード GT1030-SL-2G-BRK","5474","107","","586","¥ 15,131","¥ 15,131","6","B072PVN4HR","B0D7PPCPSS","23.2","16.4","5.3","500"
"BONTEC ガススプリング式デュアルモニターアーム 2画面 15～34インチ対応 耐荷重12kg VESA75×75・100×100mm","5476","97","","3108","¥ 5,489","","1","B0FJDG6FB7","B0HDNGSQ5H","44","33","13.5","4500"
"キングストンテクノロジー Kingston SSD NV3 1TB PCIe Gen 4.0 x4 最大6,000MB/秒 M.2 2280 NVMe 正規代理店保証品 5年保証 SNV3S/1000G","5478","147","100","13465","¥ 25,400","","27","B0DBR3DZWG","B0DCL6K5BM","23.1","17.9","1.3","40"
"KODAK Mini 2 Retro スマホプリンター(5×7.6cm) 4PASS 38枚入り ホワイト","5481","108","","11845","¥ 12,800","","1","B08FST3H95","B0H8ZTJHZ1","16.5","11.7","10.7","531"
"タブレット 10インチ - 10GB+128GB+1TB拡張 8コアCPU Widevine L1対応 5000mAhバッテリー 1280*800IPS画面 顔認識 無線投影 画面分割 WiFi 6 BT5.3 5MP/8MPカメラ 児童守護 GMS認証 Type-C充電 安心の1年間メーカー保証付 グレー","5485","76","100","70","¥ 8,599","","1","B0GWD3PR72","B0H4V5MYW1","26.6","17.4","4.9","820"
"NETGEAR ネットギア 無線lan アクセスポイント WBE700 WiFi7 BE5000 デュアルバンド 2x2 Insight クラウド管理 PoE+受電 2.5GbEポート リミテッドライフタイム保証 WBE700 Insightサブスクリプション1年付属","5488","5","","","¥ 58,096","¥ 58,096","2","B0HFJ575L8","B0GY31WY8J","20.7","20.7","8.7","899"
"シリコンパワー 外付けSSD 1TB USB 3.2 Gen 1 Type-A メーカー3年保証 Type-A to USB Type-C コネクター付属 S05 SP010TBPSDS05SAKTC","5490","108","50","218","¥ 20,979","","2","B0CGV6T9D6","B0FV7Z8T29","18.9","11.1","2.9","170"
"ノートパソコン VAIO Core i5-1035G1 第10世代 14インチ 約1kg 軽量 ノートPC Office 2021 搭載 8GBメモリ 256GB SSD FHD 1920×1080 パソコン Windows 11 Pro Wi-Fi内蔵 Bluetooth 日本語キーボード (整備済み品)","5492","10","","3","¥ 30,800","","1","B0HC61B6NJ","B0HC6HKW4R","32","22","1.5","1000"
"SanDisk 32GB MAX Endurance microSDHC Card with Adapter for Home Security Cameras and Dash cams - C10, U3, V30, 4K UHD, Micro SD Card - SDSQQVR-032G-GN6IA","5495","82","","5708","¥ 6,480","","10","B084CJLNM4","B0H4HXTC9C","23.2","17.8","1.6","30"
"INFILAND iPad 第9世代 2021/ iPad 第8世代 2020/ iPad 第7世代 2019用ケース 10.2インチ、キッズガールズ用キラキラカバー クリアバック付き 鉛筆ホルダー (ピンクフラッター)","5501","77","","2223","¥ 7,668","","16","B0F1Y6JX1V","B0DGTCBKSV","25.5","19","1.7","270"
"ASRock AMD Ryzen5000シリーズ(Soket AM4)対応 B550チップセット搭載 MicroATX マザーボード【国内正規代理店品】B550M Phantom Gaming 4","5503","128","50","271","¥ 8,736","¥ 8,736","6","B08MXSQS49","B08BJMZ22N","27.8","26.3","6.4","1080"
"【Amazon.co.jp限定】 JAPANNEXT 15.6インチ モバイルモニター JN-MD-i156F-T-LE","5508","103","50","19","¥ 19,980","¥ 19,980","3","B0FMR1RSMR","B0H8GCF1JL","41.5","28.9","6.1","1570"
"QERDAOYI マジックキーボード iPad Pro 13インチ(M4/M5・2024/2025)に適用キーボード","8103","50","","96","¥ 12,088","","1","B0H2V4S71M","B0H3HH7KY2","30.8","24","2.7","1120"
"SCYROX V8 Black ゲーミングマウス 8000hz 重量36±3g 左右対称 - Kailh Optical スイッチ【国内正規品】","5519","43","100","27","¥ 9,800","¥ 9,800","3","B0GQYZ9824","","18.2","13.5","7.8","358"
"【2026新登場 Android16 タブレットセット】ZPad2 タブレット 13インチ SIMフリー Unisoc T7300 AnTuTuスコア65万点 120Hz 1920x1200 FHD大画面 28GB RAM+256GB ROM 11000mAh PD18W急速充電 4G LTE+WiFi+Widevine L1+顔認識+Gemini AI+GPS対応 光センサー搭載 10点付属品","5528","108","50","51","¥ 28,499","","2","B0GW8J3ZTB","","34.3","24.5","6.7","1820"
"【Amazon.co.jp限定】Brother用 ブラザー TN299XL（ TN299XL-BK/C/M/Y) 大容量　互換トナーカートリッジ 「4本セット」 対応機種：HL-L3240CDW、MFC-L3780CDW国際規格ISO9001認証工場生産 【DoraShop】","5530","95","100","81","¥ 8,710","","1","B0CXTN3GD2","","33.3","20.7","19.5","2050"
"【インク革命】 Canon用 BCI-381XL 380XL/5MP 互換インク 5色マルチパック CMY 大容量 キヤノン インク 381 380 シリーズ 純正インクと併用可 ICチップ付き 残量検知対応 【日本企業】 対応機種：PIXUS TS8230 TS8130 TS8330 TS6230 TS6130 TR9530 TR8530 TR7530 TR703 TS6330 TS7330","6107","50","","19","¥ 5,230","","1","B07M5J1NWJ","B0CCXWQQWY","24","18.3","3","270"
"Fintie クリアケース iPad 第6世代/第5世代 9.7インチ、iPad Air 2 / Air 1用","5535","55","","4997","¥ 5,385","","3","B0CJF9Z82L","B099YZWRC9","25.1","19.1","1.6","272"
"RAOYI USBメモリ 32GB 黒 20個セット USB 2.0 フラッシュドライブ","5545","50","","45","¥ 16,999","","1","B09Q8YJ9SR","B07SBSK54V","28.3","14.4","1.7","240"
"MOSISO ラップトップ スリーブバッグ、対応機種 Laptop 18.5インチ、ポリエステル ポケット付き(ブラック)","4808","58","","10891","¥ 5,499","","1","B0D9W6TGVX","B01NAQ8KF3","47.7","34.4","3.6","290"
"EMEET M220 スピーカーフォン 2台セット 会議用マイクスピーカー ブラック","5549","64","50","308","¥ 30,392","","1","B07ZFWCNQX","","24.7","15.8","9.4","1020"
"Redragon K710 ワイヤレス ゲーミングキーボード 青軸 テンキー付き タイプライター風 レトロ 丸型キーキャップ 技適認証取得","5550","56","","263","¥ 8,999","","1","B0FQ4SPMKP","B0H825H531","45.3","15.8","4.7","1310"
"【整備済み品】パナソニック(Panasonic) 軽量 ノートパソコン Let's note CF-LX6 14インチ FHD ノートPC 第7世代 Core CPU/メモリ 8GB/高速SSD/WEBカメラ/WIFI/HDMI/VGA/Windows 11pro&Office 2019搭載 中古パソコン (第7世代Core i5, メモリ：8GB/SSD：256GB)","5553","42","","61","¥ 17,955","","3","B0DVLRV1DY","B0HGLGVKLY","40.9","27.4","11.2","1840"
"【Amazon.co.jp限定】 バッファロー 充電器 PD 100W USB C&A 4ポート 自動分配 瞬停抑制 BSACPD10005C4BK","5554","84","100","28","¥ 6,480","¥ 6,480","1","B0H38K7M7F","B0HCMSG13P","14","13.2","5.3","220"
"Inateck JIS日本語配列 iPad Air 11インチ M4 2026/M3/M2用 キーボードケース 5.1インチマルチタッチトラックパッド","6592","66","50","25","¥ 7,080","","1","B0GY4CSXRT","B0H41JJQ1Y","28.7","21.7","3.2","830"
"CASETiFY (ケースティファイ) インパクトケース MacBook Pro 13インチ (2020/2022) ケース [強化された保護コーナーデザイン/通気カットアウト/滑り止めグリップ] - チーターパラダイス - クリアブラック","6114","82","","588","¥ 17,622","","7","B0FKB25R5W","B0D4MG9VBQ","35.3","25.2","4.4","530"
"Razer(レイザー) Ornata V3 X JP ゲーミングキーボード 有線 薄型 静音メンブレンスイッチ 耐摩耗性と耐傷性を向上したUV コートABSキーキャップ シングルゾーン Chroma RGB 耐久性と耐水性に 設計 エルゴノミックリストレスト付属 日本語配列 オルナタ ブイスリー エックス【日本正規代理店保証品】 ブラック","5561","35","50","1","¥ 5,180","¥ 5,180","1","B0GL73NB9B","","50","19.5","6.5","1420"
"SEYMAC ストックケース iPad A16 11インチ 第11世代/第10世代 (2025/2022) 用","5563","57","","468","¥ 12,121","","1","B0FR8VBMPJ","B0D447TFY2","27.3","22.6","3.2","358"
"【Amazon.co.jp限定】Elgato Stream Deck Mini – Zoom、Teams、PowerPoint、MS Office、その他をコントロール。毎日使うアプリとシームレスに統合して生産性をアップ。ショートカットを簡単に設定。MacとPCに対応","5564","129","50","91","¥ 9,980","¥ 9,980","1","B0CDWTVMDZ","","14.8","12.9","6.7","260"
"【公式】 VAIO バイオ モバイルディスプレイ 14.0インチ モバイルモニター WUXGA 16:10 軽量 325g 薄型 USB-C VAIO Vision+ 14 VJ5VP141C12","7542","99","100","9","¥ 54,800","","1","B0G5XGJH5R","B0G5NMMGM5","37.2","29","6.1","1040"
"ASUS デスクトップPC V400 AiO V470VAK 27インチ Windows 11 インテル Core 7 240H メモリ32GB SSD 1TB Microsoft 365 Personal (24か月版) 搭載 USBキーボード/USBマウス付属 外付けDVDスーパーマルチドライブ付属 一体型 AIO デスクトップパソコン ブラック V470VAK-BPE058WS","5574","58","","","¥ 218,310","¥ 218,310","1","B0GS5HH19F","B0GV3QH3BM","71.5","53","19.5","11620"
"JAPANNEXT 23.8インチ 液晶モニター JN-IPS238FHDR-C65W","5576","117","100","166","¥ 16,632","¥ 16,632","1","B0BNTNRBHK","","60","40","14","4280"
"Sound Blaster GS3 ブラック 12W RMS/ピーク出力24W ゲーミング サウンドバー","5584","123","100","172","¥ 7,182","","2","B0CXSM7ZQL","B0F2MMM1LS","47.8","15.9","12.4","1300"
"エプソン 純正 インクカートリッジ クジラ KZR-6CL-L ６色パックL（増量）","5591","96","100","12","¥ 7,945","¥ 7,945","8","B0FXL45Z9D","","10.7","9.1","7.7","190"
"Anker PowerExpand 8-in-1 USB-C PD メディア ハブ","5597","97","50","678","¥ 7,990","","1","B0874J3Y9T","","21.1","9.5","1.9","160"
"MAG-LABO 不織布 CD、DVDケース 両面100枚（200枚収納） 48個セット 両面不織布(白) ML-DVD-AB100PW-48","5601","55","","219","¥ 10,380","","2","B017COA9NY","B0CX9YXGSV","53","30.8","30.4","11020"
"ATTACK SHARK R85HE ラピッドトリガー ゲーミングキーボード 有線 0.005mm 8000Hz 0.08ms 75% RGBケーブル","5601","51","","35","¥ 9,657","","1","B0FX986M1Q","B0FYDMZ55L","36.1","19.5","5.2","1240"
"オーディオテクニカ ATH-M50xSTS-USB ヘッドセット USB 有線 ブラック","5605","136","50","385","¥ 27,000","¥ 27,000","10","B0BRP7SW25","B0CHW8BVDP","26.9","22.9","12.1","860"
"日本製線 高性能ギガビット伝送対応LANケーブル （Cat6) 100m巻(象牙色) 0.5 - 4P NSGDT6 (IV) (100)","6950","16","","465","¥ 9,130","","1","B00E0Y6T4I","B08RCPV8MM","35.3","35","11.9","4100"
"モバイルモニター 21.5インチ 100Hz ポータブルモニター Newsoul 大画面ゲーミングモニターFHD 1080P 125%sRGB広色域","5609","96","","144","¥ 25,999","","2","B0FY6LKGZV","B0HGPDKDQM","53.2","32.6","8.7","3340"
"CFD販売 ノートPC用メモリ DDR5-5600 32GB×1枚 (32GB) 相性保証 262pin シー・エフ・デー販売 CFD Standard D5N5600CS-32GC46","5613","83","50","2","¥ 62,980","¥ 79,964","15","B0F7QXFXW5","B0F8NSLP1V","17.5","11.8","1.2","20"
"Maktar Qubii Power SE (512GB microSDセット) 【充電しながら自動バックアップ】 iPhone バックアップ iPad android スマホ タブレット 急速充電 容量不足解消 SDカードリーダー データ移行 機種変更 保存 写真 動画 ファイル SDロック機能 MFi認証 USB-C 10年保証","5813","19","","2","¥ 32,800","","1","B0H6JGJPZV","B0H5WV12RZ","13.5","9","3.5","100"
"TP-Link スイッチングハブ 16ポート ギガ LAN ハブ 1000Mbps 金属筐体 ファンレス 省エネ ラックマウント hub メーカー保障5年 LS1016G 【Amazon.co.jp限定】","5618","84","100","27","¥ 7,920","¥ 7,920","1","B0DVZ4LTSL","","34","23.4","7.9","1680"
"【超繊維レザー・超軽量・超薄型】Aulaiiex Surface Pro キーボード Surface Pro 11/10/9/8/X 日本語配列キーボード、 Bluetooth 無線接続、パームリジェクション付きタッチパッド、タッチペン収納、Type-C 充電、7色バックライト搭載、Microsoft Surface Pro 13インチ用、ワインレッド","5618","75","","52","¥ 6,079","","1","B0GSHNRM6F","B0H68GTP82","32","23.7","2","616"
"［株式会社BABY FAZE］ 葬送のフリーレン ゲーミングマウスパッド【フリーレンE】 DotAndZ スピードとコントロールのハイブリット型 布製 49cm × 42cm × 0.4cm 高精度 滑って止まる新感覚","5624","39","","21","¥ 6,600","","1","B0GHMM5NFP","B0GJ4B7SRZ","43.4","7.9","7.8","560"
"Samsung USBメモリ Type-C 128GB 最大転送速度400MB/s Flash Drive MUF-128DA/EC 国内正規保証品 青","5626","102","50","144","¥ 6,444","¥ 6,444","1","B09WNWM62Y","B0DBTV933Z","15.2","10.1","1.8","30"
"【AOCゲーミングヘッドセット】【国内正規品】7.1ch・50mmドライバー/ノイキャンマイク/4WAY接続2.4GHzUSB・Type-C・BT5.3・有線ワイヤレスゲーミングヘッドセット 軽量折畳式 スマホ タブレットPS5 PC Switch 対応Apex Legends・フォートナイト・原神・CoDFPS・TPS・RPGに最適ゲーミングヘッドホンACG3506(ブラック)","6700","110","100","1177","¥ 8,169","","2","B0GGQYJ9TG","B0GX5LWDC2","16.3","16.1","10.8","530"
"ソニー ブルーレイディスク BD-R 25GB (1枚あたり地デジ約3時間) 1回録画用 30枚入り 4倍速ダビング対応 ケース無し 30BNR1VJPP4","5629","124","","513","¥ 5,200","","26","B01H8A8LUU","B08Q98BT6D","14","13.9","5.9","540"
"GIGABYTE NVIDIA GeForce RTX3060 搭載 グラフィックボード GDDR6 12GB 搭載モデル ギガバイト 【国内正規代理店】 GV-N3060WF2OC-12GD","5631","37","","44","¥ 55,800","","4","B0CHMT3LVS","","29.8","21.3","5.2","810"
"RAPOO VT2 ワイヤレス ゲーミング マウス 8Kポーリングレート 53g 超軽量 最大750時間のバッテリー寿命 Nordic nRF54L15 MCU搭載 1億回のメカニカルスイッチ 10個のプログラマブルボタン マクロ機能対応 ホワイト","5633","92","","41","¥ 5,233","","1","B0FWBXG8WG","B0FFSWX3R8","17.2","11.3","7.9","290"
"【エイデータ】 USBメモリ UC300 ブラック/グリーン 256GB USB Type-C 最大読込速度100MB/秒 ACHO-UC300-256G-RBK/GN-I","5634","62","","53","¥ 7,075","¥ 7,075","6","B0F4JYSSQG","B0F7QYPD6Y","11.2","10.1","1.4","20"
"【Amazon.co.jp限定】 ASUS ノートパソコン Zenbook S 14 UX5406SA 14型 インテル Core Ultra 7 258V メモリ 32GB SSD 512GB Microsoft 365 Personal (24か月版) 搭載 Windows 11 バッテリー駆動 19.7時間 顔認証 Copilot+PC スマイアグレー UX5406SA-U7325GRS","5635","108","","4","¥ 229,800","¥ 229,800","1","B0G6D2SCX6","B0GV42FJ58","45.6","28.4","10.2","2710"
"DELL ノートパソコン Office搭载 Latitude 5320,13.3インチ 中古 パソコン 8GB SSD 256GB Core i5-1145G7, デル laptop windows 11,軽量 ノートPC 日本語キーボード付き (整備済み品)","6833","5","","","¥ 41,721","","1","B0HF34B2J3","B0HDZG3Y6V","34","24","2","1400"
"UGREEN NexodePro急速充電器 100W Type-C 2C1A 3ポート PD3.0/PPS対応 折り畳み式 PSE適合","5646","120","50","879","¥ 6,880","","1","B0CCVQB7MY","B0HBWHKD7K","13.4","10","4.3","18"
"Patriot Viper Venom DDR5 RAM 32GB (2X16GB) 6600MHz CL34 1.4v UDIMM Desktop Gaming Memory Kit Compatible with Intel XMP - PVV532G660C34K","5647","89","","13","¥ 129,606","","29","B0BT825TJ3","B0FGX9G54S","18.1","16","2.2","160"
"Cable Matters 2パック Mini DisplayPort - DisplayPort アダプター ブラック","5298","30","","2961","¥ 5,734","","1","B0BNW4VZB1","B0H45GNKKB","15.2","13.6","1.4","41"
"【エイデータ】 PCメモリ DDR5 5600 16GBx1枚 AD5U560016G-S-I","5660","80","","1","¥ 42,160","¥ 42,940","3","B0BRHRXL67","B0FT379H73","17","5.4","1.2","30"
"ロジクール ウェブカメラ MX BRIO 700 C1100GR 4K Webカメラ usbカメラ 自動光補正 プライバシーシャッター USB Type-C ノイズ軽減ステレオマイク Sony Starvis センサー搭載 パソコン カメラ マイク PC Windows Mac Chrome C1100 グラファイト 国内正規品","5667","117","100","44","¥ 29,291","¥ 29,291","1","B0CVZW78XW","B0CW5MTC49","14","13.8","6.8","380"
"Redmi Pad SE 8.7 4G セルラーモデル デュアルSIM 8.7インチ 4GB+64GB(最大2TB拡張) 90Hz 低ブルーライト 最大輝度600nit 5:3アスペクト比 MediaTek WidevineL1 Dolby Atmos デュアルスピーカー 6650mAh 18W急速充電 Wi-Fi Bluethooth 読書 会議 スカイブルー","5869","79","","245","¥ 26,000","","2","B0D97QJNVV","B0DYDYWFRM","22.7","13.3","4.9","540"
"モバイルモニター 13.5インチ 3K 3000×2000 3:2 ワイヤレスモニター ゲーミング UPERFECT ポータブルモニター","7493","54","50","627","¥ 17,935","","1","B0H4H72PHV","B0HFHN8VQV","33.5","25.1","5.9","1110"
"【2年保証モデル】 JAPANNEXT 55インチ 大型4K液晶モニター JN-V55U-M","5678","43","","1","¥ 69,980","¥ 74,422","7","B0GL6NW881","B0HCVDCCC6","130.2","78","10.7","14500"
"XPPen 液タブ 16インチ 液晶タブレット X3 Proペン 2.5K解像度 イラスト制作 テレワーク ACK05左手デバイス付 Android Windows macOS対応「2年メーカー保証」お絵描きソフトウェア付 Artist Pro 16 (Gen 2)","5682","139","100","244","¥ 59,800","","1","B0CDVXKNZH","","48.4","37","10.6","3730"
"【Amazon.co.jp限定】SanDisk SSD 外付け SDSSDE30-1T00-GH26 エコパッケージ","5683","163","100","566","¥ 34,889","¥ 34,889","1","B0C3R9BSFS","B0D1QG243M","12.8","10.3","3.5","80"
"Belkin Thunderbolt 4 ケーブル 2m 40Gbps 100W PD 8K対応 USB4準拠 ブラック","5686","123","100","616","¥ 6,445","¥ 6,445","3","B09PQFPDHX","B09TJ1JV2D","13.4","10.5","2.8","120"
"キヤノン Canon プリンター A4インクジェット複合機 PIXUS TS6630 自動両面 4色・一体型・対応インクBCI-386/385シリーズ 【2023年秋冬モデル】","5688","145","100","335","¥ 16,500","¥ 16,500","25","B0CJX4CDXH","B0D69N1ZSF","51.6","43.3","24","8140"
"TP-Link WiFi 7 無線LAN 子機 BE6500規格 【 2882Mbps(6GHz) + 2882Mbps(5GHz) + 688Mbps(2.4GHz)】 160MHz WPA3 USB3.0 Windows 11/10対応 Archer TBE400UH/A","5694","115","100","51","¥ 8,100","¥ 8,100","2","B0F12TBYK4","","20.1","15.3","4.4","230"
"Surface pro3/pro4/pro5/pro6/pro7 対応 キーボード ワイヤレス サーフェス タブレットのキーボード タッチパッド付き 7色バックライト Typ-C充電式 軽量 薄型 カバー兼用 磁気吸着 分離使用可 US英語配列,グレー","5696","38","","23","¥ 6,300","","1","B0F23PLC85","B0F23NYKS8","34.1","25.2","1.5","470"
"【NAS用HDD】Synology HAT3300-4T [4TB 3.5"" SATA 5,400rpm / NASグレードHDD(MTTF100万時間) / 3年保証] 国内正規代理店フィールドレイク取扱品","5701","95","50","237","¥ 43,136","¥ 43,136","8","B0C2MLZR72","B0H7HXC762","22.5","15.5","7.4","545"
"バッファロー BUFFALO USB3.2(Gen1)対応ポータブルHDD Type-Cケーブル付 1TB ブラック HD-PGAC1U3-BA","5704","169","","277","¥ 19,000","","21","B0819S7DS2","B081H17TNZ","15.6","13","4.6","240"
"LG ゲーミング モニター 24G414B-B 23.8インチ/フルHD/144Hz/IPS 1ms/HDMI、DP/スピーカー多機能スタンド","5705","75","100","86","¥ 14,980","¥ 14,980","1","B0GYPH4QDC","B0H735R52J","61.6","38.2","13.6","4990"
"【5年保証】GIGASTONE 4GB SDカード 10個セット SDHC UHS-I C4 メモリーカード フルHD ビデオ デジタルカメラ 高速記録 ミニケース10個付き","4707","76","","2835","¥ 16,980","","1","B07SBK8LRR","B0FPFK6R21","17.9","11.5","1.1","50"
"KB16 マクロメカニカルキーボードアルミニウム製/片手キーボード/RGB VIA ホットスワップ プログラム機能対応可能/16キー/Ps Pr LrC Blenderなどのソフトに利用可能 (黄色)","5706","90","50","193","¥ 8,000","","1","B0CXXY4JP8","B0CXY6Y79B","20.4","14.7","6.9","530"
"UGREEN Revodok Pro 314 USB-C ドッキングステーション 3画面対応 2つのHDMI & DP搭載","5708","127","100","802","¥ 11,960","","1","B0DYTVVLH4","","25.8","17.1","8.4","1542"
"Razer Basilisk V3 X HyperSpeed ワイヤレスゲーミングマウス 超高速2.4GHz / Bluetooth接続 9ボタン RGBライティング対応 5G 18Kオプティカルセンサー 第2世代メカニカルスイッチ 単3電池1本で最大285時間駆動","5712","131","50","82","¥ 10,900","¥ 10,900","2","B0C53HRS79","B0G6Z6HZTZ","16.2","10.2","5.3","210"
"Pulsar Gaming Gears PCMK 2HE TKL ゲーミング キーボード ANSI 英語配列 87キー 磁気スイッチ 8K Polling Rate【国内正規品】(Black)","5892","95","","32","¥ 23,980","¥ 23,980","1","B0F4Q7Q2FD","B0H8RXGLFD","38.3","17.1","5.6","1411"
"ACEMAGIC K1 ミニPC Ryzen 5 7530U【コスパ最高・6650Hより速い】minipc 16GB+512GB 4TB拡大可","5717","45","","10","¥ 59,998","","3","B0H2YZFM2B","B0GXJPDDSR","16.3","16.3","11.4","1180"
"Thermaltake TOUGHPOWER GT 750W ATX 3.1/PCI Express 5.1対応 80PLUS GOLD PC電源ユニット PS-TPT-0750FNFAGJ-3 PS1495","5718","111","50","45","¥ 10,586","¥ 10,586","5","B0DKT9JRF1","B0DVLQ1FFG","28.2","21.8","12.8","2460"
"モニターアーム モバイルモニター・タブレット兼用 マグネットホルダー付き 15.6/18.5 インチ 持ち運び軽量 360 度回転 折り畳み式 本体一体型調節レンチ付き 高耐荷重 アルミニウム合金製 (16 インチ)","5303","35","","104","¥ 5,999","","1","B0FWBGJ2TR","B0H3NNJ4BV","40.6","15.2","15.2","907"
"UGREEN Revodok Pro 12-in-1 トリプル4Kドッキングステーション、2*HDMI+DP、2x10Gbps USB C、2xUSB2.0A、100W PD急速充電、SD/TF、1000Mbpsイーサネット、3.5mmオーディオ、MacBook/DELL/HPなどのためのUSBCハブ","5721","154","100","960","¥ 7,493","","1","B0DRP1F6R7","","20.2","11.1","1.9","210"
"EMEET M2 Maxスピーカーフォン 会議用マイクスピーカー ブラック","5722","56","50","210","¥ 27,200","","1","B08SWFHFVJ","B0F6NC2N7Q","25.9","24.3","7.1","1130"
"JAPANNEXT 23.8インチ 大型デュアルモバイルモニター JN-DMD-IPS238F-C4","6748","89","","4","¥ 72,708","¥ 72,708","10","B0F7HP71KX","B0FX4HWWH7","65.1","44.3","8.9","6160"
"【純正品・5色パック】エ プ ソ ン インクボトル [ケンダマ・タケトンボ 5色パック KETA-5CL ] 使い切りサイズ エコタンク プリンター 印刷 TohokuAce","4685","84","100","30","¥ 5,800","","1","B0FNZNFQN6","","10","10","6","200"
"Crucial(クルーシャル) P1シリーズ 500GB 3D NAND NVMe PCIe M.2 SSD CT500P1SSD8","5747","115","50","8614","¥ 17,790","","18","B07J2WBKXF","","13","9.9","1.4","30"
"THERMALRIGHT AQUA ELITE 360 V3 Aio CPUクーラー、360液冷列、ARGB PWMクーラーファン、Intel LGA115X/1200/1851/1700、AMD:AM4/AM5用、PCクーラー Aio","5751","69","","41","¥ 6,714","","1","B0CCNV1SWL","B0H71PR1SR","47.7","20","14.2","2360"
"Pholiten アーム抜き 置き型 自立式PCモニタースタンド 120CM高いアーム 13-27インチ対応 液晶ディスプレイ スタンド VESA規格75-100mm 耐荷重10kg(ML61201)","5754","91","50","226","¥ 6,999","","1","B09TK62W1H","B0DNRYPLCK","44.7","14.6","10.8","4590"
"REALFORCE R4 キーボード ハイブリッド テンキーレス 変荷重 日本語配列 ホワイト R4HC22","5755","84","","1","¥ 36,993","","2","B0FNR9XYQY","B0FVFMFJMB","44.9","23.5","7.7","1470"
"Razer(レイザー) Viper V3 HyperSpeed つかみ持ちにもつまみ持ちにも最適な軽量ワイヤレスゲーミングマウス HyperSpeed Wireless 電池式 Focus Pro 30K オプティカルセンサー 最大280時間のバッテリー持続時間 第2世代 メカニカルマウススイッチ DPIコントロール搭載 バイパー ブイスリー ハイパースピード 【日本正規代理店保証品】","5758","9","","1801","¥ 8,480","¥ 8,480","2","B0CBCPB2T1","","16.1","11.4","4.9","170"
"エレコム LANケーブル 100m 自作用 RoHS指令対応 CAT5e パープル LD-CT2/PU100/RS","5759","64","","151","¥ 8,639","¥ 9,096","19","B00U32M0HG","B0GQ36M9HN","31.2","31.1","19.8","3494"
"CORSAIR NAUTILUS -ノーチラス- 240ラジエーター RSケースファン付き 水冷式CPUクーラー ブラック CW-9060088-WW","5760","108","50","1008","¥ 12,290","¥ 12,290","10","B0DF7DH5Z5","B0G526PR2K","31.8","21.7","13.3","1890"
"【3500Uの4倍超え】GEEKOM A5 ミニpc AMD Ryzen 7 7730U搭載 最大4.5GHz 4画面8K出力mini pc","5766","72","","471","¥ 79,990","","2","B0GJSNT6BN","B0H8SLB3BY","23.2","17.6","13.9","1560"
"NZXT Kraken Elite 280 RGB v2 Black 簡易水冷CPUクーラー RL-KR28E-B2 FN2384","5767","77","","1109","¥ 32,380","¥ 36,955","4","B0DCFPJMPN","B0DK8S5KHP","38.3","19.4","15.9","2490"
"サンワダイレクト 折り畳みキーボード Bluetooth 有線接続 iPhone/iPad/Android対応 日本語配列 400-SKB080","5768","66","","16","¥ 8,530","","1","B0DBPTJPPN","B0DP2B17P8","26.1","18.5","2.4","480"
"山善 キュリオム BD-R (1回録画用) (片面1層/1~6倍速/100枚スピンドル) 25GB BD-R100SP","5770","71","","24","¥ 6,371","¥ 6,371","2","B07JMJCXF6","B07N97LQ3T","15.8","13.4","13.4","1720"
"【Amazon.co.jp限定】MSI MAG X870E GAMING MAX WIFI ATXマザーボード MB7003","5770","58","","396","¥ 45,434","¥ 45,434","1","B0GMFGGJXX","B0H6W54KDM","34.2","27","7","2100"
"エプソン A3対応プリント インクジェット複合機 カラリオ EP-988A3 2025年モデル（無線・有線LAN/コピー/スキャン/自動両面プリント/スマホ対応/レーベル印刷）","5776","141","50","29","¥ 33,000","","39","B0FXLRXRMB","B0G1X2WLVX","58.7","45.5","25.2","10650"
"日本製線　Cat5e　LANケーブル（300m巻き）　NSEDT 0.5mm-4P　緑","5778","74","","95","¥ 21,120","","3","B01EQY7XBO","B07NZLMR8X","40","38","26.5","9500"
"EMEET Luna スピーカーフォン Bluetooth会議用マイクスピーカー ブラック","5789","99","50","1963","¥ 7,199","","1","B08F252YBK","B0GWMDQCGK","16.8","15.9","6.7","470"
"Z Z-Edge 34インチ ウルトラワイドゲーミングモニター WQHD(3440x1440) IPSパネル 165Hz 1ms UG34W","5793","55","50","1303","¥ 32,299","","1","B0GS8Q3451","B0HDCN569F","103","48","16","8000"
"ATTACK SHARK × MAMBASNAKE CM05 SE ガラスゲーミングマウスパッド FPS·ゲーム向け 国内正規品 ブラック","5793","95","","39","¥ 5,099","","1","B0GLP8ST8P","B0GRTCP6ZW","44.4","35.1","3.4","1290"
"サンワサプライ(Sanwa Supply) 8K対応HDMI切替器(4入力・1出力) SW-HDR8K41L","5795","124","","26","¥ 8,091","¥ 8,091","22","B0C9CZRP1M","B0CB2MQQKG","19.9","12.7","4.5","140"
"Anker 675 USB-C ドッキングステーション (12-in-1, Monitor Stand, Wireless)","5800","126","100","457","¥ 24,690","","1","B0BP67HQ9W","","57.3","25.3","12.8","3130"
"【OWC直営】OWC Express 1M2 80G （エキスプレス 1M2 80G） NVMe SSD USB4 Thunderbolt 対応/USB-C 超高速外付けSSDドライブ 最大実効転送速度6000MB/s以上 バスパワー ポータブル アルミヒートシンク Mac Windows対応 (80Gbps, 0GB(ケースのみ))","5801","81","","142","¥ 33,380","","118","B0FKPGF3BH","B0FQ4YPTYM","16.4","13.1","6","440"
"【国内正規品】AOC タブレット 11インチ wi-fiモデル Android 16 MediaTek Helio G100 8コア CPU 1920*1200 FHD IPS 24GB RAM+128GB ROM+1TB拡張 120Hzリフレッシュレート Widevine L1認証 8000mAhバッテリー GPS/顔認証/2.4G&5GWi-Fi/BT5.2/分割画面/無線投影 (グレー)","5803","91","100","18","¥ 29,682","","1","B0GS9FWP5W","B0H6HT1ZTN","28.6","19.4","4.2","880"
"エレコム 外付けSSD 250GB USB3.2(Gen2) Type-C ケーブル一体型 iPhone15 / 15Pro 対応 ESD-EPB0250GBK","5807","115","100","10","¥ 6,980","","31","B0DG27L1FF","B0DG53BLBW","15.6","12.1","3.1","140"
"【純正品 4色セット】 キヤノン インクカートリッジ GI-30 BK/C/M/Y（ブラック/シアン/マゼンタ/イエロー） 対応機種：G5030/G6030/G7030 GM2030/GM4030","5808","46","50","4","¥ 6,978","","7","B0DNM7RM4K","","21.1","15.2","6.8","610"
"マクセル 録画用ブルーレイディスク BD-RE DL ひろびろワイドレーベルディスク くり返し録画用 50GB(2層) 1～2倍速記録対応 20枚入 BEV50WPG.20S","5810","116","100","9","¥ 6,270","","7","B0D471L348","","14.1","12.6","10.2","1070"
"Edifier MR5 モニタースピーカー「VGP2025金賞」「家電批評ベストバイ&PCスピーカー部門 Bluetooth6.0 最大110W出力 3WAY ハイレゾ対応 LDAC対応 マルチポイント接続 アンプ内蔵 有線 XLR/TRS/RCA/AUX入力 ブックシェルフ型 スピーカー スタジオ/作曲/音楽/映画鑑賞用 PC/テレビ 黒","5815","112","50","155","¥ 31,984","","1","B0DYJX3FYQ","B0FBKPKFLD","42.8","41.4","35.1","12370"
"Arvok 11 11.6 12 インチ用ラップトップ スリーブ ネオプレン ケース ノートパソコンバッグ 防水 ブリーフケース 保護用スリーブカバー （ワインレッド）","8840","24","","1435","¥ 7,318","","1","B01F6PMZQA","B0DGRMH5RK","33","23.9","3","200"
"BC-345XL BC-346XL BC-345 BC-346 キャノン 用 345 346 インク FINEカートリッジ 大容量 2個セット リサイクル ブラック + 3色カラー 対応 Canon PIXUS TS3330 TS3130S TS3130 TS203 TR4530 プリンターインク 残量表示 日本語取扱説明書付き","5838","89","","12","¥ 5,980","","1","B0FYMK45R6","B0H2QPR75Q","7.8","7.2","7.1","120"
"KEEPTIME モバイルモニター 13.5"" 2.5K IPS HDR 超軽量545g USB-C HDMI ノートPC/スマホ/ゲーム機対応","5825","105","50","328","¥ 10,437","","1","B0D1K8GX49","B0GXXVTNQQ","36.7","26.2","6.7","1520"
"Razer Tartarus Pro 左手キーパッド 20個のアナログ動作スイッチ ホイール付 8方向サムパッド 32キーすべてをカスタマイズ可能 【日本正規代理店保証品】 RZ07-03110100-R3M1","5826","123","50","960","¥ 19,980","¥ 19,980","3","B07ZDDDW1G","B07ZK8YK4Y","27.1","20.2","10.8","720"
"Anker Charging Station (7-in-1, 100W) ホワイト","5827","77","50","173","¥ 6,990","","2","B0CHFPK8P4","B0CS3DBBT2","15.5","12.8","5.4","540"
"「国内正規品」Keychron C1 Pro カスタム有線メカニカルキーボード JISレイアウト Mac・Wins・Linux ホワイト 赤軸","5828","90","50","12","¥ 7,920","","1","B0FPWXKNCK","B0FRRRD38K","40.6","20.2","6.9","1340"
"Wooting ラピッドトリガー ARM ANSI-US PBT Lekker Linear60 US 配列 (60 HE)","5829","95","50","156","¥ 34,300","","4","B0BP1W1PRL","","35","20.6","5.4","990"
"Satechi Slim EX ワイヤレスマウス Bluetooth・2.4GHz 静音クリック インディゴ","5426","23","","307","¥ 5,500","","1","B0H5NZ96HH","B0GGDQGXD8","15.9","10","3.5","168"
"YUNZII B75 PRO 75% ガスケットゲーミングキーボード 無線メカニカルキーボード BT/2.4G/有線 ワイヤレス ホットスワップ 搭載 RGB ノブ付きカスタムキーボード Mac/Win用 技適認証取得 (ダークグレー, ココアクリームV2スイッチ)","5839","97","","1272","¥ 11,199","","2","B0DD7MPVVN","B0D1BYRHDC","40","17","6.2","1320"
"テープライト 5m 6個セット usb ライト テープ リモコン 間接照明 調光調色 切断可能 高密度 マルチカラー 両面テープ 防水 16色 寝室 リビング キッチン パーティー クリスマス ハロウィン (× 6)","5777","9","","43","¥ 7,824","","","B0GZNBSQ89","B0FRN4396K","12","11.6","3.2","480"
"エプソン 純正 インクカートリッジ 歯ブラシ IC4CL78 4色パック","5840","115","50","143","¥ 8,235","¥ 8,235","30","B00N7H5LIY","B0725RD3T5","16.5","10.3","5.5","130"
"BUFFALO ブロードステーション リモートアクセス&Giga対応 有線LANルーター BHR-4GRV2","5845","119","100","736","¥ 5,535","¥ 5,535","24","B00KMIIW0K","B08FHPGXBX","24.1","22.1","5.8","660"
"TP-Link メッシュ WiFi 6 ルーター 【 PS5 / ipad/Nintendo Switch/iPhone シリーズ メーカー動作確認済み 】 Alexa 認定製品 スマートテレビ 対応 メッシュWi-Fi無線LANルーター スマートホーム AX1800 (1201+574Mbps) Deco X20 1ユニット","5854","115","50","193","¥ 9,800","¥ 11,900","6","B0873HWFGQ","B08FH4R3ZJ","22.3","19.8","12.6","1050"
"MAONO USB コンデンサーマイク ゲーミングマイク PC マイク 専用ソフトウェア RGBライティング ヘッドホン出力端子あり 単一指向性 プラグ＆プレイ YouTube Skype ゲーム実況 ライブ配信 在宅勤務 Windows/Mac/PS4/PS5対応(DM30 RGB)","5858","105","100","827","¥ 6,051","","1","B0BYZFL8RJ","B0BLT9PSR2","22.1","10.4","10.3","710"
"【整備済み品】 Apple iPad Pro 2022 11インチ (第4世代) Wi-Fi 256GB シルバー (整備済み品)","5861","50","","63","¥ 129,164","","1","B0BM8H6MCL","B0BM8H7BN7","26.3","19","5.3","850"
"Logicool G Blue Yeti ゲーミングマイク BM400BK USB コンデンサーマイク ゲーミング 実況 ストリーミング 配信 マイク ブラックアウト ブラック 黒 PC Mac PS5 PS4 国内正規品","5868","130","50","1410","¥ 22,418","¥ 22,418","1","B0822PMBTZ","B0CT8PQSLX","24.8","15.7","12.6","1750"
"Pulsar Gaming Gears eSports仕様 ゲーミングマウスパッド Superglide3 Glass Mousepad Bruce Lee 85th Edition ガラスパッド 滑り止め 国内正規品 49cm × 42cm (XL, Bruce Lee NAVY)","6196","61","","263","¥ 16,940","¥ 16,940","1","B0G482NBPC","B0GVRZQPJ2","53.4","47","2.7","1960"
"ウエスタンデジタル(Western Digital) WD Mac用ポータブルHDD 5TB USB Type-C タイムマシン対応 My Passport Ultra for Mac パスワード保護 / メーカー3年保証 WDBPMV0050BSL-WESN 国内正規代理店品","5871","128","50","7791","¥ 43,300","¥ 43,300","2","B07WZYM7RQ","B08756TYK4","30.7","18.9","8.9","390"
"Nextorage 日本メーカー CFexpress Type A & SDカード マルチスロットカードリーダー USB 10Gbps MFA1SE","5874","111","50","25","¥ 8,090","","1","B0FSKN1JVK","B0G5JYRWS3","11.7","10.1","2.2","110"
"サンワダイレクト LANケーブル 100m CAT6A 自作用 単線 伝送速度10Gbps ホワイト","7883","69","50","21","¥ 14,800","","1","B0BSKPC54H","B0CCTZDS9P","30","30","18","4500"
"USB Type C ケーブル【PD QC4.0対応 60w急速充電】Sweguard Type C to USB C ケーブル (3.5m,赤)","5878","59","","1194","¥ 5,524","","1","B08DJB3GFM","B0FNWDZ74L","24.6","9.5","1.7","150"
"TP-Link WiFi BE9300規格 5760Mbps(6GHz) + 2880Mbps (5GHz) + 688Mbps (2.4GHz) 中継機 RE655BE","5896","119","100","46","¥ 26,265","","11","B0DMZQPJB2","","20.6","14.1","11.9","660"
"Razer レイザー DeathAdder V4 Pro ゲーミングマウス ワイヤレス 無線 56gの超軽量 8,000Hzドングル同梱 高精度の第2世代 Focus Pro 45K オプティカルセンサー 超低遅延を実現する第2世代 HyperSpeed Wireless オプティカルスクロールホイール 第4世代 オプティカルマウススイッチ 150時間のバッテリー駆動","5898","49","50","22","¥ 24,980","¥ 24,980","2","B0FGX8N9KP","","18.8","15.7","6","400"
"Android 16 タブレット-Bvlary X95 10インチ タブレット Wi-Fiモデル 20GB+64GB+2TB拡張 6000mAh Type-C充電 8コアCPU 2.4G＆5G WiFi+BT5.2 顔認識/無線投影 YouTube WidevineL1対応/電子書籍/LINE/高齢者/キッズ Tablet ケース付き","5899","30","50","30","¥ 11,997","","1","B0H23YQFP3","B0HFRSM6XF","27.4","18.6","6.3","930"
"GPC Image Flex CRG054H CRG054H canon 用 互換トナー キャノン 対応 トナーカートリッジ054H 4本 MF216","5900","113","100","101","¥ 5,126","","3","B0BFDR7VKF","","31.9","17.5","17.3","2430"
"Suevery 32インチ 曲面 ゲーミングモニター ブラック 2560x1440 165Hz","7105","21","","34","¥ 24,699","","1","B0H7VPGT7G","B0HBVY1ZYP","76.1","49.3","14.9","5950"
"Kensington ケンジントン Pro Fit🄬 Ergo TB550 ワイヤレストラックボール 無線 特許取得ボール取り出しボタン Bluetooth@Low Energy 機能ボタン9個 K72196JP","5902","123","50","158","¥ 8,782","¥ 8,782","7","B0CCT331J3","B0F9JTB3Q4","19.2","10.6","6.1","270"
"サンワダイレクト モニター台 クランプ式 幅100cm×奥行26cm 天板下8.5cm 100-MR183W","6395","51","50","130","¥ 5,920","","1","B096DG34Z1","B096DPB3VB","102.7","27","8.8","4800"
"amesoba モニタースタンド トレイ (ウォールナット, Original 3個セット)","5912","66","","11","¥ 9,280","","1","B0DHSSSBNG","B0GBKZQ93G","23.8","19.4","12.9","1120"
"27インチ 200Hz 湾曲モニター 曲面 ディスプレイ LED ゲーミング FHD 1920x1080/非光沢/VAパネル/超薄型/HDR/1ms/FreeSync/HDMI/DisplayPort/スピーカー内蔵 Z-EDGE UG27","5914","37","","3212","¥ 38,752","","2","B08L3BHN3P","B0HC1RZQBB","71.4","52.7","22.6","5600"
"工匠藤井 デュアル ノートパソコン/モニターアーム 2画面 トレイ付き 15～32インチ対応 ガススプリング 高さ0～90cm VESA対応","5921","107","100","297","¥ 9,024","","1","B09W9W8ZFG","","43.9","32","18.4","6710"
"【革新版】ProtoArc XK01 TP 折りたたみキーボード Bluetooth 薄型 軽量 大型タッチパッド搭載 3台同時接続","5927","102","50","963","¥ 5,280","","2","B0FQ5QNM15","B0FQN32T13","26","17.6","4.4","570"
"リアルテック SSD 外付け 1.0TB スティック型 読込最大 450MB/秒 PS5/PS4対応(メーカー動作確認済) USB3.2Gen1 Type-A ブラック Realtek CFD RTKPD-1000U3A/GR TB","5929","118","100","119","¥ 19,980","","5","B0DQC7G5FM","B0DRHVYN49","12.3","9.6","1.7","20"
"ロジクール ワイヤレスマウス キーボード セット MK345n 無線 ワイヤレスコンボ windows chrome MK345 国内正規品","5938","89","50","12","¥ 5,573","¥ 5,573","1","B0D95NG68W","B0G1MQ1V12","52.8","19.2","4.4","910"
"StarTech.com USB 2.0 - SATA/IDE変換ケーブル 2.5/3.5インチSSD/HDDに対応 USB2SATAIDE","5864","60","","811","¥ 5,283","","1","B000VS4HDM","B01M3PY2HZ","21.4","15.1","5.2","400"
"IODATA BizDAS ポータブルHDD 4TB セキュリティ パスワードロック 耐衝撃 ハードウェア暗号化 HDPD-SUTC4","5942","100","","45","¥ 30,845","¥ 30,845","15","B0CYCBV8RR","B0CYPJN8FH","22.2","13.9","6","430"
"USB C 90度ケーブル 15フィート、90° USBCからUSBC 3.2 Gen 2x2 20Gbps データ転送ケーブル、5K/4K 60Hz モニターコード、240W PD タイプC 急速充電コード iPhone 17 16 Pro Max、iPad、MacBook、Galaxy S25用","5945","43","","156","¥ 9,000","","1","B0FNWW2H7G","B0F927SY26","22.2","13.3","3.8","181"
"4-in-1 USBA/Type C to USB-C/Lightning Cable","5946","62","","426","¥ 5,285","","1","B0D8BKFZZ4","B0H4KNJBND","17.5","11.5","1.6","41"
"10Gtek 10GBase-T SFP+モジュール, 10G-T 低発熱タイプ 光モジュール, 10Gカッパー, RJ-45 SFP+ CAT.6a, 80m, 光トランシーバ, Cisco SFP-10G-T-S、Meraki、Netgear、Ubiquiti UF-RJ45-10G、Mikrotik、D-Link、Supermicro、TP-Linkなど互換","6826","96","","12","¥ 10,299","","1","B09NVGPBH2","B0G5XCHN1M","9.5","3.5","1.9","50"
"キヤノン インクジェット複合機 TS8930 BLACK 写真も文字もくっきり。６色ハイブリッドインク搭載 ハイスペックモデル","5844","112","100","32","¥ 33,617","¥ 34,500","18","B0FVDC64ZK","","49.5","44.5","21.5","8280"
"KTC MEGAPAD 32インチ 4K 移動式スマートモニター Android 14 A32Q7S","5962","103","50","1171","¥ 109,800","","1","B0DQPBCP8L","B0H7RTCC2C","100","53","25","23000"
"HP プリンター A4 モバイル インクジェット OfficeJet 200 Mobile","5970","88","50","596","¥ 19,382","¥ 19,382","6","B01DN1T4AE","B0H6W1G1XR","49.5","24.3","11.8","3020"
"SDカード 128GB SDXC Class10 UHS-I V30 読取最大200MB/s SDSDXXD-128G-GN4IN & SOLOFISマルチクリーナー(SDカード 128GB)","7547","94","50","4","¥ 9,990","","3","B0GS5Z6QNN","B0GS5ZWL91","14.8","10.2","1.5","20"
"エレコム USB3.0 ハブ 7ポート ACアダプタ付(150cm) セルフ/バス両対応 マグネット付 MacBook / Surface Pro / Chromebook他 ノートPC Nintendo Switch対応 ブラック U3H-T706SBK","5976","134","50","756","¥ 6,010","¥ 6,143","26","B00FZTNX8W","B07PGMT34F","21.9","14.7","7.1","440"
"EAYHM モニター 台 USBハブ＆type-c充ポート付き 机上 台 ヘッドホンスタンド付き パソコン 台 引き出しとスマホホルダー内蔵 デスクシェルフ 耐荷重25kg","5977","77","","","¥ 5,699","","1","B0GWL1HCPD","B0DL8Z6FR8","62","27","5.5","2500"
"EPOMAKER Ajazz AK820 Pro ゲーミングキーボード 75% ガスケット搭載 メカニカルキーボード TFTスクリーン 3モード","5978","72","50","1478","¥ 8,870","","1","B0CMWK8YGY","B0CPFBML1Y","36.4","16.5","5.5","940"
"エレコム HDD 外付けハードディスク 4TB SeeQVault対応 テレビ録画 かんたん接続ガイド付き 静音ファンレス設計 ブラック ELD-QEN2040UBK","5990","217","50","621","¥ 26,969","","19","B08LDFWFP9","B08LQYV5VP","22.6","21","7.9","1160"
"エプソン 純正 インクカートリッジ ペン・糸 IC4CL6165B 4色パック","5991","98","50","42","¥ 6,100","¥ 6,100","36","B0C23W2117","","10.8","7.9","7.2","170"
"【Amazon.co.jp限定】AMD Ryzen 5 5600 Wraith Stealth Cooler 6C/12T/3.5GHz/65W 保証4年 100-100000927BOX_4Y CP1744","5996","4","","8508","¥ 37,899","¥ 37,899","1","B0H82NCB15","B0HC69L8DT","13.7","13.5","7.3","450"
"Fintie (フィンティー) ハイブリッド スリムケース iPad Air 13インチ M4/M3/M2 (2026/2025/2024)用 - [Pencilホルダー内蔵] 耐衝撃カバー クリア透明バックシェル付き コンポジションブック","6069","97","","3623","¥ 6,062","","6","B0D4M3XWVX","B0D3ZRGJYC","29.1","25.3","1.5","358"
"NIFBANGベッドデスク ラップデスク 車内用折りたたみPCパソコンテーブル 折りたたみベッドテーブル 高さや角度調整可能 ノートパソコンに対応 軽量 コンパクト 耐荷重30kg 勉強 食事 オフィスデスク マルチユース 腕保護リストレスト 収納便利 防水天板 エルゴノミックデザイン 一人暮らし ローテーブル(ベージュ)","6001","57","","","¥ 10,264","","1","B0FJF4YLM6","B0HGL76NQD","55.9","33","7.6","2018"
"EDILOCA ES106 SSD 250GB 2.5インチ 7mm SATA3 6Gb/s 3D NAND TLC採用 読み出し最大 520MB/s 書込み最大 450MB/s 内蔵型SSD エラー訂正機能 低消費電力 耐震 耐衝撃 メーカー3年保証","6002","89","","304","¥ 5,980","","1","B0C9ZZ9DXM","B0B65VJZ1J","14.9","8.7","1.7","70"
"EPSON 純正インクカートリッジ IC10CL97 10色パック","6006","123","100","99","¥ 24,173","¥ 24,173","28","B084XMYM9G","B0BQW1SZS2","36.3","10.6","8.2","1180"
"CLIP STUDIO TABMATE(クリップ スタジオ タブメイト)","6020","112","100","503","¥ 5,291","¥ 5,291","7","B092QNXM81","","23.2","14.8","6","180"
"【国内正規品】Keychron K2 Version 3 QMKワイヤレス・カスタムメカニカルキーボード、Bluetooth 5.2/有線接続、White LEDライト、Superスイッチ、Mac Windows Linux対応 (JISレイアウト, Keychron Superメカニカル赤軸)","6023","69","","10","¥ 12,760","","1","B0FF32VGRJ","B0FF2ZZT9K","36.3","20.3","7.1","1250"
"【整備済み品】中古 東/芝ノートパソコン軽量 S73 13.3フルHD ノートPC 第10世代Core i5/メモリ16GB/SSD 512GB/USB/HDMI/Wi-Fi/Bluetooth/超軽薄 Win 11 & Office 2021搭載","9314","1","","13","¥ 42,890","","1","B0H93WZ5MW","B0HGL3K9X2","43","30","12","1600"
"MageGee ミニ 60% ゲーミングキーボード、RGB バックライト 75キー 超コンパクトキーボード、TS75 人間工学的 防水 メカニカルフィーリング オフィスコンピューターキーボード PC、MAC、PS4、Xbox ONE ゲーマー用","8652","41","","2504","¥ 7,762","","1","B0G79HSF6N","B0D97RS2Z9","33.9","17.2","4.4","689"
"エプソン 純正インク IB07KB ブラック 大容量 2本セット","6031","144","100","56","¥ 12,100","","35","B09K6VS2PH","","15.7","11.9","6.2","210"
"Hanye SSD 1TB 内蔵 SATA M.2 2280 SATA III 6.0Gb/s M200 正規代理店品 メーカー3年保証","6037","44","","111","¥ 19,511","","2","B0BY22479C","B09R8X37FX","13.2","9.9","1.4","40"
"Monster Storage PicoGo 超小型外付けSSD 256GB USB3.2 Gen1 Type-C 直挿し 最大読出450 MB/s・書込400 MB/s わずか2.8 g","6040","99","100","103","¥ 7,429","","1","B0F8V7WVY7","B0F8V6LB1M","12.8","9.9","1.4","10"
"RAOYI USBメモリ 8GB USB 2.0 50個セットフラッシュドライブ 黒","6048","46","","3","¥ 23,799","","1","B09T35TL56","B07F33N9R8","19.4","15.3","6.4","550"
"Pasoul 27インチ LED 液晶モニター T27i-10 狭額縁 薄型 ディスプレイ 180日保証 1080P フルHD「整備済み品」","5148","5","","","¥ 9,900","","1","B0HFM8PWNV","","50","40","30","8000"
"Dell 液晶ディスプレイ E2225HSM 21.5型/1920×1080/HDMI、DisplayPort、VGA/ブラック/スピーカー：あり","6059","100","100","45","¥ 13,798","¥ 15,306","11","B0F4PDQYKB","","57.7","38.3","16.4","5790"
"Thermalright AQUA ELITE 240 ARGB 水冷CPUクーラー、240クーラーサイズ、120mm PWMファン×2、S-FDBベアリング、AMD/AM4、INTEL LGA1150/1151/1155/1156/1200/2011/1700 用ARGBオールインワン水冷クーラー。","6061","71","","48","¥ 5,652","","1","B0C4DRGRMF","B0CHBHB2FP","33.5","22.6","13.9","1830"
"Amazon限定 Seagate 外付けHDD 6TB CMR テレビ録画/nasne 対応 静音 HD-SGDA6U3-B/NA","6063","124","200","88","¥ 38,480","¥ 38,480","1","B0FHNVFZZ3","B0FJRVCJFG","21.7","21.3","7.8","1090"
"サンワダイレクト 空中マウス Bluetooth タッチパッド付き USB-C充電式 リモコン型 プレゼン 寝ながら 400-MABT188N","6064","102","50","33","¥ 5,680","","1","B0F51W3KQ9","B0F52RRV64","14.6","6.3","2.4","70"
"Vansuny 5パック 64GB USB Cフラッシュドライブ 2イン1 OTG USB 3.0 + USB Cメモリースティック キーチェーン付き デュアルタイプCサムドライブ フォトスティック ジャンプドライブ Androidスマートフォン コンピューター MacBook タブレット PC用","6064","70","","9801","¥ 9,613","","1","B0BBDS5X8W","B0B6HQRDZW","14.5","8.6","1.4","59"
"キヤノン CANON 純正品 トナーカートリッジ 072H CRG-072H","6071","98","50","13","¥ 14,827","","22","B0DJFG5JSM","","36.3","13.7","11","850"
"Surface go 3 Core 第 10 世代(3.9Ghz max)タブレット, Office 搭載 2in1 ノートパソコン 10.5 インチ (1920 x 1280),8GBメモリ SSD 128GB サーフェス Windows 11 pro ノートPC 薄型 キーボード付き(整備済み品) (整備済み品)","6073","7","","3","¥ 42,330","","1","B0HCMHX59H","B0HCNCK1C4","39.8","29.1","10.5","1260"
"Cable Matters 102025-13","7531","80","","229","¥ 6,228","","1","B07L15MZTR","B07LH6VLTM","19","18.8","3.8","259"
"HP 純正 インクカートリッジ HP 711 ブラック 80ml","6087","100","","1585","¥ 7,665","¥ 7,665","4","B0098NYEPC","B0G3ZZR7SG","12.2","11.7","3.7","150"
"ESR iPad Air 11インチ ケース M4/M3/M2（2026/2025/2024）iPad Air 第5/4世代（2022/2020）対応 着脱式マグネット 分離式 単体使用可能 縦横対応 9段階調整スタンド 自動スリープ/ウェイク Pencil Pro/USB-C対応 Shiftシリーズ ネイビーブルー","6088","82","","2828","¥ 7,999","","1","B0CF1MTXWX","B0CGJ7W2GS","27.3","21.1","2.4","540"
"MUXER USB C マグネット アダプタ L字、40Gbps USB4高速データ転送、140W PD急速充電、8K 60Hz HD映像信号伝送、USB4.0 Type-C マグネット オス メス 変換、PC/MacBook/iPhone/Androidスマホ/Switchおよび他のUSB-Cデバイス対応 (140Wアダプタ 10個)","6092","79","","155","¥ 7,099","","1","B0D6KP958S","B0D6KQ781H","13.1","7.1","2.6","60"
"Acer ゲーミングヘッドセット 4WAY接続 2.4GHz USB/Type-C/Bluetooth 5.4/有線 -42dBノイズ低減 脱着式ノイズキャンマイク 20ms超低遅延7.1chサラウンド 超长時間バッテリー 残量表示 通気性イヤーマフ ワイヤレスヘッドホン PS5/PS4/PC/Switch/Xbox対応 ホワイト","6095","78","200","30","¥ 7,998","","1","B0H2TW1KS1","B0H7RKQ5BV","22.2","17","10.9","470"
"【Amazon.co.jp限定】 ASUS Chromebook クロームブック CX1405CTA 14インチ インテル N50 4GB メモリ 64GB eMMC バッテリー駆動 11時間 重量1.38kg 日本語キーボード ゼロタッチ登録対応 Wi-Fi 6 ピュアグレー CX1405CTA-S60604","6097","103","50","33","¥ 39,980","¥ 39,980","1","B0FRFN58PL","B0HDB1TW86","45.7","36.3","7.6","2150"
"【Amazon.co.jp限定】Dell AW3225DM-A 31.5インチ 曲面 Alienware ゲーミングモニター","6102","117","50","11","¥ 36,800","¥ 43,077","4","B0F23FHHRK","B0G4MGVV6Y","83.8","52.5","24","13580"
"iOCHOW スキャナー S1 ドキュメントスキャナー 800万画素 非破壊 USB書画カメラ OCR 最大A3サイズ LEDライト オフィス 教室 Windows OSシステム対応","7488","68","100","1038","¥ 18,400","","1","B08V8PXVL1","B0FS68783H","48.5","14.6","11.4","1570"
"Geyes 折りたたみ式Bluetoothキーボード ポータブル折りたたみワイヤレスキーボード ポケットサイズ アルミニウム合金ハウジング iPhone、iPad、タブレット、ラップトップ、スマートフォン用 (ブラック)","6115","12","50","1344","¥ 7,000","","2","B07BBLHJ2R","B0D53ZF431","23.2","9","2.7","308"
"パンドウイット シールド LANケーブル Cat6A プロ仕様 40m 青 STP6X40MBU","6115","41","","33","¥ 26,438","","2","B06XD5YHLG","B07ZJ9T7PC","61","36","4","1592"
"ロジクール Webカメラ フルHD 1080P オートフォーカス 自動光補正 ノイズリダクション マイク 広視野角 90度 プライバシーシャッター Brio 500 C940GR グラファイト ウェブカメラ ウェブカム PC Mac ノートパソコン Zoom Skype 国内正規品 1年間メーカー保証","6126","61","50","71","¥ 17,800","¥ 17,800","4","B0BFW55CRZ","B0HFZTQD9H","12.7","8.8","5.5","180"
"【New】キヤノン レーザービームプリンター Satera LBP171 モノクロ連続印刷33枚/分 用紙カセット搭載 有線LAN対応A4モノクロモデル","6127","114","","14","¥ 14,800","¥ 14,800","20","B0DJFFTQSC","B0DKXRG474","47.3","43.4","28.4","9400"
"タブレット 10インチ - 14GB+64GB+1TB拡張 8コアCPU Widevine L1対応 5000mAhバッテリー 1280*800IPS画面 顔認識 無線投影 画面分割 WiFi 6 BT5.4 5MP/8MPカメラ 児童守護 GMS認証 Type-C充電 安心の1年間メーカー保証付","6128","81","100","152","¥ 7,999","","1","B0H38SSXMQ","B0HCV4VZ2H","26.9","18.2","5.2","810"
"SanDisk 64GB ウルトラデュアルドライブ 豪華なUSB Type-C - 最大400MB/秒 - SDDDC4-064G-GAM46。","6134","91","","2337","¥ 10,713","","10","B0CLBP758P","B0D6N6J3PZ","15","10","1.1","18"
"LINKUP - AVA5 PCIE 5.0 ライザーケーブル | RTX5090 RX9070 GPUに対応 | x16 128GB/s速度 | PCIe 4.0と互換性あり | ITX用に設計され | デュアルリバース ブラック 19cm（全長 21cm）","8177","8","","72","¥ 12,845","","1","B0D3QTTGCJ","B0D71M4Q1S","24.6","15.3","2","120"
"SINEX パソコンケース 同色ポーチ付きセット 15-16インチ【3in1】 PCスタンド・リストレスト一体型 15°/35°2段階角度調整","6139","53","","3","¥ 5,180","","2","B0G6KVPM4W","B0HDHTYYFN","39.8","28.3","2.8","540"
"Wooolken 1GB フラッシュドライブ 100個パック USB 2.0 サムドライブ メモリースティック","6140","34","","389","¥ 42,557","","1","B0C7CJDR8X","B0H467KDT7","21.7","12.3","6.6","1021"
"【Android16 タブレット AI最適化OS】TABWEE T80 android タブレット 10インチ、 薄型、12GB+64GB+2TB拡張","6141","55","50","","¥ 19,999","","2","B0GQGHF2LZ","B0HGXR2QF9","32.6","20.1","3.9","940"
"Redragon 無線キーボード マウスセット bluetooth/2.4G/有線 ゲーミングキーボード 75% テンキーレス メカニカルタッチ","6149","84","50","501","¥ 6,254","","1","B0FDK68VHM","B0GWLBZKSX","41.7","19.3","5.1","890"
"GRAPHT マイクアーム ロープロファイル 日本メーカー MICROPHONE ARM 【ピュアホワイト】白 耐荷重 2kg 360度回転 角度調節可能 3/8 5/8 マイククリップ付き クランプ式 配信 レコーディング ゲーム実況 ストリーミング 下から","6153","11","50","106","¥ 6,980","","3","B0FSK9MK33","B0DXV96DZH","39.9","18.9","7.9","1190"
"IPROKKO 2パック 32インチ ブルーライトスクリーンプロテクター 16:9コンピューターモニター用","4648","51","","417","¥ 31,756","","1","B0F9YGRFKD","B0CZ964KFJ","70.8","39.8","1.3","454"
"ワイヤレスコンバーター（スタンダードモデル）スマホ、Apple Watchで電動シャッター操作が可能 Bluetooth接続 USB給電 本体防水仕様（3年保証）三和・文化等 シャッターメーカー11社リモコン対応 (屋外設置/1ch)","4373","50","","80","¥ 22,330","","1","B08HMM6F5S","B08HMNWY9B","21.3","16.5","7.1","280"
"タブレット 10インチ 90Hz 【2026夏新登場＆Gemini AI搭載】 android タブレット wi-fiモデル 128GB+24GB+2TB拡張 8コアCPU T7250 薄型 軽量 6000mAh大容量バッテリー+Type-C充電+GPS搭載、アンドロイド tablet WidevineL1対応 保護フイルム貼り済み 子供の学習・シニア利用・動画視聴・電子書籍・Web会議対応","6159","57","100","5","¥ 13,999","","1","B0H2PBJKPL","","27.2","19","7.4","900"
"サンワサプライ テンキー・マウスセット ワイヤレス 静音 USB A接続 ブラック NT-WL23SETBK","6419","79","","67","¥ 5,287","¥ 5,409","23","B097P3PK25","B0FWCKRZ7K","22.6","21.8","4","300"
"MonsGeek FUN68 HE 0.005mm ラピッドトリガー 65% 英語配列 有線モデル 高コスパ ゲーミングキーボード ホワイト","6167","98","50","61","¥ 6,630","","1","B0FVDM8QVR","B0FRMJLS29","35.9","19.8","6.2","830"
"FURMAN ファーマン パワー・ディストリビューター ブラック SS-6B SS6B","6172","16","","648","¥ 10,000","","5","B0002D017M","","28.6","18.8","5.9","1352"
"SanDisk 512GB 高耐久性ビデオmicroSDXCカード ダッシュカムおよびホームモニタリングシステム用アダプター付き - C10、U3、V30、4K UHD、Micro SDカード-SDSQQNR-512G-GN6IA","6174","96","50","16491","¥ 19,980","","19","B0CD2MXZ34","B0DBP8HT6Q","23.2","18","1.2","30"
"SteelSeries ゲーミングキーボード ミニサイズ Apex 9 Mini JP 有線 日本語配列 レスポンスタイム0.2ms 搭載 アクチュエーションポイント1.0mm設定可能 OptiPoint光学スイッチ 高耐久 64830 ブラック","7817","96","50","87","¥ 13,759","¥ 23,000","6","B0BB15Q4BK","B0FPWWRPN4","39.3","18.3","7.6","970"
"NiPoGi ミニpc AMD Ryzen 7 7735HS 8C/16T 4.75GHz 24GB RAM+512GB SSD 2.5G LAN","6175","117","100","667","¥ 89,998","","1","B0GXVR3NWN","B0H7VKMG31","16.4","16.3","11.2","1320"
"ERGOTRON エルゴトロン ノートブックトレー 1.1~5.4kgまで VESA規格対応 50-193-200","6191","104","50","490","¥ 5,660","¥ 5,660","7","B000ECUMTS","","27.9","27.8","10.4","1400"
"【Amazon.co.jp限定】 TP-Link 5ポート 全ポート10G対応 10G マルチギガビット アンマネージ プラグ&プレイ Omada対応 スイッチングハブ DS105X","6198","88","50","128","¥ 30,510","¥ 30,510","1","B0D3GDKGBL","","31.6","24.1","6.9","1590"
"Gvyugke CT300 ゲーミングヘッドセット ワイヤレス 2.4G USBアダプター Bluetooth 5.3 有線 3WAY接続 PS5 PS4 PC Switch スマートフォン Xbox One 対応 50MMドライバー 低遅延 40H再生 マイク付き ブラック","7638","100","100","31","¥ 5,700","","1","B0GL1VCZ1W","B0HC871RHS","20.9","20.6","10.4","540"
"Silicon Power Gaming DDR4 16GBキット(2 x 8GB) SP016GXLZU360BDD Zenith RGB RAM Gaming 3600MHz (PC4 28800) C18 ヒートシンクを備えたデスクトップメモリモジュール ブラック","6201","47","","38","¥ 27,832","","23","B09VZR8C1S","B093YPY855","14.7","10","1.4","109"
"ProGrade Digital SDXC UHS-II V90 イリジウム 1TB メモリーカード (最大書込300MB/s 最大読込275MB/s) プログレードデジタル 正規輸入品","6984","81","","45","¥ 156,145","","2","B0F6MV4D5Z","B0FK4NB66T","5.4","4.3","1.1","10"
"CPUスタンド キャスター付き コンパクトPCワゴン コの字型サイドテーブル 2段木製棚 高さ調整 耐荷重50kg ホワイト","6203","90","","52","¥ 5,609","","1","B0G3P9GW21","B0FH9LLT1Z","44.8","35.1","10.1","5750"
"3年保証 キャノン (CANON)用 詰め替え 互換インクボトル BCI-330 XL BCI-380 他 顔料ブラック 1000ml ベルカラー","10256","18","","40","¥ 7,210","","1","B01BTNG8B6","B0B81VKHFT","26.5","12.9","8.7","1110"
"GMKtec ミニPC G11初登場 AMD Ryzen Embedded R2514搭載 16GB DDR4＋256GB SSD動作より安定 最大3.7GHz｜4K×3画面出力・2.5GLAN HDMI 2.1/Type-C・Win11 Pro Mini PC USB3.2×4 企業・学習向け 超小型 高性能 (16GB+256GB)","6211","99","50","173","¥ 49,599","","1","B0GVM77HWB","B0HGRYNBVY","18.8","18.5","11.2","1260"
"RAPOO MT750 マウス 無線 ワイヤレス Bluetooth 5.0/2.4GHz 充電式 4段階DPI切替 最大4台デバイス接続対応 エルゴノミクス設計 6プログラムボタン 光学マウス 側ローラー付き PC/MacBook/パソコン/タブレット対応 ブラック","6217","88","","907","¥ 5,999","","1","B08RZ2NLSK","B0HF85RQHZ","18.8","13.5","5.2","200"
"Headwolf Titan 1 Android16 タブレット 8インチ Dimensity 8300、2.5K 144Hz高リフレッシュレート 24GB LPDDR5X+256GB UFS 4.0 2TB拡張、上下デュアルスピーカー、7200mAh USB3.0 HDMI/DP対応、simフリー タブレット WiFi-6E WidevineL1 光センサー GPS 8MP+16MP","6219","130","100","220","¥ 49,998","","2","B0FVF9MLBH","","23.3","20.7","3.7","690"
"Apple 13インチiPad Pro（M5）：Ultra Retina XDR ディスプレイ、256GB、横向きの12MP フロント/バックカメラ、LiDAR スキャナ、Apple N1によるWi-Fi 7、Face ID、一日中使えるバッテリー - スペースブラック","6220","115","50","19","¥ 269,800","¥ 269,800","1","B0FWDDF91F","B0FWJQRZGZ","33","26.3","7.9","1350"
"CY アダプタ PCIE4.0 PCI-Express 16x からデュアル Oculink SFF-8612 SFF-8611 8x VROC アダプタ（マザーボード SSD グラフィックカード用）","6221","50","","1","¥ 7,799","","1","B0F4RRKKK6","B0F5FCNW97","11","11","1","11"
"Comfyable Puffy ノートパソコンケース 13/14インチ 持ち手付き キルティング パファー バッグ MacBook Air/Pro M5 M4 M3 M2 Pro/Max 2026 MacBook Neo A18 対応, ライトピンク","6227","75","","108","¥ 5,699","","1","B0FWJTG75Y","B0D1KJRC9Y","38.5","28.4","4.2","480"
"ロジクール ワイヤレスマウス 無線 マウス M720r トライアスロンマウス Bluetooth Unifying 8ボタン ワイヤレス 電池寿命最大24ケ月 windows mac Chrome Android iPad OS ブラック 国内正規品","6229","130","100","815","¥ 8,282","¥ 8,282","22","B07RGVZ1VG","","15.4","11.8","6.2","160"
"Starway ポケットwifi モバイル wi-fi 国内50GB 365日間 海外旅行 車載対応","6246","44","","69","¥ 7,760","","1","B0DYNT7Z4K","B0DYNSHZBW","17.2","12.3","4.2","310"
"iiyama モニター ディスプレイ XUB2490HSUH-B1 23.8インチ Windows Hello 対応カメラ搭載 フルHD IPS方式 高さ調整 角度調整 縦回転 HDMI DisplayPort USBハブ 全ケーブル付 3年保証 国内サポート","6249","65","","21","¥ 20,980","","7","B0CVQW38ZR","B0DXF91B8W","60.9","40.8","16.1","6490"
"【整備済み品】ノートPC ダイナブック/Win11/第7世代 Core i3/SSD128GB/メモリ8GB/MS Office H&B 2019","6250","30","","10","¥ 13,616","","1","B0G4CCYXN3","B0G4BP277Q","40.5","28.4","11.4","2680"
"キヤノン 純正 トナーカートリッジ 057H 10000枚 黒","6252","92","50","45","¥ 27,700","","47","B0816Y9GKP","","36.4","22.9","10.4","1370"
"EMEET M3 会議用マイクスピーカー Bluetoothスピーカーフォン","6253","76","50","1930","¥ 17,991","","1","B09X55YZ35","B0GWQVB331","17.4","16.6","6.2","640"
"サンワダイレクト ビデオキャプチャー キャプチャーボード PC不要 RCA入力 VHS/8mmビデオテープ 録画 デジタル化 400-MEDI053","6266","66","","15","¥ 16,920","","1","B0FQHRKLLR","B0FRLSWQHQ","14.5","8.3","7.2","270"
"TP-Link Deco X50 3P AX3000メッシュWi-Fi 6システム 3個パック","6271","122","100","72","¥ 27,720","","22","B0BSTMHPJ2","","36.3","18","12.4","2020"
"ロボロビン デュアル ノートパソコン/モニターアーム トレイ付き 高度12-60cm 11-17インチパソコン 15-27インチモニター対応","6276","92","50","280","¥ 8,343","","1","B0C2HF2V2H","","44","32","18","5580"
"エプソン EPSON 純正インクカートリッジ MED-BK メダマヤキ ブラック 3本セット EW-056A EW-456A 対応","6280","130","50","29","¥ 5,740","","19","B0DHC77YLL","","25","12","2","100"
"エレコム ラピッドトリガー ゲーミングキーボード V custom VK600A 有線 着脱式 磁気式アナログ検知スイッチ搭載 テンキーレス 65％サイズ ブラック TK-VK600ABK","6285","201","100","147","¥ 6,737","","27","B0CHFK4SXP","B0DSP5FZM7","39.9","22","5.2","1430"
"MINISFORUM NAB9S MINI PC|Intel Core i9 13900HK|SODIMM DDR4対応|ベアボーンキット","6286","65","","3","¥ 71,199","","1","B0H6JDQM7L","B0H71HDSJY","19","17","13","1500"
"Razer Huntsman V3 HE Magnetic Tenkeyless 8KHz ゲーミングキーボード US配列 ラピッドトリガー","6286","35","","12","¥ 20,980","¥ 20,980","1","B0GX2219JY","B0HC9Q5TML","41.1","18.5","5.1","1210"
"【5年データ復旧・無償交換保証】GIGASTONE SDカード 256GB 4K Camera Pro SDXC UHS-I A1 V30 U3 C10 100 MB/s 高速 4K UHD & Full HD ビデオ Canon Nikon Sony Pentax Kodak Olympus Panasonicなど デジタルカメラ 一眼レフ対応 ミニケース1個付き","8029","104","100","2638","¥ 16,990","","1","B093BRY83H","B0F4R7RZZR","13.7","8.7","1.2","18"
"OYCS 27インチ ゲーミングモニター 200Hz VAパネル FHD 1920×1080 1ms高速応答 HDR 湾曲1800R コントラスト4000：1 FreeSync G-Sync互換 sRGB99％ 低ブルーライト VESA対応 Switch PS4 PS5 X-BOX対応 ゲーム用 PCモニター ディスプレイ (27インチ, VA/FHD/200Hz/内蔵スピーカー)","6450","54","","99","¥ 16,200","","1","B0G5WLX9NW","B0H6WSB55J","128.5","50","48","6000"
"Fanxiang F372S USBメモリ 256GB USB-C＆USB-A両対応 IP68防水 最大速度150MB/s デュアルコネクタ","6290","27","","141","¥ 5,280","","1","B0H418YV7J","B0H9L4SYSM","11.8","9.8","1.4","20"
"Next Level Racing レーシングコックピット GT-Lite GTポジション 折りたたみ可能 主要ハンドルコントローラー対応 NLR-S021 【国内正規品】","6291","107","","4226","¥ 36,182","¥ 36,182","6","B08N79HM77","B0GMNHKFP5","79","61","22.9","16700"
"Thermalright FW360ウルトラARGBブラックCPU AIOクーラー、PC 360仕様ウォータークーラーシステム、480x480解像度のIPS液晶画面、AM5&Intel LGA1700/1851、高性能ポンプ、2.88インチ LCDスクリーン","7222","45","","3","¥ 12,222","","1","B0F32V9TSP","B0DK54M8NW","45.6","22.8","13.9","2530"
"REALFORCE GX1Plus キーボード 45g 日本語配列 ブラック ダークグレー 静電容量無接点方式 ラピッドトリガー 8000Hz 最速0.1mm作動 PBT リアルフォース 日本製 かな無し X1PC11","6296","105","100","13","¥ 33,440","","2","B0G7RLC8BB","B0G7RSD83M","44.9","23.4","7.6","1750"
"三和電子 [最新型 静音] JLX2-TPML-8YT-SK ジョイスティックレバー/動作可変スイッチ搭載/平鉄板/シャフトカバー付","6297","85","50","37","¥ 5,490","","1","B0F8Q5XCS6","","10.6","9.4","7.4","170"
"エレコム WiFi ルーター Wi-Fi6 11ax 2402+800Mbps フレッツ光・光コラボ IPv6(IPoE)対応 WRC-X3200GST3-B","6298","91","50","314","¥ 6,800","","34","B08R6RW6ZY","B0B38BWT8R","25.5","22.5","8.5","1000"
"ロジテックダイレクト SSD ケース USB4 40Gbps M.2 NVMe 2230/2242/2260/2280 LHR-LPNVWU4CD","6311","70","50","90","¥ 6,780","","1","B0D9Y3DNXX","","13.2","11.9","4.4","300"
"Cable Matters USB Cable 200M","6311","48","","5197","¥ 6,182","","1","B00BFZGVHK","B0H45D245C","26.4","23.3","3.7","390"
"Fenge モニター台 卓上 パソコン台 2段 108cm 木製 アクリル製引き出し ディスプレイ台 机上ラック pc台 卓上収納 ブラウン黒","6312","95","50","65","¥ 6,928","","1","B0CRHFGTBL","B0FM3GWS4R","106.5","29","10.8","7300"
"GEVOK Crucial RAM 32GB DDR5 5200MHz (or 4800MHz) Laptop Memory CT32G52C42S5","6317","91","","140","¥ 92,451","","36","B0BNXYRR9Y","B0GTG8NL73","16.7","11.5","1.4","30"
"IODATA RECBOX レコーディングHDD 12TB テレビ録画対応 ダビング対応 リモート視聴 HVL-RS12/E","9043","46","","4","¥ 98,800","¥ 98,800","2","B0FK98BJYD","B0CLKN9W9S","27.9","21.7","15.2","1800"
"エプソン 純正 インクカートリッジ 風船 IC6CL50A2 6色パック","6322","113","100","84","¥ 6,220","¥ 6,809","43","B0C23W5BCP","","11","9.1","8","210"
"I-O DATA アイ・オー・データ テレビ録画&パソコン両対応 外付けハードディスク HDD-UTBシリーズ HDD-UT2KB","6324","64","50","17","¥ 17,820","","33","B0CW1KGML6","","22.5","22.1","7.7","900"
"【めちゃ早】 AOHI 急速充電器 100W Type-C 2ポート ケーブル付属(1.2ｍ) 【Gan+搭載(超小型・高効率充電・過熱防止)/PD PPS/PSE認証/折りたたみ式プラグ/充電ステータスライト】 MacBook pro iPhone Android Samsung Galaxy ipad AirPods Switch MAGCUBE イエロー EN-MC100YL2","6326","58","","576","¥ 6,556","¥ 6,556","2","B0D7HD5B9V","B0FJVRH3J4","12.6","10.2","3.9","370"
"サンワダイレクト ペン型マウス Bluetooth 5ボタン 【戻る・進む】 DPI切り替え 充電式 無線 レッド 400-MAWB231R","6332","62","","27","¥ 5,680","","1","B0H3RPXWSG","B0H3STGKS6","17.5","9","3.2","70"
"AOC ACT3512 ゲーミングイヤホン ワイヤレス Bluetoothと2.4G 2台同時無線接続/AIチューニング 4マイク搭載/20ms未満の超低遅延/臨場感あふれる3Dサウンド ＆通話/LEDバッテリー ディスプレイ/急速充電/IPX4防水 Meta Quest 3/2, PS5/4, VR, Switch, PC, Phone対応","6333","45","300","1488","¥ 13,999","","1","B0GY2TD49M","B0HGFHJZFC","11.6","9.7","4.6","20"
"GIGABYTE B850 EAGLE WIFI6E - AMD Ryzen 用 ATX スタンダード・ゲーミングマザーボード MB6675","6338","105","","246","¥ 21,606","¥ 21,606","37","B0DQLJWRDX","B0DXZ43BWH","33.7","27.4","8.2","1660"
"Logitech Pro Mouse ロジテックトライアスロン M720","6344","116","50","877","¥ 5,720","","6","B07F49GP4V","","14.2","9.2","5.1","170"
"タブレット Android 16 タブレット 10インチ Wi-Fiモデル Gemini AI搭載 軽量 薄型 64GB ROM+22GB RAM","6346","6","","12","¥ 17,999","","2","B0GRGCHCK2","B0HBWHTD3M","30.7","19.5","2.9","750"
"SCYTHE サイズ サイドフロー型CPUクーラー MUGEN6 BLACK EDITION デュアルファン 6mm径ヒートパイプx6 SCMG-6000DBE","6349","112","100","216","¥ 5,245","¥ 5,245","7","B0CV3NFPKW","","20.3","18.5","15.6","1751"
"ECI-BR3119-4P","6354","76","50","42","¥ 5,450","","16","B0B5X4R385","","10.8","8.7","7.9","290"
"Fintie SmartShellケースfor Kindle Paperwhite","7151","48","","5983","¥ 15,600","","6","B01G8GFZLS","B00WWBF19K","17.5","13.7","1.4","100"
"モバイルモニター スタンド - デスク用 - 360°回転ベース 全アルミニウムボディ 内蔵スパナ付き 安定した描画タブレットスタンド 折りたたみ式 省スペース","5546","26","","73","¥ 7,999","","1","B0FTZ72816","B0H4ZSCQBH","39.8","17","6.7","1130"
"【整備済み品】Apple iPad Pro 12.9インチ (第４世代) Wi-Fi + Cellular 256GB シルバー","6377","47","","44","¥ 96,800","","3","B0956RVQNZ","B09BYNNSWD","31","24.6","6.8","890"
"Wantek UCビジネスヘッドセット","6379","68","","2368","¥ 16,079","","3","B07NQ6JQ3D","B0H416PSMQ","17.5","14.3","5.4","240"
"NEC LAVIE EX タブレット 11.1インチ wi-fiモデル Android 15 Qualcomm Snapdragon 8 Gen 3 8GB 256GB 広視野角液晶 シーシェル TAB11301","6473","84","","","¥ 90,000","¥ 90,000","2","B0GSQ9HNBR","B0H1QQXML4","28.1","19.1","4.4","1000"
"Ediloca EN705 SSD 500GB PCIe Gen4 NVMe M.2 2280 PS5動作確認済み 最大読込: 4300MB/s 最大書き：1700MB/s 内蔵SSD ダイナミック SLC キャッシュ ノートパソコンとデスクトップパソコン に対応 メーカー5年保証","6386","20","","715","¥ 13,980","","1","B0H74QPHTT","B0H39WNVGX","11.6","6.6","1.7","40"
"fairikabe ARグラスケーブル USBCからUSBC 2M / 6.6フィート、ARグラスUSB-Cモニターポータブルモニター用4K60Hz USB Cディスプレイケーブル、Xreal One、Xreal Air、その他用10GB 60W 4Kビデオケーブル","6391","86","","104","¥ 8,210","","1","B0FN2TDL68","B0FVWVF2GT","20.5","16.6","1.3","60"
"Insta360 Link 2 Webカメラ 4K ウェブカメラ PTZ 1/2インチセンサー AI追跡 ジンバル搭载 HDR AIノイズキャンセリング マイク付き 配信 ビデオ通話 会議用 Zoom Teams Twitchに対応 PC/Windows/Mac用","6405","100","50","1431","¥ 30,900","","9","B0DDTH3HX8","B0F37Z6L49","17.9","12.7","9.5","490"
"PHIXERO 外付けSSD 512GB USB 3.2 Gen2 2-in-1 USB-C/USB-A 最大1100MB/秒 スライド式 SSD","6406","25","100","8","¥ 15,980","","1","B0H6PDRYPP","B0HC4NJC17","13.9","8.8","1.9","60"
"MSI CLUTCH GM41 LIGHTWEIGHT WIRELESS ゲーミングマウス 軽量 高精度センサー搭載 MS496 ブラック","6412","107","","762","¥ 7,980","","27","B094N6J1WP","B0FCY5RQF3","20.8","17.5","5.7","381"
"AGVEE 2パック1mート ライトニング延長ケーブル 編組メスからオスエクステンダー フル機能コード iPhone iPad対応 データ同期 ビデオオーディオ 充電コネクタアダプター ダークグレー","6418","51","","1488","¥ 5,214","","2","B0BHNP21G5","B0DBNTP7V2","12.1","11","1.7","68"
"エレコム WiFi 中継器 Wi-Fi6 1201 + 574 Mbps EasyMesh対応 WSC-X1800GS2-B","7134","114","","16","¥ 6,500","","17","B0CLD155GW","B0CLD9TZMB","25.5","22.4","5.4","800"
"トランセンド ポータブルSSD 2TB 高速 最大1050 MB/s 超小型,軽量11g Type-A/Type-C 両対応 iPhone15 & iPhone16 対応/PS4/PS5 動作確認済 USB 10Gbps シルバー TS2TESD310S-E 【Amazon.co.jp限定】","6419","77","","373","¥ 118,000","¥ 118,000","1","B0DWX57MX4","B0DXDRPYDX","12.8","7.6","2.1","40"
"エレコム 電源タップ タワー型 延長コード [ 12個口 & USB×5ポート ] 固定パーツ付 雷ガード ほこりシャッター 2m ブラック ECT-0720BK","6420","116","50","4736","¥ 5,990","¥ 5,990","5","B08HLFTN17","B0DBLDRKDB","21.2","13.9","13.7","870"
"LIANLI 背面コネクトATX対応ミドルタワーPCケース O11 Vision Compact Black 背面コネクトATX/E-ATX（幅280mm以下） / ATX/Micro ATX/Mini-ITX規格対応 ビジョンモード/メッシュパネルモード選択可能 日本正規代理店品","7810","71","","457","¥ 14,836","¥ 14,836","3","B0DJT8SRD6","B0FQ64WSZ9","54.9","52.3","40.9","14265"
"ACASIS セルフパワー対応 USB 3.2ハブ 16ポート（USB-A 3.2 × 8ポート ＋ USB-C 3.2 × 8ポート）","6425","45","50","264","¥ 8,999","","1","B0G13RQ2SZ","B0H4KYRF5B","24","11","7.2","750"
"ロジクール ERGO K860 エルゴノミック スプリット キーボード bluetooth Unifying Windows Mac ワイヤレスキーボード ワイヤレス 無線 パームレスト 国内正規品 グラファイト","6435","118","100","462","¥ 19,191","¥ 19,191","1","B098NS87PF","B09967Z73T","49.1","25.2","5.8","1730"
"CAT6A 40m 屋外高耐久LANケーブル(カテゴリ6A) PE(ポリエチレン) ２重被覆 STPシールド 安心の国内ブランド品 屋外用 PoEカメラやPCのLAN通信ケーブルに 紫外線 耐候性 防水 10Gbps 10GBASE-T 屋外LAN配線 屋外仕様 十字セパレーター コネクター付き 通電検査済 (黒) KC-12904","6436","41","","61","¥ 8,280","","1","B0BFFP2LBN","B0G2Y3KVXJ","34.5","27.2","7.5","2000"
"HIDISC microSDカード 256GB SDXC [スイッチ対応] 保存 データ転送 バックアップ 写真 動画 CLASS10 UHS-I対応 ゲーミング HDMCSDX256GSW-WOA","6440","151","100","30","¥ 6,400","","10","B09GKDNHZV","","14","9.5","1.7","20"
"Kingston (キングストン) Fury Renegade DDR5 シルバー/ブラック XMP 16GB 7200MT/s CL38 DIMM デスクトップゲーム用メモリ - KF572C38RS-16","9091","9","","4","¥ 57,108","","1","B0BMQS8PZR","B0FV2HJDM5","17.1","12.9","1.7","90"
"東芝 3.5インチ HDD 内蔵 2TB DT02ABA200","6445","111","100","23","¥ 13,380","","10","B08KNRM8Y2","","21.6","16.6","3.4","420"
"ソニー(SONY) ブルーレイ BD-RE くり返し録画用 25GB Vシリーズ 20BNE1VLPS2 (20枚入 )","6449","152","100","196","¥ 5,180","","31","B01JR3PMLC","","14.2","12.5","10.2","1000"
"JAPANNEXT 10.5インチ モバイルモニター JN-MD-IPS105FHDPR","6451","100","100","58","¥ 13,118","¥ 13,118","16","B0CPLCVMZX","B0H8GF4XLG","27.4","21.6","6.4","1250"
"【整備済み品】 富士通 ノートパソコン u937 Office搭载,13.3インチ 中古 パソコン(1920X1080) win11 Pro,軽量 ノートPC メモリ8GB SSD 256GB,薄型 laptop 1kg以下","7083","68","","35","¥ 20,800","","1","B0DJP6Z8X2","B0GWKYBLVK","40.1","29.7","10.7","1460"
"サンワサプライ つめ折れ防止カテゴリ6LANケーブル(ブルー・40m) KB-T6TS-40BLN","6453","62","","34","¥ 11,870","","12","B09Q5S23DG","B09QQGYLZD","32.1","29.1","7.7","1700"
"エプソン 純正 インクカートリッジ イルカ IC8CL33 8色パック","8864","80","","312","¥ 7,000","¥ 7,773","15","B0000DJLNU","B001TUZON8","12","11.9","7.7","380"
"Anker 565 USB-C ハブ (11-in-1)","6467","109","50","2608","¥ 9,190","","1","B09Q5V9G5P","","23.9","10.1","1.9","140"
"【Amazon.co.jp限定】iiyama ゲーミングモニター 湾曲 34インチ ディスプレイ 240Hz 0.4ms 1500R VA方式 UWQHD ウルトラワイド 高さ調整 角度調整 HDMI DisplayPort USBハブ ケーブル付 3年保証 国内サポート G-MASTER GCB3486WQSCP-B1J","6469","83","50","28","¥ 59,980","¥ 59,980","1","B0GHNG7X6L","","98","49","19","13000"
"SUKEBON マジックキーボード 13インチiPad Air（M2/M3/M4）/12.9インチiPad Pro（第3～6世代）対応","10003","48","","335","¥ 12,599","","1","B0CYH13Y3R","B0DG4ZJMTJ","30.7","24","2.6","1250"
"PLDHPRO タブレットホルダー 車のダッシュボード用 フロントガラス用 折りたたみ式 アルミニウム合金製 iPadマウントスタンド 真空吸盤付き 5.1~15.6インチの携帯電話に対応 トラック キッチン 壁用","6473","68","","63","¥ 6,576","","1","B0FGCN743Z","B0GQ5YSF58","17.6","11.1","9.5","458"
"ロジクール ワイヤレスマウス トラックボール 無線 M575S Bluetooth Unifying 5ボタン トラックボールマウス ワイヤレス マウス windows mac iPad Chrome 電池寿命最大24ケ月 M575 ブラック 国内正規品","6480","101","","19395","¥ 8,950","","7","B08L4ZR79Q","B0GK6TC8N3","16.2","10.6","5.2","220"
"Kensington ExpertMouse ワイヤレストラックボール K72359JP 【日本語パッケージ】","6481","133","50","731","¥ 12,727","¥ 12,727","5","B01BXS17N6","B0BF4ZLHSQ","17","15","11","560"
"KEY TO COMBAT 27インチ WQHD 240Hz ゲーミングモニター FAST IPS HDR400 sRGB100% DCI-P3 95% Adaptive-Sync ブルーライトカット スピーカー付き RGBライト付き 多角度調整 VESAマウント対応 KTC モニター H27E6S","6486","116","50","12","¥ 25,252","","1","B0GGZ49QMY","","77","47.5","17","7990"
"【第12世代 Intel N95 初登場｜N97より高速】GMKtec ミニPC G3SミニPC mini pc 8GB+512GB SSD 小型デスクトップ 4コア/4スレッド 最大3.4GHz TDP 6W省電力高速有線LAN/WIFI5/BT/静音 高速熱放散 豊富なインターフェース USB×4/HDMI×2 (Intel N95 DDR4 8GB+512GB)","6506","46","","614","¥ 40,598","","1","B0H3P2MKLD","B0HGS1PBSG","16.3","15.8","10.7","880"
"KOORUI モニター 24インチ 144Hz ゲーミングモニター フルHD VAパネル (HDMI/VGA/AdaptiveSync/VESA対応/ブルーライト軽減) E2412K","6516","77","50","1504","¥ 12,780","","1","B0GQH4SM7B","B0HCB55WGG","52","49","17","3600"
"ロボロビン ノートパソコンアーム 安定性UPトレイ付き 11-17インチ対応 高さ12~60cm 多角度調整 360度回転 広く可動域","6522","89","50","245","¥ 6,383","","1","B0B3X5T8TR","","44.3","30","17.9","3880"
"【Amazon.co.jp限定】Elgato Stream Deck Scissor Keys: OBS、Twitch、Discord、Teams、Photoshopなどに対応したカスタマイズ可能なマクロキー搭載ワークフローコントローラー(Windows 10・macOS 13以降対応)","6534","81","50","46","¥ 20,480","¥ 20,480","1","B0DTYM2QFF","","18.9","15.5","8.4","600"
"沖データ トナーカートリッジ シアン (C844dnw/835dnwt/835dnw/824dn) 標準","5750","76","50","35","¥ 13,000","¥ 13,000","23","B07NRF19JW","","40.8","12.2","6.8","580"
"PC3-10600 DDR3-1333MHz 8GB×2枚 ノートPC用メモリ 16GB DDR3 10600S CL9 204Pin SO-DIMM","6538","73","","134","¥ 6,250","","1","B089SXQW6K","B0CW2TN449","10.4","7.6","1","80"
"【整備済み品】ノートパソコン Let`s note CF-LV1 ■第11世代Core i5-1145G7 - メモリ16GB - SSD256GB - 14型FHD(1920x1080) - Webカメラ - WiFi&Bluetooth - USB Type-C - Win11 - MS Office 2021 (整備済み品)","6543","35","","10","¥ 49,800","","1","B0FWC9Y49P","B0FWCL61W3","42.7","27.5","9","1790"
"HUANUO (ファーノー) ノートパソコンアーム トレイ付モニターアーム ガススプリング式 耐荷重9kg","6546","95","50","43","¥ 5,399","","1","B0FVSCTWDZ","","41.5","31.8","12.8","3810"
"MUXER マグネット USB C 変換 アダプタ I字型【USB4 40Gbps高速データ転送/140W PD急速充電/8K 60Hz HD映像信号伝送】 Type C 変換 アダプタ オス メス 変換 Thunderbolt 3 MacBook Pro/Airやその他Type-Cデバイスに対応 (140Wアダプタ10個)","6548","62","","3","¥ 7,099","","1","B0D2KH4481","B0G6VQ77S2","12.9","6.1","1.4","50"
"横トナ ブラザー用 TN299XL 大容量 互換トナー 4色セット 対応機種: HL-L3240CDW MFC-L3780CDW","7338","76","50","37","¥ 14,280","","1","B0CZ94NFL4","B0GZ21HG7K","34.1","21.2","13.2","1890"
"BUFFALO USB3.1(Gen.1)対応 アルミ素材&薄型ポータブルHDD 2TB シルバー HD-PUS2.0U3-SVD","6556","82","","50","¥ 21,800","","13","B07KGK7MHZ","B07KKVMGLT","15.8","13","5","200"
"BUFFALO バッファロー 外付けSSD ブラック 1.0TB SSD-PUT1.0U3-BKA","6557","139","50","432","¥ 24,800","","56","B095SLK8WZ","","15.6","12.6","3.7","60"
"Logicool G ゲーミングヘッドセット G325 LIGHTSPEED G325-WH Bluetooth ワイヤレス ヘッドセット 軽量 212g 24kHz 内蔵 マイク付き 充電 24時間連続使用可能 USB ドングル ゲーミング ホワイト PS5 PS4 Xbox PC ヘッドホン ヘッドフォン 国内正規品","6558","92","","25","¥ 12,200","¥ 12,200","1","B0GJ461W3N","B0GJX6PQ7C","20.3","19.4","8.9","390"
"SteelSeries ゲーミングマウスパッド QcK Perf XL - Balance プログレード設計 ネオプレンゴム ズレ防止 ステッチ縫い 長時間プレイでも快適 90cm×40cm×0.35cm 63433","6559","85","","222","¥ 7,627","¥ 7,627","2","B0DVZ4YT8T","B0FWBHMLWL","45.3","12.5","12.3","760"
"3.5mm PCヘッドセットマイク付きそして通話コントロール、携帯電話ヘッドホン用コンピュータSkypeビジネスソフトフォンコールセンターオフィス、クリスタルクリアチャット、ウルトラコンフォート(グレー)","6561","74","","3821","¥ 17,059","","4","B07CYNCHN5","B0HFQYS6SL","17.3","14.3","5.7","209"
"NEC LAVIE 国内生産 ノートパソコン 26春 N15 15.6 型 AMD Ryzen™ 7 7735U メモリ32GB SSD1TB DVDスーパーマルチドライブ搭載 Microsoft 365 Personal (24か月版)搭載 Windows11 バッテリー駆動7.9時間 重量2.1kg パールホワイト","6563","57","50","4","¥ 179,800","¥ 179,800","1","B0GPW3N6NR","B0GQSMZHF5","41.9","34.4","7.9","3070"
"【国内正規品】Thrustmaster スラストマスター Raceline Pedals III PS5/PS4/Xbox/PC対応 モジュール式ペダルセット [playstation_5,playstation_4,xbox_series_x,xbox_series_s,xbox_one,windows]","6567","38","","125","¥ 26,800","¥ 26,800","2","B0DPXFT28V","","40.5","40.5","12.5","5400"
"3メートル Thunderbolt 5 USB80G 240Wケーブル 最大120Gの帯域幅ブースト、8K/16K HDディスプレイ、240W高速充電、Thunderbolt 4、USB4、Thunderbolt 3、USB-C","6570","30","","19","¥ 6,999","","4","B0FQJQK2C3","B0FB3JRR1Z","25.5","17.4","1.7","150"
"ASUS ゲーミングマウス ワイヤレス TUF Gaming M4 Wireless 12,000dpi デュアルワイヤレスモード 軽量62グラム 6つのプログラム可能なボタン 抗菌 無線 国内正規品 ブラック","6571","91","","79","¥ 8,061","¥ 8,061","1","B09QLY53QX","B0FD33Q3CN","18.4","13.6","5.6","190"
"エプソン スキャナー GT-X980 (フラットベッド/A4/6400dpi)","6572","87","50","137","¥ 76,000","¥ 76,000","15","B00N9L6J02","B09PDZYCK1","63","44","25","9000"
"ZeroneTeck USB C - USB 織物充電ケーブル 3.3フィート 2パック","8077","40","","237","¥ 5,600","","1","B0D9W8NB5Q","B0DZW4WGF3","17.2","6.2","1.7","68"
"Apple 11 インチ iPad Air (M3): Apple Intelligence のために設計、Liquid Retina ディスプレイ、1TB、12MP フロント/バックカメラ、Wi-Fi 6E + 5G 携帯電話通信、 Touch ID、一日中使えるバッテリー - スペースグレイ","6576","74","","30","¥ 212,801","¥ 212,801","1","B0DZ86LHSC","B0F4XHKV9Q","29.5","22.6","8.2","1100"
"IODATA SlimSSD ポータブルSSD 256GB 超小型 USB Type-C SSPJ-UTC256/E","6585","141","50","102","¥ 9,900","¥ 16,808","9","B0FL7FCHCV","B0G7BZ8LGN","13","7.9","2.2","20"
"ORICO 3.5インチ HDDケース 5ベイ USB3.0接続 ハードディスクケース 磁気吸着デザイン 18TB*5台対応 SATA3.0 5ベイ ドライブケース アダプター付 ABS素材 工具不要 扇風機あり 自動睡眠 DS500U3（HDD含めず）","6587","79","50","185","¥ 13,279","","1","B08BJP82DN","B0G7WP7GBS","30.9","25.9","18.6","2180"
"TEAMGROUP (旧称 Team) T-CREATE CLASSIC DDR5 5600MHz 64GB (32GBx2枚) CL46 PC5-44800 デスクトップ用 メモリ JEDEC準拠品 ブラック Intel XMP3.0 / AMD EXPO 両対応【TEAMジャパン 国内正規品・メーカー無期限保証】CTCCD564G5600HC46DC01","6587","78","50","11","¥ 116,880","","1","B0CHF51ZJQ","B0GQ8PZBXK","15.8","9","1.4","110"
"Sandisk MicroSDカード256GB Ultra UHS I 150MB/s R スマートフォン用 SDSQUAC-256G-GN6MN","6590","18","","46491","¥ 6,999","","34","B0B7NV73PJ","B0D8P9YL2N","23.2","17.9","1.5","100"
"Fintie ケース 7インチ/6.8インチ Kindle Paperwhite(第12/第11世代-2024/2021)とKindle Colorsoftシグネチャーエディション - スリム折りたたみ式スタンドカバー 自動ウェイク/スリープ Kindle Paperwhite 2024用 ネイビー","6594","27","","6374","¥ 12,261","","2","B0DKXHNMWM","B0DKD73QTG","28.3","19.3","1.6","180"
"ASUS TUF GAMING B550M-PLUS AMD Ryzen 5000シリーズ AM4 対応 B550 搭載 mATX マザーボード/国内正規代理店品","6597","62","100","172","¥ 14,945","¥ 14,945","5","B089Y17DNC","B08HZTRRS1","28","26.8","6.8","1660"
"HD-SGDA2U3-B(バッファロー)","6604","133","100","64","¥ 19,500","","3","B0F4KBKPJT","","21.5","21.4","7.7","920"
"GMKtec AI Mini PC AMD Ryzen AI 9 HX-370（最大5.1GHz 12コア/24スレッド）搭載 32GB LPDDR5X 7500MHz + 1TB PCIe 4.0 SSD Windows 11 Pro対応 3画面8K出力 デュアル2.5Gbps LAN・WiFi 6・USB4・Oculinkポート 静音設計 EVO-X1","7906","28","","43","¥ 183,999","","1","B0DPCH1NQN","B0HGS75JM8","18.6","18.6","13.5","1780"
"【国内正規品】Keychron C3 Pro カスタムゲーミングキーボード、コンパクトテンキーレスレイアウト/USレイアウト/赤色LEDバックライト/有線接続メカニカルキーボード/ガスケットマウント/Mac Windows Linux対応 (Keychron K Pro赤軸)","6607","94","50","42","¥ 5,544","","3","B0DBHWT2LY","B0DBHX3ZMF","41.3","18.6","5.1","1100"
"FIFINE Stream Controller 15LCDキー配列 左手デバイス D6W","6610","72","50","92","¥ 9,009","","1","B0DT155DMP","B0F7K6K8LT","17.3","12.2","6.7","350"
"MENTUME Android 16 タブレット 11インチ 大画面 アンドロイド16 M70 タブレット Wi-Fiモデル GPS搭載 20GB+128GB 8コアCPU 90Hz Gemini AI Widevine L1/Netflix対応 顔認証 無線投影 FMラジオ PD18W急速充電 8000mAh大容量バッテリー GMS/TELEC認証 日本語仕様書 グレー","6617","85","50","92","¥ 14,997","","1","B0FX98GR9R","B0HCNC2X5V","28.3","19.6","5","830"
"エレコム トラックボールマウス bitra 静音 親指操作 Bluetooth 無線2.4GHz 2台マルチペアリング 5ボタン 専用収納ケース付 ブラック M-MT1MRSABK","6626","178","100","83","¥ 10,780","¥ 10,780","1","B0FZG9YGYC","B0G11PBQ7C","16.4","10.1","6.4","210"
"Type C to Type C ケーブル 10M 100W 急速充電 PD対応 5Gbps 高速転送 4K@120Hz、8K@60Hz 映像出力 USB Gen2x2 USB-C to USB-C ケーブル スマートフォン・タブレット・パソコン・ゲーム機等タイプC機器対応48根尼龙编织","7994","41","","63","¥ 6,760","","1","B0GZ2Z664L","B0GZD6ZLS5","25.9","21.3","4.2","410"
"サンワサプライ VGA信号HDMI変換コンバーター VGA-CVHD2","6638","81","","99","¥ 5,218","¥ 5,218","44","B00KYK4H6Y","B07H5DB9XC","19.2","10.8","3.2","130"
"GIGASTONE マイクロsdカード 64GB 2個セット U3 C10 microSDXC 90MB/s 4K Ultra HD 撮影 SDアダプター2枚付き","6644","71","","4062","¥ 6,980","","1","B087G3RFR6","B0FJDFQYFS","13.8","8.8","1.3","9"
"24MS500-B 23.8型 フルHDディスプレイ","6647","91","50","10","¥ 11,698","","12","B0DFLL7ZPH","","62.5","41.8","14.1","3900"
"Intel® Core™ Ultra 7 プロセッサー 270K Plus 24コア (8 Pコア + 16 Eコア) 最大5.5 GHz","6661","90","50","232","¥ 60,676","","31","B0GMLJCBBM","","11.7","10.5","4.7","70"
"イーサプライ 機器収納ラック 鍵付き 中型 棚板3枚 幅45cm 奥行42cm 高さ70cm 冷却ファン取付対応 ホワイト EEX-MCBX01WH","6770","50","","29","¥ 31,320","","1","B0BX3137KX","B0BXCSK4NH","74.9","49.8","46.8","20000"
"Anyking モバイルモニター 14インチ デュアルモニター トリプルモニター ポータブルモニター FHD 1080P IPSパネル 100% sRGB広色域 非光沢 3画面拡張 軽量 薄型 スピーカー内蔵 ノートパソコン画面エクステンダー 13〜17.3インチノートPC対応 USB-C/HDMI接続 プラグアンドプレイ Windows/Mac対応 S10 Pro","6669","1","","4","¥ 29,980","","1","B0HC36MDC7","B0HGKVTC2D","40","28","6","2000"
"Jabra ヘッドセット Evolve 65 TE UC Stereo 充電スタンド付き Link390a付 ワイヤレス 両耳 ノイズ低減 USB-A","6670","80","","19","¥ 18,200","¥ 18,200","1","B0DBLSTGYM","B0H1BYVGWV","21.3","18.4","9.8","520"
"SteelSeries ラピッドトリガー 搭載 ゲーミングキーボード テンキーレス 有線 日本語配列 OmniPointスイッチ 有機ELディスプレイ搭載 Apex Pro TKL (2023) 64861 ブラック","6671","158","100","747","¥ 15,434","¥ 15,434","8","B0BJ1SSV1P","B0H8H25T6J","39.8","18.2","6.1","1270"
"ドラゴンクエスト ホリパッド for Windows PC スティックストレートタイプ スライム","6674","125","50","90","¥ 5,980","","3","B0F431KJR9","B0F4347PQT","18","16.3","7.9","320"
"【整備済み品】富士 通 2in1ノートパソコン V727【本体のみ】／第7世代Core M3／12.3型タッチパネル1920×1080／メモリ 8GB／SSD 128GB／Win 11／MS Office 2019／USB 3.1／Type-C／無線WIFI／オーディオ内蔵／WEBカメラ／初期設定済","6675","93","100","192","¥ 9,600","","1","B0FF3FLF8C","B0FF3GP3T1","42.2","31","6.9","1380"
"CORSAIR SF850 2024モデル ATX3.1 対応 850W SFX規格 フルモジュラー PC電源ユニット CP-9020256-JP","6675","90","50","24","¥ 25,582","¥ 25,582","6","B0D3ZYLJC1","B0DDL8KKPY","31.5","16.2","10.4","2200"
"BIGBIGER 750G USB3.0 Type C HDD 2in1外付け ハードディスク 2.5インチ機械式 超薄型 ポータブルHDD ノートパソコン/PC/TV/Mac/PS4/XBox対応 テレビ録画 (黒) (ブラック, 750, GB)","6602","37","","3","¥ 5,680","","1","B0D3V2Z4KZ","B0GKZ56L3R","13.5","12","1.6","160"
"HP プリンター A4 インクジェット 複合機 Envy 6120 Wi-Fi 無線LAN対応","6709","76","50","59","¥ 16,590","¥ 16,590","1","B0FBLSJTDK","B0FR89PJ25","47.5","41.3","17.2","6830"
"DODOLIVE iPad用 キーボードケース Air 11インチ(2024)(M2) 第6世代/Air 5/4(2022/2020) 360度回転式 マジックキーボード JIS日本語配列 遅延なしBluetooth5.3 超高精度トラックパッド搭載 7色バックライト付き ペンホルダー搭載 Magic Keyboard 日本語説明書 透明ブルー","7221","15","","96","¥ 13,980","","1","B0FCB9GCW6","B0FVTC3G1L","26","22","2.2","906"
"ABLAZE USBメモリ 64GB 5本セット, USB3.0 + Type-C デュアルコネクタ フラッシュドラ","6687","87","","384","¥ 6,988","","1","B0FR4VCM6T","B0GVFFLMPG","11.5","6.5","1.2","50"
"【整備済み品】ノートパソコン Surface Pro 6 12.3型 Core i5-8350U 8GB SSD256GB","6692","71","","23","¥ 68,900","","2","B0DW3L5NBZ","B0H4Z1GPP9","35.5","26","9","1450"
"ZTE Cute Wi-Fi ポケット wifi モバイルルーター【薄型軽量・長時間稼働・日本正規品】","6695","60","50","238","¥ 6,480","","1","B09JSFKKC9","","11.5","8.3","5.1","200"
"GIGASTONE マイクロsdカード 16GB 10個セット microSDHC U1 C10 85MB/s UHS-I フルHD 動画 SDアダプター2枚付き","9105","61","","608","¥ 15,980","","1","B07RPVH4QQ","B0FQTQCZVT","18.2","11.8","1","20"
"Beelink MINI-S13 Pro ミニ PC、第 13 世代 Intel Twin Lake N150 プロセッサ (最大 3.60GHz) ミニコンピューター、16GB RAM 512GB SSD ビジネス PC、シングル HDMI/WiFi 6/BT 5.2/2*2.5G LAN/WOL","6697","40","","4","¥ 57,900","","1","B0DPQ95PDN","B0DWMSF53F","14.2","13.3","9.4","750"
"[Intel認証] Cable Matters 80Gbps Thunderbolt 5 ケーブル 1.5m ブラック","6708","27","","1146","¥ 6,599","","1","B0H2DDBY61","B0D7Z96M1V","22","15.8","1.3","110"
"ラトックシステム USB シリアル コンバーター RS-USB602F","6711","65","50","8","¥ 5,278","","15","B0D7PZL1DV","B0D7Q4KMRJ","15.8","8.5","4.2","110"
"RSHTECH USBハブ 10ポート USB3.2 10Gbps高速転送 電源付き USB-Cx6 USB-Ax4（H10C6）","6725","28","","7","¥ 6,750","","1","B0H1Q85NXK","B0H2M53748","22.4","10.6","5.4","500"
"ブラザー工業 【brother純正】トナーカートリッジ TN-61J 対応型番:HL-L6400DW、HL-L5200DW、HL-L5100DN、MFC-L6900DW、MFC-L5755DW 他","6733","80","50","27","¥ 6,609","¥ 6,609","42","B01FHQD0YE","B092TNXF9F","36.4","25","15.1","1000"
"Anker USB-C ハブ (6-in-1, イーサネット) LE","6736","22","50","","¥ 7,990","","1","B0GHQCHG19","","21.7","10.3","2.8","120"
"Omiodo 15.6"" モバイルモニター 1920*1080 HDR IPS液晶 超薄設計 ポータブルモニター","6741","101","50","207","¥ 8,099","","1","B0FP2DZP6X","B0H9X6QHC8","38.9","24.8","3.9","1220"
"【正規品】 ネットギア NETGEAR スイッチングハブ 5ポート 1G 金属筐体 静音ファンレス リミテッドライフタイムハードウェア保証 アンマネージスイッチ GS105-500JPS","6746","124","50","654","¥ 5,354","¥ 5,354","15","B00OMEVUJK","B0CH9FWW1R","24.1","15.5","6.2","540"
"EMEET M2 スピーカーフォン 会議用マイクスピーカー ブラック","6747","77","50","1082","¥ 19,120","","1","B07FMLLMKD","B0F4XCXSH3","21","15.9","5.6","540"
"MSI ゲーミングモニター MAG 325CQPF E18 31.5インチ/WQHD/RAPID VA/180Hz/0.5ms（GTG、最小値）/FreeSync/HDR/HDMI2.0b/DP1.4a/VESA100/メーカー3年保証","6747","29","","","¥ 42,800","¥ 42,800","2","B0H86SKFYW","B0H1PXT7GG","94.2","54","21.3","12000"
"エレコム LANケーブル CAT6 15m 爪折れ防止コネクタ cat6準拠 スタンダード ホワイト LD-GPN/WH15","7290","37","","208","¥ 5,500","","1","B00KA2NJ5G","B096XLYC61","31.2","20.9","3.2","260"
"Raspberry Pi 公式のカメラモジュール V3 (可視光 [SC0872], 4K, 1080p, 720p, ウルトラコンパクト, 16:9, MP4, HDR, オートフォーカス, 広角レンズ, webcam)","6758","105","50","19","¥ 5,800","","5","B0CJN53SDD","B0CJNB3JV1","10.2","6","1.8","10"
"KEEPTIME モバイルモニター 14” 2K IPS 3:2画像比 超軽量460g USB-C HDMI対応 ノートPC/スマホ/ゲーム機対応","6760","123","100","189","¥ 10,440","","1","B0DBL3QSPX","B0GXYD8SPT","37.2","25.2","6.9","1460"
"IODATA SSD 外付け 1TB グレー×ブラック 小型 スティック ポータブル 高速転送 テレビ録画対応 PS5/PS4(動作確認済) USB 3.2 Gen 2 日本メーカー SSPS-US1GRE","6763","209","100","211","¥ 21,980","","6","B0CKKHM1C5","B0CPHG4V8C","13","8.1","1.6","20"
"WINTEN SSD 1TB 2.5インチ 最大読取550MB/s 最大書込480MB/s 3D NAND SATA3 6Gb/s 3年保証 WT200-SSD-1TB","6766","84","","1513","¥ 20,480","","2","B088DCNDH6","B0CP372VFM","13.8","10.8","2.2","80"
"Sencela 2025新登場 iPad Air 11インチ 日本語配列キーボードケース 遅延なし・高精度 360度回転式 マジックキーボード バックライト・ペンホルダー搭載 iPad Air 11インチ（M3・2025 / M2・2024）・Air 4/5/6・iPad Pro 11 (第1/2/3/4世代) 対応 オーロラブルー","10568","36","","130","¥ 13,980","","1","B0FC6BP455","B0FC2M1MY4","27.8","22","2.8","970"
"ASRock マザーボード B550M Pro RS AMD Ryzen 5000 シリーズ CPU (Soket AM4) 対応 B550 チップセット Micro ATX DDR4 マザーボード 【国内正規代理店品】","6774","97","50","61","¥ 12,800","¥ 16,141","10","B0D49NPKGF","","27.9","26.6","6.3","1110"
"【国内正規代理店品】Raspberry Pi4 ModelB 4GB ラズベリーパイ4 技適対応品【RS・OKdo版】","6775","109","50","596","¥ 22,297","","7","B081YD3VL5","","9.6","7.1","2.7","60"
"【整備済み品】ノートパソコン office搭載 Windows11 15.6インチ 国産大手メーカー シリーズ 高性能 第8世代 Corei3 WIFI/HDMI/カメラ搭載/無線マウス付属 テレワーク応援/在宅勤務 初心者向け 中古ノートPC 整備済み品 メモリ 4GB/高速SSD 128GB","6842","40","","","¥ 22,980","","1","B0H39KFS56","B0H36YZ4X1","49","29","7","1000"
"エレコム SSD 外付け 500GB USB3.2 (Gen1) 小型USBメモリ型 ホワイト ESD-EXS0500GWH","6789","96","","87","¥ 14,000","","13","B0CJLK9MFK","B0CVB11HNH","15.6","12.3","3.2","60"
"mouse A4 【3年保証】 ノートパソコン (Ryzen 5 7430U プロセッサ AMD Radeon グラフィックス 16GB メモリ 500GB SSD 14インチ フルHD Windows 11 ビジネス テレワーク) A4A5U01SR1SIW1104AZ","6790","86","50","19","¥ 119,980","¥ 119,980","1","B0DTJRXV2Y","B0H6X6B81Y","41.4","31.8","9.9","2360"
"【整備済み品】レノボ ThinkPad T14s,14インチ ノートパソコン Office2021搭载,1.28kg 軽量 パソコン AMD Ryzen5 Pro(第10世代i7よりも高性能) 16GB 256GBSSD,中古 ビジネス ノートPC Windows 11 Pro 日本語キーボード搭載","7596","73","100","12","¥ 62,821","","1","B0F93PLLW2","","43.4","31.7","10.5","1930"
"【Amazon.co.jp限定】 HP 純正 インクカートリッジ HP 178 4色マルチパック","5583","104","50","686","¥ 5,664","¥ 5,664","1","B07HRWP8SH","B0FJTKN9P5","13.7","13.4","3.9","140"
"エプソン プリンター エコタンク搭載 A4インクジェット複合機 EW-M873T 6色 独立インク 無線・有線LAN 前面給紙 自動両面印刷","6795","130","100","308","¥ 56,580","¥ 62,000","25","B08R33C2VK","B0D5GFH8KK","52.6","44.1","24.9","11170"
"ロジクール Bluetooth ソーラー ワイヤレスキーボード Signature Slim Solar+ K980GR 太陽光や室内照などによる電力供給 満充電で最大4ヶ月間使用可能 キーボード テンキー 最長10年間使用可能な堅牢なバッテリー 日本語配列 無線 ワイヤレス K980 Windows Mac Chrome iPhone iPad グラファイト 国内正規品","6799","100","50","31","¥ 14,900","¥ 14,900","1","B0FWJPJ6P7","B0FYDDQJYL","44.8","16.5","3.2","910"
"ProGrade Digital CFexpress 4.0 Type B イリジウム 1.6TB メモリーカード (最大読込3550MB/s 最大書込3000MB/s VPG400) 正規輸入品","6800","65","","22","¥ 185,895","","1","B0GTZ7RNTB","B0CPXZ6XQ4","11.5","7.6","1.2","25"
"Acer モニター 27インチ フルHD 非光沢 IPS 120Hz 1ms(VRB) sRGB 99% AdaptiveSync HDMI 1.4 ミニD-Sub 15ピン スピーカー・ヘッドフォン端子搭載 VESAマウント対応 ゼロフレームデザイン 3年保証(パネルは1年) KA272G0bmix","6801","108","50","29","¥ 15,280","¥ 15,280","2","B0DL5VRDMR","B0FJLJW3XK","68.7","44.7","14.4","5000"
"エレコム 外付けSSD 1TB USB3.2 (Gen2)対応 スライド式 Type-C/Type-A コネクタ iPhone/iPad 対応 ブラック ESD-EAWA1000GBK","6803","171","100","158","¥ 29,800","","3","B0DYD4KTD3","B0DYDRC61J","15.5","12.2","3.4","90"
"GIGABYTE NVIDIA Geforce RTX5060Ti 搭載 グラフィックボード GDDR7 8GB ギガバイト 【国内正規代理店品】GV-N506TGAMING OC-8GD","6811","42","","6","¥ 82,626","¥ 82,626","3","B0F534HRX6","B0F5HGHMCK","36.6","18.7","8.2","1130"
"EDILOCA EN605 SSD 1TB PCIe Gen 3.0×4 NVMe1.3 M.2 2280 内蔵型SSD 3D TLC NANDフラッシュ搭載 最大読み込み2150MB/s ノートパソコンとデスクトップパソコン に対応 3年保証 (1TB)","6813","70","","181","¥ 19,980","","1","B0BKRH2ZPQ","B0H1J6HY4Y","11.4","6.7","1.9","40"
"【純正品】ブラザー インクカートリッジ LC511-4PK 4色パック(エコパッケージ) 対応型番:画像③をご確認ください。 プリンター コピー機 TohokuAce","6816","67","100","9","¥ 5,780","","1","B0G29QYCCL","","20","15","2.5","170"
"ファイティングスティック mini for Windows® PC","6816","116","100","100","¥ 5,980","¥ 5,980","3","B0D4V4D64K","","24.5","17.8","9.8","600"
"【マイナンバーカード対応】ソニー 非接触ICカードリーダー/ライター usb PaSoRi RC-S380(e-Tax/eLTAX対応 確定申告 マイナポイント 行政手続き 交通系ICカード残高確認)Windows対応","6817","124","50","8127","¥ 6,500","","4","B00948CGAG","B09M478B7L","23.1","11.6","2","70"
"Logicool G PRO X SUPERLIGHT ワイヤレス ゲーミングマウス G-PPD-003WL-BK 軽量 63g未満 LIGHTSPEED HERO 25Kセンサー POWERPLAY 無線 充電 対応 ゲーミング マウス ブラック PC windows 国内正規品","6818","156","50","9040","¥ 15,500","","13","B08LVCQLSH","B0FX3RQV79","17.6","11.7","6.9","320"
"Ewin エルゴノミクス キーボード 左右分離型 JIS配列 Bluetooth 2.4G両対応 テンキー付き フルサイズ 疲れにくい","6821","114","50","100","¥ 8,483","","1","B0FHW66WG6","B0FJ2315VH","44.2","24.5","4.1","1080"
"ブラザー プリンター A4インクジェット複合機 MFC-J742DWN FAX 電話 子機2台 コピー プリント スキャン Wi-Fi 簡単設定 対応インクLC511シリーズ","6824","95","50","8","¥ 32,980","¥ 35,000","20","B0FSCY8474","","50.2","46.5","22.7","8320"
"Pulsar Gaming Gears eSports仕様 ゲーミングマウスパッド XXLサイズ eS Hyperion Pro Xsoft 国内正規品 100cm × 50cm × 4mm (XXL, Jet Black)","9195","37","","3","¥ 12,980","¥ 12,980","1","B0G19K72LW","B0GL23PXBC","51.1","13.2","13.1","860"
"SAIJI ラップデスク 折りたたみテーブル LEDライト付き 収納可能 ミニテーブル 安定性強化版 ベッドテーブル ブラック 60*45cm","6830","62","","1126","¥ 9,348","","1","B0BCP7NQQL","B0BQXSJM5R","67.1","49.5","10.6","4540"
"ZEUS WiFi 5G対応 モバイルWiFiルーター 端末買い切り チャージ式WiFi 国内メーカー 海外利用対応 (100GB/365日)","6978","24","50","20","¥ 22,100","","1","B0H6Q2MC1P","B0H6PW2HTZ","16.8","14.8","4.2","310"
"【訳あり品】USB3.1 Gen1対応 外付HDD 2TB ブラック","6832","22","","203","¥ 12,500","","17","B07JNCWYBW","","23","22.2","9.4","1180"
"GMKtec ミニPC Ryzen 5 3500U搭載 N150/N97より多い8スレッド 4K 3画面出力 超小型 G10 16+256GB","6837","74","50","2","¥ 43,998","","1","B0H2CY7466","","16.2","15.8","10.7","930"
"ABLAZE USBメモリ Type-C 32GB 5本セット デュアルUSB3.0＋Type-C対応 iPhone 17/16/15, Androidスマホ, パソコン, タブレット, Mac ノートPC対応","6840","71","","118","¥ 5,988","","1","B0D1N27ZBY","B0H2DZP8WQ","11.6","6.8","1.1","50"
"UseBean USB C ライトアングルケーブル 100W 15フィート 2パック 4K ビデオロング USBC - USBC 3.2 Gen2x2 20Gbps データケーブル Type C PD充電 高速充電コード iPhone 17 16 Pro Max iPad MacBook Galaxy S25 Ultra用","6844","42","","1824","¥ 12,678","","1","B0FR4N8RXV","B083JV422F","28.8","15.1","1.9","381"
"Android 16 タブレット 11インチ Wi-Fiモデル Headwolf WPad7、In-Cell 1920x1200 FHD、8000mAh、8コアCPU T615、24GB(4+20拡張)RAM+128GB ROM、Widevine L1対応、5MP/13MP、2.4/5GHz WiFi、BT5.0 LE、重力センサー+顔認識+ワイヤレス投影+GPS","8200","113","100","167","¥ 16,999","","2","B0GJ3S68KD","B0H1ZT5G27","29.2","20.1","5.7","1330"
"APC 無停電電源装置 UPS 400VA/240W BR400S-JP E ラインインタラクティブ給電 長寿命バッテリー 正弦波","6849","103","100","95","¥ 16,480","","4","B06XJ24QWJ","","44.7","25.8","15.4","6950"
"MOGOOD USB C 分岐器 USB CプラグからダブルUSBマザーケーブルアダプタ hunderbolt 3からダブルA 2.0 OTG充電分配器 Type C to ダブルUSB Aアダプタ hembra変換器para MacBook Prol、Galaxy S20 S22","7622","29","","126","¥ 5,365","","1","B0CPP7KP4X","B0CQ1KQHYW","16.6","6.6","1.7","68"
"ETOE Google TV 搭載ストリーミングデバイス｜Netflix認定/YouTube対応/音声操作 Google アシスタント搭載/スマホ画面ミラーリングGoogle Cast対応/WiFi 2.4G・5G / Bluetooth 5.0 / 黒","6853","17","","10","¥ 8,999","","1","B0H398RPZG","B0HFNFBDGW","19.3","9.1","3.9","190"
"Canon トナーカートリッジ051H CRG-051H","6855","120","50","110","¥ 12,300","","38","B07PGN1G3F","","35.6","13.6","10.7","550"
"Western Digital ウエスタンデジタル WD Red Plus 内蔵 HDD ハードディスク 1TB CMR 3.5インチ SATA 5400rpm キャッシュ64MB NAS WD10EFRX-EC","6858","115","50","250","¥ 16,999","","2","B08HCN9NCF","B0FZ2F6566","18.2","14.4","4.2","520"
"EPOMAKER HE30 左手デバイス 片手キーボード ラピトリ ホール効果 8Kポーリングレート 0.125ms SOCD＆スナップキー","6862","45","50","52","¥ 6,563","","1","B0GCM27KHV","B0GCNML9BN","26.9","16","4.6","531"
"MoKo ストラップ付き透明防水ケース - iPad Mini Retina, Chromo Inc CI-2543 / CHR-2542, Dragon Touch DT Y88, Alldaymall A23, NeuTab N7, PPTab B736, G pad 8.3に適用ストラップ&アームバンド式両用 防水等級 : IPx8","6866","54","","820","¥ 5,835","","5","B00ID1HB0A","B0FFG8PLLY","29.4","22.5","2.5","110"
"ProtoArc XKM01 折りたたみキーボード マウスセット 無線 Bluetooth 2.4GHz 3台同時接続 軽量 薄型 持ち運び","6868","75","50","2092","¥ 8,360","","2","B0FDQ8273L","B0GR6CTG3V","32.9","16.4","5.2","840"
"【Amazon.co.jp限定】Wacom Cintiq 16 TDTK168K4C ワコム 液タブ 液晶ペンタブレット ブラック オリジナルカスタムブラシセット Wacom Pro Pen 3 付属 Windows Mac 対応","6869","129","100","49","¥ 118,800","¥ 118,800","1","B0F9WB7ZDW","B0FD96MDKJ","44.5","32.2","9","3020"
"Omikamo サーフェス プロ キーボード ワイヤレス Surface Pro 3/4/5/6/7/7+対応 JIS標準日本語配列 ブラック","6873","92","50","63","¥ 6,552","","1","B0FDKVLCRT","B0FPX3XSFX","34.3","25.2","1.7","550"
"UGREEN NASync DXP4800 GT ネットワーク接続ストレージ 4ベイNASキット（HDD付属なし）","6877","66","50","49","¥ 84,890","","1","B0GTZC19FX","","37.6","28","26.3","6632"
"BETTDOW マジックキーボード iPad Mini6/7 A17 Pro 8.3 インチ 日本語配列 磁気吸着 タッチパッド 7 色バックライト","6878","98","50","68","¥ 9,410","","1","B0FX9W8RXX","B0GMWY32NM","21","17","2.9","590"
"シー・エフ・デー販売 CFD販売 ノートPC用 メモリ PC4-19200(DDR4-2400) 4GB×2枚 1.2V対応 260pin SO-DIMM (無期限保証)(Panram) W4N2400PS-4G","6879","70","","80","¥ 18,711","","2","B07BH53BWX","B0B8RV7PQX","15.9","15.2","1.9","50"
"New 2025年秋 キヤノン カラーレーザビームプリンタ複合機 Satera MF753Cdw II/コピー、プリンター、スキャナー、FAXを搭載したA4対応カラー複合機 /両面印刷・両面読込対応ADF/有線LAN・無線LAN標準搭載/対応トナーカートリッジ 標準:CRG-069 大容量:CRG-069H","6890","70","","6","¥ 87,800","¥ 87,800","15","B0FX95BG9B","B0G7Y13SYN","56","55","54","27000"
"【Amazon.co.jp限定】Elgato Stream Deck Neo ブラック – カスタム可能な8個のキー、2つのTouch Points、タスクとワークフローを加速 – Word、Excel、PowerPoint、Teams、Zoom、Spotify、その他をコントロール、ドラッグ&ドロップで設定可能 – MacとPCに対応","6894","147","100","44","¥ 13,980","¥ 13,980","1","B0FKTDCZ51","","16","13.7","4.9","290"
"TP-Link スイッチングハブ 8ポート 10/100/1000Mbps PoE給電 金属筐体 LS108GP【Amazon.co.jp限定】","7903","5","","","¥ 7,980","¥ 7,980","1","B0H2DB8CQT","","19.5","13.2","12.1","820"
"Womier キーボードキーキャップ クリア、ホワイトキーキャップ 60 65 75 100% 透明ジェリーキーキャップ、かわいいカスタムキーキャップセット Cherry MX、Kailh、Outemu、Gateronメカニカルキーボード用(XDAプロファイル)","6895","59","","361","¥ 6,533","","3","B0DRCP1X15","B0DB2X2FYW","31.3","14","3.2","340"
"Pixio ゲーミングモニター PX259 Prime ホワイト 24.5インチ 280hz FHD IPS HDR ディスプレイ 白 ピクシオ","6899","85","50","388","¥ 21,500","","1","B00CWXQIFE","B0DSB9GL8Y","66","41","18","5500"
"ジットキヤノン（CANON）BCI-331BKXL 331CXL 331MXL 331YXL 331GYXL 330PGBKXL 6色セット リサイクルインク 日本製 JIT-NC3303316PXL","6762","68","","5","¥ 9,718","¥ 9,718","1","B0D41RX5T3","B0FYL5M8RY","12.2","11.3","7.7","230"
"Razer Tartarus V2 左手デバイス 左手キーボード メカメンブレン 全キー自由に割り当て可能 【日本正規代理店保証品】 ファイナルファンタジーXIV 推奨デバイス","6910","125","100","1320","¥ 12,100","¥ 12,100","3","B0787HCJ96","","27.6","20.1","10.9","720"
"ウエスタンデジタル(Western Digital) WD ポータブルSSD 4TB グレー USB3.2 Gen2 My Passport SSD 最大読取り1050 MB/秒 外付けSSD /メーカー5年保証 WDBAGF0040BGY-WESN 国内正規代理店品","6912","134","50","8683","¥ 106,000","¥ 107,904","5","B08RX3TWJZ","B0FH65H7TJ","12.9","7.3","3.7","120"
"エプソン EPSON 純正インクカートリッジ IB02YB イエロー 8,000ページ","6919","95","","6","¥ 11,420","","48","B07BH52N1W","B08L3NKRMY","18.9","11.5","2.7","220"
"ASUS TUF GAMING B760M-PLUS WIFI D4 intel 第14・13・12世代 CPU対応 LGA1700 B760 搭載 DDR4 mATX マザーボード/国内正規代理店品","6923","123","100","75","¥ 18,586","¥ 18,586","4","B0BQH7JQ4F","B0CK1B792C","27.9","27.9","7.2","1570"
"ヤマハ ギガアクセスVPNルーター RTX840","6932","127","50","1","¥ 85,800","","19","B0FGH5Y1VD","","34.3","31.7","8.6","1360"
"INFILAND クリアケース iPad A16 第11世代/第10世代 11/10.9インチ用","6932","76","","4113","¥ 7,039","","26","B0FFM185FZ","B0BH4MCGN1","25.5","20","1.9","272"
"サンワサプライ 会議用ワイドレンズWEBカメラ USB接続 150°超広角 200万画素 マイク内蔵 3mロングケーブル Skype対応 ブラック CMS-V53BK","6933","76","50","164","¥ 8,655","¥ 8,655","35","B08B84BYWF","B08Q8N9VVV","17.7","14.2","6.9","240"
"ゼンハイザー(Sennheiser) Bluetooth発信機 BTD 700 USBアダプター aptX Lossless Bluetooth 5.4 黒","5764","114","100","360","¥ 8,499","¥ 9,000","5","B0F9FGF33S","","12.6","8","2.2","41"
"ＥＬＥＣＯＭ トラックボール ＥＸ－Ｇ ＰＲＯ 親指操作タイプ M-XPT1MRBK","6936","131","50","326","¥ 7,600","","42","B07DS3VL69","","22.2","13.2","6.6","320"
"NZXT F280X RGB White PCケースファン 280mm シングルフレームファン RF-U28PN-W1 FN2655","6939","93","","76","¥ 11,500","¥ 11,785","13","B0FTHSCPNG","B0DFG4XDR1","35.1","15.3","3.7","739"
"Sudokoo MACH140 ホワイト 140mm ケースファン：FOCモーター搭載の4ピンPWM静音PCファン - 500～2200 RPMでPC冷却に高い性能を発揮","6942","18","","2","¥ 5,580","","1","B0H4PHPB4F","B0HCV1JB1Y","27.4","20.1","3.9","550"
"Thermalright AXP90-X53 FULL薄型CPU冷却器、92mm TL-9015R薄型PWMファン付き、AGHP技術、53mm高、AMD AM5/Intel 115X/1200/1700/1851","6943","1","","61","¥ 6,499","","1","B0H79JKWYR","B0CCXP6BLV","14","13","9","800"
"HP ノートパソコン OmniBook 5 16-af 16.0インチ IPSディスプレイ インテル Core Ultra 5 16GBメモリ 512GB SSD Microsoft Office H&B 2024 Windows11 Home グレイシャーシルバー Coplilotキー搭載 AI PC (型番：BF8H8PA-AAAC)","8420","67","","9","¥ 199,800","","1","B0FMKF3MQW","B0FMKDRZMQ","50","30","7","3000"
"2個入り 6m超長尺タイプC延長コード usb3.2 Gen2×2規格 20Gbpsデータ転送 100W急速充電4K@120Hz/4K@60Hz/8K@30Hz映像出力Thunderbolt機器スマホPC汎用ケーブル","7012","21","","55","¥ 8,999","","1","B0GZVZR2XV","B0H2LW44MJ","27","21","2","400"
"MOKIN USB-C ドッキングステーション 17-in-1 【MacBook対応・安定重視】デュアル／トリプルディスプレイ対応 4K@60Hz・MST対応（Windows）・PD100W充電・10Gbps高速転送・RJ45有線有線LAN テレワーク・多画面作業向け 在宅勤務・会議室など","6953","111","50","2919","¥ 16,999","","1","B0GTT99VF5","B0HGPRC966","24.9","13.9","6.9","540"
"YUNZII X71 メカニカルゲーミングキーボード 透明キーキャップ 71キー 68%配列 ワイヤレス ホットスワップ対応 BT5.0/2.4G/USB-C ガスケット搭載 RGB 無線 Windows/Mac用 技適認証取得（クリスタルアイス軸、ピンク） (× 2)","6397","15","","821","¥ 26,398","","","B0GZG2YB4B","B0CRCVV769","42.6","14.8","5.9","2558"
"エレコム WiFiルーター 無線LAN WiFi7 5765＋2882＋688Mbps 有線10Gbps EasyMesh対応 AIセキュリティ F-Secure 搭載 WRC-W703-B","6961","69","50","30","¥ 26,800","","4","B0G78271TY","","34.1","22.3","10.4","2000"
"iiyama モニター ディスプレイ 21.45インチ フルHD IPS方式 高さ調整 角度調整 縦回転 HDMI DisplayPort USBハブ ケーブル付 国内サポート 3年メーカー保証 ProLite XUB2293HSU-B7","6962","55","50","14","¥ 14,797","","7","B0DHYM7M99","","62","40","12","5280"
"【整備済み品】軽量 レノボ 300e Chromebook Gen 2 ノートパソコン 11.6インチ AMD A4-9120C メモリ4GB SSD32GB Webカメラ内蔵 WiFi Bluetooth HDMI USB3.0 ChromeOS搭載 学生用ノートPC (メモリ4GB/SSD 32GB/300E)","6964","107","100","24","¥ 9,999","","1","B0H1C22G4R","B0G57M65FK","41.4","30.7","10.7","2060"
"USB 3.0 HDMI KVMスイッチ 2モニタ 2コンピュータ","6965","32","","171","¥ 18,349","","1","B0D69SMK4Q","B0DQKXYND9","16.2","14.4","3.8","300"
"【日本限定】XPPen Artist 12セカンド豪華版 液晶ペンタブレット フルラミネーション FHD 1920×1080 8192筆圧 X3 Eliteペン 傾き検知60° 色域127%sRGB USB-C対応 8ショートカットキー Android/Windows/Mac対応 初心者・プロ向け","6968","46","50","18","¥ 25,886","","1","B0GWJ418G4","B0HCVBQQ66","40.1","27","6.4","1380"
"ATTACK SHARK X65HE初心者向け磁気キーボード、8KHzポーリングレート、0.01mmRT精度、ラピッドトリガー、Snap Tap","6970","45","","23","¥ 6,999","","1","B0DT9FS91M","B0HDHWCXQR","35.5","16.5","5.2","840"
"Blackview Tab9WiFi Android 14 タブレット11インチ wi-fiモデル 18GB+256GB+2TB拡張、11"" 2.4K FHD IPS画面 Widevine L1対応 タブレット 8コアCPU、8200mAh+Type-C 10W充電+OTG、13MP/8MPカメラ+無線投影+顔認識+分割画面+PCモード+WPS+GMS 保護ケース付き","10366","93","50","75","¥ 24,479","¥ 24,479","1","B0D1Y6NS1X","B0FHW56VSW","28.4","19.4","5.4","1190"
"HP 純正 インクカートリッジ HP 934XL ブラック 増量","6971","83","","83","¥ 6,736","¥ 6,736","15","B00M8YM68K","B0G3ZVY4N6","12.4","11.3","4.6","90"
"Astropad アストロ エイチキュー エルエルシー(Astro HQ LLC) Luna Display USB-CiPad セカンドディスプレイアダプタ/国内正規代理店品","6977","78","50","270","¥ 9,900","¥ 17,426","3","B0B1H2Q3RW","B0CJ4SH3RF","6.5","6.5","2.7","40"
"GameSir Cyclone 2 PCコントローラー TMRジョイスティック 連射機能/マクロ＆ループ機能 1000Hz ポーリングレートゲームパッド ホール & マイクロ 2-in-1 トリガー 六軸ジャイロセンサー搭載 switch2スリープ解除対応 プロコン RGBライト マッピング可能背面ボダン搭載 連射機能 充電ドック付き PC/Switch/iOS/Android/Steam/Switch2 ゲームコントローラー 日本語取扱説明書付き (黒)","6985","109","100","2967","¥ 7,739","","1","B0DBLMZJRJ","B0DCVNF2SK","17.8","16.6","9.5","621"
"UGREEN M.2 SSD 外付けケース 20Gbps クローンドック デュアルベイ オフラインクローン","6987","92","100","74","¥ 6,929","","1","B0FMK8XGC9","","18.1","13.5","6.1","349"
"エレコム モニターアーム 17~49インチ対応 耐荷重20kg ガススプリング式 VESA ロングアーム ワイドモニター対応 ブラック DPA-SL07BK","6989","94","50","49","¥ 7,420","¥ 7,420","5","B0D99PLTMM","","42.7","20.5","11.2","4260"
"XUNDEFINED 23.8インチ モニター フルHD(1920x1080) 144Hz 超薄型 ディスプレイ スピーカー内蔵 非光沢 IPSパネル 114%sRGB HDR FreeSync対応 ブルーライト軽減 フリッカーフリー HDMI2.0 DP1.4 音声出力端子搭載 チルト調整 75mm*75mm VESA対応","6989","40","","267","¥ 11,479","","1","B0G3PG56V2","B0HGSJS6VD","60","39","11","3500"
"サンワダイレクト キーボード Bluetooth 日本語配列 パンタグラフ 充電式 無線 ワイヤレス コンパクト 静音 薄型 400-SKB087","6993","7","","","¥ 6,480","","1","B0HDXJ642M","B0HFQPKQQG","47.5","13.3","2.6","743"
"富士ソフト ＋F FS045W eSIM対応4GモバイルWi-Fiルーター","6995","101","100","19","¥ 16,969","¥ 22,000","12","B0F5QH25C1","","16.5","13.5","3.9","300"
"JSAUX 6-in-1ドッキングステーション 4K@120Hz ROG Xbox Ally X/Steam Deck対応 HB0609B","6998","72","","129","¥ 5,524","","1","B0DKJ62CC9","B0DS17F71B","18.7","18","6.3","360"
"Crucial(クルーシャル) X10 外付け SSD 4TB USB3.2/Type-C iPhone15シリーズ動作確認済 最大読込速度2100MB/秒 正規代理店保証品 Mylioモデル CT4000X10SSD9-02","7006","95","","2338","¥ 107,500","","5","B0F334SXSC","B0F9KN4WKW","13.9","9.5","1.8","68"
"MSI MAG A1000GL PCIE5 WHITE PC電源ユニット 1000W ATX3.1/PCIe 5.1対応 80PLUS GOLD認証 フルモジュラー 7年保証 PS1692","7007","93","","12","¥ 29,942","¥ 29,942","2","B096Y5NQQ4","B0GX234K92","30.8","22.8","13.2","3310"
"WELL WENG モニター台 卓上 天然竹製 デスクシェルフ 2段 スマホ/タブレットスタンド付き 幅59cm 耐荷重50kg ダークブラウン","7008","22","","41","¥ 5,699","","1","B0H2L7YSFR","B0HCNC216G","66.9","27.3","6.9","3300"
"【整備済み品】デル/デスクトップpc/OptiPlex 3050SFFまたは5050SFF/デスクトップパソコン/高性能 第7世代 Corei5 7500/windows11 デスクトップ/Office 2021搭載/WIFI6/Bluetooth5.3/DP/HDMI/USB3.0/4KHD対応/マルチ画面対応/初期設定済み・整備・180日保証 (メモリ8GB+SSD128GB)","7017","33","","3","¥ 30,800","","1","B0G4RZV2BS","B0FWXFZ4SP","44","36","15","5000"
"沖データ OKI トナーカートリッジ イエロー (C844dnw/835dnwt/835dnw/824dn)","7016","69","50","22","¥ 13,091","¥ 13,091","23","B07NRTDTB6","","40.2","12.2","6.7","520"
"HAGOOGI 充電式カイロ 電子カイロ 360°全面発熱 秒速発熱 モバイルバッテリー機能 10000mAh大容量 14時間連続発熱 小型 超軽量","6707","59","","2506","¥ 6,480","","1","B0CFYDDC78","B0HGDCPGDB","14.1","8.8","5.4","360"
"【Amazon.co.jp限定】Dell 15 DC15250 15.6インチ ノートパソコン ND65-GHSA","7019","90","50","50","¥ 114,800","¥ 114,800","1","B0G57XZ4G4","B0H8WL281M","43.7","35","6.9","2550"
"【Amazon.co.jpg限定】Lenovo ノートパソコン パソコン IdeaPad Slim 3 15.3インチ インテル® Core™ 5 プロセッサー 320 メモリ16GB SSD512GB Microsoft 365 Personal (24か月版)搭載 Windows11 バッテリー駆動15.7時間 重量1.59kg ルナグレー 83RR00BYJP ノートPC　NPU対応AIPC","7023","65","50","5","¥ 154,800","¥ 154,800","1","B0H3KXY3PW","B0H7BFYLYV","47","30","7.2","2500"
"Koolertron プログラマブルキーボード マクロメカニカルキーボード カスタマイズ可能 マクロキーパッド OLEDディスプレイ搭載 左手デバイス RGB VIA ホットスワップ ノブ付き ビデオ編集コントローラー Mac/PC 対応 USB-C 有線 Ps Pr Ae などのソフトに利用可能","7023","37","","295","¥ 10,200","","1","B0H1HD4KDL","B0H1QRJYR6","25","15","4","400"
"ORICO 8-in-1 M.2 SSD 外付けケースー付きUSB Cハブ、USB-C ドッキングステーション、10Gbps USB 3.2 Gen2 M.2 NVMe/SATA 両対応ケース、サポート4K@60Hz HDMI、100W PD, SD/TF - OM28P","7029","38","","64","¥ 5,319","","1","B0D5LYX1VC","","20.2","10.8","3.2","170"
"「2026年新登場・瞬間冷却機能搭載」llano V11PRO ノートパソコン 冷却パッド 冷却ファン 冷却台 (4.72インチターボファン搭載/最大44℃急速冷却/12種RGB/3段階高さ調整/3ポートUSBハブ付き)14-17.3インチ対応","7032","25","100","125","¥ 11,779","","1","B0H1QCHP52","B0HBP7ND14","40.3","33.8","11.2","1650"
"「国内正規品」Keychron K15 Max ワイヤレスキーボード Bluetooth/2.4GHz/有線 Mac・Windows・Linux 赤軸","7032","66","","2","¥ 19,536","","2","B0FSPRYV9F","B0FSZPQ5C7","44.7","16.8","4.6","1130"
"【整備済み品】Surface Pro7+/ ノートPC/ i5-1135G7/ メモリ8GB/ SSD256GB/ 高性能・軽量2 in 1ノートパソコン/ 重さ770g/ 12.3インチ/ Windows11/ Office2019搭載/ サーフェス Pro","7033","52","","","¥ 52,958","","1","B0GS5ZC2VY","B0FCS51R9K","41.9","28.7","9.7","1390"
"アールアイジャパン RiDATA 1回録画用 片面3層 2-4倍速 BD-R XL 100GB ブルーレイディスク","7040","72","","5","¥ 9,671","","2","B0FWR8G63V","B0FX2QZ471","14","13.7","4.8","490"
"Fintie Microsoft Surface Pro 7 Plus/ 7 / 6 / 5 2017 / 4 / 3 ケース カバー(パープル)","7041","55","","5005","¥ 5,018","","1","B07XGFCWZP","B07VX6RQTF","30.8","24.3","2.7","440"
"【3年保証モデル】 JAPANNEXT 40インチ 液晶モニター JN-V40TFHD-U-H2","7048","69","","1","¥ 39,880","","7","B0CS657X47","B0CSNN6ZXC","99","57.5","11.8","6700"
"360度回転・180°調整｜iPadホルダー｜AboveTEK｜ipadスタンド｜幅168～240mm対応【ブラック】Airレジ｜卓上｜縦置き｜業務用｜飲食店｜幅調整可能｜M、Lサイズボルダー付き （iPadmini/Pro/Air、Android、MediaPad用）","7049","55","","6519","¥ 5,199","","5","B073WHV11Z","B0767Q1R3P","21.6","19","6.4","889"
"Kingston Canvas Select Plus microSDメモリーカード 256GB micSDXC Gen3 150R A1 シングルパック ADPなし - SDCS3/256GBSP","7050","89","","379","¥ 14,387","","48","B0FCZZVYMN","B0FH8YL926","16.6","11","1.1","50"
"Metapen Air 8 Pro X iPad用ペン Air-Flex ペン先 静音書き 2018年以降発売のiPad対応 誤作動防止","7055","98","50","833","¥ 5,391","","1","B0FNWPK3MM","B0GSFL3T8H","18.8","6.4","1.9","60"
"【整備済み品】 Apple Smart Keyboard iPad Pro 10.5インチ・iPad Air 第3世代・iPad(第7・8・9世代)用 - 日本語（JIS）","7056","47","50","47","¥ 6,000","","4","B0CTBL4LPB","","25.9","19.3","1.2","480"
"LENRUE G11 デスクトップ用コンピュータースピーカー タッチライト PCスピーカー サージクリアサウンド付き USB C/USB電源 AUXオーディオ コンピューター デスクトップ PC ノートパソコン デスク用","7061","22","","669","¥ 8,033","","1","B0F1KDQ6XN","B0F6Y3JDN3","40.1","9.3","8.7","671"
"ARES WING モニターアーム デュアル 17-49インチ 耐荷重20kg ポール式 ガススプリング クランプ式 2画面 上下 ホワイト","7066","45","","25","¥ 12,792","","1","B0GYW45J5N","B0HDCVLF67","43.7","30.3","12.1","7530"
"Canon トナーカートリッジ054 ブラック CRG-054BLK","7071","121","50","135","¥ 6,400","","31","B07RMDDT8L","","36.5","11.1","9.4","862"
"バッファロー 東芝 USB3.0接続 ポータブルハードディスク 4.0TBTOSHIBA CANVIO（HD-TPAシリーズ） HD-TPA4U3-B","7072","148","100","228","¥ 34,799","","8","B07XJGZ8YZ","","30","20","9.5","380"
"【Amazon.co.jp 限定】 ASUS Chromebook クロームブック CX1505CTA 15.6インチ インテル N50 8GB メモリ 64GB eMMC バッテリー駆動 8.2時間 重量1.59kg 日本語キーボード ゼロタッチ登録対応 Wi-Fi 6 ピュアグレー CX1505CTA-S70284","7075","123","100","27","¥ 54,980","¥ 54,980","1","B0FSJSH1V7","B0HC1NPQSL","53.7","31.9","7.4","2500"
"ロジクール ワイヤレスキーボード K780 Bluetooth Unifying ワイヤレス 無線 キーボード windows mac Chrome iOS Android 国内正規品","7095","126","100","1996","¥ 8,273","¥ 8,273","17","B01H2VY13G","B08515TTD6","39.6","16.3","3.3","1090"
"Edifier 32W G2000 RGB 2.0ch ゲーミングスピーカー 小型 音質高 | アンプ内蔵 アクティブ PCスピーカー","7096","74","50","660","¥ 12,750","","1","B0B935P44S","B0H1RCGZLN","23.4","22","14.2","1900"
"IODATA アナレコビデオ/VHS 8mm DVD/ブルーレイ ダビング パソコン取り込み ビデオキャプチャー 日本メーカー GV-USB2/HQ","7099","96","50","1164","¥ 9,064","¥ 9,064","19","B00428BF28","B0BZRHD4TN","22","16","6.9","200"
"EPOMAKER Split70 ワイヤレスゲーミングキーボード 分割キーボード QMK/VIA対応 テンキーレス 70% メカニカルキーボード","7103","59","","7","¥ 16,240","","1","B0GVJV4XMD","B0GVYPNXLB","41.1","15.6","5.3","1211"
"PLDHPRO iPadスタンド タブレットホルダー マイクスタンド/トレッドミル/バイク/ダイナミック自転車/ベビーカー向け スマホホルダー 2段式アーム 広い可動域 iPad Pro 12.9/mini 7.9、Galaxy tab、iPhoneシリーズ&他の5.1-15.6インチの端末に対応（シルバー）","7568","91","","310","¥ 6,297","","1","B0F4JFJ2NT","B0FLX2T5X1","17.8","11.3","8.9","372"
"NODOCA アームレスト 革製 リストレスト 肘置き デスク拡張 人間工学に基づき 折り畳み式 穴あけ不要 デスクエクステンダー 手置き 肘掛け 防汚・防水 オフィスグッズ (ブラック, 750mm)","7112","61","","104","¥ 6,399","","1","B0D9LPSNCS","B0CHYW28QX","77.9","26.1","7.9","3060"
"富士通ノートパソコンU939 i5-8365U第8世代8GBメモリ512GBSSD lifebookノートPC 軽量777g","8772","27","","4","¥ 33,829","","1","B0H45TT9ZX","B0H46MG11F","35","25","12","2000"
"AVerMedia Live Gamer ULTRA 2.1 GC553G2 HDMI2.1 外付けキャプチャーユニット DV914","7117","138","100","119","¥ 23,736","¥ 23,736","14","B0CJX9VKKT","","18.9","16","6.9","500"
"HyperX Pulsefire Mat ゲーミングマウスパッド 2XL サイズ 布製 光学式マウス適用 日本正規代理店品 4Z7X6AA ブラック","7124","99","","2777","¥ 5,185","¥ 5,185","3","B09TQ6BRN3","B09XV6YPW4","62.7","11.4","11.1","1856"
"ANLINK 2本パック 30フィート 9M フラットタイプ USB Cケーブル 充電とデータ同期 USB A - USB C電源充電コード ホームセキュリティカメラ 電話 Switch Proコントローラーなどのデバイス用 ホワイト","8476","23","","312","¥ 5,960","","1","B0G6C88L9Q","B0G4RK4PVZ","28.4","25.8","3.9","340"
"Kensington ケンジントン Slimblade Pro ワイヤレストラックボール 4ボタン 左右対称デザイン 55㎜ボール 有線接続 2.4GHzワイヤレス接続 Bluetooth接続 Mac対応 K72081JP","7129","101","100","289","¥ 13,318","¥ 13,318","8","B0BN8224SY","","22.1","19.7","7.1","500"
"TP-Link WiFi 7 ルーター 無線LANルーター BE19000 11520Mbps (6GHz) + 5760Mbps (5GHz) + 1376Mbps (2.4GHz) 10Gbpsポート MLO 320MHz 4K-QAM Multi-RU Archer BE805","7141","169","100","106","¥ 53,000","","22","B0CTLND5T5","","38.9","32.5","16.8","4360"
"【整備済み品】 Panasonic Let's Note CF-SV1, i5-1145G7, メモリー16GB, SSD256GB, 12,1インチ, 1920x1200, WIFI, BLUETOOTH, カメラ IR Windows Hello, 0,9kg, Windows 11 Pro, Office 2019 H&B","7150","86","50","41","¥ 39,600","","4","B0G1C3YG3W","B0GK1GDRPN","28","20.3","2.4","1000"
"【正規品】 ネットギア NETGEAR スイッチングハブ 8ポート 1G 金属筐体 静音ファンレス リミテッドライフタイムハードウェア保証 クラウド管理 スマートスイッチ GS108T-300JPS","7154","66","50","32","¥ 12,800","¥ 18,310","9","B07QT8SVY2","B0FJY91TZY","27.4","22.8","6.2","840"
"【Amazon.co.jp 限定】Western Digital HDD 3TB WD Blue PC 3.5インチ 内蔵HDD WD30EZRZ/AFP 【国内正規代理店品】","7155","69","50","563","¥ 16,599","","1","B015FGGWKU","B09DPMWD6J","20","16","6.5","740"
"YUNZII B87 ワイヤレスメカニカルキーボード ゲーミングキーボード BT5.0/2.4G/USB-C NKRO QMK/VIAソフトウェアカスタム MOAキーキャップ ガスケット RGB リストレスト Win/Mac用 (ブルー, ハートココアクリームV2スイッチ)","7158","52","","622","¥ 12,608","","2","B0FNRM865K","B0DLLV4SGN","41.2","19.7","7.8","1860"
"エレコム ディスプレイケーブル D-sub15ピン VGA-VGA フェライトコア内蔵 10.0m CAC-FS100","7860","21","","5","¥ 6,300","","1","B0007V1TMA","B077X4RTK5","18.6","16","8.2","980"
"iPad キーボード付きケース 11インチ iPad (A16)/(第10/11世代)対応 JIS配列 7色バックライト マグネット 着脱式","7170","5","","19","¥ 5,980","","1","B0HC5SRPW8","B0HC5KW8XB","27.2","20.3","2.7","700"
"Logicool G ゲーミングヘッドセット ASTRO A50 X LIGHTSPEED A50X-BK ワイヤレス ヘッドセット + ベースステーション ミックスアンプ 内蔵 マイク付き 充電 24時間連続使用可能 軽量 363g Bluetooth ブラック PS5 PS4 Xbox PC ゲーミング ヘッドホン ヘッドフォン 国内正規品 【 ファイナルファンタジー XIV 推奨モデル 】","7177","96","50","119","¥ 43,600","¥ 43,600","3","B0D17B2K7B","B0FX9ZMR7C","30","25.1","11.3","1500"
"Nextorage 日本メーカー UHS-II V90 64GB SDXC SDカード 4K 8K pSLC搭載 高速連写 高耐久性 F2PRO","7179","112","50","953","¥ 17,982","","1","B0BY44GJPH","B0BY874SC5","13.2","8.2","1.6","30"
"ASUS AP201 PRIME CASE TG 強化ガラス ミドルタワー micro atx PCケース 黒 国内正規代理店品","7180","74","50","21","¥ 12,991","¥ 12,991","3","B0C6BQ85LJ","B0CNX87972","54","43.5","28.3","7980"
"【2年保証モデル】JAPANNEXT 49インチ IPSパネル搭載 フルHD(1920×1080)解像度 大型液晶モニター JN-IPS49F-M HDMI VGA ビデオ/音声入力 コアキシャル音声出力 USBメモリ再生対応 リモコン同梱","7183","60","50","1","¥ 39,982","¥ 39,982","5","B0H29FXLLK","","116","71","11","10000"
"SteelSeries ゲーミングマウス 有線 軽量 低遅延 1.35ms 高耐久 8,500DPI メカニカルスイッチ 絡まり防止 PTFE(テフロン)ソール 3ゾーンRGBイルミネーション Rival 3 Gen 2 62516 ホワイト","7697","72","","337","¥ 5,303","¥ 5,303","1","B0F5Q7L49D","B0FBVB1QFW","15","8.5","4.5","160"
"サンワサプライ 会議用ワイドレンズWEBカメラ USB接続 150°超広角 マイク内蔵 Skype対応 ブラック CMS-V43BK","7185","93","50","326","¥ 6,036","¥ 6,036","35","B07JN3NYC5","B085TSWZYZ","18","13.8","6.6","220"
"【整備済み品】 ノートパソコン VAIO Core i5-1035G1 第10世代 約1kg 軽量14インチ,ノートPC Office 搭載 8GBメモリ 256GB SSD FHD 1920×1080,パソコン Windows 11 Pro 日本語キーボード Wi-Fi内蔵Bluetooth","7188","76","100","22","¥ 30,800","","1","B0H45QTVJD","B0H467TX18","40","29","10.5","2000"
"Arduino Uno Rev3 A000066","7189","64","50","9691","¥ 5,098","","9","B008GRTSV6","B0H4M84V95","8.3","6","2.6","50"
"ゼンハイザー SC 60 USB ML エントリークラス 両耳USBヘッドセット、コールコントロール機能付 504547","7198","48","","1941","¥ 6,380","","43","B00E67UV9S","","18","16","3","140"
"Acouto XC17 モバイルモニター 17.3インチ 疲れ目軽減/青色光源を低減 モバイルディスプレイ ゲーミング スイッチ用 USB Type-C/HDMI【1920x1080/非光沢/内蔵スピーカー/スタンド付/IPS液晶パネル】","8518","90","","922","¥ 19,931","","1","B08LL3PKXK","B0GTYW6G7X","43.2","28.3","6.7","2200"
"BenQ ScreenBar モニターライト スタンダードモデル 自動調光 色温度調節 明るさ調節 USB Type-A給電 高演色 LED 黒","7210","149","100","4596","¥ 15,900","","1","B0785D93KD","","50.7","21","5.2","930"
"ジット エプソン（EPSON） IB074CLB 対応 4色パック リサイクルインク 日本製 JIT-NEIB074PB","6566","56","","8","¥ 9,483","¥ 9,483","1","B0CMXJ9QBC","B0CMX9CCDQ","12.3","9.1","8","230"
"【Amazon.co.jp限定】Elgato Facecam Neo – フルHDウェブカメラ、簡単なスライド式プライバシーシャッター、光補正、ビデオ通話、配信、Teams/Zoom/Slack/OBS/Twitch/Youtube、その他に最適 – USB-C/PC/Laptop/Macでプラグアンドプレイ","7212","38","","10","¥ 7,080","¥ 7,080","1","B0CWLCSKK9","B0FN3WH5LZ","16.1","14.8","5.2","220"
"モバイルモニター 15.6インチ モバイルディスプレイ ポータブルモニター サブモニター 軽量 薄型 持ち運び 自立型 サブディスプレイ","7217","66","50","34","¥ 11,800","","4","B0H2H69FZQ","B0HDDRHHMT","39.7","26.7","4.8","1300"
"8Bitdo Bluetooth アーケードスティック for Switch & Windows","7226","84","100","4517","¥ 12,680","¥ 12,553","7","B08GJC5WSS","","35.1","24.4","14.3","2420"
"【2026新登場 アプリ不要】USBメモリ 512GB ４in1 高速 Phone usbメモリー 写真保存 回転式 iOS/Type-C/USB フラッシュメモリ 大容量 usb データ スマホ バックアップ Pad/PC/Macbook/Android対応 外付けメモリ 容量不足解消 ピンク Phone 16/15/14/13/12/SE/Pad各種対応","7227","1","","","¥ 5,999","","1","B0HFMQCDLB","B0HFMSQDMK","9","6.3","1.7","60"
"【整備済み品】 Dell P2225H 21.5インチワイドモニタ/1920×1080/HDMI、VGA、DisplayPort/非光沢/IPSパネル スリムベゼル/100Hz/USBハブ/Type-C【付属品：電源ケーブル・HDMIケーブル】","10031","35","","6","¥ 12,800","","1","B0GMSPWQVD","B0CR1ZPQKW","57.7","38.8","16.3","6290"
"【整備済み品】中古 ノートパソコン Versa Pro VKT16/17 15.6インチ 第8世代i5 / メモリ16GB / SSD 512GB / パソコン ノート office 付き windows11 / Webカメラ/HDMI/テンキー付き カメラ付き DVD非搭載","7231","17","","122","¥ 38,980","","1","B0HC3J16VJ","B0HCYJFN6N","43","30","12","3000"
"Acouto Zen21 モバイルモニター 21.5インチ 一体型スタンド 100Hz高速応答 3000:1コントラスト比 ゲーミングモニター HDR対応 モバイルディスプレイ スイッチ用 USB Type-C/HDMI【1920x1080/非光沢VA/内蔵スピーカー/VESA壁掛】PS5/XBOX/Switch/PC/Macスマホなど対応","7232","57","","684","¥ 19,979","","1","B0F53LSWPN","B0GWC92WGG","57.1","40.1","7.7","2460"
"PFU キーボード HHKB Studio 日本語配列／墨（ポインティングスティック メカニカルキーボード）","7233","111","50","118","¥ 44,000","","1","B0CL76JB2M","B0CLP5LR67","31.9","16.6","5.7","900"
"KIMOCA 7インチ モバイルモニター IPS液晶 1024×600 HDMI入力 Type-C給電（5V） 金属ボディ 高耐久 軽量 小型ディスプレイ Raspberry Pi使用可 VESA規格 スピーカー内蔵 サブモニター","7238","84","100","33","¥ 6,580","","1","B0GYMYCTXL","B0GYN2C6XR","22.8","15.2","6.7","370"
"CORSAIR iCUE LINK RX120 RGB スターターキット 120mm PWM PCケースファン トリプルパック（iCUE LINKシステムハブ付属） ブラック CO-9051018-WW","7240","122","","1401","¥ 7,859","¥ 7,859","22","B0CSSXZKJB","B0CTT7M94K","37.1","14.3","5.2","900"
"Alxum M.2 多機能 外付け CD・DVDドライブ","7586","11","","112","¥ 10,237","","1","B0FVX4XLJ5","B0H9L17FP8","19.6","16.3","3.5","458"
"【BMAX 超コスパ タブレット2026新登場】12.2インチ 2.4K 大画面 、Unisoc T7300 8コアCPU搭載 、Android16 Wi-Fi/SIM通話モデル タブレット、28GB+256GB+2TB拡張、10000mAhバッテリー+ PD 20W 充電器付き、90Hz IPS 2400*1600解像度、WidevineL1+顔認証+GPS搭載 I12 A POWER","7243","61","50","20","¥ 26,580","","2","B0GYZ9MQN3","B0H7RQQXQ5","36.6","22","3.6","920"
"ファイティングコマンダー OCTA for Windows® PC(WHITE)","7244","115","100","68","¥ 6,049","¥ 6,049","4","B0D78QFSYC","B0FSKJZ9T8","18.1","15.4","7.9","360"
"Miesherk iPad Air 11インチ ケース M4/M3/M2に対応 （2026、2025、2024）耐衝撃 ケース,青","8592","41","","1678","¥ 7,840","","1","B0D4Q52RVD","B08C58677J","34","26.5","4.7","480"
"【2026新登場】GEEKOM IT13 Max Ultra 9 185H搭載 24GB LPDDR5+6TB SSD ミニpc","7247","78","50","317","¥ 119,900","","1","B0F2LYFYBV","B0HBPDGF6Y","19.5","19.4","12.6","1370"
"[MH-Device] MH-Zeta ジョイスティック・ホイール付き47キー片手ゲーミングキーボード 片手 キーボード 左手キーボード (白)","7634","104","","83","¥ 18,800","","1","B0GYMTCKFB","B0GYMN16BF","19.2","16.7","7.1","490"
"ヤマハ ギガアクセスVPNルーター RTX1220","7250","89","","49","¥ 105,268","","27","B094MZ3KD6","","32.4","27.8","11.8","2080"
"東芝 Canvio 1TB USB3.2(Gen1)対応 ポータブルHDD PC/TV対応 バッファローサポート 国内メーカー 故障予測 外付け Mac ブラック HD-TPA1U3-B/N","7251","145","50","6384","¥ 17,500","","6","B07SKSVB84","","30.2","22","7","300"
"Plugable USB-C グラフィック変換アダプタ Apple Silicon（M1 M2 M3 チップなど）チップ搭載 Mac システム用 デュアル 4K@60Hz HDMI ディスプレイ接続 DisplayLink チップ用ドライバ導入が必要","7254","103","50","571","¥ 13,980","","7","B0CS8D3KF2","","20.2","11.5","1.8","120"
"PlimPad Kids10 キッズタブレット､10インチ Wi-Fiモデル Android15､RAM 9GB/ROM 64GB､6000mAh","7260","103","100","453","¥ 13,989","","1","B0GSJXZV2S","B0HGNRCPHJ","28.8","21.2","6.4","1250"
"【Amazon.co.jp限定】ORICO USBメモリ タイプC 128GB - 外付けSSD 最大読出速度 400MB/s 容量不足解消に最適","7264","6","","17","¥ 6,300","","1","B0H1VWCMFY","B0HG98ZHQM","14.4","8.7","1.9","80"
"サンワダイレクト 【5個セット】 電源タップ 7個口 2m 雷ガード マグネット 一括スイッチ 抜け止め ホワイト 700-TAP035-5","7273","67","","218","¥ 7,900","","1","B08CML85RN","B07KLTZ1GP","185","75","15.5","2875"
"ジット キヤノン CANON BCI-301+300/5MP 対応 5色セット リサイクルインク 日本製 JIT-NC3003015P","7276","59","","10","¥ 5,396","¥ 5,396","1","B0D41QYNC3","B0FYLBDY32","22.5","12.1","7.7","160"
"LG ゲーミング モニター 32G620B-B 31.5インチ/WQHD@200Hz/IPS 1ms/HDR/HDMI、DP/多機能スタンド","7287","124","50","44","¥ 41,800","¥ 42,800","4","B0GYPLSKWT","B0H717GPSY","95.5","50","14","9500"
"エコリカ ブラザー LC3119-4PK対応リサイクルインク 大容量 4色パック MFC-J5630CDW MFC-J6580CDW MFC-J6583CDW MFC-J6980CDW MFC-J6983CDW 残量表示対応 封筒パッケージ【Amazon.co.jp限定】","7288","49","","7","¥ 8,000","¥ 8,000","1","B0F18PJYR4","B0F18ZL94Z","30","22","4.8","300"
"AGEX 24インチ ゲーミングモニター 240Hz IPS FreeSync AG24P ホワイト","7289","40","","29","¥ 14,999","","1","B0GHRBCK75","B0HBB69HMW","72","44","15","5000"
"【NEW】エプソン プリンター エコタンク搭載 A4カラーインクジェット複合機 EW-M678FT ADF搭載 FAX対応 無線・有線LAN 前面給紙 テレワーク 自動両面印刷 2025年モデル","7293","123","100","32","¥ 51,430","¥ 52,500","26","B0FGHPL6P7","B0FLXHLC59","50.4","41.9","32.2","9660"
"BALILA CM300 会議用マイクスピーカー 10台ワイヤレスマイク付き 360°音声ピックアップ USBスピーカーフォン 10～15人対応 AIノイズ低減 エコーキャンセリング 全二重通話対応 Zoom・Microsoft Teams・Google Meet対応","7295","71","50","61","¥ 23,999","","1","B0CB8F6VHV","B0DM63FTSS","21.4","17.1","9.1","480"
"【2026新登場 Android 16 タブレット 10インチ強化版】タブレット 10インチ wi-fiモデル 8コアCPU 24GB RAM+64GB ROM+2TB拡張 tablet アンドロイド16 GPS搭載 6000mAh大容量 子供の学習・シニア利用・動画視聴・電子書籍・Web会議・旅行ナビに対応 顔認証 Widevine L1 Netflix対応/保護フイルム貼り済","5940","125","100","390","¥ 12,999","","3","B0G5PQD5MK","","34.1","20.3","3.7","840"
"Nextorage 日本メーカー CFexpress TypeB 128GB 最大読出し速度1100MB/s 最大書込み速度1000MB/s NX-B2SE128G ネクストレージ メモリーカード","7301","117","100","86","¥ 15,180","","1","B0CHYCKMQM","B0BQG2RLWM","12.7","10.1","1.7","30"
"【Amazon.co.jp限定】【FPS向け】ASUS 超軽量54g Aim Lab ワイヤレス ゲーミングマウス (エイム練習特化ゲームAim Labとの共同開発・ゲームと連動したマウス設定も可能/36,000dpi / マウスグリップテープ付属 / Amazon限定2年保証/国内正規品)ROG Harpe Ace Aim Lab Edition ホワイト","7303","79","","1","¥ 14,500","¥ 14,957","3","B0CYLPWXB7","B0FT8D5NKL","17.2","11.3","7.7","270"
"サンディスク 512GB microSD Express カード - Nintendo Switch 2 対応、最大880MB/s読み取り、最大650MB/s書き込み、持続220MB/s書き込み、U3、C10 - SDSQXFN-512G-GN4N","7306","97","100","1963","¥ 23,559","","28","B0DTQ35NH6","B0GY9GBS33","23","17.8","5.6","30"
"ブラザー工業 A4モノクロレーザー複合機 MFC-L2880DW (FAX/無線・有線LAN/ADF/両面印刷)","7309","100","50","53","¥ 33,500","¥ 33,873","20","B0CSMDSVY3","B0FFHC71PN","59.2","51.5","44","15200"
"【インク革命】 Canon用 BCI-331 330/6MP 互換インク 6色マルチパック +顔料ブラック 大容量 キヤノン インク 331 330 シリーズ 純正インクと併用可 ICチップ付き 残量検知対応 【日本企業】 対応機種：PIXUS TS8530 / TS8630 / TS8730 / TS8830 / TS8930","7311","43","","6","¥ 5,260","","1","B09TPGR17F","B09NVNTHWG","24","18.4","2.4","270"
"バッファロー NAS 4TB スマホ/タブレット/PC対応 ネットワークHDD LS220D0402N 【データを守るRAID1対応モデル】","7315","70","","115","¥ 43,480","","1","B00KIB45B6","B07TSMWZLH","25.8","22.4","13.2","2660"
"【整備済み品】Dynabook ノートパソコン Office搭载 G83,13.3 インチ 軽量 パソコン Core i5 第10世代,中古 ノートPC 16GBメモリ 512GBSSD,windows11 Pro 薄型 laptop 1kg以下","7316","69","","87","¥ 47,224","","1","B0F21W2BL6","B0H94THCVX","40.2","29.8","10.7","1350"
"エレコム マウス 有線/ワイヤレス/Bluetooth トラックボール人差指 中型ボール 8ボタン チルト機能 ブラック M-DPT1MRXBK","7318","177","100","2116","¥ 11,527","¥ 11,527","10","B07C9T4TTW","B08K3F7Q72","20.9","13.5","6.7","350"
"PBTキーキャップ、XVX Green Apple Jelly HOAプロファイル、132キーかわいいカスタムキーキャップ(チェリー/Gateron MXスイッチ付きメカニカルキーボード用)-アップルグリーン","7324","23","","11","¥ 6,425","","1","B0FCS5KVY7","B0FH67K541","25.4","18.4","3.1","381"
"ヤマハ ユニファイドコミュニケーション マイクスピーカーシステム USB YVC-1000","7325","103","50","138","¥ 113,185","¥ 113,185","20","B00KC82ISW","B08T622RYT","39.4","25.4","25.2","3760"
"外付けハードディスク 超薄型・（黒） 容量：4TB","7448","8","","1","¥ 10,999","","1","B0HCYVFB68","","12.7","8.8","2.2","50"
"MSI GeForce RTX 5080 16G SUPRIM SOC グラフィックスカード VD8972","7330","106","","59","¥ 363,529","","7","B0DMSKSMKC","B0F1TPJ22W","44.5","27.1","11.7","3530"
"ARCTIC P14 Pro PST 5個パック - パワフルなプレミアムファン 140mm PWMファン Yケーブルスプリッター付き 400~2500RPM 0RPM <5%PWM 流体ダイナミックベアリング 4ピン - ブラック","7335","57","100","535","¥ 5,480","","39","B0DPX94PSL","","15.3","14.8","14.6","1330"
"LG モバイルモニター gram +view 16MQ70 16インチ/WQXGA(2560×1600)/IPS 非光沢/DCI-P3 99%/USB Type-C×2/670g","10222","58","","77","¥ 44,500","","1","B09XMG7W2Z","B0C7QFYKRN","42.1","28.8","5.7","1670"
"SKYWORTH テレビ 50インチ 4K対応 UHD 液晶 地上波対応 Googleテレビ ネット動画 スマートテレビ 低ブルーライト ダブルチューナー 外付けHDD 裏番組録画 Bluetooth 目に優しい 50型 50G6600H スカイワース","7337","7","50","23","¥ 50,384","","1","B0FMY5SQKH","B0GMV5W1TB","120.6","75.9","13.1","12100"
"Amazon限定 バッファロー ポータブルSSD 250GB Type-C/A USB3.2Gen2 600MB/s ブラック","7339","48","","70","¥ 21,240","¥ 21,240","1","B0FMY9YVBR","B0G2YDMBLV","11.6","6.1","3.4","30"
"Quntis モニターライト 自動点灯&消灯 52cm 広範囲照明 環境光自動調光 人感レーダーセンサー搭載 モニター掛け式ライト グレー","7347","30","50","3","¥ 6,798","","1","B0GXDRTVX2","","55","23","5","1000"
"ZUGU CASE iPad 第10/11世代 A16 10.9インチ 2022/2025 [ブラック]","7347","46","","6603","¥ 8,490","","57","B0BJS4FR77","B0BYY9M9YL","26.2","19.6","2.2","500"
"サンワサプライ 2画面出力対応HDMI付USB Type-Cハブ USB-5TCHHP32BK","7348","17","50","","¥ 7,573","¥ 7,573","2","B0H6PDTDWL","","23.5","20.9","1.7","90"
"ASUS TUF GAMING X870-PLUS WIFI AMD Ryzen 9000 シリーズ AM5 対応 X870 チップセット搭載 ATX マザーボード/国内正規代理店品","7349","80","","12","¥ 39,300","¥ 40,091","6","B0DHV6WBB6","B0H2C33LQP","35.7","27.5","7.2","2170"
"XVX Crazed Heart 21キーセラミックキーキャップ、チェリープロファイルブランクノーレジェンド、プレミアムアルミナセラミックキーキャップセット、クレイズグレーズハートシェイプレイアウト キーボードのカスタマイズ&ゲームセットアップ用","7362","4","","165","¥ 8,610","","1","B0GL4Z3DJ5","B0D9D7TXSS","22.8","20.7","2.4","272"
"Buffalo VR-U300Wシリーズ VR-U300W ホワイト","7364","91","50","11","¥ 36,240","","5","B0CK2B2DGX","","31.5","22.5","7.9","1820"
"REALFORCE R4 キーボード ハイブリッド フル 30g 英語配列 ブラック R4HB13","7366","68","","2","¥ 37,829","","5","B0GCJNZFZ2","B0FVF7CZRX","53.2","23.5","7.5","1300"
"「国内正規品」Keychron Q1 Ultra 8K メカニカルキーボード 2.4G/Bluetooth/有線 USレイアウト バナナ軸 ブラック","7368","56","","28","¥ 31,944","","3","B0G4M9ZKQD","B0GCMS2C8Q","36.5","20.6","7.2","2318"
"Hanye 512GB 内蔵型SSD 2.5インチ 7mm 3D NAND採用 SATAIII 6Gb/s 550MB/s 正規代理店品","7375","69","","1358","¥ 11,022","","2","B0BVB36TJ3","B0BVM1TQSB","13.2","9.7","1.4","70"
"MMOMENT SDカード 128GB メモリーカード 4K動画対応 / デジタルカメラ/一眼レフ / V30 / Class10 / UHS-I / U3【最大読込95MB/s】","7380","77","","100","¥ 5,699","","1","B0CGWNLS85","B0CKVX9XML","13.1","9.9","1.8","10"
"ロジクール ワイヤレスマウス トラックボール 無線 M575GR Bluetooth Unifying 5ボタン トラックボールマウス ワイヤレス マウス windows mac iPad M575 電池寿命最大24ケ月 グラファイト 国内正規品","7390","131","50","5143","¥ 7,280","","18","B08L4YZH2B","B0DK6S4QQ8","18.4","10.6","5.2","230"
"PC USB ハンドブレーキ リニアハンドブレーキをシミュレートロジクール G27 G29のレースゲーム用 14ビット","7400","81","50","262","¥ 7,199","","1","B08JPWM4P2","B0DT467KLZ","34.3","20.1","9.3","1590"
"HUION Keydial mini 左手デバイス 片手キーボード bluetooth 5.0 ワイヤレス接続 液タブ ペンタブ用 動画 画像編集","7409","67","50","244","¥ 7,499","","1","B01GZX4UQU","B0BW8P9TXS","18","12.5","4.4","290"
"ネットギア アンマネージプラス スイッチングハブ ギガ8ポート PoE+対応(全体123W) 卓上型コンパクト GS308EPP VLAN QoS 静音ファンレス 省電力 5年保証","8846","74","50","18","¥ 18,414","¥ 18,600","10","B08QRZT1WN","B0H1H81CTT","26.5","16.7","8.9","1510"
"【整備済み品】東芝 dynabook B65 15.6型ノートPC/第7世代Core i5/8GB/SSD256GB","7419","41","","12","¥ 19,380","","1","B0DGSVZRYQ","B0FWRK1CR6","44.1","28.6","9","2690"
"Cable Matters [Intel認定] 40Gbps Thunderbolt 4ケーブル、3.3フィート/1m。","7421","102","","2919","¥ 7,751","","1","B0B57RFVJ8","B09BYFK24P","20.3","15.7","1","50"
"NEC ノートパソコン LAVIE N13 Windows11Home Corei5 メモリ8GB SSD256GB 13.3インチFHD液晶 ネイビーブルー N1355FAL-KH2","7425","55","50","10","¥ 93,800","¥ 93,800","1","B0FRSFQBZF","B0GK57JFGC","35.5","30.3","5.9","1820"
"10Gtek 1.25G SFP-T, 1000Base-T カッパー SFPモジュール, SFP to RJ45 SFP, 光トランシーバ, Cisco GLC-T/SFP-GE-T、Meraki MA-SFP-1GB-TX、Netgear、Ubiquiti UF-RJ45-1G、Mikrotik、Intel、 D-Link、Supermicro、TP-Linkなど互換 4個入り","8698","20","","25","¥ 8,999","","1","B0BVSXDR3C","B0FSL5D348","19.3","14.2","2","110"
"Ulanzi ZJ02 カメラアーム スタンド 俯瞰撮影 卓上 撮影スタンド 109cm 4段階伸縮式アーム 1/4ネジ付き ボール雲台360度回転 自由調節可能 アルミ製 2kg耐荷重 安定性 収納快適 省スペース スマホスタンド アーム LEDライト/マイク/Webカメラに対応 ビデオカメラ キヤノン YouTube/TikTok/vlog/ビデオ会議/宅録生放送用","7436","86","100","46","¥ 5,904","","1","B0DDKP6FVV","","49.9","14.7","7.1","1230"
"YUNZII X75 PRO 82キーワイヤレス ホットスワップ対応 英語配列 メカニカルゲーミングキーボード 透明キーキャップ BT5.0/2.4G/USB-C ガスケット装着キーボード Windows/Mac用 技適認証取得 (クリスタルホワイト軸、無線ホワイト）","7444","87","","135","¥ 8,207","","1","B0BLTMW2NB","B0CN12L7R6","39.8","16.7","5.9","1329"
"ATTACK SHARK X820ULTRA メカニカルキーボード ゲーミング 発光Type-Cケーブル カスタム 75％配列 LEDディスプレイ","7445","41","","27","¥ 7,999","","1","B0GVN885FL","B0FKYLL6K7","35.2","18.5","5","1100"
"MSI GT 710 2GD3H 4HDMI グラフィックスボード VD9284","7447","118","50","35","¥ 5,980","¥ 9,071","38","B0BSN9HJB8","","23.4","15.9","4.7","310"
"TURTLE BEACH ゲーミングヘッドセット Stealth 600 Gen3 PC マルチプラットフォーム ブラック ワイヤレス 2.4GHz/Bluetooth 軽量 Waves 3D対応 ヘッドホン マイク PC PS5 PS4 携帯型ゲーム スマホ Steam Deck 対応ノイキャン 80時間持続 50mm ミュート【メーカー保証2年】","7448","31","50","1158","¥ 12,300","¥ 12,800","5","B0CZX7MB48","B0FBS8Q22J","23.5","20.3","9.8","621"
"【純正品・6色パック】工 プ ソ ン 純正 インクカートリッジ とうもろこし IC6CL80M 6色パック ブラックのみ増量 (オリジナル消臭袋)","7455","85","100","39","¥ 7,800","","1","B0FL1ZHZBH","","10","6","5","500"
"【国内正規品】Keychron K5 Max ロープロファイル ワイヤレス・カスタムメカニカルキーボード、フルサイズ、2.4GHz・Bluetooth無線・有線対応/QMKプログラム可能/日本語JISかな印字なし、White LEDライト、ダブルショットPBTキーキャップ、Mac Windows対応 (ロープロファイルGateronメカニカル茶軸)","7460","40","","4","¥ 15,928","","1","B0FTLFQCY9","B0FTLGM4BL","45","16.8","4.4","1180"
"iFacemall ipad キーボード付きケース Pro 11インチ 第4/3/2/1世代 対応 JIS日本語配列 360度回転式 透明なゴールド","10482","65","","82","¥ 15,980","","1","B0F2J718D5","B0F23C4344","27.7","22","2.9","1060"
"【国内正規品】Keychron K10 Max QMK ワイヤレス カスタム・メカニカルキーボード 、フルサイズ、2.4GHz・Bluetooth無線・有線対応/QMKプログラム可能/JISレイアウト/White LEDライト/Superスイッチ/ホットスワップ対応/Mac Windows Linux対応 (Keychron Superメカニカルバナナ軸（ホットスワップ）)","7466","42","","4","¥ 17,512","","1","B0F8FXPGQ8","B0F8FS9NKM","48.5","22.1","7.3","2130"
"INNOCN 34C1R 34インチ ウルトラワイドモニター UWQHD 3440x1440 180Hz IPSパネル HDR400 HDMI 2.0*2+DP1.4*2 PIP/PBP対応 高さ調整","7469","39","50","4","¥ 38,980","","1","B0GZTXD6M3","","91","45.5","21.5","12600"
"MMOMENT 512GB A2V30 MicroSDXCカード Gopro対応 SDアダプター付【最大読込160MB/s】","7470","100","","41","¥ 15,999","","2","B0CRVCX3MB","B0CCS2H4MQ","13.2","9.9","1","18"
"「国内正規品」Keychron V0 Ultra ワイヤレス数字キーパッド 2.4GHz＆Bluetooth 5.3接続 ノブ付き ブラック 茶軸","7477","48","","13","¥ 11,968","","3","B0FYFHBRC8","B0GT4NC7J4","17.3","17.1","7.9","620"
"ASUS RTX5070 搭載 ビデオカード PCIe 5.0 12GB GDDR7 OC Edition PRIME-RTX5070-O12G 国内正規代理店品","7478","139","200","31","¥ 138,000","","11","B0DZ619GJ8","B0FZJDYL4C","40.6","23.5","8.9","1650"
"【Switch 2 専用設計】GIGASTONE microSD Express microSDカード 128GB SD7.1 読み取り速度/書き込み速度最大 880/500MB/s A1 V30 U3","7479","103","200","60","¥ 8,990","","2","B0FQJF3C9M","B0G1LXJV6G","13.6","8.9","1.4","41"
"AIOLO INNOVATION 外付けHDD 500GB 保証3年 超薄型 2.5インチ USB3.2対応 ポータブルハードディスク テレビ録画/PC/Mac/PS4/PS5/XBox対応 Type-Cケーブル付 A4-500G-BLK-A (× 2)","7005","19","","197","¥ 9,760","","","B0GZK9G26R","B0CR3758KW","13.8","10.2","3.7","460"
"【OWC直営】OWC Thunderbolt 5 (USB-C) ケーブル 0.3m 240W給電 Thunderbolt 4 Thunderbolt 3対応 (0.3M) (× 2)","7867","8","","367","¥ 6,946","","","B0GZJT5M94","B0DHXCKNYJ","16","12.6","1.3","100"
"WORLDLIFT PC モニターアーム 3画面 17～49インチ対応 左右17-35インチ対応 ガス圧式 液晶ディスプレイアーム ロングポール800mm 耐荷重20kg VESA対応 75x75/100x100mm","7488","43","","18","¥ 9,980","","1","B0FZ9BLGLN","B0HF7XS2QL","44.5","22.3","13.4","7490"
"Anker PowerExpand 13-in-1 USB-C Dock ドッキングステーション","7491","95","50","582","¥ 19,990","","3","B088FMRW7L","","21.1","15.7","8.2","1170"
"ZIKNYDO 長さ5m USB-C ＆ USB-Cケーブル、最大20Gbpsのデータ転送速度に対応、240W充電対応、8K@30Hz、4K@60Hz/ 144Hz 映像出力、USB ケーブル Type-C (モニター、ノートパソコン、MacBook Pro、iPad Pro、Dell XPS用)","7498","70","","619","¥ 5,499","","1","B0FLX8LZV2","B0FMPVP4W3","25.8","19.9","3.2","230"
"エプソン プリンター A4 カラーインクジェット 複合機 ビジネス向け PX-M887F FAX機能付き","7499","43","","29","¥ 49,500","¥ 49,500","7","B0BH4T3WP4","B0FTSQN1RM","54","53","49","22380"
"JAPANNEXT 32インチ モニター フルHD 1920x1080解像度 VA ディスプレイ (HDMI/スピーカー内蔵/VESA対応/ブルーライトカット) JN-V32FLFHD","7504","92","50","81","¥ 22,480","¥ 25,436","14","B0C4NKVHWC","","82.2","51.3","13.9","6750"
"エレコム ゲーミングキーボード V-custom VK300S 有線 RGB テンキーレス 65%サイズ メカニカル ネオクラッチキーキャップ 銀軸 スピードリニア USBポート搭載 ピンク TK-VK300SPN","7505","99","","182","¥ 11,580","","2","B0C1YTZJ3P","B0CB9Q1QLX","35","18.3","4.7","960"
"LIANLI コンパクトPCケース A3-mATX WD 木製フロントパネル 容量26.3リットル Micro ATX/Mini-ITX規格対応 360mmラジエーター搭載可能 ATX/SFX/SFX-L電源対応 日本正規代理店品","7516","75","","455","¥ 11,855","¥ 11,855","3","B0DF5CSTZ1","B0DZ1MBTC6","50.9","39.7","27.2","6080"
"PFU ドキュメントスキャナー ScanSnap iX2400 (高速毎分45枚 両面読取 ADF USB接続 フラグシップ) 書類 レシート 名刺 写真 領収書 (White)","7519","113","50","16","¥ 41,100","¥ 41,100","13","B0FWYL14GV","B0G1HM7N9B","45.9","30.5","24.4","4480"
"ARZOPA 16.1インチ ゲーミングモニター 144Hz モバイルモニター フルHD IPS非光沢パネル 自立スタンド付 HDR対応 ブルーライト軽減 Switch/PS5/PC対応 USB/Type-C/mini HDMI Z1FC","7522","109","50","2538","¥ 17,880","","2","B0CH9WTW56","B0GV3G24R6","39.6","25.9","4.4","1490"
"タブレット Android 16 タブレット 10インチ WiFiモデル 64GB ROM Gemini AI搭載 GPS Office対応","7525","37","100","17","¥ 17,998","","3","B0H41DGH6X","","30","19","2","50"
"キングストン SDXCカード 64GB 最大300MB/s UHS-II V90 4K 8K Canvas React Plus SDR2/64GB カードのみ 製品寿命期間保証","7525","105","","2804","¥ 15,272","","47","B09XC5GG83","B0F1GJRGWX","23.2","17.9","1.2","30"
"【整備済み品】 NEC 12.5型 947g 軽量 ノートPC VC /第10世代 Core i5 ノートパソコン /Windows 11 /MS Office H&B 2019/ HDMI/WIFI/カメラ/8GB/SSD 256GB","7526","66","","21","¥ 36,380","","1","B0FBQVZRKF","B0GVS7NF45","39.1","24.5","6.4","1470"
"AIM1 電 マウスパッド ゲーミング ゲーミングマウスパッド 大型 スピードタイプ (長さ490 x 幅 420 mm, SOFT)","9201","55","","15","¥ 6,282","","1","B0FWQSR77B","B0FXGNWT7V","52.8","44.9","1.1","600"
"ミニPC Intel N4500【2026新モデル・業界超ミニ】最大2.8Hz mini pc Windows11 Pro 8GB+256GB SSD (PCle4.0対応可能) 日本語版 小型超軽量ミニパソコン｜4K静音 高速熱放散｜HDMI 2.0｜BT5.0 ビジネス/在宅ワーク向け 企業用/業務用","7535","115","50","48","¥ 29,306","","2","B0GTLHX525","B0H3V4TQ9S","23.2","14.5","6.7","600"
"【2026最新登場タブレット Android16 11インチ】Tabwee アンドロイドタブレット Wi-Fiモデル、16GB+64GB+2TB拡張 Gemini AI 4.0搭載 / 8000mAh/ 5GWiFi/ 子供モード/AWアイケアモード/GMS認証/BT5.4/ GPS/WPS/Youtube/無線投影/AIカメラ 学習用tablet","7538","45","50","206","¥ 25,999","","2","B0GYSKD1C3","B0H5BY3LBR","32.5","20.1","3.8","830"
"Apple 2026 MacBook Pro 18コアCPU、32コアGPUのM5 Maxチップ搭載ノートパソコン：AIのために設計、14.2インチLiquid Retina XDRディスプレイ、36GBユニファイドメモリ、2TBのSSDストレージ - シルバー","7541","102","","1","¥ 699,800","¥ 699,800","1","B0GR1PKPXR","B0FWJR4K4Q","40.2","30.4","8.4","3170"
"ピクセラ LTE対応 SIMフリーホームルーター PIX-RT100 ※SIM別売","7543","71","50","105","¥ 13,961","","5","B0B5V1V1FM","","27","21.5","5","420"
"WorldPlus FPB0340S FPCBP536 FPB0339S バッテリー 富士通 Fujitsu LifeBook U937 U938 U939 U939X U9310 U9310X","7548","52","50","55","¥ 7,191","","1","B0F6N5TF67","","30.4","11.2","2.7","350"
"【純正品３色セット】エプソン 大容量インクカートリッジ (マウス) IB07B 3色セット (IB07CB IB07MB IB07YB)","7549","120","100","57","¥ 6,779","","11","B098N8ZGJV","","16","10","6","160"
"Starway ポケットwifi 契約不要 モバイルwifi 国内150GB 365日間付き","7562","48","50","21","¥ 10,990","","1","B0FGD79Q3P","B0FMXQT5Q5","16.5","12.5","3.7","300"
"Lenovo Idea Tab Plus タブレット (12.1インチ ワイド パネル MediaTek Dimensity 6400 プロセッサー 8GB 128GB Wi-Fiモデル) サンドローズ ZAG70287JP 【AndroidOS】","8467","123","","4","¥ 53,790","¥ 53,790","1","B0G12THWX7","B0G42JFG52","29.2","19.3","4.5","1030"
"【整備済み品】【MS Office H&B 2024】ノートPC VersaPro VB-1/12.5型/ Core i5-6200U/Win11 Pro/Bluetooth/wajunのwifi / 8GB/128GB SSD","9086","10","","","¥ 19,800","","1","B0H5481HG4","B0H9VXYP3K","43","28","7","2500"
"EMEET C950 4K UHD webカメラ PDAFオートフォーカス ウェブカメラ","7574","115","50","5835","¥ 5,499","","1","B0D7V9BXPH","B0H1GC854G","9.9","8.1","4.7","90"
"Amazon限定 東芝 外付けHDD 4TB テレビ録画対応 HDD Canvio Desktop HD-TDA4U3-B/NA","7577","161","","24","¥ 24,980","¥ 24,980","1","B0FWQZHP7F","B0FXWT6G6X","21.8","21.3","7.7","1140"
"バッファロー (BUFFALO) 無線LAN親機 11ac/n/a/g/b 866+300Mbps WSR-1166DHPL2","7578","44","50","83","¥ 5,480","","9","B087Z4SMKY","","22","17","7.2","680"
"GravaStar MERCURY M1 PRO ワイヤレス ゲーミングマウス マグネシウム合金 無線 PAW3395搭載 プログラム対応 グレー","7580","97","","1450","¥ 15,980","","1","B0CTMTKCRY","B0GL7QMHQW","18.8","10.8","7.4","349"
"Cable Matters 10Gbps スナッグレス薄型Cat 6イーサネットケーブル、75フィート、ブラック。","7582","20","","144","¥ 5,903","","1","B0DB4KPF8X","B0DQ4XTTG5","22.9","18.8","4.1","372"
"iCasso (アイキャッソ) 大型ゲーミングマウスパッド (35.4 x 15.7インチ) 3mm 滑りにくいゴム製の底面 端にステッチ入り 防水性のあるキーボード/マウスマット デスクパッド 仕事/ゲーム/オフィス/自宅用 - サイレントナイト","8857","40","","9029","¥ 6,278","","1","B09PR6SM73","B08CZ3BX1K","42.8","8.2","6.3","680"
"ORICO USB ハブ USB3.2 7ポート 60WPD充電 10Gbps高速転送 アダプタ付き セルフパワー/バスパワー両対応 100cmケーブル USB-C/USB-Aデバイス両対応 Windows/Linux/Mac OS/Android等OS PC/タブレット対応 テレワーク リモート 在宅勤務","7595","92","50","85","¥ 7,358","","1","B0BHRQSV94","B0GWCVQMNM","18.7","13.5","6.5","530"
"オムロン(Omron) 無停電電源装置 UPS BY35S","7597","44","50","123","¥ 22,360","","18","B002UQFAPW","","37.4","26.8","17.2","5561"
"グリーンハウス モニターアーム ガス圧式 17-32インチ対応 耐荷重1-9kg 3年保証 4軸 ブラック GH-AMDP1-BK","7597","98","50","124","¥ 6,298","¥ 6,298","2","B0CPLJT9FX","B0GYZCWKF9","42.3","22.4","12.6","3650"
"エレコム usb c 変換アダプタ Type-C to HDMI (2ポート) 4K(3840×2160px)/60Hz マルチディスプレイ ミラーリング 0.12m ケーブル 【iPhone MacBook iPad Android 等に対応】 ブラック AD-CHDMI2BK2","7600","101","","3","¥ 6,000","","21","B0DFWC66YN","B0DLGYDYZ1","17.3","8.2","2.3","60"
"ERGOTRON エルゴトロン HX モニターアーム デスクマウント シルバー 49インチ(9.1~19.1kg)まで VESA規格対応 45-475-026","8092","71","","437","¥ 46,970","¥ 46,970","11","B01MXYN33U","B0BG4TFJB3","47","29.2","19","7756"
"GMKtec ミニpc G3 Pro 初登場【インテル Core i3 10110U ｜64GB DDR4＋8TB SSD拡張対応｜】 Win11 Pro mini pc 最大4.1GHz WIFI6 BT5.2 小型 M.2 2242 ミニパソコン 2画面出力 超軽量 高性能 みにpc nucbox 省エネ 超小型VESA付き デスクトップpc 企業用/業務用/在宅用に最適 16GB+256GB","8668","104","","469","¥ 47,999","","1","B0GS1MK74D","B0HGS1473V","16.4","15.9","10.7","930"
"Razer レイザー Moray ゲーミングイヤホン ハイブリッドデュアルドライバー インイヤーモニター 薄型形状 パッシブノイズアイソレーション 耳掛け式編組ケーブル 取り外し可能なOFC MMCXワイヤー カスタムイヤーチップ キャリングケース モレイ 【日本正規代理店保証品】","7613","74","50","75","¥ 10,800","¥ 10,800","8","B0C9T2L9XD","B0H8GQ2SFD","14.1","13","7.2","340"
"Bauhutte (バウヒュッテ) ロングモニターアームMS 2～3画面まで対応 リクライニング時に引き寄せられるロング仕様 可動距離 最大約76cm 34インチ(2～10kg)まで メカニカルスプリング式 マルチモニター BMA-2MS-BK","7613","91","","6","¥ 22,881","¥ 22,881","2","B0GH6N7B2P","B0FJRG6F9V","48.9","29.7","15.2","10540"
"【純正品 4色セット】 キャノン インクタンク PGI-1300XLBK (大容量) ＋ PGI‐1300C/Y/M (3色標準容量) 対応機種：MAXIFY MB2030,2130,2330,2730","7615","56","50","9","¥ 7,978","","1","B0GKPR2VY1","","13.8","13.1","6.9","270"
"MSI QD-OLED ゲーミングモニター MPG 491CQP QD-OLED 49インチ/湾曲/DQHD/QD-OLEDパネル/144Hz/0.03ms(GTG)/ハードウェアブルーライトカット/DisplayHDR True Black 400/AIビジョン搭載/HDMI2.1/DP/USB Type-C給電可能(最大90W)/KVMスイッチ/縦横回転・高さ調整/メーカー3年保証","7620","58","","11","¥ 178,000","¥ 178,000","2","B0CVWYQ3BD","B0H4YB11FZ","135","54","30","17000"
"メディアカバーマーケット dynabook G83/LY 13.3インチ マグネット式 覗き見防止 プライバシー フィルター 2024年版 互換品 ブルーライトカット のぞき見防止 フィルム ダイナブック (× 2)","9675","15","","37","¥ 6,600","","","B0GZ94C4RR","B0FJKX14V9","34.5","22.8","2","220"
"タブレット8インチ G99 Headwolf FPad5 Android 14 タブレット、Widevine L1対応、In-Cell 1920x1200 FHDスクリーン、16GB(8+8拡張) RAM、128GB ROM、2TB拡張可能、5500mAhバッテリー、8MP/16MP カメラ、SIM 4G LTE通信、2.4/5G WiFi、BT5.2、顔認識+ワイヤレス投影+GPS","7626","92","50","51","¥ 15,999","","1","B0F3HD78PB","","21.3","13.8","4.7","610"
"YMYWorld 汎用 23インチ 23.6インチ 23.8インチ 24インチ / imac24インチ 対応 フィルター ブルーライトカット 反射低減 液晶保護 プロテクター ブルテクター アンチグレア","12632","14","","21","¥ 7,290","","1","B0B2QG63GK","B0HB8XZBLD","71.8","44.2","3.8","1010"
"FFF 外付HDD 12TB PC・テレビ録画対応 USB3.2 高速転送 Windows/Mac対応 MAL312000EX3-BK","7630","61","","9","¥ 45,410","","1","B0DKFGG8BY","B0FJL3DQZ8","22.2","21.7","8.4","1160"
"Antbox iPad Air 11インチ M4/M3/M2 (2026/2025/2024)、iPad Air 第5世代/第4世代 10.9インチ ビーガンレザー ペンシルホルダー付き タイピング角度 自動スリープ/ウェイク マルチスタンド (グリーン)","7640","16","","888","¥ 8,989","","1","B0H5NZMDKW","B0CYTC1YH6","25.8","20","2","420"
"Perixx PERIPRO-303X2G 34mm 交換用トラックボール サッカー テニスボールセット","7642","56","","","¥ 7,999","","1","B0D79M1QTH","B0D6WDZ3PX","9.2","6","4.2","110"
"【整備済み品】DELL ノートパソコン Office搭载 latitude 3500,15.6インチ 中古 パソコン i5-8265U(1080P),ビジネス ノートPC 32GBメモリ 512GBSSD,デル Laptop windows11 Pro 日本語キーボード付き","7643","32","","","¥ 61,560","","1","B0H7JT3HDD","B0HDYVWCRL","38","26","1.8","2000"
"タブレットアーム アルミ製 iPadスタンド ブラック AboveTEK スマホ対応 角度調整 360°回転 縦横置き両用 寝ながら ベッドで動画視聴用 Cクランプ式 4関節 卓上 4.7～13.5インチ タブレットスタンド iPad Pro Air Mini iPhone Galaxy Tab 多機種対応 Web会議","7644","64","50","660","¥ 5,525","","2","B0CC1CTVZB","B0CC1M8P3R","43.2","27.9","7.2","1520"
"【Amazon.co.jp限定】Lenovo モニター L24-41 日本国内5年保証/23.8インチ/フルHD/IPSパネル/HDMI1.4x1, VGAx1/傾き調整/VESA対応","7649","103","300","20","¥ 15,642","¥ 15,642","1","B0G42QB93M","B0G7CDQ96X","60.8","42.1","11.4","4910"
"【整備済み品】超軽量薄型 ノートパソコン LIFEBOOK U9310 13.3型FHD(1920x1080) 第10世代Core i3 / メモリ 8GB / SSD 256GB / Windows 11 Pro/MS Office 2024 / Webカメラ/Wi-Fi/Bluetooth/あんしん特別保証（180日＋延長30日） (整備済み品)","7649","10","","","¥ 25,800","","1","B0H9FF2K6C","B0H9FN966R","25","25","7","2000"
"SAIJI 折りたたみミニテーブル「安定性強化版」ローテーブル ベッド用 軽量 大容量天板 角度・高さ調整可能 引き出し&ブックスタンド付き 表面PVC加工 40kg耐荷重 勉強 食事 一人暮らしに最適 K7 (ブラック, 60*45cm)","7652","60","","1375","¥ 7,199","","1","B0871T9PKN","B09C7K48MC","66.9","52","10.9","4100"
"Eyoyo 10インチ小型モニター 1920x1200P解像度 HDMI VGA 入力 スピーカー内蔵 防犯カメラ PC サブ コガタモニター","8906","41","","231","¥ 12,900","","1","B0GGXJSFPF","B0F4XSFMX9","28.7","19.4","10.6","1010"
"LG モニター 34SR63QA-W 34インチ 曲面(1800R)/3440×1440/100Hz/USB-C PD90W/webOS","7654","109","50","48","¥ 57,374","¥ 57,374","3","B0F6CZX2RC","B0H6GZT3KB","98.6","52.4","21.2","9000"
"Fargo TAPKING 電源タップ USB 3.4A Type-A 2ポート クルッと回転 (ダークウッド, TYPE-C付き AC12個口)","9101","42","","2","¥ 5,512","","1","B0GK11775M","B0DH7T424C","33.9","9.2","5.7","610"
"JBL QUANTUM 910 ゲーミングヘッドセット/7.1chサラウンド/ヘッドホン/ノイズキャンセリング/ハイレゾ対応/3.5MM+2.4GHzワイヤレス接続+Bluetooth/PS5 PS4 Switch 対応/ブラック/JBLQ910WLBLK 小","7663","61","50","68","¥ 19,340","¥ 19,340","3","B0BM45KB8Q","","25.7","22.2","9.9","1120"
"Speed Wi-Fi DOCK 5G 01 ブラック CPS01SKU","7664","85","50","33","¥ 13,500","","3","B0FDFS7ZRL","","16.9","9.8","8.2","460"
"CANON　純正品　トナーカートリッジ071　CRG-071 2本セット LBP121 LBP122 MF273dw MF272dw 対応応","7666","62","50","12","¥ 12,510","","15","B0CB53JW1K","","36.6","22.5","13.9","1530"
"エレコム 外付けSSD USB3.2 Gen1 対応 スライド式 マニュアルQRシール付 500GB ブラック ESD-EWB0500GBKR","7667","89","50","6","¥ 15,180","","14","B0FB3JX4RM","B0FBG4MG5D","15.7","12.1","3.1","40"
"MINISFORUM MS-02 Ultra ミニワークステーション、Intel Core Ultra9 285HX、ベアボーンキットPC、256GB ECCメモリ対応、DDR5 SODIMM + 4基M.2 PCIe4.0 SSDスロット、デュアル25GbE SFP+、2.5+10GbE、vPro対応 4.8LコンパクトPC、350W内蔵電源搭載","7668","89","","","¥ 201,599","","1","B0G39LG7W5","B0H7JC5WPY","33.6","29.3","16","4550"
"【国内正規品】Keychron V6 Max QMKフルサイズ ワイヤレス・カスタムメカニカルキーボード、2.4 GHz/Bluetooth 5.1/有線接続、JISレイアウト、RGBライト、ホットスワップ対応Gateron Jupiterメカニカルスイッチ/ガスケットマウント搭載/Mac Windows Linux対応 (Gateron Jupiterメカニカル赤軸（ホットスワップ）)","8685","59","50","16","¥ 16,720","","2","B0DVPG18PJ","B0DVPJ55Z2","53","26","13","1650"
"kksmart モバイルモニター 自立型 タッチパネル 15.6インチ 軽量770g 収納ケース付 縦置き 背面端子 1920x1080FHD 非光沢IPSパネル VESA対応 モバイルディスプレイ ポータブルモニターType-C/miniHDMI PS5/XBOX/Switch/PC/Macなど対応 GT-156","7674","76","50","1133","¥ 13,999","","1","B0B2WLQS39","B0GXTW16K8","40.4","27.2","6.9","1630"
"Type-C テスター、電流双方向対応、ケーブル付き、USB C テスター","9858","38","","493","¥ 8,264","","1","B0DF2KFDC8","B0DLVZT7RJ","10","9.1","1.9","50"
"【純正品 4色セット】ブラザー TN299XXLBK（大容量 ブラック）, TN299C/M/Y (標準容量 シアン/マゼンタ/イエロー) 対応機種：HL-L3240CDW / MFC-L3780CDW","7682","48","50","1","¥ 38,400","","1","B0H4J1GCSD","","41","38","15","2000"
"Lifeinnotech 24インチ 16:9 覗き見防止フィルター プライバシーフィルター ブルーライトカット 反射防止","7682","54","","295","¥ 5,261","","2","B08LYLST2J","B0GHN94P2B","62","25","1","280"
"【整備済み品】 2in1モデル Let's note CF-QV9 ■12.0型360°回転液晶WQXGA+(2880x1920) タッチパネル対応 - 第10世代Core i5 - メモリ16GB - SSD 256GB - Webカメラ - WiFi&Bluetooth - USB Type-C - Win11搭載 - MS Office 2021","7686","56","50","9","¥ 39,800","","1","B0FSCJTB2C","B0CYZKQ95Y","42.6","27.3","9.6","1560"
"Pulsar Gaming Gears [Pro Series] Susanto-X Medium ワイヤレス ゲーミングマウス 50グラム 1ms 32000 DPI Optical swhich XS-1 Flagship Sensor 国内正規品(Susanto-X, Medium)","8255","45","","3","¥ 17,319","¥ 17,319","1","B0FQD181ZV","B0FV8GG8XG","20.9","12.1","7.4","340"
"Fenge モニター台 卓上 モニタースタンド 木製 スチール製 デスクシェルフ パソコン台 (ブラウン, 108cm)","7689","35","","33","¥ 5,790","","1","B0DWDZM31X","B0FG7FX8N6","125","28.5","8.5","5850"
"OBSBOT MEET SE 1080P 100FPS FHD Webカメラ","7689","88","","1726","¥ 16,800","","1","B0DQ8TNZ4J","B0DW3Z3VPV","11","10.6","5.2","190"
"SanDisk UHS-I Class 10 Micro SD Card, 512 GB, Compatible with Nintendo Switch, SDSQUAC-512G-GN6MN SD Converter Adapter Not Included, International Packaging","7690","140","50","1924","¥ 13,984","","14","B0BDYVYDVQ","","15","10","1.3","40"
"BUFFALO 11n/g/b 無線LAN親機(Wi-Fiルーター) dual_band エアステーション Qrsetup ハイパワー Giga Dr.Wi-Fi 300Mbps WSR-300HP (利用推奨環境1人・ワンルーム)","7693","70","50","251","¥ 5,180","","13","B00R40TTV0","","22.3","22","4.9","570"
"エレコム USBメモリ 4GB USB3.0 情報漏洩対策 パスワードロック ハードウェア暗号化機能搭載 ブラック MF-ENU3A04GBK","7695","48","","148","¥ 7,027","","5","B00KDS912M","B07L9DFZQC","13","7.8","1.2","20"
"Flow2 ロープロファイルキー メカニカルキーボード - アルミニウム合金ボディ・Surferリニアスイッチ搭載 充電式ワイヤレス3モード接続対応 Windows/MacOS用、英语配列 技適認証取得 (シルバー, 68)","7698","66","","96","¥ 22,933","","1","B0FKMDQV58","B0FQ3S5W24","37.2","13.2","4.7","1021"
"ELECOM RoHs対応D-sub15ピン(ミニ)ケーブル スリム 15m ブラック CAC-L15BK/RS","7699","99","","788","¥ 5,400","¥ 5,455","9","B004LVPGI0","B077X6LSKW","20.4","16.4","5.4","395"
"Woodmate コントローラー アクセサリー デスクシェルフ モニター台","8890","29","","21","¥ 5,780","","1","B0H41JPSHR","B0H71BCXV5","21","14.5","7.5","700"
"DotAndZ ゲーミングマウスパッド Ocean Eye スピードとコントロールのハイブリット型 布製 42cm × 49cm × 0.4cm 高精度 滑って止まる新感覚","7704","52","50","28","¥ 6,600","","1","B0FWJJDLBN","","43.4","7.9","7.7","480"
"WORLDLIFT モニターアーム シングルアーム 49インチ(2~20kg)まで ガス式 ディスプレイアーム VESA規格対応","7710","36","","96","¥ 7,999","","1","B0CG7R48PP","B0HB4VG4QL","40.9","20.5","12.5","4110"
"エレコム モニターアーム ディスプレイアーム ガス式 13～32インチ対応 VESA規格対応 耐荷重2~8㎏ ホワイト DPA-DL08WH","7718","79","","144","¥ 5,000","¥ 5,000","3","B0DKMHVZ23","B0GS4NDDT1","41","23.8","14.3","3780"
"MOUNTUP PCモニターアーム 壁掛け 液晶ディスプレイアーム ガススプリング 17～32インチ対応 耐荷重2～8kg 壁掛アーム式 VESA75mm 100mm 上下左右角度調節 MU2007-07","7726","61","","412","¥ 15,588","","6","B0BP9MLV8X","B0HDC5RYG4","37.7","18.3","8.7","2200"
"cocopar モバイルモニター 15.6インチ スイッチ用モニター アルミ合金製ボディ 非光沢IPSパネル 薄い 軽量 1920x1080FHD HDRモード/FreeSync対応/ブルーライト機能 USB Tpye-C/標準HDMI/カバー付VESA対応 モバイルディスプレイ dg-156mx","7729","72","","3538","¥ 9,980","","1","B081RDKH72","B0GXVSFPFN","38.9","25.7","6.1","1840"
"「VGP2024 SUMMER金賞」Edifier QS30 PCスピーカー サウンドバー Bluetooth 5.4 USB Type-A給電式 RGBライト付き 内蔵マイク 専用アプリ ゲーム/音楽/映画モード対応 パソコン/ラップトップ/タブレット/スマートフォン対応 ブラック","7733","92","50","122","¥ 6,742","","1","B0D46SKT6K","B0FTWZSBJB","47.1","12.6","11.7","1530"
"エプソン プリンター エコタンク搭載 A4モノクロインクジェットプリンター PX-S170T 低ランニングコスト テレワーク向け","7751","60","50","209","¥ 19,812","","8","B07GZDDFGT","B0FTRPRH18","45.1","33.8","28.1","4700"
"iPad Air 13 インチ M4 2026/M3 2025 /M2 2024 & iPad Pro 12.9インチ(第6/5/4/3 世代)用 磁気キーボードケース 日本語配列～磁気装着・マルチジェスチャートラックパッド・7 色バックライト・ショートカットキー・自動スリープ/起動機能付き～ ホワイト","7751","55","","45","¥ 16,999","","1","B0FZCV59GJ","B0HBQYNTRX","30.9","24","2.5","1160"
"iFLYTEK AINOTE 2 電子ノート 10.65インチ 超薄型4.2mm E-Ink タブレット ChatGPT搭載 Google Play完全対応 録音 文字起こし 手書き 要約 翻訳 AIスマートノート ビジネス・仕事・学習用","9013","101","","48","¥ 98,800","","1","B0FY2Q49WD","B0H6M8BVJB","27.8","20.5","2.9","660"
"AP2 Racing Wheel Stand ホイールスタンド Logitech G29/T150/T300/T-GT 利用可能 日本語取説付 正規品","7755","78","50","687","¥ 12,160","","2","B00O1RMR0E","","61","53","16.5","14650"
"MSI マザーボード 初心者向け【Amazon限定モデル】 PRO H610M-E DDR4 第14/13/12世代Intel(LGA1700)対応1xPCI-e 4.0 x16 Micro-ATX [Intel H610 搭載] MB6174","7756","84","50","95","¥ 6,909","¥ 6,909","46","B0C36P2XVT","","26.7","26","6.1","700"
"ラピッドトリガー 搭載 Razer レイザー Huntsman V3 Pro Mini JP (White Edition) ラピッドトリガーと調整可能なアクチュエーション搭載のアナログ ゲーミングキーボード アナログオプティカルスイッチ 調整可能なアクチュエーション 押下圧 40G 日本語配列 ハンツマン ブイスリー プロ ミニ ジェイピー ホワイト エディション【日本正規代理店保証品】","7762","72","50","147","¥ 17,537","¥ 17,537","1","B0F1FD99K8","B0G6ZMKRJF","35.3","15.6","4.9","800"
"Fanxiang SSD 500GB M.2 Type2280 【PS5動作確認済み】 PCIe Gen 4.0×4 NVMe 1.4 最大読込4,800MB/s 3D NAND 搭載 m.2 ssd HMB採用 Trim機能 AES暗号化機能搭載 内蔵ssd 高耐久 ゲーム向け S690Q 正規保証品 メーカー5年保証","7765","95","50","1433","¥ 12,901","","1","B0GDZKBRGT","B0HG98MTY1","11.5","6.7","1.9","30"
"LinkMore XV11 32GB 5枚パック フルサイズ SDHCカード UHS-I U1 V10 97MB/s","7770","73","","1","¥ 15,194","","5","B0FJ1HY5GQ","B0CV4RVVFH","12.4","8.8","1.3","50"
"Next Level Racing レーシングスタンド Wheel Stand Lite 2.0 折り畳み可能 最大10Nmのダイレクトドライブ対応 ギアサポート付属 NLR-S040【国内正規品】","7772","45","","329","¥ 26,036","¥ 26,036","1","B0DFTPH8JK","B0GMNPPGQ1","76","56.4","16.6","14700"
"ミニPC B6 Intel i3-8109U【SATA/NVMeデュアルスロット対応｜4TB SSD増設可能】最大3.6GHz mini pc Windows11 Pro 12+256GB 4K｜静音30dB｜小型PC 超軽量310g ミニパソコン｜WiFi5｜BT5.0 オフィス/在宅ワーク向け 企業用/業務用 日本語","7783","6","","9","¥ 36,880","","2","B0HDCTBN46","B0HGWZQ7KC","23.3","14.5","6.7","690"
"タブレット 10インチ Wi-Fi6モデル Android16 32GB ROM+1TB拡張 セット","9199","45","","41","¥ 10,899","","1","B0H33B26M3","B0H4FTSCWT","34.7","19.8","4.3","1280"
"VITURE USB-C ARグラス＆充電アダプター Switch・Steam Deck対応 充電しながらプレイ Beast・Switch 2非対応","7794","62","50","896","¥ 5,080","","1","B0CGMGDK53","","19.6","5.9","1.8","60"
"DODOLIVE マジックキーボード iPad 11 インチ A16 & 10.9 インチ 第10世代 キーボード付き ケース通用 超高精度トラックパッド付き 人間工学 360°回転 180°無階段調整 JIS日本語配列 ペン収納 全面保護 省エネ Type-C充電式 日本語取扱説明書付き ホワイト","7795","58","","53","¥ 11,760","","2","B0FRD784H8","B0H6GTW645","27.6","22","2.9","930"
"キーボード キーホルダー 九マス猫肉球キーボード フィジェットトイ クリッカー フィジェット 青軸 静音 ストレス解消 大人 暇つぶし 集中力 リラックス 手遊び キーホルダー メカニカルキーボード風 無限ボタン 肉球デザイン","271779","15","","18","¥ 5,050","","1","B0FVLZDX3X","B0HGWXMD7N","11.9","9.5","3.8","109"
"ERGOTRON エルゴトロン 追加用LXアーム&カラーキット ホワイト/白 1モニター 3.2~11.3kg まで VESA規格対応 98-130-216","7802","81","","374","¥ 16,280","¥ 16,846","7","B07516GL7J","B09MSMP5FK","44.1","18.8","14.3","2660"
"WESTERNDIGITAL WD Blue 2.5inch 5400rpm 1.0TB 8MBキャッシュ SATA6.0G WD10JPVX","7804","70","50","239","¥ 11,999","","1","B00CB8STZM","B01MTV9U8T","26.4","8.8","2.1","140"
"ProGrade Digital [CFexpress Type A/SD] USB3.2Gen2 ダブルスロットカードリーダー (PG09) プログレードデジタル 正規輸入品","7812","74","50","189","¥ 12,665","","1","B08P3LTWX5","","15.8","12","3.2","180"
"アールアイジャパン RiDATA くり返し録画用 BD-RE DL 50GB ホワイトプリンタブル 片面2層 1-2倍速","7332","36","","5","¥ 9,671","","1","B0G2RNPP73","B0G2RTCDNF","13.8","13.7","8.9","870"
"Lexar NM790 SSD 4TB M.2 2280 PCIe Gen4x4 NVMe 1.4 読込最大7,400MB/s PS5/ゲーミングPC向け 国内正規保証品 メーカー5年保証","7818","44","","958","¥ 132,191","","4","B0C9LMJR17","B0H391JXF2","16.5","10.5","1.7","50"
"TP-Link スイッチングハブ 5ポート 2.5Gbps マルチギガ 金属筐体 メーカー保証5年 TL-SG105S-M2","7819","10","","","¥ 7,980","¥ 7,980","1","B0H2D3DLCY","","13.9","12.7","10.2","490"
"KOORUI Mini LED ゲーミングモニター 27インチ 4K UHD Dual Mode 160Hz/320Hz Fast IPS 1152ゾーン HDR1400 量子ドット Adaptive Sync HDMI2.1 DP1.4 Type-C 90W USBハブ PS5対応 高さ調整 ピボット対応 非光沢","7823","32","","239","¥ 60,100","","1","B0CQ8B9PD6","B0HDY8VXYF","79.6","48.2","20.6","10280"
"【純正品】ブラザー インクカートリッジ LC412-4PK 4色パック 対応型番:MFC-J7300CDW、MFC-J7100CDW プリンター コピー機 (TohokuAce)","7827","58","50","4","¥ 7,400","","1","B0H3NY1ZVL","","20","15","10","170"
"Android 15 タブレット 7インチ,32GB+1TB TF拡張,5コアCPU,IPS スクリーン,グリーン","7829","35","","7","¥ 7,980","","1","B0H2XVV8M8","B0H6Q5SRWR","27.6","15.6","3.7","520"
"LIANLI 8.8"" Universal Screen LL-SM088X USB接続8.8インチIPS液晶ディスプレイ L-Connect3 解像度1920x480 横向き縦向き両対応 マルチスクリーン拡張 日本正規代理店品","12422","70","","202","¥ 13,109","¥ 13,109","4","B0FS1RXTBC","B0FXVCQYYC","29.3","10","5.7","550"
"PFU キーボード HHKB Professional HYBRID 無刻印／墨（英語配列）","7832","37","","26","¥ 23,560","","5","B082TXMGPT","B0BBLCZRY1","34.3","16.7","6.6","810"
"YuanLey 8ポート 5G Ethernet Switch 5Gbps対応 アンマネージスイッチ 8×5GbE RJ45ポート搭載 5G/2.5G/1G/100Mbps自動ネゴシエーション対応 80Gbpsスイッチング容量 ラックマウント対応 プラグ＆プレイ","7833","28","","1242","¥ 31,999","","1","B0FPLT8Y7Q","B0GWCMZDVC","34.8","26.4","9","1950"
"EPOS Impact 860T オープンオフィス向け USB-C 両耳ヘッドセット Microsoft Teams認証モデル","9102","88","","67","¥ 17,756","¥ 17,756","8","B0CTKSZKM7","B0DJD3L65X","20","19.8","6","400"
"ZINZ ノートパソコンケース 15 15.6 16インチスリーブ、拡張可能なコンピュータハンドバッグ、マルチポケット付き、MacBook Pro","7834","82","","1540","¥ 6,187","","1","B0BTKXYQDK","B08NJX958Y","39.8","29.1","3.4","490"
"NETGEAR 卓上型コンパクトアンマネージスイッチングハブ GS308PP ギガビット 8ポート (PoE+ 8ポート 83W) 静音ファンレス 省電力設計 3年保証","7835","71","50","11","¥ 6,500","¥ 12,929","48","B076M2NGCG","B0CHR47623","29.2","24.1","8","1840"
"【2026業界新開発・折り畳み＆RGBライト付き】モニター台 卓上 モニタースタンド USB2.0/3.0高速データ転送口 幅41～55cm TYPE-C急速充電 PC台 ディスプレイ 台 引き出しとスマホホルダー付き 机上台 ノートパソコン/プリンター/iMac/タブレットパソコンに適用 耐荷重30Kg (ブラック)","7841","49","50","8","¥ 5,680","","2","B0GZ7WJ5R4","B0GZ7RLFJ7","44.7","21.3","9.2","1810"
"Fargo 電源タップ TAPKING T5 PD65W 回転式 AC差込口 6個口 USB TYPE-C TYPE-A ポート (ホワイト, PD65W)","7854","63","","59","¥ 7,012","","2","B0CVND6Y1V","B0DHCVKFCM","38.8","9.5","5.9","800"
"Maktar Qubii 充電しながら自動バックアップ iphone usbメモリ ipad 容量不足解消 写真 動画 音楽 連絡先 SNS データ 移行 SDカードリーダー 機種変更 ホワイト (microSD別売)","8798","104","100","1318","¥ 5,206","¥ 5,206","3","B07F285L1C","B0FSKRXTFQ","8.1","6.6","3.2","32"
"【Amazon.co.jp限定】RK ROYAL KLUDGE M100 メカニカルキーボード 日本語配列 無線 ゲーミングキーボード テンキー付き 96%コンパクト LCDスマートディスプレイ & デュアルアルミノブ ガスケットマウント 3モード接続 Bluetooth 5.0/2.4GHz/USB-C 8000mAh ホットスワップ対応 プレルーブ軽音軸","7857","49","","15","¥ 14,900","","1","B0FPWSY74J","B0H4ZNJHCR","41.5","19","6.1","1530"
"CFexpress タイプBカードリーダー SDカードリーダー タイプB USB 3.2 Gen 2 10Gbps Thunderbolt 3ポート CFexpressリーダー ポータブルアルミニウムCFexpressメモリーカードアダプター Android / Windows / Mac OS / Linux対応","7863","50","","251","¥ 18,704","","1","B09KGNZ8VP","B0H2YN6QBY","13.8","9.3","2.9","118"
"SteelSeries ゲーミングキーボード テンキーレス 有線 Apex 3 TKL Lavender US 英語配列 静音スイッチ IP32防滴 24キー同時押し対応 ラベンダー 64940","7864","70","","591","¥ 6,682","¥ 6,682","2","B0FJ8YGVM7","B0F3TLV63G","37.9","19","4.8","880"
"( お徳用 3セット)【純正品】 Canon キャノン インクカートリッジ/トナーカートリッジ 【BCI-19 CL 4色カラー】 ×3セット","7870","75","50","82","¥ 5,200","","12","B0743BTLPM","","14.2","10.8","9.6","120"
"Raspberrypi5 8G ラズベリーパイ5 技適取得済マーク入り商品","7871","89","50","122","¥ 37,000","","4","B0CQZHN2K4","","9.4","6.3","2.7","50"
"エレコム ゲーミングキーボード V custom VK520 Bluetooth 2.4Ghz無線 有線 着脱式 メカニカル 75％サイズ ブラック TK-VK520LBK","7872","24","","32","¥ 6,298","","12","B0DSYVHRGP","B0DSZ53V1Y","39.9","20","5.2","1610"
"Logicool G 8000Hz ラピッドトリガー ホットスワップ G512 X 98 ゲーミングキーボード リニア ガスケットマウント 日本語配列 G512X-98-LNBK アクチュエーションポイント 調整可能 有線 磁気式アナログスイッチ メカニカル LIGHTSYNC RGB テンキー ゲーミング キーボード ブラック windows 国内正規品","7872","78","","5","¥ 30,982","¥ 30,982","1","B0GWLHR3Y2","B0H1QKX9TL","40.9","17.1","6.6","1340"
"YELPLION モバイルモニター 15.6インチ FHD1080P IPSパネル 自立型 卓上スタンド 保護ケース付き PC/スマホ/ゲーム機対応","7874","8","","20","¥ 8,999","","1","B0H9XTTMHH","","42.6","27.5","9.1","2200"
"FINTIE キッズケース iPad A16 第11世代 11インチ & 第10世代 10.9インチ用","7881","66","","3568","¥ 6,349","","4","B0F3CRPY2S","B0DP5DN7K5","27.1","21.1","2.4","440"
"HKC V2718QS 27インチ モニター 144Hz WQHD 2560×1440 IPS PCモニター PS5接続対応 Adaptive Sync 低ブルーライト sRGB 99% 100×100mm VESA対応 HDMI 2.0×2 DP 1.4 デュアルモニター 在宅勤務 テレワーク 液晶ディスプレイ","7882","30","","31","¥ 23,980","¥ 23,980","1","B0G26LGDXC","B0HFJ85JRP","67.5","43.5","11","5080"
"キャノン用 CRG-067H 互換トナーカートリッジ CRG-067 トナーカートリッジ 067H 大容量タイプ CANON 純正 互換 トナー 4色セット ブラック シアン マゼンタ イエロー トナー 対応機種：Satera MF656Cdw MF654Cdw 純正併用可能 プリンタートナー","10728","25","","1","¥ 10,180","","1","B0H1X71R6G","B0HD6ZKQ73","31.1","18.9","18.8","2430"
"Smatree 17.3インチノートパソコン ハードケース Alienwareなど幅広い機種に対応 360度耐衝撃 防水パソコンケース","8398","42","","809","¥ 8,799","","1","B09ZNRGL31","B08L7MF9HH","47","34.1","5.2","1200"
"Nuroum C20 会議用 webカメラ マイク スピーカー搭載 110°超広角 小~中規模会議室向け","7890","43","","","¥ 19,980","","1","B0GVNFKRSR","","31.1","13.9","12.8","890"
"IODATA 4G LTE USBドングル SIM 防水防塵 USB Type-C/A対応 UD-USC1/UE","7892","39","","26","¥ 19,620","¥ 19,620","1","B0DGL7Y5PK","","15.7","6.5","2.5","50"
"NEC PR-L4C150 A4カラーページプリンタ Color MultiWriter 4C150","7898","78","50","193","¥ 22,070","","14","B099R8G3JF","","57","52","34","19910"
"ヤマハ (YAMAHA) 10ギガアクセスVPNルーター RTX1300","7900","92","50","33","¥ 231,138","","1","B0C592QBGS","","41.6","37.2","13.3","2670"
"UGREEN 卓上急速充電器 500W Type-C 5C1A 6ポート 単ポート240W高出力対応 縦型省スペース PD3.1/PPS/QC4対応","7902","112","100","56","¥ 22,784","","1","B0DL9MHFJJ","","18.7","18","13.2","2330"
"日本製線 高性能ギガビット伝送対応LANケーブル （Cat5e) 100m巻(水色) 0.5-4P NSEDT (SB) (100)","11852","41","","354","¥ 8,140","","1","B00BT7BFEI","B08RCNTGKF","31.1","31","11.4","3230"
"【純正品 セット】キャノン FINEカートリッジ BC-360 (ブラック) + BC-361 (3色カラー) PIXUS TS5430 PIXUS TS5330 TohokuAce","7908","66","50","17","¥ 6,980","","1","B0FRL8Y173","","15.7","10.4","4","140"
"XikeStor 10Gbps 有線LANアダプター Type-C LAN 10GbE RJ45 SKN-U310GT","7910","67","50","20","¥ 12,160","","1","B0GM9XKWJD","B0GR4GSZ2S","14.3","8.9","4.9","190"
"RSHTECH USBハブ 電源付き 10ポート USB-Cx6 USB-Ax4 （ST10C-6）","7913","89","100","265","¥ 5,799","","1","B0GTQ4RF2W","B0HFVL4X9R","18.2","12.8","6.3","470"
"LANケーブル 40M CAT7, UGOMI 屋外 カテゴリー7 イーサネットケーブル 工業階級 三重遮蔽 SSTP 10Gbps 600MHz UV/防水、直接埋葬、PEジャケット PS4 Xbox Modem Routerなどに適用されます","7917","41","","16","¥ 5,999","","1","B07WFBBN7B","B07ZRGVX1Y","23.4","23.4","9","1420"
"サンワサプライ クランプ固定式タップ（AC4個口＋USB-C×3＋USB-A×1・PD65W・ホワイト） TAP-B114UC-2W","7918","85","50","19","¥ 9,973","¥ 9,973","14","B0GGLVLRV6","B0GLMW6T7W","24.9","11.1","7.9","680"
"simplus ゲーミングモニター 21.5インチ PCモニター 100Hz 5ms PCモニター シンプラス SP-NMT21、ブラック、21.5インチ","7920","96","50","46","¥ 9,499","","2","B0FNCTRHYC","B0HDBKFDCP","54.3","35.3","10.3","2750"
"Amazon限定 バッファロー ポータブルSSD 250GB USB3.2Gen2 600MB/s ブラック エ SSD-PST250U3BA/N","7920","137","50","420","¥ 13,980","¥ 13,980","1","B0CDVXDDQ5","B0G374S1GH","12.3","3.7","1.2","10"
"サンワダイレクト DVD CDケース スリム 5.2mm 1枚収納×200枚 ブルーレイ プラケース クリア 200-FCD031-200C","9281","40","","275","¥ 7,700","","1","B008VA3KWG","B00HQ9N3ZM","101.6","57.2","50","7120"
"usb c ケーブル 5m 2 本セット USB3.2 Gen2X2 20Gbps 高速データ転送 100W PD 急速充電 4K@60Hz 映像出力 Type-C ケーブル Thunderbolt4/3 対応","10436","28","","105","¥ 6,399","","1","B0G64PL2CV","B0GD53VLCX","24.2","20.5","6.2","472"
"ロジテック 静音 ワイヤレス トラックボール マウス MXTB2 MX ERGO S Bluetooth Logibolt 無線 windows mac OS Chrome Android グラファイト（並行輸入品/角度調整用ウェッジ非同梱）","7933","74","50","404","¥ 12,825","","2","B0DFGJ4FHH","","14.5","11.2","7.8","350"
"Uniqcasa (ユニークカーサ) ゲーミングマウスパッド XXL 拡張版 アニメマウスパッド 31.5x15.7インチ 大型 かわいいカワイイ 大きなコンピューターマウスマット デスクパッド 滑りにくいゴム製の底面 端にステッチ入り 自宅/オフィス用 - ピンクの猫","7933","28","","389","¥ 5,873","","1","B0GB3ZZPBD","B0D726YMZG","40.1","6.3","4.7","422"
"AOHI 140W USB-C 急速充電器 3ポート GaN+ PD3.1/PPS対応 USB-C充電器 最大140W単ポート出力 折りたたみ式プラグ MacBook Pro 16インチ/Dell XPS/iPhone 17 Pro Max/iPad Pro/Chromebook対応 小型 軽量 イエロー","7940","89","100","338","¥ 5,690","¥ 6,912","3","B0CTLSPJPZ","B0H93W74DT","10.2","10.2","3.9","350"
"Macally USB-A有線キーボード テンキー付き スリム Mac用 US配列","7942","83","","2723","¥ 9,363","","5","B0D6N8SXGK","B0HD17FMDM","46.9","17.2","7","798"
"KLEVV ノートPC用 メモリ DDR5 5600MT/s PC5-44800 16GB x 1枚 262 Pin SO-DIMM CL46 1.1V JEDEC準拠 KD5AGSA80-56G460A","7942","29","","66","¥ 32,381","","3","B0BSN98RQQ","","10.7","7.9","1.6","9"
"PFU キーボード HHKB Professional Classic Type-S 英語配列/雪 (静音 有線 USB コンパクト 押下圧45g)","7943","59","","7","¥ 29,800","","1","B0FT3RD5ZJ","B0FXGV54J4","32.5","14.7","5.5","850"
"ASRock Phantom Gaming 次世代GPU対応 PC電源ユニット 1000W PCIe5.1対応 80PLUS GOLD ATX 3.1 フルモジュラー 12V-2x6 ケーブル付属 PG-1000G","7944","55","","19","¥ 22,973","¥ 22,973","9","B0DVGQG23G","B0F48FZRW9","31.3","23.9","13.3","3570"
"「2026年新時流・特許取得済」llano ノートパソコン 冷却パッド 冷却ファン 冷却台 (ターボブースト技術/空冷式冷却/無段階風量調整/RGBライト/3 in 1 USBハブ/LED ディスプレイ)【90秒急速冷却/14cm大口径遠心ファン/360°全方位送風/高さ調節可】 15-19インチに対応 ノートPCクーラー ノートpc 冷却 オフィス/在宅勤務/出張などに適用 V12シリーズ","7946","88","100","154","¥ 11,039","","1","B0CP3N7D47","B0CXXWJKB1","45.1","41.4","10.6","2230"
"サンワサプライ Bluetoothマイク クリップタイプ 小型 3.5mmジャック搭載 MM-BTCL1","7947","52","50","58","¥ 5,627","¥ 5,627","22","B0C7Z22QB2","","18.3","9.6","2.9","90"
"LRCXL 回転ケース iPad 第9世代(2021) / 第8世代(2020) / 第7世代(2019) 10.2インチ - 360度回転保護スタンドカバー 自動ウェイクスリープ機能付き (ピンクピオニー)","7947","24","","135","¥ 24,550","","1","B08PCLRJ3Z","B0FS1TFDJN","25.5","20.5","2.6","270"
"e元素Z-99 ゲーミングキーボード 銀軸メカニカルキーボード 英語配列 99キーUSB有線接続 テンキー付き 全キーホットスワップ","7953","86","50","53","¥ 5,593","","1","B0D3TVMBXY","B0HC61B91J","42.5","18.3","6.1","1050"
"Omikamo サーフェスプロ キーボード ワイヤレス Surface Pro 8/9/10/X/11対応 JIS標準日本語配列 Surface キーボードBluetooth 5.3 トラックパッド ペン2収納可能 Typ-C充電式 カバー兼用 薄型 軽量 日本語取扱説明書","7955","66","50","55","¥ 6,500","","1","B0FDKW4ZSK","B0FLJR6KBX","34.2","25.1","1.9","550"
"UOWAMOU ノートパソコン 15.6 インチ FHD IPS 搭載 ペンティアム ゴールド 6500Y プロセッサー 16GB+240GB /USB3.2Gen1×2/USB2.0×1/Type-C 充電 /WIFI5+BT5.0 /HDMI 薄型軽量 静音 日本語キーボードカバー シルバー","7960","56","50","31","¥ 39,800","","1","B0GV7H4XCC","B0H97W5WDY","41.2","33.3","6.3","2250"
"Omikamo キーボード bluetooth 収納バッグとスマホホルダー付き 折り畳み式 JIS標準日本語配列 タッチパッド付き ワイヤレス","7962","45","50","425","¥ 5,580","","2","B0FHWH7VZQ","B0FVXS9SK5","22","15.3","5.2","450"
"GOOVEN iPad 9.7インチ 第6世代 第6世代 iPad Air 2 / Air 1 (9.7インチ)用スタイリッシュケース、ペンホルダー付き PUレザー スリム 耐衝撃 かわいい パターン スタンドケース 女性用 学生用 カラー 10","7963","19","","35","¥ 5,788","","1","B0FMK38KKS","B0DY546F49","25","18","1.5","300"
"iPad A16 11インチ 2025 ケース 第11/10世代 10.9インチ対応 ペンホルダー 多角度スタンド","7967","2","","2","¥ 5,980","","1","B0H73ZHW4X","B0HDCWFBD3","26.1","20.5","2.2","470"
"カシムラ（Kashimura）/wi-fiルーター/USB SIMフリー 品番：KD-249","10100","90","100","26","¥ 6,500","¥ 7,091","11","B0C61GK777","","16.3","11.8","3","170"
"【正規代理店】富士ソフト +F FS040W モバイルルーター SIMフリー 端末 家・外・車利用 連続通信最大20時間","7972","40","","73","¥ 12,901","","1","B0CGHHYJHV","B0FD9B3CJB","20.6","14.8","2.9","370"
"サンワダイレクト モニター台 USB ×3ポート 電源 ×2個口 幅60cm 奥行き20.7cm 耐荷重15kg ブラック 100-MR137BK","7975","56","","265","¥ 9,480","","1","B079GQKGQY","B079GQ42Y7","70","24","10.5","3100"
"【整備済み品】Samsung 8GB DDR4 2666MHz PC4-21300 (PC4-2666V) CL19 SODIMM 1Rx8 シングルランク 1.2V 260ピン ノートパソコン、ノートブック RAMメモリ","7977","49","100","7","¥ 7,500","","1","B0H6W5L7TV","B0H6WBRQYP","23.5","18.9","1.5","200"
"Logicool G ロジクール G ゲーミングキーボード テンキーレス ワイヤレス G913 TKL 薄型 GLスイッチ リニア 静音 日本語配列 LIGHTSPEED 無線 Bluetooth 接続対応 LIGHTSYNC RGB G913-TKL-LNBK 国内正規品","7983","152","","1013","¥ 21,450","","9","B088BN6JKQ","B0FX4382YQ","38.8","17.4","4.7","1350"
"【エイデータ】 microSD 512GB 防犯カメラ ドラレコ GoPro UHS-I クラス10 / V30 / A2 256GB SD 6.0 最大読込速度100MB/秒 High endurance 高耐久 microSDXC/SDHC UHS-I カード AUSDX512GUI3V30SHA2-RA1-I","7984","99","","39","¥ 18,333","¥ 18,333","5","B0F4JWRV3S","B0FRRW1DDH","11.4","10","1.6","30"
"EAGET 外付けSSD 256GB USB3.2 Gen1 550MB/s USB Type-C&USB-A対応 スティックSSD ポータブルSSD 金属筐体","7986","15","","13","¥ 9,337","","1","B0H6Z7WJBJ","B0H6ZHZCLT","13.1","7.8","3.4","90"
"Logicool G PRO X TKL LIGHTSPEED ワイヤレス ゲーミングキーボード テンキーレス GXスイッチ リニア メカニカル キーボード Bluetooth 静音 日本語配列 LIGHTSYNC RGB 着脱式ケーブル ブラック 無線 国内正規品","7991","56","","45","¥ 21,091","¥ 21,091","2","B0CGRQ4ML7","B0D1BL46B4","40.7","20.1","7.7","2050"
"CFD販売 Panram デスクトップPC用 メモリ DDR4-2400 (PC4-19200) 4GB×2枚 288pin DIMM 無期限保証 相性保証 W4U2400PS-4GC17","7993","60","","66","¥ 17,300","","1","B07DJQ4QQ5","B0B1NYQNDV","16","15.4","1.9","60"
"EIZO ColorEdge CG3100X-BK | 30.5型DCI-4K・Adobe RGB97%・HDR・キャリブレーションセンサー内蔵","8000","68","","1","¥ 702,000","¥ 702,000","2","B0GKPNGCMW","B0G1R5K1X8","84.5","60.5","39.7","19700"
"ミニPC Intel 8257U【コスパ最強・超軽薄】4C/8T 最大3.9GHz mini pc Windows11 Pro 16GB+512GB 日本語版 4K@60Hz ミニパソコン｜静音 高速熱放散｜WIFI6｜BT5.2 ビジネス/在宅ワーク向け 企業用/業務用 32GB+4TBまで拡張可能","8003","85","50","96","¥ 46,999","","2","B0H48SQFH9","","23.4","14.3","6.9","660"
"【ミニpc 最新第12世代 N95 省電力 N97より高速】BMAX ミニpc mini pc N95 4C/4T 15W 最大3.4GHz 12GB LPDDR5+512GB SSD 小型PC 8TB拡張M.2_NVMe/SATA HDMI2.1/2画面出力 4K@60Hz 小型パソコン 高速2.4G/5GWi-Fi BT5.0 ギガビットLAN 静音 ミニパソコン B4Plus","7783","34","","96","¥ 43,999","","1","B0H9XBKQKM","","23.4","14.3","6.7","590"
"COFO 無重力モニターアーム Pro デュアル 17〜40インチ、2.5〜14kg対応 角度/高さ調整可能 ダブルメカニカルスプリング式 デスク設置用 スチール アルミ合金製 2画面（上下配置版） (ブラック)","8011","59","50","26","¥ 32,980","","2","B0GXT1M66H","B0GXSW61D2","50.3","29.4","18.3","8780"
"GMKtec NucBox M8 ミニpc AMD Ryzen 5 PRO 6650H LPDDR5 16GB+512GB PCIe 4.0 M.2 2280 AMD Radeon 660M小型pc Oculink/デュアル2.5G LAN/WiFi6E/BT5.2/HDMI2.0/3画面8K (R5 PRO 6650H LPDDR5 16GB+512GB)","8013","86","50","369","¥ 58,599","","1","B0GD6VK2RL","B0HGW2YP7X","18.8","18.8","13.9","1660"
"RK ROYAL KLUDGE S98 メカニカルキーボード（スマートディスプレイ＆ノブ付き）、トップマウント 96% RGB ワイヤレスゲーミングキーボード BT/2.4G/USB-C、ホットスワップ対応、ソフトウェアサポート、クリーミーなサウンド、98キー US QWERTYレイアウト","8018","32","","34","¥ 20,707","","3","B0FPF6D6W3","B0D21KWK4Z","45.2","20","6.1","1910"
"14 インチ ポータブル トリプルモニター デュアルモニター モバイルモニター増設 PC モニタ FHD 1080P IPS 2 画面 / 3 画面拡張ディスプレイ 13-17 インチノートパソコン向け HDMI/Type-C プラグアンドプレイ Windows/mac 対応 180° 回転可能 折りたたみ式 在宅ワーク プログラミング ゲーム用","8031","14","","24","¥ 25,268","","1","B0HBVT6FTM","B0HF4DR9CM","40","26.8","9.1","3610"
"SANDISK 256GB Ultra microSDカード+アダプター、最大195MB/秒の読み取り速度。","8032","3","","963","¥ 11,748","","15","B0G8M3FTCT","B0DGRL7VRC","13","10.9","1","9"
"HP 超高速スクロール ワイヤレス マウス HP 780M","8037","86","50","34","¥ 6,930","¥ 6,930","1","B0GHTRSB9Z","B0GV3HDRSB","14","12.4","5.9","240"
"Verbatim バーベイタム 1回記録用 DVD+R DL 8.5GB 25枚 ホワイトプリンタブル 片面2層 2.4-8倍速 DTR85HP25V1","8043","94","50","786","¥ 5,292","","10","B002NMXHEO","B084QV82Y2","13.8","13.8","4.9","490"
"バッファロー BUFFALO リンクステーション LS710D/N ネットワークHDD 1ベイ 8TB LS710D0801/N","8047","43","","465","¥ 80,080","¥ 80,080","2","B08N4W6QSP","B0CNKBBKBJ","26.4","24.2","11.2","1660"
"山崎実業(Yamazaki) スッキリ見えにこだわった モニターラック ホワイト 本体：W60×D22×H8cm タワー tower モニター台 卓上 キーボード マウス 収納 10703","8335","95","","4","¥ 7,927","¥ 7,927","10","B0GXV8SJ6Z","B0GXTYJ7TQ","66.3","27","10.5","6650"
"キャンディハウス(Candy House) セサミ5+セサミタッチ2 スマートロック ブラック 後付け型 指紋認証パッド ICカードリーダー","8048","113","100","426","¥ 9,481","¥ 9,481","2","B0CJC65619","B0FBLQ7Z55","14.6","12.3","5.9","380"
"【Amazon.co.jp限定】Lenovo Tab One タブレット (8.7インチ ワイド パネル MediaTek Helio G85 プロセッサー 4GB 128GB Wi-Fiモデル) ルナグレー ZAF00177JP 【AndroidOS】","8054","122","200","55","¥ 33,508","¥ 33,508","2","B0F8VH24JF","B0H1PW1KTH","22.8","14.3","5.9","670"
"KEEPTIME ワイヤレスモバイルモニター 15.6"" 1080P 8000mAhバッテリー内蔵 薄型 軽量 AirPlay Miracast対応","8060","120","50","99","¥ 17,990","","1","B0FB3Q5KBV","","40.1","25.5","6.4","1780"
"キングストンテクノロジー Kingston 外付け SSD 2000GB 2TB USB3.2 Gen2 読出最大1050MB/秒 ポータブル SXS1000/2000G 5年保証","8062","78","","4572","¥ 54,792","","94","B0CCQG7RS8","B0CKHM9WXQ","12.2","8.1","2.4","70"
"Android 16 タブレット 14インチ FHD+ 1920*1200 IPS大画面 30GB+256GB+1TB拡張 10000mAh 30WPD急速充電 wi-fi6モデル 8コアCPU PCモード Widevine L1 顔認識 5MP+8MPカメラ Bluetooth5.4 4スピーカー搭載 無線投影 画面分割 キーボード+マウス+保護ケース+タッチペン+ヘッドフォン付","8066","92","100","151","¥ 45,999","","1","B0GTKQL5GS","B0H41GXCHG","36.5","26.2","6.7","1690"
"冨士電線 CAT5E 単線LANケーブル 300m巻き TPCC5 0.5mm-4P（緑）","8073","51","","64","¥ 22,500","","3","B01DIPNAFA","B075SSTZ96","38.4","37","21.4","9120"
"【 11インチ セット版 タブレット 2026 Android16】P11 Pro アンドロイドタブレット, 48GB+128GB+2TB拡張対応, T7250搭載, 2.4K 90Hz高リフレッシュレートディスプレイ, 8800mAh/18W, Widevine L1, 13+5MPカメラ, 顔認識, GPS, OTG対応, キーボード, タッチペン付き 仕事, 学習, 動画視聴に最適, 黒","12855","48","","2","¥ 19,900","","1","B0H11M9HJX","B0H2PY18TC","28.7","20.9","6.2","1430"
"キヤノン Canon プリンター 特大容量ギガタンク搭載 A4カラーインクジェット G5030 2019年モデル テレワーク向け","8081","87","50","333","¥ 29,873","¥ 29,873","12","B07S8TB8WZ","B0D1VRWC6H","53.2","48.8","25.6","9290"
"【国内正規品】Kanto アクティブデスクトップスピーカー ORA マットブラック Bluetooth5.0/USB-C入力(24-bit/96kHz)/RCA入力/100W DSP/ハイレゾ対応","8082","40","50","39","¥ 40,480","","1","B0DRCGHFSY","B0DRCK2YN1","38.6","26.3","23.4","3560"
"NZXT H9 Flow (2025) デュアルチャンバー ミドルタワー型PCケース ホワイト CM-H92FW-01 CS9289","8084","82","50","471","¥ 21,480","¥ 28,264","6","B0DQPRVD4C","B0GRTSZK3B","59.7","57.8","40.6","15173"
"FMV ディスプレイ 21.5インチFull HDモニター(VA/HDMI/アナログRGB/スピーカー内蔵/VESA対応/3年保証) WMD22021BT","8087","56","","26","¥ 14,800","","5","B0CG89N929","B0CG8CBKBL","58.8","37.6","35.9","3640"
"Thunderbolt 5 ケーブル 3M 対応、80Gbps高速転送 / 240W給電 / 120Gbps帯域 / 8K@165Hz・4K@540Hz USB4 2.0 サンダーボルト5ケーブル 対応、サンダーボルト4 / 3・iPhone 16 / 17・ドッキングステーション・SSD/Mac mini M4 / M4 Pro 対応","8093","70","","356","¥ 6,398","","1","B0F7LHXRF6","B0GWM93XD2","25","17.6","4.3","132"
"高速トリガー SayoDevice O3C キーボード ホットスワップ対応ホール磁気リニアスイッチ ジオメトリ Dash OSU リズムゲーム用","9437","45","","2500","¥ 5,999","","1","B0CFG4YGD9","B0C6B3JB61","17.6","13.5","4.2","200"
"ARTISAN NINJA FX ヒエン MID XXL ブラック (FX-HI-MD-XXL-B)","8104","85","","296","¥ 7,049","","3","B0D6B1FWBC","B0F1F4S1K7","54.6","53.3","2.5","771"
"【純正品】ブラザー インクカートリッジ LC3133 大容量カラー4色セット (LC3133 BK/C/M/Y)","6272","82","50","118","¥ 10,900","","15","B095S8DV5M","","16.8","14.7","9.4","340"
"ロジテックダイレクト HDD 外付け SeeQVault対応 レグザ対応 テレビ録画用 ハードディスク 4TB 静音 ファンレス設計 国内メーカー 3.5インチ USB3.2 (Gen1) / USB3.0 LHD-ENB040U3QW","8139","109","","297","¥ 26,480","","1","B08N4CGDXG","B0D9QG6L6Y","22.4","20.6","7.8","980"
"JAPANNEXT 32インチ 液晶モニター JN-IPS32FW-M","8113","60","50","1","¥ 22,255","¥ 22,255","6","B0GS1CVBFB","","76","48","10","5100"
"RK ROYAL KLUDGE L75 ワイヤレスガスケットRGBメカニカルゲーミングキーボード ノブ付き、US QWERTY レイアウト","8132","46","","171","¥ 9,999","","1","B0DW3X6YJJ","B0F2MWRVL4","38.4","19.6","5.7","1350"
"【純正品】 ブラザー インクカートリッジ 4色パック LC411-4PK (エコパッケージモデル) 対応型番：DCP-J926N、MFC-J904N、MFC-J739DN、MFC-J939DN 他 プリンター コピー機 TohokuAce","8134","64","50","18","¥ 6,800","","1","B0FTKD2HFZ","","12.2","9.5","6.7","170"
"デュアルディスプレイ ダブルモニター トリプルモニター ノートパソコンスクリーンエクスパンダ 14インチノ1080P HDMI FHD、13インチ-16.3インチノートパソコンに適した ，Windows/Mac/Android/PS 5に適用","10916","66","50","524","¥ 25,198","","1","B0DXPC5VFK","B0GW7XQSST","39.9","27.4","8.9","3650"
"GMKtec 高性能ミニPC Ryzen 5 7640HS搭載 6850U/6800Hより高性能 USB4 M6 Ultra 16GB+512GB","8146","100","","170","¥ 73,599","","1","B0GKHHQ1YZ","B0HGQB5NXX","18.8","18.5","10.9","1590"
"エプソン プリンター A4 インクジェット カラリオ EPー315","8158","113","100","228","¥ 16,500","¥ 16,500","30","B0BTNGY4C6","B0GSVH2ZK7","47.5","42","23.4","6630"
"サンワダイレクト ヘッドセット 無線 2.4GHz 充電スタンド付き 業務用 ノイズキャンセリングマイク 最大25時間連続通話 400-HSW052","8160","39","","4","¥ 7,180","","1","B0GGMB335G","B0DQSG18G7","20","18","6.5","342"
"Acer モニター 27インチ IPS フルHD 144Hz 1ms(VRB) 非光沢 sRGB 99% AMD FreeSync ブルーライト低減 ゼロフレーム HDMI 1.4 ミニD-Sub 15ピン 6軸カラー スタンダード 3年保証(パネルは1年) EK271P6bi","8168","27","","3","¥ 14,680","¥ 14,680","2","B0FX52NF9T","","68.9","46.7","12.6","6010"
"WORLDLIFT デュアル モニターアーム 上下40インチ対応/左右35インチ対応 耐荷重12kg 上下2画面 高さ調節 815mm ロングポール グロメット式＆クランプ式 VESA規格対応","8174","48","50","37","¥ 8,299","","1","B0F329P1D7","","43.9","24.5","13.5","7520"
"COMICA EJoy Uni S USBコンデンサーマイク AIノイズキャンセリングマイク RGBライティング ノイズ軽減 ワンタッチミュート ゲーム実況 在宅勤務 ポッドキャスト ストリーミング ナレーション録音に最適 PC/PS4/PS5対応(白)","8176","60","","83","¥ 5,105","","1","B0FJ899YS7","B0GXCSQT82","25.9","9.8","6.4","360"
"CORSAIR VENGEANCE DDR5 32GB（16GB×2）最大 6000MHz対応 AMD・Intel RAM","8181","10","","","¥ 66,990","¥ 66,990","1","B0GPQYBNH2","","15.2","11.8","1","110"
"山善 モニター 43インチ ディスプレイ フルHD 1920×1080 VAパネル QRMK-43F","8191","98","50","20","¥ 34,932","¥ 34,932","2","B0FNCV65SF","B0HCNY67BK","107.5","65.2","14.2","8400"
"e元素 Z-82 ワイヤレスメカニカルキーボード 82キー 75%コンパクト 銀軸 BT・2.4GHz・有線 RGB 英語配列 ホットスワップ対応","10713","38","","33","¥ 7,580","","1","B0H5CCBRTS","B0FNQW4S6F","37.2","18.7","6.3","1000"
"Crucial ノートPC用増設メモリ 8GB(8GBx1枚) DDR4 2666MT/s(PC4-21300) CL19 SODIMM 260pin CT8G4SFRA266","8194","98","","15182","¥ 11,803","","60","B08C56KXQJ","B09P8V29SY","16.3","5.9","1.4","40"
"サンワダイレクト フィルムスキャナー ネガ ポジ デジタル化 2200万画素 HDMI出力 SD保存 7インチモニタ付 400-SCN067","8204","49","","400","¥ 31,980","","1","B0CJX53RS9","B0CK1GL57P","19.3","17.2","13.1","850"
"Biwin M100 256GB SSD 2.5インチ SATA III 高速550MB/s 内蔵SSD 高耐久 低消費電力 耐衝撃 PS4対応 メーカー3年保証","8207","72","100","474","¥ 5,998","","2","B0DSVX6VCZ","B0DZWLNB42","13","8.8","1.5","50"
"ARTISAN NINJA FX 99式 SOFT XL ブラック (FX-T99-SF-XL-B)","8207","60","50","15","¥ 6,710","","3","B0D86H71WX","","52.1","45.7","1.3","476"
"Ayoii 軽量型 iPad Pro 13インチケース (M5/M4、2025/2024) 専用防水カバー IP68完全防水 防塵 耐衝撃","7550","66","","105","¥ 5,299","","1","B0FBGZPYZ1","B0H2QDCPHG","34.4","25.2","2","430"
"サンワダイレクト PCスピーカー 3WAY接続(Bluetooth / 3.5mm / USB) 10W ツイーター搭載 400-SP091","8209","45","","674","¥ 6,580","","1","B088W7DW9M","B0FH9ZKKWL","23","20.4","14","1200"
"EPSON 純正インクパック ブラック 約40000ページ IP04KA","8213","77","","6","¥ 21,586","","18","B07FJMLBJ4","B08PC84QC5","37.9","27.9","5","1400"
"HTC VRヘッドセット アクセサリー VIVE トラッカー Ultimate 【国内正規品】","8219","110","","21","¥ 29,040","¥ 31,000","4","B0CPPDZSZP","B0FSK6DZKS","11.1","10.4","8.7","280"
"Quntis デスクライト モニターライト バーライト 【51cm 無線リモコン 自動調光 1200Lux 高演色性 曲面モニター適用】 USB モニター 掛け式 ゲーミング テレワーク LED バーライト USB給電","8225","57","50","2417","¥ 8,999","","1","B0B6P9J3J5","","54.7","25.4","5.4","1012"
"キヤノン トナーカートリッジ 067(イエロー) CRG-067YEL","8231","54","50","3","¥ 6,790","","28","B0B15M38CG","","36.4","11.2","9.7","750"
"ラムズ(Lamzu) MAYA X ゲーミングマウス Cloud Gray 1セットソール追加版 8Kドングル付属 日本正規代理店保証","10288","80","","4","¥ 19,422","¥ 19,422","1","B0DSZZSF6F","B0DVST8C6F","17.4","12.1","9.2","450"
"【整備済み品】軽量・頑丈デザインLet`s note CF-LV9 ■14型FHD(1920x1080) - 第10世代Core i7-10810U - メモリ16GB - SSD256GB - Webカメラ - WiFi&Bluetooth - USB Type-C - MS Office 2021 - Win11 (整備済み品)","8232","43","","5","¥ 49,800","","1","B0FQ5RXVQW","B0CYZH9K4S","42","27","8","2000"
"シスコシステムズ (Cisco) スイッチングハブ 16ポート ギガビット 金属筐体 設定不要 静音ファンレス 国内正規代理店品 法人向け 制限付きライフタイム保証 CBS110-16T-JP","8234","49","","19","¥ 27,958","¥ 27,958","4","B09C8KBRT5","B0B643R5HK","45.2","29.3","8.6","2280"
"ACASIS 20Gbps M.2 NVMe ssd クローン デュアルベイオフラインデュプリケーター搭載 ssd クローン アルミ製放熱筐体、ssd クローン m.2クローン 工具不要で取り付け可能 データ分析、ビデオ編集、ファイル転送に適しています。","8240","53","","522","¥ 8,999","","1","B085T9MR9V","B0D2CCR6RB","16.8","10.3","5.9","310"
"OBSBOT Tiny 3 Lite Webカメラ 4k 業界初の空間オーディオ ウェブカメラ","8241","82","50","270","¥ 28,730","","1","B0G63LXK6R","B0GLFKLXMF","11.7","9.7","5.4","200"
"Razer レイザー BlackShark V3 Pro 2XKO ワイヤレスゲーミングヘッドセット 第2世代HyperSpeed Wireless 第2世代TriForceバイオセルロース50mmドライバー 12mmマイク 70時間駆動 2.4GHz Bluetooth 有線 PC PS5 PS4 Switch 2ブラックシャーク ブイスリー プロ ANCアクティブノイズキャンセリング","8242","86","","","¥ 45,480","¥ 45,480","1","B0FVWB9MK9","B0G6ZNJDR9","26.5","20.2","11.6","1160"
"FeuVision ゲーミングモニター 24インチ FHD 240Hz VAパネル 応答速度2ms Adaptive Sync 対応","8243","85","","14","¥ 11,980","","1","B0DR88DHW3","B0FH5889NP","61.3","41.2","10.3","3790"
"KingSpec SSD 1TB M.2 NVMe 2280 PCIe Gen 3.0 最大読込速度3400 MB/秒 3D NAND 内蔵SSD","8247","48","","26","¥ 22,880","","1","B0DRCHGGYM","B0DSJ4V44X","10.2","6","1.7","20"
"Thermaltake Versa H26 Black/w casefan ミドルタワー型PCケース [ブラックモデル] CS7070 CA-1J5-00M1WN-01","8252","92","50","4100","¥ 6,527","¥ 6,527","10","B076H2CHN3","B0CTGWWVNN","54.5","52","29","7140"
"エコリカ キヤノン BCI-301+300/5MP対応リサイクルインク 通常容量 5色パック TS7530BK TS7530BL TS7530WH 残量表示対応 封筒パッケージ【Amazon.co.jp限定】","8256","38","","15","¥ 5,400","¥ 5,400","1","B0CH8FPS42","B0F2FNKS3T","29.8","22","2.7","180"
"MSI 水冷クーラー MAG CORELIQUID E240 【LGA1700/AM5対応】240mmラジエーター搭載270度回転ロゴ 静音 ARGB FDBファン搭載 FN1963","8442","73","","44","¥ 12,500","","5","B0CJ2FM9G9","B0G1M69HYB","37.2","21","14.4","1990"
"Rfiver PCモニターアーム ディスプレイ アーム 17-35インチ対応 耐荷重2-10kg モニター アーム シングル VESA75-100","8265","59","","27","¥ 5,099","","1","B0DZCLJJSL","B0GQ3CJWCZ","42","24.6","10.6","3040"
"HumminGuru ハミングル LPレコード 袋 (12"" オリジナル ジャケット)","8353","22","","3","¥ 5,200","","1","B0CGZLHJTN","B0CTJPV5Q3","32.6","32.5","4.8","1890"
"CANON 純正品 トナー カートリッジ069H 大容量 ブラック CRG-069HBLK","8269","106","50","20","¥ 20,295","","43","B0BWHXRFQK","","36.4","12.1","9.2","710"
"TMKB Falcon M1SE ゲーミングマウス 超軽量 75g ハニカムデザイン ホワイト 有線 12800DPI 6ボタン プログラム可能 PTFEソール 高耐久編組ケーブル ゲーム 事務用","8477","46","","2377","¥ 6,175","","2","B0BGKBT1JG","B0GVT5KNVJ","14.8","9.3","4.4","141"
"REALFORCE R4 キーボード ハイブリッド テンキーレス 45g 日本語配列 メタリックブルー R4HC81","8275","72","","5","¥ 36,993","","1","B0GRDFQX1J","B0GRDNXPK1","44.5","23.5","7.5","1100"
"【整備済み品】デスクトップPC ESPRIMO D587 22型液晶セットi5-7500 DVD Office2024 16GB 1TB","8278","25","","13","¥ 65,520","","1","B0GQSFF87C","B0HGF67WHC","46","30","18","6500"
"CUNPU 32インチ 4K モニター IPS UHD（3840×2160）99% DCI-P3 65W USB-C PD給電 フリッカーフリー/ブルーライト軽減機能 高さ調整/縦横回転 Type-C/HDMI/DP KVM VESA対応 テレワーク/写真編集/プログラミング/Mac/PC/仕事 用","8279","28","","10","¥ 34,181","","1","B0H1WLBL42","B0HF4CV9SX","79","50.5","6.5","8450"
"キヤノン Canon プリンター A4インクジェット複合機 PIXUS TS8730 BLACK 自動両面 6色・独立型・対応インクBCI-330/331シリーズ 【2023年秋冬モデル】","8284","106","50","399","¥ 25,780","","23","B0CJXCRQ9L","B0G38PQC3S","48.2","44.4","21.4","8560"
"Spigen iPad 第11世代ケース (2025) iPad A16 ケース 11インチ 第10世代 (2022) 10.9インチ ウルトラハイブリッド Pro 保護用三つ折りカバー クリア ペンシルホルダー コーンフラワーブルー","8290","73","","9289","¥ 10,840","","10","B0BMF6ZTDD","B08Y5ML1T8","29.4","20.5","2","360"
"IODATA モニター 23.8インチ FHD スピーカー付（HDMI/DP/USB-C） EX-C242SDW","13009","58","","2","¥ 23,800","¥ 23,800","1","B0FL7GGF3Z","B0FLDYDVY7","60.1","44","14.7","5810"
"【Amazon.co.jp限定】ASUS AMD Socket AM5 AMD Ryzen 9000 & 8000 & 7000 シリーズ 対応 B850 搭載 ATX 対応 マザーボード/PRIME B850-PLUS-CSM 国内正規代理店品","8295","61","50","11","¥ 18,719","¥ 18,719","1","B0F4VWZWXN","B0FFSN5P2M","35.5","27.8","7.1","1580"
"エレコム スイッチングハブ ギガビット 16ポート 電源内蔵 金属筺体 EHC-G16MN2-HW","8296","69","50","1","¥ 9,187","","40","B0CKYQN419","","33.2","22.6","7.2","1710"
"Seagate IronWolf 3.5"" データ復旧3年付 1TB 内蔵HDD(CMR) 3年保証 6Gb/s 64MB 5900rpm 24時間稼動 PC NAS向け ST1000VN002","8298","68","","47","¥ 14,999","","2","B01LWXBEI4","B0FND1HRN2","19.4","14.6","5.4","480"
"keepLiNK 8ポート10gbps スイッチングハブ 金属筐体 設定不要 ファンレス 静音モデル プラグアンドプレイ デスクトップ設置またはラックマウントに対応","8301","14","","51","¥ 29,400","","1","B0H4Z3VG3H","B0H9K6GPDB","31.7","26.8","8.2","1930"
"Rebuff Reality Track ストラップ Vive トラッカー用 - 調節可能な VR フルボディ トラッキング ストラップ、VR チャット モーション キャプチャ、Vive トラッカー 3.0 2.0 Ultimate と互換性あり、Tundra (トラッカーは別売り) ブラック","8304","50","50","2899","¥ 8,499","","10","B07DFBR6Y3","","19.9","16.3","6.3","209"
"QNAP 2ベイ NAS TS-216G / AZ 2.5GeB対応 低消費電力 6ヵ月延長保証 「簡単セットアップガイド同梱」 /国内正規代理店品 ホワイト","8307","34","","31","¥ 49,070","¥ 49,070","2","B0D4KTMMWT","B0FLN5ZJRJ","28","24","21","1450"
"KEIYO 車載対応Wi-Fiルーターバッテリーレス USB電源使用 車用Wi-Fi 買い切り 契約不要 リチャージ式マルチキャリア切り替え 日本人による丁寧なサポート【KEIYO公式ショップ】 AN-S117 (10 GB/有効期間30日)","8310","92","50","192","¥ 11,500","¥ 19,438","12","B0CK1HPZTB","B0DJ2LBPPJ","23.9","16.7","6.3","150"
"【Amazon.co.jp限定】TURTLE BEACH ゲーミングヘッドセット Stealth 700 Gen 3 XB マルチプラットフォーム ブラック ワイヤレス ドングル2個 2.4G/Bluetooth 同時 Xbox/PS5/PS4/PC/Steam Deck対応 60mm マイク AIノイキャン 80時間持続【メーカー保証2年+代理店保証6ヶ月】","8314","66","","3615","¥ 22,800","¥ 22,800","2","B0DB9HZVZV","B0GSYN7VF6","26.3","22.7","11.2","762"
"サンワダイレクト ガラスマウスパッド 大型 ゲーミング 強化ガラス 50×40cm 厚さ3mm 硬度9H ブラック 200-MPD034BK-L","8315","56","","63","¥ 8,980","","1","B0D2K59ZFF","B0F7WZ7H4S","54","44","2.5","2110"
"タブレット Android 16 タブレット 10.1インチ WiFiモデル 26GB(6GB+20GB拡張)+128GB+2TB (メタリックグレー)","8318","34","","189","¥ 18,999","","2","B0H94DK9QK","B0HDBQFY6Q","31","19.5","3","760"
"Thermaltake View 170 TG ARGB Snow Micro-ATX ミニタワー型PCケース ホワイト CA-1Z4-00M6WN-00 CS9125","8325","54","","180","¥ 6,136","¥ 6,136","6","B0D876P4DB","B0G5K9SZL4","50.8","44.6","27","5680"
"colorfly ブラザー 用 TN299XL Brother 互換トナー ブラックトナーカートリッジ 2個セット","8575","23","","14","¥ 5,250","","1","B0DQTH7TM8","B0HFVT83X9","33.6","13.2","10.9","1050"
"サンワダイレクト iPad・タブレット用 セキュリティスタンド セキュリティワイヤー・鍵付 7.9～13インチ対応 角度調節 200-SL057","8332","54","50","17","¥ 8,980","","1","B07JMG6WRD","B0FDJD6MCG","22.3","14.8","14.5","1010"
"Acer ゲーミングヘッドセット ワイヤレス 4WAY接続 2.4GHz USB-A/USB-C・Bluetooth6.0 50mmドライバー 最大70時間再生 低遅延20ms フリップミュート 3.5mm有線 PS5/PS4/Switch/PC/スマホ/タブレット対応 282g軽量 折りたたみ ブラック","10502","29","50","85","¥ 7,999","","1","B0H2DC3DXS","","16.5","16.4","10.5","430"
"CORSAIR VENGEANCE SODIMM DDR5 メモリ 64GB(32GB×2)最大5200MHz対応 Intel XMP対応 CL44 ノートPC用 ブラック CMSX64GX5M2A5200C44","8334","53","","59","¥ 135,800","¥ 149,853","5","B0CXHS5H2P","B0DDL81FFL","12.7","7.5","1.4","20"
"BUFFALO ミラーリング USB3.0 外付ハードディスク 2ドライブ 8TB HD-WL8TU3/R1J","8341","57","","146","¥ 88,709","¥ 88,709","8","B008562WRA","B00645FQT0","26.9","22.1","12.1","2658"
"WDS100T3X0G [WD_BLACK SN770M NVMe SSD（1TB M.2(2230) PCIe Gen4 x4 NVMe 600TBW 5年保証）]","8342","22","","219","¥ 29,700","","10","B0CP626QNM","","12.7","10.3","2.2","40"
"LIANLI ピラーレス コンパクトPC ケース O11D MINI V2 FLOW BK ブラック リバースブレードファン5基標準搭載 ATX電源対応 強化ガラス 日本正規代理店品","8344","53","","221","¥ 15,600","¥ 15,600","2","B0FK5GHQ2N","B0FLPYMN8Z","52.4","46.6","36.2","12500"
"サンディスク SanDisk Ultra microSDXC UHS-Iカード 512GB SDSQUAC-512G-JN3MA","11149","61","","8","¥ 18,240","","6","B0CXBT44RS","B0CXC758G8","13.4","7.9","1.1","10"
"Acer Predator M.2 SSD 1TB GM7 NVMe2.0 2280 PCIe Gen4×4 超高速(最大読み取り：7400MB/s、最大書き込み：6500MB/s) 内蔵SSD 高耐久 3D NAND TLC PS5/PS5 Pro動作確認済み メーカー5年保証","8354","121","100","2053","¥ 29,989","","2","B0CB2BMQZJ","B0F9W88G23","14.3","9.9","2.1","50"
"Lexar Professional Silver Series CFexpress 4.0 Type A カード 512GB CFEカード 最大読み込み1750MB/秒 VPG200 8KビデオCFカード メモリーカード Sony AlphaおよびSony FXカメラ対応","8355","59","50","47","¥ 34,880","","5","B0FJLVFHL9","","13.6","10","1.4","20"
"Omikamo iPad キーボード 第9世代 標準JIS配列 人間工学設計 iPad7/8/9世代・Air 3・Pro 10.5インチ対応","8945","89","50","303","¥ 5,343","","1","B0DT4DX5TL","B0DZBY9MZN","28.9","20.8","3","770"
"DisplayPort to USB C 変換ケーブル 4K@60Hz 3M XinYaa USB-C給電 DisplayPort to Type-C モバイルモニター XREA-L Beam USB-A タッチ機能サポート Nrea-l Xrea-l AR Switch B-0-X Steam deck PS4/5ゲーム機対応","8365","45","","56","¥ 5,038","","1","B0DJRBJFHR","B0G13H2RH4","19.9","16.3","2.4","160"
"INNOCN 40インチモニター 5K 大画面ディスプレイ 21:9 IPS非光沢 HDR400 ウルトラ ワイドモニター USB Type-C給電/HDMI2.1/DP1.4/USBハブ付き/スピーカー内蔵 ブルーライト軽減 高さ・左右調整 40C1U","8373","59","","30","¥ 99,988","","1","B0F8H2MQBX","B0FK4PXX1N","119","53","19","16000"
"キヤノン CANON 純正品 トナーカートリッジ070H CRG-070H 大容量 LBP241 LBP244 MF467dw 対応","8374","89","50","5","¥ 33,900","","32","B0CCXG6LKF","","36.4","22.8","10.3","1390"
"「国内正規品」Keychron K17 Max ワイヤレスメカニカルキーボ Bluetooth/2.4G/有線 Mac/Wins/Linux 茶軸","11143","47","","","¥ 19,184","","1","B0FSQVX7Z5","B0FSRD9QP4","44.8","16.8","4.5","1110"
"TP-Link スイッチングハブ 8ポート 2.5Gbps マルチギガ 金属筐体 メーカー保証5年 TL-SG108S-M2","8379","5","","1","¥ 12,800","¥ 12,800","1","B0H2D6MH77","","18.9","13.6","9.4","760"
"TOSHIBA SDXCカード 128GB Class10 UHS-I対応 (最大転送速度40MB/s) SDAR40N128G","8381","68","","2107","¥ 5,300","","2","B01M308M54","B01N0BDZH7","13.2","8","1.2","10"
"fitta 電源タップ 壁に溶け込む コンセントカバー (ブラック) (3個セット) 1.8m 3個口 ほこりシャッター コンセント タップ コンセントガード おしゃれ","12962","57","","29","¥ 13,200","","1","B0DWMJTCC9","B0DWMJ53X1","24.7","21.4","12.5","1140"
"Wacom Converter Kit (ACK45719Z) ワコム HDMI接続 液晶ペンタブレット","6960","92","50","12","¥ 11,800","¥ 11,800","3","B0G5NRQ3H1","","16.3","16","4.7","350"
"Razer(レイザー) Mouse Dock Pro ワイヤレス充電レシーバー & マグネット式ワイヤレス充電ドック 置くだけで安定した充電が可能HyperPolling 4KHz トランシーバー搭載 8個の Chroma RGB ライティングゾーン 滑り止めベース マウスドックプロ 【日本正規代理店保証品】 Black","8395","101","50","214","¥ 12,649","¥ 12,649","1","B0BL2KH18B","B0C86QR62L","13.9","9.7","7.1","240"
"サンワダイレクト トラックパッド Bluetooth/有線 2WAY ジェスチャー操作 Windows専用 振動機能 400-MABTY201GM","8402","64","50","36","¥ 9,480","","1","B0D95DPY8B","","21.1","17.6","3.5","270"
"【業界一のコスパ Android16 タブレットPC】TABWEE T20 タブレット 10インチ wifiモデル キーボード付 24GB+256GB+2TB TF拡張 Widevine L1対応 PCモード 画面分割 word対応 Excel対応 8MP/5MPカメラ 顔認識 マウス/タッチペン/保護ケース/フィルム (24GB+256GB, android16, 10インチ)","8404","101","50","413","¥ 17,998","","1","B0G352GH3V","B0GKQ4YLSS","29","20","5.8","1350"
"HM Lab - ZNEO ゲーミングHUB USBハブ 1.9インチスクリーン付き コンパクト 安定 USB2.0 HUB USB-A USB-C Type-c 3ポート USB 拡張 アルミニウム合金 軽量 追加5V電力供給ポート (Silver Wing(77フレーム))","8404","49","","3","¥ 5,300","","1","B0G6D1C9FB","B0G5Z4M2RJ","11.2","7.4","2.7","90"
"SVITOO P08 Android16 タブレット 8インチ 20GB+128GB 最大2TB拡張 90Hz Widevine L1 6000mAh wi-fiモデル 13MP+8MP Gemini AI IPSパネル イヤホンジャック付き 画面分割+ワイヤレス投影+キッズモード 読書+Web閲覧 ゲーム+アニメ+ビデオ通話 年配の方+初心者","8407","117","100","942","¥ 13,481","","1","B0GQFWBTYR","B0HGWNK6MZ","28.3","15.6","3.2","780"
"LCD-A221DB 21.5型 フルHDディスプレイ ブラック","8411","58","","10","¥ 12,353","","26","B0CPSM3C9W","","55.2","42.5","12.7","4000"
"バッファロー HD-SQS8U3-A SeeQVault対応 外付けHDD 8TB","8415","44","50","22","¥ 38,000","","19","B0B5SKBQGB","","21.6","21.3","7.7","1180"
"EPSON エプソン インクジェットプリンター ブラック EW-M757TB 家庭用 エコタンク搭載モデル A4","8416","54","50","21","¥ 41,500","","18","B0DT9998MT","","49.4","40.9","26.7","8280"
"キオクシア KIOXIA SSD 外付け 500GB USB3.2 Gen2 最大読出速度 1,050MB/秒 【 Type-C搭載iPhone / PS5 / PS4 動作確認済み 】 国産3次元フラッシュメモリ搭載 耐衝撃 アルミ筐体 ハードウェア暗号化 パスワード保護 EXCERIA PLUS G2 ポータブル SSD-PKP500U3G2BN","8418","107","","549","¥ 30,800","","1","B0DN6391QC","B0DNDR7BVG","12.5","9","4.2","150"
"REALFORCE R3S キーボード 標準スイッチ 有線 テンキーレス 45g 日本語配列 ホワイト R3SC41","8421","67","","23","¥ 22,363","","1","B0B3Q4XJST","B0B3QV2SY7","46.9","26.2","14.4","1710"
"ASUS pc電源ユニット 80 Plus Gold 750W ATX TUF-GAMING-750G PCIE5.1 フルモジュラー 国内正規代理店品","8424","23","","25","¥ 11,799","¥ 11,799","4","B0BSTNY3H7","","31.4","20.3","11.1","2900"
"HD-SQS2U3-A SeeQVault対応 外付けHDD 2TB","8429","48","","31","¥ 19,700","","17","B0B5SKMNBN","","21.7","21.3","7.9","980"
"【整備済み品】ノートパソコン Think Pad L590 15.6型 第8世代Core i3-8145U 8GB/SSD256GB","11250","41","","2","¥ 24,800","","4","B0GVYDXLSR","B0GSXQBRM6","41.5","29","11","2610"
"Silicon Power DDR5 5600MT/s (PC5-44800) 32GB 1.1V デスクトップ アンバッファード DIMM SU032GBLVU560F02EC。","8440","4","","","¥ 81,898","","25","B0GFDMNNCL","B0DK3RHX2X","17.3","6.7","1.3","32"
"ORICO Y20 1TB 内蔵型SSD 2.5インチ 7mm 3D NAND採用 SATAIII 6Gb/s 最大読込：500MB/s (R:500MB/s、W:450MB/s) PS4動作確認済み 内蔵SSD 高耐久 メーカー 3年保証","8442","44","","2251","¥ 19,480","","1","B0CG1S9XDD","B0CM1YM95R","12.6","8.8","2.1","70"
"LAMZU PARO REJECTモデル【8Kドングル入り】ゲーミングマウス リジェクトSPECIAL EDITION","8443","62","50","42","¥ 17,820","","1","B0FCYJC64T","","16.8","11.8","7.9","410"
"REALFORCE リアルフォース 東プレ アルミリストレスト テンキーレスサイズ M070201 ダークシルバー R4 R3 R3S 対応 ヌバック レザーレット シート 付属 2段階の高さ調節 腱鞘炎予防 ハードタイプ 金属製 パームレスト","8455","48","","78","¥ 7,315","","1","B0BLRN4LKQ","B0BLSBBMF7","41.7","12","4.9","600"
"60m CAT5e 屋外仕様 2重被覆 LANケーブル 屋外用 POE対応 ランケーブル 難燃性 耐候性 高耐久 専用ピン付","8459","39","","205","¥ 8,020","","1","B07H1J9QMN","B0CLGPXWT9","23.1","20.8","5.3","1860"
"【Amazon.co.jp限定】 ASUSゲーミングモニター/ROG Strix OLED XG27ACDMS/26.5インチ/1440p/量子ドット有機ELパネル/280 Hz/0.03 ms/カスタムヒートシンク/Neo Proximity Sensor/ASUS OLED Care Pro/均一輝度/G-SYNC対応/99% DCI-P3/DisplayWidget Center/国内正規品","8461","64","","22","¥ 79,800","¥ 79,800","1","B0FQV3222X","B0H7156WXL","85.7","49.8","16","8090"
"エレコム SSD 外付け 1TB USB3.2 (Gen1) iPhone対応 Type-C/Type-A 両対応 回転式コネクタカバー exFATフォーマット ESD-EPA1000GSV","8464","111","","30","¥ 25,850","","19","B0D3TDCV4L","B0D4ZTSG7Z","15.5","12.2","3.2","80"
"【整備済み品】中古 ノートパソコン 軽量 G83 13.3型 フルHD ノートPC 第11世代 Core i7 /メモリ 8GB / SSD 256GB / ノートpc 超軽量 office 2021付き windows11 / HDMI/ WIFI6 / Webカメラ搭載/高性能モデル","10966","46","","1","¥ 46,890","","1","B0H41C5F6L","B0H2Q2LBGF","43","30","12","2000"
"Spigen iPad Pro 13インチ M5/M5 (2025/2024) ケース 三つ折り スタンド Apple Pencil対応 衝撃吸収 耐衝撃 米軍MIL規格 落下防止 ラギッド・アーマー・プロ ACS07007 (ブラック)","8468","39","","6774","¥ 5,014","","1","B0CW2G35SQ","B08WY9SJ8G","33.6","27.5","3.9","560"
"サンワサプライ DisplayPortケーブル 5m(Ver1.4) KC-DP1450","8469","55","","448","¥ 5,173","¥ 5,173","27","B07MLZJ6ZH","B07MZF68VD","23","11.2","7.2","420"
"Canlarriz デジタルサイネージ 43インチ 壁掛け 業務用モニター｜飲食店・店舗向け デジタルメニューボード｜超薄型・1000ニト高輝度 UHD｜無料CMS対応（遠隔管理・スケジュール配信）｜Android搭載（4GB+32GB）","8470","69","","17","¥ 117,777","","1","B0DPYTNQCL","B0DMT25WHP","99","61","16","3000"
"イーサプライ セキュリティワイヤー 10個セット 盗難防止 ケンジントン ナノセーバー ワイヤー長1.8m シリンダ錠 EEX-SLY02X10","12154","15","","","¥ 27,800","","1","B0DN4JZ7ZS","B0BBV4YNHJ","20","16","1.6","150"
"チ USB","8476","52","","298","¥ 6,566","","1","B0DR8ZZMRW","B0DGKQ5W51","8.8","7.5","1.9","32"
"CORSAIR HX1500i 2025モデル PC電源ユニット 1500W PCIE 5.1 対応 Cybenetics Platinum ATX 3.1 認証済 フルモジュラー 12V-2x6 ケーブル付属 CP-9020309-JP","8481","76","50","8","¥ 44,242","¥ 44,242","6","B0F29WHFRF","B0F897QVNR","34.6","24","13.2","4660"
"サンワダイレクト ペン型マウス Bluetooth/USB-A/USB-C 無線接続 充電式 収納ポーチ付き ブラック 400-MAWBT202BK","8484","80","","191","¥ 6,480","","1","B0D2KFT9BJ","B0D2MQT8YR","17.3","9.1","3.4","80"
"ヤマハ USB ギガアクセスVPNルーター dual_band RTX830","8486","125","50","241","¥ 73,750","","15","B075YVK9QF","","23","16.5","10","1150"
"PS5用USBハブ Megadream高速拡張USB HUB 4USB2.0ポート+1USB充電ポート+１Type‐C3.1ポートPS5用 高速伝送 安定性 PlayStation5に対応 プレイステーション5 (PS5スリムには非対応)","9882","18","","2887","¥ 5,157","","1","B08Q87CPRD","B08ZLYCQGP","10.6","6.1","4.2","50"
"Redragon K723 ゲーミングキーボード 無線 銀軸 96% テンキー付き ガスケット構造 ホットスワップ Bluetooth/2.4G/有線","9947","0","","176","¥ 8,980","","1","B0H4YJXQQV","B0H7RMZY5P","43","17.7","5.9","1240"
"Samsung T7 Shield 4TB 外付けSSD 【防水】 国内正規保証品 最大1,050MB/秒 USB3.2 Gen2 Type-C iPhone15動作確認済み MU-PE4T0S-IT/EC(メーカー保証)","8492","70","","311","¥ 186,848","¥ 186,848","1","B0BSQSNKYF","B0D5QV9YQ1","14.9","9.8","5.2","210"
"JAPANNEXT 27インチ モニター 4K UHD 3840x2160解像度 IPS ディスプレイ (HDMI/DisplayPort/スピーカー内蔵/VESA対応/ブルーライトカット) JN-IPS2709UHDR","8493","39","","40","¥ 33,980","¥ 26,370","14","B0CX7MQZ6V","","70","46","20","7400"
"LCL OKI用 TC-C3B TC-C3BC1 C844dnw C835dnwt C835dnw C824dn 互換トナーカートリッジ 1本","13290","40","","54","¥ 5,950","","1","B082KXXZQ4","B0HDB39SRF","38.3","10.2","6.2","550"
"SHOPPINGALL 【小指で動く】【ワンランク上の使い勝手】[リクライニング対応の可動域] モニターアーム シングル 17～34インチ(3～11kg)対応 スムースリンクスプリング 次世代金属バネ方式","8515","40","","45","¥ 12,980","","1","B0FKSY7775","B0FKSZ6L8X","44.6","31.6","19.8","4680"
"Thermalright Peerless Assassin 120 Digital ARGB White CPU エア クーラー、デジタル スクリーン トップ カバー、6 ヒートパイプ コンピューター CPU クーラー、AM4/AM5、Intel LGA1700/1851/1150/1151/1200 用、PC クーラー - ブラック","8515","55","","15","¥ 6,629","","1","B0DSTXJV8B","B0GLXR48KP","24.9","20.4","15.9","1590"
"Dell 液晶ディスプレイ E2225HM 21.5型/1920×1080/HDMI、DisplayPort、VGA/ブラック/スピーカー：なし","8519","83","50","33","¥ 11,199","","9","B0F4PDLB7J","","56.7","35.7","11.8","3810"
"サンワサプライ ドラッグ&ドロップ対応Type-Cリンクケーブル(Mac/Windows対応) KB-USB-LINK5","8527","53","","74","¥ 5,955","¥ 5,955","21","B07G5QJF64","B07H5LH89M","20.8","13.7","4.4","130"
"NZXT C750 PC電源ユニット 750W 80PLUS Gold 2022年モデル PA-7G1BB-JP PS1191","9978","28","","26","¥ 12,222","¥ 12,222","2","B0B3HKL7Q4","B0CKZ5WY81","34.2","23","11.9","3100"
"Inateck JIS日本語配列 iPad A16 第11世代/第10世代用 キーボードケース 1秒マグネット着脱式 7色バックライト","9574","50","","63","¥ 6,536","","1","B0GF29NSTJ","B0GTP7TH1Y","28.5","21.7","3.4","830"
"【Android16 12インチ】P12 タブレット 12インチ 2.4K大画面 10000mAh大バッテリー 48GB RAM+128GB ROM+2TB TF拡張 超薄型メタルボディ Gemini AI 2.0 搭載 8MP+13MPカメラ DRM L1(Netflix) 顔認証 5GWiFi BT5.0 OTG対応 キーボード ワイヤレスマウス タッチペン 保護ケース イヤホン フィルム付き","13830","2","","6","¥ 24,900","","1","B0GYXXYVLQ","B0HDY727MZ","30.8","21.8","6.1","1690"
"サンワサプライ USB PD対応クランプ式AC充電器（PD65W・C×2＋A×2・ブラック） ACA-PD106BK","8557","51","","12","¥ 6,309","¥ 6,309","18","B0FSJXW8FX","B0FWCLH6T3","15.6","11.2","6.4","450"
"ミニpc 小型パソコン Intel J3355 最大2.5Hz【8TB SSD増設可能｜SATA/NVMeデュアルスロット対応】mini pc Windows11 静音38dB 初心者向け 小型超軽量ミニパソコン｜4K静音 高速熱放散｜HDMI｜BT5.0 ビジネス/在宅ワーク向け 企業用/業務用 (6GB+128GB 日本語版)","8562","105","50","274","¥ 22,980","","2","B0H2XPXVH7","B0HBWQZH2B","23.3","14.4","6.7","580"
"【最新型】Omikamo キーボード ワイヤレス マウスセット 折りたたみ式 標準JIS配列 Bluetooth＆2.4G接続 無線 軽量 静音キー","8563","46","50","68","¥ 5,280","","2","B0FVXG7BJ4","B0G12VK4HW","24.8","15.1","4.2","510"
"TourBox Lite Bluetooth [エントリー] 左手デバイス・片手キーボード ペンタブ最適パートナー Clip Studio Paintほか対応 直感ブラインド操作 専用ソフトでカスタム自在 日常作業・軽創作の作業効率向上｜Mac/Windows対応、ブラック・ワイヤレス（本体のみ）","8564","78","","22","¥ 14,976","","1","B0F7WV67FQ","B0GN6B3GT1","14.5","14.3","8.2","481"
"ラムズ(Lamzu) THORN V2 Purple ゲーミングマウス 1セットソール追加版 8Kドングル付属 日本正規代理店保証","10199","1","","","¥ 23,100","¥ 23,100","1","B0HFHJSSS1","B0HFHMN3DW","17.5","12","9","455"
"Audioengine A2+ Next Gen ホームミュージックシステム with Bluetooth aptX-HD、PCスピーカー for 音楽愛好家、ゲーマー (ハイグロスホワイト)","9864","55","","2900","¥ 35,992","","2","B07MYW4Q8S","B0FB3XRRWF","38.4","28.1","18.4","4540"
"ROADOM 7インチ Raspberry Pi用モニター ケース付き IPSパネル 1024X600 タッチモニター 178°全視野","8575","42","","72","¥ 8,342","","1","B0CL9K1S18","B0CN2XFHJ5","22.4","16.4","6.2","740"
"サンワダイレクト PCスピーカー 30W 3.5mm 有線 木製 アンプ内蔵 AC電源 小型 ステレオスピーカー テレビ パソコン 400-SP107","8577","80","","134","¥ 7,180","","1","B0BV5R4RBH","B0CT8FJ3YH","32.3","24.6","15.2","2370"
"【純正品】DualSense ワイヤレスコントローラー ミッドナイト ブラック + USBケーブル for PC(CFIJ-15502)","11053","91","50","20","¥ 11,016","¥ 11,016","2","B0GL195NDN","B0GMQGW1L7","19.3","19","6.9","450"
"アイリスオーヤマ デスクがスッキリするモニター台 幅100cm 引出し付き ブラック 収納領域の大きなワイド設計 目線が上がるので首肩の負担が軽減 インテリアになじむシンプルデザイン ほこりが溜まりにくいフラット設計 モニター台 パソコン台 ディスプレイ台 机上台 PC台 プリンタ台 キーボード マウス収納 幅約100×奥行約26.4×高さ約13cm MNS-1000H","8578","75","","97","¥ 5,190","¥ 5,611","10","B09KGCBXK1","B0DGXJLQWB","107.7","26.3","5.5","7180"
"【ミニPC 最強 ゲーミング PC】GMKtec NucBox K8 PlusミニPCゲーミング AMD R7 8845HS搭載 【R9 7940HS/8745HS/H255より上位】Radeon 780M | 128GB DDR5拡張可能 32GB DDR5+1TB SSD |Oculink・USB4.0×2 | Win11 Pro 5.1GHz | Win11 Pro | 8K 4画面対応","8582","78","50","151","¥ 128,999","","1","B0H2PZTTC3","B0HGS27ZY6","18.7","18.7","12.2","1640"
"リコー IPSiO SP トナーカートリッジ シアン C310H 308501","8585","39","","11","¥ 11,200","","20","B001RJO0QS","B0FNHL4735","41.6","19.3","16","1601"
"OKI 国内純正 大容量トナーカートリッジ TNR-M4G2 ブラック (T)","8590","42","","19","¥ 22,437","","9","B01HXNOQWE","","31.8","8.9","7.6","570"
"インクのチップス TN299XL 4色 大容量 ブラザー用 互換トナー HL-L3240CDW MFC-L3780CDW","9885","49","50","39","¥ 8,280","","2","B0CZDNGQ3H","B0H6HJ3XBQ","33.9","21","13.2","1900"
"CANON　純正品　トナーカートリッジ071H　CRG-071H 2本セット LBP121 LBP122 MF273dw MF272dw 対応","8593","56","","4","¥ 19,920","","17","B0CB52Z7NP","","36.5","22.4","14.1","1620"
"プリンストン ワイヤレスHDMI ワイヤレスType-C SimpleCastPocketMini用USB-C 【子機×2台セット】 映像を無線化 ワイヤレスプレゼンテーション SC-POCKETMINI-C1SET","8631","51","","","¥ 16,020","","6","B0FT2YN4LD","B0CH83C4X5","18.5","7.4","4.7","100"
"GameSir G7 HE 有線ゲームコントローラー XBOX Series X|S XBOX One Windows 10/11用 PCコントローラーゲームパッド ホール効果スティック付きビデオゲームコントローラー (ホワイト)","8603","31","","2238","¥ 6,799","","1","B0D8KQT4DX","B0DB1VHFYP","16.2","12","8.6","410"
"【整備済み品】Dynabook ノートパソコン office搭載,15.6インチ 中古 パソコン Core i5 16GB メモリ 512GB SSD,ビジネス用ノートpc Windows 11 カメラ搭載,業務用 laptop 在宅ワーク 学生向 日本語キーボード搭載","8604","68","50","17","¥ 36,780","","1","B0GYS8VM9Q","B0H38GSGX8","43.6","32.1","10.2","2630"
"シー・エフ・デー販売 CFD販売 ノートPC用メモリ DDR3-1600 (PC-12800) 8GB×2枚 (16GB) 相性保証 無期限保証 1.5V対応 204pin Panram W3N1600PS-8G","8607","65","","191","¥ 6,980","¥ 7,828","4","B00GRR0GNQ","B017R0420E","17.4","17","1","50"
"Seagate BarraCuda 3.5"" 1TB 内蔵ハードディスク HDD 2年保証 6Gb/s 64MB 7200rpm 正規代理店品 ST1000DM010","8608","132","50","1015","¥ 9,999","","3","B01M04WP2B","B0DDPTKHT6","26","13","3.5","400"
"EMEET S600L 4K Webカメラ リングライト一体型 美肌","8613","53","","37","¥ 11,184","","1","B0GCCV6TY5","","14.8","9.5","7.5","270"
"GAOMON ペンタブ M10K PRO 板タブ 傾き検知 充電不要ペン 10個ショートカットキー付き お絵描き/イラスト/デザイン/オンライン授業 Windows/mac/Android対応 10×6インチ ペンタブレット タッチホイール付き","8615","69","","1591","¥ 6,999","","3","B088KLB6QR","B0D3QCKS4T","37.1","25","4.2","1229"
"【5年保証】GIGASTONE 64GB SDカード 10個セット SDXC UHS-I U1 C10 80MB/s メモリーカード フルHD ビデオ デジタルカメラ 高速記録 ミニケース10個付き","8616","79","","1316","¥ 39,980","","2","B0CFJWHRBB","B0FR945TLS","18","11.6","1.2","50"
"【ブラザー純正】ドラムユニット　DR299CL 4PK(ドラム4個入りパック) 対応型番:HL-L3240CDW、MFC-L3780CDW　他","8620","70","50","6","¥ 13,827","¥ 13,827","27","B0CJXQPPMM","","37.5","30.2","19.2","1370"
"ASUS ROG STRIX B550-A GAMING AMD Ryzen 5000シリーズ AM4 対応 B550 搭載 ATX マザーボード/国内正規代理店品","8621","84","100","416","¥ 18,984","¥ 18,984","6","B08HCKKVL3","B0D9GSZWR4","34","27.2","7.4","1720"
"東芝 タイムシフトマシン対応 USBハードディスク メカニカルハードデスク（4TB）TOSHIBA REGZA THD-V3シリーズ THD-400V3","8629","189","100","603","¥ 30,800","","35","B07WYGJMMQ","","26.3","22.8","6.9","1420"
"Hanye 512GB 内蔵型SSD 3D TLC NAND PCIe Gen3x4 NVMe M.2 2280 R:3600MB/s E30 正規代理店品メーカー5年保証","8634","30","50","354","¥ 12,980","","2","B0BXDG2TVB","B0BXDJD4RY","13.1","9.8","1.7","20"
"ASRock B650 Steel Legend WiFi AMD Ryzen (AM5) 対応 DDR5 ATX マザーボード 【正規代理店品】","8634","84","","285","¥ 21,980","¥ 21,980","12","B0CXPXBF2M","","38.8","32.2","9.6","2218"
"横トナ エプソン用 IP11B 互換インクパック 4色セット 大容量 (Lサイズ) 全色顔料インク PX-M887F PX-S887 対応","8640","44","","7","¥ 13,594","","2","B0C4J9JLZ4","","26.2","12.2","11.8","640"
"SONY(ソニー) ジャケットケース LCJ-RXK BC ブラック","8646","42","","436","¥ 6,273","¥ 6,273","7","B07VPWL3JN","","14.5","13","6.2","194"
"サイズ SCYTHE ツインタワー・サイドフロー型CPUクーラー 2重反転方式ファン FUMA3","8649","79","50","153","¥ 5,027","¥ 5,027","4","B0CGZHQ223","","19.7","18.2","15.4","1628"
"東芝 3.5インチ HDD 18TB NAS PC 向け 内蔵型 CMR 24時間稼働 RVセンサー 搭載 【国内正規代理店品】 3年保証 MN09ACA18T-3YW","7713","32","","158","¥ 269,880","","1","B09T9YVP3B","B09P48TH28","18.1","16.2","4.7","720"
"KIWI design K4 Duo オールインワン オーディオ バッテリー ヘッドストラップ Meta Quest 3S/3対応 Meta認証済み","8652","59","","383","¥ 19,999","","1","B0D4TY7TYJ","","40.6","40","12","1020"
"EHOMEWEI デュアルモニター 16インチ QLED 2.5K 2560x1600 デュアルディスプレイ 折りたたみ ミラーリング 拡張 薄型 6mm XQ-160NW","8653","58","","116","¥ 61,184","","1","B0CSSKVWTK","B0GV45V9MD","44","29.8","8.2","3260"
"エレコム キーボード ケース付 Touch Book for iPad 第9/8/7世代 日本語配列 着脱可能 3段階角度調整 ブラック TK-CA13BPBK","8656","81","","14","¥ 9,673","¥ 9,673","20","B0DGJXP6H5","","27.8","21.7","2.9","670"
"UGREEN HDMI2.1 KVM切替器 2入力1出力 8K60Hz HDR/3D/CEC対応 USB3.0(A3+C1) ケーブル付き","8657","92","50","319","¥ 6,399","","1","B0CFFCPL26","","23.4","15.4","4.6","700"
"Satechi MacBook Neo用 6-in-2 USB-C Snapハブ 4K@60Hz HDMI シルバー","8661","30","","66","¥ 8,000","","10","B0H5NX9KPQ","B0H88J9THL","14","10","2.1","68"
"Ediloca SSD 1TB M.2 2280 PCIe Gen3×4 NVMe 最大読み出し3500MB/s 最大書き込み2400MB/s 3D NAND採用 内蔵SSD 低消費電力 耐衝撃性 メーカー3年保証","8743","81","50","204","¥ 20,580","","1","B0FYFZVH4B","B0H3FRY1Z4","11.5","6.7","1.8","40"
"iClever 折りたたみキーボード Bluetooth タッチパッド搭載 スタンド付き 3台切替 英語配列 フルサイズ パンタグラフ テンキー付き 超薄型 静音 Type-C充電 Windows/Mac/iOS/Android対応 BK08 (シルバーブラック)","10080","60","","15","¥ 5,890","","1","B0GXKPW9M2","B0H3P4MD71","20.5","13.5","2.9","318"
"サンワダイレクト USB3.0 → HDMI 変換アダプタ 拡張・複製対応 ディスプレイ増設 在宅勤務 400-HUB027","8666","63","50","246","¥ 8,980","","1","B01BEK9FV4","B01BES6E9W","17.2","14.6","3.4","120"
"OMOTON タブレット アーム， ipad スタンド アーム 寝ながら, 360回転 アイパッド スタンド ベッド 縦横両対応 折り畳み式, 俯瞰撮影, 活用 4.7-12インチの iPad/iPhone/Kindleに対応, ブラック (シルバーグレー)","8503","11","","274","¥ 11,136","","1","B0FCDXNZ32","B0FWR9T14B","34.5","10.9","5.4","748"
"RISOKA XXL アニメ ゲーム用マウスパッド 35.4 x 15.7インチ - 防水","8668","17","","378","¥ 9,681","","1","B0FZM1DWP4","B0FJ32117D","41.9","8.9","8.8","940"
"ACASIS USB C - デュアル HDMI DisplayLink アダプター、4K@60Hz","8674","119","100","328","¥ 10,999","","1","B0FBW7R316","B0H7S6CMBV","15.9","8.9","1.9","109"
"ORICO マグネット式 8-in-1 USB-Cハブ M.2 SSDケース内蔵 Magsafe対応 10Gbps高速転送 HDMI4K@60Hz 100W PD急速充電 SD/TFカードリーダー オーディオポート付き iPhone 17/16/15 Pro Max & MacBook Pro/Air対応","11404","2","","39","¥ 8,999","","1","B0H9992T74","B0HBQ89Z9D","12","12","2","100"
"ULTRARMヘビーデューティ延長アーム MA20PW-S専用アクセサリー 単体使用不可","8678","47","","151","¥ 12,000","","1","B0CZ8FYQWF","B0D6G6M6BK","44.1","30.3","9.2","3611"
"ブラザー プリンター A4インクジェット複合機 MFC-J943DN FAX 電話 子機1台 コピー プリント スキャン Wi-Fi 簡単設定 対応インクLC511シリーズ","8684","105","100","19","¥ 35,866","¥ 37,000","30","B0FSCXS8RF","B0H7GX27V2","49.5","47","26.5","9430"
"Logicool G シフター GRS-H-SHIFTER 7速+R H型 ギアシフター PRO RS50 G923 G29 ハンコン レーシングホイール 対応 PS5 PS4 PC ハンコン レーシング シフター シムレーシング ドライビング ステック レーシング 国内正規品","8697","81","100","55","¥ 21,970","¥ 21,970","1","B0GP6V7FFS","B0GSVL9Y6W","30.4","20.7","18.7","3270"
"Womier DK98pro キーボード 98キー ゲーミングキーボード ワイヤレス 静音キー テンキー付き 3モード接続","8697","67","","114","¥ 5,184","","1","B0GV7NMKLS","B0FCBXV3FS","45.3","14.3","4.9","1000"
"Dell AW2726DL 27インチ Alienware ゲーミングモニター(無輝点3年保証/QHD/IPS,非光沢/DP 1.4,HDMI/DCI-P3 93%/縦横回転,高さ調整/1ms,280Hz/AMD FreeSync Premium)","8702","56","50","19","¥ 32,980","¥ 32,980","1","B0H3HC1L6Q","B0H98HSQXN","78","48","15.7","7400"
"ABLAZE USBメモリ Type-C 16GB 10本セット, デュアルUSB2.0＋Type-C","10886","91","","470","¥ 6,788","","1","B0FR4W2FJV","B0HCT6WB68","15.6","13.7","1.9","120"
"【整備済み品】Panasonic Let's note CF-SV8 12.1型ノートPC/第8世代Core i5/16GB/SSD512GB","8709","72","50","9","¥ 35,530","","1","B0GWZJ39W7","","39","24.6","7.4","1490"
"JETech iPad Pro 12.9 (2015/2017型) ケース レザー 三つ折スタンド オートスリープ機能 スマートカバー (ブルー)","17154","7","","27628","","","","B00W4ZLYRW","B0CLNN43P8","31.5","24.9","1.5","340"
"【整備済み品】軽量小型ノートパソコン Let`s note CF-SV9 ■第10世代Core i5 - メモリ16GB - SSD256GB - 12.1型WUXGA(1920x1200) - Webカメラ - WiFi&Bluetooth - USB Type-C - Win11 - MS Office 2021 (整備済み品)","8717","30","","","¥ 39,800","","1","B0H62382PP","B0FXNV5JKB","43","27","9.5","2000"
"Macally ワイヤレスBluetoothキーボード テンキー付き 日本語JIS","8718","61","50","70","¥ 5,681","","1","B0F2HPK618","B0FY2YY64J","43.9","12.4","3","650"
"「国内正規品」Keychron K10 Max スペシャルエディション メカニカルキーボード 2.4G/Bluetooth 日本語配列 静音バナナ軸","8720","57","50","8","¥ 19,976","","1","B0FZJGRZ96","B0G1G6QJRJ","48","21","7","3590"
"INFILAND iPad Mini 7ケース（A17 Pro）、iPad Mini 第7世代/第6世代 2024/2021 8.3インチ用ケース、子供用ガールズ用キラキラキュート保護カバー クリアスパークルバック（ピンクユニコーンドリーム）","8724","44","","736","¥ 7,589","","11","B0F1Y5S1Z7","B0DJLCCHKM","19.8","15","1.4","150"
"マイクロソフト Office無し 法人向け Surface Go 4 N200 / 8GB / 256GB / プラチナ/Windows 11 (XIG-00015)","8729","47","","15","¥ 149,800","","2","B0CJLX9VTM","B0CLFRLDCF","32.9","23.7","4.9","1040"
"LENTION CA18 Multi-AI USB Cハブ リアルタイム音声テキスト入力 2フィートケーブル","8731","11","","1213","¥ 9,282","","1","B0H2VJ7KSZ","B0DPVVKP7X","15.9","9.1","2.2","82"
"【純正品 大容量・黒2個セット】HP 67XL インクカートリッジ 3YM57AA ブラック 2個 大容量 対応機種:ENVY 6020 / ENVY Pro 6420 除菌ミニシート","8919","29","","","¥ 11,980","","2","B0G3PZCWR3","","12.4","11.7","4.4","100"
"エレコム USBメモリ 128GB 回転カバー Type-C USBA 対応 最大読込速度100MB MF-TPC3128GBK","8733","139","","123","¥ 5,980","","12","B0CQYDN72V","B0CQYCB37G","13","3.8","1.7","10"
"HUION 液タブ Kamvas 16（Gen 3） 15.8型液晶タブレット Pentech 4.0搭載 16384レベル筆圧 スタンド付き","8740","60","","40","¥ 59,985","","1","B0DRBKJ1RV","B0GS5JMQGJ","46.2","27.7","7.7","3170"
"MSIマザーボード B760 GAMING PLUS WIFI DDR5 [Intel B760 搭載] MB6169","8742","70","","76","¥ 15,981","¥ 15,981","11","B0C85YY829","B0D8KD5V6G","34.6","27.3","6.7","1501"
"FlexiSpot モニターアーム MA6 大型湾曲対応 180°回転制限 35インチ 3-12kg 上部固定クランプ グロメット 収納 5年保証","8742","47","","6","¥ 14,384","","2","B0GX3Z5Z43","B0GX3B8QDS","48","41","15","7590"
"be quiet! Pure Wings 3 140mm PWM、3個付属、ハイトップエンドスピード、低最小RPM、最適化されたファンフレーム、新しく設計されたファンブレード","11408","29","","130","¥ 8,947","","12","B0FV39LFN1","B0H35J13YG","15.7","14.2","8.4","630"
"j5create 360度 Webカメラ USB C USB A 両対応 ミーティング 会議室カメラ 1080p 左右反転機能 全指向性マイク 6種類モード パノラマ 2分割 ホスト デュアルホスト シングル ワイドビュー タッチバー搭載 設定不要 プラグ＆プレイ Skype/Zoom/Teams Windows/macOS/ChromeOS対応 安心2年保証 国内サポート JVCU360-EJ","8744","52","","60","¥ 9,496","","1","B08NV3HB16","B0CKZ475DG","21.8","12.7","5.3","400"
"エプソン ICBK82 純正インク ブラック 3本セット","9974","50","50","86","¥ 5,760","","9","B00SIL9KWW","","25.3","7.5","3.6","90"
"【家電批評上半期ベストバイ受賞】 final(ファイナル) TONALITE(トナリテ) スマートパッケージ 【目の前で演奏されているような感動を生む新技術DTAS】 完全ワイヤレスイヤホン 外音取り込み ノイズキャンセリング Bluetooth6.0 最大9時間連続再生 マルチポイント対応","8747","46","50","30","¥ 34,800","","1","B0H3TCDW3F","B0H8H34LXR","11.2","10.2","7","200"
"【XPPen新登場】タブレット 手書き ノート 11インチ 充電不要 X3 Proペン付 16384筆圧 カラーノートパッド Android LCD 電子ノート 128GB 90Hz ビジネス 会議 学習 勉強 マンガ 保護ケース付 Magic Note Pad","8750","76","50","80","¥ 46,193","","1","B0F13GMDWS","","31","23","10.2","1640"
"リアルアーケードPro.V HAYABUSA for Windows® PC","8752","121","100","75","¥ 15,980","¥ 15,980","2","B0D4TPJYX9","","47","28","15","2880"
"Phomemo M02 Pro 300DPI ミニプリンター モバイルぷりんたー サーマルプリンター スマホ対応 ポータブル型 手帳 写真/リスト/領収書/付箋/ワード/ウェブラベル/メモ/ラベル/勉強ノートに対応 学生 友人 家族 クリスマスプレゼント Bluetooth接続 在宅勤務 自宅学習 多国言語対応APP 日本語取扱説明書 iOS Android対応 ピンク 2ロールシール付き","8753","17","","4804","¥ 14,498","","2","B086SBNYZ1","B0GZ1F6JYR","10","9.8","6.4","300"
"バッファロー HD-TPA1U3-B 東芝製Canvio USB 3.0対応ポータブルHDD 1TB","8755","124","100","336","¥ 17,300","","13","B07XJHM3M8","","14.1","11.1","3.8","200"
"DAREU ゲーミングマウス 無線 水色/ブルー ワイヤレス2.4G/有線USB接続可能 軽量85g 人間工学 可愛い 12000DPI 充電ドック付き プログラム可能 EM901X 技適認証取得【1年間メーカー保証】","8768","48","","631","¥ 6,064","","1","B0CBRMX7QG","B0H3ZJG62B","17.7","16.8","6.9","290"
"JAPANNEXT 27インチ モニター 4K UHD 3840x2160解像度 IPS ディスプレイ (KVM/HDMI/USB-C 給電 (65W) / DisplayPort/VESA対応/ブルーライトカット) JN-IPS273UHDR-C65W","8771","59","50","60","¥ 36,980","¥ 26,608","14","B0CQ2H7H85","","77.4","49.5","19.7","5820"
"キオクシア KIOXIA 内蔵 SSD PCIe Gen4×4 NVMe 2.0d M.2 Type 2280 (最大読込:7,300MB/s) BiCS FLASH 5年保証 EXCERIA BASIC SSD-CK2.0N4B/N【国内正規代理店保証品】","8825","112","","66","¥ 64,800","","1","B0G1BPR498","B0G5P5GTPC","11.7","9","1.9","30"
"エンドゲームギア(Endgame Gear) XM2we ゲーミングマウス ワイヤレス ブラック EGG-XM2WE-BLK","11895","22","","180","¥ 9,135","","20","B0BVKZ2RR3","B0C7CJ2XBD","18.3","12.5","5.2","181"
"【Amazon.co.jp限定】Brother ブラザー用 TN-293/297 （BK/C/M/Y) 大容量　互換トナーカートリッジ 「4本セット」 対応機種：MFC-L3770CDW HL-L3230CDW国際規格ISO9001認証工場生産 【DoraShop】","13112","68","50","561","¥ 5,820","","1","B08HGS6YQS","","33.2","20.5","19.5","2060"
"Dell プレミアワイヤレスキーボード&マウス KM717 USB無線/bluetoothLE両対応","8782","94","","50","¥ 12,969","","4","B01N1XB539","B0BYKDHTTR","58","26.4","9.4","1360"
"【整備済み品】ノートパソコンX13 13.3インチ フルHD/R5 PRO 4650U(2.1GHz)/メモリ32GB /SSD 1TB/USB/HDMI/Webカメラ/Wi-Fi/Bluetooth/Win 11 & Office2019搭載","14731","11","","1","¥ 71,145","","1","B0GDZLFKRB","B0HGLXVW4F","43","30","12","1500"
"キヤノン A4 モノクロ レーザービームプリンター Satera LBP241","8790","126","100","52","¥ 25,769","¥ 25,769","26","B0C5D2YFMM","","52.5","48","43.3","11990"
"ORICO Thunderbolt 3 10GbE Ethernet Adapter 10gbps 有線lanアダプタ イーサネットアダプター サンダーボルト3 10GB高速ネットワーク接続 NAS Windows Mac 対応","8793","35","","13","¥ 17,935","","1","B0FH9PL974","","13.9","10.9","3.3","210"
"ＢＵＦＦＡＬＯ ＵＳＢ３．２（Ｇｅｎ１）対応 ポータブルＤＶＤドライブ 書込ソフト添付 ブラック DVSM-PTCV8U3-BKB","8795","39","","2","¥ 5,656","¥ 5,656","17","B0CDZCPCMH","","18.5","18","4.9","500"
"Smatree M72 14インチ ハード保護 ノートPCスリーブケース ノートパソコンケース 耐衝撃PCバッグ 撥水 通勤 通学 就活(X8261)","13869","18","","11","¥ 6,399","","1","B0GFVN78YY","B0GZ1Y4MZT","36.8","29","3.9","760"
"WD62PURZ [WD Purple（6TB 3.5インチ SATA 6G 5640rpm 128MB）]","8801","28","","3286","¥ 61,782","","89","B08R9RYSMP","B07214D7R3","21.1","16.3","11.6","720"
"ZenRich iPad 9世代/8世代/7世代 ケース 耐衝撃 保護フィルム付き/ペン収納/360°回転スタンド ハンドストラップ/ショルダーストラップ 全面保護カバー ipad 第9世代/第8世代/第7世代 10.2インチ 現場用 ケース（適格請求書発行事業者)","8802","56","","1997","¥ 7,240","","1","B07Y9HC37L","B0D69LVJPM","29.8","25.5","3.9","510"
"WD デスクトップHDD 4TB USB3.0 暗号化 パスワード保護 バックアップ My Book 2021 外付けハードディスク / WDBBGB0040HBK-JEEX 3年保証","8804","22","","57","¥ 27,900","","8","B09BN28XP4","","22.8","20.7","9.4","1220"
"【 サンディスク 正規品 】 SanDisk 外付け SSD SDSSDE20-512G-GH25","8811","77","","261","¥ 17,689","¥ 17,689","6","B0CKVKBQDJ","B0CTH46QJJ","15","10.1","1.4","40"
"TEAMGROUP (旧称 Team) 内蔵 SSD 256GB SATA3 2.5インチ 7mm厚 CX2シリーズ 日本国内3年正規保証 T253X6256G0C101","10081","42","","456","¥ 7,280","","1","B0B177ZDRB","B0BH3X5JT5","12.3","9.4","1.2","50"
"サンワサプライ ワイヤレスキーボード Bluetooth・2.4GHz両対応 テンキーレス コンパクト パンタグラフ 日本語配列 85キー 充電式 3台切替対応 Windows Mac iPad iPhone Android ChromeOS対応 グレー SKB-AZ01GY","8815","18","","","¥ 6,384","¥ 6,384","1","B0H4QT1V6T","B0H4SZS6WN","32.4","12","2.7","460"
"[ セット品 ] 【純正品 4色セット 】キャノン トナーカートリッジ 069 CRG-069 BK/C/M/Y (LBP671C / LBP672C / LBP674C / MF751Cdw / MF753Cdw / MF755Cdw対応) (ブラック シアン マゼンタ イエロー) CRG-069","8816","58","50","","¥ 36,830","","5","B0GVMVLLLQ","","36.6","24.2","18.7","2470"
"HyperX Cloud Stinger 2 Core ゲーミングヘッドセット 有線 266g軽量 ブラック 日本正規代理店品 683L9AA","8827","92","50","4576","¥ 5,480","¥ 5,480","4","B0BCFKG49M","B0H8H25Q8F","23.2","22","11.6","578"
"TOPADRE 充電器 240w PD3.1急速充電器 6ポート USB コンセント 【C1 単ポート140W MAX/ディスプレイ搭載 /1.5mケーブル付】GaNFastⅢ対応 PCに急速充電対応 MacBook Pro14”/16” 対応 Macbook M4/iPad Pro/iPhone16/15/Galaxy/Android/その他","8827","21","","169","¥ 12,999","","1","B0D8KP1VNL","B0HB8X1V62","20","16.2","5.2","848"
"Nextorage 外付けSSD ケース 冷却ファン内蔵‎ エンクロージャー 国内メーカー PS5用 PD 100W パススルー ヒートシンク対応","10168","38","","10","¥ 5,933","","1","B0H2GVWJSL","B0H5VP2121","15.9","11.6","3.2","190"
"Lenovo Legion Tab (8.8"", 3) タブレット (8.8インチ ワイド パネル Qualcomm Snapdragon® 8 Gen 3プロセッサー 12GB 256GB Wi-Fiモデル) エクリプスブラック ZAEF0052JP 【AndroidOS】","8836","108","100","99","¥ 89,165","¥ 89,165","5","B0DTK4TMJH","","24.2","16.8","8.6","1310"
"TITAN ARMY 27インチ 量子ドット HDR500相当 WQHD 200Hz ゲーミングモニター P2710R-QD (FAST IPS｜HDMI 2.0｜DP 1.4｜PS5 VRR対応｜ゲームプレイ支援機能 Game+｜PIP/PBP｜上下昇降/ピボット/スイーベル対応)","8843","20","","9","¥ 27,800","","1","B0FPFDC7J9","","69","45","14","6350"
"Redragon M913インパクトエリートワイヤレスゲーミングマウス、16000 DPI有線/無線RGBゲーマーマウス、16プログラマブルボタン、45時間バッテリーとプロ光学式センサー、12サイドボタンMMOマウス","8848","102","50","6452","¥ 5,999","","1","B088B3ZM76","","17.2","11.1","5.1","280"
"Gigastone マイクロsdカード 256GB Nintendo Switch 動作確認済 転送速度100MB/S 高速 MicroSD Full HD & 4K UHD動画, UHS-I A1 U3 V30 C10 国内正規品","8849","101","50","32039","¥ 14,980","","1","B07P45BKN9","B0GWHH48MZ","13.8","8.8","2.3","10"
"ASUS 4K モニター ProArt PA279CRV-J / 27インチ / 【DGPイメージングアワード2025 金賞】 / IPS/HDMI/DisplayPort/USB Type-C(96W給電) / 99% DCI-P3 / 99% Adobe RGB/色精度ΔE < 2 / VESA DisplayHDR 400 / エルゴノミクススタンド/国内正規品","8850","120","50","60","¥ 65,800","¥ 65,800","1","B086ZSRRDB","B0G43GFGHS","69.5","43.5","14","8500"
"[THE NORTH FACE] Geoface PC Sleeve 13 ジオフェイスピーシースリーブ13インチ NM32354 ユニセックス","8853","42","","48","¥ 5,036","¥ 5,036","13","B0BNDCP1KS","B0FM88W34Z","34.1","23.4","4.5","130"
"【Amazon.co.jp限定】 ロジクール Bluetooth ワイヤレス 2.1ch PCスピーカー サブウーファー Z407 国内正規品","8856","81","50","615","¥ 12,620","¥ 12,620","1","B08KQ77ZHW","B0GK6G3ZYZ","33","27","21","3940"
"CZUR Shine (UltraPro USB) ドキュメントスキャナー 2400万画素 電子帳簿保存法対応 日本国内専用 ブックスキャナー a3 スキャナー 高速 スキャン ocr 機能 windows また mac pc対応 自動平坦化 歪み補正 zoom対応 USB Type A/Cに対応 Type-Cコネクタ付き","8859","72","50","26","¥ 41,490","","1","B0BYHDZ71G","","45.2","21.3","16.7","2220"
"SanDisk 512GB Extreme PRO SDXCカード SD カード V60 メモリーカード 6K & 4K UHD 最大280MB/秒 衝撃 温度 防水 X線防止 RescuePro Deluxeデータ復旧ソフトウェア UHS-II クラス10 U3","8859","57","","1664","¥ 57,900","","51","B0BXZTLZ74","B0C3BHHV1P","15.2","10.2","1.7","18"
"ZUGU CASE iPad Air 11インチケース M2/M3/M4 2024/25/26 Air 10.9インチ 第4/第5世代 [ブラック]","8873","51","","12756","¥ 9,990","","43","B08LF2PYV7","B08YHG8X81","29.1","20.3","2.5","500"
"iiyama モニター ディスプレイ 27インチ WQHD USB Type-C IPS方式 高さ調整 角度調整 縦回転 HDMI DisplayPort LANポート 全ケーブル付 3年メーカー保証 国内サポート ProLite XB2797QSN-B1J","8876","10","","","¥ 28,930","","2","B0HB3KBD21","","69.1","44.7","14.2","8000"
"Maktar Qubii Duo USB Type A ホワイト 充電しながら自動バックアップ SDロック機能搭載 iphone バックアップ usbメモリ ipad 容量不足解消 写真 動画 音楽 連絡先 SNS データ 移行 SDカードリーダー 機種変更 MFi認証 (microSD別売)","9973","46","","400","¥ 8,980","","2","B08PBL57JM","B09DSSRMCY","8.3","6.6","3.2","30"
"Glorious グロリアス モデルo ワイヤレス ゲーミングマウス 無線 RGB 軽量マウス mouse gaming 静音 6個プログラムボタン 国内正規品 (69g)","8886","52","50","1601","¥ 9,490","¥ 11,736","6","B08HR84S47","B08VJGL2BY","17.5","10.5","6.5","260"
"Vansuny 256GB SATA III SSD 内蔵ソリッドステートドライブ 2.5インチ 内蔵ドライブ 高度な3D NANDフラッシュ 最大500MB/秒 SSD ハードドライブ PC ノートパソコン用","8887","82","","399","¥ 9,537","","1","B0BG724725","B0BMV4B5SF","13.1","8.5","1.7","50"
"COMICA Uni USBコンデンサーマイク 単一指向性 48kHz/24bit RGBライト モニタリング PC スマホ 配信 デスクスタンド 白","8888","25","","128","¥ 5,489","","1","B0D493MJBG","B0H4RHGLXW","24.1","17","11","290"
"M-GAMING アーケードコントローラー 【PS5、PS4、Switch 2、Switch、PC対応】 プロゲーマー監修 高剛性メタルボディ 三和電子製スティック/スイッチ GEN-5 Fighting Board搭載 完全国内生産 日本製 M-GAMING A02 [playstation_5,nintendo_switch,windows] (24/30mmモデル NEMO EDITION)","10605","29","","","¥ 59,400","","1","B0H1KQ7ZMD","B0H1KFPJJV","44","32.1","17.8","3250"
"Mouserpad v2 マウスと使うコントローラーマウサーパッドv2 アンチドリフトホールセンサー採用 FPS左手デバイス ゲーミングキーボード","8891","93","100","51","¥ 7,590","","1","B0FSF1SP2Q","","10","10","10","300"
"GIBBON MOUNTS PCラック デスク下 サイズ調節 穴開け不要 ほこり対応 省スペース パソコン収納 CPUスタンド オフィス・自宅用 黒色","8893","53","50","14","¥ 5,032","","1","B0GFD6ZCY8","B0H8SDMJ3F","26.3","20.1","16.8","3030"
"OKI 【トナーカートリッジ ブラック (MC562/362dn/C531dn/511dn/312dn)】 TNR-C4KK1","11739","38","","52","¥ 6,464","¥ 6,464","27","B00823S7SY","B00I9S8LAG","31.2","10.4","10.2","500"
"SDカード 8GB SDHC メモリーカード UHS-I U1 Class10 高速 Full HD デジタルカメラ ビデオ 撮影 5枚","7927","49","50","2","¥ 5,299","","1","B0GVMXFGXD","","19.7","14.6","2.5","50"
"Intehill モバイルモニター 4k 13.4 インチ タッチモニター 小型 IGZO非光沢パネル 超高精細338PPI 3840x2400 16:10黄金比 500ニット ポータブルモニター タッチ sRGB100% HDR対応 VESA デュアルUSB-C/HDMI 対応 金属製/保護カバー付き U13ZT","8907","72","","567","¥ 26,890","","1","B0GV275SYN","B0H3BT8DMX","30.7","25","5.9","1660"
"ASUS Dual GeForce RTX 3050 OC Edition 6GB GDDR6 ビデオカード/DUAL-RTX3050-O6G 国内正規流通品","8908","74","50","89","¥ 37,000","¥ 60,404","5","B0CVQMD2DF","B0G58X1ZF1","30.6","21.7","5.8","750"
"バード電子 キーボードブリッジ (フリーザー)","8921","27","","60","¥ 5,280","","1","B09XZXL1T5","B0BC26K66C","31.5","13.9","1.1","170"
"Anker 615 USB Power Strip (GaNPrime 65W) ホワイト","8923","79","50","942","¥ 5,990","","3","B09VK1WN6L","B0BPCJS29M","18.1","9.2","7.7","400"
"SDカード 16GB SDHC メモリーカード UHS-I U1 Class10 高速 Full HD ビデオ 撮影 5枚","10264","50","50","","¥ 5,599","","1","B0GSCSB9ZT","","19.3","14.5","3.1","50"
"Amazon Basics 24 Inch (23.8 inch viewable) Monitor, FHD 1080P, Max 100Hz, VESA Compatible, Built-in Speakers","8926","82","50","130","¥ 15,329","¥ 15,329","1","B0CP91ZJF9","B0CPSNNSWG","67","41","11","4000"
"サンワサプライ 電源タップ USB PD 100W GaN スリムタップ AC2個口 USB-C×2 USB-A×1 ノートPC・スマホ急速充電 薄型18mm L型プラグ 1.5m ブラック TAP-SLIM7U-15BK","8933","65","50","4","¥ 7,973","¥ 7,973","4","B0H3N37JR5","","19.7","11.6","6.3","360"
"GIGABYTE AORUS GeForce RTX 5070 Ti Master 16Gグラフィックスカード、16GB 256ビットGDDR7、PCIe 5.0、WINDFORCE冷却システム、GV-N507TAORUS M-16GDビデオカード。","8934","10","","25","¥ 438,800","","2","B0DTRCBYQC","B0HD7NJ9BV","48.3","27.9","12.7","3175"
"Fintie スリムクリアケース iPad Pro 33 cm (M5) 2025 / (M4) 2024用","8934","46","","854","¥ 5,929","","3","B0D4M268SW","B0D41X1K3P","29.1","25.1","2","299"
"【純正品・6色パック】工プソン 純正 インクカートリッジ カニ KNI-6CL-M 6色パックM (ブラックのみ増量) EP-887AB/EP-887AW/EP-887AP TohokuAce","8936","80","50","24","¥ 7,800","","1","B0FRMJZVC7","","10","6","5","500"
"Fourmor Funny Dog 高速充電ケーブル - 犬用充電ケーブル、ポータブル野良犬充電ケーブル、犬のおもちゃのスマートフォンUSBケーブル充電器、iPhone Type-C、さまざまなモデルの携帯電話用。","7745","20","","6","¥ 5,319","","1","B0F1387BJN","B0BX98NKZ5","13.1","8.9","2.1","9"
"FalconMedia（ファルコンメディア） 1回録画用 DVD-R DL CPRM 215分 50枚 ホワイトプリンタブル 片面2層 2-8倍速 BE071","11257","78","100","536","¥ 6,550","","1","B07WZMXBKY","","13.4","13.2","8.6","940"
"UGREEN 卓上急速充電器 300W Type-C 4C1A 5ポート 単ポート140W常時対応 縦型省スペース PD3.1/PPS対応","8941","20","100","104","¥ 16,000","","1","B0CTC7KYZF","","16.6","12.7","10.7","1290"
"ASUS PRIME B760-PLUS D4 intel 第14・13・12世代 CPU対応 LGA1700 B760 搭載 DDR4 ATX マザーボード/国内正規代理店品","8942","48","50","49","¥ 18,309","¥ 18,309","4","B0BQH92RQS","B0BXJJWD4V","33","27.1","5.4","1160"
"「国内正規品」Keychron K13 Max メカニカルキーボード Bluetooth/2.4G/有線 Mac Windows Linux 赤軸","8944","77","","6","¥ 15,136","","1","B0FQ9GXP7P","B0FSR3D6LS","37.2","16.2","4.4","990"
"A3カラーレーザープリンター RICOH P C6000L","8945","53","50","31","¥ 55,500","¥ 79,978","11","B097Y59VXJ","","72","57","49","44000"
"【整備済み品】DellデスクトップOptiPlex3050SFFCorei7 7700デスクトップPC 16GB+SSD256GB","9956","44","","5","¥ 39,881","","1","B0FDVF7MQ9","B0F4KJML5N","44","42","15","5000"
"センチュリー　裸族のどれで～もステーション&クローン　M.2 SATA/NVMe &SATA HDD/SSD対応　USB10Gbps接続　クローン機能搭載　CRCSNSU10GCP_FP","13896","40","","52","¥ 13,504","¥ 13,504","2","B0D59XYG4N","","17.4","16.5","6.9","460"
"4K 120Hz HDMI 2.1 ダミープラグ – PC、VRヘッドセット、暗号通貨マイニングスゴーストディス用の仮想ディスプレイエミュレーター | 8K @30Hz、ヘッドレプレイアダプター-8P対応","8950","3","","","¥ 10,514","","1","B0DTG84WZ8","B0CG6HMMLT","15.9","10.6","1.1","80"
"タブレット 11インチ - 32GB+128GB+2TB拡張 T620 8コアCPU Widevine L1対応 8000mAhバッテリー 90Hzのリフレッシュレート画面 顔認識 無線投影 画面分割 5GWiFi/2.4GWIFI 5MP/13MPカメラ 児童守護 GMS認証 Type-C充電 安心の1年間メーカー保証付","7794","78","100","43","¥ 12,998","","2","B0FR78NZ3K","","29","20","5.8","1360"
"書画カメラ 書が 実物投影機 Webカメラ:800万画素 折りたたみ式 USB 内蔵マイク 画像反転機能(の上下/の左右) 3レベルLEDライト付き Web会議/オンライン授業/在宅勤務 ZOOM/SKYPEなど対応 Win/Mac/ChromeBook(USB Type-Cアダプター付属)","8956","70","50","139","¥ 8,200","","1","B0DKT19NKQ","B0GVDY7HDK","31.9","13.9","6.7","830"
"【純正品 4色セット】 工プソン インクボトル えんぴつ削り IT08A 4色セット KA/CA/MA/YA (ブラック/シアン/マゼンタ/イエロー) 対応機種：PX-M6711FT/M6712/M791/S6710T 除菌ミニシート","8959","45","","1","¥ 18,980","","1","B0G3M7QVS8","","16.7","10.3","9.7","580"
"【整備済み品】ノートパソコン 富 士通 LIFEBOOK U9310X/D 13.3型 第10世代Core i5 8GB/SSD256GB","8964","82","","5","¥ 40,200","","4","B0GDZPG9XF","B0H4KZ83K8","35.8","26.3","10.7","1580"
"Fintie Folio Case iPad (A16) 第11世代 11インチ、iPad 第10世代 10.9インチ用","11238","68","","14519","¥ 6,369","","6","B0DYP28SYL","B0BLNV2BKF","26.2","21.5","2.6","431"
"Yauhody CAT 6 イーサネットケーブル 1フィート 6本パック ブラック 高速 ソリッド フラット CAT6 ギガビット インターネット ネットワーク LAN パッチコード 裸銅 スナッグレス RJ45 コネクタ モデム ルーター コンピューター用 (1.5フィート 6パック ブラック)","8070","5","","840","¥ 5,267","","1","B0DYTYYZ17","B0BTKVTBZS","29.1","11","1.9","100"
"IETS GT600 RGBノートパソコン冷却パッド ラップトップ冷却パッド巨大なターボファン（14cm直径）急速冷却ゲーム ラップトップ 密封された発泡体 ラップトップクーラー 3ポートUSBハブと7色LEDバックライト付き ほこりフィルター 14.1-19.3インチノートPCクーラー (GT600V2・ハブ+RGB)","13654","58","50","20","¥ 14,888","","1","B0DHZ568KN","B0B3TVDJT5","42.9","33.1","7.2","1650"
"Inateck JIS日本語配列 iPad A16/10世代用 キーボードケース 5.1インチマルチタッチトラックパッド","8972","45","","28","¥ 6,579","","1","B0GY4HYM8V","B0H419RSXD","28.7","21.7","3.2","850"
"MOGOOD USB Cスプリッター Type Cアダプター データスプリット Yスプリッターケーブル専用","11788","18","","1712","¥ 5,509","","1","B09J86BZZL","B0CJHQX8GM","15.3","10","1.9","68"
"SP Silicon Power シリコンパワー ノートPC用メモリ DDR3 1600 PC3-12800 8GB×2枚 (16GB) 204Pin Mac 対応 SP016GBSTU160N22","8975","89","","2058","¥ 6,656","","5","B0094P98FK","B07PH2LRBQ","15.1","5.7","1.2","30"
"【国内正規品】Keychron V1 Max レトロカラー QMKワイヤレス・カスタムメカニカルキーボード、2.4 GHz/Bluetooth 5.1/有線接続、RGBライト、ホットスワップ対応Gateron Jupiterスイッチ/ガスケットマウント搭載/Mac Windows Linux対応 (Gateron Jupiterメカニカルバナナ軸（ホットスワップ）, JIS配列)","8977","59","50","8","¥ 16,720","","1","B0F9X7P5WW","B0F9XGZP56","36.6","20.4","7.3","1370"
"Patriot P300 256GB Internal SSD - NVMe PCIe Gen 3x4 - M.2 2280 - Solid State Drive - 10 Pack","8992","49","","5409","¥ 105,934","","35","B0CHJRF47H","B084H7H9XP","14.9","11.1","5.4","150"
"Acer モニター 23.8インチ IPS フルHD 144Hz 1ms(VRB) 非光沢 sRGB 99% AMD FreeSync ブルーライト低減 スピーカー内蔵 ゼロフレーム HDMI 1.4 ミニD-Sub 15ピン 6軸カラー スタンダード 3年保証(パネルは1年) EK241YP6bmix","11558","77","50","9","¥ 12,980","¥ 12,980","1","B0FX4Z1YX1","","60.9","42.1","11.6","5040"
"【純正品】ブラザー インクカートリッジ LC412XL-4PK 4色パック(大容量) 対応型番:MFC-J7300CDW、MFC-J7100CDW プリンター コピー機 TohokuAce","9007","70","50","11","¥ 14,800","","1","B0FXKW3Z6V","","20","15","10","170"
"マイクロソフト Surface Laptop（第 7 世代） 15インチ Snapdragon X Elite 32GB 1TB ブラック EP2-18315","9378","90","","","¥ 319,800","","3","B0DPJRM8BD","B0DQ81NX6H","43.6","28.5","6.3","3040"
"PHILIPS SPK7858 国内正規品 ワイヤレスマウス Bluetooth 5.0 USB-C/USB-A 静音 充電式 横スクロール ホワイト","8910","41","50","897","¥ 7,980","","1","B0H3ZPN3QT","","16.7","8.7","5.7","170"
"10.1インチ セカンダリモニター、IPS ストレッチバー LCD トラベルディスプレイ 1540*720 HDMI USB-C、ミニモバイルモニター 金属素材 ノートパソコン用 Windows Aida64 GPU CPU RAM モニタリング、内蔵スピーカー","9010","39","","9","¥ 8,999","","1","B0GX4W66RN","","31.6","17.2","8.4","1140"
"HP 純正 インクカートリッジ HP 62XL ブラック 増量 日本限定モデル","9018","26","50","","¥ 5,349","¥ 5,029","5","B0GWZYJN2J","B0GX1F5Q8V","11.7","10.1","3.6","50"
"ATTACK SHARK X820ULTRA メカニカルキーボード 75% 3モード ガスケット 5層消音 LEDディスプレイ ノブ 4000mAh","10068","62","","150","¥ 7,699","","1","B0FHW7ZD29","B0HDNF9HWT","35","18","5","1000"
"CORSAIR IRONCLAW ワイヤレス SE ゲーミングマウス – 黒 CH-9317110-WW","9028","55","50","41","¥ 9,982","¥ 9,982","4","B0G3QF1GGW","","18.1","11","5.7","280"
"Canon CRG-055 トナーカートリッジ 4色セット","9028","67","50","528","¥ 40,300","","6","B07S88Y75G","","37.1","31.3","22.1","3470"
"MINISFORUM UM790Pro ミニpc AMD Ryzen 9 7940HS DDR5 32GB 1TB SSD Windows 11 Pro 小型ゲーミングpc Radeon 780M RYZEN AI エンジン HDMI×2/USB4x2（PD|8K@60Hz) 4画面出力/2.5Gbps LAN/Wi-Fi6E/BT5.3付き小型パソコン","9030","84","","26","¥ 149,799","","1","B0D14C9RZP","B0H5QQC1DJ","18.2","16","11.5","1390"
"「国内正規品」Keychron K10 HE 磁気スイッチワイヤレスキーボード JISレイアウト Mac・Windows・Linux ブラック","9031","49","","7","¥ 23,584","","1","B0GF234KQF","B0FSR5VLZN","48","21","7","1700"
"10Gtek 100/1000Mbps Gigabit LAN カード, インテルI350純正ボード(チップ）実装, イーサネット PCI Express ネットワークカード, Quad RJ45 ポート, PCI-E 2.1 X4,Intel I350-T4互換,PCサーバ用","9033","68","","175","¥ 10,999","","1","B01H6NE4X2","B081TCC57Q","22.5","14.8","3.2","202"
"バッファロー おもいでばこ 専用バックアップHDD 2TB PD-BHD2TB","9042","70","50","226","¥ 25,780","","1","B0B1J94X6B","B0B28X6XY5","15.6","12.6","3.7","240"
"玄人志向 10ギガビットLANカード PCIe 4.0 x1 Realtek RTL8127AT 10G/5G/2.5G/1G対応 RJ-45 ロープロファイルブラケット付属 【国内正規品】 GBE10R-PCIE","9043","72","100","4","¥ 9,400","¥ 9,400","1","B0H2M6HNJ5","","17.3","14.2","4.4","110"
"Earto iPad mini キーボード付きケース Mini 7 (A17 Pro) Mini 6 8.3インチ 高精度タッチパッド搭載","6652","52","","369","¥ 5,949","","1","B0G519JH3M","B0GGXQ61P9","21.4","16.7","2.9","530"
"【Amazon.co.jp限定】 JAPANNEXT 27インチ 液晶モニター JN-IPS27Q3","9044","54","50","12","¥ 20,980","¥ 20,980","5","B0GBVK5WFF","","67","43","16","5780"
"ASRock AMD B850M Phantom Gaming Riptide WiFi 7ソケット AM5 Ryzen 9000、8000、7000シリーズ DDR5 B850 最大8000+(OC) MHz 256GB Micro ATX マザーボード M.2 SATA3 6.0 Gb/s PCIe 5.0 BIOS フラッシュバック","9045","17","","46","¥ 36,783","","37","B0DS6LSJRF","B0DVP9YBFX","29.6","27.5","6.2","1479"
"Apple iPad(A16)用Smart Folio - ホワイト ​​​​​​​","9046","51","","28","¥ 14,800","¥ 14,800","2","B0DZ8F5FX7","B0F4WLMFCR","27.5","19","1.8","470"
"インクのチップス CRG-054H 4色セット 大容量 キヤノン用 互換トナー LBP621C LBP622C MF642Cdw MF644Cdw","9053","39","","40","¥ 5,745","","2","B0BV9T9R32","B0GWPM1KKP","34.8","27.2","20.6","2640"
"【純正品 】 Canon／キヤノン トナーカートリッジ057 （CRG-057） 3009C003 新品 （Satera LBP224, LBP221, MF447dw 対応）","9057","46","","32","¥ 12,670","","11","B0816XXYZQ","","36.3","19.7","10.2","1040"
"【ECサイト限定】 JAPANNEXT 31.5インチ 液晶モニター JN-EiB315U-C6","9059","41","50","6","¥ 40,980","¥ 40,980","6","B0GGGDQBDV","","79.2","50.4","19.3","7780"
"CORSAIR VENGEANCE DDR5 64GB（32GB×2）最大 5600MHz対応 AMD・Intel RAM","9065","96","100","283","¥ 135,992","¥ 135,992","3","B0BD4SRW3H","B0F4R5RN1S","15.3","9.1","1.2","100"
"Nuroum 360 Pro 会議用360°カメラ マイクスピーカー一体型 USBプラグ＆プレイ","9073","42","","15","¥ 84,830","","1","B0GQZPBL6N","B0GTPVVJZP","35","14.8","14.2","1350"
"TP-Link Omada ギガビット マルチWAN VPNルーター ER605","9079","93","50","1901","¥ 12,800","","5","B08MH4VLR3","","46.6","27.8","13.7","1250"
"タブレット Android 16 搭載 ECOPAD A30 Pro タブレット 10.1インチ、30GB RAM+64GB ROM+2TB拡張、Gemini AI搭載 Tablet、高性能UNISOC T7280プロセッサ たぶれっと、6000mAh、3.5mmイヤホンジャック&Widevine L1認証でエンタメからビジネスまで多用途に活用可能、保護フイルム貼り済み-スタイラスペン付き","9086","56","50","1","¥ 11,399","","1","B0GT94H3TL","","29","20","5.9","1460"
"【2年保証モデル】 JAPANNEXT 60インチ 大型4K液晶モニター JN-V60U-M","9088","45","","","¥ 90,727","¥ 90,727","5","B0GNMS953H","B0GQ993WC4","143","84","11","15000"
"Intel Core Ultra 9 285K","9089","110","","777","¥ 95,802","","47","B0DFKC99VL","B0DLKDJ427","16.2","15","6.4","320"
"NOVOO 15-in-1 4K@60Hz USB C ハブ【3画面モード/ワンクリックで画面オフ/LEDライト/デュアル4K/30cm延長ケーブル/収納型】ドッキングステーション【2 HDMI+VGA+5 USB+2*USB C 5Gbpsデータ転送+PD 100W急速充電+SD+TF+RJ45+3.5mmオーディオ+マイク】NEC/iPhone 16","9090","91","","11466","¥ 5,599","","1","B0DQ8QXPRV","B0GWRNFPC4","19.9","9.8","1.9","160"
"iiyama モニター ディスプレイ 23.8インチ フルHD USB Type-C IPS方式 高さ調整 角度調整 縦回転 HDMI DisplayPort LANポート ケーブル付 国内サポート 3年メーカー保証 ProLite XB2497HSN-B1J","9092","26","50","1","¥ 22,990","","3","B0H999ZJK2","","68.5","40.5","12.6","6900"
"【Apple mfi認証済 2048GB iPhone16対応】iDiskk iPhone外付けハードドライブ 2TB 2.5インチ外部hdd フラッシュドライブメモリ【Lightning+Type-C+USB 3本ケーブル本体に付き】iPhone/iPad/Mac/PC/Androidなど対応高互換性プラグ&プレイ ワンクリック自動バックアップ携帯スペース解放 スマホストレージ拡張 容量不足解消","9102","40","","685","¥ 26,999","","1","B0BBDQFK5J","B08NCTKCSD","18.9","10.5","2.9","320"
"【整備済み品】WD PC SN730 256GB NVMe SSD SDBQNTY-256G-1001 M.2 2280 PCIe Gen3 x4 内蔵SSD 読込最大3100MB/s 書込最大2150MB/s OPAL対応 LEN P/N SS0L24774 FRU 5SS0V26411 OEM バルク","9104","43","","1","¥ 5,680","","1","B0H2V6CG2C","B0H4Q1PB2M","17.3","11.2","3.4","59"
"SSPJ-UTC512 USB 5Gbps USB 3.2 Gen1 対応 USB-C 小型SSD Slim SSD 512GB 挿したまま持ち運べる！","9107","88","","12","¥ 13,200","","23","B0G34SX87P","","13","8","2.3","20"
"Tufuha TN32JXXL 2本セット ブラザー 用 トナー TN32J brother用 hl-l2460dw dcp-l2660dw トナー","9110","85","50","25","¥ 5,299","","2","B0DZHFLPNV","","32.2","16.7","15.7","1210"
"Acer Predator M.2 SSD 2TB GM7000 DRAMキャッシュ搭載 NVMe 2280 PCIe Gen4×4 超高速(最大読み取り：7400MB/s、最大書き込み：6700MB/s) 内蔵SSD PS5/PS5 Pro動作確認済み 高耐久 3D NAND TLC メーカー5年保証","9115","77","","3321","¥ 59,840","","49","B09F5W62N8","B09J2HWV4L","14.4","9.9","1.9","60"
"富士ソフト +F 充電/LANステーション （+F FS050W/+F FS045W対応クレードル）","9116","66","50","25","¥ 7,448","¥ 7,607","7","B0F7X9JCN7","","11.4","9.2","6.7","150"
"パープルクリアキーキャップ、透明キーキャップセット、MDAプロファイル、MXスイッチ対応メカニカルキーボード用、115キー、光を通すクリスタルキーキャップ、セラミックスタイル (パープル -光が通らない)","9117","30","","16","¥ 6,335","","3","B0FMDWXK6X","B0GMF2MHX2","31.7","13.8","3.2","322"
"【整備済み品】ノートパソコン office 2021搭載 Panasonic Windows 11 12.1型 CF-SZ6 高性能 Intel Core i5 第7世代 メモリ8GB SSD256GB BLUETOOTH/1920×1200解像度/薄型・軽量 ノート PC/WEBカメラ/HDMI/YK-PC のwifi(整備済み品)","9122","89","100","58","¥ 17,820","","2","B0FCFCZ5YT","","40.9","28.9","11","1440"
"【Amazon.co.jp限定】キャノン Canon用 CRG-075H 【大容量】「残量表示 ICチップ搭載」 互換トナー (4本セット) 　対応機種：Satera MF665Cdw/MF663Cdw/MF662Cdw/LBP646Cdw/ LBP647Cdw/ LBP640/ MF660 【Soha.】","14566","31","","13","¥ 22,724","","1","B0GCN6DSVR","","31.6","19.4","17.4","2140"
"HUION ペンタブレット ペンタブ 板タブ H1060P 10x6.25インチ Androidスマホ・PC対応 ショートカットキー28個設定可能","9129","48","","461","¥ 5,344","","1","B08B8FSXSW","B0GS5C23PY","41.8","25","4.4","1280"
"【整備済み品】東﻿ 芝 TOSHIBA dynabook B55/B65 Core i5-8250U/ i5-8世代/MS Office H&B 2019搭載 /ダイナブックノートPC ノートパソコン /15.6型 / Win 11 Pro/Webカメラ/Wi-Fi /16GBメモリ / 256GB SSD/Bluetooth/DVDドライブ/1366x768p【中古再生品/整備済み】","9131","52","","43","¥ 29,493","","1","B0DK9KPK8J","B0DKK11L1Y","39.4","29.4","8.8","2600"
"横トナ ブラザー用 TN-493 4色+ブラック1本 大容量版 互換トナーカートリッジ HL-L8360CDW MFC-L9570CDW など対応","6666","39","","14","¥ 10,260","","2","B075K7RCPY","B0GF1JQC5W","41.9","32.5","14.6","3400"
"日本製線 Cat6 LANケーブル（300m巻き） NSGDT6 0.5mm-4P 黒","10067","61","","52","¥ 24,980","","4","B01EMH81ES","B01EMH7VSK","41","41","30","12150"
"パンドウイット LANケーブル Cat6A 超極細 プロ仕様 15m 赤 UTP28X15MRD","9148","44","","100","¥ 5,057","¥ 5,057","11","B01MUGRB68","B0FXM5HWNF","30.7","29.3","3.8","360"
"「VGP2024金賞」Edifier QR65 Bluetooth5.3 アビス モニタースピーカー 有線/無線ハイレゾ対応 LDAC 最大出力70W TurboGaN充電機能 RGBライト 3WAY接続(Bluetooth/AUX/USB-A) スピーカースタンド付属 ブラック","9149","36","","336","¥ 35,279","","1","B0CSK8D479","B0D78GY2BL","35","28","26","7000"
"Xiaomi Pad 8 / 8 Pro フォーカスキーボード 純正 フローティングデザイン ワンステップで起動 PCレベルの操作性 0°～124°の無段階調整 マグネット式接続","9150","109","50","27","¥ 20,409","¥ 20,409","2","B0GKDWB1YW","B0GQ27P6QR","26.6","19.8","2.4","850"
"サンワダイレクト PCスピーカー 80W Bluetooth/有線/光デジタル/USB/microSD対応 リモコン付き 400-SP104","9151","55","50","149","¥ 9,880","","1","B0BWHCKTCD","","36.1","26.3","23.3","3500"
"EHOMEWEI モバイルモニター 144hz 2.5K 16インチ WQXGA 2560*1600 QLED 量子ドット ポータブルモニター 非光沢【Windows/MacOS】対応 100% DCI-P3 ゲーミング Type-C 保護フィルム ケース付 軽量 薄型 メーカー3年保証 4mm LQG-160NW","9153","52","","191","¥ 28,684","","1","B0GX96ZWWZ","B0GXJ4CC9H","40.8","29.7","7.9","2160"
"【整備済み品】富士通タブレットPC STYLISTIC Q5010 10.1型, Windows 128GB SSD 1920×1200 IPS液晶, Office2021搭載 約600g軽量設計, 中古タブレットPC Webカメラ/Wi-Fi対応","9172","89","100","21","¥ 9,980","","1","B0GZP9RZL1","B0GCZC1TCN","43","31.5","9.5","1950"
"Aulumu M07 240W USB-C to USB-C カーボンファイバーケーブル | USB 3.1 Gen2 10Gbps | 4K@60Hz 映像出力・急速充電対応 | iPhone 17/16/15 Pro Max、NVMe SSD、Galaxy S25/S24/S23 Ultra、MacBook Pro 対応 - ブラック 6.6 FT","9172","58","","86","¥ 5,039","","1","B0G5LFZDYD","B0G7ZX2Z6Q","18","15.7","2.4","150"
"Razer ゲーミングキーボード テンキーレス メカニカルキーボード BlackWidow V3 Tenkeyless JP - Yellow Switch メカニカル イエロー軸 クリアハウジング Chroma RGB 高耐久アルミ製トッププレート 印字の消えないABS キーキャップ 日本語 JP配列 【日本正規代理店保証品】 RZ03-03491900-R3J1","9173","98","100","717","¥ 11,980","","3","B0928YKTWS","B0929BRZSZ","39.5","20.2","5","1140"
"エプソン ページプリンター A4 モノクロ LP-S180DN 白","9180","19","","49","¥ 31,964","¥ 31,964","22","B074R58T8H","","51","50.5","38.7","18100"
"OKI トナーカートリッジ ブラック(大) (C844dnw/835dnwt/835dnw)","9181","80","50","25","¥ 20,400","¥ 20,400","29","B07NRJ2JK9","B0GF8TKC2D","41.6","12","6.8","640"
"Amazon限定 キオクシア 内蔵SSD 2TB NVMe PCIe5x4 M.2 2280 読込10,000MB/s SSD-CK2.0N5G3/R","9185","87","50","10","¥ 62,080","¥ 62,080","1","B0GVXVK8Q8","B0GXDW19XD","11.7","9","1.9","30"
"【2026新登場】VETESA ノートパソコン 第14世代 6500Y office 2024搭載 Win11 Pro ノートPC 15.6インチ 1920×1080 IPS液晶 カメラ付き laptop HDMI+Type-C+テンキー付き/日本語配列キーボード 学生向け 仕事用 学習用 laptop 8GB+256GB SSD グレー","9192","7","","","¥ 45,800","","1","B0HBPN2XDT","B0HBPS45ZJ","42.5","27.5","7.5","2200"
"エレコム スピーカーフォン 会議用 [ 有線接続/Bluetooth ] ノイズリダクション機能 エコーキャンセラー オートゲインコントロール対応 約350ml缶サイズ 無指向性マイク ブラック LBT-SP02M2BK","9194","65","","2","¥ 8,000","¥ 8,000","16","B0GFCDXH5Y","B0GN94RYWL","19.5","12.3","9.4","471"
"【Amazon.co.jp限定】 HP プリンター A4 モバイル インクジェット OfficeJet 200 Mobile","13756","57","","28","¥ 24,480","¥ 24,480","1","B0DGSJ2VGC","B0H718NGPC","49.7","24","11.9","3080"
"Razer レイザー Wolverine V3 Tournament Edition 8K PC 有線 コントローラー 8000Hz 交換可能なキャップ付き TMR親指スティック 最軽量 4つのマウスクリックバックボタン & 2つのクローグリップバンパー 高速マウスクリックトリガーで瞬時に応答 メカタクタイル アクションボタンとフローティング8方向キー 【日本正規代理店保証品】","9202","104","","141","¥ 16,980","¥ 16,980","1","B0FMXNGBWY","B0G6ZB71FH","20.7","20.7","8.4","510"
"日本の中小企業 MSL FORCE DP (オス) to HDMI (メス) 変換アダプタ 4K30Hz ディスプレイポート hdtv 大画面 マルチディスプレイ対応 uc05 (20個セット)","9200","15","","105","¥ 7,950","","1","B09XDCY84Q","B0GTLLRSTC","20","12","1.5","100"
"DEJIMAX 磁気吸着 着脱簡単 防覗き プライバシー保護フィルム 27インチ(16:9) PCモニター用 ブルーライト UVカット ノングレア","10488","45","","31","¥ 9,498","","1","B0F2S53RL3","B0F7RJZY3Q","66","42","2","1480"
"「整備済み品」27インチ LED 液晶モニター Pasoul T27i-10 狭額縁 薄型 ディスプレイ 180日保証 1080P フルHD","9213","38","200","3","¥ 10,499","","1","B0H9JZDZN8","","50","40","30","8000"
"FIDECO M.2 NVMe SATA SSD クローナードック 20Gbps M.2 NVMe クローナーデュプリケーター オフラインクローン対応","9215","84","100","85","¥ 6,209","","1","B0G3PNKLF8","","17.4","9.3","6.4","260"
"【整備済み品】ノートパソコン Let`s note CF-SV9 12.1型 第10世代Core i5-10310U 8GB/SSD512GB","9216","52","","","¥ 46,170","","3","B0F5B2BHNQ","B0H4ZC9QFV","36.1","26.3","10.6","1480"
"OUTEMU ブルースイッチ 3ピンキースイッチ 交換用 - Cherry MX相当 DIY メカニカルゲーミングキーボード用交換可能スイッチ (70個)","10601","10","","49","¥ 5,956","","1","B0B6PGKXQJ","B0H4KF7B9M","13.6","9","4.7","150"
"【Amazon.co.jp限定】ORICO USBメモリ タイプC 256GB - USB 3.2 回転式 USBメモリ 最大読出速度400MB/s 高速転送 金属製 軽量コンパクト 高耐久 データバックアップ 容量不足解消に最適 - G102","7256","30","","","¥ 9,980","","1","B0GHYM3Z28","B0HGQFXPSR","14.1","9","2.2","59"
"パナソニック ネックスピーカーシステム ブラック SC-GNW10S-BH Panasonic Store Plusモデル バイオハザードレクイエムエディション ノイズキャンセリング ゲーム ワイヤレス スピーカー ゲーミングスピーカー ボイスチャット","9228","47","50","14","¥ 29,700","","1","B0GJZTB6TB","","30.3","28","7.9","810"
"エプソン プリンター A3ノビ インクジェット SC-PX1V 写真印刷向け","9233","50","50","122","¥ 89,973","¥ 89,973","2","B084XJ7QGK","B08T64H34R","64.3","48","34","17330"
"【整備済み品】HPノートパソコンProbook 450G6, 15.6インチ（1920×1080） 中古パソコン メモリ16GB SSD512GB, 第8世代 ノートpc Win11 Pro office 2019 搭载","9235","48","","30","¥ 43,920","","3","B0FF4MT971","","43.3","31.9","10.1","2490"
"Sencela iPad用キーボード付きケース iPad Air 11インチ M4/M3/M2 (2026/2025/2024)、Air第5世代、第4世代 対応 JIS日本語配列キーボードケース Bluetooth5.3 Type-C充電式 360度回転・高精度トラックパッド搭載 7色バックライト・ペンホルダー付き 通学・在宅学習・長時間作業にも快適","10759","30","","135","¥ 14,980","","1","B0DPYWV85X","B0DPWYXT58","28","22.5","3.2","1060"
"サンワダイレクト モバイルモニター スタンド アーム 17.3インチ対応 高さ調整 前後位置調整 360度回転 3関節 200-STN088BK","9236","48","","16","¥ 5,380","","1","B0FKG4B5LC","B0FKMM3H49","30.9","18.6","7.6","1720"
"Woodmate デスクシェルフ モニター台 卓上 (ウォールナット, 116cmフルトレイ)","9237","66","","23","¥ 23,980","","1","B0FMQRVFWM","B0GTB9HTVW","126.5","30.6","8.5","9500"
"Dell 液晶ディスプレイ U2725QE 27型/3840×2160/HDMI、DisplayPort、USB-C/シルバー/スピーカー：なし","9244","44","","2","¥ 92,980","¥ 105,164","10","B0F4P9D1L1","","80","45","15","15000"
"LIANLI ケースファン 「UNI FAN」シリーズ UNI FAN SL INFINITY 120 ホワイト 3Pack デイジーチェーン リバーシブルケーブルモジュール インフィニティーミラー搭載 日本正規代理店品","9245","79","","3670","¥ 10,791","¥ 10,791","5","B0B4SKMYJT","B0B6DS67YG","16.6","16.1","9.5","870"
"【整備済み品】 軽量化・頑丈デザインLet`s note CF-SV8 ■12.1インチWUXGA(1920x1200) - 第8世代Core i5プロセッサー - メモリ8GB - SSD 256GB - Webカメラ内蔵 - WiFi&Bluetooth - USB Type-C - Win11搭載 - MS Office 2019","14416","24","","2","¥ 42,800","","1","B0DJF8TX6M","B0DFXG1LK2","42.4","27.3","9.2","1650"
"Logicool G ゲーミングマウス G903h LIGHTSPEED ワイヤレス ゲーミング マウス HERO 25Kセンサー 多ボタン 180時間連続使用可能 LIGHTSYNC RGB POWERPLAY 無線 充電 対応 PC windows 国内正規品","9249","59","50","558","¥ 13,582","¥ 13,582","3","B07T36TLS5","B08KTRDVZL","19.1","11.7","6.9","380"
"バッファロー BRXL-PTV6U3-BKB (ブラック) USB3.2 (Gen1) 対応 ポータブルBD 書込ソフト添付","9259","147","50","48","¥ 18,000","","42","B0B3X9BRRK","","18.2","17.6","4.9","450"
"Biwin Amber 外付けSSD 1TB PR2000 USB3.2 Gen2x2 最大読出2000MB/s ポータブルSSD IP67規格 防水 防塵 耐衝撃 USB A/Cケーブル付属 Windows/Mac OS、PS5、Android、iPhone15シリーズ以降対応 メーカー5年保証 黒","9261","92","","270","¥ 34,980","","1","B0DTH9NGBC","B0DWK43CTS","15.5","10.6","3.3","130"
"llano ノートパソコン 冷却ファン 冷却パッド 冷却台（15-19インチに対応/12種類RGBライトモード/3 in 1 USBハブ/LED ディスプレイ/極静音）【90秒急速冷却/14cm大口径遠心ファン/360°全方位送風/高さ調節可】ゲーミングノートパソコンに対応 V12 Ultra","9265","49","","604","¥ 16,880","","1","B0F83BPQT3","B0HGQT5LSJ","44","35.6","10.6","2160"
"MESWAO 15.6インチ 大画面 Android タブレット wi-fi モデル (12GB RAM+128GB ROM)+2TB TF拡張 12000mAh 長续航 バッテリー 2.2Ghz G99 8コアCPU 1920*1080 FHD大画面 5MP/32MPカメラ Type-C充電+WiFi-5+BT5.0+GMS認証仕事も家庭も動画視聴最適 アンドロイド タブレット (M3)","13393","2","","1","¥ 58,700","","1","B0HFZF62JQ","B0HGFG1D74","40","26","6","1740"
"「国内正規品」Keychron B3 Pro ワイヤレスキーボード JISレイアウト Bluetooth/2.4G/有線 ホワイト","9270","64","","9","¥ 5,544","","1","B0G7VHSY9B","B0G7YWKJNV","31.8","13.7","4","610"
"ManbaOne V2 ゲームコントローラー 多機能LCDディスプレイ付き 有線/無線接続 PC/Switch2/Android/iOS対応","9272","106","100","184","¥ 7,699","","1","B0FGX4V36N","B0FGX7MCQ2","18.4","15.9","8.1","710"
"EZCast Ultra2（イージーキャストウルトラツー）【日本語版】【技適マーク取得済み】【２年保証】前機種よりアンテナ倍増(2T2R)とWiFi6対応でサクサクなミラーリング革命がおこります・・・","9272","68","50","85","¥ 22,356","¥ 22,356","4","B0F5G95S4L","","12.1","9.6","5.4","180"
"FIKLIK Origami ガジェットケース ハード 34マグネット1秒開閉 180°フラット展開 グレー","9276","40","50","37","¥ 6,980","","1","B0DYPGX4FR","B0DYPHZ88N","23.7","13.2","6.1","370"
"NewQ USB Cモニターハブ 8-in-1 – USB-C PD給電 & ポータブルディスプレイ対応 トリプルディスプレイ出力（1×HDMI + 2×DP Alt）、4K@60Hz、Thunderbolt対応、10Gbps×6ポート、SD4.0 映像ケーブル付属","9278","76","","528","¥ 7,499","","1","B0GJCX26PK","B0HC5V3ZMD","17.5","15.3","1.9","120"
"ロジクール MX MASTER 3S Bluetooth Edition アドバンスド ワイヤレス マウス 静音 MX2300CR Logi Bolt Bluetooth Unifying非対応 8000dpi 高速スクロールホイール USB-C 充電式 無線 MX2300 グラファイト 国内正規品","9280","135","50","20","¥ 14,418","¥ 14,418","5","B0FR8BMDG1","B0FVX4CMMQ","15.4","10.1","5.9","210"
"東芝 TOSHIBA 2.5インチHDD(SerialATA)/容量:1TB/回転数:5400rpm/キャッシュ:8MB MQ01ABD100","9282","77","50","1675","¥ 10,889","","3","B008MUI6II","B071G52C3F","13.2","8.7","3.2","120"
"サンワダイレクト ビデオキャプチャー VHS デジタル化 PC不要 HDMI/AV入力 1080p 60Hz 録画 Win対応 400-MEDI034","9284","64","","138","¥ 29,520","","1","B089YNXJPZ","B0FRL8WPVY","20","11.5","7.1","660"
"GMKtec K17 Plus ミニPC Intel Core Ultra7 258V搭載 Intel Arc 140V GPU搭載【Radeon 780Mより速い】｜LPDDR5X 32GBメモリ＋512GB SSD｜最新AIプロセッサ 115TOPS｜Win11 Pro｜Copilot+対応｜高速処理・省電力・静音設計｜法人向け小型PC","9294","15","","","¥ 133,898","","1","B0H7WNMGJR","B0HGXPM3ZG","7.2","7.2","4.5","460"
"GMKtec M3 Pro Windows 11 Pro ミニPC インテル Core i5 13500H Mini PC, 16GB DDR4,512GB PCIe3.0 SSD,2.5G LAN,WIFI6,BT5.2,3画面出力,45W TDP,軽型ゲーム ミニパソコン ntel 7採用 / 18MBキャッシュ / マルチタスク・動画編集・仕事用に最適","9294","53","","1","¥ 78,998","","1","B0GTNC3WSC","B0D1KJSHYV","7.2","7.2","4.5","1200"
"【Amazon.co.jp限定】 NEC用 PR-L4C150 (19/18/17/16) BK/C/M/Y 「4色セット」 互換トナーカートリッジ 「増量版」対応機種：Color MultiWriter 4C150 / Color MultiWriter 4F150 国際規格ISO9001認証工場生産 インボイス番号登録済み【Soha.】","9126","41","","65","¥ 10,279","","1","B09TWB4CNZ","B0HGPVV1ZX","25.8","25","9.9","1250"
"Acer 21.5インチ VA フルHD 120Hz 1ms(VRB) 非光沢 sRGB 99% Adaptive-Sync ブルーライト低減 ゼロフレーム 薄型 HDMI 1.4 ミニD-Sub 15ピン 6軸カラー スタンダードモニター 3年保証(パネルは1年) EK221QJ0bi","9305","66","50","8","¥ 10,980","¥ 10,980","2","B0FX57S1BD","","55.5","34.7","10.9","4030"
"Razer Viper V2 Pro (White Edition) ゲーミングマウス 超軽量 59g Focus Pro 30K オプティカルセンサー 30000DPI 高速無線 オプティカルマウススイッチ 6ボタン","10998","123","","873","¥ 15,714","","2","B09YY2D8F5","B0G7DBZPC7","19.8","11.9","7.2","360"
"【整備済み品】 Lenovo 14e Chromebook Gen 3 14型FHD IPS 第12世代 Intel N100 RAM 4GB・64GB eMMC 軽量 長時間バッテリー5G SIMカード対応（nanoSIM/eSIM）Wi-Fi 6 1080pカメラ HDMI・USB-C（PD充電・DP映像出力）ChromeOS（Gemini 生成AI対応）","9311","13","","2","¥ 16,910","","1","B0H9KJSQK4","","45.5","35.4","13.2","1300"
"EPOMAKER EP-01 カスタムコイル ダブルスリーブ Type-C 着脱可能ケーブル メカニカルキーボード(EP-01)","8712","56","","2289","¥ 25,861","","1","B092YLD4RP","B095MN3VBK","19.5","5.3","4.9","140"
"Comfyable Puffy タブレットスリーブ 9-11インチ 11インチ iPad Pro M5 / iPad Air M4 2026 Magic Keyboard対応 縦型 キルティング パファー タブレットケース 男女兼用 ライス","9316","41","","207","¥ 5,180","","1","B0FR4VT5M7","B0FG88DYXN","31.6","25.9","3.8","290"
"DisplayPort to 3 HDMI MST ハブ 3ポート 4K@60Hz DisplayPort 1.4スプリッター モニター DisplayPor t 拡張 HDM I 分配器 ミラーモード/拡張モード対応","9317","16","","60","¥ 9,999","","1","B0H871KD5Z","B0HFZ35P7H","20.3","16.6","1.9","150"
"UGREEN Revodok 13in1 Thunderbolt5 ドッキングステーション TB5*3 Windows Mac ブラックグレー","9321","86","50","130","¥ 36,990","","1","B0G5Z4C8HC","","25","20.1","9.2","2241"
"DCP-J929N-B インクジェットプリンター 複合機 A4 無線LAN プリンター コピー スキャナー ブラック","9324","46","","13","¥ 18,740","","26","B0G4PRLTFJ","","47","45","26","5000"
"IODATA 外付けHDD 4TB 電源内蔵 ヒートシンク RAIDeX HDJA-UT4R/UE","9328","74","","72","¥ 32,800","¥ 32,800","1","B0F4XFV9L1","B0F532HYXB","28","23.4","12.6","1510"
"Vansuny USBメモリ 32GB USB3.0 5個セット ラッシュドライブ 超高速90MB/S コンパクト","10537","30","","26","¥ 5,184","","1","B0CWV52LRC","B08BYBRY8D","14.4","8.7","1.4","50"
"HP プリンター A4 インクジェット 複合機 OfficeJet Pro 8120 デュアルバンドWi-Fi対応","9335","59","","21","¥ 13,000","¥ 14,680","6","B0CT918FWW","B0DXYTVPWS","50.7","41.7","29.7","9440"
"【Android16 セット版 初登場】U11PRO 11インチ アンドロイド 16 タブレット 、30GB+256GB+2TB TF拡張、8コアCPU T7200、Gemini AI+Netflix+Widevine L1、90Hzの高リフレッシュレート、8580mAh+Type-C充電+OTG、5GWiFi+BT5.0+GMS、タブレット 11インチ wi-fiモデル","9335","16","","4","¥ 19,900","","1","B0GTR7RMWK","B0H5PZV2FQ","29.9","21.3","6.7","1540"
"HUO JI CK608 ゲーミングキーボード 有線 赤軸 メカニカル 英語配列 静音 高速応答 レインボーLEDバックライト パソコンキーボード Windows/Mac/PS5対応","9338","50","","747","¥ 10,378","","1","B0D3LPNN9N","B0HCN77GDC","42.6","18.3","6.3","1050"
"Razer Huntsman Mini 小型 ゲーミングキーボード - Linear Optical Switch 英語 US配列 60%レイアウト 光学スイッチ 超高速1.2mm作動 リニア触感 静音 Chroma RGB 【日本正規代理店保証品】 RZ03-03390200-R3M1","9339","53","","471","¥ 18,981","¥ 18,981","4","B08GFXRNP8","B08GT97V1P","31.4","15","4.6","700"
"エレコム 外付けSSD USB3.2 Gen1 対応 スライド式 マニュアルQRシール付 1TB ブラック ESD-EWB1000GBKR","9340","27","","","¥ 26,400","","7","B0FB3L51WW","","15.5","12","3","50"
"Seagate SkyHawk 3.5インチ 内蔵HDD 4TB 監視カメラ用 ST4000VX016/EC","9341","51","","81","¥ 32,980","¥ 32,980","1","B0DW43NN35","B09Z17NWDQ","19.2","14.9","5.2","510"
"【Android 16 タブレット 11インチ Wi-Fiモデル】ZPad4A タブレット セット、8コアCPU T615、1920x1200 FHDスクリーン、28GB RAM 256GB ROM、8000mAh、2.4/5GHz WiFi、BT5.0 LE、Widevine L1、Gemini AI対応、顔認識+ワイヤレス投影+GPS 10点付属品","9343","12","","4","¥ 18,999","","1","B0H8NYT3KM","","29.2","20.4","5.7","1340"
"【整備済み品】富士通 中古 ノートパソコン FUJITSU U9310/超軽量/第10世代 Intel Core i5-10310U/8GB メモリ/256GB 高速NGFF SSD/13.3インチ フルHD液晶/Webカメラ内蔵/Wi-Fi 6/有線LANポート搭載/薄型ノートパソコン/テレワーク・在宅勤務・ビジネス向け/Win 11pro+Office2021搭載/有線静音マウス付属","9345","45","","72","¥ 35,036","","1","B0FMYJJQ6C","B0GXHMT5F3","36.2","26.1","12.2","1380"
"【国内正規代理店】XFX AMD Radeon AI Pro R9700, 32GB GDDR6, RDNA 4アーキテクチャ, 4K ディスプレイポート搭載, プロフェッショナルグラフィックスカード, RX-97XPROAIY-GP/E","9353","59","50","17","¥ 272,800","","1","B0FXXHFCRM","","32","15","5","1500"
"CANON CRG-051 トナーカートリッジ051 純正 2本セット","9354","46","50","15","¥ 14,580","","18","B08BWW743X","","38.4","24.6","15.9","1260"
"Abucow 65％メカニカルキーボード 茶軸 有線 ゲーミングキーボード 68キー コンパクト設計 全キーアンチゴースト レッド・ホワイトキーキャップ交換対応 Windows/Mac対応","14090","61","","129","¥ 6,833","","1","B0F6N6X2MQ","B0FH9VYN37","33.4","13.3","4.7","671"
"TP-Link 8ポート 各ポート 2.5Gbps 対応(ポート同時使用時 最大40Gbpsまで) ハブ アンマネージ スイッチングハブ TL-SG108-M2","9367","42","","513","¥ 11,815","¥ 11,815","5","B08WQ16H4N","","31.4","24.1","7.2","1300"
"OOWOLF モニターライト TL04Pro ノートパソコン専用 PCライト 調光調色","9369","52","","570","¥ 6,062","","1","B07THCST78","B0CX86WDBR","41.2","6.1","4.7","300"
"Fenge モニター台 卓上 デスクシェルフ 2段 幅108cm 木製 デュアルモニター対応 デスク周り収納 ブラウン","9371","65","50","75","¥ 5,978","","1","B0D9LP31TB","B0DWS7HMDZ","117.4","29.3","8","7350"
"ラトックシステム 4K60Hz HDMI パソコン 切替器 2台 RS-260UH-4K","9375","33","","40","¥ 7,633","","2","B0DWF8S3BM","","23","22.9","7.2","780"
"IODATA HDMIキャプチャー PS5/Switch/レトロゲーム対応 ビデオテープ VHS 8mm ダビング GV-HDREC/AD-UE","9376","92","50","8","¥ 19,800","¥ 19,800","1","B0FTSJP48R","B0GGHGCLZX","22.1","16.2","6.9","500"
"ブルーレイドライブ 外付け 【定番進化モデル・高速書込】 外付けブルーレイプレーヤー blu-ray 外付けドライブ USB3.0 USB-A＆Type-C両接続 静音設計 1.8cm薄型 350g軽量 Windows7-11/MAC OS対応 再生/読み込み/書き込み/焼き対応 blu-ray プレイヤー 外付け bdドライブ 外付け M-DISC BDXL対応","12494","91","100","52","¥ 7,999","","2","B0GTLR6L3Q","","19.3","15.5","2.7","420"
"Transcend ポータブルHDD 1TB 耐衝撃 スリムタイプ USB3.1 Gen1 アイロングレー 3年保証 TS1TSJ25M3S","9387","39","","4392","¥ 19,600","","20","B07B4CJ4KS","B0H4J6Q79P","15.1","12.1","4.7","281"
"BROTHER　純正　TN-293BK / TN-293C / TN-293M / TN-293Y 4色セット トナーカートリッジ HL-L3230CDW ・ MFC-L3770CDW","9402","90","50","59","¥ 37,250","","12","B07JMKWS34","","41.5","39","15.3","2510"
"USB ハブ 4ポート USB3.0 ハブ 20cm ケーブル USB拡張 データハブスプリッター","6464","40","","3619","¥ 5,468","","1","B07V6VWWKL","B08PBDFFSV","19","9.2","2.1","68"
"iFLYTEK AINOTE Air 2 電子ノート ChatGPT搭載 手書きタブレット 紺色保護ケース付き 音声文字起こし テキスト化機能 多言語翻訳 超軽量 8.2インチ 電子書籍リーダー ビジネス 会議 学習に最適","9407","100","50","187","¥ 60,800","","1","B0FHGXG7SN","B0G6Z3WYB3","20.9","15","4.9","700"
"Netac USBメモリ 256GB USB3.2 Gen1 最大150MB/s Type-C&USB-A対応 5年保証","9408","65","","32","¥ 6,156","","1","B0GCD7CQ3V","B0H2TKF2BV","12.2","10.2","1.2","30"
"Biwin Amber ME300 microSD Expressカード 256GB 900MB/s読出・800MB/s書込 【Nintendo Switch 2対応】 UHS-I U3 V30 A1 Class10 4K RAW microSDXC 製品ライフタイム保証","9414","102","50","79","¥ 8,980","","1","B0G3949VVS","B0GQ2PLLP3","14.8","8.1","4","210"
"【5年保証付き】Pixio PX27U Wave Pastel Pink ゲーミングモニター 27インチ 160Hz 4K Fast IPS パステルピンク スピーカー内蔵 PX27UWAVEK","19229","25","","58","¥ 56,780","","1","B0G5YDDMC9","B0G5YM4RGP","68.4","45","17.5","6600"
"MOA PBT キーキャップ 140 キー チェリープロファイル 昇華型 ANSI/ISO レイアウト用 Cherry MX スイッチ対応 メカニカルキーボード 英語配列 (6.25u スペースバー付き)","9418","45","","677","¥ 7,371","","4","B0D8P2TZB9","B0D53W9DH8","24.8","14.7","4.2","440"
"IODATA モニター 31.5インチ FHD（HDMI/DP/RGB） LCD-DF321XDB-A/UE","9423","115","50","16","¥ 29,980","¥ 29,980","5","B0DKFJL5ZF","B0DQCL4N5N","92","50","15","8900"
"エレコム ゲームパッド 無線・有線 XInput DirectInput PS系配置 FPS特化仕様 充電式 13ボタン ブラック JC-GP50SVBK","9426","60","","","¥ 5,021","¥ 5,123","13","B0H11PZTM1","B0H11RKYP9","22.8","16","8.3","400"
"【整備済み品】ノートパソコン 富士通 LIFEBOOK Aシリーズ テンキー搭載 第6世代 Core i5/ノートPC/メモリ8GB/SSD256GB/MS & Office2019/Windows11/DVD/USB/WIFI/HDMI/Bluetooth/大画面15.6インチ/マウス付属/初期設定不要/初心者向け 中古パソコン(A576/8GB/256GB/テンキー搭載)","9427","47","","10","¥ 20,700","","1","B0DBDMQ8QZ","B0CQ4RZ4PP","40.9","30.6","9.6","2720"
"【整備済み品】 】 Dell Precision 5540 モバイルワークステーション - Core i9-98880H / 16GB / 512GB SSD/NVIDIA Quadro T2000 4GB / Windows 11 Pro/Office 2021 プリインストール - 15.6インチ InfinityEdge 狭額縁ディスプレイ","14644","60","","3","¥ 98,800","","1","B0CSCNS3H9","B0H25YFXW4","43.1","32","10","2730"
"Comfyable 薄型 ノートパソコンケース 13インチ MacBook Air M5 2026 A3449 M4 M3 M2 M1 & 13インチ MacBook Pro/Neo A18 A3404 対応 PUレザー 撥水 スリーブケース, ミッドナイトブルー","9435","48","","5378","¥ 10,480","","2","B0GKLD29MD","B07XSM2FHR","35","24.4","2.1","209"
"Redragon K519 無線 ゲーミングキーボード JIS日本語配列 60% テンキーレス ワイヤレス Bluetooth/2.4G/USB有線","9439","5","","6","¥ 5,680","","1","B0H4YS6DGW","","34.3","16.2","4.2","660"
"RAOYI 64GB USBスティック 5個パック メモリースティック USB 3.0フラッシュドライブ 最大80MB/秒 読み取りサムドライブキャップデザイン ペンドライブ (5つのミックスカラー:ブルー、シアン、グリーン、オレンジレッド)","11791","8","","123","¥ 12,768","","1","B08GFF7WPG","B07X2VLFL8","14.6","8.8","1.7","50"
"Fintie スリムシェルケース 6.8インチ Kindle Paperwhite (第11世代- 2021) およびKindle Paperwhiteシグネチャーエディション用 - プレミアム軽量PUレザーカバー 自動スリープ/スリープ解除(ジャングルナイト)","9450","43","","7031","¥ 8,711","","9","B09JLLD5QH","B09LMH7D16","17.3","13.2","1.6","130"
"【国内正規品】AMD エーエムディー/Ryzen 7 5700X BOX CPUクーラー別売 without cooler/動作クロック周波数:3.4GHz / ソケット形状:Socket AM4 / [Ryzen75700XBOX] / 0730143314275","9455","96","50","168","¥ 34,343","","4","B0BXT2715G","","13.6","13.4","7.5","120"
"Nuroum C40 2026 Upgrade 会議用カメラ 4K Webカメラ 120°超広角 マイクスピーカー 一体型","9458","34","50","7","¥ 35,982","","1","B0GK75YRGT","","39.4","15.8","14.2","1080"
"OKI A3カラーLEDプリンタ COREFIDO2 26PPM スタンダードモデルC824dn","9460","59","50","102","¥ 47,775","","13","B07NRLKDMT","","72","58","49","43200"
"Crucial (クルーシャル) 240GB 内蔵SSD BX500SSD1 シリーズ 2.5インチ SATA 6Gbps CT240BX500SSD1 ［ 海外パッケージ ］","9461","60","50","51964","¥ 9,850","","42","B07G3YNLJB","B0HF64GDLG","16","9.7","1.4","59"
"KOORUI ゲーミングモニター WQHD 27インチ 湾曲モニター 180Hz 1ms(GTG) 1500R Adaptive Sync HDR 傾き調節 HDMI DP VESA 27E6QCA","10182","77","","1815","¥ 21,980","¥ 21,980","1","B09XXPRMYF","B0H3VFMHDK","69","45","14.5","5700"
"10Gtek XL710-T4 CNA, 4 ポート 10GBase-T NIC ネットワークカード, Intel XL710BM1 コントローラ, PCI-E3.0 X 8, 10Gb PCI-E LANカード","11779","24","","","¥ 59,999","","1","B0DWK5JTNS","B099J28ZV1","1","1","1","1"
"Veetop CAT8 50m LANケーブル カテゴリ-8 超高速 防水 難燃 耐磨 耐候性 金ツメ RJ45コネクタ ギガビット 40Gbps 2000MHz 26awg 爪折れ防止 二重シールド パソコン 有線lanケーブル PS4 PS5ゲーム用 有線らんけーぶる ネットケーブル ルーターケーブル (ホワイト, 50m)","9475","48","","1022","¥ 9,380","","1","B08D3H7FWK","B09MTM9KWB","35","32","9","2180"
"【整備済み品】 【Win11、MS Office 2024 H&B搭載】富士通 LifeBook / 15.6インチ ノートPC/CPU:第10世代Core i5 /メモリ:8GB / SSD:256B / Webカメラ、テンキー内蔵/HDMI/Wi-Fi・Bluetooth内蔵/無線マウス付属","9475","41","","2","¥ 32,220","","1","B0GMGVBN4B","B0GMH9RZ2V","40.7","28.6","11.4","2730"
"ATTACK SHARK×MAMBASNAKE M36 HE 片手ゲーミングキーボード 8000Hz 磁気スイッチ ラピッドトリガー 国内正規品 月夜","9480","43","","25","¥ 5,599","","1","B0H27YQ7YR","B0H4YWY3SY","18","18","5","500"
"マタインク CRG-054H 4本セット 互換トナーカートリッジ 054H LBP621Cトナー 対応機種：MF644Cdw MF642Cdw 他","9483","68","50","78","¥ 5,123","","6","B0B458QTC7","","32.3","17.7","17","2420"
"Belkin Connect USB-C ハブ 4-in-1 100W PD 給電 タイプ C ポート 10Gbps 超高速データ転送","9485","110","50","1789","¥ 5,809","¥ 5,809","1","B0BY27XSJ3","B0FM25XHZD","12.3","10.2","3.2","91"
"キヤノン トナーカートリッジ 067(シアン) CRG-067CYN","9492","45","","4","¥ 6,680","","29","B0B15KSHYK","","36.4","11.1","9.5","740"
"Eyy ノートパソコン Office 2024 搭載 16.0型 インテル Core i5 16GB メモリ 512GB SSD Win 11 Pro","9492","70","","77","¥ 58,950","","1","B0DYDY7NS1","B0GTY83CM3","41.2","34.1","7.2","2220"
"キヤノン 純正品 インクカートリッジ BCI-351+350/5MP 5色マルチパック","9493","99","50","400","¥ 5,050","","14","B01BHP21N0","","19","10.5","2.3","140"
"CORSAIR 3500X RS-R ARGB ミドルタワーピラーレスPCケース – RS120-R ARGBファン3基搭載 – GPUサポートアーム（たわみ防止）– 強化ガラスパネル – 最大10基の120mmファン対応 – 逆配線対応マザーボード互換 – ホワイト CC-9011323-WW","9494","72","","500","¥ 13,109","¥ 13,109","5","B0FJ2Y9GK1","B0G48FJPG1","57.8","55.2","33","10770"
"APC SMT500J/SMT750J UPS交換用バッテリーキット APCRBC137J 無停電電源装置","9496","97","50","60","¥ 32,360","","11","B00GG3YO4S","","22.6","20.9","18.5","5710"
"ORICO 3.5インチ HDDケース 5ベイ USB3.0接続 ハードディスクケース 磁気吸着デザイン 18TB*5台対応 SATA3.0 5ベイ ドライブケース アダプター付 ABS素材 工具不要 扇風機あり 自動睡眠 DS500U3（HDD含めず）","9503","16","","7","¥ 13,359","","1","B0H3KGMNTB","B0HBX36S11","30.7","23.8","18.1","2150"
"【Amazon.co.jp限定】 ASUS ゲーミングノートPC ASUS Gaming V16 V3607VH 16インチ GeForce RTX 5050 インテル Core 5 210H メモリ16GB SSD512GB リフレッシュレート144Hz イルミネートキーボード Windows 11 バッテリー駆動 16.4時間 重量1.95kg ブラック V3607VH-C5165R5050W","9504","66","","10","¥ 239,800","¥ 239,800","1","B0FD3DZSSF","B0FH6KBFPT","48.9","31.8","6.4","3350"
"KIROSA Pencil【2024新次元 ipadから充電可能】アップルペンシル ipad用 第1世代 タッチペン あいぱっと ペンシル ペン 電量表示 スタイラスペン 傾き感知/磁気吸着/誤作動防止 2018年以降アイパッド/mini/Air/Pro対応 ホワイト K17","10311","36","","2144","¥ 6,737","","1","B0C6DTR1JD","B0CG5GJ6F9","19.5","5.4","1.9","59"
"パワーサポート エアーパッドIII マウスパッド ダークグラファイト 超大サイズ AP-05","10226","60","","226","¥ 5,382","¥ 5,382","2","B0006HU9QC","B077JYHMNM","42","34","1","100"
"TreasLin USB 書画カメラ1000万画素Webカメラ実物投影機4K@30fps/ 1080P@60fps CMOS オートフォーカス LEDライト搭載 ホワイト Zoom Skype Google Meet対応 オンライン授業 個別指導 Web会議 テレワーク 実物投影機 HSV223(1000)","9508","7","","56","¥ 5,999","","1","B0B9S458LF","B0H8HX2L5K","26.4","13.3","8.7","570"
"ESR iPad A16 ケース キーボード付き 第11世代 2025/第10世代用の マジックキーボード 磁気吸着 Rebound","9510","88","50","269","¥ 10,709","","1","B0BY8Y8W41","B0H8XZ94NG","30","20.9","2.7","830"
"SC26MB 純正 メンテナンスボックス","9511","29","","2","¥ 6,850","","8","B0B1Q9BKRX","","40.7","16.2","8.1","900"
"Dell P1917S 19インチ モニター ディスプレイ (3年間無輝点交換保証/SXGA/IPS 非光沢/DisplayPort HDMI D-Sub15ピン/縦横回転 高さ調整)","9513","54","50","144","¥ 21,980","¥ 21,980","3","B01I1HI0XW","B0D5R463CS","46","39.3","19","6480"
"【リチャージWiFi】日本100GB+世界3GB 365日 ギガ付 ポケット WiFi モバイル ルーター 契約 返却 無し 月額 0円 簡単リチャージ 国内 海外 利用可能 Wi-Fi 電源ONで即時使える 軽量 シンプル【T8W-100GB+3GB/365日】","9513","17","","784","¥ 11,980","","1","B0CM9FLSPR","","15.7","9.1","2.5","190"
"Hollyland Lark M2S USB Type-C バージョン 【2025DGP金賞】 (USB-C RX) ワイヤレスマイク 超軽量7g チタンクリップ式 48Khz/24Bit ワイヤレスラベリアマイク iPhone/Android/PC用ピンマイク ノイズキャンセリング 27時間使用 Vlog インタビュー ストリーミング","9518","85","50","536","¥ 11,880","","1","B0DNQ8CLXR","B0DS4KWNVG","13.6","10.4","8.4","281"
"Canon トナーカートリッジ055 ブラック CRG-055BLK","10317","75","50","58","¥ 8,011","","40","B07RMT5RV5","","37","12","12","840"
"【Amazon.co.jp限定】 ASUS ゲーミングノートPC TUF Gaming F16 FX608JMI 16インチ GeForce RTX 5060 インテル Core i7 14650HX メモリ 32GB SSD 1TB リフレッシュレート144Hz イルミネートキーボード Windows 11 重量 2.2kg 動画編集 イェーガーグレー FX608JMI-I7R5060321T","9520","49","50","4","¥ 289,800","¥ 289,800","1","B0H19WM1JL","B0HC278J1W","42.9","32.6","10.2","3930"
"ATTACK SHARK x AJAZZ X85 ゲーミングキーボード メカニカル 5層サイレンサーパッド＆メタルノブ付き（パープル）","14328","36","","63","¥ 8,414","","1","B0DMDDY648","B0CZRNHN3R","35.6","18.3","4.9","1010"
"Androidタブレット LAVIE T0975/GAS【9インチ/Android12/MediaTek G80/メモリ4GB/ストレージ128GB/WPS office搭載/アークティックグレー/2023年6月モデル】 NEC PC-T0975GAS","9532","54","50","78","¥ 24,510","","25","B0CBJHWL18","","22.8","14.9","4","570"
"Edifier 【エディファイア】 G2000 Pro 64W RGB 音光同期 ゲーミングスピーカー ｜ PS5 Pro/PS5/PS4/Switch 2/Switch等対応 2.0ch 卓上小型 PC アクティブ先端デザインスピーカー アンプ内蔵 音質高 ｜ Virtual 7.1 サラウンドサウンド ｜ Bluetooth/USB/AUX ワイヤレス・有線接続 ｜ 専用アプリ 2台セット","9532","55","","711","¥ 19,750","","1","B0FP17WX7D","B0HFRLG97R","29.9","25.4","18.2","2600"
"EAYHM モニター 台 USB口/2口コンセント付き 机上台 幅80CM ディスプレイ 台 引き出しとスマホホルダー付き パソコン 台 モニタースタンド ノートパソコン/プリンター/iMac/タブレットパソコンに適用 耐荷重25Kg (2段式-コンセント付き)","11903","67","","","¥ 8,999","","1","B0GG9WC73W","B0DZSM5N7Y","83","28","5","3550"
"Cloudisk Compact Flash Card CF Card (128GB)","9534","67","","1116","¥ 9,999","","2","B07RLV9FML","B0D5MQTS4X","13.2","9.1","1","20"
"XPPen 左手デバイス ショートカットリモート 片手キーボード Bluetooth対応 ワイヤレス ペンタブ 液タブ用 ノートパソコン対応 作業効率向上 イラスト 画像 動画編集 ACK05","9537","120","50","841","¥ 7,099","¥ 7,099","1","B0BWJVXGSY","","15.9","10.3","4.9","260"
"ASUS CPUクーラー 360mm オールインワン AIO 水冷 ROG RYUO IV SLC 360 ARGB 国内正規代理店品","9540","39","","23","¥ 47,322","¥ 61,596","9","B0FLNBV2LZ","","42.4","22.9","15.7","3630"
"【販路限定】 JAPANNEXT 21.5インチ 液晶モニター JN-IPS215FHD-C6","9544","58","50","5","¥ 13,800","","3","B0GJSC3NT7","","61.2","42.5","12.6","3100"
"Meeting Owl 3 (ミーティングオウル 3) 単品 360度カメラ WEB会議用カメラ マイク スピーカー 一体型","9547","36","","23","¥ 178,200","","1","B0CN6H7SHN","B0H1MM7X5B","31.6","23.7","13.1","2320"
"USB Type C ケーブル【3M/2本セット】 iPhone17/iPhone16/iPhone 15 Pro MAX, iPad Pro,usb type-c機器と互換性がありSweguard USB C ケーブル【QC3.0対応急速充電 100w】タイプc 充電(ライトグレー)","12938","18","","989","¥ 5,248","","1","B09YLYJZBT","B0DT3NQL4C","24.7","9.8","1.9","159"
"エプソン 純正 インクカートリッジ ヒマワリ IC6CL32 6色パック","9554","58","","829","¥ 5,698","¥ 7,000","19","B0000DJLNT","B07235L1S3","22.4","9.9","7.6","282"
"高級版「横/縦両方対応」iPad 第11世代 (A16) キーボード iPad 第10世代 キーボード ケース 10.9インチ タッチパッド搭載 超薄 軽量 分離式 ワイヤレス bluetoothキーボードカバー 多角度調整 バックライト付き Pencil収納 日本語取扱説明書付き(ブラック)","14901","36","","333","¥ 6,480","","1","B0CFXVNHG8","B0DDPPL97J","28.6","21.7","3.1","660"
"MSIマザーボード PRO B760M-A DDR4 II 第14/13/12世代Intel CPU(LGA1700) 【白い自作PCで快適ゲーム】 [B760 搭載] MB6318","9565","129","50","160","¥ 14,700","¥ 17,043","31","B0CMPZMGVT","","32.4","27.1","6","1230"
"Western Digital ウエスタンデジタル 内蔵SSD 2TB WD Blue SN5000 (読取り最大 5,150MB/秒) M.2-2280 NVMe WDS200T4B0E-EC 【国内正規代理店品】","9565","38","","188","¥ 88,783","¥ 88,783","2","B0D875H54B","B0D9V928LN","12.7","10.2","2.2","50"
"【日本限定 Magic Drawing Pad】XPPen 12インチ タブレット 8GB+256GB+1TB拡張可能 お絵描きタブレット","9568","90","50","35","¥ 78,999","","1","B0FRSJ2Z1L","B0G1YMB71D","33.1","23.5","11.2","1800"
"「国内正規品」Keychron V3 Max ワイヤレスキーボード Bluetooth/2.4G/有線 Mac/Windows/Linux 茶軸","9569","43","","3","¥ 15,928","","1","B0FSK4HTNW","B0FSR2PX63","40","20","6","950"
"EWIN ワイヤレスキーボード 折り畳み式 iPad/Mac/Windows対応 日本語配列 テンキー付き Bluetooth 無線","9581","43","","44","¥ 11,000","","1","B0FB8K3QMV","B0FB82V3F1","24.3","18.4","2.4","340"
"TRASKIT Starter Kit For Raspberry Pi 5 / ラズベリーパイ 5 RAM 16GB 技適マーク付 ——128GB ラズベリーパイ OS をプリインストー（金属ケース）","9590","45","","74","¥ 66,900","","1","B0DWZVY46N","B0H797S73J","15.3","12.6","9.4","590"
"【1095日保証・法人様向け】GEEKOM Air12 Intel 7505 ミニPC 省スペース 4300U/3500U/ i3-10110U超える","9592","47","","194","¥ 59,999","","1","B0GL7S9X69","B0H8T3PPTX","19","17","11.9","1380"
"【整備済み品】東芝ノートパソコンDynabook G83 DDR5高性能ノートPC Core i5-1250P 13.3型パソコン","9595","79","50","8","¥ 59,980","","1","B0GZGSYXP2","B0GZGWXLM2","43","30.3","13.4","1660"
"マイクロソフト Surface Pro 9 / Office H&B 2021 搭載 / 13インチ /第12世代 Core-i5 /8GB/256GB / サファイア QEZ-00045","9598","38","","24","¥ 156,680","","2","B0BGLCWJG4","B0DJB7MK7H","31","22.9","4.9","1800"
"「EDIFIER直営店」Edifier G2000 ゲーミング スピーカー パソコン用 Bluetooth5.1 32W Hi-Fi音質 有線 Bluetooth/USB/AUX接続 PC対応 LEDライド付き 小型 2台一組","9599","49","","477","¥ 12,750","","1","B095YRJ9CX","B0C4SN9P2P","23.5","21.9","14.3","1880"
"【Android16 タブレット AI最適化OS】TABWEE T80 タブレット 10インチ、 12GB+64GB+2TB拡張、薄型軽量","9601","80","50","281","¥ 12,999","","1","B0G3X4WQV4","B0H9Q9GN6X","32.7","20","3.9","950"
"ID-COOLING FROZN A620 PRO XE BLACK CPUクーラー 6ヒートパイプ デュアルファンモード対応 LGA1954対応 オールブラック 【国内正規代理店品】 FROZN A620 PRO XE BLACK","9603","24","","2","¥ 5,765","¥ 5,765","4","B0H5VN1874","","21.2","16","13.3","1470"
"エレコム 外付けssd 1TB コンパクト ポータブル PS5/PS4対応(メーカー動作確認済) USB3.2(Gen1) ESD-EMB1000GWH","9605","148","50","64","¥ 23,000","","30","B0BNPPN8H5","B0C7JZTL55","15.4","12.2","3.2","40"
"【Amazon.co.jp限定】NEC用 PR-L4C150 互換トナー 大容量4色セット (PR-L4C150-16/17/18/19)","9607","35","","9","¥ 9,119","","1","B0FVLVS5TV","B0HC9YRHSF","25.5","23","9.2","1190"
"TP-Link 無線LAN WiFi 6E ルーター AXE5400 2402 + 2402 + 574Mbps 6GHz EasyMesh VPNクライアント 2.5G WAN/LANポート IPv6 IPoE対応 Archer AXE5400/A 【iphone 15 pro 対応】","9608","99","","719","¥ 16,500","","12","B0CHDH7SSK","B0FJM8278F","30.7","24.4","11.3","1300"
"IODATA Wi-Fi 6 アクセスポイント WHG-DAX1800A","9610","51","","8","¥ 25,800","","20","B0CC9936LJ","","23.4","22.4","9.5","820"
"ロジクール Flip Folio iPad Pro 13インチ M5 / M4 & iPad Air 13インチ M4 / M3 / M2 用 Flip Folio iK1385GRA ワイヤレス キーボード付きケース 日本語配列 脱着式 キーボード 軽量 Bluetooth グラファイト 国内正規品","12172","41","","8","¥ 24,100","¥ 24,100","1","B0FBRGH2D1","B0HG8PDRKR","33.5","23.1","2.9","1000"
"エプソン 純正 インクカートリッジ 桜 IC9CL64 9色パック","14591","53","","72","¥ 21,000","¥ 21,745","9","B004LVO01E","B005LEVOPK","26.4","10.7","9.3","599"
"HUANUO (ファーノー) モニターアーム ノートパソコンアーム 2in1 デュアル ガススプリング式 耐荷重9kg","9617","29","50","24","¥ 8,299","","1","B0GH6SS6FP","","42","27","17","5200"
"VETESA 軽量ノートパソコン 14インチ Office2024搭載 12GB メモリ/256GB M.2 SSD/カメラ搭載/日本語キーボード/薄型持ち運びノートPC windows11Pro laptop マウス付属","9617","68","","","¥ 36,800","","1","B0GVYH292G","B0GTPH2R86","44.4","25.2","5.4","1800"
"サイクルバッテリー / RBC137J-S RBC137J 互換 APC Smart UPS750(SMT750J)用 RBC137J-S 無停電電源装置 UPS用バッテリーキット","9618","38","50","68","¥ 13,580","","1","B012ZC0G7W","","17.9","14.7","11.4","5485"
"【Amazon.co.jp限定】 純正品 インクカートリッジ BC-360 (ブラック) + BC-361 (カラー) 対応機種：TS5430 / TS5330","9618","46","50","9","¥ 5,990","","1","B0GN8CR9DH","","11.2","8.5","5.5","140"
"【New】キヤノン Canon インクジェット複合機 GX7130 FAX付/A4/特大容量/ギガタンク/GXシリーズ/低ランニングコスト/ビジネスモデル","9619","73","50","18","¥ 69,164","¥ 69,164","13","B0DXZ8P4LZ","","55.8","48.4","42.7","17300"
"E-SHEEP モニターライト 42cm RGB バックライト 1600万色/DIY機能/音楽連動/40+モード USBライト 昼白色/昼光色/電球色","9619","1","","12","¥ 14,999","","2","B0HCPCVK4L","B0HFMQHMCF","44","8.3","5.2","482"
"ALLDOCUBE iPlay 60 mini Pro 8.4インチタブレット 顔認証 4GLTE 1920×1200FHD WidevineL1","9621","86","50","425","¥ 20,699","","1","B0D2K5YP66","B0H5QG41RL","23.9","20.3","3.2","640"
"純正品 ブラザー インクカートリッジ LC411-4PK ブラック シアン マゼンタ イエロー 4色パック 対応型番：DCP-J926N、MFC-J904N、MFC-J739DN、MFC-J939DN 他 プリンター コピー機","9193","43","","3","¥ 6,670","","2","B0H2L7SRBB","B0H3H1BR91","12.3","9.5","6.6","180"
"【2026初登場 2.5K Android16 タブレット 12インチ】高性能UNISOC T7300 アンドロイドタブレット 90Hz 32GB+256GB+1TB拡張｜10000mAh大容量 PD20W｜4つスピーカー｜Wi-Fi 5モデル｜BT5.3 ｜超薄型&軽量｜WidevineL1｜顔認証｜無線投影｜IP54防塵・防滴｜GMS認証｜タッチペン付","9622","62","50","79","¥ 32,900","","2","B0H5NN6RQ4","B0H7RM89CJ","31.2","22.5","5.8","1100"
"HP 純正 インクカートリッジ HP 65XL カラー 増量","9626","90","","196","¥ 5,273","¥ 5,273","8","B076F46B14","B0G414NJVV","11.5","10.1","3.7","50"
"ABLEWE USB - イーサネットアダプター USB 3.0/USB C - RJ45ギガビットLAN (1000Mbps) ネットワークアダプター MacBook/Pro/Air、iPhone 15/16 Pro/Max、iPad Pro、Surface Pro、Windows 11/10/8/7、MacOSに対応","10505","44","","8","¥ 5,602","","1","B0FT1Z1BV1","B0BNTBCD3R","14.2","5.6","1.9","50"
"HOU iPad Air 11インチM4/M3/M2・第5/4世代対応 Smart Folioキーボードケース","9635","39","","261","¥ 7,899","","1","B0C6JLP9JN","B0GRYFFSGD","28.8","19.6","2.7","670"
"【整備済み品】デル/デスクトップpc/OptiPlex 3070SFF/デスクトップパソコン/高性能 第9世代 Corei5 9500/windows11 デスクトップ/Office 2021搭載/WIFI6/Bluetooth5.3/DP/HDMI/USB3.0/4KHD対応/マルチ画面対応/初期設定済み・整備・180日保証 (メモリー16GB+SSD256GB)","9646","45","","14","¥ 43,000","","1","B0FXVGTMPN","B0FX36PRWT","43.2","36.7","14.2","4600"
"Creative Pebble Plus ブラック サブウーファー付き 2.1ch PCスピーカー","9648","83","50","666","¥ 5,220","","3","B0849PQFTJ","","35.8","31.3","21","2590"
"ATTACK SHARK R5Ultra 無影 カーボンファイバー製無線ゲーミングマウス 超軽量39g±3 PAW3950MAX （ブラック）","9649","47","","28","¥ 9,028","","2","B0F18RKW65","B0F4CZG184","17.4","10.6","7.6","330"
"Allinside 13-14インチ ノートパソコンスリーブケース MacBook Pro 14インチ 2021-2026/MacBook Air 33cm 2010-2017/MacBook Pro 33cm 2010-2015用 防水PUマットレザースリーブ スタンド&アクセサリーポーチ付き ペールピンク","9651","87","","1185","¥ 6,477","","1","B0FBQRFVW1","B0FBG6MGGZ","36.2","27","1.5","450"
"【ミニPC Ryzen 5 3500U搭載】GMKtec G10 mini pc 動作より安定最大3.7GHz 4コア8スレッドWiFi5/BT5.0 2.5G LAN対応 小型PC 静音設計 USB3.2×3 3画面HDMI/DP/Type-C 8K出力可能 (AMD Ryzen 5 3500U 16GB+512GB-NEW)","9665","90","50","149","¥ 48,598","","1","B0GQGVS6BX","B0HGRYH5TP","16.3","15.8","10.6","910"
"Beelink SER9 PRO AIミニPC、【AI NR搭載・4chマイクアレ】AMD Ryzen 7 H255、AI音声対話/内蔵スピーカー","12179","51","","1","¥ 113,900","","1","B0FPF6YCTQ","B0H98JMN88","13","12","5","1000"
"ウエスタンデジタル(Western Digital) WD ポータブルHDD 6TB WD_BLACK P10 USB 3.2 Gen1 / メーカー3年保証 【PS4 / Xbox Oneメーカー動作確認済】WDBZ7D0060BBK-WESN 国内正規代理店品","9676","41","","30297","¥ 48,570","¥ 48,570","4","B0D3GXP8NB","B0FX3S1W5D","15.3","11.1","4.1","340"
"KODAK Mini 3 Retro スマホプリンター(7.6×7.6cm) 4PASS 38枚入り ブラック","9679","66","","4911","¥ 15,100","","3","B08FSZMMN1","B0HB5TRKGJ","17.2","16.4","14.9","880"
"横トナ ブラザー用 TN32JXXL 2本 互換トナー 残量表示対応 DCP-L2660DW DCP-L2600DW HL-L2460DW など対応","12667","36","","11","¥ 5,788","","2","B0D25PFGBQ","","34","23.1","10.2","1280"
"DEPSTECH Webカメラ 4K オートフォーカス 800万画素 ウェブカメラ UHD画質 デュアルマイク内蔵 三脚付属 USB接続 PCカメラ","9682","59","","1648","¥ 5,990","","2","B08QF47VQB","B0FWCMSJLY","15.6","8.5","8.2","320"
"【国内正規品】Keychron K2 Version2 ホットスワップ対応ワイヤレス・ゲーミングメカニカルキーボード84キー/USレイアウト/RGBライト/アルミフレーム/ダブルショットキーキャップ/Gateron G Proメカニカルスイッチ/有線無線対応/Mac Windows対応/Nキー・ロールオーバー対応 (Gateron G Pro茶軸（ホットスワップ対応）)","12354","51","","84","¥ 14,344","","5","B09YY9GVD4","B0BT4G7HC4","36.2","20.3","7.2","1352"
"Galac ink HP用リサイクルインク 804 XL (ブラック 増量 + カラー 増量） 2個セット残量表示付 HP804 大容量【対応機種】■Tango ■Tango X ■ENVY Photo ・6220 ・6222 ・7820 ・7822 ■ENVY Inspire 7920 ・7220","9262","37","","20","¥ 5,384","","1","B0DQ1QKQJ9","","8.2","7.9","7.3","120"
"[GB-POWER] ファン付きベスト 24V ファンセット 単品 2024年 業界最長 15ヶ月間保証 GF3 ファン付き作業服 空調作業服 ファン付き作業着","9685","54","50","29","¥ 5,742","","3","B0D1K3V6ST","","27.5","12.9","4.5","290"
"Cloudisk Micro SDカード1 GB(10個セット) フラッシュカード クラス4、SDアダプタ、カードリーダー（1 GB）","10480","51","","754","¥ 6,688","","1","B07S355TGN","B0D663VNB4","11.9","10.9","1.4","20"
"バッファロー BRXL-PTV6U3-SVB(シルバー) USB3.2(Gen1) 対応 ポータブルBD 書込ソフ","9690","48","","14","¥ 15,400","","38","B0C4K3G7DP","","18.5","17.5","4.9","430"
"NECプラットフォームズ Aterm Wi-Fi モバイルルーター tri band MP02LN SW メタリックシルバー PA-MP02LN-SW","9696","85","50","1345","¥ 7,980","","6","B07X1NX5NJ","B079M6HNTH","15.7","14.5","4.3","220"
"Canon キヤノン A4モノクロレーザープリンター Satera LBP6030 普通","9700","50","50","351","¥ 8,280","","22","B00KHC6VJ0","","37.9","28","20.4","5620"
"[ セット品 ] CANON キャノン 純正品 トナー カートリッジ069 4色セット (ブラック シアン マゼンタ イエロー) (ブラック シアン マゼンタ イエロー) CRG-069","10716","42","","9","¥ 38,100","","1","B0BWHYV2M3","","38.2","24.6","19.4","2510"
"エレコム 外付けSSD 500GB USB3.2 (Gen2) 対応 スライド式 タイプC タイプA スライド切り替え ブラック ESD-EWC0500GBK","9708","106","50","18","¥ 18,500","","18","B0DPFH94NQ","B0DQ9MLW97","15.5","12.1","3.1","60"
"USB3.0延長ケーブル 10M Type-Aオス-メス 5Gbps高速データ伝送 USB-A延長線 2つ信号増幅器内蔵 ブラック","20941","28","","98","¥ 5,599","","1","B0C13XQHD4","B0C13VBYYG","19.1","18.9","5.7","750"
"Smatree MS125 ハードプロテクション 17-18 インチ ノートパソコンスリーブケース スタンド内蔵 耐衝撃パソコンケース 撥水加工 通勤","14547","18","","12","¥ 10,399","","1","B0GSGBBFWC","B0GSZSTH56","45.8","37.2","4.6","1120"
"AJAZZ AK029 片手ゲーミングキーボード ラピッドトリガー対応 29キー配列 磁軸対応 8000Hzポーリングレート（透明レッド）","10549","53","","67","¥ 5,266","","1","B0G8CZTJQ1","B0H9SNFGRZ","20.8","17.2","5.1","490"
"Belkin 12-in-1 Thunderbolt 4 ドッキングステーション 3画面出力 40Gbps超高速データ転送 90W PD給電","9734","34","","132","¥ 48,373","¥ 48,373","3","B09KLLNTW4","B0FGPG1KGY","22.3","14.4","13.1","1830"
"プラネックス PLANEX 5ポートリピーター機能搭載 ギガビット ハブ FXG-05RPT2","9740","38","","28","¥ 10,000","¥ 10,000","3","B0CG5ML9D2","","17.3","11.3","4.7","240"
"UGREEN Revodok 206 6 in 1 USB Cハブ 2HDMI出力 4K60Hz 100W PD充電 5Gbpsデータ転送","9742","96","50","2887","¥ 6,880","","1","B0BY8QNV1C","","18","10","1.9","120"
"エレコム WiFiルーター 無線LAN WiFi7 5765＋2882＋688Mbps 有線10Gbps F-Secure EasyMesh WRC-BE94XSD-B","9746","63","50","27","¥ 27,000","","20","B0F3CBPVX2","B0F6TV9XLW","34.1","22.4","10.4","2000"
"Razer レイザー Kraken Kitty V2 Pro Quartz Pink ネコ/クマ/ウサギのイヤーデザインに交換可能な有線 ゲーミングヘッドセット 4つのRazer Chroma RGB ゾーン 取り外し可能なRazer HyperClear カーディオイドマイク TriForceチタン 50mmドライバー クラーケン キティー ブイツープロ クオーツピンク 【日本正規代理店保証品】","9748","45","","2","¥ 10,980","¥ 11,252","3","B0C1YTJ9TR","B0C9GRXC7Z","26.7","26","11.4","1040"
"Headwolf タブレット 8インチ Android 16 SIMフリー - G99 24GB+128GB 120Hz アンドロイド tablet","9749","124","100","186","¥ 18,049","","1","B0GZ3FVT9Q","B0HFJC6RQF","22.6","13.8","4.7","630"
"SteelSeries ゲーミングマウス 有線 Aerox 3 Snow 超軽量 IP54規格 防水 防塵 TrueMove Coreセンサー搭載 スーパーメッシュUSB-Cケーブル付き","12699","33","","824","¥ 9,818","¥ 9,818","1","B0966VYKG3","B0C142Z46H","16.8","11.6","4.7","222"
"minotel cloud speaker 雲形スピーカー USB接続 PC/PS5/Switch対応 白色 かわいい パステルカラー 6色LEDライティング ゲーミング デスクトップスピーカー（ピュアホワイト）","9754","77","50","28","¥ 15,200","","2","B0G4KNT9ZK","B0G4KPRFMK","30.2","12.7","12.2","950"
"【整備済み品】SHARP dtab d-41A 画面サイズ：10.1インチ 画面解像度：1920x1200 詳細OS種類：Android 10 キャリア:docomo ストレージ容量：64GB メモリ容量：4GB CPU：Snapdragon 665/2GHz+1.8GHz 防水：IPX5/8 防塵：IP6X (ブラック, d-41A)","9758","47","","14","¥ 12,500","","1","B0GK2LGH4H","B0GK34D6WS","32.7","23.5","3.1","610"
"100m LANケーブル cat6 自作用 ランケーブル 企業用 工事用 単線 UTP 専用ピン付 PoE対応 青","7378","67","50","38","¥ 5,398","","1","B0CLJM94PP","","32.2","27.7","9.7","2750"
"BROTHER TN-29J / TN29J トナーカートリッジ 純正品 2本","9168","78","50","37","¥ 19,900","","21","B07DXNW54S","","35","34.6","12.3","1400"
"TP-Link スイッチングハブ 24ポート 10/100/1000Mbps 金属筐体 ラックマウント LS1024G メーカー保証5年","9764","3","","","¥ 13,900","¥ 13,900","1","B0H2D62MVW","","34.1","23.4","7.9","2020"
"be quiet! CPUクーラー PURE ROCK PRO 3 LX ブラック 空冷 BK043 PUR-RCK-PRO-3/LX/BK","9765","47","","181","¥ 8,061","¥ 8,061","11","B0DWZBNGQW","B0H31VQQ52","21.1","17.9","16.4","1400"
"Nextorage 日本メーカー UHS-I microSDカード 512GB A2 U3 V30 Swtich1対応 スイッチ1対応 M2CL","9766","102","50","379","¥ 21,580","","1","B0F8NJFXLR","B0F93R7ZM1","13.2","8.1","1.5","18"
"パナソニック(Panasonic) ローリングタップホワイト/P 50個セット WH2129WP 【純正パッケージ品】","9766","101","","277","¥ 45,455","¥ 45,455","2","B09WRB7745","B09QGWZQNS","44.8","22.5","10","1500"
"TP-Link Wi-Fi 6 ルーター wifi中継 ビジネス 無線LANルーター 商用アクセスポイント スマートホーム 【2.5Gbps WAN/LAN PoEポート搭載】 AX3000 Deco X50-PoE 2ユニット","9767","82","","158","¥ 36,800","¥ 36,800","3","B0BTSQ3RC1","B0C5KWYTFG","27.5","24.6","16.8","1890"
"Acer 24.5インチ フルHD 200Hz 0.5ms(GTG) 広視野角 VA 非光沢 sRGB 99% AMD FreeSync Premium HDR10 ブラックブースト VRB対応 ブルーライト低減 HDMI 2.0 DisplayPort v1.2 Acer Display Widget Nitro ゲーミングモニター 3年保証(パネルは1年) KG251QX3bmiipx","9770","48","50","12","¥ 14,679","¥ 14,679","2","B0FF9GHPSK","","62.1","41.3","14.4","4770"
"デスクトップPC用メモリ PC4-25600(DDR4-3200) 16GB(8GBx2枚) DIMM Hanye 1.2V CL22 288pin UD4-08GB-3200-1R8 国内正規代理店品","9773","53","","3","¥ 15,880","","1","B0DJFSBSG5","B0G2XXTRV7","16.7","5.8","1.4","60"
"TECLAST T65 タブレット 13 インチ 26GB RAM+128GB ROM、120Hz 画面リフレッシュレート·タッチペン付き","9775","94","100","285","¥ 24,899","","1","B0FHZH25NM","B0HGPYSL8X","34.5","23.5","6.7","1310"
"ジット エプソン EPSON IB09CL4B 対応 ４色セット ブラック シアン マゼンタ イエロー リサイクルインク 日本製 JIT-NEIB094PB","9403","40","","8","¥ 6,080","¥ 6,080","1","B0D41RRQYL","B0GP6D86MD","12.4","9.3","7.6","200"
"Phomemo M08F モバイルプリンター 無線サーマルプリンター Bluetoothポータブルプリンター A4 熱転写 スマホ対応 PC対応 210mm×297mm A4感熱紙対応 ビジネスと家庭に適している 黒と緑","9782","73","50","961","¥ 14,248","","1","B09ZXB6H7X","B0CMHX8R87","35","10.5","8","920"
"エプソン 純正 インクパック 約10,000ページ IP11KB ブラック 小型","6787","79","50","14","¥ 21,210","¥ 21,445","31","B0BH4V3JMG","B0H8GKX2GT","27.9","14.4","4.2","360"
"「国内正規品」Keychron K5 Max メカニカルキーボード RGBバックライト 2.4GH/Bluetooth/有線 JISレイアウト 赤軸","9797","50","","5","¥ 19,184","","1","B0G11JMYLP","B0G1BLB8NT","44.9","16.9","4.4","1190"
"Redragon ゲーミングキーボード マウスセット 有線 75% テンキーレス 静音 メカニカルタッチ キーマウ ブラック","22447","38","","24","¥ 5,790","","1","B0FPQV83ZF","B0H7RGRW3B","41.3","18.5","4.9","800"
"Victor ビクター M-DISC 長期保存 ブルーレイディスク 1回録画用 BD-R XL 100GB（520分） 10枚 インクジェットプリンタ対応 片面3層 2-4倍速 VBR520YMDP10J1","9803","94","50","32","¥ 9,990","¥ 9,990","2","B0D21R9QWD","","14.3","12.4","5.2","550"
"【整備済み品】 ノートPC Dynabook S73 13.3型 i7-10510U Office2024 カメラ付 8GB 128GB","14981","27","","","¥ 53,820","","1","B0GHXPVBJ5","B0HCBM3GD8","43","28","7","2500"
"バッファロー ルーター VR-U500X","9815","71","50","28","¥ 51,500","","8","B0CJY9FF5P","","33.7","21.5","7.1","1650"
"Canon キヤノン インクジェット複合機 MB2730 ビジネスインクジェットプリンター","9820","77","50","197","¥ 19,550","¥ 19,873","13","B01JZ8SPZO","B0FFG1C11N","54.8","47.6","46.8","15020"
"キヤノン CANON　純正品　トナーカートリッジ062　CRG-062 LBP453i LBP452 LBP451 LBP451e LBP411 対応","9342","45","50","3","¥ 32,630","","30","B0CB53W4KL","","50","32","19.5","2900"
"Alienwareワイヤレス ゲーミング マウス - AW620M シルバーホワイト 7ボタン オプティカルセンサー ポーリングレート1KHz 26000DPI(5段階) 650IPS 軽量99g 1680万色RGB 右手用","9822","27","","2","¥ 11,980","¥ 11,980","1","B0FW3NBL3T","B0FWBV3S6L","30.3","19.9","9.1","510"
"パナソニック 4倍速ブルーレイディスク(追記)25GB10枚+50GB1枚P LM-BR25LW11S","9829","54","","520","¥ 8,361","","26","B01CDZT0IC","","14.4","12.7","5.9","610"
"INNOCN 49インチ ゲーミング モニター ウルトラワイドモニター 曲面 32:9 ディスプレイ 1800r 5K 超広い 120hz、HDR400 HDMI/DP/Type-C 65W/USB/RJ45、高さ調整、 ホーン、目の保護 - 49C1R (49C1R 5K 120Hz)","9843","76","50","57","¥ 87,390","","1","B0CG9L4S3P","B0D4ZCB5G4","131","49","29","16000"
"Philips 液晶ディスプレイ 21.5型 1920×1080 フルHD ブラック 221S9A/11 5年間フル保証ディスプレイ","9851","96","100","6","¥ 9,900","","10","B0CPC17DZ9","","56","37","13","4500"
"Razer Hammerhead Pro V2 マイク付きゲーミングイヤフォン[並行輸入品]","9854","51","50","752","¥ 6,250","","3","B01DVG2RKK","","17.9","11.8","5.6","180"
"GL.iNet Comet PoE リモートKVM GL-RM1PE Tailscale対応 4Kストリーミング","9855","42","","16","¥ 16,914","","1","B0G1LVN3XB","","17.4","11.8","5.2","330"
"エンドゲームギア(Endgame Gear) ゲーミングマウス XM2 8K v2 (エックスエムツー ハチケー ブイツー) 有線 8,000Hz 52.5g PAW3950カスタムセンサー つかみ持ち ホワイトフロスト EGG-XM2-8K-V2-WF","9859","38","","43","¥ 10,880","","13","B0FL3NN3TQ","B0FMPJWLD1","19.9","12.5","5.2","181"
"TECLAST P33 タブレット 10インチ WiFi 6 2TB拡張 BT5.4 GMS 6000mAh Widevine L1 キーボード付き","9863","111","50","87","¥ 12,900","","1","B09FJS8P6Z","B0H7HBF8HV","30.6","20.5","6.4","1590"
"【国内正規品】Keychron Q0 Max QMKカスタム・テンキー、2.4 GHz/Bluetooth 5.1/有線接続、RGBライト、ホットスワップ対応Gateron Jupiterメカニカルスイッチ/フルアルミニウム/Mac Windows Linux対応 (Gateron Jupiterメカニカルバナナ軸（シェルホワイト）)","9863","40","","8","¥ 19,976","","1","B0D96ZM5CS","B0DHGC4FL9","17.3","16.8","7.9","1050"
"TOKAIZ（トカイズ） スイッチングハブ 2026年最新 10Gアップリンク 2ポート搭載 2.5G 4ポート 全6ポート 静音ファンレス 金属筐体 物理VLANスイッチ 10Gbps対応 高速NAS 4K動画編集 ゲーミング 10ギガ 2.5ギガ アンマネージド 壁掛け対応 AC電源 TSH-10G","9866","89","50","37","¥ 14,829","","3","B0GGMC5F88","","27.4","9.1","6.8","600"
"ASUS 有機EL ゲーミングモニター ROG Strix OLED XG27AQDMG (26.5インチ/2560x1440/WOLED 有機EL/240Hz/0.03ms(GTG)/99% DCI-P3/DisplayPort 1.4/HDMI/国内正規品)","10823","68","","45","¥ 68,000","¥ 68,000","3","B09TKJQHLQ","B0FFSNKH8N","67","44","23","9600"
"横トナ キヤノン用 CRG-054H 互換トナー 4色セット 大容量 残量表示 LBP621C LBP622C MF642Cdw 644Cdw 対応","9869","98","100","72","¥ 7,480","","2","B0BV9XGVRT","","32.7","19.2","18.4","2540"
"【公式限定】KAIGIO CAM360 エコ包装 | ウェブカメラ 会議室用 360度 マイク スピーカー 付き USB接続 1080p フルHD AI オートフォーカス パノラマ映像 Zoom Teams かんたん接続 ソースネクスト (本体のみ)","9874","35","","42","¥ 98,386","","1","B0BSL2QRPC","B0CQJJTHD3","34.1","19.9","17.9","1620"
"【Amazon.co.jp限定】Lenovo Legion Tab (8.8"", 5) タブレット (8.8インチ ワイド パネル Qualcomm Snapdragon® 8 Elite Gen 5プロセッサー 12GB 256GB Wi-Fiモデル) グレイシャーホワイト ZAH20128JP 【AndroidOS】","9876","85","200","26","¥ 125,400","¥ 125,400","1","B0GVS8G11H","B0F1YLDZ8Y","24.4","17.3","8.7","1340"
"XIM MATRIX アダブター Xbox Series X|S・PS5・Xbox One・PS4・PC用 キーボードマウス用接続コンバーター","9884","66","50","1518","¥ 26,580","","1","B0CCRX5NT7","","25.4","19.8","11.4","231"
"【Amazon.co.jp限定】 HP プリンター A4 インクジェット 複合機 Smart Tank 5106 Wi-Fi対応","11998","90","50","239","¥ 30,400","¥ 30,400","1","B0BXSP7NKZ","B0GHM16MMP","49.1","47.9","19.7","7080"
"【最新高位置設計】woleyi 車載タブレットホルダー カップホルダー 42cm高さ調整可能 ドリンクホルダー iPad 車用スタンド","9892","54","50","18","¥ 5,249","","1","B0GQB1BZ7Q","","21.6","16.2","7.8","530"
"ATTACK SHARK X85 PRO ゲーミングメカニカルキーボード ブルーベリースイッチ ガスケットマウント リニア 3モード接続（月夜）","9893","67","50","40","¥ 9,899","","1","B0DZ2HH1LH","B0D8TH788T","36.4","19.2","5.3","1050"
"Selore USB 3.0/2.0 デュアルHDMI & DP ドッキングステーション","9898","26","","4173","¥ 11,184","","1","B0FX48KD1V","B0H7H81PZM","24.7","13.9","6.8","530"
"HIDISC SDカード 512GB [データ復旧サービス付き] 高速 Class10 UHS-I対応 プラケース付き","9521","27","","37","¥ 13,800","","1","B0B96H3MW9","B0BDQWPNSZ","24.4","18.3","2","20"
"final (ファイナル) VR2000 for Gaming ダークオリーブ 音ゲー 格ゲー ARPG MOBA向け 3.5mmプラグ","9904","91","100","117","¥ 6,980","","3","B0CGRNXKH5","B0H467C8YR","15.7","10.3","2.5","80"
"COFO 無重力モニターアーム Pro デュアル 17〜40インチ 2.5〜14kg対応 角度/高さ調整可能 ダブルメカニカルスプリング式 デスク設置用 スチール アルミ合金製 2画面 ブラック","9904","88","50","90","¥ 32,980","","1","B0DX23SK6G","B0DX23BT7D","50.7","37.1","18.7","9440"
"LOE(ロエ) iMac 27 / iMac Pro ブルーライトカット 液晶モニター 保護パネル 据え置き型","13502","22","","181","¥ 8,990","","1","B08PBVKV74","B08PBXC12G","62","41","3.5","840"
"FIFINE キャプチャーボード Switch対応 4K パススルー 1080P 60FPS V3","9910","70","","59","¥ 6,791","","1","B0DQ4T5381","B0F7KKC6D9","14.1","11.4","4.7","200"
"マウスコンピューター モニター ディスプレイ iiyama XUB2792QSU-B6 27インチ WQHD IPS方式 100Hz 0.4ms HDMI DisplayPort USBハブ 高さ調整 角度調整 縦回転 全ケーブル付 3年保証 国内サポート","9912","62","50","72","¥ 25,980","","3","B0CLKNH45H","","68.6","45.6","16.7","7830"
"HP プリンター A4 インクジェット 複合機 Smart Tank 6005 デュアルバンドWi-Fi対応","9912","58","","94","¥ 32,550","¥ 32,550","5","B0BXSP37HT","B0GHMQCFSC","48.1","41.1","29.1","8370"
"ソニー製 ICカードリーダー/ライター 非接触 PaSoRi RC-S300 e-tax対応 確定申告 マイナンバーカード 交通系ICカード Windows/MacOS対応","9921","44","","75","¥ 6,980","","1","B0CYXXTK5F","","16","10.8","2.4","110"
"ZUGU CASE iPad Air 13インチケース M2/M3/M4 2024/2025/2026 [パイングリーン]","9921","56","","13","¥ 12,990","","10","B0D6R4RYGQ","B08YHN131B","30","29.2","2.1","630"
"Hanye 内蔵 SSD 4TB 新型PS5 PS5動作確認済み PCIe Gen4x4 M.2 NVMe 2280 最大読込:7200MB/s 最大書込み:6200MB/s 3D NAND ヒートシンク搭載 HE80-4TNLHS 国内正規品メーカー5年保証","9928","21","","68","¥ 99,980","","1","B0FD3BZLFJ","B0FD3GSJD7","14.5","9.7","1.9","80"
"Razer レイザー DeathAdder V4 Pro (White Edition) ゲーミングマウス ワイヤレス 無線 57g 8,000Hzドングル同梱 高精度の第2世代 Focus Pro 45K オプティカルセンサー 第2世代 HyperSpeed Wireless オプティカルスクロールホイール 第4世代オプティカルマウススイッチ 150時間のバッテリー駆動","9935","29","100","22","¥ 24,980","¥ 24,980","1","B0FGX8XFKG","","20.9","17.3","6.1","410"
"NZXT H6 RGB+(2026) Black ミドルタワーPCケース CC-H62FB-P1 CS9773","9939","34","","20","¥ 28,420","¥ 28,420","6","B0GQ9L7QRW","B0HFZV5QHX","53.3","52.2","38.1","11739"
"Ayoii iPad(A16) 第11世代/第10世代専用 防水ケース、11/10.9インチ IP68完全防水 防塵 耐衝撃 全面保護カバー","9942","59","50","72","¥ 5,579","","2","B0FBH1X79T","B0H2Q8JNCL","32.8","23.8","4.1","700"
"Edifier 32W G2000 RGB 小型 ゲーミング PC スピーカー 音質高 | Bluetooth/USB/AUX 有線/無線両対応","9943","80","50","122","¥ 12,750","","1","B0CQ4X5NMD","B0H1PM8D42","23.4","21.8","14.3","1890"
"【整備済み品】中古ノートパソコンVJPG11C11N 13.3インチ フル/高性能第8世代Core i5(1.6GHz) /メモリ8GB / SSD 256GB /USB/HDMI/Wi-Fi/Bluetooth/Win 11 & Office 2019搭載","9533","27","","3","¥ 21,338","","1","B0H4K2XP18","","42.9","30","13.7","1780"
"【2026新登場・超軽量】Wingame ノートパソコン 14インチ FHD液晶 (1920*1200) Win11 Pro パソコン Office 2024搭載 ノートPC 軽量1.16kg 日本語キーボード/Wi-Fi5/BT5.0/Micro SD/マウス・マウスパッド付属 ビジネス 初心者向け 8GB/512GB SSD","12000","13","","4","¥ 42,999","","1","B0H73PBG8J","B0H8BTWR2C","44","25","5","1700"
"エプソン 純正インク ＩＣＢＫ６９Ｌブラック増量 ３個","9380","48","","50","¥ 5,380","","22","B00CM6HHVU","","14.4","8.5","6.2","150"
"ASUS NVIDIA GeForce RTX 5060 Ti ビデオカード PCI Express 5.0 GDDR7 OC Edition/PRIME-RTX5060TI-O8G 国内正規代理店品","9953","71","","6","¥ 80,606","¥ 80,606","3","B0F5PS4PKP","B0FC5XMDJH","40.7","23.5","9","1500"
"【整備済み品】 Dell Latitude 3500 / 15.6インチ ノートPC/CPU:Core i5 8265U / メモリ:8GB / SSD:512GB / WXGA（1366x768）/ Webカメラ（マイク内蔵）、テンキー/HDMI、VGA/有線マウス付属","9956","80","","9","¥ 29,800","","2","B0GN631LNC","B0D6KB4ZCJ","40.7","28.5","11.7","2800"
"ELP 200FPS グローバルシャッター USB3.0カメラ 手動ズーム ウェブカメラ 1080P 120fps高速 PC Webカメラ 5-50mm可変焦点 CSマウント Webcam ライトバーン 望遠 Camera UVC USB2.0 接写cam バリフォーカル usb超望遠CAMERA Web会議用パソコンUSB監視ネットワークカメラ","9958","26","","8","¥ 19,418","","2","B0H2Z642PT","B0H4TK9DP3","13.8","9","6.9","430"
"EPOMAKER x AULA F65 65%ワイヤレスメカニカルキーボード ホットスワップ対応ガスケットカスタムゲーミングキーボード 5層パッド","9960","54","50","517","¥ 8,265","","1","B0DD3SCWHD","B0DDKHJRVW","33.5","18.6","14.3","980"
"UGREEN Revodok USB Cハブ 2HDMI拡張 10Gbpsデータ転送4K60Hz 100W急速充電 1GbpsLAN カードリーダー","9963","134","100","1010","¥ 5,618","","1","B0D1XK8H21","","19.6","11","2.5","210"
"キヤノン Canon プリンター 特大容量ギガタンク搭載 A4モノクロインクジェット GM2030 2019年モデル テレワーク向け","9965","45","","76","¥ 21,580","¥ 21,873","12","B07S9X8PMT","","53.6","49.5","24.9","8970"
"Mydual モバイルモニター 有機EL 13.3インチ OLEDパネル自発光 高輝度ディスプレイ 1920x1080P フルHD 1ms 10.7Bit 100% DCI-P3 広色域 60Hz VESA対応 軽量 薄型 スタンド付き ゲーミングモニター iPhone/PS4/PS5/XBOX/Switch/PC/Mac対応 在宅ワーク リモートワーク","9975","43","","23","¥ 17,414","","1","B0G2L4XMQY","B0HFWGWPW5","36.1","23.1","6.9","1130"
"HP 804 純正 インクカートリッジ 黒 ブラック T6N10AA 2個セット","9978","42","50","","¥ 7,980","","1","B0FLWVMM8M","","8","6","2","50"
"A4モノクロレーザープリンター RICOH SP 2300L","9983","72","50","61","¥ 9,880","¥ 11,671","13","B07HHSSL76","","56","48","35","16310"
"MCO 無線 キーボード トラックボール搭載 薄型 コンパクト ブラック Z0902","9984","44","50","10","¥ 7,963","¥ 7,963","1","B0GN8BGC3Y","B0GN85PRP8","30.4","18.4","3.6","530"
"Omikamo キーボード 折りたたみ ワイヤレス 標準JIS日本語配列 ipad キーボード Bluetooth 小型 マルチペリング 軽量","9989","7","","3","¥ 5,980","","2","B0GQYP4P2J","","28.6","15.9","2.7","390"
"【整備済み品】ノートパソコン dynabook G83 13.3型 第10世代Core i5-10210U 8GB/SSD256GB","9989","56","","77","¥ 29,240","","4","B0FD9WZDQD","B0F4X9QQ5Q","35.5","26.5","10.4","1310"
"TIKITAKA FTG T16B Tシリーズ クラシックボタンレイアウト ナイロンボタン レバーレスコントローラー 12mm超薄 SF6 アーケード格闘ゲーム用ゲームコントローラー For PS4/PS3/PC/N Switch2 製品に日本語の取扱説明書が付属している (T16B) (黒)","9990","34","","80","¥ 18,999","","1","B0D8VPQ4SC","B0F5H7C769","34.6","24.2","5.2","1090"
"HyperX Cloud III S ワイヤレスゲーミングヘッドセット 最大120時間連続プレイ ブラック 日本正規代理店品 A59YZAA","9991","86","50","1417","¥ 19,980","¥ 19,980","4","B0F6NZWPTC","","22.6","21.4","11.4","720"
"PHILIPS T8015 国内正規品 11インチタブレット Android 16 FHD Netflix HD対応 6GB/128GB 90Hz","9994","76","100","44","¥ 33,980","","3","B0H3PBHPDB","","28.8","20.1","4.4","760"
"GL.iNet Slate 7 Pro (GL-BE10000) Wi-Fi 7 トラベルルーター、6GHz、2.5G、OpenWrt","9994","8","","2","¥ 42,099","","1","B0H2XQYYCL","","20.6","15.5","7.4","700"
"JAPANNEXT 32インチ IPSパネル搭載 フルHD(1920x1080)解像度 液晶モニター JN-IPS32FHD-M HDMI VGA オーディオ入力 コアキシャル音声出力 ビデオ/音声入力 USBメモリ再生対応 リモコン同梱 【2年保証】","10003","41","","2","¥ 26,982","¥ 27,255","10","B0G41BXRYJ","","75.5","47","9.5","5180"
"NEC PC-T1055EAS LAVIE Tab T10 10.1型 4GB/64GB/WiFi プラチナ","10006","97","50","161","¥ 30,300","","18","B0BSTMXFS7","","25.9","17.5","3.9","780"
"Power Color AMD Radeon RX9070 搭載 グラフィックボード GDDR6 16GB パワーカラー 【国内正規代理店品】RX9070 16G-L/OC","10011","36","","91","¥ 106,145","¥ 106,145","4","B0CWCTSC1M","B0FDF6LX3K","41.8","21","10.2","1592"
"ブラザー プリンター A4大容量インクジェット複合機 MFC-J4950DN FAX 電話 子機1台 コピー プリント スキャン Wi-Fi 簡単設定 対応インクLC516シリーズ","12627","62","","9","¥ 49,000","¥ 50,000","19","B0FSCZR9SM","B0FX262DPD","52.5","46.2","26","10590"
"VVRUIER CFexpress Type B メモリーカード 1TB タフ仕様 連続撮影 8Kビデオサポート Z6/Z7/EOSR5/R6など多機種対応 コンパクトフラッシュ (1TB)","10017","29","","75","¥ 37,480","","1","B0BMPDS8YF","B0BMLJQ5W2","13","8","1.5","50"
"OKI 国内純正トナーカートリッジ TNR-M4G1 ブラック (T)","10020","55","50","12","¥ 13,919","","9","B01HXNOOLC","","31.8","8.8","7.7","460"
"PFU HHKB Professionalシリーズ キートップセット 英語配列 中央印字 蒲公英 PD-KB400KTLYC","22081","36","","48","¥ 8,250","","1","B0DV58CP6J","B0FZVN8RQH","37","16","5","400"
"Acer Nitro ゲーミングモニター 31.5インチ WQHD 非光沢 広視野角 IPS エルゴスタンド 240Hz 0.5ms(GTG) AMD FreeSync Premium HDR10 sRGB 99% Delta E<2 ブルーライトシールドプロ HDMI 2.0 DisplayPort v1.4 スピーカー・ヘッドフォン端子 VESAマウント対応 XV320QUXbmiiphx","10034","57","","","¥ 52,680","¥ 52,680","2","B0DW8C4NRJ","B0FJLQ2Z28","83.8","51.6","21.6","11840"
"ブラザー工業 【brother純正】ドラムユニット DR-491CL 対応型番:HL-L9310CDW、HL-L8360CDW、MFC-L9570CDW、MFC-L8610CDW 他","10035","49","50","33","¥ 19,800","¥ 19,800","24","B0719GZNQ6","","45.2","42.6","22.6","2700"
"Silicon Power 128GB Elite UHS-I microSDXCメモリーカード SDアダプター付き 3枚パック","10047","53","","425","¥ 9,280","","9","B0DMVRDD92","B0GY4VSDGK","13","12","1.1","32"
"ゲーミングヘッドセット21","10586","0","","225","¥ 5,585","","1","B0DG2KYJ3J","B0D86RL4N1","22.1","18.8","10.9","449"
"UGREEN UPS US3000 無停電電源装置 120W DC 10V","10052","112","100","733","¥ 14,880","","1","B0DDC9ZK8R","B0HBWPBQSR","20.9","13.6","3.9","580"
"Amazon Basics 6-in-1 USB-C 3.2 (10G) ハブ、USB-C 100W PD入力1個、USB-A 2個、HDMI 4K、イーサネット、ライトグレー、11.94 x 4.6 x 1.5 cm","10052","45","","484","¥ 5,847","¥ 5,847","1","B0CP58HPYH","","19.7","12.5","4.6","220"
"CORSAIR iCUE LINK QX140 RGB QX RGB シリーズ 140mm 磁気ドーム RGB ファン ホワイト【スターターキット】CO-9051008-WW","10054","46","","211","¥ 14,227","¥ 14,227","1","B0C64WB4YD","B0CH2W6H7L","29.1","15","5.3","820"
"キヤノン A3 モノクロ レーザービームプリンター Satera LBP411","10057","42","","25","¥ 59,300","¥ 59,300","20","B0C5D4JTJ1","","63.3","57.8","52","30000"
"ロジクール POP KEYS K730RO メカニカル ワイヤレス キーボード ローズ 日本語配列 メカニカルキーボード ワイヤレスキーボード bluetooth Logi Bolt Unifying非対応 windows mac chrome iPad ios Android 無線 K730 国内正規品","10070","74","","479","¥ 13,980","","4","B09JZ1C74V","B09KFZM3NF","33.9","15.4","5.4","1040"
"Acer モニターアーム シングル【17～34インチ】PCモニタースタンド 耐荷重2.2～9kg グロメット式・クランプ式もにたーあーむ 1画面","10073","52","","499","¥ 6,299","","2","B0FNZSQRWM","B0GK159YWX","43.5","19","12.1","2680"
"UGREEN トラックボールマウス Bluetooth&2.4GHz両対応 3台同時接続 7ボタン ワイヤレス 充電式","10077","43","50","81","¥ 6,384","¥ 6,384","1","B0GL6ZJDX4","","19.8","9.4","8.3","240"
"Fintie for Amazon Kindle Paperwhite 第10世代 ケース 軽量 薄型 オートスリープ機能付き Kindle Paperwhite 2018 Newモデル 第10世代 用 保護カバー (柄ｘ銀河)","11206","6","","7220","¥ 10,108","","1","B07JZ37KY3","B07KG68N5L","17.3","14.4","1.7","109"
"REALFORCE リアルフォース ラピッドトリガー キーボード 東プレ GX1 静音 45ｇ TKLサイズ 静電容量無接点方式 最速0.1mm作動 Windows 英語配列 日本製 ゲーミングキーボード 87キー X1UD11【ファイナルファンタジーXIV 推奨周辺機器】","10090","51","","50","¥ 24,750","","9","B0BVYTQVCK","B0BVYQKMYW","45","23.5","8.1","1830"
"【ノートパソコン Office搭載 Win11 Pro】15.6型 パソコン Core i3 16GB メモリ 512GB SSD ノートパソコン 1.6kg 薄型 軽量 FHD 1920×1080 日本語キーボードカバー ノートpc 高速放熱+静音 指紋認証/テンキー/バックライト/WiFi5/BT5/Webカメラ/USB3.0/HDポート 在宅勤務 テレワーク 学生向け laptop グレー","10094","11","","8","¥ 49,900","","1","B0H71396PV","B0H835GC3Z","41.8","30","9.4","2260"
"【インクのチップス】 TN-293 TN-297 4色セット + ブラック 大容量 ブラザー(brother)用 互換トナー ＜残量表示対応＞＜日本人技術者監修＞＜粒が均一なパウダー＞ 対応機種 : MFC-L3770CDW HL-L3230CDW 認証 : ISO14001 ISO9001 RoHS指令 REACH規則 STMC TN-293BK TN-297C TN-297M TN-297Y","10095","37","","14","¥ 7,410","","1","B07PJMLDSD","B0CZKNMDT7","34.2","29.8","10.6","2560"
"【整備済み品】Surface Go2 1926 ノートPC/ m3-8100Y / メモリ8GB / SSD128GB / 軽量・薄型 2in1 ノートパソコン / 10.5インチ / Windows11 / Office2019搭載 /WEBカメラ付き/サーフェス Go2","10098","36","","1","¥ 22,678","","1","B0GXXKK9XZ","B0G4VD3DFM","42.1","29","9.4","1010"
"LOE(ロエ) 【日本企画】 膝上テーブル クッション PCデスク ベッド用 テレワーク対応 軽量 1台","10101","50","50","27","¥ 9,360","","1","B0DPMMFYZQ","","63","47","11","3200"
"Macally 有線USB Cマウス MacおよびPC用 - スリムで静かで信頼性 - MacBook Pro/Air、iMac、Apple iPad、ノートパソコン、コンピューターデスクトップ、3ボタン、スクロールホイール、USBC、4DPIモード用のType Cマウス","10116","50","","2097","¥ 5,601","","4","B097QBMZJV","B07Q7GFQ1M","17.8","10.7","3.3","118"
"エプソン 純正インクパック イエロー 約5000ページ IP01YB","9428","49","","49","¥ 7,780","¥ 7,870","31","B078Y36Q32","B083HS2HD6","27.8","10.5","3.9","190"
"Android16 タブレット 11インチ Wi-Fiモデル 20GB+128GB+1TB拡張","10117","42","","99","¥ 16,722","","1","B0GWQLGXZ2","B0H956LQ94","29.3","20.4","5.7","1420"
"デスクシェルフ 2段 横幅100cm SHUWEI トレーとスマホスタンド付き スチール製天板 型番SW-ZGJ-01 ブラック","15119","69","100","42","¥ 7,984","","1","B0FT116N8P","B0GQB7N67Z","104.5","23.4","9","4620"
"磁気画面プライバシーフィルタWebカメラカバーfor MacBook Pro 13.3インチ(Mid 2016 – 2018）アンチブルーライトとアンチグレア防止「Visual Hacking」と「Cyber Hacking "" Easy On ホワイト","10124","50","","819","¥ 7,131","","1","B07DW7HBZB","B0H487GYVM","34.7","23.3","1.4","209"
"【純正品・6色パック】エ プ ソ ン インクカートリッジ カメ KAM-6CL-M 6色パック ブラックのみ増量 プリンター 印刷 (オリジナル消臭袋)","10125","52","50","23","¥ 7,480","","1","B0FKSKL1QH","","10","10","6","200"
"Lexar 128GB Professional Silver Plus Micro SDカード UHS-I C10 U3 V30 フルHD & 4K 最大205/150MB/s microSDXCメモリーカード ビデオグラファー/ゲーマー向け (LMSSIPL128G-BNANU)","10134","90","","391","¥ 9,148","","13","B0D4CDCVNY","B0GL4JRDKZ","17.5","10","1.2","41"
"IODATA スティックSSD 1TB USB-A 5Gbps R-SSSA-UT1","10136","80","","17","¥ 20,000","¥ 33,873","16","B0G4P63CPR","","12.2","9.7","1.7","10"
"LIANLI E-ATX対応ミドルタワーPCケース LANCOOL 216 RW ホワイト 160mm ARGBファン2基/140mm PWMファン1基標準搭載 NVIDIA 4000シリーズ搭載可能 E-ATX(幅280mm以下)規格対応 日本正規代理店品","13188","26","","1278","¥ 13,945","¥ 13,945","1","B0BN3TTBKM","B0H9ZJ5D9Q","62","56.8","31","13180"
"HUANUO (ファーノー) モニターアーム 27-49インチ対応 耐荷重16kg USB3.0ポート付き 大型 シングル ディスプレイアーム","10142","62","","29","¥ 6,599","","2","B0GWLTFGY4","B0H9KGF4W6","45.8","28.6","11.4","5750"
"Kailh Deep Sea ロープロファイル Choc V2 サイレントスイッチ 1353 RGB MINI リニアタクタイル カスタム DIY スイッチ メカニカルキーボードノートパソコン用 (90, Kailh Islet Switch)","10147","50","","8","¥ 6,000","","2","B0F8NN7C16","B0F8NXN8LX","8.4","6.2","6.1","110"
"純正インクカートリッジ BC-385 (ブラック) ＋ BC-386 (カラー) 2色セット 標準サイズ 適合モデル: TS6730 / TS6630","10149","62","50","5","¥ 6,480","","1","B0GW2YTM3K","","21.6","14.3","5","190"
"keepLiNK 6ポート2.5Gbpsスイッチングハブ （2.5G RJ45ポートx4、10GbE SFP+ポート x2）簡易スマート （Web 管理対応）スイッチングハブ 金属筐体 ファンレス 静音設計","10803","13","","446","¥ 7,709","","3","B0CP21RKNJ","B0HDBHX5PL","20.8","15","6.7","530"
"パナソニック 2倍速ブルーレイディスク片面2層50GB(追記)5枚+1枚 LM-BR50W6S","10154","37","","505","¥ 12,000","","19","B01CDZT6V8","","14.1","12.5","3","330"
"BenQ BSH01 モニターアーム/ブラック/45インチ以下対応/耐荷重2~20kg/VESA 100x100 75x75対応/黒","10156","68","","187","¥ 14,400","","1","B0DTC9KFKL","B0HB9PSXN7","44.2","18.4","13.9","5130"
"【純正品 2個セット】HP 804 インクカートリッジ T6N09AA T6N10AA ブラック 3色カラー 対応機種:ENVY Photo 6220/ENVY Photo 6222/ENVY Photo 7820/ENVY Photo 7822 除菌ミニシート","10161","46","","5","¥ 8,980","","1","B0G3PT7YC5","","12","11.9","4.4","100"
"【8000Hzドングル同梱】GravaStar MERCURY X AIR ワイヤレス ゲーミングマウス 無線 56g超軽量 0.125ms低遅延","10169","67","","564","¥ 16,980","","1","B0GYNSPFK6","B0HBWSNGHT","16.1","9.8","8.4","320"
"ORIGIMAGIC ゲーミングミニPC A3 、Ryzen 7 8745HS プロセッサー、32GB DDR5 + 1TB PCIe 4.0 SSD、Wi-Fi 6EおよびBluetooth 5.2、ファンとVCヒートシンクによるデュアル冷却、8K@60Hzに対応した豊富なインターフェース、Win 11 Pro搭載。ゲーマーにとって欠かせない選択肢","10170","36","","58","¥ 139,998","","1","B0GFYH9J8Z","B0H5BTG926","16.4","16.3","10.4","1280"
"Canon プリンター A4インクジェット複合機キヤノン インクジェット複合機 TS8630 WHITE 2022年モデル 6色・独立型・対応インクBCI-330/331シリーズ ホワイト","15415","45","","667","¥ 33,900","","4","B0BJCVQCK3","B0CJQQYB1M","46","43.5","20.2","7760"
"X-Raypad Aqua Control Plus AC+ Wave ゲーム用マウスパッド 超高精度マウスパッド スピードとコントロール機能","13716","15","","239","¥ 10,686","","1","B09Z22P9MQ","B0BJT7F61C","41","8","7.9","870"
"Thermaltake Smart BX1 650W 80PLUS Bronze認証取得 5年保証 PC電源ユニット PS-SPD-0650NNFABJ-4 PS1401","10346","60","","2","¥ 8,480","¥ 8,480","3","B0D9XXNFKW","B0CYYM1KHZ","25.3","20.1","9.7","1910"
"UGREEN Revodok 109 USB Cハブ 9-IN-1 【USB-A*2+USB-C*2】USB3.0ハブ 4K 60Hz HDMIハブ Type-C PD100W 急速充電 5Gbps高速転送 SD Micro SD/TFカードリーダー 付き タイプC アダプター MacBook air M1 M2 Pro Dell XPS HP などに対応","10185","43","","686","¥ 5,160","¥ 5,160","1","B0BNBJFFB2","","19.4","11.1","2.4","170"
"Fractal Design Aspect 14 RGB Black 4pinPWM 3本セット PCケースファン 14cm デイジーチェーン対応 FD-F-AS1-1407 FN1515","10186","32","","29","¥ 7,518","¥ 8,219","5","B097P8H7P6","B0B2NC19WG","21.8","14.3","8.9","550"
"ASUS ノートパソコン Vivobook S14 S5406SAL 14インチ インテル Core Ultra 5 226V メモリ 16GB SSD 512GB Windows 11 重量 1.3kg バッテリー駆動 21.5時間 Wi-Fi 7 Type-C給電対応 顔認証 有機ELパネル Copilot+PC クールシルバー S5406SAL-U5165W","10186","43","","5","¥ 149,800","¥ 149,800","3","B0GZ6GN6WJ","B0H7QW3TZL","42.7","27.6","6.4","2240"
"WayPonDEV Sipeed NanoKVM-USB IP-KVM 4K@30Hz対応 リモート管理ツール サーバー SBC用 指サイズ 超小型 遠隔操作 BIOSアクセス 配線削減 1台2役 ファイル転送 (赤（基本）)","16167","38","","2","¥ 7,667","","2","B0DX1Q9WN5","B0H6DF657G","16.1","12.6","4.4","50"
"AMD Ryzen 7 5700X without cooler 3.4GHz 8コア / 16スレッド 36MB 65W 100-100000926WOF 三年保証 ※マザーボードのBIOSを該当CPUに対応する必要があります。※ご購入前必ず商品についての使用上の注意事項をご確認ください [並行輸入品]","11888","108","100","430","¥ 34,980","","4","B0B6PC1JWR","","13.9","13.2","7.4","120"
"RTL-SDR Blog V4 R828D RTL2832U 1PPM TCXO HF Bias Tee SMA Software Defined Radio with Dipole Antenna Kit","10205","31","","1523","¥ 12,751","","3","B0CD7558GT","","22.9","18","5.6","249"
"エレコム モニターアーム ブラケット式で取り付けしやすい 支柱式 17インチ~35インチ対応 耐荷重:15kg ガス式 VESA規格対応 ブラック DPA-SS10BK","15144","55","","124","¥ 7,310","¥ 7,310","4","B0C7VQPLS1","B0CP91C4VY","56.5","33.5","11","7400"
"ALLDOCUBE Ultra Pad 13インチタブレット Snapdragon7+Gen3 1840×2880解像度 144Hz 8つスピーカー","10224","68","100","86","¥ 44,408","","1","B0FP54CJRD","B0FY3118Z2","33","22.6","5.2","1260"
"Insta360 Link 2 Pro Webカメラ 4K ウェブカメラ PTZ 1/1.3インチセンサー、低照度、AIトラッキング、HDR、マイク付き 指向性ノイズキャンセリングマイク、ストリームデッキ、会議用 Zoom Teams Twitchに対応、配信・オンラインミーティングに最適 PC/Windows/Mac用","10224","82","50","329","¥ 38,500","","2","B0G3T1QKWL","","19.5","12.5","11.2","530"
"suptek ノートパソコン VESAマウントトレイ モニターアームとスタンド用 (トレイのみ)、ノートパソコンアームマウントトレイ 75x75および100x100mm VESAマウントホールに対応。ノートパソコン、ノートパソコントレイVESA、ノートパソコンプレート(TP007)を完全に固定。","20679","19","","104","¥ 11,137","","1","B0DGQ87GJ5","B0H25Q3QJK","30.2","24.6","5.9","1179"
"Varmilo FK2 Black Leverless Arcade Controller for Fighting Games 格闘ゲーム レバーレス アーケードコントローラー ラピッドトリガー対応 日本正規代理店保証品","10229","102","50","14","¥ 16,982","¥ 16,982","5","B0G5YZGDDX","","44.4","28","7.8","2720"
"Bettdow 【2026最新型】スマート接続 マジックキーボードiPad Air 11インチ M2/M3/M4対応 軽量キーボードケース ブラック","10231","4","","8","¥ 18,800","","1","B0HDBSPG6X","","27.4","20.4","2.5","880"
"ピクセラ Xit Square (サイト スクエア) XIT-SQR100 Windows対応 【メーカー整備品】","10234","5","","","¥ 9,980","","1","B0H886N4TP","","18","12.1","4.2","200"
"Selore 13 in 1 USB C ドッキングステーション 3画面出力 hdmi 2つ出力 USB 3.1/100W 急速充電/RJ45搭載","10236","76","","1763","¥ 7,999","","1","B0CX59NVY2","B0HCNMD15P","20","6.5","1.9","160"
"Ragnok FireGrip ゲーミング ガンマウス 銃型 FPS TPS PC対応(有線/2.4G) 振動&ラピッドファイア 交換用シルバートリガー付属 FireGrip Barrel Kit 付属","10241","48","","2","¥ 12,980","¥ 12,980","1","B0GCDSX4QB","B0GCHYJYN2","25.5","21.5","8.9","460"
"JAPANNEXT 34インチ IPSパネル搭載 UWQHD(3440×1440)解像度 湾曲ウルトラワイド液晶モニター JN-IPSC34UQ2-C6 HDMI DP USB-C(最大65W給電) sRGB:100% HDR KVM アスペクト比21:9【2年保証】","10242","18","50","","¥ 40,891","¥ 40,891","6","B0H7WMX6JL","","97","45","20","8800"
"BNCF タブレット 13インチ Android 15、Unisoc T7250、8コア、20GB+256GB+1TB拡張、レザーケース付き","10247","19","","11","¥ 23,749","","1","B0H33FDHPN","","34.3","25.5","5.7","1670"
"Ewin Surface Pro 8/9/X/10/11 キーボード Bluetooth JIS日本語配列 タッチパッド+テンキー 磁気吸着","10250","70","50","24","¥ 6,880","","1","B0G1RGVKMZ","","34.2","25.2","1.7","560"
"SONY ソニー ブルーレイ BD-RE 2倍速 2層 Vシリーズ 5BNE2VLPS2 ( 5枚入 )","10251","117","50","163","¥ 8,100","","31","B01JL6KK3A","","14.3","12.3","2.7","250"
"Yodoit モバイルモニター モバイルディスプレイ 14インチ 1080P ポータブルモニター 軽量 VESA FHD Type-C/mini HDMI カバー付属 スピーカー内蔵 Switch/PS4/PS5/XBOX/PC/Macなど対応 (ブラック)","13074","37","","951","¥ 9,980","","1","B0FR8N1TQQ","B0HGT5WSS6","34.5","24.1","5.6","1520"
"WAVLINK WiFi6 屋外メッシュルーター/AP/中継器、デュアルバンド2.4G+5G AX1800M PoE付き長距離屋外WiFiメッシュエクステンダー/4x8dBiハイゲインアンテナ/IP67耐候性エンクロージャー/シグナルブースターアンプ","10260","61","50","48","¥ 17,584","","1","B0C1B6LG7C","","44.3","33.2","9.4","2510"
"Vesiri Raspberry Pi 5 Starter Kit 技適済み raspberry pi 5 kit ラズベリーパイ5 8GBボード/アクティブクーラー/PD電源アダプター/64GB カード/ABS黒色ケース/MicroHDOUTケーブル/ドライバー/カードリーダー/日語説明書 Pi 5セット ラズベリーパイ5キット(ラズベリーパイ Pi 5 8gb キット)","10263","90","50","95","¥ 43,980","","1","B0CTQRCH8H","","22.9","16.4","5.7","450"
"ASUS CPUクーラー 360mm オールインワン AIO 水冷 ASUS PRIME LC 360 ARGB 国内正規代理店品","10265","39","","31","¥ 10,891","¥ 10,891","6","B0DN5VS5Y9","","45.4","21.2","14.5","2370"
"富士通 LIFEBOOK A579 ノートパソコン 整備済 第8世代 Celeron 8GB SSD128GB Win11 Office2021","13027","36","","95","¥ 13,580","","2","B0D3YKPSS9","","40.3","30.9","9.5","2510"
"AVHzY CT-3 USB3.1テスター 電流電圧テスターチェッカー クイックバッテリー充電器検出器 DC 29V 6A Lua通訳統合 充電器 容量テスター PPSトリガー 急速充電PD/QCに適応 日本語オペレーティングシステム 日本語説明書付き CSVファイルを出力する (CT3)","11740","36","","86","¥ 8,699","","2","B076HGXWN5","B08JQNKFRV","9.4","6.8","1.9","60"
"2K Windows Hello ウェブカメラ、Windows Hello 顔認識カメラ、ノイズ低減マイク、84°広視野角、スライドプライバシーカバー","10270","87","50","104","¥ 5,399","","1","B0FSKDTVVG","B0H8Y344X1","10.4","6.9","4.7","91"
"Acer ゲーミングヘッドセット有線 OHW344遅延ゼロ・ラグフリー ゲーミングヘッドホン プロ仕様・高感度マイク 3D サラウンドサウンド 50mmドライバー 3.5mm 有線 立体音響 軽量 ヘッドホン ヘッドフォンPS5 PS4 PC Switch 2 Xbox スマホ 対応 国内正規品","10276","35","50","82","¥ 5,999","","1","B0GY3Q8LFR","B0H8XRNWQ9","20.9","18.6","10.1","480"
"Acer モニターアーム デュアル 2画面【17 24 27 32インチ】PC Monitor Arm Dual 耐荷重各2.2～9kg","10276","58","50","315","¥ 7,548","","1","B0FR4TLST6","B0GK18FBDV","44.1","27.2","11.1","4430"
"タブレット 7インチ Wi-Fi6モデル Android 32GB+1TB拡張 iPS","10286","32","","462","¥ 7,699","","1","B0H1PZ71YS","B0H4F4JVJP","27.5","15.5","3.7","530"
"【Amazon.co.jp限定】Wacom Intuos Small ベーシック TCTL-4100/K2 ワコム ペンタブレット 板タブ お絵かきソフトウェア付き 黒 Androidにも対応","10288","50","50","7","¥ 9,680","¥ 9,680","1","B0G37FQB9T","","22.6","18.7","3.6","460"
"CANON 純正品 トナーカートリッジ054 ブラック CRG-054BLK 2本セット","10292","77","50","24","¥ 12,500","","21","B08HLDY3JG","","36.4","20","11.3","1470"
"Crucial クルーシャル SSD BX500 SATA3 内蔵 2.5インチ 7mm CT240BX500SSD1 (240GB) [並行輸入品]","10294","49","","2921","¥ 9,620","","8","B07JDWLBN7","","13","9.9","1.4","60"
"AMD CPU CPU Ryzen 7 7800X3D, without Cooler 4.2GHz 8コア / 16スレッド 104MB 120W 正規代理店品 100-100000910WOF [並行輸入品]","10296","135","50","8056","¥ 59,000","","25","B0BTZB7F88","B0GY9WPLHG","13.3","13.1","9.2","265"
"KOOTION USBメモリ 64GB 5個セット USB2.0 フラッシュドライブ ト フラッシュメモリー","10297","37","","1463","¥ 5,269","","1","B0F61BHHRC","B0B2QTNM5D","14.5","8.7","1.7","60"
"TSdrena RJ45 コネクタ Cat8 100個 ロードバー付き シールド 爪折れ防止 LAN コネクター ガイド付き CAT8のケーブル適応 より線 単線 両対応 自作 LANコネクター 金メッキ LANプラグ Cat 8 RJ45コネクタタ 配線 金属シールド SPM-TLLC-8","6848","20","","1","¥ 5,880","","1","B0C2H7NYS7","B0CV55N15P","32","22","2","370"
"サンワダイレクト Type-C ドッキングステーション 2画面出力 HDMI 4K ×2・USB-A×3 PD 100W 400-HUBCP24BK","10303","40","","5","¥ 8,080","","1","B0D834SLLH","B0D82X8H6G","18","8.9","2.6","140"
"Wacom Pro Pen 3","10711","79","50","42","¥ 11,018","¥ 11,018","7","B0BGLG8SBL","","23","11.3","3","120"
"サンワサプライ ICカードリーダライター 非接触型【電子車検証/マイナンバーカード/IC免許証/FeliCaカード/税理士カード/HPKIカード(医師資格証)対応】 Windows・Mac両対応 ADR-MNICU3","10309","63","50","79","¥ 5,582","¥ 5,582","19","B0B5CSG74L","","15.2","10.4","4.2","140"
"Meatanty デュアル モニター台 4つの高さ調整可能 pc モニタースタンド 引き出し パソコン台 ディスプレイ台 USB 3.0/2.0 データ転送 机上台 スチール製 スマホ専用置き場付き Adjustable Monitor Stand 幅100cm","10317","39","","47","¥ 14,299","","1","B0CQK7J8M4","B0CQJZJY9X","106","25.6","9","4400"
"ELECROW 5インチ タッチモニター Raspberry Pi用 800×480 IPS DSI接続","10319","44","","1199","¥ 6,299","","1","B0FGHTKW8Q","B0HG115G1H","15.4","14.5","3.9","180"
"ASUS ROG Scabbard II XXL-KJP マウスパッド/大きいサイズ(900×400mm)/ほつれにくい/ゴム底/大き目/滑りにくい/ほこり対策/耐水/国内正規品","10334","102","","8","¥ 9,764","¥ 9,764","1","B0GH5GWLXP","B0GQR2Y9B5","44.2","12.1","7.9","870"
"JAPANNEXT 27インチ IPSパネル搭載 WQHD(2560×1440)解像度 液晶モニター JN-i27Q2-HSPC6","10334","4","","","¥ 26,980","¥ 26,980","5","B0HCZ99YL3","","87","44.8","16.5","7160"
"Netum 公式直営店 ドキュメントスキャナー A3対応 スキャナー 小型 1500万画素 4K解像度 スキャン 192言語OCR搭載 Webカメラ USB 書画カメラ 折りたたみスキャナー Mac/Win両対応 (ブラック)","10336","69","50","45","¥ 13,320","","2","B0FRRCLN9Z","B0FWJS9FLW","23.9","11.2","3.4","470"
"EZCast Pocket PD（60Wの給電に対応バージョン）（イージーキャストポケット パワーデリバリー）【日本語版】【技適マーク取得済み】","15823","48","50","48","¥ 13,950","¥ 19,978","3","B0CTZZ7CF2","","17.6","7.6","4.7","140"
"【Amazon.co.jp 限定】【大容量HDD：2TB(2000GB)】外付けHDD 2TB 24時間連続録画対応/テレビ録画/PC/PS4/4K対応 静音&コンパクト 3.5インチ 金属製ボディ、耐衝撃、耐摩耗、Windows/Mac/USB3.0対応、外付けハードディスク","10337","28","","3","¥ 11,699","","1","B0FPQK9J4Q","B0FPWYDRXL","17.6","11","3","900"
"エレコム USBメモリ 256GB Lightning MFI認証 [iPhone/iPad/ipod] USB3.2(Gen1) USB3.0対応 Type-C変換アダプタ付 ブラック MF-LGU3B256GBK","10338","67","","137","¥ 19,700","","9","B0BCNT31GD","B0BJQ2CDQL","13.3","8.3","2.2","40"
"CORSAIR NAUTILUS -ノーチラス- 360ラジエーター RS ARGBケースファン付き 水冷式CPUクーラー ホワイト CW-9060095-WW","10340","59","50","672","¥ 12,000","¥ 12,000","3","B0DF7G8JFP","","44.8","19.1","13.3","2368"
"Elgato USBハブ – Stream Deck +用オプション、USB-Cポート×2、USB-Aポート×2、USB PD対応ポート、SD/microSDカードリーダー、Mac/PC対応","10341","119","50","575","¥ 9,073","¥ 9,073","2","B0D7M984R2","","14.6","12.6","7.7","240"
"エレコム OAタップ 5m 3P 10個口 スイッチ マグネット付き 抜け止めプラグ ライトグレー T-Y135DA","10341","33","","","¥ 5,335","¥ 5,873","11","B0GHN2Z5WS","B0GHVW8Y5R","44.5","12","4.7","1030"
"【5年データ復旧・無償交換保証】GIGASTONE SDカード 128GB Camera Pro MAX SDXC UHS-I A2 V30 U3 C10 120 MB/s 高速 4K UHD & Full HD ビデオ Canon Nikon Sony Pentax Kodak Olympus Panasonicなど デジタルカメラ 一眼レフ対応 ミニケース1個付き","10344","48","","31","¥ 11,990","","1","B0BZS92DJB","B0GVJ2C5CW","13.7","8.7","1","18"
"ARES WING モニターアーム デュアル 17-40インチ 耐荷重2-12kg ディスプレイアーム クランプ式 クイック取付VESA ブラック","10348","65","50","41","¥ 6,590","","1","B0GCC22QGK","B0HG9JT8XV","43.8","22.4","13.9","5100"
"ProGrade Digital [CFexpress Type B/SD] USB3.2Gen2 ダブルスロットカードリーダー (PG05.5) プログレードデジタル 正規輸入品","10349","89","50","628","¥ 12,665","","1","B085H751F2","","15.9","12.2","3.3","200"
"ブラザー工業(Brother Industries) ドキュメントスキャナー MDS-940DW (モバイルスタイル/両面スキャン/無線LAN/スマホ接続)","10354","74","50","218","¥ 16,964","¥ 16,964","12","B083VZHDGZ","B08D3Y2PP4","37.6","16.2","7.8","1040"
"ブラザー TN299XL 4色セット TN-299XLBK（大容量 ブラック） TN-299C/M/Y（標準容量 シアン/マゼンタ/イエロー） 対応機種：HL-L3240CDW / MFC-L3780CDW","10364","86","50","7","¥ 34,980","","1","B0DH1X3PYM","","41","38","15","2000"
"キヤノン Canon プリンター A4 インクジェット複合機 XK130 Wトク 低ラニングコスト 自動両面 5色・独立型・対応インクXKI-N20/N21シリーズ 【2024年秋冬モデル】","10365","98","50","189","¥ 31,200","","14","B0DF7MFLM3","B0B34SQRLM","49.8","45","21.8","8570"
"ロジテック MX ANYWHERE 3S MX1800GR/PG 静音 マウス Bluetooth Logi Bolt コンパクト Smart Actions 対応 高速スクロールホイール 充電式 ワイヤレスマウス 無線 Windows Mac Chrome iPad OS Android（並行輸入品） (グラファイト)","10371","67","50","15","¥ 12,280","","1","B0DD2WLKQJ","B0DD3D8NSM","11.5","5.9","5.5","230"
"EPOMAKER HE68 Lite ホール効果マグネットゲーミングキーボード 8000Hzポーリングレート&128Kスキャンレート","10372","39","","610","¥ 6,374","","2","B0F7R5G19S","B0FQJ9F83H","37.3","18.1","5.4","860"
"colorfly LC512XL ブラザー用 互換インク LC512 LC512XL-4PK 4色セット Brother インクカートリッジ","10372","19","","3","¥ 5,925","","1","B0H2XF64YC","B0H6D8812F","20.6","17.6","4.2","310"
"キヤノン Canon インクジェットプリンター PIXUS PRO-S1 Wi-Fi 有線LAN搭載 A3ノビ対応 染料8色]","10381","63","","48","¥ 66,480","¥ 67,153","10","B08GG36SNG","B0F4JSJ7VJ","73","47","33","18140"
"ORICO 512 GB 外付けSSD 最大1050 MB/秒、2 in 1 USB C & Aケーブル付き、Type-Cスマートフォン、タブレット、ノートブック用高信頼性ストレージ - C10","10382","36","","1103","¥ 17,800","","1","B0DJSLG8HX","B0DQC7BBCL","18.9","11.2","2.6","159"
"ORICO 1TB MagSafe対応 超薄型SSD外付け アルミニウム合金 iPhone 16/15 Pro Max用4K 120Hz ProRes HDR記録・保存 マグネット式ポータブルSSD USB3.2 Gen2x2 2000MB/s高速転送 USB-Cデバイス対応 - K20MINI","10382","82","","339","¥ 33,990","","1","B0DNMTKFN7","B0FDGLYYXC","15","10.9","2.1","82"
"マタインク TN299XLbk 黒2本セット Brother 用トナー tn299xl 対応：HL-L3240CDW MFC-L3780CDW","10384","59","50","18","¥ 5,280","","5","B0FDGM7B7R","","34","12.1","11.6","890"
"エプソン 純正 インクパック 約5,000ページ IP11CB シアン","10387","52","50","10","¥ 10,646","¥ 10,773","28","B0BH4T6QR6","","27.8","10.6","3.9","180"
"CORSAIR iCUE HS80 RGB USB コルセア プレミアムゲーミングヘッドセット 24bit/96kHz USB接続ドルビーオーディオ7.1/全指向性マイク搭載 アルミ製 記憶フォームイヤーパット-ホワイト- CA-9011238-AP","10388","18","","125","¥ 12,980","¥ 12,980","1","B09W9J5TFC","B0BRZHVM2D","28.2","26.5","11.9","890"
"AMD CPU Ryzen 9 9900X W/O Cooler WOF 100-100000662WOF CP1556","10392","62","50","1685","¥ 62,859","¥ 62,859","195","B0D6NN87T8","B0HC5YNJ3K","12.7","12.4","3.7","91"
"タブレット 7インチ Wi-Fi6モデル Android 32GB+1TB拡張 iPS ケース付き","10392","12","","2","¥ 7,299","","1","B0H6FWKW55","","27.6","15.6","3.8","650"
"エレコム 法人向け 無線アクセスポイント Wi-Fi6 11ax 5GHz/1201Mbps + 2.4GHz/574Mbps 同時通信対応 Webスマート 小型筐体 ホワイト WAB-S1775","10393","48","","7","¥ 22,270","","15","B093TYQ8WW","","23","17.7","8.1","880"
"JAPANNEXT 23.8インチ モニター 4K UHD 3840x2160解像度 IPS ディスプレイ (KVM/HDMI/USB-C 給電 (65W) / DisplayPort/スピーカー内蔵/ブルーライトカット) JN-IPS2380UHDR-C65W-HSP","10397","41","","71","¥ 33,326","¥ 33,326","11","B0DFC21FWG","","61","41","16","5400"
"ASUS PRIME B760M-A WIFI D4 intel 第14・13・12世代 CPU対応 LGA1700 B760 搭載 DDR4 mATX マザーボード/国内正規代理店品","10399","71","50","96","¥ 14,469","¥ 14,469","3","B0BRMRNHPW","B0G58XLV2S","27.7","27.6","7","1490"
"MSI マザーボードA520M-A PRO 【Ryzen 5000シリーズ (AM4)対応】【初心者向け、自作コスパ人気モデル】 Micro ATX [AMD A520搭載] MB5136","10407","111","50","391","¥ 5,737","¥ 5,737","11","B08H4VLLGZ","","26.5","26.3","5.9","710"
"ソニー(SONY) 日本製 ブルーレイディスク BD-RE XL 100GB 3枚パック 書き換え対応 3BNE3VEPS2 ホワイトプリンタブル 繰り返し録画対応","16200","39","","15","¥ 10,900","","1","B0FLSQ11GR","","30","20","3","150"
"ASUS NVIDIA GeForce RTX 5090 ビデオカード OC Edition 32GB GDDR7 PCI Express 5.0 / TUF-RTX5090-O32G-GAMING 国内正規代理店品","10416","49","","5","¥ 929,585","","3","B0DXNFMZWJ","B0FZJJTS2C","42.8","26.6","10.2","3330"
"【星の翼レバー】 Qanba Q3 Obsidian Arcade Joystick StarWard Edition クァンバ Q3 オブシディアン アーケード ジョイスティック 星の翼 エディション (PC対応) ゲーム限定テーマ 背景 ネームカード キャラクター ステッカー 特典 Q3MF-SW","10417","40","","3","¥ 27,000","¥ 27,000","2","B0DTTWSMGD","B0DXP9VY7C","52.1","32.1","16.9","4030"
"[EoZ] VIVEトラッカー(Ultimate)用ストラップ 腰用","10425","32","50","10","¥ 5,500","","1","B0FHFTYTS8","","18.6","11.2","7.9","110"
"LOE(ロエ) 【日本企画】 タブレット ・ ノートパソコン アーム スタンド 1台","10431","42","","197","¥ 8,580","","1","B0CTH16VM7","B0D6VQCVJ8","44.8","24.2","17.2","3760"
"Elgato フットペダル型 Stream Deck/ハンズフリー 配信/ワンタッチ配信/Elgato 4KCU、OBS、Twitch、YouTube、Twitter、Discord、Spotify、Philips Hue対応/Windows MAC 対応","10434","93","50","1647","¥ 11,318","¥ 11,318","1","B09PRMCTGB","","32","23.3","9.1","1479"
"【純正品】インクカートリッジ PGI-1300XLBK（ブラック 大容量）＋PGI‐1300C/Y/M（シアン/イエロー/マゼンタ 標準容量）セット＋ 除菌ミニシート2枚","10434","38","50","4","¥ 7,780","","1","B0DX3RP8C6","","25.4","19.4","3.7","270"
"Elfcam® - 12m/39.36フィート ウルトラスリムCat 6A イーサネットケーブル 10Gbps 32AWG UTP OD2.8mm 500MHz、10Gb 薄型RJ45 Cat 6Aパッチコード LAN、ルーター、モデム、Xbox、ノートパソコン、サーバー用、ブルー、12メートル","16004","29","","201","¥ 5,726","","2","B0DZ6F1J9G","B0DZHDDVJX","18.3","17.7","2.1","132"
"TRASKIT Starter Kit For Raspberry Pi 5 /ラズベリーパイ5 RAM 4GB 技適マーク付——64GB ラズベリーパイ OSをプリインストー（赤・白ケース）","10445","40","","20","¥ 31,900","","1","B0CZLC1FB1","B0D78HMR5Y","15.3","12.6","9.4","590"
"エレコム PoE インジェクター ギガビット対応 最大30W供給 3年間保証 EIB-UG01-PL2","10446","62","50","28","¥ 7,399","","27","B0794L268L","","19.1","13.8","6","700"
"Freenove 7インチタッチディスプレイ for Raspberry Pi 5 4 B 3 B+ A+, 800x480ピクセルIPSモニター, 5点カパシティブタッチスクリーン, ドライバーフリーMIPI DSIポート","10449","50","","15","¥ 7,780","","1","B0FFG7259M","B0B464C2GT","21.1","14.8","5.4","399"
"ASUS AMD Ryzen 9000 & 8000 & 7000 シリーズ AM5 対応 ATX マザーボード TUF GAMING B650E-PLUS WIFI 国内正規代理店品","10452","60","100","44","¥ 24,900","¥ 26,409","13","B0FBLPNJ7X","","35.2","27.6","7.2","1900"
"Netac 内蔵SSD 256GB SATA3.0 2.5インチ 最大560MB/s 厚7mm 3年保証 N530S シルバー","10458","60","","452","¥ 6,280","","1","B07WK3BT4C","B0CM2T8H3H","12.9","9.8","1.7","60"
"【整備済み品】ノートPC LIFEBOOK A749/Win11/第8世代 Core i7/SSD128GB/メモリ8GB/Office 2019","12529","30","","","¥ 28,800","","1","B0GBV3W41F","B0DWF8K2WN","41","28","10","3000"
"ASRock マザーボード X570S PG Riptide AMD Ryzen 5000 シリーズ CPU (Soket AM4) 対応 X570 ATX マザーボード 【国内正規代理店品】","10468","62","50","93","¥ 17,980","","5","B09G8ZPNZG","","38","33","8.5","1940"
"キヤノン BC-345XL ブラック（大容量） 2158C001 純正 FINEカートリッジ 2本セット","10471","47","50","261","¥ 6,120","","12","B078MC3HFC","","11.2","8.8","5.7","130"
"GMKtec 高性能ミニPC Ryzen 7 7730U搭載 最大4.5GHz 2.5G LAN 4K 3画面 M5 Ultra 16GB+1TB","10472","48","","500","¥ 73,599","","1","B0GQGMHQ3P","B0HGQPFGWJ","19.6","18.7","10.7","1260"
"Canon用 CRG-075H CRG-075 互換トナー【大容量】4色（ BK/C/M/Y）ブラック約3,500枚 カラー約2,500枚","11341","39","","13","¥ 22,599","","1","B0G2YDTTRS","B0HC7S5QFY","32","17.5","17","2000"
"HP OmniDesk Slim 16GBメモリ(B87L2PA-AAAA)","10487","12","","32","¥ 129,800","","","B0DZ2LHB3T","B0DZ2LR873","49.8","40","20","5120"
"BENFEI 2個 USB-C-DVIアダプター、Thunderbolt 3/4（USB Type C）-DVI-Dアダプター、HD 1080P タイプc DVI 変換アダプター iPhone 15 Pro/Max, MacBook Pro/Air 2023, iPad Pro, iMac, S23, XPS 17 などに対応…","10488","13","","4162","¥ 6,062","","1","B0BG4K51LP","B0DBP3JDG7","20.2","12.4","2.2","70"
"東芝 3.5インチ 内蔵 HDD 6TB SATA 6Gbps 省電力 DT02ABA600","10490","44","50","35","¥ 28,380","","5","B0848QKW2V","","17.4","13","3.8","712"
"Nestink TCC3B 互換 トナーカートリッジ 4 色セット OKI 対応 大容量 TC-C3B","10493","25","","3","¥ 13,999","","1","B0FN751YPL","","39","29","12","2360"
"CRAZY RACCOON EARPHONE e☆イヤホン コラボモデル ゲーミングイヤホン 有線 マイク付き CRイヤホン プロゲーミングチーム監修 【e☆イヤホンオリジナル】 (1.6mモデル)","10494","38","","31","¥ 8,580","","2","B0CP8RGP6M","B0CP8XH486","16.2","9.1","2.7","70"
"Fintie ケース 12.4インチ Microsoft Surface Laptop Go 3/2/1 2023/2022/2020用","9511","42","","1047","¥ 5,740","","1","B0BX46FWSR","B0BM6458CD","28.1","20.9","1.9","222"
"ARZOPA 15.6インチ モバイルモニター ポータブルディスプレイ 非光沢IPS液晶パネル 1920x1080FHD 持ち運び 薄型 軽量 USB C/mini HDMI/スピーカー内蔵 スマホ/PC/Mac/ゲーム機など対応 在宅勤務/リモートワーク A1","10501","88","50","4395","¥ 10,880","","2","B0CH9XW8RK","B0GDWMNW1P","38.2","25.3","4.4","1370"
"Acer ゲーミングヘッドセット ワイヤレス 4WAY接続 2.4GHz USB-A/USB-C・Bluetooth6.0 50mmドライバー 最大70時間再生 低遅延20ms フリップミュート 3.5mm有線 PS5/PS4/Switch/PC/スマホ/タブレット対応 282g軽量 折りたたみ ホワイト","10502","58","100","85","¥ 7,998","","1","B0H415CX6C","","17.1","16.3","10.3","440"
"【純正品】 ブラザー インクカートリッジ 4色パック LC3111-4PK (エコパッケージモデル) 対応型番：DCP-J987N、DCP-J982N、DCP-J582N、MFC-J738DN 他 プリンター コピー機 TohokuAce","8419","60","50","11","¥ 6,300","","1","B0FVKZD4RP","","25","20","3","170"
"サンワサプライ 工事物件タップ(3P・8個口・5m) TAP-KS8N-5","9660","53","","1","¥ 5,790","¥ 5,816","17","B0CKXGV1JD","B0CLD178JZ","42.5","13.6","5.8","980"
"MSI VERSA 300 W 8K ワイヤレスゲーミングマウス ブラック MS0789","10851","66","","21","¥ 8,973","¥ 8,973","8","B0GV3NTFVF","B0GXK32KWB","18.1","11.7","5.2","168"
"【Amazon.co.jp限定】 インテル（intel） CPU 第14世代 Core i5 14400F 国内正規代理店保証1年付","10518","72","100","45","¥ 31,240","¥ 31,240","1","B0CQ3X5BV5","B0GH67MNV3","12.2","10.9","7.9","460"
"TP-Link スイッチングハブ Giga対応 10/100/1000Mbps 24ポート 金属筐体 5年保証 TL-SG1024","10524","55","","1578","¥ 15,900","¥ 15,900","2","B000RSTX9O","B0719WF8CY","53","22","8.5","2300"
"Acer 27インチ WQHD 広視野角 IPS 非光沢 エルゴスタンド 270Hz 0.5ms(GTG) AMD FreeSync Premium sRGB99% HDR10 ブラックブースト ブルーライトシールド HDMI 2.0 DisplayPort v1.4 スピーカー・ヘッドフォン端子 VESAマウント対応 Nitro ゲーミングモニター XV270UZ1bmiiprx","10526","56","","2","¥ 33,980","¥ 33,980","2","B0F4BXL854","B0FTRXTJ4Y","68","51","14.5","8700"
"ミニモニター タッチパネルモニター 7インチ HD 1280x800 Type C HDMIポート ミニポータブルモニター IPS液晶ディスプレイ PC/ノートPC/Ras Pi用 内蔵スピーカー","10530","67","50","16","¥ 7,199","","1","B0GJKZFSC2","","19.6","11.6","8.2","600"
"【日本限定】XPPen 液タブ Artist 12 3rd シルバーグレー X4チップ搭載ペン 液晶ペンタブレット 初心者 イラスト 絵描き","10534","57","50","33","¥ 30,782","","1","B0FY6DS2Z6","","37.5","24.4","8.2","2100"
"CalDigit Thunderbolt 5 Pro Braided Cable 120Gb 240W (1.0m/3.28ft) 黒 編組ケーブル","16474","41","","81","¥ 9,020","","1","B0G3CQYBJG","B0G5849L21","7.7","7.2","3.2","60"
"サンワダイレクト ドキュメントスキャナー A3対応 2400万画素 OCR対応 USB接続 スタンドスキャナー 書画カメラ 400-CAM110","10540","40","","9","¥ 38,520","","2","B0CZ6B4J5D","B0CZ6JG62P","41.8","18.5","15.5","1780"
"Soonjet MacBook Air 15インチ用ケース M5 M4 M3 M2 2026-2023 Mac ノートパソコンカバー","10555","9","","3417","¥ 7,683","","1","B0H4Z9HYRK","B0DD6W3M2M","35","25.1","2.7","331"
"10G PCIe ネットワークカード、YuanLey 10G Base-T イーサネットカード Realtek RTL8127AT コントローラー搭載、PCIe to 10Gb RJ45 イーサネットアダプター NICカード PCI Express x1/x4/x8/x16対応、WOL対応","10561","24","","456","¥ 8,729","","1","B0GX9YMPK5","B0H83PX3D6","14.6","12.8","2.7","118"
"IPEVO 書画カメラ V4K 視野角72° 800万画素 4K(UHD) USB接続 全指向性 マイク ベーシックモデル","10569","41","","3710","¥ 17,800","¥ 19,356","15","B079DLTG9F","B0DG4WGYD1","33.9","13.5","7.9","840"
"WD Blue 4TB SN5100 NVMe SSD - M.2 2280 PCIe Gen 4.0 内蔵ソリッドステートドライブ - 読み取り速度 最大6,900MB/秒 PC/ノートパソコン用アップグレードストレージ - WDS400T5B0E","10569","22","","15","¥ 73,845","","33","B0FSC839RG","B0FTXKV7DG","12.9","10.3","2.3","40"
"TP-Link スイッチングハブ 10gbps対応 8ポート 全ポート10g マルチギガ対応 ラックマウント/据え置き プラグ＆プレイ 金属筺体 設定不要 メーカー保証5年 TL-SX6008 【Amazon.co.jp限定】","10571","36","","3","¥ 38,384","¥ 38,384","1","B0GH5GNZ7S","","39.9","25.1","7.9","2580"
"TP-Link WiFi 7 無線LAN Bluetooth 5.4 PCIeアダプター 2882Mbps(6GHz) + 2882Mbps(5GHz) + 688Mbps(2.4GHz) Archer TBE400E/A","10964","68","","11","¥ 7,773","¥ 7,773","2","B0DSKYVPCL","B0DVH2NC6S","20.2","15.3","3.9","240"
"WD デスクトップHDD 26TB USB3.0 暗号化 パスワード保護 バックアップ My Book 外付けハードディスク /WDBBGB0260HBK-JESN/UE メーカー3年保証","10573","35","","32","¥ 198,000","¥ 198,000","1","B0FG22X2NZ","B0DBV9RG9D","22.8","20.5","9.1","1270"
"KCEVE HDMI 2.1 KVMスイッチ 4入力1出力 PC切替器 EDIDエミュレーション 8K@60Hz/4K@120Hz 4PC KVM切替器 USB3.0 キーボード、マウス、モニターを4PCで共有 手元スイッチ付き","10582","48","","188","¥ 11,058","","1","B0GST5RPJ5","B0GWV9HNHJ","20.4","15.3","6.6","790"
"トランセンドジャパン トランセンド ポータブルSSD 1TB 高速 最大1050 MB/s 超小型,軽量11g Type-A/Type-C 両対応 PS4/PS5 動作確認済 USB 10Gbps シルバー TS1TESD310S","10583","38","","1541","¥ 44,451","","21","B0CC7Y1C1Q","B0FT6JCKG4","12.3","7.9","1.5","40"
"【ブラザー純正】ドラムユニット　DR70J 対応型番:HL-L6310DW、MFC-L6820DW、HL-L5210DW、HL-L5210DN、MFC-L5710DW　他","10583","43","","2","¥ 23,000","¥ 23,000","27","B0CJXPZ6LD","","36.1","24.4","12.5","910"
"【Amazon.co.jp限定】 インテル（intel） CPU 第14世代 Core i7 14700 国内正規代理店保証1年付","10585","49","50","10","¥ 68,800","¥ 68,800","1","B0CQ3R6XHJ","B0GGHHR4HM","12.3","11","7.9","460"
"EW-M757TW(ホワイト) A4カラーインクジェット複合機 4.3型ワイドタッチパネル対応","10586","112","50","40","¥ 41,398","","24","B0DT45BVPK","","49.7","40.9","27.2","8440"
"GRAPHT よしもとゲーミング THE SHOOTER SPIX Edition 公式ライセンス商品 SPIX 有線 アルミハウジング ケーブルクリップ ケース付 マイク付 PS4 PS5 Switch PC スマホ 2.0m 【カラマリ＆SPIX完全監修ゲーミングイヤホン】","12812","47","","3","¥ 8,800","","2","B0FJ1ZQF9R","B0H6Q3SK4D","21.3","11.4","4.6","270"
"FMV ワイヤレスキーボード Comfort Keyboard KB800 静音(マルチOS・マルチペアリング対応/テンキー付き/USBレシーバー(Type-A)付き) FMV-KB800T_AZ","9927","17","","17","¥ 12,700","","1","B0FT87GYLF","","40.4","14.7","4.2","760"
"EPOMAKER TH33 VIA ワイヤレスメカニカルテンキー BT/2.4GHz/USB有線 ホットスワップ対応 カスタム可能 RGBバックライト","10597","64","50","66","¥ 7,000","","1","B0FXKX9YBC","","18","16.9","5.2","531"
"YUNZII C1 ワイヤレスマウス シリコン 4800 DPI 光学トラッキング 6段階調整 3モード (2.4G/USB-C/Bluetooth) 対応 カスタマイズ可能 ノートパソコン iPad MacBook用 技適認証取得 (ピンク)","10598","51","","190","¥ 5,099","","1","B0G5PLPLBG","B0GCHZJHBB","13.8","10","4.2","159"
"Realtek 4ポート ギガビット PCIe ネットワークアダプター RT8111H コントローラー 1000/100Mbps Binardat Ethernet LAN NICカード Windows/Linux/Mac用","10603","31","","45","¥ 5,999","","2","B0C4H23NMT","B0D8VF4Y9S","22","15.9","3.4","220"
"Pioneer 車載用Wi-Fiルーター DCT-WR200D 容量無制限 定額使い放題 「docomo in Car Connect」 カロッツェリア","10605","118","100","91","¥ 21,199","¥ 21,099","6","B0D46QGD25","","14.5","12.7","4.4","260"
"SSPE-USC1B USB-A&USB-C コネクター搭載 スティックSSD 1TB","10607","45","","15","¥ 24,000","","9","B0CW1Q28QV","","13.9","9.6","4.2","70"
"コントローラー BIGBIG WON Rainbow 3 静電容量式ジョイスティック 2000Hzポーリングレート 16個の微動機械ボタン 14個のカスタムRGBライト 6軸ジャイロセンサー 切り替え可能なホール効果/クイックトリガー 3.5mmオーディオ 有線/無線接続 PC/Switch2/iOS/Androidに対応 ゲームパッド","6945","59","","","¥ 9,359","","1","B0GX95BFGJ","B0HFP9QD4Z","19.7","18.4","7.9","490"
"ATTACK SHARK R6 SUPERLIGHT 39g 超軽量ゲーミングマウス 8000Hz 42000DPI PAW3950MAX FPS対応","10607","58","","80","¥ 10,099","","1","B0DJVSX4WZ","B0H8Z1R23N","17.5","10.6","7.2","270"
"Alxum USB C 切り替え器 2入力1出力 8K@30Hz 映像出力 リモコン 20Gbps データ転送 パソコン2台モニター1台切り替え対応","10610","32","50","176","¥ 5,354","","1","B0G4R9DLBJ","B0H9X97RKQ","12.7","9.9","6","230"
"Color MultiWriter PR-L4C150-17 [大容量トナーカートリッジ(マゼンタ)]","10988","58","","","¥ 14,500","","22","B09K7BK9T9","B0DBP9F859","22.1","8.6","6.2","210"
"エプソン プリンター エコタンク搭載 A3カラーインクジェット複合機 EW-M973A3T","10620","85","50","76","¥ 82,800","¥ 87,000","16","B0B5Q4JXMP","","68.9","46.2","25.5","14710"
"FMVDP43CA4 電子ペーパー QUADERNO カラーモデル クアデルノ Gen.3C A4","8732","45","","2","¥ 63,000","","19","B0FWPWZ4Q4","","33.6","24.5","5.2","710"
"Thermaltake Vision 330 CR Infinity Snow ミドルタワー型PCケース CA-11V-00M6WN-00 CS9706","10624","49","","20","¥ 11,927","¥ 11,927","5","B0GSCVTMY3","B0GT2LGXSL","55","44","37","7400"
"OMOTON GH04 タブレット スタンド スマホスタンド Magsafe対応 ベッドサイド 寝ながら タブレット アーム 卓上 ホルダー 簡単取付","10627","58","","134","¥ 5,299","","1","B0GVY8RN4Z","B0GWDKYSB2","34.4","11","6.7","790"
"ノートパソコン 17.3 インチ大画面【Office2024 搭載】 FHD1080P 16GBメモリー Windows11 日本語キーボード テンキー付き 指紋認証 Web カメラ WiFi5 BT5.0 Type-C HDMI 高速放熱 静音 薄型ノート PC","10630","15","","6","¥ 51,000","","2","B0H398KWBJ","","48","32","7","2300"
"沖データ OKI 沖電気工業 トナーカートリッジ (B432dnw) TNR-M4G1","10630","41","","21","¥ 13,918","¥ 13,918","26","B00SCDSDHY","","31.5","8.7","7.6","460"
"SIROOLAC グラスゲーミングマウスパッド 320mm×360mm FPSゲーム 特殊強化ガラス 耐久性に優れ 厚さ3mm 正確かつ迅速に対戦相手を狙い撃つことができます(320mm×360mm, ブラック)","10633","83","","588","¥ 6,200","","1","B0BNF452PR","B0BNFFH6KG","38.3","34.6","3.2","1450"
"エプソン プリンター エコタンク搭載 A3ノビ対応 カラーインクジェット複合機 EW-M5610FT コンパクト 1段カセットモデル","10635","59","50","223","¥ 67,814","¥ 69,800","11","B08BL91QHS","B0DZ24JTJL","57.4","44.8","33.6","12240"
"Timetec Premium 16GB KIT(8GBx2枚) DDR3L / DDR3 ノートPC用メモリ 1600MHz PC3L-12800 / PC3-12800 Non-ECC 1.35V / 1.5V CL11 2Rx8 SODIMM","10637","25","","1","¥ 5,680","","1","B0FZXKWZMJ","B07YPCXMF4","10","5","2","23"
"【整備済み品】 レノボ ノートパソコン Lenovo ThinkPad T480S/第8世代Core i5-8350U/Windows 11/メモリ16GB+SSD 512GB/Office 2021搭載/14型IPS液晶(1920×1080)/薄型・軽量 ノート PC/Type-C/WEBカメラ/HDMI/日本語キーボード搭載YK-PC (整備済み品)","10641","41","50","14","¥ 44,820","","2","B0F8B7W844","","43","30","11","1500"
"【整備済み品】Apple MacBook Pro M1 2020(13インチPro,16GB RAM,256GB SSD,8コアCPU/8コアGPU) スペースグレイ","10643","33","","2","¥ 88,600","","4","B0CGPJ78KJ","B096DM9MBH","38","27.6","7","1600"
"WD 内蔵SSD 2.5インチ / 500GB / WD Blue 3D / SATA3.0 / 5年保証 / WDS500G2B0A","10645","42","","65889","¥ 27,230","","6","B073SBZ8YH","B07PFX5MDX","30.5","22","7","990"
"ALLDOCUBE Kido キッズタブレット 8インチ 子供向け Google Kids Space iWawa Kids搭載 18ヶ月保証","10646","8","","13","¥ 10,999","","1","B0H7S3CJGD","B0HCT2XXTC","23.9","22.4","4.7","900"
"エンドゲームギア(Endgame Gear) XM2 8k ゲーミングマウス 有線 8000Hzポーリングレート Kailh GXスイッチ PixArt PAW3395センサー 52g ホワイト EGG-XM2-8K-WHT","16602","33","","85","¥ 7,982","","8","B0DG5ZG4HS","B0DXL54C66","18.2","12.6","5.2","180"
"サーマルプリンター Phomemo T02 スマホ対応 ミニ モバイルプリンター ミニ 感熱 3ロールシール付き セット ホワイト Type-C充電","7812","33","","269","¥ 6,269","¥ 6,269","2","B0CM6H3VSY","B0HGKS9HWQ","11.8","9.3","8.4","330"
"外付けHDD 8TB USB3.0","10655","4","","","¥ 15,999","","1","B0HCYX81PC","","1","1","1","100"
"OBSBOT MEET 2 4K Webカメラ ウェブカメラ","10664","82","50","1576","¥ 18,530","","1","B0D9W7J9SK","B0DH1TKRM4","11.1","10.5","5.2","191"
"ACEMAGIC ノートパソコンAMD Ryzen 7 H255 Radeon 780M 16GB+512GB 8C/16T最大4.9GHz","10666","14","","160","¥ 90,248","","1","B0FW55NQCB","B0GWZJF2YP","51.4","35.1","7.4","2800"
"BUFFALO Giga対応 金属筐体 電源内蔵 8ポート LSW6-GT-8NS/BK ブラック スイッチングハブ マグネット 壁掛け設置対応","10673","86","50","124","¥ 5,188","","34","B07Q1KSFFN","","30","20.3","9.5","720"
"ハナミスイ 《5個セット》使い切りタイプ膣洗浄器 インクリア (inclear) (10本入り x5個)","10688","50","50","43","¥ 10,500","","5","B00RYCP4MG","","20.3","18.1","8.2","570"
"Redragon K524 無線 ゲーミングキーボード 日本語配列 75% テンキーレス Bluetooth/2.4G/USB-C有線 技適認証取得","10692","9","","5","¥ 5,680","","1","B0H4YQRQ23","","34.8","19.2","4.7","770"
"【5年保証】GIGASTONE 64GB SDカード Camera Plus SDXC UHS-I V30 U3 C10 100MB/s メモリーカード 高速 フルHD ビデオ デジタルカメラ ミニケース1個付き","10694","17","","3309","¥ 7,980","","3","B0GSVVN291","B0H2L4BNDY","13.7","8.9","1.9","9"
"ASUS ProArt X870E-Creator WIFI AMD Ryzen 9000 シリーズ AM5 対応 X870E チップセット搭載 ATX マザーボード/国内正規代理店品","10701","46","","18","¥ 75,555","¥ 75,555","5","B0DHV65JX6","B0GZZ778M5","36.2","28.4","8.9","2590"
"BUFFALO Giga対応 金属筐体 電源内蔵 8ポート LSW6-GT-8NS/WH ホワイト スイッチングハブ マグネット 壁掛け設置対応","10714","50","","90","¥ 5,133","","34","B07NRYKLTL","","30","20.5","9.5","740"
"KEEPTIME タッチパネルモバイルモニター 14″ 1080P IPS非光沢 軽量 薄型 USB-C HDMI ノートPC/スマホ/ゲーム機対応","10720","96","100","45","¥ 11,988","","1","B0G6C2ZCHV","","37","24.9","6.7","1460"
"TERRA 2441W PV 23.8インチ 高さ調整 縦横回転 ピボット モニター フルHD IPS 144Hz HDMI/VGA 最長 5年保証 非光沢 ハードウェアブルーライトカット スピーカー内蔵 ヘッドホン端子 傾き調整 24インチ","10723","74","50","2","¥ 13,990","","1","B0H2LX5Y89","","65.5","40.7","18.4","5920"
"エレコム モニターアーム シングルアーム 17インチ~32インチ対応 耐荷重:9kg ガス式 VESA規格対応 支柱 ブラック DPA-SS07BK","11072","63","","10","¥ 10,000","","1","B0C7VMNWQJ","B0CDQ5D1GZ","40","22.1","11.7","3800"
"エプソン カラー プリンター インクジェット複合機 カラリオ EW-052A 2019年モデル","10732","56","50","7491","¥ 19,800","","9","B07VF3DSH8","","53","37.7","22.3","4940"
"「国内正規品」Keychron Q6 Ultra 8K メカニカルキーボード 2.4GHz/Bluetooth/有線 US配列 バナナ軸 ブラック","10733","40","","48","¥ 33,176","","3","B0G13JTSY9","B0GD6DCHTQ","48.3","21.1","7.6","2976"
"be quiet! CPUクーラー DARK ROCK 6 空冷 BK046 DRK-RCK-6","10737","6","","11","¥ 15,733","¥ 15,733","14","B0GXFDP6DN","B0H2KPCB4Y","23.5","20.6","14.7","1669"
"片手キーボード マウス コンバーター セット switch対応 フォートナイト用キーボード ゲーミングキーボード マウスセット Switch/switch lite/PS4/PS3/Xbox対応 RGBゲーミングキーボード ゲーミングマウス 接続アダプター","16691","29","","11","¥ 5,680","","1","B0FZV3SD32","","25.1","19.4","9.2","830"
"ZUGU CASE iPad Pro 13インチケース M4/M5 2024/2025 [サンドベージュ]","10741","67","","2958","¥ 14,990","","16","B0F14KMZS3","B0DBTW4MN5","29.5","22.7","2.1","689"
"エンドゲームギア(Endgame Gear) ゲーミングマウス XM2w 4K ブラック EGG-XM2W-4K-BLK","10742","32","","54","¥ 13,480","","12","B0DG5Z9472","B0F9KZR69T","18.8","14.3","8.5","280"
"microSD マイクロSDカード 512GB UHS-I U3 V30 書込最大130MB/s Full HD & 4K Extreme SDSQXAV-512G-GN6MN & SOLOFIS レンズクリーナー [並行輸入品]","10747","0","","1","¥ 24,500","","1","B0HFF9LH1K","B0HFFH2K4Q","10","10","10","100"
"エプソン メンテナンスボックス SC13MB SC-T3150/5150シリーズ用","10749","41","","35","¥ 5,709","¥ 5,709","23","B07GYW32X9","","15.2","11.3","7.2","168"
"ZHUOSHENG 会議用マイクスピーカー全指向性集音ラベリアマイク10本付web会議360°全方向集音ノイズキャンセリングPCオンラインテレワーク最適 USBスピーカーフォンTeams/Skype/Zoomアプリケーションのビデオプログラムに対応","10749","39","","26","¥ 21,999","","1","B0CFVBW113","B0HDXY6GJK","21","17.1","9.2","490"
"WVX ノートパソコンゲーミングAMD Ryzen 9 6900HX,メモリ16GBDDR5 SSD 512GBノートpc 16インチ","10753","32","","1","¥ 84,800","","1","B0FFGGBX9Q","B0FFGRNBF5","47.2","30.7","8.4","2680"
"TP-Link WiFi 無線LAN 子機 Wi-Fi6 AX1800 1201Mbps + 574Mbps Windows 11/10 対応 デュアルバンド MU-MIMO メーカー保証3年 Archer TX20U Plus/A","10761","29","","275","¥ 6,500","","1","B0B9WT3CJH","","20.3","15.4","4.8","180"
"GDSTIME 2 x 120mm x 38mm 2連ファン、12V ファン、キャビネットシャーシ冷却、サーバーワークステーション","10766","50","","173","¥ 5,499","","1","B0BG5GTTZC","B09CGLYS2K","32.6","13.3","6.2","870"
"ASUS TUF GAMING Z890-PLUS WIFI intel Core Ultra Processors (series 2) 対応 LGA 1851 Z890 チップセット搭載 DDR5 ATX マザーボード/国内正規代理店品","10767","57","50","41","¥ 26,500","¥ 26,500","9","B0DK4XVTZ6","","35.7","27.4","7","2120"
"Satechi 7-in-1 USB-C Pro Slimハブ マルチポートアダプター ミッドナイト","10769","88","","1041","¥ 8,721","","16","B0BV4BVSGR","B0BWDQYY5C","17.8","8.1","2.3","80"
"MINISFORUM M1-1390 ミニPC|Intel Core i9-13900HX|ベアボーンキット|HM770 チップセット","10777","23","","2","¥ 69,632","","1","B0FWQGJZ2G","B0H8CSKKM9","22.8","22.7","12.1","1840"
"【Apple mfi認証済 500GB iPhone17対応】iDiskk iPhone外付けハードドライブ 2.5インチ外部hdd フラッシュドライブメモリ【Lightning+Type-C+USB 3本ケーブル本体に付き】iPhone/iPad/Mac/PC/Androidなど対応高互換性プラグ&プレイ ワンクリック自動バックアップ携帯スペース解放 スマホストレージ拡張 容量不足解消","13735","21","","183","¥ 13,999","","1","B0GTZF6WQD","B0H3935NSJ","19.2","10.5","3.4","380"
"【Amazon.co.jp限定】RK ROYAL KLUDGE R98 Pro ゲーミングキーボード 日本語配列 フルサイズ メカニカルキーボード 有線 ボリュームノブ・ガスケットマウント・RGBバックライト・PBTキーキャップ (Cherry Profile) ホットスワップ対応 クリームリニアスイッチ ソフトウェアカスタマイズ対応 独立「ろ」キー搭載の新バージョン","10788","100","50","18","¥ 10,115","","1","B0GS4YXJBV","B0FXWQ53KW","42.3","19.1","5.3","1280"
"JAPANNEXT 23.8インチ モニター フルHD 1920x1080解像度 IPS ディスプレイ (HDMI/USB-C 給電 (65W) / DisplayPort/スピーカー内蔵/高さ調節/回転(ピボット)機能/VESA対応/ブルーライトカット) JN-IPS238FHDR-C65W-HSP","10789","62","50","10","¥ 20,682","¥ 20,891","12","B0CVRLB6T3","","60","39.7","17.4","5200"
"全4K60Hz HDMI 4K キャプチャーボード Switch 2対応 Lemorele AC09 4K＠60Hz録画対応/TV出力 パススルー機能 アルミニウム ゲーム実況生配信ライブ ビデオ会議 低遅延 画面共有 リアルタイムストリーミング Switch、PS5/PS4、Xboxに対応 macOS/Windows/Linux/Android/iPad OS17に適用 キャプ用ケーブル付属","10794","46","50","756","¥ 11,619","","1","B0FXWPJ4ZF","B0H2XXRGF2","15.5","11.1","3.7","280"
"縦/横置き Xiaomi Pad 6 / Pad 6 Pro 用 キーボード ケース","27072","12","","12","¥ 7,300","","1","B0DN1ZSMF1","B0DN1YY9DM","25","20","2","650"
"Smarza 小型モニター 7インチ IPS 液晶 178° 全視野 1024×600 HDMI VGA AV 防犯カメラ用 PCサブモニター","10795","39","","294","¥ 7,588","","1","B088ZL2R7K","","23.4","16.6","9.6","660"
"横トナ ブラザー用 TN-293 TN-297 4色セット+黒1本 互換トナーカートリッジ MFC-L3770CDW / HL-L3230CDW 対応","10798","40","","72","¥ 5,483","","2","B07KJCPK5H","B0CV7PZVX8","34.1","29.9","11.1","2550"
"ROADOM 14インチ トリプルモニター マルチモニター 全身アルミ合金製 Type-C ケーブル1本接続","13526","37","","9","¥ 79,800","","1","B0F83HDDDF","B0FDF9WHNN","41","30.3","11.1","3430"
"Appleシリコン搭載Macモデル用Touch ID搭載Magic Keyboard(テンキー付き)- 日本語(JIS)- ホワイトキー ​​​​​​​","10802","70","","29","¥ 25,800","¥ 25,800","1","B0DL79YQRH","","44.5","12.8","1.9","630"
"GKABXY iPad 11世代 (A16) ケース 2025 iPad 第11/10世代 ケース 2022 11/10.9インチ 透明バックカバー アクリル ペンシル収納可能 オートスリープ機能対応 三つ折スタンド 傷つけ防止 軽量 薄型 PU合成レザー クリア レッド","11234","26","","156","¥ 5,071","","1","B0C4DCDH7F","B0CKXQM8CM","29.4","21.8","1.8","300"
"【整備済み品】 Surface Book 2 2in1 ノートPC 13.5インチ 3K (3000x2000) Core i5-7300U 8GB 256GB SSD Win11 Pro Office 2019搭載 タッチペン対応 Webカメラ Bluetooth Wi-Fi","10805","39","","2","¥ 37,853","","1","B0H1PYBYQ8","B0GL6PKNKZ","41.7","29.2","9.5","2230"
"シャオミ(Xiaomi) タブレット Redmi Pad 2 Pro 5Gセルラー 6GB+128GB 2.5K 120Hz 大型12.1インチディスプレ Dolby Atmos対応 12000mAh 大容量バッテリー リバース充電対応 Snapdragon 7s Gen 4チップ 2TBまで拡張 Xiaomi相互接続機能対応 軽量 エンターテインメント 子供用にも 日本語版 シルバー","10812","93","","7","¥ 58,980","¥ 58,980","1","B07ZNXCK9Z","B0G1MMTD4S","29.2","19.7","4.7","1040"
"Azeyou【タブレット 8.7インチ】20GB+64GB+2TB拡張、2.0GHz高速CPU搭載 1340*800 IPS画面 Type-C充電+5000mAh電池 Androidタブレット 8.7インチ 超薄型持ち運び便利 OTG+無線投影+画面分割+児童保護、漫画や動画鑑賞最適、WidevineL1/Youtube/Netflix対応 GMS認証済み","10813","45","100","15","¥ 12,880","","1","B0FPLS57J1","B0HFVTRNK2","24.6","18.8","5.2","620"
"Cudy 10G PCIe イーサネットネットワークカード 10GBASE-T NBASE-T（WoL対応） 、, PE10G","10814","23","","84","¥ 9,015","","1","B0FB98PRCY","","21.8","14.6","3.9","240"
"Logicool 静音 ワイヤレスマウス キーボード セット MK470OW オフホワイト 薄型 USB接続 小型 ワイヤレス マウス ワイヤレスキーボード 薄型 テンキー 無線 Windows Chrome Surface MK470 国内正規品","8468","64","","111","¥ 7,582","¥ 7,582","1","B0BQQP3R76","B0BRPHLH69","45.6","15","3.5","840"
"LIANGSTAR ノートパソコン用冷却パッド ノートパソコン クーラー ゲーミング 静音ファン 5個 大きな金属プレート付き 12~17.3インチのファン安定スタンド用 4モード RGBライト 高さ7段階 速度調整 USBポート2個 携帯電話ホルダー","15303","30","","15042","¥ 5,000","","2","B0D7MB61BH","B0D97RSFLG","38.7","27.1","4.2","1030"
"Wantek USBヘッドセット マイク付き PCノートパソコン用 3.5mm/USB/Type-Cジャック 3イン1ヘッドホン ノイズキャンセリング&オーディオコントロール付き チームヘッドセット オフィス コールセンター 仕事用 モノラル用","10829","28","","304","¥ 20,287","","1","B0CB7WXLYW","B0H6V6XMPF","17.4","14.1","5.6","180"
"ブラザー工業 【brother純正】ドラムユニット DR-60J 対応型番:MFC-L6900DW、MFC-L5755DW、HL-L5200DW、HL-L5100DN 他","10832","68","50","59","¥ 14,180","¥ 15,291","39","B01FHQD0QW","B092TRSK5G","36.2","22.9","12.9","920"
"【国内正規品】Thrustmaster スラストマスター TH8A シフター アドオン - HEART HallEffect AccuRate テクノロジー搭載の高精度ギアシフター(PC、PS4、PS5、PS5 Pro、Xbox One、Xbox Series X|S 対応)","10832","113","","7990","¥ 36,800","¥ 36,800","1","B005L0Z2BQ","","33.6","25.9","15.9","2494"
"300ｍ CAT6A LANケーブル 白 (コネクター無し)PoE対応 U/FTPシールド 安心の国内ブランド品 ノイズに強い単線仕様 10GBASE-T レンズマーク付 自作用 100mリール巻きBOX ホワイト KC-12311","11164","36","","42","¥ 27,800","","1","B0FY3XBCXN","B0FY3YGBKJ","41.9","36.3","36.2","15030"
"マイクロソフト Surface Pro 12 インチ Snapdragon X Plus 16GB 512GB プラチナ EP2-27667","10836","84","","23","¥ 169,794","","7","B0F83RH5LR","B0FB3NSK7Y","29.4","20.9","3.7","1180"
"Datacolor Spyder Pro 2024年版 モニターキャリブレーション ツール カラーマネジメント SP2024PRO 【国内正規品】","10838","52","","230","¥ 47,455","¥ 47,455","7","B0DDYHHRWF","B0H8ZPG4KJ","12.3","12.2","6.7","290"
"8K KVM切替器 4PC 3モニター、ミラー/拡張モード HDMI + DPポート (8K@30Hz/4k@144Hz) USB3.0ポート KVM Switch PC4台とディスプレイ3台対応 キーボード、マウスを4PCで共有 ドライバー不要 手元スイッチ&USBケーブル付","10841","33","","141","¥ 15,999","","1","B0FVLSBBBX","B0GXKL5PR9","26.3","15.8","6.4","1040"
"エレコム スイッチングハブ ギガビット 24ポート 電源内蔵 金属筺体 EHC-G24MN2-HW","10851","32","","1","¥ 14,490","","17","B0CKYPWSJB","B0CMXG8MZZ","32.8","22.7","7.2","2200"
"70m CAT6 屋外高耐久LANケーブル(カテゴリー6) 30年の屋外耐候性PE(ポリエチレン)２重被覆 屋外用 安心の国内ブランド品 PoEカメラやPCのLAN通信ケーブルに 高速1Gbps 1000BASE-T 防水 紫外線 耐候性 フルークテスト 国内検品済み (黒) KC-12727 (70ｍ)","10853","39","","12","¥ 9,990","","1","B094YQZ359","B0C62KXWQ3","27","25","9","3260"
"ELP ウェブカメラ 200万画素 ビデオWeb会議用 CMOS OV2710センサー UVC フルHD ズームWebカメラ CSマウント5-50mm可変焦点レンズ 1080P OTG USBカメラ Mac OS/Windows/Linux/Andriodに対応 480P@100fps ウェブカム PC外付けカメラUSBFHD01M-SFV(5-50)","11471","42","","13","¥ 10,999","","1","B07R789T6N","B07R44FLQR","11.3","9.1","7.2","320"
"MoKoケース Amazon Kindle Fire HD 10 & 10 Plusタブレット(第13世代/第11世代、2023/2021年リリース)10.1インチ対応 - スリム折りたたみ式スタンドカバー 自動ウェイク/スリープ機能付き ブルー","8565","66","","605","¥ 9,940","","8","B0CRGKNXBZ","B0CDPYPY9J","25.8","20.5","2.5","259"
"Macally Mac 有線キーボード US配列 オールアルミフレーム スリム 静音性 シザー式キー テンキー付き ACEKEYA","10864","78","","2165","¥ 5,206","¥ 9,225","11","B07CV67HHJ","B07Q43QB62","44.2","17.4","3.4","630"
"TP-Link WiFi 無線LAN ルーター トラベルルーター AX1500規格1201Mbps (5GHz) + 300Mbps (2.4GHz) 【7つのモード： ルーター USBテザリング / 3G/4G USBモデム/ホットスポット/アクセスポイント/中継器/クライアントモード 】ホテル 空港 カフェ WR1502X/A","10868","71","50","92","¥ 9,509","¥ 9,509","1","B0F134BPF6","","14","12.7","7.7","400"
"XPPen 液タブ 21.5インチ 液晶タブレット 2.5k QHD 大画面 Calman認証ディスプレイ X3 Proペン 左手デバイス付き VESA対応 イラスト制作 お絵描きソフトウェア付 Android Windows macOS対応 「2年メーカー保証」 Artist Pro 22（Gen 2）","10872","51","50","35","¥ 91,115","","1","B0DRD38KS9","","67.6","48.2","17.7","9760"
"【整備済み品】ノートPC Dynabook S73 13.3型 i5-8250U Office2024 カメラ付 16GB 1TB","25245","30","","","¥ 59,800","","1","B0H1C9M2VQ","B0H6KZM78D","43","28","7","2500"
"【整備済み品】 【Win11、MS Office H＆B 2024搭載】ThinkPad T14s Gen 1 / 14型 ノートパソコン/Intel(R) Core(TM) i7-10610U CPU/メモリ:32GB / SSD:1TB / Webカメラ内蔵/解像度:1920x1080 / Type-C、HDMI/薄型、静音、高速/無線マウス付属","10874","40","","2","¥ 75,800","","1","B0H45C8J3C","B0FV1P8DSR","40.5","28.5","10.5","1800"
"Acer Predator 外付けSSD 4TB GP30 USB3.2 Gen2x2 最大読出2000MB/s RGB発光型 ポータブルSSD 4K ProRes撮影対応 アルミ合金 USB A/Cケーブル付属 Windows/Mac OS、PS5、Android、iPhone15シリーズ以降対応 金属筐体 メーカー5年保証","10874","61","","138","¥ 99,990","","2","B0FFMQVK3G","B0FP2QZ4BR","16.3","11","3.2","170"
"[業界独創な設計・360°回転] iPad Air13インチ キーボード M3 2025 M2 2024 iPad Pro 12.9 キーボードケース 第6/ 5/4/3世代対応 高精度タッチパッド付き 7色バ ックライト ipad pro キーボ ード 12.9インチ Apple pencilを充電可能 Type-C急速充電 オートスリープ機能 全面保護 多角度調整 一体型 US配列 ホワイト","10878","43","","625","¥ 6,598","","1","B0FXW5DVZF","B0DXTSLKC3","28.6","20.4","3","1200"
"Edifier MR4 42W モニタースピーカー アンプ 内蔵 PC用 音質高 | 4 インチ中低音ユニット 2.0ch PC スピーカー","10882","86","50","177","¥ 13,580","","1","B0CJTX3LTJ","","44.5","33","18.6","5650"
"Gator Cases ゲーター キャリングバッグ LCD液晶ディスプレイ用 27""～32""対応 ナイロン製 LCD Tote Series G-LCD-TOTE-MD 【国内正規品】","10884","37","","1996","¥ 18,254","¥ 18,254","3","B01CVSXMWG","B07QCN5D9F","88.3","57","14.5","4560"
"【整備済み品】 Surface Pro7+ Core i5(1135G7), 12.3 インチ 3K(2736x1824)ノートパソコン Office 搭載, 8GBメモリ SSD 256GB サーフェス Win11 パソコンノート薄型 2in1ノートPC, プラチナ","10889","59","","7","¥ 71,800","","1","B0DT4CQX97","B0G1SJ7516","40.1","29.6","10.6","1420"
"EV・PHEV・PHV用 充電ケーブル収納ボックス 電気自動車用 収納バッグ 右開き扉 電源収納ケース コンセント 充電ケーブルオーガナイザーケース 収納キャビネット 電気自動車充電器ホルダー EV 充電コード収納 メカニカルロック 冷間圧延鋼板 充電保護 盗難防止 防爆 防水防塵 屋内屋外兼用 小窓付き 2サイズ選べる (ブラック, 50*30*20cm)","17137","16","","15","¥ 13,280","","1","B0DT659W4V","B0DT684XSJ","53","33","23","3000"
"fanxiang 外付けSSD 1TB【最大読込2000MB/s】Type-C+USB 3.2 Gen2 対応 20Gbps ポータブル ssd 超小型 コンパクト スティック テレビ録画用 ゲームデータ保存 耐衝撃 アルミ 超高速 大容量 【PS4/PS5 Win/Mac Android iPhone15シリーズ対応】 FF951正規保証品 メーカー5年保証","11248","27","","51","¥ 24,590","","1","B0DDKZ4BJH","B0DZBHCXDC","12.6","8.9","3.1","120"
"TIKITAKA FTG S15B-H スプリット式 レバーレスコントローラー パンダ軸V1 黒","12540","11","","2","¥ 12,980","","1","B0DDTKMXKN","B0DDTKNQ9V","34.7","24.1","4.7","1030"
"コトヴェール ノイズ・雷サージプロテクタ SFU-005-3P","10896","32","","130","¥ 9,878","","1","B0007TXT5M","","14.1","6.7","5.9","350"
"Pixio モニターアーム スリム PS3S Wave ブラック シングル 17-32インチ VESA 耐荷重9kg ガススプリング式 黒 クランプ","10908","8","","9","¥ 14,980","","2","B0HBB3JRN8","B0HB9R5JBC","45.3","18.6","10.9","3300"
"サンワダイレクト USB延長ケーブル 20m 1個 500-USB007","10910","42","","62","¥ 6,980","","1","B003RU5B8Q","B07ZRJ4XKF","23","21.4","6.2","820"
"YUNZII RT75 PRO ワイヤレスゲーミングキーボード ラピッドトリガーキーボード ホール効果 メカニカル 磁気スイッチ Bluetooth/USB-C/2.4G接続 8KHzポーリングレート＆128Kスキャン 調整可能ノブ RGBバックライト TGL/SOCD/DKS/MT対応 (ホワイト, オウテム マグネティック レッド スイッチ)","10915","43","","222","¥ 10,632","","1","B0GYNSFR56","B0FS6NPZJ6","37.3","17.9","5.4","1520"
"UGREEN 5Gbps USB C 有線LANアダプター 安定した高速通信 Windows/macOS/Linux対応 アルミ製 コンパクト","10919","72","50","600","¥ 5,249","","1","B0DNSTHRGQ","","14.8","10","1.9","110"
"monTEK モニターアーム デュアル Pro 無重力 17〜57インチ対応 耐荷重2〜27kg ガススプリング式 アルミ合金製 ロングポール","10921","22","","2","¥ 16,999","","1","B0GL85KRM3","B0H2Y257DJ","44","32.2","15.6","9200"
"Womier ロープロファイルキーキャップ - PBT Shine Through Keycap 60 65 75 100% レトロキーボードキーキャ","17989","25","","327","¥ 8,457","","1","B0GFT6YHWW","B0D6YM5LDJ","32.6","16","2.5","277"
"タブレット 10インチ 【Android 16 Gemini AI搭載】 タブレット android 16 wi-fiモデル 24GB+128GB+1TB拡張 アンドロイド たぶれっと tablet 大画面 軽量 8コアCPU PD18W 7000mAh Type-C充電 BT5.2+5GWiFi Widevine L1対応+無線投影 顔認識+画面分割+FMラジオ","15561","34","","75","¥ 12,979","","2","B0G524PFD8","B0HFZ38SYX","30.9","19.5","2.9","810"
"サンワダイレクト キーボード iPad専用 ケース付き A16 第10/11世代 11インチ 日本語配列 タッチパッド付き 400-SKB083","10941","64","50","11","¥ 5,980","","1","B0H322RWRC","","27.8","24.6","2.9","730"
"MOFT【公式直営店】フロートフォリオケース&スタンド ipad ケース タブレットスタンド 3角度調整 ペンシルホルダー付き 超軽量 薄型","15754","9","","55","¥ 9,380","","1","B0DWF4J14D","B0FLJHTMZG","26.1","19.5","2","551"
"515941 [A4ジェルジェットプリンター RICOH SG 2300]","17165","26","","4","¥ 29,800","","8","B097Y4FD3H","","55.5","55","34.5","12800"
"UGREEN DisplayPort KVM切替器 2入力2出力 8K60Hz デュアルモニター対応 USB3.0 4ポート 付属品一式セット","13601","63","50","692","¥ 8,720","","1","B0DXF5Z23S","","23.4","17.2","5.4","840"
"バッファロー SSD-PUT1.0U3-BKC [USB3.2 ポータブルSSD 1.0TB スティック型]","10964","84","","430","¥ 25,000","","35","B099W2R7WZ","","15.6","12.6","3.7","60"
"アイ・オー・データ機器 広視野角ADSパネル フルHD対応 ワイド液晶ディスプレイ (21.5インチ)","10972","77","","42","¥ 12,280","","2","B0CTBV258D","B0D5D3H6BK","55","42.2","12.7","4200"
"Basicest USB 3.0 to HDMI グラフィック 変換 アダプター ケーブル Displaylink チップ使用 Win10対応【相性保証付き】","10978","47","50","176","¥ 7,280","","1","B015XESLTO","","14.1","9.6","2.2","70"
"TP-link TL-PoE160S | 802.3at/af ギガビット PoE インジェクター | PoE - PoEアダプター | PoE (15.4W) または PoE+ (30W) | プラグアンドプレイ | デスクトップ/壁マウント | 最大距離 330フィート | UL認証済み ブラック","10983","52","50","711","¥ 5,046","","7","B08R3ZHZ78","","22.4","17.3","8.2","560"
"Wavlink USB 3.0HDMIマルチディスプレイアダプタ 解像度2048ｘ1152Windows10/8.1/8/7/XP/MacOS X/Linux対応","10995","58","50","1185","¥ 6,299","","2","B01CSG7TUC","","18.7","10.5","2.9","130"
"WorldPlus HT03XL バッテリー HP 15-da0000 15-db0000 / Pavilion 15-cs0000 15-cu0000 15-cu1000 対応","10998","46","50","73","¥ 5,031","","1","B0CNVZGYCD","","23.9","13.4","3.3","230"
"TEWENE USBメモリ 低容量 512MB 50個セット 10色 回転式 フラッシュドライブ 業務用 USB フラッシュメモリー USB2.0 高級なスクラブ質感 ミックスグカラー","16660","43","","708","¥ 13,999","","1","B0BV9DQXT4","B0D86RHC53","14.2","13.4","8","500"
"ノートパソコン 【Office2024搭載 】16GB RAM/256GB SSD 15.6インチ 1080P FHD スクリーンWindows11 Home対応 ノートPC 薄型軽量,Intel 6500Yプロセッサー 最高3.4GHz 2.4G/5G Hz WiFi対応 ブルートゥース、HDポート、Webカメラ、日本語キーボード 勉強 作業向け laptop","11004","35","","5","¥ 34,999","","1","B0GC52L95H","","41.7","33.3","6.6","2200"
"【整備済み品】DELL Latitude 5320 ノートパソコン 13.3型 FHD タッチパネル 第11世代 Core i7-1185G7 メモリ16GB SSD512GB Windows 11 Pro MS Office 2021 Webカメラ Wi-Fi Bluetooth USB Type-C 日本語キーボード","16814","14","","","¥ 69,800","","1","B0G69SWM6H","B0GJ3GGQLX","38.7","33.9","7.3","2356"
"ASUS NVIDIA GeForce RTX 5080 ビデオカード 16GB GDDR7 PCI Express 5.0 / PRIME-RTX5080-O16G 国内正規代理店品","11015","66","100","10","¥ 283,000","¥ 290,707","6","B0DTYJQQD2","B0G2VKP8Z4","41.1","23.7","9.1","1940"
"【OWC直営】OWC Thunderbolt Hub（サンダーボルト ハブ）Thunderbolt 4 ×3 / USB-A ×1 / 40Gbpsデータ速度 / 独立型デイジーチェーン ×3 / 4K-8K接続 / 最大2台の8K接続 / Thunderbolt 認定取得 / 最大60W給電","11015","51","","797","¥ 24,200","","120","B09CTHJ8T3","B0GGZ6GTDP","23.2","14.7","7.4","1010"
"APC 無停電電源装置 UPS 500VA/360W SMT500J E ラインインタラクティブ給電 正弦波","11026","47","50","63","¥ 33,480","","3","B00OFR6EPO","","49.8","29.8","28.8","12640"
"WD ポータブルHDD 4TB USB3.0 ブルー My Passport 暗号化 パスワード保護 外付けハードディスク / メーカー3年保証 WDBPKJ0040BBL-WESN 国内正規代理店品","11027","31","","9795","¥ 32,800","¥ 32,800","5","B07VP5WG78","B0H6DPXYYK","14.3","10.4","4.2","240"
"【8 スピーカー＋DTS サウンド】BNCF CinePad 13 タブレット 13インチ Android 16、13.4"" AG 低反射柔光屏","11031","82","50","34","¥ 26,599","","1","B0GYRRTB9N","","37.4","24.5","4.9","1630"
"Soonjet MacBook Pro 14インチ用ケース M5 M4 M3 M2 M1 2026-2021 ノートパソコンカバー","11038","19","","1692","¥ 7,735","","1","B0FDBCZZNK","B0CJ8XSMWT","31.9","22.9","3","299"
"TECLAST T65 Android16 タブレット 13インチ 120Hz 大画面 2K IPSディスプレイ 128GB ROM+2TB TF拡張","11048","60","50","172","¥ 26,505","","1","B09FJRZ111","B0H7WZMXNK","34.3","23.7","6.4","1300"
"CANON　純正品　トナー カートリッジ067H 大容量 ブラック 2本セット　CRG-067HBLK MF656Cdw / MF654Cdw 対応","8728","56","50","4","¥ 19,930","","13","B0BN9KL76K","","36.4","20.5","11.2","1550"
"SLYDA iPad 10.2インチ (第9世代 第8世代 第7世代) 3モデル対応 マルチアングル スタンド ケース 肩掛け 首掛け ショルダー Apple Pencil 収納可 名刺入れ付 ビジネス 学校 by 幡ヶ谷カバン","11342","63","","119","¥ 5,190","","1","B0BBLMSRVN","B0D5BD179D","26.7","24.5","5.4","580"
"APC 無停電電源装置 UPS 550VA/330W BR550S-JP ラインインタラクティブ給電 長寿命バッテリー 正弦波","11049","43","","95","¥ 22,800","","16","B01N4KWF6Y","","44.4","26.3","14.1","7820"
"BUFFALO リンクステーション対応 交換用HDD 3.0TB OP-HD3.0T/LS","11403","45","","90","¥ 32,000","¥ 42,200","7","B00712XO1M","B00PGPJQCW","22.4","15.2","9.4","880"
"ラシー LaCie ポータブルHDD ハードディスク 2TB Rugged Mini USB3.0 Mac/iPad/Windows対応 [ 耐落下性 耐衝撃性 耐雨性 ] 外付けHDD 国内正規代理店品 2年保証 LAC9000298","11054","59","","16942","¥ 32,082","","13","B00IRV005E","B0C2XMF8CM","28.4","22.5","2.1","290"
"【整備済み品】中古ノートパソコン G83 13.3インチ フルHD/Core i5-1135G7(2.4GHz)/メモリ8GB/SSD 256GB/HDMI/SDカードリーダー/Wi-Fi/Bluetooth 5.0/Win 11 & Office 2021 搭載","11059","88","100","27","¥ 30,295","","1","B0GY2RR7P4","B0H2XVDZ8H","43.2","29.8","13.5","1660"
"Hynix SK HYNIX 8GB 1RX8 DDR4 SO-DIMM PC4-21300 2666MHZ メモリーモジュール HMA81GS6JJR8N-VK","11062","38","","343","¥ 7,380","","44","B088PYSHWS","","15.2","10.6","7.7","200"
"サンワダイレクト モニターアーム ポール取付 34インチ対応 【高耐荷重15kg】 水平3関節アーム 角度調整/回転 細支柱用 100-LA053","11064","50","","106","¥ 6,730","","1","B07KLZKYKY","B07KLYPL2S","39.6","14.2","14","2260"
"電子ノート タブレット 13インチ 【AG液晶 紙のような書き心地 目に優しい 手書き デジタルノート 電子メモ】Android16 28GB(6+22GB拡張)+128GB+2TB拡張 90Hz T7255 8コア タブレット 大画面 Gemini AI 12000mAh&PD18W 急速充電、4GLTE Google Play対応 軽量 読書 イラスト 勉強 会議 白黒モード カラーモード","11516","36","50","15","¥ 32,860","","2","B0H2MP639Z","B0HGBJGWNV","39.8","24.6","3.6","1290"
"ORICO TF30 microSDカード 128GB 最大100MB/s U3 V30 ドラレコ 防犯カメラ対応 SDアダプター付き","11067","11","","16","¥ 6,150","","1","B0GS1Q662K","B0H2M15QJH","15.7","12.9","2.1","40"
"CANON 純正品 トナー カートリッジ069 ブラック CRG-069BLK","11068","40","50","5","¥ 7,836","¥ 7,836","31","B0BWHYS91W","","36.2","12.2","9.5","630"
"HOU iPad Air 11インチ・第5/4世代、iPad Pro 11インチ（第1/2/3/4世代）対応キーボードケース","11069","28","","99","¥ 15,599","","1","B0CJR71M1R","B0CPF2KC9M","29.3","20.8","3","880"
"Lexar SSD PCIe Gen4x4 M.2 NVMe 2280 ヒートシンク搭載 PS5動作確認済み R:7400MB/s W:6500MB/s NM790 高耐久3D NAND 国内正規品 メーカー5年保証 4TB","11071","16","","32","¥ 84,800","","3","B0CDLLYL66","","16.2","10.5","1.7","90"
"MoKo iPad 10 ケース iPad 10.9 第10世代 2022 バックケース iPad 2022 第10世代 10.9インチ(A2696/A2757/A2777/A3162) ペンシルホルダー付き 背面PCケース TPUインナー 軽量 薄型 傷防止 スタンド機能 落下防止 衝撃吸収 NavyBlue","11077","43","","2067","¥ 5,915","","1","B0BMZ8MSN7","B0DKN4CKYZ","28","21.2","2","470"
"HIDISC microSDカード 256GB SD変換アダプタ付き 重要データ 保存 データ転送 バックアップ 写真 動画 CLASS10 UHS-1対応[M便1/2]","11083","59","50","7","¥ 5,200","","11","B07K5VD52P","","12.1","7.8","1.2","10"
"パナソニック 録画用2倍速ブルーレイ片面2層50GB(追記型)10枚 LM-BR50P10","11095","45","","1233","¥ 18,500","","15","B00R0WQC3U","","17.8","16.6","6.2","560"
"【インク革命】 brother用 TN-299XLBK 互換トナー ブラック 大容量 ブラザー トナー 299 シリーズ 純正と併用可 ICチップ付き 残量検知対応 【日本企業】 対応機種：HL-L3240CDW / MFC-L3780CDW","39936","5","","","¥ 4,640","","1","B0CZNYW7SX","B0CZP66FTM","33.5","10","6.5","440"
"【整備済み品】Apple iPad Pro 12.9インチ (第３世代) Wi-Fi 1TB シルバー","24640","29","","32","¥ 142,160","","1","B095739NRT","B0G4NHSWF1","33.6","26.5","7.2","870"
"サンワサプライ 屋外用防水カテゴリ6A LANケーブル(ブラック・50m) KB-T6AWP-50BK","11097","43","","18","¥ 23,980","","16","B0BKZPR63B","B0BMDGD5BS","30","27.9","9.4","2370"
"エレコム ゲーミングキーボード 有線 メカ二カル 全キーロールオーバー 日本語配列 テンキーレス 5000万回高耐久スイッチ採用 タクタイル 茶軸 ブラック TK-GK20TBK","11099","80","50","166","¥ 5,390","¥ 5,390","32","B0C5H1SP8P","B0CL935ZRR","39.1","19.1","4.4","1250"
"xieoery HDMI 2.1 4K 120Hz HDR EDIDエミュレータ、8ビットディープカラーダミープラグ、1600ニットのピーク輝度、デフォルト3840×2160@60Hz、最大120Hzの仮想ディスプレイ ヘッドレス用","11107","29","","1","¥ 5,600","","1","B0GJFG6JVM","B0GMB89WV7","15.8","11.5","1.7","50"
"Fargo TAPKING 電源タップ 延長コード USB 4.8A Type-C Type-A 回転式 12個口 1.8m ダークウッド","11110","42","","326","¥ 6,312","","1","B0D4939VGN","B0D5QV6QW3","36.4","9.2","5.9","650"
"アイリスオーヤマ モニター 大型ディスプレイ 50インチ 4K 壁掛け可能 リモコン付き HDMI×3 RCA端子×1 S/PDIF OUT×1 3年保証 スピーカー内蔵 DO-DU504S-B ブラック","11111","59","","2","¥ 61,925","","4","B0DVY8TC3C","B0FRF6CMV1","123","78","14.5","14960"
"NZXT C850 Gold v2 Black 850W ATX3.1対応 80PLUS Gold 認証 PC電源ユニット PA-8G2BB-JP PS1464","11119","53","","12","¥ 20,236","¥ 20,236","5","B0DDS7Z4BQ","B0DDSHPR47","32.8","21.7","12.4","3630"
"intel 第14世代 CPU Core i7-14700KF (アンロック版・GPU機能なし) 20コア/28スレッド 最大周波数 5.6GHz LGA1700 日本国内正規品 BX8071514700KF","11126","34","50","776","¥ 63,018","","15","B0CGJC178L","","12.3","10.7","4.7","90"
"Pulsar Gaming Gears X2 v3 ワイヤレス ゲーミングマウス 超軽量 52グラム 左右対称 2.4Ghz 1ms 32000 DPI Optical swhich XS-1 Flagship Sensor 国内正規品","11133","38","","59","¥ 14,960","¥ 14,960","1","B0DHRYVQM7","B0CZ8XLVRP","20.2","12.1","7.2","330"
"Pramieタッチスクリーン12.3インチ 1920x1280 100％ sRGB IPSパネル3:2 自立型 OTG対応 持ち運び","11135","65","50","24","¥ 10,399","","1","B0GFW6QQF7","B0H3ZJHJLL","31.9","24.6","5.7","1110"
"【Amazon.co.jp限定】 ASUS ゲーミングノートPC TUF Gaming A16 FA607NUQ 16インチ GeForce RTX 4050 AMD Ryzen 7 170 メモリ 16GB SSD 512GB リフレッシュレート144Hz イルミネートキーボード Windows 11 バッテリー駆動 11.8時間 動画編集 メカグレー FA607NUQ-R7R16512","11138","21","","2","¥ 189,800","¥ 189,800","1","B0H19S6123","B0H7RMVLCR","42.8","31.2","10.2","3710"
"StarTech.com USB 2.0 アクティブ延長ケーブル 5m Type-A(オス) - Type-A(メス) USB2.0 リピータケーブル USB2AAEXT5M","11139","11","","88","¥ 6,345","","14","B00K7YI7W2","B07PFW8YZQ","22.7","21.3","5.9","470"
"Fenge デスクシェルフ モニター台 卓上 4点セット ヘッドホンスタンド スマホ置き タブレットスタンド108cm 高級 (ホワイト&オーク)","11142","13","","2","¥ 11,041","","1","B0GFC6PL3B","B0H8WHNC2H","116","28.5","8","9200"
"WD_BLACK 1TB SN8100 NVMe 内蔵ゲーミングSSD ソリッドステートドライブ - Gen 5 PCIe 5.0x4 M.2 2280 最大14,900MB/秒 - WDS100T1X0M","11143","57","","1036","¥ 44,780","","49","B0F3BMBQ75","B0F7LCHKPN","12.6","10.3","2.4","40"
"【純正品セット】キャノン BC-345 + BC-346（ブラック＋カラーインク）PIXUSインクカートリッジセット [ 対応機種 PIXUS TS3330、TS3130S、TS3130、TS203、TR4530 ]","11146","42","50","7","¥ 5,980","","1","B0FRM5KNXD","","14.5","9.2","5.6","130"
"SUPCASE iPad 第11世代 11インチ A16 2025 用 ケース iPad10 10.9インチ 2022 第10世代 ケース 全面保護","11146","6","","34601","¥ 11,207","","3","B0BMKTQ65Y","B07SZ2N39S","26.3","20.6","1.9","420"
"j5create USB-A 3.0 to HDMI ディスプレイアダプター スリムタイプ 高耐久アルミ筐体 1080p QWXGA(2048×1152) 60Hz対応 Windows/Mac OS両対応 ドライバ付属 複製拡張モード対応 USBバスパワー駆動 会議 プレゼン テレワーク 在宅勤務 外部モニター接続 安心2年保証 国内サポートノートPC デスクトップPC JUA355-EJ","11147","24","","47","¥ 5,710","","1","B085VLC7VF","","17.6","13.1","1.4","50"
"Samsung 9100 PRO ヒートシンクモデル 2TB PCIe 5.0(最大転送速度 14,700MB/秒) NVMe M.2 MZ-VAP2T0C-IT/EC 国内正規保証品","11148","36","","10","¥ 109,071","¥ 109,071","1","B0F2DFCRVF","B0GPVHQK3L","16.4","9.9","2.4","70"
"LG gram Pro 17 インテル® Core™ Ultra 7 355 32GB/1TB Copilot+ PC 17Z90U-GU88J","11167","50","","45","¥ 309,800","¥ 309,800","1","B0GR4G6M4F","B0H73RKK95","50.2","30.6","6.1","2140"
"タイプライター型 レトロ メカニカルキーボード Bluetooth5.0 LEDバックライト 83キー防衝突 青軸 防水防塵 IOS/Android/Windows/VISTA/LINUX/Mac対応 オフィス/ゲーミング用 ブラック ホワイトバックライト","11775","54","","29","¥ 9,299","","1","B0GY3VP88H","B0FWBWY9YC","38.3","20.4","7.9","990"
"アイリスオーヤマ モニターアーム PC モニター アーム ディスプレイアーム 液晶ディスプレイ 耐荷重 8kg 8.0kg DA-5065 ブラック 幅約11.5×奥行約53.5×高さ約83(cm)","11175","59","","345","¥ 5,027","¥ 5,027","29","B08PYN97C6","B0BZ8M5ZDQ","41.4","17.5","10.7","3850"
"キングストン Kingston FURY デスクトップPC用メモリ DDR4 3200MT/秒 32GB×1枚 Kingston FURY Beast ビースト CL16 KF432C16BB/32 製品寿命期間保証","11177","21","","613","¥ 45,915","","109","B097K3STJG","B0BJ7KWZ41","14.4","5.4","1.3","50"
"Pulsar Gaming Gears eSports仕様 ゲーミングマウスパッド XLSQサイズ eS Jupiter Pro Xsoft 国内正規品 50cm × 50cm × 4mm (XLSQ, Onyx Black)","11178","40","","1","¥ 6,980","¥ 6,980","1","B0G195686W","B0GL21KMGB","55.9","54.6","1.5","680"
"【2026全新モデル】USB to DisplayPort 変換アダプタ ドライバー内蔵 USB 3.0 (オス) - DisplayPort (メス)ディスプレイアダプタ 5Gbps高速伝送 1080P対応 音声同時出力 ディスプレイアダプタ Windows 7/8/10 /11/Mac OS対応 安定出力 コンパクト 使用簡単 日本語取説付き","20192","0","","32","¥ 5,998","","1","B0HD6TWQRS","B0GWGS5JQN","15","12","1.6","50"
"JAPANNEXT 31.5インチ 液晶モニター JN-V3152UHDR-HSP-G","11190","34","","4","¥ 38,682","¥ 42,980","7","B0FG2HWMT4","B0FK9MN2SZ","79","50.5","19.5","7890"
"【純正品 2個セット】 キヤノン インクカートリッジ BC-360/BC-361 (ブラック/3色カラー) 2個セット 対応機種：PIXUS TS5330","11191","112","100","45","¥ 5,275","","7","B0DP89ZP6R","","15.3","10.1","6.3","130"
"Logitech 静音 ワイヤレス トラックボール マウス ERGO M575SP Bluetooth Logi Bolt 無線 Windows Mac iPad OS Chrome トラックボールマウス ブラック M575 M575S ロジテック [海外パッケージ品]","11201","109","50","432","¥ 6,160","","4","B0DJ1QD7SL","","15","10.5","5.1","220"
"【純正品・6色】 インク カートリッジ カメ KAM-6CL-M 6色パック ブラックのみ増量 対応機種：EP-881A、EP-882A、EP-883A、EP-884A、EP-885A、EP-886A","11201","33","","7","¥ 6,480","","1","B0GJ4XPWGQ","","10.1","10.1","6.1","210"
"バッファロー 外付けSSD 4TB USB3.2 Gen2 Type‐C 最大読出速度1050MB/秒 ブルー SSD-PHP4.0U3LA/N","11203","12","","58","¥ 318,800","","1","B0BLNMMRG8","B0HC23T18S","15.6","12.5","3.7","150"
"USB C 磁気アダプタ 2 パック、24 ピン磁気 USB C アダプタ PD 140W 充電付き 90 度 Type-C アダプタ 40Gbps 8K 60Hz ビデオ USB4 Thunderbolt 3/4 iPhone 15/15 Plus/Pro Max、MacBook Pro/Air Phone およびその他の Type C デバイス用","11206","78","","186","¥ 6,109","","2","B0C4X4K4MY","B0DG4SCZSN","10.2","8","3.2","35"
"【整備済み品】NECデスクトップパソコンMate MB-7第10世代デスクトップCore i5-10400 4.3GHz 4K画質","11208","40","","10","¥ 55,480","","1","B0FBWX7P85","B0HCZBQGRZ","44","42","15","5000"
"MMOMENT DDR4 8GB 3200Mhz SODIMM ノートPC用メモリ (CL22/1.2V/260ピン)","11209","63","","4","¥ 10,999","","1","B0GWLFYM22","B0965P771T","14.3","6.5","1.7","20"
"ヤマハ ギガ アクセス VoIP ルーター NVR510","11213","74","50","221","¥ 64,800","","17","B01K44PN6C","","34.3","31.5","8.5","1320"
"ASUS TUF-GAMING-650B-EVO ブロンズ 650W PC電源 国内正規代理店品","11214","37","","","¥ 8,582","¥ 8,582","1","B0GXCT1RDN","","28.6","18.5","12.8","2090"
"Suevery 34インチ ゲーミングモニター ホワイト 3440x1440 165Hz","11221","64","50","135","¥ 26,999","","1","B0FNC6RJJ5","B0HBW7VDP4","86.9","43","13.4","6460"
"【2026新版】ACEMAGIC ノートパソコン AMD Ryzen 7 5825U 16GB+512GB 8C16T 最大4.5GHz","11222","18","","124","¥ 76,998","","2","B0H5VVMD9X","B0HDB6WP8K","51.2","32","7.2","2480"
"Tufuha TN299XL 4本セット ブラザー用 TN299 トナー mfc-l3780cdw hl-l3240cdw トナー","11224","3","","2","¥ 16,567","","1","B0GYXZZFP8","","34.3","24.9","12.2","1740"
"[sushoori] 新登場!真空圧縮可能!リュック バックパック ビジネスリュック リュックサック 大容量 60L 防水 拡張 ロック付 盗難防止 17インチ PCバッグ メンズ 通勤 出張 旅行 黒","11227","37","","15","¥ 11,999","","1","B0GC9RVTF3","B0GJXH1KW6","47.9","39","8.9","1330"
"トランセンドジャパン トランセンド CFカード 1GB (133X TYPE I )【データ復旧ソフト無償提供】TS1GCF133","11229","48","","6933","¥ 8,220","¥ 8,220","28","B000ZO0GBO","B0D49X59K5","12.8","10","1.1","18"
"【ブラザー純正】トナーカートリッジ　TN299XXLY 対応型番:HL-L3240CDW、MFC-L3780CDW　他","11236","74","50","8","¥ 19,180","¥ 19,309","34","B0CJXPY6XR","B0D7ZFHN7Y","39.2","15.7","10.9","670"
"ASUS ノートパソコン Vivobook 16 X1607CA 16インチ インテル Core Ultra 5 225H メモリ 16GB SSD 512GB MS Office 2024搭載 Windows 11 バッテリー駆動 9.3時間 重量 1.88kg Wi-Fi 6 Type-C給電対応 顔認証 Copilotキー搭載 クワイエットブルー X1607CA-U5165BUS","11236","33","","6","¥ 169,800","¥ 169,800","1","B0F2S4F9RC","B0FH6TF2C9","48.9","31.7","6.4","3010"
"CORSAIR iCUE LINK TITAN 360ラジエーター RX ARGBケースファン付き LCDスクリーン付 水冷式CPUクーラー ブラック CW-9061023-WW","11240","47","50","803","¥ 22,773","¥ 22,773","7","B0DF7CZ9D8","","44.7","19.4","13.9","2700"
"日本製線 10Gギガビット伝送対応 Cat6A U/UTP LANケーブル 100m巻(白色) 4P NSGDT6-10G-WARP(WH)(100)","11245","37","","52","¥ 17,380","","1","B08VDDJF6N","B08X2P4CVM","36.8","36.6","12","4900"
"Dellデュアルモニターアーム MDA20、フルモーション。","11250","19","","40","¥ 38,880","","3","B086RMFY3V","B0HC2WXJG6","46","35","20","9760"
"Fenge モニター台 卓上 パソコン台 デスクシェルフ 組み合わせ自由 2 段 木製天板 幅 111cm ディスプレイ台 多機能収納 ホワイト","11254","53","","15","¥ 7,048","","1","B0FSCG2MF6","B0GMQ3QN3Q","73.5","35","16","9400"
"【整備済み品】Lenovo ノートPC L13 13.3型 フルHD i5-10310U カメラ付 Office 2024 16GB 256GB","14254","6","","","¥ 37,800","","1","B0HCTNYCZ6","B0HCZ2F8Q5","43","28","7","2500"
"【Amazon.co.jp限定】Crucial(クルーシャル) X9 外付け SSD 4TB USB3.2/Type-C Gen2対応 最大読込速度1050MB/秒 正規代理店保証品 Mylio Offer付属モデル CT4000X9SSD902","11266","54","","7913","¥ 95,500","","3","B0CGVZL1M1","B0DKNC4YKG","13.8","9.7","1.7","60"
"LG 有機EL ゲーミング モニター 32GX850A-B 31.5インチ/4K@165Hz/0.03ms/HDR TB400/HDMI 2.1","11267","138","50","102","¥ 113,500","¥ 126,093","5","B0FRF5Z9WX","B0H73Y32ZT","97.3","54.4","18.3","12540"
"ASUS ROG Keycap Mystery Box Edition 20 / ROG20周年記念キーキャップ","11273","0","","","¥ 27,757","¥ 27,757","1","B0HG9GKFJK","","15.4","10.3","7.7","161"
"ORICO M.2 SSD 外付けケース 40Gbps 工具不要 USB4 NVMe M.2 SSDケース ファン内蔵のアルミニウム合金Thunderbolt 4 SSD ケース2230 2242 2260 2280(Mキーのみ)対応、USB4/3.2/3.0/2.0対応 - ACOM2U4","11277","42","","539","¥ 6,856","","1","B0CNT229MS","B0GWM4MGPW","18.5","10.8","2.6","220"
"NiPoGi mini pc AMD Ryzen 5 7430U 6C/12T 4.30GHz 16GB RAM+512GB SSD Type-C","11284","98","","486","¥ 59,998","","2","B0G4VSXWFB","B0H7X1JMVP","16.4","16.2","11.4","1300"
"Wantek ワイヤレスヘッドセット Bluetooth 5.2 音量調節/単一指向性ノイズキャンセリングマイク/USB2.4Gドングル PC用 無線 オンイヤーヘッドセットハンズフリー通話 46時間の通話時間 収納袋付き 急速充電 低遅延 軽量 PC·Mac·スマホ·Chrome対応 Web会議/テレワーク/オンライン授業・学習/在宅勤務/ゲーム","10098","47","","422","¥ 6,209","","1","B0DF7CVQYV","B0HDT249GJ","20.7","16.3","6.2","340"
"【整備済み品】Dynabook ノートパソコン office搭載,15.6インチ 高性能 パソコン Core i7-8650U 16GB 512GB SSD,中古 ノートpc Windows 11 DVDドライブ搭載，業務用 在宅ワーク 学生向 laptop 日本語キーボード搭載","11289","46","50","6","¥ 48,420","","1","B0GXFMC8WF","","43.7","32.2","10","2760"
"Apple 13インチiPad Pro(M4)用Smart Folio - ブラック ​​​​​​​","11293","77","","52","¥ 19,400","¥ 19,400","1","B0D3J849XZ","B0DSBXSS73","31","22.4","1.7","600"
"USB3.0 ハブ 4ポート、5Gbps 超高速ハブデスクトップ/コンピュータ/パソコン/デスクエッジ用 丈夫な調節可能なフック&ループ付き コンパクト省スペースマウント可能なUSBハブ 固定ネジ付き 高速転送","11296","9","","918","¥ 5,183","","1","B08LV1Z5C5","B0HDSCQMDC","21.1","14.2","2.7","82"
"ASUS INTEL H610チップセット搭載 PRIME MicroATXマザーボード・DDR4モデル/ PRIME H610M-R D4 国内正規代理店品","11300","56","","28","¥ 6,779","¥ 6,779","1","B0DQ3W482P","","24.7","23","5.3","760"
"JAPANNEXT 10.1インチ IPSパネル搭載 10点マルチタッチ対応 ワイドHD(1540×720)解像度 モバイルモニター JN-MD-IPST101WHD miniHDMI USB-C 自立式キックスタンド搭載 フェルトケース同梱 【2年保証】","11301","42","50","7","¥ 19,982","¥ 19,982","8","B0GX5KHPQV","","29.7","17.9","6.7","940"
"EPOMAKER AULA WIN60 HE 60% 有線磁気キーボード 調整可能な作動点 8000Hzポーリングレート ホール効果スイッチ","11306","41","","1071","¥ 5,325","","1","B0DSFPVSHT","B0DT98FL83","34.8","17.1","5.4","971"
"【整備済み品】ノートパソコン 東芝 G83 13.3型 軽量 Windows 11 & MS Office 2019 搭載 ノートPC 第8世代 Core™ i5-8250U/メモリ：8GB/SSD：256GB/WEBカメラ/WIFI/Bluetooth/HDMI/type-C","11309","60","","110","¥ 21,200","","3","B0DGLNBHBY","B0DGLNFV9K","35.6","26.3","10.1","1330"
"【日本限定】 HUION Kamvas 12 豪華版 液タブ 液晶タブレット 11.6インチ 充電不要ペンPW517 専用スタンド付き","11312","51","50","968","¥ 23,999","","1","B08R55RF8N","","42.6","23.6","7.5","2590"
"【整備済み品】ノートパソコン MS Office 2024&Win11pro搭載 Let's note CF-SZ6 12.1インチ(FHD1920*1200) 超軽量ノートpc/第7世代 Core i5＠2.4GHz/メモリ4GB/高速ストレージ SSD/WEBカメラ/WIFI/HDMI/VGA/ (メモリ：8GB／SSD：128GB) 初期化済み","11314","34","","4","¥ 17,999","","1","B0GGRCR5KB","B0BJ1HDY5J","28.5","20.5","2.5","1500"
"エレコム ゲーミングキーボード V-custom VK200C 有線 テンキーレス 65%サイズ メカニカル ネオクラッチキーキャップ 青軸 クリッキー USBポート搭載 TK-VK200CBK","11316","35","","30","¥ 7,200","","2","B0BB6CRTN6","B0CB36ZY8K","34.9","17.7","4.6","950"
"ロジクール KX850MSG MX MECHANICAL MINI for Mac ミニマリスト ワイヤレス メカニカル パフォーマンス キーボード US配列 茶軸 タクタイル テンキーレス 静かな打鍵感 Logi Bolt bluetooth USB-C-C 充電式 薄型 無線 メカニカルキーボード mac iPad iOS ワイヤレスキーボード KX850 スペースグレー 国内正規品","11317","47","","109","¥ 13,109","¥ 13,109","2","B0BG4ZW7VM","B0BH529TSB","34.2","15.7","5.5","900"
"12.3インチ セカンダリモニター、IPS ストレッチバー LCD トラベルディスプレイ 1920*720 HDMI USB-C、ミニモバイルモニター 金属素材 ノートパソコン用 Windows Aida64 GPU CPU RAM モニタリング、内蔵スピーカー","11320","47","50","28","¥ 12,999","","1","B0FPXGQ9LL","","35.8","16.6","7.7","990"
"【New】キヤノン Canon ラージフォーマット プリンター imagePROGRAF TC-21M （A4フラットベットスキャナー搭載 大判 プリンター A1ノビ 対応 コンパクト デスクトップ モデル ）拡大 コピー機能 学習用教材 CAD ポスター A1 プラス 対応","11889","29","","2","¥ 118,418","¥ 118,418","13","B0F2QT21XT","B0F47M2LJ8","112","72","40","43400"
"TP-Link WiFi ワイヤレス アダプター 無線LAN Wi-Fi6 PCI-Express Bluetooth 2402 + 574Mbps Archer TX3000E","11325","57","","1114","¥ 6,036","¥ 6,036","10","B07Y4Z89MR","","27.2","21.8","5","480"
"【2025年モデル】【Amazon.co.jp限定】Poly 有線ヘッドセット Blackwire 3210 (国内正規品) USB-C & USB-A ノイズキャンセリング マイク付き 軽量 【2年間メーカー保証】 windows mac Chrome Web会議用 イヤホン マイク (旧 Plantronics プラントロニクス Polycom ポリコム HP-Poly) 片耳 9P7X7AA","11711","47","50","297","¥ 7,150","¥ 7,150","1","B0CPP47ZP6","B0FYWLP98P","21.2","18.6","5.8","180"
"Fractal Design North Charcoal Black 木材使用 ATX PCケース FD-C-NOR1C-01 CS8439","11334","70","","72","¥ 23,491","¥ 23,491","7","B0BPBYJTRX","B0CJ797MSF","57","55.5","33","9640"
"Guermok HDMI キャプチャーボード USB3.0 4K60FPS・2K120FPS録画 L字USB-C 3.3ft 低遅延 配信用","11335","67","","491","¥ 5,952","","1","B0FHK33TQK","B0GWRBDDM3","17.1","10.5","2","50"
"MS308 2.5Gマルチギガ 8ポート アンマネージスイッチ","11342","44","","3","¥ 19,930","¥ 47,967","15","B0DMZSVNG1","B0F74R5DYS","20.7","16.6","8.9","780"
"【Android16 キッズタブレット】P10 Kid 10.1インチ 子供用タブレット Android16 90Hz IPS液晶 7000mAh大容量バッテリー 32GB RAM+64GB ROM+2TB TF拡張 WiFiモデル 防藍光フィルム付属 シリコンケース+タッチペン付き キッズ向け学習アプリ対応 日本語対応 ギフト 入学祝い 誕生日プレゼントに最適","11349","6","","3","¥ 13,800","","1","B0GYXPBJZX","B0H7GCT9LR","30.7","21.8","4.9","1100"
"【整備済み品】 マイクロソフト Surface Go タイプ カバー 純正キーボード 日本語キーボード ブラック KCM-00043 [ブラック/2020年] モデル番号1840","11362","45","50","10","¥ 8,800","","2","B0DLWBZDC8","","25.4","20","5","350"
"【7735HS/7640HSより高速】GEEKOM A6 Ryzen 7 6800搭載Radeon 680M・4画面8K・USB4/eGPU対応","11363","72","50","135","¥ 94,900","","1","B0GRZWT1NW","B0HFWM72FT","20","18.9","12.2","1360"
"SAIJI ベッドテーブル ベッド デスク ラップデスク 折りたたみ机 ミニ机「安定性強化版」ローテーブル ベッド机 ノートPCパソコン机 ちゃぶ台 角度 高さ調整 引き出し付き 40kg荷重 脱着不要 表面PVC加工 軽量 勉強 子供食事 K7-M (ブラック,60*32cm)","11385","73","50","11166","¥ 5,099","","1","B0871V5JSZ","B09C7MSP8V","65.8","38.6","8.8","2720"
"HDMI ビデオキャプチャー ボード 4K@30Hz HDMIパススルー、プラグアンドプレイ、OBS、YouTube、TikTok、Mac、Windows用のキャプチャカード","11386","53","","80","¥ 8,136","","2","B0F8NGT34S","B0DYJTCC9F","14.1","12.5","3.4","168"
"TP-Link WiFi6 アクセスポイント AX1800 11ax 法人向け シーリング Omadaメッシュ PoE+ 対応 超スリム設計 EAP610","13978","80","","104","¥ 18,470","","8","B09WHTLDCP","","24.7","23.1","6.7","840"
"Moxalc ノートパソコン Windows 11 Pro MS Office 2024 搭載 学習用 オンライン授業 テレワーク 在宅勤務 軽量","11388","59","","48","¥ 35,900","","1","B0GZTZWZ4Y","B0HCNX7M89","41.9","32.1","7.7","1890"
"【国内正規品】Keychron JISレイアウト用 Double Shot PBT OSAキーキャップ・フルセット (Gray and Light Blue)","11394","60","","70","¥ 5,192","","2","B0DMDT4M4Q","B0DMDJ52KL","30.4","22.3","3.5","550"
"Uexlsz TN299XL 4色 セット TN299 Brother 用 tn299xl HL-L3240CDW MFC-L3780CDW トナー","11409","45","","44","¥ 8,284","","4","B0DHGRW5RT","","34.3","19","12.2","1540"
"iOCHOW 書画カメラ webカメラ 手元カメラ ウェブカメラ 500万画素 1080P USB接続 マイク内蔵 LEDライト付き","11411","21","50","4","¥ 6,299","","1","B0H7S15HK3","","29.4","8.2","3.7","380"
"VETESA ミニpc 【第14世代 6500Y 2026年 初登場｜8GB 128GB M.2 SSD】 Windows11 Pro Office2024搭載 mini pc WIFI5 BT5.1 小型PC ミニパソコン 2画面出力 超軽量 高性能 みにpc 省エネ 超小型 デスクトップpc 企業用/業務用/在宅用に最適","11426","28","","","¥ 34,800","","1","B0GZYNNTYB","B0GXXLWSQY","13.5","13.5","9.5","750"
"mouse 【 RX 9070 XT (16GB) 搭載 / 3年メーカー保証 】 ゲーミングPC デスクトップPC G TUNE DG (Core Ultra 7 プロセッサー 265 32GB メモリ 1TB SSD Windows 11 無線LAN 水冷CPUクーラー ゲーム 動画編集) DGI7A7XB83SJW116AZ","11427","44","","","¥ 488,375","¥ 488,375","1","B0GMP7QGM7","B0FCFQNX2R","57.7","48.2","34.1","14020"
"BOOX Go 7電子書籍リーダー 7インチ 白黒 64GB 300ppi Android 13 フロントライト BT WiFi (ブラック)","11431","100","50","19","¥ 39,800","","1","B0FPL3M2CP","B0FRRSVHSR","16.6","15","3.2","400"
"Lexar Play PRO MicroSD Expressカードリーダー USB 3.2 Gen 2 読み取り最大900MB/秒 Express","11432","42","","31","¥ 10,880","","9","B0F8L3Q1PY","B0H4HRSRCX","15","11.4","2.4","113"
"電源USBハブ with SD TF Card Reader","11437","42","","446","¥ 13,335","","10","B0CF9XGL3V","B0H45XR7J2","24.9","12.8","6.9","775"
"DOOGEE T20mini｜Android 13 タブレット 8.4インチ｜SIMフリー｜RAM 9GB (4GB+最大5GB拡張)+128GB ROM｜Unisoc T606 オクタコア / 薄型7.4mm・軽量316g｜5060mAh バッテリー｜Widevine L1 /13MP+5MPカメラ / 多衛星GPS/FMラジオ/イヤホンジャック搭載/ブラック / PC8578","11441","29","","8","¥ 8,677","¥ 8,677","1","B0CWVPX64V","","23.1","15","5.6","630"
"EoZ VIVEトラッカー(Ultimate)用ストラップ 足用 左右1組","11446","29","50","18","¥ 5,500","","1","B0DM3FPPQJ","","19.8","15.5","4.5","110"
"FOXNEO 2.5gbps スイッチングハブ 6ポート（4x2.5G RJ45と2x10G SFP+）搭載 個人や家庭向けのスイッチングハブ 静音ファンレス設計 デスクトップや壁掛け設置可能 金属筐体 プラグアンドプレイ アンマネージド スイッチングハブ","11462","89","50","168","¥ 5,380","","1","B0CWVHNZVJ","","20.3","10.2","6.9","410"
"TP-Link 2.5ギガビットPoEインジェクターアダプター。","11463","33","","102","¥ 5,611","¥ 6,200","7","B0C4SN1YJG","","23.1","17.1","8.2","550"
"iftiny micro:bit basic (マイクロビット ベーシック) 【V2.21】【マニュアル付】公認正規販売代理店の基本キット OPIF-EM0001","11464","19","50","76","¥ 5,940","","1","B09364FXR3","","15.2","9.8","5","140"
"OYAIDE オヤイデ電気 SCI-04 | Thunderbolt3 互換 USB4 ケーブル USB Type-C (0.7m)","17548","41","","14","¥ 9,240","","2","B0DG5GQ1MC","B0DKTC72X2","21.5","15.3","2.1","120"
"【2026全進化・3年保証】GEEKOM A7 AMD Ryzen 5 7545U ミニ PC（7640HS/i5-12600Hより速い）","11466","60","","527","¥ 109,900","","1","B0GZZFWC7B","B0GX9PRSJ4","19.5","19.5","12.6","1370"
"キヤノン CRG-337 トナーカートリッジ337","11468","98","50","295","¥ 8,699","","34","B00N5DH692","","37","12.3","11.3","830"
"Selore&S-Global USB Cハブ HDMIアダプター MacBook Pro/Air用 7イン1 USBCドングル HDMI","13923","2","","820","¥ 5,998","","1","B0DRP8BBKN","B0H7SLD1FL","20.9","4.3","1.4","59"
"30m Veetop LANケーブル フラット CAT8 二重シールド 企業用 工業用 防水 屋外 難燃性 耐候性 有線らんけーぶる 鍍金コネクタ RJ45 爪折れ防止 超高速 40Gbps 2000MHz 26AWG パソコン ルーター PS4 PS5 Xbox one等に対応 (30M, ホワイト)","11664","35","","169","¥ 5,999","","1","B08NSVLJ44","B09LQGCHYV","26.4","25","6.5","1250"
"Nextorage 日本メーカー SDカードデュアルスロットカードリーダー USB 10Gbps ライトプロテクトスイッチ搭載 DF1CL","16706","50","","48","¥ 7,180","","1","B0DLX1VB3F","B0G5JW5K4J","12.6","10.1","2.1","80"
"【リチャージWiFi】バッテリーレス 日本製 10GB 365日ギガ付 ポケット WiFi 車載 月額 0円【MD1-10GB/365日】","11477","36","","27","¥ 10,980","","1","B0DB8HGR1P","B0GV3QM4BB","15","13.7","3.4","220"
"Sandisk 1TB Extreme Fit USB-Cフラッシュドライブ - 最大400MB/sの読み取り速度、USB 3.2 Gen 1、USB Type-C - プラグアンドステイストレージ - ブラック - SDCZ530-1T00-G46","11917","41","","473","¥ 31,500","","27","B0FS87P1J7","B0FX3DXDMQ","21.1","17.7","1.3","40"
"ESR iPad Air 13インチ ケース (M4/M3/M2、2026/2025/2024)専用 取外し可能なマグネットカバー付き回転式ケース 縦向き/横向きスタンド 9段階の角度調節可能 Pencil Pro/USB-C完全対応 Shiftシリーズ パープル","11480","53","","1378","¥ 9,199","","1","B0CRHK9V22","B0FBR1MDWZ","31.2","24.9","2.4","739"
"ZUGU CASE iPad Pro 11インチケース M4/M5 2024/2025 [ノヴァ]","11483","49","","1864","¥ 12,990","","45","B0GH9531W9","B0DBSYJPRD","26.3","19.1","2","508"
"【Wacom Cintiq 専用】互換 液タブスタンド ワコム 軽い 13.3～32インチ ぐらつかない 角度調節可能 液晶ペンタブレット スタンド VESA規格 CTQ3201 (13.3～32インチ（ホワイト）)","16365","25","","","¥ 5,480","","1","B0G4CS3G9Z","B0G4CW7P8K","32","22","8","650"
"Dell 液晶ディスプレイ P3425WE 34.1型/3440×1440/HDMI、DisplayPort、USB-C/ブラック/スピーカー：なし","13169","22","","1","¥ 84,156","¥ 92,502","9","B0F4P63B84","","95","46.5","22.5","14361"
"DAREU COOL60 半透明デザイン 0.01mm ラピッドトリガー対応 ゲーミングキーボード 有線8000hzポーリングレート 磁気スイッチ ホットスワップ SOCD対応 テンキーレス 60%英語配列 ピンク 可愛い【1年間メーカー保証】","11490","55","","166","¥ 7,565","","1","B0FGJ192WH","B0FQ4XCL4M","33.1","14.5","4.7","650"
"ブラザー工業 A4モノクロレーザー複合機 MFC-L5710DW (FAX/無線・有線LAN/ADF/両面印刷)","11491","55","","25","¥ 58,500","¥ 58,500","3","B0CHVRRJ1G","B0D9NDX1BM","58","55","49.5","20120"
"WAVLINK WiFi6 屋外アクセス ポイント、デュアル バンド 2.4G+5G AX3000 長距離屋外 WiFi メッシュ エクステンダー、PoE/4x8dBi 高利得アンテナ/IP67 耐候性エンクロージャ/信号ブースター アンプ付き","11495","83","50","49","¥ 21,600","","2","B0D1436H77","","45.2","33.3","9.4","2430"
"TEAMGROUP (旧称 Team) T-FORCE DELTA RGB DDR5 6000MHz 32GB (16GBx2枚) CL38 PC5-48000 デスクトップ用 メモリ ブラック Intel XMP3.0 / AMD EXPO 両対応【TEAMジャパン 国内正規品・メーカー無期限保証】FF3D532G6000HC38ADC01","11499","66","","85","¥ 76,880","","1","B09MCJX157","B0GQ82ZVK2","15.9","11.5","1.7","120"
"ソニー(SONY) XQDメモリーカード 64GB QD-G64F 書き込み速度400MB/s / 読み出し速度440MB/s","11500","42","","442","¥ 21,000","","7","B081JFGPTM","B09DCXMFCL","12.6","10","1.2","20"
"iPad(A16と第10世代)用Magic Keyboard Folio - 日本語","11505","60","50","101","¥ 46,800","¥ 46,800","1","B0BJN7ZJF6","B0DSBXG7VY","26","19.4","2.2","890"
"Pibiger USB TO CAN FD Converter Adapter Cable SavvyCANFD-C CAN Speed Up to 12Mbps USB2CAN USB2CANFD isolated Against USB Up to 2.5KV","11509","28","","30","¥ 13,999","","4","B0CGPSDG8V","B0CGPTTGYM","12.7","9.3","4.4","130"
"ORICO USB3.0 HDDケース クローン機能付き 2.5 / 3.5インチ SATA HDD/SSD 対応 4ベイ ハードディスクケース 工具不要 10TB*4台対応 電源アダプター付 ブラック 6648US3","11517","47","","206","¥ 8,710","","1","B07X1JNVS4","","23.2","15.3","14.4","1560"
"エプソン 純正 インクパック 約5,000ページ IP11YB イエロー","11519","48","50","9","¥ 10,581","¥ 10,581","28","B0BH4TV6Y5","","28","10.6","3.9","180"
"Acclamator N30 SSD 512GB NVMe M.2 2280 PCIe Gen 3.0×4 3D NAND TLC採用 SLCキャッシュ搭載 読込最大3200MB/秒 内蔵SSD ノートパソコン/デスクトップに対応 メーカー3年保証","11521","33","50","48","¥ 12,980","","1","B0B8J4Q4SK","B0H6M3YJ4W","12.9","10","1.7","40"
"エプソン プリンター A4インクジェット複合機 カラリオ EP-817A","11523","49","","33","¥ 25,399","¥ 28,500","29","B0DJQ4H6YV","B0DMW26F1G","49.3","47.3","25.4","8850"
"[ セット品 ] CANON キャノン 純正品トナー カートリッジ067 4色セット (ブラック シアン マゼンタ イエロー) CRG-067 MF656Cdw / MF654Cdw 対応","17037","42","50","16","¥ 27,600","","2","B0BN9HM65N","","38","21.5","20","2990"
"Apple mfi認証 iDiskk 256GB iPhone USBメモリ 外付けフラッシュドライブ usbディスク アイフォン用ハードドライブ lightningコネクタ搭載 iOS外部ストレージ メモリー拡張 容量不足解消 プラグ&プレイ ワンクリック自動バックアップ Photo Stick パスワード保護 PC/iPhone/iPad/iPadシリーズなどのデバイスに対応","11528","33","","1974","¥ 10,899","","1","B07NRDMSY3","B07FNQF2YW","10.6","7.5","1.9","50"
"Spedal 931 4K Webカメラ UHD 800万画素 120°広角 会議用カメラ Sony 1/2.8インチセンサー","11541","54","50","3458","¥ 9,990","","1","B09N6Y8ZZZ","B0GG9Y6RST","20.6","15","7.9","410"
"【エイデータ】 外付けSSD SE880 グレー 1TB USB 3.2 Gen2 USB Type-A ポートまたはUSB Type-C ポート 最大読込速度20Gbp/秒 AELI-SE880-1TCGY-I ケーブル式","11543","66","","9","¥ 32,900","¥ 32,900","2","B0FKMWRTD3","B0FRMBZ3XD","16.1","12.5","2.2","98"
"【 サンディスク 正規品 】 SanDisk 外付け SSD 2TB USB3.2Gen2SDDDE1-2T00-JA46","11544","54","","39","¥ 84,788","¥ 84,788","1","B0F18G63YD","B0F1M9PNGG","15.2","10.1","1.4","50"
"ASUS PRIME B760M-A D4 intel 第14・13・12世代 CPU対応 LGA1700 B760 搭載 DDR4 mATX マザーボード/国内正規代理店品","11552","88","50","79","¥ 14,809","¥ 14,809","13","B0BQH8KCPQ","","27.6","27.3","5.6","1050"
"【整備済み品】DELL Latitude 5320 ノートパソコン 13.3インチ FHD(1920×1080) Core i5-1145G7 メモリ16GB SSD512GB Windows11 Pro MS Office 2021 Thunderbolt 4 HDMI USB 3.2 ビジネスモバイル/日本語キーボード","10297","19","","1","¥ 49,800","","1","B0GV73VKQ6","B0GVLS3KG7","38.7","33.9","7.3","2356"
"LAMY （ラミー）safari note+ ホワイト iPad ペンシル 白 - パームリジェクション機能搭載 筆圧・傾き感知機能付きスタイラスペン - 様々なiPad モデルおよび世代に対応したタッチペン- 最大 10 時間のバッテリー寿命","12220","37","","500","¥ 13,800","","1","B0D6NFPXXG","B0DCTS4KJC","23.8","5.8","3.9","130"
"VETESA ノートパソコン Core i7 Office 2024搭載 Windows 11 Pro ノートPC 15.6インチ 16GB 高速SSD 256GB パソコン ノート 1920×1080 IPS液晶 ウェブカメラ付き 高速放熱+静音 デスクトップ USB3.2 USB2.0+テンキー付き/日本語キーボード 指紋認証機能 学生向け 仕事用 学習用 laptop","11565","41","","","¥ 59,800","","1","B0H2PFHTN9","B0H8N8MMTF","42","28","8","2300"
"BenQ ZOWIE EC3-DW ワイヤレスゲーミングマウス Sサイズ/左右非対称/59g/3950センサー/4000Hz/右利き用","11569","64","","4","¥ 19,800","","1","B0FWPDWFQB","B0GX8K7HG4","22.2","13.9","8.7","530"
"エレコム 内蔵SSD 480GB 2.5インチ SATA3.0 HDDケース付 データ移行ソフト HD革命 Copy Drive Lite付 ESD-IB0480G","11572","47","","615","¥ 14,875","","7","B07NGCLLM6","B07NNB66D4","15.4","10.4","3.4","200"
"TALONGAMES ゲーミングマウスパッド ELEMENTシリーズ HYDROGEN スピードタイプ LYCRA PROサーフェス 490×420×3mm MID 布製 eSports 沈み込みエッジ 日本製INOAC SlimFlex 滑り止めベース 大型 ブラック","11572","6","","2","¥ 5,880","","2","B0H7R2F9CV","B0H7R69M17","50.6","44","1.9","890"
"PGYTECH CreateMate 高速ミニカードリーダーケース 高速データ転送 最大312MB/s SDカード2枚 マイクロSDカード4枚 同時読み取り可能 軽量 コンパクト (ナイトブラック)","11579","8","","160","¥ 10,417","","4","B0FZ978C2K","B0G5Y8VQ62","13.5","10.5","2.4","90"
"BONTEC モニターアーム デスクマウントLCD LEDコンピュータモニターブラケットスタンド","16700","23","","10902","¥ 13,634","","6","B01MZ70QJB","B0H97P6W5K","44.6","16.9","11.5","2760"
"エレコム Wifi 無線LAN 中継機 Wi-Fi6対応 11ax/ac/n/a/g/b 2402+574Mbps [離れ家モード/有線LANポート搭載/イーサネットコンバーター/ビームフォーミングZ] 【iPhone、 iPad、 Android端末、 PS 3/4/5、NINTENDO SWITCH 等各種対応】 ホワイト WTC-X3000GS-W","11584","70","50","70","¥ 7,100","","23","B0B584W2CV","B0B5R7KFBY","22.2","20.5","5.9","640"
"Cooler Master ML 360 Atmos II VRM Fan White ウォーターブロック部にVRM冷却ファン搭載 360mm水冷CPUクーラー [CLM-MLX-D36M-A25SZ-VW]","11589","69","","26","¥ 16,255","¥ 16,255","5","B0FM5GZ592","B0FNCQ4CJK","41.4","21.5","13.7","2290"
"サンワダイレクト Type-C ドッキングステーション 2画面出力 4K HDMI 縦型スタンド付 LAN PD 100W SD 400-VGA025","11589","42","","19","¥ 16,020","","2","B0CWN165KT","B0FDGDM4F2","18.9","9.6","5.4","440"
"iiyama ゲーミングモニター ディスプレイ 27インチ 240Hz 0.4ms IPS方式 フルHD 高さ調整 角度調整 縦回転 HDMI DisplayPort USBハブ 全ケーブル付 3年保証 国内サポート G-MASTER GB2771HSU-B1","15195","74","","2","¥ 23,146","","10","B0FV3KT476","B0H4LYR7RW","69","46","13.8","7900"
"【整備済み品】東芝 dynabook B75 ノートPC 第12世代 Core i5/16GB/SSD 512GB 15.6型","11592","2","","","¥ 79,800","","1","B0HDZ2B892","B0HDCCM31D","44.3","28.7","8.8","2530"
"Fintie マルチアングルビューケース iPad 第9世代/第8世代/第7世代 10.2インチ用","13498","60","","37634","¥ 5,936","","3","B0F5H5Q6T4","B0C7ZBJGRV","26.4","19.7","2.4","290"
"WINTEN ノートPC用メモリ DDR4-2666 32GB（16GB×2枚） 260Pin CL19 1.2V SODIMM SDRAM 内蔵メモリー 増設メモリー【5年保証・相性保証】WT-SD2666-D32GB","11605","87","","32","¥ 32,750","","4","B08FDCY83F","B0D333DXXM","10.2","8.6","8","30"
"0.005mmラピッドトリガー ゲーミングキーボード 有線 XZILEX ポーリングレート8000Hz対応 日本語Webドライバー モデルX68","11612","8","","16","¥ 10,980","","1","B0H7JGLPD2","B0HCP1ZJ43","35.8","17.7","5.2","850"
"cocopar モバイルモニター 18.5インチ 大画面 自立型 sRGB130%広色域 100Hz高速応答 狭額縁 FHD 1920x1080 IPS非光沢パネル VESA対応 FreeSync HDR 内蔵スピーカー Type-C/ミニ HDMI PS4/PS5/Switch 在宅勤務テレワークリモートワークM-185LS","17014","64","50","1820","¥ 17,999","","1","B0CZ3Z5L8P","B0HCTSDQSG","45.4","35.3","5.7","2340"
"Cuview ミニ モニター 8 インチ タッチパネル FHD 1920x1200 小型モニター USB Type C/HDMI ミニ ディスプレ IPS 画面 450Nits辉度 VESA対応 スピーカー内蔵 自立型 raspberry pi 5ミニPC・ノートPC用モバイル","11618","39","","17","¥ 11,984","","1","B0GKW2GSZ1","B0GVDKT2GS","25","17","6.6","720"
"キッズタブレット 10インチ Wi-Fi6モデル Android 64GB+1TB拡張 EVAケース付き","18213","17","","74","¥ 8,984","","1","B0FM3SG62L","B0FN3MKNDM","33.2","24.6","4.4","1150"
"RICOH SGカートリッジ GC42KH ブラック Lサイズ 515930 1個","11626","36","","","¥ 5,940","","4","B0FHVN8XLF","","15.5","13.5","3","200"
"LC512XL-4PK LC512XL 互換インクカートリッジ 全色颜料 大容量 「最新ICチップ 残量表示」 対応機種 Brother ブラザー MFC-J7310CDW MFC-J7210CDW MFC-J7110CDW DCP-J7205CDW J7310CDW J7210CDW J7110CDW J7205CDW 4色4本","11631","17","50","7","¥ 6,779","","1","B0H7CFZ51C","","15.9","12.5","9.6","280"
"Retro ROM Reader 5in1 / 5機種対応ゲーム吸い出し機 (白)","11638","10","","20","¥ 13,900","","1","B0HCYPN9NC","B0GBTNMSBZ","16","12.5","4.4","200"
"iOCHOW スキャナー ドキュメントスキャナー 書画カメラ 500万画素 最大A4サイズ対応 非破壊 多言語OCR機能","18076","30","","19","¥ 9,499","","1","B0F2M8L644","","41.5","14","13.6","1460"
"TP-Link WiFi6 アクセスポイント AX3000(2402 + 574Mbps) 規格 11ax 法人向け シーリング Omadaメッシュ PoE+ 対応 超スリム設計 EAP653","11642","85","50","591","¥ 23,000","¥ 27,900","17","B0B2X4GM2V","","24.4","22.9","6.4","752"
"ASUS NVIDIA GeForce RTX 5060 Ti オーバークロック 16GB GDDR7 ビデオカード DUAL-RTX5060TI-O16G-WHITE 国内正規代理店品","11650","122","100","23","¥ 139,800","¥ 155,354","4","B0FQS5HKLS","B0FZJGWX6H","37.1","22.3","7.1","1130"
"ノートパソコン【Office2024標準搭載】15.6型 フルHD ノート 6500Yプロセッサー 指紋認証 バックライト付き 16GBメモリ＋512GB SSD 搭載ノートPC 無ファン静音設計 laptop Wi-Fi5/Bluetooth対応 学生・ビジネス向け薄型ラップトップ 無線マウス付きノートpc","11651","14","","7","¥ 47,920","","1","B0H3631VRC","B0H38NS3PK","45.1","29.2","7.6","2250"
"Jabra ヘッドセット Evolve2 65 MS Stereo ワイヤレス USB-A 両耳 マイク付 ノイズキャンセリング Teams認定","10007","71","50","2278","¥ 25,244","¥ 25,244","7","B086KBXB3G","B0GSVL5812","21.8","19","5.7","350"
"【整備済み品】軽量小型 ノートパソコン Let`s note CF-SV1 12.1型WUXGA(1920x1200) 第11世代Core i5 / メモリ 16GB / SSD 512GB / Windows 11 Pro/MS Office 2024 / Webカメラ/Wi-Fi/Bluetooth/あんしん特別保証（180日＋延長30日） (整備済み品)","11659","14","","","¥ 64,800","","1","B0H8NN2K4B","B0H8P1BFDM","25","25","7","2000"
"（まとめ買い）キヤノン 純正インクタンク イエロー 大容量タイプ BCI-381XLY 【3個セット】","11661","50","","38","¥ 5,560","","34","B07NZ9G6TD","","16.8","12.2","2.8","120"
"Acer 23.8インチ フルHD 200Hz 0.5ms(GTG) 広視野角 VA 非光沢 sRGB 99% AMD FreeSync Premium HDR10 ブラックブースト VRB対応 ブルーライト低減 HDMI 2.0 DisplayPort v1.4 Acer Display Widget Nitro ゲーミングモニター 3年保証(パネルは1年) KG241YX3bmipx","11667","43","50","18","¥ 14,229","¥ 14,229","2","B0FF9DJVYS","","60.6","39.4","13.2","4110"
"16GB DDR3-1600 PC3-12800U 8GBx2枚 PC3L-12800 UDIMM デスクトップPC用メモリ 240Pin 電圧1.5V ＆ 1.5V 両対応 RAM","11669","53","","21","¥ 6,350","","1","B0D7ZTN38C","B0C2BPL79B","15.9","13.2","1.7","50"
"BOOX Go Color 7 Gen II Eインクタブレット4G 64GサポートアクティブスタイラスInkSense（黒）","11675","44","50","347","¥ 44,800","","2","B0F58ZHCX2","B0F8PSHKFG","16.7","15","3.2","390"
"【整備済み品】ノートパソコン 富 士通 LIFEBOOK A7510 15.6型 第10世代Core i5-10310U 8GB/SSD256GB","12086","32","","3","¥ 34,950","","4","B0GYPBTBXT","B0H49LGNTD","41.4","29.1","11.4","2190"
"【Android16 タブレット 8インチ】ZPad1 タブレット SIMフリー 8.8インチ 90Hz高リフレッシュレート 2560x1600 2.5Kスクリーン Unisoc T7300 28GB RAM 256GB ROM 7200mAh PD18W急速充電 4G LTE セルラー 6軸ジャイロ+地磁気センサー+GPS+Widevine L1+顔認識+Gemini AI対応","11682","8","","6","¥ 26,999","","2","B0H9Y5MP5X","","23.4","20.7","3.7","690"
"「国内正規品」Keychron B33 TKLワイヤレスキーボード JISレイアウト かな印字なし 2.4GHz/Bluetooth/有線","11683","61","50","10","¥ 5,984","","1","B0G7G9M7S7","B0G7ZPZ3DG","37.3","13.7","4.3","690"
"ActionRing PCワークの効率化左手デバイス ライブ配信者向けのストリームコントローラーデック 動画・画像編集用のショートカットキーボード","11683","52","","9","¥ 11,110","","1","B0GR5BLGGT","B0GR4Y81F6","21.3","16.8","8.3","420"
"Apple 2026 MacBook Pro 18コアCPU、20コアGPUのM5 Proチップ搭載ノートパソコン：AIのために設計、16.2インチLiquid Retina XDRディスプレイ、24GBユニファイドメモリ、1TBのSSDストレージ - シルバー","11685","53","","1","¥ 483,414","¥ 483,414","1","B0GR1KZFL4","B0GR4VH8YD","44.4","33.2","7.7","3800"
"Canon トナーカートリッジ055 マゼンタ CRG-055MAG","11687","36","","36","¥ 10,240","","40","B07RMDG4GJ","","36.4","12.8","10.2","820"
"【Amazon.co.jp限定】RK ROYAL KLUDGE R75 メカニカルキーボード 有線｜日本語配列｜ボリュームノブ搭載｜ゲーミングキーボード 75%カスタム｜ガスケットマウント構造・RGBバックライト・ソフトウェア対応｜Cherry Profileプロファイル・PBTキーキャップ・ホットスワップ対応リニアスイッチ・クリーミーな打鍵音 緑","11690","87","50","634","¥ 8,499","","1","B0CJ2LXNFN","","35.2","18.9","4.9","689"
"Raspberrypi5 4G ラズベリーパイ5 技適取得済 技適マーク入り商品","11691","53","50","13","¥ 25,235","","4","B0CQZL52LP","","12.7","7.8","3.5","80"
"エプソン スキャナー ES-50 (モバイル/A4/USB対応/ブラック)","11694","103","50","336","¥ 17,300","¥ 17,300","10","B07HGG2HGM","B08T2G44M4","33","14.2","6.8","460"
"AVLT モニターアーム デュアル 13〜32インチ 耐荷重各9kg ガススプリング式 フルモーション VESA規格 クランプ式/グロメット式","11694","36","","255","¥ 8,800","","1","B08MZV3CHW","B0DQQ25FLN","41.4","31","18.5","4580"
"Android 15 タブレット 7インチ wi-fiモデル,64GB+1TB TF拡張,IPSスクリーン,ブラック","11695","60","50","9","¥ 7,999","","1","B0H416FY2X","","27.4","15.6","3.9","490"
"バッファロー SSD 外付け 1TB 極小 コンパクト ポータブル PS5 / PS4 対応 (メーカー動作確認済) USB3.2 Gen2 読込速度 600MB/s ブラック エコパッケージ SSD-PST1.0U3BA","11695","67","","139","¥ 34,000","","10","B0D3GSS82L","","15.4","12.7","3.9","40"
"ソニー USBメモリ USB3.1 128GB ホワイト キャップレス USM128GU W [国内正規品]","11696","111","","38","¥ 14,580","","6","B079HYPZXL","B08Q981BRQ","12.4","7.4","1.3","50"
"TP-Link WiFi 無線LAN ルーター 11ac AC1900 1300Mbps + 600Mbps デュアルバンド Archer A9 【Amazon Alexa スキル 対応】","11697","39","","367","¥ 7,480","","1","B07C3QL57Q","B08BZCNVVT","34.3","24.4","10.2","1450"
"Verbatim バーベイタム 内蔵SSD 2.5 インチ SATA III 7mm Vi550シリーズ 256GB 最大読込 520MB/s 国内代理店IO Dataサポート 49351-J","11699","79","","230","¥ 7,280","","3","B0874B7D85","B0DQW7P8SZ","14.4","10.9","1.9","60"
"Elgato Stream Deck + XL – プロフェッショナルシステムおよび制作向けのカスタマイズ可能なコントロールプラットフォーム（マクロキー、多機能ダイヤル、タッチストリップ搭載）– PC／Mac対応 USB-C","11700","64","50","14","¥ 59,980","¥ 59,980","2","B0GQRRF1LC","","25","22.6","16.9","1970"
"【AOC公式】 モバイルモニター 15.6インチ 1920x1080 FHD IPSパネル 125%RGB 広色域 サブモニター Type-C ケーブル1本接続 Micro HDMI HDR10 薄型 軽量 ポータブルモニター Mac/Win/Switch/PS4/PS5対応 テレワーク スタンド一体型/学習·在宅·出張便利保護カバー付きV50モニター(ブラック)","11701","41","","3181","¥ 11,941","","2","B0G491VK2D","B0GQGTML71","40.7","27.7","6.4","1570"
"GEEKOM IT13 AI ミニPC【第16世代·AIが仕事を先回り】Intel Core Ultra 7 356H搭載 DDR5 32GB+1TB SSD｜Xe3グラフィック｜USB4×2｜WiFi 7｜2.5G LAN｜4画面8K｜1095日保証｜Win 11｜在宅/オフィス/法人向け mini pc","11707","48","","411","¥ 189,989","","1","B0GY877HK6","B0HBPVNJ26","21.9","19.7","14.5","1660"
"LOE(ロエ) 【日本企画】 ノートパソコン 自立型 アームスタンド 寝ながらスマホ ・タブレット LUP8A 1台","11717","43","50","256","¥ 11,890","","1","B07RW22TXV","B0GR9R9SY4","91.5","24.5","9.5","5010"
"iiyama モニター ディスプレイ 27インチ WQHD IPS方式 120Hz 高さ調整 角度調整 縦回転 HDMI DisplayPort USBハブ ケーブル付 国内サポート 3年メーカー保証 ProLite XB2792QSU-B1J","10845","6","","","¥ 25,960","","1","B0HB3KDNHQ","","70.7","48.3","12.4","8180"
"ブラザー工業(Brother Industries) PRIVIO カラー プリンター A4インクジェット複合機 MFC-J939DN (FAX/電話機/Wi-Fi/自動両面印刷/スマホ・タブレット接続/ADF/レーベル印刷) 通常","11721","67","","419","¥ 45,000","","9","B099RC29VR","B0FX3Y3GB6","50.3","49.7","25.9","10290"
"SODOLA 10Gbps スイッチングハブ Web管理に対応 6ポート（4x10G RJ45 & 2x10G SFP+）","17981","47","","176","¥ 24,990","","1","B0F213BGPY","B0HC3621GL","30.6","19.3","6.4","1040"
"シルエット Silhouette Portrait4 SILH-PORTRAIT-4-J A4対応エレクトロニックカッティングマシン プリント&カット対応 Bluetooth対応 レターサイズ","11728","40","","26","¥ 28,600","","5","B0CLD7JRJ5","","49.1","23.7","20.9","3310"
"CRG-054H 4色セット Canon キャノン用 054H CRG054H 互換トナーカートリッジ 大容量タイプ","11736","3","","7","¥ 7,260","","1","B0H6HHQXGX","","31","19","10.5","2000"
"【Android16 タブレット 8インチ SIMフリー】タブトップ S30Pro Android16 tablet 8インチ アンドロイドタブレット SIMフリー 8コアCPU 30GB+64GB 90Hz 4GLTE+5G Wi-Fi GPS搭載 Widevine L1対応 Gemini AI 顔認識 6000mAh PD18W急速充電 GMS/TELEC認証 日本語仕様書 ブルー","11737","41","","2","¥ 16,000","","1","B0H3TX97GN","","28.1","16.3","2.9","620"
"INSWAN INS-3(台湾製) USB書画カメラ/WEBカメラ/実物投影機/手持ちカメラ/着脱式カメラ マイク&LEDライト搭載","11738","42","","62","¥ 9,900","","1","B0C4PFW4LL","","23.1","19","6.4","690"
"Logicool G ゲーミングキーボード G913-TC タクタイル 茶軸 薄型 確かな打鍵感 GLスイッチ 日本語配列 LIGHTSPEED Bluetooth 接続対応 LIGHTSYNC RGB 無線 ゲーミング キーボード メカニカルキーボード 充電 G913 PC window mac Chrome ブラック 国内正規品 【 ファイナルファンタジー XIV 推奨モデル 】","11740","123","","346","¥ 23,760","","6","B07VYRF7L5","B0FX455J26","51","19","5","1420"
"JSL JDTDC iPhone USBメモリ 512GB 実容量 Apple MFi認証 Lightning・USB-C対応","11745","51","","3911","¥ 14,999","","1","B0FZBW3X2V","B0GX27W8PJ","11.5","6.8","2.3","90"
"マジックキーボード iPad A16 第11世代/第10世代用 フローティングカンチレバー磁気スタンド ケース","19405","0","","17","¥ 13,500","","1","B0DP9SZVPV","B0DP9TKZ4C","25","20","2",""
"「整備済み」外付けハードディスク ポータブル 超薄 外付けHDD USB3.0 大容量 PC/Mac/PS5/テレビ録画対応 オフェス 1TB","10263","41","","5","¥ 9,990","","1","B0H2PRQZXF","B0H2ZZFVDR","20","18","2","200"
"Western Digital (ウエスタンデジタル) WD33PURZ / 3TB","18164","37","","105","¥ 26,477","","169","B0C18ZBDFS","B0DMGZ4LKZ","28.4","22.4","3","700"
"ACCURTEK 大型 モニターアーム 1画面 シングル 57インチ (2~27kg対応/湾曲モニター2~22kg対応) VESA規格対応 ロング ポール デスクマウント 高さ調整可能 スチール製 1個 1関節 ポール ホワイト AC80-10PW","11756","44","","50","¥ 5,319","","1","B0DY7KDL4X","B0DY7M2TGV","43","17.9","11.5","3290"
"android 16タブレット32GB+128GB+2TB TF拡張｜10インチの90Hz対応 大画面 Gemini AI 3.0｜6000mAh｜Widevine L1｜GMS認証｜Type-C充電｜Wi-Fi 5.2モデル｜T7200 コアプロセッサを搭載 (Gray ltem Set)","11769","31","","9","¥ 10,999","","1","B0GXZPSY3Z","B0GXZC8YHL","29.1","19.9","5.9","1390"
"ARTISAN NINJA FX 零 ゼロ 夜行 (YAKO) ゲーミングマウスパッド e-sports 2000FUNコラボモデル (XL, SOFT)","11769","45","","5","¥ 9,270","","1","B0FS6DV4D1","B0FS66NY7T","52","47","1","550"
"GMKtec ミニPC Ryzen 5 PRO 6650H搭載 5825Uより高性能 OCuLink USB4 8K 3画面 M8 16GB+1TB","11774","49","","160","¥ 61,999","","1","B0FY51JZYV","B0HGQ4NHJB","18.6","18.6","13.6","1690"
"SYNERLOGIC (M/Intel) Mac OS Keyboard Shortcut No-residue VINYL Sticker, Compatible with 13""-16"" MacBook Air/Pro iMac Mac Mini (White, Pack of 1000)","11776","51","","14852","¥ 121,474","","11","B0BB5Y4BD2","B0993TMJF1","30.5","22.9","5.1","2466"
"Redragon K524 無線 ゲーミングキーボード 75% テンキーレス 2.4G/Bluetooth/USB有線 英語配列 ホワイト","11783","90","","134","¥ 5,180","","1","B0GWCXLKX5","B0GWLRKCJP","34","18","4","80"
"FLYDIGI APEX5 ワイヤレス/有線 ゲームパッド, Nintendo Switch/Windows PC/Android/iOS対応, 6軸ジャイロセンサー搭載, カスタマイズ可能なRGBライト, 336g","11784","67","50","23","¥ 15,817","¥ 15,817","7","B0FTS2JKDM","","20.5","19.5","9.5","700"
"電圧電流チェッカー YEREADW USBメーターテスター IPSカラーデジタルLCDスクリーンType-C テスター 電圧/電流/抵抗/温度/通電時間/容量など表示でき 3.60~32.0V 0~8A 黒 (6A)","11786","39","","562","¥ 9,130","","1","B0DF2LDKFC","B0DLTV91Z5","8.3","7.4","1.9","50"
"TEAMGROUP (旧称 Team) M.2 SSD 1TB 2280 PCIe Gen4x4 TLC NAND 読込み5000MB/s MP44Lシリーズ 日本国内5年正規保証 TM8FPK001T0C101","11789","56","","20","¥ 31,880","","1","B0BYMV1WNJ","B08KJ5NR95","12.3","9.4","1.4","20"
"エプソン プリンター A4インクジェット複合機 カラリオ EP-716A","11801","38","","184","¥ 27,400","","12","B0CKGZNTFF","B0DVBQTT6S","48.5","43.3","25.9","7970"
"YUNZII C98 ワイヤレスメカニカルキーボードテンキー付き 99キー BT5.0/2.4GHz/USB-C ホットスワップ ガスケットマウント キーボード PBT MOAキーキャップ カスタムRGBバックライト搭載 可愛いケーキ Win/Mac対応 技適認証取得 (ピンク, ミルクV2リニアスイッチ)","11812","62","","215","¥ 13,074","","1","B0GL5V4JJW","B0GL7ZFJTB","44.4","22.7","6.8","2109"
"ATTACK SHARK X8 ULTIMATE ゲーミングマウス デュアル8KHz 65g 3モード 3950MAX 42000DPI ホワイト","11812","54","","1","¥ 9,974","","1","B0G38VY587","B0GFN6DZGM","17.4","10.6","7.2","310"
"DIERYA(ディエルヤ) ゲーミングHEキーボード 60%ゲーミングHEキーボード 磁気スイッチホットスワップ可能 ラピッドトリガー 調整可能な作動 8000Hz ポーリングレート RGBバックライト コンパクト68キー Windows PC用 有線 ブラック DK68-C","7149","42","","33","¥ 9,743","","1","B0FM76KFV1","B0BL973N5X","33.2","13.3","4.7","721"
"エレコム usb c 変換アダプタ Type-C to DisplayPort (2ポート) 8K(7680×4320px)/30Hz マルチディスプレイ ミラーリング 0.12m ケーブル 【iPhone MacBook iPad Android 等に対応】 ブラック AD-CDP2BK2","11816","40","","2","¥ 7,027","¥ 7,027","17","B0DFWBZ7DJ","B0DLGY7CWB","17.3","8.3","2.1","70"
"MMOMENT MS16 2TB 2.5インチ SSD SATA3 6Gb/s (最大読込550MB/s)","11816","47","","1","¥ 33,999","","1","B0CM3GYN8S","B0BZVQQ7KK","12.6","8.6","1.4","50"
"CORSAIR iCUE LINK TITAN 360ラジエーター RX ARGBケースファン付き LCDスクリーン付 水冷式CPUクーラー ホワイト CW-9061026-WW","11826","56","50","396","¥ 22,533","¥ 22,533","9","B0DF79SWMJ","","44.7","19.6","13.8","2640"
"Fikwot FX815 SSD 2TB 2.5インチ（7mm）SATA3.0対応 最大読込560MB/s ノートPC/PS4/車載ナビ用 データ移行サポート付 メーカー3年保証","11827","72","","2498","¥ 30,980","","1","B0CXJ1W6F9","B0D1P9KY9W","14.9","8.5","1.7","50"
"LCL NEC用 PR-L4C150 互換トナーカートリッジ 4色セット PR-L4C150-14 PR-L4C150-19 PR-L4C150-18","11828","30","","323","¥ 12,020","","1","B0BNKF7JQW","B0GWDTVGF4","32.6","24.6","11.1","1140"
"Samsung 8GB DDR5 5600MHz PC5-44800 CL46 SODIMM 1Rx16 シングルランク 1.1V 262ピン ノートパソコン RAM メモリ M425R1GB4BB0-CWM、モジュール1個。","11828","28","","193","¥ 26,976","","11","B0D2LX9TGH","","11.7","7.8","4.4","18"
"[MOSISO] 14インチ 女性用 ラップトップケース、メッセンジャー カジュアルハンド 蝶結び付き(エア ブルー)","11829","36","","1448","¥ 6,699","","1","B0DD2WM169","B0FNVQJ6RV","42","31","11","1760"
"MSI MAG CORELIQUID M360 簡易水冷CPUクーラー FN1950","11832","49","","79","¥ 13,100","","2","B0C8LXT8R2","B0G1LXP98J","44","19.3","14.6","2460"
"【13.4インチ セット版 タブレット】P13 セット版 Android16 タブレット 13.4インチ Wi-Fiモデル Gemini AI対応 UNISOC T7280 8コア 48GB RAM+128GB ROM+2TB拡張 120Hz FHD+大画面 12000mAh GPS Widevine L1 Netflix対応 キーボード マウス ペン ケース イヤホン 保護フィルム付き","11833","32","","22","¥ 26,799","","1","B0H3P92RBR","B0H7BVV3S5","33.1","23.9","6.2","1910"
"Fintie iPad 9.7インチ用 ケース [角部保護] 2つ折り スタンドカバー 複数の視聴角度 ポケット付き 自動スリープ/スリープ解除機能 対応機種: Apple iPad 2017年モデル iPad Air 1 2 9.7 Inch EPF0401US","11834","40","","43521","¥ 6,053","","1","B06XXY6162","B06Y1B5RCN","25.4","20","2.4","281"
"【国内正規品】Keychron Silent K Proスイッチセット、静音スイッチ (Silent K Pro 茶軸)","11702","44","","18","¥ 9,410","","1","B0C572X6MF","B0DBHL3QYQ","16","6.4","6.3","200"
"fanxiang S880R M.2 SSD 1TB TLC NAND【ヒートシンク付き】 最大7300MB/s NVMe 2280 PCIe Gen4.0x4 64Gb/s M.2 SSD NVMe 1.4 PS5動作確認済 内蔵SSD SLC キャッシュ 放熱性 ノートパソコン/デスクトップ/PS5対応 5年保証","11845","74","","37","¥ 26,580","","1","B0DPG1DM38","B0G8GNM877","14.9","8.7","1.7","70"
"サンワダイレクト オープンイヤー イヤホン ヘッドセット Bluetooth USB 有線 マイク付き 収納ケース付き 400-MM-BTSH72BK","11850","35","","17","¥ 9,720","","1","B0F1XGK9WW","","18.2","13.1","5.9","202"
"【3年保証モデル】 JAPANNEXT 75インチ 大型4K液晶モニター JN-V750U2-M-H3","14792","6","","","¥ 209,980","","1","B0H9XSXNXC","B0HFZ6VQLW","182","109","16","25000"
"【Amazon.co.jp限定】Lenovo Idea Tab Pro タブレット (13インチ ワイド パネル Qualcomm® Snapdragon® 8s Gen 4 プロセッサー 8GB 256GB Wi-Fiモデル) クラウドグレー ZAHD0832JP 【AndroidOS】","11854","71","50","15","¥ 89,400","¥ 89,400","1","B0GTKGDVBW","","30.8","20.5","4.4","1190"
"UGREEN DP1.4 KVM切替器 2入力1出力 8K60Hz 4K240Hz USB3.0(A3+C1) DP&AtoCケーブル付き","11856","77","50","855","¥ 6,800","","1","B0CFFFHFJT","","23.1","15.3","5","720"
"ホタルクス（HotaluX）PCモニターライト 47.5cm幅 【日本製】フェイスライト搭載 WEBカメラ設置台 湾曲モニター対応 USB給電 昼光色/昼白色/電球色 HSDL101CK-UD5 AXIS LIGHT バーライト ～リモートワークやオンライン学習、WEB配信にも最適～","11858","74","50","90","¥ 13,520","¥ 13,520","3","B0DFH5RFNL","B0DK7RQFVH","53.1","17.3","5.7","980"
"【整備済み品】シーゲイト Desktop HDD 1TB シリーズ 3.5インチ内蔵HDD SATA 6Gb/s 7200rpm 64MB ST1000DM010","11870","86","50","11","¥ 9,910","","1","B0FP4LXHGZ","B0H4441BWL","20","16","9","470"
"【整備済み品】DellデスクトップOptiPlex 3040SFF又5040SFF高性能Corei7 6700デスクトップPC","11874","73","50","45","¥ 30,583","","1","B0FDVZSTNS","B0FDVRMV85","60","56","44","5000"
"Lenovo Tab Plus タブレット (11.5インチ ワイド パネル MediaTek Helio G99 プロセッサー 8GB 256GB Wi-Fiモデル) グレー ZADX0061JP 【AndroidOS】","11883","104","50","134","¥ 49,800","¥ 54,851","2","B0DBKLCMY2","B0DZJV739Q","27.7","18.4","4.9","1110"
"HUION Inspiroy 2 ペンタブ ペンタブレット 6.3×3.9インチ 全面アップグレードのペンPW110 ピンク Sサイズ","11883","48","","80","¥ 6,500","","1","B0BN63YKK2","B0BN64KV55","28.6","20.7","6.2","740"
"TECLAST M50T タブレット 10インチ Android 16、32GB+128GB、Wi-Fi 6、7000mAh、Widevine L1","11884","77","100","138","¥ 13,900","","1","B09FL17T1G","B0GQGDPSKF","33","19.6","3.7","920"
"「国内正規品」Keychron J9 75%キーボード 2.4G/Bluetooth/有線 mac/Wins/Linux JISレイアウト バナナ軸","11889","45","","2","¥ 14,960","","1","B0GGH9MJZT","B0GH1HZG9H","36.3","17.5","4.4","860"
"Apple Thunderbolt 3(USB-C)- Thunderbolt 2アダプタ ​​​​​​​","11890","78","50","59","¥ 8,180","¥ 8,180","1","B0DCJF5Y98","","19.2","6.7","1.8","59"
"Acer Nitro モバイル ゲーミングモニター 16インチ ワイド IPS 非光沢 WUXGA 144Hz 4ms(GTG) NTSC 45% 785g 軽量薄型 AMD FreeSync HDR10 HDMI 1.4 USB-C デュアルスピーカー 縦画面表示 無段階チルト調整 ブルーライト抑制 3年保証(パネルは1年) PG161WP1bmiuux","11891","40","100","3","¥ 19,999","¥ 17,980","2","B0H6WS2CP1","","41.2","27.8","4.4","1730"
"Eopower 外付けHDD ハードディスク 1TB テレビ録画 4K対応 Windows Mac PS5 PS4 USB3.2 (Gen1) / USB3.0 EOP35100BK-1T","11898","33","","67","¥ 11,980","","1","B0FK9ZLQ7M","B0FKB4L144","17.8","12","3.6","1000"
"Womier WK75 75% ワイヤレスゲーミングメカニカルキーボード無線 テンキーレス BT5.0/2.4GHz/USB-C ノブ付き","18162","37","","6","¥ 7,572","","1","B0GSJ7YQ11","B0H87K4Q17","35.5","18.3","5.1","1120"
"サンワサプライ RJ-45コネクタ（カテゴリ6、貫通型、単線・より線共用、100個入り） ADT-6RJKN-100","12018","42","","3","¥ 7,420","¥ 7,600","19","B0C6XVD6BW","B0C7ZWVC6N","18.9","11.3","3.9","130"
"【整備済み品】ノートPC CF-SV1 レッツノート i7第11世代-1185G7/メモリ32GB/SSD:1TB/12.1インチFHD LTE対応 Type-C搭載機種 Win11Pro搭載 新しい同様バッテリー交換済み MS OFFICE2019導入済み(ネオスミライ) CF-SV1 ノートパソコン パナソニック 新しいSSD:1TB(NVMe)交換","11912","42","","11","¥ 100,869","","1","B0FWCCZP6B","B0FWCB7MJ3","30.5","21.9","7.7","1280"
"【整備済み品】ノートパソコン dynabook b65 大手メーカー Office 2024 & Win11 Pro 第7世代corei3 15.6型HDカメラ/DVDドライブ内蔵 10Kテンキー付き Wi-Fi Bluetooth 豪華3大特典付属 学生向け ビジネス向け 初期設定済み ダイナブック ノートpc (128GB SSD/4GBメモリ)","11925","7","","","¥ 15,800","","1","B0H8XKB8FZ","B0H4L94WT1","54","31","8","3000"
"中古整備 富士通 ノートパソコン 15.6インチ インテル Celeron 3855U 1.60GHz メモリ8GB Windows11 Pro &Office2019搭載 LIFEBOOK A576 /WI-FI&Bluetooth/USB3.0/HDMI/日本語キーボード (SSD128GB)","11926","35","","43","¥ 10,500","","2","B0F21W43TH","B0F21YBV31","41","30","9","2500"
"ZOEGAA プライバシーフィルター, 32インチモニター用, ノートパソコン対応, プラスチック製, 16:9, 27.4x16.3cm, 着脱可能, マット仕上げ","17852","17","","1109","¥ 27,586","","2","B0CKWXBJ9Q","B0F8V9F5LT","72","44","1","750"
"Cooler Master ELITE Gold 850 FM A/JP cord 80PLUS GOLD認証取得 ATX 3.1対応 850W電源ユニット [MPX-8505-AFAG-BJP]","11927","99","50","4","¥ 10,927","¥ 10,927","8","B0G4LCJJZD","B0G532DPG4","33.4","20.2","10.7","2650"
"XPPen Deco LW ペンタブレット 10×6インチ Bluetooth 5.0 ワイヤレス 接続 8個ショートカットキー X3 Eliteスタイラス 8192段階筆圧 60°傾き検知 Windows/Mac/Android/Chrome OS/Linux対応 ブラック","11932","17","","","¥ 11,235","","1","B0H2J2F4ZZ","","35.5","21.7","4.1","720"
"MSI MAG A1200PLS PCIE5 PCIe 5.1/ATX 3.1対応 PC電源ユニット 1200W PS1755","11933","25","","1","¥ 32,309","¥ 32,309","2","B0GGT35KHK","B0H19N3D6X","30.5","22.9","13","3302"
"bitFerrous BFKB113PBK 複数同時押し対応パンタグラフタイプキーボード BFKB113PBK","11935","39","","131","¥ 7,005","","2","B00NBCFDTW","","48.4","22","4","630"
"エプソン EPSON 環境推進トナー/Sサイズ LPB4T24V","11940","65","50","31","¥ 9,122","¥ 9,122","41","B074R58HS5","","28.9","13.1","9.8","430"
"MENTUME P30 キッズタブレット 10インチ Wi-Fiモデル Android 15 子供 タブレット 12GB+64GB Wi-Fi6 6000mAh 子供用タブレット 知育アプリ対応 利用時間制限可能 軽量EVAケース付き 落下防止 誕生日プレゼント 日本語仕様書 グリーン","11940","33","","26","¥ 10,486","","1","B0GCZ4KVRV","B0HCMS1XS6","29.3","21.9","5.7","1070"
"Smart Basic(スマートベーシック) ゲーミングモニター 23.8インチ 200Hz IPS ブルーライト軽減機能 オーバードライブ機能 スピーカー内蔵 ブラック G24F4FK","11943","50","","19","¥ 10,315","¥ 10,315","1","B0FC28CVWS","B0FSDBBFPZ","59.8","38.6","11.2","4040"
"NEWYES サーマルプリンター モバイルプリンター Bluetooth接続 2000mAh A4サイズ 15mm/秒高速印刷 自動給紙 感熱紙50枚","11952","57","50","62","¥ 15,199","","1","B0F9WHWD2K","B0FY1CP8CX","32.8","10.9","8.7","1030"
"APC 無停電電源装置 UPS 1000VA/670W SMT1000J ラインインタラクティブ給電 正弦波","11953","35","","25","¥ 65,500","","15","B0095884NS","","59.5","36.5","33.5","22902"
"DAREU EK60HE 0.01mm ラピッドトリガー対応 ゲーミングキーボード 有線8000hzポーリングレート ホットスワップ 磁気スイッチ SOCD対応 テンキーレス 60%英語配列 黒/ブラック【1年間メーカー保証】","11955","69","","154","¥ 5,364","","1","B0FBWJ6RJQ","B0FHVYN9CP","31.4","13.7","4.7","630"
"Anker USB-C ハブ (14-in-1, Triple display)","11958","74","50","75","¥ 8,990","","1","B0CG5CF9GF","","18.9","10.1","2.4","180"
"Miuniu 4K モバイルモニター 13.4インチ モニター 3840x2400 sRGB 100%色域 モバイルディスプレイ 軽量 16:10 光沢IGZOパネル 500Nits高輝度 3年保証/USB Type-C/標準HDMI搭載/金属製/VESA対応 ポータブルモニター Macbook/ノートパソコン/Mac mini対応 M13UB","11960","56","","48","¥ 21,100","","1","B0FNMJ6QYL","B0GY2JCRDK","35.1","25","6.1","1530"
"RTL-SDR ブログ V4 R828D RTL2832U 1PPM TCXO SMA ソフトウェア定義ラジオ(ドングルのみ)","11965","31","","948","¥ 11,051","","2","B0CD745394","","11.3","7.7","1.7","59"
"FOXNEO 10G スイッチングハブ 6ポート 4×10G RJ45+2×10G SFP+ 全ポート10Gbps対応 10G/10GbE LANハブ アンマネージド Jumbo Frame対応 低遅延 高速通信 NAS・サーバー・光回線・アップリンク対応 金属筐体 プラグ＆プレイ 2年保証","11966","55","50","106","¥ 22,980","","1","B0FC244KCN","B0H3PT8CHK","30.5","19.2","6.1","1060"
"ASRockSteel Legend 次世代GPU対応PC電源ユニット1000WPCIe5.1対応80PLUS GOLDATX 3.1フルモジュラー 12V-2x6 ケーブル付属SL-1000GW","11967","24","","23","¥ 19,380","¥ 18,973","10","B0DPGX7B7X","","30.7","18.6","13.2","3240"
"【整備済み品】iPad(第9世代)用Smart Keyboard - 日本語 (JIS) MX3L2J/A","11978","39","","7","¥ 7,960","","2","B0DXF9BM8R","","26","19.4","1.4","480"
"USBメモリー 512GB 【専用アプリ不要】Phone用USBメモリ4in1 phone 写真保存usb 大容量外付けメモリphoneバックアップ iOS/Android/PC/Mac対応 フラッシュドライブ スマホの写真を保存する 携帯容量不足解消(銀)","11489","43","","162","¥ 5,699","","1","B0H45KD6XX","B0H3NQZHQZ","9.1","6.3","1.7","60"
"MONTECH CENTURY II 1200W PC電源 ATX 80 PLUS GOLD フルモジュラー 【国内正規品】","11992","43","","115","¥ 19,700","","6","B0F3XV451X","B0FWJPL7TY","31.6","30.1","11.1","2962"
"SmallRig 冷却ファン内蔵バッテリーミラーレスカメラ用 外部冷却システム TEC冷却モジュール Sony/Canon対応 5329","12016","4","","31","¥ 6,232","","1","B0GVS94D63","B0HG4NT7R3","15.6","8.3","4.4","150"
"MAGICRAVEN モバイルモニター タッチパネル 15.6インチ 1080P IPS液晶パネル 自立スタンド Type-C/Mini HDMI接続","12019","60","50","30","¥ 11,998","","1","B0FYQK6DMD","","39.1","27.6","7","1320"
"SAIJI ベッドテーブル ソフトアームレスト付き ノートパソコン対応 高さ・角度調整可能 エルゴノミクスデザイン 折りたたみ式 テーブル 仕事・読書・ゲームに最適 ミニテーブル （ブラック）","14509","23","","107","¥ 14,999","","1","B0GYS78D22","B0H4KR5474","76.5","60.6","11.7","4810"
"Canon トナーカートリッジ054H シアン CRG-054HCYN","12024","53","","41","¥ 10,404","","47","B07RJ3C2KW","","36.4","11.2","9.6","640"
"【整備済み品】Latitudeデル 5290 12.5型 i5-7300U Office2024 USキーボード カメラ付 16GB 256GB","12025","31","","","¥ 40,320","","1","B0GCDTYV9R","B0H69N5K1J","43","28","7","2500"
"サンワサプライ 10m延長USB3.0アクティブリピーターケーブル USB3.1 Gen1対応 KB-USB-R310","12030","43","","124","¥ 6,680","","41","B0761RH5N9","B09JZQ51CK","31","16.4","7.5","610"
"RK ROYAL KLUDGE C98 HE 8K ゲーミングキーボード、ホール効果磁気スイッチ、US QWERTY レイアウト","12031","37","","95","¥ 7,779","","2","B0FF8YDXVR","B0GKNL5SHR","44.2","23.8","5.4","1338"
"Biaze 8-in-1 USB-C ハブ MacBook Pro用 4K HDMIアダプター付き 100W PD高速充電、100Mbpsイーサネット、2つのUSB 3.0ポート、SD/TFカードリーダーをサポート MacBookとType-Cノートパソコンに対応。","12034","17","","11","¥ 13,673","","2","B0FHGWWBL1","B0HGQCN25Q","20.5","10","1.9","91"
"MSIマザーボード PRO Z790-P WIFI DDR5 第14/13/12世代CPU(LGA1700)対応 ATX 拡張ヒートシンクM.2 Shield Frozr [Intel Z790搭載] MB5917","12036","41","","104","¥ 20,000","¥ 20,000","14","B0BK8Y2LWJ","","34.8","27.2","6.8","1550"
"10Gtek 2個セット ギガビット 光メディアコンバーター シングルモード デュアルLCファイバー 1.25Gb/s SFPモジュール to 10/100/1000Base-Tx 1000Base-LX SFP 付き （1310nm 20km）","12037","43","","79","¥ 9,999","","1","B0BWY8DC74","B0GGXYCDV9","25.4","11.6","4.4","520"
"AMD CPU Ryzen 7 9850X3D W/O Cooler WOF 8コア/16スレッド 4.7Ghz TDP120W 100-100001973WOF CP1708","12046","45","50","397","¥ 76,866","¥ 78,426","173","B0G8JMLXNQ","","12.5","12.4","4","91"
"Cooler Master Elite 681 White 270°パノラマ強化ガラスパネル採用 デュアルチャンバーATXケース・ホワイトモデル""[E681-WHNN-S00]","12047","43","","40","¥ 8,125","¥ 8,125","1","B0FCRHYFHV","B0FVLNW4WZ","52.7","44.5","35.1","8660"
"iVANKY FusionDock Max 2 23-in-1 Intel認定 Thunderbolt 5 ドッキングステーション","12048","0","","171","¥ 49,999","","1","B0FRRMY1K6","B0HB3Z5BYW","24.4","18.8","12.4","2830"
"APC 無停電電源装置 UPS 1000VA/600W BR1000S-JP ラインインタラクティブ給電 長寿命バッテリー 正弦波","12050","41","50","26","¥ 39,200","","8","B01N7P3E52","","48.7","33.7","22.5","12000"
"Creative XF1 ホワイト【VGP2026 Summer金賞】有線/無線ハイレゾ PC スピーカー","12052","34","","12","¥ 26,800","","2","B0H7R2GYXR","B0H7R3HJP3","28.9","27.7","20.2","4010"
"New オープンソースKVM Over IP、HDMIとUSB接続を備えたリモートサーバー管理デバイス (Non-PoE)","18773","13","","1","¥ 20,899","","1","B0H588WLBY","B0H58J2VJR","13.5","13.2","5.1","340"
"WAVLINK USB CとUSB3.0からデュアル4K DisplayPort&HDMIアダプター、Displaylink Dual 4K@60Hzモニターハブ M1/M2 MacBook、HP、Dell、Surfaceなど対応-シルバー","12060","15","","252","¥ 14,946","","1","B0CTSFL3JC","B0H92D9KN7","18.5","10.7","2.2","200"
"SHUWEI デスクシェルフ 2段 横幅100cm 木製天板 下段の窪み付き スマホとタブレットの置き場 型番SW-ZGJ-02 メープル色","18306","4","","11","¥ 9,999","","1","B0HFTDXMRR","B0GQB8HTJC","106","28","8","5000"
"eero Pro 6/Pro 6E Home WiFiシステム用ウォールマウントホルダー 3個パック コンセントウォールマウントスタンドブラケット eeroトライバンドメッシュWiFiシステムコードオーガナイザー 垂直/水平コンセント対応","19057","2","","15","¥ 6,400","","1","B0C4H2MSB2","","19.3","15.2","11.1","581"
"ブラザー工業 【brother純正】ドラムユニット DR-22J 対応型番:HL-2270DW、HL-2240D、HL-2130、MFC-7460DN、DCP-7065DN、DCP-7060D、FAX-2840 他","12067","48","","160","¥ 11,109","¥ 11,109","48","B004184ZS0","B092TRVRNR","36.5","22.7","11.2","660"
"REALFORCE R3 R3S キーボード 対応 キーキャップ セット タイプキー以外 ダークブルー 日本語配列 かなレス 昇華印刷 PBT M0316J","14264","43","","48","¥ 6,336","","1","B0DP8SRSFY","B0DP8QWZ84","48","16.6","2.2","190"
"サンワサプライ CAT8 LANケーブル (5m) 40Gbps/2000MHz RJ45 ツメ折れ防止 ブルー KB-T8-05BL","12258","33","","158","¥ 5,191","¥ 5,191","19","B07NPMZFL4","B07P1Z53VT","25.4","24.8","2.6","400"
"Edifier QR30 スピーカー Bluetooth5.4 PCスピーカー 小型 30W マルチポイント接続 63Hz-20kHz RGBライト 3WAY接続(Bluetooth/AUX/USB-A) 専用アプリ ホワイト","12071","57","","139","¥ 14,433","","1","B0DN6BCFZH","B0DYS94VYQ","37.5","28.4","17.4","4090"
"バッファロー 外付けHDD Seagate製ドライブ内蔵 HD-SGDA4U3-B [ブラック] [容量:4TB インターフェース:USB3.2 Gen1]","12080","184","100","179","¥ 27,550","","28","B0F4K8FY1R","","21.8","21.3","7.7","960"
"MOKiN USB Cドッキングステーション3モニター","12080","47","","1982","¥ 9,147","","7","B0FKRH8HZ4","B0GYX3SG3Q","20.1","6.6","1.9","100"
"NiPoGi E3B ミニpc AMD Ryzen 5 7530U 4.5GHz 【6650Hより速い】16GB+512GB (4TB拡大可能)","12081","54","","66","¥ 59,998","","1","B0H3KJDHH5","B0HC1PHM43","16.4","16.2","11.4","1320"
"MechLands AJAZZ AK029 高速有線ゲーミングキーボード ラピトリ 片手キーボード 8000Hzポーリング 29キー 磁気スイッチ付き アクチュエーション調整可能 RGBバックライト アルミプレート搭載 Windows/Mac対応(White)","12082","45","","51","¥ 5,355","","1","B0G34VNCY5","B0G39BFFTV","21.6","18.4","5.9","560"
"【メモリ DDR4】GIGASTONE Game PRO 8GBx2枚 (16GB Kit) DDR4 3200MHz PC4-25600 CL 16-18-18-40 Intel XMP 2.0 AMD Ryzen 1.35V UDIMM 288 ピン アンバッファー 非 ECC ゲーミング デスクトップ メモリ モジュール - 赤","12083","42","","23","¥ 26,980","","1","B0CB2Z8D5H","B0DMSMZ3FV","15.4","13.4","1.2","90"
"EPSON EB-L210SW スタンダードモデル [ビジネスプロジェクター]","12087","53","50","3","¥ 179,800","","12","B0CC4YTT85","","53.1","41.9","40.6","7220"
"【純正品・4色パック】工プソン 純正 インクカートリッジ マウス 4色パック IB07CL4A 適合機種：PX-M6010F、PX-M6011F、PX-S6010 (TohokuAce)","14218","47","50","13","¥ 6,800","","1","B0FRMKFY82","","10","6","5","500"
"Kingrid T90 Android16 タブレット 11インチ Wi-Fiモデル、1920*1200 FHD 大画面、24GB+128GB+2TB拡張、Gemini AI、Widevine L1 Netflix対応、8コアCPU T615、8000mAh+Type-C充電、Wi-Fi 6+BT5.0、アンドロイド16 タブレット、キーボード/マウス/保護ケース/タッチペン/フィルム付き","12094","39","50","223","¥ 20,499","","1","B0GXTPZ4HZ","B0H6HSCBJ2","29","20","5.6","1100"
"Adget Alternative 32inch スタンド付き大画面タブレット スマートモニター 4K タッチ操作対応 Android13 大容量バッテリー搭載 チューナーレスTV Wi-Fi6 ハイクオリティースピーカー HDMI2.0 デュアルモニター アジェット オルタナティブ 2年保証（Android 13モデル）","12095","31","","14","¥ 110,330","","2","B0F3CC8W59","B0H1PM6429","137","53","21","22000"
"fairikabe DisplayPort to USB C ケーブル 5K60Hz/4K144Hz/4K60Hz 2m ARグラス＆Wacom用","12124","41","","112","¥ 5,599","","1","B0BW8QKFHK","B0H4HK3Z2Y","16.4","16.4","2.2","140"
"KLEVV DDR5 32GB (1x32GB) 5600MHz CL46 UDIMM SK Hynix A-Die デスクトップ RAM メモリ 1.1V (KD5BGUA80-56G460A)","12099","35","","9","¥ 92,840","","4","B0CGWFYBXB","B0CNK3ZQX6","17","6.6","1.3","32"
"サンワダイレクト プログラマブルテンキー マクロキーボード 割り当て機能 プログラムキー Windows専用 27キー 400-NT010","12102","52","","30","¥ 6,280","","1","B0DFG82YJ4","B0DFGS2NDR","17.5","13.9","3.9","260"
"KEIAN 300wSFX電源内蔵 MicroATX/ITX対応スリムPCケース KX-M01","12105","40","","143","¥ 5,655","¥ 5,655","7","B07VHZPJNS","","48.2","36","15","3700"
"SSD-PST1.0U3BA/D [USB3.2(Gen1) TV録画対応 SSD 1TB]","12110","86","50","76","¥ 31,480","","8","B0CZXW635V","","15.5","12.6","4.1","40"
"インクファクトリー KAK-6CL +黒2本 エプソン用 カキゴオリ 互換インク 対応機種 EP-717A EP-817A 残量表示対応 HDカラー","10479","39","","16","¥ 5,190","","1","B0DM8FSBR9","B0FSR3P39X","22","21.3","2.1","240"
"ロジクール PCスピーカー パソコン用 Z313 ブラック ステレオ 2.1ch サブウーファー付属 3.5mm入力対応 PC スピーカー 国内正規品 2年間メーカー保証","12119","47","50","2185","¥ 7,480","¥ 7,480","1","B003OID5HA","B0BCQKB8TZ","34.2","24.3","17.8","2813"
"intel 第14世代 CPU Core i9-14900K (アンロック版・GPU機能付き) 24コア/32スレッド 最大周波数 6.0GHz LGA1700 日本国内正規品 BX8071514900K","12125","38","","1403","¥ 86,020","","10","B0CGJDKLB8","B0CLRJ17VV","11.5","10.4","4.7","91"
"BENFEI モバイルモニター 15.6インチ、FHD 1080P HDMI USB-C ゲーミングディスプレイ、超薄型IPS HDRスクリーン（スマートカバー＆スピーカー付属）、ノートPC/スマートフォン/タブレット/PS5/4/Xbox/Switch対応 プラグアンドプレイ外部モニター","12127","25","","278","¥ 7,649","","1","B0GL2C41NC","","40.9","27.5","6.4","1769"
"Womier Jelly キーキャップ、クリスタル キュート ピンク、113キー カスタム、OEMプロファイル、Cherry Gateron MX メカニカル キーボード対応 (ピンク)","12135","29","","401","¥ 5,808","","3","B0BR593GTD","B0G52DJXBX","24.8","14.9","3.6","360"
"玄人志向 電源ユニット 750W ATX 電源 80 PLUS ブロンズ PC電源 プラグイン KRPW-BK750W/85+","12136","78","","1249","¥ 14,000","","5","B078HFLJ4C","B0F488MV97","31","23","15.5","2320"
"LinkMore 512GB USBメモリ 2in1 OTG対応 Type-A & Type-C 360度回転式 合金製【最大読込150MB/s】","12140","82","","65","¥ 10,999","","1","B0CTCGZTT7","B0BMPXSC4C","13.1","9.9","1.1","30"
"Ulanzi CU01 カメラ用冷却ファン 扇風機 半導体冷凍チップ 発熱対策 自動温度制御 風量調節可 静音設計 スプリングタイプ 冷却クーラー 小型 軽量 Type-c充電式 3000mAh カメラ用ラジエーター 送風機 夏用 排熱 温度表示 ソニー/キヤノン/フジフイルムに対応","17597","78","50","57","¥ 7,438","","1","B0DK4MWFX5","","16.9","13.4","4.9","340"
"LOE(ロエ) 【日本企画】 膝上テーブル PC クッションテーブル 【 タブレットアーム 付き 】 1台","12144","37","","37","¥ 5,301","","1","B0D97GVZ7F","","44.2","29.8","13.8","1840"
"be quiet! ケースファン SILENT WINGS PRO 4 140mm PWM White 2400rpm 低ノイズファン ホワイト","12150","36","","29","¥ 5,845","¥ 5,845","4","B0CYCQ7G32","B0H389SF15","20.8","16","3.4","450"
"TP-Link Tapo 防犯カメラ 屋外 ソーラー 見守りカメラ Wi-Fi フルワイヤレス 充電式 2K QHD 4MP IP66 防水防塵 フルカラーナイトビジョン スマートAI検知 マイク スピーカー 搭載 Amazon Alexa/Google Assistant 対応 【小型ソーラーパネルマウントキット】 Tapo C425 KIT","12152","81","50","339","¥ 14,220","¥ 14,220","2","B0D46TG8T6","","27.3","21.4","9.7","1170"
"サンワサプライ TAP-ME7051T04 15Aコンセントバー用延長用アダプタ","19285","11","","4","¥ 8,641","¥ 8,641","11","B000DLFFQK","B0H7Y15BK6","40","14.8","2","322"
"【整備済み品】 I-O DATA 広視野角ADSパネル採用 21.5型ワイド液晶ディスプレイ FHD ブラック LCD-MF224EDB Switch PS 対応(整備済み品)","12155","28","","46","¥ 7,500","","5","B09FYXV4LF","","55.6","40.5","11.3","4400"
"【日本限定】 HUION KIZUNA ペンタブ 8.7×5.4インチ のべ子 コラボ 板タブ お絵描き 充電不要ペン 8192レベルの筆圧感知","12157","52","50","201","¥ 6,559","","1","B09TSQHR3M","","30.5","19.7","5.9","1040"
"光ファイバーDisplayPortケーブル 15M AOC DP1.4ケーブル 8K@60Hz/4K@144Hz/2K@240Hz 32.4Gbps","12158","44","","5","¥ 5,699","","1","B0CNGTR7CR","B0FXM7BK3C","16.3","16.2","5.2","490"
"Linksys(リンクシス) AX3000 Wi-Fi 6 メッシュシステム MX2002-JP 11ax (574 + 2402 Mbps) デュアルバンド 160MHz幅 メーカー3年保証 【 iPhone / Android アプリ簡単設定 複数台で メッシュ範囲拡張 WiFi強化可能 】","12160","55","","2","¥ 18,000","","","B0BS3BDPDK","B0BS598VK7","36.3","27.9","22.6","4800"
"Koolertron 左手デバイス プログラム可能 メカニカルゲーミングキーボード マクロキーボード 片手キーパッド マクロ機能 有線 Windows&Mac対応","12161","34","","265","¥ 6,980","","1","B0BWYJB2KH","B0H8Y8FZV8","22.5","13.9","5.2","380"
"PCCOOLER CPS RT620Pro Digital CPU空冷クーラー、デュアルタワー・ヒートパイプ6本、温度表示、TDP 265W、ブラック","12165","52","","57","¥ 6,199","","1","B0FPKWS9LD","B0GR5C8WK4","25.7","17","16.2","1410"
"サンワダイレクト モニターアーム シングル ガス式 34インチ(2～10kg)まで対応 クランプ グロメット シルバー 100-LA018","18733","31","","208","¥ 13,320","","1","B005MWVU7S","B0FZR4FG5S","48","20","14.5","3710"
"エレコム 外付けハードディスク 4TB USB3.2(Gen1) 4K テレビ録画/パソコン対応 静音ファンレス設計 ELD-GTV040UBK","12167","59","","64","¥ 24,800","","5","B08MVWGVNN","B0F7VTKXB8","23","22","9","1060"
"[ジャンスポーツ] デイパック スーパーブレイクプラス バックパック リュックサック タブレット ノートパソコン ユニセックス 26L (ネイビー/003, Free Size)","15164","0","","","¥ 7,480","","1","B0FS196WNV","","29.4","20.8","11.2","408"
"ソニー(SONY) NFC通信リーダー usb2.0 ""PaSoRi"" RC-S380/S パソコン用","12168","82","50","634","¥ 6,300","","8","B00VR1WARC","","11.8","7.8","3.1","70"
"ジット エプソン（Epson） IB06CL5A 互換 リサイクルインク 4色5本パック(黒2本同梱) 日本製 JIT-NEIB065PA","12170","37","","5","¥ 5,776","¥ 5,776","1","B0CTKDS9V5","B0GGZWHCWC","12.2","9.3","7.9","160"
"SUNEAST ULTIMATE PRO WHITE SE series CFexpress TypeB 128GB 最大書込速度1,550MB/s 最大読込速度550MB/s メーカー保証5年","12173","34","","66","¥ 8,991","¥ 8,991","8","B0F6CCYH3J","B0H4HJHWMW","13.3","10.9","2.7","20"
"VETESAノートパソコン Corei7 15.6インチ IPS液晶/1920×1080FHD Office2024搭載 Win11 Pro ノートPC 16GB メモリ SSD 256GB WEBカメラ付き 軽量薄型 laptop WIFI5/BT5.0/指紋認証機能/テンキー/日本語キーボード ラップトップ 学生向け 仕事用 学習用 ピンク","21428","21","","5","¥ 59,980","","1","B0H8NPDS5V","B0H8NNYY7F","42.4","28.4","8.2","2250"
"[Intel 認証] Cable Matters 40Gbps アクティブ Thunderbolt 4 ケーブル 2m 240W充電","12174","42","","62","¥ 8,999","","1","B0CVR2ZDQ1","B0DPH4HQ4Z","20","15.6","1.5","120"
"【Amazon.co.jp限定】 インテル（intel） CPU Core Ultra 7 270K Plus 国内正規代理店保証1年付","12180","94","50","17","¥ 65,990","¥ 65,990","1","B07666S76V","B0GHRM1ZK8","24.1","12.6","12.3","580"
"ASUS intel Core Ultra Processors (Series 2) Socket LGA1851 対応 B860 搭載 micro-ATX マザーボード/PRIME B860M-A WIFI-CSM 国内正規代理店品","12188","40","","46","¥ 15,999","¥ 15,999","7","B0DQ66PD4L","B0H7WKPJVR","27.8","27.6","6.9","1360"
"FPD タブレット 10インチ Android 16 16GB RAM + 64GB ROM (512GB拡張) 6000mAh 18W 急速充電","12195","51","50","103","¥ 15,092","","1","B0GXXNRV49","B0H5HYP88H","32.1","18.7","3.7","760"
"ZeroneTeck USB4 80Gbpsケーブル Thunderbolt 5/4用 5フィート","14391","25","","11","¥ 7,656","","2","B0G5Z1BYBH","B0H74VJVV4","18.1","7.6","1.7","68"
"横トナ ブラザー用 TN-493 4色セット 大容量版 互換トナーカートリッジ HL-L8360CDW MFC-L9570CDW など対応","12209","44","","26","¥ 6,360","","2","B075K1FNPG","B0FJW8C19K","32.4","22.7","15.9","2390"
"エレコム ワイヤレスマウス 復刻企画 士郎正宗 デザインマウス M.A.P.P. 静音 Bluetooth 充電式 Mサイズ ブラック M-SHIROW1BK","12211","69","","9","¥ 12,807","","7","B0H244CCRB","B0H247D6FY","18.2","13.6","6.7","330"
"【整備済み品】 【Win11、MS Office 2024搭載】Microsoft Surface Pro7+ / 12.3インチ タブレットPC / 第11世代 Core i5 / メモリ: 8GB / SSD:128GB / 解像度：2736 x 1824 / Webカメラ内蔵/USB Type-C/タイプカバーセット/Ryonan","12214","38","","16","¥ 55,300","","2","B0FZPCZTQC","B0FGZQHF73","40.8","28.5","11.4","1500"
"AboveTEK セキュリティワイヤーロック | 180センチ | 接着スロット2個付属｜鍵2本付｜盗難防止ケーブル｜小売店用｜PC/ノートパソコン/タブレット/モニター/MacBook/iPad/iPhone | ラップトップ対応","14728","31","","470","¥ 7,284","","14","B073R3KG22","B077YS6Q9H","13.5","13.3","2.7","191"
"HCNCP 10.1インチHDスクリーンキッズタブレット、Android 15 キッズスペース&YouTube Kids 対応&iKids対応、4コアプロセッサ、6GB+32GB、事前インストールされた教育アプリ、子供用 知育アプリ使い放題、衝撃吸収保護ケース (ブルー)","12236","52","","43","¥ 12,499","","1","B0FQ592HX4","B0FQ5C6HPT","34","20.4","5.2","1240"
"【整備済み品】Apple iPad Pro 12.9インチ (第２世代) Wi-Fi 256GB スペースグレイ","19197","16","","25","¥ 99,139","","1","B09573KH1T","B08TWL8XBG","35","25","8.5","940"
"Fargo 電源タップ SATI COLOR CORD USB PD30W TYPE-C TYPE-A AC4個口 1.8m 全9色 (ラテベージュ)","10392","46","","43","¥ 7,098","","3","B0DTTQYK1Y","B0DWMRTN8R","20.8","12.6","3.9","350"
"(サイバトロン)Seibertron 防水900D多機能ショルダーバッグ MOLLE 軍事戦術バッグ トートメッセンジャーバッグ 14.1"" pc laptop Computer Bag カーキ Khaki","12244","40","","880","¥ 5,599","","1","B016UD2XY6","B0748P6QHX","49.3","35.6","12.4","1140"
"Silver Stone SilverStone FARA311 メタル フロントメッシュ 5インチベイ搭載 ミニタワー型 PCケース SST-FA311-B/国内正規代理店品","12245","32","","60","¥ 5,945","¥ 5,945","2","B0BK8FRCM9","B0CDPG5JK6","46.8","40.6","24","4140"
"【国内正規品】AOC GK330 ゲーミングキーボード ワイヤレス 3WAY接続(BT5.0/2.4G/有線) 81キー75%コンパクト メカニカルキーボード ホットスワップ ガスケット構造 5層消音 スタビライザー PBTキーキャップ 4000mAhバッテリー US配列 サイドプリント 音量調整ノブ付き 1680万色RGB LEDバックライト Mac/Win対応","12247","56","50","13","¥ 5,980","","1","B0G42JCT1B","","36.9","20.7","7.2","1240"
"SSD 外付け 2TB RGBライト搭載 USB3.2 Gen2対応最大読取速度2000MB/s ハードディスク 外付けスマホ/PC対応 3年保証","12247","54","","350","¥ 39,580","","1","B0F4XMDP5V","B0G93QMVLM","14.7","10.6","1.7","150"
"Logicool G 8000Hz ラピッドトリガー ホットスワップ G512 X 75 ゲーミングキーボード タクタイル ガスケットマウント 日本語配列 G512X-75-TCBK アクチュエーションポイント 調整可能 有線 テンキーレス 磁気式アナログスイッチ メカニカル LIGHTSYNC RGB ゲーミング キーボード ブラック windows 国内正規品","12250","76","","2","¥ 28,145","¥ 28,145","1","B0GWLT37Y6","B0H1QG2DBK","35","17.1","6.6","1170"
"ウエスタンデジタル(Western Digital) WD ポータブルHDD 4TB USB3.0 グレー My Passport USB-C USB-C＆USB-A両対応 暗号化 パスワード保護 外付けハードディスク / メーカー3年保証 WDBRMD0040BGY-WESN 国内正規代理店品","12251","57","50","134","¥ 30,630","¥ 30,630","1","B0CL7GCHZV","","14.4","10.4","4","290"
"キャノン製 インクカートリッジ 純正 交換用 6色マルチパック BCI-381+380/6MP (BCI-381+380/6MP, 1)","14454","67","50","11","¥ 9,980","","1","B0DTJQ6G69","","14.1","10.9","5.6","300"
"USBハブ電源付き USB 3.0ハブ6ポート5Gbp高速伝送(USB A+C)+18W急速充電ポート, 独立アイコンスイッチ付き, 12V/3A電源","12268","4","","78","¥ 5,499","","1","B0H4LCDBLK","B0HF776PWT","22.7","14.5","5.7","480"
"Netac SSD 1TB M.2 2280 NVMe PCIe Gen4×4 （ ヒートシンク付き ）最大7100MB/s 5年保証","12276","41","","3","¥ 23,731","","1","B0D8VYDK9S","B0GTYGRCWS","13","6.5","1.7","20"
"NEC Wi-Fi 5（11ac）4ストリーム対応 無線LANルーター Atermシリーズ WG2600HS2","12277","95","50","155","¥ 8,800","","5","B08L4BB4T3","","26.8","23.6","7.2","790"
"SOUNDWARRIOR 密閉型 軽量 片耳 オーバーヘッド ヘッドセット USB-Cアダプター 付 日本製 SW-TR1-USB","12279","30","","4","¥ 14,058","","2","B09JMQYTDY","B0B9WJTHW6","20.9","19.8","9.2","270"
"APC 無停電電源装置 UPS 常時商用給電 BE425M-JP 425VA/255W 矩形波 家庭用","12289","52","50","93","¥ 8,577","","14","B01MY53XVO","","31.8","22.2","14.2","3380"
"MoKo iPad 10th Generation Case 2022, Slim Stand Hard PC Translucent Back Shell Smart Cover Case for iPad 10th Gen 10.9 inch 2022, Support Touch ID, Auto Wake/Sleep, Blue Starry Sky","12289","47","","321","¥ 6,479","","1","B0BSLL6B6B","B0GKG21VZM","26","21.1","1.6","260"
"Netac 外付けSSD 1TB 550MB/s USB3.2 Gen2 ポータブル 3年保証 ZSlim","12290","52","","314","¥ 18,979","","1","B08ZMHSHDZ","B0DC9S6NG5","15","9","2.4","80"
"AIRHUG 会議用スピーカーマイク（Bluetooth & USB接続対応）","12291","37","","1963","¥ 5,999","","1","B09Y155R6Z","B0B63TVV55","13.3","12.2","5.7","300"
"AOOSTAR AG01 eGPUドックドッキングステーション OCulinkポート 800W電源内蔵 外付けGPU グラフィックボード ドックケース エンクロージャ 最新型 合金製","12296","46","50","36","¥ 23,180","","1","B0DWMTPG91","B0FJX9BWQW","30.1","22.7","11.4","2270"
"CORSAIR VENGEANCE DDR5 16GB（8GB×2）最大 5200MHz対応 Intel RAM","12298","41","50","466","¥ 36,900","¥ 36,900","23","B0BZHXGYWS","","15.3","9.1","1.2","100"
"PLDHPRO タブレットスタンド 5.1インチ~15.6インチ 調節可能なニーボード iPad、iPhone、Galaxyタブ用 ipadスタンド","12298","22","","64","¥ 7,374","","1","B0DT46C7YV","B0FGNMQS97","17.7","11.5","8.8","349"
"JAPANNEXT 24インチ 液晶モニター JN-IPS24WX-HSPC6","12301","39","","5","¥ 26,980","¥ 24,526","8","B0FTZ6SBBX","B0FX2VDSM8","70.2","45.3","22.1","5510"
"Shimarisudou ゲーミングマウスパッド デスクパッド みつき クロス表面 XLサイズ 900×400×5mm","9174","18","100","3","¥ 5,800","¥ 5,800","1","B0H8ML1PLL","B0H8MDTQD9","44.6","9.7","9.7","1130"
"ウエスタンデジタル 500GB WD Blue SN580 NVMe 内蔵ソリッドステートドライブ SSD - Gen4 x4 PCIe 16Gb/秒 M.2 2280 最大4,000MB/秒 - WDS500G3B0E","12305","31","","6299","¥ 57,347","","2","B0C8WP6B8R","B0D2PGJ156","12.7","10.1","2.4","40"
"Ewin 折りたたみキーボード Bluetooth JIS日本語配列 タッチパッド 3台切替 カバースタンド付き ブラック","12309","35","","23","¥ 5,280","","1","B0GK1L438Q","","23.3","13","3.1","550"
"Aseker 072H CRG-072H 072 H 互換トナーカートリッジ[2パック] [残量表示]大容量4100ページ","12313","35","","7","¥ 6,980","","1","B0FJ2CG2LF","","32.1","18.3","13.7","1490"
"Macaroon FREEBOT ポケット wifi モバイル wi-fi 5GB 30日 国内用 [並行輸入品]","12313","33","","528","¥ 8,990","","1","B0BRXNDZP2","B0FH27PN61","16.8","12.4","3.7","290"
"アイ・オー・データ キャプチャーボード ゲームキャプチャー HDMI PC不要 ゲーム録画 編集 フルHD SD/HDD保存 日本メーカー GV-HDREC","12315","55","","2025","¥ 18,880","","11","B01NBKP6GC","B0DZWR824Z","22.2","16","7","520"
"【Amazon.co.jp限定】ロジクール M325sDS ワイヤレスマウス 無線 5ボタン M325s ワイヤレス マウス ダークシルバー windows mac chrome 国内正規品","12320","36","","327","¥ 6,400","","4","B0BFDFLCB8","B0BQ9XHF9H","18.5","11.2","9.3","120"
"SODOLA 2.5Gbps スイッチングハブ 10ポート（8x2.5G RJ45 & 2x10G SFP+）","12322","42","50","133","¥ 7,992","","1","B0FK97HNRG","B0H9WDF4TP","24.6","19.3","6.1","630"
"NEO by OYAIDE Elec d+ USB Type-C class B 2.0m USBケーブル","12324","48","","180","¥ 5,666","","6","B07ZRCK2TW","","24","21.4","3.2","190"
"キッズタブレット 7インチ Wi-Fi6モデル Android 64GB+1TB拡張 EVAケース付き","12327","37","","93","¥ 7,384","","1","B0FGNPBDM1","B0FFJZ8VK2","28.8","17.2","4.2","760"
"ノートパソコン Office搭載 パソコン Win 11 Pro 15.6インチ ノートPC 12GB メモリ SSD 256GB Intel プロセッサー 最大3.4GHZ FHD1080P IPS非光沢液晶 ウェブカメラ付き 静音動作 軽量薄型 laptop WIFI5/BT5/USB 3.0/HDポート/日本語キーボード テンキー付き 学生向け 仕事用 学習用","12331","76","50","26","¥ 37,479","","1","B0GY8ZWVL1","B0H1V2N9DF","45","29.2","7.5","2060"
"TCL Note A1 NXTPAPER 11.5インチ 専用ケース 【タッチペン収納付き】 マグネット式 スマートカバー オートスリープ/ウェイク対応 軽量 薄型 スタンド機能 傷防止 耐衝撃 全面保護カバー","12342","43","50","2","¥ 8,690","","1","B0GYLMC128","","32.7","27.7","2.2","380"
"RSHTECH ハード ドライブ エンクロージャ USB 3.0 へ SATA アルミニウム エクスターナル ハード ドライブ ドック ケース 3.5 インチ HDD SSD用 最大 10TB ドライブ [サポート UASP] シルバー","12345","51","","1518","¥ 6,969","","1","B07LCFQ9C3","B0DB81ZNXB","19.7","12.2","9.2","584"
"KEMOVE P10 2-in-1 Semi-Auto Switch & Keycap Puller for Mechanical Keyboard","12347","39","","925","¥ 5,915","","7","B0BXSJ3HL7","B0D9NTP21N","13","5.1","2.4","59"
"ASRock X870 Taichi Creator AMD Ryzen CPU (AM5)対応 ATX マザーボード 【正規代理店品】","12347","41","","25","¥ 66,747","¥ 66,747","11","B0FSLVZDBP","","34.8","28.6","8.7","2980"
"Cable Matters USB-C 10GbE LANアダプター 10Gbps有線LAN タイプC","12348","71","50","184","¥ 10,879","","1","B0G1WJFR5V","","10.5","7.2","2.2","50"
"2026年モデルvrゴーグル ，携帯用vrゴーグル，跳ね上げ式 vr ゴーグル，3Dパノラマ体験 ，ピントや目幅調整可 ，調整可能なヘッドストラップ，vrゴーグル スマホ用，い 4.7～6.5インチiPhone&androidなどのスマホ対応 ，映画や動画の視聴、ゲームのプレイが可能（日本語説明書付）","12354","20","","3","¥ 6,999","","2","B0GY47BKCN","","20.2","19.4","15.1","560"
"0.005mmラピッドトリガー搭載 GravaStar Mercury V75 ゲーミングキーボード 75%レイアウト 独自開発のUFO磁気スイッチ","12365","10","","7","¥ 22,933","","1","B0H6WGQQV8","B0HF7QN4W5","37.8","18.7","7.9","1760"
"【Amazon.co.jp限定】京セラ用 TK-8336 TK-8336M マゼンタ 互換トナーカートリッジ 対応機種: TASKalfa2552ci/2553ci/3252ci/3253ci【Tankard】","12365","15","","2","¥ 5,980","","1","B0F6CYZ6X2","B0FX4HT2G6","62.5","8.7","8.5","500"
"2026最新ノートパソコン 15.6インチFHD/インテル6500Y/16GBメモリ512GB高速SSD/Office 2024&Win11Pro搭載","12366","52","","310","¥ 46,699","","2","B0B5DN7F8B","B0H9B27R5B","48.5","31.2","7.2","2490"
"[ セット品 ] CANON キャノン 純正品トナー カートリッジ067H 大容量 4色セット ( ブラック シアン マゼンタ イエロー ) CRG-067H MF656Cdw / MF654Cdw 対応","12366","39","","9","¥ 44,100","","2","B0BN9J5J91","","38.5","23.1","20.4","3070"
"GIGABYTE X870E AORUS MASTER - AMD Ryzen 用 ATX 上位高級ゲーミングマザーボード MB6569","12369","48","","127","¥ 88,688","¥ 88,688","56","B0DGVSW4FD","B0DXYXXQZH","34.7","30","8.6","2572"
"5年間フル保証ディスプレイ 241S9A/11 [液晶ディスプレイ 23.8型/1920×1080/ブラック]","12370","36","","12","¥ 11,960","","11","B0CPBZMBKT","","53.5","44.3","22.8","3550"
"JBL QUANTUM 360 WIRELESS ゲーミングヘッドセット/低遅延 2.4GHz ワイヤレス Bluetooth/デュアルワイヤレス接続/着脱可能ボイスフォーカスブームマイク/ゲームチャットバランスダイヤル/JBLQTUM360BLK","12376","58","50","43","¥ 9,314","¥ 9,314","13","B0DCG8CB26","B0HF9N1KWZ","25.4","23.4","7.2","540"
"SteelSeries ゲーミングヘッドセット Arctis Nova Pro Omni Black 無線 ワイヤレス ヘッドホン マイク付き ボイスチャット可能 ハイレゾ 96kHz アクティブノイズキャンセリング 3台同時接続 30時間バッテリー Switch/Switch2/PC/PS5/PS4 対応 空間オーディオ 高耐久 調整可能 61721 ブラック","12387","48","","26","¥ 54,973","¥ 54,973","3","B0GN93QZ1X","B0H3K2LFQP","28.8","22.4","9.9","1400"
"XUNDEFINED 21.5インチ モニター フルHD(1920x1080) 120Hz 超薄型 液晶ディスプレイ スピーカー内蔵 VAパネル 非光沢 100%sRGB 4000:1コントラスト比 AdaptiveSync対応 ブルーライト軽減 フリッカーフリー HDMI+DP+音声出力端子搭載 チルト調整 75mm*75mm VESA対応","12389","26","","9","¥ 11,980","","1","B0H3NNB52H","B0HGT45BXR","55.9","45.6","10.5","3030"
"XPPen ペンタブ Deco mini7W V2 ワイヤレス対応 Bluetooth5.0 8192筆圧レベル 傾き検知60° 8個ショートカットキー USB-C接続 Android/iOS/Windows/macOS対応 コンパクト板タブ お絵描き/オンライン授業","12391","18","","1","¥ 6,698","","2","B0GWD4PXZR","","27","16.7","3.9","580"
"HP Series 3 Pro 322pf 21.5インチ フルHD IPS モニター リフレッシュレート100Hz HDMI DisplayPort VGA VESA 100mm 非光沢 ブルーライト軽減 3辺極細ベゼル採用 HDMIケーブル1.8m/DisplayPortケーブル1.8m 各1本付","12396","51","","6","¥ 12,200","","10","B0FGNX4GV8","","56.5","38.4","26.2","4500"
"ブルーレイドライブ 外付け 【安定動作×高速書き込み】 外付けブルーレイプレーヤー blu-ray 外付けドライブ USB3.0 USB-A＆Type-C両接続 350g 軽量 1.8cm 薄型 静音設計 Windows11 10/8/7/XP/MAC OS対応 再生/読み込み/書き込み/焼き対応 blu-ray プレイヤー 外付け bdドライブ 外付け M-DISC","12405","65","","180","¥ 7,999","","1","B0GPHPQ5R9","B0H4RPYMFQ","19.3","15.9","2.9","360"
"ORICO M.2 SSD 外付けケース 40Gbps 工具不要最新 USB4 M.2 NVMe SSDケース ファン内蔵の透明Thunderbolt 4 SSD ケース2230 2242 2260 2280(Mキーのみ)対応、USB4/3.2/3.0/2.0対応-TCM2U4 ブラック","12405","42","","4","¥ 6,989","","1","B0FD99C1Y8","B0FLNTFFGF","18.6","10.8","2.4","160"
"AGFINEST 8K HDMI to DisplayPort 変換ケーブル 1m 4K@120Hz / 2K@240Hz 単方向 HDMI(入力)からDP(出力)へ アクティブ 変換ケーブル HDR Dolby対応 アルミ合金外装 金メッキコネクタ 高耐久ナイロン編み PC/Switch/PS5/Xbox/ゲーミングモニター対応","12407","34","","9","¥ 5,199","","1","B0GZKX6TYY","B0H1RNC4HW","24.1","17.4","2.5","110"
"Giecy ウルトラスリム検出不能マウスムーバー、調節可能なインターバルタイマー付きマウスジグラー、リアルなマウスの動きをシミュレートし、コンピューター、ラップトップ、アクティブ、オフィス、自宅、リモートワークを維持(ホワイト)","12407","37","","202","¥ 6,537","","1","B0DY7NXV1H","B0F65GB8FJ","16.1","9.2","2.2","141"
"SteelSeries ゲーミングヘッドセット ヘッドホン Arctis Nova Pro Wireless PS White 軽量 無線 ワイヤレス PS用 密閉型 ハイレゾ アクティブノイズキャンセリング搭載 Hi-Fiサウンド PC/PS 5/4/Switch2/Switch/スマートフォン対応 61526 ホワイト 調整可能","12418","65","","16","¥ 46,500","¥ 50,180","7","B0CYLT16C2","B0G52DFZSK","30.9","26.6","11.1","1402"
"VBR520YP10D1","12425","55","","190","¥ 6,660","","14","B01N417Z2R","","14.3","12.2","5.2","550"
"Silicon Power 500GB DS72 外付けSSD 高速 ポータブルSSD スティック型SSD USB Type-A/USB Type-C 3.2 Gen 2 (ブラック) 5年限定保証 SJ500GBUC3S72V1KSC Amazon限定","12430","51","","61","¥ 14,980","","2","B0D14SKR8L","B0FTFHMNB7","26.3","12.3","1","10"
"TERRA 2748W V4.0 27インチ モニター 最長 5年保証 IPS 非光沢 フルHD 144Hz HDMI/DisplayPort/USB Type-C (※充電非対応) ハードウェアブルーライトカット スピーカー内蔵 ヘッドホン端子 傾き調整（高さ調整なし）","12430","32","","3","¥ 15,120","","1","B0GSVDHS3Z","B0H1WYZ5K6","68.4","46","14.6","6070"
"GLOTRENDS 400mm PCIe 4.0 X16ライザケーブル 直式180度 GPU マウント用 PCI-E Gen4対応 32GB/s速度","12436","26","","13","¥ 11,999","","1","B0C41GWTRZ","B0C5VJ297T","26.7","16.8","3.6","230"
"UGREEN HDMI+DP KVM切替器 2入力3出力 8K60Hz 3モニター対応 USB3.0 4ポート 二重切替方式 マルチOS完全対応","12442","93","100","321","¥ 12,749","","1","B0G34NJ11Y","","28.1","17.5","8.6","1590"
"HP プリンター A4 インクジェット 複合機 OfficeJet Pro 9120 デュアルバンドWi-Fi対応","12442","40","","7","¥ 31,107","¥ 31,107","2","B0FMQRZMB9","B0FPPWF182","48.8","40.9","32.7","11080"
"RasTech Raspberry Pi 5 8GB セット Raspberry Pi 5 8gb 本体 技適マーク付き/ 64 GB メモリカード/ 5.1V 5 A Type C電源/ 2 Micro HD Out ケーブル/ABSケース/アクティブクーラ/USBカードリーダ/スクリュードライバ/説明書/インストールの説明図","12451","36","","47","¥ 42,980","","1","B0D2Y13NHR","","23.7","14.9","5.1","590"
"Innex C831 AI搭載 4K解像度 自動顔追尾オートフレーミング 5倍デジタルズーム180°超広角パノラマWEBカメラ","12453","40","","44","¥ 49,800","","1","B0DJBJ8NND","B09PFLKGSK","18.3","11.7","7.4","540"
"【Amazon.co.jp限定】Lenovo ノートパソコン パソコン IdeaPad Slim 3 15.3インチ インテル® Core™ 7 プロセッサー 350 メモリ16GB SSD512GB Microsoft 365 Personal (24か月版)搭載 Windows11 バッテリー駆動15.7時間 重量1.59kg ルナグレー 83RR00C0JP ノートPC NPU対応AIPC","12460","21","","1","¥ 134,800","¥ 134,800","1","B0H3KVP9HR","B0H395XQNR","47","30","7.2","2500"
"HUAWEI WiFi Mesh X3 Pro Wi-Fi7 インテリア 無線LANルーター クリスタルアンテナ IPv6 BE3600 2882+688Mbps 2.5Gポート2基搭載 メッシュ対応 かんたん設定 Wi-Fi診断の可視化 ペアレンタルコントロール 本体中継器セット ブラック","12462","47","","13","¥ 35,820","","1","B0GWM5Z9TK","B0GYQRRDFM","33","32.8","15.2","2820"
"JAPANNEXT 21.5インチ 液晶モニター JN-IPS215F2-HSP","12469","46","","5","¥ 15,980","¥ 14,526","10","B0FK8S9VJP","","55.2","37.3","18.2","4360"
"「カウンターチップ‌」072H CRG-072H 互換トナーカートリッジ ( 072 CRG072 )大容量 4100ページ キヤノンCanon Satera LBP171 LBP172 MF286 MF286dn MF288 MF288dw MF289 MF289dwプリンター用 2本セットブラック","12470","28","","9","¥ 6,631","","1","B0FX9YSV7R","","32.1","18.3","13.9","1480"
"【タブレット 10インチ Android 16】 UBDXBD T30 Android 16 タブレット WiFiモデル 24GB+128GB+1TB拡張 T7250 8コア Widevine L1 Netflix対応 1280×800 IPS 6000mAh GPS搭載 tablet軽量482g 顔認証 FMラジオ Bluetooth5.0 GMS/TELEC認証 日本語説明書付き グレー","12472","39","50","16","¥ 13,998","","1","B0H3TY12BY","B0HBPMC8LH","27.2","19","4.9","820"
"【純正品・大容量】工プソン 純正 インクカートリッジ マウス 大容量 4色パック IB07CL4B 適合機種：PX-M6010F、PX-M6011F、PX-S6010 (TohokuAce)","12476","43","50","4","¥ 17,800","","1","B0FRMKQXDZ","","10","6","5","500"
"Android 16 タブレット 10インチ SIM対応 タブレットPC 20GB+128GB+1TB拡張 1280×800画面 Widevine L1対応 Netflix・Prime Video対応 GMS認証 GPS搭載 Bluetooth 5.2 Wi-Fi OTG対応 8000mAh キーボード・マウス・保護ケース・タッチペン・保護フィルム付 日本語説明書 (グレー)","12476","28","","43","¥ 12,904","","1","B0GS5KRRGZ","B0GZT1T618","28.9","19.9","5.4","1280"
"【Amazon.co.jp限定】OKI用 TC-C3B TC-C3BK1 C844dnw C835dnwt C835dnw C824dn ( ブラック ）互換トナーカートリッジ 対応機種：OKI C844dnw C835dnwt C835dnw C824dn【Tankard】","12480","13","","11","¥ 5,320","","1","B0C7MPDHX2","B0HF464D23","38","12.6","9.7","590"
"キヤノン トナーカートリッジ318（ブラック） CRG-318BLK","12480","33","","22","¥ 5,980","","28","B001ULVCOQ","B0CV7HXZWB","38.7","12.8","11.7","100"
"WD Blue SN5100 500GB NVMe SSD - M.2 2280 PCIe Gen 4.0 内蔵ソリッドステートドライブ - 読み取り速度 最大6,600MB/秒 PC/ノートパソコン用アップグレードストレージ - WDS500G5B0E","12491","91","50","814","¥ 20,500","","33","B0FJ8VGNK8","B0H4J2SQ63","12.9","10.3","2.2","40"
"GL.iNet GL-BE3600 Slate 7 Wi-Fi 7 トラベルルーター タッチスクリーン 2.5G","12496","56","50","33","¥ 23,289","","1","B0F5331N6R","B0F53KQSHB","18.7","15.5","6.2","610"
"I-O Data テレビ録画＆パソコン両対応 外付けハードディスク HDD-UT4KB [ブラック]","12499","33","","13","¥ 24,780","","17","B0CW1LFGL9","","22.6","21.9","7.5","870"
"「2026年新時流・特許取得済」llano ノートパソコン 冷却 ノートパソコンクーラー 冷却ファン 冷却台 (ターボブースト技術/空冷式冷却/無段階風量調整/3 in 1 USBハブ/LED ディスプレイ)【90秒急速冷却/14cm大口径遠心ファン/360°全方位送風/高さ調節可】 15-19インチに対応 ノートpc 冷却 PCの長時間作業 デスクワーク/オフィス/在宅勤務などに適用 ホワイト","12507","34","","47","¥ 11,304","","1","B0CPDKDZRS","B0CRQ8QPBW","45.4","41.4","10.5","2240"
"Crucial クルーシャル P3 Plus 1TB NVMe PCIe M.2 内蔵型SSD 5000MB/秒 CT1000P3PSSD8【5年保証】 [並行輸入品]","12510","108","50","101","¥ 29,120","","4","B0BG83287J","","13.1","9.9","1.3","30"
"【国内正規品】Keychron K2 HE ラピッドトリガー ワイヤレス カスタムキーボード、ホールエフェクトGateronダブルレール・マグネットスイッチ、2.4GHz・Bluetooth無線対応、QMKプログラム可能、アルミ+ウッドフレーム、USレイアウト、RGBライト、Mac Windows Linux対応 (ブラック)","12515","52","","61","¥ 22,352","","1","B0DSG319ZM","B0DXQ964K7","32","20.3","7.2","1490"
"MOSISO ラップトップ スリーブバッグ 対応機種 Laptop 18.5インチ(ブラック)","12518","60","","6299","¥ 5,224","","1","B0D739LXTR","B0FNWV3TF9","36.3","24.7","6.9","572"
"VFLEX スターターキット","12520","17","","","¥ 8,800","","1","B0H7WQPRCN","B0H8NV755L","16.7","10.4","6.4","300"
"パナソニック 4倍速ブルーレイディスク片面1層25GB(追記型)20枚P LM-BR25LP20","12521","47","","480","¥ 14,600","","23","B01CDZSYXE","","14.3","12.6","10.4","1090"
"Seagate 3.5インチ 内蔵 HDD ハードディスク2TB 2年保証 5,400rpm BarraCuda 国内正規代理店品 ST2000DM005","12523","41","","856","¥ 15,999","","2","B07MZZT9DP","","18.6","14.4","4","440"
"TP-Link Giga対応 10/100/1000Mbps スイッチングハブ 24ポート 5年保証 金属筺体 TL-SG1024D","12530","40","","2209","¥ 12,510","¥ 12,510","4","B003UWXFM0","","34","23.5","7.9","2100"
"こまもの本舗 ブラザー 用 TN-29J ブラック 互換トナー 10個セット","12539","25","","31","¥ 8,770","","2","B088M4YKPR","","47.9","31.9","30.2","6090"
"Perixx(ペリックス) PERIBOARD-106MUS キーボード 有線 パフォーマンス フルサイズ USB メンブレン 最大1000万回のキーストローク ベージュ 英語配列 【正規保証品】 (英語配列・ベージュ)","12545","36","","1578","¥ 5,505","¥ 5,505","2","B08F3WBFP1","B0D6GZXX99","48.3","20.3","4.6","998"
"MSI モニターアーム MPG MT201RG シングル/ガススプリング方式/17インチ ～ 49インチ対応/耐荷重2 ～ 20kg/VESA75 / 100/クランプ/グロメット/5軸/RGBライティング/メーカー3年保証","12547","3","","","¥ 14,800","¥ 14,800","1","B0H7XG4MMB","","50.8","39.9","35","20180"
"Razer BlackWidow V4 TKL HyperSpeed - 鳴潮 Wuthering Waves Edition ゲーミングキーボード","12555","5","","","¥ 35,980","¥ 35,980","1","B0H4RC3JXT","","36.3","15.4","4.3","974"
"TALONGAMES×田中 寛崇 ARTシリーズ ゲーミングマウスパッド 凛音RINNE コントロールタイプ 日本製表面 490*420*4mm SOFT 布製 eSports 2.5Dシームレス技術 ポリウレタン製滑り止めベース 大型 特典同梱","12556","13","","3","¥ 6,980","","2","B0H11GD52Q","B0H11V44RJ","50","50","1.5","200"
"オムロン ソーシアルソリューションズ BY80S 無停電電源装置(常時商用給電/正弦波出力)800VA / 500W","12557","28","","8","¥ 45,830","","15","B07S4L1WVN","","44.4","33.2","19.8","7540"
"fanxiang ssd 500gb 外付け【PS4/PS5対応】TLC NAND採用 USB Type-C 【最大読込2,050MB/s】 小型 ポータブルssd Mac対応 防滴防塵 耐衝撃 アルミ筐体 5年保証 PS2000W","12561","35","","804","¥ 13,980","","1","B0CSJL13BH","B0F629QQNV","12.8","8.9","3.2","110"
"【整備済み品】 WD 内蔵HDD Green 1TB 3.5inch SATA3.0（SATA 6 Gb/s） 64MB Intellipower WD10EZRX","12568","50","","15","¥ 5,180","","2","B0DK6NSHK7","B09JSK67H2","14.7","10.2","2.6","450"
"パフォスゴ for DELL JK6Y6 互换バッテリー 容量3550mAh 11.25V 40Wh PSE認証 互換修理用","12570","38","","12","¥ 5,660","","1","B0FK2BKV1L","","22.3","12.2","2.3","210"
"Canon トナーカートリッジ054 マゼンタ CRG-054MAG","12571","47","","66","¥ 6,312","","33","B07RJ282RY","","36.6","11.2","9.6","760"
"Philips(フィリップス) 23.8型ワイド 液晶ディスプレイ 243B9/11","11084","49","","43","¥ 17,980","","15","B094FMX5YB","","60","47.4","20.2","7440"
"ワイヤレスゲーミングキーボードマウスセット 108キーLEDバックライトRGBキーボー 2.4GHz 無線 充電式 日本語配列 19キー防衝突 4段階DPIマウス ps5 ps4 PC/Windows/Mac対応 日本語説明書付き 220(2.4GHz無線)","12576","53","50","307","¥ 5,549","","1","B0F79MZGQF","B0H3LZ6487","44.8","20.9","5.2","930"
"SanDisk 内蔵SSD 8TB WD_BLACK SN8100 M.2-2280 NVMe PCIe Gen5.0 x4 最大転送速度 14,900MB/秒 ゲーミングPC/ハイエンドPC向け ヒートシンク非搭載 国内正規代理店品 5年保証 WDS800T1X0M-EC","12576","38","","21","¥ 373,200","¥ 377,563","2","B0G4CCT2VQ","B0GGJ3HTNY","13","9.8","1.5","100"
"GIGASTONE マイクロsdカード 128GB 10個セット microSDXC U1 C10 85MB/s 防犯カメラ ドライブレコーダー 監視カメラ アクションカメラ スポーツカメラ 対応 Video Recording フルHD 動画 SDアダプター2枚付き","12576","68","","144","¥ 49,980","","2","B0BN5YJXP6","B09QGP6SZ1","12.6","11.9","2","20"
"AVerMedia LIVE GAMER 4K 2.1 GC575 内蔵型 キャプチャーボード DV0922","12580","81","50","37","¥ 23,609","¥ 23,609","4","B0CJZM4ZJP","","20","15","5.6","430"
"iFLYTEK AINOTE 2 スタイラスペン 4096段階筆圧 300PPI超高精細 ゼロ遅延 低遅延 消しゴム内蔵・傾き検知・誤操作防止 磁気吸着 充電不要 Bluetooth不要 超軽量 高耐久 タッチペン タブレット対応","12583","32","","4","¥ 8,680","","1","B0FY671DGR","","18.1","4.9","2.4","60"
"【純正品 2個セット】 キヤノン インクカートリッジ BC-360/BC-361XL (標準容量 ブラック/大容量 3色カラー) 2個セット 対応機種：PIXUS TS5330","12583","48","","8","¥ 6,249","","9","B0DP8BLQWS","","11.6","8.8","5.7","140"
"ロジテックダイレクト SSD 240GB 内蔵 換装キット クローンソフト 外付けケース 付属 HDD データ移行 LMD-SS240KU3","12586","42","","1082","¥ 7,480","","1","B07NPLF9TZ","B0DQ4V4J7W","15","10.1","3.2","170"
"Logicool G ゲーミングキーボード G813-LN 有線 リニア 赤軸 薄型 静かなタイピング GLスイッチ 日本語配列 LIGHTSYNC RGB USB パススルー ゲーミング キーボード メカニカルキーボード G813 PC window mac Chrome ブラック 国内正規品 【 ファイナルファンタジー XIV 推奨モデル 】","12587","47","","498","¥ 20,800","","8","B07VVJ9PQN","B0FX429J41","51","23","4.2","1580"
"Androidタブレット最新 2026タブレット10インチ WIFIモデル、14GB+128GB+2TB拡張可能、4G 通話、2.0GHZ 8コアCPUT606 、5G/2.4GHZ WIFI、8000mAh大容量バッテリー+BT5.0+13MP/8MPデュアルカメラ+GMS/PSE認証+GPSアンドロイドタブレット、オンライン授業/子供用 付属品一式","12591","26","","291","¥ 11,999","","2","B0D4HQSVJM","B0D8T4L23N","31.8","19.2","4.9","1330"
"【整備済み品】 レノボノートパソコンThinkPad L13 office搭载 windows11,【爆速メモリ16GB】Core i5第10世代13.3インチ（1920*1080)中古ノートPC，SSD512GB/軽量1.38kg/パソコン/日本語キーボード/WIFI/HDMI/USB3.1","12601","97","50","101","¥ 54,800","","1","B0FNW4FFNZ","B0FNW926Y6","40.2","29.5","10.9","1930"
"サンワサプライ RJ-45コネクタ(単線用) 100個入り ADT-RJ45-100SN","12605","28","","275","¥ 9,665","¥ 9,665","26","B015404VSM","B01FH6OMQY","15.9","12","4.6","146"
"[ 強化ガラス素材 ] TALONGAMES マウスソール マウス フィート Razer Deathadder V3 Pro 用 ゲーミング マウス 交換用 ラウンドエッヂ加工 高耐久 超低摩擦 Super Smooth Glide ブラック【 日本正規代理店保証品 】","12607","21","","447","¥ 5,129","","1","B0BL3C4SP1","B0BJ5V5RCN","14.9","8","1.5","18"
"ESR iPad Air 13インチ キーボード ケース M4/M3/M2 マグネット着脱式キーボード 縦向き/横向きモード Rebound360","12608","72","50","175","¥ 15,999","","1","B0CSYC9SVV","B0H8XFX7QV","34.3","24.1","3.1","1260"
"【最新型】Yadkbo iPad mini キーボード 日本語配列 軽量 iPad mini 7/mini 6 8.3インチ対応 7色バックライト付き","12608","6","","3","¥ 6,480","","1","B0H1MHXKZ6","","21.7","17.7","2.9","520"
"【整備済み品】N E C 軽量ノートパソコン／第10世代 Core i5／12.5型フルHD／VC-6／メモリ 8GB／SSD 256GB／Windows 11 Pro／MS Office 2019／USB 3.0／Type-C／無線WIFI／HDMI／Web カメラ／高精度タッチパッド","12617","59","","25","¥ 25,020","","1","B0G2Y8RPMY","B0G2Y2PT3Z","42.2","31","6.9","1520"
"ASUS Chromebook クロームブック CM32 Detachable 12.1インチ 2in1 タブレット MediaTek Kompanio 540 8GB メモリ 64GB eMMC 日本語キーボード 重量620g ペン付き クラウドチタニウム CM3206DM4A-TR0103","12618","52","","5","¥ 74,321","¥ 74,321","2","B0H1KH4T9V","B0H7RHKG76","32.2","22.3","9.2","1850"
"【ブラザー純正】トナーカートリッジ　TN299XXLM 対応型番:HL-L3240CDW、MFC-L3780CDW　他","12620","72","50","7","¥ 19,280","¥ 19,327","33","B0CJXPVMLM","B0D7Z63SC7","39","15.7","10.9","670"
"AsiaHorse Nyota Pro 120mm PCケースファン ARGB PWM デイジーチェーン接続対応 デュアルゾーン非同期ライティング 18個アドレッサブルLED 2000RPM 高風量61.5CFM 低騒音29dB PCケース/簡易水冷両用","12626","23","","38","¥ 5,299","","1","B0GT9FS8Q5","B0GXB4ZTQM","16.2","13.2","9","710"
"セット品 純正品 トナーカートリッジ054 4色セット CRG-054 LBP622C / LBP621C / MF644Cdw / MF642Cdw 対応","12626","33","","","¥ 27,510","","1","B0DXSSLYYG","","37.3","22.6","19.7","2500"
"WD HDD 内蔵ハードディスク 3.5インチ 4TB WD Red WD40EFRX SATA3.0 5400rpm 64MB 3年保証","12627","41","","16988","¥ 29,999","","5","B00EHBERSE","B0H3Z4TBR7","18","12.9","5.7","721"
"IODATA セキュリティUSBメモリ パスワードロック EU3-PW/8GR-UE","12628","42","","1","¥ 8,600","¥ 8,600","1","B0GVDRYXH8","B0GVMVVGYC","13","3.9","1.7","10"
"keepLiNK スイッチングハブ 16ポートアンマネージ スイッチングハブ 100Mbps (PoE+ x16 240W) 静音ファンレス","12630","54","","220","¥ 11,968","","1","B0C4T5CW5K","B0HDBG2TYY","31.8","26.7","8.2","1770"
"Wantek USB Headset with Microphone Noise Cancelling, Stereo PC Headphone for Laptop Computer SoftPhone Skype Webinar Office Business Call Center, Audio Controls, Clear Chat, Ultra Comfort","12632","30","","497","¥ 20,602","","1","B08LR8QNS5","B0H412DZZQ","17.4","14.2","5.5","200"
"BUFFALO WiFi 無線LAN 子機 WI-U3-866DS 11ac 866+300Mbps USB3.0","12636","34","","443","¥ 5,800","","5","B0713TW25T","","17.5","12.6","3.1","110"
"REALFORCE RT1 テンキーボード ブラック キー荷重 45g 有線 プログラマブル テンキー 静電容量無接点方式 左手デバイス 片手デバイス T1UX11","12638","80","50","24","¥ 13,376","","1","B0DNJQMDSK","B0DNJNRGM9","21","16.6","6.2","470"
"KODAK Memo Shot ERA トイカメラ＆フォトラベルプリンター 1ロール付き ホワイト","12638","21","","187","¥ 7,990","","4","B0CYBSB5HQ","B0CZDQ81M2","12.2","6.8","6.5","260"
"【正規品】 ネットギア NETGEAR スイッチングハブ 8ポート 1G 金属筐体 VLAN QoS 静音ファンレス リミテッドライフタイムハードウェア保証 アンマネージプラス 法人向け GS108E-400JPS","12638","70","","271","¥ 7,250","","39","B0F1Y47LSM","B0F749Z181","20.8","16.1","8.7","740"
"アイ・オー・データ機器 HDPT-UTS1K USB3.1 Gen1対応ポータブルハードディスク「高速カクうす」 カーボンブラック 1TB","12641","40","","15","¥ 19,800","","3","B07T17PT95","","15.8","13.1","4.9","300"
"BitTradeOne ADUSBCIM USB CABLE CHECKER 2","12642","66","50","455","¥ 5,445","","4","B07Y8BPVV4","","15.2","11","2","59"
"ZYNTHRALIX iPad (A16) 第 11 世代 2025/第 10 世代 キーボード付きケース、iPad 第 11/10 世代 10.9 インチ用 マジックキーボード、縦置き・横置きモード対応、11 色バックライト付き着脱式保護ケース、防汚加工表面、脱落防止ペンホルダー付き、スイカレッド","12642","12","","43","¥ 13,999","","1","B0H3W8S73F","B0H885TR2W","27.6","21.6","3.2","1150"
"【アースドリームス公式】2-in-1 USB3.0／USB-C 外付け blu-rayプレイヤー ドライブ Windows 専用 (XP/7/10/11 対応) 軽量スリム 書込・再生対応 プラグアンドプレイ 1年日本国内保証 日本語サポート BD2025-Air","12646","52","100","26","¥ 6,780","","1","B0FJ5TTGWQ","","16.4","16.3","2.9","390"
"AGI 外付けSSD 2TB USB3.2 Gen2x2 ED298 ポータブル","12649","12","","23","¥ 53,480","","1","B0D7GKB8B8","B0GCDPJNYF","10.8","8.3","2.2","60"
"KiiBOOM リボン・ニャー キーキャップセット MAOプロファイル かわいい猫柄キーキャップ メカニカルキーボード用 ABS+PCダブルショット成形 カスタムキーキャップ 113キー 60%、65%、75%、TKL、96%、フルサイズレイアウトに対応 (Meow Bow)","12650","25","","276","¥ 7,100","","1","B0GVN4CJDX","B0GTYNPVDP","29","18.4","3.7","440"
"京セラ KYOCERA 純正 トナー TK-3161 ECOSYS P3145dn/ECOSYS P3045dn/ECOSYS M3645idn用トナー","12650","36","","3","¥ 10,900","","5","B0C6X4VXPS","","33.1","12.8","12","680"
"Canon トナーカートリッジ054H マゼンタ CRG-054HMAG","12655","50","","37","¥ 9,878","","36","B07RJ2TXCT","","36.8","11.1","9.5","730"
"Galaxy Tab S8 Ultra タブレット,256GB,14.6インチ/120Hz/画面内指紋認証 有機ELディスプレイ,11,200mAh,S Pen同梱,グラファイト","12660","29","","306","¥ 115,800","","2","B0B2DPT719","B0DK3LH5MT","34.5","22.8","2.2","1040"
"「国内正規品」Keychron K4 HE ワイヤレスキーボード JISレイアウト 2.4G/Bluetooth/有線 Mac/Wins ブラック","12663","36","","23","¥ 23,584","","1","B0FQB7F216","B0FSRDKHF9","40.4","20.3","7.1","1610"
"Kobo スタイラス2（ホワイト）| メモ、ハイライト機能 | Type-C充電 |Libra Colour、Elipsa 2E、Sageに対応 |タッチペン","12665","37","","1816","¥ 9,180","","2","B0DP3D1FHT","B0H996KF1R","23.6","6.2","2.1","90"
"FMV ノートパソコン 日本製 3年保証 Copilot+ AI Note U WU1-L1 (Copilotキー搭載/Win 11/14.0型/Core Ultra 5/16GB/SSD 512GB/Officeなし) AZ_WU1L1_Z1171 K0A80002JP","12668","26","","","¥ 180,500","","1","B0GGH9N7JH","B0GGGDS3J1","38.3","36.5","5.7","910"
"Ulanzi TH04 カメラアーム スタンド 俯瞰撮影 アーム 耐荷重2KG 延長アーム 910mm 全金属 Ukaクイックリリース付き 360度回転 自由雲台 1/4ネジ 手元撮影 マイクアーム webカメラスタンド YouTube Tiktok LIVE生放送/物撮り/web会議 動画撮影に適用 ブラック","12670","41","","48","¥ 10,303","","2","B0DSPWX545","","44.8","35.2","7.8","2082"
"ロジクール デジタルペンシル 2025年発表のiPad シリーズ 含む 2018年以降のiPadシリーズに対応 Crayon iP10BB シルバー 日本の教育現場で実際に使用されているモデル 7時間バッテリー iPad/Pro/Air/mini 対応 Lightning 充電 国内正規品","12683","54","","11","¥ 5,179","¥ 8,837","21","B0G19QKRHK","B0G2L4ZY39","19.1","4.1","1.1","20"
"LCL Brother用 ブラザー用 TN299XL TN-299XL 互換トナーカートリッジ (4色セット ブラック シアン マゼンタ イエロー)","12686","46","50","141","¥ 8,850","","1","B0D3PP8BZG","B0GW86FWH5","33.8","25.8","11.2","2240"
"Nuroum C10 会議用マイクスピーカー 一体型Webカメラ 1080P HDR USBプラグ&プレイ","12688","54","","28","¥ 14,980","","1","B0D2L7GR5L","B0FX4DHBRV","22.9","12.9","10.9","500"
"[ セット品 ] 純正品 トナー カートリッジ069 3色セット (シアン マゼンタ イエロー) CRG-069","12691","35","","7","¥ 30,900","","1","B0BWHYLZM7","","37.9","28.6","12.9","1880"
"CRG-054H 互換トナーカートリッジ Canon 用 054H 4色セット対応機種：MF644Cdw MF642Cdw LBP622C LBP621C 印刷枚数ブラックは約3200枚、カラーは約2500枚","12692","51","50","40","¥ 5,580","","4","B0FMYKQLN1","","32.4","17.5","17.2","2330"
"INNOCN CB27U1 27インチ 4K モニター クリエイター向け MacView対応 4K 120Hz 99% Adobe RGB/99% DCI-P3 ΔE<1 色校正 HDR500 2000:1 Type-C 90W HDMI2.1 DP1.4 PIP/PBP 高さ調整 ピボット 非光沢 ホワイト","12699","40","50","15","¥ 59,999","","1","B0GZZ62WGD","","85","46","15.7","5200"
"Hynix HMA81GU6JJR8N-VK HYNIX 1RX8 PC4-2666V-U メモリ モジュール (1X) 8GB","12705","36","","94","¥ 6,980","","25","B086Q2K81X","","18.1","12.3","2.3","32"
"トナーテック ブラザー用 LC512XL-4PK 互換インク 4色セット 大容量 残量表示対応","12708","53","50","6","¥ 6,480","","1","B0GSZ26NRC","","11.4","10","9.3","280"
"【動画・連写に】ソニー CFexpress Type Aメモリーカード CEA-M1920T TOUGH 1920GB(ILCE-1/FX6/FX3/FX30/ILCE-7SM3/ILCE-7M4対応)","12708","52","","","¥ 108,200","¥ 109,465","4","B0C695YDLJ","B0C76XDV2S","12.5","10","1.6","30"
"Brook Wingman PS2 Converter with a Keychain - PS2/PS/PS Classicゲーム機に対応 コントローラーコンバーター ターボとリマッピングにサポート (限定商品)","12714","39","","50","¥ 5,933","","1","B0CRJW798L","B0HGX81XCK","11.1","6.6","2.7","40"
"keepLiNK スイッチングハブ 24ポート 100Mbps PoE+ (300W) 金属筐体 | 1 x 1G SFPスロット | 1 x 1G アップリンクポート ファンレス アンマネージスイッチ","12718","33","","354","¥ 20,610","","1","B0GC7GL5ZX","B0HDB8RJBC","36.5","28.5","8.3","2270"
"ASUS TUF Gaming H1 Gen II/有線ゲーミングヘッドセット / バーチャル7.1サラウンドサウンド / 軽量297g / TeamSpeak認定単一指向性マイク/USB 接続/PC / PS5 / 国内正規品","12722","29","","2","¥ 10,082","¥ 10,082","3","B0DYBWQ75D","B0FD3368N4","24.5","20.6","11.6","520"
"バッファロー 外付けHDD 6TB 法人向け HD-SH6TU3","12727","49","","24","¥ 64,333","","8","B0976WT7MN","B097DLMMK5","24.4","22.9","8.7","1760"
"usb c 延長ケーブル 8m 60W/5A 急速充電 USB3.0 5Gbps 高速データ転送 4K ビデオ出力 タイプ C 延長コード ナイロン編み 高耐久 映像出力 USB-C搭載ノートPC・外付けSSD・モニター用","12745","10","","41","¥ 5,999","","1","B0H6B8N5KP","B0H6LVGX6N","20.9","20.3","3.1","350"
"ARCTIC S4028-15K（5パック）- 40x40x28 mmファン、1400-15000 RPM、PWM制御、4ピンコネクタ、12 V DC - ブラック","12747","17","","23","¥ 7,880","","49","B09SB9D7V2","B0H4N5B974","9.2","8.8","5.4","240"
"タブレット用ユニバーサルVESAマウントアダプター、モニターアーム延長アーム、4.7~15.6インチのタブレット/電話/ポータブルスクリーンに対応。VESA 75x75&100x100、MAT002-XLに対応。","12747","54","","9","¥ 6,648","","2","B0G7SCCNYJ","B0H4HT4WV6","40.1","26.7","4.7","962"
"ANTEC PCケース P20CE ブラック PWMファン3個を標準搭載したE-ATX対応ミドルタワーケース Antec P20CE","12753","28","","54","¥ 10,990","¥ 10,990","3","B0BRVJHM6R","B0FWK8244K","55.6","54.9","29","8220"
"TCL Note A1 NXTPAPER 11.5インチ フルカラー電子ノート 120Hz AIタブレット ChatGPT搭載 Google Play","12763","65","50","37","¥ 83,682","","1","B0GYJNPM9Y","","29.3","27.9","3.4","1060"
"pen for ipad 2nd generation, pen with タッチペン ipad用 ペンシル アップルペンシル ワンボタンスイッチ スタイラスペン 15分急速充電","12764","23","","536","¥ 5,041","","1","B0CB69QVQD","B0D5BDM377","18.6","5.7","1.7","59"
"Ewin iPad A16 11世代/10世代 キーボード付きケース 軽量 460g 標準日本語配列 iPadAir M4/M3/M2 第4/5世代用","12765","67","50","58","¥ 5,696","","1","B0F4XMXD87","","28.5","19.6","2.5","650"
"【Android16 タブレット 11インチ 新登場】TABWEE T90 タブレット アンドロイド16、24GB+128GB+2TB拡張、1920*1200 FHD大画面、 WidevineL1 Netflix対応 顔認識 、8コアCPU tablet、8000mAh+Type-C充電 、OTG+GMS認証+無線投影、キーボード+マウス+タッチペン+ケース付き 仕事・学習・動画視聴に最適","12765","93","50","596","¥ 24,999","","1","B0GHN2TTD1","B0HFJPDF59","28.9","20","5.4","1360"
"Kobo Libra Colour （ホワイト） / カラー対応/書き込み機能/Eink/電子書籍リーダー / 32 GB/防水 / IPX8 / Wi-Fi/タッチスクリーン/タブレット/ComfortLight PRO","12766","38","","32","¥ 40,390","","6","B0D493Y9ZB","B0D93NV4R6","19.4","18.1","2.7","380"
"ASUS ProArt GeForce RTX™ 5070 Ti OC エディション 16GB GDDR7 ビデオカード コンパクトな 2.5 スロット設計、強力な冷却/PROART-RTX5070TI-O16G 国内正規代理店品","12768","41","","4","¥ 261,414","¥ 261,414","3","B0FW2YLHC7","","40.9","23.6","9.3","1750"
"DSD TECH SH-G01L USBアイソレーター USB2.0対応 480Mbps 高速アイソレーション","12770","47","","494","¥ 6,499","","1","B0CSYNSZ3K","B09478YRXP","13.2","8.4","2.9","32"
"ヒットボックスウルトラ レバーレス コントローラ 高精度入力対応 格闘ゲーム専用コントローラ PC/Steam/Switch/Switch2 対応 日本語マニュアル付き","12775","26","","2054","¥ 28,000","","1","B0H2Z2TV8F","B0HGPVPJRQ","32","24","5","2000"
"SanDisk サンディスク Extreme Pro SDXC 128GB カード UHS-I 超高速U3 V30 Class10 4K対応［並行輸入品］","12777","117","50","62130","¥ 8,284","","27","B07H9DVLBB","","14.5","10.3","1.4","20"
"XPPen Artist 15.6 Pro V2 液晶ペンタブレット 15.4インチ フルHD 液タブ 16K筆圧感知 X3 Proスマートチップ搭載ペン 8ショートカットキー 液晶タブレット スタンド付属","12778","46","50","14","¥ 39,180","","1","B0G2XZ29S6","","52.3","36.7","12.6","3810"
"Fractal Design Define 7 White TG ミドルタワーPCケース E-ATX 対応 強化ガラスモデル FD-C-DEF7A-06 CS7699","12779","40","","72","¥ 31,293","¥ 31,293","4","B084T497W9","B0872BVBVW","64.5","55","36","16250"
"WAVLINK USB-C 4Kクアッドディスプレイドック M1/M2/M3/M4/Macbook Neo macOS対応","12780","17","","140","¥ 10,620","","1","B0H43ZKP9N","B0HB97H5JQ","18.3","10.6","2.4","200"
"オープンフレーム ITX対応｜アルミ合金製 オープンPCケース アルミニウム DIY向けフレーム 放熱性重視 ブラック","12783","6","","1","¥ 5,499","","1","B0H2VQB78V","","37","25","5","1850"
"玄人志向 AMD Radeon RX 9060 XT 搭載 グラフィックボード 16GB ホワイトモデル デュアルファン 【国内正規品】 RD-RX9060XT-E16GB/WHITE/DF","12789","114","50","4","¥ 70,043","¥ 70,043","1","B0FDGBTV9S","B0FH234SQK","29.4","19.3","7.2","780"
"LG ゲーミング モニター AI 32GX870B-B 31.5インチ/4K@240Hz/タンデムOLED/0.03ms/USB-C給電90W","12791","64","50","31","¥ 208,909","¥ 208,909","1","B0H26V7L4Q","B0H6HWH893","96.5","54","18","13900"
"【整備済み品】 ノートパソコン dynabook G83/HS 13.3インチ フルHD Core i5-1135G7 第11世代 Windows11 Office 2021搭載 カメラ内蔵 Wi-Fi6 type-C (SSD:256GB メモリ:16GB)","12799","97","50","59","¥ 50,000","","1","B0DR9BRG8B","B0DR9C4W5X","35","25","3","1200"
"リコー GC41 4色セット（ BK/C/M/Y ）純正 SGカートリッジ","12802","33","","12","¥ 13,600","","11","B0789735SK","","18.4","14.8","12.7","480"
"KingSpec OneBoom M.2 NVMe SSD 2TB Gen5.0 最大読込14000MB/秒 3D NAND & DRAMキャッシュ","12805","26","","10","¥ 59,980","","1","B0FJFX9MXY","B0FLKN8HNB","10","6.8","1.5","27"
"SanDisk 256GB ウルトララックス USB Type-Cフラッシュドライブ - 最大400MB/秒、USB 3.2 Gen 1、プレミアムメタルデザイン - SDCZ75-256G-G46。","12806","44","","1958","¥ 7,999","","23","B0CP43532G","B0DBNQ2ZS9","15.1","10.1","1.3","59"
"ASRock B850 LiveMixer WiFi AMD Ryzen (AM5) 対応 DDR5 ATX マザーボード 【正規代理店品】","12810","75","","127","¥ 28,263","¥ 28,263","11","B0DRTV5QK8","B0FG854W69","35.1","28.4","7.7","1991"
"CANON 純正品 トナーカートリッジ072 CRG-072 2本セット","12811","41","","","¥ 14,150","","12","B0DQ46FCWW","","38.7","24.5","16.3","1500"
"小型モニター 12インチモニター Eyoyo 小型ディスプレイ 160°広視野角 1366x768 HDMIモニター AV/HDMI/BNC/VGA サブ モニター スピーカー内蔵 ゲームモニター ラップトップ/PC/ラズベリーパイ/Xbox/Windows 7/8/10対応 ミニHDカラーモニター 工業用モニター 日本語 11.6インチ監視モニター (11.6)","12817","27","","1043","¥ 29,109","","1","B01KJVERF8","B0DRCFG6WH","35.9","30.4","7.9","1742"
"【Android16 セット版 タブレット】P10 Android16 10インチ タブレット 90Hz IPSディスプレイ 48GB RAM+128GB ROM+2TB TF拡張 7000mAh大容量バッテリー WiFiモデル デュアルスピーカー 8MP+5MPカメラ 顔認証 Widevine L1 キーボード+ワイヤレスマウス+有線イヤホン+保護ケース+タッチペン+フィルム付き","12820","24","","18","¥ 19,900","","1","B0GYXB5Z3V","B0HFSPHCGF","27.8","19.9","6.2","1190"
"【整備済み品】Microsoft Office 2024 H&B 搭載｜Microsoft Surface Book 2｜13.5インチ ノートパソコン Windows11 MS Office 2024 H&B 付き｜CPU：Core i5 第8世代 メモリ：8GB SSD 256GB｜WEBカメラ搭載 顔認証 USB-C 解像度 3000x2000","12821","50","50","4","¥ 34,800","","2","B0GX8GQ4TH","","40.9","28.5","11.7","2410"
"サンワサプライ 省エネタップ（3P・6個口・5m） TAP-S10N2-5","12823","41","","15","¥ 5,079","¥ 5,436","14","B0C3KT5JK9","B0C4PQ3Y5B","41.1","15.5","6.5","1130"
"Hanye 1TB 内蔵型SSD 2.5インチ 7mm SATAIII 6Gb/s 550MB/s 3D NAND採用 アルミ製筐体 正規代理店品 国内3年保証","12823","78","","1852","¥ 19,760","","1","B0BBM1NZGZ","B0BBM2PKF7","13","9.9","1.4","70"
"AMD CPU Ryzen 5 5500GT BOX With Wraith Stealth Cooler 100-100001489BOX CP1457","12825","52","","446","¥ 19,620","","10","B0CQ4H1B5B","B0HC696CF7","13","13","7","430"
"Synology NASキット 1ベイ DS124 クアッドコアCPU搭載 1GBメモリ搭載 ミドルライトユーザー向け 国内正規代理店フィールドレイク取扱品 電話サポート対応品 DiskStation","12825","37","","204","¥ 28,283","¥ 28,283","12","B0BYJ165RS","B0CNLSYKMM","32.3","21.2","9.3","1261"
"サンワサプライ PoEインジェクター(電源内蔵・IEEE802.3at(30W)・4ポート対応) LAN-GIHINJ3","12825","55","","79","¥ 29,282","¥ 29,282","21","B086WX2RPW","B0FJ28YGRS","23","14.5","8.3","1200"
"AOOSTAR EG01 eGPUドック OCuLink専用（PCIe 4.0 x4・最大64Gbps）外付けグラフィックボード スタンド ミニPC/ノートPC用 ※Thunderbolt非対応・OCuLinkケーブル別売、オープンフレーム設計 (EG01、 OCULink)","12829","49","","11","¥ 21,749","","1","B0G1BRDS42","B0G1BPZV44","30.8","21.4","9.2","1480"
"リコー PFU ドキュメントスキャナー ScanSnap iX100 (最新/A4/片面読取/Wi-Fi対応/USB接続/モバイル/書類/レシート/名刺/写真) (White)","12837","62","","235","¥ 25,940","","7","B0C23QN2LZ","B0C7QSMT2G","31.3","14","7.4","680"
"IODATA Webカメラ マイク付 Web会議 バスパワー Zoom/Meet/Teams 日本メーカー USB-AIOC2/UE","12838","10","","12","¥ 17,980","¥ 17,980","1","B0H7VXL7XC","B0H9RXRPF4","15.3","11.7","7.6","280"
"VioraShell iPad Air 13インチ ケースM4/M3/M2(2026/2025/2024)対応 薄型 四隅/側面包み込み 衝撃保護","12841","3","","7","¥ 5,699","","1","B0H9XK1TYP","B0H9XV7JBY","28.9","22.7","1.9","532"
"GMKtec K17 ミニPC「超長寿命」【2026最新】Intel Core Ultra5 226V搭載mini pc 最大4.5GHz 高性能 LPDDR5X 8533MT/s 16GB+1TB MAX 16TB Win11Pro搭載 小型PC 3画面8K出力/USB4（Oculinkより安定）/WiFi6E/2.5GLAN/コンパクト/省エネ設計/ビジネスの万能ミニPC","12846","47","","42","¥ 92,599","","1","B0GV4RPFM3","B0HGQB6JP1","18.9","18.4","10.8","1430"
"LCL エプソン用 SC13 SC13MBL SC13MBM 4色セット 互換インクカートリッジ 増量 顔料 SC13CL SC13CM SC13ML","12852","39","","23","¥ 5,980","","1","B089FSNPMJ","","18.4","12.5","7.7","480"
"GIGABYTE B850 AORUS ELITE-P ICE ATXマザーボード 神鷹凛モデル MB7038","12860","27","","7","¥ 41,629","¥ 41,629","1","B0H62232LX","","33.8","27.5","8.2","2130"
"【玄人志向】4入力対応 キャプチャーボード｜4K30fps同時録画・HDMI 4系統切替・FHD120fps録画｜ゲーム大会・配信・マルチカメラに最適 KURO-CPC-4K4C","14865","56","","","¥ 31,892","¥ 31,892","4","B0F5WNLPCH","B0F83T8CJ2","24","15","4","400"
"【整備済み品】 Philips(フィリップス) 27型ワイド液晶ディスプレイ ブラック 273V7QDAB/11 スピーカー付 IPSパネル 1920×1080/DVI HDMI D-Sub (整備済み品)","12869","24","","4","¥ 12,000","","3","B0BYRZQ7WN","B0BYS2GTGL","66.5","44.5","12.8","6460"
"【整備済み品】Surface Pro キーボード Type Cover Pro 7/7+/6/5/4対応 JIS標準日本語配列 ブラック","12873","6","","2","¥ 13,281","","1","B0H6XBLWCH","","31.6","25.7","3.2","440"
"AMD CPU Ryzen 5 7600 With Wraith Stealth Cooler 100-100001015BOX CP1387","12876","70","50","3240","¥ 27,343","¥ 27,898","179","B0BMQJWBDM","B0HC5Y49GZ","12.7","12.5","8.4","440"
"Dell 23.8インチタッチモニター P2424HT 23.8型/1920×1080/HDMI、DisplayPort、USB-C/ブラック/スピーカー：あり タッチパネル","12876","47","","4","¥ 46,999","¥ 52,167","10","B0DH4G2TWF","","77","39.7","16","10827"
"【整備済み品】Apple MacBook Pro 2021 (16インチ,32GB RAM,1TB SSD,M1 Pro 10コアCPU/16コアGPU) スペースグレイ","20155","28","","3","¥ 195,000","","","B0C8FZ9W1V","B0BT4FGYQX","37.8","27.6","7.3","2430"
"【Amazon.co.jp限定】ブラザー Brother用 TN299XL（ TN-299XL ) 大容量 互換トナー 4本セット　印刷可能枚数：ブラック：3000枚ぐらい/本 カラー：2300枚ぐらい/本 大容量（A4用紙で5％印字率の場合）対応機種：HL-L3240CDW、MFC-L3780CDW ICチップ搭載 【Soha.】","9141","54","50","71","¥ 8,189","","1","B0CYPY348C","B0HGQJTM3T","33.3","20.9","12.2","1910"
"【370 改良モデル・最强AI ミニ PC】GEEKOM A9 Max Ryzen AI 9 HX 470 mini pc Radeon 890M","12885","54","","101","¥ 237,405","","2","B0FJ2298N5","B0H8XTLPXY","19.3","19.2","12.6","1430"
"ソニー(SONY) ゲーミングマウス INZONE Mouse-A :MSE-G500 Fnatic共同開発/USB Type-Cケーブル(USB-A - USB-C) ワイヤレスドングル 同梱/軽量 約48.4g / 右利き左右対称型/急速充電 / 5分充電で約10時間使用可能 / 8,000Hz / 30,000dpi","12887","62","50","45","¥ 16,740","¥ 19,000","14","B0FLCHCL71","B0GX91W6NK","20.5","11.7","6.9","310"
"BenQ ZOWIE ゲーミングマウスパッド G-SR III 布製/滑り止め加工/フラットパッケージ/47x39cm/ブラック","12891","19","","2","¥ 6,039","","1","B0H94FZG2C","B0CQSZ9BY1","49.7","41.3","1.4","520"
"Fanxiang 40Gbps超高速 M.2 SSD 外付けケース NVMe SSD ケース 内蔵冷却ファン付き 高放熱 Thunderbolt 3/4 USB 4.0/3.2/3.1/3.0/2.0対応 2230 2242 2260 2280(M Key)をサポート8TB容量に対応 2本ケーブル付属 アルミニウム合金材質 MP400","11861","65","","123","¥ 6,599","","1","B0F83B43WG","B0GX5NDCCL","18.4","13.8","2.2","281"
"【Amazon.co.jp限定】 JAPANNEXT 28インチ 液晶モニター JN-i283U","12894","44","50","44","¥ 28,980","¥ 28,980","2","B0DHWXDQ16","","71","45.5","19","7000"
"サンワダイレクト WEBカメラ 無線 ワイヤレス 200万画素 1080p マイク付き 広角 Type-C/USB-A対応 400-CAM102","12896","45","","5","¥ 19,800","","1","B0BP955QKZ","B0F3J1PGBR","13","12","7.2","280"
"YUNZII AL66 アルミ製 ワイヤレス メカニカルゲーミングキーボード（ミルクスイッチ、ブルー）","20271","30","","64","¥ 9,536","","1","B0CJBJHSF1","B0CJBR128H","40.5","15.3","6.2","1480"
"HiMeLE Quieter4C N150 ファンレスミニPC OS搭載（最大3.6GHz 4コア/4スレッド） 8GB DDR4 128GB デスクトップPC 4Kトリプルディスプレイ対応 デュアルHDMI+USB-C接続 WiFi 5/BT5.1/有線LAN","22604","25","","","¥ 67,999","","1","B0F3JJXVP9","B0D31G12TJ","16.8","11","6.4","520"
"Surface Pro12/11/10/9/8/7/6/5/4/3/X/Go/Book/ラップトップ用スタイラスペン、シルバー。","12902","42","","5","¥ 7,185","","1","B0CDQ47F5R","B09NLBVBGH","19.5","5.7","2.4","100"
"金蛇精ZZZ 明治薬品 120粒 30日分 栄養補助食品 メンズサプリ 男性用 マカ ビタミン ランペップ 亜鉛 マムシ サプリメント","10781","57","50","12","¥ 6,111","","1","B0CTHDHBDW","","15.5","10.7","1.6","50"
"【正規品】 ネットギア NETGEAR スイッチングハブ 24ポート 1G 金属筐体 静音ファンレス メーカー3年保証 アンマネージスイッチ GS324-200JPS","12910","59","50","59","¥ 12,500","¥ 13,618","14","B08WZ5218Q","B0CH9FHYPR","35.2","28.7","8.2","2110"
"純正 TN-491BK / TN-491C / TN-491M / TN-491Y 4色セット トナーカートリッジ MFC-L8610CDW ・ MFC-L9570CDW ・ HL-L8360CDW ・ HL-L9310CDW","12915","37","","13","¥ 41,580","","5","B07JX77TKK","","36.5","34","28","2780"
"Acer Nitro 湾曲 34インチ ウルトラワイド UWQHD 広視野角VA 非光沢 200Hz 1ms(VRB) 10億7000万色 AMD FreeSync Premium sRGB 99% HDR10 ブルーライト低減 HDMI 2.1 DisplayPort v1.4 スピーカー・ヘッドフォン端子 ゲーミングモニター 3年保証(パネルは1年) ED340CURX0bmiipx","12918","9","","1","¥ 37,382","¥ 37,382","2","B0GK6RQJ6X","","90","47","17","9900"
"【整備済み品】Surface Go2(サーフェス ゴー)薄くて軽く 10.5 インチ PixelSence ディスプレイ/Windows 11/第 8 世代インテル Core m3-8100Y/SSD 128GB/メモリ 8GB/USB-C/Windows Hello/Office Home 2021 (本体)","12918","32","","12","¥ 21,800","","1","B0D4597HLR","B0D45L5Z2S","30.7","19.6","10.4","870"
"StarTech DisplayPort to HDMI変換ケーブル 3m 4K30Hz DP 1.2 パッシブ DP2HDMM3MB","12921","43","","1808","¥ 5,650","","13","B01HQTS8YW","B018VMBYQC","20.8","19.8","4","130"
"UGREEN Revodok Maxidok Thunderbolt5 Mac mini ドッキングステーション Thunderbolt5×2+DP 2画面異表示 8K@60Hz M.2 SSD増設 8TBストレージ拡張 120Gbps高速転送 65W給電 USB-A3.2×3+SD4.0/TF4.0 TB4/USB4/TB3対応 Windows/MacBook","12924","26","","17","¥ 34,216","","1","B0FGCVR5WZ","","22","18","5.9","760"
"パナソニック 録画用2倍速ブルーレイ片面2層50GB(書換型)5枚 LM-BE50P5","12929","29","","124","¥ 17,200","","12","B00R0WQ1EU","","14.2","12.5","2.7","274"
"NEC 無線LAN WiFi ルーター Wi-Fi5 (11ac) / WG2600HS Atermシリーズ 4ストリーム (5GHz帯 / 2.4GHz帯) ‎‎PA-WG2600HS【 iPhone 13 / 12 / iPhone SE(第二世代) / Nintendo Switch メーカー動作確認済み】 dual_band","12933","37","","837","¥ 9,980","","5","B07MWQ9C7P","B09RPKR6Q8","23.9","22.1","6.4","780"
"ReliiPad シニア向け タブレット 10.1インチ Android 4GB SIMフリー/WiFi対応｜設定不要ですぐ使える 健康管理アプリ・SOSボタン搭載 高齢者 プレゼント","12935","19","","32","¥ 14,800","","1","B0FSDVP3XC","B0H6ZKN6R9","31.2","21","3.7","1320"
"11インチ UMIDIGI G9 Tab Android タブレットPC SIMフリー タブレット 8GB RAM+256GB ROM 1TBまで拡張可能 7200mAh/13MP/FM/GPS/顔認証 高性能 高速プロセッサ 軽量 コンパクト 動画視聴 学習用 子供用 お年寄り向け IPSディスプレイ グレー","20293","29","","369","¥ 17,999","","1","B0DF74L1K6","B0GHRPW1Z7","27.4","24.5","4.2","1152"
"LINOVISION 2.5Gbps BT 60W PoE++ インジェクター、LEDディスプレイ付き、IEEE802.3bt対応、シングルポート PoE インジェクター、PTZカメラ/Power Over Ethernet照明/Wi-Fi 6アクセスポイントなどに応用可能、3年保証","12939","25","","42","¥ 7,599","","1","B0GF7R7W95","B0HG9CPJDR","15.5","12.2","3.7","322"
"XPPen 液タブ 21.5インチ 液晶タブレット 大画面 X3 Proペン イラスト マンガ制作 windows macOS対応 Artist 22 Plus","12942","65","50","96","¥ 63,839","","1","B0CN178CFV","","67.2","47.6","17.6","9890"
"MonstaStorage ノートパソコン Windows11 第12世代 N150 プロセッサー 15.6型 フルHD IPS液晶 / DDR5 16GBメモリ / 次世代 NVMe SSD 512GB / officeソフト付/テンキー付き/WEBカメラ内蔵/高速・省電力設計","12944","63","50","21","¥ 53,980","","2","B0FXV4BFCS","B0FXV2FV49","48","29","6","2090"
"[365チャージWiFi] ポケットWiFi 1年間 60ギガ付 モバイル ポケット Wi-Fi ルーター 契約不要 月額費用無し 端末買い切り サンロクゴ チャージ ワイファイ 24時間365日 ギガ追加 可能 最短即日利用可能 プリペイド wifi ルーター ギガ 有効期限365日 同時接続 10台 モバイルWiFi プリペイドWiFi (60GB【即時開通モデル】)","37057","7","","312","¥ 22,000","","1","B0CTMPDFCG","B0DGD4DX16","16.7","12.8","3.9","290"
"Original Lexar 1667x V60 250MB/s Flash Memory sd cards 64GB 128GB 256GB UHS-II U3 Card high speed SDXC For 3D 4K HD video 128GB","12948","94","50","563","¥ 10,500","","4","B07P8SLBMT","","13.9","10.1","1.3","10"
"EPSON 純正インクカートリッジ IB02CA シアン 4,600ページ","12948","36","","5","¥ 7,679","¥ 8,543","35","B07BH47X84","B08PC4HP3Z","18.8","11.4","2.8","250"
"EAGET CF22 USBメモリ 256GB USB 3.0 読出速度150MB/s 回転式 Type-C USB-A 2in1 金属製 軽量で耐久性があります","12949","41","","112","¥ 5,821","","1","B0H1R4MFH1","B0H4LFNW52","11.2","9.9","1.1","20"
"Intehill モバイルモニター 3k モニター 16 インチ AG非光沢IPSパネル 3072x1920 黄金比16対10 ノートパソコン デュアルモニター 自立型 sRGB 100%広色域 400nits高輝度 ミニPC/Macbook/ノートPC/Switch VESA対応 ポータブルモニター U16ZA","12950","70","50","195","¥ 23,100","","1","B0DNPZP27X","B0GXZSMS7K","40","34.3","5.4","1580"
"KOORUI ゲーミングモニター 24.5インチ 240Hz フルHD Fast IPS 1ms(GTG) HDR400 sRGB 99% DCI-P3 90% Adaptive Sync対応 FreeSync/G-Sync互換 HDMI2.0×2 DP1.4 オーディオ端子 VESA対応 チルト調整 ブルーライト軽減 フリッカーフリー G2511X","12952","42","","5","¥ 13,110","","1","B0GSZV92HX","B0GXTV6CYV","63.5","42.5","15","4500"
"Razer レイザー Basilisk V3 Pro ゲーミングマウス ワイヤレス Bluetooth 無線 接続 Focus Pro 30K オプティカルセンサー 30,000DPI 第 3 世代オプティカルマウススイッチ 高速スクロール可能なチルトホイール 11ボタン 13ゾーンのChroma RGB対応 バシリスクブイスリープロ 【日本正規代理店保証品】 Black","12959","114","50","362","¥ 19,800","¥ 21,980","4","B0BBFX2CWB","B0G7RD7JJ3","21.1","12","7.4","400"
"JAPANNEXT 27インチ ゲーミングモニター JN-i27G120U2","12963","61","","2","¥ 35,436","¥ 35,436","9","B0G7B7S9T5","B0GJDDYSWC","68","44.5","18","6150"
"Elgato Cam Link 4K [録画・配信用コンパクトHDMIキャプチャカード(日本国内正規品)] 10GAM9901","12964","70","50","13780","¥ 18,979","¥ 19,867","6","B07K3FN5MR","","20","15","7","140"
"CENYB 超薄型モニタースタンド 卓上・壁付け兼用モニター台 13 インチ～34 インチ対応 VESA 75/100 規格 ケーブルポート下向き設計でデスクスペースを最大限活用 ホワイト","12964","38","","38","¥ 6,900","","1","B0G92RCSVN","B0GMTG7ZPR","44.8","20.5","16.5","2250"
"ProGrade Digital CFexpress 4.0 Type A 512GB Dual VPG 400/800 メモリーカード (最大読込1800MB/s 最大書込1700MB/s 持続書込1500MB/s) プログレードデジタル 正規輸入品","12974","6","","16","¥ 99,700","","1","B0H7XSHHGY","B0D8H3BXMX","5.3","4.3","1","10"
"「国内正規品」Keychron M6 1K 静音ワイヤレスマウス 2.4G/Bluetooth/有線 Windows Mac Linux ブラック","12975","50","","184","¥ 7,040","","5","B0FP2FN1KM","B0GCZYCHDK","19.3","14.2","6.2","320"
"グラフィックタブレットペンディスプレイ Artist 10 (第2世代)、Artist 12 (第2世代)、Artist 13 (第2世代)、Artist 16 (第2世代)、Artist Pro 16 用 3 in 1 ケーブル、グラフィック描画タブレットモニターディスプレイ用","18802","30","","67","¥ 6,937","","2","B09KYCZJKZ","B0DDB3ZMZY","25.5","10.6","5.1","118"
"サンワサプライ ギガビット対応PoEスイッチングハブ(8ポート) LAN-GIGAPOE82","20235","20","","1","¥ 22,691","¥ 22,691","16","B0BCNSXX48","B0BDKVVWS8","27.1","16.1","9.1","1550"
"ソニー 日本製 ブルーレイディスク BD-R XL 128GB (1枚あたり地デジ約15時間) 1回録画用 10枚入り 4倍速ダビング対応 ケース付属 10BNR4VAPS4","12980","40","","304","¥ 34,000","","15","B087MZBP7Z","B09SPRS7FV","14.2","12.5","5.2","510"
"東芝 N300シリーズ 3.5"" NAS HDD 8TB(CMR) フィールドレイク取扱品 3年保証 国内サポート・故障時の同時交換対応 N300A08 - HDWG780UZSVA 7,200rpm SATA 24x7 RVセンサー搭載","12981","117","50","24","¥ 50,027","","13","B0DJCP4KM1","B0DJFF2451","18.3","14.2","4.4","760"
"StarTech.com スライド式サーバーラック棚板/収納棚 2U 放熱用スリット ケーブルマネージメント 奥行き調整幅702.2mmから802.2mm 耐荷重22.7kg UNISLDSHF192","12982","44","","8","¥ 39,747","","3","B00K7YB9X6","B01GHAMFF4","78.7","56.6","19","10705"
"ポケットWiFi 【365チャージWiFi】 1年間 100ギガ付 モバイル Wi-Fi ルーター 契約不要 月額費用無し 端末買い切り サンロクゴ チャージ ワイファイ 24時間365日 ギガ追加/最短即日利用可能 プリペイド 有効期限365日 同時接続 10台 (100GB【即時開通モデル】)","12149","42","","1372","¥ 11,570","","1","B0CH8Y7ZWW","B0CLV5RP8S","19.6","12.7","4","240"
"CUNPU 27インチ モニター 白 WQHD（2560 x 1440) 120Hz ホワイトWhite IPSパネル非光沢 FreeSync & G-Sync サポート 傾斜調整 ブルーライト軽減 コントラスト比 1300:1 100% SRGB広色域 300cd/m² オフィス/カジュアルゲーミング対応 VESA対応 HDMI2.0/DP1.4ディスプレイ PCモニター かわいい","17988","1","","91","¥ 15,980","","1","B0HFMX79JF","B0HFS5VJH1","67.5","55","13.8","6100"
"BUFFALO DRAMキャッシュ搭載 USB3.0用 外付けHDD(冷却ファン搭載) 2TB HD-GD2.0U3D","19217","59","","109","¥ 30,882","¥ 30,882","12","B00VRK6ZHY","B00W6RCFU8","24.5","22.5","8.9","1448"
"Syntech リンクケーブル 3M 充電付き、Meta Quest 3S/Quest 3/Quest2/Pico 4 に対応、別の充電ポート付き VR リンクケーブル、USB 3.0 から Type C コード ライト PC/SteamVR 用-ブラック","12989","34","","753","¥ 6,480","","1","B0DLWP1YHM","B0DXKMDZ83","23.1","22.9","2","220"
"CableCreation アングル CAT6 イーサネット パッチ・ケーブル (3.3フィート) レフトアングルLANケーブル 50U¡±金メッキ接触 ブラック 6 Feet CL0089","12990","30","","2049","¥ 5,057","","2","B01FHC08DO","B074BHSY71","16.5","14","1.9","68"
"HUION 液タブ Kamvas 13 13.3型液晶ペンタブレット スマホで使える 充電不要ペンPW517 8192レベル筆圧感度 スタンド付き","18833","50","","299","¥ 25,395","","1","B0855NJP1K","B0899QS92M","40.8","25.8","7.6","2560"
"[正規品/日本語取扱説明書付属] 8BitDo Ultimate 2 ワイヤレス コントローラー 2.4Gレシーバー搭載 専用充電ドック付属 TMRジョイスティック採用 トリガーストップ搭載 1000Hz高速ポーリングレート 6軸モーション(PC/Android専用) Windows/Android対応 【ファームウェアアップデート手順書/お手入れクロス付】(White)","12995","64","","16","¥ 8,990","","1","B0F98XJTBY","B0F9993T8Y","16.3","13.7","8.6","650"
"StarTech.com USB - RS232Cシリアル変換ケーブル/USB 2.0/91cm/COMポート保持","9276","40","","11","¥ 5,054","","11","B09T75BYJP","B00RFBQCM2","15.9","10.9","3","51"
"Timecity iPad Air 13インチ M4 / M3 / M2 ケース スクリーンプロテクター付き","13005","40","","228","¥ 8,502","","1","B0D4H6NY36","B0D4TYP1KW","34.8","30.2","3.7","689"
"パナソニック 2倍速ブルーレイディスク(書換)25GB10枚+50GB1枚P LM-BE25W11S","13007","36","","470","¥ 11,250","","23","B01CDZSSVM","","14.1","12.5","5.7","600"
"IODATA USB HDMI変換アダプタ 4K UVC対応 キャプチャ 一眼/ビデオカメラ Win/Mac 日本メーカー GV-HUVC/4KV","13015","34","","14","¥ 15,000","¥ 15,000","17","B0BSTXNFMV","B09JSV4DP6","16.2","13.6","5.6","130"
"UGREEN M.2 SSD 外付けケース 40Gbps 超高速 SSD ケース USB4 Thunderbolt3/4対応 PCIe4.0","13018","55","","521","¥ 9,899","","1","B0D3WT2T8C","B0DJSX3H72","23.1","17.8","2.1","220"
"【国内正規品】ATK ワイヤレス ゲーミングマウス A9 Pro Max PAW3395 Ultra センサー 30,000 DPI 軽量 57g 200時間連続使用可能 滑らかな氷感コーティング 5個プログラムボタン Windows Mac 対応 マゼンタ","13021","23","","4","¥ 6,899","","1","B0FNCDGCBT","B0H944HZLB","18","11.5","8","330"
"【MiniLED/24.5inch/280Hz/FHD/スタンドレス/モニターアームセット】GRAPHT THE SHOOTER Gaming Monitor 24” Essential ゲーミングモニター QD 24.5インチ 1ms FHD 量子ドット 残像低減 (3年保証 | 輝点保証 | 日本メーカー) スプリング・ジョイント調整 ブラック","13022","11","","","¥ 44,960","","1","B0HC71HGS2","B0HCBBV5Z7","82.5","42.2","19.3","5540"
"「国内正規品」Keychron K8 HE ワイヤレスキーボード USレイアウト 2.4G/Bluetooth/有線 Mac/Wins ホワイト","13024","49","","11","¥ 22,352","","1","B0FS69BMMB","B0FSCNTF9T","39.5","20.2","7.1","1700"
"キヤノン Canon プリンター A4インクジェット複合機 PIXUS TS3530 ホワイト Wi-Fi対応 テレワーク向け 2022年モデル 4色・一体型・対応インクBC-365/366シリーズ","13026","77","50","1992","¥ 9,680","","12","B09ST46MG5","","48.4","39.2","19.6","5180"
"KiiBOOM Phantom98 Lite 96% ワイヤレス ゲーミングキーボード VIAプログラマブル対応 クリーミーガスケット構造 かわいいキーボード 8000mAhバッテリー メカニカルキーボード NKRO ホットスワップ対応 RGBバックライト付き Windows/Mac対応 (Clear, Mossy Silent Switch)","19861","31","","72","¥ 15,560","","2","B0GCFHZC7S","B0GQSWH6VY","43.8","19.8","6.2","2118"
"RED SAMURAI ゲーミングマウス 無線 有線両対応 2.4GHz MMO マウス サイドボタン付き RGBライティング 16000DPI 高精度センサー 18個プログラム可能ボタン Type-C充電式 ホワイト","13034","73","","46","¥ 5,146","¥ 5,146","1","B0DYDF4FCY","B0DYT4529L","23.4","16.2","7.5","300"
"Biwin DW100 DDR5 6000MT/s (PC5-48000) デスクトップPC用メモリ 64GB（32GB×2枚） CL30 RGBライティング Intel XPM 3.0/AMD EXPO両対応 メモリキット ホワイト","13034","38","","18","¥ 158,980","","1","B0DM56ZG7N","B0GVN3V3MZ","18.9","15","3.2","380"
"e元素 Z-11 ワイヤレスゲーミングキーボード 63キー 無線メカニカル 赤軸 Bluetoothと2.4GとUSB有線 60％小型コンパクト設計","13035","75","","61","¥ 5,588","","1","B09VGSTHV3","B09VGT5MXP","31.1","14.1","4.4","780"
"Digio2 マウスパッド 200枚セット ブルー 45024","13036","40","","1343","¥ 16,067","¥ 16,067","1","B07CGJQFQC","B0CMWTZ32T","54.9","40.8","30.6","5750"
"【Switch 1 対応】 GIGASTONE マイクロsdカード 512GB Type Cカードリーダー付き Gaming Plus microSDXC UHS-I A1 V30 U3 C10 100MB/s 高速 Full HD & 4K UHD動画 国内正規品 SDアダプター1枚付き【5年保証】","16522","75","","23","¥ 26,980","","1","B0CW9QVMF6","B0GWHP2S62","13.8","8.8","1.1","10"
"MoKo ノートパソコンケース タブレットケース パソコンバッグ 9-11インチまで対応 PCインナーバッグ 周辺機器小物収納 撥水加工ポリエステル製 Chromebook/iPad Air 5/4 10.9/iPad 10.2/iPad Pro 11 /iPad Pro 10.5/Fire HD 10/10 Plus/Surface Go ノート・タブレットPCに適用 ピンク","13039","43","","800","¥ 5,471","","7","B09R1WCW2F","B0B1HFGG5W","30.6","25.2","3.5","132"
"Seagate IronWolf(シーゲイト) IronWolf 4TB NAS 内蔵ハードドライブ CMR 3.5インチ SATA 6GB/秒 5,400RPM 256MBキャッシュ RAIDネットワーク接続ストレージ用 (ST4000VN006)","15498","27","","457","¥ 31,284","","30","B09RMRKC9P","B0C38G58JH","19.8","16.3","9","440"
"YUNZII B98 PRO QMK/VIA ワイヤレス メカニカル ゲーミングキーボード テンキー付き 96%レイアウト可愛い猫ノブ付き BT/2.4G/USB-C接続 潤滑済みスイッチ ホットスワップ対応 カスタムガスケット RGBバックライト Win/Mac用 技適認証取得 (ブラック, キャンディーリニアスイッチ)","13041","54","","193","¥ 16,517","","1","B0GL7NFMZ8","B0GL7P4N48","44.4","18.3","5.9","1700"
"LCL Brother用 ブラザー用 TN299XXL TN299XXLBK /C/M/Y 互換トナーカートリッジ (4色セット )","13043","25","","80","¥ 11,900","","1","B0GQ3929GC","B0HDB96P58","34","25.3","11.4","2340"
"JAPANNEXT 23.8インチ ホワイトカラー液晶モニター JN-238IPS120F-HSPC6-W","13045","31","","3","¥ 18,882","¥ 19,073","8","B0FX3S9D1N","","67.5","40.5","20.7","5470"
"12.3インチタッチスクリーンセカンダリーモニター、IPSストレッチバーLCDトラベルタッチディスプレイ1920 * 720 HDMI USBC、ノートパソコン用モバイルタッチスクリーン、Windows Aida64 GPU CPU RAMモニタリング用","13047","59","50","340","¥ 13,999","","1","B0F23ZCSK8","B0F8VC3XPQ","36","16.7","7.4","1040"
"【正規品】NETGEAR ネットギア スイッチングハブ 16ポート 1G 金属筐体 静音ファンレス アンマネージスイッチ リミテッドライフタイムハードウェア保証 GS516-300JPS","13048","38","","11","¥ 19,063","¥ 19,374","6","B0FFMMHGBM","B0H3377TK6","38.6","27.5","9.4","2480"
"Cable Matters 80Gbps USB4ケーブル 0.3m ブラック","13051","44","","443","¥ 5,338","","1","B0DLJR89BZ","B0DXF71NM4","20.9","15.8","1.1","20"
"AOOSTAR AG02 eGPUドックドッキングステーション OCulinkポート USB4.0ポート100W逆給電 800W電源内蔵 外付けGPU グラフィックボード ドックケース エンクロージャ 最新型 合金製","13054","59","50","49","¥ 33,600","","1","B0DXKXCCG3","B0FDJXFZ6F","30.4","22.6","11.4","2430"
"VITURE USB-C to マグネット端子 ケーブル（120cm）VITURE XRグラス","13058","34","","159","¥ 6,200","","1","B0CGMH75W7","","16.7","10.7","2.1","60"
"Surface Pro Signature キーボード ブラック","13064","45","","242","¥ 28,182","","10","B09FL7WBBT","B09KG5LWNK","31.9","25.2","1.7","650"
"マクセル iVDR-S規格対応リムーバブル・ハードディスク 1.0TB(ホワイト)maxell カセットハードディスク「iV(アイヴィ)」 M-VDRS1T.E.WH","13066","33","","225","¥ 51,790","","1","B00L4NGE8E","","15","11","6","250"
"Razer(レイザー) Naga V2 HyperSpeed MMOに最適な多ボタンのワイヤレスゲーミングマウス プログラム可能な19ボタン フリースピンまたはタクタイルスクロールホイール HyperSpeed Wireless Bluetooth Focus Pro 30K オプティカルセンサー ナーガ ブイツー ハイパースピード 【日本正規代理店保証品】","13078","102","200","187","¥ 15,480","","1","B0BY8TMS73","","15.8","10.1","5.8","220"
"Nordace Siena Pro Tote Plus - 広々とした15インチのラップトップワークトートバッグ。普段使いや旅行に。, アクア, Normal","19453","31","","222","¥ 18,590","","1","B0FM2PVWDW","B0DF4BGRSQ","43.2","30.5","7.6","1021"
"Canon キヤノン インクジェット複合機 MB5130 ビジネスインクジェットプリンター","13083","68","50","204","¥ 23,213","¥ 24,873","15","B01JZ8SKG8","B0FFGHF29G","55","47","44","14240"
"アイリスオーヤマ ポータブルモニター 15.6inch FHD スリムデザイン コンパクト モバイルモニター 非光沢 60Hz DP-EF164S-B ブラック","13084","39","","4","¥ 19,234","¥ 19,234","17","B0DXSZV3F3","B0FGCZGXX5","40.4","26.5","7.7","1500"
"【特殊TPU素材、防塵耐衝撃性専用ケースプレゼント企画実施中】Android14 タブレット 11インチ COOPERS P12 Tablet 8コアCPU T606 2.0GHz RAM16GB/ROM128GB 1TB TF拡張2.4G+5G Wi-Fi 1280*800 IPS BT5.0+Widevine L1+GMS+8000mAh+Type-C+OTG+顔認識+無線投影+内蔵GPS","13087","19","","10","¥ 13,599","","1","B0DK128YWL","","31.6","19.7","3.2","1020"
"ARCTIC Liquid Freezer III Pro 360 A-RGB オールインワン（AIO）CPU水冷クーラー 120mm ファン ×3 38mm ラジエーター PWM ポンプ VRM ファン搭載 対応ソケット：AMD AM5 / AM4、Intel LGA1851 / LGA1700（コンタクトフレーム付属） ブラック","13088","47","","2695","¥ 17,340","¥ 18,982","43","B0DLWFCVSD","B0G4PBMBWJ","41.5","17.1","14.9","2530"
"AYANEO KONKR Pocket Fit 国内正規版 6インチ Snapdoragon 8 Elite搭載 Androidゲーム機 ゲーミングタブレット (ドラゴンイエロー, メモリ16GB/ストレージ512GB)","13089","6","","","¥ 127,999","","2","B0H7BKJG8Q","B0H7BT98NR","25","15","5","500"
"KLEVV DDR5 ゲーミングメモリ デスクトップPC用 メモリ FIT V フィットブイ 32GB (16GB×2) 5600MT/s PC5-44800 CL30-36-36-88 1.25V ジェットブラック KD5AGU880-56K300L","13097","42","","4","¥ 64,216","","2","B0GGRZFW18","B0GLDX8H82","19","14.5","1","90"
"サンワサプライ ギガビット対応 スイッチングハブ 8ポート マグネット付き ループ検知機能搭載 軽量プラスチック筐体 LAN-GIGAP801BK","13099","67","","6","¥ 5,303","¥ 5,438","34","B07DJ47WG1","B0FBM8HVHT","14.3","9.2","8.5","290"
"【純正品】ブラザー インクカートリッジ LC3129 カラー4色セット (LC3129 BK/C/M/Y)オリジナルショップカード付き","15158","37","","11","¥ 9,180","","1","B0DC9Y2NFP","","15.9","12.7","8.8","280"
"OBSBOT TINY 2 Lite Webカメラ 4K ウェブカメラ","13111","97","50","1959","¥ 21,080","","1","B0CZ6XY78Y","","12.2","10.5","5.7","231"
"iCODIS スキャナー ドキュメントスキャナー 非破壊 書画カメラ: 1700万画素 A3対応 OCR コンパクト 自炊 高速スキャン PDF変換 ブックスキャン 自動平坦化 書籍デジタル化 卓上型 Windows/Mac対応 事務所/教育機関/在宅ワーク用 携帯可能 小型軽量","13112","39","","343","¥ 23,999","","1","B0FNVVD1CQ","B0FR7PF9FL","44.9","14.4","11.4","1800"
"【brother純正】インクカートリッジ4色パック LC21E-4PK 対応型番:DCP-J983N 他","13113","42","","205","¥ 7,518","¥ 7,518","24","B01HZ3IXRQ","B092TV1Q7W","12","11.2","8.2","280"
"バッファロー 法人向け Giga対応 Layer2 スマートLiteスイッチ 8ポート BS-GSL2008","13115","42","","14","¥ 9,900","¥ 12,775","22","B09NBFDDVC","","24.2","22.2","7.1","930"
"Apple USB-C - Lightningケーブル(2 m)","13118","81","50","14","¥ 5,280","¥ 5,280","1","B0D7H9BGSS","","8.2","6.6","2.7","60"
"dynabook AZ/LA 大画面ノートPC 16型WUXGA(16:10) Core5 DVDドライブ搭載 W6AZLA5EAL","13127","25","","","¥ 178,420","","1","B0GSYZNQGP","B0H6H9XF4N","44","36.5","8.5","2390"
"WorldPlus MXV9V バッテリー Dell Latitude 5300 E5300 7300 E7300 7400 E7400 / Inspiron 7300 7306 Black","13128","28","","18","¥ 5,751","","1","B0D89BWXB3","","30.1","14.3","3.2","300"
"LINOVISION 同軸LANコンバーター POE対応 電源不要型 1000mまで配線可能 100Mbps最大通信速度 既存の同軸ケーブルでIPカメラ ルーターなどのネットワーク機器を配線可能適格請求書発行可","13138","36","","390","¥ 12,200","","3","B07G194BQD","","20.5","11.7","5.2","270"
"HP 純正 インクカートリッジ HP 45 ブラック","13145","33","","102","¥ 7,491","¥ 7,491","11","B0009WHB9M","B0H8G3Z8WY","16.7","13.4","4.3","164"
"【5年保証モデル】 JAPANNEXT 43インチ 大型4K液晶モニター JN-V43UHDR-U-H5","13145","40","","6","¥ 46,100","","3","B0CQLYVJM6","B0F8M7447P","106","62.5","12.6","8000"
"サンワサプライ(Sanwa Supply) Bluetooth リングマウス3 MA-BTRING3BK","13147","67","","22","¥ 5,500","","4","B0D46FFJDK","B0DLJZLYML","22.1","11","3.9","60"
"グリーンハウス ウルトラワイドモニター対応モニターアーム 17-49インチ対応 耐荷重2-20kg ガス圧 4軸 ホワイト GH-AMDU1-WH","13151","34","","146","¥ 11,554","¥ 11,554","2","B0D1VDYLY7","B0D1VDXCKM","41.5","21.1","12.9","4220"
"Seasonic FOCUS GX-850 ATX3 (V4) - 80PLUS GOLD 850W ATX 3.1 & PCIe 5.1対応 フルモジュラー ブラック 10年保証 日本国内正規代理店品 SRP-FGX851-A5A32SF","13151","29","","18","¥ 22,980","","4","B0CSN7KNF6","","31.2","19.3","11.7","3350"
"Lexar 128GB (2-PK) プロフェッショナル SILVER PRO SDカード UHS-II C10 U3 V60 フルHD 4K 最大280MB/秒読み取りSDXCメモリーカード プロの写真家、ビデオグラファー、愛好家向け(LSDSIPR128G-B2NNU)","12907","28","","745","¥ 28,871","","26","B0CCSZXSKQ","B0HF5K83HJ","13.9","10","1.4","9"
"【Amazon.co.jp限定】エプソン スキャナー DS-787WAMZ 無償修理保証2年(シートフィード/A4両面/無線LAN 5GHz対応/最大給紙容量100枚/4.3型タッチパネル搭載/PCレスでのスキャン機能搭載/省スペース設計/レシート対応/原稿自動判別)","13154","54","50","14","¥ 57,200","¥ 57,200","1","B0GXYYYDB6","","39.3","32.4","27.4","4900"
"ORICO 外付けSSD 500GB usb3.2 (Gen2)読み取り速度1000mb/秒、スライドカバーなし(PS5/PS4/テレビ録画対応)、360°回転アルミケース、耐衝撃設計、大容量ストレージ ，3年間のメーカー保証で、スマートフォン、タブレット、ノートパソコンを確実に保存します — G201","13154","29","","124","¥ 14,800","","1","B0DRVJ4JG1","B0FM3WX5M2","13.8","8.8","2.2","70"
"Brook ポケモンGO 用 ポケットオートキャッチ NEO Plus 2026 ver. ポケモンgoプラス go plus 公式充電ケーブル Type-C 変換アダプタ [USB-A端子をType-C端子に変換できる] 日本語説明書付き ポケット オートキャッチ Pocket auto catch 自動捕獲 自動化 ブルック 【国内正規品】","13157","49","50","67","¥ 6,980","","2","B0F5XCBNSL","","11.1","6.7","2.6","60"
"パナソニック ネックスピーカーシステム ブラック SC-GNW10S-FF Panasonic Store Plusモデル ファイナルファンタジーXIVエディション ノイズキャンセリング ゲーム ワイヤレス スピーカー ゲーミングスピーカー ボイスチャット 2026年12月までの販売を予定しています※。 ※販売予定数を上回る場合、事前の予告無く2026年12月より早く販売を終了いたします。","13160","69","50","16","¥ 29,700","","1","B0G2LGH8JZ","","30.8","26.1","7.3","860"
"バッファロー (BUFFALO) USB3.2(Gen1)ポータブルDVDドライブ 再生・書込みソフト添付 DVSM-PTS8U3-BKB","13162","28","","8","¥ 5,346","","20","B0BSTP4WPK","","18.2","17.7","4.9","430"
"ATTACK SHARK X68 PRO HE ラピッドトリガー キーボード 3モード接続 8KHZ コンパクトゲーミング用 0.125ms超低遅延","16697","40","","33","¥ 12,599","","1","B0DZT6JMYG","B0G14K6NJ4","36.4","15.7","4.9","1070"
"Kensington ProFit Ergo TB675 Vertical ワイヤレストラックボール K72171WW","13172","83","50","18","¥ 9,980","¥ 9,980","1","B0GVN8HB5L","","20.2","14.1","8.4","390"
"VETESA ノートパソコン Office 2024搭載 Windows 11 Pro Intel-Pentium GOLD 6500Y 最大3.4GHz 2コア4スレッド ノートPC 8GB 256GB 15.6インチ1920×1080 IPS液晶 パソコン ノート カメラ付き HDMI+Type-C+テンキー付き/日本語キーボード学生向け 仕事用 学習用 laptop ホワイト","15695","29","","4","¥ 45,800","","1","B0H14WJBRD","B0H14T6V8G","42.5","28","8","2100"
"OKI トナーカートリッジTNR-M4G2 純正品","13177","57","50","4","¥ 24,646","","6","B01DU74LAY","","31.5","8.6","7.4","570"
"10Gtek 2台入り ギガビット 光メディアコンバーター マルチモード デュアルSCファイバー 1.25Gb/s 10/100/1000Base-Tx銅線 to ファイバー メディアコンバーター 内蔵ファイバーモジュール 伝送距離550m","13178","37","","20","¥ 7,899","","1","B0BWY33137","B083S9BDH3","25.2","11.5","4.5","500"
"BUFFALO USB3.0用 外付けHDD 2TB ホワイト HD-LC2.0U3-WHD","9465","48","","265","¥ 21,800","","2","B00VRK6NIU","B00W6REEOS","22.8","22.7","8","1246"
"【Amazon.co.jp限定】AMD Ryzen 5 5500 Wraith Stealth Cooler 6C/12T/3.6GHz/TDP 65W 保証4年 100-100000457BOX_4Y CP1746","13180","8","","11306","¥ 30,384","¥ 30,384","1","B0H81Z1MJ8","B0HC5LMMH6","13.9","13.1","7.4","450"
"TEAMGROUP (旧称 Team) DDR5 5600MHz 64GB (32GBx2枚) PC5-44800 デスクトップ用メモリ Eliteシリーズ UDIMM 1.1v 288pin JEDEC準拠 日本国内無期限正規保証 TED564G5600C46DC01","15928","2","","2","¥ 140,800","","1","B0DYT3J6XW","B0GQ8S8RVP","14.9","9","1.2","50"
"IODATA カクうす ポータブルHDD 2TB Black×Red HDPX-UTS2K/UE","13193","44","","11","¥ 20,800","¥ 20,800","1","B0FDG5YZ1Z","B0FDQDBL31","16.2","13.5","4.9","240"
"外付け HDD 4TB【 拡張版】外付けハードディスク テレビ録画 超高速データ転送 2.5 インチ USB3.0 に対応 Mac/PC/PS4 対応 超薄型 携帯便利 大容量拡張版","13196","1","","","¥ 7,801","","1","B0HGLDD5QV","","6","3","2","45"
"SSPJ-UTC256 USB 5Gbps USB 3.2 Gen1 対応 USB-C 小型SSD Slim SSD 256GB 挿したまま持ち運べる！","13199","72","","8","¥ 8,480","","23","B0G34G6M7B","","12.8","8","2.2","10"
"XPPen ペンタブ 板タブ 8x5インチ Bluetooth ワイヤレス接続 Chromebook Androidデバイス対応 スマホ対応 X3チップ搭載ペン付 傾き検知 8192レベル筆圧 エクスプレスキー8個 在宅勤務 イラスト お絵描ソフト付 ペンタブレット Deco MW(ブラック)","12763","38","","40","¥ 8,625","","1","B0B3H6KTXY","B0B3HMWG9B","33.7","18.6","4.3","670"
"Exusia(エクシア) リサイクルトナー 国内生産 RICOH用 SPﾄﾅｰC840Hシアン 【対応機種】SPC840/SPC840a1/SPC841/SPC841a1","13221","4","","","¥ 7,956","","3","B0CM6Q4VSS","B0CM6JS3BF","51","43","32","11000"
"ATTACK SHARK M36 HE 片手キーボードゲーミング 有線 左手デバイス ラピッドトリガー 8000Hzポーリングレート 30%レイアウト","13222","28","","21","¥ 5,699","","1","B0H29QK3WG","B0H32FX3J9","18.4","18","5.4","590"
"【最新型】Omikamo Bluetooth キーボード 折りたたみ マウスセット 日本語配列 ワイヤレス マウス キーボード テンキー付き","13226","54","50","145","¥ 6,135","","1","B0DNQ9W2TZ","B0DY19LZ1L","27.1","14.3","4.3","530"
"JBL QUANTUM 100 ゲーミングヘッドセット/ヘッドホン/3.5MM接続/エントリーモデル/ブラック/JBLQUANTUM100BLK【国内正規品】","13230","42","","6378","¥ 10,000","","1","B08B617CHD","B0DBL6WNVS","25.8","23.3","9.3","450"
"RiDATA BDXL対応機器専用 1回録画用ブルーレイディスク 録画用BD-R XL BR520PW4X.25SPHS 25枚パック","12452","52","","1","¥ 9,980","","2","B0GL56M594","B0GLMQ7NPP","14","13.8","4.9","490"
"エプソン A4ドキュメントスキャナー DS-C480W (A4シートフィード/毎分30枚/Uターン/2way給紙/PCレス/2.4型タッチパネル/Wi-Fi対応/e-文書モード搭載)","13232","55","","31","¥ 44,000","¥ 44,000","8","B0C4SLLQJV","B0D6RCP6BL","37","23","20.9","2750"
"KOORUI Mini LED ゲーミングモニター 27インチ 200Hz WQHD 2560×1440 Fast IPS 1ms HDR1000 Adaptive Sync対応/Adobe RGB 99%/ 高さ調整/縦横回転/PIP PBP機能/HDMI2.0 DP1.4 /VESA対応，S2721PM","13238","53","50","1538","¥ 39,800","¥ 39,800","1","B0F6T1GW8G","B0H1V2FP53","79","48","20","8990"
"ASUS ROG Falchion Ace 75 HE ムーンライトホワイト/75%レイアウトゲーミングキーボード/ROG HFX V2X磁気スイッチ/ラピッドトリガー/最大8000Hz/USB有線/PBT/ブラウザ上で設定が可能/静音設計/キャリーケース付き/国内正規品","13249","46","","4","¥ 32,300","¥ 32,300","1","B0GWLF5D89","B0GWLGYTFJ","37.5","21.2","7.9","1850"
"HTC VRヘッドセット アクセサリー VIVE 有線ストリーミングキット 【国内正規品】","20222","40","","5","¥ 29,000","¥ 29,000","3","B0DHGDP6N7","B0FSHV96RQ","17.3","17.3","9.9","839"
"HUO JI Mechanical Gaming Keyboard Typewriter Style with RGB Side Lit and Rainbow Backlit, Retro Style, Blue Switches - Clicky, Metal Panel, Lipstick 104 Keys USB Wired for Mac, PC, Cute Pink","12979","10","","448","¥ 10,193","","1","B093SS3LNZ","B0HDTJ9FSK","45.5","16","4.3","1129"
"Satechi 8-in-1 USB-Cハブ V3 8K HDMI マルチポートアダプター スペースグレイ","13255","81","","242","¥ 11,395","","39","B0CVR26895","B0D16NW3XH","17.9","10.1","2.7","159"
"Samsung用 キーボードケース Galaxy Tab A11+ 11インチ 対応","23649","23","","16","¥ 7,300","","1","B0FWQW2XW5","B0DN24MNGH","25","20","2","650"
"TP-Link Deco X50 2P AX3000メッシュWi-Fi 6システム 2個パック","13261","153","100","56","¥ 24,304","","22","B0BSTMFV48","","24.3","17.8","12.3","1450"
"【整備済み品】富士通 デスクトップESPRIMO D5010又D7010FX第10世代タワーPC Core i5-10500","17225","43","","19","¥ 55,480","","1","B0F6DFT2X7","B0F6DNFJVF","43","42","14","4000"
"Monster Storage SSD 4TB NVMe PCIe Gen4×4 PS5確認済み 最大読込: 7,100MB/s 最大書き：6,100MB/s ヒートシンク付き M.2 Type 2280 内蔵 SSD 3D NAND 国内正規品 メーカー5年保証","13269","44","","361","¥ 99,800","","1","B0CLL9RTN4","B0BZCVG41X","14.5","10.3","2.1","80"
"JAPANNEXT 15.6インチ モバイルモニター JN-MD-IPS156F3","13276","18","","2","¥ 16,563","¥ 16,563","16","B0GHQ5QZ5B","","42.1","27.5","6.4","1230"
"MSI MPG Z890 EDGE TI WIFI Z890チップセット搭載 ATX マザーボード MB6584","13286","62","","3","¥ 59,358","¥ 59,358","2","B0DK4TZJ75","B0F9W2PNRH","34.2","26.8","7","1660"
"Ediloca SSD 2TB 2.5インチ 7mm SATAIII 6Gb/s 内蔵SSD 最大読込560MB/s 最大書込510MB/s 3D NAND SATA SSD メーカー保証3年 ES580E","13288","53","","269","¥ 30,980","","1","B0FNR8YYMK","B0FX2SMBYH","15","8.5","1.7","60"
"【Amazon.co.jp限定】Poly 有線ヘッドセット Blackwire 3325 (国内正規品) マイクロソフト認定 USB-C & 3.5mm接続 ノイズキャンセリング マイク付き 軽量 【2年間メーカー保証】 windows mac Chrome Web会議用 イヤホン マイク (旧 Plantronics プラントロニクス Polycom ポリコム HP-Poly) 8G0Z1AA","13297","33","","79","¥ 12,280","¥ 12,280","2","B0C6FPNWDK","B0DGY27J3L","21","18.7","5.7","270"
"富士通 ノートパソコン LIFEBOOK S937、13.3インチ(1920x1080) 中古 パソコン Win11 Office搭載, 第7世代 Core i5 軽量 ノートPC メモリ12GB SSD256GB、Ｗebカメラ内蔵、指紋認証","15497","10","","9","¥ 28,800","","1","B0DG2KWD96","B0G43R6C82","40.1","29.5","10.7","1930"
"XPPen 液タブ 13.3インチ エクスプレスキー8個 イラスト 絵描き 在宅ワーク","13313","43","","26","¥ 34,484","","1","B0DK6GBK25","","43.3","30","13.4","3080"
"ProGrade Digital microSDXC UHS-II V60 GOLD 512GB プログレードデジタル 正規輸入品","11534","62","","418","¥ 55,800","","2","B0D1N6GP9J","B089T5W916","5.3","4.4","1","10"
"Amazon限定 東芝 ポータブルHDD 4TB USB3.2 Gen1 テレビ録画 HDD Canvio HD-TPA4U3-B/NA","13318","154","100","19","¥ 38,880","¥ 38,880","1","B0FWQQ65JP","B0FXWYBYQG","14.4","11.2","3.8","280"
"【整備済み品】Dynabook ノートパソコン Office搭载 B65, 15.6インチ 中古ノートPC,Core i5 パソコン 8GBメモリ 512GBSSD","18668","23","","26","¥ 29,800","","1","B0D5HJDXFV","B0D3LNR8P1","40.1","28.1","11.1","2690"
"UGREEN Revodok Max 213 13-in-1 Thunderbolt 4 ドッキングステーション 40Gbps 高速データ転送","13324","88","","205","¥ 33,990","","1","B0DQWJNJ21","B0H6D9KCV6","25.3","20","9.1","1991"
"Dell 液晶ディスプレイU3425WE 34.14型/3440×1440/HDMI、DisplayPort/ブラック/5Wスピーカー×2","19531","49","","8","¥ 138,455","","6","B0DH3XBY3S","B0GQTPPCFN","95","46.5","22.5","15046"
"アイ・オー・データ IODATA モニター 18.5インチ FWXGA ADSパネル ホワイト(HDMI/アナログRGB/VESA対応/スピーカー付/メーカー5年保証/土日サポート/日本メーカー) LCD-AH191EDW/E","13332","43","","2","¥ 15,980","¥ 15,980","1","B0C3CLMPQX","B0C7V4T2M3","49.3","40","11","3500"
"BASETEC USBメモリ スマホ用 3in1 フラッシュドライブ Lightnin/Type-C/USB3.0 PC パソコン 高速データ転送 iphoneデータ移行 iOS/Android/Mac対応 (ピンク, 256, GB)","13334","37","","84","¥ 8,980","","1","B0DTHSSD3Q","B0F13BBYC2","12.7","7.1","1.6","30"
"エレコム パソコンバック ビジネスバッグ キャリングバッグ A4対応 衝撃吸収 ZEROSHOCK スリム ZSB-BM005NBK","13342","44","","470","¥ 5,480","","5","B0058LSW6K","B07SLXR9H5","42.7","34.1","7.7","620"
"モニター台 卓上 パソコン PC台 机上台 卓上 モニタースタンド USB3.0×5+Type-C充電付き 無段階高さ調整(113mm～146mm) スマホホルダー内蔵 62cm幅 ABS製 耐荷重30kg 組立不要 滑り止めパッド付き ディスプレイスタンド PC机上ラック パソコンラック プリンター/iMac対応 ベージュ","15323","0","","9","¥ 18,286","","2","B0GQH42LQC","B0HG17222X","63.5","25.4","12.7","2268"
"【Switch 1 対応】 GIGASTONE マイクロsdカード 64GB Gaming Plus フルHD microSDXC UHS-I A1 V30 U3 C10 95MB/s 4K UHD & Full HD 動画 SDアダプター1枚付き【5年保証】","13347","71","50","2221","¥ 5,480","","1","B01MSUMC1T","B0FY4YG9BL","13.4","8.8","2","10"
"Thermaltake Dr. Power III ATX3.1対応 手動/自動テストモード搭載 +12V/+5V/+3.3V/+5Vsb 出力電圧 リアルタイムテスター AC-069-OO1NAN-A1 PS1459","13349","35","","154","¥ 6,400","¥ 6,400","6","B0D6B7CKKX","","20.2","11.6","4.5","181"
"【国内正規品】Keychron K1 Max レトロカラー QMK ワイヤレス カスタム・メカニカルキーボード、80%レイアウト、薄型、2.4GHz・Bluetooth無線・有線対応/QMKプログラム可能/JISレイアウト/White LEDライト/ロープロファイルGateronスイッチ/Mac Windows対応 (ロープロファイルKeychron Silent（静音）・赤軸)","13355","9","","","¥ 20,570","","1","B0GWQBLKHW","B0DVCDG5P2","37","16","4","1000"
"Razer レイザー Firefly V2 Pro Phantom Green Edition マイクロテクスチャ仕上げの表面 滑り止めベース バックライト付きゲーミングマウスパッド 360×278 ファイアフライブイツープロ ファントムグリーンエディション 【日本正規代理店保証品】","13363","37","","12","¥ 8,780","¥ 8,780","3","B0FB94QNG9","B0FCY49133","37.5","32.2","4.1","1150"
"LG モニター Swing 32U889SA-W 31.5インチ/4K/IPS/USB-C PD65W/移動式モニター/タッチ操作","13376","46","50","17","¥ 122,500","¥ 122,500","3","B0FM2NMGV4","","122","62","33","29420"
"Ewin 折りたたみキーボード bluetooth ロック機構搭載 ワイヤレス 日本語配列 最大3台マルチペアリング タッチパッド付き","13384","52","50","124","¥ 6,443","","1","B0DBLHC48B","","23.8","12.9","3.3","600"
"Eyoyo 5インチモニター小型モニター LCDモニター 800x480 ミニモニター USB給電可 ゲームモニター HDMI VGA AV BNCポート 監視カメラ用DSLRPCDVD Ras Pi (ラズベリーパイ) 432 Model B 5インチ 小型ディスプレイ","20204","32","","89","¥ 7,200","","1","B09JSDRBWQ","","20.2","13.3","5.2","360"
"ASUS Chromebook クロームブック CX1405CTA 14インチ インテル N50 8GB メモリ 64GB eMMC バッテリー駆動 11時間 重量1.38kg 日本語キーボード ゼロタッチ登録対応 Wi-Fi 6 ピュアグレー CX1405CTA-S60592/A","13385","65","","9","¥ 55,498","¥ 56,376","4","B09BVSSC1Y","B0GTMJLR5Z","45.3","29","7","1900"
"ASUS ゲーミングモニター/TUF Gaming シリーズ 5 -VG249QML5A/23.8インチ/フルHD/Fast-IPSパネル/240Hz/0.3ms/G-SYNC対応/AMD FreeSync Premium/ELMB SYNC/99% sRGB/高さ調整可能/DisplayWidget Center/Gaming AI/国内正規品","13388","33","","6","¥ 24,109","¥ 24,109","5","B0G4D34W46","","59.6","46.3","20.1","6470"
"Belkin Connect USB-C イーサネット ハブ 6-in-1 DDR200対応 メモリカード2倍速 4K@60Hz 100W PD充電対応 5G高速データ転送 HDMIポート USB C 3.2 & USB-A 3.2 SDカード スレッド搭載 Window/MacOS/IOS対応 MacBook Pro/Air、iPad Proなど対応 AVC008fqSGY-V2","13390","66","","69","¥ 6,690","¥ 6,690","3","B0DTJT2GJ8","B0FH5J6NX5","18.2","10.1","2.2","118"
"【60%サイズ】ZENAIM KEYBOARD2 mini ゼンエイム キーボード 日本語配列 ゲーミングキーボード ラピッドトリガー ロープロファイル 有線 アクチュエーション可変 温度補正機能 磁気検知式 脱着式 安心の国内サポート","13393","86","50","20","¥ 32,780","","1","B0FJG8VKGK","","34.8","16.2","5.9","860"
"ATK ワイヤレス ゲーミングマウス MAD R MAJOR Black 軽量 36グラム 低遅延 有線/ワイヤレス8000Hz対応 最長60時間動作 国内正規品","13395","38","","9","¥ 9,300","¥ 9,300","1","B0DQ85C821","B0DQ9S74C4","20.3","14.1","8.4","390"
"横トナ キヤノン用 CRG-054H カラー3色（シアン マゼンタ イエロー） 互換トナー LBP621C LBP622C MF642Cdw など","13395","32","","17","¥ 5,103","","2","B07T83YTMS","","30.8","26.9","9.2","2050"
"【ブラザー純正】トナーカートリッジ　TN299XXLC 対応型番:HL-L3240CDW、MFC-L3780CDW　他","13398","61","50","3","¥ 19,280","¥ 19,500","32","B0CJXPL8LL","","39.3","15.9","11","650"
"Eyoyo 10.1インチ 小型モニター 1280*800 HDMI/VGA/BNC/AV入力 MICイヤホン対応 10インチCCTV防犯モニター","13401","31","","143","¥ 10,499","","1","B08HV57L15","B0HGWWN3V7","32.9","26.8","7.6","1120"
"【整備済み品】 ノートパソコン レッツノート CF-SV8 軽量化 12.1インチWUXGA(1920×1200) ノートPC 第8世代Core i5 メモリ8GB/SSD 128GB/WEBカメラ内蔵/Windows 11 Pro&Office 2024搭載Let's note パソコン","14141","18","","","¥ 23,800","","1","B0H4Z14425","B0GVSF4H43","34","24.5","10","1000"
"JAPANNEXT 15.6インチ IPSパネル搭載 10点マルチタッチ対応 フルHD(1920×1080)解像度 モバイルモニター JN-MS-IPST156F miniHDMI USB-C HDR 自立式キックスタンド搭載 フェルトケース同梱 【2年保証】","15918","34","","1","¥ 23,980","¥ 21,800","11","B0GX5JK1KB","","40.1","27.1","6.7","1620"
"【整備済み品】Panasonic ‎Let`s note CF-SV8 【Windows 11】【MS Office 2019】12.1インチ 中古ノートパソコン/Core i5 8世代 / メモリ 8GB/SSD 256GB/ 無線LAN/HDMI/WEBカメラ","13411","53","","35","¥ 24,000","","3","B0FG1NKM8L","","39.2","24.6","6.1","1470"
"【純正品】沖 TC-C3B1 トナーカートリッジ 4色セット (TC-C3BK1 TC-C3BC1 TC-C3BM1 TC-C3BY1)","13418","34","","3","¥ 54,900","","9","B0844P6QW4","","40.6","23.6","13.6","2320"
"KMMXXCPM 2 本セット 超柔軟 Type C ケーブル 1.0m，USB C ケーブル 80Gbps高速データ転送 Thunderbolt 5/4/3 対応，USB C 100W PD3.0急速充電，USB Type-C 映像出力 16K/8K/4K 下位互換 SSD、ハブ、ドッキングステーション、ノートパソコン、タブレット、スマートフォン、ディスプレイに対応（ブラック）","20678","4","","123","¥ 9,299","","1","B0H62LXHCP","B0H6SCSNG5","19","12","1","50"
"GIGABYTE NVIDIA Geforce RTX5070 搭載 グラフィックボード GDDR7 12GB ギガバイト 【国内正規代理店品】GV-N5070AORUS M-12GD","13421","81","","5","¥ 157,591","¥ 157,591","2","B0F11Q2BHF","B0F3N3HK5V","44.4","27.2","11.3","2230"
"【純正品】 ブラザー インクカートリッジ 4色パック LC3117-4PK 対応型番：MFC-J6983CDW MFC-J6583CDW MFC-J5630CDW MFC-J6580CDW MFC-J6980CDW プリンター コピー機 TohokuAce","15453","31","","5","¥ 7,200","","1","B0FVKJNPHZ","","25","20","10","170"
"APC 無停電電源装置 UPS 1200VA/720W BR1200S-JP E ラインインタラクティブ給電 長寿命バッテリー 正弦波","13424","56","50","27","¥ 40,905","","3","B06XHYSS75","","48.7","33.7","22.5","12320"
"ARTISAN artisan アーチザン マウスパッド ゲーミング ゲーミングマウスパットを越えた eスポーツパッド 零 CLASSIC ブラック (SOFT XL)","13426","64","","45","¥ 6,100","","3","B0B38FBNRV","","52","46","1","500"
"NUBWO HG04 ゲーミングヘッドセット ps5 ヘッドセット2.4GHz USB & Type-C4, Bluetooth 5.4, 3.5mm 有線 4WAY接続 <20ms低遅延 7.1ch サラウンド ゲームヘッドセット 軽量, 折りたたみ, ノイズキャンセリング 最大約80時間バッテリー ヘッドホン pc ps5 ps4 switch xboxone対応","13426","3","","19","¥ 9,999","","1","B0H6W9YQ8B","B0HG1N292Y","18.3","15.9","6.1","390"
"monTEK モニターアーム デュアル 13〜32インチ対応 耐荷重2〜9kg PCモニターアーム 2画面 ロングポール 上下 左右 多角度調節","11036","44","","9","¥ 5,998","","1","B0GL6Y7F34","","44.7","18.2","12.8","5320"
"TP-Link OC200 Omada ハイブリッドPoEクラウドコントローラー EAPシリーズ用 自動バックアップ用USBポート、クラウドダイエンスト、モバイルアプリ、プラグアンドプレイ、Metallgehäuse、Grau Metallic","13429","42","","741","¥ 21,800","¥ 34,735","7","B07GVRJTXP","","13.7","13.1","7","450"
"Android 16 タブレット 10インチ 120Hz 16GB/128GB/2TB対応 TECLAST P30T 6000mAh 8コアCPU","11107","4","","9","¥ 13,900","","1","B09FLDD55V","B0HDSVH4W1","32.9","19.4","3.7","860"
"[ セット品 ] BROTHER ブラザー TN-493 / TN493 トナーカートリッジ 純正品 4色セット ( ブラック シアン マゼンタ イエロー )","13437","33","","3","¥ 67,840","","9","B07BQKY4RZ","","38","35.2","28.2","2930"
"Bracwiser モニターアーム ディスプレイ スタンド PCモニターアーム 液晶ディスプレイ スタンド アーム抜き 自立式 置き型 13-32インチ対応 耐荷重10kg VESA規格75-100mm ML71201","10758","60","","21","¥ 6,300","","1","B0BXNCCMK4","B0DSKD9W86","44.2","15","10.7","4570"
"PboyiqiS キーボード ケース 用の iPad Air 13インチ (M3 2025/M2 2024)/Pro12.9 第6/5/4/3世代, 360度回転式 タッチパッド ペンシル収納 ワイヤレスbluetoothキーボード アルミ 7色バックライト, 銀","22139","22","","296","¥ 7,200","","1","B0D6B7JVRZ","B0D6B7CFZN","28","20","2","700"
"【単品販売あり】CtoC (Type-C/USB-C) 急速充電 スパイラルケーブル マグネット吸着 PD 65W データ転送 480Mbps 形状記憶 日本の中小企業 msl001","13451","44","","","¥ 5,180","","1","B0GV7D6S2L","B0GNFY8VPM","20","12","2","20"
"バッファロー WSR-1166DHPL2/D [無線LAN親機 11ac/n/a/g/b 866+300Mbps]","13452","29","","134","¥ 9,650","","4","B087YQTGRG","","22.1","16.6","7.3","560"
"パナソニック Let's note CF-FVシリーズ バッテリーパック（L）（シルバー/ブラック&シルバー用）CF-VZSU1QJS","12928","44","","4","¥ 19,673","¥ 19,673","10","B0B5Q5M13F","","30","10.3","4.4","400"
"【国内正規品】Keychron K2 HE ラピッドトリガー ワイヤレス カスタムキーボード、ホールエフェクトGateronダブルレール・マグネットスイッチ、2.4GHz・Bluetooth無線対応、QMKプログラム可能、アルミ+ウッドフレーム、JISレイアウト、RGBライト、Mac Windows Linux対応 (ブラック)","13454","52","50","40","¥ 22,352","","1","B0F6Y348LN","B0F6Y2MZC4","36.6","20.3","7.6","1490"
"AMD Ryzen 5 5500 with Wraith Stealth Cooler 3.6GHz 6コア / 12スレッド19MB 65W 100-100000457BOX 三年保証 [並行輸入品]","13455","61","50","169","¥ 16,840","","89","B0BZH5ZLM9","","13.6","13.4","7.2","410"
"Razer(レイザー) Hammerhead V3 [White Edition] ゲーミングイヤホン 有線 ユニバーサル 3.5mm カナル型 大型ダイナミック11mmオーディオドライバー カスタムイヤーチップ USB Type C DAC アダプター マイク付 インラインコントロール PS4 PS5 Switch PC スマホ 1.2 m TPE ケーブル 【日本正規代理店保証品】","13455","6","","","¥ 7,980","¥ 7,980","1","B0G8DL619W","","12.8","10.6","3.9","70"
"ARZOPA 16.1インチ モバイルモニター グレー | フルHD IPS非光沢 100%sRGB | スタンド内蔵 IPS アイケア 低ブルーライト 高色域 | 薄型・軽量 | テレワーク/PS5/Switch/PC対応 | Type-C/HDMI 業務用・エンタメ対応 Z1C GRAY","13458","86","","92","¥ 12,680","","1","B0FG3649B2","B0HFJSJ3QM","39.5","26","4.4","1480"
"XPPen 液タブ Artist 12 3rd X4チップ搭載ペン 液晶ペンタブレット 折り畳みスタンド付 Windows MacOS Android対応 Artist 12サード ピンク","13469","34","50","3","¥ 32,542","","1","B0H2J6ZK9V","","37.3","24.3","8.2","1920"
"リコー RICOH SP ドラムユニット カラー C740","14871","72","","4","¥ 26,000","","21","B00XIQNCNA","B0FN9DMSNF","58","49","27","8275"
"サンワサプライ トラックボール Bluetooth エルゴノミクス チルトホイール マルチペアリング ブラック MA-BTTB179BK","13473","80","","274","¥ 8,681","¥ 9,569","6","B08T5P14NN","B092D2N18Z","20","14.5","7.2","40"
"ウエスタンデジタル 4TB WD Purple Surveillance 内蔵ハードドライブ HDD - SATA 6Gb/s 256MBキャッシュ 3.5インチ - WD43PURZ","13474","59","","1594","¥ 34,800","","181","B0C4X6RDV8","B0FZCZMJCB","15","11","2.8","550"
"Fenge モニター台 卓上 デスクシェルフ４点セット108cm横幅 2段 木製天板 アルミニウム製脚 パソコン台 整理整頓 ブラック","13476","46","","20","¥ 12,731","","1","B0D1KFPR5G","B0F9K4X634","117.5","33","17.8","9820"
"Ediloca EN870 SSD 1TB PCIe 4.0 NVMe M.2 2280 PS5動作確認済み 最大読込: 7450MB/s 最大書き：6600MB/s 3D NAND TLC 内蔵SSD ダイナミック SLC キャッシュ メーカー5年保証","13477","57","","1041","¥ 26,980","","1","B0C9TB3X1B","B0H3BKV978","11.4","6.7","1.9","30"
"iCasso 大型マウスパッド デスク用 コンピューターデスクマット 3枚 XXL キーボードとマウスパッド + キーボードリストレスト デスクトップ用デスクマット 簡単タイピング 痛み緩和 超厚手マウスパッド キーボードマット (雑草)","13478","15","","2490","¥ 6,940","","1","B09L5NRWNF","B08FX5KVFB","43.4","11.3","6.3","730"
"LIANLI ATX 3.1 PC電源 EDGE GOLD 850 WT L-shapeデザイン 80PLUS GOLD認証 フルモジュラー LL-EDGE GOLD 850W WT 日本正規代理店品","20742","36","","9","¥ 19,400","¥ 19,400","3","B0DWXDKW8H","B0DXPDG1WG","32.7","21.1","13.5","3230"
"Bettdow【2026最新型】スマート接続 マジックキーボード 2025 iPad Air7 13inch(M3)&2024 Air6(M2) 13inch対応 軽量キーボードケース 単独充電不要 金属パネル iPad Pro 12.9inch第3/4/5/6世代通用 トラックパッド付き 高感度磁気吸着ケース JIS配列 ブラック","13490","41","","5","¥ 17,680","","1","B0GKFTLSHD","B0H3427SGK","30.8","24","2.9","1150"
"COGURE コグレ パソコンケース PCケース 本革 11.6-14インチ 耐衝撃 衝撃吸収 パソコン保護 対応機種 Lenovo Dell NEC Lavie HP 富士通 Dynabook Asus Chrombook Surface PC バッグ 手提げ ブラック","13491","27","","20","¥ 9,580","","1","B0FLPFSYNW","B0FLPDWPJX","45","35","2","520"
"egglobe レノボ Lenovo ThinkPad ラバーフット RUBBER FOOT 滑り止め ゴム足 互換品 (10セット)","18026","15","","112","¥ 5,980","","1","B0GWD7RRSR","B088NHFJ91","13","9.5","1.8","40"
"エレコム スイッチングハブ 5ポート ノンインテリジェント Giga対応 PoE給電対応 ACアダプタ給電 小型 法人向け ブラック EHB-UG2C05E-PL","13492","36","","10","¥ 15,399","","19","B08DRQZS39","","24","14.1","7.8","1240"
"Anker 525 Charging Station ブラック","13494","102","","757","¥ 6,990","","1","B0BGGM26X2","B0BQQP9N9Y","19.5","13.2","5.6","430"
"SanDisk (サンディスク) 1TB Extreme (エクストリーム) ポータブルSSD - 最大1050MB/秒 USB-C USB 3.2 Gen 2 IP65の耐水および防塵 アップデートされたファームウェア スカイブルー - 外付けソリッドステートドライブ - SDSSDE61-1T00-G25B","13495","73","50","921","¥ 36,500","","10","B0C5SDQVNL","","12.8","10.2","3.3","100"
"サンワダイレクト ディスプレイボード VESA固定 モニター 上 台 耐荷重3kg 横幅40～69cm 100-VESA006 (× 2)","21250","9","","74","¥ 5,960","","","B0GZ9C27B3","B0FDGCW2H1","41.9","13.6","4.2","3020"
"【iPad/iPhone/Android対応】CLIP STUDIO TABMATE 2（クリップスタジオタブメイト2）ワイヤレス片手入力デバイス","13504","99","50","67","¥ 12,800","¥ 12,800","2","B0CW1BHB38","","17","11","5.9","150"
"OMOTON 4ウェイプライバシースクリーンプロテクター iPad Pro 33cm M5 M4用 2枚パック","7650","26","","1416","¥ 13,912","","1","B0G5L4FDDM","B0GN4871KJ","33.5","25.6","1.9","422"
"シリコンパワー 1TB SDXC MicroSDカード ゲーミング向け UHS-1 U3 V30【Nintendo Switch 動作確認済】アダプター付き SP001TBSTXDV3V1NAC","13507","21","","1164","¥ 27,980","","11","B0BZ8HGV8N","B0CLH3WZHB","12.4","9.4","2.5","9"
"【整備済み品】 HP Elite Dragonfly Core i5 第8世代 メモリ 8GB SSD 256GB 13.3型 FHD 1,920×1,080 タッチパネル 2in1 軽量 ノートパソコン Windows11 Microsoft Office 2024 H&B 搭載 Webカメラ Wi-Fi Bluetooth Type-C HDMI","13508","20","","","¥ 38,500","","2","B0H5JBQDPT","","40.7","28.7","11.3","2020"
"【 サンディスク 正規品 】SANDISK QuickFlow microSD Card USB-C Reader SDDR-B751-JNANN","13511","30","","1","¥ 7,100","¥ 7,100","1","B0H1Q757KL","B0H1QH2J48","15.2","10.2","1","40"
"【整備済み品】 軽量薄型 富士通LIFEBOOK S938 ■13.3型フルHD(1920x1080) - 第8世代Core i5 プロセッサ - メモリ8GB - SSD256GB - Webカメラ内蔵 - USB Type-C - WiFi&Bluetooth - HDMI - MS Office 2019 - Win11搭載","13511","19","","1","¥ 39,800","","1","B0DH1TFBK5","B0DH1W3BMF","42.7","27.4","9.2","1830"
"NEWLEAGUE AGILE K6-WH｜ゲーミングデスクトップパソコン｜特選エントリーモデル ｜Core i7 14700F ｘ RTX5070 ｜ 64GBメモリー・NVMe SSD 512GB ｜ 650W電源ユニット ｜ Win11 Home ・WPS Office","27257","6","","","¥ 359,800","","1","B0H8CFQ9DL","B0H73NXF42","54.2","49.5","27.5","10000"
"OKI イメージドラム(B431dn/B411dn) ID-M4E","13521","58","50","29","¥ 15,809","¥ 15,809","30","B003OQTU6C","","37.2","24.2","22.8","1600"
"Raspberry Pi 5 対応 4GB メインボード/日本技適取得済","13521","38","","24","¥ 25,470","","1","B0CPDJ8FNK","","12.3","8.3","4","90"
"Upperizon モバイルモニター 16インチ 2K WQXGA 2560×1600 非光沢IPS 自立型 スリムベゼル","13529","88","50","931","¥ 17,799","","2","B0F3X8WNQG","B0HCKWML6F","40.1","27","7.1","1720"
"NZXT H5 ELITE ミドルタワーケース [ Black ] CC-H51EB-01","13533","43","","465","¥ 17,480","","2","B0B6Y6NQNF","B0CP93G4L7","52.7","50.2","28.7","8890"
"ODEA Android 15 タブレット12インチ（12GB/128GB/1TB拡張）／8コアCPU・8000mAh／2K＋Widevine L1","13534","61","50","315","¥ 18,900","","2","B0G154KM4J","B0HC38GNHK","30.8","20.3","5.9","1090"
"Thermalright Frozen Notte 240 WHITE ARGB V2 水冷CPUクーラー、240ホワイトCPUクーラー仕様、ダブルPWMファン、S-FDB ベアリング、AMD/AM4 AM5, Intel LGA 1700/1150/1151/1200/2011 に適用。","13548","29","","58","¥ 6,255","","1","B0BW774FVL","B0C9P84LRW","33.7","27.3","13.9","1880"
"Android タブレット2026新登場タブレット10インチwi-fiモデル14GB+128GB+1TB拡張 高性能8コアCPU T606 4G L通話対応+5G /2.4GWiFi 8000mAh Type-C+13MP+8MPカメラ BT5.0+GMS/PSE認証済/子供のギフトに最適2in1 Tablet キーボード/マウス/保護ケース/フィルム付き","24473","27","","272","¥ 13,999","","1","B0FSRQT48S","B0G4CPHLQC","32","19.3","4.9","1310"
"【整備済み品】Lenovo ThinkVision S22e-20 21.5インチ 液晶モニター フルHD（1920×1080）VA 非光沢 HDMI/VGA 75Hz 4ms FreeSync対応 VESA対応 チルト調整 ビジネス向け（Ymer-Shop)","14854","51","","","¥ 7,500","","1","B0H4XZFT5D","B0GY8DCD18","58.6","36","13.9","4290"
"UGREEN FineCam Pro 4K Webカメラ 4K/30fps ジェスチャー操作 オートフォーカス 三脚付き 2026レッドドット・デザイン賞+iFデザイン賞","13554","49","50","304","¥ 6,399","","1","B0FX5QMB6K","","16.7","16.6","3.4","370"
"GRAUGEAR NVMe M.2 & SATA SSD/HDDハードドライブドッキングステーション、USB-C 10Gbps NVMeリーダー、SATAからM.2 NVMeクローナー、2.5/3.5 SATAエンクロージャーレイフラットクローンステーション、デュアルベイオフラインクローン","13557","48","50","245","¥ 7,499","","13","B0F19H9HWV","","18.3","15","8","610"
"EPOMAKER Galaxy100 Lite QMK/VIA ゲーミングキーボード ワイヤレス テンキー付き1800アルミメカニカルキーボード","13559","30","","123","¥ 13,486","","1","B0FK5695XG","B0FKT233MF","44.8","18.6","6.4","1969"
"インクのチップス ブラザー用 LC517XL 互換インク 4色セット 大容量版 MFC-J7510CDW MFC-J7610CDW 対応","21291","17","","","¥ 8,483","","2","B0GVS58C3C","","13.4","11.2","9.7","500"
"Kingston キングストン SSD A400 480GB 2.5インチ 7mm SATA3 金属筐体 3D NAND採用 SA400S37/480G 正規代理店保証品 3年保証","13564","103","50","75661","¥ 12,800","","26","B01N0TQPQB","B0C45LH1YX","17.9","12.9","1.9","68"
"エレコム LANケーブル 50m STP(ノイズに強いシールド加工) RoHS指令準拠 CAT5e ブルー LD-CTS50/RS","13588","55","","141","¥ 6,258","¥ 6,258","17","B0010P69HM","B01MXGIX0B","24.7","24","7.1","2000"
"【マイクロソフト 公式ストア限定】2点セット: Surface Pro 12 インチ Snapdragon X Plus 16GB 256GB プラチナ EP2-27651 + Surface Pro 12 インチ キーボード （スリム ペン付き）ストーン グレー EP2-33053","13591","82","","6","¥ 209,500","","3","B0FB8LKMLT","B0FRRKDBHP","38.5","22.7","7.4","2310"
"TECLAST T70 Pro 大画面 14インチ タブレット Android 16 OS、Helio G100 オクタコア 2K IPS 2240x1400 解像度、48GB(8GB+40GB)+128GB+1TB TF拡張、SIMフリー、Widevine L1対応、 10000mAh大容量バッテリー 18W PD急速充電 ゲーム GMS認証 5G Wi-Fi BT5.2","13592","14","","5","¥ 37,999","","1","B0F9S61RSX","B0GSCV7TBB","35.6","24.6","6.4","2200"
"モバイルモニター 15.6インチ タッチパネル 2.8K 100Hz ポータブルモニター 2880x1620 IPSパネル","20307","45","","126","¥ 15,199","","1","B0G64MRNNZ","B0HGQ2DW2C","40.7","29.1","6.9","2050"
"Gwrv アーケードジョイスティック PS4/PS3/Switch/PC/Android/iOS対応 格闘ゲームコントローラー 有線 Bluetooth 2.4GHz無線 TURBO連射 マクロ設定 伸縮スマホブラケット付き 600mAh (ホワイト・ブラック)","42960","6","","2","¥ 6,999","","1","B0H74VCS8D","B0H74XKPJJ","28.3","19.8","11.6","300"
"Logitech G502 X Lightspeed Wireless Gaming Mouse - Optical Mouse with LIGHTFORCE Hybrid Optical-Mechanical switches, Hero 25K Gaming Sensor, Compatible with PC/macOS/Windows - Black","13597","51","50","40","¥ 14,486","","3","B0BCQ83WL9","","17.6","11.7","7.1","370"
"Outemu（ハイト）ゆずSilent Tactile Switch静音軸35 gf/50 gf 5ピンMX互換工場潤滑5000万回耐久オフィス/自作キーボード用（108個）","9471","39","","12","¥ 5,400","","1","B0G631XF36","B0G63TQCQJ","18","12","4","230"
"TK-3401 トナーカートリッジ 2本セット 京セラミタ用【国内純正品】モノクロプリンタ ECOSYS PA4500x/MA4500ifx","16904","24","","","¥ 20,900","","1","B0G4J624WK","","34","27","13","1200"
"HUANUO (ファーノー) PCモニターアーム 液晶ディスプレイアーム 13～49インチ対応 耐荷重2～12kg USBポート付き","13600","93","","1686","¥ 7,999","","1","B08229RRRF","B0G5WSTCWH","44.1","22.9","13.7","5090"
"ESR iPad Pro 11インチ ケース M5/M4（2025/2024）対応 着脱式マグネットカバー 単体使用可能 縦横対応 9段階角度調整スタンド Pencil Pro/USB-C対応 耐衝撃 オートスリープ Shiftシリーズ ブラウン","13609","61","","1505","¥ 8,199","","1","B0CRHK79LP","B0GT4PZRQ5","27.4","21","2.4","530"
"amadana 15.6インチ モバイルモニター ポータブルディスプレイ 15.6-Inch IPS Full HD Portable Display：DP10 『極限まで削ぎ落した、美しい形状と金属の質感』見せるモニター【ドット抜け保証1年付】","15987","50","","6","¥ 19,800","","2","B0G6CHH39H","","41.9","26.6","7.7","1310"
"BORIYUAN iPad 10.2インチ 第7/8/9世代 キーボード ケース 360°回転 ブラック","13620","25","","268","¥ 6,498","","1","B0DZ22TQJY","B0883FT79B","28.6","20.5","3","840"
"サンワサプライ 静音Bluetoothキーボード テンキーなし SKB-BT38BK","13632","21","","4","¥ 5,053","","1","B0CGWVFRBG","B0CHJM89HH","36.2","15.2","3.7","480"
"Yottamaster RAID対応 5ベイ HDDケース 3.5/2.5インチ SATA HDD/SSD対応 最大22TB×5 USB-C 5Gbps接続 RAID 0/1/3/5/10/JBOD対応 アルミ製 外付けストレージケース [PS400RC3]","13636","2","","","¥ 17,999","","1","B0HCNKXPFS","B0HDNM9ZCK","31","25","18.5","3600"
"ASUS Chromebook クロームブック CM15 15.6インチ MediaTek Kompanio 540 8GB メモリ 128GB eMMC ゼロタッチ登録対応 日本語キーボード 重量 1.56kg Wi-Fi 6E クリームピンク CM1505CM4A-8128PK/A","13639","11","","","¥ 81,636","¥ 81,636","1","B0H4LCQFQT","B0H4LQGTYH","55.4","31.8","7.4","2520"
"タブレット 7インチ Wi-Fi6モデル Android16 64GB+1TB拡張 iPS ケース付き","15534","44","50","60","¥ 7,499","","1","B0DKT9V1WY","","27.6","15.5","3.7","570"
"Spigen iPad Air 11インチ M4/M3/M2 (2026/2025/2024) iPad Air 10.9インチ (2022/2020) ケース 耐衝撃 米軍MIL規格取得 傷防止 ディテール設計 レザー エンゾ・アラミド ACS07757 (ブラック)","13650","30","","579","¥ 7,649","","1","B0CW2H411D","B0DC4KV4MF","29.3","20.1","1.9","20"
"AMD Ryzen 7 9800X3D BOX Socket AM5 / 8コア16スレッド / 4.7GHz 三年保証 日本国内発送品（ご購入時出品者の住所、評価と到着予定日をご確認ください）[並行輸入品]","13654","43","50","58","¥ 68,800","","4","B0DP2XYMXG","","12.6","12.5","3.7","90"
"キャノン (Canon) トナーカートリッジ069H(イエロー) 5095C003","13661","37","","4","¥ 21,980","","23","B0BWHX5KNX","","36.3","11.9","9.1","670"
"Breame サーバーラック 12U ネットワークラック ラックキャビネット 鍵付き 強化ガラス扉 機器収納ラック サイドドア取り外し可能 キャスター付き 通気性優れ 配線簡単 防塵防盗 ルーター/NAS/スイッチ/ハブ収納 オフィス・家庭用 取付説明書付き（60*40*53cm） (オフホワイト)","13662","23","","4","¥ 7,997","","1","B0GX8NQ935","B0HCGR4CX1","64","57","13","11000"
"ATTACK SHARK R85HE ラピッドトリガーキーボード ゲーミング 有線 8000Hz ポーリングレート 75%レイアウト 磁気スイッチ","13663","37","","30","¥ 9,658","","1","B0FX49Y1L8","B0FX4PPZZD","35.9","19.5","4.9","1130"
"モバイルルーター 【365チャージWiFi】 1年間 10ギガ付 国内専用 モバイル ポケット WiFi ルーター 契約不要 月額費用無し 端末買い切り チャージ ワイファイ ポケット Wi-Fi 24時間365日 ギガ追加 可能 最短即日利用可能 プリペイド wifi ルーター ギガ 有効期限365日 同時接続 10台 モバイルWiFi プリペイドWiFi オットキャスト","18393","9","","760","¥ 18,700","","1","B0CRKG8L5Q","B0CRK7LYQ7","24.5","15","2.5","280"
"DAISEITECH Delta製 MSI・ASUS 対応 120W ACアダプター 20V 6A コネクター 4.5×3.0mm","13676","43","50","4","¥ 7,980","","1","B0GK8Y5JML","","23.9","16.6","5.6","600"
"Angetube 4K Webカメラ リングライト一体型800万画素ウェブカメラ超広視野角 1080P@60FPS ストリーミング PC用","13678","41","","446","¥ 5,775","","1","B0DDCJBZWQ","B0H924TQJX","10.1","9.6","9.5","220"
"サンワサプライ ギガビット対応PoEスイッチングハブ（5ポート・マグネット付き） LAN-GIGAPOE55","13963","11","","","¥ 15,690","¥ 17,756","12","B0GHWNWPJF","B0GLN74P8P","18.8","14","7.5","860"
"QUUGE 7-in-1 縦置きノートパソコンスタンド ドッキングステーション 4K HDMI対応 MacBook用","13682","36","","12","¥ 14,599","","1","B0F1XLH1NW","B0FF1KW51Y","22.7","10.9","7.7","840"
"JAPANNEXT モニターアームガス式液晶ディスプレイアーム 15-32インチ対応 耐荷重2-6.5kg 3軸 垂直 水平 多関節 JN-GB12SV …","12694","47","","29","¥ 5,391","¥ 5,391","11","B07VKRTSW1","B07YJHBJQ2","33.8","29.6","11.4","3640"
"HKW タイプライター風メカニカルキーボード 青軸 JIS規格 109キー USB有線 日本語キーボード (シルバー)","12751","64","50","217","¥ 11,567","","1","B07CXNTJ7Z","B07CXRH288","48.6","22","6.6","1920"
"KRUF iPad 10.2インチ (第9世代 第8世代 第7世代) 3モデル対応 本体とカバーが取り外し可能 ケース 肩掛け 首掛け ショルダー Apple Pencil 収納可 ビジネス 学校 by 幡ヶ谷カバン","13692","40","","29","¥ 5,590","","1","B0DPMWHPRQ","B0DPMW1T48","26.8","25.9","3.3","650"
"NexStar DX2 USB 3.0外部エンクロージャ、5.25インチBlu-Ray/CD/DVD SATAドライブ、第2世代DX、アルミニウム合金、あらゆる深度光学ドライブにフィット、TAA準拠、USBホットスワップ可能(NST-540S3-BK)","13695","22","","989","¥ 10,672","","8","B09SS74KCN","","29.4","24.1","8.7","1140"
"バッファロー BS-GU2108 法人向け Giga対応 Layer2 アンマネージスイッチ 8ポート","13700","44","","31","¥ 9,788","","31","B084WRZB5R","","25.2","14.2","7","800"
"RAYMCRAFT iPad Air 11 インチ (M4/M3/M2, 2026/2025/2024)/iPad Pro 11 インチ (第 4 / 第 3 / 第 2 / 第 1 世代) キーボード付きケース、iPad Air 第 5 / 第 4 世代 10.9 インチ対応 マジックキーボード、11 色バックライト、マルチタッチトラックパッド、堅固なペンホルダー、防汚加工表面、ホワイト","13083","27","","28","¥ 11,599","","1","B0GL627ZGY","B0GZHWNRHF","27.2","20.3","2.9","890"
"「MFi認証」Phone usbメモリ phone/android/PC対応 USBメモリー フラッシュドライブ Lightning/type-cコネクタ搭載 容量不足解消Phone/iPad/iPod/Win/Mac兼用","19414","39","","501","¥ 5,699","","1","B0D6Z4RFYW","B0CRYWQM86","12.4","7.1","1.7","40"
"HyperX Pulsefire Haste 2 ワイヤレスゲーミングマウス 軽量59g 長時間バッテリー ブラック 日本正規代理店品 7D388AA","13708","57","","279","¥ 12,016","¥ 12,016","3","B0CQPMCBDL","B0FMXSH7WJ","15.7","9.9","6.7","250"
"ブラザー工業 A4モノクロレーザー複合機 FAX-L2800DW (FAX/無線・有線LAN/ADF/両面印刷)","13709","61","","25","¥ 30,527","¥ 30,527","13","B0CSNCGZDK","B0FX25ZWNN","59","56.8","45","15420"
"TedGem トラックボールマウス ワイヤレス(シルバーボール搭載)","15727","35","","8","¥ 5,080","","1","B0GX8J39YV","B0H62VQLBV","14.9","11","6.4","370"
"Pulsar Gaming Gears Xlite V4 Mini ワイヤレス ゲーミングマウス 超軽量 52グラム 1ms 32000 DPI Optical swhich XS-1 Flagship Sensor 国内正規品","13711","39","","156","¥ 14,960","¥ 14,960","1","B0DLWJBCLD","B0CVR587XY","17.3","10.7","6.9","320"
"【ECサイト限定】 JAPANNEXT 23.8インチ ゲーミングモニター JN-Ei238G144F","15925","32","","12","¥ 12,980","¥ 13,061","8","B0GMP1G82R","","70","40","13","3520"
"Acer モニター 23.8インチ IPS フルHD 144Hz 1ms(VRB) 非光沢 sRGB 99% AMD FreeSync ブルーライト低減 スピーカー内蔵 ゼロフレーム HDMI 1.4 ミニD-Sub 15ピン 6軸カラー スタンダード 3年保証(パネルは1年) KA242YP6bmix","13720","25","","7","¥ 12,330","¥ 12,330","2","B0FX561MSM","","59.8","40.7","13.5","4990"
"Thermalright Trofeo Vision LCD Black 6.86 インチ磁気 IPS ケース水冷ディスプレイ、解像度 1280x480、カスタマイズできる無限のテーマ","20383","17","","4","¥ 6,099","","1","B0GZ48BRNS","B0H6RYZW3N","20.1","13.2","2.8","290"
"CORSAIR VOID v2 MAX ワイヤレス Bluetooth ゲーミングヘッドセット PC/PS5/PS4/Switch/モバイル対応 – 2.4GHz・Dolby Atmos・Sonarworks SoundID・70時間バッテリー・Bluetoothとワイヤレス同時接続可能・急速充電 マイク – カーボン CA-9011388-WW","13726","24","","142","¥ 15,980","¥ 15,980","5","B0FL2N7G8V","","21.1","18.5","10.9","549"
"MSI ゲーミングノートPC Cyborg 15 GeForce RTX 5060 Core 7 240H 15.6インチ メモリ 16GB SSD 1TB リフレッシュレート144Hz Windows11 Cyborg-15-B2RWFKG-1163JP","13729","41","50","","¥ 229,800","¥ 229,800","3","B0GLXHV54M","B0H1W664J1","46.5","31.9","8.9","3720"
"Redragon RGB ゲーミングキーボード USB 有線 テンキーレス 英語配列 （ブラック） (グレー, 75%)","12480","50","","74","¥ 7,487","","5","B0DSFR1VRW","B0GWLR6TB5","34.7","19","4.7","670"
"縦置き対応 Xiaomi Redmi Pad 2 Pro/Pad Pro 12.1インチ用 キーボード タッチパッド バックライト付き マグネット式 ケース シャオミ Xiaomi POCO Pad 12.1インチ用 キーボードケース トラックパッド付き 分離式","13731","33","","18","¥ 8,800","","2","B0GRTZLT2P","B0F8C28K7V","28","21","3","980"
"Color MultiWriter PR-L4C150-19 [大容量トナーカートリッジ(ブラック)]","13731","50","","12","¥ 15,186","","23","B09K7C5XYS","","24.5","8.6","6.4","260"
"ORICO 3.5インチ HDD保管ケース 20台収納可能 ポータブル ハードディスク 収容ケース 耐振動 耐衝撃 防水 防塵 良い安全性 ABS材質 PSC-L20-GY","20958","33","","31","¥ 7,119","","1","B09SNZZWRS","B09X2MF7YP","47","37","21.3","3440"
"CUIUIC モバイルモニター 18.5インチ 1920*1080FHD 大画面 120Hz IPSパネル 非光沢 HDRモード レザーケース付き","13736","65","50","76","¥ 14,994","","1","B0DP22FN42","","44.3","29.6","8.1","2410"
"【OWC直営】 OWC Mercury Pro (OWC マーキュリー プロ) 5.25インチ光学式ドライブ 外付けケース (ケース単体)","13737","20","","1613","¥ 9,250","","60","B06XRCCV44","","25.8","24","12.8","1501"
"【Amazon.co.jp限定】Elgato Facecam MK.2 – 最高級フルHDウェブカメラ, 配信、ゲーム配信、ビデオ通話、録画に最適、HDR対応、Sonyセンサー、PTZコントロール – OBS, Zoom、Teams、その他に対応、PC/Mac対応","13742","56","","15","¥ 21,480","¥ 21,480","1","B0CXP79CT3","","26.7","20.1","12.2","470"
"リコー RICOH SP トナーカートリッジ ブラック C200 600568","13749","42","","77","¥ 6,670","","23","B00ISCNH3E","","42","19.2","16.4","1522"
"オムロン(OMRON) ソーシアルソリューションズ BN75T 無停電電源装置 ラインインタラクティブ/750VA/680W/据置型","13756","49","50","25","¥ 46,550","¥ 49,982","16","B07VVQ39LL","","46.5","27.4","25.8","13030"
"YUNZII X98 QMK/VIA対応 ワイヤレス メカニカルゲーミングキーボード ジェリーキーキャップ 3モード接続 BT5.0/2.4GHz/USB-C ホットスワップ可能 潤滑済みスイッチ ガスケット構造 RGBバックライト ノブ付き Win/Mac対応 技適認証取得 (ブラック, クリスタルスイッチ)","13756","7","","21","¥ 19,100","","1","B0H7BP4JR7","B0GYQNFFFR","43.5","18.5","8","2000"
"ERGOTRON エルゴトロン MXV モニターアーム アルミ色 34インチまで対応 国内正規品 10年保証付 45-486-026","14987","56","","872","¥ 24,800","¥ 24,800","5","B0771JJ3M1","B0H3468KX6","87","24","18.5","3680"
"USBメモリ 128GB 2個セット Wooolken USB3.0 超高速データ転送 360度回転式設計USBドライブ ‌","13765","59","","100","¥ 6,399","","1","B0F614CYY3","B0H9RXL1YS","11.6","6.7","1.4","30"
"サンワサプライ USB延長ケーブル 3m延長(USB3.2 Gen1アクティブリピーターケーブル) デイジーチェーン接続可能(最大8m延長) KB-USB-R303N","13771","44","50","12","¥ 5,224","¥ 5,224","19","B09S33HBMC","","20.7","13.9","7.5","360"
"【インク革命】 EPSON用 KAM-6CL-L 互換インク 6色パック ×2 増量 エプソン用 インク KAM シリーズ （カメ） 純正インクと併用可 ICチップ付き 残量検知対応 【日本企業】 対応機種：EP-881A / 882A / 883A / 884A","13772","35","","5","¥ 6,280","","1","B07NYMHHQ1","B07NXQTVVD","28.3","22","2.8","400"
"WORLDLIFT ノートパソコンアーム 12~18インチ対応 トレイ付き","13772","7","","102","¥ 7,199","","1","B0H6DTY21C","B0HFHZ4PSB","44","19.5","11.6","3850"
"Phomemo M02 ミニ サーマルプリンター スマホ対応 3ロールシール付き モバイル ポータブ スマホ ラベルプリンター","19505","45","","1321","¥ 5,592","","1","B08X469NBN","B0HGLP3JNW","16.6","16.6","5.2","460"
"Thermaltake TOUGHFAN 14 RGB Radiator Fan 3 Pack 高風量・低騒音 2000rpm ARGB PCケースファン CL-F136-PL14SW-A FN1821","13774","44","","4","¥ 17,500","","5","B0BJ2V4C3Z","B0CTGWCDB5","25.2","24.4","11.8","1170"
"玄人志向 Intel ARC A310 搭載 グラフィックボード GDDR6 4GB 搭載モデル 【国内正規品】 AR-A310-E4GB/4HDMI","15964","28","","12","¥ 18,981","¥ 18,981","4","B0DPNP1KX6","","24.1","19.6","7.3","460"
"ブルーレイドライブ外付け！さらに速外付けブルーレイドライブ USB-A/C対応 BD DVD 再生・読み込み・書き込み対応 ポータブルBlu-rayプレーヤー Windows 7-11 Mac OSパソコン対応電源ケーブル付属（黒）","13777","2","","6","¥ 7,998","","1","B0HFVJKGLN","B0HG6PGT94","21.8","17.9","3.2","470"
"サンワサプライ TAP-K8SP-3 工事物件雷ガードタップ 抜け止めコンセント 3P 8個口","13778","35","","4","¥ 7,008","¥ 7,008","28","B003R4IRI8","B0166DBAK8","43.1","16.1","4.4","735"
"エレコム マウスパッド リストレスト dimp gel ゲル ピンク MP-DG01PN","19658","41","","188","¥ 6,700","","4","B07K1GVL51","B07L5KZZ1W","27.6","24.2","1.2","300"
"Seagate 3.5inch 内蔵ハードディスク 2.0TB 7200rpm 64MBキャッシュ SATA3.0 ST2000DM001","21288","31","","398","¥ 12,999","","1","B006JF7MRY","B009Z3RKFQ","18.5","14","4","680"
"理想科学工業 RISO インク FⅡタイプ ブラック S-8113","13789","39","","25","¥ 9,980","","2","B082SH1HQ8","","28.3","17.7","9.3","2410"
"Pixio ゲーミングモニター PX27U Wave ホワイト 27インチ 160hz 4K IPS ゲーミング ディスプレイ 白 ピクシオ","13791","82","100","41","¥ 46,800","","2","B00CWXSMPS","","68.4","44.6","17.3","6620"
"HPUMLSE第14世代軽量ノートパソコン15.6インチノートPC ，16GB DDR3メモリ/512GB M.2SSD/プライバシーカメラ物理的セキュリティ・ロック/日英バイリンガルキーボード/PC windows11/Intel Pentium Gold 6500Y/＠3.4GHz/FHD1080/Type-C/7.7V5800mAh容量/HDMI/Laptop","11105","32","","14","¥ 54,999","","1","B0G8HN6MH1","B0H7R1GQ18","45","31.6","7.6","2080"
"XPPen ペンタブ X3 Proペン ペンタブレット 16Kレベル筆圧検知 9x6インチ 左手デバイス付き ワイヤレス接続 【2年メーカー保証】 お絵かきソフト付 Android Windows macOS Linux対応 イラスト 動画編集 Deco Pro MW (Gen2)","13795","75","","155","¥ 19,464","","1","B0CDWLJWGX","B0CDWKFG5N","37.6","26.2","5.1","1700"
"MSI B760 GAMING PLUS WIFI DDR4 Intel第14/13/12世代 Coreプロセッサ対応 ATX マザーボード MB6563","13798","42","50","19","¥ 17,981","¥ 17,981","5","B0DM8L87PZ","B0D8BG85MC","34.9","27.3","6.7","1520"
"FMV ノートパソコン 日本製 3年保証 Note U WU2-K3 (Copilotキー搭載/AIPC/長時間駆動バッテリ/Win 11 Pro/14.0型/Core Ultra 7/32GB/SSD 1TB/Officeなし) AZ_WU2K3_Z999 K1TT0028JP","13809","8","","","¥ 268,400","","1","B0FW47F6QR","B0G7DQTJ4M","38.3","36.5","5.7","880"
"AGM P2 Active 防水 タブレット お風呂 11インチ FHD 16GB RAM 256GB ROM Helio G99 50MP高精細カメラ+8MPカメラ 8000mAh大容量バッテリ Widevine L1 4G LTE ショルダーストラップケース付き 360°回転プチスタ Type-Cコネクタ Gemini AI 対応","13811","42","","95","¥ 39,492","","1","B0FB98SP8Y","B0GMGCQ9Z1","28.7","19.3","6.4","1430"
"【整備済み品】 HP モニター P22 G5 21.5インチ フルHD IPSパネル 非光沢 チルトHDMI DisplayPort VGA VESA対応ブルーライト削減 フリッカーフリー 3年保証 (型番：64X86AA-AAAB)","19854","40","","9","¥ 8,000","","1","B0DQCD335M","B0DPRBM61C","58.9","45.4","16.2","3660"
"Ergotron – LX Proモニターアームエクステンション – LX Proデスクおよび壁モニターアーム用アドオン キーボードアーム – ダークグレー","13813","50","","14","¥ 14,270","","1","B0DWGB2KMK","B0GKFQWXXN","47.5","36","24.5","813"
"キヤノン A4 モノクロ レーザービームプリンター Satera LBP244","13822","46","","9","¥ 35,354","¥ 35,354","17","B0C5D53YWL","","52.1","48.4","46.3","11950"
"エプソン 純正 環境推進トナー LPB3T32V ブラック Lサイズ A3","13826","39","","2","¥ 46,000","¥ 50,095","32","B09RPSDDP6","","38.5","15","11.9","900"
"ウエスタンデジタル(Western Digital) WD デスクトップHDD 36TB USB3.2 Gen 1 暗号化 RAID 0,1 バックアップ My Book Duo 2021EX / WDBFBE0360JBK-JEEX/E メーカー3年保証 国内正規代理店品","13827","35","","15","¥ 258,000","¥ 258,000","1","B0BWQ818JD","B0D978CZ6T","28.4","22.7","15.9","3180"
"【整備済み品】 HP エイチピー ProDisplay 23.8インチワイドIPS モニター P244/フルHD（1920x1080）/HDMI、VGA、DisplayPort/VESA規格/スリムベゼル/フリッカーフリー/ブルーライト/Switch·PS対応(整備済み品)","11080","30","","2","¥ 9,000","","1","B0FYNVWZM4","","53.9","39.7","20","3800"
"サンワダイレクト モニタースタンド VESA 置き型 ガス圧式 耐荷重2～10kg 34インチまで対応 モニターアーム 100-LA064","13833","37","","46","¥ 7,980","","1","B09YXRBJKR","B0FDGCZ4X2","39.1","30.9","13.2","4630"
"【整備済み品】 富士通 ARROWS Tab Q739 タブレット /13.3インチ/Windows11 /Corei5-8365U /メモリ4G/SSD128G/WIFI/Bluetooth/HDMI/カメラ/非光沢/フルHD（1920×1080）/Type-C/10点マルチタッチ /純正タッチペン付き/純正キーボード付き","13835","63","","19","¥ 17,800","","1","B0GH6C83J4","B0FK9VTK77","40.3","29.7","10.8","1350"
"エレコム RJ45コネクタ CAT6・CAT6A対応 単線・ヨリ線対応 100個入り LD-6RJ45T100RJ45コネクタ(100個入)","13837","43","","26","¥ 10,737","¥ 10,737","17","B088P8TML4","B0892PQTFB","21.2","14.9","3.7","150"
"IODATA Wi-Fi 7 ルーター 10Gbps対応 トライバンド WN-7T94XR/UE","13843","93","","47","¥ 35,800","¥ 35,800","2","B0DJVX3VSL","B0DKXMF77H","34.4","22.4","10.4","2000"
"4画面 モニターアーム 17～32インチ対応 耐荷重各9kg","31393","7","","2","¥ 7,199","","1","B0H5HWDM4G","B0HBJ9J4N3","44.1","23.7","15.1","8820"
"MAGICRAVEN モバイルモニター 16.1インチ FHD 1080P 144Hz高速応答 IPS液晶パネル Type-C/Mini HDMI接続","15667","37","","141","¥ 15,199","","1","B0CYSH2GF3","B0H4TSFBGY","40.6","27.5","6.2","1960"
"サンワサプライ(Sanwa Supply) かしめ工具(RJ-45、貫通型) LAN-TL22","13853","39","","13","¥ 9,500","¥ 9,998","22","B0C6X7XYPQ","B0FWCKR3BW","20.4","9.5","3.5","340"
"ゼンハイザー SC 30 USB ML 片耳式エントリーヘッドセット コールコントロール機能付 504546【国内正規品】","13857","47","","977","¥ 6,215","","3","B00E67S6ZY","","17.3","14.5","5.6","109"
"HyperX FlipCast ダイナミックマイク 単一指向性 タップミュート対応 ゲーミング テレワーク ブラック 日本正規代理店品 B2CM1AA","13858","66","50","75","¥ 28,680","¥ 28,680","2","B0FKTCPR94","","23.8","22.6","8.4","1070"
"SERYUB ノートパソコン14インチ MS Office 2019/Win 11Pro 1920*1080 IPS DDR4 8GB+128GB","13865","45","","355","¥ 37,999","","2","B0GH7KZJDK","B0FMPFZWCB","38.6","27.1","8.8","2020"
"ASUS DUAL GeForce RTX 5060 8GB GDDR7 OCエディション ビデオカード DUAL-RTX5060-O8G 国内正規代理店品","20908","38","","32","¥ 76,591","¥ 76,591","2","B0F8Q96N8G","B0FZJFQ2KB","37.5","22.4","7","1070"
"ドキュメントスキャナー 書画カメラ A3対応 1600万画素 1秒/枚高速スキャン OCR文字認識 連続撮影 タイマー撮影 バーコード認識 動画録画対応 自動補正 トリミング 傾き補正 USB接続 折りたたみ式 書類 教科書 レシート 名刺 デジタル化 本体・接続ケーブル・マット付き 折りたたみ時サイズ約10.8×8×30.5cm ブラック","24993","4","","4","¥ 17,500","","1","B0H6XGRS7X","B0HBKG2D7C","54","16","13","1700"
"LOE(ロエ) 【日本企画】 デュアル モニターアーム ノートパソコン Laptop 2画面 縦 上下 配置 LOLL3L 白 x シルバー 1台","13874","49","","145","¥ 13,510","","1","B0BJQ2XJC3","B0D1B782P2","59.3","30","12.4","6200"
"【純正品】インクボトル えんぴつ削り IT08A 4色セット IT08KA IT08CA IT08MA IT08YA","13876","21","","3","¥ 15,980","","1","B0D2SL2VT9","","21.3","16.7","8.4","580"
"【日本製】ソニー(SONY) ブルーレイディスク BD-RE XL 繰り返し録画用 100GB ５枚パック 5BNE3VEPS2","13885","37","","14","¥ 16,980","","1","B0F9VKH25F","","30","20","20","300"
"ATTACK SHARK CM05SE ガラスゲーミングマウスパッド 強化ガラス マイクロエッチング 410×310×5mm 低摩擦 高精度 FPS","20861","32","","10","¥ 5,999","","1","B0GLNFGQHW","B0GMGL2J5V","44.7","35.2","3.6","1360"
"ヤマハ発動機 シンプルL2スイッチ SWX2110-8G","13891","43","","17","¥ 21,331","¥ 21,331","3","B09LMCHYX1","","24.2","18.7","8.2","850"
"アイ・オー・データ 外付けHDD ハードディスク 4TB テレビ録画 4K録画 24時間連続録画 静音 電源内蔵 ディーガ&ビエラ推奨HDD搭載 ハイエンドモデル 日本製 土日サポート AVHD-WR4","13905","42","","272","¥ 32,132","","19","B08MF6ZT2L","B0H9JGDTJZ","29.8","25.9","10.4","1600"
"OHLPRO タブレットホルダー 車載 タブレットスタンド 自動車エアコン吹出口／フロントガラス／ダッシュボード兼用、360度回転調節 粘着ゲル 真空 吸盤、IPAD IPADmini Samsung Galaxyなど6～10.5インチのタブレットに対応 (Black 2)","13909","82","","853","¥ 7,097","","1","B07GSWB2DB","B0D5LG13Z5","16.9","11.5","7.4","310"
"ブラザー トナーカートリッジTN-29J 1個","20431","41","50","13","¥ 10,580","","9","B07PDCPN71","","35.9","17.7","12.5","670"
"TARION 俯瞰撮影 ガススプリング式 カメラアーム 最大耐荷重6kg","13912","17","","","¥ 8,499","","1","B0H2B1K2SL","B0GMW3XKNL","42.7","21.2","12.7","2330"
"TEAMGROUP T-Force G50 1TB SLCキャッシング 3D TLC NAND NVMe InnoGrit PCIe Gen4x4 M.2 2280 ゲーミングSSD 超薄型グラフェンヒートスプレッダー付き PS5 読み取り/書き込み対応 5000/4800 MB/秒 TM8FFE001T0C129","13915","35","","158","¥ 25,880","","3","B0BW8BMSX5","","12.3","9.4","1.4","30"
"BANGCHEER TP-Link Deco BE23/BE25/BE3600/BE5000 メッシュWiFi 7システム用壁掛けマウントブラケット ネットワークと電源コード管理 スペース節約型 TP-Link WiFi 7ルーター 壁掛けマウントブラケット（ホワイト-3パック、ホワイト）","13918","43","","148","¥ 7,000","","3","B0DLBJS3DK","B0DXL7NC9G","23","16.8","16.4","558"
"【Amazon.co.jp限定】WD HDD 内蔵ハードディスク 3.5インチ 1TB Blue WD10EZEX/N / 7,200rpm / SATA 6Gb/s / 2年保証 / FFP","21157","44","","373","¥ 9,999","","2","B009QWUF9E","","20","16.1","6.4","603"
"M5Stack CoreS3 ESP32S3 IoT開発キット","21219","36","","11","¥ 12,450","","8","B0C7G5GPGC","","10.6","6.6","3.5","100"
"中古整備 HP ノートパソコン15.6インチ インテルCore i5 8265U 1.60GHz メモリ16GB Windows11 Pro &Office2019搭載 ProBook 450 G6/WIFI&Bluetooth/WEBカメラ内蔵/USB3.0/HDMI/Tpye-C/テンキー付き日本語キーボード (SSD512GB)","13932","26","","3","¥ 39,800","","1","B0F3D6KFRY","B0F3D5RGGM","40","31","9","2000"
"Logicool G ロジクール G USB PRO ゲーミングマウス 有線 HERO 25Kセンサー FPS向け 83g 軽量 LIGHTSYNC RGB 6個プログラムボタン G-PPD-001t 国内正規品 【 ファイナルファンタジーXIV 推奨周辺機器 】 ブラック","13933","30","","793","¥ 11,091","","4","B08CL19PSH","B08KTQ6GSR","17.4","11.7","4.3","160"
"エレコム USB切替器 PC→4ポート USB3.0→4ポート 手元スイッチ ブラック U3SW-T4","13939","38","","262","¥ 11,780","¥ 14,422","33","B07TLXFFQ3","B07TWLW9KL","23.4","16.4","7.4","560"
"メディアカバーマーケット 27インチ (16:9) マグネット式 覗き見防止 プライバシー フィルター ブルーライトカット のぞき見防止 フィルム","31535","14","","3","¥ 6,081","","1","B0GQ9GKTFC","B0GQ9QCPNH","75","45","3","1000"
"Ideao DC400 USB Webカメラ/書画カメラ/スキャナー 3-in-1 1600万画素 4K/30fps A3サイズ&10cm近接撮影","13943","75","50","306","¥ 12,980","","1","B09M3F94FH","","25.7","9.8","4.9","508"
"パナソニック Let's note FV／ＳＲ／ＱＲ用 ACアダプター CF-AA6412AJS","13943","39","","3","¥ 7,856","¥ 7,856","9","B08HVMRY7H","","28.6","8.2","3.9","360"
"【LTE対応 SIMフリーUSBドングル】富士ソフト FSM04UJ-B02 +F FS040U","21678","27","","17","¥ 21,400","","2","B08H824QN7","","11.8","9.5","2.2","110"
"Fintie 耐衝撃ケース iPad 第9世代 / 第8世代 / 第7世代 10.2インチ用","13959","10","","292","¥ 5,924","","3","B0GSZP785M","B0FJ3Z5VSD","26.6","22.2","1.8","249"
"TabletKeyerマジックキーボード JIS日本語配列 iPad(A16 第10世代/第11世代)キーボード付きカバー,トラックパッド フローテ","13079","34","","415","¥ 6,999","","1","B0FPLX3HDM","B0FGY37TNK","28.7","20.7","3.4","830"
"ICY DOCK 4 x 2.5” HDD / SSD Bracket Mount Kit Adapter for 5.25” Drive Bay - FLEX-FIT Quattro | MB344SP","21094","22","","302","¥ 6,427","","25","B01IE37ZRU","B0H3Z8HCFL","16.3","15.5","5.4","150"
"FSF Blink Bound BD01 [USB-CゲーミングIEM] qdcの装着感 プロフェッショナルチューニング特注ドライバー搭載 専用DSPでEQ調整可能 2wayモード切替スイッチ搭載 MEMSマイク/ワンクリックミュート対応 1.5m延長ケーブル&キャリングケース付属 UAC2.0 PC/Switch2【QDC-FSF-BD01】","13976","10","","","¥ 14,850","¥ 15,373","6","B0HCBL1P6F","","16","13","6","250"
"ATTACK SHARK R68 HE ラピッドトリガー ゲーミングキーボード 8000Hz RT0.005mm 0.08ms超低遅延 US配列","13976","20","","11","¥ 10,199","","1","B0GLG3127N","B0GPCV9SGF","36.3","17","5.2","930"
"BUFFALO ウィルスチェック機能付き USB3.1(Gen1)メモリ 32GB RUF3-KV32G-DS","13978","49","","206","¥ 6,780","","12","B06X192Q49","B071P18CD5","12.4","3.8","1.2","10"
"NEO by OYAIDE Elec d+ USB Type-C to C class B 1.0m USBケーブル","8553","71","50","105","¥ 5,121","","6","B08L65QBZS","","24.3","20.7","3.2","130"
"iPad Pro 11（第1/2nd/3rd/4th）＆iPad Air 11（M2/M3）＆iPad Air 10.9（4th/5th）用磁気ワイヤレス充電器、USB-Cコードケーブル付き, 27W高速充電スマートコネクター合金ワイヤレス充電パッド","13981","5","","34","¥ 5,299","","1","B0H2SHFBDR","B0H5Q9FJBY","9.5","8.5","2.2","50"
"【USB4超高速】GRAUGEAR USB 4.0 NVMe M.2 SSD 外付けケース Thunderbolt 4/3対応 40Gbps USB4 SSD ケース アルミ製 高放熱 M.2 SSD 外付け エンクロージャ 二つの純銅のヒートパイプ 内蔵冷却ファン付き ASM2464PDチップ対応 [G-M2U4-40G-F]","17298","15","","188","¥ 6,999","","29","B0CTKT4XJ6","","17","9.7","3.9","270"
"GiGimundo GQ20 1TB 外付けSSD磁気 マグネット付き 最大20Gbps高速2000 MB/s、丸型デザイン、高速ファイル転送、Type-Cスマートフォン、タブレット、ノートPC （Windows、Mac、Android対応）動画編集 写真用 iPhone 15/Pro/Pro Max、16/Pro/Pro Max対応","13315","21","","3","¥ 17,639","","1","B0DP43TT3V","B0GYJ6N6NV","15","10.9","2.2","80"
"IODATA DDR4メモリ 2枚組 デスクトップ用 8GB×2 PC4-3200 288pin DIMM DZ3200-C8GX2/RE","13996","47","","3","¥ 20,480","¥ 20,480","1","B0GF77LG1R","B0GFC9FFTY","16.9","5.5","1.4","40"
"バッファロー BS-GSL2005P 法人向け Giga対応 PoE Layer2 スマートLiteスイッチ 5ポート","15872","31","","15","¥ 18,627","","12","B084RMFJ1X","","28.3","26","8.7","1730"
"WEBカメラ ウェブカメラ HD1080P 80°広角目線が合う 小型 中央画面に固定された吸盤付き 200万画素 パソコンカメラ skype、Zoom会議用PCカメラ 内蔵マイク","13998","41","","32","¥ 5,099","","1","B0CXSSJN2M","","11","9.4","4.2","70"
"YIVU Corne V4 2.4GHzワイヤレス 分離型メカニカルキーボード 40% 左右分離型 46キー カラムスタッガード配列 ホットスワップ対応 ゲータロン赤軸 QMK/Vial対応 PBTキーキャップ エルゴノミクス US配列","14005","64","","23","¥ 12,999","","1","B0F3D8RD3R","","23.2","16.4","5.3","450"
"Quirix USB冷凍カップ, 卓上用 ポータブル ミニ 小型 冷蔵庫 ペットボトル・缶対応 シリ, 車載＆自宅ビール 日本酒 炭酸飲料 など適用","14325","0","","","¥ 7,500","","1","B0F4KC3NFS","","29.2","28","21.8","2600"
"FLEXISPOT ガス圧式モニターアーム17-30インチモニター対応 大型対応 F8L (白, モニター一面)","16087","34","","142","¥ 5,940","","1","B09W5KP4D1","B09W5F12P9","42.5","30.9","10.7","3800"
"LCD-A241DW 23.8型 フルHDディスプレイ ホワイト","21360","37","","9","¥ 12,700","","21","B0CPSLM54Q","","60.5","43","12","4270"
"APC 無停電電源装置 UPS 1000VA/670W SMT1000J E ラインインタラクティブ給電 正弦波","14012","29","","30","¥ 53,985","","4","B00VFDD9XQ","","59.5","37.6","32.8","23000"
"XUNDEFINED 27インチ ゲーミングモニター 4K モニター デュアルモード UHD@144hz/FHD@288hz 1ms応答速度 Fast IPS sRGB126% 300cd/m² Freesync/VRR HDR対応 スピーカー内蔵 HDMI2.1x2 & DP1.4x2 縦横回転 高さ調整 VESA 100*100mm","14013","42","","6","¥ 44,980","","1","B0G3PHQ1PL","B0HBWJJN6V","66","55.5","13","5900"
"マウス付き Redmi Pad 2 Pro 12.1インチ用の キーボードケース レインボーバックライト付き Redmi Pad 2 Pro/Xiaomi Poco Pad M1 12.1インチ用の キーボードカバー マグネット 分離式 ビジネス 学生,ピンク+黒","10316","5","","59","¥ 5,400","","1","B0DSRX35LB","B0F8C6MHGT","41","25","3.5","900"
"エレコム キーボード ケース付 Touch Book for iPad 第10世代 10.9インチ iPad A16 専用 日本語配列 着脱可能 3段階角度調整 ブラック TK-CA12BPBK","14015","71","","57","¥ 9,673","¥ 9,673","23","B0DGJY7RHR","","27.9","21.8","3.1","650"
"8BitDo Retro 18 メカニカルテンキー Windows＆Android 対応(N)","14019","88","","556","¥ 8,690","","5","B0D4QC8R4P","B0D8J65NVS","20.1","13.8","6.1","540"
"東芝ノートパソコンCore i7 (8550U)第8世代(32GBメモリ)512GB SSD,13.3インチノートPC office 搭载","14027","32","","19","¥ 59,800","","1","B0FKT5BJLM","B0FPF1VXF5","40.1","29.5","11.3","2840"
"NZXT CAPSULE ELITE WIRED USB MICROPHONE BLACK カーディオイド ゲーミングマイク ブラック AP-PUMIC-B1 SP1192","14028","42","50","120","¥ 6,168","¥ 6,168","12","B0DPJF3JPT","B0DX75ZSLS","22.9","17.5","8.6","830"
"Flow Lite 100キーロープロファイルメカニカルキーボード、75％スワップ可能な充電式ワイヤレスキーボード2.4G無線接続、Bluetooth接続、Windows、Macの有線接続/スペクターリニアキースイッチ（フラミンゴ）英语配列 技適認証取得","21433","26","","735","¥ 17,765","","1","B0DP32KBVV","B0DXCJ4YCF","43.6","16.4","3.7","971"
"ジット エプソン（EPSON） SC9MB70 対応 マットブラック リサイクルインク 日本製 JIT-NESC9MB70","21927","13","","","¥ 10,259","¥ 10,259","1","B0CMXKZ7WN","B0CMXLZ2NK","32","10.7","4","1020"
"サンワダイレクト USB-C ドッキングステーション 2画面出力 PD 100W 11in1 Win/Mac対応 スタンド一体型 400-VGA028","14038","30","","16","¥ 10,620","","1","B0DRF1P9DB","B0CT511ZTB","42.2","14.7","4.1","370"
"MSI GeForce RTX 5090 32G GAMING TRIO OC グラフィックスカード VD9000","14040","53","","62","¥ 899,000","","13","B0DT6Q3BXM","B0F1TQKP1P","44.6","26.6","11.2","2912"
"Fintie MacBook Air 13インチ A2337/A2179/A1932用ケース、コンポジションブック。","14042","39","","6586","¥ 5,706","","12","B09J25XY5G","B07KXSF633","30.6","21.5","1.9","249"
"【電波基準適合商品】ポータブルサーマルプリンター A4 感熱式 スマホ PC ロール感熱紙付き インク・トナー不要 Bluetooth USB接続 iOS/Android対応 688g 軽量ボディ 日本基準適合 家庭用 お絵かき 出張 ビジネス 学習 AiYin (本体+専用A4紙100枚)","14048","3","","","¥ 13,500","","2","B0HC59KHJR","B0HC696XV3","27.9","10.5","6.8","800"
"エレコム キーボード Bluetooth 折りたたみ マルチペアリング ポインティングデバイス付 ブラック TK-FLP01PBK","14048","49","","170","¥ 6,300","","5","B01M0NCJAH","B01MQ2IA8U","33.6","12.6","2.2","370"
"MOERTEK Windows Hello 顔認識カメラ、2K HD ウェブカメラ, マイク付きコンピューターカメラ、プライバシーカバー、ビデオ会議、ライブ、ストリーミング、オンライン学習用ノートパソコンウェブカメラ","14050","51","50","37","¥ 5,414","","2","B0F1Y4DT8V","B0H4KWT1D8","14.5","12.9","4.7","190"
"工プ ソン 純正 インクカートリッジ カニ KNI-6CL-M 6色パックM (ブラックのみ増量) EP-887AB/EP-887AW/EP-887AP Ligare ポケットティッシュ付き","21449","54","50","","¥ 7,980","","2","B0GYZRG5SD","","19","14.1","9","170"
"ASRock Steel Legend 次世代GPU対応PC電源ユニット1200WPCIe5.1対応80PLUS GOLDATX 3.1フルモジュラー 12V-2x6 ケーブル付属SL-1200GW","14060","45","","6","¥ 21,980","¥ 21,980","9","B0FQBLHWM3","B0DQKX7BFK","30.7","18.3","13.4","3600"
"シリコンパワー ポータブルHDD 1TB 2.5インチ USB3.0/2.0対応 PS4 動作確認済 Stream S03シリーズ ブラック SP010TBPHDS03S3K B00DMW7HRW","14061","28","","382","¥ 12,028","","6","B00DMW7HRW","B06Y2GVGDK","19.1","11.1","2.9","200"
"NiPoGi ミニpc Intel Core i7 14650HX 5.2GHz 32GB RAM+1TB NVMe SSD 拡張可能","10442","49","","57","¥ 119,998","","2","B0GJS3CK1B","B0HC1CNX6D","16.2","16.2","11.2","573"
"【整備済み品】富士通デスクトップ ESPRIMO D588タワーPC Core i7-8700 4.6GHZ 32GB+512GB","20689","29","","1","¥ 59,382","","1","B0FKRY4CD6","B0FKS1F3S7","60","56","44","8000"
"【整備済み品】 【Win11、MS Office 2024搭載】 Lenovo ThinkPad 13.3型 ノートPC / Ryzen5 Pro 4650U / 8GB / 256GB /解像度:1920x1080 / Type-C、HDMI/薄型、静音、高速/無線マウス付属","14086","41","","25","¥ 43,800","","2","B0G3FZPG4P","B0G3GNM3XT","40.8","28.5","11.4","2080"
"エプソン 純正 インクパック 約5,000ページ IP11MB マゼンタ","14090","43","50","8","¥ 10,773","¥ 10,773","30","B0BH4W9H33","B0D7BWMBJY","27.6","10.6","3.9","180"
"Next Level Racing フレーム付きフライトシミュレーターシート Flight Seat Pro HOTASマウントポールは高さと角度の調整が可能 ロック機能付きキャスターホイール 主要メーカーコントローラー対応 NLR-S033 【国内正規品】","14090","30","","53","¥ 105,600","¥ 105,600","1","B0C5X6L5Q6","B0GMNTHXRS","87","52","50","50500"
"Tenda AV1000 1ポートギガビット電力線アダプタ、最大1000Mbps（PH3）","14097","43","50","2499","¥ 8,549","","7","B01N1JN6CV","","16.3","12.1","7.7","370"
"Artisul 液タブ 15.6インチ ホイール付き 液晶タブレット IPSパネル 板タブモード対応 D16 【2年保証】","16363","23","","246","¥ 24,500","","1","B07T6ZT84V","B0GV49YPDD","46.6","30.2","8.6","3600"
"マクセル 録画用ブルーレイディスク BD-R DL ひろびろワイドレーベルディスク 1回録画用 50GB(2層) 1～4倍速記録対応 20枚入 BRV50WPG.20S","14104","34","","2","¥ 5,285","","8","B0D4729CTQ","","14.3","12.5","10.4","1070"
"キヤノン CANON 純正品 トナーカートリッジ 075 BK(ブラック)","14105","39","","","¥ 7,430","","10","B0FX9KV88Q","","36.4","11.2","9.7","730"
"UtechSmart ゲーミングマウス 有線 サイドボタン付き 16400DPIまで調節可 高精度レーザー式 MMO用 PC用","14109","44","","14031","¥ 5,699","","2","B00FNKMVUO","B0HD836L2H","20.2","15.1","5.7","340"
"HOU iPad Air 11インチ・第5/4世代、iPad Pro 11インチ（第1/2/3/4世代）対応キーボードケース","21373","12","","154","¥ 13,999","","1","B0FC5PB9DH","B0H8XC947S","29.1","20.7","2.6","870"
"HERCULES DG307B Tablet ＆ Smartphone Holder タブレット／スマートフォンホルダー","14126","48","50","1939","¥ 5,309","¥ 5,309","4","B0936P1MNB","","32.7","11.7","9.7","700"
"Razer レイザー Viper V3 Pro SE ゲーミングマウス 1000Hzドングル同梱 ワイヤレス 無線 超軽量54g 第 2 世代 Focus Pro 35Kセンサー 35000DPI 最大95時間駆動 高速無線 オプティカルスイッチ 6ボタン USB Type C ケーブル – PVC ヴァイパー ブイスリー プロ エスイー 【日本正規代理店保証品】","14130","124","50","23","¥ 17,480","¥ 17,480","1","B0GCC7TQ3D","B0GN98M7C5","18","12.2","5.9","290"
"ASUS Prime AP202 ARGB Micro-ATX PCケース 湾曲したガラスパネル 420mmまでGPUをサポートPRIME AP202 TG ARGB BLACK 国内正規代理店品 黒","16163","39","","15","¥ 17,253","¥ 17,253","3","B0FHKBBJKZ","B0FJ1TKF3K","53","50","31","10470"
"APC 無停電電源装置 UPS 750VA/500W SMT750J ラインインタラクティブ給電 正弦波","14136","53","50","43","¥ 52,000","","14","B0095884K6","","49","30","28","13898"
"UAG iPad Air M2 11インチ用ケース METROPOLIS SE ボルドー 日本正規代理店品 UAG-IPDA11M2-E-BD","14139","24","","2","¥ 5,880","¥ 7,264","9","B0D6N4NHTL","B0DRHWVPCW","32.5","23.5","3.7","370"
"JAPANNEXT 23.8インチ ゲーミングモニター JN-IPS238G180Q","15972","45","","34","¥ 22,873","¥ 22,873","12","B0DTK73JYV","","61","40.8","13.3","4310"
"Native Union（ ネイティブユニオン） W.F.A MacBook スリーブ 13インチ – リサイクル素材を使用したミニマリストでスリムなスリーブ、360度保護機能付き – MacBook Air 13インチ (M5, M4, M3, M2) & MacBook Neo 対応 （クラフト）","14149","23","","693","¥ 7,700","","2","B0B7JGPVQ1","B08HMH2GYN","34.1","24.7","3.3","330"
"TITAN ARMY 27インチ 量子ドット MiniLED HDR1400相当 4K@170Hz デュアルモード FHD@340Hz ゲーミングモニター P275MV MAX (2304ゾーン｜FAST IPS｜HDMI 2.1｜DP 1.4｜PS5 VRR｜ゲームプレイ支援機能 Game+｜PIP/PBP｜KVM機能｜ピボット/上下昇降/スイーベル)","14157","53","100","38","¥ 59,800","","1","B0FCXXMWCF","","88","44","17.8","8500"
"サンワダイレクト USBメモリ 2-in-1 ライトニング-USB A 128GB スイング式 写真 動画 バックアップ 600-IPL128GX3N","14164","30","","1","¥ 8,280","","1","B0FBVK86TZ","B0FBWD1WV1","16","8","1.9","22"
"エレコム USBメモリ 128GB USB3.2（Gen1） Type-C キャップ式 シルバー MF-CAU32128GSV","14164","59","","98","¥ 5,808","","29","B0BSGCB9Y4","B0F8J4JZ54","13.1","3.8","1.7","10"
"【Amazon.co.jp限定】Western Digital ウエスタンデジタル Ultrastar DC HC520 8TB 企業向け 内蔵HDD ハードディスク CMR 3.5インチ SATA 7200rpm 高信頼 大容量 5年保証 WUS721208BLE6L4-AJP エコパッケージ 【国内正規代理店】","14165","43","","","¥ 75,800","¥ 75,800","1","B0FKMQ1BRC","B0FP4T125N","15","10.2","3.5","900"
"2in1ノートパソコンタッチパネル 360°回転・10.95インチ Win11 Pro・Office 2024搭載初期設定不要 LPDDR4 16GB RAM/高速SSD 512GB/Alder Lake-N95 (最大3.4 GHz) 4コア 軽量 ノートpc/顔認証/1920x1200 FHD / 0.94kg/Type-Cデータ転送/Bluetooth/バックライト付きlaptop","14170","24","","87","¥ 54,899","","1","B0DRFC857P","B0FFMZFF15","31.8","21.3","7.7","1510"
"ZeroneTeck USB C - USB C ビデオケーブル モニター用 1フィート [8K@60Hz/4K@144Hz] ディスプレイケーブル 40Gbps 高速データ転送 USBC 3.2 Gen 2x2,240W 充電","12932","27","","20","¥ 5,007","","1","B0F371LT36","B0GHNXB8VS","8.5","7.5","1.6","23"
"【初登場AI タブレット 大画面 10インチ Wi-fiモデル】24GB+64GB+2TB TF拡張 アンドロイド タブレット WidevineL1+GMS認証+Type-C充電+6000mAh、T310 A75大コア android tablet 薄型軽量 1280*800 TDDI IPS画面、GPS+顔認識+WiFi5+BT5.0+画面分割+重力センシング+無線投影 日本語説明書付属bmax","16461","58","","947","¥ 15,999","","1","B0FL74D8ML","B0GV5K1TKN","34.1","20.1","3.4","850"
"Okinos Cypress 3 Wood Micro-ATX対応ミドルタワーケース ブラック","14177","33","","249","¥ 7,774","¥ 7,774","1","B0DQPMNK81","","45.1","43.8","27.3","5466"
"【日本グッドデザイン賞受賞】DENTEN 電卓テンキー 2in1 Bluetooth ワイヤレス メカニカル スイッチ Type-C 充電式 (茶軸)","14184","39","","35","¥ 7,839","","2","B0CP24293Y","B0CP249J89","23","17.2","9.7","410"
"【整備済み品】Surface go 2 Core M3-8100Y(3.4Ghz max)第 8 世代 タブレット, Office 搭載 2in1 ノートパソコン 10.5 インチ (1920 x 1280),8GBメモリ SSD 128GB サーフェス Win11 ノートPC 薄型 キーボード付き","19236","109","50","97","¥ 32,220","","1","B0FDGFCCX1","B0FF9Y9XC9","40.7","29.4","11.7","1280"
"ASUSゲーミングマウス/ROG Keris II Origin/プロのFPSプレイヤーが検証 / 65g / エルゴノミクス設計/RGBライティング /42,000dpi ROG AimPoint Pro光学センサー/ROG光学マイクロスイッチII / 2.4GHzワイヤレスRF / Bluetooth/有線USB/オンボードコントロール/ブラック/国内正規品","14193","45","","10","¥ 19,161","¥ 19,161","1","B0FC1MMSLW","B0GNDDFJ91","18.8","11.2","7.9","300"
"エプソン 純正 インクボトル ケンダマ・タケトンボ KETA-5CL (KEN-MB/TAK-PB/TAK-C/TAK-M/TAK-Y) 5色×2セット EW-M752T 対応","14197","42","","118","¥ 7,280","","24","B08H1S3YR3","","27.6","14.9","9.3","500"
"エレコム PoE インジェクター ギガビット対応 3年間保証 EIB-UG01-PF2","14198","47","","18","¥ 6,180","¥ 7,409","32","B078FFX7R1","B08PPYDX67","18.9","13.8","5.9","690"
"キヤノン 590枚 ペーパーフィーダ PF-H1","14201","36","","5","¥ 33,029","¥ 33,029","13","B0C5D3M637","","73","63","28.5","11800"
"[Smatree] A800 14-16インチ ハードノートパソコンスリーブケース ゲーミングノートパソコン 防水 衝撃吸収 PC＆周辺小物収納バッグ","14206","38","","229","¥ 16,099","","1","B08PCPQWDZ","B0CZ8R1QZH","43.2","31.3","12.6","1628"
"タブレット LUCA (T606/4GB/その他UFS64GB/Android14/10.1型/SIMスロット:なし) TE10D1M64-KV1H","14206","40","","2","¥ 17,078","","5","B0FHK96KSC","","28.7","23.2","2.9","700"
"「国内正規品」Keychron C3 Pro 8K JISレイアウト 有線カスタムメカニカルキーボード Windows・macOS対応 赤軸","16019","51","50","13","¥ 7,425","","1","B0FPWYCN3W","B0FRRMXD2K","40.1","20.2","7.1","1320"
"G-DRIVE 外付け ポータブルHDD 6TB G-DRIVE ArmorATD 耐衝撃 USB 3.2 Gen 1対応 メーカー3年保証 SDPHE1G-006T-GBAND/UE 国内正規代理店品","20705","43","","5","¥ 65,800","¥ 65,800","1","B0D4PM2HPK","B0CTMN54P4","25.3","20.3","15.8","540"
"【整備済み品】 Surface Go(サーフェス ゴー)薄くて軽く 10インチ PixelSence ディスプレイ/Windows 11/第7世代 Intel® Pentium® Gold 4415Y/SSD 128GB/メモリ 8GB/USB-C/Windows Hello/Office 2021 (本体) (整備済み品)","16506","24","","14","¥ 17,800","","1","B0CT2GG43V","B0CT3778R3","30.5","19.5","10.4","860"
"Womier SK30 テンキー メカニカル BT/2.4GHz/USB有線対応 画面とノブ付き ホットスワップ RGBバックライト ガスケット構造","14212","24","","14","¥ 6,459","","1","B0G6YZNLWJ","B0H3SQTWHJ","20.8","19.1","7.7","762"
"MageGee ラピッドトリガー キーボード | 68キー 英語配列 有線 RGB 60% サイズ | ゲーミングキーボード ラピッドトリガー | 磁気スイッチ メカニカルゲーミングキーボード | 超高速1.4mm作動 | 8000Hzポーリングレート対応","20403","46","","20","¥ 6,999","","2","B07YZ798HJ","B0FHYM9K1F","33.5","12.8","4.9","710"
"建設キャリアアップシステム対応 ＩＣカードリーダ BNR01NF","16243","33","","18","¥ 36,300","","1","B07N67W6DX","","16.6","12.3","3.1","140"
"【純正品・5色セット】 インクカートリッジ 5色(BK/C/M/Y/PGBK) XKI-N21+N20/5MP 対応機種：XK140、XK130、XK120、XK110、XK100、XK510、XK500 除菌ミニシート","14232","37","","1","¥ 5,940","","1","B0GVZ1Y9Y4","","11.5","8.9","4.7","180"
"BUFFALO(バッファロー) WSR-5400AX6S-MB 無線ルーター マットブラック","14234","38","","101","¥ 14,850","","3","B097QKYTPP","","26.6","22","7.7","1080"
"DIERYA x TMKB T68 ラピッドトリガー メカニカルゲーミングキーボード 磁気スイッチキーボード RGBバックライト 有線Type-C コンパクト 68キー 全キー無衝突 Windows/Mac/Linux対応 英語配列 (ホワイト)","11172","36","","903","¥ 6,598","","11","B0BGXZF1MD","B0C2F54RYC","36.6","11.1","4.4","730"
"ラトックシステム 4K60Hz デュアルディスプレイ HDMI パソコン 切替器 2台 RS-260UH2-4K","14243","41","","26","¥ 10,030","","2","B0FRF6YBRK","","23.7","16.2","8.1","1060"
"tomtoc 360°保護 ふわふわ パソコンケース 13インチ MacBook Air M5 2026 M4 2025/M3/M2/M1 対応","14246","42","","298","¥ 5,390","","1","B0DG56R7VT","B0DKXCVBH1","34","24","5","281"
"【純正品】 キヤノン トナーカートリッジ CRG-054 BK（ブラック） 対応機種：LBP621C/LBP622C、MF642Cdw/MF644Cdw","14247","37","","7","¥ 7,600","","2","B0DKN7FNSV","","36","11","9.5","600"
"Lofree FLOW ロープロファイルメカニカルキーボード 英語配列 シルバーホワイト 標準装備キースイッチ GHOST(リニア) 技適認証取得","14247","24","","263","¥ 17,000","","1","B0CJTV8P4Z","","37.3","15.5","4.1","1070"
"NuPhy Air75 V3 JIS 日本語配列 ホットスワップ対応 ワイヤレスメカニカルキーボード（88キー・75%配列・ノブ付き・RGBバックライト・ガスケットマウント・Bluetooth/2.4GHz/USB-C対応） (ブラック, Red nano)","14257","47","","1","¥ 31,800","","1","B0H3H7X4B2","B0H3HJW8JS","35","18","4","1120"
"サンワサプライ CAT7LANケーブル (20m) 10Gbps/600MHz RJ45 ネイビーブルー KB-T7-20NVN","21694","33","","144","¥ 12,818","¥ 13,456","25","B013SYT3AW","B09PZ5881S","22.6","20","15.6","1580"
"【Amazon.co.jp 限定】NEC Aterm 無線LAN メッシュWiFi Wi-Fi 6E ルーター 11axトライバンド対応 AM-AX11000T12/MS ペアリング済み・すぐ使える 10Gbps有線LANポート対応 計12ストリーム (iPhone 15 Pro / 15 Pro Max / 14 / 13 / SE/Nintendo Switch メーカー動作確認済み)","14267","43","","19","¥ 113,231","¥ 113,231","1","B0BW873N5P","B0F6NZD2QR","36.2","27.8","22.2","4340"
"Raspberry Pi Zero 2 W 日本技適取得済商品 ラズベリーパイゼロW2","14269","31","","113","¥ 12,000","","3","B0B55MFH1D","","9","6.2","3.2","30"
"Crucial 3D NAND TLC SATA 2.5inch SSD MX500シリーズ 250GB CT250MX500SSD1JP","14272","52","","55147","¥ 16,900","","8","B07KCF7V4Y","B0BDY5FHRN","12.9","9.9","1.4","70"
"WORLDLIFT デュアル ノートパソコン/モニターアーム 調整可能なトレイ付き 17-49インチモニター対応/12-18インチノートpc対応 上下2画面 耐荷重20kg/9kg ケーブル収納 360度回転 ガススプリング式 グロメット式＆クランプ式 VESA 75x75/100x100mm","14274","42","","37","¥ 10,980","","1","B0G4PPV9FP","B0GKFYZQ4R","44.1","25.6","15.7","8220"
"キャンプ 扇風機 20000mAh 大容量バッテリー 自動首振り リモコン付き Type-C充電式 風量8段階 高輝度LEDライト搭載 吊り下げ 卓上 コードレス 小型 サーキュレーター アウトドア扇風機 車中泊 防災グッズ 熱中症対策 PSE認証済 ベージュ","16478","23","","25","¥ 6,630","","1","B0FCF8BJQV","B0FCL4Y8BX","28","23","14","1300"
"Razer ゲーミングキーボード Huntsman V2 Tenkeyless JP Clicky Optical Switch 日本語 JP配列 オプティカルスイッチ クリッキー触感 静音 テンキーレス ダブルショット PBT キーキャップ リストレスト Chroma RGB 【日本正規代理店保証品】 RZ03-03941500-R3J1 Black","14277","34","","70","¥ 17,800","¥ 19,389","6","B09FY54J4Q","B0FNFGYC8F","40.6","18.9","7.9","1220"
"GL.iNet GL-AR300M16-Ext ミニトラベルWi-Fiルーター OpenWrt 2イーサネットポート","14280","41","","16","¥ 6,399","","1","B09YTWHJNS","B0D93MNCZJ","12","11.8","3.4","140"
"サンワサプライ 電源タップ 7個口(3P) 5m 雷ガード・一括集中スイッチ(5個口連動)・マグネット付き 抜け止め TAP-F37-5KSR","14284","53","","55","¥ 5,220","","2","B0788WXTHL","B086RZHXV4","34.8","13.9","7.3","910"
"MAMBASNAKE × ATTACK SHARK CM05 ゲーミングマウスパッド ガラスパッド 450*400*7mm 大型 洗える 純白","17167","32","","40","¥ 7,999","","1","B0GL2GN5KY","B0F269P1FJ","50","44.6","4.8","1880"
"リコー IPSiO SP トナーカートリッジ ブラック C310 308504","14288","18","","21","¥ 7,276","","18","B001RJO0RM","","41.7","19.3","16.2","1533"
"ZealSound USBコンデンサーマイク ゲーミングマイク 96kHz/24bit ノイズ低減 RGBライト ミュート ゲイン調整 ゼロレイテンシーモニタリング ブームアーム・三脚・ポップフィルター付き PC/Mac/iPhone/iPad/Android/PS4/PS5対応 配信・録音・ポッドキャスト・Discord・YouTube用","8744","62","50","71","¥ 5,299","","1","B0F9KPQ55B","B0CPFT2ZJM","42.1","20.3","6.9","1050"
"Fanxiang DDR4 32GB (2x16GB) 3200MHz RAM デスクトップPC用メモリ ヒートシンク付き XMP2.0オーバークロック可能なメモリ AMD対応 Intel対応 高性能 低消費電力 ゲーム ストリーミング プロフェッショナル作業用 マルチタスクに最適 ホワイト","14297","12","","82","¥ 29,980","","1","B0DCFMYRGJ","B0DDPP2YLV","15.3","11.3","1.7","150"
"[ aso ] Layer Sleeve レイヤースリーブ PC/タブレットケース Macbook13インチ iPad Pro 12.9インチ 対応 Apple Pencil Magic Mouse 収納 ブラック ls-v192-bl","14298","17","","160","¥ 12,580","","1","B09DXY6HCR","B0DF71QTKT","38.6","35.5","3.2","510"
"BOOX Go 6 Gen II E Inkタブレットコンピューター 6インチ 300 PPI (Custard)","23459","19","","5","¥ 32,800","","1","B0H2Y3QB8G","B0H2XZHX96","15.9","12","3.4","310"
"【国内正規品】Keychron B1 Pro & BM24 ワイヤレスキーボードマウスコンボ、日本語JISかな印字なしレイアウト、 超薄軽量・ Bluetooth 5.2/2.4GHz/有線 キーリマップ可能&マウスDPI調整対応 macOS/Windows/Linux","21438","36","","12","¥ 7,920","","1","B0FS2B2Q2J","","37.7","14","4.7","743"
"3Dconnexion 3DX-700116 Cadmouse Pro Wireless CMPW USB-C","14304","31","","97","¥ 19,800","","9","B0BKHB9B7J","","19","14.9","8.7","422"
"QNAP (キューナップ) NAS キット 4ベイ ホーム&中小企業向け TS-433 /AZ 専用 OS QTS 搭載 スナップ ショット 機能 対応 メーカー2年保証+代理店6か月延長保証 「簡単セットアップガイド同梱」 / 国内正規流通品","14309","49","","200","¥ 77,090","¥ 77,090","1","B0B72JJJTN","B0FP16PCSS","31.8","30.7","25.4","3530"
"Macaroon ポケットWiFi 国内100GB 365日 海外150カ国対応 モバイルルーター M3C","14312","21","50","8","¥ 8,549","","1","B0FH1NPDRQ","B0FH4K7VDG","16.5","10.5","2.4","210"
"Samsung Galaxy Tab A11+ Book Cover｜ホワイト｜タブレットカバー｜Samsung純正 国内正規品｜EF-BX230PWEGJP","14314","50","","4","¥ 5,273","¥ 5,273","2","B0FXWZLMGD","B0G435WQC2","28.4","17.9","2.2","410"
"ATTACK SHARK X66 ゲーミングキーボード ワイヤレス/Bluetooth/有線 メカニカルキーボード 60%レイアウト ノブ付き","14329","29","","21","¥ 6,879","","1","B0DPS8LDNH","B0DQTVH29W","35.3","16.5","5.5","1010"
"ノートPC WAJUN Pro-X11S 15.6型 フルHD Cel5205U Office2024 10キーカメラ付 16GB 1TB ホワイト","21612","33","","","¥ 79,800","","1","B0GQ3Q8P6P","B0GX44WHCD","43","28","7","2500"
"Canlarriz 43インチ タッチ式デジタルサイネージ 自立式フロアスタンド型 700ニト UHD Android搭載","22198","29","","2","¥ 187,777","","1","B0FNNH2ZG1","B0GYD543KG","113","67.5","24","28160"
"MOKiN 140W PD 急速充電器 4ポート同時充電 USB-C×3/USB-A×1 GaN 採用・PSE技術基準適合・折りたたみ式プラグ・タッチモニター 搭載電源アダプター 旅行/出張/オフィス用 MacBook/Windows/PC/iPad/iPhone/Galaxy Android各種","14347","2","","6","¥ 8,999","","1","B0GLP4395J","","18.2","13","5.4","420"
"パナソニック 2倍速ブルーレイディスク片面2層50GB(書換)5枚+1枚 LM-BE50W6S","14348","56","50","565","¥ 15,840","","10","B01CDZSUKQ","","14.2","12.4","3","330"
"IODATA Wi-Fi 7 無線LAN ルーター 10Gbps対応 トライバンド WiFi 7 11be 5765Mbps IPv6 【Win/Mac/スマホ/タブレット/テレビ/Nintendo Switch/PS5/スマートスピーカー/Fire TV Stick 4K MAX】 日本メーカー メーカー保証3年 WN-7T94XR","14352","168","50","108","¥ 33,400","","21","B0D2CW7PLK","B0DBZLXF18","34","22.3","10.2","1970"
"YUNZII C68 ワイヤレスメカニカルキーボード かわいい猫 ps4/ps5対応 65％ 無線 ホットスワップ シリコーン 人間工学 ゲーミングキーボード三つモード BT5.0/2.4G/有線 RGBバックライト NKRO Win/Mac用 技適認証取得（ミルクスイッチ、ピンク）","14360","27","","35","¥ 11,099","","1","B0CJB8JQBC","B0CJBCK2R2","43.7","23","8.2","2200"
"BORIYUAN iPad Pro 11インチ (M4/M5) キーボード ケース 縦横両用 ブラック","9669","49","","451","¥ 6,299","","1","B0DZ24MBDM","B0FBQZVM1D","28.7","21.5","3.1","680"
"エレコム 外付けSSD USB10Gbps対応 ノック式 自動シャッター コネクタ保護 Type-C 250GB ホワイト ESD-ESK0250GWH","14367","69","","8","¥ 8,900","","28","B0FDFZ39BC","B0FDGQ5CPK","15.8","12.2","3","40"
"Buffalo BS-GU22シリーズ BS-GU2216 ブラック","14367","39","","3","¥ 19,250","","15","B0CJYC3D76","","27.5","20","12.5","1800"
"キヤノン 純正インク インクタンク BCI-351XL+350XL/6MP（大容量・6色セット）","14368","84","50","133","¥ 7,490","","3","B00BLC1P7I","","21","11","2.5","210"
"【整備済み品】 ノートPC LIFEBOOK A5511 15.6型 i3-1125G4 Office2024 DVD 8GB 1TB","22186","8","","1","¥ 46,620","","1","B0H3P87YBD","B0H3TLWF9B","43","28","7","2500"
"サンディスク ポータブルSSD 1T SDSSDE30-1T00-J27","14372","37","","6","¥ 29,650","","10","B0CXCJFYSS","B0CXPBBQ4Z","12.8","10.3","3.4","110"
"ASUS ROG Falchion Ace HFX ゲーミングキーボード ラピッドトリガー 磁気式キースイッチ 65%レイアウト キーボード 有線 ポーリングレート8000Hz 高速反応 ゲーミングキーボード 静音 カバーケース付き Aura Sync対応 国内正規品","14376","68","","41","¥ 22,500","¥ 28,436","11","B0DGLGX8Z5","B0FY968S2M","37.5","15.4","5.8","1220"
"Satechi OntheGo 5-in-1 USB-Cハブ 4K@60Hz HDMI SDカードリーダー インディゴ","14377","20","","62","¥ 8,000","","8","B0H5NL4HDB","B0H887MPFS","15.8","10","2.8","132"
"玄人志向 NVIDIA GeForce GTX 1660 搭載 グラフィックボード 6GB デュアルファン GALAKURO GAMINGシリーズ GG-GTX1660-E6GB/DF","14388","35","","235","¥ 31,990","","1","B07V8V37R4","B07WPC6BJS","25","14","5.5","690"
"ディクラッセ パーラ ポータブルライト LA5413BR 充電式 LED内蔵 調光 コードレス IP54 防滴 ｜テラコッタ","21808","40","","27","¥ 5,500","","8","B0F8Z7LLQM","B0FX2D47FF","20.2","10.9","10.7","270"
"Fanxiang S910 Pro M.2 SSD 1TB PCIe Gen 5.0 (最大読み出し 14,000MB/秒) 6nmプロセス DRAMキャッシュ NVMe M.2 2280 TLC NAND 内蔵SSD LPDDR4低消費電力 700TBW 5年保証","36982","13","","40","¥ 29,980","","1","B0FH26Q8NH","B0FH29FHSM","11.8","8.5","1.9","60"
"Intehill モバイルモニター 14インチ 1920x1200 WUXGA IPS 自立スタンド・VESA対応 HDR フルラミネーション強化ガラス デュアルUSB-C+HDMI テレワーク/PS5/Switch対応","14398","45","","26","¥ 11,590","","1","B0FLD4WRTN","B0GY4CG55K","34.2","24.1","4.7","1180"
"サンワダイレクト 空中マウス Bluetooth/2.4GHz メディアコントロールボタン搭載 充電式 ブラック 400-MAWBT204BKN","14398","51","","19","¥ 7,180","","1","B0GR3RZPD8","","12.3","8.1","6.2","120"
"RAIJINTEK CRATOS 1200 WHITE 電源ユニット ATX3.0/3.1対応 80PLUS Gold 認証 1200W Full Modular (0R30B00004)","14399","47","","10","¥ 26,781","","10","B0CCYKD5PC","B0CCYL54DF","29.6","21.5","11.2","2470"
"インクタンク PFI-120M","14403","36","","29","¥ 6,340","","25","B07HGXHMNN","","18","8.3","4.1","180"
"「国内正規品」Keychron B33＆BM25 TKLワイヤレスキーボード＆マウスコンボ 2.4G/Bluetooth/有線 USレイアウト","14405","39","","16","¥ 7,656","","2","B0FSZNF5VJ","B0FT2YZDH7","37.9","13.7","7.3","862"
"OKI イメージドラム ブラック (C841dn/C811dn/C811dn-T) ID-C3LK","21119","42","","54","¥ 14,482","¥ 14,482","25","B006FMUIOU","","48","26","19.2","2440"
"【Amazon.co.jp限定】【純正品】純正インクカートリッジ4色パック LC3117-4PK 対応型番:MFC-J6983CDW、MFC-J6583CDW、MFC-J5630CDW 他","10290","24","","8","¥ 6,980","","1","B0DW3L3745","","6","6","6","100"
"デル デスクトップpc OptiPlex 3060SFF、第8世代Core i5-8400 デスクトップパソコン メモリ16GB SSD512GB、DVD内藏 (整備済み品)","22183","6","","","¥ 47,800","","1","B0HB348DYR","B0HB52C47W","40","30","10","6000"
"CABLAPTOP 80Gbps USB-Cデータ転送ケーブル 10フィート Thunderbolt 5ケーブル対応、USB4 Gen4対応 Thunderbolt 4、16K@60Hz/デュアル8K@60Hz、240W、 MacBook Pro、ハブ、ドック、eGPU、ノートパソコン、ディスプレイ対応 USB-Cモニター 3m","14422","48","","201","¥ 7,999","","1","B0FNR5N83J","B0FNRG1472","22.5","15.2","2.4","160"
"ヤマハ スマート L2スイッチ SWX2210-8G","14427","13","","17","¥ 48,000","","3","B07KLDKQVQ","","30.7","19.9","7.9","1390"
"ロジテック MX KEYS mini for Business KX700 GR 【Logi Bolt 対応レシーバー付属】ミニマリスト ワイヤレス イルミネイテッド キーボード グラファイト 充電式 Bluetooth Logi Bolt USB-C-A US配列 無線（並行輸入品） (グラファイト)","14427","29","","20","¥ 16,280","","1","B0DCZJHG5S","B0DCZJY3H7","31.5","14","3.5","677999"
"fanxiang S201 512GB【M.2 SATA SSD】 2280 3D NAND TLC採用 SATAⅢ 6Gb/s m2 ssd 最大読取 550MB/s 内蔵SSD 耐久性 ノートパソコン/デスクトップに対応 3年メーカー保証 容量選択可能256GB/512GB/1TB/2TB","14428","37","","604","¥ 12,880","","1","B0BM3Z1K85","B0BMGJTMK5","11.5","6.6","1.8","30"
"【整備済み品】DellデスクトップOptiPlex3060SFFCorei5 8500デスクトップPC 32G+SSD1000GB","20410","29","","","¥ 63,800","","1","B0G4SBXN8N","B0G4CQ3Y4H","44","42","15","5000"
"USB type C ハブ 7-in-1 Lemorele","9834","14","","1571","¥ 14,392","","1","B0BJ73YYX5","B0HC6N47JF","16.9","7.6","1.8","60"
"Getorli ミニPC、AMD Ryzen 5 6600H（最大4.5GHz）、16G LPDDR5 RAM 512G NVMe SSD、デュアルLAN ミニデスクトップコンピューター、トリプル4Kディスプレイ、WiFi 6 BT 5.3、ホームオフィス/ビジネス/教育/軽量ゲーミング用","16408","11","","35","¥ 93,989","","3","B0GTM4FCS4","B0HBPMXRHY","19.8","17.3","11.4","1229"
"730W 充電器 【アップグレード版 GaNFastⅢ 10ポート 2*単口140W 1.5m電源ケーブル】PD3.0対応【PSE技術基準適合】 10ポート 2*140W常時対応 6USB-C＆4USB-A 窒化ガリウム 複数ノート PCに急速充電対応 MacBook Pro PD対応 iPad/iPhone/Android/その他","13282","24","","13","¥ 7,581","","2","B0H4VHLPY5","B0HGRJP5VS","14.7","8.7","8.4","420"
"エプソン カラー プリンター インクジェット複合機 カラリオ EW-452A 2019年モデル","14435","44","","5071","¥ 19,800","","8","B07VK91B2S","","45.4","40.4","24.8","5700"
"【エイデータ】 外付けハードドライブ 2TB HV620S ホワイト USB 3.2 Gen1 薄型 AHV620S-2TU31-CWH-I","20491","61","","32","¥ 19,500","¥ 19,819","5","B0F1FY8M44","B0FRM2KHZ2","16.6","11.1","3.2","200"
"【Amazon.co.jp限定】EPSON用 LPC3T35 互換トナー 4色セット（BK/C/M/Y）","14440","27","","13","¥ 5,759","","1","B0FVLZC7GS","B0HC7RR35H","27.1","15","8","740"
"MagFlo iPad Pro/iPad Air用Vesaマウント WORLD GADGETS (11"" iPad Pro(2024)用)","14442","43","","119","¥ 8,360","","1","B0DQY1XTRM","B0CM9JJ8SN","32","18","4","100"
"ASRockSteel Legend 次世代GPU対応PC電源ユニット850WPCIe5.1対応80PLUS GOLDATX 3.1フルモジュラー 12V-2x6 ケーブル付属SL-850GW","14457","48","50","43","¥ 15,131","¥ 15,131","10","B0DPGW47ZV","","30.6","18.7","13.1","3070"
"Dell P2426H 23.8インチ モニター /1920×1080/USB-C、HDMI、DisplayPort、VGA/ブラック/スピーカー:なし(メーカー3年保証、良品先出しサービス保証付き)","22725","7","","","¥ 30,399","","1","B0GVRCKV8J","","59.4","41.3","16.9","6540"
"HP ノートパソコン 245 G10 AH0W0PA#ABJ (14型 フルHD 非光沢 Ryzen5 7530U 16GB 512GB Windows11 Pro Webカメラ 指紋認証あり テンキーなし Officeなし)","14460","42","50","2","¥ 139,800","","2","B0FRFB9VYP","","48","30.5","7","2150"
"GSPOWER LANケーブル Cat5e 赤 200m 自作用 箱もの コネクタ無し 単線 防犯カメラ 業務用 法人向け 工事用 日本法人販売 高速 1Gbps 1000BASE-T UTP 4P レンズマーク付 リレックス テレビ ルーター","9840","15","","47","¥ 9,221","","1","B00E4J9TI2","B09JBQYRLX","35","35","20",""
"Chengying 55インチ 10ポイント マルチタッチ 赤外線タッチフレーム、irタッチパネル、赤外線タッチスクリーンオーバーレイ","14471","30","","419","¥ 29,985","","13","B07D1ZFRYQ","B082K6Y8GY","131.4","7.6","7.6","2155"
"【Amazon.co.jp限定】OKI TNR-M4G2互換トナー BK×2　ブラック２本　印刷可能枚数：12000枚ぐらい/本（A4用紙で5％印字率の場合）対応機種：B432dnw 国際規格ISO9001認証工場生産 ICチップ搭載 【DoraShop】","21846","39","","71","¥ 7,560","","1","B0BMV367K6","","31.5","19","10.9","1150"
"foza share ワイヤレス 画面共有機器 受信機(HDMI)×1個、送信機(USB-C)×2個 FA-001 画面共有 画面切替 ワンタッチ切替 最大8台対応 PC スマホ タブレット Wi-Fi不要 アプリ不要 ケーブル不要 Bluetooth不要","11361","28","","19","¥ 23,220","","1","B0G4ZTDF2P","B0G51JT5NJ","18.9","17.5","3.3","280"
"CORSAIR iCUE LINK LX120-R RGB スターターキット 120mm PWM PCケースファン デュアルライトループ トリプルパック ブラックCO-9051050-WW","14474","39","","530","¥ 14,180","¥ 14,180","20","B0DGW2MZDN","B0H4HRL9VQ","17.3","12.5","8.6","760"
"FeuVisionゲーミングモニター 24インチ, フルHD, 180Hz IPSパネル, 応答速度1ms, Adaptive Sync","22969","52","","86","¥ 12,980","","1","B0DRC2WL3G","B0HDRD9GHM","61.7","43","10.3","3990"
"IODATA モニター 19インチ スクエア SXGA スピーカー付（RGB/DVI-D） EX-SAX191DW","16147","36","","","¥ 25,800","¥ 25,800","3","B0F996SZG8","B0C7V2PDK1","47.4","46.4","12","4240"
"【整備済み品】ノートパソコン VAIOPro PG VJPK13C11N 13.3型FHD Core i5-1035G1/Windows 11 Pro/MS Office 2021搭載 / Webカメラ/Wi-Fi//Bluetooth(整備済み品) (メモリ8GB / SSD256GB)","14482","47","","19","¥ 29,732","","2","B0GC5MT7MY","","33.9","22.6","5.9","1250"
"【整備済み品】 Meta Quest 2 128GB Oculus Quest 2 | VRヘッドセット | PC VR ゴーグル メタクエスト2","14483","41","","20","¥ 36,331","","6","B0D9L9L8TH","","50.4","35.7","14.3","1540"
"バッファロー ポータブルSSD 960GB TV録画・取付可能 SSD-PGT960U3-BA","14486","31","","138","¥ 17,380","","3","B07YN7BH9Y","B07YWXQG7D","15.7","13.2","4.8","400"
"【整備済み品】 東芝 ノートパソコンoffice搭载，dynabook B65第7世代 中古ノートPC Core i5 8GB 512GBSSD,15.6型インチ パソコン大容量【整備済み品】","11799","26","","3","¥ 30,710","","1","B0CTX2CW7V","B0F13L1JD4","39.9","27.9","11.2","2700"
"fanxiang S880 M.2 SSD 2TB NVMe 2280 最大7300MB/s PCIe Gen4.0x4 64Gb/s M.2 SSD PS5動作確認済 3D NAND TLC 内蔵SSD SLCキャッシュ グラフェン素材 放熱性 ノートパソコン/デスクトップ/PS5に対応 2000TBW 5年保証 (S880-7300MB/s, 2TB)","19758","85","","222","¥ 45,980","","1","B0CJLJSK16","B0DSJB7ZZ9","14.7","8.6","1.7","40"
"サンワサプライ USB-Cドッキングステーション 10in1 4K60Hz PD90W 据え置き USB-CVDK22","14491","31","","1","¥ 8,618","¥ 9,800","11","B0GZ75HQGP","","21","9","4","230"
"VESIRI Raspberry Pi 4B 8GB Kit 日本技適済 Raspberry Pi 4 Model B(RAM 8GB)/32GB MicroSD カード/5V 3A USB Type-C ON/OFF 電源アダプター/Micro HDOUT ケーブル/CAT6 ネットケーブル/放熱ケース/冷却ファン/3 つヒートシンク/ドライバー/カードリーダ/日英説明書","14495","41","","9","¥ 40,980","","1","B0DMZGMNCX","B0DNSWQ12C","22.1","14.3","4.9","380"
"DARUMAPC (ダルマPC）デスクトップパソコン コスパ最高 第14世代i7 | RAM 32GB| SSD 1TB NVMe、750W、WiFi 6+Bluetooth【法人・事務用に最適／高性能】","14499","30","","45","¥ 169,810","","1","B0BZRP7LW8","","61.5","57","40.5","15000"
"WORLDLIFT モニターアーム 3画面 20～32インチ対応 水平調整 VESAスライド式 各耐荷重10kg PC液晶ディスプレイアーム トリプル グロメット式&クランプ式 VESA75/100mm","14501","23","","4","¥ 7,299","","1","B0H2TS23L7","","44","22.3","14.4","7610"
"SSD-PST500U3BA/D [USB3.2(Gen1) TV録画対応 SSD 500GB]","14504","133","50","70","¥ 17,592","","12","B0CK2K7HKS","","15.5","12.6","3.9","40"
"オムロン BY50FW 常時商用正弦波無停電電源装置(UPS)","14504","41","","26","¥ 40,658","¥ 40,658","20","B000KRNOHO","","42.4","37.8","13","6740"
"PC-T1175JAS [LAVIE Tab T11 T1175/JAS ルナグレー]","14505","44","","18","¥ 49,302","","5","B0FPQGX97V","","27.8","18","4.1","950"
"ASUS AMD B650 chipset Ryzen デスクトップ プロセッサー用 AM5対応 micro-ATX マザーボード TUF GAMING B650EM-PLUS WIFI 国内正規代理店品","14508","49","50","17","¥ 25,500","¥ 28,081","9","B0FMR9X3KJ","","28","27.8","6.9","1660"
"OKI 【トナーカートリッジ(大) イエロー (MC562/C531dn/C511dn)】 TNR-C4KY2","14512","36","","8","¥ 10,600","¥ 13,530","23","B00823S7WK","B00I9S8E80","31","6","6","250"
"【Bluetooth不要】iPad キーボード付きケースiPad 第10世代 10.9インチ（2022）対応マジックキーボード風・JIS日本語配列・高精度マルチタッチトラックパッド・超軽量マグネット着脱式キーボード・フローティングスタンド・7色バックライト・静音キー・ペンホルダー付き・全面保護 ホワイト","13404","4","","2","¥ 23,800","","1","B0H4ZLP6PZ","B0H4ZG6ZPZ","28.8","20.4","2.9","900"
"Patriot Viper Elite 5 DDR5 RAM 16GB (1X16GB) 6000MT/s CL30 1.35v UDIMM Desktop Gaming Memory - VEB516G6030W","22357","42","","68","¥ 36,399","","56","B0DPR9VBWN","","14.9","7","1.7","59"
"エプソン ページプリンター A3 モノクロ LP-S2290","14522","35","","37","¥ 48,952","","12","B09RMJBWCG","B09RNCY4GS","60","55","45.5","26000"
"Belkin 7 in 1 USB-C 2.5Gbps イーサネットハブ USB-C PD 100W 4K HDMI SDカード iPad/iPad Pro/iPad mini/MacBook/M1M2 MacBook Pro/M1M2 MacBook Air/Windows/Surface/Chromebook 対応 INC009btSGY","14531","33","","222","¥ 13,573","¥ 13,573","3","B0B8X4PJ9L","B0FGPMWMLR","17.9","12.8","2.7","200"
"JAPANNEXT 16インチ モバイルモニター IPS パネル WQXGA 2560x1600解像度 スマートケース付き (USB/Type C/MAC PC対応/スピーカー内蔵 / sRGB100% / 非光沢) JN-MD-IPS16WQXGAR","14535","63","50","27","¥ 25,844","¥ 25,844","13","B0CVR723TD","","40.3","27","6.1","1650"
"GameSir G7 Pro ゲームコントローラー PC/XBOX/Android 用ゲーミングコントローラー 無線＆有線接続対応 500万回TMRスティック 切り替え式トリガーストップ搭載 1200mAHバッテリー 1000Hz ポーリングレートゲームパッド 充電スタンド付属 マクロ背面ボタン メタリックシルバー","14536","30","50","214","¥ 11,199","","1","B0H28Q22N1","B0H7RC32X1","18","17.6","9.9","780"
"Bigme B6電子書籍リーダー、電子インクスクリーン電子書籍リーダー6インチ電子リーダーデジタル電子ペーパータブレット、4G+64 GB、アンドロイド14、ヘッドライトを調節できるアンドロイドEink電子書籍リーダー装置、オーディオブック付き白","22534","39","","10","¥ 28,499","","1","B0GMGYMM3S","B0H4YTHLJY","18","12.5","4.2","290"
"Quntis モニターライト 曲面専用 リモコン・自動調光付き","14543","63","50","237","¥ 7,100","","1","B0D7NWGWTN","B0HBVSW3LT","40.6","32.4","4.9","870"
"【整備済み品】レノボ ノートパソコン ThinkPad E14 Gen2,14インチ Lenovo パソコン Office 2021搭载,中古 ノートPC Ryzen5 8GBメモリ 256GBSSD,Windows 11 Laptop 日本語キーボード搭載","22101","19","","3","¥ 39,800","","1","B0H6JDMP76","B0HFJN9T1K","32","22","1.7","1800"
"WORLDLIFT モニターアーム デュアル 17～40インチ対応 ディスプレイアーム 2画面 耐荷重9kg/1モニター VESA75/100mm","8501","39","","14","¥ 5,499","","1","B0H2TPLK8Z","B0H8329LNC","43.9","17","13.8","5290"
"WORLDLIFT モニターアーム デュアル 17～49インチ対応 上下2画面 ロングポール50cm 耐荷重2～20kg/アーム グロメット式&クランプ式 VESA規格対応","14545","46","","48","¥ 11,680","","1","B0F42CRWFQ","B0GK61QQMQ","43.8","25.5","16.2","8550"
"MSI B860M GAMING PLUS WIFI Micro-ATXマザーボード MB6686","14546","52","","38","¥ 21,899","¥ 21,899","8","B0BV2D5H5X","B0F9W21TXG","28.3","27.8","7.4","1460"
"【Switch2ドック不要】Upperizon モバイルモニター 16インチ 144Hz 2.5K 非光沢IPS 100%sRGB 420nits","14549","82","50","195","¥ 19,949","","1","B0GVXPTK7F","B0H4PQSSTT","40.3","26.9","7.4","1660"
"CHUWIノートパソコン2 in 1 MiniBook X Office 2024搭載 U300 16GB+512GB Win11 Pro","14552","5","","266","¥ 78,900","","1","B0HCP5SYDB","","30","20","2","700"
"MSI B840M GAMING PLUS WIFI6E Micro-ATX ゲーミングマザーボード MB6805","14557","55","","25","¥ 21,800","¥ 22,423","7","B0FCYDN9QQ","B0G144QBTS","30","28.3","7.3","1330"
"【brother純正】インクカートリッジ4色パック(大容量) LC17-4PK 対応型番:MFC-J6910CDW、MFC-J6710CDW、MFC-J6510DW、MFC-J5910CDW 他","14563","28","","197","¥ 9,000","¥ 9,645","19","B00515JTSI","B093168J81","12.3","10.8","8.6","290"
"2026最新ノートパソコン 高性能 Core I7 第8世代8750H 15.6インチ IPS大画面6コア12スレッド/ 32GBメモリ/M.2 高速SSD/webカメラ/指紋認証/Office 2024/win11 pro搭載/バックライト/有線LAN/テンキー/USB3.0/HDMI/Type-Cデータ転送/Zoom・在宅勤務・pc (高速SSD 32GB RAM+960GB）","14577","19","","1","¥ 82,999","","2","B0H71JRHTN","B0H759DRSZ","35","28","7.5","2000"
"リコー PFU ドキュメントスキャナー ScanSnap SV600 (最新/A3非接触モデル/片面読取/オーバーヘッドスキャン/USB接続/書類/レシート/名刺/写真/アルバム/本/新聞/非破壊タイプ)","7576","109","50","41","¥ 53,164","¥ 53,164","14","B0C23RF1VP","","49.9","35.5","30.2","4720"
"【5年保証】GIGASTONE 128GB SDカード 10個セット SDXC UHS-I U1 C10 80MB/s メモリーカード フルHD ビデオ デジタルカメラ 高速記録 ミニケース10個付き","14583","41","","2590","¥ 64,980","","2","B0CFJXNQYN","B0FPFC1QKT","13.9","11.7","2","50"
"Samsung サムスン純正 デスクトップ用 8GB DDR4-2400 (PC4-19200) 288Pin UDIMM non-ECC バルク M378A1K43CB2-CRC","14585","44","","296","¥ 7,699","","10","B076KQM8WP","","17.6","12","1.4","59"
"東芝 内蔵ハードディスク MQ01ACFxxxシリーズ (2.5inch / SATA 6Gb/s / 500GB 7278rpm / 16MB / 7mm / 4Kセクター) MQ01ACF050","14585","30","","50","¥ 5,999","","1","B00K09MOR8","B071GSRXTN","15.8","12.2","1.2","100"
"Ledger Nano X - Bluetooth搭載クラシック暗号資産ウォレット（オニキスブラック）","14591","45","","108","¥ 13,600","","1","B08LKV36JX","B0BGQXVQ83","13.4","8.4","3.4","140"
"キヤノン トナーカートリッジ 337 2本パック CRG-337VP ds-1866479","14594","37","","58","¥ 15,320","","12","B00W4OPMNA","","37.4","23","12.8","1680"
"【ブラザー純正】 TN695XLBK トナーカートリッジ ブラック 大容量 対応機種：HL-L8570CDW、HL-L8430CDW、MFC-L8970CDW、MFC-L8730CDW","14600","35","","","¥ 11,282","¥ 11,282","6","B0GHQKN52D","","37.5","18.7","12.9","880"
"JAPANNEXT 23.8インチ モニター フルHD 1920x1080解像度 IPS ディスプレイ (HDMI/スピーカー内蔵/高さ調節/回転(ピボット)機能/VESA対応/ブルーライトカット) JN-IPS2381FHDR-HSP-W","22314","37","","6","¥ 14,236","¥ 14,236","11","B0CSJWPBSP","","69.5","40.6","34.7","5070"
"オムロン ソーシアルソリューションズ UPS/ラインインタラクティブ方式（正弦波） BN50T","14601","35","","1","¥ 39,561","","8","B0FC5PTJVD","","100","100","100","2000"
"Quntis モニターライト 集中型バックライト搭載 42.5cm 無線リモコン デュアル照明 自動調光 デスクライト グレー","14616","60","50","215","¥ 7,599","","1","B0DHGYTPXH","B0HGKZ9HM1","45","22.7","5","930"
"Dnkeaur Switch Dock Nintendo Switch & OLED用 Switchドッキングステーション テレビ用 Nintendo Switchベースアクセサリー ポータブルスイッチ トラベルドック USB C to HDMIアダプター Steamデッキ/MacBook/ノートパソコン用 ブラック","11473","30","","755","¥ 7,332","","2","B0CYSX2HJ2","B0FD8WG11R","12.1","10.1","1.7","59"
"Seagate Barracuda 24TB 内蔵ハードドライブ 7200 U/分、512MBキャッシュ、SATA 6Gb/s、3.5インチ (ST24000DM001)","14626","28","","74","¥ 98,000","","28","B0F1NLJF8C","","26.6","20.9","7.7","790"
"Omikamo Surface Pro キーボード ワイヤレス Surface Pro 3/4/5/6/7/7+対応 JIS標準日本語配列 グレー","14627","41","","26","¥ 6,500","","1","B0FDKVFJYM","B0FRRT91K4","33.8","25.1","1.8","530"
"アイ・オー・データ ネットワークカメラ 日本メーカー 防犯カメラ 独自暗号化 P2P通信 屋外/屋内対応 IP65 PoE受電 Wi-Fi(5GHz/2.4GHz) 有線LAN 暗所撮影 STARVIS 赤外線 双方向通話 動作検知 AI検知 ONVIF Qwatch TS-NA230WP","14629","35","","23","¥ 39,402","","10","B0BM998N4X","","21.8","16.6","8.8","730"
"【Amazon.co.jp限定】 JAPANNEXT 27インチ ゲーミングモニター JN-i27G120U","14636","80","","37","¥ 33,980","¥ 33,980","1","B0FRF12QG4","","67","44","19","6130"
"LinkMore DDR4 8GBx2枚組 (16GB) 3200Mhz デスクトップPC用メモリ (CL22/1.2V/288Pin)","16678","14","","15","¥ 16,999","","1","B0BPRQ2RPB","B0C7BX43XB","17.1","9.2","1.7","60"
"キヤノン Canon プリンター 特大容量ギガタンク搭載 A4カラーインクジェット G1330 2022年モデル 普通","14644","50","","66","¥ 24,500","¥ 24,500","14","B0BJZGBM3J","","49.8","49.2","28.4","7810"
"キングストン Kingston FURY デスクトップPC用メモリ DDR4 3200MT/秒 16GB×2枚 Kingston FURY Beast ビースト CL16 KF432C16BB1K2/32 製品寿命期間保証","14645","25","","802","¥ 41,000","","49","B097K5Q32R","B09C2KNMWV","20.7","16.4","1.4","90"
"RAOYI 10個パック 8GB USBフラッシュドライブ USB 2.0 メモリースティック バルク サムドライブ ペンドライブ ジャンプドライブ - ブルー","16296","33","","292","¥ 8,571","","2","B00WU18LSA","B0DBLWBQJZ","14.2","13.5","1.8","113"
"Hollyland Solidcom SE Pro-5S ワイヤレスインカム 5台セット 1.9G 全二重無線インターホン ヘッドセットシステム ENCノイズキャンセリング 水や風に強い耐性 イヤホン使用可能 400ｍ伝送距離 最大通話人数11人 小規模な制作チーム対応 5人用 インカム 業務用 軽量 設定不要 箱から出してすぐに使える 同時通話システム (1.9G Version)","14651","43","","123","¥ 139,920","","4","B0DPHWDL3N","B0DSLC9QML","38","23.3","20","2530"
"Macally USB有線コンパクトキーボード|マウサースモール＆スリムデザイン Apple Mac Mini/iMacデスクトップ、MacBook Pro/Airラップトップ、およびWindows PCノートブックコンピュータと互換性がある - アルミニウム（ホワイト）","19245","72","","4860","¥ 8,038","","4","B0777GCK68","B07Q33V324","29.9","16.2","2.9","322"
"エレコム Wi-Fi7 無線LANアダプタ 2880 + 2880 + 688Mbps USB3.0対応 WDC-BE28TU3-B","14657","42","","27","¥ 9,600","¥ 9,600","14","B0DQTSYL75","","25.5","20.5","5","100"
"【2026新登場】RNRUO 14型 超軽薄 ノートパソコン 6500Yプロセッサー 最大3.4GHz 12GBメモリ/256GB SSD Office2024搭載 静音設計 IPSフルHD(1920x1080) US配列かな印字 カメラカバー USB3.2+Type-C+HDMI Wi-Fi 5+Bluetooth 5.0 オンライン授業・在宅勤務向け laptop","14669","31","50","10","¥ 37,800","","1","B0GGQ3NR8M","B0H7S1T3ZH","42.5","27.8","7.6","1700"
"ブラザー プリンター 大容量ファーストタンク A3インクジェット複合機 MFC-J5800CDW (FAX/ADF/30万ページ耐久/自動両面)","14670","40","","32","¥ 39,780","¥ 40,727","7","B0BCJX3TQJ","","65","51","41.3","19500"
"ROSONWAY USB ハブ10Gbps 11ポート 20W PDx1 USB C 3.2x2 USB A 3.2x1 USB 3.0x7 2 in 1 ケーブル 付き アルミ製 USB HUB セルフパワーとバスパワー両用 12V 5A 電源 独立スイッチ付き(RSH-A11PD)","14673","47","50","88","¥ 5,651","","1","B0CG93CYL7","B0G5WHN1C1","22.5","10.9","5.6","480"
"GVTECH MacBook Air 15インチ用ケース、2026 2025 2024 2023 M5 A3448 M4 A3241 M3 A3114 M2 A2941チップ搭載 リキッドレティナディスプレイ用、プラスチック製ハードシェル、キーボードカバー、スクリーンプロテクター、デザイン11","27574","40","","1776","¥ 7,036","","1","B0GW327TNW","B0DB5MSK18","34.3","24","1.5","349"
"TP-Link WIFI 中継器 WiFi6 無線LAN 4804 Mbps (5GHz) + 1148 Mbps (2.4GHz) 11ax APモード ギガ有線LANポート AX6000 規格 160MHz RE900XD","14678","47","","68","¥ 14,240","","7","B0BS3D4D8K","B0BTY3HH3D","30.7","24.5","11.3","1300"
"RasTech Raspberry Pi 5 16GB セット と 64GB メモリカード Pi 5 16gb 技適マーク付き本体 Active Cooler アクティブクーラ 5.1V 5A Type C電源 Micro HD Out ケーブル ABSケース USBカードリーダ スクリュードライバ 説明書 インストールの説明図","14679","37","","20","¥ 65,980","","1","B0DWT1V14Y","","23.5","15.3","6","590"
"【整備済み品】 HP E24 G5 23.8インチ FHD（1920×1080）IPS 非光沢 75Hz HP Eye Ease（低ブルーライト）フリッカーフリー 3辺狭額縁 HDMI1.4/DP1.2 USBハブ（USB-A×4）高さ調整 ピボット VESA対応（Ymer-Shop）","15865","26","","","¥ 15,800","","1","B0GR9KSNHH","B0GRV5X3HX","62","40","14","7000"
"BenQ RD280U 28.2インチ 4K+ IPS USB Type-C(90W給電) MoonHalo プログラミングモニター","14688","41","","33","¥ 100,909","¥ 100,909","2","B0D7C354R2","B0GTJZY622","83.8","51","22.3","15130"
"JAPANNEXT 23.8インチ ホワイトカラー液晶モニター JN-IPS238U-HSPC6-W","14693","34","","7","¥ 37,255","¥ 37,255","8","B0G78HQWT1","","60","52","14","6200"
"エプソン純正インクカートリッジ 大容量ブラック 型番:ICBK76 単位:1個 ds-2185074","14697","28","","28","¥ 5,274","","4","B0743D8PN2","","10.1","6.4","4.9","60"
"EPOMAKER Luma40 ロープロファイルゲーミングキーボード 薄型 40%ワイヤレスメカニカルキーボード QMK/VIA対応","14698","48","","42","¥ 13,125","","2","B0FQNJZQHZ","","27.2","14","3.8","630"
"オムロン 無停電電源装置(常時商用給電/正弦波出力) 1000VA/610W BW100T ブラック","14707","66","50","93","¥ 39,092","","5","B079JPHKCZ","","44.6","33.2","18.9","9240"
"【整備済み品】 富士通 超軽量FUJITSU LIFEBOOK U9311 ■13.3型FHD(1920x1080) / Win11搭載 / 第11世代Core i5-1145G7 / 8GBメモリ / SSD 256GB / Webカメラ内蔵 / Office H&B 2019 (整備済み品)","14716","30","","13","¥ 39,800","","1","B0BVJ117ZG","B0BVJ27VZP","42","27.1","8","1300"
"Hynix 8GB PC4-21300 DDR4-26ubia 260-Pin SODIMM 1.2V シングルランクメモリーモジュール HMA81GS6CJR8N-VK","14729","36","","934","¥ 7,580","","43","B07JP4C1PD","","17.7","12.5","2.1","18"
"アーキス モニターアーム 49インチ(2〜20kgまで)対応 ブラック AS-MABG05","16851","7","","","¥ 6,980","","1","B0H8N6GMXK","","42.5","20.5","11","4150"
"BenQ ZOWIE ZA13-DW ワイヤレスゲーミングマウス 高プロファイル/左右対称/65g/3950センサー/4000Hz/右利き用","14738","46","","12","¥ 19,800","","1","B0DWMQ6NLY","B0GXJ91WSR","32","23","14.3","540"
"fanxiang 外付けSSD 512GB 最大読込1,050MB/sUSB3.2 Gen2対応 最大読込1,050MB/s 10Gbps ポータブル ssd フリップ キャップ式 超小型 コンパクト スティック 【PS4/PS5対応！iPhone 15 Pro Max ProRes動作確認済み】 テレビ録画用 ゲームデータ保存 耐衝撃 アルミ 超高速 大容量 FF952","16699","9","","202","¥ 14,590","","1","B0DDKTGT4L","B0DHL3HYN7","15.3","8.7","2.9","100"
"iKBC 製 JIS配列 112 キー メカニカルキーボード(DeepSeaSilentProBox/タクタイル) 静音構造 ホットスワップ対応 Cherry MX 互換スイッチ メカニカルスイッチ 昇華印刷 PBT ケーブル USB-Type-C to Type-A(1.2m)接続 Windows Mac両対応 【日本正規代理店製品】 IK-CD108-K/DSST-BK","14753","49","","","¥ 16,830","","2","B0GL1VKH6B","B0CQXFQQ9X","46","20.5","5","1600"
"Apple USB-C - HDMIアダプター 4K@240Hz iPhone 15 16 17 MacBook Pro Air iPad Pro用 MFi認証 Type-C デジタル AV HDMI 2.1コード Samsung Galaxy S25 Switch 2 Pixelbook XPS対応","14758","35","","76","¥ 6,186","","2","B0FJ5V3ZB2","","11.4","6.9","1.6","30"
"Wavlink Displaylink USB C ドッキングステーション トリプルモニター 130W電力供給 10G USB付き Mac Windows用 HDMI3 DisplayPort2 USB-C2 USB3.14 イーサネット オーディオ","14759","40","","196","¥ 23,800","","2","B0BXP57Z1Z","B0C8QDQ6D3","28.6","13.6","7.3","1139"
"イノマタ化学 DVD&コミックケース メディアコンテナ 452 ホワイト 2個セット","15854","51","","152","¥ 6,324","¥ 6,324","1","B006KRTNBO","B01BOEU0EQ","42","25","22","1501"
"HYBRID Wi-Fi 5G NC03 クレードル","14764","30","50","3","¥ 6,578","","1","B0H5W595CY","","24","17.5","11.5","419"
"KEEPTIME モバイルモニター 15.6"" 1080P IPS非光沢 卓上スタンド付 USB-C/HDMI ノートPC/スマホ/ゲーム機対応 白い","14764","93","50","21","¥ 11,979","","1","B0FVT4J6HK","","42.6","28.1","9.8","2110"
"ブラザー工業 【brother純正】トナーカートリッジイエロー(大容量) TN-396Y 対応型番:HL-L8350CDW、HL-L8250CDN、MFC-L8650CDW 他 a4","14769","44","","7","¥ 10,845","¥ 10,845","24","B00NSFP6LM","B09318SQ62","34.3","16.8","12.5","746"
"Wokyis M5 レトロデザインドックステーション（Mac mini M4対応）、5インチHDディスプレイ、10Gbps M.2 NVMe SSD対応、SD/microSDカードリーダー（4.0規格対応）、USB-Aポート×4、USB-Cポート×1（10Gbps対応）、3.5mmイヤホンジャック搭載","22230","35","","295","¥ 21,599","","2","B0FPB67QBV","B0GGQCZMTP","28.6","20.7","16.5","871"
"キヤノン Canon プリンター 特大容量ギガタンク A4カラーインクジェット複合機 GX4030 テレワーク/スモールオフィス向け(FAX/ADF片面読み取り) 普通","14779","59","50","69","¥ 52,500","¥ 53,236","20","B0BJDJWJZP","","58.4","49","34.1","13740"
"ACCURTEK 折りたたみ ラップデスク 2WAY 膝上テーブル & ベッド用ミニデスク 58x37cm 高さ5段調整（283~373mm） 傾き角度36°まで ノートPC対応 天板PVC 防水 軽量 収納 コンパクト 在宅勤務 読書 食事","14781","28","","14","¥ 5,299","","1","B0FZFN8H6R","","61.4","46.9","9.6","3270"
"ANTEC PCケース C8 Curve Wood ブラック 木製フロントパネル 前面と側面が一体になった曲面強化ガラスパネルを搭載した冷却型フルタワーPCケース Antec Constellation C8 Curve Wood","14783","33","","162","¥ 17,323","¥ 17,323","6","B0DK85GRFZ","B0H4HXXSBP","55.9","54","39.4","13562"
"マイクロソフト Surface Pro 8 / Office H&B 2021 搭載 / 13インチ /第11世代 Core-i5 /8GB/256GB / プラチナ 8PQ-00010","22287","41","","171","¥ 112,780","","1","B09FL8X2YN","B09HYW8CPJ","31","23","5.2","1810"
"【Amazon.co.jp限定】 Epson/エプソン用 IP11B IP11B-4CL 互換インクカートリッジ （大容量） IP11KB IP11CB IP11MB IP11YB [4色セット」 【全色顔料】 対応機種：PX-S887 / PX-M887F 残量表示付 最新ICチップ搭載 【Dorashop製】","14790","31","","5","¥ 11,760","","1","B0G1J48R9Q","","28.6","19.2","4.1","640"
"HP ノートパソコン ProBook 450 G10 CT Notebook PC 974X9AV-AMLP (15.6型 FHD 非光沢 Core i5-1334U 16GB 512GB SSD Windows11 Pro 有線LAN テンキー Webカメラ 指紋認証あり Officeなし) 東京生産 薄型 ビジネス A4ノート","14792","24","","2","¥ 155,980","","2","B0FL1ZHB7J","","43.2","34.2","13","2460"
"LIANLI 「O11D EVO XL」専用フロントメッシュキット O11DEXL-4 ブラック 冷却ファン固定ステイ付き O11DEXL-4X 日本正規代理店品","14795","13","","3","¥ 5,345","¥ 5,345","1","B0CQT2VN6H","B0CRYSJ726","54.1","26.7","4.6","1160"
"SENGBIRCH iPad Air (M3/M2) 13インチ キーボード タッチパッド付き iPad Pro 12.9 キーボード ケース 第6/5/4/3世代対応 7色バックライト付き 軽量 薄型 着脱式 Apple pencil収納 多角度調整 スタンド機能 オートスリープ 防汚素材 耐衝撃 全面保護 Type-C充電式 日本語取扱説明書付き ブラック","13337","28","","15","¥ 5,980","","1","B0FVLY5M68","B0H3YW21GH","31.2","25.2","3.1","1020"
"JAZER棘蛇 DDR4 メモリ 32GB (16GB×2枚) 3200MHz CL18、XMP 2.0対応オーバークロック、1.35V UDIMM、Intel & AMD互換、高性能ゲーミング用デスクトップメモリ","14800","55","50","7","¥ 28,920","","1","B0GCHZGVFF","B0F9NPTKLT","15.7","14.6","1.8","170"
"Insta360 Link 2C Pro Webカメラ 4K ウェブカメラ 1/1.3インチセンサー、低照度、オートフレーミング、HDR、マイク付き 指向性ノイズキャンセリングマイク、ストリームデッキ、会議用 Zoom Teams Twitchに対応、配信・オンラインミーティングに最適 PC/Windows/Mac用","14801","60","50","211","¥ 32,800","","1","B0G3SSQMJQ","","17.5","10.2","6.5","330"
"GLOTRENDS ST7381 10Gbps LAN カード Intel X550 10G/1000/100Mbps NIC RJ45 LAN ポート PCI-Express X4 接続 (Mac OS 非対応)","14813","26","","8","¥ 16,149","","1","B0DTKPJXKC","B0F14J9658","22.1","15.6","3.2","250"
"Hkfos XVX 日本のアニメキーキャップ - レトロPBTキーボードキャップ、染料昇華キーボードキーキャップ、チェリープロファイル付き、メカニカルキーボード用134キーキーキャップセット - キーキャップのみ","22803","19","","193","¥ 7,288","","1","B0D9NHV7L6","B0D22TB63X","25.5","15.2","4.1","440"
"ロジクール シミュレーションコントローラ X52 HOTAS ブラック G-X52","14815","38","","28","¥ 15,800","","8","B079T1VXFP","","42","34","31","1550"
"富士フイルム(FUJIFILM) 「X100V」専用レザーケース LC-X100V B CD","14818","33","","242","¥ 8,345","¥ 8,345","5","B084HSNPKQ","","14.7","10.3","7.9","218"
"AOC QDミニLEDゲーミングモニター 27インチ, QHD@最大180hz, 応答速度1ms(GtG), FastVA, 輝度1200cd/m²、HDMI2.0x1/ DP1.4x1, HDR1000認証, 1152zones, AMD FreeSync™, sRGB 148%、3年保証 Q27G40XMN","14820","109","50","22","¥ 47,973","¥ 47,973","9","B0FD9F5MQ9","B0DL8Q4XNZ","68.9","47.6","13.7","8890"
"AIREIIXNGD 11.6インチ モバイルモニター 1366x768 TNパネル VESA対応 超軽量400g USB Type-C","14824","41","","28","¥ 5,057","","1","B0FGXLC184","","40.3","31.2","4.3","820"
"【整備済み品】NEC Speed Wi-Fi 5G 端末種別：モバイルルーター 連続通信時間：約540分 重量：174g (アイスホワイト, NAR03)","14825","28","","","¥ 11,000","","2","B0GRC6SL8J","B0GRBPBG9B","17","12.5","3.1","230"
"2026最新高性能ノートパソコン 17.3インチ 大画面2K 【Office 2024 搭載 プリインストール &Windows 11 Pro】FHD IPS インテル N150(3.6GHzに達する) 4コア DDR4 16GB RAM+960GB M.2 SSD 大容量バッテリーUSB 3.0/Type-C/5G WIFI/バックライト付きlaptop/在宅勤務・初心者・学生向け","14828","36","","5","¥ 68,399","","2","B0GX9FBTQW","","39","35","26","1650"
"エレコム ヘッドセット 有線 USB接続 折りたたみ式 マイクミュート機能付き 40mmドライバ 両耳用 [デュアルマイクノイズリダクションで雑音をカット] ブラック HS-HP101UNCBK","14828","36","","57","¥ 6,300","¥ 8,945","10","B09N3M6H2Z","B0DDXJC9N6","25.5","21.7","8.2","380"
"FINTIE (フィンティー) グリッターケース iPad (A16) 第11世代 11インチ (2025年)、iPad 第10世代 10.9インチ (2022年)用 - [ペンシルホルダー一体型] スパークルカバー 光沢のあるバックシェル付き 自動ウェイク/スリープ バーガンディ","14832","48","","3665","¥ 5,780","","3","B0F21SB918","B0DSTP9DCB","26","22","2","500"
"【エイデータ】 SDカード 512GB UHS-I クラス 10 / V30 4K対応 プロ仕様 SD 5.0 最大読込速度100MB/秒 高耐久性 Premier Pro SDXC UHS-I U3 クラス10 (V30S) ASDX512GUI3V30S-R-I","14833","57","","12","¥ 15,800","","4","B0F4K3Y1CN","B0FRR458DL","11.3","10","1.2","10"
"070H CRG-070H CRG070H ( 070 ) 互換トナーカートリッジ 2本 黒 大容量 10200 ページ 対応機種 キヤノン Canon Satera MF467 MF467dw LBP241 LBP244 プリンター GREENPRINT","14834","30","","21","¥ 6,980","","1","B0F1CVW888","","31.6","19.7","18.7","2310"
"SanDisk 128GB Extreme PRO SDXCカード、SDカード、V60メモリーカード、6K & 4K UHD、最大280MB/秒、衝撃、温度、水、X線防止、RescuePro Deluxeデータ復旧ソフトウェア、UHS-II、クラス10、U3。","14841","38","50","1670","¥ 21,566","","32","B0BXH2WY9Q","B0C5V8XSDD","22.9","18","1","40"
"WAVLINK USB-C 4Kトリプル MST ドッキングステーション 100W 出力 USB3.0/USB-C 4K HDMI DP/VGAポート SD/TFカード 音声出力 アルミニウム Windows 7 / 8 / 10、Max OSX 10/Linuxなど対応 …","14845","27","","30","¥ 7,900","","1","B0BGXH586Q","B0BTM6JHGJ","23.1","10","2.7","370"
"【純正品 4色セット】 キヤノン トナーカートリッジ CRG-054H BK/C/M/Y（大容量 ブラック/シアン/マゼンタ/イエロー） 4色セット 対応機種：LBP621C/LBP622C MF642Cdw/MF644Cdw","14850","38","","3","¥ 41,990","","8","B0DNJVWRNF","","36.7","22.5","20.2","3020"
"I-O DATA アイ・オー・データ PC4-3200 DDR4-3200対応 デスクトップ用メモリー DZ3200-C/STシリーズ DZ3200-C8G/ST","14852","22","","2","¥ 18,000","","14","B0DJVXM6W3","","16.9","5.7","1.4","20"
"VGN ワイヤレス ゲーミングマウス Dragonfly F1 MOBA White 軽量 55グラム Pixart PAW3395 最大130時間動作 無線有線両対応 国内正規品","21774","43","","4","¥ 8,973","¥ 8,973","3","B0DQ86D9LJ","B0FC62MNJF","17.8","11.4","7.8","310"
"【SwitchEasy】 iPad mini7 A17 Pro 対応 ケース 手帳型 レザー 背面 クリア 5WAY スタンド 保護 カバー ペン収納 可能 オートスリープ 対応 [ iPad mini6 アップル アイパッド ミニ 第6世代 2021 対応 ] miniケース Origami Nude スターライト","14869","30","","64","¥ 5,980","","1","B0CNSF8TQH","B0CNSNCR8L","28.2","18.4","3","290"
"ASRock Radeon RX 9070 GRE Steel Legend Dark 12GB OC、AMD RDNA 4、12GB GDDR6、PCIe 5.0、3Xファン、0dBサイレント、ポリクロームSYNC、2920MHzブースト。","14879","2","","2","¥ 117,896","","25","B0H4J7VDYV","B0FKMV6SPG","40.5","21.9","9.9","1542"
"【公式】Ottocast Mini Pico CarPlay/Android Auto ワイヤレスアダプター USB Type-C・Type-A対応 | 超小型設計 Bluetooth接続 技適認証取得済み 日本語取扱説明書付き カープレイ無線化 アンドロイドオート無線化","14892","83","50","126","¥ 6,397","","1","B0G5L7PLS8","","10","7","3","50"
"WAVLINK USB 3.0A/type-C-デュアル HDMI アダプター 2K出力 ミニドッキングステーション/（3840x2160 @ 30Hzディスプレイ出力/1ｘ1440P対応 出力ポート/1ｘ1080P対応 HDMI出力ポート1ｘUSB 3.0ポート搭載、Windows 7/8/8.1 /10、Mac OS 10/10以降、Chromeに対応13.7*2*9.9","14894","69","50","176","¥ 5,685","","1","B094N7D56H","","13.7","9.9","2.4","120"
"PoEスイッチングハブ 11ポート（給電8ポート / アップリンク3ポート）ギガビット対応 IEEE802.3af/at 最大30W 防犯カメラ・WiFi AP対応 LANハブ 金属筐体 静音設計 プラグ＆プレイ","22415","39","","28","¥ 5,580","","1","B0DHTSNVZY","","23.6","19.3","7.2","960"
"Kailh Box サイレントピンクスイッチ RGB SMD リニアスイッチ 防塵 メカニカルキーボード MXスイッチ用 (Kailh Silent Brown 72個)","16115","58","","110","¥ 5,294","","1","B0BWR7QN5N","B0C8YZ68R7","18.5","8.7","4.6","200"
"Bigme B6カラー電子リーダー、6インチ電子インクスクリーンデジタル電子ペーパータブレット、アンドロイド14、4 GB+64 GB付き、調節可能なヘッドランプ電子書籍リーダー装置、音声読み物翻訳機と録音付きアイボリー","14897","38","","8","¥ 27,999","","1","B0GWHJ7D29","B0HF4DXNFQ","16","12","7","500"
"KCEVE 8K対応 3ポートMSTハブ 1入力3出力 DP1.4 ディスプレイポート 8K@30Hz /4K@144Hz マルチモニタースプリッタ ビデオコンバーター 1x3 DP スプリッター","14898","38","","40","¥ 7,999","","1","B0DFQ5QRD6","B0GXDJQWPY","15.6","12.7","2.8","120"
"wisecoco 7.9 "" PC CPUデータバーモニター LCD ディスプレイ HD IPS 1280x400 ミニスクリーン縦横回転 セ ンサーパネルディスプレイ AIDA64用サブモニター","14902","14","","12","¥ 7,500","","1","B0CP7SKQPJ","","29.5","11.3","6.6","390"
"Fikwot【超高速読み込み】FX991 M.2 SSD 500GB PCIe Gen4x4 最大転送速度 6300MB/秒 NVMe SSD M.2 2280 新型PS5 / PS5動作確認済み 高耐久 3D NAND QLC 内蔵SSD メーカー5年保証","14903","65","","2709","¥ 14,980","","1","B0D4YY39D2","B0D7TNTPB5","11","5.1","2","32"
"MT-VIKI 8ポート VGA KVM 切替器 1Uラックマウント 卓上コントローラー ケーブル付","16253","44","","1212","¥ 13,888","","1","B094N5LWKZ","B0GHQN13RT","39.5","17","9.5","2140"
"【2026新設計】CFexpress Type B & XQD & SD カードリーダ 3 in 1、デュアルスロットUSB3.2 10Gbps 高速転送 CFexpress Type B cfカードリーダー アルミニウム タイプ cfカード アダプター cf sd XQD カード Android/Windows/Mac OS/Linux対応、USB C - USB C/USB Aケーブル付き","14907","28","","6","¥ 5,999","","1","B0FVSXJS6W","B0G1T7JBFF","13.6","9.2","2.9","90"
"StarTech 10/100/100 -デュアルポートギガビットイーサネットアダプタのW/USBポートにUSB 3.0、USBギガビットLANネットワークNICアダプタ（USB32000SPT）、 デュアルイーサネット ブラック","22122","33","","247","¥ 9,678","","15","B00D8XTOD0","B01M8ICN9X","17.1","14.2","2.9","130"
"SkyPAD Glass 3.0 XL ゲーミングマウスパッド クラウドロゴ付き, ブラック, 400x500mm","14919","76","","853","¥ 11,400","","10","B09MJ5G5Z7","","54.1","43.6","2.7","2540"
"MINISFORUM UM870Slim ミニPC AMD Ryzen 7 8745H (8C/16T) Mini pc DDR5 32GB RAM 512GB SSD Radeon 780M Windows 11 Pro 小型pc HDMI・USB4・DP 3画面 2.5Gbps LAN・Wi-Fi6E・BT5.2 ミニパソコン","22053","37","","","¥ 111,199","","1","B0GYX2163M","B0HFR8GKC2","18.2","16.2","11.4","1420"
"Acer Nitro 湾曲 ゲーミングモニター 31.5インチ ワイド フルHD 非光沢 広視野角VA 100Hz 1ms(VRB) AMD FreeSync ブラックブースト ブルーライト低減 HDMI 1.4 ミニDSub 15ピン スピーカー・ヘッドフォン端子 VESAマウント対応 ゼロフレームデザイン ED320QRHbmix","14930","34","","","¥ 23,980","¥ 23,980","2","B0DV5HQBZ5","B0FJLQRH8N","78","50","13","6700"
"GIGABYTE X870M AORUS ELITE WIFI7 Micro-ATXマザーボード MB6941","14937","22","","18","¥ 34,891","¥ 34,891","2","B0FJ8WS263","","27.5","26.9","7.6","1840"
"Fydeamer デュアルモニターアーム PC液晶ディスプレイアーム カーブモニター対応 モニタースタンド ガススプリング ブラック","16560","40","","17","¥ 6,260","","1","B0F36PBF3Z","B0FSYS2PJ6","42.7","28.1","11.3","3940"
"マジックキーボード GOOJODOQ 2024 iPad Air6(M2) 13inch対応スマートキーボードiPad Pro 12.9inch 2018第三世代/2020第四世代/2021第五世代適用/2022第六世代 トラックパッド付きケース 7色バックライト 日本語配列キーボード カバー 日本語説明書 ブラック","14944","38","","157","¥ 12,580","","1","B0B7BC9MPW","B0C6LZ3P53","30.9","23.9","2.7","1260"
"エレコム ドッキングステーション USB-Cハブ USB-Aポート×2 HDMI×1 USB-Cポート×3 SD+microSD ケーブル40cm ブラック DST-N080BPBK","14946","29","50","22","¥ 6,657","¥ 6,657","2","B0H6ML1GTY","","19.1","11.6","2.3","120"
"ASMARK 交換用バッテリー MacBook Air A1466用 13インチ 2012-2017対応 A1405/A1496互換","14947","33","","573","¥ 6,999","","1","B0BR3NK56G","","37.1","17.2","2.7","20"
"5-in-1 CFexpress Type A カードリーダー【2026最新型OTG】USB-C 10Gbps高速転送対応 マルチカードリーダーCFa CFexpress Type A/TF/SD, UHS-II SD4.0対応アダプタ USB 3.2接続 iPhone Windows Mac OS Linux Android対応","14947","58","","6","¥ 7,199","","1","B0H261NKMW","B0H32DH3RY","17.1","9.9","2.7","120"
"パンドウイット LANケーブル Cat6 極細 プロ仕様 15m 薄緑 UTP28SP15MPG","23042","24","","69","¥ 5,610","¥ 6,124","11","B01MZFXKTN","B07ZVTSRT8","23","21","3","280"
"tomtoc 縦型 耐衝撃 11.6-13.8インチ パソコンバッグ 13インチ MacBook Air M5-M1 / MacBook Pro対応","14964","21","","255","¥ 5,340","","1","B07GWJ8MLK","B0D6BJY31W","35.2","26.2","6.3","440"
"Stageek リストレスト ゲーミングマウス、マウスリストレスト一体型、人間工学デザイン オフィス/ゲーム/PC/ノートパソコン用、疲労低減、右利き用の手首置き、マウスサポートブラック","11867","10","","25","¥ 11,599","","1","B0DJW17G2D","B0DSBZHK8X","12.4","10.4","2.4","40"
"キングストン 64GB SDXC Canvas Go Plus Gen4 200MB/秒 C10 UHS-I U3 V30 SDG4/64GB","14974","43","","743","¥ 5,400","","21","B0F29Y4L39","B0F7WY7CSW","23.4","17.8","1","30"
"Silver Stone SilverStone Precisionシリーズ コンパクトATXケース ブラック SST-PS13B","14980","34","","56","¥ 6,218","¥ 6,218","5","B01MDKF1CH","B09DY39HRF","47.5","45","24.5","4880"
"【Amazon.co.jp限定】JAPANNEXT 27インチ IPSパネル搭載 4K(3840x2160)解像度 液晶モニター JN-i2710U HDMI DP HDR sRGB:100% DCI-P3:95% PBP/PIP","14982","48","50","31","¥ 28,980","¥ 28,980","5","B0DJCS4WPN","","67","44","19","6600"
"msi Gaming RTX 5070 TI 16G FRIEREN Edition OCグラフィックスカード (16GB GDDR7、256ビット、Extreme Clock 2572MHz、DisplayPort x 3 2.1a、HDMI 2.1b、NVIDIA Blackwell Architecture)","14983","16","","12","¥ 206,643","","18","B0GZ54RNDD","","58.4","27.9","10.2","2268"
"USB3.0 KVMスイッチ HDMI 4入力1出力 4K@60Hz対応 PC切替器 4台PC共 有EDID管理 プラグアンドプレイ リモコン付き","16380","52","50","59","¥ 6,578","","1","B0DQKZMG9Z","","25.4","18.3","6.7","910"
"10Gtek IB 200GbE to 2x100GbE スプリッター DACケーブル，QSFP56 to 2xQSFP56 (4CHx50G to 2x2CHx50G)，Mellanox MCP7H50-H003互換，3m","17504","0","","","¥ 11,699","","1","B0H1WD46LJ","B0GHDGDYX2","35.9","26.7","7.2","540"
"Acer モニター 19.5インチ HD+ (1600x900) 非光沢 TN 75Hz 6ms (GTG) NTSC 72% HDMI 1.4 ミニD-Sub 15ピン スピーカー・ヘッドフォン端子非搭載 VESAマウント対応 E200Qbi","14991","31","","4","¥ 9,374","¥ 9,374","3","B0DMF3351F","B0FTRS6XNP","53.4","47.9","12.7","3010"
"YOWEE 小型換気扇 4連 120 mmx38 mm AC100-240V 冷却ファン ケースファン、スピードコントローラー付き","15387","39","","30","¥ 5,299","","1","B0FD43DH2N","B0FVLN92R3","25","15","8","1080"
"【国内正規品】Keychron K10 Max QMK ワイヤレス カスタム・メカニカルキーボード 、フルサイズ、2.4GHz・Bluetooth無線・有線対応/QMKプログラム可能/JISレイアウト/RGBライト/Superスイッチ/ホットスワップ対応/Mac Windows Linux対応 (Keychron Superメカニカルバナナ軸（ホットスワップ）)","15000","33","","2","¥ 18,744","","1","B0F8G3KD2G","B0F8GMFQXV","48","21","7","2200"