"Title","Sales Rank: Current","Sales Rank: Drops last 90 days","Monthly Sales Trends: Bought in past month","Reviews: Rating Count","Buy Box: Current","Amazon: Current","New Offer Count: Current","ASIN","Parent ASIN","Package: Length (cm)","Package: Width (cm)","Package: Height (cm)","Package: Weight (g)"
"【防災士推奨】PYKES PEAK 救急トイレ 簡易トイレ 120回セット 凝固剤×120 共通袋×144 手袋×120 災害トイレ 15年保存 携帯トイレ 防災グッズ 災害用 非常用 防災チェックリスト付き モグラ隊長","6","44","9000","1101","¥ 5,382","","1","B0D4YJC9Q1","B0FMJXHYMG","27.8","22.6","17.4","4067"
"Wout バーベルにもなる ダンベル ポリエチレン 20kg ２個セット","9","44","1000","3437","¥ 6,749","","1","B077M43T3H","B077M8T91L","61","50","50","40000"
"エアーマット エアーベッド 自動膨張/電動ポンプ内蔵【12CM極厚・幅広75cm】高反発スポンジ 高R値9.5 40s膨らむ 静音 キャンプ マット","12","53","50","2132","¥ 9,977","","3","B0FM3K74WJ","B0HG7SNDSZ","44.6","30.9","19.3","3620"
"シーガー(Seaguar) SeaGuar PEX8 PITCH COLOR CHANGER (シーガー ピーイーエックスエイト ピッチカラーチェンジャー) 万鮪 ライトグレー (5色カラーマーキング付き) 連結タイプ 100m×18連結 1800m 8号","12","48","","","¥ 20,680","¥ 20,680","1","B0GGQYTL8F","B0GHNRHX11","21.7","12","11.4","1190"
"ヨネックス(YONEX) テニス ウェットスーパーグリップ(30本入) ホワイト AC102-30","14","57","200","7532","¥ 6,890","¥ 7,752","35","B000LQ6Z0W","B0GX3JBL4B","28.1","16.4","3.1","141"
"PROIRON ダンベル セット2kg 3kg 5kg (2個セット) ラック付 筋トレ 哑铃 ウエイト カラー 鉄アレイ dumbbell","17","54","200","26404","¥ 5,949","","1","B0DBSS6717","B0CMCBBP4V","42","33.5","15.7","21500"
"【近藤千尋さん愛用ブランド】トリガーポイント(TRIGGERPOINT) グリッド フォームローラー 筋膜ローラー 筋膜リリース ストレッチローラー マッサージローラー セルフケア リカバリー EVA素材 高耐久 スポーツ デスクワーク対応 クリーム","23","38","400","11554","¥ 6,490","","6","B0B8MX83R5","B0CZ6ZY83T","32.9","14.1","14","530"
"[TORINOX] サングラス メンズ 運転用 偏光サングラス 超軽量 UV400 ゴルフ スポーツ PERFORMANCE BLACK/BROWN","24","40","200","28","¥ 6,300","","1","B0FLF8JQZ9","B0HFNWB1TQ","17.9","7.9","4.2","120"
"エアーベッド エアーマット キャンプ用品 ダブル 200×150×25cm","33","61","1000","2963","¥ 6,247","","5","B0FK4WWKLT","B0HDDBW8MG","40.5","31.1","17.9","4540"
"KINTO (キントー) ウォーターボトル 500ml グリーン 軽量 水筒 食洗機対応 マイボトル 20135 (× 5)","43","17","","6069","¥ 7,700","","","B0H8DQQ9ZH","B0F9P3HHZ4","20.5","7.9","7.6","650"
"[ネセクト]【防災グッズ大賞2026 大賞受賞】ヒュッゲ フレックスウォーターバッグ 10L 48個セット 給水バッグ 洗える 背負える 折りたたみ式","51","29","","72","¥ 32,000","","1","B0H1QYNTD8","B0GVGQWKPJ","88","42","32","10800"
"【Amazon.co.jp 限定】 キャプテンスタッグ(CAPTAIN STAG) 保冷剤 抗菌クールタイム 保冷効力約8~10時間 Mサイズ 300g 【50個セット】 UZ-13414","60","25","","1622","¥ 5,329","¥ 5,329","1","B0H7G54JXQ","B0H7WWTZ2Q","54","28","18","16500"
"【Jリーガー愛用ブランド】ザムスト(ZAMST) インソール フットクラフト フットボールスタイル HIGHタイプ サッカー Sサイズ 21.0cm~22.5cm 379821","64","52","","239","¥ 5,040","¥ 5,040","16","B08W1ZWV3J","B0DZBM2LKL","36.1","11","4.9","120"
"保冷剤 長時間 強力 ステンレス製 驚異の保冷力 10枚入り Mサイズ 175×116×13mm 倍速凍結 強力保冷 コンパクト 長持ち 繰り返し使用可","74","33","50","902","¥ 11,096","","3","B0FH57Z6QB","B0HGBVV8PW","24.6","18","1.6","4620"
"【日本国内サポート・2年保証】 トレーニングベンチ インクラインベンチ ベンチ 可変式 折り畳み 耐荷重300kg 組立不要 日本語説明書 (ブラック)","82","67","2000","1235","¥ 5,980","","1","B0D2VWQ6JB","B0D2W5F51R","81","32","24","9320"
"テーラーメイド(TAYLOR MADE) TMJ25 Distance + WH JPN dz ディスタンスプラス ホワイト ゴルフボール 2025年モデル ホワイト (× 3)","85","36","","981","¥ 5,973","","","B0G4V9GQ7R","B0GQ9RM87R","18.9","13.8","4.9","1890"
"チョークレス CHALKLESS 滑り止め 正規品 約1,500回分 (詰め替え用パック（75g）)","93","40","","921","¥ 16,500","","1","B0CSXV8DMX","B0CT2D3XL1","29.4","19.7","7.8","110"
"ザムスト(ZAMST) ZW-5 腰 サポーター ベルト スポーツ全般 日常生活 ブラック Mサイズ 383502","94","47","200","2250","¥ 5,106","¥ 5,335","34","B01NBA5R4S","B0CQN5VMF4","25.8","19.1","4.2","220"
"【日本国内サポート・2年保証】 ぶら下がり健康器 懸垂マシン 懸垂バー 耐荷重150kg 10段調節 コンパクト 日本語説明書 チンニングスタンド(ホワイト)","99","66","500","1894","¥ 7,979","","1","B0DKCTRGYX","B0DJ64BP7G","110.5","35","12","14810"
"DUNLOP(ダンロップ) 硬式 テニスボール DUNLOP HD(ダンロップ HD) 4球入×15ボトル(60球) DHDA4CS60 イエロー","105","79","100","652","¥ 9,407","¥ 9,407","7","B0C1MH39LV","B0GN13XN39","39","30.2","24.3","4680"
"AIRHOP 12枚 4.46 m² トレーニング ジョイントマット EVA素材 大判 ジムマット 防音 筋トレ エクササイズマット キズ防止 床保護 衝撃吸収 ホームジムトレーニング器具用 60cm×60cm×1.2cm","106","68","400","230","¥ 5,998","","1","B0F37S39N6","B0F3W9NBZN","62.7","61.2","17","4280"
"【セット商品】Iwatani イワタニ 岩谷 カセットガス バーナー ジュニアコンパクトバーナー ケース付き CB-JCB + ジュニアガス2Pセット","98","74","50","12","¥ 5,540","","1","B0FC23TMD9","B0FF3Y87ZK","12.7","9.7","8.5","430"
"サンカ べリアスクーラー 高性能な断熱材を採用 ワンプッシュオープン型クーラーボックス 24L 大型 ミントグリーン 保冷力の高いハードタイプ 蓋が外せてお手入れ簡単 作業台にもなるフラットなふた 2人で持ち運べる大きな持ち手 ショルダーベルト付き 釣り ミニクーラー キャンプ アウトドア レジャー BBQ cooler box 冷藏箱 日本製 SANKA VAC-24WH/MGR","124","66","","1716","¥ 6,508","¥ 6,508","3","B0G5LRV6JN","B0GTYL5S7R","62.5","34","32","2960"
"4WD ダンベル 25kg 2個セット 合計 50kg 丸型 レッド 可変式ダンベル 丸型ダンベル バーベル シャフト付き プレート 調節可能 初心者","128","67","50","423","¥ 8,531","","1","B0G2K3GH2W","B0DMKN9W9S","57","26","21","50000"
"【ツイストステッパー正規品】Re ルネサンス ツイストエアロステッパー Premium プレミアム SP-600 木目調 スポーツクラブがつくった 静音 連続使用約120分 ツイスト運動 筋トレ＋有酸素運動 商品保証期間5年 (チェスナット)","135","67","1000","526","¥ 19,980","","1","B0DP2NCNDD","B0DP3WJYTK","53.8","35.2","30.5","9880"
"ETENWOLF AIR 3 携帯式エアーポンプ 強力な360L/分電動空気入れ 2600mAhバッテリー付き、エアマットレスや真空バッグ、浮き輪の空気入れ・空気抜きに対応","147","63","","1410","¥ 6,707","","1","B0CL8Q7WHZ","B0FR4YCR8N","9.8","6.8","5.4","210"
"ダンロップゴルフボール SRIXON Z-STAR XV 2025年モデル 1ダース(12個入り) ホワイト","148","65","300","201","¥ 5,395","¥ 5,395","31","B0DKMZKGQY","B0F1XXCF37","19.1","14.5","5","660"
"ダンロップ(DUNLOP) ゴルフボール スリクソン TRI-STAR6 2026年モデル 1ダース(12個入り) プレミアムパッションイエロー (× 3)","154","31","","79","¥ 11,532","","","B0GH5KKJDG","B0GJ5118Y9","18.8","14.1","4.5","1986"
"キャプテンスタッグ(CAPTAIN STAG) クーラーボックス 容量17.5L アーモンドグリーン CSシャルマン UE-110","153","49","200","5798","¥ 5,100","¥ 5,100","9","B0GKCZW13R","B0GTZF6LB7","41","33","29","2460"
"owala ウォーターボトル フリーシップ ローズクォーツ 945ml FreeSip 32oz","159","68","200","98","¥ 6,930","¥ 6,682","5","B0GQMZ2Q2W","B0GSHHS41R","29.1","10.9","10.9","550"
"[ネセクト]【防災グッズ大賞2026 優秀賞】エマージェンシーホイッスル マルチカラー5A 50個セット 防災ホイッスル 緊急用 大音量 アルミ製","166","20","","168","¥ 13,500","","1","B0GZTZB2SZ","B0FBFX8MSG","15","10","2","300"
"Hikentureキャンプ 枕 【カバー付き・空気逆流防止弁】 コンパクト キャンプ まくら 超軽量 エアー枕 アウトドア 枕 防滑処理 キャンプ 枕 エアーピロー 空気枕 旅行枕 携帯枕 コットン 収納袋付き アウトドア 車中泊 事務室 ツーリング トレッキング (purple)","169","61","","2228","¥ 8,131","","4","B09QKMLHYZ","B0BXCQKZC5","16","8.7","7.7","170"
"ニチバン バトルウィン テーピングテープ(非伸縮) 12巻入り 50mm×12m C50","172","85","50","2049","¥ 5,500","","16","B000ARUOF4","B0CLRLK5K3","22.8","15.5","11.7","1410"
"OLIGHT (オーライト) Imini2 懐中電灯 EDCライト ミニライト 小型 キーホルダーライト 50 ルーメン USB 充電式 防災緊急用","174","48","","738","¥ 5,495","","1","B0FHW8V6CX","B0GLNSTHBV","11.5","6.1","1.9","70"
"Coleman(コールマン) ホイールクーラー28QT(オレンジ)","229","69","300","465","¥ 6,797","¥ 6,797","9","B0FVF2V8F7","B0GFSQBD84","48","41.5","33","3240"
"Fitbit Inspire 3 フィットネストラッカー モーニンググロウ／ブラック スマートウォッチ/iPhone対応/アンドロイド対応/最大10日間のバッテリー/心拍計/睡眠スコア [日本正規品]","181","91","300","8712","¥ 11,520","","2","B0B75STB24","B0CT8X4Z67","16.8","9.2","3.8","110"
"DUEL(デュエル) 魚に見えないピンクフロロ ショックリーダー 30m 300Lbs","166","54","","1","¥ 9,400","¥ 9,776","8","B0C9SQM4R4","B0C8124NKF","23.6","20.2","2.2","180"
"MOON LENCE アウトドアチェア キャンプ椅子 折りたたみ コンパクト 超軽量907g 収納袋付き 耐荷重150kg ブラック・2個セット","184","76","50","14","¥ 6,649","¥ 6,649","1","B0DKFD1GH6","B0HFWSD8FG","35.6","28.4","12.2","1800"
"ヨネックス(YONEX) テニス バドミントン グリップテープ ウェットスーパーストロンググリップ(30本入り) ホワイト(011) AC13330","185","71","","2319","¥ 8,200","¥ 8,819","25","B0CCXR7F14","B0GXYLG3K2","36","25","15","800"
"テーラーメイド(TAYLOR MADE) TMJ26 TP5x Stripe JPN dz ティーピーファイブ エックス ストライプ ゴルフボール 2026年モデル ホワイト","188","75","300","19","¥ 5,986","¥ 5,986","27","B0GHR9P3T9","B0GQ2SWNRL","19","13.9","5","630"
"【TFS】 松葉備長炭 【10kg×2箱】オガ炭 バーベキュー炭 BBQ 七輪用炭 使用可 長時間燃焼 業務用 煙無し 火鉢 火が付きにくいです（すいません）","193","53","100","153","¥ 5,206","","1","B08W8HNLLD","B097B59BCR","50.7","36.2","23.1","20710"
"EENOUR ゴルフレーザー距離計 U800+ ミニ 最速0.04S測定 (ブラック)","195","77","800","3081","¥ 11,980","","1","B0DFH1M2BL","B0DNJMR7DM","15.5","11.1","7.5","350"
"キャプテンスタッグ(CAPTAIN STAG) キャンプマット IXPE フォームマット ダブル 116×183cm アルミ加工 収納バッグ付き ブラック×シルバー UB-3086","198","77","100","18","¥ 5,181","¥ 5,181","3","B0FV85DS6M","B0FX7QMPBN","59","33","13","820"
"Bee Nesting 軽量速乾タオル 吸水 抗菌 防臭 スポーツタオル 折りたためる コンパクト 収納袋付き 旅行 水泳 アウトドア 登山用 (× 6)","200","55","","490","¥ 10,140","","","B0GZJVZVDZ","B09HKMHR2J","11.8","8","4.7","600"
"BRIDGESTONE(ブリヂストン)ゴルフボール TOUR B XS 2026年モデル 12球入 パールホワイト S6GXJ","205","74","500","78","¥ 6,930","¥ 6,930","33","B0GGHGZQ63","B0GQSW3B2Y","18.8","14.5","4.9","650"
"Eco Ride World アルミシート エマージェンシーシート 静音 アルミブランケット 保温 防寒 コンパクト 50枚セット sb-126-05","205","51","","2038","¥ 12,131","","1","B08TRGNLCB","B07KJYMCDH","33.8","25.2","13.4","3800"
"【米特許取得】VRTX フィットネスバンド 耐久性 肌に優しい 丸洗い グッドデザイン受賞 高強度 懸垂補助 X-Heavy 5番","214","69","50","22","¥ 7,980","","1","B09NMK7RPQ","B09NMLBN7M","18.5","12.8","5.5","340"
"【公式ストア限定】シックスパッド コアベルト2・アブズ2/SIXPAD Core Belt 2・Abs 2 +コントローラーセット+公式ショッパー (ブラック, L, Core Belt 2（ショッパー付き）)","223","53","800","1139","¥ 44,990","","1","B0F28M41QY","B0H7HKBQ9P","34.3","28.5","14.4","1180"
"【アワード受賞・人気ブランド】 BARWING(バーウィング) ランニングパット ルームランナー ハンドル あり なしMAX14km/h ランニングマシン ウォーキングマシン ランニングマシーン トレッドミル ルームランナ ランニングましーん家庭用 ホームジム 健康器具 家庭用 静音 電動 折り畳み 高齢者 防音 マット エクササイズバイク (ブラックブルー)","227","69","100","1138","¥ 27,700","","1","B06XRBLVRL","B0HC9WX4K6","119.4","54.6","12.7",""
"折りたたみ椅子 軽量 持ち運び【超軽量335g・1秒折り畳み】コンパクト アウトドアチェア キャンプ椅子 折りたたみチェア","230","74","","64","¥ 5,680","","1","B0GLH6CZST","B0GVNGK8D6","35.7","18.1","10.3","670"
"ザムスト(ZAMST) 足首 サポーター A1 スポーツ全般 バスケ バレー テニス 足関節 固定 LLサイズ 左足 ブラック 370814","240","67","50","711","¥ 5,148","¥ 5,148","33","B00BWFV3WG","B09RB6DYRQ","30.3","13","6.4","130"
"PROIRON ダンベル 鉄アレイ 2個セット 10kg ダンベルセット ソフトコーティングで筋力トレーニング","265","68","","201","¥ 6,358","","1","B0DSHG1GXT","B0DSHGMP8Z","35","33","17","20000"
"ロゴス(LOGOS) ハイパー氷点下クーラーL 20L クーラーボックス 折り畳み 防災","266","75","900","2900","¥ 9,091","¥ 9,091","32","B004MX8346","B0G62ZLJLN","41","31.5","13.5","1960"
"BASARO (バサロ) AIRLEGATO 国土交通省型式承認品 桜マーク タイプA 手動膨脹式 ライフジャケット 桜マーク付き 救命胴衣 全航行区域対応 大人用 釣り 海 腰 腰巻き ベルトタイプ ウエストタイプ コンパクト メンズ レディース サイズ 70～120cm 日本メーカー B-Lifejac-IF01 日本語取り扱い説明書 CO2高圧縮ボンベ付き カラー:ペイズリーブラック","309","66","100","276","¥ 9,980","","1","B0F672QG6D","B0F742JYLZ","42.1","10.5","8","590"
"タジマ(Tajima) コンベックス 5.5m×25mm Gロック25 GL2555BL (× 3)","285","33","","500","¥ 5,892","","","B0H8DZDPY2","B089FDVSHW","12.9","10.6","4.6","990"
"キャリーワゴン 【2026新登場・ワンタッチ収納＆後部展開可】 アウトドアワゴン 大容量 200L 耐荷重180kg 自立収納 子供乗せれる キャリーカート 折り畳み 軽量 長物対応 ブレーキ付き 大きいタイヤ スチール制 丈夫 キャンプ カート 台車 荷物カート キャリー 持ち運び便利 コンパクト 荷物運び 買い物 釣り イベント 引っ越し ゴミ出し","286","69","1000","342","¥ 6,980","","1","B0GTTKVQBN","B0GZ7WHXV9","44.3","35","19","5500"
"[コラントッテ] ネックレス ALT(オルト) (プレミアムブラック, L)","287","77","400","1521","¥ 8,355","¥ 8,355","24","B08DND4C8C","B0D2KR6C4C","15.8","8.1","2.4","40"
"BRIDGESTONE(ブリヂストン)ゴルフボール SUPER STRAIGHT 2025年モデル 12球入 パールホワイト T5GX (× 2)","275","45","","368","¥ 5,970","","","B0FBGSQTSY","B0H2J16G33","19","14.5","4.9","1300"
"Callaway Golf スーパーソフト ゴルフボール (2025, イエロー)","315","94","","4132","¥ 6,928","","15","B0DHT6CF6N","B0FWQQ7JWX","19.3","13.8","4.7","630"
"ダンベル 8kg 2個セット 筋トレ ダンベル 哑铃 ウエイト カラー ダンベル 鉄アレイ dumbbell (グレー)","318","72","100","6961","¥ 5,423","","1","B07D52F4TL","B088BP5MJG","31.6","30.6","15.8","17100"
"Coleman(コールマン) クーラーボックス アルティメイトアイスクーラーII 25L 保冷力約42時間 オリーブ アウトドア キャンプ ピクニック 部活 釣り 極厚断熱材 簡単取り出し 抗菌 コンパクト 保冷バッグ","319","73","50","1801","¥ 6,771","¥ 6,771","7","B0FWJKSJPT","B0GFS7SVKK","44.7","40.7","18.9","1800"
"Coleman(コールマン) チェア インフィニティチェア リクライニング 折りたたみ 3秒設営 折りたたみ キャンプ 耐荷重100kg 簡単設営 リクライニング機能 コンパクト収納 持ち運び可能","324","70","2000","7415","¥ 9,799","¥ 9,990","7","B079C1K6DH","B07NQQB1QX","94","69","15.8","10000"
"BARWING(バーウィング) NEW モデル 可変式ダンベル 24kg 40kg 2個セットウエイト 重量調節 アジャスタブルダンベル 15/17段階調節 トレーニング 筋トレ エクササイズ 自宅 家 筋トレグッズ 胸筋 ダンベルセット 背筋 腕 肩 シェイプアップ 可変式 ダンベル 鉄アレイ 重り ジム 筋トレ ダンベル 筋トレ器具 フィットネス トレーニングベンチ アジャスタブルベンチ デクラインベンチ インクラインベンチ フラットベンチ (24kg×2個【ブラック×ライトグレー】)","330","83","50","809","¥ 18,800","","1","B0DKWNN6JZ","B0HCBJX91D","67","40","40","40000"
"AbuGarcia (アブガルシア) ソルティーフィールド SALTYFIELD SFS-1002MH 釣竿 釣り竿 ライトショアジギング シーバスロッド","363","71","50","64","¥ 9,040","¥ 9,040","16","B0BDKP9DWH","B0GCZDNNYC","161","8","5","500"
"ロゴス(LOGOS)固形燃料 エコココロゴス・ラウンドDECO Pro-44 83100123 炭 エコ炭 着火分１分","331","75","","300","¥ 20,500","¥ 19,025","4","B0DKNKXQVK","B0FCFJ87T9","44","30","29","16900"
"ファイテン(phiten) パワーテープ 1000枚入 大容量 業務用 新加工技術採用｜ボディケアテープ テーピング｜肩 首 腰 膝 ふともも ふくらはぎ こめかみ｜リカバリー リラックス サポート スポーツ アスリート｜プロランナー 吉田響選手/柔道家 角田夏実氏 愛用商品","320","67","","32","¥ 14,313","¥ 14,313","2","B0GVB24721","B0GC7BDPNT","17.7","7.3","4.7","170"
"PROIRON ケトルベル ネオプレン 鉄製 20kg 20キロ一体型鋳鉄","349","79","200","60","¥ 6,698","","1","B0CFZLDTVP","B09ZK1QQMW","30.2","27.7","26.7","20580"
"Coleman(コールマン) アウトドアワゴンＮＸ(ベージュ)","351","65","900","7416","¥ 13,367","¥ 13,367","1","B0G343GWRP","B0GLGCN8T5","62","41.8","26.4","10680"
"Coleman(コールマン) 寝袋 パフォーマーIII/C5 封筒型 シュラフ ウォッシャブル 快適温度5度 洗濯可 封筒型 連結可能 キャンプ アウトドア 丸洗い可能 防災 フェス 車中泊 来客用 コンパクト 収納 洗濯機","359","77","100","1044","¥ 5,027","¥ 5,027","10","B07HRQMV4M","B0CYB7HKJZ","42.2","24.4","24.4","1820"
"ALLOUT 【横川尚隆選手愛用】 本革トレーニングベルト パワーベルト 筋トレ デッドリフト ベルト レザー リフティングベルト 高密度Cowhide 牛革 男女兼用 (ブラックロゴ, M)","361","76","200","583","¥ 7,580","","1","B0GX5H4RHM","B0CN1Y8C9D","44.6","17.1","9.4","530"
"PYKES PEAK (パイクスピーク) ポップアップ テント サンシェード 簡易テント 【一瞬でパッと広がる 簡単設営】 2~3人用 UVカット 紫外線対策 日よけ 防虫 撥水 ビーチ ピクニック ペグ・キャリーバッグ付き (2-3P/オフホワイト)","369","78","200","522","¥ 5,206","","1","B0963SWL69","B0963TB3G4","57","57","4.5","2700"
"[Nowala] ファン付きベスト 【-15℃の涼しさ＆35800mAhバッテリー】 空調作業服 ベスト 2026 軽量 薄型 遮熱 UVカット L","560","37","400","130","¥ 5,243","","1","B0GX63D82C","B0HBKSWD73","26.9","22.8","6.8","900"
"Snow Peak(スノーピーク) (snow peak) チタンダブルマグ 300 MG-152","385","92","100","9770","¥ 5,280","¥ 5,280","8","B0BQM46BTB","B0G6F1SG9L","9.1","9","8.8","90"
"テーラーメイド(TAYLOR MADE) TM26 SpeedSoft Ink USA dz スピードソフト インク ユーエスエ ゴルフボール 2026年モデル ホワイト (× 2)","387","43","","307","¥ 7,120","","","B0GLMG7TG9","B0F3X1GX2H","28","24","5","1400"
"スツーレ 簡易テント 一人用 排便袋・凝固剤付 (1回分) 簡易トイレ 5秒組立て 【防災グッズ大賞2025】着替え ワンタッチ 防災テント 防災 災害用 stoole キャンプ アウトドア 釣り UVカット (グリーン) 簡単","388","93","400","95","¥ 5,382","","1","B0FCRF9PNL","B0GHZ6GBCH","57","57","5","2160"
"【MONOQLOベストバイ受賞】 STEADY フィットネスバイク エアロバイク グリーン 背もたれなし 本体のみ ST102 静音 家庭用","412","83","200","1032","¥ 18,990","","2","B0F6N1GWN5","B0GY8KBDF6","84.5","38","23","16000"
"BARWING(バーウィング) 可変式 トレーニングベンチ 4WAY インクラインベンチ 折り畳み デクラインベンチ フラットベンチ 角度調節簡単 収納便利 アジャスタブル ベンチプレス 筋トレ (BW-AJB06ブラック)","413","86","700","2070","¥ 5,480","","1","B0CTBY5221","B0HD65BBHT","75","60","50","30000"
"GENTOS(ジェントス) 懐中電灯 LEDライト 充電式(専用充電池) 強力 900ルーメン レクシード RX-386R ハンディライト フラッシュライト","427","98","100","418","¥ 5,333","¥ 5,333","31","B0B8YKH1HG","B0DH7T8C1B","21.5","12.9","4.5","270"
"ストレッチポール(R)EX LPN社製 ピンクベージュ","430","74","100","5611","¥ 11,991","¥ 11,991","1","B0GF6713KZ","B0GFW8RS5Z","98","15","15","850"
"[ゴルフダイジェスト 王道雑誌で紹介ｘ奧山ゆうしプご愛用] Tamterd ゴルフ練習器具 ゴルフ 練習 ゴルフ グリップ ゴルフ スイング","443","95","800","928","¥ 6,998","","3","B0D5M5C959","B0HGSFS36F","81.5","7","6","740"
"GOGOJUMP トレーニングベンチ 家庭用 折りたたみ式 インクライン フラットベンチ 角度調整 収納便利 最大耐荷重227KG ダンベル 腹筋 背筋トレーニング対応 組立不要 日本語説明書","457","80","1000","3155","¥ 5,980","","1","B08ZD5PQPQ","","85","33.5","24","8180"
"BARWING(バーウィング) 新モデル登場 トランポリン 8本脚 静音 耐荷重150kg 子供用 大人用 クリスマス 子供 ダイエット クッション 折りたたみ 大きい折り畳み おりたたみ カバー トレーニング (ミルキーベージュ)","467","78","400","1076","¥ 5,380","","1","B0CBRSYPMB","B0DLKN1VXB","90","39","14.5",""
"DesertFox キャンプ テーブル アウトドア テーブル 折りたたみ テーブル 120cm/180cm 単品/セット 高さ3段階調整可能 自由に高さ調整可能ピクニック レジャー キャンプ用 折畳み コンパクト 収納 簡単組立 (黒，120cm×2)","390","50","","427","¥ 6,799","","1","B0GDFYVB73","B0DKMPWJRT","64","62","5.5","9130"
"Coleman(コールマン) クーラーボックス エクストリームクーラー 保冷力 アウトドア キャンプ 約26L 保冷力約3日 釣り お花見 部活 強力保冷 頑丈 暑さ対策","465","71","500","745","¥ 7,140","¥ 7,848","17","B09HBVQSZL","B0GN2W8KB6","59.9","42.6","41.2","3720"
"リーディングエッジ トレーニング ベンチ マルチポジション 折り畳み式 耐荷重300kg 角度調整 フラット インクライン コンパクト ブラック","465","88","100","34","¥ 13,670","","1","B0DPF5QHNC","B0CY1GY38B","110","28","20","20000"
"【特許取得】バランスボール 半円 バランスドーム 直径46/58cm エクササイズボール ボディ 耐荷重150/300kg 子供(グレー, 58cm)","471","73","500","79","¥ 6,980","","2","B0GXHGZ1S8","B0GXHKHR9B","62","59","9","5310"
"TAYLORMADE GOLF(テーラーメイドゴルフ) TM26 Tour Resp Stripe USA dz ツアーレスポンスストライプ USA ゴルフボール 2026年モデル ホワイト/トリコロール (× 5)","472","10","","10","¥ 26,980","","","B0H4W1NYJF","B0H59YS1WP","19.3","14.1","5.1","3200"
"【医療雑誌掲載】Safety Life ポイズンリムーバー 強力 毒吸引器 小型 応急処置 セット 予備 登山 ハブ 蚊 ブヨ 蜂 虫刺され対策 アウトドア用品 3サイズ カップ (10個セット)","432","56","","","¥ 15,999","","1","B0F3V19KL9","B09GN9KXRN","26","19","12","1000"
"GENTOS(ジェントス) LED ヘッドライト USB充電式 【明るさ550~1500ルーメン/実用点灯7~15時間/後部認識灯】 専用充電池または単3形電池4本 (別売り) 使用 Gシリーズ GH-201RG/GH-203RG/GH-280RG/GH-300RG/GA-22/GA-23","473","83","300","181","¥ 11,555","¥ 11,555","12","B0F2SDKWPT","B0F66JQ2NJ","15.1","12.3","11","660"
"ゴーセン(GOSEN) ガイダス(GUIDUS) PE×9 300m マルチカラー 1号","475","68","","64","¥ 5,280","¥ 4,796","15","B0GF716VH2","B0H8R5KWW7","12.4","10","2.7","50"
"イワタニ(Iwatani) リフレッシュ酸素缶 10本セット IRS-1","484","87","100","3018","¥ 6,350","¥ 6,694","3","B0CX7L29LX","B0D3VCTQR9","36.5","26.5","18.4","1510"
"CuteeFox トレーニングベンチ 【特許出願】筋トレ ベンチ インクラインベンチ 7段階調節 耐荷重300KG 折り畳み コンパクトダンベルベンチ 収納便利 業務用 家庭用 日本語説明書付き 3C (赤，L)","442","89","300","583","¥ 5,599","","1","B0CJDZ18GM","B0GGZ56JX2","84.4","32","24","9740"
"WASAI 懸垂マシン ぶら下がり健康器 4グリップ 耐荷重150kg 高さ10段階調節 コンパクト ワンルーム対応 MK301YL(ブラック)","488","93","1000","4267","¥ 7,980","","1","B08C79D4YK","B0HC7FG2L7","110","35","11.5","14190"
"OUTBEAR【超軽量850g・あぐらで使える】 アウトドアチェア ローチェア グランドチェア あぐらチェア キャンプ [耐荷重120kg試験済み]","501","83","400","1428","¥ 5,382","","1","B0BD4FFN59","B0BD4BZJ3N","35.3","14.6","10.4","960"
"リーフツアラー シュノーケル ベスト スリム RA0402 ライトグリーン XLサイズ","501","27","","1697","¥ 5,280","","1","B0GWZJ3ZFM","B0HBVZRBFB","48","45","4.5","550"
"SMARTY サウナスーツ 【世界代表選手も愛用&動画付】 レディース メンズ 上下セット スポーツブラ付 洗濯可 滝汗 爆汗 大量発汗 ダイエット","604","67","","303","¥ 5,980","","1","B09TP77DH8","B0CWTSJ5KQ","28.8","27.3","7.7","750"
"ラングスジャパン(RANGS) ドッヂビー 600 エンジェルマジック フライングディスク","550","76","","2360","¥ 9,350","¥ 9,350","1","B00B0QBF9I","B0G2LCSVX3","62","62","10","300"
"シマノ(SHIMANO) スピニングリール 23 セドナ C3000HG","536","105","200","112","¥ 6,441","¥ 6,441","12","B0C7B325BT","B0CGCY67KP","15.2","13.1","9.3","400"
"バタフライ テナジー・05 ブラック 05800 278 特厚","539","78","300","1040","¥ 6,820","","14","B0018LMC9C","B09QZLJQCS","18.5","17.5","1","90"
"Coleman(コールマン) 焚火台 ファイアーディスク 直径約45cm 重量約1.6kg 2000031235","540","96","600","4189","¥ 6,192","¥ 6,192","17","B01LT5ES1Q","B0CYC3J3BG","46.1","45.9","11.5","2720"
"PROIRON 鋼 ダンベル だんべる 8kg 2個セット 鉄アレイ ﾀﾞﾝﾍﾞﾙ 哑铃 dumbelll set 家庭用および商業用に適しています","559","81","100","111","¥ 5,423","","1","B07V6T9DLV","B09RGM8WJZ","31.7","28.8","14.1","17070"
"BASARO (バサロ) 国土交通省型式承認品 桜マーク タイプA 自動膨張式 ライフジャケット 桜マーク付き 救命胴衣 自動/手動双方対応モデル 2Wayモデル 立体裁断 救命胴衣 大人用 釣り 腰 腰巻き ベルトタイプ コンパクト メンズ レディース サイズ 70～140cm 日本メーカー B-LifeJac-XH01 日本語取り扱い説明書 CO2高圧縮ボンベ付き (ブラック迷彩)","567","84","200","303","¥ 11,520","","1","B0DJCV7VWM","B0DM773JG1","44.6","10.8","7.1","670"
"ダイワ(DAIWA) スピニングリール 23レガリス LT3000-CXH","570","110","100","131","¥ 10,712","¥ 10,712","32","B0CCN714GK","B0CCRB536X","13.4","13.2","9.4","320"
"SeaBonds (シーボンズ）ヘッドライト 1000ルーメン SPEC2 ミドルモデル 釣り専用ヘッドライト","574","69","700","873","¥ 5,024","","1","B0BQHDVHB7","","13.7","10.3","4.9","200"
"GENTOS(ジェントス) LED ヘッドライト USB充電式 【明るさ720ルーメン/実用点灯6.5時間/後部認識灯】 専用充電池使用 ヘッドベイダー HV-1000R","586","93","100","20","¥ 5,527","¥ 5,527","8","B0F2SL9HFD","B0F629DS5K","19.7","12.8","7.7","380"
"PYKES PEAK (パイクスピーク) ワンタッチ タープテント 2m×2m 大型 【 組み立て簡単 ブラックコーティング UVカット 99.99% 遮光 高耐水加工 風抜けベンチレーション 4段階調整 】 紫外線カット 日除け 日よけ キャンプ アウトドア イベント BLACKCOOL タープ テント (オフホワイト)","587","55","100","368","¥ 10,241","","1","B0F2HRH2MH","B0F2HQBYDS","117","21.5","21.5","13700"
"サンライン クインスター 120号 300m クリア 806294 ナイロンライン","558","69","","1","¥ 5,030","¥ 5,109","5","B005AM76NM","B09LRCN5XD","16.8","13","12.8","1360"
"ローリングス(Rawlings) 野球用 サングラス REW25-02SM-HS スモーク","592","68","100","241","¥ 5,565","¥ 5,621","8","B0DKJCPN2Z","B0HG1KVNBT","15.5","8.6","5.6","40"
"ピーコック ステンレスキーパー ウォータージャグ 6.1L 保温 保冷 ステンレス内容器 分解コック 日本製 グレー INJ-60 H","600","81","100","19","¥ 5,457","¥ 5,457","7","B0GLWWK47K","B0GRZLX3DT","28.7","25.4","25.1","2000"
"BARWING(バーウィング) ぶら下がり健康器 【3way 多機能・改良バー】 高さ調整12段階 懸垂バー 筋トレ 懸垂 懸垂マシン ぶらさがり健康器 筋トレグッズ きんとれグッズ 懸垂機 チンニングスタンド トレーニングベンチ 筋トレ器具 (ブラック)","602","94","600","439","¥ 7,980","","1","B08Y8J9JJ7","B0GVZ8FGR9","110","36","13.5","15800"
"ハピソン(Hapyson) 津本式 アニサキスライト 充電式 YF-990","603","85","200","170","¥ 5,282","¥ 5,282","33","B0CT7BZXGR","B0CTMFM8PH","24.8","8","3.1","180"
"強力保冷剤 驚異の保冷力 6枚 円柱 4×16cm 【倍速凍結＆長時間保冷】ステンレス製アイス保冷剤 コンパクト 長持ち 繰り返し使用可 防災用にも最適","919","18","","242","¥ 9,180","","1","B0H7HDNWC3","B0HF95JJ5C","16","12","12","1632"
"JEJアステージ COREFLUX (コアフラックス)VIP スレートグレー 44L 真空断熱パネル[幅592×奥行419×高さ438mm]6面全面断熱 座れる 高保冷力 クーラーボックス レジャー スポーツ 部活 アウトドア キャンプ 長時間保冷 鍵穴付き 大容量 釣り ゴム脚","673","62","","17","¥ 20,020","¥ 20,020","5","B0GHRP3M7C","B0DW7XVXF2","60.8","47","43.8","8310"
"アステージ クーラーボックスフォレスクルー ＃45 ダークブルー","626","75","50","80","¥ 6,635","¥ 6,635","21","B005EDDNFC","B0DW7NFTDC","64","37.8","35.4","4260"
"Coleman(コールマン) インスタントバイザーシェードⅣ/L DR","726","71","300","16","¥ 14,965","¥ 14,965","9","B0FVF5WZGW","B0GHQ9773K","100.7","23.6","23.2","16490"
"Coleman(コールマン) キャンパーインフレーターマットハイピークシングル 10㎝ 自動膨張式 キャンプ アウトドア フェス 厚手 車中泊 来客用 防災","627","91","500","2795","¥ 12,602","¥ 12,602","17","B07YWYC5RF","B0GNMN8FD4","74","20.6","20.4","3380"
"ザムスト(ZAMST) 膝サポーター ZK-PROTECT スポーツ全般 左右兼用 Lサイズ 381703","629","87","200","348","¥ 7,760","¥ 8,138","21","B0BVTGXGY6","B0BWXTNZ1S","33.5","19.2","4","260"
"ミカサ(MIKASA) バレーボール 5号 国際公認球 検定球 一般・大学・高校 イエロー/ブルー V300W 推奨内圧0.3(kgf/cm2)","643","96","900","2065","¥ 6,426","¥ 6,426","28","B07NJ7W7PQ","B0GN5WHH59","22.8","22.2","7.6","260"
"adidas(アディダス)サッカー リュック バッグ ボール用デイパック ブラック ADP45BK","645","68","100","49","¥ 6,729","¥ 6,729","20","B0D17LF3VZ","B0DHG99B43","63.1","43.7","9.4","820"
"Coleman(コールマン) ツーリングドーム/LDX 2人用 3人用 キャンプ アウトドア フェス 収納 コンパクト 簡単設営 カンガルーテント ソロキャンプ ソロテント","648","95","200","3474","¥ 20,718","¥ 20,718","9","B0FVDRPB5N","B0GFSHYQHY","49.5","21.5","21.5","5900"
"NINJOR GOLF ゴルフ レーザー 距離計 NJ MINI シリーズ コンパクトサイズ 122ｇ ゴルフ距離測定器 (PRO LCD, ブラック)","650","76","100","366","¥ 11,980","","1","B0D1445SCB","B0D7QMJQP7","12.4","9.9","7.2","320"
"シマノ DURA-ACE グリス 500g(Y04110010)","654","80","","6138","¥ 6,116","¥ 6,468","19","B0038TER9K","B0DTHJ8KZB","12.6","10.6","10.4","640"
"Coleman(コールマン) クーラーボックス ホイールクーラー 60QT 容量約56L 保冷力約3日 大容量 キャリー キャンプ アウトドア 釣り 部活 強力保冷 頑丈","685","69","100","1261","¥ 10,890","¥ 10,890","1","B0G343JGHJ","B01C5HY3EO","61.6","55","47.1","6240"
"スマートウォッチ iPhone アンドロイド 対応 通話機能付き Smart Watch 1.91インチ大画面 レディース メンズ 腕時計 120+種類運動モード 生理周期管理 Line/着信＆メッセージ通知 スマホ探す 天気予報 音楽制御 長持ちバッテリー ストップウォッチ 目覚まし時計 技適認証済み ブラック色","660","16","100","33","¥ 18,999","","2","B0H6RTBR9N","B0HGKKHJXJ","28.8","7.3","1.7","100"
"スノーピーク(snow peak) HOME&CAMPバーナー ブラック カセットコンロ 防災 キャンプ 登山 アウトドア 防災","678","107","100","2627","¥ 7,800","","19","B07TS6LMM7","B0GKDK3NZY","27.9","13.6","11.3","1580"
"尾上製作所(ONOE) 50個入り ハイチャッカー・S GーCKー9 [炭・バーベキュー燃料の着火に マッチ/ライターなどで簡単に点火 燃焼時間約7分 軟質繊維/パラフィンワックス 木炭 キャンプ用品]","679","71","","680","¥ 9,000","¥ 9,000","2","B079LBCRHN","B0FSPY9CMD","34.4","24.8","11.8","5420"
"TOKYO CRAFTS マクライト2 焚き火台 【コンパクト/大型/軽量/薪割り不要/組み立て簡単/ゴトク付き】 ソロ ファミリー 焚火調理","684","94","500","434","¥ 8,980","","1","B0CRHHLK4J","B0H39TNTHQ","43.6","22.1","4.3","1400"
"携帯酸素缶 [ OXY ONE mini ] 圧縮型 10L 大容量 携帯酸素ボンベ 携帯酸素吸入器 携帯酸素スプレー 携帯酸素発生器 O2ボンベ スプレー (5)","687","58","","51","¥ 8,750","","1","B0F7GN3MMM","B0F7MJ8YG7","15","4","4","160"
"[キャンパーズコレクション 山善] ポップアップテント ワンタッチ 4～5人用 フロントドア特殊加工生地採用 ブラックコーティング 簡易テント パッとサッとテントキューブワイド シースルー カーキ SPATCW-150B(KH)","700","75","300","17","¥ 11,480","¥ 11,480","1","B0GWP8PSXW","B0H3915Q7J","111","14","13","4060"
"GreenOn（グリーンオン）ザ・ゴルフウォッチ ノルムⅡ プラス ※みちびきL１S対応 カラー液晶 THE GOLF WATCH NORM Ⅱ Plus/ノルム GN301 グリーンアンジュレーション表示 (新モデル（NORM GN301）, ブラック)","711","89","700","197","¥ 12,909","¥ 12,909","10","B0DHJJZQWB","B0GNZPBWDL","10.9","9.7","6.9","120"
"ルームランナー ランニングマシン 折り畳みハンドル付き 5in1 家庭用 ウォーキングマシン 1〜12km/h 最大傾斜10% 2.75馬力 静音モーター 12HIITプログラム アプリ連携 耐荷重150kg 男女兼用 付属リモコン","714","100","700","917","¥ 24,210","","1","B0G5N2N7NX","B0HFWYFY3S","130","60","12","29500"
"Rawlings(ローリングス)野球用 ボール 硬式用練習球(1ダース) R462PRD 12個","715","59","","9","¥ 6,893","¥ 6,893","1","B0C6YNMPPK","B0CGQLFT28","31.1","23.1","8","2070"
"OLIGHT(オーライト) Oclip Pro LED懐中電灯 クリップライト 3つの光源 ダイヤル切替 500ルーメン 小型 防災(ブラック)","716","85","100","568","¥ 5,356","","1","B0DJ6RV7FK","B0GLYSRPQF","12.3","6.1","3.9","90"
"非常用トイレ 簡易トイレ トイレのミカタ 15年保存 凝固剤 消臭 抗菌 医師・防災士推奨 防災トイレ アウトドア 災害 備蓄 IPIC SONAE (組み立て式 ダンボールトイレ + 簡易トイレ 60回分 2点セット)","781","33","","","¥ 6,760","","1","B0GXFLPB6K","B0GZ6LHCHC","25","19","19","3000"
"バタフライ(Butterfly) 卓球 ラバー ザイア03 ハイテンション裏ラバー 回転 球持ち ブラック 2.5 06140","732","82","100","105","¥ 10,728","¥ 10,728","33","B0FSR4D57G","B0FSR4WTBJ","18.5","17.6","1.1","90"
"アイリスオーヤマ 防災グッズ ベッド マットレス キャンプ 用品 寝袋 ABD-1N×4個","698","70","","7","¥ 9,981","","2","B085Y84HRB","B0D6FZ6TR4","50.5","39","36.5","9180"
"JIKABI JAPAN マルチグリドル キャンプ アウトドア 鉄板 【日本正規品】 (蓋付き5点セット,33cmセパレート)","786","62","50","1006","¥ 5,382","","1","B0F2WMFVL7","B0D8PYHMDT","42","34","11","2800"
"GOGlamping 六角伸縮ポール260 タープポール テントポール 多段階調節可能 【強化されたA6061アルミ製】2本セット 専用収納バッグ付き キャンプ アウトドア キャンプ工具 設営簡単 (調節高さ142～260cm)","735","72","200","94","¥ 5,584","","1","B0FPWXL1ZT","B0FPX5DNQY","87.2","13","6.6","2600"
"アンダーアーマー（UNDER ARMOUR） パフォーマンスリストバンド 1276991 RYL/WHT ACC （ブルー×ホワイト/Ｆ/Men's、Lady's）","736","86","","15086","¥ 5,776","","7","B075JZ1VS9","B085J8L4FL","23.1","10.7","2.9","30"
"VARIVAS(バリバス) ショックリーダー フロロカーボン 30m 40号 130lb ナチュラル","743","85","","8","¥ 5,506","¥ 5,506","14","B00LF3XORM","B07L5W2JLB","12.4","9.2","3.4","90"
"CAMELBAK(キャメルバック) 自転車ボトル 真空断熱 長時間保冷 ポディウム ステンレス 530ml ブラック","745","83","50","2350","¥ 5,648","¥ 5,648","5","B0CJSLZXPC","B0FBFQ6GL1","22.2","7.1","6.9","310"
"Coleman(コールマン) チェア サイドテーブルデッキチェアST オリーブ 2000033809","746","87","100","2114","¥ 5,310","¥ 5,310","7","B07H38HX1G","B0BW37BQNP","78.5","55.6","14.9","5160"
"ダイワ(DAIWA) クーラーボックス ライトトランクα ZSS3200 シャンパンゴールド 釣り 32リットル","748","85","100","266","¥ 32,475","¥ 32,505","14","B083WG4BM9","B08CXZS1PH","71.6","35.9","35.9","7360"
"【Amazon.co.jp 限定】 キャプテンスタッグ(CAPTAIN STAG) 【18個セット】 保冷剤 氷点下コールドパック 氷点下-16℃ 長時間保冷 繰り返し使用可能 Mサイズ UZ-13383","750","39","","130","¥ 12,331","¥ 12,331","1","B0F1MBFR6R","B0FDKXXXSJ","33.5","27","26.5","13700"
"ENDLESS BASE 《めざましテレビで紹介》 テント ワンタッチ RENEW 幅200 2-3人用 43500002(88859)","965","82","500","736","¥ 5,499","","1","B08X4L5HM2","B0F6X725LB","60.5","59.5","7","3090"
"キャプテンスタッグ(CAPTAIN STAG) アウトドアチェア グランドチェア 座椅子 リクライニング フィールド座椅子DX 収納袋付き ブラック UC-1919","758","90","100","27","¥ 5,628","¥ 5,628","5","B0G28R273G","B0G33QJGY5","63","19","13","840"
"ライシン ヘリックスミラー 1kg刻み 32kg シルバー 2個セット 可変式 ダンベル メタルダンベル","759","82","50","83","¥ 59,330","","1","B09STTZ4TM","B0GFP28C2J","110","27","25","68000"
"クイックキャンプ テント タープ マルシェ マルチウエイト 6kg ブラック 4個セット 重り おもり 重し 固定 アウトドア イベント 看板 片手","768","64","700","767","¥ 5,200","","1","B07G3H9HRP","B09XXVDSK3","48","24","11","20000"
"TrustトラストゴルフボールAurora(オーロラ) 被らない 目立つ 飛ぶ 曲がらない 止まるクリスタルウレタンカバー3ピースリアクティブコア(ツアー系) 4ダース(48個入り) オーロラブルー","771","82","50","1580","¥ 16,500","","3","B08YQS4HT4","B08KSVBYXR","27.6","19.6","9.9","2550"
"KASIMO エアーベッド 電動エアーマット 電動ポンプ内蔵 【TPU素材&自動膨張】エアーマットレス 厚手 キャンプマット 空気ベッド シングル","776","85","700","499","¥ 8,795","","1","B0G18SG14X","B0G18TL52T","29.9","18.9","18.9","2250"
"2026最新 ステッパー ツイストステッパー 八の字 ひねり運動 ステップ台 健康器具 静音 コンパクト 筋トレ 有酸素運動 足腰 室内運動 ダイエット シェイプアップ 宅トレ 運動不足解消 トレーニング ながら運動 初心者 高齢者 more""felice"" ボディメイクジャパンチャンピオンMAKO監修","788","80","500","180","¥ 6,102","","1","B0FJQRZZJB","B0FJQKPYG7","42.5","35","20.5","6100"
"BRIDGESTONE(ブリヂストン)ゴルフボール TOUR B XS 2024年モデル 12球入 コーポレートカラー S4CXJ","789","94","100","425","¥ 5,000","","12","B0CSP211SN","B0G52BCGJ3","20.1","15.1","5.2","650"
"キャロウェイ(Callaway) ゴルフボール ERC SOFT 25 TRUVIS 3ピース構造 トゥルービス・ホワイト","794","88","100","139","¥ 5,475","¥ 5,475","4","B0DHT5C1L8","B0GMJNTJFD","28.3","14.7","11.8","1819"
"[PYKES PEAK] パイクスピーク ウェーダー 釣り ラジアルソール チェストハイ サーフ 選べる2タイプ 完全防水 PVC 内側がベタつかない","815","81","50","226","¥ 5,480","","2","B0D53T77HJ","B0D53WBQ85","42","32.9","15.2","2660"
"TIGER NEW ポイズンリムーバー カップ2個入・安心パック (透明カップ（10本セット）)","817","64","","1","¥ 7,680","","4","B0CW1QFPT8","B0C53588VS","21","16.6","9.7","430"
"【プライム上場企業】 アルインコ(Alinco) (ALINCO) フィットネスバイク エアロバイク クロスバイク マグネット負荷 トレーニングバイク 静音 8段階負荷 折りたたみ コンパクト収納 軽量 タブレットトレー付 組立簡単 AFBX4123AG グリーン","825","86","200","537","¥ 17,990","¥ 17,990","1","B0C42YH4JT","B0FFLXS8BT","94.5","41","21","16800"
"【プロアスリート愛用】uFit Training Mat トレーニングマット 15mm 90*200cm ブラック 厚め 幅広 大きめ 滑らない","827","75","200","1699","¥ 7,980","","1","B0C4XWKCVR","B0CHXVV8JZ","90","18","18","1940"
"PROVROS(プロブロス) 折りたたみ自転車 20インチ シマノ6段 カゴ LEDライト ミニベロ P-206 (マットアイボリーホワイト)","828","66","50","925","¥ 14,230","","1","B0CNK7W83X","B0B5D23WKC","78","67","32","18000"
"釣り用オモリ シンカー セット (20kg) 六角おもり 釣り 海 川 船 舟 つり フィッシング おもり オモリ 錘 六角錘 釣り用 六角 小田原 TSUNEYA (20kg, 30号)","839","32","","","¥ 17,400","","1","B0FG24QN22","B0GPWNV7SS","21.9","16","3","20000"
"[公式] ソーダストリーム ガスシリンダー 60L 2本セット(新規購入用) ブルー sodastream","840","75","400","4035","¥ 6,480","","1","B07BS1HJG5","B0BS1H52XH","38","12","7","2000"
"ケイテック(Keitech) スイングインパクトサンギル SW35454 3.5インチ","842","59","","548","¥ 8,538","","1","B079S4NYKM","B0B2HQN625","11.4","3","3","522"
"DesertFox キャンプテーブル アウトドア テーブル 折りたたみ 120cm 3段階高さ調整可能 単品/セットピクニック レジャー キャンプ用 折畳み コンパクト 収納 簡単組立006 (銀，120cm×2)","856","52","50","939","¥ 6,799","","1","B0GDFZHJTL","B0GW8G757S","63","63","15","9130"
"KABUTO(カブト) 自転車 ヘルメット RECT(レクト) マットブラック サイズ:M/L(頭囲:57~60cm) JCF公認","857","90","200","2005","¥ 6,682","¥ 6,682","16","B0CZCV2K55","B0DWDH6SS3","29.8","24.1","19.3","600"
"スマートリング 健康管理 【新登場 & 長時間使用可能】 Android/Iphone対応 睡眠管理 スマート指輪 ヘルスケア 睡眠計測 8種類運動モード 3種類データ測定機能 IP68防水USB磁気充電 カメラ制御 小型 超軽量 カロリー 運動距離 歩数計 活動量計 smart ring 男女兼用 日本語取扱説明書 磁気充電ケーブル付き (ブラック, 11号(64.6mm))","864","84","100","804","¥ 5,556","","2","B0GQ9GF92X","B0H5Q2TMKK","7.6","7.5","4.4","70"
"OLIGHT(オーライト) Oclip Pro S EDC 懐中電灯 クリップライト 多機能 5つの光源 小型 600ルーメン 防災(ブラック)","868","90","200","125","¥ 5,690","","1","B0GQGY6CMW","B0GYS17115","12.1","6","3.7","100"
"SoomloomキャンプランタンLumina5000懐中電灯2wayタイプLED充電式サイトランプ照明メインランタン防水軽量雰囲気作り5000mAhLi-ionリチウム充電電池USBType-C充電/出力ポート逆充電調光可能キャンプアウトドア防災照明","881","64","100","61","¥ 5,970","","1","B0DQPMWYRQ","B0DQPNY4S3","19.3","12.8","7.7","410"
"LESIR ダンベル 2個セット、2kg/3kg/4kg/5kg/6kg/7kg/8kg、ピンク/ブルー/レッド、ホームトレーニング用 (8kg)","883","27","","51","¥ 5,780","","1","B0GLQGTRF8","B0GLQPVDKH","30","25","25","16572"
"【Suica対応】Fitbit Charge 6 トラッカー コーラル／シャンパン ゴールド スマートウォッチ/防水/iPhone対応/アンドロイド対応/最大7日間のバッテリー/GPS搭載/心拍計/睡眠スコア [日本正規品]","973","88","50","1286","¥ 21,420","","1","B0CJB91XHG","B0CJMBX5Y7","17.1","9.4","4.6","150"
"シマノ(SHIMANO) スピニングロッド 23 ルアーマチック ソルト S86ML (ソルトルアー推奨モデル) エギング シーバス タチウオ","898","104","200","110","¥ 7,258","¥ 7,258","9","B0BSRK35NL","B0BW43R7FK","138","12","3","210"
"SOLPEX ジョイントマット エクササイズ 防音 衝撃吸収 ホームジム 大判 ジムマット 60cm×60cm×1.2cm 6/24枚 キズ防止 高硬度 振動吸収 床保護 抗菌 トレーニング器具用 サイドパーツ付 (12枚 BLACK)","899","77","100","3369","¥ 5,083","","2","B0BBVVXLB8","B0H1VYKNSS","63","63","14","3400"
"シマノ(SHIMANO) スピニングリール 25アルテグラ 4000XG","908","98","100","43","¥ 16,409","¥ 16,409","10","B0DSP24SK9","B0DSZVSDK8","17.5","14.3","10.4","440"
"MOJEER ダンベル【2個セット1kg 2kg 3kg 4kg 5kg 6kg 8kg10kg】【 選べる4色】 筋トレ ダイエット 鉄アレイ ソフトコーティング JS (青, 10kg×2)","1038","71","","968","¥ 5,999","","1","B0FHFYCLY5","B0FG6BCB3K","40","20","20","20700"
"ファイテン(phiten) パワーテープ X30 500枚入 大容量 業務用 新加工技術採用｜ボディケアテープ テーピング｜肩 首 腰 膝 ふともも ふくらはぎ こめかみ｜リカバリー リラックス サポート スポーツ アスリート｜プロランナー 吉田響選手/柔道家 角田夏実氏 愛用商品","870","60","50","1","¥ 14,313","¥ 14,313","3","B0GV9RT8F8","B0GW2ZP27S","17.2","7.3","2.9","80"
"BUNDOK(バンドック)ソロドーム 1人用 キャンプ&ハイキング BDK-08KA カーキ","921","79","100","2203","¥ 13,980","","4","B07VN86DXB","B07W6MN4F6","41.4","17.1","16.5","2040"
"[Fungoal] ビブス ゼッケン 1-21番 21枚セット 子供用 大人用 3サイズ 11色 収納袋付き [ブラック 黒] [ユース 中学生]","1596","19","","74","¥ 10,380","","1","B0FTSG5DBX","B0GL1HQQTZ","35","28","8","1600"
"アイリスオーヤマ カセットコンロ 36本セット（3本入り×12個セット）IGB-250B","933","65","","337","¥ 6,980","","3","B0DKNBKVYZ","B0GVDPKRW6","20.5","19.6","6.9","1130"
"モザンビーク キャンプ アウトドア レジャー 車中泊 極厚20mm【何年も使える耐久性 (MODIFIED ALUMINUM FOAM2枚)","943","65","","","¥ 9,000","","1","B0DDCQ25Z2","B09BQGYKCP","56","13","12","450"
"[ARENA] アリーナ 【WA承認】 (アリーナ) スイミングゴーグル 競泳用 ユニセックス 【コブラウルトラ】 フリーサイズ ミラー加工 競泳用 トップレーシングモデル AS5SGG02U","935","80","100","84","¥ 5,232","¥ 5,232","4","B0DNPJWMBF","B0DRNVCVNW","18.1","12.5","5.2","70"
"Coleman(コールマン)スクリーンシェード ＤＲ DARKROOM テント キャンプ ピクニック シルバー サンシェード ビーチテント 紫外線対策 通気性 簡単設営 持ち運び便利 運動会 プール","942","94","900","102","¥ 9,190","¥ 9,199","11","B0DKMZCDPG","B0FGX6BYMJ","61.2","15.4","14.8","3040"
"BRIDGESTONE(ブリヂストン)ゴルフボール EXTRA SOFT 2025年モデル 12球入 ホワイト X5WXJ (× 2)","800","41","","201","¥ 6,600","¥ 6,600","","B0FBGQZZD4","B0H2HX57H7","18.9","14.2","4.9","1280"
"JEJアステージ 収納ボックス 日本製 アウトドア キャンプ 踏台 耐荷重80kg 車載 積み重ね [Xシリーズ アクティブストッカー700HX] 防災 幅70×奥行47.5×高さ47cm","947","66","50","2803","¥ 5,509","¥ 5,509","5","B09QLYYZ7D","B0FPBGXVNK","70","49","49","5110"
"HIKENTURE キャリーワゴン 超軽量5.1kg 静耐荷重100kg コンパクト 自立収納 折りたたみ式 ミニアウトドアワゴン","938","72","50","42","¥ 5,578","","1","B0FPXBYDJ3","B0H8T676ZD","44.2","35","17.4","5030"
"Oura Ring 5 （オーラリング 第5世代) シルバー | サイズ 9 - 購入前にサイズを確認","959","103","50","121","¥ 65,800","¥ 65,800","1","B0GRJVBPH3","B0H6ZPR4QT","11.1","10.7","5.3","159"
"PYKES PEAK（パイクスピーク）ゴルフ スタンドバッグ【軽量 980g 全20色】セルフスタンド クラブケース ゴルフバッグ キャディバッグ サブバッグ フード付き 7本収納 メンズ レディース","1029","60","50","4079","¥ 5,980","","1","B07RGJFLH3","B07RDJHTQQ","85.6","21.3","14.4","1220"
"VARIVAS(バリバス) ライン キャスティングMAXパワーX8 300m 3号","1100","80","50","506","¥ 5,640","¥ 5,640","22","B07P3K5VSX","B0CB6KVBXZ","12.9","10.4","2.8","80"
"Coleman(コールマン) クーラーボックス ポリライト オリーブ(Amazon限定カラー) 大容量 45L 保冷力3日 2000034686 アウトドア キャンプ 保冷3日 部活 釣り 水抜き弁付き 防災","993","77","100","1659","¥ 7,425","¥ 7,425","1","B07K1SYDGB","B0BDDYZS9C","64","41.6","33.4","5140"
"Tipkook キャンプ用ポータブルシャワー 充電式キャンプシャワー","996","80","","688","¥ 13,993","","3","B0F9Y7VNGR","B0FKBQYXVD","26.4","19.5","9.9","1102"
"Muc-Off(マックオフ) 自転車専用洗剤・ ナノテックバイククリーナー [Nano Tech Bike Cleaner] made in UK 【日本正規品】","999","72","","18","¥ 5,940","¥ 5,940","1","B09Z1W628N","B08PDM1JL2","18.3","7","4","140"
"2025 TITLEIST(タイトリスト) PROV1 プロV1 ダブルナンバー (１ダース12球入）","1011","97","800","116","¥ 6,250","","27","B0DVLBST98","","19.4","13.7","4.7","630"
"[TORINOX] サングラス ゴルフ LUMIRE（PERFORMANCE MODEL） L9","1024","0","","","¥ 6,300","","1","B0GV97HNPS","B0HGN22BVV","17.9","8","4.7","120"
"【アワード受賞・人気ブランド】 BARWING(バーウィング) ぶら下がり健康器 高さ調整 懸垂バー 筋トレ 懸垂機 ぶらさがり健康器 懸垂","1027","96","600","264","¥ 6,980","","1","B0F8QCNY54","B0H979VKLR","110","36","13.5","13000"
"[HEATTRAP] 爆汗滝汗サウナシャツ ヒートラップ公式 ヒートシャツ サウナシャツ 発汗 サウナ 防臭 着圧 インナー サウナスーツ 引き締め メンズ 単品 カロリー消費アップ 姿勢 着るだけケア ダイエット【正規品カード付】 (M)","1027","61","50","266","¥ 5,480","","1","B0CWH3SL8W","B0H2LWL8PK","24.2","19.8","3.1","190"
"MOJEER ダンベル【2個セット1kg 2kg 3kg 4kg 5kg 6kg 8kg10kg】【 選べる8色】【エコ材質】筋トレ ダイエット 鉄アレイ ソフトコーティング HB (黒,10kg×2)","1034","75","50","682","¥ 5,607","","1","B08F29M1GR","B0FG6ZTNYZ","30.5","30","13.5","19650"
"マキタ(Makita) 充電式空気入れ18V 米英仏バルブ&ボール浮き輪バルブ付 バッテリ充電器別売 MP180DZ ブルー","1035","59","500","3212","¥ 7,507","¥ 7,507","16","B0847DPCZ3","B086JVM436","27.5","18.7","10.8","1250"
"尾上製作所(ONOE) 60本入り BBQお助けシート G-ON-3501 [極厚アルミシート 業務用セット コンロの耐久性向上 後片付け簡単 バーベキュー キャンプ 幅30cm 厚さ0.04mm アルミホイル]","1038","68","","1366","¥ 30,240","¥ 30,240","2","B079LNSHY7","B0CV59TGS9","50","34.4","32.6","19940"
"バリバス(VARIVAS) 8本撚りPEライン アバニ ジギング10×10 マックスパワーPE X8 1200m 12号","1209","84","","8","¥ 29,247","¥ 36,734","15","B0C7KM1HLK","B0CB8MFJGF","16.7","16.5","16.4","870"
"【理学療法士監修】 ドクターブレイン 首が痛くならない 低反発 枕 首こり 肩こり 安眠枕 快眠枕 DR.BRAIN 丸洗いOK まくら カバー付き","1068","55","100","74","¥ 8,880","","1","B0FHGYZMTV","","53.6","44.5","11.4","3250"
"ダイワ(DAIWA) エギングロッド EMERALDAS X 86ML･J","1072","88","100","12","¥ 14,322","","17","B0F9Y6GJVZ","B0FC1V6Y8Z","147","12","7","203"
"GARMIN（ガーミン）GPSランニングウォッチ Forerunner 265 Music Black 【日本正規品】","1074","106","400","726","¥ 49,000","¥ 49,000","8","B0BWF14TBL","B0BX943SYM","31.4","10","6","90"
"Wilson(ウイルソン) テニス バドミントン グリップテープ プロオーバーグリップ V2.0 30個入り ホワイト WR8449901001 ウィルソン","1079","83","50","98","¥ 7,297","¥ 7,595","9","B0DYNQVXBS","B0DZ6HMCFC","22.8","16.1","3","240"
"【国内ブランド】Wolfyok fitness フォームローラー 電動 筋膜リリース ローラー 4000mAh 大容量電池 多種類の凹凸 【意匠権取得】 パワフル振動 筋膜ローラー 振動 猫背 ヨガポール グリッド 多種類の凹凸 ピラティス リラクゼーション 足 腰 肩 首 ストレッチ トレーニング 器具 ウルフヨック フィットネス 収納袋付 プレゼント","1089","83","200","593","¥ 6,880","","1","B0BF8J6KM3","B0HFT71D2D","36.4","14.9","14.8","1640"
"キャンピングムーン(CAMPING MOON) フィールドラック メッシュ キャンプ用 収納ラック スチール製 2段セット 軽量 薄型 ブラック ケース付き T-235-2T","1429","82","50","102","¥ 6,280","","1","B0D6V4NMMY","B0DHD5V7PV","64","38","6.5","4180"
"【プライム上場企業】 アルインコ(ALINCO) ダンベル 可変式 10kg 1個 プレート 重量調節 ラバー素材 フロア保護仕様 凹凸加工 握りやすい 二重固定 筋トレ トレーニング 可変式ダンベル WBF310","1102","58","","156","¥ 6,681","¥ 6,681","1","B0G256M75C","B0D17LTPJG","50.3","38.2","10.2","11220"
"ZEN Camps 焚き火シート 95×95cm 火消し袋 アッシュキャリー Lサイズ セット 防水 耐熱性 難燃性 コンパクト 焚き火 キャンプ","1111","57","","13","¥ 9,737","","1","B0BC5RVXS9","B0BM3KJQX2","34.6","27","5.2","1000"
"TITLEIST(タイトリスト) ゴルフボール26 TOUR SOFT YELLOW DZ (× 3)","1176","20","","32","¥ 11,952","","","B0H2SNST83","B0GJ3CWC17","19.4","13.5","4.7","1860"
"Naboso Neuro Ball ナボソ ニューロボール ライムイエロー","1119","64","500","50","¥ 5,940","","1","B0D9S1CY2G","","8.8","7.2","7.2","190"
"シマノ(SHIMANO) スピニングリール 22 サハラ C3000","1136","96","50","61","¥ 6,812","¥ 6,812","12","B09R8SRQ2F","B09VNXVFLD","15","13.1","9.8","370"
"モルテン(molten) ペレーダ 4000 サッカー サッカーボール 5号球 検定球","1137","77","","86","¥ 5,496","¥ 5,496","32","B0DR2Q8T96","B0DVG4YG5J","25.9","24.2","21.5","440"
"ALLOUT101 PRO-SPEC EXTREME GRIPパワーグリップ【山岸秀匡 完全監修】 (CORE BLACK, XL)","1141","10","","23","¥ 5,980","","1","B0GGR8JH9N","B0GGR5DKDJ","31.2","25.9","3.2","190"
"尾上製作所(ONOE) 20個入り スモークチップ(サクラ) G-ON-1323 [燻製用 業務用セット 薫製 キャンプ お徳用 大容量]","1084","52","","1005","¥ 9,652","¥ 9,652","2","B079LBCRJ2","B0CV5B2Y52","65.1","40.5","22.5","11030"
"【北海道日本ハムファイターズコラボ】シックスパッド 冷感ポンチョ/Cooling Hooded Poncho","1324","49","50","52","¥ 5,500","","1","B0GSFHCYHY","B0GY7PHB6C","24.2","20.7","4.2","210"
"第一精工 高速リサイクラー2.0 フォリッジグリーン 釣り具 リール 糸巻き機 釣りライン巻き ラインリサイクラー 初心者 簡単取り付け","1150","90","300","5853","¥ 5,866","¥ 5,866","25","B0CTT8ZRNQ","B0DJ23LY96","26.9","10","9.6","640"
"Amazonベーシック 椅子 キャンプ アウトドアチェア 折りたたみ ゼログラビティーチェア インフィニティチェア 幅66cm x 奥行90-165cm x 高さ75-110cm ブラック","1154","94","300","29157","¥ 6,614","¥ 6,614","1","B071173FS8","B0D5CPTHFC","93","67.5","12.2","9300"
"Coleman(コールマン)クイックアップシェード DR ビーチテント 持ち運び ダークルーム コンパクト 収納 アウトドア 耐水 紫外線対策 公園 運動会 ワンタッチテント ポップアップ PU防水 ソロテント","1180","83","900","251","¥ 10,900","¥ 10,556","5","B0DKN6KFBQ","B0H1RBDCVQ","58","58","12","2740"
"ダイワ(DAIWA) タックルボックス TB5000HS SWH 釣り ボックス","1183","89","100","135","¥ 6,127","¥ 6,127","15","B0BSWPM31F","B0GN2TC5XK","46.1","32.6","32.3","3260"
"DAIYA GOLF 創業65年の日本メーカー 飛距離アップ 矯正 棒 グリップ 初心者 グッズ 室内 自宅 ドライバー アイアン しなり 音 コンパクト ダイヤシリーズ ダイヤ 今平周吾プロ推奨商品","1187","88","200","1544","¥ 6,210","¥ 6,210","4","B01DBVDMFY","B0GTSBQMNC","71.2","5.4","5.2","640"
"AO Coolers エーオークーラーズ 24パック キャンバス ソフトクーラー ウッドランドカモ 23L","1194","68","50","1194","¥ 12,500","¥ 12,500","3","B08TQQ7MRR","B0F3WRNQW4","64","40","17","1360"
"WAQ キャンプマット 車中泊マット 厚手 8cm コンパクト R値 6.0 特殊ウレタン 軽量 インフレーターマット (ピローセット(TAN))","1409","79","","4356","¥ 9,960","","1","B0BZ8NHHWH","B0G25N1SCZ","66.4","38.9","21.4","3240"
"ニチネン カセットコンロ用ボンベ マイボンベL(48本セット販売)","1202","84","600","1362","¥ 7,375","","16","B00340TG80","","43","41","30","14000"
"【Amazon.co.jp限定】アイリスオーヤマHUGEL 真空断熱クーラーボックス 60L モスグレー 大型","1204","85","50","428","¥ 35,532","¥ 35,532","1","B0F1TS3D7Z","B0FS11HNKH","75.1","47.7","47.7","15470"
"ソト(SOTO) 日本製 CB缶 ハイパワー カセットボンベ アウトドア CB TOUGH 220 12本セット ST-7122 防災","1206","63","","385","¥ 5,940","¥ 5,940","1","B0D2C56GTG","B0FTM82J7S","27.4","21.3","19.9","4190"
"HomeGround ワンタッチ タープテント 3m×3m【センターロック式】組立て簡単!! 専用横幕2枚付属 【高耐水PU+UVカットシルバー塗装】 タープ テント 3段階高さ調整 遮光 遮熱 アウトドア・イベント・運動会 カーキ","1207","93","200","94","¥ 12,330","","1","B0F6V6W2VF","B0FC2GZQNK","117","21","19","15500"
"【TRUST】トラストゴルフボール Panther (パンサー)｜ウレタンカバー・ソフト打感｜まっすぐ飛ぶ 止まる｜BIG MAX 高反発コア｜飛距離とコントロールを両立 | 2ダース(24個入り) イエロー K10","1210","13","","293","¥ 5,500","","1","B0H3HPSRPL","B0FH5MFNSD","19.3","14.1","10.2","1290"
"[スワンズ] 日本製 スポーツサングラス アウトドア Airless-Leaffit エアレスリーフフィット 運転 ゴルフ 釣り ランニング 登山 メンズ レディース 大人用 0051 GMR:偏光スモーク 偏光レンズ","1211","104","200","367","¥ 7,473","¥ 7,473","30","B01M27KFMT","B0B454S37T","16.9","7.8","5.8","100"
"COROS（カロス）PACE 4 ランニングウォッチ スポーツウォッチ AMOLEDディスプレイ ルートナビ対応 超軽量 長時間稼働 2周波高精度GPS USB Type-C 充電対応 音楽 マイク搭載 【日本正規品】","1351","80","50","247","¥ 42,900","","1","B0GS1DYVPM","B0G14G3W25","16.6","8.6","5.3","180"
"ゴールドジム(GOLD`S GYM) トレーニングレザーベルトBK S(65~75cm) G3368 【正規品 ゴールドジムトレーナー愛用】人気 定番 ベルト 黒","1214","87","50","700","¥ 7,150","¥ 7,150","1","B08XX9V1YJ","B09S3SQV2C","27.5","22.3","11.4","510"
"Supaliss 懸垂マシン ぶら下がり健康器 懸垂バー チンニングスタンド コンパクト スリム 高さ10段調節 耐荷重150kg 筋トレ器具","1215","100","300","170","¥ 6,790","","1","B0DK1Z1683","B0DK23ZZ3F","112","36","11","14000"
"【プライム上場企業】 アルインコ(ALINCO) エクササイズフロアマット L 床面保護 衝撃吸収 防音 滑り止め トレーニングマシン ランニングマシン 筋トレ ストレッチ 防音マット トレーニングマット EXM1700","1037","62","","6307","¥ 8,808","¥ 8,808","1","B0G254MT4T","B0CLG9K753","90","12","12","4000"
"GENTOS(ジェントス) LED ヘッドライト 470~800ルーメン ヘッドウォーズ HLP-2501/HLP-2502/HLP-2503/HLP-2504 単3電池・専用充電池 プロユース向け","1217","88","100","141","¥ 7,171","¥ 7,171","9","B0DWVP3YT7","B0DWWZKFZK","10.8","10.5","9.4","330"
"キャロウェイ(Callaway) ゴルフボール CHROME TOUR X 24 360 YLW STRIPE 4ピース構造 360°イエローストライプ・ホワイト","1218","107","200","89","¥ 5,150","","14","B0F69K5Q5G","B0GMJ46WV2","19.4","15","4.7","630"
"DUNLOP(ダンロップ) 硬式 テニス ボール St.JAMES (セント・ジェームス) 4球入× 15ボトル(60球) STJAMESJ4CS60 イエロー","1222","83","100","163","¥ 11,451","¥ 11,509","11","B0C1MMFG4T","B0C214H6RS","39.2","31.2","30.5","4540"
"Geum 防災士監修 多機能防災ラジオ 5800mAh USB充電 手回し充電 ソーラー充電 AM/FMラジオ LEDライト スマホ充電 イヤホンジャック機能 SOS AUX 防水 IPX3 リチウムイオン電池 ポータブルラジオ 防災グッズ 単4乾電池 軽量 コンパクト 被災地 地震 台風 懐中電灯 安心の説明書 防災ガイドブック付き Geum016 (ブラック)","1394","60","50","1296","¥ 6,580","","1","B089Q5KBLG","B089PQXD3C","24.9","12.9","9.6","680"
"Mixiu 折りたたみ自転車 20インチ 軽量 折り畳み自転車 高炭素鋼フレーム 滑り止めタイヤ カゴ・ベル・ワイヤーロック付き 通勤通学 男女兼用","1495","92","100","25","¥ 12,980","","1","B0GL37BCMY","B0GTRDNG7L","78","65","35","29150"
"simPLEISURE 固形燃料 30g (燃焼時間約22分） 小袋大量セット販売 アウトドア 鍋料理 着火剤などに 業務用に オリジナル揮発防止携帯用アルミチャック袋付 80個セット qa100053b04n0","1189","53","","253","¥ 5,795","","1","B09Y1B772B","B09Y18GK2B","28","20","12","2413"
"CampWild アウトドアチェア リクライニングチェア 折りたたみ アウトドアチェア オットマン付き 無段階 角度調節 軽量 耐荷重122kg 組立不要 ゼログラビティー/無重力/インフィニティチェア 庭/花見/砂浜/キャンプ/戸外用(ブラック)","1240","101","200","202","¥ 6,655","","1","B0DH17C921","B0DH1VDW64","91","68.3","14.4","7820"
"KaRaDaStyle 体操マット 折りたたみ ストレッチ エクササイズ 筋トレ 子供 プレイマット 運動 新体操 鉄棒 ヨガ スポーツ 防音 家庭用 180×80×5cm (ブラック/3段折り)","1296","57","50","1622","¥ 6,912","","1","B0784W9BL3","B09Z1THYTT","82.8","61.5","16.8","3311"
"FUDIA クッション入り 折りたたみ椅子 コンパクト【ふかふか座面で長時間快適】ねじらず直感収納 実用新案登録済み 軽量 テーマパーク 運動会 花火大会 行列待ち ケース一体型 日本語説明書付 (2脚セット ブラック）","1246","26","","79","¥ 6,300","","1","B0H9B8B2PJ","B0H9B3RYWH","33","11","8","480"
"尾上製作所(ONOE) 20枚入り バーベキューネット2923 G-ON-1473 [約29×23cm(M用部分網) コンロ替え網 使い捨て バーベキュー BBQ 干し網 焼き網 クロームメッキ 鉄 キャンプ]","1248","62","","712","¥ 8,068","¥ 8,068","2","B079LBKKX4","B0FSQWW8QQ","33.2","27.4","11","4740"
"2025 TITLEIST(タイトリスト) PROV1x プロV1xダブルナンバー (１ダース12球入）","1270","111","400","81","¥ 6,150","","30","B0DVL9MVX6","","19.2","13.9","4.9","640"
"【特別版】ローリングス(Rawlings) 大人 一般 野球 グローブ GRXASPLN55 11.75インチ 軟式 オールラウンド キャメル 右投げ グラブ","1271","88","100","879","¥ 8,019","¥ 8,019","1","B0863TZVB2","B0H8MYWNB2","32.7","26.1","15.6","450"
"ダンベル 可変式 【重さ調節可能・鋳鉄アレイ】 1kg〜10kg 可変式ダンベル 10kg 2個セット ダンベル 5kg ダンベル 【人気雑誌掲載】 筋トレグッズ だんべる Wolfyok fitness ダンベルセット トレーニング 健康器具 ホームジム 男女兼用","1275","81","100","299","¥ 7,579","","1","B0DJNRJLZV","B0D16PWJ6L","34","24","14","10500"
"Goal Zero LEDランタン ライトハウス マイクロフラッシュ 防災用品 USB充電式 LED ミニランタン 防災用品 150ルーメン 防水 軽量 小型 懐中電灯付 XX1366 32005 正規国内代理店製品","1276","91","300","3192","¥ 5,280","","7","B01IQXDTGY","B0CV7BR91Q","17.3","7.1","4","18"
"BRIDGESTONE(ブリヂストン)ゴルフボール TOUR B JGR 2025年モデル 12球入 イエロー J5YX","1288","90","100","77","¥ 6,380","¥ 6,380","20","B0FD3Q5WP4","B0GXXM4X1S","18.9","14.4","4.7","650"
"Homwarm トランポリン 室内 大人用 静音 エクササイズ 家庭用 省スペース 外カバー取り外し 洗濯可能 高反発な3層スプリング構造 収納便利","1294","60","50","2183","¥ 6,980","","1","B0B469Z5TT","B0B46FSRYZ","51","51","21","6000"
"ALLOUT ニースリーブ【横川尚隆選手 愛用】膝への負担を軽減 膝サポーター 筋トレ スクワット 7mm (レッドロゴ,XL)","1305","71","50","169","¥ 5,680","","1","B0CXP36RFD","B0HCML6TS9","39.3","29.9","4.2","400"
"PROIRON ダンベル可変式 20kg 純鋳鉄 10kg 2個セット コネクション・チューブ（延長用シャフト）でバーベルにもなれるダンベル ホームジム 筋トレーニングとウェイトリフティング用 （合計20kg）","1306","94","100","14078","¥ 6,188","","1","B01C9YD3I0","B0FLX44PFL","38.1","19","14","21568"
"シマノ(SHIMANO) スピニングリール 24 ツインパワー 4000XG","1311","104","100","77","¥ 39,362","¥ 39,362","15","B0CRXVZRJJ","B0CS637QK4","14.9","13.2","9.4","430"
"防災NET 携帯浄水器 防災グッズ 防災 災害用 備蓄 【日本正規品】3セット","1312","32","","77","¥ 11,740","","2","B0FJHHJ9DN","B0G5YC8ZSW","16.2","13.2","4.9","420"
"ROOMFIT スピンバイク フィットネス 有酸素運動 静音 家庭用 ダイエット フィットネスバイク 身長145㎝対応 （折りたたみ不可)","1313","45","","6","¥ 32,999","","1","B0GTW3HDMR","B0FTW61DY6","115","40","21","14000"
"グロング ダンベル プレート バーベル 15kg 2個セット シャフト径28mm 筋トレ アイアン GronG","1322","58","100","370","¥ 8,982","","1","B0G12DGYXT","B07SFFD6QQ","39","39","5","15590"
"TIMBER RIDGE キャンプベッド ジェットコット【20秒展開・パーツ組立不要】 折りたたみ L190.5*W66*H15.5cm 耐荷重102kg キャンプコット きしみ音ない コンパクト 持ち運び簡単 沈み感ない 安定感","1329","55","50","494","¥ 8,999","","1","B0C3C5HC3K","B0D49ZP4S4","52","28","25","10000"
"東海 チャッカマン ターボ 10本組 グリーン イエロー 耐風 高火力 ロング 点火棒 チャイルドロック付 抗菌 アウトドア 日本製","1791","68","","16","¥ 5,390","¥ 5,390","1","B0834CXTL1","B0CNG6DDCJ","37.6","32.6","6","1060"
"モルテン フリスタテック バレーボール V4M5000","1333","85","600","1087","¥ 5,592","¥ 5,592","44","B0036NJ3CE","B08X399BZR","25.8","23.8","19.7","250"
"GD IRON GRIP 12Lv AL 握力器 ハンドグリップ 12段階調整 12〜82kg アルミハンドル 握力トレーニング 前腕筋トレ","1340","83","100","3414","¥ 6,290","","1","B09D37NJ6J","B091CG87WW","21.4","13","5","600"
"熊撃退スプレー 熊よけスプレー 熊スプレー【日本企業販売】超強力クマ対策スプレー 300ml（連続噴射30秒）110ml（連続噴射15秒）射程5～10m 安全ロック搭載 携帯収納袋付き ヒグマ・イノシシ対策 自治体・教育機関の購入実績 登山・キャンプ・アウトドア・防災用品 長期保存可能 緊急時用 日本国内発送","1354","70","200","75","¥ 5,378","","1","B0GVSDSJDR","B0GX66VR7J","24.9","8.7","8.1","490"
"尾上製作所(ONOE) あき缶潰し器 つぶすくん8個入り ON-275 ツメ付なのでアルミ缶/スチール缶/ペットボトルが固定され潰し易い スプレー缶のガス抜き機能付き/磁石付なので缶のアルミ/スチール選別がスムーズ スプリング付なので自動に持ち上がる仕様 ガーデニング用品","1354","45","","1128","¥ 19,590","¥ 19,590","2","B079LCTZ66","B0FSPMQK2L","35.8","34","24.4","20120"
"Stepwaver (ステップウェイバー) エクササイズバイクフロアマット Peloton/スピンバイク、トレッドミル、エリプティカル用、高耐久ノンスリップトレーナーパッドは、硬材の床やカーペットを傷、騒音、損傷から保護します。","1292","75","","1303","¥ 9,031","","9","B0DRPQKKY8","B0GX63D8MD","32.2","21.3","7.3","1050"
"AbuGarcia (アブガルシア) ズームサファリ (ZoomSafari) ZMSC-665M パックロッド ベイト ライトロック バス エリアトラウト","1364","76","","62","¥ 10,255","¥ 10,255","11","B08WLL5N81","B0GCZ9ZBGS","59.2","8.4","8.4","640"
"【超広角・17時間点灯】 ヘッドライト LED 充電式 ネックライト センサー搭載 防水 軽量 神奈川県発ブランド 2個セット 黒色","1007","70","","892","¥ 5,960","","1","B0CRR1Z7XG","B0CY9VJP18","18.4","16.2","7.9","410"
"Colantotte(コラントッテ) ループ クレスト プレミアムブラック ABAEF53M","1375","94","100","728","¥ 6,000","¥ 6,000","15","B06XJTRXML","B0CP9CFZBX","15.9","4.7","4.3","40"
"Coleman(コールマン) レイチェア NX 18(ヘザーグレー) アウトドア キャンプ 収納ケース付き リクライニング 屋外 椅子 リラックス 持ち運び ベランダ 通気性","1385","109","500","192","¥ 11,800","¥ 13,538","9","B0DMJK4H73","B0GHQ4CFJ3","75.1","24.8","16.4","4860"
"キャロウェイ(Callaway) ゴルフボール CHROME TOUR 24 TRIPLE TRACK 1ダース(12個入り) 4ピース構造 トリプル・トラック ホワイト","1398","100","100","363","¥ 5,170","","10","B0CJK2P78G","B0GMJBC2LB","19.5","14.4","4.9","640"
"【プロアスリート愛用】uFit Performance pole ストレッチ用ポール 98cm クールブラック 痛くない 使い方動画 日本ブランド","1413","82","200","692","¥ 6,980","","1","B0BRZDH2MB","B0C4D3HDPP","99","16","16","1000"
"GARMIN(ガーミン) vívosmart 5 Black S/M バンド型スマートウォッチ 【日本正規品】","1417","119","100","895","¥ 17,200","¥ 17,555","4","B09XGYX7JF","B09YHKG66D","23.5","17.5","10","260"
"【プロ登山家との共同開発】 インナーシュラフ （従来品より55gも軽い超軽量） インナーシーツ 寝袋 封筒型【国内検査済みの素材を採用】 キャンプ 登山 山小屋泊 車中泊 bunny’scamp (パープル)","1421","72","","425","¥ 5,390","","1","B0C6F787Q7","B0B868Z8BD","26.2","11.4","10.5","430"
"ゼット(ZETT) Tシャツ ネオステイタス ホワイト M","1425","92","","41","¥ 6,514","","3","B0C584M1TC","B0GQSC99TF","38.1","27.2","4.7","360"
"尾上製作所(ONOE) 20枚入り クッキングネット丸250 G-ON-241 [直径 約25cm 業務用セット バーベキュー BBQ 干し網 焼き網 クロームメッキ 鉄 焼き網 キャンプ 魚焼き 金網 七輪]","1426","73","","580","¥ 7,938","¥ 7,938","2","B079LFHMLH","B0FSQ3JR8Q","29.4","27.6","10.2","3060"
"Mixiu 折りたたみ自転車 シマノ7段変速 高炭素鋼フレーム 20インチ/24インチ リアキャリア・カゴ・ライト・ワイヤーロック・空気入れ付き","1427","82","50","39","¥ 16,980","","1","B0GL2LJDGS","B0GT1JNFDK","85","74","33","35400"
"EENOUR ゴルフレーザー距離計 U1 超小型 最速0.02s測定 3点間距離 7倍望遠 高透過単レンズ (LCD黒表示 U1, ブラック)","1430","89","100","230","¥ 15,979","","1","B0F5HN6F3K","B0FC26W22R","16.7","9","7.2","400"
"WUBEN(ウーベン) G5 懐中電灯 EDCライト ミニライト 小型フラッシュライト 400ルーメン USB充電式 小型 軽量 LEDライト 充電式","1214","86","50","1149","¥ 5,500","","1","B0GCFYYSW1","B0GKF15VDV","9.7","9.1","5.4","140"
"リーボック エクササイズポール ストレッチ ヨガ ピラティス ポール フォームローラー ピンク","1673","56","","158","¥ 5,382","¥ 5,382","1","B0F9PDTR97","B0FCFJWXGY","93","15","15","1080"
"バリバス(VARIVAS) 9本撚り PEライン アバニ ジギング10×10 マックスパワーPE X9 600m 3号","1806","70","","17","¥ 14,171","¥ 14,171","13","B0CPS433VS","B0CQ4RPTS9","13.6","10.6","3.4","130"
"VOLIX トレーニングベルト【マイクロファイバーレザーで生地がやわらかく体にフィット】リフティングベルト パワーベルト 筋トレ (レッド, S)","1438","61","","289","¥ 6,580","","1","B0D7SMVBB6","B0DLV9SJ1K","32.4","14.8","11.2","480"
"DesertFox キャンプ テーブル アウトドア ロールテーブル コンパクト 折りたたみ式 軽量 無限拡大 連結可能 ハイキング BBQ PZ (スタイルA，177cm)","1439","70","","453","¥ 5,998","","1","B0CWTWK6C1","B0DL4ZSTFX","41.2","29.8","13.8","6200"
"まつうら工業 屋内外用 路面反射ラインテープ 幅150mm 長さ5m 白","1444","15","","1054","¥ 8,286","¥ 8,286","12","B013DHKPJM","B07BFZBP28","15.6","13.7","13.7","2168"
"シマノ(SHIMANO) スピニングリール 23 ストラディック C5000XG","1451","114","100","91","¥ 23,097","¥ 23,097","5","B0CBK1CGK7","B0CGCTHF1T","17.4","14.5","10.2","440"
"IRONMIND キャプテンズ・オブ・クラッシュ ハンドグリッパー No.2 (195 lb. 約88kg)","1457","78","50","11433","¥ 5,080","","3","B0002U49CS","B017CQ09MI","21.5","13.7","2.1","220"
"VICTORINOX(ビクトリノックス) ネイルクリップ 580 カモフラージュ 爪切り つめきり 防災グッズ カーブ刃 はさみ つめそうじ付き つめやすり搭載 8機能 防災グッズ 救急 ステンレス鋼 さびにくい コンパクト 【国内正規品】 0.6463.94","1641","77","","4022","¥ 5,445","¥ 5,445","1","B00K3LGZEQ","B0DFWBHT1C","10","5.2","1.8","31"
"[Shakti] 公式 シャクティマット プレミアム 指圧マット ヨガマット マッサージパッド レベル2 オレンジ Orange 指圧 ヨガ ピラティス ダイエット リラックス 足つぼ フィットネス 針 鍼 正規品","1470","81","200","134","¥ 22,500","","2","B0D8PK613P","B0GGS12PTY","41.7","23.3","10.4","1390"
"Coleman(コールマン) アウトドアワゴンマックス キャリーワゴン 耐荷重100kg 折りたたみ式 自立式収納 キャンプ 部活 合宿 運動会 BBQ フェス","1475","98","600","250","¥ 15,612","¥ 15,612","10","B0BN7SJG3P","","74","44.8","24","13400"
"【あしふみ健幸ライフ】特許取得 足踏み健康器具 ステッパー ズレない 台座付き 健康グッズ 座ったまま 高齢者 介護予防 ギフト（溝タイプ）","1478","89","800","331","¥ 30,000","","1","B08R17G1B3","","42.7","17.4","13.3","1990"
"ヘラクレス(HERCULES) PEライン 釣り糸 4本編み 15色 釣りライン 遠投 pe X4 ライン コシが強い 高強度 高感度 釣り用 ライン 耐久性 汎用性 伸びない 釣糸 アジング エギング 釣糸peライン 4本撚り pe糸 グレー [10号 2000M (40.8kg/90lb/Φ0.50mm)]","1491","54","","14","¥ 7,999","","1","B0928Q7L6Y","B0DZGCQDC5","15","15","11","790"
"【公式ストア限定】シックスパッド Foot Fit 3 Compact /フットフィット3 コンパクト ＋ 公式ショッパー","1742","77","300","71","¥ 38,500","","1","B0GT2QNFBB","B0GY49XQK3","40.5","39.5","15","2040"
"ミカサ(MIKASA) フットサルボール 4号 <国際公認球> 日本サッカー協会 検定球 OrgestA(オルゲスタ) (一般・大学・高校生・中学生用) 手縫い ブラック FS450E-BK 推奨内圧0.610-0.710kgf/cm2","1499","80","","4","¥ 5,185","¥ 5,185","20","B0F5GQPRJP","B0GNSD2WSB","23","23","23","400"
"Smaly バランスストーン マカロンカラー 11個 セット 滑り止め付き 幼児 子供 バランス感覚 運動能力 収納 屋内 屋外 平均台","1506","62","100","233","¥ 5,790","","1","B0CMCQNY82","B0CMCP39XM","42","42","39.5",""
"Coleman(コールマン) クールスパイダープロ/L レッド 2000010394 グリル コンロ 炭 焚き火 鉄板 焼網 簡単設営 火力調節 キャンプ アウトドア ステンレス製 焼き網高さ調節 炭の継ぎ足し BBQ バーベキュー グリル 大人数","1504","97","800","1414","¥ 11,072","¥ 11,072","12","B006WBCTT6","","74.8","37.8","17.4","7640"
"【ツイストステッパー正規品】RE ルネサンス ツイスト エアロ ステッパー SP-200 男女兼用 スポーツクラブがつくった 連続使用 約120分 静音 ツイスト運動 筋トレ＋有酸素運動 商品保証期間5年 (ブラック)","1516","51","50","26","¥ 17,980","","2","B0FHW89MCF","B0DXPKKQHS","43.3","30.7","19.6","8790"
"キャプテンスタッグ ニューアイガー グリドル(L) 600×400mm M-6570","1523","89","50","1028","¥ 5,380","","12","B000GADFBA","B0DQ8DTBWC","67","40.4","6","3860"
"CXWXC 自転車 ペダル フラットペダル ロードバイク/クロスバイク/mtbなど用 リフレクター付 アルミ製（CX-930-GD-US）","1344","59","","5355","¥ 7,090","","1","B08T638D8L","B097BB5JWB","22.1","13.4","3.2","490"
"[レミントン] ライジンギアネックレス ブラック 磁気ネックレス 日本製 【肩こり】【首こり】【こり改善】【こりの緩和】【血行改善】 男女兼用 メンズ メディース プレゼント 全周磁石150ミリテスラ ネオジム磁石150個 長さ調整可 母の日 父の日","1738","82","400","182","¥ 15,444","","1","B0DLKD1F5T","B0DP3S61YK","12","11.9","1","20"
"FURE LOOP（フレループ）『カーブ型スイング練習器具』","1555","29","","55","¥ 9,350","","2","B077922N53","B081VLG8GD","110","23","7","600"
"コット キャンプ 2way 軽量 【高密度1000Dオックスフォード・寝心地も耐久性もあり】 150KG高耐荷重 折りたたみ 小物収納 ハイ/ロー切替可能 wolfyok outdoors アウトドアベッド 通気性 撥水素材 超軽量航空機素材 コット コンパクト 防災 自宅用 オフィス 収納バッグ付き 【国内ブランド】","1574","62","50","767","¥ 8,480","","1","B0BRSNBF5W","B0BVHRT1XH","61.2","17.6","17.5","3190"
"【Amazon.co.jp 限定】 キャプテンスタッグ(CAPTAIN STAG) 【ステッカー付】 テント ポップアップテント ワンタッチ ビーチ UVカット 約2.7畳 3~4人用 ペグ6本・キャリーバッグ付属 アイスグレー CSシャルマン UZ-13368","1575","70","","1","¥ 5,940","¥ 5,940","1","B0F83HQB4F","B0FK9KPCGQ","60","60","10","2560"
"STEADY スピンバイク エアロバイク フィットネスバイク トレーニングバイク・マシーン 家庭用 Zwift アプリ連動 静音 組立簡単 無段階調整","1581","107","100","132","¥ 39,990","","2","B0DT45QJ82","B0GLP5VLTQ","97","89","24","31420"
"KOUNOE(コウノエ) サポーター コウノエベルト骨盤用(レギュラー) 鴻江理論 ブラック(BK00) M KZ4SBL00U","1588","85","100","123","¥ 6,513","¥ 6,513","1","B0DCNPCJC8","B0DNJKQSZ7","23.9","12.1","3.6","140"
"【防災対策にも!】 アイリスオーヤマ 電動エアーベッド 簡易ベッド シングル ベロア調 30秒ですぐ膨らむ 付き 厚み25cm極厚ボリューム 収納袋付き 軽量約3.5kg 耐荷重約100kg 幅99×奥行190×高さ25 ワンタッチで簡単操作 好きな寝心地に調節できる 移動ラクラク 車中泊 アウトドア レジャーキャンプ 急な来客用にも使用できる G100353","1591","98","50","215","¥ 8,800","¥ 8,800","24","B09SHJNL1R","B0D3TW6K5Z","38.5","28.5","12.8","3930"
"YOSUDA 5in1 ダンベル 可変式 3-40kg負荷調整 バーベル ケトルベル プッシュアップバー プレート 筋トレセット 40kg 30kg 25kg 20kg 15kg 10kg 5kg ダンベルコンパクトホームジム 自宅筋トレ 省スペース 静音設計 床傷防止 黒 (20, キログラム, 44, ポンド)","1597","72","200","64","¥ 5,980","","1","B0H4M4ZB6K","B0H4PW6PDV","59.4","30.9","27.2","22590"
"［Grip-Splay］ グリップスプレー バスケットボールプレイヤーのための手に塗るスプレータイプの滑り止め (1本, ノーマル 1000㎖)","1610","23","","968","¥ 13,860","","1","B0BHHQHMFJ","B0CXD48SV4","21.5","9.4","9.4","1500"
"キャリーカート 折りたたみ キャリーワゴン 荷物カート【2色カバー2枚＆固定ロープ】カート アウトドアワゴン 200L 耐荷重250kg 後部展開 ワンタッチ収納 4.7kg 多地形対応","1617","16","50","17","¥ 6,990","","1","B0H98BQ15X","B0HCZ7HWJY","51.5","51.1","16.5","6870"
"RitFit ピラティスリング 14インチ マジックフィットネスサークル 太ももの内側トーニング用","1623","75","","2426","¥ 8,379","","6","B0BJDPQ9G3","B07847ZG1M","44.2","33","6.2","630"
"HAGOOGI ランタン ledランタン 「1台5役・業界最初の焚火色」キャンプ ランタン 防災ライト 夜釣り/地震/停電対策 非常用 (オリーブ)","1624","91","300","318","¥ 8,975","","5","B0FMF1TJ27","B0HG93BC16","31.5","11.8","9.9","1260"
"ソト(SOTO) 日本製 シングルバーナー コンパクト ストーブ 収納ポーチ付 OD缶 ソロ キャンプ 登山 アミカス SOD-320","1627","102","100","982","¥ 6,270","¥ 6,270","38","B00U2TD4RA","B0FTZ8Q9TT","9.9","8.3","5.7","120"
"FEELCAT(フィールキャット) 腹筋ローラーホイール 膝パッド付き 腹筋運動 コアワークアウト 減量 ノイズなし 組み立て簡単 軽量 完璧なホームジム用品 男女兼用 (調節可能なホイール)","2018","40","","18","¥ 6,884","","1","B0FC6KS7ZR","B088WC56ST","35","19.5","5.4","522"
"2026 Topps Series 2 Baseball - Japan Edition","1647","38","700","14","¥ 15,400","","2","B0HBB317DD","","14.2","12.1","6.4","510"
"Hankins レジャーシート 4層構造 厚手 ピクニックシート大判 200X300 軽量 防水加工 収納袋付く レジャー シート 折り畳みやすい コンパクト収納 (XL ネイビー)","1285","59","","275","¥ 5,880","","1","B0BYMPX8RP","B0C89HS9FH","59","22","18.1","1690"
"シマノ(SHIMANO) スピニングリール 24 ヴァンフォード C2500SXG","1653","103","","23","¥ 22,108","¥ 22,108","16","B0D95CY7SQ","B0D9GTVPG8","15.1","13.5","8.9","290"
"NSD Spinner(エヌエスディスピナー) (旧モデル)","1653","43","","675","¥ 11,800","","2","B007MEWW6M","B07FFBCXMM","13.2","12.3","7.8","360"
"シマノ(SHIMANO) 大型スピニングリール 24 ストラディックSW 4000HG","1655","112","50","39","¥ 24,518","¥ 24,518","7","B0D65VQKSQ","B0D7C2HHV8","17.4","14.6","10.4","470"
"Mixiu 折りたたみ自転車 20インチ 軽量 素早く折畳可能 P-O8 シマノ６段変速 高炭素鋼フレーム ハンドル・サドル高さ調整可能 通勤 通学","1658","79","50","126","¥ 13,979","","1","B0D9WHNQCN","B0D9Y3H1G2","78.5","64","34.5","14930"
"PROIRON バランスドーム バランスボール 半球 バランスボード 耐荷重300kg グリーン","1725","72","50","427","¥ 5,083","","1","B0B8BZM2SY","B0B8C1ZR1S","52.9","50.4","11.4","3550"
"キジマ(Kijima) 電動空気入れ ハイパワーモデル エアーポンプ USB充電式/typeC 自動停止機能 車/バイク/自転車/ボール対応 PSE適合品 スマートエアポンプ ステッカー付 6000mAh 3×2000mAh/ 11.1V(22.2Wh)","1906","96","300","98","¥ 5,780","¥ 5,780","1","B0FK4CBDSX","B0G52B67DJ","20.4","11.7","8.8","710"
"キャリー・ザ・サン(CARRY THE SUN) ソーラーランタン レインボー ミディアムサイズ CTSR-M","1665","77","","44","¥ 5,900","","3","B07PHF32XH","B07RN1C9F1","22.4","11.8","2.4","80"
"ROCKBROS 偏光サングラス UV保護 レディース メンズ サイクリングサングラス ワンサイズ","1666","83","","5806","¥ 7,549","","5","B0B7VY5MND","B08CS446TV","18.1","8.7","7.4","159"
"【国内ブランド】【初めてでも使いやすい】 Pin-Eagle(ピンイーグル) ゴルフ用レーザー距離計 手ぶれ補正不要 サーチ機能 高低差測定機能 ミニ 小型 軽量 0.1秒測定 光学6倍望遠 ゴルフ 距離計 距離計測器 距離測定器 計測器 pineagle","1667","85","200","","¥ 11,960","","1","B08112RSRX","B0HGWXQNKB","16.2","10.7","7.1","300"
"【国内ブランド】【初めてでも使いやすい】 Pin-Eagle(ピンイーグル) ゴルフ用レーザー距離計 手ぶれ補正不要 サーチ機能 高低差測定機能 ミニ 小型 軽量 0.1秒測定 光学6倍望遠 ゴルフ 距離計 距離計測器 距離測定器 計測器 pineagle","1667","73","50","1","¥ 19,800","","2","B0GX6BR9N9","B0HGGBPD7H","13.8","9","7.2","330"
"TENCEN カモフラージュネット 迷彩柄 迷彩ネット 偽装網 ギリーネット サンシェード 日除け 風通し 目隠し キャンプ 野外活動 サバゲー 野鳥撮影 狩猟 装飾 グリーン 5×6M","1672","57","","1313","¥ 6,288","","2","B07TXL9BP3","B07SZN43XL","37","28","15","2100"
"バタフライ(Butterfly) 卓球 ラバー ディグニクス 80 裏ソフト ハイテンション ブラック 特厚 06050","1675","104","50","196","¥ 8,100","","9","B07Z5FJ32X","B0822KX7X1","18.5","17.7","1","90"
"BRIDGESTONE(ブリヂストン)ゴルフボール TOUR B JGR Roll-in Alignment 2026年モデル 12球入 J5AXAR","1676","32","200","","¥ 5,800","¥ 5,800","10","B0H93SVNYF","","19","14.3","4.7","640"
"[キャンパーズコレクション 山善] コードレスポンプ内蔵 電動エアベッド 極厚 メッシュ シングル 幅100×奥行200×高さ45cm 注入・排出両方できる ネイビー CGAB-002M(GY/NV)","1677","83","","9","¥ 10,878","¥ 10,878","2","B0DWD4F1J2","B0GVDRVN7V","36.9","33.8","15.4","5060"
"Franklin Sports X-26 屋内ピックルボール - 屋内コートピックルボールボール - USA ピックルボール (USAPA)承認 トーナメントピックルボール - 12個パック ピックルボール - ライムグリーン","1687","67","50","940","¥ 6,356","¥ 7,151","15","B07Q23Q17V","B0D97RPG1Z","31.6","24.3","10.7","570"
"Ledlenser(レッドレンザー) H19R Core ヘッドライト LED 充電式 [正規品]","1688","81","","989","¥ 25,300","¥ 25,300","8","B08F1VT2YS","B0BBDY3FFW","14.7","13.6","8.9","530"
"[BEACOOL] サイクリンググラス (トリアセテートセルロース(TAC)、ネイビーブルー)","1689","64","","165","¥ 6,329","","2","B0DGQBQBQM","B0DGPZD6YK","18.8","9.5","8.2","259"
"DUNLOP(ダンロップ)硬式テニスボールFORT(フォート) プレッシャーライズド テニスボール2球入×30ボトル(60球) DFFYL2CS60 イエロー","1691","89","100","105","¥ 20,922","¥ 20,922","6","B0C1M87CNK","B0CTJH9MG3","48.5","40.8","19.3","5200"
"ニューエラ(new era) ニューエラキャップ 9FORTY MLB ONSPOTZ別注 NYブラック FREE 9Forty A-Frame CS Metal Badge Mlb New York Yankees","1694","61","50","79","¥ 5,170","","1","B0F2SZZZK8","B0F2T27VX2","21.5","20.3","11.5","130"
"【日本ブランド】 LUHANA タープ 正方形 スクエア 難燃性 ポリエステル 耐水圧8000mm ブラックコーティング シルバーコーティング ループ19個 軽量 4mx4m / 3.5mx3.5m / 3mx3m / 4mx3m (サンドベージュ（難燃性ブラックコーティング ）, 4mx3m)","1852","63","50","583","¥ 8,190","","1","B0DG7TM4WR","B0DL9W2MG3","38.9","20.5","12","1800"
"バタフライ(Butterfly) 卓球 ラケット ビスカリア CS 中国式ペンホルダー 攻撃用 24010","1697","89","100","33","¥ 16,195","¥ 16,195","28","B09QXQ2FLG","B0FCS7XX6N","31.3","18.1","4.7","250"
"Wout (ワウト) 懸垂器具 ぶら下がり健康器 [メーカー保証付き] 耐荷重150kg チンニングスタンド 懸垂器 懸垂スタンド ディップススタンド トレーニング器 (黒) 懸垂 マシン","1698","73","200","169","¥ 5,999","","1","B0BYZD2F8P","B0BYZ8ZZZD","61","50","50","14500"
"Bifanuo サップボード インフレータブル スタンドアップパドルボード サップ SUPボード SUPセット 超軽量 安定性 滑り止め サーフィン ヨガ 釣り 初心者 長320cm 幅76cm 厚15cm 耐荷重量145kg SUPアクセサリー カヤックパドル フィン ポンプ 収納バッグ付き 持ち運び便利 (ブルー ホワイト)","1701","89","500","306","¥ 14,998","","2","B0C9Q97MCD","B0C9SSZWP8","86","32.5","25.7","10860"
"POWERbreathe (パワーブリーズ) プラス 重負荷 青【日本正規品 2年メーカー保証】、洗浄タブレット (24ピース) セット スポーツ フィトネス 腹筋 背筋 横隔膜 呼吸筋トレーニング 運動 筋トレ アスリート ボーカル 歌手 肺活量","1704","72","200","76","¥ 14,630","","1","B09JBZCJ13","B09LJ3BHZ3","25.5","18.3","10.1","80"
"DesertFox リクライニングチェア キャンプ椅子 単品/セット 4way 仮眠 昼寝 4段階調整 四季適用 アウトドアチェア クーラーボックス付き 【耐荷重150kg】コンパクト 折りたたみチェア 軽量 イス 【 独自開発のカップホルダー】携帯便利 ピクニック レジャー キャンプ用 TYBB (ブラック，1)","1711","104","300","246","¥ 6,298","","1","B0DFM49M75","B0DFM59HGM","92.4","23.4","22.2","5360"
"Abu Garcia (アブガルシア) ワンショルダーバッグ コーティングホワイト 収納 耐水 釣り","1947","12","","1430","¥ 6,240","¥ 6,240","13","B0GQB6HTJ3","B0GS9CF7KJ","38.2","30.5","10.2","530"
"【Amazon.co.jp 限定】Wilson(ウイルソン) 硬式 テニスラケット [ガット張り上げ済] ウルトラパワー 112 XL ホワイト/パールブルー グリップサイズ2 WR147110U2 エントリー 初心者 レジャー","1718","71","","12","¥ 5,213","¥ 5,213","1","B0CYGN15S1","B0D8WCWGC7","70","27.7","3","320"
"GEAR AID HEROCLIP カラビナーギアクリップとフック（中）キャンプ、バックパック、ガレージ整理用、ブラックとブルー、2パック","1721","64","","7798","¥ 6,509","","6","B0DLLMHV4L","B0GCNSM35G","14.9","11.8","2.7","132"
"AIRHOP トレーニング ジョイントマット 60x60x1.4cm 厚手 2層構造 ゴム層付き EVA製 ホームジム 大判ジムマット 防振 防音 衝撃吸収 床保護【黒青 12枚セット】","1900","71","","1699","¥ 12,999","","1","B0D3FCFJHW","B0D347MHZ4","63.5","63.3","18","14610"
"ダイワ(DAIWA) タングステンジグ ＴＧベイト１２０ ＰＨパールバックゴールド","1724","74","","13","¥ 5,038","","5","B0CRKR53M6","B0DZ5M5BGV","14.4","3.9","1.1","130"
"懸垂マシン 【7in1多機能・改良バー・耐荷重200kg】 チンニングスタンド 高度11段調節可能 Wolfyok fitness ぶら下がり健康器 けんすいマシーン 筋トレ器具 背もたれ6段 アームレスト3段 土台π字型 ディップス マルチバー付き 筋トレグッズ マルチジム 懸垂器具 筋力 筋肉 背筋 腹筋 大胸筋 トレーニング器具 初級者/高級者適用 大人/子供/お年寄り適用 家庭/室内用","1744","105","300","602","¥ 13,979","","1","B09W4ZXJPF","B0DTY7XGKL","116","41","17","24000"
"マクダビッド ショルダーサポート ライト 左右両肩兼用 MVJ M463 BK M","1745","80","50","103","¥ 5,451","¥ 5,451","27","B00I5ESLC2","B07YG3HG6Z","23.8","15.5","5.3","198"
"Colantotte(コラントッテ) TAO ネックレスα ARAN クラシックゴールド ll","1756","96","100","1042","¥ 18,800","¥ 19,297","25","B08DNCYBTP","B09VPB42LW","31.2","22.8","2.3","200"
"GHB Pro アジリティラダー","1758","48","","2378","¥ 6,091","","64","B0CN38RVR1","B0DZNGDWRN","44.7","12.9","4.7","581"
"【公式ストア限定】シックスパッド メディカルコア","1759","82","50","290","¥ 58,300","","1","B0GSFHZ1Q3","B0F5BFL75C","31.6","29.8","6.3","12800"
"RingConn Gen 3 スマートリング｜購入前にサイズキットで確認｜アプリのサブスクリプション不要｜睡眠・フィットネス・ウェルネス｜通知・バイブレーション搭載｜最大14日間連続使用（サイズ14・ロイヤルゴールド）","1762","5","","226","¥ 59,800","","1","B0H5WNKT22","B0H5WHHPTF","16.4","14.8","4.6","352"
"Feetlu 折りたたみ式ヨガマット - 10mmx61cmx183cm、大型、軽量、収納簡単 - ヨガ、ピラティス、ホームトレーニング、フロアエクササイズ用の滑り止め折りたたみ式エクササイズマット","1765","67","","1283","¥ 7,649","","1","B0DRVHRV5W","B0DWSQ2MJH","62.9","15.2","12.1","1338"
"PROIRON ウェイトベスト おもり 筋トレ 加重ベスト 20kg おもり ベスト 重り ベスト 重量ベスト 負荷運動 筋トレ 自重トレーニング","1767","102","300","1205","¥ 5,949","","1","B0BNZWC6CJ","B0CM3GWZCG","40","35","10","20000"
"WAQ Reclining Low Chair リクライニングローチェア WAQ-RLC1 折りたたみチェア リクライニングチェア アウトドア 焚き火 アイアン ドリンクホルダー (OLIVE（オリーブ）)","1918","71","50","699","¥ 8,082","","1","B0CGWBKF3W","B0HFJL1W3C","80","64","12","5500"
"Rawlings(ローリングス)パンツ APP14S04LF ホワイト S","1774","64","","9","¥ 5,122","","12","B0CD74RSD9","B0CMY3B7B8","37.5","27","7","380"
"WAQ エアベッド エアーベッド ワック キャンプ アウトドア 電動エアポンプ内蔵 自動膨張 自動空気抜き アウトドア用ベッド キャンプ用ベッド 高さ40cm 耐荷重150/300kg スリーピングギア (BLACK（ブラック）, シングル)","1780","98","100","91","¥ 14,980","","1","B0GK7627XS","B0HFWGN9T3","58.5","37.1","20.8","7850"
"ダンベル 24kg 40kg (1秒で重量変更) 可変式【 独自規格のプレートロック機構採用でプレートが落ちにくい 】Wout 15＆17段階調節 (ブラック 40kg 2個)","1784","69","","51","¥ 33,999","","1","B0D66N6QH6","B0D66NN9VQ","61","50","50","41000"
"スローフォールウイング 200g 全色9個セット メタルジグ ルアー スロージギング ジギング ジグ 青物 ブリ ヒラマサ 太刀魚 カンパチ ハタ サワラ 釣り具 BAKSTORM バクスト","1840","14","","246","¥ 8,745","","1","B0BP9B8RQ1","B0BP9KZ5R8","22.2","16.7","3.5","1500"
"Hilander(ハイランダー) クライマックスローチェア2 収納袋付 アウトドアチェア リクライニング ST(スチール) ブラック 折りたたみ キャンプ リビング お昼寝 リラックス","1799","109","100","299","¥ 8,980","","3","B0F49JWG7P","B0F4X5H8F7","81.5","63.4","10.7","6290"
"[amepla] アメプラ タイボールズエッグス 背中ストレッチ 指圧ボール ストレッチ器具","1815","32","300","1","¥ 11,000","","1","B0H8SGB3GB","","32.2","15.9","15.8","810"
"ZEN Camps アイスジャグ 1.9L 真空断熱 保冷 保温 氷入れ クーラーボックス アイスコンテナ キャンプ アウトドア (ハーフガロン)","1817","73","200","201","¥ 6,150","","1","B0D8NQ3TL3","B0D8PDSH23","28.4","17.1","13.8","1110"
"ソト(SOTO) レギュレーターストーブ ガス Amazon.co.jp 限定モノトーンモデル ST-310MT","1819","96","300","2078","¥ 7,480","¥ 7,480","1","B077Q99XBS","B0FTM8KH7S","16.5","11","9.5","440"
"[ファイテン] ネックレス RAKUWAネックX50 ハイエンド||| グレー 50cm","2292","27","","7677","¥ 5,980","","1","B09PBBV38N","B0DWWKCJQN","17.1","8.5","1.9","30"
"イワタニ Iwatani 岩谷 カセットボンベ カセットガス CB缶 3P×8セット 燃料 備蓄 防災 CB-250-OR-24G","1832","89","400","819","¥ 6,310","","25","B07S21YQNL","","42","29.3","20.5","9090"
"[チャンピオン] 長袖 UVカット ポリエステル100％ 抗菌防臭 速乾 ワンポイントロゴ ラッシュガード ZIP HOODED SHIRT BASIC SPORTS C3-BS410Z C3-BS410Z-075-L","2402","39","","53","¥ 5,940","¥ 5,940","1","B0FD3QBXCP","B0FQ652JBQ","34.4","22.3","3.7","280"
"パナソニック(Panasonic) リチウムイオンバッテリー 黒 NKY580B02/25.2V-16.0Ah YD-4549","1843","76","100","415","¥ 42,200","¥ 42,200","10","B07B533K72","B0B1DCMCK2","28","13","11","3180"
"モルテン(molten) バスケットボール 天然皮革 貼り 7号球 一般男子 大学生 高校生 中学生 国際公認 検定球 BG5000 B7G5000 ブラウン B7G5000","1848","92","400","948","¥ 11,904","¥ 11,904","37","B07PWNBKFJ","B08CCN3TKY","16.5","16.5","16.5","590"
"iDOO エアーベッド 空気ベッド シングル 電動ポンプ内蔵 フロック表面加工 耐久 安定 エアーマット 長さ188x幅99x厚さ46cm 厚手 人気 快適な寝心地 折り畳み 収納バッグ付き キャンプ 予備ベッド 家庭用 来客 防災用 R-M001","1849","80","300","18274","¥ 11,999","","1","B0FY1W13HB","B0GWTP6F9K","40.7","33.9","17.3","5730"
"Yes4All コンボ三頭筋プレスダウンケーブルマシンアタッチメントセット ダブルDハンドル V字型バー ゴムケーブルマシンアクセサリー ホームジム用","1849","26","","29","¥ 11,660","","1","B0CM9B6Q3K","B0HC3MKM9B","27","26.1","15.1","4722"
"ヘラクレス(HERCULES) PEライン 釣り糸 8本編み 釣りライン 15色 コシが強い 遠投 pe X8 釣り ライン 高強度 高感度 釣糸 耐久性 汎用性 伸びない アジング エギング 8本撚り 投げ釣り 釣糸peライン 迷彩グリーン[24号 500M (113.4kg/250lb/Φ1.00mm)]","2135","68","","116","¥ 5,269","","1","B092Z6MN38","B077ZW7RZ2","12","12","9.8","500"
"ナガセケンコー ケンコーボール公認球 M号 120個 10ダース入り M-10DZ","1871","56","","589","¥ 61,662","¥ 61,662","4","B076M88YCF","B076Q6JFMP","46","39","32","19225"
"CampWild アウトドアチェア キャンプチェア 折りたたみ椅子 カーミットチェア アームレスト付き 耐荷重 150kg 持ち運びが便利 庭園 花見 登山 釣りに適したアウトドア用品 (ブラック 2個セット)","1874","85","200","82","¥ 5,206","","1","B0FG2C56W5","B0FG29XZXC","76.7","54.2","16.1","6000"
"ZAMST(ザムスト) IW-2アイシングセット 肩用 378302","1876","91","50","236","¥ 6,246","¥ 6,246","32","B002WC9CW6","B0B5G3J36D","24.7","19.8","10.2","430"
"AbuGarcia (アブガルシア) マックス SX 2500SH","1886","116","50","34","¥ 5,745","¥ 5,745","23","B0F4QQWH45","B0FBR82652","14.4","13.7","9.1","360"
"ニチバン バトルウィンテーピングテープ 伸縮タイプ 50mm幅 4m巻き(伸長時) 12巻入り 1 個","1886","83","","573","¥ 7,935","¥ 8,188","15","B000PH56IO","B0CLRKBHDD","19.4","13.3","11.4","1238"
"YUREN メンズ用 トレーニングマット幅広 90*200cm 極厚 15mm 高密度NBR 収納バッグ付き (シアン)","1412","51","50","2171","¥ 5,331","","1","B0CX4J7RY4","B0GWD3L2QC","94","21","21","1760"
"DOD(ディーオーディー) いつかのタープ はじめてでも扱いやすい ベーシックな ヘキサタープ waterproof タン Medium オールインワン 延長テープ 標準付属 UV加工済 TT5-631-TN","1891","89","100","4293","¥ 10,169","¥ 10,169","7","B07VF37G57","B0H6Q1DSP8","65","14.5","14","4000"
"[スワンズ] 日本製 スポーツサングラス アウトドア Df.pathway デイリーユース ゴルフ フィッシング ドライビング サングラス 大人用 メンズ レディース 0053 MBK:偏光ライトスモーク 偏光レンズ","1906","78","50","170","¥ 9,726","¥ 9,726","30","B019TCPGDK","B0GY31TFMG","17","7.7","5.7","100"
"サンワダイレクト 拡声器 スピーカー ＆ マイク 一体型 小型 Bluetooth対応 15W 軽量 ストラップ付 充電式 400-SP111","1912","94","200","158","¥ 7,630","","1","B0CT4PCKK3","B0CT7J385J","23.8","7.9","7.1","420"
"スント SUUNTO RUN GPSランニングウォッチ AMOLEDディスプレイ 軽量 デュアルバンドGPS マラソン オフライン音楽 50m防水","1920","85","50","80","¥ 29,700","","1","B0FDQB23PP","B0FRG1DGMZ","23","7.9","3.4","260"
"【ARMOTO】ラッシュガード メンズ 水着 長袖 パーカー レギンス サーフパンツ フィットネス 豪華四点セット[UVカット UPF50+・吸汗速乾] 水泳 水陸両用 大きいサイズ","2747","47","50","230","¥ 5,998","","1","B0BRJNDLJ5","B0BRJNC74D","33","25.5","8.5","900"
"尾上製作所(ONOE) バーベキューコンロCR-LLステンレス CR-LL-ST [焚き火台 キャンプ用品 BBQ コンロ グリル BBQ 七輪]","1933","85","100","371","¥ 6,985","¥ 6,985","3","B07JPHGMJD","B0FSQ3PR5Z","81","41.8","10","4580"
"CROWN SHADES ワンタッチ タープテント 3m×3m サイドシート1枚付キ センターロック カーキ","1939","47","50","431","¥ 18,999","","1","B0G1YFMMDD","B0GLMXSQTC","120","20","19","15000"
"CuteeFox トレーニングベンチ 筋トレ ベンチ【独自設計のプレーチャーベンチ付き】 インクラインベンチ 8段階調節 耐荷重300KG ヘッドレスト付き折り畳み コンパクトダンベルベンチ 収納便利 業務用 家庭用 日本語説明書付き 3D（黒，L）","1941","85","200","114","¥ 5,999","","1","B0GSV9V8SD","B0H3NY13B3","68.5","28.8","25.5","11250"
"ダイワ(DAIWA) 腰巻自動・手動膨張式ライフジャケット DF-2724 ブラック フリー (2024年モデル)","1942","100","300","90","¥ 15,905","¥ 15,905","24","B0DFXP9ND7","B0FWB75QJJ","43.4","18.6","7.7","550"
"モルテン(molten) ペレーダ 4000 サッカー サッカーボール 4号球 検定球","1942","85","50","46","¥ 5,396","¥ 5,396","21","B0DR2PQYYF","B0DVFS418D","19.7","19.7","19.7","400"
"DABADA（ダバダ） 折りたたみ 鉄棒 耐荷重(約)100kg 5段階調節可 室内使用可 子供用 (鉄棒単体, イエロー)","1307","60","","1070","¥ 6,850","","1","B07BMR49PB","B07BMS1GGJ","105","35","10","10130"
"SOXAI RING 2 日本製スマートリング ソクサイリング 睡眠管理 健康管理 最大15日間バッテリー メーカー保証1年 歩数計 100m防水 チタン製 サブスク不要専用アプリ iPhone/Android対応 公式ストア 日本人サポート (ゴールド, 16号)","1952","28","","46","¥ 39,980","","1","B0H4SGCLZ7","B0H4RVHB6J","8.5","8.4","4.4","130"
"ZEN Camps 包丁付きまな板 キャンプ 調理器具 まな板 包丁 セット 折りたたみ 収納 シャープナー付き アウトドア","1954","86","200","123","¥ 5,675","","1","B0DBHFVLM6","","31.9","14.7","4.5","1000"
"SONGMICS バドミントンネット ポータブル 幅5m 調節可能な高さ 1.07 m ~ 1.55 m キャリングバッグ付き","1956","76","","7","¥ 5,880","","2","B0CQT24CY4","B0CLNJNTD3","89","19","14","5000"
"スノーピーク(snow peak) SSシングル 寝袋 コンパクト 軽量 洗える キャンプ 登山 アウトドア 防災 BD-105GY","1957","99","200","573","¥ 6,600","¥ 6,600","23","B07D8VRDM5","B0H6K63LFP","42","38","20","2180"
"Coleman(コールマン) ナチュラルパズルテーブル/120 アウトドア キャンプ バーベキュー ピクニック 折りたたみ 高さ調節 ワンタッチ 耐荷重30kg ファミリー 抗菌","1967","86","200","144","¥ 7,070","¥ 7,070","8","B0CM8MHCV7","B0CTJMGWPF","70.5","62","7.5","5560"
"【新開発】AVOFOREST ペグ チタン製 チタンペグ レーザー一体化溶接 反射材入り 固定ロープ付き 超軽量 高強度 20cm/25cm/30cm/40cm 4本/6本/8本/16本セット テント用 タープ用 アウトドア/キャンプ 用品 岩場 砂浜 砂利 硬い土 草地 (40cmX 8本)","1987","61","","19","¥ 6,070","","1","B0CKSGJQYC","B0CV3LLGF4","41.2","8.8","4.9","790"
"シマノ(SHIMANO) 両軸リール 21 バルケッタ BB 300HG メタルスッテ タイラバ ライトジギング 船汎用","1989","118","100","93","¥ 12,302","¥ 12,302","21","B09BFNFBV6","B09CQH3PRZ","17.4","15.2","8.7","450"
"Sekey キャリーワゴン 特大容量300L 高耐荷重200kg 【荷室長113cm】 超ロング型 【ベアリング内蔵極太タイヤ採用】","1997","90","100","403","¥ 11,975","","1","B0C745N828","B0CHFKQQ6L","66.3","40.3","27.5","14930"
"【 日本正規品 】VICTORIA ビクトリア 10インチ スキレット フライパン 25cm SKL210 鋳鉄 Skillet シーズニング済み… (10インチ)","2043","38","50","12767","¥ 5,580","","1","B01726HDY0","B0CG582HH6","40.9","26.2","7.7","2204"
"ローリングス(Rawlings) 野球用 【公式戦対応】4D8+PLUS ウルトラハイパーストレッチパンツ ショートフィット APP14S01-NN Rグレー L","2006","59","","89","¥ 5,289","¥ 5,606","6","B0FB8PTMSN","B0FDGKWJVP","35","25","5","500"
"GOGlamping HENGEN+スクエアタープTC 正方形タープ ポリコットン 焚き火可 tcタープ【19箇所ループ・特殊防水テープ付き】500mm耐水圧 撥水加工 遮光/遮熱/難燃 ソロキャンプ 軽量 コンパクト キャンプ アウトドア (黒（3.5ｍ）)","2017","70","50","1509","¥ 8,784","","1","B09XB2P7V5","B0BQN1KV3W","48","16","13","5000"
"FosPower (フォスパワー) 緊急 ソーラー ハンドクランク ポータブルラジオ NOAA 気象予報ラジオ 家庭用 屋外緊急用 AM/FM対応 LED懐中電灯付き 読書ランプ付き 2,000mAh モバイルバッテリー USB充電器 SOSアラーム","2024","38","","36275","¥ 9,165","","8","B07FKYHTWP","B0GVVP9J5B","20.2","9.2","7.2","422"
"ガービー(Garvee) ワンタッチ タープテント 3mx3m サイドシート2枚付き 日よけ テント シルバーコーティング UVカット 遮熱 グリーン","2028","42","50","22","¥ 12,818","","1","B0H4G4GC5K","B0H4G4LTN1","126","22.5","20","13100"
"ニッタク(Nittaku) 卓球 ボール 練習用 ジャパントップトレ球 5ダース(60個入り) NB-1366","2058","73","","177","¥ 5,299","","12","B01KH6B6M2","B078ZTMPLF","20.6","20","11.6","260"
"Goture(ゴチュール) Xceed スピニングロッド コンパクト エギング シーバス 青物 イカ釣り 海釣り/船釣り/淡水釣り 86ml-s 2.59m（8.6ft）ML","2035","63","","1556","¥ 8,080","","1","B09K4ZDR4T","B0D76DFWGC","78","7.5","7.5","500"
"Coleman(コールマン) スモーカー コンパクトスモーカー ウッドチップ シルバー 約直径23.5×20.5","2038","98","300","1131","¥ 5,564","¥ 5,564","6","B01N9SMC4L","","24.1","24.1","13.3","1450"
"コンプレフロス コンプレッションバンド フロスバンド 幅5ｃｍｘ長さ2m 2インチ ふくらはぎ 膝 足首 疲労回復 血行促進 マッスルフロスバンド 圧縮バンド ゴム (Heavy) [並行輸入品]","2038","58","100","43","¥ 5,200","","1","B0GNR9J9ZJ","B0FNCM54D1","10.7","8.1","5.4","180"
"THREE STONE 折りたたみ自転車 自転車 20インチ P-008 シマノ6段ギア カゴ ライト カギ付き (パールホワイト)","2039","60","50","3206","¥ 15,380","","1","B0FQNH97X4","B07R7T7P78","78","66.5","33","17800"
"MOON LENCE オガ炭 竹オガ備長炭 一級品 100%竹製 高火力&長時間燃焼&煙無し&爆ぜない 業務用 バーベキュー キャンプ 七輪 炭火焼き用 20kg（10kg2箱） MLZT01","2039","32","","84","¥ 5,899","¥ 5,899","1","B0H457YXM9","B0G2W74FPP","39","34","24.5","20000"
"コンチネンタル(Continental) ロードタイヤ Grand Prix 5000S TR 700x25C Black FB","2051","78","100","1319","¥ 6,930","¥ 9,328","11","B09HS53FYS","B0D69NGWL3","23.3","8.2","7.7","299"
"DEAN & DELUCA(ディーンアンドデルーカ) アルミハンドルクーラーバッグ ブラック","2059","85","200","170","¥ 6,496","¥ 6,496","1","B0DNFS3B2W","B0FJGCS5ZJ","53","33","8","840"
"New-HALE(ニューハレ) テーピング Vテープ すぐ貼れるシリーズ 20枚入り 202007 レッド","2062","90","","376","¥ 5,500","¥ 5,500","3","B074DV2ZSK","B0DL5DVYZ5","28","11","1.8","80"
"Oura Ring 第4世代 スマートリング – シルバー – サイズ11 |iPhone/Android対応 |まずはサイズ確認:専用サイズキット対応|睡眠・心拍・フィットネスを計測|最長8日間バッテリー持続","2075","61","","3280","¥ 36,960","¥ 36,960","1","B0D9WW49PJ","B0FG6QK12D","11.5","11.3","3.7","168"
"【プライム上場企業】 アルインコ(ALINCO) フィットネスバイク エアロバイク エアロマグネティックミニバイク 静音 ペダル 寝ながら 有酸素運動 電源不要 8段階 負荷 ダイエット器具 省スペース 簡単移動 AFB2223AG","2084","95","100","89","¥ 14,578","¥ 14,578","1","B0CN8X32KY","B0C9B73DZK","58.1","39.8","30.6","9680"
"JIEBEIER 折りたたみ自転車 20インチ 軽量 小径車 高炭素鋼フレーム JZXC-01 (ブラック1)","2094","73","100","510","¥ 10,680","","1","B0CZXFRBKG","B0CP5P5CZB","81","63.3","32.5","14000"
"21Technology クロスバイク 6段変速 700×28C [CL266] ホワイトレッドリム","2098","68","","2026","¥ 19,620","","2","B009KF11ZE","B07CQB7TML","132","69","19","15000"
"【型式認定済】電動アシスト自転車 20インチ 折りたたみ シマノ6段変速 最大46km PROVROS P-206E (マットブラック)","2123","107","50","433","¥ 60,060","","1","B0CZMGDTTP","B0CZNJXMF6","88","70","38","27800"
"ケイテック(Keitech) イージーシャイナー スモールマウスマジック 5インチ ES2452","2126","46","","","¥ 8,415","","1","B07DVSVN6Z","B0BZL8Q17L","9.5","8.2","1","15"
"【公式】東京ヤクルト 山田哲人選手 愛用ブランド マクダビッド (McDavid) ダブルニーラップ DS 左右兼用 ブラック ミドルサポート ヒザ サポーター ダブルラップ ステー 圧迫 固定 調節しやすい 通気性 スポーツ 運動 バスケ バレー M4201/S","2144","71","","107","¥ 5,300","¥ 5,300","26","B07QW8T944","B07XGB2P25","28.4","15.2","5.4","200"
"ABCCANOPY ワンタッチ タープテント 3m×3m 2m×2m 組み立て簡単 大型 センターロック 風抜けベンチレーション スチールフレーム 4段階調節 ボタン式 UVカット遮熱シルバーコーティング センターロック 収納バッグ・ペグ・ロープ・砂袋4個付 組み立て簡単 耐水加工 遮光 夏 日除け キャンプ アウトドア イベント 運動会用 豊富なカラーバリエーション ベージュ 3M","2148","78","50","63","¥ 10,780","","1","B0FWK39F19","B0GZZLHYCS","116","22.5","20","15870"
"Gavit ゴルフ練習マット アプローチ練習器具 室内 トレーニング 芝風マット EVAボール 20個 収納袋付き (アプローチ:パター９点セット※自動返球)","2158","76","","6","¥ 6,748","","2","B0FBWWC11P","B0F13WWPHX","34.7","26.8","21.9","2440"
"VICTORINOX(ビクトリノックス) ハントマン ウッド スイス・アーミー ナイフ 多機能 防災グッズ 登山 ハイキング キャンプ はさみ のこぎり付き 13機能を搭載したスイス製マルチツール 小型 コンパクト 十徳 【国内正規品】 1.3711.63","2416","79","","26119","¥ 7,425","¥ 7,425","11","B07B87LBTQ","B0C431YYJ5","9.7","2.7","2.2","100"
"CAMDOOR キャンプ マット エアーマット 厚手 10cm【30秒自動膨張・より広い】R値 6.8 インフレーターマット 車中泊 コンパクト 自動膨張 キャンパー 無限連結可能 キャンプ用品 寝具エアーベッド 防水防潮 安全無臭 持ち運び便利 簡単収納 収納袋付き","2176","104","100","816","¥ 6,332","","1","B0CBTMTB5T","B0C3H1RQ99","70.6","21.7","21.5","3520"
"SILLAID ゴルフレーザー距離計 VM2 mini 最速0.04S測定 (ブラック)","2190","83","200","892","¥ 19,980","","1","B0DS5YK2QW","B0DVYTLXHC","15.8","9.2","7.2","360"
"ZEN Camps 焚き火シート スパッタシート チクチクしない シリコン 耐熱 防炎 黒 キャンプ 芝生保護 【日本ブランド】(95*95cm)","2197","71","","46","¥ 5,485","","1","B0B3X5FPR3","B0CC67RWYB","28.2","17.8","6.1","680"
"Coleman(コールマン) エクスカーションクーラー30QT(オレンジ)","2811","86","50","1004","¥ 6,000","¥ 6,000","4","B0FVF16LD6","B0GFSW7T68","42","38","30","3000"
"アイリスオーヤマ アウトドアテーブル ロールテーブル ウッドグレイン 幅70 折りたたみ式 テーブル 軽量 コンパクト収納 アウトドア キャンプ 高さ調節可 多機能 ギフト プレゼント","2201","98","50","551","¥ 5,963","¥ 5,963","11","B0963RQDRD","B0GGRFWNGX","72","16","13","3460"
"【アワード受賞・人気ブランド】 BARWING(バーウィング) ルームランナー 20個のプログラムモード付 ウォーキングマシン 見やすい操作パネル トレッドミル フィットネスマシーン 折りたたみ 家庭用静音 ウォーキングマシン トレーニングジム (ブラック)","2208","105","200","2590","¥ 34,800","","1","B01FZ9ORZY","B0H27WHK3M","150","65","35","50000"
"シマノ(SHIMANO) 船竿 17 ホリデーパック 20-270T","2216","92","50","88","¥ 8,652","¥ 8,652","4","B071WL1RZT","B08GKL9C4V","57","9","7","400"
"iGPSPORT BSC100MAX サイクルコンピュータセット 3.0インチGPSサイコン サイクルコンピューター Bluetooth5.0対応 ケイデンス・心拍計・パワーメーター対応 ワイヤレス自転車速度計 スマートライト連携 IPX7防水 40時間 Strava同期 Type-C 高速充電 日本語説明書付き","2546","53","","1890","¥ 13,730","","1","B0G1M7L37B","B0HFHYQ42K","17.6","11.8","10.9","390"
"ゼット(ZETT)野球 ホームベース ZBV17B 厚み60mm","2227","54","","2","¥ 24,638","¥ 24,638","11","B00BIA019G","B078K3JHZ9","45","45","7.8","13220"
"【PGA推薦品】Shot Navi(ショットナビ) VELLIX V12 WH ゴルフ GPSナビ 腕時計型 マルチ測位対応 競技利用OK ホワイト","2232","68","","78","¥ 34,832","¥ 34,832","10","B0GXJXC3BV","B0GXK4QDL6","11.7","11.6","7","160"
"OLIGHT(オーライト) Seeker 4 Pro LEDライト 懐中電灯 強力ライト 4600ルーメン タクティカルライト","2233","96","100","406","¥ 12,796","","1","B0CCVGVRNP","B0GLXS78Z3","19.8","8.6","7.8","570"
"VRTX マルチバンド トレーニングチューブ 筋トレ ストレッチ 伸縮性良い 引っ掛けやすい 長さ調整 米特許取得済 3番","2242","84","50","32","¥ 6,966","","1","B0CQZY2Y8Z","B0DDVMKJS3","22.1","19.5","7.4","330"
"[ニューバランス] アンブレラ (LAM55665) UVカット 遮熱 スポーツ傘 長傘 日傘 雨傘 晴雨兼用 スポーツ観戦 ゴルフ 大きい","2607","96","300","71","¥ 5,219","¥ 5,219","23","B0DKSDH5WD","B0H8SF3QX8","90","5.5","5.5","380"
"iClimb(アイクライム) ミニソロ 折りたたみテーブル 超軽量コンパクト(ネイチャー, L)","2994","18","","72","¥ 8,592","","1","B0F9KTJR2B","B09FXTJG3B","39.4","14.4","5.2","739"
"シマノ(SHIMANO) 21 ツインパワー SW 10000PG","2724","99","","22","¥ 59,745","¥ 59,745","17","B08VD7LFDB","B08ZNS1KDB","21.8","18.6","12.2","1040"
"キャロウェイ(Callaway) ゴルフボール CHROME SOFT YLW 24 TRIPLE TRACK 1ダース(12個入り) 3ピース構造 トリプル・トラック イエロー","2250","145","100","76","¥ 5,280","","5","B0CSDFHWKQ","B0GMPS5QZ2","19.3","13.8","4.7","630"
"【UUUM GOLF共同開発】ゴルフレーザー距離計 距離測定器 小型 計測器 手ブレ補正 0.04秒測定 マグネット 三点間測定 U-CADDY","2255","94","200","190","¥ 16,800","","1","B0FD98JC1P","B0FH459C85","10.8","10.1","5.2","290"
"Reebok(リーボック) トレーニングマット 15mm ヨガマット フィットネス ヨガ ピラティス エクササイズ マット 厚め 幅広 防音 ブラック","2369","77","","3046","¥ 5,265","¥ 5,265","2","B08K859WVF","B0CVR8H7WC","80","20","20","1800"
"ヨネックス(YONEX) エアロセンサ600（1ダース） AS-600 3","2264","115","300","64","¥ 6,120","","20","B07NPLS38H","","38.4","6.6","6.4","150"
"YOGOTO バーベキューテーブル bbq コンロ セット 囲炉裏アウトドアテーブル グリルテーブル 大型 アルミ製 軽量 折りたたみ式 ファミリーキャンプ 4〜6人用 耐熱 防錆仕様 コンパクト収納 収納袋付き 円形天板付き(ブラック)","2274","60","100","22","¥ 10,798","","1","B0F8473MRF","B0F847LS9W","70.5","57","11","5770"
"エックスブレイド(X-Braid) アップグレードX8 ペンタグラム 300ｍ 0.6号 (14lb)","2284","74","","388","¥ 5,548","¥ 5,945","8","B08CKBLNJK","B09HKZR6X6","11","9.6","2.6","40"
"スノーピーク マナイタセットL CS-208","2293","101","50","1448","¥ 7,590","¥ 7,590","15","B001UGGDWW","B0DPH1RRD9","34.3","12.6","3.7","880"
"WAQ 2WAY WIDE COT キャンプ コット ワイド 幅81cm 長さ210cm ハイ/ロー切替 耐荷重150kg 折りたたみ 600Dシート (ベージュグレー)","2293","69","","407","¥ 15,980","","1","B0D6K5JPQ8","B0HFVTKM97","62.5","19.8","19.5","4600"
"【特別版】パナレーサー(Panaracer) コンフィー 2本セット 700×28C クリンチャー COMFY ブラック F728-CMF-B-2P","2951","87","","1458","¥ 5,514","¥ 5,514","1","B0CKKV9WT1","B0CKVJ89YY","25.8","25.6","8.5","570"
"FEISEDY キッズ ティーン 野球 偏光サングラス TR90 フレーム スポーツ サイクリング 男の子 女の子 B2454, ブラックスポット-グリーン。, 125mm","2906","44","","4099","¥ 6,462","","1","B0FBR5K5CS","B07KFL5LSC","16.8","7.5","5.8","90"
"Coleman(コールマン) ヒーリングチェアNX HB リラックス コンパクト (オリーブ) アウトドア キャンプ ハイバック 収納ケース付き 運動会 レジャー 屋外 椅子 リラックス 持ち運び","2322","108","200","187","¥ 5,418","¥ 5,418","10","B0C89DX4K1","B0CYBCVDQ9","68.9","21","13.9","2900"
"Spopal キャンプ用ポータブルシャワー [長持ち] 6000mAh 充電式キャンプシャワー インテリジェントLEDディスプレイ付き 4つのスプレーモード IPX7防水アウトドアキャンプポンプ ハイキング 旅行 車 ペット用","2325","65","","966","¥ 12,140","","5","B0D6RJ42M2","B0H3P72WSY","28.9","21.1","8.5","1061"
"シマノ(SHIMANO) PEライン オシア8 300m LD-A71S 10号(68.9kg) 5カラー","2328","85","","274","¥ 9,393","¥ 9,488","10","B0CS6DZSHL","B0CSFXSCZS","14.9","10.7","4","160"
"Origem スクエアタープ 軽量 難燃 耐水圧18000mm 19ループ自由設営 遮光 UVカット ポリエステル キャンプ・アウトドア・登山","2991","53","","107","¥ 6,561","","1","B0FJG11R23","B0FJG4GST3","40.3","19.5","11.4","2120"
"【5/21より値上げ】 【正規品】イトーオリジナルパッド プレミアム〈L・4枚〉アクセルガード 粘着パッド EMS マイクロカレント 交換 消耗品 伊藤超短波 ATmini ツインビート スタイリフト (× 2)","2587","16","","34","¥ 5,720","","","B0GZQ9Y6RN","B0CPSMBXT5","20.2","16.6","1.4","60"
"ダンベル 可変式 【ステンレス鋼製10年以上持たせ・3in1自主開発12角形】 10kg 20kg 30kg 40kg 2個セット 筋トレ器具 【 (意匠権取得) 意匠登録1641845】 バーベルにもなる ダンベルセット バーベル 無臭素材 静音 錆びない 滑り止め 筋力トレーニング 腕立て伏せ ウェイトトレーニン ダイエット 床傷防止 トレーニング 健康器具 ホームジム ダイエット エクササイズ 10KG*2セット 合計20KG ブラック","2351","75","100","180","¥ 8,999","","1","B0DNZ2C7S4","B0DQTKJR2Q","42","28","10","20000"
"TIMBER RIDGE キャンプコット 軽量3kg 数秒セットアップ 折りたたみ 一体式 アルミ+スチール製 耐荷重102kg L190*W66*H15cm キャンプベッド きしみ音ない コンパクト テントコット 持ち運び アウトドアベッド ブルー","2630","40","","556","¥ 6,999","","1","B0CQC582J5","B0BSL3N7GQ","53.7","27.6","16.9","3600"
"【日本国内サポート・2年保証】 リバウンドネット サッカー 野球 サッカー練習 折りたたみ式 屋内屋外兼用 日本語説明書 100cm×100cm","2653","61","","512","¥ 5,679","","1","B0DBGKNBMB","B0DH2MFKRW","64","29","7","3600"
"キャロウェイ(Callaway) ゴルフボール CHROME SOFT 26 1ダース(12個入り) 3ピース構造 トリプル・トラック ホワイト","2722","108","50","37","¥ 5,308","¥ 5,308","22","B0FX34LJT4","B0GL6YNDFW","19.2","14.2","4.9","630"
"【正規品】dakaxka サッカーゴール 折りたたみ ゴール 子供用 サッカー ゴール 室内 屋外兼用 フットサル用ゴール ポータブルサッカーゴール 専用収納袋プレゼント設置用動画と日本語の取扱説明書が付属します こちらの200cm仕様は、二つ折り収納ができません(レンジ2個, 200*130*130)","2713","26","","219","¥ 7,581","","1","B0DMWP7NZF","B0DMWNLGFH","50.6","21","15.2","4470"
"GOGlamping テント コットテント【SKY EYE CT PLUS】 自立式 TC素材 コット用 ソロテント カンガルー式 インナーテント 1人用 ツーリングドーム 3WAYタイプ 軽量 アルミポール 前後出入り口 メッシュ天窓 サイド窓 焚き火可 小型 キャンプ ハイキング バイク自転車 210*80*100CM ブラック","2374","83","50","395","¥ 11,984","","1","B0DSC2L6HC","B0CR9NRKGC","50.5","17.1","16.5","3100"
"Weeday キャンプテーブル アウトドア テーブル 折りたたみ 高さ調整可能 軽量 耐荷重80kg キャンプ用 アウトドア コンパクト収納袋付 防水","2628","75","","89","¥ 5,980","","1","B0FVCSYTFJ","B0HCBYMDKT","66","25.2","21.7","3600"
"エアロゲルソフトクーラーボックス アイリスオーヤマ 15L","2378","51","100","202","¥ 11,307","¥ 11,307","1","B0H4LMXXQ6","B0H7R57JP8","48.7","34","20.3","1480"
"ロゴス(LOGOS) SNOOPY（PEANUTS 75years）ソフトクーラー 86001139","2379","86","100","22","¥ 5,300","¥ 5,300","12","B0DV531JFC","B0FZLVC728","32.3","31.9","11.6","530"
"【Amazon.co.jp限定】ケルヒャー(Karcher) マルチクリーナー OC 3 Foldable Black コードレス USB充電式 水道接続不要 防災/水道より高圧で洗浄(非高圧洗浄機) ポータブルシャワー/折り畳めてコンパクト 軽量 タンク一体型 オプションアクセサリー豊富/軽洗車 海での砂落とし 泥 自転車 エアコンフィルター 1.599-305.0","2381","105","300","126","¥ 19,800","¥ 19,800","1","B0F18SH7KK","B0GTVWYZZK","34.6","32.7","14.7","2880"
"【公式】健康ステッパー ナイスデイ プレミアム レッド [専用ハンドルセット] 【正規品】 負荷調整 カウンター付き 有酸素運動 座ったまま ながら運動 健康 運動 足腰 鍛える 足踏み マシン 器具 ナイスデー Niceday エクササイズ 室内 踏むだけ 筋トレ 専用ハンドル 安心 収納 コンパクト 高齢者 運動不足解消 Shop Japan(ショップジャパン) NICENRAM","2383","85","50","539","¥ 17,721","¥ 17,721","1","B075JBQ2X8","B0GZZRH7MN","62.5","53","51.5","15200"
"エアーベッド エアーマット 4000mAh電動ポンプ内蔵 LEDライト付き 200×150×25cm折り畳み式 自動膨張 ワンタッチで空気抜け キャンプ マット Type-C充電式 取り外し可能 簡易ベッド 防水性・通気性・快適性 収納袋付き 日本語取扱書 来客用/防災用/車中泊/引越し/家庭用/アウトドア コンパクト","2388","26","50","21","¥ 5,998","","1","B0H2881CM7","B0HD5F82K1","36.5","28.5","14.8","4620"
"ARCHNESS 折りたたみ自転車 20インチ 自転車 軽量 シマノ6段変速 カゴ・ワイヤー錠・LEDライト付き 通勤 通学 街乗り 206-1B (ブルー) [並行輸入品]","2487","49","","521","¥ 15,180","","1","B01N4SFM7S","B0CWCWGHSV","82","58","33","18200"
"ソト(SOTO) シングルバーナー マイクロレギュレーターストーブ ウインドマスター トライフレックスセット SOD-311GS (OD缶/安定感・軽量性アップ/高い耐風・着火性能/低温でも火力安定) キャンプ ソロキャンプ 防災 防災グッズ 停電対策 非常用コンロ","2393","99","100","714","¥ 9,355","¥ 9,355","20","B0GX1DZSNN","B0GKM9LF5N","10","8.2","5.9","70"
"(WHITE/BLACK, Large) - Nike J Football Shin Guard","2401","86","","2340","¥ 8,198","","5","B006YBQI0U","B01MTYTU2K","25.4","14","11.4","118"
"KENDO FRESH 剣道 防具 消臭スプレー 【剣士のために開発/日本製】 天然成分100% アルコールフリー 無香料 瞬間消臭 10L詰換え用 (面/小手/胴/垂/道着)","2401","30","","65","¥ 44,000","","1","B0FFGLBW36","B0GFW5F7ZB","20.6","10.2","6","180"
"180個入り クリアグレー ルーポン バレエ 衣裳 ムシ作り革命 Loopon 衣装 ムシ ループ 衣類用 前カン マエカン 鍵ホック カギホック","2772","14","","80","¥ 7,900","","1","B0DDKGVP39","B0H55W5HTK","14.6","10.5","3.1","60"
"ダンロップ(DUNLOP) ゴルフボール スリクソン XMAX2 2026年モデル 1スリーブ増量パック(15個入り) ホワイト","2407","81","","23","¥ 6,270","","2","B0GNZPXNJM","B0GSFB68WG","19.7","18.9","4.9","840"
"ユタカメイク(Yutaka Make) シート #3000シルバーシート 10.0×10.0 SL3018","2408","77","","811","¥ 13,959","","18","B00B4TOMW8","B0C2PCM364","67.5","45.6","20.8","14800"
"テーラーメイド(TAYLOR MADE) TMJ24 TP5x JPN 12個入り ティーピーファイブ エックス ゴルフボール 2024年モデル ホワイト","2410","111","100","80","¥ 5,060","","14","B0CTCMJHF1","B0F42NC88Y","19","13.6","4.7","640"
"MIZUNO(ミズノ) ゴルフ キャディバッグ NX.2 メンズ ブラック 5LJC2322","2412","89","50","97","¥ 13,473","¥ 13,473","3","B0BTSQJWZZ","B0FWJ81S66","94.4","41.8","24.4","3560"
"日本最軽量 Mag Ride イチハチロク 46-50cm トレス 52-56cm SG規格 自転車 ヘルメット 子供用 キッズヘルメット マグライド 幼児 小学生 ストライダー 安全 ジュニア こども用 通学 キッズ 子供 1歳〜3歳 6歳~12歳 ファースト サード ヘルメット (オリックス・バファローズ, M (6歳~12歳,52~56cm))","2275","17","","717","¥ 5,480","","1","B0FKMTW6Y4","B0F534SPVW","30","30","20","200"
"【CellBeat】エアーマット ダブル キャンプ マット・テント マット 200×135×10cm厚 足踏み式ポンプ内蔵 枕一体型 耐荷重300kg","2426","74","100","204","¥ 6,899","","1","B0D8ZDTC84","B0FSRYP9TT","35.4","16.2","11.2","1810"
"KHEALING トレッキングポール カーボン 折畳み【超軽量115g/125g/130G】炭素繊維 登山 ポール 5節 2本セット 110/120/130 cm ハイキングポール 滑り止め コンパクト 遠足 登山用品 徒歩 キャップ 吸湿発散性に 収納バッグ付 男女兼用 オフロード(人気登山ブロガー絶賛推薦！) (純黒リストバンド, 120CM)","2440","93","100","123","¥ 6,499","","1","B0GKGJ2JYK","B0FR4YWS3M","32.6","18.4","7","390"
"BARWING(バーウィング) ぶら下がり健康器 高さ調整8段階 4WAY 懸垂バー 筋トレ 懸垂 懸垂マシン ぶらさがり健康器 筋トレグッズ ぶら下がり健康器 懸垂機 トレーニングベンチ チンニングスタンド きんとれグッズ 筋トレ器具 (3.シルバー, b.プレミアム3年)","3012","41","","514","¥ 19,200","","1","B0GVF2GHZR","B0GVFFVLB8","108","37.5","12","18000"
"コーナンオリジナル SOUTHERNPORT BBQコンロ SP23-1934","2466","76","50","75","¥ 5,590","","1","B0DSPRFX6B","B0FM7WS3LG","100","50","30","2000"
"MUSCLE FACTORY メディシンボール 8kg ソフト トレーニング ボール ウエイトボール 体幹 筋トレ 陸上 球技 フィットネス 筋トレ器具 取っ手改良 陸上 野球 ゴルフ 単品 (ホワイト)","2705","75","","39","¥ 6,690","","1","B0BZNPT4Y1","B0C3QKHDT6","35.8","35.5","35","8660"
"FOUSAE ランニングマシン ルームランナー 家庭用 最大傾斜9% 4in1 1〜10km/h ウォーキングマシン 2.5馬力ブラシレスモーター 内蔵12HIITプログラム コンパクト設計 フルスクリーンLED 耐荷重150kg 男女兼用 付属リモコン","2469","85","300","796","¥ 19,530","","1","B0G5N1CP9F","B0HG91S8N7","122","56","12","18500"
"旧ボウブランド（アクティフ）プレミアムウェットオーバーグリップテープ テニス (24, ブラック)","3269","22","","7","¥ 8,800","","1","B0GY8GWPN9","B0H3F9V1PZ","24.3","13.2","2.9","230"
"PYKES PEAK (パイクスピーク) ぶら下がり健康器 懸垂マシン 高さ220cm 耐荷重150kg","4073","74","100","798","¥ 9,300","","1","B0847L9N1J","B0H3YNB7SZ","127","33","15","16500"
"【業界初採用】ONETWOFIT 懸垂マシン 折りたたみ式 9段階高さ調節 多機能懸垂器具 筋トレ トレーニング器具｜3分組み立て","2476","90","200","2943","¥ 16,900","","1","B0FDQR5LHR","B0GDGC58Y4","130","36","23.5","23800"
"STEADY マルチ懸垂マシン ぶら下がり健康器 チンニングスタンド ST115【10or12段階調整/耐荷重150kg/特許庁実案取得/組立て簡単】","2478","84","100","3533","¥ 13,990","","2","B07VRY841K","B0GCDYFYSN","117","37.9","17","24100"
"[コラントッテ] 磁気ネックレス TAO RAFFI マットブラック LL","2482","94","100","306","¥ 15,871","¥ 15,871","20","B0C1JW99GQ","B0D3HKY5S1","18.3","16.2","2.2","90"
"OLIGHT(オーライト) Baton 4 Kit 懐中電灯 充電ケース付き 1300ルーメン 強力 EDC 無段階調光 防災(グレー)","2803","46","","317","¥ 9,971","","1","B0DHJNN8PH","B0GLXGR94M","15","8","6.4","420"
"STEADY トレーニングベンチ アドバンスモデル ST123 【耐荷重330kg/背面×座面の角度調整/折畳み可/独自構造の腰保護パッド】","2491","89","200","455","¥ 12,490","","1","B09YXDJPW8","B0G7JSMJ57","91.4","34.9","31.1","15014"
"Newsones ピックルボール パドル セット カーボンファイバー T700 軽量 ラケット2本 ボール4個 収納バッグ付き スカイブルー＆ブラック","2494","61","50","67","¥ 6,080","","1","B0G6ZPLWWJ","B0G714YP6V","44","23","8.6","650"
"Coleman(コールマン) アウトドアマルチライトファン(ブラウン)","2496","90","100","19","¥ 5,200","¥ 5,596","12","B0G1MG48T7","B0GHQNM49K","21.3","21","10.1","600"
"Franklin Sports (フランクリンスポーツ) CFX Pro バッティンググローブ - MLB公式 野球・ソフトボール グローブ - プレミアムレザー - アダルトS - グレークローム","2497","86","","4573","¥ 7,411","","13","B0C92VB9C9","B0725LGPFK","29.1","10.9","4.5","110"
"Coleman(コールマン) 【Amazon.co.jp限定】クーラーボックス エクストリームクーラー 28QT 約26L アイスシルバー 2000033554 アウトドア キャンプ ピクニック 部活 釣り 極厚断熱材 フタにも断熱材 26L 防災 ソロキャンプ","2500","90","300","669","¥ 6,282","¥ 6,282","1","B07BDVXP79","B0BDDVGVVY","47.1","42.9","34.5","4100"
"DesertFox キャンプテーブル アウトドア テーブル 折りたたみ 120CM/180CM 単品/セット 3段階高さ調整可能 ピクニック レジャー キャンプ用 折畳み コンパクト 収納 簡単組立 008 (シルバー,180cm×2)","2500","52","","388","¥ 8,999","","1","B0GDFV5GT5","B0G4VSPJLZ","63","63","21","14180"
"YONEX(ヨネックス) 硬式テニス ストリング ガット ポリツアーレブ 130 200m ホワイト(011) 1.30mm PTR130R2","2639","62","","109","¥ 25,320","¥ 25,855","22","B0BRX9LZLX","B0FNWG2M42","23.1","21.4","4.1","410"
"DesertFox キャンプチェア リクライニングチェア 四季適用 アウトドアチェア 単品/セット 折りたたみ 背もたれ角度4段階調節 コンパクト 1秒設営・撤収 ローチェア 軽量【耐荷重150kg】イス 椅子お釣り 登山 携帯便利 ピクニック レジャー キャンプ用 STY (緑，2)","2501","80","50","245","¥ 6,799","","1","B0FGH6S1MW","B0DYCY3NY7","81","36","18.5","6500"
"ダイワ(DAIWA) クーラーボックス 部活/キャンプ/アウトドア/釣り ミニクール2 S650 ホワイトブラック","3123","80","50","49","¥ 5,285","¥ 5,285","9","B0GFM5F871","B0H9JLZ535","34.2","28.1","25.5","2180"
"ニチネン マイボンベL 250g ケース販売 48本セット 飲食店 備蓄用 防災用品","2502","69","50","78","¥ 8,280","","4","B089NKSPVJ","B0C6FB6STD","42.6","41.5","29.3","18090"
"HomeGround 【2026年最新】 強化版 タープテント 【センターロック式】 組立て簡単!! 2m×2m サイドシート2枚付き 斜め張り可能 日除け UVカット タープ テント ワンタッチ 頑丈 4段階高さ調整 遮光 遮熱 アウトドア・イベント・運動会 (カーキ)","2503","70","50","16","¥ 11,980","","1","B0H17ZDX8N","B0H17XWB74","115","23","19","13000"
"[DRESS] バッカン ミニ ブラック/オレンジ(メッシュポケット付き) 釣り用バケツ・バッカン 約17L ロッドホルダー EVA 多機能 釣り 釣り具 釣り用ケース 防水 収納コンテナ タックルバッグ","2527","72","","1380","¥ 9,329","¥ 9,329","5","B0C4NGMJLB","B0CJ43SFYK","40.7","35","27","1440"
"CAMDOOR キャンプ マット エアーマット 厚手 10cm【30秒自動膨張・より広い】R値 6.8 インフレーターマット 車中泊 コンパクト 自動膨張 キャンパー 無限連結可能 キャンプ用品 寝具エアーベッド 防水防潮 安全無臭 持ち運び便利 簡単収納 収納袋付き 2個セット","2532","77","50","788","¥ 11,432","","1","B0CMQ6XX27","B0DMFMGRPM","65.8","40","20.6","6740"
"ゴルフ 距離計 小型 軽量 レーザー 距離測定器 85%高透過 ランキング ピンロック 連続測定 高低差 ON/OFF 狩猟 ゴルフ用品","2533","79","200","36","¥ 6,999","","1","B0FLPN4Z7M","B0GCJCXYNJ","13.5","10.4","7","330"
"Kiboer EMS腹筋ベルト EMSパッド ジェル不要 6モード 16段階 5段階温熱 液晶表示 2mm薄型 USB充電 腹部 腰 背中対応 腹部","2536","83","200","101","¥ 7,580","","2","B0FYX7G4P9","","37.5","17.1","4.9","520"
"Keitech(ケイテック) 2.8インチ ファットスイングインパクトスイムベイト 3.3","2539","67","","","¥ 5,043","","6","B07QQD784F","B0BZL5D64H","7.6","5.1","2.5","91"
"【特許取得】バランスドーム 直径約58cm バランスボール 半円 エクササイズボール 耐荷重300kg 半円ボール 子供用 (イエロー, 58cm)","2540","24","","15","¥ 6,631","","2","B0H9949LVG","B0H98ZSG6T","60","58","9","5000"
"Major Craft(メジャークラフト) タングステンジグ ジグパラバーチカルTG 150g #3 RED GOLD","3362","67","","19","¥ 5,253","¥ 5,253","6","B08V4YL26G","B08WBSSSMM","18.5","4.5","1","180"
"ソト(SOTO) 日本製 シングルバーナー マイクロレギュレーター搭載 (高火力 風に強い) CB缶 一体型 アウトドア 防災 キャンプ グループ レギュレーターストーブ Range (レンジ) ST-340 シルバー","2551","100","100","925","¥ 9,200","¥ 9,790","40","B09WCZ6SBL","B0GYNVL2MD","13.7","11.2","8.9","430"
"ワンタッチテント 4人用 キャンプテント ポップアップ式 簡単設営 UVカット 防風防水 通気性に優れ 多機能 軽量 お花見 防災 登山 釣り 収納バック付き キャンプ アウトドア sl-zp210【ユニバーサルstore】 (アイボリー)","2569","81","200","116","¥ 5,529","","1","B0CFFC8TQZ","B0CFFCKX3N","78","18","18","2800"
"キャンプチェア リクライニングローチェア 背もたれ角度4段階調節 アウトドアチェア DesertFox 単品/セット フォールディングチェア 折りたたみ 軽量【耐荷重150kg】 コンパクト イス 椅子お釣り 登山 携帯便利 ピクニック レジャー キャンプ用 STTJ (くろ，2)","2263","71","50","293","¥ 8,549","","1","B0FGHF1WJ5","B0DT4J6W2S","69","61.5","16.5","10000"
"BAGAILピックルボールネットアウトドア用 6.7Ｍ/22FT規格サイズネット ポータブル 屋外規制サイズ ボールコレクター付き 簡単に組み立て ピックルボール付き キャリングバッグ付き(ブラック＋ホワイト）","2580","34","50","28","¥ 9,310","","1","B0D9JHT9WZ","B0DJ25VM3F","92.5","18.5","16.5","7400"
"【DMASUN】エアロバイク フィットネスバイク トレーニングバイク 静音 折りたたみ 心拍数計測 16段階負荷 有酸素運動 軽量 エクササイズバンド付き 組立簡単[5年間製品保証]","2589","98","300","9846","¥ 17,960","","1","B0DZH8ZPYX","B0HFYYQ75J","88","48","22.5","23200"
"BUNDOK(バンドック) クーラー ボックス 保冷剤2個付 16リットル 仕切り板付 BD-756 ウレタン フォーム 断熱材 保冷力 ハード アウトドア キャンプ 車載 レジャー","3201","71","50","12","¥ 5,357","¥ 5,357","2","B0FH64JXCG","B0FJ7ZM18Y","47.8","38","33","3300"
"【アワード受賞・人気ブランド】 BARWING(バーウィング) ルームランナー プログラムモード ウォーキングマシン ランニングマシン トレッドミル ランニングマシーン ダイエット器具 ルームランナー 家庭用 折り畳み (10.ホワイト:スマートウォーキング, 1.通常保証)","2596","73","200","12","¥ 13,800","","1","B0FYKYSL4C","B0GYFPTQKL","124","57.5","11.3",""
"TITLEIST(タイトリスト) ゴルフボール26 AVX DZ","2743","96","50","14","¥ 6,000","¥ 5,733","17","B0GQSMHG8G","B0GQSVCJ85","19.4","14","4.8","620"
"ダイワ(DAIWA) スピニングリール 26FREAMS LT4000-CXH","2599","129","50","3","¥ 17,094","¥ 16,923","24","B0GCM8FKL9","B0GQZMDB91","13.5","13.1","9.8","410"
"TOMOUNT アウトドアベッド キャンプコット 折りたたみ ベッド 軽量 耐荷重150kg 簡易ベッド コンパクト 防水 通気性","2601","64","100","1938","¥ 6,198","","1","B0CDNWXSXY","B0BCF3VVSL","39.7","15.5","14.4","2220"
"リーディングエッジ フォールディング フラットベンチ 折りたたみ 耐荷重300kg トレーニングベンチ ダンベル トレーニング器具 ブラック","3132","83","100","1318","¥ 7,190","","1","B077H4L8WG","B0CRK322VR","110","29","18","20000"
"GARMIN(ガーミン) Quick Release バンド 22mm Black 【日本正規品】","2773","75","","6","¥ 6,000","¥ 6,000","1","B0F9L8P15P","B0FBFQ9VGQ","16.8","6.9","1.9","20"
"メジャークラフト メタルジグ ジグパラ TG タングステン JPTG-120 ゼブラグロー 120g #7 ルアー","2614","26","","74","¥ 6,109","¥ 6,109","1","B084W1NBL4","B0CVDDBFXS","15.5","4.2","2","100"
"ダイワ(DAIWA) クーラーボックス 釣り/アウトドア/キャンプ クールラインα3 GU2000 レッド 20L","2619","84","","65","¥ 12,358","¥ 12,358","7","B09RQJ57J4","B0D4Z14B3C","52.5","35.9","32.5","4650"
"AbuGarcia (アブガルシア) バスフィールド BASS FIELD BSFC-672MH バスロッド 釣り竿 釣竿 ベイトロッド","2625","96","","408","¥ 6,631","¥ 6,631","16","B01MV4GOLM","B0C7FYYV2V","105","8","5","440"
"Hiking Life トレッキングポール 3Kカーボン 折り畳み式 2本セット【超軽量202g 収納サイズ34cm】登山用ストック ウォーキングポール 105-125cm調整可能 収納ポーチ付き 付属品5種類 日本語説明書 登山 ウォーキング アウトドア ハイキング 遠足 散歩 高齢者","2632","90","200","269","¥ 7,632","","1","B0F8Q74ZBB","B0G5Z13GPG","37.2","12.7","7.5","400"
"キャロウェイ(Callaway) ゴルフボール CHROME TOUR 26 1ダース(12個入り) 4ピース構造 ホワイト","2968","85","","59","¥ 5,580","¥ 5,786","23","B0FX3DRY7Q","B0H44ZD233","19","13.8","4.5","630"
"【ゆかぴょん】トランポリン クッション 子供 室内 コイル 静音 50cm クッション型 バネ 運動不足 解消器具 有酸素運動 YUKAPYON (本体 サンドベージュ)","2643","85","50","160","¥ 7,520","","1","B0GVS9YKSG","B0HCT8PZ93","52.1","51.7","19.4","2770"
"Colantotte(コラントッテ) 磁気ネックレス TAO AURA マットブラック L","2646","105","200","224","¥ 19,745","¥ 19,745","20","B0C1JWPNW6","B0D3HK2XQH","18.2","16.3","2.2","90"
"HERCULES パラコード ガイロープ ロープ キャンプ テントロープ アウトドア 用 耐荷重250kg 7芯 カーキ 305m","2648","39","","426","¥ 8,999","","1","B0BBPTQNMM","B0D9VBHZBB","20","16","16","2150"
"HAPBEAR トレーニングマット プロ仕様 フィットネスマット ジム 防音 防振 床保護 高密度PVC製 ホームエクササイズ用","2650","85","","1194","¥ 5,024","","1","B0FH2TPSNC","B0CQN8GVHL","94","14.5","14.3","4150"
"PYKES PEAK (パイクスピーク) クーラーボックス TOUGH GEAR(タフギア) 20QT(18.9L) ブラック","2659","81","50","299","¥ 14,832","","1","B0B2QP8XYD","B0H4KQ1SK8","64","47","42.3","7900"
"Stepwaver (ステップウェイバー) 特大エクササイズマット、8フィートx6フィート (7mm) 極厚ワークアウトマット ホームジムのフローリング用 滑り止め 超耐久性 高密度ジムマット 有酸素運動 ヨガ 縄跳び 総合格闘技 ウェイト用 ブラック","2232","71","","452","¥ 12,673","","8","B0DFGT156N","B0GZZRGM7D","41.6","25.1","15","2558"
"【近藤千尋さん愛用ブランド】トリガーポイント(TRIGGERPOINT) グリッド フォームローラー スティック型 硬め 筋膜ローラー マッサージローラー ストレッチローラー 筋膜ローラー 筋膜リリース セルフマッサージ 肩こり 腰痛 全身ケア リカバリー 携帯に便利 ブラック","2670","70","","199","¥ 6,490","¥ 6,490","2","B01AW1V05K","B0DZBQMT6B","57.6","11","5.5","550"
"バタフライ(Butterfly) 卓球 ラバー ディグニクス 05 ハイテンション 裏ソフト 06040 ブラック 特厚","2674","83","400","494","¥ 9,000","¥ 9,000","12","B07PST3WVH","B0GBWPLPJ6","20","18","1","100"
"TRUSCO(トラスコ) 保冷剤 1100g THZ-1100 × 15個 【ケース販売】","2678","55","","184","¥ 6,788","¥ 6,788","1","B0B1TZ8DNL","B0D7VGJFDP","44.5","28.5","22","15800"
"LACITA LEDランタン ポータブル 13,400mAh 充電式 キャンプ アウトドア 防災 屋外仕様 防水 小型 明るい 電球色 暖色 蛍光色 昼光色 EL BRIGHT 1 (グレージュ)","2683","76","100","247","¥ 8,100","","1","B0CL6GM11H","B0CLNNKZJB","25.2","8.4","6.7","610"
"Amazfit Helio Strap リストバンド型 フィットネスデータの追跡 心拍数や睡眠データの追跡 10日間のバッテリー持続 27個のスポーツモード 筋力トレーニング HYROX対応 Android & iPhone対応","2686","85","200","34","¥ 15,840","","1","B0FCMPLJNQ","","17.1","9.3","3.5","90"
"ダイワ(DAIWA) クーラーボックス トランクマスターHD2 S4800 レッド 48l 大型 48リットル 発泡スチロール 釣り","2688","80","50","87","¥ 24,680","¥ 24,715","12","B08SGFJPCN","B095YH7H8C","95","45","45","11000"
"ポータブルシャワー Tipkook 電動シャワー USB充電式 水流量段階調節 アウトドア シャワー ポンプ キャンプ 簡易シャワー 節水 軽量 屋内 屋外 浴槽から汲み上げ 海水浴 サーフィン 旅行 水遣り 植物潅水 ペットシャワー 防災 停電時用 釣り","3120","29","","130","¥ 15,235","","1","B0GKMWWNRB","B0GX9P68ZQ","26.3","20.4","6.7","830"
"SASAKI(ササキ) 体操 シューズ DEMI SHOES デミシューズ ベージュ L 3個セット 1533S","2708","70","","709","¥ 7,150","¥ 7,150","1","B0D7VKZBVL","B0H3KMQTRS","19.9","13.3","3.1","60"
"waku fimac 90×60 アウトドアテーブル キャンプテーブル ウッド 調 高さ調整 テーブル ロールテーブル キャンプ アウトドア 軽量 木目 ブラックウォルナット","2709","32","","508","¥ 8,352","","1","B0CKHRZTSX","B0F8326N9Y","60","20","20",""
"SUPボード サップ 釣り 長335cm 幅86cm 耐荷重量205KG インフレータブル スタンドアップパドルボード デッキ 初心者sup 超軽量 安定性 滑り止めEVA 持ち運び便利 収納バッグ付き ヨガ 釣り フルセットインフレータブルサーフ","2710","70","50","46","¥ 21,999","","1","B0H25SBRRF","B0GQXRRPJD","92.8","37.1","24","12400"
"Bosch(ボッシュ) ヘッドランプ 電池式/190ルーメン/防水防塵/9段階角度調整機能/3つの発光モード/軽量58g/防災/アウトドア/COB LED/ヘッドライト/HEADLAMP (× 5)","2710","10","","81","¥ 10,680","","","B0G4CYH78C","B0GWRTDMWQ","11.6","10.5","6.7","750"
"Berkley パワーベイト チョップブロック フィッシング ソフトベイト","2711","39","","198","¥ 7,853","","6","B0FDSVHH44","B0H535D5LJ","35.3","14.4","9.9","645"
"Weber (ウェーバー) ポータブルガス缶 (OD缶) ガスグリル専用 (高出力/日本製)【日本正規品】 まとめ買い12本セット","2726","48","","","¥ 12,852","¥ 12,852","1","B0GPDFRZQX","B0FNW4QFSX","46","35","18","8700"
"RDX トレーニングベルト パワーベルト リフティングベルト 筋トレ 本革 レザー メンズ レディース (フルブラック/L)","2737","80","100","9080","¥ 5,083","","1","B0CB9XT4Q2","B01N4C5VBH","39.2","10","7","480"
"BougeRV LEDランタン キャンプランタン 充電式 3000lm高輝度 大容量15600mAh 「12晩連続点灯可能」 最高1.68mまで調整 折畳可能 コンパクト 照明方向調節可能「昼白色」「焚火色」「赤色」3色切替 調光可能 IPX5防水 三脚付き 自立 吊り下げ アウトドア ライト キャンプ 照明 夜釣り 車中泊 防災 庭院作業 屋外バーベキュー照明 夜間工事照明 ワークライトT1","2065","87","300","96","¥ 11,380","","1","B0GHR17F29","B0HFZFR64R","30.8","9.1","8.6","1260"
"シマノ(SHIMANO)自転車用チェーン CN-HG901 11S対応 リンク数116L 付属/SM-CN900-11（11S用 クイックリンク）","2752","106","200","1260","¥ 5,864","¥ 5,864","15","B01D8CPO0W","B0982Y5RN5","23.8","6.5","1.6","272"
"HIBARI フィールドラック キャンピングラック 3個セット 収納ケース付き マットブラック キャンプ収納 コンパクト アウトドアワゴン アウトドアテーブル 折りたたみ テーブル ローチェアアウトドア キャンプテーブル (ラック3枚/収納ケース)","2752","68","100","302","¥ 7,500","","1","B0811782RW","B0H94SV7KD","62.9","38.5","7.8","6910"
"WAQ 2WAY キャンプ コット 静音 軽量 折りたたみベッド 耐荷重150kg ハイ/ロー切替可能 (オリーブ)","2757","69","50","4027","¥ 13,430","","1","B08NPZHV79","B0HFVYKJTZ","54.4","18.8","17","3450"
"ニチバン バトルウィン スポーツ用自着生伸縮包帯 くっつくバンデージ38mm 幅8m巻き 12巻入り","2759","45","","350","¥ 10,368","¥ 10,954","8","B072QXCWZZ","B0CLRLGH61","19.8","13.3","8.6","560"
"LifeFair ハンモック 自立式スタンドセット ダブルサイズ 室内 室外 兼用 トレイ付き 耐荷重350kg","2763","88","100","1721","¥ 9,420","","2","B08JTXM1XV","B07H7X1WSV","120","24","16.5","13800"
"Hankins 両面撥水加工 レジャーシート 厚手 ピクニックシート大判 4層構造 収納袋付く 軽量 レジャーシート 折り畳みやすい コンパクト収納 (200X300,ライトイエロー)","3069","13","","","¥ 5,338","","1","B0H6HK7NVS","B0CY2KDRXG","58","22","18","1350"
"Nike、ユニセックス、バーシティエリートバックパック(32L)。, ブラック/ブラック/メタリックシルバー, Large, Varsity Elite バックパック (32l)。","2789","125","200","3980","¥ 8,217","","18","B0DYL5M84X","B0CF526GK5","58.1","44.5","13.8","810"
"Northdeer ダンベル 可変式 小型 スチール製 5kg (2.5kg/3.5kg/4kg/5kg) クロームメッキ","2807","78","50","794","¥ 7,139","","1","B08RMYS7Y4","B0HCNM9D6S","31","28","15.9","10540"
"PYKES PEAK (パイクスピーク) キャディバッグ 軽量 ゴルフバッグ ゴルフ スタンド メンズ レディース 6分割 47インチまで入る フルセパレート","2809","69","50","217","¥ 10,782","","1","B07VZLRJ1N","B0D69WTHMV","91","31","25","2950"
"LONTEK ルームランナー 家庭用 折りたたみ ランニングマシン ウォーキングマシン 3.0HP静音モーター 最大15%傾斜 省スペース 180kg耐荷重 - 速度調節1-12km/h プログラム 電動ルームランナー コンパクト 運動不足 脂肪燃焼 高耐久 トレッドミル 室内用 ダイエット ながら運動 大型LED 簡単組立 高齢者 ホームジム マンション収納（3in1 バージョン。）","2810","81","200","331","¥ 34,920","","2","B0GFP2RHWN","B0H87Y51CL","119","62","13.5","22300"
"【 ステッパー 2025アップグレード版】 CHAOKE ステッパー ツイストステッパー プレミアム 筋トレ 有酸素運動 静音 体幹 ひねり くびれ ウエスト ダイエット トレーニング コア ステップ台 お腹 室内 運動器具 脂肪燃焼 宅トレ エクササイズ オリジナルのエア＋オイル駆動方式 最大承重量150kg 高齢者足を鍛える器具 保証5年","2816","84","50","1480","¥ 7,200","","1","B0GVDZ694J","B0HFW7FQGS","42","35","19.8","5900"
"Soomloomアルミポール テント･タープ設営用 A6061アルミニウム 外径33mm ４節連結 1本/2本入り 分割式 プッシュボタン式 多段階調節可能 キャンプギア (ブラック-2本入り)","2820","95","300","2640","¥ 5,970","","1","B08G11NGMZ","B083SD8F7F","70.4","13.2","12.4","2920"
"キャリー・ザ・サン(CARRY THE SUN) ソーラーランタン レインボー ミディアムサイズ CTSR-M","2824","92","","3","¥ 5,900","","9","B0B33ZH74F","B0DMVFCNFT","23.5","13.5","2.1","120"
"【公式】マイキュット ラベンダーパープル フィットネスマシン 内転筋 Shop Japan ショップジャパン MQT-AM01","2828","93","100","201","¥ 10,989","¥ 10,989","1","B0DNMSB3XJ","B0GNZD56LC","19.7","18.3","7.8","450"
"自転車用LEDライト AMPP500（500ルーメン） USB充電式 最大3時間点灯 工具不要取付 HL-EL085RC","2837","98","400","1521","¥ 5,000","¥ 5,218","23","B07ZD8ZR51","B08KS4CZBN","14.8","11.4","6.1","180"
"Hilander(ハイランダー) クライマックスローチェア2 AL（アルミ）ブラック 収納袋付 アウトドアチェア リクライニング キャンプ アウトドア コットン キルト加工 4段階リクライニング ローチェア","3065","95","100","232","¥ 9,310","","1","B0CP4K1BZ1","B0DYMH6YCG","81","63.5","10.8","5250"
"TheFitLife トレッキングポール カーボン 登山 ストック 軽量 伸縮57-120cm レバーロック 2本セット 初心者向け ホワイト","3672","71","100","3943","¥ 5,480","","1","B0CPVM2231","B0CPVMQR2G","64","15","5","510"
"iGPSPORT ケイデンス センサーCAD70 & スピードセンサーSPD70 ワイヤレス 300時間持続 IPX7防水 7.9g サイコン センサー ANT+ / Bluetooth デュアル対応 サイクルコンピュータ用Zwift/iGPSPORT/Garmin/Wahoo/Bryton/Coospo用の 日本語説明書付け","2853","77","100","61","¥ 5,300","","1","B0DC6DKBFX","B0GXF2ZVT1","11.3","7.2","2.8","50"
"GHB ミニハードル 5個セット/10個セット 取り外し可能で持ち運びやすい 野球 サッカー テニス バスケットボールなどのトレーニング 俊敏性や瞬発力 陸上競技 初心者 軽量 (黄色, 5個セット)","2860","30","","391","¥ 10,601","","1","B0FHHNVMFH","B0DMCPP789","42.4","26.5","9","1660"
"Coleman(コールマン) コンパクトフォールディングチェア(グレージュ) アウトドア キャンプ 釣り コンパクト 折りたたみ 収納ケース付き 椅子 ローチェア 焚き火 あぐら","2861","113","200","1805","¥ 6,209","¥ 6,209","2","B0BJKHBVZ5","B0CYBJJSYZ","58.8","55.3","10.8","2290"
"イカメタルロッド エギングロッド イカ用船竿 船竿 1.75m ML 2本継 メタルトップ ベイトロッド キャスティングロッド 釣り竿","2879","64","300","25","¥ 5,780","","1","B0F82SZCMT","","95.2","5.9","5.8","300"
"KingCamp サマーベッド ワイド 折りたたみベッド アウトドア 耐荷重200kg 3WAY 5段階調節 キャンプ","2880","50","","6","¥ 13,590","","1","B0FMK7ZQJN","B0F5V7N5L8","80","72.5","15","8800"
"TOGIEEII 12ポンドアームワークアウト家電360度回転可能な前腕のエクササイザーの","2881","54","","327","¥ 5,699","","1","B0D7S13WZM","B0DSPKNGXK","44","21.9","6.9","5520"
"BRIDGESTONE(ブリヂストン)ゴルフボール TOUR B JGR 2023年モデル 12球入 マットレッド J3RX","2883","95","50","373","¥ 5,148","","7","B0C9LTS5LR","B0D14MXZJD","18.8","14.4","4.8","660"
"キャプテンスタッグ(CAPTAIN STAG) 保冷バッグ 【容量25L/折り畳み収納可】 スーパーコールド クーラーバッグ UE-561","2892","90","50","370","¥ 5,155","¥ 5,155","17","B072JSJSVQ","B0CJ56X171","39.5","30.5","13.4","1340"
"[スワンズ] スポーツ サングラス クリップオン Clip On CP30-0067_PICBL 日本製 偏光レンズ メガネにつける 跳ね上げタイプ 0067 偏光ULTRAアイスブルー クリップサングラス","2762","71","","55","¥ 5,993","¥ 5,993","3","B08P5HXNYS","B0CV4V73BB","20.8","7.2","1","40"
"SoomloomインフレータブルエアテントAERO-8PU片流れ平天井前後タープスペース一体式エアフレーム快適エアービームポップテント設営簡単ファミリーテントカップル･団体アウトドアキャンプギア","2900","14","","1","¥ 35,900","","1","B0H45JM1R4","B0H45KLNT8","63","41","39","17400"
"バタフライ(Butterfly) 卓球 ラケット 樊振東 SUPER ALC-CS 中国式ペン 24200 ブレードサイズ:161×150mm(丸型)","3103","73","","9","¥ 24,278","¥ 24,278","30","B0BCF9ZJMT","B0FCLXYLCQ","30.8","18.3","4.6","300"
"スノーピーク(snow peak) アルミパーソナルクッカーセット 調理用具 ソロ 浅型 袋付き 鍋 フライパン キャンプ 登山 アウトドア 防災","2911","108","200","539","¥ 5,544","¥ 5,544","22","B09KX7GW39","B0CTQTXR3C","16.4","16.2","11.9","590"
"KABUTO(カブト) 自転車 ヘルメット キャンバスアーバン M/L (57-59㎝) マットグレー JCF推奨","2918","100","50","2316","¥ 5,345","¥ 5,345","18","B08WS1TMCT","B094JX6X7M","29.4","22.4","17","570"
"DEWEL パラソル 大型 ビーチ アウトドアパラソル ガーデン サイトシート付 折りたたみ 防水 UVカット 4段階高さ調整 軽量 収納袋付き","3554","72","50","41","¥ 5,299","","2","B0FWRP6DGD","B0FWY3GS42","135","10","10","2520"
"ファイテン(phiten) メタックステープ 楕円タイプ 300枚入 大容量 業務用 新加工技術採用 ボディケアテープ テーピング 肩 首 腰 膝 ふともも ふくらはぎ こめかみ 貼る リカバリー リラックス サポート スポーツ アスリート","2939","59","","11","¥ 14,313","¥ 14,313","2","B0GV9Y7VD9","B09XTZC56L","17.4","7.3","3.6","130"
"LPN ストレッチポール(R)ハーフカット ネイビー 0011","2953","95","100","568","¥ 9,438","¥ 9,438","1","B00F9VWFQM","B0GFTWKM27","42.5","18.7","15.7","460"
"スノーピーク(snow peak) フラットバーナー 1口コンロ コンパクト キャンプ 登山 アウトドア 防災 GS-450R","2959","104","300","693","¥ 14,520","¥ 14,520","21","B09DFFFL87","B0GKNMBJJ7","38.1","25.9","8.6","2350"
"LINDSPORTS エコノミーホワイト 非伸縮 固定用 テープ テーピングテープ (幅50mm/24本入)","3042","19","","238","¥ 7,298","","1","B07S7P8WCF","B093W25161","35.1","18","17.4","3280"
"AO Coolers エーオークーラーズ ランチソフトクーラー ブラック","2976","99","100","123","¥ 7,400","¥ 7,400","12","B0BV2P4X81","B0GTT3CHD1","34.9","24.9","10.5","590"
"クリーブランドゴルフ(Cleveland Golf) ウエッジ RTZ ツアーサテン 46(Mid)10 ダイナミックゴールド スチールシャフト メンズ 右利き ロフト角:46度 フレックス:S200","2978","81","","","¥ 14,800","","4","B0DGJS9PX5","B0DXNCHCLG","93","10","6","500"
"JHQ マルチグリドル 正規品 IH 直火 対応 軽量 キッチン アウトドア 兼用 フライパン グリドルパン (黒 – 平型 33cm 木製グリップ付)","2978","36","","19","¥ 15,070","","1","B0CZDVQD97","B0GQT5FSZ3","35","35","11","1800"
"GARMIN（ガーミン）GPSランニングウォッチ Forerunner 965 Black 【日本正規品】","2984","99","600","496","¥ 64,870","¥ 64,870","2","B0BWF4MQ8X","B0C1JDK3WK","35","11","5","150"
"ガーミン(GARMIN) Approach S70 47mm Black AMOLED(有機EL)ディスプレイ搭載 ゴルフウォッチ GPSマップ Suica対応 バーチャルキャディ 010-02746-22 【日本正規品】","2990","112","100","434","¥ 76,489","¥ 77,575","15","B0C5JHGSV3","B0GX9DRK4S","24","20","6","170"
"スノーピーク(snow peak) 缶クーラー500 TW-505 one","2993","93","100","588","¥ 5,500","¥ 6,072","20","B08QV4T34P","B0H5W471FK","19.7","16.2","7.4","190"
"HomeGround 【2026年最新】 蚊帳付き タープテント 【センターロック式】 2.5mx2.5m 組立て簡単!! メッシュスクリーン 虫除け タープ テント ワンタッチ UVカット 4段階高さ調整 遮光 遮熱 アウトドア・イベント・運動会 ブルー","2996","34","50","27","¥ 12,480","","1","B0H6MGZ369","B0H6MD3R8T","117","21","19","12800"
"GENTOS(ジェントス) LED ヘッドライト GTシリーズ 【明るさ210-320ルーメン/実用点灯4.5-6時間/後部認識灯/耐塵/耐水】 ANSI規格準拠","3017","68","","160","¥ 5,500","","1","B015H3M25K","B07THYFWFV","18.6","12.8","8.4","280"
"IWATANI イワタニ カセットガス オレンジ 24本セット（=12本×2箱） CB-250-OR カセットフーシリーズ","3022","93","300","221","¥ 5,980","","26","B01EPQODRK","","46","29","23.5","8960"
"ダイワ(DAIWA) エギング専用リール 24エメラルダス X LT2500-DH","3036","105","50","16","¥ 16,940","¥ 16,256","14","B0D4QDPB6H","B0D4YZXK1B","13.4","13.1","9.6","360"
"YICYC バレーボール ニーパッド ダンサー用 ソフト 通気性 膝パッド 男女兼用 キッズ 膝保護 バレーボール フットボール ダンス ヨガ テニス ランニング サイクリング ワークアウト 登山用","2784","17","","6787","¥ 11,774","","1","B09KXD1BJN","B08CWLJ8HY","21.4","10.9","5.5","90"
"シマノ(SHIMANO) スピニングリール 23 ヴァンキッシュ C2000SHG","3053","111","","57","¥ 47,798","¥ 48,268","30","B0BTS8WPJ4","B0BTY5HGDJ","15","13.2","9.4","340"
"エーキューエー(AQA) ライフジャケット 浮力補助 安全 事故防止 海 川 フィッシュ(40) ワンサイズ 乳幼児用 KA9027","3060","73","100","107","¥ 5,530","","3","B09WDT882B","B0H2L8QSNZ","55.8","37.9","9.4","310"
"【重永亜斗夢プロ愛用】Danact ゴルフ練習器具 スイングトレーナー シナリ有 素振り スイング (通常グリップ)","3071","67","100","828","¥ 7,980","","2","B0BKKYHQZZ","B0BKKZ1R4H","83","11","5","700"
"DesertFox キャンプテーブル アウトドア テーブル 折りたたみ 延長可能 耐熱 焚き火テーブル ピクニック レジャー キャンプ用 折畳み コンパクト 収納 簡単組立 YZZ-008 (黒，L)","3073","55","50","139","¥ 5,399","","1","B0GVDPWN3T","B0GVDPHP1M","62.8","50.2","7.8","5070"
"[ドレス] フィッシングリュック グラファイトブラック 釣り バッグ フィッシングバッグ タックルバッグ 釣具収納 多機能 大容量 ランガン","3656","94","50","263","¥ 6,871","¥ 6,871","1","B09FFB54LQ","B0D9GZ2QKD","52","45","7","1620"
"FIELDOOR 【完全遮光】 ワンタッチ【4点ロック/スチール】 タープテント G03 遮熱 風抜けベンチレーション 高耐水加工 シルバーUVカットコーティング 紫外線カット [遮光タイプ] [3.0×3.0ｍ] [グレー]","3665","57","50","19","¥ 13,600","","1","B0CVZWL29F","B0D5QLX9HB","115","23","22","12000"
"BougeRV CL04 LEDランタン キャンプランタン 充電式 アウトドアライト キャンプライト 屋外照明 ワークライト 投光器","3095","94","100","459","¥ 8,909","","1","B0DQV47H1M","B0HFZGX353","28.7","9.1","8.9","1111"
"Raynesys キャンプテーブル 折りたたみ式 グリルテーブル アウトドア調理用 90x40cm","3109","79","50","413","¥ 5,699","","1","B0GF2DBHYZ","B0HCZL251Y","43.4","35.4","11.6","3660"
"スポーツサングラス メンズ 偏光 超軽量27g UV400 アジアンフィット エーフィット AF-7001 まぶしさ対策","3760","37","","527","¥ 5,500","","1","B0CQ7S44J1","B0CQ7YLH2J","18.7","8.9","7.3","130"
"Goture（ゴチュール） コンパクト延べ竿 渓流竿ロッド 3.6m 2本セット ブルー","3111","45","","49","¥ 6,929","","1","B0C9D26MB7","B0HFM33TN7","42.5","7.7","3.1","320"
"[アシックス] バスケットボールウェア レフリーシャツ 2063A421 ユニセックス大人 021(シルバーグレー) XL","3115","77","","43","¥ 6,435","¥ 6,435","12","B0D5CT6BBG","B0FNBJP1S1","37.5","25.5","2.8","210"
"熊一目散 国産熊スプレー【バイオ科学株式会社】 酪農学園大学佐藤教授監修 (2.【公式ストア限定】ホルダーセット品+ キーホルダー付き)","3118","63","100","85","¥ 14,080","","1","B0F8HCX5D7","B0F8HPN52Z","26.9","17.9","8.2","390"
"ヨネックス(YONEX) テニス バドミントン グリップテープ モイストスーパーグリップ(30本入) ホワイト(011) AC14830","3136","78","","494","¥ 7,790","¥ 8,288","28","B0CCXGS7JD","B0GWTGT1XB","27.9","16.8","2.9","220"
"[E-FIT] スポーツサングラス レディース 偏光 UV400 超軽量 イーフィット EF-S209 偏光レンズ","3141","52","50","221","¥ 5,540","","1","B0CQ8GCYH5","B0CQ87Y9VT","18.5","9.1","7.2","130"
"ユピテル(Yupiteru) ゴルフスイングトレーナー GST-8 BLE ヘッドスピード ボールスピード 飛距離 ミート率 Bluetooth搭載 スマートフォンでスイング解析 データ管理 設定 充電バッテリー式 日本製","3156","116","300","151","¥ 18,378","¥ 18,378","11","B0CPXQWG4F","B0CQ8FJBVM","17.3","11.2","7.3","320"
"【Amazon.co.jp特別版】ロゴス（LOGOS）丸洗い３層オールシーズン寝袋・-3℃(フリースブランケット付き） 50000414 キャンプ 封筒型 15℃からｰ3℃まで対応 丸洗い可能 防災 2人対応 車中泊 3レイヤー","3157","33","100","6","¥ 6,236","¥ 6,236","1","B0FX46HSY1","","40","40","28","4200"
"【iClimb（アィクライム）】キャンプロールテーブル アルミロールテーブル ★ロール天板最新デザイン 耐久性強化S‐GreenUS","3162","72","","222","¥ 7,541","","1","B0D66NWNFK","B097T6GKK2","44.3","15.1","7.2","1048"
"GEKETY エアーマット キャンプ マット コンパクト 足踏み式【厚手10㎝・簡単設営】 無限連結 枕付き エアマット 車中泊 防災 寝袋 テント用","3172","93","400","1282","¥ 5,675","","2","B0B1TDHWT8","B0HG7WCKQC","36","23.7","12.6","1860"
"BASARO (バサロ) AIR RIDE 国土交通省型式承認品 桜マーク タイプA 自動膨脹式 ライフジャケット 桜マーク付き 自動/手動双方対応モデル 救命胴衣 全航行区域対応 大人用 釣り 肩 肩掛けタイプ 首 首掛けタイプ メンズ レディース サイズ 60～130cm 日本メーカー B-Lifejac-AX01 日本語取り扱い説明書 (ブラック迷彩)","3204","80","50","41","¥ 12,580","","1","B0GV1ZTRBH","B0GV21VRH8","33.8","27.3","9.2","860"
"ウォーターバッグ トレーニング器具 15kg ウォーター 筋トレ トレーニング 体幹 高耐久 エアポンプ付き 目盛り付きでおもり調整可能 マニュアル付属 (最大15キロ)","4522","52","","48","¥ 5,499","","1","B0GJ4BBZHR","B0GJ45W8D4","30.5","20.9","8.4","900"
"TENASGEAR シノビアーマー【厚み30％オフ服下着用可】アンクルウェイト リストウェイト 10段階調整 0.3～2.1kg(片脚) 最大4.2㎏ 修行 トレーニング (両脚)(Ankle)","3209","90","50","106","¥ 5,980","","1","B0CN5JS2N2","B0CN5PCJZ2","31.3","21.7","8.4","4410"
"Continental(コンチネンタル) GRAND PRIX 5000 グランプリ5000 (700×25c) [並行輸入品]","3214","99","200","1393","¥ 17,400","","13","B07KKFJ34B","B07KKD8TH8","23.1","15.9","7.8","530"
"EENOUR ゴルフレーザー距離計 K1 (LCD黒表示 K1, ブラック)","3216","99","50","98","¥ 12,979","","1","B0GJ5NMNK8","B0GYX48VCH","16.1","9.1","7.1","400"
"VERSA GRIPPS® PRO オーセンティック。世界最高峰のトレーニングアクセサリー。アメリカ製 (XS-Lime)","4117","48","","8484","¥ 11,250","","1","B00GP071OM","B0DXZ1PDZ9","28.2","27.2","3.4","190"
"2025 TITLEIST(タイトリスト) PROV1 プロV1イエロー (１ダース12球入）","3219","118","200","77","¥ 6,250","","28","B0DVLBTRD2","","19","14","4.9","640"
"ニューエラ New Era キャップ 9FORTY / Cloth Strap 15128923 NER36C9423 NYラベンダー ニューエラキャップ ラインストーンMLB ONSPOTZ別注 MLB Rhinestone ニューヨーク・ヤンキース メンズ レディース 帽子 エムエルビー キラキラ キュウフォーティー おしゃれ ストリート ブランド 旅行 日焼け予防 対策 FREE","5068","34","","17","¥ 5,940","","1","B0GCMLVQPG","B0FQBSMNDY","22.8","22.2","10.6","100"
"【SIDAS】シダス インソール テニス・バスケットボール・バレーボール・バドミントン用 アクション 3D L 20121863 ブルー L(27.0-28.0cm)","3239","90","50","516","¥ 5,607","¥ 5,607","12","B008B0QM80","B06XCSBWK5","36.5","11","4.8","170"
"タイトリスト(TITLEIST) PRO V1 25 ローナンバー DZ","3245","97","100","68","¥ 6,660","","27","B0DVLQ2G3W","B0GJ4V8D2H","19.2","16.3","4.8","630"
"NidoDegato 折りたたみベッド シングル 簡易ベッド 長190*幅66CM ヘッドレスト6段調整 収納袋付き","3248","81","200","85","¥ 6,180","","1","B0DNW38V36","B0DNW5BLD7","74","60","16","2500"
"【アワード受賞・人気ブランド】 YouTen（ユーテン） ステッパー 有酸素運動 用 ひねり運動 ミニステッパー ダイエットマシーン ダイエット器具 シェイプアップ 2WAY 負荷調節 ツイストステッパー フィットネス 健康器具 静音 足踏み ダイエットマシン ダイエット ウォーキングマシン 踏み台昇降 (01.ブラック)","3249","75","200","33","¥ 6,780","","1","B0FPPKK4RZ","B0HDC381QP","100","100","100",""
"GENREEN スタンドアップパドルボード supボード パドルボード サップボード 大人３～4人乗れる 品質テスト×5 2026年素材新改良 硬度アップ 335*86*15cm 安定性 サイドカバー２重 マルチ用途 日本向け (ネイビーレッド)","3823","52","","94","¥ 21,990","","1","B0GH5PGP9Z","B0DWSKC5BZ","93","37","23.5","14000"
"KaRaDaStyle 体操 マット 折りたたみ ストレッチマット エクササイズ 筋トレ 子供 プレイマット 鉄棒 跳び箱 ヨガマット スポーツマット 厚手 防音 室内 家庭用 180X80CM 厚4CM AMZモデル (サンドベージュ)","3263","62","","328","¥ 6,282","","1","B0DZHHZTM4","B09Z273C1C","82","62","14","2000"
"Beyond Marina スタンドアップパドルボード SUPインフレータブル サップボード セット オールラウンド 超軽量 安定性 滑り止め 初心者 長320cm 幅81cm Dリング付き (木目)","3280","90","200","254","¥ 33,800","","1","B0CXT3H6GQ","B0DDTF3LYR","90","40","23","14160"
"【累計販売30000台】 鉄棒 室内 子供 屋外 家庭用 大人 高さ12段階 折りたたみ 耐荷重(約)100kg 錆びない コンパクト収納 折り畳み","3286","67","50","637","¥ 6,680","","2","B09ZNQCY53","B0FKMRWPHB","105","31.5","16.5","11050"
"Naturehike 公式 超高R値 エアーマット R4.6超軽量 約500g SGS認証 実用新案登録 4シーズン (≥-20℃使用可能) アウトドア 厚手7cm コンパクト キャンプ 登山 インフレーターマット 連結可能 耐水加工 車中泊 テント泊 防水 保温 防災 収納袋付き","4732","58","","633","¥ 12,990","","1","B0D4GXWHTJ","B0GLFTVDVB","23.6","12.6","12.6","1060"
"ケンコーソフトテニス練習球 スタンダード・ブルー 1ダース(12個)","3293","82","","360","¥ 5,016","¥ 5,016","1","B01ESQZKHY","B0D1BM1VN3","27","20.4","6.9","460"
"【ランディングに最適な一式セット/スーパーランディングシステム継承】ランディングシャフトセット プロックス(PROX) オールインワンミニSE 330 (AIOMS330)【ランディングシャフト・アルミ枠+網・ランディングジョイント・タモホルダースリムボディのセット】","3298","86","100","49","¥ 10,510","¥ 10,510","1","B0CXXG1JJ3","B0DJCX3P5H","57","38","6","810"
"パナレーサー(Panaracer) 自転車 空気入れ【全バルブ対応】ゲージ付き 高圧対応 アルミ製 シルバー BFP-02AGEZ2-S","3306","103","100","1227","¥ 5,409","¥ 5,409","17","B07MBZ36SN","B08W63D4FM","74","26","14.2","1060"
"Soltec-swim(ソルテックスイム) ハイドロ・テック2フィン スイム ハードタイプ ゴールド MLサイズ 201180","3307","71","","68","¥ 9,345","¥ 9,345","2","B00E58X0SM","B07CHF6XB6","42.3","25.7","10.8","1586"
"ソーヤー シングルミニ SP3404 SAWYER | 携帯浄水器 浄水器 ポータブル浄水器 防災 防災アイテム 災害用 非常用 キャンプ キャンプ用品 アウトドア アウトドア用品 登山【4個パック】","3350","74","","20","¥ 9,479","","3","B0DTJGG1KZ","B0DXN3MJ74","34.6","24.4","6","272"
"[MUELLER] ミューラー フォームローラー 筋膜ローラー ストレッチローラー マッサージローラー/日本独自開発 アスリート愛用 筋膜リリース ローラー/リカバリーケアローラー (ブラック)","3318","84","100","247","¥ 5,500","","3","B0FN3YBBTM","B0FND3MNRK","32.9","14.1","14","660"
"MIZUNO(ミズノ) ゴルフ ボール ミズノプロ S イエロー ダース 5NJBT835","3418","78","","28","¥ 6,490","¥ 6,792","5","B0GL2CBHBF","B0GQH1Y9S8","19.3","14","4.8","650"
"Niphean サップボード SUP ボード セット サップ 釣り 長320cm 幅84cm 耐荷重量204KG インフレータブル スタンドアップパドルボード デッキ アクセサリー付き 初心者sup 超軽量 安定性 滑り止めEVA (調節可能なパドル+フィン+ポンプ+防水電話バッグ+リーシュ+収納バッグ付き) 持ち運び便利","3328","74","50","3726","¥ 25,649","","1","B0FNWVZJ19","B0H9Z66VMY","88","40","21","12450"
"足踏み あしふみ あしぶみ ステッパー 座ったまま歩く運動器具 静音設計 ズレ防止 デスクワーク用 木製 非電動","3330","81","200","27","¥ 9,800","","2","B0GJZSZZ66","B0HBPGD76T","44.8","13.9","13.7","2120"
"【REFREEZE(リフリーズ)】 折りたたみ サッカーゴール 収納バッグ付き 室内 屋外兼用 ポータブル (200×130cm ブラック 2個セット, 200×130cm（持ち運び時組立・分解必要）)","3331","63","","520","¥ 7,980","","1","B0BLRCWJ6T","B08G18QYVY","45","22.7","13.4","3420"
"保冷剤 長時間 驚异の保冷力 強力 ステンレス製 Mサイズ 直径9.5cm 8個セット 倍速凍結 アイス保冷剤 圧倒的薄さ 抗菌 繰り返し使用可 お弁当 アウトドア 釣り 防災にも最適","5106","22","","3","¥ 12,980","","1","B0GYX15HWR","B0GYRKPLSX","10","9.5","2.5","2144"
"シマノ(SHIMANO) PEライン オシア ジガー MX4 600m 1号 ライムグリーン PL-O94P 釣り糸","3346","41","","95","¥ 5,400","","1","B01IEC4K74","B0D7C1NX1W","13.4","10.6","2.4","70"
"TOWILD CL1200 リモコン付き 自転車フロントライト USB-C充電式 1200ルーメン 5000mAh大容量 ロードバイク/クロスバイク用 下付け サイクルライト 夜間走行 サイクリング用ライト","3512","72","","1227","¥ 5,980","","1","B09Q844F4R","B0GT8VXL9H","14.7","9.9","4.7","280"
"KASIMO エアーベッド 電動ポンプ内蔵 【40cm高さ&自動膨張】エアーマットレス 厚手 キャンプマット 空気ベッド シングル","3363","51","100","34","¥ 11,730","","1","B0GYR1JRR7","B0H5VVKVKR","44.4","24.6","20.9","4990"
"KETTLEBELLKON（ケトルベル魂）ネオプレーンケトルベル（レギュラータイプ） (12kg)","3733","73","50","746","¥ 5,111","","1","B07JGGR5SC","B09NT2P5ZY","26.2","18","17.4","12180"
"コールマン(Coleman) マルチレイヤースリーピングバッグ 寝袋 シュラフ オールシーズン 封筒型キャンプ アウトドア 丸洗い可能 洗濯機可 防災 春用 夏用 秋用 冬用 フェス 連結可能 車中泊 来客用 使用下限温度-5度","3365","106","200","2872","¥ 11,600","¥ 11,801","10","B07M7D4Y5D","B0DQ59BQ61","53","39","36","5560"
"tusa sport(ツサスポーツ) シュノーケリング シュノーケル フィン ゴムフィン フルフットフィン ブルー Mサイズ UF1202 (対応サイズ:25~27cm):480×195mm","3882","46","50","60","¥ 5,034","¥ 5,034","1","B09WGLRC3P","B09X2KYLPJ","50.7","23","14.6","1200"
"HAPBEAR ヨガマット 特大 幅広 トレーニングマット 厚め TPE製 両面滑り止め 防音 ヨガ ピラティス トレーニング対応ブラック","3367","79","50","1725","¥ 7,980","","1","B0FD2Z6RJK","B0CJXT81XX","142","15","14.5","2240"
"2026 Topps Baseball Series 1 - Japan Edition - Hobby Box/公式 トップス 75周年 ベースボールカード 日本限定版 (1ボックス / 20パック入り)","3369","102","200","20","¥ 13,200","","4","B0GW7DLJ8M","","13.7","12.3","6.6","9"
"CAMDOOR キャリーワゴン 特大容量240L 脱着式タイヤ 3秒で収納 超軽量 後部展開可 長物対応 アウトドアワゴン 高耐荷重120kg","3374","90","100","163","¥ 10,752","","1","B0F2DV1XPK","B0F2F917VK","44.4","35","19.7","8000"
"ChillCamping (チルキャンピング) クーラーボックス ソフトクーラー 保冷バッグ クーラーバッグ アウトドア キャンプ (カーキLサイズ)","4007","74","50","450","¥ 5,200","","1","B0B628VMM6","B0HCCS1KJZ","39.9","31.6","11.3","1040"
"パナレーサー(Panaracer) グラベルキング 700×28C クリンチャー GRAVELKING 黒 F728-GK-B2","3386","92","50","149","¥ 5,019","¥ 5,019","14","B0CWKH5Q69","B0CWNT1B3T","24.1","10.2","9.5","340"
"[BASARO] バサロ AIR FLOW 偏光サングラス サングラス 釣り メンズ レディース 運転用 軽量 B-Lifeglass-Flow01サイズ:フリー (ホワイトナイト)","4083","46","","44","¥ 5,180","","1","B0GXTXWX1V","B0GXV8FD23","17.6","8.6","7.1","20"
"AIRHOP 腹筋マシーン シットアップベンチ 筋トレ用 3段階調整可能な抵抗と自動リバウンド機能付き 自宅用腹筋器具","3969","27","","439","¥ 6,998","","1","B0H3KNMN3J","B0FX4LD4PW","55.1","50.8","15.7","5148"
"[ファイテン] RAKUWA磁気チタンネックレス メタルトップ グレー/シルバー 50cm｜磁気ネックレス メンズ レディース｜管理医療機器｜首こり 肩こり改善 血行改善｜アクアチタンX50採用｜リカバリー リラックス サポート","3403","76","","583","¥ 8,580","¥ 8,580","4","B0BHF3J8XR","B0H6ZZT5BS","11.2","11","3.4","80"
"Airefina エアーベッド エアマットレス 空気ベッド 電動式 シングル キャンプ 簡易 電動ポンプ内蔵 来客用 耐荷重249kg 長さ190×幅100×厚さ46cm AF-A03","3406","62","50","538","¥ 10,399","","1","B0FXXLF4TS","B0GMPSR9F2","42.6","32.2","16.8","5500"
"ヨネックス テニス グリップテープ ウエットスーパーグリップタフ AC13730 ホワイト(011)","2742","89","","379","¥ 7,500","¥ 8,112","23","B0B6VLVBQH","B0GXYX6PQ6","30.7","16.5","4.5","220"
"[シマノ] ラフトエアジャケット (コンパクトタイプ・膨脹式救命具) ブラック フリー VF-053U Free Size","3933","98","200","377","¥ 16,573","¥ 16,573","28","B09F9P6GSC","B0DPPFZYGJ","30.5","14.5","7.3","570"
"【SSK】エスエスケイ 硬式木製バット 野球館オリジナル SSK sbb3009 サブロー型 85㎝ 860g","3435","69","","25","¥ 8,499","","2","B093ZX667T","B093ZWCXPN","85","6","6","900"
"XINCAMPING 折りたたみ式ピクニックブランケット - 71インチ x 82インチ 特大キャンプブランケット 防水 砂防止 軽量テントマット アウトドア/キャンプ/ハイキング/ビーチ/テント/公園/音楽祭用","3692","29","","83","¥ 5,342","","1","B0FPW57ZYS","B0FXWXKTYH","30.6","20.8","3.3","440"
"VICTORINOX(ビクトリノックス) コンパニオン スリム アロックス 多機能 ナイフ アウトドア キャンプ 防災 ナイフレス ブレードレス サバイバル 十徳 6機能を搭載したスイス製マルチツール 小型 誕生日 プレゼント ギフト シルバー 銀 【国内正規品】 0.8170.26","3881","94","","317","¥ 5,940","¥ 5,940","1","B0FGJW76MR","B0FR99W4W2","9.7","2.7","1.7","70"
"MOJEER ダンベル 可変式 24kg/40kg アジャスタブルダンベル 1個/2個セット 2.5～24kg/5~40kg 15/17段階調節 5秒で重量調整 クイックダンベル 筋トレ 002 (黒, 24kg×2)","3451","114","100","181","¥ 17,998","","1","B0D2WRSL78","B0FBGRBK7R","43","20","20","47990"
"PROIRON ダンベル プレートバーベル プレート 10kg 2個セット 穴径25ｍｍ 鋳鉄製 トレーニングバンパープレート","3463","87","50","344","¥ 5,508","","1","B07WHFXCKG","B0D72DX478","35.5","31.5","8.8","20200"
"ダイワ(DAIWA) アジングロッド 月下美人 アジング 68L-S・R 釣り竿","3465","95","50","259","¥ 13,475","","8","B088GVB1D8","B097YGTXPB","110.9","9","5.9","560"
"ニューハレ(New Hale) New-HALE(ニューハレ) テーピングテープ 足首 すぐ貼れるシリーズ X-TAPE (20枚入) 721873","4311","90","50","145","¥ 5,688","¥ 5,688","8","B004JM1HJ8","B0DL5H7V9Q","28","10.1","2.2","140"
"MR. NOMADS 【ラグビー日本代表使用】 キャリーワゴン キャリーカート 4輪 こども乗せれる 折り畳み 軽量 大容量 150L コンパクト 大きいタイヤ 頑丈 耐荷重150kg 自立収納 ワンタッチ収束式 アウトドアワゴン キャンプワゴン カート 子供 (KW001 Olive) リアゲートなし","3476","83","50","124","¥ 12,900","","1","B0B4W76MD3","B0CP9ZYBPN","77","37","25","9500"
"[ＩＮＤＩＶＥ] ビブス ゼッケン 番号入り サッカー バスケ 大人 子供 (1-22番, イエローグリーン, 子供用)","3483","67","","9","¥ 8,091","","1","B0GRN2MNSN","B0GRMM4QZ1","33.2","31.5","10.5","1180"
"シマノ(SHIMANO) シーバス スピニングロッド 23 ディアルーナ S80MH","3484","94","","9","¥ 24,391","¥ 24,391","11","B0BRBTC4RN","B0CG1GV76X","135","15","10","1000"
"ダウンブローマスター【正規品】ネイビー【青山加織プロ監修】 ゴルフ 練習器具 手首矯正 ハンドファースト 習得 動画講座7本付き Down blow Master ゴルファボ GOLFavo","3207","84","400","594","¥ 5,500","","1","B0CB86LWJF","","24.5","13.4","2.7","90"
"ANYATE 折りたたみベッド 簡易ベッド コット 室内外兼用 アウトドア キャンプ 耐荷重200kg 組み立て不要 収納袋付き (ブラック)","3496","64","100","320","¥ 6,980","","1","B0GV3SXJ2Z","B0C9QSPH7J","105.1","27.3","19.2","6980"
"Far North マルチグリドル 33.6cm 【軽く割れずピタッとゼロ収納の蓋付き5点セット】 グリドルキング 750g","3497","72","50","305","¥ 5,580","","1","B0D9NV21GZ","B0GXH3KL7D","36.6","36.5","6.3","1690"
"ソト(SOTO) フィールドホッパーTrek ST-633 キャンプ テーブル アウトドア ミニ","3501","90","50","6","¥ 6,377","¥ 6,377","25","B0GX1425RL","B0GXKCWLNZ","33.3","11.7","3.1","370"
"キャロウェイ(Callaway) クラブセット WARBIRD クラブセット10本R(カーボン)セット キャディバッグ付き 2019年モデル","3503","91","100","371","¥ 67,721","¥ 67,721","16","B07NS8D6YZ","B0CBR1CJSZ","124","40.4","28.2","9600"
"FIELDOOR 【完全遮光】 タープテント 専用サイドシート(横幕) 遮光PUコーティング ウォールタイプ スチール製・アルミ製共通(G03モデル) [ライトベージュ] [3.0m専用] [2枚]","3506","67","","7","¥ 7,100","","1","B0DJSJZ2GP","B0D58XM7FV","40","28.5","6.7","1790"
"VICTORINOX(ビクトリノックス) スイスチャンプ トランスルーセントレッド スイス・アーミーナイフ 多機能 ナイフ 防災グッズ アウトドア キャンプ プライヤー はさみ ルーペ付き 33機能を搭載したスイス製マルチツール コンパクト 十徳ナイフ 【国内正規品】 1.6795.T","3507","71","","13228","¥ 11,758","¥ 11,758","3","B000MLQPCE","B0GN2DJKP1","13.8","10","3.8","222"
"ダイワ(DAIWA) タックルボックス TB4000 ブラック/レッド 釣り ボックス","3510","93","50","684","¥ 5,181","¥ 5,181","12","B07WQ5JS39","B0BWJJXFBK","45","29","28","2540"
"Ledlenser H8R 25周年モデル ヘッドライト 600ルーメン LED IP54 USB-C対応 バッテリー 長持ち 製品登録で25年保証 信頼のドイツブランド レッドレンザー","3748","48","100","86","¥ 12,397","¥ 14,160","6","B0GJT88SDP","B0GSR216D8","14.4","10","8.4","300"
"[スワンズ] 日本製 スポーツサングラス ランニング 偏光 剥がれないミラー E-NOX EIGHT8 G2 EN8G2-1951 CLBL MITブルーミラー×偏光スモーク イーノックスエイトG2 マラソン トレイルランニング テニス ゴルフ 大人用 メンズ レディース","5538","65","","1","¥ 16,270","¥ 16,270","12","B0GRGFKNPW","B0GY2RRML6","17","8","6","100"
"[ロジック] Logic ビブス 子供用 大人用 セット 10色展開 ゼッケン 収納バッグ付き 番号入り メッシュ 30日保証付き サッカー バスケ フットサル 学校 行事 自治体 運動会 22枚セット (大人用, ブルー)","3535","25","","78","¥ 8,990","","1","B08L8WJDPH","B0BVFKG44K","35","34","11.4","1930"
"FITPEAK リストラップ 筋トレ 【累計販売数1万突破】 手首 サポーター ベンチプレス ウェイト トレーニング 高重量対応 ブラック 90cm","3536","53","","150","¥ 5,980","","1","B0DR9SS57D","B0F7HG9JCF","32.9","19.1","3.9","380"
"Hikenture インフレーターマット 厚さ10/8/5cm 高R値 特許取得特大バルブ2個 自動膨張 キャンプ・車中泊マット","3498","61","50","488","¥ 6,528","","1","B0DSB6PKKY","B0FC2QYM7W","41.6","33.8","18.7","3880"
"haheヨガマット折りたたみ厚さ8 MMTPE滑り止め 筋トレーニングマットフィットネスマット188 cm×80 cm (ネイビーブルー)","3545","70","100","30","¥ 5,780","","1","B0FX9DT5VX","B0FX9F1X45","80","27","6","1300"
"phiten(ファイテン) ネックレス RAKUWA磁気チタンネックレス レザースタイル ブラウン/ゴールド 50cm","3553","68","50","46","¥ 9,240","¥ 9,240","14","B0BR4B58BH","B0H282MVPL","11.2","11.1","3.4","80"
"コラントッテ(Colantotte) TAO ネックレス RAFFI ブラック ABAPF01LL","3557","92","50","654","¥ 13,464","¥ 13,464","17","B01DNIXYH6","B093NYDQVJ","18.2","16.2","2.2","90"
"リーフツアラー(REEF TOURER) シュノーケリングベスト スノーケリングベスト インフレータブル コンパクト 折り畳み式 大人用 旅行向け RA0408 BKG XL 胸囲90～110cm","5254","64","100","60","¥ 6,297","¥ 6,297","1","B08BHHPP15","B08BJ9G4RP","30","20","5.6","380"
"KABUTO(カブト) 自転車 ヘルメット VITT (ヴィット) カラー:マットモノホワイト サイズ:XL/XXL 頭囲:(60-63cm) JCF公認","3564","73","","1421","¥ 14,609","¥ 14,609","11","B0CBM6VG8H","B091FN249Q","29.9","23.6","19.4","620"
"LUHANA タープ ヘキサタープ 難燃性ポリエステル 耐水圧8000mm ブラックコーティング 遮光 大型 5m延長ベルト付き 軽量 (サンドベージュ（難燃性ブラックコーティング）, 420×410cm（オールインワン）)","3565","60","50","18","¥ 12,620","","1","B0FY5WY7YB","B0DT44PTPR","57.7","16.7","16.6","6370"
"【ツイストステッパー正規品】RE ルネサンス ツイスト ステッパー Premium プレミアム SP-400 男女兼用 スポーツクラブがつくった 連続使用約120分 耐荷重120㎏ 静音 ツイスト運動 筋トレ＋有酸素運動 5年間商品保証 (チェスナット)","3570","60","50","99","¥ 15,980","","1","B0GTYJQQKM","B0DXDY814J","52","33.9","29.5","10000"
"電動エアーポンプ SUP用 20PSI 電動ポンプ ゴムボート 空気入れ 空気抜き 自動停止 過熱保護 日光可読lcd 7種類ノズル付き","3577","28","100","7","¥ 7,298","","2","B0H8H7S4TJ","B0H9L5113W","26.2","21.3","17.2","2080"
"シマノ(SHIMANO) スピニングリール 26ナスキー C5000XG","3586","129","100","26","¥ 11,682","¥ 11,682","23","B0G4LYCZ58","","16.5","13.6","9.9","450"
"AbuGarcia(アブガルシア) クロスフィールド XSFS-672L XrossField 2ピース 釣り竿 ロッド","4558","81","","1","¥ 11,621","¥ 11,621","20","B0D3D8JCCV","B0F7XFG3CD","110","9.5","6.2","650"
"ZEN Camps ソフトコンテナ ペグケース 大容量 折りたたみ ギアケース 軽量 キャンプ アウトドア 車中泊 ツールボックス 収納ボックス","3605","52","","16","¥ 9,262","","1","B0DVL98PRW","B0CNG98RXW","44.5","35.4","13.4","2720"
"キャロウェイ(Callaway) ゴルフボール CHROME TOUR X 26 TRUTRACK 1ダース(12個入り) 4ピース BLU/RED TRUTRK","4772","70","50","48","¥ 5,668","¥ 5,668","13","B0FX3CHGS3","B0H453YM41","19.3","14","4.8","630"
"ミカサ(MIKASA) サッカーボール 5号球 芝用 国際公認球/日本サッカー協会 検定球 ALMUNDO(アルムンド) 貼り レッド/ブロンズシルバー FT550D-RBS 推奨内圧0.900(kgf/cm2)","3626","54","","36","¥ 9,000","¥ 9,000","2","B0GH7HJKPQ","B0GN2SQ4KX","27.3","24.1","22.3","440"
"【日本ブランド累計販売48万個】Chill Camping アウトドアワゴン キャリーワゴン ベンチ カート 対荷重150kg 大容量124L 自立 コンパクト キャンプ チェア (サンド, Pro テーブル無)","3627","81","50","53","¥ 14,380","","1","B0GH75XRLW","B0GHP98V2R","78.8","56","23.9","10700"
"Mixiu クロスバイク シマノ製21段変速 自転車 700C 27インチ相当 高炭素鋼フレーム 軽量 男女兼用 通勤 通学 旅行 街乗り","3631","70","50","43","¥ 18,981","","1","B0FLVH45F4","B0HF3R5JWX","135","72","20","16000"
"オデッセイ(ODYSSEY) 右用 パター Ai-DUAL Square 2 Square JAILBIRD ZT (マレットタイプ STROKE LAB 120 BLACKシャフト 34インチ スチール) メンズ","3744","98","50","41","¥ 34,700","¥ 34,832","18","B0GF11MHG5","B0GJZTW911","89","13","12","720"
"kaitou ワンタッチタープテント テント タープテント ワンタッチ 日よけ キャンプ アウトドア レジャー用品 紫外線 公園 遠足 運動会 花見 3m×3m ブルー [並行輸入品]","3646","48","50","928","¥ 8,010","","1","B0978V1SWM","B0GSVJXG63","120","20","20","6000"
"グロング ダンベル 可変式 24kg×2個セット 可変式ダンベル 15段階 簡単調節 可変ダンベル アジャスタブルダンベル 筋トレ ブラック","3646","58","50","101","¥ 18,031","","1","B0G2PLZZ3Z","B0DK6F7DLT","56","35","30",""
"[ドレス] フェルトスパイク ウェーダー チェストハイウェーダー AIRBORNE XXL フェルトスパイク【身長】 180~185 【ブーツ】 29cm 防災 災害","3648","79","","943","¥ 8,599","¥ 8,599","3","B07Y55J2ML","B0H6ZMBMND","37.9","30.6","13","2760"
"SOLAVERO 11'*33"" SUPボード 初心者向け 耐荷重量190kg 収納に便利 釣りヨガ ペットとの外出に最適","9199","27","","21","¥ 20,489","","1","B0GQ6VFRPK","B0H2TKQJKD","90.3","38","21.5","12390"
"【公式】 FineCaddie ゴルフ 距離計 レーザー距離計 ゴルフ 距離計測器 J9/J7/J5RED/J5mini 3点間 小型 赤色表示 コンパクト 人気 ランキング 103g 軽量 スロープモードON/OFF可能 高低差機能 初心者向け プロ 競技対応 おしゃれ 充電式 専用マグネットケース付き ファインキャディ メーカ直営 (J12 VOICE RED, ホワイト)","4608","56","","9","¥ 20,600","","1","B0GL1LMMKR","B0DHZPQ42S","12.7","10.2","6.9","300"
"2026 Topps UEFA Japan Edition - Hobby","3374","82","100","9","¥ 18,480","","1","B0H2H5B83B","","21.2","14.5","3.2","450"
"OLIGHT(オーライト)Warrior Ultra タクティカルライト 懐中電灯強力 アウトドア 2500ルーメン 充電式 防災","3679","76","200","10","¥ 11,896","","1","B0H1LVQ41W","","18.3","8.1","7.4","470"
"ブライトン ガーディア Bryton Gardia R300L 自転車後方レーダー リアビューレーダー テールライト 最大190mまで後方からの接近車両を検知 ブレーキランプ機能搭載 最大17時間稼動","3680","76","200","764","¥ 10,164","","8","B0BV1Z2K62","","16.2","7.3","5.2","200"
"【アワード受賞・人気ブランド】 BARWING(バーウィング) ルームランナー 3way Max 12km/h 10km/h トレッドミル ランニングマシーン ルームランナー ウォーキングマシン 家庭用 ランニングマシン プログラムモード ダイエット器具 折り畳み (マットブラック)","4122","33","50","107","¥ 17,800","","1","B0H9LB5S4V","B0HDJ7GSLB","124","57.5","11.3",""
"PYKES PEAK ダンベル 可変式 20kg×2個 バーベル・腹筋ローラー付属の3WAY仕様【床キズ防止・錆びない・滑り止めグリップ】ホームジム 筋トレ 宅トレ (ライムグリーン)","4071","21","","5","¥ 10,800","","1","B0CNK1HQ5C","B0F6BGJC2P","57","29","21.5","40500"
"CHAOKE スピンバイク エアロバイク【ZWIFT連動/極静音/5年保証】 家庭用 ダイエット器具 組み立て簡単 連続120分 シームレスな負荷調節 フィットネスバイク 家族で使える！自宅で楽々ダイエット","3700","113","200","1385","¥ 18,031","","1","B0FN3CGCWG","B0HGLDHVQG","88","69","19","22300"
"ライト(LITE)メガパワーヒッターII M-255 メンズ(001)","5280","30","","241","¥ 5,000","¥ 5,000","2","B01EJH8RRM","","113","2.5","2.5","690"
"Nattork ローラースケート 子供用 バタフライシリーズ パープル S 17.5-20CM","3701","67","","124","¥ 5,091","","1","B0DGTNW49C","B0FQ9TMWM7","35.5","27.7","11.8","2350"
"ダイワ(DAIWA) スピニングリール 25CALDIA(カルディア) LT5000-C","3702","84","","6","¥ 24,910","","21","B0DTY8RRM9","B0DVLSBJMD","13.4","13.3","9.4","410"
"COROS (カロス) 心拍センサー アームバンド 心拍計 光学式 Bluetooth対応 高精度 長時間稼働 充電式【日本正規品】","3803","98","200","1596","¥ 10,890","","1","B0CH8LJL3Y","B0H2TRSG57","12.6","10.2","5.9","150"
"ドレス(DRESS) マキシマムワインダー EVO 糸巻き機 釣り糸 ラインワインダー 4.5倍速 電動ドライバー対応 テンション調整 簡単取り付け","3710","97","300","677","¥ 5,000","¥ 5,143","7","B09DPK3MXH","","30.5","13.5","6.6","690"
"SANLIKE タモ網 ランディングネット 玉の柄 8m カーボン 超軽量 堤防 磯釣り 海水 淡水対応","3713","38","","713","¥ 10,399","","1","B07LF2KR2Z","B09JVY8KK1","114.1","18.1","6.4","1100"
"シマノ(SHIMANO) スピニングリール 22 ステラ C3000MHG ステラ","3725","107","50","35","¥ 75,559","¥ 75,559","8","B09R95H2DY","B09VPBC5P4","15","13.4","9.6","470"
"CYFIE タープテント 3mx3m ワンタッチテント 高さ3段階調節 uvカットコーティング 高耐水加工 スチールフレーム 組立て簡単","3773","71","50","128","¥ 9,998","","2","B0D7P582KK","B0H45WQQYY","118","19","19","13500"
"[GOMEXUS] ゴメクサス J15 偏光サングラス 釣り 専用 スポーツ サングラス 偏光レンズ ゴルフ ドライブ ハイキング セーリング適用 CR-39 高精度光学 レンズ ファッション 曇り止め 撥水 99%紫外線カット 専用ケース付き","3734","94","50","211","¥ 7,992","","1","B0CXSWJ1JH","B0H3P6PZ87","18.3","8.9","8","200"
"パナレーサー(Panaracer) グラベルキングSS 650×43B チューブレスレディ GRAVELKING SS 茶 F650B43-GKSS-D2","3755","82","","105","¥ 5,273","¥ 5,273","10","B0CWK4HBLX","B0CWNT63HC","19.2","18.7","17.3","580"
"ホンデックス(HONDEX) 魚群探知機 PS-611CN2 BMOバッテリーセット","3756","74","","22","¥ 64,840","","4","B09KC9QKCM","B09Y3S4VMS","23.1","17.4","16.7","1450"
"[コラントッテ] ネックレス ルーチェαマット 100 M ABARN01M ブラック","4068","78","","273","¥ 19,402","¥ 19,800","17","B09TSDX31Q","B09VPFKKZ4","12.8","12.6","2.3","70"
"ProsourceFit Acupressure Mat and Pillow Set for Back/Neck Pain Relief and Muscle Relaxation, Large - Black/Black","3771","71","100","50773","¥ 8,285","","3","B0BG6N7W91","B0DCMBJNTV","41.5","24.3","19.9","889"
"ブルーストーム(Bluestorm) Re:カリフウエスト ハンターグリーン BSJ-7300RS 型式承認品 ウエスト ライフジャケット 救命胴衣 手動膨脹 コンパクト ショア おかっぱり","3774","93","200","90","¥ 11,000","","1","B0DV2HVM3R","B0GJ5S1YMX","26.2","18.9","9.8","460"
"Continental Ultra Sport III - ロードバイクタイヤ | モダンなトレッドデザインの万能ロードタイヤ - E25 Ebike定格 - PureGrip (ブラック/ブラウン) (700x28)","3776","86","","3588","¥ 13,460","","7","B0BBZ93F8V","B0D6XMHJSC","25.1","9.8","8.3","350"
"OLIGHT(オーライト) Marauder Mini 懐中電灯 ledフラッシュライト ハンディライト ライト 小型 強力","3781","60","50","121","¥ 16,197","","1","B0BHRWLTFL","B0GLYKT9HJ","18.1","12.1","7.7","800"
"FIELDOOR アルミテントポール 直径24mm 【レッド】 2本セット ＆ 収納バッグ 6本連結 調節可能 70～230cm プッシュピン 4段階 伸縮 分割式 キャンプ タープ","3788","69","","126","¥ 6,680","","1","B08G4295Y8","B08K8ZZ78J","42.4","11.4","9.8","1720"
"Coleman(コールマン) ワンマイルチェア(ジェットブラック) キャンプ アウトドア 椅子 折りたたみ","3792","98","100","130","¥ 7,117","¥ 7,117","7","B0G2LHW35S","B0GFS7C86L","99","45","45","4300"
"KaRaDaStyle 体操マット 折りたたみ プレイマット 子供 ヨガ ストレッチ 鉄棒 跳び箱 運動 厚手 防音 防水 室内 家庭用 エクササイズ スポーツ 190×80×3cm (オレンジ)","3795","68","","370","¥ 6,516","","1","B08KXLMC9M","B09Z1K8CLK","83.6","40","17.4","3120"
"SWANS(スワンズ) スポーツサングラス FACEONE フェイスワン FO-3501 BK 日本製 ミラーレンズ ブラック レッドシャドーミラー×スモーク(裏面マルチコーティング) 野球 テニス サイクリング ランニング","4986","79","","107","¥ 14,309","¥ 14,309","10","B0824RK3FK","B0GX9V54NF","19.2","9.2","8.4","160"
"ABUS(アブス)自転車 鍵 ロック ロードバイク鍵 チェーンロック 110cm 4804/5805 セキュリティレベル4〜5【日本正規品】","4044","82","","471","¥ 5,400","¥ 5,400","2","B073XF7399","B0DNMSF2RK","29","10","3","700"
"フレックスベル 正規品 32kg 2kg刻み 2個セット 16段階 アーミーグリーン","3798","36","","622","¥ 71,060","","1","B0851FXCJ5","B0H8SS4665","57","52","30","66000"
"STEADY ディップススタンド プッシュアップバー ST126 【独自開発のTS System支柱 (特許庁実案登録) 耐荷重150kg】","3811","85","100","1462","¥ 9,530","","1","B09222M1HN","B0FW55VPML","71.1","31.7","14.6","11362"
"スノーピーク(snow peak) Stainless Cooling Pack Set 保冷剤 ステンレス 急冷 2枚セット キャンプ スポーツ","3813","76","600","32","¥ 6,600","¥ 6,600","5","B0GTQG46LP","","18.2","12.4","3.2","930"
"グロング GronG ダンベル 10kg 2個セット グレー","3828","43","50","627","¥ 6,780","","1","B0BF939N8B","B08V88LWX2","27","26.5","14","20450"
"【Amazon.co.jp 限定】キャスコ(Kasco) UFO AIR UT by POWER TORNADO R AA + マーカー付き","5144","46","","49","¥ 27,827","¥ 27,827","1","B0GF76H19Z","B0GPWRRJ1X","115.5","10.5","9","790"
"ミカサ(MIKASA) バレーボール 4号 日本バレーボール協会検定球 中学生・婦人用 イエロー/ブルー V400W 推奨内圧0.3(kgf/cm2)","3852","95","500","1222","¥ 5,566","¥ 5,566","23","B07NJ848H3","B0GN2TBZ2N","18.5","18.5","18.5","240"
"FUTUREFOX 【防災士推奨】 簡易トイレ 防災トイレ ポータブルトイレ トイレキット付属 (簡易トイレ（本体）)","3861","70","200","200","¥ 10,260","","1","B0F11WF6G2","B0F12PXWQZ","57.6","42.1","17.5","4390"
"クイックキャンプ ワンタッチ タープ テント 2.5mx2.5m サイドシート 大型 サンシェード 日除けサンド シルバーコーティング アウトフレーム","3863","82","100","459","¥ 9,980","","1","B07P5HZTH5","B0H7C1338P","121","17","17","10000"
"GARMIN(ガーミン)スマートバンドCIRQA Smart Band L/XL Black ランニング 睡眠モニタリング 心拍計 10日間ロングバッテリー","3868","27","","","¥ 32,801","¥ 32,801","1","B0H93LSBQ6","B0H93T6W1C","9.3","9.2","8.4","200"
"ダイワ(DAIWA) タイラバロッド 紅牙X 69XHB-S ブラック","5857","83","50","139","¥ 12,140","¥ 12,705","17","B09R459BSC","B0GPQKGNZJ","113","8","6","700"
"DOD(ディーオーディー) シャワワワー 【防災士監修】充電式シャワー 簡易シャワー 海水浴 サーフィン 大容量4000mAh キャリーバッグ付 【キャンプ&防災】 SW1-200-BK","3870","70","200","7","¥ 6,399","¥ 6,399","2","B0G8SSKL84","","26.1","23.4","6.4","750"
"HAGOOGI LEDランタン キャンプ ライト「1台5役・3000lm超高輝度」折りたたみ式 キャンプ ランタン Type-C急速充電 オリーブ","3880","59","100","5","¥ 7,980","","2","B0GZ32PKN4","B0HG8RKTJ8","30.2","11.3","7.9","770"
"キジマ(Kijima) 電動空気入れ スマートエアポンプ ハイパワーモデル バイク 自動車 自転車 ボール コンパクト 2000mAh×3/11.1V 最大150PSI typeC充電 JP03 302-324","3892","90","200","110","¥ 5,805","¥ 5,805","12","B0DG8JQRBM","","18.3","8.6","8.4","710"
"Hogssy Roller(ホグッシーローラー) Yumicoプロデュース 筋膜リリースローラー ラベンダー 45cm","3895","37","100","13","¥ 12,000","","1","B0GJ5YX6HZ","B0GJ5SLBKQ","47","16.8","16.8","1000"
"EPA登録済 フロンティアーズマン・ベアスプレー 熊スプレー 熊撃退スプレー ホルスターセット 【パッケージ無し簡易包装】 （イノシシ、鹿などにも）噴射距離12.2m 大容量258g(272ml) 【世界No.1ブランド】【アメリカ政府環境保護庁EPA登録】【正規輸入品/日本語表記】 注文前に出荷元を必ずご確認ください （株）トウキョウジュウホウから購入の場合の有効期限 【2030年05月】","4507","81","100","346","¥ 9,900","","1","B00HWP0M4U","","25.5","8.1","6.4","320"
"【公式】 EARTH LEAD セルフスタンド ゴルフ クラブケース 【超軽量 9色 大容量収納】 クラブ ケース フード＆大型ポケット付き 超軽量 低重心 安定感 (ネイビー)","3902","58","50","1697","¥ 6,480","","1","B07P7KZ464","B07P7MMJTZ","88","24","20","1100"
"ほんまでっか！？TVで 健康ステッパー！ 運動不足の罪悪感を解消 無意識運動 これなら継けられる ストレスが消えていく 健康 足踏み ステッパー 器具 機器 テレビを見ながら テレワークしながら","5798","66","200","214","¥ 8,980","","1","B0CKP31HNB","B0CZH3QNW7","45.4","33.9","7.2","1940"
"TITAN MANIA(チタンマニア) ドリッパー コーヒーフィルター チタン製 一人用 紙フィルター不要 ペーパーレス スタンド分離","3534","71","","37","¥ 5,510","","1","B09BC8ZCHB","B0FHPLYBF9","12.2","9.6","9.2","80"
"ブルーストーム(Bluestorm) ライフジャケット カモ M トカラウ BSJ-201ARS","4826","61","50","28","¥ 7,900","¥ 8,451","5","B08T63R6FD","B0GJ5PSQ2N","49","47","10.3","560"
"JACK BOSS 折りたたみベッド 組立簡単 幅広簡易ベッド 折り畳み 高さ調節 大容量 軽量 収納付き ネイビーブルー TJB1080G","3910","62","50","160","¥ 6,780","","1","B0F292TR8C","B0FC2JNGK7","120","27","20","9180"
"MKS(三ヶ島製作所) 自転車 ペダル マウンテンバイク アルミニウム ALLWAYS (オールウェイズ) ブラック","3912","113","200","1297","¥ 7,299","¥ 7,299","10","B07FFPXRTN","B07FWCKHNQ","16.9","12.3","8.4","460"
"サンワダイレクト ポータブル 拡声器 ハンズフリー ワイヤレス 有線マイク付属 大音量 小型 AUX/USB/microSD対応 400-SP115","3917","87","100","23","¥ 10,620","","1","B0F3BX2CWJ","B0F4WXDZRG","32.6","22.4","8","770"
"POLICE MAGNUM 熊撃退スプレー 中型 (全国の複数の国公立機関・地方自治体正式採用品/JSDPA認定品) B-609","3919","88","200","1264","¥ 5,800","","1","B077PXRQP1","","19.2","8.5","5.4","220"
"Sekey キャリーワゴン 大容量150L 【本体わずか約6.8kg】 タイヤ取り外し可能 アウトドアワゴン 小回りがよい 高耐荷重150kg ブレーキ付き 軽量 自立収納 静音 キャンプ・レジャー・釣り・運動会 キャンプカート 黒","3929","50","","109","¥ 7,580","","1","B0GMWNPBPM","B0FZBZ8GXH","44","25.5","19","7300"
"山善 トランポリン 室内 102cm 安全ゴムバンド式 折りたたみ 子供 大人 ダイエット 運動 健康 静音 家庭用 大型 ブルー OTP-100(BL)","3930","70","","858","¥ 6,305","¥ 6,305","1","B07FM6NBMJ","B0H9PZ5MSW","78","37","10","6260"
"【新リニューアル】アイリスオーヤマ HUGEL 真空断熱クーラーボックス 20L チャコールグレー 7日保冷 インナートレー ハンドル VITC-20R","3938","82","100","19","¥ 16,917","¥ 16,917","6","B0GR4ZF7N5","","58.3","38","37.5","7220"
"Litume 3枚セット 170×122cm 軽量・柔らかいベルベット トラベルブランケット｜防災・飛行機・旅行・キャンプ・電車・バックパッキングに最適｜折り畳み式デザイン＆収納ポーチ付き｜台湾製","3944","56","","1623","¥ 13,990","","1","B0F9FC4TYQ","B0H7JH3LS1","20","15","10","500"
"Unigear ヘキサタープ tcタープ ポリコットン 難燃 遮光遮熱 焚き火可 コンパクト収納 設営簡単 キャンプ・アウトドア用 5m延長ベルト付","3976","81","50","864","¥ 7,461","","1","B09QXKPLPP","B09QXFTQMG","43.3","20.3","16.1","3490"
"UNP テント 2人用 キャンプ ソロテント 1-2人用 コンパクト ドーム型 通気 防風 撥水 ピクニック お花見/防災/登山/釣り","3947","80","50","88","¥ 5,680","","1","B0DP2G2QV9","B0H1CCMVRF","44.5","14.2","13.4","2380"
"AIFLYCY 寝袋 シュラフ 封筒型 軽量 冬用 夏用 足元に二重保温 230T防水 オールシーズン コンパクト 来客用","3968","48","","1425","¥ 5,593","","1","B0DDSN69DC","B0BJL117QM","44","34.5","14.5","3400"
"FEUERHAND(フュアーハンド) ベイビースペシャル 276 オリーブ 12622","3975","88","","166","¥ 7,889","","5","B01B8F0OCO","B0DBHQZFDR","27.8","14.6","14.2","620"
"ANTARI（アンタリ） ライト・スモークリキッド 『FLR-5』","3979","49","","106","¥ 5,199","","4","B005JA6XBG","","29.2","19","14.2","5505"
"BUNDOK(バンドック)ソロベース BDK-79TC パップテント 軍幕 収納コンパクト 【1人用】","3981","109","200","2166","¥ 7,530","¥ 7,530","5","B07WHGJHBS","B0B3VMC1JP","42.9","22.7","20","4580"
"[コラントッテ] TAOネックレス αARAN シルバー 磁気ネックレス メンズ レディース 男性 女性 (1, 47, センチメートル)","4004","95","100","904","¥ 21,000","¥ 21,000","19","B08DND5L54","B0D3317R8S","31.3","22.8","2.2","200"
"【純国産】ストレッチボード アサヒ ストレッチングボード足首ストレッチ ふくらはぎストレッチ アキレス腱伸ばし 足首を柔らかくする器具 アーチ インソール 階角度調整 耐荷重150㎏ 体操マニュアル付【正規品】 (Ver.2(ホワイト))","4005","97","50","1197","¥ 9,900","","2","B000BK6CHE","B0GY28Y34K","36.9","31","12.9","1960"
"【小さい！速い！見やすい！】FOSSiBOT F1000 ゴルフレーザー距離計 3点間距離測定 LCD黒表示 0.02s測定 光学6.3倍望遠 高透過レンズ 1000m/1093yd対応 マグネット Ultra-mini ゴルフ 距離計 ミニ 超軽量 IP54防塵防水 ピンロック スロープモード 競技モード 超小型 距離測定器 高低差 手ブレ補正 充電式 専用ケース付き (ブラック)","4012","88","50","218","¥ 13,275","","1","B0FGCDY2QB","B0H6WLBZ1Q","15.2","8.7","6.7","390"
"PROIRON ダンベル 可変式 40kg 4 in 1 2個セット コネクション・チューブ（延長用シャフト）dumbbell でバーベルにもなれるダンベル ホームジム 筋トレーニングとウェイトリフティング用 (40kg 4 in1 イエロー)","4019","63","","2","¥ 9,349","","1","B0FW51CWCL","B0FGPS4P3Z","71.5","32.5","22","42100"
"SONGMICS ダンベル 鉄アレイ 筋トレ 男性 女性 8 KG x 2 個セット","4020","76","","523","¥ 5,990","","2","B0F98RRR2P","B0C2BJC9CH","30.9","28.1","17.4","16560"
"DOD(ディーオーディー) ワンポールテントS 3人用 【収納コンパクト&かんたん設営】 T3-44-BK","4025","110","100","1568","¥ 7,707","¥ 7,707","7","B07CM9Q4JX","B08241ND1T","54","16.6","16.4","3480"
"[ドレス] タクティカル チェストバッグ ラージ 大容量 釣り フィッシングバッグ ビッグベイト対応 VS-3020ND収納 ロッドホルダー","4033","34","50","99","¥ 8,355","¥ 8,355","2","B0H7HF1Z9Z","B0HFHWG4SF","38.4","29.5","7.2","850"
"[HOTSUIT] サウナスーツ メンズ 上下セット 驚きの着心地 大量発汗 トレーニング ランニング用","5855","36","","","¥ 9,750","","1","B0FSKNSF6H","B0HF9N6STR","37.4","26.5","5.8","730"
"Helinox(ヘリノックス) アウトドア グラウンドチェア 1822229 ブラック (BK)","4038","105","100","1221","¥ 14,364","¥ 14,364","15","B079LRSRRV","B0BN3YSWMX","31","15","12","680"
"TUNENGE S15充電式キーチェーン懐中電灯、650高ルーメンEDC懐中電灯、超高輝度LEDミニ懐中電灯、キャンプ、ハイキング、アウトドア活動、緊急時に適しています(カーキ6500K)","4551","46","","79","¥ 5,635","","1","B0CS268H67","B0GY9CZ7VV","12.3","6.3","2.4","68"
"タイトリスト PRO V1 2025 ダブルナンバー・ホワイト【2ダースセット(24球)】","4042","95","100","30","¥ 12,400","","13","B0DYV4FB3V","","19.8","13.9","9.4","1270"
"ハピソン(Hapyson) 充電式ラインツイスター YH-740","4046","80","","17","¥ 6,834","¥ 6,834","13","B0CCNR6PR6","B0DFH7YCCJ","19.1","11.8","3.6","130"
"【特別版】簡易包装 2本セット パナレーサー(Panaracer) アジリスト 700×23C クリンチャー 黒/アンバー F723-AG-AX-2P","4053","88","","67","¥ 12,050","¥ 12,050","1","B0DR8C11XQ","B0DSBFL329","26.9","16.6","7.6","370"
"CuteeFox 商品 トレーニングベンチ＋可変式 ダンベル 24kg アジャスタブルダンベル 2個セット 2.5～24kg 15段階調節 5秒で重量調整 クイックダンベル 筋トレ 折り畳み フラットベンチ 腹筋 背筋 ダンベルベンチ 角度調節簡単 収納便利 009ZH (赤青)","4383","26","","101","¥ 23,998","","1","B0FVXRCR22","B0GL7TG3LS","20","10","10","63990"
"スノーピーク(snow peak)アメニティドーム3 SD-030 ［3人用］テント キャンプ アウトドア 簡単設営","4769","85","","823","¥ 76,780","¥ 76,780","8","B0FDBB3PWK","B0GKFF3JWQ","73","25","25","10000"
"[コラントッテ] SPORTS PRO マグチタンネックレス 160 ループ：ブラック×レッド トップ：ブラックチタン×レッド M 47cm","4065","93","50","281","¥ 24,000","¥ 24,966","22","B0CWVDQXBH","B0CWYGRH7T","15.3","13.1","2.9","100"
"WAQ キャリーワゴン【 大型タイヤ 】自立収納 コンパクト 耐荷重150kg ワンタッチ収束式 106L 大容量 折り畳み アウトドアワゴン キャリーカート キャンプカート 軽量 4輪 特大 タイヤ キャンプ (ブラックネイビー)","4069","84","100","3013","¥ 10,620","","1","B0969GHZZ1","B0HFS1Z2TQ","80","44","26","13100"
"キャンピングムーン(CAMPING MOON) フィールド キャンプ マルチラック ラック 折り畳みラック 黒メッキスチール製 収納バック付き 本体T-230 3点/竹製天板フルセット T-230-3TP","6304","74","","1045","¥ 8,909","¥ 8,909","3","B07S5XTJ3T","B0D2H3GZPB","64.5","42","9","8760"
"PYKES PEAK (パイクスピーク) ポップアップテント マジックテント 2-3人用 (スカイブルー)","4077","39","50","39","¥ 5,879","","1","B0H418558Y","B0H411XC2K","61.5","61.5","9","3300"
"90.5%医師推奨意向 骨盤底筋トレーニング MYTREX マイトレックス AQUA QUTTO EMS 頻尿 尿漏れ アクアキュットMT-AQ24B","4079","88","100","190","¥ 20,592","","1","B0DBL8S8S4","","34.1","31.1","10.7","1720"
"ダイワ(DAIWA) クーラーボックス プロバイザートランクHD II ZSS 3500 ゴールド 35リットル 釣り","4092","106","50","127","¥ 45,969","¥ 45,999","18","B08W56156H","B095YL4W9D","72.4","37","36.8","9360"
"Soomloomテント タープ用ペグ/ステーク 64チタン合金製 固定ロープ付き7.5mm25㎝ 高強度 耐食 超軽量 アウトドア/キャンプ用品 (25cm16本セット 収納バッグ付き)","4101","33","","169","¥ 6,900","","1","B0BR3Q7KN9","B0BMQ59HYJ","27.4","7.1","5.2","890"
"[スワンズ] 日本製 サングラス メガネの上からかける オーバーグラス OG5 オージーファイブ 夜間使用 夜間運転 ドライブ ランニング OG5-0121 CBK ナイトイエロー(両面マルチ) 夜間運転用サングラス","4113","60","","16","¥ 8,276","¥ 8,762","17","B0CQNZHPS6","B09L3RRLXC","18.3","7","6.3","80"
"PIVOT GEAR ウォーターバッグ トレーニング器具 ウォータートレーニング 体幹 36L","4123","76","100","453","¥ 6,631","","1","B07YS34SJF","","45.1","21.9","10.8","1580"
"LPN ストレッチポール(R)MX ピンクベージュ","5426","51","","845","¥ 12,100","¥ 12,100","1","B0GF63NW4S","B0GFS7RXXS","99","12.5","12","1000"
"FIELDOOR ワンタッチタープテント 【4点ロック/強化版/スチール】 G03専用 設営簡単 スピーディー 別売りオプション豊富 高耐水加工 シルバーコーティング UVカット [通常タイプ] [3.0×2.0m] [ブルー]","4130","70","","118","¥ 13,800","","1","B0FWJ6273D","B07DVHKZ36","114","24","21","15230"
"Coleman(コールマン) コンロ クールステージツーウェイグリル 3~4人用 レッド 170-9433","4135","106","300","544","¥ 5,827","¥ 5,827","11","B004IWR4UU","","51.5","42.9","17.5","4470"
"2025 TITLEIST(タイトリスト) PROV1x プロV1xイエロー (１ダース12球入）","4143","112","100","32","¥ 6,120","","20","B0DVLV69B1","","24.9","19.8","6.8","630"
"JPYiZren アウトドア テーブル チェア 7点セット アルミテーブル椅子 ピクニック ベンチセット ピクニックテーブル 超軽量 折り畳み 組立簡単 収納バッグ付き BBQ お釣り テント ガーデン 屋外 キャンプ用品 (7, ベージュ)","4602","65","50","210","¥ 9,980","","1","B0CBPSC7H7","B0FH69BQSW","68.5","34","31","12220"
"【公式ストア限定】シックスパッド コアヒップ・ヒップフィット/SIXPAD Core Hip ・Hip Fit ＋コントローラーセット (アッシュブルー, L, コアヒップ)","4164","53","50","116","¥ 58,300","","1","B0GZW3R2NH","B0DSJ3PJ1S","34.5","28.7","14.4","1170"
"BICYCOVER(バイシカバー) バッテリー式 電動空気入れ 全バルブ対応 自転車 ママチャリ コンパクト 英式 仏式 米式 軽量 小型 サンドベージュ","4174","57","100","345","¥ 5,585","","2","B0BM8KQDPF","","19.7","11.1","5.3","570"
"LALPHA (ラルファ) アイスジャグ アイスコンテナ 保冷 保温 真空 断熱 氷入れ ICE Cold Hot対応 ステンレス キャンプ アウトドア (3.6L ブラック)","4179","53","","76","¥ 5,499","","3","B0FND1YQ8R","B0FPX6XC2B","35.2","19","16.4","1730"
"ブルーストーム(Bluestorm) 国土交通省型式承認 小型船舶用救命胴衣(桜マーク) Type A 膨脹式ウエストタイプ ライフジャケット Reソバーウエスト 2.0 ルミナスブルー(Luminous Blue) BSJ-5930RS2.0","4621","32","","357","¥ 17,665","¥ 17,665","2","B0H3V3SRZK","B0H31R62P9","41.4","19.8","8.8","550"
"ナイキ ユニセックス Brsla ドローストリング - X","4191","37","","60","¥ 14,400","","1","B0FPD7HT6W","B0GV4J33QY","43.4","26.4","7","222"
"FIELDOOR 車中泊マット 厚さ10cm エアーマット キャンプ インフレーター 大径バルブ USB充電ポンプ内蔵 ベッド 極厚 SUV ミニバン 軽自動車 車内泊 防災 アウトドア コンパクト収納 [Lサイズ/ポンプ内蔵タイプ] [ブラウン]","5374","23","","","¥ 14,500","","1","B0GSPL1NJ1","B0D53PCWCJ","61","52","17","5600"
"PYKES PEAK 【インテリアに馴染む】 電動エアーベッド 厚さ40cm 電動ポンプ内蔵 自動膨張 折りたたみ式 コンパクト 持ち運び便利 来客用 車中泊 キャンプ 防災 家庭用 枕付き 収納袋付き (ダブル/グレー)","4195","51","50","52","¥ 7,981","","1","B0H3V17G3K","B0H414TB9G","57.9","32.1","21","6110"
"ダイワ(DAIWA) スロージギングロッド OUTRAGE(アウトレイジ) ＸＶ ＳＪ ６３Ｂ－２","5523","42","","","¥ 14,245","¥ 14,259","12","B0FKSPGL6J","B0FL1QXYWG","159","14","9","317"
"FLEX-PULSE（フレックスパルス）ソフトケトルベル (16kg/グレー)","4798","83","","5","¥ 6,650","","1","B0D4KNL5G8","B0D4B7134D","30","20","19.4","7000"
"FIELDOOR 電動 ポータブルシャワー 簡易シャワー USB充電式 アウトドア 携帯 水量調節 温水対応 ホルダー付き 海水浴 サーフィン マリンスポーツ キャンプ 釣り 洗車 [バッテリー/8,000mAh] [連続使用 約180分] [モード切替可能シャワーヘッドセット]","6444","51","","3","¥ 7,000","","1","B0GN61HNZN","B0D9BD4W8G","29","17","12","900"
"Beaut 耳つぼシール チタン粒 粘着強化耳つぼブレスシール (20粒×20シート) ジュエリーなし 【初心者用耳つぼ説明書付き】","4221","61","","4","¥ 6,100","","1","B0FDW2PTVC","B0C2QQ3397","15.3","7.1","2.1","40"
"Ledlenser(レッドレンザー) P17R Core LEDフラッシュライト USB充電式 [日本正規品] Black 小","4239","68","","114","¥ 13,100","¥ 20,691","7","B08F7WM5S7","B0BGPMQ544","32.5","14.9","9.1","1610"
"【わずか7cmに折り畳み×特殊低温保冷剤付き】クーラーボックス [買い物からキャンプまで幅広く使える]保冷バッグ 大容量 断熱 クーラーバッグ ソフトクーラー 釣り 20L ブラック","4251","53","50","53","¥ 5,400","","1","B0H4654PD3","B0FHYCVCW1","39.1","32.3","11.1","1600"
"DABADA（ダバダ） トランポリン 大型102cm【耐荷重150kg】 (オレンジ) 家庭用 折りたたみ 子供用 大人用 エクササイズ","4254","52","","287","¥ 5,350","","1","B0169VO9NC","B01MTL5SUF","80","40","11","7300"
"【累計100万本】POM 熊スプレー 熊撃退スプレー くま 熊よけ 【米国EPA水準】 日本正規輸入品 射程10m 登山 アウトドア 225ml","4265","27","100","22","¥ 7,490","","1","B0GYSVGDCG","B0GYZGMYLW","27.4","8.8","8.7","440"
"スノーピーク チタントレック900 SCS-008T","4265","105","50","899","¥ 5,940","¥ 5,940","17","B000AR2N3K","B0FK3FHYVN","14.7","13","13","280"
"シマノ(SHIMANO) スピニングリール 21 スフェロス SW 8000HG オフショア ジギング キャスティング","4266","126","50","150","¥ 15,118","¥ 15,118","2","B09BFM9254","B09CQH3PNT","19.9","16.3","14.3","870"
"TIMBER RIDGE テーブル アウトドア 折りたたみテーブル 高さ2段階調整可能 120X60cm キャンプ用 ピクニック レジャー アルミ製 ファミリーサイズ","4283","75","100","199","¥ 5,399","","1","B09LYV5216","B0FD9FDC96","61","61","7","5150"
"ダイワ(DAIWA) 友舟 ＧＸ－５６０Ｗ カーキ／イエロー","4759","85","50","18","¥ 6,014","¥ 6,014","15","B0DQ53DF5W","B0DR2SVJB9","38.9","24.2","15.7","1160"
"【防災安全協会推奨品】Greeshow 携帯浄水器 電動式 災害用 3WAY電源 手回し充電 濾過器 防災 アウトドア サバイバル GS-2811","4286","79","200","238","¥ 14,228","","1","B0DDH4KK3N","B0DPW6GMHV","19.1","13.6","11.2","180"
"バイクカバー 2~3台用 防水 アウトドア 自転車カバー ロック穴付き マウンテンロードバイク用","4938","29","","5347","¥ 5,076","","1","B0923LLGLZ","B0D8NQ786B","24.4","18","3.7","399"
"紀州備長炭 燃料用 BBQ バーベキュー用 ウバメガシ 白炭 (3kg)","4289","64","50","306","¥ 5,610","","1","B09RF8C6TN","B09RZFTKBX","46.7","22.3","9.5","3270"
"[Oakley] オークリー サングラス 0OO9271 FLAK 61 ユニセックス大人 2.0 (Asia Fitting) 927109 Prizm Golf","4301","109","100","148","¥ 16,718","¥ 16,718","13","B01BDR8HMG","B0FYRMV986","22.2","11.2","10.9","231"
"第一精工 ロッドホルダー 竿受け スーパー受太郎 240 02023 ブラック","4301","86","","1264","¥ 6,018","¥ 6,018","2","B000AR6SPE","B0CPRVQGQK","37.7","9.3","6.2","840"
"【AVASTA】FTDマウンテンバイク MTB 軽量アルミフレーム 26インチ/27.5インチ シマノ21段変速 フロントサスペンション 手動ロックアウト 前後ディスクブレーキ ブラック黒＆レッド赤","4317","35","","288","¥ 34,980","","1","B0D7BMN2MV","B0HF7QQQ44","138","76","20","19440"
"バタフライ テナジー・05 FX 006 05900 レッド 厚","4320","91","50","263","¥ 6,993","","8","B0040YM6X6","B0DQCH3MCF","20","18","1","100"
"Coleman(コールマン) テント ツーリングドームエアー/LX+ グレー 2人用 3人用 ポールポケット式 2000039085 キャンプ ツーリング ２－３人用 前室あり コンパクト軽量 ダークルーム 簡単設営 カンガルーテント ソロテント","4333","94","200","408","¥ 21,998","¥ 22,017","6","B0BHHBZTN8","B0CYBT4311","50.3","26.9","21.2","6080"
"FIELDOOR タープテント用ウエイト 5kg 重り マルチ ペグが使えないシーンでも 濡れても錆びない ポリエチレン製 重ねる 挟む 簡単設置 固定 テント設営 キャンプ [ブラック/4個]","4334","72","100","257","¥ 5,100","","1","B082NYDQ7Z","B0876KL9NM","54","27.5","17.5","21300"
"ロングフォールジグ タイプB 全色7個セット メタルジグ 300g ルアー ジギング ジグ アカムツ アカハタ キンメダイ カサゴ ハタ クエ カンパチ 釣具 BAKSTORM バクスト","5547","51","","83","¥ 8,441","","1","B0CY4CX1D1","B0CXWWM586","33.5","14.7","4","2230"
"TIMBER RIDGE リクライニングチェア 折りたたみ 耐荷重160kg ワイド(座幅60cm) 角度調節 インフィニティチェア キャンプ カップホルダー付 枕つき 一人掛け ゼログラビティーチェア リラックスチェア 仮眠 お部屋 オフィス 勤務 自宅用","5085","77","50","724","¥ 9,999","","1","B08CDSHBFB","B0D49PS7FF","95","77.2","14.7","11000"
"Aasnsn キャリーワゴン 【300L大容量 長物対応 後部展開可 耐荷重250kg】 キャリーカート ボトルポケット付き アウトドアワゴン キャンプ 折りたたみ ワンタッチ収束式 軽量 静音 キャンプ・引越し・BBQ・買い物・釣り・ゴミ出し・運動会 (グリーン，テーブル付き)","4353","54","50","18","¥ 9,720","","1","B0FY5WYY49","B0G4PV1SFK","75.5","66","22","14150"
"ダイワ(DAIWA)バッグ・タックル収納用品/ロッドケース SLロッドケース 170S(C) ブラックシルバー","4362","73","","15","¥ 5,462","¥ 5,462","6","B0D4TT2PV1","B0DR2LY2YT","173","9","8","1600"
"【パーソナルトレーナー推薦×一歩先の衝撃吸収】ヨガマット [深夜の宅トレにも]トレーニングマット 筋トレ ピラティス ホットヨガ ストレッチ 男女兼用 大判 ブラック","4366","61","50","19","¥ 5,380","","1","B0GCXP6DCK","B0H4YZBMXN","66.6","34.5","13.7","1320"
"adidas(アディダス) ヨガマット/ピラティスマット 5mm コーラルフュージョン 軽量 コンパクト キャリーストラップ付き ADYG-10500CF","4366","60","","228","¥ 6,225","¥ 6,225","1","B0BTJD1HJQ","B0CBTVCSB6","58.8","14.6","11.4","640"
"ダイワ(DAIWA) ロッド 21 リバティクラブ ショートスイング 20号-330・N","4369","65","","16","¥ 10,240","¥ 10,240","12","B0947NKVBM","B097YKMTWW","83.2","6.4","5","480"
"PYKES PEAK (パイクスピーク) テント 1人用 ドームテント 【UVカット 組み立て簡単 キャリーバッグ付き】 通気性 前後D型ドア 耐水圧2000mm ソロ キャンプ (ポールあり/オリーブグリーン)","4374","62","50","624","¥ 7,480","","1","B08CGLDZQW","B08CGKKTTB","44.9","17.8","15.7","3590"
"グリーンライフ(GREEN LIFE) Do It Yourself!! -どぅー・いっと・ゆあせるふ-日本製 バーベキュー BBQ 軽量 コンパクト卓上シチリン UC-350-DIY(MO)","4393","78","","","¥ 5,600","","2","B0BRRDY375","B0CWTDQTK6","36.5","23","16","1990"
"【理学療法士監修】AspRakuFit フィットネスバイク エアロバイク 家庭用 静音 スピンバイク 折り畳み 16段階負荷調整 ダイエット器具 健康器具 フィットネス サイクリングマシン トレーニングバイク 室内バイク コンパクト収納","4401","79","100","191","¥ 14,980","","1","B0FTDM2W15","B0H16G7Z6G","117.9","39.1","22.3","17890"
"adidas(アディダス) ネオプレンダンベル トレーニング 筋トレ ブラック 5kg x 2ペア ADWT-11405","4405","96","","166","¥ 6,726","¥ 6,726","13","B0BC9GVXGP","B0CBJ3JGKH","26.5","24.5","12.5","10540"
"WORKPRO 自転車用ライト2個セット、充電式ヘッドライト&テールリフレクターナイト。","4416","8","","1109","¥ 11,635","","1","B0FT71ZDGL","B0FD8JPG5V","18.2","11.5","4","331"
"ZETT(ゼット) 硬式野球 木製(合竹) バット エクセレントバランス 85cm 920g平均 ナチュラル/薄ダーク(1237) BWT17085 ナチュラル×薄ダーク(1237) 85cm","4417","75","","63","¥ 5,413","¥ 5,413","13","B08B66V2NJ","B0G2PPPBHN","85","6.2","5.8","1440"
"ブライトン Bryton Rider 650 サイクルコンピューター 33時間駆動 2.8インチカラータッチスクリーン 自動明るさ調整 自転車GPS (本体のみ)","4429","83","100","256","¥ 16,088","","4","B0FCSM2F61","B0HDBD4YY8","9.3","8.9","4.2","150"
"DOD(ディーオーディー) ビッグタープポール 250cm アルミ 収納袋 太さ28mm XP5-507-WD","4429","85","","3404","¥ 5,620","¥ 5,620","8","B079J1LN67","B01N950NX0","61","15.5","3.5","1100"
"as known ジム マット フィットネス フロア 床 50cm*50cm 20mm厚 ゴムマット 4枚 ジョイントクリップ12個セット","4436","77","50","29","¥ 6,700","","1","B0BP76HPMB","B0BX28ZMN1","53.5","52.6","8.7","16540"
"EDBD アンクルウェイト 5kg×2個セット 薄型 調節 5段階 筋トレ 重り 手首 足首 男女兼用 スリム スポーツ リストウェイト ダイエット ランニング ウォーキング フィットネス ブラック","4439","71","50","254","¥ 5,083","","1","B0D7NQMBJJ","B0DHKPFG8H","31.7","18.3","9.1","10000"
"折りたたみベッド 簡易ベット シングル 幅55×長170×高さ30cm ソファベッド 6段階角度調整 ワンルーム 寝具 オフィス 昼寝 リクライニング 疲れない 座椅子 室内 読書 テレビ鑑賞 耐荷重200kg 軽量 防災 収納便利 折りたたみ式 サブベッド (170*55cm)","4450","48","100","11","¥ 6,666","","1","B0H399CBD3","B0H394KZTV","68","54","15","5000"
"CAMDOOR キャンプ マット エアーマット ダブル 厚手 10cm より広い 90秒自動膨張･ソフトな手触り インフレーターマット","4459","77","100","172","¥ 13,480","","1","B0DBHWL1SB","B0GGHD2YSD","69.1","31.7","31.3","5880"
"MARUTO(マルト) チャイルドシートレインカバー 後ろ 子供載せ horo!(ホロ) Ver.6.5 Gスタイル シェル型 杢ブラック","4478","47","200","8","¥ 8,888","","3","B0H7H4VPGL","B0H7HCJ354","38.9","38.3","8.4","1260"
"アイリスオーヤマ ラジオ 防災グッズ 防災ラジオ 小型 充電式 手回し led ライト バッテリー 携帯 手回し充電ラジオライト JTL-29 ホワイト 幅約6.2×奥行約14.6×高さ約7.8(cm)","4484","63","100","613","¥ 5,427","¥ 5,427","41","B08QHTS7KZ","B0H8GXWQW4","22.3","19","7.3","390"
"Weber (ウェーバー) 47㎝コンパクトケトル バーベキュー コンロ グリル (温度計付き/蓋付き)【日本正規品10年保証】","4488","90","300","684","¥ 12,718","¥ 12,718","6","B083HFCJT6","B0H7RSWYC2","52.5","52.1","26","9340"
"WAQ Ultra Light AirMat ウルトラライトエアマット アウトドア 7cm R値6.8 R値7.0 超軽量 コンパクト キャンプ 登山 簡単収納 エアバッグ付 リペアキット付 r値 マット 車中泊 テント泊 防水 防災 (マミー2個セット-TAN)","6015","30","","97","¥ 26,960","","1","B0G23GM4TX","B0G23ZNNYD","27","10","10","1600"
"オルルド釣具 メタルジグF Eセット 11色 9.9cm 60g アシストフック付 シルバーフック qb100143e03n0","9005","17","","626","¥ 5,201","","1","B0GN9G5NGG","B07GNGMQPV","24","17","2","685"
"BIG RED 折りたたみベッド ワイド版 簡易ベッド 折り畳み 室内外兼用 寝心地良い 介護 折り畳み式ベッド 通気性 アウトドア キャンプベッド 収納便利 耐荷重：260KG 専用収納袋付き 黒い","4495","52","100","55","¥ 7,980","","1","B0FPBZDRHS","B0GL5276MS","120","27","17","9350"
"バタフライ(Butterfly) 卓球用裏ラバー テナジー80 05930 レッド 中","4498","89","","167","¥ 6,997","¥ 6,997","29","B00ARJRB8I","B085YDWB3V","20.7","17.7","1.1","86"
"スズキ(Suzuki) SUZUKIスクールタイマー7plus STEX-07P","4504","80","50","105","¥ 7,600","¥ 8,013","11","B0C1JZS2HQ","B0FPB3MCF9","24.8","15.4","3.5","500"
"HUGEL エアロゲルバッグインクーラーバッグ 3L AGSC-I3C チャコールグレー アイリスオーヤマ","4510","67","200","34","¥ 5,386","¥ 5,386","3","B0H44WYDQW","B0H44TVZQH","27.5","13.8","12","330"
"パナレーサー(Panaracer) エージーゼロ AGXERO クリンチャー 700×28C ブラック F728-AGX-B","4511","97","50","42","¥ 6,296","¥ 6,659","9","B0GMGF1BNS","B0GMG21TS1","23.4","9.5","9.2","270"
"内外ゴム(NAIGAI) 新デザイン ナイガイソフトボール 12インチ（3号）検定球 6球","5839","52","100","27","¥ 5,940","","1","B0G31VWK9D","","29.6","19.9","10","1300"
"リーディングエッジ バックエクステンションベンチ 折り畳み式 耐荷重110kg 角度調整機能 背筋 側腹筋 腹筋 トレーニング用 ブラック","4692","75","100","512","¥ 7,600","","1","B011PM9JTE","B0F2DNZND4","74","30","23","13000"
"酸素缶 携帯酸素 携帯酸素缶 [ OXY ONE mini ] 圧縮型 10L 大容量 酸素ボンベ 酸素スプレー 携帯酸素発生器 O2ボンベ スプレー (3)","4520","55","50","17","¥ 5,370","","1","B0F9NYCQPY","B0FF47M88M","15","4","4","160"
"NASUTO バーベルシャフト 180cm 直径28mm「80kgセット」","4666","16","","","¥ 36,800","","1","B0H4SZDTJG","B0F99KBJ4J","80","75","20","5000"
"WASAI(ワサイ) 懸垂マシン バーベルラック ぶら下がり健康器 公園の鉄棒のような開放感 広い土台で安定 ハーフラック パワーケージ セーフティバー付き スクワット ベンチプレス対応 9段階高さ調節 耐荷重150kg (BS312)","4526","90","","456","¥ 14,980","","1","B07V68MMB3","B0GW83RYKN","120","32","13","21500"
"Gruper ヨガマット 8mm エクササイズマット フィットネスマット トレーニングマットTPEリング保護素材 Pro 軽量 耐久性 肌に優しい 両面の滑り止 屋内運動 ピラティスマット, Pilates and Floor Exercises（抹茶グリーン）","4540","70","","1025","¥ 11,228","","1","B086DLLFR9","B0D6G4FYSH","62.5","15","14.7","1225"
"TITAN MANIA(チタンマニア) ペグ チタン製 チタンペグ 軽量 強靭 40cm 6本 セット テントペグ ステーク ソリッド 設営用具","4542","64","","849","¥ 6,642","","1","B08XNHDTXP","B0C6WXG99H","40.2","10.8","2.4","580"
"Rawlings(ローリングス)野球用 バッティンググラブ バッテ 手袋 両手用 2025 WORKHORSE バッティンググローブ WH25BG レッド USA S","4544","55","","36","¥ 5,192","¥ 5,488","4","B0DKT5ZYWC","B0DMF2HBRM","22","11","5","50"
"MOON LENCE アウトドア チェア 「より安定」 2wayチェア 軽量 折りたたみ コンパクト 耐荷重150kg キャンプ 椅子 グランドチェア 釣り 登山 収納バッグ付 ロー/サンド/2個セット","3511","15","","3683","¥ 6,766","¥ 6,766","1","B0H29H47JH","B0H5JT4TK6","34","28","13","2000"
"HAPBEAR エクササイズマット 8mm 厚手 ヨガマット 大判 高密度PVC トレーニングマット 滑り止め 防音 ホームジム おしゃれ ブラック","4548","82","50","750","¥ 6,783","","1","B0FH1Z6BPT","B0F5W8ZF51","125","17","7.5","5780"
"PuttOUT パットアウト プレミアムプレッシャーパットトレーナー ホワイト パター練習器具 パター練習","4562","80","200","218","¥ 5,900","","1","B0BL1SSV8X","B0C6MRMLYX","27.1","12.3","4.5","260"
"MASTERCANOPY ワンタッチ タープテント 2.5mx2.5m サイドシート1枚付き センターロック式 (ブルー)","5386","29","","6551","¥ 18,000","","1","B0FVSF7Q27","B0C91MZ5J1","118","23.5","22","15500"
"パクッと咥えて 4個セット タイラバ 210g 保護チューブ付き ヘッド ネクタイ オフショア ジギング ルアー BAKSTORM バクスト 釣具","5717","18","","48","¥ 5,680","","1","B0FL73XNN4","B0DVSNKWT1","16.5","4.8","3","920"
"パナソニック(Panasonic) チャイルドシート後ろ用レインカバー 自転車 グレー×ブラック NAR181 【純正品】","4570","67","100","460","¥ 11,558","¥ 11,558","6","B08Z7K1DM6","B0CLKLLFYZ","33.8","29.4","12.8","1300"
"リーディングエッジ アジャスタブルベンチ 背面10段階調節 座面5段階調節 耐荷重300kg トレーニングベンチ マットブラック","4573","62","100","86","¥ 26,820","","1","B0FFGP3D4P","B0FHHH8JB8","122","28","26","30000"
"MOJEER 懸垂マシン ぶらさがり 健康器 【 耐荷重180kg 高さ11段 】 アームレスト3段 プッシュアップバ一4段 懸垂バー 懸垂台 健康器具 チンニング ディップスス 多機能 筋力 筋肉トレーニング器具 家庭用 日本語説明書 YT005 (ブラック,L)","4575","86","200","114","¥ 8,997","","1","B0DJX8L2GQ","B0HB32LJ9H","109","36","16","19990"
"【理学療法士監修】Rimikuru ステッパー 静音 ハンドル付き 足踏み健康器具 運動器具 健康ステッパー 有酸素運動 初心者 高齢者向け","4580","86","200","83","¥ 8,480","","1","B0FWRSCX42","","45.5","28.5","27","7600"
"シマノ(SHIMANO) ロッド 22 セフィアBB S89ML","4580","66","","17","¥ 14,804","¥ 14,804","13","B0B7RP9YSB","B0BR76V3Z5","144","11","8","300"
"IMIEE 自転車 チャイルドシート レインカバー 子供乗せ 自転車カバー 厚手生地 防寒 雨よけ 日よけ ベンチレーション機能搭載 撥水加工 防水 広々空間 乗り降り簡単 収納バッグ付 (ブラック, 後ろ乗せ用)","4816","29","50","8","¥ 5,593","","1","B0H3ZXW9RS","B0H3ZVFX6H","46","33","12","1700"
"MASTERCANOPY ワンタッチ タープテント 3mx3m センターロック式 高強度スチール (ブラック)","4585","62","","8425","¥ 19,000","","1","B07QNJF4YW","B0BBL74HYD","119.1","22.6","21.6","16624"
"BAKSTORM スローフォールウイング Type インチク 100g 全9色セット メタルジグ スロージギング ジギング ジグ タコベイト 底物 青物 オニカサゴ マハタ タラ 真鯛 釣り具 バクスト","7402","19","","27","¥ 9,613","","1","B0GS9H9GFB","B0GS9CL1N4","25","19","3","990"
"ICECO アウトドアチェア 耐荷重285KG・1600D座面・A7075アルミ合金フレーム・ハイ/ローバック切替可能・竹製手すり キャンプ 折りたたみ コンパクト ガーデン 室内用 (ベージュ)","4597","51","50","111","¥ 11,279","","1","B0BVDRBDDR","B0BVDVF9RV","105","22","22","6450"
"UNIX(ユニックス) 野球 軟式 小学生用 練習用品 軟式練習用ボールJ号(12個) BB70-69","4660","73","","4","¥ 5,949","¥ 5,949","17","B07QW42V17","B07RZ6PVZH","29.8","22.6","6.4","1740"
"Wurkkos DL30 ダイビングライト LED 懐中電灯 水中ライト 潜水可能 3600ルーメン 超高輝度","4612","77","100","135","¥ 5,396","","1","B08SK3WMRD","B0HDBQWYFD","16","8.5","5.4","330"
"[Fungoal] ビブス 無地 ゼッケン 10枚セット 子供用 大人用 3サイズ 11色 収納袋付き [スカイブルー] [ユース 中学生]","5682","14","","8","¥ 5,080","","1","B0G2WGF64J","B0G2S5T98N","25","20","5","400"
"PD-RS500付属/SM-SH11","4625","110","100","4074","¥ 7,136","¥ 7,136","16","B07QFZR8YV","B08DK3BM1W","16.8","10.9","8.9","510"
"MOJEER 懸垂マシン ぶらさがり 健康器 【 耐荷重150kg 高さ6/7段 】アームレスト プッシュアップバ一 懸垂バー 懸垂台 健康器具 チンニング ディップスス 多機能 筋力 筋肉トレーニング器具 家庭用 日本語説明書 YT007 (黒，L)","4627","99","100","96","¥ 5,997","","1","B0GCCXTXF4","B0GCDLFH5Y","50","15","15","9990"
"Shock Doctor バイオフレックス運動用カップ 大人とユース用 XS","4627","88","","327","¥ 5,452","","31","B00181EP24","B0B9QYYJ75","22","12.3","8.2","90"
"SONGMICS キャリーワゴン 折りたたみ キャリーカート 200L大容量 最大耐荷重180kg 大型タイヤ 2個は360°回転 アウトドア ピクニック 買い物 ガーデニング キャンプ用 ブラック GFW201B01","7095","68","50","753","¥ 7,999","¥ 7,999","1","B0G6L2YDDR","B0DTB4KYSG","56.5","45.5","22","10050"
"AbuGarcia (アブガルシア) ロッドケース セミハードロッドケース 120-210 ウッドランドカモ","4634","77","","1425","¥ 5,370","¥ 5,370","8","B07QZRV2PJ","B0CC7SRGPT","123","9","8","780"
"シマノ(SHIMANO)自転車用チェーン CN-M9100 116リンク 12s ｸｲｯｸﾘﾝｸ付属 XTRグレード","4639","106","200","182","¥ 6,621","¥ 6,807","17","B07JHQ4MR5","","23.9","6.7","1.7","280"
"[キャンパーズコレクション 山善] タフライトテーブル (焚き火 バーベキュー) 熱・水に強い 折りたたみ式 大型 ワイドサイズ 高さ調整(3段階) ブラック TLTW-1880 (MBK)","4647","92","50","15","¥ 14,814","¥ 14,814","3","B0D1FSFF6G","B0F6N8NZT5","84.5","49","13","8600"
"VOLIX レバーアクションベルト ナロータイプ【待ち時間0秒のワンタッチ着脱】トレーニングベルト 筋トレ (レッド, S)","7735","52","","123","¥ 14,980","","1","B0D6G3FN13","B0D6GDP58Z","28.2","21","12.6","970"
"ヨネックス ニューオフィシャル 1本(1ダース・12球入) F-80 3","4652","104","100","147","¥ 6,930","","20","B000AS8VZI","B07BLRZLZ1","38.6","7.1","6.6","142"
"キャットアイ(CAT EYE) 自転車用LEDライト VOLT800（800ルーメン） USB充電式 最大8時間点灯 工具不要取付 HL-EL471RC","4658","78","100","1170","¥ 11,109","¥ 11,109","12","B015XQ3NRM","B08KQZ9DWL","17.5","14.8","5.5","210"
"アルインコ(Alinco) (ALINCO) フィットネスバイク コンパクトバイク ながら運動 電動モード/自走モード 静音 軽量 コンパクト 組立簡単 簡単移動 リモコン付き 電動ラクこぎサイクル FA3023R レッド","4660","95","100","52","¥ 11,520","¥ 11,520","8","B0C2V7LQWC","B0CPSW26W3","51.7","45.4","28.9","8570"
"パナソニック(Panasonic) リチウムイオンバッテリー NKY513B02B/25.2V-8.9Ah 黒 ブラック","4661","72","100","766","¥ 31,561","¥ 38,241","23","B014H03BSQ","B09L5DVP6Y","30","11","10.3","2220"
"Alebert アウトドアチェア インフィニティチェア 折りたたみ キャンプ 椅子「メーカー一年保証」 リクライニングチェア カップホルダー付き ゼログラビティーチェア ベランダ 椅子 庭/花見/砂浜/キャンプ/戸外用 折りたたみ椅子 (ベージュ, 単品)","4664","59","50","143","¥ 6,298","","1","B09SL5ZD97","B0DKX5JDYV","95","68","14.5","8260"
"AMOLED（有機EL）高精細ディスプレイ GreenOn（グリーンオン）「有村智恵プロ推薦」ザ・ゴルフウォッチ GS501 みちびきL１S対応 THE GOLF WATCH GS501 (通常版)","4673","92","100","90","¥ 21,109","¥ 21,109","12","B0D22CM28H","B0F3HYT4SB","13","11","7.2","120"
"ヨネックス BG66 アルティマックス ロール(200m) BG66UM-2 430","4681","109","200","361","¥ 16,590","","24","B005M0BIHM","B07C2JPXY6","21.2","17","2.4","130"
"【Amazon.co.jp限定】【55時間保冷】アイリスオーヤマ HUGEL 真空断熱クーラーボックス 保冷剤付き(2個) 6面真空断熱パネル 長時間保冷 40L チャコールグレー 大型 アウトドア レジャー キャンプ VITC40A","4681","82","50","125","¥ 26,071","¥ 26,071","1","B0C7TRXB5P","B0DB7PYWMQ","66.7","45.1","43.6","12560"
"[ジェスバサロ] JES-BASARO ウェーダー チェストハイウェーダー ラジアルソール フェルトソール ナイロンタイプ/インナーメッシュタイプ メンズ レディース 渓流 釣り 大きいサイズ ウエスト 胴長 長靴 全5サイズ 日本メーカー Ch-wad-rf-001 (26～27.5cm, ラジアルソール アクティブナイロンスタイル)","4682","20","","50","¥ 9,980","","1","B0C4NF8VD8","B0CB47TXNM","37.2","30.8","14.2","2570"
"スノーピーク ペグハンマーPro．C N-001","4686","95","50","545","¥ 7,978","","16","B000AR2OB6","B0BVSY3H3T","35.3","15","3.6","690"
"vittoria(ビットリア)RALLY TU ラリーチューブラー カラー:ALL BLK/フルブラック 28X23 FV51 中","4691","61","","604","¥ 5,243","¥ 5,243","9","B01IB8GU4M","B0CHQ41SK4","21","18.4","4.2","360"
"b.ring スマートリング G1 ステンレスモデル/シルバー US7号（日本基準13〜15号/内周54.5mm）","4711","37","","332","¥ 8,800","","1","B0DQ7X564Z","B0DQ84SQDG","9","8.4","2.9","70"
"OLIGHT(オーライト) Warrior 3S 懐中電灯 タクティカルライト アウトドア ハンディライト 2300ルーメン 充電式 防災 グリーン","4712","85","50","732","¥ 10,716","","1","B0B6P74SJ4","B0GLZKJSLB","15.6","7","5.9","370"
"Coleman(コールマン) アウトドアワゴンNXメッシュ(ジェットブラック)","4715","99","200","25","¥ 14,101","¥ 14,101","5","B0FZZPB1BG","","63","32","26","10680"
"BRIDGESTONE(ブリヂストン) ゴルフクラブセット BRIDGESTONE GOLF BG-100 キャディバッグ付きクラブ11本セット メンズ アイアン スチールSシャフト","4720","88","50","55","¥ 73,655","¥ 73,655","13","B09VH1LWYS","B09VKRSBQ6","128","38","29","12000"
"ACTFLAME ルームランナー 電動 ランニングマシン 折りたたみ式 ウォーキングマシン 静音設計 ブラック","4725","77","100","223","¥ 16,480","","1","B0F2FPP98T","B0HGPXNLXG","117","52","11.5","18000"
"OLIGHT(オーライト) Perun 3 LED 懐中電灯 白＆赤 ヘッドライト充電式 3000ルーメン 防災キャンプ 登山 停電緊急用","4726","77","50","99","¥ 10,716","","1","B0DBL7PY8N","B0GLPH123T","19.6","8.7","7.9","480"
"エアーベッド 電動ポンプ内蔵 Type-C 充電 極厚 25cm 自動膨張 ハニカム構造 防水 簡易ベッド air mattress (ダブル)","4096","47","","144","¥ 7,089","¥ 7,089","1","B0GSTTJ7RZ","B0GT44BYSB","34.5","26","14","2930"
"【公式】バスケットボール 渡邊雄太選手 愛用ブランド マクダビッド (McDavid) ファントム アンクルブレイス5 ハードサポート 足首 サポーター ラップタイプ ステー 左右兼用 固定 圧迫 安定 薄型 調節しやすい スポーツ バスケ バレー テニス M4305/M/L/BK","4738","87","50","87","¥ 5,451","¥ 5,451","28","B07QZGBRGB","B07YG4QMMY","25.4","13.2","5.2","160"
"ガーミン(GARMIN) Forerunner 165 BlackGray ランニングGPSウォッチ Android/iOS対応 Suica機能搭載 AMOLEDディスプレイ【日本正規品】","4744","96","500","389","¥ 36,000","¥ 36,000","6","B0CVWSTX7D","B0CWGDKY6T","34","11","4","100"
"ZEN Camps ペグハンマー ショートハンマー 軽量 小型 コンパクト キャンプ 木製ハンドル 名栗加工 真鍮ヘッド (榉木(ナチュラル))","5473","70","","71","¥ 5,201","","1","B0CHYWPLW8","B0DJ7JB91Q","22.4","11.6","4.2","520"
"AORTD ダンベル 2個セット 1kg/2kg/3kg/4kg/5kg/6kg/7kg/8kg/9kg/10kg 家庭用 ダンベルセット 筋トレ","5967","53","","71","¥ 8,999","","1","B0F6YK9T6B","B0FM27FQ3R","29.4","24.5","13.9","20230"
"テーラーメイド(TAYLOR MADE) Qi35 10.5 Dia SV TM55 S キューアイ サーティファイブ ドライバー メンズ フレックス：S 番手：10.5 RH シャフト：2025 Diamana SILVER TM55","4753","86","50","80","¥ 42,100","¥ 41,138","10","B0DQ837NVC","B0DSZGLY88","123","16.5","11","930"
"タープテント 2m×2m 75D オックスフォード生地 日除け 日よけ 天幕テント 遮光 UV カット 耐水加工 アウトドア キャンプ ピクニック 花見 運動会 公園 遠足 イベント 簡易日差し遮阳篷 業務用テント","4754","59","50","90","¥ 9,300","¥ 9,300","1","B0GX6223MZ","B0GZ3M9FLW","120.5","18","18","9000"
"ドレス(Dress) チェストハイウェーダー アクティブフィット ラジアル ブラック S【ブーツ】25cm 軽量 釣り 胴長 長靴 防水 海釣り 渓流","6470","22","","3","¥ 8,142","¥ 8,142","2","B0H62BMNFP","B0H9WJX2RG","37.2","30.4","13.4","2310"
"ダイワ(DAIWA) フィッシュグリップV 230 シルバー","6998","82","","396","¥ 6,128","¥ 6,128","23","B08FQ9PYG8","B0B6GF4LDJ","31.1","14.2","2.5","230"
"MORGEN SKY ライフジャケット フローティングベスト ネオプレーン素材 CE認証取得済 JSY03(XXL)","4781","67","50","96","¥ 5,899","","1","B0D4PB4XDV","B0CB48NB4H","43.7","34.8","11","1270"
"チチロバ(TITIROBA) トレーニング ジョイントマット エクササイズ 防音 振動吸収 床保護 60x60x1.3cm 12枚入り ブラック","4784","93","50","415","¥ 5,480","¥ 5,480","1","B0F9Y6KH7R","B0FLK86LC1","62.5","62","17.5","4900"
"ナガセケンコー ケンコーボール公認球 J号(小学生用) 軟式野球公認球 1ダース J","4795","117","100","325","¥ 6,424","¥ 6,424","24","B07HMYVM3R","","29","21.6","7.1","1700"
"ダイワ(DAIWA) スピニングリール 24セルテ-ト LT4000-CXH (2024年モデル)","4807","141","50","82","¥ 47,922","¥ 47,922","67","B0CQJB3Z2J","B0CQLKC1WZ","16.5","14.4","11.9","480"
"【プロアスリート愛用】uFit Balance Ball バランスボール 55cm ブルー カバー付き アンチバースト 空気入れ 椅子 日本ブランド","5779","61","","787","¥ 5,980","","1","B0CGDPJ2CR","B0CLD51X5B","30","30","12","1500"
"INTEX(インテックス) ベッド エアーベッド [フットポンプ付ダウニーエアーベッド 152×203×25cm 64763] 【日本正規品】","4813","57","","253","¥ 5,268","¥ 5,268","14","B07XQSYHG9","B0BG536X75","37","30.8","17.6","4150"
"[エクセル] FP-5785 【中割×フェルトソール】 FP-5780後継モデル 鮎タビ 23～28cm 釣り アウトドア 鮎釣り 渓流釣り 滑りにくい FINAL PERFECTION (ブラック×ブラック, 日本の靴のサイズ寸法, 大人, 長さ・寸法・重量（範囲）, 25.5 cm, 26.0 cm)","6559","54","","5","¥ 6,768","¥ 7,008","15","B0GGHG1G6G","B0GGHGVH63","29.8","23.3","12","1200"
"XJIM テント ワンタッチテント 5-6人用 前室あり キャンプテント 自動開閉 5秒設営 初心者向け 4000mm耐水圧 防風防水 UVカット 四面メッシュ コンパクト軽量 撥水加工素材 二重層構造 4シーズン キャンプ ピクニック 防災 収納袋付き (オフホワイト, 240*240*155)","4833","24","","8","¥ 7,649","","1","B0H32Z6QGP","B0GTYHW6J8","86","15","15","5000"
"セルフスタンドクラブケース 超軽量 980ｇ 全17色 大容量 フード・ポケット付 初心者 WE-SSCC01-7 ホワイト WORLD EAGLE","4842","58","","1968","¥ 5,330","¥ 5,400","2","B076H46TV1","B09XBR8CQ8","87","20","18","1500"
"AIJYU CYCLE 折りたたみ自転車 16 インチ 軽量 ミニベロ 折りたたみハンドル フロントライト ワイヤーロック錠 プレゼント [SK-16] (ホワイト)","4844","50","","238","¥ 12,330","","1","B0D48THY6K","B0BM43N2RX","69","53.5","29","14000"
"Goldwin(ゴールドウイン) カーフスリーブ 着圧ソックス ふくらはぎ サポーター 血行促進 足のむくみ UV ユニセックス C3fit コンプレッションカーフスリーブ GC04352 グレー L","5082","27","","60","¥ 5,500","¥ 5,500","1","B0CP9G7BJ2","B0H1HMJ1D3","18.7","11.4","2.5","40"
"【アワード受賞・人気ブランド】 YouTen(ユーテン) さか上がり 鉄棒 調整 子供用 てつぼう 高さ可能 折り畳み キッズ 室内 (キッズ 鉄棒ブルー)","4850","53","50","150","¥ 5,980","","1","B092YG372H","B0DRNNM42G","83","45","10","10000"
"ゼット(ZETT)軟式野球 キャッチャー用 ヘルメット ネイビー M BHL40R","4854","67","","287","¥ 6,910","¥ 7,488","21","B006VOB0O4","B078VH6ZYM","26.3","22.3","17.2","458"
"【JIS基準合格】折りたたみ自転車 26インチ シマノ6段 シティサイクル PROVROS(プロブロス) P-266 (マットアイボリーホワイト)","4859","44","","219","¥ 20,880","","1","B0CV3KT7RZ","B0BYDF6VDQ","91","80","38","20000"
"GENTOS(ジェントス) LED ヘッドライト USB充電式 【明るさ650ルーメン/実用点灯10時間/後部認識灯】 専用充電池使用 Gシリーズ GH-118RG ANSI規格準拠 ブラック","4864","96","50","131","¥ 7,593","","10","B09R3VDJNH","B0DH82WWN6","13.5","11.8","9.9","480"
"GARMIN(ガーミン) HRM 200 (M-XL) 【日本正規品】","5193","79","50","27","¥ 12,000","¥ 12,000","1","B0F9L93CBF","B0FBFWFF3N","13.2","7.1","4.6","100"
"FIELDOOR 【完全遮光】 ワンタッチタープテント 【4点ロック/スチール】 G03専用 サイドシート1枚付属 遮熱 風抜けベンチレーション 高耐水加工 シルバーUVカットコーティング 紫外線カット [遮光タイプ] [2.5×2.5ｍ] [ブルー]","5713","18","","","¥ 15,400","","1","B0FYLRS86G","B0G6CPH7RL","114","22","22","12000"
"コールマン(Coleman)クアッドマルチパネルランタンｐｌｕｓ（グリーン）","4877","99","100","24","¥ 8,819","¥ 8,819","12","B0DMVCXD39","B0DRC86LZK","24.9","15.5","15.2","1350"
"le coq sportif(ルコックスポルティフ)マットシンプルデザイン大口径キャディバッグ9.5型 LG4FCB02M ホワイト×ネイビー","4878","59","50","156","¥ 23,392","¥ 23,392","9","B0CPPT5YV1","B0GPWFFMHP","100","46","30","4800"
"BRIDGESTONE(ブリヂストン) キャディバッグ 軽量ベーシックモデル CBG422 NW 2024年モデル","4879","65","","185","¥ 18,900","¥ 24,970","14","B0CSYY6R1C","B0CTGGCT4J","88","42.5","26.5","3960"
"IRC(アイアールシー)井上ゴム バイクタイヤ GP5 リア 80/90-17 50P チューブタイプ(WT) 107588 二輪 オートバイ用","4886","67","50","112","¥ 7,463","¥ 7,463","7","B0DXYTFH6P","B0FKMN75YP","55","55","8","1500"
"スキルズ(SKLZ) ミニバスケットゴール 室内用 壁掛け ドア掛け 練習用 折りたたみ可能リング 飛散防止バックボード 付属ミニボール付き ミッドナイト 1715【日本正規輸入品】","6350","79","","3456","¥ 8,789","¥ 8,789","2","B00LCYUPBM","B0FCFHL7Q3","46.4","31.1","8","1769"
"【Amazon 限定ブランド】エアーベッド 電動ポンプ内蔵【25cm厚&90秒自動膨張】H&W 電動キャンプ 空気ベッド エアマット 折り畳み式 電動ベッド エアーベッド シングル Type-c 取り外し可能 耐荷重300kg 防水性・通気性・快適性 収納袋付き 枕付き 日本語取扱書 寝室/オフィス/キャンプ/リビングルーム/テント/車中泊 マット/来客用/防災用 (ダブル・ベージュ）","4905","88","50","922","¥ 6,980","","1","B0D5HT8STB","B0D9NK3NJ9","35","29.1","16.6","4630"
"RAYZESTTOP リバウンドネット ピッチングネット 練習用具 自主練習 室内外兼用(ブラック100*100CM)","6130","78","300","89","¥ 5,180","","1","B0FBR848NZ","B0FGNTMY2W","63.8","37.5","7.8","3700"
"パナレーサー(Panaracer) 自転車 空気入れ P-pump PRO 電動ポンプ 仏式/米式バルブ対応 830kPa 自動停止 シリコンケース・延長ホース・収納バッグ付属 電動空気入れ エアポンプ BEP-02B","4910","85","200","15","¥ 10,855","¥ 10,855","9","B0GZ3776ZL","","12.8","8.8","4.2","200"
"シマノ(SHIMANO) 22 セフィアBB C3000SHG","4912","70","","68","¥ 12,776","¥ 14,349","11","B0BHDDFK2W","B0BPWMJMWF","15.1","13.2","9.2","430"
"スノーピーク(snow peak) ランドネストドーム S SDE-259［1-2人用］テント ソロ デュオ キャンプ アウトドア 簡単設営","4917","114","100","283","¥ 22,104","¥ 22,104","6","B0BXSTCF5T","B0GT59QMXZ","63.4","27.6","21.6","8150"
"コンチネンタル Ultra Sport 3 Black-Black 700×25C FB (0150457) バイシクル タイヤ ： ブラック CONTINENTAL [並行輸入品]","4922","61","100","978","¥ 7,187","","7","B083RVTXCB","","22.7","15.7","8.9","650"
"シマノ(SHIMANO) ベイトリール 両軸 18 バスライズ 3.5号糸付き 初心者向け","4929","118","50","142","¥ 5,351","¥ 5,351","20","B07B43HV1R","B08X36XRVT","15","13.2","9.2","340"
"21Technology 自転車 ロードバイク 700c ジェットブラック 700×28c シマノ14段変速ギヤ ドロップハンドル 補助ブレーキ搭載 前後キャリパーブレーキ","4936","60","50","1677","¥ 21,420","","2","B08LPB7C9B","B00I9055LM","134","70","24",""
"ダイワ(DAIWA) ショアジギング X 100MH ブラック","4937","73","","116","¥ 13,321","","8","B09R488K4M","B09SG5ZZ1V","164","10","7","390"
"BURTLE バートル アイスクラフト ベスト＆ペルチェセット(ユニセックス) ブラック IC101S 35 XL","5436","98","100","81","¥ 8,019","¥ 13,454","33","B0DV315455","B0DV3L2555","22.9","20.1","8.4","880"
"KAZOOキャンプ用自動屋外ポップアップテント防水用クイックオープニングテントキャリングバッグ付き4人用キャノピー","4943","75","100","903","¥ 12,699","","1","B08GLK83SS","B08522CW3W","89","88","5","4840"
"セイコー(SEIKO) SOLER STANDARD (ブラック) SVAJ001","4944","109","200","290","¥ 6,927","¥ 6,927","27","B00ETOUGYI","B0GGJRH7ZQ","13.1","8.4","4.9","150"
"[ARCWOLF] フェルトスパイクシューズ ウェーディングシューズ 渓流 フェルトスパイクブーツ 鮎タビ 釣り 靴 ネオプレーン生地 ピンフェルトソール AFA-103 幅広タイプ","6685","43","","97","¥ 5,780","","1","B0CY26YNZ4","B0CZ9JYCP5","28.2","26","12.4","1200"
"ILILI 折りたたみヨガマット 180×61×0.8cm TPE素材 滑り止め 防水 軽量（0.9kg） 7つ折り コンパクト 家庭用 ジム ピラティス ストレッチ ヨガ エクササイズマット 茶色","4951","57","50","25","¥ 5,200","","1","B0FXGDRLKB","B0FXG9PPVK","62","27","6.6","920"
"シマノ(SHIMANO) 21 コルトスナイパーBB S100MH-3","7126","65","","89","¥ 19,694","¥ 19,694","4","B08VDTS4G5","B08ZSWCG84","131","12","8.5","1000"
"シマノ(SHIMANO) バス ベイトロッド 23 バスワン XT+ 1610H-SB/2","5158","88","","91","¥ 9,761","¥ 9,761","12","B0BSRJNMHF","B0BW45F57C","120","12","7","520"
"PuttOUT パットアウト スリムパターマット プロ ゴルフパターマット パター練習マット (グリーン, 2.4m×0.25m)","4956","81","50","322","¥ 12,400","","2","B092MH8T11","B0CB6KMXH4","32.4","20.9","18.4","1420"
"エーキューエー(AQA) ライフジャケット 浮力補助 安全 事故防止 海 川 ブラック(50) L 大人用 KA9025","4964","57","50","44","¥ 5,005","","11","B0C2C49F9F","B0H2LW3M8M","56.1","48.7","12.5","660"
"キャスコ(Kasco) ドルフィンウェッジ セミグースネック DW-125G Copper Dynamic Gold S200 54°","7376","28","","5","¥ 19,200","","1","B0DXDXCB35","B0FYF5SZ45","110.5","11.5","6","740"
"アルミシート サバイバルシート エマージェンシーシート アルミブランケット 防寒 防災 非常用 緊急 保温 備蓄 (50) sb_123","4978","39","","234","¥ 8,621","","1","B077ZGCVP9","B077WF6GBY","24.8","18.4","16.9","2620"
"GYMMAT ゴムマット 50cm×50cm×25mm グレー 12枚セット","4980","87","50","149","¥ 20,406","","1","B0F9Y46WZN","B0HCBV2MW8","50","50","30","60000"
"[BAUERFEIND] バウアーファインド SPORTS COMPRESSION SLEEVES ARM（スポーツコンプレッションスリーブ アーム） スポーツ用アームスリーブ ドイツ製 コンプレッションで筋振動を抑制 エネルギーを促進（Small/X-Long, ネイビー (Navy),2枚組）","7304","7","","765","¥ 7,150","","1","B076KP7L2D","B07P7X372S","23","11","3.6","120"
"MOON LENCE アウトドア チェア ハイバック 四段階高さ調節&角度調整可 キャンプ 椅子 あぐらチェア グランドチェア 折りたたみ 軽量 コンパクト 枕付き 耐荷重180kg ベージュ","4987","67","","400","¥ 5,984","¥ 5,984","1","B0C3QQCF51","B0G2X6XVD9","48","23","17","2000"
"KABUTO(カブト) 自転車 ヘルメット WR-X サイズ:60-64cm カラー:マットブラック","4991","44","50","132","¥ 5,839","¥ 5,839","12","B0DL5H1Q29","B0D2HGGN4F","40.5","24.2","18.5","350"
"バスケットゴール 3.05m 屋外 子供 大人用 5号/6号/7号球対応 バスケットゴール 高さ調節可能な室内用バスケットゴールネット","4996","82","200","132","¥ 13,999","","1","B0FMQ8T513","B0GMSKRJWV","110","73","18","10000"
"VENTLAX 2WAY アジャスタブル コット 軽量3kg 静音設計 折りたたみ式 ハイ/ロー切替可能 (コヨーテタン)","7778","72","50","2606","¥ 15,800","","1","B08T738MRW","B08T7634P6","55.6","19.8","18.8","3880"
"ゴメクサス CY98 リールハンドル ダイワ (Daiwa) スピニングリール対応 リール ダブルハンドル イグジスト 月下美人 交換 98mm チタンハンドルノブ付き イカ アジング エギング ライトゲーム 左右兼用","8190","24","","411","¥ 8,990","","1","B09K7KCVPX","B0BFR62CQX","13.3","12.9","2.9","80"
"Allgu 超強力蓄光器 UV（紫外線）LEDライト24個搭載 グロー/夜光蓄光 ブラック メタルジグ用 イカメタル用 タチウオテンヤ用 電池式","5009","40","","72","¥ 5,380","","1","B0CY5GVD1T","B0F6WC4Q1F","22.5","11.9","8.2","490"
"キャプテンスタッグ BBQ用 机 ラフォーレ アルミツーウェイテーブル アジャスター付 120×80cm LLUC-509","5017","81","","97","¥ 7,018","¥ 7,018","21","B00CZ747ZU","B0BQVKYGSJ","82","63","7.5","6950"
"STEADY フィットネスバイク ミニ ブラック エアロバイク ST121 Zwift 負荷16段階 電源不要 静音 小型 エルゴメーター","5018","52","","512","¥ 13,990","","1","B08L3FPGG4","B0G7K4YRTK","53","38","22.5","9680"
"ソニー(SONY) 防災ラジオ ICF-B300:手回しラジオFM/AM LEDライト 携帯電話充電 太陽光発電 手回し充電 ブラック 小","5019","129","200","143","¥ 14,500","¥ 16,463","50","B0B8DJ5R6Z","","15.6","12.4","7.7","500"
"[NEW ERA (ニューエラ)] CAP キャップ 11941965 59FIFTY New York Yankees MLB Classics ニューヨーク ヤンキース MLB クラシック OLIVE & WHITE/オリーブ×ホワイト ブランドサイズ：7 1/8 日本サイズ：56.8cm [並行輸入品]","5742","32","","40","¥ 5,040","¥ 5,040","1","B0F9L17MSQ","B0HC3B81W8","21.2","19.3","13","100"
"TITLEIST(タイトリスト) ゴルフボール26 PRO V1X LEFT DASH DZ","5026","102","200","14","¥ 6,280","¥ 6,636","30","B0GHV5YQD5","B0GHTP23R4","19.3","13.5","4.7","620"
"携帯酸素缶 [ OXY ONE ] 圧縮型 18L 大容量 携帯酸素ボンベ 携帯酸素吸入器 携帯酸素スプレー 携帯酸素発生器 O2ボンベ スプレー (5)","7378","28","","24","¥ 13,100","","1","B0DDMFDG8C","B0DJM2R419","18.5","4","4","200"
"Shot Navi(ショットナビ) Evolve α ゴルフ GPSナビ 腕時計型 マルチ測位対応 PGA推薦 競技利用OK 日本製 ブラック","5032","111","100","409","¥ 21,591","¥ 22,762","7","B0D639TT1Y","B0D6VGC2NN","11.7","11.6","6.7","230"
"[ニューエラ] Newera キャップ 9TWENTY 野球チーム 920 ヤンキース ドジャース LA ベースボール NYY 柔らか クロスストラップ 調節可 帽子 NEWERA 9TWENTY (JP, アルファベット, Free Size, フィリーズ/ダークレッド) [並行輸入品]","5046","78","","201","¥ 6,433","","7","B0DKSJ3SGH","B07MM8DKWH","22.7","21.9","10.9","90"
"ENDLESS BASE ワンタッチタープテント 3m×6m ワンタッチテント テント キャンプ アウトドア 運動会 19000020(81188)","6797","37","","9","¥ 23,999","","1","B09QPN954P","B09D6ZJQLK","151","42","26","34000"
"【特別版】簡易包装 2本セット パナレーサー(Panaracer) アジリスト DURO 700×25C クリンチャー 黒 F725-AGD-B-2P","5050","80","50","57","¥ 12,928","¥ 12,928","1","B0DR89NQBP","B0DSBHMX2Z","25.4","19.6","9.5","470"
"シマノ(SHIMANO) スピニングリール 26ネクサーブ 2500HG","5056","52","50","6","¥ 5,333","¥ 5,333","20","B0GFTJG3CV","","13.3","11.7","8.9","330"
"玉網 ランディングネット 折りたたみ式 タモ網 伸縮式 釣り網 調節可能 釣りネット 軽量 防錆素材 多機能ツール 携帯便利 淡水海水適用 7.6M (760cm)","5060","58","","31","¥ 5,699","","1","B0FT3FX1QM","B0FDWF3YVB","90","15","3","1000"
"WSKLY(ワスクリ) アウトドア テーブル チェア セット キャンプ テーブル57cm×120cm×50cm ピクニックテーブル 超軽量 折り畳み 組立簡単 収納バッグ付き BBQ お釣り ガーデン キャンプ用品(ブラック, 7点セット)","5064","68","100","37","¥ 8,456","","1","B0FJQS1126","B0FJQV454K","67.4","44.7","25.9","10650"
"TAKAMIYA(タカミヤ) 玉網 H.B concept ラストウィニング ランガンシャフト KP-2039 390","5069","85","50","841","¥ 6,281","¥ 6,281","5","B01N5JPWVF","B01MZ6KYOG","53","26","8","960"
"2本セット Continental(コンチネンタル) GRAND PRIX 5000 グランプリ5000 [並行輸入品] (黒, 700x28C)","5073","82","100","292","¥ 18,100","","12","B07MPRHNJR","","24.6","19.6","8.7","620"
"ApeexCanopy タープテント 2.5m×2.5m 【専用横幕/サイドシート3枚付属】 風抜けベンチレーション 高耐水加工＆シルバーコーティング UVカット紫外線カット 遮熱 ワンタッチタープ 高さ3段階調節 スチール 大型 耐水 キャノピー アウトドア用品 キャンプ用品 タープ タープテント ワンタッチテント ワンタッチタープテント自立式 (グレージュ, 2.5m×2.5m)","5081","62","50","104","¥ 14,240","","1","B0F8BJ1QSS","B0FL8P8LTX","116.6","21","20.5","12700"
"TITAN MANIA(チタンマニア) グリドル グリルプレート チタン製 バーベキュー 直火 焚き火 鉄板 ガス火 取っ手付き BBQ 32cm","5090","64","","1","¥ 6,631","","1","B0G2G482R8","B0C5CYZ54X","33","33","3","823"
"STEADY バーベルシャフト プレートセット 10kg×2個 ST129 ベンチプレス 筋トレ器具 ベンチプレスセット スクワット 鉄アレイ","5092","59","","66","¥ 8,990","","2","B0D4TBR9LS","B0FL4WSFVF","32","32","9","20000"
"GARMIN(ガーミン) ゴルフナビ GPS Approach S62 ホワイト【日本正規品】 010-02200-21","5094","97","","1309","¥ 53,000","","4","B086TJW8CZ","B0DVYYYTSY","33","12","6","100"
"スント(SUUNTO) スント コア オールブラック(SUUNTO CORE All Black) 3気圧防水 方位/高度/気圧/水深 [日本正規品/メーカー保証] SS014279010","5098","104","100","17103","¥ 16,830","","2","B001DCEKXM","B0CHF8436X","16.5","12.9","9.4","222"
"バタフライ(Butterfly) 卓球用ラバー ディグニクス09C ブラック アツ 06070","3521","85","50","387","¥ 8,798","","6","B085DJRBXT","B0869XN47B","20","18","1","100"
"INTEX(インテックス) ボート シーホーク 2セット 二人乗り オール・ポンプ付属 66332 [日本正規品]","5103","51","","15999","¥ 11,200","","2","B0FPBJZ4H5","B0GPD2HM78","56","42.5","35.5","8540"
"冨士灯器 ZEXUS(ゼクサス) LEDライト ZX-195X 専用充電池 ZR-01+セット [赤色LED 約130ルーメン 白色LED 約180ルーメン 最長82時間点灯] 釣り ヘッドライト 充電式","5939","73","","11","¥ 8,001","¥ 8,001","1","B0FLCQGP8X","B0F9P8X7PD","16.8","16.1","7.1","130"
"ブリヂストン(BRIDGESTONE) スケアクロウ 一輪車 小学生 子供 ピンク 14インチ スタンドなし ギフト SCW14.A P6725 A001066PK","6940","33","","47","¥ 8,900","¥ 9,589","6","B0DVR47MCR","B08KG48CMD","48.8","47.2","26.5","5020"
"[MRG] ぶら下がり健康器 懸垂マシン 耐荷重150kg 懸垂バー チンニングスタンド 筋トレ ストレッチ マルチ トレーニングマシン 家庭用","5119","49","","934","¥ 9,980","","1","B01JR1F1KQ","B0CQR8CFLV","101","43","12","11500"
"グロング GronG ディップススタンド ディップスバー 高さ5段階調節 筋トレ器具 耐荷重120kg","5120","58","100","102","¥ 8,480","","1","B0BX7QMHR2","","72","72","12","14676"
"MERACH (メリック) フィットネスバイク エアロバイク スピンバイク マグネット式 16段階負荷調節 静音 折りたたみ 耐荷重120kg トレーニングバイク 家庭用 室内 自転車 トレーニング エクササイズ ダイエット バイク ルームバイク 運動器具 鍛える器具 筋トレ器具 日本語説明書付き","5029","72","","1902","¥ 13,999","","1","B0DY1BP7Q3","B0GV3HGW88","92.5","37.5","21","14300"
"3個セット｜FROZAX(フロザックス)保冷剤 FULLsize【医療技術を応用した高性能保冷剤】強力保冷力・長時間保冷 氷点下-16℃ ソフトタイプ","4274","17","","32","¥ 6,028","","1","B0H8PDB6XZ","B0H8P282GS","29.4","26.3","4.4","180"
"BARWING(バーウィング) 可変式 トレーニングベンチ 4WAY インクラインベンチ アジャスタブル デクラインベンチ 折り畳み フラットベンチ ベンチプレス 角度調節簡単 筋トレ 収納便利 ベンチプレス (ブラック)","5138","96","100","1383","¥ 9,380","","1","B0CN31YP5K","B0H2D3CKY3","85","39","29","16740"
"キャロウェイ (Callaway) クラブセット レディース SOLAIRE BLK (8本セット, キャディバック, ヘッドカバー 付き) カーボンシャフト ブラック","5139","78","50","565","¥ 83,500","¥ 68,591","12","B07F2XTZMN","B0CBPLRFWB","126","41","27","8210"
"Schiek シーク リストラップ 24インチ フリーウェイトトレーニング用 ピンク (国内正規品)","5147","29","","1063","¥ 5,580","","1","B01BEMOCDI","B01BEMNTWI","14.9","9.2","5.6","180"
"コールマン(Coleman) チェア 椅子 インフィニティチェアエアー（ヘザーグレー） 折りたたみ キャンプ アウトドア 耐荷重100kg 簡単設営 リクライニング コンパクト収納 持ち運び可能 屋外 持ち運び ベランダ","5151","96","200","76","¥ 17,014","¥ 17,014","5","B0DMJLWGHZ","","91.4","68.4","15","9760"
"プロックス(PROX) フローティングゲームベスト(サポーター付) PX313SP 大人用フリー ブラック×ブラック","5154","99","100","193","¥ 8,388","¥ 8,388","10","B0B5WJN87J","B0BBRXXG86","56","54","12","1520"
"Greeshow 携帯浄水器 アウトドア 災害用 防災 非常用 8000L浄水量 濾過器 簡易浄水器 防災グッズ 登山 GS-288 2個セット","5157","54","50","498","¥ 5,375","","1","B0DG2N587J","B0DPW61YTZ","16.5","14.5","10.2","440"
"ウェットスーツ タッパ メンズ 3mm ウエットスーツ ジャケット 裏起毛 フロントファスナー 長袖 男女兼用 ネオプレン素材 サーフィン ダイビング SUP ボディボード シュノーケリング 沢登 磯釣り XL サイズ","6616","55","","5","¥ 5,580","","1","B0DCJYWNDT","B0BKK3SMBH","36","27","4","450"
"LED ランタン 充電式 11200mAh モバイルバッテリー スマホ充電 防災グッズ Type-C 充電 防災用品 非常用 停電 防災ダイレクト","5159","49","50","108","¥ 5,525","","1","B0CTGR3GDP","B0GP5CL5L4","12.8","8.4","7.8","360"
"EARTH LEAD セルフスタンド ゴルフ クラブケース 【 超軽量 大容量 】 クラブ ケース フード付 ポケット付 BASIC (レッド)","5415","52","","665","¥ 6,480","","1","B0819CZL43","B0819CV1BN","86","24","20","1060"
"GORIX(ゴリックス) バスケット 自転車 カゴ ロードバイク ネット付属 大型 アルミ 軽量 着脱式 クロスバイク MTB 自転車用 (GRB-929(リア))","5163","67","","12","¥ 5,499","","2","B0DQR4WWXK","B0FGD1Z4XK","45.1","34.5","19.1","2750"
"Coleman(コールマン) グリル ロードトリップグリル LXE-J2 5~6人用 2000017066 【日本正規品】","5164","103","100","391","¥ 40,990","¥ 41,479","6","B00I0M6WYS","B0F4Y45ZXQ","87","49.8","37.5","23150"
"ヘッドカバー セット ドライバー ヘッドカバー ウッド カバー ユーティリティ ゴルフ ヘッドカバー UT カバー 防水仕様 ドライバー440cc 460cc用 無地ダイヤ (黒4点セット)","3888","56","","50","¥ 5,130","","1","B0DF2DWF92","B0DF244B9X","34.3","19.2","17.2","330"
"カークランドシグネチャー(Kirkland Signature) カークランド スリーピース ウレタンカバーゴルフボール V3.0#1654518 パフォーマンスプラス(2ダース 24ボール)","5197","92","100","682","¥ 6,680","","12","B0C54GXFQ8","","19.2","14.3","9.8","1288"
"ＺＯＪＩＲＵＳＨＩ ステンレスクールボトル ２．０６Ｌ ブラック SD-BE20-BA","5209","39","50","1879","¥ 5,303","¥ 5,303","19","B0CQTPK54G","B0GPWLCZQC","34.5","15.6","12.7","1090"
"ダイワ(DAIWA) ＶS タックルバッグS50(A) ホワイト","5210","43","","70","¥ 7,658","¥ 8,709","9","B0B1LBWXKG","B0CD6VKCBT","55.9","34.1","33.2","2960"
"POLAR (ポラール) H10 N（ Polar H10 N） 胸 心拍センサー 心拍計 【Bluetooh ・ ANT+ 対応/スマートフォン ・スマートウォッチ ・ サイクルコンピューター 接続 】 ブラック XS-S 92075964 【日本正規品】","5826","84","","21235","¥ 14,164","¥ 14,164","3","B07PM565W2","B0BCKS6HD4","21.5","8","1.9","100"
"キャロウェイ(Callaway) キャディバッグ Callaway Advance 26 (カートタイプ 9.5型 47インチ 2.6kg 4分割) ネイビー ユニセックス","5215","80","50","22","¥ 27,526","¥ 28,602","12","B0G5GZH44K","B0GJZR789J","92","47","29","180"
"ダイワ(DAIWA) １６リーガル ３０００Ｈ ＰＥツキ","5220","83","","257","¥ 6,883","¥ 6,883","14","B01BG9JQBM","B08HZW39HN","13.4","13.1","9.4","390"
"ザムスト(ZAMST) 肩 サポーター ショルダーラップ テニス 野球 Mサイズ 左右兼用 ブラック 374802","5223","77","50","622","¥ 6,616","¥ 6,616","25","B002VILI78","B072N2X9WV","25.7","19.1","4.1","230"
"Sekey 後ろ開け キャリーワゴン 2way 長物対応 大容量200L 高耐荷重150kg 【ベアリング内蔵の大型ノーパンクタイヤ】ブレーキ付き アウトドアワゴン 軽量 自立収納 静音 キャンプ・レジャー・釣り・運動会 キャンプカート 黒","5244","74","","233","¥ 9,580","","2","B0CTMR9QH7","B0D1QJXTQ3","57.6","38.9","24","11040"
"UNE トランポリン 大型 48インチ 八角形 室内用 子供用 大人兼用 ワンタッチ折りたたみ 組立不要 耐荷重300kg 高反発弾力バンド 静音","5245","15","","74","¥ 16,800","","1","B0HBP9D1PV","B0G1B9XCXG","82.5","25","23",""
"BAGAIL ウェイトベスト 加重ベスト3KG/5KG/8KG/10KG/12KG 水洗い可能 おもり ベスト 重り ベスト 重量ベスト前後の重量が等しい 砂漏れを防ぐ 超快適 夜間安全反射 負荷運動 筋トレ 自重トレーニング 男女兼用 ブラック 12KG","7050","28","","27","¥ 6,799","","1","B0FB3SSKPN","B0FB3THCJD","32.3","29.8","11","12480"
"【特許取得&金具内蔵】バランスドーム 直径約62cm バランスボール 半円 エクササイズボール 耐荷重500kg 半円バランスボール 子供 (グレー)","5248","25","","11","¥ 10,380","","2","B0H8YKH928","B0H8YBBZ9T","65.5","61","33","21000"
"[COREFORCE] コアフォース ループ ブラック ブレスレット ネックレス アンクレット (50cm)","5250","55","50","477","¥ 29,700","","8","B01ID3YBPU","B0CZ8YBX9G","9.9","9.6","4.3","270"
"JPStriv ステッパー 家庭用 静音 コンパクト 省スペース LCDモニター搭載 ラバーバンド・マット付き 室内有酸素運動 全身運動 下半身トレーニング 足踏み健康器具 初心者向け 耐荷重100kg","3292","31","","97","¥ 5,680","","1","B0H2DBB5HD","B0GWLZSC41","41","35","21","5000"
"Abahub 2つのカヤックパドル ローイング用 230CM カヤックパドル パドルリーシュ付き アルミニウム合金 イエロー シャフト プラスチック ブレード","5252","34","","2395","¥ 6,399","","1","B09M8DFGZQ","B08CBGK2ZK","119.6","26","7.6","2280"
"CoolTry エアーベッド ダブルサイズ 空気ベッド 電動ポンプ内蔵 フロック表面加工 長さ203×幅152×厚さ46cm 耐荷重300kg 耐久 極厚 軽量 防水防潮 折り畳み 収納バッグ付き キャンプ、旅行、家庭、防災、来客用","6213","88","","2217","¥ 10,395","","1","B0CCPBHRS9","B0CGHG4S2M","48.7","34.5","21.1","11090"
"ゴルフネット 練習用ネット ゴルフ練習用3m*2m/3m*3m/3m *4.5m 防球ネット 野球ネット マルチスポーツ練習用ネット 練習器具 野球 テニス ガレージ サッカー 投球練習 組立簡単 園芸用ネット 耐久性 ポリエステル網 折りたたみ 安全ネット 公園 庭 屋外 自宅用 取付け簡単","4209","3","","9","¥ 5,280","","1","B0H7Q1895T","B0GWM41WPG","49","20","10.5","1750"
"LONTEK ウォーキングマシン コンパクト収納 折りたたみ ランニングマシン 家庭用 電動ルームランナー 3段傾斜付き 3HPモーター 静音設計 オイル不要 – 最大耐荷重160kg 薄型 ウォーキング マシン 速度調節1-10km/h トレッドミル 室内用 有酸素運動 ながら運動 LEDディスプレイ＆リモコン付き 組立簡単 ダイエット ランニングマシン. 高齢者 ホームジム 日本語説明書付き","5284","93","100","812","¥ 24,290","","2","B0GFNDJ6RT","B0H9F6SRSC","113.5","56","10.3","17500"
"シマノ(SHIMANO) クーラーボックス スペーザ ライト 35L キャスター NS-E35Y Wインショアブルー","5286","66","","97","¥ 21,984","¥ 22,857","7","B0CSFPSMG1","B0CSMZNMZT","80","39","34","7780"
"【SIDAS】シダス フットボール3D XXS(20.0cm-21.5cm) 315205101 サッカー フットサル グリップ力 薄型 衝撃吸収 クッション性 ジュニアサイズ 通気性 ブラック","5293","51","","662","¥ 5,238","¥ 5,238","1","B07F3219YW","B07FNMBH6J","37.1","19.5","6.9","120"
"Ledlenser C5R Classic クラシック 復刻版 ハンディライト 充電式 420ルーメン フォーカス機能 コンパクト ケース販売 製品登録で7年保証 信頼のドイツブランド レッドレンザー","5298","57","","41","¥ 8,500","","2","B0DNJWLW1M","B0H4L4V3F8","14.5","8.9","4.5","200"
"YJYS ロッドスタンド 釣り竿立て 釣竿置き 釣り具収納 竿立て ロッドラック ロッドホルダー ブラック","4432","104","100","36","¥ 8,082","","1","B0GDY4RCJH","","44.1","34.1","16.9","8560"
"【プロアスリート愛用】uFit 磁気ネックレス ブラック 45cm 医療機器 強力 最大190mT 防水 抗アレルギー 日本ブランド 肩こり スポーツ","7293","64","50","92","¥ 9,800","","1","B0FQ4S4F1G","B0FQ52CMK5","13","12.9","2.7","110"
"ダイワ(DAIWA) 小継玉の柄 MULTI LANDING POLE(マルチランディングポール) 600","5319","98","100","68","¥ 13,875","¥ 13,983","13","B0CSYHR683","B0CT35C3F9","80.9","7.3","5.1","820"
"バランスボール 半円 直径46&58cm 星辰 ボディハーフバランスドーム エクササイズボール 強化版 厚手 PVC素材 防爆仕様 500kg耐荷重 (ブルー（星辰）, 直径58cm)","5329","38","","16","¥ 6,071","","1","B0H4GGCV1B","B0HDNSHYT6","46","46","10","3000"
"KHEALING トレッキングポール カーボン 折畳み【超軽量110g/120g/130G】炭素繊維 登山 ポール 5節 2本セット 110/120/130 cm ハイキングポール 滑り止め コンパクト 遠足 登山用品 徒歩 キャップ 吸湿発散性に 収納バッグ付 男女兼用 オフロード(人気登山ブロガー絶賛推薦！) (2, 110cm)","5330","85","50","127","¥ 6,499","","1","B0D59HWC5S","B0GXV9QXNQ","30","13.5","7","340"
"Goture 釣りセット 2.4m セットJ","5335","31","","38","¥ 7,734","","1","B0FGQ26B7N","B0FSD27W46","43","17","11","2142"
"Camdoor キャンプ 椅子【5秒で組み立て・高耐荷重150kg】アウトドア チェア 携帯便利 超軽量 折りたたみ椅子 サイドポケット 収納袋付き","5340","53","100","16","¥ 7,479","","1","B0GX97ZVZC","B0H5CGQ2MH","40.3","14.7","13.7","2050"
"BRIDGESTONE(ブリヂストン)ゴルフボール19PHYZ ホワイト 12球入","6415","79","","200","¥ 5,000","¥ 7,387","15","B07NSDKDRS","B09FQB4Q4M","18.8","14.4","4.7","650"
"MERACH ピラティスボード 多機能トレーニングボード ピラティスマシン 腹筋ローラー 取り外し可能 回数/時間計測可能 デジタル表示パネル ストレッチバンド 膝マット付き 腹筋 内転筋 筋トレ 器具 グッズ ピラティス マシン アブローラー マシン ふっきんろーらー ホームジム","5345","63","50","75","¥ 7,999","","1","B0G5PRR9BZ","B0H4TN1BK2","87","19","13","3200"
"adidas エッセンシャル トレーニング&ウェイトリフティンググローブ 指なしワークアウトグローブ","5346","71","","106","¥ 5,441","","5","B0CZ46WLSD","B0DGXDJRJL","20.9","10.4","3.4","60"
"ゴメクサス FY98 リールハンドル カーボン製 ダイワ (Daiwa) スピニングリール対応 リール ダブルハンドル 月下美人 イグジスト エメラルダス 交換 98mm ハンドルノブ付き イカ アジング エギング ライトゲーム 左右兼用","5351","53","","100","¥ 5,490","","1","B07Q723DS8","B0H3ZV5Y3Q","13","11.5","2.7","80"
"シマノ(SHIMANO) ディスクローター RT-CL900 160mm ロックリング(内セレーション)","5355","63","50","188","¥ 9,454","¥ 10,186","10","B0B5WSJ43Q","B0BZZZKR4C","19.6","16.4","3.5","240"
"ヨネックス(YONEX) ソフトテニス ラケット ガット張り上げ済 初心者用 エアライド ライムイエロー G0 ARDG","8169","85","","79","¥ 12,393","¥ 12,393","3","B0DYSH111B","B0GQ3ZN17N","77.8","33.5","1.8","380"
"Mountainhiker IGT アウトドアテーブル 4ユニットキャンプテーブル 長さ100×幅42cm（天板幅拡張可能） 高さ調節可 アルミ合金製 8枚0.5ユニット天板付 キャンプ BBQ ピクニック 標準IGT規格対応","5357","61","100","55","¥ 8,900","","1","B0FMNZL6YW","","108.5","16.6","14.5","5020"
"【公式】東京ヤクルト 山田哲人選手 愛用ブランド (McDavid) ヒンジド ニーブレイスXC 左右兼用 ヒンジ ハードサポート ヒザ サポーター ブレイス ヒンジ 圧迫 固定 横ブレ ねじれ スポーツ 運動 バスケ バレー スキー M429/L","5369","73","","61","¥ 9,532","¥ 9,532","17","B0B1P6KJM1","B07YY5H9YT","31.9","17.2","6.2","500"
"メジャークラフト エギングロッド スピニング ファーストキャスト エギング FCS-862E 釣り竿","5375","52","","613","¥ 7,481","¥ 7,531","11","B016PY1DMS","B07N171RQB","137.2","10.3","2","200"
"【開くだけ！簡単設営10秒】 ワンタッチテント 2~4人用 2m×1.5m 紫外線 UVカット サンシェード ポップアップテント キャンプ 公園 海水浴 ビーチ 防災 防水 防虫メッシュ 軽量 3.2kg","5379","87","200","17","¥ 5,980","","1","B0GYYRVSJC","","60","30","30","3200"
"サムコス ハンモック 自立式 チェア ハンガー ラックスイングチェア ハンモック室内 室外 兼用 折りたたみ ハンギングチェア 高さ調整可能","6298","59","","5","¥ 7,450","","1","B0F83T6124","B0CZ45RLFC","119","19","18","9160"
"SANLIKE サンライク タモ網 たも網 たもあみ 伸縮 3m/5m/6m/7m /8m 小継 99%カーボン製 9段階 タモ ランディングネット","5387","55","","143","¥ 8,483","","1","B09W9F7GGN","B0HCHF61P1","40.5","22","9.4","840"
"Mountainhiker クーラーボックス 36L 大容量 保冷ボックス ハードクーラー 5日間保冷 ホイール付き アルミ合金製 伸縮ハンドル キャンプ BBQ 釣り 災害対策 (ブラック)","6362","64","50","47","¥ 11,600","","1","B0DHS3MK9D","B0GL7VJL2V","49.2","49.1","41.6","6120"
"ガーミン(GARMIN) Approach S44 Black ゴルフに特化したゴルフGPSウォッチ 軽量設計 AMOLEDタッチディスプレイ バーチャルキャディ ロングバッテリー Android/iOS対応 【日本正規品】","5390","104","100","100","¥ 35,633","¥ 35,633","11","B0DT7BN2K5","B0DTSNCQJQ","9.5","9.2","8.6","190"
"2025 TITLEIST(タイトリスト) PROV1x プロV1x (１ダース12球入）","5391","119","100","78","¥ 6,180","","32","B0DVLSCWR6","","19.3","13.5","4.8","640"
"GARMIN(ガーミン) ランニングウォッチ 時計 GPS ライフログ ForeAthlete 55 Black 心拍 歩数 防水 軽量【日本正規品】 小","5403","114","100","2010","¥ 30,000","","17","B096KJL2DS","B096ZLKX7G","33","12","4","30"
"KIRKLAND Signature パフォーマンス +V3 ゴルフボール ３ピースウレタンカバーボール 24個","5412","92","100","116","¥ 6,499","¥ 7,374","15","B0DSW6SK6V","","19.1","14.3","10.2","1330"
"リーディングエッジ レッグエクステンション アタッチメント 28mm 50mm径プレート対応 装着可能重量80kg サイズ調整 取り外し可 筋トレ","5416","71","100","48","¥ 11,520","","1","B0FLCRN7KG","","74","38","17","20000"
"TARU HOLIC 【 グラストップスモーカー セット】 ガストーチ ウイスキー 燻製 グラス カクテル スモーカー 燻製器 キャンプ タルホリック","5810","97","100","157","¥ 13,600","","1","B0CVR8YFJR","","27.5","15.8","11.1","800"
"Wilson(ウイルソン) 硬式 テニス ジュニア ラケット US OPEN JR 25インチ ネイビー WR198410U","7801","36","","222","¥ 5,360","¥ 5,360","1","B0G8SGM9QH","B0GJTT21SL","72","31.4","5.5","544"
"バタフライ(Butterfly) 卓球用ペンホルダーラケット 張本智和 インナーフォース ZLC-CS 24050","6719","47","","22","¥ 21,279","¥ 21,495","28","B086351J8K","B0HFR8825X","30.8","18.2","4.6","300"
"UNP キャンプテント 4人用 ドームテント ４～５人用 大空間 簡単設営 通気 防風 軽量 防水 登山/花見/防災用","6487","59","50","80","¥ 9,160","","1","B0DP2P7VQN","B0DP2PXZKK","61","20.3","19.1","5860"
"ダイワ(DAIWA) 振出投げ竿 プライムサーフT・W 27-405・W 釣り竿","5442","79","","78","¥ 11,944","¥ 11,944","7","B00INFFDBU","B0D354SZ9N","125.5","7","6.5","1010"
"バタフライ(Butterfly) 卓球 ラケット インナーフォース レイヤーALC 木材5枚合板+アリレートカーボン2枚(インナーファイバー) ブレード厚6.0mm J.T.T.A.(日本卓球協会)公認 CS(中国式ペン) 23680","5579","77","","257","¥ 13,213","¥ 13,213","12","B07NSL5GP3","B0GVQ4J9XM","31","16.4","4.3","231"
"VASTLAND キャンプマット インフレーターマット 8cm 自動膨張 コンパクト インフレーター マット ブラック","5444","55","","1154","¥ 6,102","","1","B09F2RVRZM","B09F2S3G1X","65","20.8","20.6","3190"
"Coleman(コールマン) ファミリー2IN1/C5グレージュ","5445","48","100","876","¥ 10,088","¥ 10,088","9","B0BJP4CWCL","B0DBVD92VY","50.9","40.9","40.6","6670"
"モンベル（montbell） GORE-TEX Lスパッツセミロング SHAD 1129430 L","7760","92","","80","¥ 5,670","","1","B00JVN9N82","B09C9QK2WN","30.6","17.2","3","160"
"釣り パラソル 風に強い 大型 釣り用パラソル ビーチパラソル 釣り用傘 日除け チルト機能付 軽量 持ち運び 万力 防水 UVカット コンパクト フィッシングパラソル キャンプ アウトドア用 収納バッグ付き（アーミーグリーン200cmタイプA）","5450","48","50","158","¥ 6,890","","1","B0C8H9SFDX","B0D47KZPXZ","119","19","5","2670"
"AIRHOP 2026年 改良モデル 素材強化で耐久性アップ トレーニングベンチ＆インクラインベンチ 折りたたみ式 ベンチプレス台＆腹筋ベンチ 全身トレーニング対応 角度調節可能な筋トレベンチ 家庭用フィットネスに最適 収納便利","5460","89","100","264","¥ 11,999","","1","B0DZC5HFZ5","B0G56ZJ2QX","82","34","26","14960"
"[uchiko] ウチコ 蓮 Hachisu 500×２【自衛隊納入品 】国産の生地用超撥水剤 耐過酷環境 海水から雪山まで 高耐久 洗濯可能 フッ素フリー 撥水生地のメンテナンスに (2, 500ｍL)","5463","52","","125","¥ 8,100","","1","B0FMPFP4LH","B0GJTRJCW1","23.5","17.2","7.6","940"
"EvoShield [エボシールド] 野球 カスタムフィット エルボガード ホワイト WTV62JP","5476","86","100","199","¥ 8,147","¥ 8,147","13","B081RTC5TD","B0D3QFGV2G","27.4","20.6","4.3","230"
"[ＦＣ　ＦＩＮＡＬ　ＣＯＵＲＴ　ＦＩＮＡＬ　ＣＯＵＲＴ] ファイナルコート バスケットボール レフェリースラックス FC1123 サイズＯＸ","5479","61","","28","¥ 7,272","","5","B0DN17JG3W","B0DN172TKB","39.7","29.1","4","260"
"Stanley 1913 (スタンレー 1913) バイタライズ シェイカー真空断熱ボトル ローズクォーツ 20 oz / 0.59 L","5483","71","100","33","¥ 7,377","¥ 7,377","1","B0GF3XVJR3","B0FG92L9W5","28.2","11.8","11.4","780"
"ゴメクサス (Gomexus) リールハンドル 63mm シマノ スピニングリール用 一体構造 超々ジュラルミン製","5485","60","","27","¥ 5,990","","1","B0CTH1LS66","B0H45DD9FG","14.1","7.6","4.2","100"
"【特別版】ローリングス(Rawlings) 大人 一般 野球 グローブ GRXPMN55 11.75インチ 軟式/ソフトボール兼用 オールラウンド ブラック 右投げ(左手着用)","5498","79","","396","¥ 9,900","¥ 9,900","1","B0863RCT6W","B0DHKR8L13","26.8","19.4","13.8","120"
"Mixiu 折りたたみ自転車 P-O9A シマノ 7段変速 20インチ/24インチ 折り畳み自転車 高炭素鋼フレーム 高さ調節可能なハンドルとサドル","7033","34","","32","¥ 15,980","","1","B0FM3T578F","B0FM47S1HZ","86","71","35","16000"
"キャプテンスタッグ(CAPTAIN STAG) ジャグ リガード ウォータージャグ&クーラー 18L ブルー UE-2020","5509","82","50","209","¥ 8,776","¥ 8,776","23","B01N7CSNNQ","B0GTV7WDF6","49.4","35.6","35","3280"
"ダイワ(DAIWA) シーバスロッド LATEO(ラテオ) 86ML･K","5521","75","","4","¥ 22,500","¥ 23,822","13","B0D8724MPV","B0D89TZXG6","147","14","9","320"
"GENTOS(ジェントス) LED 懐中電灯 閃 シリーズ各種 単3/単4/電池式・充電式 250-450ルーメン FLP-2305/FLP-2306/FLP-2307","5522","94","","62","¥ 6,700","¥ 6,810","9","B0C32ZV6QQ","B0DH7Y2MTQ","16.6","5.7","5.7","200"
"ヘラクレス(HERCULES) peライン 色落ちしない 8本編み 釣り ライン 遠投 PE 釣り糸 高強度 PE釣糸 高感度 釣り用 ライン 柔軟性 伸びない pe 糸 投げ釣り 海釣り 船釣り アジング エギング 汎用性 道糸 劣化しにくい 高耐久性 柔らかい 釣糸 1000m 10号 (45.4kg/100lb 0.55mm)","5527","66","","746","¥ 6,159","","1","B08BYCQGBG","B0GFS73KZM","12.3","12.1","9.9","350"
"BODYMAKER ボクシンググローブ サムライエッジ B プロモデル 本革 プロ選手 パンチンググローブ ボクシング グローブ 格闘技 メンズ","5528","47","","48","¥ 10,450","","2","B0CYZHVCGM","B0CYZSMW64","30","17","11.5","900"
"パラソル 釣り 風に強い 大型 釣り用パラソル ビーチパラソル 二層式 チルト機能付き UVカット 防水 軽量 持ち運び 収納袋付き 釣り傘 フィッシングパラソル アウトドア キャンプ(アイボリー×ブラック 直径200cm)","5534","39","","84","¥ 6,990","","1","B0D1QVT11W","B0D496CM58","120","16","5","2580"
"がまかつ(Gamakatsu) フラッドライト LEFL2000","5537","76","100","60","¥ 5,869","¥ 5,869","16","B0DPGVK8VB","","34","19.3","9.3","450"
"[ファイテン] RAKUWAネックレス EXTREME ワイヤートルネード ネイビー/ピンク 50cm｜軽量 スポーツネックレス アスリートモデル アクティブシーン対応｜卓球 バドミントン バレーボール ランニング 陸上 テニス メンズ レディース｜リラックス リカバリー サポート｜メタックス採用","6493","74","","101","¥ 11,000","¥ 11,000","12","B0CZ33PMD4","B0H5RGXHDX","17.3","10.6","1.9","50"
"バタフライ(Butterfly) 卓球用裏ラバー テナジー05 ハード 06030 ブラック 厚","5568","65","","165","¥ 7,203","¥ 7,203","25","B07HMZZS2C","B07HS1GGDR","20.3","17.6","1.2","90"
"3F UL GEAR LANSHAN ティピーテント 760g超軽量 コンパクト 防水PU5000mm+ 大空間 設営簡単 通気 日よけ 防風","5573","22","","2","¥ 30,280","","1","B0D1QSHYYM","B0DYF363LP","35","15","15","900"
"phiten(ファイテン) RAKUWA ネックレス ワイヤー EXTREME ミラーボールツイン ライトブルー/パール 45cm【肩こり】【首こり】【ファイテン先端技術メタックス採用】","5576","77","","133","¥ 7,700","¥ 7,700","17","B0CCTXTHLX","B0DX8C5ZYC","17.1","10.6","2.2","50"
"シマノ(SHIMANO) スピニングリール 25ツインパワー XD 4000HG","5585","95","","6","¥ 48,996","¥ 48,996","8","B0DSPD3X99","B0DSZL4RMT","14.9","13.3","9.4","400"
"QEZER 寝袋 シュラフ 冬用 ダウン マミー型 600FP オールシーズン 超軽量 コンパクト","5601","75","","107","¥ 7,866","","1","B0B3X5C58J","B0CC9LR5W2","29.8","17.2","15.4","600"
"Raynesys キャリーワゴン ミニ キャンプカート【後部展開可 長物対応 超軽量】耐荷重100kg 容量65L-90L 折り畳み式","4743","77","200","578","¥ 5,580","","1","B0DQ84MPG5","B0FXLFVX48","44.3","34.3","18.7","5740"
"PROIRON ダンベル プレート トレーニングバンパープレートバーベル プレート オリンピックバーベルプレート ヘビープレート 穴開きプレート 穴径50ｍｍ 音振動軽減-2×5KG-グレー","5609","48","","186","¥ 5,508","","1","B0BXXB65HX","B0BXX9GNTD","47.6","47.2","5.8","10580"
"[ＳｔＡｎ] 朝倉未来選手着用 サウナスーツ 首から胸までのフロントジップ 上下セット 洗濯可 男女兼用 大きいサイズ ウインドブレーカー ［プルオーバー］","6818","18","","45","¥ 10,880","","1","B088LYD4FB","B07WVQ7SMV","36.8","31.6","6.3","610"
"スコッティ キャメロン ウェイト バター用ウェイト2個 スタジオセレクト カリフォルニア 現行モデル適合 赤 黒 青 シルバー クローバー5g 10g 15g 20g 25g 30g 35g 40g 45g (赤, 35g)","6320","17","","46","¥ 5,780","","1","B0CGV4ZXRZ","B0CGV6YJPY","5","5","3","100"
"ダイワ(DAIWA) 磯・波止釣りロッド リバティクラブ磯風・K 3-39・K 釣り竿","5640","83","","70","¥ 9,270","","8","B01CV0TRNM","B09SZT83F4","123","8.5","6","750"
"Ledlenser (レッドレンザー) MH5 ヘッドライト LED 充電式 アウトドア 登山 クラミング","5641","96","50","426","¥ 7,114","¥ 7,260","9","B084P89TPL","B0B9MPMM9N","14.7","9.1","8.8","250"
"Naturehike cloudup pro テント 軽量 コンパクト 1.36kg 高度増加 防暴雨20Dナイロン 流線形防風設計 通気 防結露","5648","45","","46","¥ 15,992","","1","B0G1TB9YQW","B0D3VJYTMV","40","13","13","1360"
"DesertFox キャリーワゴン キャリーカート大容量 後ろ開け 長物対応【10CM極太タイヤ·ブレーキ付】【特許出願】【取り外し/折りたたみ可能屋根付き・防雨・防雪】フランネルクッション付き 静音 耐荷重200kg 3WAY キャンプ 椅子 アウトドアソファー コンパクト 折り畳み ワンタッチ収束型 キャンプ キャリー レジャー BBQ 運動会 引っ越しYZK008 (黒,L)","5657","92","300","71","¥ 10,998","","1","B0FZC2MBKD","B0GQRNC742","65.8","52.7","31.6","14050"
"シマノ(SHIMANO) ベイトリール 17 バスワンXT 150 右ハンドル","5658","114","50","470","¥ 6,483","¥ 6,483","14","B01N5TCXPH","B0853DRJ13","15","13.2","9.8","340"
"Coleman(コールマン) テントシートセット/タフスピードドーム","5661","68","50","6","¥ 14,065","¥ 14,300","6","B0G7TYVPTM","B0GGZJX543","72.5","66.5","16","2340"
"GIGA PUMP 電動エアーポンプ 【超ハイパワー設計】特許取得済み デュアルワイヤーラッピング構造モーター 超軽量 USB Type-C 急速充電 携帯型 キャンプ アウトドア テントライト エアーポンプ 空気入れ 空気抜き 衣類圧縮 真空収納 電動ポンプ (バッテリー内臓タイプ, GIGA PUMP 5.0 オレンジ)","5661","65","","49","¥ 5,480","","2","B0CW33G2ML","B0G35VB55S","10.6","7.8","6","9"
"【揺れるブロック】TETOP 脚踏み バランスボード ストレッチボード 筋膜リリース ヨガ ステッパー 座ったまま 有酸素運動 トレーニング エクササイズ シットアップサポート 腰 首 足首 伸ばす 硬め 静音 室内 母の日 ギフト 30.5*9*15CM 660g 2個セット 日本語取扱説明書付き ライトパープル","6076","65","50","696","¥ 7,599","","1","B0BRM7SP5X","B0BKSYGC1Q","31.2","19.3","9.3","780"
"UOAO スタンドゴルフバッグ キャディバッグ クラブケース 防水耐摩 男女兼用 多機能収納 大容量パッケージ ポケットゴル グ レディース メンズ 軽量 ブラック","9232","43","","38","¥ 14,080","","1","B0FL132C98","B0F7RZ4FXK","10","10","5","2200"
"LUHANA 焚き火台 八炎 焚火台 ソロ B4薄型収納 軽量 直径45cm 大型 火床 市販の薪を割らずに使える ゴトク2段階 焚き火 調理 ソロ キャンプ ファミリー","5691","91","50","59","¥ 5,890","","1","B0GKFX8PK2","B0GKFSXCPL","38.2","27.7","5.7","1710"
"Gruper ヨガマット 6mm 8mm エクササイズマット フィットネスマット トレーニングマットTPEリング保護素材 軽量 耐久性 肌に優しい 両面の滑り止 屋内運動 ピラティスマット 持ち運び 収納簡単ネックガード","3710","49","","321","¥ 10,529","","1","B086DMFGTT","B0GJ937RB6","63.2","19.4","15.1","1420"
"Spopal ポータブル統合キャンプシャワー 20Lバケツ付き 温度測定&フルーツ洗浄モード LEDデジタルディスプレイ IPX8防水 13000mAhバッテリー ハイキング 旅行 車 ペット用","5696","41","","393","¥ 30,778","","2","B0GKL11QG8","B0H3NDZD2Q","42","32.5","10.7","2449"
"ロングフォールジグ タイプA 全色7個セット メタルジグ 150g ルアー ジギング ジグ アカムツ アカハタ キンメダイ カサゴ ハタ クエ カンパチ 釣具 BAKSTORM バクスト","7713","15","","","¥ 5,669","","1","B0D2H9RS28","B0D2HLNZWQ","24.5","18","2.8","1120"
"PICYALO レジャーシート 厚手 防水 大判 ピクニックシート 洗濯機で洗える 三層構造お花見 かわいい ヒトデとサンゴの柄 200x200cm","5484","85","50","105","¥ 6,599","","1","B0DS6BHFVN","B0GZM9SW1X","43.4","18.3","16","1150"
"シマノ(SHIMANO) 21 カルカッタコンクエスト 100HG RIGHT","5716","95","","53","¥ 44,903","¥ 44,903","10","B08VDZTM2C","B0CLRD27FP","15.2","13.5","9.4","380"
"[コラントッテ] 磁気ネックレス TAO ネックレス スリム RAFFI mini Brown シャンパンゴールド M レディース","5718","81","100","168","¥ 19,800","","1","B0BWHZ5GKC","B0BWHXVJTL","18.3","16.2","2.2","80"
"KEEVEEK 自転車 メンテナンススタンド ロードバイク ワークスタンド スチール製 防錆 耐腐食性 自転車 作業スタンド 折りたたみ 転倒防止 自転車スタンド 高さ・角度無段階調節 耐荷重30KG タイヤ交換用 清掃用 工具トレー＆ハンドル固定バー付き ロードバイク/電動自転車/クロスバイク/ママチャリ対応 自転車用ディスプレイスタン (ブラック)","7508","45","","98","¥ 6,421","","1","B0GRTYMP44","B0GX115Q13","7.8","6.4","2.3","500"
"パナソニック 電動自転車 ビビ・DX 26インチ 2025年モデル BE-FD433B チリレッド 電動アシスト 【完成車】","7710","51","","22","¥ 118,000","¥ 118,000","7","B0DM81ZNV3","B0DNQP6CQC","187","112","37","27700"
"CYFIE タープテント 3mx3m サイドシート4枚付 ワンタッチタープ 高さ3段階調節 テント ワンタッチ 日除けコーティング 高耐水加工","5728","85","50","21","¥ 16,999","","2","B0DP4Z1D5X","B0HG9Q9LD7","120","24","23.1","17880"
"ダイビングウエイト 1kg TSUNEYA ベルト用 おもり 日本製 スキンダイビング フリーダイビング スキューバダイビング シュノーケリング 素潜り (20個(合計20kg))","5142","20","","139","¥ 18,000","","1","B0B63DLD15","B0GS19GM3V","14","9","3","980"
"正しい身体の使い方がわからない、身体が硬くて上手く捻転差を作れない方に の練習器具 【辻村棒】 父の日 辻村明志コーチ考案 10YASHOW10 東家商店 ゴルフ練習器具 スイング ゴルフ練習 ゴルフ 素振り 素振り練習器具 ゴルフ用品 ゴルフスイングトレーナー ごるふ 初心者 上級者 素振り ヘッドスピードアップ 飛距離アップ 素振り 室内 自宅練習","3654","66","100","25","¥ 8,340","","1","B0D4H1Y939","","35.7","23.6","4.7","370"
"Coleman(コールマン)インスタントバイザーシェードIII/L(グレージュ) タープ 日よけ レジャー ワンタッチテント 紫外線カット 頑丈 簡単設営 熱中症対策 キャンプ アウトドア BBQ ベランダ 持ち運び 手軽","5735","97","100","68","¥ 14,687","¥ 14,687","5","B0DKNBRZDM","B0DRCCD37M","113.5","22","21.5","14600"
"リーディングエッジ 懸垂マシン チンニングスタンド 高さ8段階調整 ホームジム 省スペース バー ディップス ぶらさがり健康器","5739","75","100","66","¥ 9,990","","1","B0B1MGHWY1","B0H7G8XD5C","113","23","23",""
"WOWSEA T2 323cmインフレータブルパドルボード、3400g強化ニット素材","5745","48","100","417","¥ 35,987","","1","B084WP3YC1","B0H5H8LFGF","91","39","33","17350"
"KOMCLUB ランディングネット 伸縮 3.9m グラスファイバー 淡水海水両用","5764","57","50","159","¥ 5,313","","1","B08GKFC1H9","B0CJFZX9M5","45.4","22.6","8.3","870"
"CYCPLUS AS2 ULTRA 自転車用 電動空気入れ 携帯ポンプ 最大120PSI リアル気圧表示 自動停止 90g 超軽量 米式・仏式対応","5771","79","100","95","¥ 14,129","","1","B0F6YHGF2T","","12.6","8.3","3.9","200"
"アガツマ(AGATSUMA) アンパンマン ぴょんぴょんジャンプ【2023】対象年齢3歳以上 耐荷重70kg 室内用 トランポリン","5782","75","100","85","¥ 7,964","¥ 7,964","8","B0CP8P47ZL","B0DY16LLB6","72.5","36.5","13.5","7190"
"スノーピーク(snow peak) 【ノベルティ付き】火焔ストーブ コーエン クッカーセット BS-010CS","8533","31","","","¥ 18,480","¥ 18,480","1","B0CW6FGLFX","B0BYVRW2SW","20.7","20.6","18.7","860"
"ACTIM キャンプコット 2WAY 【日本耐荷重試験合格】サポート生地 簡単設営 小物収納 軽量3kg 防水性能 コットアウトドアベッド キャンプベッド","5789","39","200","35","¥ 6,200","","1","B0DXFCXKP5","","54","17","17","3000"
"【AVASTA】Gemini 18インチ子供用BMX自転車 かっこいい街乗りBMX 7歳 8歳 9歳 10歳 幼児小児小学生低学年 男の子 女の子 こども乗り練習 取り外し可能補助輪付き サイトスタンド 前後輪vブレーキ付き 保護クッション付き くろ 黒 ブラック","5806","31","","113","¥ 18,980","","1","B0FQ55W8YS","B0H93QVP6J","102","52","18","13000"
"YOSUDA ダンベル 可変式ダンベル 2個セット 0.9kg〜9kg 重さ調節可能 4.5KG/個 二重ロック 鋳鉄アレイ 耐熱/湿/酸化 四角形設計 ダンベルセット ABS素材で無毒 男女兼用 YL003 グレー","5807","97","100","29","¥ 6,441","","1","B0FR8CRQ7N","B0G1C31KBV","34.8","27.9","15.3","9770"
"[スワンズ] スポーツ サングラス 日本製 ULTRA LENS 偏光 Radiant Sol ラディアント ソル ゴルフ 運転 アウトドア 登山 RAD SOL-0167 CSK 大人用 メンズ レディース","5807","66","100","23","¥ 13,927","¥ 13,927","21","B0DYTS8F14","B0GTX39QLJ","18.9","9.2","6.9","110"
"HiKOKI(ハイコーキ) 14.4V/18V共用 充電式 ランタン UB18DF ライト LED サンドベージュ 蓄電池・充電器別売 UB18DF(NNB)","5817","89","100","15","¥ 6,800","¥ 6,800","1","B0FZQ7SDWM","B0DGV1YC81","32.4","10.1","8.4","490"
"DesertFox リクライニングチェア キャンプ椅子 単品/セット 4way 仮眠 昼寝 4段階調整 四季適用 【メッシュと薄手コットを自由に切り替える】【耐荷重150kg】アウトドアチェア コンパクト 折りたたみチェア 軽量 イス 【 独自開発のカップホルダー】携帯便利 ピクニック レジャー キャンプ用 TY (黒，1)","5820","85","100","157","¥ 6,649","","1","B0D3SYM685","B0F7RK26XB","91.8","23.4","21.8","5300"
"FiveLn 保冷袋 アルミ 保冷バッグ クーラーバッグ 100 個セット お弁当袋 使い捨て アルミバッグ 大容量 釣り 液漏れ防止 業務用 簡易 保温 冷蔵 冷凍 保冷ポーチ 厚手テイクアウト保温袋 ケータリングバーベキュー保温アルミフィルム袋 フレッシュコールドチェーン大容量鮮度保冷アルミ箔袋 (幅40cm、高さ40cm（100個）,厚さ3mm【粘着テープ付き】)","7576","9","","","¥ 5,166","","1","B0GR8GM5KZ","B0GR8BCQQR","50","50","20","2000"
"デッキアンカーペグ カラビナ付き XINCAMPING フィッシュボーン アルミニウムデッキタイダウンテント杭 防風テントロープ締め具 スプリングバックル付き キャンプ ハイキングコード アジャスターテンショナー 12個 (ブラック)","5669","64","","116","¥ 5,177","","1","B0DT8JB36G","B0F3617714","19.2","16.7","4.8","240"
"ヤマシタ(YAMASHITA) LP ダルマクリップ 5N 200個","4008","76","","5","¥ 5,366","¥ 5,366","4","B00FATMVTY","B0F1TB2S8B","11.6","11.1","2.6","310"
"アクセルガード互換 導電カーボンフィルム仕様 MEDICA EMS Pad ７cm丸型 (10)","5846","56","","130","¥ 9,600","","2","B0H4PNTC7Y","B0H4Y6F79Z","25.9","21.5","2","340"
"Coleman(コールマン) クーラーボックス エクストリームアイスクーラー 35L 2000022215","5849","104","50","503","¥ 5,400","¥ 5,400","2","B00SLO8RWK","B0CYKS9GQM","48.4","34.2","14.5","1260"
"【S.Darwin】子供～大人 キックボード 大人用 ディスクブレーキ Wサスペンション 折りたたみ キックスクーター","7287","51","","37","¥ 14,980","","1","B09QPCBFQQ","B0CB12P4CL","84.5","31","14.2","6890"
"冨士灯器 パワーポンプ 幅81×高さ197.4×奥行42.5cm FP-3000","5853","90","50","145","¥ 6,073","¥ 6,073","19","B016MKZIUI","B0HBV91PX7","21.5","12.2","5.7","480"
"Ledlenser(レッドレンザー) ML4 Warm 暖色光 ミニランタン LED 充電式 [正規品]","5854","84","50","1650","¥ 5,719","¥ 5,719","19","B08FBFPVRT","B0CJQVYSWZ","13.6","10.1","6.7","170"
"[ロジック] Logic ビブス 子供用 大人用 セット 10色展開 ゼッケン 収納バッグ付き 番号入り メッシュ 30日保証付き サッカー バスケ フットサル 学校 行事 自治体 運動会 12枚セット (子供用, イエローグリーン)","5865","63","","63","¥ 5,380","","1","B08F2D79ZB","B0BVFV5N3F","29.8","25.4","5.4","640"
"PRIMUS(プリムス) P-153 ウルトラバーナー ガス","5866","76","200","1443","¥ 5,982","¥ 5,982","36","B000AQXZME","","11","8.4","4.7","170"
"冨士灯器 ZEXUS(ゼクサス) LEDライト ZX-R730 充電式 [最大1200ルーメン メインLED点灯時間：最大35時間 白/赤/電球色]","5874","75","50","678","¥ 10,800","¥ 10,800","29","B083BK3GD4","B0F214C1WS","22.6","17.5","7.2","350"
"シマノ(SHIMANO) スピニングリール 24 エクスセンスBB 4000MXG","6245","75","","28","¥ 15,222","¥ 15,222","9","B0CRY47347","B0CS5VJXXD","17.5","14.4","10.5","420"
"STEADY Ultimate Gear クロスベルト【久野圭一コラボ/レバーロック式/15mm高密着パッド】トレーニングベルト パワーベルト Mサイズ ST-H02","5878","66","","61","¥ 12,990","","2","B0DPPRVFTX","B0FD9QQDML","75","10","2.5","2030"
"IROTEC（アイロテック） ラバー ダンベル 40KGセット（片手20kg×2個）【スチールダンベル】筋トレ 筋力トレーニング ダイエット器具 トレーニング器具 ベンチプレス 鉄アレイ 鉄アレー 可変式","5880","95","100","1688","¥ 15,950","","1","B0041ISYZK","","44.5","33","21.5","22060"
"adidas(アディダス) パフォーマンスアンクル/リストウェイト 足首 手首 ベルクロ・鉄製バックルタイプ 2.0kg×2個セット ADWT-12634","6917","45","","208","¥ 5,196","¥ 5,196","13","B08WXCKWM4","B0C1FXJX3D","29","12","10.5","4110"
"CYCPLUS AS2PRO MAX 自転車 電動空気入れ エアーポンプ 120PSI 自動停止 エアーホース付き マウンテンバイク ロードバイク用","5888","84","100","55","¥ 11,969","","1","B0CYPT78NY","","12.9","9.9","4.3","330"
"2025-26 Topps UEFAクラブコンペティションサッカー - 工場密封 - バリューボックス","5889","84","100","118","¥ 9,440","","40","B0GDH5ZSDG","","12.6","9.2","7.3","159"
"[MORGEN SKY] ウェーディング シューズ フィッシング ブーツ 釣り フェルト スパイク 磯靴 靴ひも付き 滑り止め 撥水性 通気性 磯釣り 渓流 岩場 アウトドア 迷彩柄 グリーン YZ033 (ブラック, 日本の靴のサイズ寸法, 大人, 数値, 27.0 cm)","5896","66","50","92","¥ 5,382","","1","B0FR3XZN5J","B0F9SD1NSD","31","21.2","10.2","1090"
"UNIX(ユニックス) 軟式 野球 ボール 練習球 M号 ウィルマックス軟式ボール (一般・中学生用) 1ダース BB7063","5903","76","","8","¥ 5,545","¥ 6,361","17","B07B4J3X2G","B07BS46L6L","29.8","22.8","7.4","1810"
"ダイワ(DAIWA) フロロライン モンスターブレイブZ 400M 20lb. 400m ナチュラル","5906","66","","137","¥ 5,315","¥ 5,315","14","B07MYYQPFG","B08WB7RBFS","14","10.7","4.1","180"
"Ashconfish PEライン 8編 釣り糸 1000m 超強力 高感度 耐磨耗 低伸度 釣りライン 釣糸 マルチカラー","5910","68","","1048","¥ 5,798","","1","B07FGVXQXL","B0FK9QMWCQ","8.2","8","8","100"
"【2026新改良】TrustFire DF006 ダイビングライト LED 懐中電灯 水中ライト 超高輝度 2300ルーメン 潜水可能 USB充電式","5932","63","100","36","¥ 5,583","","1","B0GL2FNVLN","","16.5","11.7","4.9","370"
"GOLFPRIDE(ゴルフプライド) ツアーベルベット・ラバー・360 バックライン無 GTSS ブラック M60R (6本セット)","5933","37","","382","¥ 5,700","","2","B00VS0X2S8","B01E9BPHX0","30.4","8","6.6","304"
"FIELDOOR ワンタッチタープテント 【4点ロック/スチール】 G03専用 サイドシート2枚付属 横幕 風抜けベンチレーション 高耐水加工 遮光 遮熱 高性能コーティング 紫外線カット UVカット [通常タイプ] [3.0×3.0m] [カモブラージュ/グリーン]","6554","31","","61","¥ 18,900","","1","B01MRK9IEZ","B07D41FR44","114","22.5","22.5","16640"
"キャットアイ(CAT EYE) 自転車用LEDライト VOLT400 （400ルーメン） USB充電式 最大18時間点灯 工具不要取付 HL-EL461RC","5936","50","100","1769","¥ 6,609","¥ 6,609","13","B01684Z90W","B08KQY5PKG","19.5","13.3","5.3","190"
"ダイワ(DAIWA) インフレータブルライフジャケット(肩掛けタイプ自動・手動膨脹式) ブラック フリー DF-2608","5959","93","50","575","¥ 15,800","¥ 16,364","20","B07H911DPC","B0CT92J5RF","49","32.2","5.8","810"
"Coleman(コールマン) 2500ノーススター LPガスランタン 防災 キャンプ アウトドア 明るい 屋外 ライト 照明 非常用 強力 野外 ガス式 マントル式 大光量 点火装置付き 収納ケース付き","5959","69","","1828","¥ 7,835","¥ 7,835","8","B0BG49CBRC","B0CYBL1J66","35","20.2","20.1","1880"
"Coleman(コールマン) ファミリースクリーンシェード（グレージュ）","5966","79","","1885","¥ 12,512","¥ 12,512","3","B0DKMZBXCL","B0F2J77SKX","61","14.5","14.5","3880"
"オガ炭 オガ備長炭 30kg 一級品 大黒オガ備長炭 長時間燃焼","5967","68","100","345","¥ 8,378","","1","B00MWRKMM0","","47","21","17","30000"
"シマノ(SHIMANO) ベイトリール 26スコーピオン DC MD 200XG 右ハンドル","5969","60","100","12","¥ 30,884","¥ 30,884","7","B0GFVDD3D8","","15.1","13.4","8.9","370"
"ダイワ(DAIWA) スピニングリール 24LUVIAS PC LT2500","5970","76","","4","¥ 36,039","¥ 36,419","28","B0D86QD3TD","B0D8B66STX","16.1","14.1","11.1","460"
"CYFIE タープテント 3mx3m サイドシート1枚付 ワンタッチタープ 風抜けベンチレーター付 テント ワンタッチ 高さ3段階調節 グリーン","5973","75","100","78","¥ 12,399","","1","B0DYMKV7MG","B0HFJHNT73","124","20","19.5","13920"
"Naturehike エアーマット【自動膨張 R値 4.6~4.9 厚手6cm】 無限連結可能 高反発 枕付き/枕なし インフレーターマット 耐水加工 超軽量 キャンプ用 ネイチャーハイク キャンピングマット アウトドア 車中泊マット テント泊 防水防潮 防災 保温 四季使用可能 収納袋付き 1人用/2人用","8724","29","","","¥ 7,990","","1","B0GMWY4GSZ","B0GVN1VFNT","64.2","21.5","17.5","3900"
"nishikawa 【 西川 】 [エアーポータブル] モバイルマットスリム モバイル マットレス (横幅60cmX縦幅180cm) ベッドの上に1枚プラス 点で支える スリムサイズ 出張 遠征 エアー AiR ブラック HD97271622M","5979","48","50","112","¥ 35,200","¥ 35,200","1","B07M8FFW83","B0BSKGGNG3","62.8","27.8","25.2","1920"
"【医師監修×健康雑誌掲載モデル】座ったまま天然木ステッパー 高齢者向け 運動器具 ゆらゆら 足踏み 運動不足解消 ステッパー 室内 健康器具 デスクワーク ＥｒｇｏＳｔｅｐ","5987","66","50","58","¥ 8,480","","1","B0G3F5WPCC","B0H6BCTQ4C","43.6","31.2","9.2","1440"
"PYKES PEAK(パイクスピーク) トレーニングベンチ 折り畳み コンパクト 角度調整 耐荷重330kg インクラインベンチ デクラインベンチ ダンベル ベンチ 筋トレ 胸筋 腹筋 背筋 宅トレ ウエイトトレーニング レッド","5994","60","50","125","¥ 7,480","","1","B0BXRQC31T","B0BXRMS3WY","88","33","25","10000"
"コンチネンタル(Continental) ロードタイヤ Grand Prix 5000 700x25C Black FB","6006","89","50","6804","¥ 9,680","¥ 9,910","16","B07K91B78V","B0D69RHKV4","22.7","8.3","7.9","259"
"ニトリート(NITREAT) EBテープ 25mm×4m(伸尺) 2巻入 10個セット ベージュ EB25BP10","6016","62","","144","¥ 7,211","¥ 7,211","1","B0FQN36LLN","B09V2PNLK6","30","30","10","1000"
"【2026アップグレード】折りたたみ椅子 アウトドアチェア 伸縮式 キャンプ椅子 折り畳み式 キャンプスツール軽量 コンパクト 持ち運び便利 耐荷重180KG 一秒開閉でき 高さ調整可能 6.5-45CM 滑り止め 釣り 旅行 バーベキュー 行列待ち アウトドアスポーツ","6019","30","","4832","¥ 7,528","","1","B0B751DNTH","B0CL8WV5RH","27.6","27","7.4","1320"
"Coleman(コールマン) テーブル 3ウェイBBQテーブルセット アウトドア キャンプ バーベキュー ピクニック 折りたたみ 高さ調節 収納ケース付き 耐荷重30kg ファミリー 簡単お手入れ","6020","65","100","364","¥ 10,545","¥ 10,545","8","B08P55LQ8P","","66","64","10.5","9400"
"サクライ貿易(SAKURAI) CALFLEX(カルフレックス)ソフト・硬式テニス兼用マシン トス角度・間隔3段階調整式 高さ4段階調整式 CT-014 ダークブルー","6023","103","100","276","¥ 6,132","¥ 6,132","12","B08BR2BM2G","B0CT53KLTN","40","29.9","18.4","2210"
"MERMONT キャンプテーブル コンパクト 折り畳み 軽量 高さ調整 アウトドアテーブル キャンプテーブル アルミテーブル アウトドア バーベキュー 釣り （180×60cm,ホワイト） A61C001","6040","62","","986","¥ 5,740","","2","B00WG5TZ3U","B0DW3MDSFX","64","63","11.5","7920"
"【PGAプロ多数愛用・世界80万本】Orange Whip 日本公式 スイングトレーナー フルサイズ ドライバー練習にも","6048","65","50","822","¥ 15,980","","1","B0F66X6GN2","B0FCY8WVMQ","120","6","6","900"
"ダイワ(DAIWA) スピニングリール 24月下美人X LT2000S-P","6050","76","50","66","¥ 14,399","¥ 14,203","15","B0CSXRWZ68","B0CSYSR2ZD","18.8","13.6","9.8","340"
"owala ウォーターボトル フリーシップ ツイスト シャイマシュマロ 710ml FreeSip Twist 24oz 炭酸対応","6059","74","","15","¥ 5,940","¥ 5,542","8","B0GQMZNG2B","B0GSQHN17J","31.3","8.4","8.3","540"
"Wilson(ウイルソン) バスケットボール NBA FORGE(フォージ) WZ2016901XB7 インドア/アウトドア用 7号/ 直径約24.5cm","6305","96","50","903","¥ 5,151","¥ 5,151","6","B0D86XF8LM","B0G6ZKSL7K","27.9","24.1","24.1","318"
"ヤマハ発動機(Yamaha)リチウムイオンバッテリー ヤマハPAS専用 12.3Ah ブラック X0T-82110-23【純正品】","6064","96","100","11","¥ 39,400","¥ 39,400","4","B0FDDZW5GX","B0CZJYC7GX","24","13.3","11.6","2330"
"シマノ(SHIMANO) ショア、オフショア 22 ミラベル C2000SHG","6067","93","","44","¥ 10,209","¥ 10,209","10","B0BHDGNVV4","B0BPW8HLW2","15","13.2","9.4","310"
"タジマ セフヘッドライト MD 500lm 大径照射 内蔵充電池 SFNDM50A-N30 セフメットやセフホルダー全種に装着可能 小型軽量の電源一体型 強力マグネット付でハンドライト&ワークライトにマルチ利用 目と電池に優しいロースタートを採用 電池残量警告付 IPX4 防水(防沫型)","7631","65","50","21","¥ 5,554","¥ 5,554","10","B0DVKJT3BJ","B0FDTQPQNH","16.7","14.2","8.4","260"
"VICTORINOX(ビクトリノックス) フィールドマスター スイス・アーミーナイフ 多機能 ナイフ 防災グッズ のこぎり はさみ付き 15機能を搭載したスイス製マルチツール 【国内正規品】 1.4713","6073","85","50","236","¥ 5,454","¥ 5,454","13","B000AR79W0","B0DFC3SZMQ","11.6","4.8","2.4","120"
"Azarxis テントシート グランドシート レジャー タープ 天幕220 折りたたみ 軽量 防水 日除け コンパクト ピクニック キャンプ 登山 収納袋付き","6546","35","","1185","¥ 6,180","","1","B07D3R3TTT","B0H1C2LS16","22.4","22.2","6.3","590"
"シマノ(SHIMANO) クーラーボックス 26L ホリデー クール 260LZ-326Q 釣り用 ピュアホワイト","6086","85","50","269","¥ 8,393","¥ 8,393","12","B01MT9ZY20","B084CJR9Z5","54","35.8","34.7","4030"
"JPStriv ステッパー ハンドル付き 静音 踏み台昇降 有酸素運動 室内運動 脂肪燃焼 運動不足解消 コンパクト 健康器具 高齢者 初心者向け 自宅トレーニング （グレー）","7132","52","50","35","¥ 6,630","","1","B0GSPH49MY","B0H3KNQZKS","48","36.3","23.9","7980"
"Coleman(コールマン) 【Amazon.co.jp 限定】クーラーボックス ホイールクーラー 28QT 約26L サンド 2000036680 保冷力約2日 キャリー キャンプ アウトドア 釣り お花見 部活 強力保冷 頑丈 暑さ対策","8955","72","50","437","¥ 6,282","¥ 6,282","1","B07Z99PXC8","B0FGX5L93Y","50","47.6","44.6","3940"
"SINLAND 速乾フェイスタオル スポーツマイクロファイバータオル 40CM X 80CM 3枚組 (ホワイトx3, 40cmx80cm)","6095","73","","2620","¥ 5,760","","2","B078MVDX7K","B086MFFKLP","27.9","21.5","4.2","640"
"PETZL(ペツル) E065AB アクティックコア ブラック","6097","37","50","60","¥ 12,177","","30","B0FHKTNR6T","","10.8","9.2","4.4","118"
"Owntop メンズ レディース ウェットスーツ フロント 3mm ネオプレン フルスーツ ブルー L","6109","34","","16","¥ 5,980","","1","B0CP91N5V8","B0CP94KC6D","36","28","6","800"
"Coleman(コールマン) キャンプ ワゴンアウトドアワゴンNX (LIGHT GRAY) 2025年モデル 2230841","7325","102","200","39","¥ 13,460","","8","B0FX2ZMG3M","","61","32","26","10500"
"アディダス(adidas) サッカーボール トリオンダ リーグ 日本代表ライセンスモデル（AWAY） 4号球 ADF426JPA","6127","98","50","29","¥ 5,481","","5","B0GWH19K93","B0GX6S576K","23","23","23","350"
"CYCPLUS AS2PRO 自転車用 電動空気入れ 120PSI 気圧表示 超軽量120g コンパクト 携帯ポンプ 自動停止 米式・仏式バルブ対応","6734","90","100","248","¥ 11,699","","1","B0CNPDJQYT","","12.5","8.8","3.9","230"
"ARCWOLF ウェーディングシューズ フエルト底 フィッシングブーツ 渓流 磯靴 渓流釣り 磯釣り 滑り止め AFA-103 サイズ25.5","6137","42","","85","¥ 6,450","","1","B0CFW5W5SH","B0GWDPL5H4","28.1","26","12.5","1180"
"BASSDASH (バスダッシュ) UPF 50+ 日よけフィッシングハット 耐水 取り外し可能なネックフラップ付き, One Size","6139","76","","5077","¥ 6,732","","2","B0BCVQ59RT","B08C53WPQ3","39.8","34.8","3.9","141"
"セラバンド THERABAND 徳用サイズ 合計45.7m (イエロー(シン))","6460","47","50","51","¥ 14,000","","1","B09HX5GY4N","B09K6X24NS","14.1","13.7","13.6","1150"
"HEAD(ヘッド) 硬式テニス ボール HEAD PRO 48球 (4球入り缶×12缶) 571714 イエロー","6151","52","100","108","¥ 6,192","","3","B08B3T3Y2C","","32","30","24","3000"
"BARWING(バーウィング)NEW モデル 可変式ダンベル 重量調節 アジャスタブルダンベル ウエイト トレーニング 筋トレ エクササイズ 自宅 家 筋トレグッズ 胸筋 ダンベルセット 背筋 腕 肩 シェイプアップ 可変式 ダンベル 鉄アレイ 重り ブロックダンベル","6153","73","50","107","¥ 35,800","","2","B0DVT495M5","B0H94ZZ446","45","45","45","40000"
"FED FITNESS トレーニングベンチ【耐荷重360kg・ワンタッチ角度調節】インクラインベンチ・デクラインベンチ・フラットベンチ 3WAY可変式 全身対応 90°〜-30°角度調整可能 スプリングロック式 76cmロング背もたれ 筋トレ ダンベル 筋トレベンチ ベンチプレス台 折りたたみ式 収納便利 ホームジム","6156","13","","13","¥ 14,979","","1","B0H146Q9XN","","86.2","32.2","25.4","16590"
"ツイストステッパー ハンドル付き 静音 サイドステッパー ながら運動 左右捻り 足踏み 室内運動 健康器具 ダイエット 保護マット付き","6158","19","","34","¥ 12,904","","2","B0GZVHV5QC","B0GSD7W2HV","56","36","28","8000"
"MERACH ピラティスボード レーニングボード 多機能 ピラティスマシン 家庭用 スライディングボード 膝マット付き 軽量 自宅トレーニング","6183","74","50","85","¥ 6,174","","1","B0FS79MP4J","B0H8XGG2KW","87","19","12","2870"
"WAQ RELAXING WIDE MAT リラクシング ワイドマット 厚手 8cm 車中泊 キャンピング 特殊ウレタン 軽量 r値 7 自動膨張 特大バルブ搭載 災害時 防災 インフレータブル ワイドコット アウトドア 車中泊 キャンプ 寝袋 (OLIVE)","6183","51","","100","¥ 11,730","","2","B0CDS2H8MM","B0CDS276HC","81.6","24.5","19.4","3020"
"[ファイテン] RAKUWA 磁気 ネックレス EXTREME トライバル スポーツネックレス メンズ レディース【肩こり】【首こり】【こり改善】【こりの緩和】【血行改善】 スポーツシーンに最適 独自技術「メタックス」を素材に採用 リラックスサポート ブラック 50cm 0223TG902053","6185","89","50","136","¥ 9,910","¥ 9,910","19","B0CCTYTSTM","B0DVLJRHBZ","17.1","10.9","2.3","70"
"テーラーメイド(TAYLOR MADE) MG5CH SB 56.12 DG Mid115 S200 ミルド グラインド ファイブ ウェッジ メンズ 56.12 RH 2025年モデル","6188","81","","37","¥ 23,822","¥ 23,822","12","B0FJ1WKWJ7","B0H2VTXH5T","94","10.5","5.5","1000"
"ヨネックス(YONEX) バトミントン ラケット 張り上げ マッスルパワー9LT ホワイト/ネイビー(100) 4U5 MP9LTG","6190","101","100","140","¥ 6,121","¥ 6,121","18","B0CVKCP2CK","B0D1KF1D91","70.8","34.9","4.1","270"
"カッターズ (CUTTERS) バッティング グローブ 手袋 B444S パワーコントロール4.0 ソリッド 両手用 野球 ソフトボール XL ホワイト","6191","76","50","73","¥ 5,600","¥ 5,600","7","B0CV3CV4FH","B0F6LN9D9Q","28.2","15","4","170"
"FIELDOOR ポップアップテント インナーテント 開くだけ 簡単設営 ワンタッチテント 1人用 ソロ ソロキャンプ コット タープ タープ泊 車中泊 カンガルースタイル フルクローズ 蚊帳 キャンプ アウトドア 防災用品 [メッシュタイプ] [ダークブラウン]","6192","75","100","443","¥ 6,500","","1","B089Y6V6GC","B0B2JCWKNW","69.5","68","3","1020"
"EVOSHIELD(エボシールド) 野球 レッグガード EVO PRO-SRZ 2.0 レッグガード ロードグレー 左打者用 Gray/ WB5726909LHH","6195","61","","2","¥ 15,840","","23","B0D3NFZG7N","B0C8ZW2LXM","36.2","26.6","4.4","490"
"Coleman(コールマン) バタフライテーブルNX/120 キャンプ アウトドア 折りたたみ 軽量 コンパクト","6196","78","100","16","¥ 14,602","¥ 14,602","9","B0FWJXGZT3","B0GCDMPVD5","64","64","9","5080"
"Signstek サップボード SUP ボード サップ 釣り アクアマリーナ SUP 釣り スタンドアップパドルボード インフレータブル サーフボード 2人乗り フィッシングサップ 初心者 長320CM 耐荷重量200KG 安定性 滑り止め 超軽量 パドル イエローグリーン","6215","64","","128","¥ 17,999","","1","B0GQ3BD2LC","B0CZHHRR4V","89","38","23.5","13500"
"モルテン(molten) バスケットボール JB5000 B7C5000","6217","93","100","556","¥ 8,797","¥ 8,797","32","B01N0F5KVY","B092YT7TRW","27","27","27","600"
"FUTUREFOX 伸縮ポール キャンプ タープポール テントポール アルミ製 2本セット (オリーブ 220cm-280cm φ35.5)","6220","67","","125","¥ 8,530","","1","B0D5D5DFQG","B0D5QGXQ4W","93","13","7","3000"
"Coleman(コールマン)ポップアップシェード DR ビーチテント 持ち運び ダークルーム コンパクト 収納 アウトドア 耐水 紫外線対策 公園 運動会 ワンタッチテント ポップアップ PU防水","6234","93","200","36","¥ 15,280","¥ 15,771","5","B0DKNHT235","B0FGX38DPF","90","90","4.5","4500"
"【ギフト対応】バランスドーム 子供 大人 兼用 半円バランスボール 58cm/46cm 体幹トレーニング バランス能力向上 静音マット付き 室内遊具 幼稚園 家庭用 ジャンプ練習 足裏刺激 トランポリン感覚 誕生日プレゼント・クリスマスギフト・お祝いに 男女兼用 耐荷重500kg/300kg 厚肉設計 滑り止め加工 バランストレーナー","10805","14","","14","¥ 6,770","","1","B0H4QGWBKJ","B0H4QKC9G3","48.3","48.3","10.2","3175"
"FlipBelt(フリップベルト) ウエストポーチ フリップベルト クラシック カーボン L FB0114","6239","72","","15370","¥ 5,306","¥ 5,306","1","B00JF9E878","B0GGYBGNLW","27.1","13.9","3.4","120"
"Surfwave パドルボード サップボード スタンドアップパドルボード 大人3人乗り 増強PVC 高密度素材 サイドカバー×2 耐高温 耐低温 海水に強い 空気漏れテスト 気圧安定テスト 水性接着剤 日本向け フルセット マルチサイズ マルチカラー (レイクブルー)","6250","53","","","¥ 22,999","","1","B0GH6TLK83","B0G11414TJ","94","35","23","14000"
"PYKES PEAK（ パイクスピーク ） インフレーターマット キャンプ マット 極厚 8cm 自動膨張式 凹凸ウレタン 極上寝心地 連結 裏面スエード 収納袋 リペアシート付き アウトドア キャンプ 車中泊 防災 (スタンダード・サンドカーキ)","6251","45","","135","¥ 5,524","","1","B0CLV4T4GG","B0CYGYWW8G","67","34","20","2750"
"シマノ(SHIMANO) フリースタイル ロッド 23 フリーゲーム S76UL 振出竿","6255","56","","8","¥ 10,484","¥ 10,484","9","B0BSRKVJFK","B0BV75G7KC","78","12","5.9","350"
"[キャンパーズコレクション 山善] ワンタッチテント フルクローズ 遮光率99.99％以上 ブラックコーティング 幅200×奥行150×高さ130cm グレー BCOS-6UV(GY)","6262","72","100","22","¥ 5,554","¥ 5,554","3","B0DWCSZ6Z1","B0GR2T38XH","63.5","62","11","2790"
"シマノ(SHIMANO) ソルトウォーターロッド オフショア(ジギング) グラップラーBB タイプJ 2021 B56-6 オフショア ジギング","6269","61","","8","¥ 17,155","¥ 17,155","9","B08R6RMKKS","B08ZT3SW92","114","11.5","8.5","790"
"Thinkmax トランポリン 子供用 安全ネット 3段階調節手すり付き 吊り輪2個付き 脚部吸盤付き 耐荷重180kg 室内 オレンジ×イエロー","6271","9","","5","¥ 9,080","","1","B0GYDPS3WW","B0GYDL9QPT","91","30","22","16500"
"セラバンド 合計 5.5ｍ (6ヤード) 巻 ゴールド （マックス）","6288","45","","4088","¥ 10,791","","18","B00066D62C","B0G1MBJPZF","17.7","8.3","7.9","540"
"iGPSPORT VS500 自転車 ライト スマートなロードバイク ライト 500ルーメン 4000mAh大容量 自動オンオフ&リモコン制御可能「バッテリー残量」と「航続時間予測」6つ調光モード 防振 アンチグレア機能 TYPE C充電式 IPX6防水 高輝度 停電地震対策 登山 夜釣り 日本語説明書付き","6292","85","100","33","¥ 5,045","","2","B0DFY5XRKY","B0DLKMJ3LB","17.4","10.1","5.2","280"
"iGPSPORT BSC500 サイクルコンピュータ GPSサイコン 3.3''大画面で見やすいカラーディスプレイ コース外れ時の自動ルート再設定 音声ナビ・電子ベル搭載 サイクルコンピューター iClimb 2.0 Bluetooth/ANT+対応 iGPLink対応 32GB大容量メモリ IPX7防水","6295","103","200","38","¥ 26,400","","1","B0GW88YJR9","B0HDJ13G7N","17.4","10.3","2.9","190"
"ミカサ(MIKASA) テーピング38mm幅 32巻 箱入 TP380-32","6306","62","","142","¥ 9,510","","5","B0824Y65QX","B08Z47RT97","30.6","17.2","15.8","2660"
"TRUSCEND【8関節デザイン】 ルアー 釣り アジング 64g 3個セット 本物そっくり 海水 淡水適用ミノー フィッシングルアー シーバス 青物 サワラ その他各種の魚に適合","6320","64","","16682","¥ 5,399","","1","B088R358QX","B0GVS9X4Q7","32.3","14.3","7.5","260"
"RingConn Gen 2 Air、超薄型AIスマートリング｜まずサイジングキットでサイズ確認｜バッテリー駆動10日間｜睡眠・心拍・ストレス・女性の健康管理・フィットネス追跡｜標準機能のサブスクリプション料金なし｜iOS & Android対応（シルバー、サイズ12）","6321","71","","5018","¥ 34,800","","1","B0DWJY2RXX","B0DWN1S3SG","12.3","10.8","5.9","272"
"AIFLYCY 寝袋 シュラフ 冬用【足元に二重保温・300T防水】無限連結可能 封筒型 コンパクト 丸洗い可能 簡単収納 オールシーズン","6322","29","","276","¥ 5,933","","1","B0D1B5Y6NB","B0GYYVT2M9","45","35","9.5","1980"
"クロスバイク 700C 通勤通学に最適 シマノ6段変速 フラットハンドル 街乗り スポーツバイク 自転車 男女兼用 軽量スチールフレーム 【MAKTA】 (本体のみ, メタリックレッド)","9200","20","","2","¥ 23,980","","1","B0G2KRK27R","B0G2PQQ5K8","128","71","20","14000"
"Rocacoco ワンタッチテント 3人用 4人用 テント ワンタッチ ドームテント 軽量 防水 公園 uv加工 紫外線防止 キャンプ アウトドア ソロキャンプ (ベージュ)","8803","41","50","106","¥ 6,980","","1","B0C6K5K31S","B0C6K48QL7","77","16","16","3740"
"Continental(コンチネンタル) Ultra Sport 3(ウルトラスポーツ3) Black/Black 700x28C FB ロード用クリンチャータイヤ 2本セット","6337","98","200","321","¥ 7,040","","3","B08PNXT8VQ","","24.1","16.9","10.1","720"
"テーラーメイド(TAYLOR MADE) ステルス グローレ ドライバ― ドライバー SPEEDER NX for TM メンズゴルフクラブ RH ロフト角 : 9.5 フレックス : SR シルバー","6337","93","50","111","¥ 22,800","","7","B0BBKNWKT6","B0BLLY8B3D","121.7","14","13.7","450"
"ミズノ ミズノプロ バッティンググローブシリコンパワーアークDI 高校野球対応モデルあり SOLVシール付き 1ejeh25010 23cm","6338","58","","12","¥ 7,499","","1","B0FNRT9Z8S","B0FNRNNBF3","27.5","12.5","2.4","90"
"SAMUUN ランタン LEDランタン リモコン付き ナイトライト キャンプランタン 小型 USB-C充電式 IPX5防水 光色/輝度記憶 マグネット内蔵 4色切替 無段階調光 5200mAh 実用点灯8-250時間 ソロキャンプ アウトドア 車中泊 夜釣り 防災グッズ 停電 緊急 非常用（2個セット）","7070","45","","72","¥ 5,900","","1","B0GS5NT6GF","B0GF6GBRV6","20.5","10.8","9.9","620"
"アルファタックル (Alphatackle) ランディングギアシャフト (LANDING GEAR SHAFT) 玉の柄 ランディングシャフト 700","6349","82","","52","¥ 9,786","¥ 9,786","7","B01DSZHUP6","B0FGJ9622P","70.5","7","5","950"
"シマノ(SHIMANO) ペダル(SPD) PD-EH500 トレッキング 片面SPD/片面フラット SM-SH56クリート付属 EPDEH500 ブラック","6353","81","100","4116","¥ 9,155","¥ 9,155","14","B07CDQ4K7S","","14.4","11.2","7.7","608"
"21Technology 電動アシスト自転車 (26インチ) 自転車 電動アシスト 手元スイッチ オールワン 折りたたみ 型式認定 リチウムイオンバッテリー AO260（マットブラック）","6358","58","","264","¥ 56,520","","2","B08WPZGM28","B08WQCB3ZR","97","80","40","30000"
"サンワサプライ ワイヤレスマイク付き拡声器スピーカー MM-SPAMP8","6377","35","","16","¥ 98,800","","26","B078XX7DSP","","67","44.5","40.5","17000"
"DOD(ディーオーディー) ペリーワゴン 大容量130L 軽量&コンパクト アウトドア ピクニック キャンプ キャリーワゴン C2-178-TN","6379","84","50","52","¥ 15,047","¥ 15,047","1","B0FFGYJNPK","B0FG21JHP2","62.4","34.2","26","9760"
"Pasinaz NEWモデル アウトドアワゴン キャリーワゴン 耐荷重180kg 大容量 211L キャリーカート キャンプワゴン 折りたたみ 荷室拡張 4輪 伸縮ハンドル 頑丈タフ ワイドタイヤ タイヤロック 軽量 コンパクト 自立 アウトドアキャリー","6382","65","50","155","¥ 11,800","","1","B0G644GFGV","B0HCVCDW1S","100","100","60",""
"DAIYA GOLF 創業65年の日本メーカー 自動返球 高密度人工芝 静音 室内 ゴルフ器具 用品 トレーニング リターン機能 ダイヤオートパットHD 屋内 USB電源 乾電池 電動 初心者 上級者 今平周吾プロ推奨商品","6389","98","200","504","¥ 7,545","¥ 7,545","19","B08LGC99N6","B09BVGZRBS","47","31","9.8","1850"
"ADVANTAGE (アドバンテージ) ダンベル 可変式 40kg 30kg 20kg バーベル 可変式ダンベル 2個セット 【日本企業企画】 (イエロー40kg)","6392","46","100","36","¥ 5,220","","1","B09PF74LH6","B0DWF4D1H6","50","35","30","20000"
"ユピテル(Yupiteru) ゴルフスイングトレーナー GST-7BLE ヘッドスピード ボールスピード 飛距離 ミート率 Bluetooth搭載 データ管理 設定 充電バッテリー式 日本製","6395","126","100","1913","¥ 14,550","¥ 14,754","14","B06XCH23FT","B06XF6DQGK","17.1","11.3","7.2","320"
"Qi10 MAX #5 TM60 S キュー アイテン マックス レスキュー メンズ Diamana Blue TM60 RH フレックス:S 番手:#5","6399","85","","44","¥ 22,900","","20","B0CQSXWJ5T","B0CTYD3952","106","10","9.8","420"
"【箱売り】APMジャパン 大容量 コンパクト 防災用ウォータータンク 20L WT-20 30個セット 折りたたみ ソフトタイプ [レジャー・防災]","6222","24","","106","¥ 21,980","","1","B0D1TGVN1M","B0D3FCVQWK","72","52","28.5","10000"
"AWESOME'S (キャンパー監修) メスティン テフロン フッ素加工 キャンプ アウトドア バリ取り不要 クッカー ブラック (× 2)","6671","8","","177","¥ 5,180","","","B0GZPX7GPD","B0D4LTM45D","21.7","15.3","8.4","460"
"WAQ ASTRA CT用インナー キャンプ ベッド コット キャンプ用ベッド キャンプコット ワイドコット キャンプベッド 折りたたみベッド コンパクト ベット アウトドア 軽量 (ワイドコット用)","8094","57","50","27","¥ 9,720","","1","B0D4V6WL8R","B0D4XNVLD3","53","14","14","1900"
"[コラントッテ] レスノ マグネ 半袖 リカバリーウェア DRY ショートスリーブ 磁気ウェア メンズ レディース (スモーキーブルー, XL)","6730","39","","10","¥ 6,500","¥ 6,500","9","B0GTVMJ4S9","B0GY44CN35","24.9","20.8","3.7","200"
"VARIVAS(バリバス) PEライン アバニ キャスティングPE スーパーマックスパワー 400m 12号 MAX160lb 8本 ステルスグレー","6423","55","","328","¥ 17,470","","15","B07HH561DP","B0H8S48DVW","13.9","10.8","5.9","230"
"シマノ(SHIMANO) 船・手巻リール 両軸 20 ゲンプウ 200PG(右) カワハギ マルイカ ヒラメ 鯛ラバ","6427","91","50","96","¥ 5,768","¥ 5,768","15","B083ZVCYR8","B087K5ZMNG","17","15","8.5","330"
"シマノ(SHIMANO) ベイトリール 23 SLX DC 71HG ルアーキャスティング","6436","106","50","64","¥ 19,869","¥ 19,869","5","B0BV268GS7","B0BV6TZ5SY","17.9","15.1","9","330"
"エアーベッド 自動膨張/収縮 電動ポンプ内蔵【キャンプ・来客・防災用】 取り外し可能 Type-C充電式 折りたたみ式 エアーマット 簡易ベッド 予備ベッド 家庭用 防水 震災 防災グッズ 車中泊 引越し アウトドア コンパクト 防水性 通気性 快適性 エアーマットレス 収納袋/枕付き/LEDライト付き 日本語説明書 (L/（200*150*25cm）)","43522","20","","1","¥ 7,581","","1","B0H4GCF3F1","B0H4GCN91T","30","25","20","1830"
"シマノ(SHIMANO) スピニングリール 26ネクサーブ 4000HG","7416","45","50","8","¥ 5,642","¥ 5,642","20","B0GFSW3M7K","","15","13.3","8.8","410"
"Goture（ゴチュール） POLLUX スロージギングロッド グリップ脱着式 ジギングロッド スピニング ソリッドトップ 船釣り 海釣 662MLS 1.98M/6ft","6680","41","","9","¥ 7,463","","1","B0F269DZLS","B0DHS34TTB","153","9","3","900"
"8tail KOKIZAMI POLE コキザミポール アルミ合金 19mm 最長204cm コンパクト 持ち運び便利 アルマイト加工 タープポール ポール テントポール テント (2セット(4本))","8804","26","","30","¥ 5,280","","1","B09GP9BXL1","B09GP8XXNL","46","16","2","20"
"バリバス(VARIVAS) 9本撚り PEライン アバニ イカメタル マックスパワーPE X9 200m ダークグリーン 0.6号","8725","77","","16","¥ 5,232","¥ 5,232","15","B0D1G77533","B0D69XY3LJ","11.8","8.2","2.6","50"
"セライタリア(Selle Italia) NOVUS BOOST EVO S.F Mn BK L サドル","6455","96","100","171","¥ 12,001","¥ 12,001","12","B08PW68JMS","","27.5","15.3","5.7","220"
"キャロウェイ(Callaway) 右用 ウェッジ OPUS SP CRM (ロフト:54度 バウンス角:10度 Dynamic Gold S200 35.375インチ D3 スチール) メンズ","6459","63","","9","¥ 18,782","¥ 20,066","11","B0FJKLNW65","B0FNQ8HSQ8","131","14.5","14.5","180"
"アイリスオーヤマ 保冷剤 ハード CKB-350 44個セット","8809","58","","2759","¥ 5,980","¥ 6,040","4","B0B27ZWQ9Y","B0DZHV1Q43","42","32","20","17800"
"PRIMUS(プリムス) P-COJ オンジャ (ブラック) キャンプ・アウトドア用ツーバーナー","6469","47","50","45","¥ 7,980","","22","B096ZB6RF7","","45.2","32.2","14.9","3520"
"voice caddie(ボイスキャディ) VC300SE VC300SE 音声型 GPS ゴルフナビ 距離測定器 軽量 簡単 ホワイト 外部インターフェース : microUSB 外形寸法 : 45(W)×45(H)×12(D)mm","6472","75","50","593","¥ 8,990","","4","B01M9K9B3F","B0G2TKLXVK","13.6","8.2","5.7","150"
"シマノ(SHIMANO) ベイトリール 25バルケッタ Fカスタム 150DHXG (右)","6477","116","50","17","¥ 24,600","¥ 24,600","17","B0DSP7BXT8","B0DSZVRP8F","17.3","15.4","9.3","490"
"[ファイテン] 【阪神タイガース 佐藤輝明選手・読売ジャイアンツ 丸佳浩選手 愛用商品】 RAKUWAネックレス EXTREME エクストリーム クリスタルタッチ メンズ レディース スポーツネックレス【水溶化メタル技術メタックス】","6495","91","50","205","¥ 19,800","¥ 19,800","15","B0C1S2F8GR","B0CZ76YSS9","11.8","11.6","2.3","40"
"テーラーメイド(TAYLOR MADE) Qi35#5 Dia BL TM60 R キューアイ サーティファイブ レスキュー メンズ フレックス：R 番手：#5 RH シャフト：2025 Diamana BLUE TM60","6495","56","","12","¥ 26,800","","4","B0DQ7Y9RBX","B0DSZJ4MKD","104","11","10","430"
"【SIDAS】シダス 3feet アクション MID JP L(27.0cm-28.0cm) 314060204 インソール 中敷き グリップ力 衝撃吸収 アーチサポート","6505","68","","58","¥ 6,831","¥ 6,434","7","B078V75B2C","B09YCKZ9XZ","36.3","11.2","4.9","170"
"THERMAREST(サーマレスト) アウトドア マットレス クローズドセルマットレス Zライト ソル シルバー/レモン S(51×130×厚さ2cm) R値2.6 【日本正規品】 30669","7166","76","","437","¥ 9,570","¥ 9,403","9","B005I6TQV0","B0FD7BKM49","50.8","12.7","10.5","318"
"FIELDOOR アルミ コンテナ ボックス 蓋付き 収納ボックス フタ付き 収納ケース 収納BOX おしゃれ 道具入れ ストッカー 軽量 スタッキング BOX アウトドア キャンプ 収納箱 テーブル [S&M&Lサイズ] [ブラック]","12362","37","","83","¥ 38,000","","1","B0G43N88X5","B0DF2H8779","71","49","39","14100"
"Ledlenser(レッドレンザー) led ヘッドライト 充電式 HF6R Core Red 最大800lm 明るい IP68 防水 小型 126g 軽量 赤色サブライト 釣り 登山 キャンプ アウトドア 作業用 502967","8232","68","","294","¥ 6,800","¥ 6,927","13","B0CF9NVP6R","B0D2HWPQRS","22.6","8.8","7.6","290"
"バイオ科学株式会社 熊スプレー 熊一目散 ホルダー無し（スプレーのみ） 日本製 純国産 熊撃退スプレー Bear Spray","5361","48","50","4","¥ 9,900","","11","B0GLNZGXG1","","24","19","4.5","200000"
"ALIEN PROS バットグリップテープ 0.5mm 野球用 (3つのグリップ) – カット済みでプロフィールのバットテープ – 古い野球バットグリップの交換 – バットを包んでホームランに (3グリップ、キュービック)","6704","38","","794","¥ 23,191","","1","B07J5MMHSJ","B09T6N9Q9P","25.9","6.9","1.9","45"
"FIELDOOR アウトドアハンガーラック 【Mサイズ/レッド】 簡単組み立て 収納バッグ付 ランタン 衣類 シュラフ 食器 クッカー","6528","50","","301","¥ 5,800","","1","B07V6DPWV8","B084562RM4","54.5","17","9.8","1660"
"電動アシスト自転車20インチ 折りたたみ30km走行可能 リチウムイオンバッテリー 5.8Ah リアモーター 後輪駆動 トリプルセンサー 型式認定 公道走行可能 簡易組立必要品 BM-AIS20D (カーボンブラック)","6535","62","","57","¥ 49,800","","1","B0G197QVT6","B0G2TQGW8C","87","69","38","23300"
"EPA認証済み ＵＤＡＰ 熊撃退スプレー ホルスター付 （アメリカ森林警備隊採用品）正規輸入品 熊スプレー 業務用 自治体導入 法人 専用ホルスター (1本)","6537","99","100","89","¥ 9,000","","2","B0FC1MSSMK","B0FC1ZWPWH","21.8","7.4","6.8","360"
"TMZ ワゴン×ベンチ設計キャリーワゴン・折りたたみ式 アウトドアワゴン ・サイドオープン荷室活用可 ・シート & シートベルト付き多機能カート ・フロントハンドル + リアプッシュハンドル ・四輪取り外し可能 ・屋根とストッパー付き 耐荷重 120kg (緑)","6543","28","","15","¥ 20,977","","1","B0FNJKRZW8","B0FNJMZNHS","76","64","30","17500"
"ヨネックス(YONEX) エアロセンサ200 AS-200 4AS200","6545","107","50","206","¥ 5,197","","4","B079PPDQFM","B0D1QXYYB5","38.7","6.7","6.6","140"
"ポータブルガスコンロ、屋外用、キャンプ用コンロ、業務用、露店・屋台用、高火力ガスバーナー (グリーン)","7026","2","","","¥ 5,978","","1","B0H9XTPPVC","B0H9XZ9LB8","29","20","13","2400"
"ZEN Camps グランドシートレジャーシート 195×136cm 防水 撥水 厚手1680D 高耐久 耐摩耗 収納袋付き キャンプ (バスタブ型)","8866","70","","124","¥ 5,485","","1","B0D37SX56J","B0HBLVT5S3","39.6","27.3","5.8","1690"
"[ソト (SOTO)] 日本製 キャンドル 風 ガスランタン 充てんタンク 収納ケース付属 燃料を選べる( OD缶 CB缶 ライターガス) コンパクト アウトドア 防災 キャンプ Hinoto(ひのと) SOD-260 シルバー","6588","93","100","481","¥ 5,310","¥ 5,604","48","B09WCW7FDK","B0G91673M6","22.6","6.7","6.2","370"
"サーファス(SERFAS) 自転車 高圧空気入れ エアフロアポンプ 仏式/米式/英式/ボール/ボートバルブアダプター エアゲージ ロードバイク MTB","7440","53","","2390","¥ 5,400","¥ 5,400","2","B00160XPI2","B0CN1PFTL1","64.3","24.1","24.1","726"
"【TFS】 炭人七輪 業務用 3~4人向け 卓上七輪 焼肉 BBQ キャンプ 重さ5.8kg 直径27cm 高さ20cm TY-01","6613","57","50","50","¥ 6,282","","2","B0DJ2G61ZT","B0DWMKB3QG","29","28.1","25.6","5960"
"GARMIN(ガーミン) vivomove Sport Peach Gold/Ivory ハイブリッドスマートウォッチ 【日本正規品】 小","6633","118","50","321","¥ 23,890","¥ 24,473","12","B09R1S3MKH","B09R7VL8ZP","34","12.1","5.9","80"
"シマノ(SHIMANO) スピニングリール 25アクティブキャスト 細","6636","90","","6","¥ 9,432","¥ 9,432","21","B0DSPF2P68","B0DSZLPCB2","22.1","18.4","12.9","860"
"ワークマン スクエア真空ハイブリッドコンテナ","6638","59","100","13","¥ 8,800","","1","B0FHFXR56X","","33","26","26","3400"
"[ティゴラ] 陸上/ランニング バッグ ベスト 8L ペットボトル収納 サイズ調整 フリーサイズ ブラック","6639","91","200","31","¥ 5,659","","1","B0CN3J3W5H","","39.6","36.3","4.2","290"
"Qi10#3 NS S キュー アイテン レスキュー メンズ N.S.PRO 820GH RH フレックス:S 番手:#3","6642","71","","68","¥ 22,000","","4","B0CQSZLCXL","B0CTYCYPY4","113","12","9","550"
"Gavit ゴルフ練習マット アプローチ パット 練習器具 ９点セット パター ネット パターマット 3Way トレーニング EVAボール 20個","6642","39","","5","¥ 7,998","","1","B0FGQCCQZT","B0F5M9TCRW","39","30","20","2000"
"[BODY RAJA] サンドバッグ 自立型 185cm スタンド型 倒れない 水 家庭用 自宅用 パンチングバッグ ボクシング トレーニング ボクササイズ ストレス発散 大人 子供 室内 ジム フィットネス 日本語説明書付き","5174","4","","","¥ 20,520","","1","B0HC6SFKMS","B0HCV3JRGS","185","63","23",""
"DOD(ディーオーディー) グッドラックソファ 車内で棚になる2人掛け折りたたみチェア 【アルミ合金製】タン中 CS2-500-TN","6665","74","50","1660","¥ 13,140","¥ 13,140","5","B0881Q2CX3","B07JDYD8R3","103","72","16","7680"
"シマノ(SHIMANO) モバイルロッド 20 ルアーマチック MB S96M-4 ヒラメ マゴチゲーム シーバス ライトショアジギング","6677","104","50","237","¥ 10,110","¥ 10,110","8","B08DQWZCN5","B08DY69Q9C","80.6","8.5","6.4","340"
"CHAOKE ルームランナー ランニングマシン 家庭用 折り畳み式［速度1〜10km/h］ 2.75HPブラシレスモーター 12種類HIITプログラム 5層衝撃吸収ベルト LEDディスプレイ・リモコン付属 静音 省スペース 耐荷重160kg 日本語説明書付き","6681","10","","30","¥ 18,980","","1","B0GWQ8MK29","B0HDN9JV7S","90","40","12","29000"
"RDX ディッピングベルト 【トレーニング効率アップ】 チェーン付き ウェイトベルト トレーニングベルト チンニング ディップス スクワット 懸垂 用 荷重ベルト メンズ レディース WDB-T7 (レッド)","6689","73","","1940","¥ 6,480","","2","B0CTBXPM4Y","B0CKTFC7QF","27.9","14.9","7.3","640"
"内外ゴム(NAIGAI) ナイガイ 軟式 野球 ボール 公認球 M号 (一般・中学生用) 1ダース MNEWD","6694","57","50","101","¥ 5,900","","3","B072N7J1Q4","B078W82CM5","29.5","22.6","7.8","1790"
"【2025年グッドデザイン賞】TOKYO CRAFTS コードユニットブラック【シェルフ/ラック/ステンレス/拡張可】キャンプ 焚き火テーブル","9335","36","","3","¥ 8,800","","1","B0FVM9B9XP","B0FH73PGTH","50","44.3","6.4","2780"
"CIGMAN ゴルフレーザー距離計 1312ヤード対応 2.4インチタッチスクリーン 高精度測定 振動通知 競技モード対応 ゴルフ用","6699","92","100","215","¥ 8,990","","1","B0FBG6XB2G","","15.4","9.8","6.3","352"
"Coleman(コールマン) シェード パーティーシェードライト/360+ ホワイト 自立式フレーム タープ 2000038152 タープ 日よけ レジャー ダークルーム 遮光 遮熱 ワンタッチテント 紫外線カット 頑丈 簡単設営 軽量 熱中症対策 キャンプ アウトドア BBQ ベランダ 防水","6706","84","100","216","¥ 30,562","¥ 30,562","11","B08P57KZ14","","90","26","25.4","14680"
"CYFIE タープテント 3mx3m サイドシート4枚付 ワンタッチタープ 風抜けベンチレーション付 テント ワンタッチ 高さ3段階調節","6707","53","50","26","¥ 16,998","","2","B0H2YJ8227","B0HG9NFKR2","120","22","21","13000"
"[ブッシュネル]ゴルフ 計測器 ピンシーカープロXMジョルト PINSEEKER PRO XM JOLT PROXM","6709","103","200","38","¥ 54,190","¥ 54,190","14","B0GMJKWG5J","","21.1","15","13","400"
"[ARCWOLF] フィッシングシューズ フェルトスパイクシューズ AFA-102 磯靴 釣り用シューズ 軽量 耐滑 通気 ウェーディングシューズ 滑り止め 磯釣り渓流釣り","12821","29","","128","¥ 6,650","","1","B0C89SD3YR","B0GJCXWMKG","32.2","24","10.9","1230"
"Coleman(コールマン) ベンチ リラックスフォールディングベンチ オリーブ 約3.8kg 2000033807 アウトドアチェアー キャンプ ガーデン リビング 耐荷重160kg","6716","97","200","1600","¥ 7,349","¥ 7,349","6","B07H38R763","","110","63","15","3740"
"Origem エアーマット キャンプマット 2人用ダブル 厚さ14cm超軽量 足踏み式 枕付き 車中泊・ファミリー・アウトドア 収納袋付き","6722","61","","1480","¥ 7,219","","1","B0GVJTC7KV","B0D2VR147Q","29","26","15","1500"
"HIBARI フィールドラック キャンピングラック アルミ天板セット 収納ケース付き マットブラック キャンプ収納 コンパクト アウトドアワゴン アウトドアテーブル 折りたたみ テーブル ローチェアアウトドア キャンプテーブル おしゃれ 軽量 (ラック2枚＋天板1枚セット)","8987","33","","53","¥ 9,150","","1","B08114MTSQ","B0D93D3TKN","63","39","8","5900"
"シマノ(SHIMANO) ベイトリール 両軸 20 メタニウム XG RIGHT バーサタイル","6732","77","","90","¥ 31,147","¥ 31,147","12","B083ZV5V5S","B0CLRFXY4S","15.2","13.4","9.6","300"
"CuteeFox トレーニングベンチ マルチシットアップベンチ 折り畳み フラットベンチ 角度調節簡単 腹筋 背筋 ダンベルベンチ 収納便利 CTF-ZF (赤，L)","7076","62","","46","¥ 6,598","","1","B0D2MDTB29","B0G4CWKS5P","83","32","23","22390"
"KABUTO(カブト) 自転車 ヘルメット キャンバススポーツ M/L (57-59㎝) ホワイトベージュ JCF推奨","6736","86","50","1076","¥ 5,490","¥ 5,543","16","B0DVSN417G","B094JVMXM6","29.2","22.4","17.2","530"
"ウエットスーツ レディース 3mm ネオプレン素材 フルスーツ ダイビング サーフィン フィッシング ワンピース バックジップ仕様 マリンスポーツ ウエット クラシック Mサイズ","7480","45","","17","¥ 7,190","","1","B0D4M1971L","B0D4M7SFQZ","43.7","34.5","7.5","930"
"シマノ(SHIMANO) スピニングリール 22ソアレBB C2000SSHG","6739","69","","49","¥ 12,447","¥ 17,756","10","B0BCYRGS54","B0BRBDXXXV","15.1","13.1","8.7","300"
"骨盤底筋トレーニング器 EMSケーゲルpc筋トレーニング 振動 温熱 3色LED 5段階調整 コードレス コンパクト USB充電 自宅ケア インナーマッスルケア 自宅エクササイズ 男女兼用","6748","57","50","21","¥ 6,630","","1","B0GY59KQ7Z","B0H95FS8DT","18.3","14.5","4.4","360"
"[TSUKAERU LABO.] ダブル エアーマット 足踏み式ポンプ内臓 キャンプ マット アウトドア 枕一体型 車中泊 超軽量 コンパクト 防災 厚手 災害 防水 (モカブラウン)","8025","31","","7","¥ 5,980","","1","B0GM1DWKX1","B0GM1DPZKW","33.4","16.1","14.4","1410"
"FIELDOOR ノーザンクーラーボックス 密閉 長時間 保冷 キャンプ BBQ 釣り レジャー 災害 [18.9L] [ホワイト]","10834","47","","58","¥ 14,900","","1","B086SKLLCL","B084D9D6JQ","54.8","38","34.3","8270"
"ApeexCanopy ワンタッチタープテント 【軽くて丈夫】2.5m×2.5m 収納バッグ付き 3段階調節 UVカット スチール 大型 耐水 ワンタッチテント レジャー イベント 海 バーベキュー 防災 運動会 おしゃれ 日除け 簡単取り付け シェード インスタントバイザーシェード 日除け 屋外 軽量 (ミディアムグレー, 2.5m×2.5m)","6759","52","","104","¥ 9,710","","1","B0DS6HVJHB","B0DS6GVVX2","116.7","22","21.5","11500"
"キャロウェイ(Callaway) 右用 ドライバー ELYTE DRIVER (10.5度 VENTUS GREEN 50 for Callaway S 45.5インチ D2.5 中調子) メンズ","6765","95","50","53","¥ 33,000","¥ 31,102","13","B0DQWNSZQL","B0DS28GTZP","121","12","12","180"
"BRIDGESTONE(ブリヂストン) BITING SPIN ウェッジ 【カタログ純正シャフト装着モデル】 N.S.PRO 950GH neo シャフト(スチール) 2024年モデル 58-12","6769","33","","8","¥ 15,800","¥ 15,000","11","B0D9663Z4D","B0DCBVRCHR","96.5","11.2","7.7","400"
"BASSDASH FV08 超軽量 フライフィッシングベスト 男女兼用 ポータブルチェストパック フリーサイズ","6770","59","","1924","¥ 7,270","","1","B0F2467B9X","B09FXFG4QP","30.6","24.1","7.7","372"
"テーラーメイド(TAYLOR MADE) Qi4D 10.5 REAX HR 50 S キューアイ フォーディー ドライバー M フレックス：S 番手：10.5 RH シャフト：REAX HR50","6772","65","","10","¥ 72,458","¥ 72,458","20","B0G8CNX7M4","B0GHVB9L4Q","121","13.5","13","480"
"ZEROブランド オークリー RADARLOCK PATH用交換レンズ GREEN MIRROR VENTED","6778","57","","38","¥ 5,871","","1","B00L320BLC","B0CSYN6KJJ","16.4","5.1","4.9","30"
"スノーピーク(snow peak)ホーロークッカー 1L アイボリー LF-066-IV 鍋 キャンプ アウトドア BBQ 宿泊","6782","48","","1","¥ 8,444","¥ 8,444","5","B0GVJ4B9Y4","B0H41NYL4H","24.5","24","8.6","1260"
"モルテン(molten) サッカーボール 5号球 中学生以上 検定球 ペレーダ3000 F5L3000 ホワイト×メタリックブラック F5L3000","6783","49","","753","¥ 5,390","","1","B07WT3GCK9","B0DVFPNR43","21","21","21","640"
"ロゴス(LOGOS) 炭 LOGOS the ピラミッドTAKIBI L 81064162 キャンプ アウトドア バーベキュー 焚き火 ステンレス","6788","97","100","511","¥ 8,827","¥ 8,827","26","B0792FP76X","B07CCSW3L7","41.6","26.6","8.4","3720"
"KALINCO 防水タープ キャンプ 天幕シェード 多機能 軽量 サンシェルター 紫外線カット ポータブル 収納袋付き ピクニック 釣り 登山 4×4m","7413","69","","979","¥ 5,299","","1","B0CDPX8L7L","B08YYDX121","33.3","24.1","11.9","1430"
"Iwatani イワタニ FORE WINDS アウトドア ヒーター カセット ガス 小型 コンパクト コードレス キャンプ FW-OH01","6810","60","","811","¥ 7,980","","19","B0CD13C592","B0FXK7LPMZ","20.7","19.1","18.2","1040"
"ダイワ シマノ 電動リール用 DN-1700NS 日本語説明書付きスーパーリチウム 互換バッテリー 充電器 セット 14.8V 10400mAh~14000mAh大容量","7665","33","","60","¥ 19,500","","1","B07F5WKF1Q","B0CQX5GD16","26.2","17.1","11.1","1850"
"シマノ(SHIMANO) ベイトリール 24 SLX 71(左)","9816","84","","5","¥ 15,993","¥ 15,993","10","B0CRXVXGK1","B0CS5TQJYD","13.6","11.5","9","300"
"サンエイ化学 精製水 呼吸器用 精製水 CPAP用 330mL×36本 水素 酸素 吸入器 在宅酸素用 高純度純水","3538","20","","517","¥ 6,127","","1","B09DCGNRBL","B0DKHZT6R4","34.2","34.2","18","11880"
"ゴルフ ヘッドカバー ドライバー ウッド カバー ユーティリティ DR FW UT カバー 防水仕様 ドライバー 460 440cc 用 1680Dナイロン 素材 使用 無地ナイロン (黒4点セット)","12902","32","","54","¥ 7,296","","1","B0DF1V37GT","B0FY56RQBB","34.5","16.7","15.9","260"
"Stepwaver 特大ヨガマット203×146cm 厚さ8mm 高密度 滑り止め 超耐久 ホームジム用 フローリング保護 有酸素運動 ヨガ 縄跳び MMA ウェイトトレーニング","6841","29","","105","¥ 8,748","","3","B0FPB5KF9T","B0GZZX53S1","127.3","14.7","13","2041"
"SILLAID ゴルフレーザー距離計 VE2 超小型 最速0.02s測定 3点間距離 7倍望遠 高透過レンズ (OLED赤緑表示 VE2, ブラウン)","6844","91","","77","¥ 28,979","","1","B0GGQB57L1","B0GGQ6Y5SQ","16.4","9.2","7.1","380"
"[国内品質証明あり/プロ監修] ジムマット 大判 60cm 6枚 大判トレーニングマット 防音 衝撃吸収 筋トレ ホームジム 二層構造 黒/白","6854","51","50","16","¥ 6,999","","1","B0G27WJWCT","B0G2HC9HG9","63.5","63","10","7000"
"【1,400ルーメン・合金ボディ】 ヘッドライト LED 充電式 IPX6防水 32時間点灯 ズーム ワイド キャンプ 登山 防災 神奈川県発ブランド","6855","62","100","48","¥ 5,960","","1","B0FQ66XB2Z","","13","12.8","6.9","380"
"Ceritica タックルボックス フィッシングケース 釣り用ケース 釣具BOX 大容量 収納力UP ロッドホルダー付き 軽量設計 持ち運び便利 屋外収納ボックス 椅子として使用可 カップホルダー＋ポールスタンド付き (グレー, L-44x23x28CM)","6855","39","","26","¥ 6,999","","1","B0FH9J16M8","B0FH9TRWQ8","44","30.5","28","3000"
"正規（アールジー）RG ゴールキーパー グローブ 耐久性重視ミドルモデル Samurai Fusion Japan アイアングリップ 2カラー（ゴールド・９号）","10569","8","","","¥ 6,980","","1","B0HBVK4BMP","B0HBVT8L7Q","33.5","20","7.5","290"
"SunnyFeel 加熱キャンプ用ロッキングチェア、高級パッド付きリクライナー、ポケット付き特大折りたたみ芝生チェア、アウトドア/ピクニック/ラウンジ/パティオ用高耐久性、キャリーバッグ付きポータブルキャンプロッカーチェア（2 個セット）","6874","8","","2","¥ 12,480","","1","B0FK4Y8SYB","B0FNQYVGP3","111.5","44","22.5","14000"
"スノーピーク(snow peak)ランドネストシェルター マットシートセット［4人用］TP-259-1","6878","95","50","80","¥ 22,000","¥ 22,000","13","B0DQWGJ6H1","B0GXKCTJDV","84.2","71.5","3.5","2680"
"Zettum 自転車カバー 2台対応 【二重縫製】 防水 破れにく い サイクルカバー 高耐久リップストップ素材 UV加工 アウトドア 雨雪対応でき 屋外収納用 電動自転車 盗難防止 ロードバイク、クロスバイクなど、ロックホールと収納袋付き あらゆる自転車に 大人・子ども兼用の多機能カバー (208*96*119cm)","7733","20","","492","¥ 5,299","","1","B0CFF82BJJ","B0H7125BN7","33.3","27.7","9.9","2020"
"MUSCLE FACTORY プライオボックス ソフト 30×40×50cm プライオメトリクス ボックス 昇降台 ジャンプ台 ステップ台 跳び箱 3in1 体幹 トレーニング ジャンプボックス MF-304050 圧縮ウレタン PVCカバー (ブラック)","6883","71","50","113","¥ 10,200","","1","B09YLMTDQF","B09YLB1YK9","52","42","32","11350"
"FIELDOOR ワンタッチタープテント 【センターロック/強化版/スチール】 G03 設営簡単 スピーディー 別売りオプション豊富 高耐水加工 遮光 遮熱 高性能コーティング UVカット [通常タイプ] [3.0×3.0m] [カーキ]","6894","45","","8","¥ 15,200","","1","B0CVZWY223","B0G1XKC94N","113","24","23","17260"
"プロックス(PROX) ブリザテックポリカウェダー(チェスト/ラジアル) 3L/4L サイズ PX32123L4L","14181","39","","23","¥ 13,613","¥ 13,613","6","B0C537GGS8","B0F9DLJM5F","36.3","30.1","15.3","2290"
"Wurkkos ダイビングライト DL07 LED 懐中電灯 3000LM 超高輝度 水中ライト","6915","30","","1","¥ 7,999","","1","B0H25LM7B9","B0HFHM2VDY","16.2","8.1","5.4","390"
"DOD(ディーオーディー) スゴイッス 高さ調整 4段階 焚き火 スタイルから ハイスタイル まで コットン素材 で 火の粉 に 強い チェア タン","6916","78","50","7042","¥ 12,480","¥ 12,987","3","B08K2GG9CS","B08M4NX6FS","41.8","40.6","11","2520"
"エアロバイク 家庭用 静音 フィットネスバイク 5機能 折りたたみ 16段階負荷調節 LCDモニター&タブレットトレイ付き コンパクト収納 組立簡単 耐荷重160kg 日本語説明書付き","6936","58","100","74","¥ 18,900","","1","B0H3YXTL3Y","B0HFM7M2HS","93","37.5","22","21300"
"スノーピーク(snow peak)【ステッカー付】 メッシュFDチェア 椅子 安定感 折り畳みチェア キャンプ アウトドア メッシュブラック","7958","31","","200","¥ 19,580","¥ 19,580","1","B0CWD22Q2H","B0GYF581HX","80","61","17.5","4850"
"ハイドロフラスク(Hydro Flask) Wide Mouth ワイドマウス 40oz 1.1L バーチ","10275","56","","873","¥ 7,700","¥ 7,700","1","B0DSLZNR4X","B0H863L4G4","29.4","10.1","9.9","600"
"[スワンズ] 日本製 スポーツサングラス ゴルフ 調光 紫外線で色が変わる 夜間使用可能 LUNA LN-0066Z BRBK 調光クリアtoスモーク ルナ テニス ランニング 自転車 ウォーキング アウトドア 釣り 大人用 メンズ レディース","6942","32","","1","¥ 14,573","¥ 14,573","9","B0GRGJ8WNZ","B0GXZCCV3M","17","8","6","100"
"POLAR (ポラール) ポラール ヴェリティ センス（ Polar Verity Sense）アームバンド 光学式 腕心拍センサー 心拍計 【Bluetooh ・ ANT+ 対応/スマートフォン ・スマートウォッチ ・ サイクルコンピューター 接続 】 ブラック S-L 920110147 【日本正規品】","6950","100","100","667","¥ 16,000","¥ 16,000","4","B0C5D7HW9D","B0FSKT9PNN","22.7","8","2.1","80"
"[スピード] Fastskin Hyper Elite Mirror ファストスキンハイパーエリートミラー ユニセックス ブラック","8318","45","50","49","¥ 6,639","¥ 6,639","10","B097R6RQ6L","B0FHZTZ93Q","18.2","7.4","2.4","80"
"ダイワ(DAIWA) 紅牙 Ｘ ＩＣ","6953","92","100","759","¥ 11,860","¥ 11,860","27","B07VF689NN","B08DJYLDJR","15.4","13.3","9","370"
"elittle フィットネスバイク エアロバイク ミニ 足漕ぎ 静音 負荷調整 小型 室内 家庭用 高齢者向け 年寄り 2way エクササイズ コンパクト 組み立て簡単 足を鍛える 器具 ルームバイク ダイエット器具 家でできる ダイエット 器具 有酸素運動 サイクリングマシン","6961","18","50","10","¥ 7,880","","1","B0H9Y32KMX","B0H9YFWP9L","42.2","33.8","19.6","3890"
"シマノ(SHIMANO) ショアジギングロッド 24 コルトスナイパー SS S96MH","6966","76","","10","¥ 26,638","¥ 26,638","1","B0CRXVRTX1","B0CS638PVH","158","12.5","7.5","1000"
"FIELDOOR 【完全遮光】 ワンタッチタープテント 【センターロック/スチール】 G03専用 サイドシート2枚付属 風抜けベンチレーション 高耐水加工 シルバーUVカットコーティング 紫外線カット 遮熱 [遮光タイプ] [3.0×3.0ｍ] [グリーン]","7718","31","","2","¥ 20,800","","1","B0FYLQ7R3G","B0G1SBFXGZ","114","23","23","15000"
"シマノ(SHIMANO) 電動リール 22 BTマスター 11Ah 電動丸","6972","52","50","102","¥ 49,800","¥ 62,177","26","B09R9JL84R","","21.8","16.6","13.9","2410"
"第一精工ロッドホルダー(竿受け) チビラークロングタイプ S 01052 釣り ブラック","6989","82","","129","¥ 12,155","","13","B0032EXK2Q","B0CQWTLW15","32.8","15.7","8.8","1400"
"伸和(SHINWA) ホリデーランドクーラー76H 76H ホワイト","7002","73","100","556","¥ 13,450","","15","B06X9RPPHZ","B0DYTXFN4L","89","36","36","8000"
"ゴメクサス リールハンドル Air Lite 120mm 30g 超軽量 ダブルハンドル ノブ付き シマノ Shimano ダイワ Daiwa 対応可能 タイラバ イカメタル SLJ 用 25 アドミラ 25 スティーレ 23 炎月プレミアム 対応 ベイトリール カスタム パーツ(ガンメタルゴールド, 8x5mm(ダイワ用/シマノ300-400用）)","9595","46","","16","¥ 5,990","","1","B0GLP3Q9Q1","B0GQRHLC8J","16.6","14.4","3.9","80"
"YUREN ヨガマット大きいサイズ 厚め 15mm 幅広 200*130cm 高密度NBR 防音 親子 初心者 (バーブル)","14420","7","","405","¥ 9,330","","1","B0H8Y1VDJ2","B0CX5CH9Y3","130","25","25","2400"
"MOON LENCE キャリーワゴン 【ブレーキ付き】 大容量156L 幅広大型タイヤ 折りたたみ キャリーカート アウトドアワゴン キャンプ レジャー BBQ 運動会 耐荷重100kg","7022","17","","","¥ 17,599","¥ 17,599","1","B0H263NLZ1","B0D623JH3Y","66","39.5","26","12800"
"anoutway 気圧表示 自転車 空気入れ 携帯 電動ポンプ 携帯ポンプ 小型 電動空気入れ 全バルブ対応(米式仏式英—式）AT1 PRO","7023","41","100","782","¥ 5,299","","1","B0D5XQGJRL","B0FCMCLFRC","12.5","8.7","3.9","210"
"サッカーゴール 折りたたみ サッカー練習 フットサル用ゴール ポータブルサッカーゴール 室内 室外 大人用 2個セット 150*110*110cm","7029","50","","30","¥ 6,320","","1","B0BZHZ5FF7","B0D5QN2SFL","42.6","18.8","11.5","3630"
"オルルド釣具 サビキカゴ 「カゴルドＡ」 Lサイズ 100個セット qb500054c00n0","7400","36","","102","¥ 16,076","","1","B0F28V2GJ5","B0F297RG9P","32","23","6","3600"
"YPOO エアロバイク 静音スピンバイク フィットネスバイク 家庭用 【2026年 日本初上陸】サイクリングマシントレーニングバイク マグネット式 無段階負荷調整 組み立て簡単 アプリ連動 トレーニング ダイエット器具 サドル・ハンドル調節可能 移動便利 自宅トレーニング オフィス用","7036","55","50","216","¥ 26,980","","1","B0FT74PG4F","B0H8SLXMF2","79.8","63.2","18.3","21750"
"SANLIKE サンライク 玉網 タモ網 小継玉の柄 カーボン製 9段階伸縮式 ランディングネット 磯釣り 磯玉セット 淡水海水両用","7583","50","","25","¥ 7,471","","1","B0BRCRPS8V","B0D3XMMQ6W","44","20.2","6.5","850"
"MAROOMS マルームズ バランスボール チェア 体幹 ヨガ 椅子 イス (フリントブラック)","7042","42","","192","¥ 9,900","","1","B0CM66DM3Z","B082SGW2WF","42.4","39.1","17.3","3070"
"スノーピーク(snow peak) スタッキングマグ 雪峰 H450 TW-122 ステンレス 保温 保冷 スタッキング可能","7043","87","","1071","¥ 5,390","¥ 5,390","19","B000B8PQ00","B0H5VV7Z44","13.6","12.5","8.1","60"
"DesertFox キャリーワゴン 【特許出願】 キャリーカート 【10CM極太タイヤ·ブレーキ付】 3WAY キャンプ 椅子 子供用ソファー 取り外し可能屋根付き 防雨・防雪&折りたたみ式物置台&クーラーボックス付き 静音 大容量 耐荷重200kg コンパクト 折り畳み ワンタッチ収束型 キャンプ キャリー レジャー BBQ 運動会 荷物運び 引っ越しYZK-BBK(オリーブ,L)","8347","15","","91","¥ 21,999","","1","B0H7CPSPSC","B0H6M1L8S4","50","15","15","5000"
"自転車 シティーサイクル ママチャリ 折りたたみ 26インチ 軽量 ダブルブレーキ 鍵 カゴ付き ハンドル・サドル高さ調整可能 通勤 通学 街乗り 女性 おしゃれ","7053","21","","2","¥ 17,999","","1","B0H41N79KR","B0HCN91L5X","90","75","33","17000"
"AbuGarcia(アブガルシア) Fune DLC H イカメタル カワハギ タチウオ タイラバ アジ ヒラメ カウンター","7058","100","50","124","¥ 10,903","¥ 10,903","9","B0CZ73C7M1","B0D3HNBHBQ","16","13.6","8.6","350"
"【CoreEnergy】 コアエナジー3 究極の野球ベルトサポーター 野球館オリジナル説明書付き コアエナジーベルト cgb0301 BK/SL","8511","43","50","29","¥ 12,100","","1","B0FKBR9YXS","B0FKBF7LVG","31.8","12.6","5.8","360"
"プロックス フローティングゲームベスト 大人用S(ブラック/ブラック) PX399SKK ブラック 大人用S","10743","53","","246","¥ 7,753","¥ 7,753","2","B01LXUI6GO","B0BLV8VKJS","56.7","53.1","15.2","1030"
"デイトナ(Daytona) テント 2人用 キャンプ 広い前室 天井高 コンパクト 春夏秋 メッシュパネル neGla(ネグラ) マエヒロドーム Extra(エクストラ) カーキ 61263","7081","40","","","¥ 63,000","¥ 63,000","5","B0GWCLK144","B0GX5926T2","51","25","25","7100"
"アイリスプラザ フィットネスバイク ホワイト VIR-002TK WH 16段階負荷 折りたたみ式 家庭用エアロバイク 静音 タブレットトレー付 耐荷重120kg ダイエット器具 サイクリングマシン トレーニングバイク 室内","7104","68","100","132","¥ 12,300","¥ 12,300","1","B0FB3TK5HH","B0GF7BYGDL","89","39","22","15000"
"BICYCOVER 自転車カバー 高耐久 自転車カバー 子供乗せ自転車 厚手 防水 破れにくい (サンドベージュ, 極厚プレミアム おおきいサイズ)","7106","41","","33","¥ 5,423","","2","B0FYC25W2T","B0FYDXK667","33.6","27","9.2","1410"
"EONETトランポリン 室内用 耐荷重225kg トランポリン折りたたみ式 高さ調節可能 最大113cm 8本脚 子供用 運動用 家庭用(ブラック)","6973","56","100","16","¥ 8,436","","2","B0GYZ927SB","B0GYZ9KRH6","82","25","23","8300"
"UJack(ユージャック) ランタンスタンド ハンマーランタンスタンド ステンレス製 打ち込み式 自立型 収納ケース付き (タイプ:ダブルフリー/ハンガー内部収納式)","7115","40","","391","¥ 6,170","¥ 6,170","2","B078YLB44T","B08W4WD1Q7","116","8","8","2680"
"オルタ(oruTa) マフラータオル 今治 10枚セット peak メンズ 吸水 綿100% 22×100cm ネイビー","7812","40","","34","¥ 8,500","","1","B0GSFL4VJS","B0GXY2QYDZ","34","24","9","835"
"【理学療法監修】AspRakuFit 電動フィットネスバイク エアロバイク ミニ 足踏み 健康 器具. コンパクトバイク ながら運動 高齢者向け 静音 軽量 コンパクト 組立不要 簡単移動 リモコン付き リハビリ","7139","53","100","26","¥ 14,980","","1","B0GJ5D2SD7","","46.5","42.5","30","7500"
"[Deformation Roller Skates] ローラーシューズ 子供 女の子，ローラースケート 大人，靴 ローラー 見えない付き アウトドアスポーツに適しており、成人式、新年、生日のギフトとして贈ることができます (White without light, 27-27.5cm/41)","16877","27","","10","¥ 10,599","","1","B0GCNPGXD7","B0F17VG879","33","26","10","1800"
"パナレーサー(Panaracer) グラベルキングX1 プラス 700×50C チューブレスレディ GRAVELKING X1 + 黒 F750-GKX1-P-B2","7149","80","","30","¥ 6,699","¥ 7,050","6","B0FD9KPRSM","B0FDB3MK5H","19.3","18.3","17.2","800"
"ネイサン(NATHAN) ランニングポーチ ウエストポーチ NS7703 ジップスター ライト Zipster Lite ズレない ゆれない ウエストバンド スマホ対応 ジップ付 ポケット メッシュ ブラック S ランニング マラソン ウォーキング ジョギング 散歩 トレイルランニング","7151","66","","337","¥ 8,707","","6","B077Z9H6KD","B0D477199Z","39.7","9.6","2.2","78"
"[ARENA] 【WA承認】 (アリーナ) スイミングゴーグル 競泳用 ユニセックス 【コブラコア】 フリーサイズ ミラー加工 競泳用 トップレーシングモデル AS5SGG04U","7153","71","","365","¥ 5,342","¥ 5,342","3","B0DNPWBR1K","B0FG2RYP6W","17.8","6.4","4.9","70"
"第一精工ロッドホルダー(竿受け) スーパーパイプ受太郎W 釣り","7154","89","","141","¥ 6,021","¥ 6,021","7","B003VWPC8E","B09MTVQCFF","24.1","15.7","7.7","780"
"MOJEER ぶら下がり健康器 懸垂マシン 折りたたみ式 三角形の立柱 【 耐荷重180kg 高さ10段 】 懸垂台 懸垂バー 健康器具 チンニング ディップスス 多機能 筋力 筋肉トレーニング器具 懸垂マシン 家庭用 日本語説明書 YT018 (赤，L)","7156","65","","80","¥ 7,998","","1","B0FLQ15LKL","B0HB34QWR4","119","26.5","16.5","9990"
"Amazonベーシック バトルロープ 直径4cm 長さ12ｍ ブラック","8703","43","","8122","¥ 5,473","¥ 5,473","1","B072Z2ZTM2","B07CGGNMCW","34.5","34.3","28.3","9850"
"[セット品] Goal Zero ゴールゼロ LED ランタン ライトハウス マイクロ チャージ +ReHOUND Goal Zero 用 ランタンシェード [ランタン用品二点セット]","7171","67","100","9","¥ 5,980","","1","B0F246CDQQ","","17.8","14.6","5.8","170"
"GRANDOOR BEAR SAFE PRO 熊よけスプレー 熊撃退スプレー","7180","0","","","¥ 6,980","","1","B0H6LJ8696","","25.5","7.2","7.1","380"
"DUNLOP(ダンロップ) クラブケース SRIXON スタンド式クラブケース GGB-S136C ネイビー","7182","45","","234","¥ 7,345","¥ 7,345","6","B075D8CSWH","B098DV364Q","87","13","13","1100"
"ブライトン(Bryton) スマートスピードセンサー&ケイデンスセンサー 自転車センサー ANT+＆Bluetooth ワイヤレス サイクルコンピュータセンサー ロードバイク用","7185","80","50","18","¥ 5,610","","1","B0FX3PV3P7","B0GXHK8NR4","14.8","6.8","2","40"
"b.ring スマートリング G1 チタンモデル 健康管理 睡眠管理 AI分析 最長7日間持続 Android iPhone対応 ブリング 専用アプリ 超軽量 マット IP68 防水 歩数計 日本語取扱説明書/チタンブラック US9号（日本基準18〜20号/内周59.5mm）","7190","43","","126","¥ 8,800","","2","B0F7Q9GRQF","B0F82VSS3R","8.3","8.2","2.8","70"
"プロックス(PROX) ラバーランディングネット ディープ 19型/ネットクリア/深さ60cm PX70419DCRK ランディングネット 【魚に優しいラバーネット】","7204","88","","689","¥ 5,306","¥ 5,306","4","B07YJQWB9B","B0C9GP56X3","75","41.5","6","820"
"JIEHOME ゴルフ 距離計 ゴルフレーザー距離測定器 1000m/1093yd対応 高透過レンズ 高低差 【競技対応】 【 5つの測定モード搭載】 軽量 充電式 ミニレーザーきょり測定計 専用ケース付き，ブラック表示","7218","46","50","53","¥ 6,997","","1","B0DFCCMV6C","B0F9L44ZYN","15.5","8.7","6.7","370"
"PuttOUT マグネットパッティングミラー 調節可能なゲート付き","7223","67","100","138","¥ 13,500","","2","B0F4KM47Q4","B0FKYZ728F","34","23.2","2.6","898"
"DMASUN エアロバイク スピンバイク 静音 フィットネスバイク 室内バイク [5年間製品保証]","7225","63","","1226","¥ 22,030","","1","B0G4QWQSBR","B0HFZ824Y7","97","75.5","19","29500"
"安心・安全メーカー保証！【日本正規品】INTEX ( インテックス ) New エアーベッド ツインコンフォート シングルサイズ 　高さ46cm　 電動式　64411J　エアベット マットレス　 防災グッズ 来客","7229","51","100","444","¥ 8,680","","4","B01A9ZI1XS","","40.6","36","18.3","6180"
"バックパック（ボールネット付）UF5SBP02U_BKLM_F","7234","77","50","645","¥ 7,458","¥ 7,458","16","B0D83GG2SC","B0FYC2BSM8","52.7","41.1","9","620"
"オデッセイ(ODYSSEY) パター AI-ONE TRI-BEAM JAILBIRD MINI (マレットタイプ STROKE LAB 90 33インチ) スチール メンズ","7237","54","","16","¥ 28,800","","2","B0DR132YYQ","B0FJ815CDS","106.5","20","13.5","590"
"[ウベックス] スポーツサングラス sportstyle 235 ロードバイク ランニング アウトドア UV400","7243","56","","426","¥ 7,200","¥ 7,200","3","B0999QCP3Y","B0F191YRHZ","16.1","8.2","6.7","80"
"バタフライ(Butterfly) テナジー19 レッド(006) トクアツ 06090","7244","95","50","162","¥ 7,511","¥ 7,511","7","B08X21T1FC","B08XVH4NFK","18.4","17.6","1","100"
"[Superfeet] インソール 【正規代理店商品】 All-Purpose Support Medium Arch 衝撃吸収 スポーツ 競技 ブルー BLUE D(25-27cm)","7246","89","50","9994","¥ 5,580","¥ 5,580","1","B0011YEMDK","B0BFWMVDRG","34.2","11.1","4.3","130"
"Ledlenser(レッドレンザー) LEDヘッドライト NEO5R White/Lime 充電式 コンパクト アウトドア ランニング 白 ライムグリーン 502757 [日本正規品] 小","7262","37","","166","¥ 7,736","","7","B09T3T51WK","B0BGKZBZ2Y","14.6","10.2","8.9","270"
"intelamp 大型 ソーラー センサーライト 屋外 分離式 LED投光器 【20000mAhバッテリー搭載＆4000ルーメン／6500K】リモコン付き（2〜12時間タイマー機能）IP65防水 ダブルモーションセンサー （壁掛け/ポール ガレージ 庭 玄関 ）長期保証3年","7264","71","100","91","¥ 7,538","","1","B0F5Q9QPL3","","45.5","34","10","3590"
"[Rosemal] サングラス 偏光 スポーツサングラス メンズ レディース 自転車 登山 釣り 野球 ゴルフ ランニング ドライブ バイク テニス UV400 TAC TR110","7265","10","","289","¥ 5,988","","2","B0DZWDQXMM","B0D3QK2W81","17.6","9.4","6.3","222"
"予備バッテリー付き 15.6Ah 電動自転車 折りたたみ 20インチ 48V高性能 350W 5段アシスト シマノ 免許不要 公道可 型式認定","8489","54","","57","¥ 109,000","","1","B0CZF7375L","","87","70","37","29000"
"【公式ストア限定】シックスパッド レッグベルト2/SIXPAD Leg Belt 2 コントローラーセット M-L ＋公式ショッパー MTG エムティージー EMS 足 太もも ジェルシート不要 筋トレ","7284","92","50","79","¥ 49,940","","1","B0FC2JRD7M","B0FF9CJMMP","49","29.5","15","1150"
"cukulife 8mm 銀マット 極厚 アルミフィルム ピングシート 両面アルミ 防水 防湿 断熱 （150/180/200/250/300cmｘ200cm） ピクニックシート キャンプマット レジャーシート 四季適用 防災 車中泊 寝袋マット 収納袋付","7292","64","50","409","¥ 5,990","","1","B09C1FC6T3","B0B19QRN6Q","74.2","55.2","20","1380"
"【LUSEEQ】バランスドーム 半円 半球 バランスボール 子供 キッズ 大人 体幹トレーニング 室内遊び トランポリン 静音 滑り止め 耐荷重400kg 47cm 60cm 空気入れ付き 取扱説明書付き (スモーキーピンク, S)","7815","23","","10","¥ 5,980","","1","B0H2GTRHFB","B0H2GPZLLF","61","60","9","5000"
"Senston 2本組バドミントンラケット、5Uフェザーラケット、プロ試合訓練100%オールカーボンフェザーラケット、グリップ付き","9184","63","","4009","¥ 5,599","","1","B0GGH2YJR9","B08BR4P5JK","70","24","3","400"
"SANLIKE ランディングネット タモ網 タモジョイント 小継 伸縮 コンパクト 淡水 海水対応 3.3M","7629","45","","342","¥ 7,590","","1","B0BWDKJN3K","B0CTKFLPZH","42.2","22.9","7.7","770"
"INTEX(インテックス) エアーベッド ツインコンフォート シングルサイズ 電動式 191×99×46cm グレー 64411 [日本正規品]","7314","90","100","1951","¥ 8,450","","4","B01M7XLZFL","B079VLT139","41.4","36.4","18.2","6260"
"SELEWARE プッシュアップバー プッシュアップハンドル ハンドスタンドバー プッシュアップスタンド レッド","7319","37","","514","¥ 11,402","","2","B0FX3NFN9R","B0C2NRJVXY","24.4","21.5","12.4","1338"
"SAKODA スプリングキューブ トランポリンクッション オレンジ 58×58cm ポケットコイル 静音 高反発 室内 カバー取り外し 洗濯可能","7699","25","","161","¥ 7,180","","1","B0BGNR6BWS","B0FQV773HM","59","58","19.5","4000"
"タイトリスト PRO V1 2025 イエロー【2ダースセット(24球)】","7324","52","100","20","¥ 12,300","","9","B0DYT3J7P6","","19.3","14.2","9.4","1270"
"CHAOKE ランニングマシン ルームランナー 家庭用 静音 ウォーキングマシン 速度1〜10km/h プログラム12種付 コンパクト収納 2.75HP LEDディスプレイ＆リモコン付き 組立不要 有酸素運動 室内 運動 耐荷重150kg 日本語説明書付き","7325","61","50","118","¥ 18,580","","1","B0GZNZ1KZL","B0HGM9JSQR","115.5","57.5","10.5","16880"
"携帯酸素缶 [ OXY ONE ] 圧縮型 18L 大容量 携帯酸素ボンベ 携帯酸素吸入器 携帯酸素スプレー 携帯酸素発生器 O2ボンベ スプレー (12)","5916","19","","45","¥ 30,300","","1","B0DDR14XQ2","B0DJM3VC4G","18.5","4","4","200"
"DesertFox キャリーワゴン キャリーカート 【10CM極太タイヤ·ブレーキ付】【特許出願】【取り外し/折りたたみ可能屋根付き・防雨・防紫外線・防雪】 静音 大容量 耐荷重200kg キャンプ コンパクト 折り畳み ワンタッチ収束型 キャンプ キャリー レジャー BBQ 運動会 荷物運び 引っ越しYZK (緑, Large)","9404","6","","103","¥ 13,999","","1","B0H755SP7Q","B0FDQFG48W","50","15","15","5000"
"ニチネン クリーン固型燃料 CA-30g サイズ:42×42×42cm","7346","40","","1080","¥ 9,800","","1","B001UMUHAU","B0CQ2MPHSN","33","32.5","31","9630"
"iGPSPORT BSC200S サイクルコンピュータセット サイコン GPS ナビ付き 2.4インチカラー液晶 ルートナビ対応 ケイデンス・スピードセンサー・パワーメーター対応 Bluetooth5.0 ANT+ レーダーテールライト対応 100種類データ表示 Strava同期 IPX7防水 日本語説明書付き","9498","77","","22","¥ 19,800","","1","B0DX238MLX","B0GX5D7CD3","17.6","11.7","11","380"
"SILLAID VES1 ゴルフレーザー距離計 手ぶれ補正 超小型 最速0.02s測定 3点間距離 7倍望遠 高透過 単レンズ 専用ケース付き (VES1-ブラック)","7349","28","","26","¥ 34,979","","1","B0GXJNKMBL","B0H1CBPN2W","15.6","8.5","6.5","400"
"Black Shark FunCooler 5 NEO スマホ 冷却ファン 静音 小型 軽量 スマホクーラー ペルチェ素子 RGBライトスマホ 散熱器 USB給電 ゲームクーラー 伸縮クリップ式 iPhone/Android 多機種対応 (ブラック)","7358","51","","80","¥ 6,091","","1","B0F9YKGFQG","B0B6J68X7W","12.1","8.8","4.9","120"
"おり釣具 Ocean Value(オーシャンバリュー) セミハード ワイドロッドケース 120cm／140cm (140cm)","7365","34","","14","¥ 5,220","","2","B0FPWYYVWS","B0FPWYCNX2","142","12.5","10","1650"
"シマノ(SHIMANO) クーラーボックス ユニフリーズ BS 20L 釣り用 レジャー アウトドア キャンプ ピュアホワイト","7370","79","","78","¥ 14,334","¥ 14,334","7","B0DRNZ5GCJ","B0DSZYM8H6","61.8","36.3","32.7","5050"
"ダイワ(DAIWA) 磯・波止釣りロッド リバティクラブ磯風 遠投・K 5-53 遠投・K 釣り竿","7374","85","","49","¥ 13,291","","16","B00T494TAA","B09SZW6F45","105","9","5","500"
"【ダンベル 可変式 3in1】10kg 20kg 30kg 40kg 2個セット バーベルにもなる ダンベル アジャスタブル 重量調節 無臭素材 静音 八角形 ダンベル 回らず 高い安全性 BJ (青，15kg×２)","6952","38","","271","¥ 5,999","","1","B0FZJLVP1Q","B0H1MFZMH5","40","20","20","19990"
"プロックス 小型船舶用救命胴衣(型式認定)子供用 Mサイズ TK13B2M イエロー M","5737","68","","26","¥ 5,374","¥ 5,374","4","B01EZJ4DK4","B0D2DC9JVD","49","47","10","440"
"ANYATE 折りたたみ簡易ベッド 室内外兼用 6段階調整コット アウトドア キャンプ 耐荷重200kg 組み立て不要 ほこりカバー付き (グレー)","7384","41","50","114","¥ 6,980","","1","B0GS54ZD6D","B0CYC9LCL7","74","60","16","5400"
"ミカサ(MIKASA) スマイルバレー 5号 FIVB公認 イエロー/ブルー VS170W-Y-BL 推奨内圧0.10~0.15(kgf/㎠) (× 2)","7387","10","","318","¥ 5,280","","","B0GJD3T5MB","B0GN2Z6KKM","32","25.1","21.9","780"
"CAMDOOR 寝袋 人工ダウン 30秒収納 シュラフ 冬用 封筒型 夏用 ナイロン 320T防水耐裂 オールシーズン","10894","40","","500","¥ 5,593","","1","B0CCTMSX4D","B0CCTHCY2D","45.4","34.9","13.9","2230"
"ダイワ(DAIWA) カウンター付きベイトリール LIGHT GAME(ライトゲーム) X IC 150","7391","46","","12","¥ 13,703","¥ 13,703","31","B0CSXQX1LF","B0CSYRDJCZ","15.2","13.3","8.7","400"
"Styleneo うろこ取り 鱗取り 魚 うろことり ウロコ取り 飛び散らない オールステンレス 日本製 燕三条 (銀鱗 φ85×225mm)","5868","43","","1","¥ 7,019","","1","B0CNJZHWW7","B0CT2CN2VQ","22.5","5","4","300"
"幼児キャリア型チャイルドシートカーシート ポータブル 耐久性 子供用 横になれる 取り付け簡単 クレードル ハンドヘルドカーに最適出産祝い ロングユース (グレー単層)","10914","2","","","¥ 7,199","","1","B0G3N5QTSZ","B0G3BJ7Y3G","1","1","1","1000"
"CHEPARK 自転車 DOT5.1ブレーキオイル 1000ml (BIC-890)","7409","44","","2","¥ 6,680","","1","B0F9P5C8T4","B0F9PBT3M2","15","4","4","120"
"iClimb 360度回転キャンプチェア 軽量 約1.6kg 一体型フレーム 組立不要 折りたたみ メッシュ 耐荷重120kg Mサイズ グリーン","9929","44","","43","¥ 7,911","","1","B0DSS7ZS79","B0GJB4Z4D5","40.6","14.2","14","1940"
"Coleman(コールマン) リチャージブルマルチランタン 2000038857 防災 停電 充電式 アウトドア キャンプ 照明 作業灯 卓上 USB充電 耐水","7420","62","100","224","¥ 5,636","¥ 5,636","12","B09HGQW8RM","","28.9","15.5","14","980"
"ドレス(DRESS) ホールディングシールドバッグ 防水 撥水 ロッドホルダー ランガンバッグ 釣り バック 釣りリュック 大きいサイズ 拡張性 タックルバッグ バッグパック メンズ 大容量","7453","86","50","34","¥ 7,316","¥ 7,316","2","B0DBHFBNN9","B0DZH4XFFG","41.2","30.3","6.3","720"
"シマノ(SHIMANO) ライトゲームロッド 23 ソアレBB アジング S64UL-S","7459","65","50","27","¥ 13,398","¥ 14,220","4","B0CCNPSR85","B0CG1LB383","111.5","11.5","8.5","600"
"リーディングエッジ カーブベンチ 腹筋ベンチ 折りたたみ 耐荷重110kg 腹筋台 トレーニング 背筋 シットアップ レッグレイズ","7477","49","50","158","¥ 8,090","","1","B08FBLJMR1","","73","31","25",""
"【プライム上場企業】 アルインコ(ALINCO) ランニングマシン ウォーキングマシン 家庭用 折りたたみ コンパクト 時速1-10km ワンタッチ速度調節ボタン プログラム機能 心拍測定 タブレットトレー付き キャスター付き 簡単組立 電動ルームランナー トレッドミル AFR3026AW ホワイト","10618","59","","2","¥ 49,990","¥ 49,990","1","B0GN5KB8G9","B0GSR1CN1Y","139","69","25","32000"
"Airefina エアーベッド シングルサイズ 電動ポンプ内蔵 キャンプ マット 耐久性 高耐久 来客用 フロック表面加工 長さ190×幅99×厚さ45.7cm 耐荷重295kg 空気ベッド 快適な寝心地 折り畳み 収納袋付き キャンプ 予備ベッド 家庭用 AF-A09","7486","74","100","2367","¥ 12,999","","1","B0GCLFZVWH","B0GY99MDHM","40.4","33.6","19","6250"
"Raynesys ワンタッチ タープテント【ポケット付くサイドシート1枚付】 2mx2m UVカット","7492","73","50","52","¥ 12,999","","1","B0GN1XPXZK","B0HC2P49W2","115.5","19.5","19.5","11500"
"DesertFox テント大型 2～6人用 ‎簡単設営 ロッジ型 高さ185cm/200cm 4000mm耐水圧 前後室あり キャンプテント 自立式 パークテント 二重層構造 4シーズン 初心者向け UVカット 通気防風防雨 キャンピング アウトドア お花見 おしゃれ 防災 前室ポール二本/収納袋付き JTZ (深緑，スタイルB)","7492","54","","39","¥ 17,999","","1","B0DYMQ593L","B0DRFQZ4XN","64.3","24","22","9350"
"リーディングエッジ ヘビープレート バーベル ダンベル プレート 径28mm デッドリフト スクワット 4つ穴グリップ 大判 鋳造 15kg 2枚","11246","34","","137","¥ 11,680","","1","B086FTTBXK","B0CRJY98XL","40","40","3","50000"
"ダイワ(DAIWA) タングステンジグ TGベイトBLJ 100g MLケイムラエメラルドグリーンゴールド","10068","49","","9","¥ 5,285","¥ 5,285","5","B0FV3791KX","B0FWBH8Q1J","14.7","4","1.3","110"
"イカメタルロッド メタルトップ エギングロッド ベイト イカ用船竿 1.75m ML 2本継 釣り竿","7513","86","200","40","¥ 5,310","","1","B0FC2FSCYK","","94.4","6.7","5.8","290"
"エックスブレイド(X-Braid) アップグレードX8 オールグリーン 300ｍ 2号 (40lb)","7516","52","","253","¥ 5,586","¥ 5,945","8","B08CK2D3QL","B09HL5MZZ9","11.4","9","2.6","60"
"Mixiu 折りたたみ自転車 折り畳み自転車 20インチ P-O8A 6段変速 高炭素鋼フレーム ハンドル・サドル高さ調整可能 通勤 通学 旅行","7519","40","","24","¥ 13,980","","1","B0FLXRGL3L","B0DX743P8M","78","66","33","15500"
"DesertFox アウトドア チェア キャンプ チェア 軽量 2個セット 折りたたみ 椅子 【耐荷重150kg】 四季適用 コンパクト軽量 携帯便利 イス ピクニック キャンプ用 DY001 (くろ，スタイルA)","7524","63","50","","¥ 6,649","","1","B09ZQJKDKT","B0FG36BVX4","80","57","19","9000"
"スノーピーク(snow peak) オーロラボトル800 TW-800RE-OC","9016","50","","1","¥ 21,120","¥ 21,120","1","B0BX8D3SJR","B0BT14PSJC","28.3","17.5","8.5","230"
"DOD(ディーオーディー) わがやのシュラフ 40秒で片付け可能な4人家族用寝袋 S4-511","7531","54","50","993","¥ 13,230","¥ 13,230","8","B071LFR6JJ","B0FXW5XBJD","77","37","36","5780"
"【プライム上場企業】 アルインコ(ALINCO) ウォーキングマシーン 超薄型 ハンドルなし プログラム機能 低床設計 リモコン付き 簡単操作 軽量 簡単移動 スッキリ収納 健康器具 ダイエット器具 ながら運動 ダイエット 宅トレ 家庭用 フラットウォーク AFW5026AW ホワイト","8699","15","","","¥ 29,900","¥ 29,900","1","B0H4KCNH5Y","B0H9WDGTW1","116","55.5","13.5","19000"
"GOGlamping テント ツーリングドームテント【SKY EYE 自立式】 TC素材 コットン ソロ 1人用 軽量 アルミポール 前後入り口 メッシュ天窓 焚き火可 2重層 小型テント キャンプテント コンパクト アウトドア ツーリング ハイキング バイク自転車 キャンプ 210*90*112CM ブラック","7544","55","50","315","¥ 8,784","","2","B0C6TJ1S7Z","B0CB9WS6RY","55.5","28","16","2780"
"Wilson(ウイルソン) バスケットボール EVOLUTION (エボリューション) WTB0595XB0605 インドア用 6号/ 直径約23.2cm オレンジ/スカーレット","7547","70","","2608","¥ 7,942","¥ 7,942","6","B07BHZRW8K","B0FZRQW94D","25.8","24.8","24.8","740"
"テーラーメイド(TAYLOR MADE) プロ スタンドバッグ ブラック/レッド メンズ キャディバッグ 24SS TF531","7795","62","","143","¥ 18,814","¥ 21,800","10","B0CR5VHHDV","B0FJSD7L38","90.6","35.2","34.3","3340"
"Sowalia 折りたたみベッド コット シングル 【日本ブランド】耐荷重180kg 頭部補強 190×67cm 600Dオックスフォード 4点セット 軽量 キャンプ オフィス仮眠 来客用 防災 簡易ベッド 組立不要 (グレー)","7555","16","","13","¥ 6,899","","1","B0H4YBD4NM","B0H4YCSWXP","104","22","16",""
"MERACH エアロバイク ミニ フィットネスバイク ミニ 電動ステッパー 前後方向回転 12段階速度 12種類の自動プログラム 大画面操作パネル 静音 リモコン付き 組立不要 小型 軽量 机の下 クロストレーナー 高齢者 足を鍛える 運動器具 室内 家庭用 健康器具 E32","7558","73","50","1787","¥ 12,239","","1","B0D2ZNFCW3","B0H98L2DHH","42","40","21.3","8760"
"GOTIDY カーサイドタープ ワンタッチ 車 タープ 高さ調整可能 サイドタープ カーサイドテント 日除け カーサイドオーニング オートキャンプ","8799","67","50","110","¥ 19,800","","1","B0CTF6VKBS","B0H3V8V9M9","91","17","16","5840"
"JIEBEIER 折り畳み自転車 20インチ 7段変速 軽量 小径車 高炭素鋼フレーム JZXC-06 (シルバー-2)","7563","33","","102","¥ 11,980","","1","B0GKFMPJJX","B0CZXH2NH9","81","62","33","15000"
"OLIGHT(オーライト)ArkPro フラットライト ポケットライト 充電式 ledライト 懐中電灯 EDC 多機能 使い勝手 ブラック","7563","75","","73","¥ 13,995","","1","B0FT8F56Q7","B0GLPFWLTK","16.1","6.4","4.1","190"
"KNOG(ノグ) 自転車 LEDライト FROG V3 軽量 コンパクト 防水 USB-C充電式 シンプルデザイン 簡単取付【日本正規品】","11207","24","","14","¥ 7,700","¥ 7,700","1","B0BDRDLY3L","B0BFD9G2KS","13.9","11.4","4.1","50"
"シマノ(SHIMANO) ベイトリール 24 メタニウム DC 70XG(右)","7573","82","","20","¥ 50,206","¥ 50,206","18","B0CRY23FC8","B0CS5XS6JV","15","13","9","290"
"Fitsmile(フィットスマイル) ルームランナー ランニングマシン ランニングましーん家庭用 最大8km/h トレッドミル ウォーキングマシン","5297","35","","33","¥ 16,148","","1","B0F5CST3VC","B0HBK68Y33","116","51","11","17000"
"パナソニック 電動自転車 ビビ・SX 24インチ 8.0Ah 2025年モデル BE-FS433 3段変速 チェスナットブラウン 電動アシスト 【完成車】","11749","57","","21","¥ 110,600","¥ 110,600","5","B0DM87NDXS","B0DP261K6W","187","112","37","24300"
"シマノ(SHIMANO) 磯竿 17 ホリデー磯 3号 300 サビキ釣り","7592","67","","23","¥ 9,566","¥ 9,566","12","B071WL2GTY","B08GKMDW37","100","8","6","460"
"FUTUREFOX アイスコンテナ ジャグ 氷入れ キャンプ アウトドア 1.9L/3.8L (1ガロン (約3.8L))","7593","73","50","127","¥ 6,630","","1","B0D7BG1N5D","B0D7B6QDJX","33.6","22","18.5","1890"
"「組立動画あり」【スピードワールド】クロスバイク 27インチ 自転車 26インチ 外装6段変速 シティサイクル 通勤 通学用 軽量フレーム 泥除け付き speedworld通勤 通学 大人 泥除け付き ライト付き カギ付き フロントかご・LEDライト・リング錠 (ブルー(27インチ・カゴ付き))","13910","29","","5","¥ 24,225","","1","B0FH6XW67K","B0CBFDLYY2","128","95","20","15000"
"ayamaya ポップアップテント 4人用 ワンタッチ30秒設営 前室付き フルクローズ 耐水圧3000mm ダブルウォール グリーン","7596","54","","2241","¥ 24,282","","1","B0863HV26T","B086HV9MG1","88","88","5.5","6230"
"クロスバイク 26/27インチ シマノ外装6段変速 カゴ付き LEDライト 鍵付き サイドスタンド 泥除け付き シティバイク 通勤 通学 街乗り 自転車 大人用 メンズ レディース スポーツバイク【MAKTA】 (26インチ（カゴ無し）, オレンジ)","7694","25","","5","¥ 21,831","","1","B0G9PBVHLT","B0G9Q8YTPB","130","72","22","18000"
"FLEXTAILGEAR MAX PUMP 3 エアポンプ 電動ポンプ 携帯ポンプ 5kPa気圧 650mAh*3電池内蔵 USB充電式 照明ライト付き キャンプライト テントライト 空気入れ 空気抜く エアーベット 圧縮袋 浮き輪 キャンプ アウトドア(オレンジ)","7614","71","50","154","¥ 8,398","","1","B0DCNQ414Q","B0DW3X8L6T","10.3","9.2","5.7","200"
"ルアーセット Vmsixvm 釣具セット 管理釣り場 渓流 ルアー 含むトラウトスプーン クランクベイト シンキングミノー スイベル スナップ スピナー ニジマス バーブレスフック バス釣り 海水魚 淡水魚対応 釣り初心者に","8665","52","","42","¥ 5,599","","1","B09QXD22J7","B09RSX75M2","19.7","10.1","2.9","210"
"Weber(ウェーバー) バーベキュー コンロ BBQ グリル 47cmコンパクト&オリジナルケトルグリルカバー 7148 【日本正規品 3年保証】","7623","109","50","41944","¥ 6,790","¥ 6,790","4","B00N65ABPU","B0FNW6YB8Z","27.2","18.6","6.3","40"
"Upgrade ICECO キャンプコット 2WAY 1000D 耐荷重180KG 軽量2.8KG ハイ/ロー切替可能 静音設計 キャンプ アウトドア ベッド 折りたたみ式 組立簡易 コンパクト 収納バッグ付き 日本語説明書付 (ブラック)","7624","59","100","177","¥ 7,394","","1","B0BX2N96JV","B0BX2QH155","54.5","33.2","17.4","3570"
"ダイワ(DAIWA) LIGHT SW X IC SS R カウンター付ベイトリール","7636","111","100","200","¥ 11,690","¥ 11,803","20","B089NJ8B4F","B08HZW5B4Y","15.3","13.5","9","380"
"NMILE(エヌマイル) パター練習マット パターマット練習器具 ゴルフ練習器具 トレーニング 自動返球機能 滑らかな傾斜 3m 初心者 上級者 ガイドライン 真っ直ぐ打つ 室内練習 屋外練習","7650","77","100","47","¥ 6,980","¥ 7,396","2","B0CTQQZ7BY","","52.4","41.7","17.2","5380"
"LUXILON(ルキシロン) テニス ストリング ガット 4G ROUGH 125 [200mリール] WRZ990144 イエロー","7651","84","","14","¥ 25,235","¥ 25,235","6","B00D97WY14","B07SYRRD7C","21.5","20","3.7","390"
"スノーピーク 400脚セット CK-112","7655","66","50","164","¥ 5,280","¥ 5,280","25","B000BSB7IU","B0H6K723XV","46.4","11.2","4.7","508"
"ミズノ 硬式用 木製バット 硬式木製プロフェッショナル メイプル 1CJWH17512 58 コーヒーブラウン全塗りM12 84cm SOLVシール付き","12133","33","","10","¥ 8,999","","1","B0FL2LZ737","B0FL2KRSZP","84","6","6","960"
"Puroma 自転車カバー 防水 厚手 UV加工 雨避け 盗難防止 29インチまでの自転車に対応 収納袋付 (通常タイプ（耳がない）)","7683","64","","9147","¥ 5,641","","4","B075YTNRLW","B07N1D9W65","25.9","19.8","3.3","431"
"キャプテンスタッグ(CAPTAIN STAG) ジャグ タンク 最後まで注げるウォータージャグ 容量6.2L 保温保冷 広口タイプ コップ付き ハンドル付き 三脚スタンド ビバレーデザイン UE-2054","7008","85","","199","¥ 5,735","¥ 5,735","7","B0FC2HNDZG","B0FHK6GZL4","31.6","24.5","24.4","1940"
"シマノ(SHIMANO) カセットスプロケット CS-R8000 11S 11-32T 12346802582","7720","99","50","3644","¥ 9,533","¥ 9,718","14","B071JT6127","B07GKFXB7J","22.9","19.2","7","440"
"SUPボード サップボード インフレータブル スタンドアップパドルボード sup 長さ320cm 10’6 幅81cm 最大安全荷重150kg 耐久性 安定性 超軽量 滑り止め 初心者 セット","8582","55","50","45","¥ 20,997","","1","B09SZ42B1X","B0F9Y5XG9V","91.5","36","27","13000"
"【2本セット】釣りセット 釣り竿セット 2.1m 投げ竿 カーボンロード スピニングリール プライヤー グリップ 手袋 ルアー 釣り糸 収納袋付き 海釣 川釣 淡水釣 携帯便利 軽量 初心者向け","7723","78","100","25","¥ 5,980","","1","B0G2LYVDNX","","43.6","14.6","9.6","1360"
"【3ダースセット】ホンマ ゴルフ ボール TW-X TW-S 2021 1ダース 12球入り ホワイト イエロー 3ピース ツアー系 スピン 飛距離 まとめ買い TOUR WORLD 本間 HONMA/TW-S 2021/イエロー","7730","74","100","89","¥ 7,180","","2","B0BCFBW2L5","B0B9Y8XKVJ","20","15.1","14","1940"
"【限定！】SOLO UP ワンアクション タープ ワンタッチ タープテント キャンプ テント アウトドア サンシェード 横幕付き コンパクト 1.8m 180 M-1332","7746","42","","57","¥ 9,333","","1","B0CQ1T7XVF","B0FW4L9KFD","87","23","22","10500"
"【公式】 CROSSPUTT クロスパット Red Black Label パター ゴルフクラブ ネオマレット (ブラック, 34インチ, 右利き)","10443","27","","13","¥ 49,800","","1","B0DQ1KFC7F","B0GVD89TDT","94","12","10","600"
"ダイワ(DAIWA) ポリカーボネイト変色調光偏光グラス マットブラック/ライトグレー DN-4216H","7753","97","50","210","¥ 8,760","¥ 8,767","5","B01ELPF4NM","B0C6M8WN95","18.1","10.1","8.6","130"
"WAQ LEDランタン 2 暖色 電球色 昼光色 USB充電式 (1650ルーメン/13400mah/連続点灯24時間/PSE) 防水 LED LANTERN2 WAQ-LL02","9543","50","50","1750","¥ 9,900","","1","B09LV9FNY4","B0HFVYB3S2","16.2","13.3","8","700"
"TOKYO CRAFTS ダイヤフォートTC専用 インナーテント ソロテント 前室 キャンプ ソロ","10561","18","","6","¥ 11,200","","1","B0D9VL5FZY","B0DBDKW1KV","42.6","23.9","11.5","1310"
"Verdure トランポリン クッション 大人 子供 運動不足 室内 ダイエット 3層構造 コイル 静音 50cmx50cm カバー洗濯可能 クッション型 バネ 小学生 運動不足 解消器具 有酸素運動 家トレ 宅トレ 体幹 プレゼント 新築祝い","7773","38","","21","¥ 5,933","","1","B0GRGQDRYG","B0GRGHS8C4","52","52","18","3300"
"ゼット(ZETT) 野球 軟式打者用ヘルメット レッド(6400) Oサイズ:59～61cm BHL380","7774","56","","66","¥ 6,120","¥ 6,120","8","B0BLVBHYXS","B0CN6FW1KL","28.1","24.6","23.9","430"
"Nattork インラインスケート 子供用 ローラースケート バタフライシリーズ ゴールド L 23.5-26CM","7775","79","","51","¥ 5,880","","1","B0GKD1RHJN","B0FP2DL1QB","43.7","32.6","12.8","2570"
"MIZUNO(ミズノ) ゴルフ 軽量 銀パラソル 晴雨兼用 UVカット率99.9%以上 日差し対策 紫外線対策 熱中症対策 収納袋付 シルバー","7777","65","100","53","¥ 7,116","¥ 7,116","2","B0BV6CPK2H","B0CBMJRC1W","84.5","8.2","4.3","280"
"シマノ(SHIMANO) バスロッド 21 スコーピオン XV 2602R-2 バス釣り","7785","20","","25","¥ 12,786","","3","B098JWWK4N","B09CQH5MLY","112","9","6","500"
"Coleman(コールマン) テントシートセット/3025 2000039090 アウトドア キャンプ テント用 インナーシート グランドシート 収納ケース付き 厚手 防水 耐水","7793","78","100","248","¥ 10,909","¥ 10,909","10","B09HC2DT5T","","77","64","13","2520"
"Naturehike公式ショップ テント 2人用 超軽量 10Dシルナイロン 耐水圧1500mm 自立式 前室付き 設営簡単 専用グランドシート付き シングルウォール コンパクト ソロキャンプ 登山 ツーリング アウトドア サイクリング サイクリング","8994","56","","10","¥ 30,592","","1","B0BXLJCK76","B0DR5DD86Z","44.7","21.7","13","1660"
"DesertFox コット キャンプ 2way 軽量 150KG高耐荷重 クーラーボックス付き 折りたたみ 小物収納 ハイ/ロー切替可能 アウトドアベッド 寝心地 通気性 撥水素材 超軽量航空機素材 バッグアジャスタブル コット 防災 自宅用 オフィス 収納バッグ付き ZDC (900Dオックスフォード布, グリーン)","7795","43","","14","¥ 6,999","","1","B0GHXTVS15","B0G4VRHV72","55.5","43.6","22","3710"
"キャプテンスタッグ(CAPTAIN STAG) パラソル ガーデン UVカット 長方形パラソル 210cm ホワイト UD-59","7798","80","50","641","¥ 5,173","¥ 5,173","17","B07CWR1FTK","B09JKLVP2Z","150","9.5","9","3502"
"[フィンタ] FINTA サッカー フットサル ウェア レフェリーウェア４点セット Ｍ","9870","63","","574","¥ 6,900","","3","B01CHYNP3A","B07ZNFTSPY","37.8","31.1","7.8","840"
"RiZKiZ 鉄棒 室内 子供 折りたたみ鉄棒 耐荷重100kg SGマーク 家庭用 トレーニング 子ども 逆上がり ぶら下がり てつぼう 練習 折り畳み 男の子 女の子 保育園 幼稚園 小学校 室内遊具 [グレージュ]","7822","49","","","¥ 8,100","","1","B0FXWPTCFM","B07VXSDQB1","104","34","10","9600"
"LUOGOXIガスコンロ。省エネ、安全、コンパクトなので、グリル、炒め物、鍋料理に最適です。持ち運び用のバーナーカバーも付属しているので、非常時の備えにも最適です。 (7コア炉＋液化ガス変換弁)","3644","2","","","¥ 5,514","","1","B0FWJRPSLC","B0FWJVJ29H","25","25","13","1360"
"カークランドシグネチャー 3ピースゴルフボール バージョン2.0 イエロー 24個入り","7823","101","100","158","¥ 5,550","","20","B0D2P2Q72F","","19.2","14.3","10.1","1340"
"SOLAVERO サップボード インフレータブル 長350cm 幅89cm 厚15cm 耐荷重量200kg","7824","60","50","35","¥ 23,989","","1","B0GKG41BBV","B0H2V4LJ1W","97","38","20.5","13300"
"CAMDOOR コット キャンプ 2way【高密度1000Dオックスフォード&枕カバー付き】キャンプ コット ハイ/ロー切替可能 150KG高耐荷重","7825","74","50","291","¥ 9,996","","1","B0FMDZ8B15","B0CS9CDZWV","53.8","19","15.9","4000"
"ミカサ バスケットボール作戦盤 フルコート/ハーフコート両面使用 ケース付 SB-B","11933","48","","33","¥ 5,952","¥ 5,952","8","B000ASBPJ2","B08Z45F6JT","48","36","4.2","1438"
"GRAPHIS(グラフィス) 【組立動画あり】 子供用自転車 GR-16 14インチ ライトパープル | カゴ 泥よけ 補助輪 チャイルド キッズ 幼児 小学生 男の子 女の子 おしゃれ かっこいい かわいい 保育園 幼稚園","8700","17","","338","¥ 16,800","","1","B09M3N93QV","B0BVVQ5469","113","59","20","14000"
"バリバス(VARIVAS) アバニ キャスティングPE マックスパワー X9 ショアマスター 200m 0.6号","7854","74","","","¥ 5,360","¥ 5,360","17","B0G1LDXDM7","B0GST9PRPB","13.4","10.7","2.4","60"
"ラングスジャパン(RANGS) ベアアタック ベアホーン 130ｄBの大音量 ロック機能付","9171","2","","","¥ 6,380","¥ 6,380","1","B0H6F72SBL","B0GXF44GPC","19.2","12.6","3.9","110"
"エアーベッド 電動ポンプ内蔵 自動膨張/収縮 エアーマットレス インフレーターマット 極厚 25cm 200×150×25cm(ダブル)","9008","64","","43","¥ 7,688","¥ 7,688","1","B0GSTVLDM6","B0GSZ5P2QF","34.5","26","14","2930"
"KETTLEBELLKON（ケトルベル魂）ソフトケトルベル (12kg/ダークブルー)","6308","64","","23","¥ 5,530","","1","B0BSXVKCHC","B0BGT5ZHQW","28","22","21","9000"
"[スワンズ] スポーツ 偏光 サングラス ウォーリアー7 WA7-0168 MBK マットブラック Free Size 釣り ゴルフ 登山","7863","62","50","182","¥ 10,534","¥ 10,640","25","B0788GFPYL","B0GX9MM8R8","17.4","8.3","6.2","110"
"パナレーサー(Panaracer) アジリスト DURO TLR 700×30C チューブレスレディ 黒/アンバー F730TR-AGD-AX","11487","43","","124","¥ 7,012","¥ 7,012","16","B0C6KHXP88","B0DWSBR8DD","27.1","11.8","9.4","340"
"COROS（カロス）NOMAD ランニングウォッチ GPS時計 22日間連続稼働時間 アドベンチャーノート機能 ターンバイターンナビゲーション 音声メモ 道路名付きグローバルマップ 3Dマップフライオーバー 筋トレ動画ガイド 5ATM防水 ランニング ハイキング 登山 アウトドア グリーン【日本正規品】","7901","75","","285","¥ 49,940","","1","B0FG74Z8KW","B0FH1Y1XLW","15.1","14.5","5.1","209"
"がまかつ(Gamakatsu) SPEKKIES LUNA LE3001-1 MB #12 スチールブルー","7905","59","","87","¥ 6,418","¥ 6,418","19","B0BT1JZYYP","B0CN6TLL7L","19.3","7.1","3.9","110"
"KingCamp インフレーターマット ダブル キャンプマット エアーベッド 車中泊マット 極厚17cm 2人用 201×141cm","7911","47","","604","¥ 21,536","","1","B0CP41MZQZ","B0DC9X7YJK","75","35","35","4150"
"アレジア アイスコンテナ ジャグ アウトドア 真空 ボトル 保冷 1.8L 3.5L 氷 持ち運び 長時間 HOTも対応 ステンレス キャンプ 氷入れ AR-VICB ALLEGiA (E:3.5Lシルバー×ブラック)","11670","53","50","405","¥ 6,863","","1","B0C3M1Z693","B0C42XJ87P","35.7","18.7","16.4","1760"
"TEDDY WORKS KENSUI kaku model1 懸垂マシン チンニングスタンド 天井 折りたたみ 日本製 コンパクト 懸垂台 耐荷重130kg ぶら下がり健康器 チンニング 懸垂バー (アイボリー, 04_ﾄﾚｰﾆﾝｸﾞﾍﾞﾝﾁ付)","7927","45","","80","¥ 113,620","","1","B0DXKLR95Y","B0HC5K6537","100","26.5","25","17000"
"アウトドアチェア 折りたたみ わずか650gの超軽量設計 【耐荷重120kg】 キャンプ椅子 収納袋付属 キャンプ お釣り 登山 携帯便利ポータブル椅子 (ブラックチェア)","7929","47","","","¥ 5,680","","1","B0GYD2MWBX","B0DKWVX3W6","36.6","14.5","12.2","920"
"【ゴルフ雑誌掲載】VALLERY ゴルフ インソール Premium PGAティーチングプロ監修 ゴルフ専用 中敷き 衝撃吸収 (Mサイズ 24.5-25.5cm)","9216","66","","194","¥ 6,358","","1","B09WYKX1QC","B09Y19K2W7","28.6","10.2","3.9","190"
"【 全米大ヒット プロ愛用 テニス ラケット グリップ 】トーマ Tourna Mega Tac ウェット バドミントン 対応｜汗に強い 高耐久 ソフトテニスにも30本入 テープ 吸汗 滑り止め 快適 初心者 上級者 厚さ 0.6mm 長さ 103cm ロールタイプ ラケット 30本分 耐久性 (ブルー, 30本分)","10199","52","","2571","¥ 9,280","","1","B00TSWTCPU","B0GQBQRCZ3","11.4","11.3","10.4","281"
"WATERFLY ファニーパック ウエストバッグ: スモールヒップポーチ バムバッグ ウエストパック バンバッグ ベルトバッグ スポーツ スリム ファッショナブル ジョギング ハイキング ハイカー 女性 男性, ピュアブラック, ベーシック","7945","57","","3198","¥ 5,965","","1","B09WCSK5M2","B0CRKKVYWQ","24.6","22.4","6.6","200"
"【松﨑麻矢プロ 監修】 D&K ゴルフ 練習用品 練習器具 三角先生 素振り棒 すぶり グッズ 矯正 スイング 練習機 golf 室内 グリップ 練習用 れんしゅう 練習棒 アイテム 練習器 れんしゅう器具 さんかく先生 用品 矯正器具 練習道具 すぶり棒 トレーナー 初心者 しなり swing メンズ レディース プレゼント 両利き ブラック 8１cm (黒（Amazon箱）, 495g)","9775","89","50","149","¥ 5,389","","1","B0FS18MQHD","B0H6ZZS7L2","82","8.4","6.5","890"
"FIELDOOR 枕付き 車中泊マット 5cm厚 2個セット 【Sサイズ/ベージュ】 自動膨張マットレス 連結可能 高密度ウレタンフォーム 大型バルブ エアーマット インフレータブル キャンプ アウトドア","7947","20","","5","¥ 7,900","","1","B0CMQ2LVZV","B082168BBC","63.6","40.8","17.3","3530"
"namelessage(ネームレスエイジ) NGOS-300 レジャーシート 厚手11mm 撥水 大判 200x200 4~6人用 四辺自立 ベージュ","6670","58","50","","¥ 5,290","","1","B0GYCN866W","B09BQN3ZB4","50","15","15","2000"
"SONGMICS タープテント ワンタッチ 頑丈なスチールフレーム 日よけ UPF50+ 撥水 防風 295 x 295 x 258 cm 収納袋付き","10803","3","","189","¥ 8,990","¥ 8,990","1","B0FL27G6TP","B0HFB7XY1N","118","22.8","22","13780"
"シマノ(SHIMANO) スピニングリール 13 アオリスタ BB 4000 ヤエン アオリイカ","7965","68","","90","¥ 6,780","¥ 6,780","15","B00E2BMGD2","B088KWMZR1","17.4","14.4","10.6","490"
"避難テント プライベート ワンタッチ 3～4人用 災害用 避難用 防災 テント エマージェンシーブランケット 室内シェルター シェルター アウトドア 室内用 ファミリー 大型 パーテーション コンパクト収納バッグ イベント 運動会 簡単 ポップアップ 避難所 着替え 更衣室 レジャー ビーチ アウトドア キャンプ 屋外 屋内 簡易 着替え用 (タイプC【天井開閉可・底布無し】)","9845","49","100","6","¥ 11,000","","1","B0G78CNSRM","B0G7D536NL","75","75","9","5000"
"ダイワ(DAIWA) 振り出しルアーロッド CROSSBEAT SW 967TMH 釣り竿","7968","83","50","110","¥ 12,705","","3","B083SF4J2S","B095YH7H9H","59","9","6.2","500"
"[ALTALIST] アルタリスト HAYATE R2(ハヤテ アール ツー) 調光レンズ (Glossy Clear Pink Temple Red Mirror Lens)","10316","63","","27","¥ 9,900","","1","B0F9WW2XSV","B0F9WSZQ14","19","8.2","8.1","170"
"MERACH (メリック) ステッパー バンド付き 上下運動とひねり運動 静音 室内 強度調節 有酸素運動 足踏みステッパー 油圧駆動 LCDディスプレイ 耐荷重110kg コンパクト 省スペース 全身トレーニング 足踏み健康器具 宅トレ エクササイズバンド付き","7982","65","100","689","¥ 6,630","","1","B0DRFS1H2R","B0DT4MCVMW","41.9","34.2","19.3","7440"
"Goture 釣りセット 2.4m 14点セット 炭素伸縮竿2本 スピニングリール2本 ルアーセット 収納バッグ 日本語説明書 海釣り 初心者 赤黒","7986","52","","6","¥ 10,680","","1","B0FW38JN5F","B0FPPTCDG1","42.5","22.3","13.5","1910"
"モダンデコ タープテント 2.5m×2.5m ワンタッチ テント uvカット加工 (2.5m,オリーブグリーン／シルバーコーティング)","8193","45","","398","¥ 10,449","","1","B08YN4PHV8","B088R6YH97","122","22","18","17000"
"Abu Garcia (アブガルシア) MAX X イージーキャスト7 ベイトリール 初心者 初級者","7989","43","50","","¥ 6,416","¥ 6,416","18","B0H26FZZ7Z","","13.9","11.3","6.7","280"
"Hanmidou 保冷バッグ 100 枚 業務用 テープ付き密封性良好 厚手ソフトアルミ袋 保温保冷両対応 冷蔵冷凍対応 夏猛暑対策 テイクアウト弁当包装用 持ち手なし 簡易包装 クーラーバッグ (60*40cm)","9852","6","","1","¥ 6,808","","1","B0FZKRJZD5","B0FZKCMLXM","44","42","31","2000"
"タイトリスト PRO V1 2025 ローナンバー・ホワイト【2ダースセット(24球)】","7994","58","50","24","¥ 12,350","","14","B0DYSCR75F","","20.8","17.1","11","1270"
"尾上製作所(ONOE) 50セット入り WT用ノズルセット G-OW-NS [防災グッズ 蛇口 ホース パーツ]","17581","27","","3","¥ 21,780","","1","B0BWXNVRLY","B0CV594KFL","45.5","34.1","26.6","2320"
"RHYTHM FUN ルームランナー ランニングマシン 家庭用ウォーキングマシン 折りたたみ式 静音 MAX12km/h","8337","30","50","836","¥ 19,980","","1","B0FW4FCX53","B0H8T2ZNPB","132","67","19","27000"
"[LEADING EDGE] オリンピックプレートラック 50mm径穴 ダンベルプレート対応 BK バーベルラック","8004","48","","15","¥ 14,280","","1","B0BLV8FQYD","B0F93JL388","71","67","15","30000"
"UMikke ランニング ライト 充電式 LED アームバンド スラップバンド 反射バンド 夜間 光る 反射板 ホワイト 10本セット","8450","46","","195","¥ 8,500","","1","B0FMS68MVD","B0F131FVP4","30.6","21.7","7.6","220"
"ヨネックス YONEX テニスボール ツアー TB-TUR4","8012","49","100","82","¥ 9,900","","5","B08T61V1L3","","40.4","29.8","24.6","4820"
"インテックス(Intex) INTEX ベッド エアーベッド デュラビーム ハイエアーベッド ワイドダブル 152×203×25cm 64103 [日本正規品]","10260","57","","5058","¥ 5,343","¥ 5,343","11","B075D18742","B0DLGR7354","37","30.9","11.3","3780"
"FELLOW リーフブーツ 2.5mm サーフィン サーフブーツ マリンシューズ メンズ レディース ジュニア SILVER 29cm","10700","13","","201","¥ 5,699","","1","B09DFL7YZS","B085G24KQG","30.4","15.1","12.2","450"
"Bears Rock ベアーズロック ねぶくろん 来客用 布団セット コンパクト 寝袋 TX-701 ブラック","8022","41","","192","¥ 11,950","","1","B079YGPQYQ","B07N1C1TY6","50","39.4","30.6","2680"
"[ドレス] ヒップウェーダー アクティブフィット フェルトスパイクソール TAN 2XL 【ブーツ】 29cm 釣り 胴長 長靴 防水 海釣り","8383","11","","326","¥ 7,475","¥ 7,475","2","B0H7WBCQN6","B0H86RP8NK","36.8","30.5","13.2","1950"
"Coleman(コールマン) グリル クールスパイダープロテーブルトップ バーベキュー コンロ 卓上 BBQ バーベキュー キャンプ アウトドア グリル 焚き火 簡単設営 焼網 炭の継ぎ足し簡単 炭","8038","50","100","80","¥ 10,309","¥ 10,309","4","B0C89MPF33","","42","30.6","18.7","4080"
"WeGym SafeGrip ダンベル「2個セット 0.9~9.0KG/2~20LB」「エコ材質」ソフトコーティングで [筋力トレーニング 筋トレ シェイプアップ 鉄アレイ 鉄アレー] ダンベルセット 自宅 サンドストーン 12LB/5.4KG","18332","27","","3","¥ 7,880","","1","B0FQHQX59B","B0FVRTW3YR","34.9","27.6","16.1","11370"
"スノーピーク(snow peak) ソフトウォータージャグ ウォーターバッグ 折り畳みタンク キャンプ 登山 アウトドア 防災 FP-130","8040","80","100","10","¥ 8,241","¥ 8,334","4","B0GVYQ9LJ6","","41.1","26.3","7.5","480"
"ダイワ(DAIWA) タングステンジグ TGベイトタチウオ150g PHフルピンク","8041","70","","5","¥ 6,270","","9","B0CGHSD4ZZ","B0CK3XV6PS","16.1","4.1","1.1","150"
"elitegrips(エリートグリップ) ワンスピード ゴルフスイング練習器具 レッド 44.5インチ 367g","8041","78","","502","¥ 8,580","¥ 8,981","10","B00RH9HF9Q","B01GDRVGGK","123","13","4.5","930"
"iGPSPORT SR mini 自転車後方レーダー リアビューレーダー テールライト 最大160mまで後方からの接近車両を検知 ブレーキ時ハイライト 自転車ライト 7つのライトモード「バッテリー残量」と「航続時間予測」20H バッテリー寿命 マルチデバイス対応 IPX7","8043","71","100","153","¥ 13,750","","1","B0DZHXSGYZ","B0GTPMFVXF","18.1","7.8","4.4","150"
"ロゴス(LOGOS) Tradcanvas ゆらゆらハンモックチェア 73173159 リクライニング キャンプ 椅子 折り畳み 耐荷重130kg","8055","105","100","848","¥ 10,850","¥ 11,064","10","B08J7RV168","B0FN7PCGT1","87","27","15","5260"
"【公式】Shop Japan(ショップジャパン) アクティブスレンダー 交換パッド 3セット 交換パッド ジェルパッド ems 腹筋ベルト","8075","57","","3","¥ 9,676","¥ 9,676","1","B0DSGTNT6D","B0GCH5RVTQ","35.3","23.4","14.1","260"
"10mm ロープ 10M/20M/50M 耐荷重1200kg ポリエステル コード 50M","11852","39","","215","¥ 6,480","","1","B091TX5LJH","B091GF6F4R","49.3","17.7","12.2","2570"
"FIELDOOR(フィールドア) エアベッド ツインサイズ 【グレー×グリーン】 ＆USB充電式エアーポンプ セット (約)幅97cm×奥行き185cm×厚さ23cm","10179","14","","1","¥ 6,100","","1","B0FFMHNXHP","B0FD3KMCMS","50","14","14","1900"
"ロゴス（LOGOS） Q-TOPソーラーサンドブロックサンシェードBF 71205004 キャンプ ポップアップサンシェルター ワンタッチテント","8089","74","100","9","¥ 15,273","¥ 15,273","11","B0G4X56Q1Q","B0FY5LNNPC","70","15.5","15.5","3430"
"キャプテンスタッグ(CAPTAIN STAG) ハンモック スチールポールハンモック用スタンドIII ブラック UD-2015","8089","41","","84","¥ 6,836","¥ 8,246","19","B071D71GVN","B07YNQZD7B","95.5","49","8","10000"
"d+ メスティン マーブルコート 飯盒 6点セット キャンプ アウトドア (ブラック【6点セット】, Lサイズ(3合炊き))","9341","40","","132","¥ 5,015","","1","B0BHH7QQZ3","B0DNSQFBJ8","20.7","15.3","9.6","780"
"ロゴス(LOGOS) Tradcanvas ポータブルあぐらチェア 73173160 アウトドア 折り畳み キャンプ 椅子","8100","46","50","503","¥ 5,940","","2","B08J7Y9ZJ6","","75","19","11.5","3410"
"パターマット 9点セット 【アプローチも練習できる】パター練習マット ゴルフ パターカップ 自動返球 SEAVER GOLF","7193","60","","52","¥ 5,698","","1","B0B5NG3TK3","B0BJJQVVBM","35","23.8","19.9","1990"
"SANLIKE サンライク フィッシングクーラー 大型釣りクーラーバッグ 100cm 大容量 TPU素材 折り畳み式 青物/マグロ対応","8108","42","50","19","¥ 7,139","","1","B0DSHQWPGX","B0F7JXXV25","43.9","24.9","14.7","1480"
"kisnbld可変式ダンベル 2in1ケトルベル 重量調節可能 ダンベル1-2.5kg多段階調整 ケトルベル 可変式各2.5kg 3.5kg 4.5kg 5.5kg 素早い調整 静音設計 男女兼用 自宅トレーニング ホームジム 筋トレ アウトドア対応","6835","55","","396","¥ 6,999","","1","B0DS228L1V","B0F45DTND5","36.3","31.4","13.9","6000"
"JACKALL(ジャッカル) TG ビンビンスイッチ キャンディ 200g F-0280 ブライトオレンジ","8115","57","","168","¥ 5,901","","1","B0C13H1B7D","B0FHT337QT","13.7","9.4","2.8","220"
"モルテン(molten) ペレーダ 5000土グラウンド用 サッカー サッカーボール 5号球 検定球","8117","111","50","30","¥ 6,999","¥ 7,006","32","B0DR2SBHKL","B0DVB2LY18","21.8","21.5","21.4","430"
"デイトナ(Daytona) ローチェア アウトドア チェア キャンプ 椅子 軽量 コンパクト 持ち運び 座椅子 ハイバックローチェアMIL フォレストカーキ 60508","13471","38","","9","¥ 8,145","¥ 8,145","8","B0FQHB25X6","B0H8WN125Z","48.6","19.6","11.8","1410"
"大阪漁具(OGK) エコタマン 420 ECT42","8129","43","","128","¥ 8,618","¥ 8,844","4","B07HZ97ZRN","B0D6VNZXFF","108","12","2","600"
"GENTOS(ジェントス) LED ヘッドライト USB充電式 【明るさ510ルーメン/実用点灯6時間/後部認識灯】 専用充電池使用 リバティ LY-186R","8140","80","","23","¥ 5,535","¥ 5,535","18","B0D3TFH1WC","B0DH82YVSP","19.1","12.9","8.7","350"
"メジャークラフト アジングロッド 鯵道 5G スピニングモデル AD5-S682UL/AJI","8147","32","","2","¥ 26,568","¥ 23,861","14","B0CZTMRTW9","B097393ZKS","180","20","7","1000"
"シマノ(SHIMANO) 22 グラップラーBB 150HG","8158","49","","43","¥ 12,020","¥ 12,020","15","B0B8MTK1VY","B0BPWGCLCL","17.3","15","9.2","340"
"Amazonベーシック ケトルベル 18.1kg キャストアイアン製 ブラック","8160","79","","27500","¥ 8,712","¥ 8,712","1","B0731G365R","B0CSFYPKFG","30.5","27.1","19.8","18892"
"TENCEN カモフラージュネット 迷彩ネット 迷彩メッシュ生地 ギリーネット 偽装網 サンシェード 日よけ 目隠し 風通し キャンプ サバゲー 野外活動 野鳥撮影 狩猟 フリーカット 単層","8160","32","","53","¥ 6,190","","2","B0D4YQDMM6","B0D4ZHCSHM","31","21","13.4","1720"
"ニチバン バトルウィン テーピングテープEL(伸縮) 75mm×4.5m(伸長時) 12巻入り EL75","8164","60","","101","¥ 11,547","","2","B0023DEW8S","B0CLRBKH74","19.9","16","13.5","920"
"iGPSPORT BSC300T サイクルコンピュータ サイコン タッチスクリーン搭載 自転車 ナビ GPS搭載 地図表示 コース外れ警告 2.4インチ カラーディスプレイ サイクルコンピューター 32GB 大容量メモリー ブルートゥース ANT+対応 130種類データ表示 IPX7防水 Strava同期","8166","69","50","130","¥ 21,120","","1","B0DG5GS339","B0GX68RD53","17","9.1","2.7","130"
"Naturehike公式ショップ テント Tiblack","9251","43","","","¥ 81,592","","1","B0GTTRJ58L","B0C9XHRN81","105","30","30","29000"
"FIELDOOR ワンタッチタープテント 【センターロック/スチール】 G03専用 サイドシート1枚付属 設営簡単 スピーディー 別売りオプション豊富 高耐水加工 シルバーコーティング UVカット [通常タイプ] [2.5×2.5m] [ライトベージュ]","14891","20","","20","¥ 14,300","","1","B0BKP2Z4VM","B0G1S3Z73C","114","22.7","22.3","14120"
"[エクセル] チェストハイウェーダー 70Dナイロン 2026年モデル 軽量 防水 インナーメッシュ フェルトソール ラジアル フェルトスパイク 胴長靴 補修キット付属 12サイズ ユニセックス OHJI 日本釣具メーカー OH-103 105 F P R (ラジアルソール, グレー, S(24.0-24.5cm))","8178","38","","3","¥ 5,424","¥ 5,633","12","B0G6SKPXNV","B0G6S6R25G","35","34","15","2500"
"CYCLISTS 自転車専用工具セット 23点セット シマノ対応 ツールボックス付き 自転車 組立て メンテナンス 修理 プロ向き（CT-K09）","9064","13","","","¥ 18,980","","1","B07VRL9867","B07VRNH74M","10.4","10.2","1.9","60"
"[IRISLIFE] 医療機器認定 磁気ネックレス MAGSLIM（マグスリム） 軽量 強力 最大200mT レディース おしゃれ","8818","66","","152","¥ 5,258","","1","B0CJLZWLP3","B0CJLP71TK","10.5","10.5","1.2","20"
"ルームランナー 家庭用 電動 静音 ウォーキングマシン ハンドル付き 折りたたみ式 傾斜調整 耐重150kg ブラック","6697","51","50","29","¥ 17,081","","1","B0GH75J2Q3","B0H68SQK9F","114","55","10","13000"
"リクライニングチェア アウトドア チェア インフィニティチェア 折り畳み 椅子 ゼログラビティーチェア 無段階 角度調節 耐荷重200kg 完成品 組立不要 3分設営 砂浜 キャンプ 戸外用 (ブラック)","8195","44","50","14","¥ 10,458","","1","B0GY8XS932","B0H4KSS8KY","94","69","15","10500"
"【遭遇前に追い払う！】 熊をぼる 熊よけ忌避剤 携帯用 熊対策グッズ 日本製 ジョロキア×木酢液 天然成分100% 登山 キャンプ 2個セット","9426","28","","37","¥ 5,880","","1","B0GVSM78MY","B0GVSG91QZ","20.9","17.4","2.9","130"
"Magicshine HORI 1300S 自転車 ライト ロードバイク向けライト 1300ルーメン 防眩ハイ／ロービーム 独立2灯式配光 FTR連動・アプリ制御 上下取付（吊り下げ）対応 Garmin／Wahoo／Bryton対応マウント付属 IPX6防水 USB-C充電式 夜間走行","8206","32","50","98","¥ 7,499","","1","B0FBWHVTJQ","B0GR53HZGS","14.7","9.2","5.7","310"
"IPLおよびUSPAによって承認された重量挙げ用のRDXニーラップおよびUSPA伸縮性のある圧縮パワーリフティングは、スクワット、ボディビルディング、ジムフィットネストレーニング、オリンピックのリフティングに最適な包帯をサポートします","8211","73","","2627","¥ 8,331","","85","B00FA2TBRG","B0CBPL54SH","23.5","18.8","4.5","500"
"UMMY ダイビングマスク New Coral コーラル 全6色 スキンダイビング シュノーケリング スキューバダイビング フリーダイビング (コーラルピンク)","8546","40","","18","¥ 7,600","","1","B0DBYWWQJF","B0DBXZ63B8","42.4","14.8","6.5","390"
"ゴメクサス リール ハンドル 98mm エギング専用 AIR SENSE ダブルハンドル 超軽量 20mm ノブ付き シマノ shimano ダイワ daiwaに対応 エメラルダス 25 セフィア スピニングリールハンドル エギング釣り 長期間快適 カスタムパーツ","10474","59","50","13","¥ 7,490","","1","B0GQ2Z1H5B","B0GQSVRJWS","12.8","11.5","2.7","70"
"タープテント 3mx3m 角 高さ 3 段階調節可能 UV 遮断コーティング 高防水仕様 頑丈スチールフレーム耐風性 一人簡単設営 軽量携帯便利 砂袋・ペグ・ロープ・収納バッグ付き 野外キャンプ 運動会 花見 イベント 防災用 （カーキ） [並行輸入品]","8218","35","","2","¥ 8,815","¥ 8,815","1","B0H25ZKRR3","B0H267B5LP","128","21","21","11890"
"FED FITNESS トレーニングベンチ インクラインベンチ 3WAY可変式 角度調節8段階 耐荷重300kg 折りたたみ式 コンパクト 収納便利 筋トレ ベンチ 器具 ホームジム 自宅 デスクワーク ベンチプレス対応 肩 胸 腕 腹筋 全身トレーニング アパート 省スペース 日本語説明書付き【定番モデル】","8219","46","100","10","¥ 7,980","","1","B0H1482K44","B0HF3NG95S","81","31","21","8780"
"【2026全新モデル 洗えEMS腹筋ベルト】ジェルシート不要 8種類モード 30段階強度 柔らかい軽い生地 USB充電式 液晶表示 腹筋エクササイズ 腹筋トレーニング器具 サイズ調節可能 男女兼用 日本語説明(レッド)","8225","19","50","26","¥ 13,597","","1","B0H4G14P37","B0F7X66MN6","29.3","21.4","5.1","390"
"MAGNA(マグナ) ステンレス食器セット キャンプ バーベキュー アウトドア ファミリーセット (01 カフェオレ 24枚セット)","8228","68","100","406","¥ 5,480","","1","B074DR8PZJ","B0DCBSXM98","24.4","22.1","8.2","2100"
"Shin Pads Girls CE Certified Airsfish Kids Football Shin Guards Breathable Non Slip Extended Adjustable Straps Lightweight Soccer Shin Pads for Boys Girls Teens Leg Calf Protective Gear Pink","9582","13","","2928","¥ 8,380","","1","B0B5XWG7Y5","B0FRNF1C7B","23.4","12.1","6","200"
"アイリスオーヤマ アウトドアチェア ムーンチェア コンパクト ベージュ キャンプ用品 チェア 収納 収縮タイプ 簡単組立 アウトドア ハンモック ギフト プレゼント","8053","79","100","296","¥ 7,827","¥ 7,827","9","B0972KGN7G","B0DDK6DGTN","100","30","27","6820"
"Yes4All (イエスフォーオール) 高密度フォームローラー 腰痛緩和 ヨガ エクササイズ 理学療法 筋肉深部組織マッサージ用 12-18-24-36 - ブラック - 18インチ","8248","73","","108","¥ 6,979","","1","B0DHTK7NKQ","B0BVTX9LKP","46","16.3","15.5","340"
"シマノ(SHIMANO) スピニングリール 26ネクサーブ C5000HG","8250","54","50","6","¥ 5,642","¥ 5,642","22","B0GFV9CXRZ","","15","13.1","8.7","410"
"シマノ(SHIMANO) 両軸リール 21 バルケッタ 300PG (右) メタルスッテ タイラバ ライトジギング 船汎用","8257","105","","20","¥ 18,016","¥ 18,016","7","B09BFNX9H7","B0CLR892NT","20","15.2","9.2","440"
"シマノ(SHIMANO) クーラーボックス フィクセル BS 12L NF-612Z ピュアホワイト","8258","18","","","¥ 16,761","¥ 16,930","3","B0H362HZMN","B0H3DM1311","45","35","25","3000"
"バタフライ(Butterfly) 卓球 ラバー ディグニクス 64 裏ソフト ハイテンション ブラック 特厚 06060","8260","87","","93","¥ 7,855","¥ 7,855","30","B07Z5G8X8J","B0DQCKDVMZ","18.6","17.4","1","60"
"モルテン(molten) ハンドボール A5000 3号球 H3A5000-B 高校生以上男子","8262","49","50","18","¥ 9,589","¥ 9,589","21","B0CYSNGS47","B0CYTDR15Y","26.5","22.4","22.1","450"
"Hikenture キャリーワゴン 135L 耐荷重150kg 10cm大型タイヤ ブレーキ付き 折りたたみ式アウトドアワゴン","8271","51","","265","¥ 11,800","","1","B0CRRGYRXD","B0FJRN1W1P","58","37.2","26.1","10600"
"【アワード受賞・人気ブランド】 BARWING(バーウィング) バーベル スクワットラック ベンチプレスラック ホームジム スクワット パワーラック トレーニングベンチ ベンチプレス (ブラック PRO) (ブラック)","14487","49","","61","¥ 9,999","","1","B0C5CJCS1T","B0H7QZBH3J","68.6","63.5","17.8","7711"
"ブライトン(Bryton) Rider 460E サイクルコンピューター サイコン 自転車用ルートナビ GPS搭載 2.6 インチ ディスプレイ 無線 ANT+対応 (Rider 460（本体のみ）)","8278","69","100","138","¥ 8,250","","1","B0D3KY889D","B0CR6RDZC6","11","8.7","4.2","130"
"YO-ZURI(ヨーヅリ) ルアー トローリング ボニータ 210mm CPB 自重:310g R1158-CPB-パープルブラック","8281","64","","234","¥ 5,298","¥ 5,352","7","B014UX7LFY","B08C17TC7P","29.2","10.9","4.3","340"
"ハービンジャー(Harbinger) パワーグローブ トレーニンググローブ リストラップ 筋トレ マメ防止 滑り止め 耐久性 ウェイトリフティング ジム用 ブラック Mサイズ 22278","8286","58","","272","¥ 5,500","","3","B09X7G9D45","B0CTCKK244","21","14","5","120"
"DesertFox テント 2-3人用 4000mm耐水圧 ドームテント 前室あり キャンプテント コンパクト軽量 撥水加工素材 二重層構造 4シーズン 簡単設営 超軽量 UVカット 自立式 通気防風防雨 ツーリングドーム キャンプテント (黒)","8292","58","","224","¥ 6,649","","1","B0F42H7LC2","B0GCCYF7YV","70.8","14.2","14","3560"
"[Monoyoi] 保冷剤 長時間 強力 ステンレス 【2026革新&急速冷却ジェル】 冷却プレート ミニ 繰り返し使用可 4時間急速冷凍 長時間保冷 薄型 液漏れゼロ アイスパック アウトドア キャンプ 通勤 通学 弁当 食材 飲料 保冷用 (4, シルバー)","8301","45","50","76","¥ 5,399","","2","B0H3TQSNP9","B0HDBDJ4YB","27.5","21.8","3.8","20"
"ロゴス(LOGOS) LOGOS×萬古焼 卓上水コンロ 81062001 陶器 炭 日本製 BBQ","8309","53","","62","¥ 6,800","¥ 6,800","10","B0B2DWGK7M","B0GQB62W4P","18.6","18.5","17.2","1510"
"パラソル 大型【直径 250cm/270cm 】風に強い ハンドル開閉 角度調整可能 iimono117 (ブラウン, 直径270㎝)","8310","46","","13","¥ 6,990","","2","B0F6B5VHT6","B0HGLVP4G8","128","15","15","5390"
"TEEMOO バーベルシャフト 120cm 50mm オリンピックWバー ezバー オリンピックバーベル フィットネスバー バーベル イージーバー 上腕二頭筋 腕力 筋力増強","8316","58","50","314","¥ 5,399","","1","B0FG72FH3M","B0FL1RTH8G","123","9.2","9.2","7250"
"CHILLSUN エアーベッド シングル サイズ 耐荷重350kg エアーマットレス キャンプ 電動ポンプ内蔵 高反発 極厚 膨脹式 折り畳み 収納袋付き 寝具 長さ191×幅99×厚さ40","8320","63","50","781","¥ 7,714","","1","B0G34RRBNX","B0GDX4JNGZ","36.7","34.8","18.5","5790"
"ウィンウィンスタイル GET BIRDIE! CAMO クラブカバー golf ゴルフ ドライバー フェアウェイウッド FW ユーティリティUT パター用 変換ダグ付き ブラック ホワイト (ナイロンブラック4点セット) [並行輸入品]","8326","28","","2","¥ 5,750","","1","B0G2LQC8HZ","B0G2LRS1SQ","30","20","10","350"
"パナレーサー(Panaracer) グラベルキングSK プラス 700×50C チューブレスレディ GRAVELKING SK + 茶 F750-GKSK-P-D2","8336","60","","28","¥ 5,446","¥ 5,947","11","B0CWKHWRQ1","B0CWNSWBT5","15.9","15.9","14.2","730"
"BAKSTORM バクスト タイラバ ネクタイ トリプルフック フック3本針 ティンセル付 2個入 スカート 交換用 針 スパイラル PE 丈夫 釣り具 釣り針 7パックセット 全色11色","3337","3","","","¥ 6,232","","1","B0HCNCGTB8","B0GSV4X766","14.5","8","3","110"
"Abahubカーボン カヤックパドル ボート用 230cm カヤックパドル パドルロープ付き カヤック カーボン ファイバー シャフト","8341","42","50","470","¥ 6,999","","1","B08R5WZK9V","B09C1QWGBL","121.5","20.5","5.5","1400"
"KABUTO(カブト) 自転車 ヘルメット 子ども用AILE(エール) カラー:マットチャコール 児童用(頭囲:56-58cm) SG認証","11619","70","","28","¥ 5,896","¥ 5,896","13","B0CZRB117W","B09LR3H4PK","27.5","25.3","16.5","290"
"[Colantotte] コラントッテ ネックレス TAO ARC シルバー×ブラック L","8345","72","","112","¥ 37,400","","9","B0FFSV2HSG","B0FKGT22J8","18.3","16.4","2.2","100"
"Speedo(スピード) ゴーグル Fastskin ファストスキンスピードソケット2ミラー ユニセックス ピンク/シトラス","7258","22","","92","¥ 5,107","¥ 5,107","3","B0G1R44SMD","B0HBQCYCF4","18.1","6.2","6.1","70"
"Coleman(コールマン) 寝袋 コージーII C5 快適温度5度以上 封筒型 抗菌加工付き 幅84cm 連結可能 キャンプ アウトドア 丸洗い可能 洗濯機可 防災 フェス 車中泊 来客用 コンパクト ウォッシャブル","8353","90","100","803","¥ 5,926","¥ 5,926","13","B07HRKNWWT","B0CYBTSZ8D","43.8","27.9","27.8","2700"
"TOMOUNT ソロテント キャンプテント 1人用 二重層 自立式 ツーリングテント 耐水圧3000mm 通気 防風 軽量 コンパクト アウトドアテント バイク 登山用 簡単設営 4シーズン キャンピング (緑青色)","8357","94","100","767","¥ 7,990","","1","B07ZPSQ4ZY","B086W324NW","44.9","18.1","15.4","2300"
"KETTLEBELLKON（ケトルベル魂）EZグリップケトルベル (12kg/ブラック)","8367","75","","76","¥ 6,259","","1","B08GH54C9C","B0878XTB6K","26","17.5","17.5","12320"
"RAYZESTTOP 野球ネット バッティングネット 練習用 トレーニング ピッチングネット スチール製 バッティングティー+９マス枠+口字型枠付き","8369","74","","12","¥ 7,199","","1","B0FXGDGV12","B0FQP4ZR97","113","15","15","7200"
"キャンピングムーン(CAMPING MOON) テーブルウェア キャンプ プレート ステンレス 食器 セット帆布ケー ス付き 黒 BKS395-3S","8372","62","","110","¥ 7,713","¥ 7,713","3","B0CQY3PJ3Q","B0DZX67CLD","19.7","19.5","9.4","1180"
"筋トレウェイト リストウェイト アンクルウェイト 0.3kg 0.5kg 0.75kg 1kg 1.5kg 2kg 2個組 パワーアンクル 手足両用 速乾 通気 運動不足解消 体幹トレーニング エクササイズ (ブルー, 2×2kg)","8374","43","","13","¥ 5,296","","1","B0DHVGJKX7","B0FGQ79XX6","26","8","2","600"
"BRIDGESTONE(ブリヂストン) キャディバッグ 軽量ベーシックモデル CBG422 SV 2024年モデル","14105","54","","37","¥ 16,773","¥ 16,773","9","B0FC2BGK6Z","B0FX9HT96V","87.5","38","24","6000"
"シマノ(SHIMANO) ベイトリール 25オシアコンクエスト CT 201HG (左)","8382","80","","9","¥ 56,587","¥ 56,587","20","B0DSPJ9GX1","B0DSZMW7N6","16.8","15.2","9.8","570"
"[エーフィット] スポーツサングラス メンズ テンプル角度7段階調節 UV400 FITMASTER 防曇クリアレンズ 夜間使用対応","12422","4","","1","¥ 14,850","","1","B0DPQ24RL8","B0DLZPKJTW","18","9","7","150"
"OneTigris COCO NEST ドームテント ソロ 自立式 半球状シェルター","8388","23","","38","¥ 31,790","","1","B0FF4K6CL4","","52.7","21.6","16.2","3200"
"FITMIND ブルブル振動マシン ブルブルマシン ダイエットマシン フィットネスマシン 9つの自動モード 99段階の振動 幅60cm リモコン付き ラテックスホース付き 静音 耐荷重120kg 日本語説明書（ホワイト）","8391","44","","63","¥ 9,349","","1","B0D9NWFJWB","B0D9NRP8CN","65.2","40.8","18.2","7780"
"コラントッテ(Colantotte) コラントッテ THEO ネックレス LUSSO ブラック 48cm","8394","94","50","227","¥ 40,500","","12","B0C8TB27VF","B0CXXSR44B","12.4","12.1","8.7","350"
"Coleman(コールマン) ヘキサタープ 4 人用 ヘキサライト+ 2000039093 キャンプ アウトドア 組み立て簡単 ダークルームテクノロジー搭載 オールインワン 耐水圧3000mm PU防水 ランタンフック付属","8400","66","50","166","¥ 16,020","¥ 16,020","10","B09QKMDYP4","B0CXTGKPT2","47.5","17.4","17.4","5070"
"【理学療法士監修】Aspiracion ステッパー 静音 ステッパー健康器具 足踏み健康器具 運動器具 ウォーキングマシン 有酸素運動 ハンドル付き 高齢者向け 運動初心者向け 耐荷重100kg 30分連続使用","8406","79","100","465","¥ 6,980","","1","B0DCZHBFFD","","48.5","40","27","8500"
"バランスドーム バランスボール 半円 体幹トレーニング ヨガ エクササイズ 子供対応 46cm/58cm フットポンプ付き ピンク58cm","10977","26","","14","¥ 6,980","","1","B0GRM3C84F","B0GRKVL9ZG","61.5","58.2","9","4860"
"ZNLAKU 光るゴルフボール ナイター 発光 LED内蔵 5-8分間 発光可能 ごるふぼーる 人気 景品 夜間練習用 マルチカラー 6個/12個セット","10497","79","50","49","¥ 5,100","","1","B0FMP8HNTW","B0G4ZQCN4Y","19.3","13.8","4.9","660"
"Opro New Gold Level UFC Mouthguard, Adults and Junior Sports Mouth Guard for Kids, with Revolutionary Fitting Technology for UFC, Boxing, MMA, Martial Arts, BJJ, and All Contact Sports (Red, Youth)","8443","71","","94","¥ 9,893","","4","B09PLKRF3M","B0C96H28KY","19.3","11","4.7","67"
"ダイワ(DAIWA) ベイトリール 25TATULA(タトゥーラ) SV TW 100HL","8454","109","","16","¥ 23,600","¥ 23,600","17","B0DMF4VZW6","B0DNDZRD66","13.7","10.8","7.1","260"
"ATORPOK 折り畳み式ベッド 簡易ベッド コット 折りたたみベッド 防水 通気性 軽量 こっと アウトドアベッド キャンプベッド おりたたみべッド収納便利 耐荷重200kg (グレー)","6375","59","50","510","¥ 7,999","","1","B09ZHT1QP3","B09ZHFLX3R","106","28","19","7820"
"パナソニック 電動自転車 ティモS 26インチ 16.0Ah 2025年モデル BE-FTS633 3段変速 マットピエールグレー 電動アシスト 【完成車】","8458","48","","14","¥ 130,727","¥ 130,727","6","B0DM83W1J9","B0DP24TZXC","187","112","37","27100"
"【Amazon.co.jp限定】ドレス(DRESS) 折りたたみフローティングスカリ ブラック XL 釣り バケツ EVA 多機能 釣り具 ストリンガー 活かし","9415","49","","554","¥ 7,340","¥ 7,340","1","B0D6QLBRZ3","B0D78RXTGJ","71.2","40.8","9.7","1740"
"2026改良型 電動自転車 折りたたみ式 20インチ 7.8Ah 48V高性能着脱式 350W 5段アシスト シマノ 免許不要 公道可 型式認定","8489","72","100","66","¥ 75,437","","1","B0D1FX5SLN","","87","70","37","29000"
"UNP テント 2人用 ドームテント 1人用 キャンプテント 前室あり 二重層構造 4000mm耐水圧 超軽量 通気 防水 防風","8490","57","50","43","¥ 8,680","","1","B0G392H7JD","B0G393LQPS","41.5","23.2","17.8","3480"
"【日本企業】ダンベル 可変式 24kg/40kg アジャスタブルダンベル 1個セット 15/17段階調節 3秒で重量調整 クイックダンベル 筋トレ B01 (赤, 40kg)","23052","34","","87","¥ 14,999","","1","B0D4DGRPTT","B0G9JXPCVX","50","36","26.5","40000"
"ダイワ(DAIWA) フネ XT 150PL-OP","8499","100","50","98","¥ 12,767","¥ 12,767","20","B08VF2CTNQ","B097YHX1XR","15","12.6","7.6","320"
"リーディングエッジ リバウンダー リバウンドネット ワイド150cm サッカー フットサル 野球 壁打ち ゴロ球 浮き球 折りたたみ 18段階角度調整","8501","58","50","9","¥ 16,830","","1","B0FQNW19QN","B0FQVFGPNQ","91","38","11","20000"
"THE NORTH FACE(ザノースフェイス) テント エバドック1 NV22413 ニュートープグリーン","8509","36","","11","¥ 21,000","¥ 33,691","9","B0CSYVFTC8","B0DXSSVHQ5","100","100","100","1000"
"JIANGMU-夜光るゴルフボール LED付き！男女兼用でゴルフ練習にも最適！8分間点灯する長時間発光ボール！贈り物にも最適！ゴルフをもっと楽しくする6色の発光ゴルフボール！(12個入り)","8512","60","50","82","¥ 5,149","","1","B0BBZQM3VW","B0BBYYD448","18.9","13.8","4.9","630"
"【SIDAS】シダス 3feet アクティブ HIGH JP XL(28.5cm-29.5cm) 311898105 インソール 中敷き アーチサポート ランニング マラソン 衝撃吸収 推進力","8514","59","","25","¥ 6,840","¥ 6,900","3","B08HQ34G1H","B09Y8DJSQ8","36.4","11.2","4.8","180"
"ローリングス(Rawlings) 野球用 バット 軟式ジユニア ICON BJ6IONE フロストホワイト FRP製 76cm","13200","22","","2","¥ 40,584","¥ 40,584","1","B0GCGS14TD","B0H35X24T6","76","9","9","730"
"SIXPAD シックスパッド パワーローラーエス(Power Roller S) MTG(エムティージー) [メーカー純正品]筋膜リリース フォームローラー","8516","106","100","1384","¥ 10,500","","4","B07NPRNP32","B0D4L5XDD6","37.3","9.1","8.9","1090"
"ポータブルシャワー【大容量20Lタンク付】PAHTTO 電動シャワー ウォータータンク ウォータージャグ キャンプ用 交換用カバー付属 USB充電式 5段階水流調節 デジタル画面 アウトドア シャワー 旅行 ペット浴 洗車 掃除 防災用","8521","53","","22","¥ 7,299","","1","B0GQZ62LR6","","44","33","19.7","2480"
"MOHEGIA 2本セット 12-1/2×2-1/4 [12.5×2.125] 自転車タイヤ：12.5インチ 子供用自転車 折りたたみ交換タイヤ- 32mm米式バルブ付きチューブ＋レバー付き","10546","68","","290","¥ 8,157","","1","B0CZ8VJ9B1","B0DRXMV3Q4","25.3","15.2","12.4","1111"
"オーストリッチ(OSTRICH) 輪行袋 [L-100] 超軽量型 ブラック","8525","85","100","606","¥ 5,740","¥ 5,986","15","B01DBGHOGC","B0CJS7BNNG","18","11.2","8","340"
"【MR. NOMADS】460L ラグビー日本代表採用メーカー キャリーワゴン 耐荷重220kg 大型タイヤ 自立収納 コンパクト ワンタッチ収束式 折り畳み アウトドアワゴン キャリーカート キャンプカート 建築現場用カート 4輪 キャンプ （ KW003/KW004 シリーズ ） (GS-KW003 Meisai リアゲートなし)","10140","20","","4","¥ 25,000","","1","B0DTTRQ5K1","B0DZVTJQDJ","71.8","43.2","27.4","13630"
"ディマリニ(DeMARINI) バッティンググラブ 両手用 高校野球対応 DM-PRO1 L ホワイト×ブルー WB5745304L","9471","50","","4","¥ 6,584","","1","B0CDBG3S12","B0CDQ3STQJ","26.6","12.1","2.4","80"
"WATERTIME スイミングゴーグル 男女兼用 曇り防止 UVカット 防水 超柔軟シリコンパッド 屋内・屋外兼用 大フレーム 快適フィット (白【拭取防曇 升級版】)","8543","67","","61","¥ 5,300","","1","B0FN3XMT1Y","B0F312YPL7","18.7","6.2","5.9","150"
"エアマット キャンプ 防災用 簡易 軽量 コンパクト Mサイズ 【 200cm 】 10個セット","8549","38","","151","¥ 7,920","","2","B09578P31R","B0DVBW15VQ","35.6","23.4","14.2","2950"
"自転車 レインカバー チャイルドシート フロント用 ハンドル一体型 子供乗せ 広々空間 ベンチレーション機能搭載 厚手生地 防寒 防水 GyuPit","8550","48","50","41","¥ 6,299","","1","B0GLNKY12S","","46","39.3","8.3","1360"
"TAYLORMADE GOLF(テーラーメイドゴルフ) Spider TOUR X TCD TruP CN Rh 33IN スパイダーツアー エックス クランクネック トゥルーパス ”トーチド” パター メンズ RH TH566 2026年モデル","8564","49","","","¥ 50,566","¥ 50,566","4","B0H3P2SDF9","B0HD6QYFRT","117","11","11","1000"
"WH-R501 リア QR8/9/10S対応ＱＲ(カラー、デザイン）:163mm QR(ブラック)","8594","56","50","1098","¥ 12,522","¥ 12,522","7","B00G9APTZ6","B0BHSGGNWK","66.5","65","17","2920"
"KABUTO(カブト) 自転車 ヘルメット FLEX-AIR(フレックス・エアー) サイズ:S/M(頭囲 : 55-58cm) カラー : マットゴールド","8600","82","","123","¥ 23,930","","8","B0CYB7HY66","B0CZ8RV6KH","32.1","25.5","19.2","730"
"スノーピーク テーブルウェアセットL TW-021","8601","68","50","483","¥ 5,676","¥ 5,676","22","B000AR2OQ6","B0H5VPK67X","22.4","21.9","6.9","540"
"保冷バッグ 2l×3本 約6L エコバック アルミバッグ 保温 (50)","8612","36","","58","¥ 15,800","","1","B0DC9LS5DR","B0DDBG8KBJ","43.2","32","6.3","300"
"HONDEX(ホンデックス) 魚群探知機 万能パイプ BP05","8615","44","50","267","¥ 5,706","¥ 5,706","8","B00W2UNVLG","B08MXKQC6N","68.2","17.8","8.2","930"
"Wurkkos ダイビングライト DL70 LED 懐中電灯 防水 13000LM ダイビング 懐中電灯 XHP50.2 LED×4採用 水中ライト 水中100Mまで使用可能 防災グッズ 魚突き 釣り キャンプ 登山 アウトドア ハンディライト","8618","35","50","172","¥ 13,880","","1","B093WJ5PDK","","23.1","9.3","8.1","760"
"VARIVAS(バリバス) PEライン アバニ ソルトウォーターフィネスPE X8 150m 0.2号 0.2号(5.6lb) クリスタルホワイト","8628","51","","12","¥ 7,978","¥ 7,978","18","B078BT4QFZ","B07L5Y2KMP","11.7","8.6","2.9","60"
"b.ring スマートリング G2 ステンレスモデル ポータブル充電ケース付き/ブラック US9号（日本基準18〜20号/内周60.0mm）","8630","57","","23","¥ 13,200","","1","B0FZJ2RS5G","B0FZH8WDVL","10.3","7.9","3.2","90"
"【防災士監修】YZO 携帯浄水器 災害 浄水器 アウトドア 電動式＆手動2WAY対応 6層ろ過 99.99999%高精度浄水 携帯じょうすい器","8638","68","100","61","¥ 12,348","","6","B0FRR3DCZQ","B0GTXGJZ2R","18.1","13.7","12.2","750"
"シマノ(SHIMANO) ベイトリール 23 カルカッタコンクエスト MD 301XGLH (左ハンドル) ルアーキャスティング","8649","66","","21","¥ 52,839","¥ 52,839","6","B0BSRKPZCW","B0BV6TR1XV","19.4","15","10.4","580"
"バッティンググローブ 大人 ローリングス 野球 手袋 両手 ワークホース ゴートレザー WH25BG レッド L SOLVシール付き","8650","45","","16","¥ 5,499","","2","B0FQ3W9PX1","B0FQ3VH24N","25.9","12.8","3.9","130"
"ヨネックス(YONEX) テニス 傘 一級遮光 UVカット 65cm パラソル 晴雨兼用 ダークネイビー GPS561","8651","57","50","75","¥ 5,285","¥ 5,285","28","B0DNLWGW32","B0H1J9NHLP","84","6","6","300"
"ザムスト(ZAMST) 足首サポーター A2-DX スポーツ全般 バスケ バレー テニス 足関節 固定 内反 外反 Lサイズ 右足用 ブラック 370603","8653","87","50","285","¥ 7,394","¥ 7,394","20","B002VIP6SK","B0FBLZQGBR","25.7","13.4","7.3","272"
"AOHONG HFC-R32フロンガス 10kg NRC容器 冷媒ガス","8654","60","50","68","¥ 24,300","","4","B0CYXRFXCK","","45","25","25","14000"
"スーパータフ(SUPER TOUGH) HERCULES PEライン 釣り糸 8本編み 細かい糸 遠投 pe X8 釣り ライン 高強度 高感度 8編14号914mイエロー","8655","15","","","¥ 7,199","","1","B0FX2Q21N7","B0HBBJTMSL","12.5","12.5","12","557"
"[BSQUAREZ] ラッシュガード メンズ 3点セット 水陸両用 接触冷感 UPF50+ UVカット生地 フード付 上下セット 冷感素材 日焼け防止 長袖 ジップアップ スイミング トレーニングウェア 水着 (ヘザーグレー XL)","8656","53","","69","¥ 5,480","","1","B0F6VH5T2J","B0F6V5RCZB","29.6","21.6","7.5","770"
"ダイワ(DAIWA) ネット/網 ランディングネットFL2 55RC ガンメタ","8661","65","","10","¥ 9,367","¥ 9,367","1","B0D6VY8VMR","B0D6YR9T56","70.1","47.8","5.9","1180"
"DesertFox テント ワンタッチ 3-4人/4-6人用 4000mm耐水圧 テント 前室あり キャンプテント コンパクト軽軽量 撥水加工素材 自立式 二重層構造 4シーズン 簡単設営 初心者向け UVカット 通気防風防雨 収納袋付き (グリーン,Large)","8662","60","50","193","¥ 6,649","","1","B0DBVH24VZ","B0DBVDNKD5","78","16","16","4340"
"BUNDOK(バンドック)ソロ ティピー1 BDK-75B1人用 テント キャンプ&ハイキン シェルター","8663","76","50","854","¥ 7,240","","10","B08VN99N8L","B0B3VPXCD4","44.4","18.7","18.1","2510"
"[E-FIT] スポーツサングラス レディース 薄い色レンズ 偏光 UV400 超軽量 鼻パッド調節可能 イーフィット EF-S207","8663","69","","102","¥ 5,540","","1","B0CQ85R5RS","B0CQ8BZWM6","18.5","11.2","7.2","120"
"EPOCH 2026 NPB プロ野球カード","8667","45","50","1","¥ 8,690","¥ 8,772","2","B0H2CXLVKY","","15.7","15.7","6.5","580"
"Wilson(ウイルソン) バスケットボール バッグ NBA AUTHENTIC(オーセンティック) BAG ブラック (AUTHENTIC)","8675","58","","111","¥ 6,695","¥ 6,695","8","B091MCL6WZ","B0G713QSFV","55.9","35.6","5.8","1043"
"DAIWA MARUESU(ダイワマルエス) 少年野球 軟式 ボール 公認球 J号 (小学生用) 1ダース 15910S ホワイト","8680","93","100","130","¥ 5,800","¥ 6,689","12","B07JQBB89D","","28.5","21.5","7.3","1680"
"【プロアスリート愛用】uFit Vibrating Roller Mini フォームローラー 電動 ミニ 直径10.5cm 痛くない 強力 使い方動画","8680","78","100","394","¥ 12,800","","1","B0BMTS5WJC","B0BQYD3M6X","33.6","15","12.4","1370"
"VOLIX ニースリーブ【補助されているような安定感】筋トレ 7mm 膝サポーター スクワット ウエイトリフティング (赤ロゴ, L)","8681","62","","48","¥ 5,380","","1","B0CWLQ1L8L","B0CWLP6MC5","26.1","20","3.9","320"
"[シーダブリューエックス/ワコール] レディース スポーツタイツ 下半身フルサポート ジェネレーターモデル HZY279 BL S","8684","69","","563","¥ 15,555","¥ 15,833","20","B085SB7JGS","B085SC8MNK","23.2","18.6","2.2","160"
"Black Diamond Equipment Spot 400 ヘッドランプ グラファイト","11125","44","50","452","¥ 8,470","","8","B09NQK2581","","10","8.4","5.1","110"
"DOD(ディーオーディー) ステンレス鋼 ウサシェラノカゾク シエラカップ×4 深型シエラカップ×4 キャリーバッグ の 9点セット SC4-763-SL シルバー サイズ:(約)W17.5×D12.5×H10cm","6994","67","50","385","¥ 7,800","¥ 7,800","8","B09QCC28TX","B0CYBXS253","18.4","13.8","11.2","1070"
"ザムスト(ZAMST) 足首サポーター A2-DX スポーツ全般 バスケ バレー テニス 足関節 固定 内反 外反 Lサイズ 左足用 ブラック 370613","8713","89","100","325","¥ 7,393","¥ 7,393","21","B002VINNIK","B0GYRKGLDX","25.8","13.4","7.3","230"
"GARMIN(ガーミン) GPSランニングウォッチ Forerunner 970 Black 【地図/ロングバッテリー/軽量/高精度GPS/色鮮やかなAMOLEDディスプレイ/フラッシュライト/スピーカー＆マイク内蔵/睡眠スコア・Body Battery/Music機能/Android/iOS対応/Suica機能搭載/防水/日本正規品】","8713","83","50","49","¥ 109,500","¥ 110,722","4","B0F9L4VGQZ","B0FB96W3H4","9.3","9.3","8.4","220"
"[Oakley] オークリー サングラス 0OO9208 RADAR POLISHED WHITE (ポリッシュドホワイト) 日本 38 (FREE サイズ) EV PATH 920873","8721","76","50","625","¥ 23,100","¥ 23,333","10","B079N9G2N7","B0FYVHWQ4J","19.7","11.1","9.2","209"
"Supaliss 懸垂マシン ぶら下がり健康器 懸垂バー コンパクト 10段調節 耐荷重150kg チンニングスタンド 筋トレ 背筋 腹筋 大胸筋","8731","97","200","187","¥ 6,250","","1","B0DJZHWCBP","B0DJZHFGQH","111","36","11","13000"
"Nattork インラインスケート ローラースケート 子供用 大人用 スターシリーズ ピンク S 17.5-20CM","8738","54","","7","¥ 5,780","","1","B0GS8PL8DP","B0GS8LKXVJ","35.5","28","11","2100"
"Wurkkos HD03 クリップライト LED軽量小型懐中電灯-7","9193","38","","762","¥ 7,056","","1","B0F9YJ9TW7","B0FD1BPT3V","12.1","6.2","3.7","100"
"OLIGHT(オーライト) Baton 4 Pro led懐中電灯 小型 ハンディライト 充電式 フラッシュライト","8758","47","","12","¥ 9,085","","1","B0GRV652H7","B0GXTQWF9H","16.1","6.6","3.9","200"
"FIELDOOR クーラーボックス キャスター付き 3層構造保冷 / 2WAYハンドル キャンプ用品 アウトドア キャンプ フェス レジャー 海 運動会 釣り [100L]","8759","48","50","80","¥ 18,500","","1","B00V4PPJE2","B0D8PVJD2Z","90","45","43","8400"
"TOURNAGRIP(トーナグリップ) ト-ナグリップ30XL プロパック ドライ ブルー 99cm×29mm×30本入 US-TG-30-XLPP","7215","54","100","1099","¥ 7,070","","35","B00307BRHA","","11.3","11.1","10.5","231"
"スント SUUNTO RACE S 薄型 AMOLEDタッチディスプレイ GPSスポーツウォッチ 50m防水 デュアルバンドGPS","8787","46","","20","¥ 47,300","","3","B0D7VZFV6R","B0FRGB79BY","23.1","7.9","3.4","280"
"ヨネックス(YONEX) バドミントン ラケット ナノフレア700ゲーム ミッドナイトパープル(339) 4U6 2NF700G","11006","62","","7","¥ 14,957","","15","B0DDFZJ1Z4","B0DHK9FKNK","69","22.5","6","260"
"AKOZLIN 3m×10m 硬式･軟式用野球ネット 野球バッティングトレーニングネットソフトボールバックストップネットヘビーデューティースポーツネットバリア野球ネット裏庭のホッケー、野球、サッカーの練習用の打撃とピッチング","10925","27","","76","¥ 7,320","","1","B0BDK32WGJ","B0B2JWN6J4","40.3","28.5","23.2","2390"
"[スワンズ] スポーツ サングラス 日本製 ミラーレンズ E-NOX NEURON G3 イーノックス ニューロン ランニング マラソン テニス ゴルフ 野球 ENNG3-1701 MBK 大人用 メンズ レディース","8798","61","","7","¥ 13,160","¥ 13,479","22","B0DYV11F1Q","B0GXB2BKNB","17.3","8.3","6.2","80"
"COOSPO X1 自転車 空気入れ 電動 120PSI ロードバイク 電動ポンプ 携帯 気圧表示 米式/英式/仏式 全バルブ対応 超小型 軽量 エアコンプレッサー 日本語説明書","10398","91","100","180","¥ 7,213","","1","B0FCFH3TYZ","","11.3","8.2","3.7","190"
"折りたたみテーブル アウトドア BBQ 折りたたみ 作業テーブル ワークテーブル ダイニングテーブル 耐荷重160kg 多機能 軽量 持ち運び 室内 屋外 ピクニック キャンプ (122x60cm) [並行輸入品]","8805","20","","15","¥ 6,902","","1","B0H41HMBCB","B0H41K46VB","67","65","8","9000"
"YURAGI アウトドア テーブル チェアセット 7点セット キャンプ アルミテーブル椅子 ピクニック ベンチセット ピクニックテーブル 超軽量 折り畳み 組立簡単 収納バッグ付き BBQ バーベキュー テント ガーデン 屋外 キャンプ用品 (ブラック, 7点セット)","8813","44","50","30","¥ 8,359","","1","B0DJJT4TC9","B0DJJBLVD2","72","42","25","15000"
"DABADA（ダバダ） トランポリン 手すり付き カバー付き 大型102cm【耐荷重150kg】 家庭用 折りたたみ 子供用 大人用 エクササイズ (手すり+カバー：ブルー)","16233","6","","233","¥ 7,880","","1","B07JVD3DRL","B07J6BC9JK","96","39","16","11000"
"phiten(ファイテン) RAKUWA ネックレス ワイヤー EXTREME ホワイト 50cm【肩こり】【首こり】【ファイテン先端技術メタックス採用】","9898","44","","51","¥ 7,586","¥ 10,890","12","B0CCTXMY84","B0CCXCR1QK","17.3","10.7","2.1","50"
"ZORVITA 2026年新型 エアーベッド ダブルサイズ 電動ポンプ内蔵 40cm極厚 ハニカム構造 耐荷重350kg エアーマットレス 折りたたみ コンパクト 防水 防災 キャンプ 車中泊 来客用 日本語説明書付き [並行輸入品]","11464","22","","26","¥ 9,499","","1","B0H3H9Z191","B0HF14YV4W","44.7","33.4","18","7670"
"Chefal 開脚チェア 股関節 ストレッチ 器具【1日5分座るだけ！股関節と内ももをしっかりストレッチ】 開脚ストレッチ 器具 (グレー)","8820","68","","58","¥ 8,980","","1","B0FMPVWWSC","B0FMPX4592","48","38","27","1000"
"Naturehike 【GiLing UL/PRO】 テント ソロ 六つ通気窓 1.22kg軽量 コンパクト 暴雨対応 防風 ダブルウォール","11553","34","","3","¥ 28,781","","1","B0GR5CM2MP","B0GR5LDWPD","41","15","15","1830"
"ダイワ(DAIWA)バッグ・タックル収納用品/バッグ セミハードリールケース M(A)SV","8831","55","","13","¥ 6,884","¥ 6,884","18","B0D4TRW5ZF","B0D4YYMYNB","43.3","33.6","11.3","1040"
"TOWILD CL1000 自転車ライト LED フロントライト USB-C充電式 1000ルーメン ワイヤレスリモコン付き ロードバイクライト 防眩レンズ 下付け・吊り下げ対応 自動点灯 4000mAh大容量 IPX6防水 Type-C充電 自転車用ライト クロスバイク MTB 通勤 通学 サイクリング 日本語説明書付き","8836","41","","301","¥ 5,360","","1","B0C6FCMZXV","B0GYMTKFQR","14.3","9.8","4.7","280"
"Dominant-X コット キャンプ アウトドアベッド 超軽量 コンパクト 折りたたみ式 静音設計 耐荷重150kg 防水 通気性 防災 車中泊 枕と収納バッグ付き (オリーブ, 185CM X 60CM)","9579","49","","1297","¥ 6,980","","1","B0981BM5HS","B08FF2Z2G9","55.9","20.9","12.3","2300"
"ダイワ(DAIWA) 振出投げ竿 リバティクラブサーフT 30-450 K 釣り竿","8859","50","","40","¥ 10,311","¥ 11,281","16","B00T4954UO","B09SZWLCJK","113.2","9","6","1050"
"【羽生結弦選手愛用商品】ファイテン(phiten) ネックレス RAKUWAネック メタックス ミラーボール ブラック/ゴールド40cm","8860","75","","1045","¥ 7,980","¥ 10,444","11","B07WBRKSRD","B08XWLVKDC","11.2","11","4.2","60"
"[YONEX] テニス ラケットバッグ 2WAYトーナメントバッグ (テニス2本用) ブラック","8865","40","50","69","¥ 9,935","¥ 10,109","24","B0CCXT7NQV","B0CCXDNH67","78","42.5","5.5","1040"
"シマノ(SHIMANO) ベイトリール 両軸 ジギング 17 オシアジガー 2000NR-HG 右ハンドル","8868","45","","25","¥ 50,840","¥ 50,840","8","B071Z4LF14","B0CLR9F8GQ","19.7","15","10.7","830"
"ZEN Camps Aero Base 電動インフレーターマット 自動膨張 エアーベッド 車中泊マット キャンプマット R値10.7 高断熱 ダブル","8871","10","","4","¥ 27,000","","1","B0H5PS9RT8","B0HBVCTPJ9","57","57","22","5500"
"ER-1106W メガホン","11154","57","","49","¥ 12,000","¥ 12,000","21","B0009VY0B0","B01M1IC350","29","28.8","19.2","1039"
"ヨネックス YONEX テニスボール チャンピオンシップ CHAMPIONSHIP TB-CHS4","8878","51","50","63","¥ 9,362","","5","B08T68Z898","","40","30","25","4600"
"ゴールドジム(GOLD`S GYM) プロレザーベルト G3324 M:75-85cm目安 【中級者~上級者】 革の質・厚み・操作性が良い最上級モデル 腰 体幹 補助 スクワット デッドリフト ベンチプレス シーテッドローイング ラットプルダウン 【ゴールドジム正規品 ゴールドジムトレーナー愛用】 トレーニングベルト","5907","83","50","215","¥ 14,476","¥ 14,476","3","B07N1WHWZG","B0CL3Z3KSN","100","10","3","1400"
"DD Hammocks DD Tarp タープ 3.5 x 3.5 (FOREST GREEN) [並行輸入品]","13160","35","","833","¥ 12,800","","1","B07J6S3RJF","B07MMZ2FMR","29","20.9","10.8","1230"
"GD IRON GRIP 70(S) グリップストレングストレーナー ハンドグリッパー 前腕強化","8900","64","","589","¥ 10,545","","16","B09FPCKW3K","B0D76B6TG4","21.4","12.8","5","660"
"ミカサ(MIKASA) トレーニング用メディシンバレーボール 4号270g(一般・大学・高校生・中学生用) 青/黄 VT400W270 推奨内圧0.3(kgf/cm2)","8905","47","","113","¥ 6,092","¥ 6,092","18","B08TWQQJ17","B0GN6514MK","19","19","19","280"
"【TRUST】トラスト バイソン・V Bison V ゴルフボール｜飛ぶ・曲がらない・止まる｜3ピース・ウレタンカバー・リアクティブコア｜飛距離×コントロール両立｜4ダース","8906","52","","43","¥ 11,800","","1","B0DG61PDG7","B0HCPVKZ86","27.8","19.5","9.9","2560"
"ホンマ ゴルフ ボール TW-X TW-S 2024年モデル 1ダース 12球入り ホワイト イエロー 3ピース ツアー系 スピン 飛距離 ディスタンス ソフト ゴルフボール TOUR WORLD BT2402 本間 HONMA_TW-X_ホワイト(1ダース)","8909","88","100","192","¥ 5,280","","3","B0CTLDN714","","19.6","14","4.7","650"
"マキタ(Makita) 充電式ワークライト バッテリ・充電器別売 ML816","8919","84","100","98","¥ 5,956","¥ 5,956","14","B09TT3MFNJ","","31.1","20.7","9","630"
"シマノ(SHIMANO) エギングロッド 23 セフィアBB ティップエギング R-S66M-S","8921","36","","2","¥ 15,238","¥ 15,786","8","B0CCNMJFJ7","B0CG57YH6W","111","12","9","620"
"AIFY ウエイトベスト ウエイトジャケット 加重ベスト 重量調節可 10kg ウェイトベスト パワーベスト 筋トレ トレーニング ウォーキング ジャケット 肩パッド付き 速乾 通気 負荷運動","8931","58","","176","¥ 5,932","","1","B08835DRPP","B08DFNRP39","40.9","34","12.3","10530"
"シマノ(SHIMANO) 両軸リール 24 オシアコンクエストCT 300HG (右)","8939","70","50","47","¥ 55,613","¥ 55,613","12","B0D65JHFHC","B0D7C4PMP2","16.7","15.3","9.7","620"
"Valleycomfort ボクシング カーブ フォーカス パンチングミット - レザーレット トレーニングハンドパッド、空手、ムエタイキック、スパーリング、道場、格闘技に最適 (パープル)","10752","62","","11809","¥ 8,075","","1","B0F6L1HYGL","B07PGVDHBG","26.5","21.1","18.4","372"
"マタドールポケットブランケット 4.0 - 青い (2-4人用); 軽量レジャーシート ペグ付き; ドライシーティング用コンパクト レジャーシート; 砂がつかない ビーチマット, ピクニックに最適","8958","73","50","731","¥ 5,082","","1","B0C42BLFKT","B0CJ3ZVSQC","17.3","9.6","3.7","120"
"キャプテンスタッグ(CAPTAIN STAG) キャンプ バーベキュー ダッチオーブン 鉄鋳物 25cm シーズニング不要 UG-3046","8959","86","50","1340","¥ 5,073","¥ 5,073","23","B07KM29CQ1","B07X9138WZ","29","28","14","5800"
"KingCamp ゆらゆらハンモックチェア アウトドア チェア リクライニング可能 脱着式フットレスト付き 座り心地最高","8963","43","","205","¥ 11,950","","1","B0CDBVB4ZQ","B0HGR38ZRQ","94","27","18","6190"
"DesertFox テント コット用 テント 1人用 ソロ 4000mm耐水圧 前室あり キャンプ コンパクト 軽量 3 WAY タイプ 撥水加工素材 自立式 二重層構造 4シーズン 簡単設営 UVカット 通気防風防雨 収納袋付き DRZ (深緑, S)","8979","59","50","85","¥ 7,997","","1","B0DM821SPL","B0GCF7Q41H","44.6","16.1","15.9","3170"
"[ドレス] レインブーツ エアボーン ワイド 27cm ブラック フィッシングブーツ ウェーディングブーツ 長靴 マリンブーツ 完全防水 撥水 渓流 磯 滑らない","8980","30","","303","¥ 5,753","¥ 5,753","2","B0H68NBXGZ","B0H6HGWZLF","34.9","18.2","11.2","1730"
"吊り輪,5BILLION 木製体操吊り輪 - オリンピック体操リング 調節可能な長いバックルのストラップ - 自宅のジム ・ フィットネスのためのトレーニング - あなたの筋肉のアップ、プルアップ ・ 筋力トレーニングに最適 (28mm DIA)","8981","64","50","453","¥ 5,199","","1","B0756TBYQG","B07H7CV4KQ","24.7","24.6","7.8","1220"
"[ヒュンメル] ハンドボールレフェリーシャツ HAK3005 ライトグリーン(52) O","8988","21","","","¥ 7,880","","2","B0BG2J1X27","B0GCD8R5K1","37.5","25.1","4.6","250"
"BAGIL野球ネット ベースボールネット 練習用 バッティングネット ピッチングネット スチール製 野球器具 硬式/軟式対応 打撃 投球 防球ネット ソフトボール練習ネット トレーニング 組み立て簡単 折り畳み 収納バック付き 室内 屋外用 レッド","8991","22","","7","¥ 7,399","","1","B0DX1XSF35","B0DX1ZNR7P","115","16","14","6020"
"車載 ロッドホルダー 角度5段階調整可能 釣り竿 適合車種例 ジムニー エブリイ ハイゼッNV100 N-BOX クリッパーリオ 等","8996","57","50","46","¥ 12,864","","1","B0FWQ16Y5V","B0FWQH9YQF","81","25.2","9","4060"
"マクセル(maxell) EMS運動器 「もてケア」4極タイプ MXES-R410S","8997","55","50","55","¥ 8,418","¥ 8,418","4","B0BRPX7BW3","","31.1","22.1","6.1","640"
"CHASO キャンプバッグ ソフトコンテナ 折りたたみ ギアボックス カーゴ ツールバッグ 収納 ブラック 60L","8998","34","","28","¥ 5,382","","1","B0GWN8K14G","B0GWMXTQBJ","53.4","41.3","8.4","1710"
"Springhill アウトドアストーブヒーター 小型 コンパクト キャンプ暖房ストーブ 軽量 携帯用暖炉 寒さ対策 取っ手付き 収納袋付き","9000","39","","46","¥ 10,999","","1","B0GCZHTWXV","","28.5","23","14.5",""
"YODMAY フォームローラー 電動 ストレッチポール 5段階調整 双方向回転 三角スタンド型 滑り止め ヨガポール 筋肉ほぐし パワフル振動 Type-C充電 バッテリー残量表示 スポーツ フィットネス ピラティス 自宅 オフィス ジム 男女兼用 日本語マニュアル付き","9002","49","100","33","¥ 7,731","","1","B0H59D1K3X","","33.7","25.8","19.3","2430"
"SILLAID GW20 ゴルフ距離計 腕時計 47.5mm【今平周吾プロ推薦】","13038","80","100","85","¥ 28,980","","1","B0GWV74LSZ","","10.3","10.3","8.1","240"
"COOK'N'ESCAPE キャンプ 包丁まな板セット チタン ウォールナット ナイフ 調理器具 アウトドア料理 ソロキャンプ","9654","66","50","70","¥ 6,480","","1","B0CP5NRLWS","B0DVRJZDSJ","23.8","14.8","4.8","580"
"Bonarca ハンモック 自立式 【落ちない！至福の寝心地】 室内 折りたたみ コンパクト 屋外 大型 スタンド 布 収納袋 付き","7261","30","","22","¥ 7,800","","1","B0H4QMMXFD","B0H9YGPNCG","114","21","15.6","9750"
"ダイワ(DAIWA) PEライン UVF紅牙デュラセンサーX8+Si2 0.8号 400m 5カラー(カラーマーキング付)","9012","88","","83","¥ 5,302","","2","B07R7XXD75","B08WB7KRF5","11.8","8.5","1.9","40"
"MKS(三ヶ島製作所) 自転車 ペダル ALLWAYS Ezy Superior (オールウェイズ イージースーペリア) ブラック","9020","45","50","222","¥ 11,337","¥ 11,337","10","B07FFPLDKQ","B07FW1B2WG","14.7","13.3","8.5","540"
"SANYCASA キャリーワゴン 大容量300L アウトドアワゴン 耐荷重250kg【荷室の長さ110cm・コンパクト収納】キャリーカート折りたたみ 10cm大型タイヤ ブレーキ付き キャンプ カートサイドポケット付 長物対応 自立収納 ワンタッチ収束 丈夫スチール製 キャンプ 荷物運び 買い物釣り イベント 引越し ゴミ出し 運動会 子供乗せれる","9027","21","","3","¥ 10,980","","1","B0GX8D45YN","B0HGRJ9J3L","57","33","25","10000"
"ACDelco ACデルコ マリン用ディープサイクルバッテリー Voyager メンテナンスフリー M27MFKB 保証期間:通常1年を1.5年に延長","7832","65","100","64","¥ 19,030","¥ 19,030","1","B0FCQPCPP8","B0FPCKB7ZG","32","23","17","23300"
"MORGEN SKY ライフジャケット フローティングベスト ネオプレーン 男女兼用 高浮力 BJS003 (グリーン, XL)","9033","41","","30","¥ 5,899","","1","B0F53GXQGS","B0F53B3MQG","41.7","32.8","12.3","800"
"山真製鋸 (Y's GOD JAPAN)アイスマン チャージボトル モンスターマックス W1 5.0 (1,000ml) 1箱(2本入り) ICM-MX5-W1-2 2026年モデル アイスマンプロX用 ハードタイプ ボトル 保冷剤 ICE-MAN 大容量タイプ (【5箱(10本)セット】)","9568","31","","20","¥ 10,980","","1","B0H6PZHSK5","B0H6PYHRV2","24.8","11.6","10.4","360"
"LEESA キャンプ テーブル アウトドアテーブル メッシュ 高さ2段階調整可能 ローテーブル ハイタイプ テーブル 折りたたみ式 熱・水に強い 軽量 組立簡単 コンパクト 携帯便利 屋外用物置き 収納袋付き (90X40X56cm)","9039","65","50","84","¥ 5,666","","1","B0D7BTT84G","B0GDQBMLMS","42.9","35","11.4","3240"
"イカリ消毒 シロアリハンター業務用 12個入 シロアリ駆除剤 設置タイプ 巣ごと駆除 ペットに安心 最長2年 大容量","9039","49","50","1727","¥ 5,303","¥ 5,515","11","B0DZ2FRCZH","B09CXGX1M4","21.7","14.2","7.1","570"
"26年NEWモデル 運動記録アプリ付き Linne ワイド ツイストステッパー Curvis(カーヴィス) ツイスト角度最大級30度 ステッパー 静音 連続使用60分 木目調 コンパクト 筋トレ 有酸素運動","9043","40","","30","¥ 13,583","","1","B0GCHRDX7N","","55","33","28.5","9620"
"ダイワ(DAIWA) ２０クレスト ＬＴ４０００－Ｃ","9046","60","","60","¥ 6,402","","9","B089N6JZJW","B08HZY657D","13.5","13.3","9.3","360"
"バタフライ(Butterfly) 卓球 ラケット SK7クラシック-ST シェークハンド ストレート 攻撃用 36884","9051","43","","139","¥ 5,785","¥ 5,785","29","B06XBB2KN7","B0GXZ825JC","31","18.5","3.5","240"
"TOSHIBA(東芝) 携帯おしり洗浄器 大容量約200ml 災害 防災グッズ 電池式 アウトドア 旅行 クリーンウォッシュ SCP-WZ1(K)","9054","9","100","20","¥ 9,980","¥ 9,980","1","B0G29YXXKS","B0GWHZ4BJF","24.7","7.5","6.8","360"
"ダイワ(DAIWA) クーラーボックス クールライン SU800X ホワイト 釣り 小型 8リットル","9055","97","50","188","¥ 12,042","¥ 12,042","1","B0079LTXYC","B08CXZS9P1","43","27.5","26.4","2240"
"COROS（カロス）PACE 3 ランニングウォッチ スポーツウォッチ 30g超軽量 2周波高精度GPS搭載 17日間日常稼働 ルートナビ トレイルモード対応 音楽 5ATM防水 【日本正規品】","9065","81","100","2250","¥ 29,700","","1","B0CFQQ9FDL","B0DFY52BQW","11.7","9.7","9.4","168"
"AbuGarcia (アブガルシア) システムバックパックコーティング グレー","9067","52","","205","¥ 7,470","¥ 7,470","17","B0BMYWMKNH","B0C9SRSKTJ","51","38.3","9.5","960"
"(GD) GRIP PRO-E ハンドグリップ 握力トレーニング リハビリ器具 男女兼用 8~36kg 手首付け","9068","68","","3218","¥ 6,952","","61","B01ABN0X8O","B08RG2SCF4","21.5","16.4","3.5","180"
"キャンパーズコレクション(Campers Collection) [ 山善] タフライトアクションテーブル ブラック TAT-8640(MBK) 本体サイズ:幅87.5×奥行40.5×高さ35.5/50/60cm","9073","99","50","426","¥ 7,967","¥ 7,967","5","B094Q3VYF6","B0D6N8DLQ8","46.6","43.4","9.9","3450"
"MOTOSTAR 野球ネット 練習用 バッティングネット 改良 反射ストラップ付き ピッチングネット スチール製 野球器具 硬式/軟式対応 打撃 投球 防球ネット ソフトボール練習ネット トレーニング 組み立て簡単 折り畳み 収納バック付き バッティングティー付き 室内 屋外用 セット","9075","66","","22","¥ 8,679","","2","B0F5Q6HGH9","B0GV764JMX","115","15","15","6000"
"野球 久保田スラッガー 木製 フィンガーノックバット BAT-83 バット 硬式 ノックバット 高校野球 硬式野球 835ホワイト×ブルー×シルバー A/89cm","11808","29","","16","¥ 7,227","","1","B0DV8Z6JYK","B0CM2TJQP8","96","8","7.5","700"
"ドレス(DRESS) リール ディスプレイ スタンド スピニングリール リールスタンド 収納 保管 乾燥 鑑賞","9078","54","","84","¥ 6,600","¥ 6,892","4","B08PBDPBZX","B0D87PT2JH","56.8","19.2","6.8","2580"
"Nagikoku クーラーボックス ソフトクーラーボックス 最強 30L 大容量 折りたたみ 保冷バッグ 多層断熱 防水 軽量 キャンプ/釣り/BBQ/運動会/お花見/部活や買い物 （ブラック&30L）","14778","67","","24","¥ 5,980","","1","B0GVY4734G","B0GVY1V9FK","41.7","30.7","7.8","610"
"笑's コンパクト焚き火グリルB-6君 3点セット(B6君/専用ハードロストル/グリルプレート)SHO-002, 炭, バーベキュー, 卓上, 小型, 軽量, コンパクト収納, ステンレス, 焚火台, 日本製, 工場直売, FACTRY PRIDE","9083","43","50","1378","¥ 7,920","","3","B00KKQASKQ","","22.9","15.5","4.4","1270"
"アルミポール AVOFOREST タープポール 直径19MM 2本セット (灰色2本セット) (グレー)","9085","61","","95","¥ 7,227","","1","B0FNW3NR91","B0GTM1YJHZ","44.5","8","7.4","930"
"[ルコックスポルティフ] 二層式保冷カートポーチ ゴルフ LG6STT40M NV01 F","9881","11","","14","¥ 5,643","¥ 5,643","6","B0GF256Y5G","B0FCGBR1N6","37.7","23.3","16.5","360"
"Wilson Basketball NBA DRV Pro Eco Gen Green アウトドア タックスキンカバー 再生ゴム使用 サイズ:6 ミント","9093","41","","30","¥ 18,991","","1","B0BRQV73B8","B09456V94S","26","25","24.9","730"
"PIVOT-GEAR スライドボード トレーニング ハイグレード版 ZEROEX 下半身トレーニング器具 スライディングボード 180 白透明","13036","42","50","133","¥ 8,930","","1","B0BBZKZZJV","","60.2","18.5","14.3","1820"
"OGK技研 オージーケー技研 自転車 リヤチャイルドシート用レインカバー RCR-011 roof kids(ルーフキッズ) カラー：チャコール","9102","69","","113","¥ 10,211","¥ 10,211","17","B0BW8L2LRB","B0CSD3H3F7","44.1","42.2","10.9","1320"
"ONETWOFIT トランポリン 折りたたみ式 手摺付き 8本脚 静音設計 耐荷重150kg 直径102cm バンジーコード式 ｜ゴム式トランポリン｜金属音ゼロダ｜イエット・エクササイズ・筋トレ｜トレーニング器具 ｜初級者～上級者対応｜室内外両用｜5段階クイック調整｜大人・子供も安心｜簡単組立・省スペース収納｜洗濯可能｜レッド","9109","42","","2446","¥ 8,850","","1","B0GT8XQV1C","B0GMZ2HW2M","83","45","11","9100"
"ダイワ(DAIWA) 万能ルアー(トラウト・アジング)ロッド ルアーニスト 56UL 釣り竿","9111","82","","93","¥ 7,468","¥ 7,468","15","B07CZ5LLXZ","B09VPM35V1","93","9","6","500"
"【アワード受賞・人気ブランド】BARWING(バーウィング) フィットネスバイク スピンバイク トレーニングバイク 静音 折りたたみ 組み立て簡単 エアロ バイク 高齢者 コンパクト リカンベントバイク 高負荷 (ブラック)","10712","72","","791","¥ 16,800","","1","B0CMTF1K94","B0GYJVP3QK","91.5","37.5","25.5",""
"Coleman(コールマン) アウトドアワゴンテーブル キャンプ アウトドア 折りたたみ 軽量 コンパクト","9114","85","100","14","¥ 5,940","¥ 5,940","2","B0FWHS192C","","54.1","51.7","7.8","3230"
"Shot Navi(ショットナビ) ゴルフ レーザー距離測定器 VoiceLaser GR Leo【キャメル】 ２色表示 緑・赤色OLED 超高速0.1秒計測 軽量 安心の日本製 6倍ズーム 1000y計測 高低差 充電式 レーザー距離計測器","11560","42","","54","¥ 27,677","¥ 32,400","8","B0CQWQPF8W","B0F8HLXN6P","12.1","8.7","8.3","300"
"KABUTO(カブト) 自転車 ヘルメット AERO-R2 マットアクア サイズ:XS/S (頭囲:54cm-56cm) JCF公認","16375","35","","302","¥ 18,800","¥ 23,484","9","B0CZ34W9T5","B09WZW4GZV","33.2","26","19.1","850"
"カッターズ (CUTTERS) バッティング グローブ 手袋 B353S プライムヒーロー3.0 ソリッド 両手用 野球 ソフトボール S ブラック","9116","46","","50","¥ 5,412","","2","B0CV3BQ7K4","B0F6LZTMY1","25.5","13.9","3.3","120"
"キャロウェイ(Callaway) クラブケース SPORT CLUB CASE CAMO 25 (5～6本収納可能 47インチ対応) カモ メンズ","9127","44","","14","¥ 7,000","¥ 7,000","8","B0DQTJP3XH","B0DSL7BBZN","67","28.6","9.2","470"
"ポータブルシャワー【13000mAh-一体型】Tipkook 電動シャワー 20L折り畳み式バケツ型アウトドアシャワーポンプ USB充電式 5段階のスピード調整 デ ジタル画面 水流量無段階調節 収納袋付き アウトドア 簡易シャワー キャンプ 屋内 屋外 浴槽から汲み上げ 海水浴 サーフィン 旅行 水遣り 洗車 植物潅水 ペットシャワー 防災 停電時用","9131","89","200","259","¥ 7,299","","1","B0GL8DSC8B","B0GWLZKZ5Z","42.5","32.7","10.5","2430"
"スポルディング ケイジャー 40-007GD ブラック×ゴールド 32L","9137","44","","308","¥ 10,390","¥ 10,570","15","B00B4LI182","B086DTF8W2","61.6","41","9.6","920"
"UNICOM(ユニコム) ポケットオキシ 圧縮型酸素ボンベ 10L 【３本セット】","9143","42","50","87","¥ 5,450","","8","B00GB8J3FS","","16.3","13.3","4.4","480"
"シマノ DURA-ACE デュラエース R9100シリーズ ペダル PD-R9100 33604","9144","87","50","525","¥ 21,717","¥ 22,991","11","B01IQL2822","B0BL33FV8S","21.1","11.7","6.2","460"
"イエスフォーオール(Yes4All) ワークアウトウェイトバー トータルワークアウトバー ストレッチウェイトエクササイズバー ブラック エアロビクス ヨガ ピラティス クロスフィット機器用 11.3kg 【日本正規輸入品】 QUXU","9148","36","","1237","¥ 6,429","¥ 6,429","1","B06XKB8LNR","B0H7RLQVBV","125.1","8.9","5.2","11725"
"ABUS(アブス) 信頼の100年続くドイツブランド 自転車 鍵 ロック ロードバイク鍵 ブレードロック ボルドーライト 盗難見舞金制度 85cm ダイヤル式 [BORDO LITE 6055C] マウント付き 【日本正規品】","9160","58","50","129","¥ 8,470","¥ 8,470","1","B08YYGDMCH","B0D83JX3JC","24","15","5","660"
"Coleman(コールマン) テント BCクロスドーム 270 グリーン 4〜5人用 2000038429 キャンプ 防災 組み立て簡単 前室付き ４～５人用 耐水圧1500mm キャノピーポール付属 ペグ、ロープ、ハンマー、収納ケース付属","9169","72","200","653","¥ 19,012","¥ 19,012","10","B08QS2P24F","","70.8","23.3","23.3","9970"
"Mixiu 折りたたみ自転車 20インチ/24インチ 軽量 素早く折畳可能 P-O9 折り畳み自転車 シマノ 7段変速 高炭素鋼フレーム 通勤 通学","11034","44","","33","¥ 15,980","","1","B0F2T8WTJS","B0F2TCVZL9","86","71","35","12000"
"RELANESS CurvyBar 飾れる ダンベル 1kg/2kg/3kg/4kg/5kg【お風呂で使える/インテリアに合う】2個セット 筋トレ 鉄アレイ ソフトコーティング dumbbell set RE102","9170","45","","225","¥ 5,990","","2","B0D3L5QWQ5","B0D4V63LQQ","33.6","22.2","10.6","10430"
"PROIRON ウェイトベスト8kg 重り ベスト トレーニング ベスト 重り 加重ベスト 水洗い可能 超快適 夜間安全反射","8120","38","","200","¥ 5,933","","1","B095337ZBT","B09532ZVJT","50.8","39.2","6.7","8900"
"ダイワ(DAIWA) バッグ サイドフィットバッグ(D) ブラックP","9175","43","","14","¥ 6,535","¥ 6,535","7","B0DVYPX8RW","B0DYJ1BJSR","46.1","35.3","15.3","680"
"[藤田光学] 調光偏光サングラス メンズ 運転用 ドライブ 釣り スポーツサングラス スクエア 自動調光レンズ UVカット 99% 紫外線対策 車 自転車 ランニング ゴルフ 軽量 ケース付き (オーバルデミ/ブラウン)","8001","38","","101","¥ 5,500","","1","B0F3CWQ394","B0H2LMZWPR","17.3","8.2","3.2","90"
"旭電機化成(Asahi Denki Kasei) 防雨 ハンドメガホン AHM-201 オレンジ 径14×長さ20.5×把手部11cm","9188","56","100","46","¥ 5,500","¥ 5,500","11","B08L1HZGT3","","26.3","14.3","14.1","600"
"Rawlings(ローリングス)野球 打撃練習用 バッティングティー プロモデル PROTEE-JP (約)66~99cm(ティ-トップ高さ) 調整可能","9192","77","100","157","¥ 5,470","¥ 5,470","9","B07T2ZPJMG","","45.7","29.8","5.6","3220"
"ダイワ(DAIWA) クーラーボックス/釣り/アウトドア プロバイザーREX(レックス) ZSS2200 ゴールド","9193","71","","11","¥ 40,407","¥ 40,407","17","B0BZNQ3G9M","B0CWTVMMYV","56.4","41.2","36","6950"
"Eisenlink 可変式ダンベル 四角mini 1kg刻み 4~16kg 16kgx2 純鋼製","9202","66","","167","¥ 25,499","","1","B0CX4GPDRK","B0BY7ZP13G","40","36","23","33500"
"Ceritica 釣りボートロッドホルダー 可折りたたみ 360°回転 竿受け 釣り竿ブラケット 釣り竿ホルダー ロッドキーパー ロッドスタンド 竿置きホルダ (タイプC)","9203","8","","11","¥ 7,199","","1","B0HBVH4W73","B0H6ZYMTSF","20.8","14.3","6","830"
"BARWING(バーウィング) トレーニングベンチ インクラインベンチ 折り畳み デクラインベンチ フラットベンチ 角度調節簡単 収納便利 アジャスタブル ベンチプレス 筋トレ (1.ノーマル)","9204","84","50","1350","¥ 10,800","","1","B07LG43RF3","B0FR7X9CVT","106","30","24.5","15800"
"VENTLAX キャンプマット エアーマット インフレーターマット アウトドア 極厚 8cm 特大バルブ2個搭載 波状ウレタン キャンプ 車中泊 防災 (オールブラック)","9207","49","50","2790","¥ 6,980","","1","B092S6GRZ8","B08TLW93GK","66","22","16","2350"
"[YONEX] テニス ラケットバッグ トーナメントバッグ テニスラケット2本収納可能 BAG2401W ダークグリーン","9721","68","","220","¥ 11,533","¥ 12,152","30","B0FPJRB81D","B0FQMTJ5RN","84","39","12.5","1200"
"おり釣具 ランディングネット 3点セット BLUE LARCAL カーボン 玉の柄 6ｍ／5.5ｍ／5ｍ + ランディングネットＬ／Ｍ + タモジョイント (sip-netset) (5ｍ／ブルー, ネットMサイズ)","14770","20","","747","¥ 11,699","","1","B07PNZJBHH","B0BNWTYLCT","58","46","5","1380"
"Nebio(ネビオ) トランポリンクッション 58×58cm 大判 ポケットコイル 高反発 安定感 大人用 子供用 子ども用 静音 室内用 インテリア オットマン おしゃれ 洗えるカバー 洗濯 運動不足解消 持ち手付き トランポリンキューブ","10194","20","","35","¥ 6,980","","1","B0BPWZ9SBQ","B0BPX1RPWY","60","60","20","4100"
"[コラントッテ] TAOネックレス スリム AURA mini シャンパンゴールド×ラベンダーラメ M 43cm","9227","102","50","172","¥ 23,000","¥ 23,000","14","B0CWVFFQ4Q","B0CWYH8D49","18.2","16.2","2.2","80"
"DesertFox キャンプテーブル アウトドア テーブル 折りたたみ 120/180CM 3段階高さ調整可能 ピクニック レジャー キャンプ用 折畳み コンパクト 収納 簡単組立 009 (ヴィンテージウッド，180cm×1)","9228","57","50","138","¥ 6,649","","1","B0GVDL73VY","B0GVDTYTCV","64","62.5","11","7100"
"HEIGHTEN 105/115/120mm リール ハンドル 27mm TPE製ノブ搭載 シマノ ダイワ アブガルシア 通用 ベイトリール 用 TPE Arch Series (ブラック＆白色 - 変色, 120mm) (HT28002)","12841","10","","3","¥ 5,690","","1","B0H3PZ1DX1","B0H3QJD7RK","12","4.9","2","54"
"マッスルジョッキ ダンベルジョッキ 4kg 6kg 8kg 10kg 12kg 重いジョッキ 304ステンレス 筋トレ 腕力強化 前腕 二頭筋 トレーニング 10キロジョッキ 大容量 スポーツボトル おもしろギフト ホームジム オフィス 家庭用(12KG)","16429","27","","3","¥ 19,888","","1","B0H2D9S7NS","B0H2D8J3ZP","1","1","1","900"
"ダイワ(DAIWA) 波止釣り・海上釣堀・磯竿 リーガル 遠投 3-53遠投 釣り竿","9243","48","","49","¥ 14,245","¥ 14,056","9","B00MTT2EH2","B09SZWQCTG","114.4","8.8","5.5","900"
"テーラーメイド(TAYLOR MADE) Qi35#3 Dia BL TM50 SR キューアイ サーティファイブ フェアウェイウッド メンズ フレックス：SR 番手：#3 RH シャフト：2025 Diamana BLUE TM50","9254","52","","13","¥ 29,502","","4","B0DQ83C1L6","B0DSZDY1PB","116","16","11","400"
"GO!GO!DUCK あにまるずヘルメット 自転車用 SG XS/S アザラシ","10178","32","","1","¥ 5,431","¥ 5,431","2","B0GWGZJLWB","B0FM1YBXTD","24","19","19","250"
"MERACH エアロバイク フィットネスバイク アプリ連動 ZWIFT Kinomap対応 ハイエンドモデル マグネット式 静音 無段階負荷調整 カップ ダンベル タブレットホルダー付き サドル・ハンドル調整可能 スピンバイク ルームバイクトレーニングバイク 組立簡単 移動便利 室内自転車 家庭用","9260","55","50","1260","¥ 26,599","","1","B0D1R4D3L3","B0GV4N6HTP","98","76","20","31000"
"KT TAPE キネシオロジーテープ PRO150 JUMBO (プロジャンボ) プレカット (5cm×25cm) 150枚入 選べる10色 スポーツテーピング はがれにくい 水に強い フリーサイズ 肌に優しい リカバリー 10色展開 エピックパープル","11471","14","","174","¥ 14,252","","1","B00GJCHZLA","B0D1X662FS","19.9","19.3","5.9","742"
"ゴールドジム(GOLD`S GYM) プロ トレーニンググローブ XXL G3402 【初心者~上級者】 フィット感に優れ握りやすいエルゴグリップ形状 ベンチプレス バーベルカール【ゴールドジム正規品 ゴールドジムトレーナー愛用】 手の保護","11552","21","","223","¥ 5,212","¥ 5,212","1","B00DYZ67GE","B0H6JP2FJ8","25.6","12","4.7","90"
"GOGlamping テントフライシートのみ SKY EYE CT FLY【SKY EYE CT 自立式 コットテント TC 専用】ツーリングドームテント/カンガルーテント用フライシート 【TPU 天窓+サイドウォール付】 ソロ 1人用 防水 前室あり 前後開閉可能 ベンチレーション付き 耐水圧3000mm アウトドア キャンプ用品 ブラック","9268","56","50","114","¥ 5,584","","1","B0CR9ZBT83","B0DSC3LC9X","35.7","16","15.5","1620"
"【3本セット】MARMOLE 防犯スプレー 熊よけスプレー 動物撃退スプレー 熊対策 イノシシ 鹿 猿 忌避 アウトドア 登山 キャンプ ハイキング 防災用品 携帯用 日本正規品 熊撃退スプレー・くま スプレー・熊スプレー・防犯グッズ・護身用グッズ 護身用グッズ(3)","10155","37","","46","¥ 9,717","","1","B0GRVCGVMS","B0GSV9DJLW","10.5","8.7","3","100"
"ギムニク(GYMNIC) ギムニクPLUS(プラス) 55 ライムグリーン LP9539 イタリア製","9288","47","","132","¥ 5,999","","1","B00N3OLVCQ","B07KFJPCWX","32.4","23.3","12.6","1090"
"CHILLSUN エアーベッド シングルサイズ 電動ポンプ内蔵 キャンプ マット 高耐久 フロック表面加工 長さ190×幅99×厚さ33cm 耐荷重250kg 空気ベッド 快適な寝心地 折り畳み 収納袋付き キャンプ 予備ベッド 来客用 家庭用","9292","59","50","1604","¥ 6,649","","1","B0GPWNTC8B","B0BY8JJTV9","35.4","34.4","16.4","4670"
"GULL ガル ショートミューブーツ 24cm GA-5655A ダイビングブーツ","9303","41","","26","¥ 5,870","","7","B0BYNH9G6S","B0BYRSJG9Q","28","15.7","11.3","370"
"シマノ(SHIMANO) スピニングリール 26ナスキー C3000HG","9315","133","100","17","¥ 10,944","¥ 10,944","15","B0G4M48NGV","","17.5","13.6","9.2","370"
"GOGlamping コットテント1人用 セット【SKY EYE CT】と【SKY EYE CT FLY 】自立式 コットテントTC素材 専用防水テントフライシート メッシュ/TC出入口と窓 【TPU天窓+サイドウォール+前室】前後開閉可能 ベンチレーション付き 耐水圧3000mmフライ オールシーズンテント 初心者向けキャンプ","9316","19","","1","¥ 14,367","","1","B0H33PCNXV","B0H33BP5PG","50","30","15","3600"
"[コラントッテ] ループ LUCEα CO磁気ループP100 サイズ18.5cm","9318","96","50","116","¥ 12,000","¥ 12,000","8","B0CWVF2D3L","B0CZ18QC2B","12.7","12.6","2.4","80"
"RAVEMEN FR1100SE 自転車ライト 1100ルーメン サイコン重ね取付 Garmin Wahoo Bryton対応 最大46時間","9328","66","100","41","¥ 6,497","","1","B0GV3PB675","","15.9","9.9","3.4","180"
"シマノ(SHIMANO) ルアー ソルトプラグ オシア バブルディップ 220F フラッシュブースト 007 Tイワシ 220mm/93g XU-P22T","9331","24","","244","¥ 6,080","","1","B09RFCFQQ2","B08P4XYP1F","27.6","7.4","4.1","140"
"ダイワ(DAIWA) クーラーボックス 部活/キャンプ/アウトドア/釣り ミニクール2 SU850 ホワイトシルバー","9332","58","50","8","¥ 12,676","¥ 12,676","2","B0GFKWTR2N","B0H9PGVZK6","34.7","34.1","25.2","2780"
"BAGIL野球ネット ベースボールネット 練習用 バッティングネット ピッチングネット スチール製 野球器具 硬式/軟式対応 打撃 投球 防球ネット ソフトボール練習ネット トレーニング 組み立て簡単 折り畳み 収納バック付き ９マス枠+口字型枠付き室内 屋外用 セット（丸穴/レッド）","9333","50","","15","¥ 7,139","","1","B0CPSF4723","B0DJSZ3ZY7","116.5","15.5","14.2","7030"
"Naturehike 公式 エアーマット インフレーターマット 自動膨張式 超軽量 490~740g R値2.1 ≥-6℃ スポンジ 新型加工 コンパクト耐水加工 キャンプ マット 車中泊 テント泊 キャンプ用 防災用 家庭用 来客用 収納袋付き","10798","39","","61","¥ 6,791","","1","B0DSW69TDW","B0GQH7QKFL","29.1","14.2","14.1","700"
"ABCCANOPY タープテント 3mx3m 2.5mx2.5m 横幕4枚（サイドシート3枚 ドアシート1枚付き） 大型テント 6-8人用 タープ テント 日除け タープ 遮光 遮熱 ワンタッチテント てんと テントタープ 3段階調節 丈夫 スチールフレーム イベントテント アウトドア キャンプ 運動会 祭り用 キャスターバッグ付き レッド 3m","9345","35","","7077","¥ 35,900","","1","B07X2G7H19","B0GXT6YKBV","160","32","28","30000"
"ライペン（ARAI TENT） ビバークツェルト・ソロ キャンプ&ハイキング","11823","44","50","96","¥ 8,250","","4","B00I5GSK9Y","","10.6","7.8","5.6","80"
"Mesqool (メスクール) 防災ラジオ 5種類の電源 5000mAh サバイバルラジオ ソーラー 手巻きハンドル ポータブル NOAA/AM/FM/短波気象ラジオ バッテリーバックアップ 手巻き式ラジオ 携帯電話充電 懐中電灯 SOS","9354","63","","6071","¥ 12,396","","3","B0CZ3QQMNW","B0DB82MXJM","19.1","12.2","9.1","522"
"プロモンテ(PuroMonte) キャンプ アウトドア マット エアマット135 PMT135 Mグレー(MGRY)","9359","59","","19","¥ 8,190","¥ 8,936","7","B0B4BQWT8D","B0D6MZBHJF","32.8","14.3","11.8","370"
"J&S Sporting スパイダーグリップ 野球 ソフトボール バッティンググローブ メンズ 子供用 (アメリカ国旗、XL)","9362","27","","172","¥ 7,065","","1","B0CRY971SP","B0C5PGT8ND","26.8","13.3","2.3","100"
"大晃機械工業 2口ダイアフラムブロワ 緑 TIP-100T (TKO-100Tの後継機種) 浄化槽ブロワ―","9375","46","","11","¥ 38,364","¥ 38,364","1","B0BYCZDQN1","B0FK93MDB9","33.8","22.1","21.7","8810"
"ダイワ(DAIWA) スピニングリール 24LUVIAS(ルビアス) ST SF1000S-P","9376","89","","10","¥ 33,430","¥ 34,765","25","B0DTYK65BZ","B0DVLYWRXW","16.1","14.3","11.1","370"
"OneTigris DYNISLAND エアーマット インフレーターベッド 201*132cm オートキャンプ ツーリング レジャー用（グレー）","9379","52","50","237","¥ 20,477","","1","B0DH2GC12T","B0HFJ5BD8F","68.8","29.8","27.3","5440"
"オデッセイ(ODYSSEY) 右用 パター MICROHINGE 2-BALL V-LINE ダブルベント (マレットタイプ Odyssey Steel 34インチ) スチール メンズ","10143","51","","11","¥ 20,582","¥ 20,582","6","B0DJNJZ6GY","B0DS6DFL5R","89","13","11.6","660"
"MOTORI トレッキングポール【超軽量169g】【カーボン】3段伸縮式 登山杖 2本セット 萌黄","13080","27","","383","¥ 5,848","","1","B0CYYZ6DT2","B0CRHYDL34","71.8","7.7","7.5","650"
"ダイワ(DAIWA) モバイルパック 765TMB・Q ブラック","9394","24","","12","¥ 16,116","","7","B09R46T986","B09SG4Q1GP","63.8","9.1","6","490"
"ドクターエア 公式ストア 3Dマッサージロール フォームローラー マッサージローラー 筋膜 筋膜ローラー 筋膜リリースローラー 電動 パワフル振動 肩 背中 腰 足 筋膜リリース 母の日 父の日 敬老の日 誕生日 プレゼント ギフト MR-02 PK","9401","72","","201","¥ 14,850","","3","B0B7MH8K5P","B0D6QL2BGD","42.1","21","10","1380"
"Imgokaha カーボン テントポール タープポール コンパクト 軽量 2本セット","12642","32","","15","¥ 9,333","","1","B0FR4D54PJ","B0FR4DD6W1","65","8.6","4.5","1280"
"ALPAKA HUB Carabiner カラビナ キーホルダー キーチェーン","9424","55","","361","¥ 5,500","","1","B0FSWH5PRT","B0FLTFW3RW","20.4","10.7","2.1","40"
"FIELDOOR トップカバー 天幕 2.5×2.5m タープテント専用 UVカット 高耐水 ※トップカバーのみ [ライム]","16332","23","","270","¥ 5,100","","1","B01GZTQB9I","B07CWSSMWT","38","33","9",""
"AVANT GARDE（アバンギャルド）LightTrend COMPACT アウトドアチェア キャンプ 椅子 折りたたみ ローチェア","9429","40","","","¥ 10,384","","1","B0G44M1HLN","B0GTMFTHWS","28","12","5","300"
"【REFREEZE(リフリーズ)】 3.6×1.8m ポータブル サッカーゴール 収納バッグ付き","13018","49","","147","¥ 12,980","","1","B0B49CQ444","B0CVR81XWR","98","19","10","6500"
"リーフスローフォール タイプC メタルジグ 300g 全色5個セット ルアー ジグ ジギング シンカー 釣り具 スロージギング カンパチ ハタ クエ 根魚 カサゴ BAKSTORM バクスト","11698","16","","47","¥ 6,074","","1","B0CS35FCZQ","B0BXJ6BXVV","22","16.3","2.9","1500"
"TIMBER RIDGE アウトドアワゴン 折り畳み 長物対応 ワンタッチ収束式 耐荷重100kg 自立収納 大容量130L+43L 収納ポケットつき キャリーワゴン アウトドアキャリー キャンプワゴン (グりーン)","9436","61","50","71","¥ 8,549","","1","B0CNP787HP","B0DWJLZ57S","76","31","22","11800"
"モルテン(molten) バスケットボール 小学生（特別競技ルール採用大会のみ） 中学生以上女子 6号球 検定球 オレンジ×アイボリー B6G4550","9437","77","100","40","¥ 7,081","¥ 7,081","26","B0CNZWS5FP","B0FPB94QPL","28.2","27.3","23.1","550"
"[キャンパーズコレクション 山善] ビーチベッド サマーベッド コット キャンプ アウトドア 折りたたみ式 簡単設営 リクライニング コンパクト C272-4(BR)","11066","83","100","1601","¥ 5,980","¥ 5,980","2","B0FMW8QF9V","B0GWQJPHCW","65.5","56","11","5250"
"FOSSiBOT C1000F ゴルフレーザー距離計 3点間測定 LCD黒表示 最速0.04S測定 光学6.5倍望遠 高透過レンズ 1000m/1093yd対応 マグネット付 Mini GOLF 距離計 ミニ 超小型 超軽量141g ピンロック スロープモード IP54防塵防水 振動機能 競技対応 650mAh 充電式 ゴルフ距離測定器 レベル／高低差測定 ON/OFF 専用ケース付き(ホワイト)","11453","40","","232","¥ 11,375","","1","B0DK91JF32","B0HCC53WNN","15.2","8.6","6.7","390"
"サンライン(SUNLINE) 高視認性マーキングカラー 対カバー・障害物対応 フロロライン シューター BMS AZAYAKA FC 320m クリア (ピンク&イエローグリーン＆ブラックマーキング入) 6lb","11888","43","","4","¥ 5,272","¥ 5,660","19","B0GHVNK2LJ","B0GVJDNJNW","15.5","12.5","3.4","110"
"WAQ Reclining Low Chair ハイバックVer リクライニングローチェア キャンプチェア アウトドアチェア WAQ-RLC1 折りたたみチェア リクライニングチェア アウトドア 焚き火 アイアン ドリンクホルダー ヘッドレスト (OLIVE（オリーブ）)","9457","71","50","12","¥ 10,580","","1","B0GJ9X2WVJ","B0HFJLHFZC","82.2","64.3","12.1","5500"
"ダイワ(DAIWA) バスロッド TATULA(タトゥーラ) XT 6102HFB","9457","64","","8","¥ 10,071","¥ 10,332","12","B0BQQRFDQ3","B0CTKNBLQL","109","9.5","2.5","200"
"[クイックプレイ] 組み立て式 ポータブル サッカーゴール 2.4m×1.5m 2台セット KSTR8X5*2","11754","27","","1613","¥ 25,960","","1","B0C3ZNQLLG","B0DZH5LJ8Y","81","21","16",""
"KATADYN ビーフリーAC 0.5L ブルー|携帯浄水器 軽量 コンパクト アウトドア・防災用|2段階ろ過システム搭載【日本正規品】14070","9462","91","50","35","¥ 7,721","¥ 7,721","17","B0F2M3NSV3","B0F5HKJKZR","17.6","11.7","7.1","150"
"Coleman(コールマン) クールスパイダープロ L ファン 2000035724 木炭 BBQ バーベキュー キャンプ アウトドア グリル コンロ 炭 焚き火 簡単設営 火力調節","9463","78","100","283","¥ 15,082","¥ 15,082","3","B07YWWX8CN","","75","38","18","8600"
"HAIGE(ハイガー) 折りたたみ式 静音フィットネスバイク ブルー 本格トレーニング 筋力 HG-QB-J917B","9464","31","","980","¥ 17,800","","1","B07XK5XL5V","B07XLSC31P","116","38.5","21","20000"
"AVASTA(アバスタ)Jupiter軽量クロスバイク アルミフレームハイブリッド自転車 街乗り通学通勤 シマノ21段変速 フラットハンドル 前後ディスクブレーキ Kendaタイヤ700c×40c/27.5インチ フレームサイズ500mm 紫パープル","11875","43","","2","¥ 32,980","","1","B0GDXP133S","B0DSJ4FDMV","135.5","34.5","20","17320"
"ダイワ(DAIWA) イカメタルロッド EMERALDAS(エメラルダス) MX IKAMETAL N65LB-S･W","17225","43","","1","¥ 25,592","¥ 25,592","2","B0CSY76HCP","B0F24BHDL4","115","11","7","180"
"Coleman(コールマン) キャンパーインフレーターマット ダブルセットII 2000032353","9468","95","50","971","¥ 14,654","¥ 14,654","12","B07923XJ1W","B0CYBQKHMG","70.3","21","21","4180"
"Lead Recluse 後部展開可アウトドアワゴン【長物対応ブレーキ付キャリーワゴン 耐荷重250kg 大容量300L】 キャンプ 折りたたみ ワンタッチ収束式 きキャリーカート ボトルポケット付き軽量 自立収納 静音 キャンプ・レジャー・BBQ・釣り・買い物・・運動会・荷物運 テーブル付き（グリーン）","9480","45","","6","¥ 7,980","","1","B0FWJWL345","B0FWJRPCT5","75","59.5","22","14100"
"[エクセル] 鮎タイツ FP-5322 (3.0mm厚) FP-5323(1.5㎜厚) クロロプレーン FP-5320/5321後継モデル 10サイズ 大きいサイズ 釣り アウトドア 鮎釣り 渓流釣り 滑りにくい FINAL PERFECTION (クロロプレーン3.0mm厚, ブラック×ブラック, LLO)","12163","37","","7","¥ 9,800","¥ 10,926","5","B0GG9TJ53T","B0GG9Q2YG8","44","34","9.5","680"
"OGK技研 オージーケー技研 自転車 チャイルドシート (RBCシリーズ) RBC-015DX2(ヘッドレスト付カジュアルリアキッズシート)黒・茶 新SG基準適合品","9485","71","","82","¥ 10,685","","8","B0D53LZ7MR","B0D8VGQ5QM","50","48.2","43.9","3650"
"オデッセイ(ODYSSEY) 右用 パター Ai-DUAL TRI-BEAM DOUBLE WIDE センターシャフト (ブレードタイプ STROKE LAB 90シャフト 33インチ スチール) メンズ","9493","42","","","¥ 28,700","¥ 26,374","11","B0GP6L5VHG","B0GQ9VHR3T","131","14.5","14.5","200"
"メジャークラフト ランディングネット ヘキサネット M 1ピース ネット付き 玉網枠 ブルー MCHN-1M/BL","9496","60","","468","¥ 5,148","","7","B00XF56SA8","B01N1S6PBN","78","66","11","600"
"シマノ(SHIMANO) ソルトウォーターロッド オフショア(ジギング) グラップラーBB タイプLJ 2021 B63-1 オフショア ライトジギング","10285","61","","12","¥ 16,653","¥ 15,330","2","B08R6QJZZR","B08ZSVRF3Y","161","11.4","8.7","790"
"TIMBER RIDGE アウトドアチェア 折りたたみ椅子 3段リクライニング 焚き火チェア 難燃 ローチェア 携帯椅子 耐荷重150kg 木制肘掛 キャンプ 屋外 バーベキュー ブラック","9252","26","","57","¥ 5,292","","1","B0GLZ3RRBZ","B0DN5KKT2N","71","65.3","10","5370"
"ダイワ(DAIWA) クーラーボックス 釣り/アウトドア/キャンプ 22クールラインα GU1000X LS グレー 10L","9528","51","","29","¥ 16,178","¥ 18,321","4","B0B7LRNPBG","B0CK4VLZY2","38.2","31.4","28.2","3110"
"シマノ(SHIMANO) 電動リール 23 フォースマスター 600DH","9541","68","","52","¥ 62,000","¥ 62,000","16","B0BV24GR7S","B0DBGZPNH6","21.3","15.6","12.3","1190"
"VICTORINOX(ビクトリノックス) スパルタン ウッド スイス・アーミーナイフ 多機能 ナイフ アウトドア 防災グッズ コルクせん抜き マイナスドライバー付き カン切り搭載 10機能を搭載したスイス製マルチツール コンパクト防災グッズ 十徳ナイフ 【国内正規品】 1.3601.63","16006","45","","9288","¥ 5,227","¥ 5,227","8","B07B8G21GL","B0CMWQ5KXV","9.7","2.8","2.2","60"
"Coleman(コールマン) クールスパイダーステンレスグリルグランデ レッド 170-9430 BBQ バーベキュー キャンプ アウトドア グリル コンロ 炭 焚き火 簡単設営 鉄板 焼網 炭の継ぎ足し簡単","9548","49","100","393","¥ 10,415","¥ 10,415","6","B004IWR4U0","","75","36","16","6110"
"AOFAR ゴルフ レーザー距離計 GX6 0.02秒高速測定 ±0.5yd高精度 1000yd スロープON/OFF ピンロック機能 充電式 距離測定器 小型軽量 マグネット吸着 7倍望遠 防水 競技対応","9553","66","100","93","¥ 8,989","","1","B0FH79J543","","14.5","10.4","7.7","370"
"MOJEER フィットネスバイク エアロバイク トレーニングバイク 家庭用 折り畳み【16段階負荷調整・サドル8段調節】【腰部サポートとアームレスト付き】 アップグレード版 室内バイク コンパクト収納 耐荷重160kg 組立簡単 日本語説明書付き 008zf(鈍色，L)","13822","39","","56","¥ 11,997","","1","B0FWCD35GW","B0HFM5TC5L","50","15","15","14990"
"[ミズノ] ミズノ直営店限定 野球 グラブ グローブ 軟式用 DEAR ROOKIE ディアルーキー 【オールラウンド用/サイズ9】 1AJGR00800 5109 クリアオレンジ×ブラック 右投げ","9562","47","50","18","¥ 5,720","","1","B0DV9D4M63","B0DM1PFL4G","37","35","17","360"
"Lepro ランタン Type-C USB充電式 15000mAh レトロ LEDランタン おしゃれ キャンプランタン アンティーク風 ソロキャンプ【連続点灯336時間/超高輝度1000ルーメン/暖色と白色切替/無段階調光/モバイルバッテリー機能/電池残量インジケータ付き】クラシカル らんたん アウトドア キャンプ 登山 夜釣り 防災 停電 緊急 非常用","11700","45","50","285","¥ 7,633","","1","B0CG91JXSH","","22.2","13.7","13.6","1021"
"キャプテンスタッグ(CAPTAIN STAG) バーベキューコンロ 焚火台 ダッチオーブン 1台3役 ヘキサステンレス ファイアグリル バッグ付き Mサイズ CSブラックラベル UG-70","9567","71","","84","¥ 5,380","¥ 5,996","18","B07XJ3MWMJ","B07YNQFN9J","31.2","28.1","7.5","1960"
"サンテプラス フレックスクッション(ブラック) FC-A402K ブラック","9569","82","50","297","¥ 11,990","","1","B00Q6NK0ZU","","41","40.6","20.4","1220"
"SINO ジムマット 60×60cm 厚さ2.0cm 2層構造 ジョイントマット ブルー 40枚セット","15226","11","","8","¥ 54,000","","1","B0G8HMHDQ8","B0G8J1HYRF","80","60","60","44000"
"[McDavid] 【公式】 バスケットボール 渡邊雄太選手 愛用ブランド マクダビッド HEX サッドショーツEX 太もも お尻 腰骨 パッド付インナーショーツ 打撲 衝撃吸収 保護 吸汗速乾 動きやすい 蒸れにくい コンタクトスポーツ バスケ アメフト ミドルサポート M7991/L/BK","9574","49","","452","¥ 8,910","¥ 8,910","7","B00IUQ3WAQ","B0D5QDTGF3","23.3","22.9","7","159"
"ダイワ(DAIWA) ベイトリール 24TATULA TW 100HL","9576","99","50","45","¥ 16,845","¥ 16,845","59","B0CKHM84DZ","B0CKL2LR7Y","13.8","10.7","7.2","260"
"【理学療法士監修】AspRakuFit フィットネスバイク スピンバイク ダイエット器具 組み立て簡単 静音 トレーニングバイク","9596","64","100","40","¥ 11,980","","1","B0FL61VPDZ","","115","75","21","26000"
"OGK KABUTO(オージーケーカブト) ヘルメット FALUX(ファルクス) S/M(55-58cm) G-1マットオリーブ","9599","31","","4","¥ 16,194","¥ 16,194","3","B0H2CB7N8T","B0H2CJ737B","31.6","25.4","18.8","814"
"A.T.FIELD x Cooler Ice Packs 保冷剤 長時間 強力 ステンレス製 8枚入り Sサイズ 127×76×16mm倍速凍結 強力保冷","16127","6","","4","¥ 17,424","","1","B0HD6G8CH5","B0HDRZPCHT","13.2","8","2","1250"
"Oakley (オークリー) サングラス 0OO9313 EVZERO PATH 38 (Asia Fitting) 931304 Prizm Road ランニング スポーツ 軽量 フレームレス","9608","57","","74","¥ 19,753","¥ 19,753","6","B01EU592ZE","B01EU5855C","27.3","11","10.9","340"
"TOWILD CL2000 自転車 ライト 2000ルーメン 5000mAh大容量 【2025最新防眩光レンズ】USB-C充電式 5つモード ロードバイクライト 吊り下げ可能 IPX6防水 クロスバイク/サイクルリング 夜間走行 自転車ヘッドライト","9616","42","","167","¥ 8,980","","1","B0F8BM2XK5","B0GYD4Y56D","14.2","9.8","4.6","290"
"Aicomy EMSトレーニングベルト 2本セット（腹用＋手足用）ジェルシート不要 0.3mm導電パッド 延長ベルト4本付 USB充電 約15分自動停止 男女兼用 [並行輸入品]","9210","65","100","49","¥ 9,899","","1","B0GKV1VXBH","","24","16.7","3.9","340"
"DOD(ディーオーディー) ワンポールテントM 5人用 【収納コンパクト&かんたん設営】 T5-47-BK","9619","47","100","1252","¥ 11,000","¥ 11,671","7","B07CL3L4VL","B08241P6BT","62","18","18","4120"
"KABUTO(カブト) 自転車 ヘルメット CANVAS-URBAN X (キャンバスアーバン エックス) XXL/XXXL (63-66㎝) マットブラック JCF推奨","9626","52","50","82","¥ 5,982","¥ 5,982","13","B0DF9ZK63L","B0DXDRGSM4","31.2","24.3","18.5","660"
"エスピーコネクト（SP Connect）マグネティックフォンホルダー Pro｜バイク用 スマホマウント｜タンクに直接取り付け可能｜53226","9631","7","","","¥ 9,900","","1","B0H93V881R","","10","9","3.5","200"
"レキ(LEKI) アウトドア 登山 トレッキング ポール マカルーライト グレー(100) 1300485","10242","51","50","126","¥ 13,190","","14","B09RX26ZH2","B0GGH66PYX","70.1","16.3","6.3","580"
"(フィールドフォース) FIELD FORCE NEWコーチ棒 YEL","9642","77","50","95","¥ 5,500","","5","B09299ZN51","","70.2","8.5","7.3","510"
"ガードナーベルトスポーツ sports トレーニングベルト 筋トレ パワーベルト 腹圧サポート ジム ウエストシェイパー 鬼締め 男女兼用 SSサイズ","11598","38","","443","¥ 9,900","","1","B0DLLDLZH1","B0BW647YBG","33.9","15.6","3.1","220"
"MOJEER ダンベル 可変式 12kg 2個セット アジャスタブルダンベル 2~12kg 5段階調節 1秒で重量調整 コンパクト クイックダンベル 筋トレ 日本語取扱説明書付き (黒い, 12kg×2)","9648","93","100","126","¥ 12,349","","1","B0CNGK42BQ","B0F52TS6GF","49.4","37.4","31","24020"
"[コラントッテ] ネックレスLUCE(ルーチェ) α ブラック large","9666","94","100","182","¥ 20,570","¥ 20,877","20","B08XM1HZ4T","B08Z41CCWR","12.6","12.6","2.2","80"
"2026 Topps Chrome プレミアリーグ サッカー - 工場出荷時密封 - バリューボックス","9669","87","100","89","¥ 7,480","","32","B0GGTQLPF2","","13","9.4","7.2","159"
"DOD(ディーオーディー) ソトネノキワミ Lite L キャンプマット 極厚10cm 【極上の寝心地】 新構造ウレタン 軽量 コンパクト収納 ダブル CM3-220-TN","9669","72","50","30","¥ 19,708","¥ 19,708","2","B0GP6MJVWW","B0GRYX5C5V","67.2","30","30","5480"
"【ヒューロン】 リカバリーバンド 2本入り ユニセックス 両足用 Mサイズ リカバリーウェア 自律神経 睡眠 HURON","12054","35","50","75","¥ 9,900","","1","B0BM8SDCD3","B0BM9DVM66","10.7","7.5","2.4","30"
"Versa Gripps PRO パワーグリップ 筋力トレーニング・リストラップ made in the USA (Black/黒, SM:15.6-18.0cm)","9674","45","","76","¥ 11,200","","2","B082B6467J","","27.4","24.8","2.8","190"
"ドレス(DRESS) フックリリーサー MONSTER フックリムーバー 針外し 釣り プライヤー フック 軽量 収納 T字型 簡単 速攻 ブラック フリー 大型 ビッグサイズ 魚つかみ","12883","71","","211","¥ 8,000","¥ 8,595","4","B0DM4BGCJG","B0DP6BJQZS","37","10.5","2.5","330"
"Coleman(コールマン) コンフォートエアーマットレス /W 170A6488 キャンプ アウトドア 高反発 厚手 防災 携帯 持ち運び コンパクト 車中泊 来客用 ホワイト 約189×138×19(h)cm","9692","78","100","755","¥ 5,133","¥ 5,133","6","B001SJLQMS","","38","27","7","3200"
"MIZUNO(ミズノ) 健康器具 ル・プリエスクワット 座ってゆっくり上下するだけ きついスクワットをやさしくサポート グレー C3JHI905","9694","34","","72","¥ 14,368","¥ 14,368","4","B0B2J6FFSB","B09QXWBC17","37.2","37","36.4","8580"
"八角形タープ 遮光タープ タープテント 【ブラックラバーコーティング】 3×4.5m UPF50+ UVカット 5000mm耐水圧 210D生地","9695","27","50","3","¥ 6,579","","1","B0H98JPLYH","B0HFNGH2YW","50","15","13","400"
"ダイワ(DAIWA) カウンター付きベイトリール 25紅牙(コウガ) RX IC 150PL","9700","60","","14","¥ 18,478","¥ 19,224","27","B0DVGTTYM7","B0F24CCG9X","15.9","14.7","8.9","380"
"【2026新開発 付属品付き】 バランスドーム 体幹トレーニング バランスボール 半円 ボード フットポンプ ゴムチューブ付き 厚手PVC＋ABS 滑り止め インナーマッスルトレーニング (ブラック)","13784","40","","9","¥ 5,480","","1","B0GTVR19S9","B0GTVMLCWY","48","47","8","2600"
"[フィンタ] サッカー フットサル レフェリー 4点セット FT5977 Ｌ","9705","54","","104","¥ 6,179","","18","B09QD5XKN3","B09QD512S9","39","31.8","8.5","860"
"パスファインダー カンティーン クッキングセット PATHFINDER | ボトルストーブ ステンレス 鍋 調理 収納袋付 軽量 ミリタリー 耐熱 ステンレスクッカー 風防付き アルコールストーブ 湯沸かし トライポッド クックウェア","9709","18","","631","¥ 5,995","","1","B07SG8X5WK","","21.7","15.1","12","930"
"マイルストーン（milestone） 超小型 軽量 LEDヘッドライト USB 充電式 MS-G3 防水 アウトドア 防災 防災用品 非常用 災害 （グリーン×グレー/ＦＦ）","9714","40","50","27","¥ 6,930","","18","B0BZVMZ2HZ","","14.2","11.8","5.6","100"
"武田コーポレーション 机・キャンプ・アウトドア ブラック 120×63.5×76cm コンロが2つ置けるマルチテーブル UN5-CT120BK-T","9737","32","","1","¥ 27,800","","1","B0DX22QMJL","B0CX433Q77","85","52","18","12820"
"キャンピングムーン(CAMPING MOON) 焚き火グリル 焚き火台 バーベキューコンロ 高さ2段階調整式 ラージ 帆布ケース付き MT-3","9740","51","100","273","¥ 5,702","¥ 5,702","2","B07CTJHK1C","","51","22","8","4500"
"ダイワ(DAIWA) 穴釣り・波止釣りロッド 穴釣り専科 M110 釣り竿","9743","48","","169","¥ 5,592","¥ 5,592","9","B083SF82FD","B097YLPTS5","67.5","6","4.2","260"
"KingCamp キャンプ 椅子 2人掛け アウトドア チェア 二人用 【耐荷重ブロック・安定性強化】耐荷重300kg","16251","50","50","17","¥ 11,990","","1","B0C9HBBZGL","B0DCSWDVB8","95","24","17","7020"
"EVOSHIELD(エボシールド) 野球 エルボーガード プロテクティブギア PRO-SRZ 2.0 スカーレット WB5726005L","9747","49","","28","¥ 12,186","","30","B0B7XTR35Q","B0CBK734Q1","27.9","21.7","4.6","260"
"バルミューダ ザ・ランタン ポータブルLEDランタン クラシックレッド BALMUDA The Lantern L02A-RD","9748","23","","21","¥ 10,900","","1","B0BH8LQCDP","","26.2","13.7","13.4","870"
"イエスフォーオール(Yes4All) ウォールボール ソフトメディシンボール 10kg 体幹トレーニング・ワークアウト用 【日本正規輸入品】XHKC","12532","18","","8","¥ 8,616","¥ 8,616","1","B0D9FQ1J9S","B0F629B3RF","35.4","35.2","34.6","10460"
"シマノ(SHIMANO) ベイトリール 24 スコーピオン MD 200XG(右)","10355","67","","29","¥ 19,485","¥ 19,485","7","B0CRY245FX","B0CS5XY43B","13.7","11.5","8.8","300"
"キャプテンスタッグ(CAPTAIN STAG) コーヒー ポット パーコレーター 12カップ 適正容量1.8L 18-8ステンレス製 UW-3531 シルバー","9761","55","","1467","¥ 9,400","","5","B085T8M3Z8","B08BZPMM4N","20.4","19.4","17.3","1040"
"バボラ Babolat テニスガット・ストリング TOUCH TONIC タッチトニック 12m単張 201032","9762","45","","109","¥ 5,148","","7","B086SP7JHH","B0G19B1MM2","17","15","1.4","20"
"正規品 シェイプツインボール ブラック 東急スポーツオアシス ルネサンス 振動マシン 骨盤底筋 フィットネスマシン STB-100 振動5段階","9766","72","200","52","¥ 9,680","","4","B0D15JTVY1","","23.8","11","10.7","1040"
"ニッタク(Nittaku) 卓球 ボール 抗ウィルス 抗菌 Jトップクリーントレ球 10ダース(120球)入り (練習球) NB-1744","9772","66","50","100","¥ 11,880","","1","B08GH7FNWT","B0CBC46PLT","23","20","19.8","500"
"ライシン アウトドアワゴン Eシリーズ 最大230L 拡張機能 キャリーワゴン キャリーカート 1段 大容量 折りたたみ ブラウン","9778","39","","80","¥ 10,800","","1","B0DP7K6LPY","B0CY2YL1VJ","70","41","26","14500"
"ILILI 折りたたみヨガマット 両面カラー 7つ折り 10mm厚 TPE素材 190×66cm","10703","13","","24","¥ 5,940","","1","B0H4JHQ93L","B0H4K579CH","66","27.1","7","1350"
"Full Choice ゴルフゴムグリップ（13本）セット、交換用パーツセット付属、コットンコード入り、滑りにくく快適な握り心地","9784","41","","9","¥ 5,299","","1","B0FBRNCFJV","B0GHYLQ7T6","29","19","8","1300"
"【特許取得】バランスドーム 半円 体幹 トレーニング バランスボール 半球 大人/子供 46cm/58cm PVC防爆 耐荷重300kg","10713","7","","9","¥ 6,550","","1","B0H7CHBG8V","B0H7BYTSVB","48.3","48.3","12.7","3175"
"DOD(ディーオーディー) ワンポールテントL用グランドシート 385cm×350cm GS8-563-GY 8人用","9792","73","","485","¥ 6,390","¥ 6,390","4","B07DCNWK1V","B0869MJ1BM","49.2","12.2","11.6","1900"
"Beyond Marina エアトラック 体操マット エアーマット 体操転倒マット インフレータブルマット 新体操 水上ヨガ バク宙 武道 トレーニング 自宅 幼稚園 学校 折りたたみ 2M グレー","9793","14","","38","¥ 12,799","","1","B0FN3BLBRV","B0D49KFVYT","72.3","21","19.3","6870"
"DNYO ダイワ シマノ 電動リール用 互換 スーパーリチウム バッテリー 電量残量機能付き LED SOSライト付き (3500mAh)","9794","37","","44","¥ 10,980","","1","B09KLWN49H","B0CT8DR7XQ","20.1","16","6.7","680"
"AIJYU CYCLE 折りたたみ自転車 16 インチ 軽量 着脱可能カゴ ミニベロ 折りたたみハンドル フロントライト ワイヤーロック錠 プレゼント [EB-16] (オレンジ)","10697","40","","353","¥ 13,280","","1","B0B96LMV51","B0B96J7Z64","69","53.5","29","15000"
"シマノ(SHIMANO) ベイトリール 25アンタレス 101MG (左)","9817","46","","","¥ 52,739","¥ 52,739","28","B0DSP1P9XD","B0DSZJB2XQ","15","13.3","8.9","380"
"ROCKBROS トップチューブバイクバッグ 自転車フロントフレームバッグ トップチューブバッグ バイクアクセサリーポーチ iPhone 14/13/12 Pro Galaxy S22/S21(スタイル4)対応","13887","39","","2910","¥ 8,757","","3","B0D4YD4ZT8","B083SB7PZ8","26","15","7.4","141"
"シマノ(SHIMANO) クーラーボックス 釣り用 大型 65L スペーザ ホエール リミテッド 650 NS-265T ピュアホワイト","9824","39","","106","¥ 59,886","¥ 59,886","16","B082SKFXXS","B09CYSCSTG","105","41","39","12100"
"Goture POLLUX Ⅱ スロージギングロッド グリップ脱着式 ジギングロッド ソリッドトップ 海釣 ベイト 632MC 1.89M/6.3ft [並行輸入品]","9827","31","","64","¥ 8,380","","1","B0D6YPPDY7","B0D6YFRGVF","136.5","10.5","2.5","290"
"パナソニック(Panasonic) リチウムイオンバッテリー NKY514B02B/25.2V-13.2Ah 黒 ブラック","9830","58","100","433","¥ 37,900","¥ 42,982","14","B014H037FS","B09NLGWHDV","31.1","15.3","13.6","3240"
"折りたたみシティサイクル 折りたたみ自転車 シマノ製6段変速 26インチ 前カゴ付き 自転車 ダイナモライト付き 後輪サークル錠 折畳機能付 シティサイクル 通学 通勤 街乗り (アイボリー)","9831","36","","87","¥ 18,999","","1","B0C6DGNZVQ","B0CWNPHCS9","86.5","78","34","20000"
"タイトリスト(TITLEIST) PRO V1 25 イエロー DZ","9840","48","50","19","¥ 6,660","¥ 6,074","6","B0DT1DYKXS","B0GQQZP4YW","19.4","13.6","4.9","630"
"AIMPET USB 充電式携帯インスリン冷蔵庫 2～8℃精密温度制御 LCD ディスプレイ付車載アウトドア旅行薬用ミニクーラーボックス (大型サイズ - ポータブルタッチスクリーンモデル - 電池1個)","10527","1","","","¥ 14,188","","1","B0H8P8M5NG","B0H8P98PBV","1","1","1","1000"
"[Superfeet] インソール 【正規代理店商品】 Active Support Low Arch 衝撃吸収 衝撃分散 スポーツ 競技 サポートタイプ グレー E(26-28cm)","9850","39","","22","¥ 6,600","","1","B0CQK965F4","B0FNRKK4K1","35.5","11.7","4.4","140"
"m olten 日用品 バレーボール 5号球 ボールネット付き 検定球 国際公認球 V5M5000 ボールネット付き 高校生以上 人工皮革 部活 クラブチーム 練習用 m olten","9864","22","50","","¥ 7,900","","1","B0H5R8NP71","","21.9","21.4","21.3","300"
"SUN-SUP インフレータブルサップボード 320×84×15cm SUP ボード","7700","10","","8","¥ 18,981","","1","B0GWC99JKJ","B0GYQLM99N","91","35","24","12500"
"FELLOW サーフブーツ ALL3ｍｍ 忍者足袋ソックス ニンジャ タビ 防水加工 サーフィン 日本規格 レディース Black 24cm","9873","33","","319","¥ 5,699","","1","B07J4LN3Y4","B07J4QXFFX","34.3","20.9","15.3","250"
"DANIEL (ダニエル) ワンタッチテント ポップアップテント 2026年 モデル 簡易 アウトドア サンシェード 1人 2人 3人 家庭用 設営簡単 簡易設営 uvカット加工 紫外線対策 日よけ 日焼け防止 防風 防撥水 通気性 キャンプ 虫よけ 蚊帳 防虫 網付き BBQ バーベキュー ビーチ 公園 家族旅行 日本語説明書付 (ネイビー)","9874","52","50","314","¥ 6,480","","2","B07VJ34B35","B0FHNZJPXB","61","60","10","1480"
"AIJYU CYCLE 折りたたみ自転車 16インチ ミニベロ 小径車 軽量 折りたたみハンドル フロントライト ワイヤーロック錠 プレゼント [TS16] (オレンジ)","16330","24","","133","¥ 12,330","","1","B0CZXD8CM9","B0CH2CTSZW","70","55","31","14000"
"OLIGHT(オーライト)ArkPro Ultra EDCライト 懐中電灯 フラッシュライト 緑の光束 1700ルーメン ブラック","9879","73","50","28","¥ 18,895","","1","B0GS1PW4TS","B0GLWV69JW","21","7.4","4.7","260"
"スポーツブレラ(Sport-Brella) リクライニングチェア 日傘付き 紫外線カット UPF50+ 晴雨兼用 直径最大137cm カップホルダー付 スポーツ観戦 ビーチチェア アウトドア キャンプ ゴルフ用 釣り折りたたみチェア","9881","63","","5656","¥ 9,563","¥ 9,563","1","B00HXDSXE2","B0FCDY5SSG","157","14.2","11.4","5040"
"ワイドコット ICECO コット キャンプ 簡易ベッド「2WAYハイ/ロー切替可能・耐荷重180KG・静音設計・高密度1000Dポリエステルシート・A7075アルミニウム合金フレーム」 軽量 幅広 折りたたみ式 組立簡易 コンパクト収納 キャンプ アウトドア テント 防災 自宅用 収納バッグ付き 日本語説明書付き","9887","56","100","69","¥ 8,400","","1","B0CZ79PCHX","","45","23.6","21.2","4760"
"HEMAJUN ダイワ・シマノ製電動リール用バッテリー 7000mAh 14.8V DX70 静電式表示パネル BMS保護機能 搭載 PSE基準適合 充電器 保護ポーチ付（dx70_bk）","11653","29","","15","¥ 15,480","","1","B0F18HKDXK","B0F17RG3LL","25.5","17.5","6.8","1020"
"Arena HD ユニ 伸縮性シリコン スイムキャップ 大人用 トレーニング ウォータースポーツ フィットネス 水泳ギア 塩素保護 プールハット 頻繁な使用に アリーナ マルチカメレオン ワンサイズ","9894","46","","22330","¥ 5,600","","25","B0FMKNJCPJ","B01NBLXE5C","24.3","12.7","1.3","70"
"[メガホン 長さ33cm] 直径14cm 11色あり まとめ買いセット 大量 日本製 応援 野球 (10, 白)","14475","20","","25","¥ 6,180","","1","B0F5HDS93S","B0F5HHGBDJ","47","36","16","990"
"Naturehike 高R値 R5.8 エアーマット 超軽量 約500g SGS認証 実用新案登録 4シーズン (≥-20℃使用可能) 厚手7~9cm コンパクト キャンプ 登山 インフレーターマット 連結可能 耐水加工 車中泊 テント泊 アウトドア 防水 保温 防災 インフレータブルバッグ付き","9907","17","","8","¥ 11,041","","1","B0F249YQ6R","B0F5B6WWJG","20","10","10","440"
"シマノ(SHIMANO) 電動リール 17 プレイズ 800 右ハンドル 完全フカセ","9914","76","","115","¥ 39,036","¥ 39,036","9","B01N152C0T","B0DBH1JW2L","21.2","17.1","12.7","1240"
"FIELDOOR ワンタッチ式 カーサイドタープ 【ボルドー】 ロープを引くだけ簡単設営 吸盤フック 車 オーニング キャンプ 車中泊 デイキャンプ 日よけ アウトドア","9914","45","","11","¥ 9,000","","1","B09HG8RRC1","B09P2WBY11","89","14.5","14","2670"
"モルテン(molten) ヴァンタッジオ5000キッズ サッカー 4号球 検定球 F4N5000","9915","94","100","108","¥ 5,520","¥ 5,520","35","B0CRZ4NFMQ","B0CYTC7BQ8","22.7","22.3","21","390"
"【ダンベル 可変式 3in1】10kg 20kg 30kg 40kg 2個セット【日本企業】バーベルにもなる ダンベル アジャスタブル 重量調節 無臭素材 静音 八角形 ダンベル 回らず 高い安全性 BJ(青，15kg×2)","13782","50","","266","¥ 6,399","","1","B0G7XSH6D1","B0G4QFJCK7","56","25","22","31200"
"とにかく遊ぶためのフルカーボンソリッドロッド FRIDAY TheSolid CARBON(goku-tsc)｜ベイト 5ft(150cm)","9921","39","","241","¥ 5,423","","2","B08Q3BWJ5T","B0B7CTZ4VX","120","6","6","500"
"ABUS(アブス) 信頼の100年続くドイツブランド 自転車用 ロック キー式/ダイヤル式 折りたたみ コンパクトフォールディングロック[UGRIP BORDO 5700] 盗難見舞金制度 80cm【日本正規品】","9930","52","","63","¥ 10,890","¥ 10,890","1","B08FD9RSQ4","B0D99DB1ND","24","16","6","1040"
"CONVERSE(コンバース) バスケ 審判用品 レフリーシャツ 吸汗速乾 JBA認証マーク付き CB142151 グレー L","9932","66","","28","¥ 5,268","¥ 5,268","21","B0CTCHW8K9","B0FN3TJTB1","31.6","30.2","6.8","120"
"キャロウェイ(Callaway) 右用 ウェッジ JAWS RAW CRM (ロフト 54 度 バウンス角 12 度 Wグラインド N.S PRO 950neo S) メンズ 【カタログ純正シャフト装着モデル】","9936","38","","2","¥ 38,400","","1","B0B2W8FFLQ","B0B4DL2QMW","109","29","26","150"
"パラフィンオイル 詰替え用 18L 【注ぎ用ノズル付き】低スス 易生分解性 低臭 オイルランタン ランタンオイル（18L）","9811","58","","19","¥ 10,980","","1","B0BTMBNJ9G","B0C13BSZC4","27.5","19","12.5","14000"
"KingCamp アウトドア チェア 折りたたみ 椅子 キャンプ 超ワイド103cm 耐荷重136kg 保冷ポケット付き","15968","63","50","128","¥ 6,390","","1","B08XXHQJSY","B0HGXG5LNV","94","23","18","3400"
"ブルーストーム(Bluestorm) Re:モーゲット BSJ-8330RS 型式承認品 首掛け ライフジャケット 救命胴衣 自動膨脹 コンパクト レールシステム 特許取得","13817","63","","114","¥ 17,778","¥ 18,270","8","B0CT8SWLXX","B0H32GB79J","37.7","26.7","11.5","710"
"デュエル(DUEL)魚に見えないピンクフロロ 船ハリス大物 50m 60号","9944","56","","2","¥ 6,572","¥ 6,572","7","B0CZ927DTZ","B0C8118W7F","25.7","25.4","1.6","150"
"キャロウェイ(Callaway) ゴルフボール CHROME TOUR TRIPLE DIAMOND 25 TRIPLE TRACK 1ダース(12個入り) 4ピース構造 トリプル・トラック ホワイト","9945","115","50","209","¥ 6,000","¥ 6,059","6","B0DJDYLW6F","B0GMJV68MS","19.1","14.4","4.8","630"
"Y K YUKO 融光 キャリーカート 折りたたみ ショッピングカート幅53×奥行50×高さ99.5cm/耐荷重70kg /8輪キャリーカート 段階段差もらくらく 蓋付き コンパクト 軽量 アウトドア ピクニック キャンプ用 座れる 家庭用 釣り 運動会 簡単取り付け- ハンドル傾斜可(Lサイズ グリーン 登坂車輪タイプ)","9951","74","50","167","¥ 5,450","","1","B0FGX929L9","B0HGQQRYSM","44.3","44.1","15","4010"
"おり釣具 小継でコンパクトな ランディングネット タモ網 セット！ Friday Landing set(フライデー ランディング セット) 450／500／600 (450)","9972","69","","83","¥ 6,580","","2","B089Q71JPC","B0B6QVVDWL","56.4","13.2","6.6","900"
"78033801_MCFC Home ジャージ レプリカ SS_チーム ライト ブルー/プーマ ホワイト_L","14833","62","50","168","¥ 6,875","¥ 6,735","7","B0DKJMFKM1","B0FXRLJMSD","27","20.8","8.7","190"
"CYFIE タープテント 3m×3m/3m×6m(強化型!) サイドシート付 高さ3段階調節 扉と窓 uvカットワンタッチタープテント サンシェード 高耐水加工 日よけ 組立簡単 持ち運び便利 キャンプ/ピクニック/運動会/アウトドア/集会用/試合応援 収納ケース付き (グレー, 3m*6m (横幕なし))","9976","42","","5","¥ 22,997","","1","B0F7H2SWBF","B0HCPCCX9P","128.7","35","23.3","28640"
"[BAUERFEIND] バウアーファインド SPORTS COMPRESSION SLEEVES LOWER LEG（スポーツコンプレッションスリーブ ローワーレッグ） スポーツ用レッグスリーブ ふくらはぎ用 ドイツ製 適切なコンプレッションで筋振動を抑制しパフォーマンスを向上（白,ホワイト(White),Small/Short,2枚組）","14364","43","","716","¥ 7,150","","2","B076KLNHZR","B07P7RSG3G","23","10.8","3.6","130"
"釣り竿 セット 【ベテランアングラー監修】 釣竿 釣り 釣り道具 サビキ 穴釣り ルアー ガイドブック付き SEAVER(シーバー)","10000","40","","138","¥ 5,786","","1","B0CXN83ZZC","B0D35XNVQB","53.4","17.8","8.4","950"
"AOUTN6500Wの強火力でアウトドア料理を革新。カセット&LPガス両対応で燃料選ばず、折りたたみコンパクト設計の高性能ポータブルガスコンロ。 (グリーン,三星激火)","10524","0","","","¥ 6,249","","1","B0H5NYY68W","B0H5P82BJY","32","18","15","2400"
"タイトリスト PRO V1x 2025 ダブルナンバー・ホワイト【2ダースセット(24球)】","10005","87","100","18","¥ 12,616","","6","B0DYV584C6","","22","16.8","16.1","1270"
"ヤマビル対策テープ ヒルガード 3m巻き 3個セット 効果約1週間 ヒル対策 林業 釣り 狩猟 渓流 梅雨 登山 ハイキング","15565","22","","35","¥ 6,207","","1","B0GST2NQZB","B0GST3ZDLH","20","14","3.2","70"
"CLASSY.にて紹介 wavewave ウェーブウェーブ EMS Hydro Mat お尻 ヒップ アップ 骨盤底筋 トレーニング ヒップトレーニング フットマット 美尻 内もも 内転筋 産後 ケア 防水 IPX8 お風呂 母 祖父母 妻 プレゼント (本体)","10008","56","50","46","¥ 12,155","","1","B0FLCVT9WY","B0FQTNVY9H","36","35.6","4","900"
"JHQ マルチグリドル 正規品 ソロ 少人数 軽量 コンパクト IH 直火対応 キッチン アウトドア 兼用 フライパン グリドルパン （黒 - 縁型 エッジスタイル 33cm）","10013","45","50","11","¥ 9,300","","1","B0H6Z83NDS","B0H8JSFGMW","36.4","34.8","8.2","1570"
"BRLLICZ リクライニングチェア キャンプ椅子 4段階調整 折りたたみチェア 軽量 耐荷重130kg 通気性 カップホルダー付き 枕/収納ポケット付属 四季適用 仮眠 昼寝 携帯便利 お釣り アウトドア ピクニック レジャー キャンプ用","17660","5","","1","¥ 5,024","","1","B0H7WBYQR7","B0H7VPY9FT","92","18","18","3500"
"CYCPLUS SUPエアポンプ 電動空気入れ＆抜き 20PSI 自動停止 充電式 浮き輪 パドルボード カヤック カイト テント マットレス用","16135","59","200","99","¥ 17,299","","1","B0F18MPDCZ","B0DLNT9YGX","25.9","17.4","15.2","1620"
"Quictent ワンタッチ タープテント 大型 シルバーコーティング UVカット 遮光 耐水加工 3段階高さ調整 通気ベンチレーション 日除け キャンプ アウトドア イベント ワンタッチテント","10027","67","50","128","¥ 8,100","","2","B0D49JNS7X","B0D49R7P1Z","119","18.5","18","13110"
"SELEWARE 懸垂バー 壁 固定 懸垂 プルアップバー 自宅 安定 壁取り付け 天井 取り付け 懸垂器具 懸垂マシン 筋力トレーニング","10677","39","","78","¥ 5,459","","1","B09PV32NNK","B0BCDXY8QP","99.3","13.9","13.8","3660"
"FIELDOOR アルミテントポール 【2本セット / シルバー】 4本連結 調節可能 240～280cm 大型タープ コットンテントにも対応 プッシュピン 伸縮 分割式 キャンプ","19427","25","","37","¥ 6,660","","1","B0793PR9TS","B0BHDD27D8","69","17","6.5","2650"
"[シマノ] 偏光グラス ウェリントングラス01 UJ-051Y スモーク/マットブラック","10045","53","","11","¥ 6,207","¥ 6,207","3","B0DRJLY58J","B0DRV9JLFY","18.3","7","6.3","60"
"エアロバイク 静音設計 スピンバイク 折りたたみ ダイエット器具 組み立て簡単 室内運動 トレーニングバイク (ホワイト)","10056","12","","24","¥ 14,999","","1","B0H75DDV99","B0HCYXP587","113","31","19","19000"
"懐中電灯 led 強力 軍用高ルーメン超高輝度ルーメン Type-C USB充電式 超長遠射 ハンディライト 明るい LED 新型 フラッシュライト 6モード調光 ズーム式 アルミニウム合金 メモリ保存モード LCD画面に電力レベルを表示,IP67防水 適切な キャンプ 登山 夜釣り 夜間訓練 作業用 停電 防災 地震 避難対策 (× 2)","13120","40","","","¥ 8,590","","","B0GZJRC1XL","B0DCN52YBC","22.7","11","6.2","980"
"ステッパー 有酸素運動 フィットネスマシン ハンドル＆マット付き デジタルメーター搭載 抵抗調整可能 すてっぱー 踏み台昇降 健康器具 全家族適用 筋トレ ダイエット器具 美尻 美脚 脂肪燃焼 ステップ台 登山ステップマシン 山登り エクササイズ器具 静音仕様","10060","45","","134","¥ 7,399","","2","B0C7CL4BM7","B0C7CDMV8D","45.9","34.5","25.8","7550"
"BTTN キャリーワゴン 静音設計ロングモデル ベアリング内蔵タイヤ 大容量120L・耐荷重160kg 折りたたみ式 自立収納 軽量 コンパクト キャンプ・買い物・運動会","10077","26","50","58","¥ 5,799","","1","B0FBGCM5QH","B0HGQ3PT76","44.8","34","19","7300"
"[ＳｔＡｎ] 【発汗力No.1】 サウナスーツ メンズ レディース ダイエットウェア 男女兼用 上下セット［フルジップ］ (ブラックグレー(上着のみ), L)","10152","60","","8","¥ 6,783","","1","B09RSNVWDB","B07WVPN6SB","37.7","29.7","4","450"
"ropoda ゴルフパターマット 自動 返球機能付き パター練習マット 3m 室内 屋外 屋内 静音 アプローチ マット ゴルフ パターマット パター 練習 練習器具","10079","64","50","93","¥ 5,206","","1","B0CZD1ZT69","B0DXKW7L4Q","43.8","34.2","19.9","2760"
"MOJEER ダンベル 可変式 24kg/40kg アジャスタブルダンベル 1個/2個セット 2.5～24kg/5~40kg 15/17段階調節 5秒で重量調整 クイックダンベル 自宅 筋トレ DST (黒い, 40kg×2)","10079","30","","87","¥ 31,998","","1","B0CL2XM5H9","B0FHV75M18","50","15","15","82390"
"クラシエ バサラ 603 薬用スカルプシャンプー 1000ml ＆604ボリュームアップコンディショナー900gセット","9268","68","100","100","¥ 6,750","","9","B08HJ7TGNJ","","29.4","16.4","9.3","1980"
"ホーザン(HOZAN) 電動ニップルドライバー 適応ニップル:#12/13/14/15 ホイールの組み立て/分解 作業効率向上 D-710","10087","75","","","¥ 7,434","¥ 7,434","10","B0DSKJB38B","B0DSP89RQG","25.8","7.1","6","260"
"RIOROO ゴルフ スタンドバッグ セルフスタンド クラブケース キャディバッグ 7～8本のクラブを収納可能 自動引き込み 超軽量 安定感 【超軽量997g 3色 大容量収納】3ポケット クーラーバッグ付き 初心者からプロまで対応 男女兼用","10091","50","50","563","¥ 6,199","","1","B0DZN8QW3H","B0DTHJQH4K","85","22","13","1160"
"【Amazon.co.jp 限定】 キャプテンスタッグ(CAPTAIN STAG) 焚火台 バーベキューコンロ グリル 1台3役 ヘキサステンレス ファイアグリル Lサイズ ステンレス製 収納バッグ付き UY-7019 シルバー","10094","52","50","264","¥ 5,966","¥ 5,966","1","B0B2QQSQBJ","B0B4VS7YLT","48","42","7.7","4170"
"シマノ(SHIMANO) 両軸リール 24 バルケッタ プレミアム 150DH(右)","10098","72","","14","¥ 32,583","¥ 32,583","7","B0CRY37BS6","B0CS5WFFRG","15.4","15.1","9.4","430"
"ロゴス(LOGOS) 氷点下キープシリンダー・サーモテクト 81287610","10101","71","50","388","¥ 5,891","¥ 5,891","7","B07GC92XZN","B0FN7MYGMY","23.3","9.8","9.8","530"
"LED懐中電灯 強力 超高輝度 10000mAh 軍用 最強 Type-C充電式/電池式 記憶機能 ハンディライト COB作業灯 IPX67防水 10モード調光 ズーム式 耐衝撃 残量表示機能 作業用 停電 登山 夜釣り 避難対策 防災グッズ クリスマスプレゼント","10102","53","100","323","¥ 5,039","","1","B0FCL1CWJ5","B0G4R3ZPKD","28.2","10.5","6.4","730"
"CARGO CONTAINER カーゴコンテナ HALF WATER JUG 1.9L ステンレス ウォータージャグ 真空断熱 保冷 保温 ブラック","10104","8","","5","¥ 14,680","","1","B0H9JGV484","B0HC62YRST","39","24","21","2700"
"REWARD(レワード) ストレートパンツ Xカタ UFP-24 ホワイト XO","10107","40","","86","¥ 5,720","","5","B008FDJFIM","B01K8TTYS6","39.7","29.1","6.1","566"
"PGM ゴルフパター 34インチ 右利き用 カーボンシャフト ブラック","10109","48","50","801","¥ 5,999","","2","B0BK1C3W33","B0H4J3DMR1","90.9","11.2","6.3","748"
"マキタ(Makita) 充電式ランタン付ラジオ 18V/14.4V バッテリ・充電器別売 MR054","10122","43","50","74","¥ 14,289","¥ 14,289","11","B0B7293RXT","","29.1","13.5","13.5","1280"
"iBeamed リアゲートタープ 更衣室 リビング タープ 日除けに かぶせ型 (遮光メタルグレー窓付, 幅140)","10132","53","50","63","¥ 12,800","","1","B09RKCFC4W","B099QSJPKD","35.6","24.1","12","2060"
"WAQ Folding Wood Chair フォールディングウッドチェア ローチェア 折りたたみ キャンプチェア 木製フレーム 耐荷重90kg ドリンクホルダー付き (TAN(タン))","10132","49","","440","¥ 10,620","","2","B0B6BK85DZ","B0HFW4112R","63.5","55.5","11.5","4170"
"リーディングエッジ ドロップマット ダンベル 筋トレ ジム マット 60×40cm 厚さ15cm 衝撃吸収 キズ防止 2層構造 PVC 撥水 2枚","10134","46","50","53","¥ 10,340","","1","B0C1R2NT9P","B0D93LS4MD","62","42","34","10000"
"シマノ(SHIMANO) スピニングリール 26ナスキー 4000XG","10146","119","100","19","¥ 11,410","¥ 11,900","27","B0G4M1PY88","","16.6","13.3","9.5","430"
"シマノ(SHIMANO) カセットスプロケット CS-R7000 11S 11-30T 12345791470","14412","39","50","899","¥ 5,524","¥ 5,524","12","B07DLLLWBD","","16","14.2","6.9","399"
"OnceMu リクライニングチェア キャンプ椅子 5段階背もたれ調整 折りたたみ 軽量 専用トレー＆ヘッドレスト付き ブラック","10147","31","","15","¥ 6,528","","1","B0GYRDKM6W","B0GYR7WJTH","80.5","61.5","9.5","4080"
"ダイワ(DAIWA) ベイトリール 24バス X100H","10161","59","50","32","¥ 7,820","¥ 7,862","31","B0CSXS8DRR","B0CYCGYNCB","14.6","11.2","7.4","280"
"OLIGHT(オーライト) Baton 4 LED懐中電灯 1300ルーメン EDCライト 無段階調光 IPX8防水 充電式(オレンジ)","10168","45","","59","¥ 8,695","","1","B0DZGS6NX2","B0GLPL65NL","14.6","5.1","3.7","120"
"Coleman(コールマン) スモーカー ステンレススモーカー2 2000026791","10176","43","50","473","¥ 9,279","¥ 9,279","4","B01AS5EID6","","42.6","27.9","27.5","2680"
"Wurkkos DL08 ダイビングライト 3600ルーメン 水中100メートル マグネットリング スイッチ 3色光源 超高輝度 LED 懐中電灯 耐衝撃 探検 ナイトダイビング 水中ライト 釣り キャンプ 防災グッズ 日本語説明書付属","10176","43","50","34","¥ 7,599","","1","B0DB8C6BP5","B0HFHWMGGD","15.2","9.3","4.9","410"
"スノーピーク(snow peak) セレス ES-101 キャンプ アウトドア LEDランタン 上下光源 7段階調節","10181","64","50","58","¥ 14,410","¥ 14,410","13","B0D3HRP3L9","","24.9","9.3","7.1","540"
"SANDSTEPPER【サンドステッパー】ステッパー 静音 軽量 コンパクト 座って 筋トレ ダイエット器具 健康器具 踏み台昇降 足踏み 砂 日本製","10186","74","50","101","¥ 9,979","","1","B0DN6SF54F","","51","31.6","16.2","2500"
"HJC ヘルメット 自転車 [JCF公認] ロードバイク [ デザイン機能性全てにおいてバランスの良いモデル] フィット感 空気抵抗低減 軽量 かっこいい サイクルヘルメット VALECO2 (MT.GL RED BLACK, M(55-59cm))","10191","6","","","¥ 9,999","","1","B0CZ95C6ZT","B0CZ8HR2KP","10","10","10","230"
"FED FITNESS 可変式ダンベル セット 5in1 多機能トレーニング ダンベル・ケトルベル・バーベル・プッシュアップバー・ウエイトプレート プレート脱落防止ダブルロックナット設計 筋トレ器具 ホームジム 省スペース 男女兼用 90LBセット(約41kg)","10192","6","","12","¥ 9,380","","1","B0H6LKXKQV","B0HDYYZKQT","56.5","37.2","34","43920"
"Hilander(ハイランダー) クライマックスハイチェア ブラック 収納袋付 アウトドアチェア リクライニング アルミ 折りたたみチェア リクライニングチェア アウトドア 焚き火 ハイチェア 足腰 膝","10208","52","50","24","¥ 10,710","","2","B0FVHZXVB2","B0H3T56QFC","95.5","63.5","11","4250"
"テーラーメイド(TAYLOR MADE) Qi MAX LITE SW AIR SPD TM R キューアイ マックス ライト アイアン メンズ フレックス：R 番手：SW RH シャフト：2025 AIR SPEEDER TM","10211","44","","6","¥ 16,500","","1","B0DQ81KLHL","B0DSZTCLV5","92","10","5.5","430"
"Booms Fishing T04 釣り用 ランヤード 釣り用具/ポール 安全コイルストラップ 伸縮自在ワイヤー タップカバー","10211","41","","1236","¥ 5,071","","3","B07KG8ZBFF","B081GX7QK5","23.6","10.8","1.7","150"
"ShotNavi INFINITY(ショットナビ) BK 最新GPSチップ「M10」 グリーン形状 超軽量48g 日本製 GPSゴルフナビ ゴルフ距離計 ゴルフウォッチ 競技利用OK","10217","46","50","247","¥ 15,400","¥ 19,965","16","B0C22YRYRK","B0C9TXDJR9","12","8.8","7.9","170"
"自作釣りオモリ用鉛 Pb約99.5%以上【1本あたり約210g(±30g)】セット 軟鉛 鉛細工 地金 DIY 多目的 インゴット 防音 防振 ダイビングウエイト TSUNEYA (20kg)","10837","14","","60","¥ 19,800","","1","B0H6P5BCY5","B0GRTBKTWL","32","15","10","20000"
"クリーブランドゴルフ(Cleveland Golf) ウエッジ RTZ ブラックサテン 50(Mid)10 N.S.PRO 950GH neo スチールシャフト メンズ 右利き ロフト角:50度 フレックス:S200","10226","64","","4","¥ 25,300","","2","B0DGJRYGTM","B0DXN55HYJ","94","11","5","500"
"[シーダブリューエックス/ワコール] レディース スポーツタイツ ジェネレーターモデル2.0 【下半身フルサポート】 HZY399 RE L","12810","32","","1059","¥ 18,810","¥ 18,810","3","B0CDN2JTSM","B0CVL96V4Q","23.5","19.2","2.7","190"
"ウェーディングシューズ 釣り用 フェルト スパイク底 迷彩柄 防滑・撥水・通気性 磯靴 靴ひも付き 滑り止め 撥水性 通気性 磯釣り 渓流 岩場 アウトドア (グーリン, 42)","19466","18","","18","¥ 5,280","","1","B0F8J23JKB","B0F8J3Z4ZS","28","18","8","1000"
"2025 Signature Class Basketball - Value","10245","43","100","4","¥ 6,490","","2","B0H3TYTY5H","","12.8","9.2","7.2","140"
"COOSPO CS600 サイクルコンピュータ GPS サイコン 2.4インチ カラータッチスクリーン 自転車 ナビ スピードメーター ロードバイク 速度計 無線Bluetooth5.0&ANT+対応 ロングバッテリー Strava同期 明るさの自動調節 IP67防水 日本語説明書付き","10250","73","100","95","¥ 13,675","","1","B0FPFN75CG","","23.4","18.2","2.4","180"
"ダイワ(DAIWA) PEライン UVFソルティガSJデュラセンサー×8+Si2 2.5号 600m 5カラー(カラーマーキング付)","10263","80","","96","¥ 6,706","¥ 6,706","54","B07S3YGCHV","B08WB1NMH3","14.1","11","3.4","100"
"ShimanoボビンWinder Heavyタイプth-202 N Odeaブルー日本から","10265","49","","425","¥ 21,900","","1","B01MAXDF5N","B07GJMQ8BT","14.2","7.7","4.3","97"
"BRIDGESTONE(ブリヂストン) キャディバッグ 軽量スタンド CB2525 GR 2025年モデル","10272","41","","20","¥ 20,973","¥ 23,218","6","B0DTPDVP7Z","B0DV8V3VH7","91","34","24.5","3670"
"ヘラクレス(HERCULES) 交換用 ラバーランディングネット 釣り用 交換 ラバー ネット 替え網 直径60cmx40cm","10275","35","","","¥ 5,399","","2","B0FBWQTQZG","B0FBWL8PYG","35","29","3","600"
"Lepwings ソーラーランタン, ランタン 2個セット LED USB充電式 キャンプランタン 2024年バージョンアップ 6000mAh ソーラーライト モバイルバッテリー機能付き ウォームライト 折り畳み式 無段階調光 ハンドル付き 防水 室内 間接照明 ベッドサイド アウトドア 非常用 防災 グッズ 停電 節電対策 ホワイト","13562","29","","2157","¥ 8,299","","1","B0D5LVJX2P","B0CKLCGBQY","26.8","21.6","10.8","1430"
"SINO ジムマット 60×60cm 厚さ1.4cm 2層構造 ジョイントマット イエロー 12枚セット","10286","11","","8","¥ 12,998","","1","B0H1427QRF","B0H13SKFDR","180","60","5",""
"ヴィクタス(Victas) 卓球トレーニングボール VP40+ 3スター 5ダース入 15200","10294","57","","4","¥ 13,445","","24","B08M6PY9Q2","B08P6523DG","31.4","22.2","8.3","320"
"[ルコックスポルティフ] LG5SCB92U_BG00_F","14199","43","50","21","¥ 9,813","¥ 9,813","1","B0D6N93SR2","B0DX1JR4YH","38","35","4","550"
"【羽生結弦選手愛用商品】ファイテン(phiten) ネックレス RAKUWAネック メタックス チョッパーモデル ブラック 50cm","10299","87","50","1197","¥ 10,780","¥ 10,780","14","B07WBS7G22","B094XXVZLD","11.2","10.9","4.1","110"
"アイリスオーヤマ(IRIS OHYAMA)【5.6日保冷】 アイリスオーヤマ HUGEL クーラーボックス 20L カーキ クーラーボックス レジャークーラー アウトドア キャンプ 大型 スポーツ TC-20","10303","82","50","165","¥ 10,255","¥ 10,255","13","B0B7RZPK24","B0D8VX6G6Q","56.8","38.3","38.1","5180"
"シマノ(SHIMANO) コンパクト フィッシュプール BA-027Y グレー L","10307","56","","20","¥ 5,916","¥ 5,916","8","B0FKGK4DHQ","B0FQRHSMTJ","41.7","25.6","8.1","1340"
"Hilander(ハイランダー) ウッドロールトップテーブルLIGHT90 DB/GOLD ダークブラウン×ゴールドパーツ キャンプ テーブル アウトドア ロールテーブル 天然 ダイニングテーブル コンパクト おしゃれ","10309","43","","38","¥ 9,880","","1","B0DW1CJPVM","B0DYMGNKRC","70","23","16","6090"
"TIMBER RIDGEディレクターチェア リキシーチェア テーブル&ポケット付き アウトドア 折りたたみチェア 耐荷重181KG 釣り ピクニック コンサート用スチール製椅子 グレー","10313","42","50","303","¥ 7,999","","1","B0CF23XR7X","","54.8","52.1","19.4","5260"
"HEIGHTEN 98/110mm リール ハンドル 24.5mm ノブ搭載 シマノ(Shimano) ダイワ(DAIWA) 通用 スピニングリール用 Arch Engine Series (焼き色 - ブラック＆ゴールド, 110mm) (HT06303)","10317","38","","64","¥ 7,590","","1","B0B2CK73SB","B0H376BFWV","14.6","13.8","3.7","90"
"STEADY スピンバイク【独自開発の非接触式airホイール/静音】エアロバイク フィットネスバイク ST128 (6.ホワイト サドルカバー付き)","10321","61","","2","¥ 31,490","","2","B0FTZ45H2T","B0GCFZ9R1H","110.5","81","22","25000"
"グロング ステッパー 静音 サイドステッパー 60分連続使用 EVA保護マット モニター付き 組立不要 耐荷重100kg 足踏みステッパー GronG","8356","74","100","57","¥ 7,980","","1","B0GHPZSKF9","","45.5","29","25","6300"
"FUTUREFOX マルチグリドル 鉄板 深さ4cm 深型 直径32cm 蓋付き 4点セット キャンプ アウトドア(本体+蓋+ハンドル+収納ケース)","10327","52","50","108","¥ 7,580","","1","B0DMV8VBYT","B0DMV8WWG5","41.8","36.4","10.8","1880"
"バーサス VS-7095N ブラック","10331","82","50","157","¥ 5,508","¥ 5,508","20","B0CZR2TJ2M","B0G32HFVK3","55.3","47.6","32.3","3450"
"リトルプレゼンツ(LITTLE PRESENTS) ミッドストリームWDシューズII ピンフェルトソール(幅広タイプ)","16045","42","","173","¥ 14,969","¥ 14,969","5","B07N1WHX63","B07N1YSDCR","37.4","30.1","13.6","1660"
"ゴルフヘッドカバー ユーティリティ フェアウェイウッド ドライバー ゴルフヘッドカバー ウッド FW ゴルフ UT カバー ゴルフカバー 防水仕様 忍者 (白, 4点セット)","12307","18","","20","¥ 5,980","","1","B0H79DDLQV","B0GHY184SH","35.7","17","11.1","390"
"バラ売り(1個) カラー 45g 60g 80g 100g 120g 150g 180g 200g 250g 300g (選択制) タングステン タイラバ (97%含有) Bakstorm バクスト Strike玉 保護チューブ付 鯛ラバ オモリ シンカー (150g, レッド)","10360","47","","16","¥ 5,720","","1","B09NPMGL3Y","B09MZKV12Q","14.7","6.4","2","160"
"TRIWONDER 自転車ステム 31.8mm 25.4mm ハンドルステム ロードバイク マウンテンバイク MTB 対応可能 0～85度調整可 ハンドルバー用 90mm 110ｍｍ 145mm (31.8mmハンドルバー対応, 31.8 x 90mm)","10367","35","","3510","¥ 6,239","","1","B0F4D3J9NG","B0FCY8SBHQ","16.1","9.9","5","290"
"ダイワ(DAIWA) スピニングリール 22 カルディアSW 10000-H(2022モデル)","10375","57","","20","¥ 29,158","","18","B09R1Y61ST","B0C9ZGMZHQ","17.9","17.9","11.9","890"
"キャンピングムーン(CAMPING MOON) ソフトコンテナ IGT フラットバーナー 天板 2ユニット型 収納袋 収納バッグ ブラック 黒ギア 幅55CM BK-55","10380","40","","51","¥ 6,996","¥ 6,996","2","B0FQH8X86F","B0GSZDWXN9","64.1","46.3","9","2370"
"テーラーメイド(TAYLOR MADE) Qi4D LH #5 REAX 75 S キューアイ フォーディー レスキュー M フレックス：S 番手：#5 LH シャフト：REAX 75","10388","39","","","¥ 40,612","¥ 40,612","12","B0G8FGD2MW","B0GHYMB7GF","110","12.8","9","1000"
"Hikenture インフレーターマット【極厚10cm】自動膨張 簡単設営","10392","24","50","131","¥ 9,716","","1","B0HB3NM29M","B0HFJVVJ2Q","42.5","32.8","18.6","3110"
"MORISHOP 保冷剤 長時間 強力 保冷剤 驚異の保冷力 304ステンレス製 保冷剤 最高な冷却用品 コンパクト 長時間 保冷ステンレス製アイス保冷剤 長持ち 夏のビーチ/ピクニック保冷アイテム アウトドア/キャンプ/釣りに最適（1/2/3/4個セット） (くま型(17.5*11*1.3cm), 4個入り)","22287","12","","19","¥ 5,980","","1","B0H2J1SXGW","B0GWHGLBBV","7","7","1.3","100"
"MKS(三ヶ島製作所) 自転車 ペダル FD-7 折りたたみ アルミペダル シルバー","10401","43","","1513","¥ 5,869","¥ 5,869","22","B004ALNICM","B07F38XQ2J","16.1","8.4","8.2","540"
"ゴールドジム(GOLD'S GYM) 身体にフィットするEXレザーベルト 初心者～上級者 体幹腹圧の安定 柔らかく馴染みやすい 高級レザー使用！丸めて持ち運びに便利 スクワット トレーニング G3322 BK XL","17206","38","","444","¥ 12,100","¥ 12,100","2","B07VKC3TK6","B08ZNN524L","31.4","24.2","14","910"
"ガーデンチェア 屋外 4脚セット UVカット プラスチック 軽量 届いてすぐ使える完成品 お手入れカンタン gchairb204set (ホワイト)","10408","48","","107","¥ 12,280","","2","B08H876ZYB","B0D52P5FKP","94","57","57","90000"
"CAMVIL ZIP-TARP ジッパータープ 5m ブラックコーティング タープシェル対応 メッシュ＆サイドウォール拡張可 煙突口付き レクタ型・ヘキサ型2タイプ展開 収納バッグ付き (BLACK, ヘキサ型タープ本体)","10411","10","","7","¥ 19,900","","1","B0FDWNZHBS","B0FDWPJ3X2","50.3","20.4","17.3","2510"
"Yhmabc ジム/ホームケーブルマシンアタッチメント LAT ラットプルダウンバー プルダウンバー 5点セット マググリップ 筋トレ","10424","41","","80","¥ 9,999","","1","B09B7CBP3Q","B09B7J86WX","86","29","22","13000"
"Coleman(コールマン) コット トレイルヘッドコット 約9kg 2000031295","10429","105","100","916","¥ 6,973","¥ 6,973","7","B01N5QBKBI","B0BDLPMFYQ","97","20","10","9440"
"WAQ ソフトクーラーボックス (S/Mサイズ) 33L 42L ソフトタイプ ソロ用 ファミリー用 レジャー (Mサイズ, BLACK(ブラック))","17167","41","","473","¥ 9,720","","1","B0C1N8CYR1","B0B77TCY3P","54.3","40.7","34.5","2900"
"[Fungoal] スタッフ ビブス [STAFF] 10枚セット 収納袋付き [パープル 紫] [フリー 大人]","27779","21","","59","¥ 5,280","","1","B07BC9774G","B0GJJTS9JW","30","30","5","500"
"andro(アンドロ) 卓球 ラケット用 サイドテープ アンドロエスエル 14221350 12mm×50m","10465","40","","85","¥ 5,330","","6","B07B69JRZW","B07CDJJ29B","19.6","15.6","2.3","190"
"【公式】アイデス アーバンハット サンド｜大人用 自転車ヘルメット ハット型 SG認証 軽量 通気性 54〜59cm 紫外線対策","10466","22","","76","¥ 6,600","¥ 6,635","8","B0CV416XGD","B0CZ9GHNGP","31.1","25.3","14.6","410"
"キャプテンスタッグ ヘキサステンレス ファイアグリル M-6500","10467","65","100","5444","¥ 5,782","¥ 5,782","28","B001VEJ3O8","B0DKXP7TYN","47.8","41.2","7.6","4080"
"タンスのゲン 完全遮光 ポップアップテント 250㎝ ワイド 背負えるケース サンシェード付 UVカット 遮光 74100140(120132)","16778","30","","13","¥ 9,999","","1","B0GX8J63LK","B0GX95HW4P","68","65","7","3800"
"キャロウェイ(Callaway) ゴルフボール CHROME TOUR TD 26 1ダース(12個入り) 4ピース構造 ホワイト","10488","43","","3","¥ 6,480","¥ 5,796","14","B0GMKSSX8V","B0GXVB928B","19.1","14.2","4.7","630"
"Krieger 寝袋 羽毛 シュラフ ダウン 封筒型 軽量 コンパクト アウトドア 防災用 収納袋付き 310T【日本企業企画】 (コヨーテイエロー)","12601","44","","21","¥ 5,500","","1","B0GQ8WPC3B","B0GQ95XC84","25","15","15","800"
"iWA(アイダブルエー) A01VSpecial 縦置き 横置き ディスプレイ スタンド 室内保管 自転車 ラック ロードバイク マウンテンバイク BL&SI","10502","53","","512","¥ 10,086","¥ 10,086","4","B07TKK28LD","B08WK331JJ","88.5","22.5","15","8080"
"Eizer(アイゼル) 子供用自転車 補助輪付き スタンド付き 軽量 マグネシウム合金 キッズバイク 幼児 こども用 男の子 女の子 誕生日 プレゼント ギフト 入学祝い 卒園祝い クリスマス おしゃれ かっこいい 初めて 練習用 乗りやすい 安定感 Ravi ラビ ルージュ 18インチ/カゴあり","10518","12","","","¥ 21,935","","1","B0GWCPSNNF","B0D1KCKNY5","100","58","20","12300"
"Nikon ゴルフ用レーザー距離計 COOLSHOT 20i GIII","10520","91","","16","¥ 23,000","¥ 23,000","16","B0CZ6JDSGC","B0CMTL1Q2B","12.4","10","8.7","280"
"ATEPA 超軽量 690g 高 R 値 6.6 エアーマット 厚さ 10cm 【-20℃耐寒 ・蓄熱保温効果】 (パープル)","15579","3","","2","¥ 10,490","","1","B0H9PWVJ5P","B0HCCQXRBK","30","11","11","770"
"BEIKEMALL アウトドア テーブル チェア セット キャンプ テーブル57cm×95cm×50cm ピクニックテーブル 超軽量 折り畳み 組立簡単 収納バッグ付き BBQ お釣り ガーデン キャンプ用品(ブラック, 5点セット)","10564","52","","128","¥ 8,268","","1","B0DYP487ST","B0DYP48VD8","73","43.1","23.1","7430"
"b.ring スマートリング G2 チタンモデル 健康管理 睡眠管理 AI分析 Android iPhone対応 専用アプリ 最大7日間持続 IP68 5ATM 防水 歩数計 超軽量 ポータブル充電ケース付き (ブラック, US10号 日本基準21〜23号/内周62.5mm)","10523","82","","34","¥ 16,500","","1","B0FZKLG8BT","B0FZJQDW4Y","10.2","7.9","3.2","90"
"Coleman(コールマン) チェア レイチェア 3段階リクライニング 折り畳み ハイバック アウトドア キャンプ リクライニング 収納ケース付き レジャー 屋外 椅子 リラックス 持ち運び ベランダ","10534","68","","1908","¥ 12,900","","5","B07H38Q7KZ","B0DRCC17FP","88.5","24","16","4310"
"Fbsport 2/3/4/5/6M エアトラック 体操 マット エアーマット 折り畳み可能 インフレータブル エアーポンプ付き 自宅用 トレーニング 武道 テコンドー 水上ヨガなど適用","11018","0","","94","¥ 19,999","","1","B0H8NT24X7","B0GVY6HKT6","78","28","26","13480"
"ZEN Camps Air-2 Table アウトドアテーブル 超軽量566g キャンプ アウトドア 折り畳み式 アルミニウム ブラック (本体)","10536","53","","70","¥ 9,471","","1","B0CHYQ59LT","B0CT2S66QT","34.4","26","6.2","910"
"ESS(イーエスエス) クロスシリーズ クロスボウ用スペアレンズ クリアー [並行輸入品]","10550","44","50","485","¥ 5,010","","9","B008BKUBTQ","","16.9","5.9","5.9","50"
"DUNLOP(ダンロップ) XXIO ゼクシオ サーティーン アイアン 単品 MP1300 シャフト カーボン メンズ 右 レッド ロフト角: 56度 番手: SW フレックス:R","15609","23","","56","¥ 16,500","","1","B0CKX5BZQ5","B0CND3W7WB","97","9","5","400"
"ダイワ(DAIWA) プライヤー アルミプライヤーα200H ロック BG C ディープブルー","10568","78","","43","¥ 5,211","¥ 5,211","18","B0CZ6PT17M","B0D22NGNMG","28.1","13.7","3.9","230"
"Muc-Off(マックオフ) 自転車 ディスクブレーキ用カバー [Disc Brake Covers] 2枚1組セット bike_type 【日本正規品】","15252","32","","69","¥ 6,165","¥ 6,165","1","B07T1ZH89B","B09JSM3218","37","34","2.5","430"
"トレッキングポール カーボン 2本セット 伸縮 軽量157g 57-120cm アンチショック 頑丈 高級登山ストック ウォーキングステッキ タングステン杖先 吸水グリップ 収納バック付 ハイキング スキー 登山杖 山登り用品 (ブラック)","12327","32","","28","¥ 5,024","","1","B0GWYLHPC9","B0GKGH1WW8","57","8","8","187"
"[スワンズ] 日本製 スポーツサングラス SPRINGBOK スプリングボック SPB-3516 PAW ミラーレンズ レッドシャドーミラー×ULTRAネプチューンパープル(裏面マルチコート) ゴルフ 野球 テニス ランニング","10578","81","","3","¥ 14,898","¥ 16,295","27","B0BWJ6FQTH","B09RBGX8RC","17.4","8.3","6.2","110"
"Mixiu クロスバイク 自転車 シマノ製21段変速 700C（27インチ相当）タイヤ 空気入れ、前後泥除け、ワイヤーロック、ライト、反射板付き","13648","35","","11","¥ 23,979","","1","B0H2PZQCH6","B0H2PZSLVS","135","72","20","16000"
"[NEW ERA (ニューエラ)] CAP キャップ 12351319 9FIFTY San Diego Padres サンディエゴ・パドレス BLACK & BLACK/ブラック×ブラック [並行輸入品]","14625","17","","46","¥ 5,423","¥ 5,423","1","B0F9KYBJHX","B0HC38VKVK","23.1","19.5","11.9","100"
"BACK2BASICSGOLF パターマット パター練習マット パター練習器具 【全英覇者コーチ監修x高速グリーンx距離感x方向性xインパクト向上x3mxガイドブック付きxブラック】","12197","47","","364","¥ 15,200","","1","B0FDK3N9JN","B0CZQPT58Q","55","17.5","16.8","3180"
"ダンロップ XXIOキャディバッグ GGC-X164 ブラックチェック","10599","68","50","56","¥ 19,495","","9","B0FVLBD4T8","B0G13RJY9R","95","48","32","400"
"テーラーメイド(TAYLOR MADE) Qi10 LH #3 TM50 S キュー アイテン フェアウェイウッド メンズ Diamana Blue TM50 LH フレックス:S 番手:#3","10601","35","","2","¥ 26,500","","1","B0CQSXX17F","B0CT38XQGT","117","11","11","1000"
"Naturehike エアーベッド 内蔵電動ポンプ キャンプ/防災/来客用 1/2/3 人用 蜂の巣構造 厚手 25cm 450kg 耐荷重 快適睡眠 簡易操作 Type-C 充電 コンパクト 収納袋付き","10606","35","50","49","¥ 10,990","","1","B0F249Y8SY","B0F4WSBY43","44.6","34.9","17.8","5790"
"RITFITウェートリフティング ダンベル・バーベルプレート ラバーコーティング バンパープレートステンレス製 シャフト穴径50㎜ 2色 (2.5kg, ステンレス)","23599","27","","6","¥ 6,499","","1","B0CJFYJ9XZ","B0CFWXYL69","23.7","21.5","4.6","5140"
"コラントッテ(Colantotte) コラントッテループ REI レイ デュモルチェライト LL","10627","37","","197","¥ 6,800","¥ 6,800","9","B09DP8L4LS","B0CSWJXK76","15.2","8.1","2","60"
"ARYZE ゴルフクラブセンサーカバー Garmin Approach CT10・Arccosスマートセンサー対応 ゴルフセンサー保護カバー 高耐久 (ブラック, 14個スタンダード)","10634","52","","224","¥ 5,200","","3","B0D54MD3BS","B0FRFMTP55","27.1","7.5","3","82"
"ARURU アウトドアワゴン兼チェア 2WAY キャリーワゴン 【耐荷重110kg / 運搬60kg】 折りたたみ アウトドアチェア キャンプ椅子 ストッパー付き 枕・小物袋・収納バッグ付属 公園 運動会 BBQ 釣り 収束式 軽量 コンパクト (ブラック)","10646","9","","8","¥ 10,980","","1","B0H6JBHR2V","B0H6L5HLNT","99","24","21","5100"
"WAQ AIR SOFA シングル/ダブル ワック エアソファ エアーソファ アウトドア キャンプ 電動ポンプ内蔵 ワンタッチ空気入れ 空気抜き 簡単設営 ソファー 自動膨張 収納袋付き","10649","91","50","28","¥ 16,800","","2","B0FV8G3YLR","B0HFW8XCBX","54.2","38.4","21.6","8470"
"【クッション・収納付き】 2025年 NUMANU 特大サイズ（最大高さ50cm・背が高く座面が広い・耐荷重450KG） 折りたたみ椅子 アウトドアチェア 伸縮式 キャンプ椅子 折り畳み式 キャンプスツール 軽量 コンパクト 持ち運び便利 一秒開閉可能 高さ調整可能 釣り 旅行 バーベキュー 行列待ち アウトドアスポーツ キャリーバッグ付き","10650","40","","1059","¥ 6,760","","2","B0D37NHY5W","B0CTR3Z22L","33.8","33.3","11.3","1810"
"エックスブレイド(X-Braid) オムニウムX8 アップグレード 300m ハンガーパック 4号","10653","41","","62","¥ 5,838","¥ 5,945","8","B08P6CL4F8","B09HL7BYMV","10.8","10.8","2.8","100"
"YJYS ロッドスタンド 釣り竿立て 釣竿置き 釣り具収納 竿立て ロッドラック ロッドホルダー ブラック","10666","8","","4","¥ 8,980","","1","B0H99S7QY8","","43.1","34.8","18.1","8680"
"BBMベースボールカード2ndバージョン (2026) ([トレカ])","10676","0","","","¥ 8,270","","5","4583218710","","20","15","4","200"
"2025年モデル Walkingpad Z1【日本正規代理店 2年保証】ルームランナー ランニングマシン ウォーキングマシン ランニングマシーン トレッドミル ルーム 家庭用 トレーニングマシン ランニングましーん家庭用 treadmill 室内 折り畳み ランナー マシン 折りたたみ 運動器具 ランキング 【沖縄・離島発送不可】","10677","80","50","33","¥ 53,820","","1","B0DWFLNTV8","B0H4Z4RD4Y","70","50","20","20000"
"ゴメクサス CH100 リールハンドル シマノ (Shimano) ベイトリール対応 ダブルハンドル アンタレス メタニウム オシアコンクエスト 両軸リール ハンドル交換 100mm コルク製ハンドルノブ付き バス釣り パワーゲーム釣り 左右兼用","13962","17","","485","¥ 6,490","","1","B09PNDBNP5","B0GV4H3S5Y","20.5","7.7","3.3","90"
"ユピテル(Yupiteru) ゴルフスイングトレーナー GST-5 GL","10696","102","100","1131","¥ 11,800","","1","B00SSXIGKC","","17.2","11.2","5.2","220"
"【アルペン限定】 コールマン COOLER 60QT WHLD AP20 LIGHT GRAY JAPAN (2000036781) キャンプ ハードクーラー Coleman","10701","78","100","115","¥ 10,800","","3","B0C582K6W8","","60","45","45","6180"
"ティバー(TIBHAR) 卓球 ラバー グラスディーテックス ハイテンション粒高 BT018658 赤 0.9","11131","37","","64","¥ 5,542","¥ 5,805","6","B00UT2TOKQ","B07CGJN29R","17.4","17","1","70"
"BMO JAPAN(ビーエムオージャパン) リチウムイオンバッテリー 14.4V 13.2Ah バッテリー&チャージャーセット 10Z0015 電動リール用 釣り用","10718","38","","135","¥ 42,350","¥ 55,533","22","B0B2JHNJN6","B0D9Y6ZHHW","31.4","17.1","16.6","2510"
"TMZ キャリーカート アウトドアワゴン、折りたたみ式、シートとシートベルト付き多機能カート、荷室開閉と拡張可能、前後ダブルプッシュハンドル、耐荷重約120kg、ストッパー付き (ターコイズ/グレー)","12830","26","","54","¥ 13,977","","1","B0D8SVL876","B0DD76KX3G","70","63.2","30.5","20300"
"ダイワ(DAIWA) クーラーボックス 部活/キャンプ/アウトドア/釣り ミニクール2 GU850 ナチュラルレッド","10719","61","","11","¥ 8,098","¥ 8,098","1","B0GFL34FW5","B0H9JLHZFZ","33","31","22","2100"
"リーディングエッジ ハーフラック 多段階高さ調整 セーフティバー 懸垂マシン チンニングマシン ディップスバー ベンチプレス スクワット デッドリフト","10723","44","50","63","¥ 35,800","","1","B0B292LGJ1","B0DKHD5PPP","277","66","47","90000"
"DKPLOE 4/6/8/10/12/14kg マッスルジョッキ ダンベルジョッキ 304ステンレス製 10キロ 重いジョッキ 筋トレグッズ","10723","48","","21","¥ 17,999","","1","B0GTCSPW14","B0FMRVG316","24","24","21","12500"
"SPEEDMARK ロッド ＆ リール 釣竿セット エサ付き 釣具セット ファミリー 初心者 2m (ロッド＆リール ＋ 200A-28DDセット)","10726","51","","","¥ 5,980","","1","B098SV7G4P","B095GLC241","45","18","11","1500"
"STEADY ダンベル 可変式 5kg/7.5kg/10kg/15kg/25kg【クロームメッキ/バーベルにもなる/簡単重量調整】 筋トレ ダンベル dumbbell set ST131","10732","41","","45","¥ 7,490","","2","B0CB1RLSVT","B0CWGDKSQB","30","26.5","15","10000"
"【日本正規品】 Muc-Off(マックオフ) 自転車 チェーンオイル C3セラミックチェーンルブ ドライ/ウエット/オールウェザー 50ml 120ml 300ml","10733","70","","104","¥ 7,370","¥ 7,370","1","B0C7QGBFPP","B0G29GLQKW","21.5","5.2","5","320"
"MLB 2026 TOPPS SERIES 1 BASEBALL VALUE BOX","10735","75","50","194","¥ 5,650","","22","B0GMYZ33SP","","12.6","9.2","7.5","159"
"SEAPLUS SUPインフレータブル スタンドアップパドルボード サップボード さっぷ 初心 者 sap サーフボードカメラスタンド付き 幅82cm 超広い 初心者 釣り レース 水上散歩 ヨガ ANTU-AB 10’6 320*82*15cm 安全荷重150kg ポンプ、パドル、バックパック、リーシュ 、フィン、ドライバッグ を含む","10737","64","50","262","¥ 22,664","","1","B087LX7VVV","B0H395MRVV","90","38","27","14300"
"ゴルフ グリップ交換ツールセット360°回転式クランプ 口幅68mm グリップテープ15枚セット オールインワン Eighteen Golf グリップ交換 スリーブ交換 作業台固定 (グリップ交換ツールセット(ブルークランプ))","8690","30","","61","¥ 5,800","","1","B0GY3YRGK8","B0GY3N5WPV","26.8","19.8","12.1","2020"
"[ビームスゴルフ] S/S TEE トラベルカバー 2 メンズ NAVY ONE SIZE 81040663833","8024","23","","61","¥ 8,800","","1","B0FQS79F1C","B07H3CPQKH","35.4","32.9","6.8","820"
"シマノ(SHIMANO) UHタックルバッカン BK-001Z ブルーチャコール 32L","10757","45","","10","¥ 14,181","¥ 14,335","12","B0GGYZ11TY","B0GGZJWHKM","58.5","36","33.5","2970"
"PANP RIDE CYCLE 空気入れ 自転車 ロードバイク 携帯 日本 メーカー (全バルブ対応) 米式 英式 仏式 ボール 電動空気入れ 自動 軽量 小型 コンパクト エアコンプレッサー KUKIIRE【保証1年間】","10762","42","50","144","¥ 11,980","","1","B0DSC14WSL","","9.2","7.9","5.4","220"
"Nanga(ナンガ) ウォータープルーフ スリーピングバッグカバー N1BCBK14 フリー KHA カーキ ユニセックス","10765","45","50","267","¥ 5,778","","20","B09RZMF2J8","B09V82W2RW","17","14.7","11.3","350"
"J-TANXJ 折りたたみ自転車 26 インチ 7 段変速 軽量 高炭素鋼フレーム (ホワイト)","11896","20","","4","¥ 14,631","","1","B0GGX47C58","B0FMRW7NNQ","88","72","33","16000"
"ダンロップ(DUNLOP) ゴルフボール ゼクシオ HYPER RD 2025年モデル 1ダース(12個入り) ライムイエロー","10775","54","50","16","¥ 5,324","¥ 5,324","18","B0FVL5DWRG","","18.9","14.6","4.6","660"
"MIZUNO(ミズノ) 健康器具 バランスバウム 上に乗ってゆらゆらするだけ 気軽に全身運動ができる グレー C3JHI301","9754","48","50","16","¥ 18,612","¥ 18,612","1","B0D1FRKFM2","","89.5","37.5","27.5","6500"
"フランクリンバッティンググローブ 野球 大人 高校野球対応モデルあり バッティング手袋 CFX PRO CHROME ハイスクール レッド Lサイズ SOLVシールあり","11075","22","","13","¥ 9,350","","1","B0FYDF8TMK","B0FYCMRY4B","31.2","12","3.6","110"
"ニューエラ(new era) ニューエラキャップ MLB プレカーブド59FIFTY 帽子 NYウィート 7 7/8 PC5950 NEYYAN WHE SWHT 23J","19770","12","","217","¥ 6,600","","1","B0BN2MM49J","B0BQGYLZMX","21.1","20.4","12","100"
"KingCamp ディレクターチェア 折りたたみ 特大サイズ 耐荷重180kg サイドテーブル付き アウトドア用品","12806","35","","64","¥ 6,390","","1","B085XR4MMM","B08XHRY6HY","81","50","12","4500"
"POVNAS 電動リール用 互換バッテリー 4500mAh LED残量計付き","8897","16","","512","¥ 10,690","","1","B09Q95WTJV","B09NQJMVFL","22.3","15.4","5","200"
"XINGMIVA アウトドアテーブルセット キャンプ用 折りたたみテーブル＆イス 幅120×奥行57×高さ50cm 収納バッグ付き 簡単組立て 花火大会・ピクニック・BBQ・お花見・お祭りに 野外レジャー ガーデニング テント用（木目調, 7点セット）","11189","30","50","12","¥ 11,580","","1","B0GW4VS4C1","B0HFHCD6HV","68","41","23","10650"
"Northdeer ダンベル 可変式 小型 スチール製 5kg 9kg 13kg 17kg 21kg 25kg クロームメッキ 家庭用","10816","70","","10","¥ 16,999","","1","B0CQP87X14","B0CX4HW17C","43","23","20","25000"
"LINDSPORTS ヒットバッグ Aタイプ","18221","36","","171","¥ 8,420","","1","B00N8NWV44","B07T7DJYWS","73","29","29","1790"
"ビットリア(Vittoria) CORSA N.EXT ALL BLK 700X28C クリンチャータイヤ","10826","40","50","102","¥ 6,301","¥ 6,301","10","B08KZSVBG4","","23.5","10.4","8.4","300"
"ダイワ(DAIWA) ロッド 21 エメラルダス MX 86ML-S・N ブラック","10827","39","","18","¥ 24,178","¥ 25,109","10","B096H6YTV3","B0FC1N2D2P","136.5","8.5","5.5","600"
"RDX ボクシンググローブ F4シリーズ 【UK 売上No.1ブランド】 パンチンググローブ スパーリング マジックテープ キックボクシング トレーニング 練習用 日本正規品(ブルー,14OZ)","26773","18","","219","¥ 9,480","","1","B0BPHBG9H7","B0BPL32TLB","42.7","24.5","13.3","830"
"銀マット 極厚 8mm キャンプ用 100/120/150/180/200/250/300cm×200cm アルミシート 保温 防災 防水 断熱 両面アルミ蒸着 折り畳み レジャー テント プールマット (200*250)","10854","54","","225","¥ 5,380","","1","B0DXFRLY9Z","B0DXV6PFRL","60","50","20","900"
"MUSCLE FACTORY ドロップマット 40×60cm 厚さ15cm ダンベルマット バーベル 防音 衝撃吸収 圧縮ウレタン PVCレザー デッドリフト 床保護 筋トレ トレーニング ホームジム 単品","12264","26","","30","¥ 5,220","","1","B0GVYB2CS5","B0GVXXPY1R","62.9","42","17.2","5060"
"GENTOS(ジェントス) LED 懐中電灯 USB充電式 【明るさ1200ルーメン/実用点灯4時間/耐塵/1m防水】 専用充電池使用 K-フォース KF-186R","10860","41","","30","¥ 5,453","¥ 5,453","17","B0D3T2QV3T","B0FGXLR4KJ","21.6","12.6","4.7","260"
"Coleman(コールマン) 50リミテッド アウトドアワゴンＮＸ","10862","30","50","4","¥ 14,563","¥ 14,563","2","B0GQZ2XP3G","","64","54","42","9000"
"OLIGHT(オーライト) Perun 3 Mini LED ヘッドライト 充電式 懐中電灯 ヘルメットライト 白＆赤 1250ルーメン 停電対策","10865","81","100","65","¥ 7,116","","1","B0F6JK193C","B0GJYSKMK5","15.3","7","3.2","130"
"モーラナイフ ガーバーグ スタンダード ステンレス Morakniv | ナイフ キャンプナイフ フルタング キャンプ アウトドア キャンプ用品 アウトドア用品 料理 調理 釣り 登山 防災 ステンレス バトニング 薪割り 刃厚3.2mm (ミリタリーグリーン)","17334","48","","11","¥ 12,540","","1","B0DRFBHL7M","B0DRFQM16K","27.9","6","4.4","230"
"メジャークラフト ジグパラ バーチカル タングステン JPVTG-180 ピンクパープル","12738","44","","22","¥ 5,258","¥ 5,258","4","B0CNPKFL2S","B0CNPRPLF4","18.4","4.5","1","190"
"WUBEN E7 1800 ルーメン 充電式ミニ懐中電灯 マグネット付き - 超高輝度 6 モード EDC 懐中電灯、Typ-C 充電式 LED。 IP68 ポケット懐中電灯使用、救助、キャンプ用","10871","69","50","1218","¥ 5,509","","1","B0GD7QPRWP","B0HDJ2BFNL","13","9.4","4.7","170"
"ARURU キャンプ 椅子 リクライニングチェア アウトドアチェア 4段階調整 【耐荷重150kg】 ハイバック ヘッドレスト付（腰当て兼用） アルミ合金 600Dオックスフォード 肘掛け 折りたたみ コンパクト 収納袋付 木製アーム 黒 2セット","18570","10","","167","¥ 16,880","","1","B0FK58YSWK","B0HF7ML55K","94","48","21","11200"
"Solotour IGTテーブル アウトドア テーブル キャンプ 折り畳み アルミ 調節可能 軽量 頑丈 30㎏荷重 便利 バーベキュー ハイキング コンパクト 収納袋付き","14657","59","50","138","¥ 9,990","","1","B0D2MD5KBN","B0DRD74JTJ","85.5","16","14","5100"
"エアロバイク 家庭用 静音 無段階負荷調整可能 耐荷重150kg 折りたたみ式 簡単組み立て フィットネスバイク タブレットトレー付 有酸素運動","10892","9","","19","¥ 13,999","","1","B0HC349ZJG","B0HDY5JSLF","76","60","16","16700"
"ダイワ(DAIWA) ルアーロッド SKYHIGH(スカイハイ) 90L","19144","40","","2","¥ 17,171","¥ 16,843","12","B0DZWWVR62","B0F24BCS53","155","14","9","230"
"ダイワ(DAIWA) エギングロッド EGING X 86M (2022年モデル) ブラック","10906","42","","47","¥ 11,165","¥ 10,417","20","B0B2VZ8HB6","B0B6TVV74X","139","8.8","6","730"
"【パワーチューブ監修】PLカレッジ エルボースリーブ 厚さ7mm 肘サポーター 筋トレ ベンチプレス ショルダープレス P.L.College XL","11056","54","","40","¥ 6,500","","1","B0DJBP1X45","B0DJBQ56HZ","28.2","19.1","3.6","350"
"Estgora SUPボード スタンドアップパドルボード インフレータブル 初心者向け エアーサーフボード カヤックシート搭載 EVA素材滑り止め 安全性 超軽量 supフルセット パドルの165–210cm無段階調節 耐荷重200㎏まで スマホ防水袋付き 長320*幅82*厚15cm (ブラック)","17490","52","50","17","¥ 19,999","","1","B0GYRYM9S4","B0GYS4TL9W","87","34","24","12260"
"Amazonベーシック ゴルフ 練習 ネット 2.4m×2.4m ポータブル 屋外 室内","10913","44","50","897","¥ 8,345","¥ 8,345","1","B07C8P5M3L","B0CD3XM6WG","97.8","22.5","13.4","9004"
"Colantotte(コラントッテ) MAGサポーター 腰 ブラック S 65~85㎝","10915","37","","6","¥ 7,700","¥ 6,995","5","B0BLTV3GW5","B0CL8CHT2K","22.8","16.1","4.9","200"
"OGK技研 オージーケー技研 チャイルドシート (FBCシリーズ) FBC-011DX5 (ヘッドレスト付コンフォートフロントベビーシート) ブラック・ブラック 新SG基準適合品","10917","42","","20","¥ 12,640","¥ 12,453","10","B0D53D3CRJ","B0DK2Q2ZSF","58","37.2","26.2","4200"
"ハスクバーナ ツールベルトキット用 15mメジャーテープ 586997501","10917","19","","137","¥ 7,224","¥ 7,224","5","B08CTR1PY9","","16.6","11.6","4.3","530"
"FUTUREFOX 【国内水質検査クリア】携帯浄水器 災害用 浄水器 防災グッズ 8,000L 高性能ろ過 ポーチ付属 (浄水器(本体))","10918","58","50","73","¥ 10,260","","1","B0FR4F2CYY","B0FR4HS8K8","25.6","12.8","6.1","590"
"Findway ゴルフ スタンドバッグ セルフスタンド クラブケース 7-8本収納 ゴルフバッグ 練習用 軽量 約997g 3つポケット 保冷機能付き ショルダーベルト キャディバッグ ゴルフ サブバッグ 男女兼用 耐久性 衝撃保護","10920","60","100","250","¥ 5,657","","1","B0FQ4VQ9ZK","B0FQ4Y3CHR","86.5","16","14.8","1190"
"KingCamp 折りたたみテーブル キャンプ テーブル アウトドア 高さ調整 耐荷重80kg 4つ折り バンブー 天然 孟宗竹","10920","64","50","277","¥ 10,990","","1","B08C767DJG","B0FN3T2G1X","68.3","16.5","12.2","5080"
"キャリーワゴン Raynesys アウトドアワゴン 大容量150L~220L 耐荷重200kg 後部展開可 長物対応","10928","64","50","1556","¥ 8,980","","1","B0DRFYMKP1","B0GX5VNFXY","67.5","37","26.7","12900"
"[キャンパーズコレクション 山善] キャンプ テーブル 軽量 折り畳み 耐熱・耐滴加工/かんたん組立/高さ2段階/耐荷重40kg フォールディングテーブル YAT-1280 (BWH) アウトドア バーベキュー BBQ 幅120×奥行80×高さ37.5/70cm","10935","33","","34","¥ 7,480","¥ 7,480","2","B0D1FZGYH8","B0H25YM1CB","81.5","63","8","6650"
"JES-BASARO (ジェスバサロ) 自動膨張式 ライフジャケット 救命胴衣 自動/手動双方対応モデル 2Wayモデル 肩掛け ベストタイプ 釣り メンズ レディース 浮力150N 日本国内メーカー B-Life-Jac-TYPE-J-MN/AT 日本語取り扱い説明書 国際安全基準CNAS認証品ボンベ搭載 (グリーン迷彩)","17897","23","","103","¥ 5,980","","1","B0CV9H3WLJ","B0CVZD1JZW","33.5","27.4","7.8","710"
"パターマット工房 スーパーベント 日本製 (45cm×5m) 距離感マスターカップ付き 室内 防音 ゴルフ練習マット SUPER-BENT","18393","35","50","156","¥ 7,597","","1","B008I42WHO","","45","18","18","1000"
"カッターズ (CUTTERS) バッティング グローブ 手袋 B353 プライムヒーロー3.0 両手用 野球 ソフトボール S ロイヤル×ホワイト","11173","34","","21","¥ 5,148","¥ 5,244","9","B0DG1R3DL8","B0F6LNHL3B","26","15","3","100"
"王子オモリ鋳造 王子 タイラバ ヘッド タングステン 保護チューブ付 タイラバヘッド 鯛ラバ 誘導式 自作 人気 オモリ 45g 60g 80g 100g 120g 150g 200g などから選択 (この商品は300g 2個)","20669","16","","","¥ 18,900","","1","B0CMT5DLVX","B0C8D12SJB","7.5","6","2.4","600"
"BTM 電動ランニングマシン MAX12km/h 専用保護マット付き 防音防傷 ルームランナー 家庭用 トレッドミル フィットネスマシーン トレーニングジム ウォーキングマシン 静音 折りたたみ 見やすい操作パネル 12個のプログラムモード付 広幅走行面 ジョギングマシン 傾斜角度3段階調整（0.5°・2.1°・3°）","15108","43","50","286","¥ 28,310","","1","B09P9SS1DM","","144","67","24","38000"
"KABUTO(カブト) 自転車 ヘルメット REZZA-3 サイズ:S/M(55-58cm) カラー:レッドブラック JCF(公財)日本自転車競技連盟公認 CE EN1078","10954","58","","74","¥ 9,565","¥ 9,565","9","B0DX16RLTL","B0F2FG5FHX","29.6","24","19.2","650"
"強力保冷剤 驚異の保冷力 円形 Mサイズ 直径9.5cm 4個セット【倍速凍結＆長時間保冷】ステンレス製アイス保冷剤 コンパクト 長持ち 繰り返し使用可 防災用にも最適","36559","10","","91","¥ 5,980","","1","B0H4R4FNBL","B0H4R9LZ9R","10","9.5","2.5","1070"
"[コラントッテ] TAOネックレス スリム ARANmini シルバー×ブルーラメ LL ABARO07LL","12302","75","","316","¥ 20,998","¥ 20,998","14","B0B3MG8J7Q","B0D3HJVCQ4","18.5","16.3","2.3","90"
"FitElite(フィットエリート) 体操 ストレッチマット 折りたたみ (180x60x5.4cm ジョイント無し, ブラック)","12236","69","50","483","¥ 5,360","","1","B08GHPC6JM","B0CKS1KK2P","62.5","62.4","18","3010"
"TIMBER RIDGE キャンプベッド ジェットコットUL-NEO 【20秒展開・パーツ組立不要】 アウトドアベッド折りたたみ L190.5*W65*H18.5cm 耐荷重102kg キャンプコット 軽量 コンパクト 沈み感ない 新型ファスナー 収納バッグ付き","10965","49","50","30","¥ 8,999","","1","B0FN6ZBRJK","","53.3","25.2","16.5","3750"
"C&G（シーアンドジ―） ホワイトテープ (50mm×12m 24本入り)","10965","39","","26","¥ 5,320","","2","B07F6CTK1Y","B07BJFF91M","35.1","23.7","18.4","2630"
"AZLIV エルボースリーブ Standard 王道モデル 7mm厚 3Dフィット 高密度ネオプレン ベンチプレス 肘サポーター (ブラック, S)","10967","45","","608","¥ 5,480","","1","B09FXFY5V3","B09FX94KGT","26.4","23.1","3.6","190"
"AIRHOP トレーニングマット アップグレード版 リバーシブルデザイン 厚さ2cm 高密度EVA素材 大判ジムマット 防音 筋トレ エクササイズマット キズ防止 床保護 衝撃吸収 ホームジム用 62×62cm","15060","0","","315","¥ 24,999","","1","B0HFNHYPJM","B0GGGHFS4L","64","62","26","8000"
"尾上製作所(ONOE) 10枚入り ピザストーン2528 G-PS-2528 [コンパクトピザオーブンの交換用 285×250×10mm バーベキュー]","10973","50","","273","¥ 14,670","¥ 14,670","2","B07VRNNXB7","B0CV5B78M7","44.9","42.3","34.6","19330"
"宇崎日新 インヴィクタ クロダイ RND-BG 85 ブラック/ガンメタリック","18715","40","","46","¥ 8,652","¥ 8,652","12","B08B1N5WS4","B0CBBF8MKQ","11.2","10.8","8.8","140"
"【正規品】Re ルネサンス ツイスト ステッパー SP-100 スポーツクラブがつくった 連続使用約120分 静音 ツイスト運動 筋トレ＋有酸素運動5年間商品保証 (ピンク)","10993","36","","24","¥ 14,980","","1","B0DP43QKLK","B0DPHPLQ35","52","33.9","29.5","10000"
"【2026アップグレード版 】EMS腹筋ベルト ジェルシート不要 6腹筋パッド 3Dフローティング 交互体験 8種類モード 30段階強度 大型液晶画面 USB充電式 腹筋トレーニング器具 ベルトサイズ調節可能 簡単操作 男女兼用 日本語説明","11000","37","50","24","¥ 12,537","","1","B0GYWGPXRG","B0FJ7MDZKD","31","24","6","800"
"HEMAJUN(ヘマジュン) 魚群探知機用バッテリー、専用充電器付き HONDEX魚群探知機と互換性あり","11017","37","50","64","¥ 7,980","","1","B09QCD8SHW","","21","14.3","5.2","370"
"【パワーチューブ監修】PLカレッジ ニースリーブ2.0 厚さ7mm 膝サポーター 2枚組 筋トレ スクワット 高反発 硬め (グレー, XL)","26012","5","","4","¥ 8,980","","1","B0FR8PVD2M","B0FR8MQXXF","33","17","6.5","500"
"GORILLA SQUAD(ゴリラスクワッド) フロスバンド ゴリラフロス グリーン×グリーン 2本セット 250cm×5cm","11022","49","","365","¥ 5,780","","1","B07VF6YMJS","B0FXB37BYW","15.4","10.6","6","180"
"EVREFIN 保冷クーラーボックス 丈夫 PP 外殻厚 EPS 断熱層 4 サイズ展開、密閉パッキン付き長時間保冷蓋カップホルダー付きアウトドア収納ケース (白色温度計モデル【シーリングリング＋クリップ付き】,12L)","23730","1","","","¥ 5,299","","1","B0H5NYYWVZ","B0H5PCWBWT","38","34","31","3000"
"DOD(ディーオーディー) ソフトくらこ(10) 10L 極厚断熱材 ソフトクーラーバッグ ツーリング や ソロキャンプ や フェス に 薄型形状 CL1-720-BK","11034","48","50","393","¥ 5,126","¥ 5,126","5","B08CXMCKZW","","42","33","15","720"
"三栄コーポレーション ガーデンテーブル 屋外 2WAY 高さ2段階 収納付き ドリンクテーブル 丸型 幅55cm グレージュ MINT","15680","21","","9","¥ 11,990","","1","B0C9TL4W7W","B0C9TKFBWR","58","58","44",""
"ダイワ(DAIWA) ベイトフィネス専用 25ALPHAS(アルファス) BF TW 6.3L","11049","41","","3","¥ 35,420","¥ 35,420","21","B0DMF5D7XY","B0DNDZXTTK","13.6","10.8","6.9","260"
"Mountainhiker キャンプ用エアマットレス、10cm 高反発ポリウレタン キャンプ用エアベッド。電動エアポンプ内蔵。自宅/車/防災用仮設マットレスとして最適です R値 8.0 ダブル インフレーターマット (オリーブグリーン 幅140cm)","11059","31","","28","¥ 16,704","","1","B0DZ1R375B","B0F2Z2YTVJ","68.9","37.6","23.8","5110"
"サバティカル SABBATICAL テント アルニカplus キャンプ 2人 4人 5人 防水 2ルーム ファミリー アルミポール","21457","11","","","¥ 109,890","","1","B0F527QG6Z","B0D1FNF6SG","81","41","36","26000"
"Onlyhe折りたたみヨガマット (七つ折り) 180cm*61cm 快適で耐久性があり収納しやすく たたんで 滑りにくく 洗いやすい 家族レジャートレーニング キャンプに適しています","11083","53","","25","¥ 5,200","","1","B0FXM81Q6N","B0FXWT9GQY","63.6","30.3","6.2","930"
"HiiPeak エアーベッド 電動ポンプ内蔵 エアーマットレス 【TPU素材&22cm厚さ&自動膨張】 空気ベッド キャンプ マット ダブル","11086","20","","25","¥ 12,799","","1","B0HBPSY3J4","B0HBQ6VLRN","40","20","19","3300"
"[Insvog] スポーツ ユニセックス サングラス 超軽量 UVカット ケースセット モデル アジアンフィット ランニング アウトドア 自転車 登山 野球 ゴルフフィッシング ドライブ バイク テニス 用 グラス","13171","36","","8","¥ 5,263","","1","B0FBWM2R6J","B0FBW9SYG4","19","9","6.2","80"
"ピーコック（peacock） クーラーバケット IGN-100 小型 9.5L クーラーボックス 保冷 キャンプ ハードクーラー 真空断熱 （ダークグレー/ＦＦ）","11101","43","50","5","¥ 29,530","","12","B0DV918QFG","","49","30","30","5370"
"ガービー（Garvee）SUPボード サップボード 初心者 sup スタンドアップパドルボード 超軽量 長323cm 幅81cm 厚15cm","11115","47","","29","¥ 19,935","","1","B0GVJFDHWK","B0GVJKY28H","90","40","24","12200"
"Muc-Off(マックオフ) 自転車 洗浄液・クリーナー 洗浄機 [X-3 DIRTY CHAIN MACHINE]【日本正規品】","11117","39","","52","¥ 5,939","¥ 5,939","1","B07SXGRJ49","B0D37YNNFV","20.4","10.1","9.1","350"
"MECH CAMP グランドシート テントアクセサリ 防水シート フットプリント ハトメつき 収納袋付き アウトドア キャンプ ※テント本体は含まれません【ゼインアーツ代替品】 (LOLO ロロ 代替品 全面用)","13721","32","","1","¥ 11,000","","1","B0D1VBQ49D","B0D1VCBN54","28.5","24","19","2320"
"ダイワ(DAIWA) スピニングリール 23レグザ(LEXA) LT2500-XH","11123","49","","8","¥ 16,980","¥ 18,717","47","B0C9M12FN9","B0C9ZHB7WQ","13.6","13.3","9.8","360"
"シマノ(SHIMANO) 両軸リール 22 アルデバラン BFS XG RIGHT スコーピオン バス釣り","11136","37","","35","¥ 36,790","¥ 37,414","7","B09R9VW51W","B09VP3FWLG","15","13.3","9.1","260"
"【2026新登場】EMS腹筋ベルト ジェルシート不要 6腹筋パッド 3Dフローティング 交互体験 8種類モード 30段階強度 大型液晶画面 USB充電式 腹筋トレーニング器具 ベルトサイズ調節可能 簡単操作 男女兼用 日本語説明（グレー）","11143","6","","46","¥ 15,998","","1","B0HC2BX4G9","B0DYTGH5CN","29.3","21.6","5.2","660"
"DOD(ディーオーディー) バッグインベッド バッグに入る軽量ベッド ツーリングにも CB1-510K ブラック (約)W183×D72×H15.5cm","11144","64","","4366","¥ 11,280","¥ 11,451","4","B01MZBEOPN","B01NBXZXI9","51","21","13","2700"
"Coleman(コールマン) フラットテーブル/60(ブラック) キャンプ アウトドア 折りたたみ 軽量 コンパクト","11148","61","100","15","¥ 8,178","¥ 8,178","9","B0G2LHT6F3","","63.1","42.8","6.4","2550"
"ロードバイク 自転車 シマノ14段変速 700*32cタイヤ ドロップハンドル 補助ブレーキ搭載 前後キャリパーブレーキ 超軽量高炭素鋼フレーム (ホワイト)","11152","45","","44","¥ 23,980","","1","B0CCS19JPN","B0C14GNSK7","130","70","19","18000"
"hanmir ロッドスタンド 釣り竿立て 多機能 大容量 釣竿収納 釣り道具収納 釣り竿ラック","11155","44","200","8","¥ 7,499","","1","B0GK8Q12RT","","44.4","33.8","16.5","6880"
"elitegrips(エリートグリップ) ワンスピード ヘビーヒッター ゴルフスイング練習器具 ショートグリーン 35インチ 680g","11164","41","","434","¥ 9,900","¥ 11,211","7","B0713WR4T5","B01LQLQGI6","94","14","4.5","1080"
"プーリーケーブルマシン LAT ラットプルダウン ケーブル トレーニング 機器 プロフェッショナル 筋肉強化 フィットネス器具 メンズ レディース 前腕 リストス ローラー トレーナー フィットネス 機器 ヘビー デューティ プーリー システム LAT付き(2.5mケーブル)","11177","45","","599","¥ 5,699","","1","B0895JF98P","B08F2ZDZTJ","42.2","12.8","10.6","2460"
"SANLIKE サンライク玉の柄 タモの柄 小継玉ノ柄 3M/5M/6M ランディングポール カーボン 9段階 伸縮 コンパクト 軽量 海水淡水両用","11177","34","","153","¥ 8,041","","1","B0C4DSKTS2","B0C26YYW42","77.9","7","3.8","660"
"シマノ(SHIMANO) エギング スピニングリール 23 セフィアSS C3000SHG","11182","41","","21","¥ 20,164","¥ 20,164","7","B0CCJCQYK4","B0CG58RZ62","15.1","13.1","8.9","310"
"ヨネックス(YONEX) バドミントン ラケット アストロクス 77 プロ (フレームのみ) 4U6 ハイオレンジ(752) AX77-P","11184","62","","16","¥ 30,690","","13","B0BJJDZSXZ","B0BJPMWXJT","71.6","21","5.6","180"
"[MAMMUT] メンズ スカイウォーカー 3.0 ヘルメット Skywalker 3.0 Helmet 0139 クライミング ヘルメット","12864","57","100","83","¥ 7,890","","12","B09SPZ59QV","B0C9W86M4Y","27.1","21.4","15.6","540"
"ダイワ(DAIWA) タックルボックス ソルトウォーター専用 鏡牙 TB5000 釣り ボックス","14402","76","","164","¥ 5,241","¥ 5,241","12","B0796JGL9J","B0FDB1SZPS","46.2","32","31.6","2940"
"キャプテンスタッグ 一人用鍋セット オーリック 小型 ガスバーナーコンロ・クッカーセットM-6400","11196","65","50","1844","¥ 5,560","¥ 5,786","28","B000BSCA5E","B08DKL1HBP","19.2","12.2","11.2","1030"
"Quictent ワンタッチ タープテント 蚊帳テント 3段階調節 UVカット 耐水 蚊帳タープ スチール キャンプ アウトドア 耐水 テント キャンプ用品 虫除け対策 簡単取り付け メッシュスクリーン","11745","81","50","914","¥ 12,236","","3","B08M3DDTVK","B0C33LHSW1","118","23.5","22.5","14800"
"ダイワslpワークス(Daiwa Slp Works) SLPW LT タイプ-αスプール3 5000S ゴールド (タイプ3・ATD 搭載)","11204","36","","1","¥ 7,518","¥ 7,518","21","B0D943KK8S","B0DFHBW2L5","15.3","8","7.4","220"
"Amazonベーシック ダンベル ゴムカバー付き 六角形 36×17×15cm 20.4kg ブラック&シルバー","11212","51","","51222","¥ 5,870","¥ 5,870","1","B074DZ6NJB","B0CSFZ429V","38","18","17","20475"
"がまかつ(Gamakatsu) ラグゼ EGTR S S511ML-solid","11214","15","","","¥ 29,700","¥ 30,200","4","B0H1QMNCKQ","B0H1QR3SYD","102","9","1","220"
"[ミドリ安全] ビジョンベルデ 保護めがね VG505F ゴーグラス 通気孔あり 両面曇り止め UVカット めがね併用可 (× 2)","11261","22","","38","¥ 5,200","","","B0GZ5DSQJR","B0GZ883FD1","26.5","13","7","210"
"スノーピーク シェルフコンテナ25 UG-025G","11226","43","","313","¥ 14,520","¥ 14,520","17","B009SYF6YO","B0D4XVCWDD","51.4","34.7","23.2","4570"
"CAMDOOR エアーマット エアーベッド R値6.8【SGS認証・超軽量600g・厚さ10cm】極寒対応・底冷え対策 収納袋ポンプ式 連結可能","16268","9","","40","¥ 20,999","","1","B0HCNVY4FV","B0GTMJ4YMJ","26","12","12","610"
"Ashconfish 16本編み中空コアPEライン 1000M 12号（130LB/58.96KG） マルチカラー 高強度 低伸度 高感度 スムーズキャスト","14451","27","","74","¥ 6,539","","1","B08R7C2CFT","B0FLPWCW97","2","2","2","2000"
"WHOOP Peak - 12ヶ月会員 - 24時間年中無休のアクティビティと睡眠トラッカー パーソナライズされたコーチング 月経周期の洞察 - 14日以上のバッテリー寿命","11346","53","50","2320","¥ 51,843","","13","B0DY2SWV16","B0F6M7SXJB","18.5","6.5","3.5","120"
"八角タープ【ブラックラバーコーティング 工場直販】 天幕 大型 防水タープ テント キャンプ テントとの取り組み可能 撥水加工 軽量 UPF50+ 紫外線カット 5000ｍｍ耐水圧 210Ｄ高密度生地 8本ペグ付 8本テントロープ付 日除け/遮光/遮熱/難燃/耐水性優れ 防水収納ケース付き 簡単設置 ピクニック・釣り・登山・運動会・アウトドア メーカー3年保証付(3*4.5m)","11094","73","100","7","¥ 6,250","","1","B0H1JGMXH2","","68","15.5","15.5","3050"
"YZ ジムタイマー、スタート/ストップボタン付きジムクロック、ワークアウト用インターバルタイマー、12/24Hデジタルタイマーストップクロック、リモート付きポータブルストップウォッチカウントダウンクロック、ホームジム用フィットネストレーニングタイマー","11264","41","","","¥ 9,699","","1","B0FT34K3NT","B0GF1PQ7WP","29.8","15","9.8","800"
"DesertFox リクライニングチェア キャンプ椅子 2段階 1秒調整 4way 仮眠 昼寝四季適用 アウトドアチェア 【耐荷重150kg】キャンプチェア コンパクト 折りたたみチェア 軽量 イス 携帯便利 ピクニック レジャー キャンプ用 STTY (黒，スタイルA)","11266","37","","29","¥ 5,219","","1","B0FX9ZYJXG","B0FVL5XN98","79.8","18.9","17.6","4220"
"OGK技研 オージーケー技研 自転車 ヘッドレスト付リアキッズシート「ポポラ モア」 RBC-019DX チャコール","16956","21","","88","¥ 12,100","","1","B09M3RCLVL","B0DK2R6LSS","62.2","44.9","37.1","4130"
"ヨネックス(YONEX) テニス バドミントン グリップテープ ドライタッキーグリップ(30本入り) ブラック(007) AC15330","11283","47","","111","¥ 10,577","","20","B0CVK7NSGX","B0GWTSHH2X","13.3","11.1","9.1","230"
"リーディングエッジ 2WAY ディップスタンド 耐荷重120kg 高さ3段階 握りやすいソフトグリップ プッシュアップバー ディップスバー 安定","17663","50","100","480","¥ 10,980","","1","B08168SP3Q","B0CR69M4C4","71","34","15","20000"
"DesertFox キャンプチェア リクライニングチェア 四季適用 アウトドアチェア 単品/セット 背もたれ角度4段階調節 ローチェア クーラーボックス付き 折りたたみ 軽量【耐荷重150kg】イス 椅子お釣り 登山 携帯便利 ピクニック レジャー キャンプ用 STTJBB (黒，2，L)","11304","56","50","84","¥ 8,999","","1","B0FWQTCBH7","B0FVSK8X3H","69","61.5","17","10580"
"MOON LENCE アウトドアチェア キャンプチェア ハイバック 折りたたみ 椅子 【2026年改良モデル】超ワイド67cm 軽量2.45kg 耐荷重200kg 4段階高さ調整 アルミフレーム 収納バッグ付き","11306","42","","146","¥ 6,375","¥ 6,375","3","B0DZCKFCZ1","B0DZCJJP4T","51.2","22.6","18","3090"
"パナソニック(Panasonic) リチウムイオンバッテリー NKY491B02B/25.2V-6.6Ah 黒 ブラック","11316","51","50","537","¥ 35,580","¥ 37,009","14","B014H035AA","B096WLM8LH","26.6","13.8","11.6","1870"
"キャンピングムーン（CAMPING MOON） CB缶 ガスステーション セイフティースタンド型 3本連結式 Z13M/Z17/Z30","11320","34","","403","¥ 5,556","","2","B09F6DDCYT","","32.6","26","4","360"
"【アワード受賞・人気ブランド】 BARWING(バーウィング) フィットネスバイク エアロ バイク マグネット式 16段階 負荷調整可能 折りたたみ コンパクト キャスター付き 組み立て簡単 サドル前後調節 耐荷重 160kg 連続使用時間 100分 (アイボリー)","12994","12","","","¥ 17,800","","1","B0FXZRDR3S","B0HFHM8HVP","100","45","15","18000"
"TIMBER RIDGE キャンプチェア 折りたたみ椅子 ハイバック 4段階リクライニング 耐荷重136kg テスリン生地 通気性 コンパクト収納 収納袋付属 アウトドア キャンプ ガーデンチェア ブラック","11336","36","50","18","¥ 6,299","","1","B0FQBRK11B","","97","20.5","19.5","6220"
"FLIT BOX7 メンズ ユーティリティ 右用 9U 30° FD-60標準カーボン Rシャフト 高弾道","31152","29","","11","¥ 12,980","","1","B0DYJ9Q6BT","B0DYJBMGKR","113.5","14","12.5","835"
"DOD(ディーオーディー) ワンタッチテント ゆったり使える 2人用 紐を引くだけ 簡単設営 T2-629-TN T2-629-TN","11338","94","100","1327","¥ 10,586","¥ 10,586","7","B07QS8DRHK","B07S8VGFZJ","71.4","19.2","18.5","3580"
"[ヨネックス] テニス バドミントン ラケットバッグ ラケット6本収納可能 コバルトブルー","11338","50","","97","¥ 13,711","¥ 13,931","30","B0CQ1VK2SM","B0FQMRP1KB","80","36","16","1600"
"POLICE MAGNUM 熊撃退スプレー 中型 ホルスター付 (全国の複数の国公立機関・地方自治体正式採用品) B-609-CS","11355","71","50","827","¥ 8,352","","1","B077SQBZ8P","","19","8.4","5.2","280"
"ゲンガー ポケットモンスター ドライバー用（DR用） ヘッドカバー 460cc対応","11369","39","","220","¥ 5,200","¥ 5,280","13","B0B7QFTMNX","B09JSTXPLF","26","23","12","230"
"SLPWORKS SLPW EX LT ブラック スプール2 LT5000D","11503","41","","25","¥ 12,787","¥ 12,970","19","B0DVXYX8ZS","B0DX1QGR8B","7.8","7.7","7.3","90"
"[スワンズ] 日本製 スポーツサングラス イーノックスエイト E-NOX EIGHT8 EN8-4417 MEBK マラソン ランニング 陸上 ボールスポーツ サイクリング ミラー シルバーミラー×ULTRAローズピンク 裏面マルチ 撥水","11375","48","","12","¥ 15,980","¥ 15,980","1","B09JS93HR4","B09RBGG6TN","17.5","8.5","6.2","110"
"ミカサ(MIKASA) サッカーボール 4号球 日本サッカー協会 検定球 ALMUNDO(アルムンド) 貼り レッド/ブロンズシルバー FT450D-RBS 推奨内圧0.900(kgf/cm2)","12041","59","","15","¥ 5,999","¥ 5,545","7","B0GHN91B1X","B0GN2KW5YW","24.3","23.8","20.7","380"
"ダンロップ(DUNLOP) ゴルフボール ゼクシオ HYPER RD 2025年モデル 1ダース(12個入り) ホワイト","11380","56","50","11","¥ 5,400","¥ 5,099","22","B0FVL9JLGQ","","18.9","14.6","4.9","660"
"尾上製作所(ONOE) 4台入り コンパクトピザオーブンII G-ON-1915 [ピザ窯 焚き火台 グリル キャンプ用品 ピザ焼き器 ]","11386","40","","126","¥ 16,730","¥ 16,730","2","B0BWXNCLDV","B0CWR1T9T5","53.8","42.4","33.8","11180"
"CYCPLUS AS2 自転車用 電動空気入れ コンパクト 携帯ポンプ 米式・仏式バルブ対応 過熱保護 充電式 軽量 小型 ミニ 携帯便利","11386","46","","370","¥ 8,369","","1","B0CC1FBCP2","B0DZBPV3PD","9.7","7.4","4.2","170"
"FIELDOOR ワンタッチタープテント 【4点ロック/アルミ】 G03専用 設営簡単 スピーディー 別売りオプション豊富 高耐水加工 遮光 遮熱 高性能コーティング UVカット [通常タイプ] [2.5×2.5m] [カーキ]","15935","25","","2","¥ 14,400","","1","B0CVZH3ZCF","B0BDDYK68D","101","23","23","8400"
"シマノ(SHIMANO) ロッド 20 コルトスナイパー XR S106M/PS ショアキャスティング プラッギングスペシャル 青物 回遊魚","11399","42","","9","¥ 37,242","¥ 37,242","2","B087DY79LN","B08GGBWXMS","180","10","7.3","1180"
"電動ルームランナー ウォーキングマシン 家庭用 1～10km/h 耐荷重120kg 手すり付き 折りたたみ式 ウォーキング・軽いランニング対応 グレー","11402","88","100","66","¥ 16,131","","1","B0G37MH178","B0H3SVNRQ8","125","57","13","18000"
"シマノ(SHIMANO) クーラーボックス ユニフリーズ BS 30L キャスター ND-630Z スカイブルー","11407","53","","11","¥ 18,555","¥ 18,555","13","B0GCHZ9FC9","B0GCLN2W8G","72","38","35","6940"
"AIJYU CYCLE ノーパンク シティサイクル 26インチ 折りたたみ自転車 シマノ6段ギア 自転車 防災 災害 用品 [passepied TS26B-np] (モスグリーン)","11208","33","","14","¥ 23,220","","1","B0F9F5GKWM","B0F9F6B6CX","88","87","36","21000"
"【新リニューアル】アイリスオーヤマ HUGEL 真空断熱クーラーボックス 20L アッシュホワイト 7日保冷 インナートレー ハンドル VITC-20R","11425","63","100","12","¥ 16,917","¥ 16,917","6","B0GR5GML7R","","58.4","38","37.3","7270"
"シマノ(SHIMANO) CS-R8101 12s 11-12-13-14-15-17-19-21-24-27-30-34T ICSR810012134 中","11425","75","50","109","¥ 11,220","¥ 13,311","13","B0C9TM4RQ6","B0CQLFRSYR","23","19","7","490"
"RovyVon LED懐中電灯、充電式スモールスタンダードトーチ、EDCミニキーホルダー懐中電灯、家庭用ポケットライト、キャンプ、ハイキング、狩猟、ランニング（A1グレー）","11428","31","","5314","¥ 5,983","","1","B07CP6CFX9","B0BPTT4TFM","8.8","7.1","1.9","59"
"RDX ヘッドギア KARAシリーズ 調整可能 ヘッドガード ボクシング スパーリング 格闘技 空手 MMA 総合格闘技 用 日本正規品","11429","43","","395","¥ 12,450","","2","B08NPLN2YR","B09NKKGJ3Z","27.5","22.5","14","390"
"ダイワ(DAIWA) DF-6224 フロートゲームベスト ジェットブラック フリー","11433","48","","62","¥ 22,366","¥ 23,015","5","B0CT4CQBD4","B0DR2XDRZR","51","46.2","18.9","1400"
"MOON LENCE アウトドア チェア ローチェア キャンプ 椅子 グランドチェア 軽量 折りたたみ コンパクト ハイキング お釣り 焚き火 登山 耐荷重150kg （カーキ2個セット）","11434","43","","839","¥ 6,459","¥ 6,459","1","B0C3QRJVW9","B0G1YR3SMM","34.3","28.9","13.3","2120"
"シマノ(SHIMANO) ベイトリール 25SLX BFS XG (左)","11439","82","50","29","¥ 18,172","¥ 18,172","14","B0DSP5L5Z9","B0DSZJNWLR","13.4","11.8","8.8","270"
"メジャークラフト エギングロッド エギゾースト 3G EZ3-812ML","11444","18","","5","¥ 18,333","¥ 18,384","14","B0FF7YPG59","","131","15","3","200"
"Mag Ride セカンドヘルメット 50-54cm SG規格 3歳~8歳 マグライド 自転車 ヘルメット 子供用 キッズヘルメット 幼児 スケート ストライダー 安全 ジュニア こども用 男の子 女の子 通学 アジャスター付き キッズ 子供 プロテクター (モカブラウン(マグネットバックル))","12135","13","","190","¥ 5,280","","1","B0GTPLZCJV","B0C3CW19N4","30","30","20","220"
"Hilander(ハイランダー) ハイランドクーラーボックス 25L クーラーBOX ハード 保冷 収納 バーベキュー 25L グレージュ","11451","51","","55","¥ 10,780","","2","B0GQD51T3L","B0F4KMW6LY","57.8","44.6","37.1","5900"
"PYKES PEAK キャディーバッグ スタンド ストーンブルー","11454","32","","296","¥ 10,332","","1","B096DFXR2Y","B096DGWCMX","91","33","26","3450"
"コンチネンタル(Continental) ロードタイヤ GatorSkin 700x25C Bk-Bk foldable","11457","35","","2924","¥ 8,864","¥ 9,608","5","B001IORAIM","B0D6Y4ZHCL","23.1","7.9","7.8","300"
"プロックス(PROX) ラウンドエアーロッドケース18.5φ 106-183CM/ブラック PX937183K","15470","43","","314","¥ 5,725","¥ 5,725","2","B07JPLFNBS","B09NMNBXFW","110","20","19","3000"
"GARMIN(ガーミン) ポータブル弾道測定器 ゴルフシミュレーター Approach R10 Android/iOS対応【日本正規品】 010-02356-04 ブラック 小","11461","50","50","170","¥ 52,600","","6","B09BN593HQ","","17.9","15.3","9.3","670"
"オデッセイ(ODYSSEY) パター DFX 25 V-LINE FANG ダブルベント (マレットタイプ スチール 34インチ) スチール メンズ","11462","48","","5","¥ 17,820","¥ 17,820","6","B0DQZZGG16","B0DS6C7MRD","93","14","12","730"
"AORTD ブルブル振動マシン 3D振動 5種類のプログラムモード 振動調節99段階 振動マシーン 健康 静音マシン ぶるぶるマシン 室内運動器具 有酸素運動 体幹強化 産後フィットネスマシン","7908","34","","865","¥ 11,776","¥ 11,776","2","B094VH2DT9","B0D9RTKRRV","58.3","43.1","17.1","8380"
"norde(ノルデ) フロスバンド【プロトレーナー共同開発×長め設計】フロッシングバンド コンプレッションバンド 圧縮バンド 疲労回復 解説動画付 ノルバンコンプレス (アドバンス2種セット)","11792","29","","","¥ 6,600","","1","B0GWVNYDJC","B0GWW5DT3W","10.7","10.6","10.2","430"
"OLIGHT(オーライト)Arkfeld Ultra EDCフラッシュライト 懐中電灯 コンパクト 1400ルーメン 充電式 プロ点検","11476","11","","9","¥ 8,496","","1","B0DZGLLGMJ","B0GLWN3PGZ","16.3","7.1","4.7","310"
"コラントッテ(Colantotte) ネックレス クレストR ex プレミアムゴールド large","18206","42","","691","¥ 9,000","¥ 9,000","17","B07XFJW55W","B09KFWWH4C","16.3","8.1","2.7","60"
"金天馬 アウトドア用ゴム アウトドア キャンプ 結束 バンド テンションコード ゴムロープ 多目的ロープ ショック・ストレッチコード (2㎜ 白 100m)","14734","11","","104","¥ 6,580","","1","B0D9VV8M1B","B0D9VW218D","19","11","2","80"
"2026 Topps NPB Stadium Club- Box/公式 トップス プロ野球スタジアムクラブ (1ボックス / 24パック入り) トレカ","11494","28","50","2","¥ 15,840","","1","B0H6NZ6C2Z","","28.1","14.2","3.7","670"
"(マムート) MAMMUT SKYWALKER 3.0 HELMET (スカイウォーカー3.0ヘルメット) ONE SIZE TITANIUM","11496","79","100","129","¥ 7,900","","13","B09SPZFLDW","B0C9W2KM3Z","27.2","21.2","16.6","550"
"Abu Garcia (アブガルシア) MAX5 BLACKMAX ブラックマックス ベイトリール ロープロ バス ソルト","11503","52","","7","¥ 7,380","¥ 7,380","22","B0FQB8CGBB","B0FRMCVPF7","14.3","12.5","7.1","280"
"BAGAIL バドミントンネット バドミントン用ネット テニスネット練習用2段式 調節可能な高さ(0.85m~1.53m)ポータブル 折りたたみ 家庭用 組み立て簡単 コンパクト 収納バッグ付き 軽量 初心者でも組立可能 5M イエロー","12844","34","","30","¥ 5,999","","1","B0CPSNNSNC","B0DJSVNQVB","94","16","13","4500"
"ＳＬＰＷＯＲＫＳ 25 SALTIGA スプール 18000","11507","33","","1","¥ 37,620","","6","B0F4856TPV","B0GMGGDQBR","9.7","9.6","9.2","240"
"バーンマシン(　The Burn Machine　) スピードバッグ 5.5kg(DVD＋説明書付き) 5010","11591","37","","638","¥ 20,202","","3","B004BCSKXM","B07V1GCG67","40.3","19.3","4.3","5890"
"パナレーサー(Panaracer) エージーゼロ デューロ 700×28C クリンチャー AGXERO DURO ブラック F728-AGXD-B","11519","8","","","¥ 7,400","¥ 7,400","5","B0HBP9P8PN","B0HBPHLHX5","23.9","8.5","8.5","310"
"ラングスジャパン(RANGS) ラングスR1スケートボード ホワイト 7.25×28インチ コンプリートセット PUウィール","11520","54","","362","¥ 5,264","¥ 5,264","2","B079X2WQQR","B0CXF1BXM9","72","20","13","2180"
"MIZUNO(ミズノ) ゴルフクラブ RV-01 パター メンズ 右利き用 【カタログ純正シャフト装着モデル】 オリジナルスチールシャフト 長さ/33.5インチ 5KJSP175","11687","24","","21","¥ 8,091","¥ 8,091","1","B0DCNQZ25T","B0DSJ45KDZ","89","16","7.5","590"
"ゴメクサス フィッシュグリップ アルミ合金 測り機能 魚掴み 錆に強い 360度回転 フィッシンググリップ 耐久性 耐荷量22KG ルアー釣り","13153","36","","110","¥ 5,990","","1","B0CSY3XDZB","B0HB4Q2CYD","36.6","11.8","6.5","380"
"fancyflyファンシーフライ [簡易型・ポータブル] ガスコンロ ヨーロッパ風バーナー・アウトドア用クッキングストーブ ABS製・白色 55*72 cm 家庭用キッチン/キャンプ/ピクニック/移動販売/イベント (しろ)","11935","2","","","¥ 6,199","","1","B0GY58TRVW","B0GY59YWQ7","555","55","55","3000"
"arena(アリーナ) トレーニング用品 スイムフィン Sサイズ オープンヒールタイプ 練習 トレーニング 下半身強化 フォームチェック AS5SAZ32U","15095","58","","322","¥ 8,216","¥ 8,753","5","B0DNP2LZCR","B0DRNSXRCG","40.5","17.3","11.8","880"
"プロックス(PROX) 磯玉の柄剛剣SE 700 ITGKS70 ブラック","18742","44","","76","¥ 11,432","¥ 11,432","12","B0BPXWZPM5","B0D6W3QFV5","113","7","5","1100"
"VICTORINOX(ビクトリノックス)サイバートラベラーＴ(1.3703.T)","12948","57","","7925","¥ 5,500","¥ 5,802","6","B000AR79XE","B0CSJZ5XVW","10.2","2.9","1.9","80"
"尾上製作所(ONOE) マルチスタンドMII MS-4560-II[焚火回りのテーブルに適合 足を広げて利用 ブラック 組立600 x500 x270mm キャンプテーブル アウトドアテーブル]","11679","37","","168","¥ 5,500","¥ 5,624","4","B0BSXJNFZF","B0DP681JB7","62.5","47.4","6.2","4050"
"[VOLIX] エルボースリーブNEO ポリエステル製 肘サポーター 筋トレ ベンチプレス ウエイトリフティング ボディビルチャンピオン東将治選手監修 ユニセックス (XL)","17601","18","","49","¥ 6,980","","1","B0G4QHT3Z5","B0G4QG1BNV","24.9","19.1","3.2","400"
"FIELDOOR 【完全遮光】 ヘキサタープ 遮熱 テント 日よけ UVカット 高耐水 大型 テントポール 4人 5人 6人 サンシェード オーニング 長方形 四角 アウトドア BBQ キャンプ [440cm×470cm] [グレー]","11566","42","","22","¥ 7,650","","1","B0D4PKBDV3","B0F4QNK654","38.2","15.7","15.7","3030"
"FIELDOOR ラウンドグリドルパン グリルパン イノーブルコーティング シーズニング不要 お手入れカンタン 焚き火 ガス IH 対応 注ぎ口 収納バッグ付属 キャンプ BBQ アウトドア [直径36cm] [ブラック] [木製ハンドル付き]","11466","46","","628","¥ 5,780","","1","B0C817T4BF","B0DQWQHJ4C","39.9","38.8","5.9","1210"
"キャスコ(Kasco) KIRA DIAMOND2 イエロー 12P","11577","46","","20","¥ 5,253","¥ 5,253","9","B0D91QV1BY","B0DJGN8FYL","18.9","14.4","4.7","660"
"【早田ひな選手愛用商品】phiten(ファイテン) RAKUWAネックレス EXTREME ミラーボール(ライト) ペパーミントグリーン/シルバー 45cm","11206","55","","87","¥ 6,800","¥ 8,808","16","B0CNK4GVWS","B0F1C22CFR","17.2","10.7","2.2","50"
"燻製器 NEWモデル スモーキングガン 日本国内でモーターに特殊技術加工実施 簡易冷燻法 清潔メンテナンスキット付 日本正規品保証1年 燻製機 スモークマシン フードスモーカー","11609","64","50","236","¥ 5,280","","1","B07HGPML44","","12.6","8.9","5.4","250"
"メジャークラフト キャスティングロッド ジャイアントキリング 1G サワラキャスティング GK1C-702MH/SWR","11618","39","","6","¥ 13,499","¥ 13,499","11","B0CZT2WS9F","B0G42ZCL11","118.5","12","4","200"
"WalnutSkate スケボー デッキテープ ブラック クリア/透明 マルチ サイズ 多様 スケートボード サーフスケート ロングボード ペニー キックスクーター ドリフトスケート 強力 接着 子供 大人 初心者 から プロ まで グリップテープ 滑り止め Skateboard Griptape (1枚, 10""x32ft (26x1000cm) ロール状)","11625","61","","371","¥ 6,500","","2","B0B86HVCM9","B0GNJFCLN7","32.4","24.1","3","300"
"【HURON】 リカバリーバンド 2本入り ユニセックス 両腕用 Lサイズ リカバリーウェア 自律神経 快眠 リラックス","7412","36","50","123","¥ 8,800","","1","B0BM9FFWB4","B0GTTJ5T93","15.3","12.9","1","20"
"Speedo (スピード) 男女兼用 大人用 水泳ゴーグル サニー G","11630","93","100","881","¥ 7,368","","13","B0CLNK6ZRG","B0DHYYD277","18.2","7.2","4.9","90"
"BISINNA トレッキングポール 登山用ストック カーボン製 超軽量106g 2本セット 折りたたみ式 EVAグリップ 耐衝撃設計120cm","13337","43","","31","¥ 5,848","","1","B0FXDMR9GB","B0FXD7CGK6","38.6","9.2","6.1","350"
"シマノ(SHIMANO) ベイトリール 26カルカッタコンクエスト DC 101HG 左ハンドル","11638","23","","2","¥ 66,148","¥ 67,417","3","B0GFVDD3D1","","14.8","13.3","8.9","410"
"Nattork インラインスケート インラインシューズ ローラースケート 大人 子供用 キッズ 男女用 女性用 静音 サイズ調整可能 イルミネーションローラーブレード 初心者 発光 ジュニア 耐久 通気性 アウトドア 【ラスベガスシリーズ】 (ピンク, 23.5-26cm)","7597","30","","46","¥ 5,780","","1","B0D7HRFV1Z","B0FQBHCZ4D","44.2","32.7","12.9","2640"
"ATORPOK 簡易ベッド コット 折り畳み式 折りたたみベッド こっと アウトドアベッド，収納バッグ付き (グレー)","11645","49","50","80","¥ 6,999","","1","B0DWMMDW7D","B0DWMJTRF3","107","28.5","22","9430"
"タバタ Tabata 練習器具 トルネードスティックショートハード(本グリップ)+三角先生 【トルネードスティック】ブラック／ブラック【三角先生】ブルー GV8037","11645","60","","","¥ 6,280","¥ 6,513","3","B0CX8JP8F5","B0BWXQHX46","65.4","17.7","5.3","400"
"CARGO CONTAINER カーゴコンテナ REEL LIGHT PRO LEDランタン 吊り下げライト 間接照明 伸縮リール式 USB充電 アプリ操作 グレー","16258","15","","6","¥ 7,280","","1","B0GRX9RVTH","B0GRXPZP92","15","10","6",""
"【Amazon.co.jp 限定】 キャプテンスタッグ(CAPTAIN STAG) 前カゴ フロントバスケット パイプバスケット 前用 アルミ製 軽量 マットブラック Y-7306 外寸最大値/幅400×奥行295×高さ205mm","11653","48","","125","¥ 5,016","¥ 5,016","1","B09TSXFM7W","B0C1YWKP4K","45.6","30.1","21.3","880"
"アディダス(adidas) トリオンダ ファイナル リーグルシアーダ サッカーボール ADF522LUF","11657","31","50","1","¥ 6,820","","3","B0H7X3N7Z2","","24","24","24","440"
"KUKY AUTO PUMP mini 自転車 電動空気入れ FC-360 グレープ 空気補充最速13秒 150PSI 2000mAh 対応バルブ：英･米･仏･ボール･浮き輪 USB type-C(コード付属)","11671","38","50","3","¥ 5,436","¥ 5,436","2","B0DCBVWMNL","B0HGL2V76Z","18","17.6","5.5","680"
"フィットネスLATプルダウンおよびリフトプーリーシステム ケーブル付きジムプルダウンマシントライセップスエクステンション 用アタッチメントワークアウトバイセップスカールバック前腕ショルダ (取り外し可能なプルバー)","19091","45","","10","¥ 7,999","","1","B0D73RNFCW","B0BL1VLXC6","42.9","14.6","13.1","5170"
"【100％完成車納品】 PELTECH(ペルテック) 電動アシスト自転車 27.5インチ シマノ 外装6段 大型カゴ TDA-728L (マットカーキ, 12AHバッテリー)","11680","40","","4","¥ 109,980","","2","B0F9KG6L91","B0F9K88J7Q","200","107","59","25000"
"Origem スクエアタープ 超軽量 耐水圧10000mm 19ループ自由設営 20Dナイロン 遮光 遮熱 登山 キャンプ・アウトドア・ビーチ","11685","24","","25","¥ 6,698","","2","B0GYDN2V5M","B0GY8VZ689","27","13","13","850"
"雷鳥飯盒 肉厚 真鍮耳金 アウトドアクッカー アルミ角型メスキット 鍋 キャンプポット 水蒸気炊飯2合（チタン色）","10157","40","50","175","¥ 5,200","","1","B0DBZYS9P3","B09MZ65N1S","19.2","12.4","11.1","410"
"MORGEN SKY ウェットスーツ メンズ 2mm/3mm ワンピース ネオプレン素材 胸スキン ダイビング サーフィン 素潜り フィッシング バックジップ 裏ジャージ 保温 滑り止め 1070 (3mmフルスーツ タイプB, L)","13616","37","","254","¥ 6,642","","1","B08BC9DX93","B0B561GFYS","42.1","28","8.3","1090"
"【アワード受賞・人気ブランド】 YouTen(ユーテン) トレーニングベンチ インクラインベンチ フラットベンチ ダンベル トレーニング ベンチ ベンチプレス ベンチプレス台 ホームジム","11706","72","50","1259","¥ 7,580","","1","B072V8NKPY","","107.5","40","20","12100"
"Muc-Off(マックオフ) 自転車用チューブレス シーラント 大容量タイプ 【日本正規品】","11713","60","","47","¥ 7,516","¥ 7,516","1","B0DNZ41WJH","B0DZXNRBW3","26.3","22","10.3","1090"
"[unizom] ウェーダー 釣り フェルトスパイク ラジアル 渓流 胴長靴 完全防水 農作業 メンズ","11724","44","","606","¥ 8,341","","1","B0G4P63J38","B0HBLWV874","37.1","33.5","13.1","2180"
"DOD(ディーオーディー) タテテント 【防災士監修】着替えテント キャンプ 簡易シャワールーム 更衣室 ビーチ アウトドア 設置簡単 【キャンプ&防災】 T1-216-TN","11728","47","50","13","¥ 8,360","¥ 8,360","2","B0GBSY1TNQ","","60.5","59.5","6.5","3210"
"Major Craft(メジャークラフト) アジングロッド 鯵道 1G-class AD1-S682L","12313","53","","6","¥ 13,610","¥ 13,610","19","B0CD7JFTD4","B0DQD53RL2","108","10.5","2","180"
"GENTOS(ジェントス) LED ランタン 単1電池式 1300ルーメン エクスプローラー EX-1300D キャンプ アウトドア ライト 照明 防災","11734","69","50","1453","¥ 6,673","¥ 6,673","30","B07PC3X1QQ","B0DH8CTFQW","29.6","15.4","15","960"
"DRESS(ドレス) エギング バッグ 釣り エギ 専用 防水 ランガン フィッシングバッグ ショルダーバッグ リュック カバン 多機能 初心者 アオリイカ 2.5号 3号 3.5号 PVC","11755","26","","25","¥ 12,100","¥ 12,100","5","B0FLHWRVYZ","","46","32","14","970"
"CuteeFox 商品 トレーニングベンチ＋可変式 ダンベル 24KG アジャスタブルダンベル 2個セット 2.5～24KG 15段階調節 5秒で重量調整 クイックダンベル 折り畳み 筋トレ フラットベンチ 角度調節簡単 ダンベルベンチ 腹筋 背筋 収納便利 ZH08 (赤)","11757","50","","120","¥ 23,998","","1","B0GD5C7VVX","B0GD61MPMQ","20","10","10","63990"
"ogawa(オガワ) アウトドア チェア ローチェア2 サンドベージュ 1929","11769","50","50","620","¥ 7,144","¥ 7,144","7","B08SHWPZG6","B08T73J8DH","95.5","15","10","2420"
"EPA認証済み 熊撃退スプレー（強力）アメリカ森林警備隊採用品 ホルスターは別売り","11780","79","50","112","¥ 8,800","","4","B07D9G4MWW","","22.1","13.1","8.7","20"
"Sekey 【2026新登場】 後ろ開け キャリーワゴン 大容量300L コンパクト収納 アウトドアワゴン ブレーキ付き ワイドタイヤ 丈夫 キャンプ カート 折り畳み 軽量 自立収納 BBQ・レジャー・釣り・イベント・運動会 ブラック","11782","29","50","22","¥ 10,980","","1","B0H29V4JCS","","62","32","23","10000"
"Goture 渓流竿 3.9m 2個セット 延べ竿 小継 万能竿 カーボンロッド 超軽量 コンパクト 携帯便利 のべ竿 堤防 河川 湖畔 淡水 釣り竿","11783","16","","15","¥ 5,280","","1","B0D2DGYYGH","B0G4VNP4K5","44.7","11","3.3","320"
"Peel Forest 【アウトドアに最適】ネイティブアメリカン柄 ネイティブ柄 オルテガ柄 キャンプラグ 大判マルチブランケット180X230cm","8814","21","","159","¥ 5,000","","1","B0D7LY13BN","B0H1MW5126","33","28","5","1000"
"OUTZOOP ゴルフレーザー距離計 B1000PROF OLED赤緑表示 3点間測定 最速0.02S測定 小型 超軽量128g 高透過レンズ 光学6.0倍望遠 1000m/1093yd対応 mini ゴルフ距離計 競技対応 振動機能 充電式 IP54防塵防水 専用ケース付き","15612","42","","23","¥ 16,978","","1","B0F245ZSF4","B0F247MRJT","17.6","12.5","7","350"
"キャンピングムーン(CAMPING MOON) キャンプラック 焚火テーブル にも 折畳み 積み重ね メッシュラック 収納 アウトドア キャンプ ステンレス 3点セット T-225A-3T","15776","39","","","¥ 7,890","","1","B0FXM7HLV3","B0BM9GDC1F","61.4","26","11.1","5040"
"【公式】BLACKDOG テント ワンタッチ 4～5人用 閑居2.4 BU素材 アウトドアキャンプ 設営簡単 uvカット 自立式 2重層 耐水圧 3000mm UVカット 設営簡単 防風 防水 防虫対策 メッシュ窓付き 通気性に優れ お花見 防災用","11800","71","50","36","¥ 12,980","","1","B0DYMH3VQJ","B0F42WCTRK","95.5","18.8","18","6200"
"CAMDOOR キャンプ マット エアーマット 厚手 10cm/8cm【30秒自動膨張・超広幅75cm】R値 6.8 インフレーターマット 収納袋付き","11804","51","","25","¥ 7,626","","1","B0DJW4KGB3","B0DN5S6P1V","76.2","20.5","19.6","3340"
"KABUTO(カブト) 自転車 ヘルメット SICURE(シクレ) カラー:ワイン サイズ:54-57cm(未満) SG認証","18627","44","","1081","¥ 8,582","¥ 8,582","5","B0CY4P4G5T","B0D7Q7D5B7","35.3","24.3","16.4","560"
"ダイワ(DAIWA) slpワークス(Daiwa Slp Works) Iシェイプ ウッドノブ 黒檀F","13466","54","","11","¥ 5,515","¥ 5,880","21","B0CDBGZD3J","B0GSYP9YV6","6.6","6.2","3.8","20"
"ダイワslpワークス(Daiwa Slp Works) SLPW EX LTスプール2 5000S","14166","39","","9","¥ 16,745","¥ 16,745","16","B09ZXM3Y1V","B0B1PQC898","11.2","7.9","7.8","90"
"KeyUnity KF00 チタン ミニ キーチェーン LED 懐中電灯 15ルーメン 防水 電気トーチライト シングルモード キャンプ ハイキング 登山 釣り (KF00 住永岸柄)","11839","29","","417","¥ 12,444","","2","B09HZKGCK4","B09J5H8N3W","17.1","8.7","2.5","50"
"トランポリン フィットネス 折りたたみ式で 大型 8本脚 122cm 耐荷重200kg 折りたたみ 収納便利 静音設計 ジム 家庭用 子供用 大人用 室内 兼用 組み立て簡単 日本語取扱説明書付き (黒 直径120CM手すりなし)","11849","37","50","47","¥ 11,985","","1","B0C61SR75G","B0C61WLDK6","91.5","47","12.5","10300"
"【JIS基準合格】クロスバイク 自転車 26インチ シマノ6段変速ギア 泥除け PROVROS(プロブロス) P-701 (マットグリーン)","21645","31","","66","¥ 20,020","","1","B0CV4PXMCD","B0CV3VKL28","128","69.5","21.5","16500"
"山真製鋸(Y'S God Japan) アイスマン エネチャージⅡ 大容量5.5L 真空×保冷 ブラックブルー ICM-EC9 ハードクーラーボトル","11853","59","50","17","¥ 6,061","¥ 10,222","6","B0GVJ13NCW","B0GGGDBC3Y","33.5","19.5","19.5","2310"
"MORGEN SKY ウェットスーツ 3mm フルスーツ メンズ フィッシング ワンピース 四季 前開き マリンスポーツ ウォータースポーツ 保温 日焼け止め 保温 伸縮性 SUP カヤック ダイビング サーフィン 魚突き 素潜り フィッシング DM01 (L)","16734","15","","9","¥ 5,382","","1","B0H7FZ94V8","B0H7H535KP","42.1","23.9","8","900"
"キャプテンスタッグ(CAPTAIN STAG) ベンチ アルミ 背付き ベンチ CSブラックラベル UC-1660","11865","70","50","613","¥ 7,490","¥ 8,398","13","B0756JFNN6","B07F9R4K4Z","104","64","9","4001"
"キャプテンスタッグ(CAPTAIN STAG) アウトドアテーブル テーブル FDローテーブル 幅90cm 木製 CSクラシックス UP-1059","11868","64","","34","¥ 8,220","¥ 8,220","3","B0BXWV3W54","B0BYSDVRLK","47.9","47.8","11.4","5300"
"ゴルフヘッドカバー Aliennana人気クラブヘッドカバー Biride (DR＋FW＋UT(３枚）)","11870","26","","68","¥ 6,390","","1","B0CBJJWG6R","B0CBJP4W1J","33.6","19.8","9.8","280"
"キャロウェイ(Callaway) 右用 ウェッジ QUANTUM MAX IRONS (AW 47度 ATHLEMAX 60 R 35.75インチ D1 中調子 カーボン) メンズ","38662","25","","2","¥ 17,800","¥ 19,239","12","B0GDZLR8XF","B0GPWBFX53","120","10","10","1000"
"山善(YAMAZEN) ベッド すのこベッド 折り畳みベッド 【完成品】シングル 耐荷重200kg すのこ ベッドフレーム 幅98×奥行195×高さ34.7cm パイプベッド 組立不要 一人暮らし ナチュラル/マットホワイト PB-97195S(NA/MWH)","11878","48","","30","¥ 18,990","¥ 18,990","1","B0CQ1Q1K91","B0GZ6KWYXP","101","101","14.5","22000"
"KASTKING VALIANT EAGLE PRO ベイトリール ベイトフィネス 自重130g ギア比8.4:1 超軽量 0.5gルアー対応 渓流 トラウト バス釣り ソルト対応 11+1BB FAFブレーキシステム搭載 カストキング ヴァリアントイーグル プロ","11881","43","50","21","¥ 14,433","","1","B0GFWH2T4G","B0H6W718NX","14.8","14.1","7.2","310"
"CXWXC 自転車 メンテナンススタンド ワークスタンド ロードバイク スチール製 高さ/角度調節可 折りたたみ式 ディスプレイスタンド 工具トレー/ハンドル支えバー付 (ブルー)","14413","40","","125","¥ 7,548","","1","B09TVTSF94","B0BTCN1VNZ","96","32.7","15.5","8400"
"ogawa(オガワ) アウトドア キャンプ テーブル ロールテーブルL ブラック 1915","11892","34","","35","¥ 18,849","¥ 18,849","4","B0BSL3X3TZ","B0BYHWQFR5","75","26.5","20","8900"
"Fuwata トランポリン 手摺付き 8本脚 直径102cm 耐荷重200kg 大人用 子供用 室内用 静音 折りたたみ ダイエット 収納便利 組み立て簡単 耐久性高い 室内室外兼用 (8本脚, くろい)","9732","57","","48","¥ 5,776","","1","B0FBWNNXJW","B0DN14BCPW","79","38","10","7600"
"ALPHA(アルファ) ゴルフボール 1ダース (12個入) =ACSEND1(アセンドワン）= 正規品 (ホワイト)","8132","55","100","13","¥ 6,600","","1","B0FZ7R9LB4","","19","13.9","4.7","640"
"Handeful デジタル握力計 0-90kg 高精度 19人登録 ブルー","11904","62","","3660","¥ 10,740","","1","B0978P1KGP","B0HC9ZPZT1","21.8","14.5","4.4","410"
"FIELDOOR 【完全遮光】 ワンタッチタープテント 【センターロック/強化版/スチール】 G03専用 サイドシート1枚付属 風抜けベンチレーション 高耐水加工 遮光 遮熱 高性能コーティング UVカット 紫外線カット 遮熱 [遮光タイプ] [2.5×2.5ｍ] [ライトベージュ]","11045","56","","12","¥ 18,500","","1","B0DNSJ3PCY","B0G1XTTS3Z","114","23","23","16100"
"Balanced Body ウルトラフィット サークル ピラティス リング ボディリング 脚 フィットネスサークル 太ももエクササイズ ピラティス サークル ピラティス リング フィットネス器具 自宅 スタジオ用","11919","46","50","946","¥ 7,500","","9","B002YQW3IU","","38.1","37.5","6.1","771"
"BAYINBULAK 2 in 1 Golf Practice Net for Garden Driving 2.5'×2.5' Chipping Game Accessories Men Gift","11883","38","","1569","¥ 8,130","","1","B08HQBMR34","B0BZ3P4B5L","32","31.5","6.8","739"
"ピラティス・マタニティ・体幹トレーニングに対応し、オフィスチェア代わりや理学療法器具としても使え、専用空気入れ付き","11924","23","","151","¥ 5,734","","1","B0GH14HS3L","B0H1WDCLHX","26","14","14","1530"
"フランクリン バッティンググローブ ロングカフ 野球 大人 バッティング手袋 franklin 20772 Lサイズ ロイヤル パワーストラップ インフィニット SOLVシール付き","11930","10","","","¥ 12,100","","1","B0H9DV85Q4","B0H9F9ZCY2","10","3","3",""
"【iClimb（アィクライム）】キャンプ軽量折りたたみチェア ビーチチェア ★スクエアフレームフレーム 高安定性 ★沈み込み防止脚キャップ付き 重量約1.2kg(椅子のみ:約1.1kg) ★軽量 折りたたみ コンパクト 携帯便利 収納袋付き （S-Brown）","14314","26","","41","¥ 9,877","","1","B0BQW8WHPR","B0CNGNCDN9","36.2","16.2","14","1202"
"SANLIKE サンライク 玉網 タモ網 小継玉の柄 伸縮式 ランディングネット 磯釣り 磯玉セット すくい網 淡水海水両用","13589","35","","209","¥ 5,737","","1","B09VBRX74L","B08M9NGZN4","41.2","26.4","7.1","770"
"KASIMO エアーマット インフレーターマット 【高R値9.5・高反発フォーム・20秒自動膨張】 1人用 キャンプマット 車中泊マット","16456","34","50","18","¥ 7,309","","1","B0G7CP6CFD","B0G7BHCZMF","35.4","30.7","18.6","2340"
"[MISSION] 冷却フードタオル 頭から首まで日焼け防止 クーリングフーディー 肌温度-15℃ 熱中症対策 UPF50 Digi Camo","11945","53","50","6584","¥ 5,604","","7","B00UR4HI7C","B0FHHNTP6W","24.2","14.1","1.4","50"
"キャンピングムーン(CAMPING MOON) グラウンドラック フィールドラック用 アルミ天板 4枚組 ブラック T-2308-BK-4P","11748","26","","3","¥ 11,280","","1","B0BD1BR7XC","B0B54RQG1G","62.2","37","6.9","5320"
"TOEI LIGHT(トーエイライト) カラーラインパウダー15 黄 炭酸カルシウム3kg×5袋 ビニールパック詰 G1296Y","11960","42","","56","¥ 6,134","","11","B00KK7KJPO","B095T521S2","39.6","36.2","12.4","15620"
"ロゴス バーベキューコンロ BBQエレグリル 81060000 アウトドア キャンプ 電気 バーベキューコンロ","11963","51","50","61","¥ 35,691","¥ 35,691","17","B00HYTEZXS","B0G58X9GB8","96","42","25","13100"
"キャリーカート 折りたたみ 4輪 アルミ合金製 耐荷重100kg 軽量2.3kg 前輪360°回転 3段階高さ調節 コンパクト収納 バンジーコード2本付き 荷物カート 台車 キャンプ アウトドア","11970","4","","3","¥ 9,680","","1","B0HBQZYGW8","B0HBQX91LF","45","32.2","11.8","2580"
"【限定！】SOLO UP アウトドア チェア ムーンチェア キャンプ イス 折りたたみ 椅子 メッシュポケット付き 収納袋付き","11971","42","","34","¥ 6,188","","1","B0C73CMN9M","B0CFPRHG4Q","95","25.5","23","5330"
"AK-Z1JK5 人気品 ジェット 半帽 ヘルメット ヴィンテージ ハーフヘルメット 日本風 個性 メンズ レディース (M,CA05)","29810","16","","12","¥ 6,360","","1","B0GCDZFYT2","B0GCF4Z6S1","31","23","15","1000"
"ハピソン(Hapyson) 津本式シリーズ 計測マルチ絞め具 YQ-890","11989","39","50","62","¥ 7,198","¥ 7,198","27","B0D1K78PLN","","25.1","9.8","3.6","220"
"FIELDOOR 【完全遮光】 ワンタッチタープテント 【センターロック/強化版/アルミ】 G03専用 サイドシート1枚付属 設営簡単 スピーディー 別売りオプション豊富 高耐水加工 高性能コーティング 紫外線カット UVカット [遮光タイプ] [2.5×2.5m] [グレー]","15413","37","","2","¥ 23,000","","1","B0GSQHBFLJ","B0GWHHHJ9G","112.6","23.3","23.2","12500"
"【MIZUNO】ミズノ アームガード 高校野球ルール対応モデル 1djpg20101 ホワイト 左右兼用","11995","44","","20","¥ 5,999","","16","B0B93LHRGR","B0B93PZDYZ","24.8","18.6","9","290"
"プロックス(PROX) グラヴィススーパースリムロッドケース 140/カーボンブラック PX6923140KG","16695","22","","8","¥ 5,255","¥ 5,255","2","B0G4GRFVDX","B0G4GQQ7P2","141","11","10","750"
"[GAMXTRM] ルームランナー ウォーキングマシン 静音 家庭用 折りたたみ式 ランニングパットランニングマシン フィットネス (グレー2)","12003","42","50","18","¥ 16,511","","1","B0GX4YDGSX","B0GX5FJPGT","125","55","13","15000"
"OKHEALING - 29インチ ピン カーボンプールキュー シングルシャフト、ティップ 11.8mm、12.5mm、13mm 超スムーズ、コントロール性 プロテーパー (5/16-14_12.5mm)","21265","34","","17","¥ 6,999","","1","B0GK87GXQK","B0GK8W7TKT","85","8","7","500"
"サンワダイレクト 輪行袋 クロスバイク マウンテンバイク 前後輪収納 収納袋付 ショルダーベルト M～Lサイズ 800-BYBAG004","12011","45","50","116","¥ 5,380","","1","B094PX4S2J","","27.2","12","10.2","540"
"Gaciron (ガシロン) KIWI-800 自転車 フロントライト 800ルーメン USB-C充電 2500mAh IPX6防水 小型 軽量 下付け対応 LEDライト 通勤 通学 ロードバイク クロスバイク 夜間走行 青切符対策 (ホワイト)","12019","33","","49","¥ 5,800","","1","B0F8CD47LC","B0F8H1Z1SX","12.3","11.5","4.4","220"
"ソト(SOTO) キャンプ テーブル コンパクト フィールドカイト ST-632GG グラファイトグレー 日本製 超軽量280g ローテーブル 折りたたみ タイベック収納ケース付き ソロ アウトドア 登山","12031","47","","109","¥ 5,643","","9","B0H3JMHHX2","B0H3JPDTN3","32.8","11.8","2.8","360"
"MORGEN SKY ウェットスーツ メンズ 3mm フルスーツ ネオプレン ダイビングスーツ 長袖 サーフィン DM03 (S)","12033","11","","8","¥ 5,382","","1","B0H6CVC8MX","B0H6D7P6TN","42.6","24.5","8.1","900"
"[ALTALIST] アルタリスト HAYATE R2 S(ハヤテ アール ツー エス) 調光レンズ Sサイズ (Polka Dot Matte Clear Pink Temple/Red VIV20 Mirror Photochromic Lens)","20195","6","","","¥ 9,900","","1","B0H6H7BWFC","B0GX5HPHHL","35.9","8.3","8.1","230"
"GORIX(ゴリックス) 5台用 自転車 スタンド 倒れない サイクルスタンド 屋外 電動自転車 GX-319S-5 5台用（ブラック）","12045","56","","350","¥ 8,999","","2","B08XGT2LV5","B084335G1L","44.6","35","20.8","8200"
"Qoovel マルチグリドル 深型 33cm 【ガラス蓋・収納バッグ/スマホで見れる 15レシピ付】 IH・直火OK 焦げ付きにくい グリルパン 鉄板 鍋 キャンプ アウトドア 日本企業","12055","49","","14","¥ 6,820","","1","B0FJF5PNSH","B0F42R6RVS","35.5","34.8","6.6","2770"
"シマノ(SHIMANO) クーラーボックス ユニフリーズ LT 30L キャスター ND-730Z Wスカイブルー","20201","37","","7","¥ 15,765","¥ 15,765","14","B0GCHJQW9Q","B0GCNDP43D","72","35.5","30","6340"
"シマノ(SHIMANO) HDカスタムボックス 43 CS-001Y カーキ","12069","34","","13","¥ 6,782","¥ 6,098","6","B0DT14WLRQ","B0F8QWW9S7","48.8","32.5","26.8","2760"
"【アワード受賞・人気ブランド】 Pasinaz フォールディングコット 簡易ベッド アウトドア キャンプコット コット 2way キャンピングベット 軽量 キャンプ 折り畳みベッド 折り畳み (1.シングル ブラック)","13341","52","","47","¥ 6,630","","1","B0FM2G95MS","B0GT8RV13W","40","30","30","6000"
"CANTERBURY(カンタベリー) ボール ラグビーボール(5号球) AA00405 24_フィジーブルー","12089","51","","127","¥ 5,547","","16","B0823SPMK5","B0DHQSNX3R","32.6","17.5","13.2","600"
"ダイワ(DAIWA) イカ様トレー(M) 3枚セット","10076","71","","49","¥ 6,782","","5","B07S2RXTKG","B0BXWVQYJH","48","24","8","1900"
"CYFIE タープテント 3mx6m ワンタッチ式 3段調節 UVカット 大型テント(グレー, 3mx6mサイドシートなし)","12095","27","","4","¥ 21,659","","1","B0F93WMXHF","B0FNK9RVVV","119","23","21","37500"
"折りたたみテーブル アウトドア テーブル BBQ ピクニックテーブル 作業テーブル 大きめ 机 組立不要 ダイニングテーブル 持ち運び 食卓 リビング 室内 屋外 イベント ガーデンテーブル 持ち運び便利 耐荷重約160kg 180*70cm ブラック [並行輸入品]","12096","44","50","26","¥ 9,353","","1","B0GXFLBSJH","B0GZSPBP21","95","71","9","11500"
"7JI SUP電動エアポンプ 充電式 二段階充気 自動停止 0-20PSI LED照明 5V/9V給電 6ノズル 独立吸排気 ブラックオレンジ","12098","7","","2","¥ 13,599","","1","B0H69LH4P3","","22","19","15","1926"
"RIOROO 3分割 ゴルフ スタンドバッグ セルフスタンド クラブケース キャディバッグ ゴルフバッグ 7~9本収納 自動引き込み 4ポケット 大容量 保冷ポケット付き サブバッグ ショートコース用 初心者 レディース メンズ","12099","47","50","213","¥ 6,649","","1","B0FGNX6T9G","B0FGP9CKVD","90","24","20","1290"
"GM CLIMBING UIAA CE 認証 8mm アクセサリーコード ダブルブレード構造 プルージック ランヤード ストラップ作り用 コード クライミング アーボリスト アウトドア使用 30.5Mカットサイズ ブラック","20157","34","","234","¥ 8,500","","1","B076GYNBTN","B0C8NL425K","34.4","9.2","7.8","1520"
"OneTigris 水筒 セット 1リットル 保温保冷 カバー付き 3X交換蓋 ストロー付き 直飲み ミリタリー アウトドア キャンプ 登山スポーツ用","12110","13","","158","¥ 5,580","","1","B0DJX5BW2P","B0DXN7CVMT","35.2","11.4","11.1","810"
"シマノ(SHIMANO) クーラーボックス ユニフリーズ TD 20L 釣り用 レジャー アウトドア キャンプ Pホワイト","10391","54","50","65","¥ 23,602","¥ 23,602","2","B0DRNX9YP5","","62","36.4","33.1","6140"
"トピーク フラッシュスタンド スリム X","12114","41","50","310","¥ 6,424","","14","B081DC25XM","","23.2","8.2","3.2","250"
"【オールインワンチョーク】滑り止め チョーク 手汗対策 グリップ力向上 長時間効果 ボルダリング クライミング 正規品 GRIPON グリップオン 3個セット","13413","52","","69","¥ 5,430","","1","B0DTNZL4SX","B0FD9QJHKR","19.2","5.5","3.3","150"
"[スワンズ] ジュニア用 スポーツ サングラス ボーイズリーグ公認 ガルウィング GULLWING FLEX-S GUFS-0018 GMR 日本製 ULTRA LENS ガンメタリック 野球 子ども","12121","89","50","24","¥ 6,782","¥ 6,782","34","B0DDN7DDV7","B0DF7M8HL1","17.4","8.5","6.2","100"
"シマノ(SHIMANO) チェーン SM-CN900-11 11S用 クイックリンク ISMCN90011BS","10188","56","","7","¥ 17,864","¥ 32,200","9","B01D8CPTWK","B07GJPGCRV","9.1","8.8","7.4","180"
"アディダス コンバットスポーツ ボクシング グローブ スピード50 クラブボクシンググローブ Collegiate Royal/Gold(COLLEG) 8OZ ADISBG50","15329","29","","166","¥ 5,000","¥ 4,824","3","B0CKSBXRYB","B0CQJPP88F","41.2","18.6","12.3","560"
"[Joxoilso]焼き鳥台 炭火焼きコンロ ステンレス製 卓上グリル コンパクト 焚き火台 BBQ アウトドア キャンプ 屋外用 家庭用 業務用 (長さ60cm)","12442","1","","","¥ 22,800","","1","B0GY99KXQW","B0GY99NKNV","65","35","10","3000"
"プロのサッカーコーチ推薦 日本企業 リバウンドネット サッカー 室内 屋外兼用 リバウンダー フットサル 練習ネット 野球 ANY SELECT","12137","76","100","26","¥ 5,980","","1","B0GMMXVNCX","","61","32","6","3500"
"WINDFIRE TS08 ダイビングライト、 5000ルーメン ナイトダイビング、三つ点灯モード 、潜り使用 LED水中ライト、水中60Mまで使用可能、水肺懐中電灯、電力量表示、水中探検/撮影 夜間潜水 魚突き 釣り キャンプ 登山に適している（青）","20113","55","","3","¥ 5,599","","1","B0F66W6HWL","B0CPTP6L1X","18.4","11.8","5.7","320"
"RAYZESTTOP 125*95 CM サッカーゴール シュート練習 折りたたみ式収納 室内外兼用 収納袋付き ブラック 2個","12140","71","","48","¥ 5,890","","1","B0GJ5QLMNJ","B0H33BP35G","43.4","15","14.9","2280"
"ニトムズ ニトリート キネシオロジーテープ スタンダードタイプ ロング 筋肉保護テープ 伸縮 はがれにくい かぶれにくい 重ね貼りに強い ベージュ 幅75mm×長さ31.5m [1巻入] NK-75L","12141","46","","95","¥ 6,262","","20","B003IWLGCI","B0G338N96C","18.1","17.8","8.8","684"
"ゴルフ ヘッドカバー ニット セット 4枚セットセット、ゴルフクラブドライバーウッド（460 cc）*1フェアウェイウッド* 2とハイブリッドフェアウェイ*1 (ファインストリーク)","12148","40","","2398","¥ 6,818","","2","B089Q5PZD6","B07CH2M3CF","27.5","22.7","6.1","310"
"キャプテンスタッグ(CAPTAIN STAG) ケトル フライパン 鍋 クッカー Easy アルミクッカーセット 硬質アルマイト加工 収納ケース付 UH-4121","12150","45","50","55","¥ 5,486","¥ 5,486","16","B0C1BYC2GJ","B0FMK9SJMF","18.9","18.9","12.5","720"
"HAIGE(ハイガー) Bluetooth対応 静音スピンバイク ホワイト 本格トレーニング 筋力 HG-YX-5006","18968","39","","15","¥ 31,800","","1","B0FV2ZXZLN","B0FY22K3LL","103","87","22.5","24000"
"Kewlioo サウナシャツ 男性用 - オリジナルヒートトラッピングスウェットベスト、男性用サウナスーツ、ジム、ワークアウト用コンプレッションスウェットスーツ","13814","33","","2766","¥ 7,035","","1","B0D2JC98J1","B0F6538QMQ","27.7","24.5","3.2","272"
"[ニューエラ] MLB 【THE LEAGUE 9FORTY ADJUSTABLE CAP】 メジャーリーグ キャップ 940 帽子 MAJOR LEAGUE ロープロファイル (WAS ナショナルズ(ゲーム)-WAS NATIONALS(GAME)-) [並行輸入品]","14736","3","","1157","¥ 6,620","","1","B08CNDJTDH","B09DY86YTV","24.2","21.8","10.2","160"
"Giecy 拡声器 ワイヤレス拡声器 無線拡声器 ポータブル 小型メガホン30W USB microSD 対応 拡声器ハンズフリー 有線とワイヤレスUHFマイク付き 広範に教師の教育、イベント、会議、屋外、選挙、講演、販売などに最適（日本語説明書付き）白い","13359","46","","119","¥ 6,204","","1","B0FGDCX9MW","B0DGKGDL36","18","15.9","6.2","640"
"キャプテンスタッグ(CAPTAIN STAG) 保冷 クーラー 真空断熱スーパーコールドクーラーボックス 容量45L UE-112","12165","63","","11","¥ 18,117","¥ 18,117","12","B0GPD3LLNC","B0GS5JLG6P","59","42","38","6200"
"UJack(ユージャック) 難燃 リクライニング ローチェア ver.2 abyss アビスチェア ヘッドレスト 木製アームレスト 6段階リクライニング機能 フルフラット (サンド)","12173","53","","179","¥ 11,500","","2","B09MM5PDKZ","B09MM4M19L","82","62","11.5","5500"
"ダンロップ(DUNLOP) ゴルフボール ゼクシオ HYPER RD 2025年モデル 1ダース(12個入り) プレミアムピンク","12175","59","50","11","¥ 5,400","¥ 5,099","18","B0FVL79C4L","","19.1","14.4","4.6","660"
"【Amazon.co.jp限定】100%完成品 26インチ 電動アシスト自転車 シマノ外装6段変速 前輪駆動 36V 8.5AHバッテリー TDF-26Z (マットシルバー)","12178","72","50","22","¥ 69,800","","1","B0GJC1H3QK","B0GJBLPQL4","200","109","59","25000"
"KaRaDaStyle 鉄棒 体操 折りたたみ コンパクト 軽量 ストレッチ エクササイズ トレーニング 跳び箱 運動 子供 プレイマット ヨガマット スポーツマット 防音 140×90×2.5cm (オレンジ)","11659","27","","76","¥ 5,382","","1","B0BPBM8XVS","B0BPBNHB63","92","36","11","1650"
"Muc-Off(マックオフ) 自転車用 ウェットルブ 1L WET LUBE 【日本正規品】","16023","41","","28","¥ 8,899","¥ 8,899","1","B08CDHNZ2Q","B0DSBWC76B","27.2","8.2","8","1080"
"ShinHye テント ソロテント 1人用 2人用 3人用 ドームテント キャンプテント 210Dオックスフォード 二重層構造 アルミ製ポール 耐水圧5000mm 通気 防風 防雨 UVカット 自立式 軽量 コンパクト 簡単設営 収納バッグ付き 4シーズン 花見 登山 釣り 防災用 （グーリン 1-2人用）","12188","29","50","189","¥ 8,550","","1","B0FNCQXMN5","B0G1YP49F2","39.3","17.2","15.6","2480"
"スノーピーク 焚火台 S ST-031R","12206","52","","676","¥ 11,189","","16","B00FR6CFIM","B0DG84Y56S","36","34.5","4.1","2191"
"大阪漁具(OGK) ブロード磯アップグレード 3-450遠投 磯釣り、遠投釣り 釣竿","12209","43","","212","¥ 5,835","¥ 5,835","8","B08C517L29","B0DPQJM27F","109.5","7","4.5","580"
"Ledlenser (レッドレンザー) H7R Work ヘッドライト LED 充電式 CRI90 高演色 [正規品]","12211","50","","337","¥ 15,964","¥ 15,964","12","B08F2JPP87","B0BBDZS6PJ","23.6","14.6","8.7","660"
"ビレッジ バラエティ 練習用円盤 ナイロン 陸上投げ 円盤 1kg 1.5kg 1.75kg 2kg 2.25kg 2.5kg(レッド 3.3ポンド(1.5kg))","25472","27","","211","¥ 9,541","","1","B0CHWCHL56","B09FG6T76Q","19.8","19.8","3.5","1520"
"SANLIKE サンライク タモの柄 ランディングポール カーボン製 伸縮式 小継玉の柄 海水淡水両用 6m","12212","41","","137","¥ 7,394","","1","B08MQ61MY5","B08MQBGMBZ","78.2","4.6","4","600"
"スタンドアップパドルボード SUPサップボード SEAPLUSサーフボード インフレータブ ルsapボード 釣り 長320cm 幅81cm 厚15cm L-BCカーボンパドル付き (Blue) (SUPセット-カーボンパドル)","12218","39","","367","¥ 21,615","","2","B077GNWBZB","B0H2WVLJNN","90","38","28","13250"
"Mixiu マウンテンバイク シマノ製21段変速ギア 26インチ MTB フロントサスペンション 前後ディスクブレーキ ハンドル サドル 高さ調節可能","12227","42","","16","¥ 27,980","","1","B0H25PKB8F","B0H25QJFDY","133","70","17","17000"
"ASMAX T30 自転車 空気入れ 電動 120PSI【超小型・携帯便利】空気圧を設定して自動停止 携帯電動ポンプ リアルタイム気圧表示","12229","65","100","174","¥ 5,299","","1","B0FGXQXQYQ","","8.5","8.3","5.9","222"
"キャプテンスタッグ トップキャッチ ツインコックウォータージャグ10L M-5029","16508","41","","305","¥ 5,464","¥ 5,464","22","B000GADI3K","B08DF7S5LX","37.4","26","24.6","2182"
"Abahub 4ピース カーボン SUPパドル/カヤックオール 調整可能 スタンドアップパドルボードパドル 超軽量 カーボン シャフト","12160","16","","456","¥ 9,399","","1","B09MCL6LV7","B096P13CMC","82.5","20.3","5.1","1293"
"Glerc(グレーク)AMOS子供用マウンテンバイク自転車 こども街乗りMTB 小学生低学年高学年 シングルギア20インチ 水色ブルー","12237","7","","1","¥ 18,980","","1","B0GXDXRS8M","B0HD7BXL9N","110","52","18","12000"
"OLIGHT(オーライト)ODIN MINI タクティカルライト ハンディライト 懐中電灯 サバゲー 1250ルーメン 充電式 アウトドア 野外用","10640","31","","64","¥ 11,696","","1","B08L7K7DWB","","18.2","16.5","6.4","430"
"【スピードワールド】クロスバイク 700*28C 21段変速 デュアルピボットキャリパーブレーキ 泥除け付き フィットネスバイク スポーツバイク 軽量 自転車 オシャレ 通勤 通学 大人 男性 女性 学生 軽快走行 街乗りバイク サイクリング用自転車 初心者向けクロスバイク スタイリッシュデザイン (グリーン)","23217","35","","84","¥ 24,510","","1","B0DP42WKLK","B0DP431G1S","136","72","23","16000"
"KASIMO エアーベッド 電動エアーマット 電動ポンプ内蔵 【TPU素材&自動膨張】エアーマットレス 厚手 キャンプマット 空気ベッド ダブル","12252","20","","26","¥ 11,815","","1","B0H3D4HZL2","B0H3DGPZWC","40.1","20.6","19","3550"
"[スワンズ] スポーツ サングラス エアレスコア Airless-Core SACR-0051_BK 日本製 偏光レンズ one","13874","43","","13","¥ 10,924","¥ 10,924","2","B08P5JFCGY","B09RBHXKP9","17.2","8.5","6.4","100"
"SAKUTTO 携帯浄水器 浄水器 濾過器 アウトドア 防災グッズ 【日本正規品】2セット","16774","31","","58","¥ 6,975","","1","B0C5N8PBZZ","","17.3","13.7","10.5","340"
"ヨネックス(YONEX) バドミントンラケット ナノフレア111 NANOFLARE111 初心者向け フレームのみ ヘッドライト NF111 ホワイト/ラベンダー(104) 4U5","12258","38","","14","¥ 12,200","¥ 12,292","23","B0CQ1KHNTJ","B0CT4YM3MH","71.6","26.1","4.4","260"
"RAKU 吸水スポンジ 驚き吸水量 1枚吸水量2L 水溜り対策 大型ウレタン 業務用 運動場整備品 野球 サッカー 運動会 イベント 30枚入り","10130","44","","97","¥ 7,428","","1","B09929PN97","B0992B7JLV","42","25","13","6000"
"OGK技研 オージーケー技研 自転車 チャイルドシート リアキッズシート RBC-019S POPOLA(ポポラ) グレージュ 新SG基準適合品","12263","71","","44","¥ 7,710","","8","B0D53P45Y6","B0DK2YZJPB","55","35","30","3430"
"JES-BASARO (ジェスバサロ) 自動膨張式 ライフジャケット 救命胴衣 自動/手動双方対応モデル 2Wayモデル ウェストフィット 立体裁断設計 釣り 大人用 子供 メンズ レディース サイズ70cm~140cm 日本国内メーカー B-Life-Jac-Mf-MN/AT 日本語取り扱い説明書 CO2高圧縮ボンベ付き (グリーン迷彩)","16669","13","","276","¥ 5,980","","1","B0B4K7ZK9N","B0CHRCY1D9","39.3","12.3","6.9","510"
"ロゴス(LOGOS) ハイパー氷点下クーラー・スリップリッドTALL 81670051 クーラーボックス 防災 折り畳み","12271","78","100","25","¥ 9,364","¥ 9,364","8","B0F9YV94DV","B0G1T1VMP6","31.1","27.3","20.9","1160"
"ヴィクタス(Victas) (VICTAS) 卓球 ラバー V>15 Extra 裏ソフト ハイエナジーテンション ブルー MAX 020461","12272","57","","276","¥ 6,820","","5","B09F6C4W9S","B0BVM1PQ7R","18.4","17.6","1.1","110"
"GENTOS(ジェントス) 懐中電灯 LEDライト 充電式(専用充電池/単2電池) 強力 3200ルーメン アルティレックス UT-3200H 軍用 ハンディライト フラッシュライト","12281","43","","76","¥ 17,191","¥ 17,191","20","B07G3FBPLL","B0DH84NQGQ","32.2","29.4","12","1640"
"VICTORINOX(ビクトリノックス) エボーク ALOX ブルー/レッド 折りたたみ ナイフ 防災グッズ キャンプ アウトドア 取り外し可能なキャリークリップ付き 4機能を搭載したスイス製マルチツール プレゼント ギフト 十徳ナイフ 【国内正規品】 0.9411.D221","31128","36","","690","¥ 14,730","¥ 14,730","1","B0GKYMPP9J","B0C3CK51Q3","17.1","7.4","3.3","255"
"キャロウェイ(Callaway) ゴルフボール CHROME TOUR YLW 24 TRIPLE TRACK 1ダース(12個入り) 4ピース構造 トリプル・トラック イエロー","12290","94","100","182","¥ 5,500","","7","B0CJK2PJDW","B0FWQC3K28","19","13.9","4.9","630"
"ゴーセン GOSEN バドミントンガット・ストリング ライゾニック 65 RYZONIC 65　200mロール BSRY652","12294","84","100","60","¥ 11,088","","17","B0BWXHRJ1C","B0GHY7YVZZ","20.4","20.1","4.7","140"
"SeatheStars アウトドア サイドテーブル付き コンロ バーベキュー 折りたたみ 大型 軽量 組立不要 ステンレス 焼き網幅70cm 大人数","12301","47","","24","¥ 5,320","","2","B0B8ZCQ4WW","B0B8NH81M9","72.2","34.3","21.1","5500"
"エバニュー(EVERNEW) チタンクッカー 収納袋付き MP500 Flat ECA620","12311","34","","131","¥ 5,555","","15","B0BXS8GCDY","","11.2","10.9","10.7","140"
"ダイワ(DAIWA) スピニングリール 24レブロス LT6000D-H","12341","95","","31","¥ 9,345","¥ 9,345","23","B0DCK91PQ1","B0DCVF51RY","14.3","14.2","9.7","450"
"FIELDOOR カーサイドタープ 車 カーサイドオーニング スクエア型 吸盤フック テントポール付 UVカット 遮熱 車中泊 キャンプ 日よけ テント [通常] [ライトベージュ/単品]","12343","42","","52","¥ 6,120","","1","B0BTRZMSRM","B0H32G7RCV","71.3","10.2","9.3","1930"
"HOBI【日本製】三代目サバイブシート4L(200×200cm) グランドシート 極軽上質帆布 撥水パラフィン加工 [無骨でタフ] 軽量 頑丈ハトメ オールブラック 黒 [MADE IN JAPAN]","12349","44","","347","¥ 12,498","","1","B09SG3KBG8","B09N1N46WX","38.9","27.5","5.9","1670"
"KABUTO(カブト) 自転車 ヘルメット TESTA(テスタ) カラー:マットサンドベージュ サイズ:頭囲56-58cm SG認証","13601","47","","113","¥ 5,027","¥ 5,027","15","B0BZNTR5SN","B0H8X7KTCB","36.1","22.1","15.8","290"
"Aricxi超軽量ミニシェルターキャンプマットテントフットプリント15Dナイロンシリコンシルバーコーティングタープ (210x300cm)","12351","49","","87","¥ 5,240","","1","B0CLC9VPSL","B0CLC8DXPB","20","17.9","9.4","280"
"【アワード受賞・人気ブランド】LESIR レザイア バーベルセット 40kg 60kg シャフト直径28mm / 81cmグリップライン","12364","58","50","334","¥ 13,600","","1","B0B2WLF3S6","B0H8WVHLSL","61","27","13.5","21000"
"Yohood バスケットゴール 屋外 135～305cm 移動式 高さ調節 大人 練習用 子供 ミニバス バスケットボール 組み立て簡単 7号球対応","12367","18","","200","¥ 13,900","","1","B0GPVFMLZR","B0GWYP3MX2","108","70","20","22000"
"キャンプブランケット 北欧 毛布 おしゃれ マルチブランケット 綿 キャンプラグ ソファカバー カウチ ベッドカバー カーペット ひざ掛け (ライトベージュ, 160x220)","12071","6","","48","¥ 5,098","","1","B0FQ3N8YXJ","B0D9PVH7KQ","30","25","3","1000"
"DELTA FITNESS POWERGRIP (デルタフィットネス パワーグリップ)V3 トレーニングギア 筋トレ (POTATO(BLACK))","22214","11","","7","¥ 5,980","","1","B0FX48SBJP","B0FX48WR2W","22.8","19","3.6","180"
"野球シャトル バッティングシャトル 的付き 96個 野球 バッティング練習用 室内練習 自宅練習 飛距離抑制 軽量 手投げ用","12385","21","","6","¥ 5,599","","1","B0GFD28YWS","B0HCYSGJFT","40","34","12.5","550"
"【UUUMGOLF推奨練習器具】Uchida ナイスインパクト ゴルフ スイング 練習器具 動画解説 新感覚 練習リアルな打撃感 ための作り方 てテークバック 素振り 室内 80cmモデル","12387","26","","44","¥ 17,380","","2","B0DVL9HFNY","B0F8T5L5GK","80","6","6","680"
"HiiPeak エアーベッド 電動ポンプ内蔵 電動エアーマット 【TPUプロ素材&自動膨張】 エアーマット シングル 190×90×22cm","12399","53","50","49","¥ 7,147","","1","B0GFHPD5DR","B0H44HC17P","30.4","18.9","18.9","2210"
"Continental(コンチネンタル) GrandPrix 5000(グランプリ 5000) 700C クリンチャータイヤ 2本セット ＋zitensyadepoステッカー (700×28)","12410","53","50","143","¥ 18,480","","1","B07KW7CTKF","","23.1","16.8","9.9","550"
"シマノ(SHIMANO) 自転車用 Di2 充電用ケーブル パワーメーター EW-EC300 1500mm","12414","42","50","182","¥ 5,209","¥ 5,209","11","B09F9BY6FP","","24.2","5.1","3.3","120"
"KingCamp 寝袋 シュラフ 封筒型 オールシーズン キャンプ用 軽量 ワイド80cm 快適温度5度/15度/20度 連結可能 コンパクト","16736","36","","2","¥ 5,461","","1","B0GDXFJLG2","B0HB3C4Z1L","50.8","32.4","24.8","1890"
"rcp ゴルフ傘 日傘 晴雨兼用 【高遮熱 放射冷却素材 ラディクール 生地使用】 ワンタッチ式 長傘 ラディクール 最強 高遮熱＆軽量＆高強度タイプ【重量:460g】【傘サイズ 直径:120cm】【 UVカット率 100％ UPF50+ 】【遮光率100％ 一級遮光 】【遮熱率63％ S55ランク 】 涼しい日傘 紳士傘 遮熱日傘 熱中症対策 暑さ対策 紫外線対策 ゴルフ レジャー スポーツ観戦 行列 ファミリー メンズ Radi-Cool rcp6","12434","61","50","33","¥ 8,483","","1","B0F2SGVNT7","B0GR4X4RNM","94.5","7","6.5","690"
"TOPAIM 3m×6m タープテント サイドシート6枚付き 大型イベント3段階高さ調節可能 耐水防水 UV カット日よけ 専用収納ケース付き キャンプ・遠足・花見・運動会・公園・建築現場・工事現場・屋外電気メンテナンス アウトドアイベント用品 (3mx6m/Black)","12435","49","","104","¥ 24,680","","1","B0FNR17XJ4","B0FNR7TJQF","119","22","21","13000"
"自転車用LEDライト GVOLT70（260ルーメン） USB充電式 上カット配光 最大40時間点灯 工具不要取付 HL-EL551RC","12444","67","100","1040","¥ 5,696","¥ 5,696","14","B07N649M4B","B08KQS8M6P","29.8","19.1","11.4","270"
"Coleman(コールマン) デッキチェアNX(ヘザーグレー) キャンプ アウトドア 椅子 折りたたみ","12446","38","50","6","¥ 9,203","¥ 9,203","5","B0G4L6FCH1","","59","52","42","5600"
"シマノ(SHIMANO) ホリデー磯 4号 530PTS パイプシート・テレスピンガイド(遠投用ガイド)","19281","64","","31","¥ 17,397","¥ 17,573","18","B072JVCJN7","B0CMF4D7H2","120.7","8.8","6.7","880"
"MAZEL (マゼル) レスキュー ゴルフクラブ ユーティリティ カーボンシャフト メンズ 右利き用 (カーボン（Z35 II-ブラック）, フレックス:R, 18, 度, 右)","43067","11","","34","¥ 9,980","","1","B0GHRFGXFB","B0C844GXXN","104","10","2","400"
"シマノ(SHIMANO) オフショア 両軸リール 23 オシアコンクエスト 201HG","12470","67","","11","¥ 46,237","¥ 46,237","14","B0CCR63VVT","B0CLRB656H","15.3","14.3","8.9","420"
"イワタニ やきまるビッグ CB-SLG-BIG 黒 スモークレスグリル カセットガス 焼肉 バーベキュー アウトドア こんろ 調理 日本製 iwatani プレート面積約1.7倍のビッグサイズ","12473","48","100","6","¥ 11,380","","1","B0H64L9MTQ","","45","40","15","3500"
"キャンピングムーン(CAMPING MOON) ステンレス プレート 食器セット 12点セット シルバー キャンプ アウトドア 帆布ケース付き S395-3S","16965","42","","77","¥ 7,181","¥ 7,181","2","B0C3QQR3S9","B0BTHYY61N","19.7","19.2","9.2","1120"
"シマノ(SHIMANO) エギングロッド 23 セフィア SS S83ML","12491","36","","2","¥ 23,879","¥ 25,122","13","B0C7BQXFFT","B0CGCPTZMP","141","11.3","8.5","900"
"シマノ(SHIMANO) リアディレイラー(MTB) RD-M6100-SGS 12s ロングゲージ IRDM6100SGS DEORE(ディオーレ)","13948","40","","281","¥ 6,380","¥ 7,088","8","B08B3T2ZFT","B0F3P4DNDN","19","12.6","9.4","431"
"TOKYU SPORTS OASIS 東急スポーツオアシス (公式店) スタイリーボール 振動レベル５段階 SLB-100 ボディケア 筋トレ ストレッチサポートカバー付 (レッド)","12498","41","50","114","¥ 11,682","","8","B0B7BDMR7F","","15.4","14.6","12.4","570"
"BBK 片刃チューブカッター TC-327S","12505","71","","8","¥ 6,000","","4","B073B57NDJ","B0DNZ7LGX7","20.7","9.2","3.9","300"
"TOUFEIYUAN 熊鈴 熊よけ鈴 消音機能付き【20個セット】 マグネット式サイレンサー付 軽量 熊よけベル 熊よけグッズ 登山 トレッキング ハイキング 山歩き (黒-20個)","15309","11","","","¥ 5,398","","1","B0H2N6R57L","B0G1XTB2KP","12","7","2","30"
"Coleman(コールマン) ナチュラルウッドロールテーブルクラシック/110 アウトドア キャンプ バーベキュー ピクニック 折りたたみ 高さ調節 収納ケース付き 耐荷重30kg ファミリー 安定","12515","46","50","234","¥ 15,200","¥ 15,200","6","B017ABEZWA","B0B7B1QBPK","74.8","21.9","19.5","5500"
"Goture テンカラロッドセット 3.6m 12FT セットB 渓流竿 釣り竿セット","12521","32","","3","¥ 7,599","","1","B0DHRRMM3Z","B0FQ4XQP1H","43.1","8.6","8.4","410"
"EMOTORAD Doodle 電動アシスト自転車 折りたたみ ファットタイヤ 20×4.0 350W 公道対応","12525","41","","65","¥ 130,800","","1","B0DHPTRXW6","B0DHPQTRYR","106","84","46","31600"
"モルテン(molten) ペレーダ フットサル サッカー サッカーボール フットサル4号球 検定球","12526","41","","14","¥ 5,866","¥ 5,866","6","B0DR2PM3NF","B0DVFPNR46","25","25","25","500"
"OUTREVO 寝袋 ダウン 封筒型 軽量 グースダウン 400g 連結してふたり用に コンパクト シュラフ アウトレボ (オリーブ)","12533","52","","92","¥ 10,600","","1","B0DS5RD5CL","B0DS5TT7SR","30.7","17.7","16.4","800"
"【METI認証済 16000mAh大容量】 防災ラジオ ソーラーラジオ 手回 AM/FM対応 Type-C充電 スマホ充電 Bluetooth5.3 スピーカー LEDライト コンパス SOSアラート付き 多機能 ポータブルラジオ 懐中電灯 非常用照明器具 防災グッズ アウトドア/防災/非常用 PSE認証 グリーン","12534","34","","38","¥ 5,570","","1","B0DK8VVKP7","B0DRYKCKFB","19","14.9","10.4","900"
"パワーブリーズ POWERbreathe PLUS 呼吸筋トレーニング器具 パワーブリーズプラス Medium Resistance 重負荷 ブルー BLUE [並行輸入品]","12535","69","100","46","¥ 8,999","","2","B0BY84LRVB","B086Y8SW9D","16.9","11.3","7.7","180"
"Goture DELIGHT 604LS ロッド＆リール 釣りセット 1.81m 4継ぎ UL ストレートタイプ 海・淡水両用 軽量設計 フジガイド搭載","12538","21","","","¥ 7,777","","1","B0GHXMHBDQ","B0G1X58LHY","62","21.5","10","750"
"シマノ(SHIMANO) エギングロッド 24 セフィアSS ティップエギング R-S68ML-S","17394","27","","1","¥ 25,102","¥ 25,102","4","B0D95BLS52","B0D97PNLKL","114","13","8","590"
"TMZ折りたたみ式全地形ガーデンワゴン、屋外キャンプキャリーワゴン、取り外し可能なルーフ、伸縮式プルロッド、マルチスピード調整可能プッシュロッド、特許取得済みの後輪回転折りたたみ式カート、100リットルの 最大負荷120KG (ブラック/グレー)","12546","57","","840","¥ 15,977","","1","B0G12ZKRYW","B09HZJ9X3J","82","63.5","24.5","17000"
"アディダス(adidas) コネクト26 キッズ U-12 4号球 ADF430","12549","38","","4","¥ 6,864","","17","B0GKFVVG9C","","33.6","26.5","22.4","380"
"DOD(ディーオーディー) ムシャテント 1人用 火の粉に強い TC 素材の ソロテント T1-819-TN 組立サイズ(外寸):(約)W290×D290×H183cm ※ロープ、スカートを含まず。","12552","35","","30","¥ 23,182","¥ 23,182","3","B0BJVDZRNR","B0CLRBBTP8","57.7","22.9","22.8","6090"
"FLOUREE タープテント 2m×2m ワンタッチタープ 折りたたみ サイドシート4面 着脱式 メッシュ窓 通気トップ UVカット 防水 高さ3段調節 アウトドア 車用 キャンプ 庭，ベージュ","16488","7","","7","¥ 17,900","","1","B0G7DMYTRP","B0H1VGMFXQ","115","21","21","11200"
"Hilander(ハイランダー) ウッドフレームチェアEX ナチュラル/ブラック 折りたたみチェア ウッドチェア アウトドア キャンプ BBQ チェアリング","12555","43","","45","¥ 8,820","","1","B0F1MZMB43","B0FBQZBNCL","68.9","21.5","13.2","3680"
"[ARCWOLF] フェルトスパイク 防水磯靴 ウェーディングシューズ AFA-109 アウトドア 渓流釣り フィッシングシューズ フェルトスパイクシューズ 磯釣り スパイク 磯 滑らない","37149","22","","70","¥ 8,500","","1","B0FLYG5TQ8","B0GGSBHCLS","34.7","26.4","12.3","1510"
"THREE STONE 折りたたみ自転車 自転車 20インチ AJ-08C 荷台付き シマノ6段ギア カゴ ライト ワイヤーロック錠 プレゼント 通勤 通学 街乗り (ガンメタリック（荷台付き）)","21807","29","","528","¥ 15,980","","1","B0F2F1DJDK","B07CNVHKX6","78","66.5","33","18500"
"Nikon ゴルフ距離計 COOLSHOT PROIII STABILIZED","12565","55","50","46","¥ 52,228","","40","B0F3HYH8FB","B0F3NKHHNZ","13.3","11.7","11","400"
"YouTen(ユーテン) 折りたたみ ぶら下がり健康器 8段階調節 高さ220cm 懸垂バー 筋トレ 懸垂 懸垂マシン ぶらさがり健康器 筋トレグッズ ぶら下がり健康器 きんとれグッズ 懸垂機 チンニングスタンド トレーニングベンチ 筋トレ器具 (YT-BLS01 強化改良モデル)","12567","40","50","1190","¥ 8,999","","1","B01HNX3DQO","B0G56HSNBF","107.2","43","16.2","17800"
"XINGMIVA キャンプテーブル 折りたたみ 軽量3.4kg 耐荷重80kg 高さ調整55-85cm ロールトップ95cm 防水 収納バッグ付 簡単組立 4-6人用 アウトドア BBQ ピクニック 収納コンパクト (ブラック)","15953","0","","9","¥ 5,680","","1","B0H7SNMCZT","B0HDRXY3W1","59","22","16","3800"
"CXWXC 自転車 メンテナンススタンド 安定感 高さ調節 角度調節 ワークスタンド 折りたたみ式 工具トレー付 軽量 コンパクト 収納、持ち運びに便利 シャンパン （RS-100）","12575","42","50","799","¥ 11,033","","1","B07GKJMHJ5","B0BTLMYZ8T","100","19","18","5770"
"STEADY ルームランナー 【2Way/傾斜3°/アプリ連携/時速1-12km/プログラム12種付】ウォーキングマシン ランニングマシン 家庭用 トレッドミル 有酸素運動 室内 運動 ランニングマシーン treadmill 静音 コンパクト ST152","12575","45","50","82","¥ 29,990","","2","B0DCK59SXX","","140","75","16","39900"
"seathestars バーベキューコンロ グリル 折りたたみ (網高さ 調整可能) 4～10人用 大型 ステンレス 大人数用 ビッグ ポータブル","12576","42","","44","¥ 6,980","","2","B0CW5VB8HZ","","84","36.7","13","7000"
"クーラーショック 保冷剤 4個セット Mサイズ 繰り返し使用可-7.8℃をキープ 7CSMSET","12579","61","50","8418","¥ 5,490","¥ 5,490","15","B07TXXZJCD","B07WT23VX2","31.6","27.8","4.5","440"
"【48個セット】Ledlenser HF4R Signature シグネチャー ヘッドライト 充電式 600ルーメン IP68 完全防水 軽量 コンパクト ブースト 製品登録で7年保証 壊れにくい 信頼のドイツブランド レッドレンザー","14237","21","","","¥ 369,600","","1","B0FM7WNLRP","B0H4JVF1LV","46","34","29","10000"
"【2026アップグレード版 】EMS腹筋ベルト ジェルシート不要 6腹筋パッド 3Dフローティング 交互体験 8種類モード 30段階強度 大型液晶画面 USB充電式 腹筋トレーニング器具 ベルトサイズ調節可能 簡単操作 男女兼用 日本語説明","12595","13","","46","¥ 13,997","","1","B0H9QBRBDG","B0DQNZXZRY","30","22","5","600"
"【バートル】BURTLE エアークラフト 30Vリチウムイオンバッテリー 2026年型【AC10】(67.マーリン)＋30V用ファンセット 2026年型【AC10-2】(99.オーシャンブルー）","14677","21","","2","¥ 18,880","","1","B0H71BWV2Z","","28","20","8","1000"
"ノードツアー(NordTur) 自転車ライト フロント LED 950ルーメン 防水IP65 GARMIN/GoProマウント付 LW-F950","12606","28","","1","¥ 5,164","¥ 5,164","1","B0GLP3WWY9","B0GQT1RQFV","15","15","5","200"
"ダイワ(DAIWA) クーラーボックス ソフトクールEX 1500 ブリック 小型 15リットル","12612","47","","128","¥ 8,976","","9","B09TKNT484","B09VPLK7CS","41.7","32.3","18.1","1130"
"TOKYU SPORTS OASIS 東急スポーツオアシス シェイプツインボール 振動型フィットネスマシン STB-100 (振動5段階) レッド","12618","73","100","341","¥ 9,580","","4","B099MWSMFC","","23.7","10.9","10.8","1030"
"キャンピングムーン（CAMPING MOON） 焚き火 チェア ローチェア ロースタイルチェア 帆布生地 F-1003C-K","20752","50","","1745","¥ 7,190","¥ 7,190","2","B06Y3WWX2S","B088B8FX58","95","17","14.5","4000"
"MC キャンプコット アウトドアベッド コンパクト収納 折りたたみコット 超軽量 幅広く キャンプベッド 耐荷重150kg (緑)","12619","52","50","381","¥ 7,999","","1","B0BDKKQ4NF","B0BD7QD5QQ","39","15.7","13.9","2250"
"MUSCLE FACTORY メイスハンマー 8kg ハンマー ワークアウト トレーニング器具 ダンベル バーベル ウエイト パワー 野球 ゴルフ ラグビー スイング 筋トレ 体幹 柔軟性 全身運動 スポーツ スチール マット ブラック","16464","48","","15","¥ 6,525","","1","B0DZ5R1HX7","B0DZ5SVM7W","103","19","15","8100"
"ヘリノックス Helinox サンセットチェア コヨーテタン/ブラウン 1822285 CTN/B","12621","38","","120","¥ 21,714","¥ 21,714","2","B08563M8R4","B0G24FQ9TR","49","25.4","12.6","1620"
"キャロウェイ(Callaway) クラブセット レディース REVA 24 BLACK (9本セット キャディバック ヘッドカバー 付き) カーボンシャフト ブラック","16765","46","","20","¥ 105,587","¥ 105,587","17","B0DJPGMFDD","B0DKDZ5H71","125","40","29","8680"
"シマノ(SHIMANO) ベイトリール 23 アンタレス DC MD HG RIGHT (右ハンドル) ルアーキャスティング","16086","87","","25","¥ 63,308","¥ 63,308","22","B0BT4KXBG7","B0BTY6861L","15","13.2","9.2","400"
"ルームランナー-AIRHOT ウォーキングマシン ランニングマシン トレーニングマシン 静音 M時速1-10km/h L時速1-10km/h フィットネス ダイエット 家庭用 健康器具 省スペース (黒い, Ｌ)","7644","57","50","240","¥ 16,980","","1","B0CYZ8CLPF","B0H8ZXBTFF","120.5","55.5","10.5","20440"
"POVNAS 電動リール用 互換バッテリー 9000mAh 長さ2m延長コード付き LED残量計付き","12639","16","","249","¥ 13,690","","1","B0BTYGF99Y","","22.1","15.6","5.2","970"
"ゴールドジム(GOLD'S GYM) 25年以上の販売実績 パワーグリップ 初級者~トップ選手も愛用 握力サポート 鍛えたい部位に集中 人間工学に基づく設計 格別のグリップ力と耐久性 Made in U.S.A. パフォーマンスを最大化 G3710/ BK/S","13362","65","","1334","¥ 13,722","¥ 13,722","2","B00189LO84","B0FH6LB1M8","29","13.8","7","220"
"コンチネンタル(Continental) ロードタイヤ Sprinter 28""x25mm black-black","12656","44","50","307","¥ 8,140","¥ 8,140","9","B00O82ZYFW","B0D6XJJPP2","20.2","18","3.9","358"
"AKFJP スタンドゴルフバッグ キャディーバッグ クラブケース pu革 防水ゴルフクラブバッグ レディース メンズ 男女兼用 多機能収納 大容量 パッケージ 軽量 ブラック","30454","27","","24","¥ 14,080","","1","B0FC69X2LP","B0F5XZ7HZD","10","10","2","100"
"シマノ(SHIMANO) ベイトリール 25アルデバラン DC 30XG (右)","12678","43","","4","¥ 44,439","¥ 44,439","31","B0DSPGLWQ3","B0DSZTXY38","14.8","13.3","9.4","270"
"Softspikes Tour Flex Pro Fast Twist 3.0 ゴルフスパイク - 究極のスパイクキット","12680","43","","979","¥ 8,533","","16","B0BXBJ535X","B0H4KJ7M25","16.6","12.9","4.7","141"
"[Oakley] オークリー サングラス 0OO9206 RADAR MATTE BLACK (マットブラック) 日本 38 (FREE サイズ) LOCK PATH (A) 920636 スポーツ","12681","64","","58","¥ 23,090","¥ 23,090","16","B01BDR8BOU","B07CSYBD75","18.1","8.5","8.2","150"
"クレイジーオーシャン オーシャンソード ヴァーテックス ティップラン OSV-53ML Crazy Ocean","12693","7","","4","¥ 52,800","","2","B0CF1RPPSJ","","130","10","7","600"
"[MRG] 鉄棒 フロアマット 145×195cm 大判 トランポリン 遊具対応 滑り止め 衝撃吸収 エクササイズマット 鉄棒マット","12696","29","50","55","¥ 6,980","","1","B01FD0G9UQ","","145","12","12","4600"
"【プライム上場企業】 アルインコ(ALINCO) ウォーキングマシン ルームランナー ダイエット器具 健康器具 ダイエットマシン 自走式 家庭用 傾斜9度 負荷調節可能 折り畳み 静音 電源不要 組立簡単 簡単移動 軽量 コンパクト 省スペース ウォーカー 健康器具 ダイエット器具 マグネティックウォーカー EXW7023 ブラック","12697","43","","26","¥ 26,820","¥ 26,820","2","B0C73P1NYS","B0F52RW69G","129.5","64","28","24000"
"グリベル(Grivel) 登山 ヘルメット ステルス ホワイト(WHT) GVHESTE","12708","55","","230","¥ 14,455","¥ 14,455","14","B093172JZB","B0D8KHQVVJ","27.7","20.8","16.8","410"
"【TRUST】トラスト バイソン・ソフト Bison Soft ゴルフボール｜飛ぶ・曲がらない・止まる｜3ピース・ウレタンカバー・リアクティブコア｜飛距離×コントロール両立｜4ダース","12710","56","","80","¥ 11,800","","1","B08W8FSG9M","B0HCPYB53B","23","19.4","9.6","2580"
"ゴルフ ヘッドカバー ドライバー ヘッドカバー ウッド カバー ユーティリティ ゴルフ UT カバー 番手タグ付き 防水仕様 ドライバー440cc 460cc 用 オーロラ文字 (黒, 4点セット)","14163","31","","12","¥ 6,631","","1","B0G5PVKG6X","B0G5PTMX67","33.6","18.5","14.6","380"
"サイクリングディール アップライトバイクスタンド - ファットバイク、MTB、ロードバイクに最大4インチのタイヤ幅に対応 - プレミアム品質の縦・横調節可能な自転車フロアパーキングラック - 29インチまでのホイールサイズに対応","11764","50","","144","¥ 14,036","","2","B0BYHNB84G","B0CH9B4Y7S","44.7","34.6","20.8","3892"
"[TOBAU/保冷バッグ付き] キャリーカート クーラーボックス 折りたたみ 4輪 28L コンテナキャリーカート 耐荷重25kg 360°回転 軽量 アウトドア キャンプ (ブラック)","12726","58","50","59","¥ 5,480","","2","B0F3CF4Z43","B0H5VNX3Y5","48.5","38","13","3000"
"Re ルネサンス バランスボール スツール チェア おしゃれな椅子型 フレーム固定 カバー ハンドポンプ付 (ブラウン)","12728","57","","26","¥ 5,480","","1","B0F1TMB4QF","B0FNM8HST9","31.4","20.9","15.1","2670"
"MAZEL (マゼル) パター ゴルフクラブ メンズ 右用 ヘッドカバー付き (アップグレード - 銀, 34インチ)","12733","49","","8","¥ 7,999","","1","B09NVVLFD9","B0786MK329","88","17","11","580"
"DOD(ディーオーディー) スワルスエックスハイ2 アウトドアチェア ハイバック キャンプ 椅子 コンパクト 軽量 耐荷重130kg 【角度調整/収納袋付】 C1-208-TN","12739","63","50","29","¥ 11,770","¥ 11,357","6","B0GKNM15VK","B0GQGKVPB6","41.5","16.6","16.5","2050"
"STEADY トランポリン ピンク 本体のみ ST134 室内 静音 耐荷重150kg 高耐久性 折りたたみ 独自開発Power Flex™","12743","49","","194","¥ 7,490","","1","B09NL82HSC","B0GPCZVMZR","78.5","39.5","10.5","7350"
"【プライム上場企業】【Amazon.co.jp限定】 アルインコ(ALINCO) ディップススタンド 2WAY(ハイ/ロー) クッショングリップ 滑り止め付き 腕立て伏せ プッシュアップ エルシット 筋トレ 代謝アップ 健康器具 家庭用 組立簡単 耐荷重150kg FA53 ブラック","12745","45","","22","¥ 9,980","¥ 9,980","2","B0CJTSMT5N","B0CW351GXN","76.5","36.5","13.5","15600"
"【2箱セット】キネプロ（キネシオロジーテープPRO） 37.5mm×5m 8巻テーピング テープ 筋肉関節サポート 固定力 撥水加工 伸縮率 かぶれにくい 剥がれにくい マラソン バスケ サッカー テニス 陸上 フィット感 剥離紙 肌に優しい","14834","12","","133","¥ 6,072","","","B0GZD1Z7SW","B0D1QZJZKM","15.9","14.4","7.3","1080"
"ヤマトヨテグス(Yamatoyo) フロロカーボン VALUE ボビン巻 透明 300m 10号","16381","38","","16","¥ 5,160","","1","B0DBVBQD66","B0DC9TGF24","12.5","12.3","7.9","310"
"YOLEO ステッパー 静音 足踏み健康器具 上下足踏みと左右ひねり 省スペース 有酸素運動 エクササイズマシン ダイエット器具 ながら運動 自宅トレ 最大承重量100kg メーカー保証1年","12770","31","50","14","¥ 5,160","","1","B0H1HDFSTZ","","42","35.9","25","6160"
"ゴールドジム(GOLD'S GYM) サウナスーツ G5710/XXXLサイズ","17305","31","","24","¥ 9,088","¥ 9,088","1","B000R9QEEA","B07Q4MST3J","43.1","31.1","6.8","570"
"Shot Navi(ショットナビ) Evolve SE ゴルフ GPSナビ 腕時計型 マルチ測位対応 PGA推薦 競技利用OK 日本製 ブラック","12780","49","50","94","¥ 18,182","","6","B0D7PLFSTC","B0D817C3WP","24.3","16","12","200"
"SAWYER ソーヤー ミニ SP128 [並行輸入品]","12782","26","","980","¥ 5,250","","2","B08SC8T5Z4","","17.8","12","6.2","140"
"【児童発達支援施設監修】 トラPON! トランポリンクッション 【トランポリン＆運動マットの2WAY】 室内 ワイド 極厚 滑り止め付 静音 高反発 高弾力 衝撃吸収 子供 大人 室内遊び ストレッチ エクササイズ 洗濯可能 日本語説明書付 (グレー) | にじいろぱれっと","20353","53","50","49","¥ 8,499","","1","B0FHPWN4R9","B0G48CCHVV","53.4","52.6","22.6","5480"
"AVASTA(アバスタ)THRAXマウンテンバイク 初心者向けMTB ファットタイヤ自転車 26インチ 艶消し白","38271","8","","2","¥ 27,980","","1","B0H82V33LS","B0H82ZPV8B","131","71","20","20460"
"シマノ(SHIMANO) ゲームベストライト VF-068T ダスクブルー フリー","12789","55","","199","¥ 12,212","¥ 12,212","17","B0BCF47KG8","B08YYZSG3J","59.2","49","11.9","1040"
"HEIGHTEN 130mm ベイト リール ハンドル 7色 70航空アルミ製 シマノ ダイワ アブガルシア 通用 ベイトリール 用 (ゴールド＆ゴールド) (HT01206)","12790","34","","134","¥ 5,990","","1","B09CYTTD55","B094V5RKBL","21.3","8.5","4.3","140"
"Mopaicot Furn 折りたたみベッド リクライニング4段階調節 キャンプベッド マットレスと枕付き アウトドアコット 耐荷重200kg 室内外兼用 グレー","12795","36","50","19","¥ 8,999","","1","B0H1413BNZ","","82","70","15","7700"
"【Amazon.co.jp 限定】ゼット(ZETT)軟式用 キャッチャー防具4点セット (マスク・スロートガード・プロテクター・レガーツ) レッド×ネイビー BL303SET","14203","25","","72","¥ 32,980","¥ 32,980","1","B0DJLJMRXD","B0DJNV3PWS","67.3","36.9","21.7","2810"
"WUWAN 極厚 ヨガマット 厚め10mm (青色)","10691","31","","14","¥ 5,060","","1","B0GF1QFW9Y","B0GF1G7MPS","66","16.5","16.5","1070"
"GOODGOODS LEDサーチライト 強力ハンディライト 充電式 10000lm 25°狭角配光 IP65防水 1500m照射 YC-1500M","12812","26","50","18","¥ 13,576","","1","B0H3Z6D38B","","22.7","19.2","13.1","1260"
"MERACH (メリック) ダンベル 可変式 1kg〜8kg 片側4kg 2個セット筋トレグッズ トレーニング 健康器具 ダンベル セット 自宅トレーニング フィットネス コンパクト 持ちやすい おしゃれ 男女兼用 自宅/ジム/オフィス","12815","47","50","134","¥ 6,399","","1","B0H1VZQ18P","B0H33KN2T7","39.6","26","14.8","8710"
"DesertFox キャンプチェア リクライニングチェア 【メッシュと薄手コットを自由に切り替える】アウトドアチェア 四季適用 単品/セット 折りたたみ 背もたれ角度4段階調節 コンパクト 1秒設営・撤収 ローチェア 軽量【耐荷重150kg】イス 椅子お釣り 登山 携帯便利 ピクニック レジャー キャンプ用 STY008 (2,黒)","21246","41","","29","¥ 6,649","","1","B0G2BPQTQJ","B0G2BNWS13","82","33","18","6340"
"[シマノ] 偏光グラス フィッシンググラス01 UJ-032Y ブルーミラー/マットブラック","14305","33","","19","¥ 5,600","¥ 5,951","13","B0DRJLWP4T","B0DRV85L78","18","7.2","6","80"
"【Glerc】Little Molly 女の子子供用自転車 可愛いキッズバイク 乗り練習 低学年 幼児 貼り紙DIY 三輪自転車 柔らかいサドル 藤カゴ付き 取り外し補助輪付き 4〜8歳 レトロシンプルマカロンカラー 16インチ ピンク","16973","33","","22","¥ 16,980","","1","B0CXPDMPRY","B0GTPQNFGQ","95","50","18","11000"
"防犯生活 おまもりスプレー【防犯設備士監修】催涙スプレー 日本製 広範囲 強力噴射 護身用 コンパクトサイズ (5本)","12837","15","","","¥ 9,800","","1","B0GVHBNHM1","B0GN4KD9J2","12","3.5","3.5","75"
"[ALTALIST] アルタリスト HAYATE R2(ハヤテ アール ツー) ミラーレンズ (Glossy Black Temple Purple Mirror Lens)","11287","35","","16","¥ 7,920","","1","B0F9YBXC8W","B0F9YBW5XZ","19","8.2","8.1","180"
"エバニュー(EVERNEW) アルコールストーブスタンドDXセット EBY255","12851","46","50","1388","¥ 6,100","¥ 6,100","17","B003DKK7MU","B08CCLXDTJ","8.6","8.5","7.2","109"
"ローリングス(Rawlings) 野球用 4D8+PLUS ウルトラハイパーストレッチパンツ レギュラー APP14S02-NN Rグレー M","12857","44","","31","¥ 5,720","","8","B0FB8S3X9J","B0CTMBGVYG","35","25","5","500"
"Northdeer ダンベルプレート Northdeer 鏡面仕上げ版／通常版可変式ダンベル専用 通常版の加工 1.5kg×4枚","21135","40","","127","¥ 5,499","","1","B092C5DG15","B092CJV74S","27.5","27.3","9","6370"
"キャンプ チェア 2人掛け折りたたみ椅子キャンプ 椅子耐荷重300KGカップホルダーと収納バッグ付きふたりがけ椅子 キャンプ屋外、キャンプ、芝生に適した黒のポータブルアウトドア チェア","16960","50","50","48","¥ 7,999","","1","B0FGXV9DXG","B0FGQ5MCNX","96","30","17","7020"
"CYCPLUS スマートトレーナー T2 zwift対応 BLDC-MOTOR 自動発電 静音 移動便利 12s","12868","44","","16","¥ 65,959","","1","B0BZ84BMQQ","B0CMXJLF7S","59.7","39","37.4","22090"
"HEIGHTEN V2.0 105/115/120mm ベイト リール ハンドル 24.5mm ノブ搭載 シマノ ダイワ アブガルシア 通用 (焼き色ノブ - ブラック＆ワインレッド, V2.0-105mm) (HT22306)","12878","37","","87","¥ 7,690","","1","B0F47MWDTS","B0F5M74WDK","12","4","2","36"
"シマノ(SHIMANO) リールケース BA-029Y ブラック L","12891","48","","23","¥ 7,866","¥ 7,866","9","B0FKFNH4YG","B0FKM4SXMD","33.5","33.5","18","1280"
"ニトリート(NITREAT) EBテープ バリューパック 50mm×4.6m(伸尺) 24巻入 ベージュ EBV50","12892","37","","30","¥ 11,635","¥ 12,215","17","B00IBQ45BU","B09V2Q537D","26.9","17.8","14.4","1770"
"AZLIV ニースリーブ Standard【高重量を支える王道モデル】 7mm アズリブ ニーサポーター スタンダード 膝サポーター 筋トレ 筋力トレーニング スクワット ウエイトトレーニング ジム (黒, M)","12893","58","","144","¥ 5,980","","1","B09M85MXBX","B09M859CKF","31.6","25.9","2.4","230"
"ブルーストーム(Bluestorm) ヒューペ Red BSJ-212Y","12904","48","","2","¥ 6,100","","10","B08T5NYL6T","B0GJ618Q3J","45","43","10","400"
"調光サングラス メンズ 透明から濃グレーに自動変化 超軽量 UV400 アジアンフィット スポーツ用 エーフィット AF-7001T","12905","44","50","63","¥ 6,800","","1","B0F9Y3G6S2","B0FDZZ1B4B","18.7","9.2","7.1","140"
"シマノ(SHIMANO) バスロッド 26ゾディアス 164L-BFS/2","15791","40","","5","¥ 17,443","¥ 18,381","10","B0GFTLBRDB","B0GZ4XXY35","109","8.5","6.5","530"
"耳つぼシール 粒タイプ 100粒 金属アレルギー対応 ステンレス製 耳つぼジュエリー 金粒 銀粒 美顔 美肌 健康グッズ コリほぐし 表情筋 ほうれい線 むくみ フェイスライン 引き上げ ポインター 代わり クマ 目元ケア リフトアップ フェイスライン コリほぐし (10000, ゴールド)","12917","35","","81","¥ 99,999","","2","B0F18XW9K7","B0F18KDHN5","34.9","18.5","10.8","700"
"タバタ 藤田コアスイング GV-0233","12920","67","50","347","¥ 7,273","¥ 7,273","12","B00DGMHMYG","B0FV2VMWKZ","108","6.5","6.5","660"
"ダイワ(DAIWA) ラジアルロングフィッシングブーツ FB-3351-T ブラック L","12921","36","","25","¥ 6,837","¥ 6,837","10","B0CWNZKDC4","B0CWTNX8QY","48.1","35.5","13.2","2230"
"【Amazon 限定ブランド】寝袋 オールシーズン シュラフ封筒型 【1秒で開く&手足が自由】 210×150cm 柔らかく肌触り キャンプ寝袋 エアコン完備の部屋 2800g シュラフ 洗える 静電防止 防災 避難用 軽量 保温 車中泊 防寒 収納袋付き 枕付き 来客用布団 ネイビー (ダブル)","12927","51","","26","¥ 5,980","","2","B0FNMLQ6T3","B0FNML61CJ","44.2","35.3","17.7","3270"
"谷地林業 木灰 「純」 岩手産ナラ 100％ 灰 火鉢 囲炉裏 香炉灰 土壌改良剤 害虫駆除 (木灰 「純」3kg)","12944","46","","76","¥ 7,980","","2","B0DNF9Z2TG","B0HCGQD7JQ","35","22","9","3300"
"ORNESD防水シート超厚手 PVC多機能 0.55mm難燃性 耐久性 防水 防風防塵防雨 耐水 UVシート 台風・豪雨対策 水害対策 カバー 庭 屋根 保護 各種サイズあり 保護ロープ付き","16934","19","","54","¥ 71,499","","1","B0BH8NXKV8","B0BH8TGXKZ","77","62","28","39000"
"シマノ(SHIMANO) 両軸リール 22 SLX DC XT 70","12956","74","","12","¥ 25,600","¥ 26,613","5","B09R9HJJ7Y","B09VP368BX","15.1","13.1","9.1","320"
"キャプテンスタッグ(CAPTAIN STAG) アウトドアテーブル テーブル フォールディングテーブル 120×60cm 高さ4段階調節可能 4~6人用 アルミ製 ビストロ UC-571","12958","60","50","34","¥ 6,800","¥ 6,800","19","B09NBKVJXF","B09NN9ZX5L","64","61.5","8","5650"
"Coleman(コールマン) テント 2ルームテント タフスクリーン2ルームエアー/MDX+ 2000039084 5人用 キャンプ&ハイキング キャンプ アウトドア タープ シェルター 定員 4～5人用 ２ROOM ダークルーム 空気循環","12969","65","50","71","¥ 72,980","¥ 82,777","4","B09W5262RF","B0CYBKMWGS","75","35","35","21700"
"シマノ(SHIMANO) 純正 リールパーツ 夢屋 アルミラウンド型 パワーハンドルノブ グレー Mノブ TypeA用 26835 パーツ","12972","44","","185","¥ 5,061","¥ 5,061","2","B00702975A","B07GJYV5VR","9.3","7.8","5.7","60"
"SEA TO SUMMIT(シートゥサミット) キャンププラスS.I.マット (レギュラー) ST81080","17804","18","","126","¥ 7,205","","4","B0912ZTL8Y","","36.1","22","16.6","962"
"Formthotics ランニング スポーツインソール 熱成形 衝撃吸収 足底筋膜炎 偏平足 Run Dual XXS Teal/Charcoal","12981","46","","552","¥ 8,990","","1","B09YH7N52Y","B0B63JB22P","32.6","11.5","3.7","60"
"BISINNA 寝袋 ワイド ねぶくろ 封筒型 シュラフ 丸洗いOK キャンプ 登山 アウトドア 車中泊 自宅 旅行 収納パック付き 匂いがフリー 抗菌防臭 幅100cm x奥行き230cm 撥水加工 保温 寒さ対策 秋冬用2.5kg（快適温度5℃）グレー","12986","45","","196","¥ 5,344","","1","B09KT9714H","B0CBYL5F8M","42.5","32.5","18","2910"
"9.5 アクティブキャディバッグ MG6SCB00M_BK00_F","12988","48","","26","¥ 26,195","¥ 26,195","2","B0FK53XL2G","B0GGBLL64W","90","41","32","3820"
"BMO JAPAN(ビーエムオージャパン) リチウムイオンバッテリー6.6Ah II 本体&チャージャーセット 10Z0014 電動リール用 釣り用","12993","38","","32","¥ 24,640","¥ 24,889","20","B0BLN4JN1T","B0C9PVZP95","17.8","16.7","12.3","1380"
"CROWN SHADES ワンタッチタープテント 3mx3m 、センタ-ロック特許タープテント、組み立て簡単、持ち運び便利、シルバーコーティング生地 の収納バッグ、杭8本、ロープ4本、ウェイトバッグ4個 耐久 公園 庭園 BBQ （グリーン）","14669","26","","749","¥ 17,699","","1","B0DZCLTX3Y","B0D9LC78FD","119.5","21","20.5","16100"
"4way リクライニングチェア 耐荷重 150kg クーラーボックス + カップホルダー サイド収納ポケット・ドリンク置きスペース付き 屋外レジャー・昼休み向け 通年利用可能リクライニング椅子","13338","9","","38","¥ 5,980","","1","B0H8SMBYSG","B0HCMW38QP","92.4","16","16","3200"
"ヤマハ発動機(Yamaha)自転車カバー PASサイクルカバー タイプ+F Q5K-YSK-051-T29【純正品】","14388","43","","54","¥ 5,750","¥ 5,838","3","B0CN2FWWLC","B0CN6C2JVX","24.6","23.3","3.8","450"
"COROS（カロス）ランニングウォッチ スポーツウォッチ AMOLEDディスプレイ ルートナビ対応 超軽量 長時間稼働 2周波高精度GPS USB Type-C 充電対応 音楽 【日本正規品】","13004","34","","20","¥ 36,300","","1","B0G14K5VQ3","B0G1RB2JW2","16","8.3","4.6","170"
"WUWAN 二色 ヨガマット 幅広い(ダークグリーン)","17253","44","","41","¥ 5,500","","1","B0FWJWTGC4","B0FWJVZRW5","79.8","26.2","13.7","1330"
"emma kites 100% UHMWPE 超高強度ポリエチレン繊維コード 3mm直径 x 31Mロール 1000kg / 2200lb強度 ウーピースリング自作 ガイロープ ハンモック設営 ロープワーク ハイキング アウトドア使用 高強度 ブラック","14207","41","","298","¥ 5,300","","1","B06X9SFMSC","B0BX964NS2","10","9.9","9.8","190"
"BMO JAPAN(ビーエムオージャパン) HONDEX魚探用バッテリー3.3Ah 本体&チャージャーセット 10Z0016 ワカサギ 魚群探知機","13016","44","50","122","¥ 11,109","¥ 11,109","10","B0B1LWN3YN","B0B23FVC7G","17.1","15.6","5.9","400"
"ヨネックス(YONEX) ソフトテニス ラケット エアロデュークX 50GH ガット張り上げ済 レッド(001) G0 ADX50GHG","14596","39","","7","¥ 7,748","¥ 8,062","12","B0GSZ98718","B0GSZJ7Y1K","79.1","33.7","3.8","370"
"prudencrose 網 プール掃除ネット スキマーネット ランディングネット 落ち葉よけネット 伸縮ポール付き 落ち葉 ゴミ取り メッシュクリーナー 清掃網 掃除用品水族館魚網 (大型すくい網)","21436","28","","5","¥ 6,399","","1","B0GSZ4XHHN","B0GSZ8JFCL","44.5","30","6.2","330"
"キャロウェイ(Callaway) 右用 フェアウェイウッド QUANTUM MINI SPINNER (7W 21度 ATHLEMAX 70 S 41.5インチ D1 カーボン) メンズ","13020","39","","","¥ 48,131","¥ 48,131","9","B0GP6YT6TG","B0GSQKCS5M","110","11","10","460"
"2026 新型スマートリング IP68 防水 心拍数血中酸素測定 睡眠モニター 7 日持続 Android/iOS 対応 振動通知 ジェスチャー撮影 プレゼント用 smart ring 歩数計","13022","36","","12","¥ 5,560","","1","B0H2D6MHXR","B0H2D1S3HT","10","8","2.5","60"
"PRIMUS(プリムス) P-116 フェムトストーブ II 軽量シングルバーナー","13033","40","50","69","¥ 7,377","¥ 7,377","25","B0BYDJKQR3","","10.1","7","3.9","100"
"[エーフィット] 瞬間調光オーバーサングラス メンズ 光センサー搭載 0.1秒調光 UV400 運転 AF-OS21P メガネの上からサングラス","17478","12","","38","¥ 33,000","","1","B0D7CCHGB5","B08KQFD7Z6","20.3","10.4","7.9","230"
"[ARCWOLF] ウェーディングシューズ 磯靴 防水 交換ソール フェルトスパイク AFA-118 回転式シューレースロック​ アウトドア渓流釣り フィッシングシューズ フェルトスパイクシューズ 磯釣り 滑らない 防波堤","21452","18","","51","¥ 12,500","","1","B0FT2SJ115","B0GCZJWXW3","32.5","28","12.5","1650"
"CICINELL バランスボード 木製 高級表面コーティング 体幹トレーニング 子供 大人 室内遊び 軽量 フィットネス ヨガ 遊具 おもちゃ イエロー","14525","31","","58","¥ 7,980","","1","B0DWFMMDSZ","B0CSPL8876","85","30","20","3000"
"SAWYER PRODUCTS(ソーヤー プロダクト) ミニ 浄水器 SP103 オレンジ [並行輸入品]","13041","32","","29202","¥ 6,304","","1","B00MPH1LEU","B0DBLT586M","15.6","8","7.7","109"
"モルテン シューダスターシート TT0020","15724","75","100","311","¥ 5,450","¥ 5,455","42","B0076O2LKA","B0DG5ML9QF","44.6","37","1","380"
"ソト(SOTO) 焚火台 エアスタ ウイングM ST-940WM","13050","17","","1","¥ 5,550","¥ 5,940","15","B01MQQS5QC","B07P5HCT3H","38.2","24.2","5.6","1520"
"ダイワ(DAIWA) 20 ライトゲームX 73 M-190","13053","45","","18","¥ 14,630","¥ 14,630","9","B08H4PPLHP","B0CCTXM8RX","135","14","5","300"
"Coleman(コールマン) シート リビングフロアシート 300W 約300×300cm ブラック アウトドア キャンプ テント タープ お座敷スタイル 厚手 防水 耐水","13057","45","50","248","¥ 9,501","¥ 9,501","12","B08P5GYN59","","44","17.5","17.3","1960"
"MECH CAMP グランドシート テントアクセサリ テントシート 防水シート フットプリント ハトメつき 収納袋付き アウトドア キャンプ ※テント本体は含まれません【コールマン代替品】 (BCクロスドーム/270 代替品 インナーテント用)","16832","43","","1","¥ 5,399","","1","B0D1VCB7H6","B0D1VG1541","28.5","16","9.8","840"
"ブリヂストン 2026 TOUR B X ツアー B X パールホワイト 2ダースセット 24球 ※オリジナル清掃シートセット","13071","41","50","1","¥ 12,080","","1","B0GZ68WPRB","","19.2","14.8","9.6","1320"
"GiGant エアリアルヨガ 布単体 5ｍ×2.8ｍ ハンモック 空中ヨガ 反重力 エクササイズ エアロ ヨガ 国内正規品 (ボルドー)","13075","44","","135","¥ 5,980","","1","B08M9MFNVC","B07BVNB9RW","27.3","20","13.2","1240"
"シマノ(SHIMANO) スピニングロッド 23 セフィアBB メタルスッテ F-S66ML-S ファストテーパー","13085","50","","","¥ 15,271","¥ 15,271","12","B0BV27ZR33","B0BV77PRYC","120","12","6","570"
"SLPWORKS SLPW スピニングリールスタンド S ブラック・シルバー","13096","38","","22","¥ 5,809","¥ 5,809","16","B0DGXG91FC","B0GMGDYYLF","9","4.9","2.4","10"
"NEOLAB GOAT バッティンググローブ 両手用 野球 山羊革 全米仕様 高耐久 肉厚設計 破れにくい グリップ力 通気性 メッシュバッグ付き (白, L, 06)","22127","20","","3","¥ 6,980","","1","B0H2N5QXWW","B0H2N3XMHM","27","12","3","200"
"CXWXC ステム 自転車 アジャスタブルステム ±70度調整可 クランプ径/31.8mm 長さ90/110/145mm（XT-AS822-145_US）","17012","25","","2024","¥ 6,753","","1","B09C4JFPJY","B09GVZQ6V7","19.9","5.5","4.9","320"
"Wilson(ウイルソン) プレッシャーライズド テニスボール TOUR STANDARD(ツアー・スタンダード)4球入 1箱(15缶/60球) WRT103800","13114","55","","180","¥ 9,270","","4","B01BHPFIOY","B0DCG6Q8VX","41.9","31","24.9","4770"
"ロゴス(LOGOS) ソーラーブロック サイドウォール 270 71661028　※生地のみ","13122","39","","147","¥ 5,164","¥ 5,164","13","B07NBG3BR6","B0H28ZY7TF","39","22.5","6.2","960"
"可変式ダンベル 24kg 単品 アジャスタブルダンベル 15段階重量調整 ダイヤル式 ローレット加工グリップ 筋トレ ホームジム トレーニング MotionsFit","13128","30","","","¥ 8,775","","1","B0FLJ3CH4X","B0FLJCZ56L","55","35","29","27200"
"BUNDOK(バンドック)MOLUSKO(モルスコ) パラソル 240 チルト付き ブラックコーティング MS-36 遮熱 遮光 UVカット 角度変更","14515","30","","25","¥ 5,093","","1","B0DYD1LQRQ","B0F5VR65F5","145","10","7","2450"
"UOAO スタンドゴルフバッグ キャディバッグ ナイロン 大容量パッケージ クラブケース 防水耐摩 男女兼用 多機能収納 軽量 3.2kg ポケットゴル レディース メンズ 90*46*28*125cm ホワイト","13138","32","","5","¥ 12,980","","1","B0H59524FH","B0H1N7GCMD","10","10","5","2200"
"OPRO マウスガード「インスタントカスタムフィット」｜スポーツ用マウスピース｜格闘技マウスピース｜MMA・ラグビー・空手/柔術/テコンドー/ボクシング対応｜歯科ラボ開発フィット｜イギリス製 正規品公式ストア｜（ブレース対応/赤＆白）","13142","36","","45","¥ 7,680","","1","B09PLGGM1P","B0CBHP9RDD","22","12","5","100"
"Juhuilai U型止めピン ロープ止め金具、長さ40cm、テント サッカーゴール トランポリン固定用、黒色防錆コート (長さ40cm-16本入り)","14324","35","","22","¥ 5,200","","1","B0DN9ZN3L5","B0DNB3MJZS","42.8","11.2","7.6","5160"
"Tencen グランドシート 迷彩 防水 厚手 耐久 高耐摩耗 テントシート レジャーシート サバゲー キャンプ アウトドア 花見 花火大会 運動会 タープ兼用 ブラックカモ 2×3M","21009","38","","47","¥ 5,715","","1","B0F1N94FVS","B0F1NCNC2P","33.2","29.3","8.3","2770"
"シマノ(SHIMANO) スピニングリール 25 セフィアXR C3000SHG","13151","34","","7","¥ 27,140","¥ 27,140","24","B0FN3XML6Z","","15","13","8.7","310"
"[ALTALIST] アルタリスト HAYATE R1(ハヤテ アール ワン) ミラーレンズ (Crystal Smoke Frame/Silver Mirror Lens)","17442","38","","25","¥ 6,380","","1","B0FSL25666","B0FSL3PHHG","19.1","8.2","8.1","180"
"Raytos 子供用ボクシンググローブ ミットセット キックボクシング MMA練習用 ブラック＆ブラック 6oz","13158","15","","43","¥ 5,999","","1","B0H6Z9VRZQ","B0G4R81JQQ","32","16","10","690"
"2025新登場 ブルブル振動マシン 3D振動 室内運動器具 ダイエット器具 トレーニングマシン フィットネス お腹痩せ 有酸素運動 体幹強化 ブラック","12298","38","","2259","¥ 10,888","","1","B0DNT1W16F","B0DXVLLFWR","57.2","34","18.4","7360"
"ローリングス(Rawlings) 野球用 バット 軟式 ICON BR6IONE ブラック FRP製 84cm","21451","23","","7","¥ 46,089","¥ 46,089","1","B0GCHBCYGT","B0GGB8CQVV","83","12","8","700"
"【正規品】RE ルネサンス ツイスト ステッパー ライト 負荷調節付 ハンドル付 SP-700 連続使用 約120分 静音 ツイスト運動 筋トレ＋有酸素運動 商品保証期間5年 (ブラウン(ステッパー＋ハンドル))","17409","30","","10","¥ 23,380","","1","B0F8NR77R3","B0FKMDPCKT","46.5","31.5","26.5","8600"
"【アワード受賞・人気ブランド】 BARWING(バーウィング) 3WAY トレーニングベンチ ベンチプレス ベンチ ベンチプレス台 デクラインベンチ インクラインベンチ 筋トレ ベンチ (ブラック)","13180","33","50","70","¥ 12,700","","1","B0H25B8ZZW","B0H25LNJXS","100","50","20","23000"
"PYKES PEAK (パイクスピーク) テント 2人用 3人用 ツーリングテント ドームテント 【軽量コンパクト/前室付き】 キャンプ バイク アウトドア ライダーズ UVカット50+ 耐水圧2000mm ツーリングドーム (アプリコットベージュ)","13184","48","","403","¥ 5,206","","2","B09C28KP64","B09C28CVHR","43","22","16.4","3230"
"Mallet パターカバー レッド スワール パター ヘッドカバー オデッセイ ホワイト ホット プロ ヒールシャフト 強力磁気","13669","26","","12","¥ 6,105","","1","B0DD3B27PN","B0D2X3ZF5S","16.4","12","4.8","82"
"DABADA ダバダ 3段 折りたたみ式 トレッキングポール 2本セット【軽量 215g / 最少 35cm】 アルミ カーボン コンパクト 長さ調整可能 登山 杖 ストック (カーキ)","13188","43","","91","¥ 5,500","","1","B0F6NQ77MD","B01FTZ9OG6","61.2","8.7","8.7","250"
"オークリー(OAKLEY) 互換品 スポーツサングラス 交換レンズ レーダー EV パス グリーン ミラー 紫外線カット","13189","40","","55","¥ 5,871","","1","B011B88D44","B0BBLK492G","16","5","4.6","60"
"AIJYU CYCLE 折りたたみ自転車 26インチ シティサイクル ママチャリ シマノ6段ギア カゴ サークル錠 ダイナモライト 付き [passepied TS26B] (オレンジ)","19115","31","","147","¥ 21,480","","1","B0CZQXH1YG","B0CQXB6XR2","88","82.5","35.5","20000"
"2本セット ミシュラン(Michelin) リチオン4 Lithion4 クリンチャータイヤ 700c (クラシック, 700x30C) [並行輸入品]","14652","11","","1","¥ 9,400","","1","B0H1GRTQ1T","B0H1GN62JH","27","26","7.5","600"
"Join Nature アウトドアチェア｜3段階リクライニング式 キャンプ椅子 ハイバック設計｜折りたたみ椅子 耐荷重150kg対応｜コンパクト軽量 収納袋付属｜キャンプ・ガーデンチェア 屋内兼用｜収納時：21×19×90cmに折り畳み可能 (ブラック)","13203","37","","58","¥ 6,999","","1","B0F89TPBZR","B0F89TCFYM","93","21","20","4700"
"クイックキャンプ 車中泊マット セミダブル 8cm インフレータブル 高密度ウレタン 自動膨張 ハイエース 収納袋付き 簡単設営 非常用 防災グッズ","13207","50","50","155","¥ 8,980","","1","B087H3R62M","B0GPWQQD6V","55","29","20","5000"
"アイリスプラザ ウォーキングマシン ホワイト 速度1~10Km 傾き2段階 静音 5段階構造 コンパクト収納9.5cm 巻き込み防止バー リモコン タブレットホルダー キャスター VIR－005TK","13209","64","50","45","¥ 18,612","¥ 18,612","1","B0FT37MQ9B","B0G6K9K7BP","121.5","56","11","21000"
"Saplize セープライズゴルフパター練習用マット 英語版 ダブルスピード式 ミラー・スロープ・ターゲットカップ・ボールストッパー付き 50*305cm","13210","38","","238","¥ 6,999","","1","B0B9BM6LLC","B0BCFQR2ZX","52.2","19.4","19.2","2960"
"BRIDGESTONE(ブリヂストン) B-Jr アイアン(SW単品) Type150cm 2024年モデル ジュニア用 JRP51IJS","14717","40","","1","¥ 5,000","¥ 5,000","5","B0CWPF9SX9","B0CXY9N5WR","86.7","11.1","4.7","350"
"ダイワ(DAIWA) 調光偏光レンズオーバーグラス DO-8322H ブラウン 釣り サングラス","12773","37","","35","¥ 7,491","¥ 7,491","5","B09R96FNW5","B0C6M6FFXY","19.6","11.3","8.1","140"
"YONEX(ヨネックス) 硬式テニス ストリング ガット ポリツアー プロ 125 200m フラッシュイエロー(557) 1.25mm PTP125R2","21332","40","","9","¥ 21,447","¥ 21,777","25","B0BRX9C5SG","B0FN7CZF3N","24.4","19.9","4.6","400"
"サンライン(SUNLINE) PEライン ソルティメイト PEエギ ULT HS8 180m 0.4号 3.3kg 8本 ホワイト・ピンク・ライトグリーン","17702","26","","50","¥ 7,865","¥ 7,865","13","B01GA4CYSA","B0GWMKC8MW","11.1","8","2.5","40"
"Visame タックルボックス ロッドホルダー付き バッカン 釣り ハード EVA ルアーボックス タックルバック 竿受け 収納コンテナ付き 活かしボックス ポケット付き ホルダー付き 磯バック 釣りバケツ 多機能 大容量 (白M 40cm)","13249","34","","205","¥ 6,600","","2","B0BJ6Z5474","B0B46G9Z8R","49.8","32.4","31.2","2860"
"FIELDOOR アウトドア テーブル アルミ ロールテーブル 軽量＆サビに強いアルミ製テーブル コンパクト 折りたたみ収納 簡単組立 収納バッグ付 ローテーブル インテリア キャンプ [幅90×奥行60×高さ45cm] [マットブラック]","17539","30","","37","¥ 7,500","","1","B0DQCHQXV3","B0D34TXGYJ","95","25","12","3900"
"オデッセイ(ODYSSEY) 左用 パター Ai-DUAL #7 ショートスラント (マレットタイプ STROKE LAB 90シャフト 34インチ スチール) メンズ","13254","45","","1","¥ 24,289","¥ 24,289","8","B0GF19NWCF","B0GJYJ9PNN","97","16","13","600"
"Shilanmei インラインスケート ローラースケート 初心者向け 発光 女の子 男の子 子供 大人 サイズ調整可能 通気性 耐久 運動 安全 アウトドア 3色 (ブラック,S:27-32【閃光】)","16740","46","","119","¥ 5,580","","1","B093WTF5C8","B093WSV885","55","35","15","2090"
"ICECO 5段階リクライニング式 ローチェア メッシュ テスリン座面・A7075アルミ合金フレーム・耐荷重245KG・収納バック付き 折りたたみ式 コンパクト収納 アウトドア キャンプ ガーデン ビーチ ベランダ お庭","14754","43","50","58","¥ 8,900","","1","B0CN64X5BX","","85","74","17","6200"
"[ビーピーアールビームス] (中) 雑貨 ホビー スポーツ 【別注】Coleman/エクスカーション クーラー ボックス 16QT 2026 BEAMS_CRAZY ONE SIZE 33040618354","19295","39","50","2","¥ 6,930","","1","B0G6GMV637","B0GZYCGZSD","41","36.2","15.7","1840"
"MIZUNO(ミズノ) 空手 シンガード 左右1組 ユニセックス ホワイト L 23JHA251","12437","28","","96","¥ 5,000","¥ 4,790","6","B09MT5SP2K","B09MWMWGG5","38.8","28.1","11.5","250"
"エバニュー(EVERNEW) Ti マグポット 500 ECA537 【容量550ml】 【チタン製】","13318","41","50","345","¥ 5,742","","11","B09TN8BGT7","B0BR1KM7K6","11.2","10.7","10.5","130"
"ウエットスーツ 3mm フルスーツ メンズ ネオプレン 長袖 ウェットスーツ サーフィン ダイビング SUP ボディボード シュノーケリング マリンスポーツ 2XL サイズ","14875","18","","31","¥ 7,880","","1","B0D44W4SSR","B0D449RDXH","44","34","7","1200"
"パナレーサー(Panaracer) エージーゼロ AGXERO TLR チューブレスレディ 700×30C ブラック F730TR-AGX-B","13323","47","","12","¥ 6,865","¥ 6,865","8","B0GMG2VVMK","B0GMG8LLJ2","22.1","9.8","8.9","350"
"MoKo Chalk Bag, Drawstring Rock Climbing Chalk Bag Bouldering Chalk Bag Bucket with Adjustable Belt & Zippered Pockets and Carabiner for Rock Climbing Weight Lifting Gymnastics Crossfit, Purple","13323","47","","92","¥ 6,053","","10","B09YQ352T6","B0HD7292JG","19.6","13.5","6.8","109"
"PYKES PEAK (パイクスピーク) テント ドームテント ドーム型 4人用 5人用 6人用 3m×3m 【キャノピーポール付き/UVカット率99%】 PARTY DOME 大型 ファミリー キャンプ 耐水圧2000mm (オリーブ)","13324","56","50","503","¥ 17,980","","1","B09C1W43RL","B0BJD48KFN","60.5","32.3","23.7","10270"
"スノーピーク(snow peak) ローチェア30 ショート 椅子 コンパクト 背もたれ ロースタイル キャンプ 登山 アウトドア 防災 アイボリー","13324","40","","235","¥ 28,600","¥ 28,600","18","B01N0PW46U","B0GKNCK7BC","87","17.5","15.5","4120"
"ダイワ(DAIWA) 電動リール 23レオブリッツ S500JP (2023年モデル)","13326","36","","282","¥ 49,974","¥ 49,974","8","B0BSTN8L7Z","","30.2","29.6","24.3","2200"
"オノフ(ONOFF) ゴルフ 杢調シリーズ Caddie Bag キャディバッグ 7型 47インチ対応 OB1225-88 AGY アッシュグレー","13344","38","50","21","¥ 16,182","¥ 16,182","9","B0DH82S1FN","","93","48","32","2530"
"ダイワslpワークス(Daiwa Slp Works) スーパーパワーコード 500 ブルー","13347","52","","22","¥ 5,315","¥ 5,315","22","B0748C7PWM","B09XZSV6KW","20.6","16.3","4.6","490"
"MORGEN SKY ウェットスーツ メンズ 1.5mm ワンピース フルスーツ ネオプレン素材 マリンスポーツ ウォータースポーツ ダイビング サーフィン バックジップ 裏ジャージ 保温 滑り止め CK2001 (2XL)","17842","36","","16","¥ 5,299","","1","B0DR1CC291","B0GSZB62Y9","41","23.3","10","1000"
"AbuGarcia (アブガルシア) CARDINAL III S5000 スピニングリール 糸付き","13369","50","","103","¥ 5,980","","2","B092DCFF5K","B0C7G1DXFY","21","13","12.5","400"
"シマノ(SHIMANO) スピニングリール 25 セフィアXR C3000SDHHG","13375","39","50","15","¥ 29,828","¥ 29,828","21","B0FN3XN3CG","","14.9","13.3","9","310"
"ゼット(ZETT) 軟式野球 ソフトボール 兼用 ファーストミット 一塁手用 ライテックス 右投用 ブラック(1900) BSFB56923A","13379","59","","25","¥ 8,100","¥ 11,419","2","B0B7KSHVK1","B0GR8WS2ST","27.8","20.9","16.8","580"
"AIRHOT ルームランナー 電動 ランニングマシン 最大傾斜15% 折りたたみ式 ウォーキングマシン 静音設計 1-6kmh 2.5馬力 ブラシレスモーター コンパクト設計 耐荷重120kg","13381","14","","275","¥ 14,980","","1","B0H2YMK2KZ","B0HFWKM3YR","117","52","11","18000"
"YOSUDA トレーニングベンチ 筋トレベンチ 耐荷重300kg ベンチプレス対応 3WAY可変式 ベンチ インクライン・フラット・デクライン対応 多段階角度調整 ダンベル 腹筋 背筋 全身トレーニング 折りたたみ式 コンパクト収納 省スペース設計 足固定 筋トレ器具 日本語説明書付き 【IPF規格準拠・最適シート高】","13392","46","50","6","¥ 10,980","","1","B0GVS24W6H","","79.8","29.5","20.5","12200"
"キャンプテーブル アウトドア テーブル 折りたたみ 180CM 3段階高さ調整可能 ピクニック レジャー キャンプ用 折畳み コンパクト 収納 簡単組立 (黒)","13393","46","","63","¥ 5,999","","1","B0G28QVVL1","B0F4DJKK2X","50","15","12","14400"
"Regum-U GumMax 1093m 4.0号 X8 ブレードフィッシングライン 耐摩耗性スーパー線 ストレッチゼロ より細径で、塩水・淡水のいずれも混混濁せず、色あせない (ネイビーブルー)","15151","2","","269","¥ 17,499","","1","B0DK3RFR9R","B0H8P33N7Y","18.3","5.1","3","181"
"レジャーシート アルミフィールドシート ピクニック 厚手 断熱 防水 防湿 肌触り良い キャンプ 5層素材 折りたたみ 携帯便利 200cm*300cm 8人~12人 (ボヘミアン風, 300CM*200CM （6.5mm厚さ)","26157","44","","58","¥ 5,480","","1","B0FHFS7C8C","B0GXDYB2LY","48.6","33.7","19.4","2300"
"バムス(BUMS) アウトドア ライフジャケット KAMUI カーキ/TC L/XL KA9028","17563","40","","46","¥ 7,980","¥ 7,981","4","B0B5G2SVWX","B0GR4VLKZF","41.8","37.5","16.7","580"
"アーテック(Artec) 拡声器付きマイク フリー 防災 避難 誘導 イベント 講義 ポータブル スピーカー 52313","13408","38","","14","¥ 6,380","¥ 6,692","10","B0CGLNJ4VF","","26.2","8.6","7.5","420"
"おり釣具 PEライン付スピニングリール フライデー3 XE3000 0.8号300m付(ori-781190)","13412","39","50","18","¥ 5,078","","2","B0D4CWMHZM","","13.6","11.1","7.8","260"
"ZEN Camps ZEN BASE COT コット 2WAY ハイ/ロー 1000D キャンプ 折りたたみ ベッド 静音 軽量 コンパクト ワイド 耐荷重150kg","13415","39","","57","¥ 14,710","","1","B0FHGQZVHH","","58","18","15","3500"
"RARE count 自転車スタンド 頑丈 自転車 ラック 倒れない 組み立て式 サイクルスタンド 固定可能 すっきり (3台用)","13416","48","","343","¥ 12,420","","1","B09HL3FRYP","B0CFXL11F3","129","21","12",""
"DesertFox キャリーワゴン キャリーカート大容量 後ろ開け 長物対応【10CM極太タイヤ·ブレーキ付】【特許出願】【取り外し/折りたたみ可能屋根付き・防雨・防雪】フランネルクッション付き 耐荷重200kg 静音 3WAY キャンプ 椅子 アウトドアソファー コンパクト 折り畳み ワンタッチ収束型 キャンプ キャリー レジャー BBQ 運動会 引っ越しYZK003 (黒, L)","13417","4","","25","¥ 12,999","","1","B0H2LX9V8Z","B0GQRGLK6T","50","15","15","25000"
"[Rosemal] スポーツサングラス 偏光レンズ メンズ レディース ランニング サングラス 運転用 UV400 自転車 釣り 野球 登山 釣り ゴルフ テニス","13579","5","","96","¥ 5,472","","1","B0DZWDVN8K","B0HC7GF62J","16.4","6.7","5.9","82"
"adidas(アディダス) ボール用デイパック ２７Ｌ 黒色 ADP50BK","13428","52","50","41","¥ 5,556","¥ 5,556","24","B0CX7RYGK3","","52","40","4","920"
"ダイワ(DAIWA) ショアジギングロッド ドラッガー(DRAGGER) X 100M","13431","47","","7","¥ 18,480","¥ 18,481","10","B0C6KDF6P1","B0C6M6HLD4","170.4","12","8","500"
"Snow Peak(スノーピーク) (snow peak)ランドネストドーム Sマットシートセット TM-259","13440","76","50","56","¥ 9,600","","5","B0BXSSW38X","B0GWQ6CVGW","76","58","7","1900"
"シマノ(SHIMANO) クーラーボックス 45L スペーザ ホエール ライト キャスター付 450LC-045L 釣り用 ピュアホワイト","13441","49","50","389","¥ 23,971","¥ 23,971","13","B00E2BOOA0","B0749NYWJS","84","38","33","8500"
"ルキシロン(Luxilon) テニス ストリング ガット ALU POWER 125(アルパワー 125) 220mリール シルバー WRZ9901SI","13441","71","","4","¥ 29,227","¥ 29,227","3","B0015FJFKA","B0DJGKNH95","21.6","20.8","3.7","400"
"MAZEL (マゼル) ゴルフ クラブ アイアン スチールシャフト 単品(番手:1,2,3,4,5,6,7,8,9,PW,SW) メンズ 右用 バッグなし・クラブのみ (ステンレス鋼（黒）, 3番アイアン, Sフレックス, 右利き)","13462","40","","20","¥ 6,850","","1","B0CKQZ2RFQ","B0GT4T1F8B","104","10.5","3.5","440"
"キャプテンスタッグ(CAPTAIN STAG) バーベキューコンロ グリル ファストBBQ グリル 600 [5~6人用] ハイ・ロー高さ2段階 炭継ぎ足し口付き UG-54 幅625×奥行325×高さ700・420mm","13473","31","","4","¥ 7,980","","1","B07F1N5X75","B07F2BP3JC","64.9","35.5","16","4370"
"ARCWOLF フィッシングシューズ メンズ ウェーディングシューズ フェルトスパイク 磯靴 軽量 通気 滑り止め 渓流釣り 磯シューズ 26.5","13475","22","","62","¥ 6,800","","1","B0CY1459NP","B0GYYG5LMZ","32","24.1","11.2","1230"
"WAQ キャリーワゴン アウトドアワゴン DX 大容量 キャリーカート 折りたたみ 最大178L 耐荷重200kg ブレーキ 拡張機能 リアキャリア タフ ワイドタイヤ タイヤ取り外し可能 軽量 コンパクト アウトドアキャリー アウトドア キャンプ タイヤ マルチキャリー (CHARCOAL BLACK（チャコールブラック）)","12572","49","50","26","¥ 15,800","","1","B0FJRTKDSX","B0HFRW2C5G","74.5","39.8","24.4","12900"
"YUREN ヨガマット折りたたみ 130×200CM大きめ 10mm厚めTPE素材 滑り止め (スライブ)","16560","23","","40","¥ 9,900","","1","B0DB75P56M","B0GWD25W43","46","42.5","22","3450"
"Qi10 MAX 9 TM50 S キュー アイテン マックス ドライバー メンズ Diamana Blue TM50 RH フレックス:S ロフト角:9","13506","61","","126","¥ 38,800","","5","B0CQSXM6FJ","B0CTYBTP8B","129.1","13.9","13.3","1000"
"イワタニ 炉ばた焼器 炙家（あぶりや）専用 グリルプレート 大型タイプ 板厚6mm テフロン加工 GP-320-260-06A","13508","45","50","202","¥ 8,800","","1","B01ICTYCLS","B0FSD8STHY","35.9","27.6","2.4","1150"
"クイックキャンプ インフレーターマット エアーマット 車中泊 マット アウトドア 寝袋 厚手 シングル 自動膨張 防災 来客用","16982","52","50","231","¥ 6,480","","1","B01DK5KDZS","B0FKM8FWWF","70","22","13","5000"
"日本正規代理店 2年保証】 WalkingPad S1 (ウォーキングパッド S1) 人気 ウォーキングマシン 180度 折り畳み 静音 薄型 アプリ 管理 家庭用 電動 ランニングマシン ルームランナー スミスマシン コンパクト ホームジム 組み立て 不要 【沖縄・離島発送不可】","13522","60","50","166","¥ 69,799","","1","B098SHHY2K","B0F6BNL18Q","84.3","54.7","13.7","25660"
"【⾮常時の備えに!】吸水性樹脂4ｋg 吸水ポリマー 凝固剤 粉末 簡易トイレ 防災 残り汁 スープ 介護 小便 送料無料 ⽔性樹脂4kg ⽔ポリマー 防災 災害 アウトドア 介護⽤ 残り汁処理 多⽬的利⽤可など","24153","13","","392","¥ 5,680","","1","B0H3ZMRLTG","B07ZGGFN84","40","28","10","4200"
"キャンプテーブル アウトドア テーブル 【日本企業】単品/セット 折りたたみ 180CM 3段階高さ調整可能 ピクニック レジャー キャンプ用 折畳み コンパクト 収納 簡単組立LK008(黒,180cm*2)","28445","37","","134","¥ 9,999","","1","B0F2SNVMLF","B0HCTXXK6P","67.1","39.9","21.4","13840"
"シマノ(SHIMANO) ラフトエアジャケット ウエストタイプ (膨脹式救命具) VF-052K グレーブルー フリー","13534","40","","732","¥ 18,538","","5","B0CF47D4NG","B08FRNKR75","50.2","16.4","7","620"
"オークリー(OAKLEY) 互換品 スポーツサングラス 交換レンズ ジョウブレイカー グリーン ミラー 紫外線カット","15729","24","","115","¥ 5,871","","1","B011B88C5Y","B0BBKH2RGK","16.2","5.1","5.1","30"
"おり釣具 フルロック 止水ファスナー 青物保冷バッグ 100×40×25 (ori-786607)","13536","38","","4","¥ 10,782","","2","B0GQXNW4H8","","59.5","47.8","28.5","1960"
"【アワード受賞・人気ブランド】 BARWING(バーウィング) フィットネスバイク 16段階調節 折りたたみ 折りたたみ式 組み立て簡単 トレーニングバイク 静音 エアロ バイク エクササイズバイク スピンバイク","21948","15","","235","¥ 14,800","","1","B0GY91XBS7","B0HFZK8YR9","88.5","38.5","21",""
"カーボンハンドル ロード自転車ハンドル エアロハンドルバー ドロップバーリーチ79.4mmドロップ123.5mm 直径31.8mm超軽量エアロダイナミックロードバーインテグレーテット人間工学 (380mm)","15024","30","","95","¥ 7,999","","1","B0FLWJ6VL5","B0DL9YZTZ7","38","10","10","250"
"ヤマハ(Yamaha) リチウムイオンバッテリー ヤマハPAS専用 12.3Ah ブラック X0T-82110-20","13558","71","50","371","¥ 38,602","","4","B01N38AE3G","","26.8","18.8","13.7","2390"
"BUNDOK(バンドック)フォールディング パンチング テーブル M BD-171 アイアン 耐熱 アウトドア ブラック 耐荷重30kg 持ち運びハンドル","13563","40","","24","¥ 8,708","¥ 8,708","3","B0CQQB1YPL","B0GJYJ2HPF","63.2","62.8","7.4","5330"
"[goodr] グダー サングラス BOLT-Gシリーズ 軽量 偏光レンズ UVカット ズレない 偏光 カラーレンズ ミラーレンズ メンズ レディース ランニング スポーツ 釣り 登山 マラソン キャンプ アウトドア (【限定色】 NOW THAT'S A DINGER!)","28238","7","","10","¥ 7,920","","1","B0H873CMC8","B0G34FDFXH","16.7","7.4","4.4","110"
"クイックキャンプマット ダブル アウトドア 車中泊 折り畳み インフレータブル 防災 極厚 高R値 段差解消 8cm サンド","14419","35","","57","¥ 11,980","","1","B09JHP8N2X","B0GPWH4S9L","69","30","30","10000"
"WUBEN(ウーベン) X1Pro 懐中電灯 强力 12300 ルーメン 高輝度 LEDライト 充電式 大容量 防災 高耐久 防水IP65 耐衝撃1M","13573","59","50","69","¥ 24,999","","1","B0GK95XZC5","B0GXYCKG25","17.8","8.9","8.1","660"
"I-uki Sport 健康ステッパー 足踏み健康器具 ハの字ステップ・ツイスト運動 静音 負荷調整 モニター搭載 ハンドル・専用パワーバンド付き","17112","42","","51","¥ 10,980","","1","B0CSDS21WV","B0HFVM2G34","51","48","21.5","12000"
"MAZEL ゴルフクラブ チッパー ゴルフ ピッチングウェッジ スチールシャフト、右利き&左利き、35°,36°,45°,55°,60°メンズ&レディース (スチール（ステンレス鋼ヘッド - 赤）, r, 36, 度, 右)","19182","28","","1406","¥ 7,380","","1","B0BR8TZSVY","B07Q6NK9FQ","92.2","13.4","4.4","530"
"ダイワ(DAIWA) バッグ ライトロッドケース 195(D)ブラック","21657","36","","","¥ 11,935","¥ 13,653","5","B0DVYRXF8G","B0DYHTNJXX","195","11","11","3200"
"Berkley (バークレー) スーパーファイヤーライン 0.8号/12lb 300m 10m毎カラード PEライン/スーパーライン","13591","37","","138","¥ 5,261","¥ 5,261","14","B07F2F27KL","B0CJ5GKR4F","12","9","2.8","60"
"モルテン(molten) バスケットボール 小学生用 5号球 検定球 BG5000 オレンジ×アイボリー B5G5000","13594","71","50","238","¥ 5,364","¥ 5,364","30","B0842V15CZ","B0C5RMGCW2","23.4","23","22.4","640"
"ステッパー ツイストステッパー 油圧式 足踏み 連続使用可能 室内 静音 ダイエット 有酸素運動（グリーン）","25782","14","","3","¥ 6,980","","1","B0H8MVQ5JY","B0H1VTQGQD","52","35","28","6000"
"マクダビッド マルチアクション ニーラップ5 左右兼用 MVJ M419XX BK S","13602","43","","81","¥ 5,445","","26","B00I7MK6AC","B07YY5YB78","28.3","20.2","5.8","274"
"【通学にも通勤にも】 Findway 自転車 ヘルメット 子供 ヘルメット 自転車 ヘルメット 大人 通勤ヘルメット 通学 高校生/中学生/小学生 ロック付き 街乗り CE規格 耐衝撃 軽量 サイズ調整 S/M/L (DXH-906)","20504","41","","958","¥ 9,001","","1","B0CT8KPLDZ","B0CTCCTF3B","28.3","22.6","16.3","449"
"MUSCLE FACTORY プライオボックス ソフト 40×50×60cm プライオメトリクス ボックス 昇降台 ジャンプ台 ステップ台 跳び箱 3in1 体幹 トレーニング (ブラック)","13633","45","","54","¥ 16,830","","1","B09RQP18GC","B09RQPN18K","63.1","52.5","43","11470"
"エアーベッド キャンプ マット キャンプ用品 200x150x25cm タンデム折りたたみエアベッド 自動膨張 取り外し可能エアマット 防水・通気性・快適 枕付き 収納袋付き 日本語取扱説明書 旅行者/防災/車中泊/引越し/家庭用/快適 携帯便利 （タンデム)","15032","31","","13","¥ 5,999","","1","B0FDL1X211","","40.8","33.3","16.1","4760"
"シマノ(SHIMANO) 磯竿 23 マルチマリン M350","13655","43","","1","¥ 13,599","¥ 13,599","12","B0CCRQ64LY","B0CG56VGPQ","115","10","10","500"
"キャンピングムーン(CAMPING MOON) キャンプ IGT テーブル ブリッジテーブル フラットバーナー用 ブリッジフレーム ブラック QC-01","13663","38","","1","¥ 9,980","","2","B0DJDC96B9","B0DJDYX6Z5","60","36","2","2600"
"OLIGHT(オーライト）Baldr S 懐中電灯 タクティカルライト フラッシュライト 800ルーメン 緑の光束搭載 LED MCC充電式 強力","13665","53","","17","¥ 11,596","","1","B0FX3MP72R","","14.8","6.1","4.7","160"
"BMZ インソール アシトレマジック 人工皮革 中敷き 特許取得 足本来の機能を向上 姿勢サポート (26.5-27.5)","13679","31","","33","¥ 8,800","","1","B0BLSBN5KB","B0C88M4KS1","33","10.8","3.4","130"
"Smiling Shark AX-01 LEDヘッドライト【超高輝度・強力マグネット３Way・独立赤色光3段階】釣りヘッドランプ 1150ルーメン 180°照射角度 充電式 2600mAh 長持ち IP66防水 アルミ 超軽量 収納ボックス付き 多機能 ネックライト ワークライト アウトドア 釣り アジング エギング キャンプ・登山・作業・防災用 日本語取扱説明書 (二個入り)","15394","3","","30","¥ 7,649","","1","B0GYDVPQFX","B0GYDX4BX1","22","11.3","4.7","450"
"寝袋 シュラフ 羽毛 ダウン 封筒型 軽量 極小 コンパクト 手のひらサイズ (800 レッド)","36216","22","","738","¥ 5,500","","1","B08H56QPFV","B0BCVYKS9T","28.4","17.4","12","740"
"パーフェクト(Perfect) 腹筋ローラー アブローラー アブホイール スプリング式 楽に腹筋 筋トレ 体幹強化 コアトレーニング ローラー 静音 保護マット付き ホームジム 21312","17764","41","","2334","¥ 5,065","¥ 5,065","1","B00COQ2X94","B09PVH9J9H","23.4","23","19.9","2130"
"JOOLA(ヨーラ) ピックルボール ボール ヨーラ HC-40 12個入 USAP公式認定 010000000","18010","37","","","¥ 7,480","¥ 7,480","1","B0G28WR4JM","B0G28VFFNF","26","16.4","16.4","710"
"Fragraim アンクルウェイト 5段階調節 2個組 最小1.6kg-最大8kg 筋トレウェイト 重り 手首・足首用 重さ調整可能","13709","58","","28","¥ 5,199","","1","B0C1GSBCYM","B0HC6TJM76","40","19","8","8320"
"WAQ Nocturne Lamp ノクターンランプ 小型オイルランプ オイルランタン シルバー/ブロンズ/ブラック ステンレス製 5時間点灯 替え芯 ガラス アウトドア キャンプ ソロキャン (BLACK（ブラック）)","13719","47","","103","¥ 5,982","","2","B0DT8PXR8V","B0DT8G52CC","23.2","14.2","8.5","540"
"ZEN Camps 火バサミ 薪バサミ 炭バサミ トング 伸縮式 アウトドア 焚き火 キャンプ バーベキュー ステンレス製 ストッパー付 (シルバー)","14504","35","","118","¥ 8,048","","1","B0CLTWV99Z","B0CLTXDV63","30","6.8","5.4","430"
"【公式】BLACKDOG キャリーワゴン 専用天板付き容量100L・使用荷重120kg ワンタッチ収束型 自立式 アウトドアワゴン キャンプ カート 山亘","13738","25","","16","¥ 5,580","","1","B0FHGY6CTG","","53","38","18","6100"
"[フィンタ] サッカー 大人用 ビブス 10枚セット フリーサイズ FT6513 (4100) イエロー","17406","48","","101","¥ 7,280","","1","B01G5WPE9S","B086W5V53F","31.8","18.4","9.7","970"
"タルボット トロ おもちゃ スピードバドミントン ＣＯＹ","15677","57","","10","¥ 5,700","","1","B0D2CS2QW3","B09F9VF8GK","64.4","26","7.7","470"
"DMASUN ローイングマシン 静音 家庭用 ボート漕ぎマシン 全身運動トレーニング 16段階負荷 マグネット式 【5年間商品保証】","13745","12","","1345","¥ 20,489","","1","B0H1411LZ1","B0H2LG2KSB","87","48","15","18500"
"【特別版】ローリングス(Rawlings) 野球 グローブ グラブ 軟式用 ハイパーテック HYPER TECH R2G ALR-ブラック GR9FHTALR 両投げ用 右投","12976","39","","81","¥ 13,365","¥ 13,365","1","B07T434GZJ","","27","25","15","620"
"防災のミカタ トイレの達人 簡易トイレ 災害用 非常用トイレ 携帯トイレ 防災グッズ 100回分 地震トイレ","13751","51","100","673","¥ 6,631","","2","B0BR3NM4DD","B0CC4N5NSY","24.8","24.3","21.3","3000"
"AbuGarcia (アブガルシア) バスビートIII BASS BEAT III BBS-612UL 2ピース バスロッド 釣り竿 釣竿 スピニングロッド","13764","37","","16","¥ 10,809","¥ 10,809","11","B07P5BPVCD","B0C7FZS5XX","100","7.2","4.7","250"
"BangTong&Li 懸垂マシン 懸垂 懸垂器具 ぶら下がり健康器 マルチジム 懸垂マシン 耐荷重150kg 懸垂 器具 筋肉トレーニング 背筋 腹筋 大胸筋 懸垂バー (ブラック+レッド 背面クッションあり)","13769","32","","6771","¥ 11,183","","1","B07LFQWF6S","B0BLZ8NC7T","110","37","16","22460"
"Yuumo+ キャリーワゴン 【大容量280L｜耐荷重250kg】 カート アウトドア キャンプ アウトドアワゴン 折りたたみ リアゲート","12564","54","100","100","¥ 7,999","","1","B0FT975RRR","","74","57","20","9280"
"Alien Pros テニスラケットグリップテープ（60グリップ）– プレカット、ドライタイプのテニスグリップ – テニスオーバーグリップテープ、テニスラケット – ラケットに巻いて、高性能にしましょう（60グリップ,ミックス）","13997","30","","811","¥ 8,459","","1","B08K2MJWSL","B09TSXPPBT","26","21.5","13.9","570"
"【限定！】SOLO UP マルチ 焚き火テーブル バーベキュー 囲炉裏テーブル キャンプ ファイヤー ロータイプ アウトドア クッカースタンド 収納袋付き 組み替え可能","21606","45","50","170","¥ 6,201","","1","B09NKNS2HV","","87.5","20","13.5","7800"
"Owntop ウェットスーツ フルスーツ メンズ 3mm ストレッチ ネオプレン素材 日焼け止め UVカット 保温 ワンピース ダイビング サーフィン フィッシング マリンスポーツ 男性 ウォータースーツ ブラック 3XL","15931","20","","310","¥ 7,980","","1","B095H9Z517","B0D7HGNFW2","40.4","31.8","8.9","1080"
"ゴルフヘッドカバー 高級PUレザー ゴルフクラブヘッドカバー 単品/3点セット 軽量・耐久性・撥水性・防塵性・耐摩耗 ヘッド保護カバー 440cc 460cc用 ドライバー フェアウェイウッド ユーティリティー ロングネック 変換ダグ付き (ブラック, 5点セット（DR、2FW、2UT）)","22886","7","","22","¥ 5,390","","1","B0GWZZ5DQT","B0G6KG1ZJP","20","10","3","5"
"EVA×DRESS EVA-Q 3号 初号機・2号機・第4の使徒 3種セット エギ エギング イカ 釣り コラボ タングステン パタパタ エヴァンゲリオン グッズ","13792","47","","35","¥ 5,220","¥ 5,220","2","B0GX5BVB4H","B0FBMC3LHH","17","9.3","3.4","100"
"ZEN Camps グランドシート テントシート 194cm*136cm 撥水 防水 パラフィン ロウ引き加工 帆布 無骨 キャンプ (ブラック)","14285","50","","105","¥ 5,485","","1","B0D37XH8BN","B0DH8CQHX3","41.7","26.9","5","1590"
"Colantotte(コラントッテ) COAネックレス ZEST ツイスト","13799","103","100","133","¥ 17,720","¥ 17,998","13","B0BHGYBNHK","","10.7","10.7","2.3","60"
"FIELDOOR ロッキングアウトドアチェア 【ダークブラウン】 ヘッドレスト 収納バッグ 収納ポケット付 簡単組み立て キャンプ アウトドア","13807","38","","205","¥ 5,832","","2","B07DJ5VV51","B07GBWRJPV","113.8","28","17.7","6210"
"バタフライ(Butterfly) 卓球 ラケット インナーフォース レイヤー ALC.S-AN シェークハンド アナトミック 攻撃用 36862","23227","43","","57","¥ 13,203","¥ 13,203","25","B01M1VBMQC","B0GVQ7B5GC","30.9","18.3","4.5","260"
"ゴメクサス CH120 リールハンドル ダイワ (Daiwa) シマノ (Shimano) ベイトリール対応 ダブルハンドル カルカッタコンクエスト オシアコンクエスト 両軸リール ハンドル交換 120mm ハンドルノブ付き タイラバ ジギング 青物 釣り 左右兼用","13809","34","","121","¥ 9,990","","1","B0BS169ZKG","B0H3ZTXFPS","20.4","7.8","3.4","90"
"ICEMAN PRO-X III リッチ セルマックス 2026年モデル ICMPX3R-BLV-SET ターポリン生地 水路冷却シート式 水冷服 ステルスブラック アイスマンPRO X 3 防水仕様 限定モデル","13810","62","50","53","¥ 22,500","","5","B0GX52TXND","B0H5JDK9PC","43","22","10","1100"
"【SIDAS】シダス ベースボール3D XS(22.0cm-23.0cm) 322941101 インソール 野球 中敷き アーチサポート 衝撃吸収 安定性 グリップ力 クッション性 部活 学生","13812","41","","36","¥ 5,316","¥ 5,316","9","B08YMLSP8Q","B0BH91M4NZ","36.3","11.2","4.9","120"
"OSJ バレエバー スタンド バレエ バー レッスンバー 高さ 段階 85cm 90cm 95cm 100cm 105cm 調整 天然木 手すり トレーニング 子供 学生用 大人用 スタジオ 舞台 ホワイト","13812","26","","23","¥ 8,982","","1","B0BV1QFRWQ","B0BV29KTP1","119","27","7.5","8500"
"ガーデンマスター(Gardenmaster) ピクニックガーデンテーブル&ベンチ 3点セット 木製 テラス 庭 ダイニングテーブル パラソルホール付き ガーデンテーブルセット ベンチ PTS-1205S","13819","71","50","182","¥ 14,068","¥ 14,068","2","B0026J93DI","B0FXM7XSC1","126","61","11","23500"
"DOD(ディーオーディー) ソトネノサソイL 丸洗いシーツ付き 厚み4.5cmエアマット カマボコテントにフィット CM3-622-TN","13819","52","","418","¥ 13,640","¥ 13,832","6","B07QQ6GGGR","B0869LPLHR","79","22","22","5860"
"エーキューエー(AQA) マリンスポーツ フィン ドルフィンカラー ブラック(01) S KF2118K","13825","42","","69","¥ 7,101","¥ 7,293","4","B09WDRHQ68","B09WJ3G9X5","49","23.1","10.2","790"
"CRESSI フリー ダイビング スキューバダイビング フルフット フィン [ GARA MODULAR SPRINT ] 29度傾斜つき ブレード取り換え可能 ブラック 42/43 (26~27cm) BH085042 【正規品】","42905","14","","3","¥ 16,117","¥ 16,117","1","B0CVV1222M","B0FBLC9G7X","76","26","13","2020"
"Peel Forest 北欧風 キャンプ ブランケット アウトドア 大判 民族風 ラグマット 綿混紡 モノトーン 洗える テントマット 黒と白 230X340cm","22609","14","","60","¥ 5,000","","1","B0CZ4D2FXR","B0GWR3DYBN","45.4","42.1","12.1","3130"
"バリバス(VARIVAS) 2024 アバニ キャスティングPE SMP ヒラマサチューン X8 300m 10号","13845","40","","2","¥ 13,750","","12","B0CRH4D225","B0CTGXL4VT","13.7","10.7","5.9","180"
"ミカサ(MIKASA) バレーボール 練習球 5号 一般・大学・高校 イエロー/ブルー V330W 推奨内圧0.3(kgf/cm2)","13845","50","","846","¥ 5,484","¥ 5,484","26","B07NJ8M44J","B0GN6QQMHN","22","14.5","6","300"
"シマノ(SHIMANO) スピニングリール 25 ソアレXR C2000SSPG","13852","38","50","24","¥ 27,295","¥ 27,295","11","B0FN3XKYZ1","","14.7","13.4","9.2","280"
"GOLFPRIDE(ゴルフプライド) ツアーベルベット・ラバー バックライン有 VTM ブラック M60X (6本セット)","14752","33","","322","¥ 5,820","¥ 5,821","3","B00VS0UGMS","B01E9BSMK0","29.3","11.1","3.8","300"
"ダイワ(DAIWA) スピニングリール 23BG SW 8000-P","13863","73","","10","¥ 19,009","¥ 19,009","1","B0BSTN5F7J","B0BT2QGSND","18.2","17.9","12.6","860"
"コールマン(Coleman)リチャージブルＬＥＤランタン　８００　（グリーン）","13866","72","50","5","¥ 5,900","","9","B0DN1F2JH9","B0DRC9T3ZS","21.6","11","10.4","640"
"FIELDOOR 【完全遮光】 カーサイドタープ カーサイドテント 遮熱 250cm×350cm 車 カー タープ UVカット 耐水 簡単設営 吸盤 車中泊 オートキャンプ ミニバン SUV 軽自動車 連結 日よけ シェード サイドオーニング アウトドア [ライトベージュ] [アルミテントポール2本セット]","14970","35","","4","¥ 12,500","","1","B0F43LPPWM","B0F4QGJ141","56","32","12","3700"
"[クイックプレイ] Q-FOLD MATCH サッカーゴール フットサルゴール 折り畳み式 試合用 練習用 錆びない 30秒設営 組み立て簡単 プレゼント 子供 3.6m×1.8m","17718","39","","308","¥ 24,790","","1","B093WDNMD5","B0DH7ZCRH5","118.4","43.7","25.7","18552"
"[ペツル] ヘッドランプ ティカコア グレー E067AA00","13880","10","","319","¥ 10,665","","2","B09ZN6T83N","B0HD7H6Y3M","9.9","9.4","4.6","130"
"スポーツサングラス メンズ 偏光 濃いレンズ UV400 アジアンフィット エーフィット AF-S203 偏光調光サングラス","13881","49","","131","¥ 7,920","","2","B0CQ7MYDM1","B0CQ7WZ1QQ","18.7","8.9","7.4","130"
"Rapala(ラパラ) XRMAG40BNK X-Rap Magnum 40 マルチ ワンサイズ","13884","44","","110","¥ 7,645","","10","B074N5L7F6","","28.8","5.7","2.6","130"
"Rapala(ラパラ) XRMAG40PM X-Rap Magnum 40 パープル","13884","42","","110","¥ 5,926","","10","B075FBW74V","B082532SYM","29","6","4","135"
"オデッセイ(ODYSSEY) 右用 パター Ai-ONE SQUARE 2 SQUARE #7 ZT (マレットタイプ STROKE LAB 90シャフト(スチール) 33インチ) スチール メンズ","13891","31","","25","¥ 64,480","","2","B0DJNM4VWM","B0F138NYVT","87.9","15.6","14.1","680"
"SAVIVE ライフジャケット 救命胴衣 男女兼用 ライフベスト メンズ レディース ジュニア スポーツベスト SUP フライボード シュノーケル SV-LV41 (XS, ブルー)","55267","6","","26","¥ 6,600","","1","B09VDK14D3","B09X5HK7Q2","51.2","48.5","12","650"
"オルルド釣具 ガンメタリックモバイルロッド パックロッド 振出式 竿 ベイトタイプ 1.8m シマノ(SHIMANO) ベイトリール 18 バスライズ 糸付き リールセット qb300121b12n0","13900","20","","","¥ 9,317","","1","B0H49QGC81","B0H49DW11V","41","9","7","435"
"【LINE対応】スマートリング 健康管理 着信通知 メッセージ通知 IP68防水 睡眠 H-R数 女性健康 ios Android対応","13906","31","","21","¥ 5,580","","1","B0H2LN8DQ7","B0H2LQHJ49","1","1","1","100"
"KOBA+ ハイブリッド多目的トレーニングマット 180×80×5cm 三つ折り 折りたたみ 屋内外対応 PVC 帆布 高密度EPEフォーム 厚手 筋トレ ストレッチ ヨガ 体操 野球 サッカー 部活 防災マット","22780","6","","1","¥ 9,580","","1","B0GS9Y698L","","81","61","16","1050"
"【ルネサンス正規品】Re キューフィッター CFP-100 ２パーツ連結 フレキシブル ボールのフォームローラー (ブルー×グレー)","15193","39","","40","¥ 9,980","","1","B0FH71V5KN","B0FH7129R8","37.2","25.4","17.4","920"
"Springhill アウトドアチェア 超軽量 約615g カーボン製骨組み 折りたたみ コンパクト 耐裂性 ダイニーマ生地 耐荷重120kg 登山 キャンプ 椅子 ソロキャンプ 携帯便利","30956","29","","6","¥ 6,599","","1","B0H1PRGFN5","B0H1BYGF5B","43","15","11","620"
"Glerc（グレーク）Sky LineマウンテンバイクMTB オンロードオフロード 21段変速 衝撃吸収フロントサスペンション 前後ディスクブレーキ ブロックタイヤ26インチ ライトグリーン","17436","17","","195","¥ 28,980","","1","B0H2GGJNYH","B0DKX33ZG8","132","73","19","17000"
"SWANS(スワンズ) スポーツ サングラス ライオンシン ミラーレンズ モデル LI SIN-1701 BK ブラック×ブラック×ブラック ゴルフ ランニング 野球 釣り","13912","67","","50","¥ 10,305","¥ 10,305","25","B01M6ZUAVT","B0GY8KGVJ4","17","8.1","6","100"
"ZEN Camps NT Fire Stand 焚き火台 コンパクト 折りたたみ式 ステンレス製 ソロキャンプ BBQ 調理対応 (焚き火台本体)","13916","43","50","125","¥ 11,369","","1","B0C4K5X7K1","B0C64L75DQ","39.6","31.1","5.4","1660"
"NoA ステンレス製 チョッキ 銛 先 5本 魚突き 銛 素潜り モリ突き 銛突き モリ スピアフィッシング ダイビング 水中銃 spearfishing (ステンレス 5本)","15973","19","","22","¥ 5,500","","1","B09DG9275W","B08HGT8SQK","12","10","1","65"
"WOWSEA T1 335cmインフレータブルパドルボード、3400g強化ニット素材","13927","35","","238","¥ 36,987","","1","B084WZ29TF","","91","42","34","17000"
"マンドゥカ(Manduka) ヨガマット 5mm BEGIN ビギン ヨガマット 軽量 厚め リバーシブル 持ち運び ピラティス トレーニングマット エクササイズマット ／ ムーンブラック","13941","22","","556","¥ 13,200","","2","B0F1CL4382","B08GMBBNN1","62.5","14.1","11.4","1120"
"SANLIKE サンライク タモ網 たもあみ 伸縮 カーボン製 3m/5m/6m ランディングネット 釣り たも網 9段階 軽量 小継玉の柄","14254","54","","257","¥ 6,119","","1","B08TQMV3DN","B0C27CNVWR","42.1","25.7","7.1","830"
"Shot Navi(ショットナビ) ゴルフ 距離計 レーザー距離測定器 LaserSniper RAYS GR【ホワイト】緑・赤 ２色OLED搭載 1600y計測 高速0.2秒計測 軽量 6倍ズーム 高低差 Type-C充電式","15044","45","","35","¥ 21,800","¥ 23,233","9","B0CVRC61VT","B0F8HKKVBF","12.1","10.4","6.2","280"
"FMAFNLY ゴルフクラブケース バッグ クラブスタンド 室内外 30本用 組み立て不要 大容量 スタンド式 PU材質","13955","36","","38","¥ 19,571","","2","B0C8C5B319","B0CQVH4Y37","87","56","31","7000"
"MAGNA(マグナ) ファイアグリル バーベキューコン ロ 焚火台 1 台 2 役 コンパクト 耐久性 国内加工 収納 ケース 焼網付き (03 焚火台 Lサイズ)","13956","39","","44","¥ 13,800","","1","B08JSMZ3M9","B0CSZC1QQJ","58","58","8","12000"
"ニッタク(Nittaku) 卓球 卓球台備品 アジャストサポート&ネットセット 硬式/ラージ兼用 ネジ式 ワンタッチ装着 プラスチック製ネットハイ付 ブラック NT3407","12542","52","","142","¥ 5,434","¥ 5,566","14","B0GT487XS7","B0GZ2YLPRH","33","27","5.1","1160"
"ユピテル(Yupiteru) スピードガン BSG-2 Bluetooth搭載 スマートフォンでデータ確認","17884","37","50","31","¥ 35,007","¥ 35,007","2","B0CLG21SW7","","30.1","16.4","9.5","880"
"ZOWEETEK ワイヤレス拡声器 15W 163g 超軽量 有線+UHF無線マイク2本 2人同時使用 USB Type-C対応","13975","56","","30","¥ 7,399","","3","B0FQB373XX","B0H71H2MKT","18.7","15.8","7.9","430"
"FIELDOOR ワンタッチタープテント 【センターロック/強化版/スチール】 G03専用 サイドシート2枚付属 設営簡単 スピーディー 別売りオプション豊富 高耐水加工 遮光 遮熱 高性能コーティング 紫外線カット UVカット [通常タイプ] [2.0×2.0m] [グリーン]","13191","32","","27","¥ 16,600","","1","B0BKPY7SVD","B0G1XZQ11Y","114","22.5","22.5","14590"
"イエスフォーオール(Yes4All) ハーフボールバランストレーナー レッド/ブラック エクササイズ用 スタビリティボール ホームジム/フルボディワークアウト 【日本正規輸入品】","13995","34","","1328","¥ 11,992","¥ 11,992","1","B089CVG2FR","B0D9CQFM8S","61","61","10.2","7711"
"VICTORINOX(ビクトリノックス) パイオニアX ALOX ナイフ はさみ リーマー(穴あけ)付き 9機能を搭載したスイス製マルチツール 【国内正規品】 0.8231.26","13996","33","","56","¥ 6,520","¥ 6,520","9","B01EKSHEJC","B0DDPRKNWG","11.8","4.7","1.9","110"
"JPStriv ミニ エアロバイク 静音 ステッパー 座位式エアロバイク 自動プログラム搭載 足踏み 初心者向け フィットネスバイク ダイエット器具 踏み台昇降 健康器具 トレーニングマシン ウォーキングマシン 有酸素運動 (しろ)","14001","38","","19","¥ 12,330","","1","B0FSZL4RMW","B0FSZPJTVJ","47","41.5","29","6900"
"YOGOTO 寝袋 2人用 封筒型 ダブルサイズ 幅155×長さ230cm 大人2人でゆったり オールシーズン対応 シュラフ 連結・分離可能 枕2個付き 丸洗いOK 撥水加工 キャンプ 車中泊 防災用 掛け布団にも使える 収納バッグ付き","14006","29","","26","¥ 6,298","","2","B0DPKPDF23","B0DPKQG7H9","42.1","33.4","29.5","4100"
"[カンタベリー] ジャパン レプリカ JAPAN KIDS REPLICA HOME JERSEY 10_ホワイト 140","14024","46","","","¥ 7,700","","4","B0F83YV6MF","B0FGJ8SJXX","37.9","33.3","2.4","300"
"シマノ(SHIMANO) スピニングリール 投げ・遠投 14 ブルズアイ 9120 磯カゴ 青物 ブリ ヒラマサ","15020","54","","48","¥ 28,795","¥ 28,795","4","B00J3K2VO6","B088KXDZWK","24.2","19.2","13.1","900"
"Insider Bat メジャーリーガーも愛用している正しいスイングを習得できる練習バット (7（12歳以上）)","14043","44","","142","¥ 6,980","","1","B01N8W21EX","B01N66YPCA","56","13","7.5","360"
"キャプテンスタッグ(CAPTAIN STAG) キャンプ ベランダ 収納棚 木製4段ラック MOVEラック W600mm 高さ2段階調節可能 CSクラシックス UP-2580","14047","50","","277","¥ 5,000","¥ 5,000","19","B078KNW3B9","B09CZBMZ39","61","41","12","5160"
"TUIYIDUO 折りたたみベッド シングル 簡易ベッド 幅70cm マットレス付き 完成品 組立不要 一人暮らし向け ホワイト","14049","6","","3","¥ 9,480","","1","B0H6WRKBFJ","B0HCBH2TWV","80","60","16","14300"
"メジャークラフト ジギングロッド 25 ソルパラ ライトジギングモデル スピニング SPJLJ-S642M","14053","35","","","¥ 10,548","","10","B0F9NT16FV","B0FB9BBNF2","100","20","5","200"
"【プライム上場企業】 アルインコ(ALINCO) ステッパー 踏み台 油圧シリンダー メーター表示 スキャン機能 ワイドペダル 耐荷重約100kg 保護マット 家庭用 静音 簡単移動 健康器具 ダイエット器具 ながら運動 電源不要 コンパクト 省スペース サイドステッパー FAY524AWO ウッド","14874","42","","7","¥ 8,980","¥ 8,980","2","B0D78MTCRG","B0CTZS68FC","55.7","42.3","29.6","7450"
"FIELDOOR カンガルーテント100 インナー コンパクト 軽量 収納 大型 シェルター トンネル 2ルーム キャンプ アウトドア 屋内 ソロ 簡単 便利 ピクニック 公園 庭 [フルクローズ&グランドシートタイプ]","14062","44","","","¥ 5,742","","1","B0GJZ4P984","B08NJ77JXX","35","13","12","1800"
"リーディングエッジ EVA素材 硬質 ジョイントマット 50cm 厚み1.0cm 硬度80度 グリップタイプ 正方形 トレーニング 筋トレ 18枚","16182","3","","12","¥ 17,940","","1","B0HDY2F7W9","B0GWHPP2QB","53","53","6","10000"
"Coleman(コールマン) シェード パーティーシェードライト 300+ キャンピング タープ 日よけ レジャー ダークルーム 遮光 遮熱 ワンタッチテント 紫外線カット 頑丈 簡単設営 軽量 熱中症対策 キャンプ アウトドア BBQ ベランダ 防水","14072","81","100","292","¥ 26,924","¥ 26,924","14","B08P584H2G","","91.5","27.6","27","12000"
"シマノ PD-R8000 ULTEGRA SPD-SL ペダル IPDR8000","14076","71","50","2866","¥ 16,200","¥ 16,655","9","B071WR7MLW","B0BL5ZL2CX","26.3","15.3","6.6","490"
"Litake ワンタッチタープテント 3m×6m UVカット 防水3段階高さ調節可能 キャンプ アウトドア 集会 収納袋付き グレー ホワイト","14080","8","","1","¥ 19,980","¥ 19,980","1","B0H8PHPW2C","B0HGF13Z6T","128","35","23","22000"
"TESMED セルライトマッサージャー マッサージローラー | グリーン","14092","61","50","11","¥ 7,980","","2","B0DQ5N2L7X","B0DT3DLWHR","28.4","24.8","5.6","810"
"ダイワ(DAIWA) ベイトリール 22ジリオン TW HD 1000H","14103","41","","24","¥ 41,142","¥ 41,142","21","B09LQYXKGX","B09PRQ5PBP","20.4","18","8.8","340"
"山崎実業(Yamazaki) ダンベルラック ブラック W52×D17×H54.3cm タワー tower 【完成品 組立不要】 筋トレグッズ 収納ラック 1964","14104","51","50","49","¥ 8,806","¥ 8,806","9","B0CT2JV1SX","","59.5","57.5","19","7570"
"ホーザン(HOZAN) スポークネジ切り器 適応スポーク:#13(プレーン) ネジサイズ:BC2.3(56山) C-702-13","14110","30","","178","¥ 15,007","¥ 15,007","16","B07DDDH895","B07DM36N72","23.6","16.2","4.2","520"
"YunSCM 2本セット,700 28c タイヤ 茶色,自転車 タイヤ 700x28c/30c,700x28c 28-622 カラータイヤ + チューブ 仏式バルブ60mm +リムテープ+タイヤレバ,適用 700x28c/700x30c ロードバイク,黑+茶色, Y-1054","14125","38","","405","¥ 6,499","","2","B0D66CD25P","B0F1TLCW31","21.3","16.2","14","1520"
"シマノ フィッシンググラス PC HG-078L マットブラックS 779915","14133","56","50","659","¥ 5,005","¥ 5,005","12","B00B40UJRO","B07GK6WCPL","15.8","6.7","6.5","20"
"【プライム上場企業】 アルインコ(ALINCO) ステッパー 静音 コンパクト 省スペース 保護マット 下半身をシェイプアップ 有酸素運動 ながら運動 ダイエット器具 健康ステッパー FA54H","15400","39","","","¥ 10,010","¥ 10,010","1","B0FP4XDPS1","B0FW4Z78PC","50.3","41.8","28.2","8550"
"【Amazon.co.jp限定】 高儀(Takagi) KANUCHI OUTDOOR フルタングナイフ NEO コヨーテ 牛革ケース付き 日本製 鏡面仕上げ パラコード巻き シースナイフ アウトドア フィッシング キャンプ 防災 サバイバル 包丁 ナイフ 調理 薪割り バトニング フェザリング ソロキャン 野外用 登山 調理器具","17377","47","","3","¥ 8,800","¥ 8,800","1","B0DJGLC9S1","B0F438BVVR","27.9","9.2","4","290"
"RITFIT オリンピックWバー オリンピックバーベル 直径50mm 競技対応 握りやすい ベンチプレス デッドリフト ウェイトリフティング 本格的バーベル 筋肉トレーニング (イエロー)","19556","27","","33","¥ 12,499","","1","B0DNLMGTGC","B0D2KV6VC1","129.5","15","12","9000"
"ローリングス(Rawlings) 野球用 グラブ グローブ SELECT PROLITE GR5SPLN65 オールラウンド用 ブラック 11.75インチ ※左投げ用","14143","26","","","¥ 10,299","¥ 10,403","9","B0FBFQNQCZ","B0H6MBNK5R","33","22","21","1000"
"自転車チェーンの取り外し、取り付け、切断工具、適合1-13速、自転車修理工具 (20) [並行輸入品]","14665","43","","61","¥ 14,999","","1","B0F9YTZTTZ","B0F9YYW1S9","16","16","2","160"
"emma kites 100% ブレード ケブラーライン ブラック 高強度 軽量 編み構造 10M x 770kg / 1700lb 破断強度 アウトドアスポーツ サバイバル フィッシング ハイキング アクセサリーコード 一般用途","11150","39","","192","¥ 7,900","","1","B0GQ3BDD7W","B08G8RGCT1","7","7","7","111"
"WAQ Relaxing CampMat PLUS 電動 キャンプマット インフレーターマット 極厚 10cm 電動ポンプ付き 車中泊 アウトドア コンパクト収納 シングル/ダブル (COYOTE(コヨーテ), シングル(203cm x 80cm))","14156","51","50","17","¥ 17,500","","2","B0H3ZMS3WZ","B0HFZ9M4KW","74","23","23","3000"
"lixinixil 折りたたみリクライニングチェア 一人掛け カップホルダー付き 枕付き クッション付き 耐荷重200kg(ブルー)","14168","32","","55","¥ 8,998","","1","B0D6RCMG8Y","B0B7H6DCT7","95","68","16","9800"
"TUNENGE S15Pro 充電式EDCキーチェーン懐中電灯 サイドライト付き","13491","6","","17","¥ 6,605","","1","B0GKFZKVYF","B0H4J39PS6","12.2","6.4","2.2","82"
"キャロウェイ(Callaway) 左用 フェアウェイウッド ELYTE FAIRWAY WOODS (5FW 18度 VENTUS GREEN 50 for Callaway S 42.5インチ D2 中調子) メンズ","8674","54","","2","¥ 29,900","¥ 30,686","2","B0DQWQTW1Z","B0DS26QXC8","117","20","9","450"
"DOD(ディーオーディー) ソフトくらこ(10) 10L 極厚断熱材 ソフトクーラーバッグ ツーリング や ソロキャンプ や フェス に 薄型形状 CL1-720-TN","14190","47","50","512","¥ 5,170","¥ 5,444","2","B08CXVGZMH","","41.1","31.2","12.2","730"
"BIRDIE79 Slope Master Pro Green Reader - 1.5m（4.9フィート）以内対応 - 高精度のグリーンリーディング補助機能付き、男女兼用のゴルフハットクリップボールマーカー (2)","14193","42","","161","¥ 6,200","","2","B0D6QVNWGS","B0DSCY5KF4","10","6.4","2.7","68"
"Panaracer(パナレーサー) E-ライド 26X1-3/8 電動アシスト車用 日本製タイヤ&チューブ各2本セット","14202","42","","188","¥ 5,800","","2","B00I5IVDGY","","67","67","5","1940"
"Rxakudedo 軽量バドミントンネット 簡単組立 幅 510cm 高さ 86-153cm 調整可 収納袋付 屋外携帯用","14203","44","","202","¥ 5,680","","1","B0FJRTM1YX","B0FJRL61B5","85","15","15","3200"
"Marucci 2021 PITTARDS Reserve 大人用バッティンググローブ ロイヤルブルー 大人用 XXL","14205","38","","313","¥ 11,325","","8","B09C932FNC","B0CL5X5RR9","30.6","12.1","3.3","105"
"シマノ(SHIMANO) フリースタイルロッド 24 アンフィックス B66MH-5","15126","40","","2","¥ 23,537","¥ 23,537","1","B0D95BQRPX","B0D97R3NVL","58.8","10.3","7.4","510"
"ゴルフ ベーシックPUMAキャディバッグ 091931_03 フォーオールタイムレッド_","14214","53","","36","¥ 19,635","¥ 19,635","3","B0D8BJ3QG6","B0FPG1XKXV","120","60","60","3000"
"VICTORINOX(ビクトリノックス) シグネチャーライト オニキスブラック ナイフ 防災グッズ ボールペン LEDライト付き 7機能を搭載したスイス製マルチツール プレゼント ギフト 【国内正規品】 0.6226.31P","14216","43","","190","¥ 7,727","¥ 7,727","11","B08HDHMGFM","B0CMWH7JGJ","17","8.2","4","118"
"ROCKBROS(ロックブロス)自転車 ヘルメット 大人 大きいサイズ 58-65cm ロードバイク CE認証 高剛性 超軽量 通気 磁気ゴーグル","14219","65","50","476","¥ 5,199","","1","B0F9L4FF99","B0BZWL8JX6","31.6","24.1","18.3","560"
"[ニューエラ] ゴルフ ヘッドカバー MLB SDバーントウッド ONE SIZE GF HEAD COVER SADPAD BWOO","14221","43","","17","¥ 5,720","","2","B0G12Z7WZY","B0DNJ7HWJJ","30","25","1","310"
"SIzlahoベビーベッド寝具ベビースリーピングマット新生児コンパクト軽量落下防止ポータブルベビーベッド洗える柔らかく快適なベビースリーピングベッドベビーギフト (ホワイト,TPEホース充填) (ブルー,TPEホース詰め物)","23747","1","","","¥ 5,628","","1","B0FCFCBX8Y","B0FCFDP9X4","55","48","4","350"
"J-TANXJ クロスバイク 26インチ 自転車 700C 6段変速 軽量 高炭素鋼フレーム 10 (黒)","14235","18","","14","¥ 17,631","","1","B0H5Q3SQMW","B0FBGGDW5T","121","61","15","16800"
"KaRaDaStyle 野球ネット 練習用 硬式 軟式 折りたたみ 持ち運び 屋外 室内 バッティングネット ピッチングネット 簡単設置 大型 ポータブル 練習器具 自宅 庭 ガレージ 防球ネット 収納バッグ付き ポリエステル (ブラック)","15468","37","","62","¥ 6,930","","1","B0CZ6YB8ZG","B0D1VBYCZ4","110","15","15","6000"
"Buffalo Gear(バッファローギア) 絶縁釣り用クーラーバッグ、60cm 防水フィッシュバッグ、ソフトクーラーボックス漏れ防止フィッシングクーラー 、冷たい24時間以上を保持する","18599","26","","12","¥ 10,499","","1","B0CKVM2HXG","B0GGZTTT5Q","42.5","30.5","16","1750"
"MR. NOMADS【ラグビー日本代表採用ブランド】 耐荷重160KG ワイド 高強度・超軽量 バッグインベッドらくらく設置 折りたたみ アウトドアベッド 最高峰強度600D生地 キャンプコット 収納ケース付き お昼寝 キャンプ 野外用 ツーリング利用にも 静音設計 (KT002 Olive)","23311","22","","132","¥ 12,800","","1","B0B4GYS1RP","B0DHWQB2H6","45.3","19.5","19.2","2700"
"【シマノ純正】24ツインパワー 純正スプール 4000M","14273","38","","","¥ 14,300","","2","B0D1QH3XG5","B0D1QQMFBR","6.9","5.6","5.5","70"
"TOWILD DL1700 自転車 ライト 1700ルーメン 吊り下げ専用 「ハイビーム＆ロービーム」 大容量4000mAh USB-C充電式 ロードバイクライト 自動点灯 6つ調光モード IPX6防水 高輝度 サイクルライト サイクルコンピューターと同時に取付可能","14280","29","","157","¥ 7,780","","1","B0DSBRMCR3","B0GYCGMYWM","14.2","7.9","6.2","250"
"JIEBEIER 折りたたみ自転車 20インチ 7段変速 軽量 小径車 高炭素鋼フレーム JZXC-02 (白-1)","19731","37","","145","¥ 11,999","","1","B0DS26NXTV","B0CHW2DP3X","80","62","33","16330"
"GIRO(ジロ) 自転車 ヘルメット シンタックス ミップス [SYNTAX MIPS AF] 日本のために作られたアジアンフィット ロード用レース対応モデル 多方向衝撃保護システムMIPS搭載","14289","49","","223","¥ 24,200","¥ 24,200","1","B0G5MPQ42K","B0GC3ZV55T","34.2","29.4","18.9","560"
"ソルテック(Soltec‐swim) Soltec-swim( スイム) ハイドロ・テック2 フィン スイム エクストラソフトタイプ LIMEグリーン Sサイズ 203124","14295","43","","31","¥ 8,360","¥ 8,884","18","B0BW3BK9V6","B0BW39S6TM","36.9","24.6","11.1","1180"
"むかで ロープ チーム ワーク 協調 神経 運動 企業 レク 新人 研修 学年 種目 [並行輸入品]","8634","9","","","¥ 9,870","","1","B0FRF5LPL5","B0GC5WBG25","33.7","23.4","6.6","980"
"RDX ボクシンググローブ、プロトレーニングスパーリング、マヤハイドレザー、ムエタイ総合格闘技キックボクシング、メンズ レディース 大人 キッズ、ヘビーパンチングバッグミットパッドワークアウト、通気性のある手のひら、マルチレイヤー 6 8 10 12 14 16 18オンス","14679","39","","15313","¥ 19,770","","1","B0FZL1N5RZ","B08XP6X6X6","23","20","16","780"
"アルインコ コンパクトバイク サイクルン 折りたたみ 負荷調節無段階 電源不要 AFB2023W ホワイト 幅38×奥行43×高さ28cm 重量2.2kg","14322","34","","8","¥ 7,128","","6","B0CDC2VBKX","","39","27","18","2680"
"thsgrt トランポリン クッション 静音・衝撃吸収・滑り止め 室内運動用 家庭用トランポリン 大人・こども対応 55×55cm","29253","23","","24","¥ 8,870","","1","B0GHR38BXX","B0GMHQ79DK","56","56","21","3600"
"【超強力！安心な日本製 薬剤師監修】熊ラボ 熊撃退ショット 250mL 大容量 カプサイシン 安全設計 熊撃退 熊スプレー くまよけスプレー 熊よけグッズ 熊対策 強力 ヒグマ 登山 キャンプ 林業 釣り 日本製 国産 薬剤師 監修 唐辛子成分 カプサイシノイド","14331","53","","32","¥ 6,432","","1","B0GZ24PFKY","B0H7MG2ZDH","23.5","5.5","5.4","270"
"UOAO 釣竿ケース 大容量 軽量 防水 ロッドケース 釣り用ロッド 漁具 フィッシングバッグ 撥水 耐衝撃 ロッドバッグ ポータブル 手提け 竿袋 竿収納 持ち運び便利 165cm","24188","17","","7","¥ 9,180","","1","B0GJM7FPNK","B0H6GM5P7W","10","10","10","1000"
"セラミックフィルター式浄水器 災害時に飲料水確保に使える 水質検査51項目合格 塩素消毒 ウイルスにも対応 防災用 浄水器 セラミックフィルター 日本製","14336","37","50","9","¥ 29,500","","1","B0FQ4B1XMK","","42.4","32.5","27.3","5150"
"アズーロ（Azzurro） ランディング ネット ランド＋N 全長5m 釣り タモ ネット 釣り 網 青物 シーバス 玉網","14341","20","","33","¥ 6,930","¥ 10,018","2","B07DVGL6NK","B0C6G5WRKB","73","22","6","820"
"Nxtrnd Two Pro フットボール マウスガード パーマネントストラップ 大人用 & ユース用 (透明)","14343","10","","478","¥ 6,178","","1","B0FKCCHPF4","B0FZ2YH2CJ","17.9","8.1","6.5","91"
"TRIWONDER アイゼン 24本爪 チェーンスパイク 登山 スノースパイク チェーンアイゼン 靴底用滑り止め 雪山 登山 氷釣り トレッキング 収納袋付 (24本爪, XL（28.5cm - 31cm）)","14358","52","","170","¥ 5,899","","1","B09PHMHYWC","B0G7T297TS","24.8","20.2","4.1","480"
"【UK No1 ボクシング・MMAブランド】RDX グラップリンググローブ KARAシリーズ 総合格闘技 MMA キックボクシング 空手 ボクシング テコンドー トレーニング 練習用 日本正規品 (XL, ホワイト)","18557","38","","3908","¥ 6,580","","1","B09TDK7N89","B09TD14Y5K","24.9","12.9","9.5","410"
"ダイワ(DAIWA) バス、エギング スピニングリール 23AIRITY(エアリティ) LT2500S-XH","14369","59","","16","¥ 54,659","¥ 54,659","36","B0BSTP5WBJ","B0BT2Q2DDM","16.3","14.5","11.8","400"
"【ドイツ発×欧州×2wayコット】ALPIDEX (アルピデックス) 世界最軽量クラス2.8Kg(3分で簡単に組み立て可能) キャンプ コット 軽量 コンパクト ワイド 幅広 (2way cot BK)","14383","37","","920","¥ 14,220","","2","B0CDTWLHKL","B08M98WW48","56.6","23.2","12.6","2960"
"ZABERT ガールズ水泳ゴーグル 2個パック スイミングゴーグル 女の子用 キッズ 幼児 ユース ジュニア 子供 赤ちゃん 年齢 3 4 5 6 7 8 9 10 11 12歳 曇り止め クリア レインボー ティールパープル","16821","55","","5067","¥ 5,105","","1","B0CXDGNBM2","B07L49JG41","22.5","10.7","3.6","91"
"AOUGNスラックライン セット 障害物コース バランスロープ トレーニング 体幹 平衡感覚 5歳以上のお子様向け、屋外での使用に適しています (組み合わせ2)","19693","0","","","¥ 22,999","","1","B0H7R7YN7M","B0H7QWL6PH","35","35","30","8000"
"MKS(三ヶ島製作所) ペダル SYLVAN TOURING NEXT (シルバン ツーリング ネクスト) シルバー","14397","41","","285","¥ 8,887","¥ 8,887","13","B06Y13SFJJ","B07NWPKWF1","18.7","8.5","7.8","398"
"セラバンド　フレックスバー（緑）","14399","7","","1466","¥ 5,765","","18","B00066D6K4","B0HDNG9LJZ","29.6","4.6","4.5","449"
"LUXILON(ルキシロン) テニス ストリング ガット モノ・フィラメントガット ALU POWER ROUGH 130 200M REEL(アルパワー ラフ 130 リール) シルバー WR8302801130","14400","47","","","¥ 24,800","¥ 25,587","3","B084GGTZW2","B0BFWT6CGH","17.5","16","1.4","40"
"ヤマハ (YAMAHA) パラコード 8mm 破断強度2734kgf ダイニーマロープ [超高分子量ポリエチレン SK-60] 紫外線変色防止加工 オーシャンブルー 15m","40604","16","","61","¥ 14,280","","1","B086SYTQNS","B086TFTXGK","15","15","10","1500"
"Juhuilai J型止めピン ロープ止め金具 長さ30cm 黒色防錆コーティング, テントペグ キャンプ サッカーゴール トランポリン など固定用 (40本入り)","8188","43","","22","¥ 5,590","","1","B0DN9ZPTXW","B0DNB1LWJ3","36.9","12.3","8.8","3980"
"ダイワ(DAIWA) スピニングリール 26セルテートHD LT3000","14406","54","","","¥ 68,550","¥ 69,370","24","B0G6YQS79G","B0G7ZST5Q2","16.3","13.8","10.4","520"
"IRC(アイアールシー)井上ゴムバイクタイヤスクーター用 MOBICITY SCT-001 リア 90/90-14 M/C 46P チューブレスタイプ(TL) 129890","14415","59","50","566","¥ 5,197","¥ 6,171","16","B07QMR7F66","B0H1LVH218","50","50","10","3000"
"SUPERTEAMカーボンホイール700C固定ギアホイールセット (60mm)","14415","34","","44","¥ 43,000","","1","B0C6167QMT","B0869KQNK6","83","67","17","4000"
"エアウィーヴ(airweave) ポータブル mini マットレス ケース付 キャンプ 車中泊 持ち運び 防災 高反発 洗える 幅約50×長さ約170×厚さ約3.5cm 1-260011-1 【30日間のお試しサービス対象】","14848","60","100","134","¥ 33,030","¥ 33,030","1","B09J8M8V6B","B0DYVFGXQY","60.6","31.7","31.4","3120"
"ダイワ(DAIWA) 万能振出竿 波路 硬調80 釣り竿","14416","40","","42","¥ 12,375","¥ 13,002","8","B00I6S568O","B0B76GTMR8","117.7","7.6","6.2","500"
"モルテン(molten) ペレーダ 5000キッズ サッカー サッカーボール 4号球 検定球","14417","35","50","24","¥ 6,999","¥ 6,664","33","B0DR2QZJ6Z","","20.1","20.1","20.1","370"
"Timber Ridge アウトドアテーブル 折りたたみ 高さ調節 耐荷重30kg アルミ ロールテーブル 収納袋付き コンパクト キャンプ用 90L*53W*45-70Hcm 重量4.2kg 木色","14430","50","50","505","¥ 5,984","","1","B0D495PNC4","B0DG4JQ9G1","96","20","15","5100"
"シマノ(SHIMANO) リール・ロッドセット 22 ブエナビスタコンボ S60ML","14438","51","50","58","¥ 11,788","¥ 11,788","10","B0B7RR8L4M","B0CGCVTKY6","58.3","19.5","9.3","1130"
"Naturehike 公式 エアーベッド 内蔵電動ポンプ キャンプ/防災/来客用 1/2/3 人用 蜂の巣構造 厚手 38cm 耐荷重 150kg/300kg/450kg 快適睡眠 簡易操作 Type-C 充電 コンパクト 収納袋付き お昼寝 防災 寝具 スピード膨張 耐久 安定 高反発 快適な寝心地","15686","35","","1","¥ 10,191","","1","B0G7H4GWN1","B0GJD848QR","40.5","31","19","6810"
"キャロウェイ(Callaway) 右用 ウェッジ JAWS FORGED 23 CRM ([ロフト]56度[バウンス角]12度 N.S.PRO MODUS³ TOUR115(S) 35.25インチ) クロムメッキ メンズ","19820","38","","16","¥ 14,818","¥ 14,818","2","B0BQRLWC99","B0BRJR6PLB","131","14.5","14.5","180"
"ZEXUS(ゼクサス) LED ヘッドライト ZX-R740 充電式 [最大1300ルーメン メインLED点灯時間：最大46時間 白/赤色]","14441","75","50","116","¥ 14,267","¥ 14,267","22","B0CQX7XSBV","B0GQFZ3D2V","21.8","13.1","6.9","380"
"MARUS(マルエス) 軟式 野球 ボール 公認球 M号 1ダース 15710D","15301","40","50","151","¥ 5,900","","9","B071KF49PS","","29.4","22.7","7.7","1780"
"KaRaDaStyle 跳び箱 ソフト 飛び箱 とび箱 ジョイント式 とびばこ 子供 幼児 保育園 幼稚園 小学生 運動 自宅 子ども 室内 家庭用 カラフル (4段セット)","13554","40","","30","¥ 13,320","","1","B0C73NZQBX","B0C73PS2LG","72","58","27.4","14300"
"AORTD ブルブル振動マシン 静音 ブルブルマシン 3d 健康エクササイズ ぶるぶる振動マシーン 人気 ダイエット 室内運動器具","21769","22","","728","¥ 13,580","","1","B0FMYGRYLF","B0FMYH758P","57.9","42.9","16.7","8000"
"MOON LENCE キャンプ コット アウトドアベッド 折りたたみ キャンプベッド 簡易 コンパクト 超軽量 耐荷重160kg 枕*収納ケース*キャリーバッグ付き 防災 防水 通気性 ブラック","14480","45","50","2342","¥ 7,199","¥ 7,199","1","B0C49JBJ4P","B078G7R4M4","38.4","19.5","15.7","2280"
"GENTOS(ジェントス) LED ランタン USB充電式 【明るさ1400ルーメン/実用点灯7時間/耐塵/2m防水】 専用充電池または単1形電池3本 (別売り) 使用 エクスプローラー EX-350H","15547","43","50","4","¥ 8,409","¥ 8,409","4","B0GSQKCQC4","","25.8","12.7","12.4","890"
"DIETZ デイツ ハリケーンランタン D90ブラス","14953","42","","116","¥ 5,200","¥ 6,291","13","B09RWK6WY8","B0B49WZQKS","36.5","20.5","20.1","1230"
"バドミントンバッグ テニスバッグ 大容量 独立靴収納 防水 耐摩耗 軽量 スポーツリュック 旅行 アウトドア 通勤 (グリーン)","17307","2","","","¥ 5,601","","1","B0GQS1MG7L","B0GQMDMFQT","45","35","5","1000"
"SAKUGOE サクゴエ 野球 バッティングティー 置きティー スタンド 野球 高さ調整 64～95cm ティー打撃","14497","37","","60","¥ 28,580","","1","B0G63Q7443","B09XQ13X9Z","50.8","22.9","7.6","5262"
"Schwalbe Rapid Rob Active Line Drahtreifen ユニセックス 大人用 自転車タイヤ ブラック/ホワイト 27.5 x 2.25/57-584","14507","40","","1241","¥ 23,700","","6","B07GTJT39M","B087YYW8QH","70","70","7","780"
"CYFIE タープテント 2.5m×2.5m 高さ3段階調節 サイドシート1枚付き uvカットワンタッチタープテント2.5m サンシェード 高耐水加工 日よけ 組立簡単 持ち運び便利 キャンプ/ピクニック/運動会/アウトドア 収納ケース付き (グリーン, 2m×2m)","14517","27","","7","¥ 10,898","","1","B0GRL977YN","B0HBQLVYS3","119","20","19","10000"
"太ももマスター骨盤底筋エクササイズ器具","12512","52","","606","¥ 7,427","","1","B0F3841KY1","B0H6SSJQR5","24.7","15.7","11.9","850"
"ロゴス(LOGOS) 楽ちんバルブ・高密弾力55 セルフインフレートマット・DUO 72884181 キャンプ エアマット 自動膨張 超厚使用","14528","45","","45","¥ 15,820","¥ 16,198","13","B0DRBXX2SJ","B0FVL4MRBH","75.6","27.6","21.9","4220"
"MERACH (メリック) 腹筋 筋トレ 腹筋マシーン 2段階傾斜調整 5段階高さ調整 LCDディスプレイ 折りたたみ エクササイズバンド付き 耐荷重200kg 筋トレ器具 ホームジム 腹筋マシン 腹筋器具 健康器具 トレーニング器具 お腹 腕 太もも お尻 トレーニング フィットネス エクササイズ 家庭用 自宅 ホワイトとピンク","14529","34","","127","¥ 7,999","","2","B0FFSYP3DS","B0D9TZTD8G","92.5","33.5","17.5","9020"
"【LuceTerraGolf】ゴルフヘッドカバー ドライバー用・フェアウェイウッド用・ユーティリティ用 防水PUレザー スタイリッシュデザイン (Aタイプ（ブラック×イエロー）, 3点セット（Dr,Fw,Ut）)","15296","33","","53","¥ 5,980","","1","B0G1JY24Z5","B0G1JSG7HJ","34.1","29.3","7.3","250"
"バタフライ テナジー・64 レッド 05820 006 中","14538","42","","83","¥ 7,095","¥ 7,514","27","B002V8JD02","B0DPK95W1J","20.4","17.6","1","88"
"MERMONT アウトドアテーブル チェアセット 折りたたみ キャンプ ベランダ 4人用 ホワイト アルミテーブル コンパクト BBQ 軽量 釣り 運動会 花見 85cm×60cm","14540","32","50","166","¥ 8,075","","2","B011BW5XC0","","88.3","38","11","9560"
"YPOO ルームランナー ランニングマシーン 家庭用 1-12km/h 静音 【折りたたみ式&見やすい操作パネル】 3段階傾斜 ウォーキングマシン ランニングマシン アプリ連動 広幅走行面 【日本初上陸・全世界累計販売500万台突破】コンパクト収納 男女兼用 高齢者対応 組立簡単","14543","52","","131","¥ 22,781","","1","B0GJXLT1P6","B0HFVR92Y7","132","67","19","22200"
"DOD(ディーオーディー) カンガルーテント 2人用 キャンプ&ハイキング S コットン100%生地 ワンタッチ構造 グランドシート付き T2-616-TN","14545","46","50","548","¥ 16,448","¥ 16,448","6","B07ZDKCYR3","B086VN2HMG","73","21.1","19.4","4500"
"キャロウェイ(Callaway) 右用 ドライバー QUANTUM MINI DRIVER (13.5度 ATHLEMAX 60 S 43.75インチ D1.5 中調子 カーボン) メンズ","23740","38","","","¥ 56,146","¥ 56,146","21","B0GP69Y7HB","B0GSQPSW5T","116","12","1.5","420"
"J-TANXJ 折りたたみ自転車 20インチ 7段変速 軽量 小径車 高炭素鋼フレーム 07 (ダークブルー)","18749","21","","32","¥ 15,980","","1","B0H411NDTD","B0F88M6YHX","81","62","33","15000"
"Molten BG3800シリーズ インドア/アウトドア バスケットボール FIBA承認 サイズ7 2トーンデザイン モデル:B7G3800","14560","64","50","2945","¥ 7,510","","19","B083JZKB24","B0D2PF61P6","26.5","24.2","13.3","609"
"ALOCS キャンプ クッカーセット 5点 アルミ 鍋 焦げ付きにフライパン付き 2-4人用 炊飯 直火対応 JFSL適合","14567","35","","1006","¥ 5,399","","1","B082KHK2XH","B0H863BQ2J","19.8","19.6","14.4","1102"
"Coleman(コールマン) テント ワイドティピー/3025 キャンプ 防災 組み立て簡単 前室付き 4～5人用 耐水圧2000mm ペグ、ロープ、ハンマー、収納ケース付属 空気循環システム搭載","14568","31","50","62","¥ 19,200","¥ 27,626","10","B0BJPGRMTH","","69.8","36.5","22.4","8460"
"シマノ(SHIMANO) スピニングリール 21 ネクサーブ C2000S","14568","60","","51","¥ 5,320","","1","B09BFM9255","B09CQJ6DZV","13.3","11.8","9.4","300"
"iClimb キャンプ用アルミロールテーブル 設計 足元ゆったり ダブルロック 耐荷重80kg 約3.2kg 折りたたみ Lサイズ シルバー","14573","39","","275","¥ 6,197","","1","B083MZ382J","B08ZXQR6RM","74.6","32.3","10.4","3200"
"シマノ(SHIMANO) トラウトロッド 24 トラウトワン NS B47UL-4","15646","33","","4","¥ 17,274","¥ 17,274","12","B0CQ7KC96T","B0CQK3DZXH","49.4","34.9","6.9","300"
"KaRaDaStyle 体操マット 折りたたみ ストレッチ エクササイズ 筋トレ 子供 プレイマット 鉄棒 新体操 跳び箱 運動 ヨガ スポーツ 防音 家庭用 200×100×4cm (オレンジ)","24120","32","","98","¥ 10,400","","1","B08KXWZ1YC","B09W8SHVKP","102.4","41.7","22.4","4513"
"スノーピーク(snow peak) RBほおずき よぞら ES-170-NV LEDランタン 柔光 調光可能 アウトドア","14587","45","","20","¥ 10,709","¥ 10,709","12","B0F4XDV5DV","B0F53NG369","11.6","11.2","10.9","350"
"[シーダブリューエックス/ワコール] メンズ スポーツタイツ 下半身フルサポート ジェネレーターモデル HZO779 GY L","14593","54","50","598","¥ 15,813","¥ 16,094","6","B085SBQJ88","B09ZQ8G556","24.2","21.3","2.4","210"
"BIG SKY INTERNATIONAL(ビッグ スカイ インターナショナル) INSULITE POUCH Large(30cm×40cm)","24175","35","","2","¥ 5,790","","3","B0CL313M31","","34.3","11.3","4.5","120"
"シマノ SPDペダル ブラック EPDM520L","14610","44","50","4700","¥ 5,975","¥ 6,665","9","B000KC3Y0G","B0D9HKD446","15.8","11.9","5.8","520"
"Winning ウイニング ボクシング 練習用 バンデージ VL-B 伸縮タイプ 長さ450cm 2組・3組・4組セット エンドマジックテープ式 格闘技 キックボクシング 日本製 (白_4組セット)","30713","16","","3","¥ 8,598","","1","B0GNLCHZ89","B0GNM2JYVD","18.4","16.4","6.4","290"
"CAMDOOR キャンプ エアーマット 【取り外し可能な枕が付き・超広幅75cm】インフレーターマット 10cm/8cm インフ マット R値 6.8","14612","4","","","¥ 18,530","","1","B0HDP1PJWM","B0DLNQR5XH","75","37","19.5","7550"
"キャプテンスタッグ(CAPTAIN STAG) アステリア 一輪車 16インチ 子供用 スタンド付き ホワイト/ブルー YG-1343","15536","36","","3","¥ 8,900","¥ 9,771","4","B0982T2SDZ","B0FX7WQK13","58.9","30.7","28.4","5460"
"AVOFOREST タープポール 角型 伸縮式 2本セット 長さ87cm~280cm 最大直径35.5ｍｍ テントポール10cm間隔調節 A6061アルミ合金製 4節 コンパクト 高強度 専用収納袋 エンドキャップ付 設営簡単 キャンプ用品 アウトドア (茶色/ φ35.5 220cm-280cm)","14616","38","","44","¥ 6,990","","1","B0GGBF2K91","B0GGBLLTLG","92.2","10.3","5.5","2600"
"シマノ(SHIMANO) FC-R7000L 175mm ギア無し Black 11S","23169","47","","41","¥ 11,967","¥ 12,639","5","B0D34ZNWGD","B0DBQTNT4Z","28.9","20.3","19.4","1100"
"NEXTYLE(ネクスタイル) NX-7021 クロスバイク 自転車 700C 21段変速 前後フェンダー マットブラック [リアライトセット] 61381","14957","30","","18","¥ 25,480","","1","B09H2VTNV6","B09L4GSJ6T","130","72","21","16000"
"Estgora SUPポンプ 電動空気入れ 20PSI エアーポンプ 12V車用 360L/minまで二段階給排気 プリセット設定可 オートオフ機能搭載 LCD数値表示 7種類ノズル付き スタンドアップパドルボード/カヤック/エアーテント/エアーマット/エアプール/浮き輪など対応","14629","64","100","15","¥ 9,998","","1","B0GSZG71VN","","24.8","18.3","17.8","1850"
"[JIMSHUINIO] インラインスケート ローラースケート 大人 子供用 光る サイズ調整可能 女の子 男の子 キッズ ジュニア 学生 初心者向け 運動 通気 安全 耐久 静音 スポーツ アウトドア (ブルー,XL（41-44）内寸26.5-29cm)","29933","27","","32","¥ 5,290","","1","B0BHHT49FV","B0BHHQFPLP","45","35","12","3000"
"LINDSPORTS ソフトメディシンボール (5キログラム)","17855","43","","157","¥ 5,600","","1","B075WV823W","B075WNVQ3C","36","36","35",""
"アルインコ(ALINCO) 振動マシン 【低速運動によるリラックス・ストレス除去効果を実現】【専属健康指導士監修のモーター使用】 バランスウェーブ ミニ 2D プログラム付き FAV5019(N)","14643","33","","93","¥ 6,358","","14","B082V2XWW5","","46.4","41.6","17.2","9260"
"シマノ(SHIMANO) スピニングリール 26ナスキー C2000S","14645","38","","6","¥ 10,004","¥ 10,004","31","B0G4M3KKSP","","15","13.2","9","330"
"ヨネックス（YONEX） バドミントンラケット アークセイバー11 プロ ARC11-P-764 （グレー/３Ｕ６）","14653","40","","43","¥ 33,500","","6","B09SXTWTZ6","B09YMGGM2Z","68.9","22.4","7.9","220"
"C&G（シーアンドジ―） エラスティックテープ 75mm×4.6m 16本入り","15410","28","","31","¥ 5,320","","1","B079YZJQWJ","B07BJFMRDH","33.9","15.5","12.2","1530"
"カスク(Kask) PROTONE ICON GRY M サイクリング ヘルメット","35396","10","","53","¥ 40,612","","1","B09SQB93HZ","B0DXPL4PRG","36.7","23.8","19.7","810"
"DERWAY ダウン寝袋 冬用 枕付き (220*85cm) 超軽量 ワイドバージョン 680FPフィルパワー -15℃～8℃ コンパクト寝袋 キャンプ ハイキング オートキャンプ 防災 車中泊 アウトドア緊急用 (ブルー, 羽毛量500g)","23524","29","","17","¥ 11,980","","1","B0FT785JZ6","B0FR2B2WRV","34.2","20.4","18.4","1190"
"EZON T031 GPS ランニングウォッチ メートル単位の高精度測位 トレイルランニング向け 消費カロリー・距離測定 10回分のデータ保存 90日間超ロングスタンバイ バックライト付き 5気圧防水 日本語説明書付き","11467","42","","392","¥ 6,850","","1","B07D29DJS6","","11.1","7.7","7.6","210"
"CHAOKE フィットネスバイク エアロバイク トレーニングバイク 【5-in-1版&5年保証】 静音 折りたたみ 16段階負荷 LCDディスプレイ＆心拍数メーター付き& 大型サドル コンパクト収納 軽量 タブレットトレー付 小物ホルダー 組立簡単 耐荷重160kg","15385","13","","1350","¥ 18,980","","1","B0DZMB5KHJ","B0HFVNDP1K","94","39","27","22400"
"Thous Winds オイルランタン ランタン 灯油ランプ 燃料式 灯油ランタン キャンプライト アウトドア 替え芯付き","23543","37","","509","¥ 12,280","","1","B0C4L6Z7WS","B0C4XHJ1FF","22.7","12.9","11.2","570"
"Puma Golf 2021 シューズバッグ(プーマブラック ワンサイズ)","16854","56","","531","¥ 15,500","","1","B08VS2TN5H","B0H1QZHHSQ","43.5","28.4","7.9","249"
"sentan(センタン工業) 自転車 前カゴワイド 底でかーご ワイヤーステンレス 取付金具付 SST-C430 ステンレス","14682","36","","93","¥ 5,742","¥ 5,742","1","B073H2KDGF","B07XXZV957","46.5","30.5","26","1675"
"パナレーサー(Panaracer) アジリスト FAST 700×28C クリンチャー 黒 F728-AGF-B","14747","81","50","117","¥ 7,948","¥ 7,948","16","B0CGZMCXFZ","B0DWSR74JQ","22.6","9.2","9.1","310"
"WAQ AIR SOFA+専用グランドシートセット シングル/ダブル ワック エアソファ エアーソファ アウトドア キャンプ 電動ポンプ内蔵 ワンタッチ空気入れ 空気抜き 簡単設営 ソファー 自動膨張 収納袋付き (BLACK（ブラック）, ダブル)","14685","51","","6","¥ 19,780","","1","B0GQM5992L","B0HFWC4ZS5","53","38","21","7600"
"【SSK】エスエスケイ 硬式木製バット 大谷 柳田 吉田正尚 バーチ 軽量 野球館オリジナル sbb3009tiyb T6モデル BT6 84cm","14689","39","","10","¥ 7,999","","2","B0B5N69369","B0B5N6XR7M","84","6","6","860"
"防災ラジオ ソーラー多機能ラジオ 手回し 懐中電灯 読書ランプ付 SW/AM/FMラジオ (FM周波数76.00Mhz - 108MHz) SOSアラート付き小型ラジオ スマホに充電可能な防災ライト 屋外で使えるポータブルラジオ 手回し充電 ソーラー充電 USB充電 IPX3防水 地震 震災 津波 台風などの緊急対策 アウトドア 防災グッズ 非常用照明器具 日本語取扱説明書付き (BLACK)","14690","37","","1363","¥ 11,739","","6","B08SWF34ZF","B0DB8STPXD","19.2","12","9.2","549"
"ゼット(ZETT)野球 プロステイタス バッティンググローブ 両手 高校野球ルール対応 ホワイト(1100) Lサイズ 野球 BG418HS","14702","43","","72","¥ 5,170","¥ 5,170","3","B0798HY8S7","B079GHK33W","27.8","12.9","3.4","90"
"パナソニック 電動アシスト自転車 グリッター 20インチ 12.0Ah 2026年モデル BE-FGL033 3段変速 マットオーツベージュ 【完成車】","14708","22","","","¥ 118,000","¥ 118,000","4","B0G1BJGHC4","B0G1BDQ7J9","187","112","37","24600"
"Soomloom4.2Mx4.1Mタープ用メッシュスクリーン高さ1.3M/2.3Mタープモスキートテントスカート裾付き軽量紋帳大型メッシュテント虫除け網防虫ネット夏向けアウトドアキャンプギアアクセサリー (高さ1.3M)","14711","52","","11","¥ 8,900","","1","B0GBTJJ7JF","B0FDGCW9VV","45.2","24.2","19.9","3370"
"b.ring スマートリング G1Sステンレスモデル / シルバーUS10号（日本基準21〜23号/内周62.5mm）","14715","19","","5","¥ 8,800","","1","B0H61X4ZRX","B0H62BH9NP","8.3","8.1","2.7","50"
"LVYUAN エアーベッド 40CM厚 電動ポンプ内蔵 USB充電式 シングルサイズ エアーマット","22509","38","","87","¥ 7,036","","1","B0CJMBCCKX","B0HDBVK4HP","45.3","28.2","15.2","5270"
"キャスコ ドルフィンウェッジ DW-123 N.S.PRO 950GH neo WEDGE 58 シルバー","14733","35","","62","¥ 12,600","¥ 12,600","16","B0BTRKB7W1","","110","11.7","6","500"
"ZCCO 5mm ネオプレンダイビングブーツ、滑り止めラバーソール、スキューバシュノーケリングブーツ、ウォータースポーツに最適、ブラック, グレー, 12","14741","13","","55","¥ 12,169","","1","B0GZNWLFQP","B0FBRSDQL5","35","30","8","800"
"キャンプチェア ロッキングチェア 四季適用 折りたたみ クーラーボックス付きリラックスチェア DesertFox アウトドアチェア 揺れる椅子 【耐荷重150kg】コンパクト 組み立て不要 携帯便利 室内 室外 庭園ピクニック レジャー キャンプ オフィスで休憩用 YYY(グレー，スタイルA)","13084","25","","57","¥ 6,999","","1","B0DYJT8V5Y","B0DYJR3ZRY","100","23","23","8560"
"キャンプ用ポータブルシャワー:13000mAh 充電式キャンプシャワー LEDディスプレイ付き IPX8防水 5段階速度調節式アウトドアシャワー 旅行 ハイキング ペットバス用 軽量","14919","45","","179","¥ 13,550","","1","B0GKMG66J7","B0GWKSY6RF","26.4","19.7","8.4","1080"
"ヨネックス(YONEX) エアロセンサ700 AS-700 2","14758","47","","9","¥ 7,029","","2","B06XVSZ73F","B0D1Q4HV38","38.6","6.5","6.5","150"
"[オークリー] クラブケース OAKLEY CLUB CASE 18.0 (02E) BLACKOUT One Size","14760","26","","14","¥ 6,844","¥ 6,844","2","B0CQP19S49","B0F32Q169S","35","33","8.2","470"
"【16000mAh大容量バッテリー】防災ラジオ 充電式 ソーラー/手回し/USB 5V/3Aスマホに快速充電可能 多機能 FM/AMラジオ 懐中電灯 読書灯 SOSアラート付き イヤホンジャック付き Bluetooth5.3 コンパス 防災ライト 防災グッズ 照明器具 携帯充電器 台風 地震 津波 停電 アウトドア 緊急対策 (グリーン)","14762","34","","47","¥ 5,530","","1","B0DNZCH2CF","B0FJXV8PD1","19.2","13","10.4","900"
"テイルウォーク(Tailwalk) ヴィレイヤー(VILAYER) DG 100-DH/L","14766","25","","2","¥ 14,887","¥ 14,887","12","B0CSRZV6PD","","15.4","14.3","9.1","370"
"5mm 2ピース 上下セットウェットスーツジャケット+パンツウォームジッパー長袖ダイビングスーツ長ズボンスキューバサーフシュノーケリングスイミングブラック (M)","22375","11","","","¥ 9,999","","1","B0GZV54B4Y","B0GZVGZW1F","38","27","12","2000"
"櫻井釣漁具 BOUZ ドラグチェッカー 15kg DC2015","14785","53","50","194","¥ 7,427","¥ 8,002","11","B00KEEASK4","B0F4XC9YKG","15.9","9.5","2.5","80"
"TOPUMP TPS260 充電式 SUP ポンプ 20PSI サップ 空気入れ 電動 オートオフ機能 二段階膨張&収縮 Type-C対応 パドルボード/カヤック/ウィング&カイト/テント/ボート/マットレス用","14791","50","50","23","¥ 17,900","","1","B0FKRCKWS2","","19.6","18.1","15.2","1630"
"光謠ひかりうた 5層構造・厚手 300X400cm レジャーシート 防水断熱 アルミ裏面 洗濯機OK ボヘミアン柄 軽量コンパクト キャンプ ピクニック 花見 テントインナシート グラフィティ [並行輸入品]","21919","10","","2","¥ 8,999","","1","B0GX6TMQV7","B0GX6WWS2Q","45","15","10","1000"
"WAQ EASE POP TENT ポップアップテント 日除け 完全遮光 UVカット 2人用 3人用 ワンタッチ フルクローズ 軽量 持ち運び便利 アウトドア レジャー ピクニック 公園 運動会 海水浴 川 プール 暑さ対策に最適 (COYOTE（コヨーテ）)","14793","27","","15","¥ 10,800","","2","B0H3VCTT9F","B0H3V7TRJN","58","16","16","4000"
"Findway ゴルフ スタンドバッグ 7-8本収納 セルフスタンド ゴルフクラブケース 約990g 軽量 キャディバッグ ユニセックス 手持ち＆ショルダー 練習場とショートコース用 初心者にもベテランにも ゴルフバッグ","15287","43","","192","¥ 5,949","","1","B0FHKRKJKF","B0GTSRMXSZ","80","17.5","10","990"
"Taimonik ダンベル 可変式 10kg 20kg 30kg 40kg 2個セット バーベル 調節可能 アジャスタブルダンベル 筋トレ エクササイズ フィットネス 無臭素材 静音 XSB (15KG×2，赤)","20081","11","","96","¥ 5,999","","1","B0FZJLDZ9J","B0D7ZJTS2J","61","23.5","19.5","30000"
"Wtecmetd ロッドスタンド 釣り竿立て 12本収納可能 大容量 4in1 釣具整理 キャスター付き移動式 パンチングボード付き 屋外・室内両用 組立式 釣り道具の収納 日本語組立説明書付き","19672","21","","3","¥ 11,899","","1","B0H6F33RJN","B0H6FGJC7X","45","37","20","8500"
"ALOCS クッカー セット 【大容量3.5L/2.2L】 2-4人対応 キャンプ 鍋 アルミ コッヘル アウトドア 調理器具 キャンプクッカー","18898","31","","83","¥ 6,933","","1","B00CRAB8CU","B0H87Z7F9B","22.8","22.4","17.2","1440"
"Hahe 折りたたみ ヨガマット 極厚 1.2cm 180×61cm TPE 素材 両面滑り止め ピラティス 筋トレ 室内屋外兼用","14843","24","","10","¥ 5,850","","1","B0GYYJR5VQ","B0GYYF7GRG","63","54","43.5","13600"
"VICTORINOX(ビクトリノックス) レスキューツール スイス・アーミーナイフ 多機能 ナイフ 防災グッズ 蓄光 緊急脱出用 シートベルトカッター ガラスのこぎり ウインドウブレーカー ナイロンケース付き 15機能を搭載したスイス製マルチツール 【国内正規品】 0.8623.MWN","14864","46","100","1861","¥ 10,353","¥ 10,353","13","B000NHZW6M","B0DRK6VW7Q","22.9","16.8","11.3","310"
"Rhinowalk (ライノウォーク) バイクトップチューブバッグ 1.5L バイクフレームバッグ マグネットフラップ付き 完全防水 安定 自転車フレームバッグ 自転車バッグ プロフェッショナルサイクリングアクセサリー マウンテンロードバイク用 XXL","14865","50","","98","¥ 5,599","","1","B0FF9513Y3","B0FKMXK86V","28.1","13.4","7.7","390"
"phiten(ファイテン) RAKUWA ネックレス EXTREME キューブ チャコールグレー 43cm【肩こり】【首こり】【ファイテン先端技術メタックス採用】","24437","38","","20","¥ 6,776","¥ 6,776","6","B0CCTW1N4Y","B0CCXDFYWH","17.4","10.7","2.2","50"
"ワンタッチ タープテント 3段階調節 3m/2.5m/2m UVカット 耐水 スチール キャンプ アウトドア 耐水専用横幕/サイドシート4枚付属 テント キャンプ用品 ワンタッチテント タープ(ホワイト,2.5m)","14867","56","","973","¥ 15,010","","2","B08YNJZM71","B0BX7DFQS4","120","21","20","12320"
"【SIDAS】シダス インソール ウォーキング用 シティプラス L ブラック 310203104 L(27.0cm-28.0cm)","14869","23","","20","¥ 7,821","","3","B01H1WLNQE","B06XCQ6ZMR","36.5","11.1","5","140"
"IRON BULL クラシックエルボーラップ 肘サポーター (ブラック)","14872","38","","2674","¥ 6,013","","3","B07RQFN97G","B0D8R9LGB2","29.6","8.8","5.4","331"
"Coleman(コールマン) コンロ クールスパイダーステンレスグリル 引き出し式ロストル レッド 3~4人用 170-9367","14878","91","100","1012","¥ 8,805","¥ 8,298","15","B00352KT38","","52.1","37.2","15.4","5200"
"【Amazon.co.jp 限定】 キャプテンスタッグ(CAPTAIN STAG) パラソル 日傘 サンシェード ウィングパラソル ブラックコーティング UVカット 240cm ブラック UY-7128","15591","37","","133","¥ 5,382","¥ 5,382","1","B0GSV4DL4R","B0GTV66HHH","131","14","8","2400"
"サンライン(SUNLINE) 深海･スローピッチジャーク専用設計 低水中抵抗 絶対的感度 ハイクラス4本組ULT-PEライン ソルティメイト アメイザー×4 SPJ (Saltimate Amazer SLOW PITCH JERK) 1200m 5色マルチカラー (ホワイトマーキングシステム付) 3号","15652","36","","7","¥ 12,148","¥ 12,271","22","B0FJDGFWGY","B0FMNSLKYM","10.8","10.7","10.5","290"
"SANLIKE サンライク タモの柄 玉の柄 たもの柄小継 99% カーボン 伸縮 ランディングポール 軽量 全魚種対応 海水淡水両用 3M-8M","14907","48","","87","¥ 10,780","","1","B0BSLC8ZX2","B0C275LW3C","77.5","5.5","4.4","900"
"コールマン アウトドアワゴン 荷車 キャンプワゴンブラック 2000034673","14916","38","","153","¥ 12,961","","2","B07V7Y9CFG","","77.8","31.7","20.7","11140"
"[SSK(エスエスケイ)]ベースボールウェア ゲーム用ショートフィットパンツ [メンズ] UP015S メンズ ホワイト (10) 日本 XO (日本サイズ3L相当)","14917","42","","20","¥ 5,016","¥ 5,165","10","B00K7HNBL6","B07Q1PLHXG","40","26","5.2","440"
"折りたたみテーブル アウトドアテーブル 勉強机 組み立てなし 携帯便利 超軽量 ミニ コンパクト パソコン オフィス BBQ キャンプ ピクニック 耐荷重50kg 幅63×奥行45×高さ調整34-68cm","14926","34","50","53","¥ 6,480","","1","B0D9BFQ7HP","","67.6","49","8.4","5060"
"Golf Style ゴルフ スイング 練習器具 スイングトレーナー 柔らかシャフト 7番アイアン クラブ スイング練習 ゴルフ練習用品 トレーニング器具 スイング矯正 素振り しなり リズム 室内 屋外 打てる練習用アイアン","14929","36","","48","¥ 6,732","","1","B0CSFHR41W","","100","11","4","700"
"クランクブラザーズ(CRANK BROTHERS) Crankbrothers MTBペダルスタンプ 1 Gen 2 ラージ オレンジ","14931","41","","615","¥ 7,688","¥ 8,124","13","B0CFT6ZJTQ","B0DWDV6LX7","20.6","13.4","6.7","470"
"ENDLESS BASE タープテント 3m×3m サイドシート 1枚付き ワンタッチ【組み立て簡単！】 UVカット 19000014(91587)","22854","21","","120","¥ 11,800","","1","B0D3GP6GVL","B0HFJ37QYN","120","20","20","16000"
"[ブリーフィング] ユーティリティカバー CS UTILITY COVER CS BRG251G05 L.GRAY L.グレー ゴルフ ヘッドカバー","14946","44","","15","¥ 6,600","","4","B0F2MHYLZB","B0F8Q9GTGH","27","12.2","8","80"
"OGK KABUTO(オージーケーカブト) 自転車 ヘルメット 子ども用 STARRY (スターリー) フラッグブルー 児童用 (頭囲 54~56cm未満) SG認証","11969","17","","416","¥ 5,680","","1","B00IIHFGO2","B09642R6BS","34.7","22.9","16","300"
"【2026国内監修品・10段階調整】折りたたみ椅子 伸縮式 耐荷重200kg 折り畳み式 アウトドアチェア キャンプスツール 一秒開閉 高さ調整可能 スツール おしゃれ 持ち運び便利 軽量 コンパクト 釣り 旅行 バーベキュー 行列待ち アウトドアスポーツ 花火大会 運動会 (カラーおまかせ4個セット（色は重複しません）)","11842","16","","8","¥ 7,680","","1","B0GVXVCKQX","B0G6B992XP","30","20","10","900"
"キャンプテーブル アウトドア テーブル【日本企業】 折りたたみ 120CM 3段階高さ調整可能 ピクニック レジャー キャンプ用 折畳み コンパクト 収納 簡単組立(くろ，120cm×2)","22612","34","","80","¥ 7,999","","1","B0GWPG14XN","B0HCYFF9VP","50","15","15","4200"
"Meister MMA 伸縮性生地 すね & 甲パッド入りガード(ペア)","14960","41","","5370","¥ 6,177","","12","B00XNMXGDK","B01MXYYJPU","30.5","14.3","6.8","209"
"【新進化】TrustFire DF007 水中ライト LED 懐中電灯 ダイビングライト 3350ルーメン 超高輝度 IPX8防水 水中100M","14962","13","","2","¥ 6,543","","1","B0H14V9J5H","","17.4","11.9","5.2","380"
"KALINCO 防水タープ キャンプ タープテント UVカット 紫外線対策 超軽量 シェード 日除け 遮光遮熱 持ち運び便利 収納ケース付 アウトドア ピクニック 野外 4×4m","14971","33","","812","¥ 5,299","","1","B0BYNQY32H","B08N4G74LX","33.7","22.1","10.8","1530"
"ソト(SOTO) クッカー マグ 8点セット 軽量 コンパクト ソロ デュオ 登山 トレッキング キャンプ アウトドア サーモスタック クッカーコンボ SOD-521","14974","33","","235","¥ 8,965","¥ 8,965","26","B079VQJFR4","B0D8VSSHKD","13.6","11.3","11","390"
"TOWILD DLite1800 自転車ライト 最強 1800ルーメン 自転車 フロントライト ロードバイク ライト 下付け対応 ハイ/ロービーム切替 LED 充電式 USB-C 5000mAh大容量 自動点灯 防眩 IPX6防水 サイクルライト クロスバイク MTB対応 明るい","9400","36","","627","¥ 7,980","","1","B0BRGFWN7V","B0GTTGZRSY","19.4","8.2","5.2","290"