"Title","Sales Rank: Current","Sales Rank: Drops last 90 days","Monthly Sales Trends: Bought in past month","Reviews: Rating Count","Buy Box: Current","Amazon: Current","New Offer Count: Current","ASIN","Parent ASIN","Package: Length (cm)","Package: Width (cm)","Package: Height (cm)","Package: Weight (g)"
"【Amazon.co.jp限定】 無香空間TM 【ケース販売】 ドでか 大容量 置き型 消臭剤 [無香料 詰替え 1550g ×6個] 小林製薬","7","20","200","177","¥ 5,447","¥ 5,447","1","B09VB1Q4KB","B0H6MPN82D","43.4","29.8","27.7","10560"
"トラスコ中山(TRUSCO) 薄型折りたたみコンテナ スケルコン スケルトンコンテナ 収納ボックス 収納ケース 5個【ケース販売】 530X365X55mm フタ無し 40L 透明 TSK-O40B-TM","11","39","","1150","¥ 8,626","¥ 8,626","1","B0C4TJF6YN","B0D7C89JHM","60.8","53","9.2","8465"
"【ケース販売】APMジャパン 貼ってはがせるエコノミー養生テープ 万能タイプ 緑 50mm×25m 30個セット [養生・マスキングテープ](まとめ)","13","44","50","325","¥ 8,763","¥ 8,763","1","B0CKX4FRM2","B0FCY4CK1M","33","27","22.5","5500"
"ボックスバンク ダンボール 宅配120サイズ 40枚セット 段ボール箱 引越し・配送用 FD40-0040-a2","18","9","","1850","¥ 7,469","¥ 7,469","1","B0HCNNXJ7N","B0HCZB9XH8","79","62","24","18410"
"eSUN 3Dフィラメントストレージ用のeSUN eBOX Liteドライバックス、フィラメントドライヤーボックスの脱水機、ボックスフィラメントドライホルダーを無料で保管3D印刷ツール","15","41","100","118","¥ 5,899","","1","B09QYK1DB2","B09QYMJXDK","27.3","26.4","14","1130"
"セメダイン(Cemedine) 超多用途接着剤 スーパーXゴールド 20mL 速硬化 透明 屋外OK 垂直面・凹凸面対応 AX-014 10本セット","17","50","","2467","¥ 6,778","¥ 6,778","1","B00RUNLDU6","B0DK8PTMLH","18.4","12","9.2","490"
"レノア クエン酸in 超消臭 衣類のすすぎ消臭剤 強い香りでごまかさない超無臭 さわやかシトラスの香り (微香) 詰め替え 1110mL×6袋 [ケース品]","20","32","50","774","¥ 7,879","¥ 7,879","11","B0F6Y6S2Z9","B0H61F35SV","36.7","36","30.5","8500"
"ELEGOO PLAフィラメント 1.75mm 3Dプリンター用フィラメント 寸法精度±0.02mm ほとんどの3Dプリンターに対応 (1KG/スプール 2.2 lbs) 白色*4","23","44","100","318","¥ 5,439","","1","B0F3X4S5VS","B0BSMRGDSN","41.4","21.8","15.6","5100"
"【箱売り】ダイヤテックス パイオラン 塗装・建築養生用テープ Y-09-CL 38mm×25m(36巻入り)","26","76","","961","¥ 14,035","","2","B0BSGFTMN4","B0B8MTHHMK","35.7","25.7","24.7","6100"
"ショーワグローブ(Showaglove) 【ニトリル手袋・ケース販売・1,000枚】 No.882 ニトリスト・タッチ 100枚入 ブルー LLサイズ 10函 左右兼用 食品衛生法適合 パウダーフリー ラテックスフリー","30","45","","4799","¥ 12,560","¥ 12,560","3","B0BSSVPGHP","B0DB26NNNR","29.5","26","25.5","6000"
"セメダイン(CEMEDINE) すきまパテ 不乾性充てん材 白 200g 配管部 隙間 HC-146 10個セット","37","52","","5430","¥ 5,796","¥ 5,796","1","B0919M1QV8","B0DX72W8H1","21.8","18.4","8","2360"
"【anan掲載】 リカバリーウェア 上下セット 《血行促進/なめらかな肌触り》 遠赤外線 快眠ウェア 患者衣 メンズ レディース 敬老の日 ギフト","39","65","400","460","¥ 8,982","","1","B0GKM2LL4M","B0H41V9QGR","30.1","28.4","5.3","610"
"シチズン 超音波洗浄器 SWT710 2つの振動子で強力洗浄 約800ml大容量 過熱防止機能 サーモスタット搭載の安全設計 ５段階タイマー機能","42","57","3000","3778","¥ 7,118","¥ 7,118","20","B01835WAB0","B0H7VVHHPN","25.8","17.3","17.1","1610"
"ショーワグローブ 【ケース販売・120双・ニトリル背抜き手袋】No.370 簡易包装 組立グリップ グレー Sサイズ 10双入×12袋","48","58","","2434","¥ 38,341","¥ 38,341","2","B0CFT829RK","B0CMPZQVMK","48.4","32.9","17.4","3940"
"スリーエム(3M) スコッチ マスキングテープ 建築塗装用 243J Plus 中箱 50巻 黄色 24mm×18m 243JDIY-24BOX","48","50","","4879","¥ 5,560","¥ 5,560","5","B0B291X2RQ","B0FKSBYKV4","28.5","13.5","12","1940"
"[Duerfusa] ニトリル手袋 ゴム手袋 使い捨て 4000枚 法人向け 食品衛生法適合 粉なし ニトリルグローブ 日本企業 調理 キッチン 掃除 作業 病院 介護 検品 食品加工 園芸 強耐久 強伸縮 耐薬品 耐油(4000枚入/ブラック/M)","58","42","","1829","¥ 49,500","","1","B0D1XK77G3","B0CQQS6SPX","33","24","2.6","930"
"ショーワグローブ 【ケース販売・透湿防水】 No.281 テムレス Mサイズ ブルー 120双","65","51","","","¥ 66,065","¥ 66,065","4","B0CG165X8D","B0HFZ9229L","58.4","53.7","37.2","7060"
"セキスイ フィットライトテープ 緑 25mm×25M 60巻入","66","23","","88","¥ 10,234","¥ 10,337","2","B00DZG3O5O","B0BZHQ9BPD","41","28","27","14000"
"【箱売り】寺岡製作所 TERAOKA NO.4140 Pカットテープ 建築・塗装養生テープ 若葉 50ミリX25M(30巻入り)","67","66","","2028","¥ 10,690","¥ 10,690","3","B00EI69NEG","B0G4QG2WNR","35","27","24.5","6370"
"GUARD SHIELD グリーンシート #3000 厚手 ブルーシート 防水シート ハトメ付き 屋根 防水屋外 5.4mx7.2m 約24畳 UV ターポリン","83","53","","909","¥ 5,199","","1","B0D9LBMFVP","B0DC9M59CF","37.7","30.3","17.5","5650"
"平台車 連結できるラクゴロ 18 ホワイト 10個セット 日本製","85","50","","30","¥ 11,665","¥ 11,665","1","B0D6Y65CBK","B0D2XBS6L5","36.8","34","21","4710"
"除菌消臭剤A2Care (詰替え用4L_MA-T配合)日本製 アルコールフリー 無香料 無臭 低刺激","92","11","100","2305","¥ 8,990","","1","B019REDAUQ","B0BYLZD4J7","27.5","21","14","4350"
"オーム(OHM) デジタルクランプメーター｜オーム電機 TCM-400AB 06-5409","96","54","","4786","¥ 10,800","¥ 12,200","5","B0GWDDQW9W","B0H2VGB85V","26.4","15.7","5.2","310"
"eSUN PLA ベーシックフィラメント 1.75mm 3Dプリンターフィラメント 高速PLA 高速印刷用 1kgスプール (2.2ポンド) 3Dプリントフィラメント 高速3Dプリンター用 オレンジ","98","57","","297","¥ 20,048","","1","B0CX1D7DW4","B0D5JWZM6K","21.5","20.6","7.5","1340"
"【夏の換気・熱中症対策】SwitchBot CO2センサー 二酸化炭素濃度計 温湿度計 アラーム - スイッチボット デジタル 大画面 高精度 CO2測定器 快適指数 天気予報 時計 卓上 カレンダー スマホ連動 アラート通知 グラフ記録 スマートホーム Alexa Google Home Siriに対応","100","78","1000","1235","¥ 6,780","¥ 6,780","1","B0DBLKNYPY","B0GXJXDTH8","13.8","11.5","3.6","210"
"ボックスバンク ダンボール 宅配 160サイズ 20枚 二つ折り 【58×48×46cm】 高強度 EMS FBA納品 FD36-0020-a3","100","61","","994","¥ 9,339","¥ 9,339","1","B0FQ9ZDT8K","B0FQN12ZQZ","94","58","20","12000"
"古藤工業 Monf No.822 NEW快適養生粘着テープ ピンク 幅50mm×長さ25m 30巻入り [マスキングテープ]","104","62","","427","¥ 10,377","","3","B01B16KX8A","B01LXQYLHJ","34.4","28.4","23.8","5360"
"トラスコ中山(TRUSCO) 薄型折りたたみコンテナ 収納ケース 収納ボックス 5個【ケース販売】 530X363X65mm ロックフタ付 40L ダークブルー TR-C40B-DB","105","59","","5174","¥ 9,925","¥ 9,925","1","B0C4TJ1PY4","B0D7C6XR68","60.5","53","10.8","10600"
"ストリックスデザイン ガムテープ 布 日本製 30個セット〔ケース販売〕 25m巻 幅5cm 茶 布テープ 梱包用 手で切れる 文字が書ける 重ね貼り HD-338F","108","59","50","455","¥ 9,880","¥ 9,880","1","B073TXVQMS","B0H2VLXD3R","36.8","26.4","24.8","9260"
"[ネセクト] 保護メガネ 安全ゴーグル 軽量 曇らない クリア ポリカーボネート製 側面保護 安全対策 感染予防 防護 防塵 DIY作業 セーフティーグラス [日本国内企画品](96個セット","115","58","","1972","¥ 27,840","","1","B0DQJPBMQJ","B0C4N9P841","50.3","40.8","31.5","6070"
"ボックスバンク ダンボール 引っ越しセットLL（3～4人用）●箱（大・中）30枚、布団袋、ボーガスペーパー、梱包テープ ZH11-0030-a3","116","55","","65","¥ 6,760","¥ 6,760","2","B0B7J619XY","B0FSQVSSCH","79.7","68.5","27","15460"
"[SANYU] ニトリルグローブ ニトリル手袋 使い捨て手袋 青 ブルー 白 食品衛生法適合 0.07mm 粉なし 左右兼用 調理 掃除 毛染め 介護 病院 100枚 1000枚 (ブルー, L, 10箱（100枚×10）)","130","29","","57","¥ 13,000","","1","B0H7JDSHKY","B0H82PGGWF","21","11","5.8","400"
"ショーワグローブ【ケース販売・防寒手袋・天然ゴム滑り止め】GW343 防寒ライトグリップ Sサイズ レッド 60双","142","46","","166","¥ 45,212","¥ 45,212","1","B0DPWPY9M3","B0CKVP98J5","56.2","32.3","19.5","4620"
"ナカトミ 45cm 業務用扇風機(工業扇) スタンド型 スピンナー式(羽根簡単取付) 3段階風量 左右首振 上下首折 高さ115~133cm 工業 扇風機 QSE-45","143","60","1000","1144","¥ 6,980","¥ 6,980","1","B07P7FF6TX","B0GY7JKTFS","54.7","52.5","25.2","7490"
"Bambu Lab PETG ベーシックフィラメント 1.75mm 1kgスプール - 丈夫で耐久性のある3Dプリンターフィラメント、高温耐性、低歪み、Bambu LabおよびほとんどのFDM 3Dプリンターに対応 ミスティブルー (30108) - スプール","144","22","","","¥ 9,423","","1","B0H6GRMJ19","B0GTQ4G3RG","22","7","7","1356"
"イーサプライ 脚立 折りたたみ 3段 耐荷重160kg スチール製 重量5.3kg クリームベージュ EEX-KYA3BG","148","62","50","2218","¥ 5,380","","1","B0BNHLR66T","B09KC32WWN","98","42","8","6000"
"BURTLE バートル エアークラフト2026年モデル ファンユニット オーシャンブルー AC10-2 99 F","150","60","200","125","¥ 6,300","","8","B0G62RFNKW","B0G6SVXF4C","28.9","12.9","5.2","370"
"【業務用 大容量】 NANOX one (ナノックス ワン) 洗浄プラス 10㎏ 洗濯洗剤 詰め替え 濃縮 液体 衣類用洗剤 黄ばみ除去","154","72","50","4","¥ 7,440","¥ 7,856","6","B0FMRLBDN9","B0GHVG3FDX","25.1","24.8","23.6","10480"
"Bambu Lab A1 mini 3Dプリンター 高速高精度 自動調整 初心者向け 日本語UI対応 造形サイズ：180×180×180mm³","155","90","1000","1236","¥ 29,900","","1","B0CRYJBKQQ","B0CS5CPY3L","45.5","43.8","38.6","7212"
"ELEGOO 高速 PETG フィラメント 1.75mm 黒色 印刷速度600mm/s対応可能 RAPID PETG フィラメント 3D プリンター用フィラメント 寸法精度±0.02mm ほとんどのFDMプリンターに対応 (1KG/スプール 2.2 lbs)1KG*4","155","60","","364","¥ 5,694","","1","B0F4QSTP9C","B0CYQ14HQV","41.5","21.9","15.9","5110"
"ニチバン 養生テープ フィルムクロス テープ 50mm×25m巻 半透明 30巻 1840-50AZ30P","159","59","50","4345","¥ 13,000","¥ 13,344","5","B08C5FSF5Z","B0DV5BGBHK","36","27.2","24.4","6360"
"KURE(呉工業) 5-56 無香性 3.785L 防錆・潤滑剤 1147","163","36","","2370","¥ 5,563","¥ 5,563","1","B00CL339RK","B0G3LFLRVB","24.6","18.2","10.8","3500"
"【ケース販売】キムワイプ S-200(200枚×72箱)|研究・工場向け 低発塵紙ワイパー 62011 クレシア製","162","40","","4621","¥ 11,500","","7","B071F3KQJ8","B09MCV1LM9","58","54","38","11000"
"eSUN アップグレード版 マット PLA フィラメント 1.75mm 4個セット 艶消しカラー マット質感 マットライトカーキ","166","11","","14","¥ 6,999","","1","B0GSCN87D7","B0BFDQ4W5Q","41","21","15","5000"
"コニシ(KONISHI) ボンド バスボンドQ クリヤー 50ml #04888 10本入り","168","68","","7","¥ 5,667","¥ 5,667","2","B00W10C6KO","B01MFA56CP","23.2","19.8","12","900"
"【anan掲載】 リカバリーウェア 夏 半袖 上下セット 《血行促進/なめらかな肌触り》 遠赤外線 プロフェッショナルアパレル メンズ レディース","170","49","400","113","¥ 8,522","","2","B0H1D767VZ","B0H4D2N8ZB","30.9","26.8","4.9","550"
"3M マスキングテープ 建築塗装用 2899 30mm×18m 4巻X10本 2899 30X18","180","72","","594","¥ 6,109","¥ 6,109","1","B0728C5FDC","B0728KSFJW","29.3","13.8","12","1890"
"3M スコッチ 超強力両面テープ 耐熱用 幅19mm長さ4m SHR-19R (× 5)","182","21","","","¥ 6,545","¥ 6,545","","B0DP4J3H7Q","B0FXGTRRRV","13.4","12.7","2.2","350"
"コニシ 【箱売り】 ボンド 裁ほう上手 水性ウレタン系接着剤 スティックタイプ 6ｍｌ 10本入り 白","185","63","","7","¥ 5,217","¥ 5,217","1","B0B5QQ84ZL","B0BNMFS5N9","19.7","13.8","8.9","360"
"KURE(呉工業) シリコン ルブ DX 420ml×20本 滑走・離型剤 ケース販売 4020","186","69","","","¥ 12,964","¥ 12,964","1","B0F3JHYCN1","B0G3LFSR3R","37","30","23","7880"
"ボックスバンク ダンボール 引っ越し 段ボール箱 宅配 60サイズ 200枚セット FD08-0200-a","187","46","","731","¥ 11,400","","1","B07G76WC55","B07NYYVS4L","120","50","45","20000"
"アイリスプラザ 台車 折りたたみ 軽量 静音 耐荷重 キャスター 150kg ブラック","188","61","","496","¥ 5,160","","4","B01ASLELIM","B0FQNBQQ72","98","47.6","8.6","7820"
"山善(YAMAZEN) 家庭用平台車 28.5×41cm【4台組お得セット】耐荷重50kg 軽量0.8kg 連結機能 エラストマーキャスター 台車 平台車 コンパクト 軽量 ダークブラウン HCL-E38(DB)E*4","189","79","100","839","¥ 5,874","¥ 5,874","3","B073JC5WM7","B09SZD27X4","43.8","33.4","19.5","3500"
"古藤工業 Monf No.8015 布粘着テープ 黄土 厚0.2mm×幅75mm×長さ25m 24巻入り","193","21","","840","¥ 12,470","¥ 12,470","1","B01B16L2EY","B0CLV7NFB3","37.1","32.9","25.4","12210"
"こまわり君(新型) 600X390 ブラック","198","73","50","23","¥ 5,345","¥ 5,345","10","B0FDQXQR2J","B0FQJN1HKW","81","39","13","4700"
"TRUSCO(トラスコ) ノンスリップマット 90X1000cm 青 TNSM9010B","199","65","","855","¥ 8,505","¥ 8,505","18","B06X19L3BJ","B0CCYDBFCJ","91","15","9","4750"
"セメダイン JISシリコーンシーラント 8060 プロ 330ml アイボリー 10本","202","52","","1330","¥ 5,727","¥ 5,727","2","B00DFVELD8","B0D5YW626Q","29.8","25.8","10.8","4218"
"トラスコ中山(TRUSCO) 薄型折りたたみコンテナ スケルコン スケルトンコンテナ 収納ボックス 収納ケース 5個【ケース販売】 364X262X76mm フタ無し 20L 透明 TR-S20-TM","205","55","","1196","¥ 6,362","¥ 6,362","1","B0C4TH14WY","B0D7GXR2FP","43.7","36.4","12.7","5700"
"TARPAL ＃5000 グレー ブルーシート超厚手6m×6m UV 防水シート ハトメ付き","215","45","","337","¥ 9,700","","1","B0GFWDS5H9","B0DXXBBY7C","54.1","42","16.6","8300"
"TRUSCO(トラスコ) 建築塗装用マスキングテープ 幅30mm長さ18m 4巻入 イエロー MTA-3018-4-Y × 10PK 【ケース販売】","220","37","","667","¥ 8,394","¥ 8,394","1","B0B5ZKRF9T","B09NWPVTMW","30","23.8","12.5","2030"
"LOCTITE(ロックタイト) 多用途補修パテ 2本パック 48g×2 DHP-482 10個入り","218","50","","2","¥ 12,909","¥ 12,909","2","B00W987HB6","B0C5Q428R7","33.3","20.2","9.7","1522"
"WD-40超浸透性防サビ剤 MUP BULK 20L WD40 MUP BULK 20L","223","57","","899","¥ 25,609","¥ 25,609","3","B0BMPP2CZV","B0C5M367T2","38","29","29","17880"
"LOCTITE(ロックタイト) 強力瞬間接着剤 ブラシ付き 多用途 5g LBR-005 10個入り","233","58","","7","¥ 5,460","","1","B00W99L74I","B0D22RCRTS","22","16.8","8.2","360"
"【箱売り】ダイヤテックス パイオランクロス 養生用テープ 緑 100mm×25m 18巻入り Y-09-GR","233","65","","2544","¥ 14,561","¥ 14,561","5","B00DZG3L34","B0CT33RV55","35","31.2","25","8100"
"ctunk NFCタグ シール 電子タグ RFID用品 (NTAG215/504バイト) IOS対応 android対応 (ホワイト, 100枚)","234","56","","655","¥ 5,220","","1","B0GCM6222Q","B0CCRN81TG","14.8","10.4","1.3","30"
"古藤工業 Monf No.890 カラー布粘着テープ ピーチ 厚0.22mm×幅50mm×長さ25m 30巻入り","243","34","","563","¥ 13,511","¥ 13,511","1","B01B17CVL6","B01M1NJA7P","38.4","28.6","26.6","11000"
"VT COSMETICS CICA Reti-A デイリーマスク 30枚","264","10","","353","¥ 6,263","","1","B0CPY947XM","B0BGRG6W7V","12.8","11.2","9.9","580"
"[MARUGO(マルゴ)] 地下足袋 祭りたび エアークッション エアージョグV(ファイブ) 6枚 2E 2011102 ホワイト 27 cm","248","68","100","776","¥ 5,210","¥ 5,872","9","B07Q86CR99","B09SHD7VSL","30.2","11.3","9.4","630"
"白十字 モイスキンパッド1530 15×30cm 1枚×30袋 火傷 傷あと 一般医療機器","251","72","100","977","¥ 5,246","¥ 5,246","20","B0023DEWMY","B0CPPG1TYB","26.3","21.9","15.7","740"
"BURTLE バートル エアークラフト 2025年モデル ファンユニット(※2024年モデル リチウムイオンバッテリー互換性あり) ブラック AC09-1 35 F","267","60","800","249","¥ 5,780","","20","B0DV2XT1NR","B0DTYBJCJC","29","13","5.2","380"
"ボックスバンク ダンボール 引っ越し 段ボール箱 宅配 80サイズ 120枚セット 三辺合計70cm FD07-0120-a 強化材質","272","55","","531","¥ 10,440","","1","B07G74V1ZC","B0CPHCRVJ4","72","55","38",""
"セメダイン 変成 シリコーンシール 多用途 外壁 内装 屋根 333ml ブラック SM-207 10本入","273","58","","1398","¥ 7,889","¥ 7,889","3","B00EY6XNUA","B0FWC6NS81","33.6","26.8","10.8","5560"
"モリリン ブルーシート レジャーシート 2枚セット イメージシートブルー #3000 厚手 3.5×5.3m ポリカーボネートハトメ 使用目安約1年","276","55","","1239","¥ 5,987","¥ 5,987","1","B0BCPJGSY5","B0G7BPDPWL","39","39","27","5700"
"Sakugi アイアンラック 5段 幅84×奥行31.7×高さ182.7cm ブラック","281","41","","3695","¥ 6,499","","1","B0GS4Z5RDB","B0DDXBL498","44.4","34.4","18.7","6920"
"エアコン洗浄剤 カビホワイトのエアコン洗浄スプレー 18kg入り 高濃度(20倍希釈可能) 低発泡アルミ防錆剤配合 業務用油脂除去 プロ仕様 ビーワンショップ","290","55","","274","¥ 17,800","","1","B0F7RD3ZPT","B0F7RDY5Q3","30","30","30","19000"
"四段 铝 黑 4段 脚立 折りたたみはしご、アルミ製広い滑り止め付きステップと便利なハンドグリップ、軽量、折りたたみ可能、ステップは耐荷重150kg。家庭やオフィスに最適","302","54","50","30","¥ 9,899","","1","B0D41P6S5F","B0H2JJV3ML","118","47","6","5500"
"【カッパコート】 水まわり 撥水コーティング 詰替パック 1L [毎日使える！重ね塗りで被膜が育つ コーティング剤] 濡れたままOK 抗菌 シリコン [ 洗面台 シンク 蛇口 トイレ 鏡 お風呂 キッチン ] 防汚 防水 水垢防止 ツヤ出し フッ素不使用 掃除用洗剤（ 蛇口やパッキンなど可動部OK） (詰替1L)","306","66","","30","¥ 5,382","","1","B0DLNTC9HG","B0G58P1FZX","26.9","16.6","7.7","1030"
"【箱売り】コニシ 強力補修テープ ストームガード つや消しタイプ 30mm幅 10巻入り 屋外用 高耐久","307","50","","4886","¥ 7,703","¥ 7,703","1","B0DKW7RJ53","B0DV5BCX3Y","22.5","21","11","780"
"セメダイン(CEMEDINE) 木工用接着剤 速乾 スタンドパック 業務用 1kg AE-332 12本セット","309","51","","","¥ 11,668","¥ 11,668","1","B093WDN4TG","B0DBL6M6S9","43.7","33.5","28.6","13030"
"【箱売り】家庭化学 配管穴埋めパテ グレー 1kg 20個入り 充填材 しっくい 木 金属 モルタル コンクリート 壁 エアコン配管部 スキ間 耐久性 防水性 非硬化性 難燃性","325","61","","1400","¥ 10,453","¥ 10,453","1","B0D7L4X665","B0D7LMM52V","43.9","24.8","15.6","20740"
"【Amazon.co.jp 限定】HIOKI 日置電機 3244-60 (テスター デジタルマルチメーター DMM) カードハイテスタ 日本製 電圧 抵抗 導通 電気 測定 小型 エコパッケージ梱包 （限定特典 オリジナルステッカー 同梱）","326","77","300","114","¥ 5,200","¥ 5,200","1","B0F61T7RBC","","15.8","8.2","2.2","110"
"Bambu Lab PLA ベーシック フィラメント 10巻 1.75mm ±0.03mm RFID対応 10kg スプールなし ブラック","328","72","300","","¥ 26,000","","1","B0FWR8R6N2","B0D5LTZDGC","39","34","19.5","12500"
"コニシ(KONISHI) ボンド ウルトラ多用途S・U クリヤー 120ml #04593 5本入り 超強力接着剤 業務用 弾性接着 多用途 透明 強力接着 高性能 屋内 屋外 スピード","329","65","","8","¥ 6,760","¥ 7,279","3","B00W10ER60","B0CJWWBTYD","25.6","19.6","4.4","900"
"シンワ測定(Shinwa Sokutei) 土壌酸度(ｐH)計 C ロング電極測定コンディションチェック機能付 72795","330","72","","21","¥ 5,624","¥ 5,624","25","B0B21GJMP4","B0CBS48GJQ","46","10.5","5.4","210"
"[lifning] 安全帯 フルハーネス JIS新規格適合 ハーネス フルハーネス安全帯 新規格 セット 墜落制止用器具 サイズ調整可能 (ブラック ショルダーパッドを含む)","332","79","50","39","¥ 5,678","","1","B0DMSM77BP","B0D4Z87KTR","30.1","24.9","13.9","3350"
"JOYMOOP モップとバケツセット ハンズフリー モップ 拭き掃除 フラットフロア用 フローリング 床拭き対応 水拭き対応 絞り器付きフロアワイパー 洗えるマイクロファイバーパッド5枚付 乾湿両用","337","67","50","23630","¥ 5,399","","1","B0BSL6S4HG","B0GR5B7397","39.3","23.8","19","1890"
"【不織布ウエス】 日本製紙クレシア ワイプオール X70 クロスライク 60575 50枚×18パック (ケース販売)","341","70","","950","¥ 16,200","¥ 21,089","6","B08FSY2157","B097MLQ3LS","55.6","37.8","31.4","9940"
"eSUN PETG フィラメント 1.75mm 4個セット (ホワイト×2 & クリア×2) 寸法精度±0.05mm 1kg/巻 合計4kg","343","47","","2","¥ 5,414","","1","B0GXKFLTHJ","B0H4ZFPGFR","41.7","21.8","15.1","5130"
"ニチバン 布テープ 50mm×25m巻 30巻 102N6-50AZ30P 黒","377","62","","2007","¥ 15,904","¥ 15,904","2","B00WYNWN88","B0DV5B6J5M","39.6","27.4","26.6","9520"
"ELEGOO PLAプラス フィラメント 1.75mm 3Dプリンター用フィラメント 寸法精度 +/- 0.02 mm 強靭で高強度 PLA+ ほとんどのFDMプリンターと互換性がある (1KG/Spool, 2.2 lbs) 黒色*2&白色*2","349","57","","242","¥ 5,839","","1","B0F43XXPGY","B0CKPL1SQ8","41.2","21.7","16","5050"
"ボックスバンク ダンボール 引っ越し 段ボール箱 宅配 100サイズ 100枚セット 2梱包 FD06-0100-a2","356","60","","1135","¥ 12,065","¥ 12,065","2","B0BHYFTDDZ","B0CP3DYQPW","65","55","30","18000"
"[ミドリ安全] フラットメット3 折りたたみ 携帯型 ヘルメット ABS製 SCT29B KP付 箱入 グリーン/ブルー","365","57","","109","¥ 5,626","¥ 5,626","3","B0FJJXF2KD","B0HB3W2HKQ","30.3","21.4","8.1","520"
"感熱ロールペーパー(サーマルロール紙) 80mm幅×外径80φ×内径12mm 30巻","368","16","","201","¥ 5,680","","1","B0DKHQF559","B0HG8ZGNDQ","36","29","23.5","10900"
"【Amazon.co.jp限定】超音波洗浄器 強力洗浄 73800Hz高頻度 眼鏡洗浄 アクセサリー 過熱防止機能 安全設計 サーモスタット 指輪 タイマー機能 花粉症対策 超音波洗浄機 メガネクリーナー メガネ洗浄機 強力振動","370","64","1000","107","¥ 5,579","","3","B0H4VTX729","B0H8VVVVN1","22.6","10.3","9.7","660"
"セメダイン JIS シリコーンシーラント 8060 330ml ブラック 10本","371","44","","737","¥ 7,300","","1","B00DFVEF4I","B0D5YXV121","29.8","25.6","10","4200"
"EUHOMY 製氷機 家庭用 【高速製氷 自動洗浄機能 】コンパクト ハンドル付き 日本語パネル 氷バスケット 小型 ミニ製氷機 大容量水タンク 透明窓 取り扱い簡単 軽量 6.2kg 静音 自動停止 ポータブル アイスメーカー ふたり暮らし用 コンパクト 製氷器 氷つくり機 日本語取扱説明書付き ブラック","373","71","1000","26322","¥ 8,996","","2","B0F53T3XD8","B0CJNCFB1J","31.8","31.7","25.5","6060"
"イーサプライ アルミ足場台 洗車台 2段 高さ50cm 耐荷重150kg 天板76cm×30cm 折りたたみ シルバー EEX-KYA20","375","65","100","473","¥ 6,100","","1","B0CNCSLQ3R","B0DDKQKKDL","80","42.5","17","4280"
"TARPAL ブルーシート防水＃2000 中厚手 7.2m×9m ビニールシート ハトメ付き アウトドア レジャー 養生 災害対策 大雨対策","383","54","","98","¥ 6,970","","1","B0DXR8M745","B0G4KHR1LC","41.4","31.6","19.9","6850"
"TRUSCO(トラスコ) 気密防水パッキンテープ 15mm×50mm×2m TWST-1550 × 10巻 【ケース販売】 ブラック","386","64","","681","¥ 16,364","¥ 16,364","1","B0B5ZL1Y2P","B0CF9C4T2M","53.5","19.5","18.5","1800"
"アイリスオーヤマ 段差 スロープ プレート 幅 60cm段差 10cm NDP-600E グレー + 段差 スロープ プレート コーナー用 段差 10cm NDP-270CE グレー","399","64","","8","¥ 7,480","","2","B0D316N4HT","B0DDPZ7DDN","60","27","10","7280"
"[Duerfusa] 作業用手袋 スマホ対応 【重い物が軽く感じる吸着力】 背抜き手袋 作業手袋 高ゲージ フィット感向上 立体成型 運搬 引っ越し 倉庫作業 現場 DIY 園芸 清掃 法人 まとめ買い SPIDER-GRIP ブラック (12双/L)","446","0","","","¥ 6,732","","1","B0HG9756KV","B0FL7KPTZ7","28","12","3","36"
"ワコーズ 業務用浸透潤滑剤 RP-C ラスぺネC 業務用 350ml A122 (× 3)","346","33","","1653","¥ 11,439","","","B0H8DT77ZC","B0H8G8GJ5G","20.7","6.3","6.2","1230"
"コニシ 【箱売り】 ボンド ウルトラ多用途SU プレミアムソフト クリヤー 25ｍl 10本入 超多用途 強力接着 プラスチック 屋内 屋外 凹凸面 水回り","407","53","","5","¥ 7,667","¥ 7,667","1","B0BGN3X6PY","B0CJX31T4B","19.6","17.6","10.6","600"
"タジマ 新規格安全帯 胴ベルトLサイズ 黒 BWBL145-BK 長さ145cm 衝撃や耐久に強い鍛造ワンタッチ黒バックル 腰の強い特厚ナイロンベルト","411","78","50","1218","¥ 5,200","¥ 5,200","26","B07NDKQD13","B0BHWFD33Y","28","10","5.6","460"
"トラスコ中山(TRUSCO) 新型カルティオ 樹脂製運搬車 樹脂 台車 折り畳み黒 780×490mm 自重6.8kg 軽量 MPK-780-BK","413","72","300","196","¥ 10,800","¥ 11,766","23","B0CPFKBDWX","B0FQJLH8SR","85","52","30","6900"
"【まとめ売り10パック】3M 作業用手袋 コンフォートグリップグローブ, イエロー, Mサイズ, GLOVE-YEL-M-10P","424","60","","1690","¥ 6,600","¥ 6,600","1","B0FDKBYHPH","B08YZGYF6J","20","20","20","500"
"SOLEJAZZ 連結平台車 台車 4個セット 耐荷重 200kg 27×40cm 縦横連結可能 キャスター付き 滑り止め 軽量静音 固定ロープ付き","433","84","50","582","¥ 6,790","","1","B09Z6J6FS9","B09Z62T92T","43.2","28.2","16.1","7090"
"ニトムズ 配管保護テープ フラットタイプ No.303 白 50mm×18m J7072 100巻入り","444","63","","332","¥ 30,752","¥ 30,752","2","B00XL4U9B2","B0DLGVSD6X","36","31","28.4","19780"
"TINYMATCH 水漏れ防止テープ 20cm×10m 超強力 屋外 耐熱耐低温 高粘着性 トタン屋根 防水用ブチルテープ 雨漏り補修テープ 強力水漏れ補修テープ コンクリート プール","527","62","","526","¥ 5,180","","1","B0CKSVRPZV","B0BR21WTGK","21.1","14.9","14.3","3570"
"【工事不要】ナカトミ(NAKATOMI) スポットクーラー ツインダクト 業務用 (排熱ダクト付き) 100V エアコン パワフル風量(冷風弱・冷風強・送風強・送風弱) 4Lドレンタンク付 除湿水排水 キャスター付き SAC-612NG ホワイト","448","52","500","72","¥ 72,800","¥ 72,800","1","B0BWR3F2J9","B0FG28V71G","111","53","48","41000"
"TRUSCO(トラスコ) ブルーシート #2000 2.7m×3.6m BS20-2736 × 20枚 【ケース販売】","467","33","","843","¥ 25,455","¥ 25,455","1","B0B3HXG1MQ","B09VDPX3PP","60","40.5","20","20200"
"VECELO 台車 折りたたみ式台車 手押し 耐荷重150kg 軽量 コンパクト 折りたたみ 大容量 簡単組立て 6輪 ブレキー付き キャスター付き ブラック 家庭用 業務用 運送 運搬","594","65","","14","¥ 5,180","¥ 5,180","1","B0FR1B4S53","B0FVV73JX2","45","32","13","4100"
"熱収縮チューブ φ 40mm 絶縁チューブ 収縮比率約 2 ： 1（ 40ミリ → 20ミリ ） （内径） φ 40mm × 30m 黒 ブラック","476","68","","432","¥ 14,890","","1","B0BTV9VRFS","B09SYJVF62","45","28","7","2300"
"和香 PSB 光合成細菌 簡単 培養セット 40LのPSBが作れます","480","53","","211","¥ 5,999","","1","B09SZMM7WR","B0C1NJBKJK","28","26","5","4400"
"【Amazon.co.jp 限定】超音波洗浄機 メガネ洗浄機 80000Hz高頻度 5段階タイマー機能 過熱防止機能 安全設計 メガネクリーナー","484","52","700","79","¥ 5,578","","3","B0H6PQJ35L","B0HDQ3JYMW","22.7","10.4","9.6","650"
"ビックツール SK11 丸軸 月光ドリル 鉄工用 9.0mm 5本入 FSSGP5P9.0","521","62","","36","¥ 5,219","¥ 5,219","6","B0DB6TK1PK","B0DB7BGSY3","16.5","6.1","1.2","220"
"ショーワグローブ(Showaglove) 【ケース販売】 No.378Plus ニトローブW+ Lサイズ 60双","497","47","","","¥ 26,150","","2","B093C84NB4","B0B5T5T278","42.1","39.6","28","6100"
"PLA マット3Dフィラメント ネイビーブルー","507","0","","389","¥ 11,081","","1","B0CFV4WLY6","B0D4QYQ3JP","28.9","21.3","15.4","1329"
"3Dプリンターフィラメント乾燥ボックス フィラメントケース 温湿度計付き 耗材収納に便利 防湿保鮮 3Dプリンター用フィラメント専用 (4pcs)","511","77","50","111","¥ 6,649","","1","B0GV811SBD","B0G4RG2NFR","50.5","27","26.2","2800"
"パナソニック(Panasonic) アラウーノフォーム アラウーノ用補充液 ナチュラルフローラルの香り付き 8本セット CH395N","512","69","","327","¥ 8,680","¥ 8,768","3","B0CZRNVFX1","B0CZTBGS76","21","18","12","2400"
"OHM 屋内配線用 Fケーブル 2.0mm×2芯 15m (04-3395)","518","66","","10","¥ 5,302","¥ 5,996","7","B001TVEQE0","B099WSZDZ4","21.1","20.8","6","1734"
"CallToU Wireless Caregiver Pager Call Button Call Bell Medical Alert System for Seniors Patients Elderly at Home 2 Waterproof Transmitters 3 Plugin Receivers","519","67","","1529","¥ 10,588","","1","B077VMC89R","B0GWCWQMVL","14.6","13.2","10.2","422"
"[サラヤ] 【ケース販売】 サージカルマスクF 50枚入×20箱 ホワイト ふつうサイズ 医療用 ASTM-F2100-19 レベル1 (20)","535","69","","667","¥ 7,741","","7","B08P31B8NM","B08P32WHNG","52.6","38.3","22.9","4200"
"ニトムズ 再はく離一般用両面テープ No.5000NS 50mm×20m J1390 6巻入り","539","68","","282","¥ 11,515","¥ 11,515","2","B00XL4MHT4","B01MCUNIYX","33.4","14.3","14.2","2264"
"アイリスオーヤマ 養生 マスカー 布テープ 2800mm×25M 20巻 グリーン M-NTM2800","539","54","","5245","¥ 14,200","","2","B09YVD6G1L","B0B3XQPD3T","50.9","36.1","21.4","12680"
"TRUSCO(トラスコ) セーフティゴーグル 密閉タイプ TSG-100M × 10個 【ケース販売】","540","51","","","¥ 6,774","¥ 6,774","1","B0B5ZK5TR7","B0BSQBZ9SV","28.1","18.4","16.3","920"
"【Amazon.co.jp限定】ユタカメイク#2500 ODグリーンシート 5.4ｍ×7.2ｍ 防水 分別不要プラスチックハトメタイプ","563","21","","8006","¥ 6,313","¥ 6,313","1","B0C23SNGHJ","B0F1V4LKWM","44.7","42.5","10.2","5050"
"AZ(エーゼット) 2サイクル エンジンオイル スモークレス 潤滑油 F033 4L FD 農機具用","558","72","50","127","¥ 6,607","¥ 6,607","2","B00AAR33HK","B0953FQ7T9","27.4","22","11.5","3690"
"TRUSCO(トラスコ) PE平テープ 緑 50mm×500m TPE50500GN × 30巻 【ケース販売】","566","25","","140","¥ 21,303","¥ 21,303","1","B0B5ZKQTVP","B09VDPK1L6","39.5","28","27.5","13800"
"IPIC 防災ヘルメット 折りたたみ オサメット 国家検定合格品 安全 A4サイズ コンパクト収納 備蓄 避難用 (6.1人用46点セット(オサメット付き) ホワイト)","571","51","","","¥ 20,380","","1","B0FGC9FT8D","B0F3NNF3YZ","30","21","4.5",""
"DEEPLEE マット PLA 2.0 1.75mm アップグレード・艶消し美仕上げ・高靭 4kg ブラック/ホワイト/ライトグレー/ベージュ","572","8","","398","¥ 5,985","","1","B0H1WG8Z66","B0H94QMZ1M","41.3","21.1","15.2","4950"
"ホタルクス（HotaluX）日本製　LEDベースライト　40形　逆富士形　150幅　明るさ4000lm（FLR40×2灯相当）　昼白色（色温度5000K）　Ra83　固定出力　省廃材で持ち運びしやすい「ユニット+本体」同梱タイプ　MVDB40015K1/N-8","573","75","200","133","¥ 5,991","¥ 5,991","6","B0B5SHXXMM","B0D3VJ19FV","126.8","16","7.7","2470"
"【Makuakeで話題！】 リカバリーウェア 上下セット 夏 【千円台で始める 一般医療機器】 HeartMark 血行促進 なめらかな肌触り 遠赤外線 ルームウェア 部屋着 着る医療機器 プロフェッショナルアパレル メンズ レディース 高級 ギフト プレゼント 2026 実用的 ブランド 睡眠 快眠 涼しい (ブラック, L（メンズ）)","576","21","50","2","¥ 6,580","","1","B0H82SQMJ4","","28","21","5","500"
"【Makuakeで話題！】 リカバリーウェア 上下セット 夏 【千円台で始める 一般医療機器】 HeartMark 血行促進 なめらかな肌触り 遠赤外線 ルームウェア 部屋着 着る医療機器 プロフェッショナルアパレル メンズ レディース 高級 ギフト プレゼント 2026 実用的 ブランド 睡眠 快眠 涼しい (ブラック, LL（メンズ）)","576","35","50","","¥ 6,580","","1","B0H822GWKR","","28","21","5","430"
"【Makuakeで話題！】 リカバリーウェア 上下セット 夏 【千円台で始める 一般医療機器】 HeartMark 血行促進 なめらかな肌触り 遠赤外線 ルームウェア 部屋着 着る医療機器 プロフェッショナルアパレル メンズ レディース 高級 ギフト プレゼント 2026 実用的 ブランド 睡眠 快眠 涼しい (ブラック, 3L（メンズ）)","576","31","","","¥ 6,580","","1","B0H82PC9QW","B0H82NZ8C5","28","21","5","430"
"【Makuakeで話題！】 リカバリーウェア 上下セット 夏 【千円台で始める 一般医療機器】 HeartMark 血行促進 なめらかな肌触り 遠赤外線 ルームウェア 部屋着 着る医療機器 プロフェッショナルアパレル メンズ レディース 高級 ギフト プレゼント 2026 実用的 ブランド 睡眠 快眠 涼しい (ベージュ, LL（レディース）)","576","27","","","¥ 6,580","","1","B0H82DVM2G","","28","21","5","430"
"【Makuakeで話題！】 リカバリーウェア 上下セット 夏 【千円台で始める 一般医療機器】 HeartMark 血行促進 なめらかな肌触り 遠赤外線 ルームウェア 部屋着 着る医療機器 プロフェッショナルアパレル メンズ レディース 高級 ギフト プレゼント 2026 実用的 ブランド 睡眠 快眠 涼しい (ベージュ, L（メンズ）)","576","35","","","¥ 6,580","","1","B0H82D8T52","","28","21","5","430"
"長谷川工業(Hasegawa) はしご兼用脚立 脚部伸縮 RYZ-09d 0.72~1.03m (10885)","576","61","","549","¥ 12,660","¥ 12,660","17","B0C6JRF96V","B0GPFDGHTF","81","45","17","6220"
"CROWNFUL 製氷機 家庭用【2026新·業界最小クラス 高速製氷】 自動洗浄 2種類氷サイズ コンパクト アイスメーカー","577","65","300","13829","¥ 8,999","","1","B0GS8SXJZQ","B0DT97WR29","29.5","29.2","23.3","6200"
"【箱売り】セキスイ #740 気密防水テープ黒 50ミリ×20M 30巻入","577","63","","1036","¥ 15,047","¥ 15,047","2","B0CV4X8DQD","B0CV7S3CY4","35.5","26.9","24.7","5810"
"ELEGOO PETGフィラメント 1.75mm ブラック 1KG*4 3Dプリンター用フィラメント 寸法精度 ±0.02mm 1kgスプール(2.2lbs) ほとんどのFDM 3Dプリンターに対応","580","54","","3","¥ 5,269","","1","B0G145741V","B0GCZC14Q4","41.8","21.6","15.9","4850"
"古藤工業 Monf No.8015 カラー布粘着テープ 黒 厚0.2mm×幅50mm×長さ25m 30巻入り","672","54","","266","¥ 13,000","¥ 13,000","2","B01B16KN0I","B01M012WRB","37.2","28","26","9700"
"OVERTURE マット PLA フィラメント 1.75mm 4KG FDM 3Dプリンター用(黒×2+白×2)","596","34","","14860","¥ 6,999","","1","B0FL7GMPNC","B08X18ZR8V","41.7","22.9","15.7","4000"
"長谷川工業(Hasegawa) はしご兼用脚立 (軽量・定番) RC-12c (1.10m) (10941)","597","72","200","1302","¥ 8,048","¥ 9,268","8","B000JQFL2M","B0C8SQMSKW","122","54","20","6220"
"TRUSCO(トラスコ) マジックバンド結束テープ 両面 20mm×30m 白 MKT-20W-W","678","70","","1277","¥ 5,936","¥ 5,936","17","B004OCQUJA","B09W99RQ4X","27.5","27.3","2.4","408"
"[山本光学] 保護ゴーグル YG-6000クイックベルト(ヘルメット専用) キズに強い くもり止め ブラック×シルバー 日本製 紫外線カット 男女兼用","603","70","50","79","¥ 5,000","¥ 5,100","15","B018I571BY","B0H8XV414J","21","11.6","8.9","150"
"GUARD SHIELD ホワイトシート #4000 UV ブルーシート 厚手 防水シート ハトメ付き 屋根 防水屋外 5.4mx5.4m 約18畳","616","76","","228","¥ 5,599","","1","B0DX234NG6","B0DX21BKSP","45.4","32","19.9","5930"
"ANANXING ブルーシート #4000 厚手 防水シート UVカット 遮光 屋外用 3.8m×5.8m","629","48","","177","¥ 5,922","","1","B0DJ57FDW5","B0FFGLSG6C","42","35.5","14","4190"
"無印良品 持ち手の高さを変えられるポリプロピレン台車 幅39×奥行44×高さ62?87.5cm 12823506 台車 折り畳み 軽量","624","65","50","62","¥ 5,996","¥ 5,996","1","B0BRX6RD6H","B0D78KSRMY","60","40","14","3200"
"Bambu Lab ABSフィラメントシルバー1kgスプール。","630","28","","75","¥ 8,634","","1","B0H6GWSWW4","B0CP5G9YGR","22","7","7","1356"
"セメダイン(CEMEDINE) PM165-R HI コンクリート・金属・木材用 接着剤 灰白色 170ml 屋外 プレート 表札 RE-535 10個セット","632","61","","856","¥ 8,636","¥ 8,636","1","B0919DZRB8","B0DBL8F7YV","24.2","23.8","9.8","3140"
"[Hellozebra] 不織布マスク 個包装 耳が痛くない 3層構造 日本認証済み [正規品] 敏感肌 マスク 使い捨て プリーツ型 肌にやさしい 息がしやすい 1000枚","637","23","","6151","¥ 11,990","","1","B08L7MMHSK","B0BTSFDC29","57.6","41.3","24","5710"
"【箱売り】コニシ(KONISHI) ボンド #06118 アロンアルフア光 4g ライトなし 10個入り 接着剤のみ 高速 強力 接着 盛り上げ接着 充填接着 ライト接着 プラスチック 合成ゴム 金属 軟質ビニール","643","54","","89","¥ 14,320","¥ 14,320","1","B0F32KFYC4","B0DSZXSYKZ","23","11","9","278"
"EZPIK® 40"" (Pack of 2) Folding Reacher Grabber Pickup Tool - Claw Grabber Tool for Elderly - Standard Size Trash Picker - Grabber Reacher Tool Heavy Duty","615","58","","13541","¥ 26,719","","1","B087QGGQSM","B0FWBMWCQS","41","15.8","6.4","670"
"Bambu Lab A1 Combo 3Dプリンター AMS lite付き 多色造形対応 高速高精度 自動調整 造形サイズ256×256×256mm³","665","100","200","715","¥ 68,900","","1","B0D17V4SKM","B0D1R82LHL","55","44","43","13000"
"【ケース販売】TRUSCO(トラスコ) 二眼型安全メガネ(スポーツタイプ)レンズシルバーx20個","668","49","","887","¥ 13,030","¥ 13,030","1","B09T37B7JF","B09V189DN6","43.2","16.6","12","764"
"[NEOTRIL] ニトリル手袋 黒 ゴム手袋 食品衛生法適合 粉なし 強伸縮 ニトリルグローブ 調理 掃除 食品加工 園芸 作業(400, M)","752","26","100","764","¥ 5,499","","1","B0CP561VCQ","B0H7RN93WG","25","22.4","12.2","1700"
"TINMORRY Rapid PETG 高速PETGフィラメント 1.75mm 3Dプリンター用 1kg×4 ブラック","672","74","","271","¥ 5,099","","1","B0FWCHMYB5","B0GSDVN8GM","29","22","22","5600"
"eSUN シルクPLAフィラメント 1.75mm シルキーシャイニー 3Dプリンターフィラメント PLA 寸法精度+/- 0.05mm 1KGスプール (2.2ポンド) 3Dプリンター用 3Dプリントフィラメント シルクブルー","677","37","","227","¥ 11,031","","1","B07PDWL5NC","B07SDCRM4G","22.4","21.6","7.8","1330"
"タジマ 安全帯 胴当てベルトCKRX900 長さ900mm 通気性のよい超立体3Dダブルメッシュでムレ防止 ノンスリップメッシュ構造 タジマフルハーネス・サスペンダーと簡単に取付け/取外し可能","682","66","","166","¥ 6,386","¥ 6,386","23","B06ZY9HVGN","B0DV99GLTH","92","12","5","520"
"メカニクスウェア(Mechanix Wear) ファストフィット 作業用手袋 ブラック ミディアム 2パック","685","65","","31","¥ 7,490","","8","B0D82LRDYS","B0CCP3RKFH","29.7","12.1","5.8","150"
"OVERTURE TPU フィラメント 95A 柔軟 1.75mm 2KG FDM用(黒×2)","687","35","","5436","¥ 5,592","","1","B0DRVLXY3H","B08FGCKGZ5","22.9","21","15.5","2500"
"【2026衝撃登場 53V業界超強】ファンバッテリーセット 46500mAh大容量 作業服用 7段階風力調整 最長14時間駆動 2種電圧モード 猛暑・熱中症対策 PSE認証済 日本語説明書付き[日本国内ブランド正規品] (1, ダークブラック)","702","92","500","144","¥ 7,980","","2","B0GS64BC8K","B0HD7LYNMQ","27.2","22.6","5.2","1070"
"ELEGOO 水洗い可能レジン2.0 光造形3Dプリンターレジン 2000g 395-405nm UV硬化3Dレジン ブラック","703","55","","56","¥ 5,439","","1","B0FMF5HWNG","B0DG2819ZF","21.1","16.2","9.7","2270"
"ケロコート KELO-COTE 傷あとケアジェル 帝王切開 手術後 傷あとケア用品 6g - 2個セット","714","58","","1477","¥ 5,600","","1","B0DG1YP4VK","B0DGPH3L5H","9.3","5.1","2.7","40"
"ボックスバンク 【個人宅不可】段ボール 宅配 120サイズ 100枚セット 4mm厚 日本製 引っ越し【45×35×32cm】FD05-0100-a","721","49","","1944","¥ 19,500","","1","B07FYCTLZY","B0CP3CDHVD","80","80","67","20000"
"3M アルミ箔テープ No.AL-50BT 16mm幅 x 20m","917","20","","2642","¥ 5,111","¥ 5,111","1","B014MJUVGM","B081NMW7TP","12.5","11.6","2.1","110"
"【不織布ウエス】 日本製紙クレシア ワイプオール X70 4つ折り 50枚×18パック 60570 (ケース販売)","731","72","","4808","¥ 15,843","¥ 15,843","7","B0716RY642","B0935QYBD1","56","37.8","31.2","10020"
"DEEPLEE PLA+ 2.0 1.75mm 高精度・高靭・ノズル詰防 4kg サンフラワーイエロー/ターコイズグリーン/ベージュ/ブラウン","802","46","","444","¥ 5,623","","1","B0GV4X23WY","B0FPXBGZBJ","41.3","21.1","15.2","4950"
"[エース] ウレタン背抜き手袋 No.1761 ホワイト 100双パック LLサイズ","755","49","","17","¥ 12,512","¥ 12,512","1","B09M6R9LS8","B09M7BQ75H","53.5","36.2","20.6","2910"
"[AI-WILL] 不織布マスク プリーツ型マスク 使い捨てマスク 100枚×10箱(合计1000枚) 大容量 耳が痛くなりにくい オメガプリーツ加工 ふつうサイズ (175×95mm) ホワイト","920","55","","96","¥ 8,598","","1","B0F1TJY1RP","B0F1TJP94V","53","41","11","380"
"3M PELTOR イヤーマフ X5A 国内正規品","768","85","200","1796","¥ 6,357","¥ 6,357","15","B01BHF3Y90","B08X366ZV5","20.6","15.8","11.4","400"
"Sista(シスタ) W927 専用ガン - シスタ発泡ウレタンの専用ガン - SGW-927","770","89","50","29","¥ 9,450","¥ 9,450","13","B002P7MLK8","B0F1F87SX4","35","15.9","5.6","370"
"3M ™ リットマン ® クラシックⅢ ™ ステソスコープ 聴診器 5803 シングルチューブ バイノーラル/成人・小児両用型チェストピース（黒色加工）約69cm/ブラック","771","88","50","174","¥ 14,908","¥ 14,908","4","B08W2W68K8","B0FGJ3T7TS","32.7","16.2","4.4","330"
"【箱売り】APMジャパン 環境にやさしい OPPテープ 中軽量用 48mm×50m 50巻(5巻×10)セット Think ECOLOGY 梱包用 ガムテ","771","60","","106","¥ 8,212","¥ 8,212","1","B0DZXBLGMF","B0FGD4XG9T","50.5","25.5","21.1","6800"
"【ケース販売】 クレシア キムタオル ホワイト ポリパック 50枚/パック ×18パック入 61032","772","70","","97","¥ 8,399","¥ 8,399","11","B071VMJ6B9","B075XM2HWM","52","40","36","9800"
"三和電気計器 SANWA ハイブリットミニテスタ(マルチメータ+クランプメータ) PM33A","774","86","","62","¥ 14,476","¥ 14,476","23","B00A9N6QBK","B0FDWVFWNV","21.1","10.3","3.2","200"
"マキタ(Makita) 充電式洗浄機 18V バッテリ・充電器別売 MHW180DZ","778","99","500","263","¥ 19,817","¥ 19,817","18","B0DWFMFC7J","","45.2","27.6","13.9","2950"
"【交換保証付き】ジュンビーシリンジ｜自然に近い シリンジ法 妊活キット 精液が空気に触れづらい｜日本製 30回分","782","55","","59","¥ 22,400","","1","B0FKMVD4RZ","B0GVMX1QNY","55.6","36.5","10.5","720"
"【現役大工が推薦】After7 バイメタル ホールソー ホルソー 穴あけ 切削 工具 (16, 16mm~100mm16本セット&収納BOX)","793","35","","15","¥ 6,680","","1","B0CGRG7CT2","B0C44N58C5","36.8","18.9","16.2","3480"
"【ケース販売】 クレシア キムワイプ S-200 mini 200枚/ボックス ×72ボックス入 ミニサイズ 精密器具 部品 拭き取り用 紙ワイパー 62015","798","74","","1031","¥ 10,027","¥ 10,027","4","B0722Y2MWZ","B09XHD914Z","58","49","37.5","9650"
"【まとめ買い24枚セット】Belca(ベルカ) 日本製 すのこ あらゆるスペースにぴったり! ジョイントパレット ミニ 20×30cm 24枚セット 幅20.7×奥行30.7×高さ5cm エコブラウン 耐荷重 300kg 組み合わせ自由 省スペース 積み重ね 連結可能 湿気防止 置き配パレット JP-2030BR24","799","71","","120","¥ 10,500","¥ 10,500","1","B0D41R1YPM","B0DF57MCTH","63.7","33","30.6","7840"
"廃番：ビーカー 目安目盛付 3L","815","57","","349","¥ 9,570","","7","B010M6P52O","B06WRNQ39K","36","36","24.2","2880"
"新輝合成 トンボ エコペール ゴミ箱 128リットル 本体 袋止め付き 大型 業務用 グレー 食品衛生法適合 幅42.5×奥行61×高さ68cm EC-120 日本製","715","68","","217","¥ 5,980","¥ 7,288","19","B003A1VMT4","B0CX16Y424","69.3","62","43.5","4000"
"VADANIA #D76 ブラック 超重量用スライドレール 1500mm ロック付き","827","94","100","541","¥ 18,290","","1","B0DLGCW2ZP","B0GT4J37WB","165","9","6","15000"
"ハンディ・クラウン 布コロナマスカー 1100mm×25m 48巻 HCM-002","918","56","","147","¥ 15,057","¥ 15,057","1","B074M7CT7L","B0BP5JRCBL","41.8","31.2","27.3","14980"
"ボックスバンク 【個人宅不可】ダンボール 宅配 100サイズ 100枚セット A3 日本製 箱 引越し【44×34×19cm】 FD17-0001","836","49","","197","¥ 20,400","","1","B07GLBY7D1","B0CP3JHLZG","150","79","54","60000"
"ナカトミ(NAKATOMI) 業務用扇風機 大型扇風機 30㎝ 床置き型 ハンドル付 360度角度調節 風量3段階調節 アルミ3枚羽根 業務用 扇風機 WTF-30 ブラック メーカー保証1年","837","78","100","12","¥ 6,928","¥ 6,928","2","B0DWM81QP5","B0CZXWQX4V","45.7","43.8","20.7","3200"
"ACTIAL 純水器 イオン交換樹脂 洗車 5L (15L (5L×3袋))","944","54","400","215","¥ 10,980","","1","B0FWK1K2KN","B0FWJNVXLQ","38","28","27","14000"
"コニシ 【箱売り】 ボンド Gクリヤー 170ml 60本入 #14341","845","51","","","¥ 78,613","¥ 78,613","1","B0BSGFH4Z7","B01M5DT1ZS","59.5","26","25.5","15500"
"【３M】300LSE 9495LE 超強力両面テープシート (294×147ｍｍ)×2シート 多用途 強力粘着","852","55","","589","¥ 6,980","","1","B01MQ2233E","B01M7UZRBT","32.8","23.6","1.3","380"
"TRUSCO(トラスコ) ゴムロープフリータイプ 17×10m GR-1710F × 20巻 【ケース販売】","857","43","","605","¥ 13,838","¥ 13,838","1","B0B1TXTTR2","B09VDQDCL5","50","22","21.5","11400"
"[フェリーチェ] ニトリルグローブ 黒 ブラック 粉無し 100枚入 【食品衛生法適合】 (Sサイズ 長230ｘ幅86mm) (× 5)","859","18","","607","¥ 7,020","","","B0GTTQLW5S","B0D5GWVZKH","20.5","11.1","6.3","1810"
"[エース] 合成皮革手袋 カワテック AG6430 Lサイズ 10双組","865","48","","7","¥ 10,040","¥ 10,040","1","B0D2CTS9QS","B0D6XMJSD9","30.8","15.8","14","920"
"DAYTECH ナースコール 家庭用 ワイヤレス呼び出しベル 複数場所向け 電池式受信機2台・腕時計型発信機1個・押しボタン2個","801","43","","1202","¥ 5,899","","1","B0GZMZLD2G","B0GVNGXM62","10","10","10","500"
"シンワ測定(Shinwa Sokutei) 放射温度計 B レーザーポイント機能付き 73010","881","88","200","560","¥ 6,055","¥ 6,055","33","B003004HSI","B0BCPV32BH","26.3","13.7","5.6","290"
"【箱売り】APMジャパン エントリー 養生テープ 貼ってはがせる白のテープ 30巻セット 50mm×25m [台風防災 引越し 仮止め 包装]","881","58","","24","¥ 8,605","¥ 8,605","1","B0DFYZLCYR","B0FGD349YC","33","27","22.5","4650"
"ピカ(PiCa) ピカコーポレイション 脚立 はしご兼用脚立 軽量 5段 5尺 140cm アルミニウム シルバー K-150D","900","69","100","737","¥ 11,089","¥ 11,089","2","B00BT8UQHO","B0962NG8SG","150","58","15","5700"
"薄さ0.9mmの電源延長コード【フラットコードキット】 50cm 黒","915","80","50","97","¥ 8,980","","1","B00IODM2C4","B0CSBWPJ8V","13.1","9.7","5.6","180"
"[Ohboy] 折りたたみ台車 400kg耐荷重 平台車 滑り止め荷台 固定ロープ付き 静音360度回転 幅72×48cm","923","87","200","20","¥ 5,740","","1","B0GYX5WRJS","B0H97LTXHK","74.2","51.4","14.2","6730"
"【箱売り】 コニシ ボンド #05898 防水スプレー クイックドライ 300ML (24本入り)","932","24","","37","¥ 32,977","¥ 33,310","2","B0C659VH53","B0CTMF3J16","44.5","30.5","23","8200"
"アイリスプラザ 台車 折りたたみ ブルー 耐荷重 300㎏ コンパクト 軽量 静音 キャスター付き 一度でたくさん運べる スチール製 SLD-H001BL","933","78","50","201","¥ 8,630","","2","B01MQFARD4","B0CQQY9NGV","91.5","62","9","14900"
"10Gtek OM3 マルチモード デュプレックス LC/LC コネクタ 光ケーブル 宅内光配線コード 光ファイバーケーブル 120m","934","21","","140","¥ 7,299","","1","B0CKW2JZM5","B01N0JDVN7","24.2","23.1","7.6","870"
"[SIXPAD] 公式ストア限定 シックスパッド リカバリーウェア スリープ Recovery Wear Sleep (クリアブルー, Free, コンフォートロングシャツ)","939","36","","92","¥ 13,200","","1","B0GT47VN2R","B0G5P7XL68","31.2","24.3","9.8","610"
"VB-COSME- FSX 使い捨て 紙おしぼり アロマプレミアム シトラール 1ケース 600本","943","83","100","44","¥ 16,500","","3","B0CPKQ62BJ","B0CPLBVFMC","53.5","38.5","25.5","14500"
"【ペーパーウエス】 キムタオル スモールポップアップ 150枚×8箱 クレシア (ケース販売) 61441","947","39","","704","¥ 7,200","","9","B07284MMCZ","B071JXJSBZ","24","21","12","800"
"FUTUREFOX 火山灰ガード頭巾 一体型 災害用 曇り止め加工 呼吸がしやすい 視界クリア コンパクト 富士山噴火対策 5枚入り","948","70","400","67","¥ 6,630","","1","B0G1LGZSJ8","","25.3","22.3","2.4","220"
"ハンディ・クラウン 塗装用マスキングテープ 白 幅50mm×長さ18m 10巻入","965","55","","1511","¥ 5,061","¥ 5,061","1","B079FH7DW8","B0BBFXPN95","26.1","12.4","6.2","710"
"[エース] 牛床マジック 12双組 AG441 Lサイズ","966","65","","4","¥ 7,285","¥ 7,285","1","B0D91HRKSN","B0D91PF5PX","24.4","24","11.2","1850"
"ニイタカ(Niitaka) ニューケミクール 油汚れ 強力洗浄剤 4kg 業務用 厨房 洗浄 E-1 4本セット","1497","71","","2382","¥ 8,800","¥ 10,252","3","B0CNSF51DG","B0CP3Z7LB8","42.2","26.8","26.2","17090"
"eSUN PETG+ フィラメント 1.75mm 4個セット 強化版 高靭性 寸法精度 ±0.03mm 3Dプリンター用 合計4kg ブラック","1345","8","","9","¥ 6,699","","1","B0H2ZD32J8","B0H5VCZKXH","42","21","15","5000"
"モリリン ブラックシート レジャーシート #3000 7.1×7.1m 厚手 屋外使用目安約3年 雨よけ 風よけ 野積み ハトメ 30L7272","1241","60","","674","¥ 7,841","¥ 7,841","1","B0D52G6K4W","B0G6ZGJ957","62.2","47.5","15.5","8220"
"eSUN PEBA 85A フレキシブル 3Dプリンターフィラメント 1.75mm 0.8kg (1.76lbs) スプール 高反発・高エネルギーリターン70% 軽量 弾性素材 シューズ・ドローン部品用 グレー","1034","5","","15","¥ 9,999","","1","B0GYLZLRPL","B0D2WFB418","21.4","20.3","7.4","1179"
"[Xinpeke] ファンバッテリーセット 【瞬間冷却x超強力送風】 ペルチェ ファン 業界最大7.5センチペルチェプレート搭載 41400ｍAh大容量 最大42時間連続稼働 PD60W急速充電 90mm服穴径対応 作業服用 暑さ対策 PSE認証済","1018","20","100","11","¥ 9,481","","1","B0H9L8Z6LL","B0HDGZ435Z","27.3","20.3","5.5","950"
"【2026ペルチェ冷却ファン搭載・41400mAh大容量バッテリー】空調ウェア対応 ファンセット 高耐久日本製ブラシレスモーター USB給電式 熱中症対策 90mm服穴径対応 PSE認証済","1018","18","","11","¥ 6,980","","1","B0H6HRXGZT","B0HCY8XHMH","24.4","22.8","5.7","960"
"[ZOVIRA] 脚立 5段 5.1kg 軽量 折りたたみ 手すり付き 踏み台 室内外兼用 スチール製 コンパクト","1026","15","","15","¥ 6,390","","1","B0H9QZCVDF","B0H9QYZJ9J","130","40","5","5500"
"上越 廃油処理 冷めた油用 吸いとるんです 46個入×16パック (ケース販売) 業務用 D-93","1030","57","","502","¥ 7,615","¥ 7,615","1","B078GQPKW7","B075ZQBWZZ","66","46","26.5","8980"
"ストリックスデザイン 使い捨て容器 蓋付き フードボウル 600個 (30個×20セット)〔ケース販売〕 380ml 未晒し バンブー 竹 で作った 中身が見える 重ねて持ち運び可能 テイクアウト容器 おしゃれ 弁当箱 業務用 SD-160","1030","52","","259","¥ 19,580","¥ 19,580","1","B0CLQVMGL1","B0FNKPFDTP","60","56.3","49","9500"
"LOCTITE(ロックタイト) 強力瞬間接着剤 パワージェル 10g、垂直面でもたれることなく使用可能。高い柔軟性をもち、衝撃・振動にも強い、多用途タイプ - LPG-010","1033","53","","666","¥ 5,737","¥ 5,737","1","B00W99LGN0","B0C9YTLT6P","19.8","9.2","8.2","180"
"柴田科学 粉体試薬 DPD法用 徳用500回分（分包タイプ）残留塩素測定器DPD法・AQ-201/101・AQ-201P用 (080540-503)","1034","79","100","240","¥ 6,888","¥ 6,888","25","B01A5A7HAA","B01MYFCWTN","19.6","13.9","12.4","280"
"YICHITA YQD95 医療用N95マスク 個包装 折畳式 頭掛け式 360度3D設計 NIOSH承認 FDA承認 敬老園 学校 病院 介護 職場 通勤など インフルエンザ(100)","1034","59","","228","¥ 9,999","","1","B0CVXJNZLZ","B0CVXFPJ43","36.1","25.5","13.1","970"
"HOMEDANT House 組立簡単 ラミネート棚板 高耐荷重 スチールラック 5段 幅120 奥行40 高さ180 ブラック 頑丈 メタル 収納棚","1048","88","100","483","¥ 16,240","","1","B0CTM7TKRC","B0HDYBR1PP","123.5","42","12.7","31800"
"ZDBB 386個 メトリックFKMバイトンOリングキット 30サイズ フッ素カーボンOリング詰め合わせセット 自動車エンジンシリンダー 油圧配管蛇口用 各種化学薬品耐性 オイルと熱耐性 75デュロ","1050","79","","9863","¥ 7,999","","1","B0BC3Q7XD5","B0HGF4HXBH","29.7","21.5","5.4","739"
"TRUSCO(トラスコ) 平台車 軽量 ルートバンメッシュタイプ 515×3855荷重100kg 連結・スタッキング可能 4輪 オール自在 白 MPK-500J-W × 2【ケース販売】","1336","63","","407","¥ 5,927","¥ 5,927","1","B0C58239KX","B0C9BCXK8J","58.7","45.7","40.4","12600"
"[エツミ] 手袋 作業用 整理用手袋 白手袋 フリーサイズ 綿100% 60双入り ホワイト VE-706-60","754","16","","","¥ 6,600","","1","B089QBPG72","B0DGK8XT7X","33","25.5","23","1300"
"DayPlus 伸縮はしご 最長5 m (16.5 ft) 折り畳み伸縮梯子 多機能アルミはしご 持ち運びに便利 軽量 耐荷重150 kg 室内室外両用 自動ロック 安全ロック スライド式 アルミ梯子 ホームロフトオフィスに適合 日本語説明書","1081","86","50","923","¥ 14,200","","1","B08RXZG18R","B09L6S4VL2","96","48","9","12750"
"セメダイン(CEMEDINE) 3000ゼリー状 速硬化 瞬間接着剤 透明 20g 家具 小物 工作 CA-281 10本セット","1087","43","","67","¥ 10,566","¥ 10,566","1","B0919G6FCZ","B0D1FYQT7F","25.9","21.1","10.7","1160"
"セメダイン UT110 プラスチック・合成ゴム用 高機能接着剤 淡白色半透明 20ml クッションゴム 靴底 面ファスナー AR-530 10本セット","1088","61","","2","¥ 5,414","¥ 5,414","1","B0919G2RLQ","B0DPPL76VB","18.2","11.6","9.2","440"
"ELEGOO 光造形3Dプリンター用 UVレジン 405nm 水洗い樹脂 2000g 光硬化可能樹脂 LCD 3Dプリンター向け スモーキー・ブラック","1088","64","","493","¥ 6,479","","1","B0CYC5RQ1C","B086SFPLXS","21.1","16.2","9.9","2260"
"【箱売り】 カモ井加工紙 ＢＩＧＢＯＳＳ 車両塗装用マスキングテープ 24ｍｍ×18ｍ 50巻","1512","11","","226","¥ 5,500","","1","B07XYT6P6Z","B0BLG6Y9Q7","29.9","13.8","12.3","1990"
"bath&bath 防水テープ 強力 透明 補修 浴室 水漏れ 雨漏り 屋外対応 業務用 幅20cm × 長さ10m 厚さ0.5mm 3個","1096","52","","130","¥ 8,280","","1","B0GWTD99GP","B0GZN4V37G","33","20.1","11.5","530"
"セメダイン(Cemedine) シリコーンシーラント 8090 ライトグレー 330mL SR-147 10本セット","1109","42","","47","¥ 8,243","¥ 8,243","1","B0DPW6D7WD","B0DR1VS8TL","30.3","26.2","10.7","4160"
"ANYCUBIC PLAフィラメント 1.75mm 高精度±0.02mm 目詰まりなし 環境保護素材 FDM対応 4kg （白+黒）","1181","34","","9","¥ 6,999","","1","B0DHS4YHX1","B0FB2LF5QH","40.6","21.5","13.5","5020"
"【箱売り】SEKISUI セキスイ クラフトテープ No.500 75mmX50M (30巻入り)","1116","40","","259","¥ 11,385","¥ 11,500","2","B0CV6WKWPL","B0DNJWS5FX","65.8","26.9","22.9","14100"
"ニイタカ:ニューケミクール(E-1) 20kg 230102","1139","88","300","146","¥ 6,850","","8","B06Y1D8LZK","","30","30","28.5","20000"
"XinSunho 脚立 4 段 アルミ製 伸縮手すり 一体工具トレイ 薄型折りたたみ 耐荷重 150kg","1144","89","200","531","¥ 11,000","","1","B0BNHGWV2Q","B0BNHGZHPS","119","48.5","7","6760"
"ANYCUBIC 光造形 3Dプリンター用 水洗いレジン 2.0 405nm LCD/DLP 3Dプリンター向け 水洗い可能 2kg (透明)","1150","51","","103","¥ 5,699","","1","B0CF88VXBX","B0H5JNDJPP","27.5","21.4","10.9","2400"
"日本ミラコン産業 クロスの補修 クロス型取りなおし3点セット M-503 8個入り ビニールクロス 壁欠け 破け キズ穴 補修 凹凸模様 キズ穴","1152","76","","1874","¥ 6,214","¥ 6,214","5","B014GSJSEA","B0CWV1TSGS","20.3","20","14.7","510"
"ボンド G17 20ml #13021 20本入り","819","45","","2","¥ 5,154","","1","B00W10G0QU","B0BT38VC77","26.6","13.6","5.4","680"
"【箱売り】APMジャパン PRO 電気絶縁用ビニールテープ 赤 19mm×10m 200巻(10巻×20)セット JIS適合 耐熱 防水 防食 絶縁テープ","1293","64","","41","¥ 12,167","¥ 12,776","2","B0DMWFJN3P","B0FGCZMWHL","32.6","26.4","21.5","10000"
"【2個セット】アイリスオーヤマ 段差 スロープ プレート コーナー用 段差 15cm GDP-15C ゴム製 ブラック","1175","50","","8","¥ 5,780","","3","B0D313XQL3","B0DCFFLXHX","63","36","23","11400"
"Jesverty 直流安定化電源新型SPS-12003V（120V/3A） 、0-120V 0-3A電圧電流可変、スイッチング電源、20W USB Type-A & Type-C急速充電、エンコーダーノブ、出力ON/OFFスイッチ、高精度4桁LEDディスプレイ、OCP過電流保護、コンパクト軽量、低ノイズ＆リップル","1186","82","200","98","¥ 9,499","","2","B0DDPVM13R","B0C749F6SK","27.6","20.8","12.9","1560"
"トーヨーセフティー(Toyo Safety) シールド付きヘルメット ヴェンティープラス スチロール入り 紺/スモーク/グリーン (#3標準) No.391F-S-G 形状：アメリカン型 着脱：ワンタッチ式","1173","50","","1100","¥ 5,327","¥ 5,327","17","B004FLFHVC","B01MAZHDC7","29.8","24.6","23.8","700"
"光洋化学 カットエース つや消し 白 50mm×25m 30巻入り TMW","1193","55","","501","¥ 17,523","","1","B076C5LWM8","B0779VGYGW","34.4","27.2","24.8","5580"
"【公式】3Doodler Start+ 3Dペン 低温設計 火傷しにくい 知育玩具 工作キット 6歳から プレゼント 男の子 女の子 正規品","1205","81","200","499","¥ 7,920","","1","B09BLQLYL5","B0GSV9WGPZ","22.4","19","7.2","310"
"ウィード 【洗浄・清掃作業】 作業用手袋 防水 グリップ 天然ゴム LLサイズ AQUA AQ-318L (10双入り)ライトブルー","1410","20","","1","¥ 5,555","¥ 5,555","1","B0BZHHQ481","B09HCPRVKM","31","20","13","940"
"ホーザン(HOZAN) ドリルセット 卓上フライス盤に最適 19本入組:1.0~10.0mmΦ スチールケース入 K-494","1211","38","","1","¥ 13,345","¥ 13,345","23","B004OCQFQS","B074SCF2ZS","17.1","11.4","5.4","742"
"xixi-home 伸縮はしご 伸縮脚立 耐荷重150KG 1.4m 1.7m 2m コンパクト 軽量 自動ロック 自在移動 滑り止め付き ツールバッグ付 折りたたみ 収納便利 持ち運び便利 室内 室外 家庭用 業務用 作業 (1.7m 炭素鋼)","1213","82","50","63","¥ 12,080","","2","B0FGXPC4PD","B0FMRFW3WJ","70.3","47.5","13.5","9000"
"3M デュアルロック ファスナー ミニパック MP-3551CF/52CF, ブラック, 幅25.4 mm x 長さ5 m, 個装","1153","74","","34","¥ 12,000","¥ 13,779","10","B0CX1K31FX","B0D3PYY57C","18.8","18.3","7.3","540"
"ボックスバンク【個人宅不可】 ダンボール 宅配 160サイズ 30枚セット 3梱包 二つ折り 【55×55×40cm】 FD22-0030-a2","1220","49","","432","¥ 15,890","","1","B0BHYFQDZY","B0CP3GRGHS","95","55","16","10500"
"2024年7月発売 ケルヒャー(KARCHER) NT 20/1 Me Classic 業務用 乾湿両用バキュームクリーナー (1.428-551.0)","1224","81","","3","¥ 25,900","¥ 27,390","13","B0DBKVFRQY","B0CQQFLKXB","56","40","38.2","9920"
"ボックスバンク ノートパソコン用 ダンボール 15インチ対応 宅配 80サイズ 100枚セット 梱包発送 段ボール箱 テレワーク FD38-0100","1227","52","","110","¥ 12,200","","1","B0874T7P62","B0B8M8MQ3C","61.5","33","8","5000"
"高森コーキ 米麦水分測定器 米名人 KM-1","1236","58","100","385","¥ 21,900","¥ 21,900","18","B00DM1R5HK","","28.9","14.7","10.4","1190"
"ボックスバンク プチプチ袋 エアキャップ袋 CD梱包 500枚セット 三層品 KF03-0500-a2","1538","48","","132","¥ 6,587","¥ 6,587","1","B0CHFP5GCJ","B0CP78B534","54","40","33","5000"
"TRUSCO(トラスコ) 安心クッション L字型 細 10本入 イエロー T10AC-50","1250","60","","404","¥ 6,973","¥ 6,973","22","B00B4TAX6M","B09PBNQ3QF","94","10","9","898"
"[マルゴ] エアージョグIII6枚 10863 黒(黒/26.5)","1254","59","","359","¥ 5,385","¥ 5,385","7","B007784E9Q","B01AAO4R8G","32.6","12.4","10.2","650"
"セメダイン(Cemedine) かべシール 壁紙用 充てん材 チューブタイプ オフホワイト 500g 屋内 すき間 継ぎ目 補修 SY-038 10本セット","1393","23","","1222","¥ 6,418","¥ 6,418","1","B093WBWNPS","B0GGHJXGHF","31.3","27.5","10.5","5470"
"因幡電工 手から落ちてもほどけない非粘着テープ 120個 ネオピタテープ 50mm×18m アイボリー HS-50-I (120)","1261","27","","328","¥ 54,661","¥ 54,661","1","B00ZWS8YB2","B0779RW5SC","75","75","75","15000"
"AIFY OPPテープ 48mm×100m 54巻 高粘着 梱包テープ 業務用 大容量 強力粘着 防開裂 防剥がし 物流 倉庫 EC発送 大量梱包対応","1265","22","","6","¥ 8,483","","2","B0H5NF91NJ","B0H5PHCQZ8","37","36.9","31.8","13880"
"ショーワグローブ(Showaglove) 【ケース販売】 No.381 マイクログリップ Lサイズ 120双","1266","51","","4","¥ 38,650","¥ 39,372","4","B093C8QJBY","B0CXNYYXY2","53","41.9","24.9","5710"
"ビジコム純正 輸入紙 感熱レジロール紙 58mm幅×外径40φ×内径12mm 芯あり 中保存 200巻 モバイルプリンター･決済端末対応 ST584012Y-200H","1268","63","","65","¥ 13,800","","1","B0D6MWKLG9","B0D6MFNVLZ","46.2","28.2","22.2",""
"SKYBASIC 工業内視鏡カメラファイバースコープHDデジタルボアスコープ4.3インチLCDモニター搭載スネークカメラ8つLEDライト付き IP67防水充電式 20M半剛性ケーブル 適用する室内清掃/管内観察/車修理保養/排水口/設備の点検-黒","1216","80","50","2865","¥ 5,399","","1","B0GQFJZT3V","B0GKGC4PMF","20.2","18.4","9.6","1090"
"セメダイン(Cemedine) 超多用途接着剤スーパーX HYPERワイド 120ml 屋外 プラスチック 凸凹面 AX-177 2本セット","1191","57","","282","¥ 5,826","¥ 5,826","1","B0D9GF9QCQ","B0DC6KND6D","320","24.5","6","90"
"マキタ 充電式ファン羽根径23.5cm白(18/14.4V) ACアダプタ付/バッテリ充電器別売 CF203DZW","1275","84","300","362","¥ 9,192","¥ 9,192","16","B07QYT318J","","55.7","46.3","15.2","2680"
"GENTOS(ジェントス) LED ワークライト USB充電式 【明るさ740ルーメン/実用点灯5時間/耐塵/防滴】 専用充電池使用 ガンツ GZ-X233","1276","82","200","101","¥ 6,500","¥ 6,500","21","B0D32ZLDRD","B0DH7X3F4V","24.9","12.6","5.4","350"
"セメダイン(CEMEDINE) カーペット用布用両面テープ DF3500 30mm×15m TP-270 48個セット","1280","86","","111","¥ 29,707","¥ 29,707","1","B0967D3TZ5","B0977C9R1M","44.9","32.8","31.9","17710"
"[Sarthen] 【日本ブランド·53V超高出力&46500mAh大容量】2026最新 ファンバッテリーセット 日本製ブラシレスモーター 7段階風量調節 2種類モード搭載[正規品]","1283","84","500","76","¥ 7,980","","1","B0GVN19RWB","B0HFJ9CKD1","27.3","21.3","5.3","1060"
"DEEPLEE PLA BASIC リフィル 1.75mm 高精度±0.02mm・低反り・絡まりにくい｜FDM 3Dプリンター用 PLAフィラメント 4KG ブラウン×4","1283","47","","109","¥ 5,575","","1","B0GV4YNC43","B0GT67GNSG","36","18","14","4300"
"Bambu Lab PETG HF (1.75mm、1kg)。","1289","32","","74","¥ 9,107","","1","B0FPKG85B3","B0DPHHBF7V","20.9","20.7","7.4","1340"
"感熱ロール紙 幅80mm×80φ×内径12mm 50巻 長さ64m レジロール シーネット EPSON/CASIO/SHARP/東芝TEC互換 POSレジ用 サーマルレシート 【個包装 / 厚手75μ / ノーマル保存】","1292","75","200","84","¥ 8,680","","1","B01FSG06S6","","41.8","41.4","17.8","17180"
"SKYBASIC 手持ち工業内視鏡カメラファイバースコープHDデジタルボアスコープ4.3インチLCDモニター搭載スネークカメラ8つLEDライト付き IP67防水充電式 15M半剛性ケーブル 男性へのクールな贈り物です適用する室内清掃/管内観察/車修理保養/排水口/設備の点検","1294","60","","473","¥ 5,234","","2","B0GWF1T755","B0H3384VYB","28.1","15.2","7.7","950"
"ボンド ウッドパテ ラワン 120ml #25721 10本入り パテ ひび割れ 穴埋め 下地処理","1299","71","","2","¥ 6,060","¥ 6,121","3","B00VR1J7VE","B01MCW2WSS","25.8","19.8","8.6","2320"
"シンワ測定(Shinwa Sokutei) デジタルはかり SD 取引証明以外用 30㎏ 70032","1416","12","","8","¥ 5,756","¥ 5,756","25","B0C9LQ4MJN","B0CJHLL2LJ","25","25","7","1220"
"ユタカメイク(Yutaka Make) シート #3000シルバー/ブラックシート 5.4×7.2 SLB14","1326","66","","2600","¥ 5,551","¥ 5,551","21","B00I4KQL5G","B0C2CFNLTF","45","38","8","5000"
"グリストラップ 洗剤 グリスとれ～る 1kg 業務用 洗浄剤 油汚れ 悪臭対策 ぬめり 排水溝 飲食店 界面活性剤不使用","1330","76","200","95","¥ 5,520","","1","B09ND8D68N","","17","10","10","1160"
"[山本光学] YS-390 保護めがね 偏光 屋外/検品作業 反射をカット 見えにくさを解消 高い防護性能 アイカップフレーム採用 快適フィットのフレックスフレーム ジャパンフィット設計 ずれにくいラバーテンプル/ノーズパッド ブラック 偏光スモーク/PET(両面ハードコート) 日本製 JIS 紫外線カット","1334","52","","983","¥ 5,964","¥ 5,964","18","B08TGJNFL4","B0H8PDN27V","17","9.2","5.2","50"
"ELEGOO TPU 95A 3Dプリンターフィラメント 1.75mm ブラック 1kg*2 柔軟で弾性がある3Dプリントフィラメント 耐久性 寸法精度 +/- 0.02mm 1kgスプール（2.2ポンド） ほとんどの3Dプリンターに対応","979","48","","6","¥ 5,399","","1","B0FDQPZ8CP","B0FNRH6WF4","21.6","20.7","14.7","2520"
"トラスコ中山(TRUSCO) フッ素樹脂粘着テープ TFJ08105MGY グレー 5m 厚み0.08mm 幅10mm x 100巻 x 【ケース販売】","1303","56","","186","¥ 36,667","¥ 36,667","1","B0C4T56MVF","B0C9SPRBV1","40","38","18","3000"
"長谷川工業(Hasegawa) 脚部伸縮天板幅広足場台 DRSW-1200c (1.01~1.23m) (17680)","1373","88","50","464","¥ 18,382","¥ 18,382","23","B0857JFR8Y","B0GMPPY34W","125","63","22","11000"
"ツインバード 超音波洗浄器 メガネクリーナー 眼鏡クリーナー メガネ洗浄機 眼鏡洗浄機 アクセサリー 洗浄 メガネ コンパクト ホワイト EC-4548W","1384","99","300","2094","¥ 5,891","¥ 5,891","4","B01BD8K39A","B0GC3ZP5Q3","23.5","17.3","16.7","1070"
"ワイヤー ステンレスワイヤー 径3.0mm 100m巻 構成7×7 ステンレスロープ ビニール被覆 アルミスリーブ付き 多用途 防錆性 地震対策 牽引 ガーデニング、釣り、物干し、DIYに適しています","1313","44","","37","¥ 5,399","","1","B0CCM9FVQG","B0C6MZ6QDB","18.9","17.4","11.3","2580"
"Creality Ender PLA フィラメント 4パックセット 1.75mm 1kg*4パック合計4kg ±0.03mm (白白白白)","1394","30","","","¥ 6,600","","1","B0G7VK6RLQ","B0FQTV3WMC","42","21","15","5000"
"【日本優良企業】 空調作業服 56V 45000mAh ファンバッテリーセット 2026 リモコン機能選択可 業界最強 爆風 直接水洗い -20℃冷感 日本製三相モーター 15Vから56Vまで調節可能 30時間 超長時間連続稼働 デュアルコントロールモード 超高速充電対応 作業用ツールバッグ付き付き 現場 屋外作業 暑さ対策 作業着 メンズ レディース 90mm作業服穴径対応 PSE認証済","1398","63","200","19","¥ 8,980","","3","B0F42P8ZR8","B0HFT36R5Y","25.3","20.8","6.1","1010"
"Creality CR Wood フィラメント 2パック 1.75mm 1kg*2パック合計2kg","1402","2","","","¥ 7,299","","1","B0H7GPHYYB","B0HFVW8NQ9","21","21","14","2600"
"DEEPLEE PLA 1.75mm 高精度・低反り・低臭・ノズル詰防 ・絡防止・紙スプール 4kg ブラック/ホワイト/グレー/半透明","1418","13","","77","¥ 5,657","","1","B0GYQHLB2S","B0H978M6MH","41.3","21.1","15.2","4950"
"デリバリーバッグ [拡張機能付きで効率UP] 配達バッグ 大容量 防水 デリバリーバック バッグ リュック ピザ 寿司 拡張 56L","1421","76","200","447","¥ 5,180","","1","B0BKYFLPFR","","43.8","43.3","7.3","2060"
"アイリスオーヤマ ブルーシート B30-1010","1427","65","","1116","¥ 8,300","","5","B000S6E9S0","B07W5MTFNT","60","40","16","17840"
"[SIXPAD] 公式ストア限定 シックスパッド リカバリーウェア スリープ Recovery Wear Sleep (パンツ, JP, アルファベット, M, ロング（ベージュ）)","1647","30","","201","¥ 11,880","","1","B0DGFXBH9L","B0DW7MN9PX","31.1","24.3","9.9","600"
"SK本舗 光造形 3Dプリンター用 SK 水洗いレジン (1000g, 白色)","1539","66","","480","¥ 5,800","","1","B08LPF6XFN","B0C3KQB39J","25.5","10","10","1250"
"DICプラスチック 折りたたみヘルメット IZANO2 グレー/ホワイトライン","1446","82","50","1394","¥ 5,562","","20","B094TMCNQW","B096K83K3Z","34","32.8","6.9","470"
"川口技研 木製室内階段用すべり止め スベラーズ 一般 SU-BE 670mm ベージュ 14本入","1607","82","50","1794","¥ 5,183","¥ 5,183","18","B0098E9HD0","B0CZ4734FM","70.9","12.3","5.3","2040"
"【手をかざすだけ】SUNLY 自動ソープディスペンサー 液体洗剤・食器用洗剤対応 3段階吐出 高感度センサー 静音設計 IPX5防水 270ml USB充電式 ステンレス製 キッチン・洗面所に最適 Clearis-L (オフワイト)","1456","58","50","163","¥ 6,980","","1","B0FT7VT6NL","B0GWVKDWQQ","21.5","13.9","9.4","540"
"2段 脚立 くすみグレー 全アルミ製 幅広ステップ 軽量 折りたたみ式 踏み台 滑り止め付き 室内外兼用 耐荷重150kg おしゃれカラー キッチン 洗濯物 ベランダ 作業台","3930","56","","162","¥ 5,999","","1","B0FJ76PPHG","B0H65NHNK2","68","48","6","3000"
"[藤井電工] 新規格 胴ベルト型 リトラ 巻取式 イエロー 黄 Lサイズ ベルト長さ 1400mm TB-RN-OT590-Y-L 着脱が容易なワンタッチバックル 日本製 墜落制止用器具 胴ベルト 安全帯 ツヨロン TSUYORON","1864","25","","181","¥ 9,776","¥ 9,776","2","B07NMTXBCZ","B0CKF3PCFT","29.7","14.6","9.5","1420"
"Treedix USBケーブルチェッカー テスター 断線/抵抗値/機能/eMarker検知 Type-C Micro-B Mini-B Lightning対応","1486","80","300","168","¥ 6,290","","2","B0F1FKDR3C","","9","8","2.2","90"
"[ネセクト] 折りたたみ式台車 ストッパー付き静音車輪 耐荷重150kg 軽量コンパクト 固定用ゴムロープ付属 平台車 車載 防災用[日本国内企画品] (カーボンブラック)","1492","75","50","483","¥ 7,182","","1","B0D4YJ4RFF","B0D7HKPMN3","52","34","14.4","3940"
"ボックスバンク【個人宅不可】ダンボール 180サイズ 10枚セット 【62×62×50 cm】 二つ折り 収納・大型 EMS FD18-0010-a2","1413","64","","202","¥ 7,854","¥ 7,854","1","B0BJDN8J5W","B0CP3HHGPL","112","61","16","16000"
"Platinum Brand LEDワークライト,作業灯 48W 16連LED 6000k 3360LM IP67 狭角 DC12/24V兼用 防水・防塵・耐震 トラック/建築機械/作業車 (10個セット)","1453","77","","1159","¥ 8,549","","1","B07F7W5GTC","B0FH1JXHZQ","41.5","26.2","10.9","3680"
"3M マスキングテープ 建築塗装 EXPP 21mmx18m 6巻X10本 EXPP 21X18","1680","25","","326","¥ 8,139","","1","B071P35XPH","B072PWGGMQ","30.2","13.7","12.6","2130"
"KOGLEE レシートロール 100巻入 約58mm幅×40mm外径×9mm内径 レ レジ用感熱ロールペーパー サーマルロール紙 レジロール紙 感熱紙 Airレジ/Airペイ/Square/STORES/UberEats/スマレジなど各レジアプリ対応 ハンディターミナル モバイルプリンタ キャッシュレス決済端末 ポータブルPOS端末対応 TRP5840-100","1511","61","","76","¥ 7,380","","1","B0DQQBMPDN","B0DCGPF1HR","43","20","12","5000"
"[DEX FIT] ニトリル 作業用手袋 FN330 強力グリップ スマホ対応 薄手 3D立体構造 通気性 S 3双","1512","37","","11582","¥ 5,421","","2","B0BF8WNVY9","B0GY3MXB7J","21.7","14.3","3.9","110"
"「安心の日本企業」TOP・STAR スライドレール 重量用 サイズ300mm-1500mm DIY車引き出しスライド 幅76㎜ 幅53㎜ ロック付き ロックなし 最大耐荷重220㎏ (スライド750ｍｍ－1500ｍｍ, 重量用76ｍｍロック付き)","1531","46","","237","¥ 8,075","","1","B0CKVFBGV7","B0GM4LRMK5","81.2","8.8","8.8","8650"
"THANKO 復刻版 プレスでパリパリなんでもせんべいメーカー2 SENB26HSL プレス機 1000W 温度調節","1532","4","","","¥ 5,480","","1","B0HB33R4MH","","36.2","28.4","20.4","2100"
"フローバル プロスタイルツール 汚水用水中ポンプ マイティポンプ PSP-130S 50/60Hz共用 奥行15.8×高さ27.3×幅15.8cm","1679","75","100","339","¥ 12,221","","7","B07WC8YDQ1","B07WCNDB94","30.9","21.9","16.4","5920"
"POSTEK 透明ブルーシート 厚手 防水 ビニールシート UVカット 屋外用 4.3m*4.4m","1547","64","","50","¥ 6,281","","1","B0F6Y2BGY5","B0F6Y31ZH5","38.5","33.5","14.1","3720"
"[山本光学] 保護めがねSN-610SMK スモークレンズ 耐久性20倍でくもらない【PAF(パフ)】 日本製 紫外線カット","1549","63","","108","¥ 5,109","¥ 5,109","1","B0GSZ4DKMP","B0H8PNH574","15.3","11","5.5","40"
"[Vivisan] 2026改良モデル 34V超高出力 空調作業服 ファンバッテリーセット 日本製高速ブラシレスDCモーター 16~34V出力","1552","84","500","100","¥ 7,199","","1","B0GWRPP6GY","B0HC45YM9Q","23.1","22.3","9.4","670"
"[WINCESS] インナー手袋 キュプラ インナーグローブ 薄手 超薄手 18ゲージ ベンベルグ 手袋 6枚 20枚 100枚 フリーサイズ 手荒れ 使い捨て手袋 歯科衛生士 介護 おしゃれ (生成（100枚）)","1553","61","","136","¥ 10,770","","3","B097JYPHXF","B0C5XDSGPV","38","25","10","600"
"【箱売り】APMジャパン 貼ってはがせるベーシック養生用テープ No.570 白(半透明) 50mm×25m 30個セット(まとめ)","1200","56","","88","¥ 10,891","¥ 10,891","1","B08KPWTP1Z","B0CV4ZZL43","33","27","22.5","5500"
"コニシ(KONISHI) ボンド シリコンコーク防カビ剤入り ホワイト 330ml #59078 10本入り","1576","73","","4","¥ 7,980","¥ 8,061","4","B00L4OR6ZI","B08W54H4CB","30.2","25.9","10.7","4190"
"コニシ 【箱売り】 ボンド 木工用多用途接着剤 ボトルタイプ 180ｇ 10本入り 白","1580","36","","9","¥ 7,777","¥ 7,777","1","B0B5QPX5XH","B0B8FZY9MC","20.7","16","14.4","2190"
"【初心者ケア・一人でもラクラク】エアコン洗浄ガン+ 洗浄カバー エアコン掃除 クーラー掃除 洗浄ポンプ クリーナー 【専門業者不要】 壁掛用 高圧洗浄【ミスト＆強力ダイレクト 2モード】繰り返し使える カビ取り ニオイ防止 サッシ溝 自宅用 業務用 ホテル 日本語説明書付き (エアコン洗浄セット)","1595","71","200","79","¥ 5,380","","1","B0H1M7W29V","B0H2CNRQY9","29.9","28","12.2","650"
"【箱売り】 コニシ ボンド クイック5 ブリスターパック 15g 10本入 接着剤 淡色半透明","1596","32","","","¥ 8,458","¥ 8,458","1","B0BQX8XMKB","B078BDSYK5","20.6","16.1","9.5","309"
"TRUSCO(トラスコ) トラックシート補修粘着テープ140mm×0.2m オリーブ TSH-14203OD x 20 袋【ケース販売】","1598","61","","610","¥ 25,566","¥ 25,566","1","B0BM3RCKFS","B09PBLLFNT","25.7","20.9","6.7","1570"
"VADANIA #K45 ソフトクローズ 引き出しレール 450mm 3段引き","1611","73","","30","¥ 7,590","","1","B09H6W4ZZ3","B0D1QTG97C","49.8","17.8","5.9","6510"
"eSUN ベーシック PETG フィラメント 1.75mm 4個セット(ブラック×2 / ホワイト×2) 寸法精度 ±0.03mm 1kg/巻 合計4kg","1430","60","","83","¥ 5,999","","1","B0DTP68FN7","B09B6Q2CTH","42","24.5","15.5","5130"
"【不織布ウエス】 日本製紙クレシア ワイプオール X60 クロスライク ハンディワイパー 100枚×16パック 60535 (ケース販売)","1627","70","","148","¥ 9,797","¥ 9,797","5","B08J3QRCN5","B08KDN5FJD","51.7","39","22.6","5900"
"EUHOMY 製氷機 家庭用 【ハンドル付き氷バスケット ポータブル 5.66kg】最短6分 高速製氷 自動洗浄機能 小型 卓上製氷機 大容量水タンク ワンタッチ 透明窓 水不足提示 静音 コンパクト アイスメーカー 製氷器 氷つくり機 家庭 業務用 日本語説明書付き (ホワイト)","1628","89","200","1725","¥ 8,499","","1","B0GGRPYRTS","B0GL882LLG","31.9","31.6","25.2","6200"
"[BURTLE] [バートル] アイスクラフトベストセット&アイスパックセット IC102S 熱中症対策 XL","1628","52","100","10","¥ 6,335","","10","B0H2PWN1V9","B0H2Q3M2NT","29.5","16.3","6.8","1050"
"Hrensaw 耐候性電気ジャンクションボックス、IP54防水屋外電気ジャンクションボックス。プラグ、延長コード、ホリデーライトに最適 小型 ブラウン","1122","49","","2947","¥ 5,972","","1","B0CNGHN96R","B0D6VG926P","21.3","12.8","6.7","299"
"[快適設計IBR] KN95マスク 5層 CNAS認証済み 業務用36箱 マスク 不織布 立体構造 通気性 ノーズスポンジ付き 曇りにくい 耳の長さ調整可能 耳が痛くなりにくい 普通サイズ 男女兼用 720枚入り ホワイト","1631","29","","105","¥ 35,321","","1","B0F3N9KV7Y","B0F2HQQWHC","51","44","39","10000"
"谷沢製作所 (耳紐掛具/おへそ付タイプ)タニザワ ヘルメット用透明あご紐・耳紐セット 交換用 No.8型セット VPU-T16U (P12T16F2) (お手入れマニュアルなし, 10)","1636","53","","467","¥ 6,380","","2","B0FP985G91","B0GR8TKDG1","24","18.7","1.5","60"
"DayPlus 伸縮はしご 最長6.2 m 折り畳み伸縮梯子 フック付き 多機能アルミはしご 持ち運びに便利 軽量 耐荷重150 kg 室内室外両用 自動ロック 安全ロック スライド式 アルミ梯子 ホームロフトオフィスに適合 日本語説明書","1643","78","50","435","¥ 18,880","","1","B08X46FQRC","B09JB9MYSF","112.2","50","10","17100"
"【箱売り】積水化学工業 SEKISUI 養生用 フィットライトテープ #736 強粘着 マンゴー 75mm×25m 24巻入り","2027","19","","166","¥ 16,736","¥ 16,736","1","B0CV9KPVPK","B0CVB1PDT2","34.5","32.5","24.9","6800"
"ラトックシステム 8K60Hz 4K120Hz 対応 HDMIオーディオ分離器 音声分離器 RS-HD2HDA-8K","1648","99","200","165","¥ 6,783","","2","B0DDXKTLNY","","19.7","13.2","3.2","230"
"広電(KODEN) 工業扇 工場扇 業務用扇風機 据置型 45cm 樹脂羽根 首振り 3段階風量 羽根簡単取付 オレンジ ブラック AZF451DPA","1650","67","50","20","¥ 8,082","¥ 8,082","1","B0GFTBD6MS","B0GS9663PZ","55.4","52","32.6","5860"
"面ファスナー 両面テープ付き 超強力マジック貼付テープ 粘着力強い 防水 耐熱 DIY用 網戸用 車用 業務用 工業用 オスメス ブラック 20mm*10m (× 4)","2026","17","","120","¥ 6,720","","","B0GZ9JNLZJ","B0CD7N4PLY","15.7","15.5","4.7","920"
"イーバリュー(E-Value) 乾湿両用掃除機 12L EVC-120SCL+集塵袋3枚増量セット ステンレスタンク コード式 紙パック 濡れたゴミも吸引可能 集塵容量 8L 吸水容量 6L 吸込仕事率100W","1657","68","","8","¥ 8,606","¥ 8,606","4","B0CJM2Q5YR","B0BJ2JGD12","43.3","30.4","29.4","4530"
"アズワン クアラテック手袋(DXパウダーフリー) M 10箱(1000枚入) /8-4053-12","1948","62","","6","¥ 32,052","¥ 32,052","5","B079BMNCFR","B07D3BSD69","44.2","27.6","27.4","10960"
"スタンレー バキュームクリーナー 乾湿両用 容量20L 業務用掃除機 SL18410-5B ブラック、シルバー、イエロー","1663","82","200","473","¥ 9,990","¥ 9,990","5","B07K3ZVKDP","B0832NYLC1","46.5","38.5","38","8540"
"eSUN ABS+ フィラメント 1.75mm 3Dプリンターフィラメント ABS プラス 寸法精度+/- 0.05mm 1kgスプール (2.2ポンド) 3Dプリンター用3Dプリントフィラメント シルバー","1666","70","","2670","¥ 8,557","","4","B07FQ4T948","B07SC85RFJ","21.7","20.3","7.4","1260"
"ポリメーカ(Polymaker)3Dプリンタ―用耐熱性フィラメント Polymaker HT-PLA 1.75mm径 1kg巻 Polymaker HT-PLA Black (× 3)","1667","6","","","¥ 10,914","","","B0HF7KCNN8","B0FWJ9L47C","22.2","20.8","7.4","3810"
"【収納士推薦の組立不要】メタルラック 折りたたみ式スチールラック 5層 キャスター付き : 錆止め加工 金属製 組立不要 重量物 大型 家庭用収納棚 折り畳み式 黒 ブラック スチール棚 頑丈 メタルシェルフ オープンラック 収納ラック ラックシェルフ リビング おしゃれ 食器庫・ホーム倉庫整理・キッチン・室内寝室収納・業務用 (ブラック, ５層)","2657","71","50","100","¥ 8,980","","1","B0FRM1DLCV","B0FRLJWHY3","120","35","10","3000"
"シンワ測定(Shinwa Sokutei) 手ばかり 平面目盛板 取引証明以外用 50kg 74488","1485","39","","706","¥ 10,424","¥ 10,424","34","B006MP1UMO","B0CC9GB4SR","31.3","11.1","5","638"
"ボンド Eセット 100gセット #16051 10セット入り","1690","47","","","¥ 11,547","¥ 11,547","3","B00W10CU32","B07C7LNGDW","31.6","13","4.6","1560"
"ADHES 布テープ 粘着テープ 梱包テープ 50mm×25m 30巻入り 黒 厚さ0.19mm","1699","46","","129","¥ 9,467","","1","B0963P89PQ","B0BDFHPNSF","36","27.8","24.8","7620"
"ELEGOO 光造形3Dプリンター用 UVレジン 1000g 光硬化可能樹脂 3Dプリンタ向け (× 4)","1962","23","","42","¥ 10,796","","","B0GZ9N9QZ1","B086SF67DQ","23.6","9.9","9.9","4680"
"【箱売り】 コニシ ボンド GPクリヤー ブリスターパック 50ML 60本入り 大箱","1710","28","","","¥ 40,673","¥ 40,673","1","B0BVQWVTYQ","B0C2NCF768","33.8","30.5","22.8","4700"
"台車 折りたたみ 平台車 フラット カート 静音 360度回転可能なキャスター付き業務用台車大型 耐荷重400KG 屋内外で使用家庭 倉庫 農業 輸送 ハンドリング ショッピング 防災用","1720","4","","","¥ 5,999","","1","B0H8SB4S8W","B0HG59LFKK","70","50","40","15000"
"HIKMICRO MiniE サーモグラフィー サーマルカメラ 赤外線カメラ スマホ用- iOS/Android、192×192 SuperIR 画像強化、25Hzフレームレート、スマートフォン/タブレット用、-20°C~400°C測定温度範囲、USB-C/Lightning（iPhone 17対応）","1724","85","100","105","¥ 16,990","","2","B0DKWPDK7G","B0FH9SHF9V","17.6","12.4","6.9","410"
"[AI-WILL] Hanassia 3D 立体 不織布マスク 30枚入り×8箱 (共计240枚) (ホワイト) 男女兼用 3D-Mask ダイヤモンド型 使い捨てマスク ふつうサイズ (205 × 160 mm) 個别包装 携帯に便利な【全国マスク工業会会員マーク入り】","2469","15","","57","¥ 7,280","","1","B0DXKKHV3Y","B0DXKV4FFZ","37","32","26","180"
"[BURTLE] [バートル] ファンユニット AC10-2 エアークラフト AIRCRAFT 京セラ製 2026年モデル 70スパイダーレッド","1727","87","50","36","¥ 6,435","","8","B0GNMBSKXP","B0GNMB9X9L","29.1","12.9","5.3","380"
"DROK スイッチング電源 AC 110/220V→DC 0-12V 40A 480W 電圧調整可能 安定化 直流電源変換器 過負荷電圧遮断 放熱ファン付き コンバーター","1736","37","","12","¥ 6,388","","1","B0B74KV3BB","B0CS6GYZG8","24.2","15.2","7","900"
"[Schwer] SlicePro ANSI A9 耐切創手袋 食品グレード 安心のカッティンググローブ キッチン肉切りマンドリン手袋 牡蠣の殻取り 魚の切り身加工 木工用 (1双, L)","1741","42","","2743","¥ 5,015","","1","B08V8T9V4L","B0DZMMRN9Q","24.8","16.2","1.3","80"
"DayPlus 脚立4段 最长97.5cm 両面 アルミはしご 踏み台 折りたたみミニ軽量ステップ 洗車台 多機能梯子 室内屋外大掃除","1746","76","50","28","¥ 7,890","","1","B0FL7QW9XZ","B0CV3JWGHY","105","42","16","4000"
"NOVA3D エンジニアレジン 光造形3Dプリンター用レジン【耐衝撃性+高精度+高硬度+高靭性】二次硬化不要 405nm LCD SLA 光硬化 3Dレジン 1000g ホワイト","2501","33","","9","¥ 5,999","","1","B0BXXJ8SFP","B0DYJD8CMT","23.9","9.8","9.7","1150"
"Sekey 折りたたみ台車 2WAY 4輪2輪兼用 最大150kg 耐荷重 薄型収納12cm 軽量キャリー","1759","87","100","27","¥ 9,980","","1","B0FX2R5XJY","B0GNQ1KBVN","66","40","11","8000"
"山善(YAMAZEN) 家庭用平台車 ホームキャリー 27.5×41cm【4台組お得セット】【日本製】台車 平台車 コンパクト 軽量 連結可能 積み重ね ローズピンク NTM-E50RP×4","1759","67","","926","¥ 9,554","¥ 9,554","1","B01MXUPABP","B09SZD13BD","44.4","30.3","23.6","5320"
"【ケース販売】クリーンガード V30 ネメシス 保護メガネ 67641 UVカット99.9％ 両面くもり止め ストラップ付属 作業用安全メガネ 12個","1762","55","","","¥ 12,317","¥ 12,317","4","B08D9F6DXX","B08HSD6SDZ","25.2","17.9","12.9","490"
"HiKOKI(ハイコーキ) 14.4V 18V 兼用 充電式 ファン 工場扇 最大風速 240m/min 低騒音 自動首振り機能付き 蓄電池別売り ACアダプタ付き UF18DA(NN)","1767","48","50","128","¥ 17,500","¥ 18,197","13","B0B4VSNSNS","B0DGV126CQ","61","44","26","5000"
"【箱売り】積水化学工業 掲示用 高 透明養生テープ 50mm×25M 30巻入り 屋内用掲示 ポスター チラシ 装飾 貼ってはがせる 目立たない 手で切れる","1772","38","","71","¥ 14,652","¥ 14,801","2","B0DBHHBTKJ","B0DBHLH8PW","33.8","27.2","24.2","5050"
"Creality Hyper-PLA-RFID フィラメント 1.75mm 1kg*4 ±0.03mm (青赤白黒)","1784","63","","43","¥ 12,999","","2","B0DRVGWDSM","B0HDZ6PG14","41.4","21.2","14.7","5420"
"Meta Quest Linkケーブル｜Meta Quest 3/3S/2/Proに対応｜PC VRゲーム","1794","74","200","11331","¥ 10,780","¥ 10,780","14","B081SHD773","","16.9","16.2","4.7","390"
"パナソニック(Panasonic) ベターキャップ ホワイト 100個セットWH4015PK100","1815","54","","1","¥ 43,218","¥ 43,218","1","B0BVZ4KK8K","B0C5J38VZ5","28.3","19.5","16.9","5500"
"【50,000Hzプロ仕様 & 隙間汚れを撃退】 超音波洗浄機 メガネ洗浄機 400ml容量 卓上 小型家用 液晶ディスプレイ 5段階タイマー機能 超音波クリーナー 入れ歯洗浄機 眼鏡洗浄機 マウスピース/指輪/アクセサリー/貴金属/ジュエリー/カミソリ 日本語取扱説明書付き","1816","47","50","13","¥ 5,016","","1","B0H2M196K1","","22.2","10.1","9.7","500"
"Ralcam 先端可動式ファイバースコープ 3.5インチIPSスクリーン 工業内視鏡カメラ 自動車 精密機械 配管 排水口 自宅建築 日本語対応","1818","88","50","411","¥ 13,504","","1","B0D896J2T6","B0H6Z9B9Q9","31.9","22.1","7.8","930"
"軍手工房 こども用スベリ止軍手 小学生 女性 全長約18cm ホワイト 120双(120ペア) 薄手13ゲージ 日本製 [028-1-120P]","1825","46","","432","¥ 26,140","","1","B0C4GK1VNY","B0B5SPD14V","19.8","11.4","3","80"
"3M 強力自己融着シリコーンテープ HDT2-450, 32mm x 4.5M 【まとめ売り・2箱】","1829","60","","163","¥ 9,350","¥ 9,350","1","B0CQ4DJKBJ","B0CQ4SNSFG","20","10","4","200"
"ウーバーイーツ ロゴ入り デリバリー バッグ 配達 保温 保冷 【復刻版/ホワイト・グリーン】","1845","92","100","18","¥ 6,700","","1","B0GMQ69HT4","","35","35","10","4000"
"Hinokami Nika クランプメーター DC電流 AC電流 6000カウント オートレンジ、電流計 クランプ TRMS、小型サーキットテスター 車、AC/DC電圧 非接触電圧検知 静電容量 温度 抵抗 周波数 ダイオード MAX＆MIN値 懐中電灯&ケース付き-MY203D","1847","75","","65","¥ 5,889","","1","B0CT8G845V","B0F88KBB5T","22.6","12.2","4.7","440"
"TRUSCO(トラスコ) PPテープ 青 50mm×300m TPP50300B × 60巻 【ケース販売】","2203","54","","245","¥ 26,606","¥ 26,606","1","B0B5ZK5KP4","B09VDQDFQV","51","49.5","37.5","15300"
"ELEGOO 水洗い可能なABSライク8K 3Dプリンターレジン スペースグレイ 2000g","3121","49","","34","¥ 5,759","","1","B0GR914Y55","B0F6D347BM","21.2","16.1","10.2","2280"
"イチネンTASCO TA142MD デジタルミニ真空ゲージキット","1859","59","300","638","¥ 16,282","¥ 16,282","24","B00JM8WJJQ","B0DPJPLKVR","10.3","8.7","7.4","290"
"DAYTECH ナースコール 介護用 呼び出しベル ワイヤレス 多部屋 複数受信機 電池式受信機2台・押しボタン3個","1865","57","50","611","¥ 5,699","","1","B07Q2SFG3G","B0GVN267Q8","22.1","15.2","3.4","440"
"【箱売り】サンスター技研 ペンギンシール くつ底補修材 補充用チューブ 黒 60g (24本入り)","1868","74","","108","¥ 27,699","¥ 27,699","1","B0CBNSVQJQ","B0FGPVZ826","22.9","17.5","16.5","2090"
"コニシ ボンド FRP補修用 100gセット 5本入り #28053","2612","59","","4","¥ 8,160","¥ 8,942","3","B00O1QGKWQ","B078BF4M57","20.2","17.7","11.4","938"
"シゲマツ(重松製作所) 使い捨て式防じんマスク 二つ折り 日本製 DD02-S2-2K 10枚入x10袋 (100枚セット)","1887","59","","1","¥ 15,200","¥ 15,655","2","B0C2BYMSRG","B0C37JBSW6","41.2","25.4","20.1","1180"
"富士電線工業 キャブタイヤ丸形コード VCT-F 2SQX 4C 20M 巻き","1927","46","","9","¥ 11,000","¥ 11,100","4","B08KXPQYQY","B0C2CZTJ6Y","32.4","31.5","6.2","3000"
"[olnamo] 差し込みベスト 差し込みゼッケン 反射 メッシュ マジックテープ A4用紙 安全 反射材 速乾性 イベント用 職務表示 ビブス 胴囲最大120cm 調整ベルト 用紙はプリンターで自作可 (10 枚セット, ブルー)","1916","27","","45","¥ 15,800","","1","B09PR55QT3","B0CD6T6QW8","47.5","28.2","7.5","2160"
"サンワダイレクト フットペダル スイッチ USB 有線接続 静音 3連 手前押し プログラム PC 割り当て ゲーミング 400-MA214BK","1899","0","100","65","¥ 5,380","","1","B0D8P3JKCS","B0D8NQRPB1","39.1","16.3","4.9","570"
"タニタ ベビースケール BB-105 IV nometa 授乳量機能付き 飲んだミルクの量が1g単位でわかる","1902","85","200","1166","¥ 14,580","¥ 14,800","18","B01EW3ZSA2","","62.1","43.3","12.5","3080"
"アイリスオーヤマ 連結ミニ平台車 5台セット RMH-5 ブラック","1904","73","50","122","¥ 7,929","¥ 7,929","11","B0CCRTS4YY","B0CM3PVH3Q","45","44","30","6650"
"愛知電線 VVF ケーブル2芯 2.0mm 20m 灰色 VVF2×2.0M20","1912","79","100","348","¥ 6,445","","4","B00N89PJHY","","22","21.6","5.9","2160"
"共立電気計器 (KYORITSU) 2413R キュースナップ・漏れ電流・負荷電流測定用クランプメータ","1915","75","","18","¥ 42,884","¥ 42,884","16","B00D764AH8","B0F2SPRS5T","29.3","18.1","9.2","870"
"トイオブザイヤー2026受賞【公式・日本企画】3Dニコペン PCLフィラメント（17色｜20巻）【低温で安全設計】子供用 小学生 小学校導入（ホワイト）","2054","60","","66","¥ 7,580","","1","B0G29QZ23H","B0GKDWL7QT","21.3","17.8","4.7","430"
"タイタン(TITAN) REELOCKmini(リーロックミニ)ロック付き巻取器タイプ1ランヤード HL-HW-130型 ダブル フルハーネス型/胴ベルト型兼用","1919","95","100","121","¥ 22,330","¥ 23,018","23","B0BTWQDMS3","B0CPDTS63M","24.5","12","11.2","1400"
"長谷川工業(Hasegawa) 足場台 DRXB-0752a (0.52m) (10123)","1922","65","","508","¥ 11,000","¥ 11,000","26","B08691S41R","B0GQ365KQ9","75.9","48","18","4090"
"[バートル]ペルチェファン+30V黒バッテリーセット AC10 IC10-1 エアークラフト アイスクラフト 京セラ製 2026年モデル","1925","77","100","50","¥ 26,400","","3","B0GP97C4BV","B0GP95LH8P","32","22.5","15","1470"
"セメダイン(Cemedine) 変成シリコーンシーラント POSシール 333ml アイボリー SM-448 10本セット","3347","62","","15","¥ 9,800","¥ 11,597","2","B00DFVF470","B0977C89FH","34","26.4","10.6","5580"
"花王プロシリーズ【ケース販売 業務用 衣料用洗剤】アタック 消臭ストロング ジェル 4Kg×4個(花王プロフェッショナルシリーズ)","1943","90","100","310","¥ 8,070","","5","B01IER9CLS","B01M72IWQZ","44","31","30.5","17600"
"ガラコート 純水器用 イオン交換樹脂 5L×2袋 10L 洗車用 樹脂交換用 ロート付","1945","84","200","189","¥ 6,912","","1","B0C9R3NQQR","B0FD38CXLG","34.3","27","14.9","7590"
"TRUSCO(トラスコ) ねじ込み管継手 SUS 六角ニップル 20A TSTN20A × 50個 【ケース販売】","2569","51","","6","¥ 33,965","¥ 33,965","1","B0C4T7VVGR","B0C93Y9S8G","55","55","5.1","7000"
"ソニー(SONY) REON POCKET 6 (レオンポケット6) ウェアラブルサーモデバイス センシングキット: RNPK-6T / Bluetooth/スマートフォン連動/ペルチェ素子【2026年5月発売】","1955","65","500","87","¥ 27,500","","3","B0GTM4R839","B0GZYW1LZP","17.7","14.5","7.4","400"
"DEEPLEE (ディープリー) シルク PLA 3Dプリンターフィラメント 1.75mm 1kg、シルクシルバーグレー PLA、寸法精度+/-0.02mm、滑らかで光沢のある質感、マルチカラー3Dプリントフィラメント。","2612","21","","1376","¥ 15,650","","1","B0DSBB4N27","B0DK2GGNJR","21.2","21.2","7","1229"
"長谷川工業(Hasegawa) 専用脚立 脚軽 伸縮 3段 RZS-09a (0.73~0.94m) (17766)","1957","80","50","307","¥ 13,264","¥ 13,264","26","B085J2T2LR","B085LNL3KN","78","45","15","9000"
"Hrensaw 耐候性屋外の電気箱、IP54 防水屋外の出口カバー、耐候性がある延長コード カバーは出口、プラグ、タイマー、パワー ストリップ、休日ライトを保護します、ブラウン、M（27x14x11.5cm）","1958","3","","5813","¥ 6,961","","1","B0DPHNSLTL","B0HG8HS1QS","29.3","16.9","12.2","590"
"[武蔵野ユニフォーム] BURTLE バートル エアークラフト 2026年型 30V リチウムイオンバッテリー/ファンセット AC10&AC10-1/AC10-2 大風量120L 京セラ ストラップ付<005-AC10set-ス> (67-ﾏｰﾘﾝ 90-ﾊﾆｰﾋﾟﾝｸ)","1973","36","50","60","¥ 19,800","","2","B0GQ6NT5VN","B0GQ72P94H","26.5","17.1","11.7","960"
"ストリックスデザイン スペアテープ 粘着クリーナー 日本製 ホワイト 60本 (3本×20個セット) 90周 転がす方向が分かりやすい 矢印プリント入り 粘着テープ 替え カーペットクリーナー 手動 紙、粘着剤(合成ゴム系) SB-064","1974","55","","364","¥ 6,660","¥ 6,660","1","B0DBLDNYTC","B073ZCW3DD","35.4","34.7","28.3","8250"
"HOSFATON 宅配ビニール袋 A4 (M) サイズ 600 枚入 大容量セット 白 25×32.5 + フタ 5cm 強粘着 防水 破れにくい 3 層構造 プライバシー保護 ゆうパケット・ネコポス・メール便対応 A4 書類・文庫本・DVD・小物発送用","1976","66","","51","¥ 8,859","","1","B0GYX1NN5B","B0GG9PZ1MM","28","18","5","4500"
"ニトムズ 人工芝固定用両面テープ No.525K 30mm×15m J0120 40巻入り","1982","65","","546","¥ 58,900","¥ 60,131","2","B00XL4MINE","B01MEFZBTR","36.4","36","33","25640"
"ELEGOO 5PCS PFAリリースライナーフィルム Saturn 4 Ultra 16K/Saturn 4 Ultra/Saturn 4/Saturn 3/Saturn 2 LCD 3Dプリンター用 273 * 176mm 厚さ0.127mm 強力なリリース機能と95％の光透過率","1988","69","50","30","¥ 5,899","","1","B0B12WZZ33","B08TSPMP8W","30.1","20.8","1.4","300"
"【Amazon.co.jp限定】 エアコンクリーニング オールインワンセット 業務用プロ仕様 壁掛け用洗浄カバー & リンス剤不要の洗浄剤 707 (500ml) & 洗浄後の防カビ抗菌コーティングスプレー 606 JET セット 日本製","1993","58","","","¥ 6,300","","1","B0GYHMGZZQ","B0F4WTJ6T7","30.5","20.5","6.6","1100"
"xixi-home 伸縮はしご 耐荷重150KG 1.7~7.4m 持ち運びやすい 軽量 折り畳み 伸縮梯子 多機能はしご 伸縮脚立 ステンレス鋼 伸縮自在 ロック付き 滑り止め付き 梯子 室内室外両用 業務用 作業 家庭用 (脚立 2.7m)","1994","85","50","40","¥ 15,201","","2","B0DKNCXNKJ","B0F5GZZN1T","82","51","14.5","11000"
"4個 3Dプリンターフィラメント乾燥ボックス フィラメントドライヤーケース 湿気防止・脱水収納ボックス 温度・湿度表示付き 1.75mm 2.85mmフィラメント対応 0.25kg/0.5kg/1kgスプール対応 密閉防水 防塵 乾燥剤付き フィラメントスプールホルダー すべてのFDM用","1998","0","","52","¥ 6,999","","1","B0H5KMR9RJ","B0H26ZPFKB","25","25","12","800"
"ELEGOO MARS 5 Ultra 9K 3Dプリンター 150mm/h 高速印刷 造形サイズ 153.36x77.76x165 mm³","2005","94","50","48","¥ 40,559","","1","B0D4LZ782C","B0B93D2QJH","56.7","37.9","37.3","11290"
"【ペーパーウエス】 日本製紙クレシア JKワイパー 150-S 62301 150枚×36箱 (ケース販売)","2024","72","","469","¥ 8,600","¥ 9,037","7","B072HVSHYB","B071WVJSGZ","53.2","51.2","38.4","10860"
"長谷川工業(Hasegawa) 専用脚立 脚軽 BLACK 4段 RZB-12b (1.09m) (17762)","2033","83","","320","¥ 14,727","¥ 14,727","20","B085J2G7VW","B085LP2X2P","117","53","18","4700"
"RIKADE 脚立4段 梯子 アルミ 折りたたみ ミニ 軽量 きゃたつ 踏み台 安全 耐荷重150KG 滑り止め付き ステップ台 (ブラック, 四段)","2437","39","","932","¥ 8,999","","1","B09LD3528J","B09VCGQ21N","105.5","41.5","16.6","3900"
"ニトムズ ドア下部シールテープ 透明 1mm×40mm×920mm E0401 10巻入り","2767","59","","5","¥ 5,222","¥ 5,222","2","B00XL4GM40","B06VVV763J","43.7","14.1","12.2","494"
"[エース] 【まとめ買い】[10双パック] 作業手袋 豚床革手袋 アテ付 10双組 Mサイズ AG547-10P グレー","2050","64","","4","¥ 5,754","¥ 5,754","5","B07F1CG6JF","B07G8SLD6R","27.7","16.2","15.4","990"
"eSUN (イーサン) PLA フィラメント 1.75mm 高耐久性3Dプリンター用フィラメント 改良版PLAフィラメント 寸法精度+/- 0.03mm 1kg(2.2ポンド)の段ボールスプール 3Dプリンター用フィラメント ブルーパープル","2058","60","","66","¥ 8,981","","1","B0D4TNTYXC","B0DJ3QS712","21.3","20.2","7.6","1290"
"qweqw 折りたたみ 伸縮作業台 アルミ合金 6脚 ワークテーブル 拡張式 スタンド 工作台 ワークベンチ DIY ソーホース 高耐荷重 ワンタッチ組み立て 馬 作業テーブル (6脚アルミ)","2509","45","","2","¥ 9,380","","1","B0FNWYHW1Q","B0FPLSMHMK","91","14.5","14.5","2300"
"藤井電工(Fujii Denko) ツヨロン TSUYORON 新規格 墜落制止用器具 胴ベルト型 胴ベルトのみ TUB-SOTN-BL2-M ワンタッチバックル式 着脱容易 Mサイズ ベルト長さ1200mm ネイビー 紺 日本製","2860","35","","700","¥ 5,264","¥ 5,264","13","B07NMGWBWS","B0DX6TK8ZT","22.4","10","6.6","420"
"【箱売り】 ダイヤテックス パイオラン つや消しテープ 影武者 ホワイト 50mm×25m MT-08-WH 反射抑制 (30巻入り)","2066","38","","561","¥ 24,110","","2","B0CD6RWWHH","B0CD7JYSW5","35.8","27.4","25.2","7040"
"【リーチ】KF94 マスク エアウォッシャー 4層構造 3D 立体型 [50枚] 呼吸しやすい 韓国大手LG製 個別包装 飛沫防止 大容量","2068","48","100","660","¥ 5,215","","1","B09F5QTSQB","B08X9WVGGY","29.1","28.1","9.8","510"
"タニタ ベビースケール【 アプリ（ぴよログ）に体重・授乳量を自動で記録 】赤ちゃん 体重計 BB-115L nometa 出産祝い〈Web限定商品〉","2070","77","100","23","¥ 15,980","","2","B0DMF6VP14","B0DRFJXM79","62.4","41.7","27","3140"
"eSUN マットPETG フィラメント 1.75mm 4個セット マット仕上げ 艶消しカラー フロスト質感 1kg ライトカーキ","2313","0","","","¥ 7,699","","1","B0H4YBZ6BG","B0FR4S1NPX","41","21","15","5000"
"Bambu Lab P2S Combo 3Dプリンター AMS2 pro付き CoreXY 多色造形 自動調整 造形サイズ256×256×256mm³","2076","115","100","72","¥ 140,000","","1","B0FT818HCH","B0G2RTGY7M","56.4","49.7","48.9","21200"
"[シャープ] 公式 日本製 不織布マスク 個包装 1箱15枚 ふつう 花粉 PM2.5 耳が痛くならない 抗菌 3箱 MA-C2015-3SET","2080","43","","101","¥ 5,405","","1","B0BBFLCB1V","B0BBFJ2KNJ","31.4","27.4","9.5","460"
"コニシ(KONISHI) ボンド 変成シリコンシーラント ベージュ 333ml #04694 10本入り","2089","43","","414","¥ 8,030","¥ 8,030","1","B00W10GOTI","B0GFFF9493","33.3","26.9","11.4","5510"
"ELEGOO Arduino用のUNO R3 最終版スタータキット チュートリアル付 (63 Items)","2090","64","100","520","¥ 5,679","","1","B06Y56JV64","","37","25.9","6.1","1040"
"OVERTURE Refill PLA フィラメント 1.75mm 4KG FDM 3Dプリンター用(黒×2+白×2)","2099","38","","","¥ 6,899","","1","B0G6CM9FFF","B0G6B5D5QJ","38","19","15","4000"
"TRUSCO(トラスコ) 重石(おもし)丸型 8.5KG型 TW8.5M × 5【ケース販売】","2103","38","","229","¥ 11,072","¥ 11,072","1","B0C4Y3P5GG","B0CB5BM88P","26","26","21","17500"
"SANWA(三和電気計器) デジタルテスター CD732","2106","88","100","262","¥ 11,782","¥ 11,782","25","B00KXNAEKU","B0GJRFXNBP","21","17.4","5.9","500"
"[あい藍] エアクッションが衝撃を吸収 コハゼ 地下足袋 祭りたび （22.5cm〜29.0cm） (日本の靴のサイズ寸法, 大人, 数値)ブラック24.5 cm","3030","16","","100","¥ 7,950","","1","B0CCXPW2FW","B0F189QQRB","30","12","10.5","500"
"TRUSCO 静電気防止スプレー 420ml × 5【ケース販売】","2110","59","","271","¥ 6,657","¥ 6,657","1","B0C4Y2M8FT","B09PBQ9RC3","26.6","20.7","13.9","2200"
"ボックスバンク【個人宅不可】 段ボール 宅配 140サイズ 30枚セット ダンボール モニター ディスプレイ 箱 引っ越し FD21-0030-a2","2129","77","","250","¥ 9,009","¥ 9,009","1","B0CH867GGB","B0CP3J4K6Y","88","74","12","24000"
"ユタカメイク ポリエステルロープ 万能パック 12mm×30m KS1230","2131","56","","21","¥ 5,327","¥ 5,327","20","B0141T93WQ","B0C3CXXM3V","19.4","19","13.2","2140"
"アストロプロダクツ タングステンタップダイスセット ミリ 40個組 | 専用ケース付属【ボルト、ナットのネジ山の修正に使用するタップ・ダイスのセット】","2807","8","","129","¥ 20,000","","1","B01MA58UBN","B0GHT24ZZN","31.9","14.7","2.4","1270"
"ニチバン ハイコロール 100mm×5m HCR100 ハイドロコロイド 摩擦 ずれ軽減","1885","51","","228","¥ 5,751","¥ 5,751","9","B09RTYSZV3","B0C73FKVXG","12.2","8.4","8.1","270"
"カモ井 車輌・建築用マスキングテープ「カブキ-S」 15ミリ×18M 80巻入","2148","34","","237","¥ 6,896","","2","B009DUHSH6","B0BLZ3GWJL","29.6","13.2","12.2","2240"
"TRUSCO(トラスコ) 防振パット10×100×1000 x 30 枚【ケース販売】","2152","20","","655","¥ 42,929","¥ 42,929","1","B0BVLDZ1VB","B09VDQKSXG","1000","100","10","24900"
"ポリメーカ(Polymaker)3Dプリンタ―用フィラメント PolyLite PLA(3.0) 1.75mm径 1kg巻 グリーン","2154","83","","1387","¥ 5,770","¥ 5,770","1","B099KDRG1T","B0D2CM6VBW","22.2","21.1","7.4","1288"
"KF 上皿自動秤 SPS-30KG 上皿はかり 30kg対応 計量器 はかり 秤 測り 計り 量り 業務用 家庭用 キッチン 作業用","2157","76","","185","¥ 6,400","¥ 9,818","12","B00J2Q4R66","B0DKX6K4TR","34.1","34","30.6","6230"
"TUOFENG 14 AWG シリコンワイヤー 80フィート 6色 錫メッキ銅","2160","8","","31","¥ 7,360","","2","B0BPCHMCF2","B0CC5FC5LV","14.6","12.3","7.6","812"
"2026 New モデル 48V/42V高出力 ファンバッテリーセット 無敵な暴風 ファン付き作業服用 大容量 2種類モード搭載 ブラシレスモーター内蔵 長い使用寿命 防塵カバー付き 猛暑対策(48V,ブラックx赤羽根）","2166","66","200","112","¥ 7,125","","1","B0C5727BG5","B0F9SPMG7Y","27.1","15.3","8.7","820"
"コニシ ボンド シリコンシーラント 330ml ホワイト 10本入り #55788","2759","36","","1033","¥ 7,212","¥ 7,212","1","B00W10DFZO","B0B1J57TZD","30.3","26","10.7","4200"
"山善(YAMAZEN) 連結平台車(ナイロンキャスター)60×40cm『楽走くん』【4台組お得セット】【日本製】連結機能 台車 平台車 コンパクト 軽量ブルー NA-011×4","2181","86","50","110","¥ 13,011","¥ 13,011","2","B00CHYT1MA","B0FDKLZZ9L","61","44.8","32.6","12060"
"TRUSCO(トラスコ) ラウンドスリング(JIS規格品) 5.0t×5.0m TRJ50-50","2188","66","","1","¥ 21,474","","19","B0076293J4","B09NWKZ76R","44","24","10","5000"
"山善(YAMAZEN) 業務用扇風機 全閉式 45㎝ 風量3段階 AC電源 アルミ4枚羽根 業務用 扇風機 HSE-Y45CA ブラック メーカー保証1年","2189","84","100","26","¥ 8,749","¥ 8,749","6","B0CWRBR8W8","B0FFH2SSHR","62.6","53.5","19.3","7610"
"TINMORRY TPU-GFフィラメント 1.75mm 3Dプリンター用 TPUフィラメント 1kg フロストブラック","2195","75","","721","¥ 5,599","","1","B0GVNHZHRB","B0GXW3VQ77","21","21","7","1350"
"[COCORO STORE] 【シャープ公式】 日本製 不織布マスク プリーツ 1箱30枚 ふつう 花粉 4箱 MA-R230-STD-4SET-C","2326","40","50","135","¥ 6,006","","1","B0BBFF4QYB","B0F9PBG5RF","37.4","24.5","9.5","610"
"クラフトワークス ハンドトラック キャリーカート 折りたたみ 3輪 台車 階段 段差 軽量 耐荷重 平地40kg 階段昇降20kg 固定ロープ付 静音 荷物運搬 業務用 スポーツ キャンプ アウトドア シルバー 3輪 キャスター無","2991","11","","","¥ 7,280","","1","B0H6WBTZKB","B0G3DQKB3P","64","48","42","3400"
"[エース] 合成皮革手袋 カワテック マジック AG6435 LLサイズ 10双組","2202","52","","10","¥ 8,334","¥ 8,334","1","B0D2CPXY4L","B0D6Y7LMN6","30.2","17.3","11.9","1020"
"KAKAO Stray Kids - OFFICIAL LIGHT STICK Ver.2 ストレイキッズ 公式 ペンライト 輸入品","2214","38","200","72","¥ 9,980","","1","B0C8YQQZ54","","27.2","12.6","10.2","540"
"TRUSCO(トラスコ) 超軽量保護めがね26g 密着防塵フレーム付きクリアレンズ 収納袋付 SLPGG × 5【ケース販売】","2214","63","","322","¥ 10,545","¥ 10,545","1","B0C4Y357T8","B0F442N3LH","31.1","30.5","6","830"
"カラー綿ロープ 直径8mm/10mm/12mm/20mm 綿ロープ3ツ打 10M/20M/50M 柔らか 太い 手芸用 天然 コットンロープ 手作り インテリア 飾り DIY (ライトパープル 10mm/50M)","2399","13","","64","¥ 5,280","","1","B0DR71L5FC","B0CHBLST2X","25","15","3","1200"
"マツヨシ Spiritmedical 聴診器 ナーシング ライトウェイト 軽量 ブラック 黒 医療 クリニック 看護師 ナース 看護用 介護用 スピリット 松吉医科器械","2116","48","","533","¥ 6,330","¥ 6,063","5","B07ZR4BHYF","B00TGXMGYA","24.8","11.8","3.3","210"
"日産化学工業 日産アクアチェック3 100枚入×2本 水質検査試験紙 プール ジャグジー 浴場等管理用","2233","77","100","31","¥ 8,600","","6","B072F13VMY","","11.4","9.5","5.3","90"
"因幡電工 粘着テープ 200個 薄厚タイプ 25mm×20m アイボリー HV-25-I (200)","2235","59","","844","¥ 90,131","¥ 90,131","1","B00ZWS67QG","B0779T5N6J","39","32.5","27","22340"
"iSANMATE (アイサンメイト) マット 3色 フィラメント 1.75mm 3イン1カラー レインボーフィラメント 共押出 3Dフィラメント 急速マジックカラーチェンジフィラメント 1.75mm 寸法精度+/- 0.03mm ローズワルツ 1KG/スプール。","2270","56","","4799","¥ 12,144","","1","B0DBQ5JTRV","B08CZYYKV2","20.7","20.6","6.6","1264"
"送風機用 PVCフレキシブルダクト・ダクトホース Φ300mm×20ｍ 展開15m 折り畳み可能な収納式 換気用ホース 換気用排気管【30cm×20ｍ】","1981","41","","49","¥ 14,580","","1","B0FQJBW611","B0F24BCTGJ","35","35","25","9300"
"飲料水テストストリップ 125ct 18パラメータ、家庭用水テストキット","2240","20","","527","¥ 13,780","","1","B0D1QW36GJ","B0FS1HKCHB","16.1","6.1","5.9","120"
"Creality Space Pi PLUS フィラメントドライヤー 2ロール容量 1.75mm/2.85mm フィラメント PLA PETG ABS TPU ASAと互換性があり 45℃ ~70℃ 温度調節可能 フィラメントドライヤーボックス フィラメント脱水機 防水 防塵 3Dプリンター用フィラメント収納ボックス PTC 360°加熱 フィラメント乾燥機 2パックフィラメント用","2253","81","50","32","¥ 13,599","","1","B0D46XR6BK","B0DRN8QB9W","34","30.5","23.4","2480"
"因幡電工 非粘着テープ 80個 75mm×18m ブラック HN-75-K (80)","2255","25","","206","¥ 43,920","¥ 43,920","1","B00ZWS2238","B0779S953H","60","60","50","15000"
"TRUSCO(トラスコ) 静電気除去テープ50mm × 2【ケース販売】","2256","33","","555","¥ 6,773","¥ 6,773","1","B0C4Y3T6ZY","B09PBP1XW8","54","45","26","5400"
"ナンシン サイレントマスター DSK-101B","2263","81","50","102","¥ 14,473","¥ 14,473","30","B00177VRSE","","78","55","15","11200"
"ナンシン サイレントマスター 静音型 DSK-301B","2263","68","","7","¥ 24,031","¥ 24,031","5","B006JZD0DO","B0HGLRGSB8","90.5","60.3","30","17800"
"ナンシン サイレントマスター 静音型 DSK-301G-B2","2263","60","","","¥ 20,999","¥ 21,609","10","B00I3710V0","B0HGXF6VHL","92","60","12","17000"
"キャリーラクダ 運搬ベルト ShoulderDolly ベスト型 引っ越し 重い 荷物 運搬 キャリーベルト ハンドトラック 幅広 運搬ストラップ 2本付き","2663","72","50","301","¥ 7,199","","1","B00300CGOU","B0FPXBYV8Q","33.7","25.2","13.2","1970"
"DEEPLEE PLA PRO 1.75mm 改良PLA・高精度±0.02mm・低反り・絡みにくい・真空包装 4KG ベージュ×4","2314","10","","16","¥ 5,575","","1","B0GYPHKWDS","B0GYPLZPQ7","41.3","21.1","15.2","4950"
"[メカニクスウェア] 保護手袋 エムパクト ブラック/グレー S MPT-58-008 タッチスクリーン対応 洗濯可 作業用手袋 バイク 自転車 防災 DIY 【日本正規品 EC専用パッケージ】","2273","51","","18346","¥ 5,554","¥ 5,554","5","B007NZ8994","B0CCP5NWRJ","26.4","16.2","6.7","160"
"因幡電工(INABA DENKO) フレア加工済空調配管セット PHタイプ(家庭用) SPH-233-C","2275","80","100","94","¥ 6,883","¥ 6,883","6","B00569AXDO","B0F1N4FLM3","47","47","8","2700"
"【階段登れる 10輪ある】MOSEN COMDEVキャリーカート台車 コンパクト折りたたみ式 階段登れる台車 業務用ハンドトラックキャスター 階段昇降 軽量 折畳み 片手高さ調整でき 静音 防水収納袋 ゴムロープ両端フック付 荷物運搬 業務用キャリーカート 耐荷重80kg","2280","94","100","27","¥ 7,199","","1","B0GYT6FL2X","B0FXWWP424","63.2","40","12.3","4890"
"[マルゴ] 地下足袋 スパイク 森林 法面 簡単 脱ぎ履き スパイクマジック足袋2型 10853 ユニセックス大人 ブラック 24.5 cm","2416","37","","468","¥ 5,210","¥ 5,998","12","B00CSHR5XS","B01AAO4SUI","30","28","12","1280"
"TRUSCO(トラスコ) 台車用キャスター Φ100 導電性ゴム車 自在 TYSG-100RHE × 20個 【ケース販売】","2281","55","","","¥ 23,692","¥ 23,692","1","B0B24VGB67","B09V17JLGC","21.4","17.1","14","10000"
"eSUN PLA+ リフィルフィラメント 1.75mm 4個セット 寸法精度±0.03mm 1kg/巻 コールドホワイト","2965","61","","5","¥ 6,399","","1","B0FRMFFTBG","B0DH2YNQCG","42.1","22.5","15.4","4670"
"WIE 製氷機【ハンドル付き氷バスケット 高速製氷 自動洗浄機能 省エネ】最短6分 1.3L水タンク 氷保管量600g コンパクト 2種類氷サイズ 大容量水タンク 透明窓 静音 自動停止 水不足提示 赤外線検出機能 日本語タッチパネル 自動製氷機 小型軽量氷つくり機 晩酌/家飲み/オフィス飲み/ホームパーティー/卓上/家庭/業務用ポータブル アイスメーカー 日本語説明書付き","2301","81","100","1405","¥ 8,031","","1","B0DF7L8P67","B0DP2T9Y41","31.8","31.7","25.4","6670"
"【トリプルレンズ】 DEPSTECH ファイバースコープ 5インチIPSモニター搭載 1080Pカメラ3つ IP67防水 7.9MM極細 5Mケーブル","2301","77","100","478","¥ 8,483","","1","B0G2BMMMFT","B0HC75HHDK","20.7","16.2","8","660"
"ピカ(PiCa) 脚立 伸縮 はしご兼用 かるノビ 四脚アジャスト式 7段 7尺 (1.82-2.13m) アルミニウム シルバー SCL-210A","2302","80","50","178","¥ 23,282","¥ 23,282","14","B007IESO7W","B0BH4V9TBL","194","64","17","10000"
"Brehobo スポットクーラー 業務用 100v【2026業界初 液晶パネル 収納バック付き】ポータブルエアコン 工事不要 1.75kW 板金ボディ スポットエアコン 冷房 除湿 送風 省ドレン設計 ポータブルクーラー 小型 移動式エアコン 置き型 移動式クーラー 熱中症/暑さ対策 工場/倉庫/作業場など用 業務用冷風機 spot cooler","2312","83","400","54","¥ 33,749","","1","B0GJX8V9BD","B0H87VLJL1","79","57","38.5","34000"
"東京メディカル パラキャップ 【抜け毛対策】 使い捨て 不織布 フリーサイズ 100枚 業務用 ブラック 工場作業 医療治療 FG226B (20)","2323","50","","664","¥ 15,180","","1","B08W27V76W","B0CNRKBNLY","25","15","9","400"
"FieldNew【還元くん公認】「水素水・還元水に」H2/ORP/PH/温度 測定器 防水 国内品質検査済 保証書付き 簡単操作マニュアル 校正剤付き 還元茶 溶存水素 酸化還元電位","2324","72","100","307","¥ 6,282","","1","B0C6TYJSJK","","21.3","8.4","4.9","150"
"TRUSCO(トラスコ) ベルトスリング JIS3等級 両端アイ形 75mmX4.5m G75-45","2330","61","","1","¥ 6,800","¥ 10,173","23","B00264ZQ6G","B09PBK6CV6","43.8","20.4","8.6","2460"
"コニシ 【箱売り】 ボンド ウルトラ多用途SU プレミアムクイック クリヤー 25ｍｌ 100本入 超速硬化 スピード接着 強力接着 高性能 多用途 屋内 屋外","2332","27","","","¥ 83,361","¥ 83,361","1","B0BGN279Q1","B0BGPNL5NN","54","39.5","18.5","6000"
"enne. おむつ替え台 赤ちゃん おむつ交換台 折りたたみ 新生児 (グレー, 高さ調整なし・キャスターなし)","2334","51","","40","¥ 5,880","","1","B0C855DGTP","B0C7VWBF71","82","39","12","5000"
"【ケース販売】TRUSCO(トラスコ) エッジクッションテープ 50mm×2m ホワイト TEC-50W×10巻","2340","58","","666","¥ 5,434","¥ 5,434","1","B09T9Q1BNS","B09WHVJG4T","58.6","16.8","16.2","660"
"ADHES 養生テープ 塗装用 養生用 仮固定用 幅50mm*長さ25m","2340","65","","452","¥ 9,369","","1","B087FDS82Z","B08CRJRLDF","34.2","26.6","23.8","6020"
"[Humew] 【2026年最新・業界最高峰52V冷却プレート搭載 -19℃冷感】空調作業服 40500mAh","2347","26","100","22","¥ 8,500","¥ 10,960","2","B0H4LH14SX","","27.1","21.1","5.9","1160"
"TRUSCO(トラスコ) OCドｰリｰ 75Lオリコン用 ナイロン車輪 6輪自在 ブルｰ OCD-75AN-B","2881","58","","5","¥ 6,136","¥ 6,136","15","B09RFGM3PS","B0D7VH6WLJ","50","23.2","18.9","3430"
"コニシ 【箱売り】 ボンド 速乾ボンド G10Z 建築内装用接着剤 1ｋｇ 12缶入り","2352","29","","228","¥ 22,764","¥ 22,764","1","B0B5QPNTJQ","B078FL5L61","46.5","35","17.5","15000"
"[スリーエム] [新規格適合] フルハーネス 安全帯 伸縮式 ランヤード (ツイン) セット プロテクタ M/L 墜落制止用器具","2355","79","50","489","¥ 15,980","¥ 16,633","2","B08N5RCL84","B0CTHF8XMR","40.8","25.4","20.3","2590"
"[Vgo...] 4双入 チェーンソー手袋 防振手袋 メカニックグローブ 作業用手袋 軍手 羊革 掌当て付き 振動軽減 防刃 防護用 滑り止め 左手の甲に12層チェーンソー止め布付き EN381-7規格·レベル1 林業 伐採 草刈り (L,オレンジ―GA8912)","2043","25","","535","¥ 15,328","","","B0GZJKDB49","B0B3N3BDLW","26.1","13.6","4.6","600"
"SnailM-JOY 脚立 4段 折りたたみ 軽量 合金鋼 耐荷重200kg 室内 屋外 折り畳み おしゃれ 踏み台 はしご 梯子 ステップ台 持ち運び 滑り止め付き 広い足置き 安全 家庭用 業務用 洗車 掃除","2666","42","","27","¥ 5,382","","1","B0FPCX3S4H","B0FPCX792Q","122","45","7.5","6060"
"コニシ(KONISHI)ボンド スプレーのりZ-3 ガス抜きキャップ 430ml #63427 6本入り","2369","70","","24","¥ 11,988","¥ 11,988","1","B00W10D0R2","B01MXLWWYT","22.8","21.6","14.8","2660"
"リットマン ライトウェイトIIS.E.2456(ピンク)","2710","91","","24696","¥ 9,107","¥ 10,922","7","B004QEZ3GW","B093WC1TM2","25","13","4.4","231"
"[ACE] [10双セット]ニトリル耐化学薬品手袋 ソルベントガード Lサイズ AG7470","2378","52","","","¥ 5,132","¥ 5,132","1","B0FT8444J9","B0FTDV75T5","33.2","27","4.7","680"
"【2026年新登場】BreeRainz 有圧換気扇 300mm 金属製 2750m³/h大風量 純銅ブラシレスモーター搭載","2386","10","50","16","¥ 9,870","","1","B0G33SN9ML","B0HFVJBJN4","41.4","40.4","21.2","4540"
"ANYCUBIC 水洗いABSライクレジン 3.0、高強度・高精度、低収縮で精密モデルに最適、簡単水洗い、低臭気 （2kg 白）","2398","29","","16","¥ 5,798","","1","B0FN3K969H","B0H5JM8HYG","28","21","11","2530"
"TRUSCO(トラスコ) 熱収縮チューブ 収縮率2:1 透明 9mm 2m TRP18.7-9.0-2MTM x 10 個【ケース販売】","3195","51","","174","¥ 11,722","¥ 11,722","1","B0BBPSPV6X","B0CBRYT3ZQ","38.3","32.3","12.7","700"
"Sovol フィラメントドライヤー SH02 ドライボックス フィラメント密閉収納ボックス 40℃~70℃ 温度調節可能 360°加熱 3Dプリンター スプールホルダー 150W PTCヒーター付き フィラメント脱水機 タッチスクリーン付き ワンキーセット PLA PETG TPU ABS 1.75/2.85mm対応 2パックフィラメント用","2412","91","100","3348","¥ 9,899","","1","B0D4YXF8V6","B0FJ6X24T7","32.3","29.4","18.9","2000"
"アース線 IV 5.5sq 緑 20m 絶縁キャップ付き 国内メーカー品 600V アースケーブル 5.5㎟","2414","14","","87","¥ 7,960","","2","B0928JZJR5","B0DVC9SZ3D","25.2","24.5","6.2","1300"
"EZARC ステップドリル 4-32mm 15段 C型刃 3枚刃 AlTiNコーティング M35高速度鋼 6.35mm六角軸 ステンレス・金属板","2204","60","","211","¥ 5,593","","1","B0D3137XP9","B0DB4PTTYV","14.5","4.5","4.4","220"
"TRUSCO(トラスコ) ハンドタップ(並目) M24×3.0 セット (SKS) T-HT24X3.0-S","2425","21","","291","¥ 20,453","","19","B01ARO2DJO","B0C8B4ZK1C","13.8","8.5","3.4","800"
"TRUSCO(トラスコ) ゴムライナー3双組ブラック Mサイズ TGL-3BK-M × 100組 【ケース販売】","3513","44","","149","¥ 71,717","¥ 71,717","1","B0B5ZN9YK5","B09V16WQKC","58","49","30","15000"
"[3パック] Flemoon アウトドア延長コード安全カバー 防水シール付き","2434","11","","13","¥ 5,572","","1","B0FJ22BH9P","B0CG5GQP59","18.7","18.6","6.3","322"
"富士インパルス(FUJIIMPULSE) ポリシーラー P-200","2435","86","100","219","¥ 15,900","¥ 15,990","23","B01EU16CMO","B07GWSWJDG","33.8","14","11","2500"
"コニシ(KONISHI) 【箱売り】 コニシ ボンド クイックメンダー ブリスターパック 20g 10本入","2439","37","","2","¥ 7,860","¥ 10,647","2","B0BQX9KHJM","B0C1ML625M","20.6","16.1","9.5","235"
"Ledlenser(レッドレンザー)W6R Work ワークライト 作業灯 折り畳み式 ライト部分可動 マグネット付 フック付 スポットライト付 USB充電式 502736 [日本正規品]","2444","75","50","85","¥ 6,545","¥ 6,545","14","B0BY9N84B4","B0CVKMBPYH","21.6","9.1","7.6","340"
"レノア 煮沸レベル超消臭 抗菌ビーズ SPORTS クールリフレッシュ&シトラスの香り 詰め替え 1810mL×4袋 [大容量] [ケース品] 柔軟剤と一緒に使って効果長続き","2453","92","100","1241","¥ 8,380","¥ 9,380","12","B0CZ8VTMZ4","B0H61ZL2W2","35","23","22","3790"
"【ケース販売】日本製紙クレシア クリーンガード V20 エンビジョン 保護めがね 67621 12個入 つる角度・長さ調整可能 曇り防止レンズ UVカット 作業用安全メガネ","2463","65","","1","¥ 10,200","¥ 10,654","4","B08FX9P75P","B08HYW53G5","25.8","16.3","10.8","500"
"富士電線工業 低圧配電用ケーブル VV-F 2.6mm×2c 100M巻き","2465","71","","168","¥ 41,813","¥ 71,889","6","B0036CPIOW","B0C5WZFN53","40","39","10","17590"
"アルミニウム新仕様の軽量1.13kgランヤード 巻取りランヤード 安全帯 墜落制止用器具 ロック装置なし巻き取りタイプ 1号ロープタイプ ユニバーサル","2471","55","50","45","¥ 5,399","","1","B0C88S5666","B0H9XKKLJM","23","14.5","13","860"
"ガービー（Garvee） 工業扇 業務用扇風機 三脚型 45cm スタンド型 アルミ羽根 首振り 風量3段階 高さ調節110~145cm ブラック","3904","69","100","10","¥ 6,916","","1","B0D3F33B67","B0FGPMQZXL","62","52","17","7484"
"[マルゴ] 地下足袋 祭り 太鼓 登山 脱ぎ履き簡単 面ファスナー仕様 コハゼ6枚丈 マジックエアージョグ ユニセックス大人 ホワイト 22.5 cm","2485","19","","127","¥ 6,937","¥ 6,389","2","B0B2HZSVHB","B0BFXVD22D","30.2","11.4","9.4","530"
"Hon&Guan フレキシブルダクト 換気用 ダクトホース【インボイス制度登録店】PVC四層構造 蛇腹式 自由伸縮 ホース 排気ダクト アルミダクト 送風ダクト 乾燥機/ダクトファン/エアコン/塗装ブース用 簡単収納 耐熱 防水(φ200mm,10m,グレー)","3225","30","","150","¥ 5,278","","1","B0CC5L81X8","B08185SPWK","34.8","22","21.5","2100"
"[meosos] 空調作業服【42V最強風 40500mAh大容量】ファンバッテリーセット -16℃の冷却効果 暴風ファン 最大25時間連続稼働 7段階風量調節 2種類モード搭載 9cm服穴径対応 PSE認証済 日本語説明書付き[日本ブランド正規品]","2487","90","200","172","¥ 6,980","","1","B0FBG58KGR","","27","21.4","5.2","1070"
"Hanmir ワークテーブル 折りたたみテーブル 作業台 幅180cm×奥行76cm×高さ74cm アウトドアテーブル 軽量 万能作業台 耐荷重120kg 屋外/屋内兼用 作業テーブル 組立不要 キャンプ/ガーデニング/作業台に最適 1台","2492","59","50","14","¥ 7,357","","1","B0GV4B4R4L","","93","70","7","10300"
"シーバイエス(C×S) 樹脂ワックス ベクスター 18L","2495","81","200","116","¥ 7,873","¥ 7,873","9","B07D9V435M","","36.8","29.4","27.8","19570"
"Protalwellラバーエッジトリム、自己粘着Uチャンネルエッジトリム、ブラック、サイズ19mm(適合18-20mm)-長さ6m","2598","48","","1560","¥ 5,279","","1","B0CRR2Q315","B0H6G55V8P","15.9","15","5.6","662"
"山善(YAMAZEN) フレコンバッグ 10枚入 1t用 丸型 反転ベルト付き UV加工 直径110×高さ108cm ベージュ YZ-1","2517","72","","","¥ 13,800","¥ 13,800","1","B0F4CGQDFS","B0GTXXVPLS","66.6","44.7","25.1","15020"
"コニシ ボンド 屋内用パテ 120ml 白 10本入り #05411","3746","38","","345","¥ 8,213","","1","B00VR1K29A","B0CZ6HV2J4","25.8","19.8","8.6","1880"
"広電(KODEN) 工業扇 工場扇 業務用扇風機 ミニ 25cm 据置き型 上下左右360°ラウンドムーブ送風 自動首振り 風量3段階 アルミ羽根 持ち運び簡単 ブラック CFF253DMA-AZ","2520","75","100","84","¥ 5,680","¥ 5,680","1","B0CW65DF9V","B0D9LH9KXN","41.6","36","32.2","2370"
"ＨＩＯＫＩ 　ＡＣクランプメータ　ＣＭ３２８９ CM3289","2522","101","100","231","¥ 13,227","¥ 13,227","21","B07BHXV63Q","B0CTLTBSH6","26.4","13.2","5.2","230"
"HAIGE(ハイガー) 充電式 乾湿両用業務用掃除機 20L 200W 本体のみ HG-RL195-W200-20","2540","79","50","359","¥ 11,840","","2","B089Q78PG2","B09L81YWDH","48.7","40","38.3","5500"
"デジタル糖度計 日本語表示 野菜濃度 果物糖度 アプリ連携データ保存 防水 温度自動補正 (ATC) PP35","2541","12","","17","¥ 8,668","","1","B0H83V278J","B0H8Y8VT1J","15.1","11.8","2.7","190"
"ANYCUBIC ABS-Like レジン Pro 2 強度と靭性が強化された 3Dプリンター レジン 低収縮性で高精度 低臭気 (透明 2kg)","2645","29","","439","¥ 6,299","","1","B0CZ8J6WNH","B0CM1XVQPG","27.7","21.5","11.2","2410"
"3M No.243J PLUS マスキングテープ 18mm×18M 70巻入","2549","47","","62","¥ 5,480","","9","B00CL6WK90","B07L63BTJ1","28.3","13.6","11.9","2020"
"コーナンオリジナル アルミ製洗車台 足場 踏み台 高さ60cm 幅90cm 軽量 折りたたみ 耐荷重100kg","2552","88","100","940","¥ 6,980","¥ 7,287","3","B076X1J17Z","B0F8TF1QFK","95","50","20","4890"
"DAYTECH ナースコール 家庭用 LED番号表示 ワイヤレス呼び出しベル 送信機10台・受信機1台 32曲・5段階音量 家庭・介護施設用","2555","44","","115","¥ 7,698","","1","B0DX686VFF","B0GVNG2QL7","13.5","10.2","10.2","490"
"スイデン(Suiden) スポットクーラー ブラック ポータブル型 小型軽量タイプ 1人用 業務用 選べる排気方向 SS-16MAB-1","2559","61","","1","¥ 53,000","¥ 55,452","7","B0GRTXSYTJ","B0H5JV8RLC","84.7","60","32.5","26000"
"TRUSCO(トラスコ) メッシュ袋 小 1枚入 39X55cm 目合4mm 黒 MH-S-1-BK x 100 枚【ケース販売】","3449","46","","216","¥ 21,004","¥ 21,004","1","B0BWRLQ7JY","B09NWQRF9T","58","40","31","9100"
"HIOKI (日置電機) IR4053-11 絶縁抵抗計 メガー テスター 太陽光 PV 日本製 JIS認証 デジタル 5レンジ 50V 125V 250V 500V 1000V","2573","55","50","87","¥ 37,109","¥ 37,109","19","B00T7DWCDE","B09Q3BVXPC","21.5","16.4","6.6","890"
"シモジマ ヘイコー 使い捨て 紙皿 バガス 深皿プレート 業務用 徳用プレート クラフト 23cm 3仕切り 1ケース(50枚入×16袋 合計800枚) 004466162 【ケース販売】","3305","44","","9","¥ 19,144","¥ 19,144","2","B0F66VY2LW","B0FB8D1PKR","48.5","48","48","12800"
"BURTLE バートル エアークラフト 2024年モデル ファンユニット ブラック AC08-1 35 F","2583","107","100","68","¥ 7,900","","9","B0CQJMB7CH","B0D91QS2CW","28.9","13","5.2","330"
"[タジマ] 新規格安全帯 フルハーネスGS・両側巻取式ダブルランヤードセット Sサイズ黒 束縛感の少ないY型構造 巻取器を移動することで好みのランヤード長に調整可能 ランヤード長150cm より戻し付き硬質焼入ゲートスチールフックL2 フックハンガー付 A1GSSER-WL2BK","2584","63","","91","¥ 20,627","¥ 20,627","18","B091DRH9Q2","B0BHZB246P","26.2","21.4","17.4","2980"
"ボックスバンク ダンボール 引っ越し 段ボール箱 宅配 140サイズ 20枚セット【49×49×32cm】 FD32-0020-a 強化材質","2149","56","","287","¥ 6,595","¥ 6,595","2","B0B6BX7KKS","B07MYKSZQ3","81","49","32","4000"
"MAXZEN スポットクーラー 業務用 ツインダクト エアコン スポットエアコン クーラー 除湿機 衣類乾燥除湿機 工事不要 置き型 移動式 冷風 送風 ポータブルエアコン ホワイト 白 MSC-ST25TH-WHTH","2588","32","100","12","¥ 49,980","","2","B0F73Z6X8G","B0GXYRZDZH","86","43","39","32500"
"アイリスオーヤマ UVシート ♯4000 BU40-5472","2590","75","","2842","¥ 6,550","","9","B002Q8QU94","B00U674ETA","57","42","16","7960"
"GUARDLEAD 折り畳みカラーコーン おもり付き 1200gウエイト内蔵 ABS製 伸縮式 反射材 LEDライト付き 折りたたみ三角コーン LZ02 Pro 車載 子ども練習 アウトドアイベント対応 (700mm, 4個入り)","2592","75","50","109","¥ 12,999","","1","B0CGV4DND2","B0C92BXNY6","31.7","31.7","21.3","7484"
"mita 感熱 ロール紙 58×40×8 コアレス （ 100巻 パック ）ハンディターミナル ・ モバイルプリンタ などに 対応","2606","25","","198","¥ 9,720","","2","B0096J5KGU","B07TCK1KN5","31","23","22","7400"
"【箱売り】家庭化学 超強度防水コンクリート補修材 1.8㎏ 6袋入り コンクリート ガレージ 工場 補修 ワレ スキ間 陥没","2618","74","","3","¥ 5,463","¥ 5,463","1","B0D7V9MZ9M","B0GS8Y8Y12","35.1","22.4","14.6","11970"
"ERICKHILL 電磁波計 3in1電磁波測定器 EF/MF/RFメーター 電磁場放射 充電式 デジタル/グラフ切り替え可能","2619","75","","1072","¥ 7,899","","1","B0B79GWYHL","B0BXRVTXFY","18.1","14.7","4.1","290"
"熱収縮チューブ 15mm 内径φ15mm （平置き幅25mm）印字無しで綺麗☆ 収縮比率2:1 (15mm→7.5mm) シュリンクチューブ 絶縁チューブ 防水 高難燃性 収縮チューブ (20M, クリアー（透明）)","2333","15","","319","¥ 5,880","","1","B0BRH4HFFD","B082KZ1ZDS","10","7","1","10"
"スター精密 MCP31LB BK JP #39651320","2624","60","50","82","¥ 47,300","¥ 58,592","6","B07GJJKM2J","B0DGQPB632","29.6","27.4","20.9","2280"
"TRUSCO(トラスコ) オールアンカーCタイプ M8×50 14本入 C-850BT × 10PK 【ケース販売】","2633","16","","","¥ 10,000","¥ 10,000","1","B0B3QWH3DF","B09PBPDBZP","33","15.2","8.9","3422"
"TRUSCO(トラスコ) スパイラルタップ M20×2.5 T-H-SP-M20X2.5","2632","54","","191","¥ 6,227","¥ 6,227","19","B01MRBWODF","B0CDHZPQMB","15.9","5","2.2","140"
"共立電気計器 AC/DC低圧用検電器 KEW 5712","2638","68","","10","¥ 8,398","¥ 8,398","10","B07L4TN4PD","B0F2T21MLY","20","10","2","20"
"ショーワグローブ(Showaglove) ケース販売・タッチパネル対応・帯電防止手袋 AP800 制電ニトリルパーム手袋 Mサイズ グレー 120双","2643","58","","69","¥ 55,971","¥ 55,971","2","B0D34VBYSF","B0DQ2YT887","54.9","40.1","20.3","5070"
"[武蔵野ユニフォーム] BURTLE エアークラフト AIRCRAFT ファンユニット バートル 2026年 30V対応 AC10-1/AC10-2 単品 ファン付ウェア用 防水設計 ストラップ付<005-AC10-1-AC10-2-ス>(35-ﾌﾞﾗｯｸ)","2654","76","100","11","¥ 6,840","","1","B0GQ3828K6","B0GPWY88ZW","25.8","14.8","5.6","370"
"3M ハイタック両面接着テープ 9716 30mm幅x10m 9716 30 AAD","2655","56","","396","¥ 5,918","¥ 5,918","11","B00DOLAWX2","B018JO714Q","18.5","18.1","3.5","502"
"ボックスバンク ダンボール 宅配 160サイズ 20枚 高強度8mm【53×53×46cm】二つ折り EMS FD33-0020-a2","2661","60","","82","¥ 14,852","¥ 14,852","1","B0BJDHYY2N","B082WHKDB7","98.5","52.5","32","17000"
"OVERTURE PLA+2.0 フィラメント 1.75mm 4kg PLA Plus 3Dプリンター用 高強度 高速印刷対応FDM(黒×4)","2668","4","","5","¥ 7,999","","1","B0GLP3YQCD","B0H4QJK19Q","41.3","33.5","22.5","5010"
"créer クレエ 灰皿 スタンド【大容量/高耐久/屋内外対応】ステンレス 高さ62.5㎝","2669","73","200","62","¥ 5,880","","1","B0BXVX2PTV","","71.7","27.1","26.9","4130"
"グリーンライフ(GREEN LIFE) 純水器 Purenish Pro(ピュアニッシュプロ) 洗車後の拭き上げ不要「BEAUTIFUL CARS(ビューティフルカーズ)監修 」 水シミの発生を防ぐ イオン交換樹脂カートリッジ3個付 ワンタッチ接続 洗車 JU-03","2679","80","100","356","¥ 29,507","¥ 29,507","5","B0CWPY3KBM","B0FGNKGWN1","77.2","36.1","36","11840"
"熱収縮チューブ 20mm 内径φ20mm （平置き幅34mm）印字無しで綺麗☆ 収縮比率2:1 (20mm→10mm) シュリンクチューブ 絶縁チューブ 防水 高難燃性 収縮チューブ (20M, ブラック（黒）)","2879","47","","406","¥ 9,800","","1","B082L2V25W","B082L2W9XH","10","7","1","10"
"【大阪の飲食店監修】 メニュースタンド 業務用 「A4サイズ対応ｘすべり止めつきｘ選べる4カラー」 (ブラック, 5個) (× 2)","2698","11","","36","¥ 8,960","","","B0GYS8D56D","B0FJFSQLSN","34.3","27.1","3.2","2200"
"ベストアンサー 仕事 効率化 スリングベルト 安全性 向上 スリング ナイロンスリングベルト 25mm 2m 10本入り カートン 使用荷重 800kg ベルトスリング スリング 繊維ベルト 工具 道具 園芸 出荷 引越し 警告線付き コスパ 強度","2701","56","","146","¥ 5,940","¥ 6,020","2","B01LY2ER9U","B01M246045","29","25","9.5","2300"
"オムロン デジタル自動血圧計 HEM-1010シリーズ HCR-1602","2704","99","100","59","¥ 17,300","","17","B0BSF4XF44","","25.7","24.3","23.9","2220"
"トミーグローバル 超硬 スクエア エンドミル 刃径 6mm 全長 75L 4枚刃 TiAlNコート/ TG1113 【3個セット】","3059","21","","441","¥ 6,080","","1","B093TJDZ5R","B07ZNMF63W","8.4","5.4","1","100"
"伸縮作業台 折りたたみ作業台 テーブル脚 机の脚 木工 DIY 補修 作業台 高さ調節可能 瞬速3秒設置 現場用 ソーホース 日本語取扱説明書 (6脚)","2708","48","","6","¥ 5,082","","1","B0GWJ3P536","B0H5VQ7XRJ","90","21.5","14.5","4140"
"LONTAN スライドレール 350mm 5セット 幅45mm 3段引き ねじ付き 側付け シルバー 最大耐荷重45㎏ 取り外し可能","2718","47","","48","¥ 5,048","","1","B0GXKNRVKY","B0H8Y1HJWT","39.1","10.5","8.7","4480"
"aleawol ラボジャッキ 昇降台 実験用 300x300x460mm ステンレス鋼 作業台 耐荷重25kg 高さ調節可能 滑り止め付き","2722","27","","113","¥ 7,182","","1","B0GWZXGDFB","B0FWR6DB6F","38","30","13","5000"
"VADANIA #A53 重量用スライドレール ブラック 1000mm","2725","60","","105","¥ 5,751","","1","B08H4DXBCR","B0D1QZZ73K","99.7","5.2","3.8","5700"
"アストロ 吸水土のう袋 6枚+専用ケース2個セット 水でふくらむ 緊急簡易土のう 1袋約15L吸水 災害 水害 浸水 初期対策 830-04","2729","34","","14","¥ 7,573","¥ 7,573","2","B09RSV6MPN","B0CNPK5N42","37.3","27.4","10.6","1630"
"セメダイン 防カビ剤配合 シリコーンシーラント 多用途 低臭 アルコールタイプ 8051N 330ml アンバー 10本","3961","28","","190","¥ 10,121","¥ 10,121","2","B00DFVEUZW","B0D5YVXL8Z","29.8","25.8","10.8","5480"
"AOUCHI(オーチ) メンズ レディース レザー 作業用手袋 溶接 園芸 ブラウン XXL","2745","8","","857","¥ 5,032","","1","B0GZW7VL3N","B0FYXLBYQZ","27.7","14","4.2","308"
"HIOKI (日置電機) デジタルマルチメータ DT4256 (スタンダードモデル) テスター DMM 日本製","2762","98","50","75","¥ 22,316","¥ 22,316","18","B00XJE4HDU","B0CN3241VX","15.9","12.9","6.5","600"
"防水シート 4mx10m 透明 ビニールシート 厚手 ＃3200 ブルーシート 白 PE透明糸入り 屋外 雨除け 風除け","2762","12","","4","¥ 7,100","","1","B0GZZQYQKQ","B0GZZVBGNG","38","28","10","6000"
"ナビス マジックベルト (ラテックスフリー) 200×2000mm / 7-3407-13","3221","48","","124","¥ 6,840","¥ 6,840","5","B0791C7VDN","B0CMTC1M9J","23.2","22","6","260"
"三友産業 ハンディラップ 黒 詰め替え 幅100mm×長さ150m ×厚み20μ 梱包 結束 段ボール ラップ ロール ハンディ HR-3912 24巻セット","2785","49","","57","¥ 10,945","¥ 10,945","1","B0CNC66PYZ","B0CP41SFNM","31.7","29","23.7","8000"
"マキタ 充電式ファン羽根径23.5cm青(18/14.4V) ACアダプタ付/バッテリ充電器別売 CF203DZ","2791","82","100","430","¥ 8,780","¥ 8,780","15","B07QYT3T46","","46.5","34.8","15.2","2620"
"【HIKARI】LED作業灯 48W 6000lm 広角照射 IP67防水 8V-60V対応 PMMAレンズ LEDワークライト 補助灯 トラック フォークリフト 建設機械 農業機械対応 10個セット 「A-ZG02-Cx10」","2791","63","50","878","¥ 8,483","","1","B07G125QGR","B0CQY9QRFK","34.7","27","17.4","5070"
"[Hellozebra] マスク 不織布 個包装 プリーツ型 500枚入り ホワイト 使い捨て 3層フィルター 柔らか素材 通気性 肌にやさしい 耳が痛くない 呼吸ラクラク 息がしやすい 花粉・ウイルス対策 男女兼用 日本認証済み [正規品]","2793","32","","346","¥ 6,790","","1","B08QFGHKL1","B0F2HLJVJL","55.6","23.8","20.4","2880"
"Kretrum 30色 1.75mm PCL 3Dペン フィラメント リフル 低温 3Dペン用 フィラメント リフィル 3Doodler start+ 3Dペン には使用できません","2796","69","","179","¥ 5,500","","1","B0F2STRHLN","B0H3V3D96F","22.7","20.5","2.8","310"
"TOP・STAR 重量用スライドレール 工業用レール DIY車引き出しスライド ハイエーススライドレール 幅76㎜ ロック付き 最大耐荷重157㎏(黒色メッキ幅76MM, 1500MM)","2798","38","50","15","¥ 15,960","","1","B0GLZGPJS2","B0GLZKYVTH","156.2","8.8","8.8","17300"
"ピカ(PiCa) 脚立 6段 6尺 1.68m はしご兼用脚立 アルミニウム シルバー BCD-180","2890","43","","85","¥ 13,800","¥ 13,800","1","B0B4N836CV","B0BH4T2YW3","180","62","17","6700"
"LIANLI ARGBエクステンションテーブル Strimer Wireless CPU(EPS) 2x8 PIN 2.4GHzワイヤレス機構搭載 STRIMER WLS 8PIN CPU 日本正規代理店品","2822","81","","17","¥ 9,064","¥ 9,064","3","B0DX59TZC4","B0FH9MR6LQ","34","8","4","190"
"TRUSCO(トラスコ) 布粘着テープ 25mm×25m 重量物梱包用 GNT25 × 60巻 【ケース販売】","2839","56","","95","¥ 17,333","¥ 17,333","1","B0B5ZLW1D4","B09VDQFKT3","42","28","26.6","14000"
"バートル ファンユニット エアークラフト 京セラ製 AC270 35.ブラック ※19V 22Vと互換性なし","2841","73","100","164","¥ 5,490","","1","B08XLND731","","29.1","12.9","4.9","360"
"[BURTLE] [バートル] ファンユニット AC10-2 エアークラフト AIRCRAFT 京セラ製 2026年モデル 72メタリックゴールド","2844","97","200","26","¥ 6,435","","7","B0GNMBN5Z5","","29","13","5.1","380"
"[藤井電工] 新規格 柱上作業用 柱上安全帯用ベルト C種 U字つり専用 ブラック 黒 Mサイズ ベルト長さ 1200mm WP-FC-110-BLK-M スチールバックル ワークポジショニング用器具 日本製 安全帯 ツヨロン TSUYORON","3610","49","","90","¥ 7,054","¥ 7,054","16","B07VZDRMSL","B0DX6X22M9","48","14.5","7.8","780"
"トラスコ中山 (TRUSCO) 安全コーン ポリエチレン製 グリーン 幅380×高さ700mm 10本入 TCC-GN 389-9756","2856","50","","103","¥ 6,489","¥ 6,489","1","B0F4JWT85R","B0FGDJ287L","88","38","38","8000"
"ANYCUBIC PLA PLUSフィラメント pla+フィラメント 環境保護（10kg 黒+白+質感グレー +ピンク+赤+青+緑+オレンジ+黄+紫）","2856","39","","1","¥ 18,999","","1","B0FKSP8112","B0FLDH1MDY","42.3","37.9","23.6","14000"
"ニッペ(Nippe) ペンキ 塗料 水性シリコン下塗りシーラー 8L 透明 水性 屋内外 シーラー 日本製 4976124400438","2863","83","","98","¥ 15,970","¥ 16,630","9","B0060I4FX4","B01MSMOO70","24.6","24.5","21.2","9120"
"Verdure 伸縮作業台 折りたたみ作業台 テーブル脚 机の脚 木工 DIY 補修 作業台 高さ調節可能 頑丈 肉厚ステンレス 耐荷重 組立不要 軽量 コンパクト収納 家庭用 業務用 家庭用 2サイズ 収納バッグ付き (8脚)","2866","70","50","23","¥ 5,933","","1","B0GTZMDWW6","B0GTZMD98F","91","27","16","4750"
"因幡電工 粘着テープ 80個 標準厚タイプ 50mm×20m グレー HF-50-G (80)","4899","12","","487","¥ 79,744","¥ 79,744","1","B00ZWS5A6O","B0779RS5FP","60","60","50","15000"
"Phomemo M02S ミニプリンター AIスマートアプリ サーマルプリンター セット 6ロールシール付き ラベル印刷 300DPI","4743","16","","1654","¥ 11,573","¥ 11,573","1","B08X46462L","B0GYS9VM2Z","16.6","16.4","5","440"
"EUHOMY 製氷機 家庭用 【四角い透明氷 高速製氷】8分16個 42dB静音性 2L大容量 クリア氷 小型製氷機 タイマー機能 自動洗浄機能 氷サイズ調節可能 ２通りの給水方法 氷バスケット ポータブル アイスメーカー 氷つくり機 製氷器 晩酌 家飲み 業務用 オフィス飲み ホームパーティー ふたり暮らし用 日本語説明書付き ブラック","2874","77","100","642","¥ 19,999","","1","B0FMK2FYTQ","B0G1T6G1Y5","36.2","32.4","25.7","8100"
"フライヤー 業務用 12L 大容量 電気フライヤー 業務用フライヤー 卓上タイプ 揚げ物器","2892","78","50","35","¥ 20,800","","1","B0FR5BZ927","B0GWHVBFVZ","48","41.9","35","7350"
"[マルゴ] 地下足袋 祭りたび エアークッション 12枚丈 エアージョグV(ファイブ) 12枚 2E BK 26.5 cm","4288","51","","327","¥ 5,640","¥ 6,337","10","B07Q86CTTN","B07Q3VPR26","30","11.4","9.4","780"
"uxcell 塩ビパイプ エンビパイプ 硬質PVC 147.6mm内径 160mm外径 30cm長さ 塩ビ管 耐衝撃性 ビニールパイプ ホワイト","3635","7","","19","¥ 5,060","","1","B0DQWD5TWT","B0DKJD8DXS","31","17","16.5","1520"
"ADHES ブチルテープ 防水シーラントテープ 雨漏り補修テープ 防水アルミテープ 屋根補修、配管の水漏れに使え (100mm x 5m /12ロール)","2907","50","","4392","¥ 7,217","","1","B0C5R59F3N","B0FNVPJY8G","33.6","25.7","23.7","8540"
"Jesverty 直流安定化電源新型SPS-3010M（30V/10A） 、0-32V 0-10A電圧電流可変、スイッチング電源、20W USB Type-A & Type-C急速充電、エンコーダーノブ、出力ON/OFFスイッチ、高精度4桁LEDディスプレイ、OCP過電流保護、コンパクト軽量、低ノイズ＆リップル","2911","79","50","449","¥ 8,499","","1","B0CZ92WTQ3","B0CSFMM2RN","27.8","20.5","12.7","1540"
"ecozy 製氷機 家庭用 6分/9個氷 1.2L水タンク 高速製氷機 自動洗浄機能付き 日本語パネル コンパクト","2919","69","50","6317","¥ 9,999","","1","B0GFVLLSNC","B0F1RWMJG9","32.6","32.3","25.5","6200"
"DayPlus 伸縮脚立 はしご 兼用脚立 5段+5段 踏み台 折りたたみ式梯子 コンパクト収納 ステンレス製はしご 持ち運び便利 室内屋外両用 大掃除工具（1.7m+1.7m）","2930","44","","67","¥ 9,800","","1","B0CMT8TSF9","B0CSSYBFZ7","68.6","48.8","14.4","10140"
"ELEGOO Saturn 4 Ultra 16K樹脂3Dプリンター 150mm/h高速印刷 大型印刷サイズ211.68x118.378x220mm³","2935","93","50","29","¥ 68,999","","1","B0DT99F529","B0B49432TF","62","41","40","18720"
"[ACE] [まとめ買い] 12双パック 作業手袋 牛床革手袋 オイル 外縫い 内綿 レッド Mサイズ AG4815 朱雀","3952","48","","1","¥ 11,898","¥ 11,898","1","B0D22LF8N2","B08NKPR9RM","28.6","25.8","14.3","2390"
"Creality 公式 SpacePi V2 フィラメントドライヤー 乾燥機 3D プリンター フィラメント収納ボックス-ケース","2947","76","50","429","¥ 8,279","","1","B0FJQVXDZ1","B0HCBTZ6RK","31.7","30.1","12.6","1660"
"HERIKEN 熱中症対策 溶接作業 冷却器 クールベスト 冷却ベスト 個人用冷却器 コンプレッサーに接続だけ 水油分離 (黒)","2951","73","50","204","¥ 7,989","","1","B074MXZLSP","B074N1BRL7","25.3","20.7","9","1110"
"[厳選ｉｉｍｏｎｏ] プラスチック手袋 頑丈で破れにくい PVCグローブ PVC手袋 ビニール手袋 プラスチックグローブ 粉なし サイズ S M L 使い捨て手袋 パウダーフリー ぴったりフィット 使い切り手袋 デイサービス 介護用 (100枚×20箱, Mサイズ)","2952","63","","14","¥ 7,240","","1","B0D8FWDFW3","B0D8F7YVB5","45","31","23","9300"
"VVFケーブル 1.6mm×2芯 20m 切り売り 灰色 600V 国内メーカー品 ビニル絶縁ビニルシース平形ケーブル 電線 2C","2539","25","","198","¥ 5,559","","1","B0CNC4N6SV","B0CNGHP7M8","24","24","7","1790"
"コニシ ボンド 木工用速乾(ボトル) らくらく750 750g 10本入り #40300 ホワイト","2956","17","","","¥ 8,580","","1","B00VR1KKWE","B0B8GLJ7CV","35","32","14.8","8540"
"変圧器 5000VA 昇圧機 100v/110v to 220v-240v 230v/220v to 110v/100v AC ステップアップトランス ステップダウンstep up step down transformer 昇圧トランス voltage converter 变压器 日本 中国 アメリカ ヨーロッパ 東南アジア 降圧器","2958","61","","17","¥ 15,590","","1","B0B5G55551","B0828LCGYN","32.3","27.5","23","11990"
"愛知電線 VVF ケーブル3芯 2.0mm 20m 灰色 VVF3×2.0M20","2959","94","100","238","¥ 9,177","","2","B00N8AD010","","24.5","23.8","5.6","3190"
"タイタン(TITAN)パンゲアハーネス　ホライゾン PAHN-10A-SI-M (Mサイズ/腿水平型/新規格対応/背中クッション標準装備)","2961","70","","392","¥ 17,575","¥ 18,144","20","B07NMKTLWD","B0BGL6LQNC","39.2","20.8","12.2","1320"
"ハイアール(Haier) 炊飯器 5.5合炊き マイコン式 あつ旨炊き 低温調理 保温 予約機能 大火力680W 早炊き 炊飯メニュー12種類 ホワイト JJ-M56B(W)","2962","91","100","178","¥ 6,768","¥ 6,768","7","B0CPDWZ221","B0FSK5KYVH","40.6","29.9","25.4","4150"
"高儀(Takagi) EARTH MAN 超硬トリマ・ルータービット ボーズ面ビット25mm TRBP-9 (× 5)","3044","15","","","¥ 5,520","","","B0DY6BY5BW","B0FQV5GWZF","9.5","7.2","5.3","400"
"TAiSEi 万能防水伸縮シート Fast Flash(ファストフラッシュ) 長さ1mX幅28cm ブラック","3111","50","","229","¥ 5,940","¥ 7,091","7","B074P34FNV","B076BH24JG","31.2","13","12","1080"
"スワン電器 ダクトレール専用小型レールファン 首振り機能搭載 冷暖房効率アップ 風量調節6段階 SRF-251 (BGY/ブラッキーグレイ)2026年新型","2976","74","400","11","¥ 9,570","","1","B0GWQ5567D","B0F4QM34CG","30.7","21.1","18.4","740"
"JX日鉱日石トレーディング スーパーハイランド 46 20L","2976","34","50","311","¥ 14,350","","4","B015QTPAMW","","37","30","30","20000"
"【強化版手すり付き】折りたたみ式 トラック用荷台はしご アルミ製 2段 耐荷重120kg トラック昇降ステップ トラックステッパー 荷台ステップ トラックラダー 昇降設備","2978","64","50","59","¥ 7,880","","1","B0DPSMYSQZ","","72","31","14","3200"
"三ツ星ベルト(MITSUBOSHI) リブスターベルト 特殊仕様 7PK2020A","2980","53","","68","¥ 5,000","¥ 4,665","3","B076HHV956","B0CS4125SY","50","15","5","500"
"コニシ ボンド クイック5 80gセット 10セット入り #16131","2830","52","","5","¥ 8,780","","1","B00W10DM6G","B078FV6VN5","33.9","14.5","7.7","1320"
"NZXT F280 RGB Core Black 2ファン搭載 280mm シングルフレーム RGBファン RF-U28HF-B1 FN2264","3003","76","","2591","¥ 5,436","¥ 5,436","8","B0D1RJSVBD","B0DFG4XDR1","34.7","14.8","3.5","590"
"3M ™ リットマン ® クラシックⅢ ™ ステソスコープ 聴診器 5809 シングルチューブ バイノーラル/成人・小児両用型チェストピース（銅色加工）約69cm/チョコレート","3007","91","50","169","¥ 14,879","¥ 14,879","5","B08W2XFQ34","B0FGJ389PG","32.5","16.6","4.6","340"
"京都機械工具(KTC) コ-ドレスグリ-スガン JTAE911","3362","45","","75","¥ 41,690","¥ 42,221","28","B01DLF383Q","B0B5Z3MXRD","66","34","17","5880"
"3M 保護カバー 4520-4XL","3010","46","","347","¥ 10,505","","2","B00ODPIFUA","B07YKZWX4J","30.1","22.6","5.1","220"
"FSX 使い捨て 紙おしぼり SILKY シルキー Lサイズ WHITE 900本 抗ウイルス 抗菌 平型 大判 厚手 業務用 VB","3013","70","100","251","¥ 8,811","","3","B07G44GFW3","B0DSPRLJN9","52","34.5","22.5","13100"
"DMSO低臭-ジメチルスルホキシド液（100ml）、医薬品グレード、高純度、Heiltropfen","3147","74","50","201","¥ 6,100","","2","B00ZNV5N8U","","14.7","4.8","4.8","250"
"尾上製作所(ONOE) 20個入り トタンチリトリ大完成品 G-TCL [屋外 清掃作業 丈夫で長持ちトタン製 亜鉛鉄板 日本製 ガーデニング用品 園芸 業務用 落ち葉集め]","3018","66","","711","¥ 18,000","¥ 18,000","2","B07VPNKN3H","B0GJYYY7H5","81","48","35","15000"
"コニシ(KONISHI)ボンド G17スプレー ガス抜きキャップ 430ml #64027 6本入り","3021","33","","382","¥ 8,958","","1","B00W10DXYW","B0B1LR1H4F","22.8","21.7","14.8","2820"
"J-B Weld 8280 オリジナル プロサイズ スチール強化エポキシ - 10オンス","2938","64","","24098","¥ 20,647","","1","B000ALG8LO","B01LXDTM9L","20.3","15.4","4.4","340"
"カラーラック スチールラック 棚 シェルフ 棚 収納棚 ルミナス 収納ラック キャスター付き 防サビ加工 頑丈 4段 幅45cm 奥行29.5cm 高さ100.5cm","10057","22","","1","¥ 5,480","","1","B0F2FMDGSB","B0HGQ5F3TW","100.5","45.5","29.5","18000"
"Siraya Tech Fast Mecha ABSライク 3Dプリンター用レジン, メカホワイト, 1kg","3032","81","","4019","¥ 9,599","","1","B09LQRJ4T9","B08KSKZHQD","21.6","10.1","10","1170"
"KIYOMARU ビヨーンと伸びて自由に動かせる足関節模型 右足 人体模型 足骨模型 理学療法士監修 伸縮コード スタンド付き (右足・全可動)","3040","62","","73","¥ 8,980","","1","B0B3LX9NB1","B0CCQ43JCW","21.7","15.1","11.3","490"
"【2026年改良モデル】 超音波洗浄機 コードレス 入れ歯洗浄機 マウスピース 洗浄機 超音波 48000HZ強力振動 汚垢除去率99.9%","3042","89","50","17","¥ 5,978","","3","B0GQF96VQW","B0HGDLLCZH","13.6","13.3","12.7","530"
"アズマ工業(Azuma Industrial) アズマ 回転モップ トルネード丸型セットコンパクト 拭き幅26cm 柄の長さ107.5~130cm ピンク 一層式洗浄 TSM557","2423","53","","54","¥ 5,354","¥ 5,354","9","B00SQL2HEC","B0FT85F1N6","32.5","30","25.5","2050"
"アストロプロダクツ 充電式 プラスチックリペア ハンダゴテ 半田ごてコードレス プラスチック溶接","3048","76","","64","¥ 5,489","","5","B0D9V9G5ZL","B0GWTRDNGQ","24.5","11.4","2.4","140"
"藤井電工(Fujii Denko) ツヨロン TSUYORON 新規格 コルトリトラ フルハーネス用ランヤード THL-2-CR93-21KS-2R23 巻取器 ロック機構付き ツインランヤード 2丁掛け 墜落制止用器具 日本製 高所作業 建設現場 軽量 小型 安全帯","3054","70","","","¥ 29,978","¥ 29,978","1","B08C2WMC52","B0CKFDCC72","26.8","14.2","9.1","1490"
"MEICHEPRO 業務用静音台車 手押し台車 平台車 折りたたみ キャリーカート 運搬カート 家庭用 (タイプA)","3062","43","","43","¥ 5,999","","1","B0DWXHHXRN","B0H1QKPPX7","74","51.7","16.2","10600"
"山善 ELEIN 工業扇 工場扇 45cm スタンド型 2WAY (バッテリー/ACアダプター) 風量無段階調節 左右首振 上下首折 DCモーター IP54 防塵 防水 業務用 現場 工場 扇風機 大型 屋外 YKSB-GD45","3066","42","","","¥ 14,801","¥ 14,801","2","B0H4XYQHLD","B0H833FX1Y","54.3","53.3","26.9","7620"
"RIKADE (リケード) Aフレーム 伸縮はしご ボタン1つ付き アルミニウム製 調節可能な拡張はしご ポータブル 軽量 折りたたみデザイン 自宅/RV用 耐荷重330ポンド (1.7+2M)","4608","24","","2521","¥ 34,343","","1","B0G7DY7CJQ","B09QPDH4P7","71.8","48.3","14","9639"
"[Vgo...] 0℃ or 0℃以上 防寒作業手袋 チェーンソー手袋 牛革レザー掌部 メカニックグローブ 山仕事 伐採 草刈り 両手甲に12層チェーンソー布 切断防止機能付きCA9760FLWP(オレンジ,M)","3068","73","","6","¥ 5,490","","1","B0BK8JXT6H","B0B3RH63JS","27.1","13","4.7","250"
"[NECPLUS] フェイスシールド 日本検品 100枚セット 男女兼用 マスク 飛沫防止 曇らない ガード コンパクト 超軽量 感染予防","3210","41","","7","¥ 16,000","","1","B08J2B6VFZ","B08FRT1KX6","42.4","27.3","18.7","4700"
"シンワ測定(Shinwa Sokutei) デジタル糖度計 ０～５３％ 防塵防水 70182","3092","79","","8","¥ 17,638","¥ 17,638","38","B0BH7Q81QJ","B0C4T6HGG2","20.5","11.5","5.6","330"
"KAIWEETS クランプメーター 6000カウント スマート デジタル マルチメーター 高精度 真の実効値 T-RMS AC/DC両用 電流・電圧測定 突入電流測定 NCV検電機能 導通 静電容量 抵抗 温度 周波数 ダイオード ソーラーシステム 自動車 工業用 電気修理 テスター KC602s","3095","58","50","141","¥ 5,584","","1","B0GXKHYBV1","","22.9","12","5.7","560"
"タジマ 新規格安全帯 フルハーネスZA本体のみ 軽量アルミ・ワンタッチ腿バックルモデル Sサイズ黒 動きやすいアクティブフィット構造 肩に食い込まない46mm幅広ベルト ズレを防止するシリコンストッパー 胴当てベルトに直接取付けるから腰周りが広く使える 装着しやすい軽量アルミワンタッチ腿バックル フックハンガー付 AZAS-BK ブラック","3159","77","","355","¥ 19,719","¥ 19,918","24","B07N84H4PR","B0BHWKR9YF","26.2","17.2","16.2","1340"
"エー・アンド・デイ(A&D) デジタルはかり SH-2000N ≪ひょう量:2000g 最小表示:1g 皿寸法:230(W)*190(D)mm 検定無≫ ※計量法準拠製品","3102","71","100","133","¥ 6,144","¥ 6,144","27","B001UJKJA6","B074BYR6GF","33.2","32.5","17.3","2610"
"シート補修テープ トラックシート 修理 14cm幅×長さ5ｍ 黒 黒色 ブラック","4058","11","","51","¥ 6,250","","1","B0D9N5LF46","B0D9N3TS5L","15","12","12","600"
"KAIWEETS テスター 充電式 10000カウント 大画面 スマートマルチメータ デジタル 直流/交流電圧 抵抗 導通 電流 静電容量 ダイオード デューティ比 温度測定 KM601s","2370","66","50","1712","¥ 5,099","","1","B0C4TNJPQT","B0CF56DJZY","21.3","11.8","6.9","599"
"Schwer ProGuard Highest Level Cut Resistant Work Gloves PR3326 for Extreme Protection, ANSI A9 Cut Gloves with Reinforced Thumb, Non Slip, Cooling, Durable, Touch-screen, PFAS Free, Black 2 Pairs?S?","4343","38","","633","¥ 6,934","","1","B0CCY3VCV6","B0FKGLBBYV","28.5","17","4.9","181"
"[TT TRSMIMA] フルハーネス安全帯 新規格 セット - ハーネス安全帯 ワンタッチ バックル 脱着簡単 二丁掛け ランヤード付き フルハーネスセット フリーサイズ 高所作業用 墜落制止用 青色","3829","46","","25","¥ 5,519","","1","B0D866L6HY","B0DQ6WCSQ6","35.3","28.3","14.8","2950"
"トラスコ中山(TRUSCO) ナイロン平ベル TNB255R 赤 1.2t×25mm×5m x 10巻 x 【ケース販売】","3130","53","","113","¥ 8,600","¥ 8,600","1","B0C4T9NVC6","B09NWNQB42","24","19","17","1020"
"シーシーピー(Ccp) コードレス 回転モップクリーナー 防水仕様 拭き掃除 水拭き 自立式 フローリング対応 ZJ-MA42-WH","3138","87","100","87","¥ 10,580","¥ 11,562","11","B0CJC3SX82","","44.9","17.2","9.8","1540"
"ライオンハイジーン 【ケース販売】 ライオン業務用プロ用リードペーパー 中サイズ 100枚×2ロール×8個入","3141","86","100","35","¥ 6,088","","11","B0BXBWY757","","52","51.6","30.3","5060"
"ANDWINT 脚立 4段 踏み台 折り畳み ステップ台 耐荷重150KG 多機能 軽量 ステップスツール 滑り止め付き はしご 安全 コンパクト 組み立て不要 洗車台 引っ越し 室内 屋外(ブラック)","3143","62","","240","¥ 5,825","¥ 5,825","1","B0D22WJ9Z4","B0D32S4GJ7","127","46","6","4200"
"ELEGOO ABSライク3.0プラス 3Dプリンター用レジン ブラック 高耐熱性 高速硬化 高精度 非脆性 アッアップグレードされたLCD/DLP 3Dプリント用405nm UV硬化型フォトポリマー樹脂 ABS 3.0+レジン 1000g (× 2)","3058","8","","38","¥ 5,198","","","B0GZ9317VD","B0DKF6KQX9","22.3","10","9.9","2360"
"OVERTURE PLA+ フィラメント 高剛性 タフ 1.75mm 4KG FDM用(黒×4)","3146","64","","4","¥ 7,871","","1","B0DQ52RN41","B09X18HGS2","41.9","23.5","15.7","4930"
"脚立 4段 梯子 アルミ 折りたたみ ミニ 軽量 踏み台 軽量 安全 ステップ 持ち手付き 脚立 折りたたみステップ 耐荷重150KG 滑り止め付き ステップ台 大掃除 室内 洗車台 屋外 売り場 (持ち手付き アルミ踏み台 4段)","4264","46","","3","¥ 9,980","","1","B0CLK5KC63","B0C8H56M5T","10.5","10.5","7.5",""
"■ 業務用 強力 ■ 洗剤のエース HC 5kg 粉末 微発泡 油汚れ 厨房 換気扇 グリストラップ フライヤー キッチン 洗浄 掃除 飲食店","3148","50","","97","¥ 24,000","","1","B0DSVQDC2J","B0DSVXH9X9","25","24","24","5700"
"KAWAIKO マスキングテープ 7日間UV抵抗 50mm x 18m","3148","15","","30","¥ 5,599","","1","B0H5BXSD87","B0FFGZ17G9","1","1","1","100"
"XINZY ブルーシート #4000 厚手 防水シート 屋外 遮光 UVカット 4.8×5.8m","4321","25","","165","¥ 6,681","","1","B0DFHNVG8B","B0DJMWFWB7","40.9","32.1","16.4","5150"
"SPACEKEEPER 平台車 4個セット 縦横連結可能 耐荷重200Kg 積み重ね 軽量 静音 ドーリー 360度回転可能キャスター 固定ロープ付き","3828","65","","295","¥ 6,790","","1","B09S3KQQB9","B0B13YH2R7","43.2","27.9","15.9","7060"
"COMFEE' 製氷機 家庭用 1L大容量水タンク 最短6分 高速製氷 小型 自動洗浄 保冷機能付き 自動製氷 ポータブル 日本語パネル 静音 省エネ コンパクト 業務用 ブラック RCI12BL1JP(E)","3169","53","100","42","¥ 10,800","¥ 10,800","1","B0GMGP24LR","B0GMGRV6HV","33.6","29.6","25.8","6820"
"柴田科学 残留塩素測定器 DPD法 試薬付（DPD粉体試薬100回分）(080540-521)","3171","74","50","76","¥ 10,609","¥ 10,609","22","B0105T6IOC","B01N29J5TJ","19.2","11.4","9.9","480"
"[Hellozebra]マスク 不織布 幅広耳紐 耳が痛くなりにくい 三層構造 使い捨てマスク 個包装 プリーツ型マスク 男女兼用 大人用 1000枚入","3588","38","","3386","¥ 11,990","","1","B087PFJS79","B0CNJZZ49Y","55.2","40","24.2","6140"
"【当日出荷・清掃費を節約】エアコン洗浄セット 高圧洗浄ガン 水漏れ防止カバー付き 自宅で簡単クリーニング 工事不要 2モード切替","3181","27","50","6","¥ 5,382","","2","B0H86KTRBP","B0H869STWT","30","20","5","100"
"KIV 22sq 赤・黒セット 各色3m 絶縁キャップ付き 切り売り 600V 国内メーカー品 ケーブル 電気機器用ビニル絶縁電線","3448","50","","166","¥ 10,521","","1","B0925QS74Z","B0925PTH7C","26.1","26","5.1","1620"
"OVERTURE PETG フィラメント 1.75mm 4KG FDM 3Dプリンター用(黒×4)","3807","62","","29","¥ 9,160","","1","B0DPQPY8DZ","B0DQDBJGKZ","38.4","22.8","15.9","4980"
"uxcell 4個 ゴムキャップ 180mm IDビニールラウンド チューブ エンドキャップ スレッドプロテクター ライトグレー","3190","29","","74","¥ 5,521","","2","B0FW3Y8183","B0C6XY5Q2D","20","20","17.5","860"
"スリーエム(3M) スコッチ・ブライト ハンドパッド 7448#800相当 灰 20枚入り","3192","47","","59","¥ 5,731","¥ 5,731","16","B079MR783W","B07L5SCZSS","23.7","17.6","15.8","390"
"Amazonベーシック 作業台 ソーホース 折り畳み式 2個1組 積載量408.2kg 長方形 グレー,オレンジ","3197","92","100","8427","¥ 6,889","¥ 6,889","1","B077K6G4FB","B0CD42T42V","81.3","61.3","11.7","5500"
"LIOTOIN 呼び出しベル ワイヤレス 介護 ナースコール 家庭用 介護 ブザー 呼び出しボタン 警報 システム 呼び鈴 看護 5受信機＆5発信機","3198","40","","63","¥ 7,472","","1","B092JNMDKL","B0B5MRHXK8","16.8","15.2","9","680"
"[マルゴ] エアージョグIII12枚 10864 黒(黒/26.0)","4580","62","","180","¥ 5,555","¥ 5,555","7","B007CBEI1W","B01AAO4P8I","32.7","11.7","10.3","690"
"【2026業界先端半導体冷却技術＆50V超高出力＆30000mAh大容量】空調作業服 ファンバッテリーセット 225L/S暴風ファン 4段階風速調節 冷却モード搭載 9cm服穴径対応 作業ジャケット 空調ウェア用 空冷調節作業服 ワークマン 長袖 半袖アクセサリー 暑さ対策 釣り 男女兼用","3223","61","100","38","¥ 6,999","","1","B0GVNXMH5L","","27.4","20.5","5.2","880"
"【互換ラベルLabo】 DK-4205 (DK-2205の再剥離タイプ） ブラザー 互換 ラベル はがせる弱粘着 10ロールセット","3332","41","","31","¥ 5,450","","1","B077B5DCYV","B077B7WKVZ","39","13.5","7.8","3000"
"TRUSCO(トラスコ) 六角サラエナットダイス PT5/8-14 TD6-5/8PT14","3225","44","","58","¥ 9,293","¥ 9,293","8","B00HL9AF2G","B09PBTFHWF","8","8","3","2000"
"タンスのゲン スポットクーラー 業務用 1.4kw【猛暑対応&操作しやすい液晶パネル】100v 工事不要 小型 79700012(130221)","3226","74","100","14","¥ 31,499","","1","B0GWD5HRHL","B0GWCZ3BGL","80","58","36","29000"
"[Jisentoll] フルハーネス 新規格 セット フルハーネス安全帯 新規格 セット 脱着簡単 腹部と胸と脚ワンタッチバックル 便利 安全 水平型腿ベルト 伸縮式 ダブルランヤード ハーネス 安全帯 新規格 墜落制止用器具 高所作業用 電気工事 落下防止 (使用可能質量 100kg) (ブルー/アップグレード)","3229","41","","8","¥ 5,330","","1","B0FM3SPKVN","B0FM3PVWWL","29.8","24.7","14.4","3320"
"VOLA MANNER 防水シート 透明 ビニールシート 屋外 庭用防水シート 厚手 3mx4m*2個","3236","76","","97","¥ 5,199","","1","B0GGB66DX7","B0GR4GR6RZ","37","26","15.8","2480"
"防災用ヘルメット 折りたたみヘルメット IZANO2 あご紐ホイッスル機能付き DICプラスチック 地震対策 (ホワイト/オレンジライン)","3250","18","","11","¥ 5,300","","1","B0DGPWW7QM","B0DGQ77M6K","30","23.4","8","480"
"A&D デジタルはかり SH-20KN ≪ひょう量:20kg 最小表示:0.01kg 皿寸法:230(W)*190(D)mm 検定無≫","3479","86","100","168","¥ 6,445","¥ 6,445","27","B00B4TKPYW","B074BYGSZ2","32.9","32.6","17.6","2970"
"DAFEIKEスプレーフォームガン 拡張フォームガン 改良テフロンプロフォームディスペンサーガンレスクリーナー断熱フォームシーラントスプレーPuフォームコーキングと断熱、ブラック","3269","39","","698","¥ 5,715","","1","B09K55FC53","B0D419CK9C","38.5","17.9","5.5","440"
"WEIMALL アルミ足場台 洗車台 脚立 折りたたみ 持ち手付き 高さ50cm 耐荷重150kg 天板78cm×30cm 重量3.6kg 作業 軽量 ロック機能付き 脚立 シルバー A19E","3279","53","","163","¥ 6,250","","2","B01LPBRLM2","B0DN18C3PH","82.2","42","18.8","4300"
"HAPPEAST レシートロール 80巻 幅80mm/外径80mm 80m/巻 レジ用感熱ロールペーパー サーマルロール レジロール感熱紙 キャッシュレス決済端末 ポータブルPOS端末対応 【個包装】","3284","54","","38","¥ 27,800","","1","B0FGDFD1YT","B0H847FPBR","45","36","36","25000"
"ボックスバンク 紙管 紙筒 ポスター カレンダー 収納 ダンボール箱 A2用（6cm幅）100枚セット MA01-0100-a2","2942","45","","95","¥ 6,532","¥ 6,532","1","B0B517HHRM","B0CP7C59DD","58","32","13","6200"
"白光 はんだこて ＦＸ－６００Ｄ １００Ｖ 平型プラグ FX600D-813","3299","96","100","61","¥ 7,636","¥ 7,636","17","B0CTLLH658","B0BC1PFGPM","28","8","5.1","200"
"ハウスボックス キャンディルデザイン イージーリペアキットPRO ライト フローリング 家具 キズ 補修 USB 充填 コテ","3307","59","","4","¥ 9,213","¥ 9,213","2","B0CJZM56MQ","B0CK9YNZRQ","28.9","15.1","3.7","170"
"3DHoJor PLA 高速プリンターフィラメント 1.75mm 1kg 段ボールスプール (2.2ポンド) 高速PLAから5倍速印刷フィラメント PLA 寸法精度+/- 0.02mm ほとんどのFDM 3Dプリンターに対応 ホワイト","3316","75","","4272","¥ 14,761","","4","B0CMD4Y53R","B0CVL62W98","21.8","20.6","7.5","1320"
"アズワン ビーカー 3L / 2-5091-09","5625","25","","77","¥ 5,468","¥ 5,468","9","B00UUME2YS","B07DLYLYD4","24.8","18","17.8","820"
"ビジコム純正 輸入紙 感熱レジロール紙 58mm幅×外径50φ×内径12mm 芯あり 100巻 中保存 mPOP･mc-print2対応 ST585012Y-100H","3335","59","","24","¥ 9,550","","1","B0D6YGK4Q7","B0D6YNWRZ6","55.8","27.4","14.8",""
"EENOUR 溶接面 2026年最新モデル【業界初のマグネット式充電】 自動遮光溶接面 側面も見える広視野 高精細レンズ 本当の色を映す 開閉式フタ付き 4アークセンサー搭載 1/30000秒自動遮光 遮光度DIN4/5～9/9～13 人間工学ヘッドギア ソーラー補助充電 溶接マスク MIG・TIG・MMA・研磨・プラズマ切断に対応 溶接ヘルメット 日本溶接協会加入済 EN900B","3366","56","","44","¥ 10,980","","1","B0GXVF8W8K","B0HGQ2L8DL","29.9","26.8","26.3","1150"
"YITRANIC 直流安定化電源 0-30V 0-10A 可変 スイッチング電源 高精度4桁LED","3369","56","50","9","¥ 6,499","","1","B0GZZQHPBR","","25.4","18.2","11.9","1310"
"TRUSCO(トラスコ) ファイブロブノブボルト Φ42 M8×15 TFKB2-M8X15【200個入りケース販売】","4293","52","","31","¥ 26,869","¥ 26,869","1","B09SQ1Q9WD","B0BSSF4MG5","35.3","26.8","18.7","4970"
"led テープライト 23M 防水 高輝度 シリコン製 100V チューブライト リニア発光 シリコン チューブ 曲がりやすい 切断可能 取付け簡単 目に優しい 【2026年新規＆スイッチ付き】 長持ち LEDチューブ 曲がりやすい 切断可能 間接照明 DIY装飾 インドア 寝室 キッチン リビングルーム照明用 (電球色, 23メートル)","5141","7","","34","¥ 23,980","","1","B0GKMJKLC8","B0GKM96767","20","15","15","2400"
"ソルベンタム 創傷 閉鎖 傷 手術後 跡 ケア ステリストリップ スタンダード スキンクロージャー 抜糸 抜針 通気性 蒸れにくい 6 x 38mm 6本 x 50袋 R1542","3380","41","","406","¥ 11,505","","3","B09YJ13XM3","B0C1MNPFMW","15.5","6.8","6","140"
"【店舗空間デザイナー監修】メニュースタンド メニューブックスタンド メニュー立て (ブラウン10個)","3980","27","","44","¥ 7,980","","1","B0D6VFNGXB","B0D6VJCLDY","33.1","18.7","12.9","2420"
"IMIEE 伸縮作業台 スパイダーレッグ 3秒設置 組立不要 折りたたみ スタンド 高さ調節可能 ワークベンチ 移動式ソーホース 軽量 ステンレス鋼 拡張可能 万能 作業デスク DIY ソーホース BBQ 木工工作 ワークテーブル 収納バッグ付 耐荷重900kg W168×H82×D61 (8脚)","3392","62","50","6","¥ 6,187","","1","B0GWQRG77F","B0GWR2GH36","90","27.5","15","5450"
"EIWEI 15L 超音波洗浄機 業務用 卓上型 28/40kHz デュアル周波数 家庭用 大型 超 音波 洗浄 機 メガネ/眼鏡/入れ歯/シェーバー/ジュエリー/時計/アクセサリー用 デジタル 加熱 脱気 タイマー付き","4032","59","","173","¥ 39,949","","1","B0D2L3FW3S","B0GWCSJ8NY","44","38.4","34.6","9590"
"【Amazon.co.jp限定】京セラ(Kyocera) 集じん機 AVCN1150 683463A 【ウォッシャブルタイプのカートリッジフィルター標準付属＆吸込仕事率280Wでパワフルな吸引力】 乾湿両用 湿ったゴミ・液体・汚水も吸引可 集じん容量 (乾燥)15L・(液体)12L ホース2.5m 排水に便利なドレンキャップ付","3394","72","100","402","¥ 21,800","¥ 21,800","1","B0H1PVR647","B0H2HFRM5R","57.5","38.5","37.3","9970"
"【2026年新世代・薬液吸入用】Hygelink ネブライザー 吸入器 薬液吸入用 Type-C充電式 超音波メッシュ式 吸入器 パワフル噴霧 2段階モード 2時間長時間運転 静音 軽量 自動洗浄機能 無水検知機能 携帯便利 マスク（子供用/大人用）とマウスピース付き 家庭全員適用 収納袋付き 日本語説明書 自宅・学校・旅行先にも最適 プレゼント シルバー","3396","29","100","26","¥ 5,391","","1","B0FQJFBNB8","B0H7JS38GW","16","15","6.5","200"
"IdeaFormer IR3 P2S X2D スムーズエフェクトPEGビルドプレート、256x256mm、六角形キューブ + 3D水滴パターンホログラフィックプリントベッドプレート Bambu Lab X2D/A1/P1P/P1S/P2S/X1/X1C/X1E 3Dプリンタープラットフォーム用","3409","26","","348","¥ 6,763","","2","B0G416QKV9","B0CG2B8VTG","31.3","28","1.8","381"
"ボックスバンク 【個人宅不可】ダンボール 引っ越し 170サイズ 10枚セット【60×60×42cm】 EMS 二つ折り梱包 FD23-0010","3412","62","","58","¥ 6,910","¥ 6,910","1","B0CH84TBB6","B07GLKN92B","102","60","10","10000"
"ジャパックス ゴミ袋 半透明 90L 横90×縦100cm 厚み0.04mm BOX シリーズ 1枚ずつ 取り出せる ポリ袋 TN-94 100枚入","3415","88","50","48","¥ 5,093","¥ 5,297","5","B001HPGOAW","B0G2VB1VZ1","47","28.5","7","6330"
"ホーザン(HOZAN) ESDバッグ 静電気対策 梱包袋 半透明 界面活性剤不使用 300×450mm 厚さ0.05mm 100枚入 電子部品の保管・梱包に F-56-3045","3416","49","","117","¥ 5,006","","8","B00B4TQ0UU","B07QHD92NJ","33.4","23.4","6.3","1300"
"HIKMICRO E01 サーモグラフィーカメラ 240x240 SuperIR 解像度、20Hzフレームレート、手持ち型赤外線サーモカメラ、バッテリー寿命11H、-20°C~400°C測定温度範囲","3421","86","50","1285","¥ 22,990","","1","B0CF28BNNX","B0GL7X4QTL","24.9","14.7","11.1","640"
"Eestians 変圧器 550W 昇圧専用変圧器 アップトランス 海外電気製品を日本使用 電源トランス 100V to 220V ~ 240V 純銅リングコア内蔵(コンパクト設計・軽量タイプ 安全 静音 定格550VA出力) ホワイト","4152","31","","21","¥ 5,608","","1","B09Y5GPJ8X","B0DFBM47JK","28.9","27.1","12.9","3580"
"ZOOBLY おむつ交換台 おむつ替え台 折りたたみ 赤ちゃん 助産師推奨 キャスター付き 5段階高さ調整 移動便利 ベビーケア 育児用品 出産祝い (グレー)","3441","48","","16","¥ 9,380","","1","B0FJWVXGRK","B0F66QM5TK","83.5","51","13","8010"
"KIV 14sq 赤・黒セット 各色5ｍ 絶縁キャップ付き 切り売り 電気機器用ビニル絶縁電線","4217","27","","87","¥ 10,651","","1","B0925PKV8D","B0925NDH1T","19.1","18.7","7.4","1640"
"ELEGOO Neptune 4 Max 3Dプリンター、500mm/s高速大型3Dプリンター、高温ノズル、オートレベリング、ダイレクトドライブ押出機、420x420x480mm/16.53x16.53x18.89インチ印刷サイズ","3453","73","","28","¥ 55,999","","1","B0CJFQDCN2","B0H5VRD5HY","80","68","28","22000"
"DEEPLEE PLA PRO 1.75mm 高強度・高靭性・±0.02mm PLAフィラメント 4KG ブラック/ホワイト/ベージュ/ブラウン","3477","40","","433","¥ 5,623","","1","B0GV4QGXN8","B0H1CKKXKV","41.1","25","14.6","4910"
"Daytech Caregiver Call Button for Elderly Pager System Life Alert Systems for Seniors Patient Disabled at Home/Hospital/Clinic/Nursing Home Emergency Caregiver Alert System 2 Alert Button 2 Receiver","3488","66","","18","¥ 8,864","","1","B0CJB86RZS","B0GYQPDDVS","12.3","10.3","9.1","308"
"ショーワグローブ 【ケース販売・作業手袋】 護(MAMORI)02グリップ Mサイズ 120双 ニトリルゴムコーティング 滑り止め DIY 運搬 OD色","3491","54","","","¥ 53,000","¥ 53,535","2","B0CF8G4YQD","B0CFXJM93V","41.1","31.8","30.7","5870"
"ProCase ノイズリダクション安全イヤーマフ SNR 34dB ノイズキャンセリングヘッドフォン 大人 子供 自閉症用 調節可能 防音性 聴覚保護 射撃/草刈りの建設用 - 9パック ブラック","3496","68","","26899","¥ 28,447","","5","B0CZ6KHXB3","B087N1WK7N","44.1","33.6","15.8","2862"
"ニチバン カテリープ FSロール 200mm×10m No.2010","3510","61","","408","¥ 5,826","¥ 5,826","15","B003LJUY0S","B0BYHBPWN1","21.3","7","7","550"
"ベストアンサー VGP レバーホイスト 1t 1台 チェーン 1.5m ローラー チェーンブロック 1トン 1000kg 荷締機 ガッチャ がっちゃ 滑車 レバー ホイスト 固定 小型 工具 1個 ブラック","3515","62","","292","¥ 9,780","","1","B081PWQPPC","B08KS43LC7","34","17.9","13.7","6130"
"[Mizapan] 【2026極冷×最強爆風×41400mAh大容量】 空調作業服 ペルチェファンバッテリーセット 75mm冷却プレート搭載 瞬間冷却 強力送風 PD60W急速充電 最大42時間稼働 90mm服穴径対応 PSE認証済 日本語説明書（バッテリー2個）","3875","7","","9","¥ 17,980","","1","B0GZYHRTSB","B0HCZR3N7J","30.1","23.2","6","1500"
"Bosch Professional(ボッシュ) 放射温度計 GIS500 【正規品】","3519","100","100","216","¥ 6,640","¥ 7,755","17","B07YNNVHXK","","24.9","16.5","8.8","520"
"紺屋商事 箱売:宅配袋 LDPE 特大1箱 100枚×5袋 #60×380×480+50 01040015","3520","64","","","¥ 16,558","¥ 18,000","2","B07PKTR7WB","B0BFRMMBXD","40","29","14","10000"
"ダイヤテックス パイオランクロス 床養生用テープ 白 50mm×25m 30巻入り Y-06-WH [マスキングテープ]","3532","55","","174","¥ 10,180","","7","B00DZG3KZS","B079T4BFP3","36.4","28.6","25.6","6440"
"ナカトミ(NAKATOMI) 水中ポンプ PSP-70NS","3535","83","100","552","¥ 10,097","¥ 10,097","4","B0040ZBH2G","B09NPQY13T","29","17.8","17.5","3640"
"[FUJI　MEDICAL　SERVICE] 大容量200枚入！ニトリル手袋 ニトリルグローブ ホワイト ブルー 大学病院採用モデル 200枚 使い捨て手袋 富士メディカルサービス 予防対策 ニトリル 手袋 パウダーフリー 粉なし 病院 作業用 ニトリル ゴム 手袋 (10箱【ブルー】, XL)","4782","40","","93","¥ 28,500","","1","B0GVDBHJYG","B0HCYX1Y83","43","20","15","4"
"[HASAYA] 【58V業界最高クラス 40000mAh】 ファンバッテリーセット 262L/S暴風ファン PD30W急速充電 Type-C対応 6段階風量切替 扇風機付きベスト用 90mm服穴径対応 暑さ対策 現場/屋外作業対応","3541","46","50","31","¥ 6,999","","1","B0GW6FFNJZ","B0GW6JG268","21.5","14","9.9","880"
"ガービー（Garvee） キャリーカート 折りたたみ 3輪 台車 段差 軽量 ハンドトラック 耐荷重120kg 静音 階段 荷物運搬 業務用","3542","84","50","50","¥ 6,115","","1","B0DRYSQPVZ","B0GTTXSQ75","72","43","9","5000"
"酒井化学工業 エアーキャップ 大粒 緩衝材 巾 1200mm×長さ 10m ミナパック ロール 引っ越し 梱包","3551","52","","55","¥ 5,673","¥ 5,673","1","B0H28Y8CQP","B0H294P2H1","120","37","37","1400"
"富士電機 標準形電磁接触器 ケースカバー無 SC-5-1 コイルAC100V 1A1B","3555","44","","2","¥ 12,980","¥ 12,980","3","B01BDG1SF0","B07KCDGL1F","12.4","10.8","7.2","388"
"サンエイ化学 純水用 イオン交換樹脂 5L×2袋 MB-5 純水洗車 車 洗車用 アクアリウム 観賞魚 純水器 純水機","3561","67","100","471","¥ 8,250","","1","B09F3BYRK4","","36","30.5","16.2","7470"
"KIV 8sq 赤・黒セット 各色3m 絶縁キャップ付き 切り売り 600V ケーブル 電気機器用ビニル絶縁電線","3562","39","","173","¥ 6,521","","1","B0925DW27G","B0925DT1X5","25.4","21.9","3.1","580"
"レッドギア 日本製 溶接用コンビかぶり面 ひも式 (オリーブグリーン)","3573","33","","106","¥ 7,400","","2","B0985QDLWB","B0923NMQ3N","33.8","20.4","6","300"
"タジマ ハオルハーネスHA 銀 AHAF-SI","3573","67","","90","¥ 22,254","¥ 28,030","23","B0BPGLQYHK","B0BVB3B9NR","26.1","18","16.5","1510"
"HOMEDANT House 組立簡単 ラミネート棚板 キャスター付き スチールラック 5段 幅60 奥行40 高さ158 ブラック 頑丈 収納棚","3575","73","50","158","¥ 11,840","","2","B0CTKFC5LR","B0HDYSW22Q","79","42","13","20000"
"ユタカメイク 反射標識ロープ 12mm×100m 3ッ打 ドラム巻 イエロー×ブラック×反射材 RYH-2 長尺 業務用 巻き取り トラロープ 夜間 安全表示 立入禁止 バリケード","3582","60","","85","¥ 29,090","¥ 29,809","7","B01AVP1FNO","B0C3CXZP7N","30.5","30.5","18","5360"
"Korekaou 伸縮作業台 厚肉のアルミニウム合金製 軽量 耐荷重 作業台 折りたたみ 強力な安定性 微調整可能 瞬速設置 組立不要 ワークテーブル 木工 DIY ソーホース 収納バッグ付き (アルミニウム合金製, 15本脚)","3584","55","","33","¥ 18,990","","1","B0FXV31GF2","B0FXV4C292","92","34","21.5","4000"
"ベストアンサー 仕事 効率化 安全性 向上 スリングベルト ナイロンスリングベルト 使用荷重 1600kg 繊維ベルト 工具 道具 園芸 出荷 引越し 警告線付き 強度 50mm 8m 2本セット","3584","44","","309","¥ 5,180","","2","B09HZVGMDY","B09HZSKB8H","53.4","15.4","9.2","4700"
"[エース] [まとめ買い] 12双パック 作業手袋 牛床革手袋 外縫い グレー Lサイズ AG4807 白虎","4616","55","","65","¥ 8,580","¥ 8,580","1","B0D22KCTW8","B0FTYWVB7M","27.8","27.4","13.1","2200"
"軟膏容器 30ml（36ml相当） 白 100個入","3592","59","50","5","¥ 5,780","","1","B0H4L9TCSQ","B0H4KTW7VR","35.2","31.2","12.9","680"
"ニトムズ ペイントアルミテープ 50mm×10m J3940 50巻入り","3593","69","","681","¥ 53,250","¥ 54,175","3","B00XL579KU","B0DLGVSVDQ","49.8","28","21.2","8560"
"VOICE (ヴォイス) 新規格 フルハーネス 安全帯 ランヤード セット 新規格適合 墜落制止用器具 160〜190cm M-L兼用サイズ 第一種 第二種","3597","39","","33","¥ 16,830","","1","B0C7TXX7LV","B0FJVZ8QGH","35","30.3","15.2","2750"
"エビ モンゴナイロンプラグ(1200本入り) MP630T","3606","31","","85","¥ 7,436","¥ 7,436","19","B00B4TLZHI","B081JYVKM9","27.8","17.4","16.9","1274"
"【箱売り】APM PRO 光沢 アルミテープ 強力 防水 防湿 補修用 幅50mm×長さ10m 48巻セット ダクトテープ 遮熱 気密 隙間 屋外 テント キャンプ カーケア(まとめ)","3614","66","","42","¥ 17,079","¥ 17,079","2","B0FTFJCQSL","B0FXXQMVMD","9.5","9.5","5","150"
"BlueFire ファイバースコープ ワイヤレス内視鏡カメラ サイドカメラ付き 7個高輝度LED搭載 防水IP67 録画可能エンドスコープカメラ 極細レンズ HD1080P 検査カメラ 暗視機能 防犯監視小型カメラ エアコン/下水道/車/工業用 Android/iphone/ipad/タブレットなど対応 スネークカメラ 日本語取扱説明書 技適認証済み 3.5m","3407","46","","30","¥ 5,924","","1","B09JK5QQFW","B0DYJC1YVK","12.5","11.3","6.1","260"
"シンワ測定(Shinwa Sokutei) デジタルプロトラクター ホールド機能付き 20cm 62495","3624","86","","256","¥ 5,890","¥ 5,890","41","B00FXEAELS","B07FQCGVC2","26.8","10.1","2.4","200"
"VECOLARD 300枚入 VF014 オイル吸着マット オイルマット 油拭きマット オイル吸着シート 廃油処理 オイル交換 エンジンオイル 灯油 作業 油拭きマット (2mm, 3)","3633","42","","9","¥ 16,500","","1","B0CLKMJ1JR","B0CLKNGMWX","55","50","40","12000"
"TRUSCO(トラスコ) 連結樹脂平台車 ルートバン ブラック 615x415 メッシュタイプ MPK600JBK","2354","53","","218","¥ 17,952","¥ 17,952","1","B0C582MJ74","B0CCVHK8Y6","67","46","43","14430"
"PANCY 伸縮作業台 瞬速3秒設置 折りたたみ スパイダーレッグ ワークベンチ 軽量 組立不要 軽量 万能 作業デスク耐荷重約850kg ペケ台 DIY ソーホース BBQ 切断 拡張可能作業台 デスクブラケット ステンレス鋼製 幅170cmX奥60.5cmX高73.5cm","3638","45","","44","¥ 7,452","","2","B0FDQS4K38","B0FDQQXGBG","89.7","27.7","14.3","4800"
"[あい藍] ジョグ足袋 7枚コハゼ 地下足袋 祭り足袋 吸圧スポンジ 27.0 cm 白 ホワイト","3644","65","","87","¥ 5,310","","1","B0B3DMBDTQ","B0B3DL3QYP","30.3","10.8","6.2","490"
"TRUSCO(トラスコ) メッキ付ワイヤロープ Φ8mmX50m CWM8S50","5456","25","","126","¥ 12,072","¥ 12,072","22","B00TJTCPN8","B0CGJC4VJ8","28","27.5","10.5","9640"
"コニシ(KONISHI) ボンド ウルトラ多用途S・U プレミアムハード クリヤー 120ml #05150 5本入り 弾性接着剤 多用途 ガラス, セラミック, 石材, 金属, コンクリート 高性能 屋内 屋外","2854","32","","1","¥ 8,860","","1","B00W10FRM8","B0CJX148KX","25.8","19.7","4.5","900"
"Tycoon 窒息吸引器 喉詰まり 吸引 痰吸引器 ハイムリック吸引機 喉詰まり吸引器 誤飲 吸引器 誤嚥吸引器 窒息吸引機 (ホワイト)","3649","9","50","23","¥ 5,980","","1","B0H4TWZ1QS","B0H4TTGFN2","27.3","17","8.4","640"
"ニトリル手袋 青 ブルー Lサイズ 1000枚(100枚×10箱) 業務用 食品衛生法適合 指先0.1mm パウダーフリー 使い捨て手袋 ニトリルグローブ 食品加工 調理 左右兼用 異物混入対策 フジナップ","3657","47","","4","¥ 9,500","","1","B0GVSM7XLM","B0GVSH3YQ1","32.6","24.7","23.1","4500"
"ソルベンタム サージカルテープ マイクロポア S やさしくはがせる シリコーン テープ 不織布 医療用 テープ 肌 優しい シリコン ストーマ 50mm x 5m 6巻 2770-2","3671","30","","326","¥ 9,100","","2","B09MRZ8QXY","B0BSFW6PNG","13.9","9.4","6.3","340"
"九州紙工 やぶれにくい FSC®認証（FSC-C126057） 未晒おしぼり 2,000枚入り おしゃれ 使い捨て 紙おしぼり 店舗 カフェ レストラン 平型 個包装 クラフト WM-50","3675","34","50","67","¥ 6,000","","1","B09CG67DGD","B099Z5K4ZN","54","43","28",""
"[新規格適合] フルハーネス型用 ダブルランヤード[2丁掛け] 伸縮式蛇腹 軽量アルミフック 第一種 墜落制止用器具 100KGまで適合 安全帯","3703","78","50","114","¥ 6,890","","1","B0B5T4WJC3","B0B5T3P4VC","26.1","12.8","11.6","1080"
"ポリメーカー(Polymaker) 3Dプリンター用高耐候性フィラメント PolyLite ASA 1.75 mm レッド","3716","48","","1663","¥ 5,730","¥ 6,050","2","B09DKQDRDL","B0BQFPGZQ1","22","20.9","7.2","1290"
"黒ガムテープ 布 布テープ 布ガムテープ カラー 50mm×25m 30巻入り 厚さ0.17mm","4071","32","","91","¥ 9,467","","1","B0BX8MF81T","B099ZH8L62","35.8","28.7","23.8","7300"
"TRUSCO(トラスコ) スリーロブノブボルト Φ31 M6×15 TKB2-M6X15 x 80個【ケース販売】","4278","46","","30","¥ 15,865","¥ 15,865","1","B0BV6VJ3CN","B0CD78BV1J","26.6","22.6","14.3","1420"
"コニシ 【箱売り】 ボンド 浴槽用仮補修テープ 幅50mmｘ長2m 100巻入り 透明","3741","44","","716","¥ 36,268","¥ 36,268","1","B0B5QQ1YJP","B0B6F8RKBK","57","44","34","11000"
"RIKADE 伸縮はしご 耐荷重150kg 軽量 持ち運びやすい 折り畳み 伸縮梯子 多機能アルミはしご 自動ロック スライド式 伸縮自在 梯子 室内室外両用 スライド式 フック付き(ダークブラック.5)","3742","65","","897","¥ 16,131","","1","B0FPLTQXFF","B09XJ8VMQP","98.4","49.5","8.9","13710"
"ユタカメイク ビニロンSトラックロープ TRV‐6 12mm×30M","3743","54","","166","¥ 7,727","¥ 7,727","18","B004MPI632","B01GZM8BFC","34","15.5","10.3","2060"
"【JISB7922クラス2準拠】JESIMAIK 黒球式熱中症指数計 JM6257 WBGT測定器 熱中症対策 義務化対応 適格請求書発行 2年メーカー保証 高精度 警告アラーム搭載 音量調節 4段階危険ランク 室内外兼用 単4電池付属 軽量 携帯便利 工事現場 自宅 倉庫 農作業 学校 部活動 子ども 高齢者 5個","3745","27","","34","¥ 19,400","","1","B0H711XTXJ","B0H716C7H4","13.3","6.9","4.2","110"
"[Xinpeke] ペルチェ ファンバッテリーセット 【41400mAh大容量 PD60W急速充電】 瞬間冷却 × 24V強力送風 ファン付き作業服用 90mm服穴径対応 屋外作業 PSE認証済み","3754","58","200","53","¥ 9,860","","1","B0H2H5PGC5","B0HGM7JNGW","27.5","20.4","5.2","960"
"Ralcam ファイバースコープ デュアルカメラ 先端可動式 二方向同時撮影 5インチIPS液晶 暗所対応LED 工業用内視鏡カメラ IP67防水防塵 車検修理用 プロ仕様 日本語対応 (6.5MM-1.5M半剛性ケーブル)","3758","63","50","155","¥ 19,516","","1","B0F5Q7WZ7P","B0H74TTSX5","42.3","22.9","9.1","1260"
"リットマン 聴診器 クラシックIII 5620(ブラック)","3763","77","50","11976","¥ 14,091","¥ 16,109","7","B00QESFJ94","","32.6","16.6","4.7","360"
"ワコーズ FSO フッソオイル105 超潤滑・多目的スプレー 110g A105 [HTRC2.1]","3772","99","100","504","¥ 5,252","¥ 5,252","11","B0025R9K5W","B0H8GT33QY","14.4","6.4","5","180"
"CSOOM 25本セット木工トリマービットセット、超硬ルーターセット木材切断用木工切削工具 戸板彫刻や装飾加工に最適です！木工フライスカッター 彫刻 切削 木工用 収納ケース、スパナ付き","3786","54","","123","¥ 5,680","","1","B0D78N654K","B0F31SBC16","32.3","17.5","6.7","700"
"[KOMOAKI] 爆風 56V 45000mAh 空調作業服 ファンバッテリーセット -20℃冷感 日本製三相モーター 直接水洗い 15Vから56Vまで調節可能 AI自動調節機能 二重制御モード 30時間 超長時間連続稼働 超高速充電 発火防止アルミ加工 PSE認証済 熱中症対策 屋外作業 リモコン付き (ブラック)","3788","30","","13","¥ 12,980","","1","B0H2YSD62S","B0H8K51B7H","25.3","20.8","6.2","950"
"広電(KODEN) 工業扇 工場扇 業務用扇風機 三脚型 45cm アルミ羽根 首振り 折り畳み脚 高さ調節 3段階風量 羽根簡単取付 高さ112-137cm シルバー AZF451TMA","3789","73","100","28","¥ 8,532","¥ 8,532","1","B0DYVDCCQ6","B0F43C7K72","62","52","20","6180"
"家庭用エアコン洗浄機 高圧水ポンプ電気洗浄機 エアコン洗浄機 家庭用高圧水ポンプ電気空調洗浄用品洗浄機 AC100-240V (水形調整＋可動ノズル)","3791","36","100","7","¥ 5,499","","1","B0H5VMSQ2G","B0H5VR9F9J","25.9","23.1","18.6","2010"
"愛知電線 アース線 1.6mm 50m 白 IV1.6M-W50","3796","74","100","125","¥ 8,180","","2","B00N8AENKW","B0B6RNCHTT","14.3","14.3","6.2","1340"
"京都機械工具(KTC)/LED折り畳みライト 品番:AL815X","3798","64","100","27","¥ 10,816","¥ 10,816","7","B0FX1N3QHF","","22.7","6.7","5.7","400"
"ブルーシート #3000 厚手 イメージシート 防水 防風 高耐久 工事用 建築資材 養生用 多用途 (2枚, 10m×10m)","3798","30","","2","¥ 14,940","","1","B0H23KZFKX","B0H2VZY11L","65","43","20",""
"SK11(エスケー11) レバーリフティングジャッキ 昇龍 耐荷重150kg ストローク200mm 高さ調整・隙間の拡張・取付補助に SHL-200","3801","81","50","13","¥ 5,430","¥ 5,430","2","B0F795P76D","","40.7","22.2","10.5","1540"
"【箱売り】ダイヤテックス(Diatex) パイオランテープ さくら色 50mm×25m 30巻入り 内装・リフォーム養生用 弱粘着 Y-05-SK","3811","85","","21","¥ 10,540","¥ 10,649","2","B0FVL8W8S2","B0FW39STTQ","35","30","28","5400"
"【HIKARI】LED作業灯 60W 5800LM 高輝度 ワークライト 8V-60V対応 IP67防水 防塵 投光・集光タイプ トラック 船舶 農業機械 集魚灯 補助灯 10個セット「A-GL-C4S-Cx10」","3818","72","","904","¥ 7,231","","2","B07VMF9C62","B0CQYBC87K","48.2","24.8","12","3740"
"【ケース販売】APMジャパン 梱包用クロステープ らくらくガムテ クリア 50mm×25m 30個セット [梱包・補修テープ](まとめ)","3819","36","","25","¥ 8,380","¥ 8,380","1","B0CKX4F96R","B0CV41PMMH","33","27","22.5","5500"
"スリーエム(3M) 業務用 床掃除 伸縮式 使い捨て ドライ ダスターキット Lサイズ ホルダー ハンドル お試し用クロスD/KIT L","3831","69","","3","¥ 11,344","¥ 11,344","6","B001D7M7NW","B09X18JVVC","95","19.5","6","1540"
"LifeBasis 超音波洗浄機 600ml 強い振動子で強力洗浄 改善仕様 42,000Hz メガネ洗浄機 5段階タイマー搭載 超音波洗浄器 CDS-100 卓上クリーナー 時計 宝石 日用小物 精密部品洗浄機 タッチパネル採用","3833","51","50","5602","¥ 6,099","","1","B07BBK51BL","B0FYLYRNN3","24.1","16.9","16.6","1229"
"SUNLU公式フィラメント乾燥機S1プラス、内蔵循環ファン付き、3Dプリンターフィラメント乾燥ボックスおよび保管ボックス用PLA PETG ABSフィラメント1.75 2.85 3.00mm、S1プラスホワイト","4815","41","","127","¥ 8,827","","1","B0FDGLB2KC","B0FMYBWV4N","28.3","25.3","10.6","1211"
"YldGrynor 脚立 5段 軽量 手すり付き 踏み台 折りたたみ 耐荷重130KG 室内 屋外用 キャタツ 持ち運び便利 (白色,高さ78cm)","3841","34","","26","¥ 5,239","","1","B0H68SCJNF","B0GVNXN1JY","125","46","6","5200"
"Kaitou 業務用扇風機 工業扇 風量3段階 大型扇風機 強力 最大480m/min 羽根直径48cm","3845","47","50","108","¥ 6,376","","1","B0C4T6QC6F","B0C8H6KJGC","61","60.5","20.5","4700"
"[山本光学] 保護ゴーグル SS-7000CL クイックベルト(ヘルメット専用) ブラック 外側/防汚撥水コート+内側/高性能くもり止め 日本製 紫外線カット 男女兼用","3849","72","","197","¥ 8,280","¥ 8,700","15","B075T2VS1C","B0BH8XN9HM","22.3","10.7","10.3","270"
"SnailM-JOY 脚立 アルミ 折りたたみ 踏み台 3段 4段 5段 6段 耐荷重250kg","4912","26","","4","¥ 8,400","","1","B0H6PHL835","B0H6P21YYV","60","51","6.5","7000"
"長谷川工業(Hasegawa) 専用脚立 脚軽 4段 RZ-12c (1.09m) (17756)","3862","65","","258","¥ 12,000","¥ 12,000","24","B085J2LY8S","B085LPPYC9","117","53","18","4700"
"sanwa (三和電気計器) アナログマルチテスタ 多機能型 CX-506a","3862","73","","11","¥ 12,127","¥ 12,127","9","B000W9FN4W","B0FFFSWDWV","17.8","14.4","5.6","499"
"soyadis 台車 折り畳み 軽量 静音 [93×62cm] キャリーカート 耐荷重 [300]kg コンパクト 平台車 室内 屋外 搬入用 運搬 だいしゃ","3863","28","","20","¥ 5,799","","1","B0GC5869NR","B0GYP3LCHK","91.5","58.7","16.3","8980"
"kaitou 灰皿 スタンド 屋外 吸い殻入れ ステンレス 大容量 ゴミ捨て防止 屋外用 角型 スリム 喫煙室","2934","65","50","42","¥ 5,083","","1","B0CPX7MPTT","B0GWLNY7CY","68.5","30","30","5900"
"セメダイン 瓦用 シリコンシーラント 330ml 銀黒 10本","5720","18","","161","¥ 8,323","¥ 8,323","2","B00DFVF4CU","B0D5YXJGSM","30.5","26.2","10.9","4218"
"[光円電工] フルハーネス 新規格安全帯 M-L 新規格 フルハーネス安全帯 新規格 セットフルハーネス安全帯 2丁掛け 墜落制止用器具 ＆ 伸縮式ダブルランヤード ワンタッチバックル 肩パット付き 全方位保護フルハーネス 懸垂下降 安全確保 全身保護 落下防止 安全帯 隠されたウェビング、ボディ全体に余分なウェビングはありません (L, 黒色)","3880","27","","242","¥ 6,299","","1","B0CL6MF9MK","B0CQ7J77J2","33.3","18.5","17.4","3080"
"根本側ベアリング付 超硬スパイラルパターンビット コンプレッション 軸径6mm・刃径12mm・刃長25.4mm","3880","13","","70","¥ 6,599","","1","B0CKQPLM2H","B0HCXYSGGL","7.1","1.7","1.7","50"
"山善(YAMAZEN) 台車 静音キャスター 38×62cm 積載荷重100kg すべり防止ゴム(4カ所) ブレーキ付き 折りたたみ 軽量 コンパクト YSF-6040B(BK) ブラック","3892","60","50","42","¥ 5,637","¥ 5,637","2","B0816W67XF","","74.3","40","13","5860"
"GREEN DEVIL 林業用チェーンソー防護ヘルメット EN397 認証済み 5 イン 1 システム 金網フェイスガード付き・内蔵バイザー & 耳当て 通気性良好 木材伐採・ガーデニング作業用 ユニセックス対応","4416","43","","163","¥ 8,799","","1","B0F12XRPWX","B0GH6GRCNP","27.5","23.3","18.4","1240"
"山善(YAMAZEN) 台車 折り畳み 軽量 4台セット 34×39cm 最大積載重量:80kg コンパクト キャリー機能 自立 Carryおてがるスリム COT-S(BE)*4","4873","28","","1153","¥ 14,999","¥ 15,533","2","B0D8RT3RVC","B0DK4TZZSZ","90","34.5","24","13000"
"ワンタッチ タープテント 3段階調節 3m/2.5m/2m UVカット 耐水 スチール キャンプ アウトドア 耐水専用横幕/サイドシート4枚付属 テント キャンプ用品 ワンタッチテント タープ(グレー,3m)","3906","67","100","973","¥ 17,800","","1","B0C2PTFL6M","B0BX7DFQS4","117","24","22","18500"
"skinix クリアホールドライナー Lサイズ 26Fr以下 100枚 尿道カテーテル ドレーン 固定用テープ 防水 YB-P26100T","3911","19","","2","¥ 9,900","¥ 9,900","1","B0FLCR1843","B0FNRGB3Z2","9.4","7.6","6.8","160"
"HELIX スリングベルト 3m 幅50mm 使用荷重2000kg ナイロンスリング 吊上げ 牽引 2T 作業効率を向上 日本語説明書付き [2本セット] (× 3)","4202","23","","1028","¥ 7,353","","","B0GZCZ9H4K","B0D1G82DV9","26.8","16","10.8","5880"
"iSANGHU PLAフィラメント 1.75mm 3Dプリンター専用フィラメント 寸法精度±0.02mm フィラメント互換 Bambu LabフィラメントFDMプリンター 4KG 白色","4233","24","","","¥ 5,499","","1","B0FN3XR71R","B0BSLZ4Q2L","41","21","13","4980"
"[ミズノ] スクラブ 男女兼用 冷感 涼しい クールマックス 【ストレッチ/吸汗速乾/制電/消臭】 MZ0120 マジェンタパープル L","3877","24","","143","¥ 5,346","¥ 5,346","2","B01LALP90I","B01LALOUGC","31.8","26.4","1.6","220"
"脚立 6段 折りたたみ コンパクト 踏み台 耐荷重200kg 工具置き付き 滑り止め安全 キッチン室内屋外兼用省スペース ブラック (ブラック, 6段)","5732","4","","3","¥ 12,599","","1","B0HFVGRTBK","B0H79C586G","174","46","6","7000"
"タジマ(Tajima) ワークポジショニング用胴当てベルトカーブD1 黒ワンタッチS WCXD1-WBCS","5667","49","","34","¥ 20,764","¥ 20,764","17","B07VJFFP61","B0BHWL32ZS","49.2","10.8","9.2","1280"
"【日経MJ新聞掲載／従来の6倍の磁力】 マグネットシート 強力 ネオジム磁石 マグネットテープ NEODY ネオピタ カット版 30枚セット","3936","52","","99","¥ 6,480","","1","B0FWKLGCCX","B0FWKLJBLR","15.5","14.9","1.4","280"
"TRUSCO(トラスコ) ゼラスト防錆紙 幅500×長さ500×厚み0.07mm 20枚入 TZP-500 × 40袋 【ケース販売】","3009","26","","332","¥ 115,636","¥ 115,636","1","B0B5ZK7HBH","B09VDSBHQX","62","51","34","14800"
"リファバイタルテックモイストスムース シリーズ/WOMEN［一般医療機器］ (プルオーバー（半袖トップス）, ダークグレー, L)","9127","11","","1","¥ 11,000","","1","B0GNLTMSNY","B0GKDY6CHQ","32.8","26.4","3.2","230"
"シャボン玉 全身ケアソープ バブルガード 詰替用 4L","3950","23","","17","¥ 6,980","","3","B0D78K8J9L","","26","20","10","4000"
"Kachiru 折りたたみラック 4 段 組立不要 スチール製 キャスター付き 防錆加工 頑丈 キッチン収納棚 家庭・業務兼用 ブラック","2670","9","","17","¥ 5,980","","1","B0GVHX613V","B0GY81HF7D","122","39","9","6000"
"RAKU 点滴スタンド 点滴台 ivスタンド 点滴棒 点滴台スタンド 高さ調節可能110-200 cm 移動式 安定高い 五つのキャスター付 4つのフック ポータブルハンドル付き 自宅 介護 (1個)","3960","81","50","161","¥ 6,201","","1","B09C23BN54","B09YCTBCY8","111","12","10","3000"
"ショーワグローブ 【カッター用手袋】No.544 ケミスターパームFS 10双入 Mサイズ 1袋 グレー 防刃 耐切創 手袋","3966","56","","6","¥ 10,092","¥ 10,092","23","B00EAEWA28","B01MSC2G5F","24.2","17.7","12.5","468"
"山善(YAMAZEN) 踏み台 脚立 洗車台 (高さ60cm/天板幅60cm×奥行30cm) ワンタッチロック機能 天板幅広タイプ 折り畳み 洗車 アルミ 足場台 軽量 2段 KA-E60","3968","82","50","502","¥ 7,606","¥ 7,606","3","B07K33F7CP","B09LQCL62C","67","41","14","4300"
"【夢ペンLab】 3Dペン 子供 本体 フィラメント おもちゃ 誕生日 プレゼント 男の子 女の子 LP061S (ホワイトxグレー)","3974","20","","3","¥ 7,000","","1","B0H8WV2KR5","B0HBW65SPH","22","17","15","620"
"ToBeGreat 重量用 スライドレール 1000MM ロック付き 幅53MM 3段 取り外し可能 サイドマウント Heavy Duty 工業用 引き出し レール 耐荷重用 レール 荷台 スライド 棚 収納 白い ネジ付き 2本入（ペア）","10687","56","","55","¥ 7,390","","1","B0FGDDYH1K","B0FG86T868","115","6.5","5.6","5480"
"広電(KODEN) ミニスポットクーラー 業務用 工事不要 ノンドレン タンクレス設計 水捨て不要 100V 防塵スイッチ スポットエアコン 小型 簡易クーラー 取っ手・キャスター付き ブラック AZS181HBB","3988","67","50","14","¥ 39,800","¥ 39,800","1","B0GFVJW1Q6","B0GW7T9ZR9","65","53","38","23000"
"ADHES 養生テープ 緑 50MM 25M","2817","28","","275","¥ 9,639","","1","B092CWPHJ3","B08FSPH8FT","34.3","27.3","23.9","6520"
"コンセント式 設置型低圧持続吸引ポンプ","3995","17","","139","¥ 8,800","","1","B06XS8H4LD","","26.7","15","8","530"
"TRUSCO(トラスコ) 5S管理シート 7mm厚 灰色 T5S-7-GY × 30 【ケース販売】","4003","31","","73","¥ 33,000","¥ 33,000","1","B0C5D7YNYZ","B0CB59NZQW","43.5","34","25","1800"
"2026極冷×最強爆風 ペルチェファンバッテリーセット 空調作業服用 7.5cm冷却プレート搭載 瞬間冷却 強力送風 41400mAh PD60W急速充電 最大42時間稼働 90mm服穴径対応 PSE認証済 日本語説明書","4009","71","200","69","¥ 9,980","","1","B0GZY61Y5F","","27.2","20.4","5.5","960"
"ALUMIOX脚立 4段 ライトホワイト スチール製 手すり付き 折りたたみ 幅広ステップ 滑り止め 安定設計 高所作業 スリム収納 家庭用","14015","0","","20","¥ 5,999","","1","B0HCT93L82","B0HFRZVVNJ","127.5","40","7","6400"
"Kaedear(カエディア) バイク ヘルメット 消臭機 乾燥機 脱臭機 オゾン 紫外線 LED 3段階風量 UVボックス AC100V DH-H1","4028","32","100","92","¥ 24,750","","1","B0DV3H4X86","B0FFSCJBDY","41","31.9","21.8","2420"
"マスキングテープアプリケーター 手動式テープ貼り機 補助工具 直線マスキング 塗装用マスキングツール DIY 用 多目的対応 目地処理 補助ツール 持ち運び便利 均一に貼れる 高耐久性 壁/床/窓枠対応 (美目地工具 + 2巻,黄色のテープ) [並行輸入品]","9789","4","","","¥ 5,059","","1","B0GWQRT2CJ","B0GWQQQJ94","20","14","3","1000"
"【箱売り】APMジャパン 超強力粘着 気密防水両面テープ アクリル系 幅50mm×長さ20m 30個セット [補修テープ・気密防水テープ](まとめ)","4036","52","","4","¥ 14,480","¥ 14,536","2","B0CKX452ZR","B0CV3XWZ4V","38.1","27","26.1","8500"
"[マルゴ] 地下足袋 祭り 太鼓 登山 脱ぎ履き簡単 面ファスナー コハゼ12枚丈 マジックエアージョグ ユニセックス大人 ブラック 23.0 cm","5097","15","","58","¥ 5,640","¥ 5,640","4","B09XTZ31T3","B09XV5WSGD","30","11.5","9.6","610"
"ELEGOO ABSライク3.0 Pro 3Dプリンター用レジン グレー 高速硬化 高精度 非脆性 耐傷性があるLCD/DLP 3Dプリント用405nm UV硬化型フォトポリマー樹脂 LCD ABS 3.0 Pro レジン 1000g (× 5)","2226","7","","34","¥ 12,995","","","B0GZ8YNYY4","B0DP6BLMK8","22.2","9.9","9.8","5850"
"GENTOS(ジェントス) LED ワークライト USB充電式 【明るさ800ルーメン/実用点灯3時間/耐塵/防滴】 専用充電池使用 ガンツ GZ-706","4058","75","","44","¥ 7,932","¥ 7,932","22","B0CWNKXWD1","B0DNSKQPZ9","24.9","19.8","4.9","390"
"藤井電工(Fujii Denko) ツヨロン TSUYORON 新規格 フルハーネス型 KITEハーネス 本体のみ LLサイズ 130KGまで対応 ネイビー 紺 TH-521-OT-BL-LL 腰道具を多く装着してもズレにくい ワンタッチで胴ベルトの着脱が可能 水平型腿ベルト 日本製 高所作業 墜落制止用器具 安全帯","5776","73","","75","¥ 23,758","¥ 23,758","1","B0CJ4QZVKP","B0CJT6YJYH","35","18.2","11.6","1580"
"工進(KOSHIN) 汚水用 水中ポンプ ポンスター PX-550 [50Hz]","4072","72","","49","¥ 29,676","¥ 29,676","21","B00AQUC3F4","B077JP8DN3","40","25","25","11500"
"HIKMICRO Mini2 V2 サーモグラフィー サーマルカメラ、スマホ用 iOS/Android対応、256x192赤外線解像度、SuperIR、ビデオ録画、25Hz、付属品（延長ケーブル/アダプター*2）","4089","100","50","77","¥ 36,980","","2","B0D9HH5F3B","","17.4","12.3","7.2","400"
"サンワダイレクト 超音波洗浄機 分離式 ＜給水簡単＞750ml タイマー機能 プラモデル 腕時計 メガネ 入れ歯 アクセサリー 200-CD037","4094","69","50","1573","¥ 7,180","","1","B07G8QM8KG","","25.5","24.5","19.4","1700"
"【雑誌掲載】SENUN 階段 滑り止め 滑り止めテープ 強力 貼るだけ簡単 厚さ5mm 滑り止めマット 脚立 階段の滑り止め 屋内 屋外 転倒防止 安全対策 事故防止 賃貸OK (蓄光ブラウン, 15M×5cm (5M×3巻）)","4095","59","","494","¥ 7,463","","2","B0D1JTC236","B0B8JB4VVM","17.7","16","15.2","3030"
"ストリックスデザイン アルミオードブル 皿 蓋つき 大 40個セット 日本製 本体:赤茶 蓋:透明 直径35×高さ4.5cm 使い捨て 容器 オードブル フードパック 業務用 寿司桶 F-701","3541","11","","37","","","","B0DGKMSZPN","B0GHZ9Y9FJ","72","72","58.5","4300"
"ボックスバンク 巻きダンボール（片面段ボール） (800mm×50M) 3ｍｍ厚（重量物） 引越し・収納用 FR06-0001","4104","17","","129","¥ 7,573","","1","B076RM95J9","B0D5W9JKBX","80.5","42.5","41","11560"
"藤井電工(Fujii Denko) ツヨロン TSUYORON 柱上作業用安全帯 補助用ベルト 補助帯 ベルト幅 25mm オリーブ T-565-OD 日本製","4105","35","","177","¥ 5,370","¥ 5,604","5","B00GRKNK40","B0CKFDCC8V","23.1","11.1","6.5","198"
"峰岸 エアコンボードアンカーMA-1 はさみ固定式金属アンカー 石膏ボード9.5/12.5mm対応 200本入","4106","84","100","111","¥ 5,827","¥ 5,827","14","B018L63Z9M","","23.7","17.2","14.4","1700"
"RESTMO 水流量計 デジタルコントロール | 4つの測定モード | ガロン/リットルの使用量と流量表示 | 屋外ガーデンホース散水とRV水タンク充填の追跡に最適","4110","19","","3370","¥ 6,931","","1","B0BL37TN96","B0FF4M4G78","9.6","5.4","4.9","132"
"カモ井 マスキングテープ 弁慶 50mm×18m 20巻入り [養生テープ]","5998","12","","32","¥ 5,700","","1","B014GSJY0S","B0BH4MWFXQ","30.4","13.5","12.4","1870"
"Revopoint 3Dスキャニングスプレー 3Dスキャナー用 レーザーキャッチ 3Dスキャン 透過防止剤 400ml","4115","59","50","104","¥ 5,400","","1","B0D7C27QPL","B0GT4XT73M","20.1","6.6","6.3","360"
"【ケース販売】シモジマ HEIKO プラカップ 平蓋 ×穴あり 78mm 口径用 A-PET 業務用 1000個（50個入りｘ20袋）","4120","39","","16","¥ 6,665","¥ 6,665","1","B09VGC1Y2X","B0FNBL3L1S","42","41.5","18.5","2600"
"アルミ二ウム 折りたたみ式 はしご ポータブル スリム ステップスツール 安全 家庭用 はしご 脚立","5673","44","","1688","¥ 6,999","","1","B09L6452CT","B09JSDX9M3","90","47","6","4380"
"【Hanassia】3D 立体不織布マスク P’S-STYLE MASK 30枚入×12箱（合计360枚マスク）(ホワイト) ふつうサイズ(１２０×１３５㎜)男女兼用【全国マスク工業会マーク入り】","3763","12","","","¥ 10,440","","1","B0DYDN2B3M","B0F23ZN7DZ","48","37","26","140"
"パナソニック(Panasonic) 天井直付型 40形 一体型 LED ベースライト Dスタイル 富士型 一般・2000lm・幅150・昼白色 XFX410AENLE9","4611","44","","1","¥ 9,390","¥ 9,390","1","B0F62PT1NM","B0C61RSPQC","130","25","10.4","2880"
"TRUSCO(トラスコ) 防振パット 10X100X100 OHS10100 ×180【ケース販売】","6058","22","","943","¥ 36,436","¥ 36,436","1","B09T93NCHQ","B09VDQQV82","180","100","50","14760"
"Hechenソレノイド電磁石、HS-1264B、DC12V、2.5A、55N、10mmストローク、プッシュプルタイプオープンフレームドアロック","4116","5","","20","¥ 6,192","","1","B07M7T6WFQ","B0HDY42M4C","8.8","7.3","3.4","340"
"新潟精機(Niigataseiki) SK サポートリフター 援軍 64-115cm SLE-115 最大耐荷重:245N(25kgf)","3600","31","","2","¥ 5,496","¥ 5,496","5","B0CXJ5RZJ9","B0FBKR3438","61.6","24.6","10","1570"
"TRUSCO(トラスコ) ワイヤーロープスリング Aタイプ アルミロック 14mm×6m TWAL-14S6","4155","50","","77","¥ 5,011","¥ 5,011","15","B01NAZ04OG","B0CB58TZYX","70","32","6.5","4550"
"春日電機 動力用開閉器 BSW230B3","4157","67","","224","¥ 6,782","¥ 6,782","16","B00HLBD616","B09L8L23TW","17.9","8.4","7.6","400"
"共立電気計器 (KYORITSU) 6レンジ絶縁抵抗計 (50V/100V/125V/250V/500V/1000V) : KEW 3551","4524","71","","6","¥ 32,277","¥ 32,277","13","B07GB4S9LC","B0G2X76WML","20.4","15.4","11.1","1060"
"【スマレジ】【エアレジ】コンパクトレシートプリンター セイコーインスツル RP-F10/Bluetoothタイプ/ホワイト/RP-F10-W27J1-5/Type-C搭載","4164","93","50","38","¥ 28,096","","3","B0BQ2F3HFN","","23","21","18","840"
"[YUUWA] 500枚 フェイスシールド 組み合わせ済み（法人向け）両面保護フィルム付き 飛沫防止 簡易式 保護シールド 業務用 大人用 フェイスカバー 接客業 コンビニ 介護施設 医療 クリア 透明 軽量 水洗い PET製 曇り止め フェイスガード 組立済 (500枚セット)","4166","41","","64","¥ 27,000","","1","B0CTT338KN","B0CWV2MMPT","67","55","35","19000"
"Comgrow フィラメントドライヤー SH02 フィラメント密封収納ボックス 3Dプリンターフィラメント脱水機","4170","69","50","2007","¥ 9,899","","1","B0D9GKTXLN","B0H8JY3NJJ","32.5","29.6","19.3","2000"
"工業用 大型水冷ミストファン 業務用 屋外扇風機 超強力全銅モーター 3段階強力な風 取り付け簡単 水量45L 12時間連続使用可能 50-100平方メートルをカバーでき マイナス8-10度まで強い冷却効果","4188","84","100","33","¥ 26,790","","2","B0FCRLHDLD","","60","60","43","17000"
"タジマ セフシステム セフメット アースブラウン スモーク シールド付 HSEBCSSB","4194","34","","20","¥ 12,327","¥ 12,327","10","B0DVG1MX6L","B0F5WHL7Z8","32.7","26.7","20.1","940"
"[AI-WILL] 3D 立体不織布マスク ウィステリア bicolor 使い捨てマスク30枚入り×12箱(共计360枚) 個别包装 携帯に便利な 大きめＬサイズ (150 × 115mm) (グレージュ×ブラック) 【全国マスク工業会会員マーク入り】","4554","17","","45","¥ 11,280","","1","B0DWWTD116","B0F7R3SDST","48","37","26","150"
"[WINCESS] インナー手袋 キュプラ インナーグローブ 薄手 指切り ベンベルグ 手袋 6枚 20枚 100枚 フリーサイズ 指なし 手荒れ 使い捨て手袋 歯科衛生士 介護 おしゃれ (生成（100枚）)","4200","51","","38","¥ 9,800","","2","B097JXNX2N","B0C5XCL1GN","36","22","8","500"
"伸縮式はしご 12.5フィート アルミ製伸縮はしご キャリーバッグ付き 屋外屋内用","4205","51","","2055","¥ 41,226","","6","B08G8RG8Q8","B0H8SVLT75","88.1","49.3","9.1","12338"
"ニトムズ(Nitoms) PROSELF 再はく離一般用両面テープ NO.5000NS ホワイト 幅50mm×長さ20m 3個セット日本製 きれいに剥がせる 薄い マジックテープ フック A9038","3576","23","","3","¥ 6,227","¥ 6,227","1","B0D9QHT6SZ","B0DLGR4C2B","20.9","18.3","16.3","1110"
"ちゃいなび 妊活用 シリンジ キット Comish コミッシュ 20回分 シリンジ法 シリンジ法キット シリンジキット 妊活 妊活用 安い 家庭用 プレメント プレメントシリンジ セルフ","5288","12","","36","¥ 7,632","","1","B0CNQSM3GH","B0CNRD8FJ6","20.9","17.1","9","320"
"[GUANGJIA] フルハーネス安全帯 新規格 セット 墜落制止用器具 ランヤード一体型 落下防止全身保護キット、全身反射 安全保護 デュアルハーネス脱着簡単 ハーネス安全帯 建設工学、高安全作業","5174","65","","36","¥ 6,899","","1","B0DYDPQQ9P","B0GVMKG67R","33.1","18.5","17.1","3260"
"SKY TOPPOWER安定化電源 可変直流電源 0-60V 0-5A 3桁電圧電流表示 スイッチング電源 自動切替 複数の保護低雑音STP6005D","4618","24","","29","¥ 8,999","","1","B07MQJX2FD","B0CMH4Z5CX","29.2","17.3","12.4","1660"
"EUHOMY 製氷機 家庭用 【キューブアイス 高速製氷 】13分24個 透明な氷 大容量水タンク 3.2L 透明窓 自動洗浄機能 タイマー機能 氷保管量1200g ステンレス製 製氷器 小型 宅飲み 晩酌 卓上 キャンプ 家庭 業務用 静音 自動停止 水不足提示 ポータブル アイスメーカー 氷つくり機 日本語説明書付き","4222","78","100","4957","¥ 26,999","","1","B0GHM7G9Z5","B0GQG6NHHT","44","40","29.7","11340"
"スミス・アンド・ネフュー メロリン","4224","56","","297","¥ 10,425","","6","B0827VJNH8","B099DH7PF1","32.7","25.4","14.4","1040"
"エスユウエス(SUS) SF2-30・30 SF9-322 4本入 (アルミフレーム) (シルバー, 1300㎜)","5507","17","","135","¥ 5,057","","1","B072VJC4FD","B075QBFN5Q","130","12","3","4400"
"100個セット φ25mm加厚304ステンレス製 パイプクランプ 1.4mm厚 配管固定用 重荷重対応","5408","11","","5","¥ 5,780","","1","B0H6T2XYJ6","B0H9L8TS6H","25","15","2.2","1000"
"GREEN DEVIL 林業用ヘルメット チェーンソー 作業用 草刈り用 フェイスガード 工事用ヘルメット 収納式サンバイザー 耳当て 安全帽 3 in1セット耐衝撃性通気性作業EN397＆EN352-3","4236","45","","84","¥ 6,599","","1","B0BQ386XZD","B0D4DTCFMR","28.5","23","19","1100"
"Ailenlan a4 メニューブック メニュー表 - 10冊セット 4枚8面 メニュー A4","4237","66","50","105","¥ 5,999","","1","B0C3LVCDH5","B0FMYJDW8D","37.6","31.2","8.1","2370"
"Tineco FLOOR ONE i5 Stretch ティネコ 水拭き掃除機","4242","12","","772","¥ 19,999","","1","B0FTYMYVKD","B0GZN9KCX2","71.2","42.6","27.4","8150"
"ピカ(PiCa) 足場台 洗車台 立ち馬 伸縮 折り畳み 四脚アジャスト式 3段 3尺 (0.60-0.91m) BCB-6908","4248","74","","82","¥ 13,800","¥ 13,800","1","B0B8MNSWZX","B0DZFS9XDG","91","39","18","6940"
"アイリスオーヤマ 段差 スロープ 段差プレート NDP-900E グレー 4個セット","6053","67","","353","¥ 7,178","¥ 7,178","5","B01HPUTF2G","B07WR43RG6","92","31","29","13060"
"[日本製] 日本製 ステンレス作業台 W75×H80×D60cm 耐荷重約200kg 棚板高さ調整 組立式 業務用 調理台 厨房 キッチン シルバー [kot2ba-7560]","3434","16","","12","¥ 14,980","","1","B0HC2ZRVBN","B0DCFZ7WR8","80","75","60","5000"
"デジタル台はかり デジタルはかり100kg はかり デジタル計量器 重量計 バッテリー内蔵式 充電器付き 連続使用90時間 (100kg)","4254","75","50","190","¥ 6,631","","1","B08T73V3XH","B08YJQZ1D8","66.4","31.8","15.6","6820"
"ピザ箱 ＳＰ－４ 白無地 １２インチ １００枚","4734","22","","34","¥ 9,350","","1","B09GVQBSWG","B09FK31Q7L","80","42.5","17.5","15390"
"ELEGOO Mercury XS Bundle 大型レジン3Dプリントモデル用洗浄・硬化ステーション分離型 ハンドヘルドUVランプ付き","4256","65","","20","¥ 18,079","","1","B09V4TK3Y2","B0BJ6MGYX8","52.5","31.2","30","6000"
"FNIRSI DSO-TC3 オシロスコープ 500kHz帯域幅 10MS/s サンプルレート対応 3 in1 ハンドヘルドデジタルオシロスコープ トランジスタテスター 信号発生器 ポータブル バックライト付き","4259","57","50","100","¥ 7,799","","1","B0D6YQCVBB","","19.7","14.1","10.7","450"
"OVERTURE PETG フィラメント リフィル 1.75mm 4KG スプールなし(黒×2+白×2)","4259","57","","10","¥ 7,899","","1","B0FW3Q8T1D","B0FNN7HS3F","37.5","19.7","14.5","4520"
"[GUANGJIA] フルハーネス安全帯 新規格 セット 墜落制止用器具 ランヤード 落下防止全身保護キット、安全保護 脱着簡単 ハーネス安全帯 建設工学、高安全作業 (青)","4262","49","50","58","¥ 5,799","","1","B0FPFJYCZJ","B0HBX1LVTT","33.4","18.5","15.4","3080"
"【2026年新登場】VOERJIA 高圧洗浄機 コードレス 充電式 洗車機 マキタ バッテリー 互換 4000mAh大容量 残量表示 1000PSI 吐出量400L/H 300W 小型 軽量 自吸式/水道直結 止水栓＆延長ジョイント付き 6in1ノズル 保護ケース/洗車手袋 ポータブル 洗車/庭/外壁/ベランダ/年末大掃除 日本語取扱説明書付き（グリーン）","4263","2","","6","¥ 9,999","","1","B0HC6NP465","B0HFNBKRML","38.5","31.3","13.4","3200"
"VALLERY ヘルメット インナー Premium 3個入り 10セット (合計30個) ブルー","4332","1","","368","¥ 7,980","","1","B0HFC7GVZT","B0FF9H2J4W","25","25","15","860"
"コニシ #04466 床職人KU-928C-X アプリパック 600ml 12個入","4279","80","","220","¥ 14,468","","7","B0976RFPQC","B0B2ZTH7V7","32.6","26.1","21","10770"
"トラスコ中山(TRUSCO) アルミカート ブラック/グレー 内寸534×370mm TALD-50","4280","63","50","169","¥ 6,073","¥ 6,073","20","B002A5U1A2","B09PBMX341","56","39.8","15","2800"
"JX日鉱日石トレーディング スーパーハイランド 32 20L","4285","52","50","131","¥ 14,755","","4","B015QTPKIQ","B08VBJQGFZ","37","30","30","20000"
"タジマ(Tajima) 安全帯 サスペンダーリミテッド M ライン赤 胴当てCRXセット YPLMCRX-LRE [落下防止 電気工事 高所での安全作業]","4289","80","50","496","¥ 6,682","¥ 6,682","30","B0143VDH3S","B0FNK1KKR6","80","18","6","720"
"[エース] 礼装用手袋 ホック付 東レナイロン使用 Lサイズ 50双セット AG616","4301","52","","10","¥ 37,400","¥ 37,400","1","B0FYMNB6P2","B0FYMKW6D7","50","25","10","1500"
"山善(YAMAZEN) コンパクト キャリー 台車 フラット天板 折りたたみ式ハンドル 積載荷重150kg ストッパー&荷崩れ防止ガイド付き 折り畳み ピタッと止まる静運キャリー YNC-7050RB","4317","70","50","54","¥ 13,877","¥ 13,877","4","B0C3Q7WC7X","","84","46","16","7100"
"タニタ 黒球式熱中症指数計 熱中アラーム TC-301 JIS B 7922:2023準拠 WBGT クラス2 温度計 湿度計 事業者・法人向け","4320","73","50","3","¥ 6,900","","23","B0FDR412VC","","11.8","10.7","4.1","140"
"OVERTURE PLA フィラメント 1.75mm 1kg 安定印刷 FDM 3Dプリンター用(ベージュスキン)","4341","3","","188","¥ 9,999","","1","B0GKQ8NLPM","B0DQ9RHYHX","22.4","20.6","7.4","1279"
"グレートツール(Greattool) GREATTOOL アークランドサカモト アングルベンチバイス GTWB-500","5999","65","","448","¥ 5,120","¥ 5,296","5","B00715CX4S","B07FC9MP48","88.5","15.5","13.8","7679"
"YOOPAI フィラメント収納ボックス 4個セット – 3Dプリンターフィラメント用密閉保管ケース – 乾燥剤＆ラベル付き携帯型収納ボックス 防水・防塵仕様 4.0L（約22.9×20.3×7.6cm）","4351","81","50","396","¥ 8,249","","1","B0F8BBD5Z8","B0GJD8G3P4","36.4","26.3","13","2020"
"ワイヤーロープ ステンレスワイヤー 線径 4mm 100m ワイヤー ステンレス耐衝撃性、台風固定、林業DIYフェンス、防錆、耐腐食性、耐落下性 7×7構造 アルミニウム製バックル100個","4352","39","","1","¥ 9,999","","1","B0D8T5S7V8","B0DWDY3Z4B","23","21","16","4950"
"KINGRACK 洗車台 足場台 折りたたみ式 脚立 アルミ製 作業台 踏み台 耐荷重150KG ワンタッチロック 安全安定 滑り止め 軽量 室内用 ステップスツール 家庭用 キッチン リビング リフォーム用","4355","48","50","155","¥ 8,929","","1","B0DWS97SZM","","94.2","35.1","11.2","6396"
"【日経MJ新聞掲載／従来の6倍の磁力】 マグネットシート 強力 ネオジム磁石 マグネットテープ NEODY ネオピタ シールあり版 3枚セット","4358","42","","122","¥ 6,180","","1","B0DXKBX4CQ","B0FVDTXY3N","14.9","14.8","1.4","280"
"simplus 製氷機 最短6分 透明氷 氷作り 5サイズ調整可能 最小クラス 連続製氷 自動洗浄 卓上 家庭用 連続製氷機 排水口付き 自動停止 宅飲み パーティー シンプラス SP-CED04 (透明氷モード付/ホワイト)","4363","75","50","13","¥ 9,999","","2","B0F43L8MFL","B0D72JYLKT","33","32.7","25.3","6360"
"三和電気計器 SANWA アナログ絶縁抵抗計 500V/250V/125V PDM5219S","4366","87","50","283","¥ 19,982","¥ 19,982","22","B00B4THLYE","","19.5","17.7","6.5","730"
"DEPSTECH 先端可動式 ファイバースコープ 6.2MM極細 5インチIPSモニター 210°双方向回転 レバー式 1080P 1.5Mケーブル","4376","86","50","147","¥ 15,990","","2","B0FKTKJTJQ","B0HF4BTV92","44.6","22.5","7.9","1250"
"エプソン レシートプリンター TM-m30III-H スタンダードモデル/ホワイト TM303H621W","4384","90","50","5","¥ 49,800","","5","B0CZ63KHMD","","23.8","20.8","20.4","2280"
"Creality Hyper PETG フィラメント 1.75mm 1kg*2パック ±0.03mm （白黒）","4385","58","","9","¥ 6,699","","2","B0DL8QZG48","B0HDYPHGJK","21.2","21.1","14.3","2558"
"AURO（アウロ）Nr-431天然床ワックス１L","4395","55","50","29","¥ 5,980","","1","B0CXWRWT99","","19.2","10.7","10.7","1170"
"カモ井加工紙 建築塗装用マスキングテープ 正宗 (まさむね) 幅24mm×長さ18m 5巻×10パック","4400","47","","63","¥ 5,784","","3","B07796WYW5","B0B7F3YNP5","29.7","13.5","12.8","2250"
"ステンレス 作業台 業務用 調理台 厨房 450×600×800 板厚1.2mmモデル ステンレステーブル ワークテーブル キッチン KIPROSTAR(キプロスター)","4773","30","","161","¥ 13,980","","1","B0787PX4Z6","B0H35VN2VJ","83.5","58","10","11000"
"SPECILITE バキュームリフター 強力 キョウリョク 2個 大直径20cm 真空吸盤 カラス吸盤 プロ用 耐荷重400kg 圧力計付き-オレンジ","4411","55","","22","¥ 5,948","","1","B0FFG2VS45","B0G18FTRJS","37.5","27.7","11.6","3190"
"Wichard(ウィチャード) HR強力型(17-4PH ステンレス製) バウシャックル(おたふくシャックル) ピン径 12mm 破断強度 10t 322240","5947","17","","","¥ 15,380","","1","B07NF35LRB","B07NVHV15B","10","10","10","270"
"HELIX チェーンブロック 1t 三脚ヘッド 三脚ベース スリングベルト 抜根作業セット [三脚ヘッド・スパイク 1ton チェーンブロック 1ton 3m スリングベルト 50mm 2m 2本セット]","4422","76","100","85","¥ 19,980","","1","B0BNWVQ69X","","38.5","34.3","28.5","22740"
"TRUSCO(トラスコ) ノンスリップテープ 屋外用 150mm×10m 黄 TNS-15010-Y","4423","23","","258","¥ 9,185","¥ 9,185","20","B004OCMTEA","B09PBN6KN7","16.3","15.7","15.4","2040"
"A&D 取引証明用 デジタルはかり SJ-12K ≪ひょう量:12kg 最小表示:0.01~0.02kg(使用範囲:0.1~12kg) 皿寸法:230(W)*190(D)mm 検定付:使用地区制限なし≫","4428","74","50","130","¥ 7,500","¥ 7,500","22","B001D7JA3M","B06VST9CXH","32.8","32.5","17.5","2660"
"ALion-ots 100v-LED テープライト.高輝度 無段階調光調色シリコン製10cmカット可能ストリップライト. LED 無臭、ワードローブ照明、配線不要、IP65 防水、線形発光、間接照明 DIY 装飾、切断可能、取り付けが簡単(三色リモコン切替-9メートル+プラグ+部品)","4436","19","","17","¥ 12,390","","1","B0G26CD8YK","B0G2659ZS2","25.3","25.2","5.2","1180"
"HAIGE(ハイガー) 箱型 乾湿両用業務用集塵機/掃除機 15L HG-RL188-15","3909","47","50","13","¥ 9,900","","1","B0H1W4GPMD","B0H93HH9RQ","50","45","35","7000"
"[Fentron] 【2026最新半導体冷却×超強暴風×41400mAhバッテリー】 ペルチェ ファン バッテリー セット 24V超高出力 空調作業服用 最大42時間稼働 日本製モーター採用 PD60W急速充電 4段階調節 90mm穴径対応 PSE認証済 [日本正規品]","3277","53","400","51","¥ 9,860","","1","B0GZZXBWDL","B0HGFFG2YD","27.5","20.8","5.3","970"
"パナソニック(Panasonic) 天井埋込型 LED 非常用照明器具 昼白色 30分間タイプ 低天井用(～3m) 自己点検スイッチ付 リモコン自己点検機能付 埋込穴φ100 NNFB91605C ホワイト","4453","90","50","39","¥ 9,980","¥ 13,903","11","B0B1TS3RKG","","22.2","14.4","11","590"
"寺田ポンプ製作所 テラダ(TERADA) ファミリ-ポンプ 水中ポンプ 50/60Hz SL-102","4472","77","100","143","¥ 12,812","¥ 12,812","17","B000TGLKJU","","29.6","15.9","15.7","3620"
"ビジコム純正 国産 感熱レジロール紙 80mm幅×外径80φ×内径12mm 50巻 芯あり 中保存 TSP100III･mC-Print3対応 ST808012-50N","4478","50","","12","¥ 9,990","","1","B007UU9OEG","","41.2","41","19.6","17740"
"TRUSCO(トラスコ) ドンキーカート 固定式810×510 S付 202NS 台車 折りたたみ 軽量","6204","28","","","¥ 26,456","¥ 26,456","20","B00B4TBLW2","B0BRW1XCR7","81","50","26","20800"
"ボックスバンク ダンボール 宅配 200サイズ 2枚セット (68×68×55cm) 二つ折り 引っ越し 特大 段ボール箱 FD11-0002-a2","3308","61","","130","¥ 5,124","¥ 5,124","1","B0BLSCZXQ6","B0CT82C6TN","123","68","9","6000"
"トラスコ中山(TRUSCO) ベルトスリング 両端アイ形 グリーン 75mm×1.5m G75-15","4487","36","","","¥ 5,127","¥ 5,127","24","B00264ZQ4I","B09PBKZSCC","44.7","12","8.9","1100"
"[UIANSP] 新規格安全帯 フルハーネス用ダブルランヤード ２本 兼用ランヤード 巻取り式 フルハーネス型 ランヤード 墜落制止用器具 安全帯","4498","82","50","76","¥ 8,999","","1","B0D9XV9KKX","B0DW3V1BCL","23.2","16.1","14.1","1800"
"WWELL 超音波洗浄機 業務用 2L 卓上型 28/40kHz スイープ周波数 自動モード 超音波洗浄器 メガネ/入れ歯/時計/アクセサリー用 タッチパネル 加熱 脱気 日本語説明書付き","4502","75","50","31","¥ 10,999","","1","B0DDTJMB9C","B0DDTGC7V8","28","25","25","2620"
"日立 掃除機 お店用 コンパクト 紙パック式・布袋フィルター式両用 CV-G1","4503","105","50","299","¥ 25,582","¥ 25,582","36","B0000C91XR","B084425QC5","46","42","41","8200"
"UCkasayfy 高耐久 バスバー 300A 12V 配電ブロック 3/8インチ (M10) 4支柱ターミナルブロック カバー付き 自動車 船舶 バッテリーシステム用 (赤)","3094","28","","38","¥ 6,731","","1","B0CJF9ZHBG","B0CMTN3LNC","19.3","9.4","5.7","420"
"FieldNew 【国内ブランド】防水 水質測定器 (pH/EC/TDS/塩分/温度) 国内品質検査済 保証書付き 高精度 自動校正 5 in 1 簡単操作マニュアル 校正剤付き 水槽管理 純水器フィルター 減塩レシピ","4508","67","50","102","¥ 5,382","","1","B0CZWZ9L1D","","21.3","8.3","5.2","170"
"[エース] 【まとめ買い】[100双(10双×10)] 作業手袋 ウレタン指先コーティング手袋 Sサイズ 13ゲージ No.1861 ホワイト","4755","51","","1","¥ 8,534","¥ 8,534","1","B09M7ZS3SN","B09M8GH2LF","61","26","18","1900"
"トラスコ中山(TRUSCO) ヘルメット用インナー紙帽子 ホワイト 120枚入 THDC-120","4537","54","","34","¥ 7,137","¥ 7,137","23","B00IMYVTEW","B09NWJFYMC","31.7","24.2","8.3","960"
"HELIX 強力型滑車 一車スナッチ スナッチブロック 1000kg ブロック滑車 フック式 プーリーブロックレッカー車 1ton 積載車 ワイヤーロープ [2個セット]","4541","26","","21","¥ 7,480","","1","B09FHCK8YV","B0D1CRX9TJ","38.7","27.3","9.7","6220"
"セメダイン(Cemedine) スーパーX No.8008 一液常温速硬化型弾性接着剤 ホワイト 333ml 粘着接着 弾性接着 無溶剤 AX-252 10本","4368","50","","","¥ 49,263","¥ 49,263","1","B0CM8ZS5XW","B0CND2RG1V","34.1","26.5","11.1","5110"
"第一衛材 防災人 水たまり吸水シート7L(1袋10枚入)BMS-001 10袋(100枚)セット","4554","64","","78","¥ 23,256","¥ 23,256","2","B0CLGKRNH7","B0CN8TM7GT","60.9","41.3","19.5","6350"
"角底袋 未晒 12号 500枚 178×112×350mm 紙袋","4736","39","","11","¥ 5,750","","1","B0FKLCRWK9","B0FXLQ1YCJ","35","17.8","11.2",""
"ピカ(PiCa) ピカコーポレイション 脚立 伸縮 はしご兼用脚立 四脚アジャスト式 3段 3尺 (0.66-0.97m) アルミ BCC-90","4568","55","","107","¥ 12,679","¥ 12,679","1","B0B4NDL3WD","B0BH4PV9RQ","74.1","45","17.6","5720"
"[メカニクスウェア] 夏用 タクティカルグローブ ベント Vent コヨーテ XL MSV-72-012 タッチスクリーン対応 洗濯可 サバゲー 軍事 防災 熱中症防止 DIY 作業用手袋 バイク 自転車 【日本正規品 EC専用パッケージ】","4574","34","","3762","¥ 7,362","","4","B075P79KX1","B0D99R63C1","27.2","17.7","4.4","70"
"Ailenlan ワイヤー ワイヤーロープ ステンレスワイヤー 2mm 長さ200M ステンレス304 アルミスリーブ200個付き","4575","37","","2","¥ 5,899","","1","B0FF94KC7J","B09T9X7FXK","22.1","16.9","14.2","3510"
"HATUSOKU フッ素樹脂粘着テープ テフロンテープ しっかり厚め 耐熱テープ 絶縁テープ 耐薬品 滑る PTFE (長さ10ｍ, 6個, 38mm幅)","8098","13","","131","¥ 12,600","","1","B0C2P7KM7C","B0C4NSJQP8","18","12","3.8","696"
"TRUSCO(トラスコ) メッキ付ワイヤーロープ Φ3mmX20m CWM-3S20 × 10巻 【ケース販売】","4577","50","","142","¥ 13,729","¥ 13,729","1","B0C4T5J726","B0CC7Z23RF","61.7","18.7","10","6200"
"【公式：長谷川電機工業 (Hasegawa Denki Kogyo) 】 高低圧用検電器 HSG-6（布ケース別売り）伸縮式 高・低圧用検電器 音響発光","4586","72","","43","¥ 15,800","¥ 19,300","10","B00FZL65Z8","B0G51XXQBX","21.3","3.4","2.7","100"
"ステンレス 作業台 業務用 調理台 厨房 450×450×800 板厚1.2mmモデル ステンレステーブル ワークテーブル キッチン KIPROSTAR(キプロスター)","4588","52","","159","¥ 13,680","","1","B07CH8DSP4","B0H35ZKPKR","83","58","10","11000"
"Bokuyoku シートモッコ 100×100×100㎝ 四耳立方体 耐荷重2t 繰り返し使用できる 荷揚げバケツ 摩耗に強い 強靭 頑丈 イージーモッコ 八点吊りタイプ モッコタスキ 軽量強力布モッコ もっこ セメント、木材、砂利、建築材料、廃材の吊り上げと荷揚げに使用 工事現場、重物吊り上げ、高所吊り、港湾荷役、電気工事","4590","57","","36","¥ 5,400","","1","B0DHWW24WP","B0DKX8VZ62","43","33.5","17","4920"
"ATURBO アルミ製折りたたみ脚立 3段/4段 手すり付き 耐荷重150kg (シルバー, 4段)","4816","28","50","17","¥ 5,798","","1","B0H79FDV68","B0H79L61S8","110","49.8","48","8000"
"【2026最強爆風 36V超高出力 体感-18℃】 最強空調冷風服 ファンバッテリーセット 2.8H急速満充電/ 29段階微調整/ 8~36V/ 日本製ブラシレスモーター/ IP45防水防塵/国内メーカー/24ヶ月保証","4593","52","50","37","¥ 13,980","","1","B0GQKVJL6C","B0GQHJ8KYM","25","24.5","8.5",""
"SUNLU フィラメントコネクタ、3Dプリンターフィラメント1.75mm用PTFEスリーブ200個付きフィラメントスプライサー、240°Cまで高速加熱、PLA PETG TPU ABS PAナイロン対応","4596","55","","1143","¥ 6,480","","2","B0DLBJB9MD","B0H6JFV362","14.3","12.2","5","240"
"TARPAL ビニールシート 超厚手 #5000 6mx6m 約22.5畳 UV 防水シート 屋外 ハトメ付き ブルー・グリーン両面利用","4599","75","","21","¥ 8,300","","1","B0GBY67J9L","B0GBYD1S74","49","39","17","8350"
"トラスコ中山(TRUSCO) 10.9六角ボルト 半ねじ Y1111240 M12×40 11本入 x 5パック x 【ケース販売】","5036","33","","33","¥ 5,530","¥ 5,530","1","B0C4T153XJ","B09NWLJ3WL","16.3","14.5","8","1361"
"ALIBELL 飲食店 呼び出しベル ワイヤレス チャイム 業務用 オーダーコール 介護呼び出しベル 呼び鈴 受付(受信機1＋黒色呼び出しボタン12）","3870","25","","1","¥ 15,999","","1","B0DD6S6XQL","B0CKSGYN67","32.5","27.6","7.4","1320"
"14 AWGワイヤー、20 m / 66フィートフレキシブルシリコンワイヤー錫メッキワイヤー高温抵抗10 m黒色および10 m赤い撚り線3 Dプリンター、テストリード、RC 用","4607","27","","3","¥ 5,900","","1","B07H4HDTDM","B0CC5L194K","13.6","9.4","8.6","690"
"トラスコ中山(TRUSCO) 手持ち面用自動遮光フィルタ #11 TYAF","4635","75","","243","¥ 7,309","¥ 7,309","20","B00SWA7JZ4","B09NWRNB1Y","17.6","15.5","1.2","50"
"【52V業界最強 46500mAh大容量】 空調作業服 ファンバッテリーセット 作業服用 2種類モード搭載 6段階風量調節 日本製ブラシレスモーター内蔵 最大25時間連続稼働 ファン付きベスト用 30W急速充電 熱中症対策 PSE認証済","4639","63","200","49","¥ 8,980","","1","B0GX68WJDL","B0HDZ6YMT6","23.7","21.4","5.3","1060"
"飛来落下墜落保護用ヘルメット SS19VPRA 選べるカラー つや消しマット塗装 サイズ61cm 410g 工事 おしゃれ 進和 T儀D(グリーン)","4641","55","","121","¥ 5,700","","5","B08LZ173PF","B08LYKBZ4P","31.8","24.4","20.1","460"
"サンワダイレクト LANテスター RJ-45 / 複合同軸ケーブル 親機・子機脱着可 LED表示 ベルト固定クリップ","4668","51","","12","¥ 6,480","","1","B084YSNJPF","B084Z7L7LN","26","19","9.7","286"
"[ホールセールジャパン] 白い蝶々【食品・医薬品のHACCP認証品・歯科医院採用商品】ニトリル手袋 食品衛生法適合 2000枚入 ぴったりフィット 使い捨て 薄手 ホワイト 粉なし 家事用 業務用 病院用（極薄手・XS・SS、S 、M、Lから選べる）青い蝶々ニトリルグローブの姉妹版 (20, Small)","4677","40","","74","¥ 19,800","","2","B0DPPNS7NL","B0DPPCS759","46","30","22.5","7970"
"スミス・アンド・ネフュー ウンド マネジメント メロリン 10×10cm 100枚入 66974941 …","4679","71","50","93","¥ 6,122","","5","B018G4MZLS","B0CYXNVYFK","29.8","16.4","13.9","580"
"トネ(TONE) タップダイスセット TDS400 ブラック 内容40点","4682","85","50","79","¥ 14,287","¥ 14,287","21","B094Y5XN49","","30.1","17.7","6.3","1870"
"UniTak3D Bambu Lab A1 mini / P2S 対応 0.2mm 0.4mm 硬化鋼 ノズル 一体型 ホットエンド 互换 (4個入)","5669","36","","72","¥ 5,999","","1","B0GYN3W98X","B0H4ZB4S6Z","9","6.3","3.1","82"
"uxcell 164Ft(50M) ワイヤーロープ 304ステンレス鋼ケーブル 1/8""(3 mm) ビニールコーティング 30個のアルミスリーブ付き ハンギング、クローゼット、リフティング ホワイト","4696","27","","21","¥ 5,160","","2","B0DC62HNPZ","B0F7WK91N5","18.8","17.4","5.1","1150"
"ボックスバンク プチプチ袋 エアキャップ袋 Sサイズ (100×100mm+30mm) 1000枚セット 三層品 KF01-1000-a2","4928","43","","","¥ 9,274","¥ 9,274","2","B0CHFMTWCP","B0DX68SMKM","60","43","32","650"
"脚立 5段 踏み台 折り畳み ステップ台 耐荷重150KG 多機能 軽量 ステップスツール 滑り止め付き はしご 安全 コンパクト 組み立て不要 洗車台 引っ越し 室内 屋外(ホワイト)","4932","47","","52","¥ 6,914","¥ 6,914","1","B0H2Y3VQVN","B0G2CG86TL","149","44","5","6000"
"MARRONS 折りたたみ式フェルトオリーブ収納箱 中サイズ 11インチx7.1インチx7.1インチ – クローゼット、収納、洗濯室の整理用 持ち手付き折りたたみ式バスケット、棚用装飾収納箱、キューブ収納","4723","29","","151","¥ 10,264","","2","B0FX4VKXQZ","B0DL5QTD4K","28.8","19.7","6.3","231"
"【バイオプログラミング】レプロナイザー 107D Plus","4727","65","50","29","¥ 167,200","","1","B0DJF97DQG","","46","37.5","27.5","4080"
"TRUSCO(トラスコ) 玉掛けワイヤーロープ 段落し 9mm×1m TWD-9S1 × 5本【ケース販売】","4733","47","","75","¥ 8,045","¥ 8,045","1","B0C581N13Y","B0CBRW78T7","45","33.3","4.5","2350"
"サンワサプライ(Sanwa Supply) デジタル騒音計(騒音・温度 計測可能) 小型 CHE-SD1","4735","104","50","336","¥ 5,448","¥ 5,684","35","B0788YMY6D","","24.1","12.1","4.3","150"
"Cleqee シリコンマルチメーターテストリードキット ワイヤーピアスプローブ、ワニ口クリップ、テストフッククリップ、テストピンセット","4737","42","","888","¥ 6,599","","1","B0CG861SD5","B0DK1HCNQD","24","10.5","6","480"
"JEJアステージ プロテクトクッション W約38×D約30cm PT-M 業務用配送 梱包資材 緩衝材 クッション材 50個セット","4756","53","","160","¥ 30,275","¥ 30,275","1","B0FCRSXVM1","B0GWQY3LBQ","45","35","3","80"
"TRUSCO(トラスコ) プッシュリベット 板厚9.5~10.5mm 穴径4.1Φ 長さ12.0 黒 50個入 TPR4120-BK × 20袋 【ケース販売】","5729","27","","70","¥ 8,887","¥ 8,887","1","B0C4TL7DJH","B0CB5JRLCT","66.7","66.7","5.3","280"
"日東工業 プラボックス(屋根付) OP18-35A","4796","32","","9","¥ 5,981","¥ 7,301","2","B015W6WKVI","B0D7SFM4X9","52.8","35","20.8","3380"
"TRUSCO(トラスコ) ポリイミド粘着テープ 10mmx33m TPFT-10-33 x 10 巻【ケース販売】","5756","43","","12","¥ 11,380","¥ 11,380","1","B0BWRJMJ7T","B09NWN72S7","46.7","38.3","3.3","166"
"正規品 古河電工パワーシステムズ エフコテープ2号(古河産業が販売) 作業用テープ DIY 工事 防水 (エフコテープ2号10個セット)","4799","47","","82","¥ 5,500","","1","B0BLY4H3DS","B0BMLKH852","29.6","16.2","11.4","1100"
"トラスコ中山(TRUSCO) ハンドル回転式カートリッジガン KGK【20個入りケース販売】 赤","4804","55","","258","¥ 20,308","¥ 20,308","1","B09SQ1Y23V","B09TP9SHT7","42.5","36","30.5","9800"
"GOYOJO 精密はかり 0.01g×5000g デジタルはかり 0.01g 電子天秤 業務用 実験室天びん 宝石店 学校 校正分銅なし コンセント式&バッテリー対応 日本語取扱説明書付き","4810","65","50","110","¥ 9,592","","2","B0DHRVLPWG","B0HFR4G6SW","30.7","25.2","11","1570"
"長い綿棒 掃除用綿棒 工業用綿棒 スポンジスティック スポンジ綿棒 クリーニングスワブ お手入れ インクジェット プリンター カメラ レンズ 精密機器 掃除用 溶剤対応 吸水 ほこり除去 (500本入り) [並行輸入品]","4493","31","","4","¥ 6,980","","1","B0GYQJ2TNX","B0GYQFX8B8","27","15.5","12.2","980"
"寺田ポンプ製作所 寺田 底水用水中ポンプ SP-150BNL 50Hz","4835","56","50","17","¥ 19,140","","4","B0C7QHPDGD","B0FG7H1KKR","34.9","17.3","16.2","4980"
"TAMATOSHI バッグスタンド ディスプレイ 鞄 卓上 組立式 展示 店舗什器 高さ調整可能 ブラック 10台セット","4989","6","","19","¥ 15,400","","1","B0HC5R5WVF","B0GJRPK5P4","44","24.5","10","2800"
"ナンシン サイレントマスター N-DSK-301B2","4861","76","50","136","¥ 21,208","¥ 21,208","24","B005J0ZO16","","92","60","33","17200"
"ナンシン サイレントマスター N-DSK-301","4861","74","","23","¥ 22,000","¥ 25,186","16","B005J0Z4P2","B0HGLQMTW2","92","60","35","15200"
"シンワ測定(Shinwa Sokutei) デジタル台はかり 隔測式 100kg 70108","4869","53","","139","¥ 11,521","¥ 11,521","51","B001AX9QJW","","45.5","33","7.1","3840"
"TRUSCO(トラスコ) PEグリーンロープ 緑 3mm×10m 3つ打タイプ R-310PEG × 100巻 【ケース販売】","6646","48","","328","¥ 35,556","¥ 35,556","1","B0B5ZK7G1W","B09VDNLLWZ","42","32","23.5","5900"
"HFS(R) タップダイスセット 110点セット ネジ山 ネジ穴 ボルト修正 補正 ネジ山修正","4877","47","","3","¥ 12,800","","1","B0D5QPHL1N","B09HYM5H3K","47.3","35.7","7.3","6190"
"DICプラスチック 超軽量ヘルメット 軽神/KEIJIN 通気孔付 ライトブルー AA17-V-HA5E-K17-LBL","4879","30","","171","¥ 5,173","","5","B072DVG29Y","B072MYXC55","28.1","23.2","17.4","270"
"メニュー表 メニューブック 5冊セット お品書き 飲食店 業務用 中綴じ 両面仕様 A4対応 クリア (16ページ)","4880","22","","22","¥ 5,580","","1","B09PYSN6CJ","B0C5HLTS49","41.8","28.2","9.5","2320"
"JARXIOKE 5000W 変圧器 アップトランス ダウントランス 海外電気製品を日本で使用 100V から 220V 電圧変換器 海外旅行用 【100V 220V出力電圧対応】","6072","57","","6","¥ 15,998","","1","B0F6JSMDNB","B0FC2MJ2TR","34.3","27.5","21.6","7940"
"スマホ クーラー 冷却ファン ペルチェ素子【2026年強化版・30W高出力冷却】4段階出力制御 静音設計 デジタル温度/出力表示 RGBライト付き USB給電式 iPhone Android対応 熱暴走防止 ゲーミング冷却器 スマホゲーム/ライブ/写真撮影/動画視聴用 日本語説明書(ブラック)","4881","49","100","14","¥ 5,980","","1","B0H1LW6915","","12.3","10.6","5.2","230"
"富士電線工業 キャブタイヤケーブル VCT 2SQX 3C 20M 巻き","4885","51","","13","¥ 9,493","¥ 9,493","4","B08KXPG9DH","B0C2D1MJMJ","32.8","32.1","8.8","3410"
"自動孵卵器 インキュベーター 検卵ライト付き Safego 孵卵機 恒温器 12卵 自動給水 自動転卵 自動温度制御 洗浄可能 簡単操作 低騒音 デジタル表示 子供教育用 家庭用 孵化率アップ 孵化器 湿度表示 鶏など家畜専用ふ卵器 鳥類専用 【日本語説明書付き】 (red)","4895","74","50","105","¥ 5,888","","1","B0DTPX2ZQY","B0DTPXMRVD","31.4","30.5","19.3","1610"
"アズワン メスシリンダー 1000mL / 1-8561-11","9293","29","","74","¥ 8,770","¥ 8,770","6","B00KRUTLIU","B07DLW9WCG","43.6","12.4","12.2","800"
"LifeBasis 自動孵卵器 インキュベーター 孵化器 鳥類専用ふ卵器 自動転卵 孵化器 大容量24個入卵OK ヒヨコ生まれ 子供教育用 自動温度制御 湿度保持 デジタル表示 鶏卵 アヒル うずら 家庭用 鳥類の卵を人工孵化実現 低騒音 日本語説明書付き","4907","26","50","6","¥ 5,794","","1","B0H1C6WR5Q","","32","30.3","18.2","1440"
"コニシ(KONISHI) 【箱売り】コニシ ボンド 両面テープ パネル用 1.1ｍｍｘ20ｍｍｘ10ｍ 40巻パック 白","4916","39","","71","¥ 14,842","¥ 14,842","1","B09YYKK369","B09ZPWXJ81","33.2","32.9","23.1","3640"
"HOKEEPER スチールラック 5段 2台セット 耐荷重907kg 幅70cm 奥行30cm 高さ152cm メタルラック 収納ラック スチール棚","4922","88","50","56","¥ 8,900","","2","B0GX94N6BC","B0GX98HT1R","89","39.5","11.5","18900"
"TARPAL ＃2500 グリーンシート厚手 7.2m×9m UV 防水 レジャーシート ハトメ付き グリーン・ブラック両面","10175","19","","51","¥ 7,700","","1","B0DXW2RRC3","B0DXW24F8G","38","28","19","8300"
"[RERACO] 白 手袋 滑り止め付き フォーマル ５０組セット 背抜き 綿 無地 薄手 汗吸収 ホテルマン バス 運転手 選挙 警備 用 式典 (白手袋100組)","4927","54","","89","¥ 19,800","","1","B0CPLXW8TZ","B0C8PN1C47","23.9","10.1","7.2","240"
"【不織布ウエス】 日本製紙クレシア ワイプオール X80 クロスライク 4つ折り 50枚×12パック入 60585 (ケース販売)","4946","71","","69","¥ 14,272","¥ 14,272","5","B08FSL2TG9","B08FW97L2K","53.9","34.6","34.2","9510"
"Creality 公式 K1 MAX ビルド プレート 315x310mm PEI シート 両面印刷プラットフォームシート 光沢PET+マットPEI K1 MAX用磁気柔軟スプリング スチール ベッド プレート K1 MAX 3Dプリンター 専門 パーツ 3Dプリンタアクセサリ","6831","17","","716","¥ 5,399","","1","B0GYLZRWZ1","B0GWY3GTHN","34","32","1.4","650"
"フェイスシールド 10枚 50枚100枚 フェイスガード 飛沫防止 face shield 透明 軽量 ほこり 花粉対策 防塵 防災面 (50)","3999","43","","138","¥ 5,000","","1","B0BB6VDR4P","B0HG8ZP315","35.3","33.8","11.2","1210"
"セメダイン デコ専用 接着剤 パーフェクトデコ 10ml ブリスター HL-003 ×10個セット","2990","57","","149","¥ 5,196","¥ 5,196","1","B06Y1H5RJB","B08TNSXGSV","22.4","16.8","5.8","340"
"遊離残留塩素測定用試薬 DPDプラス 500包入","4965","62","50","3","¥ 7,455","","8","B07F7ZB9XK","","9.6","8.7","8.6","220"
"[LABEWVI] 【業界最強58V暴風】ファンバッテリーセット 40000mAh 6段階風量調節 急速充電対応 PSE認証済 プロ仕様ハイスペック","4982","47","50","45","¥ 6,999","","1","B0GSR2JLW6","","21.5","14","9.7","880"
"RUZIZAO 安定化電源 (0~30V 0~10A) DC安定化ベンチ電源 粗微調整出力スイッチ 高精度4桁LEDディスプレイ 5V/2A USBポート付きベンチトップラボ","4998","87","100","67","¥ 6,649","","1","B0CHVSR762","B0FDGQCZCK","29","15.9","12.7","1580"
"ユタカメイク ダイヤロープ 9mm×70m 3ッ打 ドラム巻 26RDP-N5 長尺 業務用 巻き取り 擦れに強い 荷役 漁業用 作業用","5093","20","","","¥ 7,096","¥ 7,096","1","B0F1MRSDZM","B0F4WFB3Q8","21","21","17","2834"
"東芝ライテック(Toshiba Lightech) 【工事必要】 LED避難口誘導灯 【片面灯】 ※表示パネル別売※ FBK-10701-LS17","5001","80","50","71","¥ 6,700","¥ 12,293","9","B08KT38B63","B0GGJCTCYW","22","17.9","10.6","770"
"Creality（クリアリティ） K1 Max ビルドプレートキット 315 * 310mm 両面印刷プラットフォームボード 光沢PET+マットPELプレートビルドサーフェス K1 Max、Ender 3 Max Neo、Ender 3 S1 Plus 3Dプリンター…","5002","56","","9","¥ 9,025","","2","B0CTGZ5GQW","B0CDPMVP1X","34.1","33.1","2.5","599"
"アルインコ (ALINCO) 脚立 はしご兼用 踏ざん幅52㎜ 4段 設置寸法幅52.2×奥行84.9cm 耐荷重約100㎏ アルミ リベット方式 折りたたみ 中折れ式 KYN120A ブルー","6832","42","","126","¥ 10,980","¥ 10,980","1","B0BD83DW67","B0FNBKKPS4","119.8","52.2","16.3","3900"
"Umimile 呼び出しベル 業務用/家庭用 飲食店/介護対応 受信機1台+子機6台セット (受信機1個+送信機6個)","5005","42","","23","¥ 5,264","","1","B0F7LM6V4N","B0H7RRHD4B","15.9","8.4","6.1","300"
"HIKMICRO Eco Lite 赤外線温度計 赤外線カメラ、非接触温度計、1台2役、-20°C～550°C、調整可能な放射率、IR解像度 96×96、デュアルモード、14時間連続使用","5011","79","100","32","¥ 18,990","","3","B0FYM5YJ7G","","24.5","11.9","9.9","20"
"伸縮はしご ステンレスはしご 多機能 持ち運びに便利 軽量 耐荷重150kg 室内室外両用 自動ロック 安全ロック スライド式 ホーム・ロフト・オフィスに適合 日本語説明書 (4.1m)","11803","20","","12","¥ 11,599","","1","B0H4GF8XTM","B0H4RJ992X","91","47.5","7","13150"
"キトー(KITO) レバーブロックLX形 500kg x 1.2m LX005","5016","43","","136","¥ 18,200","¥ 18,200","31","B000TGAP0U","B07HK5SDHY","21.7","11.2","10","2670"
"日本製 コンテナ ボックス 折り畳み 50l 耐久 取っ手付き 耐荷重 160キログラム 頑丈 軽量 収納ボックス 持ち運び簡単 折り畳み アウトドア コンテナ 積む 折りコン オリコン (3個セット, ブラック)","5035","33","","236","¥ 11,000","","1","B0BTSBMMSN","B0CQX1D1V1","54","37","30","8000"
"TRUSCO(トラスコ) マイルドハンドソープ ECO 18L 詰替 バッグインボックス TACECO180S","5116","54","","46","¥ 8,836","¥ 8,836","17","B0795D1WZC","B09NWQX9XC","30.2","30.2","29.6","19000"
"「テレビで紹介・Poco’ce 雑誌掲載」 腰掛け扇風機 Kazekara 冷却プレート ベルトファン 日本企業企画 【ドイツ系超伝導冷却フィン&40H最大稼働】腰掛けファン 10000mAh大容量 クリップ付き 冷却ファン 5段階風力 着るエアコン ペルチェ素子 携帯扇風機 小型 腰掛け/ネッククーラー/首掛け/卓上/手持ち/日傘 220g 男女兼用 熱中症対策 暑さ対策","5059","61","300","148","¥ 7,999","","1","B0GVSWMPX4","B0H4HCQ4FB","11.3","10.9","7.2","390"
"[AMMEX] Gwon – ニトリル手袋 – Gloveworks – 100 /ボックス、頑丈、使い捨て、パウダーフリー、産業、8ミリ、オレンジ XXLarge (Case of 1000) GWON49100 1000","5062","51","","18184","¥ 60,475","","11","B00MGSGMLU","B0CCRQGY2D","54","26.7","25.4","12655"
"Bambu Lab A1/A1 Mini用3Dプリンターエンクロージャ 大型透明ウィンドウエンクロージャ 耐火防塵テント 定温保護カバー 常温 3Dプリンターカバー 840x570x570mmエンクロージャ","5073","103","100","","¥ 8,299","","1","B0D259CGKD","","42","30.9","10.4","2318"
"【ケース販売】TRUSCO(トラスコ) 二眼型安全メガネ(フレーム青色)x20個","5087","52","","","¥ 16,505","¥ 16,505","1","B09T37X28C","B09PBN878Z","41.5","15.5","11","800"
"【箱売り】APMジャパン PRO 防食テープ グレー 50巻セット 厚み0.4mm×50mm×10m 極厚 PVC 絶縁テープ 防水 補修テープ ビニールテープ","5090","58","","41","¥ 20,174","¥ 20,174","2","B0DP26TLHD","B0FGD3JRG5","41.5","27.5","17.8","13500"
"OPP粘着テープ 梱包用 幅48mm×長さ100m (50巻セット)","5093","77","","151","¥ 10,195","","2","B07H22G9VY","B07H2414MN","58","25","23.5","13070"
"Siraya Tech Flex TPU-GF 3Dフィラメント, 超低反り, ブラック, 1kg","5897","61","","31","¥ 5,439","","1","B0FXWXQ6TW","B0CQP5Q4CD","21.8","21","7.7","1311"
"【バイオプログラミング】レプロナイザー 7D Plus","5099","97","50","289","¥ 79,200","","1","B08P5GQY2B","","41.3","31.9","10.9","2690"
"MIGVAN 溶接面 0.1ms超高速 自動遮光 100×82 mm 広い視界 525g軽量 True-Color","5101","74","50","92","¥ 8,283","","1","B0F1MRMR86","B0H8YLY25D","30","25.2","20.3","1160"
"コニシ ボンド 変成シリコンコークQ チューブ 120ml グレー 10本入り #04953","5103","46","","250","¥ 9,818","¥ 9,818","1","B00W10CTYW","B0G4D193CX","25.6","19.6","8.6","2060"
"[ZOVIRA] 脚立 5段 折りたたみ 軽量 踏み台 耐荷重180kg 室内 屋外 洗車 高所作業 滑り止め付き (オフホワイト, 五段階段)","5108","61","50","","¥ 6,590","","1","B0H1GL6RBK","B0H3T2M16K","92","44","6","4500"
"SYNLETT SP30 追加受信機 介護用呼び出しベル用 ワイヤレス","5110","30","","","¥ 5,199","","1","B0DDPQB248","B0DGKP3NR4","8.8","8.4","5.3","140"
"[Kelmon] 高視認性ハイビーム反射ベスト 多機能ポケット付き 男女兼用 通気性安全ベスト 自転車用","5120","58","","21","¥ 5,995","","2","B0GYLPWJ8F","B0FJ1XGT1R","33.8","24.2","3.2","150"
"AZ(エーゼット) コンプレッサーオイル 18L [ISO VG68] 418","5128","22","","184","¥ 15,470","","1","B001QVRKOQ","B06XHBJPLD","35","24","24","18500"
"Yinleader 脚立 3段 アルミ製 耐荷重最大150キログラム 家庭用 持ち運び便利 屋内外で使用可能","6073","21","","16","¥ 5,523","","1","B0H2D1FZ9X","B0H2CV5XBN","90","43.5","6","4710"
"SK本舗 光造形 LCD DLP 3Dプリンター用 高靭性水洗いレジン (500g, 透明色)","5131","53","","116","¥ 5,600","","1","B08WR9TPMB","B0C3CJWCVC","24.9","11.2","10.3","610"
"WoldoHealth メチレンブルー 1%滴 3.4液量オンス USP 医薬品グレード Azul de Metileno、高純度、サードパーティテスト済み","5136","32","","517","¥ 5,800","","2","B0DMSPJL3Q","B0F4Y5VY68","14.8","5.2","5","230"
"L型 階段ステップ 滑り止めテープ 貼るだけ簡単 高密度ゴム製 強力 自己粘着式 屋外 屋内 転倒防止 安全対策 事故防止 階段エッジプロテクター 階段段鼻滑り止め 耐水 耐久性 賃貸OK (コーヒーブラウン, L73-12M)","6823","49","","42","¥ 8,999","","1","B0GCH39SF9","B0FW4QDC6V","27.7","26.9","7.9","2920"
"タジマ セフシステム セフ台車折りたたみ式 CT-DHTOR","5140","50","50","48","¥ 19,527","¥ 19,527","25","B0CQ821TR4","B0D5Y44KLM","94.8","52.5","12","13450"
"[ミドリ安全] ヘルメット 作業用 PC製 シールド面 通気孔付 SC-19 P CL V S RA3 α (αライナー) レッド/スモーク","5273","20","","261","¥ 6,800","¥ 6,800","2","B01N9951A5","B08ZGG4LQ9","29.4","24.6","18.3","520"
"アズワン アイボーイ(ケース販売) 広口びん 250mL 100入 /5-002-53","5154","22","","22","¥ 13,321","","1","B079BRZDFK","B0DY6YNHY1","63","32.7","28","4100"
"ＴＲＵＳＣＯ 樹脂台車 カルティオ（新型）用スチールストッパー MPK-780-SS","5176","69","50","28","¥ 6,185","¥ 6,185","14","B0D9PTQTSQ","B0D9QZCC33","43.2","12.3","9.1","1040"
"LVYUAN 変圧器 1000VA 900W 海外国内両用型変圧器 最大力率90% アップトランス ダウントランス 降圧 昇圧兼用型 ポータブル型 海外機器対応 旅行用 100V/110V ⇋ 220V/240Vに変圧 小型電化製品向け【日本語取扱説明書付き】","7176","32","","10","¥ 7,053","","1","B095GV2C7D","B095GQP7QH","30","25","25","2500"
"ALIBELL 業務用呼び出しベル 飲食店 呼び鈴 ワイヤレス 介護呼び出しベル 無線呼び出しチャイム ワイヤレスチャイム (受信機*2+子機*12)","5187","59","","5","¥ 13,399","","1","B0CPHMWW2R","B0CPH8ZQR2","21.3","18.4","8.2","890"
"RIGOL デジタル・オシロスコープ DS1104Z Plus 4アナログチャンネル＋16デジタルチャンネル＋100MHz周波数帯域+1GSa/sリアルタイム・サンプルレート+24Mポイントレコード長+8bit＋最大10V/div垂直軸レンジ+最高30000wfms/s高速波形取り込みレート【国内正規品】【メーカー直営3年保証】【日本語取扱説明書対応】【ハイコストパフォーマンス】","5195","45","","75","¥ 41,800","","3","B07YL2ZYSG","B0C8M3VS14","45.6","29.6","27.2","4500"
"東芝 LED 非常用照明器具 埋込形 専用形 Φ100 一般形 １3形（低天井用～3ｍ） 常時消灯/非常時LED点灯 LEDEM13221M","5208","89","50","66","¥ 8,100","","12","B07Z2CYMLK","","16.3","15.8","13.1","700"
"緩衝材 プチプチ 川上産業 #78 大粒タイプ 幅1200mm×全長35m ナチュラル(半透明)","8444","29","","24","¥ 12,345","¥ 12,345","1","B01FCNGY4K","B01N15AZ32","120","51","50","3000"
"バートル BURTLE ペルチェファンユニット IC10-1 アイスクラフト エアークラフト 京セラ製 黒ファン 2026年モデル","5215","89","50","21","¥ 16,100","","7","B0GNPX3GVM","","54","37","30","16000"
"DODOSOSO スチールラック 幅30×奥行30 ポール径14mm スリム 棚の高さ調整可能 キッチンラック","5216","35","","25","¥ 5,779","","1","B0G2LN3Z8K","B0FRFBP6MR","35","35","15","2800"
"【簡単3ステップ】 わたあめ機 ザラメ2色 お試し 家庭用 わたがし わたあめメーカー 綿あめ 綿飴 おもちゃ クリスマスプレゼント Fufiわた","5224","14","50","24","¥ 5,080","","1","B0H9WK2NK6","B0H9WHVD1W","26.5","26.5","18.3","1200"
"ブルーシート ビニールシート #3000 10m×10m 1枚入 ハトメ付き 厚手タイプ 災害対策 台風対策 大雨対策 防水シート 養生シート アウトドア レジャー","5237","60","50","29","¥ 7,500","","1","B09DC1NMNX","","65.5","46.1","14.8","13520"
"タフモッピー ブラッシュ(クロス1枚付)","5240","13","100","1","¥ 6,990","","1","B0H7VXBYL9","","88.2","11.2","8.8","1200"
"TRUSCO(トラスコ) ビニロントラックロープ 白 12mm×30m 3つ打タイプ TR-1230","5257","38","","34","¥ 5,636","¥ 5,636","21","B002A5VOFI","B09NWJC721","38.8","17.7","8.7","1946"
"パナソニック(Panasonic) 天井直付型 40形 一体型 LED ベースライト Dスタイル 富士型 一般・5200lm・幅230・昼白色 XFX450DENLE9","5270","71","","15","¥ 11,800","¥ 11,919","4","B0F62T9BHF","B0C61TY23Z","130","25","10","3200"
"ADHES 養生テープ 布ガムテープ はがせる 台風 窓ガラス用 50mmⅹ25m 30巻入り 緑2160","5295","24","","92","¥ 9,369","","1","B098N6NJRT","B095S44B45","34.1","27.2","24","6270"
"PANCY ソーホース 作業台 木工作業台 完成品 テーブル 2台1組 高さ調節6段階可能 ソーホースセット 2台入 折りたたみ DIY 木材 のこぎり台 高さ72.6～90cm(約) 日曜大工 裁断 切断 簡易作業台 2x4用 高耐久 プロベンチソー 作業馬 作業机 ワークテーブル 滑り止め イエロー","6247","43","","26","¥ 9,882","","1","B0D6G3T4C8","B0F6NZT69S","80","21","11.5","8580"
"共立電気計器 (KYORITSU) AC/DCクランプ付デジタルマルチメータ KEW MATE 2012RA","5299","98","100","19","¥ 16,793","¥ 16,793","12","B07RXLXKLZ","B0FXB2CQDP","17.8","9.6","3.2","240"
"RESIONE 3Dプリンターレジン abs 高強度で脆くないタフレジン 光硬化可能樹脂 405nm LCD DLP MSLA 光造形3Dプリンター用uvレジン(M68 ホワイトレジン, 1000g)","5305","65","","86","¥ 8,999","","1","B09JB2P15J","B0BPSCNR2C","25.5","10.7","10","1230"
"【オルルド釣具】ステンレス スプリングフック カラビナ #13（長さ 約155mm、幅 約75mm）５個セット qb500039j05n0","7297","10","","154","¥ 5,329","","1","B07DJ8PK69","B07DJ8LQNB","30","30","30",""
"スター精密 mPOP Airレジ/Airペイ対応 Bluetooth接続/USB接続 バーコードリーダーなしモデル 白/黒 58mm レシートプリンタ内蔵キャッシュドロア POP10CBI /ホワイト/ブラック (ブラック)","5321","76","50","12","¥ 46,835","¥ 75,499","7","B0DWMC66WD","B0DWMB74J5","35.4","35.2","19.8","5250"
"【箱売り】 コニシ ボンド クイック30 ブリスターパック 15g 10本入","4203","15","","","¥ 7,708","¥ 7,708","1","B0BQXBWQY7","B0BRVJW217","20.6","16.1","9.5","390"
"KIV 38sq 赤・黒セット 各色3m 絶縁キャップ付き 切り売り 600V 国内メーカー品 ケーブル 電気機器用ビニル絶縁電線","6094","42","","55","¥ 16,500","","1","B09NGSCFL5","B09NGMCNWZ","22.7","21.3","5.3","2670"
"Siraya Tech Blu Tough 3Dプリンター樹脂 高強度・高精度 - 印刷が容易で強力で、汎用性があり、ユーザーフレンドリー LCD/DLP 3Dプリンター用(イージーグレー、2kg)","7412","28","","5","¥ 12,604","","1","B0D14J4YT3","B0B4B8SF26","24.5","23","10.6","2200"
"TRUSCO(トラスコ) カルティオビッグ 固定 900×600 オリーブ MPK-900-OG 台車 折りたたみ 軽量 静か 静音","9124","37","","7","¥ 19,592","¥ 19,592","16","B00B4TAU8S","B09PBMX36B","90","68","20","12200"
"ニトムズ クッションフロア用両面テープ 50mm×20m J0870 6巻入り","5352","60","","695","¥ 10,215","¥ 10,215","3","B00XL5A18C","B0DZMCZ98Y","33","14","14","1500"
"パナソニック(Panasonic) 天井直付型 壁直付型 天井吊下型 LED 誘導灯 片面型・一般型(20分間) 表示板別売り リモコン自己点検機能付 自己点検機能付 C級(10形) FA10312CLE1","5359","109","50","52","¥ 7,100","","19","B0B41BW3B3","B0CFZK9XM2","21.7","16.1","5.7","580"
"日東工業 プラボックス P20-46A","9051","53","","1","¥ 9,692","¥ 9,692","1","B015W6VKEQ","B0D7SFW5V5","60.8","45.1","22.6","5600"
"コンロカバー 3口 60cm IH専用 ihコンロカバー ihカバー 薄型 高さ3cm ステンレス 燕三条 日本製 調理台 作業台 猫対策 全面","5365","13","","205","¥ 11,249","","1","B0FP4JFW21","B09ZP8K2ZS","70.6","55.7","4.7","3900"
"［名入れ対応］Salzmann マルチポケット反射ベスト｜3M反射素材使用｜レッド","5393","20","","73","¥ 6,890","","1","B08ZRWVR5Q","B0CWLLBDQ5","29","26","2","235"
"マスク 不織布 【15mm幅広耳紐】耳が痛くならない hellozebraマスク 個包装 使い捨て Ωプリーツ設計 3層構造 カケンテスト済 息がしやすい 肌にやさしい ふつうサイズ 500枚","5225","12","","638","¥ 6,790","","1","B0BTM2QR1W","B0BRMKTPC4","52.5","23.7","20.4","2670"
"タイガー魔法瓶(TIGER) 業務用炊飯器 2升 1410W ステンレス JNO-A361XS","5381","95","100","104","¥ 38,780","¥ 40,355","29","B0BH4NK996","","42.1","41.7","41.1","9600"
"ユタカメイク(Yutaka Make) シート トラックシートターポリン 4号 260×380cm YTS4","9217","22","","211","¥ 12,018","¥ 12,018","20","B000TGHEFO","B0CZDM38CL","45","27","11.3","4530"
"[「祭屋」　そなみ呉服店] エアージョグⅢ・エアー足袋 （白） ６枚コハゼ 株式会社丸五 マルゴ (28.0cm)","5409","25","","51","¥ 6,050","","1","B00BKRI6LM","B07BLWSBLZ","32","12","9","671"
"腕式受信機 ワイヤレス 腕の呼び出し受信機【USB充電器 付属】に適合する FLYDOG 呼び出しチャイム SOS コール 受信機 飲食店 看護師 患者 介護 病院 工場 居酒屋 受信機(黒)1個 (200E-B)","5421","55","50","25","¥ 5,980","","1","B0CHRHFCRL","B0D95CMHQV","7.9","6.6","4.7","70"
"simplus レトロ ポップコーンメーカー ポップコーンマシン 味付け 家庭用 大容量 縁日 お祭り 子供 簡単手入れ イベント 映画観賞 おやつ クッキングトイ おしゃれ シンプラス SP-PM02 (マットブラック)","5429","54","","13","¥ 10,999","","1","B0FS11LB4J","B0FS177D5M","43","31.5","29","4000"
"[soribia] ファンバッテリーセット【52V超高出力＆45000mAh大容量】空調作業服 バッテリーセット 6段階風量調節 長時間連続稼働 ファン付きベスト 9cm服穴径対応 暴風ファン 急速充電 工事現場 熱中症対策 グッズ","5450","57","100","40","¥ 7,580","","2","B0GV4GXL65","","27.2","21.7","5.2","20"
"リビングアウト(Living Out) 折りたたみ作業テーブル 幅180cm 幅181.5×奥行74×高さ74cm 幅180cm 天板耐荷重:60kg 仕分け作業 ガーデニング 植木のお手入れ 強化樹脂製天板 持ち運びラクラク","5453","76","100","204","¥ 7,823","¥ 7,823","2","B017B9O7II","B0BZV43WYZ","93.5","73.5","8.5","10620"
"パナソニック (Panasonic) 防犯灯 エリアルクス (AreaLux) LED/電源ユニット内蔵 非調光 電力柱取付型 防雨型 明るさセンサ内蔵 ASA樹脂製 10VA対応 明光色 アカルミナ 昼白色 クールホワイト 幅89×奥行314×高さ284mm NNY20338LE1","5454","61","","18","¥ 5,770","¥ 6,366","5","B0DJNG5114","","44.6","11.7","10.2","770"
"【箱売り】寺岡製作所 TERAOKA NO.4140 Pカットテープ 建築・塗装養生テープ 若葉 50ミリX50M(30巻入り)","4883","7","","485","¥ 19,930","","1","B00YTCMBGQ","B0BNB1M3GD","41.6","28.7","27","11730"
"【まとめ買い】異形ロープ止め 丸型(10本入) (径)13ｍｍｘ(L1:首下長さ)1200ｍｍ 鉄/ユニクロ/打込丸カン(daidohant) 89098","5471","43","","11","¥ 10,432","¥ 10,432","1","B0CSN4M59D","B0CST2LC7Z","129","12","7","15700"
"【階段登れる 3輪キャリーカート】LVYUAN 台車 折りたたみ ハンドキャリー ハンドトラック 荷物カート 軽量 段差 3輪 360度回転 静音 大型タイヤ 高さ調節 組み立て不要 固定ロープ付 荷物運搬 業務用 引越し 釣り アウトドア 軽量＆耐荷重130kg 鋼鉄製 L SIZE","5480","42","","47","¥ 7,648","","1","B0CCNQYGYB","B0DR94QQZ8","78","40","11","4500"
"新富士バーナー(Shinfuji Burner) ロードマーキングシリーズ バーナー ロードマーキング用プロパンガスバーナー RM-41000","5483","54","","7","¥ 21,409","¥ 21,409","17","B00NC0O858","B07CYFFQMN","106","19","11","2250"
"スターエム 打ち込み式アンカーボルト切断具 ポキポキＢＯＬＴ ５０３０","5501","28","","20","¥ 10,230","¥ 10,618","20","B07MGT7QLC","B0CFXSY3CC","101.5","9.3","4.6","2340"
"[GUANGJIA] 2.53kgフルハーネス安全帯新仕様安全帯新規格落下防止装置ワイヤーハーネス安全帯新規格群伸縮式ダブルランヤードショックアブソーバー落下防止全身保護キット、建設工学、動力工学、ポール工学、高安全作業 (アルミニウム)","5503","39","","2","¥ 19,999","","1","B0C9HJTGDJ","B0DBHCLBWD","33.2","18.8","15.8","2860"
"ミツトヨ(mitutoyo) レクタンギュラゲージブロック セラミックス製 1級 25mm 613635-03","32129","9","","4","¥ 10,395","¥ 10,395","9","B01N16TJIY","B07K2F4RJV","8","5.5","2","40"
"ADHES クラフトテープ カッター付き 50mm×50m","5520","14","","27","¥ 5,899","","1","B0GK1678W7","B0GJZT3MP4","39.5","28","24.3","8150"
"ピカ(PiCa) ピカコーポレイション 脚立 8段 8尺 便軽 BEN-KEI 軽量専用脚立 アルミニウム シルバー LM-240","5524","61","","32","¥ 38,115","","16","B019MGPK98","B0DYMK143W","240","74","17","8600"
"フローバル プロスタイルツール ブルーシート 厚手#3000 PBS3-5.4×7.2 5.4×7.2m","5525","40","","246","¥ 5,216","","2","B07T8FPJFK","B07TTDCFZL","56.4","42.8","11.7","6250"
"HIKMICRO Mini2 V2 サーモグラフィー サーマルカメラ、スマホ用Android対応、256x192 赤外線解像度、512×384 SuperIR、ビデオ録画対応、Type-C（iPhone 15以降対応)","5529","70","","13","¥ 33,980","","1","B0FCMCK6W5","B0G43XNNL2","15.8","10.5","1.9","100"
"TRUSCO(トラスコ) シールテープ15M 1巻入 T6-15S-1P x 100 巻【ケース販売】","4007","17","","612","¥ 28,726","¥ 28,726","1","B0BW8SWC87","B09NWMFX5R","36","20","14","230"
"KINGRACK 3段 脚立 手すり付き 折り畳み 踏み台 アルミ製 軽量 耐荷重150kg 広い踏み台 滑り止め ワンタッチロック コンパクト 収納便利 家庭用 キッチン 大掃除 DIY","5536","39","","178","¥ 6,459","","1","B0FL78LDKY","B0GQ3TQRBM","104.1","41.7","7.2","5080"
"[KOMOAKI] 爆風 56V 45000mAh 空調作業服 ファンバッテリーセット -20℃冷感 日本製三相モーター 直接水洗い 15Vから56Vまで調節可能 AI自動調節機能 二重制御モード 30時間 超長時間連続稼働 超高速充電 発火防止アルミ加工 PSE認証済 熱中症対策 屋外作業 作業用ツールバッグ付き (ブラック)","8947","36","","10","¥ 7,980","","1","B0GSN7X596","B0H8K4ZMH2","25.2","20.6","6.2","940"
"ニチバン スキナゲート ガチット 25mm×5m SGG25 低刺激 固定力 肌にやさしい","5540","38","","22","¥ 5,253","¥ 5,573","7","B07ZNL6GXJ","B0CGZMJ4RR","23.8","10.6","8.1","510"
"帯掛機 紙帯テープ クラフト（幅29mm×190m）（ストラパック OB-301N OB-360N対応） (10巻セット)","5544","28","","13","¥ 10,957","","1","B0B8VHJZPK","B0BDX6VV8H","31","19.8","19.2","5590"
"JZOOOZ 台車 折りたたみ台車 耐荷重300KG 静音 ストッパー 折りたたみ 業務用 軽量 大型 屋内外で使用可能 倉庫、農業、輸送、ハンドリング、ショッピング、防災用 屋内外で使用多機能大型 スチール 収納便利 省スペース 天板【 480×720mm |S| ブラック】","5548","21","","3","¥ 5,980","","1","B0H495X4FJ","B0H83XRFK6","70","60","15","5000"
"[TONBOREX] 3層構造 ケブラー繊維 防火 手袋 K-A175 ネイビー×ベージュ Mサイズ 消防団 訓練用 消防 災害 救助 機械的強度性能 高強度 高弾性 難燃性 耐熱 耐炎 引裂き 突刺し 摩擦抵抗 切創抵抗 レスキュー トンボレックス","5577","20","","6","¥ 8,100","","1","B0DBHGDZDK","B0DBHHTCX7","29.2","18.5","3.9",""
"超硬 連結ピン コンクリート ガスピン ピン コンクリピン 黒 トラックファースト マックス MAX ガスネイラ ガス式鋲打機用 高強度 (25)","5583","45","","33","¥ 5,250","","2","B0BYWZVM94","B0BZ45LMBQ","18.1","9.9","8.4","1610"
"【プロ推奨 強化型設計！】駐車場 段差プレート スロープ 段差解消 段差スロープ 5cm 6cm 7cm 8cm 9cm 10cm 12cm 15cm 段差用 カースロープ 段差 diy 車 車庫 バイク スロープ 玄関 庭 転倒防止 階段 滑り止め バイク 車椅子段差解消 バリアフリー ガレージ 室内・屋外用 (50 x 50 x 15cm)","8135","48","","18","¥ 7,880","","1","B0D66Q4TDH","B0D66PMPC9","56.2","54.5","14.7","7050"
"コニシ ボンド フロアメンダーONE 500g #05941","4114","41","","154","¥ 8,500","","1","B0BSNJ96YY","B0C7G4SX62","20.1","12.2","11","860"
"イチネンTASCO オイル逆流防止弁付ウルトラミニツーステージ真空ポンプ TA150SW","5590","87","50","184","¥ 27,926","¥ 27,926","20","B07BK7BCB6","B07BSGDNT2","30.5","19.3","14.7","4350"
"手提げビニール袋 白 ホワイト【500x650mm】大きめ ポリ袋 40枚セット 小判抜き 破れにくいLLDPE 90ミクロン厚 丈夫","3139","52","","85","¥ 5,780","","1","B08BWY3L8F","B08BWSP1WK","56","34.6","2.5","2100"
"PATIKIL M6アルミニウムスペーサー4個 内径1/4インチ x 外径1/2インチ ラウンドスタンドオフスペーサー、ネジなしメタルスペーサー、1/4インチM6ネジボルト用、ブラック 長さ3/4インチ","7403","27","","31","¥ 5,304","","1","B0DZWM8NCX","B0F4TS6TLQ","9.7","4.7","1.4","20"
"TRUSCO(トラスコ) ヘルメット取付型防災面グリーンダブル型グリーン × 25セット 【ケース販売】","5611","49","","109","¥ 61,591","¥ 61,591","1","B0B24SBSSP","B09V1737K7","75.5","27","26","8219"
"ワイヤレス 呼び出しベル 業務用 飲食店 呼び鈴 FLYDOG対応 防水 介護SOS コールボタン 店舗オフィス用 (腕式受信機*1+子機*5) B-BR5","7610","32","","40","¥ 7,990","","1","B085SYM7YR","B0HF4XQLHZ","13.2","8.5","7.2","220"
"Bambu Lab P1S Combo 3DプリンターAMS2 Pro付き 筐体付き CoreXY 多色造形 造形サイズ：256×256×256mm³","5634","39","","1","¥ 102,000","","1","B0GVS1F4KK","B0CM958JSK","56","51.8","48.8","21180"
"カゴ付き台車 碧 大型 ブレーキ付き 耐荷重300kg 折りたたみ フェンス着脱式","7001","27","","8","¥ 22,800","","1","B0DRYH63K6","B0DRYD3578","90","63","40","36000"
"コニシ - ボンド 木工用 CH38 詰替用(3kg) 6個セット","5647","83","50","2","¥ 9,180","","10","B0CK6SH9DP","","50","30","28","18000"
"Gourmetop 刺身包丁 魚 柳葉包丁 右手用 240mm ステンレス 木柄 魚捌く 家庭用 (240mm)","5651","15","","545","¥ 7,099","","1","B0H5NR332B","B0FPG3H63G","44.3","6.4","2.9","370"
"Dragnwin ドラム缶リフター 吊り具 ドラム缶 1000kg 1t 0.5m ドラムリフター スリングチェーン","5652","24","","37","¥ 5,664","","1","B0CTML4K86","B0C5KX8HMG","22.6","17.2","14.5","4760"
"SwitchBot RGBIC LEDテープライト 間接照明 - RGB 1600万色 高輝度 昼光色 マルチカラー 調光調色 Alexa 5m","5672","52","","4","¥ 8,982","¥ 8,982","1","B0FVL7C6YL","B0H1WTZ8MZ","28.5","26.6","8.7","1350"
"【箱売り】 カモ井 車両塗装用マスキングテープ BLUEBOSS 15ｍｍ×18ｍ 80巻","5687","18","","53","¥ 5,100","","2","B0BL26MXCT","B0BLGBCYQX","28.7","13.2","11.8","1990"
"ニトムズ トラ布テープ 75mm×25m J3850 24巻入り","6550","31","","15","¥ 46,414","","1","B00XL4QGPU","B01M5CDJBY","38.6","32","26.6","14860"
"ステンレス 散水ホース 収納スタンド付 ホースリール 絡まりにくい 錆びにくい 耐久性 ガーデニング (20m)","5696","52","50","12","¥ 5,878","","1","B0GT8VR1P5","B0GT8RXRJ8","32.4","32","29.4","4700"
"TRUSCO(トラスコ) リチウム万能グリス 80g #1 TCG80L11P × 30本 【ケース販売】","5698","28","","535","¥ 12,547","¥ 12,547","1","B0C4THJC2Z","B09PBNNGNY","70","30","22","2700"
"HELIX 介錯ロープ 親綱・介錯 線径13mmX長さ5m 【4個セット】","7681","23","","48","¥ 9,380","","1","B0BCX8ZLN8","B0BCX9DPFR","38","34.8","13","5060"
"Dragnwin 滑車 4t スナッチブロック 滑車 4t フック式 滑車 プーリー 滑車 4トン 滑車 フック式 スイベルタイプ 一車スナッチ プーリーブロック 金車 滑車","7486","43","","31","¥ 7,099","","1","B0BK8CMSSF","B0CQXD54KH","36.7","13.9","10.5","5980"
"ONESORA 安全ネット 落下防止ネット ラッセル網 ブルー 15mm目合い 1.5×6m 非防炎 工事 建設 現場 足場の安全防護 防鳥 店舗防犯 養生 階段子供転落防止","5713","36","","29","¥ 6,798","","1","B0DMWLQB87","B0DMWMPKRX","41.6","20.8","15.3","1700"
"Sodwot大型 ソーラー街灯 ソーラーライト 屋外 防水 2025新モデル 20000ルーメン 5つ知能モード 人感センサー 6000mAh大容量電池 超高輝度 防犯 自動点灯/消灯 ガーデン/壁掛け/庭先/表玄関/駐車場/停電時適用 地震 津波 台風 防災対応 2個","5720","40","","95","¥ 6,999","","1","B0FM8LFKW9","B0FSQQKB21","36.2","22.7","10.3","1860"
"トラスコ中山(TRUSCO) 安心クッション L字型 油面接着 TAC16YS ブラック 小 1本入 x 20本 【ケース販売】","7477","47","","33","¥ 19,737","¥ 19,737","1","B0C5H23X2N","B0C93V61T7","94.5","16.5","13","2300"
"Fosi Audio MC101 Bluetooth ステレオパワーアンプ 100W*２ ホームオーディオコンポーネント ミニアンプ VU メーター付き パッシブスピーカー用 2 チャンネル HiFi レシーバー 高低音トーンコントロール付き 懐旧 ヴィンテージオールアルミニウム合金ビルド （電源付き）","5721","41","","567","¥ 12,345","","1","B0CL6D6J7Q","","26.7","19.8","7.1","1060"
"プリム(Prym) Vario Creative Tool 家庭用ハンドプレス機 390903","5722","10","","698","¥ 12,980","¥ 15,108","14","B0BSLHTJYQ","B0CF5YXKZR","24.2","20.5","7.4","840"
"MGOXOガレージライト2個 LEDシーリングライト180W8灯式 6500K 省エネ ペンダントライト ハイパワー 超高輝度10000lm 昼白色 折りたたみ式 変形可能な 天井照明 カーポート、ワークショップ、パーキング、倉庫、地下に適用","9136","34","","107","¥ 5,499","","1","B0DLJNR2D6","B0H7B6MFS4","34","17","11.5","1150"
"デジタル台はかり 折畳み式 防塵タイプ 電池式 スチール製 トレー付【三方良し】【計り量り】【秤 はかり 】はかり 台はかり 台秤 デジタルクレーン 計量機 (150kg/20g)","5728","34","","11","¥ 10,000","","2","B09JBP24HY","B0886K589G","71","30","18","8500"
"ボックスバンク ワイン用 ダンボール 6本用 宅配 100サイズ 30枚セット 段ボール箱配送 梱包 保管 通販 FN01-0030-a2","5733","50","","29","¥ 6,380","¥ 6,380","2","B0B4WHGBWC","B0CP76XJN5","59","47","42","3000"
"つくしサイエンス アクリルブロック 100×100×50mm 2個 透明 台座 展示 撮影 陳列 什器 ベース クリア ディスプレイスタンド 四角形 直方体 正方形 10cm 10センチ 100mm 100ミリ 100-100-50*2","7632","48","","12","¥ 5,899","","1","B0DWDWQ2YJ","B0HDZ3PQ2Y","11.2","10.4","10.4","1210"
"ELEGOO Arduino用のMega2560スタータキット最終版 初心者向け、チュートリアル付、MEGA 2560ボード, LCD1602","5755","66","50","311","¥ 6,079","","1","B06Y5SM5D6","","37","24.7","5.3","1080"
"【ブラック脚立】アルインコ x GranGear ３段はしご兼用 BPRS-90 軽量折り畳み幅広ステップ滑り止め付き｜おしゃれな２WAY脚立","5769","46","","52","¥ 7,988","¥ 7,988","2","B0B8FZS4CG","","88","47","17","3500"
"ゼクソン 折り畳み台車 スーパーフラットキャリー SFK-99","5770","83","100","369","¥ 8,740","¥ 8,740","8","B00SAE2YOI","","71.3","42.5","9.2","7020"
"大型台車 折りたたみ手すり付き 平台車 90×60cm 耐荷重590kg ブレーキ付きキャスター 静音4輪 スチールデッキ 耐摩耗 旋回キャスター","5770","2","","","¥ 15,774","¥ 15,774","1","B0HF31NPCZ","B0HF34H8LQ","93.5","62.5","15","22200"
"QANBA Gravity KS アケコン ボタン 24/30MM アケコン 静音ボタン 12個(箱入り) アーケード ボタン","5788","74","","88","¥ 9,700","","1","B0CNXFQM7J","B0DFYLM88B","16","11.4","5.6","260"
"HAIGE(ハイガー) 乾湿両用業務用掃除機 1000W 15L 10mロングコード付 HG15","5793","49","","92","¥ 9,720","","1","B07D34LZ7G","B09HBD8PM4","43.4","36.8","36.6","7240"
"PONY 作業台 ソーホース 2in1 折りたたみ式 ワークテーブル DIY 工具 作業台耐荷重225kg ソーホース耐荷重450kg 高さ調節可能","5795","89","50","1816","¥ 18,340","","1","B09XT8D9NY","","81.4","69.2","15.8","17486"
"EIWEI 超音波洗浄機 15L 360W超音波パワー可調 40kHz 300W加熱 80℃対応 0-120分タイマー 洗浄バスケット付き 金物工具 入れ歯 電子部品 実験室器具 部品洗浄 家庭用 業務用 日本語説明書付き","5797","10","","45","¥ 41,309","","1","B0GY2T245Z","B0GY32433P","46","41","35","9800"
"タジマ セフシステム セフメット バッテリーボックス3730用 ファン付 ホワイト HA30BFW","5808","77","50","46","¥ 5,018","¥ 5,018","12","B0DVFC2X2X","B0F5W48K4Y","18","10.5","3.8","140"
"DayPlus 伸縮はしご兼用脚立 最長2m 5段+6段 1.7m+2.0m 脚立 踏み台 安全ロック付き 耐荷重150kg 持ち運びやすい 折り畳み 伸縮アルミはしご 屋内 屋外 屋根 倉庫 作業 掃除 …","9097","64","","423","¥ 12,300","","1","B0912M7Z8B","B0C2PQ2J6K","73.2","47.6","15.2","10080"
"感熱ロール紙 80mm×100m 内径25.4mm 20巻入 シーネット レジロール キッチンプリンター用 業務用 長尺100m 個包装","5812","57","50","23","¥ 5,680","","1","B073LBMT14","","49.3","21.9","18.1","9490"
"ELEGOO UNO R4 WiFi スーパースターターキット 200点以上の部品を含むSTEM電子工作プログラミングキット","5819","54","50","5","¥ 5,999","","1","B0GTZ2PSW1","","20.6","16.1","5.7","590"
"BOWEITI伸縮はしご兼用脚立 最長2.3m伸縮梯子安全ロック付き 耐荷重150kg 持ち運びやすい 折り畳み 伸縮アルミはしご 室内室外屋根 倉庫 掃除 作業(2.0m+2.3m)","5828","66","","191","¥ 15,590","","1","B0BF9LH3SY","B0HBPS7RL5","74","48","15","13060"
"アズワン パッククリーン 600mL 80入 80個 / 5-059-03","5834","8","","1","¥ 19,692","¥ 19,692","5","B00UUMFUP8","B07D396DSX","67","55.8","45","9900"
"[タイタン] リーロックS2NEOライト SLN505-RW-SB-M 胴ベルト型安全帯 墜落制止用器具 新規格 2丁掛け 補助ロープ付 スカイブルー Mサイズ","5837","46","","36","¥ 13,082","¥ 13,082","11","B08TGTMHXF","B0BXKLQVFC","31.3","15.3","12.3","1930"
"交互圧力パッド 電動ポンプ付き 長期的寝床のユーザーに最適 家庭に適用 通気性 体圧分散式エアマット 介護用品 3モードサイクル 扱いやすい 寝具 日本説明書付き マットレス 父母","5850","52","","77","¥ 8,784","","1","B0D53SS8Y5","","29.2","20.3","16.9","2860"
"マキタ(Makita) 充電式産業扇（青） 40Vmax 本体のみ/バッテリ・充電器別売 CF002GZ","5852","87","100","55","¥ 12,210","¥ 12,210","12","B0969584DV","","61.5","45.5","27.3","4810"
"TUIYIDUO 陳列棚 お菓子棚 4段 耐荷重200kg キャスター付き コンビニ キッチン スーパーマーケット 用 組立簡単 日本語取扱説明書付き","5853","30","","9","¥ 6,950","","1","B0FLPXKLW3","B0FVLXK8DX","120","30","8","4420"
"JOYMOOP モップとバケツ 絞り器付き ホワイト フラット スクイーズモップバケツセット 床掃除用 ハンズフリー ウェットドライモップ 壁用 155cmモップ 繰り返し使えるマイクロファイバーパッド4枚付き","5873","66","","29046","¥ 5,399","","1","B0CFDRFJF1","B0GR5BFWFN","39.5","26.5","18.7","2120"
"WEIMALL 電動ウインチ 12V 2500LBS（1134kg）ワイヤータイプ 防水仕様 牽引 ELW12V25","5881","56","","87","¥ 9,690","","2","B014GS30QC","B07T3CM84R","33.1","23.8","16.4","8520"
"タジマ セフシステム セフメット ベーシックセット MD ホワイト HSWB2","6521","73","","9","¥ 6,845","¥ 6,845","11","B0DZ5673KL","B0F5VYJ134","32.6","26.9","20.3","900"
"熱収縮チューブ 10mm 内径φ10mm （平置き幅17mm）印字無しで綺麗☆ 収縮比率2:1 (10mm→5mm) シュリンクチューブ 絶縁チューブ 防水 高難燃性 収縮チューブ (30M, ブラック（黒）)","6410","9","","293","¥ 5,180","","1","B082KXF63C","B082KXLKRD","10","7","1","10"
"FNIRSI 2C53T オシロスコープ 2ch 50Mhz帯域幅 Y-T/ロール/X-Y 250MS/s サンプルレート 3 in1 ハンドヘルドデジタルオシロスコープ 真の実効値マルチメーター 信号発生器 ポータブル 充電式","5894","78","50","59","¥ 14,999","","1","B0DP7BSSLV","","21.2","13.9","9.5","860"
"PTUWODS スチールラック本体 高耐荷重収納棚 メタルラック 組立簡単 高さ調整可能 自由に組み合わせ 収納ラック キッチン 物置 倉庫 ガレージ (90*40*183cm)","5896","50","","21","¥ 12,084","","1","B0GV1WV3MC","B0GYR6RCGJ","98.3","45.5","16","21460"
"ドウシュウ(同舟) 被覆ワイヤー 直径3.0mm 長さ100M ビニール被覆 ワイヤーロープカッターをおまけ ステンレスワイヤー 物干しロープ wire rope 7×7構造 切断荷重294kg（SUS304） アルミスリーブ100個付き 台风対策 工事 アンテナ固定 地震対策 落下防止 林業 DIY フェンス (直径3.0mm スリーブ100個 カッター1個)","6603","20","","67","¥ 5,799","","1","B0F26WQG9B","B0HF72VKB1","23.9","18.1","16.9","3070"
"【53V超高出力 46500mAhバッテリー】ファンバッテリーセット 日本製ブラシレスモーター 7段階風量調節 2種類モード搭載[日本国内ブランド正規品]","5921","88","100","189","¥ 7,980","","2","B0GMTX6PNC","B0H71RK6QF","27.2","21.2","5.2","1060"
"アズワン(AS ONE) ラボランスクリュー管瓶No.2 6mL /9-852-04 1箱(100+10本入)","5923","38","","42","¥ 7,960","","11","B00LL3ORF4","B07D39WNXY","31.8","20.1","4.9","938"
"「Merox」台車 大型90ｘ60cm 耐荷重500kg スチール製 折りたたみ 平台車 キャリーカート 手押し台車 固定ロープ付き 静音 軽量 360度回転可能 キャスター付き クッショングリップ付 多重補強構造 業務用 日本語説明書","4402","6","","13","¥ 9,980","","1","B0HDNH4ZW4","B0H1JNS2XN","70","40","10",""
"夢フル No.３ ポップコーン 袋 250枚 ふりふりポテト 袋 シャカシャカ袋 テイクアウト","6467","39","","7","¥ 5,980","","1","B0FKZZY8YR","B0FL14QHKV","32.6","25.3","11","1370"
"メグロ化学工業 MEGUMIX メグミックスブラック 速乾 50ml 6０秒作業時間 完全乾燥時間60分 万能成形接着剤 3本セット 120281-3","5933","72","50","35","¥ 7,669","","5","B00LP4QCBG","","14","10","6","500"
"コニシ 【箱売り】 ボンド G17Z クロロプレンゴム系溶剤型接着剤 3ｋｇ 6缶入り","5940","49","","","¥ 44,631","¥ 44,631","1","B0B5QPGWVQ","B0B78PCRR3","51","34.5","20","21000"
"NicRose 集塵機用ダクトホース フレキシブル 内径50-200mm 耐摩耗 家庭用業務用兼用 排気粉塵輸送用(5m,100mm)","13542","26","","","¥ 5,299","","1","B0FWC2K2FZ","B0FWBXK88W","60","50","50","3000"
"京都機械工具(KTC)充電式LEDネックライト最大320lm AL814N","5942","38","","32","¥ 5,804","¥ 5,804","17","B0CH8F8FZ8","","26","15.3","2.9","220"
"HIOKI (日置電機) L9788-11 スイッチ付きリードセット 絶縁抵抗計 メガー テスター 日本製 JIS認証 リード テストリード プローブ IR4051 IR4052 IR4053 IR4055 IR4011 IR4012 IR4013 IR4014 IR4015 IR4030 IR4031 IR4032 IR4033 IR4041 IR442","5963","66","","12","¥ 7,564","¥ 7,564","19","B0192LJUP8","B08DXXSF4N","15","13.5","5.5","160"
"Creality K2 PRO COMBO (A) 3Dプリンター, 多色造形 高速印刷 600mm/s 造形サイズ300×300×300mm","5969","46","","9","¥ 145,000","","1","B0FKBJL9TG","B0G2RQPR48","66","58","56","37500"
"YENUO スライドレール 重量用 引き出しレール ロック付き 300‑1000mm 幅 53mm 横付フルエクステンション 最大耐荷重 97kg","5980","12","","529","¥ 7,000","","1","B09NJJ92Z8","B0GWHYKYNM","91.4","7.6","3.8","4717"
"ANYCUBIC PETGフィラメント 1.75mm、耐久性と長持ちする印刷品質（10kg、黒+白+質感グレー+桃+赤+青+緑+橙+黄+紫）","5984","21","","","¥ 15,999","","1","B0FND51MCL","B0H5JYJRF5","43","39","23","13500"
"Orginer 充電式LEDワークライト 18v ライト作業灯マキタ14.4v/18vバッテリ対応折り畳み収納可能なメタルフック緊急用照明 停電用 自動車整備 釣り 夜間作業 夜釣り アウトドア キャンプ用 バッテリ別売 (本体のみ) (MT26W)","5985","60","","46","¥ 5,609","","1","B0CPLV5FYL","","44.2","15.4","8.9","550"
"タジマ 兼用ランヤードKR150FA シングルL8 A1KR150FA-L8","6005","86","50","82","¥ 14,122","¥ 14,122","29","B0BPGLSSGS","B0BS6BHFFG","28.8","16.7","10.3","840"
"Taranta脚立4段 アルミ折りたたみ 滑り止め付 150kg耐荷重 木目調","6006","6","","23","¥ 10,999","","1","B0H458Z5PX","B0HDGZ8Z1K","147","47","6","6160"
"Flemoon 小型屋外電気ボックス 防水 取り外し可能なシールドカバー付き IP55延長コードカバー プラグ、コンセント、ホリデーライト、耐候性接続ボックス(内側5.9 x 3.2 x 1.8インチ)、イエロー","6792","14","","653","¥ 5,485","","1","B0DN1JC47J","B0DS9F88X7","21.3","11.7","6.4","259"
"KAWAIKO 養生テープ ホワイト白 25mm×25m はがせる","8793","20","","62","¥ 6,099","","1","B0DYHSSFRS","B0DYHRHZ7W","34","24.1","18.2","4060"
"[藤井電工] 新規格 胴ベルト型 2丁掛け用 補助ロープ ノビロン 伸縮ロープ式 ブラック 黒 TBL-AT-NV5931-BK-N 軽量アルミフック 日本製 胴ベルト 安全帯 ツヨロン TSUYORON","6031","51","","187","¥ 5,209","¥ 5,209","16","B07NMXKCMH","B0DX6WRPH2","27.1","14.1","4.4","600"
"メニューカバー 8.5x11 レストランホルダー - 5パック、4ページ 8ビュー クリアスリーブ カフェバー ホテル ダイナー用","6050","20","","274","¥ 7,836","","1","B0H2H5BD6Q","B0F8P6DCMK","33.9","28.9","7.4","1229"
"10Gtek 10G SFP+ ケーブル, SFP+ DAC Twinaxケーブル, Cisco SFP-H10GB-CU7M、 Meraki、Ubiquiti UniFi、Mikrotik、Intel、Fortinet、 Netgear、Arista、D-Link、Supermicro、TP-Linkなど互換, 7m","6051","62","","177","¥ 5,299","","1","B07H94DC3Y","B0CJ4J8XHV","24.6","22.1","4.5","400"
"JZOOOZ 台車 折りたたみ 軽量 耐荷重200kg（480×720mm/ブルー) 静音 業務用 大型 屋内外で使用可能 滑り止め防護 倉庫、農業、輸送、自動車店、ハンドリング、ショッピング、防災、旅行 家庭用品 コンパクト収納可能 省スペース","6057","8","","2","¥ 5,960","","1","B0H4962773","B0FQTV83CX","70","60","15","5000"
"[FGC] EX-232 豚皮レインジャー(あてなし) マジック付皮手袋 LLサイズ 10双組","6807","29","","33","¥ 6,900","","1","B01N2IZHE1","B01NCVYO4L","29.6","19.8","12","994"
"SUZUKID 液晶式自動遮光溶接面 アイボーグαII‐ブルーフィルタ‐ EB-200A2B","6063","51","","458","¥ 13,373","¥ 13,373","16","B08PB2Z8MN","B08PVX47VD","33.8","23.4","23.2","910"
"３個セット 増量中 ２１Ｌ 高純度 精製水 ２０ Ｌ＋１Ｌ 純水パック コック付 日本製 エステ スチーマー オートクレーブ 滅菌器 美容機器 脱毛器 冷却水","6071","37","","25","¥ 5,295","","1","B07G1RKXWK","","90","90","90","69000"
"トラスコ中山(TRUSCO) 化学モップ 90cm TCM-90","8033","27","","29","¥ 6,435","¥ 6,435","16","B004OCS84K","B09NWQ1KKP","155","28","5","2000"
"長谷川工業(Hasegawa)スライドステージ 両面使用タイプ SSF1.0-400 (4.00m)(16947)","6078","50","","175","¥ 25,620","¥ 31,484","21","B01BXV9H80","B07BN3XWYM","250","27.5","7.3","13998"
"TRUSCO(トラスコ) 塗装養生用テープ ホワイト 75X25 TYT7525-W × 24巻 【ケース販売】","6079","8","","494","¥ 10,570","¥ 10,570","1","B0B5ZK24FN","B09VDQ4S5C","34.5","32","23.5","6100"
"アイリスオーヤマ 工業扇風機 スタンド式 三脚 KF-431S","6084","62","","49","¥ 9,979","","6","B06ZYJLQRZ","B0GVM92QHK","61.7","51.5","18","6100"
"Tarantaアルミ製5段折りたたみ脚立滑り止め付踏み台-ブラック","6088","5","","1386","¥ 9,999","","1","B0H6P143VV","B0HCN5352Q","134.5","47.5","6","5700"
"胴ベルト用ランヤード 2本 補助ロープ、Betion 安全帯 新規格 ランヤード 高所作業 墜落制止用器具 墜落防止装置 屋根 作業 落下防止","6093","2","","2","¥ 5,599","","1","B0H6S8P9M4","B0HG9T2XJN","27.5","13.1","12.7","1410"
"フジクラダイヤケーブル ビニル絶縁電線 IV 3.5 SQ 黄色 50M 巻き","11485","32","","19","¥ 8,706","¥ 8,706","5","B08KXTW822","B0C2D2N2LH","29","29","4.5","2250"
"オガ電子 米麦水分計 TD-G","6112","18","","82","¥ 23,480","¥ 24,213","65","B079NSHWV8","","27.5","19.6","9.7","1390"
"【ブラック脚立】アルインコ x GranGear 4段はしご兼用 BPRS-120 軽量折り畳み幅広ステップ滑り止め付き｜おしゃれな２WAY脚立","6113","68","50","51","¥ 9,990","¥ 9,990","2","B0B8GGQVV6","","120","52","16","4750"
"PowerArQ ネッククーラー 冷却プレート W固定【ペルチェ/USB Type-A/冷却モード/加熱モード】コンパクト 軽量 首かけ バイク 現場作業 Chill Hold パワーアーク","6119","64","100","19","¥ 13,860","","1","B0GZ71Z3SC","B0GZ6RKDML","24.5","14.6","3.4","270"
"ワイエステック スーパーコンクリートクリーナー 4L","6136","66","","218","¥ 6,591","¥ 6,591","2","B000U3TZ5S","B0CB5V5Y5S","26.1","19.5","10.9","4291"
"【ケース販売】TRUSCO(トラスコ) ヘルメット MP型 白 DPM-148W×10個","6138","42","","","¥ 12,636","¥ 12,636","1","B09T3BXTVS","B0CDXZB2C5","50.8","46","28.7","4660"
"(STRAIGHT/ストレート) マニホールドゲージセット HFC-134a 27-234","6142","33","50","23","¥ 9,330","","1","B091KT83R5","","25","25","10","1900"
"紙製 ディスポマウスピース 標準用 100個 使い捨て ミニ・ライト ピークフローメーター アタッチメント ディスポーザル マウスピース 小児 喘息 医療 病院 高精度 簡単 最大呼気流量計 ぜん息 気管支 ピークフロー","6152","28","","1","¥ 5,900","¥ 5,984","2","B01AL72VIK","B0G41NYB44","37.2","16.9","13.3","750"
"TRUSCO(トラスコ) 低圧透明シート600×1000mm 300V以下 TTS-60100","6153","37","","12","¥ 5,336","¥ 5,336","15","B0795D3Q3Y","B09NWL8BKS","60","50","1","420"
"PRESIDIUM マルチテスターIII ダイヤモンドテスター モアソナイト(人工のダイヤ類似石) 判定 MultiTester III 日本語説明書付き 新型セット商品 正規品 メーカー保証1年","6154","51","","19","¥ 45,000","","2","B07W5YQ3KH","B07W5ZN891","24","11.5","7.1","190"
"MERDIVEN 脚立 2段 云烟グレー 折りたたみ式 超軽量アルミ製 2.86kg 幅広ステップ 滑り止め加工 耐荷重150kg コンパクト収納 室内外兼用 シンプルモダン 家庭用 作業台","7879","52","","45","¥ 5,999","","1","B0DQVPRX99","B0H65WH735","64","46","6","2860"
"TRUSCO(トラスコ) ブルーシートα#3000 4.5m×5.4m BSA-4554","8965","20","","119","¥ 5,553","¥ 5,553","20","B002A5OEI2","B09PBM67NC","47","42","13","3801"
"TUIYIDUO 台車 大型 折り畳み 軽量 耐荷重550kg 手押し平台車 静音キャスター ブレーキ付き 業務用","6173","3","","3","¥ 8,980","","1","B0H8357YQQ","B0HFJ8Z35V","50","35","7","9250"
"タジマ 新規格安全帯 ハーネス用ダブルランヤード ロック装置付き常時巻取 邪魔にならない小型巻取器 ランヤード長150cm アルミゲート採用の軽量アルミ鍛造フックL8 より戻し付き 軽量アルミ製カラビナで取り外しが簡単 A1VR150L-WL8","6174","44","","17","¥ 22,400","¥ 23,201","29","B09SLC4C53","","26.6","16","11","1720"
"コニシ 【箱売り】 ボンド アロンアルフア 専用硬化促進剤 100ｍｌ 5本入","6179","46","","1","¥ 7,442","¥ 7,442","1","B0BGN2WZLJ","B0BH24V8P5","24.3","15.4","5.4","710"
"3cm対応 ネコポス最大（フリマ・オークション用 ） クリックポスト ゆうパケット 対応 A4サイズ 段ボール (200枚) 通常ネコポス不可","6181","47","","76","¥ 8,050","","1","B08J7FN7CP","","61.8","44","19.4","19750"
"GUARDLEAD 折りたたみカラーコーン 高さ700mm 伸縮式コーン 保安灯付 PP 三角コーン 反射材付 高視認性 駐車禁止 コーン 駐車場 安全警告 軽量 持運び/設置簡単 4個セット","6185","64","50","388","¥ 6,399","","1","B08LGHXRTZ","B09SWQGZCJ","38","32.4","17.2","3130"
"HELIX 鍛造シャックル 弓型 ロングシャックル 2.0トン 捻じ込みタイプ [10個セット]","6187","73","","67","¥ 9,980","","1","B0BTM8QM5V","B0BTM9N9FL","21.5","20.3","11.8","7100"
"ELEGOO タフレジン 3Dプリンター用樹脂 グレー MSLA/LCD/DLP 3Dプリント用 UV硬化型フォトポリマー樹脂 2000g","6204","36","","10","¥ 6,299","","1","B0DQ5D2X63","B0DYJXWTSW","21","16.2","9.9","2320"
"フードウォーマー 保温マット 食卓保温プレート 80×38cm シリコン製 折りたたみ式 60〜100℃温度調節 1〜4時間タイマー LED表示 チャイルドロック 自動OFF 450W お手入れ簡単 食器対応 シリコン 大判","10760","2","","40","¥ 8,999","","1","B0H294ZL4D","B0HDT6DJPQ","41","13","12","1900"
"[DH PROTECTION] 新規格 EX AIR 軽量 巻取ランヤード 1種 胴ベルト 兼用 100㎏以下 胴ベルト フルハーネス ランヤード 墜落制止用器具 安全帯 (巻取ダブル(ロック装置無し))","6226","72","50","28","¥ 14,190","","1","B0CVN6S5J4","B0CVN7R43W","30.1","14.5","7.5","1300"
"クラフトワークス クラフト ワゴン 折りたたみ キャスター付き 作業台 収納 カート ツールワゴン 工具 棚 3段 ベンチ キッチン 配膳 台車","6232","83","50","53","¥ 11,980","","1","B0FHZTPXSS","B0GNRWBNZL","108","41","22","7500"
"高濃度エタノール IPA代替 エタコール7[14kg] 三協化学 【法人様限定】 仕上げ洗浄 消防法アルコール類","6243","62","","140","¥ 12,500","","2","B07FZYL88Z","","34.9","23.8","23.8","14500"
"新潟精機 SK 日本製 シクネスゲージ(すきまゲージ) 9枚組 75mm 172A 0.0015-0.015in","6245","16","","2","¥ 5,980","","1","B00412LDZ4","B07YVHYL56","16.6","4.3","1.3","36"
"timiland 井戸ポンプ 手動 井戸ポンプ組み合わせセット 手押しポンプ 手動ポンプ 井戸 手押し ステンレス製 排水 ポンプ 手動 ウォーターポンプアクセサリー付き 日本語取扱説明書付(手動ポンプ台座高さ58cm、水道管10M)","6246","38","","9","¥ 7,999","","1","B0DYVD49H4","B09YRYS3X5","62.2","39.1","19.4","7500"
"HIKMICRO Pocket2 サーモグラフィーカメラ、256 x 192 IR解像度、8MP可視光カメラ、Wi-Fi、ビデオ録画、3.5インチタッチスクリーン、デジタルズーム1.0×～4.0×、-20°C～400°C","6250","59","","407","¥ 76,462","¥ 76,462","3","B09XWXS3P3","","17.5","17.1","6.7","740"
"[ProCase] キッズ用イヤーマフ 騒音防止の安全イヤーマフ、遮音 聴覚過敏 調整可能なヘッドバンド付き 耳カバー 耳あて 聴覚保護ヘッドフォン、ノイズ減少率：NRR 21dB（SNR 27dB）‐ユニコーン","6253","35","","9712","¥ 7,502","","5","B0BPWPNZJW","B088T6V9HF","14","12.5","10","220"
"TARPAL ブルーシート 激厚手 #6000 3.6m×5.4m 約12畳 UV 茶色防水シート 屋外 ハトメ付き ブラウン・グレー両面利用","6747","28","","20","¥ 5,977","","1","B0G4QHLXQV","B0G4QFM9VR","40.6","34","19.9","5350"
"[藤井電工] 新規格 フルハーネス型 ライトハーネス ノビロン 伸縮ロープ式 ブルー 青 Mサイズ TH-510-2NV93SV-OT-BL4-M-2R23 V型腿ベルト ツインランヤード 2丁掛けランヤード 着脱が容易なワンタッチバックル 日本製 高所作業 墜落制止用器具 フルハーネス 安全帯 ツヨロン TSUYORON","10282","35","","7","¥ 22,809","¥ 22,809","8","B07NMK29DZ","B0CKFB33RV","35.2","21.9","11.5","2260"
"京セラ セラミック 包丁 バイオ樹脂 ハンドル 三徳 16cm サビない 食洗機 除菌漂白 OK シャイニーパープル FKB-SPU16-AZ","4976","34","","11","¥ 6,579","¥ 6,579","1","B0GHM1V6GH","B0GPWF5DT5","36.4","7.9","2.9","140"
"平ゴムドラム巻 RT‐100 20mm×100M","6271","29","","161","¥ 11,247","","7","B004MPHOEY","B0CLG7SVDB","25.5","25.5","13.4","4820"
"VECOLARD オイルマット ロールタイプ 油吸収シート オイル吸着マット 万能吸着マット 工業用品、 油、水、化学液体 吸収シート (EMV03 グレー)","6276","35","","1","¥ 8,478","","1","B0CLKDFMBJ","B0CNNL25XX","42","40","38","5000"
"simPLEISURE 使い捨てヘルメット用紙帽子 白 19cm インナー ペーパーインナーキャップ 紙製 清潔 来客用に（100枚入り） ea100095a10n0","5856","31","","23","¥ 7,373","","1","B0B4VZCHGC","B0B4VXN6YR","30","26","20","820"
"SPAHER テープライト カバー 10個パック 1M U型 アルミニウムチャンネル LEDテーブルライト用 エンドキャプ付き ネジ付き 取り付け簡単 綺麗発光 装飾 室内","6281","41","","18","¥ 5,949","","1","B0D8J2XZ7H","B0D8J3B1LF","110","4.5","4.5","1030"
"【史上最大容量×業務用レベル】Yadea R-ZERO MAX カーペットクリーナー1000W 強力吸引 カーペット洗浄機 布洗浄機 染み抜き ソファ/絨毯クリーナー 水洗い 車用 バキュームクリーナーソファ洗浄 マットレス/布製品/ペットシート/車内/ラグ/ソファ/絨毯/ぬいぐるみ/掃除用品","6282","74","","13","¥ 19,040","","1","B0G585PLS6","","46","39.6","32.5","8140"
"ニトムズ(Nitoms) PROSELF(プロセルフ) 自己融着テープ ブチルタイプ NO.11 幅19㎜×長さ10m 2個セット 日本製 防水 多用途 水漏れ防止 絶縁 電気 電線 水道管 配管 補修 修理 緊急 耐候 耐熱 耐寒 修理 防蝕 耐圧 自動車 保護 A9115","8751","46","","1","¥ 5,116","¥ 5,116","2","B0DKDV1QJG","B0DLGTFYCQ","11","10.1","6.5","220"
"段差解消スロープ ゴム製 プレート 高さ 4cm〜18cm 階段用 滑り止め バリアフリー 介護 自転車 屋外 駐車場 カースロープ ガレージ 玄関 ハイステップ (サイズ：長さ×幅×高さ-100x35x16cm)","6307","56","","89","¥ 5,199","","4","B0CSFT7Z5B","B0CSFR655T","100","25","4","3200"
"YESWELDER 溶接面 10x9cm 広い視界 1/30000秒自動遮光 トゥルーカラー ソーラー駆動 溶接ヘルメット 4アークセンサー","6313","61","50","369","¥ 6,775","","1","B08BJX39MC","B0GJYS2GF9","30.4","25.8","19.7","1020"
"2 個 63V 10000uF 30x50 30x50mm 2ピンはんだスナップイン端子電解コンデンサ","9279","20","","11","¥ 5,166","","1","B0CN461R6Q","B0CP7RSQWV","10","7","3","100"
"KIYOMARU ミニサイズのグイッと動かせる大腿骨付き骨盤模型 人体模型 骨模型 理学療法士監修 骨格標本 伸縮コード 女性","6612","63","","60","¥ 5,980","","1","B0CJ3XYPNC","B0GH77PLYG","14.3","10.4","9.4","300"
"ハタヤ LEDテープライト 10m セット 両面発光タイプ LTP-10DS","6325","40","","7","¥ 32,620","¥ 34,164","17","B09LTZPS14","B0B6P1KP2X","37.3","34.4","8.1","2690"
"Inkbird ITC-308-WIFI 温度コントローラー デジタル サーモスタット 温度制御 暖房冷却 アプリ対応","4463","54","","41","¥ 5,599","","1","B09H24B5M2","B0DGLCW2JP","19.1","10.6","8.7","450"
"ニチバン バッグシーリング テープ No.540 20巻入 9mm×50m 銀 540SL","7126","24","","31","¥ 7,900","","1","B00ANZWDOS","B07S36JWBN","20.3","11.6","11.3","886"
"トラスコ中山(TRUSCO) アングル式ゴムキャスター 自在S付き TYSA65RS Φ65 x 20個 【ケース販売】","6333","47","","","¥ 21,073","¥ 21,073","1","B0C5H2SX4V","B09VDQRKRW","32","27","25","10200"
"ニトムズ アルミガラスクロステープ 50mm×10m J3040 18巻入り","6340","47","","102","¥ 42,951","¥ 43,652","2","B00XL5KIVW","B0FHGPM3VP","32.6","22.6","22.4","4420"
"【初心者向け超簡単・自宅で楽々掃除】エアコン洗浄セット エアコン掃除カバーセット 壁掛用 壁面保護シート一体型 水受けバッグ 排水ラクラク 手動洗浄 クーラー清掃 高圧洗浄 水漏れ防止 軽量設計 カビ取り ニオイ防止 ベランダ清掃 ガレージ清掃 簡単操作 安心安全設計 繰り返し使える 家庭用 業務用 USB(フルセット(専用防水カバー1枚+クリーナーガンセット）)","6342","60","50","20","¥ 5,382","","2","B0H2VS2CD3","B0H1MD3QNL","29.4","25.4","12.7","650"
"[DUDUBON] ファン付きベスト 高視認性安全服 空調作業服 20000mah大容量バッテリー 9つファンブレード 静音 3段階風量調整 アウトドア作業着 涼しいベスト 男女兼用 蛍光緑","10993","30","","2","¥ 6,980","","1","B0H1CDWBFC","B0H1MFT7TM","30","20","3","750"
"[メカニクスウェア] 作業用手袋・軍手 コールドワーク エムパクト XL CWKMP-58-011 タッチスクリーン対応 バイク 自転車 雪かき ウィンタースポーツ 洗濯可 【日本正規品】","6343","52","","1349","¥ 8,535","","3","B08HSP66SS","B0CHP4RSCJ","27.3","13.9","5.3","260"
"ユタカメイク ポリエチレンロープ 9mm×70m 3ッ打 ドラム巻 ブラック 26RE-N54 長尺 業務用 巻き取り 水に強い 農園芸 漁業用 作業用","8314","47","","14","¥ 6,530","¥ 6,530","1","B0F1MW75TT","B0F4WT1T3F","21","21","17","3050"
"三ツ星ベルト Vベルト スタンダード B形 B147","6364","19","","104","¥ 5,180","","6","B01D4N7MKA","B0GFC8GV15","22.9","21.7","8.6","720"
"スミス・アンド・ネフュー(mith-nephew)メロリン(未滅菌) 非固着性3層ドレッシング材 白 1ロール 66974930","6369","60","50","50","¥ 10,830","","6","B018G93K1C","","57","22","15.2","1240"
"ステンレスシャックル SUS304 ねじシャックル吊り具 吊り ステンシャックルM5 M8 M10 M12 M16 M20 (M20 1)","3564","27","","133","¥ 6,999","","1","B09K793D65","B083XJBR1N","13.2","13","4.1","880"
"セメダイン 塩ビパイプ用 接着剤 30ml CA-123 ×20本セット","6391","30","","246","¥ 5,617","¥ 5,617","1","B06Y1BCY6T","B0BZZ2HL53","22.2","18.2","12.4","2020"
"Schwer Ultimate Cut Resistant Gloves Beyond ANSI A9, Reinforced Stainless Steel Glove, Food Grade Mesh Metal Gloves for Butcher Meat Cutting, Oyster Shucking, Mandoline, PFAS Free, PR1708 (S, 1 PCS)","6399","28","","182","¥ 5,620","","1","B0DMDG2YG3","B0FH62LV1B","25.3","17","4","90"
"【強化版】折りたたみ式 トラック用荷台はしご アルミ製 2段 耐荷重120kg トラック昇降ステップ トラックステッパー 荷台ステップ トラックラダー 昇降設備","6405","61","50","25","¥ 6,280","","1","B0G42LS7RN","","73","30","13",""
"PerldVerge 安全ヘルメット 耐衝撃ヘルメット ブラック ホワイトバイザー付属 6点サスペンション 蝶ナット調節 通気性アローデザイン 軽量 作業用 EN397/ANSI Z89.1適合 工事 メンテナンス用","14227","30","","18","¥ 5,399","","1","B0FF45456V","B0FF454PW4","30.5","22.9","17.8","540"
"セメダイン(CEMEDINE) 車止め用 弾性接着剤 カートリッジタイプ 灰白色 333ml コンクリートブロック アスファルト下地 RE-082 10本セット","6424","34","","286","¥ 13,071","¥ 13,071","1","B0919GKQDP","B0DBL81J33","34","26.6","10.6","6500"
"Tomarsy 呼び出しベル 飲食店 フードコート 用 [電波法適合] ワイヤレス 呼び出しブザー よびだしベル TMS-127 (1+10)","6425","54","50","17","¥ 8,990","","1","B0G2JJPMVJ","B0G2JJYVPT","29.7","19.4","10.2","1210"
"三菱電機 簡単小型インバータ FR-D720-0.1K","6427","70","","13","¥ 15,222","¥ 15,222","1","B00VMAEN1O","B07KCDVSFH","23","18","8.8","700"
"ADHES 環境思いクラフトテープ 梱包テープ 50mm×50m","3101","25","","55","¥ 9,839","","1","B0BZRL8VXG","B08YJR8WYK","39.3","32.1","26.9","10290"
"JACK BOSS ハンドリフティングツールジャッキ耐荷重約163kg キャビネットジャッキ 0～59cm ハンドサポートシステム 壁リフトキャビネット設置用 修理用 省力 多機能 2パック","6437","52","50","18","¥ 5,780","","1","B0F292NGS9","","45","31.1","12.4","3030"
"TAISEI（タイセイ） J型ブラシ (正規品/日本製)[昭和60年創業]テレビにも出演した 掃除ブラシ 持ち手：ステンレス ブラシ：ナイロン66 (ブラック：10本)","8297","17","","660","¥ 9,480","","1","B0DK57MPQZ","B0DM1NK52S","26","16.8","1.8","440"
"つくしサイエンス アクリルブロック A4サイズ 297×210×20mm 1個 透明 クリア ベース プレート ディスプレイスタンド 板 四角形 長方形 展示 撮影 台座 什器 ps-a4*1","5127","60","","19","¥ 6,499","","1","B0G4VWVB9V","B0FSL31M7N","30.7","21.5","2.4","1410"
"【昇匠】脚立 アルミ折りたたみ 幅広滑り止めステップ 軽量 耐荷重 150kg 家庭・業務用 室内屋外 コンパクト収納 (3 段)","6450","54","50","5","¥ 5,382","","1","B0H2VGJJR8","B0H2VDRTWT","79","40","16.5","3030"
"本宏 アルミ製安全ストッパー角フレーム脚立用(4本セット) S-3AL","6458","53","","348","¥ 14,309","","4","B006GN7MV0","","72","26","13","5060"
"AZRA OPPテープ 梱包用 ガムテープ 粘着テープ 幅48mmx長さ100m 厚み45μm 業務用テープ 強力 透明 54巻セット 引っ越し 梱包資材 倉庫 物流 宅配便","6460","12","","1","¥ 9,980","","2","B0H25BKHS1","B0H5W4JGWN","35","35","30","1290"
"Aqara 人感センサー FP2 ミリ波レーダー アカラ Alexa対応 モーションセンサー プライバシー保護 ゾーン分割 高精度 転倒検知 多人数検知 セキュリティ HomeKit対応 Aqara Homeアプリ 有線センサー","6460","68","","2490","¥ 12,980","","1","B0BXWZMQJ3","","8.6","7.4","6.4","170"
"ソルベンタム 防水フィルム ドレッシング 皮膚 被膜 保護 テガダーム トランス ペアレント フィルム ロール 褥瘡 入浴 医療用 テープ 10cm x 10m 1ロール 16004","10136","21","","1","¥ 5,085","¥ 5,085","1","B0GWGR5MLB","B0GZ7THN7R","13.4","7.9","7.8","210"
"BN Binniu 彬牛 コンパクト軽量折りたたみ台車 収納コンテナ付 200kg 耐荷重 静音運搬カート","6485","20","","11","¥ 9,980","","1","B0H3HBKDDH","B0H3H9X4GJ","74.5","49.5","8.5","8600"
"TRUSCO(トラスコ) ハイテナー用カバー 800×600×1700用 半透明 紐付 THTC-1IT","6494","41","","","¥ 18,372","¥ 18,372","5","B00264Z47W","B09PBMKJ7D","39.8","34.4","5.5","1560"
"ルミナス スチールラック キャスター付き 業務用 オフィス 倉庫収納 大容量 棚 スチール棚 ラック 頑丈 ワイヤーシェルフ 収納棚 防サビ加工 耐荷重500kg キャスター付き 組立簡単 頑丈 幅150 奥行60 高さ180 5段","10057","44","","3","¥ 41,780","","1","B0F29BNM7H","B0HGQ5F3TW","179.5","152","61","18000"
"SOFAMIRE 医療用ワゴン 医療用トロリー 回診車 介護用 クリニックワゴン-2段 ステンレス鋼 耐荷重100kg キャスター付き 360°回転 組み立ち簡単 実験室","6499","53","","5","¥ 11,869","","2","B0FT769293","B0H8RVR5NJ","79","47.5","17.5","6760"
"タジマ セフシステム セフハンディワークライト KJWスリム 500lm 3747セット SFKJWS50A-B47","6501","77","50","8","¥ 8,419","¥ 8,419","3","B0GRZQJK2J","","25.3","11.8","5.4","340"
"シンワ測定(Shinwa Sokutei) デジタル温度計 H-3 最高・最低 隔測式プローブ 防水型 73083","6504","56","50","62","¥ 8,493","¥ 8,493","25","B08LZGHJK2","B0957GXPPD","36.2","14.9","6.2","520"
"ZXD キッチンベイカーラック 幅60×奥行40×高さ150cm キッチンラック レンジラック オープンラック プリンタ台 あさい ライトイエロー","6504","3","","63","¥ 5,600","","1","B0GSQVHR49","B0FCF81LF1","83.4","43","10.5","12900"
"ニチバン 布粘着テープ No.121N 50mm×25m 30巻 黄土 121N-5030P","6506","26","","2","¥ 11,220","¥ 11,656","3","B0FGCQFSGG","","38.5","27.4","26.1","11240"
"安田 アルミアングル 1m 2.0x40x40mm ステンカラー 4本組","9338","11","","45","¥ 5,940","¥ 5,940","1","B013QCHL5K","B06XYBB6P1","100","10","10","1720"
"ナカトミ(NAKATOMI) 産業用送風機 ビッグファン (床置風洞扇) (75cm/3枚羽根/風量2段階調節) 角度調節可能 専用安全ネット前後各1枚付き キャスター付き アイボリー BF-75VZ(NS)","6517","62","50","1","¥ 39,800","¥ 39,800","1","B0GQS8C6KP","B0H6PK7JHK","89","84.5","27","30000"
"引っ越し用養生マット 厚手 クッション性 梱包資材 家具運搬 大型家電 床保護 傷防止 (2, ブラック, 180cm×200cm)","6530","51","","30","¥ 5,100","","1","B0GTLN2S8L","B0GTLY8JBW","57.2","42.4","15.5","3160"
"三菱電機(MITSUBISHI ELECTRIC) パイプ用ファンとじピタ トイレ・洗面所用 人感センサータイプ 24時間換気機能付 V-08PEALD7","6531","55","","13","¥ 11,104","¥ 11,104","8","B0B4HW1ZF9","B0BYDGX37P","20.2","19.5","15.4","1080"
"エー・アンド・デイ(A&D) エー・アンド・デイ デジタル血圧計 UA-1100NFC","6532","79","100","16","¥ 7,019","¥ 7,019","2","B0FK5CTSHY","","18","18","9","418"
"パナソニック(Panasonic) ダウンライト LED DL40-60W相当 φ100 本体 白 2個セット NNN61522W","6720","59","","296","¥ 5,464","¥ 5,464","1","B09WMWGPNW","B0BKJW56B8","20","12","12","800"
"FLUKE (フルーク) 放射温度計【国内正規品】 62MAX+ ※体温計ではありません","6535","56","","19","¥ 13,173","¥ 13,173","5","B00D765KZE","B0B8YFY8LF","26.5","18","6.5","420"
"SPAHER スイッチング電源 AC85V-265V→DC24V 防水 小型 安定化電源 コンバーター 直流電源変換器 電源トランス 静音 短絡保護 過電流保護 過負荷保護 日本語説明書付 LEDランプ用 400W","7859","29","","1","¥ 5,590","","1","B0FQTV5B3N","B0FNMLTMS7","30","8","3","500"
"MOSFiATA包丁、ドイツの高炭素ステンレス鋼EN1.4116、超鋭利なプロ菜丁Micartaハンドル-ギフトケースと指ハンドルを含むキッチンナイフ(黒,12PCS包丁セット)","8455","47","","3686","¥ 8,982","","1","B0DFH9KQK8","B0FZQHD4H9","40.7","16.4","8.8","1480"
"100pcs LEITE SC APC光ファイバークイックコネクター（切削工具付き）ファイバークイックアセンブリ再利用可能コネクターシングルモードメカニカルスプライスファストコネクターネットワーク機器用FTTH CATVアダプター","6549","61","","","¥ 8,000","","1","B091PSV92W","B09742C8ZS","15.2","12.4","8","380"
"VECOLARD 3mm 100枚入 VF013H オイル吸着マット 工業用 吸収シート 400 x 500mm 3mm","6551","56","50","13","¥ 8,380","","2","B0BYXJN7TC","","50","41","24","5000"
"サンワダイレクト デジタル騒音計 A特性/C特性対応 30～130dB 小型 収納ケース付き 400-TST933","6552","46","","20","¥ 5,980","","1","B0CBPBNNQ6","","22.7","13.1","6.4","330"
"HIOKI (日置電機) 絶縁抵抗計 IR4011-11 アナログメグオームハイテスタ スイッチ付きリードセット L9788-11 付属品 JIS認証 日本製 定格 単レンジ DC 125V メガー","6981","56","","4","¥ 26,936","¥ 26,936","15","B00B4THO5U","B0CBV9TC49","20","19.3","6.8","880"
"SII 超軽量・超小型 業務用 MP-B20 感熱モバイルプリンター & レジロール付きセット (レジロール6巻付き, セットレジロール数, 2, MP-B20-B02JK1-74)","6576","53","","6","¥ 20,150","","1","B0DCJ6QTV5","B0DCJDJDFR","18.5","12.2","8.7","180"
"ショーワグローブ 【ケース販売・作業手袋】 護(MAMORI)01グリップ Mサイズ 120双 滑り止め DIY 運搬 OD色","6578","72","","","¥ 43,140","¥ 43,140","3","B0CF8BB63Z","B0CFXJFQHW","41.3","36","31.6","6960"
"ほうきとモップホルダー 濡れたモップを移動可能 真空スタンド付き 床取り付けモップラック 床置き掃除ツールカートストレージ ガーデンガレージ学校、病院、工場、レストラン用 モップ排水ラック (黒, 6スロット)","6588","53","","39","¥ 6,500","","1","B0FNWJ9M75","B0FVRSF3J3","43.9","31.7","14.9","3370"
"【プロ料理人と刀匠が推薦】ARTISAN&Co.SEKI.JAPAN正規品 岐阜県関市製 包丁 プロが愛用する切れる包丁 シャープナー セット オールステンレス 庖丁 食洗機対応 両刃 (三徳185mm＋ペティナイフ125mm)","6589","66","50","7","¥ 11,800","","1","B0H23PFDDR","B0GVHVHQVZ","33.8","17","3.3","470"
"ガービー（Garvee） 段差プレート 段差スロープ アルミスロープ 高さ13.3cm 頑丈 分割式 車椅子 段差解消 耐荷重360kg 組合せ可能 玄関 倉庫 駐車場 出入り口","6603","38","","12","¥ 15,080","","1","B0FTFGC55R","B0DYDNV1FQ","90","19.5","15.5","10250"
"[コーコス信岡] GLADIATOR×VOLTCOOL G-4049 ボルトクール 日傘遮熱 ベスト（ペルチェ ネックホルダー付） 男女兼用 ディアゴグリーン L","12230","31","","6","¥ 5,038","","1","B0F6MQ399R","B0FJ17P44Q","41.1","27.9","3.4","260"
"[LLG Labware] 白衣 綿100% 男性用 M 9414346","6617","7","","","¥ 5,807","¥ 5,807","5","B08W4TGW49","B08W8LJTZ8","45.5","35.5","20","9080"
"ガービー（Garvee）油圧プレス 6 T 6トン 門型プレス機 圧入器 自動車 バイク オートバイ メンテナンス 脱着 整備 レッド","6916","44","","22","¥ 10,102","","1","B0H3PK6STM","B0H3PMGN14","95","46","12","24000"
"Lucky Straps 12インチ ブラック 調節可能 カラビナバンジーコード フック付き 8個パック","6939","28","","449","¥ 5,868","","1","B0CYC18W3Z","B0D3YZ1DDC","28.9","19.5","4.9","350"
"軍手工房 快適綿作業軍手 紳士用スリム 全長約24cm 120双(120ペア) 薄手13ゲージ 滑り止めなし 日本製 [017-120P]","8532","11","","38","¥ 17,935","","1","B083LLTTMC","B0B5TW5NZT","22.7","14.2","3","120"
"Jumei 業務用滑り止めマット ゴムマット PVC材質 吸水 ノンスリップ 転倒防止 耐久 屋外 屋内 通路 廊下 プール 浴室 ベランダ 施設 学校 店舗 マンション 駐車場 3m×90cm (グレー)","6637","43","","56","¥ 5,391","","1","B0CRR3DJJS","B0CKT8R61T","92","20","6.6","4960"
"[Daonaca] 【2026年最新 超高出力50V冷却プレート搭載 】ファンバッテリーセット 39900mAh PSE認証済 6段階風量調節 2種類モード搭載 日本製ブラシレスモーター採用 日本語取扱説明書付き [日本国内ブランド正規品]","6648","6","","52","¥ 8,980","","1","B0H121DZMJ","B0HCZKJBMT","27.1","21.3","6.2","1150"
"led蛍光灯 ベースライト バーライト 40形 T8 120cm 直管型 器具一体型 工事不要 スイッチ付き コード付き 昼白色 2本","6652","37","","58","¥ 5,349","","1","B0CHRZZW1R","B0CHS1BCCY","122","7","4","6000"
"TRUSCO(トラスコ) ゴム製すべり止めテープ 50mmX20M巻 G10-5020 × 22巻 【ケース販売】","6654","45","","249","¥ 111,667","¥ 111,667","1","B0B5ZJ8LM8","B09NWNH6SF","68","35","24","28600"
"【健康雑誌『安心』掲載 ! 】 防護服 使い捨て プラスチックガウン 個包装 介護用 フリーサイズ 使い捨てエプロン 介護 フリーサイズ (200枚)","6688","47","","38","¥ 10,431","","1","B0BTHNNV5M","B09VGQP3WJ","48","38","25","7300"
"広電 工業扇 三脚型 45cm アルミ羽根 首振り 折り畳み脚 高さ調節 3段階風量 羽根簡単取付 高さ112-137cm CFF452TMA","6692","72","50","19","¥ 7,896","","6","B09V4XFKHW","","62.9","52.2","19.9","6300"
"LED作業灯ノイズが発生しないワークライト (80W（ホワイト）)","6696","10","","5","¥ 6,980","","1","B07TSM4WDL","B0756DQ3V9","10","10","10","1000"
"トラスコ中山(TRUSCO) 木製平台車 ジュピター ベージュ 600×450 φ75 200kg JUP6045200","6699","44","","12","¥ 12,936","¥ 12,936","20","B079ZWXLSW","B09PBND968","61","46","11","4740"
"業務用食器洗浄機用リンス剤 マイアルファドライ 5㎏","6725","72","50","68","¥ 7,280","","4","B004X02T6G","","28.5","22.2","13.3","5240"
"JZOOOZ 台車 キャリーカート ハンドトラック 階段 【イエロー-ブラック，，サイズ 56*45.5*115CM】折りたたみ可能 軽量 持ち運び便利 小さい 荷物運搬 倉庫·農業·輸送·ショッピング·防災用·引っ越し· 旅行·キャンプ アウトドア 業務用キャリーカート 多機能 省スペース収納 段差対応","8565","19","","1","¥ 5,933","","1","B0GV43GS7H","B0H11LQGVQ","4","3","2","980"
"プロイル 業務用扇風機 工場扇 壁掛け型 45cm アルミ羽根 首振り 風量3段階 風量調節ひも付 羽根簡単取付 FHA451","6729","66","50","53","¥ 12,292","¥ 12,292","1","B087CFK6MM","B0H5JWZCGY","62","52.2","19.6","5300"
"トーヨーセフティー(Toyo Safety) ヘルメット取付式送風機 No.7703 白 ヘルメット本体別売","6732","44","","301","¥ 5,484","","8","B08WYY2YSK","B0BM6XVCD4","15.8","13.3","7.7","260"
"協和電線工業株式会社VVFケーブル 1.6mm×2芯 100m巻 (灰色)【在庫品】","6734","52","","19","¥ 13,580","","3","B00K7XS3MW","","37","37","10","8720"
"TRUSCO(トラスコ) 一眼型セーフティグラス(子ども、小顔用) TSG-309J × 20個 【ケース販売】","6600","15","","37","¥ 13,212","¥ 13,212","1","B0B5ZLVLVW","B0F48T5PKF","510","250","80","520"
"Siraya Tech Cast ジュエリー用キャスタブル3Dレジン, トゥルーブルー, 500g","8654","42","","920","¥ 5,099","","1","B0BCFTSQZ9","B0B2M65R2N","20.3","7.6","7.4","600"
"48V/42V高出力 ファンバッテリーセット 無敵な暴風 ファン付き作業服用 大容量30000mAh 急速充電4.5時間 ブラシレスモーター内蔵 長い使用寿命 暑さ対策 (48V 20000mAh 赤羽根）","6751","54","100","26","¥ 6,500","","1","B0CY9FST8P","B0GSF19B9R","24.6","13.8","8.7","790"
"絶縁抵抗計 UNI-T 絶縁抵抗測定 デジタルメガー 絶縁テスター LCDバックライト 100V/250V/500V/1000V UT501A","6757","37","","137","¥ 9,980","","2","B07CL1CHLM","","23.7","15","10.2","830"
"OWON SDS1202 デジタル オシロスコープ 2CH 200MHz 8ビット サンプリングレート 1GS/s メモリ長 20K FFT SCPI 30種自動測定 7インチ LCD ディスプレイ USB ベンチトップ 薄型 軽量 【国内正規品・3年保証】【日本語取扱説明書】【超入門テキスト付き】","6786","57","","13","¥ 35,640","¥ 43,311","2","B07NG78TVL","B0CX95HRMZ","37.2","19.6","11.7","1660"
"BSIDE 直流電流クランプメーター1mAの解像度真の実効値自動レンジング6000カウントテスター電圧電流抵抗周波数温度キャパシタンスメーターとバッククリップ","6787","36","","102","¥ 7,589","","1","B08CZCFHM6","B0B1MDPBDG","20.3","8.8","5.7","331"
"BBK 新型RF20SII (RF20S2) 424911 新型2500mAh 電動フレアツールセット(5/8、3/4ライナー付)","6793","41","","3","¥ 69,960","¥ 69,960","1","B0GWZSWFHX","B0GX9DGV12","45.5","37.6","12.4","4740"
"FXLKLUXE 調理台 ステンレス作業台 キッチン作業台 単層 201ステンレススチール製 板厚40mm 高さ80cm 滑り止め脚付き","7435","17","","11","¥ 8,698","","1","B0FCQY28F7","B0FCQRT5LP","52","32","18","5000"
"ABC商会 消っし隊 PRO KTS-P01","9318","14","","141","¥ 5,868","","1","B00P25FZUS","B08KSSXNC9","45.5","35.5","20.5","9000"
"HIOKI ACリーククランプメータワイヤレスセット CM4002-90 無線通信:通信距離 見通し10m","6800","60","","2","¥ 60,000","¥ 60,000","12","B08XMJFWH2","B09Q39SX2J","32.6","14.3","6.9","810"
"日医工 医療用潤滑剤 ヌルゼリー 100g 1箱10本入","6804","70","50","23","¥ 7,556","¥ 7,556","4","B09DP7R4LM","","23","15.4","9.8","1180"
"【国際規格認証品】改良版 等身大 人体模型 170cm 神経根有り 全身骨格模型 骨格標本 骸骨模型 人骨模型 骨格模型 ガイコツ 靭帯 全身模型 大学・病院・研究室 整体院 鍼灸院","6809","60","","39","¥ 22,300","","1","B0CBGWS7W1","B0FPLFM3Z4","97","45","29","9000"
"ユタカメイク #4000 特厚手ODグリーンシート 5.4m×7.2m OGS-414 防水 お花見 レジャーシート グランドシート","6810","33","","127","¥ 11,543","","17","B0746JVLD5","B0749LJGJY","42.4","37.6","14.2","8400"
"樹脂パレット プラスチックパレット すのこ 丸穴タイプ パネル PE製 耐荷重2000kg 高温および低温耐性 グリッド 軽量 連結式 厚手 押し入れ収納 湿気対策 布団 段ボール 倉庫保管 工場 冷凍庫保管 家庭用養殖適用 ブルー 100*60*5cm","5372","22","","","¥ 8,154","","1","B0GC34STYT","B0GC3C9SSL","30","30","5","23"
"TUIYIDUO 作業台 折り畳みテーブル ワークテーブル 180×74×74cm 頑丈設計 ガタつき防止 アウトドアテーブル 折りたたみ作業台 軽量 レジャー 完成品 多用途 屋外 室内 兼用 (‎ホワイト)","6822","10","","2","¥ 8,670","","1","B0G4NZBYZM","B0GQGL8G9H","95","75","8","11500"
"ADHES OPPテープ 粘着テープ 梱包テープ 透明","11341","33","","38","¥ 7,497","","1","B0BR39WZ35","B0BW3GTBSQ","41.3","31.9","23.5","7410"
"VCTF 2sq×3芯 10m 切り売り 灰色 300V グレー ビニルキャブタイヤ丸形コード 電線 ケーブル 2㎟ 3C","5808","39","","19","¥ 6,529","","1","B09XK73P8J","B0C5LMFPS3","22.1","20.2","8.8","1240"
"伸縮作業台 高さ調節可能 瞬速3秒設置 折りたたみ スパイダーレッグ ワークベンチ 軽量 組立不要 軽量 万能 作業デスク耐荷重約800kg ペケ台 DIY ソーホース BBQ 切断 拡張可能作業台 デスクブラケット ステンレス鋼製 (8脚)","6833","35","","10","¥ 6,102","","1","B0GWHJ2VGB","B0GWHHRG6H","91","27.5","15.3","5460"
"(まとめ)APMジャパン 床養生 貼ってはがせるプロ養生テープ ピンク 50mm×25m 30個セット [養生・マスキングテープ]","6834","48","","16","¥ 9,241","¥ 9,241","2","B0CKX41V7C","B0CV3W13C1","33","27","22.5","5500"
"浅香工業(Asaka Kougyou) 金象 静プラメッシュカー フットブレーキ付 PM200 樹脂台車 車輪径100mm 積載荷重200kg ハンドル折り畳み式 低騒音","6836","61","50","116","¥ 13,800","¥ 14,259","22","B06XBWQL4V","","84.5","50.2","25.1","11440"
"HIKARI LED作業灯 56W ワークライト 16連LED 7800LM 集光＆投光2in1 6000K 高輝度 8V-60V対応 12V/24V兼用 IP67防水 防塵 耐震 トラック 農業機械 建設機械 船舶 SUV 夜間作業用 LEDライト 10個セット 「A-Z16-Bx10」","11628","32","","34","¥ 8,820","","1","B0CSW7VPKW","B0CSWGY3GK","34.5","27","17.4","5150"
"TM303H622B [レシートプリンタ/スタンダードモデル/TM-m30III-H/ブラック]","6852","73","50","2","¥ 49,800","","6","B0CZ5LCN5V","","23.6","20.6","20.4","2280"
"共立電気計器 (KYORITSU) デジタルマルチメータ(プロフェッショナルモデル) KEW 1062","6853","50","","2","¥ 64,618","¥ 64,618","16","B00J2OTJ7K","B0F2SSHZMM","22.6","17.4","8.8","880"
"FIELDOOR 折りたたみ 台車 キャリーカート 車輪まで畳めるコンパクト設計 スリム 厚み 約8.5cm ハンドル高さ 3段階調整 荷崩れ防止ストッパー付き 滑り止め加工 小型 軽量 省スペース [ブラック×レッド]","6856","63","","77","¥ 7,650","","1","B0BVZDDYCC","B0F8VLG9L2","65.1","39.6","9.7","5100"
"[快適設計IBR] SOUCORE Mask-professional-マスク 5層 医療用 36箱セット クラスⅢ JIS規格 3d立体構造 息がしやすい メガネが曇りにくい 不織布マスク 個包装 80枚 男女兼用 ライトベージュ","7050","17","","57","¥ 40,700","","1","B0FJG1C95G","B0F1392935","15","14","13","80"
"TUIYIDUO 美容室ワゴン サービスワゴン 3段 引き出し付き 360°静音キャスター ブレーキ機能 ゴミ箱・洗顔ボウル付き サロン 診療所","6885","10","","2","¥ 6,550","","1","B0GS8WCL9D","B0GVJMX4C3","66","36","18","4000"
"Kailh Silent Purple Swallowtail Mini 静音 ロープロファイルキースイッチ 50個セット リニアスイッチ サイレント 30gf 0.8mm 高速入力 格ゲー レバーレスコントローラー用 ゲーミングキーボード用 メカニカルキーボード用 アイリス パープル【日本正規代理店】","8454","59","","36","¥ 5,999","","1","B0GSQNVC2C","B0GTWL39BD","15.3","10.9","2.4","60"
"ボンド FL200 3kg #40447 6缶入り","6892","16","","","¥ 22,267","¥ 22,267","1","B00VR1KVBE","B01M66HKVS","57.2","38.4","18.6","20080"
"JVCケンウッド JVC 防音 イヤーマフ ヘッドバンド式 調整可能 EP-EM70-B ブラック","6893","83","50","310","¥ 5,000","¥ 5,000","1","B07YD957BF","B07YNLXM9M","21","16","9.4","360"
"地下足袋 祭り足袋 たび 耐滑底 エアークッション 祭り 太鼓 エアージョグIII 小馳3枚","8780","20","","13","¥ 6,408","¥ 7,207","2","B0FGD42DHM","B0FGHJ2GS7","30.2","11.4","9.2","520"
"工進(KOSHIN) 4サイクル エンジンポンプ ハイデルスポンプ KH-50P 50mm(2インチ) ホンダエンジン搭載","6920","58","50","75","¥ 45,800","","9","B00Y1WF2UQ","B094NY5GVF","51.5","43","41","27180"
"広電 工業扇 据置き 床置き型 45cm アルミ羽根 首振り 3段階風量 羽根簡単取付 高さ60cm CFF452DMA","6925","66","50","29","¥ 8,150","","3","B09V4NG6WM","","55.4","52.5","33.1","6190"
"NF-488 LANケーブル テスター デジタル 多機能 LCD lanテスター PoE電圧電流テスト用 RJ45 配線チェッカー ネットワークケーブル連続性検査 lanチェッカー イーサネット 給電 スイッチング回路 POE検出器用","6945","64","","24","¥ 5,999","","2","B0BMVP866S","","22.5","11.6","4.4","320"
"[AI-WILL] 3D 立体不織布マスク ウィステリア bicolor 使い捨てマスク30枚入り×8箱(共计240枚) 個别包装 携帯に便利な ふつうサイズ (135×105㎜) (グレージュ×ブラック) 【全国マスク工業会会員マーク入り】","16666","9","","16","¥ 7,380","","1","B0DX1TNH4T","B0F7R5N47Y","37","32","26","150"
"エスコ(Esco) プラスチックパレット 2枚組 すのこ 床敷き用 通気性 湿気対策 園芸 ガレージ 物置 荷崩れ防止 1100×550×120mm EA985P-21","6953","46","","20","¥ 7,969","¥ 7,969","8","B07NGPCGNS","","111","55.5","24.5","8460"
"VVFケーブル 2.6mm×3芯 10m 切り売り 600V 国内メーカー品 ビニル絶縁ビニルシース平形ケーブル","7061","43","","28","¥ 11,246","","1","B0BX8C9H1P","B0BTHPS6Z8","26","26","8.1","2510"
"ボックスバンク【個人宅不可】 ダンボール（段ボール箱） 宅配 80サイズ 白 200枚セット 引越し・収納 白ダンボール FW07-0200","6956","41","","54","¥ 22,400","","1","B07GTZ8FQB","B0CP78JYQS","200","60","38","32000"
"愛知電線 VVF ケーブル3芯 2.0mm 10m 灰色 VVF3×2.0M10","6958","82","100","161","¥ 5,388","","4","B00N8A9U00","","17.8","17.3","6.3","1570"
"PATIKIL M12x25mmからM14x25mmへのダブルエンドねじ付きスタッドねじボルト、5パック304ステンレス鋼ロッドボルトねじレデューサーアダプター家具ハードウェア用","5310","17","","25","¥ 5,649","","1","B0D478354Y","B0FC4SZ7J4","11.9","6.2","2.4","210"
"AOCIR 段差プレート 段差解消 スロープ 滑り止め プラスチック+ゴム製 高さ10cm 17cm 20cm 23cm 25cm 27cm 30cm 駐車場 車庫 車椅子 自転車 ハイステップ 転倒防止 階段用 幅100*奥行50*高さ12cm","6968","7","","","¥ 12,999","","1","B0GW2JXQGN","B0GW2JRHJY","105","61","33","7500"
"FYY 脚立 4段 折りたたみ 耐荷重150KG カーボンスチール製 滑り止め付き ステップ台 花架・踏み台・はしご兼用 室内外対応 軽量 コンパクト 安定感 省スペース収納 踏み台 持ち運び便利 収納便利 多機能 洗車 大掃除（クリーム）","8091","27","","16","¥ 6,998","","1","B0GBWS9RVF","B0GBVCQKW8","119","43.5","6","5750"
"カシムラ(Kashimura) LEDワークライト16灯 48W 2個セット LED16灯 白色 48W 3360lm 6000K ノイズ対策 IP67 DC12/24V NML-108","6846","37","","53","¥ 7,631","¥ 7,631","1","B07DDD52ZV","B0FXLFSW3Y","16.4","15.2","13","1560"
"【デュアルレンズ】 DEPSTECH 先端可動式 ファイバースコープ 長さ3M 外径8.5MM 1080P 210°双方向回転 4.5インチモニター","6983","76","50","868","¥ 20,792","","1","B0GS5MJFFG","B0HFR2HJP5","43.4","21.3","7.4","1400"
"古藤工業 Monf No.890 梱包用布粘着テープ 黄土 厚0.22mm×幅25mm×長さ25m 60巻入り","7001","10","","101","¥ 13,273","¥ 13,273","1","B01HTH0CY0","B01LY2R997","38.6","27.4","26.5","11260"
"トラスコ中山(TRUSCO) フェライト磁石 グレー 外径55×厚み12mm 10個入り TF55RA-10P","7003","56","","288","¥ 6,755","¥ 6,755","16","B00B4T9VZG","B0CFZWM42Y","16.4","7.3","6.4","1118"
"ターピー クロステープ(養生用) クリア 100ｍｍ×25ｍ","7015","18","","22","¥ 8,009","","12","B00VHTNVPO","B0FNR8QH6S","41.2","30.3","6","2704"
"タジマ セグネス ３０１ Ｓ SEGNES301S","7023","49","","2","¥ 21,483","","13","B09JLD14BC","B0BWXK8CPD","36.3","28.9","17.3","3410"
"山善(YAMAZEN) 折りたたみ台車 プレミアムコンパクト 39×44cm 耐荷重80kg 【日本製】2輪走行可能 おしゃれ アウトドア 軽量 台車 平台車 オリーブ OTG-HS(OD)","7027","46","","153","¥ 7,998","¥ 7,998","2","B08G4F8GFL","B08GQPX51M","62","38","14","3000"
"リビングアウト(Living Out) 折りたたみバスケット台車 深型","7028","18","","240","¥ 6,487","¥ 6,487","3","B01LYGH5PU","","66","41","39","8280"
"水中ポンプ 充電式 マキタ18Vバッテリー互換性 550W 底部入水式 揚程12m 強力排水 4 m³/h 10mホース・2サイズアダプター・ホースフック付属 電源コード5m 清水用 軽量 ブラシレス 潜水ポンプ 水族館の給排水/ガーデニング/地下室/プール/灌漑/洗車/池水の循環 に最適【本体のみ・バッテリーと充電器別売】","7032","50","50","11","¥ 6,850","","1","B0GFWKKR6H","","27.1","20.8","16.3","2840"
"KIYOMARU 支柱から取り外せる頚椎付き頭蓋骨模型 等身大 人体模型 頭蓋骨模型 理学療法士監修 神経と椎骨動脈付き","7046","67","","27","¥ 7,980","","1","B0D6DG6ML2","B0GGY783KW","26.9","23.2","18.9","1320"
"Mokiland ダストカート 折りたたみ式 内胆は取り外し可能 大容量 ホテルリネンカート 防水生地搭載 360° 静音キャスター ブレーキ機能付き","9184","30","","3","¥ 14,380","","1","B0GT4YB8SB","B0GX9DMF5S","90","73","14","9500"
"TRUSCO(トラスコ) 遮光ネット遮光率65% 2x2m TSN65-22 × 30枚 【ケース販売】","7070","51","","53","¥ 23,896","¥ 23,896","1","B0C4TKQ123","B0CGQQ69NX","56","46","34","9000"
"アズワン クリーンブーツ クラス100 ファスナー付き ロングタイプ 28.0cm クリーンルーム","7071","24","","39","¥ 5,004","¥ 5,098","14","B0746QTJB8","B07D36YX6M","31.6","14.8","11.9","640"
"コニシ ボンド 木工用(ポリ袋) CH38 3kg 4袋入り #40250","7076","88","50","18","¥ 6,080","","8","B07L9RYKLV","","31","22","6","12000"
"ライオン グリースサットル 20kg GRSST20J","7076","44","","22","¥ 5,200","","13","B00WJ6ND34","","42","36","17","21500"
"アズワン 磁製乳鉢 φ300mm 乳棒付き /6-549-08","7077","43","","189","¥ 23,166","","7","B01LXE4C4C","B09NVPKQRF","34.9","34.3","20.7","9270"
"HFS(R) 吊りはかり デジタルスケールクレーン 計量器 携帯式 吊秤 500kg 商売用 産業用","7081","38","","10","¥ 6,200","","1","B0D1Q66BWG","B0D1QN5498","21.8","14.5","8.4","920"
"トルソー 男性 高さ調整 148～208㎝ 上半身 腕付き 木製 Lサイズ メンズ 紳士 マネキン 洋裁 ディスプレイ iimono117 (腕付)","7084","41","","5","¥ 12,480","","3","B0D4YPBVRR","B0GX8Y4GXY","80","50","30","6000"
"サンエイ化学 精製水 呼吸器用 精製水 CPAP用 20L×20箱 コックなし 水素 酸素 吸入器 在宅酸素用 高純度純水","8522","24","","28","¥ 58,454","","1","B09DCHDV3D","B0DKFY9X96","30","30","30","400000"
"花岡車輌 ゴム [フラットカート] F-CART 2×4 フラットカートツーバイフォー マルチ","7099","74","100","311","¥ 11,998","¥ 11,998","22","B08K4FT8HW","","66","40.6","12.6","8140"
"セメダイン(CEMEDINE) ハイスーパー30 エポキシ接着剤 30分硬化型 80gセット 金属 陶磁器 ガラス CA-193 10個セット","7102","46","","2","¥ 15,414","¥ 15,414","1","B093VVLKZT","B0CSP5N48Q","13.6","13.4","12.4","1120"
"TRUSCO(トラスコ) L型アングル60mm角 1200L ネオグレー 60-1200-NG × 10本 【ケース販売】","7128","44","","28","¥ 13,653","¥ 13,653","1","B0C4TKKB4Y","B0CC7VKXGQ","125","11","8.8","18795"
"はかり デジタル デジタル台はかり はかり 折り畳み式 充電式電子秤 日本語インターフェース 農業、育種、工業で使用される (100kg)","7106","45","","29","¥ 7,949","","1","B0DJNFKQC3","B0DJNGY4DL","65","31","15","5500"
"3M No.243J PLUS マスキングテープ 30mm×18M 40巻入","7111","34","","19","¥ 5,038","","6","B00CL6WMLG","","28.2","13.9","11.9","1960"
"ナンシン サイレントマスター (積載荷重300kg) スペシャルブレーキ付き ブルー 【限定モデル】 YNC-9060B(BL)","7114","18","","5","¥ 20,899","","1","B07GWP7729","","90.3","59.7","27.3","17050"
"平台車 縦横連結 60*40【2台セット】耐荷重300kg 滑り止め付 固定バンド付属 360°回転 大型静音キャスター 小回り良好 軽量 ホームキャリー クローゼット/リビング/オフィス/事務所/工場/倉庫 【REACH DEMAND】 (ブラック, 2個セット)","7116","43","","19","¥ 8,800","","1","B0CV39FNL5","B0DLW29811","64.5","42.7","17","9000"
"熱収縮チューブ 13mm 内径φ13mm 印字無しで綺麗☆ 収縮比率2:1 (13mm→6.5mm) シュリンクチューブ 絶縁チューブ 防水 高難燃性 収縮チューブ (20M, クリアー（透明）)","7121","38","","66","¥ 5,180","","1","B0BRH5KLDL","B082KYZYX5","10","7","1","10"
"Creality K1-Max-2025 3Dプリンター,600mm/s高速印刷 自動レベリング AIエラー検出 デュアル冷却 Core-XY","7146","41","","","¥ 151,999","","1","B0GMGSLZRN","B0FW5DSWNR","62","51.5","51.5","16600"
"TRUSCO(トラスコ) プロテクターツールケース(ロングタイプ)用緩衝ウレタン TAK-1133-K","7151","50","","1","¥ 12,849","¥ 13,168","14","B00Q4SKOWG","B0BS2ZNQ6X","109","40","14","1000"
"EastEamily ガチャガチャ 本体 ガチャマシン 2段式 多サイズ対応 100～400円で価格設定可能 店舗用 日本語取扱説明書付き","7155","3","","2","¥ 45,980","","1","B0H73Y3RW8","B0HFW1B1ZN","127","45","33","16000"
"ルシパックA3 Surface 100本入 (ATPふき取り検査システム) 60361 / 2-8524-12","7160","59","","45","¥ 23,540","¥ 23,947","6","B07GBMLGD2","B07GN92GJG","21","15","11","860"
"FieldNew 高精度はかり・デジタルスケール【風防・分銅付き】0.001g単位/最大300g AC充電式(最大40時間) 校正機能/風袋引き機能/計数機能 日本語説明書・保証書付き｜デジタルスケール 精密スケール デジタルはかり｜実験 薬 宝石 塗料 ハンドメイド 工作 ペット","7161","40","","28","¥ 14,220","","1","B0GQRQ1FS6","","28.2","23.9","13.9","2220"
"ボックスバンク ダンボール（段ボール箱） 宅配 120サイズ 白 20枚セット 引越し・収納 白ダンボール FW05-0020-a2","7178","46","","125","¥ 5,815","¥ 5,815","1","B0CH2T2ZYN","B0CP77BYX8","81.5","67.5","16","20000"
"DIY 水回り 撥水 コーティング【 ウィルコート DIY 水回り用 】 プロ仕様 ガラスコーティング剤 常温硬化 指触乾燥30分 [特許技術採用・ 日本製 ] (25mL×2個セット)","7184","42","","84","¥ 8,820","","1","B0G6D3VGMV","B0G7XFYHKG","10.4","10.3","10.3","300"
"山善(YAMAZEN) 木製平台車 90×60cm 大型 取っ手付き WD-9060","7190","39","","27","¥ 5,118","¥ 5,118","2","B0171CNAZQ","B07GTCL22C","90","60","13","6980"
"[UNITE] ミズノ(MIZUNO) メディカル ドクターコート 診察衣 メンズ 医療用 白衣 【(ユナイト) MZ0176-2 ピンク M","7196","21","","46","¥ 5,320","","3","B07C1QFWBF","B07C26D2VY","48.2","32.9","1.4","420"
"SKY TOPPOWER 直流安定化電源新型DC電源可変式,32V 10A、USB-C対応、PC制御、18W急速充電,OCP,ロック機能,Type-C","7199","51","","22","¥ 7,648","","2","B0GQGYCYQY","","29","17.3","12.4","1488"
"TOWEBOORY オイル吸着マット グリストラップ 油吸着シート 2mm厚 油拭き 業務用床・カーペット清掃用品","7204","41","","15","¥ 5,396","","2","B0H1MFS2T2","B0H1MPCT6T","47.3","41.5","15.2","3770"
"マツ六 ECLE システム手すりシリーズ エンドブラケット ゴールド お得10個入 EL-27G-10","5178","59","","4","¥ 5,148","¥ 5,973","6","B013QOIF26","B01GO1ZF1C","20.8","11","9.2","1240"
"マスカーテープ 550 マスカーテープ 1100 養生テープ 透明 布テープ マスカーフィルム ますかーテープ (1100mm×20m 50巻)","7217","48","","2","¥ 13,440","","1","B0H2V16L11","B0H7RBCZPW","37","17","16","4800"
"タジマ 新規格安全帯 胴ベルトMサイズ 黒 BWBCM125-BK 長さ125cm カーブ形状が体になじみやすい 衝撃や耐久に強い鍛造ワンタッチ黒バックル 腰の強い特厚ナイロンベルト","7228","44","","74","¥ 6,515","¥ 6,515","24","B07NDHV3R3","B0BHZ6LJDC","28","10.5","5.8","430"
"NAMIYA ゴムマット 屋外5mm厚×1m幅×2m 駐車場用 ガレージマット 防振 振動吸収 滑り止め 電絶縁性 工業用","7238","47","","44","¥ 5,780","","1","B09XQFWPR8","","103.2","18","17.7","16070"
"寺田ポンプ 浅井戸用ホームポンプ THP-150(60Hz)","11919","42","","201","¥ 62,257","¥ 62,257","13","B0020PJL6W","B08TN3JSP8","51.3","38.7","38.5","15320"
"ブレイン純正 感熱ロールペーパー (幅58mm×外径60mm×内径12mm) (20個) S586012(20)","7248","50","50","18","¥ 5,500","","1","B09D7JC1G8","B09D7MKPR7","31","25.1","7.6","3100"
"日東電工 養生用テープ さくら色 50mm×25M 30巻入 No.395N","7252","47","50","26","¥ 12,227","","4","B00DZG3NS2","B01MTDEMXT","34","27","24","5680"
"Wichard(ウィチャード) シャックル(Dシャックル)HR強力型(17-4PH ステンレス製) ステンレス ピン径 10mm 破断強度 6t 322208 [並行輸入品]","7258","40","","","¥ 8,920","","2","B07NF3FK1F","B07NVHQL64","10","5","5","120"
"Tappros サービスワゴン キッチンワゴン ステンレス キャスター付き ストッパー付 3段 落下防止 快適なハンドル 組立簡単 収納 キッチン ホテル","7260","47","","27","¥ 12,390","","2","B0DZXJ3Z1H","B0DZXHJ871","78","42","24.5","8850"
"hecef 牛刀包丁 67層ダマスカス鋼 203mm 青色樹脂×スタビライズドウッド柄 果物・野菜・肉用","7264","53","","23","¥ 5,264","","1","B0F9K3MSB1","B0F9KB1XRB","36.4","8.7","3.4","430"
"ベストアンサー スリングベルト ナイロンスリングベルト 50mm 使用荷重 1600kg 繊維ベルト 工具 仕事 効率化 安全性 向上 道具 園芸 出荷 引越し 警告線付き 強度 2m 10本セット","7281","34","","47","¥ 8,780","¥ 8,868","2","B01LYPT8F0","B01MEEG0M5","34","32","26","6900"
"ショーワグローブ 【ケース販売・JIS T 8116準拠品】 CD700 ニトリルゴム製化学防護手袋 使いきりタイプ 100枚×10函 XLサイズ ブルー パウダーフリー 左右兼用 ニトリル手袋","7525","55","","6","¥ 30,149","¥ 30,149","2","B0DPWS31K3","B0FFB6XYL9","41","26","25","9100"
"【LOL-FUN】養生クッション ， マット 引っ越し 運送シート 荷物の運搬 緩衝材 養生クッション 傷防止 防音 埃よけ 滑り止め 養生毛布 破れに強い 平パッド 家具パット 緩衝布団 ラグパット 引き裂きに強い (ネイビー, 180x270cm)","7300","9","","8","¥ 5,298","","1","B0H1ZV5YJG","B0H1ZRRXWC","32","30","30","3700"
"3M セーフティ・ウォーク すべり止めテープ タイプA 黒 25mm幅x18M A BLA 25X18","7302","43","","131","¥ 6,930","¥ 6,930","1","B019VYFZLO","B09WVBBMJY","18.7","18.3","3.7","550"
"Victorian Mask AIR 通気性マスク 3D立体 不織布 120枚 個包装｜通気性3.2倍 息がしやすい 蒸れない サンドベージュ×ワインレッド PFE99% 花粉・PM2.5・黄砂 ダイヤモンド型 メガネ曇らない 日本ブランド","11763","18","","18","¥ 5,880","","1","B0CZXX7Z38","B0D62SLL1M","33.1","24.6","15.6","1110"
"【箱売り】 コニシ キッチンパネル用 333ML 20本入り 大箱","8169","6","","58","¥ 15,000","","1","B0BVR56K8N","B0C5CNSSGS","33","26.5","21.5","12000"
"【復刻版】デリバリー バッグ ウーバー イーツ delivery bag 配達 保温 保冷 ロゴ ホワイト グリーン 白 緑 大容量","7343","37","","6","¥ 6,700","","1","B0GQ9F5681","","46","46","31","3000"
"【ケース販売】 クレシア ワイプオール X50 ハンディワイパー 100枚/パック ×16パック入 薄手素材の不織布ワイパー 水やアルコールに濡らしても破れにくい素材 60520 ホワイト","7353","35","","195","¥ 9,500","","3","B0711LK7ZX","B072K4H9Z3","50","31.2","22.4","4900"
"RIKADE 多機能はしご 3.5ｍ アルミ 多関節脚立 専用プレート3枚付き はしご兼用脚立 伸縮はしご 足場 作業台 折りたたみ コンパクト 持ち運びに便利 掃除 雪おろし 洗車 ガーデニング 軽量 耐荷重150kg","7359","47","","244","¥ 12,799","","1","B09NBXPC7H","B0CCJ3PCYF","95.5","37.3","28","17200"
"ヘイコー 箱 デラックス 白無地ボックス H-34 31x46x7cm 10枚","7360","48","","","¥ 6,345","","5","B01FWYBERG","B06XYJJSM2","90","75","2","399"
"IDVAN スイッチング電源 直流安定化電源12V/50A/600W 過負荷電圧遮断 大容量電源 安全保護 回路 装置 日本語製品説明書付き (12V 50A)","7373","42","","14","¥ 5,999","","2","B0CHRNR259","B09QKRXYCT","25","14.8","7.2","920"
"川上産業 プチプチ 緩衝材 ダイエットプチ d40L 三層品 幅1200mm×全長42m ナチュラル(半透明)","6403","38","","151","¥ 6,665","¥ 6,665","2","B005ZZ4H4A","B06XFS4HLL","120","40","40","4300"
"丸長商事 パワーテック 防水&防さび保護コート剤 水性 4kg","7388","60","","172","¥ 6,382","¥ 6,382","13","B007K0QRV4","B01CTU39Z6","28.5","18.9","12.1","4250"
"Garvee 台車 折りたたみ 耐荷重120kg キャスター付き 家庭用・業務用 スーパー 倉庫 引っ越し アウトドア 60×38x83cm グレー","12447","17","","10","¥ 5,980","","1","B0H3642BNN","B0H361Y6T3","77","39","14","5500"
"Duyalinya 集塵機ホース ダクトホース 木工 DIY、サイクロン 集じん機 自作、工業用 排気 透明・静電気防止・耐熱 耐寒性フレキシブルダクト（ステンレスバンド付き）(6M,内径130mm)","20971","5","","","¥ 5,958","","1","B0GTW5VRMX","B0GTWB4V83","60","50","50","2000"
"GRIPLUS（グリップラス） 極薄・強力 滑り止めシール GRIPLUS ヘキサゴン（六角形） はがきサイズ (5, グレー)","7413","24","","117","¥ 5,022","","1","B0F887GPHX","B0CSFSHRKN","15.3","10.5","1.6","60"
"オムロン(Omron) スイッチング パワーサプライ S8VSタイプ S8VS-06024","9469","44","","8","¥ 9,196","¥ 9,196","7","B005TCYSUW","B07KFT568J","18.5","15.8","8.5","406"
"[Dream in Tokyo] 小林薬品 N95マスク ホワイト NIOSH認証品 1箱20枚 N95 防護マスク 高機能・4層構造 頭かけタイプ ストラップ調整可 高耐久性フィルター 折りたたみ型 個包装 敬老園 学校 病院 介護 職場 通勤など ウイルス飛沫対策 アルミノーズクリップ (ホワイト3箱セット)","7680","15","","","¥ 6,980","","1","B0C8MBT4MY","B0CBRCNSWK","16","13","12","10"
"Schwer 3 Pairs ANSI A6 Cut Resistant Gloves CR7120 Cut Proof Work Gloves, Touchscreen, for Men and Women Used for Woodworking, Glass Cutting, Construction, Cargo Handling, Car Repair, L","7532","25","","756","¥ 5,872","","1","B0B78D6RMS","B0F84252LK","15.3","11.6","6.4","180"
"トミーグローバル 超硬 スクエア エンドミル 刃径 6mm 全長 100L 2枚刃 TiAlNコート/ TG1014 【3個セット】","7434","15","","73","¥ 7,700","","1","B093PSYVR7","B07ZN8SGM3","10.8","4.2","1","120"
"ベストアンサー 仕事 効率化 安全性 向上 スリングベルト ナイロンスリングベルト 使用荷重 2400kg 繊維ベルト 工具 道具 園芸 出荷 引越し 警告線付き 強度 75mm 6m 2本セット","7449","48","","116","¥ 6,480","","2","B09HZTHVQ3","B09HZQMP5L","36","21","17","5830"
"ホワイト 養成シートロール ブルーシート ロール 薄型＃1200 軽量タイプ 幅1800mm×30ｍ巻き 1本 保護シート・防水性に優れ","12673","19","","1","¥ 5,277","","1","B0GD2DBJDW","B0GD2CGZML","92","8.5","8.5","4000"
"Chitu Systems PFAリリースライナーフィルム Hoopat X5 LCD 3Dプリンター用金属樹脂タンクAnycubic Photon M5s/Photon M5/Photon M5 Proに対応（5枚PFAセット）","8575","19","","1","¥ 5,799","","1","B0F29KQQZ4","B0F29LXZ19","31","23","1","300"
"カモ井加工紙 千鳥 建築用マスキングテープ 幅30ﾐﾘX18M(4巻） 10パック","9602","36","","8","¥ 6,300","","1","B0C2TQ1HJH","B0C2YQM94F","29.6","13.2","12.1","2205"
"ADHES OPP粘着テープ 透明テープ 梱包テープ ガムテープ透明","11550","45","","83","¥ 9,040","","1","B0BR39X6P3","B0BSNV7TKZ","40","40","39.9","9020"
"ミッシェルクラン ワンピース 女性用 スタンドカラー フロントファスナー 膝丈 ベルト付 動きやすい [透防止/制電/ストレッチ/制菌] 美容 病院 メディカル クリニック 受付 歯科 制服 MICHEL KLEIN MK0021 C-83 クリーム L","7460","20","","24","¥ 9,136","¥ 9,136","4","B07TJRH5VB","B0C76YYYDC","31.5","24.4","4.3","430"
"STANLEY(スタンレー) 段差対応 折り畳み式 伸縮機能付きハンドトラック SXWTD-FT584","9384","48","","470","¥ 7,113","¥ 7,113","8","B07R7VXX5C","B0DFF26M3B","76","41.2","7.7","4160"
"新潟精機 SK 日本製 鋼ピンゲージ 単品バラ AAタイプ 全長50mm AA 25.85mm","39953","11","","13","¥ 13,300","¥ 13,592","4","B073FBY17H","B074P71NJ8","45","35","20","8000"
"コニシ ボンド 高性能石材用 100gセット 灰色 10セット入り #05407 化学反応型接着剤 ジェル状2液混合型","7468","36","","1","¥ 11,500","¥ 11,616","2","B00W10D8LA","B078FTKY5C","34","14.5","8.1","1560"
"デンサン ドラマワール ドラム・作業用回転台 4.9kN(500kgf)用 万能型(乗せるものを選ばない) DR-450N","7472","21","","110","¥ 13,440","¥ 13,440","29","B0064Y5TSO","B08GCWMYMN","45.3","45","2.5","3400"
"レバーホイスト 1t 1.5m チェーンブロック ガッチャ1000kg 荷締め機 ガッチャ がっちゃ 滑車 ホイスト 固定工具 収納バッグ付く1個 【1t*1.5m】","7500","31","","28","¥ 7,980","","1","B0FDVJQZJD","B0FDWVXYHR","38.3","19.5","15.8","7000"
"長谷川工業(Hasegawa) BLACK LABEL はしご兼用脚立(ワンタッチバー付) RHB-12a (1.10m) (10917) 4段","7507","67","","145","¥ 15,265","¥ 15,265","16","B09F9PPPNT","B0GR59ZHG2","119","52","18.3","5300"
"TRUSCO(トラスコ) フェニックスワゴン 600×400 3段 Φ75ゴム車輪 W色 PEW-963-G75-W","7509","37","","65","¥ 19,252","¥ 19,252","20","B00SWNQWEK","B09PBPQ3KN","78","41","22","13230"
"BACOENG 真空チャンバーキットです 真空ポンプセット 2L 樹脂脱気 真空脱泡機 レジン用 100V 真空脱泡器","7518","53","","66","¥ 17,999","","1","B09V12NSLH","B0FYPRX9QN","38.8","34.2","30.7","7830"
"Kasurawa 電動モップ 高速回転230回/分新モデル コードレス回転モップクリーナー 水噴射1台4役 充電式 軽量片手でラク操作 替えモップ6枚","7522","31","50","51","¥ 7,380","","1","B0FL11XKX4","","36.7","31.4","13.4","1700"
"ワークライト，充電式作業灯，1550LM、LED磁気ライト、全範囲調光対応、5000mAh Type-C 3時間のType-C急速充電、IP65 IK07 UV、整備士・ガレージ・現場作業などの過酷な環境向け。GRAVPWR F8 (グリーン)","7834","1","","2","¥ 5,399","","1","B0H7PBDWQN","B0H7SMKGM5","19.3","7.8","4","300"
"サンエイ化学 カートリッジ純水器 スタンダードタイプ TDSメーター付き 低床タイプ カバー付き CPD-12TEC-TDS イオン交換樹脂 洗車 (ホースなし, 12L)","7524","52","","350","¥ 20,000","","1","B0CT2JVN3K","B0DMSJ5LGD","52","27","27","15000"
"パナソニック(Panasonic) 天井直付型 天井吊下型 LED 誘導灯 両面型・一般型(20分間) 表示板別売り リモコン自己点検機能付 自己点検機能付 B級・BL形(20B形) FA20322CLE1","7533","41","","10","¥ 9,800","¥ 12,032","13","B0BBFMFF68","","27.7","23.1","5.9","950"
"シンワ測定(Shinwa Sokutei) モニタリングスコープ E 3ｍ φ5.2 ポータブル4.3インチ液晶 74190","7535","8","","70","¥ 13,812","¥ 13,812","23","B0BKG937PC","B0C4T7J3DC","18.7","11.6","6.6","660"
"TRUSCO(トラスコ) 手締用PPバンド 15.5mm×1000m巻 青 TPP-155-B × 5【ケース販売】","7543","34","","96","¥ 17,328","¥ 17,328","1","B0C4Y3LMY2","B0CB5B6M9Z","57.3","34.5","34.5","18540"
"HIOKI (日置電機) 3246-60 デジタルマルチメーター","7546","60","","297","¥ 7,109","¥ 7,109","15","B00762GQDU","B084K3C8C7","21.8","4.8","3.5","110"
"【300枚セット】トレカ用 2つ折りダンボール 折れ防止 トレカ梱包 トレーディングカード トレカ厚紙 厚紙 トレカ (300)","7554","32","","5","¥ 5,980","","2","B0H18T9VFG","B0GZ5V4S81","25","21.2","16.5","2270"
"愛知電線 VVF ケーブル3芯 2.0mm 15m 灰色 VVF3×2.0M15","7582","59","50","76","¥ 7,317","","3","B00N8ABLS4","","21.3","21.2","5.7","2370"
"Vanzbon 5段ラック棚、ワイヤーラック、幅76×奥行35.5×高さ155cm","7592","10","100","177","¥ 6,999","","1","B0FZBCHVG8","B0F142YCW7","77.9","37.8","18.7","8740"
"LED作業灯 12V/24V兼用 96W 48连 30000ルーメン 広角狭角一体型 LEDワークライト LED作業灯車 アルミニウム鍛造技術 IP68防水LED作業灯 角形ATV/SUV/トラック/現場作業 汎用作業灯 車外灯 デッキライト 農業機械 補助灯 2個セット 責任者売り手2年","7594","23","","63","¥ 6,999","","1","B09BQBVT5Y","B0CP7G2QS4","30.6","12.4","6.9","1070"
"高天井照明 240W LED高天井灯 [1.5M配線プラグ付] 100-277V 6500K昼光色 33600LM(2000W水銀灯相当）UFO型ハイベイライト[2年保証] IP65防水防塵 LED投光器 掲示板 作業灯 駐車場 運動場 工場照明 倉庫 天井照明 体育館 展覧会 屋内屋外兼用 PSE認証","7600","49","","11","¥ 13,515","","1","B0B2ZQFDF9","B0CN1FQMWG","34.9","34.7","16.5","4490"
"共立電気計器(KYORITSU)ペン型絶縁・接地抵抗計 KEW 6041BT","7604","47","","31","¥ 50,109","¥ 50,109","13","B0BF8NTJJK","B0F2STZZ7P","26.5","14","5.9","610"
"スリーエム(3M) 3M 使い捨て式防じんマスク 8577-DL2 10枚入り 国家検定合格品 8577 DL2","7614","57","","4","¥ 6,764","¥ 6,764","7","B002P8CLEI","B07L63CLZJ","24.2","16.2","12.7","300"
"UNI-SHINE 32インチカーブLEDライトバー 195W 40000LM C字型トリプルロウライトバー 12V/24V汎用スポットフラッドコンボビームLEDドライビングライト IP68防水車用高輝度オフロードライトバー トラック ピックアップ SUV UTV ATV トラクター 4WD マリン用 売り手","11750","33","","73","¥ 10,700","","1","B086W379CH","B0CSN4H1JL","82","9.5","8.5","2360"
"TRUSCO(トラスコ) ステンレスワイヤロープ Φ1.5mmX10m CWS-15S10 × 20巻 【ケース販売】","7628","52","","125","¥ 19,940","¥ 19,940","1","B0C4T88DCX","B09PBH4BNX","83.3","14","3.3","1880"
"LED作業灯 12V/24V汎用 360W 52インチ LEDライトバー 車 C字型 広角狭角発光 6000k IP68 防水LEDワークライト LED投光器 車角形 ATV/SUV/トラック用品 現場作業 汎用作業灯 車外灯 デッキライト 農業機械 補助灯","7633","17","","170","¥ 13,298","","1","B08XXGRKL6","B0CP7NBM8D","136","13","10","2900"
"TRUSCO(トラスコ) スーパーアルミ箔粘着テープ ツヤなし 幅25mmX長さ50m TRAT25-2 × 60巻【ケース販売】","7634","19","","3","¥ 69,337","¥ 69,337","1","B0C4XY4KK4","B0C93X2P6Z","42","28","26","15800"
"ALTENA クリアキューブ高速製氷機 四角い透明氷 クリア氷 キューブアイス 四角い氷 溶けにくい 最短6分 家庭用 コンパクト 氷サイズ13種類 自動製氷機 製氷器 タイマー機能 簡単操作 パネル式 氷 アイスメーカー 大人数 災害時 (ピュアホワイト, ICE-CB01-WH)","7641","76","","2","¥ 21,660","¥ 25,080","2","B0GYS5L2Z4","B0H6B62G8V","70","55","55","5000"
"積水化学工業 セキスイ クラフトテープ #500 50mm×50m (1ケース50巻入) K50X03","7643","58","50","18","¥ 11,000","","3","B00NON02JE","B07FWFKBQM","63","26","26","14780"
"(STRAIGHT/ストレート) コンプレッションテスターセット 15-6300","7660","60","","264","¥ 5,970","","1","B00GUDDTAO","","27.4","22.3","6.1","890"
"TRUSCO(トラスコ) 樹脂 台車 アクロキャリー 600×390 ピンク ストッパー付き AC-1-P-S 折りたたみ 軽量","9205","45","","99","¥ 5,345","¥ 5,345","19","B06WLGFN68","B09PBLNQRN","90","39","15","4140"
"Flemoon アウトドア防水電気ボックス4点セット 電源ストリップ用","7587","7","","23","¥ 8,777","","1","B0DMW6RLKP","B0DFDGLJDK","35","24.3","13.4","1160"
"Callovo Wireless Clear Call Button for Elderly at Home Caregiver Pager Reset Button ONLY Compatible with Callovo Central Receiver Unit Nurse Call System for Nursing Home Service Staff Office Clinic","7683","60","","3","¥ 10,062","","1","B0BFGSJMXX","B0CJ2C43QM","7.2","7","3.6","50"
"気密防水テープ ブチルテープ pvcビニルテープ","7690","60","","47","¥ 8,237","","1","B0G1XT1SMJ","B0G1YJJPY6","47.3","22.6","17.8","7570"
"武林興業 アルミアングル L字型 不等辺 シルバー 厚み2MM 幅50MM 縦20MM 長さ1000MM 10本セット","6352","19","","96","¥ 12,800","","1","B09NY7LRCV","B09NY61BXM","120","50","30",""
"STEEL-LAND 2WAY カゴ台車 大型 90×60×50cm ブレーキ付き 耐荷重400kg 運搬車 静音 リヤカー 折りたたみ式 ブラック [並行輸入品]","7696","56","","3","¥ 17,000","","1","B0GF85GH15","B0GL1N3W49","92","65","22","16360"
"ONEON 家具移動ヘルパー キャスター付きドーリーセット 重い家具の移動 便利グッズ 耐荷重300kg - 連結可能モデル追加4個パック","7717","55","","421","¥ 5,990","","1","B0GFVQHJQT","B0H9L36TJN","38.1","16","12.6","2970"
"世界で一番薄い0.9mm 電気ケーブル フラットコード flatcode (白, 7m)","9364","27","","176","¥ 58,366","","1","B00SNKP5I6","B0B8XH7FZD","10","5","5","200"
"クレーンスケール 吊りはかり 3t 高精度 充電式 リモコン付き 3000kg リチウム電池 デジタル吊り下げ秤日本語説明書 (3T)","7722","30","","8","¥ 18,750","","1","B0DCVKB6XS","B0F5BC5W82","50.7","31.8","26.3","10260"
"TRUSCO(トラスコ) カラーポリ手提げ袋M 0.08X300X450 黒 20枚入 F-3045BK × 20袋 【ケース販売】","7726","41","","44","¥ 26,992","¥ 26,992","1","B0C4T42MQZ","B0CC82FDWL","34","26","15.5","7600"
"【箱売り】APMジャパン 貼ってはがせるプロ養生用テープ 建築・塗装 白(半透明) 50mm×25m 30個セット","7740","44","","22","¥ 9,752","¥ 9,752","1","B0CKX8JR9G","B0CV41PDCK","33.7","27.7","23.6","5260"
"ミツトヨ 標準形ダイヤルゲージ 2046A","7747","44","","50","¥ 5,089","¥ 5,668","19","B08X8GS8HT","","12.9","8.3","5.9","191"
"日立 掃除機 お店用 強力パワー360W 軽量タイプ ブロワー機能搭載 集じん容積12L 布フィルター CV-G1200","7756","78","","167","¥ 27,000","","39","B004FUNI64","B084428KVX","50.4","43.2","36.6","8200"
"山本光学 YAMAMOTO CV-737 高視認 メガネの上からかけられる オーバーグラス 保護めがね 検品 検査 塗装むら判別 上部クッションバー 角度調節 / 4段階 クリスタルブルー PET-AF(両面ハードコートくもり止め) 日本製 紫外線カット","7760","57","","147","¥ 5,200","¥ 5,794","15","B083XMMJNG","B0H8SL69S2","19.3","15.8","7.8","130"
"未来工業 ビニル電線管付属品 プールボックス 型式:PVP-2515K","9555","36","","33","¥ 6,709","¥ 6,709","2","B01F8ETSVE","B071HXPXQR","26.3","26.2","18.3","1550"
"UFO型 LED高天井灯 LED投光器200W 高輝度 32000lm【2000W水銀灯相当】ハイベイライト IP66防水防塵 防寒 掲示板 体育館 展覧会 駐車場 運動場 工場 倉庫 高天井照明 屋内屋外兼用 ビーム角120度【プラグ付 3M配線】【PSE認証】50000H(200W)","7770","38","","29","¥ 11,049","","1","B08Y6P1S65","B09NCVQ5CD","50","42","16","4550"
"SUNLU Official Filament Dryer S2 フィラメントドライヤー 黒色","7773","41","50","10","¥ 7,499","","1","B0FBWJDJC7","","30.4","28","12.5","1520"
"[OBOROZUKI] ランヤード 2丁掛け 巻取り式 新規格安全帯 フルハーネス用ダブルランヤード ロック装置なし巻き取りタイプ 墜落制止用器具","7787","61","50","17","¥ 8,549","","1","B0FBWCRRC3","","23.7","16","13.5","1580"
"GOYOJO サーモグラフィー サーマルカメラ 赤外線カメラ iOS15.0以上／Android7.0以上対応 192x192 IR解像度、25Hzフレームレート、-20°C～400°C温度範囲 水漏れ検出 HVAC 電気配管 自動車修理 家庭検査 DIY用 USB-C/Lightning 日本語取扱説明書付き","7789","72","50","453","¥ 15,546","","3","B0DX1PQCZR","","13","8.5","1.9","91"
"KAWAIKO 布テープ 粘着テープ 梱包テープ 50mm×25m 手切れ可能 梱包 補強 業務用 36巻パック 银灰6","11205","19","","36","¥ 12,133","","1","B0FFML1J8D","B0FFLSVMWT","41.6","35.2","27.4","11480"
"[ワークル] 山真製鋸(Y'sGOD JAPAN) アイスマン HYBRID-PRO II (空調ファン+水冷モデル) セルマックス 2026年モデル 水路冷却シート式 ICMPH2S-BLV-SET ブラック ハイブリッド プロ バッテリーセット ステッカー付き 保冷剤付き (メタルゴールド, F)","7803","37","50","16","¥ 31,478","","2","B0H6284M1Y","B0H61N8GTT","10","10","2","200"
"TRUSCO(トラスコ) トラロープ 3つ打 9×10m TTR-9-10 x 30 巻【ケース販売】","7815","41","","97","¥ 15,280","¥ 15,280","1","B0BM3LN1RD","B09NWHQ4FC","23","9","6","416"
"CORSAIR VENGEANCE RGB DDR5 ライトエンハンスメントキット (物理メモリなし) – グレー","7821","45","","924","¥ 8,069","¥ 8,069","2","B0DNTQYW2X","B0F98GY341","16.2","13.2","1.2","130"
"ユーバ産業 アルミワイヤーカート メッシュ紺 A-0245M","7824","28","","640","¥ 19,480","¥ 19,828","15","B075XF8K95","B0BSQDY1ZH","80","49","27","7620"
"フレコンバッグ 100枚セット フレコンバック 1000kg対応 コンテナバッグ トン袋 土のう袋 建築 廃材回収 ガラ袋 土砂運搬 資材運搬 高耐久 高強度 工事用 防災 産業廃棄物 回収用","7828","35","","1","¥ 70,800","","1","B0GTXXJXHB","B0GTY3PCYT","70","40","30","170000"
"[GUANGJIA] 胴ベルト型新規格安全帯 ワンタッチバックル 腰当て 胴ベルト 墜落制止用器具 安全帯軽量合金鍛造2丁掛","7831","58","","36","¥ 5,999","","1","B0D9VXWGLH","B0HB33S47T","23.5","16.8","14.3","2170"
"棚 ステンレス 業務用 キッチン 幅600mm×奥行300mm PRO-SF60 KIPROSTAR(キプロスター) 棚板 収納 壁 厨房 ウォールシェルフ","16574","19","","19","¥ 5,680","","1","B0894VBNHR","B0GSXLMDWB","64.5","34","6",""
"DAYUAN ヘリコイルねじ修理キット SAEメトリック、HSSドリルヘリコイル修理","8880","8","","2","¥ 12,349","","1","B0GKG42LK3","B0DG7LC3Z5","36","29","6.5","3100"
"和光商事 杣 (そま) 七分丈チャップス チェンソー防護用 TOO4E","7860","50","","50","¥ 10,260","¥ 10,260","9","B07F1S358D","","43","34","5","1180"
"段差プレート ゴム製 防水 転倒防止 段差解消スロープ (高さ7-20cm) 階段用・車椅子用 室内外適用 黒 (サイズ:50x100x12cm) 耐荷重1000KG","7863","34","","35","¥ 5,164","","7","B0CM9BHH6D","B0CM9MGDT5","45","25","7","2800"
"JOYMOOP モップとバケツセット 絞り器付き 床掃除用モップ ロングハンドル付き壁モップクリーナー 再利用可能なマイクロファイバーモップパッド6個付き - グレー+シアンブルー","7871","44","","285","¥ 6,118","","1","B0F8B3W94F","B0GR4VDMKN","39.7","26.2","18.7","2230"
"Siraya Tech Tenacious フレキシブル3Dプリンター用レジン, 耐衝撃, クリア, 1kg","7875","45","","1551","¥ 5,599","","1","B07PLJ9XW9","B09LV7H1BZ","21.3","9.9","9.7","1192"
"リペアウェット エーアンドエークレスト 吹付けロックウール耐火被覆 専用補修材 はり3時間耐火構造認定取得","7881","41","","16","¥ 6,600","","1","B0CP33TFR8","","37","27","7","2080"
"STEELMIGHT LCDデジタル表示クレーンスケール 0.05-500kg ポータブル 産業用 アルミニウム合金製 高精度 単位切替機能付き","7883","29","","6","¥ 5,880","","1","B0D8KF8F7Z","B0DX5T26JP","22","14.4","8.4","910"
"2台セット 船 ボート デッキライト 20w 白ボディ ハイパワー 10W LED チップ搭載 小型 作業灯 12v 24v 対応 トラック タイヤ灯 バックランプ 軽トラ 荷台 ライト","10824","21","","13","¥ 10,480","","1","B09G5XV6W6","B09G9C6WV5","13.8","11.8","10.6","900"
"BNTECHGO 12 AWG シリコーンワイヤーキット（7色 各1.52m 計10.64m）高柔軟性 シリコン電線 錫メッキ銅より線","12409","12","","11","¥ 7,208","","1","B08DRLQ7SN","B01MUAUZLX","17","14","3.3","490"
"TUIYIDUO ステンレス作業台 業務用 調理台 キッチン作業台 幅100×奥行50×高さ80cm 引き戸式収納キャビネット付き","7923","8","","2","¥ 16,280","","1","B0H7H4PXDR","B0HDP2JWCT","106","67","21","19000"
"TRUSCO(トラスコ) ハンディジェット単相200V ハネ径250mm HJF-250-2V-1","7939","41","","1","¥ 27,555","¥ 27,555","22","B00SXQAGUM","B09PBYR8YH","42.7","34.2","33","9990"
"【20本】シャープ化学 シャーピー シリコンシーラント ハンディタイプ クリア １００ｍｌ 絞るだけ 室内・屋外 ガラス サッシ 水廻り","8175","4","","","¥ 14,080","¥ 14,080","1","B0H7W4FK6F","B0HB3X7RFT","24","19","14","2500"
"Leaf Spade デジタル スケール 重量計 [最大200Kg 50g単位] 台はかり 隔測式","7943","54","","164","¥ 7,980","","1","B07MJ9HZ85","","49.2","33.8","5.2","2160"
"ツルミ ファミリー水中ポンプ FP-15S-60HZ","7945","52","","77","¥ 13,877","","16","B001WHGOV4","","26.7","17.4","17.1","4530"
"Watles ネブライザー メッシュ式ネブライザー 吸入器 Type-C充電式 1200mAh 水道水使用可能(精製水禁止) 薬液用 傾けても使える 家庭用 静音 自動洗浄機能 持ち運びに便利 MY-132B (イエロー)","7947","45","","260","¥ 5,357","","1","B0CLD5HXL3","B0CNSR7X8X","14.1","12.6","7.7","290"
"スイデン(suiden) 工場扇 三脚 SF-45VS-1VP2","7959","46","50","31","¥ 18,000","","16","B01F8L9P56","","63","57.5","25","11170"
"omeudai火山灰ガード頭巾 一体型 災害用 火山灰対応 富士山噴火対策 火山灰 防塵グッズ 防曇大型視窗 軽量携帯 呼吸しやすくメガネ着用時も快適","7962","33","50","3","¥ 5,280","","2","B0H3LPRBMN","","25.7","12.3","12.2","180"
"[クラニス] 牛革手袋 作業用, 10双 溶接・耐熱・アウトドア用, 耐摩耗,防滑,厚手,革手袋[L]","7969","38","","6","¥ 5,880","","1","B0FL243D15","","24.5","22","11.7","1490"
"ホワイト三股ナイロンロープ 汎用強靭 太さ 8mm/10mm/12mm/14mm/16mm/18mm/20mm 長さ 10M/30M/50M カスタマイズ対応 園芸・船舶・荷役多用途ポリ (16mm/30m)","10197","27","","5","¥ 6,269","","1","B0FXGHD925","B0FXFMTHPN","40","40","30","4000"
"4個入り 高さ700mm 折りたたみ カラーコーン 三角コーン 高視認両面反射 耐候性 工事・駐車・運転練習 オレンジ","5211","30","","92","¥ 6,499","","1","B0F22516R9","B0F2Y23ZH1","33.9","32.6","18.5","2660"
"タジマ(Tajima) 胴ベルト型 セット品 セグレスト 301 Mサイス 墜落制止用器具","8007","38","","45","¥ 12,445","¥ 12,445","23","B0923MRSNT","B0BWXHKM49","36.1","28.7","17.8","2060"
"Garvee ステンレス作業台 業務用 W60×D46×H89 cm 耐食性 防錆 調理台 2段 棚板高さ調整可能 キッチン 飲食店 家庭用","13262","42","","7","¥ 8,464","","1","B0FP1XKFQ4","B0FP1YXPJS","68","53.5","13.5","9200"
"Noctua NF-A12x25 G2 PWM Sx2-PP, プッシュプルと並列使用対応デュアルファンセット (ブラウン)","8026","37","","370","¥ 9,838","","5","B0FC67L17G","","33.2","13.3","3.6","580"
"感熱 ロール紙 58×50×12 （ 100巻パック ）","8037","22","","51","¥ 11,000","","2","B0096J5ORK","B07TBHYSRF","55.4","27.4","15.1","10900"
"【ケース販売】TRUSCO(トラスコ) 安心クッション L字型 小 1本入 ブラック TAC-16×20本","8054","38","","90","¥ 19,636","¥ 19,636","1","B09T8ZH3VN","B09VDPDM93","58.6","16.8","16.2","660"
"R1234yf R134a マニホールドゲージセット 4バルブマニホールドゲージ R1234yf R134A冷媒対応 4ウェイホースカプラーアダプターはタップ可能、フロン充電キット","8057","65","50","27","¥ 12,349","","1","B0D1BHPVF8","","31.9","31.9","9.5","3610"
"TUIYIDUO 作業台 折り畳み作業台 幅150×奥行70×高さ74cm アウトドアテーブル","8058","20","","12","¥ 7,650","","1","B0FB3M7RYC","B0FDGMHBXD","80.5","72","8","10470"
"TRUSCO(トラスコ) コンプレッサーオイル18L TO-CO-N18","8066","40","","49","¥ 19,143","","11","B00762I0L6","B09NWN39X4","36.5","33","30.3","17400"
"officeネット 券売機ロール紙 紙幅57.5mm×長さ300m×芯内径35mm 裏巻 白紙 ミシン目なし 紙厚150μ 5巻入","8074","35","","33","¥ 9,900","","1","B01M4L2TZX","B085G2N6FG","32.2","26.4","25.6","12680"
"[COCORO STORE] 【シャープ公式】 日本製 不織布マスク 個包装 1箱15枚 ピンク 抗菌 3箱 MA-C2015-P-3SET","12828","14","","20","¥ 5,405","","1","B0CN9B2CQN","B0CNGF4MVG","28","27.4","7.4","460"
"EPOS ゲーミング PC オーディオアンプ GSX 1000 2nd Edition【国内正規品】 1001150","8100","54","","524","¥ 24,800","","15","B0BHL8CNWD","","16","15.1","7.5","370"
"【シリーズ累計300万本突破】シリンジ法キット プレメント 妊活キット 20回分 日本製 滅菌 タイミング法キット ソフトシリコン 痛くない おうち妊活 シリンジ法 タイミング法 妊活 妊娠 不妊 人工授精 精子","8108","57","50","868","¥ 9,400","","1","B01070I0VI","B08SHYH5VH","22","12.7","12","370"
"カモ井 ガラスシーリング用マスキング テープ 15ミリ×18M 80巻入","13961","17","","25","¥ 8,078","¥ 8,078","2","B009DUGSGI","B09PT6FGMS","30.4","13.4","11.6","2040"
"TRUSCO(トラスコ) αパッキンハガシスプレー 420ml ALP-GR x 10 本【ケース販売】","7932","47","","29","¥ 10,000","¥ 10,000","1","B0BX53DBTW","B09NWL9W7V","21.9","21.8","14.7","3508"
"[株式会社空調服] 空調服 ワンタッチ ファン 25V 専用 (2個セット) FA25112 小物 K90ブラック","8118","39","","2","¥ 7,750","","5","B0DZFR7VTB","B0DZG6513K","10","10","2","200"
"HIKARI独占販売 LED投光器 50W led作業灯 二代目 850w相当 8000LM 85〜265V 3mコード アース付きプラグ PSE 360°回転 EMC対応 屋外用 昼光色 看板灯 PL 4個「A-HWX-IA-LEDx4」","8121","38","","213","¥ 9,980","","1","B07J2TBPCF","","30.6","25.4","20","4820"
"TRUSCO(トラスコ) クサビH (2個入) TKSB-H × 15 【ケース販売】","6621","37","","","¥ 16,288","¥ 16,288","1","B0C5WLF7BM","B09NWMLYGB","28","21","15","1710"
"cxyin-home スライド式梯子 伸縮はしご 耐荷重150kg 1.5m 5kg 業務用 屋外室内兼用 長さ調節可能 炭素鋼管製 補強金具 高耐荷重 錆び付きにくい 省スペース 配線工事 樹木剪定 荷降ろし 電球交換 屋根の雪下ろし 外壁塗装 完成品（はしごとしてのみ 4段）","16283","37","","1","¥ 6,560","","1","B0FCM5NB2B","B0FCRKT4N4","74.2","47.9","7.3","4340"
"パンドウイット モジュラープラグ LANコネクタ カテゴリ6A 100個入り SP6X88-C","8130","28","","27","¥ 29,600","¥ 31,159","27","B07GNCCXYH","B0C6S432NB","24.8","19","12","310"
"協和 キョーワ テストポンプ T50KP","8132","43","","72","¥ 16,942","¥ 16,942","18","B002P7YT3A","","33.4","31.2","21.2","4080"
"JAPPY 警報用ポリエチレン絶縁ケーブル(屋内専用) AE (FA) 0.9MMX 4C JB","10123","37","","17","¥ 25,532","¥ 25,790","4","B07GC26X3F","B081NMM4LS","35","34.2","10","7500"
"アズワン スチロール角型ケース 13型 5個 310×225×57mm /5-066-33","8138","14","","22","¥ 6,623","","2","B00UUMGBRE","B09PW1KTTB","33.3","28.8","25.6","2010"
"Weasch PCBパワーリレー SRD-09VDC-SL-C DC9V 10A SPDT 5ピン 50個","10585","0","","","¥ 6,842","","1","B0DK85W7KR","B0HFCGB2W4","10","8","4","400"
"HIOKI (日置電機) 携帯用ケース C1006","8145","33","","113","¥ 16,720","","11","B0192LK6Y2","B097GQ2XRF","29.4","27.9","14.6","1652"
"KINGRACK 脚立 3段 折りたたみ 踏み台 滑り止め 安全 手すり付き 折り畳み 脚立 広幅踏み板 耐荷重150KG 多機能 ステップスツール 鋼合金製 頑丈で 耐久性 軽量 収納簡単 省スペース 黒 リビングルーム キッチン 室内","8149","22","","815","¥ 6,199","","1","B0GWCMV5DV","B0BG3FHYL7","104.1","40.6","7.6","5375"
"作業台 折りたたみテーブル 幅900×奥行600mm 作業テーブル 軽量 作業机 折りたためるので、持ち運びラクラク、折り畳みデスク（ホワイト）法人様向","8151","28","","3","¥ 13,453","","1","B0DG2PBFP6","B0DG2RZSGZ","157","80","11","14700"
"パオック(PAOCK) プラスチックタンク バキュームクリーナー VCC-15PC 乾湿両用 15L","8155","50","","296","¥ 8,495","¥ 8,495","19","B076WXBM6N","B0H98DCHJB","45.8","42.6","32","7220"
"[cocoriko] 保護メガネ 作業用 50個 セット 眼鏡併用可 曇らない 防塵メガネ 防護メガネ ゴーグル オーバーグラス 防塵 (50)","8746","31","","13","¥ 5,480","","1","B0F53TWNBY","B0FL12BVLT","30","30","30","2000"
"富士パックス販売 ボイスモニター 携帯助聴器 ホワイト","8174","47","","145","¥ 8,488","¥ 8,488","3","B00BQ68BEE","","21.2","12.8","3.8","100"
"古藤工業 Monf No.890 梱包用布粘着テープ 黄土 厚0.22mm×幅50mm×長さ25m 30巻入り","6355","18","","73","¥ 9,529","¥ 9,529","2","B01HTGZXO0","B0CLV57R7G","38","27.9","26","11140"
"ポニー台車 折り畳みガラス運搬用 安全ベルト付き 4 TPR輪 サイレントオレンジカラー長尺物台車 業務用多用途大型鋼管荷車 耐荷重1000kg 建設現場でのガラス、長尺物の運搬","8179","26","","3","¥ 23,990","","1","B0DP9VRDPW","","92","62","18","24000"
"寺田 小型汚水用水中ポンプ 非自動 50Hｚ SG150C5","8183","37","","22","¥ 16,970","¥ 16,970","23","B002P86AA4","B0D5HTL4S2","35.5","17.8","16.7","4672"
"共立理化学研究所 徳用 川の水調査セット TZ-RW-3 10回分","8188","43","","45","¥ 6,960","¥ 7,336","12","B07P6TPJ46","","16.7","11.3","6.9","160"
"タジマ 兼用ランヤードCR150F シングルL8 A4CR150F-L8","8189","44","","10","¥ 14,145","¥ 14,145","10","B0D9YD436D","B0DJVWGHN2","23.9","12.9","7.9","730"
"タイタン(TITAN)パンゲアハーネス　キャニオン PACN-10A-SI-LL (LLサイズ/腿V字型/新規格対応/背中クッション標準装備)","8191","42","","137","¥ 32,117","¥ 32,117","1","B094QKM88Q","B0BGL8QSRX","39","24.2","10","1360"
"Siraya Tech Fibreheart PPA 3Dプリンターフィラメント, 高強度, ブラック, 1kg","8195","35","","33","¥ 13,810","","2","B0DGQFB1WF","B0CX59PP8Y","21.8","21.7","7.4","1320"
"[ReD] 公式 レッド リカバリーウェア コットンクルーネック ユニセックス 一般医療機器 バイタルテック 半袖 (JP, アルファベット, LL, ダークグレー)","12583","25","","38","¥ 7,700","","1","B0GVSKLS4B","B0GVSLFD3N","32.4","23.2","2.3","20"
"AZ(エーゼット) FLASH Z 潤滑防錆スプレー ハイグレード 420ml×30本(F811) 刃物、剪定ばさみ、園芸用具のさび止め、潤滑[塩水噴霧試験108hA級/水置換] DD117","7864","24","","85","¥ 38,405","¥ 38,405","1","B09DNQ8YGB","B09G6LQFS7","40","35.5","22","13500"
"グリーンライフ(GREEN LIFE) 純水と水道水を切り替えられる 純水器切り替えコネクター 純水器に取り付けてワンタッチで切り替え可能 G3/4管用平行ねじ対応 ねじ適合で他社製純水器にも接続可能 JU-SW","8211","40","100","12","¥ 5,030","¥ 5,030","1","B0GXVR86NP","","26.6","20.2","8","500"
"オイル吸着マット 5mm オイルマット 油拭きマット 吸着シート 高速吸収性 40cm×50cm x5MM (100)","8212","31","","24","¥ 11,299","","2","B09MRB67HC","B09MZTJF6W","51","43","41","10000"
"バッテリーパック式 LED電球付屋内用クリップランプ スーパールミネX BPM SLX-3000BPM （バッテリー・充電器付属無し） WING ACE LED作業灯 マ_キ_タ_バッテリー互換 BL1440 BL1450 BL1460B BL1840 BL1850B BL1850 BL1860B","8215","61","","25","¥ 6,467","¥ 6,467","6","B0FPX4HWRZ","","38.7","24.3","9.8","950"
"【Amazon.co.jp限定】 タジマ 胴ベルト用VR150ロックL6ダブル スチールベルトLセット B1SLVL-L6WBKA","12947","49","","9","¥ 24,421","¥ 24,421","1","B0D1FYCW7T","B0D7M6Z1XP","26","14.5","13.4","2280"
"PATIKIL 10個セット 真鍮管継手カプラー 1インチ×1インチ NPT雄ネジ 真鍮製ヘキサニップルカップリング リデューサーアダプター","9538","10","","25","¥ 6,330","","1","B0D94FG54H","B0DBDP5VHQ","23","15","6","1140"
"BNTECHGO 22 AWG 2芯平行シリコーンワイヤー シリコン電線（赤・黒 30.47m ）分離可能 平行ケーブル 錫メッキ銅より線","22591","15","","19","¥ 6,592","","1","B07DZZ83H6","B086KXGNXW","9.8","9.2","9","440"
"ロブテックス ブラインドリベット アルミ/スティール 4-10 (1000本入) NSA4-10","13679","24","","23","¥ 8,009","¥ 8,009","12","B002UBPTGC","BT6S711VZM","16","11.5","9","1500"
"10-パック LEDストリップチャンネル U字型（3.3フィート 1メートル） ミルキーホワイトカバーレンズ付き ，コネクターと取り付けキット付き，簡単カットとインストールカーブレンズプロファイル","12999","34","","13","¥ 5,949","","1","B0D7VNNSW9","B0D7V5FJSP","110","10","10","1000"
"[uionbsro] 2026夏最新 秒で爆風!! 52V大風量送風 空調作業服 ファンバッテリーセット 大容量45000mahバッテリー ファン付きベスト用 6段階風量調整 瞬間冷却 PSE認証済み 熱中症対策 暑さ対策 お手入れ簡単 屋外作業 工事現場 大工 農業 登山 釣り","8260","56","50","38","¥ 7,680","","2","B0GV2878H3","","27.2","21.3","5.2","1060"
"RuoFeng ステンレススチールウォールマウントガラススタンドオフホルダーネジネイル広告釘12個 12x100mm","18306","20","","508","¥ 5,035","","1","B07D36GVGK","B07FNTSFRW","16.1","11.1","2.1","248"
"LEDテープライト 6M 高輝度 チューブライト 防水 リニア発光 シリコンチューブ 曲がりやすい 切断可能 取付け簡単 間接照明 DIY 100V","7282","13","","8","¥ 6,977","","1","B0GS34JDY6","B0GS2ZWWS8","28","28","2.9","750"
"生産日本社 コクゴ セイニチ チャック付ラミネートスタンドパック ラミジップ スタンドパックALタイプ(AL) AL-20 50枚","8296","59","","100","¥ 5,340","","15","B0076295II","B08TMSJQBV","37","22.5","4.9","1080"
"イチネンTASCO TA126 R134aゲージマニホールド","8298","21","","7","¥ 13,556","¥ 12,552","12","B003B3H1WS","","24.8","20.7","9.9","1132"
"レマコム 4面ガラス冷蔵ショーケース フォーシーズンシリーズ R4G-63SLW (ホワイト) 63L 卓上型タイプ 自然冷媒 ノンフロン","8310","39","","35","¥ 47,190","","1","B093K7QH23","","86.8","49","46.5","35000"
"ベストアンサー 仕事 効率化 スリングベルト 安全性 向上 スリング ナイロンスリングベルト 35mm 2m 10本入り カートン 使用荷重 1200kg ベルトスリング スリング 繊維ベルト 工具 道具 園芸 出荷 引越し 警告線付き コスパ 強度","8324","40","","87","¥ 6,812","¥ 6,812","2","B01M0ZUD6O","B01MF74O6D","38.4","28.3","13.9","5680"
"LACHOI ボルテックスミキサー 100-3000RPM 遠沈管/試験管ミキサー タイマー LCDディスプレイ 4.5mmサークル直径 学校/美容院","8326","42","","1","¥ 14,900","","2","B0B24972ZZ","B0GWGYHRJM","29.4","18.7","17.4","3130"
"伸縮作業台 瞬速5秒設置 ワンタッチ 伸縮 折りたたみ作業台 組立不要 軽量 万能 作業デスク キャリーバッグ付き W168×H114×D73cm 12本脚","7721","32","","52","¥ 10,700","","1","B0DYZGBNZY","B0DYZFN2V4","90","24","21","7500"
"Sunhalo Gear 台車、手押し台車、折りたたみ プラットフォーム トラック、幅70×奥行50cm","8334","51","50","34","¥ 7,680","","1","B0DW8RF5J5","B0F2X3JWMG","76","51","15","8800"
"[IBUBU] マスク 大きいサイズ メンズ マスク 不織布 大きめ マスク 大きい 大きいサイズマスク 大きいマスク マスク 大きい ブラック黒5箱＝255枚 横幅20cm*9.5cm","10194","14","","253","¥ 5,500","","1","B0DS26VB6R","B0DS1YFZ1H","30","22","2.2","150"
"WEIMALL 電動ウインチ 12v 4000LBS（1814kg）ロープタイプ 傷がつきにくい無線リモコン付属 防水仕様 自動 牽引 ELWD1240R","8338","51","","212","¥ 14,950","","2","B087F695LV","B0GRMBPVR5","41.6","28.1","16.6","6580"
"ORI(オリ) Future GLAZER ミニ クリアスフィア製氷型 雪だるま ウイスキー用アイスキューブメーカー","8354","17","","197","¥ 9,256","","9","B0H3TG5VCY","B0GQ5NJLP8","17","10","10","449"
"シンワ測定(Shinwa Sokutei) デジタル風速計 最高・最低 ベーン式 79003","8358","49","","6","¥ 6,170","¥ 5,687","2","B0FXWTSJNX","","18.9","8.4","5.6","280"
"SHALL グリース銃継手グリースガンカプラー2PC、クイックリリースと強力なロックグリースガンカプラー、10000 psi高圧グリースガンのヒント、すべてのグリースガン1/8 ""NPTグリースフィッティング (× 2)","10850","7","","42","¥ 5,398","","","B0GZJN5FZP","B0F8QPCH32","12.7","6.5","3.1","440"
"SK11(エスケー11) マグネットスイーパー 吸着力 約6.0kgf SMK-380R","8362","58","","84","¥ 6,930","¥ 6,930","14","B003EI9ZD8","B0GQY4TNBB","77.5","49","10","1470"
"VOISJANY 電動ウインチ 500kg 110V 1500W 小型電動ホイスト 無線/有線/手動操作 リフト高さ調整式 7.6m ブラック","8371","43","","97","¥ 17,999","","1","B0BD76GTTV","B0CNWG5VYD","35.4","27.8","27.1","11500"
"TRUSCO(トラスコ) エコポリバケツ本体 9L 広口 RBK-9H x 20 個【ケース販売】","33862","20","","58","¥ 13,441","¥ 13,441","1","B0BVLDGFD6","B0CB57GW6P","202.7","202.7","139.3","6800"
"YENUO ロック付き三段式引き出しスライドレール 高重量用 幅 51mm 1000mm 横付けフルエクステンション キャビネットスライドレール用","14036","7","","690","¥ 6,941","","1","B08PF61HMD","B0GY3FBYCT","107.4","5.8","4.6","4323"
"三菱電機(MITSUBISHI ELECTRIC) パイプ用ファンとじピタ 居室・トイレ・洗面所用 速結端子式 ホワイト V-08PED7","8378","82","50","75","¥ 5,506","¥ 5,506","13","B0B4HX873H","","19.8","19.8","15.7","1010"
"SUNLU Easy PA ナイロンフィラメント 1.75mm 1kg ブラック","10181","13","","","¥ 5,279","","1","B0H4TSCNND","B0HC3RH2WP","20.8","20.8","7.3","1330"
"[エース] [10双パック]牛クレスト革手袋 スーパーレスキュー アテ付 Mサイズ AG2300","8385","36","","20","¥ 9,900","¥ 9,900","1","B08NT8V79X","B08NVC14N7","24.2","13.8","12","960"
"Flir C5 コンパクトサーモグラフィカメラ WiFi 160x120 MSX Ignite","8389","42","","1021","¥ 123,664","¥ 123,664","10","B0892MZZT1","","15.8","11.8","9.6","499"
"手すり付き4段脚立｜軽量約4.08kg・耐荷重150kg・折りたたみ厚さ約5.5cm・オールアルミ製・屋内外対応・省スペース収納（パンダ配色）","8389","69","","49","¥ 6,999","","1","B0G6ZYD3Q2","B0HFYYZW3D","113","47","5.5","4080"
"ステンレス 作業台 3段 業務用 調理台 厨房 600×450×800 板厚1.2mmモデル ステンレステーブル ワークテーブル キッチン KIPROSTAR(キプロスター)","16815","29","","58","¥ 17,480","","1","B07CH8HCBZ","B0H35Y665T","83","58","17.5","14000"
"ANYCUBIC ABSライクレジン 2.0、高強度 低臭 高精細 高耐久 3DプリンターレジンABS-Like（2KG、グレー）","8407","47","","13","¥ 5,999","","1","B0G1BTZJZH","B0G6KN7WJP","27.4","21.4","10.9","2410"
"PUNXSUPER ボルテックスミキサー 4000RPM固定速度 4.5mm回転直径 ミニボルテックスミキサー 連続・パルス調速可能 ポータブル 試験管ミキサー 実験室/学校/マニキュア店用 コンパクト ボルテックスミキサー (Vortex X2)","8407","22","","","¥ 37,990","","1","B0FH55FK4F","B0FH539CB3","21","19.5","18","3200"
"新潟精機 SK 日本製 溶接ゲージ WGU-7M","23255","21","","23","¥ 5,646","¥ 5,646","22","B00I026TVY","B0CLTHCQVQ","12.8","8.8","2.8","140"
"WAKAI らくらくボードアンカー 200セット RBA412T","8412","55","50","39","¥ 7,271","¥ 9,064","15","B007F610E2","","14.7","12.8","12","1780"
"SCRIB3D ペンフィラメントリフィル、20色、各色16フィート、1.75mm PLA、SCRIB3D、PIKA3D、MYNT3D、その他ほとんどの3Dプリントペンに対応。 (-)","13308","14","","1729","¥ 9,316","","1","B0CW3P5TYL","B0GLXMYZ8K","16.7","10.7","10.4","381"
"日本精工(KSK) 深溝玉軸受 オープン形 C3すきま ラジアルボールベアリング 6222C3","14477","6","","9","¥ 12,492","¥ 13,584","4","B07DHPQ6C9","B07GYX7NJ8","25","25","8.8","4450"
"VANKO 高圧洗浄機 コードレス 充電式 2026年人気モデル 強力噴射 8.8MPa 自吸式 軽量化 1.3kg 6in1多機能ノズル 噴射距離12M 5mホース フォーム洗浄 純正と互換 マキタ 18v バッテリー対応 家庭用 洗車 階段 お風呂 外壁 ベランダ 網戸 浴室 自転車 黄砂対策 収納ケース 日本語取扱説明書付 本体のみ 【Amazon限定ブランド】","8428","9","","4","¥ 6,280","","1","B0GWPJGKXT","B0HD9X2YCJ","30.2","25.2","11.7","1750"
"長谷川工業(Hasegawa) METAPHYS lucano ルカーノ 2-step ホワイト ML2.0-2(WH) (17019)","12508","54","","195","¥ 13,300","¥ 15,083","13","B015XTIQBW","B0DG192G1Y","64.5","49.3","16.3","4196"
"Biopharm メチレンブルー、1% USP (医薬品) グレード:2×50 mL ツインパックグラス:サードパーティテスト済み","8432","37","","124","¥ 10,400","","3","B0BNK6KQ19","","15.3","10.5","6.2","250"
"COYXiCE 電動ウインチ 1500W 電動ホイスト 超強荷重は200kg 小型クレーン リフト高さ19m 携帯型で ウインチ PSE認証済み 巻き上げ機 無線リモコン/有線制御/手動 ウインチ 100v 家庭用および商業用に適 エアコン設置、牽引、改修工事、荷役、ガレージ、倉庫、工場での吊り上げ作業 日本語の取扱説明書が付属してい","8436","48","","9","¥ 17,440","","1","B0F9199SWX","B0DF5QYCHZ","37.9","29.8","26.7","11800"
"ニトムズ 銅箔テープ 38mm×5m J3160 24巻入り","8451","42","","447","¥ 36,900","","1","B00XL5CHP2","B0DXN665F8","37.8","20.4","14.1","3230"
"ADHES 布テープ 粘着テープ 梱包テープ 50mm×25m 30巻入り黒 厚さ0.18mm","9830","30","","91","¥ 9,467","","1","B0BX8R54XR","B099Z9P379","35.5","27.9","24.2","7480"
"ANDELI 溶接面 LED付く 1000mAh大容量 自動フィルター 自動遮光溶接面 - 遮光度5-8/9-13 溶接マスク 600LB-OL","8487","27","","83","¥ 11,998","","1","B0H2D43BJF","B0GW8G9LLC","32.5","30","24.6","1310"
"BOSEAN ガイガーカウンター 放射線測定器 水質測定器 放射線検出器 X線・β線・γ線測定 核廃水検出器 光・振動・音声アラーム","8489","38","","1","¥ 7,599","","1","B0G643DX3W","","16.1","13.8","4.9","320"
"ナトコ スケルトンM-201 金属ハケ用 4kg 業務用 剥離","5593","74","50","145","¥ 5,454","","6","B08G4TBHBD","","23.1","21.8","14.8","4650"
"ベストアンサー VM レバーホイスト チェーン 1.5m ローラー チェーンブロック 荷締機 ガッチャ がっちゃ 滑車 ホイスト 固定 工具 軽量化 小型化 2台 1.5t シルバー","8509","36","","274","¥ 26,800","¥ 26,800","2","B0C6KF9Y9F","B0C6LK4PWN","40","30","20","12600"
"Gourmetop 包丁 ダマスカス 菜切り包丁 180mm ステンレス G10柄 硬度高い 錆びにくい よく切れる 長持ちする 家庭用","8514","39","","2","¥ 6,448","","1","B0GWHS13FY","B0FPG5DHC8","40.3","7.5","2.7","380"
"[Blessing YC] フルハーネス 安全帯 新規格 セット フルハーネス安全帯 墜落制止用器具 安全帯フルハー 2丁掛け 着脱が容易なワンタッチバックル 全方位保護 ワンタッチバックル アジャスタブルノブ 落下防止 TIIS技術認証 電気工事 高所安全作業 ダブルランヤード付き 収納袋・日本語説明書","4947","56","","79","¥ 6,777","","1","B0BXNRW8ND","B0HFC2LVH3","33.3","18.3","16.6","3340"
"HOZAN(ホーザン) 消磁器 AＶ100V用 HC-33","8530","13","","146","¥ 9,535","¥ 9,535","32","B000W9FTOG","B074SKJ2NV","24.5","9.5","4.4","1020"
"TUIYIDUO 大型台車 折り畳み 軽量 耐荷重1200kg 平台車 スチール製 幅90×奥行き60cm 静音キャスター 運搬車","8536","9","","4","¥ 10,880","","1","B0HCT7ZVTD","B0HCTGRRLS","95","62","17","16990"
"EIING カゴ台車 大型 メッシュ かご台車 手押し 籠台 車 折りたたみ 静音 大容量 4IN1多機能運搬車 変形可能 カゴ付 き台 車 5インチキャスター付き ブレーキ付き 360度回転 両袖金網付 簡単組み立て 業務用・屋外での取り扱い用網籠車 引越し 買い物 持ち運び便利 倉庫 工場 運動会 耐荷重300kg (5インチ，TPRゴムキャスター)","8540","32","","1","¥ 18,525","","1","B0H2HCG32L","B0H6F3N2YM","103","32","20","24000"
"HIOKI ( 日置電機 ) FT6031-50 接地抵抗計 防水 IP65 IP67 A種 B種 C種 D種 2電極法 3電極法 携帯用ケース付属","8544","73","50","110","¥ 46,009","¥ 46,009","20","B08B61G5T5","B0BZNRQNZB","33.2","32.6","13.6","2700"
"長谷川工業(Hasegawa)METAPHYS lucano ルカーノ 1-step マスタードイエロー ML1.0-1(MY)(24cm)(10852)","8548","40","","116","¥ 11,000","","6","B0C6JQXFMW","B0DG1F1PBN","40.2","31.4","17","2420"
"ガービー（Garvee） 油圧式昇降台車 リフトテーブル 油圧式 台車 作業台 耐荷重150kg 最高位72.4cm 積み下ろし 荷物運搬 オレンジ","10263","21","","7","¥ 24,212","","1","B0FB9D4941","B0H4GC2Q97","80","52","31.5","41400"
"空調風神服 チタンベスト 単品 服のみ 極涼 3D通気 フルハーネス対応 The tough アタックベース 電動ファン用ウェア 作業服 ユニフォーム《026-6640》(02-サージネイビー LL)","8551","12","","","¥ 5,390","","2","B0GZ2RG9QP","B0C1JHB3PP","30.5","18.4","5.8","320"
"Uholan 2台の連結プラットフォーム車スタック可能な台車縦横リンク耐荷重300 kg家庭用カート360°回転ブラック (1, ブラック)","8556","27","","63","¥ 5,899","","1","B0DPHN1HCR","B0DKXLC282","73","40","7","4100"
"HiKOKI(ハイコーキ) 18V 充電式 真空ポンプ エアコン 電池・充電器・ケース別売 UP18DYA(NN)","8569","86","50","28","¥ 28,377","¥ 28,377","15","B0F66PNKGY","B0G4MDSWRL","29.9","20.4","12.1","3640"
"TUIYIDUO サービスワゴン ツールカート 配膳カート ツールワゴン 3段 耐荷重270kg 自在キャスター付き 静音 抗菌 日本語説明書付き","8578","31","","5","¥ 8,990","","1","B0FPPTHSG6","B0GR8W3GHM","69.6","44.5","23","7730"
"ピカ(PiCa) ピカコーポレイション 足場台 洗車台 DWV-S120A 伸縮 四脚アジャスト式 折り畳み 幅広 ワイド アルミニウム シルバー","10399","39","","12","¥ 32,450","¥ 32,122","15","B007IESQR0","B0F74366L2","104.2","42.2","18.6","12620"
"ミツトヨ(mitutoyo) レクタンギュラゲージブロック セラミックス製 0級 1.35mm 613595-02","67334","5","","4","¥ 5,335","¥ 5,335","2","B01N287CDZ","B07K2D1NH5","15","15","15","5000"
"シンワ測定(Shinwa Sokutei) デジタル二酸化炭素濃度計 光学式 補正機能付 78977","8588","54","50","143","¥ 8,978","¥ 8,978","23","B0BMLV67V7","B0GPW4YZGZ","15.5","14.9","3.4","160"
"TRUSCO(トラスコ) プチプチポリチューブ 幅350mm×長さ42m巻 (1巻入) PTPT350","8590","25","","3","¥ 8,442","","4","B08W8TB6LK","B09NWPXZ6W","76","76","35","1400"
"リットマン ステソスコープ クラシックIII ブラック/黒色加工 5803","8595","88","50","20181","¥ 14,750","¥ 17,756","7","B00QESFO80","","32.6","16.4","4.7","360"
"スズキ機工 LSベルハンマーゴールド原液300ml [潤滑剤/潤滑油/潤滑オイル/自転車/バイク/チェーン/自動車/スライドドア/機械整備/ガレージ/シャッター/メンテナンス]","8606","36","","203","¥ 6,378","","5","B079NJQL8H","","15.3","6.3","6.2","350"
"リットマン(TM)ステソスコープ [クラシックII 小児用] 2113R レッド /8-7104-04","10103","51","","3583","¥ 12,000","¥ 12,000","7","B000F4OYDK","B0742F6QFR","32.6","16.6","4.8","300"
"WEIMALL 多機能はしご 脚立 折りたたみ 3.7m 兼用 アルミ 多関節 スーパーラダー 足場 洗車作業台 剪定 雪下ろし 塗装 DIY 軽量 耐荷重150kg 5way（足場板付き）A19C370-diy","8614","36","","82","¥ 14,240","","2","B00OH8O6YW","B0F1XM3CF1","102","37","27","16805"
"アズワン クリーンノール ニトリル手袋 ロング (パウダーフリ-) ホワイト S 1000枚入 /8-5686-53","16582","27","","","¥ 46,024","¥ 46,600","2","B079BMNCG1","B0DR24XHYV","50","50","50","500"
"Sunnecko 包丁 牛刀 203MM ダマスカス 67層 ステンレス 鋼 家庭用 キッチン 両刃 万能 よく切れる","8626","61","50","518","¥ 5,624","","1","B0B51L974J","B0BB7X38GM","38.2","12.7","3.8","420"
"リフター キャビネットリフター 多機能高さ調整サポート補助具 キッチン・浴室キャビネット設置用 耐荷重 150kg 手動/電動両用 (85-210cm)","8628","6","","1","¥ 14,698","","1","B0H7QTB7KM","B0H7R2Y893","96","22","22","7890"
"テザック(Tesac) ブルースリング JIS4等級・両端アイ形 幅200mm×長さ7m","9166","13","","","¥ 62,628","","1","B0D1CC2ZQD","B0DMD4966K","60","20","20","10200"
"藤井電工(Fujii Denko) ツヨロン TSUYORON 新規格 フルハーネス型 ブラック 黒影ハーネス 本体のみ ダークグレー Mサイズ TH-504-OTーDG-M 水平型腿ベルト 着脱が容易なワンタッチバックル 日本製 高所作業 墜落制止用器具 安全帯","14265","48","","144","¥ 12,480","¥ 14,309","21","B07NMX1C35","B0DX6XWTT6","34","18.3","11.6","1270"
"MUTUACTOR ネオジムラバーコーティングマグネット Φ 2.6インチ 60ポンド 滑り止めゴムアースマグネット M8オスネジ付き 2個 高耐久マウントマグネット オフロードLED照明と信号伝達ブラケット用","14984","14","","2","¥ 5,548","","1","B0D1TQCN2Y","B0CGH121JB","8.2","8","6.4","272"
"【箱売り】APMジャパン PRO 魔法のテープ はがせる 超強力 両面テープ 厚み2mm×幅3cm×長さ3m 50巻セット [3m 超強力 透明両面]","8643","40","","14","¥ 24,253","¥ 24,815","2","B0DT2VBPZ4","B0FGD4K796","57","24.5","19","11200"
"【米・英・独で一位】 SCRIB3D 3Dペン メイキングトイ 誕生日 クリスマス 【速度調整できる】 プレゼント 中学生 高校生 アートペン DIY 女の子 男の子 14歳以上 ベーシック","8644","76","50","36","¥ 6,780","","1","B0FKM132XJ","","19.7","10.2","6.4","320"
"ILLIDAN シートモッコ 四角形60×60×70㎝ 耐荷重1t 強靭 頑丈 布モッコ 吊り 使用荷重1t 荷揚げモッコ イージーモッコ 軽量強力シートモッコ 八点吊りタイプ モッコタスキ ロープ トラッシュシート布モッコ 土木工事、港湾荷役など 造園/電気/工場用索具 重量物の積み下ろし","6743","27","","23","¥ 5,280","","1","B0D16XCYYB","B0D17J197G","33.1","32","11.6","2210"
"Siraya Tech Fibreheart PPA-CF 3Dプリンターフィラメント, 高強度, ブラック, 1kg","10294","60","","175","¥ 12,299","","1","B0DKW7B6NT","B0DMNLCLRW","21.5","20.9","7.7","1320"
"SnailM-JOY 脚立 4段 アルミ 軽量 折りたたみ 【強化 増厚 耐荷重250kg】 踏み台 梯子 持ち手付き 持ち運び 室内 屋外 おしゃれ 滑り止め付き 安全 頑丈 幅広 ステップ 多機能 家庭用 掃除","13532","41","","43","¥ 7,980","","1","B0FVXRYMWW","B0FWCCL2J3","40","20","6","5300"
"【箱売り】積水化学工業 SEKISUI クラフトテープ 無包装 No.500 K50X63 50mm×50M 50巻入り 梱包 ガムテープ 段ボール 粘着テープ エコ紙芯","8657","50","50","3","¥ 13,222","¥ 13,222","2","B0DX6FV663","","65.5","26.9","26","15120"
"ケルヒャー(KARCHER) スイーパー S4","8662","49","","383","¥ 23,366","¥ 23,366","10","B0859V7G1D","","74.1","55.1","23.6","10890"
"アズワン スポイト 2ml 1000本 /1-4656-02","8669","27","","64","¥ 8,261","¥ 8,549","14","B00LL3KJOC","B0DN4F32FC","34.8","27.4","19.4","1920"
"イチネンTASCO TA976BT-1 バイツーテープ","8674","28","","23","¥ 5,515","","5","B00MUKP5MQ","B07BXQWRL4","14.5","14.1","9.4","350"
"uxcell 328Ft(100M) ステンレス鋼ワイヤーロープ 304 ステンレス鋼ケーブル 5/64""(2mm) ビニールコーティング 30個のアルミスリーブ付き ハンギング、クローゼット、リフティング ホワイト","14298","3","","2","¥ 6,459","","1","B0DC62B1K5","B0F7WH55BX","13.5","11.5","11","1220"
"シーバイエス スーパーブレークアップＴＧ 600ml 6本セット","8701","33","","373","¥ 5,950","","4","B009HKFVK8","B0H7FH7DY7","32.5","22","22","4780"
"タジマ セフシステム セフメットヘッドライト KJSブースト1000lm フラッド照射ユニット HAKS1","9021","54","","25","¥ 6,062","¥ 6,062","12","B0DVF3TQKX","B0F5W3SWM6","13","10.6","7.7","130"
"[Xinpeke] ファンバッテリーセット 【業界最大冷却面積＆PD60W急速充電】 ペルチェファン 瞬間冷却x強力送風 7.5cmペルチェプレート搭載 41400ｍAh大容量 最大42時間連続稼働 4段階風力調節 90mm服穴径対応 猛暑対策 PSE認証済","8715","41","100","16","¥ 9,980","","1","B0H14ZT22S","B0HDT49BQS","27.4","19.9","5.4","950"
"ハタヤ 充電式ＬＥＤジョーハンドランプ LW-10C","8715","54","","3","¥ 10,400","¥ 10,747","10","B0G2PX3PF3","B0H45THZMT","32.9","7.9","7.2","430"
"パナソニック純正 ジアイーノ電極ユニット FKA4100017 (本体品番：F-MV2300/F-MVB23/F-MV6000C)","8717","72","50","6","¥ 13,400","","4","B0FXN5KFVX","","14.6","8.6","3.7","90"
"マスキングテープ アプリケーター ガイド カッター付 養生テープ 塗装 コーキング 替えテープ (本体 + テープ5巻セット,レッド)","17868","6","","","¥ 5,799","","1","B0GV45TFHJ","B0GV44RH42","25","23","10","1000"
"キングジム(Kingjim) アルコールディスペンサー テッテ TE1000 シロ","8730","81","","198","¥ 7,480","","15","B08KGN6HMF","B0BP4W2KWH","27","21.4","14.8","680"
"サラヤ 手洗い用石けん シャボネットユ・ム 18kg 八角B.I.B. 希釈使用 無香料 【医薬部外品】 23854","8733","36","","2","¥ 9,980","¥ 19,192","11","B0CT8GLP1Y","","34.1","30.2","27","18500"
"【めざましテレビで紹介されました】 お水を温める 防災グッズ パイプヒーター DA-1000S（470mm×75mm） 【Nagecom 大栄電熱】 投げ込みヒーター 湯沸かし 温水 保温 追い焚き バケツヒーター 防災 震災 グッズ","8763","74","50","152","¥ 6,800","","1","B09DW7N715","","51.9","12.2","9.6","680"
"Flemoon ミディアム 屋外用電気ボックス (11.5 x 5.2 x 4インチ) IP54 防水延長コードカバー ケーブルエントリーポート6個付き 防水接続ボックス 電源タップ タイマー ホリデーライト用 ライトグレー","26708","18","","6","¥ 6,903","","1","B0FJ1XJW6F","B0DRD216ST","32.5","15.7","11","515"
"西山工業(Nishiyama Industry) WMSウォータークーラー 水道直結式 床置型 スタンダード ノンフロン WMS-51P3","8781","32","","1","¥ 117,600","","14","B0F32F2NV6","","100","100","100","10000"
"シンワ測定(Shinwa Sokutei) デジタル照度計 ＬＥＤ照明対応 78751","8792","56","50","8","¥ 9,860","¥ 9,860","21","B0DC5Y93ZV","B0DSHRFJ71","24.7","16.7","5.9","460"
"【ケース販売】クレシア クリーンガード V10 エレメント 保護めがね 67601 12個入 軽作業向け 軽量タイプ 曇り防止 UVカット","8794","51","","","¥ 6,850","¥ 7,697","4","B08L93SY6Q","B08LDL24XL","22.6","17.1","11.4","400"
"SILIGUN™ PRO Compact 24:1 コーキングガン - ドリップコーキングガン - 特許設計 - 軽量アルミニウムフレーム - すべての10オンスチューブに対応 (SILIGUN PRO)","8796","44","","905","¥ 5,302","","2","B0D94DNWDC","B0DCZ2WJGK","20.5","14.6","8.9","450"
"【2026最強進化】 空調作業服 ファンバッテリーセット 55V超高出力・276L/S爆風 日本製モーター 3.5時間急速充電 PSE認証済 熱中症対策 男女兼用 現場作業 農作業 アウトドア","8802","57","50","34","¥ 5,681","","1","B0GYRK63Z5","B0H6327MT3","25.4","22","6.2","960"
"LEDショットグラスホルダー ショットグラスの表示棚 グラススタンド アクリル 7色 充電式 カラフル パーティー KTV 飲み会 家飲み 誕生日 (12穴)","8807","23","","2","¥ 7,130","","1","B0F1FN2YNH","B0F1FK61Q9","33.2","15.5","14.5","900"
"シェル テラスS2M 32 (幅広い用途に対応した油圧作動油) 20L","8809","30","","92","¥ 18,000","","3","B01JRPKYC2","","40","38","38","20000"
"サンコーテクノ オールアンカー 太さ16ミリ長さ100ミリ 中身入数(約)10本 (54-029)","10950","17","","18","¥ 5,544","¥ 7,303","8","B00762A550","B084H22MPY","22.7","11.4","7.6","3060"
"山崎実業(Yamazaki) 【穴が目立ちにくい石こうボードピンセット・木ネジ 付属】 ウォール ペーパータオル ディスペンサー 石こうボード壁対応 ナチュラル W27.4×D14×H13.6cm リン RIN 壁掛け ペーパータオルケース ペーパータオルホルダー 片手で取りやすい 10115","8842","69","50","17","¥ 5,830","¥ 5,830","12","B0F74R6Z8G","","29.2","15.3","14.8","1560"
"Pluune Scar Stick、60% Pluune シリコン傷跡スティック、センテラ抽出物、ビタミンE、外科、古い、最近の傷跡やストレッチマークの除去用シリコンスティック(2個)","8847","16","","25","¥ 6,996","","1","B0H2VH57WN","B0H5XFNL5D","8.9","5.8","2.9","59"
"共立電気計器 (KYORITSU) AC/DCクランプ付デジタルマルチメータ KEW MATE 2000A","8854","83","50","4","¥ 13,500","¥ 13,500","6","B07S1XPX2B","B0FXB2KQPH","17.8","9.6","3.2","220"
"Tappros ステップ 踏み台 2段 耐荷重150kg 滑り止め - ステンレス 幅40x奥行45x高さ40cm 高齢者 軽量 耐久 組立不要 お手入れ簡単 多機能","8859","37","","4","¥ 7,900","","2","B0GDDKY6Y4","B0GDDN84N3","47.6","43.3","43.3","3920"
"広電 工業扇 三脚型 50cm アルミ羽根 首振り 高さ調節 3段階風量 羽根簡単取付 高さ120～144cm CFF502TMA","8863","79","50","26","¥ 10,800","¥ 10,805","8","B09V4QZFC7","B0D8K5DSQL","69","58","20","7480"
"HIKMICRO E03 サーモグラファーカメラ 240 x 240 SuperIR解像度、赤外線カメラ、可視光カメラ、ビデオ録画対応、25 Hz、3.5""タッチスクリーン赤外線カメラ、-20℃～350°C","8871","70","50","458","¥ 36,990","","1","B0CHF2YZQ9","B0GRYF2VRW","18.7","12.4","7.3","640"
"ディズプラス 日本製 ダンボール 160サイズ 15枚セット (50×50×60㎝) 段ボール 引越し FBA 納品 配送用 160 ｄF1-15","8874","41","","2","¥ 6,216","¥ 6,216","1","B0GVFTDQRW","B0GZ1WGDVK","109","50.5","19","16500"
"ヘルメットファン 静音 USB充電 3段階 軽量 現場用","8883","52","50","5","¥ 5,980","","1","B0GHQRHVHL","","21.7","17.9","10.2","590"
"日本ピスコ(PISCO) ポリウレタンチューブ クリアブルー 全長:20m チューブ外径×内径:12mm×8mm UB1280-20-CB","8891","26","","","¥ 7,100","","2","B01LX700EM","B07CS8PW2Y","47.7","40.2","10.4","1470"
"PerldVerge 安全ヘルメット ブラックヘルメットセット 職業用 二重防护ゴーグル付き 建設用 作業用 軽量 通気性 耐衝撃 夜光反射 防護帽 調整可能 アジャスタブル ヘッドバンド付き EN397規格準拠","10367","36","","10","¥ 6,599","","1","B0FJWV387C","B0FC2FQQL7","30.5","22.9","18.3","1130"
"ボックスバンク ダンボール（段ボール箱） 宅配 90サイズ 白 30枚セット 引越し・収納 白ダンボール FW09-0030-a2","10546","38","","21","¥ 5,190","¥ 5,190","1","B0CH2T312Y","B0CP78YD7R","68.4","51.1","19.5","9780"
"ドリーミー３Dペン２ ３Dアートペン 立体 メイキングトイ キッズ おもちゃ 3D 知育 玩具 クリスマス フィラメント","8906","63","50","32","¥ 8,980","","1","B0GN5TLFDP","","25.1","19.5","10.5","930"
"アイリスオーヤマ パネルスタンド PNS-1420","8907","41","","42","¥ 8,260","","12","B000QCQC22","B077TNPG2B","108","54","6.5","5980"
"FieldNew【国内ブランド】5 in 1 電磁波測定器(高周波/電界/磁界/温湿度) 高精細VAディスプレイ Type-C充電 3軸センサー 保証書付 日本語説明書/動画解説 電磁波計/磁場測定器/EMFメーター Wi-Fi 5G対応","8917","53","","76","¥ 6,732","","1","B0DTTJ8BT6","","24","7.3","4.4","320"
"三方良し 台はかり デジタル 折畳み式デジタル台はかり 台はかり60kg 防塵タイプ バッテリー内蔵充電式 (60kg/10g) 台秤 計量 計測 量り 計量台 はかり 秤","8917","50","","32","¥ 7,100","","2","B07M945XFB","B07M941H62","72","31.2","19.5","8200"
"KOGLEE レシートロール【20巻入】約80mm幅×80mm外径×12mm内径 長さ80m/巻 大容量 汎用 レジ用感熱ロールペーパー サーマルロール紙 レジロール紙 感熱紙 Airレジ/Airペイ/Square/STORES/UberEats/スマレジなど各レジアプリ対応【個包装】TRP8080-20","14226","26","","37","¥ 7,280","","1","B0F1MTSCVL","B0HGLHXJQ4","42","32","10","8000"
"CATERPILLAR キャタピラー CAT 工場扇 35cm 業務用 扇風機 工業扇 送風機 壁掛け 床置き 屋外 静音 強力 大型 首振り EEMF-14S360BK ブラック","10695","34","","42","¥ 15,780","","13","B09SKW64C1","B09TF73GYR","49.4","49.1","30","5790"
"3M取替え式 防じんマスク 国家検定合格 6000/2091-RL3L","8921","77","","281","¥ 5,059","¥ 5,059","15","B000VSWONC","B0DSC1RX82","23.8","14.9","10.4","110"
"FNIRSI DST-210 3-in-1 オシロスコープ 10MHz帯域幅 48MS/s サンプルレート対応 ハンドヘルド 19999カウント テスター デジタルオシロスコープ＋マルチメーター＋信号発生器 ポータブル 充電式","8928","49","50","52","¥ 9,999","","1","B0FDVG9JR3","","19.8","11","9.1","620"
"[Hon&Guan] 2026新型 ペルチェ冷却 × 空調作業服 ファン付き作業着 長袖 フルセット 20V高出力 20000mAh 冷却ファン 4段階風量 急速充電 遮熱 撥水 UVカット UPF50+ フード付 熱中症対策 FA-20D (2XL,グリーン)","10747","4","","20","¥ 5,999","","1","B0GS9PDJ2V","B0GS9NH411","32","25.6","9.2","1550"
"[YUUWA] 1000枚 使い捨てプラスチックガウン 法人向け CPEガウン 個包装 親指フック式 エンボス加工 ブルー 使い捨てエプロン 袖付き 使い捨てガウン 防護服 大量 食品工場 個人病院 介護サービス","8934","41","","6","¥ 50,000","","2","B0BRSQMS76","B0CTY2MFQ8","50","40","30",""
"BIQU CryoGrip Pro Glacier ビルドプレート Snap-Maker U1 3Dプリンター用、低温印刷、両面スプリング鋼板、276X301mm、グリーン","21221","37","","1","¥ 7,992","","1","B0GMC7B63R","B0DPMCLJT1","31.7","28.7","1.1","472"
"ゴムマット バイクマット 屋外 10mm 1m×2m 滑り止め 両面利用 養生 防振 防音 振動吸収 ガレージマット ガレージフロアマット 工事現場 雑草対策 ガレージ 倉庫 農業 駐車場 厩舎 牧場 馬房 牛舎 下敷き 多目的 業務用 (100*200*1cm) (厚さ10mm)","8946","61","","105","¥ 7,217","","1","B0BFVZZV57","B0BYHD521X","103","28","28","23000"
"Heschen ユニバーサルロータリーカムセレクター切替スイッチ、SZW26-20/D202.2-B11R、35mm DINレールマウント、660V 20A オン-オフ-オン、3ポジション 2フェーズ8ターミナル CE/TUV規格準拠","6742","29","","19","¥ 5,109","","1","B0F53LHGK6","B0CR68HL29","8.9","7.2","5.9","130"
"ベコラード グリーストラップ エコで強力 左右排水対応 選べる3サイズ グリーストラップ オイル専用シート 油吸収シート10枚付き (20L 右排水タイプ)","8955","43","","2","¥ 11,980","","1","B0DVGJVZT2","B0DVGT3GVT","36","31","26","3000"
"GREEN ACE(グリーンエース) 天然スクラブハンドクリーナーECO 18kg ES-180K","7029","22","","27","¥ 13,870","¥ 13,870","1","B0F5WLPPQB","B0FPQSG4TP","30","29","29","19120"
"神沢 スピードコントローラー K-15S","8973","64","","239","¥ 5,600","¥ 5,833","23","B0020FT6RG","B093CMTRMP","25.2","15.2","6.8","550"
"中島産業 油脂分解洗剤 オイルナックス 一般用洗剤 18L箱 バックインボックス","8993","47","","40","¥ 16,749","¥ 16,749","1","B01EQWBMP4","B096SWMH89","31","31","28.5","19700"
"セット品 ケンツメディコ ワンハンド ウォッシャブルカフMサイズ付 電子血圧計 上腕式 医療用 レジーナiii KM-370III 血圧測定 病院 看護 介護 (ポーチ無し)","8994","43","","3","¥ 14,980","","1","B0DYZMWPBW","B0BW8TSZHD","19","11","8",""
"uxcell 真鍮シートロール 0.5mm x 200mm x 1000mm 真ちゅう製シート H65 金属箔プレート 金属材料 銅板 メタル箔プレート クラフト 工芸 手作り 電気修理 DIYプロジェクト用 金色","10826","6","","2","¥ 7,570","","1","B0FLD13P5N","B0GQYBH2S7","25","17","16","890"
"第一種電気工事士 技能試験セット モズシリーズ 1種 電線セット 電線1回分 練習用材料 2026年","10307","58","","91","¥ 16,700","","1","B00DPUL948","B0CGTXMW16","24.5","24.3","15.2","4140"
"Pxkmouy 口径70cmx10mフレキシブルダクト 蛇腹ダクト 換気用アルミホースpvc三層構造 蛇腹式 自由伸縮 切断・取付が容易耐熱・耐摩耗用ダクトホース バンナー 換気用アルミホース 排気ホース 換気用ホース低騒音 超長型 送排風機用ダクトホース 防水ダクトファン エアコン 塗装ブース用 アルミ フレキシブルダクト","18812","9","","2","¥ 33,467","","1","B0CQXHLL2L","B0CQX8KFDG","56","40","35","13000"
"TOPDON TC004 Mini サーモグラフィーカメラ、240x240 TISR解像度、適格請求書発行可能","9028","58","","595","¥ 21,798","","1","B0DJD2P3FF","","23.8","10","9.2","470"
"ハスクバーナ・ゼノア ヘルメット テクニカル H300 585058401","9031","57","","609","¥ 27,224","","12","B00PQD8TZY","B0GRTHHDKH","68.6","30.5","7.7","1438"
"[PETZL] ペツル L034BA コネクトアジャスト","9032","30","","37","¥ 9,108","","6","B0D1H86CGH","","20.9","14.5","5.1","150"
"工業内視鏡カメラファイバースコープ1080P HDボアスコープ搭載IP67防水充電式スネークカメラ4.3インチIPS画面8個のLEDライト付き15M半剛性ケーブル適用する室内清掃/管内観察/車両整備/排水口/設備検査用","5439","10","","125","¥ 10,852","","1","B0GJDJ9D3B","B0GMS45FW9","20.1","18.6","9.7","912"
"ケース販売 東京メディカル 油吸着材 グリスハンターロール 500mm×10M巻 4本入り GH-10 グリストラップ","11447","19","","8","¥ 14,674","","1","B0CTGSQ2ZF","B0CTH92NSF","50","50","50","7000"
"テラモト(TERAMOTO) ライトモップ(黒パイプ130)60cm","10436","41","","7","¥ 5,706","¥ 5,814","17","B00X5YI2EO","B09F9DK7FY","131","60.6","10","5000"
"バッテリーケーブル KIV 22sq 赤・黒セット 各色1.5m 圧着端子R22-8 600V 電気機器用ビニル絶縁電線","8522","38","","97","¥ 5,670","","1","B09TDRHDL3","B0CDFBKD2V","22","14","2","220"
"[ULUSERN] 空調作業服 ファンバッテリーセット 32V高出力 ワイヤレスリモコン付き 25段階風量調整 最大26時間稼働 120L/秒強風 静音・防水(ブラック)","9064","50","50","25","¥ 8,997","","1","B0H2XG48FX","B0H2XF2572","23.5","22.4","8.4","870"
"MORISAWA 台はかり 150kg デジタルスケール デジタル台はかり 目量 10g 充電式 折りたたみ可能 コンパクト収納 台秤 デジタル計量器 業務用 (150KG)","14062","22","","1","¥ 7,380","","1","B0FQTXSXQX","B0FQT4JZK2","6.5","3.1","1.4","6000"
"RIKADE 脚立 折りたたみ 手すり 取っ手付き アルミ 踏み台 梯子 ハシゴ ステップ台 軽量 室内 屋外 4段 洗車 掃除 コンパクト 持ち運び 省スペース すき間収納 滑り止め付 木の色 おしゃれ","9068","34","","228","¥ 8,799","","1","B09SFXVSQQ","B09X36MC5Y","137","47","6","5350"
"荘快堂 安全長脚絆 マッジクタイプ ブラック K-60 特大","9081","57","","83","¥ 5,400","","3","B00AH74OUI","B01MYE95R3","34.3","16.8","7","746"
"[トラスコ中山] 耐炎耐切創手首ガード 7ゲージ TATWG7 x 100双 x 【ケース販売】","14268","48","","42","¥ 90,909","¥ 90,909","1","B0C4XMJXM3","B0CGRP8NSM","18","15","10","400"
"岩谷マテリアル(Iwatani Materials) 【箱売り】 岩谷マテリアル 防草シート補修テープ 黒 80ｍｍ×10ｍ 36巻(小箱) 手で切れる 強粘着 つなぎ合わせ 押さえ具 隠し 隙間からの 雑草防止 幅つなぎ 繋ぎ 目立ちにくいカラー 直し ハンディカット 農ポリ マルチ の 補修にも","9087","57","","1014","¥ 32,835","¥ 32,835","1","B0BXK9B1BS","B0FY4SCK6V","39.3","30.6","26.1","6500"
"コモライフ 仁礼工業 プロ仕様・小型結束機 しめしめ60II キット 60IISKY-50 B・黒","9100","36","","110","¥ 6,300","¥ 6,300","12","B008972TX2","B01M8MYEYN","19.1","19","7.4","744"
"サンワダイレクト ミストファン 扇風機 キャンプ アウトドア コードレス 連続16時間使用 8L水タンク 首振り 風量3段階 400-TOY054","9106","54","50","11","¥ 13,800","","1","B0H1KGKDGG","B0H1KGJCVH","38","37","21.7","3500"
"耐荷重10.0t 4m 4本吊り ベルトスリングベルト幅9cm ベルトスリング 4点吊 最大使用荷重10.0t フック付き ベルト式 ネジシャックル式 4本吊り 吊り具10000kg 【10.0t-4m】","9114","57","","69","¥ 22,800","","1","B0G2XYY9NL","B0CBRGT1SK","43","32","13","17000"
"【現場車収納改造】スライドレール 工業用スライド 超重量ロック付き 幅53 1400mm 3段引き ローラータイプ 最大耐荷300kg ステンレス 屋外仕様 車、荷台、棚改造用 左右1セット (幅53-1400mm)","45260","16","","27","¥ 9,990","","1","B0FSZL9SHS","B0FSYS1BCF","151.5","10.5","6","8350"
"xinxin-home陳列棚 5段 耐荷重200KG キャスター付き ディスプレイラック 大容量収納ラック 組立簡単","11841","21","","3","¥ 8,750","","1","B0FJKV31M7","B0HGPXVCNW","128","22","9","7000"
"Elitech PG-30Pro 冷媒用デジタル圧力計バックライト付き87+冷媒0-500 PSI 1/8 NPT、マニホールドゲージと互換性あり (ブルー)","9126","28","","38","¥ 6,999","","1","B0BC7KT1R6","B0BC7KXQ66","16.6","11.4","4.8","250"
"大里 ステンレス オールアンカー SC-1090 M10×90mm 10本入 (46-237)","8043","24","","4","¥ 5,737","¥ 6,743","5","B00AASMNHU","B07VSP35JG","13.2","8","2.8","580"
"ADHES 養生テープ ガムテープ 緑 はがせる","9142","39","","122","¥ 10,380","","1","B0BX8N4MF7","B095RBNFWZ","35","29.6","23.4","6590"
"未来工業 プールボックス 正方形 ノックなし 300×300×200 ベージュ PVP-3020J","10511","39","","41","¥ 8,900","¥ 9,129","2","B01DNRLOKQ","B0DY11TBBP","32.2","30.8","21.4","3020"
"Aoje-Link 45mm ID 黒熱収縮チューブ収縮チューブ5M(16.4Ft) 1個","8138","15","","56","¥ 5,471","","1","B0936PMXBX","B093CXGC64","22.8","15.3","7.7","300"
"3M Peltor イヤーマフ ヘルメット取付型 25dB X3P3E-RD","9161","36","","140","¥ 21,995","","3","B00BBCTQGK","B07L5WFWPD","20.4","14.4","11.5","419"
"WAKAI かべロックDX 200本入 LDX00PB","9168","50","","30","¥ 6,064","¥ 6,064","23","B004OCMYVI","","15.1","12.1","11.9","1370"
"ガレージマット 駐車場 業務用 室内 屋外 荷台用 ゴムマット 赤 床 バイクガレージ 防水 滑り止め 物置 ラックシート 幅60 80 90 100 120 130 150cm、汚れ防止 床敷き保護 水洗い 積荷 耐久性 防震 工事 雑草対策、玄関 工業用 車 ガレージ 倉庫 下敷き 露台用(赤,150 x 300cm)","11848","5","","22","¥ 11,372","","1","B0DXF5TNHJ","B0DXF4SNJB","2.5","2.5","2.5","1000"
"[CoolFlag] 空調作業服 ファンバッテリーセット 30V 20000mAh 大容量【2026新モデル・PD18W急速充電・小型軽量・3Way出力】 暴風 日本製ブラシレスモーター 4段階風量調節 デジタル残量表示 Type-C双方向急速充電 互換用作業服ファン 熱中症対策 9cm服穴径対応","9182","59","50","30","¥ 5,681","","1","B0GSVQ56WW","","24.3","12.5","9.2","740"
"東京メディカル 紙帽子 使い捨て ヘルメット用インナー 紙製 来客用 ペーパーキャップ 清潔 PC800 (120枚入り(お得なまとめ買い))","9186","32","","11","¥ 8,118","","1","B0BZ7T9QQD","B0D6G63HS1","42","38.4","19.4","1680"
"ステンレス 作業台 三方枠 業務用 調理台 厨房 450×600×800 板厚1.2mmモデル ステンレステーブル ワークテーブル キッチン KIPROSTAR(キプロスター)","35932","22","","12","¥ 18,480","","1","B07L9L1PZM","B0CKBFMMZ4","83.5","58","10",""
"Pusike スチールラック 5段 ブラック, 高耐荷重 収納棚, DIY組立式, 家庭用・業務用, 子供・ペット安全設計 (ブラック, 幅90×奥行40×高さ183cm)","9203","48","","45","¥ 9,979","","1","B0FTGJHHML","B0FTGL7R1Y","95","44.5","17.5","15000"
"TUIYIDUO 脚立 伸縮 多機能はしご アルミ製 3段 全長 3.77m 耐荷重 150kg 折りたたみはしご 脚立兼用はしご 多関節設計","8631","7","","2","¥ 10,800","","1","B0H7W8D9Z6","B0HCY3MCBF","102","38","28","12020"
"QuiExact テキーラ観覧車 12カップ LED酒ボトルの表示棚 ショットグラス収納ラック カラオケ 誕生日 バー 居酒屋 ナイトクラブに最適 装飾品 クリスマス パーティ 新年会 忘年会 雰囲気UP おしゃれ 充電式 ショットグラス別売り (テキーラ観覧車)","9215","13","","50","¥ 9,980","","2","B0DJVDQMFJ","B0DJQSHZL3","57","47.9","27.6","2990"
"UYTON 台車 折りたたみ台車 耐荷重200kg 平台台 車 静音台 車 折りたたみ 業務用台 車 軽量 大型 屋内外で使用可能 倉庫、農業、輸送、ハンドリング、ショッピング、防災用 運搬カート 家庭用（48X72X85cm、ブルー)","9232","46","","1","¥ 5,960","","1","B0GQSFNC8R","B0HCHX9R29","72","54","15","7800"
"レジー用感熱ロールペーパーサーマルロールレジロール80 mm幅×80mm 70 m長さ×12 mm内径50巻入【5巻プラスチック包装】","9237","63","","2","¥ 7,999","","1","B0F7Y22JPT","B0GFCNB4Q9","35","35","16","14000"
"サンエイ化学 カートリッジ純水器 10L ホース付き TDSメーター付き スタンダード低床タイプ カバー付き CPDH-10TEC-TDS イオン交換樹脂 洗車","9238","65","","76","¥ 19,000","","1","B0DL51MJQH","B0DMSHR7TL","63.5","36.1","27.2","12930"
"THANKO 幅広ブレードで超音波シミ洗浄トルン2 ULTR25HWH 超音波洗浄機 シミ抜き 部分洗い 食べこぼし コードレス 防水","9239","70","50","5","¥ 6,282","","11","B0GJZQB3B8","","16.3","13.1","5.3","200"
"マキタ(Makita) 充電式LEDワークライト ML104 (本体のみ)","9240","74","","166","¥ 6,406","¥ 6,406","14","B01MYB57R7","B08429YFJQ","47","18","8","600"
"LVYUAN キャリーカート 階段 3輪 台車 階段 10つの車輪 折りたたみ ハンドキャリー ハンドトラック 荷物カート 軽量 段差 4輪 360度回転 静音 大型タイヤ バッグ付け 高さ調節 組み立て不要 固定ロープ付 荷物運搬 業務用 ハンドトラック 引越し 釣り アウトドア 耐荷重75kg アルミニウム合金 (シルバー)M SIZE","9241","45","","275","¥ 6,373","","2","B09BVMYV7D","B0DQV64LXH","63.5","40.4","12.1","4990"
"KAWELL 96W 作業灯、 ワークライト、 投光器 広角タイプ","6806","37","","15","¥ 7,119","","1","B0DQTLNW6V","B0GWMBBBSF","28.5","21.1","6.3","1910"
"AZ(エーゼット) スピンドルオイル4L [ISO VG10]","11158","24","","46","¥ 5,980","¥ 5,930","3","B000TGAQ0O","B06XR7V58L","25.6","21.6","11.4","3740"
"テラモト(TERAMOTO) エコ分別カラーペールW90 蓋 赤 オープン もえるゴミ","15680","28","","","¥ 5,010","¥ 5,010","20","B09QM17MR8","B09QMMM46D","56.8","40.8","27","1200"
"マックス チューブマーカー レタツイン LM-500F3 W295×D293×H94mm レタツイン チューブマーカー LM","9273","27","","8","¥ 77,000","¥ 77,071","19","B0CP7W3N89","B0CSSYNX2X","46.1","43.3","14.9","5320"
"緑十字 フロアサインスタンド フロアサイン-203 関係者以外 立入禁止 337203","9275","36","","20","¥ 5,000","¥ 5,000","21","B00GWY6YZI","B0FXF683DH","63","29","4.9","1170"
"FIELDOOR 折りたたみ台車 軽量 コンパクト キャスター付き タイヤ 収納 フラットキャリー 2WAY 4輪/2輪台車 積載荷重140kg/70kg ハンドル3段階 調整 アルミ 持ち運び 車載 キャリーカート ハンドキャリー 運搬台車 手押し 完全折りたたみ 隙間に収納 [ブラック×ブルー]","9288","38","","51","¥ 10,080","","1","B0DYD1GWJG","B0F8VK4FFV","67.9","41.7","12.8","7870"
"マックス(MAX) フォームガン ショートノズルタイプ FG-300","9295","18","","13","¥ 11,539","¥ 11,539","12","B003B3A7DI","","38.7","25.1","5.9","820"
"水素チューブ ショートタイプ 長さ 1.5m (1m+50cm) 100個セット 水素吸引用","8469","15","","6","¥ 21,480","","1","B0G62DRTLG","B0G64Q19YJ","40.5","31","20","3320"
"ライト付き、内部注水、KAVOとコンパチブル コントラアングルRose202CA(P)B","9304","23","","15","¥ 11,000","","7","B07FKK76TP","","10","3","2","2000"
"DIY 床用ガラスコーティング【 ウィルコート DIY 床用 】 プロ仕様 防汚 防傷 ガラスコーティング剤 常温硬化 フローリング 滑り止め 美観維持 指触乾燥2時間 [ 特許技術採用・ 日本製 ] (100ml)","9305","35","","28","¥ 26,820","","1","B0GFLHN8M4","B0GGLPZ21C","17.6","12.7","6.3","290"
"[AI-WILL] ニトリル手袋 使い捨て手袋 ニトリルグローブ ホワイトM サイズ 1函 左右兼用 (10箱×100枚)【食品衛生法適合 】 パウダーフリー ラテックスフリー","10441","21","","25","¥ 12,800","","1","B0DZ2828X1","B0F2S6Z813","36","26","25","460"
"内田生活寸法本舗 伸縮式カラーコーンバー 反射タイプ 調節可能 バリケードバー 三角コーンバー 進入禁止 駐車禁止 エリア仕切り 現場用品 (黄黒, 10本セット)","9311","42","","","¥ 8,040","","1","B0GF6J5YPL","B0GF6JQRZL","115","24","5","1500"
"パイロン バッグシーリングテープ紙 9mm×50m 金 20巻セット 袋の口留めテープ 紙基材 手切れ性 開封しやすい 環境にやさしい バッグシール","9313","45","","23","¥ 7,098","¥ 7,098","1","B0CCVT7TD2","B0CD285ZKH","19.1","11.5","11.4","770"
"Espresso Tokyo IceQuick Glass アイスクイックグラス 凍らせるグラス 冷却ジェル入り ダブルウォール 保冷 300ml (ギフトBOX)","6040","49","","86","¥ 5,250","","1","B0FHGGHDS9","B0FNW54GKC","17","11.3","11.2","460"
"timiland 人体骨格模型 約85CM高 全身骨格模型[全身筋肉着色、筋肉始動と終点、付椎間板神経骨格] 垂直に支え、脊椎は曲げられない，学校のためのヨガフィットネス骨格標本 骨格モデル (人体骨格模型2 曲げられない)","9320","31","","","¥ 8,680","","1","B0FPQM4MR6","B0DYDLDM3L","50","24.5","17.5","1910"
"ナンシン レスキューキャリーSONAE 300kg DSK-R301B2","9326","31","","42","¥ 20,999","¥ 34,512","10","B00GG4A9I2","B0HGLL5J6H","90","86.1","60","16901"
"ソフト鼻腔酸素カニューラ　ID-3242　 20個　（スタンダードコネクター）　成人用","16155","23","","21","¥ 8,570","","1","B008RLA8JW","","27","23.5","17","2000"
"Bonarca 清掃カート 業務用 【当店は”90L”回収袋＆フタ付き】 モップホルダー 折りたたみ 回収 袋 清掃用具 清掃用品 掃除道具","11662","22","","4","¥ 9,900","","1","B0DN6GPSYT","B0DN6DNSGV","88.5","54","27.5","11300"
"YESWELDER 大型ビューイングトゥルーカラーソーラーパワーオートダークニングシルバー溶接ヘルメット サイドビュー付き、4アークセンサーワイドシェード4/5-9/9-13溶接マスクTIG MIG ARC研削プラズマLYG-Q800D-A用","9336","20","","1036","¥ 21,560","","1","B07PZ9LKRD","B0932WTRTH","33","25.4","20.3","1152"
"TRUSCO(トラスコ) 安全表示旗 赤 PVC 400mmX400mm 厚み0.2mm SFR-400 x 10 枚【ケース販売】","9347","47","","64","¥ 7,212","¥ 7,212","1","B0BVLCZ2MV","B09NWPB9K2","42","32","24","13000"
"Sunnecko 包丁 包丁セット 牛刀 菜切り包丁 ペティナイフ 3点セット 高炭素ステンレス ダマスカス模様 木柄 皮むきナイフ おしゃれ 贈り物","10309","44","","57","¥ 9,113","","1","B0DBQ6XHLM","B0CW1BF7KW","37.6","18.1","3.3","900"
"ベストアンサー ハンドウインチ 1600kg オレンジ ワイヤーロープ 20m ワイヤロープ付き 携帯ウインチ ハンドウインチ レバーホイスト チルホール 農機 機械移動 ウィンチ 伐採 日本語取扱説明書付 1600kg","16825","40","","33","¥ 22,607","¥ 22,607","1","B09WMRJV3H","B0BFXFT4JV","56.5","31","9.3","12260"
"オガ電子 米麦水分計 TD-6","9359","11","","42","¥ 27,990","¥ 28,287","3","B07JLVDZG5","","28.2","21","10","1440"
"デシベルメーター、サウンドデシベルメーター、壁掛けおよびデスクトップサウンドレベルメーター、大型LEDノイズメーター、デシベル/時間、温度/湿度を表示、ブザーとアイコンアラーム付き、教室スタジオ用","9369","31","","11","¥ 6,999","","2","B0DJVGX4ZK","","35.8","19.2","5.4","930"
"山善(YAMAZEN) オフロード台車 折り畳み 日本製 48×75cm コンパクト 大型ノーパンクタイヤ 前方ストッパー付き 後輪固定タイプ 荷物 農業 園芸 業務用 家庭用 カート 台車 オリーブドラブ NTC-7548Z","9370","33","","","¥ 20,018","¥ 20,018","2","B0GC24XK7D","B0GCC1Z6KW","72","47.5","33","12200"
"TRUSCO(トラスコ) ドライワイパー 60cm用スペア TDW-60SP x 20 個【ケース販売】","15155","42","","9","¥ 25,396","¥ 25,396","1","B0BV6W3K4B","B0CDWBCFDF","61","19","14","7200"
"コニシ 両面テープ ボンド 凹凸面用 #04684×10 10個入","5245","48","","644","¥ 7,000","¥ 7,000","1","B00U0TRPZY","B07575J8L3","19","18","9.6","480"
"HIOKI (日置電機) ACクランプメータ 3280ー10F 【交流電流 1000A】 平均値 テスター DMM 日本製 テストリード, 携帯用ケース付属 [並行輸入品]","9377","107","100","53","¥ 8,994","","1","B0CSNH547N","","22.6","8.6","4.4","230"
"ニトムズ 多用途補修用テープ 48mm×10m J3910 50巻入り","12488","38","","64","¥ 31,000","","1","B00XL5AO1Q","B01M8JDGJS","52.8","27","22","8520"
"[GUANGJIA] 安全帯 胴ベルト型安全帯 胴ベルト型墜落制止用器具 ロック装置付き 軽量 ベルト 新基準腰ベルト 落下防止 墜落防止用器具新規格","9380","39","","36","¥ 8,999","","1","B0BYYRG1BG","","23.8","16.5","13.6","2620"
"DayPlus 伸縮はしご両用脚立1.9m+1.9m 伸縮はしご最長3.8m 兼用脚立 スーパーラダー 折り畳み伸縮梯子 多機能アルミはしご 持ち運びに便利 軽量 耐荷重150 kg 室内室外両用 自動ロック 安全ロック スライド式 アルミ梯子 ホームロフトオフィスに適合 日本語説明書","9381","66","","266","¥ 13,580","","2","B08RY14YFV","B0H94799BV","84","48.5","15.5","13600"
"トラック用荷台はしご 2段 はしご トラック用 手すり付き 碳钢 トラックステッパー 軽トラ 荷台ステップ トラック昇降設備 折りたたみ式 昇降ステップ","16168","22","","10","¥ 5,999","","1","B0DQGNBK11","B0DX1MLGXB","46.6","34.6","15.4","4130"
"AZ(エーゼット) フードグリススプレー 300ml/712/30個","9397","45","","50","¥ 33,303","¥ 33,303","1","B01G86MG92","B09G2R8WP8","43.5","30.5","21.5","9500"
"リンレイ ハイテクフローリングコートつや消し20 4L","19093","21","","51","¥ 6,057","¥ 6,057","5","B01BVE3LHM","","26.9","19.6","13.4","4240"
"山崎産業 コンドル タ-ビ- CS-300 Y8BL C186-300J-MB","9403","51","","35","¥ 5,631","¥ 5,631","31","B00485XKZA","B088X5SZX4","28","25.5","6.3","1080"
"砂利 を 固める 液体 砂利用接着剤 岩石固着剤 パティオ テラス 裏庭 遊び場 造園 敷設作業 屋外舗装用 (2kg) [並行輸入品]","16352","10","","","¥ 5,199","","1","B0H2PKWB4P","B0H2P8Q9HP","1","1","1","5000"
"PATIKIL 5m(16.4フィート)ラバーチューブ、内径13/64インチ(5mm) x 外径3/8インチ(8mm) スリングショットラバーチューブ 天然ラテックス 運動ストレッチ用 実験室用 家庭用ホース グリーン 5080","11038","15","","29","¥ 5,299","","1","B0FNWXSLT9","B0FRRXNQ75","20.5","16.5","4","177"
"TINMORRY PET-CFフィラメント 1.75mm 3Dプリンター用 1kg ブラック","11970","55","","","¥ 6,999","","1","B0D874HQVW","B0H98P67ZY","21.8","20.7","6.9","1390"
"KLD 3000VA 昇圧専用変圧器 100V⇒200V・110V⇒220V・125V⇒250V 海外機器日本使用向け 静音コンパクト","9417","21","","33","¥ 12,380","","1","B098749JP2","B09DC4XXXK","32.2","27.2","17.7","7350"
"KIYOMARU リアルで再現性の高い1/2サイズ全身骨格模型 人体模型 骨模型 約85cm 骨格標本 動かせる大関節 (リアルモデル)","9418","58","","63","¥ 18,800","","1","B0C7NG2W7J","B0H5C3ZWCH","50.2","24.2","16.7","2210"
"LifeBasis二酸化炭素濃度計 温湿度計 ホルムアルデヒド濃度計 PM2.5測定器 10in1マルチ空気状況測定器 アラート機能通知付き CO2センサー PM10測定器 PM1.0測定器 粒子状汚染物質測定器 快適指数 時計 大画面 高精度 卓上型","9422","55","50","73","¥ 8,998","","1","B0GVNG6DY3","B0GWCQ8W8L","17.5","10.5","3.7","260"
"富士グローブ　PUライナーアルファブラック　合成皮革手袋　黒色　Lサイズ　10双組　日本製素材使用","9425","33","","22","¥ 9,273","","5","B01N29EMDD","","24","20","11","580"
"Imspace 超音波洗浄機 業務用 3.5L 超音波洗浄器 家庭用 40kHz 眼鏡洗浄機 0~30分タイマー 80℃加熱 日本語説明書付き","14148","18","","","¥ 22,980","","1","B0GX1HZD9G","B0HF7N7SSB","30","30","19","3000"
"Linda グリラｰNEO 20Kg/ボトル QZ25","9450","46","","50","¥ 11,980","","10","B00QG4W7GE","","43","35.5","18.5","21500"
"Flir One Pro サーモグラフィカメラ iPhone USB-C 480x360","9454","38","","69","¥ 45,851","¥ 45,851","7","B0DPXWFD12","","16","10.2","7.2","322"
"テープカッター 電動テープカッター 作業効率UP 自動テープディスペンサー M-1000テープ切断機 業務用（7-50mmテープ適用）工場用 物流用 梱包テープ オフィス用","9464","35","","23","¥ 12,590","","2","B0BTT73GK7","","26","19.2","18.2","2770"
"GREEN DEVIL 作業用安全ヘルメット 白/黒/緑 二重ゴーグル付き（電気メッキ銀ゴーグル＋クリアゴーグル） 軽量 高通気性 ABS 製 耐衝撃性 夜光反射 林業・建設・産業・職人仕事向け 防護帽 工業用保護ヘルメット EN397 & EN166 認証","15859","32","","30","¥ 6,049","","1","B0DYJR9RLJ","B0FMDNR9PW","30","21.6","17","770"
"バッチリボードアンカー 石膏ボード用 ボードアンカーねじ込み開脚型 300本 下穴不要 エアコン取付 壁掛け B-913K300","6019","36","","1","¥ 8,000","","1","B0FN7JN2MM","B0FM34BXK8","20","18","12","2700"
"【120ml 大容量×自由充填】おめでたサポート ベイビーピンク｜女の子 妊活ゼリー 日本製｜シリンジ10本付き","24335","24","","31","¥ 6,980","","1","B0FBFMKB7R","B0GVSNZBST","30.8","19.4","11.4","500"
"Weytoll 酸素濃度計、ガス検知器、酸素測定器 環境酸素濃度検出器","9498","36","","5","¥ 12,769","","2","B0CKLDBVH6","","24.5","9.3","6","370"
"伸縮作業台 のび台 スパイダーレッグ 折りたたみ作業台スタンド 3秒設置 組立不要 8脚 X型交差構造 折りたたみ スタンド 20mm高さ調節可能 ステンレス鋼 天板別売り 幅170cm 奥行60cm 高さ73-75cm 耐荷重約1500kg 軽量 収納バッグ付き DIY 切断 作業台ブラケット(ステンレス鋼- 8脚)","9507","43","","15","¥ 6,399","","1","B0GWZX5RWR","B0GHNMGZ3F","90","25","13","1800"
"T字 ジョイント 単管パイプ Φ48.6mm 3方向 接続金具分割型 後付け クランプ 小屋 倉庫 自作 NTY-TA1 10個set","9513","64","50","13","¥ 7,200","","1","B0F5H3Z8BY","","20","15.5","10.5","5330"
"DOKEEP 100個入 カラビナ ミニカラビナ スナップフック SUS420J2 ステンレス鋼 軽量 耐久性 おしゃれ 多機能 スプリングフック (100)","9516","34","","401","¥ 8,999","","1","B09M4193M6","B08SBT6KRJ","20.1","15.2","4","810"
"RESIONE 3Dプリンターレジン SP64 標準的なPROレジン マットでシャープなディテール 使いやすい光硬化可能樹脂 405nm LCD DLP MSLA 光造形3Dプリンター用uvレジン 1000g（ブラック）","16376","32","","19","¥ 5,999","","1","B0D8PRQC3R","B0D8PVKHGK","25.4","10.4","10.2","1220"
"LASELION MS04 ピンレス水分計 ボールプローブ付き 非破壊エリアスキャン用 木材・壁・建築資材に最適 カスタマイズ可能な湿度アラーム 内蔵フラッシュライト","8849","26","","1207","¥ 6,500","","1","B0DQNFT9WH","","22.1","6.4","4.2","230"
"ピカコーポレイション はしご兼用脚立 MCX-150","9533","38","","73","¥ 11,700","","19","B0179FPAGW","B0G4PSB7SY","150.5","58","17","5502"
"ABC商会 環境対策型洗浄剤 ケセルワン エアゾールタイプ 300ml KSR-300 12本入","9537","17","","123","¥ 16,228","","2","B0CP3DH8KH","B0CQ1Z12N7","36","27","16","5000"
"CATERPILLAR キャタピラー CAT サーキュレータ- 45cm 工場扇 業務用 扇風機 送風機 壁掛け 床置き 屋外 EEMC-18ACBK ブラック","9543","51","50","61","¥ 25,100","¥ 30,156","4","B09SKN9W3Z","B09V14NBQS","62","56.5","28","11500"
"NARISHIBA 軽トラック 荷台シート トラックシート ゴムバンド付き 厚手 エステル帆布(PVC) 防水加工 屋外 室外 軽トラック 荷台カバー （グレー) 約1.9m×2.1m 軽トラック用)","9544","45","","3","¥ 5,966","","1","B0GFN7ZMZ3","B0FCMH6SBX","39.7","30.9","6.8","2610"
"ANYCUBIC Wash & Cure 3 洗浄硬化機、3dプリンター 洗浄用、IPA節約、容量拡大、全面硬化、強力洗浄、操作便利","9550","38","","15","¥ 15,999","","1","B0CGXPDS4T","B0FSRHGZ2S","44.1","29.2","29","3650"
"高断熱 屋内外用の高耐久隙間テープ EPDM ゴムスポンジ 粘着付 厚み10mm 幅30mm 長さ10m 岡安ゴム タフロングマイクロセル10","18793","7","","14","¥ 5,939","","1","B09DJQCD3M","B0847DSCXB","40","40","3","480"
"Selens ガッファーテープ UV蛍光 12mmx23m テープホルダー付き 防水 テープ 4本入り ビデオ撮影/パーティー/映画/劇場/舞台適用","9576","29","","8","¥ 5,990","","1","B094XYNWTS","B094Y1W4QQ","17.2","13.9","9","320"
"A AIRLLEN 収納式軽量折り畳み作業台 -アジャスター付き －150×75cm 均等耐荷重200kgs折りたたみデスク － 組み立て不要－ 省スペース ワイト (SFD-WH75150)","9577","42","","24","¥ 23,999","","1","B0DFTV41XJ","B0F9G6P2Y4","189","97","11","20600"
"uxcell Vベルト 4/A158 1個入り 内周4000mm ベルト上幅52mm 4バンテッド ゴム製 産業 空調 機械 動力伝達用 黒","17521","9","","2","¥ 7,600","","1","B0H25YSCMC","B0H44VB69R","36","28","9","2340"
"Supulin【40V業界超高出力・41800mAh大容量】ファンバッテリーセット 空調作業服用 最大23時間連続稼働 5色選べる 5段階風量調節 9CM服穴径対応 熱中症対策 暑さ対策 農作業 屋外 釣り アウトドア PSE認証済 ブルー","9582","16","","19","¥ 11,998","","1","B0H38JBG34","B0H38J4H6B","40","37","7","1200"
"[藤井電工] 新規格 フルハーネス用ランヤード ノビロン 伸縮ロープ式 ブラック 黒 ツインランヤード THL-2-NV93-21KS-2R23 2丁掛けランヤード 日本製 高所作業 墜落制止用器具 フルハーネス 安全帯 ツヨロン TSUYORON","9602","34","","4","¥ 11,500","¥ 11,714","13","B07NMTXBG9","B0CMP6VM9Z","27.1","14.2","9","1230"
"ナカトミ(Nakatomi) 75cmビッグファン[全閉式] BF-75VZ","9614","62","","2","¥ 28,821","","14","B0D9W2CL4M","B0D9W2DJC8","94","68.9","49.9","39000"
"デジタル テスラメーター ガウスメーター ハンディータイプ 測定範囲 0〜2000 mT（20000Gs） 精度±1〜5%選択可 高精度ホールセンサー・2つの測定モード バックライト＆自動レンジ切替＆単位切替＆磁極自動検知 電池付属 日本語取扱説明書付き(GT129B)","11068","31","","13","¥ 7,992","","1","B0DFQB3M8Z","B0DFQ8CK7P","22.7","18.7","5.2","550"
"京都機械工具(KTC) ワークマット ワイド 1210×570×30mm AYM-2","9627","52","","164","¥ 7,491","¥ 7,491","29","B01BV8WI90","B07S6BR1PP","58","21.2","19.8","1320"
"スミス・アンド・ネフュー ウンド マネジメント　メロリン未滅菌　20×30cm　25枚入　66974944 …","9627","41","","129","¥ 5,723","","4","B018G8XVY4","B0CYXQX7PM","31.5","21.5","10.6","470"
"GreenTouch 75インチ 10ポイント マルチタッチ 赤外線タッチフレーム 赤外線タッチパネル 75インチ 赤外線タッチオーバーレイ USBドライバーフリー HID対応","9628","37","","213","¥ 39,425","","5","B07BFPKY6K","B0F1YPS1HQ","176","11.7","5.3","2449"
"Creality 公式K1Cセラミックヒーティングブロックキット ハイフローホットエンド 300℃高温対応 600mm/s 高速プリント 3DプリンターK1/K1 Max/K1C用","9629","54","","41","¥ 5,949","","1","B0DBTXG5L4","B0GWPPSV18","10.6","4.4","3.3","90"
"TRUSCO(トラスコ) 長期間対応帯電防止袋 縦600X400t0.05 青 50枚入 TAD4060","9633","9","","1","¥ 6,624","","19","B07LCC5WWR","B09NWRKKKW","41","31.6","2.8","1100"
"日本精工(NSK) 深溝玉軸受 オープン形 ラジアルボールベアリング 6038","9636","27","","","¥ 39,500","","4","B07DHR4ZGW","B07GXVQB96","34","34","9.6","9390"
"まつうら工業 ニューテトロン水平親綱(緊張器付)両端大口径フック付 16mmΦ×10m 緊張器側ロープ抜け防止加工済み","9638","31","","20","¥ 19,800","","11","B074NWTLZ8","B07N1QCFL1","37","14","10.2","2980"
"日動工業(Nichido Ind) スポットクーラー 1.8kw 100V 省スペース コンパクト SPC-18ACN-B","17963","37","","","¥ 33,000","¥ 33,000","1","B0GXCWGR5Q","B0H5VY2ZNT","58","48","28","21500"
"LIOTOIN 呼び出しベル 介護用 ブザー ナースコール 家庭用 無線介護ベル 緊急ボタン コール ボタン 警報 システム 呼び鈴 よびだしベル 介護 (ポータブル受信機1個+プラグイン受信機1個+ 送信機3個）…","15492","34","","164","¥ 5,174","","1","B0CNGYXXV1","B0CZ3S6GLF","15.7","10.9","9.2","440"
"FLYDOG ワイヤレス呼び出しベル 飲食店 業務用スタッフ呼び出しベル 日本語 ワイヤレスチャイム スタッフ呼び出しに 店舗 飲食店 介護施設 スタッフ 呼び出し 呼鈴 顧客 介護者 患者用 [本体＋子機15台-M1黒黒+腕式受信機2台+中継機]","9678","52","","41","¥ 29,800","","1","B0B63NVPF9","B0H4VVG9MJ","32.6","21.9","10.6","1480"
"simPLEISURE カラーバーストZ 小型 バーナー トーチ ストラップ付 充てん式 レッド 6個セット qa100117e06n02","9682","19","","6","¥ 5,973","","1","B0FH62GF9G","B0FH62YJJ1","18","13","2","262"
"SKY TOPPOWER 直流安定化電源新型,32V 10A 可変電源USB-C経由のPC制御対応,プログラム可能 エンコーダーノブ、18W急速充電","9698","33","","8","¥ 7,648","","2","B0GT8YDYBD","","29.4","17","12.4","1360"
"Qifeiyax 【2個セット】 ソーラー街灯 屋外 LED 高輝度10000LM IP66防水 人感センサー/明るさセンサー付き 自動点灯 防犯ライト ガーデンライト 庭 玄関 門柱 駐車場 通路 リモコン操作 5モード切替 8000mAh大容量電池","10502","25","","81","¥ 13,980","","1","B0GD6SLS9Q","B0GC5PH88Y","43.7","35.1","19.9","3810"
"サンコーテクノ ステンレスシーティーアンカー 貫通穴施工可 ねじ径3/8インチ長さ30ミリ 中身入数(約)100本 (54-383)","16200","29","","","¥ 17,455","¥ 17,455","9","B002P93HHW","B084H1W23K","15","11.4","6","1798"
"キングジム ラベルライター テプラ PRO SR170 ＆テープ1本 (+試用テープ1本付属) ＆ アダプター ＆ 電池 [3点セット]","9709","15","","40","¥ 9,500","","2","B0BKSPL9XC","","33.8","24.3","16.5","1570"
"飛び出しくん 吹出しタイプ ブロック用 TBN－01B","9711","15","","93","¥ 5,000","","2","B00C1ZOHWY","B07BS9SKCW","69","44.4","17.6","2800"
"EUHOMY 製氷機 家庭用 【高速製氷 2種類氷サイズ 持ち運び便利 5.25kg】自動洗浄機能 コンパクト ハンドル付き 氷バスケット ポータブルアイスメーカー 小型 自動製氷機 大容量水タンク 透明窓 水不足提示 静音 省エネ 氷つくり機 卓上 家庭 業務用 製氷器 日本語説明書付き","9741","81","100","1296","¥ 11,999","","1","B0GHLTSTC9","B0GQLP3DBJ","31.7","30.7","23.9","5860"
"ブラザー x ビジコム 感熱ラベルプリンター QL-820NWBc-BC (長尺ラベル DK-2205同梱モデル)(ネットワーク接続 有線 無線LAN Bluetooth 対応) 感熱ラベルプリンター 宛名ラベル お薬手帳ラベル 値札ラベル 商品ラベル 食品表示 食品成分表 スマホ印刷可能 赤黒2色印刷可 brother","9742","68","50","39","¥ 27,400","","1","B0CQ4XCBFT","","29.6","27.9","18.2","3050"
"オークラ輸送機 スチール製ローラコンベヤ φ48.6×t1.4mm フレーム内幅250mm フレーム厚t2.3 ピッチ100mm 機長1500mm LR250100X1500A","56943","7","","24","¥ 22,165","","1","B079NQZ6HG","B08RFCKZ9W","154","35","14","17500"
"ライト精機(Right Seiki) ライト タップダイスセット LT-31B","9754","79","50","89","¥ 5,055","¥ 5,055","11","B001Y560P4","","34.2","15.8","2.3","1020"
"Starlink標準パイプアダプター V3/Standard 4・4X/Enterprise対応 Standard 4 Pipe Adapter スターリンクアンテナ第3世代・エンタープライズ用 Starlinkポールマウント 屋外設置 防水 耐候性 高品質ABS樹脂＋ガラス繊維 360度回転 角度調整 屋根取付 RV 車載 スターリンクスタンダードアクセサリー Cosmic3C","11174","48","","12","¥ 5,200","","1","B0DMP53X9L","B0GT1LP117","21","14.5","9.5","490"
"Anasgo PVC Ambu BVMバッグ、MPRコンプリートセット、大人 (青)","6898","33","","27","¥ 6,199","","1","B09PRV5V2R","","29.1","20.2","17.1","1140"
"マックス ラベル 上質感熱紙 ラベルプリンタ用 6巻入 LP-S4028","11063","36","","39","¥ 9,482","¥ 9,482","21","B000FHPWS8","B07CVDMVYZ","29.6","10.2","9.6","1579"
"マルチリング式 ドラム缶リフター ドラム缶 吊り具 2000kg 2t 小型・軽量なドラム缶専用吊り具 スリングチェーン吊り具【2t-4Leg】","9781","29","","35","¥ 10,500","","1","B0FBR63CZZ","B0FBR27D25","23.6","18.2","14.7","7810"
"Marchfa 回転灯 点滅灯 LED警告灯 防水 12-24V対応 48LED 視認性 マグネット式 パープル/紫色","9561","25","","136","¥ 5,199","","1","B0CKMBT6BT","B0C1TZF34W","34.1","18","7.7","1190"
"Bxzzuis 医療用ワゴン 台車 介護用 3段式 キャスター付き 診察車 病院用 看護用 回診車 ポータブル美容カート 収納 配膳 収納多段階コスメカート バスルーム キッチン リビングルーム に最適 (グレー,カート + 引き出し)","13600","21","","1","¥ 6,565","","1","B0FCWWTZJL","B0FCSLFJSK","50","35","18","3350"
"[ZOVIRA] 脚立 4段 折りたたみ 軽量 踏み台 ステップ台 耐荷重180kg 室内 屋外 洗車 高所作業","11742","0","","","¥ 6,900","","1","B0HG8TBF3K","B0HG8R3Y57","110","40","5","5500"
"ナカトミ(Nakatomi) スポットクーラー 45cm 冷風ダクト 業務用 ポータブルエアコン スポットエアコン 冷房機器 オプション ダクト NCD-045C ホワイト","9786","34","50","5","¥ 5,019","¥ 5,019","2","B01LXSZ8DE","B0GY77YG1P","46.5","14.3","14.2","720"
"ガービー（Garvee） 足場板 アルミ 伸縮式 長さ調節可能 2.4~4 m 耐荷重200 kg 両面使用可能 固定バンド付き 滑り止め 作業用","9787","30","","16","¥ 25,599","","1","B0F9YT51CY","B0F9YT3ZCQ","233.5","36","9.5","16950"
"伸縮作業台 スパイダーレッグ 瞬速5秒設置 組立不要 軽量 折りたたみ 作業台 ワークベンチ 高さ調節可能 拡張可能 ステンレス鋼製 キャリーバッグ付き DIY 木工 切断作業 BBQ 万能作業デスク","11428","16","","2","¥ 5,999","","1","B0H2VXKNTH","B0H2V7PCWD","90","13","13","2300"
"Pudibei 電動アクチュエーター リニアアクチュエータ ストローク50-800mm 推力20-2000N 速度5-110mm/s IP54 12V/24V 農業機械/産業電気昇降システム/牽引ベッド/電気ソファ/電動リフトレバーに対応 (24V, 500mm)","15081","13","","5","¥ 8,462","","1","B0CSJHB6TT","B0CSJGVGCX","60","10","8","1500"
"ADHES 養生テープ ガムテープ布 はがせる 窓ガラス 仮固定用 YC16 低粘着力 100mm ⅹ 50m 6ロール","20627","10","","59","¥ 8,359","","1","B0D53GQV5B","B0BBTXLD7S","40.9","22.9","15.1","4850"
"スーパーハイランド 46 (耐摩耗性油圧作動油) 20L","9797","62","50","98","¥ 15,000","","3","B01IJV64X8","","40","35","35","20000"
"コーンバー 伸縮式 10本セット 1.2〜2m対応 反射タイプ 三角コーンバー バリケードバー 伸縮コーンバー 進入禁止 駐車禁止 エリア仕切り カラーコーン用 パイロン用 連結リング付き 工事現場 駐車場 作業現場 区画整理用 黄+黒","11591","3","","1","¥ 5,999","","1","B0H82SW99Y","","116","17","13","4500"
"Ceritica 充電式自吸式ウォーターポンプ マキタ18Vバッテリー対応 コードレス排水ポンプ 300Wブラシレスモーター","9063","2","","","¥ 8,580","","1","B0HBPBNFBW","","36.5","23","19.5","4250"
"【ケース品】業務用トイレットロール170m6ロールシングル 1ケース8パック(48ロール)入り","9804","61","50","7","¥ 5,514","¥ 5,514","2","B0FDVXCCYN","","45.4","45.4","33.2","15000"
"QIDI Q2 専用 純正バイメタルノズル 0.6mm 2 個入り 高耐熱 高耐摩耗","12816","17","","","¥ 5,599","","1","B0FKGMWL5T","B0FKMBQMYD","20.9","16.8","6.3","80"
"KVK LLFAテープ シリコーン自己融着テープ R1-5-8AJP-K 赤","9825","36","","4","¥ 13,048","","11","B094VFFNYV","","13.8","12.8","3.8","270"
"EUHOMY 【三日月氷 製氷機】 家庭用 12分16個 氷の厚さ調節可能 タイマー機能 LEDインジケーター 42dB静音性 1.8L大容量水タンク 自動洗浄機能 可視透明窓 小型 ミニ製氷機 取り扱い簡単 1.1kgアイスバスケット ポータブル アイスメーカー ふたり暮らし用 コンパクト 製氷器 氷つくり機 日本語取扱説明書付き","9832","74","50","1725","¥ 33,249","","1","B0FQBZ4TRB","B0FQC9HF91","44.9","39.7","28.4","11470"
"Welch Allyn(ウェルチアレン) ハロゲンペンライト 76600","9834","38","","87","¥ 9,500","¥ 11,109","7","B005UT0OSY","B073V212JT","18.3","6.8","3.4","92"
"業務用扇風機 工業扇風機 金属製ボディ【業界最新の7枚アルミ羽根 無段階風量調節】パワフル 大風量 角度調節可能 サーキュレーター 床置きファン 業務用 ハンドル付き 循環扇 送風機 180cm電源コード 熱中症対策","9835","41","50","8","¥ 10,980","","1","B0H1LLW5CN","B0HGD8447J","44.8","42","29","5700"
"EastEamily ハンドフォークリフト ハンドリフト 200kg 手動油圧式 最大揚高90cm 折りたたみ 倉庫用","9843","2","","2","¥ 30,980","","1","B0H6W1TNKD","B0HFR5RP94","129","61","25","46180"
"LOOPFKL デリバリーバッグ 防水ウーバーイーツ 配達バッグ 大容量 30/43/62/80L ウバック 固定 バイク 自転車 デリバリーボックス フードデリバリー インサートできる 宅配 軽量 保温 保冷 配達用 ブラック (62L)","9854","24","","5","¥ 5,390","","1","B0GWD4BFYH","B0GWD9TBV6","58.5","41.4","8.8","1790"
"テラモト(TERAMOTO) 体育館モップ 90cm","9856","29","","22","¥ 5,218","¥ 5,218","27","B00485Z9BI","B071V7T3RC","143.3","24","9.6","2100"
"(STRAIGHT/ストレート) サイドスリップテスター【専用ゴムマット付】 15-700","9857","32","","24","¥ 20,800","","1","B002WR996K","","46.2","27.2","2.2","1139"
"パナソニック(Panasonic) 天井埋込型 LED 非常用照明器具 昼白色 30分間タイプ 低天井 小空間用(～3m) 自己点検スイッチ付 リモコン自己点検機能付 埋込穴φ100 NNFB90605K ホワイト","9859","73","","7","¥ 9,980","¥ 19,978","11","B0CKX5KKHV","","22.2","14.6","11.4","560"
"トラスコ中山(TRUSCO) 安心クッション コーナー用 油面接着 TAC18YS イエロー 大 1個入 x 50個 【ケース販売】","9860","32","","21","¥ 17,273","¥ 17,273","1","B0C5H4RNTM","B0CB59XPNF","37","26","23","2000"
"Cubilux RCA ボリュームコントローラー パッシブ式 インライン音量調整ノブ 高精度アナログ音量調整 アクティブスピーカー・サブウーファー・スタジオモニター対応","9862","28","","30","¥ 5,690","","2","B0DJQMXQBK","","12","6.2","5.1","200"
"[椿モデル] フルハーネスY型 Mサイズ(160-180cm) 墜落制止用器具の規格適合品 黒 フルボディ 安全帯 HYF2-M-BL","9864","53","","75","¥ 16,325","","5","B07N7XFL71","","33.5","20","14","1250"
"オレンジクリーナー (4L)","9866","22","","57","¥ 5,929","¥ 6,891","17","B004ANJH9S","B0G5FPRVH8","26.6","20.3","12.8","4392"
"安全クッションL字型 NBR(発泡ゴム) 細 黄 【サイズ】22x6x24mm 長さ900mm 【10本セット】","11505","28","","7","¥ 5,554","¥ 5,554","2","B0DW8PYCZV","B0DXBKQRSC","92","9.2","9","600"
"Teslong 先端可動式 ファイバースコープ 210°双方向回転 USB C内視鏡カメラ1080P HD 工業用内視鏡 半硬質チューブ","9873","40","","23","¥ 14,249","","1","B0FMK9XPF7","","42.4","21.9","8.8","910"
"[ワークル] クロダルマ 2026年 春夏 半袖 空調ウェア サイドファン 反射材 高視認 安全 冷却 快適 夏服 空調 涼しい 作業着 作業服 268921 (88.蛍光グリーン, 4L)","33917","7","","1","¥ 6,008","","1","B0GNRVC3M5","B0GNRZ4TD5","10","10","2","200"
"【安心のサポート体制】 キャリーカート 耐荷重 75kg 階段 回転3輪式 ハンドトラック 10輪 階段でも使える 三輪 折りたたみ 軽量 段差 台車 静音 大型タイヤ バッグ付け 高さ調節 固定ロープ付 荷物運搬 業務用 引越し 釣り アウトドア アルミニウム合金【新モデルカラー登場！】（ブラック）","9880","30","","24","¥ 6,373","","2","B0B7GL9WHM","B0B7GLWKCM","27.9","22.1","13.3","2110"
"(STRAIGHT/ストレート) 4連バキュームゲージセット ミニタイプ【オリジナル商品】 15-668","9889","41","","248","¥ 15,980","","1","B071R6ZHVG","","30.6","20.6","8.6","2020"
"RemixOri 10m 巻き取り式安全ブロック セイフティブロック 墜落防止器具ローブ ワイヤロープ 高強度 耐荷重145kg 耐久性高い ベルブロック カラビナ ベルブロック 昇降用ベルブロック 高所作業 電気工事用 落下防止 落阻止器具 安全帯 GTC認証推奨","8591","41","","24","¥ 6,580","","1","B0F6TKPZ37","B0FB8H5LRL","23.6","21.8","7.7","3180"
"[ワークル] アタックベース 2026 春夏 HUMMER 空調風神服 チタンベスト サイドファン 立体風気路 脇通気路 UVカット 遮熱 フルハーネス ランヤード取付口 フックハンガー 保冷剤ポケット 涼感 作業着 作業服 熱中症対策 服単品 09940 (JP, アルファベット, M, 02.ネイビー)","11640","12","","2","¥ 5,610","","1","B0GRFGCPZ6","B0GRFSRKZX","10","10","10","200"
"ダイドーハント (DAIDOHANT) (傘釘) ステンレス連結傘釘 ブロンズ [ 木下地用 ] (SUS304) (呼び径d) 2.7 x (長さL) 90mm (180本入) 28159","6664","16","","26","¥ 5,196","","1","B07TZ3RBH4","B07V5VV38L","16.6","11.5","8.9","970"
"脚立 5段 スチール製 脚立 折り畳みロック機構付き 大型ツールトレイ搭載 二重滑り止め 広幅ステップ 軽量 折畳厚み 5cm 隙間収納 耐荷重 180KG 室内屋外兼用 家庭 DIY・大掃除・電球交換・洗車・倉庫・工場・業務用はしご","9903","22","","5","¥ 10,299","","1","B0F87PRBDM","B0H5C3CXVX","156","47","6.2","6000"
"【箱売り】コニシ ボンド 高性能コンクリート用 20ml 10本入り","9751","20","","","¥ 7,019","¥ 7,019","1","B0CLL1CFPL","B0CLNBWJ7J","19.4","15.5","10.9","490"
"TUIYIDUO 井戸ポンプ 手動 ステンレス製 厚壁 加厚ロング設計 庭・農園用 ウォーターポンプキット付き","9906","8","","2","¥ 7,980","","1","B0H1CGT3R7","B0H4P947JN","64","33","25","5580"
"ZanLore 駐車場 クッション ブロック塀 ウォールクッション 衝突防止 コーナーガード NBR素材 厚さ11mm 長さ200cm 柔らかい 耐油性 耐候性 自由にカット インストールが簡単 DIY パーキングブロック 柱角 家具 子供部屋 幼稚園 保育園用壁マット 壁の隅 室内 室外 (長さ200cm 幅50cm,ホワイト)","19859","3","","5","¥ 5,315","","1","B0FH2FLBPH","B0FH2G5P3Q","52","30","30","1000"
"[Ever-Power] 2026年夏 56V最強版 45000mAh大容量 空調作業服 バッテリー ファンセット 56V超高出力 最先端三相モーター搭載 418CFM/秒 暴風 防水防塵 水洗い可能 ファン付きベスト用 3D立体風路 超軽量 強モード8時間稼働 熱中症対策 男女兼用 作業 現場 アウトドア ファン付きウェア用 互換用 汎用 9cm穴対応 PSE認証済 (レッド)","9912","52","","23","¥ 7,980","","1","B0GTYTLH6D","B0HFWBMHYL","25.4","20.5","6.2","940"
"LBFXQ ガレージライト 100W 作業灯 6灯式 昼白色 6500K10000LM 天井照明 取付簡単 工事不要 角度調節可能 省エネ工事用ライト 高輝度 車庫 倉庫 納戸 作業灯 昼白色（4個）","9912","37","","36","¥ 5,699","","1","B0H2GFLG7D","B0H2GRMPPM","28","28","17.8","1550"
"Lifebasis放射線測定器 ガイガーカウンター 水質放射線検出器 核放射線検出器測定 放射線測定器 放射能測定器 X線・β線・γ線測定 TFT液晶ディスプレイ","9914","73","50","484","¥ 8,199","","1","B0CZ75GL45","B0G7JZFG1H","16.9","11","3.8","200"
"【ケース販売】TRUSCO(トラスコ) ストレッチフィルムホルダー ブレーキ機能付 TSD-774×75セット","10786","47","","","¥ 85,218","¥ 85,218","1","B09T93229F","B09W99YNYR","58.6","16.8","16.2","660"
"【界和】折りたたみ台車 200kg高耐荷重 伸縮荷台 6輪TPR静音キャスター カーボンスチール製3段階高さ調整 滑り止めパネル コンパクト 収納 重い荷物 運搬カート 引越し 防災用 買い物 家庭用 (红)","11188","13","","20","¥ 5,299","","1","B0H4RMH9YH","B0H4RXLRJM","49","31.5","10","2890"
"タジマ 新規格安全帯 ハーネス用蛇腹式シングルランヤード 伸縮性のある蛇腹式ロープで不使用時は短くなる より戻し付き硬質焼入ゲートスチールフックL2 ランヤード長150cm A1JR150-L2BK","11106","51","","32","¥ 8,734","¥ 8,734","22","B07N84BPLV","B0BHWJJWHK","27.3","18.1","8.2","1220"
"照姫 TM-718 焼物器 木炭用コンロ 750×180 遠赤外線 炭火焼 業務用 屋台 お祭り イベント 出店 町内会 催し物に 焼鳥 串焼き対応 外側ステンレス 日本製","19758","20","","","¥ 36,364","","1","B0FXCXYXJL","B0GRH19TJV","80","21","21","14200"
"アイリスオーヤマ ブルーシートロール 【1800mm×100m】","9925","40","","137","¥ 5,996","","2","B00H4OTOR0","B00U5HF896","180","10","10","10002"
"THE PRODUCT 作業台 ワークテーブル 折りたたみ 幅120cm×奥行60cm×高さ48~74cm 3段階調整 軽量 アウトドアテーブル","9932","54","","42","¥ 6,400","","1","B0DHZKWXMT","","66","61","8","8000"
"共立電気計器 (KYORITSU) 4300 デジタル簡易接地抵抗計","9934","72","50","105","¥ 26,170","¥ 26,170","15","B00DIXLE7O","B0F2SN6XJL","26.8","13.8","6.1","580"
"FIELDOOR ソーホース 作業台 2台セット 折りたたみ 作業馬 幅116cm 高さ調整 12段階 耐荷重150kg メタル スチール製 馬脚 DIY 日曜大工 木工 簡易 工作 机 デスク ワークテーブル テーブル脚 脚のみ [ブラック]","9937","52","","35","¥ 7,290","","1","B0F9W5KFJG","B0FHHBBJDY","104","14","14","14680"
"Brennenstuhl 木材水分計 含水率計 | MD Basic イエロー","9939","52","50","26880","¥ 6,980","","2","B0CRL2M93R","B0HDSDYK6V","19.9","10.2","5.3","140"
"FLIR(フリアー)【国内正規品】 FLIR C3-X 12288画素 赤外線サーモグラフィー WiFi+クラウド接続 LEDライト 三脚用ネジ穴 メーカー品番:90501-0201","9942","32","","108","¥ 89,573","¥ 89,573","11","B08P4NGF58","","15.8","11.8","9.4","540"
"UFO型LED高天井灯 100W 16000LM 120°広角配光 IP66防水防塵 屋内屋外兼用 工事不要 1個","9945","34","","5","¥ 6,280","","2","B0FJWMQHF9","B0FJX3GPC2","27","26.2","13.4","2290"
"ボンド スプレーのりZ-2 ガス抜きキャップ 430ml #63527 6本入り","9946","19","","4","¥ 14,143","","2","B00W10DM5W","B01MCVKEZ7","22.7","21.2","14.3","2688"
"超音波ネブライザー(コンフォートオアシス) KU-200","9946","56","","179","¥ 36,190","¥ 36,223","6","B00N8BTJF0","","34.1","25","24","3670"
"マルイ鍍金工業 めっき工房 標準セットMK-B98","9957","42","","157","¥ 16,200","","1","B00PUK9USS","","19.5","16.1","7.7","550"
"WIDJKFYF スイッチング電源 AC100V～DC12V/DC24V/DC36V安定化電源 -ボールベアリングファン冷却・純銅トランス搭載、2000W/3000W モデルもご用意160A/130A/106A/70A/65A/45A 、電圧と電流は調整可能で、ディスプレイ付き (2000W-24V-65A)","6095","35","","","¥ 19,890","","1","B0GH22LCW1","B0FT8K9DPM","34.4","14.4","7.7","2590"
"段差スロープ 室内用 ロボット掃除機対応 車 スロープ 段差解消 ポータブル軽量 プラスチック 高さ1cm 1.5cm 2cm 2.5cm 3cm 3.5cm 4cm 4.5cm 5cm 5.5cm 6cm 段差プレート 屋内外兼用 ﻿ ﻿ ﻿ ﻿ ﻿ ﻿ ﻿ ﻿ ﻿ ﻿ ﻿ (グレー,幅100x奥行20x高さ4.5cm) [並行輸入品]","16981","6","","2","¥ 6,280","","1","B0H6MVXTZL","B0H6MX6V1K","102","17","5","1500"
"花岡車輌 フラットカート 車輪も折りたためる台車 F-CART02 ブラック","9973","70","50","137","¥ 11,000","¥ 10,218","18","B09PQR26C5","","70","42","10","7100"
"サンエイ化学 カートリッジ純水器用 イオン交換樹脂 抜き取りセット NS","10933","22","","1","¥ 24,130","","1","B0BVDQLMGP","B0DK8G5V19","45","30","20","4000"
"SPEED STEEL MFT【スピードスチール】速攻通線 長距離 40m Φ5.2 【メジャー機能付き】 長い距離だからこそ 正確に距離を測定 タフな仕様で デカい現場もどんと来い！ (イエロー)","9984","36","","99","¥ 6,790","","1","B082TR69H1","","44.4","44","5.4","1480"
"GENTOS(ジェントス) 作業灯 LED ワークライト スリムバータイプ USB充電式(専用充電池) 100-700ルーメン ガンツ GZ-701/702/703/704 マグネット COB","9986","21","","134","¥ 9,800","","3","B072PYC288","B07T7J7XT1","28.1","9.4","5.8","240"
"【箱売り】シャープ化学 SHARPIE メガハードワン カートリッジ ライトグレー 320ml 10本入り コンクリート 床 ひび割れ補修 速硬化タイプ 高硬度 高強度 高伸び 速硬化 耐候性 衝撃に強い 土間目地 ひび割れ補修 接着補強 踏み抜き防止 充填","14731","22","","","¥ 13,014","¥ 13,014","1","B0CV3KNRNF","B0CV4DPSVG","33.5","26","11","5500"
"タジマ セフシステム セフサスペンダーA フリーサイズ 黒 SFSAF-BK","5968","66","","35","¥ 10,782","¥ 10,782","10","B0D9YDH7HX","B0DK1577XS","26.2","15","8.2","740"
"[Vasarhely] 扇風服 冷却服 作業服 反射半袖 服のみ 男女兼用 猛暑対策 屋外作業 建設現場 配送 釣り 5段階調節 夜間作業(L 半袖オレンジ)","9998","29","","5","¥ 5,560","","1","B0H1MQ4G5K","B0HDT81XDN","14","12","3","200"
"金剛打 ポリエステル ロープ 100M 巻き (8mm)","11214","26","","153","¥ 7,744","","1","B01HJJ0VP8","B01HJJ0VWG","25","21","17","3740"
"skinix プレスワイプ ハート形 18×18cm 10枚 体圧ケアパッド 摩擦 ずれ 負担軽減 肌にやさしい シリコーンゲル 仙骨部 保護 局所減圧 YB-Z1818H","36847","11","","","¥ 15,515","¥ 15,515","1","B0H5W49LDK","B0H7WSFJR1","24.2","22.7","7.5","210"
"シャープ 超音波ウォッシャー S シルバー UWX1-S","10018","16","","19","¥ 18,082","","8","B0D86PXJ9L","","29.5","26","7.3","650"
"VELSORA 超音波洗浄機 充電式 コードレス 500ml大容量 45000Hz強力洗浄 LED残量表示 3段階タイマー メガネ洗浄機 入れ歯洗浄機 マウスピース ジュエリー 腕時計バンド 指輪対応 日本語説明書付","8957","14","","9","¥ 5,399","","1","B0H42GJFKN","","25.8","11.2","8.7","800"
"キングジム 暑さ指数計 中型 WBGT 温湿度計 熱中症 白 NTSK-2-W","10022","50","","","¥ 7,727","¥ 7,727","5","B0H19YR5BQ","B0H6J5MQ33","23.6","14.9","3.8","480"
"山崎実業(Yamazaki) カウンターに載せられる 伸縮 食洗機ラック ハイタイプ ブラック W41.2～62×D36.1×H13.8～22.3cm タワー tower 置き台 高さ調整 シンク上 段差 省スペース 5306","10038","33","","42","¥ 8,804","¥ 8,804","8","B0F8Q7PJP7","B0FD9F4HTZ","38.8","35.2","5.4","3680"
"3360 PPLS マイクロピペット用 ピペットチップ 青色 1000μｌ 60本入×10箱 大容量 まとめ買いセット","39256","13","","41","¥ 9,700","","1","B09N8PC5QT","B09SBLJM3H","34.6","26.4","19","1610"
"【左右セット】 ポリマーギヤ(Polymer Gear) ポリマーリール 新規格 フルハーネス安全帯用ランヤード 常時巻取り式 巻き込み防止付き フック回転連結リング ランヤード長:1600mm HWDRNC-M-51S (シルバーフック)","10067","39","","23","¥ 19,480","","1","B0D5Y8LZY9","B0D5YBDD8N","28.4","11.4","9.2","1590"
"KOGLEE レシートロール【40巻入】約80mm幅×80mm外径×12mm内径 大容量 長さ80m/巻 汎用 レジ用感熱ロールペーパー サーマルロール紙 レジロール紙 感熱紙 Airレジ/Airペイ/Square/STORES/UberEats/スマレジなど各レジアプリ対応 【個包装】TRP8080-40","","11","","37","¥ 14,200","","1","B0FJ7KZFKJ","B0HGLHXJQ4","","","",""
"uxcell 熱収縮チューブ 直径9.5mm 収縮率3:1 長さ20m 防水接着 絶縁チューブ レッド PE製 カットでき 電線ケーブル 絶縁保護 結束 防水 配線 DIY","20712","4","","","¥ 5,630","","1","B0FD3H67RL","B0FJF9QC8K","35.5","35.5","7","740"
"パナソニック(Panasonic) 天井直付型40形 一体型 LED ベースライト iスタイル ストレート・笠なし型 一般・5200lm・昼白色 XFX450NENLE9","16382","40","","3","¥ 9,800","¥ 10,240","2","B0F62W3P8D","B09ZTH6YLP","125","17","13","2370"
"[OHTE] 新快適 プリーツ 不織布 マスク 小さめ 50枚×40個 ゴム幅6mm 耳が痛くなりにくい カケンテスト認証 全国マスク工業会会員 145mm×90mm","34412","6","","","¥ 11,980","","1","B09VL6R7KT","B0D8NQLKF1","210","100","90","215"
"[bath＆bath] ゴム手袋 60cm ロング 厚手 サンドブラスト メッキ グローブ 消毒 清掃 作業 (黒5双セット)","7233","26","","78","¥ 7,500","","1","B0FYDM4VLQ","B0FYDJBYK3","30","20","7","1722"
"TRUSCO(トラスコ) TYSシリーズ 車輪のみ グレーゴム 125Φ TYSW-125G × 5個【ケース販売】","10107","19","","49","¥ 6,215","¥ 6,215","1","B0C584P3DW","B09NWN399X","41","30.5","26.5","7380"
"[ディックコーポレーション] 蜂ガード手袋 ラプター V-5 (手袋のみ v4のリニューアル品","10110","36","","4","¥ 7,980","","5","B0D16Y18BH","","36.9","20.8","5.2","540"
"長谷川電気工業 低圧用検電器 HTE-700D","16281","46","","27","¥ 5,027","¥ 5,027","16","B089JWM4T5","B09WZK69J7","16.8","6.4","2.7","30"
"BNTECHGO 8 AWG シリコンケーブル 赤 15.23m 高柔軟性 シリコン電線 錫メッキ銅より線 外径6.5mm","10970","9","","36","¥ 11,692","","1","B07BNF16DY","B078RN4VFF","13.1","12.8","11.9","1816"
"Creality Ender-3 V3 SE 静音マザーボード 基板型番：PCBA_G_Ender-3V3 SE_CR4NS200320C14_M4_32_GD303RET6 3D プリンター交換用静音制御基板","10125","21","","8","¥ 5,499","","1","B0D47RJ5R1","B0G4MNYVKB","15.3","11.9","4.4","132"
"興栄化成 防振樹脂ダブルパイプクランプ ブラケットセット 63mm 全56サイズ 150L パイプ固定 黒 KFBS25B-7395","33715","4","","5","¥ 5,299","","1","B0CSTH4H7C","B0DB4Y83GZ","26","22","3.3","204"
"3M VHB アクリルフォーム構造用接合テープ Y-4930 24mm幅 x 3m","10130","43","","31","¥ 5,060","¥ 5,060","1","B01G4ZJYBU","B06XRB8221","8.6","8","2.5","60"
"Korekaou 踏み台 2段 アルミ製【板厚2mm・耐荷重300kg】ステップ台 階段 踏台 軽量 精密溶接で頑丈 滑り止め 屋内屋外OK 家庭 工場 倉庫 作業場用「組み立て不要、開封後すぐ使える」 (天板寸法60x40cm 天板高さ46cm, 2段)","10133","33","","4","¥ 15,990","","1","B0GS51472K","B0GS4Z72F3","65.7","49.9","43.6","5930"
"Ralcam ファイバースコープ先端可動式 5インチ液晶内視鏡 6.2mm極細防水スコープカメラ 自動車エンジン・配管・機械検査用","10134","58","","61","¥ 18,380","","1","B0G3PVY7RL","B0FHPYY6G3","42.4","22.4","8.9","1210"
"Revopoint 3Dスキャン用マーカー（6mm・1500枚入） 高反射・糊残りなし 精度向上ポジショニング","10146","48","","8","¥ 7,275","","1","B0F4QW7KXJ","B0FB99DK4P","22.9","11.7","1.3","50"
"クレシア キムタオル 4つ折りタイプ 61000(50枚) 24束入","10148","45","","16","¥ 9,800","","8","B00CL7161M","","68","40.4","32.4","12760"
"紅白ロープ カラー綿ロープ 直径5mm/6mm/8mm/10mm 綿 10M/20M/50M 柔らか 太い 手芸用 天然 コットン 手作り インテリア 飾り DIY (10mm 50M)","12377","32","","14","¥ 7,980","","2","B0CZJNV7Z9","B0CZJYQBBZ","30","22","6","1200"
"ブレイン純正 感熱ロールペーパー 幅80mm×外径75mm×内径12mm 長さ63m 20個入 S807526(20)","16225","38","","8","¥ 6,930","","1","B09DK62PT6","B09DP66N8Y","33.6","23.5","17.3","6950"
"ブレイン【工場扇 45cm アルミ羽根 工業扇風機 BR-567】 風量3段階 高さ調節110~133cm 工場扇 工場扇風機 工業扇 三脚 スタンド 首振り","10162","32","50","6","¥ 7,790","","2","B0D4Q35BL7","","60.2","51","32","5700"
"【 Glass Veil 】 純 ガラス コーティング フローリング 床用 25ml (6畳用) すべり止め 【 フッ素 不使用 日米特許取得 】 [ グラスヴェール 床 フローリング用 ] 防傷 防汚 撥水 滑らない ペット 犬 ワックス","10168","31","","114","¥ 8,910","","1","B0C1KR3XQY","B0GFWGL2ZD","16.4","16.1","6.3","170"
"Z'mura トラテープ 警告用 黄色 黒 ストライプ 紅白 緑白 PET素材 防水 耐摩耗性 強力粘着 (5, 黄黒, 幅10cm×長さ33m)","10171","35","","12","¥ 8,910","","1","B0G6VQBTFN","B0G6TD36J7","31","20.5","10.5","120"
"ＵＰ ＳＴＯＲＥ ダクトホース 400mm ×5M 収納型フレキシブルダクト 籾摺り機 換気用 アルミホース 排気 換気パイプ 排気ダクト 耐熱 防水 (φ40×500cm)","10173","56","","34","¥ 5,980","","2","B0BJNTCGHK","B0BJPD4YVL","47.5","46","10","4510"
"パナソニック(Panasonic) 盤用避雷器 コンパクト21シリーズ専用 ホワイト H80×W16×D43 BQX81","10180","36","","46","¥ 9,702","¥ 10,368","5","B071S9BZSP","","10.7","5.2","2.2","60"
"リンレイ 超耐久プロつやコート ０（ゼロ）ＨＧ 18L","10192","66","50","18","¥ 8,354","¥ 13,012","8","B0BK8K3W5K","","33.5","28","26","19200"
"[Fuuka] 湯上り足袋 足袋ソックス フリーサイズ22-27cm 男女兼用 業務用 (温泉/ホテル/旅館) ストレッチ 個包装 ／500足・白","16976","8","","16","¥ 30,000","","1","B0CTH4RLB3","B0GLF2RGCS","32","20","3","320"
"KINGRACK 脚立 2段 おしゃれ アルミ製 踏み台 折りたたみ 手すり付き 軽量 コンパクト はしご 耐荷重150KG 洗車 室室内外 大掃除 引っ越し 隙間にスッキリ収納 人気 ブラック","11467","26","","3392","¥ 7,199","","1","B0DLGXJZQS","B0G6K95B71","97","47","6","3930"
"ヤマザキビスケット(YBC) ルヴァンプライム保存缶L 104枚×6入","10221","17","","10","¥ 5,840","","7","B0CGV6GD6J","","42.9","29","20.1","4180"
"DMiotech シリコンチューブ レッドプラスチックチューブ 内径19mm(3/4"")×外径25.4mm(1"") 長さ3 m(10ft) シリコンチューブ 柔軟ホース","17355","21","","38","¥ 5,627","","2","B0DMP32JDV","B0DPLH4YYV","29.3","28.8","9.1","950"
"ソルベンタム 眼 防護 フィルム 曇り止め 使い捨て マスク にくっつく アイ ガード 目 フェイス シールド プロテクター 120 x 250mm 120枚 EAG-1","10240","56","","126","¥ 7,300","","9","B018247F1C","","25.4","12.9","8.7","510"
"Qiawvio 防水シート 屋根補修テープ, 自己粘着, 断熱防水, 屋外 屋上 金属屋根用 (ブルー,100,長10m)","35347","9","","","¥ 10,608","","1","B0H5VVPZH2","B0H5VR3ZZS","10","10","10","1000"
"Siraya Tech Sculpt 耐熱3Dプリンター用レジン, ウルトラホワイト, 1kg","10254","31","","285","¥ 8,543","","1","B08V8T9NZL","B09LTS2YHC","21.4","10.2","10.1","1179"
"AVHzY CT-3 USB3.1 電流・電圧測定器 放電機能搭載 最大100W DC 29V 6A 対応 容量チェック PPSトリガー PD/QC急速充電対応 Lua解析統合 CSV出力対応 日本語UI 日本語取扱説明書付き","11741","37","","25","¥ 13,999","","1","B08MDDH385","B08JQNKFRV","9.4","9.2","5.6","180"
"HiKOKI(ハイコーキ) 14.4V 充電式 コードレス クリーナー ホワイト カプセル式 蓄電池・充電器別売 R14DB (NN)","10256","62","50","61","¥ 9,746","¥ 9,746","18","B0CLQYN9KM","B0DGFY24H7","49.3","17","13","1460"
"JXHNZYQ ウォータークーラージャグラック ボトルラック ウォーターボトル 収納ラック バケツ収納棚 2/3/4/5層 縦置き型 省スペース ーサーバー スタンド 取り外し可能多層棚 ーサーバー 水 ホワイト 4段","56732","8","","2","¥ 7,000","","1","B0G48HPBVQ","B0G48FKYXX","55","40","15","6994"
"18Depot 冷蔵ショーケース コンパクト 業務・家庭両用 省エネモデル ノンフロスト 二重強化ガラス 透明ディスプレイ 店舗用 冷蔵庫 (ブラック, 98L)","10259","45","","7","¥ 68,800","","1","B0FDVYCW62","B0FDW1SGGV","101","50.2","45.6",""
"FNIRSI 2C23T オシロスコープ 2ch 10Mhz帯域幅 3 in1 デジタルオシロスコープ 真の実効値マルチメーター 信号発生器 ポータブル 50MS/s サンプルレート 充電式 ハンドヘルドオシロスコープ 過電圧保護機能","10267","52","","76","¥ 10,899","","1","B0D78PBXZ8","","25.8","13.2","8.6","700"
"[OVZEXAO] 胴ベルト 安全帯 新規格 巻き取り器付き 墜落制止用器具 胴ベル型安全帯 伸縮式 新基準腰ベルト ショックアブソーバー 安全帯 ツールバッグ付き 全身保護 落下防止安全ベルト 電気工事 建設工事 空調設備工事 外壁洗浄 一般高所作業用 (腰当付き（取り外し不可能）)","10271","45","","26","¥ 5,099","","1","B0F7QQRDG3","B0GC584PRK","24.1","16.3","14.2","1870"
"uxcell リニアシャフト ストレートタイプ 16x500mm 精密直動ロッド 高硬度 45#鋼 ガイドシャフト 2本 焼入れクロムメッキ CNC・3Dプリンター・自動化機器用","17048","8","","2","¥ 5,109","","1","B0G6SR9G3V","B0GN5RSSDM","55","6.5","4","1600"
"ユタカメイク シート補修強力テープ 10cm×20M クリア SH-C2","10275","25","","42","¥ 11,600","","5","B00SUNNVQ4","B01GZM7NSS","19","18.8","16.2","990"
"タンスのゲン ベッド ダブル 【高耐久&抗菌 天然竹仕様】 耐荷重500kg すのこベッド ３段階 高さ調整 ベッド 91900003(131576)","17299","3","","58","¥ 14,999","","1","B0HDBCF8QR","B0H6ML4CP6","144","33","15","25660"
"PRILINE TPU Flexible 3D Printer Filament 98A, Dimensional Accuracy +/- 0.03 mm, 1kg/Spool, Pink","25403","17","","25","¥ 7,592","","1","B08T8SMR69","B0F5PPXZQX","20.7","20.5","7.4","1438"
"SK本舗 光造形 3Dプリンター用 10K 水洗いレジン (500g, Neo Clear)","16309","57","","80","¥ 5,200","","1","B0BX5C5KR4","B0BX5DMPF8","24.5","11.3","8.8","610"
"トラスコ中山(TRUSCO) オイルキャッチャー 天然繊維タイプ 400×500mm 100枚入 TOC-T100","28435","22","","","¥ 15,375","¥ 15,375","20","B004OCS9IU","B0DD1QRTLT","52.6","45.8","43.6","4858"
"ピカ(PiCa) ピカコーポレイション 足場板 伸縮足場板 両面使用型 伸縮式 STGD型 2.03m～3.6m アルミ STGD-B3623","10316","40","","6","¥ 24,200","¥ 24,200","1","B0G91LV2ZD","B0GBSB32M2","205","28","8","12000"
"Vepagoo 20インチ 100ポンド/445N ガスストラット ブラケット付き","10318","23","","583","¥ 7,169","","1","B08P3D9JKY","B0DNDTMXLR","41.9","9.9","3.8","840"
"アーネスト フタ付き バット 16×22cm &角型ザル セット 各2個セット 深型 ステンレス 揚げ物 天ぷら スタッキングできる 食洗機対応 燕三条 日本製 A-77027","10325","37","","38","¥ 6,566","","4","B07SVG974J","B0H3JTCX7K","26.5","18.3","11.3","1000"
"Kurflo 踏み台 手すり付き 3段 鋼製 500lbs耐荷重 滑り止めマット 二重連結構造 屋内外兼用 段差解消 縁側 ウッドデッキ バルコニー","10325","52","","15","¥ 17,802","","2","B0G4WBQD5R","B0GD7Q36VZ","75","32.5","25","17800"
"Tappros サービスカート 回診車 収納ワゴン 3段 ABS素材 360°回転 ブレーキ可能 グリップ付 ガードレール設計 組立簡単 ホテル オフィスビル 実験室 病院 美容院 ライトグレー","19620","32","","11","¥ 15,000","","1","B0D2NBXSND","B0D2NR9BWD","63.6","56.8","16","7840"
"timiland 家具移動 【赤 5輪 特大 耐荷重1500KG 】360度回転 家具移動ツール らくらくヘルパー 家具 移動 金属製 台車 軽がるキャリー 家具移動・掃除用ラクラクキャリー 耐震静音 家具移動キャスター ミニ台車 重物 取扱説明書付き(16.5cm×17.5cm×6.5cm)","11590","37","","7","¥ 5,280","","1","B0D984VM4V","B0CKVKGDK1","42.6","20.5","11.6","4510"
"富士電線工業 低圧配電用ケーブル VVF 1.6mm×2c (灰) 100M巻き","10341","52","50","17","¥ 13,800","","7","B0DK4WJ1QT","","36.3","35.8","10.3","8760"
"Archnote タイルクリップ 3mm タイルスペーサー クリップ タイル スペーサー 職人専用 業務用 1000個","10341","39","","13","¥ 5,240","","1","B0FD24DZJ9","B0DBL32TF3","41.1","39","17.6","1800"
"RIKADE 足場台 アルミ 脚立 洗車台 踏み台 脚立台 耐荷重150kg 折りたたみ アルミ洗車台 作業台 軽量 滑り止め 洗車 屋内 幅広 (ブラック)","10348","69","50","573","¥ 7,999","","1","B09ZY9N5J3","B0FXKGZP6X","82.3","41.5","16.2","4450"
"MEMETARO 滑り止めマット 屋外 ゴムマット 歩行滑り止めマット 透水マット 穴あき 1枚に2つ色付き 厚さ5mm 自由DIY 業務用 家庭用","16001","22","","41","¥ 13,980","","1","B0D3ZY3X31","B0D41B1LQ8","120","12","12","11200"
"アイリスオーヤマ LEDスタンドライト 15000lm LWT-15000ST2","10352","34","","2","¥ 13,940","","6","B0FMQVZ9CR","","64.3","24.9","20.5","6590"
"MAGNA CART マグナカート 折りたたみ式 ハンドトラック スチール製 MCI-BB (キャリーカート用ストラップ1本付属)","9147","29","","39","¥ 5,121","¥ 5,121","5","B07KZNG75P","B08Q8MPRY9","73","38.9","5.5","3920"
"雑貨の国のアリス 爪つき油圧ジャッキ 油圧ジャッキ 2.5t 5t 車用工具 油圧 (5t)","9605","32","","16","¥ 7,676","","1","B0CRTLXY6R","B0FF9CS765","31","27.5","20.3","9380"
"HIKMICRO B10S サーモグラフィー 256 x 192 IR解像度、640 x 480 SuperIR解像度、2MP可視光カメラ搭載、25Hz、3.2インチLCDスクリーン、-20°C~550°C","10361","51","","238","¥ 52,990","","1","B0D1C5LF3Q","","30.9","17.8","11.6","990"
"HARUSAME 超強力 防水ブチルテープ 30cm×10m 厚さ1mm アルミシート付き 防水シート 屋根補修 雨漏り補修 ベランダ 屋上 防水工事 配管補修 シルバー 高密着 耐候性 (HSBT30-10)","10364","51","","36","¥ 7,980","","2","B0FQW4GC96","B0FQWH823B","32","14.5","13.7","4740"
"Justech 12V 電動アクチュエータ 1500N リニアアクチュエーター IP65防護 取付金具セット付き (100mm)","9174","32","","111","¥ 6,399","","1","B0948GJ95P","B0BCY1W5CS","25.8","9.6","5.2","1102"
"cukulife 4個 折りたたみ三角コーン 伸縮式カラーコーン 駐車禁止 工事現場 70CM高さ 反射布付き 保安灯付 カラーコーン 伸縮式 安全 標識","10372","37","","40","¥ 6,290","","1","B09GXHTTW1","B09GXH1H28","34.5","30.5","16","3100"
"BRJX バブルワッフルメーカー 1300W 50度から250度 温度調節 タイマー機能 180度回転 木製ハンドル 家庭用キッチン","10376","23","","2","¥ 12,888","","1","B0G58H694T","","38","35","22","5000"
"エスコ(Esco) ドレン系統スライム処理剤 排水管 ぬめり防止 洗浄 EA119-12B","10383","18","","1","¥ 12,831","¥ 12,831","5","B08PB4DV5T","","16.2","7.8","4.4","460"
"ガービー(Garvee)ドラム缶キャリー 2台セット 耐荷重454kg 工業用ドラムスタンド ドーリー キャリー 円形台車 運搬車 カート 丸型","7385","8","","","¥ 8,215","","1","B0HBBQQVRK","","64","63","16","11640"
"高森コーキ(Takamura Kohki) デジタルはかり シルバー 100kg ワールドボス アグリスケール 隔測式 100kg DRS-100","10393","26","","51","¥ 10,690","","26","B07GC2ZZ37","","44.5","35","10.5","3580"
"Gourmetop 刺身包丁 柳刃 270mm 黒檀 ステンレス 片刃 右利き 魚さばき 三枚おろし 家庭用","11906","33","","159","¥ 7,698","","1","B0FKMPWNRG","B0FKN3J1WH","44.4","6.4","2.9","380"
"つくしサイエンス アクリルブロック 直径100mm×高さ50mm 2個 円柱 ベース ラウンド ディスプレイスタンド 丸 透明 クリア 展示 台座 R100-50*2","5514","53","","11","¥ 5,599","","1","B0DVTKK88P","B0HDZFMLJD","10.8","10.5","10.4","960"
"共立電気計器 (KYORITSU) サーモグラフィカメラ KEW 5531","10416","25","","1","¥ 44,920","¥ 44,920","8","B0DBQ4S8XP","","24.9","15","9.8","630"
"N95 マスク 立体 米国NIOSH認定 個包装 二つ折り スポンジノーズパッド SS6001-N95 (ホワイト-, 240枚(12箱))","10421","30","","9","¥ 31,999","","1","B0B84VHWGW","B09R7M561F","41","32.4","28.2","3120"
"【ケース販売】クレシア クリーンガード V10 ユニスペック 保護めがね 67611 12個入 メガネ対応 オーバーグラス くもり防止 UVカット 作業用安全メガネ","10422","50","","","¥ 7,850","¥ 8,332","4","B08HT15P7V","B08J3KBWBL","29.4","17.7","15.1","660"
"[Tcatec] 安全ブロック 綱線 20m 巻き取り式安全ブロック セイフティブロック 墜落防止器具ローブ シールド安全ブロック ベルブロック カラビナ ベルブロック 一般高所作業用 屋根上作業用 落下防止器具 セイフティブロック シールド 安全帯 落下防止 電気工事 高所での安全作業 ベアリング：150kg","10430","25","","4","¥ 9,079","","1","B0GF616812","B0GMMXVRNY","37.5","22.5","9","5900"
"信号中継器 呼びベルの信号增幅器 中継機 FLYDOG 対応、200E/200VT/200D/300S-Q/400D-JPUで使用できます（型番：160A）","11925","26","","20","¥ 6,990","","1","B08NSRT53B","","24.2","13.5","4.7","330"
"FORRTY スチールラック 業務用 重型倉庫ラック スチール収納棚 メタルラック ガレージラック 棚 200cm高 4段調整可能 耐荷重280kg/段 幅80-200cm 選択可 黒/白/青/黄黒 物置 保管棚 大型スーパーマーケットの陳列棚 ボルトレス 連結可能 多機能 組立簡単 事務所 倉庫 地下室(黄色と黒サブフレーム,80X40X200CM)","45127","18","","1","¥ 12,818","","1","B0F6S8CWCN","B0F6SN2D1X","50","40","13","3000"
"柴田科学 メスシリンダー カスタムA 3L バンパー無し(026500-30001)","17185","27","","27","¥ 34,254","¥ 34,600","12","B08HGPSRL9","B096XF1NMY","57.4","19.7","19","1813"
"OWON HDS25S 2ch 25MHz ハンディ オシロスコープ マルチメーター 波形発生器 最高25MHz 3in1 サンプルレート 250MSa/S レコード長 8K 20000カウント 真の実効値 SCPIコマンド 3.5インチ LCD USB Type-C ハンドヘルド コードレス 小型 軽量【国内正規品・3年保証】【日本語説明書対応】","10470","52","","3","¥ 18,700","","1","B0FQ9M1MBC","B0CXY72MHP","24","16","8.9","980"
"[ワークル] クロダルマ 老舗日本メーカー 36V 2026年 春夏 ファン バッテリー デバイスセット 急速充電 丸洗い可能 ハイパワー オリジナルステッカー付き 作業着 作業服 KS-300 (ブラック, F)","16966","25","","3","¥ 16,600","","1","B0GSDBVM8C","B0GSDPSFMS","10","10","2","200"
"[ワークル] 長信ジャパン 2026年 春 夏 ファン 単品 空調 高風量 123L 多色展開 熱中症対策 作業服 作業着 GFX SWAG (パープル, F)","7666","17","","5","","","","B0GX8Y7BJQ","B0GX956169","10","10","2","200"
"3M 多用途 両面粘着テープ 93015 LE 30mm幅x54.8m","11737","36","","63","¥ 5,053","¥ 5,053","1","B01JHICHXS","B0C8TDHYH6","20","20","3","2000"
"[ahomeone] 500枚入り【2026年新改良版】デンタルネイルペーパー 紙エプロン 使い捨て【プロ歯科医師×介護福祉士共同監修】｜50/125/200/250/500/1000枚選択可能｜厚手3層構造・防水 使い捨てプレースマット｜清潔衛生 汚れ防止 作業台保護｜美容院・歯科・キッチン・介護・タトゥー・サロン・食事用 業務用・店舗用(500枚入り 4色B)","17491","15","","1","¥ 6,988","","2","B0GX5B82F8","B0GTV73JHB","33.7","27.7","23.5","3500"
"Snsowed 150W ミニ熱転写プレス機 本体 110ｖアイロンプリントシート昇華型プリンター 熱転写プレスマシン、抱き枕 鞄 帽子 Tシャツ等様々なものに転写可能","10482","36","","3","¥ 5,059","","2","B0F33347XZ","B0F3339ZQQ","18","17","10","710"
"シンワ測定(Shinwa Sokutei) デジタル風速計 最高・最低 熱線式 79004","10486","45","","1","¥ 20,830","","1","B0FXWXXC9B","","32.5","29.8","8.6","1120"
"xinxin-home陳列棚 4段 耐荷重200KG キャスター付き ディスプレイラック 大容量収納ラック 組立簡単","11841","18","","2","¥ 7,490","","2","B0FJL1Q9DF","B0HGPXVCNW","120","35","10","4000"
"QIDI MAX4 専用 純正バイメタルノズル 0.8mm 2 個入り 高耐熱 高耐摩耗","17850","1","","","¥ 5,999","","1","B0H1LBMK7X","B0H361SGL3","22","10","7","100"
"三菱電機 S-T20 AC100V 1a1b 電磁接触器 (補助接点: 1a1b) (代表定格18A) (DINレール･ねじ取付) (充電部保護カバー) NN","10490","28","","31","¥ 6,480","","4","B00RYQGOXK","","9.6","8.2","4.9","270"
"Nexvolix 100KHz超音波 ハードコンタクトレンズ洗浄機 100000HZ強清潔力 レンズ除菌 3分時間で自動洗浄 静音 左右独立のS316清浄槽 コンタクト洗浄 蛋白除去 RGP ハードコンタクトレンズの清潔 押すだけ簡単 超音波クリーナー 日本語取説説明書付き (100KHZ強超音波)","10492","30","","9","¥ 6,999","","1","B0DMZX7Z8P","B0DMZZFSM4","14.8","10.4","5.4","290"
"レマコム 4面ガラス冷蔵ショーケース フォーシーズンシリーズ R4G-105SLB ブラック 105L 卓上型 自然冷媒 ノンフロン","8958","35","","72","¥ 68,640","","1","B093KBG6ST","","116","50","45","42500"
"ＨＡＲＩＯ 耐熱ねじ口瓶　２，０００ｍｌ NBO-2L-SCI","12291","18","","60","¥ 5,082","¥ 5,082","15","B07HWVMWHP","B07KT1VF84","32.6","16","14.5","1040"
"デウォルト タフシリーズ ジャックリフト ポータブルリフト コンパクト DWHT83550","10500","79","50","9","¥ 15,800","","5","B0G2P3NZQ6","","47.5","25","12.5","2750"
"デンサン 高級焼入硬鋼線 スチールワイヤー 幅4.5mm×長さ50m SW-45155","10500","28","","143","¥ 7,103","¥ 7,103","10","B01N3Y7NZF","B08GCYT6T6","34.9","34.7","3.9","2740"
"TRUSCO(トラスコ) PVロープ 黄 4mm×10m 3つ打タイプ R-410PV x 100 巻【ケース販売】","10504","8","","20","¥ 55,296","¥ 55,296","1","B0BM3DV734","B09PBLFRX5","57.5","42","28.5","10200"
"愛知電線 2.0mm×3芯 100m巻 VVF2.0×3C×100m VVFケーブル 600Vビニル絶縁ビニルシースケーブル平形","10507","35","","53","¥ 34,800","","2","B00BFPU63A","","48.5","48.5","11","16465"
"[新匠] 安全帯 フルハーネス ハーネス 墜落制止用器具 新規格 セット 脱着簡単 サイズ調整可能 使用可能質量 100kg (ブラック＋ブルー)","11275","63","","38","¥ 5,699","","1","B0FP4YXSBJ","B0FP51FG83","26.4","24.9","13.4","3020"
"ルビロン P-1000 3kg 2RP1000-PK003 接着剤1液タイプ","10538","14","","2","¥ 6,520","¥ 6,520","3","B0792RCSBP","","19.4","19.4","10.8","3080"
"ヘイコー 手提 紙袋 おたのしみ袋A カスタムB 38x15x50cm 50枚","11012","48","","64","¥ 5,759","¥ 6,200","7","B00O9N6V1Q","B07NHR4XTP","64","40","8","4560"
"汎用 低反発 屋内外用の高耐久 隙間テープ EPDM ゴムスポンジ 粘着付 厚み20mm 幅25mm 長さ5m 岡安ゴム タフロング EPスタンダード ES5 自動車バイクの内外装の防水防振に 建築の気密や緩衝材 設備や製品のシールパッキン ドア、扉の戸当たりなど","11747","23","","126","¥ 5,559","","1","B09LY3KRH2","B077LDZF7V","30","30","2.5","300"
"執務姿勢変革プロジェクト 卓上傾斜台 angle 10 (アングル テン) ブラック 専用マット付属 WH-AG10-BK","17881","20","","73","¥ 21,450","","2","B01ISE5FN6","B01N1UIBPP","60","50","10","3880"
"浅香工業(Asaka Kougyou) 金象 静キャリー フットブレーキ付 NP300DXL 樹脂台車 車輪径130mm 積載荷重300kg ハンドル折り畳み式 低騒音","11731","40","","35","¥ 17,899","¥ 17,899","19","B07C1K1HJ1","","93","60","27","16000"
"FNIRSI DMC-100 クランプメーター AC/DC電流 AC/DC電圧 10000カウント T-RMS真の実効値 NCV LIVE測定 検電テスター 抵抗 静電容量 ダイオード 導通 周波数 温度測定機能付き","10562","64","50","49","¥ 8,599","","1","B0DS5G18DL","","24.1","10.5","5.7","370"
"GEAR AID(ギアエイド) 迷彩フォーム 自己粘着 再利用可能 生地 迷彩ラップ グリップを追加 高温または低温の表面から手を保護 強迫観念 2インチ x 144インチ ロール 2パック","10572","48","","1814","¥ 7,003","","6","B0DK45FSGQ","B01H1P2LR6","21.2","15.3","6.1","141"
"sanwa クランプメータ DCM2000DR","10574","36","","","¥ 36,884","¥ 36,884","18","B00GCV0Y7A","B0F5GSGX1Q","30","13.6","6.7","980"
"透明なターポリン 防水雨よけシート 1m、2m、3m、4m、5m、6m、7m、8m、9m、10m クリア 雨除けシート 防雨タープ 園芸植物キャノピー用 万能防水シート 透明シート ターポリン プラスチック保護カバー 防塵 耐候性 (Size : 3.5x5m)","21170","4","","13","¥ 7,803","","1","B0D1XPDVRG","B0D1Y2GZ1V","3","2","1","500"
"Garvee カゴ台車 大型 耐荷重910kg 6IN1変形可能 メッシュ台車 倉庫 工場 店舗 引越し幅99×奥行き61×高さ90cm ブラック","16946","22","","3","¥ 24,680","","1","B0GYNT1MHS","B0GYP5HKS6","110","64","17.6","33000"
"トーヨーセフティー(Toyo Safety) ヘルメット取付式送風機 WindyV ハイブリッド電源 バッテリーパック・取付部品(6種類)付属 No.7707","10596","89","50","16","¥ 8,798","¥ 10,081","10","B0GMYTQM14","","19.5","13.4","8.8","360"
"CGOLDENWALL 流量計 デジタル流量計 ±1%高精度 接続ニップル付属 累積/瞬間計測 9-100 LPM（2-26.4 GPM） 0.6MPA 簡単操作 日本語説明書付き ガソリン/水/燃料/ディーゼル/灯油 タービン流量計 メーター (１インチ)","17701","33","","8","¥ 5,999","","2","B0C6SSQ2V7","B0C6SQHLGW","17.6","9.5","8.7","500"
"KURE(呉工業) 3-36 18.925L 防錆剤 1033","10604","32","","890","¥ 15,836","¥ 15,836","10","B002P8OGB4","B0F12VHBS4","38","28","28","19000"
"RUZIZAO 安定化電源 30V 10A 4桁電圧電流電力表示 エンコーダ調整 デスクトップ電源 スイッチング電源 6V 12V 24V 電池充電用 可変直流安定化電源 めっき 実験室用直流安定化電源 電気制御機器 バンド出力スイッチ 充電検出 提示音 OCPボタンに 日本プラグ電源線 日本語説明書付き 白い","11908","28","","1","¥ 11,010","","1","B0F62WXCDT","B0CWKKXBCK","29.2","20.7","12.9","1670"
"アルインコ(ALINCO) アルミ 薄型踏み台 52cm ブラック SS52TCA 脚立 軽量 折りたたみ コンパクト 2段 最大使用質量100kg シェルフ 棚板 プランター","32742","10","","73","¥ 10,710","¥ 10,710","1","B0CG1L1B65","B08NQ1DM28","84","50","5","4400"
"テラモト(TERAMOTO) FXライトブレードハンドル 600 Wホワイト","17687","25","","1","¥ 6,077","¥ 6,013","18","B01LKGET1S","B09FM2743Q","143","60","9","1000"
"TRUSCO(トラスコ) 高耐候防水パッキンテープ 10mm×幅10mm×2m TBP-1010 x 10 巻【ケース販売】","10618","43","","77","¥ 9,914","¥ 9,914","1","B0BW8V3FM6","B09NWLZBLM","60","53.3","2","560"
"KAWAIKO クラフトテープ 50mm x 50m 梱包テープ紙","11009","25","","39","¥ 12,793","","1","B0DYN9C1Q6","B0DYNS4VDK","53","35","29.5","14680"
"リンレイ ウルトラハードプロ超強力バスクリーナー 4L","10622","69","50","23","¥ 5,473","¥ 5,473","2","B0CW1FPSDD","","26.5","18","12","4500"
"TRUSCO(トラスコ) PPバンド用ストッパー19mm100個入り × 50袋 【ケース販売】","6468","24","","492","¥ 57,475","¥ 57,475","1","B0B5ZJRHWF","B09PBKVL3T","56.7","42.5","41.4","28500"
"[ミドリ安全] クールファン用 TYPE-S フルセット WE20FS7S","10636","54","50","1","¥ 18,123","","5","B0F28D6F8C","","38.1","14.7","8.4","790"
"KURODARUMA ファン、バッテリーフルセット KS-250","10643","44","","5","¥ 13,360","¥ 16,816","13","B0F8NT5K2G","","29","20.7","5.8","790"
"スムス手袋 品質管理用 純綿 マチ無し 100ダース（1200双入） Mサイズ AG600 ホワイト","12537","20","","","¥ 56,290","¥ 56,290","1","B0CNC45LLB","B0CNCDT6RP","48.8","47.7","47.5","21110"
"Chitu Systems フィラメントドライヤー E1 ドライボックス フィラメント収納ボックス 交換用-2パックフィラメント用 3Dプリントドライボックス PLA PETG TPU ABS 1.75mm対応","10651","51","","26","¥ 5,899","","1","B0F2T1PS8G","B0G4QS17T8","27.6","26.6","21.1","1270"
"Tomarsy 呼び出しベル ワイヤレス [電波法適合] 飲食店 フードコート 用 呼び出しブザー よびだしベル BCT-6950 (1+10)","9189","32","","9","¥ 9,990","","1","B0GWJD5R75","B0GWLHQKJD","22.4","20.6","9.5","950"
"U-100 1mL/cc 29G 1/4インチ (6mm) ラボシリンジ 個別包装 100個パック","8775","0","","97","¥ 6,718","","1","B0DS2HHCQL","B0DN224CZR","21.9","15","11.6","540"
"マキタ(Makita) 充電式ファン（白） 40Vmax 本体のみ/バッテリ・充電器別売 CF001GZW","10663","52","50","52","¥ 9,660","¥ 9,660","10","B088P4141X","","47","35","15.5","1500"
"Comgrow フィラメント 収納ボックス 6個セット – 3Dプリンターフィラメント用密閉保管ケース – 乾燥剤・温湿度計・ベアリング付き ラベル付き 持ち運び便利 3D 印刷用フィラメント保管ケース 密封・防湿・防水・防塵仕様 4.0L（約22.9×20.3×7.6cm）","10672","47","50","511","¥ 5,715","","1","B0GZJDZCWM","B0H15VDCC6","46","27","19","3280"
"愛知電線 VVF ケーブル3芯 1.6mm 20m 灰色 VVF3×1.6M20","10680","76","50","107","¥ 6,554","","3","B00N8A4IFM","","22.8","22.5","5.7","2370"
"IKURA(育良精機) 変圧トランサー トランスボーイ TB-20A","10689","53","","107","¥ 17,426","","3","B00A61YVRQ","","24.8","22.5","19.7","9510"
"アルインコ (ALINCO) 台車 おりたたみ キャスター収納 ハンドル収納 ブレーキ付きキャスター 100㎏ コンパクト 手押し台車 平台車 ツインキヤリー MTW100","10694","37","","35","¥ 20,350","¥ 22,756","17","B082KMG7JR","B0B9X2GRX3","82.2","52.8","11.3","13000"
"Hanchen 穀物充填機 粉末充填機 1~20g 粉末フィラー 強力振動型 穀物・調味料などを定量充填 赤外線センシングによる自動フィード デジタル制御 業務用 (60Hz,110V)","18082","10","","1","¥ 41,800","","2","B078K9PFWJ","B078K4LSBK","60","44","34","11100"
"Creality CFS 3dプリンター自動フィラメントシステム 自動フィラメント認識(RFIDのみ)","10704","42","","3","¥ 47,000","","1","B0DFLJ5NX9","B0FW5G96DP","44","36.6","33.5","5700"
"TRUSCO(トラスコ) エコ超厚手UVシート#5000 ODグリーン 7.2m×9.0m TUV50007290","14851","30","","408","¥ 29,409","¥ 29,409","15","B004OCS8IQ","B09PBMQFW2","52.4","43.2","19","19001"
"シンワ測定(Shinwa Sokutei) デジタルデップスゲージ ホールド機能付き 150mm 19306","10705","21","","31","¥ 8,098","¥ 8,098","32","B0083DOM5A","B07FQ826KM","37.5","14","4.9","440"
"USOR 省力化アームジャッキンド き ハ労力節約アーム 2パック、家具リフターツール 多機能ハンドリフティングジャックツール、耐荷重440LB","10706","33","","70","¥ 7,499","","1","B0DG2RN8XB","","42.4","30.1","11.4","3170"
"HOKEEPER スチールラック 5段 2台セット 耐荷重907kg 幅70cm 奥行30cm 高さ152cm メタルラック 収納ラック スチール棚","10712","20","","148","¥ 10,500","","3","B0H82FWLPM","B0F44FGMNW","90","40","10","19020"
"KANTOOL カンツール 排水管掃除機 バリュー･PONTA VD-10","10716","38","","103","¥ 9,282","¥ 9,282","20","B00QQ56LI8","","58.7","20.9","14.1","2824"
"河村電器 「商用/非常用」の電源 切替開閉器 KSS-62","10719","29","","4","¥ 9,030","¥ 9,030","2","B077MZ8LK6","B09KNRBLQ1","14.2","10","7.4","520"
"[藤井電工] 新規格 胴ベルト型 ノビロン 伸縮ロープ式 ブルー 青 Mサイズ ベルト長さ 1200mm TB-NV-OT599-BL4-BK-M 着脱が容易なワンタッチバックル 日本製 墜落制止用器具 胴ベルト 安全帯 ツヨロン TSUYORON","32747","10","","","¥ 9,397","","1","B07NMJYGMZ","B0CMP5DQ3W","27","14.1","8.9","1150"
"作業服用 53Vバッテリー 46500mAh大容量 7段階風量調節 2種類モード PSE認証済 日本語説明書付き","10736","35","50","5","¥ 6,280","","1","B0GVH6FDCB","","13.8","7.7","4.9","490"
"[Hanassia] メガネが曇りにくいマスク 使い捨て 立体 マスク ３D-MASK 不織布 マスク 携帯に便利 個别包装 20枚入り/箱(合计8箱, 共160枚） ふつうサイ ホワイト【全国マスク工業会マーク入り】","18677","10","","39","¥ 6,960","","1","B0DX6ZP2H3","B0DX6XDPJG","37","32","26","150"
"[JOMEI] 2026年改良モデル スズメバチ防護服 蜂駆除 作業着 Wファン搭載 厚手3D立体メッシュ 二重立体フェイスガード 顔にネットが触れにくい 通気性 防蜂ウェア 養蜂服 USB給電対応（バッテリー別売） 5点セット (165-170cm) [並行輸入品]","18490","2","","","¥ 11,580","","1","B0H951MDMS","B0H94VCHZP","53","42","32","5000"
"オリタニ リネンカート ドライ用袋付き オレンジ Z型 1台 業務用 キャスター付 ランドリーワゴン ダストワゴン 多目的 清掃 回収 運搬 ホテル クリーニング 病院 施設 (カートカラー:ブルー)","8938","9","","2","¥ 14,175","","1","B08P5JDWM1","B0B68N5YMC","84","43","43",""
"TRUSCO(トラスコ) ステンレスKバット 8インチ T-KSB-1 × 10枚 【ケース販売】","10754","19","","2","¥ 7,795","¥ 7,795","1","B0C4TGKHWP","B0CCQW31V1","22","14.9","5.2","1578"
"【日動工業】ミストアタッチメント ミストブリーズ 工場扇に後付け ノズル付 屋内外兼用 MST-PM","10755","60","100","5","¥ 8,600","¥ 12,878","9","B0GJ7TQ58N","","27","25","5","400"
"NIANTONG 折りたたみテーブル ワークテーブル 簡易 作業台 作業テーブル 幅182cm 耐荷重140kg 多機能 アウトドア ポータブルテーブル 室内 屋外 キャンプ ガーデニング (182x74cm)","11935","39","","35","¥ 11,980","","1","B0BK9GZJLY","B0F92L9XWY","94","75","8","12500"
"東亜産業 CO2マネージャー 二酸化炭素濃度測定器 アラート機能付き 充電式 卓上型 温度 湿度測定 1台","10765","69","50","1598","¥ 5,590","","6","B08NWZKWVV","","19.9","13.4","10.4","310"
"ブラザー工業 TD-4420DN モノクロ 4インチラベル幅感熱ラベルプリンター/203dpi/USB/有線LAN/RS-232C","10767","23","","5","¥ 65,890","","7","B07ZGLDZS2","","33.6","27.1","25.9","3860"
"ボックスバンク ダンボール 宅配 160サイズ 10枚セット 中敷き板付 二つ折り EMS FD02-0010-a2","7381","35","","68","¥ 6,279","¥ 6,279","2","B0BJDTSKKY","B0CP3D86FS","93","65","21","14500"
"パナソニック(Panasonic) 天井直付型 壁直付型 天井吊下型 LED 誘導灯 片面型・一般型(20分間) 表示板別売り リモコン自己点検機能付 自己点検機能付 B級・BL形(20B形) FA20312CLE1","10771","76","","42","¥ 10,800","","15","B0B4B6FPFS","","28","23.1","5.8","910"
"ステンレス コンロ台 業務用 調理台 厨房 1000×600×650 板厚1.2mmモデル ステンレステーブル 作業台低め KIPROSTAR(キプロスター)","16136","16","","46","¥ 24,480","","1","B07CH921HT","B0H361XVQR","103.5","64","10",""
"タイタン(TITAN) RICORO-Nライト胴ベルト型墜落制止用器具 RA507N-BL-M Mサイズ 軽量バックルタイプ 緩衝リング採用","10775","16","","10","¥ 9,118","¥ 9,118","15","B09N6VV3S2","","24.5","11.6","11.4","960"
"コニシ 【箱売り】 ボンド 1液型ウレタン樹脂系接着剤 KU928C-X 760ｍｌ 12本入り 淡黄白色 床鳴り防止 接着剤","10778","40","","6","¥ 21,500","","2","B0B5QP3N1S","B01LVUY59G","42.4","27.9","21.7","14490"
"マスカーテープ 幅1100mm 長さ25m 布テープ 強粘着養生テープ 一体型 10 個 丈夫な布粘着テープ ZAZY 塗装傷防止カバー 養生シート テープ付き (3000mm×20m10 巻)","7668","3","","3","¥ 5,010","","1","B0H4ZBB468","B0H4Z8848Q","21","15","6","2000"
"TRUSCO(トラスコ) 足腰マット 17×450×1500 TAM-4515-17","12315","26","","7","¥ 12,227","","15","B0795DQNW6","B0CD1HW3SY","152","46","2.5","2700"
"共立電子産業 AC同期式時刻送信機 P18-NTPAC","10797","43","","107","¥ 13,096","","5","B084Q4DJFB","","19.5","11.9","6.2","490"
"高儀(Takagi) EARTH MAN LED 乾電池式 ハンディワークライト HLT-3CLB COBライト 作業ライト懐中電灯 ハンディライト 180°回転 マグネット付き 回転式フック付き 110ルーメン 自動車整備 夜間作業 アウトドア キャンプ 照明 作業灯 投光器 小型ライト 防災 高儀 たかぎ TAKAGI","10801","15","","14","¥ 7,210","","","B0DY6BB1LR","B0G6YZLZ9V","27.8","11","3.8","800"
"ケーエム化学 F型投薬瓶(未滅菌) 60mL / 8-8761-02 ナチュラル(原色)","10802","15","","6","¥ 11,286","","2","B010L54SYM","B09TK7D4GS","55.8","34.2","32.4","3640"
"山崎実業(Yamazaki) 収納付き スチール 台車 ホワイト W35.1×D35.1×H6.1cm タワー tower キャスター付き 平台車 配線を隠せる ケーブル収納付き 10350","10807","55","","19","¥ 5,500","¥ 5,500","15","B0G6Z7D6NL","B0G76XYRWR","37","37","8","3690"
"福井金属工芸(Fukuikinzokukogei) パワーミニワイヤー自在 10本入 1805-10","10811","16","","64","¥ 9,437","¥ 9,437","3","B00UKZMZR6","B00UTKZE4S","12.3","9.2","6.8","232"
"磁気シールド 低周波磁場シールドシート MS5000M 幅47㎝ 長さ30cm","46247","4","","","¥ 10,450","","1","B0DLGJY564","B0DLNRQLRZ","40","8","8","180"
"山崎産業 清掃用品 HG スクイザー F-8","10821","29","","","¥ 5,600","¥ 5,600","22","B007628CLO","B0FCRG4K44","38.4","35.8","34.4","2040"
"FNIRSI DPS-150 直流安定化電源 0~30V 0~5A電圧電流調整 CNC プログラマブルスイッチング電源 4桁 IPSディスプレイ 150W低雑音 高精度 研究実験室用 テスト修理 バッテリー充電 電気のメンテナンス","10821","59","","56","¥ 9,899","","1","B0DJ94NJC9","","17.5","13.1","8.2","390"
"Rikopin(リコピン) 折り畳み カラーコーン 高さ 700mm 4個セット 軽量 反射材付 伸縮式コーン 三角コーン 反射材付 高視認性 駐車禁止 コーン 駐車場 安全警告","10825","35","","9","¥ 5,980","","2","B0FHQ8MRP2","B0FHQHFJ7G","40.5","38.4","18.3","2590"
"超高反発 極薄 屋内外用の高耐久隙間テープ EPDM ゴムスポンジ 粘着付 厚み1mm 幅50mm 長さ10m 岡安ゴム タフロングタフシート50","18208","2","","31","¥ 6,754","","1","B082NSB8L8","B0847DWFJD","18.1","16.9","10.4","570"
"パナソニック(Panasonic) フルカラーガードプレート 3コ用 取付枠付 WN7973K (× 2)","10828","18","","76","¥ 5,514","","","B0G5GC1XYN","B0G62TBBMF","13.9","9","5.7","300"
"防水シート超厚手, 屋外 ターポリン 雨よけシート, PVC製, 0.55mm厚, 550g/㎡, 両面防水, 難燃性, 耐寒性, 屋外 屋根 庭 バルコニー 防塵 防風 保護ロープ付き (2X2M,ブラック)","32551","11","","7","¥ 5,200","","1","B0FS2CL26H","B0FS1421P7","10","10","10","500"
"シリコーンゴム角紐 厚2mm, 幅60mm, 長さ2m, シリコンゴム, 角型, 白色, KI-SIL-reccord-20-60-02","46327","1","","1","¥ 30,000","","1","B0CLK58CX4","B0CLK5SBY6","8.2","8","7.2","330"
"XMXYFWHCM 踏み台 3段 脚立 移動式 キャスター付き 手すり付き 滑り止め 幅広設計 幅60×奥行62×高さ80cm シルバー","10849","8","","4","¥ 12,980","","1","B0H2NYN8BB","B0HFRZV1QK","85","70","15","11000"
"RESIONE 3Dプリンターレジン abs 低収縮変形で剛性と靭性に優れタフレジン 高彩度光硬化可能樹脂 405nm LCD DLP MSLA 光造形3Dプリンター用uvレジン(蛍光オレンジ-1000g)","10860","18","","42","¥ 7,999","","1","B0FSS7CNYQ","B0G2L2WMQL","25","10","10","1200"
"機械屋.com シートモッコ もっこ 布モッコ (3m×3m 耐荷重300kg) 業務用 引越し 造園 建設 バリエーション(1×1 2×2 3×3)","15830","22","","9","¥ 7,980","","1","B0GTLC24SF","B0GTL74BCC","57","36","19","5000"
"seathestars ツールワゴンカート 引き出し収納 工具ワゴン ツールキャビネット ボックス キャスター付 3段式 耐荷重180kg ブラック","10877","4","","","¥ 6,980","","1","B0HCN7P54W","B0HCY3CTMF","72","32","21","2000"
"アズワン CRウェア クリーンウェア クラス100 フード一体 センターファスナー 白 3L クリーンルーム","10878","14","","2","¥ 6,221","¥ 6,451","5","B00N3N89UO","B0DNSHWNW9","58","40","30","1300"
"HIOKI (日置電機) LANケーブルハイテスタ 3665","10879","59","50","78","¥ 51,478","¥ 52,317","20","B019FA1VHG","B091Z9HMKV","18","11.6","6.5","360"
"AZ(エーゼット) シリコーンオイル 粘度350CS 4kg SD140","10258","16","","138","¥ 9,359","¥ 9,359","1","B07SPKCQYC","B09G6KTJM1","26.3","23.3","15.8","4380"
"FiveLn PVC ソフトホース 耐圧 耐寒 16mm/20mm/25mm/32mm 散水ホース 給水ホース 家庭用 園芸用 洗車用 10-60m 選択可能 厚肉 ネジ切り管 エアコンプレッサー 液体供給対応 黄色 (内径16mm,35M)","32913","4","","6","¥ 6,199","","1","B0FKT5CGV2","B0FKT3VKFW","40","25","25","1500"
"弥栄電線 VVFケーブル 600Vビニル絶縁ビニルシースケーブル平形 1.6mm×3心 100m巻 (灰色) VVF1.6×3C×100m","9198","19","","7","¥ 24,000","","1","B00CXJ1DIY","B08Z2ZFQJR","39.1","39","11","12860"
"Simpolu 送風機 小型送風機 排気シャフトホース付き 風量3000m3/h 送排気口径304mm ダクトファン 強力 工場扇 工業用 業務用扇風機 換気 風通し 工業扇風機 工場用 強風 パワフル 床置き 倉庫 (口径304mm)","10894","26","","2","¥ 13,980","","1","B0FC1Z6YS3","B0FC12BHZ3","49","38.5","33","11650"
"ECセラーPRO 感熱ラベルプリンター Bluetooth USB対応 黒 ブラック 日本語サポート クリックポスト バーコード 業務用 宛名 値札 FBAラベル 日本語マニュアル 梱包発送 郵便 【対応ラベル 幅30mm~A6サイズ】","10897","18","","30","¥ 13,800","","1","B0BBV97YNB","","24.5","24.3","17.8","2050"
"TOTIME 超硬 面取りエンドミル 12mm 【母材日本製】【1対1提案可能】 横走り可能 Vカット/面取り Vカットミル 鉄 SUS用 ステンレス用 4枚刃【侍】 先端60°90°120°有り [1175-11] V-120MT-75-4F-60 1本","71779","3","","","¥ 16,100","","1","B0FBRL6JB6","B0FBRK35C7","7","1.3","1.3","10"
"BBEST アクリル メニュースタンド メニュー立て 卓上 12個入り A4サイズ A5サイズ 安定感 複数冊 滑り止めシール付き メニューブックスタンド 業務用 店舗 ディスプレイ AMS-CL-12","17840","21","","5","¥ 14,365","","1","B0GGX86BNW","B0GGXHXJ6M","29","24","22","4500"
"【FD】 パイロン 赤色 カラーコーン 【10本セット】 高さ700mm 運動会 イベント 迷惑駐車対策 施設管理 私有地 立ち入り禁止 コーン","18349","2","","","¥ 5,693","","1","B0HDB7H933","","70","70","35","1500"
"ショーワグローブ(Showaglove) 【防寒手袋・アウトドアテムレス・透湿完全防水】 TEMRES TFmitten（ミトン） ブラック 防寒インナー付き防水グローブ カフ,ドローコード付き","10936","8","","","¥ 7,228","¥ 7,228","2","B0H29FH439","","39.4","17.3","3.8","230"
"カインズ(CAINZ) インテリアシェルフ46 5段 MB3 幅46.2cm 奥行30cm 高さ159.5cm スチールラック オープンシェルフ","10944","24","","12","¥ 5,480","","1","B0CYBXPCZQ","","58.5","31","19.5","9050"
"手術練習用 ステンレス製 精密持針器セット マイクロサージェリー 持針器 剪刀 鑷子 鋏 ピンセット (ステンレス製 5本セット)","10959","34","","4","¥ 7,980","","1","B0C2Z4W3HZ","B0C2Z8NVNS","21.2","13.7","5.9","250"
"TerraPup ポータブル円柱ディスプレイ台 ホワイト 店舗陳列/イベント装飾/撮影/フォトブース/結婚式/パーティーに最適 軽量で持ち運び便利 円筒形モールドベースコラム (直径50cm、高さ25cm,ブラック)","80336","3","","","¥ 11,458","","1","B0H3HXKNKH","B0H3HV9TSG","64","64","24","2000"
"TLBZK 350W 100V のはんだ付けする場所のホット プレート、LED のマイクロコンピューターの電気予熱 再修理ステーション のヒーターの実験室（100X100mm）","10974","44","","27","¥ 6,599","","1","B0CR1BZSZ9","","17.2","16","16","1170"
"Fainyearn スチールラック 幅90 5段 メタルラック 収納ラック キャスター付き 収納棚 整理棚 業務用 シェルフ棚 メタル製 高さ調節 幅91.3cm×奥行45.7cm×高さ182.9cm","10980","45","","15","¥ 12,999","","2","B0CYLB49D6","B0H29D8C82","93","48","22","19450"
"SII モバイルプリンター MP-B20 ロール紙12巻セット","10991","36","","207","¥ 22,000","","1","B07NW6H323","","27.5","20.5","9","1240"
"トラスコ中山(TRUSCO) ポータブルトランス 降圧・昇圧兼用型 電源トランス 30A 3kVA TPT30BD","10993","47","","96","¥ 23,082","¥ 23,082","21","B01B11GECY","B09QD9X32H","37","24.4","23.6","16840"
"マークテック 漏洩検査剤 スーパーグロー DF-300 LIQUID 1L C003-0034003","11001","41","","30","¥ 13,640","","1","B01CSJ5AQY","","20.1","9.1","9.1","1260"
"SUZUKID 液晶式自動遮光溶接面 アークビュー AVW-200","11001","60","","24","¥ 5,925","¥ 5,986","5","B0DB1767KB","B0H2L5CBWP","27.2","27.1","23.4","800"
"NODIBRO【5台セット】連結平台車 40×60cm 耐荷重150kg キャリー台車 360°回転 滑り止め付き、固定ロープ付き (ブルー)","11007","29","","2","¥ 14,350","","1","B0G5F67TN9","","66","46","42.5","19360"
"山善(YAMAZEN) 脚立 3段 スリム 収納時厚み5.5cm 折り畳み SGマーク認証 安全に作業できる上枠付き スチール製 踏み台 はしご YM-BG03SG ホワイト","13332","15","","4","¥ 10,980","¥ 10,980","1","B0FNV18ZNX","B0FPFLVVN7","141.3","49.4","5.5","6300"
"エビ エビモンゴジプサムアンカーキット(200組入り) GA25K","12221","31","","13","¥ 7,141","","13","B004OCMMSS","B07WHKKFJ2","25","21.6","8.5","1272"
"BONMAC 全自動コーヒーマシン用低発砲洗浄タブレット ESTL-200P (15mm径×200錠) (856633)","11014","11","","","¥ 6,090","","1","B0GMJFM8JD","","15.8","9.2","8.2","430"
"3M 油とりマット スタンダード型ロール 912x30M 914X30J","11021","37","","","¥ 38,830","","9","B018MCWDKM","B08RCJFMCY","91","32","32","8470"
"Mokiland エアコン内機昇降機 天井設置リフト 耐荷重150kg 電動式 高さ調節可能4m 折りたたみ式 キャスター付き ドライウォールリフト","12528","2","","1","¥ 28,880","","1","B0H7BLSZPF","","150","20","20","14000"
"FA20312CLE1【本体】+FK20300【表示板】LED避難口用片面型誘導灯 B級・BL形(20B形) 左向パネルセット【電池屋オリジナル設置年度シール付き】","11031","34","","6","¥ 15,480","","1","B0DMYRW6FM","","2","2","2","500"
"アサヒペン 超強力ウレタン防水材 リークナイン 1.6kg 透明 クリア 水性 1液タイプ 防水 撥水 雨漏り 水漏れ補修 ひび割れ補修 日本製","9256","9","","","¥ 5,980","¥ 5,980","1","B0HCNGTY9Z","","16.9","16.9","13.7","1726"
"FNIRSI DMT-99 テスター デジタル 充電式 マルチメーター AC/DC電圧計 サーキットテスター 9999カウント 非接触電圧検知機能付き 2.4インチディスプレイ DC電流 抵抗 ダイオード 導通チエック 温度測定","11050","63","","75","¥ 6,399","","1","B0D6YJ64QN","","21","11.9","8.1","420"
"TOMOYASU フロアタイル用 見切り材スロープタイプ 240cm ブラウンウッド 4本セット C-F-3 CSZ 段差用 4～5mm厚対応","16613","9","","","¥ 9,295","","1","B0FNWJFJYY","B0FNWLF7S4","250","10","10","800"
"Pounjsd 荷台ゴムマット 3mm フロアマット 滑り止めシート カーゴ 軽トラ 樹脂 駐車場 ゴム製 バイクガレージ ロール ガレージフローリング トラック 表面滑り止め構造 床保護 工業用 車 養生 工事 倉庫 農業 下敷き 露台用","18234","8","","19","¥ 14,600","","1","B0FKN54CZ5","B0H3F9YMC9","100","30","20","3000"
"【正規品 親和産業】 ドイツ Thermal Grizzly 液体金属 Conductonaut 5g","11075","39","","6797","¥ 12,220","","8","B01EO2V332","B07FPT6F66","19.3","9.6","1.7","20"
"【 防風雨タイプ 屋外に強い！ステンレス蝶番】屋外用チラシケース (背面白, A4サイズ用)","11946","18","","55","¥ 6,330","","1","B07WLR2427","B08TTKKG65","38.4","27.4","11.6","1160"
"WAKO'S:タンクライナー(コーティング) V470","11086","72","50","221","¥ 11,790","","3","B004HO762A","","15.3","13.6","8.6","620"
"日東工業 通信用プラボックス PTM16-4535NL","11087","9","","4","¥ 10,554","¥ 10,554","1","B073P9L8TR","B0D7HTSJ6W","45.9","37.2","18.8","2210"
"折りたたみ台車 耐荷重400kg 90×60cm 大型プラットフォームカート 静音TPRタイヤ付き 省スペース収納 倉庫・引っ越し・オフィス用 荷物固定用ロープ付き","13135","12","","1","¥ 7,980","","1","B0H5BD6SL5","B0GXDZSG4D","90","60","30","10000"
"金剛打ち ポリエステルロープ 50M巻き (10mm)","7734","32","","89","¥ 6,655","","1","B07DR5Z56C","B07PY6K8HY","24.9","24.8","18","3100"
"HX6809/72 [ソニッケアー プロテクトクリーン ホワイトミッドブルー]","11101","83","50","28","¥ 9,554","","5","B0FYN9XT21","","32.7","24","11","350"
"HIOKI (日置電機) マグネット付きストラップ Z5020","11103","34","","18","¥ 5,605","¥ 5,605","16","B07DWRTKBQ","","12.2","8","5.4","60"
"ハイブリッド・ファン ハーフクリアータイプ HBF-FA1 C/W","11106","48","50","65","¥ 24,480","","1","B0055ET9PS","","57.8","16.4","16.1","1620"
"サンエイ化学 フィルターハウジング PAF-500 500mm R3/4インチ接続","5805","14","","7","¥ 6,060","","1","B0BVDLLY62","B0BW6MTXV2","57","57","12.5","4000"
"MERDIVEN白い木目調はしご2段幅広足台折りたたみ式超軽量アルミ製耐荷重150 kg滑り止め加工屋内外使用に適しコンパクトに収納 デザイン仕事用ペダル","12817","34","","62","¥ 5,499","","1","B0F43Q4T8S","B0HCTTM7VF","68.8","48.2","6.5","3240"
"長谷川工業(Hasegawa) アルミ伸縮足場板 スライドピット SSP-170 (1.67-2.83m)(12032)","11140","41","","52","¥ 20,922","¥ 20,922","12","B004FKVASW","B07BN41KMT","170","26","10","8000"
"TRUSCO(トラスコ) メッキ付ワイヤーロープ PVC被覆タイプ Φ6(8)mmX20m CWP6S20","11144","37","","76","¥ 5,862","¥ 5,862","17","B0795D672R","B09PBL8M7N","23.4","23.4","6.2","3120"
"アズワン 低圧用ゴム手袋 YS-102-2 中 (1双入り) /6-6442-03","19207","5","","1","¥ 5,748","","1","B01NCMXALV","B07D3BQK3B","13","13","13","230"
"感熱 ロール紙 80×80×12 （ 20巻 パック ）","18301","34","","10","¥ 5,500","","2","B0096J68CA","","41.4","18.2","17","6740"
"TEKCOPLUS 高精度多機能 2 in 1 PH測定器 PHと温度モニター PH計 ペーハー 温度計 水質測定器 ATC 自動温度補正 BNC電極付き 水質検査 水耕栽培 実験室 水族館 水槽 温泉 プール用 (日本語取扱説明書)","11166","49","","538","¥ 5,299","","2","B08SJ7XFBY","","17.5","14.6","5.7","390"
"DN15 DN20 DN25 DN40 ステンレス鋼製電動ボールバルブ（手動スイッチ付き）220V 12V 3線式 2点制御電動ボールバルブ(24vdc,DN20)","19296","4","","","¥ 5,152","","4","B0H1BCSQZN","B0H1BKDTQZ","1","1","1","350"
"東芝ライテック(Toshiba Lightech) 【工事必要】 LED避難口誘導灯 【片面灯】 ※表示パネル別売※ FBK-20701-LS17","11180","32","","4","¥ 8,280","¥ 10,681","8","B08KT53L1V","","28.9","25.2","10.2","1370"
"JIAWANSHUN 振動モータ マイクロ振動モーター 単相110V 30W 3000RPM 振動力20kg 強い振動 振動ふるいモータ 良質で高性能 錆にくい IP65防水性 長時間使用可能 各種の振動設備に適用 日本語説明書 (30W)","11183","17","","1","¥ 6,328","","1","B0D21V3J8N","B0D22B43Q4","24","10","6","1900"
"uxcell 熱収縮チューブ 直径9.5mm 収縮率3:1 長さ24m 防水接着 絶縁チューブ 透明 PE製 電線ケーブル 絶縁保護 結束 防水 配線 DIY","18503","14","","3","¥ 6,602","","1","B0FD3K6WLR","B0FJG3JXZ7","31","31","7.5","630"
"ケルヒャー(KARCHER) 業務用 カーペットリンスクリーナー Puzzi 10/1 (1.100-135.0)","11195","34","","6","¥ 179,133","¥ 179,133","9","B01DLF49N4","B0CQQJJVJB","79","47","39.6","15600"
"TUIYIDUO 【三段】 工具カート 耐荷重200kg ツールワゴン ツールカート 360° 可動式 工具ワゴン ドライバーホルダー キャスター付","11200","46","","22","¥ 7,590","","1","B0DWMF34S7","B0F12NBQHB","68","37","20","9000"
"パナソニック(Panasonic) ニッケル水素交換電池2.4V700mAh FK721","11202","46","50","53","¥ 6,578","","3","B00KNVTZ7K","B0H8GH27NL","8.9","6.9","3.4","80"
"Otoye 業務用自動スノーフレークアイスマシン、小型スノーコーンスラッシーメーカー、製氷120kg/24時間、速度調整可能、スムージー、ミルク、アイスクリーム用、レストラン、スーパーマーケット、カフェ用 (4バレル手動材質交換 - 空冷式)","11761","1","","","¥ 129,844","","1","B0FQ3698C7","B0FQ3826B6","1","1","1","1000"
"レバーブロック 1t 3.0m 定格荷重 1 トン 手動式レバーホイスト チェーンブロック ガッチャ 荷締機 吊り上げ・牽引・固定用 【1t*3.0m】","11207","22","","18","¥ 8,580","","1","B0H14WC22B","B0H14TLJT2","37.8","19.1","16.2","8170"
"ピカ(PiCa) ピカコーポレイション トラック昇降ステップ 手すり付き 伸縮 折り畳み 荷台 ハシゴ ステップ アルミニウム シルバー DXF-14TEA","11209","15","","18","¥ 68,200","","18","B096TZQXR1","","130","52","12","13000"
"TRUSCO(トラスコ) 耐熱ガラスクロステープ 50mm×20m TMGC5020","11215","32","","82","¥ 8,358","¥ 8,358","18","B007629UHY","B09PBNQ3YT","12.1","9.9","6.5","262"
"MUNBYN 感熱ロール紙 サーマルペーパー 80mm幅 外径80mm 内径12mm 20巻セット レジプリンター対応 汎用 芯あり","7547","44","","2250","¥ 5,800","","2","B0CLV354BQ","B08ZMBWRYM","40","32","8","6100"
"TRUSCO(トラスコ) 業務用ポリ袋 厚み0.03X45L 赤 10枚入 A-0045R × 30袋 【ケース販売】","11233","32","","1","¥ 32,869","¥ 32,869","1","B0B24W151L","B0C8NJR77V","35.3","22.8","14.9","7800"
"A型スタンド看板 A1サイズ対応 片面 アルミ製 グリップ式 防水 折りたたみ式 屋外用 ポスターフレーム (A1, LED発光面(シルバー)","11237","11","","","¥ 28,400","","2","B0GWGTHQ6B","B0H38RS8K8","120","68","10","8000"
"4PCS 700mm 2020V リニアレール ヨーロッパ標準陽極酸化 ブラック アルミニウム プロファイル押出リニア レール DIY素材 3DプリンターとCNCマシン用 (4PCS 2020V, 700mm)","13332","13","","7","¥ 7,140","","1","B0BXSD8Z6F","B096Z5LWDJ","73.2","6.8","6.2","1320"
"三菱ケミカル(Mitsubishi Chemical) ダイアラップi-GSW 400×750 004302408","11241","64","50","56","¥ 5,200","","4","B0142CEMHS","B0GGNJLJDH","42.5","13","13","4110"
"山下工芸(Yamashita kogei) P.P弁慶カラーザル ブルー ポリプロピレン 業務用 プロ仕様 飲食店 厨房 日本製","12631","7","","","¥ 8,316","¥ 8,316","1","B0H6XXDP99","B0H4L62ZYW","67","67","26.2","550"
"AirHood 2 エアフード2 ポータブルレンジフード 卓上換気扇 煙・油・ニオイ対策 3段階風量 AC100V 活性炭フィルター2枚付属 ホワイト","21076","4","","1","¥ 24,980","","1","B0HC596D7K","B0HC5N3B2X","36.6","28.2","19","1600"
"Shilanmei 脚立 折りたたみ 持ち手付き 踏み台 ステップスツール 2段/3段/4段/5段 鉄素材 耐荷重150㎏ ワイドペダル 頑丈 引っ越し 掃除 電球の取替に エアコン掃除に 滑り止め付き 多機能 室内 屋外 折りたたみ式はしご (3段)","20566","15","","35","","","","B0CNSPJ32G","B0CNT5XDMN","132","53","8.5","4000"
"ケルヒャー(KARCHER) 業務用 乾湿両用バキュームクリーナー NT 30/1 AP(1.148-228.0)","11260","38","","5","¥ 65,100","","19","B085LGVB6V","B0CQX2DB9Q","66","59","40","15600"
"TUIYIDUO 2段台車 5点固定式補強[赤い】72x49x82cm 耐荷重150kg 静音 TPRキャスター ブレーキ付き","11262","26","","5","¥ 11,210","","1","B0GS54MR61","B0GXFJ9KGT","73.5","53.8","22","10260"
"ALIENTEK LT1 ミニ LCR メーターピンセット、10KHz スマートSMDテスター、マルチメーター、ESRメーター、抵抗コンデンサ用テスター、インダクタンス電圧周波数ダイオード、400mAHバッテリー、自動コンポーネント認識","62099","9","","4","¥ 5,561","","1","B0FJRMXFNQ","","23.6","16.5","5.5","200"
"SK本舗 光造形 3Dプリンター レジン用 二次硬化機 UVライト PLUS タイマー付き ホワイト","11282","53","","47","¥ 8,800","","1","B0CV4VFBQ8","","26.7","26.1","10.9","1680"
"Fuyutu デリバリーバッグ ウーバーイーツ 配達バッグ 大容量 30/43/62/80L ウバック 固定 バイク 自転車 デリバリーボックス フードデリバリーバッグ インサートできる 宅配 防水 軽量 保温 保冷 配達用 ブラック (43L)","11295","54","","40","¥ 5,083","","1","B0DW7BT1FR","B0DW83L6X5","52","36","12","2500"
"お守り研究所 土のう袋 土嚢 とうさんゾウ 水で膨らむ 2セット(計12枚) 吸水土のう 土不要 高吸水性ポリマー 台風 豪雨 水害対策 防災 備蓄","11307","26","","11","¥ 6,160","","1","B0H6BZ6S6T","B0H6C2L2H4","33.5","25","8","2650"
"A&D 熱中症指数モニター/温湿度SDデータレコーダー AD-5696","11315","65","50","46","¥ 9,900","¥ 10,554","29","B004MXNQM0","","24.5","14","5.7","340"
"リットマン専用セミハードケース 【パープルカラー】聴診器ケース","12730","14","","52","¥ 6,980","","1","B07W4R7GDB","","33.4","20.5","4.6","372"
"レマコム 4面ガラス冷蔵ショーケース フォーシーズンシリーズ R4G-105SLW (ホワイト) 105L 卓上型タイプ 自然冷媒 ノンフロン","11332","37","","35","¥ 68,640","","1","B093K7VSV2","","117","49.5","45","42500"
"ガービー（Garvee） 伸縮はしご アルミ製 3.8m 耐荷重150kg 自動ロック 軽量 持ち運び 折畳み 収納簡単 多機能 室内外 シルバー","19824","31","","6","¥ 11,686","","1","B0DZXNJXLG","B0H93KD2SM","88","48.5","8.5","10700"
"tシャツ プリンター 家庭用 ヒートプレス機 熱転写プレス機 30×38cm 温度・圧力調整可能 スイングアウェイ式 卓上熱転写プレス Tシャツ バッグ 布小物 DIY オリジナル制作 家庭用 小規模作業用 (ブラック)","11339","3","","4","¥ 19,999","","1","B0H7WSJ691","B0HG17H5QB","47","46.4","43.1","13150"
"育良精機 ポータブルトランス PT30T 昇降圧兼用 AC100／200兼用V","11340","36","","124","¥ 25,875","¥ 25,875","21","B001TUUDU2","","37.4","36.4","23.8","16920"
"PATIKIL M6アルミニウムスペーサー10個 内径1/4インチ x 外径1/2インチ ラウンドスタンドオフスペーサー、ネジなしメタルスペーサー、1/4インチM6ネジボルト用、ブラック 長さ1/16インチ","15049","11","","33","¥ 5,062","","1","B0DZWMB9K2","B0F79KP68V","9.1","6","1.5","10"
"Creality Raptor X 3Dスキャナ 0.02mm高精度 34レーザー搭載 60fps高速スキャン WiFi 6 ハンドヘルド 3Dフルカラースキャン ワイヤレスハイブリッド3Dスキャナ Windows/macOS対応 (RaptorX)","11351","23","","","¥ 530,000","","1","B0F9D8VP7H","B0H1R88HNG","35","31","16","1200"
"HIKMICRO E02 サーモグラフィーカメラ 240x240 SuperIR解像度、可視光カメラ、20Hzフレームレート、手持ち型赤外線サーモカメラ、バッテリー寿命 11H、-20°C~400°C測定温度範囲","11359","84","50","749","¥ 30,980","","2","B0CP99QBVJ","","24.8","15","9.7","640"
"段差プレート 段差スロープ 滑り止め 高さ 8/9/10/11/12/13/14/15/16/17/18/19/20/21/22/23/24/25cm カースロープ 駐車場 車庫 Ｌａｖｗａｃｄ 車椅子自転車 ハイステップ 段差解消スロープ 転倒防止階段用スロープ (黒,500×800×200mm) [並行輸入品]","78729","7","","","¥ 13,855","","1","B0F1SLYZCX","B0F1SVY8LF","80","50","25","19000"
"(まとめ) エステー モデルローブ ニトリルモデル No.600 L 1双 【×10セット】","11371","48","","57","¥ 5,150","","3","B07PD9QGGD","B0746FGNT3","33","15","13","850"
"【エスパック 使い捨て 食事 介護 飲食店 介護施設向け 業務用 前掛け 汚れ防止 男女兼用 低コスト 焼肉 麺 カレー 鍋 鉄板 BBO】お食事用不織布エプロン ブラック ショートサイズ 100枚入 10個セット","9545","25","","22","¥ 9,212","¥ 9,212","1","B0FHB1TNCG","B0H7WXQ1WJ","57","45","30","11000"
"トラスコ中山(TRUSCO) スナップリング軸用 ステンレス S-26 7個入 B900026 x 10パック x 【ケース販売】","11379","46","","","¥ 5,293","¥ 5,293","1","B0C4XGYF9W","B09NWJWG98","27.5","15","6.5","320"
"uxcell PVCホースチューブ ビニールチューブ 水パイプ 内径38mm 外径44mm 長さ2m クリア フレキシブル エアホース 水道管 農業灌漑用","18893","22","","4","¥ 5,098","","2","B0DWWZBNTY","B0F42TXB7G","32.4","21.8","7.6","1070"
"EITAI1000C 非接触検相器 三相相秩序検出 AC 70V-1000V メーカー直販 Φ1.6mm-16mm 検相器 険相器 検電器 高圧検電器","18318","40","","21","¥ 6,999","","2","B0CRR171PP","","14.7","11.5","10.3","290"
"A&D 取引証明用 デジタルはかり SJ-30K ≪ひょう量:30kg 最小表示:0.02~0.05kg(使用範囲:0.2~30kg) 皿寸法:230(W)*190(D)mm 検定付:使用地区制限なし≫","19251","31","","15","¥ 12,994","¥ 12,994","18","B00CBAPB42","B06WLHC2B3","32.9","32.7","17.7","3048"
"アルインコ 専用脚立 2.88m 最大使用質量100kg MA300F","11395","24","","30","¥ 39,765","","11","B007FPID4I","","100","100","100","80000"
"京セラ(Kyocera) リンスクリーナー 静音タイプ KRC800","11401","52","","42","¥ 25,364","¥ 25,364","3","B0CJY27BJY","","72.7","30.4","30.2","7870"
"KIYOMARU ビヨーンと伸縮コードで自由自在に動かせる手関節模型 人体模型 骨模型 PT監修 骨格標本 右手 等身大","11418","25","","31","¥ 7,980","","1","B0DKDJBCLH","B0GWH1V4R5","25","20.1","3.2","160"
"オイル吸着マット オイルマット 油拭きマット オイル吸着シート 100 枚入り 40cm×50cm x4MM (1)","11421","26","","32","¥ 9,980","","2","B09MMDDV7K","B09MKXSRKB","51","41","40","8000"
"シンワ測定(Shinwa Sokutei) デジタルアングルメーターII 防塵防水 マグネット付き 76826","11443","46","","80","¥ 11,531","¥ 11,531","38","B00MT576XI","B07FQFRQS6","22.6","7.9","4.9","390"
"長谷川工業(Hasegawa) アルミ2連はしご 軽量タイプ HE2型 HE2-2.0-41(4.15m) (16985)","18458","43","","47","¥ 30,120","","7","B004UKGSC0","B0C7C5TZ3N","40.4","12.7","2.8","9400"
"48V高出力 ファンバッテリーセット 無敵な暴風 ファン付き作業服用 大容量 2種類モード搭載 ブラシレスモーター内蔵 長い使用寿命 防塵カバー付き 暑さ対策 (ブラックx赤羽根）","7728","16","","68","¥ 7,500","","1","B0C578G1NP","","27.5","16.1","8.8","820"
"タイタン(TITAN) 伸縮ストラップ式タイプ1ランヤード ダブル EXJ レッド&ブラック HLーERWー130型","11464","50","","7","¥ 16,564","¥ 16,564","17","B08BF8TMFR","B0CPDTWK88","25.4","24.5","11.4","1300"
"JASIDA 折りたたみカラーコーン 2個入り 高さ 700mm 伸縮式 三角コーン パイロン 反射材付き 高視認性 昼夜兼用 安全警告標識 車載 緊急用品 駐車場 工事現場 故障対応 手提げ袋付き 持ち運び便利","11471","45","","14","¥ 5,848","","1","B0GV7Q2JP4","B0GWLNF5GB","30","30","5.8","1450"
"【2個セット】 LED コーンライト 100W 15000LM (1000W白熱電球・800W水銀灯相当) 昼白色 5000K 口金 E26 / E39 変換対応 IP65 防水防塵 高輝度 360度全方向発光 安定器不要 倉庫 工場 ガレージ 高天井 街路灯 作業灯 屋内外兼用","11498","13","","2","¥ 8,100","","1","B0G9NC18KG","","24","19.2","10.5","1020"
"三方良し デジタル台はかり 150kg/0.02kg 防塵タイプバッテリー内蔵充電式 ステンレストレー付 秤 台秤 台はかり 日本語取扱説明書 付！は","12349","30","","43","¥ 12,000","","2","B00LCX2DOK","B0125TMXEE","80","42","21","10680"
"TRUSCO(トラスコ) ウレタンゴムパイプ外径φ20内径φ8.0長さ200 x 10 本【ケース販売】","12723","25","","","¥ 11,385","¥ 11,385","1","B0BV6X5YNM","B09PBN9SMH","68.3","6.7","6.7","520"
"OPP梱包テープ 48mm×100m 透明 54個入り 梱包用 ガムテープ 引越し・保管・発送・配送用 クリアテープ 業務用にも 高い引張強度テープ","11511","7","","3","¥ 9,980","","2","B0H25FWCQ6","B0H6FCJKM3","38.1","36.9","31.7","14000"
"TRUSCO(トラスコ) 0.15mm厚手ポリ袋 縦480X横340 透明 (50枚入) U-3448","11512","28","","8","¥ 7,244","¥ 7,416","15","B07N2S4RYF","B09NWNLM7N","34.6","25.7","4.3","2200"
"ADHES布テープ 粘着テープ 梱包テープ 50mm×25m 白 30巻入り","11516","53","","157","¥ 11,086","","1","B08YD5Z4WG","B08D6BV38M","37.8","27.4","25.6","10520"
"PATIKIL 6個 アルミシェル抵抗器 50W 1.5オーム 1.5Ω ハイフラ防止抵抗器 アルミニウムケース 巻線 メタルクラッド抵抗","19168","9","","","¥ 5,377","","1","B0F841LKKV","B0H7H8F8ZV","14.2","9.9","1.7","150"
"Ralcam ファイバースコープ 先端可動式 3.9MM超薄型レンズ 工業用内視鏡カメラ 5インチIPS液 暗所対応LED 配管カメラ IP67防水防塵 掃除 排水口/水道管/ガス管補修 自動車整備 設備の点検 日本語対応 (3.9MMレンズ)","11521","8","","23","¥ 33,516","","1","B0FXDPXJ9K","B0H6SG51LF","42.5","22.4","8.8","1150"
"佐藤計量器(SATO) 水分計 水分測定器 米・麦 日本製 SK-1040AII 1733-00","11522","20","","44","¥ 28,160","","10","B00KWTX9MK","","28.5","20.9","9.9","1410"
"フレックスボード 39580030 ラックヘルスケア","11524","14","","3","¥ 57,300","¥ 57,880","9","B01FBGUY2G","","54.8","40.4","9.6","2180"
"新潟精機 SK 日本製 型取りゲージ CG-300S","24165","25","","62","¥ 6,533","¥ 7,257","14","B0041C8HSK","B07DDK5V9B","39","21","3.4","1110"
"【改良モデル・押手付き3WAY仕様】ボード台車 大型 3in1 耐荷重1000kg 滑り止め付き 長尺物運搬車 平台車 全鋼構造 工場 倉庫 業務用","11542","3","","2","¥ 24,800","","1","B0H4V7F12D","B0HCVGF3BQ","100","70","21","30000"
"COYXiCE シートモッコ 平面200×200cm 布モッコ 耐荷重2.5t イージーモッコ 強靭 頑丈 八点吊りタイプ モッコタスキ 揚げモッコ 軽量強力シートモッコ 荷揚げモッコ 農業、建設、産業、土木工事、重物吊り上げ 穀物、木材、土壌、砂などの輸送、高所吊り","9431","41","","44","¥ 5,780","","1","B0DSSYC9XF","B0FD3XN6WM","39","25.7","19.5","4340"
"連結平台車 2台セット S･BLUE キャリーカート ドーリー 耐荷重150kg 軽量 連結可能 業務用 家庭用 RK-1B（03）","67600","4","","1","¥ 6,200","","1","B0F52BS5B5","B0HFZ4257S","61","41","28",""
"ガラコート 純水器用 切替ヘッド 切替バルブ ステンレス製ニップル仕様 取っ手付","11555","58","","128","¥ 5,832","","1","B0DJKYR2KK","","26.5","20.5","19.2","1600"
"[錦尚金nishikin] 【使い捨て手袋 大容量】 ニトリル手袋 グローブ パウダーフリー 粉なし 使い捨て ゴム 100枚入り 左右兼用 KINFA ニトリルフィットグローブ (英語パッケージMサイズ)ｘ5個セット","12295","38","","118","¥ 6,180","","2","B08XYG142V","B09P19MM55","23","12.5","6","350"
"ANRIS 騒音計 壁掛け 大型LED デシベルメーター ノイズメーター 測定範囲30-130dBA 騒音検知、温度検知、湿度検知 3-in-1 デジタル ノイズ測定器 教室騒音計 音響レベル計 音圧計 DB計 騒音デシベル計","7702","36","","11","¥ 6,999","","1","B0BMVP8ZQQ","B0HGX1LVJC","33","10.1","4.4","690"
"Ralcam 先端可動式ファイバースコープ 360°四方向回転 工業用内視鏡カメラ 2M半剛性ケーブル 6.2mm極細スネークカメラ","11572","34","","93","¥ 39,816","","1","B0G6YW7X1F","B0GXTKB2HD","35.1","28.8","9.4","1730"
"CATERPILLAR キャタピラー CAT サーキュレータ- 35cm 工場扇 DCモーター 業務用 扇風機 送風機 工業扇 壁掛け 床置き 屋外 HVD-14DC ブラック/イエロー","11574","48","50","43","¥ 21,381","¥ 21,381","2","B07RS2BVWP","B09SLKS84M","52","45.2","27.4","7700"
"【ケース販売】伊藤忠リーテイルリンク レジ袋 シルバー No.60 100枚入 x 10パック","7107","9","","4","¥ 15,256","","1","B076X48LBV","B07L66RWZ5","62","36","12.5","17650"
"PUNXSUPER ミニスターラー つまみ押すと起動します 200-2000RPM変速 小型マグネチックスターラー スターラー 小型磁気ミキサー ミニ磁気攪拌機 MAX攪拌容量5L（H₂O） 日本語説明書付き (MS-5L PLUS)","12251","39","","5","¥ 6,790","","1","B0FHWL26T7","B0FHWJV33S","25.5","18","5.5","750"
"TRUSCO(トラスコ) 吸水スポンジ 大判タイプ 50×1000×1000mm TKSO-1010","11578","54","","209","¥ 9,449","","16","B01N0UK9OI","B0CFQ86KZ3","102","102","22","4799"
"3M Peltor 子供用 防音 イヤーマフ ヘッドバンド式 ネオンピンク H510AK-442-RE [並行輸入品]","11589","46","","1413","¥ 5,980","","2","B0086GAAPK","","18.2","12.2","9.2","180"
"感熱 ロール紙 58×30×8 コアレス （ 60巻 パック ）","12043","26","","78","¥ 5,665","","2","B00BBQ24C4","B07T8DVT7Z","20.8","16.6","14.2","2380"
"黒球式 熱中症指数計 WBGT JIS準拠 wbgt測定器 暑さ指数計 熱中症計 アラーム (100)","18184","16","","13","¥ 330,000","","1","B0F9XZ5PHC","B0F9XXNF4Q","12.8","9.1","4.3","120"
"山善(YAMAZEN) 三脚付き any ロケーションライト 充電式LEDライト 防水IPX4 最大光量4500ルーメン 角度自在で暗い場所での作業効率UP YAL-6957SET","11598","35","","2","¥ 12,800","¥ 12,800","1","B0D34V9CRC","B0FJDZJF2M","63","18","10","3150"
"養生テープ ガムテープ 防水 はがせる 台風対策 家具保護用 緑 50mm×25m (30)","16045","17","","89","¥ 9,999","","1","B09DYL344T","B09DYMF7TY","41.5","27.8","25.4","7000"
"デウォルト(DEWALT) TSTAK モビリティーユニット キャリアー 工具箱 収納ケース ツールボックス 移動用台車 積み重ね収納 DWST17888","11609","30","","22","¥ 18,400","¥ 18,400","13","B07YWM44WH","B0DK6WX1YR","70.2","50.8","33","8100"
"日本精工(KSK) 深溝玉軸受 オープン形 ラジアルボールベアリング 6230","11611","31","","43","¥ 39,892","","4","B07DHPRN9J","B07GYZ8JPP","32","32","9.5","10000"
"[DEX FIT] 保護メガネ SG210 イエローレンズ 曇り止め テンプル調整可 UVカット Z87.1 認証","19089","30","","589","¥ 5,215","","3","B0BR54DN6M","B0CQN7972S","17.7","8.8","4.8","41"
"ダイカ ハニカムクロス 10枚セット 高耐久 高吸水 マイクロファイバー 抗菌 防臭 キッチン 掃除 洗車 ウエス 油汚れ 台拭き 雑巾 クリーニングクロス 多目的 ふきん まとめ買い","11648","40","","9","¥ 5,290","¥ 5,290","1","B0G4V8CH61","B0H2X5S2DT","33","20","5","325"
"業務用 工業用 大型水冷ミストファン 屋外扇風機 冷風扇 超強力全銅モーター 3段階強力な風 熱中症対策 取り付け簡単 水量45L 12時間連続使用可能 50-100平方メートルをカバーでき マイナス8-10度まで強い冷却効果 日本語説明書","11649","43","50","28","¥ 28,800","","2","B0DDSH2QNL","B0FM2N3TT1","60","60","43","10000"
"TRUSCO(トラスコ) タップハンドル38mm TH-38","33340","20","","163","¥ 16,760","¥ 16,760","12","B002A5VXQ8","B09PBQGXDB","59","10.8","4.2","4500"
"ユタカメイク トラックシート 帆布 3号 H-3 230cm×350cm","11904","40","","253","¥ 7,364","¥ 7,364","23","B000TGJJDY","B0CZCPS476","40","28","15","5640"
"日立 浅井戸用自動ポンプ WT-K750Y","11666","42","","","¥ 156,000","¥ 161,645","13","B097D6PNKL","B0BYVKNM28","78","50","46","27660"
"CAR-BOY 点滅灯設置可能タイプ(上部切り欠き加工あり) 穴あきコーン 反射ホワイト レッド CHRK-700RE 2本セット","11670","46","","22","¥ 7,819","¥ 7,819","1","B0FMHDFMVV","B0FNQXB31P","71","36","36","6200"
"Wellux 高天井LEDライト 200W IP65防水 防塵 5000K 昼白色 工場 倉庫 屋外 屋内対応 吊り下げ設置可 UHB73","11683","36","","3","¥ 11,700","","1","B0F32STNT8","B0F32QBPZW","33","33","16","2900"
"NODIBRO メニューブック A4 10冊セット 4枚8面 メニュー表用 透明ポケット 両面対応 縦長 おしゃれ","14566","23","","","¥ 5,299","","1","B0GVN8VS6H","","33.5","26.8","12.7","2230"
"ピカ(PiCa) 伸縮足場板 アルミ製 STFD-2025 1.15m-2.0m 軽量 伸縮式 耐荷重100kg 高所作業 外壁塗装 DIY 清掃","11728","71","50","103","¥ 16,780","¥ 17,490","19","B00FB5W2RI","B0FV81LX4V","117","26","6","5260"
"復刻版 ウーバーイーツ デリバリー バッグ 配達 保温 保冷 ロゴ delivery bag ホワイト グリーン","11738","85","","49","¥ 7,110","","1","B0FD594Y7P","","46","46","31","3000"
"屋内および屋外の植物の光合成活動を正確に測定するための高度な量子センサー PAR メーター","11738","36","","102","¥ 12,999","","2","B0C2CH9Q5C","","19.1","9.6","4.8","249"
"メニューブック用 追加リフィル A4 一般サイズ用 【10枚入り】 9512-06","12227","20","","2","¥ 5,500","","1","B0FVL9SH6Y","B0G142K7KF","31","23.3","2","490"
"SainSmart TPUフィラメント1.75、キャラメルフレキシブルTPU3Dプリントフィラメント、無地TPU、1.75mm、1.8ポンド、寸法精度+/- 0.05mm。","17986","36","","2383","¥ 7,355","","1","B099RWRKYR","B078BGHZ3H","20.7","20.6","7.1","1102"
"ガステック スモークテスタセット 500","9972","32","","28","¥ 6,313","¥ 6,313","15","B00SULCIRE","","22.2","7.6","7.4","300"
"ジェフコム(Jefcom) デンサンウェット ND-55L","11752","61","","67","¥ 8,673","¥ 8,673","34","B002P89NX0","B07NY8L2WP","24.8","24.2","12.8","3158"
"ジャパックス ゴミ袋 黒 横90㎝×縦100cm 厚さ0.04mm 90L BOXシリーズ 1枚ずつ取り出せる ポリ袋 TN92 100枚入","9654","28","","12","¥ 5,780","¥ 8,367","3","B004NRAB0U","B0DT3V7GGM","47.2","29.6","8.2","6480"
"サラヤ ノータッチ式ディスペンサー GUD-1000-PHJ 41962","11760","41","","117","¥ 9,200","¥ 9,327","28","B007629VLO","","29","16.5","13.5","960"
"TRUSCO(トラスコ) TYSシリーズ 自在 SP付 エラストマー車65mm TYSELB-65 × 20個【ケース販売】","19406","29","","3","¥ 13,283","¥ 13,283","1","B0C583XWQB","B09NWN3D71","32.5","28","24","6760"
"マキタ(Makita) 充電式ファン（青） 40Vmax 本体のみ/バッテリ・充電器別売 CF001GZ","11769","32","","53","¥ 9,609","¥ 9,609","14","B088P2QHG3","","47","35","15.5","2600"
"【30V高出力・6段階風量調節・超小型軽量 】空調作業服 ファンバッテリーセット 20000mAh 大容量168l/s暴風 日本製ブラシレスモーター デジタル残量表示 熱中症対策 9cm服穴径対応 現場作業 農作業 配送 アウトドア","11784","24","50","6","¥ 6,980","","1","B0GXF8DXM3","","24.2","12.6","9.7","790"
"【箱売り】APMジャパン 強力 両面テープ クッションフロア両面テープ 透明 15m巻き 10巻セット ちぎれずはがせる [強力両面テープ] (業務用お得セット)","11821","48","","27","¥ 9,017","¥ 9,017","1","B0D6B3FMSY","B0D6N5N73V","27.9","25.7","11.9","2550"
"AMPCOM MPO to MPO トランクケーブル 50/125μm マルチモード OM5（12 コアファイバー、メス MPO to メス MPO、タイプ B、LSZH/Riser、UPC、ライムグリーン） 5m","94206","4","","12","¥ 5,816","","1","B0BHP4Q2QZ","B0C9KQVGZ6","20","20","3","50"
"西禾通販 粘着マット 【600×900mm /ブルー】 120枚入 40μm厚 30層 強粘着 防塵 クリーンマット 業務用","9691","33","","5","¥ 5,980","","1","B0F92L732W","B0F92N1DRY","91.7","62.3","2","3400"
"YOOPAI 3Dプリンター用フィラメント収納ボックス 乾燥剤付き - 2段メタルフィラメント収納ラック 透明カバー付き、最大24ロールのフィラメント収納可能 - 家庭、オフィス、ワークショップ、スタジオ用3Dフィラメント収納","12995","14","","310","¥ 8,980","","1","B0F8HG2CJ7","B0H8SCSJP5","43.6","18.5","12","2270"
"[ハーピー] 【新規格適合完了】 アルミ合金 軽量 フルハーネス ダブルランヤード [2丁掛け], 胴ベルト/胴当てベルト フルセット ワンタッチバックル 安全帯 墜落制止用器具 反射ベルト 選定に迷わないフリーサイズ","11831","52","","389","¥ 12,890","","1","B08L588XKG","","26.1","22.2","18.8","2550"
"QUADS(クワッズ) フローズンメーカー 氷不要 簡単操作 自動洗浄機能 タンク容量約1.5L 家庭用 業務用 アルコールOK パーティー 晩酌 コンパクト 熱中症対策 アイススラリー効果 高速製氷 フローズンドリンク レシピブック付き Chile Frozen チルフローズン","11835","41","50","9","¥ 29,800","","1","B0GY7FBFKV","","47.2","45.7","24.2","11890"
"天板が強化プラスチックの折りたたみ作業テーブル 長さ150cm×奥行70cm ホワイト","18372","30","","408","¥ 7,980","","1","B0763G7MGF","B072M2CZN8","79.5","71.5","8.5","12000"
"ホーザン(HOZAN) 導電性カラーマット 静電気対策 RoHS対応 PVC製 グリーン 作業表面・保管棚に ESD対策品 クリーン環境対応品 1×10m F-725","12750","31","","5","¥ 41,767","¥ 41,767","13","B09FDDTR6L","B09CDNLR6N","105","20","20","33000"
"ジェイ・エム・エス(JMS) ジェイフィード(R)ENシリンジ 50mL 50本 JF-3S50Z","11840","52","","46","¥ 5,880","","6","B08KCWHL7X","","35.6","23.2","21.2","1950"
"LOCTITE(ロックタイト) 金属配管シール剤 542 250ml 30981","19682","33","","29","¥ 7,806","","12","B002P7H8W4","B0719BB6XR","21.4","5.8","4.4","280"
"A&D デジタル台はかり FG-60KAL ≪ひょう量:60kg 最小表示:0.01kg 皿寸法:390(W)*530(D)mm 一般校正付≫ ※計量法準拠製品","19685","28","","1","¥ 45,799","¥ 45,799","5","B073VH6ZWR","B074BWJPFB","85","51","33","22500"
"TJMデザイン(TJM Design)タジマ ハーネス用胴ベルトヨウ兼用ランヤードＶＲ１５０ＬシングルＬ８A1VR150L-L8","11857","39","","20","¥ 14,545","¥ 14,545","26","B0BL75DZYZ","","26","15.2","8.1","1010"
"メニューカバー 8.5 x 11インチ、バーガンディ レッド フェイクレザー レストラン メニューホルダー、2パック","11858","7","","664","¥ 8,239","","1","B0H6Q3WPS2","B0F94KJ41K","31.9","27.1","4.7","1329"
"Onlit 給湯加圧ポンプ 最大流量30L/min 最大揚高9m 適用水温2-110℃ 全自動ブースターポンプ 最高圧シャワーウォーターポンプ 壁に取り付け可能 錆にくい 低騒音 水道水加圧 給湯器加圧 日本語取扱説明書 (120, ワット)","11874","37","","6","¥ 13,699","","1","B0DH4RCQ88","B0DH4MS3VY","20","17.5","15","3"
"ポリメーカー(Polymaker) 3Dプリンター用ESD（静電気放電）フィラメントFiberon PETG-ESD 旧Fiberon PETG-ESD","11877","6","","25","¥ 7,700","¥ 7,700","1","B0D4QB1DGR","","22","20.8","7.2","880"
"KAWAIKO 養生テープ 桜色 はがせる ガムテープ 50mm x 25m","12681","16","","36","¥ 12,336","","1","B0FFGZQ38V","B0GCT5VZW5","38.8","35.2","25.4","8400"
"[Baldr Hoder] フルハーネス 安全帯 新規格 軽量化 肩パッド付き ワンタッチ式バックル カンタンに着脱 腰道具を付けたまま脱ぎ着しやすい 水平型腿ベルト 100kg 太もも紐の最大長84cm落下防止 電気工事 高所での安全作業 消防 空中作業に適しています 屋根の修理 林業伐採 (セット-頑丈スチール)","7819","20","","6","¥ 6,999","","1","B0CXPBPVD2","B0FGTS159P","36","30.5","10","2560"
"Ledベースライト LED蛍光灯 直管蛍光灯 昼白色 5000K 40w 120cm キッチンベースライト 器具一体型 超高輝度 天井照明 80W形 3列チップ 3灯相当 学校 倉庫 仕事場 業務用照明 (昼白色 2本)","18731","37","","258","¥ 5,299","","1","B0BG4HC8PM","B08RYL1TLF","124","9.5","7","1180"
"藤井電工(Fujii Denko) ツヨロン TSUYORON ベルブロック BB-60-SN 引寄せロープ付 ロープ長さ5.7m 日本製 墜落防止装置 仮設用 昇降用 安全ブロック セイフティブロック 高所作業 建設現場 足場組立 鉄骨工事 昇降移動 垂直移動作業 墜落防止","11924","46","","72","¥ 28,600","¥ 29,388","17","B002P8CDK0","B0CKFDD7L4","23.6","23.4","10.6","1778"
"[DH PROTECTION] 新規格 Ex Air 軽量 巻取ランヤード 1種 胴ベルト 兼用 130㎏以下 2丁掛け フルハーネス ランヤード 墜落制止用器具 安全帯 (巻取ダブル(ロック装置あり)) フルハーネス 胴ベルト兼用 130kg ロックタイプ 小型カラビナ ショックアブソーバー 常時巻取式","12623","33","","15","¥ 17,490","","1","B0DVLLPGKM","B0DVLMWHZJ","31.3","26.2","12.4","2160"
"PATIKIL 20個 セメント抵抗 20W 200Ω セラミックセメント抵抗器 200オーム パワーセメント抵抗器キット 許容差5% 電源アダプター","12743","5","","","¥ 5,070","","1","B0FG74HRPQ","B0H8NDZ89M","22","14","4","430"
"HORIBA コンパクトPHメータ LAQUAtwin-pH-33B","11938","20","","2","¥ 35,000","","13","B07GXBGKPH","","22.8","16.3","3.4","220"
"Creality 公式3Dプリンタークロッグポーク、プリンターツール 押出機ノズルクリーニングキットΦ1.5mm L210mm すべてのFDM 3Dプリンターと1.75mm IDノズル用の必須の3Dプリントツール 2pack","19971","23","","176","¥ 5,302","","1","B0D3F3WM9K","B0GZV9R8RW","29.6","6.5","2.9","59"
"Zarlbol ハイムリック法キット 自動窒息吸引器、喉詰まり 吸引、ワンクリックトリガー、安全かつ効果的，子供と大人のための救急箱（FDA安全認証）","11947","42","","4","¥ 15,291","","1","B0GK1N7GZF","","27.7","18.4","10.2","680"
"[モリリン] ビニールシート 1.8m×3.6m 厚さ0.15mm 透明 糸入り 軽量 ハトメ36個 約4畳 ロープ付 間仕切り 雨よけ 風よけ 野積み 透明糸入りシート 1.8X3.6 TID1836 クリア","19968","15","","27","¥ 8,145","¥ 8,145","1","B0B6NPF1FB","B0B7CZ3Q5Q","36.8","26.6","4.7","1550"
"パテントハウス 電動シャッター リモコン追加 スマートガレージ スマホ操作 屋内設置 電池動作 SG-WC (１面シャッター対応)","11969","30","","8","¥ 19,360","","1","B0FRLVDLFT","B0FSCLT6XG","21.4","14.1","3.7","170"
"Orginer 充電式LEDワークライト 18v ライト 照明 投光器 作業灯 35W 2000lm 高輝度 マキタ14.4/18Vバッテリ対応緊急用照明 停電用 自動車整備 釣り 夜間作業 夜釣り アウトドア キャンプ用 バッテリ別売(本体のみ)","9118","38","","189","¥ 5,524","","1","B0BBVHX5RQ","B0BBVL8784","38.9","10.8","8.5","510"
"パナソニック(Panasonic) 非常用照明器具 1200lm 富士型 1灯用 昼白色 NNFG21002JLE9","11982","39","","47","¥ 21,334","¥ 21,334","5","B07HH2YFYS","B08Z4K2Y88","74","24","10","3350"
"ミズケイ 役立~ツ LED付き多機能ベスト 【光るんです!】 紺 / 黄 3011000","11985","42","","110","¥ 5,980","¥ 6,423","17","B007KT6LAC","B01K6KZT3G","35.2","26.4","4.6","449"
"日東工業 通信機器用マウントブラケット BP23-3T","11988","33","","23","¥ 15,290","¥ 19,978","3","B074WVZBT7","B0D7SDFZCL","20.5","16","11","1664"
"ファイバースコープ 内視鏡 HD カメラ デュアルレンズ USB-C Lightning 接続 8mm 高画素 極細レンズ LED ライト 調光 形状記憶 ケーブル マイクロカメラ エンドスコープ 配管カメラ IP67防水 水槽 アプリ付き スマホ iPhone iPad iOS Android 対応 空調 車整備 検査 (2m) (10M)","13042","17","","1","¥ 5,290","","1","B0H4YRSV9T","B0H4YW8GDC","16.5","16.4","2.2","130"
"イチネンTASCO マニホールドセット TA15EC R410A/R32 チャージバルブ付 エアコン工具","11999","45","50","31","¥ 24,693","¥ 24,693","17","B012S5CY1C","B07BXJW8TB","42.7","29.6","10.5","3130"
"だんぼーる本舗 ダンボール １６０サイズ （２つ折り梱包）１０枚セット 62.5×51.5×43cm 【引越し・強化・宅配・梱包・発送・配送・収納】","45696","16","","","¥ 7,100","","1","B0G2C1N316","B0G2LS2JK9","95.2","62.7","24","14310"
"[KEMIMOTO] 空調作業服 ファンバッテリーセット ファン付き作業服用バッテリー＆ファン 30V超高出力 汎用 5段階調節 3D循環送風 PSE認証済 法人向け 業務用 適格請求書発行可 日本語説明書付き KM609","12024","38","","10","¥ 7,799","","1","B0GWQQBKNK","","25.8","24.7","5.2","870"
"アズワン バランストレイ プラスチックトレイ 非帯電 70mL 250枚入 滅菌済 STS-4S 1-5239-42","61235","22","","","¥ 9,625","¥ 9,625","3","B0BSTR7VBY","B0DVGZM6ZK","31.5","18","10","1200"
"VECOLARD オイル吸着マット ユニバーサル吸収シート オイル吸収シート 万能 吸収パッド 水、油、化学液体用 400x500x3mm (50枚入り)","10065","14","","2","¥ 5,580","","1","B0GS3Q5F9N","B0GS3G5CL4","51","41","15",""
"山善(YAMAZEN) 楽マット楽 600X450 疲労軽減マット 立ち仕事 腰痛対策 負荷軽減 YC-45600-17(BK)【改正RoHS対応】","12922","33","","3","¥ 5,200","¥ 5,417","3","B0F4JYXZ38","B0F93W1HXZ","63.9","47.4","2.8","1100"
"cxyin-home 高所作業台 落下防止柵付き 組立高130+70cm 耐荷重600kg 移動式踏み台 キャスター付き 足場台 倉庫用階段 大型はしご 階段手すり付 産業用 ストッパー付き 冷間圧延鋼 滑り止め 図書整理 倉庫ピッキング 高所作業 天井設置 舞台設営 生産ライン （1.3m ブルー）","20080","30","","","¥ 73,630","","1","B0GYF78DYD","B0F9WKXBPW","187","60","25","38000"
"Lamomo 10M COB LEDテープライト 、高輝度昼光色ネオンチューブ、調光可能てーぷらいと ストリングライト、リモコン付き","12060","0","","1","¥ 5,984","","1","B0GC527VYY","B0F2XGVS33","20.3","19.2","6.8","760"
"TRUSCO(トラスコ) ハンドタップ ユニファイねじ用・SKS 1/2UNF20 セット T-HT1/2UNF20-S","12545","19","","3","¥ 7,489","","16","B00Q4NFCNW","B09PBQP9JF","15.5","7.1","2.8","100"
"ティアンドデイ クラウド対応 温度データロガーおんどとりTR71A2【TR71A後継品】","12062","40","","3","¥ 27,016","¥ 28,000","9","B0DJLY3S9R","","13.3","9.1","5.2","200"
"FoundTHEONE ミストアタッチメント スプラ 工場扇に後付け ノズル付 屋内外兼用 FMS-01","12067","32","50","7","¥ 5,980","¥ 6,013","4","B0H85PCJWL","","32.3","29","8.4","790"
"堀場製作所 ラクアツインpH交換電極 S010","12073","35","","29","¥ 11,000","","4","B01HXG02O2","","14","4.6","2.2","60"
"WAKOS (ワコーズ) ラスペネ 420ml A120 潤滑剤","12074","48","","84","¥ 6,590","","1","B00HFQQ2F4","","20.4","6.2","6.2","480"
"サンエイ化学 精製水 CPAP用 呼吸器用 精製水 330mL×36本 シーパップ 在宅酸素 吸入器用 高純度純水","12082","11","","469","¥ 6,127","","1","B09DCGCNRC","B0DKJ96D21","34.2","34.2","18","11880"
"テラモト(TERAMOTO) ターンボックスL オフホワイト 37L","19707","35","","4","¥ 8,500","¥ 10,665","12","B08WHR3C8C","B08WKFXHMH","62.6","38.7","27.6","4500"
"Wayocfei シートモッコ 布モッコ 吊り 耐荷重800kg (size:60x60x70㎝) 八点吊りタイプ モッコタスキ 強靭 頑丈 荷揚げモッコ イージーモッコ 軽量強力シートモッコ ラッシュシート布モッコ トラスコ 土木工事、港湾荷役など 造園/電気/工場用索具 重量物の積み下ろし (size:60*60*70cm, 四角形)","9751","9","","4","¥ 5,299","","1","B0D1GMM5YH","B0D1GQHLKL","42","22","8","2100"
"【まとめ買い】リンレイ 滑り止め 床用コーティング剤 500ml【×2個】","12094","34","","37","¥ 6,975","","11","B0791BT9K9","","20.7","9.7","8.7","1150"
"富士電線 VCTF ビニルキャブタイヤ丸形コード 2×0.75mm2 ※30ｍ商品です","12106","21","","5","¥ 5,647","¥ 5,647","1","B0CYGPPD5Q","","35","35","7.5","1710"
"Nijakise台車 折りたたみ 手押し平台車 90x60CM 耐荷重500kg キャリーカート 軽量 コンパクト スチール製 キャスター付き 静音 倉庫、産業、病院、農業、建設、防災、旅行、ショッピング、自動車店、スポーツトレーニング、レストラン、貨物運搬に最適","12108","12","","29","¥ 9,580","","1","B0DSDX57F8","B0DSDTKZZS","92","60","15","10500"
"SHOWA 充電式 サーマバンド ハモンバンド リミテッドエディション N25-11 熱中症アラートバンド 暑熱リスクをLED表示と振動と音で通知 昭和商会","9847","26","","12","¥ 5,750","¥ 6,777","11","B0F78JFRP5","","15.6","7.6","3.1","50"
"タイタン (TITAN)リーロックS2NEOライトSLN505-SB-M胴ベルト型安全帯墜落制止用器具新規格巻取式第一種タイプ1スカイブルーMサイズ","12119","27","","22","¥ 8,098","¥ 9,164","20","B083XFM9LP","B0BGL7PVKJ","24.8","11.6","11.4","1260"
"TRUSCO(トラスコ) セーフティゴーグル ソフトフィットタイプ TSG-83 × 5個 【ケース販売】","33468","20","","","¥ 12,490","¥ 12,490","1","B0B5ZKXF9S","B0BV2X28HM","34","18","11.5","780"
"simerlook 糖度計 デジタル 精度±0.2% Brix0-55% 屈折計 測定器 温度自動補正 ポケット 果物 野菜 飲料 糖度測定器 家庭用 温度自動補正 防水 バックライト付き (ホワイト,0-32%)","12864","30","","","¥ 5,799","","1","B0FW4WTQN2","B0FW4QC5BD","1","1","1","1"
"ウェザーストリッピングドアシール 自己粘着ウェザーストリップ シリコーンD型ドアシールストリップ ドアフレーム/窓シール用、長さ6メートル、ブラウン(幅14mm × 厚12mm)","9339","38","","1332","¥ 5,785","","1","B0DY638JS4","B0F1CVZDN3","32.4","32.3","3.8","470"
"SK本舗 光造形 LCD DLP 3Dプリンター用 切削性 ABS-Like レジン (黒色, 1000g)","18495","15","","86","¥ 5,600","","1","B08S6WHRDK","B0C3C85217","25.2","9.9","9.8","1230"
"30 SECONDS アウトドアクリーナープロ ホース接続希釈タイプ 外壁クリーナー 2L 外壁 洗剤 掃除 洗浄 6個セット","12170","14","","18","¥ 12,996","¥ 12,996","1","B0CC4VRVJJ","B0CCNNT6YQ","32","31.5","29","15200"
"[COCORO STORE] 【シャープ公式】 日本製 不織布マスク 個包装 1箱15枚 ベージュ グリーン 3箱 MA-C215-CG-3SET","16790","26","","32","¥ 5,405","","1","B0FMRDL5BJ","B0G8HMSWJN","25.5","24.2","7.4","470"
"オイルパン オイルストレージ 大型トレー ステンレス 漏れ防止食器洗い機パン 大型オイルドリップパン 水漏れ防止 床保護(60x50cm/24x20in)","46059","5","","","¥ 6,399","","1","B0FF4GVV9Y","B0FF4KJNXB","35","25","10","2000"
"ADHES 布テープ 粘着テープ 梱包テープ 50mm×25m D220 30巻パック 厚さ0.21mm (グレー)","7946","21","","62","¥ 10,304","","1","B0DDCC9P4P","B0D14LCP7H","37","27.5","27.3","8950"
"uxcell 熱収縮チューブ 内径15mm 長さ60m 絶縁チューブ 収縮率2：1 防水 絶縁 高難燃性 電線 端末処理 修理 ケーブル管理 オレンジ","45157","11","","4","¥ 6,705","","1","B0DYNR4311","B0FHQ8C48W","33","32","5.5","1610"
"TRUSCO(トラスコ) 透けるノンスリップテープ 屋外用 150mm×5m TNTS-1505","20415","27","","103","¥ 5,236","¥ 5,236","15","B004OCSF5W","B09PBNJX5C","15.8","11.2","11.2","422"
"3M リットマン ライト ウェイトIIS.E. 聴診器 成人小児兼用 カリビアンブルー 2452","19755","25","","123","¥ 9,209","¥ 9,209","4","B08W2WY6Z5","B0FGHGQCBB","24.9","13.1","4.4","220"
"[Vgo...] 安全作業用手袋 耐切創ANSIレベル5レザー手袋 メカニックグローブ 衝撃吸収 防振手袋 バイクグローブ牛革 ガラス産業 防災 救援 耐切断 タッチスクリーン対応 1双入 GA8954IPA5 (XL, ブラウン)","12718","44","","81","¥ 5,229","","1","B0CBB1GGLZ","B0CGHMMW6Z","25.5","13.3","4.5","250"
"ナースリー 電波 アナデジ カラビナ ウォッチ 逆さ文字盤 医療 看護 時計 針蓄光 10気圧防水 日本製 ブラック 166078A","14354","24","","22","¥ 6,800","","1","B0D8PX16K7","B0D8PDHLK4","14","6.5","2.6","60"
"【SCGEHA】冷却ベスト 作業着 コンプレッサーに繋ぐだけ 熱中症対策 冷却器 溶接 クールベスト","12180","33","","61","¥ 12,800","","1","B01H4CLJD8","","29.8","21.8","6.1","770"
"スチールコア安全ロープ 鋼線コア 安全ロープ 伐採 アーボリスト 安全帯 フリップラインキット 柱上作業用安全帯 林業用安全帯 超軽量アルミ合金 カラビナとロープグラブ付き 木登り器具 安全確保 落下防止一般高所作業安全 落下防止 12mm(3m)","16296","38","","39","¥ 9,990","","1","B0CYLCF414","B0CYLJ4MSL","29.4","27.8","10.3","1500"
"アズワン AP CRウェア 12110SW 白2L /1-3935-13","12192","31","","9","¥ 6,037","¥ 6,037","12","B00N3NGLTK","B085Y3VFNB","33.5","29.3","5.1","380"
"【米・英・独で一位】 SCRIB3D 3Dペン 知育 玩具 誕生日 クリスマス 【低温で安心】 プレゼント 小学生 アートペン メイキングトイ おもちゃ 女の子 男の子 6歳 7歳 8歳 ジュニア","12199","63","50","31","¥ 6,780","","1","B0FLX24TK2","","22.4","19.2","7.4","300"
"TRUSCO(トラスコ) 業務用ポリ袋 厚み0.05×240L (5枚入) A-0240 × 10袋 【ケース販売】","13140","33","","41","¥ 35,333","¥ 35,333","1","B0B24Y2BKK","B0C8ND3941","51","34.5","12","10900"
"[soribia] 冷却プレート付 空調作業服 冷感ファンバッテリーセット 45V超高出力 30000mAh大容量バッテリー 5段階冷却モード 6段階風力調節 ペルチェ 強力 ファン付きベスト 90mm服穴径対応 急速充電器 熱中症対策 グッズ 屋外作業","12202","28","","8","¥ 10,355","","2","B0H2VBB9NT","","37.7","21.5","5.9","1220"
"【2026最強進化ペルチェ式冷却ファン＆41400mAh大容量バッテリー】空調作業服用 ファンバッテリーセット 日本製ブラシレスモーター USB給電式 熱中症対策 90mm服穴径対応 PSE認証済","12203","53","100","40","¥ 5,980","","1","B0GZZ7Q1R8","","24.1","22.1","5.4","970"
"Elfcam - 屋外・屋内用鋼鉄シース光ファイバーケーブル LC/UPC - LC/UPC OM3 マルチモード デュプレックス 50/125um ブラック (60M)","12207","31","","447","¥ 9,600","","2","B09M9M987L","B0CY9PV631","27","24","6.6","1360"
"【箱売り】 コニシ ボンド 変成シリコンコーク クリヤー 333ML (10本入り)","10481","14","","4","¥ 16,580","","1","B0CBT9KD56","B0CYQ7R46X","33.1","26.3","10.7","4370"
"RIGOL デジタル・オシロスコープ DHO924S 250MHz周波数帯域+12bit垂直分解能+最高1.25GSa/sサンプル・レート+1000,000wfms/s波形取り込みレート+4アナログ・チャンネル+16デジタルチャンネル+50Mpts最大メモリ長+1CH内蔵信号発生器【国内正規品】【メーカー直営3年保証】【ハイコストパフォーマンス】","13112","32","","116","¥ 136,620","¥ 144,222","2","B0CGHTLRHS","B0DJF7QK2H","32.3","25","13.9","2440"
"Cata-MEDICA 妊活 シリンジ 15回分セット","12232","36","","88","¥ 9,900","","1","B0CRTXVZG5","B0CS5C77TX","17.2","14.4","11","340"
"Pounjsd ガレージマット 3mm フロアマット ゴムシート トラック ガレージフローリング ゴムパッド 長さ2m 幅2m 黒 変形しにくい 表面滑り止め構造 バイク 絶縁 保護 荷台 ガレージ 倉庫 駐車場 ガレージ ロール 屋外 浴室 車下用 軽トラ用 地下室 水洗い 玄関 キッチン 配電室に適しています","21653","6","","6","¥ 16,900","","1","B0FG2Q6XZ5","B0FG265T62","100","30","20","3000"
"リブレ(LIVRE) 11326 クランク エッジ 115 ナンターナット無 チタン&レッド FE115P-D27-TIR","12241","4","","4","¥ 19,124","¥ 19,124","4","B0DDRS2R53","B0DFGXCPV8","15.1","7.8","3.2","90"
"タジマ(Tajima) 安全帯 胴ベルト用ランヤード ER150 A環 L6 B1ER150-AL6 150cm","12250","16","","62","¥ 9,800","¥ 10,527","15","B07N864674","B0BHZ9ZLP9","27.4","14.8","7.8","1080"
"TRUSCO(トラスコ) マジックテープ 縫製タイプ 100mm×5m 白 TMSH-1005-W","9821","37","","","¥ 11,697","¥ 11,697","10","B00762I494","B09PBM9FWN","22.6","13.6","12.9","340"
"東杏印刷株式会社｜プリンター薬袋（無地）５サイズ展開［B5］AAZ30R《つめ抜き／三方貼り》1箱2,000枚入","9551","14","","4","¥ 7,040","¥ 7,040","2","B0DWFG2PWF","B0DWFJ2MCH","38.2","33","18.5","13110"
"バキュームリフター 電動 サクションリフター ガラス 吸盤 強力 リフター 真空 電動吸盤 300kg耐荷重 240mm作業幅 デジタル表示付き 自動吸着 自動加圧 USB充電 type-c充電 重い荷物の移動 家具の移動 金属板 木材 荷物運搬/移動用 (仕様２)","20409","9","","2","¥ 7,268","","1","B0DSVX1T9L","B0FKT2ZNN8","29","22","10","2000"
"pawstrip 犬用マネキン 犬服ディスプレイスタンド PUレザー調 可動脚 ドッグトルソー 店舗展示 商品撮影 ハンドメイド 犬服制作 小型犬 中型犬 大型犬用(ブラック、Lサイズ)","12272","18","","94","¥ 5,160","","3","B082X3Z4F8","B0H86KXG25","39.1","24.8","15.9","1111"
"Phaetus Conch M4 ホットエンド Bambu Lab A1 / mini対応 交換式ノズル 高耐摩耗 3Dプリンターアップグレード (0.4mm 一体型sic A1/A1mini)","12309","17","","","¥ 5,757","","1","B0FF34XFKL","B0FHTDRH1K","2","1","1","19"
"ツヨロン 新規格 墜落制止用器具 OHリトラ TBORL593BLKL","34663","15","","5","¥ 14,468","¥ 14,468","1","B07NMJY51N","B0CMQHTB1D","29.9","14.5","9.8","1320"
"Huepar AG03 デジタル角度計 2軸 水準器 傾斜計 2in1デジタルレベル 水平器 アングルメーター バックライト マグネット付き 小型","9705","52","","136","¥ 5,599","","1","B099NM82RH","","10.4","8.9","5.6","240"
"RESIONE 光造形3 Dプリンタ—レジン：TH-Tought74 ABSタフレジン - 長期グリップ力&耐摩耗&耐スクラッチ光硬化標準樹脂 405nm LCD DLP MSLA 3Dプリンター向け 1000g（ブラック）","12333","30","","11","¥ 8,399","","2","B0D8P9XJSM","B0FG2LNV34","25.6","10.3","10.1","1230"
"送排風機用ダクトホース 3m/5m/10m 超長型 伸縮自在 防水・耐熱(-20℃～80℃) ワイヤー内蔵 PVC排気ホース 換気パイプ フレキシブルダクト 農場・空港・倉庫用 切断・取付簡単 蛇腹式(口径70cm,長さ5m)","46883","3","","","¥ 17,689","","1","B0GRR2CJ1Q","B0GRQHRVQR","1","1","1","3000"
"HATUSOKU 業務用 大画面 CO2センサー 二酸化炭素濃度計 CO2測定器 NDIR方式 アラーム機能 日本企業 (絵文字表記タイプ）","12337","6","","22","¥ 11,880","","1","B0976QKDK4","B097728LS3","26.9","24","5.2","730"
"大栄産業 鋳物コンロ DE-22n 二重羽付 LPガス","18612","55","","34","¥ 15,560","","1","B005IEQMVY","B07BTLD7VH","50","34","14","8000"
"CGOLDENWALL マイクロピペット 可変式ピペッター 容量調節可能 20-200μl ピペット 可変式分注器 微量液体の分注 計量 サンプリング 混合 汎用 教学 化学研究 投薬器 餌やり","20402","14","","25","¥ 5,100","","1","B07CWS2KTG","B07CWS79KG","31","9.4","5.4","240"
"ニッタン CK2B-016 光電式スポット型感知器 ２種 ベース付き セット","12356","31","","11","¥ 8,980","","3","B0B8HCJJY4","","14.7","11.3","6.5","150"
"DMiotech 4本 6063アルミニウム丸管 外径9.5mm 内径7.5mm 長さ915mm アルミチューブ アルミパイプ 工業用 金属パイプ","5222","15","","138","¥ 8,333","","1","B0CZ4HHWFH","B0D28N2B6M","94","6","4","420"
"アラオ マグネットサインボード 10枚","12365","38","","4","¥ 23,036","¥ 23,036","2","B07C6QSCWJ","","49.8","39.4","10.2","10440"
"[winfull] 【新規格適合】フルハーネス安全帯 新規格 セット 墜落制止用器具 伸縮式ダブルランヤード ショックアブソーバー付き 安全落下全身保護キット ワンタッチバックル 簡単に着脱可能 建設 電力 高所作業用 日本語説明書 使用可能質量 100kg","5431","81","50","104","¥ 5,999","","1","B0BLRHDS9K","","33.3","18.2","16.1","2890"
"[マルゴ] 地下足袋 丸五 脱ぎ履き簡単 太鼓 トレーニング 祭走ファスナー ユニセックス大人 ホワイト 24.5 cm 2E","13793","24","","42","¥ 6,080","¥ 6,471","4","B01MRFKZO9","B09PR14Y5Z","28.1","11.2","8.9","490"
"K1シリーズCFSアップグレードキット用Creality Extrusion Kit – オリジナル交換用押出機、マルチカラー3Dプリンターアクセサリー","20457","23","","89","¥ 7,712","","2","B0FJXFYQWF","B0F5BVFZP8","10.7","5.7","3.4","204"
"HELIX レバーホイスト 0.5t 0.5トン レバー式ブロック 500kg 1.5m 軽量化 小型化 高品質 チェーンブロック 荷締機 ガッチャ がっちゃ スリングベルト付き【2個セット】","12380","37","","13","¥ 17,480","","1","B0BCJ17JQN","B0BCJ1381V","27.2","26.2","15.9","6440"
"AIAI ネジシャックル スチール(SS400) 連結 固定 建築 32mm 15-331","12386","30","","33","¥ 7,421","¥ 7,421","1","B00PIMDJ7Q","B01HYURTPC","21.2","19.4","4.8","3720"
"松岡紙業株式会社 松岡紙業 エコツーバラ 油吸着材 400g×4袋入り ECB-01","12405","41","","5","¥ 5,800","","2","B0D8QPXH1V","","34.5","30.5","30","2100"
"Ledlenser P4R 第四世代 ハンドライト 充電式 LED 300ルーメン USB-C 100m照射 フォーカス機能 生活防水 長持ち 13時間バッテリー 軽量57g パワフル 登録で7年保証 2025年9月発売 信頼のドイツブランド レッドレンザー","12420","43","","53","¥ 6,897","¥ 6,897","6","B0F63KYKDV","","23.9","16.8","2.7","60"
"Creality 3Dプリンター粘着接着剤 ベッド接着用 80mL 大容量 液体 3Dプリンター接着剤 反り防止 低臭気 簡単 クリーン Creality 接着剤 PLA PETG ABS ASA 用 すべてのFDM 3Dプリンターに適合(2個パック)","12427","2","","1","¥ 8,602","","1","B0GWDMNNB2","B0DFGXBHTW","16.7","11.6","4.2","231"
"日新化学工業 農業用ポリチューブ ポリダクト 厚み0.10mm 折幅475mm 長さ100m 2本","12432","12","","2","¥ 23,098","¥ 23,098","1","B08DTXP3SY","B096M4YG9G","47.5","30","15","10000"
"M METERXITY 10本パック 全ねじロッド M10x150mm 304ステンレススチール 右ねじ棒スタッド 家具アンカーボルト/クランプ/Uボルト用 メートルねじスクリュー","34419","12","","42","¥ 5,950","","1","B0F7XTW5PG","B0FDKDZXR6","16","6","3","730"
"耐圧絶縁パッド、感電防止安全電気ゴム絶縁マット、配電室用カット可能ネオプレンシート(4mm,100x100cm)","68422","4","","","¥ 10,556","","1","B0F9X3HFP4","B0F9X1NBT9","100","100","2.5","6500"
"UXILAII 分析天びん 電子天秤 300g 0.001g PSE対応 RS232対応 ガラス風防付 校正分銅付 日本語説明書付","12451","17","","6","¥ 23,800","","1","B0BRK9XZ8G","B0BRKC2DX7","40","37","30","4600"
"膝サポーター 両側可動ヒンジ 強力固定 スポーツ用 EVAパッド 通気メッシュ 調整ベルト 左右兼用 男女兼用 70kg~100kg適用","13333","9","","2","¥ 5,980","","2","B0H4V3P79C","B0H7MVQTBP","36","20","5","300"
"シンワ測定(Shinwa Sokutei) 簡易自動はかり ほうさく 100kg 70008","19574","47","","94","¥ 11,116","¥ 11,116","43","B002NSJSRI","B07FQDGZGB","37.9","31.9","16.9","5928"
"難焼性 販売７製品中三番目に柔らかい ほどよい硬さのウレタンチップ CH404 比重80kg/㎥ 軟質 ウレタンフォ－ム チップクッション 大手自動車メーカー純正部品向け 燃えにくい加工済 ものづくり愛知 キャンピングカー車検可 クッション材 イノアック社製 無料切断可能（要ご連絡） (5×60×200)","69730","4","","38","¥ 5,800","","1","B0C4SW4WJH","B0GGB87ZPG","50","50","10","850"
"E-Z Red 4S12L .25 Inch Bit And Square Quarterstick","12474","29","","1129","¥ 7,540","","75","B00DSR50BQ","","32","2.6","2.1","168"
"PerldVerge 安全ヘルメット 建設用 二重保護ゴーグル（サングラス+収納式透明） 通気性 調整可能 耐衝撃 ブラックヘルメット 工事用 おしゃれ X型グレーアクセント EN397準拠","12925","47","","32","¥ 5,599","","1","B0FDW3RZV4","B0FDWPN51N","30.5","22.9","17.8","540"
"アズワン コルク栓 φ45×φ41×27mm 10個入/3-8277-22","34303","15","","17","¥ 5,801","¥ 5,801","2","B07FSM8NRL","B07KYRXBRQ","9.5","9.5","7.7","1000"
"リンレイ ハイテクフローリングコート 18L","12485","44","","75","¥ 13,810","","20","B00T49RGO6","","33.4","28.2","26.1","19260"
"ボックスバンク えあるん袋 エアキャップ袋 A4サイズ 300枚セット 三層品 空気緩衝材 IF06-0300-a2","12486","44","","37","¥ 7,778","¥ 7,778","2","B0CHFNGDKF","B0CP778QHQ","75","47","46","3000"
"[藤井電工] 新規格 柱上作業用 柱上安全帯用ロープ D種 ロープ長さ 2100mm WP-63D-527 ワークポジショニング用器具 日本製 安全帯 ツヨロン TSUYORON","12487","37","","2","¥ 10,931","¥ 11,526","2","B07NMTXDR3","B0DX6Z81B2","35","16.4","8.8","1260"
"PATIKIL 5個セット CD60 運転コンデンサー 400uF/MFD 250V 許容差15% 50/60Hz グレー","35012","5","","11","¥ 5,830","","1","B0D9893KB2","B0F8W9T8V1","22","11","9.5","990"
"元のPrusa XL 3Dプリンターのための二重味方されたPEIの造り版、365x365mmの織り目PEIの造り版+滑らかなPEIシート3Dプリンター適用範囲が広いばねの鋼鉄取り外し可能なプラットホーム","48764","14","","50","¥ 6,999","","1","B0DG91YF7C","B0DGGDKDZD","45.7","43.8","3.2","975"
"ASUS Ascent GX10 0.4m 400G QSFP112 DACケーブル、高速AIクラスタースタッキングケーブル。","12512","11","","16","¥ 39,960","","28","B0GV4ZR8BT","B0H4JBFT41","24.8","21.5","6.2","190"
"ニトムズ 耐熱アルミテープ P‐11HT 50.8mm×9.14m J3020 24巻入り","13354","19","","68","¥ 80,186","","2","B00XL5JD6S","B0DXL6G1ZS","37.4","19.6","17.8","4000"
"NFESOLAR 水中ポンプ 噴水ポンプ 排水ポンプ 660GPH フィルター 40W池ポンプと噴水キット 付き 酸素供給 水循環 夜間使用不可 ビオトープ プール 池 バードバス 庭の装飾 ガーデン用","20718","22","","165","¥ 8,540","","1","B0D78RLFN2","B0H6P1TKT3","34.2","18.6","15.7","1790"
"山金工業 ワークテーブル 150シリーズ 固定式 シルキーホワイト W900xD900xH740mm 【3梱包】 SUP-990-WW","20283","24","","2","¥ 27,492","¥ 27,492","1","B0DL52HJ4K","B0DSJC316D","93","92","3.2","24800"
"ALIBELL 呼び出しベル 飲食店 ワイヤレスチャイム 業務用 オーダーコール 呼び鈴 卓上ベル 介護呼び出しベル（受信機1台＋ホワイトボタン6個）","12522","40","","6","¥ 10,999","","1","B0CKSGFMHG","B0CKSHMYZ8","37.1","20.9","6.4","1000"
"ユタカメイク #3000迷彩シート養生カバー 10m×10m MS30-18","12530","38","","275","¥ 29,371","","16","B00HPS0BKY","B0749KJDVK","67","39.5","16","14440"
"VZOASW 食品用のデジタルpHメーター、ph測定器、ph計、0.01解像度の高精度の食品PHテスター、シーフード、寿司、肉、パン、缶詰、醸造、チーズ、固体サンプリング、水のATCを備えたATC、日本語説明書","12533","30","","31","¥ 8,199","","1","B0D5V35P1K","","26.8","12.6","5.5","420"
"Ledlenser P5R Pro 第四世代 LEDハンドライト充電式 750ルーメンコンパクト USB-C 280m照射 フォーカス機能 長持ちバッテリー 18時間点灯 IP68 完全防水 防塵 耐衝撃 製品登録で7年保証 2025年9月発売 信頼のドイツブランド レッドレンザー","20904","16","","13","¥ 13,727","¥ 14,145","6","B0F63L8HTL","","21.9","14.7","6.7","360"
"アストロプロダクツ 3.0TON 低床リジッドラック 2脚入 | ジャッキスタンド 3t ウマ 馬 ローダウン車 低床 タイヤ交換 オイル交換 3段階の高さ調節 ピン固定タイプ リジットラックジャッキ","12844","48","","42","¥ 5,891","¥ 5,891","10","B01JRYM3UY","B0FTFVGN15","40","32.4","31.6","8600"
"花岡車輌 フラットカート2ｘ4 折りたたみ時 W385×D640×H130mm台車 カート 4輪仕様 2輪仕様 持ち運びに便利 黒 ブラック 省スペースにも置ける HANAOKA 折りたたみ可 アウトドア キャンプ 引越し 旅行 スポーツF-CART 2X4BK","12546","57","50","196","¥ 15,180","¥ 14,000","21","B09KR9ZJZT","B09SP2KDX7","68","41.1","12.6","8230"
"山善(YAMAZEN) 連結平台車 70×50cm 耐荷重150kg 【日本製】スタッキング機能 縦横連結可能 家庭用 オフィス用 コンパクト 台車 オリーブ YRB-G75(OD)","12632","55","","38","¥ 5,967","¥ 5,967","2","B08G4WFTRZ","B08GKTD3PP","70","50.5","12","4110"
"共立電気計器 (KYORITSU) デジタル照度計 JIS 一般形A級準拠 KEW 5204","12553","38","","24","¥ 23,422","¥ 23,422","11","B07QQSB2YM","B0BTLDR17W","21.8","16","6","520"
"Lhysn 業務用 スチールラック 4段 ガレージラック 大型 重物収納 頑丈 ガレージ 店舗 倉庫 幅150×奥行60×高さ210cm ブラック","12570","37","","17","¥ 37,000","","1","B0GL17FZ25","B0HB3GCJY7","154","36.5","21","77000"
"三菱電機 LED非常用照明器具 電池内蔵形 30分間定格形 直付形 低天井･小空間用(～3m) EL-CB11111B","13483","23","","","¥ 10,000","¥ 18,867","2","B0F4CQZXPV","","19.6","19.3","11.7","830"
"【限定マットカーキーグリーン】トーヨーセフティー(TOYO SAFETY) ×GranGearヘルメット ヴェンティー｜つや消し(マット塗装)・通気性・軽量｜かっこいい安全な作業用ヘルメット No.390F-OTSS","12664","44","","145","¥ 6,634","","4","B096LS1P4Y","B0CBMJBDWY","34.4","23.2","19.6","450"
"サンワダイレクト キャリーカート 折りたたみ 2輪 コンパクト 耐荷重69kg ベルト 静音 台車 キャンプ 折り畳み100-CART026BK","12593","32","","8","¥ 6,730","","1","B0DGPRSG4P","B0DGQ2QT95","64.5","40.5","6.5","4200"
"uyoyous 疲労軽減マット 産業用 快適クッション 高耐久作業マット 50cm*152cm 厚さ23mm 表面PVC 発泡裏地 ゴム底面 体圧分散 高耐久 防滑 冷え防止 立ち仕事用 工場 倉庫","12603","16","","3","¥ 6,980","","1","B0D3PSR58C","","64.2","23.3","23.3","3630"
"【バートル】BURTLE エアークラフト 30V用ファンユニット 2026年型【AC10-2】(オーシャンブルー)","13255","24","","","¥ 6,380","","1","B0GVYV2J8K","","15","9","3","300"
"階段椅子 ストレッチャー 折りたたみ 階段チェア 85*52.6*137cm耐荷重160kg アルミ製 リフトチェア 上り下り 担架 安全ベルト付き 移動が簡単 防水・耐摩耗性","12608","10","","2","¥ 24,900","","1","B0GVLMQJ4D","B0H864FRML","113","55","23","15000"
"3M 防じんマスク 8233 DS3 5枚入 国家検定合格品 8233 DS3","12613","15","","10","¥ 9,980","","9","B00BXEN5WM","B0FMDKSDZ4","21.3","20.1","14.5","250"
"オリタニ リネン 回収 防水袋 120L シルバー 10枚 業務用 大容量 クリーニング ランドリーバッグ ポリエチレン製 洗濯袋 清掃用 ホテル 病院 施設","34669","7","","","¥ 21,000","","1","B091NPFWGF","B09L6MTYHQ","50","29.7","21","3900"
"マリンテックオリジナル 水中ポンプ DC12V 70L/毎分 極性あり M12-70 【販売実績10年以上！】バッテリー駆動 高性能 船 クルーザー ガーデニング 海水対応","12629","50","","25","¥ 15,840","","1","B0D5B75DXH","","26.9","18.3","13.9","2110"
"熱収縮チューブ 17mm 内径φ17mm 印字無しで綺麗☆ 収縮比率2:1 (17mm→8.5mm) シュリンクチューブ 絶縁チューブ 防水 高難燃性 収縮チューブ (30M, クリアー（透明）)","68382","7","","43","¥ 11,800","","1","B0BRH6W5RB","B082L2MQ5P","10","7","1","10"
"日動工業 日動 100V昇圧器ハイパワー M-20S","12640","15","","96","¥ 18,239","¥ 18,239","16","B00352W4PY","","19.4","17","16.4","5611"
"Ralcam 360°先端可動式ファイバースコープ 5インチHD画面 4方向工業用内視鏡カメラ ライト付き 6.2mm極細プローブ スコープカメラ1.5M交換可能スネークケーブル 自動車・空調機器点検用","12649","9","","45","¥ 46,116","","1","B0H1VKZFYR","B0H6HD7ZYK","35.5","26.4","11","1610"
"FK796KJ相当品(同等品) 電池屋製 3.6V3000mAh コネクター付きでそのまま取付 年度シール付き 誘導灯・非常灯バッテリー用 互換品FK796KJ互換品 誘導灯 非常灯 交換電池 互換バッテリー","12658","13","","2","¥ 9,510","","1","B095Y1QNJF","","8.8","8.5","8.2","340"
"Moonpai 伸縮作業台 横桟付き 高さ調整可能 ステンレス製フレーム 耐荷重800kg DIY 作業台","12660","1","","","¥ 11,580","","1","B0H6ZSKBRL","B0H6ZHS252","91","14","14","2500"
"TRUSCO(トラスコ) スパッタフェルト 2.8X1000X1m 28CF-11 × 20枚 【ケース販売】","20600","11","","143","¥ 75,527","¥ 75,527","1","B0C4TJQ7RJ","B0CFY9V413","105","60","57.3","9000"
"トラスコ中山(TRUSCO) スパッタシートベーシック両面 6号 1920×2920mm TSP-6BW","13006","41","","112","¥ 30,167","¥ 30,167","7","B002A5ODE2","B0BN2T894M","53","32.5","7","4480"
"フードディスプレイセット ビュッフェサーバー food warm ビュッフェ ディスプレイ プレート 1連ステンレス鋼 氷で凍らせる ビュッフェ フルーツ ディスプレイ プレート コールドプレート 防塵パンバスケット ケーキスナックトレイ 透明カバー 青果 野菜 フルーツ パン スイーツ (1 トレイ深さ4cm)","48174","14","","4","¥ 8,200","","2","B0BZJNGL4P","B0BZJNT6Q3","59.5","40.5","23","2000"
"ICEMAN PRO-X III (アイスマン-プロ-エックス3) リッチ セルマックス 2026年モデル ICMPX3R-GYV-SET ターポリン生地 水路冷却シート式 水冷服 ステルスグレー アイスマンPRO X 3 防水仕様 限定モデル","12691","62","50","53","¥ 24,500","","3","B0GYWGD4VM","B0H5JDK9PC","43","22","10","1100"
"フィラメントケース 4個セット｜3Dプリンターフィラメント収納ボックス 湿度・温度計付き（電池別売）｜1kgフィラメント対応｜防潮・防塵設計｜さまざまな場面で使用可能","12692","11","","6","¥ 6,499","","1","B0GL7WGCP5","","50","32","27","3200"
"AIYIMA D03 HIFI 2.0/2.1chステレオ 150W × 2 Bluetooth DACアンプ OLEDディスプレイ搭載, ACC、SBC、aptX、aptX-LL、APTX-HDをサポート ホームオーディオシステム用","12694","20","","104","¥ 12,749","","1","B097JW9BW2","","29.8","26.8","6.2","1440"
"seathestars 背もたれ付き 診察椅子 エステスツール キャスター付 カウンターチェア 丸椅子 座面高さ約56～69cm ガス昇降","33847","26","","46","¥ 5,280","","1","B0BK3TJHDD","","39","39","19","4000"
"[山善] トラックシート 防水シート 2層 1.9×2.1m 軽トラック用 防水加工 軽量 ハトメ補強 サポートループ付き 1枚 KGS-2102(BKC) ブラックカモ","20710","31","","30","¥ 6,398","","1","B0DG2CQQTH","B0DGXCMMZJ","36.7","30.3","4.5","1180"
"ステンレス キッチンワゴン 3段 キャスター付き 棚板780mm×440mm 業務用 組立式 PRO-M3F (フラット) 配膳 カート 台車 飲食店 厨房 KIPROSTAR(キプロスター)","21043","17","","3","¥ 15,980","","1","B076LKYJ34","B0CRRGZ15C","81.5","50","17","15000"
"山善(YAMAZEN) 連結平台車 パレッティー(4個組) ブラック YRB-G75BK*4","20477","31","","10","¥ 21,999","","1","B0178TCS00","B0H3ZGLZVW","73.5","52","17","8500"
"トーヨーセフティー(Toyo Safety) マット塗装ヘルメット 黒 通気孔付 No.390F-OT-SS 形状：アメリカン型 着脱：ワンタッチ式","13374","31","","2","¥ 6,040","¥ 6,040","4","B0FY55NGF7","B0GNMS3QTV","26","21","16","440"
"[UTOPKU] フルハーネス安全帯 新規格 セット 脱着簡単 腹部と胸と脚ワンタッチバックル 便利 安全 水平型腿ベルト 伸縮式 ダブルランヤード ハーネス 安全帯 新規格 墜落制止用器具 高所作業用 日本語説明書 使用可能質量 100kg (ブラックの肩パット+フルハーネス安全帯 2丁掛け)","12728","34","","52","¥ 5,560","","1","B0CNCG7DVP","","29.9","24.6","14","3300"
"プラス 数取器 取付用5連用(4桁) 【質量420g】 30-929 KT-500","12728","37","","1","¥ 9,769","¥ 9,769","7","B002NEEDO0","B06X9B32M5","16.8","7.7","7.3","458"
"業務用(ジェーシーエム)JCM 4面ガラス冷蔵ショーケース(中) 74リットル JCMS-78 幅434×奥行398×高さ1004mm【配送先の店舗名or会社名を記載下さい】","12732","40","","6","¥ 47,575","","8","B073PW3SBS","","99.1","42.4","38","43998"
"seathestars 大型強力 サーキュレーター リモコン付き タイマー機能 上下90度 角度180度 扇風機 工場 ビッグファン 床置き ファン","17581","71","50","170","¥ 5,280","","1","B0B421ZB3N","B0F1JZCGMC","60","58","17","4380"
"大王製紙(Daio Paper)エリエール プロワイプ ソフトタフタオル 未晒帯どめ50枚　24パック","12749","34","","2","¥ 7,978","","11","B06VVSS71R","","58.6","42.7","40.5","12210"
"スズキ機工(Suzuki Kikoh) 超極圧潤滑剤 LSベルハンマー 原液1L缶 LSBH03","20624","29","","318","¥ 8,164","¥ 8,164","16","B01IOXIAYM","B09LR76BSN","21.6","8.6","8.4","980"
"KAWAIKO 布テープ 粘着テープ 梱包テープ 50mm×25m 手切れ可能 梱包 補強 業務用 36巻パック ホワイト 厚さ0.18mm","12771","36","","1","¥ 10,999","","1","B0GK135JNC","B0GJZS68PP","35","31.5","23.5","8530"
"LEDソーラー街灯 屋外 IP66防水 外灯 ソーラーライト、8500Kの太陽光発電の外灯、モーションセンサーとリモコン付きのLED夜明けから夜明けまでの防水スポットライト、駐車場や道などに適したのセキュリティライト (2Pieces)","12772","34","","5","¥ 5,034","","1","B0FMRL6W9G","B0FG7PYY8Y","40.7","23.4","9.6","2470"
"新鋭工業 吸引器　スマイルシリーズ専用充電池　KB-1500m","12775","28","","46","¥ 10,980","","2","B00GSD833Y","","8.5","6.8","4","280"
"アルインコ(ALINCO) 三脚脚立 全高:2.47m KWX240","12780","24","","156","¥ 25,400","","11","B016U44HQM","","246.6","117","18.3","7800"
"MBBTAG パンチングボード 有孔ボード スチール製 ペグボード マグネット対応 壁掛け収納 DIY 収納ボード フック10個付き 耐荷重150kg","59166","10","","29","¥ 8,899","","1","B0F5QBJ3MV","B0F5QDZ4V3","100","80","5","1500"
"イチネンTASCO ミニ真空ゲージキット デジタル ストレート仕様 TA142GD","12788","44","","91","¥ 17,616","¥ 17,616","14","B087BKD97D","B0DPHT428N","10.4","8.7","7.3","280"
"トラスコ中山(TRUSCO) 理化学ブラシ 注射器用 山羊毛 スチール柄 TBSS1J 1cc用 x 100本 【ケース販売】","24762","7","","11","¥ 24,646","¥ 24,646","1","B0C6DCL76R","B09NX8TX41","24","19","10","270"
"PB Motor Tech デジタル冷媒チャージングスケール 100kg/220lbs ケース付き","12797","67","50","15","¥ 11,360","","1","B0FC5C9LXX","","43.6","31.7","8.3","3640"
"愛知電線 VVF ケーブル2芯 2.0mm 15m 灰色 VVF2×2.0M15","12800","52","50","118","¥ 5,136","","3","B00N89N1KG","B0B6RMHK2J","20.8","20.1","4.4","1620"
"TRUSCO(トラスコ) シート紐 青 直径4mm×600mm 100本入り TSH-460-BL x 50 袋【ケース販売】","12804","27","","31","¥ 17,956","¥ 17,956","1","B0BM46JFV4","B09NWJCH41","30","13","6.5","177"
"日東工業 PL形プラボックス PL16-35KA","12806","8","","3","¥ 36,750","¥ 36,863","2","B073P8XBHZ","B0D7SGP1T2","52.8","33.6","21.7","6190"
"SwiftLink リネンカート 業務用 キャスター付き 約450L ランドリーワゴン 清掃 取り外し可能なバッグ付き 洗濯物用かご かご台車 サービスカート 頑丈 多機能 乾湿分離 ホテル 病院 工場 学校 クリーニング 商業用 厚手 大容量 防水 組み立て簡単 ステンレス鋼フレーム 90*65*80cm ブラウン","13449","29","","","¥ 9,702","","2","B0FBRTD1C6","B0FBRTPQW3","90","69","9","7860"
"MIMIER 配膳ワゴン サービスワゴン キャスター付き 3段 グレー 幅80cm*奥行42cm*高さ93.5cm 耐荷重100kg 家庭用 業務用 ガレージ レストラン ホテル 荷物運搬","20392","29","","14","¥ 12,980","","2","B0G32TC5P1","B0GQ9J5G8F","69.2","54.5","27.4","9000"
"FiveLn 段差スロープ ゴム 段差解消段差プレート 高さ 4cm 5cm 6cm 7cm 8cm 9cm 10cm 11cm 12cm 13cm 14cm 15cm 16cm 17cm 18cm 階段用滑り止め バリアフリー 介護 プレート ハイステップ 自転車 ゴム製 屋外 駐車場 カーガレージ 玄関 段差解消 (ブラック,長さx幅x高ざ-100x30x13cm)","15181","21","","","¥ 6,588","","1","B0FLWLR1RQ","B0GTHNNFCG","100","26","7","5000"
"Huanyu 遠心分離機 10mlx8 卓上遠心機 4000rpm変速 最大相対遠心力1920XG ラボ遠心機 0-99分タイマー 大学 化学工場 検査ラボ用 研究用 化学サンプル/植物エキス/材料サンプル/試料分離/遠心試験/定性分析 微量遠心機","21372","8","","1","¥ 32,500","","1","B07SGJ7L74","B07SMPQWL6","32.7","31.8","26.4","5760"
"BACOENG 3.6 CFM一段式真空ポンプ 100V 50/60Hz HVAC エアコン 真空ポンプ エポキシ樹脂真空脱泡 ポンプ本体","12824","32","","31","¥ 10,499","","1","B09Q5WFCM9","","32.3","29.2","17.7","5550"
"uxcell タップドリル M16×1.5 HSS6542 長さ160mm メートルねじタップ タップセット チタンコーティング ねじ切り修理工具","33647","0","","1","¥ 5,038","","1","B0FYCTC646","B0HCTNXLMD","17.5","6","3","160"
"アクアチェックHC 100枚入×2本 簡易式高濃度塩素測定試験紙","12831","44","","13","¥ 7,790","","3","B0722N5DHL","","12","10","6.6","80"
"SIMCAT 伸縮はしご 多機能はしご 折り畳み伸縮梯子 耐荷重150kg 軽量 持ち運びやすい 室内室外両用 自動ロック 安全ロック スライド式 伸縮自在 梯子 (3.1m)","19898","57","","24","¥ 9,400","","2","B0F32JFR6C","B0F32KX55H","90","49","6","7500"
"サンコーテクノ ステンレス オールアンカー 太さ8ミリ長さ60ミリ 中身入数(約)50本 (54-085)","13722","7","","2","¥ 8,980","¥ 13,112","10","B00762ADES","","15","11.5","5.7","1312"
"セメダイン(CEMEDINE) ハイクイック エポキシ接着剤 500gセット コンクリート ポスト 表札 CA-290 6個セット","21021","21","","","¥ 20,199","¥ 20,199","1","B0919GXSHH","B0974H2B9V","31.8","21.7","9.8","3710"
"【高耐熱200℃・柔軟配線】シリコンケーブル 6AWG 赤黒セット 各3m 電源コード DC配線 バッテリー 太陽光 発電 DIY向け (SI-6-3)","20116","29","","6","¥ 5,980","","1","B0FF41MS6Q","B0FFT672V9","26","21","1.1","402"
"セメダイン(CEMEDINE) コンクリート・木材・タイル・発泡スチロール用 接着剤 コンクリメント 170ml CA-133 10本セット","4833","20","","67","¥ 7,212","¥ 7,212","1","B093VHS873","B0BZZ1JM3J","24.3","24.2","9.9","2870"
"アライ(ARAI) 8859シリーズ専用 FHRアンカー (2個セット) FHR-01","12873","38","","60","¥ 9,460","¥ 9,460","3","B01HY1QPTC","","6.2","4.8","2.2","40"
"サービスワゴン 配膳ワゴン ツールカート キャスター付き 各階は約耐荷重200KG ホテル レストラン ガレージ 荷物運搬 （85*43*97cm）","12878","18","","","¥ 8,380","","1","B0GYPDX9JP","","76","44.2","22.5","9800"
"脚立 4段 折りたたみ はしご 手すり付き脚立 おしゃれ ステップ台 スツール キャタツ 梯子 室内 屋外 step ladder ハシゴ 軽量 コンパクト 安全 滑り止め 折り畳み 耐荷重230KG","12885","34","","15","¥ 5,499","","1","B0H291KB3X","B0HGFYW52F","120","49","9","7500"
"コニシ ボンド 木工用(ポリ袋) 速乾F 3kg 6袋入り #40304","46562","7","","1","¥ 17,568","¥ 17,568","1","B00VR1J3OA","B078FL5L5M","29.8","29.4","27.8","19080"
"MORESCO 高真空ポンプ油ネオバック MR-200 18L /1-685-04","21449","12","","3","¥ 27,902","","2","B079BTB9D4","B07D36XFJ8","35","23.5","23.5","17500"
"GUOOL アーボリスト作業ポジショニングストラップ落下保護装置安全ベルトロープ, 3M","12895","33","","47","¥ 9,966","","1","B09ZTQQQH7","","31.6","23.4","8.3","890"
"Ydq-dp 防塵耐熱フレキシブルダクト 静電気防止PVC製 集塵機/排気用 防水ホースセット DIY工具・産業用(内径約150mm,青3メートル)","47627","4","","","¥ 8,298","","1","B0GFCN7Z11","B0GFCJ3LSY","60","50","50","2000"
"メスシリンダー 2000mL高精度 /1-8562-12","12905","28","","21","¥ 12,573","¥ 12,573","6","B00QWMAHYO","B07DLPXWV6","50.6","16","13.6","1220"
"Creality 3DプリンタフィラメントHyper PLAフィラメント、Creality PLA 3D印刷フィラメント、高速印刷用、耐久性、滑らかさ、寸法精度+/-0.002 mm、1KG/2.2ポンド/スプール（グリーン）","15550","27","","266","¥ 6,819","","1","B0CLTZ3PCN","B0D7BFBTWP","21.4","21","6.9","1300"
"デンサン お徳用 打込みアンカー 石膏ボード用 各370本入 TP-HO-430","12907","42","","16","¥ 8,300","¥ 8,642","14","B0070RQXXY","B08GCTLLTM","13.1","12.3","12.2","1816"
"GOODGOODS 逆富士型 LEDベースライト 40形 2灯相当 4800lm LED蛍光灯 一体型 天井直付け LD-24-40RFJ","12918","1","","5","¥ 6,600","","1","B0H9Y2VQ7P","B0HF6ZWWHL","128","35","15","2900"
"[ボレー] SAFETY TRYON トライオン 4点セット（ゴーグル本体/セミハードケース/ポーチ/ELオリジナルクロス） サバゲー グラス シューティング 保護 メガネ MTB スポーツ【国内正規品】 (セミハード＆ポーチセット, 偏光レンズ)","13384","37","","10","¥ 7,300","","1","B09RV61M9D","B09XWB48NB","19.8","14","7.3","150"
"リットマン 聴診器 クラシックIII 5831(プラム)","12927","33","","5723","¥ 14,828","","7","B0081DFEA4","","32.8","17","4.5","340"
"【ハイパワー送風】BougeRV充電式キャンプ扇風機 最大7.5m/s風速 前後210度角度調整 15時間連続稼働 着脱式バッテリー搭載 F02","12928","50","50","53","¥ 6,980","","1","B0GHQN43LK","B0HF893Y93","41","32","25","4290"
"ミニ温湿度データロガー デジタル 温度検出器 温湿度計 -10〜60℃ 湿度計 0〜100％RH±5％ 大型LCD","21596","6","","3","¥ 6,892","","2","B07QFX5YCM","","25.4","17.4","4.6","280"
"レマコム 4面ガラス冷蔵ショーケース フォーシーズンシリーズ R4G-63SLB (ブラック) 63L 卓上型タイプ","12948","45","","44","¥ 47,190","","1","B093K9B49Y","","87","49.5","46.5","34000"
"Elitech Bluetooth 温湿度データロガー 10万データ保存 PDF出力 MAX/MIN/AVR/MKT表示 コールドチェーン向け HACCP対応 GSP-6 Pro GLE+THE","12952","14","","1","¥ 8,099","","1","B0DXZWLSH2","B0FH2LTK2J","15.4","10.9","5.5","330"
"Farigrut 段差 ゴム 段差解消 段差プレート 高さ 4cm 5cm 6cm 7cm 8cm 9cm 10cm 11cm 12cm 13cm 14cm 15cm 16cm 17cm 18cm 階段用 滑り止め バリアフリー 介護 プレート ハイステップ 自転車 ゴム製 屋外 駐車場 カー ガレージ 玄関 段差解消 (100*35*11cm)","17215","12","","6","¥ 7,599","","1","B0DWL5TLLG","B0DWL6GN67","110","30","5","5000"
"VCTF 3.5sq×4芯 10ｍ 切り売り 300V 灰色 ビニル絶縁ビニルシースキャブタイヤ丸形コード 電線 ケーブル","9872","34","","8","¥ 11,801","","1","B09XK6LWFS","B0C5LN44D9","25.2","20.3","7.2","2430"
"HAPPEAST レシートロール 58mm 外径40mm 内径9mm 感熱ロール紙 レジロール サーマルロール モバイルプリンター ハンディ端末 キャッシュレス決済端末対応 100巻","12976","33","","46","¥ 7,380","","2","B0DR95HHCD","B0DT75B8DB","24.2","21.4","21.3","6460"
"パナソニック(Panasonic) 40形 ライトバー 一般・6900lmタイプ・昼白色NEL4600ENLE9","12992","36","","1","¥ 10,500","¥ 10,703","7","B0DSBH5HZM","","124","9","5","760"
"ロフトベッド シングル ロフトベッド 大人用 階段付き パイプ仕様 空間活用 頑丈 省スペース ろふとベッド シングル 大人 一人暮らし 新生活 机付き 階段収納 ホワイト","12996","13","","1","¥ 32,899","","1","B0H698N7XY","B0H69D2JF7","111.5","37","19","72000"
"ナカトミ 壁掛型 工場扇 アルミ 45cm 全閉式 OPF-45WAZ","13004","35","","","¥ 10,500","","2","B0D14P95S8","","55","52","30","7000"
"simPLEISURE 滑車 ステンレス製 M75 2個セット ya010013f02n0","54901","11","","23","¥ 5,913","","1","B0C9BZ3877","B0C9M6THD4","15.5","14","4","1410"
"eSUN PLAベーシック リフィルフィラメント 1.75mm 4個セット 寸法精度±0.05mm 1kg/巻 ホワイト","20682","4","","12","¥ 6,499","","1","B0FRDTQTGH","B0DH4TX717","41.8","32.1","14.8","4710"
"進和化学工業 プロ仕様 バイザーメット バイザーBタイプ 艶消マット塗装・L黒/ムラサキ","17305","16","","81","¥ 7,360","","1","B07V6NNRJN","B07V3H1XLH","30.4","25.4","20.2","470"
"Onlit 水中ポンプ 水槽ウォーターポンプ 排水ポンプ 吐出量2500L/H 最大揚程2.8M 18W 100V 50/60Hz通用 10段階流量調整 外部スイッチ 海水用 電動 清水用 家庭用 通常排水/ウェーブ/フィードモード 2mホース/フィルター付き 水槽/水耕栽培/庭の灌漑/プール/お風呂 (PSB-DC-2500)","13080","41","","8","¥ 9,999","","2","B0CSG93FY2","B0CSGB18B9","19.3","18","14.5","1590"
"白工舎 ラッカルゴー コンテナ1個付き 多機能2段キャリーカート 折りたたみ 台車 ショッピングカート 業務用 耐荷重90kg ブレーキ付き 静音 室内 倉庫 オフィス","13028","10","","2","¥ 18,900","","1","B0HBBKC7M1","B0HBBQ11R5","74.5","55","16.5","11600"
"ティアンドデイ(T&D) Bluetoothデータロガー TR41A","13032","46","","9","¥ 13,780","","8","B0BBZCCTXC","B0CZTP2XLF","11.3","9.1","4.2","80"
"TRUSCO(トラスコ) ナイロンロープ 12mm×20m 3つ打タイプ R-1220N","13042","34","","26","¥ 5,456","¥ 5,456","22","B002A5OBQM","B09PBMQKCW","18.1","17.8","12.3","1737"
"KUS ブルーシート 10m×10m 2枚入り","13047","30","","77","¥ 5,514","","5","B01ASW879K","","70","50","10","8020"
"警告テープ 高耐久PVC 厚さ1.1mm 幅50mm×長さ30m 黄色と黒","13051","38","","4","¥ 8,900","","1","B0GL2TRX56","B0H1H2TYNW","26","24.8","5.4","2310"
"バキュームリフター 直径20cm 2個セット 強力で真空吸盤 ガラス吸盤 耐荷重400kg サクションバキュームカップ","21131","29","","3","¥ 5,189","","1","B0GF23P52C","","36","28.8","14.5","2940"
"ホーザン(HOZAN) ESDフォーム ICフォーム 1000×1000ｍｍ 2枚入 F-9-L","16155","22","","47","¥ 10,182","¥ 10,182","17","B001D7RB10","B07Q5BR659","109.2","31","16","1302"
"シンワ測定(Shinwa Sokutei) 温度計 丸T字型 V-3 -20～100℃ Φ6×90cm 72611","13572","28","","12","¥ 8,173","¥ 8,173","26","B0020E6HKG","","93","7","3.2","141"
"Bonvoisin 吊りはかり 2000kg クレーンスケール デジタル吊り下げ秤 リモコン付き 埠頭 屠殺場 農場 工場 コンパクト 小型 日本語マニュアル (乾電池式（電池別売り）)","21113","28","","9","¥ 12,900","","1","B0DJSKGRSD","B0DJSLGLXD","28.6","19.4","11.3","2140"
"HAIGE(ハイガー) 乾湿両用業務用掃除機 20L YS-CVC20WD","11871","24","","1","¥ 10,900","","1","B0H2XK2H81","B0H2Y5V6DG","50","45","35","7000"
"タジマ ハーネス用ランヤードKR150F ダブルL8 A1KR150F-WL8","21150","25","","15","¥ 20,960","¥ 32,636","30","B0BPGMD6ZZ","B0BS5ZS3YK","26.2","15.3","11.4","1500"
"【めざましテレビで紹介されました】ALTENA 製氷機 小型 自動 高速 コンパクト 卓上 家庭用 最短6分 最小クラス 洗浄モード ICE-C01-BK-AM (ブラック)","13088","64","50","70","¥ 12,500","","1","B0D6QQC2WZ","B0D6R2KJZX","41.2","31.9","25.2","6600"
"[藤井電工] 墜落防止装置 仮設用 水平移動用親綱 97ハリップ 台付ロープ付 水平親綱 ロープ長さ 10m 97HR-4-10 日本製 水平移動 ツヨロン TSUYORON","21105","23","","","¥ 19,240","","4","B00VUOLS42","B0CKFBHXKF","50","25","10","500"
"バートル BURTLE 2026年 春夏 空調 エアークラフト デバイス 洗える 120リットル 作業服 作業着 オリジナルステッカー付き AC10 AC10-1 (バッテリー(96.メタリックレッド)×ファン(35.ブラック))","13094","39","","40","¥ 19,305","","1","B0GV464GPN","B0GV3NLJLG","35.2","16.8","12.6","970"
"TUIYIDUO 足場台 踏み台 折りたたみ式 作業台 足場板 耐荷重500kg 高さ76-122cm調節可能 伸縮脚立 日本語の説明書付き","21034","7","","2","¥ 11,200","","1","B0H6F2D8X1","B0HBQ28PH1","93","46","16","13500"
"TOYO ヘルメット取付式送風機 WINDY4 充電式 No.7706 ホワイト","13101","23","","29","¥ 7,348","","14","B0BZTY1G3Z","","16.2","10.1","9.9","370"
"Hongjiwa スタンド式灰皿 ダブルバレル 防水 屋内屋外兼用 庭キャンプ用 (グラファイトグレー,消煙機 + ゴミ箱 低型)","21658","2","","","¥ 7,299","","1","B0HC72Q5RW","B0HC6SYXS4","1","1","1","1"
"[マルゴ] 足袋型シューズ 地下足袋 トレーニング フィットネス ランニング ベアフット スポーツジョグII ユニセックス大人 グレー 25.5 cm 2E","13107","51","","840","¥ 6,667","¥ 6,667","4","B0B8CJHRF2","B081QQWVPW","28.2","20.9","10.8","630"
"LONTAN 重量用 スライドレール ロック付き 幅53mm 900mm 最大耐荷重100㎏ 側付け ねじ付き シルバー 1セット","32126","18","","1","¥ 5,176","","1","B0GXKB1GMS","B0H1V9MMDD","98.5","9","7.5","4670"
"連結平台車キャリー収納ホーム 台車軽量 静音 ネット重0.85kg 耐荷重120kg 幅28.5×奥行40.5×高さ6.1cm ポリプロピレン 白… (白（40*27.5）, 4)","19707","33","","41","¥ 7,999","","1","B0BBQTDSXG","B0BBQT37T4","44.3","29.7","23.2","3900"
"TRUSCO(トラスコ) 一眼型セーフティグラス イエローレンズ TSG7104Y × 20個 【ケース販売】","32707","12","","9","¥ 19,091","¥ 19,091","1","B0B5ZKW59H","B0F444MM65","490","240","120","640"
"パネフリ工業 木口貼りテープ ダークビーチ WA4186 18mm×50M ブラウン","47755","9","","37","¥ 5,729","¥ 5,729","2","B00KKWLH9G","B09SFZZ9G5","21.3","21","2.2","430"
"Bonvoisin 吊りはかり クレーンスケール 1000kg デジタル吊り下げ秤 埠頭 屠殺場 農場 工場 コンパクト 日本語マニュアル 電池別売り","13128","21","","23","¥ 10,500","","1","B08H4L7XDV","B08H4YXHWK","30","24.8","14.6","1880"
"[藤井電工] 新規格 フルハーネス型 レヴォハーネス ノビロン 伸縮ロープ式 ブラック レッド 黒 赤 ブラック レッド 黒 赤 Mサイズ TH-508-NV93SV-OT-BKR-M-R23 V型腿ベルト シングルランヤード 1丁掛けランヤード 着脱が容易なワンタッチバックル 日本製 高所作業 墜落制止用器具 フルハーネス 安全帯 ツヨロン TSUYORON","20548","44","","3","¥ 19,945","¥ 19,945","8","B07NMJ8Y1D","B0CLHVBLBY","35","22","12","1990"
"3M PELTOR 防音用 イヤーマフ ヘッドバンド式 H510A-401-GU [並行輸入品]","13137","33","","2281","¥ 5,567","","4","B000VDYXQ8","","20.1","14.1","9.6","280"
"カスタム (CUSTOM) 防滴デジタルはかり 20kg CS-20KS","13146","38","","105","¥ 5,682","¥ 5,682","36","B00B4TA966","B09LR51CN1","29.2","28.1","14.4","1860"
"TRUSCO(トラスコ) 小型ポリ袋 縦200×横130×t0.05 赤 200枚入 A-1320R x 10 袋【ケース販売】","13432","34","","10","¥ 17,091","¥ 17,091","1","B0BWY6DTD3","B0CGM3GPXW","22.6","21.5","16.1","4604"
"3Dプリンターエンクロージャ Bambu Lab A1 Mini用 大型エンクロージャー LEDライト付き 耐火防水 防塵 ノイズリダクション 常温 3Dプリンターカバー","13161","18","","142","¥ 5,980","","1","B0DJXT96NF","","44","17.1","8.2","1370"
"YQL 大型 ソーラーライト 屋外 1800W LED 街路灯 太陽光 ライト 外灯 投光器 門灯 ガーデンライト 防水 駐車場 防犯照明 人感センサー 動体検知 夜点灯 昼消灯 白色 ホームビジネス 庭園 通路 パティオ 私道 風景","21252","27","","63","¥ 13,999","","1","B0CNKG6PW7","B0GWQZY9HL","58.8","52.1","13.1","5080"
"FieldNew 【国内ブランド/保存液付】 7 in 1 残留塩素/水質測定器 (塩素/PH/EC/TDS/塩分/ORP/温度) 国内品質検査済 保証書付 防水 高精度 自動校正 動画解説 日本語マニュアル 校正液付 FAC 遊離残留塩素 プール・消毒液専用","20614","6","","12","¥ 8,532","","1","B0H4K1QFKW","","23.1","12.2","5.7","410"
"【驚異の明るさ・省電力】TANKAO 投光器 高天井灯 led投光器 LED高天井照明 防水 100V 高輝度 6500K 昼白色","21215","19","","4","¥ 8,969","","1","B0FFH7W7WN","B0FFHNMCG4","39","38.4","6.5","1740"
"オムロン(OMRON) ソリッドステート タイマ H3CR-Aタイプ H3CR-A8E","13176","25","","1","¥ 6,420","¥ 8,887","4","B01N5CKC88","B07KFRD52H","9","5.5","5.5","200"
"良匠 FIRSTINFO 幅広 型取りゲージ 大型 500mmx130mm マグネット付き ロック付き","20902","21","","125","¥ 5,510","","1","B07CWML3R1","","54.6","14","3.2","1043"
"RIKADE 伸縮脚立はしご 踏み台 軽量伸縮自在 折りたたみ 持ち運び便利 室内屋外両用 アルミはしご ​自動・安全ロック付き 耐荷重150 kg (シルバー, 1.4+1.4m)","13187","25","","813","¥ 10,999","","1","B0CN6HNNSX","B0C2HWGPZ9","64.6","48.4","14.3","7890"
"Bonvoisin 吊りはかり クレーンスケール 1000kg デジタル吊り下げ秤 埠頭 屠殺場 農場 工場 コンパクト 日本語マニュアル 電池別売り","13195","30","","28","¥ 10,500","","1","B08H4N8YHZ","B08H4NS1JM","29","22.6","14.8","1820"
"ZEREON ゼリオン ドリルウィンチ けん引能力 680kg 合成ロープ 長さ 12m 直径5mm ポータブル牽引 手持ち 日本語取扱説明書付","13199","31","","7","¥ 28,310","","1","B0FDW81W4B","","32","28.2","25.8","5800"
"トラスコ中山(TRUSCO) ナイロン平ベル TNB385BK 黒 1.6t×38mm×5m x 10巻 x 【ケース販売】","13207","45","","43","¥ 12,000","¥ 12,000","1","B0C4T32877","B0CGJFTC61","50","21","13","2425"
"TRUSCO(トラスコ) キャップ付フェライト磁石79mmX38mmX13mm 5個入り TFC79K-5P","20922","26","","90","¥ 5,725","","15","B00B4T9GRE","B0CFFF1RRM","17","10","5","1000"
"逆富士型 LEDベースライト 長さ125cm 12000lm 高輝度 40W形2灯相当 60W省エネ 器具一体型 LED蛍光灯 天井用，昼白色：1","35174","2","","","¥ 5,999","","1","B0HBVWQ8YY","B0HBW64S68","127.3","16.8","6.5","2350"
"GOYOJO 純水器 15L イオン交換樹脂内蔵 洗車用 TDSメーター付き 水垢対策 家庭用 車・バイク対応","13220","5","","4","¥ 16,990","","1","B0HDSCJG14","","51","26","25.5","11000"
"ショーワグローブ マイクログリップ (タグ付) フィット感重視 マイクロファイバー作業用手袋 グレー 10双組 381 (Mサイズ)","13221","19","","55","¥ 6,000","","1","B086SRFVBS","","29.9","19.9","7.7","390"
"レジ袋 関西50号 関東60号 1,000枚 乳白 ヨコ34cm×タテ58cm 厚み0.018mm 薄手 ポリ袋 【ベドウィンマート厳選レジ袋】商標登録番号：6409636","46541","19","","20","¥ 6,900","","1","B01B7HHTDU","B0HBB22FBX","66.2","49.5","17.4","8590"
"ラチェット式パイプねじ切り器 4ダイスセット（1/2"", 3/4"", 1"", 1-1/4"" NPT） 高耐久ラチェットスレッダー 手動式 プロ向け 切断・ねじ切り作業に最適","13230","4","","","¥ 5,299","","1","B0H5CRVGJY","","43","29","11","4510"
"TUIYIDUO ステンレス作業台 幅120×奥行60×高さ80.8cm 業務用調理台 2段棚 高さ調整脚 厨房 家庭用 日本語取扱説明書付き","10220","8","","1","¥ 12,800","","1","B0G9D1CQC7","B0GQXHP56T","126","66","10","11500"
"Temtop P600 空気質モニター 屋内 ポータブル空気質測定器 空気測定器 PM2.5 PM10 対応 家庭 ホテル オフィス 車 バッテリーリアルタイム測定 携帯可能 簡単操作","13231","21","","147","¥ 10,760","","1","B0787WCW2G","B0H7WMF88Y","22.5","15.4","4.7","460"
"谷沢製作所 タニザワ エアライトS搭載ヘルメット(透明バイザータイプ・溝付・シールド付) 透明バイザー:ブラック/帽体色:白 ST#123VJ","13234","20","","20","¥ 9,424","","13","B09FSRN48X","B0CSYPZ9FS","37.5","24.9","18.5","460"
"シゲマツ(重松製作所) 直結式全面形防毒マスク GM185C Mサイズ (吸収缶・別売り) ホワイト","12907","48","50","82","¥ 13,091","¥ 13,091","16","B00SXQAT04","B08CCMJ15R","30.9","26","14.2","600"
"パナソニック(Panasonic) 40形 ライトバー 一般・5200lmタイプ・昼白色NEL4500ENLE9","13251","37","","3","¥ 9,810","¥ 10,859","5","B0DSBHLRB6","","124.3","9","5.2","1110"
"【ZWPARTS】電動パイプクリーナー 排水管掃除道具 マキタ18Vバッテリー対応 ブラシレスモーター 交換用ワイヤー1本付 7m 排水管クリーナー 本体のみ","13257","9","","","¥ 12,680","","1","B0H4GG1P6D","","46","27","18.5","4000"
"BAOSHISHAN ターンテーブル 電動 回転台 30cm 摄影用 電動回転台 360°回転 100kg 電動ターンテーブル 遠隔操作 スムーズに回転 回転のスピード/方向/角度が調整可能 騒音が小さい 展示用 撮影用 スキャン/フィギュア/ディスプレイ (直径30cm積載量100kg 黒い)","13259","32","","27","¥ 8,688","","1","B086VZVQ33","B086VZV4L9","34.8","32.2","8","1900"
"Tropchou 空調作業服 USB ファン 静音モーター 大風量 ケーブル付 5段階風量 穴直径90mm 熱中症対策 (5)","13840","21","","9","¥ 5,250","","1","B0GY4V8H13","B0GY4XYYM7","31","26.8","12.4","1340"
"サンナップ インサートカップ 275ml 9oz 3000個(50個×60パック) 日本製 耐熱 使い捨て 対応ホルダー(ICHL) IC2750M","13277","25","","4","¥ 26,562","¥ 26,562","1","B0H1QXVF85","B0H4FPW1JP","58","51.5","43","13000"
"トラスコ中山(TRUSCO) 折りたたみキャリーカート 100kgタイプ グレー 340x480mm 全長1080mm TAC-100","13278","24","","46","¥ 13,864","¥ 13,864","15","B00762GSSI","B09PBNRJCB","83.5","49.8","8.8","7660"
"TUIYIDUO マシンローラー チルローラー 運搬ローラー 4台セット 耐荷重約6t 台車 360°回転台付 低床 日本語説明書付 レッド","13301","26","","5","¥ 17,280","","1","B0FRMW1B6Z","B0HD6K16BH","47","31","25","37000"
"[ショーワグローブ] ケース販売・静電気対策手袋・帯電防止 簡易包装 制電ライントップ手袋 Lサイズ 10双入×24袋","34720","10","","","¥ 98,938","¥ 98,938","1","B0CLNNBCMM","B01MTDP8DB","48","40","27.5","5700"
"TRUSCO(トラスコ) ホースノズル メタルタイプ 2パターン TNZ04 x 10 個【ケース販売】","20917","36","","","¥ 13,387","¥ 13,387","1","B0BBG3FKSW","B09NWR7G2J","47.3","23.6","7.6","2560"
"スリーエム リットマン TM ステソスコープ マスターカーディオロジー ブラック スモーク加工 2176","13336","31","","1149","¥ 38,996","","7","B005EXZO9U","","37.7","17.4","4.7","440"
"台車 折り畳み 軽量 ストッパー付き 静音 台車 360°回転キャスター 荷台90x60CM 保証耐荷重400kg、最大サポート600kg 防滑 高強度材質 耐摩耗 持ち運び便利 省スペース 引越し 家庭用 業務用 倉庫 工場 店舗 貨物運搬に最適 (ブラック)","13342","38","","6","¥ 12,480","","1","B0G393TMBC","","90","60","20","8000"
"ピカ(PiCa) ピカコーポレイション 天板幅広足場台 洗車台 立ち馬 伸縮 折り畳み 四脚アジャスト式足場台 3段 3尺 (0.60-0.91m) アルミ シルバー DWX-W6908C","13348","65","","213","¥ 16,980","¥ 17,641","15","B003UU26SQ","B0BH4TN1LW","90","54.8","19.6","7630"
"TRUSCO(トラスコ) 小径パイプブラシ ロングタイプ 5mm HACCP対応 グリーン TLPB-5-GN × 30本【ケース販売】","13563","34","","21","¥ 29,110","¥ 29,110","1","B0C4XY4T5D","B0C8B1WC6N","63","12","12","500"
"カゴ台車 手押しメッシュ台車 手押し 網籠車 360度回転可能（ブレーキ付き） 大型 変形可能 耐荷重400kg 静音 屋外での取り扱い用両袖金網付 簡単組み立て 業務用 倉庫 工場 店舗 会社 運動会 (100X60X95CM, 5 インチ)","13817","26","","2","¥ 17,459","","2","B0GS9MQ8KB","B0GS9MXQFN","97","39","20","24000"
"広電(KODEN) 工業扇 工場扇 壁掛け型 45cm アルミ羽根 首振り 3段階風量 風量調節 スイッチボックス 羽根簡単取付 CFF452WMC","13366","85","50","18","¥ 9,062","","4","B0CW67D167","","62","52.5","19.5","5710"
"OWON OEL3030 DC プログラマブル 電子負荷 300W 300V 30A リードバック分解能 1mV 0.1mA LCD CV CC CR CP OCP OPP バッテリ放電テスト ダイナミック試験 5kHz USB Type-C RS232 RS485 SCPI 2.8インチディスプレイ 小型 軽量【国内正規品3年保証】【日本語取扱説明書】","46425","16","","","¥ 36,300","","1","B0FLPZDT4C","B0FLPCQJ26","37.7","20.5","13.4","2770"
"Beretta ユニセックス チャレンジEVOプラスチックフレームメガネ","21741","22","","182","¥ 5,814","","2","B0BN8TCPNC","B0FZ5VPS26","18.8","8.2","6.5","82"
"TUIYIDUO 手押し台車 ストッパー付き 大型 折りたたみ 耐荷重200kg 荷台 73×48cm 静音キャスター 業務用 ブラック","13388","28","","7","¥ 8,550","","1","B0GRTHTQTK","B0HC6858CM","77","50","15","9430"
"[happycool]空調作業服 ファンバッテリーセット 作業ベスト 【2025新登場&32V超高出力& 25000mAh大容量】 超軽量 静音ファン 帽子付き 5段階風量調節 熱中症予防服 暑さ対策 USB充電 PSE認証済(ファンカバー付き) (L, 青迷彩)","32035","25","","40","¥ 5,780","","1","B0F48G6DCN","B0F48G67NM","27.3","23.2","8.7","1110"
"段差プレート 段差スロープ ゴム製 耐荷重1000kg 高さ 4-21cm 滑り止め カースロープ 駐車場 車椅子 バイク 段差解消 連結 ボルト付き (長さ50cmx幅50cmx高さ7cm)","46401","5","","","¥ 5,700","","1","B0H2HZH9JY","B0H2J6ZXJS","50","50","25","5000"
"【用途に合わせられる3WAY構造】ボード台車 大型 冷間圧延鋼板 3in1デザイン 耐荷重1000kg 6インチゴム製キャスター","13439","18","","6","¥ 19,500","","1","B0GX61Y3MS","B0H8C6N97D","102","70","21.5","29000"
"ベストアンサー JDシリーズ チェーンブロック レバーホイスト 1.6ton 単品 チェーン 1.5m 1.6t 1600kg 1.6トン 軽量化 小型化 チェーンローラー 高品質 チェーンブロック 荷締機 ガッチャ がっちゃ チェーン","21771","20","","42","¥ 12,929","¥ 12,929","2","B07ZV4BJ67","B0CW93LV8Z","34","32","26","1451494"
"CO2マネージャー 【正規品】TOAMIT 東亜産業 CO2測定器 二酸化炭素濃度計 温度・湿度測定 アラート・アラーム機能 充電式 コンパクト 卓上型 空気環境モニター DC5V TOA-CO2MG-001","13445","39","","90","¥ 5,980","","2","B091Y85DBP","","18.5","10.9","9.7","310"
"水害時に役立つ止水シートセット SSS-1025","13447","12","","","¥ 5,428","¥ 5,483","9","B0CFWWZS4M","","25.8","21.6","10.9","880"
"バクマ工業 BEAR エアコン架台 高耐蝕 溶融メッキ鋼板 平地 二段置用 2段 室外ユニット エアコン 室外機 架台 ルームエアコン [B-HWZAM-L2]","13893","14","","7","¥ 10,450","","3","B0DNLLWZSK","","108","50","11","10000"
"JUSTイルリガートルスタンド(ダンパー・ハンドル付き) ピンク フック4本","22064","14","","22","¥ 16,385","¥ 16,385","4","B09NY63S94","B0DTYW21PS","40","30","20","500"
"HANMATEK スイッチング電源 可変直流安定化電源 DC電源（0-30 V 0-5 A） 電圧＆電流安定電源 低騒音高精度 自動切替 学校の実験室と電気のメンテナンス用 HM305","13455","26","","238","¥ 6,200","","1","B0865YM1FB","B0CCD68ZRX","29.7","22.6","14.8","1680"
"[HOOH] 30V バッテリー ファン セット V3001 V3002 2026 快適ウェア 空調作業服 ファンバッテリーセット プロユニステッカー付 20.ブラック F","13456","38","","3","¥ 19,560","","3","B0GQZ1T2MF","B0GQZBNG6B","30","26","8","1000"
"リットマン 聴診器 クラシックIII 5809(チョコレート・カッパーE)","13457","76","","6467","¥ 14,491","¥ 14,491","7","B00PCQW4P6","","32.8","16.3","4.4","349"
"3M リットマン クラシックⅡ 聴診器 小児用 レッド 2113R","21300","23","","26","¥ 12,980","","4","B08W2XB717","B0FGJ18WW1","32.4","16","4.4","280"
"ALUMIOX 脚立 5段 手すり付き｜オールアルミ製 折りたたみ式 マットホワイト｜耐荷重150kg スリム収納 狭い空間対応 防錆・安定設計 室内・屋外兼用","13466","28","","10","¥ 12,999","","1","B0GFLNQ657","B0GWCNY8V2","133","46.5","5.5","500"
"CGOLDENWALL 油圧ジャッキ 揚力20トン ボトルジャッキ 小型 コンパクト 持ち上げる高さ50mm 持ち運び簡単 狭いスペースに最適 ポンプ別売り 「日本語取扱説明書あり」 (20トンジャッキのみ)","22071","25","","3","¥ 10,900","","2","B074TWHNP9","B074TX4L3H","20","16.2","15.2","4300"
"SONGMICS 製氷機 家庭用 高速製氷 最短6分 自動洗浄機能付き 2種類氷サイズ 大容量水タンク1.2L コンパクト 卓上型 氷つくり機 静音 自動停止 省エネ アイスメーカー ブラック XZB001B1JPV1","13478","83","100","453","¥ 9,900","¥ 9,900","1","B0H35JJXM4","B0H35PYMZ6","32","31","25","6500"
"トラスコ中山(TRUSCO) ダイスハンドル 100mm ダイス立て用 DH-100","13529","17","","148","¥ 23,411","¥ 23,411","12","B002A5S65Y","B09PBQXQL6","58","14","6","5000"
"TAMYUSE ３Dペン ３Dアートペン 立体 メイキングトイ キッズ おもちゃ 知育 玩具 クリスマス フィラメント (イエロー)","13490","2","","18","¥ 7,780","","1","B0H2B966JK","B0H2BHV4XH","23.3","20.9","8.9","1100"
"xuuyuu 冷却器 冷却ベスト エアー装置 手動ノブ 調整可能 簡単な操作 コンプレッサーに接続だけ 水油分離 熱中症対策 溶接作業","13508","22","","11","¥ 5,331","","2","B0C9VXZZM2","","21.8","16.3","6.5","530"
"【10本セット】業務用 メニューブック W135×Ｈ314mm 4ページ おしながき たて長 縦長 ドリンクメニュー メニュー表 メニュー帳 ワインリスト カフェ バー bar 飲食店 備品 洋風 和風 yyb-cp01-bk-10set","10028","24","","9","¥ 23,900","","2","B0CSK2CCD5","B0CSK455Z7","31","13","12","2200"
"TRUSCO(トラスコ) 六角防振ゴム片ボルト 許容荷重69N TOH-2115S x 10 個【ケース販売】","8176","19","","","¥ 5,157","¥ 5,157","1","B0BBG9JQGG","B09NWRP14L","16.5","13.5","12","300"
"【Amazon.co.jp 限定】 アルインコ(Alinco) (ALINCO) アルミ 足場台2段 55cm シルバー PXGV510A 軽量 折りたたみ コンパクト 1段 足裏感知板 洗車 掃除 お庭 お手入れ 日曜大工","13564","29","","385","¥ 9,980","¥ 9,980","1","B0CG1MJJS3","B09HKFVQJ1","93","43","18","6300"
"ビルディ 完全折りたたみ台車 ぺたんこキャリー HT600F 前輪自在タイプ","13533","51","","57","¥ 9,680","","1","B0DWXLBZYH","","70.9","46.9","9.2","6900"
"コンポス 保冷袋 平袋 Sサイズ 外寸:210×275mm 内テープ無し 持ち手穴無し (100枚セット)","13535","28","","43","¥ 6,600","","1","B07KJ3TXFP","B07KTXMN39","43.7","41.1","28.9","1130"
"QIDI TECH ABS-GF25 ガラス繊維フィラメント 1.75mm 1kg 赤 高硬度 高層間強度","13539","9","","2","¥ 5,899","","1","B0D8FFPYVJ","B0BZ82C1ZN","22","22","7.5","1400"
"興栄化成 防振樹脂パイプクランプ T字ブラケット付 43mm 配管固定 パイプバンド 4個 KFBS24B-43-BK-ST-4P","58448","5","","2","¥ 5,599","","1","B0CXJLLNSB","B0DFX4PCS5","25","15","2.8","273"
"【限定ダークグレー脚立】アルインコ x GranGear ２段はしご兼用 GPRS-60 軽量折り畳み幅広ステップ滑り止め付き｜おしゃれな２WAY脚立","13541","42","","11","¥ 7,500","¥ 7,744","4","B0F2F62YZK","B0GSYG9GN6","66.1","47.2","17.9","3150"
"LOOPFKL【プロ仕様・水漏れ補修】強力防水テープ 屋根 屋外 断熱万能 防水シート 自己粘着 止水テープ 雨漏り ひび割れ ブチル 補修材 トタン屋根の修理 雨漏り補修テープ(自由にカット/DIY)","22142","3","","2","¥ 5,900","","1","B0H838J3FG","B0H83FN3QJ","100","20","20","10000"
"YOUTALLY カゴ台車 大型 メッシュ台車 耐荷重 300kg 折りたたみ 静音 大容量 運搬車 網籠車 業務用 手押し台 車 変形可能 多機能 5インチキャスター付き ブレーキ付き 100*60*95CM (5インチ, ゴム車輪)","13991","14","","3","¥ 16,986","","1","B0H2HBW1NQ","B0H5VC6XM6","100","38","20","24000"
"TRUSCO(トラスコ) 屋内外用段差解消スロープ H15XW35XL1000 黒 TDME-15BK × 5本","13565","34","","100","¥ 6,259","¥ 6,259","1","B0C4T5JXJQ","B09PBXDRWG","101","11.7","3.3","2000"
"長谷川電機工業 音響発光式検電器 高低圧 交流専用 AC60V～7000V 収納ケース付 HSE-7G","13570","18","","31","¥ 15,800","","5","B00FZL677Y","","22.5","6.3","4.9","160"
"ryouya業務用エアカーテンマシン、壁掛け式、強力な送風、静音設計、省エネモーター、2段階速度調節可能なファン。工場、店舗、ホテル、学校など様々な場所に最適です。（ホワイト） (2ポジションボタン操作＋リモコンソケット,長さ120cm)","35658","4","","","¥ 19,000","","1","B0H6Q9V6K7","B0H6PZ6BB7","65","23","20","6000"
"IEMAI マットPETGフィラメント 1.75mm 4kgバンドル、プレミアムマット表面仕上げ3Dプリンターフィラメント、積層痕を最小限に抑え、ベッド密着性と低反り、寸法精度±0.02mm、1kgスプール、ベージュ、ブラウン、ネイビーブルー、アーミーグリーンの4ロール入り","19722","4","","6","¥ 9,999","","1","B0GXTR1S2Q","B0GXV3XLP1","40","20","13","5000"
"トラスコ中山(TRUSCO) プチカラビナ ステンレス製 5mm チェーンの端末金具などに、ワンタッチで付け外しができる 20個 【ケース販売】 TPKB-5","13590","39","","62","¥ 14,866","¥ 14,866","1","B0C4T6FVDZ","B0CFQ9F4QJ","36","11.3","6.7","440"
"Uholan連結平台車[2台]41.5×28cm カート キャリー 耐荷重200kg 軽量1.25kg 台車縦横連結可能 スタッキング運搬 家庭用 グレ 白","13597","28","","63","¥ 5,699","","1","B0CG1T282M","B0BBMFX4ND","44.5","29.2","11.1","2720"
"テラモト(TERAMOTO) ライトダスター NW-49 (100枚入り)","25593","27","","1","¥ 16,531","¥ 16,531","20","B0030DKI10","B072L2153T","64","42.8","28.4","6620"
"NTY-TA7 単管パイプΦ48.6mm用ジョイント 4個セット 接続金具","35495","28","","2","¥ 5,800","","1","B0FPJZFCNJ","","20","15","10","2700"
"マザーツール デジタル紫外線強度計 UV-340A","13600","34","","28","¥ 18,912","¥ 18,912","7","B001M5TQZ2","B0G51NCSW3","22.5","10.5","6.5","299"
"アクアチェックLC 100枚入×2本 簡易式低濃度塩素測定試験紙","13608","42","","4","¥ 7,980","","3","B072BFHPL3","","10","9.2","4.7","90"
"UXPRIN 伸縮はしご 伸縮脚立 1.7m+1.7m 多機能はしご 炭素鋼製 耐荷重150kg 折りたたみ 軽量 コンパクト 自動ロック 滑り止め付き A型脚立 兼用梯子 室内 室外 掃除 DIY 家庭用","13609","27","","2","¥ 14,400","","1","B0H3Z8PH9D","B0H3Z4MSZ1","68","23","5","9500"
"HSHBGS 屋台ブース 仮設屋台セット 折りたたみ式 木製 移動販売ブース 軽量 フードカート 屋外販売スタンド 屋台セット 多機能 出店 イベントブース 収納便利 マルシェ露店 簡単組み立て コンパクト(青,120x60x200cm)","14080","13","","4","¥ 16,698","","1","B0FKN7LWYF","B0FKN5JK5M","113","64","8","11000"
"YOKIVE 200W 300Ω 可変抵抗器 セラミック可変抵抗 高電力線巻ポテンショメータ ノブカバー付き調整可能抵抗器","17823","14","","","¥ 6,429","","1","B0DQXGVQLG","B0F9426CGN","18","12","10","580"
"Jopsavm 業務用ポップコーンマシン、全自動小型電気加熱ポップコーンマシン、屋台向けバタフライ/球形ポップコーンマシン、ショッピングモール、映画館に最適、大容量、断熱構造、レストラン、ポップコーンショップなどに最適 (OY-818M)","23167","2","","","¥ 22,480","","1","B0H6ZDX3GL","B0H6ZSZN1T","66","50","36","15000"
"鈴木油脂工業 パワークリーン 18L S-532","13839","32","","42","¥ 12,498","","18","B00N3N0H40","B0FB7T1HQQ","39","24","24","19060"
"藤井電工(Fujii Denko) ツヨロン TSUYORON 新規格 フルハーネス型 墜落制止用器具 限定ハーネス ライトハーネス ノビロン 伸縮ロープ式 ツインランヤード 2丁掛けランヤード V型腿ベルト 軽量パススルーバックル 建設現場 電気工事 高所作業用 日本製 ダークグレー Mサイズ TH-510-2NV99-PT-M-AM型","21084","42","","15","¥ 16,929","¥ 16,929","1","B0D62JQSW6","B0D8KVLLGM","24.2","23.6","16.3","2150"
"ファイン クールグリースG 210g 6個セット","13645","49","","30","¥ 6,680","","13","B00HRNBECG","","26.1","13.8","8.6","1680"
"山崎実業(Yamazaki) 【完成品 ストッパーのみ要取付】 IHクッキングヒーターラック 引き出し ＆ スライドテーブル ブラック W57.4×D39.2～64.2×H13.5cm タワー tower 卓上IHクッキングヒーター専用 置き台 作業台 ツーウェイ 1294","13648","41","","10","¥ 18,700","¥ 18,716","11","B0DWDTKM23","B0FF2ZKVNM","66","46.4","16","11640"
"1ポンド （約454g） 純銅インゴット バー 1本 純度.999 化学元素周期表デザイン、USA製","13651","11","","2","¥ 8,800","","1","B0GHSRSF44","","20","10","7","700"
"Bubulu カラーコーン ライト ソーラーLED 点滅灯 パイロン キャップライト 夜間照明 自動点灯 自動消灯 工事現場 駐車場 安全灯 防水タイプ 5個セット","13779","27","","1","¥ 7,080","","1","B0G4L288YP","B0G4L273VV","47","29","9","1380"
"アイリスオーヤマ ハード 折りたたみコンテナ ブルー/クリア HDOC-75L","13660","29","","53","¥ 5,150","","8","B005MWZN7G","B07WR436T4","63.5","44","7","4335"
"堅塁金物 透湿防水シート 緑 4.8M*7.8M ビニールシート厚手 耐水 UVシート カバー 庭 屋根 保護 台風・ゲリラ豪雨対策 水害対策 ロータス効果 両面防水漏れなし","13641","19","","79","¥ 11,940","","1","B0CFQSQPPY","B0FSZ43JWK","42","30","16.4","6080"
"3M 取替え式防じんマスク 6000/2091-RL3 Mサイズ アスベストキット (取替え式防じんマスク 6000/2091-RL3 ミディアム 1個、ろ過材 2091 4組)","10338","33","","12","¥ 7,210","","1","B0CXF6PCDX","B00LKU8MAY","25","23","14.7","380"
"パナソニック(Panasonic) メロディウィーク 録音機能付 TD73","13675","11","","26","¥ 77,400","","5","B00KO53COW","","43.7","30.8","8.9","3264"
"業務用フードケース ホットショーケース 3面ガラス(背面扉なし) PRO-3FG (シルバー) KIPROSTAR(キプロスター) 保温 食材 温め 陳列","22083","25","","52","¥ 29,980","","1","B00N4OGVPM","B00N9L4MAG","72","50.5","38","13000"
"Elitech RC-5 USB温度データーロガー ブル 25セット,","13698","3","","","¥ 64,999","","1","B0H83J6Z6N","B0F1T73PLY","8","3.5","1.5","1500"
"ケルヒャー(KARCHER) 業務用 乾湿両用バキュームクリーナー NT27/1(1.428-521.0)","13710","66","","65","¥ 42,056","","15","B00FKQ1FJY","B0CQWTG1G1","53","40","40","11000"
"PIKAAAN 折りたたみ カゴ台車 軽量 小型 静音 ブレーキ付き 荷崩れ防止ネット付 業務用 家庭用 3WAY 運搬カート 耐荷重175kg","13727","20","","6","¥ 12,500","","2","B0FFT285CK","B0FFSWMG6N","75.4","52.6","20.1","11800"
"Siraya Tech Build 3Dプリンター用低収縮レジン, ソニックグレー, 2kg","21352","39","","491","¥ 10,499","","1","B0C9DP5GQ4","B09C6M12M6","24.7","16.9","10.6","2232"
"118kg階段登りカート、階段用アルミトロリー台車、折りたたみ式ハンドトラック台車、ミュートホイール付き食料品ショッピングカート、伸縮式ハンドル、移動用ゴム車輪、買い物","13739","43","","29","¥ 6,980","","1","B0FFM6V3VS","B0HCZ3XQ9C","82.5","40","13.5","4490"
"高杉製薬(Takasugi Pharmaceutical) 蒸留水 20L 専用コック付 CS20kg","22639","11","","2","¥ 8,592","¥ 8,592","2","B08SC34SC6","","31","31","30","20000"
"マツヨシ Spiritmedical 聴診器 クラシカル ダークブルー 青 ブルー 病院 クリニック 医師 ドクター ナース 看護士 看護師 スピリット聴診器 シンプル 松吉医科器械","22266","24","","116","¥ 7,193","¥ 7,193","8","B00SUPWF82","B00TGXN59A","33","16.5","4.5","410"
"ポリメーカー(Polymaker) 3Dプリンター用ポリカーボネート製フィラメント PolyMax PC 1.75mm 白","13748","33","","198","¥ 7,196","¥ 7,196","2","B09KL29845","B0FD3PGCW6","25.9","21","6.5","1030"
"HTVRONT 熱転写プレス機 本体 110ｖ254x254mm、アイロンプリントシート昇華型プリンター（ホワイト）","21690","4","","29","¥ 18,999","","1","B0H158WDKR","B0D65NC8P8","34.5","33.5","16.5","3700"
"【2026登場& 5インチIPSスクリーン 】 DPduct ファイバースコープ デュアルレンズ 7.9MM超薄型 内視鏡カメラ 1080P 5インチ大画面モニター搭載 9LEDライト付き IP67防水 配管カメラ 5mケーブル 適用する管内観察/車修理保養/排水口/設備の点検 - 32Gカード内蔵","16123","6","","41","¥ 7,190","","1","B0H9RKRQ5D","B0HBC1VNQZ","22.2","16.5","8.7","680"
"ネクスト エルイーディー(Next LED) カラーマッチインスペクションワークライト コーティング用ライト 洗車 ディテーリングライト 傷確認 スクラッチチェック LED作業灯","13766","22","","65","¥ 7,150","¥ 7,150","2","B0F22NCBDQ","","27.6","10.4","5.4","399"
"OWON OW18E ハンディ デジタルマルチメーター テスター 4½桁 20000カウント レコード長 10000ポイント Bluetooth対応 真の実効値 AC/DC測定 電圧 電流 オフラインロギング データロガー データホールド 相対値測定 バックライト 小型 スマホ アンドロイド ios DMM【国内正規品・1年 保証】","17998","16","","3","¥ 11,000","","1","B0BD2CQ9GX","B0BC9XT4C7","21.2","13.7","5.7","570"
"EIING ボード台車 長尺物運搬車 ガラス運搬用台車 大型 3in1デザイン 頑丈 全鋼構造 スチール製 手押し台 車 ボード搬運車 多用途板カート 長尺物台 車 石膏板カート 多機能性 6インチゴムホイール ブレーキ付き 静音 360度回転 折りたたみ収納 業務用 工場作業 マットレス 屋外での取り扱い用搬運車(工業用ゴムホイー,耐荷重約800KG)","21932","6","","7","¥ 20,699","","1","B0HCNW8WL8","B0HCTV8WW1","100","38","20","24800"
"HIOKI (日置電機) メモリハイコーダ MR8870","16178","13","","1","¥ 166,100","","3","B00T7DWRBG","B084L6BBGX","22.6","16.4","13.8","1520"
"TRUSCO(トラスコ) 引き取手 ステンレス製めねじ Φ10×L120×H50 1個 TTO-10-110A × 20個 【ケース販売】","13804","31","","","¥ 14,101","¥ 14,101","1","B0B24R52N3","B09NWKJT2G","21.2","18.2","12","2356"
"ヘルメットファン USB充電 3段階風量 軽量240g 工事用","13807","78","50","14","¥ 5,980","","1","B0GHQGWBJ4","","22","18.1","10.3","590"
"TRUSCO(トラスコ) Tボルトホースクランプ オールステンレス 41~46mm TTHC1946 x 10 個【ケース販売】","13813","29","","26","¥ 9,358","¥ 9,358","1","B0BGXRD1RQ","B0C9BBBHJF","23.3","18.3","6","720"
"[加速度計+傾斜計] WT9011DCL MPU9250高精度9軸ジャイロスコープ+角度（XY0.05°精度）+カルマンフィルター付き磁力計, パッケージに含まれているアダプター","13819","35","","13","¥ 5,199","","1","B0BTCMGX35","","7.6","7.4","2.3","30"
"[エステー] オールコート 手袋 作業用 ニトリルゴム 腕カバー付 耐油 No.660 厚手 5双 M","13829","28","","3","¥ 6,350","","4","B01N1WD77N","B01LZBDQ3H","36","16","12.5","500"
"KLD 4 本吊りベルトスリング 1.5m 幅 5cm 耐荷重 3t (3000kg) フック・ネジシャックル付き 重量物玉掛け吊り具","14003","25","","8","¥ 7,939","","1","B0D8PLHQPF","","40.2","22.7","13.8","4780"
"日立 HITACHI 給水弁 BW-10WV 040","13846","6","","9","¥ 8,000","","5","B0DP4V4YHR","","9.9","9.2","9.2","210"
"DIHOOL電動リフトテーブル,昇降机,昇降台,昇降装置,耐荷重200kg,最低位約59cm,最高位約135.5cm","13847","18","","1","¥ 55,888","","1","B0FBGFWL84","B0FRFQFM2P","67.9","25.3","25.2","14000"
"BBK 真空ポンプオイル 4ℓ MR-200-4L","13855","16","","9","¥ 8,921","","2","B018755SX8","B07D4RH4XG","25.5","18.1","10.9","3868"
"メイオール 20L コック付 サニテーション用アルコール製剤 W65n (W65n/COCK)","13865","54","","45","¥ 6,650","","3","B01M0TWF3J","","30","30","30","20000"
"CSFH(小さな店) 5/20M 単芯銅線 26 24 22 20 18 16 14 AWG PVC絶縁 固体錫メッキ LEDライン DIY機器電気ケーブル(Red,20M_16AWG)","95796","1","","","¥ 8,729","","1","B0FLYNFRTJ","B0FLYNMWWB","1","1","1","50"
"[CAMNAL] ロッククライミングハーネスフルボディハーネス空中作業安全ベルト屋外ハーネスユニセックス保護装置、高所での作業、クライミング用","9987","55","","76","¥ 9,990","","1","B09XH1GBXG","","38.4","28.3","13.7","1920"
"テラモト(TERAMOTO) ライトモップ(アルミ130)45㎝","13875","15","","8","¥ 5,327","¥ 5,327","22","B0048618YE","","133","14","3","700"
"[Famikako] 防音保護用 犬用イヤーマフ、ノイズキャンセリングヘッドホン、NRR25dB、雷・花火・掃除機などの騒音から聴覚を保護する犬用イヤープラグ (ブルー, S)","10479","1","","10","¥ 7,900","","1","B0HFWCL78F","B0FS6YNZC7","12.2","12","9","160"
"ステンレス 作業台 キャスター付き 業務用 調理台 厨房 400×450×800 板厚1.2mmモデル ステンレステーブル ワークテーブル キッチン KIPROSTAR(キプロスター)","22694","6","","11","¥ 20,380","","1","B07YWRDQG8","B0H362BJFF","82","52","10","12000"
"DVZV スタンド灰皿 屋外用 業務用 ステンレス製 吸い殻入れ ゴミ箱付き ダブルバレル構造 スリム設計 防錆 耐久性 お手入れ簡単 消火プレート付き 省スペース ホテル・店舗・オフィス・公共施設対応 (高い(23長さ x 19幅 x 82高さ cm),焼付塗装ブラック)","13888","2","","","¥ 7,380","","1","B0HDB96LJ1","B0HDBR1MDW","65","25","20","5000"
"TRUSCO(トラスコ) シャーシーグリス 80g #1 箱売り TCG801 【30本入り】","13895","29","","16","¥ 9,226","","7","B00B4TAUMY","B0CG19Q118","47","19.3","13.8","80"
"チェーンスリング3t 1.5m 4本吊り チェーン径6mm 吊りクランプ・吊りベルト チェーンブロック スリングフック【耐荷重3.0T】","20898","39","","83","¥ 6,580","","1","B0C65G5F7Q","B0C65JG51J","20.4","15.1","11.2","8250"
"Bryco Goods ピンクブッチャーペーパーロール ディスペンサーボックス付き 18インチ x 175フィート (2100インチ) 食品グレードのピーチブッチャーペーパー 喫煙/バーベキュー/グリル/燻製肉用 米国製 - 未漂白、コーティングなし、ワックスなし","23111","18","","3255","¥ 6,730","","5","B099M27S64","B0H3P6XF9B","44.6","10.3","9.7","1730"
"ダイニングマット 透明 PVC 床保護マット200x200cm 厚さ1.5mm カーペットプロテクターマット 床暖房対応 滑り止め フロアマット 防水・防汚 キズ防止 凹み防止 お手入れ簡単 フロアシート フローリングマット 透明シート","35894","5","","22","¥ 10,199","","1","B0GXRSXRHT","B0GXS16WRJ","165","4","3","7300"
"RESIONE 光造形3 Dプリンタ—レジン：水洗いレジン - WW123 高精度で割れず、流動性が高く、高速印刷が可能、光硬化標準樹脂 405nm LCD DLP MSLA 3Dプリンター向け 1000g (かえんオレンジ)","13911","21","","37","¥ 5,599","","1","B0CM39KQ1C","B0H6F37FFB","25.3","10.4","10.2","1200"
"ANYCUBIC Photon P1 Max 3Dプリンター 光造形、18.3L大型造形、生産性向上、精密研磨スチールプレート、高精度±0.01mm","13927","13","","1","¥ 179,999","","1","B0H73PJ7LC","","74","52","51","28000"
"新潟精機 SK 日本製 鋼ピンゲージ 単品バラ AAタイプ 全長50mm AA 14.605mm","14301","7","","1","¥ 5,284","¥ 5,651","4","B073FPNSHG","B074PS2DR9","45","35","20","8000"
"コンセントボックス 大型 防水 屋外 電源 ボックス 配電ボックス 壁掛け防水 収納ボックス 鍵付き 冷間圧延スチール電気ボックス IP66 雨よけ 耐候性 充電ケーブル収納ボックス 電気自動車用 鉄電気プロジェクト 屋内/屋外用 防錆エンジニアリングボックス 取り付けプレート 電気ボックスエンクロージャ 防水ボックス デザイン サイズ選べる (サイボパンク風, 66*45*25cm)","21980","41","","4","¥ 16,960","","1","B0DTTNV5RV","B0DTT23LGR","69","48","28","13000"
"TRUSCO(トラスコ) 安心クッション コーナー用 大 1個入り ブラック TAC24 x 50 個【ケース販売】","13945","46","","80","¥ 19,083","¥ 19,083","1","B0BWRM5NQY","B0CCVHMV57","37","26","23","2000"
"Orealindus 手すり付き 踏み台 3段 階段 ステップ 踏み台 鋼製 多機能 玄関 ステップ 屋外 踏台 台幅25cm 耐荷重200KG 段差解消 乗降 昇降補助 滑り止め 転倒防止 二重高さ調節可能なアームレスト 90度補強された底脚 滑り止めパッド付き パティオ バルコニー ガーデン 中庭 廊下 タブ 屋外 RV 軽量 ポータブル 耐久性 大人/子/長老供兼用","13948","35","","15","¥ 22,000","","1","B0DZNVNXW8","B0DRYBLPPV","95.9","67.5","11","26000"
"[FGC] オイル33 オイル皮手袋 マジック付 10双組 (LLサイズ)","13949","37","","56","¥ 5,450","","3","B06XW8NS1H","B01MY7XYUB","35.7","23","13.7","1960"
"[富士グローブ] TOKOMAX オイル加工牛床皮手袋 最高級EXCELLENTレザー 超柔らかい 洗濯可能 10双入 (Lサイズ, TO-6)","9820","8","","","¥ 8,350","","1","B0CTK3Z1H9","B0CTK4F7TL","28","22","15","2000"
"マキタ(Makita) 定寸ビット+打込アダプタ セット品 A-67751","13965","2","","14","¥ 5,506","¥ 5,506","6","B07C233KYF","B07W1KYXYT","23","4.2","3.2","340"
"[アズワン] クリーン安全ブーツ クラス100 ファスナー付き ロングタイプ 26.5cm 洗浄済 クリーンルーム","48922","2","","6","¥ 7,480","¥ 7,480","2","B0BSXD998W","B0DQYM24RR","30","22.5","11","1500"
"テラモト(TERAMOTO) 屋外スタンドK型","21857","34","","45","¥ 5,664","¥ 5,664","16","B000TGM0LM","","71.5","42.5","41","2520"
"日本精工(NSK) 深溝玉軸受 非接触ゴムシール形 ラジアルボールベアリング 6221VV","21996","11","","43","¥ 12,100","","4","B07DJ1MVT8","B07GXM4KXL","24","24","8.6","3790"
"看板 プレート、メニュー立て、記名台、案内板、立て看板 屋外、ウェイティングボード 工具付き (銀)","14205","27","","21","¥ 6,499","","1","B0F7XNKV8X","B0FHHYPRF8","101","35.5","8","5370"
"練習用 フット (左右両足セット) 幅9×長さ23×高さ39cm [ 練習用マネキン 足 脚 フットマネキン マネキン マッサージ 施術 トレーニング ]","14004","14","","34","¥ 6,980","","1","B005MI6RRA","","52","23","8","1510"
"LED高天井照明 100W高天井灯[1.5M配線プラグ付] 100-277V 5000K昼白色 14000LM(1000W水銀灯相当）UFO型ハイベイライト[3年保証] IP65防水防塵 LED投光器 掲示板 作業灯 駐車場 運動場 工場照明 倉庫 天井照明 育館展覧会 屋内屋外兼用 PSE認証","22467","15","","9","¥ 5,990","","1","B09HBZY9KG","B0BW5H59RZ","30.3","29.6","13.1","2950"
"ブルーシート ビニールシート #3000 10m×10m 2枚入 ハトメ付き 厚手タイプ 災害対策 台風対策 大雨対策 防水シート 養生シート アウトドア レジャー","14014","26","","4","¥ 12,920","","1","B09FDDFZCK","","72","48","25","28120"
"LIEKUMM アルミ製 踏み台 高耐荷重450kg 高さ20-23.5cm 4段階調整可能","14309","36","","4","¥ 8,999","","1","B0G57Z9B1C","B0DTK26C3F","49","38.5","10","3500"
"ナンシン(Nansin) 樹脂台車 折りたたみ式/100kg CC-211K","14017","27","","620","¥ 5,917","¥ 5,917","33","B004ORBIOW","B0HGXJ4YVB","61","41","14","4000"
"プラスチックパレット 滑り止め設計付き 耐荷重・頑丈なぱれっと 倉庫・超市・物流・家庭向け (ブラック，長さ80cm x 幅60cm x 高さ12cm)","23344","8","","17","¥ 7,699","","1","B0G634ZLD8","B0G62NC8VS","81","62","13","5910"
"KERAGA 単管パイプ 打ち込みアダプター ハンマードリル 電動ハンマー 杭打ち 打設 打込み はつり 単管杭 内径51mm 六角 17H","14018","10","","10","¥ 7,380","","1","B0HBF583MB","B0HBF18HXH","21.5","7.5","7.5","1100"
"空調作業服 ファンバッテリーセット【超高出力 超強風 】40v 最大19時間連続稼働 30000mAh 5段階風速調節空調作業服 搭載 Type-C充電器 PSEマーク認証済 日本語説明書付き 9cm服穴径対応","14021","8","","47","¥ 7,980","","1","B0GR9W46X1","B0H2Z6T1MH","27.2","21.7","5.3","1080"
"KLD恒温ホットプレート 予熱ステーション 100*100 mm PCB予熱ステーション PID制御 室温-400 ℃ 高精度 110 V 350 w基板製作 加熱エリア [並行輸入品]","14031","31","","10","¥ 6,288","","1","B0D2NNS347","","17.2","16","15.9","1180"
"DMiotech 50ヤード×1 1/2インチ幅 ナイロンウェビングストラップ ポリ平ウェビング 手芸用 バックパックストラップ 裁縫 アウトドアギア修理用 ダーク レッド","22180","13","","265","¥ 6,162","","1","B0D31QSNC4","B0D4N8SJ2N","25.3","24.8","5","820"
"Gracat 超硬バー ：スピードウェイ刃 円筒型ボール 12mm×25mm L=170mmシャンク6mm 型番:14BC00281-L6","14050","39","","8","¥ 5,289","","1","B0GYS9CJYH","B0FQZZM8XQ","18","2","2","73"
"京都機械工具(KTC) ラチェットハンドル 9.5sq 3/8インチ 180mm BR390-H","22717","15","","","¥ 5,047","¥ 5,047","2","B0H1LPP3K6","","22","3.6","2.6","281"
"TUIYIDUO 三段 【耐荷重200kg】 合金鋼 ツールワゴン ツールカート ツールワゴン キャスター付き","14064","64","50","21","¥ 6,555","","1","B0DW3XX4GL","B0DSBP55R1","65","37","23","8500"
"東芝 誘導 灯 c 級 一般 形 両面 fbk 10702 ls 17","14069","36","","19","¥ 6,400","¥ 12,814","8","B08KT32493","","22","18","10.2","1020"
"Merax ロフトベッド 高さ140cm シングル はしご 天然木 頑丈 耐震 収納 揺れ対策 大人","14181","3","","2","¥ 27,881","¥ 27,881","1","B0H6PSWCBH","B0H6PPBQTX","199","30","25","30000"
"TRUSCO(トラスコ) 樹脂製台車 ルートバン 370×500 自在側S付 グリーン MP-500S","14078","22","","2","¥ 6,433","¥ 6,433","20","B002A5XRFI","B09PBPZ1WM","50","37","10.6","2560"
"共立理化学研究所 パックテスト WAK-PNL フェノール","14078","26","","1","¥ 6,400","","3","B01EA64ZUU","B09HTJYY35","16.8","11.2","6.9","130"
"CC3D Max PLA フィラメント ネイビーブルー 1.75mm 1kg 3Dプリンターフィラメント Pro Plus ネイビーブルー","35394","7","","309","¥ 6,471","","1","B0C9WDY2QW","B0DCT4VH6D","22.3","20.8","7.9","1350"
"ショーワグローブ【ケース販売・2,000枚入】No.889 ニトリル手袋 Sサイズ 200枚入 10函 パープル","14121","47","","1","¥ 19,091","¥ 19,091","1","B0B28L49N8","B0B2D1NJLC","37.9","26.7","25.4","7680"
"すべるやん ロールタイプ 300mm×30M 1巻 スライド スライディングシート スライディング スライダーシート 重量物 移動 シート 運搬 スライドシート 大型機械 滑らせる 滑らす 業務用 便利グッズ 便利 運搬シート 移動用 スライダー 会社 作業 オフィス","14126","22","","9","¥ 14,000","","1","B09XX4RGHH","","31.5","10.7","10.5","1050"
"Creality Space Pi V2 フィラメントドライヤー 3Dプリンターフィラメント 乾燥機 乾燥箱 脱水器 1KG用","14130","52","50","389","¥ 9,199","","1","B0CT59XN7F","B0D72K2GV7","31.5","30.2","12.7","1628"
"【50 枚セット】保冷・保温袋 アルミ箔袋 使い捨て お弁当やデリバリーに便利 大容量 配達・宅配用 液漏れ防止 業務用 簡易保温・冷蔵・冷凍 保冷ポーチ 厚手テイクアウト 粘着テープ付き (マスタードグリーン,XL：幅 30*奥行 20* 高さ 30cm）)","35243","9","","","¥ 5,009","","1","B0GXLBRDPH","B0GXL8SGD9","1","1","1","1000"
"TRUSCO(トラスコ) TYGシリーズ 自在 ナイロン車 50mm TYGNY-50 x 40 個【ケース販売】","22648","25","","81","¥ 9,616","¥ 9,616","1","B0BM3TQMWL","B0C93V4QPF","30","23.8","19.7","5800"
"TRUSCO(トラスコ) 波状加工ウレタンスポンジシート ハード 40mm 1mX1m 黒 TKWH4010BK × 10【ケース販売】","14196","17","","3","¥ 65,637","¥ 65,637","1","B0C5QYJ6Y2","B0CFFFB1SD","110","110","35","7120"
"セフティー3 ガーデンチェア プロ チューブタイヤ仕様 SGC-3","14147","37","","138","¥ 6,745","¥ 6,745","14","B00TPQFJTM","","46.4","31.2","25.6","6840"
"ティアンドデイ クラウド対応 高精度広範囲 温度湿度データロガーおんどとりTR72A2-S【TR72AｰS後継品】","14153","40","","2","¥ 36,300","¥ 38,976","11","B0DJLZ6ZMW","","13.5","8.9","5.2","210"
"金沢車輛 6輪カートラック SH-29CR","14353","19","","3","¥ 27,930","","7","B01LWSSCH5","","142","44.5","30","28000"
"長谷川工業(Hasegawa) LittleGiant アルミ上わく付き脚立 マイティーライト2.0 4段 4尺 FRP LG-15406(10454)","22630","30","","153","¥ 24,993","¥ 24,993","4","B09SNBDXS3","B09TB56R7J","193","58.4","12.7","12701"
"[TONBOREX] ケブラー繊維製 防火 手袋 K-G102 ネイビー Sサイズ パラ系アラミド×メタ系アラミド Ｗニット セラミックレザー ガンカット 立体縫製 グローブ 消防団 訓練用 消防 災害 救助 高強度 耐熱 耐炎 難燃性 耐切創 耐薬品 レスキュー トンボレックス","21686","13","","3","¥ 5,500","","1","B0DBHHTYR2","B0DBHJBC6F","29.2","18.5","3.9","133"
"Mollom 18ウェイ HAシリーズ配電ボックス","34773","14","","158","¥ 6,159","","1","B0DJ2HG6YC","B0F4N7PYCZ","42.2","28.8","14","2360"
"A&D 防水形中心温度計(Tタイプ) AD5605P 一般(ISO)校正付(検査成績書+トレサビリティ体系図)","12615","13","","","¥ 28,561","¥ 28,561","2","B07C3F6MBC","B07GY98WN5","30","9.6","2.7","90"
"ANYCUBIC Photon Mono 4 Ultra 3Dプリンター 光造形、10K 3Dプリンター、日本語対応、7インチHDモノスクリーン","14183","34","","7","¥ 54,999","","1","B0DHZ1NKYP","B0F9LF8P74","53.1","30.8","29.8","5640"
"LOCTITE(LOCTITE) クイックミックス LQM-014 14ml 6個入り","14185","48","","","¥ 5,387","¥ 5,387","1","B06Y21RSVS","B0C5PQQCLT","24.2","16.3","9.8","370"
"TRUSCO(トラスコ) 台付ポリプロンピレンロープ 黒 9mm×3m 3つ打タイプ TPP-93 x 10 本【ケース販売】","14188","15","","3","¥ 5,613","¥ 5,613","1","B0BM3JH3T2","B09NWLCT9R","50","21.5","13.5","1830"
"SPAHER テープライト カバー 10パック 1M U型 アルミニウムチャンネル LEDテーブルライト用 エンドキャプ付き ネジ付き 綺麗発光 装飾 室内 (ブラック)","14194","19","","4","¥ 6,999","","1","B0GYN71STF","B0H6X4CD35","110","4","4","1100"
"伸縮作業台 折りたたみ作業台 テーブル脚 机の脚 木工 DIY 補修 作業台 高さ調節可能 瞬速3秒設置 現場用 ソーホース (6脚)","14194","1","","","¥ 5,580","","1","B0GS19NQW7","B0GS193DY5","90","21","15","4070"
"GOTSAZU 屋根用防水シート 屋外 自己粘着 ブチル補修テープ 雨漏り対策 幅20cm×長さ20m ブルー","22985","16","","5","¥ 5,038","","1","B0GWPPBCV2","B0GWPD2Q7T","10","10","10","60"
"タジマ セフシステム セフハーネスB 蛇腹L4ダブルセット 黒 A4SFBJR-WL4BK","14207","72","","6","¥ 22,730","¥ 23,194","13","B0D9YFSC63","B0DPMDTGL8","26.3","17.3","16.5","2310"
"HELIX レバーホイスト 0.5t レバー式ブロック 500kg 1.5m 軽量化 小型化 高品質 チェーンブロック 0.5トン 荷締機 ガッチャ がっちゃ 【2個セット】","14222","25","","16","¥ 16,980","","1","B0BMTQRJTK","B0BMTQ6MSZ","26.3","25.2","14.9","5610"
"ハスクバーナ（Husqvarna） 2ストロークオイル XPシンセティック 1L 578037003","14223","28","","299","¥ 5,900","","2","B00BSVIVVA","","22.2","12","7","900"
"セイム タスペーサー 01 500個","14228","45","","68","¥ 6,780","","7","B07B636FFW","","33.6","18.8","12","1510"
"NEOシート(ブルーシート) #3000 9.0ｍ×9.0ｍ","22970","22","","7","¥ 14,270","¥ 14,270","8","B00C5ZVOJ4","B0FNRC3NMM","65","40","20","12401"
"LBFXQ ガレージライトled 作業灯 6灯式 led シーリングライト 100W 6500K 天井照明 照明 取付簡単 工事不要 角度調節可能 車庫 倉庫 納戸 工事用照明 昼白色 (8個)","14233","2","","21","¥ 9,999","","1","B0HF7W54QY","B0H2GQRPWK","35","35","15","3200"
"FOCAL 日本製ライトウェイト聴診器 成人・小児両面サスペンデットダイアフラム focaltone expert light ブラック","14233","23","","4","¥ 6,480","","2","B08BJ5B7RL","B0CSSN2PG3","33","17","4.7","390"
"[AI-WILL] メガネが曇りにくいマスク 不織布マスク 使い捨てマスク 40枚×5箱(合计200枚) 大容量 耳が痛くなりにくい オメガプリーツ加工 ふつうサイズ (175×95mm) ホワイト 全国マスク工業会会員マーク入り","21479","9","","30","¥ 5,398","","1","B0F1TK2B4V","B0F1TF31HT","19","9.5","9","200"
"【ケース販売】 クレシア ハイジェネ ピンク ハンディワイパー 100枚/パック ×16パック入 異物混入対策に ピンク色の使い捨て不織布ふきん 62101","14252","12","","29","¥ 9,688","¥ 9,786","3","B072BQFL6W","B071WV4ND8","52.8","24.8","22.8","3640"
"トーヨーマテラン(Toyo Materan) 舗装段差補修材 ホソーヌール SUPER NO76608","14253","36","","8","¥ 5,467","","8","B0D7TKB49L","","34.1","32.4","17.8","7420"
"【英国メーカー正規輸入品】 フリオ (FRIO) インスリンクーラー ダブル （インスリンペン2本用） 赤色 ＜日本語説明書付＞ - FRIO Insulin Cooling Wallet (Duo) Red","22154","5","","2050","¥ 6,035","","2","B001LNWESG","B01HEDUQ7W","20","10.2","2.1","60"
"アドバンテック東洋 定性濾紙 №1 φ400mm 100枚 00011400","14282","25","","21","¥ 11,169","","2","B07337DHLH","B073TWYLGL","40.4","40","3","1420"
"bumxca 充電式 グリスガン キット グリースガン 電動 【マキタ 互換品】 ブラシレスモーター搭載 600cc大容量 150g/min高速注油","14284","40","","19","¥ 10,500","","1","B0FNQXJH3J","","51.6","31.6","12.5","3920"
"OVERTURE PLA+2.0 フィラメント 1.75mm 1kg スプールなし 詰め替え用 PLAPlus 高強度AMS対応(黒×2+白×2)","14305","4","","32","¥ 7,699","","1","B0GR57G4G5","B0H4QW99VK","38.4","19.3","14.7","4500"
"メニュースタンド 10個セット 業務用 メニュー立 金属製 スチール メニューブックスタンド 卓上 シンプル 黒","22649","30","","32","¥ 9,480","","2","B07JM4QXVS","B0GZGRPNKW","32.1","23","15.7","3360"
"ZenVision 水切りワイパー 高所 掃除 プロ用窓拭き 外壁掃除ブラシ アルミ伸縮柄 ガラスワイパー 結露取り つなぎ柄セット 全長100-360cm 清掃4点セット 5段伸縮柄 軽い 高所掃除用器具 アルミ合金 多機能","14306","47","","15","¥ 7,258","","2","B0FGNZVZ54","B0FGNLFQS4","119.5","9.7","5.4","2410"
"Teslong 工業用内視鏡カメラ 極細い5.0mm デュアルファイバースコープ 超細レンズ内視鏡 5"" IPS スクリーンが付いている 点検用カメラ","14330","32","","89","¥ 12,159","","1","B0FF4BTHZ9","B0DSGVCCLZ","29.3","25.2","6.9","930"
"WiFiワットメーター、プラグインJPソケットパワーメーター、電気代統計、温度制御、消費電力測定器、バックライト付き大型カラーディスプレイ、過負荷保護、電圧AMPテスター、電力量モニタータイマー","14332","24","","14","¥ 5,999","","1","B0CRD9J7HG","","13.8","8.2","7.9","270"
"アズワン ポリ袋 0.1mm厚 100×200 1000枚 /6-631-03","36407","19","","","¥ 7,615","¥ 7,615","3","B01DCZAG2Q","B07D3842W2","22.4","20.6","11.2","3700"
"Bonarca 掃除道具 収納 モップ モップホルダー キャスター 屋外 【最大16本】 モップ立て 清掃用品 清掃用具 モップ掛け 清掃カート","22877","35","","7","¥ 9,480","","2","B0BQW2WT6X","","62.9","51.4","12","5470"
"カタヤマ KCM ローラチェーン50 50HT","36284","13","","","¥ 6,770","¥ 6,770","6","B014GW2BU4","B07CRD2FTJ","10","10","10","1430"
"PATIKIL 6個入りプラスチックサンプルボトル 17オンス 500ml 広口しやくボトル 透明PPサンプル容器 蓋付き シール可能 クリア","18261","8","","1","¥ 5,090","","1","B0GS8VVXV8","B0H19J8X5J","27","20","18.5","580"
"tongxing スーパーマーケットの棚 スーパーの棚 小売 陳列棚 販売 パントリー 棚 食材 ディスプレイラック スナックラック 本陳列棚 ドリンク/小さな食べ物/おもちゃ 収納ラック 壁に向かって 薬局用/台所/コンビニ 組立簡単(黑-サブ棚,93*40*135cm)","23518","7","","","¥ 22,800","","1","B0DHP7JGPL","B0DHNXMYFT","2.5","2.5","2.5","20000"
"アルインコ(ALINCO) アルミ 伸縮脚付はしご兼用脚立 ブラック 高さ129～159㎝ 耐荷重100kg 軽量 折りたたみ 幅広踏ざん 洗車 掃除 お庭 お手入れ 日曜大工 PRW150BK","14367","42","","44","¥ 28,400","","5","B0CHMD3D5G","B0FNS5YFYF","139","55.2","16.9","7500"
"ユニット トークナビ2 881-86","22189","35","","51","¥ 8,859","¥ 8,859","23","B00B4TAVEG","B0H8HFTG21","36.1","12.2","6.9","680"
"アズワン ヘンペイスクエアボトル コックなし /1-2168-01","14378","10","","","¥ 5,260","¥ 5,260","11","B00UUMF058","B07CG3RYR9","46.5","46.5","39.5","1500"
"DOGYU 土牛産業 本職用レール床 200mm 00420","14385","35","","13","¥ 6,359","","14","B005SNG756","B0F9LS7L9Z","22.8","14","12.4","6420"
"SK11(エスケー11) ワークテーブル SWT-6000","14404","35","","141","¥ 11,780","¥ 12,329","5","B007B6ZZMY","","110","61","8","16200"
"ホーザン(HOZAN) ディスクカッター 切断能力:ガラスエポキシ3mm厚、セラミック1mm厚、鉄板1mm厚以下 適応:K-110 K-110-1","14406","13","","2","¥ 5,750","","29","B002TKG41I","B074DZN1BJ","11","7.5","1.8","18"
"サンコーテクノ ステンレス オールアンカー 太さ8ミリ長さ50ミリ 中身入数(約)50本 (54-084)","15310","21","","8","¥ 5,500","¥ 10,810","18","B002P7PHHM","","11.2","7.6","6","1138"
"トラスコ中山(TRUSCO) スポットエアコン スポットクーラー 業務用エアコン 熱中症対策 単相100V 首振り機能付き ドレン排出 2.3kW 工事不要 移動式 冷風 送風 TS23DCN-1","14418","46","50","2","¥ 44,673","¥ 44,673","10","B0GHDKWV8M","","109","44.8","44.8","34000"
"ミツトヨ(mitutoyo) セットリング 鋼製 175mm 177-302","36475","13","","12","¥ 102,080","¥ 102,080","6","B003U9VZ7A","B07K2DZDD4","32.1","32.1","9.3","7899"
"Dragnwin 電動ウインチ ウインチ 電動ホイスト 小型クレーン 巻き上げ機 500kg 1500W 7.5m 110V 手動制御/ライン制御/無線リモコン制御 3in1 電動巻き上げ機","14431","7","","34","¥ 21,000","","1","B0CTPPKBQV","","34.9","27.6","26.7","11250"
"スタンド灰皿 ステンレス製 屋外対応 高さ65cm スリム 大容量 ゴミ捨て防止 吸い殻入れ オフィス 喫煙室 ベランダ 業務用 スタイリッシュ (ブラック)","14594","14","","2","¥ 6,998","","2","B0GPMVSD7J","B0GPN3BPKZ","69","26","20","2500"
"BNTECHGO 10 AWG シリコーンワイヤーキット（5色 各3.04m 計15.2m）高柔軟性 シリコン電線 錫メッキ銅より線","14450","13","","20","¥ 10,461","","1","B08R34L3JJ","B09CT41RWY","31.7","7.7","7.3","1238"
"ドウシシャ 棚 ルミナス互換 メタル ルミナス ラック スチールラック ラック スチール棚 収納棚 棚板 シェルフ 径25mm 棚耐荷重135kg 幅152×奥行61cm 防サビ 防錆 頑丈 幅150 奥行45モデル","35765","9","","","¥ 9,960","","1","B0G253JVF1","B0H9Y7H91V","91.5","61","3.8","3800"
"【法人専用】 LOOKIT 患者用チェア キャスター脚 ロー エステスツール 診察椅子 背もたれ付き レザー アイボリー SNTC-1","14461","9","","","¥ 19,360","","1","B0GWL2NW7G","B0GWQRJS2J","52","50.5","25","8000"
"ブルーシート レジャーシート 3 x 3.5 m 防水 防雨 防風 風よけ 防雪 防災 水害対策 耐摩耗性 Uvシート 防風ネット 防じんネット お花見 レジャーシート グランドシート, ホワイト","83326","3","","7","¥ 15,256","","1","B0DJ4K614G","B0DJ4Q42T4","45","35","10","5250"
"LifeBasis自動孵卵器 インキュベーター 自動恒温機 鳥類専用孵卵器 自動転卵式 自動温度制御 アヒル ガチョウうずら 鶏など家畜 家禽 鳥類専用 孵化器","13536","18","","15","¥ 9,099","","1","B0FRXT4N84","","47.4","32.5","18.8","2420"
"興栄化成 防振樹脂パイプクランプ 100mm パイプ固定金具 滑り止め ガタつき防止 2個 KFBS21B-100-WH-ST-2P","18817","6","","17","¥ 5,399","","1","B0DRGN83SS","B0CTCMF21H","15","12","3.3","287"
"FLYDOG 呼び出しベル 飲食店 業務用 ワイヤレスチャイム スタッフ 呼び出しベル 顧客5個コールボタン電池式 業務用 呼び鈴 送信機 店舗 飲食店 レストラン 介護施設【子機増設可能】(本体1台＋子機5個，CS-X1-N)","23298","28","","27","¥ 8,860","","1","B09LQTT4JB","B0DF7D437Q","33.1","19.4","5.4","830"
"HELIX レバーホイスト 1ton 3m チェーン レバー式ブロック 1000kg 軽量化 小型化 高品質 1トン チェーンブロック 荷締機 ガッチャ がっちゃ HVP","21897","35","","22","¥ 7,380","","1","B0FR4KFYZG","B0FR4HQBG2","37.8","17.5","15.6","8260"
"美容車用カート エステ機器ワゴン 美容室ワゴン 4輪 透明トレイ付き キャスター ラック車輪付き 360度回転 ビューティートロリーカート取っ手","14496","15","","3","¥ 23,731","","1","B0F87G1BB9","","65.3","49.6","21.5","9950"
"アイホン ナースコール NBMシリーズ 子機 ハンド型 受話器 音量切替 拡声同時通話 NB-RC/A","14498","21","","6","¥ 13,305","¥ 13,305","3","B00UGJZLAY","","25","8.2","7.8","400"
"ヒートプレスマシンコンボ 「8in1」 熱転写プレス スイングアウェイ デジタル昇華 30.5×38CM大表面 110V ダブルヒーティングチューブ Tシャツ/マグカップ/ガラス/陶器/プレート/帽子等様々なものに転写可能 台座取り出しタイプ","14501","47","","42","¥ 39,800","","1","B09DTV1HWD","B09W1YM2Q6","53","46","46","21500"
"HiKOKI(ハイコーキ) 18V 充電式 グリースガン AL18DA 10段階吐出量調整機能付 蓄電池・充電器別売 ケース設定なし AL18DA(NN)","14502","20","","31","¥ 46,970","¥ 46,970","14","B0DB1QDQQB","B0DB7HYBBR","56","26","12","5190"
"長谷川工業 アルミ運搬台車 イットン台車 ドーリー 1t FC4-1275 4輪 10746","48047","16","","1","¥ 80,194","¥ 80,194","12","B0C6JQK3VF","B0H2V86337","125","76","25","24500"
"マーベル(MARVEL)100V-200V判別機能付検電器 MT-200V","23770","13","","5","¥ 6,460","¥ 6,460","2","B0CKYWJ5Q6","","19.6","7.4","2.3","40"
"COWSAR 製氷機 家庭用 6分高速製氷機 自動洗浄機能 1.2L大容量タンク 2種氷サイズ調節可能 静音 水不足提示 日本語説明書付き ホワィト","14510","43","50","5244","¥ 8,890","","1","B0FMDZ2HHX","B0HGL5B7DF","34","32.1","26.1","6390"
"TVTKEプラスチックパレット すのこ 丸穴タイプ 耐荷重2000kg メッシュパレット 連結式 厚手 プラスチックHDPE製 高温および低温耐性 倉庫保管 工場 冷凍庫保管 家庭用養殖適用 100*50*5cm (100*50*5cm,ホワイト)","51117","4","","2","¥ 5,688","","1","B0H1194ZXL","B0H119DLG6","52","52","5","2000"
"Vifxucy ベビーチェンジングテーブル、防水授乳テーブル、新生児用おむつ替え台、沐浴台、マッサージ台用の柔らかいクッション。柔らかいクッション付き (C,グリーン)","140394","1","","","¥ 11,990","","1","B0G4PQG9NB","B0G4PRTXSL","75","45","9","2500"
"熱収縮チューブ 内径10ミリメートル φ10mm 平置き幅17mm 切り売り 印字無しで綺麗☆ 収縮比率2:1 (10mm→5mm) シュリンクチューブ 絶縁チューブ 防水 高難燃性 収縮チューブ (30M, ブラック（黒色）)","14543","8","","17","¥ 5,180","","1","B0BR469P1G","B0BRWPPBRF","10","7","1","10"
"リットマン専用プレミアムケース 【カリビアンカラー】聴診器ケース","33501","9","","131","¥ 6,980","","1","B07W94GGVL","","33.5","19.6","4.7","400"
"電動 シリンダ アクチュエータ リニアアクチュエーター 往復 低速 高速 DC 24V 電気線形アクチュエーター ip65 防水 直動部品【10mm - 700mm】リフトロッド - 電動ベッド 、電動医療用ベッド、電動スタンドリフティングロッド用 農業/産業/工事/家庭/DIY (カラー : 20mm/s-700N(70KG), サイズ : 700mm)","92948","2","","1","¥ 13,319","","1","B09NLYFJXS","B09NLZJD29","95","12","7","1950"
"mottole モットル 超音波洗浄機 グレー MTL-E009-GY メガネ 汚れ落とし クリーナー 卓上 コンパクト 超音波 時短 簡単 花粉 アレルギー対策 マウスピース 入れ歯 指輪 ピアス アクセサリー メイクスポンジおしゃれ ギフト","23535","25","","64","¥ 5,193","","1","B086M98ZBC","B086M91TN7","27.6","10.8","8.6","700"
"日本磨料工業 金属磨き ピカール液 4kg","14565","41","","35","¥ 5,210","","20","B000TGFDCK","","25","18.2","11","4940"
"HiGood 作業台 ステンレス 折畳みテーブル 耐荷重 150kg アジャスター付き 厨房 アウトドア DIY キャンプ 60x60x55cm 4.5kg","23675","12","","","¥ 6,000","","1","B0H3FBQBFF","","60","60","10","5000"
"リンレイ 超耐久プロつやコートⅡ HG 10L","14568","25","","37","¥ 6,662","¥ 6,662","1","B08ZH6SQB2","","25.1","25.1","25.1","10800"
"APT、UHMW (超高分子量) ポリエチレンテープ、耐摩耗性、衝撃耐性、表面保護、摩擦、ノイズ低減、ライニングスライド面用。 (0.75インチ x 5ヤード、10ミルUHMW)","14572","15","","603","¥ 7,239","","1","B08CFZQVQ4","B0H7TKVQCN","9.5","9.3","1.9","41"
"[WHLED]150W高天井灯 LED高天井照明 5000K昼白色【プラグ付 1.5M配線】0-10V調光機能付き(調光器別) 21000LM(1500Ｗ水銀灯相当）UFO型LEDハイベイライト IP65防水防塵 LED投光器 安全ロープ付き 掲示板 作業灯 駐車場 運動場 工場照明 倉庫 天井照明 屋内屋外兼用 PSE認証","12905","23","","43","¥ 8,500","","1","B085XDJ8NJ","B0GXCQCNZR","30.9","29.9","13.2","2980"
"矢崎 VVFケーブル (2.0mm×3C) ポリ塩化ビニル","14573","40","","146","¥ 34,700","","2","B01B142Z1K","","42","40.5","10","16540"
"油脂劣化度判定試験紙ＡＶ－ＣＨＥＣＫ １００枚","14576","61","50","31","¥ 5,580","","4","B07F83Q2TN","","9.4","4.9","4.8","60"
"【拡張で最大50L対応】 デリバリーバッグ 配達バッグ 大容量＆軽量約970g×保温保冷W機能付き BURANOUS (50, リットル)","14582","45","50","33","¥ 5,170","","1","B0GZ6SVZZY","B0GZ72HDFJ","50","50","14","1100"
"OKVEQUIP ハンドトラック キャリーカート 台車 軽量 折りたたみ コンパクト 固定ロープ付 キャンプ 買い物 荷物運搬 米運び 業務用","14585","33","","7","¥ 5,080","","1","B0GFSBQ2R3","","64","39","5.5","2800"
"Piece of peace product ミキシングノズル 500本 ロックタイト メグミックス エポキシ (500本)","14586","24","","","¥ 15,000","","1","B0CNCQ4ZCZ","B0B5YRHFC4","38","25","10","800"
"TerraPup スープカップ（100個）使い捨て（蓋付きまたは蓋なし） 電子レンジ/冷凍庫/漏れ防止耐熱厚手段ボール製テイクアウト容器業務用および家庭用ウォーターカップ (紙製フタ,26オンス*100個)","49732","5","","","¥ 5,668","","1","B0GTG8QZ4S","B0GTFT8VWL","35","30","25","1000"
"DMiotech シリコンチューブ 黒プラスチックチューブ 内径19mm 3/4"" x 外径25.4mm 1"" 長さ15ft 5m 柔軟ホース","24783","2","","20","¥ 5,240","","1","B0DMNWFRMB","B0DPLG1GY7","30","30","10.5","1200"
"超硬 スクエア エンドミル 刃径 16mm 全長100L 4枚刃 TiSiNコート P35S-160-450-100-4F [1092-11] 1本","14608","31","","2","¥ 17,310","","1","B0FBMHZ96Z","B0GJD7YB31","10","2.5","2","100"
"[ミドリ安全] ラインテープ 屋内推奨 ベルデビバハードテープ 幅50mm×20m オレンジ 1巻","14611","25","","2","¥ 5,073","¥ 5,073","16","B00H8PN2M8","B08ZGNCNJY","14.3","13.8","5.4","386"
"GHDVOP ミニジャッキスタンド 爪ジャッキ ハンドジャッキ 200kgの耐荷重 スタンド ラボタイルレベリングシステム ドア使用ボードリフター ステンレス 省力 ミニ昇降台 調整器 定規付き タイ ル設置補助装置 壁、床、ドア、キャビネットの設置に使用","13777","44","","45","¥ 6,980","","1","B0BWY9NX6C","B0C53JMHSK","35.2","25.7","10.2","2090"
"【昇匠】脚立 折りたたみ 4 段 手すり付き 軽量 幅広滑り止めステップ 省スペース収納 室内屋外 高所作業 (ブラック×グレー，4 段)","23339","32","","20","¥ 5,599","","1","B0GWTQWC1L","B0GHMQJB2G","110","42","8","5000"
"HiKOKI(ハイコーキ) 18V コードレスコーキングガン ダイヤル変速 無段変速スイッチ 後ダレ防止機構 逆さ置き対応 蓄電池・充電器別売り AC18DA(NN)","14657","26","","21","¥ 18,982","¥ 18,982","17","B0BLNR8Y6Q","B0D264SDFW","56.5","42.5","11","3100"
"山崎産業 タオルペーパーケース600","22645","24","","46","¥ 7,978","¥ 7,978","37","B000YGBSVU","B0DYTS5DS1","33.5","31","15.7","1710"
"Creality (クリアリティ) 3Dプリンターパーツギア用潤滑剤グリース 無毒性 無臭 ノイズ低減 潤滑油 潤滑剤ペースト Ender 3/Ender 5/Ender 3 V3/Ender 3 V3 SE/KE/K1/K1C/K1 Max用 (4個パック)","35839","15","","177","¥ 5,492","","1","B0D9W69J9M","B0DFXDTC4M","22.2","17.7","2.4","80"
"廃番：HARIO平底フラスコ 3L 4入","23880","18","","5","¥ 19,166","","7","B010M6NUR6","B01N6XZ17P","39.5","35.5","34.5","4000"
"富士電線工業 ビニルキャブタイヤ丸形コード VCT-F 0.5sq×10c 100M巻き","14671","31","","","¥ 14,200","","2","B003M2U3TG","B0C5XKCJ3K","33","32","8.3","5240"
"【ケース販売】 クレシア ワイプオール X60 4つ折り 50枚/パック ×18パック入 薄手素材の4つ折り不織布ワイパー 水やアルコールに濡らしても破れにくい素材 60560","23909","21","","862","¥ 14,341","","2","B0711LK7KH","B071WVJQC2","55.8","37.8","25","7820"
"大雨対策 防水シート 280 x 410 cm 耐候性防寒豪雨対策UVターポリン収納が便利園芸用ガデニング庭屋外店舗, ブラック","35696","3","","","¥ 6,098","","1","B0G4WKRW2N","B0G4WQJ4NP","35","30","10","1720"
"Zdaqian 超重量用スライドレール 底付けタイプ底引き 工業用スライドレール 2個 幅53mm 長さ250-1500mm 耐荷重 120kg 高耐久引き出し減衰タイプ レール ロック式 3段引き レールスライド 二列ボールベアリング 工業用 倉庫用 住宅用 車両用 業務用 (85cm,減衰タイプ)","23963","7","","","¥ 7,467","","1","B0FWR6962R","B0FWR3YHVY","33","10","5","1000"
"TARPAL ＃3200 オレンジシート 厚型 5.4mx7.2m 約24畳 ビニールシート 防水屋外 紫外線 高耐候 ハトメ付き 養生用","14694","50","","7","¥ 6,500","","1","B0G4MRNGM8","B0G4MR5GGW","38","28","20","6100"
"HFS(R) バーニアハイトゲージ マーキングゲージ ハイトゲージ 0-300mm 0.02mm精度 内径ゲージ シリンダーゲージ 測定工具 高硬度 高精度","23793","19","","8","¥ 6,200","","1","B0D5QRW2D7","","48.5","18.1","7.9","2710"
"Kanuri灰皿 スタンド 屋外 吸い殻入れ ステンレス 業務用ゴミ箱付き錆びにくい ダブルバレル設計 お手入れ簡単 スタンド スペースを節約 耐久性のある 多機能屋内屋外兼用 (短い,グラファイトグレー)","69538","7","","2","¥ 7,499","","1","B0H6LGRYQJ","B0H6LK2D14","85","27","22","4500"
"EastEamily ステンレス作業台 調理台 6本脚 折りたたみ 耐荷重約550kg 厨房用","14701","19","","7","¥ 15,500","","1","B0FPF276GT","B0HD66WT8N","89","53","18","11000"
"アルインコ 伸縮式足場板VSS―H VSS360H","14703","5","","70","¥ 29,980","","14","B0166JUNSC","","30","30","30","500"
"【ケース販売】 クレシア キムワイプ M-150 150枚/ボックス ×36ボックス入 62030","14705","25","","7","¥ 8,355","¥ 8,355","6","B071NVQ54C","","52.4","51.6","38.2","8760"
"サーマルプリンター WS-K260L レシート和信テック USB Lan Bluetooth対応 レシート幅80mm用 ESC/POS Loyverse SalonPosLINQ2 レセコン Windows10.11 80mm幅 直径80mmロール紙","14717","16","","10","¥ 16,810","¥ 16,640","2","B0B9MNLHBJ","","22","20.5","17","1250"
"8個セット 単管パイプ ジョイント 90度 直角 コーナー Φ48.6mm用 4方向 接続金具 ビス止め クランプ 後付け DIY NTY-TA2","14720","50","50","13","¥ 8,400","","1","B0F5HBP2QD","","26.8","20.6","13.2","6920"
"【ケース販売】シモジマ HEIKO バイオマス レジ袋 業務用 3L 東日本60号/西日本50号 乳白色 1000枚(100枚ｘ10袋)","23536","6","","10","¥ 15,400","","1","B09QVB12R3","B0DQXG2LCG","65","38","25","7000"
"BrownPup ダクトホース サクションホース 25mmから120mmの内径 5M パーツ 集塵耐摩耗 排気 静電気帯電防止用 耐熱 フレキシブルダクト 防水 クランプ付き (110mm)","48879","2","","","¥ 8,033","","1","B0FRMZ998J","B0FRMM84M6","40","20","8","1000"
"QIDI MAX4 3Dプリンター 390×390×340mm大造形エリア 65℃加熱チャンバー","14738","19","","1","¥ 179,999","","1","B0GC4RN4H3","B0H5BZ6MJZ","75","71","70","50000"
"AIOMEST デジタル風速計、ハンドヘルド風力計ゲージ、Bluetooth電話APP接続可能な気流速度テスター風冷インジケーターバックライトで最大/最小/平均風速温度を測定 日本語取扱説明書付きAI-100APP）","14738","52","","32","¥ 6,399","","1","B087653Q6S","B08Z872ZTP","19","11.8","5.8","300"
"レック バルサンPCジェットA 320g 業務用くん煙剤","14555","29","","18","¥ 6,285","","2","B074H1W2P2","","10.7","10.3","10.2","470"
"[Schwer] 12 Pairs ANSI A4 Cut Resistant Work Gloves, Cut Proof Gloves with PU Coating, Used for Metal Fabrication, WoodWorking, Construction, Non Slip, Durable, L, CR13001","15943","29","","202","¥ 9,475","","1","B0DM16FK86","B0DQWK6C8S","26","14.9","12","790"
"uxcell 熱収縮チューブ 直径40mm 収縮率2:1 長さ25m 防水接着 絶縁チューブ 黒 PE製 カットでき 電線ケーブル 絶縁保護 結束 防水 配線 DIY","79990","2","","","¥ 6,020","","1","B0DGKJM138","B0FJFJX26W","25","23","8","1430"
"Haruze ステンレスバスケット 大型 水切りかご 特大 水切りバスケット 収納整理ネットバスケット 長方形バスケット 網かご ステンレス製 大容量 丈夫 耐久性 通気性 多機能 こし器機能 店舗業務用 果物収納 野菜洗浄 水切り キッチン 家庭用 (高さ15cm,40*35cm)","47258","3","","2","¥ 12,999","","1","B0FVGGGYYS","B0FVGKF8QL","27","17","10","1000"
"AmoreTempo メニュースタンド 立て看板 記名台 兼用【強風でも倒れない・1台5役】スチール製 ブラック","14765","18","","","¥ 6,060","","1","B0GQB3SCRF","","103","38","9","6010"
"林製作所(Hayashiseisakusho) TH2-2 記載台","24404","16","","1","¥ 11,596","¥ 11,596","1","B0C9QDVQ6R","","110","43","8.5","7800"
"アズワン CRウェア クラス100 クリーンウェア フード一体 センターファスナー型 青 3L クリーンルーム","33983","17","","8","¥ 5,662","¥ 5,662","3","B01F096KOK","B09PW1N1DV","33.2","29.2","3.4","440"
"柱上作業用安全帯 新規格 柱上安全帯用 胴ベルト ワークポジショニング用器具 柱での作業用 ポール作業用安全ベルト 電柱作業 落下防止設備","14773","3","","3","¥ 5,799","","1","B0H1LYJPTG","","24.1","16.4","13.7","1780"
"イチネンTASCO ドレン管用洗浄剤 2.0kg TA917AE","14775","40","","8","¥ 5,979","","20","B00N4PEM8O","","25.2","19.6","12.2","2760"
"【AHR】発泡スチロール コーナーガード 【100個セット】3面保護 梱包用 角当て 緩衝材 EPS 軽量 衝撃緩和 水槽 ガラス製品 家具 家電","14649","5","","","¥ 5,380","","1","B0H9T2B8GD","B0H9SWZY2T","10","10","10","10"
"シンワ測定(Shinwa Sokutei) デジタル騒音計 78588","14807","49","","66","¥ 10,369","¥ 10,369","34","B00L1RFY1G","","24.2","16.6","5.9","460"
"Isabally 美容室ワゴン 美容車用カート キャスター付き ハンドル付き 4段 引き出し付き 幅52×奥行き43×高さ92cm 大容量 多機能","14821","4","","2","¥ 6,980","","1","B0H2YJ432T","","84","38","15","6000"
"LACHOI 遠心分離機 100-4000RPM 10ml/15mlx6 RCF1920XG 6穴 低速 卓上 遠心機 業務/研究 試料分離/定性分析","14822","32","","","¥ 27,000","","2","B0D2KCMT5C","B0GR48QG7Z","35","32","27","6000"
"[MIDIAN] 空調作業服 ペルチェ素子 ファン付き作業着 冷風 長袖 32V バッテリーファンセット チタン 遮熱 特許 3D送風","14826","1","","28","¥ 13,350","","1","B0F27VF625","B0F27YJVXF","26.3","23.3","8.9","1380"
"NicRose ステンレス製グリストラップ 油水分離器 耐錆 業務用家庭用(50*30*30cm)","69068","3","","","¥ 8,499","","1","B0FY5DR1XW","B0FY54X9LC","65","45","35","4000"
"Chelhead 3インチ LED作業灯 三面発光 円型 92w LED補助灯 広角キット、デイタイム日行灯付き サイドシュート式オフロード走行灯、270°コンビネーションビームモード汎用補助灯、トラック/ジムニー/牧馬人フォルトラックに適用し (3インチホワイト)","24381","13","","8","¥ 10,000","","1","B0G2RFL29Z","B0FH21X735","24","14","12","1000"
"TUIYIDUO ウェルダーカート 溶接カート 溶接作業台 ハンドル付き","14853","45","","22","¥ 7,450","","1","B0DRJF6L6D","B0DTP1FBFJ","75.7","31.5","9.5","11260"
"COYXiCE バキュームリフター 電動 超強力 真空サクションカップ 充電式 耐荷重300kg 大直径20cm 自動吸気 目視圧力計付き 吸着保護 ガラス装着用 硝子 建材 セラミックタイル 金属板 木材 荷物運搬/移動用","10668","30","","6","¥ 5,999","","1","B0FQPJG7FZ","","25.1","25.1","11","1400"
"NFCカード NTAG215カード 白無地 ホワイトカード 200枚セット","14858","36","","5","¥ 11,700","","1","B08WRLY48V","","21.9","9.2","5.8","1240"
"xixi-home 伸縮はしご 耐荷重150KG 折り畳み ステンレス シルバー 3.3m+3.3m A+I型","18157","23","","9","¥ 34,880","","2","B0GQLZRM6D","B0HFWY2W23","110","53","21","25000"
"mita グローリー VT-G10 VT-T10 VT-B10 VT-T20M VT-T20V VT-B20 TR-237 対応 券売機 用 ロール紙 裏巻 白紙 (ミシン目なし) 150μ 5巻 入","14861","34","","16","¥ 9,900","","1","B01DEVNZSU","","32","27","26.5","12070"
"日本光器製作所 NIKKO溶接面 NPA-12A（旧サトー PA-12）","14871","7","","18","¥ 5,776","¥ 5,776","1","B0994ZQKDG","","33.2","26.1","19.7","610"
"フィルタースポンジ 空気圧 フィルタースポンジ シャーシファンのファン ダスト - プルーフ ポリウレタン フィルターコットンネット (1m*1m*厚さ20mm（中程度の穴）)","14877","15","","19","¥ 5,580","","1","B0BPP2PQDB","B0BPP2DHT4","7","6","2","100"
"[Eiuuioj] 保護用耐切創手袋 ステンレスリングワイヤー 屠殺用縫製 (XS)","125068","1","","","¥ 8,442","","1","B0FN6VRDNR","B0FN6W8DWN","15.5","15.5","5","200"
"Bonvoisin 精密電子はかり 3000gx0.01g デジタルはかり 10mg 高精度電子天びん 計量器 分析電子天秤 皿寸法：180*140mm 電池別売り 日本語取扱説明書あり 校正用500g分銅二個付き（3000g、0.01g）","14892","30","","502","¥ 13,350","","1","B083NQ9X5R","B08L5VKYQD","34.4","29.8","15.9","3243"
"グリストラップ 40×25×25cm ステンレス製 油水分離器 シンク下 置き型 多層ろ過 残渣分離 排水ホース付き 清掃しやすい 店舗 工場 作業場 家庭用","14740","9","","3","¥ 6,999","","1","B0H6BL9125","B0H325GY14","40","25","25","4000"
"マーベル(MARVEL) 柱上安全帯用 胴ベルト ワークポジショニング用ベルト ワンタッチバックルタイプ Lサイズ 黒 MAT-80BL","24041","17","","78","¥ 11,344","¥ 11,344","8","B008YB4L7K","B07K7N59ZQ","47.2","14.2","6.8","940"
"ドウシシャ ルミナス ノワール デスク 机 キッチンボード 作業台 黒 2段 幅110 奥行40 スライド棚付き ウッドシェルフ スチールラック 頑丈 コの字バー ブラック おしゃれ 幅81×奥行41×高さ75cm 耐荷重80kg NO1175-HD","24100","24","","944","¥ 11,800","¥ 12,054","7","B077SV5DHM","B0H6HPLNFM","112","43.5","13","12900"
"SK11(エスケー11) 乾湿両用掃除機 ステンレス製タンク 静音約65dB 吸塵17L/吸水11L 吸込仕事率210Wの強力モーター 38mm太径ホース SVC-200PQS","14915","32","","5","¥ 14,379","¥ 14,379","5","B0FH1ZBSDT","B0FV6T953G","51.7","42.1","39.1","8910"
"TOWEBOORY 電気柵ワイヤー 電柵用ロープ 200m 500m 1000m 撚り線 高導電率 ステンレス鋼線 電さく 電線 家畜導電性ロープ フェンス より線 目立つ色 防錆性 耐紫外線性 電気さく 支柱 電気家畜柵ワイヤー 農場牧場 馬牛牧羊犬用 電柵線 家畜の保護 取り付けが簡単 繰り返し利用 ポリワイヤー (赤+白 500m 9線 3mm)","16973","1","","","¥ 5,688","","1","B0HCYTH5HY","B0HCZ2FP9C","15","15","10","500"
"ボックスバンク ダンボール 引っ越し 段ボール箱 90サイズ（39×28.5× 20 cm）100枚セット FD10-0100","22525","10","","64","¥ 15,000","","1","B07GV1NYT3","B0DTTFS5WB","80","68","49","20000"
"オムロン(OMRON) クランプ電力ロガー ZN-CTC11","14932","27","","12","¥ 41,990","","3","B00ECVYTWS","","21.3","15.1","9.3","170"
"JIS玉掛 ワイヤーロープ 12ｍｍｘ2ｍ【2本セット】ロック加工6ｘ24 (4分) A種 両アイ加工 玉掛け クレーン作業 ワイヤー ロープ 玉掛 鋼 鋼索","12504","13","","","¥ 6,875","","1","B0G62XPCV7","B0G63KQNGP","45","40","10",""
"LOOKIT 患者用チェア キャスター脚 ハイ エステスツール 診察椅子 コンパクト レザー グレー SNTS-1H","15060","3","","","¥ 19,470","","1","B0GWKS5L8J","B0GWQTNZXJ","58","56","21","8450"
"段差プレート段差 スロープ スクーター 通行補助にステップスロープ 室内外 ステップ 階段解消 長さ50cm 幅 50cm 8-21cmセンチ上昇 ゴムとプラスチック製 プレート駐車場カー 出入り口用 工場 駐車場 自転車 バイク (50x50x16cm)","71299","1","","1","¥ 5,500","","1","B0G43TDPZQ","B0G43V8NHQ","65","55","10","3000"
"Bokuyoku 伸縮作業台 折りたたみ 2026年モデル アルミ合金製 肉厚パイプ採用 耐荷重800kg・軽量 高さ調整可能 幅170×奥行61×高さ73～78cm 組立不要 ワークベンチ DIY 木工 日曜大工 ガレージ 園芸 カラーアルマイト加工 3色展開 屋内・屋外対応 収納袋付き","14957","5","","6","¥ 11,890","","1","B0GZQX8HY7","B0GZQL4FV1","91","29.5","15","6500"
"島津ダイアグノスティクス コンパクトドライ™ VP 40枚 (腸炎ビブリオ測定用/4枚×10袋)","68673","5","","","¥ 6,634","¥ 6,634","6","B00UUMFBHA","B07DLS2DGD","29.9","14.5","9.7","470"
"アルインコ(ALINCO) アルミ足場台3段 PXGV910FK","14958","37","","866","¥ 9,978","","11","B006B9ZDCY","","92","46","16","5700"
"CXCESNS ハンドジャッキ 2個セット 小型 家具リフター 耐荷重200kg（2個使用時） 高さ微調整 洗濯機・ドア・タイル位置合わせ","33997","21","","16","¥ 6,980","","1","B0DH2H9HD9","B0G3NWNPNM","34.8","30.1","11.9","2960"
"GSEICE 製氷機 業務用 約12分製氷 水道水/ボトルドウォーター両用 省スペース 省エネ 節水 100Ｖ（60KG/日）","14966","28","","","¥ 114,000","","1","B0FBWGG87P","","88","57","48.7","36500"
"GSEICE 製氷機 業務用 約12分製氷 水道水/ボトルドウォーター両用 省スペース 省エネ 節水 100Ｖ（100KG/日）","14966","27","","3","¥ 163,000","","1","B0D5HMQ822","","109","67.9","65.4","57940"
"グリストラップ 洗剤 グリスとれ～る 5kg 業務用 洗浄剤 油汚れ 悪臭対策 ぬめり 排水溝 飲食店 界面活性剤不使用","14967","26","","2","¥ 25,000","","1","B0B5FZ7JTS","","32.5","24.5","14.5","5500"
"シェル トナ S3 M 68 (工作機械用超高性能摺動面油) 20L","14971","31","","25","¥ 17,800","","4","B01JRPKYLI","","40","38","38","20000"
"Bunmery クレーンスケール5000kg 吊りはかり 5t デジタルはかり 電子スケール 工場 漁業 釣り用 高精度 吊り下げ重量計 日本語マニュアル付き","14514","21","","","¥ 21,420","","1","B0GWMGRMX4","B0H2CVK49B","43","30","18","7800"
"SKYWORLD ledライトバー 車 薄型 38インチ180W LED作業灯 LEDワークライト デッキライト 狭角広角兼用 6000K白光 12V-24V対応 高輝度 IP67防水 車外灯/前照灯/補助灯/集魚灯 軽トラ作業灯 除雪車 農業機械 各車種対応","26313","13","","16","¥ 5,058","","1","B07T1QDDJV","B0CD23HTKP","102.3","7","5.3","960"
"[UIANSP] フルハーネス安全帯 新規格 セット 墜落制止用器具 ランヤード一体型 落下防止全身保護キット、安全保護 デュアルハーネス脱着簡単 ハーネス安全帯 建設工学、高安全作業 (合金钢)","14991","63","","50","¥ 6,999","","1","B0D16TN2ML","B0DDK7LMXZ","33","18.2","16.1","2860"