"Title","Sales Rank: Current","Sales Rank: Drops last 90 days","Monthly Sales Trends: Bought in past month","Reviews: Rating Count","Buy Box: Current","Amazon: Current","New Offer Count: Current","ASIN","Parent ASIN","Package: Length (cm)","Package: Width (cm)","Package: Height (cm)","Package: Weight (g)"
"アースガーデン アースカマイラズ 草消滅 4.5L×4本入 ガーデニング ジョウロヘッド(シャワー タイプ) 除草剤 液体 雑草対策 家庭用 園芸 雑草 除去","3","31","400","21","¥ 10,300","","3","B0FSJQYVTM","B0D1QT8CPW","61.5","33.4","28.5","24000"
"【ダニ増殖抑制率99.9%以上】ダニ捕りロボ 本体 ( レギュラー 3個 ) 日本製 ダニ取りシート ( 3か月有効 / 殺虫剤成分ゼロ) 日革研究所","5","29","1000","2161","¥ 5,138","¥ 5,138","1","B00KG3AAI8","B0DQNMHH52","28.5","21.7","1","100"
"【10本セット】 アイリスオーヤマ 転倒防止 突っ張り棒 転倒防止棒 転倒防止器具 転倒防止用突っ張り棒 転倒防止 家具転倒防止伸縮棒MLサイズ ホワイト KTB-50R 突っ張り棒 強力 伸縮棒 防災用品 転倒防止棒 防災グッズ 地震対策 耐圧約220kg MLサイズ","6","28","100","1575","¥ 8,080","","2","B0DGWZKJNV","B0DGXB733M","60.8","45","18","12840"
"日産化学 除草剤 ラウンドアップマックスロード 1L×2本パック 希釈タイプ","8","27","50","3450","¥ 6,600","¥ 7,404","18","B00BQ6BUSS","B0GPV51CP1","26.7","13.3","12.7","2990"
"メネデール 植物活力剤 栄養剤 5L 植物を元気に育てる 花から野菜から植木まで 100倍希釈 1955年発売","25","55","100","7768","¥ 6,670","¥ 6,677","16","B00337XS7Y","B0CXD8C1XV","27.6","21.2","12.8","5420"
"ヘラマンタイトン インシュロック ABタイ 黒色 耐候グレード AB1300-W_25本入り","26","11","","1","¥ 7,748","¥ 8,117","2","B00CD17T9Y","B0HG9MQH2T","144","10","4.5","600"
"Ring Outdoor Cam 2K Plus Battery (リング アウトドアカム 2K プラス バッテリーモデル) | 高精細・広角、ワンランク上の屋外防犯カメラ | 進化したナイトビジョン | 取り外し可能なバッテリー | 平置き/壁取り付け/天井取り付け対応 | Ringプロテクトプラン30日間無料体験付き - ホワイト","27","33","100","220","¥ 10,885","¥ 10,885","1","B0D4RM82BN","B0DWHHJSXV","14.2","9.6","7.2","440"
"タカギ(takagi) ポリ塩化ビニル (PVC) ホース ホースリール NANO NEXT 15m (SK) モノトーン おしゃれ RM1215SK","27","37","50","7531","¥ 5,523","¥ 5,523","1","B07N878V4V","B084HN2RZH","30.7","29.8","15.1","2570"
"高圧洗浄機【2026 革新型・折りたたみ式 】10MPa強力噴射 コードレス 小型自吸式 USB-C充電式 多機能5in1ノズル 残量表示 洗車機 ハンディ 軽量 水圧調整 折りたたみバケツ付き 水道接続不要 低騒音 女性や高齢者 初心者向け コンパクト収納 持ち運び便利 洗車 庭 ベランダ 網戸 玄関 浴室大掃除/戸外用 日本語取扱説明書（ブラック）","30","23","1000","424","¥ 9,980","","3","B0H7WQJWHX","B0HGPNVMW2","25.5","25.4","14.6","1750"
"植物用活力剤 リキダス10㎏","37","40","","4042","¥ 13,200","¥ 13,200","1","B0BG1JG3CH","B0CTQDPJLF","25","25","24","10600"
"工進(KOSHIN) 蓄圧式 噴霧器 タンク 7L ミスターオート HS-707W 伸縮 4段 ノズル 噴口 2個 Wピストン 防除 消毒 散布","39","53","","62","¥ 9,588","¥ 9,588","15","B001EMPR4M","B0F4WVGZ4R","64","20.2","19.6","3460"
"マキタ リチウムイオンバッテリBL1860B 18V 6.0Ah A-60464","43","56","3000","4042","¥ 15,650","¥ 15,873","60","B0194NE1A8","","11.9","8.1","7.7","700"
"ハート(Heart) グリホエースPRO 5L 4本セット 除草剤 液剤 原液 ジェネリック 頑固な雑草 根まで枯らす 笹 つる スギナ 宅地 駐車場","43","50","50","3714","¥ 17,380","","6","B099DWMVG7","B07BQH55GB","44","31","29","25400"
"【2023年度グッドデザイン賞受賞】Ring Stick Up Cam Battery (リング スティックアップカム バッテリーモデル) | 外出先からも見守り可能、屋内・屋外で使える充電式セキュリティカメラ、デバイス盗難補償付き - ブラック | Ringプロテクトプラン30日間無料体験","45","46","","1799","¥ 8,290","¥ 8,290","1","B0C79574BK","B0DN5MLYL2","12.5","8.7","6.9","390"
"Ring Battery Doorbell (リング ドアベル バッテリーモデル) | ワンタッチ取り付け | ドア前防犯カメラ用途にも | スマホ対応ドアホン | 本体充電も簡単 | Ringプロテクトプラン30日間無料体験付き - サテンニッケル","48","51","100","230","¥ 11,980","¥ 11,980","1","B0BZWR4GSW","B0DTYNP9LW","14","6.9","6.5","310"
"Ring Indoor Cam Plus (リング インドアカム プラス) | レンズカバー付き高画質・広角2Kビデオの屋内用セキュリティカメラ | 4倍ズーム・モーション検知搭載 | Ring Home プラン30日間無料体験付き - ホワイト","54","32","","82","¥ 8,290","¥ 8,290","1","B0DXN3VNMG","B0FSHCHTRS","15.4","10.2","5.4","240"
"【Amazon.co.jp限定】ケルヒャー(Karcher) コードレス高圧洗浄機 OC Handy Compact Plus CB ハンディエア USB-C充電式(10W以上推奨) 水道接続不要/折りたたみバケツ付き 丈夫なホース 高性能4in1ノズル バッテリー一体型 ペットボトル使用可能 簡単セットアップ/モバイル コンパクト 軽量/洗車 ベランダ 玄関 1.328-124.0","67","50","2000","527","¥ 14,480","¥ 14,480","1","B0FTSG1VG8","B0GWL1LL4G","26.5","26.2","15.2","2020"
"【Ring 純正アクセサリー】ソーラーパネル 4W、USB-C - ホワイト","73","48","100","542","¥ 7,990","¥ 7,990","1","B0BHXNGKMV","B0BTK1P16N","21.1","17.7","8.9","750"
"ニッペ(Nippe) ペンキ 塗料 下塗り 密着強化 塗装可能 上塗り万能 マルチミッチャクプライマー 4L 日本製 4976124402043","79","60","50","1747","¥ 6,590","¥ 6,590","9","B09SYX24X9","B0DZ1WRCRN","24.7","18","10.9","3950"
"SANEI(サンエイ) シャワーホース ねじれない くるくる回る 1.8m アダプター付 メタリック G1/2 ぐるピタ PS30-867TXB-CM6-1.8","81","67","","11","¥ 5,873","¥ 5,873","6","B0F9KKDC54","B0D8KFZFHJ","25.1","19.8","6.3","590"
"【Amazon.co.jp限定】ケルヒャー(Karcher) 高圧洗浄機 K2サイレントBC 静音機能 軽量 小型 コンパクト収納 簡単接続 洗車 泥 花粉除去効果 黄砂 (50/60Hz) 1.600-924.0","82","59","2000","596","¥ 19,800","¥ 19,800","1","B0DX21Y5WB","B0GTVQ3BS7","58.6","34","32.1","8260"
"ハイポネックスジャパン(HYPONeX JAPAN) 肥料 ハイポネックス 微粉 5kg 水で薄める","83","56","","3137","¥ 9,009","¥ 9,009","5","B00JLWOYL4","B07GZPWZ4R","25.9","21","10","5280"
"山善(YAMAZEN) アルミエアコンガード 室外機カバー 業務用 天板・側面パネルセット 幅111×奥行39㎝ 瞬間設置 マグネット式 簡単設置 ベルトレス 電気代節約 室外機用 YMAG-11139","84","67","","141","¥ 5,380","","1","B0F1T953BK","B0GRTHFPJL","61.9","40.6","8.7","700"
"BURTLE バートル エアークラフト2026年モデル 30Vリチウムイオンバッテリー マットブラック AC10 78 F","97","56","2000","166","¥ 11,670","¥ 12,102","66","B0G62WHKDF","B0G6RFZGYS","15.8","11.7","6.5","570"
"タカギ(takagi) 自動水やり 水やりスターターキット(鉢植え・プランター用) スプリンクラーで水をまく GKK102","97","60","200","83","¥ 5,673","¥ 5,673","19","B00RGEGZSE","B085YG9XDW","25","24.8","11.6","1610"
"Qbit 簡易トイレ いつでも簡単トイレ EX +超強力消臭 【防災士と共同開発】 【防災グッズ大賞】防災/災害用/非常用トイレ/携帯トイレ 15年保存 凝固剤11.5g以上大容量 手袋 防臭袋 お試しセット1回分 付き(強力消臭200回+お試しセット)","98","50","","","¥ 12,554","¥ 12,554","1","B0FXWSKDZN","B0HBWBQMGF","37.2","32.2","21.2","7350"
"【愛知県企業開発】簡易トイレ 【防災士が監修】防災グッズ 携帯/災害用/非常用トイレ 凝固剤 15年保存抗菌カバー付き 緊急時手袋付き「W STYLE」200回分 (200回分（4人7日分）)","109","6","","646","¥ 11,960","","1","B0HFMHVVMR","B0DW3M11KJ","27.3","19.5","13.1","2580"
"【New】Ring 防犯ドアホン プロ｜スマートセキュリティ機能搭載｜夜間でも鮮明な4K高画質ビデオ・10倍ズーム・モーション検知・サイレン｜出張設置サービスが同時購入で110円","110","35","100","52","¥ 54,900","¥ 54,900","1","B0FLFBXSD2","B0GS7VHHC4","16","15","10","880"
"山善(YAMAZEN) 日よけシェード 200×300㎝ 水洗い可能 ハトメ8箇所 UVカット率約75% 取付ロープ3m×2本入り 節電 省エネ ベランダ 紫外線カット 防水 涼風 ブラウン BRGS-2030 (× 2)","114","45","","1","¥ 5,644","","","B0GTQ7RRYJ","B0GWGTM7XR","40","29.1","10.5","2160"
"Tohoer【超強力10kg・第三者機関検査済】マグネットフック 強力磁石 48個セット 防錆加工 直径2cm キッチン冷蔵庫収納 (ブラック8個×6セット)","115","46","","2735","¥ 5,600","","1","B0GN2JX6S7","B0FK4JDSVK","24","17","2.7","1120"
"アサヒペン 塗料 ペンキ 油性高耐久鉄部用 1.6L ツヤ消し白 油性 サビの上からそのまま塗れる 艶消し 1回塗り 高密着性 耐候性 日本製","117","62","","695","¥ 5,160","¥ 5,718","12","B0CBJT154T","B0DXT4XMZ7","16.4","15.8","15.3","2290"
"TP-Link Tapo スマートWi-Fi電源タップ USB-C x1 USB-A x2 スマートコンセント x4 Tapo P300/A","118","74","200","150","¥ 5,400","¥ 5,400","2","B0D3HJNZ76","B0CKWC62LT","33.8","9.4","4.2","560"
"パナソニック ワイヤレステレビドアホン 配線工事不要 LEDライト搭載 VS-SGZ20L","119","62","2000","2420","¥ 14,000","¥ 14,000","32","B08GL5ZYK1","B0DJDB7ZQC","21.9","17.6","8.7","730"
"タカショー 日よけ サンシェード 屋外用 クールシェード エアー モカ 1.8×4m CLS-40MA","121","46","","16","¥ 5,442","¥ 5,442","4","B0BVFK4SV3","B0F37TRCLR","44","37.9","12.8","1250"
"【Amazon.co.jp限定】ケルヒャー(Karcher) コードレス高圧洗浄機 OC 5 Handy Plus CB USB-C充電式(10W以上推奨) 水道接続不要 専用折畳みバケツ付き/丈夫なホース 高性能5in1ノズル 安全ロック機能搭載 薄型バッテリー ペットボトル使用可能 簡単セットアップ/ハンディ モバイル コンパクト 軽量/洗車 ベランダ 玄関 1.328-144.0","127","63","1000","778","¥ 15,980","¥ 15,980","1","B0DY1FCS8G","B0GWL1F6YT","33.2","26.1","17.4","2850"
"レインボー薬品 除草剤 ネコソギトップF粒剤 5kg袋 長期間持続","128","66","400","376","¥ 6,859","¥ 6,859","14","B0DNM758YF","B0G57RYSL1","41.2","26.6","7.8","5030"
"【2026年新登場】はんだごてセット 充電式 ハンダゴテ コードレス OLEDディスプレイ表示 180～480℃温度調節可能 最大75W 2S急速加熱 ±1℃精密調温 2000mAh大容量 100Min最大使用時間 自動スリープ機能 LEDライト機能 充電こて台 C210こて先4本 Sn60/Pb40はんだ 吸取器 電気半田 PSE認証 GTC認証推奨品 精密修理・電気DIY用 日本語説明書付き","135","61","50","13","¥ 7,990","","1","B0GSZNM165","B0DK6ZL3C8","27.4","14.8","5.9","940"
"トネ(TONE) コンビネーションスパナ CS-36 二面幅36mm","139","62","","910","¥ 5,223","¥ 5,223","26","B00B4T9KRK","B07WTLBYXC","51","8","2","1000"
"セイワ(SEIWA) 常備用品 携帯トイレ 3枚入×60個セット 計180回分 IMP293 前掛けシート付き 600cc 防災 災害 非常用 高速 携帯 簡易 緊急 車中泊 ロングドライブ トイレ","141","62","","911","¥ 21,371","¥ 21,371","1","B0DJ4LZWM8","B0C8JK6QGT","63","33","19","5600"
"リサール酵産 カルスＮＣ-Ｒ 10kg（粒状）","142","70","100","1445","¥ 7,307","¥ 7,307","5","B09R72QHY5","B0GH7WZ6JF","53.7","37","11.6","10300"
"【日本限定モデル】 Jackery (ジャクリ) ポータブル電源 1500 New 1536Wh 1.5時間でフル充電 (パールホワイト)","145","16","200","","¥ 86,884","","1","B0H35RJR2Z","B0G4GG1G5P","33","24","22","14000"
"防災 バッグ 防災士が監修 セット リュック 避難 たったこれだけ！ 非常用持ち出し袋/防災のミカタ 避難グッズ プレミアム 1人用 ブラック 45点","163","76","500","42","¥ 15,960","","2","B0CT7ZX2CH","B09Z25VL6D","48","39.8","19.7","5110"
"タカギ(Takagi) ホース ホースリール BOXY NEXT (ブラウン, 20m)","170","81","500","1058","¥ 6,027","¥ 6,027","21","B0BX3VNV4M","B0FKH3D8MV","36.8","36.7","20.4","5590"
"Ring Spotlight Cam Pro PoE (リング スポットライトカム プロ PoEモデル) | 高画質・広角の4Kビデオ屋外防犯カメラ | 10倍ズーム・モーション検知搭載 | Ring Home プラン30日間無料体験付き - ホワイト","174","32","","2","¥ 50,480","¥ 50,480","1","B0DZ8KZSPQ","B0FSH9WF57","19.6","17","16","1220"
"マキタ(Makita) 充電式ブロワ 18V バッテリ・充電器別売 UB185DZ","176","86","1000","3833","¥ 8,282","¥ 8,282","20","B0876C7F5X","B08P5HCQPK","28.4","20.9","17.7","1650"
"カンペハピオ ペンキ 塗料 水性 つやあり ライトカーキー 14L 水性シリコン多用途 日本製 ハピオセレクト 00017650231140","196","63","","784","¥ 11,135","¥ 11,926","5","B00EC0G36O","B0BD63V6GK","36","25","25","16945"
"ブロワー エアダスター 250m/sの爆風 電動 ワンタッチ暴風＆無段階風量調整 USB-C充電式 軽量小型 LED搭載","178","69","100","8","¥ 7,580","","2","B0H1RZ2VJG","B0HGLZPV8C","26.7","16.9","7.4","650"
"日本曹達 殺菌剤 トップジンMオイルペースト 1Kg 癒合剤 樹木切り口保護剤 園芸 剪定","180","58","","10","¥ 5,030","¥ 5,030","1","B01DNVX5GI","B0DJ2B6WX1","13.8","12","11","1220"
"SwitchBot スマートロック Ultra 顔認証パッドPro 手のひら静脈認証 - 指紋認証 暗証番号 スイッチボット 鍵 ドアロック スマホ操作 交通系ICカード Suica PASMO Alexa/Google Home/Siri対応 遠隔対応 工事不要 防犯対策 後付け","181","81","500","2115","¥ 33,983","¥ 33,983","1","B0FQJ4P5W3","B0H1V836JM","28.1","19.3","9.2","1370"
"Ring Outdoor Cam Pro Plug-in (リング アウトドアカム プロ 電源アダプターモデル) | 高画質・広角の4Kビデオ屋外防犯カメラ | 10倍ズーム・モーション検知搭載 | Ring Home プラン30日間無料体験付き - ブラック","181","28","","12","¥ 30,380","¥ 30,380","1","B0DDRC5VYS","B0FSGSLWLV","19.1","15.9","9.4","890"
"SwitchBot スイッチボット スイッチ ボタンに適用 指ロボット スマートスイッチ 家電をスマート化 スマホで遠隔操作 スマートホーム タイマー 節電·省エネ ワイヤレス Alexa, Google Home, Siri, IFTTT, SmartThings 対応(ハブ必要) ホワイト 2個入り","183","70","300","30414","¥ 7,980","¥ 7,980","1","B0BK9H1L4M","B0GYNWY6KJ","19.1","9.5","3.7","170"
"モリタ宮田工業 MEA4 業務用蓄圧式粉末ABC消火器 アルテシモ 4型 消火薬剤:1.2kg","190","76","50","1962","¥ 6,254","¥ 6,254","8","B06ZZ5RQ4X","B097GG17JS","42.8","16.8","12.2","2160"
"Ring Wired Doorbell Pro (リング ワイヤードドアベル プロ 電源直結モデル) | 高画質・広角の4Kドアホン | 10倍ズーム・モーション検知搭載 | Ring Home プラン30日間無料体験付き - ダークシルバー","190","23","","324","¥ 35,980","¥ 35,980","1","B0F7T7W959","B0FSHCKCC2","14.9","12.4","7.4","460"
"マキタ 急速充電器14.4～18V DC18RF","191","85","1000","552","¥ 6,500","","19","B0CJXL7W87","","20.5","17.5","11.2","1080"
"カンペハピオ ペンキ 塗料 水性 つやけし 多用途 マットペイント リネンホワイト 7L 日本製 00347652401070","191","64","","384","¥ 6,891","¥ 6,891","12","B0C7K3WCK6","B0D4Z1P73S","25.6","25.1","22.2","11200"
"HEARTHFUN (ヒアースファン) 精密ドライバーセット 眼鏡修理キット 磁気スクリュードライバー トルクス ペンタローブ トライウィング フラットヘッド フィリップス オールインワンツールセット iPhone/Switch/カメラ/電話画面/時計/Mac/PS4/Xbox One用","198","70","1000","200","¥ 5,973","","67","B0CNRQW4P8","B0BPD1QKKN","22.6","18.5","6.4","190"
"【公式】BRIM(ブリム) PANEL A 植物育成ライト LED パネル フルスペクトル IR/UV 搭載 PL-A (2, 45W 温白色)","201","74","200","702","¥ 6,647","","1","B0CGZYVXD1","B0CKSB9LHW","31.8","30.6","5.7","1340"
"SK11(エスケー11) パイプカッター 6~67mm PC-67","205","58","","5490","¥ 5,725","¥ 5,725","15","B002NAN1TC","B0GTNMCP7K","28.3","12.5","4.9","614"
"Kaedear(カエディア) バイク バッテリー＆DC12V 2600mah×2 7.4V 空気入れ 電動 エアーポンプ 電動空気入れ KDR-AP4","206","84","100","115","¥ 5,940","","1","B0FF4BTXC9","B0FC6FYGZT","17.2","11.9","8.1","800"
"マキタ(Makita) 充電式クリーナ（アイボリー）バッテリ内蔵式 10.8V2Ah 充電器付 CL116DWI","218","83","1000","1402","¥ 11,721","¥ 11,721","16","B09MJT5FQG","B0DP6KMS5S","49.5","36.8","13.1","1750"
"Alebert 物置 収納庫 屋外 防水 耐候 380Ｌ大容量 幅123*奥行57*高さ62cm ベランダ収納 大型物置 倉庫 ベランダストッカー 屋外収納 ガーデン収納 ベンチ コンテナ ガーデン/庭/ベランダ 収納 大容量 おしゃれ (茶色, 380L)","227","72","100","695","¥ 11,549","","1","B0DSVNS3R6","B0D5XRC5GQ","125","61","11","16900"
"カンペハピオ ペンキ 塗料 水性 つやあり 白 7L 水性塗料 日本製 ハピオフレンズ 00077650011070","236","80","","755","¥ 6,897","¥ 6,897","9","B00IHW4IUG","B0711Q5JVB","25","24.2","17.8","9240"
"katsst【改良版】防草シート 除草シート ロール 厚手 耐用年数は5年 高密度 高透水 安全性の高 雑草防止 Uピン杭100本と黒丸100枚付き ぼうそうシート ブラック (1x50m)","248","70","100","2732","¥ 7,386","","1","B09P4ZS2JK","B0BDZL156G","100.5","19.7","19.7","7800"
"Anker Solix C1000 Gen 2 Portable Power Station ダークグレー 世界最小クラス 世界最速の急速充電54分 大容量 ポータブル電源1024Wh 高出力AC 1550W 長寿命10年 静音設計 リン酸鉄 コンパクト パススルー アプリ操作簡単 キャンプ 防災 停電対策 車中泊 1000Wh容量帯 アンカー","254","107","400","321","¥ 69,990","","1","B0FK9YH385","B0GCDSCJ4M","46.8","32.1","28.9","13200"
"タンスのゲン ジョイントマット 大判59cm 厚み10mm 6畳用 32枚組 木目調 防音 保温性 床暖房対応 18700013(82467)","255","73","400","2255","¥ 6,357","","1","B0BPMG27JN","B0HG8WHTF6","63","62.5","34","9420"
"ストリングライト ソーラー 21m 防水 夜間自動点灯 30個LED電球 G40 電球色 USB充電可能 リモコン付き","268","36","50","","¥ 5,099","","1","B0GV4B5SPY","B0DQTW1VKK","25.5","21.7","12","1070"
"ベッセル(VESSEL) 40V対応 剛鍛セミロングソケット 9本組 ＜限定：黒仕様＞ SL209PSBK","270","92","50","8","¥ 6,100","¥ 6,158","7","B0GNZ9B8HF","B0GQ3837SK","21.5","11.8","4.7","860"
"チェーンソー充電式【1本2役・6インチ高枝チェンソー・ハンディチェーンソー】ブラシレスモーター 2個2.0Ahバッテリー残量表示 自動給油 高枝切りの延長ポールと接続可能 電動式 軽量 強力 ミニ 小型 ハンド式 安全ロック コードレス 切断径15cm 竹・枝切り 庭木の剪定 薪作り 林業伐採 手袋 ゴーグル ボトル 替えソーチェーン ケース付き 日本語説明書","279","80","500","571","¥ 6,499","","7","B0G8WGYH2P","B0HCSZ27ZM","40.2","18.7","11.9","2270"
"フロアタイル 木目 置くだけ 6畳 72枚入り リメイクシート クッション フロリング 床材（柄番号56）","282","83","100","1343","¥ 10,498","","1","B0CWKZ6Y9D","B0BTY6R32S","32.5","19.6","18.9","6930"
"ダイオ化成(Daio Kasei) 網戸用 網押えゴム グレイ 4.5ｍｍｘ300ｍ 太さ 4.5mm","283","42","","2615","¥ 14,784","¥ 14,784","3","B0092NSJZ4","B01GPL7T7E","37","37","13","5080"
"waitleyWTL1860 マキタ互換 バッテリー18v 6.0Ah２個セット BL1860 全保護基板カットオフ機能付き 容量6000mAh","289","83","1000","1601","¥ 6,702","","1","B0B1LSLYQ9","","29.8","10.2","9.8","1360"
"セフティー3(Safety-3) チタニウムナイロンコード 耐久性約5倍 四角型2.6mm径 175m巻","292","86","50","2274","¥ 5,100","¥ 5,149","9","B00JJH13HO","B0GVD58FJ2","19.9","19.6","10.9","1380"
"ハンディ・クラウン Sｍｏｏｓｙ工作小物用 水性塗料向け刷毛 ふつう 20mm 40本入(小箱)","322","21","","49","¥ 8,636","","1","B0BJJPFV4H","B0BKSDL3N1","30.9","22.2","5.9","660"
"スタンド tapoカメラスタンド ベビーカメラマウント クランプ式 tapoマウント 監視カメラアクセサリ (BJ-01B-US)","297","61","","25","¥ 5,358","","1","B0FFT2X51N","B0F6WD31ZW","21.1","6.2","4.7","222"
"CLEAN HOUSE 根まで枯らす 除草剤 サンフーロン 非農耕地用 本体ボトル シャワータイプ 4L 液体 4本セット","318","63","50","377","¥ 6,194","","1","B0F4Q3YY9N","B0F4Q4JJFQ","44.5","31.5","26.5","17890"
"宅配ボックス 宅配BOX ポスト一体型 屋外 防水 大容量 置き配ボックス 戸建て用 個人宅用 収納ボックス 郵便受け 盗難防止 (ブラック／２段式)","324","73","","586","¥ 13,583","","1","B0DG2DXM9N","B0DG5CXV32","100","48","18","13000"
"パナソニック(Panasonic)【FY-17C8】 天井埋込形換気扇 ルーバーセットタイプ","325","75","1000","2703","¥ 5,486","¥ 5,486","35","B075K7J2R4","B085LWPH39","29.8","28.7","24.7","1450"
"SwitchBot スマートロック Ultra 鍵 スマートキー - スイッチボット ドアロック スマホで操作 Alexa Google Home Siriに対応 遠隔対応 工事不要 取付カンタン 後付け ブラック 防犯対策助成金あり","325","99","400","5430","¥ 19,533","¥ 19,533","1","B0DSPZL959","B0H1HGW5LH","18.1","17.2","8.6","760"
"【〈公式〉発売から50年以上】キープ・フラワー 切花栄養剤 5L 大容量《花 栄養補給 水 腐敗防止》フジ日本 切花 栄養剤 切花長持ち液","332","38","","791","¥ 7,315","","1","B0DVYPTGM4","B0G24WZW1Z","20","20","20","6300"
"アースガーデン やさお酢 1000ML×15本入 殺虫殺菌剤 スプレー ガーデニング 虫 退治 病気 予防 園芸 観葉植物 虫対策 家庭用","333","47","","745","¥ 10,111","¥ 10,111","1","B0FSJR3Y1X","B0DF7HG6FH","49.6","44.3","30.3","18000"
"stedi (ステディ) 4.7インチ模型用ニッパー 超薄型の一枚の片刃と刃のケース プラモデル用ツール ガンダムの製作やプラモデルの修理に ブルー","335","57","","879","¥ 5,217","","2","B0BVB1ZSJ6","B0BTKQJT48","19","7.3","1.5","82"
"シンワ測定(Shinwa Sokutei) JCSS校正証明書付 製品 直尺 シルバー 1.5ｍ ※必ずギフトの設定をして下さい 19063","339","42","","","¥ 29,597","¥ 29,597","2","B0B8SG12MS","B0C7TZQNWW","220","25","2.5","2800"
"TRUSCO(トラスコ) POMローラー 35Φ×75mm POMR-L × 20本 【ケース販売】","340","46","","922","¥ 24,661","¥ 24,661","1","B0C4TKCYXY","B0CD1KGBQ4","93.3","25.3","21","3880"
"【純正品】ケルヒャー(Karcher) 高圧洗浄機専用アクセサリー プレミアムフレックス高圧ホース/やわらかホースでねじれにくい/ワンタッチで接続簡単 / ※家庭用高圧洗浄機 K 2 ～ K 4に使用可能。クイックコネクトタイプ 。ネジ式やホースリール付き機種には使用できません。 2.643-585.0","342","89","50","938","¥ 11,436","¥ 11,436","9","B0187QNFNC","B0D946JGZL","28.7","25.2","12.7","1340"
"山善(YAMAZEN) 延長コード 20m 1口 15A 125V 1500W 防雨型 ブラック 防水 ソフトケーブル 延長ケーブル ECW-S1520","354","79","50","1003","¥ 5,537","¥ 5,535","5","B00GV5DORE","B0H4VDP8BH","37.3","30.4","7.8","2474"
"Jackery (ジャクリ) ポータブル電源 2000 New 200W ソーラーパネル 1枚 2点セット 2042Wh","365","98","400","244","¥ 163,020","","1","B0DBQCN7HZ","B0DCZ3CRRW","40.3","39.2","31.8","26000"
"decqle 海外 変換プラグ コンセントマルチ変換プラグ 2 USB-C(GaN 45W) ＆ 1 USB-Aポート 全世界対応（アメリカ/イギリス/韓国/ヨーロッパ/オーストラリア/中国などの224+国々に対応) 白い US","367","36","","2678","¥ 10,030","","4","B0DCF6BLYJ","B0HGPYKCZ4","10.2","7.9","5.7","222"
"TORUK プレセット型 トルクレンチ 車 タイヤ交換 差込角19mm(3/4インチ)200-800N.m とるくレンチセット ラチェット 専用ケース付き 自動車用","372","80","","","¥ 26,082","","1","B0C8MVVSJ5","B0GYMXQ9X5","106.1","23.5","11","9030"
"エンジニア(ENGINEER) ネジモグラソケットセット DWZ-302","373","85","","16","¥ 7,309","¥ 7,309","11","B0DCJMRRY8","B0DHV67MK3","14","7.6","3","140"
"HiKOKI(ハイコーキ) 第2世代マルチボルトバッテリー BSL36B18X 36V 4.0Ah/18V 8.0Ah 0037-9243","378","90","500","447","¥ 17,980","¥ 18,484","20","B0BWPQXLJH","B0G2T1HSGD","14.3","9.5","8","1030"
"SHAPTON シャプトン 刃の黒幕 ムラサキ 30000 鏡面仕上砥 K0711","388","104","","62","¥ 37,023","¥ 37,114","26","B001TPC9DQ","B0F2MF3PBX","22.9","9","4.2","680"
"【20 個入り】ブラック サッシ窓補助錠 窓ロック 侵入防止 業務用窓セキュリティ","392","29","","106","¥ 6,199","","1","B0H2LSGH5H","B0FPCG2Z2B","27.4","20.3","7.2","1310"
"山善(YAMAZEN) 防災リュック 25L 30点 セット 【防災士監修】 一次避難用 給水バッグ 携帯用トイレ 懐中電灯 防災バッグ ブラック RBG-30BK","400","56","100","10","¥ 5,280","¥ 5,280","2","B0DXPLD1QC","B0FB3QH5R9","44.8","38.5","17.6","1940"
"ケルヒャー(Karcher) 高圧洗浄機 K3サイレントプラス パワフル 静音機能 高性能 簡単接続 付属品充実 ハイパワーなノズル タイヤ 伸縮ハンドル 洗車 花粉除去効果 黄砂 泥 60Hz 1.603-201.0","422","106","500","231","¥ 30,101","¥ 30,101","9","B0CK3Y6W9G","B0GY7Q91HL","59","41","37.3","14960"
"xixi-home 高枝切りバサミ 伸縮式 【庭師推奨】 sk5高級合金鋼 2段 3段 2m 3m 4m 5m 軽量 鋸付き ロック付き 果物取り 高枝切り鋏 高枝切りノコギリ 剪定 太枝 はさみ ガーデニング 採果 農場 庭園 園芸用具 業務用 家庭用 ハサミ刃2枚+鋸刃1枚 1.4-3m(三段伸縮)","429","79","100","130","¥ 5,382","","2","B0F846CD7H","B0F83TTDRC","141","8","7","1670"
"SwitchBot RGBIC LEDテープライト アレクサ Matter対応 - スイッチボット 間接照明 RGB ライト 1600万色 高輝度 電球色 昼白色 昼光色 マルチカラー 無段階 調光調色 Wi-Fi Bluetoothに対応 5m 切断可能 PUコーティング Alexa Google Home Siriに対応 クリスマス 飾り","441","78","200","111","¥ 5,382","¥ 5,382","1","B0F9YY4RSF","B0H1WTZ8MZ","18.9","16.7","7.1","510"
"TRUSCO(トラスコ) 六角穴付ボルト ステンレス全ネジ M4×15 46本入 B44-0415 × 10 【ケース販売】","441","44","","456","¥ 6,606","¥ 6,606","1","B0C5D9VGRT","B09PBPNGH5","27.5","15","6.5","1030"
"ベッセル(VESSEL) 鉄工用ドリルセット 14本組 専用ボックス入り AMD14S","447","84","","835","¥ 6,200","¥ 6,200","22","B07BMK62ZH","B01NBB5UPW","15.2","13.2","3.8","400"
"タジマ 新規格安全帯 胴ベルトLサイズ ドット赤 BWL145-DRE 長さ145cm 衝撃や耐久に強い鍛造ワンタッチバックル 腰の強い特厚ナイロンベルト","456","64","","1218","¥ 7,118","","18","B07NDHV9SH","B0BHWFD33Y","27.6","9.8","5.2","440"
"キャンディハウス(Candy House) セサミ5 スマートロック ブラック 玄関 オートロック 後付け型","458","95","500","1443","¥ 5,508","¥ 5,508","1","B0C22W4Y5H","B0GVZ3RBJH","10.9","6.4","5.7","200"
"JEJアステージ 収納ボックス 日本製 NFボックス #7 ブルー 積み重ね 幅19.3×奥行34.2×高さ9.9cm 16個セット","464","66","","29","¥ 6,243","¥ 6,243","1","B0B2RT2S8F","B0GXD15Z7G","76.1","40.5","35.2","300"
"ビッグマン(Bigman) 神業ダイヤモンドチップソー 125mm 超硬質窯業硬質サイディング用(窯業サイディング、ケイカル、化粧石こう、ラスボード) BCS-10D125","468","40","","92","¥ 5,554","¥ 5,554","1","B06XJ3C9X7","B07TTDDGZG","17.8","14","1","120"
"Anker ポータブル電源 小型軽量 288Wh 𝐒𝐨𝐥𝐢𝐱 𝐂𝟑𝟎𝟎 高出力AC 300W リン酸鉄 満充電1.1時間 ストラップ","474","119","300","778","¥ 29,990","","1","B0D5XGP6CW","B0GX622PXK","30","28.8","28.5","4860"
"リサール酵産 超カルスNC-R 30g×10袋 3セット|土壌改良資材","478","69","100","725","¥ 5,940","","1","B0CM8LW872","B0CM8CKPNJ","21.2","15.1","13.3","1010"
"【Amazon.co.jp限定】SANEI(サンエイ) サーモシャワー混合栓 メッキ 断熱タイプ 浴室水栓 ホース長さ1.6m パイプ長さ190mm シルバー 日本製 SK181AD-13-EC","485","96","400","1316","¥ 15,990","¥ 15,990","1","B08BWRQ2MP","B0FJ2N7Y4J","31.1","20.6","13.3","2670"
"キャンディハウス(Candy House) セサミ6 Pro スマートロック ホワイト 後付け オフィス 店舗 オートロック 高性能","486","84","50","52","¥ 6,783","¥ 6,783","1","B0C7C2SPBJ","B0GVYYYP4C","12","7.4","5.9","270"
"SwitchBot テレビドアホン カメラ付き インターホン ドアベル - スイッチボット 双方向音声会話 遠隔確認 広角 工事不要 盗難防止 防水 モニター親機+カメラ付き玄関子機 ワイヤレス Wi-Fi 防犯対策助成金あり","491","52","200","8232","¥ 15,980","¥ 15,980","1","B0GWCP65N6","B0GY43W8DF","21.5","14.4","7.9","870"
"マキタ(Makita) 充電式ペンインパクトドライバ (バッテリー・充電器付) TD021DSHSP ブルー","492","104","1000","1574","¥ 11,236","¥ 11,236","13","B01MY9V6FL","B0BCJQX183","27.2","17.2","8.7","1270"
"タカギ(takagi) ホースリール 30m 4水形 オーロラBASE R1330GY チャコールグレー 内径12mm","494","93","400","2366","¥ 5,422","¥ 5,422","11","B0GNRDMWDG","B0GNRPNQVB","38.3","38.3","28.3","6310"
"Jackery (ジャクリ) ポータブル電源 1000 New 100W ソーラーパネル 1枚 2点セット 1070Wh","500","89","300","842","¥ 86,576","","1","B0D3HLP1NM","B0DTYCZ16J","31.4","25.7","23.4","14700"
"ハタヤ(HATAYA) コードリール 防雨サンデーレインボーリール 15A 20m 屋外用 SS-20","505","90","300","1486","¥ 7,588","¥ 7,588","31","B002P8W9DG","B0BXNN26NM","34.2","29.2","19.2","4710"
"アイリスオーヤマ(IRIS OHYAMA) 国産 人工芝 2m×10m 芝丈3cm 防カビ仕様 U字ピン24本付き ふかふかな質感 本物のような触り心地 簡単にカット可能 ハサミ施工しやすい 簡単設置 日本製 スタンダード IP-30210","508","78","50","3447","¥ 23,980","","3","B081JYWBMS","B0FB941QV7","205","22","22","18340"
"レシプロソー 充電式 電動ノコギリ4.0Ah大容量バッテリー2個 電動ノコギリ 21V 電動のこぎり 超強力 安全ロック 無段変速 残電量表示 軽量 小型 7本高炭素鋼替刃付き枝切り DIY 枝打 ち 竹を切る 庭木の剪定 金属切断 粗大ごみ切断 収納ケース付き 木材・金属切断 粗大ゴミ解体 一台多役 小型 軽量 家庭用","527","64","500","149","¥ 7,124","","1","B0G7XXNH63","B0HDP2WV8M","35.1","31.4","10.9","3200"
"草刈り機 充電式 コードレス 【2026最新型】 草刈機 4000mAh大容量バッテリー2個搭載 PSE認定 残量表示 電動草刈り機 3時間運行 刈払機 芝刈り機 高効率チップ 4種替刃 2つのサイズの飛散防護カバー付き 軽量 安全設計 伸縮可能 角度調整 除草 枝切り 雑草 芝生 畑 植木 家庭用 農業園芸用 マキタ18Vバッテリー対応可能 日本語説明書付き","528","99","800","89","¥ 7,598","","1","B0GR4YZWSV","","88","16","9.7","3380"
"YiLaie ソーラーライト 屋外 防水 ガーデンライト 庭 ライト ソーラー IP68防水 自動点灯 駐車場 ライト置き型 明るい 電球色 （8個）","529","67","200","638","¥ 6,384","","1","B0GXFDJT5M","B0FPQ5WBGW","17.7","16.3","5.2","920"
"【うんちが臭わない袋】 BOS非常用トイレ (Bセット) 50回分 災害/携帯/簡易トイレ/防災グッズ/15年保存 ◆防臭 防菌◆ 臭わない袋BOS付き","535","110","1000","694","¥ 5,500","","3","B088BKW851","","21.5","20","10.8","2250"
"フローラ(Flora) 植物活力剤 HB-101 即効性 1000倍希釈 原液 500ml 花 野菜 観葉 水耕栽培 切花延命 多肉 栄養剤 肥料 100%天然成分 葉面散布 土作り世界中の8000万人の農家・園芸家に愛されておよそ50年","535","97","50","3583","¥ 11,000","¥ 11,000","21","B0017S14W2","B0GWLJCML9","22","6.4","6.2","580"
"SwitchBot スマートロック プロ 指紋認証パッド 暗証番号 - スイッチボット 鍵 スマートキー ドアロック オートロック スマホで操作 交通系ICカード FeliCa Suica PASMO Alexa/Google Home/Siri対応 遠隔対応 工事不要 取付カンタン 後付け 防犯対策助成金あり","536","93","400","404","¥ 18,980","¥ 18,980","1","B0DSPXV3M3","B0GWJQ3MZG","21.9","15.4","9.4","970"
"福井金属工芸 石膏ボード用JフックW(ダブル) NO.4296 50個入","537","79","","","¥ 10,909","¥ 10,909","3","B078TN1JFL","B0CVMYBKM9","18.6","9.4","6.4","480"
"HID屋 ブロワー MAXmini 洗車 小型 充電式 コードレス ハンディブロワー","542","9","","","¥ 8,450","","1","B0H1C3WWN5","B0HFM811H7","170","7.7","5.1","420"
"山善(YAMAZEN) 草刈用 チップソー 10枚組 外径230mm×36枚刃 替え刃 草刈機 刈払機 石 タイル 雑草 除草 荒地 YT10-230","543","89","100","80","¥ 5,104","¥ 5,104","1","B00WQBJXC2","B0H6FHXRB1","23.8","23.6","3.4","3560"
"安永　AP-40P 　浄化槽エアーポンプ　ブロワー","544","103","500","2464","¥ 11,000","","7","B00X7LDJ02","","26.5","21","19","4550"
"取替ドアクローザー ブロンズ S-202P","549","79","400","2724","¥ 5,681","¥ 5,681","26","B003M1397A","B01N442XSM","34.6","12","5.8","2520"
"大成農材 除草剤 原液タイプ サンフーロン 5L","549","83","100","1813","¥ 8,622","","22","B00B3PFMDG","B01EA5GJKA","29.6","19.1","12.5","6080"
"TP-Link WiFi スマートプラグ 遠隔操作 直差しコンセント Echo シリーズ/Google ホーム 対応 音声コントロール サーキュレーター ハブ不要 3年保証 Tapo P105 4個セット","552","80","50","494","¥ 5,000","¥ 5,000","2","B099285VNX","B0B51PFXVX","12.7","9","6.4","260"
"アイリスオーヤマ カラー化粧棚板 LBC-1845 ブラック","557","81","","984","¥ 5,386","","11","B003B0U3EE","B07DNN6VL8","180","45","1.8","6917"
"ホーザン(HOZAN) ハンダ スズ60% 鉛40% 重量500ｇ 長さ134ｍ 線径0.8ｍｍΦ H-42-3717","559","77","","308","¥ 6,287","","22","B002MJMNZC","B01NAIZJDZ","5.3","5.2","5","510"
"キャンディハウス(Candy House) セサミ6+セサミタッチ2Pro スマートロック ブラック 後付け 指紋 ICカード 暗証番号","560","102","500","1188","¥ 10,183","¥ 10,183","1","B0CJCG4Q4J","B0GVZ1141S","12.5","12","6.2","410"
"YdGalxeon 防草シート 1m幅×100m 除草シート 不織布 10年耐久 ぼうそうシート 厚手 Uピン杭&黒丸セット100付き 雑草防止シート","561","30","","148","¥ 11,898","","1","B0H97HV5QL","B0FHHGQSQZ","104","27.5","23.5","11160"
"ワトコオイル ナチュラル W-01 3.6L","579","44","","2615","¥ 11,898","¥ 11,898","9","B00J4H3R82","B01KWQEAQQ","28.6","20.4","15.4","3210"
"柴田園芸刃物(Shibata Engei Hamono) ハイドロボール 40L 中粒","584","58","","38","¥ 13,149","¥ 13,149","2","B00PBWXUDQ","B0F4XCSX7Q","60","38","19","13000"
"ブロワー 強力 洗車 Semtyait 【プロ監修・2600g超強推力・245m/s究極の爆風】ぶろわー 電動エアダスター 充電式 軽量小型ブロアー","592","87","1000","799","¥ 17,096","","4","B0FWCLW3T7","B0GWCPMSK6","33.3","23.7","12.4","1560"
"タカショー ガーデンライト ひかりノベーション 木のひかり 追加用ライト 1本 ブラック 屋外 間接照明 防水 鮮やかな光 プロ仕様 樹脂 LGL-LH01","598","51","100","140","¥ 5,692","¥ 5,886","13","B07JF24CQ4","B0GCCPJLHC","30.3","14.4","14.2","790"
"DEPSTECH ミニルーター 40000RPM高速回転 6段変速 128点アクセサリー 電動 リューター DIY 工具 収納ケース付","602","85","500","1391","¥ 5,642","","2","B0C9QR74YN","B0FHP2YD4B","28.9","23.7","8.3","1910"
"イーバリュー(E-Value) ウレタンエアホース 20m 常圧用 内径8.5mm×外径12.5mm 大流量 クリアレッド EUH-20RL 8.5 日本製","611","73","","67","¥ 6,549","¥ 7,186","12","B07KSNYPXF","B0G2X1M3Q8","32.5","30.5","7.5","1920"
"【新モデル】SwitchBot 指紋認証パッド 暗証番号 指紋認証 スマートロック - スイッチボット オートロック ドアロック 鍵 防犯 交通系ICカード FeliCa Suica PASMO Bluetooth ワイヤレス カードキー付き 盗難防止 工事不要 取付簡単","613","86","100","1669","¥ 9,882","¥ 9,882","1","B0DSPXCM1J","B0H1RVX8KX","14.1","7.4","6.4","200"
"BEIKEMALL 遮光ネット 日よけ シェード 抗紫外線ネット95% 防塵 高密度ポリエチレン 18ピン 取り付けも簡単 階段ガードレール保護ネット 園芸 農業用 (長さ5M, 幅5M)","614","62","","267","¥ 5,254","","2","B0CWH477SY","B0GHR58R1R","40.1","33.5","14.3","1850"
"分割式 草刈機 充電式 刈払機 マキタ 18V電池互換 刈込径255mm PSE認証4Ahバッテリ2個急速充電器付 60mmリアブラシレスモーター","618","15","","5","¥ 18,900","","1","B0HDBPZ9TZ","B0H9KJJ95J","68","32","13","4700"
"ハイポネックス 活力剤 リキダス顆粒 500g×24袋 混ぜ込む＆ばらまく植物用活力剤","621","67","","36","¥ 18,000","","1","B0GP9YDKRK","B0GPD33ZSP","20","13","5.5","515"
"山善(YAMAZEN) 草刈用 チップソー 10枚組 外径255mm×40枚刃 替え刃 草刈機 刈払機 石 タイル 雑草 除草 荒地 YT10-255","624","75","100","114","¥ 5,928","¥ 5,928","1","B00WQBJXAO","B0H6HMB6XS","26.5","26.3","3.3","4330"
"工進(KOSHIN) 乾電池式 噴霧器 GT-5HD 除草 消毒 小型 軽量 5L 肩掛け式 ハイパワー","635","80","100","131","¥ 6,046","¥ 6,046","22","B0BWHYP2NP","B0BWXG6B3C","39.3","33.2","18.5","2050"
"カンペハピオ ペンキ 塗料 油性 半透明カラー 木部保護 防虫 防腐 防かび 防藻 油性木部保護塗料 パリサンダ 7L 日本製 00237643541070","688","60","","71","¥ 8,324","","8","B00C9SHYM8","B01KL8Q8ME","23.8","23.6","17.4","6900"
"TRUSCO(トラスコ) トラス頭タッピングねじ ステンレス M6×30 15本入 B43-0630 × 10PK 【ケース販売】","802","46","","1","¥ 5,727","¥ 5,727","1","B0B1TXYCFL","B09NWK5YRB","27.5","15","6.5","1170"
"コモライフ 防災用吸水シート 10枚入×4セット 7L 吸水 シート 雨漏り 浸水 水漏れ 高級水性樹脂","650","75","100","124","¥ 7,182","","1","B0B3885LWL","B0B3WMPXJB","39.8","32.3","17.9","2380"
"[パナソニック] テレビドアホン 電源コード式 代理応答機能 外にも火災警報 自動録画機能付 手動録画 増設モニター 室内通話 モニター3.5型TFTカラー液晶 玄関子機 露出型 LEDライト VL-SE31KL","654","106","500","228","¥ 13,200","","18","B0DKNF76VY","","19","15.5","9.2","810"
"290mmホールソー、LAIWEIホールカッター、ホルソー、 電動ドリルツール 木材の穴あけに使用、薄い金属板、アルミニウムプロファイル、PVCおよびその他の材料、サークルカッター（切削直径290mm）","664","30","","2915","¥ 9,299","","1","B0BTBT4BH5","B0DWXGNHKD","30.8","30.1","5.4","2420"
"GENTOS(ジェントス) ブロワー 120,000rpm 60m/s USB充電式 疾風 (はやて) 洗車 電動 エアダスター ミニジェット 送風器 HYT-SL","672","85","1000","439","¥ 6,545","¥ 6,545","24","B0F781HHDC","","17.5","12.5","7.1","440"
"[ネセクト] ピクチャーレールワイヤーセット ステンレス製 スライド式フック高さ調整可能 国内強度試験済 (1.0m ワイヤー40本 セット)","679","31","","1076","¥ 9,882","","1","B0H1QY8PPP","B0FK88GKZQ","20","10","3","350"
"非常食セット パン と ごはん 1週間 21食【ON】 [朝・昼・晩]の 保存食セット 7日分 保存食 非常食 災害用 アルファ米 おにぎり 防災セット 備蓄 防災グッズ","680","71","1000","293","¥ 7,452","","1","B09773DGYH","","34.2","25.5","19.2","2540"
"コモライフ 繰り返し使える水のう袋 7枚組 5セット 貯水タンク 防災グッズ 災害 断水 食品衛生法適合 水害対策","680","2","","23","¥ 7,980","","1","B0H4LB1BV4","B0H5VB6WZ5","40","30","24","2780"
"防災グッズ 32点 セット 【防災士監修×全品長期保管可能】 防 災バッグ 1人用 簡易トイレ 懐中電灯 高輝度 保存食 保存水 非常用リュック 防 災リュック 家族用 防水 避難セット 在宅避難 地震 台風 停電 対策","684","84","600","52","¥ 9,980","","2","B0GWQHPLB2","B0HF3168SQ","40","34","30","2000"
"キング砥石 デラックス No.400L型 220×80×70 粒度:#400 荒研ぎ用 グレー","687","79","","46","¥ 5,550","¥ 5,880","13","B004RAR2GY","B0GTQCF3YG","23.4","9","7.1","2758"
"ベッセル(VESSEL) 剛鍛首振りショートソケット9本組 WSA209PS","700","53","50","736","¥ 8,200","¥ 8,200","23","B06X91ZLL7","B072PV5VVW","21.9","10.8","3.9","830"
"アイホン ドアホン インターホン ワイヤレス 子機電池式 配線工事不要 親機と子機セット WL-11","701","105","500","4994","¥ 12,455","¥ 12,455","22","B06ZYR6FT5","B0DDSYD7QW","25.9","22.8","7.5","710"
"リーベックス(Revex) ワイヤレス チャイム インターホン XPNシリーズ 送受信機セット 防雨型押しボタン 増設用 呼び出しチャイム ナンバー表示 飲食店 病院 介護 XPN1910E","710","46","","1","¥ 6,014","¥ 6,014","3","B08YDFJ5RX","B0D22F9G7M","24.1","20.3","5.3","460"
"TOTO 浴室用壁付サーモスタット混合水栓 170mm コンフォートウェーブめっき3モード クローム TBV03404J","714","97","50","200","¥ 23,580","¥ 25,031","15","B07PQ69RVW","B0CTT9XQPP","36.2","22.2","12.8","3300"
"石原バイオサイエンス 除草剤 シバゲンDF水和剤100g","715","62","","2490","¥ 16,405","¥ 16,405","6","B0063A9XA4","B0CZRQVN22","24.4","14.7","1","110"
"HiKOKI(ハイコーキ) 18V インパクトドライバ FWH18DF 高トルクタイプ 2.0Ah バッテリー×1個・充電器・ケース付 FWH18DF(BG)","725","82","","526","¥ 15,960","¥ 15,960","9","B09RZWH6R4","B0B7ND1PW4","42.3","29.7","12","2940"
"レインボー薬品 除草剤 ネコソギエースV粒剤 3kg","731","79","","631","¥ 6,990","","1","B06XFHN4FH","B0F5VXKPL3","24","24","9.5","3200"
"パナソニック テレビドアホン どこでもドアホン 自動録画機能 モニター 3.5型カラー液晶 玄関子機 露出型 LEDライト ワイヤレスモニター子機 約2.2型カラー液晶 VL-SWE210KLA","734","88","500","1125","¥ 22,121","¥ 22,121","27","B0BHHJKV3V","B0BHNXJRKX","27.1","21.2","9.1","1360"
"トネ(TONE) 超ロングめがねレンチ(ストレート) M05-3236 二面幅32×36mm","740","72","","597","¥ 5,473","¥ 5,473","23","B001L7QHFS","B07WSKN62S","55","5","2","1450"
"電動剪定バサミ【２年連続No.1モデル・山本造園会社監修】30mm切断 ブラシレス マキタ18V互換 4000mAh PSE認証 730g軽量 液晶表示","755","70","200","364","¥ 8,499","","2","B0H1ZVQ57H","B0HB4L9FW9","34","28.3","9.8","2350"
"OFFO 鳥よけ 鳩よけ 100%ステンレス製 耐候性よく 34.5cm×22個入り（759cm） 取り付けアクセサリが付属 針が密集する カラスよけ 糞害防止・景観を損なわずハトなどの害鳥による被害を防ぐ ベランダ・屋上・窓枠用 簡単設置 取扱説明書付き","761","74","50","1696","¥ 5,499","","1","B08BZCHLXS","B09S62N2X7","35.4","12.5","3.2","1720"
"【 非常食 5年保存 】その場de パスタ 15食セット 3種×各5食 ｜トマト コーン 和風 お湯 3分 国産 簡単調理 防災 備蓄 災害対策 常温保存 容器不要 スプーン不要 食料 登山 アウトドア","763","76","300","467","¥ 6,840","","1","B082NV48C2","B0F7QS55SK","44","34","9","1190"
"BEIKEMALL 日除けシェード 6m*6m 遮光ネット 抗紫外線ネット95% 防塵 高密度ポリエチレン 18ピン 取り付けも簡単 階段ガードレール保護ネット 園芸 農業用 ブラウン","766","3","","224","¥ 8,680","","1","B0HFZJ9WKY","B0GGZB6YKP","31","28","13","1810"
"XiaZ 雨よけ 日除けシェード オーニング ベランダ 目隠し撥水 シェード 防水サンシェード 紫外線UVカット 400Dポリエステル 強度UP 2層撥水PU塗装 接合部水漏れ防止加工 クールシェード 庭用タープ 遮熱 断熱 屋外・庭先・ベランダ用 ・廊下・庭下・デッキ ・プール ・ パーゴラ・ カーポート・ キャンプ ・野外活動 簡単設置 固定ロープ 付属 (カーキ, 3×4Ｍ)","770","73","50","687","¥ 5,083","","1","B0BVBPN8FB","B0D9QRN1GX","32.9","26","10","1910"
"リコメン堂 ジョイントマット 大判 60cm 厚み10mm 32枚 6畳相当 パズルマット 子供部屋 赤ちゃん 防音 保温 床暖房対応 グリーン×ベージュ","898","15","","1690","¥ 5,980","","1","B00NPY0XA0","B00ZOXU4L8","65","41","35","8970"
"ジェントス 充電式 ブロワー 疾風 はやて HYT-4L","778","103","400","641","¥ 5,907","¥ 5,907","30","B0DG2P696M","B0FV72V56L","17.5","17.3","4.9","440"
"2026新登場 ブロワー 洗車 強力 ブロアー 充電式 コードレス 送風と集じん1台2役 マキタ18Vバッテリー対応可能 4000mAh大容量バッテリー2個付属 手持ち式 軽量 エアブロワー 小型 庭掃除 枯葉掃除機 除雪作業 充電器付き 日本語取扱説明書付き (ブルー)","779","105","500","102","¥ 5,699","","1","B0G8HF2QJR","B0G8HS4ZZQ","32.2","17.9","16.4","1910"
"太洋電機産業(goot) フラックス ハロゲンフリー 基板用 500ml BS-9505","787","49","","57","¥ 5,932","¥ 5,932","4","B0090WNWMW","B0D2LW2S1Q","16.1","14.5","7.4","530"
"カンペハピオ(Kanpe Hapio) ペンキ 塗料 水性 シーラー 下塗り剤 密着性 耐久性 速乾性 水性カチオンシーラー 乳白色 14L 日本製 00587654611140","788","86","50","415","¥ 12,212","¥ 12,212","10","B00FGFW79G","B01KL8RLP2","36","26","24","15380"
"Anker ソーラーパネル 両面発電 400W Solix PS400 Dual IP68防塵防水 折りたたみ キャンプ 防災","789","102","50","603","¥ 65,990","","1","B0FHQ4XJSR","B0GXZR9L9N","120","80","12","9950"
"アサヒペン 塗料 ペンキ 水性 強浸透性水性シーラー 14L 透明 クリヤ 1回塗り 下塗り 下地補強 密着性向上 ヤニ止め アク止め 日本製","804","61","50","1936","¥ 14,413","¥ 14,413","15","B007KTJI48","B0CNXD4GDK","36","25","25","15610"
"マキタ 2口充電器DC18SH 18V/14.4V対応 6Ah×2本同時フル充電130分","806","88","100","22","¥ 10,202","¥ 10,202","9","B07XRTVVLR","B0838ZB8PN","37.3","21.4","12.8","1820"
"ユタカメイク(Yutaka Make) ガーデンバリア III GDX-3","808","84","200","214","¥ 9,645","¥ 9,645","19","B0BHCLJHHZ","B0CXD9RDFH","24.2","13.9","13.7","780"
"シロアリハンター業務用15個入","812","75","100","1727","¥ 6,100","¥ 6,243","8","B002BH3GBK","B09CXGX1M4","21.8","15.2","10.2","700"
"アイリスオーヤマ 家具の転倒から身を守る転倒防止棒 防災グッズ L 高さ70-120cm ホワイト SP-70W","823","73","200","3087","¥ 5,360","","28","B000WCEGYW","B09DSCS6DC","71.7","30.8","14.7","3470"
"タカギ(takagi) ホース ホースリール 30m コンパクト 軽量 4水形 オーロラnano ナノ チャコールグレー RM330CG 内径7.5mm","824","76","50","1944","¥ 5,800","¥ 5,867","9","B0GHN8PL47","B0G4VCZBJ4","40.5","38.7","23.5","4840"
"kowa ソフトタイプ 延長コード 15A・20m 3ツ口 キイロ KM07-20 日本製","832","66","","2696","¥ 5,166","","11","B00264GA3Y","B01MS20RZM","27.9","25.4","6.5","2350"
"【3個セット】アイリスオーヤマ 発泡石 砂利 防犯砂利 防草 60L ミックス","838","81","100","1510","¥ 10,060","","4","B0D317TM5D","B071V8DWQ8","74","60","49","43500"
"KINTO(キントー) プラントポット 191_ アースグレー 200x195mm 29201","849","64","","51","¥ 5,500","¥ 5,500","5","B0F28FCDZS","B0DF2HM4FY","22","21","20.8","2730"
"ケルヒャー(Karcher) 高圧洗浄機 K3 HR-X パワフル 持ち運びタイヤ 簡単接続 付属品充実 ハイパワーなノズル 洗車 ベランダ 花粉除去効果 黄砂 泥 (50/60Hz) 1.599-282.0","853","101","400","44","¥ 24,980","¥ 24,980","1","B0GR8JGSYZ","B0D2KXRF2K","49","42.5","29.9","8610"
"【2026新型】SEESII 8インチたかえだ電動チェーンソー 高枝切り電動バサミ ブラシレスハンディソー 200m切断径 充電式剪定ばさみ 1台多役","856","89","500","9553","¥ 14,800","","1","B0FZB9PNQX","B0GV9Q7X5H","121.5","20.5","14","5580"
"DIGIFORCE マキタ 18V バッテリー 互換 BL18100HC 10.0Ah 大容量 単品","865","75","","21","¥ 7,700","","1","B0FN784S3Q","B0H8QWT7C3","13.7","8.9","8.4","930"
"京セラ(Kyocera) 旧リョービ ポールバリカン PAB-1620 刈込幅160mm キワ刈りガイド付 693952A 【屈まずに芝刈りができる便利な1台】 キワ刈りガイドで壁や刃を傷つけないでキワの芝をカット 日本製ブレード採用 刈込幅160mm 両刃駆動 刈込高さ調整3段階 ポール角度可変","863","93","200","471","¥ 15,925","¥ 15,925","18","B00U0ZD1X8","B0D2HQ6H8C","118","23","16","4130"
"タカショー リアル 人工芝 2m×5m グリーン 芝丈30mm ロール AG-3025","864","77","100","85","¥ 9,405","¥ 9,405","1","B0FL74486M","B0FV8JMQ2Y","200","20","20","20000"
"XiaZ 防草シート 1×50M 130g/m2高密度 100セット固定ピン付き 雑草防止シート 紫外線劣化防止UV剤入り 高透水性 厚手不織布 工事用・園芸用 ぼうそうシート 雑草防止対策 人工芝下・砂利下設置 家庭菜園・農業向け ロールタイプ除草シート 黒色 1M幅","871","65","100","977","¥ 6,818","","1","B08TBZMZB4","B0CWNHXLBN","115.1","19.1","19.1","9400"
"カンペハピオ ペンキ 塗料 水性 半透明カラー 木部保護 防虫 防腐 防かび 紫外線 水性木部保護塗料 カスタニ 7L 日本製 00617653521070","1126","33","","66","¥ 6,912","¥ 7,922","9","B003972XOW","B01KL8LLXA","24","23.8","17.6","7920"
"高儀(Takagi) M.M 作業用 カラー 太 延長コード 20m 1口 ブラック 1500Wまで 125V 15A 1個口 黒 電源タップ コンセント 電源ケーブル 延長ケーブル 電源コード コンセント たこあし 延長電源 電工 耐久性·耐熱性の高い太コード使用 TG-COD-F2001BA","882","62","","","¥ 6,989","¥ 6,989","1","B0CNSKKHF7","B0CXS6YDZV","29","26.4","6.9","3270"
"マキタ リチウムイオンバッテリBL4040 36V(40Vmax) 4.0Ah A-69939","893","102","500","197","¥ 19,018","¥ 19,018","28","B0816M3CK5","","24","16.8","15.5","1200"
"アサヒペン 塗料 ペンキ 水性 多用途EX 7L カーキー色 半ツヤ ソフトなツヤ 低臭 速乾 サビドメ剤配合 防カビ剤配合 日本製","896","79","","1859","¥ 7,364","¥ 7,364","19","B00D12MMLY","B0GVR5MYB1","26.2","25.4","18.4","8940"
"UXPRIN フロアタイル フローリングタイル 大理石調WH-1【240枚入30畳分】45.7×45.7cm 大判 接着剤不要 貼るだけ簡単","904","57","","159","¥ 57,600","","1","B0F8H6Z7K6","B0FDG72DDM","46","46","5","150000"
"TRUSCO(トラスコ) 六角ナット1種 ステンレス サイズM8×1.25 45個入 B25-0008【10パック入りケース販売】","906","54","","539","¥ 5,768","¥ 5,768","1","B09SSBH5D9","B09NWL7TDF","27.5","15","6.5","2320"
"高圧洗浄機 コードレス 充電式【8.5MPa 圧力・水量強化版・超軽量560gで片手操作・AI恒圧チップ搭載・二重密封構造で防雨仕様・航空機グレードカーボン・耐久性30％向上・ぴかぴか洗浄店監修】残量表示 PSE認証済 バッテリー2個 総容量30000mAh マキタバッテリー互換 5m柔軟ホース 6in1ノズル 自吸式 ペットボトル対応 水道不要 コンパクト収納 洗車 ベランダ 網戸 家庭用 人気","911","65","500","626","¥ 9,999","","2","B0GRZBVKKN","B0HG6D3JG2","36.5","29.5","12.7","2790"
"山善(YAMAZEN) 草刈用 チップソー 10枚組 外径255mm×40枚刃 替え刃 軽量 草刈機 刈払機 石 タイル 雑草 除草 荒地 HYT0-255","911","74","100","26","¥ 5,781","¥ 5,781","2","B0F3D3K776","B0F3JK4PVV","27.8","27.6","6.4","4350"
"ユノックス ジョイントマット 防音 30×30×1cm 108枚セット(約6畳用) 大判 振動吸収 床保護 キズ防止 床暖房対応 水洗いOK ノンホルムアルデヒド 床材 子ども部屋に [ベージュ]","914","53","","97","¥ 9,860","¥ 9,860","1","B09XWHR549","B0F1G5MZ1V","64","45","33","5000"
"M METERXITY ナット付き10個入りの六角ヘッドボルトとロックワッシャーM12x180mmステンレス鋼ボルトとナットキット 機器/機械用の完全にねじ込まれたメトリックボルトのアソートメント","916","22","","401","¥ 5,140","","1","B0FFBS6QHP","B0DWJXJTD5","25","14","7","1680"
"KINCHO園芸 除草剤 草退治ストロングシリーズ 粒タイプ クサノンGT粒剤5kg 効果 1年","920","94","200","182","¥ 6,080","¥ 6,080","8","B0GCCQT41M","B0GNT17Y69","27.4","25.5","11.1","5240"
"タジマ セフシステム セフツイン腰袋 ナイロン コーデュラ 釘袋3段大 SFKBNC-KG3L2H","926","88","50","5","¥ 6,225","¥ 6,225","3","B0FY4N2RHS","B0BRW6QM89","37.2","24.3","8.5","540"
"園芸用水苔 ニュージーランド産 AAA プレミアム ハイグレード PREMIUM 圧縮 胡蝶蘭 ビカクシダ コウモリラン Spagmoss インアウトドア 1kg (1kg (80L分）)","930","54","","64","¥ 7,560","","1","B0G5HX6X7J","B0G5HYWJTP","20","10","10","150"
"ニッペ ペンキ 塗料 油性シリコンタフ 7L チョコレート 油性 つやあり 屋内外 日本製 4976124218453","932","64","","5","¥ 13,883","","12","B073FDGST3","B06VWHHBGX","75","60","50","7000"
"Bosch Professional(ボッシュ) 100mm ディスクグラインダー(無段変速型)[GWS7-100E] 研磨工具 ディスクサンダー","933","93","100","898","¥ 10,488","¥ 10,488","19","B004LWF24M","B0978YBDKL","36.2","12.2","11.9","2300"
"【ケース販売】 クレシア キムタオル ホワイト ポリパック DIY 50枚/パック ×24パック入 ポリパック入りで衛生面を重視する現場で活躍 61031","933","29","","592","¥ 11,280","¥ 12,004","2","B071S23GVV","B071WVMN4K","69.8","40.7","34.5","13080"
"マキタ ディスクグラインダ18V 100mm スライドスイッチ型 バッテリ充電器別売 GA402DZ","935","102","500","1328","¥ 12,337","¥ 12,337","18","B00FKQWJYO","B0BCJXGNCH","28.6","14.2","12.5","1904"
"アサヒペン 水性スーパーコート 10L ハーベストイエロー 塗料 ペンキ シリコンアクリル塗料 ツヤあり 1回塗り 超耐久 多用途 さび止め剤配合 防カビ剤配合 紫外線劣化防止剤配合 シックハウス対策品 日本製","947","73","","2211","¥ 16,342","¥ 16,342","16","B0013KZGV4","B0DT6W9NYS","26","26","24","13458"
"SANEI(サンエイ) 暖房便座 前丸タイプ ソフト閉止 温度調節3段階 省エネ 簡単取付 アイボリー PW9042-I","948","79","","230","¥ 9,336","¥ 9,337","11","B0BQ6TGPBW","B0FVFHCNDW","55","46.1","12.2","3100"
"オーム(OHM) monban LEDセンサーライト 屋外用 人感センサー 自動点灯 2灯 防犯 自動点灯 消灯 ガーデン 庭 玄関 駐車場 オーム電機 LS-AS2000K4-K 06-4288","957","98","300","1643","¥ 5,478","¥ 5,478","11","B09KGZ4TK6","B0D41KCMRD","21.2","16.4","14.7","930"
"ハート(Heart) はやわざPRO 5L 4本セット 除草剤 液剤 原液 ジェネリック 頑固な雑草 速効 根まで枯らす 笹 スギナ オヒシバ 宅地 駐車場 公園","959","82","","85","¥ 27,800","","4","B0G72TH1CF","B0G751Z9DH","44.2","32.7","29","25300"
"SEASONS 日除け シェード（4×6m）ベランダ/屋外/庭用 サンシェード【遮熱/UVカット】目隠し 風通し良好 簡単取り付け モカ色","1193","52","","1282","¥ 9,280","","1","B0GQY336Z6","B0BY7W69LY","45","39","21","4440"
"住友化学 殺虫剤 ゼンターリ顆粒水和剤 BT水和剤 500g","970","68","","388","¥ 5,435","¥ 5,435","5","B01DIQVYQG","B09W9T33S2","31.5","21.1","3","520"
"高儀(Takagi) 斬丸 草刈用 ナイロンコードカッター 叩き繰り出し式 速巻 T-B(No.8)","972","69","","350","¥ 7,048","","1","B006K0CIHW","B0F21JZZTY","21.5","16","7.1","410"
"【防災士×管理栄養士監修】非常食セット 5人用 3日分 計45食＋おやつ７種付き 尾西食品 アルファ米 携帯おにぎり パン 災害用 長期保存 備蓄食料 くらし安心Labo","979","87","500","55","¥ 19,390","","1","B0FPFCH9YB","","37","28","26","5400"
"【2026新登場強化版】ヘッジトリマー 充電式 電動ヘッジトリマー 90°ハンドル方向調整 デジタル残量表示 18Vマキタバッテリー対応可能 刈込幅510mm/切断径18mm 両刃駆動 高速往復刈り 剪定 トリマー 電動トリマー ガーデントリマー 生け垣トリマー 剪定バリカン 生垣バリカン 植木バリカン 草刈り 電動 コードレス【大容量バッテリー2個と充電器付属】日本語取扱説明書 (ホワイト)","981","87","100","154","¥ 12,970","","1","B0GHMWQ2Z1","B0GQFZN6KS","90","14","12","4000"
"GOYOJO トルクレンチ プレセット型 ダイヤ交換用7点セット 差込角(1/2インチ) 20-210N.m 両回転対応 トルク精度 ±3% 自動車用、自電車、オートバイ、機械の整備 タイヤ交換 作業工具 （ 20-210N.m 7点 ）","991","69","","30","¥ 6,680","","1","B0CQZP8PV8","B0CRD77NTV","52","8","8","700"
"タンスのゲン ジョイントマット 1級防音 大判 59cm 厚み10mm 6畳 32枚組 床暖房対応 サイドパーツ付き 18700001(79292)","992","79","100","1744","¥ 5,693","","1","B08CD8WVMC","B0FW56414T","61","61","35.2","8820"
"ホーザン(HOZAN) 電気工事士技能試験工具セット 基本工具一式+P-958VVFストリッパー+候補問題全13問の解説動画付ハンドブック DK-28","1001","99","400","2949","¥ 13,609","¥ 13,609","26","B079JFJHSM","B0H4PTMZJL","34.6","14.8","6.4","1380"
"グリーンライフ ホース ホースリール 30m 足踏みステップ付で巻き取りやすい ジェニアス GR30GNF","1013","82","50","314","¥ 5,585","¥ 5,585","18","B0048BPJG2","B0FGH8TN8P","38","36","33.5","6200"
"LIXIL(リクシル) INAX エコハンドル付 シングルレバー混合水栓 泡沫吐水 節水 省エネ RSF-542YA 一般地用 水栓 キッチン水栓 水道 蛇口 交換 取り付け キッチンリフォーム","1024","94","500","485","¥ 9,965","¥ 9,965","11","B07TZLX8B4","B0HFJLM4CG","40.1","27.9","9","1870"
"アサヒペン 水性多用途カラー 10L アイボリー 塗料 ペンキ 水性 多用途 ツヤあり 1回塗り 高耐久 汚れに強い 無臭 防カビ サビドメ剤配合 シックハウス対策品 日本製","1030","72","","1907","¥ 14,677","¥ 14,677","17","B00EY4EPDG","B0DXST6N9J","25.4","25.2","25","13840"
"FIRE SHOKA STICK(ファイヤーショーカスティック)100秒 2026年製 耐用年数15年 次世代の消火器具","1034","92","200","139","¥ 20,900","","1","B0DNY9TF49","B0FD6D1WPY","37","7.6","7.1","545"
"サンワダイレクト 電動エアダスター AC電源 強力 ノズル3種類付属 ケーブル長3m PC 掃除 200-CD079","1036","106","400","966","¥ 6,980","","2","B0BV5RHNM1","B0FDGCRHC3","24.9","18.6","9.2","960"
"【防災士開発】 水のう袋 13L 水タンクくん 水害対策 ゲリラ豪雨 浸水対策 防災グッズ 連結可能 貯水タンク 非常用 折りたたみ 給水バッグ（5枚入り×3）","1042","3","50","42","¥ 7,280","","2","B0FFSBK8KV","B0FFSJJQJP","44.3","24.7","17.3","1600"
"BBK 5穴ゲージバー(700シリーズ) BBK7PG-5","1043","58","","6","¥ 9,469","¥ 9,469","8","B07BQZ73HV","B0DK86HNG4","25.2","8.1","2.4","240"
"Amazonベーシック 金庫 家庭用 業務用 電子式 テンキー式 34L (幅33 x 奥行33 x 高さ36 cm) スチール ブラック","1045","89","200","30095","¥ 10,795","¥ 10,795","1","B078K4W8N9","B0CD3XB91H","47.4","40.3","39.9","16090"
"【うんちが臭わないトイレ】BOS非常用トイレ100回分（4点セット） 災害/携帯/簡易トイレ/防災グッズ/15年保存 ◆防臭 防菌◆ 臭わない袋付き 【BOS-SHOP限定品】","1050","92","500","277","¥ 8,690","","1","B0B7MFVZF9","","37","22.8","13.9","4460"
"セフティー3(Safety-3) 散水タイマー デラックス 360分 電池式 芝生・鉢植え・畑用 節水モード搭載 SST-4","1052","103","300","287","¥ 5,174","¥ 5,174","9","B00JJH1ONW","B0GSGJ6TNN","27","16","11","420"
"TOTO シングルレバー用カートリッジ ‎3.2×3.2×5.7cm THY582N","1055","113","500","4331","¥ 8,559","¥ 8,559","21","B006H30Z9A","B08P5CHMRM","13","9.6","4.5","100"
"新潟精機 SK 日本製 ハンドリベッター 堅牢タイプ SR-2","1058","79","","12","¥ 6,154","¥ 6,154","11","B00489WGPG","B0H8CLBX99","35.1","12.7","3.5","602"
"キンボシ(Kinboshi) ゴールデンスター 芝刈機 芝刈り機 手動式 手押し 日本製 静音 簡単 便利 ミラクルバーディーモアーDX GSB-2000MDX","1062","84","500","75","¥ 22,034","¥ 22,034","19","B0DP9TCT7T","B0FTFZ3YVC","43.7","36.6","33.4","7090"
"【現役電気工事士・大工推薦&監修】 超硬 ステンレス ホールソー 穴あけ 電動ドリル ホルソー ホールカッター ShopXJ (3個, 115ｍｍ)","1065","26","","1959","¥ 16,980","","1","B08HRV43BZ","B08HRL2JB7","27.9","14.4","13.9","2700"
"【防災対策】北澤商事 投光器 LED 200W 作業灯 屋外 照明 高輝度 18000LM ワークライト 作業用ライト IP66防水 PSE認証済み","1074","75","50","","¥ 6,783","","1","B0FG27BF7N","B0HGXG3SGQ","35.4","27.9","8.9","3100"
"北澤商事 led投光器 2灯式 スタンド付き 200W ワークライト 作業灯 18000LM 三脚付きスタンドライト IP66防水 PSE認証済み","1074","9","","16","¥ 6,783","","1","B0H7WTCZ3T","","65","50","23.5","4620"
"Trvnnph 防水シート #4000 シルバーシート 厚手 屋外 遮光 UVカット 5.8m×7.9m","1075","44","","222","¥ 9,333","","1","B0DJQ8P9CG","B0DJQ8MXQV","53.5","41","15.3","8000"
"Lampat コードレススプレーガン 電動スプレーガン 電動塗装機 2×800ml大容量タンク 5つの銅ノズル 噴射量調節可能 噴霧幅と角度調整 油性水性塗料用 充電式 小型 家庭用塗装ガン ペイントスプレー ペインター DIY吹付 木材 プラスチック 金属 どんな素材にも塗装OK マキタ18Vバッテリー対応可能 日本語取扱説明書 (大容量バッテリー2個)","1076","79","200","411","¥ 9,470","","1","B0GFJ534BN","B0GSN25T6R","30.8","29.6","16.4","2410"
"防災グッズ 【 防災士が監修した 】リュック (避難リュック たったこれだけ！) 非常用持ち出し袋/バッグ セット [ 防災のミカタ ] 避難グッズ メタプレミアム 2人用 ベージュ 68点","1085","73","300","47","¥ 28,310","","2","B0BBF2WWL7","B0CT5GMB7V","47","37","25.5","8500"
"SANEI(サンエイ) 【水栓金具】 機能水栓≫シングル混合栓・キッチン用 K1700D-4UR","1094","97","100","831","¥ 8,360","¥ 8,629","16","B008U4FM5Q","B0FJ2PM4ZT","26.9","19.2","18.5","1600"
"Alebert｢アレベルト｣ 物置 収納庫 屋外 大型 454L 大容量 ベランダ収納 倉庫 ベランダストッカー 屋外収納 コンテナ 大型収納ボックス 室外収納 防水/耐久/耐熱 アウトドア収納 おしゃれ 幅132*奥行き61*高さ65cm (ライトブラウン, 容量454L)","1097","83","50","224","¥ 28,850","","1","B0GK8C7RDM","B0F5WN9YN2","137","67","15.5","20150"
"HAIGE(ハイガー) 充電式 背負型電動噴霧器 12L レッド 園芸機械用品 農業資材器具 造園作業工具 散布 殺虫 消毒 防除 HG-KBS12L","1101","83","100","137","¥ 8,993","","2","B0D3LH4Y71","B0GWJ14QMQ","54.1","35.7","23.8","6210"
"Hion パーソナルセーフティアラーム 女性用 2個パック 充電式 130dB 自衛隊アラームキーチェーン LED懐中電灯付き 緊急安全サウンド セキュリティ 子供高齢者用 ブラック+ブルー","1774","53","","1609","¥ 6,145","","1","B0DBZ9S68R","B0DCGPXGS5","11","7.9","2.2","90"
"DODOGOD 超強力 マグネット フック カラビナ フック【8個セット】カラビナ付磁石 カラビナ磁石 ネオジム磁石 耐荷重68kg 直径42mm 強力 磁石 防錆 取外可能 キッチン/オフィス/業務/浴室/室外/壁掛け用 (黒, 42mm 8セット)","1107","38","","82","¥ 5,250","","1","B0FJ5Q6BGM","B0HDY9LHCB","19.9","10.8","2.5","880"
"京セラ(Kyocera) 旧リョービ サンダポリッシャー 単相100V RSE-1250 637062A AC式・ポリッシングスポンジ付","1110","96","500","3811","¥ 9,982","¥ 9,982","19","B002TKWOT4","B0GZZLGVY6","30.4","16.8","14.2","2040"
"リッチェル(Richell) 屋外ストッカー R220 ブラック 86.5×46×76cm 217L ベランダ 収納 ポリプロピレン 110125","1118","85","500","1315","¥ 6,644","¥ 6,644","3","B0B58JN91Y","B0B5CK9B2F","86.5","46","46","5900"
"KAKA 草刈り機 充電式 草刈機 コードレス バッテリー*2個 高性能 軽量 多替刃付き 電動草刈機 最大128cm伸縮可能 角度調整 ガーデン 枝切り 雑草 植木 芝生 畑 PSE認証済 刈払機 オレンジ","1127","100","600","133","¥ 6,346","","1","B0GXV4K7CG","B0GVS9S2FS","85","17.5","9","2750"
"【2026新登場強化版】高圧洗浄機 コードレス 充電式 洗車機 バッテリー2個 6000mAh マキタ18Vバッテリー対応可能 自吸式 6in1 高水圧 噴射距離10M ノズル ペットボトル対応 5mホース 家庭用 超軽量 女性や高齢者も片手で使える エアコン/庭/階段/外壁/ベランダ/黄砂掃除/年末大掃除に使用可能 日本語取扱説明書付き（イエロー）","1130","95","500","117","¥ 5,999","","1","B0GQLP1H7G","B0H3QK8JRG","32.3","24.9","13.4","2350"
"TRUSCO(トラスコ) 平ワッシャー チタン サイズM6 23個入 TB95-0006 × 10PK 【ケース販売】","1192","49","","96","¥ 10,721","¥ 10,721","1","B0B24S9C46","B09PBMS776","24","11.5","6.5","240"
"【Amazon.co.jp限定】 HiKOKI(ハイコーキ) 36V 充電式 インパクトドライバー WH36DD スコーピオンレッド 初回修理保証(1年間) バッテリー1個・充電器・ケース付 WH36DD(XPRSZ)","1133","88","100","11","¥ 33,900","¥ 33,900","1","B0GRHF7MCH","B0H1QYQSZK","36.3","31.9","13.4","3700"
"高圧洗浄機 コードレス 充電式 【2026新登場強化版】 洗車機 バッテリー2個 総容量6000mAh マキタバッテリー互換 残量表示 PSE認証 高圧洗浄 6in1多機能ノズル 10MPa 小型 軽量 噴射距離10M 収納ケース 家庭用 洗車 庭/外壁/階段/ガラス/ブロック塀/玄関/ベランダ/浴室/年末大掃除/キャンプ 日本語取扱説明書 (イエロー)","1137","53","400","59","¥ 6,999","","1","B0H3K54D9M","B0H8F1RM4H","33.8","25.3","12.7","2400"
"SnailM -JOY 高枝切りバサミ たかえだきりはさみ 【日本製 替え刃付き】 高枝切り鋏 1m 2m 3m 4m 5m 3段伸縮式 軽量 強力 鋸付き アルミ柄 SK5高級炭素刃 果樹園 公園 庭園 などに適応 園芸用具 採果 高枝剪定 長さ1.4m-3m","1137","75","50","172","¥ 5,083","","1","B0FJ77V16N","B0FJ78N4MZ","141","10","7","1840"
"草刈り機 充電式 コードレス 1.8kg軽量 高出力低ノイズ 4000mAh大容量バッテリー2個付属 PSE認証 4種類の替刃 刈刃径255mm","1142","42","500","38","¥ 13,899","","1","B0H984GP59","B0H97XBGPY","61.2","28.5","11.1","5090"
"ベッセル(VESSEL) タフフィットバケツL 蓋つき 電工バケツ 持ち手・フック付き TBK-400F","1143","86","100","264","¥ 5,358","¥ 5,358","3","B0H2H96TQR","B0GLNKVSDR","45.3","31.5","13.4","1600"
"ホーザン(HOZAN) VVFストリッパー 第二種電気工事士試験対応 機械式ワイヤーストリッパー 1.6/2.0ｍｍエコ電線にも対応 P-929","1148","87","50","364","¥ 7,791","¥ 7,791","27","B00XKYP20Q","B0H86915K7","25","11.6","6.7","360"
"TOTIO 40CMx18M 幅広リメイクシート コンクリート シートシール フローリング 風壁紙 ダークグレー壁紙シール コンクリート 打ちっぱなし セメント カッティングシート ヴィンテージ マット 厚手 耐熱 防水 防油 防汚 防カビ 家具補修シート 貼ってはがせる壁紙 DIYビニールウォールステッカー 装飾シート 賃貸OK 灰色の工業スタイル","1163","8","","341","¥ 5,980","","1","B0GZK9SQSB","B0GWJ8ZK7G","40","8","8","2000"
"HiKOKI(ハイコーキ) システムケース4 0040-2659","1170","90","50","122","¥ 6,600","¥ 6,600","17","B072F6YKW9","B07657FGBM","40","31","30","2940"
"丸和バイオケミカル(MBC) 殺虫剤 プレバソンフロアブル5 水和剤 500ml","1170","80","","47","¥ 6,221","¥ 6,221","4","B09PTJ3VBN","B0FRR22LSW","18.9","6.8","6.5","590"
"Lamomo COB LEDテープライト10M、高輝度電球色ネオンチューブ、屋外防水てーぷらいと、調光可能、リモコン付き","1171","70","50","110","¥ 6,299","","1","B0FRMZYW3S","B0FQWCZ86Y","20","19.5","6.5","800"
"スターフィルター 換気扇フィルター レンジフードフィルター レンジフード カバー [297×350mmサイズ] SF02-12-0-297350","1173","65","50","854","¥ 5,868","","1","B01EJJFG8I","B0CXSKN72M","38","32.3","9.6","270"
"工進(KOSHIN) 背負い式 手動噴霧器 タンク 10L グランドマスター RW-10DX ボールコック 動噴ホース ダイヤフラム ポンプ 人力 加圧 消毒 防除 除草 カバー付き","1178","83","100","281","¥ 11,378","¥ 11,378","20","B06XTF84MJ","B077D336KW","56.4","46.8","23.8","4300"
"セフティー3(Safety-3) アニマルネット 補強ロープ入 目合16mm 幅2×長さ50m","1185","77","","537","¥ 9,626","¥ 9,626","8","B079Z7J6Q4","B07BFY2P9Q","205","16","16","6200"
"非農耕地用除草剤 グルホシネート18.5％除草剤 5Ｌ","1192","100","300","133","¥ 7,900","","9","B08PCPSG3L","B0GC3CM8GW","29.3","21.1","12.8","5660"
"ニッペ 水性ウッディガード3．2L オーク","1197","57","","13","¥ 5,300","¥ 5,706","11","B0087NAXRM","B01N952YKG","26.7","21","12.6","3660"
"シンワ測定(Shinwa Sokutei) 直尺 ステン 5m 14095","1199","70","","2857","¥ 140,140","¥ 199,778","13","B002KCHEZ0","B0C7XH4SG2","510","18","5","7800"
"【2026 新型】SEESII 電動チェーンソー 充電式 ハンディチェーンソー 小型 電動のこぎり 給油可能 工具レスチェーン調整","1208","58","200","456","¥ 6,980","","1","B0H369HGGK","B0H3593K9J","41.9","19.2","13.6","2690"
"女性用 どこでも簡単トイレ トイレの女神PREMIUM 簡易トイレ 【防災士が監修】 15年保存&日本製凝固剤 携帯トイレ 防災トイレ 非常用トイレ 防災グッズ 防災ガイドブック付き (100回)","1210","72","300","197","¥ 6,783","","1","B0CJBQ8GZ6","B0DM67RG11","26.2","19.9","14.2","2900"
"三菱電機(MITSUBISHI ELECTRIC) 天井埋込形換気扇 低騒音 VD-10ZC14","1211","81","500","252","¥ 5,900","¥ 6,785","13","B0CYT22G5V","","32","27","22","1590"
"HAPPYJOINT スリーク 6本 ソーラーライト 屋外 防水 人感センサーライト ポールライト IP65 最長120時間点灯 高さ調節 暖色 玄関 庭 防犯ライト","1220","72","50","111","¥ 10,710","","1","B0GTNWMRC9","B0GRG8F71L","36.5","30.3","11.8","1730"
"Waitley マキタ 互換バッテリー 18V BL1860 6.0Ah 2個 過放電カットオフ＆多重保護回路搭載 残量％表示付き","1236","99","500","167","¥ 6,638","","1","B0FCMBVVW8","B0GTR65YH4","29.8","10.2","9.8","1340"
"高圧洗浄機 コードレス【8.5MPa×6L/min水量強化・強力洗浄・超軽量560gで片手操作・恒圧システム搭載・航空グレードカーボン・二重密封構造・ 耐久性30％向上・ぴかぴか洗浄店監修】充電式 洗車機 PSE認証済 バッテリー2個 残量表示 マキタバッテリー互換 5m柔軟ホース 6in1ノズル 自吸式 ペットボトル対応 水道不要 コンパクト収納 ベランダ 玄関 網戸 窓 家庭用 人気","1239","6","","11","¥ 7,999","","2","B0GT4S54VX","B0HGBD54J7","36.5","29.3","12.7","2820"
"パナソニック(Panasonic) 露出コンセント L型2コ口コンセント ミルキーホワイト 【純正パッケージ品】 50個セットWK1013WP50P","1243","71","","113","¥ 12,800","¥ 17,917","3","B0BVZ2MZ1H","B0C3CXC2QN","33.3","32.5","13.3","3600"
"HiKOKI(ハイコーキ) 第2世代マルチボルト蓄電池 36V 2.5Ah/18V 5.0Ah 0037-9241 BSL36A18X","1244","109","500","407","¥ 12,200","¥ 13,064","21","B0BPGKPBY8","B0G2T1QZVL","12.4","8.7","8.2","770"
"Cool Time(クールタイム) 日よけシェード 日除け 400×600cm 四隅ステンレスDリング UVカット率90% 断熱42%以上 ムレにくい 遮熱・プライバシー保護 西日対策 屋外 ベランダ 窓 庭 テラス キャンプ アイボリー 3年品質サポート","1767","35","","867","¥ 9,280","","1","B0GGZBHCTR","B083LG4VF6","43.5","36","16.2","4990"
"ランダムオービタルサンダー木材用：DEKOPRO 14000OPM 電動サンダーマシン 5インチ、可変速度、集塵機付き、木工用サンドペーパー16枚付属、研磨用、ブルー＆グレー","1249","64","","3760","¥ 8,522","","3","B0D9VTSSN7","B0H5NH9GMP","20.6","16.4","14","1680"
"JEJアステージ コンパクトアルミケース深型 T3AA-CF","1267","68","","249","¥ 6,355","¥ 6,355","11","B0C2YXFV71","B0C6PXPS33","43.4","35.4","18.9","2080"
"LVYUAN ソーラーケーブル 4sq 11AWG 長さ20m 最大電流約47A 最大電圧1500V(DC) MC4 IP68防水コネクタ ソーラー 延長用 ソーラーパネル接続用 コネクタ付きソーラー用ケーブル MC4コネクター ソーラーコネクター 2本セット（赤線+黒線）【◆TÜV認証&IEC安全規格適合品】","1269","92","50","40","¥ 6,798","","1","B0DL3MNRG9","B0D6N16P66","22","22","8","2300"
"Haikawi 遮光ネット 5mx5m 屋外 日除けシェード UVカット90% 高密度ポリエチレン 遮熱・遮光 節電グッズ 耐候性 ベランダ/庭/駐車場 プライバシー保護","1274","49","","343","¥ 5,369","","1","B0GQNHWKWR","B0GQNG1NNH","40","30","10","850"
"防災のミカタ 非常食 セット 防災食品 保存食 5年保存 アルファ米 災害用 長期保存 備蓄食料 パン 防災グッズ","1277","82","400","80","¥ 16,910","","2","B0D32QP686","","44","31.3","18.7","7860"
"尾上製作所(ONOE) ガーデニングジョーロ8L [屋外 丈夫なトタン製 きめの細かい柔らかな散水 コシ網付きで目詰まりしにくい 細かい水 細かい筒先 じょうろ 園芸 水やり 大容量 8リットル 盆栽 日本製]","1279","83","","82","¥ 5,212","¥ 5,212","9","B08DNL4RFB","B0FSQQJNGY","76.8","29","24","1560"
"TRUSCO(トラスコ) 山型工具箱 373X164X124 OD色 Y-350-OD × 12個 【ケース販売】","1279","61","","2848","¥ 26,861","¥ 26,861","1","B0C4T66HRL","B0CB5L1Z13","53","51","36.5","15600"
"パナソニック(Panasonic) フルカラー モダンプレート6個用 ダークベージュ 20個セットWN6006Y20","1285","25","","954","¥ 8,162","¥ 8,162","1","B0BVZ4ZW3T","B09LL7LGTG","22","14.2","12.8","1200"
"【10袋セット】アイリスオーヤマ 固まる砂 超硬い 固まる防草砂 15kg ブラウン","1293","83","100","28","¥ 10,915","","3","B0CVPSVK4G","B0D31LJM8P","68","48","35","150000"
"東プレ 浴室 洗面所用 強力防錆 飛散防止 AR（Anti Rust）交換用耐湿加工鏡 縦508×横356×厚5㎜ AR-6 ミラー","1298","62","","3","¥ 7,998","¥ 7,998","1","B0861J886X","B09KC2ZMRW","56.5","42.1","2.9","2650"
"HiKOKI(ハイコーキ) 14.4V 18V 兼用 充電式 ブロワ 大風量 低振動 風量3段切替+無段変速スイッチ 蓄電池・充電器別売り RB18DC(NN) グリーン|ブラック","1300","89","400","1133","¥ 9,808","¥ 9,808","20","B09DG4122J","B0FH92WD3G","31.4","21.5","17.7","1590"
"パナソニック 温水便座 CH951SWS","1313","104","300","303","¥ 16,980","","21","B0BW2WKDB6","","58","51.9","17.3","4780"
"猫壱 バリバリボウルタワー 交換用支柱セット ライトブラウン","1316","48","","19","¥ 5,449","¥ 5,449","1","B0DDXYH1B1","B0H2GD2RSD","58","52","52","2030"
"アイリスオーヤマ 【防災士監修】 防災グッズ 防災リュック 2人用 42点 エアーベッド、エアー枕付きで避難所でも快適に過ごせる防災リュック 簡易トイレ 撥水加工 ホワイト BS242","1317","80","400","283","¥ 21,000","¥ 21,243","3","B08XMCHQ7Q","B0DQ19NQRJ","54.4","39.8","28","7410"
"【2026新作園芸強化モデル】草刈り機 充電式 コードレス バッテリー草刈り機 軽量マキタ18Vバッテリー対応可能 4000mAh大容量バッテリー2個付属 草刈り強力 草刈機 芝刈り機 電動草刈り機 LED電池残量表示付 高効率チップ 多地形 伸縮・角度調整可 4種類の替刃で芝生 枝切り 畑 雑草 植木対応 家庭・農業園芸両用機器 日本語取扱説明書付き","1325","73","500","61","¥ 8,999","","1","B0H5C8VXWZ","","88.5","16.5","10.5","3400"
"キンボシ(Kinboshi) ゴールデンスター LCA-260RW 電動ローンコーム サッチング","1338","76","","12","¥ 90,613","¥ 90,613","14","B000ET0KG6","B0DNYJYTRX","60","41.5","37","14651"
"HaruDesign (2台セット) 植物育成ライト GL-BOARD800 育成用高効率SMD2835LED搭載 size30x30cm 固定60W スイッチ付き調光機能無し 防水性能IP65 製品3年保証","1340","74","50","29","¥ 6,388","","1","B0FD8P9HXQ","B0DY1HPLKH","34","32.8","10.1","2020"
"JEJアステージ(JEJ Astage) 収納ボックス 日本製 耐荷重500kg キャンプ 椅子 踏み台 工具箱 積み重ね [Xシリーズ シールドボックスシャット 500HX] ブラックグリーン 防災 幅52×奥行36×高さ43.5cm","1341","88","","102","¥ 6,013","¥ 6,013","13","B08VJCSV2J","B0BNMFTC8W","53","44","37","3160"
"備えて安心 24点女性用防災基本セット 1人用 防災セット 24種類 合計37点入り 保存食 保存水 非常用トイレ 水袋 口腔ケア ライト 衛生用品 避難 地震対策 防災グッズ (ピンク)","1342","46","100","341","¥ 7,190","","1","B07PMBGWHB","B0DL266NNY","35.8","25.9","15.4","3220"
"AOYYE 正規品 簡易トイレ 携帯トイレ 非常用トイレ 簡易トイレ 災害用 防災 防災グッズ 凝固剤60パック 処理袋60枚 170kg耐荷重 簡易テント ポータブルトイレ 防災トイレ キャンプ 日本語説明書付 (グリーン, （トイレ＋テント）)","1346","89","500","52","¥ 7,180","","1","B0GJTQ8D26","B0GJTRT9JH","60.8","60.5","10.4","5530"
"タジマ セフシステム セフツールバッグ TB-TBAG","1356","79","50","56","¥ 9,700","¥ 9,700","25","B0CQ7GNMCP","B0G1YC5LKW","51.9","36.2","32.1","4480"
"レインボー薬品 除草剤 ネコソギブロックV粒剤 5kg袋 長期間持続","1359","87","100","64","¥ 5,984","¥ 5,984","13","B0DNM7PNBM","B0F1DNMH3Q","41.3","26.7","8.2","5030"
"太洋電機産業(goot) 銀レス鉛フリーはんだφ1.0㎜ スズ残部/銅0.7%/ニッケル0.05%/ゲルマニウム0.01%以下 500g リール巻 ヤニ入り SF-C50010 日本製","1359","59","","36","¥ 12,178","¥ 12,178","2","B0C8YYG75W","B0D2L61GR4","6.7","6.7","6.2","541"
"QOLIFE 電動インパクトレンチ 650N・m 強力 インパクトレンチ ブラシレスモーター 無段変速 正逆転両用 2種トルクレンチ対応（1/2""・1/4""） ソケット9本付け 照明ライト付き コードレス タイヤ交換 車用 ナットの締め付け ボルトの緩み 締付工具 過負荷・過熱保護 マキタ21V互換 4000mAhバッテリー 電動レンチ 日本語取扱説明書付き (ライトブルー)","1360","99","200","68","¥ 6,399","","1","B0GF7RDQJ4","B0HCZVW38Q","34.7","31.5","12.1","3360"
"山善(YAMAZEN) 洋風たてす そよ風メイド 3連 幅200mm Y-2020T BR ブラウン","1364","66","50","489","¥ 12,693","¥ 12,693","2","B00284NS1E","B0H4ZBPKSP","164","16","12","6500"
"イチネンTASCO 室外機ルーバー(取付台座付) TA979TM","1367","97","300","324","¥ 7,296","¥ 7,296","2","B087BJMH9T","B0DKN894D3","71","9.2","8.6","1150"
"カンペハピオ ペンキ 塗料 水性 2分つや 室内かべ用 シックハウス対応 防カビ剤入り 室内かべ用塗料 ミルキーホワイト 14K 日本製 00317650513140","1879","60","","306","¥ 14,054","¥ 14,054","10","B084QBGN5M","B0BN9MMQ8M","35.9","26","24.4","15320"
"アイホン インターホン ドアホン テレビドアホン カメラ付き玄関子機 モニター付き親機 わかりやすい画面表示 カメラレンズ調整可能 JS-12E","1373","112","300","1078","¥ 14,400","","5","B07TH669Q7","B0DBZ9HKWH","24.4","19.3","5.4","750"
"SANEI(サンエイ) 散水用 二口横水栓 呼び13 ジョインター接続 吐水パイプ回転 水道 蛇口 二股 二口水栓 F126V-13 シルバー","1376","90","300","322","¥ 5,533","¥ 5,533","19","B093KTZ4C4","B0FJ84DMLW","15.2","13.2","9","680"
"MORCART タイルシール キッチン 洗面所 防水 耐熱 タイルシート (30x30cm, 20枚, 長方形・グレイアーモンド)","1551","46","","293","¥ 7,979","","1","B0F6D1H8WH","B0D9W3MBGM","33.4","33","3.5","1730"
"Enelife マキタ 互換 バッテリー 18V シリーズ 長寿命電池搭載 日本メーカー保証 残量表示機能 5億円製造物責任保険付 (BL1860B/HC_2026年モデル・単品)","1379","87","100","198","¥ 9,600","","1","B0BMT1M46X","B0GRTSJK5R","13.2","8.9","7.9","680"
"マキタ リチウムイオンバッテリBL1830B 18V 3.0Ah A-60442","1388","117","400","768","¥ 12,491","¥ 12,491","17","B01BW74OL0","","26","19.5","12","800"
"マキタ 18V バッテリー 充電器セット 6.0Ah BL1860B 互換 Waitley マキタバッテリー 18ボルト 充電器 防火材料シェルと長寿命電池セル採用 DC18RC DC18RF DC18RDなど互換 製造物責任保険付 PSE認証済品 (18V/6.0Ah 2個 + 充電器 セット)","1394","87","300","281","¥ 9,979","","1","B0D5XY774Z","B0DFW1FZBH","28.4","20.7","10.2","1890"
"シーラー30cm卓上インパルスシーラー溶着式 シーラー機温度は８段階に調整","1410","77","50","418","¥ 5,519","","1","B0B86W6257","B0HCVZTGLJ","42.8","17.9","10.3","1050"
"ダイドーハント (DAIDOHANT) 針金 [ビニール被覆] カラーワイヤー グリーン ( 緑 ) [太さ] #12 (2.6 mm x [長さ] 180ｍ 10155468","1415","56","","314","¥ 6,931","¥ 7,493","8","B00OPYEVOI","B07XD8MG64","35","35","6.4","5010"
"Jackery (ジャクリ) ポータブル電源 500 New 512Wh リン酸鉄 長寿命 定格出力500W","1416","117","200","130","¥ 38,870","","1","B0FBRK8GSP","B0FGXSS391","37.5","27","26.7","7640"
"AZ4U スプレーボトル アルコール対応 霧吹き マイクロミスト 連続ミスト 空ボトル アトマイザー 熱中症対策 葉水 化粧水 300ml (300, ホワイト) (× 5)","1419","25","","223","¥ 8,400","","","B0GZGGXY36","B0C7C52TS6","25.5","7.9","5.7","550"
"グリーンライフ ホースリール ステンホースリール 40~45m巻用 内径15㎜ホース用 SH-K","1426","77","","647","¥ 10,200","¥ 10,595","15","B004D2F3U8","B0FGGSZ2SC","45.1","41.9","33.9","3770"
"ガーデンマスター(Gardenmaster) アルミベンチ 幅180×奥行36×高さ40cm サビに強い 屋外 アルミ縁台 ガーデンチェア 軽量 シャンパンゴールド KJE-180(LGC)","1428","65","","839","¥ 14,601","¥ 14,601","2","B0FLBTVG8X","B07GTCH5ZY","183","39","8","8500"
"TRUSCO(トラスコ) ブレードホース 10X16mm 20m TB-1016-D20","1431","55","","3","¥ 6,172","¥ 6,172","10","B083XJVR79","B09PBRJ94Q","33.5","33.5","33.5","3080"
"HiKOKI(ハイコーキ) 旧 日立工機 AC100V 丸のこ のこ刃径165mm 最大切込み深さ57mm アルミベース仕様 FC6MA3 【初心者から中級者まで】【軽量でコード(2.5m）も長い】","1433","102","400","2474","¥ 10,680","¥ 10,680","23","B07JGDW9H5","B08T64ZGCJ","30.5","28.4","21.8","4410"
"マキタ 18V バッテリー互換BL1860B対応マキタバッテリー 6.0Ah","1433","90","100","192","¥ 9,879","","1","B0DXSQFHYX","","25.5","16.3","9.2","2560"
"ムサシ(MUSASHI) 充電式除草バイブレーター 振動式 草取り ガーデニング 園芸用品 電動雑草取り機 イエロー WE-750(Y)","1439","100","300","877","¥ 5,380","¥ 5,491","38","B07BSJ14R5","B0GQSL9HJ6","32.1","16.3","8.3","1040"
"山善(YAMAZEN) チップソー 10枚セット 万能刈り 雑木 雑草 荒地 取付穴径25.4㎜ 刃数36 外径230㎜ 排気量25㏄以下 台金刃 チップ刃 4面研磨 強力埋込 刈払機 草刈機 BK-SH230*10 ブラック","1440","8","","","¥ 14,237","¥ 14,237","1","B0CJZF5KMC","B0H9QXH9MW","36.2","26","17","4500"
"マキタ(Makita) 充電式エアダスタ 18V バッテリ・充電器・ケース別売 AS180DZ","1443","107","400","664","¥ 17,177","¥ 17,177","19","B0BZHKNHHV","","27.4","19.6","15.9","1500"
"Haikawi 日除けシェード 5mx5m 日よけスクリーン 日除け オーニング シェード 目隠し 遮光ネット UVカット 取り付けも簡単 高密度ポリエチレン 家/廊下/庭下/屋外 バルコニーサンシェード ひよけ (コーヒー色)","1446","47","","234","¥ 7,082","","1","B0CXTMMY6P","B0GN551TSK","40","35","16.7","2380"
"近与(KONYO) SUN UP サクションホース φ75x20m","1465","98","","680","¥ 37,905","¥ 37,905","3","B00E4ARHIA","B081H9T1CW","145","137","20","35700"
"ブロワー 強力 洗車用 新登場【22 万回転モーター・120m/s 爆風・720g 強風圧推力】第四世代進化モデル 6 段階風速ロック","1469","58","500","34","¥ 6,998","","3","B0H4L3GWSH","","36.8","27.2","10.8","2090"
"WHATNOT(ワットノット) 折り畳みギアコンテナ ツールバッグ ブラック 幅620mm×奥400mm×高380mm GC-01-BK","1472","78","","218","¥ 10,081","¥ 10,081","1","B09R6NQH3G","B0CSYNLHLK","70.6","47.5","13.6","3560"
"TRUSCO(トラスコ) トランク型工具箱 203X109X56 シルバー T-190SV × 60個 【ケース販売】","1474","41","","1884","¥ 69,100","","1","B0C4TJHPQ2","B0C9DCNCCN","230","120","20","22320"
"【Amazon.co.jp限定】高儀 電気丸のこ 電動丸ノコ マルノコ 丸鋸 電動ノコギリ 電動工具 DM-147AZA Primero プリメロ AC100V 家庭用 小型 木材・合板の切断 電源コード2mで取り回しに便利 電動 DIY 147mm","1490","77","","551","¥ 7,345","¥ 7,345","1","B07NV6DBZW","B0GNPNRQZR","26","23","22","3000"
"マキタ(Makita) 充電式草刈機 18V バッテリ、充電器別売 MUR194DZ 青","1516","89","500","878","¥ 10,736","¥ 10,736","11","B09WY963JZ","B0D7ZDJTSN","150","25.5","11","4400"
"お守り研究所 土のう袋 土嚢袋 とうさんゾウ 水で膨らむ 3セット(計18枚) 吸水土のう 土不要 高吸水性ポリマー 台風 豪雨 水害対策 防災 備蓄","1519","17","","11","¥ 9,240","","1","B0H6K2V5FS","B0H6C2L2H4","75","60","50","5000"
"新富士バーナー(Shinfuji Burner) パワーガス・プロ レギュラー L RZ-8703 (RZ-870 x 30本パック)","1521","57","","24","¥ 12,805","¥ 12,805","1","B0FTS2K85D","B0GNZD6S3J","41","35.9","26.4","14330"
"Lampat ポリッシャー 車 ダブルアクション マキタ18Vリチウムバッテリー対応可能 コードレス 電動ポリッシャー 充電式 8段階変速 150mm裏板 6000-2500RPM 強力モーター 過熱防止機能 バッテリー残量表示 偏心構造 ワックス掛け 艶出し 車磨き 鏡面磨き 錆落し ランダムオービットサンダ 家庭用 研磨機 日本語取扱説明書【本体のみ・電池と充電器別売】","1522","110","300","509","¥ 5,285","","1","B0D5R9LW23","B0H6VBRM36","35.2","20.3","18.4","1560"
"SANEI(サンエイ) シングルスプレー混合栓 ホース引出式1.1m 水流切替 高さUP 角丸デザイン 一般地用 K3720EJ 洗面台 蛇口 洗髪用 省エネ","1523","69","","3","¥ 19,800","¥ 19,800","1","B0GGYWTG8Y","B0GKMJ2HQG","33.2","32.5","9.7","1620"
"​ZOTA ミニポリッシャー,50mm/75mmダブル裏板電動ポリッシャー 車，100V六段変速 3000-7200RPM 恒定回転速度ポリッシャー 小型，8mmポリッシャー ダブルアクション，車のディテールや狭いカーブ、ヘッドライトやAピラーの周りの傷に最適です，オートバイに適した小さなエリア。","1530","94","300","495","¥ 9,970","","1","B0C3M69WKD","","34.3","14.2","13.3","2230"
"オーム電機monban センサーライト 屋外 人感センサー コンセント ledライト ac電源 4500ルーメン 3灯 IP44 防犯 自動点灯 消灯 ガーデン 庭 玄関 駐車場 LS-A450W3 07-8810 OHM","1538","100","100","159","¥ 5,700","¥ 5,700","9","B0CQ8F2F8Q","B0D4Q6J6SS","35","21","14","900"
"ポイレ 日本製 携帯トイレ 個包装 (ピンク, 100個, 凝固剤, 排便袋) 【 防災士監修 】 15年保存","1539","43","","","¥ 13,600","","1","B0GQ38PZ7F","B0D8TR6VV5","22.6","22.5","18.4","2610"
"[ネセクト]不織布プランター 根域制限 ベランダ栽培 野菜栽培 果樹苗木 鉢カバー プランターカバー[日本国内企画品] (グレー12枚, 15ガロン 幅45×高35cm)","1565","7","","574","¥ 6,192","","1","B0DXCBDZ18","B0CG2B6PTR","35.6","27.3","4.4","390"
"オカ(OKA) フルールブラン ロングトイレマット 4点セット (トイレマット +フタカバー+ホルダーカーバー+スリッパ) ピンク (4点セット 北欧 洗える 滑り止め 洗浄 暖房 O型 U型)","1567","36","","4","¥ 10,967","¥ 10,967","1","B0CP39WRH8","B0FPM7XH3M","48.3","41.4","13","1170"
"Waitley マキタ18V バッテリー互換 6.0Ah ２個セット カットオフ機能、過電流保護、過放電防止など多重回路保護機能が搭載 ％で残量指示付","1570","88","300","161","¥ 6,637","","1","B0F8VVPQ2R","","30","10.4","9.9","1360"
"HiKOKI(ハイコーキ) 18V 充電式 ヘッジトリマー 植木バリカン 刈り込み幅 350mm 蓄電池・充電器付き CH1835DA(BG)","1573","92","300","309","¥ 13,136","¥ 13,136","17","B0BWPSRF5N","B0GWDC3M2B","77","19","19","3360"
"尾西食品 アルファ米 14食セット 計量カップ付き 非常食 保存食 長期保存","1578","75","400","1751","¥ 5,151","¥ 5,151","1","B08Q4HMKTN","","26.1","21.7","17.2","1640"
"防災 バッグ 防災士監修 2026年改良モデル セット リュック 避難 非常用持ち出し袋/簡易トイレ 寝袋 避難グッズ 1人用 32点","1588","85","500","43","¥ 9,006","","2","B0GNLLYWW1","B0HGLF5ND3","39","32","23","3950"
"フローラ(Flora) 植物活力剤 HB-101 緩効性 顆粒 1kg 花 野菜 観葉 多肉 土作りに 生育期の栄養補給に 100%天然成分 世界中の8000万人の農家・園芸家に愛されておよそ50年","1595","94","","708","¥ 6,300","¥ 6,300","17","B0017S4Q2W","B08HWCCHTS","23.1","17","7.3","1030"
"川口技研 階段用すべり止め スベラーズ 一般 室内用 SU-LB 670mm うす茶 14本入","1607","64","50","1794","¥ 5,311","¥ 5,311","19","B0098E9HBM","B0CZ4734FM","75","12","6.4","2060"
"【防災士×管理栄養士監修】非常食セット 4人用 3日分 計36食＋おやつ付き 尾西食品 アルファ米 携帯おにぎり パン 災害用 長期保存 備蓄食料","1610","78","500","58","¥ 17,430","","1","B0FHVXRP73","","34.4","25.4","17.8","4200"
"防草シート 厚手 高耐久 2×30M 高密度 130g/m² シート防草 不織布 除草シート雑草防止シート固定ピン60本と黒丸60枚付き 家庭菜園 農業 工事用 園芸用 人工芝下 （ブラック）","1615","68","","151","¥ 9,590","","1","B0GSVBJQ7K","B0H7RWV8V6","102.5","24.5","22.5","9900"
"Jackery SolarSaga 100 ソーラーパネル 100W 太陽光パネル USB-C/USB-A/DC出力 折りたたみ式 ソーラーチャージャー ETFE ポータブル電源 充電器 スマホやタブレット 充電可能 高変換効率 薄型 軽量 コンパクト 単結晶 防災 IP65防水 (100W 18V 5.55A) ジャクリ ポータブル電源 対応","1618","106","400","2277","¥ 22,620","","1","B07WDMXLHM","B0FRRXQJ2X","64.1","56","7","4660"
"MJJC ショートガンPRO用 洗車 フォームガン【第３世代 フォームキャノンS V3.0】 洗車セット 洗車用品 泡 ノズル 高圧洗浄機 1/4クイックカプラ(海外規格) アダプター、神泡シャンプーお試し200ml付属 (フォームキャノンS V3.0（青）1/4クイック用)","1625","86","100","100","¥ 8,580","","1","B0CV19CR9B","B0CV7Y1C35","25.8","23","11.8","1190"
"Jackery Solar Generator 240 New 256Wh ポータブル電源 100W ソーラーパネル 1枚 2点セット リン酸鉄 長寿命 定格出力300W 瞬間最大600W スマホ タブレット充電用 ソーラーチャージャー コンパクト 60分急速充電 UPS機能 アプリ遠隔操作 太陽光発電 車中泊 停電 節電 防災 ジャクリ [型番:JE-240A]","1626","109","","38","¥ 54,080","","1","B0D81ZKJ4J","B0D8HMHDZS","28.8","26.8","19.8","7500"
"工進(KOSHIN) バッテリー内蔵式噴霧器 BGTシリーズ BGT-5DR 電動 充電式 除草剤散布機 農薬噴霧器霧吹き 肥料散布機 農薬散布機 動噴 園芸用霧吹き 園芸用スプレー","1629","94","200","86","¥ 5,980","¥ 6,013","9","B0F5HCLK1Q","B0F5PTGFBB","43","40","34","1900"
"BIGLOONG 日除けシェード 日よけ 暑さ対策 雨除け撥水防水 サンシェード 400Dポリエステル ハトメ式強度UP PU塗装 紫外線UVカット ベランダ オーニング 芝生 庭園 プール 池 デッキ カイルヤード 中庭 裏庭 ドアヤード 公園 カーポート パーゴラ サンドボックス (紺色, 2.5*3.5m)","1635","52","","114","¥ 5,989","","2","B0GRH1Y3K4","B0GRG4WQXK","35.9","34.3","6.8","1250"
"IKERY LEDテープライト防水 30メートル RGB リモコン スマホアプリ対応 音楽連動 LEDテープ 1600色調光調色 タイマー機能 LED strip light テープ間接照明 オシャレ ロープ テープライト","1637","57","","4","¥ 5,413","","1","B0DJ2J7GQJ","B0B1LGJ66D","30.1","28.4","3.5","1020"
"マキタ コードレス掃除機CL180 カプセル式 18Vバッテリ充電器別売 CL180FDZW","1642","103","300","1263","¥ 7,318","¥ 7,318","14","B00B708NQ0","B07BPWBXH8","49","16","14","1570"
"京セラ(Kyocera) 旧リョービ プロ用 集じん機 AVC1100 683454A ブラック 【乾湿両用タイプで木くずやホコリ、床にこぼれた水もスッキリと吸引】 吸込仕事率160W 集じん容量 乾燥(15L)・液体(12L) 排水ドレン付","1643","100","50","58","¥ 16,095","¥ 16,095","15","B09R49YDHX","B0C4T14M9F","53.2","40.6","37.6","8940"
"延長コード HITRENDS屋外 延長ケーブル 電源コード 防水 1口 屋外 防雨 延長コード 電源タップ トラッキング火災予防 絶縁キャップ付き 屋外 コンセント延長 電源コード 作業用 野外用 電動工具、草刈り機、照明用、掃除機、扇風機など対応 PSE認証 (ブラック, 30m)","2083","41","","526","¥ 5,080","","1","B0BZD1VLJ5","B0H2M99GN1","25","24.4","7.4","1770"
"高圧洗浄機 コードレス 充電式【2000mAh*2個バッテリー付き】マキタ互換バッテリー 6in1多機能ノズル 噴射距離10M 8MPa 5mホース 軽量 ポータブル 家庭用洗車機 駐車場 庭 外壁 階段 黄砂 ベランダ 窓 網戸 ガラス 玄関 浴室 墓石掃除 フォームガン 収納ケース付き 日本語取扱説明書 (ブラック)","1644","21","100","786","¥ 6,898","","5","B0H9L2D4CK","B0HG8L239D","34.8","26.2","11.7","2710"
"置くだけ簡単フロアタイル 【72枚/約6畳】 フロアタイル フローリングマット フロアシート 敷くだけ 上から貼るだけ 賃貸OK 木目調 ウッド調","1706","77","100","174","¥ 8,799","","1","B0DT18FR85","B0DT18C3NB","32.2","17.5","17.4","8020"
"LEDストリングライト USB充電式 防雨型 9m 5000mAh 電球色 PC素材 リモコン付き 8種点灯モード 屋内屋外照明 2個入り","1653","27","","","¥ 5,099","","1","B0GZVMZKL6","B0DSHRHGVT","25.5","25","10","630"
"マキタ(Makita) 充電式インパクトドライバ（青） 18Ｖ バッテリ・充電器・ケース別売 TD173DZ","1657","104","400","481","¥ 18,687","¥ 20,345","22","B0BXS6WVWT","","39","31.5","13","2550"
"【Amazon.co.jp限定】 HiKOKI(ハイコーキ) 18V 充電式 エアダスター RA18DA 軽量1.15kg エアブローガン 初回修理保証(1年間)付 バッテリー・充電器・吸引ノズル別売 RA18DA(NNN)","1661","88","300","55","¥ 9,900","¥ 9,900","1","B0GRZWDVMW","B0HFFGRWLP","22","17.7","8.9","550"
"TOTIO 超広幅木目調自貼壁紙 122cm×4m ブラウンウォールナット 木目カッティングシート シール リメイクシート 剥がせる 防水 防カビ 耐熱 防油 防汚 DIY ビニールウォールステッカー キッチン 浴室 家具補修 厚手 艶なし","1664","73","","1006","¥ 6,980","","1","B0D4HGR2PF","B0GW8G5R91","122","4.3","4.3","1160"
"タカショー ソーラーライト 屋外 ソーラーセキュリティライト ExLights MARS ダークグレー LGS-EL07","2311","78","","12","¥ 5,185","¥ 5,185","4","B0DFP3J1CF","B0FLCMXSTZ","14.4","12.8","11.4","440"
"高圧洗浄機【2026年新登場・超軽量660g・充電式・9MPa】コードレス 高圧洗浄機、バッテリー、残量表示、水道接続不要、収納ケース付き、5メートル超柔軟ホース、加重フィルター、新型透明泡ノズル、新型多機能5in1ノズル、洗車機、ペットボトル使用可能、小型自吸式、コンパクト設計、洗車用グローブと床掃除ブラシ付き。洗車、園芸、玄関、ベランダ、キャンプ、年末大掃除など家庭用に最適。 (ブラック)","1667","98","200","53","¥ 8,564","","1","B0G6KKX9SF","B0GZGH544Z","26.3","24.1","15.6","1990"
"センサーライト 屋外 ソーラーライト 人感センサーライト 防犯カメラ型 ダミーカメラ 赤光威嚇 IP66防水防塵 電源配線不要 太陽光充電 自動夜間点灯 人感検知 8LED 800ルーメン360°角度調節可能 屋外照明 防災ライト ガーデンライト 壁掛け庭先 玄関周りなど対応 ブラック 2個セット","1669","70","50","1001","¥ 5,592","","1","B0C1BRPLLK","B0C1NKFM1L","22.5","20.4","16.6","900"
"ソーラーライト LED 電球色 ガーデンスポットライト 防水 屋外 自動点灯 (４個)","1671","59","50","136","¥ 5,598","","1","B0GKXRQTKR","B0HD2HZWY7","30.5","20","10","1200"
"XiaZ 防草シート 10年耐久 150ｇPET素材 1m×20m 厚手不織布 高透水 雑草防止シート 除草シート 雑草シート 30セット固定ピン・ワッシャー付き ぼうそうしーと 雑草対策 家庭菜園 花壇 庭 通路 墓地 農業 砂利下用ボウソウシート 施工簡単 グリーン","1672","91","50","112","¥ 5,585","","1","B0GGQXQHBB","B0GGR1FZH8","43","33.9","19.5","3300"
"人工芝 ロール 1mx20m リアル感 芝丈30mm 高耐久 透水タイプ 防草シート 48本ピン付き ナチュラルグリーン (1x20m, ナチュラルグリーン)","1673","77","50","384","¥ 14,619","","1","B0CJLKW8ZF","B0CJLQ29R7","100","33","33","35000"
"フローバル プロスタイルツール 清水用水中ポンプ マイティポンプ PSP-100S 50/60Hz共用 奥行13.8×高さ26.3×幅15.9cm","1674","96","500","286","¥ 8,145","","8","B07W5YMCKH","B07WCNDB94","31.5","20.2","14.9","4290"
"【2026新型 草刈り登場】草刈り機 充電式 コードレス 強力 電動草刈り機 草刈機 芝刈り機 マキタ18V バッテリー互換対応 4.0Ah大容量バッテリー2個付属 軽量 LED電池残量表示付 多地形に対応 伸縮・角度調整可能 4種類の替刃で芝生 枝切り 畑 雑草 植木対応 家庭・農業園芸両用機器 草取り機 園芸用品 日本語取扱説明書付き","1677","89","500","114","¥ 7,999","","1","B0GZHC3DNM","","89","16.5","11","3170"
"フジワラ化学 内装調湿性仕上塗材 かんたんあんしん珪藻土 ホワイト 10kg","1681","97","50","1002","¥ 9,209","¥ 9,209","5","B00CY2X5B8","B0BJDLH1KM","38.2","32.2","29.2","11360"
"マキタ(Makita) 充電式レシプロソー 18V バッテリ・充電器・ケース・レシプロ刃別売 JR189DZ","1683","99","300","475","¥ 19,228","¥ 19,228","15","B0BQ1M8YQX","","43.7","17","10.7","2350"
"マキタ(Makita) 260mm充電式草刈機 18V バッテリ・充電器別売 MUR193DZ","1685","93","500","450","¥ 10,598","¥ 10,745","14","B0B5DBWMD9","","119","25.5","11","3500"
"[バートル] 24Vリチウムイオンバッテリー AC09 エアークラフト AIRCRAFT 京セラ製 2025年モデル 78マットブラック","1687","110","500","125","¥ 12,697","","10","B0DY4P264R","","15.9","11.6","6.6","550"
"リサール酵産 カルスＮＣ-Ｒ 10kg（粉状）","1689","101","500","463","¥ 6,218","¥ 6,218","6","B07BXCF3Y9","B0GF91V4WV","59","39","10","10100"
"フロア タイル 置くだけ 木目 【6畳/72枚】貼るだけ 床 マット クッション フロリング シート 材 Lareko（WD9711）","2358","69","","521","¥ 8,698","","1","B0GXL6TM6C","B0DT984XF2","95","18","10","22080"
"TENCEN カモフラージュネット 迷彩柄 迷彩ネット 偽装網 ギリーネット サンシェード 日除け 風通し 目隠し キャンプ 野外活動 サバゲー 野鳥撮影 狩猟 装飾 ウッドランド 6×8M","1691","34","","1315","¥ 10,700","","1","B093PYPML4","B07SZN43XL","57","47","43","3840"
"カーペット用 X-PROTECTOR 家具スライダー – 最高の8個セット 約9cm ヘビームービングパッド – 家具用スライダー 再利用可能な家具ムーバースライダーで家具を簡単に移動 カーペット用","1694","72","","1956","¥ 6,409","","13","B08JH1QLCD","B0D8PSJR53","24.7","20.8","2.4","168"
"アサヒペン NEW水性インテリアカラー屋内カベ用 5L 白 塗料 ペンキ 室内 壁用 ツヤ消し 1回塗り 無臭 防カビ 低VOC シックハウス対策品 日本製","1696","88","50","1510","¥ 8,413","¥ 8,413","19","B00JTLIS3C","B0H2TF8FRV","24.9","24.3","16.1","7860"
"非常カバー MMカバー 非常口 サムターン用 (シリンダー用） カバーのみ 10個セット","1697","63","","12","¥ 17,280","","1","B07C5R22B3","B07C5JG7TS","31.6","13.2","5.5","340"
"【24年度グッドデザイン賞】高儀(Takagi) EARTH MAN 3.7V 充電式 噴霧器 5L GSP-3.7LiB 内蔵バッテリー 消毒 除草剤 散布 除草 防除 肩掛け 手持ち ボディラインにフィット R型形状 スクエア式デザイン 注水口から直接給水可能 4WAYノズル 2WAYノズル 伸縮式パイプ 延長パイプ ロート スポイト USBケーブル typeC 付属","1698","73","","46","¥ 5,180","¥ 5,180","13","B0CZ8N3GQY","B09L16PZV6","33.9","32.1","16.1","1800"
"ボンスター 浄水蛇口 プレミアム 節水シャワー 10個組 一般水栓16ｍｍ 泡沫水栓外ネジ式 22ｍｍ","1705","67","","3","¥ 5,347","¥ 5,347","1","B0FFGNXXF6","B0FFMVCJ33","32.3","19.4","11.2","820"
"山善(YAMAZEN) ライト用三脚スタンド ロングタイプ E26 各種照明器具取付可 2m 折りたたみ 角度調節 縦横取付可 コード長3m 電源スイッチ式 屋内用 ライトスタンド 三脚 作業灯 ガレージライト LEDライト SSG-200","1710","60","","3","¥ 5,301","¥ 5,301","3","B0G114S42F","B0H8R5CCQ4","92","14.5","14","3020"
"マキタ(Makita) 充電式インパクトドライバ 18V 青 本体のみ TD149DZ","1711","97","100","1072","¥ 12,281","¥ 12,281","17","B0156FJAYA","B07DC78PGW","20.7","17","9.2","1090"
"マキタ リチウムイオンバッテリBL4025 36V(40Vmax) 2.5Ah A-69923","1716","110","300","141","¥ 14,380","","20","B0816LNV15","","26.3","21.3","11.4","780"
"【EX】PYKES PEAK パイクスピーク 宅配ボックス 屋外 戸建て 大型 チャコールブラック","1718","83","50","2417","¥ 17,982","","1","B0GN8S6JG1","B0GGLX89WC","91","48","46","20000"
"リファシャワー ホース/ReFa SHOWER HOSE(1.6m、シルバー) MTG エムティージー シャワーヘッド","1719","100","200","93","¥ 6,000","","1","B0CGTV7N43","B0CGTW952V","29.2","19.3","5.9","480"
"防草シート 耐久年数18～20年 GreenArts® 430Z グリーン 1m×50m PET製","1720","83","50","134","¥ 14,365","","2","B092D5Z8F3","B0FF8S2HX2","100","16","16","8000"
"Hocerlu ケーブル収納スリーブ ケーブルカバー 編組 長さ約100m 直径13mm ホワイト","1727","55","","2653","¥ 31,999","","1","B0C7KZT8QX","B0FCYDWSXG","15","10","1.2","300"
"スターフィルター 換気扇フィルター レンジフードフィルター レンジフード [枠サイズ: 横372×縦350×厚7mm] SFSET2-0-372350","1732","53","","1069","¥ 5,643","","1","B00SGLW3BY","B0B5G7L9R9","38.5","37","4","540"
"ECOPOTS Oslo 15号 直径45cm 鉢カバー 軽量 大型 プラスチック 天然石 植え替え ブルーグレー 北欧デザイン","1739","48","","1","¥ 14,150","","1","B0FG83HXPB","B0DLB18WYN","45","45","39","4250"
"アサヒペン 油性スーパーコート 10L ライトグレー 塗料 ペンキ 屋内外用 ツヤあり 1回塗り 高耐久 多用途 さび止め剤配合 紫外線劣化防止剤配合 日本製","2270","41","","751","¥ 18,541","¥ 18,541","20","B0033JUGHW","B0GTMQ5HS6","24","23.8","23.8","13000"
"電動ドライバー【1台4役・電動ドリルドライバー・ブラシレスモーター・60N.m・リアノック】電動ドリル 20+3段階トルク 無段変速 コンクリートビット スピード調節 リアノック 2個2.0Ah電池 電量表示 正逆転切替 LEDライト 29点セット 小型 コードレス 充電式 インパクトドライバー 強力 穴あけ DIY 電動工具 女性 初心者対応 家具組立 家庭用 日本語説明書 赤","1744","91","200","202","¥ 6,498","","3","B0G2H15HQ7","B0G38J5J3L","35.8","29.6","10.4","2560"
"ATsafeproトルクレンチ 19mm差込角 （3/4インチ 100-600 Nm） プリセット型 機械の整備 3/4トルクレンチ タイヤ 自動車 大型車、トラック、オフロード車スポーツカーなど・校正証明書・日本語取扱説明書付","1748","63","","","¥ 27,217","","1","B0DPHQT3GP","B0F5PPJ3LJ","100","18","8","7000"
"テーブル 脚 diy 家具脚 さ ささ ベッド 脚 ソファ 脚 高さ調整 脚 (ホワイト, 72cm-110cm))","1751","29","","226","¥ 5,980","","1","B0GXTT54DK","B0CZ3WK4RM","75","20","7","3900"
"アイリスオーヤマ 5段プラスチックラック 組み立て簡単 1分 工具不要 サビない 軽量 棚 耐荷重135kg 幅91.4x奥行45x高さ186.3cm PLR-9145 ブラック","1753","83","100","183","¥ 8,610","¥ 9,933","9","B0DMT1PJZV","B0FG7BZTSB","97","46.5","34.4","12890"
"トップ (TOP) 電動ドリル用 コンパクトソケット 9本組セット 対辺8~24㎜ ケース付 EDS-824CS 燕三条 日本製","1754","95","100","299","¥ 6,436","¥ 6,436","25","B00GLLUNOK","B09Z7YJ18N","23.4","12.7","6.6","1060"
"パナソニック 一般換気扇 スタンダードタイプ 排気･引きひも連動式シャッター 25cm FY-25P6","1755","102","300","184","¥ 5,687","","10","B0CLLMW7XM","","41.1","40.4","15.8","3040"
"etazakka 延長コード 電源プラグ延長ケーブル スマートスイッチ 屋外用 無線 リモートコントロールスイッチ 長距離送信機 100V/200V通用 防水スイッチ付き 防雨型コンセント 0.5M 屋外可能 10Aリレー 1000Wまで防雨キャップ付 作業用 蓋つき PSE認証 電源ケーブル 電源コード 作業用 2芯 汎用コンセント (1000Wまで-２個入り)","1758","45","","11","¥ 5,499","","1","B0DLGM7CF3","B0DLGLCF7H","12.8","11.4","10.1","550"
"トンボ 洋式便座 据置型 介護 和式トイレ用 段差なし 日本製 ベージュ 新輝合成","1768","99","","183","¥ 5,980","","19","B0011TZEIW","B0CTZB56K9","57.2","44.4","40.4","4520"
"Isdy 割れない鏡 貼る鏡 ミラー シール シート ウォール ステッカー 鏡 反射板 レフ版 (幅50ｃｍ×長さ8ｍ)","1770","60","","1540","¥ 6,980","","1","B084KLP9HB","B07S4CJJ2V","51.2","6.4","4.2","1480"
"Lamake センサーライト 屋外 ソーラーライト マグネット式【磁石付き+360°回転可能+USB充電可+超明るい】人感センサー 防犯ライト 昼白色 防水 フェンス ライト ガーデン/玄関/駐車場/庭などに最適 台風・地震・津波など用緊急ライト 4個入れ","1775","3","","","¥ 6,443","","1","B0H9KZD71W","B0HDMMQPTQ","16.8","14.5","10.5","730"
"[ネセクト] グルーガンスティック クリアホワイト φ7mm×150mm ホットメルト 強力接着 透明 ハンドメイド クラフト DIY [日本国内企画品] (1000本セット)","1782","34","","123","¥ 11,700","","1","B0H51KLJJF","B0FNLZWSFR","20","10","3",""
"DAIM 土と芝の根 どめどめシート 15cm 3m巻 12セット 花壇 土留め 根止め ガーデンエッジ","1783","54","","968","¥ 11,500","","4","B076M5T7CQ","B076M1K1P7","16","15","15","950"
"TheFitLife 伸びるホース 散水ホース 伸縮 ガーデン 庭 洗車 屋外 水やり 水道ホース 水撒き (10mから30ｍまで)","1785","65","50","1634","¥ 5,121","","1","B07Q2QZ294","B09FG8PS11","22","21","15.5","2250"
"花ごころ さぼてん多肉植物の土 10L×3袋","1787","55","","1446","¥ 6,553","¥ 6,553","1","B09RMR79H3","B0DVBVCBBR","54","39","20","16000"
"TOTIO 122CMx9M 超広幅 アルミシート ステンレスシール ステンレスいた板 金属銀リメイクシート キッチンステッカー 水はね防止シート カッティングシート アルミホイルシルバー アルミ壁紙シール 光沢があり 厚手 耐熱 防水 防油 防汚 防カビ 壁紙補修シート ダイノックシート 貼って剥がせる壁紙 DIYビニールウォールステッカー メタリックシール 装飾シート","1788","67","","1","¥ 12,960","","1","B0DDBV25L7","B0GW7YVV8Q","122","5.3","5.3","2610"
"エルパ(ELPA) 【日本防犯学校学長推奨】窓ピタッアラーム　防犯 　セキュリティ　窓からの侵入を防止　アラーム　窓に貼るだけ簡単防犯　衝撃＋開放検知式(ダブル検知タイプ) ４Ｐ　ホワイト　ASA-W13-N4P(W)","1793","76","50","299","¥ 6,180","¥ 6,180","9","B0CP7L323Y","B0GQGSMYT8","17.8","13.1","2.6","140"
"HiKOKI(ハイコーキ) iKOKI 18V 2.0Ah 薄型リチウムイオン電池 残量表示ランプ付き 冷温庫 UL18DC UL18DD UL18DBA対応 BSL1820M 0037-7795","1804","105","400","355","¥ 5,280","¥ 7,019","13","B0BT765P5R","","16.7","10.2","4.9","380"
"BAN-ZI (バンジ) サビキラープロガンブラック 4kg ガンメタ 水性 錆転換 赤サビ 黒サビ DIY 塗料","1813","91","","195","¥ 15,190","¥ 15,190","7","B084GRC7LL","B0CVMYK6GZ","24.1","19.3","19.1","4620"
"SPAHER LEDテープライト 高輝度 チューブライト 防水 リニア発光 シリコンチューブ 曲がりやすい 切断可能 取付け簡単 目に優しい 間接照明 DIY 飾り 100V【2025新開発】（昼光色 20メートル）","2113","57","","19","¥ 21,990","","2","B0DFM2NLS5","B0D92GH3HC","27.5","27.3","8","2340"
"【公式】BRIM(ブリム) PANEL Y 植物育成ライト LED パネル 無段階 調光機能 LM281B+ 防水処理 (昼白色 (100W), 1)","1817","84","50","62","¥ 8,982","","1","B0D7C1P592","B0D98DCMKZ","31.6","28.2","8.1","1850"
"トネ(TONE) 電動ドリル用コンパクトソケットセット 2BNC700 ビット差込 ブラック 内容7点","1825","77","","507","¥ 5,327","¥ 5,327","13","B01KUGJ11M","B07WSKRD9K","22.4","13","4.8","680"
"Fkstyle【2025年最新モデル】 エアコン 室外機カバー 棚付き 耐荷重30kg / 新構造の通気穴でさらに効率UP / スチール製 室外機ラック 目隠し 劣化防止 省エネ 雪対策 / 簡単設置 ベランダ 庭 ガーデニング / 幅90cm [並行輸入品]","1828","82","100","765","¥ 5,681","","1","B0B8RSWV76","B0DBTZB65X","91","43","8","7100"
"高圧洗浄機 【最大10MPa高圧・3段階水圧・50分連続駆動】 コードレス高圧洗浄機 折りたたみ式 10000mAh バッテリー一体型 ハンディ","1830","5","","11","¥ 9,999","","3","B0HF4Q83XQ","B0HG8MBB63","28","23","13","1800"
"萩原 クッションフロア 大理石 約90×350cm 水拭きできる 抗菌 防カビ 抗ウイルス 防炎 滑り止めシール付き カットOK 日本製","1830","57","","1222","¥ 5,215","¥ 5,694","9","B07MSCX62F","B0763M6363","93.3","11.7","10.5","2520"
"【愛車を守る】アイリスプラザ サイクルハウス 3台用 ベージュ 防水・撥水機能 自転車 収納 梅雨対策 簡単設置 幕止め付き カラー展開 替えシート","1834","73","50","1034","¥ 16,748","¥ 16,748","5","B0CGQYZ9Z3","B0DGQ24XKT","128","38.5","14","12000"
"NGreen マグネット玄関網戸 網戸カーテン 防虫 虫よけ 玄関ドア 通気 蚊対策 玄関網戸 158×206cm","1836","59","","2261","¥ 8,296","","1","B07DK6MZBF","B07CJ815C6","38.7","28.4","7.9","1040"
"山善(YAMAZEN) チップソー 10枚セット 山林 竹 笹 取付穴径25.4㎜ 刃数60 外径255㎜ 排気量25㏄以上 チドリ刃 強力埋込 刈払機 草刈機 BK-T255*10 ブラック","1838","22","","147","¥ 12,652","¥ 12,652","1","B0CJZMN2JL","B0H7WS84DL","37","28","17","5000"
"Dyson(ダイソン) 掃除機 コードレス Dyson PencilVac Fluffycones SV50 FC AM","1841","100","100","446","¥ 68,100","¥ 68,100","4","B0F7WJW98P","B0H1VY6J7B","74.2","28","12.1","4340"
"BLUETTI ポータブル電源 AC70 大容量768Wh AC1000W 瞬間最大1500W 45分で80%まで急速充電 APP遠隔操作 UPS機能","1845","103","100","360","¥ 39,980","","2","B0CC8ZKBVC","B0H94RY97M","40.6","39.6","28.7","12240"
"ALTSTONE Whetstone Sharpening stone medium grit #1000 w/Nagura, 7.1"" x 2.4"" x 0.8"" (Small, perfect for home use), Made in Japan (#1000, English ver.) 英語ver.","1848","31","","48","¥ 7,300","","1","B0BPGSKBM5","B0DC8PT148","23.5","8.8","4.4","658"
"SARE R32 10kg 新冷媒 ﾌﾛﾝｶﾞｽ NRC容器入り","1862","91","200","324","¥ 24,300","","5","B00LJOXI32","","40","25","25","14000"
"パナソニック(Panasonic) EC5227W メロディサイン 2種音","1873","76","50","123","¥ 5,861","","9","B00P1X6RXU","","13.9","10.2","3.4","220"
"マキタ(Makita) 500mmポールヘッジトリマ 18V バッテリ・充電器別売 MUN501WDZ 青","1881","87","300","140","¥ 30,655","¥ 30,655","10","B0B8YSL4FM","","136","20","14.5","5400"
"ハタヤ (HATAYA) コードリール 小型 コンパクト 屋内用 100V型 コード10m 太さ2.0㎟ 標準型 コンセント4個 コンセント防塵シャッター 家庭用 工場用 建設現場 軽作業 JSリール JS-101AG グレー","1886","82","50","1844","¥ 6,188","¥ 6,188","1","B0GF784435","B0GFD6VHL5","28.9","23.6","15.6","2270"
"家庭用 電動耕運機 充電式 小型ミニ 快適省力の1台2役【耕うん・除草用2種ブレード付】3段分解式収納＋業界初ロング＆ミニ2WAY長さ調整｜ 軽量4.7kgで女性・高齢者も簡単操作 耕幅255mm・耕深220mm｜高出力900Wモーター搭載 4.0Ahバッテリー2個・充電器付 18Vマキタ互換 SK5マンガン鋼波型ブレード 家庭菜園・雑草対策・庭・農地に最適","1894","76","100","10","¥ 18,981","","2","B0GVXKBDX8","B0H128RG44","46","34","25","6700"
"SANEI(サンエイ) シングルワンホール混合栓 キッチン用 泡沫吐水 取付けはボルト式 K87110JV-13","1895","93","200","529","¥ 9,189","¥ 9,189","7","B00L41C3A4","B0FJ2P8J4Y","32.7","32","6.3","1620"
"SK11(エスケー11) デジタルトルクレンチ 差込角 9.5mm 6.8~135N・m SDT3-135","1895","90","","47","¥ 17,457","¥ 17,457","18","B00W3G0UX6","B0G3ZXY2Y5","47.8","12.6","6.4","1320"
"高儀 コード式 温度調節機能付き ヒートガン HG-1450D EARTH MAN デジタル表示 50～550℃ 8段階風量 豊富なアタッチメント5種類 収納ケース付 熱風を利用 多用途 コード長1.8m たかぎ","1898","78","","4","¥ 6,730","¥ 6,730","3","B0GFHJDJJG","B0H42RWXJJ","35.8","33.8","12.8","1980"
"Masterplug 防水コードリール 20m コンセント盤固定 温度センサー内蔵 コンセント4口 グリーン OTA-20W","1905","79","300","156","¥ 7,488","","1","B096VNHLCW","B0FG86TDM1","39","36.8","23.1","5650"
"デウォルト(DEWALT) タフシステム2.0 システム収納BOX Mサイズ 工具箱 収納ケース ツールボックス DS300 積み重ね収納 DWST83294-1","1906","81","100","161","¥ 6,494","¥ 6,494","20","B09FP974CR","B0DK6YJP7S","57.9","38.1","35.2","5700"
"工進(KOSHIN) 36V 5.0Ah 充電式 草刈機 SBC-3650B バッテリー・充電器付 軽量 分割式 Uハンドル","1911","87","","65","¥ 32,472","","12","B0BVZDN2TS","B0D69CKMR7","107","30","19","7800"
"HiKOKI(ハイコーキ) AC100V 深切り電子丸のこ C6MEY2 のこ刃径165mm ストロングブラック 高剛性・高精度化 新平行度微調整機構 集じん性能向上 チップソー別売り C6MEY2(NB)","1913","66","","6","¥ 33,895","¥ 33,895","10","B0BZS54NN5","B0C6LHRQND","29.9","25.6","23.6","4030"
"サンワダイレクト ツールワゴン キャスター付き 2段 折りたたみ 総耐荷重50kg 1個 軽量 100-CART013","1915","71","50","50","¥ 9,720","","1","B09P9RZ1LJ","B0899BVTHV","90","46","22","6500"
"共立電気計器 (KYORITSU) 2432 キュースナップ・漏れ電流・負荷電流測定用クランプメータ","1915","71","","3","¥ 34,382","¥ 34,382","17","B00D763Z06","B0F2SPRS5T","24.3","15.2","6.6","496"
"BOSCH(ボッシュ) コードレスドライバー (本体のみ、ビットセット（10本）、マグネットビットホルダー、マイクロUSBケーブル（Type-B）、キャリングケース) IXO7","1916","107","300","340","¥ 5,776","¥ 5,776","14","B0C2HCM97F","B0C76RYKVT","18.2","17.6","6.4","780"
"アサヒペン 水性高耐久鉄部用 3L こげ茶 塗料 ペンキ 水性 道路 ライン引き アスファルト コンクリート 艶消し 1回塗り 滑り止め効果 速乾 耐摩耗性 耐候性 日本製ツヤあり 低臭 サビドメ剤配合 紫外線劣化防止剤配合 日本製","2185","52","","576","¥ 6,050","","14","B09C1532VZ","B0DH4JQHHJ","24.8","19.4","19.3","3650"
"イーバリュー(E-Value) ツールセット バイク・自動車メンテナンス用 60点組 ETS-60G","1922","62","","189","¥ 8,460","¥ 9,203","21","B0025KUICS","B0G2X2M72Q","40.4","32.2","7.4","4140"
"【日本国内サポート・2年保証】 宅配ボックス 宅配BOX 136L大容量 防水 複数投函可能 組立不要 日本語説明書 ポスト付き 屋外 戸建て用 (ブラック)","1928","92","100","537","¥ 15,979","","1","B0FFC77JMP","B0F545LRHM","96","48","46","20000"
"アサヒペン 防水塗料 4L 透明 クリヤ 油性 塗料 ペンキ 強力浸透 ツヤあり 1回塗り 外壁 木部 コンクリート モルタル 防水性 劣化防止 下塗り剤にも スノコの防水 日本製","1932","82","","482","¥ 7,382","¥ 7,382","19","B0031Z5HJK","B0CN317C63","28","20","16.6","4040"
"[パナソニック] テレビドアホン 電源直結式 代理応答機能 外にも火災警報 自動録画機能付 手動録画 増設モニター 室内通話 モニター3.5型TFTカラー液晶 玄関子機 露出型 LEDライト VL-SE31XL","1941","110","400","330","¥ 11,970","¥ 11,970","28","B0DKNJW3YJ","","19","15.4","8.9","740"
"アストロ 防草シート 1×50m クロスシート ブラック UV耐候剤配合 雑草対策 畝・通路 農業 園芸 505-04","1952","69","","48","¥ 6,980","¥ 6,980","2","B086LRWNXH","B09B7HSL2N","103","12","12","5160"
"DAYTECH ドアセンサー 開閉チャイム コンセント式受信機 ワイヤレス 玄関・店舗用 受信機2台・マグネットセンサー3個 白 来客通知・防犯対策","1958","54","","56","¥ 5,299","","1","B07Q2T92VG","B0DJQDMP7L","12.3","10.4","9.1","300"
"ポッシュリビング 植木鉢 アーバンプランツポット 約φ26.5×H28cm ミルク/ピスタチオ 81144","1959","62","","217","¥ 5,030","¥ 5,186","4","B0FQ5M25TV","B0FQ9MG7QK","30","29","27.8","2310"
"【双方向の音声・防犯対策助成金あり】防犯カメラ ワイヤレスHiseeu 12インチLCD液晶モニタ一体型NVR 1920P 500万画素ワイヤレスカメラ4台セット 10チャンネルまで増設可 遠隔監視 防水等級ip66 AI動体検知 屋内/屋外 セキュリティ 防犯カメラ (500万画素カメラ4台＋12インチ液晶一体型NVR 3TBHDD内蔵)","1960","107","200","712","¥ 39,593","¥ 39,593","2","B086YGHKX4","B0H85Y3VQF","32.4","30.5","19.4","4880"
"Yoaioブロワー 第3代ブロアー コードレス充電式 洗車強力 78dB超低音・風速ロック・マキタ互換3000mAhバッテリー2個・ハンギングライト","1964","75","200","53","¥ 8,099","","1","B0G52BZ2ZQ","B0H2P42XCN","35","21.3","11.7","2180"
"COSNIGHT 木目調コンタクトペーパー、ビンテージピールアンドスティック壁紙","1968","56","","2067","¥ 6,067","","1","B0D8BPWHW2","B0D7WQ7XL6","40.3","4.7","4.3","449"
"トネ(TONE) 超ロング首振ラチェットハンドル(ホールドタイプ) RH4FHX 差込角12.7mm(1/2"")","1977","92","50","264","¥ 6,464","¥ 6,464","25","B00EY6B2OE","B07WR1C9V2","67","5","3.7","950"
"京都機械工具(KTC)/9.5sq.コードレスラチェットレンチセット 品番:JTRE330","1983","111","300","80","¥ 14,601","¥ 14,601","16","B0FRM5CMGM","","23.2","7.2","4.5","590"
"BL1860B マキタ 18V 6000Ah 日本メーカー保証 バッテリー BL1830B BL1850B BL1890 DC18RA DC18RC DC18RD DC18RF DC18RE 充電器に対応 BL1860B リチウムイオンバッテリー 電動工具用 LED表示 PSE CE認証済【互換品】","1983","14","50","24","¥ 5,780","","1","B0H337B21B","","13.3","9.4","9.2","660"
"サンコー 非常用 災害用 簡易トイレ 旅行 キャンプ 備蓄 携帯 防災 日本製 取替用【排泄処理袋 凝固剤付 100回分】長期保存 RB-06","1984","56","","12","¥ 7,855","¥ 7,855","7","B098XTTLR9","B0BTBVD3F4","34.4","20.8","14","2860"
"【ケース販売】石原バイオサイエンス 殺菌剤 フロンサイド 粉剤3kg×8個","1984","34","","294","¥ 9,064","","1","B0BQBTH8VH","B09W9R6MKV","44","34","24","24500"
"防犯生活 スマアラーム【防犯設備士監修】窓 防犯ブザー 防犯アラーム 125db大音量警報 貼るだけ設置 (計6個（2個入り×3パック）、ホワイト)","1995","44","","13","¥ 5,980","","1","B0G2LB189V","B0G6D3GJ5K","15.3","13.3","6.1","260"
"パナソニック(Panasonic) コスモシリーズワイド21 カバープレート（ラウンド） 1連用 ホワイト 100個セットWTC7091W100","1996","77","","427","¥ 32,173","¥ 32,173","1","B0BVZ45L5P","B0C3CXX5W7","38","22.6","15","4900"
"DANOFY 日除け シェード 屋外 3mx4m - 防水 撥水加工 サンシェード ベランダ 庭 野外 雨よけ 400D ポリエステル 耐水圧 2000mm PU塗装 UVカット 遮光 遮熱 目隠し オーニング ベージュ","2001","50","","41","¥ 5,980","","1","B0H29L2WKD","B0H5P6NBGV","37","29.3","7.7","2000"
"高儀 パワールーター RT-90SCA EARTH MAN 電源コード式 細かい研削・研磨等に ブルー たかぎ","2007","91","","79","¥ 8,000","","5","B0746BLBNG","B0H1L9LVWR","32.2","22.8","10.2","1480"
"Jackery ポータブル電源 ヒーティングキャリーバッグ 2000New/1000New/1000Plus/1000Pro用","2014","90","50","71","¥ 11,883","","1","B0DJ79MST9","B0C1ZGGQN9","45.5","35.5","12.6","1310"
"mybestアワード受賞 防災士監修 防災セット 2人用 ブラック 防災食 ラジオ 水 地震対策30点避難セットplus 防炎 防水 防災ダイレクト","2017","40","50","419","¥ 27,720","","1","B07B2NFW55","B0GY7MGFV4","48.5","35","20.3","8100"
"TRUSCO(トラスコ) コンビネーションスパナ(パネルタイプ) 24X24mm TMSN-24 × 5丁 【ケース販売】","2167","55","","","¥ 5,401","¥ 5,401","1","B0C4TJVKRF","B09PBHXQ4Z","33.5","10.4","7.1","1820"
"Lamake 超超明るい 4400mAh大容量バッテリー内蔵 センサーライト ABS ソーラー充電 三つ照明モード 明暗センサー 取付簡単 地震/台風/津波など災害時用緊急ライト 4pack","2029","73","","2363","¥ 8,878","","2","B07CYY16XG","B0H68VK8F7","30.8","22.3","11.8","1910"
"ONE STEP 充電式折り畳み式草刈り機 コードレス 2026最新型 芝刈り機 電動芝刈機 ナイロンカッター 伸縮 角度調整 枝切り 芝生 畑 雑草 植木 刈払機 軽量 バッテリー付き","2032","83","200","4174","¥ 7,980","","1","B08KDYFCWW","B0BJQ67KYH","86","15","15","2200"
"トネ(TONE) ラチェットめがねレンチ RM-30 二面幅30mm","2034","50","","175","¥ 5,082","¥ 5,082","16","B083Q8ZBV1","B07WWTVXF8","39.9","6.3","2.2","840"
"エマーソン(Emerson) デジタルトルクレンチ トルク対応レンジ 40〜200N・m 精度 ±4% 12.7mm (1/2インチ) 103N・mプリセットタイプ 簡単設定 14/17/19/24mm+21mm薄口ロングソケット、エクステンションバー付属 オートオフ機能(60秒) 収納に便利なケース付き EM-243","2035","78","","278","¥ 11,500","¥ 13,063","8","B00O1DQQKA","B0CR61VQ9Z","53.5","10.3","9.1","1900"
"ファンバッテリーセット【2026最新＆40500mAh大容量&42V暴風】作業服 25H連続稼動 2つ駆動モード 7段階風量調節 熱中症対策 PSEマーク認証済 90mm作業服穴径対応 [日本国内ブランド正規品]","2036","80","200","28","¥ 6,280","","1","B0GQXTD7GP","","26.9","21.2","5.4","1070"
"[フルセット]レザー穴パンチ、e2buyパンチプライヤーツール Ideal Forベルト、工芸、カード、プラスチック、フェルト、ゴムなど","2041","82","","8458","¥ 5,420","","3","B06ZXYSCYZ","B0CMWRMGBH","27.5","11","3.2","499"
"【防草シート不要】アイリスオーヤマ 国産 防草人工芝 1m×5m 防草シート一体型 芝丈3cm 簡単にカット可能 簡単設置 日本製 雑草メンテナス不要 RP-3015","2049","94","50","1827","¥ 6,630","","4","B081JZC3N1","B0D87BBLWC","100","18.5","18.5","6900"
"IXP ポリッシャー 車 1.5Ahバッテリ一2個付き 150mmバフ 21V 8段階変速 2800-5500RPM 偏心構造 コードレス 充電式ポリッシャー 研磨機 ダブルアクション 車両メンテナンス 残量表示 洗車 車磨き 鏡面磨き 傷消し 艶出し 研磨 ワックス作業 豊かな付属品 家庭用","2052","96","300","401","¥ 5,537","","1","B0DNQNNMQS","","29.8","19.9","16.8","2390"
"CIGMANマイベスト 3Dレーザー墨出し器部門1（2025年12月度）リモコン操作 3×360°明るいグリーンレーザー 高精度 使いやすい","2055","100","100","5394","¥ 11,989","","1","B08T87R8YS","B0CDPNH2KP","21.7","19.9","13","1229"
"20 個入り シルバー 【業務用】工事不要窓補助錠 アルミ合金 ワンタッチ装着 2.8～4.2cm サッシ対応 子供安全・空き巣対策","2057","35","","41","¥ 6,198","","1","B0H2LY35T7","B0GJSBH3M5","6","4","3","133"
"YOIbuy PRO 充電式 レシプロソー 高性能ブラシレスモータ搭載 25.4mm 大ストローク 3000rpm高回転 素早く切断 振動低減機構内蔵 LEDライト付き コードレス 電動ノコギリ マキタ 18V 互換 （バッテリ・充電器別売）YHRS-P26-1","2065","108","300","168","¥ 7,399","","1","B0FMFDCK88","","37.8","16.4","9.1","1880"
"太洋電機産業(goot) デジタル温調はんだごて PX-280 温度調節 【約30秒で350℃まで到達】 【200℃~500℃まで1℃単位の温度設定】 【手に持つだけでスリープ解除】 日本製 100V日本国内仕様","2069","111","300","657","¥ 5,673","¥ 5,673","25","B09Q7R32BG","B0CXH4LJHB","28.8","7.3","3.4","170"
"[Xpang]棚受け金具 棚受けブラケットL字金具 耐荷重130kg 壁掛け吊り棚 金具棚うけ 部屋 キッチン L字金具 スチール製 省スペース DIY 収納 アクセサリーネジ付 (黒, 400ｍｍ×300ｍｍ×40ｍｍ-8個)","2073","30","","23","¥ 5,504","","1","B0FPWQPNS3","B0HG992MDV","45.3","37.5","9.2","4040"
"TRUSCO(トラスコ) 六角ボルトステンレス全ネジ M8×45 11本入 B23-0845 x 10パック【ケース販売】","2469","58","","227","¥ 8,429","¥ 8,429","1","B0BV8XK67T","B09NWLJTLR","27.5","15","6.5","2350"
"TAILI シャワーヘッドホルダー 吸盤 高さ&角度調節可能 壁取り付け 防水 ブラック プラスチック 丸型 バスルーム&シャワー器具","2078","62","","513","¥ 5,139","","1","B0DPKPBTW8","B0HDH5T2DF","12.1","7.2","5.6","100"
"セフティー3(Safety-3) コイルホース コイルホースNEXT 15m オリーブ 8パターン散水 SCHNT-15OL","2079","63","","1","¥ 5,352","¥ 5,352","6","B0DFC1BB97","B0GSQCVL3F","43.2","28.3","10.7","1220"
"kaitou ガレージタイル ガレージマット 20枚セット 車庫 タイル 39.5cm×39.5cm×1.7cm はめ込み 置き敷き 正方形 ブラック","2081","76","50","87","¥ 5,508","","1","B0DTTFNG7B","B0DTTJ4NSV","42","42","32.5","9000"
"DODOGOD 階段ライト ガーデンライト ソーラーライト ステップライト 屋外 防水 IP65 庭 自動充電 自動点灯 夜間作業 太陽光発電 光センサー 簡単取り付け 接着剤＆ネジ対応 玄関先 庭 通路 車道 芝生 駐車場に最適 (白い光, 10)","2081","35","","29","¥ 5,278","","1","B0G3X27TZN","B0FZGDV78B","30","11.2","11","1220"
"[S SaunaNova] サウナハット【累計30,000個突破】 意匠登録済み メンズ レディース 大きめ 深め おしゃれ 3層構造 断熱 撥水 速乾 洗濯丸洗い可 サウナキャップ サウナ帽子 男女兼用 コンパクト 折りたたみ（ブラック）","2082","86","100","68","¥ 7,920","","1","B0DJQM82WW","B0DJQM9BMZ","30.8","20.9","4.4","90"
"【DIYの強い味方】電動ドライバー 10.8V アイリスオーヤマ typeC充電式 バッテリー付 軽量1.1kg スピード調節 13段階トルク調整 JCD28TC 【10.8V共通バッテリーシリーズ】","2084","101","200","18","¥ 6,985","¥ 6,985","7","B0F32C24FV","B0FTLZ2D9R","21.1","19.3","8.5","1350"
"Fanttik F2 Master ミニルーター 5段変速 リューター レッド","2089","81","","2973","¥ 12,749","","1","B0F3CPRZXW","B0FCCHTJNK","22.7","6.5","4.4","499"
"高儀 コード式 電気のこぎり DN-350A EARTH MAN 無段変速 3種類のブレード付属 工具不要でブレード交換 ワンタッチチャック 電源コード 2m たかぎ","2095","111","200","63","¥ 5,750","¥ 5,750","6","B0FV2T5CQB","","36.3","19","7.4","1870"
"ダイドーハント (DAIDOHANT) ( 軟質 ) 銅線 [ 電気銅 ] [太さ] #12 2.6 mm x [長さ] 21m 58084","2097","38","","24","¥ 9,153","¥ 9,680","7","B00OPYF5FM","B07WWGBJ32","23.2","22.8","3.2","1002"
"セフティー3(Safety-3) 散水ホース 園芸用 耐寒・耐圧・耐藻ホース 内径15mm 長さ30m TTTH-1530 日本製","2113","95","50","507","¥ 5,162","¥ 5,162","14","B00TQKKBP4","B01LA7TK2K","36","36","16","4900"
"SKOVENSY レシプロソー コードレス 家庭DIYや庭木剪定に対応 バッテリー2個 無段変速 替刃付き 軽量コンパクト 安全性に配慮 レッド","2128","8","","105","¥ 5,999","","5","B0HFN1F9Q6","B0HCZF9MGV","35","26.2","9.2","2570"
"LIXIL(リクシル) INAX エコハンドル付 ハンドシャワー付シングルレバー混合水栓 節水 省エネ 寒冷地対応 RSF-833YN 寒冷地 寒冷地用 水栓 キッチン水栓 水道 蛇口 交換 取り付け キッチンリフォーム","2132","81","","111","¥ 21,592","","2","B06W5M6ZHQ","B0GHW291PT","53.1","24.6","8.7","1860"
"パナソニック(Panasonic) 壁取付熱線センサ付自動スイッチ ホワイト WTK1811WK","2137","110","300","659","¥ 7,980","","14","B07DC14P6D","B08VWTKFPX","11.3","6.6","6","130"
"LasGoo LG-3D レーザー墨出し器、レーザー レベル セルフレベリング、3D グリーン ビーム クロスライン レーザー (3x360°) ビルドとアライメント用、2x 充電式リチウムイオン電池 (最大20時間)、マグネット式リフティングローティングスタンド付属","2141","100","200","1461","¥ 14,990","","1","B0B96YFV9N","B0F3PY1M3N","23.1","20.3","13.1","1420"
"草刈り機 充電式 新しいアップグレードブラシレスモーター 4000mAh大容量バッテリー2個搭載 電動草刈機 チップソー径255mm 多い種類の刃と替刃 マキタ18v電池互換 残量表示 草刈り機 電動充電式草刈り機 角度調整 伸縮可能 軽量 低騒音 安全設計 肩掛けバンド 除草 枝切り 雑草 芝生 畑 植木 家庭用 女性でも簡単 除草 2時間運行 日本語説明書付き","2149","95","300","68","¥ 11,399","","2","B0GJ5F6XQY","","107","26","11.5","4500"
"ADWORLD アルミ複合板 国産 厚み3mm W910mmH910mm 両面ブラック","2824","14","","147","¥ 6,990","","1","B0CCYH2MH3","B0CCYFYPTG","182","91","2",""
"Tapo(タポ) 防犯カメラ 屋外 ソーラー給電 配線工事不要 センサーライト 800ルーメン搭載 自動点灯 2K 300万画素 パンチルト360° AI検知 フルカラー夜間撮影 IP65 双方向通話 TP-Link TC50 KIT 【Amazon.co.jp限定】","2151","84","200","62","¥ 14,280","¥ 14,280","1","B0GJS7ZJR5","","27","21.5","12","1550"
"ナチ(NACHI) 鉄工用ドリル 5本入り シンニング10.0ミリ (金属・金工)","2155","64","","263","¥ 7,244","¥ 7,596","3","B001WHOR0Y","B0D17ZK8CG","16.5","6.4","1.8","276"
"PANASONIC VL-SE26XL [テレビドアホン]","2156","115","300","73","¥ 12,680","","14","B0DM585CMK","","19.1","15.5","8.9","730"
"Jackery (ジャクリ) ポータブル電源 1000 New V3 100W ソーラーパネル 1枚 2点セット 家庭用 (パールホワイト)","2170","14","","2","¥ 86,760","","1","B0H6FTHRSG","B0HC2Y27KK","31.4","23.4","20.1","14200"
"【幅130cm】メタルラック 棚板 幅130cm（幅約130×奥行約46×高さ約4）耐荷重125㎏ 固定部品付き ポール径25mm スチールラック サビに強い 棚 スチール棚 おしゃれ 頑丈 ラック 収納 シェルフ 防サビ加工","2366","8","","15","¥ 6,081","","1","B0GLGFL65K","B0HGQQ3BHP","131.8","46","8.7","6000"
"EENOUR 半自動溶接機 【日本溶接協会加入済】 MIG140P+ 最大出力140A 100V・200V兼用 1台3役 ノンガスMIG·被覆アーク·LIFT TIGに対応 スマートチップ制御 超高精細LED液晶表示 定格使用率60％ 板厚8mmまで ノンガス溶接機 アーク溶接機 インバーター搭載 アーク補助機能 軽量 家庭・業務両用 初心者やプロ向け DIY・メンテナンスに大活躍","2175","99","100","670","¥ 23,740","","1","B0G4D69WFX","B0GZKFK8W4","44.9","36.8","23.4","8890"
"【2026新型】Elikliv 充電式剪定ばさみ 電動剪定バサミ 電動ハサミ ブラシレスモーター採用 切断直径40mm 高枝切りの延長ポールと接続可","2190","89","200","277","¥ 7,800","","1","B0G3H42NXG","B0GY89GNY3","32.5","26.5","8.8","1540"
"ECOPOTS Amsterdam 8号 直径24cm 植木鉢 おしゃれ 軽量 大型 プラスチック 天然石 植え替え トープ 北欧デザイン","2195","52","50","73","¥ 5,020","","1","B0C42LVCF7","B0DKY9Q3RV","27.9","26.6","25.8","1130"
"TRUSCO(トラスコ) 六角棒レンチセット(ナイフ式) × 12【ケース販売】","2199","66","","301","¥ 14,955","¥ 14,955","1","B0C5LRBCQC","B0FCFNFQMB","27.4","21.1","11.6","1752"
"草刈り機 充電式【2026年人気・造園監修】芝刈り機 電動草刈り機 草刈り機 充電式 コードレス 21V 18000rpm 4種類の替刃 高効率チップ 3段階で角度調整可能 調節可能ポール 脱着式ホイール バッテリー2個搭載 軽量 低騒音 安全 樹脂回転刃 枝切り 芝生庭 畑 雑草 草 植木 替え刃 家庭用電動芝刈り機・園芸用DIY 日本語説明書付（ブラック）","2200","4","","13","¥ 7,199","","1","B0HF3ZMCGK","B0HG2XR48J","20","12","8","1"
"人工芝 1m×10m 芝丈20mm 透水タイプ 防カビ 芝生 ロール 高密度 ベランダ お庭 24本ピン付き 秋色 (1x10m, 秋色)","2220","86","100","337","¥ 6,969","","1","B0CLLMMY6S","B0CLLNTK31","107.5","28.5","28.5","17530"
"Tapo(タポ) スマートドアホン ドアホン 工事不要 インターホン ワイヤレス カメラ付きインターホン 2K 3MP 300万画素 IP54 防水防塵 双方向通話 ドアホンコール 人物検知 メーカー保証1年 TP-Link Tapo D205","2224","108","100","85","¥ 7,900","¥ 7,900","1","B0FNMM3W63","B0FZQLQ418","16.1","7.8","7.7","380"
"トネ(TONE) ソケットアダプター 168 差込角25.4mm(1"") &38.1mm(1-1/2"")","2232","54","","511","¥ 5,518","¥ 5,518","13","B001L7VHCQ","B07WR1B7V3","9.8","8.6","5.4","790"
"ＩＴＡＮＳＥ 秋植えじゃがいもの種芋 デジマ 約20kg 野菜種芋 暖地向け なめらかで外観美しい 皮ごと調理可能","2233","3","","4","¥ 25,212","","1","B0CG4GPYBB","B0FN34BXL3","78","21","21",""
"SANEI (サンエイ) 洗濯機用アダプター ウルトラファインバブル発生 泡の力で汚れを落とす G3/4 樹脂製ねじ 簡単取付 PM101-20","2239","98","100","17","¥ 6,345","¥ 6,345","6","B0GNMWP9M2","B0GPPHLYZ5","15","14.2","5.2","250"
"フロアタイル 置くだけ 大理石 床【54枚/約3畳】フロアシート クッション フロア マット 防水 ピタフィー フロリング 玄関 フローリングマット diy 張り替え リメイク pタイル 畳の上に敷くマット 床板 厚め 床材 おしゃれ コンクリート (セメントグレー 型番号081)","3130","37","","223","¥ 5,699","","1","B0DYDWDG1J","B0D4PRD217","32","32","8","14000"
"マキタ ディスクグラインダ14.4V 100mm 無線連動集塵対応/スライドスイッチ型 バッテリ充電器別売 GA410DZ","2246","94","","18","¥ 26,580","","3","B078G7N84P","B08627MC6X","35.8","16.2","13.5","2460"
"猫 捕獲器 安全 踏み板式【S/M/L/LL】野良猫 迷子猫 アライグマ 害獣 ハクビシン 簡単組立 iimono117 (LL94×34×37㎝)","2248","68","50","251","¥ 6,580","","2","B01FM0K6QU","B0DPHGZTGV","110","36.6","5.2","5860"
"リサール酵産 超カルスNC-R 500g×3セット|土壌改良資材","2258","82","50","146","¥ 6,300","","1","B0CY27MMKG","B0CY2KZV57","22.8","17.2","10.8","1570"
"【Amazon.co.jp限定】SANEI(サンエイ) シングルワンホールスプレー混合栓 メッキ キッチン 引き出しホース キッチン水栓 水流切替 穴径φ35～40 K87101JV-13-EC","2259","94","100","47","¥ 15,327","¥ 15,327","1","B0D8KNHDKZ","B0GKMPQJD7","54.2","34.2","7","1900"
"Bosch Professional(ボッシュ) 3.6Vコードレス 電動 ドライバー (ドライバービット8本・延長ビットホルダー・専用ケース・USB Type-Cケーブル付) BoschGO3","2260","114","200","131","¥ 10,500","","14","B0DG8J3FTB","B0FRFTPZ1W","23.7","11.9","8.7","710"
"Cool Time （クールタイム）日除け シェード 屋外 【400×600cm アイボリー】 | 撥水防水加工・雨よけ対応 サンシェード ベランダ・庭・キャンプ用 遮光・断熱・プライバシー保護","2260","49","","795","¥ 9,980","","1","B0GH57P24X","B082232GV5","43.1","36.3","12.5","4710"
"トップ工業 (TOP) ラクラッチ・マルチソケットセット 4サイズ 板ラチェットセット 20°送り レースウェイ ケース付き 本締め可能 電工 電気 工事 PRW-6LS 燕三条 日本製","2267","79","","10","¥ 10,416","¥ 10,416","20","B006GZ77G8","B09ZJ7P3GY","21.8","15.7","4.4","652"
"高儀(Takagi) 静音オイルレス エアーコンプレッサー 39L ACP-39SLB【オイルレスで簡単メンテ】【早いエアー充填】【タイヤ交換、空気入れ、エアブラシなど】EARTH MAN 100V 静音 小型","2279","102","100","156","¥ 32,590","¥ 32,590","6","B09T2QGPPS","B0FQJCBQX5","71","64","34","29000"
"UPstore アルミ断熱シート 業務用 12m×1m 5mm 【 両面アルミタイプ 遮熱・断熱効果 】 夏 冬 (1200cm × 100cm)","2280","88","50","249","¥ 6,860","","2","B0D95BF5KY","B0HFMDSWPB","100","25","24","1350"
"TuyLuxe ソーラーライト 屋外 防水 ガーデンライト 屋外 庭 ライト ソーラー IP65防水 埋め込み式 庭 花壇 歩道 8個セット","2284","46","","66","¥ 5,299","","1","B0GK1XFX3L","B0H2VRFC42","33.7","18","17","2070"
"スターエム 31B-350 アースドリル 両溝型 35mm","2287","80","","218","¥ 7,074","¥ 7,074","19","B0042R6MUY","B0CFXS1THS","66.5","8.5","3.5","1238"
"ハスクバーナ・ゼノア ナイロンコード コアカット 4.0mmx80m 597669250","2288","60","","166","¥ 8,000","¥ 8,000","4","B09HKRDLQB","B0D4M7LR22","16","9","4","160"
"【10個セット】アイリスオーヤマ うすめて使う速効除草剤 希釈タイプ 500mL WSJ-N500","2291","73","","1909","¥ 7,500","","2","B0F2MV8Y7P","B0GLYRZ28B","19.2","7.3","7.3","6270"
"ハタヤ(HATAYA) 屋外用 過負荷・短絡保護兼用 漏電遮断器付延長コード 0.7m HATAYA x GranGear コラボ商品 BFX-013KC2","2298","92","200","129","¥ 6,160","¥ 6,160","3","B08D8XK487","B09NNYQK4W","26.9","18.1","7.4","680"
"リフトメタル 30m","2299","98","50","100","¥ 9,555","¥ 9,555","19","B09XWD7ZJT","B09YGZ3XT6","41","37.9","36.3","10570"
"【2026最新改良】SEESII レーザー墨出し器 グリーンレーザー 5ライン 5線6点 水平器レーザー 墨出し器 2個大容量バッテリー 収納箱付き","2299","82","50","251","¥ 6,799","","1","B0FF4DNBMM","B0H9KGXH94","31.8","27.8","14","2030"
"レインボー薬品 芝生用除草剤 肥料入り シバキーププラスα 6.8㎏ 約４か月効果持続","2318","68","","62","¥ 7,799","¥ 7,805","8","B0G4856SBC","B0DH7YLRP3","41.6","31.2","7.4","6870"
"トネ(TONE) エクステンションバー EX40-1000 差込角12.7mm(1/2"") 全長1000mm","2320","67","","374","¥ 6,446","","21","B002TEZN8E","B07WR1B8KC","99","2.3","2.3","1500"
"ツノダ(TSUNODA) 圧着工具 裸圧着端子・裸圧着スリーブ用 TP-14 JIS規格品 日本製","2323","61","","186","¥ 6,791","¥ 6,791","21","B00YGG8NIU","B09NLSSR86","32.2","9.5","2.2","480"
"SANEI(サンエイ) ツーバルブシャワー混合栓 ホース長さ1.6m 節水 一般地・寒冷地共用形 浴室水栓 シルバー 日本製 SK11-W-13","2325","106","200","176","¥ 9,990","¥ 9,990","18","B093KVBKNJ","B0FJ2LXCGX","20.6","18.6","14.1","1890"
"ニッペ(Nippe) ペンキ 塗料 STYLE MORUMORU モルモル 14kg ホワイト しっくい風 防かび 防藻 水性 つやなし 屋内外用 壁紙に塗れる 目地うめ 日本製 4976124882548","2327","98","100","414","¥ 9,181","¥ 9,181","17","B07ZCJN95N","B0F6XZ97KH","34","30","30","14900"
"DAIM エアコン室外機カバー 固定バンド付き 3個 日よけ 遮熱シート 幅102×奥行62×高さ22cm","2334","25","50","383","¥ 9,290","","1","B0CCJ14TF9","B0FPPWR72Z","59.5","12.3","8.5",""
"BBK RTQ-380 ラチェットトルクレンチ(3/8)","2346","93","100","92","¥ 5,745","¥ 5,745","16","B00HLGGSKC","B09QQHR4Z3","28.5","4.9","3.6","420"
"Waitley マキタ18V バッテリー互換 6.0Ah 変換アダプタ付き カットオフ機能、過電流保護、過放電防止機能など多重回路保護機能が搭載","2346","75","50","198","¥ 6,957","","1","B0CYT1NJQL","B0G7ZCDJN5","29.5","10.4","9.9","1390"
"パナソニック テレビドアホン ワイヤレス 無線接続 電池式 録画機能 モニター 3.5型カラー液晶 玄関子機 広角レンズ LEDライト 簡単取付 配線工事不要 集合住宅 VL-SGE30KLA","2354","130","300","393","¥ 18,162","¥ 18,403","14","B0BHGVWC8P","","27.6","21.3","5.9","960"
"電動ドリル ドライバー 21V コードレス【ブラシレスモーター・最大45N・m】電動ドライバー 25+3段階トルク調節 低速・高速2段階切替 無段変速 正逆転切替 LEDライト搭載 バッテリー2個付き 豊富なビットセット 収納ケース付き 木材・金属穴あけ ネジ締め 家具組立 DIY 修理 初心者向け 日本語取扱説明書付き","2357","23","","31","¥ 8,380","","1","B0HCQ2NS2T","B0HBRTZ55X","29.1","24.5","8.2","2140"
"山善(YAMAZEN) ナイロンコード 刈払機用 差込み式 (太さ3.0mm/コード80m) 4Gブレード 4面ギザ刃 ナイロンカッター 替え刃 草刈機 刈払機 石 タイル 雑草 除草 荒地 N30GN-80","2360","75","","326","¥ 5,554","¥ 5,554","2","B0BZYR7F3F","B0C1Z34QMD","19.5","19.3","7.4","850"
"スチールラック 幅59cm 4段 カラーメタルラック (ポール直径19mm) ベージュ 棚 スチール棚 おしゃれ 頑丈 ラック 収納 シェルフ 防サビ加工","2366","2","","","¥ 6,489","","1","B0GLG24R5X","B0HGQQ3BHP","63.5","31","13.5","13500"
"CSOOM プロ木工トリマービットセット 超硬ルーターセット 70本組 軸径6mm木工工具のルータビットセット アルミニウムケース収納付き","2370","72","","3","¥ 12,800","","1","B0GL1R524Q","B0CB83MGTT","26","23","11","2000"
"カンペハピオ ペンキ 塗料 油性 つやあり 鉄部用 高耐久 防サビ サビの上から塗れる 油性鉄部用S ぎん色 3L","2370","77","","155","¥ 6,227","¥ 6,227","7","B0CVKZ5VJF","B0D4LHC1CY","21.8","17.2","16.9","3260"
"VARNIC 宅配ボックス DIY ポスト一体型 大容量 宅配BOX 戸外 防水 防塵 防錆 防犯 郵便受け 郵便ポスト 屋外 戸建て用","2371","86","100","173","¥ 10,979","","1","B0F1F8YZL7","B0F1F5HJG5","88","48.5","18","14500"
"アストロプロダクツ 3/8DR プリセット型トルクレンチ TQ065 | バイク オートバイ エンジン ロックリング 9.5mm 10～40Nm 72T 収納ケース付き プッシュリリース レーザー刻印 プレセット型","2371","83","50","10","¥ 5,280","","2","B0FQNZ75GB","B0FFG8CNNC","32.9","5.2","4.7","540"
"【2026強化版 55mm】SEESII 充電式剪定バサミ 電動剪定バサミ 55mm 業界最大開き口 2 個 4000mAh 大容量バッテリー付き","2373","94","100","464","¥ 14,800","","1","B0GYWBWB7P","B0GX9V7QVN","35","27.2","9.8","3300"
"SANEI(サンエイ) スライドシャワーハンガー 後付け 交換・追加用 角度調整可能 シャワーフック 日本製 PW5801-1","2376","91","300","153","¥ 5,700","¥ 6,013","11","B0D72ZH6L5","","15","12.7","6.9","240"
"トラスコ中山(TRUSCO) αウレタンブレードホース オレンジ 30m 6.5×10mm TUB6530","2378","75","","7","¥ 5,636","¥ 5,636","19","B01B4CRH1M","B0CBTCYMYJ","32","28.3","9.2","1740"
"工進(KOSHIN) インバーター 正弦波 発電機 (定格出力0.9kVA) GV-9i 超低騒音型 防災用 災害用 静音 防音型 備蓄 災蓄 非常用 電源 台風 地震 小型 軽量","2380","96","","73","¥ 67,800","¥ 67,087","31","B01BBR9EVG","B0DT461SF3","46.5","42","27","16510"
"マキタ(Makita) 充電式インパクトドライバ（黒） 18Ｖ バッテリ・充電器・ケース別売 TD173DZB","2381","129","300","278","¥ 18,869","¥ 21,414","20","B0BZ3HX8F1","","21.4","13.9","11.2","1020"
"シンワ測定(Shinwa Sokutei) 丸ノコガイド定規 エルアングル Plus 併用目盛 60cm 73151","2382","69","50","1267","¥ 6,516","¥ 6,516","39","B01KLHZOJ8","B0CGS23Q3V","78","36","7","960"
"リョービ ドアクローザ 室内用 ドアマン ストップなし アイボリー 101P","2548","60","","10","¥ 6,611","¥ 6,611","1","B0FCFNZPHQ","B0FLWG7G7X","24.2","8.7","8.6","1260"
"ガードロック 内開き扉用室内錠 スタンダード 日本製 No.560S ホワイト 4.7×12×5.5cm","2386","106","200","336","¥ 6,050","¥ 6,186","13","B08H7ZCK2F","B08HYSZ16R","21","14.5","4.9","260"
"工進(KOSHIN) 18V 2.0Ah 充電式 高圧 噴霧器 タンク 15L SLS-15H バッテリー・充電器付 ダイヤフラム ポンプ 背負い 消毒 防除 高木 直射 手元 スイッチ 静音 簡単 共通バッテリー","2387","84","","53","¥ 43,341","¥ 43,341","15","B07N1V1DLX","B07CMCFJWH","64.2","36.4","24.8","5380"
"Sumeriy 防草シート 1m×50m 厚手 高密度 高透水 高耐久 紫外線劣化防止UV剤入り 親水化剤入 雑草対策 固定ピン125本と黒丸125枚","2393","52","","2061","¥ 7,172","","1","B0BNX34XKX","B0DPB7GLDZ","115.5","19","18.5","6000"
"Yacooda 電動ラチェットレンチ 小型 【2026業界初・1台2役・電動ラチェット＆電動ドライバー】 電動3N.m 手動60N.m コードレス 充電式 正逆転切替 3/8""差込角 1800mAhバッテリー LEDライト 車整備 日本語取扱説明書 レッド","2414","56","50","14","¥ 9,980","","2","B0H3ZS4RXB","B0HGQ2FG65","27.9","9.4","4.6","570"
"TOTIO ウォルナットの木目リメイクシート 超広幅 白木目調自貼壁紙シール 122CMx4M 気泡のないデザイン マット 厚手 剥がせる 防水 防油 耐熱 オフホワイト木目調カッティングシート キッチン浴室装飾フィルム おしゃれ壁紙シート 家具補修シールシート， 壁、机、テーブル、ドア、作業台、食器棚、ワードローブに最適","2445","6","","310","¥ 6,980","","1","B0GZKC77ZB","B0C6M1JNXC","122","4.8","4.8","1780"
"Screw-8","2419","53","","16","¥ 6,472","","1","B0B6WMXVYC","B0CBQKQBZY","20","13.2","3.5","662"
"武田コーポレーション 【園芸・】ノーパンクアルミ園芸運搬車","2420","50","","6","¥ 24,967","¥ 24,967","1","B00QM81YRW","B0CH87KGMQ","68","43.8","34.4","12100"
"VOICE 金庫 小型 家庭用 27Lセーフティーボックス 電子式 A4 オフィス用 店舗用 暗証番号 テンキー式 ブラック VSB-30 W38 x D30 x H30 cm","2422","82","100","88","¥ 10,740","","1","B0CQSS16GL","B0DDKGR1C8","44","37","37","11200"
"DayPlus 電動ドリルドライバー ブラシレスモーター搭載 21V/マキタ対応18Vバッテリー互換 バッテリー2個搭載 最大45N・m 25+3段階トルク調節 スピード調節/正逆転切替 初心者向け DIY工具セット 29点アクセサリー付属（ドリルビット/ドライバー付き）","2423","80","","107","¥ 5,080","","2","B0DZ27M17R","B0C52WHNYD","33.4","30.3","11.1","2880"
"LOFINKU 草刈り機 充電式 草刈り機 充電式刈払機 折りたたみ式軽量電動草刈り機持ち運びやすく 伸縮性和90°角度調整が可能な ブラック","2427","95","400","217","¥ 5,680","","3","B0GQXJMH12","B0GYRGP6YS","57.7","17.6","13.5","2460"
"ハンディ・クラウン 多用途用刷毛3本組X10セット 30/50/70mm","2433","57","","302","¥ 5,156","¥ 5,445","2","B09PBGKPPP","B0BPGF5N3R","27.9","26.4","17","1020"
"草刈り機 充電式 コードレス 残量表示 【2026最新型】草刈機 4000mAh大容量バッテリ一2個搭載 3時間運行 マキタ18Vバッテリー対応可能 電動草刈り機 安全 軽量 低騒音 充電式草刈り機 角度調整 伸縮可能 4種替刃 肩掛けバンド 補助輪 芝刈り機 電動 多地形対応 除草 枝切り 雑草 芝生 畑 植木 家庭用 農業園芸用 刈払機 日本語説明書付き","2438","99","400","62","¥ 8,999","","1","B0GR52Y2TT","","74.1","23.3","11.8","4260"
"ヘッジトリマー 充電式 電動ヘッジトリマー 18Vマキタバッテリー対応可能 刈込幅510mm/切断径18mm 両刃駆動 高速往復刈り 剪定 トリマー 電動トリマー ガーデントリマー 生け垣トリマー 剪定バリカン 生垣バリカン 植木バリカン 草刈りバリカン 充電式 枝切り 電動 コードレス 軽量 【大容量バッテリー2個と充電器付属】 日本語取扱説明書","2438","93","200","194","¥ 9,470","","2","B0F6LKPFGX","B0GYMSRHC5","82.8","16.8","10.7","3510"
"石原バイオサイエンス 殺虫剤 殺線虫剤 ネマトリンエース粒剤10kg","2439","42","","232","¥ 8,024","¥ 8,024","3","B07G9JK3GY","B09W9T33VT","46","36","6","10220"
"EcoFlow ポータブル電源 DELTA 3 Max 2048Wh + 収納バッグ 2000W定格出力 (瞬間最大4400W) エコフロー リン酸鉄リチウム 10年長寿命 車中泊・アウトドア・防災・停電対策に最適 純正弦波 AC出力 アプリ遠隔操作対応","2440","19","","450","¥ 127,800","","2","B0HCYBYGPY","B0H28DZ9CG","49","30","25","1"
"タカギ(takagi) ホース ホースリール 20m 洗車 特化 内径15mm RC320WS","2444","74","200","19","¥ 9,548","","1","B0FPBZSQYL","","43","42.9","33.5","7520"
"工進(KOSHIN) スマートシリーズ バッテリーパック 36V 5.0Ah PA-413","2445","96","","109","¥ 18,196","¥ 18,196","21","B07R15N49X","B08L4BCTXL","17.4","11.2","7.8","1400"
"【2KWhクラス最軽量半固体電池】Dabbsson ポータブル電源 2000L 2048Wh 半固体リン酸鉄リチウムポータブル電源 大容量 急速充電 高出力AC(2200W瞬間4400W) 10年長寿命 EPS機能 アプリ遠隔操作 高変換効率 耐熱防火 家庭用蓄電池 ポータブルバッテリー 車中泊 アウトドア 節電/停電対策 防災グッズ 純正弦波 AC100V 50Hz/60Hz対応","2448","67","100","276","¥ 89,000","","1","B0F3JMHLGG","B0F9NG9JLN","52","40","30","20800"
"山善(YAMAZEN) チップソー 10枚セット 軽量 雑木 雑草 荒地 取付穴径25.4㎜ 刃数36 外径230㎜ 排気量25㏄以下 チップ刃 充電式草刈機 BK-KR230*10 ブラック","2452","28","","45","¥ 8,942","¥ 8,942","1","B0CJZDZ243","B0H7WZ5R8S","36.2","26","17","3700"
"ニッペ(Nippe) ペンキ 塗料 STYLE DIYペンキ 20kg 鉛色 水性 つやなし 屋内 日本製 4976124884429","2456","38","","260","¥ 21,905","¥ 21,905","1","B07TBZB8CS","B0F2B4KPLZ","35.4","23.8","23.8","20000"
"SANEI(サンエイ) トイレロータンク修繕セット スリムタップ+ゴムフロート マルチセット 水漏れ補修 V56S グレー","2458","101","","78","¥ 5,122","¥ 5,122","18","B0932QP4NG","B0F4QYMRWZ","26.2","13.8","7","400"
"三井化学クロップ&ライフソリューション 旧 Meiji Seika ファルマ ザクサ液剤 2L 旧品","2461","98","100","448","¥ 7,007","¥ 7,007","7","B00CM2IW2W","B0FND3D3Z5","19.8","15","11.6","2360"
"高儀 LED クリップライト SAKUTO 70W CLT-70SLD EARTH MAN 屋内用 照明 作業灯 投光器 開閉で照射範囲が変わる 約7000lm たかぎ","2464","99","50","55","¥ 6,545","¥ 6,545","5","B0DFPZB1FB","B0FXWN7W1T","40.1","29.3","13.4","1640"
"【水道が遠くても洗浄可能！】高圧洗浄機 タンク式 アイリスオーヤマ 高水圧 可変式ランス 温水対応 コンパクト収納 長時間使用可能 静音設計 駐車場 庭先 遠隔地 ASBT-751 サンドベージュ【Amazon.co.jp限定】","2466","104","200","65","¥ 15,009","¥ 15,009","1","B0F2HVMTCM","B0GWM1D9NG","46","40","35","10400"
"アサヒペン 水性道路線引き用塗料 20kg 黄色 塗料 ペンキ 水性 道路 ライン引き アスファルト コンクリート 艶消し 1回塗り 滑り止め効果 速乾 耐摩耗性 耐候性 日本製","2466","74","","290","¥ 23,360","¥ 23,886","25","B0031Z7KPE","B0CN314ZWP","34.4","24","24","22099"
"XINGO 24インチ ブラック ロングジップタイ 高耐久 100個 200ポンド 超強力プラスチックワイヤータイ 大型ケーブルタイ エクストラロングタイラップ 屋内外用 UV耐性","2473","72","","3107","¥ 6,200","","1","B09WY7CZMW","B0B5RZQFHR","37.5","19.6","8","990"
"ガーデンマスター(Gardenmaster) 折りたたみガーデンチェア 幅47×奥行53×高さ86cmウィッカー調 お庭 ベランダ テラス バルコニー ダークブラウン HFC-49","2477","72","","24","¥ 7,006","¥ 7,006","2","B086WC8X5T","B0FY6GV31K","107","48.5","18","4300"
"草刈り機 充電式 大容量バッテリー2個搭載 4種替刃 草刈機 草刈り コードレス ナイロンカッター 伸縮可能 90度角度調整 多機能刈払機 低騒音 安全設計 補助ハンドル 枝切り芝生 畑 雑草 植木 菜園 充電式刈払機 農業 家庭用芝園芸用機器 掃除が楽 日本語説明書付 (レッド)","2480","35","400","759","¥ 6,998","","6","B0HB4W5QZ8","B0HG9JBX9T","87","13","9","2000"
"BLUETTI ポータブル電源 AORA100 V2 1024Wh大容量 定格1800W 45分80％充電 停電時0.01秒切替 電力リフト2700W","2487","71","50","230","¥ 62,910","","1","B0FB3Z3Z97","B0H944GNTK","40.1","39.8","29.6","13310"
"TOTIO カッティングシート ブラック木目シート リメイクシート 木目調シール 黒木目壁紙シール はがせる おしゃれ 40CMx18M 自貼 防水 防カビ 耐熱 厚手 戸棚シート 防油 防汚 ビニール壁紙 キッチン 浴室 DIY装飾シート ドア テーブル 床 壁 家具補修シール シート 無地 艶なし","2492","7","","438","¥ 5,799","","1","B0GZK8RRPL","B0GVSKZKDC","40","8","8","2000"
"マキタ(Makita) 360ミリ充電式生垣バリカン 18V バッテリ・充電器別売 MUH367DZ 青","2494","91","100","322","¥ 12,758","¥ 12,758","16","B09WV79M94","","83","20","19","3410"
"ベッセル(VESSEL) VA線ストリッパー 電気工事士技能試験対応 VVF EM-EEF用 3200VA-1","2496","102","300","955","¥ 5,873","¥ 5,873","38","B00F5FZI52","B0H5NKZMT8","24.8","11.6","6.1","410"
"グリーンライフ Gアクアホースリール20m PRQ-205DN(AGY)","2498","58","","47","¥ 5,980","¥ 5,980","5","B0C67TL14P","B0FGHFHLSL","41.7","39.1","33.2","5430"
"トラスコ中山(TRUSCO) ナべ頭小ねじ 全ネジ B7010312 三価白 M3×12 194本入 x 10パック x 【ケース販売】","3775","55","","30","¥ 7,545","¥ 7,545","1","B0C4XMLCT1","B09NWKWLF3","32.6","15.2","9.3","1672"
"イーバリュー(E-Value) 刈払作業用 軽量タイプチップソー 草刈り用 10枚組 255mm 25cc以上推奨 ETT-255mm×40P×10P","2501","67","","260","¥ 6,357","¥ 6,357","6","B09X6PKPFQ","B07G12BSHC","27.8","27.6","4.4","3990"
"【2026改良強化版】電動剪定バサミ 21v マキタ電池互換 40mm開き口2段調整 電動バサミ替刃付き 静音 ブラシレスモーター ポータブル ケース付 軽量 充電式剪定ばさみ PSE認証取得済み 切断回数と残量表示ディスプレー 切れ味良い剪定鋏 庭木/果樹/DIY園芸用剪定用具 - 日本語取扱説明書付き(人気ブルー)SPGDSPSY","2503","101","200","103","¥ 14,900","","1","B0FYF2NWHM","B0GV3Q8VQQ","37.9","28.6","11","2900"
"天馬 宅配ボックス 屋外 防水 置き配ボックス 積み重ねて受け取れる 案内ステッカー 簡単設置【幅60×奥行37×高さ47cm】【ダークグレー】","2506","104","300","304","¥ 5,256","¥ 5,256","12","B0F2M67973","B0F4RMB9SZ","62","43","38","3950"
"高儀 EARTH MAN 変速ディスクグラインダー100mm DGR-110SC","2520","101","50","1261","¥ 6,073","¥ 6,073","9","B00264K454","B0F43VQC7G","33.4","13.7","11.4","2258"
"BrownPup 水で膨らむ土嚢袋 10個セット 土を使わない吸水土嚢 玄関・駐車場まわりの応急浸水対策 (25*100cm)","2523","12","","3","¥ 6,672","","1","B0H75FZWK2","B0H755S6YK","1","1","1","2450"
"非常食セット 7年保存 ごはん 5年保存 パン 最大24食 家族 自治会 自治体 組合 企業 大口注文 まとめ買い 1週間 防災食 保存食 家族用 災害 備蓄 防災グッズ","2529","45","200","9","¥ 7,970","","1","B0GTM4KZ6D","","24","24","21.5","1900"
"カール事務器 そとレジ 手提げ金庫 キャッシュボックス アタッシュケース型 簡易レジ シリンダー錠 MR-2700","2531","85","50","93","¥ 5,900","¥ 5,900","37","B08ZY9FGZ2","B0FNMBJYB5","37","28.5","12","3490"
"KVK サーモスタット式シャワー KF800T","2532","67","200","615","¥ 15,678","¥ 15,678","25","B003MULL30","B093CVPMPZ","43.9","32.9","20","3310"
"TechPeak 高枝切りバサミ 【日本製 2枚の刃】 3段伸縮式 2m 3m 4m 5m 軽量 たかえだきりばさみ SK5高級炭素刃 高枝切り鋏 鋸付き 高枝切りノコギリ はさみ ガーデニング用品 果樹園 公園 農場 庭園などに適応 園芸用具 果物取り (三段伸縮：1.4-3m)","2534","81","100","134","¥ 5,391","","2","B0D8TH3MR8","B0D8TFJC8G","140","6","5.9","1610"
"HAPPYJOINT エクレア ソーラーライト 屋外 防水 4個 IP68 庭 ガーデンライト 屋外 ソーラー 明るい 駐車場 玄関 置き型 暖色","2539","85","200","173","¥ 5,083","","1","B0F18DPCPQ","B0GRMCD2FP","17.3","15.4","2.6","430"
"TheFitLife ステンレスホース 散水ホース 丈夫 水道ホース 洗車 ガーデン 庭 屋外 水やり 水巻 (15m)","2540","67","50","944","¥ 5,700","","1","B08R8CRHWK","B09FG6SHBR","25.6","25.2","12.9","2990"
"【公式ストア限定】リファウルトラファインバブルランドリー","2543","90","300","150","¥ 11,800","","1","B0DNM6TSXZ","B0F32488J7","31","24.3","9.8","540"
"マキタ(Makita) DF484DZB 充電式ドライバドリル 黒 本体のみ 18V","2546","120","100","433","¥ 16,366","¥ 16,366","18","B01MUE6WJ1","B07DC7M6T9","23.8","22.2","9.3","1340"
"【2026新型】SEESII 8インチたかえだ電動チェーンソー 高枝切り電動バサミ ポールヘッジトリマー 電動芝生バリカン 1台8役 着脱伸縮式","2550","91","200","1572","¥ 19,800","","1","B0G2S8HSPC","B0HBB48X67","119.5","20","18","7590"
"ラグリエ フロアマット 木目 グレージュ 江戸間10畳 床保護マット フローリング 敷き詰め","2553","39","","488","¥ 29,800","","1","B09Y2TFF1H","B0B4J8WDF1","93","52","13","12000"
"草刈り機 充電式 コードレス 4000mAh大容量バッテリー2個搭載 【2026最新アップデート】マキタ18v電池互換 残量表示 折りたたみ式 草刈り機 電動 充電式草刈り機 角度調整 伸縮可能 4種替刃 軽量 安全設計 除草 枝切り 雑草 芝生 畑 植木 家庭用 女性でも簡単 除草 2時間運行 日本語説明書付き","2555","99","200","55","¥ 7,499","","1","B0GJ3QQ18D","","60","18","10","4500"
"MJJC ショートガンPRO スイベル ケルヒャー用 クイックコネクトアダプター付属 高圧洗浄機 ノズル トリガーガン (５段階マルチスプレー ノズル)","2562","100","300","1096","¥ 8,380","","1","B09H4RGY14","B09H4TBMTP","28.3","17","5.6","940"
"TOTO キッチン水栓 TKS05301J","2570","125","200","448","¥ 11,990","¥ 12,491","25","B07PTHP7FF","","32.5","31.8","7.2","1700"
"グリーンライフ ポスト 壁掛け【日本製】 ステンレス製 A4サイズ対応 ダイヤル錠(番号変更可) PS-50FD","2572","60","","4","¥ 7,407","¥ 7,407","2","B0BF9BCT4H","B0D1XYJ8VR","38.6","28.9","16.9","1740"
"チェーンソー充電式【1本2役・6インチ高枝チェンソー・ハンディチェーンソー】ブラシレスモーター 2個2.0Ahバッテリー残量表示 自動給油 高枝切りの延長ポールと接続可能 電動式 軽量 強力 ミニ 小型 ハンド式 安全ロック コードレス 切断径15cm 竹・枝切り 庭木の剪定 薪作り 林業伐採 手袋 ゴーグル ボトル 替えソーチェーン ケース付き 日本語説明書 レッド","2897","43","","13","¥ 6,598","","5","B0GYC493H5","B0HC5PT38Z","40.2","18.7","12.1","2330"
"山善(YAMAZEN) 突っ張り 目隠し サンシェード 日除け シェード 屋外 1×2m 遮光率約76％ 紫外線遮蔽約85％ 高さ調整可能 通気性 簡単設置 水洗い可能 SPSH-1020(IV) アイボリー","2583","76","50","139","¥ 7,309","¥ 7,309","2","B0GSW2MB5C","B0GY79937X","120","21","9","3660"
"2026強化版 洗車 ブロワー 強力 ブロアー 充電式 送風＆集塵 2WAY【6段階風量調節 LED液晶パネル付き 】マキタ18Vバッテリー互換 4000mAh大容量バッテリー2個付属 ブロワー 掃除機 コードレス手持ち式 軽量 エアブロワー 小型 庭掃除 枯葉掃除機 除雪作業 集塵機 充電器付き日本語説明書付き (ブラック)","2586","98","300","104","¥ 6,459","","1","B0GT8M69FJ","B0GT8NNSZL","32","18.4","18","2320"
"2tワイドロングトラック 荷台マット 3.5mm 3tワイドロングトラック 幅200cm×長さ436cm 42kg トラックゴムシート 業務用 屋外","2587","66","","827","¥ 29,980","","1","B0CXXRJX1L","B0CTZXW77Q","200","20","20","42000"
"カラスバスター カラスよけ 撃退グッズ 【(14x14cm)x20枚セット】日本製 吊るすのみ 燕の巣守りにも効果的 簡単設置 安全 特許有 鳥害対策 カラス対策 カラスよけグッズ からす近寄らず","2596","55","","2089","¥ 10,800","","1","B0BWX9L4LH","B0C9HG4DR1","30.7","22.7","2.8","430"
"プロクソン(PROXXON) ミニルーター 回転数が調節可能 MM100 No.28525","2606","122","200","710","¥ 9,990","¥ 9,990","26","B001LF3OJC","B07ZJ1KHLH","32.8","11.2","5.2","480"
"グリーンライフ 物置 収納庫 屋外 小型【日本製】棚板1枚・鍵付き(幅89×奥行47×高さ92cm)チタングレー サビに強いステンレスレール 調整可能な可動棚 HS-92SRE(TGY)","3021","68","","1058","¥ 15,815","¥ 15,815","2","B01M3YC67L","B0DGL3QMS7","95","50","22","22500"
"タカギ(Takagi) ホース ホースリール マーキュリーIIツイスター(CG) 30m RT330CG","2610","91","200","98","¥ 7,145","¥ 7,145","20","B0CLRC186D","B08D6Q5B41","51.1","41.9","41.5","7810"
"アルスコーポレーション アルス 超軽量伸縮式高枝鋏 ライトチョキダブルズームコンパクト 150ZZ-2.8-6D","2612","90","200","762","¥ 6,773","¥ 6,773","15","B00HJEK7WG","B0DZ9RRNR3","137.5","11","2.5","1000"
"高儀(Takagi) GISUKE パイプレンチ JIS付 350mm PW-350J (× 5)","2614","19","","","¥ 11,610","¥ 11,610","","B0DY6B5V1T","B076DZ1QVJ","32.2","8.9","3.2","6350"
"【改良版】防草シート 除草シート 1m×50m ぼうそうシート 高透水 高耐久 高密度 Uピン杭50本と黒丸50枚付き 厚手 耐用年数は5年 雑草防止 工事用 園芸用 人工芝下シート UV耐候剤配合 農業 庭 通路など雑草防止シート","2615","4","","173","¥ 7,224","","1","B0HF6KKFBW","B0HFB94BK6","101","18","18","6000"
"シンワ測定(Shinwa Sokutei) デジタルノギス 大文字 2 150mm 19995","2618","110","200","250","¥ 5,445","¥ 5,445","40","B08KGTDHQ1","","30.8","12","4","380"
"Boetpcr 互換 マキタ 18v バッテリー BL1860B 6.0Ah大容量 2個セット マキタ 互換 バッテリー 18v BL1815N BL1820B BL1830B BL1860Bなどに対応 LEDランプ残量表示 A+級セル採用 BMS保護基板搭載 高耐久設計 長時間稼働可能 CE PSE認証取得済み ブルー","2621","68","200","1127","¥ 5,980","","1","B0GVS5DPN1","B0DQGG2LNL","18.1","13.1","8.7","1200"
"BATOCA S5 ポリッシャー ミニ 車 充電式 コードレス 電動 30/50/75mm DA/RO 瞬時切替 12V 2.0Ahバッテリー2個付","2623","93","50","104","¥ 17,669","","1","B0DM1C821W","B0GQGG1L2B","36.3","24.2","15.4","2710"
"GOYOJO デジタルトルクレンチ 高精度 トルクレンチ 耐久性 3モード・4単位 多用途 3/8インチドライブ、記録999 件 自動車整備 タイヤ交換 オートバイ 自転車 家電製品 DIY 日本語説明書付き 測定範囲1.8~60Nm（3/8)","2628","89","100","452","¥ 6,231","","2","B0CPHVZ7XL","B0HGQVD84L","34.1","8.7","5.9","880"
"ダイドーハント (DAIDOHANT) (釘) JIS 丸釘 25kg (胴部径d) 4.6 x (長さL) 125mm [鉄/表面処理なし] (約1500本入) 9125","2637","22","","","¥ 16,503","¥ 16,503","1","B07XFMFKMP","B07XRV2TJS","32","29.5","15.5","25570"
"東日製作所 トーニチ トルクレンチ 差込角9.53 全長258ｍｍ","2638","105","50","748","¥ 14,780","¥ 14,975","24","B002P8K4RO","B07TT69NZW","30.1","11","7.8","570"
"マキタ(Makita) AC100V ブロワ集じん機 MUB1200","2650","105","300","753","¥ 10,580","¥ 10,210","18","B08MW32LKC","","75","36","17.5","5000"
"INULABO(イヌラボ) 洗える ペットシーツ 特大 おしっこマット 防水 床保護 ペットマット 丸ごと洗える 【わんこが思いっきり遊べる】 (165×122cm(2枚セット), ホワイト)","2652","57","","499","¥ 5,832","","2","B09P4N38ZK","B09P4PL7NB","30.5","29.7","17.8","2070"
"ALEBANA 高さ調整 机 こたつ 角足 継ぎ足し テーブル 高さ調節 ベッド 座椅子 ソファ の 脚 を 高く する 便利グッズ (高さ11cm(3段), アイボリー) (× 2)","2653","30","","516","¥ 7,360","","","B0GZG955F8","B0CK25RQV1","26.7","13.7","12.6","2500"
"HiKOKI(ハイコーキ) 18V コードレス ドライバドリル チャック 2.0~13mm 20段クラッチ 2.0Ah 蓄電池×1個 充電器 ケース付 FDS18DA(BG)","2655","103","200","278","¥ 10,909","¥ 10,909","7","B09RZS8P8W","B0CN2DT9NM","37.7","27.8","9.9","2660"
"マキタ(Makita) 充電式インパクトドライバ（黒） 18V6Ah バッテリ2本・充電器・ケース付 TD173DRGXB","2665","128","300","204","¥ 48,980","¥ 49,144","35","B0BZCMQBML","","35.8","30.6","12.4","4820"
"高儀 7.2V 充電式 ペン型 インパクトドライバー IDR-72LiB EARTH MAN 用途に合わせて変形 正転 逆転 USB充電 内蔵バッテリー LEDライト 電動工具 たかぎ","2668","95","50","39","¥ 5,710","¥ 5,710","5","B0FX74XN2H","B0FX71WRLW","20.4","16","5.1","640"
"Waitleyバッテリー充電器セット互換マキタBL1860B 2個+充電器 大容量6000mAh カットオフ機能付き長寿命電池セル採用","2674","96","300","172","¥ 9,320","","1","B0DD3QL9HF","","29.6","20.9","12.1","1930"
"グリーンライフ 物置 収納庫 屋外 大型 【日本製】棚板2枚・鍵付き(幅89×奥行47×高さ162cm)チタングレー サビに強いステンレール 調整可能な可動棚 HS-162SRE(TGY)","2679","87","100","885","¥ 23,822","¥ 23,822","2","B01M35JK0W","B0DGKTQTXY","170","52.5","14.2","24500"
"高儀 ベルトサンダー BSD-110 EARTH MAN 電動カンナ ランダムサンダー 電動サンダー ペンサンダー 付属クランプで固定使用も可能 工具 たかぎ","2686","95","50","614","¥ 6,260","¥ 6,260","13","B00G8PRYRI","B076ZGXX8S","33.3","18.6","15.6","3050"
"AstroAI エアコンプレッサー 電動空気入れ 5 in 1 自転車 空気入れ 車用 AC/DC給電 150PSI","2687","102","100","6223","¥ 6,999","","1","B0BSF2K4H2","B0D8Y3WS33","30","21.6","16.3","1930"
"流し台 ステンレス製 蛇口水栓付き 蛇口左右に付けれる 屋外 簡易式 キッチン用流し台 ガーデンシンク コンパクト 屋外BBQ アウトドアに適用 錆びにくい 簡単取付 工場 農園でも (7.作業台付HI-125R(右シンク))","2687","64","","24","¥ 23,980","","1","B09NMDPLZR","B09BF8ML8N","125","55","34","12500"
"practicalWs 大理石紙 御影石 グレー/ホワイトロール キッチンカウンタートップ キャビネット家具は改装済み 厚い PVC 簡単取り外し(17.7インチ x 390.9インチ)","2692","52","","115","¥ 9,569","","1","B0BWLP1FZS","B0G19BM2KM","45.4","5.7","5.4","1030"
"マキタ マルチツール用カットソー 木材用 幅64mm×41mm炭素工具鋼刃5枚入 TMA052SK(A-65501)","2697","80","","","¥ 5,825","¥ 5,825","11","B07CNM21BC","B085P23Q69","16","9","2","140"
"BASFジャパン(Basf Japan) 除草剤 バスタ液剤 5L","2702","87","300","327","¥ 14,347","¥ 14,347","4","B07N1PH44P","B0GT9QYB7T","28.9","21.5","13.3","6000"
"パナソニック(Panasonic) 電動ドライバー USB Type-C 充電式 3.7V 850mAh 正転・逆転 手締め機 ブレーキ付 LEDライト ビットセット USB充電ケーブル付属 軽量 小型 ネジ締め DIY 電動工具 充電ミニドライバー EZ1D11S-R レッド","2710","108","","547","¥ 7,909","¥ 7,909","20","B0BV9Y364C","B0DQPWSW3Q","19.5","13.8","5.9","280"
"ガービー（Garvee） アイアンレッグ テーブル 脚 2本セット 奥行41.6cm 高さ79cm 荷重400kg 高さ調整 diy スクエア型","2711","50","","84","¥ 6,061","","1","B0FSXFV7S4","B0FLC5BL9F","79.5","19","9","7800"
"マキタ(Makita) 460ミリ充電式生垣バリカン 18V バッテリ・充電器別売 MUH467DZ 青","2712","63","400","434","¥ 14,474","¥ 14,474","17","B09WV8PKC3","","89","20","20","3590"
"TRUSCO(トラスコ) 低頭六角穴付ボルト ステンレス全ネジ M5×8 9本入 B089-0508 x 10パック【ケース販売】","2715","42","","324","¥ 6,126","¥ 6,126","1","B0BV926QLR","B09PBNQQDR","27.5","15","6.5","390"
"【Amazon.co.jp限定】HiKOKI(ハイコーキ) 18V 充電式 インパクトドライバ WH18DC 初回修理保証 バッテリー1個・充電器・ケース付 WH18DC(XPZ), アグレッシブグリーン","2718","90","100","81","¥ 29,900","¥ 29,900","2","B0DB1P9S5Y","B0F8VGWVN1","35","29.6","12.4","4090"
"大正製薬 リポビタンゼリー 1ケース（100g×80個）【非常食・長期保存対応】備蓄 栄養補給 ゼリー飲料 防災用保存食","2720","44","","28","¥ 25,920","","1","B098J4RNHK","B0DM8JH6XH","35","35","17.6","9390"
"【テレビ紹介】【防災士監修】温かい防災食 非常食 防災食 6年保存 10食セット（5種類×2袋・1人用）アレルギー対応 野菜入り 栄養バランス 長期保存食 ヒートバッグ 発熱剤付き 防災備蓄 容器不要 衛生 コンパクト 携帯用 アウトドア 地震 台風 災害 【説明書＆防災ガイドブック付き】 GEUM032 (10食セット)","2721","64","100","39","¥ 7,633","","1","B0F3CXM7VC","B0GXHTBBDH","41","29.3","13.4","3330"
"モリタ宮田工業 アルミ製蓄圧式粉末ABC消火器 アルテシモ MEA10D","2722","60","","385","¥ 9,090","","2","B00VTJ2V08","B084DK3TTQ","55","16.5","16.5","5400"
"Bamworld フラワースタンド 植物育成ライト付き フラワースタンド 室内 プランタースタンド 5段観葉植物 台 おしゃれ 植物 棚 植木鉢台 プランターラック リビング 寝室 ベランダ","2723","76","50","27","¥ 5,785","","1","B0G1Y3YZ9M","B0GNZ68XKM","38.6","32.1","7.1","3870"
"2026園芸業界新デザイン 草刈り機 充電式 コードレス 電動草取り機 雑草取り器具 強力 根こそぎ 雑草抜き マキタ18Vバッテリー対応可能 4000mAh大容量バッテリー付属 電動草刈り機 草抜き機 電動草刈機 雑草除去 草取り 駆除 草むしり 振動除草 除草機 ガーデニング 園芸用品 畑 庭 手入れ 花 ガーデン DIY 日本語取扱説明書付き","2724","85","500","122","¥ 6,649","","2","B0H1LT4CB7","B0H3P6GH5R","39","11.7","11.5","1290"
"リビングアウト(Living Out) 人工芝マット 30×30cm 18枚セット 芝生 タイル ペグ付き リアル 防草シート 庭石 DIY 洋風 防草マット 雑草対策 ガーデン 敷くだけ 置くだけ","2728","48","","292","¥ 7,727","¥ 7,727","2","B0FLGZHVW1","B0FTZ5PSP2","33","32","25","8000"
"ストリングライト ソーラー 12m 防雨型 夜間自動点灯 LED電球 13個 電球色 PC素材 8点灯モード 調光可能 リモコン付き 2個入","2735","35","","1","¥ 5,999","","1","B0F7WDQN9W","B0B9BZ2JHX","22","14","12","747"
"非常食セット 最長7年 保存食 ごはん パン 最大２８食 ６日分 家族 自治会 自治体 組合 企業 大口注文 まとめ買い 防災グッズ 家庭用 災害 備蓄 避難 生活 地震 食料","2737","46","200","9","¥ 9,405","","2","B0GTNNDXGV","","39.6","24.8","14.4","2830"
"2026最新型 電動草刈り機 充電式 小型 マキタ18Vバッテリー対応可能 4000mAh大容量バッテリー2個搭載","2743","14","","4","¥ 9,999","","1","B0HF4DVY47","B0HFFFTPJM","90","10","10","3500"
"LULULIFE 防草シート 除草シート 2mx50m 高耐久 高密度120g/m² 親水剤入 高透水 紫外線劣化防止 不織布 雑草防止 雑草対策 除草 草取り 草よけ 砂利の沈下抑えシート 農業 園芸用 工事用 庭 通路など 雑草防止シート 固定ピン100本と黒丸100枚付属【幅2mを幅1ｍに折り畳んだ状態】","2940","59","","534","¥ 11,599","","1","B0CDHBZQHH","B0CGM9F3S5","101","29","27","12750"
"トラスコ中山(TRUSCO) 皿頭小ネジ チタン 全ネジ TB920614 M6×14 5本入 x 10パック x 【ケース販売】","2744","49","","21","¥ 12,636","¥ 12,636","1","B0C4XN13MB","B09NWLR4FT","18.3","10","7","1000"
"HAIGE(ハイガー) 電動 ガーデンシュレッダー 枝粉砕機 HG-BSLD02E (本体のみ)","2749","60","50","144","¥ 24,800","","1","B0C5GX5R1N","B0C5GS3FXM","54.7","54.1","37.3","13490"
"【複数投函可能/大容量 140L】 VARNIC 宅配ボックス 宅配BOX 組み立て不要 防水 防犯 屋外 置き配 大容量 ポスト付き 大型 戸建て用","2756","93","100","2489","¥ 18,979","","1","B0BWJV9R8S","B0BWJTWXKR","96","46","40","23000"
"非常食 7年保存 フリーズドライご飯 ご飯 そのまま食べられる 保存食 長期保存 お米 水不要 水なし 非常食セット 備蓄食料 防災 4種×3袋 計12食","2758","89","100","63","¥ 11,790","","1","B0C8MMM899","B0BFDXDS9G","36.9","18.7","16.9","1490"
"Kaiju Plant 怪獣ポットEco4.5 スリット鉢 4.5号 麦わら再生プラ鉢 植木鉢 アガベ 塊根 サボテン (24個/グレー/無地)","3086","9","","8","¥ 6,980","","1","B0D6LL7MB6","B0D6QD8TH9","31.5","23","15","1000"
"ダイドーハント (軟質) メッキ針金 [ 鉄 ・ 亜鉛メッキ ] [太さ] #10 (3.2 mm) x [長さ] 375m 50202.00","3071","43","","205","¥ 23,440","¥ 23,440","7","B07C5HS6ZT","B07WPC79ZN","71","71","8","24980"
"Letmy ガーデンライト 屋外 ソーラーライト 屋外 ソーラー ニューバージョン 1000mAh IP65防水 自動点灯／消灯 8個セット","2779","74","","250","¥ 6,364","","1","B0GJDZ8TLW","B0F882QB47","31.7","21.4","17","2250"
"【うんちが臭わないトイレ】 BOS非常用トイレ (Bセット) 100回分 災害/携帯/簡易トイレ/防災グッズ/15年保存 ◆防臭 防菌◆ 臭わない袋BOS付き","2785","56","100","390","¥ 9,682","","2","B088B8YY5J","","37.2","23","14.6","4590"
"川口技研 室内用物干し ホスクリーン SPC-W ホワイト 2本組","2786","93","200","363","¥ 6,360","¥ 6,997","21","B00KS10KKG","","46.3","7.6","4.7","670"
"Lepro S2 AI ledテープライト RGBCW+IC 10m AI照明デザイナー アレクサ対応 RGB+電球色+昼白色 クリスマス 1600万色 流れるテープ 切断可能 虹色 アドレサブル Alexa/Google Home対応 音楽同期 間接照明 スマート テープライト Wi-Fi Bluetoothに対応 両面テープ付 DIY 【Leproアプリ アカウント登録要】[S2-10-JP]","2794","80","","22","¥ 5,933","¥ 6,676","2","B0FQC86LRZ","B0GSVSB1T6","19.3","18.4","7.3","410"
"ワイヤレスチャイム 玄関チャイム 防犯センサー ワイヤレス 非接触 ドアベル/無線ドアベル・4段階の音量 36種類の呼出音楽 呼び出し 呼び鈴(日本語取扱説明書) (送信機3個 受信機1個)","2800","25","","950","¥ 5,299","","1","B0H6LCH5JH","B0B5WJ3BTY","17","12.8","7","280"
"SERBSP 『除湿・消臭・竹炭シート6帖用』炭シート 除湿シート 炭消臭 畳の下や押入れ・靴箱など湿気が気になる場所に ト用 (幅 約100cm × 長さ 380cm 3枚入り)","2801","53","","80","¥ 5,800","","1","B0DDC9HS8Y","B0DDCBPJTZ","36.8","29","7","960"
"TRUSCO(トラスコ) トラス頭小ネジ ユニクロ 全ネジ M3×6 280本入 B04-0306 × 10PK【ケース販売】","3748","45","","41","¥ 6,111","¥ 6,111","1","B0C4Y31R1F","B09NWKT8W8","32","14.5","8","1850"
"Fanttik E1 Max 電動ドライバー ミニ精密ドライバーセット グレー","2804","104","100","7328","¥ 9,499","","1","B0BGWRWRX2","B0CZDCDKPV","20.4","5","4.7","480"
"FANTIAN【高級白玉石】 クリスタルホワイト 白仙華 化粧砂利 玉砂利 白 ホワイト 水磨き 玉石 防犯砂利 庭石 防犯じゃり4-6cm,18kg","2812","28","","50","¥ 6,999","","1","B0H2GZ89KQ","B0G4BSD62Q","40","33.5","12.3","18690"
"スイコー ホームローリータンク 100L (ブルー)","2823","67","","645","¥ 10,764","¥ 10,764","12","B00IIJGHK2","B0B5D43XZS","64","53","46","5400"
"AOPIPI 電源延長コード、PVC材質、1000W容量、長さ2m/3m/5m/10m/15m/20m/30m、耐候性・難燃性、家庭用・業務用・電動工具・照明機器に適用、屋内・屋外両用 (A,30M)","2824","0","","","¥ 5,199","","1","B0G3WFD7JC","B0G3WHFQT5","10","10","10","3000"
"【複数投函/ポスト一体型/140L大容量 】宅配ボックス 屋外 防水 宅配BOX 組立不要 大型 郵便受け 置き配 配達ボックス 両開扉 盗難防止 一戸建て用 個人宅 簡単設置 印鑑ホルダー/案内ステッカー/ワイヤー/アンカー付き ブラックレッド","2832","96","50","211","¥ 19,960","","3","B0DFYDQWDW","B0HGN8FJR5","95","45","45","18"
"HiKOKI(ハイコーキ) 電気ディスクグラインダー 砥石径100mm×厚さ4mm×穴径15mm AC100V FG10SB3","2840","93","100","32","¥ 9,104","¥ 9,104","3","B003Y6HON8","B096VM4KSP","31.9","14.4","13.1","2180"
"RUOSHI MC4 ケーブル20mソーラー延長ケーブル ソーラーパネル接続用 ソーラーパネル 並列接続ケーブル 太陽光パネル用ケーブル MC4型 コネクター IP67防水 両端加工 4SQ 2本セット","2855","80","50","573","¥ 6,651","","1","B0BVYHGRBK","B0BNK9XLS7","33.4","32.5","7.9","2420"
"ガービー(Garvee) サイクルハウス 替えカバー 替えシート 3台用 420D 頑丈 防水 防UV 耐水圧2000mm 高耐久 ブラウン","3817","22","","76","¥ 7,080","","1","B0H3TT746C","B0H3VBXQ9R","40","35","7","1500"
"AirZen フロアタイル 木目 置くだけ 接着剤不要 防水 フロアシート 厚さ1.5mm 床材 180枚入 約15畳分","2860","51","","275","¥ 27,500","","1","B0CQSRVCLL","B0D4VJM52Y","92.5","16.5","5.5","14000"
"デュポン™ザバーン® 製防草シート 240グリーン 1M×30M","2864","101","300","517","¥ 14,084","¥ 14,084","7","B00BKVSNNO","B09CLW5749","101","16","16","7480"
"ニチフ 裸圧着スリーブ P形(100P) P38","2865","50","","1","¥ 8,155","¥ 8,155","16","B00N3MR7VW","B09MLMJZZM","10.8","8.2","7.1","944"
"山善(YAMAZEN) 電気草刈機 AC電源 2分割式 金属刃 樹脂刃 2Way 電力250W 刈込幅約160mm カバー付き 10m延長コード付き 芝刈 家庭菜園 ガーデニング 除草 雑草 SBC-250JB","2867","89","100","409","¥ 8,017","¥ 8,017","3","B08DRCTPXT","B0H8XWYP7C","76.5","22","18.3","4160"
"リョービ 取替ドアクローザー S-203PC1 箱入り","2871","111","200","576","¥ 6,958","¥ 11,109","27","B00AO17XFK","B01N78DZ56","34.6","15","5.8","2490"
"トップ工業(TOP工業) ガタ無しモンキーレンチ ワークワイド 口開き0~43mm ブラック ガタ無しウォーム搭載 HM-43MGBK 燕三条 日本製","2875","59","","76","¥ 5,309","¥ 5,309","15","B08YYPRQ1L","B0DHFLDRM2","35.4","9","1.6","740"
"【2026新型】SEESII 高枝切りノコギリ 電動のこぎり レシプロソー 充電式 着脱式伸縮延長ポール 長さ調節可能 ヘッド角度が調節可能 8本替刃","2876","42","50","644","¥ 13,800","","1","B0H26H4V73","B0GVMSCMKL","118","16","13","4060"
"象印 水筒 クールボトル 1.5L 【運動時におすすめ】 「MIZUNO」モデル スポーツ 直飲み 保冷 ブラック SD-FX15-BA","2877","22","100","2817","¥ 5,535","¥ 5,535","13","B079M2T4QL","B084DJDX8H","33.7","11.2","11","730"
"EcoFlow DELTA 3 Plus 1024Wh ポータブル電源 と 160W軽量両面ソーラーパネル 2点セット ぽーたふる電源 大容量","2881","125","50","547","¥ 99,800","","1","B0DB5WZC15","B0HF4X8XFZ","66.8","65.4","35.3","25930"
"Alebert(アレベルト) サイクルハウス 自転車テント 幅95㎝ 最大3台収納 バイクガレージ サイクルガレージ サイクルポート 自転車置き場 屋外 自転車収納 ガレージテント バイクシェルター 自転車屋根 自転車倉庫 高耐久鋼フレーム UV加工シート・遮熱・撥水加工 雨よけ 家庭・アウトドア・戸外用 (ブラック, Sサイズ)","2883","101","100","272","¥ 8,980","","1","B0CWGHYY5S","B0D47P8VN6","100.5","20","18.5","15670"
"トネ(TONE) ヘキサゴンソケットセット(ホルダー付) HH312 差込角9.5mm(3/8"") 内容12点","2893","86","","33","¥ 6,155","¥ 6,155","25","B00762GYVE","B07WQZ5RG5","33.1","9.7","3.7","710"
"TOP・STAR 実用新案登録 アルミ製 排気ルーバー方向調整 室外機カバー (Mサイズーライトグレー)","2894","48","100","519","¥ 11,761","","1","B0B81NM77L","B0B7ZWQ2Y1","91.5","40","11.5","6200"
"カンペハピオ ペンキ つやあり 屋根用 赤外線反射 遮熱塗料 紫外線 速乾性 水性シリコン モスグリーン 7K 日本製 00377655083070","2895","67","","547","¥ 6,791","¥ 6,791","11","B00FGFXV14","B0D6FWZVY4","23","23","17","7790"
"マキタ(Makita) 充電式草刈機 18V バッテリ・充電器別売 MUR195UDZ","2896","113","300","138","¥ 34,992","¥ 34,992","12","B0CY4XT6ZJ","","175.5","25","12.5","5900"
"非常食セット 3日分 24点 5年保存 調理不要 食品加熱セットで温めて食べられる スプーン付 非常食 ご飯 パン 防災食 防災 備蓄 防災ダイレクト","2896","64","100","95","¥ 7,588","","1","B0B5TLQ562","B0DT9DHD6Q","39","29.4","19.4","5660"
"防草シート 除草シート 防そうシート 防草シート 不織布 防草 シート 高密度130ｇ/㎡ 8年 - 10年耐久 固定ピン100本と黒丸100枚付き 雑草防止シート 不織布 厚手 高透水性 高耐久 UV耐候剤配合 親水剤入 (1×50m, ブラック)","2906","85","50","139","¥ 6,959","","1","B0F1F5ZJ6P","B0H9WZRH4T","103","22","22","9100"
"Mollom 5-3/8"" (137mm) 超硬ヘビーデューティホールソーパイロットビット2本付き","2908","76","","2897","¥ 6,109","","2","B0CC7BMQRF","B0D896GY1G","16.2","16.2","10.9","300"
"SK11(エスケー11) サンダーディスク S#40 1箱(10枚入) アルミナに比べ3倍のスピード ステンレス・鋼鉄などを強力研削 ジスクグラインダー用 SSD-S040/10","2910","42","","","¥ 5,800","¥ 5,800","3","B0FH4N48C6","B0FJQ8VCZB","10","10","10","800"
"TOTO ウォシュレット (瞬間式) 掃除がラク ノズル除菌機能付 TCF8CKM11#NW1 ホワイト","2913","121","100","159","¥ 46,794","¥ 46,794","17","B0F1YCYCYX","B0GNZDBXG7","61","44.5","18","6160"
"Tablolive ソーラーライト 埋め込み式 ガーデンライト 太陽光パネル充電 屋外 高輝度 防水 自動点灯 8個セット アイスフラワー様式 (8個, 電球色)","2914","96","50","1301","¥ 5,999","","1","B0CJ95JRRF","B09CTJ8WPH","18.1","17.5","14.8","2910"
"【公式】SADIOT LOCK2ブラック カギのプロ×日本メーカーのスマートロック Apple Watch対応 Amazon Ring連携 玄関 鍵 ハンズフリースマートキー スマートホーム IOT 自動施錠 防犯 工事不要 MHP-SLS21-BK（サディオロック2）","2915","78","","282","¥ 16,500","","4","B0BGPP4532","B0DV8XG1H9","14.5","11.1","10.2","460"
"ネガミエル 10号 2個 透明スリット鉢 【浅岡園芸監修】観葉植物 プラスチック クリア 塊根植物 果樹苗 野菜苗 ハーブ 根が見える鉢 インテリアプランター (10号2個)","2918","9","","20","¥ 5,290","","1","B0H6K6SZZR","B0FCYV4SG4","30","30","30","890"
"セフティー3 ソーラーLED防獣ライト 赤/青交互点滅 2LED×2 SBJL-1 5個セット","2931","83","50","389","¥ 6,080","¥ 6,423","8","B0DMVQH8KF","B0GS8S1VKK","34.9","17.7","16.6","940"
"welzo マルチ 黒 0.02mm×135cm×100m 雑草防止 地温の最適化","3199","16","","15","¥ 7,040","¥ 7,040","1","B0G7TH2XXR","B0GMHGK34H","141","80","80","3135"
"PakOne 新型ねじれ防止ケルヒャーホース 高圧洗浄機交換用ホース 高圧洗浄 パイプクリーニングホース ケルヒャーK2,K3,K4,K5,K6,K7に対応 配管洗浄 延長クリーンパイプ 耐久性 収納袋付き (ブラック, 20M)","2939","55","","77","¥ 5,380","","1","B0GP6B4TGJ","B0DT16NN7B","30.1","29.7","11.2","1890"
"アルマックス(Almax) アルミ製 室外機カバー (ホワイト) 実用新案登録商品 アルミ製 エアコンカバー ルーバータイプ アルマックス社製 KB-90W","2950","89","100","2240","¥ 10,690","","3","B07LBKQP7S","B0C43BYN5P","93.5","40.5","9","5070"
"日本電興(NIHON DENKO) 電磁式エアーポンプ 30L NIP-30L ホワイト","2953","100","200","526","¥ 9,408","¥ 9,408","3","B009HOPXD4","","25.3","22.1","17","4430"
"大阪ガスケミカル株式会社 キシラデコール スプルース 14L","3253","89","","22","¥ 34,200","","11","B00C9SHDRE","B0D86CRMND","35","23.8","23.8","13064"
"エルパ(ELPA) DECTワイヤレスインターホン インターホン 工事不要 介護 無線 配線不要 WIP-5150SET","2960","109","200","1420","¥ 8,382","¥ 8,382","27","B07S3SX8S6","B07W66XTPV","27.9","22.2","6.2","620"
"DetarZinLED ソーラーライト 屋外 IP68防水 ガーデンライト 太陽光充電 駐車場 ライト 自動点灯/消灯 超高輝度 電球色 LED 8個","2963","72","50","152","¥ 6,229","","1","B0FKMNQ6Q8","B0HF4ZCP6Q","17.7","16","5.8","1040"
"タジマ セフシステム セフ引出しボックスL 上段 TB-HBOXLU","2963","58","","2","¥ 11,737","¥ 11,737","5","B0FQH7RQCX","B0G1YJFHDK","52.1","34.9","24.1","6030"
"BOOSDEN ニッパー 工具 プラモデルニッパー 電工 強力 ペンチ 精密 薄刃 小型 プラスチック 金属 耐衝撃 滑り止め 自宅の装飾取り付けハンドツール 150cm 2点","2966","9","","5719","¥ 5,051","","1","B09C5S2TMD","B0HCP9Y8V5","20.8","14.4","1.6","272"
"岸田産業 防災グッズ 1人用 【車載対応】 防災セット 10-450N トイレ 食料 1人用 一人用 水 食品","2968","60","200","160","¥ 6,200","","2","B07XQ19RGV","B0GWHN27V4","30.7","25","8.9","2100"
"マキタ 充電式インパクトドライバ 青 TD173DRGX","2969","117","100","254","¥ 47,553","¥ 47,553","33","B0BXS89BYW","","35.7","30.6","12.4","4810"
"Letmy ソーラーランタン ソーラーライト 屋外 防水 ガーデンライト おしゃれ ledランタン ブラック　6個セット","2972","77","","236","¥ 7,099","","1","B0FMFK54JW","B0F86X4GYS","38.9","26","16.7","2070"
"KUROKIN 偏心パワーペンチ バリ処理機能付き 200mm 3020N-200BG 黒金 フジ矢","2973","118","50","359","¥ 5,274","¥ 5,274","33","B08L8KV7WF","B0FNWZ58QM","25.5","7.5","2","300"
"LOFINKU 草刈り機 充電式 草刈り機 充電式刈払機折りたたみ式 軽量電動草刈り機 伸縮性和90°角度調整が可能な グリーン","2979","98","200","447","¥ 5,984","","3","B0GXTMZFR4","B0GZGWFSLF","57.8","17.7","13.4","2440"
"オーム(OHM) 電撃殺虫器 コバエ取り 薬剤不要 屋内専用 吊り下げ式 AC電源 OBK-GH120B 08-1617 オーム電機","2983","84","50","28","¥ 5,413","¥ 5,413","7","B0F4VHDLT5","B0C2V22SRQ","41.8","28.3","7.7","1590"
"タジマ(Tajima) コンベックス 剛厚ステンレステープ6.5m×25mm 剛厚セフGステンロックマグ25 GASFGSLM25-65","2988","90","50","313","¥ 5,055","¥ 5,055","26","B07236H8Z5","B089F9X7VX","13","12","5.8","480"
"Greenship 植木鉢 受け皿付き 10号（φ30CM） マット質感なオシャレ鉢 エコ素材 白灰色 (ライトグレー, 10号)","2990","38","","86","¥ 6,999","","1","B0DWJS2LHR","B0F9WKNFQJ","31.5","31.5","30.5","5500"
"SPGDSPSY 耕運機 家庭用 充電式耕うん機 (耕幅255mm/耕深220mm) PSE認証2個4Ahバッテリー急速充電器付 18V マキタ電池互換 強力ブラシレスモーター 無段階変速 電動 ミニ耕運機 小型 軽量 女性でも簡単操作 カルチベーター (バッテリー式・コードレス・伸縮・折りたたみ式収納便利・組み立ても簡単・刃の耐久性強) 家庭菜園・水田畑・農業土耕す 日本語説明書付き(青)","2994","97","300","242","¥ 18,436","","2","B0F42J7D3C","","67.5","28.5","24.5","7040"
"京セラ(Kyocera) 旧リョービ プロ用 集じん機 AVC1150 683450A ブラック 【吸込仕事率280Wでパワフルな吸引力】 乾湿両用 集じん容量 (乾燥)15L・(液体)12L ドレン付","3003","97","200","402","¥ 18,900","¥ 18,998","24","B08FX5YLMC","B0H2HFRM5R","56.7","38.1","36.5","9610"
"Anovara(アノヴァラ) サイクルハウス バイクガレージ Mサイズ 幅120cm サイクルポート 2〜3台用 防水 屋外 高耐久","3004","88","100","121","¥ 9,980","","1","B0F66LL21K","B0DLTTS54X","119","20","16","16000"
"Sxnaota 電動チェーンソー 充電式 8インチ 21V 3.0Ah大容量バッテリー2個付属 マキタ18V互換 ブラシレスモーター 軽量 片手操作 有効切断長さ200mm 自動給油 LED残量表示 工具不要 安全ガード付き 枝切り 剪定 園芸用 収納ボックス 日本語説明書付 ブルー","3008","85","100","71","¥ 9,784","","1","B0GH63H18F","B0HCCBMH63","48.2","43.6","14.8","3450"
"BOSCH(ボッシュ) 91ピースアクセサリーセット[V91]","3020","88","","9699","¥ 6,618","¥ 6,618","14","B00GGKMNTO","B01236MCDQ","31.6","22.3","6.9","1788"
"CLEAN HOUSE 除草剤 液体 グリホエキス 原液 4L 【希釈タイプ・高コスパ】 根まで枯らす 農地用 畑に使える スギナ 笹 竹 つる ススキ 農業 農耕地 畑 庭 駐車場 草刈り不要","3022","88","300","116","¥ 5,824","","1","B0F9N71SCT","B0DKNJ5GG2","31.1","18.5","12.1","4920"
"ガーデンマスター(Gardenmaster) LEDソーラーライト 直径8㎝ 丸形 12個セット アイスブリック調 自動点灯 防塵防水 照明 庭園灯 誘導灯 ベランダ テラス バルコニー 防犯 玄関照明 WLL-1036GD ゴールド","3026","73","","33","¥ 7,979","¥ 7,979","2","B09VP9HLWM","B0FP56GCN6","31.5","22.5","16.5","4600"
"グリーンライフ(GREEN LIFE) ホースリール 自動巻き ジーオート G-Auto PRGA-20SE(SGY)","3027","71","50","6","¥ 9,532","¥ 9,532","2","B0GKNXQBFS","B0GXFQ2XY9","32.2","32","22.5","5090"
"SANEI(サンエイ) ツーバルブデッキシャワー混合栓 台付き 2穴 ホース長さ1.6m 配管ピッチ120ｍｍ 一般地・寒冷地共用形 シルバー 日本製 SK710-W-13","3034","103","100","98","¥ 12,980","¥ 13,718","9","B096WYHWKB","B0D4V2X4M1","23.6","18.2","15.1","2020"
"高儀(Takagi) チップソー切断機 165mm EARTH MAN CS-100TAA【加工物の固定・取り外しが素早くできるクイックバイス】 チップソー 電動工具 チップソー切断機 高速カッター 電動のこぎり 卓上丸ノコ 高速切断機","3035","102","100","1201","¥ 9,742","¥ 9,742","11","B0091GMYNK","B0FQ4N78TP","37.6","23.4","20.1","4980"
"NAIGU 遮光ネット 農業用 寒冷紗 遮光率35から90パーセント 2mから8m幅 10mから100m サイズ多数 高強度編み 日よけ 園芸 資材 (4*50米,遮光率は45%、8針です。)","5272","12","","2","¥ 5,999","","1","B0GYLFBNQ5","B0GYL8JX8M","20","15","10","500"
"マキタ(Makita) 電気チェンソー ガイドバー300mm 緑 AC100V コード2m M503","3036","98","100","1339","¥ 12,380","","12","B071RDGCV8","B07DC5V199","42.5","31.5","17.8","3340"
"ブロワー 強力 ブロアー 充電式 残量表示 PSE認定 コードレス ブロワ 70m/s大風速 120000RPM 600g超強推力 4000mAh大容量バッテリ一2個搭載 マキタ18V バッテリー対応可能 エアブロワー 小型 軽量 庭掃除 落ち葉掃除 除雪作業 充電器付き 日本語取扱説明書付き（ブルー）","3037","93","200","150","¥ 6,997","","1","B0FXKXTS9X","B0G571H6RK","40.5","20.9","19.4","2470"
"EZARC アークエッジレシプロソーブレード 15インチ 6TPI 剪定用 10個パック","3037","18","","2266","¥ 28,747","","1","B0DBYSRT1X","B0DKX86KM2","37.8","8","2.2","789"
"BLUETTI ポータブル電源 AORA30 V2 日本限定モデル 288Wh 600W 高出力 1500W 電力リフト機能 業界超小型・軽量設計","3045","134","100","126","¥ 27,860","","1","B0FB3Y46SB","B0FJGBB435","32.4","29.4","25.2","5530"
"京セラ(Kyocera) 旧リョービ 電気のこぎり DIY木工に便利な万能タイプ ASK-1001 618404A 【木材から軟鋼材の切断、庭木の剪定が出来るマルチユース】 切断能力 (庭木)径45mm・(木材)厚さ40mm・(軟鋼板)厚さ3.5mm・(塩ビパイプ)径120mm","3053","102","200","607","¥ 10,208","¥ 10,569","19","B08XK19YS3","B0CN8VP8NH","41.2","13.4","8.7","1530"
"マキタ(Makita) マックパック タイプ4 A-60539","3057","88","50","177","¥ 5,430","¥ 5,434","15","B01HO40TX2","B07DC88CF7","40.6","33.6","30.4","2460"
"TSUNODA(ツノダ) LOCX 着脱式腰袋 3段 着脱用バックル付 超硬質 作業用 電工用 腰道具 LX-PO3B","3058","92","50","9","¥ 8,073","¥ 8,073","13","B0FQ4VLK4Q","B0FTFGFKHW","34.2","26.9","18.9","760"
"【500万画素・双方向の音声】防犯対策助成金あり 防犯カメラ ワイヤレスHiseeu 一体型NVR 1920P ワイヤレスカメラ4台セット 1TBHDD内蔵 10チャンネルまで増設可 遠隔監視 双方向音声 防水等級ip66 AI動体検知 屋内/屋外 セキュリティ 防犯カメラ (カメラ4台＋一体型NVR 1TBHDD内蔵)","3061","111","100","560","¥ 26,180","¥ 26,180","2","B08D6DJG14","B0CVVL1YGL","31.6","30.1","17.9","4230"
"アサヒペン 塗料 ペンキ 水性 強力コンクリート床用 10L ダークグリーン 2回塗り 高光沢 硬い塗膜 摩耗に強い 耐水性 耐ガソリン性 日本製","3074","47","","850","¥ 16,009","¥ 16,009","20","B0033JYGSC","B0GGHJBKF9","27","25.8","25.6","12220"
"カクダイ ホースニップル 6133-2×52.0","3065","53","","144","¥ 8,039","","14","B008MTONBS","B07DGGQ15T","12","7","5.8","580"
"ベッセル(VESSEL) 六角棒 ボールポイント L型レンチ 9本組 エクストラロングタイプ 8309BP-XL","3069","71","","3","¥ 5,955","¥ 5,955","21","B07N6NKPY7","B0D9Q2MMFG","35","10.6","2.4","550"
"トネ(TONE) コンビネーションスパナ CSB-46 二面幅1-7/16inch インチ","3075","61","","178","¥ 8,645","¥ 8,645","16","B00HEYD8YK","B07WSL8XJ4","47.7","7.2","2.6","990"
"レシプロソー 充電式【2026年新登場·造園会社監修】電動ノコギリ 電動のこぎり シプロソー 21V 大容量バッテリー*2 超強力 安全ロック 無段変速 高炭素鋼替え刃12本 小型 軽量設計 一台多役 竹伐採 枝切り 木材加工 DIY 解体作業 金属切断 収納ケース付き 日本語説明書付 (ブルー)","3080","28","200","15","¥ 7,599","","2","B0H9LTLJPD","B0HFXQD7FY","37.1","28.5","10.5","2790"
"ブラックアンドデッカー(BLACK+DECKER) マルチエボ ヘッドアタッチメント 18V用 2in1ガーデンヘッド GEH183N-JP","3088","88","50","297","¥ 6,364","¥ 6,364","23","B00UZ2NO42","B0BGSF1XB2","30","13.5","11","940"
"TRUSCO(トラスコ) 皿頭タッピングねじ ユニクロ サイズM4.0×12 160本入 B08-0412 × 10PK 【ケース販売】","3143","16","","","¥ 5,616","¥ 5,616","1","B0B1TY36KR","B09NWLX713","32.5","15.1","9.1","1730"
"タジマ セフシステム セフパーツケースSサイズ9個セットトレイ付き TB-PCS9","3093","81","","23","¥ 5,840","¥ 5,840","25","B0CQ82RNF1","B0G1Y6HNGV","41.2","32","11","2150"
"JEJアステージ サポートローラー 補助ローラー WRS-3 送り作業 [幅34.8×奥行10×高さ6.5~16cm]６個セット","3095","38","","1090","¥ 16,278","¥ 16,278","1","B0D739Q84R","B0GQZ4C8FV","65","34.8","10","2200"
"VLOXO電動カッター 電動ハサミ 充電式ハサミ 切断機 コードレス ダンボール 布 ステンレス 鋼ブレード レザー カーペット","3097","31","100","1391","¥ 5,398","","1","B0H3TRD523","B0FKM1Y6BH","25.4","10.9","6.4","450"
"カンペハピオ ペンキ 塗料 水性 つやあり 外壁用 厚膜仕上げ 防水効果 高耐久 防カビ剤入り 凹凸模様 水性シリコン凹凸外かべ用 ホワイト 8K 日本製 00437654013080","5094","104","","304","¥ 6,985","¥ 6,985","10","B003G3BE5I","B0BWHY13FH","25.7","24.7","17.6","8850"
"アイリスオーヤマ ミニロッカー ML-800PP ダークグレー","3108","89","50","12","¥ 16,345","¥ 16,345","5","B0FQNCKGRR","B0FQNNR14S","102.4","91.5","14.5","19200"
"FTWIND雨水タンク 家庭用 50L～1000L選択可能 集水器 貯水タンク (黒,直径80cm*高さ98cm(500L))","3108","72","","85","¥ 8,180","","2","B0D99KR48P","B0D99KRGNL","45","39.1","10.1","3680"
"Powfly サンシェード 日除け シェード 目隠しシート 撥水オーニングシェード 雨除け シェード ベランダ,庭,バルコニー,窓,玄関, 屋外,ウッドデッキ,キャンプ, ハトメ (クーリム, 2.8*3.6M)","5946","8","","103","¥ 5,899","","1","B0FD8KP51J","B0F3TN378S","32","18","6","650"
"【Amazon.co.jp限定】HiKOKI(ハイコーキ) 18V インパクトドライバー WH18DD 初回修理保証 2.0Ahバッテリー2個、充電器、ケース付 電動ドライバー WH18DD(2BG)","3110","119","200","705","¥ 22,400","¥ 22,400","1","B09RPL4D5C","B0G4TS8KPC","37.8","27.8","9.9","2860"
"HiKOKI(ハイコーキ) 36V ブロワ RB36DB アグレッシブグリーン バッテリー・充電器別売り 小型 軽量 低騒音 風量3段切替 RB36DB(NN)","3113","109","100","1139","¥ 11,060","¥ 11,060","15","B08ZRY29YT","B0CYPZK42G","30.4","19.8","11.6","930"
"TOOLUTION ニッパー 2点セット 150mm","3119","14","","156","¥ 5,056","","3","B0G2WSRJKR","B0H9D498TY","20.7","13.4","1.4","272"
"ホーザン(HOZAN) 令和8年(2026年) 第二種電気工事士技能試験 練習用部材 DK-54 電線セット","3120","95","100","63","¥ 13,500","¥ 13,500","11","B079JDCC87","B0CYQ9HZP1","35.4","25.8","17.4","4260"
"DEKOPRO 750W 水中ポンプ 底部入水式 汚水ポンプ 最大吐出量17033L/H 最大揚程9M 電動 循環ポンプ 水耕栽培 ウォーターポンプ 水族館給水 排水ポンプ","3120","54","50","9","¥ 7,380","","1","B0GSXZ58T5","B0H8N3VFS4","40.4","24.6","18.2","4470"
"PYKES PEAK 宅配ボックス 屋外 戸建て用 防水 大容量 屋外 防水 置き配 盗難防止 戸建て用 簡単設置 おしゃれ 「 クレア」","3121","76","50","183","¥ 8,932","","1","B0DRFD3F1X","B0CRYK1GRL","63.4","44.3","43.5","8740"
"YOIbuy PRO 充電式 ハンディチェーン 6インチ ブラシレスモータ搭載 マキタ 18V 互換 ハンディソー 150mm 自動給油システム ツールレスでチェーン交換 高トルク仕様 （充電器・バッテリー別売り） YHCS-P6-1","3124","70","200","170","¥ 5,799","","1","B0FGXFH9XV","","43.1","16.9","11.4","1530"
"BITPOTT ソーラーライト 明るい 強力、8個セット","3136","82","100","1147","¥ 6,499","","1","B0CB7PHSVC","B0GHN8D2B5","35.9","22.7","16.4","2330"
"UXPRIN フロアタイル クッションフロア 木目調【360枚入30畳分】貼るだけ 接着剤不要 フロリングシート床タイル 賃貸OK 防水 耐久性強 玄関 洗面所 店舗 廊下 DIY 床シート キズ防止 土足OK（91.4cm×15.2cm 厚手1.5mm 木目調1802-18）","3151","27","","44","¥ 46,080","","1","B0FFGBP39W","B0FQHSWJPM","92","16","5","150000"
"XINGO ホワイトジップタイ 1000本 8インチ 引張強度 60ポンド セルフロックナイロンプラスチックナイロン PA66ワイヤータイ 屋内外用","3162","63","","505","¥ 10,463","","1","B0B749QVRB","B093G1MZM7","34.8","25.5","5","1180"
"アイリスオーヤマ(IRIS OHYAMA) 防災食 3日分 おかずセット 保存食 非常食 8種28食セット 3日分【防災は3日分が基本】","3168","53","50","33","¥ 9,869","¥ 9,869","4","B0DTXH3BQW","B0F3NYPRK8","38.8","20.7","16.7","6090"
"OMAYOU フロアタイル 大理石 クッションフロア 108枚約6畳分【30.4cm×30.4cm 厚手1.5mm】接着剤不要 貼るだけ 置くだけ 床材シートフロリングシート 土足 賃貸OK 防水 滑り止め 耐久性強 玄関 洗面所 店舗 廊下 玄関 DIY ペット対応 リフォーム 床材 (大理石526)","3170","30","","75","¥ 9,817","","1","B0FLF3T7J5","B0FWRZ566Y","31","31","5","30000"
"Anker Eufy (ユーフィ) eufyCam C35 2-Cam Kit","3174","99","","356","¥ 34,990","¥ 34,990","3","B0FDKN7R4S","B0HDB625QQ","20.5","15.3","11.5","1100"
"【360°曲げ可能な点滴灌漑キット】ミストシャワー 屋外 30m 噴霧ノズル ガーデン用 自動灌漑システム 庭、芝生、植物用 散水システム 温室に冷却・加湿 お庭/ベランダ/畜舎/工場/倉庫","3183","60","50","41","¥ 5,110","","1","B0H2B98H34","B0H2B8JZ82","27.1","25.2","9.5","1500"
"初田製作所 4型粉末業務用消火器 KLD-4","3187","58","50","424","¥ 5,366","¥ 5,366","3","B00FXI6PQW","B0876LTFZS","40.6","17.1","12.9","2810"
"マキタ ペン型インパクトドライバTD022(7.2V)黒 トルク25Nm 1.5Ahバッテリ2本・充電器付 TD022DSHXB","3196","116","50","3585","¥ 22,442","","10","B01KYQVA9E","B0BCJSH7QL","32.3","22.9","9.4","2250"
"インテランプ(intelamp) センサーライト 屋外 ソーラー 人感センサー 3灯式 防水 IP65 (昼光色1台)","3200","66","50","439","¥ 5,099","","1","B09XB3RL6L","B0HFM5MDZM","24.9","13.6","11.9","810"
"ベッセル(VESSEL) コードレス 電動スリムラチェット 400ER3","3206","123","200","311","¥ 10,082","¥ 10,082","27","B0DFLZ1NWJ","","29.8","10.3","4","422"
"lopoti 電動噴霧器 背負い式 16/20L バッテリー式（マキタ互換対応）かき混ぜ機能付き ノズル6種付 3KG 軽量 圧力調整 残量表示 伸縮チューブ 連続自動噴霧 低騒音 除草 防除 消毒 掃除 園芸 (20L)","3207","83","100","42","¥ 12,900","","1","B0FRMLGSRX","B0H4FKJBMG","50.9","42.4","21.8","4880"
"LEDテープライト 30M RGB 100V EL蛍光チューブ管 高輝度 屋外 防水 16色変換 室内 ネオンライト 呼吸ランプモードの調整可能な輝度 切断可能 折り曲げ自在 間接照明 配線不要 プラグアンドプレイ","3207","66","","74","¥ 24,293","","2","B0BJV8TH4Y","B0H885H3HH","33.7","33.3","16.4","7180"
"Bamworld フラワースタンド 植物育成ライト付き プランタースタンド 7段花台 観葉植物台 おしゃれ 植物 棚 植木鉢台 植木鉢スタンド リビング 寝室 ベランダ","3212","90","50","24","¥ 6,260","","1","B0FGW9QVR6","B0DD369WPY","44.6","30.3","10","5130"
"HiKOKI(ハイコーキ) 植木バリカン 超高級ブレード350ｍｍ 0033-8030","3213","82","","66","¥ 6,700","¥ 6,700","20","B012WGAGJ4","B08XBT57N2","55","9","4","600"
"【2026強化版】ミニルーター コードレス 充電式 電動リューター 5段変速 20000RPM アクセサリーセット70点","3224","60","200","240","¥ 5,089","","1","B0H2YTBPRV","B0HFWBC5B9","22.2","12","5.7","510"
"トネ(TONE) プレセット形トルクレンチ(ダイレクトセットタイプ) T3MN100 差込角9.5mm(3/8"") ブラック 100N・m","3769","77","","290","¥ 18,615","¥ 18,615","21","B000W9KR2A","B08217D41W","50.5","9.5","7.6","1292"
"2026新登場 洗車 ブロワー 強力 エアダスター 充電式 集じんと吹き飛ばし1台2役 ブラシレスモーター 300000RPM高速回転 無段階風量調整 スイッチロック 安全ロック 照明ライト 残量表示 4000mAh大容量バッテリー2個付属 PSE認証済み マキタ18Vバッテリー対応可能 車内/カーペット/庭掃除 除雪作業 バキュームブロワー 掃除機 延長ノズル付き 日本語取扱説明書 (ブルー)","3231","28","","12","¥ 7,980","","1","B0H65PKGHH","","25.7","22.8","13.6","2190"
"フジクリーン(旧マルカ) 浄化槽ブロワ 80L/min EcoMAC80 (MAC80N MAC80R後継機種)","3241","95","200","271","¥ 19,400","","9","B00VUCP5DE","","24.8","21.8","17.4","5140"
"【Amazon.co.jp限定】HiKOKI(ハイコーキ) 3.6V 充電式 インパクトドライバー WH3DA スローモード搭載 ペンインパクト 電池1個・充電器・初回修理保証(1年間)付 WH3DA(JS)","3242","104","200","58","¥ 11,900","¥ 11,900","1","B0GN2T63ND","B0GR52C1F8","30.4","17.8","7.7","1100"
"【2026年最新型】 けむり当番 火災報知器 5個セット SHK484551 SHK48455K後継品 純正 Fujsitoreステッカー付","3242","102","200","178","¥ 12,980","","1","B0F4C3RTRT","","20","20","20",""
"草刈り機 充電式 軽量 高出力低騒音【2026超長持ち4Ahバッテリ2個PSE認証・残量表示ランプ付】920g 女性・高齢者・初心者使用簡単","3243","13","","15","¥ 8,899","","2","B0H9L2SWVJ","B0HDNMTW15","87","13","13","2000"
"【2本入り】 人感センサーライト 屋内 マグネット内蔵 充電式ライト 60cm LED バーライト 無段階調光 3段階調色 アセウイ(ASSEUI) LEDセンサーライト 120° 3m誘導距離 配線工事不要 超薄型設計 省エネ 高感度 高輝度 寝室 廊下 階段 玄関 キッチン 棚 長寿命","3247","50","50","547","¥ 7,898","","1","B0BTP88FPW","B09LV7CS53","62","5","5","750"
"SPROS 半透明ビニールシート ロールタイプ 0.1mm×4m×10m 透明度85% 高透過性 PEシート 大判 厚手 カット可能 防水 防雨 防塵 養生シート 園芸 温室 保温 家具カバー 資材カバー","3248","11","","69","¥ 5,680","","1","B0H4T4T4Z4","B0DTV2VWBP","27","18","18","3900"
"Sunyedaa 【改良版】防草シート 除草シート ぼうそうシート2m×50m Uピン杭100本と黒丸100枚付き 厚手 高密度120ｇ/㎡ 高透水 親水化剤入 高耐久 UV耐候剤配合 園芸用 農業 工事用 庭 通路など雑草防止シート","3258","71","","72","¥ 11,499","","1","B0CZQXWSTF","B0D4RQFHW4","103","28","27","12500"
"TRUSCO(トラスコ) 両面ハトメ ステンレス 12mm 20組入 P-THP-S12 × 10PK 【ケース販売】","3261","45","","","¥ 8,818","¥ 8,818","1","B0B3Q5KVMW","B0CH2NLSL9","22.2","18.2","9.5","656"
"Walensee 手動タンパー 25cm角 転圧機 3分割ハンドル 48〜122cm調節可能 スチール製 四角ランマー 土ならし 整地 舗装 DIY用","3262","80","50","1600","¥ 5,999","","1","B0BNHLQZJW","B0DGRSZ1DB","43.8","26.3","13.1","5720"
"マキタ(Makita) 充電式クリーナ 18V (本体のみ/バッテリー・充電器別売) CL182FDZW ホワイト、ブラック","3266","123","200","797","¥ 8,759","¥ 8,759","17","B00B708S2O","","49.2","19.6","15.2","1630"
"【箱売り】ハンディ・クラウン INNOVA ECO刷毛 ソフト 50mm(20号) 10本入り 水性油性兼用 ラバーグリップ ウェーブ繊維仕様 熱溶着固定 毛が抜けにくい ニス・ステイン・木部塗料向き","3268","45","","104","¥ 5,433","¥ 5,488","3","B0CTGY4XL5","B0CTLTK4LF","24","24","4.1","633"
"山善(YAMAZEN) 防音マット 防音特級 △LL(I)-6 (LL-35相当以上) 厚さ15mm 3畳相当 (85×232cm2枚組) 防ダニ ハサミで切れる すべり止め 床暖房・ホットカーペット対応 折りたたみ 足音 騒音 アイボリー FBM15-3","3275","94","50","36","¥ 6,665","¥ 6,665","3","B0BT1GKFKY","B0BT7QLX5L","85","27","26","1650"
"HiKOKI(ハイコーキ) 18V エアダスター 小型 軽量 高風速122m/sc RA18DA 無段階風速調整機能付き 蓄電池・充電器別売り 充電式 エアブローガン エアダスターガン RA18DA (NN)","3287","101","100","1232","¥ 10,289","¥ 10,289","20","B0BH4HC27D","B0CY27FBL2","21.8","17.7","8.9","590"
"12.8V 100Ah リン酸鉄リチウムイオンバッテリー 2個 1280Wh 蓄電池 100A放電 4000~15000回サイクル1280W","3301","93","","6","¥ 45,900","","1","B0FWRQC7W8","B0G39L5PX8","40.5","30","29","20400"
"ハンディ・クラウン コンパクト養生シート HCYS-2410 20P","4298","28","","83","¥ 9,599","¥ 9,894","3","B079FKD2HH","B079MLNZPS","34.5","29.5","24.1","9170"
"フジクリーン(旧マルカ) 浄化槽ブロワ 60L/min EcoMAC60 (MAC60N　MAC60R後継機種)","3304","89","100","310","¥ 15,480","","4","B00VUCJ8QY","","25.2","22.2","15.9","5540"
"マキタ(Makita) 充電式ブロワ 10.8V バッテリ・充電器別売 UB100DZ","3307","99","50","777","¥ 7,818","¥ 7,818","13","B08H739RQV","B09BBGDWN3","28.2","20.8","17.6","1610"
"フジクリーン工業(マルカ） UniMB80","3314","70","200","262","¥ 28,500","","10","B073Y5PKXR","","27","24","18","5950"
"LIXIL(リクシル) INAX スライドフック メッキ仕上げ CKNB(5)-SF/CH 径30ｍｍスライドバー用","3319","112","100","1873","¥ 6,200","¥ 6,745","7","B06Y52TQ94","B0843W73VJ","14.9","8.3","5.5","170"
"SENTRY (セントリー) 金庫 手提げ金庫 小型 キャッシュボックス 収納ボックス 鍵付き B5 キーロック コインケース ワンタッチオープン ライトグレー SCB-12","3322","97","100","538","¥ 5,027","¥ 5,027","6","B08HJYJM68","B08QN5ZQSY","30.6","25.2","9.6","2480"
"電撃殺虫器 屋外 ソーラー充電式 殺虫灯 殺虫ライト IP68防水 3WAY設置 蚊取り ガーデンライト 虫対策 静音 省エネ アウトドア","3327","103","300","165","¥ 7,600","","3","B0GYPB4T6T","B0HG153CB2","35.8","30.7","12.7","2110"
"日東工業(NiTO) キー付耐候プラボックス(屋根付) OPK18-54A","3502","70","","263","¥ 5,776","¥ 5,776","9","B015W6STCC","B0D7SG1ZSN","52.8","43.4","21.8","4400"
"マキタ 電動芝刈機 ロータリー刃・電源コード式 刈込幅230mm/高さ10-55mm MLM2301","3332","95","300","909","¥ 19,052","¥ 19,052","19","B071R4FLY2","B08L9QHHKX","83.4","38.4","25.4","10080"
"興栄化成 防振樹脂パイプクランプ 100mm パイプ固定金具 滑り止め ガタつき防止 2個 KFBS21B-100-BK-ST-2P","3334","54","","50","¥ 5,399","","1","B0D3QV1D8D","B0D3R3MKYH","25","20","3.3","569"
"アサヒペン 塗料 ペンキ 油性 シルバーペイント トタン用 3kg シルバー ツヤあり サビの上からそのまま塗れる 防サビ 遮熱 日本製","4004","76","","5","¥ 8,049","¥ 8,049","18","B0BSWPMTK4","B0G3PLQTWS","18.2","17.4","17.1","3410"
"LIBRATON インパクト用ソケットセット 35本組 マグネット付きタイプ ディープタイプ インパクト・電動ドリルドライバー対応","3350","84","50","305","¥ 5,099","","1","B0DF6Z8ZJR","B0FWCJ33SJ","28.9","20.9","7","2159"
"Mollom 6-1/4"" (159mm) M42 ハイス コバルト 8% バイメタルホールソー ダストボウル付き","3354","38","","1214","¥ 7,435","","4","B0CY8CQFPW","B0CC37TXR1","21.3","21.1","11.2","1311"
"タカギ(Takagi) ホース クリア耐圧ホース15×20 030M 30m 耐圧 透明 PH08015CB030TM","3356","58","","4206","¥ 5,446","¥ 5,446","17","B00CTGTN5G","B077HNX5LF","39.1","38","16.2","5060"
"Elikliv レーザー墨出し器 グリーンレーザー 5ライン6点照射 360度微調整機能 大容量バッテリー2個 アルミケース付き 型番B5","3357","84","100","496","¥ 7,800","","1","B0FWR65PYZ","B0HBPK75KC","25","21.2","15.9","1940"
"アイリスオーヤマ 金庫 手提げ金庫 A5 スリム ダブルトレー SBX-A5S グレー","3360","99","100","897","¥ 5,030","¥ 5,030","35","B00426HI4Y","B07FMGZ6XD","28.1","19","9.2","1730"
"日東工業 HP形ホーム分電盤(HPAHSA) HSAT-L10","3363","67","","1","¥ 9,442","¥ 9,442","1","B075YHVFCZ","B07KMBJD5V","15.9","13.6","8.2","440"
"南榮工業(Nan-a Corporation) サイクルハウス 2台用GU 本体一式 グレー 自転車 バイク 農機具 倉庫 収納庫","3366","81","","1008","¥ 13,800","","3","B0721K12MM","B0FYFSGWTF","110","26.5","14.5","11290"
"Amazonベーシック 金庫 家庭用 業務用 電子式 28L (幅43cm x 奥行37cm x 高さ23 cm) スチール ブラック","3374","91","","42996","¥ 11,391","¥ 11,391","1","B01BGY043Q","B07F13VWHT","52.1","43.8","30.5","12882"
"マキタ(Makita) 充電式ランダムオービットサンダ 18V (本体のみ/バッテリー・充電器別売) ペーパー寸法 125mm BO180DZ","3376","107","200","1182","¥ 14,055","¥ 14,055","17","B00B705CHI","B0BCJZNLTV","20.8","17.2","13","1340"
"PYKES PEAK パイクスピーク 宅配ボックス ポスミー ポスト一体型 ガンメタルグレー","3378","88","100","44","¥ 15,499","","1","B0DRHWK9B9","B0GGPF4H7D","73.2","42.9","42.8","11580"
"Waitley 互換 マキタBL1890 18V バッテリー 9.0Ah カットオフ機能付き 大容量9000mAh 固定ホルダー１個付き","3381","76","100","587","¥ 5,242","","1","B086M9F4BP","","13","10","8.8","920"
"大進 手動 芝刈り機 自動調整刃 4939736702048 DGM-H200R 園芸 ガーデニング 農業 女性 快適 お手軽 庭 農作業 家庭菜園 シバ コンパクト リール式 静かな 広範囲 安全 手押し 草刈機 道具 軽量 軽い","3385","87","100","333","¥ 7,507","¥ 7,507","5","B0895RPTZF","","45.2","36","29.4","7920"
"堅塁金物 棚受け金具 棚受けブラケットL字金具 直角一体成形 白 8個入 400mm*300mm*37mm 耐荷重70kg 壁掛け吊り棚 金具棚うけ ネジ付","3388","24","","77","¥ 8,900","","1","B0DYDMQ799","B0DYDH6CWY","40","40","5","1200"
"モダンデコ 人工芝 ロール 2m×10m 芝丈35mm U字ピン 46本付き (高耐久タイプ/2m×10m, ラッシュグリーン)","3394","81","50","50","¥ 16,919","","1","B0BWXF5PYL","B071G29NGH","200","24","24","32000"
"NFESOLAR LEDガーデンライト ソーラーライト 防水600mAh 光センサー おしゃれ 屋外 庭 ライトアップ 外構 エントランス 置き型 埋め込み式 ホワイト(8個セット)","3406","71","","283","¥ 5,490","","1","B0C2YF9G2Y","B0H6LSKQDP","25","15","12.5","1720"
"カンペハピオ ペンキ 塗料 水性 つやけし 床用 耐摩耗性 高耐水 防塵 防汚 水性コンクリート床用 グレー 14L 日本製 00477655091140","3407","78","","148","¥ 13,686","¥ 13,686","7","B00FGFV7KG","B01KL9472Q","35","24.5","24.5","15000"
"HAIGE(ハイガー) エアーコンプレッサー 39L オイルレス 静音 ブラシレス HG-1300RB-39 グリーン","3409","52","","482","¥ 33,800","","1","B0CQ4DNRDH","B0CQ4NX8KW","70.5","65","33.5","30000"
"MOXPIFY 110mm超硬ホールソー タングステン合金チップ ステンレス鋼・鉄・金属穴あけ用 高耐久ホールカッター 電動ドリル対応","3411","16","","25","¥ 6,080","","1","B0GX548LJ4","B0GX4SZ9J6","7","6","5","720"
"三井化学クロップ&ライフソリューション 除草剤 ザクサ液剤 2L","3414","98","400","95","¥ 7,007","¥ 7,007","6","B0B8N4MHSW","","19.9","15","11.4","2360"
"マキタ 電動草刈機 刈込幅ナイロンコード・金属刃用 MUR1601N","3415","91","200","196","¥ 14,800","¥ 14,800","10","B01E82HETA","B084S11C2K","130","25","22","3200"
"DARAN ポータブル電源 192Wh バッグ付き 300W AC出力 小型 軽量 純正弦波 60000mah リン酸鉄リチウムバッテリ 電源 3つ充電（車載／ソーラー／AC）対応 非常用電源 地震 停電 防災対策 車中泊 キャンプ","3424","89","100","78","¥ 13,305","","1","B0F6L9ZDC3","B0H41GHLPT","32.6","28","18.7","3520"
"Fanttik T1 Max はんだごて コードレス 急速加熱 200℃～450℃ 2600mAh C210こて先4本 6段階温度","3426","81","100","1900","¥ 10,999","","1","B0D41ZMDPD","","20.6","15.9","6.3","700"
"コンフィー(COMFEE') ウォーターサーバー ねこ かわいい ペットボトル式 卓上 家庭用 温水/冷水 コンパクト 2Lペットボトル利用でき キャップ付き 小型 軽量 転倒防止 ねこシリーズ ホワイト 254*296*384mm","3430","92","200","366","¥ 10,500","¥ 10,500","1","B0B6J7P691","B0BPBSCN8K","43.2","34.4","27.8","4050"
"アイリスオーヤマ 芝刈機 電動 刈込幅320mm 刈込高さ3段階調整 ロータリー式 簡単操作でコンパクト G-320W ホワイト","3433","87","100","483","¥ 14,814","¥ 14,814","7","B09RK8WBRM","B0GWM61DRK","62.9","42.1","31.1","9800"
"観葉植物の土 室内用 3L 3袋 虫が湧かない 無機質 初心者向け 根腐れ防止 botani soil（ボタニソイル）","3437","67","","59","¥ 6,440","","1","B0F4D8XVW6","B0F4CY6SFJ","37.1","21","19.6","5480"
"京セラ(Kyocera) 旧リョービ ブロワ BL-3500DX 682757A 【フレキシブルホース付で狭いところや隙間などの吸込み・吹出し清掃に最適】 風量3.5m3/min 風圧5.5kPa 回転数16,000min-1 軽量1.7kg スキマノズル","3466","71","","69","¥ 9,300","¥ 9,300","16","B000BUPRR0","B0CZDLK63C","28.3","23","20.3","2700"
"Hi-Spec 8V USB充電式電動ドライバーセット コンパクト収納ケース付き","3440","34","","1141","¥ 6,199","","1","B0D3X3QTGS","B0FY5ZVRF5","28.2","25","7.9","2560"
"【20袋 箱売り】岩谷マテリアル プランターキャップ Mサイズ ２枚入 保温用不織布 初期生育促進 防虫 防鳥 プロ向け 国産不織布 アイホッカ 使用 ゴムでピタッと 簡単 設置 ワンタッチ 支柱不要 周囲最大1300mmまで 家庭菜園 プランター栽培","3441","38","","131","¥ 9,371","¥ 9,371","1","B09TVBSHZC","B0B2QNWG8N","24.3","21.2","19.4","750"
"ベッセル(VESSEL) 【110周年限定ゴールドエディション】 コードレス 電動スリムラチェット ソケットビット31個付セット 400ER3-1MGL","3446","26","100","1","¥ 17,021","¥ 17,304","12","B0H79ZFZGJ","","27.2","24.9","7.4","1570"
"2026新登場強化版 MODOFO 剪定バサミ 充電式 電動ハサミ 18V交換可能 ブラシレスモーター 30mm直径切断 2段階角度調整可能 電動ばさみ 園芸ハサミ 剪定鋏 枝切り 大容量バッテリー×2 軽量 庭木/果樹/園芸 日本語取扱説明書付き","3450","91","200","894","¥ 6,250","","1","B0G2L54GTD","B0GY8DKSRW","34.4","27","10.1","2250"
"HiKOKI(ハイコーキ) 10.8V 充電式 ハンディ チェーンソー ミニチェンソー CS1210DD ガイドバー100mm 蓄電池・充電器別売 CS1210DD(NN)","3452","91","","7","¥ 20,519","¥ 20,519","10","B0DG1QRX7L","B0DVSNXRM6","42.7","20.1","11.4","1700"
"Hon&Guan ダクトファン 150mm 中間取付型【インボイス制度登録店】ダクト用 換気扇 強力 省エネ 静音 塗装ブース用 家焼肉 丸形タイプ 産業用換気扇 取扱説明書付(HI-150SD/φ150mm,単品)","5102","69","50","181","¥ 6,783","","1","B0CP3Y7BYW","B0CP3VTQ4G","20.8","17.2","16.7","720"
"タカギ(takagi) ホース ホースリール 20m 4水形 カバー付き 脚付き BOXYツイスター ボクシー RC220CG チャコールグレー 内径12mm","3458","101","300","2340","¥ 5,644","¥ 5,644","11","B0GHMTTWM9","B0GHML1BC3","39.4","37.9","26.5","5030"
"イルマ アイ ワン リミックス リニューアル版 ILUMA i one 青 メタリック ア イ コ ス","3461","85","300","8","¥ 8,080","","6","B0H4MFP54F","","14.2","7.6","5.7","20"
"DURAXION 3/8インチ トルクレンチ バイク セット 3点組 5-70N.m 高精度±3％ 見やすい 大きい音 車エンジン 自転車用","3463","100","200","192","¥ 8,499","","1","B0F5GHKPHV","B0H6L6G4DD","35.8","12","6.4","1260"
"マキタ インパクトドライバTD111(10.8V)青 トルク135Nm 4Ahバッテリ2本・充電器付 TD111DSMX","3464","83","","213","¥ 28,191","¥ 28,191","12","B01LREX6U8","B083SH3K9K","36","28","10.4","3060"
"タジマ(Tajima) レーザー墨出し器 エレベーター三脚3000ライト ELV-300LT","3465","56","50","484","¥ 14,527","¥ 14,527","31","B0040FENLI","B08BJJS34H","96","14","14","4120"
"トネ(TONE) ソケットレンチビットセット MIX21620MBK 差込角:6.35mm(1/4"") ビット二面幅:6.35mm ブラック 内容18点","3473","110","50","96","¥ 6,426","¥ 6,426","2","B0CGLQ1M8M","B08N6V1WRK","13.5","8.7","3.2","460"
"フジクリーン(旧マルカ) 浄化槽ブロワ 40L/min EcoMac40(MAC40N MAC40R後継機種)","3474","97","200","631","¥ 10,950","","10","B00VUC4WTC","","25.1","21.9","17.4","4910"
"アサヒペン 塗料 ペンキ 水性マルチハイグレードペイント 5L ブルーグレー ツヤあり 速乾 多用途 高耐久 日本製 【オンライン限定】","3951","23","","55","¥ 8,480","¥ 8,480","1","B0FS1FCQ8C","B0FTFFX1P3","24","24","16","7000"
"GIGALUMI ソーラーライト 屋外 防水 LED ソーラー ガーデンライト","3476","52","","7959","¥ 7,097","","1","B0F9KPNSY6","B0CGBPLFZ5","24","21.2","16.9","1220"
"京セラ(Kyocera) 旧リョービ ドライバードリル CDD-1030 最大トルク30N・m 【20段クラッチ採用で最適なトルクで穴あけ・締付け】 最大穴あけ能力 鉄工8mm・木工21mm ネジ締め能力 木ネジ5.1×40mm キーレスチャック 652250A","3477","97","50","284","¥ 7,902","¥ 7,982","20","B07P9Q9Q5F","B0CN93HZCR","24.1","23.3","6.6","1410"
"Boetpcr 互換 マキタ 18v バッテリー 充電器セット BL1860B 6000mAh 2個付き 小型 DC18RC充電器付き マキタ 18v バッテリー BL1815N BL1830B BL1860Bなどに互換可能 LED残量表示 BMS基板搭載 A+級セル採用 高耐久性 日本国内PSE認証取得済","3479","63","100","56","¥ 7,980","","1","B0F2T4YDSJ","B0FCRR65L5","27","20","10","1800"
"【日本限定モデル】 Jackery Explorer 100 Plus 31000mAh モバイルバッテリー 99.2Wh/128W 飛行機に持ち込みが可能 リン酸鉄 小型 1.8時間でフル充電 USB出力 （チェリーブロッサム）","3480","98","50","16","¥ 11,925","","2","B0GQ9DHMR1","B0DBLQJ11B","12.6","8.7","8.6","960"
"山善(YAMAZEN) 草刈用ナイロンコード 日本製 太さ2.7㎜ 長さ100ⅿ 草刈り機 ナイロンカッター 2Gギザブレード N27GK-100","3486","70","","230","¥ 5,742","¥ 5,742","3","B09WHM8F3T","B0B69WSDZM","19.5","19.4","7.2","950"
"デウォルト(DEWALT) タフシステム2.0 2段チェスト 工具箱 収納ケース ツールボックス 積み重ね収納 Tough System 2.0 DWST83529-1","3494","94","100","162","¥ 12,110","¥ 12,110","18","B0B3DQYQ88","B0GCMRQTHV","57.3","36.8","34.8","8920"
"【4個セット】アイリスオーヤマ(IRIS OHYAMA) おしゃれなデザインでインテリアにも馴染みやすく、家具の転倒から身を守る転倒防止棒 防災グッズ Sサイズ KTTB-S ホワイト","4638","33","","217","¥ 12,050","","1","B0DGX1NLVV","B0DHP8T2L4","33.3","30","17.7","5360"
"XiaZ 改良版 日除け 雨よけ シェード 屋外 3*5M 撥水加工 強化織帯仕様 防水 サンシェード ベランダ バルコニーオーニング 400D ポリエステル PU塗装 UVカット 遮光 遮熱 目隠し 庭用タープ 野外 アウトドア キャンプ キャンプに最適！日よけシェード カーキ色","3500","67","","71","¥ 5,264","","1","B0GT9QXN5T","B0FG7ZM81D","34.7","28","10","2810"
"タンスのゲン ジョイントマット 43cm 厚み10mm 6畳用 48枚組 防音 保温性 床暖房対応 31800034(74173)","3512","33","","1108","¥ 5,499","","1","B08YJS7RZP","B0D49BM79W","52.8","46.8","46.5","8490"
"Sailozai洗濯機台座ブラケット、昇降可能、固定滑り止めダンパー、波輪ドラム汎用冷蔵庫滑車置物棚、キャスター付荷重500 kg 4輪減音防振冷蔵庫ブラケット家具移動用360度回転キャスター高さ調節可能伸縮式・汎用ラック (白【ロング】長さ60 cm高さ3 cm)","3515","1","","","¥ 6,099","","1","B0H3PMWLYH","B0H3P8ZYFR","60","15","5","3000"
"グリーンライフ ミスト スタンドミスト 熱中症対策 打ち水 置くだけ ホースにつなぐだけ 工具不要 広範囲ミスト 高さ伸縮可能 SSM-178","3517","60","","12","¥ 9,071","¥ 9,071","1","B0D25QJ87C","B0D7LX9PXB","72.5","11","10","1800"
"MORCART フロアタイル フロアシート 貼るだけ 剥がせる 賃貸OK (30*30cm*54枚 / 約3畳分, カラメルフランス風)","3525","35","","167","¥ 10,390","","1","B0D128QNN3","B0CQS9Z5KD","33","32.9","4.8","3690"
"EMART 12個セット 高耐久 スプリングクランプ 4.5インチ プラスチック製 大型 プロフェッショナル 背景幕用クリップ クランプ 背景幕スタンド用 写真撮影スタジオ用 バルーンアーチ用 撮影用 木工用 クラフト用 プールカバー用 - ブラック","4206","24","","869","¥ 5,349","","1","B0G2WHFSHY","B0D47HY3J6","19.9","13.5","10.7","472"
"JUHUILAI 螺旋ピン杭 黒丸付き 100本セット 防草シート 除草シート 固定用 押さえピン 園芸用シート 農業用ネット（15cm×1.2cm×0.48cm） (300本セット15cmピン杭+黒丸)","3529","39","","68","¥ 6,880","","1","B0DQDPGPGD","B0DQDN713H","24.2","21.2","16.8","7330"
"iplusmile 3 セット スプリンクラー 高圧 圧力 ホース 高圧 圧力 ノズル 灌漑 散水 プラスチック ホース アタッチメント 360 度 ロータリー スプリンクラー ガーデン 繋ぐだけ","3534","82","50","31","¥ 6,569","","3","B0C4MLZ2G9","B0C4MHFF2G","35.8","33.7","16.2","930"
"ソーラーライト センサーライト 屋外 466LED 4000ルーメン 強力 2800mAh大容量バッテリー ガーデンライト高感度人感センサー 太陽光発電 自動点灯 電気代不要 省エネ IP68防水防塵 ガーデンライト 明暗センサー 設置簡単 玄関/廊下/庭/壁掛け/駐車場/物置/停電時適用 ソーラーセンサーライト 防災ライト 地震 津波 台風 防災対応 (4 個)","3536","49","","","¥ 7,199","","1","B0GXF6WSFD","B0D5XT764P","22.7","18.9","10.7","1280"
"HAIGE(ハイガー) 26cc セル付 背負型エンジン草刈機/刈払機 園芸機械用品 農業資材器具 HG-BC260S","3537","72","50","64","¥ 27,800","","1","B08Y8RYJCP","B0GN4F4J6N","96","26","22","7000"
"【正規品・１年保証】yurari ソーラーライト【炎のような灯り】屋外 防水 イルミネーション ソーラーランタン ガーデンライト LED 庭 玄関 USB充電　80時間点灯 (3個セット（15％オフ）)","3540","4","","86","¥ 8,360","","1","B0HDR9HPHH","B0HDRXS8X5","47.2","15.6","13.8","940"
"マキタ(Makita) 刈払アタッチメント A-53089","3545","96","200","248","¥ 11,545","¥ 11,545","16","B010OY5C1I","B07DG76G7B","88.5","25.5","16","2480"
"【2個セット】アイリスオーヤマ ペットフェンス ペットゲート P-SPF-96 ブラウン/幅90cm(ハイタイプ) 幅90×高さ55cm","3545","62","50","4311","¥ 5,480","","1","B0D9NDC73T","B0F28Q7Y84","91","56","38","6000"
"エアーホースリール 12m 自動巻き 壁掛け 180°回転 エアホース 空気圧工具","3552","44","","16","¥ 5,999","","1","B0G4VXLXVD","B0GMW6H8RV","38","35.5","16.5","4470"
"バル(Bal) 充電式エアーコンプレッサー コードレスでどこでも空気入れ モバイルバッテリー機能付き 自動車/自転車/バイク/レジャー用品 530","3555","63","50","599","¥ 5,021","¥ 5,021","13","B0DDX6LVD5","B0HCJKMX43","15.9","9.4","9.1","600"
"uxcell アルミ四角棒 6本セット 厚み10mm 幅35mm 長さ305mm アルミフラットバー 正方形 平角棒 工業・建築向け金属平板 シルバー 切削 穴あけ 加工容易 DIY 補修 補強金具 止め金具 ホビー用","3557","9","","23","¥ 5,586","","1","B0DGPTZHX6","B0F87C2MK7","35.5","9","6","1780"
"トネ(TONE) スナップリングプライヤ(ストレートタイプ・穴用) SRPH-400 レッド 85〜170mm","3558","57","","22","¥ 7,182","¥ 7,182","19","B01CNB81EU","B07WNL96LY","41.9","15.1","2.8","956"
"【2026新モデル8.5MPa・ミニ・超軽量】UPF 高圧洗浄機 コードレス 充電式 5in1多機能ノズル 2個2.0Ahバッテリー付き 残量表示 マキタ18V互換バッテリー対応 噴射距離10M 高圧洗車機 5mホース ペットボトル対応 ポータブル 小型 自吸式 家庭用洗車機 コンパクト収納 洗車 庭 外壁 階段 黄砂 ベランダ 窓 網戸 ガラス 玄関 浴室 墓石掃除 フォームガン","3566","96","200","38","¥ 5,578","","1","B0GQZL68K2","","33.2","24.7","14","2200"
"アサヒペン 塗料 ペンキ 水性 強着色ウッドステイン 3L ライトオーク 1回塗り ステイン仕上げ 低臭 撥水 防カビ 防虫 日本製","3566","25","","24","¥ 5,264","¥ 5,264","14","B09C14TG1L","B0GVQKDJCS","18","16.7","16.6","3520"
"人工芝 ロール 2mx10m リアル感 芝丈30mm 高耐久 透水タイプ 防草シート 48本ピン付き フレッシュグリーン (2×10m)","3588","80","50","539","¥ 24,399","","1","B0CCD61JGK","B0CCD5DRBW","200","24","24","36000"
"Lenox レノックス スピードスロット軸付バイメタルホールソー152mm 5121055","5157","77","","257","¥ 15,161","¥ 15,161","18","B01LXMDE95","B08CZZ8C6F","16.7","16.2","7.1","990"
"デウォルト(DEWALT) TSTAK 収納ボックス Sサイズ 工具箱 収納ケース ツールボックス 積み重ね収納 ブロッククッション付き ネジ ビット 小物 入れ IP54 坊塵 防水 設計 DWST83345-1","3595","96","50","62","¥ 5,143","¥ 5,143","26","B097T3KSF7","B0DK6WY3B3","56.8","36","19.2","2700"
"タジマ セフシステム 着脱式腰袋 本革 釘袋3段大 堅牢でしなやかな上質なレザー(牛本革) SFKBK-KG3L ブラック 着脱楽々 ベルトに後から装着可能 腰道具の組み換えが簡単 使う道具だけを選んで装着 腰の負担軽減 工具の落下防止","3602","69","","10","¥ 11,909","¥ 11,909","18","B09W4H5DS2","B0CPHD9VQR","39.9","32.8","9.5","1100"
"フタワ 強力忌避一番プロ 粒剤タイプ 1L （まとめ買い6個セット）","3721","23","","477","¥ 8,880","","1","B07XCHZHBT","B07XCSTBSV","29","22.5","20.5","3600"
"【全27品目セット】 レトルト おかず 惣菜 詰め合わせ 備蓄用 まとめ買い 大容量 災害対策 ストック 無添加 常温保存 [常温備食生活 うちのや]","3612","9","50","142","¥ 12,951","","1","B09LTZXKN5","B0BYZDR1BD","37.4","26.7","14.4","3640"
"Aero Tools MK-2 強力 ブロワー 洗車 マキタバッテリー対応 18V 風力 超軽量 ケース付き 日本企業 日本ブランド エアロツールズ","3622","101","50","278","¥ 25,639","","1","B0FN7JHYK2","B0FMR8QFVD","30.8","26.5","11.5","1320"
"Masterplug 防水コードリール 30m パイロットランプ・温度センサー内蔵 コンセント4口 OTL-30W","3628","61","50","22","¥ 9,024","","1","B096VN8NQD","B0GSQQSNS6","33.5","30.5","22","6200"
"高圧洗浄機【業界最軽量540g・8.5MPa・改良5m柔軟ホース】ミニ高圧洗浄機 充電式 コードレス 加重フィルター バッテリー2個 30000mAh","3630","91","200","34","¥ 6,880","","2","B0GTD624SV","B0H98JZNW7","36.4","30.1","12.7","2910"
"マキタ(Makita) 充電式インパクトドライバ（オリ-ブ） 18Ｖ バッテリ・充電器・ケース別売 TD173DZO","3632","127","200","308","¥ 18,687","¥ 19,891","20","B0BZ3P5J7Q","","40","31","13","1040"
"【折りたたみ式で業界最高8MPa・2026年進化モデル・収納&耐熱&密閉進化】 高圧洗浄機 コードレス 充電式 静音 7段階水圧調整 電池残量表示 安全ロック設計 360°回転ノズル 超軽量2.1kg 35分連続使用 PSE認証済 高圧洗車機 13Lバケツ付き 7m高圧ホース フォームボトル 水道接続不要 コンパクト収納 持ち運び便利 洗車 ベランダ 浴室 網戸 外壁 墓掃除 防災 キャンプ","3635","107","500","115","¥ 12,252","","2","B0GS1PJ97X","B0H35QSDLB","35","35","23","4000"
"LIXIL(リクシル) INAX キッチン用 壁付 シングルレバー混合水栓 エコハンドル 角パイプ220mm RSF-862Y","3638","95","100","503","¥ 11,650","¥ 11,662","15","B010SKE34K","B0HFJRSPH4","26.8","15.7","10.4","1690"
"TOTO キッチン水栓 TKS05305JA シルバー","3642","99","100","200","¥ 21,220","¥ 21,220","22","B0B38NLG6C","B0BT84RTB4","53.8","24.5","15.4","2540"
"京セラ(Kyocera) 旧リョービ トリマ MTR-42F コレットチャック 1/4インチセット オリジナルセット品 青・黒 4988203 【コレットチャックをプラスした特別セット品】 切込み深さの微調節が可能な扱いやすい入門機 取付ビット軸径6mm 回転数32000min-1 切込み深さ微調節可能","3647","95","50","638","¥ 10,435","¥ 10,435","1","B07S4WFV5J","B0DC6R1FVM","21.7","19.1","12.6","2040"
"萬有栄養 ER PLUS ASSORT 9食入 20個セット (1ケース) 食物アレルギーに配慮した非常食 3種類の味が楽しめる【 紅茶風味/VEGE風味/ココナッツ風味 】 Emergency Ration ”Allergy-Friendly“","3650","54","","23","¥ 65,000","","1","B0FPDN2R7P","B0FQVDMXZW","17.5","6.5","6","543"
"ケルヒャー(Karcher) 高圧洗浄機 K2 Little Premium コンパクト収納 ハイパワーなノズル 付属品充実 軽量 小型 簡単接続 洗車 泥 花粉除去効果 黄砂 (50/60Hz) 1.600-931.0","3663","111","200","205","¥ 16,800","¥ 16,800","3","B0CVQJ5DXP","B0DP44QB6R","40.2","26.2","24.1","5400"
"ココピート 圧縮梱包 25kg 復元約200L アク抜き済 ココチップ園芸 観葉植物の土 ピートモス ブルーベリーの土 粗目チップ 土壌改良 ガーデニング 園芸用品 野菜栽培 家庭菜園 ヤシガラマット 防草シート","3668","83","","200","¥ 5,390","","2","B0D2279TQW","B0D22L58JB","70","50","35","25000"
"マキタ(Makita) 充電式レシプロソー 10.8V 1.5Ah 本体のみ JR104DZ","3671","92","","671","¥ 10,282","¥ 10,282","13","B017AQXUMG","B07DC5K5RS","42","14.5","7.7","1330"
"TRUSCO(トラスコ) TYGシリーズ 自在 ナイロン車 65mm TYGNY-65 × 20個【ケース販売】","3674","43","","81","¥ 7,333","¥ 7,333","1","B0C584BN14","B0C93V4QPF","30","23.8","19.7","4800"
"SAKUTTO 携帯トイレ 簡易トイレ アウトドア キャンプ 登山 渋滞 車 (30個セット)","3785","22","","324","¥ 5,800","","1","B0CBFYMNDL","B0CVDN27SB","31.4","22.7","7.7","1240"
"マキタ(Makita) 竹用チェーン刃 形式25F60E A-42905","3687","42","","147","¥ 5,737","","13","B00A475NBU","B085DVCC9J","17.4","8.6","2.7","156"
"ベストアンサー ラチェット式 Jフック ラッシングベルト フック ラッシング タイダウンベルト 破断荷重 4000kg ベルト幅 50mm 固定側 0.5m 巻側 6m 2本セット ラチェット ベルト 荷締め 固定 フック 0.5m 6m 2本","3698","45","","172","¥ 5,640","","1","B01LYQ5CCA","B0CH9LGRZ9","31.6","24.1","13.9","4740"
"ハタヤ (HATAYA) シンサンデーレインボーリール 屋外用 防雨型 日本製 15ｍ ネイビー CC-15Y(N)","3703","29","50","176","¥ 5,701","¥ 5,701","4","B09J8G9FBQ","B09JC6WQ59","35.1","27.6","22.8","4050"
"非常トイレ 簡易トイレ 凝固剤入り 魅せるトイレ 凝固剤 防災グッズ 消臭 日本製 柄パッケージ (御守り)","3705","5","","4","¥ 6,400","","1","B0BXD9KDBN","B0CWKV3L13","92","30","15.5","1700"
"WORKPRO ツールワゴン ツールカート 工具ワゴン 工具カート 折りたたみ 3段式 キャスター付き 合金鋼 【総耐荷重95kg】","3707","17","","598","¥ 10,940","","1","B0FVF6TJ6P","B0HDBQKPZL","112.8","45.2","14","7439"
"ミツトヨ(Mitutoyo) デジタルノギス ABSデジマチックキャリパ CD-15APX","3713","107","50","913","¥ 14,080","¥ 15,431","22","B00I0NMWPK","B07K2J47JD","26.8","12","3.8","420"
"ユアサプライムス 一般換気扇 羽根径30cm 取付け木枠サイズ35cm キッチン 台所用換気扇 YNK-30 引き紐スイッチ連動式 家庭用 【サイズ違いにご注意下さい】","3715","95","50","135","¥ 5,346","","4","B0C1YPMKD2","B0DVL54J61","47.6","45.7","19","4130"
"TRUSCO(トラスコ) プロテクターツールケース オリーブ M TAK13OD-M × 4個 【ケース販売】","3726","54","","760","¥ 28,269","¥ 28,269","1","B0C4T6KWSV","B0CB5KYPHG","57.5","36.5","32.8","7750"
"MEIKEE 6灯ソーラー ガーデンライト【リモコン付き】ソーラーライト屋外 スポットライト おしゃれ ソーラー充電 分離式 庭園照明 明暗センサー 自動点灯/消灯 6000mAh大容量 1200LM IP66防水 3色切替 3段階調光 連続点灯12時間可能 タイミング機能 メモリー機能 防犯対策 照明器具 電気代0 アウトドア 玄関先 庭 車道 芝生 歩道","3731","61","50","1065","¥ 5,848","","1","B0C4F43RN4","B08YKCWDKB","28.1","19.2","11.3","1940"
"【日本優良企業】 45000mAh 56V 空調作業服 バッテリー 2026 業界最強 15Vから56Vまで調節可能 30時間 超長時間連続稼働 デュアルコントロールモード 超高速充電対応 現場 屋外作業 暑さ対策 空調ファン用 PSE認証済","3734","63","100","35","¥ 7,980","","2","B0F6BW3LRH","","12.8","10.9","4.8","590"
"Kaiju Plant 怪獣ビームHIGH ぐんぐん育つ 室内園芸用 植物育成LEDライト 25W 5900K E26 (1, 25W)","3767","58","","33","¥ 5,980","","1","B0CRY97VGB","B0D53BRQ1S","13.8","10.4","10.2","480"
"MYST(マイスト) ガレージミラー 中・長距離用(~約30m) 丸 約Φ450 出庫時の安全確認 屋外用樹脂製ミラー 壁面取付用金具付き 1000R オレンジ (5135)","3770","64","","7","¥ 6,665","¥ 6,665","12","B008HCPSXW","B07JZXJDY6","68","60","9","3660"
"山善(YAMAZEN) 10.8V 芝生バリカン USB Type-C充電式 1.5Ah 刈込高3段階調節 両刃タイプ ダブルロック機能 コンパクト 電動 芝生 草 グラス バリカン 芝刈機 YDG-1015 グレー","3778","69","","3","¥ 8,299","¥ 8,299","2","B0GWC61R24","B0DNDW9JWN","31.3","18.9","13.5","1720"
"【2026新型強力134m/sを超えるブロアー】KIMO ブロワー 洗車 充電式 2000mAh大容量バッテリー2個付属 53cm延長チューブ付き 30000RPM コードレスブロアー エアブロワー 風量調整可能 速度調整パネル付き 電動 ぶろわー 大型 落ち葉 庭掃除 水飛ばし 軽量 除雪作業 充電器付き 残量表示 屋外 静音 エアダスター ガレージや工場内の清掃作業 PSE認証済","3780","89","100","3020","¥ 6,770","¥ 6,770","1","B0G4M6PHX6","B0GVMXDHQ8","39.5","24.2","21.8","2930"
"Grimtron 生体認証セーフボックス - 【収納ラック&ドアオーガナイザー】クイックアクセス指紋安全、バックライト付きキーパッド、サイレントモード、取り外し可能な棚付き (51L)","3782","57","","1114","¥ 22,999","","1","B0CPJJFLJ1","B0CY5WG733","59.7","43.2","40.6","19232"
"タカショー ソーラーライト 屋外 あかりクラシック ポストライト ブラック ガーデンライト 間接照明 防水 レトロなひかり アルミニウム・ステンレス・ガラス・ABS樹脂 LGS-123","3790","68","","1","¥ 13,935","¥ 13,935","2","B08GX5MWR1","B0FHB6ZKYK","39.2","38","31.8","9460"
"ポータブル電源 小型 ポタ電 急速充電 大容量 60000mAh 合計出力268W ぽーたふる電源 蓄電池 リン酸鉄 長寿命 軽量 コンパクト 1.6Kg モバイルバッテリー 100W DC出力(AC出力非搭載) ポータブルバッテリー 携帯 ソーラー充電 キャンプ 車中泊 停電対策 防災 非常用電源","3793","89","300","102","¥ 13,671","","1","B0G2LPG4LK","","21.7","20.5","10.9","2090"
"タンスのゲン 人工芝 2×10m 芝丈35mm 高耐久 高密度 44万本/m2 リアル ロール 人工芝生 U字ピン 50900020(89270)","3796","72","","516","¥ 16,132","","1","B0869GFVNJ","B0D49M1PT9","210","35","35",""
"lingyue コードレススプレーガン本体のみ マキタ 18V バッテリー専用 BL1830 BL1840 BL1850B BL1860B バッテリー対応 本体のみ","3816","88","100","372","¥ 5,980","","2","B08JYC682Y","","33.7","29.1","12.8","1540"
"マキタ 充電式ブロワ(18V) エンジン式同等パワー感 バッテリ充電器別売 MUB184DZ","3823","79","200","1140","¥ 17,237","¥ 17,237","20","B081R4TZLP","B082V396N1","50","46","16.5","3140"
"フロア タイル 大理石 置くだけ 6畳/12畳 床 シート 貼るだけ 厚1.6mm DreamSPC クッション マット 54枚(セメントグレー)","3824","50","","168","¥ 5,999","","1","B0GRT7W5Z4","B0D4M7PV1M","32","32","8","12000"
"ニッペ(Nippe) ペンキ 塗料 高耐久シリコントタン屋根用 7kg グレー 油性 つやあり 屋根塗料 トタン さびの上からそのまま塗れる 屋外 日本製 4976124204067","3827","61","","443","¥ 10,509","¥ 10,509","17","B0157KBKFQ","B06VW9Z59S","24.4","22.6","17.4","7780"
"LIXIL(リクシル) TOSTEM ドア タッチキー・システムキー用リモコンキー Z-221-DVBA","3832","94","200","972","¥ 6,300","","5","B073S8Z97N","","7.9","5.5","2.2","30"
"GENTOS(ジェントス) ブロワー 35,000rpm 68m/s USB充電式 疾風 (はやて) 洗車 電動 エアダスター ミニジェット 送風器 HYT-EX","3842","88","100","15","¥ 13,450","¥ 13,909","16","B0GCB1B1XD","","39.5","22.1","10.3","1000"
"MOO&PLANT ムーアンドプラント 有機液体肥料 オーガニック 【有機JAS別表1適合資材】 バラ ラン 花 ハーブ 野菜 室内 観葉植物 多肉植物 芝生 土壌改良 (1リットル/200リットル分作れる）","3844","80","","216","¥ 6,490","","2","B00EI4RMMI","B0FJDMLDSP","19.6","15.4","6.6","1080"
"【2026新型】SEESII 電動サンダー ランダムサンダー 7段階変速 強力モーター搭載 4000mAhバッテリー 小型コードレス ポリッシャー","3849","79","50","70","¥ 6,899","","1","B0GX8G5NF3","B0GWCNQ9RX","22.6","18.4","15.9","2040"
"リファニ ジョイントマット大理石柄 幅60cm 64枚 大理石柄 大判 プレイマット フロアマット 防音 防水 ホワイトマーブル JH-004 (WM)","3850","17","","282","¥ 16,900","","1","B0BQ6BZJWB","B08NP31L8M","61.5","61.5","33.5",""
"XiaZ 日除けシェード ベランダ 日よけスクリーン サンシェード オーニング 庭用サンシェード 外付け 家/廊下/庭下/屋外 バルコニーサンシェード ひよけ (ベージュ, 3*5m)","3855","53","","811","¥ 5,083","","1","B0D6XZQYV1","B096NW5V3L","45","34","12","2580"
"Goovilla 高耐久植物スタンド キャスター付き 1パック 調節可能 15-22 プラントキャディ ロック可能なキャスター付き 440ポンド ローリングスタンド/ドリー/ローラー 屋内/屋外用 大型プランター 植木鉢用 ブラック","3856","76","","823","¥ 10,508","","1","B0B1HZFHVF","B0F8HTS6YX","25.3","18.9","14.7","1928"
"SPAHER LEDテープライト 高輝度 無段階調光調色 チューブライト 防水 リニア発光 シリコンチューブ 曲がりやすい 切断可能 目に優しい 間接照明 100V 飾り(5メートル)","3857","48","","47","¥ 6,706","","1","B0FVR47V1F","B0G3H83S9V","21.2","21.2","5.4","790"
"トネ(TONE) ロングめがねレンチ(45°) M45-3541 二面幅35×41mm","3858","59","","386","¥ 6,795","¥ 6,795","15","B002TF4I16","B07WRFVL7Y","49","9","7","1300"
"五十嵐刃物工業 鋼典 鋼付 地型鉈 コブ付 木鞘 180mm C-61","3859","64","","1325","¥ 8,480","¥ 9,004","6","B003V9HF96","B085CJ57SC","38","14","2.6","800"
"TuyLuxe センサーライト 屋外 ソーラーライト 屋外 防水 スポットライト 1500ルーメン 1800mAh 4個セット","3865","7","","47","¥ 5,999","","1","B0H3KTFCFL","B0HF3DGKWW","24","17.2","13.6","1270"
"KōGU BASE 塗装ローラー マイクロファイバー 6インチ 毛丈14mm 100本セット 塗料含み良好 水性・弱溶剤対応 DIY塗装用","4128","27","","111","¥ 10,500","","1","B0FH9JF1YK","B0GGJ3D48H","34","30","20","1900"
"メイホウ(MEIHO) バケットマウス ブラック 540×340×350mm BM-9000 釣り・フィッシングに便利","3870","89","50","86","¥ 5,276","¥ 5,276","25","B0DWSBJQ8C","B0DX1T5S8J","53.9","41","34.7","3410"
"ベッセル(VESSEL) コードレス 電動スリムラチェット ソケットビット31個付セット 400ER3-1M","3872","119","200","224","¥ 16,159","¥ 16,587","26","B0DFLZRR7F","","27.3","24.4","7.2","1560"
"三洋化成 さらさらホースアドバンス 30m ブラウン NBA-1520L 30BR","3872","71","","58","¥ 9,502","","2","B09P7TFQKM","B08CW2JB39","41.2","40.1","21.7","4910"
"UXPRIN フロアタイル 大理石柄05 置くだけ クッションフロア 吸着タイプ 原状回復 賃貸OK【45.7cm×45.7cm 72枚約9畳分】","7938","47","","36","¥ 39,456","","1","B0FN7FLPDQ","B0GCLXRZGQ","46","46","5","90000"
"YOIbuy PRO インパクトドライバー 充電式 18V 互換 ブラシレスモータ搭載, 手元ボタン機能, 楽々モード, リングLEDライト, MAX 3500rpm回転/分, MAXトルク230Nm, 本体のみ （充電池・充電器別売） YID-P2-1 (黒色/紙箱)","3889","89","50","145","¥ 7,999","","1","B0FPC16PZP","B0FPC2R75J","31.7","14","9.2","1230"
"分割式 耕運機 充電式 家庭用 耕幅255mm・深240mm PSE認証6Ah電池2個急速充電器 1000Wリアブラシレス 軽量 女性・高齢者簡単操作","3892","33","100","13","¥ 22,700","","1","B0H3L1Y161","B0H3L565PG","87.5","26","13","8790"
"髙儀(Takagi) 高枝切鋏 TAKAGI 省力 剪定タイプ アンビル型 剪定アンビル 1.3~2.0m","3899","78","","50","¥ 6,106","¥ 6,106","6","B07KQ3FNFQ","B0FDFSFVPB","131.7","13.1","3.7","960"
"ジェフコム 盤用マルチキー 14タイプの配電盤・分電盤用の合鍵、点検口開閉などに BMK-14","3901","93","100","81","¥ 5,411","¥ 5,411","14","B0D6VR3ZFB","","13.2","6.8","3.7","120"
"YOKEKON 水中ポンプ 100v 水槽ポンプ 排水ポンプ 最大吐出量6000L/H 最大揚程6M 105W 水陸両用 清水 海水対応","3907","43","50","29","¥ 5,999","","1","B0GVJRVWHK","B0HCJH84C3","21","15.3","13.9","2810"
"アイリスオーヤマ カラー化粧棚板 LBC-1840N アッシュブラウン","3908","82","","227","¥ 5,246","","4","B09H2C46Q6","B09HXJJS9G","183","42","2.1","6600"
"山善 アルミボーダーフェンス (幅90×高さ180cm) 2個セット ダークブラウン KABF-90180(DBR)","6026","40","","","¥ 27,999","¥ 27,800","2","B08F51ZD1V","B0F5H3LGS2","94","48","14.5","8000"
"ICHIFUJI 耐火 防炎 スパッタシート 瞬間耐火温度1500度 溶接 薪ストーブ用 (ハトメ無し, 2m×3m)","3918","47","","503","¥ 12,132","","2","B07JNBG18T","B07ZBRND39","52.5","31.5","7.5","5310"
"シンワ測定(Shinwa Sokutei) JCSS校正証明書付 製品 高級ミニノギス 70㎜ ※必ずギフトの設定をして下さい 19054","3926","35","","","¥ 17,405","¥ 17,405","2","B0C698S4D7","B0C7V25K7R","17.5","7.8","1.8","50"
"TOTO 二連紙巻器 棚付き(木質) YH600FMR #MW ダルブラウン","3930","87","50","1249","¥ 5,000","","11","B08892SPZ1","B08G8QJZMJ","40.8","15.3","12.5","1330"
"Enelife マキタ 互換 バッテリー 40V シリーズ 日本企業保証 5億円PL保険付 (旧製品：BL-4030) 3000mAh/二個セット","3930","86","","3","¥ 16,000","","1","B0DNM1SMKB","B0GSQCB8XD","25.4","8.6","7.9","1370"
"アサヒペン 塗料 ペンキ 油性高耐久アクリルトタン用α 12kg オーシャンブルー 油性 トタン 屋根塗料 サビの上からそのまま塗れる ツヤあり 1回塗り 非危険物(消防法上) 日本製","4038","86","","1053","¥ 17,476","¥ 17,476","21","B07DK98P3F","B0GVR9Y1SN","35","24","24","13000"
"YEZOND 遮光ネット 5M*12M ベランダ 窓 カーポート ルーフ ヤード パーティー 廊下 農業 園芸用などに最適な日よけシェード 2M 3M 4M 5M 6M 8M 10M 12M 15M 高密度ポリエチレン製 エッジを広げる","3942","53","","212","¥ 11,280","","1","B0CBK3YXKP","B0DPHP29K1","38.8","35.3","16","3960"
"ChillCamping(チルキャンピング) キャンプ 収納ボックス コンテナボックス ツールボックス アウトドア 大容量 (ブラック, L)","3943","69","50","1511","¥ 5,200","","1","B09H279VTG","B0CM6KBDJX","54","36","7","1500"
"アイリスオーヤマ LEDポーチ・浴室灯 丸型 昼白色 1020lm CL10N-CIPLS-BS","3948","61","50","230","¥ 5,061","¥ 5,374","9","B00U224LF6","B0CCYQSS5Y","30.1","22.5","8.5","660"
"マキタ 18V充電式クリーナ CL286FDZW 【サイクロン一体式】 本体のみ バッテリ・充電器別売 (スノーホワイト) 柴商アクセサリーバッグ付","3956","99","100","39","¥ 20,880","","1","B0BV66S66Y","","55.9","20","15.9","2200"
"安永エアポンプ 浄化槽用ブロア エアーポンプ ブロワ AP-60G","3960","96","100","184","¥ 16,200","","7","B06XC2SZXK","","27.1","22.2","19.3","6290"
"Fanttik S2 Pro 電動ドライバー コードレス ドライバーセット 7段トルク調整 90°アングルアダプター付","3962","79","200","1078","¥ 11,899","","1","B0F3X74WT9","B0H2MFTQZS","25.8","12.2","5.7","1120"
"ガーデンエッジ フェンス 花壇フェンス 高さ15cm×長さ10m ブラウン","3963","26","","99","¥ 5,109","","1","B0F7HGLVV8","B0FC5V49N1","32","32","21","4500"
"Biling ソーラー噴水ポンプ 屋外 12W 防水 空運転防止 池・ガーデン用","3967","45","","2","¥ 5,990","","1","B0H4YM5X9R","B0HCP9YQC1","43.2","23.2","6.2","1620"
"XINGO カラーガーデンジップタイ 12インチ 強度50ポンド マルチカラー セルフロックナイロンジップタイ 鶏の脚やデコメッシュリース用品のマーキングに 1200本","3974","47","","1651","¥ 6,448","","1","B0BWXTQR9Y","B0B984XMJM","41.2","30.1","9.8","2170"
"ホーチキ 火災警報器 ホワイトアイボリー 煙式 3個入 無線連動方式(煙式) SS-2LRA-10HCP3","3976","99","50","210","¥ 17,600","","5","B07B458FDZ","B0FGJPWJ28","32.2","23.1","5.3","630"
"VANKO 互換 マキタ 18v バッテリー 6000mAh大容量 2個セット LEDランプ残量表示 BMS基板搭載 多数保護機能","3980","109","500","92","¥ 5,776","","1","B0GLZ7GQ8Y","B0H7RCXXP1","18","13","8.7","1200"
"パナソニック(Panasonic) フルカラー埋込ネームスイッチB（片切） パック商品 100個セットWN5061P100","3984","36","","177","¥ 39,667","¥ 39,667","1","B0BVZ2MMDR","B0C3CWL3YS","32.5","21.6","14.8","3500"
"TRUSCO(トラスコ) へクスローブドライバー T10 THD10 × 10本 【ケース販売】","3985","50","","12","¥ 7,310","¥ 7,310","1","B0C4T694FS","B0CC7W9885","27","11","7","800"
"【2026新型】Elikliv 充電式剪定ばさみ 電動ハサミ 剪定 ブラシレスモーター採用 開き口30mm 高枝切りの延長ポールと接続可能","3999","106","50","1724","¥ 7,400","","1","B09ZV58HBQ","B0GWCRX72D","32.5","25","8.1","2200"
"【2026最新改良】Elikliv 充電式剪定ばさみ 電動剪定バサミ 電動ハサミ 切断直径30mm 高枝切りの延長ポールと接続可能 ブラシレスモーター","4000","80","50","217","¥ 6,780","","1","B0FC2P483M","B0GVN8QVPD","32.7","25.1","8.8","1440"
"マキタ 18V バッテリー BL1860B 6.0Ah 互換 Waitley マキタDC18V バッテリー充電器 電動工具用 防火材料シェルと長寿命電池セル 採用 マキタDC18RF など互換充電器対応 残量表示付き 製造物責任保険付 PSE認証済品 (OPR1860 2set+充電器 セット)","4006","82","50","94","¥ 10,180","","1","B0DJ8GVCRX","B0DNQR7MNL","28.3","20.8","10.2","1910"
"WOWQ フロアタイル 大理石 置くだけ コンクリート調 12畳 フロアシート 厚手2mm フロアタイル 大理石調 床材 接着剤不要 床張り替えシート 床シート 賃貸 床 フロアタイル 滑り止め 防音 304.8*304.8mm 【12畳分 厚手2mm 216枚/GM-T008-3】","4013","72","","99","¥ 31,580","","1","B0DCVVZ6YB","B0D5YH3CG5","32","31","22.5","79600"
"LIXIL(リクシル) INAX エコハンドル付 シングルレバー混合水栓 泡沫吐水 節水 省エネ RSF-551 一般地用 水栓 キッチン水栓 水道 蛇口 交換 取り付け キッチンリフォーム","4016","108","200","320","¥ 13,831","¥ 13,831","17","B004BA75XK","B0HFJG8DDN","45.5","32","10.5","2350"
"マキタ 18V 充電噴霧器 10L [本体のみ/バッテリ・充電器別売] MUS108DZ","4017","101","100","119","¥ 28,589","¥ 28,589","17","B0BLV9LK52","","59.1","41.1","28.1","7310"
"ダイドーハント(DAIDOHANT) ( ロープ止め ) ロープ止め J型 [ 鉄 / クロメート ] (呼び径) 6 x (長さ) 200mm ( 100本入 ) 00044374","4026","41","","63","¥ 6,098","¥ 6,098","6","B07397YMR1","B07TPWF9RD","22.8","17.6","8.4","5040"
"【brother純正】 ブラザー工業(Brother Industries) トナーカートリッジ(大容量) TN-62J 対応型番:HL-L6400DW、HL-L5200DW、HL-L5100DN、MFC-L6900DW、MFC-L5755DW 他","4030","109","100","101","¥ 14,118","¥ 14,118","50","B01FHQD0VW","B092TNBCW8","36.3","25.3","14.9","1180"
"LED投光器 LED作業灯 屋外 コンセント式3Mコード スイッチ付き 2Pプラグ 昼光色 100V IP67防水 超薄型 防犯灯 角度調整ノブ付き","4034","32","","23","¥ 7,680","","1","B0C1BK6JL8","B0HB43BVF4","43.8","29.2","11.3","2020"
"パナソニック対応 VL-SWE210KLA テレビドアホン 純正品2点セット ワイヤレス子機なし 親機1台 玄関子機1台 自動録画 3.5型カラー液晶","4036","114","200","22","¥ 13,850","","1","B0GSZBDQZQ","","30.5","20","9.6","980"
"グリーンライフ スチール製 高耐久 日本製 エアコン 大型 室外機カバー 幅87×奥行34.5×高さ8cm 工具不要 簡単取り付け 日除け 省エネ 耐久性 遮熱カバー 遮熱 直射日光 冬 雨 雪 汚れ 対策 節電対策 電力削減 エコ 室外機日よけカバーワイド SHC-87","4038","91","100","67","¥ 5,220","¥ 5,220","4","B0G2KXY5YX","B0GCDB7KXP","93","41","11.5","3180"
"【2026新型】SEESII インパクトドライバー 電動ドライバー 充電式 300N·m ブラシレスモーター採用 4つのモード切り替え","4043","84","100","203","¥ 6,970","","1","B0GY8B6W4C","B0H14TDS2S","39","31","12","3200"
"【雑誌掲載】SENUN カーペット 配線カバー ケーブル隠し コードモール コード隠し ケーブルカバー (グレー, カーペット用（3M×5巻）)","4901","27","","38","¥ 6,080","","1","B0DW3Z4WLJ","B0H8SBTVCB","31.7","27.4","6.4","510"
"エッジカバー 粘着付き 日本製 溝ゴム アクリル板 エッジモール エッジ ガード パネル ボード 手の保護 けが防止 溝幅 6mm 長さ 25m ブラック プラスチック製品の大和魂","4060","65","","368","¥ 12,600","","1","B0D2K6H16X","B0DSQ6W4QY","29.6","29.2","9.7","1090"
"【Amazon.co.jp限定】HiKOKI(ハイコーキ) 36V 充電式 ディスクグラインダ G3610DC トイシ径100mm 最大出力1,500W 蓄電池×1個・充電器・ケース付 G3610DC(XPZ)","4061","107","50","25","¥ 37,900","¥ 37,900","1","B0DPM9W8YL","B0HG9QH38G","39.5","29.7","21.5","5940"
"Elikliv ディスクグラインダー 充電式 電動 グラインダー 外径100mm 穴径15mm ブラシレスモーター 4.0Ah大容量バッテリー付き","4066","78","50","158","¥ 5,680","","1","B0C557BXWT","B0CFTY2Z9Y","37.9","29.5","12.2","2900"
"非常食セット 防災食 5年長期保存食 36食分 4人用3日分 備蓄 尾西食品 アルファ米 携帯おにぎり パン 詰め合わせ アソート 災害 kaimoshop","4068","26","100","1","¥ 13,480","","1","B0H34RR9GH","","35","25","20","2500"
"快適生活 害虫害獣まとめて解決！「ヒトデdeでんでん」6袋 3kg 忌避剤 忌避 害獣 害虫 天然素材 駆除 イノシシ ネズミ ムカデ オオカミ ヒトデの粉末 ヒトデ忌避剤 ひとで ひとででんでん ひとで忌避剤 ヒトデ","4070","82","200","304","¥ 6,840","","2","B09DPP36GJ","B0BWJC3DFW","23","18","16.5","3080"
"HiKOKI(ハイコーキ) 急速充電器 スライド式リチウムイオン電池14.4V~18V対応 USB充電端子付 超急速充電 低騒音 UC18YDL2","4070","109","200","1177","¥ 7,350","¥ 12,011","23","B085F84VXJ","B0CQ39Q513","21.7","17.7","11.5","940"
"TOTIO 80CMx8M 幅広 リメイクシート 大理石シートシール ホワイト カッティングシート 白い大理石調壁紙シール おしゃれ 光沢があり 厚手 耐熱 防水 防油 防汚 防カビ 壁紙補修シート ダイノック シート 剥がせる壁紙 キッチンやバスルームの水はね防止シート DIYビニールウォールステッカー 装飾シート 張り替え 自分 で簡単","4073","4","","375","¥ 7,280","","1","B0GZK898W8","B0GVT5N5JV","80","6","6","1800"
"Anovara(アノヴァラ) 物置 屋外 小型 倉庫 収納 収納ボックス 大容量 170L","4077","96","100","131","¥ 5,980","","1","B0FX4HDXW7","B0FX4HR64N","82","58","12","6100"
"YOIbuy PRO 充電式 ベルトサンダー ベルト速度1700m/min 高速機種 10mm幅 330mmベルト適用 低騒音ブラシレスモータ搭載 6段階調速 （充電器・バッテリー別売り） YBS-P330-1 (黄色)","4078","58","","102","¥ 7,999","","1","B0FQ9WFYF2","B0FQ9SQFN4","35.8","13.1","11","1200"
"シンワ測定(Shinwa Sokutei) 下地センサー Pro 中心・深部・電線探知 液晶表示 79155","4083","78","50","55","¥ 7,614","¥ 7,614","35","B08XNBQN39","B0BVL56P71","23.6","9.4","4.6","280"
"水中ポンプ 低水位対応 THYESCOM 循環ポンプ 吐出量3500L/H 最大揚程3.5M 給水・排水ポンプ 吐出量調整可能 ウォーターポンプ","4087","74","","25","¥ 5,899","","1","B0C1G61CZM","B0GVQQYYYR","17.2","16.9","16.8","2120"
"QUVLW 避難はしご 縄 伸縮 ベランダ用収納 綱ロープ 防災 安全避難用 緊急用縄 滑り止め素材 難燃材仕様の防災避難用梯子 緊急対応に最適な フック付きで壁面作業にも使用可能 ロープラダー 家庭用やオフィスにも最適 簡単設置 スペースを取らないコンパクト収納 - 15M","4090","13","","65","¥ 7,499","","1","B0DKFNVBM7","B0DKFMG3RV","43","40","40","6750"
"HiKOKI(ハイコーキ) 18V 充電式 刈払機 草刈機 刈刃径230mm 両手ハンドル 蓄電池1個・充電器・チップソー付 CG18DA(JC)","4094","96","500","389","¥ 28,636","¥ 28,636","6","B09TP87M2S","B0DHCXLGCN","185","23","18","7800"
"WASJOYE 家庭用金庫 小型金庫 キーロック式 セキュリティーボックス 業務用 店舗用 会社用 防犯箱 保管庫 A4用紙に対応 仕切り板付き 鍵付き 壁・床に固定可能 日本語取扱説明書付き (22.0L)","4099","93","50","414","¥ 7,999","","1","B0F6XWFCY3","B0D5LBKZ8L","39.2","29.2","29.1","7020"
"【2026年最新型】 けむり当番 火災報知器 2個セット SHK484551 SHK48455K後継品 純正 Fujsitoreステッカー付","4102","91","100","193","¥ 5,780","","1","B0F4BX6GB4","","25","15","2","220"
"コードレス高圧洗浄機 充電式 超ミニ 折畳式 Berriot 2026新登場【洗車店プロ監修・8MPa超強水圧・23000r/min】ポータブル ハンディ 軽量小型 洗車機 3段階水圧調整 70分間連続使用 BMS高性能電池 【ドイツ レッド•ドット賞受賞ブランド】自吸式 低騒音 噴射距離10M 折畳バケツ/ホース付き 持ち運び便利 家庭用/ガラス/ブロック塀/ベランダ/浴室大掃除/戸外用 黄色","4103","76","400","1248","¥ 9,980","","2","B0GRVBQJBB","B0HG8XLYPY","24.7","24.3","13.2","1820"
"SHUZIYU 草刈機用チップソー 255x40P 10枚組","4107","59","100","226","¥ 8,999","","1","B0874CX8L6","B09VXL3NT8","27.1","26.5","3.8","3800"
"TRUSCO(トラスコ) 塗装用養生シート シングル 900mm×200m TPES-9020-S × 10本 【ケース販売】","4110","14","","72","¥ 15,541","¥ 15,541","1","B0C4TJBRKQ","B09PBYWZ6J","94","23.3","23.3","17000"
"HiKOKI(ハイコーキ) 18V 充電式 集じん機 RP18DA 乾湿両用 蓄電池・充電機別売 RP18DA(NN)","4113","117","100","176","¥ 19,889","¥ 19,889","22","B0CPDZP29Z","B0GWD7T777","44.4","29.9","24.5","4800"
"トネ(TONE) モンキレンチ(目盛付) MWR-375 全長375mm","4139","67","","302","¥ 5,966","¥ 5,966","10","B08DNT2M1P","B08PQCXTSN","52.4","14.2","4.6","1390"
"[ahomeone]電気柵 ソーラー 自作 キット 高出力パルス 動物用プレミアム電気柵エナジャイザー 防獣 電気さくセット","4151","41","50","1","¥ 18,999","","2","B0H6VZ6PRP","B0FL7T4XGR","30","16","12","2000"
"TRUSCO(トラスコ) 透明ホース10×12 20mカット TTM1012C20 × 20巻 【ケース販売】","4164","72","","24","¥ 55,093","¥ 55,093","1","B0C4TLLQP8","B0CB4WZBHC","72","57","56","18900"
"practicalWs 赤レンガ壁紙 ビニール 剥がして貼るだけ 自己粘着 3D ビンテージ レンガ柄 取り外し可能 キッチンの水はね保護 寝室の壁のアクセント 17.7インチ x 393.7インチ","4166","47","","4063","¥ 7,486","","1","B09ZTWWS2V","B0DY7NTJ3H","44.5","5.9","5.4","939"
"YOIbuy PRO 充電式 マルチツール 3D制振構造 0振ZVSシステム ブラシレスモーター搭載 充電式 マルチツール 18V コードレス 集じんアタッチメント ケース付き 6段変速 替刃9点セット付き マキタ 18V 互換 本体のみ （充電池・充電器別売）YMT-PR-31","4167","4","50","51","¥ 10,380","","1","B0GNZJPDYL","","40.8","29.6","12.2","2840"
"パナソニック 増設用中継器 VL-FKW01 モニター付き屋外カメラ セット用","4169","82","","8","¥ 11,873","¥ 11,873","4","B0DNDGTZD8","B0H68ZJ7XM","16.8","11.5","9.6","320"
"SAGVE（サゲビル） 40m通線 ロッド径 5mm 通線ワイヤー 通線収納ケース スチールワイヤー 通線 入線専用ワイヤー 通線工具 (黄黒, 40m)","4196","20","","69","¥ 5,651","","1","B0GYR77HJ9","B0DWRV257S","55","55","6","1670"
"TOTO ボールタップ一式 THYS2A","4205","86","50","884","¥ 6,986","¥ 6,986","15","B006H30Y9Q","B0859TKVLB","28.4","16.2","9.3","410"
"Litake パラソル ガーデンパラソル 230cm 日よけ 撥水 UV加工 角度調節 庭傘 釣り傘 ビーチパラソル ベージュ","6423","37","","63","¥ 7,355","","1","B0F2MWJZQM","B0HDC6PNN4","127","13.5","13.5","4850"
"katsst【改良版】防草シート 除草シート ぼうそうシート 2mx30m 130g/m² 高密度 厚手 耐用年数は10年 固定ピン100本と黒丸100枚付き 雑草防止 ブラック (2mx30m)","4209","47","","406","¥ 9,490","","1","B0FBGCPJ1Z","B0FBGD78F6","100","22","22","10100"
"トラスコ中山(TRUSCO) ねじ込み双輪キャスター ナイロン車輪 自在ST付 TDGS40M8 Φ40 M8 x 200個 【ケース販売】","4211","50","","","¥ 60,606","¥ 60,606","1","B0C5H2M28P","B0C93XH7H8","35.3","28.3","26.6","12740"
"TRUSCO(トラスコ) 万能型チップソー Φ190 TSMA-190 × 10枚 【ケース販売】","4211","59","","235","¥ 11,762","¥ 11,762","1","B0C4T2VKV2","B0CFF9HB93","21","21","13","2950"
"草刈り機【独自の草巻き防止・刈込幅230mm・強化版・防振防塵・BMSシステム搭載】21Vコードレス充電式草刈り機 1台3役 (草刈り・灌木切断・縁刈り) 耐候性ブラシレスモーター 両用補助輪 衝突防止 電量表示 PSE認証バッテリー2個合計6000mAh マキタ互換 替刃3種 8段階ハンドル 最長140cm 90度調整ヘッド 肩掛けバンド 軽量 低騒音 女性にも安全 高齢者 家庭用","4220","64","50","42","¥ 12,499","","2","B0FHB4WLRN","B0H6J7H8TV","95","23.5","10","4500"
"初田製作所 住宅用強化液消火器 蓄圧式 1L KLZ-1000 KLZ-1000 マルチカラー","4223","91","100","84","¥ 6,800","¥ 6,800","1","B00BAM43DM","","41.5","14.8","10.4","2950"
"角利(KAKURI) 替刃式 鉋 刃幅70mm 油台 ワンタッチ替刃交換 刃研不要 調整不要 カンナ かんな 平 DIY 大工道具 木材 表面 仕上 加工 12631","4232","21","","271","¥ 13,568","¥ 13,568","3","B002TYZQ6I","B08HY74466","32","11.9","7.5","1320"
"KUROKIN VA線ストリッパ 185mm 第二種電気工事士試験対応 FVA102-BG 黒金 フジ矢","4233","99","100","84","¥ 8,272","¥ 8,272","22","B0D1XSYTL3","","25.7","10.8","6.7","420"
"角利(KAKURI) 二枚刃鉋 刃幅65mm カンナ かんな 平 DIY 大工道具 木材 表面 仕上 加工 12525","4234","51","","628","¥ 6,382","¥ 6,382","12","B002TYZQ2C","B079L8ZQ9R","31.2","11.5","7.9","1220"
"アルゴファイル(Argofile) フィードバック機能搭載ストロークサンダー ゴムスタンド付き アルティマ7 ARTIMA7 ART107 ブルー","4241","99","200","277","¥ 10,973","¥ 10,973","22","B09YCJCKMB","","21.3","8.9","8.6","450"
"led テープライト 5M 防水 高輝度 シリコン製 100V チューブライト リニア発光 シリコン チューブ 曲がりやすい 切断可能 取付け簡単 目に優しい 【2026年新規＆スイッチ付き】 長持ち LEDチューブ 曲がりやすい 切断可能 間接照明 DIY装飾 インドア 寝室 キッチン リビングルーム照明用 (昼光色, 5メートル)","4241","71","","9","¥ 5,398","","1","B0GKLPBBFJ","B0GKM96767","20.5","20.2","5.2","690"
"マキタ 生垣バリカン用替刃 360mm高級刃 A-49937","4252","34","","36","¥ 5,737","¥ 5,737","11","B00D80R7V4","B085DVP9ZC","60","10","2.7","800"
"マキタ(Makita) 充電式ブロワ集じん機 18V バッテリ・充電器別売 MUB187DZ","4255","120","200","263","¥ 18,667","¥ 18,667","16","B0C9YJYTZ5","","75.5","37.5","17.5","4420"
"マキタ(Makita) １６０ミリ充電式芝生バリカン 18V バッテリ・充電器別売 MUM606DZ","4264","41","200","1","¥ 13,306","¥ 13,306","8","B0H8N6VW3L","","34.3","20.3","15.6","1620"
"LA･PITA 防災セット SHELTERプレミアム 1人用 【NS】 (オレンジ) 防災リュック 防災グッズ 避難セット 災害対策 非常用持ち出し袋 非常用トイレ 国産米 非常食 日本製 保存水","4267","55","50","317","¥ 14,980","","1","B01N2NNZ2T","B01N6AMQ6S","56","32.6","27.6","5420"
"MJJC ケルヒャー用 泡 洗車 フォームガン ノズル ケルヒャーK2,K3,K4,K5,MINI,JTKに対応 高圧洗浄機に接続でモコモコ泡洗車を実現 (フォームキャノンS（青）)","4274","102","100","1275","¥ 6,780","","2","B08TR14TMR","B09ZHWGGGC","24.7","13.2","10","740"
"キング砥石 砥石 仕上砥 S-1(台なし) No.6000","4275","55","","4","¥ 5,048","¥ 5,048","1","B07QMK5VD1","B0DRJ4R37C","21.8","8.1","2.6","680"
"FOTING 高圧洗浄機 14.5MPa パワフル洗浄 コンパクト収納 簡単持ち運びタイヤ 標準付属品充実 二つハイパワーなノズル モバイル家庭用高圧クリーナー 洗車 自転車 庭 ベランダ 泥 花粉除去効果 50/60HZ","4281","93","50","166","¥ 17,999","","1","B0G57ZQW38","B0H3WPXXL9","43.6","43.4","31.9","9170"
"アイリスオーヤマ リバーシブルジョイントマット 水洗い 掃除がしやすい 防音 滑りにくい サイドパーツで隙間ゼロ 60cm9枚 JMRV-69 モカブラウン／ベージュ","4283","74","","37","¥ 5,986","¥ 5,986","6","B0DVSKCB2J","B0GXK5C57X","59","59","20","4690"
"三菱電機(MITSUBISHI ELECTRIC) 天井埋込形換気扇 低騒音 VD-15ZC14","4286","81","100","30","¥ 7,100","¥ 7,799","15","B0D5H1LPTM","","41.5","35","23.4","1400"
"OFFO 鳥よけ 鳥避け 100%ステンレス製 【3列のスパイク設計、害鳥を強撃退！】 30cm×34個（1020cm） 鳥よけスパイク 剣山 組立品 一体式 組み立て不要 針が密集する カラスよけ フン害防止・景観を損なわずハトなどの害鳥による被害を防ぐ ベランダ・屋上・窓枠用 簡単設置 取扱説明書付き","4286","36","","42","¥ 5,699","","1","B0GK8LTGTX","B0GK87CPT6","32.3","16.4","6.4","1180"
"SK11(エスケー11) エアハンマー PRO ポイントチゼル2本 フラットチゼル2本 メタルシートチゼル1本 AHM-881K","4292","46","","85","¥ 12,462","¥ 12,462","16","B003EIFZJ6","B0DYTVV1C5","32","24.8","9.9","3680"
"タカショー ビニール温室 特大 幅122cm×奥行186cm×高さ190cm 棚付き 組立簡単 園芸 GRH-N06T","4294","75","","239","¥ 11,281","¥ 11,281","3","B009HIA1PU","B0G29DN1L7","126","32","11","8940"
"TRUSCO(トラスコ) コンビネーションスパナ(スタンダード) 21X21mm TMS-21 × 10丁 【ケース販売】","4297","51","","","¥ 10,490","¥ 10,490","1","B0C4TMCDYQ","B09PBFYB3J","31.6","14.6","6.4","920"
"CENYB 1-31/32 インチ | 50mm 高耐久超硬フリーホルソー 穴あけドリル パイロットドリルビット 2 個 ステンレス鋼、鉄、アルミニウム合金、真鍮、木材及びプラスチックに対応","4505","6","","905","¥ 5,722","","2","B0F6747515","B0CGQT8WZ2","10","7.8","6.6","280"
"ZOTA ポリッシャー 車，125mm ダブルアクション ポリッシャー コードレス 車用 5インチ 21V 電動 マキタ 18V バッテリー 互換 6600回転/分 残量表示 充電式 ハンディタイプ ワックス研磨 プロ仕様 おすすめ【PSE認証済】","4302","104","200","143","¥ 6,999","","1","B0FD9QLXBG","","30","19.4","17.3","2210"
"CXCESNS ハンマードリル 電動ハンマドリル 110V コード式 3モード コンクリート26mm 電気ハンマー SDSプラス","4317","86","100","186","¥ 7,920","","1","B0DB87H1QK","B0FLDC1MT8","42.8","30.6","13.2","5100"
"ガービー(Garvee) サイクルハウス 替えカバー 1~2台用 専用カバー 420D 頑丈 防水 防UV 耐水圧2000mm オリーブグリーン","4349","16","","107","¥ 5,275","","1","B0H6Q9XY8D","B0GSVYZSNB","44","32","11","5400"
"HiKOKI(ハイコーキ) 18V 充電式 ポールヘッジトリマ CHP1825DA 蓄電池・充電器別売 CHP1825DA(NN)","4354","95","100","81","¥ 16,103","¥ 16,103","5","B0D69FZ344","B0D6BLK6W8","146.3","25.1","15.3","3890"
"グリーンライフ 宅配ボックス 日本製 宅配BOX 宅配 防水 大容量 大型 屋外 複数投函 戸建て用 二段宅配ボックスReceibo(レシーボ) 置き配 不在受取 防犯対策 盗難防止 鍵付き おしゃれ ブラック 木目調 TRM2-4568(BK)","4355","69","","189","¥ 12,189","¥ 12,189","4","B0FKRS4FHT","B0FH6DF1KQ","67.8","48.7","20.1","10960"
"JARDIN(ジャルダン) 人工芝 リアル ロール U字ピン付 芝丈38mm 密度1.9倍 ロール 庭 ガーデニング ガーデン ベランダ バルコニー 屋上 テラス 芝生 マット シート (1m×10m, 春色)","4358","65","","698","¥ 8,780","","1","B074R828TG","B07R3J6ZN7","100","37","15","22000"
"高儀 エアーツールキット 5pcs ATL-500C EARTH MAN 吹き飛ばし 洗車 エアダスター エアーホース たかぎ","4363","65","","","¥ 5,470","¥ 5,470","2","B0G4BWJ3PB","B0G8CGZYRR","23.9","21.2","8.3","780"
"充電式チェーンソー【山本造園会社監修】8/6インチ 1台4役 ブラシレス 高枝切り 延長ポール250cm 4.0Ah電池×2 PSE認証","4367","53","100","18","¥ 22,999","","2","B0GX5YPDKB","B0H7RZ65QJ","122.2","19","14.5","5870"
"コンビネーション南京錠、[2パック] [アップグレード版]Diyife®4桁コンビネーションロック、学校のジムのロッカーのための南京錠、ファイリングキャビネット、ツールボックス、","4369","33","","1993","¥ 10,800","","1","B073S5BZ5W","B0CKSNW2SX","14.4","12.2","2.5","240"
"【2026 新型】Elikliv 充電式マルチツール ブラシレスモーター搭載 コードレスマルチカッター マルチ工具ツール 高速切断・低振動設計","4370","67","50","170","¥ 10,700","","1","B0DNZD9LYY","B0H11157QY","38.6","28.7","11.8","2980"
"虫取り上手 強力粘着捕虫シート 黄色 20枚入×6個","4380","85","","805","¥ 7,405","","4","B08V4SFL59","B0946Q2KZR","25.9","13.2","9.5","1520"
"TaskStar 耕運機 家庭用 充電式 小型電動耕運機 2026年最新型 耕幅260mm 耕深230mm 4.0Ah大容量バッテリー2個 軽量静音","4382","94","50","487","¥ 11,700","","1","B0G1SM4S8G","B0GWC48YQQ","78","27","25","7130"
"投光器 LED 200W 25000LM×4灯 作業灯 ワークライト 夜間作業 IP66防水 PSE認証済 100V対応 屋外照明","4384","39","","1","¥ 11,999","","1","B0G4ML96CW","B0HD5T8HH5","34.9","26.4","23","6240"
"Panasonic (パナソニック) 窓用換気扇 取付可能窓高さ:394-1100mm FY-20WF2","4386","106","100","483","¥ 8,700","","12","B00BB811YY","B085LVCCMX","39.9","32.3","17.2","3560"
"MCC VA線ストリッパ エボリューション 左利き用 VS-L1623","4390","64","","81","¥ 6,064","¥ 6,064","27","B00VDO97QU","B01D13YC5Q","26.9","12.1","7.3","460"
"ボッシュ(BOSCH) ドライバービットセット(31本・六角軸6.35㎜・9㎜溝シャンク・50㎜・ケース付) 2607017574","4392","70","","19","¥ 12,314","","1","B0847YMSP9","B0DJSMQ7RY","25.6","23.1","5","590"
"貝印 ラシャ 鋏 300mm ビニール ケース 付 7300 日本製 裁ち鋏 布切りバサミ CA0008","4401","95","","67","¥ 9,707","¥ 9,707","30","B005GDYD4A","B0CHXS1FR3","32.3","10.5","2.7","420"
"Jennov 防犯カメラ 屋外 800万画素NVR対応 4台セット AI人体検知 自動追尾機能 2TBHDD内蔵 24時間録画 360°全方位監視 IP67防水 WIFI 無線 監視カメラ 室内 双方向音声 夜間カラー暗視 投光威嚇 スマホ連動 遠隔操作可 Eseecloud対応 防犯対策の補助金を申請可","4415","103","100","251","¥ 38,990","","1","B0BZ4W731N","","38.9","27.9","18.6","4090"
"シンワ測定(Shinwa Sokutei) プロトラクター 直径320 2本竿 竿60cm目盛付き No.600 シルバー 62944","5427","59","","","¥ 43,838","¥ 43,838","21","B003HAT9IE","B09GRRK3WM","85","21","4","2080"
"ボッシュ(BOSCH) カットソー・マルチツール用ブレード32mm (スターロック・10枚組) AIZ32APB/10","4424","77","","523","¥ 17,300","","7","B07H2C9KBK","B0CFR37N37","15.5","4.7","3.1","260"
"créer ガレージマット ゴムマット [幅1m×長さ5m 厚さ3mm] 屋外 バイク ガレージ 滑り止め トラック ゴムシート","4429","82","100","146","¥ 5,680","","1","B0CHFS5RWF","","103","6","6","15000"
"TRUSCO(トラスコ) T型ラチェットタップホルダーM3-M10ロング TTR-10L","4433","43","","2","¥ 6,089","¥ 6,089","22","B002A5Q4KI","B09PBMZGH4","39","8.1","2.8","290"
"【2026年新型】SEESII レーザー墨出し器 グリーンレーザー 4x360° 16ライン フルライン 電量表示 2個大容量バッテリー リモコン操作","4434","72","50","189","¥ 9,800","","1","B0FK4PGSN2","B0GWCDJH2G","43.8","34.5","12.6","3100"
"アサヒペン 水性木材防虫ソート 14L ダークブラウン 塗料 ペンキ 木部用 艶消し 速乾 低臭 防カビ 防虫 防腐 防蟻 シロアリ対策 屋外用 日本製","5633","68","","60","¥ 9,634","¥ 9,634","18","B08KH3GCLQ","B0CP1CFSVD","35.5","25.3","24.8","15590"
"waitley互換BL1860マキタ 18V バッテリー6Ah 2個セット過放電カットオフ機能付き 6000mAh 大容量 マキタBL1830 BL1850 BL1860B BL1890対応 LEDデジタル残量表示マキタ純正充電器対応 製造物責任保険付 メーカーから１ 付き PSE認証済","4439","107","200","1282","¥ 6,941","","1","B09PLCMYB5","","29.7","10.2","10.1","1390"
"電動ドリル 電動ドライバー 【2026新登場＆1台3役】インパクトドライバー 電動ドライバー 小型 コードレス 21V 最大42N.m 25+3段階トルク調節 無断変速 2000mAh*2大容量 スピード調節 正逆転切替 LEDライト 23点豪華ドリル部品 延長アダプター 充電式ドライバー ネジ締め 穴あけ DIY家具組み立て 收纳ケース 日本語取扱説明書 (イエローブラック)","4440","0","","61","¥ 6,999","","1","B0HF8F7RSJ","B0HC1MWXRT","29","26","8.5","2100"
"HiKOKI(ハイコーキ) AC100V ディスクグラインダー G10SH7 トイシ径100mm 樹脂ボディ 細径Φ56mm スライドスイッチタイプ G10SH7 【ディスクサンダー】","4441","81","50","83","¥ 10,544","¥ 10,544","17","B0CCRS7NZS","B0CL289C5G","33.4","13.5","11.5","2350"
"COBIVI アタッシュケース アルミケース ジュラルミンケース 展示用箱 アタッシュケース スポンジ 工具箱 小型 工具収納 製工具箱 ブロッククッション付き 小物収納ケースボックス 30×21×10CM (黒, 44×31×15CM（鍵ロック）)","4441","53","","57","¥ 5,599","","1","B0GTX9ZJX9","B0D8J7P1J5","32","24","12","2500"
"アネックス(ANEX) オフセットアダプター 対辺19mm ソケット2個組(17/19mm) AOA-19S1","4452","63","","90","¥ 5,673","¥ 5,673","25","B013B7LC6Y","B09Z6JSB36","29.8","10.1","3","390"
"高儀 変速電動ポリッシャー EP-900SCA EARTH MAN 研磨 ワックスがけ 塗り込み 拭き取り ツヤ出し スピード調節可能 変速ダイヤル付 ハンドル 左右 付け替え可 AC100V コード長 5m たかぎ","4455","66","","245","¥ 11,772","¥ 11,772","12","B07BNF3LRJ","B0H295ZB81","32.5","31.9","17.9","3650"
"アイリスオーヤマ ホースリール 30m フルカバー EX JET 強力ジェット 4パターン散水ノズル付き 防藻ホース 巻き取り簡単 FHEXJ-15 ブラック","4456","61","100","7","¥ 7,020","¥ 7,374","3","B0GPKJ9MD6","B0GS9JBGW4","45.3","43.2","29.2","6280"
"ベジタウォール 漆喰 16kg （練り済み） 全9色 ホワイトアスパラ","4458","44","","101","¥ 8,800","","1","B00JWEO8R6","B00JWEO1H8","34","33","28","17560"
"パナソニック ワイヤレステレビドアホン(モニター親機+ワイヤレス玄関子機) VL-SGZ30","4459","135","100","797","¥ 18,109","¥ 18,109","30","B078HFRQNX","B078HRQQX4","27.4","21.1","5.6","860"
"ベッセル(VESSEL) トルクビットホルダー トルク管理 電気工事 ケース付き M3,M3.5,M4,M5,M6(0.7/1.1/1.4/2.6/4.6N・m) 5本組 TBH5S","4460","56","","4","¥ 10,046","¥ 10,046","3","B0H2HD9HP8","B0H3NJ6LJL","15.7","10","2.2","250"
"TRUSCO(トラスコ) スプレー用ロングノズル 300mm LN-300SUS ×20本【ケース販売】 シルバー","4467","43","","322","¥ 6,788","¥ 6,788","1","B09T9GNHRH","B09VDQ9MJH","36.3","24.1","8.4","412"
"晨陽小店 遮光ネット4M*6M 日除けシェード 屋外 農業 園芸用 コーヒー色 シェード高密度ポリエチレン 紫外線から守る ベランダ 窓 カーポート ルーフ ヤード パーティーなどに最適 サイズには 1M 2M 3M 4M 5M 6Mが含まれます","4469","55","","128","¥ 7,579","","1","B0CCYGNNHY","B0FGYC8ZRW","37.7","30.6","13.9","2190"
"ハート(Heart) ブロマックス5 25kg 除草剤 ブロマシル 粒剤 ジェネリック 笹 ススキ スギナ 頑固な雑草 宅地 空き地 太陽光","5206","66","","91","¥ 22,000","","1","B0DZSS9ZV5","B0FB3GVTL6","42","37","37","27000"
"サンカ ペグボード 持ち運びできるスチール製有孔ボード 卓上収納 マットブラック 大 マグネット対応 フック・ポケット付属ですぐに使える 持ち手付き フックがずれない 見せる収納 標準ピッチ幅 25mmなので市販のパーツも使用可能 有孔ボード 背面も使える 壁掛け可能 (幅45×高さ30cm) 黒 デスク 机 文具 キッチン コスメ おしゃれ SANKA PEG-4530BK","4725","42","","3","¥ 8,280","","1","B0CKBCNGHD","B0D495N4CX","46.8","36.5","9.3","2140"
"サインキングダム（Signkingdom）ペイントローラー スモールローラー 3インチ 中長毛 毛丈 13mm 200本入 マイクロファイバー DIY 塗装 防水 塗料 ペンキ 着替えローラー 塗装キット egb-rora3mm-20 (3インチ&200本)","4483","43","","35","¥ 21,800","¥ 21,800","2","B0DC6BHNYW","B0DC6F9L1T","47.5","39.7","27.5","4730"
"Bamworld ホイール付きプラントキャディ","4488","17","","1337","¥ 7,653","","1","B0DSPGFDG9","B0FY6F6HLS","34.2","31.1","10.3","1719"
"パナソニック 引きひも式 台所用金属製換気扇（羽根径25cm）Panasonic FY-25PM5","4489","106","100","439","¥ 10,280","¥ 11,934","13","B002B3TD7K","B085LVFPC1","42.7","41.5","16.9","4110"
"ハスクバーナ・ゼノア 刈払機アクセサリ 飛散防止ネットPro 584294601","4491","65","50","67","¥ 12,200","¥ 12,200","4","B07FHHKJ27","B07H5J179F","113","14","13","3000"
"マキタ 生垣バリカン 電源コード式 刈込幅400mm/切断径18mm MUH4002","4494","81","50","902","¥ 14,351","¥ 14,351","10","B07SQ5TSXD","B084T2PLB3","92","20","18","4000"
"【複数投函可能/ポスト一体型/大容量】 VARNIC 宅配ボックス 組み立て不要 屋外 大容量 宅配BOX 防水・防錆 防塵 盗難防止 戸建て用","4501","83","","649","¥ 21,980","","1","B0DDXFPBXT","B0DDXD6RCW","87","45","42","15000"
"TRUSCO(トラスコ) ディープソケット(12角) 差込角12.7 対辺26mm TS4-26WL × 10個 【ケース販売】","7516","56","","334","¥ 11,769","¥ 11,769","1","B0C4T34HD3","B09PBL6F3M","41.4","10.5","5.6","2908"
"HiKOKI(ハイコーキ) 18V 4.0Ah 薄型リチウムイオン電池 残量表示ランプ付 BSL1840M 0037-8677","4506","108","300","63","¥ 11,336","¥ 11,336","13","B0BT738N3K","","14.2","9.1","7.2","6300"
"花ごころ イチゴの土 12L×3袋","4509","60","","389","¥ 5,992","¥ 5,992","1","B09RMSGB4W","B0DVC43G5X","54","39","20","12250"
"高圧洗浄機 コードレス 充電式 小型軽量【最大9MPa強力噴射・自吸式給水対応】ハンディ高圧洗浄機 5in1多機能ノズル搭載 水道・コンセント不要 洗車 ベランダ 外壁 網戸 玄関 階段 ガーデニング用品の洗浄に対応 静音設計 コンパクト収納 収納ケース・日本語説明書付き","4512","62","400","58","¥ 7,780","","5","B0H3TVMHYX","B0HGQTDLP3","36.8","28.7","13.6","2430"
"DonGee 【6個セット】 マグネット フック 超強力 磁石付き 錆びない 耐荷重70kg 直径48mm 304ステンレス製 強力 磁石 防錆 取外可能 マグネットシート キッチン/オフィス/業務/浴室/室外/壁掛け用 (シルバー, 48mm 6個セット)","4513","23","","8","¥ 5,550","","1","B0GTQT6ZDC","B0GTQXX946","12","9","3","370"
"配線カバー モール 配線隠しカバー コード隠し ケーブルカバー PVC 柔らかい 難燃素材 燃えるのを防ぐ/通気性/絶縁/粘着式/完璧なフィット感 床用モール 配線隠しカバー 両面テープ コードカバー 溝の幅を広げる より多くの電線を収容する など配線整理用 宅環境に オフィス、倉庫、工場に適用, ブラウン-10M","7257","19","","126","¥ 8,999","","1","B0DHL73PTG","B0DHL5N1WD","42","42","3.5","1900"
"PYKES PEAK ポスト 壁掛け 郵便ポスト 郵便受け 屋外 防水 ダイヤル式 A4サイズ おしゃれ 大型 縦型 簡易ポスト 雨除け","4524","45","","144","¥ 5,382","","1","B0DJSGYTB2","B0DJSHDVN2","36.3","35.3","18.4","2530"
"3M ナイロン結束バンド 屋外用 長さ430mm 100本 NBO-430MM","4528","45","","1243","¥ 5,461","¥ 5,461","11","B004OCJHKO","B093NXN749","50.8","12.4","2.6","780"
"DEKO 汚水ポンプ 400W 水中ポンプ 底部入水式 排水ポンプ 最大吐出量 7500L/H 最大揚程5M 清水用 50/60Hz兼用 家庭用 電動 水耕栽培 ウォーターポンプ 水族館給水 散水ポンプ 日本語取扱説明書","4530","56","50","1046","¥ 6,980","","1","B0GKFTYZDN","B0H8RH8VT2","31.6","29.2","18.5","3500"
"【Amazon限定ブランド】電動剪定バサミ 2026年人気モデル 充電式剪定ばさみ 最大切断径40mm 4段階開き角度調整可能 ブラシレスモーター搭載 マキタ18V互換 3000mAh薄型バッテリー2個付 LEDディスプレイ搭載 切れ味良い剪定鋏 植木 盆栽 庭木/枝切り/果樹用 園芸用剪定用具 軽量 ケース付 日本語取扱説明書","4538","89","50","549","¥ 10,480","","1","B0DNHX4TRZ","B0HF7RRR18","33","26.5","9","2480"
"ISOTRONIC 3個入り 超音波鳥よけ 電池式 鳩 カラス 鳥対策 日本正規品 ベランダ 駐車場 庭用 70628(3)","4538","70","","1089","¥ 10,080","","1","B0BRWDN4XX","B0GSWPKV5S","20.2","14.2","8.7","640"
"XIAOME 遮光ネット ニング シェード UVカット 取り付けも簡単 バルコニー カーテン 庭 フェンス 日除けも風通しも両立 (コーヒー色) (4mx5m)","5203","19","","52","¥ 7,480","","1","B0H2MFLQDD","B0H2MDS9S7","15","10","10","60"
"イーバリュー(E-Value) ウレタンエアホース 内径6.5×外径10.0mm EAZ-030N 30m クリアオレンジ","4547","47","","360","¥ 5,043","¥ 5,043","11","B07GSL5S72","B07L6F9YFM","25.8","25","10.4","1800"
"ＩＴＡＮＳＥ スリット鉢 4.5号 50個セット 植木鉢 プランター 園芸用品 丸型 根腐れ防止 サークリング防止 根張り","8968","4","","1","¥ 7,580","","1","B0D9D2N7Z1","B0HCYF7255","38","21","21","1000"
"GOYOJO ソーラーパネル 400w = 200w×2枚 MC4コネクタ付属 【ISO 9001/RoHS/TÜV準拠】 単結晶シリコン・高変換効率 太陽光パネル IP67防水防塵&直列並列可&コンパクト設計 太陽電池モジュール 屋根/農地/キャンプ/車中泊/停電/防災用 日本語説明書付き 2枚入り","4553","77","50","95","¥ 22,070","","2","B0DZH5PKZP","B0HD6SY1QL","131","78","8","20500"
"水性XDエクステリアS ピニー 3.4L","4554","60","","22","¥ 11,228","¥ 11,444","11","B00K2PHSR6","B0D8684GXP","28","18.1","10.7","3906"
"NUIBBYED SDSプラスシャンク コンクリートドリル,ハード合金ドリルヘッド,掘削コンクリート、セメント、石、レンガのために (φ40x600)","4559","29","","79","¥ 8,550","","1","B0D4157CSK","B0D421ZSRL","61.9","5.8","4.6","3090"
"Boetpcr 互換 マキタ 18v バッテリー 充電器セット BL1860B 6000mAh容量 4個 マキタ 充電器 2口 DC18RD 付き BL1815N BL1830B BL1860Bなどに互換可能 電動工具用 BMS基板搭載 長寿命セル採用 LEDランプ残量表示 高耐久性 日本国内PSEマーク認証取得済み","4575","34","50","34","¥ 15,060","","1","B0FJLTXNK8","B0GJSYSTKN","26.1","18.8","16.4","3290"
"TOTIO 122CMx4M 幅広 リメイクシート 大理石シートシール ホワイト カッティングシート 白い大理石調壁紙シール おしゃれ 光沢があり 厚手 耐熱 防水 防油 防汚 防カビ 補修シート ダイノック シート 貼って 剥がせる壁紙 キッチンやバスルームの水はね防止シート DIYビニールウォールステッカー 装飾シート 張り替え 自分 で簡単","4578","36","","388","¥ 6,990","","1","B0DFXNVYYV","B0GVSW7GPK","123","4.3","4.3","1350"
"LED投光器 コンセント式 作業灯 ledワークライト 5Mコード 高輝度 三脚スタンド付き 100V アース付きプラグ 広角180度 IP67防水","4591","86","100","78","¥ 7,296","","1","B0DLWCXJXD","B0HBBG7ZKL","67","18","15","3400"
"SK11(エスケー11) ガストーチ スーパーリング ST-450R","4603","69","","10","¥ 5,568","¥ 5,568","11","B01IQVI60U","B07S8Q9KZW","21","6.6","6","340"
"タカショー 日よけ サンシェード 屋外用 クールシェード プライム ブラッシュウッド 1.8×3m CLS-30BWP","6077","69","","122","¥ 5,600","¥ 5,727","10","B0BVFMZBWL","B0F24MWYYC","40.9","32.3","11","1130"
"マキタ(Makita) 充電式マルチツール 18V バッテリ・充電器・ケース別売 TM52DZ 青","4612","103","200","464","¥ 24,183","¥ 24,183","17","B09NLPVNNR","","31.3","15.5","15.4","2000"
"Enelife マキタ 互換 バッテリー 18V シリーズ 3000mAh (1830B/T) 長寿命電池搭載 日本メーカー保証 残量表示機能 5億円製造物責任保険付 (1830B/T・二個セット)","4612","96","50","301","¥ 10,600","","1","B0BMV1V233","B0GRTXH9ZT","25.4","8.6","6.9","810"
"HiKOKI(ハイコーキ) 18V 充電式 草刈機 刈込径230mm 蓄電池・充電器別売 CG18DGA(NN)","4613","98","100","63","¥ 12,000","¥ 12,000","12","B0D3T5375K","B0DVSLW8GY","116","20","15","3150"
"Rurumi 有孔ボード T型 フック セット ゴム付き 厚さ 5.5mm ボード 対応 穴 ピッチ 25mm 穴径 5mm 専用 固定 止め 金具 パンチングボード 穴あき ボード ペグボード (5cm 100本セット)","4620","24","","157","¥ 8,880","","1","B095BSLHQF","B08SHCFKXK","23.6","14.1","10.4","1150"
"アカシア集成材 棚板 長さ1820 幅300 厚み15mm","10457","40","","264","¥ 6,492","¥ 6,492","1","B09GVPKWJR","B0B872FK6D","184","30","2.5","5380"
"OTUAYAUTO 1/2-20 ラグナット、ジープラングラー、リバティ、コマンダーの交換用。","5668","20","","195","¥ 7,068","","1","B0GGQ8NMTF","B0F9PB7KBS","17.1","12.4","5.4","1451"
"COVERONICS サイクルハウス 5台用 自転車置き場 屋外 バイクガレージ サイクルポート バイクシェルター 自転車 テント","4625","79","","85","¥ 13,850","","1","B0GRZJM49P","B0HFVCX98W","115.5","29.5","13.5","18580"
"アサヒペン カベ紙の上から貼れる生のりカベ紙貼り替えセット 幅92cm×長さ10m 947-RKN-13 生のり壁紙 道具セット付き カベ紙の上に直接貼れる 張り替え DIY 模様替え 白 ホワイト シンプル 防カビ シックハウス対策品 日本製壁紙","4631","63","","1","¥ 12,500","¥ 12,500","1","B0F1FP5VCR","B0F5FK89V4","103.5","17","16","6380"
"LEDテープライト 5m 高輝度 チューブライト 防水 リニア発光 シリコンチューブ 100V 曲がりやすい 切断 取付け簡単 間接照明 昼白色","4973","55","","8","¥ 5,724","","2","B0FQJX8SQX","B0FTS874GC","23","22.4","3","660"
"フジワラ化学 水系仕上塗材 珪藻土壁材MIX ハニー 10kg","5504","56","","768","¥ 7,107","¥ 7,107","6","B017L91M2M","B0BJDJPDRN","27","27","26.2","10640"
"リン酸鉄リチウムイオンバッテリー 12.8V 384Wh 30Ah LiFePO4 BMS内蔵 蓄電池 小型 軽量 魚群探知機 車中泊 サブバッテリー","4639","85","50","18","¥ 9,698","","1","B0GSFKLQN3","B0G39NGRQ5","21.3","20.9","10.9","3040"
"マキタ(Makita) 260mm充電式草刈機 ナイロンコード式 18V3Ah バッテリ、充電器付 MUR193DWF","4642","106","200","46","¥ 21,473","¥ 21,473","9","B0D65Z19JK","","119","28","13.5","5100"
"Jackery (ジャクリ) ポータブル電源 3000 New 3072Wh 大容量 3000Whクラス最軽量 2.5時間満充電","4643","73","50","70","¥ 197,890","","1","B0DWSL6GJ4","B0DZ1PG3BL","49.4","42.8","40.1","31200"
"シンワ測定(Shinwa Sokutei) カウントメジャー E10-S 75421","4644","58","","90","¥ 5,609","¥ 5,609","35","B001D7F0FY","B088BJF7DT","55","15","13","1450"
"WORKPRO プライヤーレンチセット 7&10インチ CR-V コンストラクションレンチプライヤー アジャスタブルパラレルスムースジョープライヤー ブラック仕上げ グルーブロック機構","4648","85","","1133","¥ 12,732","","14","B0CZ3BLCZ9","B0DQ29GCXN","28","6.6","4.4","771"
"HiKOKI(ハイコーキ) エアホース(高圧普及タイプ)5×10m 0088-8248","4650","77","","288","¥ 7,700","¥ 7,700","4","B00OHW28AW","B0CSDY1SD9","33.9","31.6","5.1","840"
"防災リュック 【防 災士監修・2026年改良モデル】 防災セット 簡易トイレ 寝袋 保存水 非常食 救急セット 多機能ライト 防災ラジオ 避難リュック 非常用持ち出し袋 地震 台風 豪雨 停電対策 家庭用 男女兼用 (ブラック)","4655","59","50","13","¥ 9,481","","1","B0GTTZMBTV","B0HFS1G4SP","40.5","35.9","25.3","4370"
"【箱売り】ハンディ・クラウン SPエクステリアペイント 平刷毛 75mm 12本入り","4664","60","","162","¥ 5,062","¥ 5,113","2","B0CTGWS9NQ","B0CTLP46LM","25.8","18.8","7","1060"
"RsBarter 人工芝 2m×5m ロールタイプ 芝丈 20mm 防草シート一体型 (双色春草, 2x05m)","4669","43","","249","¥ 12,111","","1","B0DR44NMP2","B0GWDGSJWF","200","18","18","13000"
"溶接機【革新機能・AI自動提案・1台4役・溶接専門家松本氏監修】半自動溶接機 最大出力160A 板厚12mmまで 100V/200V兼用 電気溶接機 LED液晶表示 ガス/ノンガスMIG/被覆アークMMA/LIFT TIG 定格使用率60％ 電流調整 電圧自動調整インバーター搭載 家具や雑貨DIY 簡単な修理 車両整備 家庭修理に最適 プロも初心者も対応 多機能 小型 日本語取扱説明書付き","4686","91","100","564","¥ 19,799","","2","B0FFY3JJLJ","B0HCMY92ZY","43.1","33.5","27.3","10240"
"JARDIN（ジャルダン） エアーコンプレッサー 30L 静音 オイルレス 0.8MPa 大容量 高速充填 コンパクト ハイパワー 100V 業務用 空気圧管理 車 自転車","4704","71","50","355","¥ 19,800","","1","B0CNJYK3BF","B0HFLWTLHN","58","55","25.5","22000"
"ソーラーパネル 100W 太陽光パネル 折りたたみ式 PD45W QC3.0急速充電 USB-C/USB-A/DC出力 Anderson/XT60 ケーブル付き 携帯 太陽光発電パネル ソーラーチャージャー ポータブル電源用ソーラーパネル 防災/停電対策/キャンプ/車中泊/非常用ソーラー充電 iPhone&Samsung各種対応 薄型 軽量 持ち運び便利","4707","73","50","45","¥ 11,021","","1","B0DRYM89G9","B0FCF62MHF","41.5","30.9","8.9","3170"
"高儀(Takagi) EARTH MAN 卓上ボール盤 BB-300A 穴あけ 5段階変速 深さ調節可能 バイス付 たかぎ TAKAGI","4713","53","","157","¥ 27,981","¥ 27,981","12","B01M4NTW3Z","B0FQV6HL14","60.5","34","28.7","23520"
"【1本2役・8インチ高枝チェンソー・ハンディチェーンソー】SEESII 8インチ充電式電動チェーンソー ブラシレスモーター 切断径200mm","4714","68","200","1215","¥ 8,900","","1","B0GYDXJK28","B0H1CJ2YML","50","25","9.5","4170"
"MYGRAPHY パンチングボード マグネットボード 有孔ボード 磁石対応 壁面をどこで収納空間に 厚さ1.5cm 丈夫で頑丈 フック取り付け可 デスク周り キッチン 配線の整理 工具収納 DIY 飾り収納 見せる収納 (幅50x奥行1.5x高さ70cm) ブラック ホワイト グレー 黒 白 灰マット質感 金属板 パネル メッシュ ボード ケーブル 韓国製","4716","17","","68","¥ 5,860","","1","B0CV7WW3JY","B0CV7W88WM","71","51","6","3390"
"HiKOKI(ハイコーキ) 14.4V リチウムイオンバッテリー BSL1460 6.0Ah 0033-8886","4717","99","100","254","¥ 10,873","¥ 10,873","18","B0157HNGWY","","10.4","8.5","7.6","570"
"アスミックス 金庫 SB200 A4 ダイヤル錠 アイボリー 安心保管ボックス スチール 253×360 衝撃緩和 ワイヤー付き 取手 持ち運び 小型","4719","90","100","371","¥ 5,055","¥ 5,055","20","B01JJ2SD3U","B01NBDFBOY","36.2","26.4","12","2880"
"【原興業】スクリーンマスカー 遮光シート (黒) 1100mm×20m 日本製 特許取得済み 簡易暗幕 背景布 遮光マスカー SM-BL-1100-20 （10セット）","4723","48","","82","¥ 21,000","","1","B0C5N1BJZJ","B0C5N5FFHV","32.6","32.4","27.7","7820"
"【家電批評ベストバイ2冠受賞・一台多役】電動インパクトレンチ Vinelea インパクトレンチ 充電式 タイヤ交換 無段変速 正逆切替 大容量7500mAh*2 ブラシレス モーター搭載 最大トルク1200Nm コードレス ナイールナットの締めつけ ジャッキアップ 車用 自動車の修理 ナットの締め付け ボルトの緩み 過負荷・過熱・放電保護 家具の組立て LEDライト付き 軽量 日本語取扱説明書付き","4734","19","","12","¥ 8,999","","1","B0HBW7GR9K","B0H8CXX2ZJ","36.8","30.4","11.8","4240"
"シンワ測定(Shinwa Sokutei) JCSS校正証明書付 製品 ピックアップスケール 30㎝ ※必ずギフトの設定をして下さい 19023","4737","25","","","¥ 14,064","¥ 14,064","2","B0C69HB6TG","B0C7V1QVGV","34.5","3.5","1","70"
"TAKUNE 6点組トルクレンチセット 6.35ミリ 2-26Nm・9.5ミリ 5-60Nm・12.7ミリ 40-230Nm 車・バイク・自転車","4740","14","","3","¥ 12,999","","1","B0H6ZMQ4S3","B0G1M956CH","44.6","19","7.2","3480"
"メイカーズ デジタル電動ドライバー コードレス ディスプレイ搭載 3段可変トルク 手動12N.m 誤動作防止 ビット6本付属 SD-FA-2000L","4741","93","400","303","¥ 8,880","","1","B0FWBN6TBQ","","18.3","11.4","5.2","390"
"【農業、建築、全対応。丸型】【1トン】 ONE STEP フレコンバッグ トン袋 ネット付き フレコンバック 土のう袋 土嚢袋 農作業 工事現場 土木 (①【10枚セット】)","4742","69","50","103","¥ 7,480","","1","B08P2JVHB4","B0FDQ7RSMQ","95","40","18","13000"
"CO2モニター マーベル001 二酸化炭素濃度測定器・温湿度計付き 高精度 光学式NDIRデュアルビームセンサー換気対策 感染症対策","4761","102","100","98","¥ 6,200","¥ 6,200","6","B07C4JQRYG","B0DT937B1M","24.4","15.3","6.2","390"
"【8V電動ドリル付き】126点組 工具セット ツールセット 工具 日曜大工 DIYセット ドリル 電動工具セット 家庭用 ホームツールセット 家具の組み立て 住まいのメンテナンス用 大工道具セット 便利な収納ケース付き ターコイズ","4762","60","50","240","¥ 6,980","","2","B0F3CJ69HJ","B0H4F9RHF5","31.5","25.8","9","3240"
"【Amazon.co.jp限定】 HiKOKI(ハイコーキ) 36V 充電式 セーバソー レシプロソー CR36DMA 電動ノコギリ 初回修理保証(1年間) バッテリー・充電器・ケース・ブレード別売 CR36DMA(NNN)","4766","67","100","17","¥ 20,900","¥ 20,900","1","B0GRV4KLDY","B0GTJ4QCX8","37.2","25.4","11.8","2640"
"LIXIL(リクシル) INAX ホース引出式シングルレバー混合水栓 節水 省エネ RLF-682Y 一般地用 水栓 洗面 シャワー水栓 水道 蛇口 混合栓 交換 洗面リフォーム","4767","98","50","360","¥ 18,531","¥ 18,531","13","B010SKEXKO","B0HFJKQYRD","52","24.5","8.5","4800"
"YOIbuy PRO 充電式 振動ドライバドリル 18V 互換 ドリルドライバー 高出力 ブラシレスモータ搭載 maxトルク70Nm 振り回り保護機能（APC機能）搭載 ターボモード付き Max回転数1950rpm 振動ドリル機能付き 20段クラッチ付き（バッテリ・充電器別売）YVD70-P11","4769","63","50","115","¥ 7,199","","1","B0F3J4QYNH","B0G4NWVZF4","26.2","22.1","9.5","1510"
"Walensee ポールソー 木の刈り込み用 7.2~27フィート 手動式木剪定ばさみ 8つの断面ファイバーグラスポール付き 鋸刃 剪定はさみヘッド 調節可能な枝カッター 庭庭用 収納バッグ付き","4773","82","","2311","¥ 45,229","","2","B0CN6LFQWB","B0BHRBSXHH","99.7","27","9","6650"
"マキタ 充電式マルノコ10.8V青 刃径85mm/切込25.5mm バッテリ充電器・ケース別売 HS301DZ","4775","94","50","1880","¥ 10,202","¥ 10,202","13","B017AQXYO0","B088MRFP51","30.6","23.8","19.9","1770"
"GARDENA(ガルデナ)首振式スプリンクラー AquaZoom コンパクト 18708-20 製品保証:最大5年","4793","82","","3897","¥ 9,230","¥ 9,629","5","B07YSTGP17","B07WSZM4KY","29.6","26.8","8.9","590"
"RsBarter 人工芝 1m×10m ロールタイプ 毛足10mm 防草シート一体型 (軍緑1X10m)","4795","62","100","76","¥ 5,048","","1","B0FGD1SC6Y","B0FGCFJ6ZB","101.5","16.2","16.2","8790"
"配線カバー モール 配線隠し ケーブルカバー PVC 柔らかい 難燃素材 燃えるのを防ぐ/通気性/絶縁/自己接着/完璧なフィット感 コードカバー 両面テープ モール 配線カバー 床 粘着式 溝の幅を広げる より多くの電線を収容する など配線整理用 屋外環境に最適 (白, 10M)","5578","35","","289","¥ 6,799","","1","B0CSN4LFVJ","B0CSNNXQ84","40.7","38.1","3.3","1590"
"マキタ(Makita) 330ミリ充電式芝刈機 18V バッテリ、充電器別売 MLM330DZ 青","4800","105","200","211","¥ 25,176","¥ 25,176","11","B09WY7R1BR","","72","39","37","14200"
"強力 ステンレスチェーン SUS304 ビクターチェーン 鎖 雑用チェーン ペット 侵入防止 飼育 DIY 固定2mm 3mm 4mm 5mm 6mm 8mm (6mm 10m)","4802","79","","362","¥ 29,999","","1","B0DBPKCKBX","B081KSHXY9","21.9","16.6","11.4","6570"
"マキタ(Makita) 充電式レシプロソー 18V 3.0Ah 本体のみ JR184DZ","4808","109","100","1183","¥ 14,064","¥ 14,064","18","B00FRXJ510","B0BCJZ5PTF","41.8","16.7","9.2","1450"
"電動剪定ばさみ【山本造園会社監修・600W高出力】45mm切断 ブラシレス 2段階開口 マキタ18V対応 電池×2 LCD表示 替刃付 PSE認証","4809","34","","851","¥ 16,999","","2","B0FG2BVY1V","B0HB5V6LCB","36.5","30","10.7","3040"
"YIALO 物置 屋外収納ボックス 大型 収納庫 980L 大容量 防水 耐候 幅172*奥行81.1*高さ85.5cm(ブラック)","4810","71","","51","¥ 41,279","","1","B0FD45Z8D9","B0G354ZV65","191.5","87","17.5","37800"
"LEDテープライト 30メートルx1ロール RGB 音楽連動 LEDテープ 1600色調光調色 タイマー機能 LED strip light テープ間接照明 オシャレ テープライト 防水","4819","43","","1902","¥ 5,408","","1","B0DJ2FZP4Q","B0B1M3LH24","29","28","3","1000"
"VOICE レーザー墨出し器 5ライン グリーンレーザー Model-G5 三脚セット レーザー 4方向大矩ライン照射モデル アプリからの遠隔操作 タッチスイッチ","4822","64","","15","¥ 43,800","","1","B0CJFC4LPB","B0CJF38Y5Y","73.7","44.9","34.9","6200"
"【Amazon.co.jp限定】HiKOKI(ハイコーキ) 18V 充電式 ドリルドライバー DS18DD 初回修理保証 バッテリー2個・充電器・ケース付 DS18DD(2BG)","4830","89","100","342","¥ 20,900","¥ 20,900","1","B09V49R36P","B0HG97MZMB","37.7","27.8","9.9","2920"
"マキタ(Makita) １００ミリ ディスクグラインダ M966","4832","99","100","74","¥ 6,040","¥ 6,040","5","B07RC7FW3Y","","33","13","12","2020"
"トラスコ中山(TRUSCO) 袋ナット ステンレス M5×0.8 34個入 B400005 x 10パック x 【ケース販売】","7033","50","","191","¥ 6,081","¥ 6,081","1","B0C4XKSMS7","B09NWM2WKF","27.5","15","6.5","614"
"【Amazon 限定ブランド】タイルカーペット ジョイント マット 【30x30cm 厚さ4mm】 40枚 フローリング HDMOD タイルカーペット大判 吸着マット 防音 カーペット 滑り止めマット 床の保護と装飾 ずれない タイル フローリング カーペット ペット（ライトグリーン＆オフホワイト）","4846","29","","311","¥ 5,184","","1","B0DCG15BRJ","B0DG5LFM44","34.7","32.1","17.7","2240"
"マキタ(Makita) 充電式ファン（オリーブ） 40Vmax 本体のみ/バッテリ・充電器別売 CF001GZO","4848","64","100","54","¥ 9,660","¥ 9,660","13","B09697FLYN","","46.9","34.7","15.3","2710"
"【Amazon.co.jp限定】 HiKOKI(ハイコーキ) 36V 充電式 マルチツール CV36DMA スターロック対応 軽量2.0kg ワンアクションブレード交換 マルチカッター 初回修理保証(1年間)付 バッテリー・充電器・ケース・アクセサリ別売 CV36DMA(NNN)","4854","67","200","16","¥ 19,900","¥ 19,900","1","B0GS11B5K4","B0HFFKJB57","34.8","13","10.1","1280"
"マキタ(Makita) 集じん機用ホース φ28-5.0m (電動工具接続タイプ) A-34229","4855","53","","470","¥ 5,305","¥ 5,305","10","B00GJ0OM2W","B07DBZZ6M6","53","52.2","9.4","1280"
"デウォルト(DEWALT) 角型バッグ 撥水 撥塵 耐久性 収納ケース ツールバッグ 収納BOX 工具箱 道具袋 鞄 DIY ストレージ DWST60104-1","4857","64","","29","¥ 7,764","¥ 7,764","15","B0CK8MLL2S","B0DK6Y9DQ5","62.4","38.8","26.2","2450"
"ノーリツ 台所専用 小型湯沸器 5号給湯タイプ プロパンガス用 GQ-551MW 屋内壁掛形 プッシュレバータイプ","4865","98","100","57","¥ 22,301","¥ 22,301","6","B0DBT4W87T","B0DGQ1B5LS","48","32.9","21.3","6230"
"スターエム 6-490 兼用ビット 49mm","4865","78","","256","¥ 12,406","¥ 13,197","12","B0029F1850","B07VLZDRK5","26.1","9","7.4","740"
"フローバル プロスタイルツール ブルーライトホース 50mm×50m PBLL-50-50 送排水・給水","6670","52","","13","¥ 6,084","¥ 6,084","5","B0833RV73C","B08351T16C","41","40.6","9.3","12650"
"ハスクバーナ・ゼノア 手斧 スウェーデン製 576926401 カバー付き 長さ38cm","4879","106","100","3888","¥ 6,109","¥ 6,109","11","B00HC077GQ","B0CNNKTSKR","40","17.6","3.5","1080"
"TOMOYASU メタルタイル シニオン 磁石がくっつくステンレスパネル 10cm×20cm アリスブルー 10枚 1ケース C-F-1","4882","71","","111","¥ 7,566","","3","B0C3TCJHQF","B0CHLSZLMX","20.5","10.3","1.9","450"
"【Amazon.co.jp限定】LIXIL ( リクシル ) INAX 浴室用サーモスタット付シャワーバス水栓 BF-KA145TSG-AMZ (ハンドルメッキ・エコフルシャワー) 一般地用","4885","105","100","299","¥ 19,800","¥ 19,800","1","B0B3X8M39V","B0HFJLT3MZ","34.2","22.1","12.2","2490"
"フジ矢(Fujiya) アルミケーブルカッター (軽量アルミハンドル) 500mm 600-500","4887","83","","579","¥ 8,597","¥ 8,597","36","B001PR1M8Q","B0842ZRJHL","59.2","16.6","1.2","1179"
"12.8V 1280Wh 100Ah LiFePO4リン酸鉄リチウムイオンバッテリー 内蔵半固体リン酸鉄バッテリー G24サイズ","4890","36","100","9","¥ 21,840","","1","B0FD3RBTXM","","27.5","26","18","9800"
"COYXiCE エアーホースリール 20m 自動巻取式 自動巻き上げ 壁掛け 吊り下げ 天吊可能 180°回転可能 持ち運び使える 伸縮式スプリング エアホース 外径φ12mm×内径8mm 最高使用圧力12kgf/c 空気圧工具 ブラケット付 エアーコンプレッサー エアータッカー エアーダスター エアードリル エアーグラインダー 日本語説明書付き - グレー","4890","48","50","35","¥ 9,599","","1","B0FHBPVBVJ","B0FNDJJ9VQ","42.8","36","17.3","6680"
"アルチザンツール 【日本ブランド】電動インパクトドライバーバッテリー付きセット 3000mAh AT-ID01B 18Vバッテリー式 180N·m ブラシレスモーター採用 無段変速・正逆転 LEDライト電動ドライバー 軽量 小型インパクト ネジ締め DIY 日曜大工 家具の組立て 即使用可能フルセット マキタ互換品","4893","79","","31","¥ 6,460","","1","B0DPY5K8WX","B0F9F1GZQM","22.4","20.4","8.6","1740"
"マキタ(Makita) 充電式噴霧器 肩掛式 5Lタンク 18V バッテリ・充電器別売 MUS054DZ","4899","98","100","151","¥ 15,756","","17","B099RJTC2K","","43.9","39","24.3","4150"
"[fotiwa] 2026暴風新登場 業界超強62V出力 ファンバッテリーセット 50400mAh大容量バッテリー 作業服対応 外仕事 夏用 暑さ対策 急速充電器付 PSE認証済 熱中症予防 [日本国内ブランド正規品] (62V-50400mAH)","4900","68","100","29","¥ 8,980","","1","B0H36SC9L1","B0HDNY4WM9","27.2","21.6","5.4","1070"
"備えて安心 20点 防災基本セット 1人用 20種類・合計30点入り 24時間対応 保存水 非常食 緊急トイレ ランタン (ブラック)","4903","60","50","385","¥ 6,450","","2","B09YP69LZY","B0CVMYQZZG","35.9","26.1","15.2","3010"
"岡恒(Okatsune) 刈込鋏 60型","4913","77","","798","¥ 5,996","¥ 5,996","25","B001Y4ZR9K","B0GCNCFGFF","77","20","3","1040"
"高儀 卓上丸鋸 190mm TM-190A","4917","70","50","396","¥ 9,420","¥ 9,420","9","B012RFHSZK","B0DYJTP1MM","46.9","28.5","28.2","5950"
"ガーデンマスター(Gardenmaster) 郵便ポスト 置き型 屋外 防水 スタンド型 郵便受け 幅35.5×奥行24×高さ99cm YTX0055-1 ホワイト/木目調","4919","67","","270","¥ 12,032","¥ 12,032","2","B0D13T1VV5","B0D1QXPX6S","56.7","47.4","36","10400"
"LIXIL(リクシル) INAX 浄水器内蔵キッチン水栓 浄水カートリッジ エコハンドル 省エネ ハンドシャワー シャワー切替 節水 上面施工 お掃除台座 キッチンリフォーム RJF-871Y","4921","60","","135","¥ 15,900","¥ 17,019","9","B06W5WVW78","B0HFJNQHJ4","41.1","28.2","9.1","1590"
"CallToU Caregiver Pager Wireless Call Button Nurse Alert System Help Button for Home/Elderly/Patient/Disabled Attention Pager 500+ Feet 1 Plugin Receiver 1 Waterproof Transmitter","4931","91","","3466","¥ 10,192","","4","B078BQKT23","B0GWCX8MYG","9.8","8.8","7.7","118"
"千吉(Senkichi) 高枝切鋏 軽量三段伸縮高枝切鋏 1150~2400mm SGLP-15 レッド/シルバー","4937","73","","34","¥ 5,410","¥ 5,410","10","B09RZCKFM9","B0GVDFYP2B","121.7","10.6","2.8","1000"
"電動剪定ばさみ【山本造園会社監修・2026新モデル】50mm切断 18Vブラシレス 3段階開口 マキタ18V対応 4000mAh電池×2 PSE認証","4942","50","100","164","¥ 26,999","","2","B0GZKJNF8M","B0HF54YGNF","36.4","30.7","10.4","3730"
"DetarZinLED ソーラーライト 屋外 ガーデンライト IP68防水 30LED 暖色 ソーラー 屋外 階段ライト 庭 ライト 太陽光パネル充電 自動点灯/消灯 玄関先 庭 通路 車道 芝生 駐車場に最適 （6個）","4953","55","","412","¥ 5,980","","1","B0GXFWJ3HQ","B0DSBFPZYC","15.9","13.4","5.7","680"
"トラスコ中山(TRUSCO) 三相200V延長コード5m T4P20AW5","4956","58","50","96","¥ 7,591","¥ 7,591","22","B002A5XNUM","B09PBNL4FQ","28.7","28.2","7.1","1501"
"ミストシャワー 屋外 直角アダプター付き 自動散水セット ホース 灌漑システム 噴霧ノズル 散水ノズル 芝生 水やり 家庭園芸 熱中症対策 省エネ 屋外冷却システム適用 (30M)","4958","70","50","119","¥ 5,499","","1","B0FDR5RP33","B0H8WQS7RH","25.1","22.4","7.3","1000"
"和信ペイント(Washi Paint) 水性 木部保護塗料 クレオパワー 14kg クリヤー 800505 防腐 防虫 防カビ 防蟻 日本製 4965405162127","4962","46","","278","¥ 7,669","¥ 7,669","9","B07BBB8C8C","B07FLZZHHR","36.2","25.7","24.6","15400"
"大和電器 感震ブレーカー 震太郎 【品番】X5029","4979","101","200","165","¥ 8,800","","14","B077ZQR97S","","11.8","8.1","5.6","140"
"工進(KOSHIN) 浄化槽用 エアーポンプ コーシンブロワ AK-100","5611","37","","8","¥ 49,800","¥ 52,849","18","B0045GX6LA","B077D1T2L1","53","28","27","10550"
"トラスコ中山(TRUSCO) バール 250mm 釘抜き、テコ、ハガシ作業に 5本 【ケース販売】 TB-250","4985","50","","469","¥ 7,231","¥ 7,231","1","B0C4THTX65","B0CBTDBNQV","26.4","16.5","5.2","1560"
"マキタ(Makita) 400ミリ充電式生垣バリカン 18V バッテリ・充電器別売 MUH407DZ 青","4989","61","300","518","¥ 13,811","¥ 13,811","17","B09WV9VQMY","","82.5","20","20","3500"
"工進(KOSHIN) 清水用 水中 ポンプ YK-525A AC-100V 50Hz 口径 25mm フロート スイッチ 自動 運転 水道ホース 内径 20mm 25mm ホース 使用可能 排水 散水","4990","83","","84","¥ 12,500","¥ 13,052","22","B01FLZVHBO","B077D1SFKG","30.9","23.1","19.3","4666"
"MOCINE 100mm 丸型 スマート換気扇 温湿度センサー自動運転 リモコン・タイマー付き 3 段階風量 静音設計 強力常時換気 IPX4 防水","4995","46","","66","¥ 6,499","","1","B0GTTWMFRH","B0GWJNKH3Z","17","16.8","13.9","800"
"MEIKEE【200W 超薄型 2個セット】LED投光器 作業灯 超高輝度 昼光色 6500K 20000LM 省エネ 豪雨対応 IP66防水 2000w相当 5万時間点灯可能 13年間耐久度 省エネ 120°広角 看板灯 駐車場 ガレージ 体育館用 倉庫照明 ナイター 船舶 作業 夜間工事 屋内/屋外 日本語取扱説明書付き PSE認証済み","5000","75","50","65","¥ 7,557","","1","B0CSG22LG8","B0HC9XHMKF","39","24.5","7.6","3280"
"ユタカメイク 養生クッションマット 1.8m×2.7m B-908 引っ越し 床養生 緩衝材 梱包","5016","35","","280","¥ 5,227","¥ 5,227","20","B00ABDA1JQ","B073311XQL","80","70","18.4","2500"
"サンデーペイント 水性FRP・プラスチック用塗料 ミズイロ 1.6L","5017","27","","550","¥ 5,300","¥ 5,485","9","B0095DKPS0","B0756FKKB2","16.3","14.7","14.4","2210"
"Chuqisheji 遮光ネット 5m*10m 日除けシェード UVカット 暑さ対策 防塵 園芸用品 農業用品 窓 ベランダ 屋根 ヤード 廊下 カーポート 2m 3m 4m 5m 6m 7m 8m 9m 10m 高密度ポリエチレン製 ラックブルー (5*10m)","5020","57","","138","¥ 9,290","","1","B0DZGRKQ6V","B0F7WJTYKK","51","40","16","4600"
"川口技研(Kawaguchigiken) 室内用物干し ホスクリーン SPCS-W ホワイト 2本組","5026","101","100","427","¥ 5,657","¥ 6,316","14","B00KS10FSI","","32.3","7.6","5.4","610"
"SANEI(サンエイ) 排水部品 U管 金属製トラップ用 パイプ径38mm H70-67-38","5030","55","","123","¥ 5,733","¥ 5,733","13","B004XXP3SE","B0764B2TNZ","18.1","12","5.4","354"
"DEKO 汚水ポンプ 400W 水中ポンプ 底部入水式 排水ポンプ 最大吐出量 7500L/H 最大揚程5M 清水用 50/60Hz兼用 家庭用 電動 水耕栽培 ウォーターポンプ 水族館給水 散水ポンプ","5031","54","","786","¥ 6,380","","1","B0DXP76NKB","B0H82C78CC","31.4","22.1","18.8","3490"
"パンドウイット Cat5e モジュラープラグ MP588-C","5038","94","100","166","¥ 7,280","¥ 7,988","25","B002WT59DK","B0C6S432NB","10.6","8.5","6.4","190"
"人工芝 ロール 1mx10m リアル感 芝丈30mm 高耐久 透水タイプ 防草シート 24本ピン付き ラッシュグリーン (1×10m)","5039","60","100","359","¥ 7,649","","1","B0CCCTKV8D","B0CCCTLRD9","105","28","28","19710"
"OREGON(オレゴン) ジェットフィット 2本タイプ 111110","5047","111","100","1405","¥ 5,285","¥ 5,285","11","B002X3EGK2","B08HMY3QRZ","28.7","18.7","4.9","560"
"【最強の超爆光・超薄型】SUKITEN 投光器 led 屋外 作業灯 500W 55000lm 極薄型 IP66防水","5051","87","50","26","¥ 11,247","","1","B0CS65G8S8","B0GMGD56R2","41.7","33.1","7.4","2940"
"【2年連続雑誌掲載】SENUN ソーラーライト ソーラーランタン ガーデンライト 屋外 吊り下げ 防水 暖色 電球色 自動点灯 6個セット","5059","20","","469","¥ 8,280","","1","B0CLDC76XM","B0CM9HWJ3Z","42","29.4","17.6","3980"
"EENOUR インバーター発電機 GS2000i-B カセットボンベ式 定格出力1.5kVA 防災製品等推奨品 正弦波 防音型 PSE認証 扱いやすい 軽量 静音 カセットガス発電機 ポータブル発電機 AC/DC/USB出力 並列運転 50Hz/60Hz切替 過負荷保護 オイル不足警告 停電 地震 DIY 車中泊 キャンプ イベント 災害時に大活躍","5061","69","50","409","¥ 85,405","","1","B0CJ2TD1C6","B0GWPCLMYX","53.8","48.1","32.2","17570"
"アサヒペン NEW水性インテリアカラー浴室カベ用 5L 白 塗料 ペンキ 室内 壁用 ツヤ消し 1回塗り 無臭 防カビ 低VOC シックハウス対策品 日本製","5062","46","","277","¥ 7,680","¥ 8,016","17","B00JTLHPN6","B0H2TG1DMK","24.2","24.2","15.7","7920"
"トラスコ中山(TRUSCO) 六角穴付皿ボルト 全ネジ B730306 黒染め M3×6 60本入 x 10パック x 【ケース販売】","7213","50","","","¥ 7,263","¥ 7,263","1","B0C4SYXTWH","B09PBN7W4B","32.6","15.3","8.9","470"
"トネ(TONE) T形スライドハンドル 415 差込角25.4mm(1"")","5067","32","","272","¥ 9,632","¥ 8,902","12","B000TGCS1E","B08N6V24C5","66","8","4.5","3760"
"互換マキタ 18V バッテリー BL1860B 二個セット 18v バッテリー 互換 マキタ 6000mAh 対応 BL1830 BL1840 BL1850 BL1860 BL1830b BL1840b BL1850b リチウムイオン 電池 LED残量表示付き 電動工具用 マキタ互換 PSE認証済 ブルー","5084","75","100","2470","¥ 5,749","","1","B0FJY6X2BT","B0FWRL969C","18.3","12.8","8.7","1200"
"シンワ測定(Shinwa Sokutei) 三脚 ハンドル式 エレベーター C 軽量 強化タイプ 76866","5090","72","","24","¥ 6,391","¥ 6,391","25","B0767M6F45","B088KCQG1N","60","12","12","2000"
"光(Hikari) 光 アクリル板 650×1100 A000-5L 透明","5096","51","","538","¥ 9,220","¥ 9,220","13","B00AO17PZS","B01N4E5CLY","110.3","65","1.2","4350"
"ハンディ・クラウン 布コロナマスカー 幅2100mm×長25m (30巻入り)","5099","18","","100","¥ 23,844","","1","B00HEWJFXA","B00UUO3N14","44","36.2","27","16600"
"金属用切断砥石(鬼の刃)KINOHA 150×1.2×22 3箱（30枚入り）","5105","53","","4","¥ 7,450","","1","B0BR3H8CX5","B0BWK4MSJD","16.7","16.2","9.6","1700"
"ヤマトプロテック 粉末（ABC）消火器 【蓄圧式】 6型 FM2000X","5109","72","","1199","¥ 5,300","¥ 5,300","6","B005S8EDXY","B0828QHZS7","46.6","16","12.9","4100"
"Jackery (ジャクリ) ポータブル電源 300D 288Wh リン酸鉄 長寿命 合計300ＷのDC出力 車中泊 家庭用 蓄電池 停電対策 台風対策 節電対策 防災対策 ジャクリ","5111","123","500","121","¥ 21,240","","1","B0FX97R8XR","B0FX9WHLF5","25.9","16.9","16.9","2940"
"【Amazon.co.jp限定】 HiKOKI(ハイコーキ) 18V 充電式 セーバソー レシプロソー CR18DA 電動ノコギリ 初回修理保証(1年間) バッテリー・充電器・ケース・ブレード別売 CR18DA(NNN)","5113","87","200","11","¥ 13,900","¥ 13,900","1","B0GRTQJGG2","B0HDCX2FQQ","37.6","19.5","11.2","1610"
"充電式 草刈り機【2026年強化版】18vバッテリーを対応 ブラシレスモー 刈刃径最大230mm 残量表示 コードレス 電動草刈機 3種類の刃と替刃 伸縮式129-160cm 角度調整、3.0Ahバッテリー2個、折りたたみ式 草刈り機 脱着式補助輪、ハンドル90°調節可能 肩掛けバンド付 多機能刈払機 軽量 低騒音 女性でも簡単 除草 雑草 芝生 畑 庭作業 農業 園芸 家庭用 日本語説明書付き","5122","71","100","38","¥ 13,204","","1","B0GRMYKSQM","B0H14X1LHZ","71.2","39.4","18.9","5040"
"カンペハピオ(Kanpe Hapio) ペンキ 塗料 油性 つやあり シリコン樹脂 多用途 超速乾 さび止め剤入り トップガード キャメルイエロー 3.2L 油性塗料 日本製 00017640751032","5542","60","","231","¥ 5,589","¥ 6,474","7","B00EC46P0E","B0BW36XKVT","21.3","16.5","16.3","4290"
"DEPSTECH ミニルーター 8V 充電式 コードレス 30000RPM高速回転 5段変速 127個アクセサリー 電動 リューター DC08","5141","81","100","2532","¥ 6,392","","1","B0CB8JXYJK","B0GXK9NX5H","26.6","20.4","8.7","1300"
"【防犯のプロ監修】 盗聴器発見機 日本ブランド 盗聴器発見器 盗撮カメラ発見器 gps発見器 BeneVie ４機能搭載の業務用モデル","5142","78","100","77","¥ 6,980","","1","B0DKMJ9896","","20","9.2","4.2","240"
"トヨックス 工場設備配管・各種機械配管用 トヨロンホース 内径6mm×外径11mm 長さ40m TR-6-40","5807","63","","1","¥ 11,222","","5","B08VNMD98F","B09NLGS7Z8","66","55","17","3400"
"【マイベスト 高圧洗浄機ランキング 選出 2026年6月度】京セラ(Kyocera) 旧リョービ 高圧洗浄機 AJP-2030 668300A オレンジ 【ガン・ホースが工具なしで接続できる静音・小型タイプの洗浄機】 最大許容圧力10MPa 柔らか高圧ホース6M 節水 ミドルモデル 自吸も可能","5143","105","100","153","¥ 17,600","¥ 22,200","20","B09R3QX6FR","B0H3SZH24G","43.5","31.5","29.2","7740"
"Waitley マキタ 互換バッテリー 18V BL1830B 3.0Ah2個 カットオフ機能付き過放電過充電保護 マキタ18v急速充電器対応","5144","61","200","28","¥ 5,898","","1","B0FLR3J71V","","15.4","12.5","8.8","790"
"メルテック(meltec) ミニエアーコンプレッサー 小型|軽量 (自動車/バイク/自転車) 最高圧力800kpa DC12Vクリップ Meltec FT-35P","5144","80","","230","¥ 12,648","¥ 12,648","9","B002P6ZG1A","B0FL6PHPTF","34.8","29.8","18.4","5740"
"【2026新型】ミニチェーンソー 8インチ電動ノコギリ、ミニコードレスポータブルバッテリー駆動チェーンソーセット、高齢者向け、ガイドバー2本、チェーン2本、バッテリー2個付属、樹木剪定用（8インチ）","5158","14","50","6","¥ 5,399","","1","B0FSK9J5F6","","46.8","22.5","13.4","2940"
"ottostyle.jp チェーンスタンド 駐車場ポール ウエイト注水式 【ホワイト / 5本セット】 駐車禁止や人の誘導 車庫 店舗 ガイドポール 7.0mチェーン 反射テープ 付属 組立簡単","5163","73","50","109","¥ 7,580","","1","B09NZSWJNK","B09RMRSQ5H","84","29.3","27.6","3630"
"BURTLE バートル エアークラフト 2026年モデル 30Vマットブラックバッテリー AC10 78 (バートルオリジナルステッカー付き限定モデル)","5164","77","100","11","¥ 12,754","¥ 12,754","1","B0GQLGNDM7","B0GQL8B5C9","16.4","14.6","7","580"
"ISOTRONIC 捕虫器 バグキャッチャー 昆虫キャッチャー 虫の捕獲 拡大鏡で虫の観察 大きいフードで捕まえやすい 80000 (2)","5166","39","","152","¥ 5,480","","1","B0H1WGTGNZ","B0C656BWRH","43.8","13.7","9.4","810"
"スターエム 5-450 ショートビット 45mm","5171","78","","253","¥ 7,110","¥ 7,934","15","B006J15UAY","B07VHCHJ9K","16.2","5.8","4.8","340"
"人工芝 ロール 防草シート 1m×10m 芝丈35mm 高密度40万本／ｍ2 人工芝生 人工芝マット 人工芝ロール ロールタイプ 固定ピン付き 庭 ベランダ ガーデン 屋上緑化 リアル感 透水タイプ 人口芝 防草タイプ","5178","67","50","71","¥ 8,499","","1","B0F2SVT4K3","B0F5PPZND2","100","32","32","18600"
"ハート(Heart) ブロマックスW9 10kg 除草剤 ブロマシル アミカルバゾン 粒剤 ジェネリック 笹 ススキ オヒシバ スギナ 頑固な雑草 宅地 空き地 太陽光 長期防除 9か月間抑草","5184","36","","28","¥ 12,180","","5","B0G75PZKZY","B0G75C1ZGQ","52","33","10","10100"
"Lamomo 10M COB LEDテープライト 、高輝度電球色ネオンチューブ、調光可能てーぷらいと、リモコン付き","5185","73","50","69","¥ 5,099","","1","B0G13BVYCN","B0F2XGVS33","20.3","19.2","6.7","820"
"マキタ 芝生バリカン 電源コード式 刈込幅160mm MUM1601","5193","109","200","1064","¥ 10,400","","18","B07RC7GK67","B08564XX1F","35.2","20.2","15.1","2480"
"マキタ 14.4V/18V対応 充電器 DC18WC 小型、軽量・国内純正品","5198","113","100","180","¥ 5,920","","10","B0D142PVPY","","15.8","14.5","8.6","440"
"LOFINKU 草刈り機 充電式 折りたたみ式草刈り機 充電式刈払機 軽量伸縮性電動草刈り機 角度調整可能 21 Vバッテリ2個 多重保護 レッド","5204","101","200","322","¥ 5,999","","2","B0G581QGXC","B0H8RP5FVL","57.7","17.5","13.8","2450"
"VANKO 互換 マキタ 18v バッテリー 6.0Ah大容量 2個セット マキタ バッテリー 18v BL1815N BL1820B BL1830B BL1850Bなど対応可能 LEDランプ残量表示 BMS基板搭載 多数保護機能付き PSE、CEマーク認証取得済み 3億円のPL保険付 ブルー","5205","42","50","32","¥ 5,980","","1","B0G8SSCXL2","B0GYVZ2ZCB","18.2","13","8.7","1210"
"YESKAMOO 防犯カメラ 4台セット ワイヤレス 屋外 500万画素 12インチIPS液晶一体型NVR 自動追尾PTZ2台 固定式2台","5212","12","","3","¥ 42,498","","2","B0F2FTL5SS","B0HC6G22G7","33.5","31.5","21.5","4500"
"浅香工業 金象 ＨＳ穴掘り（複式ショベル） 071217","5228","80","","1126","¥ 5,547","¥ 5,547","15","B0038LOMHU","B0FW3VM9YB","135","15","12","3000"
"ビクター VA線ストリッパー 第二種電気工事士試験対応 6003VA","5229","81","50","713","¥ 7,436","¥ 7,436","23","B0027WYMRQ","B0CQX39374","24.5","11.4","6.3","400"
"下地探し 壁うらセンサー","5230","89","","8216","¥ 11,882","","1","B0BNDKMJXQ","B0CDBZ1H7S","18.5","10.4","4.9","310"
"2024新開発 100v-LED ストリップライト. シリコン製10cmカット可能 LED ストリップライト、無臭、ワードローブ照明、配線不要、IP65 防水、線形発光、間接照明 DIY 装飾、切断可能、取り付けが簡単(3000K-電球色-12メートル+プラグ+部品)","5233","14","","29","¥ 10,702","","1","B0D6VKCVD4","B0D6V9JZS8","28","27","8","1480"
"ユノックス ジョイントマット 30×30cm 厚さ約1cm 108枚セット(6畳用) [ベージュ60枚 / アイボリー48枚] フチ付き ノン・ホルムアルデヒド 抗菌加工 床暖房対応 水洗いOK 防音 振動吸収 床保護 キズ防止 床材","5387","42","","75","¥ 11,646","¥ 11,646","1","B09XWW2S9C","B0DTJ1XJS7","64","45","33","5000"
"HAIGE ハイガー 攪拌機能付 充電式電動噴霧器 12L イエロー 園芸機械用品 農業資材 散布 殺虫 消毒 防除 YS-EFULB12L","5234","51","","39","¥ 9,980","","1","B0DDSXHWVG","B0GXFCMV2D","38","20","4.4","6000"
"BreeRainz ダクトファン Φ150mm 高低速2段階切替 純銅モーター 600m³/h 大風量 強力 省エネ 換気扇 日本仕様プラグ","5234","62","","17","¥ 8,580","","1","B0CKPFB4FY","B0CQXB25T4","32.4","29.7","26.4","2710"
"BIBILAB(ビビラボ) ビザールプランツウォールラック LPW-2100-BK 植物育成ライト 植物用サーキュレーター 取り付け可能 ビカクウォール 壁掛け 植物棚 ツッパリ棚 ビカクシダ コウモリラン エアプランツ 着生用 板 吊り下げ スタンド として","5241","79","","12","¥ 25,624","¥ 25,624","2","B0DGFYW3H8","B0FYLQD7TZ","128","40","19","20000"
"SHAPTON シャプトン RockStar ロックスタースタンダードモデル 8000 1micro class TYPE WA 60213","5241","61","","11","¥ 8,603","","7","B0CJBP2J51","B0GGLJ1X3P","24.6","13.8","3.1","440"
"アグロカネショウ 殺虫剤 殺ダニ剤 カネマイトフロアブル 500ml","5245","50","","88","¥ 5,651","¥ 5,804","8","B00U8OTVGW","B0GXKRWH4Q","23.6","11.3","9.5","604"
"SENTRY (セントリー) 金庫 家庭用 UL規格 1時間 耐火 耐水 56.6L A4 ダイヤル＋鍵 ダブルロック トレイ 鍵付ドロワー ブラック JFW205DG","5247","70","","66","¥ 87,800","¥ 87,800","3","B00O3U3Z5K","B0D69T1FS2","70","59.1","56.8","60000"
"アネックス(ANEX) ドリルチャック SDSプラス ハンマードリル用 打撃対応型 キー付 2.5~13mm AKL-310","5249","77","","7","¥ 5,127","¥ 5,127","38","B00SF0UNFE","B09Z6JT71B","17.5","9","4.6","492"
"Waitley２個セット マキタ互換バッテリー18v 6.0Ah 6000mAh WTL1860 BL1860 過放電防止など全回路保護基板付き","5253","93","100","349","¥ 6,699","","1","B0CYT91PTQ","B0G7Y5LB9C","29.6","10.1","9.7","1340"
"ミワロック MIWA (美和) 取替引戸錠 PSSL09-1LS ディンプルキー5本付 引き違い ブロンズ色(CB)","5269","71","100","210","¥ 7,790","","5","B086GZCJTF","B086GR5F4G","20.3","7.4","6.3","820"
"高儀 EARTH MAN 替刃式 電気かんな 82mm PLA-110A【研磨不要の替刃式】電動カンナ 自動カンナ 電動工具","5271","94","100","1368","¥ 6,919","¥ 6,919","13","B00G8PRW5W","B07DBD4BTY","35.7","19.7","18.3","3610"
"太洋電機産業(goot) 80W温調はんだごて PX-211本体のみ（キャップ無し仕様）200-500℃ 100V日本国内仕様 日本製","5274","93","","8","¥ 5,257","¥ 5,257","1","B0GHDQ2528","B0GX8D24BS","28.6","6.9","3.2","160"
"NICHII 呼び出しベル ワイヤレス 受信機（子機）16台セット 飲食店 受付 業務用 混線防止 送受信距離UP 充電式 無線呼び出しベル(黒)","5280","70","50","82","¥ 13,980","","1","B09N3D2GSC","B0BMPP4BDY","30","18.9","10.4","1490"
"LU-FRO 植木鉢 10号 排水穴付き ゴム栓付き 鉢底ネット付き プランター おしゃれ 陶器風 軽量 室内 屋外 観葉植物 多肉植物 鉢カバー B-7 ダークグレー","6195","22","","2","¥ 5,130","¥ 5,130","1","B0H6238R5M","B0H61WTD45","33","32.5","32.1","1460"
"【2026年覇権・1台3役】Arzrhsh 電動インパクトレンチ 充電式 インパクトレンチ タイヤ交換 強力·ブラシレスモーター 最大トルク800N·m /4000mAhバッテリー*2 無段変速 正逆転両用 1/2インチ 自動停止モード 一台３役 電動レンチ/ドリルドライバー/インパクトドライバー 自動車の修理 ナットの締め付け ボルトの緩み 過負荷・過熱・放電保護 豊かな付属品 (yellow)","5281","72","100","52","¥ 7,599","","1","B0H394VQ9K","B0H393K1GW","35.8","28.9","10.8","4070"
"京セラ(Kyocera) 旧リョービ 電子芝刈機 LM-2810 刈込幅280mm 693751A 【芝刈りだけでなく別販売品のサッチング刃や根切り刃で芝のメンテナンス・成長促進ができる】 キレイな仕上がり 刈込幅280mm 刈込高さ19段調節 リール式5枚刃 集草容量24L 40坪まで","5285","99","100","1019","¥ 31,000","¥ 31,428","15","B007KY036U","B0BDXQ79XB","83.5","42.8","30.5","13840"
"ハート(Heart) はやわざ 1L 12本セット 除草剤 液剤 原液 ジェネリック 頑固な雑草 速効 根まで枯らす 笹 スギナ 宅地 駐車場 公園","11478","41","","421","¥ 19,800","","1","B07GVH84H4","B07MWL1QB1","41","30.5","24.5","15920"
"軽天ホルダー 工具 磁石式 強力 レーザー墨出し器 すみだし器 保持器 マグネット レベル 水平器 三脚不要 クランプ 昇降調整機能 (レッド) (レッド)","5290","65","","462","¥ 10,970","","2","B0CCSJPKMX","B08ZK7WYHC","20.3","14.2","10","600"
"Buygimu 防草シート 2m×50m 高密度 120g/m² 防そうシート 除草シート 2m幅 ぼうそうシート 厚手 高耐久性 不織布 雑草防止 雑草防止シート 除草シート高透水性 遮光性アップ UV耐候剤配合 紫外線劣化防止 雑草対策 工事用 家庭菜園 園芸用 人工芝下 墓地 農業 砂利下用ボウソウシート 施工簡単 グリーン","5292","39","","27","¥ 13,999","","1","B0GYNGG9NH","B0H58FKB23","102.5","27","26.5","12370"
"マキタ 18V 充電式震動ドライバドリル [本体のみ/バッテリ・充電器・ケース別売] HP487DZ","5293","116","100","206","¥ 15,758","¥ 15,758","10","B09F9BR4Y1","","22.5","18.9","9.7","1240"
"TRUSCO(トラスコ) ホースバンド オールSUS 普及 10個入 12.7×Φ140mm TA13-140 × 10【ケース販売】","8745","42","","20","¥ 28,585","¥ 28,585","1","B0C5QJY2MY","B0C9DDLGNF","48.5","30.6","22.7","4860"
"アルトンジャパン(Alton Japan) デウォルト(DeWALT) ポータブルエアームーバー DXAM0060 ブロワ エアサーキュレーター 乾燥 送風機","5303","72","100","23","¥ 10,479","","3","B0C33TD3B3","","34","33","32.5","5210"
"太陽警告灯 4パック 屋外 防水 ソーラー充電 防犯アラーム 警報機 人感センサー LEDフラッシュ129dBサイレンサウンド ストロボレッド ワイヤレス 泥棒防止 盗難防止 ブザー音 警告アラーム 農家 工場 倉庫 果樹園 茶園 ヴィラ正面玄関適用 (4パック)","5307","55","50","169","¥ 6,899","","1","B0CX52GY5D","B0D8HZJSMF","32.4","12.4","7.7","670"
"TRUSCO(トラスコ) 鉄工用ヤスリ 平 油目 刃長200 THI200-04 × 5本 【ケース販売】","5683","54","","401","¥ 11,631","¥ 11,631","1","B0C4THXZSC","B0DD1W8MKW","27","11.7","3.3","4500"
"MIWA(美和ロック) LAMA DA シリンダー 錠 JN ディンプルキー 鍵 交換 取替え 玄関ドア マンション ロック キー3本 扉厚33〜41mm MCY-181 シルバー(ST色) 交換手順書付 LVF 13LA DVF AL02 AL3M WLA","5319","40","","7","¥ 10,980","","1","B0B87YRCMY","B0GXZ2XDGT","19.7","14.3","5.7","250"
"HiKOKI(ハイコーキ) 18V ディスクグラインダ G18DSL2 トイシ径100mm シンプルモデル バッテリー・充電器・ケース別売り G18DSL2(NN) 【ディスクサンダー】","5324","62","50","290","¥ 12,464","¥ 12,464","10","B08TZWC7ZK","B0FT3J24GB","31.2","14.4","12.6","1700"
"SANEI(サンエイ) シングルワンホール混合栓 キッチン水栓 上面施工式 泡沫吐水 リングレバー 一般地用 蛇口 混合栓 K8710TJ","5327","82","100","3","¥ 11,880","¥ 11,880","3","B0GXXLRPYZ","B0H5C5JMTZ","32.4","31.2","7.2","1200"
"エンジンブロワー エンジン式 ブロアー ハイパワー 吹き飛ばし 落ち葉集め 送風機 掃除機 強力 コンパクトブロワー 洗車 ハンディブロワー 落ち葉 庭 サッシ ベランダ 手持ち型 送風機","5339","57","100","231","¥ 8,760","","1","B0CLRNG4CN","B0CLRNHXFZ","39.3","34.8","23.7","4300"
"hiino kano 焚き火シート 防火シート スパッタシート 第二世代 厚手ガラス繊維 瞬間耐火温度1500度 繰り返し利用可能","6809","44","","445","¥ 5,299","","1","B0CCHQ558C","B0GT2MCKR6","31.5","21.8","8","1830"
"アイデック スーパーカルマー PRO(プロ) ASK-V23","5343","101","100","340","¥ 17,688","¥ 17,688","26","B00CR8I730","","25.7","25.2","12.8","2260"
"[メカニクスウェア] タクティカルグローブ 0.5mm コヨーテ 2XL MSD-72-012 タッチスクリーン対応 洗濯可 サバゲー 軍事 防災 DIY 作業用手袋 バイク 自転車 【日本正規品 EC専用パッケージ】","5349","57","","7243","¥ 7,426","","4","B075P7HL8V","B0D99L52S8","27.3","24.3","3.3","70"
"山崎産業(Yamazaki Sangyo) リフォームトイレ P型 両用式 普及タイプ(床に段差のあるトイレ用) 日本製 362509","5352","86","100","1146","¥ 7,327","¥ 7,327","5","B00E7KUY82","","62","40","21","2750"
"Waitley マキタ 18V バッテリー 9Ah 2個 互換BL1890 カットオフ機能付き 大容量9000mAh マキタ18V電動工具用バッテリー","5355","86","200","64","¥ 9,983","","1","B0F4K36LG1","B0FGQGV3ZZ","29.6","10.2","10","1970"
"エビ印 面直し砥石 溝入り 簡易ゴム台付 IO-0001","5356","81","","91","¥ 6,300","¥ 6,989","28","B001NXSSXO","B0DJXNN1NN","31","16.5","3.6","2180"
"イーバリュー(E-Value) プレセット型トルクレンチ 差込角 12.7mm (1/2インチ) 40~200Nm ディープソケット(17・19・21mm)・エクステンションバー125mm付属 左右両回転対応 ETR4-200","5357","67","","2621","¥ 5,156","¥ 5,156","19","B003YUKKM6","B07PXF6CSS","51.4","8.8","7","2160"
"【Amazon.co.jp限定】Bosch Professional(ボッシュ) 吸じん ランダムアクションサンダー・ポリッシャー GEX125 【低振動・吸じん・電子無段変速パワフル 静か車磨き 洗車集塵 木工ダブルアクション研磨機 電動やすり】","5367","102","100","50","¥ 10,489","¥ 10,489","1","B0F1G5W2K3","B0FRFR5B41","21.6","16.8","13.7","1650"
"パナソニック ワイヤレスモニター付き テレビドアホン 30万画素 LEDライト搭載 どこでもドアホン VL-N35BHL","5375","118","50","10","¥ 35,000","¥ 35,000","11","B0FV8HB532","B0H7579XBJ","27.1","21.1","8.9","1340"
"ホーザン(HOZAN) 圧着工具(絶縁閉端子用) 圧着ペンチ コンパクトながら軽い握りで圧着可能 サイズCE1/2/5 P-736","5382","84","100","556","¥ 5,500","¥ 5,500","34","B001D7EOBA","B071QXFKDV","24.5","7.7","2.4","320"
"高圧洗浄機 コードレス 充電式 洗車機 ブラシレスモーター搭載 10MPa 大容量バッテリー 残量表示 PSE認証済み マキタ18Vバッテリー対応可能 3段階水圧モード調節可能 自吸式 6in1 高水圧 噴射距離10M ノズル ペットボトル対応 5mホース 家庭用 超軽量 女性や高齢者も片手で使える エアコン/庭/階段/外壁/ベランダ/黄砂掃除/年末大掃除に使用可能 日本語説明書付き","5383","95","200","65","¥ 5,998","","1","B0FKT84BD2","","32.6","24.7","13","2150"
"DADDY'S WEEKEND UVブラック土のう袋 48cm×62cm 耐候5年 200枚入り","5391","57","","110","¥ 18,889","","1","B0C98CFSPG","B0C98CFGNM","52","27","25","13150"
"HaruDesign 植物育成LEDライト GL-T5 L530 18Wx2本 サムスンLM281B+Pro 防塵防水性能IP66 野菜水耕栽培等の植物工場モデル 全長53センチ 製品3年保証","5393","90","50","64","¥ 6,167","","1","B0D362RR1R","B0D3K42BV4","66","9","8.5","900"
"トラスコ中山(TRUSCO) シートペーパー #80 50入 GBS80","9965","36","","144","¥ 5,100","","7","B002A5MIYO","B0CFYFZ8KD","28.2","23.2","6.1","2306"
"HiKOKI(ハイコーキ) 36V 充電式 草刈機 刈払機 CG36DB 刈刃径230mm 両手ハンドル 蓄電池・充電器別売 チップソー付 CG36DB(NN)","5401","98","100","133","¥ 21,300","¥ 29,647","12","B0928WCDB4","B0CL2911CN","185","23","18","6240"
"campmemory 防災トイレセット 簡易トイレ 携帯トイレ 12回分 非常用トイレ 防災テント付き ポータブルトイレ 凝固剤12袋 処理袋12枚 折りたたみトイレ 耐荷重150kg プライバシーテント 災害用トイレ 防災グッズ 地震対策 断水対策 車中泊 キャンプ 日本語説明書付","5404","58","200","33","¥ 6,980","","1","B0GTV2XT1Y","B0GPQTZM3K","56.5","56","13.7","2000"
"ムサシ(MUSASHI) 12.5W×3灯スライド型LEDセンサーライト コンセント式 屋外 防水 人感センサー 調光・調色機能 常夜灯 投光器 フラッシュ発光 高輝度3750ルーメン LED-AC3050","5407","72","","35","¥ 8,887","¥ 8,887","37","B0CJWZSBQ3","B0CJXPF5SR","18.6","18.3","17.9","890"
"Petnniko 物置 屋外 収納 ケース ボックス ベランダ収納 ベンチ 収納 防水 耐候 380Ｌ大容量 幅123*奥行57*高さ62cm 大型収納ボックス 屋外用 コンテナ ベンチストッカー ガーデン収納 ベンチ 倉庫 ガーデン 庭 ベランダ 収納 大容量 物置き (亜麻色, 380L)","5413","63","50","91","¥ 10,800","","1","B0F996BLZ4","B0F995NCBS","125","61","11","16900"
"[SmartBASE] オス金具 セフティ金具 ワンタッチ工具ホルダー用【軽量・高強度なアルミ合金製+アルマイト仕上げ】【固定式】取付金具 スリムホルダー対応 セフティホルダー (イエローゴールド, 5個セット)","5418","25","","9","¥ 5,580","","1","B0DV9BC9S6","B0DCB7KTDN","13.5","9.1","1.7","100"
"京セラ(Kyocera) 旧リョービ ベルトディスクサンダ BDS-1010 【平面・曲面など様々なサンディングに対応】 木材・非鉄金属の研削・粗削り・バリ取り ベルト寸法100×915mm ディスクペーパー径150mm(マジック式) 629450A","5422","102","50","672","¥ 22,609","¥ 22,609","18","B017S5TBY0","B0DBH73CTC","56.8","33.2","29.2","18660"
"[ネセクト] マルチツール替刃 24枚セット OIS規格品 専用クリアケース入り マルチ交換用ブレード バイメタル 強度試験済 [日本国内企画品] (3セット)","5422","20","","","¥ 8,892","","1","B0CLV22FPF","B0D7M9F72M","21","14.4","3.1","700"
"非常食セット 7年保存 ごはん 5年保存 パン 最大18食 家族 自治会 自治体 組合 企業 大口注文 まとめ買い 6日間 防災食 保存食 家族用 災害 備蓄 防災グッズ","5438","36","100","6","¥ 5,690","","2","B0GTP1XBM2","","24.2","24.1","16.4","1810"
"マキタ(makita) 充電式インパクトレンチ 18V バッテリ・充電器・ケース別売 TW300DZ","5443","88","50","1219","¥ 19,808","","19","B0873CYSLQ","","23","17.2","10","1400"
"マーベル(MARVEL) 圧着工具 ハンドプレス 絶縁被覆付閉端接続子用 MH-125","5444","81","100","305","¥ 5,982","¥ 5,982","19","B003W3A8YK","B07K6GTCCB","22.8","9.1","2.1","270"
"タカラ産業 室外機ルーバー ホワイト SL5057 1セット","5446","72","50","245","¥ 10,780","¥ 10,780","7","B06Y6MF49L","B07W56ZKND","59.2","55.2","5.2","1120"
"サンシェード 三角形 日よけ シェード 目隠し 日除け UVカット 紫外線 遮光 雨よけ 撥水加工 大きいサイズ 大型 防水 省エネ 節約 たてす よしず 洋風 タープ サンシェード おしゃれ 夏 庭 ガーデン ベランダ 窓 バルコニー アウトドア カフェ (500×500×710cm, カーキ)","5451","10","","42","¥ 6,488","","1","B0BXKX7FV9","B0GGZ7GHQ9","25","20","5","1600"
"電動噴霧器 (マキタ互換 18V対応) 充電式 PSE認証 背負い式16L 混ぜ機能付き 連続自動噴射 超軽量3kg 伸縮 圧力調整 静音設計 園芸用","5453","81","100","39","¥ 10,620","","1","B0FG7GVQGD","B0FG719QW9","52","42","21","4500"
"電動ハサミ【2026改良強化版】電動剪定バサミ ブラシレスモーター搭載 21V切断径42mmのコードレス充電式剪定バサミ 2段階開き角度調節可 マキタ18V互換 8000mAh（4000mAh*2個）大容量バッテリー付き 切断回数と残量表示ディスプレー 切れ味良い 日本語取扱説明書付き 人気 新モデル 剪定鋏","5461","86","100","80","¥ 8,998","","1","B0G3W4ZRP2","","34.2","26.7","9.4","2510"
"MIWA(美和ロック) LSP シリンダー錠 鍵 交換用 PR ディンプル 玄関ドア 自分で TE22(扉厚37～41mm) シルバー(ST色) MCY-229 交換手順書付 キー3本 PESP TE-0 LE-0 QDC","5462","39","","29","¥ 7,580","","1","B09Q8LQ4WK","B0B28L9LGK","14.9","10.2","5","280"
"マキタ(Makita) 充電式クリーナ（白） 18V バッテリ・充電器別売 CL285FDZW","5464","77","100","133","¥ 16,000","¥ 16,000","16","B0C1FF1Y1Y","","51.4","17.7","16","1940"
"GAS-JPナットキャップ★ステンレス鏡磨き★ISO規格33mm ★ロングor セミロングorミドルorショートorスーパートンガリorトンガリ20個 (ロング(33×高さ61mm))","5470","33","","42","¥ 5,700","","1","B0D4ZN6ZBD","B0D4ZTP5WS","24.8","20.1","5.5","670"
"ピクチャーレール 2M ホワイト レール ワイヤーロープ フック セット Sunxer Tool G型ピクチャーレール 壁掛け用 額縁ディスプレイスタンド 絵画 写真 ポスター ( 2M-ホワイト )","5474","71","50","30","¥ 6,999","","1","B0DFY3QKQ6","B0DFYJZ9MV","102","5","4","810"
"山善(YAMAZEN) 手動芝刈機 刈る刈るモア 刈込幅200mm 刈込高さ5段階調節 高さ2段階調整 5枚刃リール 簡単組立 工具不要 節電 省エネ 手押し ブラック KKM-200(BK)","5478","79","50","1000","¥ 9,861","¥ 9,861","2","B0BZR7GCPL","B0C1S7HL8Y","45","35.8","28.7","7490"
"非常用寝袋 アルミ寝袋 アルミシート エマージェンシーシート シュラフ 静音 カサカサ音が少ない 保温 防災 備蓄 (10) sb-102-04","5486","58","","175","¥ 5,398","","1","B0CZDPK25Y","B0BTY8Z39G","28","24","6","1150"
"応急口食、食、長寿命、18400カロリー、キャンプ、ハイキング、軍隊アウトドア救災に最適、20包、鉄箱付き","5488","73","50","81","¥ 7,800","","1","B0C9PB6DHL","B0H6X5C183","23.5","18.9","17.2","4690"
"NFESOLAR｜ステンレス池用滝ポンプキット｜配管一体型 40W高流量","5492","82","","133","¥ 7,210","","1","B0GHR18R5K","B0H6PT57HG","30.5","30.5","21","3250"
"TOTO 開閉バルブ部(TMN40型用) 8.2×5×3.99 cm THF12","5493","93","200","514","¥ 7,980","¥ 8,288","10","B00FOQ3PFM","B08G8Z9HQN","8.9","6.1","5.4","50"
"10枚 永卓木材 バルサ 材 1～10MM厚の7MM厚 300MM長 100MM幅 バルサ材 ホビー素材 模型材料 軽木板 Balsa Wood Boards YSC3007","5505","21","","107","¥ 5,180","","1","B0B3N9N48C","B09RZX5KKM","30","10","7","250"
"備蓄食料 非常食 長期保存食 高エネルギー圧縮ビスケット 小麦味 20年賞味期限 缶入り20袋","5506","40","","48","¥ 7,040","","1","B0DYHQRNS1","B0FX9TYKZB","23.6","19","17.2","4740"
"SK11(エスケー11) ツールキャリーバッグPRO ハードボトム カバー付き STC-HB-L","6504","55","","87","¥ 7,187","¥ 7,684","12","B00MHK0D4E","B01CCCVVL0","53.6","26.8","24.6","2180"
"HIH 防災リュック 防災グッズ 防災セット 2人用 【福島県企業が開発】ハザードリュック２人用premium シュラフ２個付き","5525","51","100","76","¥ 29,200","","1","B0BH8DZMJ4","","45","42","33","9800"
"UPF 水中ポンプ バッテリー式 12m揚程 充電式 排水ポンプ マキタ18V互換バッテリー対応 排出量6m³/h 電動ポンプ 電動ポンプ 水抜きポン 围畑 庭木などの散水 池水の循環 排水に","5527","95","200","81","¥ 6,443","","1","B0FQV4SYMJ","","26.6","21","15.4","2480"
"TOTO 浴室用壁付サーモスタット混合水栓 70mm コンフォートウェーブ90φ シルバー TBV03445J1","5533","97","50","251","¥ 17,980","¥ 18,646","16","B0BNHWHW8N","B0CTTC76NM","36.1","21.9","11.7","3070"
"EcoFlow RIVER 2 Max ポータブル電源 512Wh 60分フル充電 11出力ポート 定格500W /瞬間最大1000W リン酸鉄","5535","77","200","278","¥ 35,695","","2","B0DS1ZYPB2","B0GZ3S7PZJ","35.8","33.6","26.3","7100"
"JELFUNY 雨水タンク 集水器 家庭用 貯水タンク 1000L 折りたたみ式 洗車 水やり 防災 農業 非常時 園芸 屋外用 グリーン","5539","67","","36","¥ 15,999","","2","B0H1NMRQL6","B0H1NFZSN7","58.6","34.8","12","1400"
"ハタヤ (HATAYA) コードリール 屋外用 (防雨型) 100V型 コード15m 太さ1.25㎟ 標準型 コンセント4個 コンセント防雨キャップ 家庭用 工場用 建設現場 フラットリール FF-15","5564","101","100","24","¥ 7,019","¥ 7,019","6","B0FSCWTQL5","B0FV2R8ZF8","35.1","27.4","21.2","4050"
"【活電線メーター搭載】 下地センサー 米国特許 プロ用 壁裏センサー Franklin 下地探し 【国内正規品/取説付】 ProSensor M210","5565","91","100","5824","¥ 10,980","","2","B0917VXLDK","B0H4P4K619","21.9","9.5","6.7","349"
"Amazonベーシック 養生マット 養生毛布 183cm x 203cm 引っ越し 床キズ防止 緩衝材 6枚セット ブラック","5568","56","","579","¥ 7,254","¥ 7,254","1","B0DNMJ6CXB","B0DNSRFT6L","49.5","40.6","24.1","9412"
"感震ブレーカー ブレーカー遮断タイプ 防災 IR-KB-B アイリスオーヤマ","5581","4","","","¥ 6,578","","2","B0HFWJ25BQ","","17.5","10.5","8","139"
"ECO-WORTHY 単結晶 25W 12Vソーラーパネル +チャージーコントローラー + SAE 調整可能な取り付けブラケット","5582","91","100","695","¥ 5,600","","1","B016PZFB6Q","B0F4MSLHPG","42.6","31.5","3.9","2250"
"和信ペイント 水性オイルステイン 木目鮮明・微臭・安全 マホガニー 3L","5584","55","","46","¥ 5,793","¥ 5,793","3","B00AJAMUHM","B07FFRJW7P","31.6","21.1","12","3530"
"デウォルト(DEWALT) タフシステム2.0 DXL キャリアカート DWST08530-1","5591","43","","6","¥ 21,509","¥ 21,509","4","B0FPFN3PR5","B0FYNC9DVT","82.5","66.5","20.5","15850"
"YEZOND 遮光ネット 2m*10m 日よけ シェード ブラック ベランダ目隠し 農業用 植物 園芸用 屋外 ベランダ 窓 カーポート ルーフ ヤード パーティー 廊下 高密度の厚さのポリエチレン ビニールシート","5594","23","","170","¥ 5,699","","1","B0B9981KNC","B0FGX2GLK9","40","30","10","1000"
"パナソニック テレビドアホン 電源直結式 自動録画機能付 手動録画 増設モニター 室内通話 モニター3.5型TFTカラー液晶 玄関子機 露出型 LEDライト VL-SE30XLA","5602","82","100","1873","¥ 16,980","","12","B0BHHL9GZP","","19","13.5","7.5","600"
"三菱電機(MITSUBISHI ELECTRIC) 天井埋込形換気扇 2部屋用低騒音形 VD-15ZFC14","5604","74","100","30","¥ 9,885","¥ 10,848","11","B0D5GZJR3L","","46","35","24.5","3500"
"白光(HAKKO) ヒーティングガン 工業用ドライヤー 温度・風量可変タイプ(無段階コントロール) FV310-81","5605","87","100","192","¥ 8,709","¥ 8,709","38","B01MXNXVU1","","31","30.5","12","1830"
"MIWA(美和ロック) HM用 ドアノブ 交換 鍵付き 玄関ドア 取替え 錠 HMD-1 U9 バックセット64mm ドア厚33〜41mm キー3本 交換手順書付","5608","72","50","49","¥ 7,980","","1","B0B71CB33Z","B0B73VJ7MJ","19.3","12.6","10.4","1220"
"オンロード(OnLord) (2台セット)クリッパ クリップ式 センサーライト 屋外 ソーラーライト 人感 LED 『クリッパ 迷彩』 防水 マグネット対応 OL-336C","5611","57","","13","¥ 7,180","","2","B0B5DKF9K2","B0BQPSRTW1","25","16","15.2","740"
"ユノックス ジョイントマット 30×30cm 極厚2cm 54枚セット(3畳用) フチ付き ブラウン ノン・ホルムアルデヒド 抗菌加工 床暖房対応 水洗いOK 床保護 キズ防止 防音 振動吸収 床材","5614","41","","91","¥ 10,725","¥ 10,725","1","B09XWLTN6Y","B0DTP5DC3S","38","30","30","4600"
"TRUSCO(トラスコ) ナイロン ワッシャー M16用 50個入 BPA6-W17X30X3.0","5626","49","","54","¥ 7,300","¥ 7,300","13","B08XQ5SSZ7","B0CB4WLQX5","12","10","2","81"
"サンカ アウトドアキッチン オールステンレス製 錆びにくいガーデンシンク 幅120cm 永く使える長期寿命設計 水が飛散しにくい深型シンク 丸洗い可能 清潔 便利な棚板付き 日本製 屋外 流し台 アウトドア用 簡易 シンク ガーデンパン SK-1200","6564","63","","495","¥ 38,079","¥ 38,079","4","B0023ZRMJW","B0CJLMQ61Q","127","63","36","17500"
"ミニホットグルーガンキット：DEKOPRO 20ワット 高温グルーガンツール 約140cm（55インチ）コード付き グルーガンクラフトDIY、スクールアート、クイックホームリペア用グルースティック30本付属 （ホワイト）","5631","49","","13","¥ 7,176","","8","B0GR88YXBK","B0FD75K8M9","17.9","14.9","3.9","299"
"Fanttik E2 Ultra 電動ドライバー ドライバーセット コードレス","5638","64","50","1881","¥ 12,999","","1","B0DSVKLNQR","B0G48YGNWN","22.4","6.6","6.5","670"
"萩原工業 スノーテックス スーパークール 遮熱シート 5.4m×7.2m パールホワイト/シルバー","5643","58","","175","¥ 16,086","¥ 16,086","13","B013Q4H6SU","B0FB8PDCCD","49.8","39.6","10","7560"
"かがみどっとねっと 浴室鏡 交換用 5mm厚 AGC製ガラス 日本製 取付資材付き 全面防湿（業務用対応） 356×457mm","5962","60","","43","¥ 8,360","","1","B0CLTK39ZY","B0CLTKBXPZ","53","43","2","2100"
"シンワ測定(Shinwa Sokutei) ハンドマグネット 着脱式 C キャスター付き 73556","5647","63","","102","¥ 5,834","¥ 5,834","36","B001C7GLYO","B07FQ7WTFN","76.5","16","15","1710"
"HiKOKI(ハイコーキ) 36V 充電式 草刈り機 刈払い機 両手ハンドル仕様 電池・充電器別売り CG36DC(NN)","5648","82","50","55","¥ 38,100","¥ 38,100","9","B0BZS3N8LP","B0DYD86B6C","193","23","18.5","7000"
"DURAXION 3/4インチ トルクレンチ トラック セット 2点組 レッド 200-1200N.m 高精度±3％ 見やすい 大きい音 高トルク","5649","59","","127","¥ 39,999","","1","B0GL1754YN","B0GWJ9G7BJ","108","22","9.5","10600"
"マキタ ポールヘッジトリマ 充電式18V 全長2m・刈込幅600mm バッテリ充電器別売 MUN600LDZ","5652","82","","296","¥ 35,533","¥ 35,533","6","B084ZBJK6N","B0855W7JCX","210","17.5","13","5620"
"つくしサイエンス アクリル円柱 直径100mm×高さ100mm 1個 透明 台座 展示 撮影 陳列 什器 ラウンド ブロック ベース クリア ディスプレイスタンド 円形 丸 10cm 10センチメートル 100ミリメートル R100-100*1","5657","33","","23","¥ 5,999","","1","B0F37LXZ58","B0HDYZKN74","10.9","10.7","10.4","970"
"COMSTICKC 3Dフェイクストーンウォールステッカー剥がして貼るウォールパネル、12インチ×12インチの10枚、本物の石ではありません 超軽量 薄いPVCロック粘着 フェイクストーンウォールカバー壁紙 屋内壁装飾、ベージュ","5663","39","","337","¥ 12,105","","1","B0D4VKG1VL","B0DRDB9K2K","33","32.8","5.1","848"
"パナソニック(Panasonic) 充電器 スライド式リチウムイオン用 10.8V 14.4V 18V 21.6V 28.8V対応 急速充電器 EZ0L81","5664","98","50","209","¥ 9,769","¥ 9,769","26","B0036011ZE","B0DK6WGB9S","21.5","18","10.5","750"
"Sonnenglas®︎ ソネングラス Mini 250ml ソーラーランタン テーブルライト 太陽光 USB-C急速充電 最長60時間点灯 コードレス ベッドサイドライト キャンプ インテリア ギフト ハンドメイド フェアトレード 南アフリカ製","5667","70","50","14209","¥ 5,420","","1","B07SX6NGKY","B07SSZZ819","14.2","10.3","10.3","320"
"タジマ(Tajima) シムロン-L はや巻 幅13mm 長さ50m 張力20N YSL3-50","5673","62","50","118","¥ 5,282","¥ 5,282","36","B001UNH6BW","B078KBSPPM","32.7","23","5.6","1110"
"ottostyle.jp 植木鉢 プランター 大型 軽量で強度のあるグラスファイバー素材 鉢カバー コンクリート調 底穴あり 観葉植物 ガーデニング 園芸 家庭菜園 リビング 玄関 バルコニー 屋外 室内 [100cm×40cm×40cm] [ブラック]","7100","32","","143","¥ 19,900","","1","B0GY75HNHK","B0BG4TM3PJ","106","47","46","26000"
"LIBRATON 六角棒レンチセット Tハンドル六角レンチセット 両端と面取りデザイン SAE 1/8インチ-3/8インチ 自動車バイク修理ツール 7個 収納トレー付き","5681","49","","132","¥ 6,726","","1","B09WR6F4B4","B0BDVFWHQF","32.8","24.8","3.3","980"
"【公式】BRIM(ブリム) 植物 ヒートマット HMT-400 60W 温度調整 デジタル表示 防水処理 (正方形 (40×40cm) 2枚セット)","5692","49","","3","¥ 6,926","","1","B0DLQFKZV8","B0DLTP89DF","34","7","7","460"
"PYKES PEAK (パイクスピーク) サイクルハウス 2台用〜3台用 自転車置き場 バイクガレージ 耐水圧2000mm UPF50 工具不要","5705","58","","436","¥ 13,980","","1","B0CLTVVPKB","B0F5V286HB","107","27","26","16000"
"DIZEX 防水シート 自己粘着式 雨漏り補修テープ 屋根用 幅30cm×長さ20m シルバー","5707","17","","11","¥ 6,480","","1","B0GWPWVGWQ","B0GWPTDZHK","85","65","5","1000"
"【2026モデル】BATOCA T1 ポリッシャー ダブルアクション15mm コード式 車 電動 125mm 研磨機100V 1100W強力モータ","5713","70","50","471","¥ 10,599","","1","B09R3L678T","B0BF55RCG7","44.5","25","18","3700"
"ニッペ ペンキ 塗料 水性ベランダ・屋上床用防水遮熱塗料 7kg ライトテラコ 水性 つやあり 屋外 日本製 4976124246739","5713","68","","392","¥ 7,988","¥ 7,988","8","B07BMMRNXN","B01N64G1BU","23.9","23.7","17.4","7770"
"デンサン くるくるソフトモール SFM-5408GY","5722","60","","674","¥ 5,764","¥ 5,764","19","B002ZGXRWA","B08GCX75C8","38.9","31.7","6.2","1900"
"新潟精機(Niigataseiki) SK サポートリフター 援軍 130-290cm SLE-290 最大耐荷重:245N(25kgf)","5729","61","","11","¥ 6,096","¥ 6,096","5","B0CXHYS3LD","B0FBKR3438","130","15","10.5","2670"
"マキタ(Makita) 充電式インパクトドライバ 18V2Ah バッテリ2本・充電器・ケース付 MTD002DSAX","5732","103","100","120","¥ 20,915","¥ 20,915","7","B0CMC52CRD","","41.7","31","12.2","4130"
"アサヒペン 塗料 ペンキ 水性 インドアウォールペイント 4kg 宇治色 ツヤ消し 1回塗り 抗菌 防カビ 日本製 オンライン限定","5733","52","","20","¥ 5,480","¥ 5,480","1","B0FS1FZDLT","B0FTFHC8QR","21.5","19","19","4400"
"HiKOKI(ハイコーキ) 18V セーバーソー レシプロソー CR18DA バッテリー・充電器・ケース別売り CR18DA(NN)【木材・金属切断 DIY 枝打ち 粗大ゴミ解体】","5735","101","100","587","¥ 14,714","¥ 14,714","17","B08GC7NLT8","B0DW3TLVQL","37.3","19.5","11.7","1650"
"LIXIL(リクシル) INAX エコハンドル付 ハンドシャワー付シングルレバー混合水栓 節水 省エネ RSF-933Y 一般地用 水栓 キッチン水栓 水道 蛇口 交換 取り付け キッチンリフォーム","5737","95","100","13","¥ 17,980","¥ 19,211","12","B0G6DCMM81","B0HFJK4VL1","49.8","22.6","9","1560"
"八番屋 ポスト 郵便ポスト 壁掛け 壁付け 鍵付き 木目調 大型 北欧 縦型 ブラウン 黒色(茶木目調)","5739","59","50","449","¥ 5,016","","1","B09TW4HTLB","B0GXVMG366","37","35","13","2300"
"SEASONS 日除けシェード【撥水 3.6x4.8m】 UPF50+ オーニング 雨よけ 遮光 断熱 屋外 屋根 ベランダ 庭 デッキ カーポート 庭用タープ キャンプ用 暑さ対策 省エネ 節電 紫外線カット 目隠し 大型 簡単設置(アイボリー)","5741","65","","82","¥ 7,380","","1","B0GR9S3BPM","B0GR9KBTZB","40","31","8","3300"
"ENVENTOR 工具セット 家庭用 280点 ラチェット・ソケット入り DIY・家具組立・住まいの補修用 収納ケース付き イエロー","5747","81","50","751","¥ 7,599","","1","B0DPHT3S83","B0CBMSLW7J","42.8","33","9.5","6080"
"マキタ コードレス掃除機CL180青 カプセル式 18Vバッテリ充電器別売 CL180FDZ","5764","123","200","605","¥ 7,473","¥ 7,473","11","B077JJF3M3","B07ZKHTGNX","48.4","16.3","14.1","1540"
"プロクソン(PROXXON) ペンサンダー 【先端形状8種・ペーパー3種付】 No.28594","5765","104","100","990","¥ 6,135","¥ 6,135","25","B000GB39FQ","B09R1HPNKW","32.7","10.6","5.6","390"
"上村シート 透明ビニールシート 透明シート 0.3mm厚x1370mm幅x長さ4m 折り畳み","5766","19","","27","¥ 6,400","","1","B0CS9WNLNV","B0CSB13LLP","37","37","7","2400"
"[バートル] BURTLE エアークラフト 30Vリチウムイオンバッテリー 2026 AC10 (78. マットブラック)","5767","16","","2","¥ 11,790","","1","B0HCY36WZG","","15","11","6","405"
"LA･PITA 防災セットラピタプレミアム 1人用 【NS】 (カーキ) 防災リュック 防災グッズ セット 災害対策 非常用持ち出し袋 非常用トイレ 非常食 保存水","5768","42","50","211","¥ 19,980","","1","B0FKMTLW7F","B06WWDFKH5","52.4","43.8","26.3","6110"
"HIKARI LED投光器 100W 作業灯 19600lm 屋外 IP67防水 昼光色 6500K 極薄 85～265V 省エネ 軽量 看板 駐車場 倉庫 工事用ライト 豪雨対応 2個「A-CBD-JA-LEDx2」","5769","72","","51","¥ 6,273","","1","B0DJ2W9NM3","B0DJ2WFVT2","32","26.2","11.4","2300"
"高儀(Takagi) 【燕三条ブランド】 EARTH MAN ミニホビーコンプレッサーセット ガンプラ エアコンプレッサー エアブラシコンプレッサー エアブラシがすぐに使えるセット エアーブラシ 塗装ブース HCP-100","5781","76","50","654","¥ 7,418","¥ 7,418","10","B00FKPP60O","B01N64G6F0","26.3","13.5","12.7","1440"
"Daddy's Weekend UV土のう袋 48cmx62cm 防災・水害対策用 側溝掃除 土砂運搬・収納対応 紫外線耐性強化 多目的利用可能 200枚入","5782","16","","16","¥ 8,200","","1","B0H7XR894V","B0G2WNH4BQ","54.4","39","15.7","8160"
"パナソニック 火災報知器 ワイヤレス 連動 子器 AiSEG連携 日本製 煙式 光電式2種 露出型 電池式 あかり付 天井面 壁面 音声警報 警報音 家庭用 けむり当番薄型2種 SHK74202YP 和室色","5789","93","","","¥ 7,480","","7","B09TK21T16","B09TVZ4C9H","22.6","14.8","3.5","190"
"PANP RIDE PRO 空気入れ 車 バイク 自転車 ボール 電動空気入れ 【 車 バイク 特化 】米式 英式 仏式 すべてのタイヤ対応 コンプレッサー 日本 メーカー保証2年","5795","98","100","274","¥ 12,980","","1","B0D7M9T5JV","","18.6","13","8.3","990"
"Umillion 換気扇 給排気 両方向吸排気ファン 30cm 引き紐連動シャッター 過熱保護付 逆流防止可能 一般換気扇 通気用 台所/居間/洗面所/トイレ/ペットの部屋/キッチン/ガレージ用","5801","30","","8","¥ 7,380","","1","B0GCJPV17W","B0GYZSPYW2","42.9","42","16.9","2400"
"セフティー3(Safety-3) 噴霧器 電池式噴霧器 3L ホース1.7m ノズル40~90cm 1頭口 SSD-3","5817","54","","257","¥ 5,693","¥ 5,693","11","B0076H544M","B0GVDFKRWV","35.6","27.5","17","1560"
"TRUSCO(トラスコ) トランク型工具箱 333X137X96.5 ブルー T-320 × 24個 【ケース販売】","5817","25","","2151","¥ 47,969","¥ 47,969","1","B0C4THCKXT","B0C8RH5S6R","116","80","33.5","26400"
"BURTLE 互換 24V 2025年モデル バートル 互換 コンパクト 空調服バッテリー 63Wh 3500mAh (Enelife BT-AC09 Compact)","5818","54","50","9","¥ 6,280","","1","B0FG25WHF5","B0H8C2P3B9","12.4","8.9","8.7","490"
"マキタ(Makita) HP484DZ 充電式震動ドリル 青 本体のみ 18V","5824","111","100","331","¥ 16,364","¥ 16,364","17","B01N14HD5Z","B07DC6R3DK","23.4","22.9","9","1450"
"TOTO シングルレバー混合栓用カートリッジ THYF7R","5833","106","100","811","¥ 7,665","¥ 7,665","14","B007HT7TJM","B08DY4HQQW","15.2","12.9","4.6","70"
"TRUSCO(トラスコ) 耐候性樹脂丸杭 Φ60X1500 穴なし TMK-6015N × 10【ケース販売】","8820","25","","1","¥ 16,001","¥ 16,001","1","B0C5CY9V68","B0D9TXRZFK","153","17","11","34000"
"京セラ(Kyocera) 旧リョービ 刈払機 草刈機 AK-3000 金属8枚刃 あんぜん ロータ 697450A 【金属8枚刃とナイロンコードの両刃使い 密集した雑草から石の多いところの草刈りまで】 低騒音 金属8枚刃200mm ナイロンコード2.0mm 長さ143~145cm 延長コード10M","5836","98","50","944","¥ 16,470","","16","B001EE7KIG","B0B6ZMN3GH","139","20","9.5","4599"
"Portable Power Station 1000 ポータブル電源 1056Wh 急速充電 高出力AC 大容量 長寿命10年 リン酸鉄 コンパクト設計 パススルー機能 アプリ遠隔操作 キャンプ 節電対策 停電対策 防災 アースカラー (カーキ)","5837","53","","1437","¥ 74,900","","2","B0DMVCZ6B2","B0H1CVYLKL","47.4","35.1","30.3","15360"
"ニシガキ工業 チェンソー目立機 N-817","5838","101","100","540","¥ 5,530","¥ 5,530","42","B00B4TL6H2","B088F1CVNG","35","16.1","5.7","740"
"パナソニック ガス警報器 《ガス当番》 都市ガス(天然ガス)用ヘッド AC100V引掛式 有電圧出力型 テストガス別売 SH13936K 電源コード式 ホワイト","5875","104","100","260","¥ 9,000","","6","B07YYX9DZB","","12.5","12.4","5.9","180"
"アネックス(ANEX) オフセットアダプター19 対辺19mm ケース付 マルチセット AOA-19S2 【狭いところのネジやナット回しに】狭所作業 ナット回し ネジ回し ストレート 工具","5878","93","100","225","¥ 9,273","¥ 9,273","19","B01LA528XK","B07C8BJBX6","29.8","13.2","4.9","870"
"ダイドーハント (DAIDOHANT) (波板ビス) 波板取付ビス [ 鉄下地用 ] (ステンレス座金) (呼び径d) 5 x (長さL) 25mm (250本入) 45920","5878","42","","26","¥ 12,064","¥ 12,064","11","B07TVS2PSF","B07V3S6N6C","25.6","14.8","10.6","2160"
"タンスのゲン ジョイントマット 3畳用 大判59cm 厚み20mm 16枚組 1級防音 防音 保温性 床暖房対応 18700005(79297)","5884","48","","226","¥ 6,499","","1","B092H1X9TB","B0D49BMGX2","62","61","35","8760"
"インターホン テレビドアホン カメラ付き 工事不要 ワイヤレス 【双方向通話/自動録画/暗視】IP65防水 簡単取り付け 広角レンズ搭載","5891","7","","5","¥ 6,980","","1","B0H9RSZ7G3","B0H9RV7NDK","15.5","12.5","6.4","370"
"トネ(TONE) インパクト用ソケットアダプター NA812 差込角25.4mm(1"") &38.1mm(1-1/2"")","5908","76","","141","¥ 5,645","¥ 5,645","25","B00BS6YB0K","B07WSKR8ZH","10.5","9","5.7","810"
"SANEI(サンエイ) 厨房用水栓 レバーハンドル・90度開閉 内地・寒冷地共用 A5310-13","5909","57","50","65","¥ 5,064","¥ 5,064","30","B008CAAREO","B0H9XHPK72","21.4","14.5","5.8","640"
"三菱電機(MITSUBISHI ELECTRIC) パイプ用ファン 居室・トイレ・洗面所用 24時間換気機能付 V－08PBLD8","5915","74","","18","¥ 5,940","¥ 6,316","10","B0B4HWFPRB","B0BYDL75QN","17.9","17.7","14.2","630"
"TOTO 立形ロータンク用ボールタップ組品 HH06005SR","5916","85","100","58","¥ 11,497","¥ 11,497","10","B0CQNZTG3H","","47.6","32.4","18.2","860"
"草刈り機 マキタ18V電池互換【PSE認証6Ahバッテリ2個・急速充電器付 長時間作業】充電式刈払機 コードレス 伸縮式110〜150cm 10インチ","5918","27","200","21","¥ 14,899","","1","B0H9LFS7MQ","B0H9L61F4Z","90","12","10","1900"
"【窓越し専用・屋内設置】COOAU 防犯カメラ 300万画素 室内から屋外を監視 追加コストなしAI検知（人物/車/ペット） エリア検知 24H録画 双方向音声 Alexa対応 賃貸OK 跡残りゼロ SDカード/クラウド保存 監視カメラ ネットワークカメラ マンション/アパート向け","5920","13","","6","¥ 5,498","","1","B0H6X6MFQX","","11.4","11.2","11.1","230"
"工進(KOSHIN) ハイデルスポンプ SEV-25F ミニ4サイクル エンジン 口径 25mm 散水 洗浄 送水 タンク 用水","5928","66","100","254","¥ 28,596","¥ 28,596","16","B00VHLMWPM","B08337JNVM","40.7","36.2","33","9440"
"YEZOND 遮光ネット 屋外 8M*10M ベランダ 窓 カーポート ルーフ ヤード パーティー 廊下 農業 園芸用などに最適な日よけ シェード","10172","24","","","¥ 12,936","","1","B0BX31HYXW","B0FB7G857L","51","41","24","5320"
"マキタ(Makita) 仕上サンダ ペーパー寸法 93×228mm BO3710","5933","100","100","3193","¥ 9,031","¥ 9,031","12","B002WU950M","B08DY436H5","32.8","18","13.7","2209"
"50mm 滑り止めプラスインパクトドライバービット #2、新精密レーザー刻印マイクロ滑り止めグリップ、S2鋼Ph2磁気ドライバービット、重作業修理および住宅改修用 | 10個パック","5948","13","","159","¥ 5,535","","3","B0FPRHPR66","B0GYRK5HMQ","9.7","8.3","1.1","118"
"高須産業 窓用換気扇２０ｃｍ 排気 FM-200HN","5949","102","200","314","¥ 7,685","¥ 7,685","2","B00JM4ON5S","","48.5","31.5","15.2","3740"
"マキタ(Makita) 充電式インパクトレンチ 18V バッテリ・充電器・ケース別売 TW700DZ","5954","93","50","253","¥ 27,856","¥ 27,856","15","B08CKNBK51","B09BBHJ8L3","25.5","23.6","10.4","2290"
"DURAXION 1/4インチ トルクレンチセット 自転車 バイク ロードバイク 1-25N.m 71点組 高精度±3％ 大きい音 見やすい","5956","76","50","85","¥ 12,999","","1","B0F5GPB9FX","B0GY77KLCN","46.3","19.3","6.9","2960"
"アサヒペン お徳用ペイントうすめ液S 4L 塗料 ペンキ 希釈用 洗浄用 油性塗料のうすめ液 塗装用具類の洗浄 汚れやワックスの拭き取り シンナー 日本製","5961","75","","763","¥ 5,450","","6","B0031Z5HOU","B0CNPL76W8","28.2","16.7","10.4","4050"
"FXW 穴掘り不要ガーデンフェンス 庭用 100cm×8.4m 12枚","8434","10","","18","¥ 19,900","","1","B0DPKSTFJ5","B0G3X435ZW","102.5","73.5","10","13499"
"高儀(Takagi) EARTH MAN 空気入れ 吹き飛ばし エアーコンプレッサー オイルレス 静音タイプ 静かな作動音 オイル不要 メンテナンス 簡単 キャスター付き ACP-22A","5968","44","50","63","¥ 16,040","¥ 16,040","7","B0DD6RSR9Y","B0DDSSN415","60","58","28","17000"
"KEATFE 36V-18V 互換 ハイコーキ バッテリー BSL36A18 36V/3000mAh 18V/6000mAh ハイコーキ 互換 hikoki バッテリー BSL36B18/BSL36A18/BSL36C18/BSL36B18X マルチボルト自動切替、寿命が長く、動力が強く、コストパフォーマンスが高い、簡単なインストール、LED残量表示+ PSE安全認証取得済 2個セット","5970","56","100","32","¥ 9,699","","1","B0G51BXM9P","","14.3","13.7","9.4","1320"
"Bucasso ペンサンダー バッテリー式 LEDライト搭載 無段階調速 最大8000回/分 プラモデルヤスリセット 先端アーバー8種 ヤスリペーパー 5種計15枚 ヤスリ加工・仕上げ PLH-1000 (ブルー)","5971","58","","548","¥ 6,061","","1","B0F21P42T9","B0DFFX447J","20.8","8.1","4.7","390"
"マキタ リチウムイオンバッテリBL1460B 14.4V 6.0Ah A-60660","5981","110","100","409","¥ 15,209","¥ 15,209","19","B01BW74OYW","B0H8H1GWSD","10.4","7.8","7.6","570"
"ONESORA 養生ネット 防鳥ネット 荷崩れ防止ネット 3×10m 網目2.5cm PE素材 グリーン網 園芸用","5984","76","","68","¥ 5,698","","1","B0DTFGRWCT","B0D67C66KT","43.8","30.2","18.6","2390"
"パナソニック(Panasonic) 協約型タイムスイッチ 1回路型 TB15601K","5987","83","100","465","¥ 8,500","¥ 11,179","22","B0073CD49C","","11.8","8.5","5.7","230"
"TOTO 暖房便座 TCF116#NG2（ホワイトグレー）　レギュラーサイズ・エロンゲート兼用 ウオームレットS","5987","87","","854","¥ 10,791","¥ 10,791","5","B0087NTJI6","B0859TH22S","55","49.9","15","3162"
"RARE count 流し台 シンク 厚みあり 堅めのシンク ステンレス制 キッチンシンク 台所用流し台 ステンレス流し台 シンクセット (304厚みプラス43型)","5990","88","50","68","¥ 7,990","","2","B0B5VMS5W8","B0B5VPC6LZ","48","43","32.5",""
"京セラ(Kyocera) 旧リョービ 高圧洗浄機 AJP-1430SP 668400B イエロー【高圧ホース6ｍ+延長高圧ホース8ｍで14mの広範囲をカバー】 小さくてもパワフルな洗浄力 ガンとホース類はワンタッチ接続 ノズルやホース類を本体にコンパクトに収納 洗浄シーンに合わせて使い分けられるバリアブルとターボノズル付 軽量コンパクト 最大許容圧力10Mpa 最大吐出水量8.0L/min","5991","92","50","83","¥ 17,706","¥ 17,706","14","B0BCJQGJJK","B0CCJMQYT8","45.6","30.4","28.2","7710"
"トラスコ中山(TRUSCO) チェーンスタンド 銀 高さ837mm 5本 TCSSV","5995","46","","413","¥ 5,610","¥ 5,610","1","B0C4T3QY8D","B0DD1P6M5W","89.5","58.4","37.5","11430"
"マーベル(MARVEL) ケーブルカッター 銅線専用 ME-500","5998","87","","13","¥ 19,796","¥ 19,796","16","B003W45MH2","B07N6RPHH8","83","18","6","3165"
"PREXISO P1P3M 2イン1 コンパクト磁気レーザー トルペドレベル 【2点セット】","6000","55","","697","¥ 5,663","","22","B0D69W3NYG","B0HBW8GVLV","18","11","3.9","349"
"ムサシ(MUSASHI) センサーライト シルバー 本体サイズ:幅15.5×奥行11.5×高さ16.9cm 7.5WX2灯LEDセンサーライト LED-AC315","6003","92","100","941","¥ 5,127","¥ 5,127","36","B07P9WSCT1","B088DZR9B7","18.1","17.9","13.6","910"
"セーフティライフ 防災リュック 37点セット 1人用 女性防災士監修 保存食 保存水 携帯トイレ10回分 衛生用品 オレンジ","6004","72","100","34","¥ 9,800","","1","B0FH94Y4VR","","43.4","32.6","16.2","3860"
"Hon&Guan 換気扇 350mm 有圧換気扇 10段階スピード【インボイス制度登録店】ECモーター スマートコントローラー付き センサー 温度湿度にて自動オンオフ タイマー シャッター付き 産業用 低騒音 排気専用 単相100V 工場・作業所・倉庫用 (羽根径35cm,10段階スピード)","6009","37","","3","¥ 22,083","","2","B0FNWHX1VH","B0HDSTFSYN","46","45.3","22.1","5830"
"【Amazon.co.jp限定】 HiKOKI(ハイコーキ) 36V 充電式 インパクトレンチ WR36DH 最大締付トルク350N・m 最大緩めトルク650N・m タイヤ交換 初回修理保証(1年間)付 バッテリー・充電器・ケース・ソケット別売 WR36DH(NNN)","6013","59","100","9","¥ 22,400","¥ 22,400","1","B0GRZNQ955","B0HG9R7P5B","24.4","18.9","10.2","1530"
"ブラックアンドデッカー(BLACK+DECKER) コードレス マルチツール multievo EVO185I1 インパクトドライバー DIY 電動工具 穴あけ 締付工具 専用キットボックス付属","6013","70","","92","¥ 13,305","¥ 13,305","4","B09FFJDD85","B0B4N59N5R","37.1","34.9","10.2","3350"
"KINGMAX マキタ 18V バッテリー 6.0Ah BL1860B互換 10C高出力 多重保護 DC18RF急速充電対応 KBP1860","6016","68","50","43","¥ 8,800","","1","B0FWZT9XVL","B0GWCRZ4ZV","18.3","12.9","7.8","1440"
"かべがみ革命 クッションフロア シールタイプ 幅91cm 厚さ1.8mm 日本製 6畳分12m巻き タイル柄 貼ってはがせる 賃貸OK フロアシート(RF888-S)","20888","10","","14","¥ 28,600","","1","B0DSFPWV4F","B0FQTF6V6D","93","20","20","10000"
"ANDELI プラズマカッター 切断可能板厚最大20MM 100V/200V兼用 プラズマ切断機 50Amp CUT-50DS","6030","42","50","91","¥ 25,498","","2","B0CZ3Y4ND4","B0H7168VFD","59","42.5","30.9","11260"
"FUNHOO 【45*45cm 40枚 グレー濃淡】 大判 ジョイントマット タイルマット 設置簡単 滑らない ずれない 防音 洗えるカーペット","6032","40","","1658","¥ 7,985","","1","B09P9KJHD3","B08BZ615RP","51.9","48.1","17","4770"
"Cyclyper サイクリーパー 3型 粉塵対応 サイクロン集塵機 DIY アルミ 高分離率 木工 小型 強化ペール缶 業務用 (25mm口径×20L缶)","6038","92","50","256","¥ 13,880","","1","B08QGVHZX6","B0B1Q81WZW","55.4","32.5","32","3200"
"Duratech 電動ポリッシャー 充電式ポリッシャー コードレス 3000RPM 1500mAh大容量リチウムイオンバッテリー マジックテープ式","6039","27","100","4","¥ 7,780","","1","B0H1L25NSD","","32.4","17.1","12.3","1600"
"Tyuusei 空調作業服 バッテリー 24V 20000mAh バートル BURTLE AC300 AC360 AC08 AC09 AC10 代替品","6039","39","100","50","¥ 6,999","","1","B0F7RC2D37","","11.2","10","3.2","360"
"YEZOND 遮光ネット 屋外 四角形4M*4M 日除けシェード グレー 花壇 日よけ 植物 シェード 庭 廊下 ベランダ 園芸 サンシェード 簡単設置 Dリング付き 厚手の高密度ポリエチレン","6062","52","","67","¥ 6,780","","1","B0F27JNLCR","B0F27HCJG5","33","22","11","1700"
"ダイカ 赤色 スプレーボトル 500mL 10個 逆さ吹き 業務用 霧吹き キャニヨン スプレイヤー 耐薬品 高耐久 詰め替え容器 掃除 洗車 園芸","6064","20","","1","¥ 7,444","¥ 7,444","1","B0H8XWRJ73","B0H9RW4MSH","43","24","24","1000"
"シンワ測定(Shinwa Sokutei) ブルーレベル Jr.2 デジタル 220mm 防塵防水 マグネット付 75322","6066","89","50","118","¥ 11,261","¥ 11,261","25","B08M73SRFG","B0957H1GY4","25","5.5","5","320"
"GOODGOODS LED投光器 80W 約8000lm バッテリー着脱式 マキタ18V対応 作業灯 昼光色 防水 超高輝度 YC-P80D","6067","57","","8","¥ 9,900","","1","B0DZBTHFYQ","B0CV3ZGPL5","28.8","24.5","14.7","1500"
"ZOUPW 60W Mini ソーラーパネル N型16BB 25％高効率 Type-C直接充電搭載 各種ポータブル電源に対応","6068","29","","108","¥ 14,399","","1","B0H6S66RHF","B0HDV181PN","47.5","39","7","3130"
"木目 置くだけ のり残らない 配送込み 床 リメイクシート 賃貸 防水 厚手 クッションフロア 畳 店舗 トレイ用 diy フロリングシート床材 (はいいろ, 長さ32メートル/ 約6畳)","6069","38","","271","¥ 9,399","","1","B0G7WJJ5CW","B0DHZD3J7V","30.5","22.8","11.7","7380"
"トネ(TONE) ハンディデジトルク H3DT135 差込角9.5mm(3/8"") ブラック 135N・m","6082","87","100","424","¥ 9,882","¥ 9,882","22","B007P7YHI2","B07WR1B1KH","13.5","11","5.7","390"
"パナソニック(Panasonic) 【受注生産品】Panasonic 防水ゴムコードコネクタ セット品 接地2P WA3630","6083","63","","1","¥ 8,017","¥ 8,017","5","B00Y1UA5BE","B0C3LPXQYY","18.2","14.8","9","780"
"MAXWIN 高圧洗浄機 コードレス 充電式 ポータブル バケツ一体型 水道不要 4in1ノズル 温水対応 家庭用 G-MSWH02","6086","46","50","30","¥ 5,681","","1","B0GVN4HFPH","","33.5","32.7","15.1","2880"
"マキタ(Makita) 充電式インパクトドライバ 14.4V 3.0Ah ピンク TD138DRFXP","6089","36","","220","¥ 52,800","","1","B0156FJHHA","B07DC4X5VK","35.7","30","12.2","4440"
"TRUSCO(トラスコ) インパクト用ロングソケット(差込角25.4)対辺46mm T8-46AL","6429","41","","","¥ 5,827","¥ 5,827","22","B00762GKVS","B0C8RMHD7T","14.3","9.6","6.7","1284"
"ダイドーハント (DAIDOHANT) ( 有刺鉄線 ) バーブ [ 鉄 ・ 亜鉛メッキ ] [太さ] #14 2.0 mm x [長さ] 100m 付属品: 又釘 (約60本) 55785","6094","61","","18","¥ 6,761","¥ 6,761","6","B00OMG48FQ","B0CSJKQSRW","26.1","24.4","23.9","7910"
"インバーター発電機 静音 ガソリン発電機 エンジン発電機GH4500i 定格出力4.0kVA オープン型 ガソリン発電機 7.5L大型燃料タンク搭載 正弦波 50Hz/60Hz切替 低騒音 過負荷保護 オイル不足保護 長時間連続運転 キャンプ DIY 移動販売 イベント 建設作業 災害時に大活躍 ブルー","6095","47","50","191","¥ 58,500","","1","B0D6LFH4L9","B0H8BVM71X","49","49","48","26000"
"MJJC ケルヒャー用 洗車 フォームガン【第３世代 フォームキャノンS V3.0＋神泡シャンプーお試し200ml】 洗車セット 洗車用品 泡 ノズル ケルヒャー 高圧洗浄機 K2 K3 K4 K5 MINI JTK 互換アダプター付属","6101","90","200","177","¥ 8,480","","1","B0CV1869YC","","25.6","23.2","11.7","1240"
"電動剪定バサミ【山本造園会社監修】切断径40mm 2段階開口 ブラシレス マキタ18V互換 4000mAh電池 PSE認証 液晶表示","6103","58","50","422","¥ 13,299","","2","B0GGH6HJ5H","B0HBB6L8FY","36.2","30.2","10.7","3060"
"スピードスロット分離式バイメタルホールソー140ｍｍ","6108","56","","87","¥ 10,745","¥ 10,745","12","B07LGF15SS","B08CZXSVP9","16.5","15.6","6.6","720"
"トネ(TONE) チタンシノ付めがねレンチ(トルシアボルト用) TSM-22 二面幅36mm","6109","48","","7","¥ 46,762","¥ 46,762","6","B005OHG3P0","B07WRFVN4G","48.6","7.8","7.4","920"
"waitley マキタ 互換18V バッテリー 充電器セット 6.0Ah BL1860B デジタル％残量指示付き 全保護回路搭載 PSE認証済","6113","93","100","37","¥ 6,839","","1","B0G515LNGF","","29.5","20.5","9.5","710"
"ニッペ ペンキ 塗料 水性フレッシュワイド 3.2L ブラックチョコレート（こげちゃ色） 水性 3分つや 屋内外 日本製 4976124025433","6122","55","","233","¥ 5,535","¥ 5,535","13","B005TFHLQ2","B07MJKQWMV","18.1","16.7","16.7","4400"
"アネックス(ANEX) オフセットアダプター 17mm ソケットセット AOA-17S1","6133","83","100","30","¥ 10,887","¥ 10,887","13","B0FPKPSYFF","B0FXD3BXFG","30.1","13","4.9","860"
"Modfiedミストシャワー 屋外 30M 噴霧ノズル ノズル スプリンクラー 散水ノズル 屋外冷却 節水 熱中症対策 水やり プール 植物 盆栽用 家庭園芸 温室加湿 ガーデン ほこりの除去 (30M)","6136","55","50","52","¥ 5,199","","1","B0FGJGXDSZ","B0FGJLYFYZ","27.8","27","10","880"
"マキタ(Makita) 充電式ピンタッカ 18V 本体+ケース PT353DZK","6137","56","50","317","¥ 31,444","¥ 31,444","11","B01NCYY2JA","","48.7","32.9","13.9","3860"
"MLTUN MAKAN SUS304 ステンレス 角型外壁フード 換気扇レインカバー 防風防虫ネット付き レンジフード排気口カバー 住宅・飲食店向け 外壁換気資材 (304ステンレス鋼補強 12インチ（開口部 ≤ 38×38cm）,メッシュ付き)","6601","1","","","¥ 10,429","","1","B0H824L62X","B0H82CQ3Y5","52","52","40","2500"
"KVK シングルレバー式混合栓 KM5011T","6140","91","100","297","¥ 11,980","¥ 12,708","22","B006O3H7WQ","B08XMWNMY4","36.4","35.2","7.7","2100"
"WhiteForest 高圧耐寒 散水ホース（16mm/20mm/25mm）1～60m カット可能 クランプ3個付属｜ガーデニング・洗車・農業用｜耐圧ネジ切り加工 屋外用水道ホース 高強度 45M 内径25mm (50M,内径20mm) [並行輸入品]","6142","24","","6","¥ 7,999","","1","B0FX9NW8WN","B0FX9NWLRV","50","50","20","3000"
"TOTO キッチン用 壁付シングル混合水栓(エコシングル、寒冷地用) TKY01305ZA シルバー","6143","45","","15","¥ 11,919","¥ 11,919","5","B09D3495JP","B09PC1MZN4","35.6","21.2","10","2020"
"【驚異の明るさ・省電力】SUKITEN 投光器 ledライト 作業灯 100W 2個セット 15000lm 屋外 IP66防水 極薄型","7682","59","","18","¥ 6,351","","1","B0CPDVD85T","B0GYWM3W57","24.1","24","7.6","1530"
"エルパ(ELPA) コンセント式 センサーライト 3灯 (白色LED/防水仕様) 屋外 センサーライト 足元 (ESL-ST1203AC)","6158","100","","363","¥ 10,437","¥ 10,437","17","B07DK8X34V","B07QHHQ433","18.4","18.3","14.9","1220"
"LOVE STORY ガーデンパラソル 210cm/230cm/270cm/300cm 大型 風に強い パラソル ハンドル開閉 角度調整可能 撥水加工 折りたたみ 軽量 テラス 庭 (230cm ブルー)","9477","30","","277","¥ 7,299","","1","B09WMDHSMP","B0H3KFGPPM","127","13.5","13.5","4000"
"マキタ(Makita) ヒートガン 18Ｖ バッテリ・充電器別売・ケース付 HG181DZK","6177","57","100","271","¥ 15,688","¥ 15,688","19","B09VBKXKJH","","42.9","34.7","11.2","2460"
"キャンプグリーブ 大型風防板 ウインドスクリーン 60cm 片面マットブラック スクエア型 焚き火 リフレクター 風よけ 黒銀 高耐久収納袋とOリング14個付き","6179","57","","20","¥ 5,280","","1","B0BPLGWYL5","B0BPJTPVHJ","60.5","19","1.8","2020"
"バッチリバンドソー刃 パナソニック EZ1C51 バンドソー替刃 5本入 ステンレス・鉄用 18山 B-CBP114018/2","7715","0","","204","¥ 5,500","","1","B0HBMZR1HT","B093QBKXKR","32","22","2","325"
"750W 水中ポンプ DEKOPRO 底部入水式 排水ポンプ 最大吐出量12500L/H 最大揚程9M 汚水 清水用 60Hz/50Hz 循環ポンプ 水耕栽培 ウォーターポンプ 水族館給水 散水 日本語取扱説明書","6184","77","100","896","¥ 6,980","","1","B0GKG3M36Z","B0H9XFW7T9","36.7","23","18.7","4170"
"OSJ 物置 屋外 宅配ボックス 収納庫 大容量 270L 樹脂製 防水 耐候性 ベランダ 頑丈 114.7*46.5*57.6cm","6187","27","","38","¥ 10,419","¥ 10,419","2","B0FQP1MDD3","B0FGHND28H","118.5","60","11.5","9350"
"【500万画素・防犯対策助成金あり】ワイヤレス防犯カメラセット Hiseeu 屋外セキュリティカメラ 10.1イン NVR 10チャンネルまで増設可 カメラ4台 カメラ 遠隔監視 防水等級ip66 動態検知 屋内/屋外 防犯カメラ (カメラ4台＋8チャンネル録画機＋1TB HDD)","6188","103","100","955","¥ 38,080","","1","B0B634ZJ2D","B0H85RQGVB","32.4","29.3","19.8","4580"
"160mm コンクリートドリルビット(XL合金歯) 220mm SDS プラスシャンク+5個防塵袋付 き高強度タングステン合金歯 コアドリル セメント 石 壁 フォームブリック用","6200","32","","67","¥ 6,950","","1","B0DGXBWBS5","B0DGXHRHMK","19","18","11","2700"
"LIXIL(リクシル) INAX エコハンドル付 シングルレバー混合水栓 泡沫吐水 節水 省エネ RSF-541Y-AMZ 一般地用 水栓 キッチン水栓 水道 蛇口 交換 取り付け キッチンリフォーム","6201","94","100","659","¥ 9,553","¥ 9,553","1","B07Q2JX291","B0HFJP8HTK","44.5","29","8","1780"
"TOTO サーモユニット部 シルバー 7×8×12 cm TH576-4S","6204","63","50","376","¥ 8,918","¥ 8,918","10","B00FRHAEJ8","B08GTCBM8S","11.7","7.1","6.2","100"
"HiKOKI(ハイコーキ) 18V コードレス LED ワークライト 最大2, 000lm ダイヤル式調光機能付き 蓄電池・充電器別売り UB18DB(NN)","6205","50","","35","¥ 10,710","¥ 10,710","9","B09YM3BDKL","B0DLW3BZR1","19.1","17.9","14.8","1350"
"コードレス高圧洗浄機 充電式 超ミニ 折り畳み式 高性能5in1ノズル バッテリー一体型 噴射距離10M","6209","56","50","17","¥ 7,990","","1","B0GVYN3HD2","","22.4","18.8","13.1","1460"
"高儀 18V 充電式 2WAY グラストリマー SL-GGT160-AS EARTH MAN SHARE LINK 草刈り機 バッテリー・充電器付 バッテリー式 チップソー・樹脂ブレードの2WAY","6211","97","50","31","¥ 12,290","¥ 12,290","10","B0C5M38ZWZ","B0DZM9ZSXG","103.3","22.2","10.5","3930"
"CLY センサーライト 屋外 LED投光器 100W 昼白色 6500K 超爆光 3灯式 10000LM IP66防水 コンセント式 人感 LEDライト【2025年最新改良 3面発光 リモコン操作 常時点灯機能 本体センサー部もモード調整可能】フラッドライト 防犯ライト 駐車場 ガレージ 庭 玄関 倉庫 廊下 勝手口 1.5Mコード AC100V 2芯と3芯併用プラグ PSE認証取得","6216","81","50","35","¥ 5,593","","1","B0F98LD9S5","B0HFWV691P","23.2","19.9","17","1530"
"Biling ソーラーポンプ 噴水 12W 濾過装置付 4ノズル 池・ガーデン用","6223","47","50","76","¥ 6,640","","1","B0H6DJX11R","B0H6X562G5","35.2","23.8","13.5","2160"
"ガービー（Garvee）オーニングテント 横幅2m つっぱり式 日よけ サンシェード 紫外線対策 UVカット 撥水加工 雨よけ 巻き取り式 高さ 180°角度調節可能 目隠し 簡単設置 工事不要 グリーン 玄関 ベランダ 軒下 窓 庭","6232","72","50","67","¥ 8,280","","1","B0GY4GPDZD","B0GY4V6156","125","16","15","10000"
"マキタ 充電式マルチツール10.8V バッテリ充電器別売 TM30DZ","6234","86","50","616","¥ 12,689","¥ 12,689","15","B01DDIPOGK","B085NRMLTR","45.1","16.5","11.9","1070"
"イカリ消毒 スーパースズメバチジェット 480ml×24本セット スズメバチ駆除用","6235","63","","226","¥ 24,800","","9","B01COEEZFK","B0BJD7LWDN","42","29","24","11000"
"Waitley４個セットマキタ18v互換バッテリー BL1860B大容量6000mAh カットオフ機能付き","6242","69","100","20","¥ 13,428","","1","B0GDG4ZX1C","","29.8","20.6","9.7","2670"
"Amazonベーシック 金庫 耐火・防水 手提げ シリンダー式 鍵付き 家庭用・業務用 6.2L 外寸36.5×28.5×15.5cm ブラック","6243","45","","272","¥ 6,278","¥ 6,278","1","B0DPHT6M99","B0DPN57H97","43","38","22","9000"
"ブロワー 強力 ブロアー 充電式 900g超強推力 70m/s大風速 充電式 ブロワ 5段階風量調節 スイッチロック機能 ブロア LED残量表示 4000mAh大容量バッテリ一2個搭載 PSE認定 電動ブロワー マキタ18V バッテリー対応可能 家庭用 庭掃除 ホコリ取り 落ち葉掃除 除雪作業 肩掛けベルト付き 日本語取扱説明書付き（ブルー）","6248","53","100","42","¥ 8,999","","1","B0H331L9WW","B0H7PVMR4L","48","25","22.5","3290"
"KANIYA 遮光ネット 日よけ シェード 抗紫外線ネット95% 防塵 高密度ポリエチレン 18ピン ベランダ カーポート ルーフ ヤード パーティー 廊下 エッジを広げる(8x9)","7509","15","","30","¥ 10,192","","1","B0H4ZGF4RN","B0H4Z82RRC","48","37","11","1880"
"BOSCH(ボッシュ) カットソー・マルチツール用ブレード28mm (スターロック・5本組) AIZ28SCN/5","6253","54","","415","¥ 5,498","¥ 5,498","24","B01I51I656","B0CKF87NR5","16.7","9.5","2.5","130"
"トップ工業 (TOP) 電動ドリル用 αアルファソケット11本組セット 8~24mm ケース付 変換アダプター付き EDX-824AS アルファシリーズ 燕三条 日本製","6256","70","","85","¥ 12,545","¥ 12,545","21","B07L6C131L","B0BWDCQ77P","31.2","27.4","6.8","1700"
"YOIbuy PRO 18V 充電式電動バサミ、選定バサミ 最大切断径45mm、4段階調整可能、ブラシレスモーター搭載、液晶ディスプレー付き、SK5鋼刃、マキタ18V互換、本体のみ（バッテリーは別売り） YPS-P45","6261","64","100","63","¥ 9,999","","1","B0GYFV8T5G","","34","13.7","10.3","1380"
"BougeRV ソーラーパネル 太陽光パネル 200W 折りたたみ 【高変換効率25%/割れにくい/IP65防水防塵】 超長 2.5m ケーブル（本体 2m＋変換ケーブル 0.5m）付属 【BougeRV冷蔵庫内蔵バッテリー直接給電対応 】携帯ハンドル スタンド 変換ケーブル付き(XT60/DC7909)対応 キャンプ 車中泊 停電 防災 非常用電源 電力不足時も安心！","6272","78","50","33","¥ 25,458","","1","B0GFFXRGYR","B0GX5GYNPG","68","65.5","9.5","7530"
"アイリスオーヤマ 土嚢 土のう 土のう袋 吸水 防災 台風 浸水 災害 緊急簡易土のう スタンダードタイプ 100枚 水で膨らむ","6279","49","","152","¥ 40,370","","2","B0CF55HPC5","B0CMZHQ8RH","70","37","26","10000"
"シプロソー レシプロソー 充電式【家電批評ベストバイ2冠受賞・山本造園会社監修】Vinelea 電動ノコギリ 無段変速 21V 大容量バッテリー*2 電動のこぎり ブラシレスモータ― 小型 12本高炭素鋼替刃付き 安全ロック 枝切り 竹を切る 庭木の剪定 粗大ごみ切断 木材切断 一台多役 軽量 家庭用 日本語取扱説明書付き","6291","18","","22","¥ 7,999","","2","B0HBWFQKYG","B0HD8QGXYS","37","27.2","10.4","2900"
"高儀 スライド丸鋸 190mm SM-190A","6292","60","50","317","¥ 20,760","¥ 20,760","12","B01BTMU8YK","","72.4","44.4","36.6","12040"
"TEENO 14.8V 充電式コードレスディスクグラインダー 最大 19500RPM バッテリー 2 個付 小型軽量多用途電動工具","6300","39","100","10","¥ 6,499","","1","B0FR4X2TW4","","26.3","21","10.9","1830"
"【Works with Alexa認定】TP-Link LEDテープライト クリスマス RGBW+IC対応 テープ マルチカラー かんたん設定 アプリ対応 Wi-Fi 無線LAN マルチカラー 白色 【Apple HomeKit/Alexa/Google Home 対応】グラデーション 音声コントロール 2500~6500K 5m Tapo L930-5","6319","63","","546","¥ 5,015","¥ 5,015","4","B0B59RLH4F","B0B67RQCK5","20","18.1","6.9","550"
"マキタ(Makita) インパクトドライバー用 ビット ソケット ドリルビット 33本 セット 六角軸6.35㎜ ケース付 E-06622 [並行輸入品]","6323","104","100","104","¥ 6,280","","4","B0BCX4DGFZ","","25.7","23.3","4.5","580"
"165cm 垂直設置 植物育成ライト 室内用 48W 336LED フルスペクトル 観葉植物ライト タイマー付き 調光10段階 スタンド式 植物成長灯 温室 吊り下げアクセサリ対応","6323","90","50","97","¥ 9,999","","1","B0FP4XBT48","B0GSQCND4M","44.7","19.9","8.2","1970"
"トネ(TONE) エアーインパクトレンチ(ショートタイプ・ブラックカーボン柄) AI4201CB 差込角12.7mm(1/2"") 右回転610N・m 左回転700N・m","6325","87","50","175","¥ 19,428","¥ 19,428","1","B07TR6971J","B07WWSQ7TW","19.6","18","7.1","1300"
"[バートル] 24Vリチウムイオンバッテリー AC09 エアークラフト AIRCRAFT 京セラ製 2025年モデル 96メタリックレッド","6326","51","50","108","¥ 13,500","","4","B0DY4MKLQH","","15.9","11.7","6.6","560"
"【オンライン限定】ニッペ(Nippe) ペンキ 塗料 FOR PRO 水性内装用塗料 20kg カラー:グレー（N-77） 調色 つや消し 日本製 日塗工 特注色 業務用 4976124751325","7511","33","","165","¥ 11,880","¥ 11,880","1","B0D53LG38H","B0FC5XFR6K","35.4","23.8","23.8","20000"
"MUTOHIRO むとひろ ソーチェーン 91PX-52E(91VXL-52E) 対応 チェーンソー 替刃【ハスクバーナ:H35-52E／スチール:63PM3-52対応】","6349","50","","609","¥ 5,040","","1","B07D8SML5C","B07K23CD46","25","19","2.2","600"
"LEDテープライト 25M 高輝度 チューブライト 防水 リニア発光 シリコンチューブ 曲がりやすい 切断可能 取付け簡単 間接照明 DIY 100V","7282","16","","10","¥ 25,960","","1","B0GS3448SN","B0GS2ZWWS8","20","20","15","2080"
"YOIbuy PRO 18V リチウムイオンバッテリー 6.0Ah実容量 MKT 18V互換 全保護基板 最大放電電流60A 国内正規品 BL1860B (4点セット品)","6352","86","","3","¥ 26,480","","1","B0FLXCXRKJ","B0DS2QKVSK","25.4","17.9","9.4","2840"
"SANEI(サンエイ) 厨房用水栓 レバーハンドル・90度開閉 内地・寒冷地共用 A2310L-13","6360","85","","227","¥ 5,279","¥ 5,279","29","B008CAARFS","B0FJ2M2TYH","23.9","12.5","7.8","588"
"パナソニック(Panasonic) EV・PHEV充電用 カバー付15A・20A兼用接地屋外コンセント 簡易鍵付 露出・埋込両用 200V用 ホワイトシルバー WK4422S","6364","45","50","223","¥ 10,783","¥ 10,783","10","B0086LMSM8","B01MZ93WCZ","29.7","10.4","10","580"
"SAFETY PLUS 猫用防災セット 猫 避難用品 特大ケージ 折りたたみ 防水リュック ペット 非常用持ち出し袋 ブラック おすわりタイプ","8834","33","","11","¥ 8,980","","1","B0GDTZY1DG","B0GPDRFF3X","45","25","25","2950"
"HAZET(ハゼット) 両口スパナ シルバー 32×36mm【日本正規輸入品】450N32X36","6373","39","","360","¥ 5,525","¥ 5,525","4","B001C9VAV6","B0H5JJZP7F","33.5","7.3","1.6","570"
"【7年保存】非常食 長期保存 防災セット（TRIEM防災セレクト） (パンセット) 10食(x 1)","6374","66","100","162","¥ 6,390","","1","B09KB612RH","","21.9","21.2","17.3","1400"
"アサヒペン カラーサビ鉄用 1.6L ライトグリーン 塗料 ペンキ 油性 ツヤあり 1回塗り 速乾 サビの上から塗れる 錆止め 上塗り兼用 特殊防錆剤配合 日本製","6374","38","","65","¥ 5,100","¥ 5,303","16","B0033JYJS4","B0CP1BK3XS","21","14.2","13.6","2240"
"マーベル(MARVEL) Mバーカッター MCM-500","6378","90","50","132","¥ 18,955","¥ 18,955","15","B003WU0CYY","B07NX1PS5X","52","16.2","4.7","2000"
"八番屋 ポスト 郵便ポスト 郵便受け 大型 ダイヤル錠 壁掛け ステンレス SUS304","6385","72","50","278","¥ 5,364","","1","B0CNSXQFD4","B09H2L5BZ5","43.1","27.4","13.3","1980"
"SK11(エスケー11) エアホース セーフティソフト 特殊PVCで柔らかい 20m SAZ-620","6386","71","","336","¥ 5,403","¥ 5,403","13","B00K05TIA8","B0752JN5PH","26","25.5","8.3","1750"
"オーム(OHM)オーム電機 植物育成ライト LED 室内 植物用ライト 日照不足解消 タイマーで自動点灯・消灯 5段階調光 観葉植物 室内栽培 折り畳み式 AC電源 白色系ライト TT-YG05N1A-M 06-5241","6387","63","","14","¥ 5,945","¥ 5,945","6","B0DNDKG4BH","B0FDW4TRTR","40.3","20.4","9.5","1650"
"ホーザン(HOZAN) 電動ドライバー 手回しドライバーの感覚で、ネジ締め作業をアシスト D-700","6383","93","","1","¥ 6,839","¥ 6,839","11","B0CQQP3RPJ","B0CSYM1VG5","17.3","4.7","4.5","220"
"HiKOKI(ハイコーキ) 解体用 セーバーソーブレード レシプロソーブレード 全長300mm 刃厚1.3mm 山数10/14 コンビネーション刃 No.224CW 50枚入り 0000-4435","6395","86","","15","¥ 33,906","¥ 33,906","14","B095WNHZVX","B0962KY55Z","33.5","8","3","2420"
"コーケン 1(25.4mm)SQ. インパクト6角セミディープソケット(薄肉) 50mm 18301X-50","6404","46","","","¥ 7,315","¥ 7,315","6","B004IKOAUE","B07DC1Z32W","11.8","8.6","7.1","1430"
"パンドウイットコーポレーション(PANDUIT) モジュラープラグ圧着工具 MPT5-8AS","6405","51","50","268","¥ 21,955","¥ 21,955","16","B007WYURP0","B08CCNFTQW","34.7","12","3.4","360"
"JIANLEI 日よけ シェード6M*6M 遮光ネットブラック 日除け止めネット 農業用 植物 園芸用 高密度の厚さのポリエチレン 紫外線耐性があり 複数のサイズオプション 2m 3m 4m 5m 6m 8m 10m 12m 15m","7012","52","","187","¥ 8,860","","1","B0FLY392HG","B0C7PMJG2P","33","22","11","1100"
"【リチウム電池活性化】 LVYUAN(リョクエン) PWM 40A ソーラーチャージコントローラー12V24V兼用 USB5V出力付き 液晶画面付き 船舶 野外 車中泊 災害対策 地震停電 防災予備品 太陽光発電専用 国内仕様【日本語説明書付き】 HC シリーズ HC2440","6410","61","","28","¥ 5,098","","1","B0D96CS8QT","B0CPYGH7RP","17.7","10.6","4.6","380"
"SANEI 水栓補修部品 水栓ケレップ 呼び13水栓用 100個入り P82A-100S-15","6411","75","","891","¥ 7,687","¥ 7,687","5","B00ARBFGHY","B0C64Z4FK7","14","9","5.8","862"
"HiKOKI(ハイコーキ) 2ポート 急速充電器 10.8V 14.4V 18V マルチボルト蓄電池対応 UC18YDML","6422","102","200","137","¥ 7,450","¥ 8,008","18","B0CNRKY4L3","B0CQC84PXQ","22.9","16.7","11.2","960"
"ISOTRONIC 3個入 超音波 ねずみよけ 電池式 防水 携帯型 ネズミ対策 室内 車 倉庫用 70632(3)","6425","57","","203","¥ 9,070","","1","B0C7RDY9FX","B0C7RG51G5","20.5","13.6","8.9","640"
"YUNASAY ソーラーライト 屋外 ガーデンライト 30LED 高輝度 IP68防水 ソーラーグラウンドライト 埋め込み式 太陽光パネル充電 自動点灯/消灯 取付簡単 置き型 に適用 庭 景観照明 芝生 玄関 歩道 車道 (ホワイト, 8個セット)","6431","49","","20","¥ 7,499","","1","B0H296SPYG","B0H5K83ND7","17.4","15.7","5.1","850"
"WASJOYE 金庫 テンキー式 家庭用 店舗用 業務用 会社用 警報アラーム＆鍵付き A4ファイルとA4封筒対応 床・壁に固定可能 (45.0L)","6435","45","","1072","¥ 10,999","","1","B0GVRX5P8C","B0GTYKS52J","55.1","39.1","14","6650"
"JESIMAIK 電動噴霧器 18L 充電式 4.0Ahバッテリー 自動撹拌機能 超軽量3.6kg 背負式 手元で圧力調整 マキタバッテリー対応 人体工学極厚ベルト 4時間連続作業 高耐久HDPE素材 ノズル5種付 大容量 静音 薬剤·肥料散布 除草 防除 消毒 散水 農業 家庭菜園 3WBD-18","6437","94","100","53","¥ 13,990","","1","B0GLXSHW2P","","53.5","41","23.4","4750"
"FUNHOO ジョイントマット 大判サイズ タイルカーペット ずれない 防音 洗えるカーペット ペット用 パンチカーペット","6438","50","","946","¥ 7,984","","1","B09P9MB8BC","B0CC9G8G9N","45","44.5","15.5","4750"
"旭電機化成 止水板 3枚組 水害対策 防水 台風 大雨 浸水 ABO-32903","6439","47","50","3","¥ 6,030","¥ 5,506","3","B0GL7KH6FW","","49.5","42.5","10.8","1170"
"Boobest 幅120cm×長さ5m リメイクシート 木目 茶色 壁紙シール 机リメイクシート 剥がせる壁紙 厚手 壁紙シール 木目調 ウォールステッカー おしゃれ 自宅 賃貸 リフォーム 補修 DIY 貼りやすい リメイクシート 防水 北欧風 木目シート ウォールデコ 防油 キッチン トイレ お部屋","8501","35","","63","¥ 7,290","","1","B0DNVCQGQN","B0GM6YGF95","123","5","5","2100"
"【2026新型】TaskStar 電動噴霧器 16L 充電式 背負式 2個バッテリー 6種類ノズル 2個伸縮パイプ 圧力調整 低騒音","6448","69","100","183","¥ 8,800","","1","B0GTY9MCYX","B0GWC5TW8P","49.6","39","22.2","4540"
"YOIbuy PRO ハンディチェーンソー延長ポール 充電式剪定ばさみ用延長ポール 高枝切り用延長ポール 長さ1.4~2.1m伸縮可能 向き180度旋回可能 互換式 型式YHCS-P210","6453","10","50","6","¥ 7,999","","1","B0GKYP3L69","","134.1","13.3","8.3","1960"
"HiKOKI(ハイコーキ) 36V コードレスチェンソー ガイドバー 350mm ダイレクトドライブ 蓄電池、充電器別売り CS3635DB(NN)","6456","77","","31","¥ 33,140","¥ 33,140","6","B092CQXX5H","B0DW49YWF5","48","29","24.8","4640"
"【双方向音声・1TB HDD内蔵 】 防犯カメラ ワイヤレスSovmiku 10インチ超 モニタ一体型NVR 1536P 500万画素ワイヤレスカメラ2台セット10チャンネルまで増設可 遠隔監視 防水等級ip66 AI動体検知 屋内/屋外 セキュリティ 防犯カメラ (500万画素カメラ2台＋10インチ超 モニタ一体型NVR+1TBHDD内蔵)","6460","75","50","146","¥ 24,880","¥ 25,332","2","B0B5GNP1GW","B0HDZ8QYY6","31.6","29.8","18.2","2880"
"Art3d 36枚 フロアタイル 木目 置くだけ 接着剤不要 クッションフロア 防水 厚手 賃貸ok 床 シート フローリングマット 玄関 洗面所 DIY - 3畳 91.4 x 15 CM、型番 201","6463","64","","2023","¥ 5,949","","1","B0BBT513NL","B0HC1GS95V","94","17.8","6.3","12020"
"第4世代【複数投函可能/生涯ロック交換サービス/大容量 135L】宅配ボックス 屋外 大容量 防水 置き配ボックス 大型 宅急便 屋外 宅配BOX 戸建て用 組み立て不要 案内ステッカー付き おしゃれ 盗難防止 両開扉 簡単設置 ポスト 郵便受け チャコール (ブラウン)","6464","44","","62","¥ 18,981","","1","B0FFH8N4DX","B0H6HR9475","87","42","42","19000"
"カメムシ駆除 業務用 不快害虫用殺虫剤 サイベーレ0.5SC 900ml + 蓄圧式スプレー マイスター #729 1L セット","6466","85","100","35","¥ 7,500","","1","B0DDKFQ2LS","","29.5","20.8","14.9","1520"
"YOIbuy PRO インパクトドライバー 充電式 4眼LED トルク230Nm 楽モードあり 4段変速 マキタ 18V 互換 本体のみ （充電池・充電器別売） 国内1年間メーカー保証 YID-PR-11（青）","6468","67","","558","¥ 7,199","","1","B0CSCVF3BF","B0D2H62T18","25","18.7","9.8","1270"
"クレサンジャパン シナベニヤパネル F25","6475","18","","349","¥ 6,355","","1","B00813PXV4","B00SB6139C","81.2","66.8","4.6","1579"
"Lamomo LEDテープライト15M、調光可能電球色ネオンチューブ、屋外防水てーぷらいと","6476","78","","218","¥ 9,899","","1","B0DYJ8CSNS","B0DG87TKTJ","26","25","7","1000"
"アサヒペン 壁紙 クロス 生のり壁紙 幅92cm×長さ10m 道具付き 白 厚手 防カビ F☆☆☆☆ 日本製 S947-RSD-13","7720","55","","11","¥ 7,500","¥ 7,500","1","B0FHB2PTY3","B0FKM5JPN5","105","18","18","6770"
"バッチリバンドソー刃 マキタ PB181DZ PB183DZ バンドソー替刃 5本入 ステンレス・鉄用 18山 B-CBM83518J","6484","19","","143","¥ 7,380","","1","B07KXLPNTT","B085GD321T","32.3","21.9","2.2","280"
"FLYDOG ワイヤレスインターホン インターホン ドアチャイム 玄関呼び出し 工事不要 介護 無線 黒色 DB-N 基本セット(親機1台、子機1台)","6486","43","50","6","¥ 6,264","","1","B0GXZ64WZR","","20.6","17.6","5.1","380"
"マキタ(Makita) 充電式ペンインパクトドライバ 7.2V バッテリ・充電器・ケース別売 TD023DZB","6489","30","100","2","¥ 12,859","¥ 13,309","4","B0H872DV95","","28.2","7.4","7.2","560"
"【限定セット】電動フォームガン＋超吸水洗車タオル 多目的泡掃除スプレー 2L 蓄圧式 加圧式 自動泡噴霧器 残量表示・減圧ボタン付 Type-C 充電 扇状噴霧・細密乳化泡 洗車/コンロ/ガラス多目的掃除 日本語説明書","6500","51","","16","¥ 5,290","","1","B0H454QPY5","B0H2XMVN27","28.5","22.3","14.7","970"
"マキタ(Makita) レシプロソーブレード BIM48 50枚入 A-59477","6510","68","","13","¥ 23,020","¥ 38,684","14","B01LQ16U9Q","B01M0EHN8N","22.7","9.2","2.8","1724"
"Letmy ソーラーライト 屋外 防水 ソーラーランタン ガーデンライト 鉄製 おしゃれ ledランタン ブロンズ色　四個セット","6511","37","","148","¥ 6,399","","1","B0FNMHZK35","B0H8RVR77J","28.4","28","17.1","1640"
"デウォルト(DEWALT) TSTAK 1段 チェスト 工具箱 収納ケース ツールボックス 引き出しタイプ 積み重ね収納 蓋付脱着ケース DWST17803","6516","67","50","71","¥ 5,839","¥ 5,839","23","B07YWM9T2M","B0DK6XD3P3","50.7","36.2","23.3","2370"
"トラスコ中山(TRUSCO) 圧造蝶ボルト ステンレス B350530 M5×30 7個入 x 10パック x 【ケース販売】","6516","45","","","¥ 10,489","¥ 10,489","1","B0C4SYPNZM","B09NWK39GK","23.8","11","6.4","817"
"ホールソーLAIWEI超硬ホールカッター、ステンレス鋼ドリルビット、ツイストドリルビットはより鋭く、より耐久性があり、切断直径115mm","6518","66","","590","¥ 6,380","","1","B0BT9M5YRR","B0CXDCRC2H","13.8","13.3","9.7","900"
"マキタ 充電式チェンソー ガイドバー350mm 赤 18V 6Ahバッテリ2本・充電器付 MUC353DGFR","7815","67","","242","¥ 67,644","¥ 67,644","12","B07B57XRPX","B084DL3SB2","55","27","26","8400"
"タカギ(takagi) かんたん液肥希釈キット ハイポネックスジャパン コラボレーション商品 GHZ101N41","6523","66","","173","¥ 5,696","¥ 5,696","1","B00IP1N0OY","B07F3CPW62","26.1","26","19.7","1360"
"EENOUR インバーター発電機 DK2500iS 定格出力2.5kVA 防災製品等推奨品 正弦波 防音型 高出力 軽量 静音 家庭用 ガソリン発電機 ポータブル発電機 並列運転可能 50Hz/60Hz切替 過負荷保護 オイル不足警告 キャンプ DIY キッチンカー 移動販売 イベント 農作業 建設作業 災害時に大活躍","6527","71","50","554","¥ 74,899","","1","B09Y19Y4SZ","B0GWJ58JD4","51","47.5","32","24100"
"マキタ(Makita)　充電式ペンインパクトドライバ　7.2V1.5Ah　バッテリ・充電器・アルミケース付　TD022DSHXO","6529","93","50","206","¥ 18,509","","12","B0BQ1TYD45","","32.2","23","9.7","2210"
"山善(YAMAZEN) 10.8V 充電式 高枝ガーデントリマー&ガーデンソーセット 伸縮式 コードレス 4WAY 高枝切りばさみ ヘッジトリマー 高枝チェーンソー 剪定 枝切 竹切 PHS-1025","6532","63","50","74","¥ 14,719","¥ 14,719","5","B0DJLV71DQ","B0GVDRL78P","119.5","14","14","4800"
"CYCYHEAT 空調作業服 バッテリー のみ 36V 超高出力 30000mAh 大容量 DC/USBデュアル出力 5段階風速調節 LED液晶ディスプレイ搭載 Type-C急速充電 小型 軽量 空調作業服用 （PSE認証済）","6533","56","50","47","¥ 5,933","","1","B0GR99T15S","B0HGLGHFX5","24.5","7.9","4.9","620"
"UPF 水中ポンプ バッテリー式 12m揚程 充電式 排水ポンプ 排出量6m³/h 電動ポンプ 2個バッテリー付き 電動ポンプ マキタ18V互換バッテリー対応 水抜きポン 围畑 庭木などの散水 池水の循環 排水に","6544","59","50","33","¥ 8,481","","1","B0FSD1TNJF","","27.1","21.1","15.6","3160"
"京都機械工具(KTC) コンビネーションレンチ MS2-38","6549","56","","","¥ 9,429","¥ 9,429","16","B001EQCGXS","B09J7T826L","63","11","3","1400"
"ナチ(NACHI) ステンレス用ドリル 1本入り 12.3ミリ (金属・金工)","6549","52","","75","¥ 5,127","¥ 5,511","3","B001WHFKP0","B0D182DR9R","20.9","4","1.9","118"
"アイリスオーヤマ ソーラー発電式 LED人感センサーライト 防水仕様 明るさ800ルーメン LSL-SBTN-800","6553","89","","441","¥ 5,620","","15","B07ZD9FXCF","B085CGQX32","21","16.8","15.6","1360"
"Huepar S04-5RGグリーンレーザー墨出し器 4x360° フルライン（受光器付属）軽天マウント リモコン付き LCD画面付き リモコン操作","6564","63","","123","¥ 27,400","","1","B09NY5YJQM","B0G5N1P1FZ","37","30.3","13.7","3450"
"BOSCH(ボッシュ) バリューシリーズ・ダイヤモンドホイール (セグメントタイプ) DS-105PV (× 5)","6565","33","","","¥ 7,090","","","B0F2T6W4LM","B07MNVCQ43","17.3","14.7","1.1","650"
"OnlyinNY 21V コードレスインパクトレンチ 1000N・m ブラシレス 1/2インチ（12.7mm）","6567","42","100","16","¥ 9,999","","1","B0H5PSDC3C","","39","28.2","11.9","5250"
"YEZOND 日除け シェード 4M*8M 遮光ネット 屋外 農業 園芸用 紫外線から守る 高密度ポリエチレンシェード ベランダ 窓 カーポート ルーフ ヤード パーティーなどに最適 サイズには 2M 3M 4M 5M 6Mが含まれます","6593","40","","304","¥ 9,792","","1","B0FHB64R3M","B0FHZL1C1Y","33","22","11","1900"
"【ケース販売】石原バイオサイエンス 除草剤 アージラン 液剤500ml×20本","6595","66","","234","¥ 55,107","¥ 55,107","2","B0BQBW1KJZ","B0B6TLSYPB","41.5","32","21","10500"
"日除けシェード 420Dオクスフォード 4x5m 雨よけ サンシェード 防水PU塗装 ダブルステッチ 2層撥水加工 UVカット 耐久性 錆びにくいD形金具 ベランダサンシェード オーニング 庭用タープ 撥水シェード 屋外／庭先／デッキ ／キャンプ ／野外活動対応 簡単設置 固定ロープ付属 淡黄色","6602","56","50","43","¥ 5,980","","1","B0GT55PV9Z","B0HBWFTH22","33.2","25","16","2150"
"DURATECH 8mm 超ロングラチェットレンチ、メトリック、CR-Vスチール","6604","24","","687","¥ 7,596","","2","B0FQ9KYZ79","B0F6N8VR69","28.1","3.1","1.7","68"
"sozaka 充電式 ディスクグラインダー マキタ 18V バッテリー 互換対応 直径125mm 砥石 サンダー 本体のみ 【バッテリー・充電器 別売】 2年間メーカー保証「マキタ14.4Vバッテリー使用不可」「外径125ミリ以外の砥石使用不可」","6607","59","","210","¥ 5,299","","1","B0D4J72C1L","B0D4JLT1DP","39.4","18.7","10.7","1960"
"ZAIDER インターホン ワイヤレス 工事不要 ドアホン テレビドアホン カメラ付き 【双方向通話/自動録画】 赤外線LED 暗視撮影 2.4Ghz無線 WI-FI不要 玄関チャイム USB充電 超広角 防犯カメラ 日本語説明書付き","6608","86","100","61","¥ 5,869","","1","B0GQ8WVCC5","B0HGQJPG1S","16.1","11.7","6.6","400"
"非常持出袋 ブラック 防災リュックのみ 防炎 防水 防汚 蓄光材 反射材 止水ファスナ－ 非常用持ち出し袋 避難リュック 防災バッグ 防災ダイレクト","13063","17","","21","¥ 12,650","","1","B078PM5MS2","B0D7BX641T","42.9","32.9","4.6","600"
"三菱電機(MITSUBISHI ELECTRIC) 天井埋込形換気扇 低騒音 VD-13ZC14","6618","87","200","97","¥ 7,050","¥ 7,858","16","B0CYT3L3S4","","34.5","30.5","22.5","1980"
"【双方向の音声・360° 追尾機能搭載 】防犯対策助成金あり 防犯カメラ ワイヤレスHiseeu 12インチLCD液晶モニタ一体型NVR 1920P 500万画素ワイヤレスカメラ4台セット 10チャンネルまで増設可 遠隔監視 防水等級ip66 AI動体検知 屋内/屋外 セキュリティ 防犯カメラ (カメラ4台＋12インチ液晶一体型NVR 3TBHDD内蔵)","6622","67","50","612","¥ 41,293","","1","B09B74H2QZ","","42.9","28","20.7","5050"
"マキタ(Makita) ナイロンコードカッタアタッチメントEM408MP A-71744","6623","95","200","209","¥ 11,544","¥ 11,544","13","B08XK8YGQY","","99","20.5","16","2850"
"CotanCraft （カネシア工業） コンパクトフィッシャー4800 電工 配線 作業 工具 弱電 天井裏 通線 伸縮 引っ掛け棒 点検口 軽量 ピックアップツール （4.8m）","6624","70","50","109","¥ 5,980","","1","B0BTWZ4WM8","B0CHDVF6M7","44.7","6.2","6.2","480"
"日立 バッテリー 14.4V BSL1460 ハイコーキ 2個セット 互換 LED残量表示付き 6.0Ah BSL1430 BSL1415 BSL1440 BSL1450 329083 329877 329901 対応 電動工具用 大容量 高耐久 長寿命 軽量化 高出力 安全設計 リチウムイオン","6625","56","50","12","¥ 5,399","","1","B0FMJR9SQJ","","16.9","13.2","9.2","1070"
"【2026新型 10L大容量】SEESII 集塵機 乾湿両用 掃除機 集じん機 4000mAh充電式バッテリー付き 充電式 コードレス 強力吸引","6630","25","","409","¥ 11,800","","1","B0H28YY836","B0GVQ9GSL3","41.5","33.8","29.8","4670"
"JESIMAIK インバーター発電機 JM3000Xi 最大出力3.2kVA 正弦波 ガソリン発電機 高出力AC(定格3000W / 最大3200W 3ポート) 軽量 静音発電機 USB/DC出力 長時間運転 過負荷・オイル不足保護 並列運転 50Hz/60Hz切替 建築作業 DIY 移動販売 災害時やイベントで活躍 防災安全協会推奨","6632","88","100","70","¥ 64,899","","1","B0F1XLNND5","B0FZQYFW2R","51","47","34","25000"
"工進(KOSHIN) ハイデルスポンプ KM-25S [2サイクルエンジン]","6636","76","","16","¥ 36,444","¥ 36,444","21","B0027WV74C","B08338XRQX","35.7","34","31.1","7660"
"Ｐａｎａｓｏｎｉｃ 充電スティックドリルドライバー ３．６Ｖ グレー ケース付 EZ7410F03D-H","6643","90","","1","¥ 30,180","¥ 32,197","10","B0F989G6TY","B0GWHJL512","32.1","26.2","10.3","2020"
"WORKPRO ソケットレンチセット 差込角12.7mm 32点セット ガレージツールセット クイックリリースラチェットハンドル 鉄製収納ケース付き","6652","82","100","590","¥ 6,613","","1","B09FLBFC88","","43.7","23.9","9.4","5480"
"水苔 ニュージーランド産 AAA 150g×3 ジャパン蘭土 ニュージー産圧縮ミズゴケ 乾燥水ごけ 園芸 胡蝶蘭 爬虫類 シール付","6653","51","","1","¥ 6,984","","1","B0DCRVD5X1","B0DCS88F1M","28.1","27.7","14.1","470"
"ムサシ(MUSASHI) センサーライト LEDセンサーライト フリーアーム式 コンセント式 高機能 屋外 屋外用 防犯 明るい ブザー 警告音 リモコン式 フラッシュ 工事不要 LED-AC3045","6668","97","50","487","¥ 8,155","¥ 8,155","32","B08JSMF3KM","B08KK4WF4M","23.4","15.2","14","1080"
"[2026昇級版] ブロワー 洗車 強力 ブロアー 無段階変速 残量表示 3000mAh大容量バッテリー 2個搭載 PSE認定 マキタ電池互換 最強 ブロワー 充電式 80m/s大風速 180000RPM 電動エアダスター 80mm風入口 12枚大ファンブレードターボ 軽量コードレス 小型 耐久性 洗車水滴吹き飛ばし/キーボード掃除/落ち葉/庭掃除/フィギュア 日本語説明書付き","6669","55","200","24","¥ 5,498","","1","B0GSXR5T2Y","","36.4","26.7","12.1","2250"
"GIGALUMIソーラーデッキライト屋外、16パックソーラーステップライト屋外階段、ステップ、フェンス、手すり、庭とパティオのための防水ledソーラーライト 適格請求書の発行対象(ウォームホワイト)","6672","18","","786","¥ 7,880","","1","B0B7HDZSTD","B0CRHGFJSW","18.1","11.9","8.9","812"
"TRUSCO(トラスコ) 超低頭SUSキャップボルト M6X12 6本 Y311-0612 六角穴付ボルト(キャップスクリュー) x 5パック【ケース販売】","10053","47","","","¥ 5,575","¥ 5,575","1","B0BV9PLGJ1","B09NWM5C3K","11.2","11","6.2","121"
"ベッセル(VESSEL) 六角棒 スムーズボール L型レンチ 延長パイプ付き スタンダート (プレミアムライン) 9本組 8309SB","6673","24","","1","¥ 5,470","¥ 5,631","3","B0H97NMD2M","B0H97SC6FL","29.3","11.1","2.2","500"
"TRUSCO(トラスコ) 化繊ダスター刷毛 2インチ TDBC-2 × 10本 【ケース販売】","8084","50","","151","¥ 6,820","¥ 6,820","1","B0C4T76YPF","B09NWNWLYL","24","12","10","960"
"タカショー 日よけシェード 雨よけシェード ダブル 1.8×4m ライトグレー CLS-40LGW","7693","64","","192","¥ 5,336","¥ 5,336","5","B0BVFMHB2D","B0F24MG18X","36.9","30","6","1420"
"BOSCH(ボッシュ)クロスラインレーザー GLL50G","6689","113","100","71","¥ 9,639","¥ 9,639","21","B0CKFF41MK","","19.7","11.2","8.2","490"
"非常食セット 7日分【7年・5年長期保存】 7DAYSストック (ななこめっつVer) 防災ハンドブック86ページ付 21食 保存食 防災食 備蓄","6690","28","100","1","¥ 7,776","","1","B0H2LHY9SK","","34","31.3","19.4","2990"
"工進(KOSHIN) 18V 2.0Ah 充電式 水中ポンプ SSP-1820 バッテリー・充電器付 コードレス 散水 電源不要 タイマー運転 ハイパワー","6693","85","200","127","¥ 19,400","¥ 19,400","17","B0B5KK1CBR","B0G2B5JHQX","26.8","25.7","18.3","2760"
"UPF 第4代目昇級強化版 ブロワー 洗車 超強力 3種類のノズル付き ブロアー 【700g超強推力・航空級モーター・無段階風力調整】3000mAh 2個バッテリー付き 電動 エアダスター LED電池残量表示 マキタ18V互換バッテリー対応 充電式 エアーブロアー 軽量小型ブロワー コードレス 車掃除/落ち葉/洗車用/水滴/落ち葉の吹飛ばし/庭掃除/除雪等","6697","13","","26","¥ 5,399","","1","B0HCZF84MC","B0H838PNC6","36.3","30.5","10.9","2060"
"イエスフォーオール(Yes4All) ジム用ジョイントマット エクササイズマット 防音 衝撃吸収 ホームジム 大判 61cm×61cm×1.9cm×12枚セット(4.5m2) グレー サイドパーツ付 【日本正規輸入品】A3FS","6699","65","","11419","¥ 5,900","¥ 5,900","1","B0CPHQ3JTW","B0F9K2R82D","65","65","27","7590"
"SwitchBotロックUltra専用 マグネットベース For(スイッチボット ロックウルトラ) スマートロック マグネット 磁石 強力磁石 ネオジム磁石 脱落防止 (Maxタイプ)","6713","67","","11","¥ 5,899","","1","B0FQ325X21","B0FQ32HFH7","17.2","15.4","2.1","140"
"山善(YAMAZEN) 高枝ガーデンポールトリマー AC電源 着脱式伸縮延長ポール付 延長コード10m付き 高枝切りばさみ ヘッジトリマー 高枝チェーンソー 剪定 枝切 竹切 剪定トリマー 枝切り 生垣 電動 ポールソー PH-3000","6718","73","50","688","¥ 14,800","¥ 14,806","3","B08DR8WVW5","B0HFZH8PNL","106.8","14.4","14","4670"
"[モリリン] 日本製 防炎 メッシュ シート 3.6×5.4m 難燃 足場養生 飛散防止 防風 防砂 軽量 屋外 工事 建築 国産防炎メッシュシートII類 (MRM-302M) M3654GH グレー","6722","50","","45","¥ 7,409","¥ 7,409","1","B0CMPMX4CF","B0CNT92BXN","51","50.4","6.9","2730"
"アビオン 展着剤 アビオンE 5L","6724","69","","375","¥ 8,670","¥ 8,853","5","B07B8VXGRB","B0B7S1HSXB","25.6","23.8","16.8","5460"
"マキタ 充電式ハンマドリル18V 24mm/ハツリ可 SDS+ 集じんシステム・バッテリ充電器付 黒 HR244DGXVB","6725","52","","67","¥ 82,345","¥ 82,345","12","B01N0K7GFS","B08739KXQQ","63","46","16","10000"
"ビクター ツールバッグ2 Mサイズ VPT22","8155","52","","212","¥ 6,909","¥ 6,909","13","B09FDCBD9W","B09H34GQLQ","39.9","37.4","28.4","1390"
"EKNITEY 調節可能なフラワースタンド,幅20-30cmまで調整可能,屋内屋外フラワースタンド,メタルプラントラック,花台 おしゃれ 鉢スタンド1個 (ホワイト-USA)","6734","44","","794","¥ 6,761","","2","B09ZY95HL9","B0B5SSTQCL","41.2","17.5","7.6","1030"
"TOTO キッチン水栓 TKS05310J","6736","42","50","103","¥ 13,640","¥ 15,222","19","B07PSGDK4N","","41.5","29.4","8","1690"
"トネ(TONE) ロングメカニックめがねレンチ(75°) M75-3236 二面幅32×36mm","6744","62","","160","¥ 6,255","¥ 6,255","5","B08DNSSJZD","B08HTX5PWS","40.2","5.3","3","910"
"石原バイオサイエンス 除草剤 2.4-Dアミン塩2L","6756","89","50","199","¥ 6,013","¥ 6,013","4","B01DNVZMTQ","B09W9X5GWP","26.3","14.9","9.1","2510"
"ローバル(Roval) シルバージンクリッチ スプレーシルバーRS-420ML 420g (× 3)","6759","17","","186","¥ 5,376","","","B0H8DWVS5W","B094H8Q137","19.9","6.1","6","1590"
"Boobest 木目調壁紙シール 厚手 幅80cm×長さ9m ライトブラウン 木目シート 防汚 防水 リメイクシート 木目 ダイノックシート 和風 玄関 トイレ 浴室 キッチン diy 壁紙 厚手 賃貸OK 装飾シート 木目調シート","6759","44","","140","¥ 7,190","","1","B0CBWFSW1V","B0DSFW4734","81","6","6","1700"
"【メーカー生産終了】【アウトレット】Dyson(ダイソン) 掃除機 コードレス Dyson WashG1™ (WR01) スティッククリーナー 水拭き掃除機 乾湿両用 充電スタンド【ホコリとべたつきが、まとめて取れる】","6761","78","50","22","¥ 25,299","","19","B0DGX7VQ3H","B0H7SNFTSN","76.5","32","22","7870"
"KOSHIN自走式エンジン草芝刈機 EFB-53D","6763","70","100","24","¥ 66,852","¥ 66,852","9","B0GQ282GGL","","94","65","42.5","37000"
"トネ(TONE) ロングめがねレンチ(45°) HPM45-3541 二面幅35×41mm","6764","19","","911","¥ 6,160","¥ 6,160","2","B005LB0XG4","B07WRFZFWW","47","6","4.5","1230"
"ムサシ(MUSASHI) LEDセンサーライト 5W×3灯スライド型 充電式 着脱式バッテリー 屋外 耐水 人感センサー 調光機能 フラッシュ発光 高輝度1200ルーメン 玄関 ブラック LED-RC830","6767","69","","22","¥ 6,110","¥ 6,554","27","B0CJXL8ZSF","B0CNGF5S7W","19.8","17.7","14.8","670"
"LIXIL(リクシル) ナビッシュ キッチン用タッチレス水栓 シングルレバー RSF-671NA","6770","55","","129","¥ 58,584","¥ 58,584","3","B0BDQGP2GH","B0HFJL3HWK","68.3","29.7","11.1","4040"
"【2026年新型】SEESII たかえだ電動チェーンソー 高枝切り剪定ばさみ 充電式 ハンディソー 1台6役 自動給油 4000mAhバッテリー2個","6771","93","100","1188","¥ 15,900","","1","B0G57FH4Z4","B0GVJHZ84C","121.5","20","13.5","5700"
"スターフィルター 換気扇フィルター レンジフードフィルター レンジフード [枠サイズ: 横297×縦340×厚7mm] SFSET3-0-297340","6779","66","50","558","¥ 7,524","","1","B00SIVJ0XQ","B0CVZ7Y28Q","39.4","32.3","6.3","580"
"DJI Power 1000 Miniポータブル電源、1008Wh LFPバッテリー","6784","97","100","93","¥ 52,980","","2","B0GGB12B3S","B0H374HKMD","38.5","29","27","12800"
"RIDGIDリジッド パイプハンドル 42478 ベルトレンチ","6790","82","100","1180","¥ 5,215","¥ 5,215","20","B01L1DKSM4","","32.6","17","6.5","440"
"高儀 36V 充電式 耕うん機 SL-GCV36-AS EARTH MAN SHARE LINK バッテリー 4.0Ah 2個 充電器 2台 付属 静音 4枚刃 耕うん幅300mm カルチベーター たかぎ","6794","58","","1","¥ 37,900","¥ 37,900","4","B0FL6TGC48","B0FPMJJB37","53.5","41.7","39.6","11310"
"マキタ(Makita) 125ミリ充電式マルノコ(黒) 18V バッテリ・充電器・ケース別売 HS474DZB","6802","77","50","598","¥ 33,131","¥ 33,131","14","B07RC7SQZR","B08W5PJGL2","30","26.6","22.2","2700"
"和信ペイント(Washi Paint) 水性ウレタンニス 屋内木部用 ウレタン樹脂配合 低臭・速乾 つや消しクリヤー 4kg","6808","54","50","59","¥ 8,656","¥ 8,656","6","B098JSWP69","","26.5","19.8","11.5","3900"
"Aurlloct トルクレンチ 車 タイヤ交換 差込角 12.7mm (1/2インチ) 35~435 Nm プレセット型 とるくレンチ 精度±5% 125mmエクステンションバー 3/8”変換ソケット ブラック","6810","67","","1431","¥ 10,990","","1","B0DQGZSBPF","B0FR4HH1WJ","64.6","8.1","6.8","3050"
"ハスクバーナ・ゼノア エンジン刈払機 226RS【2梱包】 967055702","6824","64","50","103","¥ 40,470","¥ 40,470","7","B09QPXN472","B0DZ69T8SW","42.5","33","29","5750"
"1415個 M2 M3 M4 M5 メートルねじ詰め合わせ","6834","50","","142","¥ 6,598","","1","B0CHYG8GG7","B0CBQH2GF8","23","16.5","5","795"
"太洋電機産業(goot) 鉛フリーはんだ φ0.3㎜ スズ96.5%/銀3.0%/銅0.5% 45gリール巻 ヤニ入り SF-A0403 日本製","6838","84","","5","¥ 5,360","¥ 5,360","11","B006MNLQZW","B09TR1ZQXW","11.4","8.4","3.4","78"
"タカラ産業 ドライ・ウェーブ(DRY・WAVE) 窓壁用物干金物 KAN55 1セット2本組 ステンカラー","6848","21","","186","¥ 5,268","¥ 5,268","12","B01N6PRHSY","B01N0ZQW7M","60.4","10.2","5.4","1200"
"けむり当番薄型2種 SHK48455 （電池式・移報接点なし）（警報音・音声警報機能付） 4個セット","6850","90","100","183","¥ 8,920","","8","B0B5SGGNVP","","23.4","16.8","11.3","640"
"HAZFAS レーザー墨出し器 16ライン 建築施工用に最適 自動水平補正搭載 レーザー安全基準:クラス2 充電式バッテリー付 リモコン遠隔操作可","6857","36","","25","¥ 5,499","","2","B0FLXDNWSX","B0GZKN8JH3","25.7","22.3","13.1","820"
"SAFETYTOILET100 簡易トイレ 非常用トイレ 日本製 抗菌凝固剤 15年保存 大型消臭袋 (100回分（法人向け大容量セット）)","6874","35","","","¥ 8,400","","1","B0F53VVSTV","B0FBRLXJ5V","25.7","17","12.7","2090"
"Amazonベーシック 雑草ブラシ 4本爪 立ったまま 草取り道具 雑草抜き アルミハンドル 人間工学設計 膝腰負担軽減 園芸用 100.6cm × 19.8-28.6cm ×7.1cm","6880","81","","95","¥ 5,521","¥ 5,521","1","B0FD9HNLY3","B0GJ6GV8PG","43.1","25.6","9.7","1760"
"ミツトヨ 530シリーズ M型標準ノギス N15 530-101","6888","55","50","921","¥ 5,537","¥ 5,936","22","B000VBAC0Q","B08WLN7TXP","26.6","12.1","2.1","231"
"マキタ(Makita) トリマ M373 チャック孔径 6mm","6893","98","100","684","¥ 10,320","¥ 10,320","9","B00FKRD78K","","24.5","16.6","14","2280"
"マキタ(makita) 充電式草刈機 Uハンドル 36V バッテリ・充電器別売 MUR368UDZ","6895","69","","35","¥ 40,999","¥ 41,962","14","B07PTGFZ5L","B084MRZG9S","152.7","18.3","17.2","6000"
"【ヒルナンデス！で紹介されました】EFポリマー 土に混ぜるだけでラクに水分キープ 畑向け 保水材 粒状タイプ(つぶ) 5kg 水やり減 肥料節約 100％生分解性 ケミカルフリー","6897","70","","64","¥ 14,300","","2","B0BWRKLX9J","B0C4NR2X89","48.8","29.3","13.2","5060"
"ケルヒャー(Karcher) K 2 サイレント 1.600-920.0","6899","135","100","3023","¥ 25,027","","23","B07GXDCP3C","B0F673XZRV","58.6","32.4","32.2","8400"
"マキタ 充電式ドライバドリル [本体のみ/バッテリ・充電器別売] DF487DZ","6900","85","50","241","¥ 14,267","¥ 14,267","13","B09F9FLTL8","","24","20","11","1200"
"アストロプロダクツ ツールセット 74点組 レッド TS194 | 工具セット 整備セット ハンドツール 自動車 バイク 整備 メンテナンス DIY入門 家庭用 エントリーモデル","6907","78","","192","¥ 20,790","","6","B07VVGTPJX","B0GC3ZDD63","56","32","28","11500"
"【140L大容量ポスト一体型・複数投函】宅配ボックス 屋外防水 宅配BOX 組み立て不要 簡単設置 大型 郵便受け 置き配 盗難防止 両開扉 おしゃれ 戸建て個人宅用 案内ステッカー付き ブラック","6908","56","","53","¥ 18,022","","1","B0G57FKMG4","B0HD25N9GG","90","45","45","18"
"晨陽小店 遮光ネット4M*6M 日除けシェード 屋外 農業 園芸用 ブルーホワイト シェード高密度ポリエチレン 紫外線から守る ベランダ 窓 カーポート ルーフ ヤード パーティーなどに最適 サイズには 1M 2M 3M 4M 5M 6Mが含まれます","6909","71","","90","¥ 7,770","","1","B0CCY4MG61","B0D9S798WC","30","20","10","1800"
"ISOTRONIC ネズミ駆除 超音波撃退器 電池式でどこでも設置 吊るせる 有効範囲40㎡ 70624 2個入","6910","40","","489","¥ 6,820","","1","B0DPJQ6RDC","B0DSBN6Q71","19.9","9.3","8.7","230"
"ハタヤ (HATAYA) コードリール 屋内用 100V型 コード27+3m 太さ2.0㎟ 漏電遮断器 接地付 角型フレーム 温度センサー内蔵 (電線溶解防止機能) コンセント本体3個 コンセント防塵キャップ コンセント二次側3個 コンセント防雨キャップ 省スペース 家庭用 工場用 建設現場 高所作業 地下作業 防災 段積みリール 〈コンセント引き出しタイプ〉 DGBM-130K","6914","38","","790","¥ 35,024","¥ 35,024","6","B07W53FZRC","B0CKTQ5L74","42.7","35.5","34.5","10600"
"1280Wh リン酸鉄リチウムイオンバッテリー 1280W出力 12.8V 100Ah 蓄電池 半固体LiFePO4採用 サイズ24 防災 停電対策","6916","109","100","48","¥ 24,199","","1","B0F9WX59XZ","B0G5L4FV78","32","28","22.3","10310"
"【2026園芸業界強化版】 草刈り機 充電式 コードレス 草刈機 芝刈り機 マキタ18Vバッテリー対応可能 4000mAh大容量バッテリー2個付属 バッテリー草刈り機 軽量 電動草刈り機 LED電池残量表示付 高効率チップ 多地形 伸縮・角度調整可 4種類の替刃で芝生 枝切り 畑 雑草 植木対応 家庭・農業園芸両用機器 日本語取扱説明書付き","6924","80","1000","293","¥ 8,549","","1","B0GHRJML1N","","88.5","16.5","10.5","3260"
"和信ペイント(Washi Paint) 水性ウレタンニス 屋内木部用 ウレタン樹脂配合 低臭・速乾 透明クリヤー 4kg","6928","76","50","160","¥ 8,484","¥ 8,484","7","B098JSRDN5","B098P37315","30.6","19.7","13.3","4360"
"VOICE レーザー墨出し器 フルライン グリーンレーザー Model-G8 レーザー フルライン照射モデル アプリからの遠隔操作 タッチスイッチ","6930","43","","148","¥ 67,880","","1","B08HGP2TY5","B0CJFCV2L6","32.9","32.9","27.2","3930"
"アイウィス(IWISS) MC4コネクタ 国際認証品 高強度樹脂・純銅製 IP67耐塵防水タイプ 2.5/4.0/6.0sqケーブル対応 100組セット MC4-C100","6930","62","","36","¥ 19,800","","2","B07X28C7LR","B07KF5NLQZ","34.5","24.7","12.4","2290"
"【2026年新登場】Elikliv 充電式剪定ばさみ 電動ハサミ 剪定 ブラシレスモーター採用 開き口50mm 高枝切りの延長ポールと接続可能","6933","80","50","156","¥ 11,520","","1","B0DNJNLR3P","B0GVSDBB8K","33.1","26.8","8.1","2500"
"ユーエム工業(Silky) シルキー 鉈 ナタ 両刃 210mm 本体 ゴムハンドル 555-21","6939","47","","1017","¥ 5,409","¥ 5,409","7","B003F9L8KO","B08DV9QHVL","44.4","9.8","4.9","839"
"日東工器(Nitto Kohki) ブロワ LA-40C","6944","63","100","806","¥ 11,350","","10","B07GWCPH86","","25","22.8","20.6","3180"
"防草シート 1mx100m 140g/m² 高密度 厚手不織布 紫外線劣化防止UV剤入り 高透水性 除草シート ぼうそうシート 雑草防止 固定ピン100本と黒丸100枚付き","6946","54","","47","¥ 13,327","","1","B0GRC67RZF","B0GRBDVBCV","103","27.5","27.5","14800"
"コジット防災 座れる玄関防災バッグ グレー","6950","61","","14","¥ 8,800","¥ 10,023","9","B0C6CDPK99","B0DFGK36CF","40.5","38.7","12.3","2450"
"アイリスオーヤマ 電動マルチギア 10.8V 充電式ドリルドライバーセット コードレス 多用途 軽量 DIY PJM10DRS","6951","95","100","70","¥ 6,217","¥ 6,217","3","B0DWFJTBTT","","21.6","21.6","8.1","1370"
"Hi-Spec ヤスリセット 6点｜平・半丸・丸・三角・フラット","6955","53","","1848","¥ 9,413","","3","B0CGRC8QKB","B0G37C3YC8","20.8","14.3","1.6","120"
"福井金属工芸 パワーミニワイヤー自在 径1.0㎜×100㎝ 10本入 ピクチャーレール 吊下げフック ポスター・額縁・絵画・壁掛け 展示 1803‐10","6956","72","","187","¥ 5,150","¥ 5,843","2","B00TPDQHP0","B00L0S9NYU","13.8","12.4","4","180"
"RARE count 流し台 ステンレス 水はね 屋外 流し台下 収納ラック 簡易 ステンレス蛇口付き 錆びにくい シンクが深い 簡易流し台 ガーデンシンク アウトドア用 ガーデンキッチン組立簡単 家庭 工場 農園 (チャイルドシンク)","11774","51","","60","¥ 5,600","","1","B0B631TZH8","B0CBHQZ6Z6","44","39","16",""
"SX550UJP CyberPower UPS 無停電電源装置 常時商用給電 矩形波 550VA/330W","6964","74","100","103","¥ 10,500","¥ 10,500","4","B0CB65J37P","","37.6","19.9","11.8","3180"
"SEESII 電動タッカー 充電式 釘打ち機 ピンタッカー フィニッシュネイラー 6段階打撃力調整 単発 連続発射モード切替 大容量バッテリー2個","6965","86","100","180","¥ 11,300","","1","B0G2WW6HFK","B0GWLKN7FN","29.5","25.1","10.4","3470"
"WORKPRO ボルトクリッパー 番線カッター ワイヤーカッター 全長355mm 最大6mmまで切断可能 自転車 軟鋼線材 鉄線 針金 ケーブル切断 ボルト DIY 切断工具","6967","13","","6569","¥ 6,011","","3","B015W3BAW6","","38.5","14.1","3.9","1039"
"ENGINEER エンジニア ジェットブラックヤスリセット 精密 5本組 専用革ケース付 TFS-20","6974","48","","2","¥ 8,900","¥ 8,900","11","B079P8Z2YL","B07BFXSPRB","27.4","14.6","3.4","300"
"BIGMAN(ビッグマン) ツールボックスＰＲＯ ＩＴＢ－２８","6976","45","","6","¥ 5,008","¥ 5,008","2","B0CQC2SLTC","B0D18HK69F","60.5","31.3","25.8","1720"
"MAIHAUS フロアタイル 置くだけ KUTSUROGU マーブルグレー【9枚セット約1畳分】接着剤不要 DIY 床材 PVC 450×450mm 厚さ3mm 賃貸対応 置き敷きタイプ","6977","55","","230","¥ 8,459","","1","B0CN2RN41M","B0DQNRTHQP","51.2","46.4","3.2","10160"
"テクノ高槻　DUO-80(CP-80W後継機種）　左散気　浄化槽ブロワー　逆洗タイマー付","6979","33","50","514","¥ 28,700","","8","B01MTBYKCF","","29","25.7","24.5","6640"
"【Amazon.co.jp限定】 HiKOKI(ハイコーキ) 18V 充電式 ロータリハンマドリル DH18DPA 初回修理保証(1年間) バッテリー・充電器・ケース別売 ワンハンド コンパクト 軽量タイプ ハンマードリル DH18DPA(NN)","6982","60","50","11","¥ 21,900","¥ 21,900","1","B0GRHML4TK","B0HDCVGZLG","35","30.6","9.5","2100"
"日本プラスター うま~くヌレール 5kg 白色 12UN01","6983","58","100","258","¥ 5,043","¥ 5,043","12","B004OCUNB6","B08KJP16BN","20","18.8","18.8","5280"
"Defend Future【管理栄養士×防災士×災害備蓄士監修】長期保存の非常食セット 栄養バランスを考慮した心も身体も満たされる非常食セット (7日分-S)","6988","48","50","400","¥ 19,926","","1","B06XK7HQDY","B0BZ3S1V9F","44.4","33.8","20.2","10080"
"Kreg【クレッグ】ポケットホールジグ320 斜め穴あけでネジ頭が隠れる 対応材厚12〜38mm 2x4材対応 2連ドリルガイド","7008","62","50","7794","¥ 7,980","","5","B07VQ9S57K","","20.9","15.1","4.8","650"
"マキタ 充電式ポータブルバンドソー18V バッテリ・充電器・ケース別売 PB183DZ","7017","52","50","164","¥ 30,528","¥ 30,528","15","B085P3XBQG","B08P5JYZC9","42.5","27.5","24.3","4470"
"ドウシシャ サビにくい 屋外用ラック 幅120 ルミナス エクステリアラック グレー 4段 EX25-124GY 幅121.5×奥行46×高さ151cm ポール径25mm スチールラック ガーデニングラック ベランダラック 棚","7020","81","50","57","¥ 12,134","¥ 12,134","2","B0DJ8JCPHK","B0H6LKVFQC","120","60","15","12000"
"【NEWモデル】卓上ウォーターサーバー ペットボトル対応 【冷水9℃～温水90℃】折りたたみトレー付 小型の鍋 インスタント食品が置けるトレー コンパクト 安全機能付 ホット＆コールド両用 エコな節電タイプ 節水 手軽に給水 保温 保冷 家庭用 インテリア (ホワイト) SY-108N","7029","40","","154","¥ 8,892","","8","B0BC818MDL","B0BC84QBRD","34.9","28","26.7","2960"
"トネ(TONE) エクステンションバー HPEX30-1000 差込角9.5mm(3/8"") 全長1000mm","7029","48","","375","¥ 5,206","¥ 5,206","1","B005LEAM6M","B07WSKN2GW","104","4","1.8","760"
"ガーデンシュレッダー【山本造園会社監修】三刃高速回転 粉砕径45mm 1.5mm以下微細チップ 軽量10kg ワンタッチ開閉 過負荷保護 PSE認証","7030","48","200","21","¥ 31,499","","2","B0GZNGP6BD","B0H6WMJHF2","60","41","28.5","10000"
"パナソニック(Panasonic) コスモC露出 L付50A10+2 BQR35102","7034","72","","9","¥ 24,650","¥ 31,571","8","B00KNT3IAW","B0B2NFW1C4","58.2","35.4","15.8","5080"
"PEACEUP 5年保存 非常食セット 3日分 【保存水なし 4人用 (36食)】 アルファ米 パン おにぎり 非常食 長期保存 防災グッズ JHJ","7035","46","","358","¥ 13,800","","1","B077LVQPN5","B0BVTDY7QY","38.7","28.1","21.4","4420"
"【7年保存】非常食 長期保存 10食分 防災セット（TRIEM防災セレクト） (ごはんセット)","7038","72","200","331","¥ 6,890","","1","B08Z8K84ZB","","21.7","21.4","17.3","2700"
"ウエスト(West) WEST 純正ディンプルシリンダー 万能取替引戸錠 キー5本セット ブロンズ 333-S2305-BT 1組","7050","87","100","632","¥ 5,480","¥ 6,665","10","B01N6XJJ9C","B09NDXLVT4","18.3","6.4","5.9","790"
"LIXIL(リクシル) INAX デッキサーモスタットシャワーバス水栓 デッキ式 サーモスタット RBF-822 一般地用 浴室水栓 浴室 シャワー 混合水栓 交換 浴室リフォーム","7051","82","100","73","¥ 27,045","¥ 27,045","9","B07SYPCWTD","B0HFJNRS1Z","39.8","22.6","15","3540"
"電動サンダー「2026革新版」Cipoku ランダムサンダー 12000RPM 6段階調速 高集塵 小型 マジックテープ式 380W 高効率研磨","7051","21","50","32","¥ 5,299","","4","B0G79TL95F","B0HC5W7DG6","23.8","18.5","12.9","1500"
"Harulightaero 折りたたみ氷風呂 ポータブル アイスバス 組立不要 80×66cm 大型 冷水浴槽 12枚強化支撑板 3時間保冷 折りたたみ浴槽 アイスバス桶 水風呂 バスタブ コンパクト収納 室内屋外兼用 トレーニング後 クールダウン用 サウナ併用 アウトドア対応 [並行輸入品]","7056","35","100","12","¥ 7,900","","1","B0H2S69DR6","","73.5","22.5","14","2000"
"クニペックス KNIPEX ツイングリップ スリップジョイントプライヤー 開口幅調整可能 ネジ外し 摩耗したボルト ナットなどあらゆるものをしかっかり掴める コンフォートハンドル 250mm 8202-250","7057","70","","1022","¥ 6,416","¥ 6,416","3","B0DJQRK16L","B0DJQV1PH4","25.5","6","3","390"
"SALI 2-1/4インチ(57mm) TCTホールソーキット タングステンカーバイドチップホールソードリルビット チタンメッキパイロットドリルビット付き 金属、ステンレス鋼、鉄、プラスチック用","7058","55","","530","¥ 5,729","","1","B0CG944R93","B0DRYDLKFF","11.7","6.7","6.6","308"
"UMUST シリコンケーブルタイ 35本 再利用可能なケーブル管理オーガナイザー ワイヤータイ トラベルコードタイ コードオーガナイザー 自宅、オフィス、キッチン、学校でケーブルコードを束ねるコードオーガナイザー (5色)","7074","34","","6337","¥ 5,008","","2","B0CTKHZLSC","B0D8NCLV6Q","18.9","12.7","2.7","91"
"DEKOPRO 800W ジグソー電動 オービタルジグソー DIY 電動工具 切断工具 コード式 6段変速 4段階調節 ±45°多角度調整 木材 プラスチック 金属 家庭用 小型 除塵 吸引・吹き出し掃除機能 ブレード&定規付き 木工 DIY作業 日本語取扱説明書","7077","7","","108","¥ 7,980","","1","B0H6FLDQDR","B0HCBQWYXT","28","23","10","2730"
"ハタヤ (HATAYA) コードリール 屋内用 100V型 コード50m 太さ2.0㎟ 標準型 温度センサー内蔵 (電線溶解防止機能) コンセント4個 コンセント防塵キャップ パイロットランプ内蔵 家庭用 工場用 建設現場 サンタイガーリール GT-50","7087","42","","68","¥ 21,045","¥ 21,045","26","B000W9KTO6","B0CT5J62GT","41.3","39.7","24.5","10200"
"イーバリュー(E-Value) 整備工具セット 両開き 85点組 72山ギアラチェットハンドル メンテナンスに必要な厳選工具をセットアップ EST-2685GM","7090","54","50","2","¥ 10,800","¥ 10,800","4","B0GT2W61SN","B0GT2NJBQ1","52","27.3","26.4","9000"
"アサヒペン 油性 強着色ウッドステイン 3L ゴールデンオーク 塗料 ペンキ 木部用 1回塗り 高耐候性 木部保護 防カビ 防虫 防腐 木目を活かす仕上げ 劣化木部もきれいに仕上がる 日本製","9283","56","","4","¥ 5,484","¥ 5,484","13","B08KH4Z1YB","B0CNPDPSBB","33.5","21.2","13.8","3090"
"GZ GUOZHI 溶接機 100v アーク溶接 130A インバーター直流半自動 ミニポータブル溶接機 ホットスタート 初心者向け 小型 軽量 家庭用 日本語取扱説明書付き MINI ARC-130","7099","52","50","205","¥ 6,190","","1","B0CN38XD5Y","B0DCTLWPP2","31","21.9","19.5","3900"
"SK11(エスケー11) ソケットレンチセット TS-2465M+LEDライト付マグネットバー SMB-4R付き","7105","44","","6","¥ 16,187","¥ 16,187","5","B0CJM68M2Y","B0CKVMPWYS","53.9","38.7","17.3","8790"
"BIGM（丸山製作所） 高圧ホース 8.5×30m 637798","8330","35","","206","¥ 8,502","¥ 8,502","6","B007K2SQ3E","B07FY6LMXP","40","40","11","4699"
"高儀 コード式 変速 マルチサンディングカットソー MSC-300SCB EARTH MAN 工具不要で刃の交換可能 スピード調節 6段階 変速ダイヤル 電源コード 2m たかぎ","7109","80","50","108","¥ 6,236","¥ 6,236","8","B0DP3T1H4M","B0DQSTYMN4","34.6","12.9","9.5","1790"
"電動ドライバー【2026新登場＆1台3役】電動ドリル インパクトドライバー 電動ドライバー 小型 コードレス 21V 最大42N.m 25+3段階トルク調節 無断変速1500mAhバッテリー*2 スピード調節 正逆転切替 LEDライト 24点豪華ドリル部品 延長アダプター 充電式ドライバー ネジ締め 穴あけ DIY家具組み立て 收纳ケース 日本語取扱説明書（ブルー）","7111","27","100","17","¥ 6,399","","1","B0G8DGC6DN","","36.1","29.2","10.1","2730"
"浅香工業(Asaka Kougyou) 金象印 ショベル 丸 S 全長815mm エヴァンゲリオンコラボデザイン 初号機モデル パープル×グリーン","7115","19","50","4","¥ 5,480","","3","B0G7FKS93G","B0G7FJ52R2","85","19","9","1500"
"ハイポネックスジャパン 洋ランの活力アンプル 30ml×10本入 (30箱入ケース販売)","7116","65","","63","¥ 9,900","","3","B0BWDL7DYK","B0BWDHCZYP","53","39","15","12000"
"ガーデンマスター(Gardenmaster) ガーデンベンチ ミニ 幅80×奥行57.5×高さ74.5cm スチールベンチ パークベンチ スチール 天然木 お庭 ベランダ テラス バルコニー 休憩所 ガーデンマスター KMB-80","7118","80","","364","¥ 7,527","¥ 7,527","2","B081TS19GS","B0BWDFDT2Q","82","57","11","7330"
"ハタヤ (HATAYA) コードリール 屋内用 100V型 コード30m 太さ1.25㎟ 標準型 コンセント4個 コンセント防塵シャッター 前面フラットパネル 家庭用 工場用 建設現場 サンデーリール S-30AG グレー","7126","62","50","233","¥ 10,136","¥ 10,136","2","B0GF7MJPVG","B0GFDPTDYV","34.5","29.1","19","5650"
"LEDテープライト 20M 高輝度 チューブライト 防水 リニア発光 シリコンチューブ 曲がりやすい 切断可能 取付け簡単 間接照明 DIY 100V","8824","12","","19","¥ 20,459","","1","B0GRNQNYCN","B0GRQG9YX8","25","25","15","2050"
"高儀(Takagi) EARTH MAN AC100V インパクトドライバー IDR-160","7132","97","","71","¥ 6,180","","10","B00NUTIIC0","B0FR8PYLHC","25.5","25.2","8.4","1624"
"EcoFlow DELTA 3 Classic ポータブル電源 大容量 1024Wh 定格出力1500W ぽーたふる電源","7137","124","100","339","¥ 62,800","","2","B0G8DVFCPP","B0GX5YS4WM","40","21","12","12100"
"パナソニック 一般換気扇 スタンダードタイプ 排気･引きひも連動式シャッター 30cm FY-30P6","7137","58","50","31","¥ 6,599","","6","B0CLLNW5SS","","47.6","45.4","17","3650"
"マキタ(Makita) 畦刈ヘッジトリマアタッチメント A-76037","7138","97","100","69","¥ 22,461","¥ 22,461","15","B0C7VPZY87","","72","18","11","3200"
"ホーザン(HOZAN) 圧着工具 リングスリーブ用 電気工事士試験に JIS C9711 適合品 成形確認機構付 適応サイズ：「小（1.6×2を含む）」「中」 P-738","7158","85","50","529","¥ 5,200","¥ 5,200","22","B08T8V68SX","B074DYQV6V","24.4","7.8","2.3","300"
"トップ工業 (TOP) 電動ドリル用 強軸 ソケットセット 40V 36V 18V 対辺8~24mm インパクト 土木 建築 工具 ETS-824S 燕三条 日本製","7158","78","","31","¥ 10,700","¥ 10,700","15","B09TP5PN8K","B09Z7YP4S9","29.8","21.6","6.6","1500"
"Chatlockスマートロック 室内 スマートキー 電子錠後付け交换 スマートロック指紋認証 暗証番号 カㄧド認証 鍵アプリ対応 取付カンタン 取付スペーサー付 防犯対策","7159","41","50","48","¥ 17,800","","2","B0G2R1Y7T2","B0HCYQ7TNL","21.3","15","9.9","850"
"HiKOKI(ハイコーキ) 18V コードレスヒートガン 温度調節可能 風量切替機能付 ノズル3種付 蓄電池・充電器別売 ケース付 RH18DA(NNP)","7162","87","50","78","¥ 18,598","¥ 18,598","19","B0CKXNNM5J","B0CN2QKDJH","39.3","29.3","10.9","2340"
"マキタ(Makita) 充電式ドライバドリル 10.8V1.5Ah Led ライト バッテリ・充電器・ツールバッグ付 DF033DSHS","7168","96","100","182","¥ 13,041","¥ 13,041","8","B08DCTMBT3","B0FPLZYDDF","32","27.2","12","2520"
"Rokid ポータブル充電ケース 3150mAh 最大10回の追加充電 大容量バッテリー マグネット式 簡単収納 アルミ素材 Rokid スマートAIグラス対応","7169","48","100","5","¥ 16,390","","1","B0H5WNKZDJ","","18","6.9","6.7","330"
"北川工業 スーパータックフィット TF-L (× 4)","7172","23","","174","¥ 7,456","","","B0G5FXC8CN","B07BH34GFH","22.8","19.9","3.9","640"
"BATOCA S6 ポリッシャー ミニ コードレス 電動 車 ダブルアクション DA/RO 充電式 小型 研磨機 30/50/75mmパッド対応","7181","65","","117","¥ 17,999","","1","B0GBWVFTPK","B0H28LHZSF","36.2","24.3","14.8","2520"
"Enelife マキタ 互換 バッテリー 14.4V シリーズ 長寿命電池搭載 日本メーカー保証 電池残量表示機能 5億円製造物責任保険付 (3000mAh/二個セット（BL1430B/T))","7185","57","","5","¥ 9,500","","1","B0DL6HL8MV","B0DVLK6QL6","22.4","8.6","6.9","700"
"イチネンTASCO TA771BH 高精度トルクレンチセット エアコン","7193","93","100","230","¥ 14,164","¥ 14,164","23","B003B3L9N0","B07N1TDBGB","31.8","20.7","6.9","820"
"貼るだけ簡単！フロアタイル 72枚入り 約6畳 接着剤不要 フロアマット フローリングシート（木目調002）","8308","38","","43","¥ 8,784","","1","B0GY7HCDFW","B0H3KFSQFD","30.9","16.7","16.5","7750"
"TRUSCO(トラスコ) 振動ドリル用コンクリートドリルロング3.5mmストレートシャンク TCD-35L × 10本 【ケース販売】","7196","38","","13","¥ 7,175","¥ 7,175","1","B0C4T2JNQB","B0C8S3F6NP","22.2","7.7","7","196"
"HiKOKI(ハイコーキ) 18V 充電式 ポールソー CSP1820DA 蓄電池・充電器付 CSP1820DA(BG)","7198","92","50","103","¥ 18,500","¥ 23,539","8","B0D699G7Q1","B0D6BH4YY9","146","25","15","5000"
"【2026 年新モデル】SEESII 12 インチ 充電式チェーンソー 切断径 350mm ブラシレスモーター 大容量バッテリー 2 個付き","7201","24","","1203","¥ 10,800","","1","B0GSW61FL5","B0H7WPD5LF","60","22.5","22","3000"
"Fanttik F2 PRO ミニルーター 5段変速 コードレス リューター 25000RPM 55点アクセサリー 彫刻 研磨","7210","66","100","823","¥ 13,599","","1","B0DRXRH9DQ","","27","8.6","5.4","880"
"ガーデンマスター(Gardenmaster) ガーデントワイライト コンセント式 単品追加用 角度調整30度 IP65 約120lm LED AC100V 防塵防水 コード5m 玄関照明 庭園灯 誘導灯 間接照明 防犯ライト 庭園灯 ベランダ テラス バルコニー 防犯 ポールスタンド GT-J110AGD","7226","48","","5","¥ 6,290","","2","B0B96L54RZ","B0C3GRL3MD","28.5","11.2","7.4","860"
"Sea Gull コンパクトウォーターサーバー 卓上 ペットボトル チャイルドロック 冷水 7度 温水 95度 ホワイト 専用キャップ 転倒防止 空焚き防止 機能 付き 家庭用 水道水 軽量 白湯 ミニ 簡単 便利 500ml 2L ボトル","7227","51","50","281","¥ 8,980","","2","B0C2BYBY97","","31.4","29.5","24.6","2680"
"高吸水性樹脂(H)20kg【国産良品 10年保存 簡易トイレに最適：4kg×5個入り】","7230","71","","576","¥ 14,280","","1","B007G8TWQC","B00MNFSHHI","40","29","29","22000"
"STEPSOLUTION スリップガード 床用 滑り止め スプレー クリア色 300ml お徳用6本セット","7233","40","","429","¥ 7,180","","1","B08NWT28TS","B08NWQL3B4","19.3","18.4","12.2","2060"
"カンペハピオ ペンキ 塗料 油性 半透明カラー 木部保護 防虫 防腐 防かび 紫外線 油性木材保護塗料 メープル 7L 日本製 00247643691070","7246","53","","99","¥ 8,709","","4","B071WV3HVN","B073CNWTS1","23.8","23.5","17.5","6900"
"ハケ市 ミニスモール ローラー マイクロファイバー 混毛 レッド 3インチ 11mm 50本 セット 塗装 ペイントローラー","7247","51","","103","¥ 7,000","","1","B08LV1NBPJ","B08LV28LBV","29.7","15.3","9.7","510"
"インテランプ(intelamp) ソーラーセンサーライト 屋外 分離型 大型パネル 6000mAh 1200lm 3面発光 ダブル人感センサー","7253","62","50","326","¥ 5,668","","1","B0BRSNK8LL","B0BS2PNTKW","24.8","13.5","12","870"
"EcoFlow 60Wソーラーパネル Type-C コネクター N型ソーラーセル 単結晶シリコン 25%高変換効率 折りたたみ式","7265","89","","106","¥ 15,399","","2","B0DB7NDYKX","B0H38JS49Q","38.6","36.7","8.4","2230"
"山崎産業(Yamazaki Sangyo) 日本製 人工芝 若草ユニット E-V グリーン 60枚セット","7272","94","100","379","¥ 8,880","¥ 9,254","2","B009LTBVHM","","64","58.5","32","12190"
"マキタ(Makita) 充電式ドライバドリル DF033DSHX","7274","95","","128","¥ 18,268","¥ 18,268","14","B07N184N89","B07XRW21M9","35.8","28.4","10.2","2720"
"HOUSERAN 精密ニッパー 工具 プラモデル・電工用 薄刃 強力 プラスチック バネ付き DIY 165mm (工具 8点セット-1)","8439","53","","1802","¥ 10,670","","1","B0C7VF7TFV","B0CCSJ4268","32","16.5","13.5","2020"
"ホーザン(HOZAN) 圧着工具(オープンバレル型コンタクト用) 圧着ペンチ 15種類の大小様々なダイス 幅広い端子に対応 P-707","7290","74","","517","¥ 6,991","¥ 6,991","29","B005SUHPSW","B074GYQS72","24.4","7.8","2.5","330"
"ピービースイスツールズ(PB Swiss Tools) 304-2 無反動コンビネーションハンマー 無反動ハンマー 304-2","7292","50","","334","¥ 5,364","¥ 5,364","17","B00IIIK6GE","B07HHBF4ZH","31.5","11.6","5.7","310"
"マキタ 充電式ドライバドリル [本体のみ/バッテリ・充電器別売] DF333DZ","7297","61","50","834","¥ 7,592","¥ 7,592","11","B07MMBKG7C","B07XRFTWZQ","26.4","19.6","12.6","1080"
"SANEI(サンエイ) 洗濯機パン 床上配管用 外寸640mm×640mm H546-640","7299","19","","13","¥ 19,801","¥ 19,801","15","B01LZOYD20","","67.4","65","19.4","5640"
"Arwealxs 10本 25.4mm ディープソケット 1インチ インパクトソケットセット 21mm-41mm 六角ソケットセット 自動車整備 から日曜大工","7302","62","","51","¥ 5,509","","1","B0F28K6QFT","B0FQBYJKPR","32","27","8","7590"
"土牛産業 土牛(dogyu) 倍力Wカッター 01355","7308","82","100","199","¥ 5,660","¥ 5,660","27","B00WVZI9VO","B0DWSW86X4","29.1","15","2.2","390"
"BEITIN 強力 防湿シート 防水 床下調湿剤 床用 工業用 透明シート 厚0.15mm (1*50m)","7309","71","50","55","¥ 7,280","","1","B0CMGHKK4M","B0CMH3KTNL","103","11","11","6040"
"DEWEL ガーデンパラソル 大型 日除け 幅230cm 風に強い 撥水 回転ハンドル式 角度調整可能 ベランダ 庭 カフェテラス 鉄製 グリーン","7313","62","","182","¥ 7,899","","2","B0B6PF82XD","B0FVXLLS1F","124","13","13","4750"
"エアコン室外機カバー 室外機保護カバー アルミ箔素材 日・雨・雪・風・ホコリよけ 室外 機を守る 遮熱保護 劣化防止 省エネ 防水 防塵 日焼け止め 簡単脱着 取り外し不要 固定式 反射素材 オールシーズン適用 (98*73*41, 2個入り)","8862","55","","1216","¥ 5,604","","1","B0951W6BQD","B091CHT3DS","49","34","8","1300"
"NANWEI 振動ドリルドライバー 120Nm マキタ18Vバッテリー対応 キックバック防止 ブラシレスモーター チャック能力13mm 電動ドリル","7779","47","","84","¥ 6,640","","1","B0FLDKCCJJ","B0GV8XXMZ8","30","26.2","10","1990"
"Airy Wash 高圧洗浄機 折りたたみ ハンディー コードレス USB充電式 水道接続不要 液晶画面 軽量 収納袋 玄関 ベランダ アウトドア 動画有 日本企業","7316","17","","8","¥ 5,980","","1","B0H5K4YJTC","","23.5","22.4","13.5","1590"
"マキタ 電動芝刈機(AC100V) リール式5枚刃・電源コード式 刈込幅280mm/高さ5-55mm MLM2851","7324","89","100","589","¥ 26,182","¥ 26,182","18","B071DGF26P","B0853CWNS5","84","38","25","13670"
"BBK ATQS-61 トルクレンチ(4本)・フィックスレンチ(2本)セット","7328","65","","132","¥ 36,227","¥ 36,593","4","B07ZGSMJN3","B07DC6G5Z5","36.2","27.4","9","3260"
"【防災士×管理栄養士監修】非常食セット 2人用 3日分 計18食＋おやつ２個付き 尾西食品 アルファ米 携帯おにぎり パン 災害用 長期保存 備蓄食料 くらし安心Labo","7338","77","100","19","¥ 8,980","","1","B0FJXK4R7Q","","31","23","14","2400"
"Hi-Spec HSS チタンコーティング ドリルビットセット 1～10mm DIY用","7339","75","","3648","¥ 14,928","","6","B07VPHN7MB","B0GMQ8WT83","22.6","20.8","4.6","1100"
"ガーデンマスター(Gardenmaster) アメリカンフェンス スタンド 幅122×奥行46×高さ90㎝ 目隠し 屋外 ガレージ ペットフェンス 金網フェンス 柵 ガーデン SSB-1290 ブラック","7341","35","","45","¥ 9,998","¥ 9,998","2","B0D148M9VQ","B0GHVB4CJR","120","70","3.2","6500"
"KōGU BASE 塗装ローラー マイクロファイバー ４インチ 毛丈13mm 100本セット 塗料含み良好 水性・弱溶剤・撥水剤対応","7343","14","","9","¥ 13,000","","1","B0GVMRZJ9Y","B0GGHVZ145","40","24","20","1400"
"Cific カーブミラー 直径60cm/80cm ガレージ 道路 曲がり角 安全確保 (直径:80cm)","7346","32","","319","¥ 6,916","","1","B07R68VS28","B07R79SQL2","77","77","10","2110"
"Niane 日除け シェード 雨よけ 撥水シェード 日よけ サンシェード 庭 ベランダ 窓ペ バルコニー UVカット 目隠し (モカ, 3x5m)","7350","65","","468","¥ 5,039","","1","B097BKW695","B093PJFG41","36","29.5","8.8","2040"
"SK11(エスケー11) ボール盤 卓上 600W SDP-600V","7351","77","","38","¥ 61,876","¥ 61,876","15","B003EIC5KI","B0G2X1YXLX","67","39.8","22","30500"
"マキタ18v互換バッテリー 2個セット BL1860B（RMA06L）6.0Ah実容量 最大放電電流60A マキタ18v 電動工具用 A+級セル採用 全保護基板 PSE認証済 6億円製造物責任保険付 日本メーカー保証【純正品と見比ベても遜色のない品質】","7352","47","200","62","¥ 11,980","","1","B0FB8JPPYR","B0HBQYHC1P","18.4","13.4","8.7","1380"
"除草剤 グリホエースPRO 原液タイプ 5L×2本 農薬","7356","78","100","150","¥ 8,990","","4","B07QFV6PNP","","29.5","26.9","21.5","12300"
"【改良強化版】レシプロソー 充電式 コードレス 電動ノコギリ ブラシレスモーター 無段変速 2個21V充電式2000mAhバッテリー 一台多役 鋸","7358","9","","11","¥ 5,399","","1","B0H58S62XT","B0HB54F2F1","37","28","10","1500"
"ニードルスケーラー ジェットタガネ NK001 [現役溶接工監修] 溶接スラグ除去・錆び取り・塗装剥離 打撃4000回/分 12本付 軽量 R1/4エアプラグ付属","7364","51","50","30","¥ 5,280","","1","B0DMFDGM5R","","34.5","7","4.3","1210"
"アイウィス(IWISS) 精密圧着ペンチ オープンバレル(ギボシ)端子用 (極小端子用 IWS-2820M（並行輸入品）)","7370","54","","1130","¥ 6,255","","4","B078WNZ9FW","B07KV1G6S2","26.2","16.2","3.4","200"
"Jackery (ジャクリ) ポータブル電源 3600Plus 200W ソーラーパネル 2枚 3点セット 3584Wh 大容量 3時間満充電 リン酸鉄 10年長寿命 定格出力3000W 防災 家庭用 アウトドア用 車中泊 UPS機能 アプリ遠隔操作 純正弦波 AC100V 50Hz/60Hz対応","7374","52","","3","¥ 319,800","","1","B0GJZTY835","B0GQBSR9T6","49.1","38.5","30.9","48000"
"【ポスト一体型/電子キー付き宅配ボックス/複数投函/大容量】『らくぽす』宅配ボックス RP-PBIM 電子キー 防水 屋外 盗難防止 簡単設置 案内ステッカー付 (マットブラック×ウッド《ポスト一体型+電子キー》）","7375","70","","269","¥ 23,480","","1","B0DJD87R5R","B0F3CL3P13","98","49","47","20000"
"TANKAO LED投光器 センサーライト PIR人感 高輝度 節電 2Pプラグ付き コンセント式 AC100V 昼白色 6500K","7377","37","","1","¥ 5,886","","1","B0G1XD8SG2","B0H4TK8ZPW","30.4","26.7","8.6","1750"
"Lamomo LEDテープライト20M、RGBネオンチューブ管、Bluetooth app&リモコン制御、調光調色、音楽同期","7385","65","","68","¥ 11,999","","1","B0DJQGVLPH","B0CHPJMZTQ","31.3","27.8","5.3","2250"
"TRUSCO(トラスコ) 紙コロナマスカー 車輌用 紙テープ幅15mm シート幅550mm 長さ35m PMC550-1535 × 60巻 【ケース販売】","7388","39","","19","¥ 24,724","¥ 24,724","1","B0C4T7S9TZ","B0CD1LRJF2","134","134","11.8","11760"
"パナソニック(Panasonic) 充電インパクトドライバー EXENA (14.4V 5.0Ah電池パック×2個/充電器/プラスチックケース付) デュアル(14.4V/18V対応)+BRAIN 電子クラッチ搭載 Pシリーズ EZ1PD1J14D-Y イエロー","7393","68","","3","¥ 64,188","¥ 64,790","16","B096ZJYTZC","B0GH7C93QM","36.5","34","12.4","4810"
"Lepro SW1 LEDテープライト 防水 屋内外 5m RGBCW＋IC 流れる光 29V プロ仕様 1600万色+電球色+昼白色 AI自動生成 WiFi/Alexa対応 音楽同期 3M社製 9495LE超強力粘着 10mm幅 25μm厚銅基板 PSE認証 高耐久 取付簡単 庭/店舗/看板/装飾【Leproアプリ アカウント登録要】[SW1-5-JP]","7393","27","","","¥ 5,933","","1","B0GZNF1P3D","B0HBBFCV9Q","21.8","20.9","7.8","690"
"ブロワー 充電式 ブロアー 【1台2役 24V 6500mAhバッテリ一2個搭載】 強力 電動ブロワー コードレス 1台2役 大風量 吹き飛ばし・集塵機能 風量調整 無断変速 大風量 (青)","7397","14","","125","¥ 5,999","","2","B0H9Q8F6BK","B0HDBZ1WX3","34.7","22.1","19.6","2260"
"FUJIMI 3枚刃 5枚入り 山林用 厚み2mm ツル 草 刈払機 草刈 300mm 2mm 65マンガン鋼 合金鋼 高マンガン鋼","7404","12","","2","¥ 6,250","","1","B0DNCH7LVW","B0DD6MJRXN","27","27","3","1700"
"超硬 ホールソー インパクト対応 六角軸6.35mm ホールカッター 穴あけ スパイラルドリル ステンレス 金属 アルミ ケース付き(10個セット)","7423","60","","107","¥ 7,982","","2","B0FQHFTJ2Q","B0CKT3CM7N","30","22","7","1330"
"【ケース販売】TRUSCO(トラスコ) 75パイ/100パイキャスタｰ用車止め""とめたろう"" 2個1組 CH75100-2S×20組","7428","55","","195","¥ 13,454","¥ 13,454","1","B09T8VY4ZP","B09TP9YNCT","38","30","27","3100"
"マキタ(Makita) 充電式インパクトドライバ 10.8V 白 (本体のみ/バッテリー・充電器別売) TD090DZW","7429","86","","221","¥ 8,890","","12","B005N2BHWA","B07DC69P2N","19.8","14.7","6.4","900"
"タカギ(takagi) ホース ホースリール 30m 4水形 カバー付き 脚付き BOXYツイスター ボクシー RC330CG チャコールグレー 内径12mm","7438","99","100","8","¥ 6,573","¥ 6,573","9","B0GHNCTR1D","","42.6","40.8","30.3","6580"
"DAYUAN スライディングハンマーセット プーラーセット 2爪 3爪 17pc ベアリング ギア シャフト 鈑金工具 板金作業","7444","24","","674","¥ 6,950","","1","B0762HM8VW","","62","25.1","11.1","7640"
"TOTO 浴室用台付サーモスタット混合水栓 シルバー 300mm コンフォートウェーブ90φ TBV03423J1","7449","49","50","75","¥ 25,890","¥ 30,871","16","B0BNHTL4L9","B0CTT9X693","57","28.2","13.4","5480"
"iDOO 水耕栽培キット 水耕栽培 セット 室内 植物育成LEDライト付き すいこう栽培キット 育苗キット 育成 おしゃれ 家庭菜園 野菜栽培セット 育苗キット 自動水循環システム搭載 ランプシェードの高さ調節可能 同時に12株野菜栽培可能 ブラック ※販売元がRENPHO JAPAN以外の商品は保証対象外です","7450","70","","6432","¥ 11,679","","1","B08DLMRKHM","B09PYQ17SV","39.5","30.4","16.7","2440"
"工進(KOSHIN) エンジン式 高圧 洗浄機 17MPa 車輪付タイプ JCE-1710 自吸 水道直結 農機具 強力 洗浄 ブラック","7452","77","100","59","¥ 59,529","¥ 59,856","9","B0D1VCHTSS","B08CW54ML5","68.5","55.8","42.5","38920"
"KAIHAOWIN 160mm ニッパー 電工ニッパー 小型ニッパー 160mm 精密ニッパー 薄刃ニッパー 強力ニッパー プラモデル用工具 マイクロニッパー ワイヤーニッパー 先細作業工具 ニッパ 10点入り","7458","19","","35","¥ 7,580","","1","B09C3F9RNK","B09C1RDJCJ","23","15.5","10.6","1520"
"GRANDOOR ハイエース小窓用網戸 2枚 200系 4型 5型 6型 7型 8型 平成25年12月以降 (2枚)","7463","38","50","14","¥ 9,900","","1","B0FJRJZ6J4","B0FN7K1G94","46.2","46.1","1.5","440"
"XIKAYADA ディスクグラインダー 充電式 3段変速 100x15m対応 4Aバッテリー付き マキタ18V互換可 ブラシレスモーター コードレス グラインダー 金属切断/研磨/研削 バリ取り 表面仕上 錆落とし 電動グラインダー (本体＋電池)","7468","67","50","275","¥ 5,832","","1","B0DCNNQLJ1","B0H82DKNQG","40.5","20.3","13.9","2240"
"TRUSCO(トラスコ) TYGシリーズ 自在SP付 ゴム車 38mm TYGB-38 x 100 個【ケース販売】","8789","38","","35","¥ 22,222","¥ 22,222","1","B0BLW9KKR6","B0CBRXGBMN","30","23.8","19.7","9500"
"GOAL(ゴール) ドアノブ 浴室錠 ユニロック 円筒錠 交換 トイレ 風呂 ULW-4E バックセット89mm 扉厚27〜37mm 交換手順書付き","8798","51","","63","¥ 5,280","","2","B0CWL75GZV","B0CWRD553R","20.4","10.5","7.7","780"
"マキタ(Makita) 充電式ペンドライバドリル(黒) 7.2V 1.5Ah バッテリ2本・充電器・アルミケース付 DF012DSHXB","7470","102","","487","¥ 21,400","","11","B01L93HNLU","B0BCJYCX85","32.6","24.6","10.4","2340"
"パナソニック テレビドアホン 宅配ボックス連携 COMBO COMBO-LIGHT あんしん応答機能 火災報知器連動 モニター 3.5型カラー液晶 玄関子機 露出型 LEDライト ワイヤレスモニター子機 約2.4型カラー液晶 VL-SWE310KFA","7471","92","50","205","¥ 33,800","","13","B0BHJJDZFH","B0BRPG3HGW","27.1","21","9.2","1460"
"リビングアウト(Living Out) ガーデンガラステーブル3点セット ダークブラウン 屋外 ガラス 組立","7473","47","","731","¥ 12,040","¥ 12,040","3","B01GDWBAZW","B0C9QDK4W3","85","64.5","62.5","15000"
"【20V 2000mAh バッテリー*2個付き バランス型 ポリッシャー】KIMO コードレス ポリッシャー 車 100mm 充電式 電動 6段階スピード調整 1.2KG 軽量設計 多機能 バフ サンドペーパー*8 交換用研磨ディスク*2 マイクロファイバーパッド*2 平スポンジ*3 波形スポンジ*3 収納バック付き 車磨き ワックス作業 艶出し 傷消し 鏡面磨き 錆落し PSE認証済","7477","56","50","493","¥ 6,880","¥ 6,880","2","B0CRYW5RCP","B0HGWP924M","31.8","19.6","17.4","2220"
"マキタ(Makita) 充電式クリーナ（白） 18Ｖ バッテリ・充電器別売 CL284FDZW","7479","75","100","64","¥ 14,600","¥ 14,600","20","B0C1FDPWD2","","51.5","17.6","15.8","1810"
"三菱電機(MITSUBISHI ELECTRIC) 天井埋込形換気扇 2部屋用低騒音形 VD-10ZFC14","7493","82","100","23","¥ 9,200","¥ 9,919","14","B0D5GGSCJZ","","41","30.5","23","2300"
"PYKES PEAK 宅配ボックス 屋外 戸建て用 ポスト一体型 大容量 おしゃれ 防水 置き配 盗難防止 ステッカー付き 大型 「 HAZUKI 」","7497","94","50","423","¥ 21,980","","1","B0C6JPY8VC","B0C6JRYMGN","98","47.5","44.5","18500"
"BANKS Collection Best Soil Mix/ベストソイルミックス 3リットル (2)","7501","37","","103","¥ 5,400","","1","B0C177G8LC","B0C178WDY4","30","23","15","3500"
"MIWA 美和ロック BHタイプ U9 シリンダー 錠 玄関ドア 鍵 交換 自分で 取替 BH DZ LD ゴールド(BS色) キー3本 MCY-238 33～41ｍｍ 交換手順書付","7502","19","","43","¥ 5,280","","1","B09TZSVVK2","B09V2CT5BY","14.9","11.5","4.9","240"
"パナソニック(Panasonic)LED ポーチライト 壁直付型 40形 電球色 LSEWC4032LE1","7503","82","","52","¥ 12,415","¥ 12,415","3","B06XGSPCWK","B085LVCRC5","35.3","13.9","10.9","860"
"トルネードスティック シャワーヘッド用交換カートリッジ 塩素除去 節水 ウルトラファインバブル 洗浄力向上 ミスト 頭皮温浴 美肌効果 6個入り","7503","65","","73","¥ 10,800","","1","B0FB9C5ZCM","B0GGM6M6N5","27","9","5","300"
"HiKOKI(ハイコーキ) 黒鯱 卓上スライド丸のこ用 チップソー 260mm×95P 0037-8999","7506","52","","85","¥ 7,400","¥ 13,191","6","B0D4DTHVMF","B0DXF6X42R","27.8","27.8","1","500"
"YEZOND 防水サンシェード 日よけ・雨よけ兼用 蓮の葉様撥水性 目隠し 屋外 庭 ベランダ多目的タープ ベージュ 3m×6m","8246","44","","81","¥ 9,280","","1","B0FN44XTTT","B0FN446P8P","38","31","7","1000"
"FIELDOOR 自転車置き場 サイクルポート 自転車 テント 自転車小屋 収納 屋根 サイクルガレージ 折りたたみ 庇 家庭用 高耐候 UVカット 耐水 400D カバー 雨よけ 日よけ 駐輪場 庭 バイク サイクルパーキング おしゃれ 屋外 簡単 [3台用] [ダークブラウン]","7516","50","","11","¥ 9,300","","1","B0FQM9WW48","B0DYV4WFFC","103.5","24","13.2","9400"
"マキタ 充電式インパクトドライバ 青 TD157DZ","7517","100","50","301","¥ 14,264","¥ 14,264","13","B09F9D1RLS","B0FP52JTMY","23.1","16.7","12","1000"
"ブロワー 洗車 強力 ブロアー 【2400g超強推力・史上爆風No.1】【レッドドット・デザイン受賞ブランド】5段階風量調整 コードレス 300000RPM高速回転 BOLYDOOM新登場 小型電動 ぶろわー エアダスター Type-C充電式 高輝度LEDライト付 軽量 携帯便利 洗車/落ち葉/除雪/PC掃除/キーボード/エアコン対応 家庭・車内・業務・アウトドア兼用(ブラック)","7523","92","100","107","¥ 12,349","","3","B0GK9112RJ","B0HGFSY1S6","28.6","17.7","9.7","870"
"日本製 屋外 ゴミ箱 カラスよけ 収集庫 ゴミストッカー ゴミステーション 大容量 ゴミ収集箱 ネット 軽量 コンパクト約270L アルミニウム 曽我製作所 からすノンノン 大 幅90cm グリーン","7528","70","","331","¥ 25,800","","1","B0B8BKYSW2","B0C4KPXGS9","91.2","70.5","12.5","5040"
"デウォルト(DEWALT) ティースタック2.0 トートバッグ DWST83541-1","7529","47","50","56","¥ 5,968","¥ 5,968","6","B0C1YCRHFX","B0DK6VGCW7","40","30","24","1470"
"新潟精機 SK 日本製 側溝 カバー セーフティープレート カートン入タイプ 48枚入 ST-LB","7542","46","","210","¥ 15,528","¥ 15,528","14","B001ROXVWW","B0F8N5JJYM","32.1","28.4","22.7","7221"
"[東京Deco] 2WAY 芝刈り機 電動 芝生バリカン 生垣バリカン [本格充電式コードレス！2WAY芝刈り機] 園芸 芝刈機 トリマー 草刈機 庭 家庭用 雑草 軽量 コンパクト キャスター付 伸縮アーム 草刈り i001","7543","72","50","423","¥ 5,980","","1","B08689Q92V","B0H2LG219B","72","14.6","14.2","1880"
"東リ(Toli) LAYフローリング ピタフィー ストーン 貼ってはがせる置き敷きタイル 300mm×450mm 24枚入り(約2畳分) 2mm厚 防炎 床暖対応 【純正品】 (LPF711, 24枚(約2畳分))","7551","71","50","9","¥ 12,800","","1","B0GPD5N4W9","B0GPW1DMFP","47","31","6","7900"
"グリーンライフ(GREEN LIFE) ホースリール 15m 洗車 G-EVO Plus(ジーエボプラス) 「BEAUTIFUL CARS(ビューティフルカーズ)監修」内径12mm 洗車特化 散水 しなやかなホース ノズルの角度調節 こだわりの水形 水量調節 水量調整 タイヤへの食い込みを防ぐ ホースガイド付き 家庭用 洗浄 SPR-GEYP15","7563","92","100","68","¥ 7,776","¥ 7,776","3","B0F8QHZY82","B0H298PGQF","36.2","34","21.9","3790"
"高枝切りバサミ電動チェーンソーの延長ポール 握りやすいスイッチ 約1.2m-2.5m伸縮 軽量 マキタソケット三枚式と接続可能 【延長ポールのみ】 電動バサミと電動チェーンソー別売り","7565","9","","4","¥ 8,999","","2","B0H39C6JT2","","125","13","10","2120"
"BL1415G マキタ14.4vライトバッテリー 互換品 BL1411G BL1413G BL1420G A-61466 A-52277 A-56524 互換 保護機能付き PSE認定済み","7569","39","50","47","¥ 5,224","","1","B0DMCRG9LP","B0HFQXK18N","10.7","8.4","7.4","320"
"KUROKIN 電工VAストリッパ (第二種電気工事士試験対応) FVA-1630-BG 黒金 フジ矢","7575","75","50","59","¥ 5,021","¥ 5,523","26","B0CNT1FCWZ","","29.5","9.2","2","260"
"Prince(プリンス) プリンス ガストーチ 炎温度約1300℃ GB-2001","7578","81","100","316","¥ 6,118","¥ 6,118","23","B000W9N03I","","21.1","17.5","5.7","500"
"【2026新型】Elikliv 充電式剪定ばさみ 延長ポール 高枝切り 2.5m 伸縮式 電動チェーンソー 互換 125-250cm無段階調整","7588","76","50","361","¥ 7,900","","1","B0GX58FG21","B0GX1TYCS6","122","13","8","1900"
"グリーンライフ 落ち葉焼却炉 ステンレス 耐熱 耐蝕性 OED-80S","7589","74","50","862","¥ 12,580","¥ 13,029","14","B0093XSVY2","B084GLXBB9","72.8","43.3","43","10260"
"【Amazon.co.jp限定】 HiKOKI(ハイコーキ) 36V 充電式 クリーナー 掃除機 R36DB(SC) 2段サイクロン式 紙パック不要 初回修理保証(1年間)付 バッテリー・充電器別売 R36DB(SC)(NNA)","7610","65","100","7","¥ 14,900","¥ 14,900","1","B0GRZBGRNF","B0HGBCNXLG","55","29.9","19.5","1860"
"【Amazon.co.jp限定】 HiKOKI(ハイコーキ) 36V 充電式 丸のこ C3605DA 丸ノコ 丸鋸 のこ刃125mm 初回修理保証(1年間) バッテリー・充電器・ケース・チップソー別売 C3605DA(SK)(NNN)","7612","66","100","7","¥ 23,900","¥ 23,900","1","B0GRTX59GS","B0HFGHSBWC","40.8","33.6","23.7","2980"
"HAZET(ハゼット) コンビネーションスパナ 600N-32 クロームメッキ|コンビネーションスパナヘッド角度15°|出力:外径二重六角、フラット幅:32mm、シャフト:頑丈なHAZETダブルTプロファイル","13068","49","","440","¥ 8,945","¥ 8,945","12","B001C9VCAK","B0H5JY5Q5T","42.2","5.9","1.8","730"
"Bosch SDS-Plus-5 石工ドリルビット 10mm×100mm×165mm 1618596177","11468","59","","494","¥ 7,053","","6","B0009U7AUO","B01HCNY7NS","16","15.7","1","68"
"Waitley２個セット互換マキタ BL1880B 18Vバッテリー 8Ah カットオフ機能付き 実容量8000mAh","7623","77","100","62","¥ 14,447","","1","B0GF8NVBW6","","29.6","10.5","9.8","1960"
"マキタ(Makita) 充電式ブロワ 40Vmaxバッテリ・充電器別売 UB002GZ","7627","26","","4","¥ 14,040","¥ 14,040","11","B0DYGH517B","","33","20.3","16.9","1750"
"オーミヤ MS-64BK200 農業用生分解マルチシート NINJAマルチ 長さ200m幅95cm 厚み0.014mm 分解目安4ヶ月 黒","7628","36","","20","¥ 7,700","¥ 8,788","2","B0BYSJRS8N","B0CHLG39H2","95","7","7","4000"
"【2026 最強版】KIMO 充電式 草刈り機 300mm 刈込幅 コードレス 20000min-1 2-in-1 トリマー/エッジャー 着脱式補助輪 ブレード 6 枚 + ナイロンコード 4 個 伸縮シャフト 2000mAh バッテリー 2 個付き 軽量 2.1kg 静音設計 家庭用 除草機 刈払機 芝刈り機 ガーデニング","7638","43","50","414","¥ 7,992","¥ 7,992","1","B0GZ2Y7C7R","B0H45QD42F","95","24","16","3800"
"【 保存食 9種セット 】 ハーベスト 香ばしセサミ ＋ かにビス ＋ ビスコ ＋ ミルクビスケット ＋ カンパン3種 ＋ クラッカー ＋えいようかん 【ダンボール箱の外からでも分かる最短期限記載付き】期限最長5年以上 ローリングストック 防災 保存缶 備蓄食 非常食","7639","44","50","46","¥ 5,280","","1","B0DTG89VSV","B0F8GRW7PZ","31.6","23","15.5","1910"
"TRUSCO(トラスコ) ステンレス製ピンセット 3本組セット TSP-93 × 10S 【ケース販売】","7649","36","","107","¥ 5,789","¥ 5,789","1","B0C4T4FDGF","B0CGJRQT88","18.7","14.3","11.8","1140"
"ダイオ 防鳥網 400D 30mm目 オレンジ 300坪","7650","55","","100","¥ 7,904","¥ 7,904","1","B07CJG28C7","B07G4DK2MW","54","21","15.4","3380"
"【複数投函可能/大容量】 宅配ボックス 宅配BOX おしゃれ 木目調 ポスト一体型 ポスト付き 組み立て不要 防水・防錆 屋外 置き配 盗難防止 両開扉 透明窓 案内ステッカー付き 戸建て用 個人宅","7655","73","","180","¥ 17,980","","1","B0F911XC6G","B0F913GXY9","86","46","41","15000"
"ピザ釜　BBQ炉などに　アサヒキャスター　 CA-13T 25kg","7674","65","50","497","¥ 5,550","","3","B004TNGIQ4","","64","47.8","12.5","25915"
"矢崎 都市ガス ガス警報器 YP-756F 日本製 ＣＯ警報器 ガス漏れ 不完全燃焼 複合型 石膏ボード用アタッチメント付き","7676","84","100","201","¥ 7,879","","2","B07VL814FP","","16.4","9.1","4.9","330"
"エジソンスマート LEDテープライト (5m) シリコンチューブ コンセント式 Wi-Fi スマート電球 COB 調光 調色 Alexa Google Home対応 間接照明 カット可能 DIY 棚下 インテリアライト","7681","43","","5","¥ 9,504","¥ 9,504","1","B0GRVMW4PW","B0GRVKSPHX","26.8","26.1","6.7","940"
"UYECOVEトルクレンチ バイク プレセット型 差込角9.5 mm (3/8インチ) 5-60N.m オートバイトルクレンチ 車 エンジン バイク修理工具 作業工具 機械の整備 高精度 ±3％ ダブル目盛り 左右回転 72ギア 5°送り角 快速着脱 小型 携帯 手動 機械式 読みやすい 簡易 軽量 校正証明書 日本語取扱説明書 収納ケース付き青","7686","72","","112","¥ 5,999","","1","B0CWV12QJ6","B0FMXNRYYD","35","5.4","4.6","720"
"安永　AP-30P 浄化槽エアーポンプ　ブロワー","7712","74","100","465","¥ 11,900","","7","B00LIDQH00","","27","21","19.3","4220"
"HiKOKI(ハイコーキ) 18V 充電式 ドリルドライバー DS18DE コンパクトタイプ バッテリー2個・充電器・ケース付き DS18DE(2XPZ)","7950","64","","11","¥ 59,079","¥ 59,079","12","B0BN3B5R76","B0DW464HTR","46.2","39.3","13.1","5770"
"VECELO パラソルベース 土台 4枚セット 幅96x奥行96x高さ7㎝ 十字架 水充填 砂充填 ベースのみ 完成品 丸型 簡単設置 キャンプ用品 風に強い アウトドア キャンピング カフェ プール 釣り ベランダ ビーチ 公園 ブラック","7749","35","","6","¥ 8,490","¥ 8,490","1","B0D8FTFK72","B0H1H9Z1N3","50","50","32","7800"
"【万が一に備える。防災士監修】 簡易トイレ 防災グッズ 凝固剤 非常用トイレ 凝固剤 個包装 60回分 120回分 180回分 300回分 600回分 【ONE STEP】 (④ 180回分)","7751","38","","375","¥ 5,106","","1","B0CX8VY9NJ","B0F99VXQXV","28.9","28.1","7.8","2080"
"ムサシ(MUSASHI) センサーライト LEDセンサーライト フリーアーム式 高機能 ソーラー式 メンテナンスフリー 電源不要 防犯 人感 ネジ止め クランプ RITEX S-330L","7763","80","50","351","¥ 6,245","¥ 6,245","34","B08JV4NXH4","","21.3","19.8","15","1120"
"マキタ 芝生バリカン 充電式10.8V 刈込幅160mm バッテリ・充電器付 MUM600DSH","7775","100","100","118","¥ 15,850","","14","B071R49581","B08565GJ9N","43.7","20.3","18.3","2610"
"XGIUINI 日除け シェード 400×500cm サンシェード 高密度ポリエチレン【新改良】日よけシェード ベランダ 断熱 遮光 UVカット 通気性は良い オーニング ベランダ 庭 窓 屋外用 取付簡単 固定用ヒモ付き（ブラウン）","7782","46","","121","¥ 6,980","","1","B0CYLN3H7M","B0F5BCPSZG","42.5","38.2","9","2180"
"プロクソン(PROXXON) ミニルーター MM10 収納ケースバージョン No.26500-SK","7793","76","","8","¥ 10,030","¥ 10,030","2","B0CMCBP58Z","B0CN85SRKZ","32","14.3","6.6","540"
"マキタ(Makita) 充電式トリマ18V(本体のみ) RT50DZ","7794","110","100","524","¥ 21,410","¥ 21,410","14","B075GJGXH9","B07DC6JSQ3","23.5","15.8","14.2","2020"
"HiKOKI(ハイコーキ) 18V ランダムサンダー SV1813DA ペーパーサイズ 125mm バッテリー・充電器別売 マジック式パッド ダイヤル式変速 ブレーキ付 SV1813DA(NN)","7797","100","100","368","¥ 16,764","¥ 16,764","20","B0B4ZP58BZ","B0FT8BWZQK","23.3","23.3","18.6","1760"
"ZhiYo 3m フロアコードカバー、ケーブルキャビティ 幅0.65インチ x 高さ0.35インチ、グレーオークウッド","8870","28","","533","¥ 5,934","","1","B0FBFR3WSG","B0D9Y1YHYR","25.9","23.4","5.2","798"
"安永エアポンプ AP-80G ブロワー 浄化槽用 オレンジ色 80L 100V AC 電源コード式 水ポンプ","7801","54","50","118","¥ 19,323","","8","B0CGWMTSST","","27","21","19.2","6420"
"畑中産業 DIY漆喰 10kg 内装仕上げ材 大和しっくいシリーズ","7804","55","","10","¥ 5,418","¥ 5,418","1","B0BBDTJY2P","B0F3C8T18Y","22","22","21.5","10000"
"BOSCH(ボッシュ) カットソー・マルチツール用ブレード32mm (スターロック・5本組) AIZ32ABN/5","7805","77","","23","¥ 5,473","¥ 5,473","25","B01I51HY4A","B0C9PTZM6F","16.5","9.5","2.6","130"
"HiKOKI(ハイコーキ) 急速充電器 スライド式リチウムイオン電池14.4V~18V対応 UC18YSL3","7809","98","200","326","¥ 5,349","¥ 13,111","18","B00UN0P6JM","B06XH7D1L3","20","17.1","7.9","730"
"KUROKIN 全ネジクイックレンチ 4分(W1/2)専用 寸切りボルトをどこからでも締め始め可能 FZW04-BG 黒金 フジ矢","7813","64","","59","¥ 7,332","¥ 7,332","9","B0DPJS6ZHQ","B0FNLZMMTN","20.6","6.1","2.4","200"
"[プロユニ] [バートル] 2026 ファン バッテリー セット 30V AC10 AC10-1 AC10-2 エアークラフト 空調作業服 AIRCRAFT BURTLEステッカー付 [78.マットブラック 90.ハニーピンク]","7814","12","","24","¥ 20,500","","1","B0GQH3C8VW","B0GQGRJ897","27.1","18.3","11.4","990"
"QIUYMI タイルカーペット 大判 吸着マット 洗える 防音 厚さ5mm 床暖房対応 ペット対応 45×45cm 40枚","10775","14","","96","¥ 10,980","","1","B0DFCJF6L8","B0F1CT6T88","49.2","47.1","19.5","5250"
"福井金属工芸(Fukuikinzokukogei) 鉄並Xフック 小 白 100個入 4053-W","7817","42","","","¥ 10,018","¥ 10,119","6","B01CTK7SHQ","B0BD3NN66R","15.9","14.9","7.2","510"
"JINALEI 日除けシェード 屋外 3M*8M ベランダ目隠し 庭 家 窓 日除け コーヒー色 屋根 植物 園芸用 遮阳ネット 農業用 厚みを増した高密度ポリエチレン 紫外線耐性があり","8726","32","","195","¥ 7,390","","1","B0CB7JFZ1J","B0D9KLR627","41.3","31.9","13.6","2650"
"TRUSCO(トラスコ) アルミL型フック 45mm 白 AH45-W × 30 【ケース販売】","7828","49","","108","¥ 10,879","¥ 10,879","1","B0C5D6QSTD","B09NWN9WQD","16.5","10.5","6.5","510"
"ハクビシンなぜ逃げるニュー改訂版 屋根裏・天井裏用の屋内タイプ ハクビシン 撃退 グッズ 忌避剤 効果は約1年 (50個)","7832","41","","204","¥ 11,482","","1","B0CC1F5PNC","B0GJCBWGHN","21.5","16","1","150"
"トップ工業 (TOP) 両口ラチェットレンチ シノ付 32x36㎜ カチオン塗装 足場 住宅 鳶道具 RM-32x36 燕三条 日本製","10408","38","","11","¥ 7,407","¥ 7,407","27","B001D3GXC2","B09ZJ8N82D","50","11","8","1680"
"JESIMAIK エアコンプレッサー 40L HSC40 オイルフリー 静音 高吐出量 高速エア充填 2つ吐出口 錆対策 メンテナンスフリー 安全防護システム 長寿命設計 ダブル圧力計 リリース機能 自動停止/再起動 100V±10V 広電圧対応 発電機 ポータブル電源給電可 軽量 キャスター 取っ手付き 持ち運び便利 静か 大容量タンク 多用途 空気入れ DIY 塗装 吹き飛ばし","7842","43","","76","¥ 29,979","","1","B0GQL7NZ8N","B0GWZG9RVH","72","60","33","29000"
"エルパ(ELPA) 増設玄関カメラ インターホン DECT方式 乾電池式 広角カメラ ワイヤレス DHS-C22","7850","83","","63","¥ 9,780","¥ 10,331","16","B014U96IGG","B0CVZFTH2P","14.9","11.1","6.9","260"
"マキタ(Makita) 充電式ブロワ 14.4V バッテリ・充電器別売 UB144DZ","7852","107","100","636","¥ 7,955","¥ 7,955","10","B088P2SMWL","","28.4","21.1","17.8","1660"
"ケルヒャー(KARCHER)乾湿両用バキュームクリーナー WD2 PLUS 1.628-008.0 グレー 容量12L","7854","48","50","29","¥ 16,500","¥ 16,920","11","B09Y8XMSXL","B0CQQFLKXB","41.1","39.4","38.5","6430"
"uxcell 1本 片口スパナ 100mm スパナ 薄型 全長43cm 家具組み立て 自動車修理 作業工具 スリム 黒/レッド","8019","38","","11","¥ 6,512","","1","B0FWR4VGYY","B0GXKP3NDT","45","20","4.5","2810"
"日よけ 金具 シェード固定 注水ウエイト 安定用重し袋 最大8Kg 下部用 サンシェード 取付 ベランダ 目隠し 注水タイプ (8個入り)","7861","60","","57","¥ 7,580","","1","B0GY7SMZ1P","B0G6TLY26J","36.5","28.4","8.5","2120"
"LA･PITA 防災セット SHELTER KIDS キッズ 子供用 防災セット 防災グッズ 1人用 子供 災害対策 非常用持ち出し袋 (レッド)","9161","16","","11","¥ 7,391","","1","B0C3QTM4LM","B0C3R2Q2MF","34","25.5","25","3490"
"YOIbuy PRO 充電式 100mm ディスクグラインダー 18V 互換 ベビーサンダー APCキックオフ保護機能あり 高出力 ブラシレスモータ 4000~8000rpm 三段変速 スライドスイッチ （バッテリ・充電器別売）YDG-P100-1","7874","54","100","116","¥ 6,999","","1","B0F3HV99NP","","33.4","14.8","9.2","1960"
"安永エアポンプ ブロワ EP-80GL 左バッキ エアポンプ 浄化槽用 左散気","7875","70","100","56","¥ 29,790","","3","B0CS6BN4NJ","","29.6","23.3","20","8010"
"リコメン堂 プランター 大型 40×40cm スクエア グラスファイバー 深型 おしゃれ シンプル モダン コンクリート調 ガーデニング 植木鉢 鉢植え 鉢カバー (ライトグレー)","7876","46","","35","¥ 6,103","","1","B0CN8Q8JKQ","B0CN8K6D37","46","46","46","11500"
"マキタ DC18RF 急速充電器(USB端子付き) ナイロン収納袋＆メンテナンスブラシ付き","7891","100","100","49","¥ 7,300","","10","B0CKVGPXK6","","22","17.7","10.2","1160"
"LVYUAN【正規品】 200W 太陽光パネル 1枚入 変換率25％ 高性能 25年使える耐久性！【IEC基準・TUV規格品】","7891","57","","83","¥ 17,848","","1","B0BM45BHLT","B0BY2MK88L","158.5","71.7","4.5","12900"
"Sprigra アイアンフェンス 高さ60cm×長さ32cm 25枚セット全長 800CM 動物侵入防止フェンス 植物保護 金属製ガーデニングフェンス、犬・ウサギ・猫防止用 花壇 DIY庭造り 簡単取り付け（コネクターと結束バンド付属）","7894","34","","5","¥ 5,949","","1","B0GJZP8SYY","B0GJZJY8QH","44","34.1","14.9","6120"
"アイリスオーヤマ テレビドアホン 4.3インチ 自動録画 機械音声応答 LEDライト ホワイト/ガンメタリック","7896","106","50","242","¥ 14,814","¥ 14,814","5","B0BLXYJVPP","B0DNLYWMW8","28.5","20.2","5.7","870"
"カンペハピオ ペンキ 塗料 油性 つやあり ニス 高耐久 光沢 外部用ニス とうめい 3L 日本製 00277644001030","7903","62","","250","¥ 6,151","¥ 6,151","4","B00D1OFEVW","B01KL8TAHY","21.4","17.2","16.4","3080"
"DAYONE(デイワン) プルダウンスプレー付きマットブラック キッチン蛇口 シングルハンドル ステンレススチール キッチン蛇口 ワンホール ハイアーク ファームハウス シンク蛇口 ソープディスペンサー付き、DAY-136MB","12279","29","","62","¥ 18,513","","1","B097JVKMGR","B0D6QN169D","44.4","32.9","7","2517"
"スキッジャー 草刈り 立ったまま 草取り 雑草 道具 草刈り鎌 三角ホー","7908","92","100","805","¥ 10,780","","1","B09TD7ZGP8","B09THYZY18","150","16","8","930"
"ニッペ ペンキ 塗料 STYLE ZAKUZAKU 6kg モルタルグレー 水性 屋内外 造膜 日本製 4976124882654","8989","81","","58","¥ 6,518","¥ 6,346","9","B0BRZVW1F6","B0D3WSR5BB","25","23.5","22.5","6600"
"HiKOKI(ハイコーキ) 36V ハンマ H3641DB 充電式 六角シャンク 4.0Ah蓄電池・充電器・ケース付 H3641DB(2WPZ)","7916","57","","1","¥ 89,800","¥ 97,113","14","B0CV3M8PKZ","B0CYSXB4G9","53","48","17","11600"
"GreenGarden 防草シート 1×50m 120ｇ/㎡ 除草シート 不織布 固定ピン50本と黒丸50枚付き 厚手 高透水性 UV耐候剤配合 親水剤入 高耐久 高密度 ブラック (ブラック1*50m)","7923","43","","471","¥ 6,799","","1","B0BNGK3M77","B0CYH29C6D","104","19.9","19.5","6580"
"Wera(ヴェラ) 05022210001 | 950SPKL ヘックスHF マルチカラーヘックスキーセット 【日本正規輸入品】","7927","77","50","2824","¥ 6,959","¥ 6,959","19","B06XDCDHV8","B0FT3CX5P4","26","22.4","7.3","630"
"サンワダイレクト かしめ工具 ケーブル透過式 CAT6 RJ-45 単線・より線 対応 1個 500-LAN-TL1","7928","65","100","56","¥ 5,480","","1","B08LKXTLKV","B0FFT21KVV","20.9","9.3","2.9","270"
"マキタ 充電式ハンマドリル18V 18mm/ハツリ可 SDS+ バッテリ充電器別売 HR182DZK","7928","59","50","264","¥ 28,827","¥ 28,827","13","B07LH51GD6","B0873BH2YQ","52","37","16.1","7580"
"根っこつよし ブラック 10号 3個セット スリット鉢 プラ鉢 サークリング軽減 根腐れ防止","11081","15","","5","¥ 5,180","","1","B0GWLLDTMJ","B0HF42JMS8","38","21","21","1000"
"マキタ 18V バッテリー互換BL1860B対応マキタバッテリー 6.0Ah","7934","81","400","189","¥ 5,319","","1","B0DXSSTJTJ","","26.6","9.2","8.4","1280"
"PATIKIL 11.5mmドリルビット、ジョバーストレートシャンクM2高速度鋼135°チタン窒化物TiNコーティングステンレス鋼用ハードメタル - 6パック","10697","25","","132","¥ 6,671","","1","B0G4BZMLLP","B0F7J386N5","22","8","2.7","526"
"晨陽小店 日よけ シェード 3M*8M 遮光ネット ブラック 日除け止めネット 農業用 植物 園芸用 高密度の厚さのポリエチレン 紫外線耐性があり","10883","42","","77","¥ 5,776","","1","B0CCYJGH3H","B0D2BLVKC9","40.4","29.6","13","1710"
"アサヒペン リメイクシート メイクアップシート 45cm×15m S15-05 厚手 シールタイプ 目盛り付き 模様替え ドア 家具 建具","8840","61","","242","¥ 5,284","¥ 5,284","13","B07W1J3XDP","B0GVRHZZ19","46.5","8","8","1860"
"【2026モデル】BATOCA S4 ポリッシャー ダブルアクション車 ミニ コードレス 小型 30/50/75mm 充電式 静音設計+DA/RO切替","7951","65","50","127","¥ 18,539","","1","B0CHF5QQKG","B0GXDGSGKC","36.8","28.3","14.8","2940"
"iNextStation RGB ledテープライト 15m 防水 24v 音楽連動 チューブライト アダプター・リモコン付き","7953","38","","512","¥ 7,198","","1","B0FFYK4MSD","B0GXJWJRMX","24.5","24.4","4.9","1380"
"ムサシ(MUSASHI) センサーライト ブラック 本体サイズ: 幅 29.5 × 奥行 12.5 ×高さ 14.6 cm 11W×2灯フリーアーム式LEDセンサーライト LED-AC2022","7958","97","50","303","¥ 5,673","¥ 5,673","35","B07Y2RT5NL","B07YLPSFY1","23.3","15.7","13.9","1180"
"Jackery ソーラーパネル SolarSaga 200 200W 太陽光パネル 節電 停電対策 IP68 防水 防塵","7966","69","100","129","¥ 56,290","","1","B0B5SP4ZCV","B0D2CDS4R7","68","59.5","8","10400"
"マキタ(Makita) グランドトリマアタッチメント A-76146","7976","58","100","113","¥ 19,819","¥ 19,819","14","B0C9YJYFTG","","78.5","18.2","15","3400"
"フロアコードカバー 配線カバー 床用モール 6Ｍ ケーブルプロテクター隠し 配線コード 床用モール ケーブルカバー 収納力良い 延長コードカバー 防水 配線隠し 衝撃に強い上 多機能 自宅、オフィス、倉庫、コンサートに最適(ブラック)","10534","42","","37","¥ 5,199","","1","B0CDKNTZM3","B0CDK6Z2PN","35.2","34.9","10.4","4190"
"日本プラスター(Plaster) うま~くヌレール 18kg 白色 12UN21 (シロイロ)","7989","95","100","525","¥ 15,194","¥ 15,194","15","B004OCSIN6","","31.5","30.5","30.4","19010"
"TRUSCO(トラスコ) 低頭六角穴付ボルト 黒染め全ネジ M6×25 13本入 B081-0625 × 10PK 【ケース販売】","8051","47","","","¥ 6,505","¥ 6,505","1","B0B1TXTFKY","B09PBLGLJN","27.5","15","6.5","992"
"[fotiwa] ファンバッテリーセット 53V超高出力 46500mAh大容量バッテリー 日本製ブラシレスモーター 空調作業服用 PSE認証済 作業服対応 外仕事 夏用 暑さ対策 熱中症予防 [日本国内ブランド正規品]","8002","46","100","15","¥ 7,980","","1","B0H121BJRL","B0H7WNNG6V","27.3","21.6","5.2","1060"
"SPEED STEEL MFT スピードスチール 速攻通線 20m Φ4.0 (グリーン) 配線通し 通線ワイヤー 長さがわかる メジャー機能付き ケース付き","8003","53","50","317","¥ 5,225","","1","B07NB7DVQC","","35","35","3","600"
"ホーザン(HOZAN) 圧着工具(裸圧着端子/裸圧着スリーブ用) 圧着ペンチ コンパクトタイプ サイズ1.25/2 P-732","8004","58","","229","¥ 5,686","¥ 5,686","28","B000TGF9O2","B0DKX64JW6","20.3","7.7","2.5","290"
"RARE count 簡易式 ステンレス製 流し台 屋外 工場 農園 洗い物 に 便利 左右共用 蛇口付き 高さ調整 アジャスター シンク 工具不要 (RC-W80(約幅80x奥行45x高さ80cm))","9651","61","","16","¥ 15,600","","2","B094DSX1N3","B0B4FSZ12B","85","49","35.5",""
"ONESORA 鳩よけ とげ 鳥よけ 剣山 ステンレス製 鳥よけスパイク 【総長 20m】 カラスよけ 鳥のフン害対策 ベランダ鳩よけ 軒下鳩よけ 設置簡単 取扱説明書付き","8012","40","","189","¥ 11,398","","1","B0CJCJ3Q56","B09FG2KQ65","30","28","8","4290"
"マキタ(Makita) 300ミリ充電式ポールバリカン 18V バッテリ・充電器別売 MUN301LDZ","8023","95","100","244","¥ 20,682","¥ 20,682","12","B097DB6K2P","B09BBFVKP4","201","18","17","5000"
"アヴィエラン(AVIELAN) ラッシングベルト 50mm幅 Rフック(トラックレール対応) 巻取 2m 固定 0.5m ブルー (右固定仕様)","8027","36","","84","¥ 6,160","¥ 6,223","2","B00N4KKEM2","B0CP73N5VY","25.5","13.4","11.1","1680"
"日本農薬 殺虫剤 コルト顆粒水和剤 500g","8028","37","","88","¥ 9,238","¥ 9,238","4","B01DIQVYJS","B0B132PF95","29.6","20.8","2.9","520"
"SK11(エスケー11) プレセット型トルクレンチ 差込角6.35mm 2~26N・m STR2-26 左右両回転対応 ボルトナットの締め付け ケース付き","8030","56","","357","¥ 8,903","¥ 8,903","11","B0888X1R3Y","B08DRK1B6J","31.2","9.6","7.6","820"
"DJI Power ソーラーパネル アダプターモジュール (MPPT)","8031","92","50","487","¥ 8,712","","6","B0CZ3QR7LT","B0G523WQFJ","18.9","9.9","6.2","570"
"第4世代 電動スプレーガン【人間工学×45°傾斜デザイン プロ級仕上げを誰にでも】コードレス 塗装機 2×1200ml大容量タンク【業界初!金属フィルター】 4つの銅ノズル 噴射量/ 4つ噴射角度調整可能 油性水性塗料用 小型 家庭用塗装ガン 2つ大小バッテリー付き 残量表示 マキタ互換 ペイントスプレーガン 塗装 DIY/木材/金属/プラスチック どんな素材にも塗装OK","8033","7","","9","¥ 8,980","","2","B0H4V1CNLB","B0HFZNDGQ9","34.9","34.6","17.1","2800"
"BTF-LIGHTING COB FCOB RGB LEDテープライト 高密度 5M 4PIN 10mm DC12V PSE認証取得済み","8037","36","","7","¥ 5,999","","1","B0B6H6ZBY8","B0B77BFMX6","18","15.2","2.1","120"
"Gwxe洗濯機ラック キャスター付き かさ上げ台 耐荷重500kg 防振パッド付き 減音防振 冷蔵庫置き台 家具移動用 360度回転キャスター 高さ調節可能 伸縮式・昇降可能 洗濯機台 ドラム式/パルセーター/冷蔵庫対応 ユニバーサルラック (ブラック【汎用】55×3.5cm)","9018","0","","","¥ 5,340","","1","B0H32QM39F","B0H32DKQNW","59","26","4.5","2500"
"高儀 EARTH MAN オービタルジグソー JSW-100sc","8056","92","","598","¥ 5,780","","10","B005LKIIF8","B0F43TFXLT","26.9","19.9","8","2260"
"タンスのゲン 宅配ボックス ポスト一体型 完成品 屋外 戸建て用 大容量 案内ステッカー付き 防水 防犯 据え置き 93800001(106684)","8068","39","","12","¥ 13,499","","1","B0FL6X7BRR","B0FL6TSBRR","72","51.5","35","12730"
"窓用換気扇 窓ファン 工事不要 伸縮式 排気ファン パンチフリー 静音設計 強力送風 風量調節可能 換気 排煙 除湿 脱臭 高風速 低騒音 家庭 キッチン 寝室 トイレ オフィス対応 (71-81cm)","8077","44","","24","¥ 6,598","","1","B0GYW32L2K","B0GYRT9VMF","48","17.5","6.5","1600"
"【JUREMI】 動物撃退器 （超音波で様々な害獣を撃退） 13KHZｘ50KHZｘソーラー充電ｘ赤外線センサーｘ12m感知範囲ｘIP65防水防塵 (4個セット)","8078","51","50","37","¥ 7,660","","1","B0G2RJ8YQY","B0G2RK99MJ","30.3","16.6","12.9","1270"
"コードレス高圧洗浄機 充電式 超ミニ Immpoest 2026新登場【洗車店プロ監修・8MPa超強水圧・23000r/min】ポータブル ハンディ 軽量小型 洗車機 BMS高性能電池 【ドイツ レッド•ドット賞受賞ブランド】自吸式 低騒音 噴射距離8M 折畳バケツ/ホース付き 持ち運び便利 家庭用/ガラス/ブロック塀/ベランダ/浴室大掃除/戸外用 黄色い","8079","64","500","957","¥ 7,980","","1","B0H28SN14R","B0HGL76YRR","26.4","26.1","15.1","1980"
"Panasonic カメラ玄関子機 VL-V571L-S","8092","87","50","402","¥ 20,782","¥ 20,782","11","B005NGLWTE","B085LWM4PX","16","11.9","4.9","260"
"未来工業 WB-18AJ プラスチック製防雨ボックス ウオルボックス Aタイプ 屋根付 ヨコ型 423×568×210mm ベージュ 1個 WB-18AJ","8102","38","","1","¥ 31,818","¥ 31,818","2","B01HRQYGAY","B072L3W6QK","80","58","30","5000"
"パナソニック(Panasonic) USB充電ミニドライバー 3.7V ミニック miniQu 内蔵電池 850mAh 本体・USB充電ケーブル・ビット5本セット EZ7412S-B ブラック","8103","65","50","1868","¥ 6,035","¥ 6,035","21","B083ZL3LP5","B0GTZ2P7F5","21.4","14","5","350"
"PATIKIL #9 ドリルビット、M42 8%コバルト高速度鋼ジョバーストレートシャンク 135°窒化チタン(TiN)コーティング 硬質金属ステンレススチール用 - 6パック","12633","22","","302","¥ 5,321","","1","B0GSTTRX9P","B0F3QNHK2V","9","6","1.5","68"
"MIWA(美和ロック) LIX+LIX シリンダー錠 PR 玄関ドア 鍵 交換 ディンプルキー ブロンズ系(SA色) MCY-497 ダブルロック 2個同一 キー6本付属 交換手順書付 TE LE PESP GAS","10301","45","","134","¥ 17,980","","1","B09WQV3KFN","B09QBZL4S8","16.2","11.6","6.2","490"
"堅塁金物 防水シート 屋外 屋根 カバー 庭 2.8M*5M 厚手 タープ 透明PVC 雨よけ 白格子補強 ロータス効果 両面防水漏れなし","8125","53","","118","¥ 6,660","","1","B0D14PJD64","B0CPCV5QDT","34.9","32.6","10.8","2790"
"マキタ ミニ生垣バリカン 充電式14.4Vライトバッテリ 刈込幅260mm/切断径10mm バッテリ充電器別売 MUH265DZ","8133","68","","36","¥ 9,615","","3","B06ZZP6Z6N","B084T3BTJB","56","18","17.5","2060"
"新富士バーナー(Shinfuji Burner) 草焼きバーナー 【除草・解氷・害虫駆除】【灯油式】 【EC限定カラー】 KB-210LBK ブラック","9054","64","","581","¥ 11,378","¥ 11,378","3","B0B67G8W3M","B0CXJDTC2C","131.5","7.5","7.5","2600"
"マキタ 芝生バリカン用ロングハンドルアタッチメント A-65800","8139","85","100","199","¥ 6,782","¥ 6,782","12","B074GWYC3H","B085655NRK","107","22","13.5","1510"
"人感センサー ネコリコ 高齢者みまもりサービス「まもりこ」対応機器 冷蔵庫で見守り 生活動線で見守り 専用アプリ 生活リズム LTE内蔵","8140","44","50","12","¥ 9,900","","2","B0H35SM5K2","","18.1","13.8","3.2","160"
"玄関網戸 簡易網戸 230 x 225 cm ドア用網戸 マグネット開閉式 簡易あみ戸カーテン 自動で閉まる 取り付け簡単 虫除け 蚊取り ベランダカーテン/エコ/涼しい夏 換気対策 開き戸に適用 マジックテープ付き - ブラック","33607","11","","934","¥ 5,182","","1","B09Z6R26JX","B09Z7XZ4YH","35","28","7","750"
"エルパ (ELPA) ソーラー式 センサーライト 2灯 (白色LED/防水仕様) お手軽サイズ/屋外 (ESL-N112SL)","8152","56","","41","¥ 5,311","¥ 5,311","17","B07DK8X6YV","B07QDS327Q","15.9","14.5","11.9","570"
"ARREBOL （アレボル）led投光器 ブラックライト 150W紫外線ライト 投光器 紫外線投光器 PSE認証 IP66防水機能 UVライト395-405nm1.8Mコード 屋外用 舞台照明 画廊 装飾ライト パーティー用品 3Dモデル乾燥用 DJディスコ 雰囲気を作り 日本語説明書付き (150W)","8155","33","","104","¥ 7,120","","1","B0C5CQVSJL","B0GTLPQ41H","35.5","29.6","6.1","1880"
"カンペハピオ ペンキ 塗料 油性 つやあり さび止め 速乾性 さびの上から塗れる塗料 高耐久 アクリルシリコン樹脂 サビテクト くろ 7kg 日本製 00097640023070","9011","61","","99","¥ 10,976","","9","B018K1X6L0","B0BD68LVW5","25","24.4","18.2","7890"
"TOTO 大便器フラッシュバルブ用ピストンバルブ部 THY328R","8162","40","50","20","¥ 11,250","","16","B00C137YV2","B0859TSBGZ","10.5","7.4","4.3","150"
"TRUSCO(トラスコ) ポケットレベル25×70 × 10 【ケース販売】","8166","34","","429","¥ 14,212","¥ 14,212","1","B0C5D8NNBG","B0C9BC1QHH","19.3","14.2","9.2","340"
"JEJアステージ ツールキャビネット 日本製 スタイリングキャビネット SC-380 [幅37.4×奥行15×高さ19cm] 6個セット","8168","53","","4","¥ 20,681","¥ 20,681","1","B09T2FS52S","B09XTXXNYL","48.5","40.6","40.6","10000"
"JEJアステージ 収納ボックス セパレートバスケット #25 サンドベージュ 日本製 アウトドア キャンプ 積み重ね SPB-N25S [幅17.8×奥行23.5×高さ14cm] 12個セット","14363","27","","13","¥ 5,489","¥ 5,489","1","B09T2GDVNR","B0H2YQK7VN","37.5","36.8","24.2","5000"
"【Amazon.co.jp限定】HiKOKI(ハイコーキ) 10.8V 充電式 ドライバードリル DS12DA 初回修理保証付 蓄電池1個・充電器付 DS12DA(BS)","8176","59","50","31","¥ 11,900","¥ 11,900","1","B0D69XPLW6","B0D6N3BFV1","37.4","27.6","10","2450"
"マキタ(Makita) 充電式噴霧器 18V バッテリ、充電器別売 MUS158DZ","8177","83","100","156","¥ 32,843","¥ 32,843","14","B0BP9Q9X2W","B0D7BTV9WM","59.2","40.7","28","7530"
"Panasonic 防犯カメラ スマ@ホーム モニター付きドアカメラ ホワイト VS-HC400-W","8187","76","50","454","¥ 18,291","¥ 18,291","13","B07GRC2PMV","B07JM2JJWQ","23.6","16","14.8","800"
"Hon&Guan ダクトファン セット 100mm 中間取付型【インボイス制度登録店】換気扇 パイプファン 排気 強力 省エネ 静音 ダクト用/窓用/卓上用/塗装ブース用/家焼肉 丸形タイプ 産業用換気扇 ダクトホース入り/2.5m1本 クランプ入り/2個 汎用テープ付 取扱説明書付(HI-100SD/φ100mm,セット品)","8187","18","","58","¥ 6,102","","1","B0F9F9JFZK","B0F9DNGPRL","30.9","20.3","14.8","1050"
"マキタ(Makita) 充電式ジグソー 18Ｖ バッテリ・充電器別売・ケース付 JV184DZK","8190","91","100","206","¥ 19,992","¥ 19,992","14","B09VB7VDH5","","48","31.2","13.1","3970"
"京セラ(Kyocera) 旧リョービ サッチング刃セット LM-2810他用 280mm 6731037【古い葉や根、刈りカスの層を取り除いて芝の成長を促す】 1個入り","8194","88","50","429","¥ 9,368","¥ 9,368","11","B008BOJ5GM","B0CNCT2MXC","42.5","13.5","13","970"
"マキタ(Makita) 充電式サンダポリッシャ 18V バッテリ・充電器別売 PV300DZ","8196","93","100","116","¥ 21,229","¥ 21,229","12","B09F5Z5P1T","","31","22.2","11.2","1400"
"【φ15~300 選択可】【DIYプロ推薦】ホールソー バイメタル 穴あけ ドリルビット 切削 工具 DIY 鉄 アルミ 石膏ボード プラスチック 木材などに対応 ShopXJ (290ｍｍ)","20777","14","","179","¥ 13,000","","1","B092D5P4HW","B092D68WJ7","33.9","32.1","9.2","3350"
"LEONTOOL ミニベントノーズプライヤー 鋸歯状ジョー付き 4.7インチ ベントチェーンノーズプライヤー ジュエリー製作用 ワイヤーカッター 狭い場所でのクラフトや修理用","8197","31","","8","¥ 10,956","","1","B0BYNFFD4M","B089PS1L34","15.5","10.5","1.7","80"
"タカショー ジョイントタイル ベースアップ 敷くだけタイル 磁器 9枚組 ライトグレー JBG-BCLG/9S","8198","70","","12","¥ 7,469","¥ 7,469","3","B0BVFP221D","B0F1N75YCJ","37.5","32.5","31.9","15660"
"[ネセクト] コーナークランプ プロフェッショナル 粉体塗装 ブラック 8個セット 高精度アルミ合金 木工DIY 直角固定[日本国内企画品] (ブラック, 8セット)","8199","30","","1040","¥ 5,980","","1","B0GZYBBBNX","B0H11B5W55","24","17","3.7","20"
"SUKIZUKI ミニ金庫 A4ファイル対応 家庭用金庫 ダイヤル式ロック 小型 スチール製 収納ボックス 耐火 おしゃれ 可愛い 盗難防止 貴重品収納 オフィス 家庭用 会社用 横長版-ピンク","10602","31","","6","¥ 7,199","","2","B0F1DYJCM5","B0F1F1KRTD","45","35","35","4000"
"【オンライン限定品】パオック(PAOCK) ステンレス バキュームクリーナー 乾湿両用 吸込仕事率220W ネイビー 20L コード自動巻取付 NVC-20L","8200","43","","73","¥ 11,883","¥ 11,883","17","B001N2FEV4","B0H98DCHJB","57.6","38.9","38.1","8270"
"マーベル(MARVEL) 圧着工具 ハンドプレス 裸圧着端子・スリーブ用 MH-38","8202","66","50","280","¥ 9,345","¥ 9,345","20","B003W3R6T0","","39.2","12.1","2.4","760"
"ALPHA(アルファ) ドアノブ 交換 鍵付き ロック TA-E用 勝手口 玄関ドア ディンプルキー D36KN-TRW-32D-1型 交換手順書付","8207","50","","40","¥ 5,280","","1","B0CJHKPZLW","B0CJHX25LY","19.8","15.2","8.2","700"
"CLY センサーライト LED 80W 人感明暗センサー コンセント式 人感センサーライト 超高輝度 10000LM 投光器 昼光色 6500K 屋外/屋内兼用 IP66 防犯ライト 省エネ 稼働モードと点灯時間調整可能 自動点灯 消灯 庭/駐車場/物置/軒下/作業用/玄関/カーポート/ガレージ/勝手口/ベランダ/階段/廊下 PSE取得済【AC100V 2ピンと3ピン併用プラグ】 2個セット","8208","50","","17","¥ 6,560","","2","B0FD3Q9WFY","B0HBB1WV7B","26.5","20.5","8.9","1570"
"Wera(ヴェラ) 05020104001 | 6004 Joker XL 自動調整 ラチェットレンチ 19mm-24mm(3/4""-15/16""), 256mm モンキースパナ モンキーレンチ 【日本正規輸入品】","8209","66","","8139","¥ 7,927","¥ 7,927","19","B08XTLYJL9","B0B9X6NCBP","29.8","13.4","2.8","390"
"本格 珪藻土 角型七輪 網付 角アミ・火箸・敷台 角型ワイド 41cm × 24cm 炭火 長角 木炭コンロ 真ん中仕切り 火鉢 木炭 豆炭 やきとり","8216","4","100","22","¥ 5,940","","1","B0C27YHGD3","","43","27","19.7","8190"
"HiKOKI(ハイコーキ) 36V 充電式 ロータリーハンマドリル DH3628DA SDSプラスシャンク 最大穴あけ能力コンクリート28mm 集じんシステム取り付け可 バッテリー・充電器・ケース別売 DH3628DA (NN)","8217","71","","45","¥ 43,509","¥ 43,509","18","B0BNVLWJX1","B0F93FMZLS","40.4","27.1","12.3","3740"
"モデル３ (２４枚セット)","8219","70","","75","¥ 8,080","","1","B0C73Q3KKK","B0F59H9RG4","23.4","20.8","10.2","1140"
"土のう袋 400枚入り 土嚢袋 48cm×62cm 資材屋本舗","8238","42","50","40","¥ 7,300","","1","B07B48CL7H","","57","41","32","42"
"[meosos] 空調作業服用 53Vファンバッテリーセット 日本製ブラシレスモーター搭載 46500mAhバッテリー付き[日本ブランド正規品]","8241","36","200","174","¥ 7,980","","2","B0H2V8XBDQ","B0H94DC7CR","27.3","21.5","5.2","1060"
"シンワ測定(Shinwa Sokutei) 丸ノコガイド定規 たためるTスライド スリムシフト 60cm 併用目盛 73537","8243","75","","30","¥ 5,211","¥ 5,211","30","B0CD7P24S1","B0CGRZTM6M","80","15","4","430"
"Syngenta シンジェンタジャパン 殺虫剤 アファーム乳剤 250ml","8250","72","","278","¥ 6,279","¥ 6,279","6","B00U8OSFF0","B09W9SPGLN","16","5.8","4.8","280"
"EcoFlow 600W Alternator Charger 走行充電器 600W高出力","8259","100","100","61","¥ 38,500","","1","B0FWR47CK7","B0GWLDYQZD","31.1","22.8","12.3","3300"
"アイリスオーヤマ 草刈り機 充電式グラストリマー 金属刃 金属刈刃 ナイロン刈刃【キックバック防ぐ形状】安全保護カバー付き 草が絡みにくい JGT160M4-H グレー","8268","72","50","43","¥ 10,900","¥ 19,910","15","B0CDC3WYSR","B0FTLVS29Z","106.5","23.5","11.5","4480"
"ソーラーライト 屋外 防水 4000LM高輝度 防犯/防災ライト 人感センサーライト 極高輝度業界【466LED・3面発光】3つ知能モード 2800mAh大容量バッテリー 防犯 太陽光発電 電気代ゼロ 自動点灯/消灯 ガーデン/壁掛け/庭先/表玄関/駐車場/停電時適用 地震/津波/台風/防災に対応（２個セット）","8273","57","","85","¥ 5,999","","2","B0FX8NGYX3","B0G33NTLNC","22.6","10.6","10.5","660"
"電動剪定バサミ 【2026改良強化版・山本造園会社監修】電動ハサミ ブラシレスモーター搭載切れ味良い 21V切断径40mmのコードレス充電式剪定バサミ 2段階開き角度調節可 大容量4500mAh*2 人気 剪定鋏 剪定バサミ 切断回数と残量表示ディスプレー 植木 盆栽 庭木/枝切り/果樹用DIY園芸用剪定用具 軽量 高齢者/女性 日本語取扱説明書付き","8278","19","100","41","¥ 9,999","","1","B0HB9XZ2Z6","B0HD8JYWK6","32.8","24","8.8","2030"
"互換ラボ MAKITA互換 マキタ対応 バッテリー 18V 6.0 Ah 6000 mah デジタル残量表示 LED Waitley 互換LAB 2個","8283","44","","220","¥ 11,450","","1","B0BSTZ792J","B0C2P814RN","19.9","14.7","9.4","1320"
"パナソニック(Panasonic) 全ネジカッター 用 純正刃W3/8用 2枚1組 EZ9SBW31","8295","95","100","179","¥ 6,757","¥ 6,757","23","B002M4TKYE","B0CV3ZYGJQ","12","5.5","1.1","30"
"ソーラーライト 屋外 ガーデンライト 高辉度 電球色 光＆人感センサー 3つ知能モード 自動点灯・消灯 IP65防水 電気代0 埋め込み 壁掛け 吊り下げ ポール 防災対策 屋外ウォールランプ 庭先/表玄関/駐車場/花壇 設置簡単 ペンダント 防犯 (4個セット)","8300","31","","144","¥ 5,590","","1","B0F9TMTW62","B0F31BSGSJ","27.5","26.9","15.4","1310"
"TRUSCO(トラスコ) スパイラルチューブ10m結束径φ7.5~32.0白 × 10巻 【ケース販売】","9598","25","","544","¥ 12,540","¥ 12,540","1","B0B5ZJRNNM","B0CG67K92F","360","240","37","2240"
"タンスのゲン ジョイントマット 大判 59cm 厚み10mm 6畳 32枚組 防音 保温性 床暖房対応 単色 31800003(65136)","8312","55","","411","¥ 7,999","","1","B08DTT7NTX","B0D49CXVGY","61.4","61.3","35.2","9720"
"高儀 コード式 2WAY グラストリマー GGT-300WA EARTH MAN 草刈り機 チップソー ブレード 様々な刈刃を使い分け ロックボタンで刈刃を簡単脱着 伸縮ポール 手が疲れにくいロングスイッチ フロントガード 肩掛けベルト コード用カラビナ 付属 延長コード 10m たかぎ","8314","55","50","19","¥ 8,055","¥ 8,055","7","B0F18HWPXS","B0F594Q5YQ","102.5","24","11.2","4040"
"HOLOMEY 大型ウォールナット壁紙 剥がして貼る壁紙 120CMx9M 茶色木目リメイクシート 木目調スタイル 厚手 防水 自粘 シール 用いる 寝室 キッチン カウンタートップ ウォール ホームデコレーションステッカー 家具補修シール","8317","53","","558","¥ 12,900","","1","B0GSPQMRJG","B0DY42TJDQ","122.5","6.5","6.5","3750"
"SPGDSPSY 電動 耕うん機 充電式 耕運機 家庭用 18vマキタ電池互換 強力ブラシレスモーター(耕運幅255mm/耕深220mm)コードレス ミニ管理機 小型 軽量 女性でも簡単操作 カルチベーター 無段階変速(伸縮・折りたたみ式収納便利・組み立ても簡単・刃の耐久性強) 家庭菜園・水田畑・農業土耕す 日本語説明書付き(本体)","8320","82","50","165","¥ 10,620","","2","B0F42HB8YC","B0F42XD3RK","69.2","28.9","24.5","3000"
"KNIPEX クニペックス 1000V絶縁強力型斜ニッパー 全長180mm クロムメッキ 7406-180","8324","70","","1385","¥ 6,000","¥ 6,000","17","B0001D9JDU","B0F38C3CSL","19.1","6.6","3","291"
"ダイオ 防虫網 ダイオネットP 2626 91cmX30ｍ ブラック","8327","47","","424","¥ 7,051","¥ 7,051","2","B00CY54ZH8","B01GPL7AZK","100","30","30","3000"
"マキタ(Makita) 充電式スプリットモータ 18V モータ部のみ アタッチメント・バッテリ・充電器別売 MUX18DZ","8334","53","100","254","¥ 21,920","¥ 21,920","12","B08XK4DGK3","","106","19","14.5","4000"
"オーニングテント サンシェード オーニング 150 x 360 cm, 強化銅製ハトメ 縁が二層重ね 高密度ポリエチレン 遮光 遮熱, ベランダ 目隠し シェード, あらゆるサイズと穴間隔のカスタマイズをサポート, ベランダ廊下/庭下/庭先用/工事現場へ/屋外 用/屋外, モカ","28595","4","","213","¥ 5,097","","1","B0D59TGL4H","B0D9BBNX2P","35","20","10","1240"
"MEIKEE【200W 電球色 2個セット】led投光器 作業灯 看板灯 2700K 20000LM 駐車場灯 省エネ 高輝度 豪雨対応 工場 IP66防水 体育館用 倉庫照明 防犯灯 ナイター 船舶 屋外作業 屋内屋外 設置可能 BBQ用 夜間工事 5万時間点灯可能 13年間耐久度 日本語取扱説明書付き PSE認証済み","10404","39","","6","¥ 7,188","","1","B0FCLR9BMD","B0HFJ1RRY5","37.2","24.1","7.9","3290"
"山善(YAMAZEN) リーフラティス 約100×200cm ハードネットタイプ 目隠 装飾 フェイク ベランダ テラス グリーンフェンス グリーンカーテン 日差し 簡単設置 日よけ 日除け パープルミックス ダブル LLH-PMW12","8342","80","","70","¥ 7,006","¥ 7,006","1","B0CQ41LBQP","B0CYZ8M2BB","104","13","10","2160"
"SUNNY GUARDベランダ目隠しシェード 5x0.9m グレーミックス バルコニーシェード","8343","55","","1205","¥ 8,603","","1","B086W7J1YC","B0DBGXGP6D","39.8","30.6","11.8","930"
"象印チェンブロック Y2チェーンレバーホイスト150KG Y2K1510","8350","47","50","203","¥ 7,400","¥ 7,400","20","B00265CIE8","B07TFW35LW","32.9","8.6","5.1","1000"
"電動剪定バサミ【2026年最新SK5高炭素鋼＆ディスプレイ表示＆切断径35mm】剪定バサミ 電動バサミ 電動ハサミ 充電式 コードレス剪定バサミ 2段階開き角度調節 切断回数と残量表示 ブラシレスモーター搭載 21V 3000mAh大容量バッテリー付き PSE認証取得済み マキタ互換可能 延長ポール装着可能（別売り） 切れ味良い 軽量 庭木/果樹/園芸 替え刃セット贈る 日本語取扱説明書付き","8357","61","50","172","¥ 6,580","","3","B0GHNH5YS6","B0H5K28JQW","32.6","24.9","8.1","2190"
"山善(YAMAZEN) チップソー 10枚セット 万能刈り 雑木 雑草 荒地 取付穴径25.4㎜ 刃数40 外径255㎜ 排気量25㏄以上 台金刃 チップ刃 4面研磨 強力埋込 刈払機 草刈機 JIS規格 BK-SH255*10 ブラック","8360","4","","1","¥ 13,861","¥ 13,861","1","B0CK16DVH5","B0HBVFH7C7","37","28","17","5500"
"Hoshinoi 手すり 室内 木製 階段用 介護用 壁付け 無垢材 手摺り 30～400cm対応 高密度塗装 角丸加工 安全設計 玄関 廊下 子供 高齢者 転倒防止 DIY取付金具付き(2本セット-長さ120cm)","8363","40","","3","¥ 8,330","","1","B0GTVXFSYP","B0HFWFPJRT","125","20","8","3600"
"グリーンライフ ポスト 壁掛け【日本製】 スチール製 横開き A4封筒(角形2号)対応 ダイヤル錠 スリム おしゃれ マットブラック FH-614DK(MBK)","8368","39","","19","¥ 7,488","¥ 7,488","5","B08WWKWNV9","B0D1XRHRKN","40.5","37.6","18.1","2620"
"トネ(TONE) 超ロング首振ラチェットめがねレンチ RMA-17L 二面幅17mm","8369","51","","106","¥ 5,391","¥ 5,391","27","B00B4T8PEO","B07WTLMXPH","40.4","17.9","1.9","360"
"椿モデル 仮締用Wソケット12.7mm PWS-4136-6K ダブルサイズソケット パーカー処理 日本製 (41mm×36mm 6角)","10769","17","","178","¥ 7,280","","1","B083XFZMRY","B083ZCGQ65","12.8","5.6","5.6","420"
"SK11(エスケー11) 木工用バンドソー SWB-300W","8375","88","50","152","¥ 24,623","¥ 24,623","15","B09RZGRZZ5","B09S1D315T","81","44","33","20570"
"LOVE STORY 日除け シェード 三角タープ 5x5x5m サファイア シェードセイル サンシェード 日よけ オーニング","9141","11","","1994","¥ 5,680","","1","B08MBQ65QD","B0GY2ZNBTQ","43","30","11","2100"
"耕運機 電動 家庭用 充電式 2026年【900W+370RPM強力 ブラシレスモーター（4面冷却）搭載】【耕幅255mm 耕深220mm】SK5マンガン鋼波型ブレード 残量表示 4.0Ahバッテリ*2 PSE認定 マキタ電池互換 (伸縮・折りたたみ式収納便利・組み立ても簡単・刃の耐久性強) 女性・高齢者も楽に操作可能 家庭菜園・庭園・農地に最適 日本語説明書付き","8377","57","50","23","¥ 11,999","","1","B0GWDNQB2F","B0HBVB3DVG","70.1","26.5","23.8","6000"
"WORKPRO 【2026新型】 芝生バリカン 12V充電式 生垣バリカン 電動芝生バリカン 芝刈り機 一台二役 コードレス 刈込幅125mm 刈込高160mm 最大切断直径7.7mm ガーデン植木 剪定 園芸 トリマー バッテリーパック・充電器・草刈りブレード・剪定ブレード付き","8378","59","100","363","¥ 6,370","","1","B0G38LR6RC","B0FL7H6XJ2","31.5","15.9","10.2","1710"
"マックス(MAX) “ツインタイア”用タイワイヤ TW1060TJP 30巻","8386","54","50","36","¥ 10,027","¥ 10,027","24","B077YGTRYH","","26.4","25.8","18.1","13770"
"高儀(Takagi) 菊堂 剪定鋏ケース 大 Wカン付 (× 5)","8386","11","","18","¥ 10,965","¥ 10,965","","B0DY6BB74W","B0DF2G6PYY","27.6","9.9","4.9","653"
"【3in1 多機能レーザーメジャー】 5m巻尺/上下デュアルレーザー搭載/高精度水平レベル 16860大型電池内装 Type-C充電式 耐衝撃設計 DIY・プロ仕様 建築 内装 工事 マーキング 国内正規代理店 SENDA SUPPLY","8390","35","100","4","¥ 7,800","","1","B0H6SYQS8T","","25.2","11.5","5.7","550"
"SPAHER LEDテープライト RGBIC チューブライト 調光調色 APP制御 音声同期 防水 リニア発光 ネオンライト 曲がりやすい 切断可能 取付簡単 ストリップライト 目に優しい 間接照明 DIY 飾り 10メートル","8399","36","","31","¥ 10,531","","2","B0CP3R252W","B0DDWPTJLQ","27.3","27.1","8.4","2900"
"マキタ(Makita) 充電式草刈機 18V バッテリ・充電器別売 MUR195LDZ","8404","81","100","60","¥ 34,992","¥ 34,992","8","B0CYPXYTBG","","175","25","12","5500"
"マンホール 鋳鉄製雨水蓋 耐圧2ｔ 300型(直径328mm) F300(穴なし） アロン化成","8407","49","50","135","¥ 6,300","","2","B01LW3TQ66","","33.4","33.3","3.6","5700"
"デウォルト(DEWALT) ローリングバッグ 撥水 撥塵 耐久性 収納ケース ツールバッグ 収納BOX 工具箱 道具袋 鞄 DIY ストレージ DWST60107-1","8411","82","","20","¥ 13,800","¥ 14,101","17","B0CK8P6136","B0DK6W92KW","59.4","51.8","36.9","5930"
"TRUSCO(トラスコ) ベアリング戸車 平型 Φ35 (2個入) THS-25-35F × 10袋 【ケース販売】","8412","41","","9","¥ 13,364","¥ 13,364","1","B0B1TW6Y44","B09W99SNN8","21.8","7.2","5.8","860"
"未来工業 台付スライドボックス 1ヶ用・標準品36mm 100個 SBH","8414","46","","1","¥ 9,090","¥ 9,328","4","B01DNRMBMG","B072BQDZT3","37.6","34.6","21","6500"
"WSKLY(ワスクリ) 卓上レンジフード 卓上換気扇 3段階風量 角度調整 三脚スタンド 活性炭フィルター6枚（装着1＋予備5）パワーのある吸引力 におい 分解洗浄OK 油汚れの軽減に お家焼肉・鉄板焼・たこ焼き・鍋の匂いや (黒とグレー, 1個)","8414","2","","6","¥ 5,299","","1","B0HFMFYHD9","B0GTYS2722","19.2","19.1","17.1","910"
"アポロ 電気柵 エリアシステム本体 AP-2011","8419","41","50","97","¥ 21,200","¥ 21,200","12","B007986VFO","B0B6TM6DT4","35.9","27","19.7","3580"
"ゼオン化成　軟質遮音シート　サンダムCZ-12","8419","73","","546","¥ 7,700","","3","B08DTCXV1P","B0F3J4FZR2","95","14.5","14.5","20350"
"TRUSCO(トラスコ) プロツールボックス TTB-802","8421","61","","52","¥ 6,040","","18","B00762HKHQ","B0DJ31RK15","53","40","28","4001"
"パナソニック テレビドアホン VL-SVD505KF","8424","70","","94","¥ 34,922","¥ 34,922","7","B07GRXWS4X","B07KGY3P3C","20.5","17","7","750"
"電動井戸ポンプ 最大給水深9ｍ 自動給水タイプ 静音小型ハイパワー 100V50/60Hz","8425","68","100","138","¥ 15,500","","2","B09S8Q7M7J","","30","30","30","9000"
"シンジェンタジャパン 除草剤 タッチダウンiQ 5L","8426","86","50","133","¥ 9,682","¥ 9,682","10","B0078IZSLS","B09W9SC1YT","31.4","24.8","15.6","7160"
"トラスコ中山(TRUSCO) 割ピン ステンレス B640445 4.0×45 19本入 x 10パック 【ケース販売】","8427","32","","43","¥ 15,535","¥ 15,535","1","B0C6K9MTBF","B09NWLX6WZ","27.5","15","6.5","1050"
"Art3d 16枚 WPC ウッド壁パネル - リビング・ベッドルーム・TV背景墙・オフィス向けインテリア装飾 - 122 x 16 CM、型番号 156","8429","50","","694","¥ 10,399","","1","B0CJT4W9RC","B0HDRWHR86","134.6","19.8","17.8","12950"
"アサヒペン 壁紙 生のりパックカベ紙 92cm×10m RSD-12 生のり付き 白 シンプルな柄 エンボス加工 厚手 透けにくい 防カビ シックハウス対策品 日本製","10832","33","","53","¥ 5,573","¥ 5,573","7","B0D8B47MTP","B0DTK6YN3C","101","12","12","6570"
"パナソニック(Panasonic) 漏電ブレーカ J型 JIS互換性形 2P2E O.C付 30A 30mA BJJ23032","8438","53","","2","¥ 5,800","¥ 5,961","6","B00YA0VIAW","B0B1D84PTR","7.6","7.4","5.7","186"
"マキタ(Makita) 充電式集じん機(乾湿両用)本体のみ VC750DZ","8441","78","100","213","¥ 20,718","¥ 20,718","15","B07K7WPH7H","B0813S5NCR","43","31","28","4750"
"Alebert｢アレベルト｣ 物置 収納ベンチ 屋外 302Ｌ大容量 ロングベンチ 2人用 ストッカー 屋外収納 ガーデン収納 ベンチ コンテナ 防水 耐候 ベランダ/ガーデン/庭/ベランダ 収納 大容量 おしゃれ (ブラウン, 容量302L)","8443","85","100","124","¥ 19,382","","1","B0FBG1CBCR","B0FBG4BPQM","135","61","23.5","19700"
"Jackery (ジャクリ) ドライブチャージャー 600W DC-DC Charger 走行充電器 600W高出力","8450","71","100","89","¥ 36,300","","1","B0FNQMDM95","","33.7","25.8","11.4","3870"
"耕運機 電動 家庭用 充電式【2026年業界初 3段階脱着・2段階切替ミニ耕運機】900W＋360RPM強力モーター搭載 3面冷却【耕幅255mm・耕深220mm】4.0Ahバッテリー×2＋充電器付属 18Vマキタバッテリー互換 170mm SK5マンガン鋼波型ブレード（新開発ブルー／2種ブレード付）","8453","11","","5","¥ 19,980","","2","B0H4R3JGJC","B0HF82XV2M","140","29","27","5000"
"2本セット SDSプラスシャンク コンクリートドリル,ハード合金ドリルヘッド,掘削コンクリート、セメント、石、レンガのために(35x500mm)","8455","24","","47","¥ 5,590","","1","B0DKNQZPSC","B0DKNMWMC9","53","8","4","3440"
"トラスコ中山(TRUSCO) スパッタシートデラックス ロール 溶接用保護具 1000×30m SPS-RDX","8456","53","","185","¥ 116,982","¥ 116,982","16","B06WP5CM85","B0BMQ6NSKZ","120","19","19","20800"
"ケルヒャー(Karcher) 高圧洗浄機 K3 サイレント プラス ベランダ(60Hz) 1.603-203.0 イエロー","8457","102","50","225","¥ 39,380","","12","B0BCDW3B46","B0CBP1VBZB","59","39.3","36","16220"
"パナソニック(Panasonic) スッキリ21単2横一30A6+0 AL付 BQWB3236","8458","87","100","166","¥ 9,180","¥ 10,058","8","B00KNVR4ZA","B0B6TQHFR4","37.6","32","11.7","1910"
"AXRY 換気扇フード ステンレス製換気用遮光フード 角型ダクトカバー 排気フード 壁用 角型屋外レンジフード 通気口 業務用換気設備向け (16 インチ メッシュ底付きトレイ,シルバー)","8458","6","","","¥ 9,710","","2","B0H7MDWD8X","B0H7M3SGVW","1","1","1","1000"
"TOTO ウォシュレット (瞬間式) 掃除がラク ノズル除菌機能付 TCF8CKM31#NW1 ホワイト","8459","84","100","69","¥ 64,500","¥ 65,449","16","B0F1Y8RB1X","B0GNZ6JXKF","62.1","45","19.5","6530"
"ハタヤ (HATAYA) コードリール 屋外用 (防雨型) 100V型 コード20m 太さ1.25㎟ 標準型 接地付 コンセント4個 コンセント防雨キャップ プラグカッパー1個付属 家庭用 工場用 建設現場 サンデーレインボーリール SS-20K","8467","51","","54","¥ 13,100","¥ 13,100","15","B008B1VFHW","B0CT5GJBL2","34.9","29.8","19.7","5434"
"パナソニック(Panasonic) ベター小型コードコネクタボディ ブラック 100個セットWH4615B100","8472","49","","132","¥ 24,693","¥ 24,693","1","B0BVZ2DJJY","B0C5J38VZ5","26.6","12.6","10.5","2500"
"CIGMAN 4D レーザー墨出し器 2インチLCDカラー画面 高精度 ±1.5mm/5m APP遠隔操作 プレミアムデザイン","8483","71","50","369","¥ 18,899","","1","B0FDKKY6KP","B0H8YQTB78","35.4","29.6","14.9","3261"
"トネ(TONE) エクステンションバー HPEX40-1000 差込角12.7mm(1/2"") 全長1000mm","8486","39","","270","¥ 6,575","¥ 6,575","1","B005LEALMC","B07WRF9NV4","103","3","3","470"
"マキタ(Makita) 充電式全ネジカッタ 18V バッテリ・充電器別売 ケース付 SC102DZK","8491","51","50","143","¥ 45,535","¥ 45,535","12","B06XWTMFGZ","B07DC4KJ98","39.8","29.4","21.4","4740"
"Elikliv ミニグラインダー 充電式ディスクグラインダー 小型・ブラシレスモーター搭載 外径100mm/内径15mm 工具本体のみ","8492","83","","108","¥ 5,680","","1","B0F8NLKK4T","B0GWCVPTLH","35.6","14.4","12.3","1080"
"トネ(TONE) パワーグリップドライバーセット PGD8 ブラック 内容8点","8499","60","","76","¥ 5,755","¥ 5,755","22","B0183FCM4A","B07WSKN6BM","36.2","15.4","9.4","1600"
"ボッシュ(BOSCH) コードレス電動ドライバー IXO6 ダークグリーン 無段変速 正逆転切替 LEDライト (ビット10本・USBケーブル・ケース付) 締付工具 ドリルドライバー","8500","63","","308","¥ 12,800","","2","B0982SYKV3","B09TTHM144","19.8","19","6.6","780"
"マキタ リチウムイオンバッテリBL1040B 10.8V 4.0Ah A-59863","8503","80","100","479","¥ 10,478","","11","B017AQY6NS","","26.5","19.5","13","600"
"ベッセル(VESSEL) 六角棒 ボールポイント L型レンチ ロングタイプ 対辺19mm 8300BP-L","9641","45","","46","¥ 5,682","","11","B07PXBSRQ1","B07NN5V4X5","41.1","9.4","3.9","1050"
"トラスコ中山(TRUSCO) 六角穴付ボルト 半ネジ B301260 黒染め M12×60 8本入 x 10パック 【ケース販売】","8514","38","","153","¥ 8,051","¥ 8,051","1","B0C64XYHL9","B09PBND7RM","33.1","15.2","9.2","4"
"マックス(MAX) ガンタッカ TG-A(N)","8525","60","50","309","¥ 6,745","¥ 6,745","52","B000NJG4L2","B08NFW9FJ2","22","21.8","3.8","830"
"パナソニック(Panasonic) 特定小規模施設用自動火災報知設備 連動型 ワイヤレス感知器 光電2種/無線連動型子器・火災区域特定 BGW42427","8527","80","100","7","¥ 11,986","¥ 11,986","10","B0DPQDK2ZM","","11.2","11.1","6.3","190"
"YOIbuy PRO 18V 充電式 165mm 丸のこ 高速ブラシレスモータ搭載 ブレーキ付き 高精度 アルミベース 平行度調整可能 集塵ノズルあり マキタ 互換 コードレス 丸ノコ 軽量 国内正規品 本体のみ(バッテリー・充電器別売り) YCSP-BL165-2 (黒色)","8527","46","50","27","¥ 14,458","","1","B0GYPP13KH","B0GYPJFL3Z","32","20.4","19.5","2810"
"【耐久25年・ETFE素材】LVYUAN(リョクエン) 300W フレキシブルソーラーパネル 単結晶 柔性 据置型 太陽光パネル 防水防塵 車中泊 野外 災害対策 変換効率22.5% 超薄型 超軽量 地震停電 防災予備品 車中泊 船 キャンプ 非常用 14つの鳩目（接続取付穴）付き CSSF-300W","8529","40","","1","¥ 30,595","","1","B0GG36DXZR","B0DNZ6JCZQ","174.5","92","3","4100"
"CIGMAN 3Dレーザー墨出し器 APPとリモコン遠隔操作対応 3x360°グリーンレーザー 小型 スマホ操作 磁気回転スタンド 日本語説明書付き","8530","77","50","593","¥ 13,990","","1","B0D31MLJXC","B0H947Y5FS","22","20.2","13.3","1202"
"Jackery Solar Generator 2000 New 2042Wh ポータブル電源 200W ソーラーパネル 1枚 接続用5M延長コード 1本 3点セット ソーラーチャージャー 1.7時間満充電 定格出力2200W 瞬間最大4400W 家庭用 アウトドア用 防災 車中泊 UPS機能 アプリ遠隔操作 純正弦波 AC100V 50Hz/60Hz対応","8531","42","50","11","¥ 164,670","","1","B0F7XGDD5D","B0F9FF34VQ","40.3","39.2","31.8","26000"
"トップ工業 (TOP) エアコン用ダクトカッター 因幡電工推奨品 フタ 底部同時切断可能 エアコン 工具 DC-100M 燕三条 日本製","8532","92","100","260","¥ 8,096","¥ 8,096","76","B001VB88VK","","37.4","14.5","3","740"
"Anovara(アノヴァラ) バイクガレージ バイクシェルター 屋外 バイク収納 開閉式 600D 極厚カバー 出し入れ簡単","8553","71","","58","¥ 16,580","","1","B0GX65J1KJ","B0FK2HTQZH","115","28","20","26000"
"マーベル(Marvel) プロメイト(PROMATE) ケーブルキャッチャー miniカーボンキャッチャー E-4863","8557","47","","191","¥ 6,809","¥ 6,809","16","B0095NWCHC","B07N6TR3P7","39.8","9","3.5","209"
"【技術革新・一台二役】電動 芝生バリカン 充電式 21V 2000mAhバッテリ一搭載 生垣バリカン 芝刈り機 コードレス ブレード*2 剪定 刈込幅130/220mm 刈込高さ調整15-25mm 二重安全ロック 軽量 園芸 植木 急速充電器付き 日本語取扱説明書付き (緑)","8560","92","100","91","¥ 6,648","","2","B0GG8VKGLL","B0GXY87P1T","35.3","14.6","13.1","2090"
"電気工事士 2種 技能試験セット 材料 モズシリーズ 2026年 電線 1回分 第二種電気工事士 練習 令和8年","8562","66","50","194","¥ 11,020","","1","B00D1HUSJM","B0CGTSPNL6","24.2","23.8","10.6","3540"
"SEESII ジグソー 充電式 電動のこぎり 18Vバッテリー互換 4段階オービタルアクション 0-45°傾斜切断対応 曲線切り ツールレス刃交換","8568","57","","1404","¥ 5,280","","1","B0GWQCV2D3","B0GWLHF8LD","34.7","24.6","10.8","2150"
"エレコム 一酸化炭素アラーム [日本製センサー ] 5日連続動作 音量3段階 充電式 キャンプ NESTOUT ブラック OD-NESTCOS1BK","8569","41","","10","¥ 9,980","","15","B0FV6R53DS","B0FX91GMRW","16.4","7.2","4.7","130"
"ヤマソロ スタンドポスト 置き型 ポスト 郵便受け ダイヤル式 戸建て アンティーク汚し加工 Lon ロン レッド 73-861","9777","41","","476","¥ 11,210","","1","B08PKDSBS6","B08PKD31WT","60","45","34.5","10000"
"トネ(TONE) アルミパイプレンチ ALPW-600 適応管径80A 全長558mm 最大口開き100mm","8586","58","","200","¥ 6,136","¥ 6,136","20","B07D82DGNC","B07WNL96K8","55","12","3","2450"
"ガーデンマスター(Gardenmaster) 物置 屋外 収納庫 大型 幅120×奥行45×高さ94cm 二重構造鍵付き 安心設計 吊り戸式 可動棚10㎝間隔 棚板補強加工 転倒防止設計 DSSB-0129K ブラック","8591","53","","1","¥ 24,999","¥ 25,252","2","B0H3TJ3RQV","B0H3KB3GJM","97","70.5","12.5","20000"
"エナジーウィズ(Energywith) Tuflong (タフロング) AG豊作くん A19R 農業機械用 AGA 30A19R","12905","53","","379","¥ 5,710","","7","B09DL42FCF","B09Q8ZWT42","18.7","18.4","12.7","7500"
"充電式レシプロソーセット【日本ブランド】黒 収納ケース ATRS01BK-BT 替刃4本付き 電気のこぎり マキタ18Vバッテリー使用可能 切断 木材 PVC 金属 パイプ 切る 切削 軟鉄パイブレシプロソー DIY アルミ切断 薪作り 木材 剪定 枝払い 金網 切断 ブレード替刃 4本付き 3000mAh バッテリー付き 即使用可能フルセット マキタ互換品","8598","43","50","32","¥ 7,980","","1","B0D54NHB5P","B0CT7D4MD4","43.2","29.6","9.8","3300"
"Amoresbat 互換 マキタ 18v バッテリー BL1860B 6000mAh大容量 1個 マキタ 18v バッテリー 充電器セット DC18RC充電器付き BL1815N BL1830B BL1860Bなど互換 LEDランプ残量表示 A+級セル採用 BMS基板搭載 多数保護機能 PSE、CEマーク認証取得済 PL保険付","8608","42","50","31","¥ 5,280","","1","B0G6Y43RBS","B0GSZKGQ6N","26","13","9.6","450"
"2026年新型 草刈り機 21V充電式 コードレス芝刈り機 大容量4000mAhバッテリー&急速充電器付き 4-in-1コードレス軽量ブラシカッター/トリマー/芝刈り機 人間工学設計 伸縮式 多地形対応 4種類の替刃で芝生 枝切り 畑 雑草 植木対応 家庭用 農業園芸用機器","8615","17","","7","¥ 7,980","","1","B0FPG33C31","","88","16","13","3200"
"ベストツール(Besttool) KOSEI 強化型パワーソケットセット 9本組 メタルケース入 BDSP-824SCM【日本製】","8622","74","","","¥ 14,300","¥ 14,313","5","B0DZMD9QCC","B0C69HN5Q6","26","20.1","6.6","1770"
"三陽金属 フリーナイフ ウイングモア 替刃 1台分セット No.607","8630","50","100","190","¥ 6,692","¥ 6,692","5","B085Y1Y39Y","","14.6","8.9","3.6","1180"
"HiKOKI(ハイコーキ) 14.4V 18V共用 コードレス ワークライト 充電式 本体のみ 蓄電池・充電器別売り UB18DJL","8632","99","100","562","¥ 5,706","¥ 5,706","16","B00KQ6OSN8","B0DGV1YC81","31.9","14.3","8.8","430"
"セリオン タイルカーペット ペットマット ジョイントマット【30*30*0.4cm 40枚入】タイルマット 防音マット (アイボリー*ライトグリーン)","12479","27","","444","¥ 5,280","","1","B0C1GF9BNX","B0BDDRHGFZ","31.7","31.4","18","1940"
"SK11(エスケー11) エアーホースリール セーフティソフト 特殊PVCで柔らかい 回転台付 30m SAR-030SS","8640","51","50","159","¥ 12,138","¥ 12,138","15","B00NPFE94K","B0G2X6QCTJ","34.6","29.8","27","6300"
"プールカバー 2.1m用 2.5m用 3.0m用 大型 折り畳みプールカバー 【子供たちを笑顔にするプール】子供用 (グレー, 3.0m用)","8647","56","50","193","¥ 5,090","","1","B0F37YBMJP","B0F36Y3KMV","36.4","27.5","8","1570"
"京セラ(Kyocera) 旧リョービ ガーデンシュレッダー(粉砕機) 延長コードセット GS-2020(Z) 4988841 【特別セット品(作業範囲の拡大に便利な延長コード10m付) ギヤ式の刃で剪定した枝木を低騒音でチップ状(1/10サイズ)に粉砕】 庭木の剪定後に出る枝処理 最大粉砕径30mm 質量19.8kg 過負荷を防ぐ安心機能付","8650","84","50","51","¥ 42,407","¥ 42,407","1","B0CKVF6Z7T","B0CM96HLTY","57.5","55","39","25100"
"VOICE レーザー墨出し器 5ラインレーザー Model-R5 三脚・受光器セット 4方向大矩ライン照射モデル アプリからの遠隔操作 タッチスイッチ","8650","42","","5","¥ 28,780","","1","B0CSRPXFY8","B0CJDTZY7P","66","37","33","6450"
"特許取得商品 長さ：20cm 厚さ3.5mm軽量タイプ 棚受け金具 隠し棚受け 高耐荷重 L字金具 アイアンブラケット 目立たない棚受け 棚受け金具 棚支え8個セット (20cm, 8, 本)","8662","20","","144","¥ 5,498","","1","B0D9CCYCZT","B0DFV9Z5XR","24.8","9.3","5.9","610"
"DEKOPRO 丸のこ のこ刃径165mm 最大切込み深さ55mm 電動丸ノコ マルノコ 丸鋸 電動ノコギリ 電動工具 パワフル切断 1200Wハイパワーモーター搭載 家庭用 小型 木材・合板の切断 ソーガイドフェンス 日本語説明書付き","8674","38","100","304","¥ 5,778","","1","B0H3N9Y4RK","B0HFZ47ZW3","33.1","25.1","19.8","3660"
"【2026年新登場】VOERJIA 高圧洗浄機 コードレス 充電式 洗車機 マキタ バッテリー 互換 4000mAh大容量 残量表示 1000PSI高水圧 400L/H吐出量 350Wハイパワー 自吸式・水道直結対応 6in1ノズル 止水バルブ付き ポータブル 洗車 ベランダ 外壁 網戸 庭掃除 日本語説明書付き（グリーン）","8676","61","100","219","¥ 7,899","","1","B0GY3YJ1ZY","B0H8Y4ZYBN","37.1","33.6","13.4","3870"
"ＩＴＡＮＳＥ ローズマリー マリンブルーの大苗【品種で選べるハーブ苗 5号鉢/2個セット】","8680","25","","71","¥ 5,083","","1","B08J7THP2K","B0H9CYD6W7","58","21","21",""
"グリーンパル スペースボックス おしゃれ 灯油 保管庫 宅配ボックス 屋外 防災ストッカー ベランダコンテナ 収納庫 (105L：880×440×490, グレー)","8693","36","","91","¥ 5,280","","1","B0C6SWRW2W","B0C6STJSMT","88","44","40","3500"
"TRUSCO(トラスコ) ディープソケット(12角) 差込角9.5 対辺24mm TS324WL × 10個 【ケース販売】","8698","45","","211","¥ 7,612","¥ 7,612","1","B0C4T6BHQG","B0CCR9NBKN","19","8.6","6.9","1918"
"Metric & SAE リベットナット詰め合わせキット(420個)、m3 m4 m5 m6 m8 m10 m12#6-32#8-32#10-24 1/4インチ-20 5/16インチ-18 3/8インチ-16 UNC リベットナット、亜鉛 メッキ仕上げカーボンスチールリブナット","12403","33","","63","¥ 6,451","","1","B0DMW45FC5","B0CHJRZDRG","24","18.3","5.4","1501"
"浅香工業 ウェブホース 内径15mmx外径20mm 長さ20m 280428","8701","52","","34","¥ 6,027","","3","B07T72NMDG","B0FQ5JD5X1","33.4","33","14.2","3560"
"NACETURE 天井フック 植物吊り下げ用 - 正方形壁取り付け植物ハンガー 屋内吊り下げフック 金属プラントブラケット 鉄製ランタンハンガー 風鈴、プランター用 (正方形 5インチ ブラック 6個パック)","8702","52","","837","¥ 5,731","","1","B0C3QCC56D","B0CLY59T7K","17.9","15.9","3","340"
"三井化学クロップ&ライフソリューション 除草剤 ザクサ液剤 6L","8713","70","100","31","¥ 19,799","¥ 19,799","5","B0C2KGQB1V","","31.5","24.9","12.8","6960"
"BLUETTI Charger 1 走行充電器 560W高出力 6倍急速充電 他社ポータブル電源対応 オルタネーターチャージャー 取付簡単","8716","81","100","317","¥ 33,120","","1","B0DHNPV6LX","B0GDFGYSXF","21.5","20.8","19.7","3060"
"HIH 防災リュック 防災グッズ 防災セット 1人用 【福島県企業が開発】ハザードリュック 36点セット","8718","50","100","610","¥ 15,000","","1","B0061YKXVK","","41","31","21","5000"
"マキタ(Makita) カッタセット A-66961","8725","30","","131","¥ 6,747","","5","B07STTHNK4","B07YMS8JHP","11.5","8.4","1.2","30"
"ムサシ(MUSASHI) 充電式バリカン雑草クリーナー 芝刈り機 除草 雑草 庭の手入れ FW-1000","8728","67","100","14","¥ 16,364","¥ 16,364","6","B0GQ9V4QJC","B0H6F74X51","74.5","27.5","17","4510"
"waitleyマキタ BL1890 9.0Ah互換 純正18Vバッテリー ２個セット 大容量9000mAh 互換マキタBL1860バッテリー","8729","78","100","134","¥ 10,078","","1","B0DPQC49Y7","","29.8","10.2","9.9","2000"
"サンパーシー エアコン室外機カバー ルーバー可動式 ラック 耐荷重30kg ステンレス (シルバー, 標準サイズ)","8744","51","","81","¥ 7,619","","1","B0FCXLDT6F","B0FCY41FJQ","92","42","10","8000"
"Eufy Solar Wall Light Cam S120 (フルHDモデル)","8746","101","50","52","¥ 13,000","","3","B0GL114F7C","","21.5","16.6","9.7","790"
"3000VA 変圧器 100V 220V アップトランス ダウントランス 入力出力電圧自動切替 海外国内両用型変圧器 降圧・昇圧兼用型 自由変換 ポータブル海外機器対応 電源変換プラグ","10996","36","","26","¥ 12,998","","1","B0CSYD2BGY","B0DNHR6VJM","33.2","24.4","18","8620"
"【昇級版】TANKAO ガーデンライト ソーラー 屋外 暖色 和風 庭園灯 ソーラー街灯 庭用ライト ポール 防水 装飾雰囲気 おしゃれ","8761","53","","113","¥ 5,739","","1","B0C4HTF9KJ","B0D3YPFVMK","37.6","34.6","15.9","2940"
"オスモカラー オスモ&エーデル カウンタートップオイル 0.5L #3046 5分ツヤ","8763","71","","20","¥ 6,450","","6","B08XX31CCC","B08XX4FPWK","14","12.9","7.6","660"
"石原バイオサイエンス 殺菌剤 ランマンフロアブル水和剤500ml","8773","60","","83","¥ 5,786","¥ 5,786","7","B01DNVXV3U","B09W9T9WZW","19","7.1","7","600"
"未来工業 プラスチック製防雨ボックス ウオルボックス Aタイプ 屋根無 ヨコ型 350×530×180mm ベージュ 1個 WB-15AOJ","8781","41","","4","¥ 7,996","¥ 8,489","4","B01HRQZ6TO","B071RN2RVD","56","38.6","19.2","3600"
"TENCEN カモフラージュネット 迷彩ネット カモフラネット ギリーネット 迷彩柄 偽装網 日除け 風通し 目隠し キャンプ 野外活動 サバゲー 野鳥撮影 狩猟 装飾 より厚い生地 フリーカット 単層 ウッドランド 1.5×15M","8783","13","","100","¥ 5,830","","2","B09FZ8Y6NJ","B0C2KC1CDK","39.9","33.5","15.8","2000"
"DEPOS デポス ラタン調 ベッロ ガーデンチェア３点セット カプチーノ 雨ざらし 屋外","8785","61","50","49","¥ 16,609","","1","B0DJCR8MX8","B0DJCTR389","82","59","43",""
"防草シート 除草シート 適格請求書発行可 防そうシート 防草シート 不織布 防草 シート 雑草防止シート 1×50m 不織布 固定ピン100本と黒丸100枚付き 厚手 高透水性 UV耐候剤配合 親水剤入 高耐久 高密度120ｇ/㎡(1×50m, ブラック)","8797","72","","270","¥ 6,388","","1","B0BW8X15SQ","B0CSNBKXKB","102","22","21.6","8600"
"タジマ セフシステム 工具ボックス用 ワークトップ TB-WT","8800","43","","10","¥ 6,079","¥ 6,079","6","B0FQHG454Y","B0FQJ39YNL","49.6","34","6.4","2230"
"東洋スチール(TOYO) 2段式スチール製工具箱 ST-350 モスグリーン 【幅約35×奥行約16×高さ約21cm】 日本製 ツールボックス 収納ボックス","8805","83","","547","¥ 9,090","","8","B09Z7XMSFX","B0BM1TLVWC","36.6","20.1","18.1","2531"
"リーフラティス 人工グリーン 目隠しフェンス グリーンカーテン 屋内屋外兼用 幅 0.5m～2m× 長さ 1m～20m カスタマイズ可 UV カット 耐久設計 ベランダ/庭/リビング/店舗装飾 壁面緑化 簡単 DIY プライバシー保護 フェイクプランツ (淡い色のツタ, 1*10m)","70280","14","","13","¥ 6,499","","1","B0FVFPSC47","B0FVFPPL3M","35","18","16","1200"
"Bonvoisin 油圧式圧着工具 圧着ペンチ ハイドロプライヤー 4~70mm²裸圧着銅/アルミ端子用 8種類ダイス 日本語説明書付き 内部作動油：低凝縮耐摩耗性油圧作動油L-HV15","8811","58","50","175","¥ 5,089","","1","B083FKF799","B08F1V34TD","36.1","18.9","11.3","3180"
"Daran ポータブル電源 350W / 288Wh バッグ付き ポタ電 AC出力 純正弦波 大容量 ぽ-たふる 発電機 長寿命 リン酸鉄バッテリー 小型 軽量 AC シガ-ソケット ソーラーパネル充電 アウトドア キャンプ 車中泊 停電対策 地震防災 家庭用 オフェス 非常用 電源","8827","52","50","123","¥ 18,999","","1","B0FR8X1P61","B0H4197JW6","36.2","29.9","20","4780"
"【2026新型】SEESII 充電式ポールヘッジトリマー たかえだ充電式剪定トリマー 480mmのトリマー刈幅 2個4000mAh大容量バッテリー","8829","37","100","176","¥ 13,800","","1","B0H68ZBXMK","B0H7B4VBMM","90","15","14","5000"
"テンパール工業 ビリビリガードPlus 漏電遮断器 15AF 15A 15mAビリビリガードPlus GBXC1515","8838","39","50","99","¥ 5,999","¥ 6,998","19","B073J6ZTNZ","B07YKVX8BF","18.4","8.6","7.1","200"
"METIS WONG 防草シート ぼうそうシート 除草シート 厚手不織布 1x50m 耐用5年 黒 ピン60本付","8843","65","100","354","¥ 5,998","","1","B0BVMK5VZS","B0CJDPPR48","114.5","19.5","18","7040"
"QOLIFE 電動剪定バサミ 剪定ばさみ SK5高炭素鋼 切断直径7mm/15mm/23mm/40mm 4段階開き角度調整 マキタ18V互換 2000mAh大容量 2枚電池付属 電動鋏 LCDディスプレイ搭載 切れ味良い 剪定ばさみ 剪定鋏 植木 盆栽 庭木/枝切り/果樹用 充電式電動バサミ 園芸用剪定用具 軽量810g 収納ケース付き 予備刃2枚付き 日本語取扱説明書付き (青色)","8850","17","","38","¥ 9,499","","1","B0H6XC5Q5X","B0H83FF6QR","28","25","3.5","2000"
"【2026新型】SEESII たかえだ電動チェーンソー8インチ 高枝切り電動バサミ ブラシレスハンディソー200mm切断径 充電式剪定ばさみ 1台多役","8850","4","","726","¥ 15,800","","1","B0HC31Y5WG","B0HFVFZGWX","120","20","13","5560"
"アイガーデン アイウッドデッキ PLUS ステップ ダークブラウン 幅約90cm 高さ調節可能 アイウッド人工木 樹脂製 (P1s90db)","8853","36","","36","¥ 10,980","¥ 15,413","2","B073WB3SYL","B0C7SXSVN1","120","62","30","8000"
"共立電気計器 (KYORITSU) 8035 非接触検相器","8854","52","","100","¥ 19,688","¥ 19,688","20","B00D764AMI","","18.8","17.2","8.7","620"
"へいりん Heirin ゴミ箱 屋外 ゴミステーション 大きい 金属製 シルバー カラス除け ゴミ荒らし防止 カラスや野良猫から守る 高強度 180L 二重防錆仕様 5.2mm極太ワイヤー構造 庭用・菜園用 ふた付き 折りたたみ式","8857","62","100","32","¥ 5,499","","1","B0GKY1VQJ8","","66.5","61","5","6950"
"新富士バーナー(Shinfuji Burner) 草焼きバーナー 【除草・害虫駆除・軽量】 カセットガス式 KB-120SBK ※本体のみ ブラック","8859","87","","713","¥ 6,487","¥ 6,487","3","B08G1DG329","B0DG4Y6XDM","73.5","14.5","7","940"
"ダイドーハント(DAIDOHANT) ( ロープ止め ) ロープ止め 丸型 [ 鉄 / ユニクロ ] (呼び径) 6 x (長さ) 250mm ( 100本入 ) 00044378","8865","40","","6","¥ 9,624","¥ 9,624","1","B07398688Z","B0CST19HV7","31.5","16.5","10","7400"
"BtcFu黒色電源延長コード、充電ケーブル、3ピンメスコネクタ、屋外用、産業用、防雨・難燃性、路面電車/電動工具/芝刈り機/照明器具/掃除機などに最適 (30 メートル)。 (ブラック,50cm)","8867","0","","","¥ 5,499","","1","B0G34JKKF2","B0G34D74RT","30","30","30","2500"
"GANGWAY JAPAN タイダウンベルト 自動巻き取り 25ｍｍ×3ｍ ラッシングベルト ラチェットベルト 荷締めベルト ４本セット","8875","29","","29","¥ 8,892","","1","B0DJZ8KF17","B0DJZ794NZ","34.5","17","8","3352"
"【Amazon.co.jp限定】ジョイント Keilymat タイルマット 防音シート 吸着式 床暖房 30×30CM 薄さ5mm 60枚入 洗える","8879","19","","45","¥ 8,599","","1","B0G42LDW8Q","B0HDZ33QWG","30","30","26","3400"
"GARDENA(ガルデナ) 散布機 XLサイズ 容量18L 散布幅1.5m~6m 【融雪剤・肥料・砂の散布用】【均等な散布に最適】【ドイツのガーデニングブランド】 436-20 製品保証:最大5年","8880","49","","667","¥ 14,422","¥ 14,422","3","B076X38GXM","B0C147JWTY","58","43","40","7000"
"グッドライフウッド(Good Life Wood) 人工芝ロール 1mx5m 芝丈30mm ピン11本 艶消 4種芝編込 耐UV 2レイヤー 滑止","8882","45","","750","¥ 5,190","","1","B0B3M377XY","B0B4JNY1VD","100","20","20","7500"
"SK11(エスケー11) 伸縮式ラチェットハンドル 差込角12.7mm ギア数72山 全長294～432mm(7段階ポジション) SRH4CZ","8887","95","","67","¥ 5,259","¥ 5,259","3","B0DQYK6F68","B0FV7HWDFW","32","7.3","5.3","620"
"千吉(Senkichi) アルミ柄 刈払鎌 中厚 210mm","8888","67","","59","¥ 6,683","","10","B003VUWJPA","B0GRX9SGYJ","134","22","3.6","600"
"ssvm 天然石の壁紙 スリムストーンベニアモザイク 壁紙シート 壁紙シール (1セット, カラーラ)","8891","25","","146","¥ 13,050","","1","B0C6K2RQ3X","B0F3HPGQXZ","61.2","15.8","5.6","3740"
"Wyfcal 防草シート 10年耐久 雑草防止 草取り シート 幅1/1.2/1.5m×長さ100m 園芸用品","8898","51","50","41","¥ 7,581","","2","B0GKMWVQTJ","B0H9L3W1BK","83","17","17","8590"
"Signstek 吊り引き戸レール バーンドア金具 6.6FT/2.01m リフォーム建具 引戸レール 扉引戸 DIY 片引き戸 I型5段式 ブラック","8911","47","","767","¥ 5,167","","1","B0FJF9W79Z","B0BCFN3KLR","44.7","12.9","10.7","5460"
"サンワダイレクト センサーライト 2灯 防犯カメラ付き 2000ルーメン コンセント式 コード長5m 防水 IPX5 800-LED098BK","8916","58","","14","¥ 10,620","","1","B0FN34C56M","B0DB15CJZ6","21","21","20","1230"
"矢崎 都市ガス ガス警報器 日本製 YP-774 ＣＯ警報器 住宅用 火災警報器 （煙式） 複合型","8917","60","100","235","¥ 9,590","","2","B07D991L26","","16.2","9.2","5.6","370"
"Panasonic (パナソニック) 天井埋込形換気扇 ルーバー別売タイプ FY-27B7","8918","56","","147","¥ 13,050","¥ 12,445","8","B005WO5ACW","B0B1LK2XN2","36.6","36.6","32.4","5000"
"日中製作所 引違戸用防犯錠 C型ディンプルシリンダータイプ 198-U アンバー","8934","50","","135","¥ 5,509","¥ 5,509","5","B00A4Q7PYE","B0DNDF78R7","18.5","10.8","4.3","300"
"東芝 TOSHIBA ダクト用換気扇 【DVF-T10CL】","8942","44","50","196","¥ 8,100","¥ 8,128","8","B00DFV5VV4","","29","26.5","24.5","1900"
"グリーンライフ ポスト 壁掛け【日本製】 サビにくい18-8ステンレス A4封筒(角形2号)対応 前入れ 後出し PH-60UD","8945","43","","167","¥ 9,451","¥ 9,451","10","B00BERXVZ4","B0DFGJN4DB","39.9","37.8","23.8","3730"
"10.1インチモニター 小型 ディスプレイ 液晶ディスプレイ モニター/HDMI VGA AV BNC USB ポート/ 1024x 600/ 16:9 VESAマウント/スピーカー内蔵/リモコン CCTV防犯カメラ DVR PC ゲーム機用 日本語対応","8951","45","50","24","¥ 8,880","","1","B0FCBYC3FW","","28","17.9","9.4","1170"
"ガーデンマスター(Gardenmaster) アルミプランターフェンス 幅90×奥行30×高さ149cm 目隠し フェンス プランターボックス 日よけ ダークブラウン KAPF-90150","8952","45","","740","¥ 15,021","¥ 15,021","2","B073VDKLB4","B0F5H1PPWW","96","51","15","6900"
"イチネンTASCO TA771SV-4 トルクレンチ1/2(校正証明書付)","8962","78","50","23","¥ 8,024","¥ 8,024","3","B0FD9531RV","B0FM7N9DHC","29.8","4.8","4.2","420"
"AILOXIN 噴霧ノズル 散水ノズル 自動散水セット 30Mホース ノズルミストシャワー 30個ノズル 真鍮製 水やり 芝生 灌漑システム スプレー灌漑 屋外散水 点滴灌漑 ガーデニング 屋外冷却システム適用","8963","65","50","198","¥ 5,680","","1","B0C3NDF5NK","B0BX9C9HWZ","25.3","25.1","6.9","990"
"VLOXO電動カッター 電動ハサミ 切断機 マルチ ダンボール プラスチック アクリル ボード クッションフロア 壁紙 「替え刃１枚付き総計２枚」プラスチック だんほーる カーペット 高速 カッター 切断 充電式 2000mAh","8967","86","100","1019","¥ 6,299","","1","B0FY5M9P99","B0F23LF895","25.1","11.2","6.2","560"
"マキタ 充電式ハンマドリル[本体のみ/バッテリー・充電器別売] HR183DZK","8972","45","50","67","¥ 29,087","¥ 29,087","15","B0C1Z7XRWW","","51.6","38.4","15.6","4960"
"【2023年度グッドデザイン賞受賞】 ALMAX アルマックス 室外機カバー アルミ製 エアコン室外機カバー 実用新案登録商品 幅93cm×奥行38cm×高さ86cm(木目調ナチュラルブラウン) KB-93N","8993","57","","882","¥ 13,690","","4","B07SQ8QHYC","B09P1BDG65","95","39","9","7000"
"農業用 農業用 防虫ネット 0.25ｍｍ目 AJメッシュシート 1.8×10m","8994","39","","101","¥ 6,483","¥ 6,483","2","B07FMRQ99N","B085LZ5QQN","26.8","19","4.4","360"
"HiKOKI(ハイコーキ) AC100V 125mm ディスクグラインダー アルミボディ スナップスイッチタイプ 3P可倒式プラグ付き G13SHA(E)","8994","56","","2","¥ 21,037","¥ 21,037","9","B0CCRQ78X2","B0CL27VC1M","33","15.1","13.1","2790"
"ロジクール K835GPR 有線 メカニカルキーボード 赤軸 リニア テンキーレス コンパクト メカニカル キーボード 有線キーボード グラファイト windows surface K835 国内正規品","9014","100","100","1180","¥ 7,200","¥ 7,200","2","B08M38N6X7","B0GLP2H95K","38.4","16.8","5","870"
"パナソニック VL-SE35XLA","9015","101","100","66","¥ 14,915","","15","B0BYDDJ47Q","","23.1","15.9","8.6","810"
"【2026新型】SEESII 電動サンダー ベルト 充電式サンダー 角度調整可能 13mm/8mm幅ベルト兼用 16枚研磨ベルト ブラシレスモーター","9017","83","50","59","¥ 6,900","","1","B0FPLY7YDT","B0GVJ5J842","40.9","15.2","11.7","1420"
"ニクサスプロ スジ切【日本製】岐阜県関市【食洗器対応】彫刻刀","9022","49","50","169","¥ 5,980","","3","B0CWL9X22F","","19.6","12.6","4","290"
"【ヒルナンデス！で紹介されました】EFポリマー 土に混ぜるだけでラクに水分キープ プランター・家庭菜園向け 保水材 粉末タイプ(こな) 5kg 水やり減 肥料節約 100％生分解性 ケミカルフリー","9028","42","","46","¥ 14,300","","2","B0C1JJH3GN","B0C4NRP852","48","29","10","4960"
"DAIM ぶどう棚 パーゴラ 果物棚セット 藤棚 キウイ棚 幅120×奥行180×高さ180cm","9033","93","50","588","¥ 8,330","¥ 8,330","5","B00GM6V3E8","B0H7W4ZQPB","124","19","15","8400"
"アイガーデン 2段ステップ ダークブラウン 幅80cm 奥行50cm 高さ35cm 踏み台 階段 アイウッド人工木 樹脂製 (2段db)","9034","48","","72","¥ 15,960","","1","B01LS94XYU","B0HC1H6L5Y","83.5","35.2","18.5","16060"
"UMikke MC4 to XT60i ソーラー充電ケーブル 10AWG 20A 5m 太陽光パネル から ポータブル電源 変換アダプター","12588","34","","4","¥ 6,700","","1","B0DGG7L3GR","B0F7KFWCW2","16.4","13.1","5","700"
"MIKKUPPA 1/2-20 ラグナット ブラック亜鉛仕上げ クローズドエンド バルジ ドングリ タイヤナット","9037","14","","24","¥ 6,075","","1","B0G5XG3DRM","B0DLPG9W4Q","2.5","2.5","2.5","227"
"TOTO 小便器用目皿 (樹脂製) HA307CST#NW1","9040","40","","79","¥ 8,562","¥ 8,562","5","B01G7ZMX0Q","B0859SJRJN","18.8","13.2","11.2","420"
"TOTO 浴室用 壁付サーモスタット混合栓 0mmコンフォートウェーブシャワー90φ TBV03409J1 シルバー","9043","72","50","27","¥ 18,420","¥ 18,420","19","B0BNHW1Q17","B0CTT9JCQG","36.1","21.9","11.7","2960"
"電気工事士 2種 技能試験セット【2回練習分】(電線、器具) 【全13問対応】第二種電気工事士 (2026年版) 【電工石火シリーズ】","9046","74","50","100","¥ 25,700","","1","B0B12BWZHR","","34.8","34.2","24.4","7690"
"RAKU エアーホースリール 自動巻取式 20m 壁掛け 天吊り 持ち運び使える エアホース 180°回転可能 オート引き込み式 (1個)","9053","43","","146","¥ 9,448","¥ 9,940","2","B09J8PPBD8","B09YM25YRZ","45","36","22","7800"
"イデコンポガーデンEV 5kg 芝生 肥料 土壌改良剤 サッチ分解促進","9060","72","50","336","¥ 6,215","¥ 6,215","1","B00JM6PBCU","B0H8WWNSFD","44.6","32.2","9","5090"
"金蔵 鉄工用 チップソー 150mm×30p 鉄 ステンレス 金属 アングル 防じん 電気 充電式 丸ノコ 替刃 (ｽﾀﾝﾀﾞｰﾄﾞ50枚組)","9067","17","","48","¥ 80,000","","1","B0CQ7VSQ1M","B0FP1YW751","21.6","21","19.4","9360"
"TOTO フラッシュバルブ 14.2×13.2×6.6 cm T60PR","9069","53","50","330","¥ 6,083","¥ 6,083","7","B00FOP5L5A","B0859SYMVW","14","13.1","6.7","750"
"アーム産業 アームスエージャー専用オーバルスリーブ 12.0mm用 20個入 OS-12.0","9070","38","","162","¥ 6,171","","12","B001Q6NT00","B094D36L8V","22","10.9","6.5","1712"
"ドウシシャ ワイヤレス テレビドアホン 配線工事不要 3.5型モニター 自動録画95件 見通し約30m 電池式カメラ子機 IP44 LEDライト ADPH-1","9072","44","50","23","¥ 9,980","","1","B0H459F3BX","","25.2","24.1","4.4","720"
"【Amazon.co.jp限定】 HiKOKI(ハイコーキ) 36V 充電式 丸のこ C3606DB 丸ノコ 丸鋸 のこ刃165mm 初回修理保証(1年間) バッテリー・充電器・ケース・チップソー別売 C3606DB(NNNL)","9075","67","100","13","¥ 26,900","¥ 26,900","1","B0GRTQLG24","B0HG9P8P4H","30.2","25.5","23.5","3370"
"Mazot エアコンプレッサー 防塵設計 長持ち設計 MAZOT 1300W高速充填 メンテナンスフリー 静音 コンパクト オイルレス 空気入れ 100v 30L容量 ブラック","9078","46","","76","¥ 30,980","","1","B0FBG49W7M","B0FMFBQF89","62","61.5","30","25000"
"グッドライフウッド(Good Life Wood) 人工芝ロール 2m×10m 芝丈7mm ピン44本 艶消 2レイヤー 滑止 ベランダ 庭 水捌け","9079","59","","63","¥ 15,430","","1","B0DXDZRPHM","B0GWHTDPLH","203","23","23","26900"
"ガービー（Garvee）ガレージテント 3×6m 大型車庫テント 日よけ UVカット カーポート 遮熱 通気 パイプ車庫 防水 耐風 雨除け ベージュ","9095","37","","3","¥ 39,280","","1","B0GY4VVBCS","B0H2VLGMFB","201","32","29","54000"
"パナソニック 温水洗浄便座 ビューティ・トワレ 貯湯式 DL-EVX10-CP パステルアイボリー 省エネ 清潔 快適 (販売元Amazon.co.jpは配送のみ、設置不可)","9101","39","50","1","¥ 22,000","¥ 22,000","9","B0H33YTTK7","","58.2","52.2","17.5","4700"
"CLEANHOUSE 害獣忌避剤 クマ対策 屋外 ヒトデ濃縮液 10L 液体 希釈 強臭力 野生動物よけ 天然素材 侵入防止 (10L)","9109","36","","64","¥ 34,650","","1","B0G2PFF4ZV","B0F74C8QZ9","25.9","25.8","24.4","9590"
"マキタ(Makita) 充電式クリーナ 18V バッテリ・充電器別売・ソフトバッグ付 CL184DZ","9111","88","50","224","¥ 11,909","¥ 11,909","13","B08CKLHVSM","B08W5PDTTD","52","25","25","3900"
"バイオゴールド セレクション 薔薇 有機肥料 (3.8kg)","9123","57","","35","¥ 6,150","","1","B0DW3R7693","B0F1FB3VFL","28.7","23.4","10.5","3830"
"SUZUKID 三相ベンリータップ 逆転用×1コ口 正転用×2コ口 1m 3BT-20R","9134","33","50","53","¥ 7,163","¥ 7,163","13","B001WHKDO8","","36.4","15.9","6.2","1160"
"【アワード受賞・人気ブランド】 YouTen(ユーテン) 純正 本物 ステンレス 宅配ボックス 大容量 一体型 戸建て用 おしゃれ 防水 置き型 宅配ポスト 郵便ポスト スタンドポスト スタンドタイプ 屋外 マンション 不在 防犯 置き配 置き型 (ステンレス, 複数投函)","9138","39","","","¥ 17,700","","1","B0H2M1CXSN","B0H61ZHGYR","78","45","45","12000"
"FELLAT レーザー墨出し器 5ライン グリーンレーザー 墨出しレーザー 高精度 自動水平補正 4方向大矩ライン照射 グリーンレーザー墨出し器 受光器対応 水平器レーザー 地墨ポイント 屋内外DIY/測量/建築 日本語説明書付き","9147","30","50","216","¥ 9,280","","1","B0H44HN2CN","B0H6XCXZXN","43.5","34.6","12.9","2850"
"未来工業 プラスチック製防雨ボックス ウオルボックス Aタイプ 屋根付 タテ型 517×335×210mm ベージュ 1個 WB-4ALJ","9150","48","","3","¥ 8,887","¥ 8,887","2","B01HRQX2AO","B0718YRQBF","50.8","34.9","18.9","3030"
"ムサシ(MUSASHI) LEDセンサーライト センサーライト コンセント式 マルチアーム 屋外 自動点灯 防犯ライト 角度調整可能 玄関 カーポート 勝手口 庭 畑 常夜灯 1灯 LED-AC114","9151","39","","30","¥ 5,546","¥ 5,546","3","B0FPWR3CMV","B0G1YBT11N","16.8","12.6","11.3","540"
"KVK シャワーホース シルバー メタル1.6m PZKF2LM","9155","56","50","417","¥ 5,600","¥ 5,763","17","B00DVDS6U4","B08XMV7WRZ","20.7","18.4","7.5","430"
"SANEI(サンエイ) シングル台付混合栓 ミニキッチン用 節水水栓 エコ水栓 泡沫 水はね防止 取付ピッチ102ｍｍ K77CEV-13","9156","55","50","50","¥ 15,790","¥ 16,558","25","B07SSFS6T5","B0H6KZCT6H","44","25","11.1","2300"
"【業界トップクラスメーカー開発】関西ペイントブラーノPRO-SELECT-BOLDLINE ペンキ 塗料 駐車場 ライン引き 水性塗料 白 艶消し 4kg【密着性ｘ滑り止め】","13956","29","","49","¥ 5,499","","1","B0FLPSJFT8","B0FN2R9B8Q","16.7","14.9","14.9","2470"
"トラスコ中山(TRUSCO) 六角穴付ボルト ユニクロ 全ネジ B621030 M10×30 15本入 x 10パック 【ケース販売】","9163","36","","33","¥ 6,929","¥ 6,929","1","B0C64XX6LK","B09PDSL7W5","33","15.2","8.7","4260"
"アルゴファイル(Argofile) マイクロモーターシステム スターライトネクスト ブラック SNH35STB-3024 【3.0Φコレット+2.35Φスリーブ仕様】","9165","59","50","50","¥ 18,973","¥ 18,973","15","B0CCQXHJ42","B0CDBLZB33","25.4","24.4","13","2230"
"HiKOKI(ハイコーキ) チェン 20BP-66E 0.325 (16インチ) 0067-7404","9167","29","","1","¥ 6,100","¥ 5,280","2","B00I5D87WW","B096KNKND5","21.8","7.4","2.2","260"
"山下工業研究所 コーケン Z-EAL 3/8(9.5mm)SQ. 6角ソケットレールセット 8ヶ組 RS3400MZ/8","9168","54","","67","¥ 5,841","¥ 5,841","24","B005I7HWMY","B07DC1QDT1","24.2","9.8","4","330"
"高圧耐寒 散水ホース 16mm/20mm/25mm/32mm口径対応 1～30mカット可能 耐圧設計 屋外用水道ホース ガーデニング 洗車 農業用 高強度 ネジ切り加工 クランプ3個付属 耐久性强 (30M,内径32 mm) [並行輸入品]","18113","15","","8","¥ 7,098","","1","B0FQTP47PC","B0FQTWMGTX","20","15","9","500"
"アイリスオーヤマ 工具箱 ハードプロ HDP-640 エコブラック【幅約64.5×奥行約35×高さ約37cm】","9177","63","","980","¥ 5,300","","9","B00AFOQK8W","B0DPWD4967","65","37","35","4710"
"HiKOKI(ハイコーキ) 10.8V ドリルドライバー FDS12DAL バッテリー2個・充電器・ケース付 充電式 電動ドリル FDS12DAL(2ES)","11609","47","","488","¥ 13,500","","3","B07RZK6CPH","B0DFPCKVJ5","38.3","29.4","10.6","2860"
"HiKOKI(ハイコーキ)【2024年モデル】36V 充電式 インパクトドライバ ブラック Bluetooth機能付蓄電池・2ポート充電器・ケース付 WH36DD(2XHBSZ)","9186","55","","166","¥ 42,480","","22","B0CRZ1ZV6P","B0F8VHLC9P","36.6","31.9","13.2","5220"
"非常食セット 1人用 5日分 計15食＋おやつ2種 5年保存 保存食 防災食品 長期保存 尾西食品 アルファ米 携帯おにぎり ひだまりパン えいようかん","9192","12","50","","¥ 6,960","","1","B0H9XBRLPW","","31","25","11",""
"VALINIRT 金庫 家庭用 22L オフィス 電子テンキー式 防火ポーチ内蔵 暗証番号と予備鍵 ダブルロック LED ライト黒色","9193","10","","1","¥ 8,899","","1","B0GZTXRCFD","B0GZVG9VMH","41","32","31","9000"
"ピアリビング 日東紡マテリアル 静床ライト (50cm×50cm×9.5mm厚, 6枚, チャコール) タイルカーペット 防音マット","11874","9","","48","¥ 8,932","","1","B0B3V75PFQ","B0B3V6VCW3","52","52","12","9500"
"ENGINEER エンジニア 糸ハンダ 線径:1.6mm 500g SW-52","9200","51","","51","¥ 5,336","¥ 5,336","16","B002AVVO1Q","B0773LDZRB","9.7","7.8","6.8","534"
"HiKOKI(ハイコーキ) マルチポート充電器 14.4V 18V マルチボルトバッテリー対応 UC18YTSL","9206","55","50","189","¥ 23,500","¥ 24,021","15","B07RXZ1BYB","B0CYPYLN5C","38.6","23.2","15","2200"
"金庫 家庭用 58L 防犯金庫 A4ファイル横収納可能 緊急電池ボックス付き テンキー式 床・壁に固定可能 緊急キー付き 事務所 店 日语取扱説明書 (58L)","9210","34","","55","¥ 10,890","","1","B0FMDBTGNF","B0DQ7JNQLP","57","40","37","14810"
"シンワ測定(Shinwa Sokutei) アルミ自由金筋交 目盛付 900mm 62572","9213","35","","115","¥ 6,650","¥ 7,174","21","B0020EBT9A","B09GRV3Q34","104","10","2.4","748"
"トラスコ中山(TRUSCO) 発泡ポリエチレンシート ソフト 20mm 1mX1m 黒 1枚1袋梱包 TPES-2010BK-1","9222","20","","2","¥ 5,229","¥ 5,439","9","B0BSL8KKRQ","B0C3RM4M5K","100","100","2","500"
"ファニチャーテーブルカバー ファニチャーカバー 420D オックスフォード布地 防水 防塵 防風 日焼け止め多機能 梅雨対応 ガーデン家具カバー 洗濯機 コ 収納バッグ付き","16187","4","","283","¥ 6,731","","1","B0CKXFQK3J","B0DSHTWM8B","30","30","6","500"
"WAZZJ-キッチンの壁の蛇口ブラシをかけられたニッケルの壁に取り付けられた蛇口3 ""から9""の調整可能な広がり","9224","42","50","129","¥ 6,929","","1","B08QMF9YTR","","32.1","29.2","13.8","1860"
"三菱電機(MITSUBISHI ELECTRIC) MITSUBISHI 換気扇 浴室用換気扇【V-13B7】 V-13B7","9228","72","100","527","¥ 6,500","","12","B07RT7TBLR","B08XN4WJ2Y","27.4","23.7","19.5","1200"
"5本 通常版 むとひろ ソーチェーン 91VXL-52E対応【91PX-52E ハスクバーナ：H35-52E/スチール：63PM3-52】","9234","47","","383","¥ 6,140","","1","B01KHKNOD2","B01KHM475Y","24.8","24.7","4.1","920"
"膜厚計 デジタル 自動車塗装対応 鉄・非鉄自動認識 塗装膜厚測定器","9237","82","100","1494","¥ 5,592","","2","B0BJZ4HJNB","B0BJZGP13V","17","8.3","5.7","250"
"ハタヤ (HATAYA) コードリール 空リール 巻き取り専用 通信ケーブル 家庭用 業務用 プロ用 工場用 建設現場 OT-1","9239","25","","","¥ 31,009","¥ 31,009","2","B005RVZLE2","B0CT5HXH9L","37.2","36.2","36","7420"
"ミヤナガ(Miyanaga) PC ウッディングコアカッター PCWS100C","9242","52","","10","¥ 9,107","¥ 9,107","25","B003EIEAQU","B09GV2JGKY","24.5","11.8","11.7","810"
"トネ(TONE) ツールケース BX322SSV シルバー","9243","51","","194","¥ 8,987","¥ 8,987","24","B0013N85WI","B07WVNSH78","48.6","25.6","20.2","4441"
"VANKO 互換 マキタ 18v バッテリー 6000mAh大容量 BL1860B 4個セット マキタ バッテリー 18v BL1815N BL1830B BL1860Bなどに互換可能 LED残量表示 A+級セル採用 全保護基板搭載 高耐久設計 防火材料シェル PSE取得済 3億円のPL保険付","9258","15","50","28","¥ 11,096","","1","B0CSFD8YYN","B0HBMCF2DD","18.2","17","13.3","2390"
"【2026新型】SEESII 電動インパクトレンチ タイヤ交換 1300N・m 強力 ブラシレスモーター ハイパワー 自動停止モード 無段変速","9267","60","50","1766","¥ 11,800","","1","B0FZKK5QH5","B0HCN7XKF1","44.5","32.4","12.4","4630"
"カクダイ 洗濯機用水栓 ストッパーつき 732-001-13","9275","85","50","577","¥ 7,300","","3","B00KMRXJTU","B07DGJGJYB","22.4","12.6","4.9","620"
"ワイズ(WISE)スーパーボールレンチセット(セミロング)SB-2300 シルバー","9285","39","","11","¥ 5,350","¥ 5,437","9","B09NRBN1NW","B082DDLHWF","29.1","11.9","3.4","540"
"防災グッズ セット リュック 1人用 黒リュック 非常用リュック 緊急避難 【日本防災ブランド】 軽量 私物追加 大容量リュック 非常用 簡易 トイレ グッズ追加可能","9302","47","","70","¥ 11,020","","2","B0FQGTTRVD","B0DLKNFJ27","55","32","10","3100"
"VEELIKE 15.7インチ x 708インチ ステンレススチール コンタクトペーパー 家電用 耐熱性 自己粘着壁紙 キッチン カウンタートップ 冷蔵庫 食器洗い機 洗濯機 オーブン ドア 金属製家具用","15908","15","","3402","¥ 11,048","","1","B08QZ3J1WJ","B07S96T5M5","41.6","8.2","7.8","1810"
"YOIbuy PRO 18V 充電式 125mm 丸のこ 高速ブラシレスモータ搭載 ブレーキ付き 高精度 アルミベース 集塵ノズルあり マキタ 互換 コードレス 丸ノコ 軽量 国内正規品 本体のみ(バッテリー・充電器別売り) YCSP-125-2 (黄色)","9316","71","50","65","¥ 11,999","","1","B0FXXW89T4","B0FXXY9NTZ","28.6","20.8","16.8","2220"
"ハスクバーナ エンジンブロワー125B 平均風量:12m3/m 最大風速:58m/s 排気量:28cc 952715654","9320","88","100","26","¥ 26,710","¥ 26,710","2","B0G43QLGGZ","B0GJYNP452","41.7","41.6","21.8","5640"
"金鹿工具製作所 みまつ つかみ箸 平型 90㎜ 216","9337","46","","99","¥ 6,380","¥ 6,874","11","B00A7JMDOK","B07YZ4X8SW","30","10.4","6.6","806"
"FIFA公認 人工芝 【防草できる人工芝】 防草シート不要 1m×20m 芝丈 38mm 夏色 U字ピン46本付 一体型 オールシーズン対応","9337","36","","20","¥ 20,383","","1","B0BXPCXTSR","B0BXNWG2Z9","101","36","36","41170"
"SANEI(サンエイ) 水栓補修部品 水栓上部パッキン 呼び13水栓用 100個入り P42A-100S-13","9339","69","","905","¥ 5,810","¥ 5,810","4","B00ARBFFQG","B0C653LQ8B","14.8","14.6","3.9","302"
"山善(YAMAZEN) グリーンフェンス 90×180㎝ 簡単設置 簡単固定 軽量 水やり不要 フェンス 庭 人工観葉植物 おしゃれ グリーンカーテン リーフデコレーション エクスパンド EX-90180LG ライトグリーン","9347","78","","43","¥ 7,980","¥ 8,445","3","B0BGNF3JV5","B0CZLJCHCG","123","44","8","3610"
"ハンディ・クラウン ３５６Ｎラスター刷毛 黒毛 ３インチ １２本セット 掃除 清掃 塗装 接着剤 塗布 下地処理 塵 埃","9365","20","","27","¥ 5,254","¥ 5,254","1","B0GQYLYM7N","B0GR4KR41H","24","18.5","8.5","1200"
"タンスのゲン スタンドポスト 置き型 Lサイズ ポスト 郵便ポスト 鍵付き ダイヤル錠 防水 防サビ メールボックス 17600205(115287)","9366","17","","17","¥ 22,999","","1","B0GPFN2X92","B0GN98WGQ9","114","30","23","15000"
"大晃機械工業 ダイアフラムブロワ 緑 TIP-150 (TKO-150後継機種) 浄化槽ブロワ―","9375","51","","","¥ 44,711","¥ 44,711","2","B0C1HZKLQQ","B0FK93MDB9","32.9","26.9","21","10620"
"【2026新型5030長寿命ブラシレス】チェーンソー 充電式 マキタ 18V 電池互換 12/14インチ切替可 高耐久 自動給油 (電池なし)","9387","59","","22","¥ 18,900","","1","B0G5JV74WX","B0G5JPRZR3","55.1","26","19","5930"
"Powilling 互換 マキタ 18v バッテリー 充電器セット マキタDC18RC充電器 14.4V-18V 3A BL1860 BL1860B BL1830 BL1850 BL1890など対応","9392","67","100","60","¥ 5,099","","1","B0CNYHRYQG","","25.5","16.2","9.5","1230"
"京セラ(Kyocera) 旧リョービ ブロワバキューム RESV-1000A 697252A【吹き寄せ・吸い込み・粉砕が1台でできる】作業に合わせて風速・風量を2段階に切替え可能 吸い込んだ枯れ葉などを1/10に粉砕 新設計ファンにより騒音や振動を低減(従来機比) 風速48・60m/s 風量5.8・7.2㎥/min 最大真空度3.7kPa ダストバッグ容量25L","9405","60","50","192","¥ 12,500","¥ 13,052","19","B0BNTLY8SZ","B0DNN8MZK7","64","43.2","22.5","6140"
"イチネンTASCO 温度計 エアコン 空気センサー 伸縮ロッド付き 吹き出し口測定等 TA410-3DX","9412","50","","40","¥ 11,375","¥ 11,490","24","B003B3L4LM","","31.8","12.8","1.5","120"
"マックス 浴室暖房・換気・乾燥機 1室換気･100V BS-161H-2","9415","39","50","80","¥ 42,800","","9","B09ND4ZP7M","","56","41","28","6570"
"リンテックコマース ガラスメイト 外貼り用ミラー断熱フィルム ペア・網入りミラー断熱L マジックミラー 92cm×2m OD-651L","9419","59","50","189","¥ 5,396","¥ 5,396","4","B009L2W5FG","B0DBH4LLN4","96","5","5","340"
"オムロン BWB55T 交換用バッテリパック(BW40T/55T)","9423","69","","38","¥ 15,523","","2","B0CD81WSFP","","18","13.7","9.1","2700"
"CXCESNS コンクリートハンマー 電動ハンマー はつり機 4000BPM 電動ピック ハツリ機 単相100V 六角軸 5.81kg","9431","51","50","133","¥ 11,980","","1","B0DB87X91C","B0GQLSL8CL","47","24.5","9.5","4950"
"WISDHM フロアタイル 大理石 54枚 約3畳分 貼るだけ 接着剤不要 フローリングシート 防水 DIY 賃貸OK 玄関 洗面所 床材","9432","44","","86","¥ 5,399","","1","B0F1CZR466","B0H1W8V7V6","31.5","31.5","9","15600"
"コクヨ 手提げ金庫 A5 グレー CB-Y13M","9433","43","50","348","¥ 7,027","¥ 7,027","13","B000FILQGE","B0CP9HYKMY","28.2","22.2","12.2","1960"
"Powkey ポータブル電源 G100 97.68Wh/26400mAh 小型","9454","83","50","169","¥ 9,979","","1","B0D3CGG5ZL","B0H2GS7RNX","23.4","22.7","10.9","1490"
"Powkey ポータブル電源 407Wh 大容量 AC 300W定格出力","9454","63","50","169","¥ 22,059","","1","B0DS2G8XY4","","32","25.6","19.9","4190"
"ALLUCK 玄関照明 人感センサー 屋外 門柱灯 玄関灯 ウォールライト 外灯 廊下灯壁掛け照明 自動点灯 密閉型 IP65 防雨防水 屋内屋外兼用 配線必要 50W ホワイト","9457","38","","3","¥ 5,499","","2","B0FC5WYMTK","B0FC5NXC7G","25","21","10","1000"
"【1.05×25m･200g/m2】東レ 防草シート プロ仕様 国産 高密度 不織布 耐候性 耐腐食性 透水性 ハサミ 簡単にカット 業務用 園芸用 ぼうそうシート 耐久年数7年 防止 人工芝 下 砂利 下設置 家庭菜園 一般向け 黒色 アクスター マントル","9474","57","50","24","¥ 9,980","","1","B0FYLRH6J4","","110","16","16","5000"
"マキタ 電子制御ディスクグラインダAC用 100mm 最大出力1400W 9533CB","11281","72","","909","¥ 20,309","¥ 20,309","9","B002E9A6UE","B07DC687KY","34","13.3","12.7","2460"
"Rxakudedo アルミツールボックス 収納ケース 幅38.5×奥行12.5×高さ32cm ブラック","9478","28","","26","¥ 5,380","","1","B0GXDWTWPJ","B0GZV42NFX","35","14","4","4000"
"GENGKHOME(ガンコホーム) 草刈り機の刃 替え刃 草刈り機 チップソー 刈り払い機 草刈チップソー","9483","24","","3","¥ 5,290","","1","B0H4VGBRZQ","B0H1BV9XTG","27","27","3","1000"
"堅塁金物 ベランダ目隠し 1M*15M 遮光ネット 黄色 プライバシー保護 日除けシェード 厚みを増した バルコニー マンション UVカット シェード 50CMごとに1つのロープ穴","9488","66","","230","¥ 6,970","","1","B0DDH5FSMR","B0DPHPBJNK","30","20","10","1400"
"BougeRV 266Wh ポータブル冷蔵庫専用バッテリー ポータブル電源 3Way充電方法 【CRPROシリーズ冷蔵庫専用バッテリー】 小型 軽量 コンパクト 1.7kg シガーソケット USB出力 Type-C出力/入力 リチウムイオン電池 DC/Type-C/ソーラー充電 LEDライト付き 高耐久 車中泊 キャンプ アウトドア 停電時 災害時 停電対策 防災グッズ PSE認証済","9490","76","100","108","¥ 18,980","","1","B0GHQDLPYN","B0GWMDHL3D","22","13.8","12.2","1720"
"VLOXO電動カッター 電動ダンボールカッター 充電式ハサミ 段ボール 布/カーペット/ダンボール/プラスチックなどに適用 電動ハサミ 充電式 作業工具 DIY用 布切断 布ばさみ","9491","49","50","1839","¥ 6,299","","1","B07DFWDL9Y","","25.3","11.6","5.9","520"
"HiKOKI(ハイコーキ) AC100V 高速切断機 FCC14ST トイシ径355mm トイシ1枚付 FCC14ST","9501","57","50","288","¥ 18,825","¥ 18,825","8","B00FAB5QFI","B08CNBSNGG","58.2","44","36.5","18750"
"【最新型8000mAh大容量】互換 マキタ 18v バッテリー BL1860B 2個 8000mAh大容量 軽量化 マキタ バッテリー18v BL1815N BL1830B BL1860Bなどに互換可能 LEDランプ残量表示 長寿命セル採用 BMS基板搭載 高耐久性 長時間作業最適 国内PSE認証取得済","9505","40","50","282","¥ 6,580","","1","B0G7CG5G23","B0GDQDYZRN","18.2","13","8.7","1190"
"ハタヤ (HATAYA) コードリール 15m 2P 4個口コンセント 125V 15A 防塵シャッター付き 工場 アウトドア レジャー キャンプ JY-151","9508","94","100","239","¥ 5,805","¥ 5,805","2","B008B1V8WO","","28.5","23.3","16.5","3250"
"PYKES PEAK 宅配ボックス ポスト一体型 屋外 戸建て用 置き配 防水 大型 案内ステッカー付き おしゃれ 両開扉 簡単設置 「デュオ」","9514","37","","7","¥ 14,382","","1","B0DTYSQ2NC","B0F3NDS2F7","64.4","51.5","38.1","11990"
"WEST(ウエスト) 引き違い戸 錠 WEST333 引き戸 真ん中 鍵 ロック 交換 後付け 玄関ドア 召し合わせ部 ディンプル キー5本 ブロンズ 交換手順書付き","9518","68","50","157","¥ 6,890","","1","B0CHRTJMFK","B0CHV3W3PJ","21","12.9","6.7","830"
"【2026デュアルレンズ & 1台2役*360°死角なし監視】 BOIFUN 防犯カメラ 屋外 ソーラー 監視カメラ 5W高効率太陽光充電 10000mAhバッテリー長持ち PIR 動体検知 声光威嚇 双方向音声 家族共有 300万画素固定レンズ＋300万360度PTZ可動レンズ セキュリティカメラ IP65防水 警報通知 夜間カラー撮影 電源/工事不要 2年保証 盗難防止 防犯対策","9531","61","50","17","¥ 15,999","","1","B0GQM4GXN9","","22","19.5","15","1120"
"山善(YAMAZEN) 電動草刈り機 AC電源 金属8枚刃 樹脂刃6枚 2種類の刃付属 刈込幅約160㎜ 伸縮 10ⅿ延長コード 肩掛けベルト キワ刈 電気草刈機 YBC-162 ホワイト","9533","97","100","76","¥ 9,275","¥ 9,275","4","B0DT5XD8W6","","98.5","19.5","10","3860"
"アサダ ローポンプスーパープラス R72070Y","9537","52","100","493","¥ 18,828","¥ 18,828","21","B003B30F44","B09LHSKS32","57.8","39.6","15.7","2220"
"ミナトワークス 排送風機 ダクトファン MDF-201A ホース無し 口径200mm 低騒音型","9540","40","","11","¥ 18,160","","1","B074271K1C","B0FS1MDCQP","40","40","30","7000"
"ニッペ(Nippe) ペンキ 塗料 STYLE 塗る壁紙 6L ウォールホワイト 水性 低臭 防カビ室内壁 保存可能 砂骨ローラー塗装 日本製 4976124875724","9542","76","100","19","¥ 9,225","¥ 9,225","4","B0FTDJMHHX","","25.7","25.5","22.2","9440"
"DijiuGoya ソーラーライト 屋外 防水【4000LM高輝度・3面発光・3つ知能モード・466LED 】ソーラーセンサーライト 電気代0 光＆人感センサーライト 2800mAh大容量 太陽光発電 防犯 自動点灯/消灯 IP68防水 ガーデンライト 屋外ウォールライト 玄関 庭先 駐車場 停電時適用 防災に対応 4個","9544","42","","34","¥ 8,999","","1","B0H1J6RJNV","B0H3296G8B","22","10","7","4"
"高儀(Takagi) EARTH MAN 斬丸 草刈用 ナイロンコードカッター 回転繰り出し式 J-A (× 5)","7866","8","","","¥ 6,180","","","B0DY6B1XNF","B0F21KH28C","20","16.9","4.6","1750"
"【2023年度グッドデザイン賞受賞】 ALMAX アルマックス 室外機カバー アルミ製 エアコン室外機カバー 実用新案登録商品 幅108cm×奥行39cm×高さ94.5cm(アルマイトシルバー) KB-108A","9556","70","50","693","¥ 15,390","","4","B081P4YGX8","B09P1BTDQQ","110.1","40","8.8","6430"
"アルチザンツール 【日本ブランド】自吸式高圧洗浄機 AT-HP03B ブラシレスモーター 青 コードレス マキタ18Vバッテリーに使用 ONスイッチ固定機能 水圧強化 吐出水量UP 耐久性UP 3段階 電池残量表示 水吸上げ部品改良 洗車機 強力噴射 電動工具 軽量 コンセント不要 愛車 庭 窓 階段 外壁など マキタ互換品","9559","62","50","9","¥ 7,998","","1","B0H1Z3DPNW","B0F93TGM39","41.9","29.5","11.2","2630"
"マキタ(Makita) 充電式インパクトドライバ（オリ-ブ） 18V6Ah バッテリ2本・充電器・ケース付 TD173DRGXO","9560","106","100","150","¥ 49,800","¥ 57,951","27","B0BZCNRZDB","","37.5","32.1","13.4","4890"
"パナソニック(Panasonic) 洗面化粧台 交換用シャワーホース(L=1200) サラサ・ハイベルウィン用 CQ853B03K2","9564","57","100","49","¥ 5,000","","4","B0CT5H77TX","","25","23.6","4.4","270"
"AoiPulse 電動のこぎり充電式レシプロソー 電動ノコギリ 【2000mAh*2個バッテリー付き&替刃8本】 無段変速 21V 充電式ノコギリ セーバーソー 小型 枝切り 竹を切る 庭木の剪定 粗大ごみ切断 木材切断 金属切断 収納ケース 付き 日本語取扱説明書付き","9565","20","","28","¥ 7,580","","4","B0HBWQ83NP","B0HBVTP3FN","35.2","26","9.2","2540"
"Vearter 235mm 超硬 ホールソービットT.C.T素材カーバイドコバルトスチールカッターステンレススチールシートアイアンメタルカッティン","10665","15","","115","¥ 21,999","","1","B0CCV1ZHJM","B0D1KC8KQX","23.5","23.5","13.5","3700"
"DEKOPRO 560W 水中ポンプ 底部入水式 排水ポンプ 汚水ポンプ 最大吐出量16277L/H 最大揚程5M 水中ポンプ 100v 50/60Hz兼用 家庭用 電動 水耕栽培 ウォーターポンプ プール 水族館給水ポンプ 日本語取扱説明書付き","9568","38","","263","¥ 8,380","","1","B0GWGK4R63","B0H7S1N1Q5","40.4","24","18.4","4670"
"LA･PITA 防災セット SHELTERプレミアム 2人用 【NS】 (ターコイズ) 【 防災リュック 防災グッズ セット 災害対策 非常用持ち出し袋 非常用トイレ 国産米 非常食 日本製 保存水","9571","29","","176","¥ 21,380","","1","B01NBEE00E","B01N7C1LVR","55.6","31.8","28","8520"
"LIXIL シャワーバス水栓 浴槽・洗い場兼用 壁付けタイプ クロマーレS BF-KA145TSG","9574","44","50","71","¥ 15,720","¥ 16,881","10","B0B49TDJMT","","34.3","21.9","11.8","2570"
"タカショー 温室 フラワースタンド パンタグラックハウス L ブラック GFH-FS06S","9581","60","","69","¥ 8,109","¥ 8,109","7","B09HSZJJLD","B0FLCW2F2Y","89.5","56","8.5","7010"
"TRUSCO(トラスコ) PVC送排水用ホース 50mm×100m TPVCH-50-100","9584","53","","64","¥ 13,971","","14","B07N2TXXBZ","B09NWQD4Z3","65","65","65","20000"
"三菱電機(MITSUBISHI ELECTRIC) バス乾燥・暖房・換気システム 1部屋換気用 標準タイプ V－141BZ5","9596","52","","84","¥ 32,000","","8","B0B92J646N","B0BYDB6FKV","54.6","40.7","28.1","6540"
"Waitely互換マキタ薄型リチウムイオンバッテリー3000mAh BL1815N BL1830B マキタ18v純正充電器対応可能 全保護基板 カットオフ機能付き 小型軽量 耐久性が良い 電気用品安全法に基づくPSEマーク取得済み 確実に12ヶ月のメーカー保証があり（バッテリー２個セット）","9597","99","100","112","¥ 5,948","","1","B0FWJF35G4","","15.4","12.6","8.5","790"
"ottostyle.jp ゴミネット 折りたたみ ゴミ箱 屋外 カラスよけ ネット カラス対策 ごみ収集箱 カゴ 箱 BOX ゴミ置き場 猫よけ 飛散防止 シンプル [幅100cm/250L相当] [上ふたタイプ/カーキ]","9599","54","","66","¥ 7,200","","1","B07LDXHYJ6","B0F2FC2KQN","99","49","3","1210"
"高儀 コード式 電動トリマー TR-400A EARTH MAN ソフトスタート スパイラルビット 深さ調整 クリアベース バキュームアダプター 電源コード 2m たかぎ","9609","41","","34","¥ 6,630","¥ 6,630","9","B0DP3ST7P7","B0FQV5GWZF","25.5","17","16.3","2240"
"マキタ(Makita) インパクトドライバー用 ビット ソケット 43本 セット 六角軸6.35㎜シャンク ケース付 B-55697 [並行輸入品]","9617","76","50","58","¥ 6,138","","3","B0BVZ91SM3","","25.9","23.2","3.4","620"
"ニッペ ペンキ 塗料 水性ヤニ・シミ止めシーラー 3.2L 白 水性 屋内 下塗り 日本製 4976124401022","9617","54","","68","¥ 5,792","¥ 5,792","8","B0091N0N68","B01MYNEZ6B","27.3","22.9","19.1","4104"
"Akirius LEDテープライト 100V リニア発光 チューブライト 高輝度 配線不要","12049","39","","2","¥ 9,852","","1","B0G3SVZ67R","B0G48JHMJP","25.5","25.5","5","1200"
"BBK ロングラチェットトルクレンチ(全長380mm) RTQ-750L","9621","43","","13","¥ 10,500","¥ 10,682","11","B00PGPWRDM","B0CLKX8HGL","43","5","3.5","650"
"簡易トイレ 【防災士監修】 携帯トイレ 15年保存 防臭袋 大便対応 強力消臭 災害用 防災グッズ アウトドア 介護用 5セット（100回分）","9631","28","","18","¥ 6,999","","2","B0H822ZXVZ","B0H8QB5WHF","28","19.8","2.6","660"
"TRUSCO(トラスコ) ボールポイント六角棒レンチ 標準タイプ 17.0mm TTBR-170 × 5本 【ケース販売】","9634","40","","","¥ 11,077","¥ 11,077","1","B0C4TKK4PJ","B0CB4WZWTY","33.8","13.5","10.4","3060"
"マキタ(Makita) 充電式インパクトドライバ 14.4V2Ah バッテリ2本・充電器・ケース付 MTD001DSAX","9635","38","","28","¥ 20,480","¥ 22,862","8","B0CMC39W38","","38","31","12.1","3810"
"TRUSCO(トラスコ) 貫通ノブナット Φ50 M8 TPKN50M8【100個入りケース販売】","9637","27","","230","¥ 26,364","¥ 26,364","1","B09ST31ZJ9","B09VDR2YGG","34.9","26.9","18.8","3056"
"イチネンTASCO エアコン洗浄機 ポータブル TA352WL グレー 電源コード式","9639","81","50","192","¥ 37,615","¥ 37,615","16","B08DNFPTHB","B0GX9HKVLJ","28.4","24.2","22.2","4900"
"MTTOKI 防災リュック 避難グッズ 防災グッズ 二次避難用 充実 大容量バッグ 災害対策リュック 非常持ち出し袋 緊急避難セット ポーチ 非常時生活用品 簡易トイレ 一人用 二人用 家庭用 地震 台風 停電対策 33点セット","9646","48","50","36","¥ 6,587","","1","B0G434HMH2","B0H6MBDQ96","60","50","18","2280"
"新潟精機 SK デジタルノギス 150mm DN-150 デプスバー有 クリアハードケース付","9648","75","50","94","¥ 6,062","¥ 6,062","10","B07M8VFMZD","B07YVGSLTL","25","8.2","2.6","220"
"業務用バークチップ 50リットル×2袋セット (合計100リットル) 園芸用マルチング松チップ (Mサイズ)","13331","36","","16","¥ 11,436","","1","B0G58DNGBT","B0GSVS1CQL","70","45","38","20000"
"【強化版】Bippoer 充電式 電動チェーンソー 大容量バッテリー2個搭載 21V 6インチ 小型チェーンソー 電動のこぎり コードレス 軽量 強力 木工切断 枝切り 薪作り 庭木の剪定 園芸設備 2セットのガイドバーとチェーン","9652","9","","5","¥ 6,980","","1","B0H7RV3Z59","B0HBVTTS79","36","21","13","2500"
"電気工事士 2種 技能試験セット 【材料一式＋工具】 ホーザン工具・1回練習用・動画解説・ガイドブック付き 電材館","9656","63","","116","¥ 38,980","","1","B09MT6FKSG","B0GWGYDPBN","29.7","26.2","17.9","5370"
"Kaiju Plant 怪獣ソーサーEco No.5 鉢皿 5号サイズ メッシュゲタ付き 腰水OK アガベ 塊根 多肉 サボテン ブラウン 10個","9662","43","","37","¥ 5,980","","1","B0GRV8X6GW","B0GRTX8SL7","31","15.5","11.5","1500"
"BSL1860 日立 18v バッテリー 互換 6.0Ah LED残量表示 ２個セットHiKOKI日立工機リチウムイオン バッテリー BSL1860b BSL1830 BSL1840 BSL1850 対応 日立18V電動工具交換用電池","9663","68","50","856","¥ 6,299","","1","B07L97XTMS","B0FT7WTSPH","17.1","13.2","9.1","1270"
"AB300-W ヘラマンタイトン ケーブルタイ 結束バンド インシュロック タイラップ 耐候・屋内外用グレード 黒 (301mm×4.8mm(100本×6袋))","9664","62","","14","¥ 7,260","","2","B0FLHZSQ3J","B0FKRMH1Y7","37","16","7","1500"
"DetarZinLED ソーラーライト 屋外 防水 12LED 暖色 両面発光 ガーデンライト IP68防水 駐車場 ライト 太陽光充電 自動点灯/消灯 庭 ライト ソーラー 階段 玄関先 車道 通路に最適（8個セット）","9668","54","","30","¥ 7,199","","1","B0GSTL85JN","B0GZ2YG9Q1","17.6","16.3","5.7","1090"
"HANMATEK 下地探し 下地センサー 下地チェッカー 壁うらセンサー 深度距離表示 五合一アップグレード木材精密モード両頭ボルト探索ツール、金属中心縁、両頭ボルトと交流電線、壁パイプ位置決め器に使用 (SF3)","9673","48","","1025","¥ 7,681","","1","B0D9JVNTY8","B0DDSR3C65","18.9","10.8","4.4","290"
"MORYTRADE 灌水ホース 潅水 チューブ ホース 冠水 かん水 散水 水やり 農業 散布幅1.5~2m (直径38mm 長さ100m 5穴) 黒","9676","28","","85","¥ 7,500","","1","B0DJZTQ17V","B0922B7PTQ","40.2","35.5","9.5","4980"
"トネ(TONE) ユニバーサルジョイント 608 差込角25.4mm(1"")","9679","57","","144","¥ 7,164","¥ 7,164","23","B001RWAF8W","B07WNL922P","15","4.5","4.3","890"
"山真製鋸(YAMASHIN) オールダイヤモンド(12P) 100x12P CYT-YSD-100D12","9684","48","","70","¥ 6,335","¥ 8,720","7","B00A7GY418","B08YJXJ6BH","17.3","15.8","1.4","110"
"【2026年新モデル】たかえだ 電動 チェーンソー 充電式 6インチブラシレス 高枝チェーンソー 電動バサミ 剪定ハサミ セット 4.0Ah大容量バッテリー2個 1台4役 高枝切り剪定ばさみ コードレス ハンド 強力 ブラシレスモーター 残電量表示 伸縮ポール 125cm～260cm無段階伸ばす 高枝のこぎり パワフル プロ伐採 木工切断 庭木の剪定 日本語説明書付き (1台4役)","9687","49","50","23","¥ 17,999","","1","B0H2GVFSZT","","126","11.7","9","5050"
"ミストシャワー 屋外用 30m 真鍮ノズル30個付き ミストノズル 散水ノズル 噴霧ノズル 灌漑システム 水やり 屋外散水 点滴灌漑 ベランダ/庭/ガーデニング用","9691","39","50","37","¥ 5,680","","1","B0H29712HL","B0H297HHH3","25.3","24.7","6.9","930"
"京都機械工具(KTC) スパナ41×46mm S24146","9692","56","","208","¥ 8,364","¥ 8,364","26","B001EQFHHA","B09J7SRWNB","47.1","9.8","3","1460"
"Tyuusei 空調作業服 バートル バッテリー AC300 AC360 AC08 AC09 AC10 互換品 24V 2025 2026","9696","35","200","13","¥ 6,999","","1","B0H7RV6989","","11.8","10.9","3.4","390"
"Huepar B03TP 3×360°グリーンレーザー墨出し器 受光器対応 三脚+マグネットベース付属 Type-C充電 2電源 高精度±3mm","14330","38","","12","¥ 20,399","","1","B0BNHPKNTT","B0FNRS4CYS","43.8","27.7","10.7","2490"
"金庫 家庭用 小型 防犯金庫 A4書類横収納可能 鍵&緊急電池ボックス付 テンキー式 床・壁に固定可能 safe 事務所 店 日语取扱説明書付 (22L)","9702","42","","361","¥ 7,987","","2","B0CXDJF8CF","B0FF942LXB","38.7","30.4","29.9","6610"
"SK11(エスケー11) ディスクグラインダー コード式 800W SDG-800SL","9703","42","","6","¥ 7,624","¥ 7,624","9","B0C9GHWH69","B0G2WX55HL","36.7","12.9","11.7","2350"
"TRUSCO(トラスコ) ケーブルタイ幅4.8mm×550mm最大結束φ162標準型 TRCV550M × 10袋 【ケース販売】","10036","8","","","¥ 30,545","¥ 30,545","1","B0B1TX2GHJ","B09W98PMHD","600","140","40","3900"
"【改良・電池残量表示】チェーンソー 充電式 6インチ コードレス 電動ハンディチェンソー ブラシレスモータ 4000mAhバッテリー 自動給油 (青)","9715","8","","7","¥ 6,980","","1","B0HBQ937MH","B0HC77YJ6C","42","19.5","13.5","2400"
"マキタ 充電式マルノコ18V青 刃径165mm/切込66mm 6Ahバッテリ・充電器・ケース付 HS631DGXS","9716","51","","120","¥ 71,470","¥ 73,182","20","B075FXGNDQ","B088MQTF2K","42","32.5","30.5","7875"
"Kaiju Plant 怪獣ポットEco6.5 スリット鉢 6.5号 麦わら再生プラ鉢 植木鉢 アガベ 塊根 サボテン (12個/グレー/ロゴ)","9717","7","","3","¥ 5,980","","1","B0FH55G3CW","B0FH547V1X","38","29","27","2500"
"トネ(TONE) スタビーエアーラチェットレンチ AR3100S 差込角9.5mm(3/8"") レッド 34N・m","10176","60","","111","¥ 7,391","¥ 7,391","23","B00HEYDF3O","B07WSLBRQK","16.9","5.4","5.2","610"
"6袋(500g×6) ヒトデdeでんでん ヒトデ忌避剤 害虫対策 ひとでででんでん 害獣対策 イノシシ対策 ネズミ カラスよけ ハトよけ ひとで ハクビシン ヒトデででんでん ヒトデ 寄せつけない 撒く 吊るす ヒトデの粉末 テレビ放送商品 シカ対策 テレビで話題 鹿よけ 害虫害獣用忌避剤 満足良品館","9718","65","","174","¥ 7,600","","2","B0CJC6KXXP","B0CJC3M5G9","25","18.7","17.3","3100"
"Sunnyskies 断熱シート 【両面アルミ蒸着 断熱効果UP】 12mx1mx4mm 業務用 断熱材 保温シート 遮熱シート 夏冬兼用 防寒 防災","9731","32","","29","¥ 6,980","","1","B0F9S4M2V4","B0F9RZ5FTP","100","20","20","1620"
"川口技研 室内用物干し ホスクリーン URM-L-W ホワイト","9732","61","50","410","¥ 21,000","¥ 21,000","13","B003QMT5CS","B0CFR38XBB","179.6","17.5","10.5","6100"
"日東工器 メドーブロワ LA-80E 単独・小型合併浄化槽用ブロア","9740","68","100","441","¥ 20,700","","8","B00GECWVLO","","36.4","24.9","21.7","5940"
"晨陽小店 遮光ネット 2M*8M 日除け シェード 屋外 農業 園芸用 紫外線から守る 高密度ポリエチレン コーヒー色 日よけシェード ベランダ 窓 カーポート ルーフ ヤード パーティーなどに最適","11788","36","","165","¥ 5,680","","1","B0CCY4DWZH","B0F1DGGZY2","40.2","28.1","15.3","1600"
"フィリップスヒュー(Philips Hue) スマートリモコン モーションセンサー - スマート照明 スマートスイッチ ワイヤレス リモコン ボタン 遠隔操作 スマートホーム スマート家電 スマート電球 調光 調色 照明 コントロール 人感センサー","9753","74","50","289","¥ 6,783","¥ 6,783","2","B09PTYD31S","","16.1","7.4","5.9","140"
"博士佳 ペンキ ローラー 延長棒 高所作業延長棒 3段式アルミ伸縮ポール","9757","9","","9","¥ 6,399","","1","B0H7TRYJHV","B0G411L4Q6","118","14","4.5","1800"
"京セラ(Kyocera) 旧リョービ プロ用 エンジン刈払機(草刈機) EKM270A 661703A 【長時間作業でも疲れにくい左右非対称の両手ハンドルを採用】 硬い草や茂った草刈り・小径の雑木刈りに ナイロンカッターが使える高トルク型 排気量25.6ml 刈刃外径255mm 日本製 始動が簡単Kスタート ソリッドシャフト採用で剛性が高く振動が少ない 排出ガス自主3次規制適合","9758","78","","22","¥ 43,800","","4","B0CQ7VSS85","B0DF28568T","181","26","25.5","8500"
"Alebert｢アレベルト｣ ラタン調 ガーデンファニチャー ガーデンテーブルセット テーブルセット 3点セット ベランダ 椅子 テーブルチェア ガーデンチェア アウトドア ２人用 耐水 耐熱 耐日光 おしゃれ 組立簡単 ベランダ/庭/プールサイド/室外用 四季通用 (Gray)","9759","52","","284","¥ 15,960","","1","B09ZL4Q4H4","B09ZL6M7R8","58.5","56","38.5","18740"
"【2026年新モデル】OnlyInNY 8インチ充電式高レベルチェーンソー、電動剪定ばさみ、4-in-1ブラシレスモーター、4.0Ah大容量バッテリー（2個付属）、バッテリー残量表示、自動潤滑、165-250cm伸縮ロッド、PSE認証取得済み、庭木の剪定、竹の切断、薪の準備、家庭用および業務用に最適","9766","19","","4","¥ 16,999","","1","B0GXB1DX8Q","","126","22","13.5","5670"
"新潟精機 SK 日本製 自動ポンチ 超硬チップ付 L AP-L","9772","43","","300","¥ 5,236","¥ 5,236","16","B00EYTHYPC","B07YVG5FSP","18.4","5.4","5.2","160"
"アルチザンツール【日本ブランド】 充電式メタルカッター ATMC01B マキタ18Vバッテリー対応 板金ハサミ 切断 せん断 金属 コードレス 金属 アイアン 二ブラー 板金はさみ 鉄板【バッテリーと充電器は別売】マキタ互換品 専用収納ケース付き","9772","47","","58","¥ 7,138","","1","B0CRYDNL63","B0GK22VYWF","33.4","29.7","9.7","2170"
"イチネンTASCO 高精度エレクトロニックチャージャー TA101CB","9773","67","100","147","¥ 27,764","¥ 27,764","22","B07BK716X7","B09LHS5ZJ6","38.7","32.6","7.4","4440"
"MIRABLE AQUABLAST ミラブルアクアブラスト 高圧洗浄機","9781","37","50","14","¥ 38,667","¥ 38,667","4","B0G62MFPN4","","35.7","34.3","15.4","4010"
"HAZET(ハゼット) ラチェットハンドルリペアキット ブラック 差込角6.35mm 【日本正規輸入品】 863P/7N","9801","30","","223","¥ 6,574","¥ 6,574","8","B001CA8KQ8","B0H5JNLHFK","9.6","3.4","2.6","15"
"アサヒペン 塗料 ペンキ シルバーコート 10L シルバー 油性 1回塗り ツヤあり アルミニウムペイント 強力サビドメ剤配合 日本製","10180","44","","282","¥ 14,241","¥ 14,241","19","B0031Z9MKU","B0CNPC626J","24.5","24","24","11000"
"SKD 水やり名人 自動水やり器 スターターキット 大型パネル 日本語表示 散水タイマー ホース ノズル コネクタ ジョイント スプリンクラー ガーデニング 鉢植え 噴水 花壇 芝生 (01.噴水/噴霧ノズルセット)","9822","73","100","118","¥ 5,380","","1","B0BL28FWNJ","B0D6QBQ2ND","31.6","20.9","8.2","1100"
"マキタ(Makita) 18V 充電式ヘッジトリマ 本体のみ (MUH408DZ) バッテリー式 インダストリアル 青","9846","60","50","87","¥ 22,863","¥ 22,863","13","B0BLVB9GDQ","","82.6","20","19","3590"
"TRUSCO(トラスコ) 六角棒レンチ 両端いじり止め穴付 10mm HW-TP100 × 10本 【ケース販売】","9846","49","","","¥ 7,687","¥ 7,687","1","B0C4TKN7WT","B0CB5GY1FX","14","10.2","4.4","1000"
"MIMIER 水はけマット ベランダ 屋外 6色 水はけ 滑り止め フリーカット可能 ジョイントマット はめ込み式 玄関 バルコニー テラス ブラック 48枚（約3平方メートル）","9848","55","","34","¥ 10,880","","2","B0CZ5STCZH","B0CZ45DJ14","48","26","25","5000"
"BOSCH(ボッシュ) カットソー・マルチツール用ブレード 32mm (スターロック・5本組) AIZ32ATN/5","9862","61","","178","¥ 8,877","¥ 8,877","21","B01I51HN4Q","B0CFQZ27KT","16.5","9.6","2.8","140"
"不二越 ナチ スタンダードドリル(鉄工用)袋 SD 6.5mm","9878","37","","79","¥ 6,000","¥ 6,061","4","B000TGFQ72","B07T8FT9XR","13","9.2","1","195"
"日東工業 プラボックス 汎用タイプ ホワイトグレー P16-44A 【※画像及び色はイメージとなります。】","9884","29","","20","¥ 5,554","¥ 5,554","2","B015W6VAE6","B0D7SFW5V5","44","41","17.5","3900"
"メルテック(meltec) タイヤ交換工具 電動インパクトレンチ Meltec FT-50P ソケットサイズ:ロングタイプ19/21mm AC100V 締付トルク:250N カーボンブラシ2個入り","9888","67","","1251","¥ 10,568","¥ 10,568","13","B015CVG2NA","B0G1R9269S","38.1","29.8","10.3","3790"
"ロックペイント ロックポリパテ 硬化剤セット 057-0150 中目 主剤1Kg 硬化剤エロー150 20g","9891","25","","3","¥ 5,830","","1","B0F5W725HJ","","16.8","16.2","16","1300"
"自動水栓 センサー水栓 単水栓 一体型 自動赤外線検知 自動蛇口 電池式 簡単で便利 非接触式 洗面蛇口 洗面所 浴室 トイレ 洗面台 病院 学校 日本語の取り扱い説明書付き (単水栓-HI25A（冷水）)","12031","37","","43","¥ 6,299","","1","B09N8YKT48","B09N94LZ53","40.6","21.7","8.7","1240"
"赤ちゃんを守る 防災セット SHELTERベビータイプ【ターコイズ】 (M10)【防災士監修】 BABY 防災グッズ リュック 最低限 中身 女性 子供 プレゼント ギフト 出産祝い 災害対策 非常用持ち出し袋 LA･PITA","9903","22","","2","¥ 13,851","","1","B0FC2BVXJF","B0FC2CCPK5","51.9","33.3","26.7","6740"
"【防災対策】LED投光器 80W 2灯式 13000lm 高輝度 作業灯 三脚スタンド付き 120LED IP66防水 独立スイッチ搭載","14412","4","","15","¥ 9,699","","1","B0H3PH8743","B0HFVRL9FP","63.2","20.2","16.5","4150"
"Baterieco マキタ 18v バッテリー 互換 BL1860B 2個 6.0Ah実容量 最大放電電流60A マキタ18v 電動工具用 A+級セル採用 大型全保護基板 PSE認証済 6億円製造物責任保険付 日本メーカー保証","9911","36","100","12","¥ 12,960","","1","B0GTKC4YRY","B0HCZPQTCJ","18.6","12.9","8.8","1410"
"高圧洗浄機 コードレス 充電式 洗車機【2026最新強化モデル】9MPa 4.0Ah 1個大容量 18Vマキタ互換 バッテリー 自吸式 6in1ノズル","9913","16","50","4","¥ 7,350","","1","B0H8RHB6SV","","35","26.4","11.2","2140"
"フィリップスヒュー(Philips Hue) スマートリモコン ブリッジ プロ - スマート照明 スマートスイッチ ワイヤレス リモコン ボタン 遠隔操作 スマートホーム スマート家電 スマート電球 調光 調色 照明 コントロール ハブ Bridge【有線LAN不要】","9922","47","","267","¥ 19,980","¥ 19,980","2","B0FLYSQ6NH","B0HG1D5LHY","16.2","14.7","7.3","320"
"Masterplug 防水コードリール 30m 軽量 パイロットランプ・温度センサー内蔵 コンセント4口 OL-30W","9923","44","50","28","¥ 8,549","","1","B096VN43ZR","","30.1","26.7","23.4","5130"
"SEESII 充電式剪定ばさみ 電動チェーンソー用 延長ポール 130-250cm無段階伸縮 0-180°角度調整 高枝切り鋏 軽量 コンパクト","9939","42","50","204","¥ 7,380","","1","B0GCZKWFJ2","B0H1V6349J","120","13","10","2010"
"【東京物産】特大宅配ボックス 高さ116cm 【要組立】190L 大容量 複数投函可能 日本語説明書 盗難防止 郵便受け ポスト付き 屋外 戸建て用 (ブラック)","9940","43","50","10","¥ 13,000","","1","B0GXCHWJH7","","116","50","40","24000"
"ガービー（Garvee）ツールキャビネット 7段 工具箱 ローラーキャビネット ツールボックス 鍵付き 耐荷重100kg キャスター付き","12022","22","","11","¥ 23,980","¥ 23,980","1","B0H6FJV9YS","B0GYSF1H8R","73.5","73","43.5","25300"
"NANWEI 充電式ハンマードリル マキタ18Vバッテリー対応 ブラシレス SDSプラス 3モード切替 振動ドリル 無段変速 正逆転","9959","35","","32","¥ 8,499","","1","B0DQ4LK6CD","B0GV8Y7JNS","32","29.5","10.1","3550"
"電動ドライバー ドリル 21v 1500mAh バッテリー2個付き (マキタ バッテリーに対応) 25段階トルク調節 最大32N.m スピード調節機能 正逆転切替 穴あけ 電動工具セット 21ドリル/收纳ケース付き DIY初心者でも使いやすい","9961","25","","481","¥ 5,400","","1","B0CGRF7HSQ","B0CGRDRFWP","30.1","23.6","9.8","2100"
"マキタ(Makita) 330ミリ充電式芝刈機 18V6Ah バッテリ、充電器付 MLM330DRG 青","9971","66","100","116","¥ 42,391","¥ 42,391","10","B09WXWC1CK","","71.8","39.5","37.5","15850"
"CLEAN HOUSE 除草剤 原液 強力 液体タイプ 農地用 畑に使える 農業 雑草除去 草刈り不要 (5L)","9977","62","","53","¥ 6,160","","1","B0FPVN8ZDQ","B0FPVWFVTS","28.4","18.6","13.5","6230"
"ロブテックス エビ 絶縁被覆付圧着端子用使用範囲0.3・0.5・1.25・2・3.5・5.5 AK112MA","9978","39","50","159","¥ 8,447","¥ 8,447","32","B004OCLQI0","B08WLN7LV4","26.6","9","2.2","380"
"TRUSCO(トラスコ) ステンレスカットチェーン 1.2mmX15m TSC1215","9984","46","","41","¥ 8,391","¥ 8,391","14","B01N9XOV4H","B0CB58ZLD9","11.5","7.7","2.8","390"
"マキタ(Makita) 充電式マルチカッタ 10.8V バッテリ・充電器・ケース別売 CP100DZ","9988","63","100","665","¥ 6,757","¥ 6,757","6","B075V7NRBB","B08W5PZ11L","26.7","9.7","8.4","680"
"KOVAX（コバックス） タックロール DKA-M P240","9998","11","","3","¥ 6,240","","1","B00LS1G75W","B07W6KMBCJ","14.5","14.2","13.7","660"
"アイリスオーヤマ コンポスト エココンポスト IC-130 ブラック 幅約61×奥行約61×高さ約73","9999","87","50","573","¥ 5,764","","18","B00BOFZ1PE","B07B4D96XW","74","62","62","4100"
"マルチツール 替刃 セット 互換品 弓型先端 バイメタル 多目的 マキタ ハイコーキ 京セラ","14114","35","","10","¥ 5,980","","1","B0DKPG21HB","B074RLJLH1","25.9","17.6","2.8","530"
"ダイカンドラ種子 コート種子 10kg（500g×20袋）","10008","34","","77","¥ 71,200","","1","B0F7W9C9G4","B0F7WVTH11","26","18","4","1000"
"荷締ベルト ラチェット ラッシングベルト ラチェット式 荷締めベルト フック バイク用 荷締め 引越 積載 運搬 荷台 (ブラック, 4本セット 長さ 3.5ｍ×幅 2.5cm)","10022","26","","8","¥ 7,980","","1","B0GVCWKTR1","B0GMRLM23P","22","10","9","500"
"うなぎ塗料一番 4kg ネオブラック","10025","46","50","26","¥ 13,850","","4","B0C74189FC","","25","20","20","4500"
"Okryain 強化型換気扇 200mm 壁付け 家庭用工業換気扇 風量調整可能 ダクトファン 業務用 100-120V対応 ダクト用ファン 倉庫/トイレ/キッチン排気用(200mm-黒)","10027","37","","53","¥ 8,449","","1","B0D4V4TBVW","B0D8V65ZV9","28.7","28.1","16.6","2810"
"防災士推奨 ポータブルトイレテントセット 10秒設置 コンパクト収納","10032","45","50","38","¥ 5,399","","1","B0FS1JFQ2H","B0FS1JDPTM","57.5","57.5","13.3","3710"
"【2026 強化版 10MPa】SEESII 充電式コードレス高圧洗浄機 ブラシレスモーター搭載 10MPa 驚きの高洗浄力 ハンディ","10042","45","100","26","¥ 9,800","","1","B0H4F97DVZ","B0H4LCPWH8","37.3","26.8","18.9","3180"
"マキタ(Makita) ヘッジトリマアタッチメント A-76043","10043","86","100","102","¥ 19,417","¥ 19,417","13","B0CMCH54NW","","90","18","12.5","3560"
"Katerk ミニルーター 6段変速 28000RPM コードレス 充電式 リューター アクセサリー70点","10065","38","","175","¥ 5,999","","1","B0GWMHZLNG","B0HG582PYG","23.8","14.2","5","580"
"トラスコ中山(TRUSCO) スプリングワッシャー チタン TB960004 M4 42個入 x 10パック x 【ケース販売】","10069","42","","34","¥ 8,687","¥ 8,687","1","B0C4XH6BG3","B09NWKZ9W6","24","11.5","6.5","170"
"LIXIL(リクシル) INAX 取替浄水スパウト キッチン水栓用 交換 取り付け 浄水 対応水栓 浄水カートリッジ カートリッジ交換 浄水機能 対応水栓確認要 蛇口用 JF-SE6","10076","99","100","717","¥ 5,691","¥ 5,691","8","B072V83N9V","B0HFJLTH9P","29.2","8.8","7","380"
"lopoti 電動噴霧器 10L 充電式 5.2Ah総容量 背負い式 小型 連続自動噴霧 3KG 軽量 圧力調整 残量表示 伸縮チューブ 低騒音 除草 防除 消毒 掃除 園芸 日本語取扱説明書付き","10079","54","50","114","¥ 11,985","","1","B0D3LRXNDB","","42","31","22","3410"
"アイリスオーヤマ ハイパーリールAタイプ グレー/ブルー 168108","10093","97","100","203","¥ 9,090","¥ 13,083","17","B003B2MFZW","B0C3H5JJ4K","38.6","38.2","33.7","9620"
"DEKOPRO 芝生バリカン ガーデンバリカン 生垣バリカン ヘッジトリマー 電動 剪定バリカン 一台二役 芝刈り機 ブレード2枚付 刈込幅228/120mm コードレス 草刈り機 充電式 急速充電器付き 二重安全ロック 軽量 園芸 植木","10094","48","50","549","¥ 5,980","","1","B0GS549D63","B0HBQ4NZMS","35","20.4","13.7","2000"
"トネ(TONE) ソケット(12角) 6D-65 差込角19.0mm(3/4"") 二面幅65mm","10100","55","","99","¥ 6,673","¥ 6,673","25","B000W9IPKQ","B07WTK73M7","11.8","9.7","9.4","1338"
"ベストアンサー ラチェット式 Jフック ラッシングベルト フック ラッシング タイダウンベルト 破断荷重 4000kg 幅 50mm 固定側 1m 巻側 6m 2本セット ラチェット ベルト 荷締め 固定 フック 1m 6m 2本","10106","40","","183","¥ 5,740","","1","B0963HC9G2","B0CH9K2XZ8","30.8","23.2","14.6","4770"
"ZOTA ポリッシャー125mm, ダブルアクション 15mm ランダムオービタル 6段変速 2000-5200rpm 720W 車 ポリッシャー バイク用 金属製品の艶出し 傷消し 日本語説明書付き 電動ポリッシャ- カーポリッシャ-","10113","107","100","103","¥ 9,990","","1","B0DYJVKSV4","B0FFGBP4SQ","45.5","18.5","15.7","3360"
"【最新型】GLOWDAWN ソーラーライト 屋外 センサーライト 防水 人感センサー【2センサー/294LED/4面発光/分離型】光束最大3000ルーメン 5M延長コード IP65防水 自動点灯 大容量バッテリー 3つ知能モード 防犯ライト 防災 玄関 照明 駐車場 車道 ガレージ 停電 屋外照明（2個セット-ホワイト）","16369","34","","67","¥ 5,580","","1","B0C1NF9BYG","B0C6KC9XZ6","27.7","21.1","14.4","1400"
"三菱電機(MITSUBISHI ELECTRIC) バス乾燥・暖房・換気システム用 暖房機用 コントロールスイッチ P-120SW5","10476","13","","","¥ 5,131","¥ 5,131","6","B0B928NXS8","B0CM5YL9CK","15.2","15.1","3.7","180"
"【強化版】電動チェーンソー 充電式 小型チェーンソー 21V 大容量バッテリー2個付き コードレス 電動のこぎり ハンディソー 片手 軽量 強力 木工切断 枝切り 薪作り 庭木の剪定 粗大ゴミ解体 日本語取扱説明書 6インチ 4インチ 兼用 レッド","10119","21","50","84","¥ 5,770","","1","B0H5NWZB4Y","B0H8363RGS","42.4","20.2","13.2","2410"
"WBGADAM 20m XT60i MC4 ケーブル 12AWG 延長ケーブル 射出成形 太陽光発電対応 防水コネクタ ポータブル電源用 変換アダプター","10126","62","","48","¥ 11,996","","1","B0GL116BZX","B0FMJXGGXZ","28.2","20.5","8","1800"
"【2026新型】NANWEI スプレーガン マキタ18Vバッテリー対応 電動スプレーガン 充電式塗装ガン 800ml大容量塗装機 水性・油性塗料対応","10139","37","","149","¥ 6,480","","1","B0GXPSZXPS","B0GV9G54C8","27.1","21.2","19.5","1530"
"アイクリンプ(iCrimp) 樹脂管切断工具 PEX (φ1/8-1-ich迄)","10147","25","","6103","¥ 5,107","","12","B01KSYTLUW","B0967VGLK7","20.5","5.1","2.4","150"
"Voltset 50W 12V ソーラー パネル キット、単結晶太陽電池トリクル充電器メンテナー + アップグレード 10A MPPT 充電コントローラー + 車、RV、ボート、オートバイ、ゲート オープナー用 Z 字型マウント ブラケット","10153","37","","68","¥ 10,599","","2","B0C2PNGJCC","B0CRKQ8N7R","62","55.4","5.8","4128"
"特許取得商品 長さ：25cm 厚さ3.5mm軽量タイプ 棚受け金具 白 隠し棚受け 高耐荷重 L字金具 アイアンブラケット 目立たない棚受け 棚受け金具 棚支え8個セット ホワイト (25cm, 8, 本)","10156","24","","127","¥ 5,998","","1","B0DHQPK8XY","B0DJDG4V6W","35","14.8","14.1","2780"
"タカギ(takagi) ホース ホースリール 15m 自動巻き取り オーロラX チャコールグレー R715CG 内径7.5mm","10165","57","50","183","¥ 5,533","¥ 5,533","6","B0FYLJH4J7","B0GHN2D796","35.7","35.5","24.3","4350"
"Anovara(アノヴァラ) サイクルハウス サイクルポート 2〜3台用 アーチ型 屋外 出し入れ簡単 高耐久厚鋼管 厚カバー 420D","10167","77","50","61","¥ 10,980","","1","B0FDW1ZZBF","B0FK2L6JD3","128","24","15","16000"
"VANKO 互換 マキタ 18v バッテリー 6000mAh大容量 4個 マキタ バッテリー 18v BL1815N BL1830B BL1850Bなどに互換可能 LED残量表示 長寿命セル採用 全保護基板搭載 高耐久設計 防火材料シェル PSE取得済 3億円のPL保険付","10173","52","100","37","¥ 11,660","","1","B0GY49Z5DB","B0GYP159RV","18.4","16.8","13","2380"
"アグロカネショウ 殺虫剤 アルバリン顆粒水和剤 500g","10181","38","","207","¥ 5,309","¥ 5,309","3","B01DNVZB38","B09W9T36B4","24.5","22.2","4.9","524"
"DOQASOO 高圧洗浄機 コードレス 充電式 バッテリー式 高性能5in1ノズル ペットボトル給水対応 820g軽量 簡単セット 小型軽量 家庭用 洗車 ベランダ 網戸 自転車掃除 折りたたみ式 持ち運び便利 庭/屋外/階段/ガラス/ブロック塀/玄関/ベランダ/浴室/年末大掃除/キャンプ （ブラック）","10186","34","","33","¥ 6,045","","1","B0GQ3K4QMX","B0GYF8SG5F","32.6","29.6","13.7","1620"
"YOIbuy PRO 充電式 コンパクト ドライバドリル 18V 互換 六角ビット用クィックチャック使用 ドリルドライバー 高出力 ブラシレスモータ搭載 maxトルク70Nm 振り回る保護機能（APC機能）搭載 ターボモード付き Max回転数1950rpm 20段クラッチ付き （バッテリ・充電器別売） YCD70-P1 (黄色)","10193","43","","66","¥ 6,580","","1","B0GNZ31X12","B0GNZ5VSRK","24.2","17.7","9.6","1180"
"防草サンド GALESS （ギャレス）10kg/袋 10袋セット お墓まわり 手入れ 墓石 玉砂利 雑草対策 草むしり不要 防草砂 簡単施工 軽量 固まらない 天然素材","10194","22","","23","¥ 22,275","","1","B0GR9VGHHN","B0H3ZKKH4N","60","40","8","10000"
"RsBarter 人工芝 1mx10m ロールタイプ 毛足10mm 防草シート一体型 ラッシュグリーン (1X10m)","10197","59","50","76","¥ 5,098","","1","B0FN6F6H9Q","B0FNVWWPFD","102","22","16","9000"
"ANDELI 半自動溶接機 アルミ溶接/プラズマ切断/HF TIG溶接可能 100V/200V兼用 160AMP 工業用 家庭用 MCT-416P","10208","38","50","130","¥ 47,998","","2","B0FFG2J5S6","B0H4YY4JSX","58.5","38.7","36.5","18000"
"高儀(Takagi) EARTH MAN 18V専用バッテリーパック Infini-Link USB出力付き 3.0Ah BP-180LiGB","16301","62","","71","¥ 8,001","","8","B0865T742Q","B0DF763L65","16.5","11.8","7.5","640"
"OFFO 鳥よけ 鳩よけ 組立完成品 100%ステンレス製 41.25cm*36個入り(1485cm)耐候性 15年間長持ち 針が密集する カラスよけ フン害防止・ベランダ・屋上・栅用 取扱説明書付き","10232","63","","239","¥ 11,999","","1","B09R7CM2BP","B09S5KFB55","44.7","34.2","19.9","3790"
"エコー(ECHO) ナイロンコード 草刈 刈払機用 ツイスト型 2.41mm径×270m BLACK DIAMOND ブラックダイヤモンド","10234","57","","97","¥ 8,485","¥ 8,485","1","B0DHYX3QV4","B0CHW95QDZ","16.8","16.4","15.4","1600"
"VANKO 互換 マキタ 18v バッテリー 6000mAh大容量 2個付き マキタ バッテリー 18v BL1815N BL1830B BL1850Bなど互換可能 LEDランプ残量表示 大型保護基板塔載 長寿命セル採用 高耐久設計 日本国内PSE認証取得済","10247","30","50","22","¥ 5,980","","1","B0G8W15WMH","B0H297RYKN","18.2","12.9","8.7","1220"
"SANSI【最上位40W】植物育成ライト LED電球E26 高PPFD タイマー4段階調光 リモコン フルスペクトル 観葉植物 ライト中大型1～3鉢用","10265","62","","6","¥ 6,204","","1","B0GJCWNH84","B0HD7D4WS8","17.3","13.1","12.9","510"
"ADWORLD アルミ複合板 ホワイト 国産 厚み3mm (ツヤ有/サービスコート) W910H1820mm 1枚","10267","30","","115","¥ 9,386","","1","B0B14DHDYX","B0B14RBM3C","182","91","6",""
"Ehomtikk 互換 マキタ 18v バッテリー DC18RC充電器付き 14.4v-18v 充電用 bl1830 b bl1860 bl1860b など対応 マキタ互換18Vバッテリー6000mAh+DC18RC","10274","59","100","278","¥ 5,299","","1","B0BFDKZPJ7","","25.1","16.6","9.7","1270"
"【ねじれ防止・引金保持機能】Kebtek 高圧洗浄ショートガン 6in1洗車 ねじれ防止（スイベル付き） トリガーロック搭載 フォームガン","10281","93","100","226","¥ 7,800","","1","B0C1CNY4R4","","23.8","15.9","14.2","1420"
"ONAO 障子紙 ロール紙 (11インチ x 118インチ) 障子スクリーン 替紙 日本製 国産 ウィローグリーン","10282","34","","565","¥ 5,150","","1","B0F53R2N6M","B0834DMXTP","29","5.1","5.1","99"
"タカギ(takagi) ホースリール 20m オーロラWASH 5水形 水量調整 ねじれにくい R1320WS ブラック オープンタイプ 内径15mm 太ホース","10295","92","100","14","¥ 6,890","¥ 6,890","8","B0GQDNYKDH","B0GQDGMP71","38.5","37.8","28.4","6040"
"TRUSCO(トラスコ) ねじ込み管継手 SUS 径違いソケット 15X10A TRS15AX10A × 50個 【ケース販売】","10296","39","","1","¥ 39,229","¥ 39,229","1","B0C4T6NRX9","B0C93Y9S8G","48.3","48.3","4.5","7600"
"サンワダイレクト 電動ドライバー 小型 コードレス 充電式 30本ビット Type-C LED付き ケース付き 2500mAh 電動ドライバーセット 800-TK050","10298","71","","30","¥ 5,380","","1","B0CQNWRV8X","B0FN3KRRJF","21.9","19.4","6.1","850"
"【改良型】SOARFLY レーザー墨出し器 グリーンレーザー 4D 16ライン 360°フルライン 自動補正 高精度 リモコン操作 受光器対応 電量表示LCD 大容量バッテリー×2付属 エレベーター三脚・収納ケース付き 内装工事 建築測量 墨出し作業用","10305","65","100","102","¥ 8,999","","1","B0GVNKR3QJ","","45","36","15","4500"
"DAIM ここダメシート 幅30cm×5m巻 6巻き入り 猫よけマット 猫よけシート 野良猫対策","10311","32","","312","¥ 14,420","","1","B01FX6RYWM","B01FX6RZ3A","77.5","52","35",""
"イチネンTASCO 電動インパクトドライバ対応フレアツール TA550CX","10315","86","50","104","¥ 19,599","¥ 19,599","8","B094R2VFB2","B09WHTG93Q","19.1","16.3","10.6","1580"
"タジマ(Tajima) メジャーテープ 「ハイロック」イエロー 3m×16mm H6P30MY","10729","24","","185","¥ 17,410","","1","B00ESAW13W","B078KCQ3K7","13.1","10.3","3.2","128"
"YOIbuy PRO 充電式 草刈り機 ナイロンコードカッター専用 マキタ 18V 互換 刈払幅300mm ブラシレスモータ搭載 分解可能 組立簡単 収納性 多様なアタッチメント横展開 本体のみ（バッテリー・充電器別売り） YGT-BL300-1","10323","54","100","29","¥ 8,199","","1","B0GYP1QLCK","","44.6","31.8","19.6","2880"
"Panasonic (パナソニック) 水洗トイレ用換気扇 窓取付形 FY-08WS2","10326","67","50","984","¥ 6,911","","10","B00ATZRC02","B092MXYHFB","32.1","16.9","15.6","1570"
"プラダンのヤマコー プラダンシート 600ｘ900 厚4mm 5枚入 (ベージュ)","14444","26","","56","¥ 6,940","","1","B08X16PXQZ","B08PYVBBG8","91","61","3","1900"
"DJI Power 1000 V2 ソーラー 車内充電On the Goコンボ","10333","7","50","24","¥ 69,980","¥ 69,980","1","B0H8Y13K8D","","54.5","49.2","32.5","18080"
"萩原工業 スノーテックス クール 遮熱シート 5.4m×7.2m パールホワイト/ホワイト","10743","43","","29","¥ 12,110","¥ 12,515","10","B013Q4H6IK","B0FB8QGG27","50","40","10","5560"
"TRUSCO(トラスコ) センターポンチ 10mm×100mm × 20本 【ケース販売】","10340","34","","108","¥ 6,513","¥ 6,513","1","B0C4TH65SB","B09PC1MRQ3","30.7","22.5","9.3","1280"
"750W 水中ポンプ DEKO 底部入水式 排水ポンプ 最大吐出量12500L/H 最大揚程9M 汚水 清水用 60Hz/50Hz 循環ポンプ 水耕栽培 ウォーターポンプ 水族館給水 散水","10341","46","50","","¥ 6,380","","1","B0B1HLLPRD","B0HGXHT7K5","37.4","23","19.1","4130"
"ウッドワン 無地の棚板 仕上げてる棚板 STT1450M-D1I-G3 ウォームグレー 1450×400×20mm","10344","11","","52","¥ 12,200","¥ 12,200","1","B0CXJ4JSH2","B0D1FGXFR9","145","40","2","6000"
"アイホン ドアホン インターホン デミトーク 玄関子機防雨型 乾電池式 親機と子機セット TCS-MHP","10345","44","50","726","¥ 8,798","","23","B0000C99WD","B0CJS46R21","27.7","21.1","6.6","860"
"【Amazon.co.jp限定】 HiKOKI(ハイコーキ) 36V 充電式 刈払機 草刈機 CG36DC 刈刃径255mm 両手ハンドル 高トルク 高耐久ブラシレスモーター搭載 芝刈り機 バッテリー1個・充電器付 CG36DC(WAZ)","10346","64","200","26","¥ 53,900","¥ 53,900","1","B0GRZB2MCB","B0HGBG9RKX","193","23","18.5","8600"
"バランス充電機能搭載 VOLT LAB マキタ互換 18v バッテリー 6.0Ah MAKITA互換 PD65W入出力 バランス充電 (1個)","10357","68","100","22","¥ 12,980","","1","B0GZSLRQNW","B0GZSGK32S","12","10","7",""
"C-Fixer トルクレンチ プレセット型 ラチェットレンチ 高精度 精度±3% 両回転対応 自動車用 車 タイヤ交換 整備 バイク修理 作業工具","10362","55","","43","¥ 5,098","","1","B09VL3T7WF","B0CW5RL9Y9","58.8","7.2","6.1","1800"
"ENGINEER エンジニア 導電性カラーマット 1m×2m×2mm ZCM-02","17579","26","","6","¥ 14,988","","13","B002J9HUO4","B09XBPYWZH","102","9","9","5502"
"浄化槽用エアーポンプ ブロワ EP-80GL 左バッキ 安永エアポンプ","10380","52","100","561","¥ 29,900","","4","B00GEB8AJW","","29.5","23.5","20.3","7130"
"【Amazon 限定ブランド】タイルカーペット HDMOD ジョイントマット【45x45cm 厚さ4mm】 20枚 吸着マット タイルマット ズレない カーペット 防音 フローリングカーペット 滑りとめ 防臭防菌 床暖房対応 洗濯機洗える ペット用カーペット お手入れ簡単 設置簡単（ブラウン＆ベージュ）","16136","41","","183","¥ 6,880","","1","B0DCG2GK88","B0DFWGL435","46.5","46.3","11.6","2000"
"LED投光器フラッドライト120W高天井灯 作業灯 高輝度 13000lm【1200W水銀灯相当】ハイベイライト 6500K昼白色 IP66防水防塵 防寒 掲示板 体育館 展覧会 駐車場 運動場 工場照明 倉庫照明 高天井照明 屋内屋外兼用 ビーム角120度（無騒音、電磁波障害なし、防虫）【3メートルの配線付き、スイッチとプラグ付き】【PSE認証】(120W 2個)","10390","41","","62","¥ 10,699","","1","B0DPB638KS","B0DPB51Y7D","43.7","17.5","10.1","2720"
"WBGADAM xt60ケーブル オス-メス 10M 12AWG xt60延長ケーブル 、ポータブル発電所、ソーラー発電機用","10395","58","","72","¥ 5,396","","1","B0FDJNGFHK","B0FFXKQHFH","23.5","19.8","4.8","840"
"EZARC マルチツール 替刃 超ロング 10枚セット 釘入り木材 軽金属 弓型先端 アダプター付き バイメタル","10410","29","","331","¥ 8,312","","1","B0BKZK8Q7V","B0D66R59PL","12","7.3","2.3","240"
"Alloyman 電動インパクトレンチ 強力 1200N.m 1/2""トルクレンチ ブラシレスモーター 4.0Ah大容量バッテリー2個セット 20V 自動停止モード 無段変速 正逆転切替 LEDライト付き コードレス 充電式インパクトレンチ タイヤ交換 自動車の修理 ナットの締め付け ボルトの緩み レッド","10412","73","100","1526","¥ 12,999","","1","B0FH9LQ6FX","B0GVCLPTLC","37.5","31","12.9","5650"
"トネ(TONE) プライバーセット PRB4 ブラック 内容4点","10418","41","","17","¥ 9,836","¥ 9,836","15","B07X2K112P","B07X5CFSK2","65.6","12.8","4.8","1900"
"LOOBANI ケーブルプロテクター ケーブルカバー 床のワイヤーを保護 衝撃に強い上 黄色の警告ストライプ","13975","37","","89","¥ 5,219","","1","B09XGJGJV4","B0DZWWBBRT","37.5","36","8.6","5020"
"YPC 日本製 レンガ ブロック 花壇 ガーデニング 園芸 屋外 ベランダ エクステリア レンブロック ガーデン 30個 セット ブラウン レンガ","10432","18","","3","¥ 7,920","¥ 7,920","1","B0BWPFM8JY","B0BY88QPRZ","33.9","30.7","26.3","3730"
"Insoma ウォータータイマー（真鍮製インレット付き）、2つの独立ゾーン、庭用蛇口用屋外ホースタイマー、自動／手動／雨遅延モード搭載","10438","57","","51","¥ 5,400","","1","B0G6CZG1T5","B0GZP549KH","13.3","13.2","6.7","450"
"MOCINE ダクトファン 100mm 双方向給排気式 リモコン付き 6段階風速 静音DCモーター","10441","15","","45","¥ 5,699","","1","B0GSR466LT","B0GX6SSQXH","14.7","13.4","10.8","600"
"PATIKIL 12.5mmドリルビット ジョバーストレートシャンクM35コバルト5%高速鋼135°金仕上げ ステンレス鋼硬質金属用-5パック","10444","21","","151","¥ 7,585","","1","B0F4JFYVKX","B0F1T1L5K6","15","15","1.5","560"
"TOTO TC291#SC1（パステルアイボリー）　普通便座 スタンダードタイプ　エロンゲートサイズ（大形）","10446","52","","41","¥ 5,500","","8","B00G2XEY8S","B0859SXC77","48.2","39.2","8.2","2360"
"【3秒でお湯が出る】BougeRVポータブル給湯器 ガス給湯器 ポータブルシャワー ウォーターポンプとシャワーヘッド付き","10452","63","50","30","¥ 56,980","","1","B0GQLSQZH6","B0H6QVFLZC","51.9","45.4","25","10540"
"新興製作所 ホームスカッター STD-180E","10454","60","50","472","¥ 15,455","¥ 14,882","12","B0020FPXPU","B095J49GPT","39.6","29.9","21.2","5790"
"カクイチ マックスフロー SD (送水ホース) 50mm 30M","10463","42","50","71","¥ 5,485","¥ 5,485","11","B007CSR25Y","","35.5","35.5","9.2","8360"
"ガーデンマスター(Gardenmaster) ガーデンタイル テラコッタマット 30枚セット 防草シート付 防草マット レンガ調 雑草対策 簡単設置 玄関タイル 敷石 ベランダ テラス BTM-30BS(MX)1P*30","19524","39","","86","¥ 19,999","","1","B0DN5V4J6H","B0FJRZPC2S","33","32","12","20000"
"HiKOKI(ハイコーキ) 10.8V タブレス電池 容量5.0Ah T-PWR 出力640W BSL1250MT","10482","65","50","15","¥ 11,011","¥ 11,011","3","B0GNQJ1BST","","9.5","7.8","5.7","360"
"パナソニック(Panasonic) コスモワイド埋込スイッチC(3路) 5個セット WTP50521WP 【純正パッケージ品】","10482","33","","2002","¥ 11,427","¥ 11,427","1","B09WQKKZV4","B0B249NYZW","19.1","18.9","9.7","590"
"LIXIL(リクシル) INAX 浴室シャワーセット シャワーバス水栓 混合水栓 サーモスタット エコフルシャワー 節水省エネ 昇温防止機能 ソフトサーモ機能 抗菌防カビ RBF-912FW","10485","68","","1","¥ 24,750","¥ 25,051","5","B0G6S9GG71","B0HFJH8F5D","34.2","21.8","14.9","2840"
"プロメイト(PROMATE) ケーブルキャッチャー スタンダードタイプ(LEDライトなし) 伸長時寸法:7m E-4837","10486","26","","165","¥ 14,414","¥ 14,414","6","B003B37MZ4","B09JZSPZS9","74","12","5","1039"
"標準メッシュ ふるい 園芸用 裏ごし器 特大 大きなメッシュ ガーデン土ふるい ステンレス 丸穴 シフトパンメッシュスクリー 軽量 耐久性 多機能 園芸フィルター 篩子 実験用 ガーデンパン コーヒー 果 穀物篩 DIY 農業 店舗 業務用 家庭用 (穴-4mm,直径60cm) [並行輸入品]","51436","3","","","¥ 12,920","","1","B0FBK9F7L7","B0FBK81PWS","33","33","10","1000"
"ATsafepro デジタルトルクレンチ 1/2''ドライブ、5.1-340N.m 電子トルクレンチ、5単位 ±2% 精度 双方向、ブザーとLEDアラート付きLCDスクリーン、バイク、バイク、車に最適","10490","71","","1","¥ 10,999","","1","B0FX985K1H","B0F5NY9Q73","59.7","14.6","6.9","2380"
"Kreg（クレッグ）クロスカットステーション 丸ノコガイド【正規輸入品】","10492","40","","1094","¥ 11,900","","2","B08BQSK2RF","","42.8","23.7","13.1","3742"
"アサヒペン 壁紙シール 天井にも壁にも貼れるカベ紙 APG-32 幅46cm×長さ10m 肩幅サイズで作業がラク 扱いやすい 壁紙の上から貼れる 目開きしにくい 粘着タイプ 壁面にも シックハウス対策品 日本製","10501","57","","38","¥ 5,272","¥ 5,306","9","B0033W3KLS","B0FLJ4NSS1","46","11.4","11.4","2341"
"テクノ高槻XP-80","10506","37","50","238","¥ 18,450","","6","B00GEBZEOQ","","27.6","23.4","14.4","4800"
"鉛シート 鉛テープ 【5ｍｍ厚】 はさみで切れて使いやすく ゴルフ ドライバー おもり ウエイト 遮音・制振・重さ調整に Pb5mm","10509","31","","84","¥ 9,486","","1","B083ZPZYB7","B0841RJR6J","12.6","9.2","5.6","2950"
"3インチワイヤレスディスクグラインダー 19500回転/分 充電式アングルグラインダー ブラシレスモーター搭載 12V1500mAhバッテリー 研磨ディスク8枚付属 金属・木材・石材の切断・研磨に最適","10516","43","50","18","¥ 5,134","","1","B0FZRF43LS","","24.5","22","8.8","1450"
"2026年版 熱中症対策キット Lサイズ フラバ 【義務化対応】予防から応急処置まで対応可能 熱中症グッズ 業務用 大人数","10525","38","","43","¥ 5,980","","1","B0D66TMVFQ","B0D66WP8WV","27.4","22.1","15.1","2130"
"Fungoal 巻き尺 メジャー 120m 両面メートル表示 長尺モデル 強化ファイバーグラス製 軽量 ABS樹脂","10527","52","50","110","¥ 5,604","","1","B07216HDNJ","B09DFS425N","45.2","32.6","6.8","1740"
"ケルヒャー パイプクリーニングホース 20m パイプクリーナ ケルヒャー K2 K3 K4 K5 K7 Kシリーズ高圧洗浄機に対応 (20m)","10531","50","","330","¥ 5,080","","1","B0F621XTRJ","B0B2RS46VR","31.5","27","10.4","1580"
"PAACCI内蔵ファンフィルター、ステンレススチール製エアカーボンフィルター (シルバー,4インチ) [並行輸入品]","10531","1","","","¥ 5,999","","1","B0GJY375GY","B0GJXG9NQJ","28","22","21","2000"
"白光(HAKKO) ヒーティングガン 工業用ドライヤー 高温・高風速タイプ 883-13","10539","44","50","235","¥ 9,639","¥ 9,639","28","B000AQOEV0","B08XMTPB7J","35","33","12","1260"
"マキタ(Makita) ベルトサンダ 9mm 9032","10544","39","","5995","¥ 20,319","¥ 20,319","8","B0000614UT","B07DC5SWC3","49","20.5","9.5","2260"
"パナソニック(Panasonic) コスモC露出 L付30A6+2 BQR3362","10544","38","","48","¥ 16,057","","9","B00KNT5GZC","","58","35.4","15.6","4340"
"Powilling BL1015B 互換 マキタ 10.8v バッテリー DC10WD充電器セット マキタバッテリー10.8V BL1015 BL1030 BL1040 BL1050 BL1060 A-59863 マキタ10.8V充電器DC10WD、DC10SA、DC10WC、DC18REなど対応 【10.8バッテリー2個+DC10WD充電器1個セット】","10548","67","100","105","¥ 5,699","","1","B0CPSN28DB","","25.9","15.9","8.7","920"
"ZOTA ミニポリッシャー，30mm/50mmダブルアクション ポリッシャー コードレス 2800~4500rpm 六段階スピード調整 ダブルアクション/シングル切替 12V 2.0Ahバッテリー2個付属 PSE認証 充電式 収納バック付き ヘッドライト復元/ワックスがけ/バイクケア対応 （DP2A）","10550","99","100","125","¥ 9,967","","1","B0F62VDZNQ","B0G5YDDBJ4","35.8","26.1","11.4","2180"
"【Amazonイチオシ！】グリーンテクノ21(Greentechno21) ENEGGO 液体肥料 オーガナブル800ml（すべての家庭園芸用）【お徳用20本セット】","10553","22","","20","¥ 13,319","¥ 13,319","1","B0GVY8F7D1","B0GWQ6SRQ1","24.5","8","8","1005"
"トネ(TONE) コンビネーションスパナ HPCS-38 二面幅38mm","11027","14","","656","¥ 7,432","¥ 8,010","2","B008O07SIA","B07WSLC1RC","50.5","7.4","1.4","1680"
"EcoFlow RIVER 3 ポータブル電源 230Wh AC定格300W /サージ600W 小型 リン酸鉄リチウム","10556","45","50","418","¥ 24,799","","1","B0DB5Y5JZR","B0GYRGXPKJ","36.7","25.6","16.1","4320"
"Garvee 防草シート 2×50m 除草シート ぼうそうシート 雑草防止シート 高密度120 g/㎡","10560","24","","38","¥ 11,280","","1","B0DZ6DK5MX","B0H4ZX6HC1","105","30","30","13800"
"Ziuuihu散水ホース 糸入りカットホース耐寒耐圧 家庭菜園の散水と洗車用のホース内径約11mm/外径約15mm散水ツール (50m,ブルー) [並行輸入品]","10567","0","","1","¥ 5,544","","1","B0FHHFSCP4","B0FHHJPVX3","30","30","30","2000"
"VANKO 互換 マキタ 18v バッテリー BL1860B 6.0Ah大容量 2個 BMS保護基板搭載 LEDランプ残量表示","10569","48","200","48","¥ 5,776","","1","B0G8V531B4","B0GYVYVG9T","18.3","12.9","8.8","1200"
"アイリスオーヤマ 充電式ポールヘッジトリマー 10.8V Type-C充電式 バッテリー付属 JPHT30010TC サンドベージュ","10576","69","50","19","¥ 12,927","¥ 12,927","1","B0F74KRLVF","B0FTLZDRL9","165","16","13","2400"
"新登場【緑黒両面】防草シート 0.8*50m 除草シート 130g/m²高密度 12年耐久 グリーン 黒両面使い トウモロコシ繊維 PLA製 丸穴設計 厚手不織布シート 草よけシート 高耐久 高透水 UV剤入り 雑草防止 紫外線劣化防止 園芸用ぼうそうしーと スチール製Uピン杭75本と黒丸75枚付き (幅0.8mを幅0.4mに折り畳んだロールで出荷)","10580","44","","71","¥ 8,990","","1","B0DM1GGFGL","B0DM1RMZG4","43.7","32.3","32.1","7500"
"チェーンソー充電式【1台2役・14インチ&12インチチェンソー】ハンディチェーンソー 14.6m/sブラシレスモーター 強力 2個4.0Ahバッテリー残量表示 切断径30-35cm 自動給油 電動式 軽量 コンパクト 低振動・高切断力 ハンド式 安全ロック コードレス 竹・枝切り DIY庭木の剪定 薪作り 林業伐採 家庭用 手袋 ゴーグル チエーンカバー ケース付き 日本語説明書 ブルー","10583","54","100","32","¥ 11,699","","3","B0GG4FQNG5","B0H6BNMS1S","44.4","29.7","18.9","5630"
"【改良強化版】電動ポリッシャー コードレス ポリッシャー ダブルアクション 充電式 21V 580W 8段変速 6000回転/分 大容量バッテリ一4000mAh LEDディスプレイ 150mm 手持ち 小型 強力 偏心構造 ワックス作業 研磨器 バフ 車 磨き 鏡面磨き 家庭用 傷消し 艶出し人気 日本語取扱説明書付き (緑)","14401","20","","33","¥ 6,999","","1","B0H589YG67","B0GW34GRGK","25","20","15","2"
"【500万画素・ドーム型 PTZ対応 】防犯対策助成金あり 防犯カメラ ワイヤレスHiseeu 15インチIPS液晶モニタ一体型NVR 1920P ワイヤレスカメラ4台セット 10チャンネルまで増設可 遠隔監視 防水等級ip65 AI動体検知 屋内/屋外 セキュリティ 防犯カメラ (ドーム型カメラ4台＋15インチ液晶一体型NVR 3TBHDD内蔵)","10601","60","50","138","¥ 52,530","","1","B0CDWG3FYF","","44.6","33.7","19.2","6140"
"非常食 7日分 55品の 保存食 セット 充実の1週間 【UA】 防災ハンドブック付 防災士監修 非常食セット 保存食セット ローリングストック おにぎり おかず 乾パン パン 野菜ジュース おやつ お菓子 スープ 保存食 保存水 防災グッズ 防災セット 備蓄 アルファ米","10605","52","100","34","¥ 17,880","","2","B0976T4JFQ","","41","31","25.5","10820"
"Amoresbat 互換 マキタ 18v バッテリー BL1860B 8000mAh大容量 2個 長時間作業可能 マキタ バッテリー18v BL1860B/BL1830B/BL1815Nなど互換可能 長持ち設計 LED残量表示付き BMS基板搭載 PSE 認証済 3億円PL保険付","10613","44","100","36","¥ 6,278","","1","B0G6SKR2ML","B0HFR1F438","18.3","12.7","8.7","1240"
"【大容量&最軽量3KWh半固体電池】Dabbsson ポータブル電源 3000L 3072Wh 大容量 高出力3000W (サージ6000W) 半固体リン酸鉄リチウム電池 1.7時間で80%急速充電 家庭用蓄電池 10年長寿命 高変換効率 アプリ遠隔操作 EPS機能 耐熱防火 ポータブルバッテリー 車中泊 アウトドア 節電/停電 防災グッズ 純正弦波 AC100V 50Hz/60Hz対応 ダブソン","10616","33","50","44","¥ 143,499","","1","B0F9WWFSZJ","B0FF4K7H8H","53","40.5","30","28000"
"京セラ(Kyocera) 旧リョービ パット組立 サンダポリシャ用 125mm 6010106","10617","39","","1","¥ 6,503","","11","B00VJ3LZWY","B0DN1N2N5C","13.6","13.1","4.7","274"
"マキタ18V電動空気入れ バッテリーセット自転車用 エアコンプレッサー1034kPa Waitleyマキタ互換バッテリー2500mAh１個付","10619","44","50","12","¥ 7,224","","1","B0GLGZP62C","","28.9","21.5","9.7","1450"
"パナソニック(Panasonic) 充電マルチツール デュアル(14.4V/18V対応) OIS/STARLOCKブレード対応 本体のみ(電池パック・充電器・ケース別売) ブラック EZ46A5X-B ブラック","10624","35","","180","¥ 30,598","¥ 30,598","11","B07VLF1VB9","B0CV3YKGCG","33","15","9","1440"
"VANKO 互換 マキタ 18v バッテリー BL1860B 6000mAh大容量 4個 マキタ バッテリー 18v BL1815N BL1830B BL1860Bなどに互換可能 LEDランプ残量表示 全保護基板搭載 防火材料シェル A+級セル採用 高耐久 PSE認証取得済 3億円のPL保険付","10625","33","50","45","¥ 11,096","","1","B0GGHBX78B","B0GHMQB3KL","18.2","17","12.5","2400"
"ヘッジトリマー 充電式 【2026改良モデル・山本造園会社監修】電動ヘッジトリマー PSE認証済 51cm両刃駆動 800Wブラシレスモーター パワフル","10632","65","200","25","¥ 11,999","","2","B0H32PFKJQ","B0HDTKPMW3","88.5","19","18.5","4160"
"アルチザンツール 充電式レシプロソー 片手 ATSS01B 収納ケース 替刃4本付き 電動のこぎり マキタ18Vバッテリーbl1860bなど使用可能 ブラシレスモータ 無段変速 庭木の剪定 高速切断 DIY 枝切り 粗大ゴミ解体 アルミニウム切断 配管作業 伐採作業 薪作り バッテリー別売","10643","34","","81","¥ 5,018","","1","B0BMFXM5NS","B0GK34PWSD","35.1","26.1","9.1","1880"
"アストロプロダクツ ツールセット ミリ 48点組 TS197 | 工具セット ハンドツール 自動車 バイク 整備 メンテナンス DIY入門 家庭用","10647","48","","27","¥ 13,200","","1","B086SVB5KF","B0F2DPLSH1","33","25.7","7.4","3892"
"タジマ セフシステム セフホルダー丸型建材用 クランプ式 金属 6連 SFR-MCHLD6","10652","44","","2","¥ 5,065","¥ 5,065","7","B0DLB2XRKJ","B0DT12BKBD","23.5","11.7","11.4","600"
"Torq Ran 【改良版】 電動トリマー 木工用 ルーター 800W 6段階変速(10000-32000RPM) 【1/4インチ(6.35mm)ビット15本付き】 新型2層透明ベース ストレート＆トリミングガイド付属 コンパクト 電動ルーター 木材の面取り/溝切り/穴あけ/彫刻 DIY工具 日本語取扱説明書 [並行輸入品]","10653","31","50","13","¥ 6,688","","1","B0GLF1QNZH","","37.2","21.9","13.8","2820"
"グリーンライフ(GREEN LIFE) 物置 ベンチ サビにくい アルミ製 長物収納 軽い 雨水侵入防止 アジャスター付き 収納部耐荷重50kg 座面耐荷重100kg (幅114×奥行36.5×高さ32cm) 屋外 収納庫 大容量 収納 ベランダ 倉庫 ストッカー 屋外収納 踏み台 ステップ ガーデン アウトドア ガーデン 庭 おしゃれ ブラウン AFS-114N","10655","71","50","501","¥ 17,880","¥ 17,880","7","B01MYPXFRW","B0D1FKY2LT","118","38","13","8180"
"山善(YAMAZEN) 18V グラストリマー & ミニカルチ & ヘッジトリマー 3点セット USB Type-C充電式 2.5Ah バッテリー付き 金属刃 回転刃 ヘッジトリマー刃 ケーブル付き 草刈幅160mm 耕幅200mm 深さ80mm 刈込幅300mm ワンタッチ付替え 草刈り機 耕うん機 トリマー ELEIN CGH-1825 【18V共通バッテリーシリーズ】","10659","38","","","¥ 32,830","¥ 32,830","2","B0GQGJGCXW","B0GR48K2SY","76.7","38.4","23.2","8670"
"Yoeyang コードレス高圧洗浄機 折りたたみ式【業界最軽量660g・8.5MPa・交換式バッテリー2個・スマート恒圧制御・ぴかぴか洗浄店監修】5段階水流 PSE認証済 充電式高圧洗浄機 独自の2種ボトル対応コネクタ 加重フィルター 自吸式 5m柔軟給水ホース ペットボトル対応 持ち運び便利 水道接続不要 片手操作 洗車/キャンプ/ベランダ/網戸/年末大掃除 日本語取扱説明書 収納ケース付き","10659","14","","5","¥ 9,998","","2","B0GSG369GP","B0HGX78TXX","37.5","31.8","14.8","2720"
"バスタブ 組立不要 折りたたみ コンパクト収納 ポータブル浴槽 家庭用 大人子供兼用 簡易浴槽 （80*80*66CM）","10666","17","","8","¥ 5,034","","1","B0H2VK5LRV","B0H1SLSW34","65","35","10","3500"
"ワイドクロス アグリシート 特許取得の防草シート 1974年創業メーカーの日本製 (BB1515 (5年耐久), 1m x 50m)","41584","22","","163","¥ 12,783","","1","B0CG8K2MCH","B0CK2K56JB","102","15","15","1500"
"TRUSCO(トラスコ) エアダスター 引金式 プラグタイプ ノズル300mm TD-80B-3 × 10個 【ケース販売】","10671","40","","","¥ 28,749","¥ 28,749","1","B0C4T9R55D","B09PBNV4P4","41.6","40","8","3040"
"DURATECH コンビネーションレンチ フレックスラチェットレンチ コンビネーションスパナ 片口スパナ 首振りラチェット","10674","57","50","122","¥ 5,584","","1","B0D5XZF96M","","34.2","24.2","6.5","2260"
"カンペハピオ ペンキ 塗料 油性 つやあり シリコン樹脂 多用途 超速乾 さび止め剤入り トップガード うすねずみ色 7L 油性塗料 日本製 00017640431070","12449","46","","59","¥ 10,282","","10","B00EC46LD0","B0D6FJHGYZ","23.8","23.7","17.2","9140"
"エムシー緑化 スズメバチ駆除用スプレー ハチダウン 730ml×6本 蜂の巣退治","10692","49","50","35","¥ 12,900","","2","B00C527XW4","","34.1","23.6","15.7","4060"
"TRUSCO(トラスコ) ドリルねじナベ 板金用 ステンレス M4X30 19本入 SPJ30 x 10 パック【ケース販売】","10693","39","","204","¥ 6,411","¥ 6,411","1","B0BNKC6FGD","B09NWL13M6","27.8","15.1","6.9","698"
"Rebuild Store マキタ 18vバッテリー 互換バッテリー BL1860B マキタ 1860 マキタ18V 6.0Ah 2個セット","10698","43","50","453","¥ 15,800","","2","B07TDNQ7Y2","B07T9JZF9W","26.3","10.1","8.7","1390"
"アネックス(ANEX) トルクアダプター 電気工事用 ケース付 5本組(M3/3.5/4/5/6) ATA-S1【オーバートルク防止、トルク管理可能】ドライバー DIY 電気工事士","10703","81","50","38","¥ 12,683","¥ 12,844","22","B09RN55TYR","B09Z95Z1SR","20.6","13.6","6.7","600"
"洗車 ブロワー 強力 ブロアー 充電式 ブロワ 残量表示 PSE認定 コードレス ブロア 3000mAh大容量バッテリ一2個搭載 2種類のノズル付き エアーブロアー 高速回転 無段階変速 小型 軽量 耐久性 庭掃除/落ち葉/洗車/キーボード/パソコン/エアコン/網戸/除雪/バーベキュー マキタ18Vバッテリー対応可能 日本語取扱説明書付き（ライトグレー）","10704","46","","146","¥ 5,399","","1","B0FHK1MCR4","B0FPFQGCGH","33.4","17.7","16.6","2140"
"DAIM 土と芝の根 どめどめシートL 22cm 3m巻 6セット 花壇 ガーデンエッジ 土留め","10716","25","","430","¥ 10,770","","5","B07PV6S4Y8","B07PX9K9P3","54.2","36.7","24.2","11250"
"HiKOKI(ハイコーキ) 18V コードレスチェーンソー バーサイズ 250mm 蓄電池・充電器別売り CS1825DC(NN)","10717","68","","81","¥ 22,772","¥ 22,772","8","B0BQBKQ5JV","B0CN2Q7N5Z","36.2","24.6","24.1","3410"
"【HOVIRA】オーニングテント日除け シェード 巻き取り式 サンシェード 角度、高さの調節が可能 つっぱり日よけスクリーン 穴あけ不要 簡単設置 日除け 雨よけ UVカット (ブラウン, 2.5m)","13130","39","","31","¥ 12,236","","1","B0GX9CQBQX","B0GYQPJHV4","127","16.3","16.3","8060"
"アストロプロダクツ コンパクトツールセット ミリ (56点組) TS198 | 工具セット ツールセット 整備セット ハンドツール 自動車 バイク 整備 メンテナンス DIY入門 家庭用 エントリーモデル","10726","70","50","128","¥ 14,190","","1","B0891ZCL6Y","B0F2YNQRL9","58","37","21","14000"
"スリット鉢 スリットオアシス ホワイト 8号 受皿付 4個セット 観葉植物 陶器風 インテリア 根腐れ防止","18891","8","","3","¥ 6,768","","1","B0GVXH5421","B0D1PDST25","78","21","21","1000"
"MCSWSEE 高耐久電源延長コード 2500W対応 屋外室内兼用 防雨難燃性PVC延長ケーブル：延長コード 20m 電動工具対応 作業用照明用 家庭用商業用 コンセント増設 (イエロー,40m)","11674","1","","","¥ 6,724","","1","B0GLYNMX7H","B0GLYRC8YP","1","1","1","1000"
"マキタ(Makita) ９ｍｍ充電式ベルトサンダ 18V バッテリ・充電器・ケース別売 BS180DZ","10731","40","50","92","¥ 24,152","¥ 24,152","11","B08R7BQN7M","","35","20","14.4","1920"
"【2026新型】Avhrit 電動トリマー 木工用 充電式コードレスルーター ブラシレスモーター 6段階変速 軽量 6mmビット対応 LED ライト","10733","105","100","165","¥ 6,980","","1","B0GVHCXB3J","B0H2VXTZ6C","21","16.2","10.4","1800"
"ロブテックス(エビ) ハイブリッドモンキX 300mm グリップ UM49XD","10736","42","","126","¥ 5,000","¥ 5,000","24","B004OCSA1Q","B08TN2FS12","37","11","2","800"
"【2026新型】SEESII たかえだ電動チェーンソー 高枝切り電動バサミ ポールヘッジトリマー 電動芝生バリカン 1台8役 着脱伸縮式","10737","89","100","2243","¥ 17,800","","1","B0G1S975VT","B0GVLVXGQH","119.5","20","17.5","6700"
"パナソニック テレビドアホン あんしん応答機能 火災報知器連動 録画 録音 モニター 3.5型カラー液晶 玄関子機 露出型 広角レンズ LEDライト VL-SE35KFA","10740","78","50","78","¥ 21,200","¥ 22,142","13","B0BHHNRYRK","B0H4MGNVL3","23","15.9","8.4","970"
"ホーザン(HOZAN) 鉛フリーハンダ 鉛フリー半田 Sn-3Ag-0.5Cu 鉛フリー半田 線径0.6mmΦ 重量400g HS-312","12490","45","","73","¥ 15,829","","20","B00E36X1EY","B01NCLUZUB","5.5","5.4","5.4","418"
"【2026年最新型】 けむり当番 火災報知器 3個セット SHK484551 SHK48455K後継品 純正 Fujsitoreステッカー付","10749","83","100","183","¥ 8,480","","1","B0F4BXWQ2W","","25","15","2","315"
"DAYONE 非接触式キッチン蛇口クロム SUS304ステンレス赤外線センサー自動水栓 360°回転50CM引き出し式混合栓 3つの吐水モードタッチレス水栓 日本規格G1/2''コネクター 日本語説明書付き","10770","37","","3","¥ 9,555","","1","B0F5H7TYS2","B0CTGV4RZF","44.5","33.6","6.9","2140"
"LIXIL(リクシル) INAX エコハンドル付 ハンドシャワー付浄水器内蔵シングルレバー混合水栓 節水 RJF-1071Y 一般地用 浄水カートリッジ1本付 混合栓 水栓 キッチン水栓 水道 浄水 交換 取り付け キッチンリフォーム","10774","86","100","12","¥ 17,150","¥ 17,867","6","B0G6DX84K7","","49.6","21.8","8.9","1680"
"マキタ(Makita) 充電式スクリュードライバ(黒)18Ｖ バッテリ・充電器・ケース別売 FS600DZB","10774","44","50","259","¥ 22,421","¥ 22,421","14","B07SCKPLSV","B08W5PR7YK","28.7","17.9","9.2","1250"
"TRUSCO(トラスコ) チューブカッター (10~66mm) GFC-325N","10794","49","","111","¥ 8,371","","20","B00B4TCU4A","B0CD1L3GWL","27.9","15.4","5","822"
"プラダンのヤマコー プラダンシート 900ｘ1200 厚5mm 5枚入 (半透明)","10800","43","","69","¥ 11,756","","1","B010SD0XT6","B07D6KMM8M","123","93","4","5000"
"METALLIXITY バイメタルホールソーキット254mm 10"" M42ハイスピードスチールホールカッター 金属板 木材 プラスチック板 黒","10800","44","","136","¥ 5,440","","2","B0FHB8DDZ6","B0FN74HBZH","29.6","28.7","6","2840"
"マキタ 充電式草刈機18V 刈込幅230mm樹脂刃3枚式 ループハンドル 青 バッテリ充電器別売 MUR189DZ","10804","49","50","75","¥ 24,802","¥ 24,802","12","B07PTGHYYG","B097XN69N1","184.5","21.3","17.5","5000"
"【2026新型】SEESII 電動インパクトレンチ タイヤ交換 700N・m 強力 ブラシレスモーター 小型 ハイパワー 自動停止モード (青い)","10806","90","50","1822","¥ 7,300","","1","B0D293BP7Y","B0HCVR8BZ2","37.5","32.1","12.5","3570"
"QOLIFE チェーンソー 電動 充電式チェーンソー 6インチ 切断径150mm ブラシレスモーター 2000mAhバッテリー2個自動給油 工具不要チェーン調整 軽量 コードレス 電動ノコギリ 電池残量表示 負荷・過熱保護 軽量片手操作可 パワフル 電動のこぎり 防風ゴーグルと手袋が付属 木工切断/枝切り/庭木の剪定/竹を切る/園芸用品 日本語取扱説明書 (ライトブルー)","10810","33","50","20","¥ 5,499","","1","B0H32D1RPK","B0H337QMMM","41.1","20.4","13.7","2520"
"「 アディロンダック チェア モンブラン 1脚 」【ダークグレー】ととのい椅子 ガーデンチェア 雨ざらし リラックス","35164","25","","6","¥ 13,200","","1","B0DVLHXFNZ","B0DVLGQJVM","92","92","76",""
"HiKOKI(ハイコーキ) AC100V ディスクグラインダー G10B4 トイシ径100mm 細径Φ56mm ブレーキ付　スライドスイッチタイプ","10825","41","","12","¥ 14,552","¥ 14,552","20","B0CCRRKXVM","B0CL1XJW5S","33.3","13.5","11.4","2430"
"50W LED投光器 LED作業灯 コンセント式 2Mコード 2Pプラグ 昼光色 100V対応 IP66防水 超薄型 超曝光 防犯灯 PSE認証済み","18357","17","","101","¥ 5,999","","1","B0C23XQZ32","B0HB34NVDP","37.6","16.6","9.6","1760"
"防水シート超厚手，防水シート屋外PVC多機能防水シート，0.55mm、550g /㎡ 難燃性、 耐久性 防水 防風防塵 両面防水仕様 耐寒性 适用于屋外 カバー 庭 各種サイズあり 保護ロープ付き (6X6M,グレー)","32551","3","","7","¥ 35,800","","1","B0FS2CHXB3","B0FS1421P7","10","10","10","500"
"ハイスペック30ピース SAE & メトリック 六角キーセット ショート&ロングアーム Cr-V スチール 六角キーセット 家具アセンブリ バイク修理 家庭用DIY用 すべて折りたたみケース入り","10845","55","","1648","¥ 9,009","","2","B00NY9ITDE","B0DHGSCMJF","21.4","15.3","4.7","740"
"ハタヤ (HATAYA) コードリール 屋外用 (防雨型) 100V型 コード30m 太さ2.0㎟ 標準型 コンセント3個 コンセント防雨キャップ パイロットランプ内蔵 家庭用 工場用 建設現場 レインボーリール GE-30","10846","41","","24","¥ 15,836","¥ 15,836","14","B001HPEJ0E","B0CT5JLP53","36.4","28.5","22.3","6981"
"Kachiari(カチアリ) 充電式エアダスター KA-18 ブロワー 18V対応 本体のみ","10851","72","100","125","¥ 5,260","","1","B0FNKMJMYR","","19.6","12.7","8.4","440"
"パナソニック(Panasonic) 充電スティックインパクトドライバー 7.2V 本体のみ (電池パック/充電器/ケース別売)トルク25N・m ワイド・スポットLED搭載 EZ7521X-H グレー","10855","62","","111","¥ 19,480","¥ 20,209","19","B00SY39YDE","B0GTQ7579R","31.9","6.4","5.3","510"
"Panasonic (パナソニック) 有圧換気扇 低騒音形 排-給気兼用仕様 単相・100V FY-30GSU3","10857","85","50","169","¥ 19,857","","9","B005WO8GD2","B085LVYQ5G","42","42","24.2","7220"
"日本農薬 フェニックス顆粒水和剤 250g","10859","55","","257","¥ 5,986","¥ 5,986","5","B01DIQVYM0","B0FXDPMSCB","25.5","17.1","2.3","270"
"マキタ(Makita) 充電式草刈機 18V6Ah バッテリ・充電器付 MUR195UDRG","10860","84","100","65","¥ 55,510","¥ 55,510","12","B0CY522D9J","","175.5","25","12.5","8000"
"XPaint 初期キット グレー メディア掲載 香 トランスフォーム （マジックテープ式）職人技 Xペイント 日本製 水性 塗料 臭くない 養生なし リメイク 壁紙ペイント 誰でも簡単かべがみ補修 壁紙の上から塗れる 張替え不要 DIY塗るだけクロスの汚れ消し クロス塗装 安心安全塗料","15853","30","","37","¥ 7,490","","2","B0H3Z9ZFQM","B0G7VNFQCP","22.6","14.3","10.2","684"
"タカショー ガーデンライト ローボルト ポールライト セット ブラウン 屋外 間接照明 防水 足元灯や誘導灯として ステンレス・スチール・樹脂 LGL-S10","10868","49","","77","¥ 7,900","","4","B00IMSDO5U","B0CL5WBG7Q","32.9","12.4","8.2","966"
"【2026年改良モデル】たかえだ電動チェーンソー 6インチブラシレスチェーンソー＆ブラシレス剪定バサミ 1台4役 4.0Ah大容量バッテリー2個","10871","30","100","10","¥ 17,800","","1","B0H6HN2HNB","","60","20.5","20.5","5290"
"SEESII たかえだ 電動チェーンソー 充電式 8インチ 高枝切り ハンディソー コードレス 1台2役 自動給油 4000mAh大容量バッテリー","10898","82","100","520","¥ 11,900","","1","B0G13BL7V6","B0GXYW2VSN","124","20","14","4510"
"コクサイ 盤用マルチキー17+ 配電盤・分電盤用 17タイプ対応 吊下リング+カラビナ/ナスカン付 BMK-17+","10909","39","50","166","¥ 7,829","","2","B0DH8FFJND","B09P12JFBQ","12.5","5.2","3.1","130"
"TRUSCO(トラスコ) エコノミースプレーガン 1000ml TSEG-1000 × 30 【ケース販売】","10914","35","","55","¥ 13,758","¥ 13,758","1","B0C5D737HH","B0CGJX7JDJ","51","47","30","3000"
"ロブテックス モンキレンチ 600mm M600","10915","37","","9","¥ 16,700","¥ 16,700","25","B000TGF48S","B07WDBH25B","62","16","3.6","3460"
"TRUSCO(トラスコ) スモールベルト セラミック 10X330#C100 50本入 TSB10-C100","10917","38","","20","¥ 5,403","","20","B07N2R76G8","B09PBNBGQL","14.6","14.6","13","200"
"TSUNODA(ツノダ) LOCX 着脱式工具差し 着脱用バックル付 超硬質 作業用 電工用 VVFストリッパーケース VA線 LX-VA2B","10919","17","","1","¥ 6,358","¥ 6,878","3","B0H82DJLBC","","37","12.3","10.1","320"
"パナソニック(Panasonic) 壁うらセンサー 乾電池式 (単3乾電池2本) 内装材専用 木材・プラスチック・金属探知 下地センサー EZ3802","10925","53","50","1171","¥ 5,807","¥ 5,807","26","B000RNNTGM","","21.8","11.7","3.5","190"
"コーナン オリジナル ルーバー室外機カバー S KHT10-5526","10931","58","50","306","¥ 5,806","¥ 5,806","2","B07BL2YJGC","","84.3","66.6","9.7","6900"
"アイウィス(IWISS) フェルール用圧着ペンチ 0.25-6.0mm2 HSC8 6-4F ワイヤーエンドスリーブ用棒端子 端子セット品 フェルールセット (フェルール端子セット)","10934","34","","334","¥ 7,011","","1","B07LCF39W9","B0C7CTTJ5G","20.6","10.1","5.1","581"
"WORKPROX 20V ピンク コードレス芝生バリカン","10935","32","","27","¥ 26,623","","21","B0FT6MZST2","B0H2M691ZH","44","19.8","12.2","2957"
"京セラ(Kyocera) 旧リョービ リチウムイオン電池パック 18V 1500mAh B-1815LA 64000701 ブラック【18V充電工具用】 電池容量:1500mAh(1.5Ah)","10937","97","50","134","¥ 10,528","¥ 10,528","12","B08G7KNH32","B0CWNYLD2T","21.5","18","11.3","400"
"マキタ(Makita) ３５ミリ充電式面木釘打 18V バッテリ・充電器別売 ケース付 FN350DZK","10940","48","50","248","¥ 37,214","¥ 37,214","14","B07SWZDPPY","","48.4","34.6","13.8","3840"
"玄関カーテン 玄関用網戸 260 x 245 cm マグネット式 網戸 ドア用網戸 ドアカーテン 蚊帳 虫除け 蚊取り エコ 節電 取付簡単 ドア/ベランダ/玄関/勝手口【夏-冬役分】 ブラック","35856","2","","99","¥ 6,799","","1","B0BZ47V8KP","B0BZ4DLXML","40","35","7.3","1000"
"日本ペイント 水性 エコフラット60 ツヤ消し 白 20kg","15232","37","","121","¥ 7,900","","4","B00EYRSKOI","","34.9","23.8","23.8","16000"
"アイホン インターホン ドアホン AC電源 直結式 防雨型 IPX3相当 壁取付型 TCS-1A-T","10944","66","50","275","¥ 9,500","","9","B007VIY8FW","B0CGCDLH33","25.2","12.5","10.9","840"
"セフティー3(Safety-3) 散水ホース サラッと耐寒・耐圧・防藻ホース 内径15mm 長さ30m ブルー SSH-30BL 日本製","10948","45","","65","¥ 7,035","¥ 7,035","11","B07233DC94","B0D78W9NRQ","36","36","17","5025"
"パナソニック(Panasonic) 小形漏電ブレーカ 2P1E O.C付 20A 10mA BJS2011N","13141","30","","","¥ 5,535","¥ 5,535","4","B00KNSPX6A","B0CCSCRRDP","7.3","5.4","3.6","100"
"フロアタイル 置くだけ 大理石 45.7X45.7cm 75枚入り/ 約9.6畳 フロアシート フローリングタイル 厚手1.8mm 接着剤不要 貼り付け簡単 フローリングシート DIY クッションフロア 防水 床暖房対応 玄関 床 張り替え リメイク シート 初心者OK ペット対応（59）","14268","10","","18","¥ 21,209","","1","B0G6K1Z499","B0F4N1GN8J","45.7","45.7","15.4",""
"LIBRATON 電動ドリルドライバー用ソケット 54点セット ソケットビットセット 電動ドライバービット ソケットアダプター ビットホルダー","10966","56","50","990","¥ 5,499","","1","B0D2HFT357","","28.1","20.3","7.4","1778"
"天然砥石 山城銘砥 銘入りこっぱ砥石 387g 京都梅ケ畑産 奥殿 中山 大突 菖蒲谷 等の正本山鍛落挽落 旧大洲藩営唐川村山産伊予銘砥付き 携行 アウトドア用 肥後守10本函入り 総重量775g 1190","13251","7","","3","¥ 8,000","","1","B07FQ8RBBJ","B01H6DMU06","11.2","7.3","2.5","260"
"エジソンスマート ダクトレール用の見守りカメラ CUBE ダクトレール変換プラグセット (ブラック) Alexa対応 双方向音声 モーション検知 録画機能あり 防犯カメラ ペットカメラ 屋内カメラ DWC-CUBEBK/DWC-TT001BLK","10979","57","50","45","¥ 10,296","¥ 10,296","1","B0BTT2NYFB","B0D981HK1Y","15.9","15.2","9.4","470"
"SK11(エスケー11) 整備工具セット 133点組 ブラック 各種メンテナンス対応 SST-16133BK","10983","42","","325","¥ 54,360","¥ 54,360","4","B01IQUVPYU","B0CQM53MKG","63","33","32.3","23470"
"ナチ(NACHI) 丸軸 鉄工用ドリル 10本セット プラスチックケース入り アソート 鉄工ドリル NDS-10","10986","24","","1","¥ 5,554","¥ 5,554","2","B000TGLQJO","B07XSST4FK","17.4","9.1","1.7","132"
"シンワ測定(Shinwa Sokutei) 普及ノギス 1000mm 19922","11000","72","","600","¥ 75,370","¥ 75,370","22","B0772PMKJ4","B0C7V3C6NB","127","30","5","4500"
"マキタ(Makita) 充電式草刈機 40Vmax 4Ah バッテリ・充電器付 MUR001GRM","11001","49","50","73","¥ 57,900","¥ 57,900","7","B097R5HDRG","","185","22","18","8600"
"RJTEK MC4 ソーラーケーブル 4sq/11AWG 最大電流約47A 最大電圧1500V DC 両端MC4コネクタ付き ソーラーパネル接続用 2本セット (赤20m+黒20m)","11007","32","","7","¥ 6,798","","1","B0DHL8D32M","B0HFVWB5CG","27.9","26.6","10.5","2310"
"TOTO 洗面所水栓 台付2穴・エコシングル ポップアップ式(取替用) シルバー 27.5×7.5×36.6cm TLHG30AER","11023","42","","119","¥ 15,414","¥ 15,414","8","B07T488Y2Y","B08WQH624W","24.8","20.4","18.2","2260"
"ENVENTOR ラチェットレンチセット 首振り 14本組 6～19mm 72ギア コンビネーションレンチ 収納ロールポーチ付き","11029","49","50","963","¥ 5,359","","1","B0C2P6JYM3","B0BWRWGJQM","33.1","12.9","6.7","2450"
"TRUSCO(トラスコ) スパイラルチューブ10m 結束径6.0~30.0 青 TSP8B x 10 巻【ケース販売】","11036","38","","117","¥ 7,240","¥ 7,240","1","B0BBQ99DCQ","B09NXWHZLJ","106.7","66.7","10","1860"
"ホーザン(HOZAN) Vブロック K-53","11039","54","","5","¥ 11,845","¥ 11,845","17","B005KZ3A5W","B07QYVTKR6","12.8","9","5.5","822"
"単独・小型合併浄化槽用ブロア メドーブロワ LA-60E 日東工器","11041","37","50","314","¥ 18,050","","9","B06X9RTZBX","","36.2","24.9","21.2","5770"
"Kebtek 2025年新型【業界初回路板高密封TPE設計・プログレッシブ機能】切断径30mm 電動剪定バサミ 引金連動 カバー80％シリコン保護","11051","49","50","45","¥ 20,999","","1","B0FB3FV7JN","","35.8","25.7","8.7","2420"
"SK11(エスケー11) ガレージバイス 回転台付き 100ｍｍ","11056","38","","204","¥ 6,646","¥ 6,646","12","B002NAN17O","B078N6LD26","28.1","16.5","13.6","6970"
"BreeRainz 換気扇 150mm 金属製 大風量 ダクトファン 家庭用 480m³/h","11057","39","50","11","¥ 5,396","","1","B0FY66VK6Y","B0FY5ZRBQR","33.1","20.9","20.1","1960"
"シンワ測定(Shinwa Sokutei) ブルーレベル Basic 1800mm 73457","11057","68","","308","¥ 5,293","¥ 5,919","25","B07P5N25XS","B07PKYN7S6","180","5.2","2","870"
"YESKAMOO 防犯カメラ ワイヤレス 屋外 10インチ薄型モニター付き モニターからカメラ通話可能 500万画素 PTZ 2台セット 自動追尾","11091","50","50","35","¥ 31,998","","2","B0F2FSQTH3","B0FJ2HQYQ7","36.9","30.3","19.4","2660"
"Ｗｅｒａ ８８９／４／１Ｆ ラチェット機能付ビットホルダー","11100","39","","4849","¥ 9,118","¥ 9,118","26","B08H2853C3","B0DK4LW6MQ","14.8","2.5","1.7","40"
"25点1人用女性用防災基本 防災セット 避難 地震対策 保存食 非常用トイレ 保存食 保存水 水袋 口腔ケア ライト 防災グッズ (ピンク)","11100","25","","23","¥ 7,480","","1","B0D6FWGN8R","B0D6G2DMFN","35","25","15","3200"
"タキロン レジコン耐圧蓋 350 350J 294690","11107","79","","499","¥ 10,242","","11","B01B11GK4Q","B0BP6K1KKT","39","39","4","5000"
"大阪ガスケミカル 木部保護塗料 キシラデコール #111 ウォルナット 4L","11108","72","100","467","¥ 9,080","¥ 9,891","15","B00DCI66JG","","28.7","16.8","10.3","3860"
"GOAL(ゴール) 鍵 AD 交換用 V18ディンプルシリンダー 錠 ロック 自分で 取替え GCY-224 シルバー キー3本 交換手順書付 GD GG GK GGP GGX GKS TDD","11113","45","","12","¥ 9,480","","1","B0B6ZYW6Q8","B0B73TXT16","17.8","17.8","8.9","280"
"TRUSCO(トラスコ) ベルトポンチ 45mm TPO-450","13344","17","","129","¥ 7,164","¥ 7,164","22","B002A5XVS6","B0CB4VY31K","15.2","6.5","6","1100"
"【2026強化版 レーザー付き】SEESII 充電式 丸のこ 165mm 電動マルノコ 高速切断 ブレーキ付き 高精度 集塵ノズルあり","11131","42","50","8","¥ 10,800","","1","B0GR9RW6B2","","38.4","30.7","20.3","3480"
"TOP・STAR 実用新案登録 スチール製 排気ルーバー方向調整 ルーバー調整可能 室外機カバー (ライトグレー)","11131","9","","59","¥ 7,581","","1","B0DHMZM49F","B0DHMTT345","240","101.6","29.2","8500"
"パナソニック電工配線器具(Panasonic) 浴室(換気扇)タイマスイッチセット WTP53916WP","11132","90","100","2527","¥ 6,080","¥ 6,178","20","B00569NMAU","B07KKGH6NF","17.9","9.2","4.8","150"
"東芝 DVF-T10CB ムーンホワイト [ダクト用換気扇]","11137","40","50","534","¥ 8,300","","6","B017BADDKU","","29","26.5","24","1960"
"KINGMAX ハンディチェーンソー マキタ18V互換 充電式チェーンソー 電動のこぎり 150mm 剪定 軽量 バッテリー・充電器付 KHS18B","11142","35","","26","¥ 6,099","","1","B0F9YJNQHH","B0GVZPQT3G","39.4","15","12","2000"
"YOIbuy PRO インパクトレンチ 充電式 ブラシレスモータ搭載 Max締付けトルク500Nm 正逆転のオートストップモード搭載 1/2インチ角ドライブ 4段速度調整 LEDライトモードあり マキタ 18V 互換 【本体のみ】 バッテリー・充電器別売り YTW50-P11 (黄色)","11143","44","","121","¥ 7,799","","1","B0FXXYM26R","B0FXXX6X6V","27.9","18","9.9","1930"
"[ネセクト] ツールセット 工具セット 全79種類 貫通ドライバー&絶縁ドライバー搭載フルセット[日本国内企画品]","11148","81","100","137","¥ 7,900","","1","B0CR1CFBLF","B0H4ZB7GGF","44.2","31.5","9.5","5650"
"新富士バーナー(Shinfuji Burner) 草焼バーナーPro メガ 【除草・解氷・害虫駆除】【長時間使用可能モデル】【灯油・タンク式】 KB-310","11164","42","","460","¥ 40,210","","14","B08F1Y7WZ1","B0GQS2SHBL","125","28","20","3650"
"YESHMA トラック工具箱 アルミボックス ツールボックス 121*39*39cm 軽トラ 荷台 収納ボックス 軽トラックベッド 道具箱 収納箱 取っ手 ロック金具付き ブラック","11165","28","","137","¥ 23,530","","1","B0BN5ZSK8F","B0BNL18CFB","101","37","27","8290"
"【補修プラグ付き&安さより品質で選ぶ人へ】WOLFBOX 電動空気入れ エアポンプ 車・自転車・バイク対応 最大150PSI 70秒急速充填 自動停止","11165","13","","46","¥ 6,080","","1","B0GXDKJJV9","B0H6HKZGFQ","18.5","11.2","6","630"
"アサヒペン 水性フローリング・床用ニス 1.6L 半ツヤ 透明 1回塗り塗料 ペンキ 低臭 湯水に強い 耐摩耗性 耐衝撃性 シックハウス対策品 屋内用 日本製","11169","40","","18","¥ 5,694","¥ 5,694","17","B09C15SLL4","B0CNJZTTH4","16.2","15","14.9","1960"
"美和ロック(MIWA) JN ディンプル シリンダー 錠 PMK 75PM 鍵 交換 取替え 玄関ドア キー3本 MCY-176 シルバー(ST色) 交換手順書付","11182","29","","9","¥ 10,980","","1","B0CP1M2B81","B0CP2JSGWG","18.5","14.7","5.6","250"
"Nurisi 一体型 自動水栓 センサー水栓 単水栓 タッチレス 自動赤外線検知 寒冷地対応 余分な外部アクセサリがない 非接触式 洗面蛇口 電池式（バッテリーを含まなく、別途購入する必要があります）GY8813(単水栓)","11186","41","50","383","¥ 8,800","","1","B07TTGXYYF","B07W6H2HKQ","26.7","18.8","10.7","1300"
"山善(YAMAZEN) ロータリー式芝刈機 金属8枚刃 刈込幅200mm 刈込高さ8段階調節 10m延長コード付き YDR-201","11192","47","50","68","¥ 13,281","","3","B079WVFJLM","","66.2","36","21.9","9040"
"[エアークラフト] BURTLE バートル 24V AC09 2025年モデル 空調作業服用 長袖ブルゾン 半袖ブルゾン等対応 暑さ対策 アウトドア スポーツ観戦 夏フェス (【 バッテリー 】 マットブラック【 ファン 】 ブラック)","11199","31","50","25","¥ 18,300","","1","B0F4QY8MK9","B0F4QV1WV9","24.5","12.7","11","850"
"【800万画素対応・信号強化】Logisaf 防犯カメラ 屋外 2台 モニター付き ワイヤレス 120°広角 AI人体検知 夜間カラー撮影","11203","89","50","85","¥ 22,800","","1","B0DTH9JVYM","","28.5","27.2","15.4","1830"
"【2026アップグレード】電動ポリッシャー 車 コードレス 21V 2000mAh*2 8段変速 LED残量表示 2800-6000RPM 150mm対応 ダブルアクションポリッシャー 充電式 小型 強力 偏心構造 研磨機 ワックス 鏡面磨き 傷消し ダブルアクション 車両メンテナンス 洗車用 軽量 日本語説明書付き Polisher PSE認証済み (ブルー, 21V)","11206","66","50","55","¥ 6,061","","1","B0FM871S4V","B0GX5PJ87Y","31.4","19.5","19.4","2400"
"【複数投函可能/大容量】 VARNIC 宅配ボックス 組み立て不要 宅配BOX 防水 屋外 大容量 置き配 宅配便ボックス 大型 戸建て用","11218","71","","438","¥ 16,579","","1","B0CXPN72DQ","B0CXPTGSBW","86.3","45.5","40.7","18320"
"高儀 手動芝刈機 刈込幅300mm 刈込高さ4段階調整 5枚刃リール 簡単組み立て 工具不要 MLM-120","11221","79","100","200","¥ 8,671","¥ 8,671","9","B00QQ2JE94","B0H6J67B34","49","39","24","7600"
"YOIbuy PRO 充電式 グルーガン コードレス マキタ 18V 互換 ホットメルト接着剤ガン 11mmスティック用 100～200℃温度調整可能 温度設定液晶ディスプレー付き 自動電源OFF機能付き 大吐出量 調整可能 本体のみ（バッテリー・充電器別売り）YGL-P200","11225","39","50","28","¥ 5,699","","1","B0GYP9C62X","","25.4","22.3","8.6","590"
"TengHutt BL1860 互換マキタ 18V バッテリー 6000mAh 2個セット スマートBMS保護基板搭載","11226","42","50","787","¥ 5,459","","1","B0882ZRTHZ","","29","9.8","9.2","1320"
"ホーザン(HOZAN) 電気工事士技能試験工具セット 基本工具のセット DK-29 ハンドブック付","11226","78","","157","¥ 12,221","¥ 12,221","20","B079JHVT67","B0CYQ93TBY","31","18.2","6.6","1300"
"Webirth 【ペグ増量でしっかり固定！！】 ガーデンエッジ 3つの高さ（5-15センチ） 4つのカラー ブラック グリーン ブラウン グレー 花壇フェンス 5m 10m 裁断可能 ガーデニング DIY 土と芝の根 庭造り 造園 手入れ 間仕切り 設置簡単 (ブラウン, 高さ15センチ×10メートル)","14942","19","","71","¥ 6,280","","1","B0DT4Q47YZ","B0DT4PTMFB","40.3","33.1","20.1","4930"
"プロマート(PROMART) メガライン2倍速 50m MLN50","11230","39","","103","¥ 6,100","¥ 6,100","30","B001WHHJUO","B088F11FWX","42.5","17","10","970"
"【2026新型】SEESII 8 インチたかえだ電動チェーンソー ポールヘッジトリマー 電動芝生バリカン 1台6役","11241","81","","24","¥ 14,800","","1","B0G2S51Y28","","120","20","18","6900"
"Boetpcr 互換 マキタ 18v バッテリー 充電器セット BL1860B 6000mAh容量 2個 マキタ 充電器 液晶パネル DC18RF付き BL1815N BL1830B BL1860Bなどに互換可能 LEDランプ残量表示 電動工具用 BMS基板搭載 長寿命セル採用 高耐久性 CE PSEマーク認証取得済み","11256","9","","129","¥ 8,780","","1","B0G6YXCM83","B0H5LDHTR3","26.1","19.7","9.7","1850"
"【2026新型】SEESII デジタルトルクレンチ 60N・m 高精度 トルクレンチ 差込角3/8""（9.5mm） 1/4""変換アダプター 2モード 4単位 バイクなどのタイヤ交換 ボルト・ナットの締付けトルク値の測定 自転車 家電製品 DIY 日本語説明書付き","11264","10","","17","¥ 7,799","","1","B0GVMWQXG6","B0HFZ7NVC1","37","14.4","7.2","1480"
"京セラ(Kyocera) 旧リョービ 充電式ハンディチェンソー BHCS-1810L1 663400A 【庭木の剪定を素早く手軽に】 片手で使える 滑らかな切れ味の薄刃ソーチェン採用 コードレス 持ち手を守るハンドガード チェンスピード10m/s ガイドバー長さ100mm リチウムイオン18V 充電時間69分","11267","40","","31","¥ 18,000","","15","B0CRYJC28M","B0DG5DF42N","42.3","23.2","14.7","2490"
"マキタ(Makita) ジグソー 4327","11279","60","50","251","¥ 9,309","¥ 9,309","12","B0013486VC","B07Y3B6C1M","29.7","23.4","8.6","2450"
"SK11(エスケー11) ツールワゴン&パーツストッカーセット 上段テーブル型 3段 耐荷重30kg 小型 外寸W490×D295×H755mm キャスター付き 日本製 STW-T490PS","11280","40","","9","¥ 5,696","¥ 5,696","6","B0F8QMJ2MR","B0F9DRF6RR","49.3","32.3","31.5","4660"
"Kareyou小型インバーター発電機 定格出力3.0KW ガソリン発電機 超低騒音マーク付き 発電機インバーター静音 正弦波 防音型 出力ランプ表示 軽量21.3KG 高出力 静音 家庭用 ガソリン ポータブル 並列運転 50Hz/60Hz切替 過負荷保護 オイル不足警告 キャンプ DIY キッチンカー 移動販売 イベント 建設作業 災害時に大活躍 KEH3000i","11287","38","","71","¥ 69,900","","1","B0FXLLC3FY","B0GWQZNJ4B","50","50","30.5","23000"
"ブラックアンドデッカー(BLACK+DECKER) リチウムイオン バッテリー 電動工具 パーツ アクセサリ 電池 蓄電池 18V 2.0Ah 【日本正規代理店品】 BL2018","11290","48","50","353","¥ 6,460","¥ 6,460","13","B00SR7UJDQ","B093L3LTKJ","21","18","11","410"
"NANWEI 電動カッター 小型 2000mAh ダンボールカッター 厚手・薄手生地用2種類の刃 Type‑C充電式 段ボール・布・革・カーペット対応","11476","2","","22","¥ 5,780","","1","B0H995SCRF","B0H55L7NWC","25.9","12.5","5.7","550"
"コードレス チェーンソー 電動 強力 充電式チェーンソー 12インチ ブラシレスモーター マキタ18Vバッテリー対応可能 4.0Ah大容量バッテリー2個搭載 庭木の剪定 伐採 電動ノコギリ チェインそー 切断径350mm 給油可能 電動ちぇーんそー 充電式 家庭用 高速切断 低振動 エンジン ポータブル 枝切り薪作り 園芸設備 操作便利 収納箱付き 日本語取扱説明書 (ブルー)","11297","69","100","91","¥ 9,022","","2","B0F6N6Z74S","B0H1L9GL88","38.3","25.6","18.8","4520"
"【Amazon.co.jp限定】 HiKOKI(ハイコーキ) 18V 充電式 ディスクグラインダー G18DSL2 トイシ径100mm スライドスイッチ 初回修理保証(1年間)付 バッテリー・充電器・ケース・トイシ別売 G18DSL2(NNN)","11300","57","100","15","¥ 13,900","¥ 13,900","1","B0GRZL2HSY","B0HDCTW9KC","31.2","14.4","12.4","1640"
"サイクルハウス 替えカバー付き 5台用 4台用 3台用 簡易ガレージ 自転車置き場 バイク置場 物置 屋外 カバー 収納 アルミ L","13773","31","","","¥ 23,490","","1","B0F622SLRH","B0F621648C","109","33","16",""
"【2026強化版 レーザー付き】SEESII 充電式 丸のこ 165mm 電動マルノコ 高速切断 2個4000mAhバッテリー ブレーキ付き 高精度","11306","35","50","5","¥ 11,800","","1","B0GR9N39FP","","37.9","24.3","20","5120"
"京セラ(Kyocera) 旧リョービ プロ用 ホットエアガン AHAG1551 697950A ブラック 【強力熱風でビニールシート・カーペットの剥がしから塩ビパイプの曲げ加工まで様々な用途に対応】 温度調節機能 熱風温度50~550℃ 風量250・500L/min ノズル4種類 スクレーパー2種類","11316","61","50","50","¥ 7,407","¥ 7,407","22","B09R3N5ZXK","B0B54D4JGX","34","27.8","10.2","2040"
"JESIMAIK インバーター発電機 JM4200iS ガソリン発電機 定格4000W (セルスターター機能/正弦波/AC 3ポート) 静音設計 過負荷・オイル不足保護 50Hz/60Hz切替 リコイル式 長時間運転 大径車輪付き 収納型ハンドル 建築現場 キッチンカー イベント 業務用発電機 防災対策 業務/非常時発電機","11332","39","","42","¥ 109,900","","1","B0GR85FTB6","B0GWHV71QY","56","51","38","32000"
"LPYROSE 洗濯機ラック キャスター付き かさ上げ台 耐荷重500kg 4輪 防振パッド付き 減音防振 冷蔵庫置き台 家具移動用 360度回転キャスター 高さ調節可能 伸縮式・昇降可能 洗濯機台 ドラム式/パルセーター/冷蔵庫対応 ユニバーサルラック (ホワイト,長さ60cm)","11920","1","","","¥ 7,795","","1","B0GR8R2MYP","B0GR8XBL6Q","59","25","4.5","2500"
"MJJC 最新強化版 フォームキャノンS 泡洗車 フォームガン HIDAKA HK-1890に対応 高圧洗浄機用 スノーフォームランス (ヒダカHK-1890用(フォームキャノンS))","11338","29","","19","¥ 6,880","","1","B099PDX25H","B07TK15Y77","24.6","12.8","10","760"
"京セラ(Kyocera) 旧リョービ プロ用 ポリッシャー APE201 646750A ブラック 【高い研磨力で車両の傷取りや塗装後の肌調整が短時間でできる】 回転数無段変速(600~2,000min-1) 電源コード5m 負荷をかけても回転数が落ちないフィードバック機構","11343","44","50","67","¥ 20,118","¥ 20,118","21","B09R44QJR6","B0C4T1MDJ3","36.3","22.5","13.9","3060"
"【2026新登場】 オーニング オーニングテント 伸縮タイプ 日よけ 巻き取り式 サンシェード ひさし 紫外線 UV カット クールサマーオーニング 角度 高さの調節が可能 簡単設置 安心の (ホワイトのポールレッドの布, 250cm)","16632","16","","155","¥ 13,880","","1","B0G4TNHZND","B0DSD8GPCQ","121","16","15","7010"
"山真製鋸(Y'sGOD JAPAN) キングタイガー 305x100P MAT-KT-305S","11353","59","","338","¥ 7,810","¥ 7,810","6","B00ESUMPSS","B078SDNH8F","36.3","34.3","1.4","1452"
"Bosch DIY(ボッシュ) 3.6Vコードレスタッカー(Micro-USB充電コード(100Vプラグ無し)1個、11.4mmx8mmステープル1000本 付) PTK3.6LIN","11358","44","50","399","¥ 6,940","¥ 6,940","3","B08Z8F6LPP","","27.6","20.9","6.7","1210"
"TP-Link VIGI 8チャンネル ネットワークビデオレコーダー NVR1008H-8P","11366","41","","70","¥ 23,900","¥ 24,141","6","B0C53RRCW8","B09SPYV7JT","40.1","25","8.2","2120"
"TUIYIDUO ガーデンフェンス アイアンフェンス 4枚セット トレリス つる植物用 屋外庭園 ブラック","11374","30","","17","¥ 10,200","","1","B0FR58QFLM","B0H8D1L7Q5","96","54","10","9000"
"Huepar M-9011G 2ライン グリーン クロスラインレーザー墨出し器 自動補正 傾斜モード 高輝度 ライン出射角110° ミニ型 操作簡単","12849","46","","486","¥ 6,450","","1","B07BFWTPL9","B0FNN555CK","13.6","12.9","8.4","440"
"SK11(エスケー11) 木工用テーブルソー STS-255ET","11381","84","50","825","¥ 28,748","¥ 28,748","20","B07GSL4BTG","B0CKVLJ26W","78","69","35.5","23160"
"ムサシ(MUSASHI) 7.5W×4灯スライド型ソーラーセンサーライト ソーラー充電 省エネ 節電 屋外 防水 人感センサー 調光機能 フラッシュ発光 高輝度2400ルーメン S-400L","11383","63","","40","¥ 8,800","¥ 8,887","25","B0CJX5QT3D","B0CJXPF5PQ","18.8","18.6","15.2","1100"
"ナニワ研磨工業 青砥石 #2000 IR-0260","11384","36","","518","¥ 7,320","¥ 7,495","17","B001O2O9D2","B0DKNF4SBN","24.8","9.1","7","1819"
"FieldNew 複合ガス測定器(CO/H2S/LEL/O2)【日本製センサー/製品検査報告書付】Ex ibllB T3 GB 防爆/IP65防塵防水 3重警報｜日本語説明書/動画解説/保証書付｜一酸化炭素/硫化水素/可燃性ガス/酸素 ガス漏れ警報器 検知器〈キャンプ 車中泊 温泉〉","11390","39","","42","¥ 12,132","","1","B0FQSMQDKR","","24.5","19.4","5.9","430"
"アイガーデン アイウッドデッキ ステップ 踏み台 ダークブラウン 幅90cm アイウッド人工木 樹脂製 置くだけ (人工1s90db)","11397","41","","45","¥ 6,631","","1","B00AX0R89S","B0D5LNR15C","92","29","14","7000"
"VANKO 互換 ハイコーキ 18v バッテリー BSL1860 6.0Ah大容量 2個 日立 ハイコーキ バッテリー 18v BSL1815 BSL1830 BSL1850 BSL1860などに互換可能 LED残量表示 長寿命セル採用 全保護基板搭載 高耐久性 PSE CEマーク認定済み PL保険付","11401","24","50","23","¥ 5,980","","1","B0FL27JNM5","B0G6B58H71","18.1","13.1","8.7","1240"
"MEIKEE 42W RGBライト 2本セット 投光器 フラッドライト 高輝度 マルチカラー 調光調色 リモコン付き 室内装飾 ウォールウォッシャー 屋外看板灯 演奏舞台 雰囲気 IP66防雨型 水槽 誕生日パーティー飾りライト 学園祭 クリスマス ハロウィン電飾","11417","30","","30","¥ 5,508","","1","B0CX1P5M8M","","42.4","11.5","5.7","1100"
"バスタ液剤 5L＋500mlセット 除草剤 BASFジャパン","11424","33","50","10","¥ 14,899","","1","B0H82DK7FV","","30","20","15","5500"
"業界超強50V ファンバッテリーセット ペルチェ冷却 39900mAh大容量バッテリー 空調作業服対応 小型 大容量 6段階風量調節 静音 高出力 熱中症対策 PSE認証済み","11428","6","","335","¥ 8,980","","1","B0H124DHFY","B0H6FDHRD9","27.3","21.4","5.9","1150"
"HAIGE(ハイガー) 全自動ロボット芝刈り機 カルン 300平米対応 傾斜走行 ホワイト HG-RMA302 (ルーフ付)","11430","42","","1","¥ 63,800","","1","B0H2YKZ1NB","B0D6MWTDR9","60","43","25","10000"
"防犯カメラ 屋外 500万画素 13型液晶モニター付き 2台 家庭用 無線 監視カメラ wifi","11436","42","50","381","¥ 34,990","","1","B093CZ82Y1","","33.8","29.2","19.2","3560"
"【純正品】ケルヒャー(Karcher) サイクロンジェットノズル 2.642-727.0","11437","52","100","1509","¥ 5,518","¥ 5,518","8","B01N1YCAX1","B0DMSNVD28","49.7","10.8","4.4","190"
"HiKOKI(ハイコーキ) リチウムイオン電池 7.2V 1.5Ah BCL715","11442","49","","79","¥ 5,491","¥ 5,491","17","B00EL6NLPA","B06XHB3QVS","11.3","5.8","4.2","130"
"バルコニー目隠しシェード 日よけシート 2x4M ポリエステル 日よけシート 撥水シェード 結束バンド 付属 撥水PA塗装加工 遮光 ベランダ廊下/庭下/庭先用, クリーム色, 21996","18325","18","","424","¥ 7,705","","1","B09Z34FRXN","B09Z34HDFZ","40","30","5","1680"
"東プレ ミラーキャビネット収納 縦45.8×横32×奥行10.5cm ホワイト T-3246(下棚なし)","11451","42","","425","¥ 7,800","¥ 8,042","8","B002VUW9WO","B09HCMVJQL","50.4","36.6","13.8","2921"
"フジクリーンMX80N","11453","46","50","309","¥ 38,250","","9","B00AHTYI7K","","36.8","25.6","22.4","8480"
"KVK シングルレバー式シャワー付混合栓 KM5021TEC","11454","45","50","179","¥ 23,800","¥ 27,534","23","B00ADX6JFE","B092MTN4P8","53","35.5","7","2703"
"ハート(Heart) ゴーオン 5L 除草剤 グルホシネート 液剤 原液 ジェネリック 頑固な雑草 スズナ オヒシバ 宅地 駐車場 太陽光 のり面","11459","70","50","75","¥ 9,900","","3","B099DL7C8Z","B0CYSWNZJJ","28.6","18.4","13.8","5770"
"ASQUAR ガーデンベンチ 屋外用 木製ベンチ 150cm 耐荷重400kg 無垢材 高さ45 金属ブラケット 耐久性 防水性 防錆 耐候性 防蝕 パーク ビーチ/公園/庭園/芝生用 縁台 屋外 ベンチ 組み立て簡単(150x39x45CM)","11467","43","","33","¥ 16,832","","2","B0DNZT7CH9","B0DNZRGGFS","155","41","13","13000"
"ガーデンマスター(Gardenmaster) 折りたたみ縁台 幅120×奥行36×高さ40cm ガーデンベンチ ガーデンチェア ベランダ バルコニー 軽量 踏み台 玄関台 お庭 ガーデンマスター ダークブラウン OLE-120","11468","69","","392","¥ 9,768","¥ 9,768","2","B00DIXBCBC","B07GT6P47C","124","38","9","5860"
"マキタ 18V インパクトドライバー TD173DZO オリーブ 本体のみ＋専用収納ケース ＊バッテリー充電器別売","11470","36","","40","¥ 19,400","","7","B0BZ85L251","","35.9","30.5","12.4","2480"
"Wera(ヴェラ) 05006381001 | 162 i PH/S 電気工事用 絶縁プラスマイナスドライバー 【日本正規輸入品】","11470","39","","38","¥ 5,228","","2","B0036DF2KG","B0DK4S2XGZ","23.8","10","3.4","90"
"TOTO 開閉バルブ部 TH577-4","11485","44","","1","¥ 6,148","","1","B079DCW5JM","B08WQFSLCP","14.4","6.6","5.8","100"
"タジマ(Tajima) エンジニヤ ポケット 幅10mm 長さ30m 張力20N EPK-30BL","11486","52","","101","¥ 5,282","¥ 5,282","33","B0016VEFKI","B078KBNPFL","16.5","13.8","3.2","450"
"フローバル ブッシング(SCS13A) 04102034 VBU2420","19378","7","","44","¥ 5,277","¥ 4,437","4","B017FLAL7I","B07D767R2V","10","10","10","1000"
"グリーンライフ 物置 収納庫 屋外 小型【日本製】 ハーフ棚板2枚・鍵付き・扉式(幅60×奥行47×高さ102cm)ライトグレー 錆に強い 調整可能な可動棚 TBJ-102HT","11487","76","","443","¥ 17,620","¥ 18,990","9","B008EOMK2U","B0CQ7H8PPZ","103.1","60.6","17.9","19441"
"キング砥石 キング ハイパー 標準 粒度1000 中仕上げ用","11498","39","","40","¥ 5,478","¥ 5,478","9","B00149DI2I","B0DRJ66LTJ","23.3","8.3","4.4","1030"
"LIXIL(リクシル) シャワーホース A-7227-16","11499","42","","313","¥ 10,512","","4","B01N75XR99","","29.6","22.8","4.3","340"
"Fanttik C8 Nano 電動カッター 3段変速 コードレス 電動ハサミ LED表示 段ボール切断","11500","39","50","1317","¥ 6,999","","1","B0DGQ6QJ59","B0DJHM9RJJ","22.8","17.7","6.7","670"
"【2026新型】KIMO 電動インパクトレンチ 一台３役 コードレスインパクトレンチ+電動ドリル セット+電動ドライバー 20V 4000mAhバッテリー 急速充電器搭載 高トルク550N·m 無断変速 自動停止モード タイヤ交換 インパクト ソケット7本 正逆切替 LEDライト付き 強力電動レンチ インパクトドリル 電動工具 ナットの締め付け ボルトの緩み 過負荷・過熱・放電保護 PSE認証済","11512","88","50","608","¥ 7,992","¥ 7,992","2","B0BY93LLQH","B0HCZ56LYW","28.5","18.2","18.1","2730"
"ＴＲＵＳＣＯ ウレタンゴムパイプ外径φ５０内径φ１３．０長さ５００","11513","25","","1","¥ 8,691","¥ 8,691","15","B002A5XTYW","B09PBN9SMH","52","5","5","1090"
"ベアリングプーラー 内径用 13点セット スライドハンマー付き 8〜29mm対応 ブラインドホール用 二爪プーラー一体型 ベアリング抜き取り工具 車・バイク整備 収納ケース付","11525","36","50","10","¥ 5,499","","1","B0GYRGWS8B","","37","20.4","7.4","2750"
"TRUSCO(トラスコ) 両口フレアーナットレンチ14mmX17mm TFW-1417 × 10丁 【ケース販売】","15615","43","","137","¥ 12,118","¥ 12,118","1","B0C4TJYN4Y","B09PBMB2X3","23","15.5","3.8","2000"
"TOTO 浴室用壁付サーモスタット混合水栓 シャワーなし シルバー 170mm 寒冷地用 TBV03421ZA","11529","43","","11","¥ 17,794","¥ 17,794","6","B0BNHW4SNZ","B0CTTC6XYK","36","22","11.7","2640"
"シンワ測定(Shinwa Sokutei) ポール標尺 アルミ製 50ｃｍ 巾60㎜ 伸縮式2ｍ2段 76937","11533","38","","1","¥ 5,980","¥ 6,883","23","B09TN7QHCW","B0B3QCFD24","128","15","7","900"
"【2026 新型】SEESII 充電式ヘッジトリマー ポールヘッジトリマー 1台2役 たかえだ充電式剪定トリマー 刈幅510mm","11538","44","100","105","¥ 13,800","","1","B0H692QXWC","B0H75PW7H4","100","16","16","5030"
"TRUSCO(トラスコ) ニューアルロッド 300mm TNR-30 × 20本 【ケース販売】","11540","32","","60","¥ 15,910","¥ 15,910","1","B0C4TJ9JN2","B09PC1LQCR","46.7","36.8","5.3","2760"
"シンワ測定(Shinwa Sokutei) アルミスタッフ II 5ｍ5段 表面10㎜ピッチ 裏面1㎜ピッチ 目盛付 73267","11544","76","","34","¥ 6,930","¥ 6,930","32","B01DP7OGFO","B088BPXHB6","124","5","2.7","1600"
"Dream Sticker タイルシール モザイクタイル 特許取得 防水 耐熱 キッチン 37.6×13.4cm クラックオレンジ 20枚 ALT-6","26231","12","","222","¥ 15,390","","1","B01FSV6NF6","B0BXRRKD2T","42","15.1","4.4","1540"
"SEESII 耕運機 家庭用 充電式 電動ミニ耕うん機 耕幅260mm 耕深200mm 130-160cm無段階ポール伸縮 2.0Ahバッテリー2個","11552","37","","37","¥ 7,800","","1","B0G2XFV8R8","B0GWKR4SWT","42.9","33.1","19.4","6050"
"Garvee 水耕栽培キット 水耕栽培 セット 栄養剤剤付き 室内・ベランダ向け 家庭菜園キット 初心者簡単 静音 おしゃれ","11561","33","50","27","¥ 7,480","","2","B0H6JDPBP7","B0H6JR282X","40.5","19.2","13.4","1550"
"【セット買い】 HiKOKI(ハイコーキ) 36V充電式マルチツール CV36DMA(XPZ) + マルチツールブレード MMD52PBC","11570","44","","2","¥ 47,858","¥ 47,858","","B0F6D17V98","B0DZG2N3V5","40","30","16","4800"
"マキタ(Makita) ２００ミリ充電式高枝チェンソー 18V バッテリ・充電器別売 MUA200DZ","11571","68","100","30","¥ 33,131","¥ 33,131","11","B0DW8VF7RR","","99.5","15","14","3800"
"バッチリバンドソー刃 新ダイワ BRB120FV RB120FV RB120CV バンドソー替刃 2本入 ステンレス・鉄用 10/14山 B-CBS12601014/2","15885","9","","88","¥ 5,500","","1","B0B92M9T5X","B0BBPS81J3","45","35","2","600"
"髙儀(Takagi) EARTH MAN ホームベンチグラインダー 電動工具 研磨工具 金属 研磨 研削 バリ取り 農具 刃物研ぎ ステンレス 鉄工 砥石 外径150mm 厚さ16mm 粒度80 飛散防止カバー BGR-150B","11572","40","","27","¥ 8,710","¥ 8,710","9","B0D7PNYNF8","B0DYJT54BT","36.4","25.9","25.1","8140"
"マキタ(Makita) 充電式ハンディソー 18V バッテリ・充電器別売 MUC150DZN","11573","36","50","8","¥ 28,352","¥ 28,352","8","B0FR8N89BJ","","47.1","23.5","11.4","2020"
"京セラ(Kyocera) 旧リョービ パイプクリーニングキット(スズランノズル付) 6710177","13093","39","","26","¥ 22,257","¥ 22,257","21","B016220R34","B0CNCRJP8P","30.8","29.6","10.2","1180"
"bumxca 自吸式ウォーターポンプ 【マキタ 互換品】 充電式排水ポンプ コードレス 300W純銅モーター 流量13L/min 7段シャワーヘッド付","11574","47","100","18","¥ 8,200","","2","B0GTR7KRKQ","","38","26","26","3500"
"義春刃物 最高級 付鋼製 別製 よしはる三友 彫刻刀 布ケース入 10本組 W-10","11576","76","","90","¥ 5,438","","7","B008PKFWZU","B071J6ZDQB","27.2","12.6","4.7","400"
"【2026年新型】宅配ボックス 【ゼロリターンキー/鍵不要/転倒防止】 『らくぽす』 ダイヤル錠 宅配BOX 防水 屋外 盗難防止 簡単設置 案内マグネット付 SZRシリーズ (マットブラック)","15981","38","","18","¥ 12,800","","1","B0GZ44JB5N","B0GZ451TXD","72","45","42","15000"
"リュウド(REUDO) 引掛けシーリング延長ケーブル (1m) 【ホワイト】 (5本セット) 天井の引掛シーリングと照明器具の間の電源コードを長くするための延長コード ペンダントライト 延長コード RE-HKCEXT-10W","11577","8","","263","¥ 5,610","","1","B00QT8H8WU","B08R35TLTJ","24.3","20.6","7.6","870"
"Weed Eater Handle Extension Darwin’s Grip Trimmer Monkey Grip for String Trimmer - Lawn Care, Landscaping, Ergonomic","11579","48","50","1746","¥ 15,980","","8","B07TCTDXK6","","55","19.6","8.8","953"
"KINCHO園芸 除草剤 クサノンEX粒剤5kg 強力 持続 最大散布1000㎡ スギナ 顆粒","11585","67","50","298","¥ 8,250","¥ 8,250","1","B01MDM6OSG","B0GT1WX8SN","28.3","23.1","12.7","5275"
"TRUSCO(トラスコ) 竹ピンセット 180mm 平型 TSP-50 × 10本 【ケース販売】","11585","41","","11","¥ 5,601","¥ 5,601","1","B0C4T4L4MH","B0CCYC2ZZT","23.4","9","6.2","272"
"ガーデンマスター(Gardenmaster) エアコン室外機カバー 棚付 幅95×奥行39×高さ111cm 天然木杉材 エアコンガード ベランダ バルコニー ガーデンマスター ブラウン ACGN-02","11602","52","","124","¥ 10,009","¥ 10,009","2","B0019LTY88","B07GT6VNFM","107","76","10","12002"
"オムロン(OMRON) 電極保持器(BF-3)","11602","20","","","¥ 5,973","¥ 5,973","3","B01N4B14H0","B07KFF7BM4","12","12","9","497"
"トラスコ中山(TRUSCO) ナベ頭タッピングねじ 1種A ステンレス M4×35 45本入 B090435 x 10パック 【ケース販売】","11613","38","","28","¥ 8,236","¥ 8,236","1","B0C64XY55P","B09NWL74T4","27.5","15","6.5","1388"
"グリーンライフ ホース ホースリール 20m 回転台座付き ねじれにくいホース カバーでホース劣化防止 G-Aquaカバー(ジーアクアカバー) PRQCK-20","11616","37","","30","¥ 5,445","¥ 5,445","13","B071GQQZVX","B0FGGR1Z9M","38","32","26","5000"
"グリーンライフ(GREEN LIFE) ホースリール 20m 耐久性が高いアルミ鋳物製 凍結割れに強い 園芸特化シャワー 植物や用土にやさしい きめ細かいシャワー 巻き取りやすい 表面さらさらホース 片手で水量調整 スリムシャワー ワイドシャワー アンティーク調 おしゃれ ガーデニング 散水 ノズル 水やり 庭 ベランダ 園芸鋳物ホースリール Gフローラ G-Flora AR-20SE(SGY)","11618","37","","3","¥ 13,130","¥ 13,130","2","B0GKNJ3CMM","B0FGH4G3P1","41.5","30.8","26.1","6400"
"HOUSERAN モンキーレンチ 20cm 海外倉庫発送","11627","26","","56","¥ 5,747","","1","B0F8BL5ZBY","B0FDFJ74M4","26.9","9","2.9","320"
"コーナンオリジナル LIFELEX 自動水やり機 散水タイマー 水やりタイマー 電池式 蛇口接続モデル ガーデニング用 自動散水 留守対策 LFX09-7573","11637","82","200","331","¥ 5,180","","2","B076X1N3GV","","27","14.9","11.1","410"
"KEISOUDO U-SELECT(ユーセレクト) 珪藻土 左官 塗り壁 壁材 塗料PLASTER TYPE 5kg COTTON","11639","37","","188","¥ 6,533","¥ 6,533","2","B081628XLV","B08198LKVX","21","20","19","5160"
"卓上吸煙機【2024 Newモデル】卓上換気扇 小型吸煙機 家庭用 卓上料理のにおい・油・煙・湯気 USB卓上レンジフードREENEW 移動可能 3000MA リチウム電池 2段ギア調整風力 フィルター水洗い可 フィルター1枚付属 (S,B) (B,20 x 16.5 x 34.3 cm) [並行輸入品]","11673","0","","","¥ 5,688","","1","B0F5HKFXK6","B0F5HJSRXS","40","25","20","2500"
"工進(KOSHIN) 18V 2.0Ah 充電式 ハンディ チェーンソー SHC-180 【バッテリー・充電器付】 枝切り 剪定 軽量 コンパクト 小型","11642","57","50","93","¥ 15,343","¥ 15,343","11","B0D1VBX2L4","B0DYJ8YXPL","39.3","25","13.7","2720"
"レバーホイスト1t チェーンブロック 軽量化 小型化チェーンローラー 標準揚程1.5m レバーブロック 荷締め 運送 固定 建設荷締機 ガッチャ【1.5m 2台 セット】","11647","45","","226","¥ 14,780","","1","B0C3CL3JDN","B0C6M6PT9S","51.5","19.5","15.5","13600"
"ガーデンマスター(Gardenmaster) ガーデンベンチ ミニ 幅79×奥行56.5×高さ75cm PS ポリスチレン お庭 ベランダ テラス バルコニー 休憩所 ダークブラウン PMB-80","11649","34","","12","¥ 10,349","¥ 10,349","2","B09ZTZ4CZH","B09S6GHQPH","85.5","58.5","14.5","10800"
"【2026新型 18L】SEESII 電動噴霧器 充電式 背負式 2個4000mAhバッテリー 6種類ノズル 伸縮金属パイプ 圧力調整可能 低騒音","11674","46","50","91","¥ 12,800","","1","B0H28DQXNN","B0GWQF5L21","58","39","23","5870"
"JIANLEI 防水シート 透明 白2.8M×6M 屋外 屋根 内蔵メッシュ繊維強化ロープたPVC両面防水 厚さ0.5mm、250g/m2 防水 防雨 防風 多肉 植物 猫犬ペットを守ります","15370","29","","170","¥ 6,880","","1","B0C38GLBK4","B0H8WTXJS5","40.4","29.7","9.7","3380"
"Alloyman ヘッジトリマー 充電式 電動ヘッジトリマー 刈り込み幅550mm/切断径15mm 1400SPM高速剪定 切れ味 生垣バリカン 剪定トリマー 2.0Ahバッテリー2個セット 電動 コードレス 軽量 両刃駆動 日本語説明書付き オレンジ","11684","66","100","56","¥ 7,499","","1","B0FH9MWK28","B0GZVHTHBJ","96","20","19","3900"
"パナソニック テレビドアホン 置き配 依頼 火災警報器 連動 対応 機能 搭載 モニター親機 カメラ玄関子機(標準タイプ)セット VL-B35AL","11686","61","","23","¥ 20,000","¥ 20,000","14","B0DDX8L98F","B0H75427L7","19","15.4","9.2","810"
"アサヒペン 塗料 ペンキ 水性ビッグ10多用途 5L 222ベージュ 水性 多用途 半ツヤ ソフトなツヤ 1回塗り 超耐久 無臭 特殊フッ素樹脂配合 防カビ サビドメ剤配合 紫外線劣化防止剤配合 シックハウス対策品 日本製","13153","40","","127","¥ 10,879","¥ 11,265","15","B0033K1X6Y","B0GTMVV2CC","26.5","26.2","17.4","7155"
"マキタ(makita) 充電式インパクトレンチ(本体のみ) TW004GZ","11695","38","","102","¥ 22,001","¥ 22,001","17","B08H86WMH6","","24.1","19.4","11.5","1680"
"[ドリームウェア] 有孔ボード スチール製(マグネット対応) 孔間隔25mm 穴径5mm 幅31.5/61.5×奥行5.5×高さ75-115cm かんたん突っ張り(実用新案取得) 洗面所 キッチン 収納 ラック 組立品 ホワイト WJN-808","11700","38","","2","¥ 5,980","¥ 6,107","3","B0BMFPLYPV","B0BMLTLWHT","69.8","47.1","5.6","2780"
"京セラ(Kyocera) 旧リョービ プロ用 サンダー AS550M 636850A 636859A【ペーパー着脱が容易なマイクロスティックパッド&小型で快適に片手でらくらく操作】 乾式用 クランプ式ペーパー マジック式ペーパー 質量0.92kg パッド寸法74×106mm ペーパー寸法(クランプ式)75×140mm ペーパー寸法(マジック式)75×107mm","11708","67","50","106","¥ 10,709","¥ 10,709","16","B098JQYZ79","B0CH16DCCK","24.1","14.8","11.8","1240"
"TOTO 密結型ロータンク用 レバーハンドル THY425-3R レバー長さ:135mm","11716","54","","215","¥ 6,212","¥ 6,420","16","B007HT7W30","B0859TLBS1","26","12.2","4.5","59"
"HiKOKI(ハイコーキ) 湾曲セーバーソーブレード レシプロソーブレード No.142 全長200mm 14山/インチ 50枚入 2mm以上ステンレス管材 0000-3462","11737","48","","15","¥ 21,220","¥ 21,882","20","B003Y6HLXG","B019I1HXE2","21.1","6.3","2.9","1200"
"パナソニック(Panasonic) 埋込防気カバー 3連用（3コ用＋2連接穴用） 100個セットWV24939-100","11746","44","","390","¥ 29,882","¥ 29,882","1","B0BVZ3KLDD","B0C3CZB9VC","33.1","24.7","17.7","1200"
"TOTO シャワーホース L=1600mm 本体側ねじW24山20 メタル調 THYC40LLR","11747","37","","145","¥ 9,248","¥ 9,248","6","B0865TG3DP","B09PG7Z71Z","26","18.6","5.6","420"
"綜合警備 アルソック・ロック3個","11747","39","","192","¥ 5,750","","4","B07H5BJR45","","18","12.5","3.6","330"
"フレコンバック10枚組 １トン用 （002A） 1t フレキシブルコンテナバッグ 土のう袋","11750","44","50","76","¥ 7,400","","2","B004Q7RYU2","","71","39","22","15950"
"ONESORA カラスよけ 鳥よけグッズ 本物そっくり リアル羽毛カラス 【原寸体サイズ 4羽】 ぶら下げて吊るすだけ カラス撃退","11769","38","","396","¥ 11,500","","1","B095183GPL","B0B2LDF9R8","48","11.6","5.2","780"
"SainSmart アップグレード磁気ヘルピングハンズ はんだ付けステーション、新しいはんだごてとミニクリップホルダー、5倍拡大LED内蔵、6つの調整可能なグースネックアーム、11.1x7.1インチベース、DIYと電子機器用","11783","41","","44","¥ 10,599","","1","B0FKLXHT2L","B0FX9GBMPB","29.7","18.7","6.4","2430"
"マスプロ電工 電源供給器 4K8K対応 BPS6W","11785","47","50","379","¥ 10,980","","6","B072WK7YNJ","B08W2XSSHX","11.3","11.1","4.7","190"
"三菱電機(MITSUBISHI ELECTRIC) パイプ用ファン 居室用 雑ガスセンサータイプ V－08PNSD8","11787","40","","","¥ 5,480","¥ 5,556","5","B0B4HWL67N","B0BYDGJH7J","19","18.8","15.9","860"
"高儀 18V 専用バッテリーパック 4.0Ah SL-184BP-A 園芸電動用 EARTH MAN SHARE LINK 【充電時間120分】【残量3段階ランプ点灯】【全機種使える共通バッテリーラインナップ】 バッテリー 充電残量表示機能付き 継ぎ足し充電可能 電池種類 リチウムイオン電池 たかぎ","16297","41","","3","¥ 7,360","¥ 7,360","5","B0CJJTNN4G","B0H3T7WJLL","17.7","12.6","6.9","680"
"ハタヤ (HATAYA) コードリール 屋外用 (防雨型) 100V型 コード50m 太さ2.0㎟ 標準型 安全防雨構造設計 (IP55) 温度センサー内蔵 (電線溶解防止機能) コンセント3個 コンセント防雨キャップ パイロットランプ内蔵 防泥カバー 家庭用 工場用 建設現場 サンタイガーレインボーリール GX-50","21010","36","","5","¥ 31,314","¥ 32,211","9","B00JQ53Q7O","B0CT5GX5JK","38.6","32","26.2","10620"
"KINOHA(鬼の刃)金属用切断砥石(106mmφ・200枚入) 鉄工用 替刃 替え刃 ディスクグラインダー対応 アクセサリー 106×1.0×15㎜","11821","36","","","¥ 28,600","","1","B0DMF36P62","B0DGXKWCLL","23.7","23.7","14","5520"
"NANWEI 振動ドリルドライバー 120Nm チャック能力13mm ブラシレスモーター キックバック防止 無段変速 20+2段調整 高輝度LED照明","11824","22","","99","¥ 13,780","","1","B0F26JGD87","B0GVGTZYS8","42.2","34.4","12.7","4820"
"マキタ 充電式インパクトドライバ 青 TD110DSHX","11828","60","","119","¥ 21,100","","15","B017AQXGRK","B083SFWT59","50.9","40.8","12.6","3220"
"マキタ　KS5100F　防じんマルノコ 　１２５ミリ","11835","42","","15","¥ 35,455","¥ 35,455","9","B002DCDS48","B07DBZZ8V5","36","29.2","28.2","4640"
"SK11(エスケー11) ディープソケットセット ヒートグラデーション 8/10/12/13/14/17/19mm 差込角9.5mm 面接触で角を傷めにくい SHS307D-P","11838","26","","4","¥ 7,500","¥ 7,500","6","B0F78ZCL4S","B0FCXV2KDX","21.7","10.7","3.7","650"
"マキタ(Makita) 充電式ペンインパクトドライバ 7.2V バッテリ・充電器・ケース別売 TD022DZO","11847","55","50","259","¥ 10,140","","6","B0BQ1DLGK3","","20.4","17.7","11.4","560"
"【まとめ買い】山崎産業 コンドル 水切りユニット (30×30cm) 60枚セット ベージュ｜ タイル すのこ 日本製 ガーデン ジョイント プール 水はけ 屋上 テラス 屋外 マンション はめ込み CONDOR","15660","41","","149","¥ 13,780","","3","B0922DVQ2R","B0922BB2WZ","80","33","33","12300"
"[パナソニック] テレビドアホン ワイヤレス 無線接続 電池式 自動録画機能 モニター 2.7型カラー液晶 480p 玄関子機 LEDライト 簡単取付 配線工事不要 VS-SGE20LA","11857","110","100","736","¥ 15,214","¥ 15,214","20","B0BHHWX5JF","","22.5","11.8","8.7","680"
"KINGMAX インパクトドライバー 18V マキタ互換 充電式 最大トルク250N·m ブラシレスモーター搭載 本体のみ KID18K","11866","42","50","14","¥ 6,299","","1","B0GY3XZNL8","","22","12.8","8.4","1130"
"HiKOKI(ハイコーキ) AC100V 電気ディスクグラインダー G10ST トイシ径100mm 樹脂ボディ 細径Φ56mm スナップスイッチタイプ G10ST 【ディスクサンダー】","11870","78","100","158","¥ 10,255","¥ 10,255","9","B007TDOJHQ","B07XDY2NDM","31.5","14.4","12.5","2210"
"Alloyman 耕運機 家庭用 充電式耕うん機 【2026新登場】2個4.0Ahバッテリーセット 20V 耕幅230mm/耕深170mm コードレス 小型 軽量 組み立て簡単 家庭菜園 水田畑 農業土耕す 日本語取扱説明書付き イエロー","11872","69","50","1558","¥ 11,799","","1","B0FH9CH6V2","B0FPFYFQN8","59.1","28.4","27.7","6600"
"SANEI 【洗濯機ホース用の排水トラップ】洗濯機排水トラップ VP・VUパイプ兼用 H550-75 H550-75","11875","0","","","¥ 8,075","","13","B004XKER3E","","17.4","13.7","13.5","700"
"【引金連動機能】Kebtek 充電式剪定バサミ 本体のみ 切断径35mm コードレス 21V 電動剪定鋏の本体のみ 日本製フッ素刃 切れ味良い","11876","52","","4","¥ 19,999","","1","B0CN97V1KP","B0CN972NK2","35.1","15.5","8.2","1080"
"ニシガキ 鉄工ドリル研磨機 ドリ研 ACE(エース) AB型 N-861","11883","42","50","108","¥ 23,981","¥ 23,981","27","B07NDF4C92","","28.1","27","23.2","3350"
"イチネンTASCO ダブルヘッドトルクレンチ TA771WT-23 エアコン","11902","87","50","170","¥ 14,052","¥ 14,052","19","B0923J8LRK","","33.1","6.4","3.3","570"
"【500万画素・360° 追尾機能搭載 】防犯カメラ ワイヤレスHiseeu 12インチLCD液晶モニタ一体型NVR 500万画素ワイヤレスカメラ4台セット 10チャンネルまで増設可 遠隔監視 防水等級ip66 AI動体検知 屋内/屋外 セキュリティ 防犯カメラ (カメラ4台＋12インチ液晶一体型NVR 3TBHDD内蔵)","11904","73","50","337","¥ 48,348","¥ 48,348","2","B09X2ZGLNS","","32.6","28.2","22.2","4540"
"フルプラ ダイヤスプレー プレッシャー式噴霧器 単頭式 4L用 NO.7400","11907","36","","198","¥ 6,586","¥ 6,586","20","B0016GHT24","B096WMMBCC","44.8","19","18.8","2600"
"2026 新登場 自動散水タイマー 3 アウトレット 雨遅延機能搭載 プログラム自動水やり機 芝生庭園用","11908","26","","9","¥ 6,599","","1","B0GS2VYV8K","B0HFH4D3DG","17.4","16.7","8.9","710"
"[エルヴィエント] アイレン 白ワイン 箱ワイン スペイン [3000ｍl×4個] バッグインボックス BIB 3L 4個セット","11909","28","","15","¥ 6,600","","1","B08WRRRLQ3","","34.8","24","22","12320"
"VaryPaper 壁紙シール リメイクシート 剥がせる壁紙 幅81cmx長900cm ネイビー 無地 リフォーム ウォールステッカー カッティングシート ふすま紙 DIY インテリア 接着剤不要 のり付き 透けない 防油 防汚 防水 耐熱 模様替え 浴室 リビング 玄関 トイレ キッチン 台所 賃貸OK 家具 テーブル 本棚 戸棚 北欧風 壁飾り","23599","28","","66","¥ 7,980","","1","B0DYSV5PMQ","B0CJRD4DBJ","81","5","5","2610"
"スエカゲツール Pro Auto 伸縮式FLラチェット12.7 STR-F4","11914","54","","335","¥ 6,647","¥ 6,647","24","B002CPQADC","B01HPYNPHS","34.2","4.3","3.9","620"
"BURTLE バートル エアークラフト ファンユニット(※AC360バッテリーの専用品です) アーバンブラック AC371 64 F","11935","42","","22","¥ 11,980","","1","B0BQYPW6VC","B0BZNX5YBP","28.8","12.9","5","380"
"［ムーク］ ケーブル索引具 1m×10本 配線 通線ワイヤー 配線通し 先端アタッチメント付属 MK-005 (2個20本セット)","11939","23","","149","¥ 5,900","","1","B09684WCGV","B096893MM6","105","4","4",""
"XINGO 1200本 幅5.8mm 長さ300mm 結束バンド屋外 高耐久 35KGS ンド 引張強度 タイラップ セルフロック プレミアムプラスチックケーブルワイヤータイ 屋内および屋外用 ブラック","11945","32","","296","¥ 18,431","","1","B0D4TWD3CR","B0D836Z5NK","36.9","29.4","7.6","2660"
"AFOERIT エンジンポンプ 4サイクル高出力 給水排水ポンプ 120L/min大流量 小型軽量 37.7cc省燃費 防災/農業/洗浄多用途 1インチホース付属","11951","45","50","31","¥ 14,993","","1","B0F9V26S7B","B0H329RW7K","46","36","30","8150"
"JIANLEI 日よけ シェード4M*6M 遮光ネットコーヒー色 日除け止めネット 農業用 植物 園芸用 高密度の厚さのポリエチレン 紫外線耐性があり 複数のサイズオプション 2m 3m 4m 5m 6m 8m 10m 12m 15m","23720","40","","175","¥ 7,980","","1","B0FJ5733L4","B0C537291N","33","22","11","300"
"フジクリーン EcoMAC-60R","11956","39","50","240","¥ 15,480","","5","B00GQV7UP0","","24.9","21.3","17.7","5550"
"マルノコ 充電式丸のこ コードレス 軽量 高精度切断140mm刃 切り込み深さ47mm 対応 マキタ18Vバッテリー対応本体のみ DIY 木材切断（バッテリー・充電器別売）","11956","24","50","24","¥ 6,380","","1","B0H6W2CY25","B0HFCRPVPL","30","19","17","2100"
"ヤマソロ かご付きポスト モイル Moil ポスト 郵便受け メールボックス 鍵付き 73-809 (ブルーグリーン)","16819","41","","322","¥ 11,210","","1","B08V11GGNN","B09GK9DVQD","50.5","49","36","9000"
"日産化学 殺虫剤 グレーシア 乳剤 250ml","11969","29","50","56","¥ 5,386","¥ 5,386","7","B07SK76R7C","","15","6","6","300"
"インターホン ワイヤレス工事不要[2K HD 180° 超広角 全身視野] 双方向通話 充電 1 回で 1-2 ヶ月持続 ビデオドアベルは簡単に設置できます サブスクリプション不要 動体検知＆アラート IP66 防塵防水 Alexa/Google 対応（2.4G Wi-Fi）","11978","45","50","720","¥ 7,999","","1","B0FQVDRGW4","B0H1Q68QXG","18","10.2","7.4","410"
"【64枚セット】アイリスプラザ ジョイントマット コルクマット 10mm厚 カラーマット 防音 傷防止 ペット 赤ちゃん 60×60㎝ イエロー PEJTM-601","11979","41","","482","¥ 13,680","","3","B08DV4T1RX","B08Q12L4H7","64","61","61","19200"
"FANTIAN【最上級黒玉砂利】黒光石（彩光石）・自然玉 ブラック ナチュラル 装飾 川 小石 観賞用 川 小石 庭の造園、家の装飾、屋外舗装、噴水装飾など。(4-6cm,18kg)","11984","18","","46","¥ 6,999","","1","B0H2H4L4GC","B0FJ1NYTR1","40","33","13","18700"
"耕運機 充電式 電動 耕うん機 小型家庭用【2026年強化版】マキタ18Vバッテリー対応可能 2 個 4.0Ah大容量 850W 純銅モーター 耕幅 255mm / 耕深 220mm 残量表示 PSE 認証 伸縮折りたたみ 軽量簡単組立 家庭菜園 畑 水田 農業土耕し 日本語説明書付き","11985","39","50","50","¥ 9,599","","1","B0GZ2YJSWX","B0G7RQ7HLB","71.2","47.9","25.7","5730"
"Tapo(タポ) 防犯カメラ 屋外 ソーラー給電 デュアルレンズ（2方向同時撮影）4K 800万画素 TP-Link Tapo C675D KIT","11986","19","100","13","¥ 36,801","¥ 36,801","1","B0GYRS627K","","27.8","22","12.4","1700"
"後藤（GOTO）ミストDeクールシャワー スタンドビッグ9 メーカー直営店限定 交換用噴霧口2個付き ミストシャワー 屋外 熱中症対策","40314","39","","","¥ 16,280","","2","B0F3CH6P3F","B09VB7WY4W","102","12","11.5","2800"
"[ネセクト] ミニルーター リューター 148点 フルセット AC100V 彫刻/穴あけ/研磨/切断/切削/汚れ落とし [日本国内企画品]","11995","51","50","622","¥ 6,670","","2","B0B33RXTYJ","","28.5","17.7","10.7","1540"
"MATSURIA ツールバッグ 工具バッグ 2way 工具袋 道具袋 工具差し入れ 肩掛けベルト付き 大口収納 大容量 1680Dオックスフォード プラスチック底部 自立 バイク用 運搬用 作業用 持ち運び便利 （20インチ）","12000","36","","70","¥ 5,770","","1","B0CNNHLM1W","B0CNNPFJQN","52.3","32","12.7","2080"
"トネ(TONE) ツールチェスト BX230SV シルバー","12009","67","","265","¥ 13,307","¥ 13,307","25","B00762GGHG","B07WRFVG7B","57.5","37","36.8","11100"
"iDOO 水耕栽培キット 水耕栽培セット 室内 家庭菜園 スマート操作パネル搭載 植物育成LEDライト 自動水循環システム 2つの栽培モード 最大12株対応 高さ調節可能 育苗キット 野菜栽培 ハーブ栽培 室内栽培 水耕栽培器 キッチン菜園 シルバー I-HGH02","12010","12","50","19","¥ 11,664","","1","B0H2YD8VQX","","35.3","20.4","18","2020"
"電動剪定バサミ 電動ハサミ 最大切断径45mm 電動剪定ばさみ ブラシレスモーター搭載 充電式剪定ばさみ 4段階開き角度調整可能 4000mAhと2000mAh大容量バッテリー2個付き PSE認定 マキタ18Vバッテリー対応可能 切断回数と残量表示画面 コードレス 軽量 電動剪定鋏 園芸用剪定用具 庭木/枝切り/果樹用 日本語取扱説明書付き","12013","88","100","57","¥ 11,399","","1","B0GR4W67XW","","34.1","29.9","9.8","2710"
"リンレイ 超耐久プロつやコートⅡ HG 18L","12021","66","100","113","¥ 9,089","¥ 9,089","18","B0047QUZ4O","","34","28","26","19400"
"THCMagorilla カラビナ フック 63kg ヘビー デューティ ネオジム マグネット スイベル バッグ グリル 財布 倉庫 42mm,8個，ブラック","12023","59","","1059","¥ 5,999","","1","B0F8GP6Z1C","B0FD9B9YWD","11.1","8.5","5.8","590"
"アサヒペン 水性エポキシ強力防水塗料 2kgセット ライトグリーン 塗料 ペンキ 2液型 低臭 ツヤあり 高光沢 硬い塗膜 防水効果 防塵効果 耐水性 耐薬品性 耐ガソリン性 耐候性 日本製","12909","55","","245","¥ 6,607","¥ 6,607","12","B07JNK6QNS","B0CN2Z3F7V","20.4","17.8","14.6","2200"
"【アサダ】リークディテクタLD330 LD330 フロン漏洩検知 赤外線センサ式 最高感度3g/年 温度範囲-10℃～52℃ 連続運転12時間 デジタルディスプレイ 手動0点 自動感度切替 LEDライト/UVライト リークホールド 充電式","12024","43","50","1","¥ 39,800","¥ 40,264","7","B0FK4PHXKV","","34.7","30","6.4","1540"
"CIGMAN レーザー受光器 緑レーザー対応 50m作業距離 気泡管 ブザー音 ホルダー付き 日本語取扱説明書付き","12027","35","50","316","¥ 6,499","","1","B0BNPKQL6N","B0FW3TP95W","17.1","8.2","8.1","290"
"Alloyman レーザー墨出し器 4D フルライン グリーンレーザー 水平器【高精度・見やすいライン】4x360°16ライン エレベーター三脚付き リモートコントロール 3.6Ah大容量バッテリー2個セット 電量LCDディスプレー搭載 IP54防水防塵 自動補正 受光器対応 建築現場 DIY yellow","12036","82","100","421","¥ 9,999","","1","B0FK51H5N1","B0GTTR6XLS","44.5","26.6","13.1","2140"
"ハスクバーナ エンジンチェーンソ― 120e Mark II 14RT 967861910","12038","76","50","366","¥ 22,736","¥ 22,736","16","B07P44ZVDM","B086LBLPB4","54.4","34.5","26.8","7040"
"TOTO TCF6624#NW1 レバー洗浄 ホワイト ウォシュレット SS1 袖リモコン TCF6623ノ代替品 瞬間式","12040","44","50","5","¥ 44,000","","8","B0GSF9K2WS","","62","53.8","18.7","6570"
"ブロワー 強力 ブロアー 充電式 超軽量455g・女性でも片手ラクラク【ブラシレスモーター搭載・低騒音】 無段階変速｜残量表示・LED照明付き｜金属メッシュカバー｜15枚合金ブレード｜ノズル2種付き PSE認証済み バッテリー2個付属 3000mAh&2000mAh マキタ電池互換 小型 ブロアー 800g超強推力 女性 高齢者向け 庭掃除/落ち葉/洗車/キーボード/エアコン/網戸/除雪用","12043","78","100","33","¥ 7,980","","1","B0GSXQM2G1","","34.9","32.1","10.9","2330"
"アイデック(IDEC) スーパーうね草取りまーVA ロング 削り幅170mm ASU-VA17","12047","87","100","45","¥ 26,995","¥ 27,025","9","B06WGP93X7","B0FHGK6Y8F","28.3","18.1","16.8","2660"
"晨陽小店 防水シート 4M*8M 透明 白 屋外 屋根 厚手 ビニールシート 両面防水 防雨 防風 多肉 植物 猫犬ペットを守ります 内蔵メッシュ繊維強化ロープた HDPE製","12052","37","","85","¥ 9,860","","1","B0D14CPP4Y","B0DG8N5TMZ","37","35","12","1000"
"APPASO タッチレスキッチン水栓 ブラック, 引き込み式スプレー付, モーションセンサー付シングルハンドル, マット仕上げ","12054","40","","1757","¥ 11,699","","1","B0DJM14GK4","B0HG1KX1S3","44.9","33.9","6.2","2150"
"ハタヤ カーサリール 10m 屋外用 CR-10-OG","12064","63","50","127","¥ 5,870","¥ 5,870","22","B08SJBS65L","B0GVXGKFHC","24","23","15","2260"
"ライト管(LP)継手 45度エルボ 180φ LP45L180","12071","10","","3","¥ 5,002","¥ 5,002","1","B071HW21WB","","29.1","24.1","19.5","1650"
"SEESII 耕運機 家庭用 電動ミニ耕うん機 電動 コードレス【2026新型】 耕幅 260mm 耕深 230mm 4000mAhバッテリー2個付属","12072","34","","115","¥ 11,800","","1","B0G1Y6HT51","B0GQT43XZ1","58","27","26.5","7230"
"アサヒペン 木目シート REALA 幅45cm×長さ15m RL-S15-6 リアルな質感 耐摩耗性 キズに強い ホルムアルデヒド対策品 日本製","13329","35","","129","¥ 13,506","¥ 17,914","16","B00BB7REO6","B0DXTNQKMF","46","8.3","8.3","1586"
"アースガーデン アースカマイラズ 草消滅 4.5L×2本セット [農薬]","12079","88","50","256","¥ 5,585","","6","B07PQBFR4L","B0F8R2TVJL","31.2","29","25","9890"
"プラス 金庫 手提金庫 小型 W230×D194×80mm ダークグレー 12-863","12081","40","","102","¥ 5,560","¥ 5,560","16","B0026MSP1Q","B0716ZJ9MV","23.7","20.9","8.9","1450"
"【新BL1880B】マキタ 18v互換バッテリー 8.0Ah2個 Waitley カットオフ機能付き 大容量8000mAh","12082","51","50","20","¥ 14,448","","1","B0GFNJ8Z38","","29.8","10.2","9.9","1960"
"防草シート 耐久年数20～23年 GreenArts® 530Z グリーン 2m×50m PET製","12083","47","","8","¥ 45,900","","2","B0C8GVYZR6","B0FF9BP16X","200","18","18","21620"
"新潟精機 SK 日本製 木ダボ 10mm 1000本入 DB-10-1000","12087","38","","592","¥ 8,136","¥ 8,136","10","B08NV66X99","B0F8BRZM7M","36","24","11","2250"
"マーベル(MARVEL) 圧着工具 ハンドプレス 裸圧着端子・スリーブ用 MH-14","12088","47","50","168","¥ 7,125","¥ 7,125","19","B003W3SOXM","","31.5","10.9","2.2","450"
"YIHUA 959D リワークステーション ホットエアーガン 温度制御型（100℃～500℃） PSE認証 日本語取扱説明書付き 高速加熱 低騒音","12092","45","50","193","¥ 7,054","","1","B094NG93PV","","29.5","20.9","12.2","1920"
"デンサン ポケットフィッシャー(3m) コンパクト スリム 軽量 DPF-300","13434","37","","68","¥ 6,045","¥ 6,045","39","B0056XJ3E0","B08GCWLR7Y","43.8","5.7","1.9","190"
"LIXIL(リクシル) INAX メタル調シャワーホース 1.5m 交換用 シルバー シャワーホース交換 浴室補修 適合機種をご確認の上ご購入ください 柔軟性と耐久性を両立した素材 A-4215","12107","49","50","217","¥ 7,158","","4","B00XU3I7LI","","25.9","20.9","4.9","260"
"アルスコーポレーション 替刃式軽量刈込鋏(本体) KR-1000","12122","119","100","337","¥ 5,200","¥ 5,200","25","B00A9LYZU6","B08L9LC4PN","68","16","13","880"
"HiKOKI(ハイコーキ) 36V 充電式 振動ドリルドライバー DV36DC バッテリー ・充電器・ケース別売 最大トルク155N・ｍ モルタル最大22mm穴あけ DV36DC(NN)","12127","53","","56","¥ 40,020","¥ 40,020","4","B0BP7LD7J1","B0HGBB4Z2V","36.5","21.9","13.6","2520"
"TRUSCO(トラスコ) 強力マグネットフック 固定タイプ 36mm THM-36N × 10個 【ケース販売】","12128","43","","31","¥ 10,214","¥ 10,214","1","B0C4T7J2Q2","B0CGQNTR3P","15","13.3","6.2","740"
"プロクソン(PROXXON) ミニルーターセット No.28512-SK","12140","22","","446","¥ 8,401","¥ 8,401","13","B004JGQBSQ","B01JL1TXHO","30","16.9","6.6","1210"
"トネ(TONE) プレセット形トルクレンチ 差込角12.7mm(1/2"") T4HC140 140N・m","12154","64","50","533","¥ 9,789","¥ 9,789","6","B005HU2FS8","B088DZZC9F","60.2","11.1","5.7","1920"
"COYXiCE エアーホースリール 12m 自動巻取式 自動巻き上げ 壁掛け 吊り下げ 天吊可能 180°回転可能 持ち運び使える 伸縮式スプリング エアホース 外径φ12mm×内径8mm 最高使用圧力15kgf/c 空気圧工具 ブラケット付 エアーコンプレッサー エアータッカー エアーダスター エアードリル エアーグラインダー 日本語説明書付き - グレー","12161","38","","92","¥ 6,999","","1","B0FD44WGFT","B0FHB6WY2V","38.5","34","16.2","4500"
"グリップアース バイクガレージ 150cm×250cm×180cm 耐水圧5000mm バイク ガレージ バイクシェルター バイク車庫 Mサイズ","12162","11","","49","¥ 26,820","","1","B0DZ1KPS9L","B0DZ1NKG7J","128.5","26.5","15","23357"
"ChoyClit ガーデンシンク 台所 ステンレス流し台 外部用シンク 75*40*75cm 屋外 ファニチャー 収納 作業台付き キッチン、バルコニー、庭、屋外バーベキュー設備に使用できます (75*40*75cm-寒熱)","12172","26","","2","¥ 7,898","","1","B0DNHG5TNL","B0DNHJK5JN","78","43","22","6000"
"KNIPEX クニペックス Cobraコブラ ウォーターポンププライヤー 全長250mm プラスティックコーティングハンドル クロムメッキ 8703-250","12174","49","","27119","¥ 5,691","¥ 5,691","19","B003D5ZSTM","B0F38BGYQ7","28","6.7","1.9","350"
"サンニード アイアンレッグ スクエア グレー 2個セット SLG-2L-GY","20007","35","","239","¥ 7,980","","1","B08P6DKN5Z","B0DT9D3QJS","74","72","44","7000"
"M METERXITY リコイルスターターロープ プルコード 5.5mm 10m ハンドル付きプルスターターロープ ナイロンプルコード プルスターターロープ 芝刈り機/チェーンソー/トリマー/ブラシカッター用 [ホワイトレッド、ブラック]","12187","37","","36","¥ 5,297","","5","B0DNHR7M29","B0DQVDQ31S","32","8.7","3.6","200"
"サイバーストーク 日本ブランド エアダスター モバイルターボブロワー 最大風速75M/S 充電式最大81分 アルミボディ設計 放熱 安定風量 高剛性 コードレス 洗車 水滴飛ばし 車内清掃 エアブロー ノズル3種付属 CK-JM7","12192","24","100","29","¥ 9,240","","1","B0GT43MLV2","","20.2","15.1","7.1","820"
"mirage all 安全ネット ベランダ 階段用 転落 落下防止 子供 ペット対応 防護ネット (1m×10ｍ)","12194","37","","219","¥ 6,800","","1","B09RHN8WNW","B09GJLNRT5","38.5","33.5","11.9","1760"
"COB ledテープライト 10m 電球色 3050lm リモコンと調光器 2WAY制御 無段階調光・5つのタイマー 切断可能 DIY 貼る照明","12199","38","","35","¥ 5,699","","1","B0DKX1ZQ94","B0HB935K1N","18.2","13.7","5.7","440"
"WORKPRO 160点 ホームツールセット 工具セット 家庭用 日曜大工 DIYセット 作業工具セット 家具の組み立て 住まいのメンテナンス用 修理道具セット 便利な収納ケース付き","12201","46","100","1853","¥ 5,280","","1","B07NVD92LQ","","36","28.9","8.5","3300"
"マキタ 充電式草刈機18V+18V 刈込幅255mmチップソー付 Uハンドル バッテリ充電器別売 MUR369UDZ","12202","60","50","89","¥ 44,041","¥ 44,041","10","B085SDF1T1","B086K2GTF1","190","28.3","23.5","9000"
"HiKOKI(ハイコーキ) 36V コードレスディスクグラインダ スライドスイッチ G3610DC(NN) 砥石径100mm 最大出力1500W キックバック軽減システム ダイヤル式無段変速機能 蓄電池・充電器・ケース別売り","12202","95","","195","¥ 19,127","¥ 19,127","18","B0BNM8QZ9S","B0F9WYT5RY","33.4","19.1","13.9","2620"
"9000W バッテリースポット溶接機、AWithZ スポット溶接機UK3、10000mAhノブ式100段階調整、フットスイッチ式、0.1-0.3mmスポット溶接機、デュアルパルス出力、ポータブルスポット溶接機、DIYバッテリーパック製作用","12215","35","","2","¥ 16,999","","1","B0FR49NT68","B0FZ839NQ9","18.5","13.2","11.4","900"
"ERJER 日立 18V バッテリー 互換 6.0ah BSL1860 LED残量表示付き ハイコーキ(Hikoki) 互換電池 6.0Ah 18V 0033-8889リチウムイオン電池 BSL1850 BSL1830 BSL1840対応 保護回路内蔵 2個セット","12218","41","50","114","¥ 5,750","","1","B08M3PBMVH","","17","13.2","9","1280"
"ケルヒャー(KARCHER) 業務用 コードレス 冷水高圧洗浄機 HD 4/11 C Bp (本体のみ 1.520-927.0)","12219","42","","","¥ 224,400","","1","B0C3ZG5HF1","B0CLRKH42M","102.2","41.9","39.9","23500"
"三陽金属 草刈機用品 石飛ガード No.0801","12222","31","","49","¥ 10,478","¥ 10,478","18","B003TR8O3Q","B09YJ4WZ57","111.8","14.2","13","3430"
"マキタ(Makita) 高圧洗浄機 MHW101 青","12234","67","50","154","¥ 12,409","¥ 12,409","12","B0B8C8DW4W","","47.5","25.1","24.1","7020"
"セフティー3(Safety-3) ホース関連 ホース用ジョイント PC製 75mm PD-75","20501","30","","39","¥ 6,998","¥ 6,998","12","B003VUOSXG","B0GSGN1TCJ","17.8","10","9.2","340"
"LasGoo LG-3DMAX 3x360° グリーンレーザーレベル、3D 自動水平調整クロスラインレーザー、2つの充電式リチウムバッテリー、微調整ブラケットアダプター、グリーンレーザー強化メガネ、ハードキャリングケース","12236","41","","276","¥ 19,990","","1","B0DB5FYSXR","B0FFNJH5PG","32.8","28.2","13.5","2850"
"プラウ 自走式 草刈り機 速度調整つき WGC530 国内ブランドエンジン メイキ 刈幅53cm 2枚フリー刃 刈高さ 20～70mm サイド排出 芝刈り機 PLOW クサノザウルス (マットダークグレー)","12238","44","","100","¥ 72,290","","1","B0F5WJHNZV","B0F6XMMXJN","96","62","43.5","35700"
"高儀 18V 充電式 エアーポンプ 本体のみ SL-AP1030-A EARTH MAN SHARE LINK 電動 空気入れ コードレス 車 自動車 自転車 タイヤ ボール 浮き輪 英国式 米国式 仏国式 バルブ LEDライト エアーコンプレッサー たかぎ","12244","58","","10","¥ 5,860","¥ 5,860","9","B0CWNH3F24","B0H3NS41TV","30","18.8","9.1","1220"
"世界で一番薄い0.9mm 電気ケーブル フラットコード flatcode (黒, 1.5m)","12256","48","","176","¥ 10,480","","2","B00SMURU5I","B0B8XH7FZD","13","11.2","6.3","280"
"LOFINKU 折りたたみ 草刈り機 軽量 コードレス 充電式草刈機 バッテリー付き 角度可変 多重安全設計で レッド","12259","25","50","13","¥ 5,998","","2","B0GZJH3J9Y","B0GYRH87MR","57.3","17.8","13.4","2600"
"マキタ 18V インパクトドライバー TD173DZ 青 本体のみ＋専用収納ケース ＊バッテリー充電器別売","12260","46","50","51","¥ 19,000","","8","B0BZCFFH9G","","35.3","30.6","12.4","2490"
"アネスト岩田 KIWAMIガンシリーズ 重力式スプレーガン 口径φ1.3mm KIWAMI-1-13B4 シルバー","12274","47","","25","¥ 18,112","¥ 18,112","17","B07X2W6SNV","B0C8JDP4LS","20.4","12.8","5.9","390"
"ムカデ駆除剤 サイベーレ 0.5SC 900mL ２本セット 不快害虫用殺虫剤","13380","69","50","185","¥ 14,300","","1","B074Z6SL4N","","24.9","20.7","16.2","2140"
"Bosch Professional(ボッシュ) 10.8V6.0Ahリチウムイオンバッテリー GBA10.8V6.0AH 本体: 奥行8.3cm 本体: 高さ10.5cm","12282","45","","27","¥ 13,059","¥ 13,059","14","B07FD4NVG3","B0G4Q8ZZ82","12","9","7.2","380"
"人工芝 ロール 芝丈20mm 1mx10m 透水タイプ 防草シート 芝生 ガーデニング ベランダ U字釘付き (フレッシュグリーン1x10m)","12289","38","50","180","¥ 6,969","","1","B0CRR8JJY6","B0DG8T67XM","107","32.5","26.5","18970"
"Jackery SolarSaga 10M延長ケーブル ソーラーパネル接続用 ポータブル電源 全シリーズ専用 (フラット)","12290","50","100","2","¥ 5,099","","1","B0GJZ2YSXQ","B0D966TFGP","20.5","19","3.2","860"
"マキタ(Makita) 充電式ハンディーソー 18V バッテリ、充電器別売 MUC101DZ","12291","69","50","221","¥ 25,100","¥ 25,100","21","B0BTSW1LW4","","42","23.6","11.2","1990"
"【ケース販売】TRUSCO(トラスコ) 配線カバー70 1M アイボリー TRDR701IV×35本","12293","15","","272","¥ 47,763","¥ 47,763","1","B09ST3S2XZ","B09PBXXWT8","110","50","50","1800"
"Tefuawe W108×H50.8mm 金メッキ溶接レンズ、陰影固定 10.5,TIG 最小定格値 5アンペア、厚さ4.8mm, HD自動変光溶接レンズ、配管用溶接マスク部品……","13470","20","","28","¥ 9,077","","1","B0BL3Z2SDT","B0CYLTZ2NT","12.8","6.9","3.1","90"
"タジマ タジマセフレーザー距離計Ｇ０３ブラック TSFLK-G03BK","12302","41","50","69","¥ 7,445","¥ 7,445","21","B0BHZ24Q4T","","18.2","11.2","5.3","230"
"ミナトワークス 乾湿両用 業務用 掃除機 バキュームクリーナー MPV-201 容量20L コード10m","12305","62","","257","¥ 13,240","","1","B07221ZY3D","B0FNQVX4LQ","52.6","45.5","40","9000"
"マキタ(Makita) バッテリー A-61715","12311","87","100","29","¥ 11,473","¥ 11,473","4","B07BDRHMKR","","11.9","8.1","6.1","410"
"シンワ測定(Shinwa Sokutei) 3倍尺 のび助 一方向式 2 E 15尺5寸 併用目盛 65195","13193","44","","218","¥ 10,029","¥ 10,925","21","B072HMRYX9","B073QK27ZL","179","7.2","3.2","1161"
"【Amazon.co.jp限定】ボッシュ(BOSCH) カットソー・マルチツール用ブレードセット 木材・金属用 9枚入り 通常購入より約40%お得な特別キット 全メーカーのスターロックシステムで使用可能","12319","72","50","5","¥ 6,750","¥ 6,750","2","B0G4LPQVMX","B0GXJX83F3","13.2","10.3","4.9","200"
"関西ペイントブラーノ PRO-SELECT 屋根用遮熱塗料 モスグリーン つやあり14kg ペンキ 塗料 水性 [ 遮熱 x 防汚 x 高耐久シリコン ] 日本製 業務用","34528","29","","49","¥ 13,999","","1","B0DXKLS5VX","B0F28YQG2M","35","24","24","15200"
"COLORFUL CANDY STYLE 2点セット 防災頭巾 防災頭巾カバーキルティング 未来の惑星探査と宇宙船 防災訓練 小学校 幼稚園 子供 キッズ かっこいい おしゃれ 男の子 NV101300","28163","10","","5","¥ 6,967","¥ 6,967","1","B0DNDNW91G","B0GPWYVPL1","43.8","35","9.9","870"
"トネ(TONE) インパクト用ボールジョイント(ショートタイプ) HPNJ80S 差込角25.4mm(1"")","12332","40","","123","¥ 8,209","¥ 8,209","1","B07SVHRL9J","B07WSLBM9G","11.8","5.8","5.7","970"
"Wera(ヴェラ) 05004046001 | 8100 SB 6 サイクロップスピードラチェット3/8"" セット, ミリ, 29点 【日本正規輸入品】","12333","43","","1196","¥ 24,336","¥ 24,336","38","B00IS0W9VW","B0FTFGBNDD","26.3","13.5","6.5","1642"
"TRUSCO(トラスコ) パーツケース 214X118X45 TPC-O5LL × 80個 【ケース販売】","18124","20","","424","¥ 26,000","¥ 26,000","1","B0C4TGDW5R","B0C8B49S9Y","320","133.3","22","12000"
"花ごころ オージープランツの土 12L×3袋","33163","20","","36","¥ 5,331","¥ 5,331","1","B0CK1WMKN4","B0DVB32YHH","54","39","20","22500"
"マキタ(Makita) UB1102 ブロワ","12352","58","","115","¥ 10,199","","11","B00S1A6FS2","B07DC63L5M","37.2","21.8","19.8","2920"
"リボス 自然健康塗料　天然植物性クリーナー＆ワックス　グラノス（木部用） 1Ｌ","12358","41","50","74","¥ 5,940","","2","B00JMPFWNO","","24.6","8.8","8.8","1210"
"ホーザン(HOZAN) ハンダ スズ50% 鉛50% 重量1000ｇ 長さ64ｍ 線径1.6ｍｍΦ H-42-3725","12369","48","","66","¥ 10,321","","21","B002TKI83A","B01N0QLMS3","7.6","7.3","7","1036"
"カンペハピオ 水性シリコン遮熱屋根用 専用下塗り剤 つや消し白 7K","12371","81","50","238","¥ 6,345","¥ 6,345","12","B00FGFY5CI","B01K9C4VSK","24","24","17.5","7890"
"Okryain ダクトファン セット 中間取付型 100mm 産業用換気扇 強力 無段階風量調速 ダクト用換気扇 排気ホース ホースバンド テープ付き DIY塗装/ペットトイレ/3Dプリンター用（φ100mm/セット品）","12374","13","","5","¥ 6,102","","1","B0GVJFH2MD","B0H9X8H21D","29.3","20.8","14.5","1060"
"DEPOS ガーデンファニチャー ラタンバルコニー チェア２脚セット グレー 屋外家具","13579","27","","4","¥ 20,080","","1","B0DVGTHHWK","B07NQ84HN7","89","75","75",""
"マキタ(Makita) 充電式スプリットモータ 40Vmax モータ部のみ アタッチメント・バッテリ・充電器別売 MUX01GZ","12380","39","50","65","¥ 39,837","¥ 39,837","13","B08XK8HWVR","","106","20.5","15","4600"
"5本 通常版 むとひろ ソーチェーン 25AP-60E対応 チェーンソー 替刃","12384","48","","231","¥ 6,150","","1","B01KHKO7RO","B09R9D46HT","26.3","24.8","3.6","720"
"MechCore ダクトファン 150mm ダクト用換気扇 大風量540m³/h 強力 省エネ 静音 中間取付形ダクトファン 丸形タイプ 塗装ブース用換気扇 焼肉用 家庭用 業務用 産業用(150mm)","12389","49","50","31","¥ 5,593","","1","B0FXKGPLK7","B0G6Z5TRB3","32.3","24.4","24","2350"
"川口技研 室内用物干し ホスクリーン SPCSS-W ホワイト 2本組","12394","42","50","195","¥ 5,130","¥ 5,130","11","B00KS103Z8","","22.4","10.1","5.9","540"
"パナソニック(Panasonic) コスモC露出 L付75A16+4 BQR37164","12396","40","","1","¥ 43,498","¥ 43,498","5","B00KNT8RLW","B09LL7G2CH","59","39.8","15.3","6000"
"カンペハピオ ペンキ 塗料 油性 つやけし さび止め さび止め剤入り 速乾性 速乾エポキシさび止め グレー 7L 日本製 00117645091070","12398","35","","57","¥ 11,552","","4","B00EC4CE9U","B0BD6BTT53","23.6","23.6","17","9920"
"Nicesolar 100W フレキシブル ソーラーパネル 12V ソーラー充電器 単結晶 IP68 フレキシブル 超薄型 超軽量 太陽光発電 RV キャンピングカー 船舶 テント アウトドア 住宅 防災などに活躍","12404","26","","24","¥ 9,310","","1","B0DSMN7WK3","B0DSMPVSSM","94","59","3.5","2430"
"【2個セット】 LED投光器 100W 12000LM 昼光色 ledライト 屋外 IP66 防水 豪雨対応 作業灯 led 100V対応 アース付きプラグ PSE認証済 灯光器 高演色Ra85以上 外灯 高輝度 省エネ 120°広角 屋外照明 看板灯 駐車場 ガレージ 倉庫【新型リフレクターカップ】","12410","38","","37","¥ 5,999","","1","B0F82V4298","B0F82Q7Q9S","26.9","18.4","14.1","1990"
"Wera(ヴェラ) 05022669001 | 3950SPKL/9 ステンレス マルチカラーヘックスキーセット 【日本正規輸入品】","12414","42","","2420","¥ 7,938","¥ 7,938","15","B01KVLLJ84","B0FT34GLYS","24.9","9.7","3.9","650"
"ZOTA ポリッシャー 車， 電動ポリッシャー コードレス 8段階変速 125mm 12V 2800-5500rpm 軽量 強力 バフ付き ダブルアクションポリッシャ 偏心構造 残量表示 小型 車磨き ワックス作業 塗装面用 家庭用 艶出し 傷消し","12423","58","100","33","¥ 5,499","","1","B0FW3TY1DR","","26.2","19.6","17.9","1790"
"【Amazon.co.jp限定】近与(KONYO) SUN UP 荷締めベルト 4m 10本セット","12424","38","","37","¥ 5,314","¥ 5,314","1","B01LEHL1J6","B081HBBF9Y","23.2","22.9","12.4","1900"
"Renogy Rover 60A MPPTチャージコントローラー　12V/24V/36V/48V 自動的識別 LCD液晶画面付き 多様なバッテリー対応　自己診断機能、電子保護機能　太陽光発電 災害対策 停電 防災予備品 車中泊 船 キャンプ 【日本語説明書付き】","13240","59","","66","¥ 31,682","","2","B07MT1TS7G","B07WTLCK6L","36.8","29.4","17.9","4200"
"ガーデンマスター(Gardenmaster) 物置 収納庫 宅配ボックス 屋外 幅107×奥行44×高さ55cm 180L 樹脂製 軽量 簡単組立 南京錠取付可能 収納 ゴミ箱 玄関 ベランダ 庭 屋外物置 XGB-60G(GY) グレー","12434","48","","15","¥ 9,408","¥ 9,408","2","B0GSDGTCVP","B0GSF539N1","109","53.5","12.5","10200"
"SK11(エスケー11) オイルレスエアコンプレッサー SW-202 タンク容量35L SW-L35LPF-01","12435","17","","14","¥ 41,765","¥ 41,521","5","B0H82YMYMS","B0H83159N8","73.5","66","36","29000"
"ペット用床保護マット クリア フローリングマット、厚み1.5mm PVC 床保護シート 床傷防止 キズ防止 凹み防止 クリアマット、大型デスク足元マット、チェアマット 透明 キッチンマット、ハサミでカット可能、お手入れ簡単、床暖房対応(160*230cm)","18012","13","","15","¥ 10,365","","1","B0DLJVKDJV","B0DLJVH5VG","2.5","2.5","2.5","1000"
"MIWA FESP 08FESP 交換用 PSシリンダー セット 断熱ドア仕様 YKKap HH4K14524 (ブラック)","12452","44","","68","¥ 13,980","","1","B0BWNRSS9T","B0BWNTS1DH","22.2","16.9","9.4","1900"
"Bosch Professional(ボッシュ) 吸じんオービタルサンダー GSS20-18A 電動サンダー 【塗装はがし・下地仕上げ・粗削りなど】","12453","29","","12","¥ 9,000","¥ 9,000","12","B0F2SR6W6N","","34.6","17.7","12.5","2050"
"DAISHIN DLA-10T600 センサーライト 6000ルーメン 6灯式 100v コンセント ac 100v 調整 調光 駐車場 賃貸 業務用 調整 取付ブラケット 配管 防水規格 防雨 停電 威嚇 内玄関 屋外 人感 屋外 防水 明るい 壁 強力 暗くなると点灯","12462","56","50","205","¥ 6,700","¥ 7,704","6","B09CGK1SKZ","","22.5","21","15.9","1600"
"ガーデンマスター(Gardenmaster) アルミワイド縁台 幅180×奥行90×高さ40cm ガーデンベンチ ガーデンチェア バルコニー 軽量 踏み台 足場台 デッキ お庭 ダークブラウン DXB-180","12462","40","","262","¥ 27,329","¥ 27,329","2","B0874VDMDK","B0DNPXXKXW","92","92","15.5","16000"
"ガーデンプロ 人工芝 ロール 1m×10m 芝丈20mm 50万本/m² リアル 子どもペット対応 UVカット DIY 庭 ベランダ ドッグラン","15724","43","50","37","¥ 13,980","","1","B0GY4N5MDJ","B0H1BCLT7D","105","24","24","17000"
"【2024】超硬 ステンレス ホールソー 穴あけ 電動ドリル 木工 鉄 金属 ステンレス鋼 アルミなど DIYのプロ推薦 ホルソー ホールカッター (160mm)","12478","48","","70","¥ 8,480","","1","B0CVVFPLFB","B0D5Y9J8N6","16.8","16.3","9.6","1540"
"NANWEI チェーンソー 充電式12インチ 自動給油式 工具レス調整 電動チェーンソー ブラシレスモーター コードレス 軽量","21365","40","","172","¥ 9,980","","1","B0FGCXS6C9","B0GZ1Q33QB","36.8","23.9","18.8","4240"
"MGOXO ランタン 3個 LEDランタン 3色切替 電球色 3600mAh USB 充電式テントライト 小型 寒色/暖色を長押しして切り替えます き アウトドア携帯キャンプ用品/応急 防災 停電用 キャンプランタン","12875","45","","132","¥ 5,999","","1","B0CJT65C5G","B0F5Q3BKZV","33.9","11.7","10.9","930"
"ユーエム工業(Silky) 高枝鋸 ハヤテ4段 最長6.1m 372-42 地上から安全に剪定 本体(4段)","12504","41","","347","¥ 26,145","¥ 26,145","6","B0014C7Y6G","B07SB8VJV4","165.1","17.8","17.8","5534"
"[A] ニッペ 速乾さび止めエコ グレー [20kg]","12505","35","","131","¥ 8,980","","2","B00PEB40S8","","34.9","23.8","23.8",""
"Evopow ポータブル電源 LiFePO4 ソーラーパネル セットリン酸鉄 515Wh/160938mAh ソーラーパネル40W","12509","57","50","28","¥ 33,999","","1","B0CJBY96CL","B0CJC5ZKQW","36","30","27","7000"
"山下工業研究所 コーケン 1/2(12.7mm)SQ. インパクトホイールナット用ソケットセット(薄肉) 3ヶ組 14201M","12525","45","50","428","¥ 5,046","¥ 5,046","30","B003B3AUCG","","12.7","9.6","3.9","626"
"ブロワー 強力 洗車【1800g超強推力・160m/s圧倒的な風速】エアダスター【ドイツ レッド•ドット賞受賞ブランド】","12530","36","","195","¥ 14,393","","4","B0DYP2FDBC","","33.2","23.4","10.3","1350"
"Tuyiutm PVC編みホース 耐候性・耐寒性・耐熱性に優れる 直径14mm/18mm/23mm 家庭用および農業用散水ホース (内径23mm,ホワイト（特厚1mm）30mホース クランプ3個付き)","32754","2","","","¥ 7,703","","1","B0GYR2P4F1","B0GYR1K4M7","20","20","20","3000"
"パナソニック(Panasonic) 天井埋込換気扇用ルーバー38タイプ用 インテリアタイプ ホワイト FY-38L46","12538","44","","249","¥ 6,090","","6","B00HEWG2C2","B085LW957D","54.4","46.6","8.4","1400"
"ソーラーライト ガーデンライト 8個セット 太陽光パネル充電 埋め込み式 暖色系 高輝度 IP68防水 自動点灯/消灯 屋外 景観照明 電気代不要 玄関先/庭/芝生/車道/歩道","12540","45","","1037","¥ 5,020","","1","B0CLGYZTVV","B0DSTPMRPQ","34.4","25","9","2880"
"防犯カメラ 屋外 モニター付き 自動追尾 ワイヤレス 4台 監視カメラ 屋外 12インチ大画面 24時間録画 500GB HDD内蔵 最大10台接続","12547","40","","4","¥ 37,999","","1","B0FVX6G7B3","B0H29V8FXW","38.3","32.4","19.9","4210"
"パナソニック(Panasonic) 熱線センサ付自動スイッチ 壁取付 コスモシリーズ ワイド21 2線式・3路配線対応 LED専用 (明るさセンサ・手動スイッチ・スイッチスペース付) ホワイト WTK18115WK","12554","41","","69","¥ 8,402","¥ 10,789","11","B07GSMB3Y3","B085LW5KHH","11.5","6.5","6.1","130"
"エコーテック プラスチックがバターのように切れる！ 本多電子製 ホビー用小型超音波カッター ZO-41Ⅱ","12561","52","50","64","¥ 39,347","¥ 39,347","11","B0CK4F4CW1","","26.1","16.9","9.4","870"
"EDGE SHINE 泡洗車 コンプリートセット ケルヒャー専用 ショートガンPRO & フォームガンEX 5段階マルチスプレー ノズル付属 高圧洗浄機 パーツ 洗車用品","12562","38","50","58","¥ 6,240","","1","B0CWGLSTP3","","27.8","19.1","13","1190"
"TEKTON 25mmアングルヘッドオープンエンドレンチ | WAE84225","12569","4","","51","¥ 7,149","","18","B0D96T6S53","B0D9HMQBMJ","25.7","6.4","2","363"
"Toodour Solar Torch Flame Lights, 6 Pack Solar Lights Outdoor with Flickering Flame, Waterproof Solar Pathway Lights Landscape Decoration Lighting for Garden, Lawn, Patio, Yard, Outdoor Decorations","32377","9","","2516","¥ 5,947","","1","B09PL4W8DD","B0HDTD3C9M","22.2","17.8","15.5","780"
"MIWA(美和ロック) RA用 85RA 82RA 04RV 鍵 交換 PR-J ディンプル シリンダー錠 玄関ドア ロック 自分で 取替え シルバー(ST色) MCY-226 交換手順書付","12590","47","","27","¥ 8,980","","1","B0B6ZRK81M","B0B73XNKJR","19.2","16.5","4.9","310"
"アサヒペン 塗料 ペンキ 水性・油性兼用 塗料固化剤 MEGEサイズ 1.5kg 固める ペイント固化 可燃ごみで捨てられる 日本製","12601","44","","477","¥ 6,350","¥ 6,600","5","B0GZ68CZTB","B0CNPM3QC6","35.5","23.5","5","1550"
"マキタ 互換 充電式 インパクトレンチ 450N 2.0Ahバッテリー 充電器 収納ケース ソケット3種 フルセット ブラシレスモーター リングライト 搭載 タイヤ交換 電動 コードレス 18V バッテリー対応 Longsafe (IPW02-BL) (本体+ソケット+収納ケース+バッテリー1個 +充電器)","12606","40","","14","¥ 6,980","","1","B0FG1JCP9G","B0FG1JV3F1","34.8","30","10.8","3060"
"三菱電機(MITSUBISHI ELECTRIC) パイプ用ファン 浴室・トイレ・洗面所用 接続φ150mm 電源コード式 V-12PD8","12609","42","","54","¥ 5,477","","12","B0B4HVS95J","","22.6","22.6","15.4","910"
"MORE (モア) ソーラーライト 埋め込み式 ガーデンライト 屋外 防水 IP65 ステンレス製 自動点灯 庭 玄関 アプローチ 道しるべ LED (昼白色4点+ｿｹｯﾄ4点)","12611","5","","","¥ 16,400","","1","B0H2PVQF83","B0BJ8T8L9F","28","16","15","2500"
"KOJIHOMU エアダスター 洗車 【爆風165m/s・12000mAh】ブロワー アルミ合金 超強力 電動 350000RPM 充電式 コードレス","12615","86","100","164","¥ 11,510","","3","B0FQNVNYMP","B0HGFZVNS9","19.4","11.9","6.4","690"
"FIRE SHOKA STICK(ファイヤーショーカスティック)50秒 2026年製 耐用年数15年 専用マグネット式ホルダーセット","12618","50","","7","¥ 21,477","","1","B0DW8SM15Q","B0FD79NGQ1","37","7.6","7.1","500"
"ベストアンサー 荷締め 固定ベルト ラッシングベルト タイダウン ワッカ 破断荷重 2000kg ベルト幅 50mm 固定側 0.5m ラチェットベルト Iフック ロープフック対応 アイタイプ 巻側 8m 10本セット","12631","24","","80","¥ 19,432","¥ 19,432","2","B0962NNDWZ","B0962NPSHK","43.8","41.5","33.1","20750"
"Senyard 240PCS 1/4-20 ボルトとナットキット（ステンレススチール、1/4-20 六角ボルト、ナット、ワッシャー、レンチ）","12636","26","","302","¥ 6,562","","1","B0DMVVVTCH","B0H463QHXN","23.2","16.2","4.9","898"
"Ornatego 多層式全自動スプラウト栽培器 1.5L大容量タンク＆外付け給水。四季対応温度調節システム。大豆から大根まで対応の汎用設計。毎日新鮮なもやしが食べられる。 (スマートもやしマシン + 外付け1.5L水タンク [3層式])","13780","0","","","¥ 6,900","","1","B0GS5DYJRM","B0GS5M7LG4","86","76","45","23000"
"トネ(TONE) 超ロングめがねレンチ(ストレート) HPM05-3236 二面幅32×36mm","12644","41","","619","¥ 6,306","¥ 6,306","3","B005LB11V0","B07WQZP252","54.5","5","1.8","1220"
"バラ専用 ぼかし肥料 5kg / バラ 有機 肥料 ROSE FACTORY by THE ROSE SHOP","22484","11","","157","¥ 5,680","","1","B0D2K2L274","B0D9V6X87T","26","18","10","5000"
"KABISAFE 金庫 家庭用 22L テンキー式 A4 業務用 警報アラーム 仕切り板 W35 x D25 x H25 cm","12656","42","","191","¥ 8,299","","1","B0F6625DST","B0GV3LDG3T","39.7","35.3","30.7","8400"
"八幡化成 パピエ エコポット角型ロング WH 230 241508","12659","42","","14","¥ 5,257","¥ 5,257","1","B09DPB2H7K","B0DFGZD2X9","30.9","22.8","22.6","860"
"ニッペ(Nippe) ペンキ 塗料 水性シリコン外かべ用 8kg アーバングレー 水性 外壁 つやあり 超耐久 防カビ 防藻 4976124145209","14100","27","","148","¥ 10,356","¥ 10,356","16","B007WZG64U","B01N952PAD","23.8","23.6","17.5","8760"
"CLY LEDセンサーライト 屋内/屋外使用可 人感センサー LED投光器 42W 昼白色 6500K フラッドライト リモコン操作 自動点灯/消灯 高輝度 4200ルーメン 3灯式 IP66防水仕様 省エネ 明るい 無段階調光 防犯ライト 投光器 ガレージ 庭 玄関 倉庫 駐車場 防犯灯 廊下 勝手口 作業灯コード1.5ｍ ACコンセント100V 2Pプラグ 2個セット","12674","32","","274","¥ 6,681","","2","B0CZDSTYZC","B0D97XLK1X","29.2","17.4","13.5","1640"
"パンドウイット ナイロン結束バンド用手動式結束工具 GTH-E","12676","36","","3","¥ 42,020","¥ 43,152","40","B01LNWQ8OK","B0C3ZG5365","30","16.8","1","380"
"Elikliv たかえだ 電動 チェーンソー 高枝切りバサミ6インチ ハンディチェーンソー 充電式 剪定ばさみ 1台4役 セット大容量バッテリー2個","12680","39","","18","¥ 11,900","","1","B0GQ2ZQ56V","B0HD5MKYDK","121","20","13.2","4400"
"マキタ 4モード・インパクトドライバTP131(14.4V)黒 トルク145Nm 6Ahバッテリ2本・充電器付 TP131DRGXB","13674","42","","11","¥ 69,800","","2","B01G12413C","B083SFS8BV","37.8","32.7","13.7","4720"
"ガーデンチェアー クレタ チェアー １脚 モカ（ プラスチック 軽量 屋外 イス ガーデン チェアー クレタ イタリア製）","15956","9","","80","¥ 5,290","","1","B071QXFGRZ","B07B468RTC","86","56","56",""
"MEIKEE ガーデンライト ソーラーライト スポットライト 屋外 6灯 電球色 2700K 雰囲気作り ソーラー充電 6000mAh大容量 6*200LM 3段階の明るさ調整可能 分離式 庭園照明 明暗センサー 自動点灯/消灯 IP66防水 連続点灯12時間可能 照明器具 電気代0 玄関先 庭 車道 芝生 歩道","12690","12","","20","¥ 5,338","","1","B0H2HQWPX1","B0HF7NZ678","25.3","19.6","10.9","1770"
"HiKOKI(ハイコーキ) 10.8V 充電式 インパクトドライバー WH12DA 蓄電池2個・充電器付 WH12DA(2BS)","21202","47","","2","¥ 22,601","¥ 22,601","10","B0D8962M5C","B0D6N24BVT","37.5","27.5","10","2600"
"清水(Shimizu) オムソリ いたわりエコ手すり 階段用 長さ3600mm 外径32mm","12696","61","50","617","¥ 7,660","¥ 8,509","6","B007RX3JVU","B09SPS1763","124","12.5","3","2370"
"トラスコ中山(TRUSCO) スパッタフェルト 厚さ2.8mm×幅1000mm×長さ20m 28CF-120","12699","17","","143","¥ 51,164","¥ 51,164","14","B002A5Y8LA","B0CFY9V413","98","31","31","7200"
"フジ鋼業 チップソー研磨台 Dケンマー","12705","45","50","217","¥ 5,897","¥ 5,897","9","B00BF3SYE0","B0B433HKSD","32.6","25.4","12","2520"
"ECO-WORTHY 45インチ 折りたたみ式・傾斜調整可能な脚付きソーラーパネルマウント、調整可能な取り付けブラケットキット","16735","39","","58","¥ 5,795","","1","B0D5QSGB77","B0DWJD8NG2","118.3","10.7","5.9","3330"
"南海プライウッド アームハング棚柱SS 棚受(木質棚板用) SSブラック 奥行400mmタイプ 2本入(ビス付) SS-MD40B","20680","39","","59","¥ 5,012","¥ 5,328","2","B08BL1MMX6","B0FNCPCJF6","42","9","3","1020"
"T-PROFESSIONAL 高圧洗浄機 2.0 スタンダードセット ハンディ コードレス コンパクト収納 洗車・外壁・ベランダ掃除用 家庭用 充電式 自給式 最大水圧3.5MPa 超軽量 70分稼働 コンセント不要 キャスター付 (ブラック)","12714","40","","47","¥ 23,100","","2","B0F98Z9BNR","B0FR8ZPN6N","35.1","34.2","15.4","3990"
"ブロワー 強力 ブロアー 充電式 【プロ監修・2600g超強推力・255m/s究極の爆風】2個 20000mAh大容量バッテリー搭載 【耳栓付属】3種類のノズル付き 航空級モーター・無段階風力調整 軽量で持ち運びやすく12枚大ファンブレードターボブロワー庭掃除/落ち葉/洗車/キーボード/エアコン/網戸/除雪/バーベキューさまざまな場面に適しています 日本語説明書付き","12718","2","","33","¥ 9,999","","1","B0H3P48GJ5","B0HFMP6K9X","38","28.2","10.1","2630"
"津村鋼業 刈刃セット ハイパーフリー 500SP 自走式斜面草刈機用","12732","39","","65","¥ 7,500","","7","B07MGZW4FG","","21","20","9.8","1880"
"Boobest 幅を広くして厚くする 壁紙シール 幅120CM ×長さ900cm リメイクシート 大理石 壁紙 のり付き 灰色 厚手 防水 装飾シート 光沢があり 大理石 ダイノック シート 台所 キッチン 玄関 テーブル 作業台 家具補修 リフォームシート 簡単な貼付 接着剤付","12733","22","","75","¥ 12,880","","1","B0FL7LF4ZG","B0DD7JBK4F","122","6.1","6.1","3100"
"ミルオ君の鏡工房 LEDミラー 鏡 曇り止め 浴室鏡 ライト付き ウォールミラー 壁掛け 洗面台 省エネ 明るさ調整 飛散防止 ふち型 円型 丸い 60cm","12746","36","","27","¥ 13,290","¥ 13,290","1","B0F1TVDHN2","B0F1TT32BN","67.5","67.5","5.5","5800"
"Relieved Life 防災リュック2個付きセット 2人用 防災士監修 防災セット 防災グッズ","12748","32","","12","¥ 23,800","","1","B079XWNKH2","B0CL4FH682","48","29","21","7900"
"TOTO キッチンスプレー TH5C0624","12752","48","50","273","¥ 23,412","¥ 23,412","5","B07C8ML7B9","B09NDW1KTZ","13.4","11.8","7.2","160"
"日晴金属 クーラーキヤッチャー 平地二段 アイボリー C-WG","12752","63","50","278","¥ 8,800","¥ 8,909","19","B004U4T2GK","B0B6TLCYHF","119","19.4","6.4","10800"
"Boobest 幅80cm×長さ9m ゴールド ピンク 壁紙シール キッチン 防水 大理石 シート 撮影用 大理石 リメイクシート タイル ドア 襖 机 天板 家具 リメイクシート テーブル 浴室用壁紙シート おしゃれ シンク に 貼れる シート 天井 浴室 トイレ壁紙 のり付き 貼って 剥がせる壁紙 ダイノックシート 簡単な貼付 接着剤付 賃貸剥がせる壁紙 リビング","12760","25","","79","¥ 6,860","","1","B0CS2GFKTS","B0C5CCT9RG","81","6","6","2320"
"sozaka 充電式 カクハン機 18V パワーミキサー マキタ 18V バッテリー 互換対応 かくはん機 攪拌機 かくはん器 本体のみ 【バッテリー・充電器 別売】 2年間メーカー保証","12763","42","50","56","¥ 9,899","","1","B0D97QFHWK","","34.1","27.1","9.8","2550"
"KIWEN 投光器 LED 屋外 100v 作業灯 ledライト 昼光色 6500K 高輝度 高演色 IP66防水 豪雨対応 外灯 灯光器 省エネ 軽量 120°広角 屋外照明 看板灯 IP66防水 豪雨対応 PSE認証済 駐車場 ガレージ 倉庫 BBQ 野外 工事用 屋外用 日本語説明書","16335","37","","10","¥ 11,749","","1","B0CB18QZQ3","B0H8BH9SPV","32.9","23","12.1","2520"
"LIXIL(リクシル) INAX 化粧鏡 スタンダードタイプ(防錆) KF-4510A","26133","21","","385","¥ 13,750","","4","B00UUQSAYM","B076LX7MYL","110","55","11","5000"
"アイウィス(IWISS) 太陽光 ソーラーパネル MC4ソーラーの切断・ストリップ・圧着・コネクタ組立 工具セット2.5/4/6mm2対応 KIT-LY-2546B","12768","41","","114","¥ 5,990","","2","B00W4WRQVI","B0876KRH9F","29.9","14.5","6.8","1410"
"ムサシ(MUSASHI) センサーライト ブラック 本体サイズ: 幅 32.2 × 奥行 15 ×高さ 13.5 cm 14W×3灯フリーアーム式LEDセンサーライト LED-AC3042","12769","93","100","665","¥ 8,480","¥ 9,118","29","B07Y2RX5SF","","23.4","15.5","13.7","1260"
"日産化学 除草剤 ラウンドアップマックスロード 5.5L×3本ケース販売 希釈タイプ","12773","20","","6","¥ 37,800","","5","B09S37FMXZ","","37.5","37","24","24620"
"タカギ(takagi) ホース ホースリール オーロラV (CG) 50m R550CG","12775","61","50","9","¥ 13,310","¥ 14,093","19","B0CM5Q467G","","43.8","41.7","40.9","12100"
"二重窓・簡易内窓(省エネ・冷暖房効果大幅アップ) ベランダ窓用セット(内窓内寸 高さ:~2,100mm 巾:~1,830mmまで) ブラウン","12783","37","","6","¥ 13,647","¥ 14,209","13","B00WQWV06S","B0B5Z3P9DQ","203","8","6.4","5000"
"工進(KOSHIN) 吐出ホース 径6×20m DP-141","14031","36","","113","¥ 5,509","¥ 5,509","6","B0027WTLUY","B077CXCWB4","24.4","24.4","9.7","1430"
"卓上レンジフード 卓上換気扇 焼肉煙吸引機 フィルター水洗い可 低騒音 2段階風量 airfun 省スペース設計 持ち運びやすい キャンプ/室内BBQ/在宅キッチン [並行輸入品]","12787","12","","4","¥ 11,099","","1","B0HCY85MN6","B0HD6RH2N5","31.5","22.6","21.8","1640"
"304ステンレス ターンバックル 防錆 高強度ターンバックル ステンレス フック＆アイ リギング テンショナー 金具 耐候性フック ロープ固定 テント設営 構造物補強 (M10 10)","12789","42","","145","¥ 6,999","","1","B0DBQ4PXXL","B088QRHC43","24.3","13","4.8","2250"
"Fkstyle【工事不要！大容量ポスト一体型】宅配ボックス 郵便ポスト付き 110L/70L 角型設計 0.7mm厚亜鉛メッキ鋼板 ダイヤル錠＆キーロック式 防犯対策 印鑑ホルダー搭載 雨除けひさし 簡単設置 置き型","12794","24","","260","¥ 12,312","","1","B0DJCR5SVG","B0D8T5FV9B","60.3","44","34.5","12150"
"[山善] 芝刈り機 グラスバリカン AC電源 両刃駆動 ガード付き 刈込幅約160mm 刈込高さ調整15-30mm 延長コード別売 カーキ YLB-N164(KH)","12797","45","50","108","¥ 5,418","","1","B0C2NZSWHH","B0C2XTTZS3","39","18.2","16.2","1520"
"ガーデンガーデン 天然木製 花壇フェンス ボーダーフェンス ピケスティック ラージサイズ 4枚セット ウォッシュホワイト 幅66cm×高さ91cm JSBF-STPKL66-4P-WHT","26417","20","","137","¥ 13,500","","1","B098K4351F","B00HE7RS98","95","68","10","6500"
"[武蔵野ユニフォーム] 2026年 快適ウェア用 SV900 19Vリチウムポリマーバッテリー ファンケーブルセット 防塵 防滴 IP54 村上被服 HOOH 電動ファン用ウェア ストラップ付<025-SV900-ス>(21-ﾒﾀﾘｯｸﾈｲﾋﾞｰ)","12800","36","","12","¥ 11,272","","2","B0GPW7FKZB","B0GPWDLJ3B","32.9","14.3","5.4","740"
"TRUSCO(トラスコ) ナベ頭組込ネジ 三価白P-3 サイズM5×15 41本入 B750-0515 × 10 【ケース販売】","12801","40","","24","¥ 5,000","¥ 5,000","1","B0C64XJWS1","B09NWL7QG9","32.7","14.9","9.2","1792"
"VaryPaper 壁紙シール リメイクシート より厚手 無地 81mx9m グリーン カッティングシート クロス のり付き 貼ってはがせる壁紙 インテリア 壁補修 リフォーム キッチン 装飾シート ビニールシート 防水 防汚 耐熱 おしゃれ DIY 賃貸 トイレ リビング 寝室 浴室 キッチン 家具保護 テーブル キャビネット 子供の部屋","23696","10","","53","¥ 7,980","","1","B09V5G47RY","B0CJRJR2VB","81","5","5","2210"
"パナソニック(Panasonic) コスモシリーズワイド21 埋込電子トイレ換気スイッチ 照明・換気扇連動形 換気扇消し遅れ0~約30分可変形 ホワイト WTC5383WK","12806","93","100","72","¥ 6,122","","10","B08YD5YLV4","","11.6","5.8","5.4","130"
"京都機械工具(KTC) ネプロス 9.5sq.コンパクトフレックスラチェット NBRC390F NBRC390F","12810","54","","6","¥ 16,264","¥ 16,264","24","B077SBQBLZ","B0F2MRCL6V","18.8","10.8","4","240"
"uxcell アルミフラットバー アルミ角棒 6061アルミニウム平板 T6511固体 新しいミルストック 38 x 38 x 305 mm 厚さx幅x長さ","9946","34","","20","¥ 5,417","","1","B0CLS2LB1K","B0GD825DRZ","35.9","8.5","6.9","1250"
"GUVC 強力防水シート 屋外 屋根材 防水テープ 剝がして貼るだけ 自己粘着型 断熱防水補修材 万能止水テープ 耐熱耐低温 厚さ1.5ｍｍ 屋上・屋根使用可能 自由にカットできます 補修シート 水漏れ防止テープ (15m,ブルー-W：30cm) [並行輸入品]","19177","14","","6","¥ 5,702","","1","B0GY4HBWY7","B0GY4PVP4Z","20","5","5","500"
"KVK ニューハイメタルホース シルバー 1.8M ZKF2NH-180","12830","65","50","361","¥ 5,100","¥ 5,255","19","B00IHVMEGW","B092MXWTSY","24.4","24.1","4","430"
"Boetpcr 互換 マキタ 18v バッテリー 充電器セット BL1830B 3.0Ah 薄型 軽量化 LED残量表示 A+級セル採用 2個付き DC18RC充電器付き マキタ 18v バッテリー BL1815N BL1820B BL1830B BL1860Bなどに互換可能 PSE認証取得済","14823","6","","30","¥ 7,380","","1","B0GVQFRW5L","B0HBF13GR6","26","13","10","1280"
"マキタ(Makita) 集じん機(乾湿両用) 25L VC2500","12840","58","","1","¥ 48,183","","11","B074J27SFC","B07DC56FWP","61.2","57.2","37.2","9240"
"アルチザンツール【日本ブランド】 塗装 スプレー ガン 18V日立ハイコーキ BSL1860 BSL36A18バッテリー使用可能アダプター付きコードレス 充電式 ATSG01B タンク 800ml予備ボトル入り 小型電動 家庭用塗装ガンペインター エアガン ボトル ペンキ バッテリー別売り","12841","47","","89","¥ 5,678","","1","B0CP38MKRC","B0GKGCZ4SV","26.2","20.2","18.8","1070"
"モトユキ グローバルソー チップソー 鉄・ステンレス兼用 FR-147N","12846","37","","32","¥ 5,330","¥ 5,500","21","B00G0N2K90","B078SBY79Q","20.6","18.6","1.1","172"
"BLUETTI ポータブル電源 EB3A 268Wh/600W APP遠隔操作 EPS機能付き 電力リフト機能付 エコモード機能搭載 リン酸鉄リチウム","12853","49","","753","¥ 22,980","","1","B09XWNYZFG","B0H94XZ6ZH","32.6","30.4","25.6","6170"
"マキタ(makita) レシプロソー AC100V JR3051T","12858","42","","859","¥ 17,273","¥ 17,273","10","B0843HVY3R","B0FNBKWSCN","52.1","27.3","10.8","4218"
"Panasonic (パナソニック) スマートスクエアフード用幕板 FY-MH756D-S","12859","39","","284","¥ 6,854","","8","B00OCDCNSS","B085LV73GJ","93","63","6","3260"
"晨陽小店 日よけ・雨よけ兼用 防水サンシェード シェードセイル 目隠し 屋外 庭・ベランダ多目的タープ コーヒー色 3m×5m","27906","25","","91","¥ 6,899","","1","B0D91ZXXKY","B0DQL1CQ57","39","27","5","2300"
"アステージ ABSストロングケース GT-R","12860","41","","185","¥ 6,980","¥ 7,615","21","B001EMGP6Q","B0GWQ8SW4F","45.6","33.7","14.6","2020"
"電動剪定バサミ【山本造園会社監修・2026新登場】35mm切断 3段階開口 ブラシレス マキタ18V対応 2000mAh×2 PSE認証 液晶表示 剪定鋏","12863","7","","3","¥ 12,800","","2","B0H8N11GXT","","36.9","30.8","10.7","2790"
"マキタ ソフトインパクトドライバTS141(18V)青 トルク40Nm バッテリ等別売 TS141DZ","12881","45","","143","¥ 25,774","¥ 25,774","14","B01C3WQ4YS","B083SH2XPZ","24.1","19.2","8.4","1040"
"【ケース販売】日本農薬 殺虫剤 スラゴ粒剤 100g×60個 セット販売","12887","39","","","¥ 18,990","¥ 18,990","1","B0BQBSBC37","B0BS5ZBS2V","45.5","27","19.5","6500"
"SOLPEX ソーラーデッキライト屋外 16パックソーラーステップライト IP67 屋外階段、ステップ、フェンス、手すり、庭とパティオのための防水ledソーラーライト (ウォームホワイト)","12889","41","","1051","¥ 5,681","","2","B0BQ6NF6TB","B0CCMQ3WD3","19.1","14.4","10.8","1170"
"【業界初・ワンタッチロックで連続噴水・バッテリー交換可能・45分連続使用】8MPa 折りたたみ式 高圧洗浄機 コードレス 充電式 タンク型 4段階水圧調整 電池 残量表示 ブレーキ付き 360度回転キャスター 改良型調整可能フォームボトル 安全ロック 14Lバケツ 6in1ノズル コンパクト 持ち運び便利 水道接続不要 女性も手軽に使える 洗車/キャンプ/ベランダ/防災/年末大掃除","12898","43","50","16","¥ 12,799","","1","B0H6HJQY54","B0H7GL9Z7W","34","34","25","4000"
"【ケース販売】TRUSCO(トラスコ) ダスター刷毛356 3インチ75mm TPB3563×10本","12899","47","","489","¥ 7,000","¥ 7,000","1","B09ST9M3X7","B09VDQ9GKS","26.9","16.8","10.3","8880"
"両面アルミ断熱シート 8mm極厚 5m 大判 窓 床 車 壁 屋根 両面アルミ蒸着 保温 保冷 防水 結露防止 節電対策 ハサミでカット可能 マジックテープ200枚＆収納袋付き (100cmｘ500cm)","12910","51","","55","¥ 5,990","","1","B0D9RZQZYL","B0D9S1GR8Z","102","23","22","1200"
"【32種48点】美味しさにこだわって選び抜いた非常食セット 7日分 5年保存 MIRAI SAVER【防災士監修】長期保存食 アルファ米 おやつ付き 飲料付き 3食×7日分 21食分 備蓄食 防災食","12921","41","50","22","¥ 19,950","","1","B0DZ67DN46","B0F91LVYVG","43","34","20.5","10900"
"【高枝切りポール付き・引金連動機能】Kebtek 高枝切り電動剪定鋏 21V 切断径40mm コードレス 【JA東京剪定工具】 充電式剪定鋏","12922","70","50","87","¥ 36,798","","1","B0BMTQL6N4","B0BMTVQXKW","132","15","12","4200"
"タンスのゲン ウッドパネル 人工木 54枚セット 4.8平米用 ジョイント式 30×30cm 正方形 【ストライプ】 42300001(52489)","13321","13","","585","¥ 17,800","","1","B0CJ4CV1XD","B0C2YN9NDX","98","33","26",""
"バッチリバンドソー刃 マキタPB001G PB180D 2107F(W) バンドソー替刃 5本入 ステンレス・鉄用 14/18山 B-CBM1140","11990","35","","87","¥ 10,500","","1","B07H263L6R","B087WRXQCJ","40.4","34.8","2.4","450"
"白光(HAKKO) ダイヤル式温度制御はんだ吸取器 ハンディタイプ 2極接地型プラグ FR301-82","12946","67","50","100","¥ 20,582","¥ 20,582","21","B0795CPL8F","","31.7","31.3","7.8","1630"
"【Amazon.co.jp 限定】タイルカーペット YIDIHO ジョイントマット【45*45cm 20枚】厚さ4 mm 約1畳 吸着マット タイルマット カーペット 自宅/オフィス 床保護 防音 フリーカット 洗える（ブラック）","39142","3","","97","¥ 6,580","","1","B0DGXHBTNN","B0GSSQBNKF","47.3","46.3","9.5","2500"
"Bosch Professional(ボッシュ) トリマー 【ハイパワーモーター 550W・透明ベース採用・電源100V・回転数33,000/m】GLF55-6","12957","49","50","53","¥ 10,411","¥ 10,411","10","B0D6TWYCQR","","23.9","17.3","11.5","2310"
"SENTRY (セントリー) 金庫 家庭用 小型 収納ボックス 鍵付き 24L A4 テンキー 床壁 固定可能 ブラック X075","12963","47","","2745","¥ 16,536","¥ 16,536","4","B000Z8R73U","B0BHYC14SK","56","42","24.5","8630"
"5本 通常版 むとひろ ソーチェーン 90PX-40E対応【スチール：61PMM3-40】","12967","49","","387","¥ 5,220","","1","B01N2NSQNE","B01N6AZ5QG","30.9","25.2","3.6","690"
"【真鍮&アルミ合金のアダプター採用】ankon真鍮 ショートガン ケルヒャー対応 高圧洗浄機ショートガン 洗車 ケルヒャーショートガン 高圧洗浄ショートガン ケルヒャーフォームガン ノズル スノーフォームランス M22 14mm クイックコネクタ ケルヒャー（Karcher）Kシリーズ対応 噴射圧力4000PSI 掃除用 (5段階マルチスプレー(0〜65度)調整可能＋1Lフォームキャノン付き)","15681","33","","48","¥ 6,758","","1","B0CLCBGGVW","B0FZV7CSQ2","23.1","15.5","13.2","1120"
"スターエム 5010D ダイヤモンドワンタッチ自在錐 60×200","12979","43","","76","¥ 15,471","¥ 15,637","19","B0042R5PM0","B07VNF1HQX","23.7","18.9","8.5","640"
"TRUSCO(トラスコ) アイプレート ステンレス製 9mm (1個=1袋) TIP-9 × 10個 【ケース販売】","12979","40","","165","¥ 13,713","¥ 13,713","1","B0C4TLCYJZ","B0CC81TR8L","26.7","16","15","1060"
"TOTO ロータンク手洗金具 S721、S731型密結タンク用 TSY721BN","12986","38","50","363","¥ 5,252","¥ 5,252","14","B0091FN4LM","B092MXZ6PJ","18.8","13","5.2","20"
"非常食セット 防災食 5年長期保存食 18食分 2人用3日分 備蓄 尾西食品 アルファ米 携帯おにぎり パン 詰め合わせ アソート 災害 kaimoshop","12987","4","","","¥ 6,980","","1","B0H34X9FSZ","","35","25","20","1500"
"ポイレ 日本製 15年保存 簡易トイレセット 120回分 【防災士監修】 非常用 トイレ ボリュームタイプ","12988","34","","920","¥ 6,180","","1","B0BXS54VY2","B0G2SHPS9W","36.2","18.9","11.4","2860"
"ガービー（Garvee） 手すり 階段 屋外 玄関手すり 亜鉛メッキ製 DIY 角度調整可能 屋内屋外用 設置簡単 92cm （ブラック）","17269","28","","46","¥ 6,443","","1","B0FM83SSHN","B0FM7YMYDG","94","16.5","13","5980"
"Waitleyマキタ互換 BL1880B 18Vバッテリー 8Ah カットオフ機能付き 実容量8000mAh互換マキタBL1860B","12992","73","50","74","¥ 7,197","","1","B0GG3RV5MK","","14.8","10.2","9.4","980"
"SK11(エスケー11) エアスプレーガン 重力式 口径1.3mm カップ容量 400CC SPGK-13G","12998","39","","280","¥ 7,381","¥ 7,381","16","B0092IDH2Y","B0GHM6ZZ17","29.9","15.9","11.1","780"
"マキタ(Makita) 300ミリ充電式生垣バリカン 18V バッテリ・充電器別売 MUH307DZ 青","13012","54","50","176","¥ 13,530","","14","B09WV8D1YX","","72.3","20.4","19.2","3120"
"アサヒペン 油性ウッドガード外部用 3.4L パイン 塗料 ペンキ 木部用 木部保護 ステイン 耐候性 耐水性 防カビ 防虫 防腐 シロアリ対策 日本製","13653","45","","12","¥ 7,769","¥ 7,769","19","B0031Z5HI6","B0CNPCZ6NF","28.1","21.6","11.8","3430"
"AAVIVO 物置 収納庫 屋外 360L 防水 耐候 大型 大容量 幅122*奥行56*高さ63cm 屋外収納ボックス 倉庫 ベランダストッカー コンテナ ガーデン/庭/ベランダ 収納 ベンチ 倉庫","13024","14","","1","¥ 10,799","","1","B0H82DLR5W","B0HFVMSXP1","125","62","11","17000"
"【500万画素・有線カメラ】Hiseeu防犯カメラ poe給電 屋外 カメラ 10インチモニター付き 500万画素POEカメラ IP66防水 センサー発光 双方向音声 屋内外対応 暗視撮影 動体検知 常時録画 防犯カメラセット スマホ/パソコン遠隔監視 アプリ通知（カメラ4台＋モニター付きNVR本体＋3TB HDD）","13902","54","","203","¥ 48,800","","2","B094VRT6BL","B0GVQJVMK3","38.5","30.9","19.9","6900"
"マキタ ディスクグラインダ18V 100mm パドルスイッチ型 バッテリ充電器別売 GA408DZ","13027","38","","192","¥ 19,809","¥ 19,809","16","B01BM9PF7K","","33.8","16","13","2450"
"KVK デッキ形2ハンドルシャワー KF12E","13029","39","","68","¥ 12,948","¥ 12,948","21","B001JA7KPI","B092MXWPTC","28.5","20.4","19.2","1820"
"TRUSCO(トラスコ) エクステンションバー 差込角凹凸19.0 全長200mm TSEB6-200 × 5個 【ケース販売】","14074","42","","7","¥ 10,643","¥ 10,643","1","B0C4TGW23X","B0CBTCWFY3","25.4","11.2","8.7","3110"
"【WH4931WP】3m 1個口 接地15A·20A兼用200V器具用延長コード 1個口","13032","35","","10","¥ 5,680","","1","B0DCV51SRQ","","26.9","13.5","7.3","570"
"アサヒペン 水性簡易屋上防水塗料専用シーラー 4L ライトレモン 塗料 ペンキ シーラー 上塗り塗料の密着性アップ 劣化した下地の強化 日本製","13035","39","","151","¥ 5,108","¥ 5,435","12","B0177SU9WQ","B0H83BSZQB","27.5","18.9","12.7","4380"
"CQ01MJ05XSK1 洗面台 シャワーホース 洗髪洗面水栓用 メタルホース 袋ナットなし パッキン付 洗面水栓部材 (CQ01MJ05XSK 後継品)","13040","55","100","3","¥ 7,980","","1","B0H1RTLC3T","","23.3","16.4","2.9","150"
"京セラ(Kyocera) 旧リョービ 充電式ポールヘッジトリマー 本体のみ(電池パック・充電器別販売) 刈込幅260mm BPHT-1800 666550B【伸縮パイプで約3mの高さまで剪定】 リチウムイオン18V スタンダード刃 ニッケルコーティング 刈込幅260mm 最大切断枝径10mm 両刃駆動 連続使用時間30分 充電時間69分 3面研磨刃で鋭い切れ味","13053","41","","8","¥ 17,010","¥ 16,100","10","B0CF54J8F8","B0BDXPT1S3","165","16","14","2000"
"カンペハピオ ペンキ 塗料 油性 3分つや 速乾型 鉄 木部用 アルミ用 油性アルミ用 新ブラウン 1L 油性塗料 日本製 00067645541010","13055","33","","144","¥ 5,077","¥ 5,128","4","B00JOXOE1U","B01KL8TUFG","13.6","11.2","11","1360"
"青砕石 20mm-30mm 60kg（20kg×3袋） 【4号砕石】 静岡県産","37149","13","","93","¥ 7,440","","1","B08CGW27K3","B08CGL1X4J","80","45","15","200"
"MAGOKORO 投光器 LED 屋外 作業灯 30W 3900LM 電球色3000K ledライト 屋外 IP66 防水 豪雨対応 作業灯 100V対応 ワークライト PSE認証済 高輝度 高放熱 120°広角 灯光器 夜間作業 工事現場 駐車場 ガレージ 倉庫 BBQ用 看板灯 野外 集魚灯 (4個 30W)","17919","29","","","¥ 6,950","","2","B0F2MW3V2Q","B0DRCXD9R8","16","13","2","500"
"TRUSCO(トラスコ) 首下ロングボールポイント六角棒レンチ(ロングタイプ) 1.5mm TBLL-15 × 12本 【ケース販売】","13084","42","","","¥ 5,557","¥ 5,557","1","B0C4TJSMXB","B0CC7Y9YH3","17.7","10.3","7.5","240"
"にんにく 種 球根 種用ニンニク ホワイト種 約20ｋｇ 箱売り （令和8年産にんにく球根）野菜 家庭菜園 ガーリック プレジールショップ 中国産","13094","11","","4","¥ 12,800","","1","B0FH6DGH7P","B0FH6GK5V2","48","30","27","20000"
"防災リュック 【防災士推奨・64点セットグッズ】 2人用 避難リュック ボウサイセット 寝袋 エアピロー 非常袋 簡易トイレ 給水袋 保存水 ウォーターバッグ ビスケット 軍手 マスク 災害セット 災害グッズ 非常用持ち出し袋 長期保管 非常用 さいがい対策 地震対策 女性 男性 ぼうさい用品","13095","37","50","5","¥ 16,300","","2","B0FCWPHP9G","B0GVLPY8TS","40","34","30","2000"
"CARTMA透明アクリル板 厚さ2mm/3mm/4mm/5mm/6mm/8mm/10mm/12mm/15mm 透明プラスチック板 大きい アクリルボード板 保護フィルム付き DIY切断・穴あけ容易 耐熱・難燃 ガラスフォトフレーム/ペイント/コレクションケース製作/DIY装飾/展示/コースター/模型 (厚さ6mm,500x800mm)","13096","5","","","¥ 7,899","","1","B0H7XBTRZZ","B0H7X68LCR","1","1","1","1000"
"BORDAN led投光器 充電式 作業灯 200W 防水IP66 3色切替 高さ調節 スタンド付き 収納バッグつき 磁気 キャンプ 夜間作業 防災","13098","38","","29","¥ 9,180","","1","B0DBV45PJX","B0GXB6M17D","58.6","20.4","9.4","2240"
"HAZET(ハゼット) 190L プロ仕様ツールボックス 大容量 折畳式サイドトレイ4段 工具箱 整備士 施工現場 DIY メカニック 工具収納 道具箱 メタル製 南京錠付き 持ち運び便利 職人 ガレージ用品 ブルー ドイツ製","13099","40","","188","¥ 11,723","¥ 11,723","15","B001B8VL8K","B0H5JN7XJP","57.1","24.6","20.9","6300"
"イノシシ用忌避材 「しし防」 20本入BOX","13106","41","50","92","¥ 6,580","¥ 7,019","6","B07G1XJDFF","B0F949PFFR","22.9","16.7","3.2","280"
"消火スプレー 初期消火の救世主 FIRE OUT ファイアアウト 家庭用 防災 火消し 消火器具 消火具 軽量 携帯 防災グッズ 高齢者 子ども 簡単 軽い 持ち運び 携帯 厨房 飲食店 キッチン キャンプ","13106","37","50","24","¥ 9,800","","6","B0FJXYBQLZ","B0FPKHHR97","26.1","8","7.7","650"
"パナソニック テレビドアホン 高感度カメラ搭載 外出先でも訪問者の対応可能 VL-X70AHS AI顔認証","13115","46","","1","¥ 108,900","","6","B0GPXFSB72","B0H75BGQ9J","27.4","18.9","8.7","1650"
"ACEBON スクリーンスプライン、窓スクリーン修理用リテーナースプライン、丸型、交換用窓スクリーン用（0.177インチ x 100インチ）","13119","19","","235","¥ 5,552","","1","B0CC1VQSDP","B0D3C6FG8V","20.4","16.8","5.7","640"
"関西ペイントブラーノ PRO-SELECT 【壁紙の上から塗れる】 プロ・業務用 室内かべ用塗料 白 微光沢 7L 水性 低臭 防カビ 汚れに強い 塗料 内装 浴室かべ 砂壁 日本製","20999","34","","52","¥ 9,980","","1","B0DXKJDV1P","B0F28Y823Q","24","24","19","10860"
"Defend Future 防災セット 防災士監修 非常用持ち出し 防災リュック (２人用Relief)","13127","33","50","722","¥ 18,810","","1","B08C5GT1H4","B0BVF2ZFB7","54.8","35.8","23.9","10150"
"アサヒペン 水性屋上防水遮熱塗料 5L ライトグリーン ペンキ 水性 遮熱効果 簡易 屋上 ベランダ 防塵 滑り止め効果 耐候性 紫外線劣化防止剤配合 日本製","16018","41","","75","¥ 10,700","¥ 11,172","19","B0031X5VKW","B0FRS4X8R1","24.2","24","15.7","6872"
"リス(RISU) SOLOW ソロウ 出し入れがスムーズな屋外ストッカー 250L ブラック 日本製 ダストボックス ゴミ 一時置き 収納 宅配ボックス ガーデニング 備蓄 物置き ロック シンプル おしゃれ GSLW040","13148","48","50","9","¥ 16,667","¥ 16,667","7","B0G42JPTJP","B0G42KR2LZ","86","43.5","29","10500"
"Lepro ソーラーライト 屋外 庭 防水 ガーデンライト IP65 アウトドア スポットライト 3000K 電球色 明暗センサー 防犯 停電対策 夜間自動点灯/昼間自動消灯 led 地中埋込型 壁掛け/玄関/芝生/紅葉/シンボルツリー/樹木 非常灯 防災 配線不要 4個入り (× 2)","9825","9","","182","¥ 10,558","","","B0GZ9P5725","B0CF9CBHMM","20.4","19.2","11.6","2500"
"マキタ 生垣バリカン 充電式18V 刈込幅500mm/切断径18mm バッテリ充電器別売 MUH500DZ","13151","39","","151","¥ 33,129","¥ 33,129","13","B0718ZWRF3","B084T34BMJ","114","24","22","6000"
"HAZET(ハゼット) 2200SC-31 ビットセット ハゼットブルー 73点セット 1/4インチ(6.3mm) スマートケース マグネット式 折畳収納 プラス/マイナス/ポジドライブ/六角/トルクス 精密作業 DIY 整備工具 130×118×50mm ドイツ製","13173","39","","34","¥ 27,118","¥ 27,118","46","B09VH354M4","B0H5JVXRRB","22.6","12.9","5.9","1310"
"白アリミケブロック業務用400ml 白蟻駆除用木部処理用乳剤","13177","80","50","396","¥ 8,300","","3","B00X5YK4S6","","18.9","6.8","6.7","470"
"ダイヤセーフ 耐火金庫 2キータイプ DW30-S DW30-S","21686","23","","13","¥ 23,466","¥ 29,030","8","B00YH21BQY","B072PWDN95","53","45.5","36","38480"
"TUIYIDUO【180°回転ハンドル折り畳み】ガーデンカート 耐荷重650kg/大型16インチ空気入りタイヤ カゴ付き台車 側面取り外し","10888","7","","6","¥ 22,700","","1","B0GWH4QXJC","B0H8C4XVVV","99","81","19","39000"
"洗面用水栓 洗面台蛇口 シングルレバー 混合水栓 浴室混合栓 高さ283mm 高台の洗面器に適しています ヘアラインゴールド","13191","37","","100","¥ 5,378","","1","B0DZY1TKHY","B09YLG9JQJ","34.2","24.1","6.7","1360"
"パナソニック(Panasonic) 増設モニター VL-V632K","13192","46","50","508","¥ 11,939","","21","B0194KQDAM","","27.7","20.4","5.2","670"
"マキタ UB185DZ アクセサリーバッグ付 【本体+バッグ】 18V 充電式ブロワー","13200","61","50","22","¥ 11,000","","1","B0FNLBSTFL","","28.3","20.8","17.7","1610"
"京セラ(Kyocera) 旧リョービ 充電式剪定ばさみ BSH-120 3.7V 665050A【庭木の枝をストレスなくスパっと切断できるので年配者や女性に最適】 最大切断枝径12mm 充電時間60分 1充電あたり350カット 軽量600g リチウムイオン3.7V 日本製ブレード","13201","87","50","1005","¥ 8,645","¥ 8,645","16","B00AA2OS74","B0CN922KTL","33.7","13.5","10.7","1102"
"ALFIOT 駐車場 ソーラーライト、8個セット、42.9lm、IP65防水","13209","43","","178","¥ 9,999","","1","B0F223HSYW","B0DY7F9T83","36.1","19.6","15.2","2140"
"LIXIL サンウエーブ　交換用金属換気扇　【V-25L1】sunwave リクシル","13219","44","50","577","¥ 14,298","","6","B00ITE7066","","42.4","36.8","21","4060"
"MIWA(美和ロック) ドアノブ 交換 鍵付き 一式交換 ロック U9 HBZ-1LS HBZSP2 M-66 勝手口 玄関ドア ギザキー 交換手順書付","13220","53","50","116","¥ 6,580","","1","B0CLKZ9V9Q","B0CLL31MPM","18.4","11.4","9.7","990"
"TengHutt 互換 ハイコーキ 36V バッテリー 2個セット 3.0Ah（36V）/6.0Ah（18V）電池装着で自動切替BSL36B18/BSL36A18/BSL36C18/BSL36A18Bに互換性あり","13223","41","50","366","¥ 9,999","","1","B0B9Y7FGDB","","27.3","8.8","8.2","1290"
"三京ダイヤ VBダイヤドリル（六角軸）30.0 VBH－300","13241","45","","197","¥ 5,489","¥ 5,489","11","B004OCMVVQ","B0C3QSRDG6","15.8","6.7","2.4","32"
"アイリスオーヤマ 電動空気入れ 充電式 10.8V 本体 空気圧測定機能付 オートストップ機能付 自動車のタイヤからボールの空気入れまで対応 JAC10-Z 【共通バッテリーシリーズ】 ホワイト","13242","37","","40","¥ 8,412","¥ 8,814","4","B09B9LXNFV","B0FG7YCVRX","21.6","17.4","7.2","780"
"LEZZYRUCK 水中ポンプ 排水ポンプ 循環ポンプ 家庭用 充電式 マキタ18vバッテリ対応 ブラシレス","13246","0","","21","¥ 6,050","","1","B0G5YF8Q89","B0GJCT6Z35","26.7","20.8","15.2","2330"
"東日製作所 TOHNICHI(トーニチ) 空転式プレセット形トルクD RTD15CN","13253","42","","7","¥ 14,533","¥ 14,533","7","B000W9C3MM","B07TYH4J6T","13.5","3.3","3.2","73"
"【貼るだけで本格リフォーム】フロアタイル 置くだけ 大理石 約 3畳 [有害物質&抗菌検査済み] フロアマット リメイクシート フローリングマット 防水 45.7x45.7cm 24枚 (ブラック 光沢タイプ)","16607","25","","16","¥ 5,940","","1","B0GPV52TXN","B0GPW1GWM9","48.3","47.3","4.7","14810"
"マーベル(MARVEL) ラチェットケーブルカッター 銅線専用 MRC32A 被覆径Φ32mm","13256","39","","35","¥ 12,918","¥ 12,918","13","B08HVFW27K","","35.9","11.9","3.6","680"
"ボッシュ ハンドツールシリーズ Ｔハンドルラチェットドライバーセット２２ピース 1600A02Z9T 【ネジの締め付けや緩め作業などに幅広く使える】","13260","39","","119","¥ 6,169","¥ 6,169","8","B0DGGBDLR9","B0GPQMHYWW","21.9","15.7","5.2","784"
"HiKOKI(ハイコーキ) ボード用ドライバ AC100V ブラシレスモーター 多板クラッチ搭載 ドライウォールねじ5mm 本体色:ブラック W5SE2(B)","13269","39","","94","¥ 14,350","¥ 22,462","7","B085CT5GZL","B085J8FYP5","38","21.4","9.4","2380"
"フルネス パネルドア コルタ 95×174mm ライトブラウン L5001","17090","37","","122","¥ 5,840","¥ 6,797","9","B0035ITVDG","B0F4JZCM4C","180","11.5","9.4","6000"
"アサヒペン 水性 コンクリートフロア防水塗料 5L ダークグリーン 塗料 ペンキ 床用 艶消し 滑り止め効果 耐摩耗性 防塵性 耐水性 高耐候性 ガレージ ベランダ 屋上 日本製","21168","41","","134","¥ 8,455","¥ 8,455","13","B08X6JDD38","B0CN315NDM","25.4","24.2","16.1","7710"
"【2026年新登場】Elikliv 電動チェーンソー 8インチ ハンディチェーンソー 高枝切り用延長ポール接続 充電式 ブラシレスモーター採用","13285","99","50","123","¥ 5,380","","1","B0D8XYLG98","B0DJP7G4F9","47.5","21.3","13.3","2450"
"リコメン堂 プランター 大型 直径35cm 円形 コンクリート おしゃれ モダン ガーデニング 植木鉢 鉢カバー (グレー, 直径35cm)","13294","14","","11","¥ 6,120","","2","B0DBQ839KF","B0F947RBN5","41.5","41.5","41.5","7360"
"Hon&Guan ダクトファン 200mm 強力 省エネ 静音 【インボイス制度登録店】 ダクト用換気扇 塗装ブース用 家焼肉 中間取付 丸形タイプ 産業用換気扇 (HF-200P/φ200mm)","13304","40","","275","¥ 14,093","","1","B01GZI7A1W","B0F6TZJ1RQ","31.8","26.2","25.8","4440"
"マキタ互換品 充電式アースオーKAQIAOガ アースドリル 穴掘り機【175N.m】6000mAh電池2個 マキタと互換性あり ブラシレス 2段速度 0-330RPM/0-1380RPM 無段変速 正逆転切替 コードレス 270°回転可能ハンドル 18vバッテリ対応 ハツリ機 家庭用 工業用 園芸 ガーデン 穴あけ 穴掘り 氷堀削 日本語取扱説明書付 (本体 + 6000mAhバッテリー×2)","13317","36","50","5","¥ 19,950","","1","B0GTK8TV58","B0HD7C4V53","130","25","15","4000"
"【2026新型】SEESII 電動ラチェットレンチ 充電式 コードレス 80N·m 2個バッテリー 正逆転切替 LEDライト 8本インパクトソケット","13317","33","","252","¥ 6,460","","1","B0GVMYPY72","B0HG1GZMH1","44","31","12","1000"
"イチネンTASCO ウルトラミニ真空ポンプ用ミニ真空ゲージキット TA142MK","13324","88","100","258","¥ 7,683","¥ 7,683","22","B00FZ6HWQE","B0DPJPLKVR","10.3","8.8","7.3","300"
"エキゾテラ モンスーンナノ PT2479 噴霧器 小型 ミスティングシステム 噴霧サイクル・時間を設定 タンク分離式 ノズル2本式 USB電源","13334","60","50","5","¥ 7,670","¥ 7,700","6","B0GKP1T6QG","","17.4","13.5","10.9","420"
"HiKOKI(ハイコーキ) 14.4V コードレスインパクトドライバ パワフルレッド WH14DDL2(NN)(R) 本体のみ 蓄電池・充電器・ビット別売り","22282","41","","208","¥ 22,286","¥ 22,286","17","B0148WEQCS","B0CYQ32X7Y","21.9","17.8","8.7","1030"
"防草シート 10年耐久 150ｇPET素材 【1m×20m】 高耐久 高密度150g/m² 雑草防止シート 親水剤入 高透水 紫外線劣化防止 不織布 雑草防止 雑草対策 除草 草取り 草よけ 砂利の沈下抑えシート 農業 園芸用 工事用 庭 通路など 雑草防止シート 固定ピン40本と黒丸40枚付属","13340","11","","14","¥ 5,580","","1","B0H5D1VZHV","B0H5CVJGHM","40","35","12","4000"
"空調作業服 バッテリー 30V 超高出力 30000mAh 【2026新モデル・P18W急速充電・４段階電圧調節】 DC/USB 2way出力 液晶ディスプレイ搭載 iPhone/iPad/Android各機種対応 熱中症対策 現場作業 農作業 アウトドア","13346","40","50","8","¥ 5,480","","1","B0H2VSY31T","","14.8","7.4","3.7","440"
"IPF EXP ルーフラック オプションパーツ オーニング取付ステー 日本製 EXR-08P ブラック","18550","26","","2","¥ 7,998","¥ 7,998","3","B09S5K2S6T","B0FG2BLCWS","19.3","16.7","9.2","1760"
"Anovara(アノヴァラ) サイクルハウス バイクガレージ サイクルポート 大な正門 幅188cm 1台用〜2台用 防水 屋外 高耐久","13348","63","","89","¥ 12,980","","1","B0F66L8BGK","B0DKBMZHF3","100","20","19","16100"
"防草シート 100m 高密度 90g/㎡ 遮光率98％ 高耐久3年【しっかり雑草防ぐ】不織布 iimono117 (幅1ｍ×長さ100ｍ)","13354","72","","15","¥ 5,880","","3","B0CTB76GMT","B0GSQDLMHY","102","14","14","9790"
"Waitley充電式ハンマードリル 18V コードレス 強力電動ドリル 3モード切替（ハンマー/ドリル/回転）低振動 穴あけ ネジ締め対応 DIY 家庭用 マキタ18V互換バッテリーBL1830 BL1860 対応 本体のみ","12160","36","50","110","¥ 7,179","","1","B0BYNWLJ51","","34.5","24.4","9.6","3040"
"セフティー3(Safety-3) 散水 散水ホースセット 微粒子ノズル付き 内径25mmホース用 8m","13356","41","50","63","¥ 5,184","¥ 5,184","4","B003VUQTQA","","34","30","8.8","2020"
"グリーンライフ ポスト 壁掛け【日本製】 スチール製 大容量 大型 確認窓付き メール便対応・B4封筒(角形2号)対応 南京錠取付可 おしゃれ マットブラック FH-70(MBK)","13363","41","","60","¥ 6,460","¥ 6,460","18","B07143TS42","B0D1XRDMWX","46.2","35.2","26.7","4070"
"丸長商事 パワーテック 壁専用保護コート剤 水性 18kg","25662","17","","96","¥ 20,261","¥ 20,261","5","B00J8EEDS4","B01CTU3FIM","36","24","24","19200"
"Pispoer 植物育成向けフロアスタンド，四段階調節高さ，ソケット口金サイズE26，フットスイッチ，ホワイト","13374","37","","42","¥ 5,299","","1","B0F1MYS5WS","B0F3J12VVR","41.7","26.3","6.5","4820"
"ニチノー緑化 農薬 芝生用殺菌剤 グラステン水和剤 1kg","13378","54","50","165","¥ 9,791","¥ 8,368","2","B008AEBIT0","","26.4","16.6","13","1060"
"未来工業(MIRAI) ミライ フリーホルソー 47~150mm FH-150","13388","36","50","50","¥ 18,000","","8","B00L0WW1W2","","30.6","29.8","24.3","1760"
"山崎産業(Yamazaki Sangyo) 日本製 ジョイント人工芝 若草ユニット E-V グレー 60cm×90cm (30cm6枚組み) 10枚セット","14460","39","","91","¥ 9,990","¥ 10,102","2","B071JQTBXN","B0CGM2L9BN","92","63","21","11750"
"【デュアルレンズ・タッチスクリーン版 】Hiseeu ソーラーパネルカメラ セット 10.1インチタッチスクリーン 液晶モニタ一体型NVR 9000mAh 遠隔監視カメラ 録画機セット 防水等級ip66 AI動体検知 屋内/屋外 セキュリティ 防犯カメラ(400万画素カメラ2台＋10インチ液晶一体型本体+500GB HDD内蔵)","13390","54","50","33","¥ 31,280","","1","B0FFTB98Y4","","32.2","26.1","19.2","3420"
"ハスクバーナ・ゼノア ゼノア 刈払機 ナイロンカッタ オートカッタZ-B Pro ボルト式 581064001","13391","34","","2","¥ 5,090","¥ 5,338","5","B07FF7B647","B07H7TJ23N","18.8","14.4","7","400"
"芝野製作所(SHIBANO) エンジン芝刈り機 手押し式 刈り幅400mm 刈高3段階調整 25-65mm 軽量 15kg 45L集草バッグ付 家庭用 草刈り機 芝刈機","13403","2","","","¥ 26,980","","1","B0HDBV9CM6","","75","55","50","15000"
"チェーンソー COPPOR 充電式 電動チェーンソー 6インチ 【保護メガネ/手袋/予備チェーン付き】 強力 小型 21V バッテリー 2個互換 コードレス 軽量 片手操作 残量表示 枝切り 伐採 庭木のお手入れ 粗大ごみ解体 工具不要 安全ロック 収納ケース 日本語取扱説明書 PSE認証済み","13410","39","50","17","¥ 5,579","","1","B0GTZ9QLL6","B0GTZ6YDYD","39.9","21.3","12.7","2630"
"BLUETTI ポータブル電源用 収納バッグ 保護ケース アウトドア 旅行用 耐衝撃 収納用 ショルダー付き 大容量 防塵 防水 ポータブル電源 AORA 100 V2、AORA 80、AORA 100mini","13417","47","100","17","¥ 7,980","","1","B0GCHZL8H6","B0H94X9P5Y","37.1","30.8","7.3","620"
"ダイケン 床下点検口 ステンカラー 600mm HDE60N","13417","38","","348","¥ 6,220","¥ 6,220","2","B009D9WOTY","B07W3LXBYS","60.8","60.8","4","1402"
"カンペハピオ ペンキ 塗料 水性 つやあり 床用 耐摩耗性 高耐水 高光沢 防塵 防汚 水性コンクリートフロア用 グリーン 3.4L 日本製 00467654111034","13420","40","","102","¥ 5,943","¥ 6,891","9","B07DJ48T1P","B0BD67DD11","22.3","17.5","17","4200"
"BOSCH(ボッシュ) 超硬ルータービット15本セット(木製、1/4インチシャンク、ルーター用アクセサリー) シルバー/ブラック 2607019468","13429","29","","1290","¥ 18,877","","7","B000P4IS9G","B07QD1XB82","22","12.8","4.5","590"
"ガービー (Garvee) バイクガレージ サイクルハウス サイクルポート 置き場 1-3台用 極厚カバー 耐水圧 2000mm 耐風鋼管 三角屋根","13431","28","","8","¥ 21,800","","1","B0H4VC2QQ4","B0HFS38PTW","125","25","20","18000"
"ケーブル索引具- 通線工具 伸長4m 伸縮 引っ掛け棒 配線竿 電工竿 内層日本製カーボン 炭層繊維採用 点検口 天井裏 OAフロア 狭い空間の配線に最適 先端蓄光タイプ コンパクト 軽量 AURORE(オーロレ興業 京都) ACFC-2-4000","22686","28","","36","¥ 15,800","","1","B0DGDZXDMB","B0DJ3F64KG","52","7","5","400"
"住友化学 殺虫剤 プレオフロアブル 500ml","13443","64","","113","¥ 5,635","","4","B01DNW0G50","B0GR982CWT","18.9","7.1","6.9","570"
"KVK MYM型:セラミックカートリッジ・下げ吐水 KPS077S","13456","35","","125","¥ 5,870","¥ 5,870","18","B00DVDS4EM","B0D87P7CBJ","13","10.1","5.1","122"
"高儀(Takagi) EARTH MAN IWOOD 剛剣 オールダイヤ 100mm×10P","13461","62","","1","¥ 8,003","","7","B0711SDWK1","B09L16KTZR","20.2","14.6","1","80"
"ケルヒャー(Karcher) OC 3 Foldable 1.599-302.0","13462","77","50","548","¥ 17,720","","24","B0CZ622RC7","","34.6","32.7","14.7","2390"
"Yoillione タイルシール 防水 厚め 10枚 耐熱 キッチン 洗面所 剥がせる モザイクタイル 壁紙シール 賃貸 DIY 3d リメイクシート 北欧 トイレ雰囲気転換 レンガ調 ライトグレー","13464","48","","316","¥ 5,450","","1","B08TV4CJ6K","B08TTGRY7T","32.2","31","2.6","1090"
"ZOTA ポリッシャー， ダブルアクションポリッシャー 75mm/100mm交換式ヘッド 7000RPM 高回転 強力小型 軽量 カーポリッシャー 偏心構造 6段変速 鏡面磨き 傷消し 艶出し ワックスがけ 研磨 洗車 家庭用 プロ用 豊富な付属品-P408A","13469","78","50","60","¥ 8,990","","1","B0FRXTXY5L","","32.8","29.1","12.4","2430"
"ZOTAポリッシャー,75mm小型 ランダムオービタル式,100V六段変速 3000-7200RPM 恒定回転速度 業務用 家庭用 自動車用 車磨き バイク用, 木工 錆消し 傷消し キズ消し 艶出し ワックスがけ 床磨き 家具のキズ修復 様々な 表面部分のコーティング 操作簡単-PR308A (緑)","13472","74","","1111","¥ 6,910","","1","B0G2S29HX4","B0H2PRRLM8","34.5","14.3","13.2","2220"
"Waitley マキタ18v バッテリー 互換 3.0Ah 3000mAh２個と18V充電器セット BL1830 カットオフ機能付き 薄型","13474","59","50","20","¥ 8,207","","1","B0G1T22C38","","29.9","20.3","9.8","1530"
"ダイドーハント (DAIDOHANT) (波板フック) ステンレス フックボルトセット (SUS304) (呼び径d) 6 x (長さL) 50mm (100本入) 37334","13477","39","","38","¥ 5,450","¥ 6,182","15","B01BTHW7K8","B07VFLTNKT","18.8","12.8","7.2","1920"
"ニッペ(Nippe) ペンキ 塗料 順風 4kg ブラック ラッカー つやなし 小型船舶用 船底防汚塗料 屋外 日本製 4547163001643","13494","37","","211","¥ 14,514","¥ 14,514","5","B00FZKOXF8","B01N19FAFU","21.2","18.2","17","4380"
"WEIMALL エアコンガスチャージ マニホールドゲージ ＆ 真空ポンプ（排気速度 30L/S） 2点セット R134a R410a R404a R32 対応冷媒 逆流防止機能付き A68N05AT008D-diy04","13497","52","100","607","¥ 13,392","","2","B00MA6DQUS","B0H324HM2J","36","32","27","8510"
"デウォルト(DEWALT) 10.8V / 18V FLEXVOLT Li-Ion 対応 充電器 DCB1104","13503","37","","2","¥ 11,773","¥ 11,773","6","B0C6NPMZQV","B0FTYYC2JT","16.5","12.7","11.2","560"
"Nicesolar USBソーラーパネル 電源 5V 8W 屋外対応 太陽光パネル 小型 ソーラーチャージャー IP65防水 防犯カメラ用 バッテリーカメラ用 Type-C端子 ソーラー給電(8W-2Pack)","13505","35","","116","¥ 5,699","","2","B0D2W72ZSD","B0H44RQQ25","31.7","28.2","3.1","930"
"山崎実業(Yamazaki) スティッククリーナー ＆ ツールオーガナイザー ブラック W20.1×D25.1×H28.7cm タワー tower 掃除機 スタンド クリーナースタンド 1554","13514","56","100","68","¥ 5,830","¥ 5,830","12","B0DMVXJBR8","B0FHHHT97Q","32.3","21.3","17.4","2440"
"BSL1460 HiKOKI ハイコーキ 日立 14.4V バッテリー２個セット 互換品 LED残量表示付き6.0Ah BSL1450 BSL1430 BSL1440 BSL1415 329083 329877 329901 対応 ハイコーキバッテリー 電動工具用 大容量","14433","47","50","272","¥ 5,129","","1","B09FS4JM34","B0HGX9CXBN","17","13.2","9","1080"
"Okryain 換気扇 200mm 業務用 ダクト用ファン 大風量 金属製 逆流防止 (20cm-銀)","13527","13","","30","¥ 5,050","","1","B0HB3HQV6X","B0HBBRSPXL","27","27","17","2200"
"ニッショウ機器(Nissyo Kiki) 鳥よけスプレー 鳥類忌避剤 4L 鳥よけ カラス 鳩 ムクドリ","13531","73","","45","¥ 24,343","","1","B0DBL1SDXD","B0DCJ4Z5CX","28","19","10","3980"
"チェーンソー 充電式 2個21v 2000mAhバッテリー小型 電動チェ ーンソー 充電式チェーンソー 家庭用 ミニチェーンソ ー 片手 軽量 強力 6インチ ハンディチェーン ソー 木工切断 薪作り 園芸設備 枝切り 庭木の剪定 竹の伐採","13543","14","","314","¥ 5,998","","5","B0H97NSYWH","B0HD5JYQQX","40","18.8","14.9","2100"
"グリーンフィールド デュポン™ザバーン® 防草シート 240グリーン 1M×10M","13546","66","50","53","¥ 5,780","¥ 6,397","5","B00BKVSNNE","","101","9.3","9.3","2500"
"HiKOKI(ハイコーキ) チップソー 丸のこ用 木材用 替刃 チツプソー 165mm 52P 12枚入 0023-0561","13552","44","","","¥ 26,510","¥ 26,510","1","B07S734LH9","B0DX61V9M8","25","25","20","3080"
"JEJアステージ BLOKX[ブロックス] 電動工具 収納 ディスク グラインダー ケース 小物収納 コンテナ トレー付 日本製 [幅40×奥行25.5×高さ20cm] 6個セット","17354","38","","3","¥ 11,006","¥ 11,006","1","B0GJ3Y8WR5","B0GJRJ1VNB","78","41.5","41","7800"
"遮光ネット UVカット ベランダ バルコニー サンシェード 風通し良好 高密度ポリエチレン 簡単取り付け 庭用 フェンスカーテン 日除けオーニング4x8m","13569","51","","107","¥ 5,983","","1","B0GF7LDHYG","B0GFCBGVDS","34.7","34","18","2410"
"EZARC(イザーク) レシプロソー替刃 全長300mm 14山 バイメタル 8％コバルト 金属用 鉄·ステンレス·非鉄金属用 解体用 (25本入)","13918","45","","1721","¥ 5,426","","2","B0CSYJSYKV","B0D538FG49","32.9","4.5","3.2","1592"
"マキタ(Makita) 充電式ボードカッタ 18V (本体のみ) SD180DZ","13578","58","50","251","¥ 21,922","¥ 21,922","15","B0186V9CWG","B08W5Q8MDL","28.8","24.2","8.7","1570"
"グッド・グッズ 30W LED投光器 昼白色 100V対応 IP66防水 ワークライト 高輝度 省エネ 広角照明 LD-30E-ZB","13581","39","","13","¥ 5,996","","1","B09V2RH4LF","B0CTZWXPVH","21.1","18.2","6.4","1030"
"スリット鉢 根はりポット ブラック 9型 (3号相当) 50個セット 植木鉢 プランター サークリング防止 排水性 通気性 ガーデニング","17818","5","","","","","","B0GX9PN2PD","B0HF3VDX9F","38","21","21","1000"
"uxcell 1本 アクリルパイプ 内径155mm 外径160mm 長さ250mm 厚さ2.5mm ポリカーボネートパイプ プラスチック配管 照明 アクアリウム DIY用","14080","26","","3","¥ 5,841","","2","B0G3QK3GLL","B0GMQ6D17N","34.1","17.9","16.4","470"
"Powayup 互換 ハイコーキ BSL36A18 バッテリー 3.0Ah 18V - 36V 二個セット 36V/3000mAh 18V/6000mAh 電池装着で自動切替 互換 ハイコーキ バッテリー BSL36A18 BSL36B18 BSL36C18 BSL36A18Bなど対応 LED残量表示","8568","35","","375","¥ 8,479","","1","B0FQ299YNW","B0GWPFGWK4","18.2","12.9","8.7","1350"
"TRUSCO(トラスコ) TSLホールカッター 56mm TSL-56","34492","10","","66","¥ 5,495","¥ 5,670","6","B002A5O8C4","B0CBTCYPNW","18.3","8.6","7.6","340"
"白光(HAKKO) マイペンアルファ 温度調節機能付き電熱ペン ウッドバーニング/カービングアート/彫金用 FD210-01","13596","49","50","356","¥ 11,627","¥ 11,627","33","B003ZSB20Q","B0C2ZH7XMC","24.3","21.4","13.4","1480"
"Jennov 防犯カメラ 屋外 800万画素対応可 モニターつき 監視カメラ 2台セット","13599","42","","21","¥ 22,816","","1","B0F8BTNVH6","B0H7RR1WTP","27.5","26","17.9","2120"
"北海道産 腐葉土 40L 2個","12589","18","","11","¥ 7,080","","1","B00BLSTI30","","58.9","40.7","22.8","12200"
"Jneit パイプレンチ 4本セット 水道レンチ200mm/250mm/300mm/350mm モーターレンチ 最大開口40・50・55・60mm 合金鋼製 のこぎり状アゴ 水道管 ガス管対応 配管作業 メンテナンス 修理 狭所作業用","20437","11","","","¥ 5,280","","1","B0GWZQ5NR2","B0GWZPYKQG","34.5","10.8","9.2","3070"
"マキタ(Makita) ドライバドリル MDF001","13605","75","","377","¥ 10,880","","5","B07X4LPGJN","","29","25.2","8.2","1600"
"アイホン ドアホン インターホン ママトーク 親機と子機セット AC電源プラグ式 音量調節可能 MA-55","13606","51","","552","¥ 8,980","","34","B0000C99WE","","28.5","21.1","6.8","1040"
"TRUSCO(トラスコ) エアダスター フレキシブルノズル 300mm TD-18-FN300 × 10本 【ケース販売】","13607","42","","21","¥ 12,265","¥ 12,265","1","B0C4T7RQPN","B0CC82YBC9","37","15","4","260"
"ニッサチェイン プラスチック白 リンクチェーン 30m PW30","13618","33","","4","¥ 6,155","¥ 6,155","15","B007XA0YBU","B077993H3B","20.1","13.2","8.1","748"
"スーパー 60°片口めがねレンチ(六角対辺:55)しの付 KP55","21655","35","","1","¥ 12,980","","23","B000W9FQYY","B0F1FF5JSF","61","8.3","6","2600"
"ピクチャーレール Twours U型ピクチャーレールセット2m ホワイト天井用 レール ワイヤーロープ フック セット展示用 額縁ディスプレイスタンド 絵画 写真 ポスター","13641","42","","11","¥ 6,999","","1","B0FKRRGT26","B0FKR72HFS","103.5","5.5","5.5","1400"
"【EC限定】グリーンライフ(GREEN LIFE) 物置 ベンチ サビにくい アルミ製 長物収納 軽い 雨水侵入防止 アジャスター付き 収納部耐荷重80kg 座面耐荷重100kg (幅84×奥行46×高さ48.5cm) 屋外 収納庫 大容量 収納 ベランダ 倉庫 ストッカー 屋外収納 ガーデン アウトドア ガーデン 庭 おしゃれ ブラウン ABS-84N","20536","60","","1013","¥ 20,820","¥ 20,820","3","B01LXQY27D","B0DHL6QBGB","88","48","12.5","8990"
"Spider Farmer 70x140x200cm グロウテント 55x28x80インチ 観察窓 フロアトレー付き 1680D 厚手マイラーキャンバス 4x2 屋内水耕栽培用 SF2000 SE4500 G4500用","14826","28","","1623","¥ 14,999","","1","B083K58ZJZ","B0DFGGFHR4","144.8","27.6","14","11385"
"Fanttik NEX S1 Pro 電動ドライバー 3段トルク コードレスドライバー","13654","44","50","2374","¥ 10,999","","1","B0C141QZVL","","24.6","6.9","6.9","950"
"LEDネオンライト 10m USB給電 RGBIC チューブ式 音楽同期 256色アプリ調光 流れるような虹色発光 防水（IP65） 魔法のカラーライト テープライト 寝室/リビング/キッチン/パーティー/クリスマス装飾用 簡単取り付け 日本語アプリ/リモコン対応","13654","34","","37","¥ 5,980","","1","B0FP2B2XF4","B0GV7HZM42","21.8","21.7","6.6","1080"
"クニペックス KNIPEX 8605-180 プライヤーレンチ","13655","34","","1288","¥ 10,399","¥ 10,399","49","B0001P0CJS","","19.5","6.5","2.2","270"
"HiKOKI(ハイコーキ) AC100V トイシ径100mm 電子ディスクグラインダ スライドスイッチ 無段変速機能 G10VE2","13658","46","","51","¥ 22,480","¥ 23,006","18","B0BCNZ6Q1Z","B0BHWT86Q6","38.3","13.9","13.1","2480"
"Quiet-Mo 断熱材-DK ダブル気泡構造 120cmｘ4m (厚さ6mm 1枚) 断熱シート 両面アルミ 冷暖房効果アップ 遮熱 高耐久 難燃素材","13668","60","50","43","¥ 7,182","","1","B0GNZZFVPD","B0GNZHHZ6N","120","20","20","1570"
"アネスト岩田 AIRREX スプレーガン 重力式 初心者向き PS-9513B-04","13680","53","50","587","¥ 7,748","¥ 7,748","17","B006BHXK26","","26.7","17.7","11.4","770"
"パナソニック(Panasonic) パイプファン/格子・標準・電気式シャッタ FY-08PDE9","13681","70","50","363","¥ 6,040","¥ 6,585","10","B01FS0AB9G","","18.9","18.4","16.4","830"
"YESKAMOO 5MP 自動追尾 4台ワイヤレス防犯カメラセット 360°監視カバー 12インチ一体型モニター付き","13689","42","","16","¥ 62,999","","3","B0F2FS6XKH","B0H128Q4P6","33.6","33.6","25.2","4930"
"WERA ヴェラ ボールヘックスプラス L型キーレンチ9本組セット スタンド付き 022102","13690","50","","3","¥ 6,618","¥ 6,618","24","B0CVXV8DNW","B0FTF7S8H8","25.6","12","8.6","630"
"パナソニック(Panasonic) コスモシリーズワイド21 LED 埋込逆位相調光スイッチC ほたるスイッチC 適合LED専用2A ロータリー式 下限照度設定機能付 ホワイト WTC57582W","13694","42","50","104","¥ 7,500","¥ 8,103","14","B01FVFP6F2","","11.4","6.5","6.2","140"
"【Amazon.co.jp限定】HiKOKI(ハイコーキ) 36V 充電式 セーバーソー レシプロソー 電動のこぎり CR36DMA バッテリー1個・充電器・ケース付 CR36DMA(XPZ)","13701","65","50","33","¥ 38,900","¥ 38,900","2","B0DPMB56CX","B0F9WZPJ5D","39.8","37.7","16.4","6140"
"マキタ ディスクグラインダ18V 125mm パドルスイッチ型 バッテリ充電器別売 GA508DZ","13710","48","","75","¥ 23,122","¥ 23,122","12","B01BM9PF0M","B08612Q9SS","34.2","16.1","13.5","2750"
"【排水セット付き】 洗面ボウル 陶器 豪華 手洗器 置き型 洗面器 深型 洗面台 蛇口付き (JP8-16)","18449","36","","15","¥ 15,700","","1","B0DKSL68KC","B0DKSJFMGR","54","48","23","12000"
"NEWTRY 高圧ポンプ 給水 排水ポンプ ダイヤフラムポンプ 電動ウォーターポンプ 最大揚程110ｍ 160PSI 最大吐出量6L/min 低騒音 車用 家庭用 (24V)","13724","39","","3","¥ 13,900","","2","B0822JVP29","B0822J259S","31","16.1","15.3","2910"
"TRUSCO(トラスコ) ポリウレタンチューブ 4X2.5mm 10m巻 ブルー TEN-4X2.5-10-B × 10【ケース販売】","14585","37","","101","¥ 7,252","¥ 7,252","1","B0C5CY3TM3","B0CB5GVZVX","33.2","32.8","15","1020"
"マキタ 18V 充電式ヘッジトリマ 本体のみ (MUH468DZ) 青","13730","55","50","81","¥ 23,721","¥ 23,721","10","B0BLV9JCFW","","87.5","20","19.5","3750"
"トラスコ中山(TRUSCO) 組込ボルト アブセット P-3 B7680835 三価白 M8×35 7本入 x 10パック x 【ケース販売】","13737","19","","","¥ 5,000","¥ 5,000","1","B0C4SYG7PM","B09NWK13D5","32","14.5","8","1650"
"パナソニック(Panasonic) スッキリ21単2横一30A3+3 AL付 BQWB32333","13748","81","50","62","¥ 5,920","¥ 6,416","7","B00KNVRAEA","B0B2NNBYXG","37.7","32.3","12.2","1540"
"Amazonベーシック 手押し車 二輪車 猫車 幅136.9 cm x 奥行68.1 cm x 高さ69.1 cm 1個 グリーン/ブラック","13755","42","","146","¥ 9,782","¥ 9,782","1","B0F4QL8VCT","","94.8","64.2","29.6","15060"
"パナソニック(Panasonic) 壁掛扇 羽根径30cm リモコンタイプ F-GU303-A","13756","39","50","31","¥ 14,800","¥ 15,945","6","B0948RZ2Z2","","43.2","37.8","21.6","3740"
"ダイドーハント (DAIDOHANT) (Z金物) Zマーク ひねり金物 ST-9 (長さL)90mm (200個) [釘付] 37967","22626","12","","6","¥ 7,934","¥ 7,934","1","B085TG1ZLT","B08QSDNDD1","24.3","15.6","11.6","6850"
"KVK 切替カートリッジ MS8200用切替弁・止水弁カートリッジ ケーブイケー KP733","13761","39","50","348","¥ 5,386","¥ 5,386","5","B00Q88ZBPW","","13.3","3.9","3.4","60"
"【2026新型】Elikliv ヘッジトリマー充電式 電動 剪定 ガーデントリマー 510mm 刈込幅 生垣バリカン 4.0Ah大容量電池2個","13762","49","50","68","¥ 8,900","","1","B0H24VNK6J","B0H5JRKHT7","83","18.5","11.5","3620"
"LIFENGSOLER クリップオンソーラーライト 屋外 モーションセンサーフェンスライト","13787","9","","102","¥ 7,224","","1","B0GSHWCK3H","B0H7WHFVJY","13.8","13.1","12.9","472"
"ダイドーハント (DAIDOHANT) YAIBA ステンレス ドリルねじ [シンワッシャー] (呼び径d)5x(長さL)22x(頭部径D)11.8mm (200本) 46639","13790","36","","27","¥ 5,322","¥ 5,322","1","B08BC2DC7D","B08BJ7D59X","9","8.2","6.8","640"
"シンナー 2000ラッカーシンナー[16L] 三協化学 塗料希釈 脱脂洗浄 ペイントうすめ液","13801","7","","47","¥ 8,800","","1","B07GRPRXQC","","34.9","23.8","23.8","14200"
"高儀(Takagi) EARTH MAN スピードコントロール付 卓上糸鋸盤 SS-400SCA 無段変速のスピードコントロール付 糸鋸 電動 電動糸鋸 糸鋸盤 ハンドソー 卓上糸鋸 糸のこ 糸ノコギリ 糸のこ盤 電動糸のこぎり卓上 たかぎ TAKAGI","13802","35","50","176","¥ 17,997","¥ 17,997","9","B071CZ3M19","","66.2","37.6","33.6","11700"
"アステージ 簡易流し台 サンレイユ AST-915","13804","61","50","467","¥ 5,085","¥ 5,085","10","B001K87E0A","","70.7","47","19.9","3500"
"未来工業 ミラフレキSS PFS PF単層波付管 外径φ30.5 長さ50m ミルキーホワイト MFS-22M","12663","40","","79","¥ 8,618","¥ 8,618","3","B01HRPUGCW","B0DY19Q98P","58","58","24","6830"
"タカショー ビニールハウス ビニール温室 果樹・観葉植物用 チャコールグレー クリア 96x50x150cm 園芸 防寒カバー 植物 育苗 組立簡単 スチール 塩化ビニル樹脂 ポリプロピレン GRH-21","13832","46","","3","¥ 5,280","¥ 5,280","2","B0FKT2283H","B0FLJ5TV7P","149.5","11.5","8.5","2100"
"Lepro ZB1 AI スマート ストリングライト 屋外 防雨型 ガーランド 30.3m 30球 LED イルミネーションライト 庭 ライト Bluetooth WiFi 接続 キャンプ テント ベランダ 吊り下げ ライト 間接照明 誕生日 パーティー 電飾 コンセント ハロウィン クリスマス アレクサ対応 Leproアプリ登録要","13833","46","50","78","¥ 9,009","¥ 9,009","2","B0DCF8NCC5","B0HC25NVL5","30","17.6","14.7","1860"
"BOYA 膜厚計 塗膜計 自動車塗装 膜 厚み 測定器 下地 自動素地判別 日本語説明書 G923 (ブルー)","13834","34","","52","¥ 7,500","","1","B0G2QT9PYF","B0G2R3LMRY","15.1","9.9","5.7","280"
"Umillion 換気扇 双方向吸排気ファン 30cm 1101m³/h大風量 引きひも操作 シャッター付 過熱保護付 純銅モーター 一般換気扇 換気ファン 通気用 屋根裏/居間/洗面所/トイレ/ペットの部屋/キッチン/用","13835","34","","6","¥ 7,280","","1","B0GZVT2KTZ","B0H4RD5PWP","45","45","15","2500"
"Excitech【一級建築士監修】宅配ボックス 屋外 戸建て用【複数投函可能】ポスト一体型 宅配BOX 組み立て不要 盗難防止 置き配 防水 ブラック","13840","92","50","52","¥ 22,900","","1","B0GSTVKXHF","B0H1QRMBG7","97","47","46","20880"
"SKOVENSY レシプロソー 家庭DIY庭木剪定に最適 コードレス 1個バッテリー 無段変速式 替刃付属 軽量コンパクト 安全設計 ブルー","16980","29","","106","¥ 5,699","","1","B0GTZ5YM49","B0HCZCMGYQ","35.1","26.2","9.1","2350"
"Powayup 互換マキタ 18v バッテリー BL1860B 8.0Ah大容量 4個付き 互換マキタ 18v バッテリー 充電器セット DC18RD充電器 2口効率アップ BL1815N BL1820B BL1830B BL1860Bなど対応可能 PSE、CEマーク認証取得済み 四階段LED残量表示 長時間使用可能","13849","37","","33","¥ 16,480","","1","B0FWXQH39Q","B0H693MYDJ","26","18.7","16.6","3330"
"WASJOYE 耐火耐水金庫 手提げ式 ETL認証 鍵付き A4用紙対応 ポータブル耐火耐水金庫 地震火災対策 家庭用(11.0L)","13850","42","","189","¥ 7,999","","1","B0CT2Y2C26","B0HGLKC6D9","45","37.5","22.2","8460"
"TRUSCO(トラスコ) ボールポイントドライバーセット(8本組) TBD-8S","13855","26","","","¥ 5,878","¥ 5,878","20","B00B4TE5CU","B09PBL7LFS","30.4","19.2","15.6","1200"
"HiKOKI(ハイコーキ) 36V コードレス かくはん機 スクリュ径200mm モルタル 塗料 電池1個・充電器付 UM36DA(XPZ)","14949","26","","3","¥ 58,889","¥ 58,889","6","B0CKXP9LJP","B0DC65K4K6","66","39","13.5","7590"
"HiKOKI(ハイコーキ) ツールバッグ(L) 収納 持ち運び バッグ 383371 0038-3371","13863","38","100","32","¥ 5,030","¥ 5,030","4","B0G1935FHV","","59","30","11","1580"
"EVERSAFE 簡易トイレ 100回分 非常用トイレ 15年以上保存 汚物袋付き EST100","13872","49","50","42","¥ 5,380","","1","B0DGPK9JNQ","B0DQNVQ7DK","24.5","18.7","18.3","3150"
"マキタ(Makita) 充電式スプリット草刈機 18V6Ah 刈払アタッチメント・バッテリ・充電器・ツールバッグ付 MUX18DRGM","13875","42","50","193","¥ 53,180","¥ 53,180","15","B08XK5KHFG","","106","38","24","11000"
"チェーンソー 充電式 2個21v 2000mAh バッテリー 自動給油 6インチ 小型 電動チェーンソー 充電式チェーン ソー 家庭用 ミニチ ェーンソ ー 片手 軽量 強力 木工切断 薪作り 園芸設備 枝切り 庭木の剪定 竹の伐採 替刃付き 収納箱付き 日本語説明書","13880","11","","108","¥ 6,498","","4","B0HBWD24N5","B0HDT4N418","40.3","18.6","14.8","2490"
"PLOW プラウ クサノザウルス 自走式草刈り機 WGC530PLUS ホンダ エンジン 刈幅53cm 刈高さ20〜70mm サイド排出 フリー刃 芝刈り機 無段階変速","13884","72","50","27","¥ 104,790","","1","B0FFGNRRB3","","96","62","43.5","34000"
"ALLUCK 玄関灯 人感センサーライト ブラケットライト LED 玄関ライトセンサーライト明暗センサー 防水 防雨型 IP65 外灯 屋外 アウトドアライト ウォールランプ 門柱灯 壁掛け照明ライト 壁直付型 廊下灯 庭園灯 壁掛け灯 ガーデンライト (13*38CM, ホワイト)","13890","29","","30","¥ 5,999","","1","B0BNB6G7KC","B0BNB5WP4L","41","15.5","13.6","1240"
"パナソニック(Panasonic) 電子 住宅用EEスイッチ 点灯照度調整形 露出・埋込両用 EE44139","13901","46","50","32","¥ 5,484","¥ 5,484","7","B0BSPTCMKQ","","12.5","8","5.4","200"
"YESTOBE ベランダタイル 防水 ウッドパネル 交互タイプ 90枚セット 人工木 樹脂 パネル 30×30cm ジョイント式 ウッドデッキ ジョイントパネル 簡単 DIY ウッドパネル 屋外屋内適用","67205","11","","4","¥ 24,000","","1","B0FVLM9W5K","B0FVLQFQ3M","30","30","2","14000"
"Quirix 電源コード ケーブル 屋外 電源線 長さ50m 産業用 室内 屋外 pvc材質 防雨 難燃性 コンセント コード 路面電車充電 電動工具 草刈機 照明 掃除機 作業用 40/50メートル ブラック 50メートル (50 m)","13910","0","","","¥ 5,380","","1","B0F4253XWR","B0F42TPD7P","30","20","20","1000"
"LAIWEI (ライウェイ) ホールソードリルビット HSS (高速度鋼) アーバー付きホールカッター 木材/PVC (ポリ塩化ビニル)ボード/石膏ボード用 (4-1/2インチ(115mmホールソー))","22912","2","","50","¥ 11,366","","1","B07T66J9FP","B081L4ZCQC","16.2","13.2","4.8","520"
"CIGMAN 三脚付き4Dレーザー墨出し器 3WAY操作 APP・リモコン ストロボモード 4×360° グリーンレーザー 高精度±1.5mm/5m","13912","12","","18","¥ 16,990","","1","B0H25DHJLY","","44.5","33.5","14.5","3560"
"Xiaomi セルフインストールスマートロック (キーパッド付属) 指紋認証パッド 暗証番号 アレクサ対応 鍵 スマートキー ドアロック オートロック スマホ対応 iPhone対応 matter/Alexa/Google Home/Siri対応 遠隔対応 工事不要 取付カンタン 後付け 充電バッテリー付き ゲートウェイ内蔵","13918","40","","40","¥ 17,800","¥ 17,800","3","B0G4QWQ4HR","B0GNZ68HL1","16.2","14","8.4","960"
"アサヒペン 水性ウッドガード外部用 3L チーク 艶消し 塗料 ペンキ ステイン仕上げ 木部保護 日光・雨に強い 低臭 撥水 防カビ 防虫 防腐 シロアリ対策 日本製","13921","38","","11","¥ 6,768","¥ 8,559","15","B0033K0DEM","B0CNPBKGSL","22.7","20","19","3506"
"マキタ(Makita) 充電式防じんミニサンダ 18Ｖ バッテリ・充電器別売 BO480DZ","13924","46","50","65","¥ 13,170","¥ 13,170","11","B09WV51K5D","","22.8","22.1","13.9","1540"
"VANKO 互換 マキタ 18v バッテリー BL1860B 6000mAh大容量 4個 マキタ バッテリー 18v BL1815N BL1830B BL1850Bなどに互換可能 LED残量表示機能 防火材料シェル 全保護基板搭載 長寿命セル採用 高耐久設計 PSE認証取得済 3億円PL保険付","13927","28","50","26","¥ 11,096","","1","B0FLJPP682","B0HF779QQQ","18.1","17.1","12.9","2400"
"パナソニック(Panasonic) コスモC露出 L付60A10+2 BQR36102","13928","39","","2","¥ 22,480","¥ 22,480","6","B00KNT6YSU","B0B2NJB83W","57.3","35.3","15.8","5030"
"レインボー薬品 除草剤 ネコソギシャワーAL 液剤 2L (× 5)","13936","11","","227","¥ 7,225","¥ 7,225","","B0FM328SD7","B0FMXLMXPT","24.7","16.4","8.9","10850"
"オルファ(OLFA) 大型 カッター 替刃 折線なし 替刃(大) 300枚入 LB300-OSN","13941","44","","2","¥ 6,887","¥ 6,887","26","B00762A7KI","B091DHS1QW","20.6","15.1","6.1","2068"
"三菱電機(MITSUBISHI ELECTRIC) レンジフードファン 浅形 標準タイプ V-316KSW6","23190","42","","1","¥ 26,086","¥ 26,086","6","B0B4HX7BWF","B0BYDB6C77","64.6","62","23.4","14400"
"【BEAUTY PLAYER】自動水やり器 植物 自動給水器 給水キャップ 水量調節可能 4つの水出口 点滴灌漑 6.5L 大容量 ウォーター バッグ s字フック 付き 留守 中 の 水 やり 出張 旅行 園芸 植木鉢 観葉植物 ガーデニング 鉢植え 盆栽 野菜に適用 日焼け止めデザインの水袋 (6.5L、4つの水出口、３個セット)","14770","11","","59","¥ 6,599","","1","B0D69L2QTL","B0CZ6NG77X","27.5","26","13","636"
"SPAHER EL蛍光チューブ LEDテープライト AC100V 防水 2024新開発 ELワイヤー 120SMD/M 配線不要 間接照明 プラグアンドプレイ 折り曲げ自在 切断可能 長持ち 駐車場 店舗 アウトドア DIY 照明 作業灯 電源スイッチ含む （電球色 6メートル）","14505","30","","38","¥ 5,580","","2","B0BGJ4RMSQ","B0H886M7VB","21.6","21.4","4.1","880"
"アイウィス(IWISS) ケーブル被覆剥き器 ケーブルストリッパー 丸形ケーブル シース剥き ストリップナイフ 0.5-6.0sq (φ8.0-13.0mm) ICP-240 (ICP-240-US)","13961","39","","1349","¥ 5,323","","1","B09Q872XW7","B0BNG3GM93","10.9","3.7","3.4","80"
"LVYUAN（リョクエン）アップトランス ダウントランス3000W 海外国内両用型変圧器 降圧・昇圧【220V地域機対応 変圧器】100V 220V 自由変換 単相 本体電源プラグ Aプラグ 旅行用 Voltage Transformer VT-JP3000VA","13965","44","","215","¥ 11,048","","1","B07PMW836N","B09CTFDJGZ","37.2","26.8","20","6990"
"日よけ シェード オーニング クールシェード 日よけシート サンシェード 日除けセイル UVカット ガーデン 庭 バルコニー用 (ホワイト)完成品 全14サイズ 一平方メートルあたり約210グラムです (4M*4M)","37014","12","","225","¥ 7,880","","1","B0B3T4QZDW","B07FT4Z66S","50.8","25.4","25.4",""
"ナニワ(NANIWA) 本職用砥石 剛研 輝(かがやき) #10000 研ぎ台兼収納ケース付き 210×70×10mm NK-2090","17201","40","","254","¥ 5,200","¥ 5,200","19","B01JI9YXQK","B0DJXMZDVQ","24.4","8.5","3.8","480"
"Dremel(ドレメル) 3.6Vコードレスミニルーター(USB充電器・アクセサリー12種15ピース付き) 4段変速 LITE(ライト) 最大25,000回転/分 リューター 彫刻/削り出し/研削/研ぎ・刃付け/汚れ落とし/磨き/研磨","13977","44","","137","¥ 17,800","","1","B08N5S467G","B0CHVYKYYC","23.8","16.4","6.4","600"
"BITPOTT 屋外 ライト ソーラー、4個セット、3段階高さ、電球色","13980","57","","321","¥ 5,999","","1","B0CCXXR8GW","B0GCFJXJCX","20","17.6","17.3","1200"
"ベストアンサー ラッシングベルト レール 破断荷重 2000kg 10本セット ベルト幅 50mm 固定側 1m 巻側 3m ラッシング ベルト 荷締め 固定 ラチェット式 ワンピースフック","13983","38","","80","¥ 17,800","¥ 17,800","2","B01M1MX07C","B0BJ1JF75X","35.4","32.7","26.7","16410"
"ムサシ ＲＩＴＥＸ 激突防止ライト ワイヤレス ２台入 ＤＷ－９００","13991","41","","9","¥ 6,380","¥ 10,331","24","B096XGFRHH","B0H8H1Q4ZK","22.9","11.4","3.9","320"
"アサヒペン 塗料 ペンキ 水性 シリコンアクリル外カベ用 16kg ツヤ消しホワイト 超耐久 特殊フッ素樹脂 耐候性 防カビ 防藻 日本製","16939","0","","405","¥ 41,140","¥ 41,140","1","B0HG9DF972","B0GTMBD45Q","35","24","24","16500"
"マキタ40Vmax用充電式エアダスタ AS001GZ(本体のみ) バッテリ・充電器別売 SHIBASHO 国内正規品 （柴商アクセサリバッグサービス）","13994","38","","30","¥ 21,800","","1","B09RK1BGL2","","27.4","19.3","16","1560"
"GARDENA(ガルデナ) 4分岐蛇口コネクター 8194-20 26.5 mm (G3/4) / 33.3 mm (G1) 製品保証:最大5年","14001","80","","7551","¥ 6,507","¥ 6,507","3","B001J1UABS","B08B3YVPF3","29.7","13.5","6.5","410"
"ミツギロン 区画整備用品 アーチスタンド UNKNOWN 3本組 (チェーン付) 組み立て式 車止め ホワイト","14003","52","","305","¥ 9,389","¥ 9,389","10","B003AQ7US6","B08XBWZD3C","71.2","51.6","29","5140"
"パナソニック(Panasonic) 換気扇 一般フィルター換気扇 ワンタッチ着脱 羽根径25cm 省エネ FY-25TH3 25cm","14007","32","50","16","¥ 7,389","","5","B0DKDDH8X3","","42","40.5","18.2","3110"
"FADZECO 高圧耐寒 散水ホース（16mm/20mm/25mm）1～60m カット可能 クランプ3個付属｜ガーデニング・洗車・農業用｜耐圧ネジ切り加工 屋外用水道ホース 高強度 (20M,内径32mm)","37139","4","","3","¥ 5,388","","1","B0GV9B7ZP8","B0GV98RQ8J","1","1","1","1000"
"折りたたみ 担架 ストレッチャー【キャスター ベルト付き】2つ折り コンパクト収納 スチール製 防水 ロングサイズ 200cm 救護用 搬送","18090","34","","16","¥ 5,780","","3","B0GHMGJLXM","B0GHN2J321","105","28","11","6070"
"Smiling Shark ソーラーライト WL06-L【パワーアップ版・高輝度400LM・より広い範囲照射】高感度センサーライト 屋外照明 高効率太陽光発電 4モード調光 両面発光 自動点灯/消灯 省エネ 1200mA大容量バッテリー 長持ち電池 IP65防水 防犯ライト 玄関灯 取り付け簡単 壁掛け ガーデン・廊下・庭・玄関・駐車場・応急/防災対応（暖光・4個セット）","23186","20","","12","¥ 5,099","","1","B0GKM5RQFZ","B0HFMNTT39","15.7","13.3","12.3","730"
"京都機械工具(KTC) 樹脂柄ドライバセット貫通タイプ[8本組]","14036","46","50","412","¥ 6,199","¥ 6,199","31","B004SCU0ZG","B085CG2SPS","35.6","21.4","3.4","1220"
"JIANLEI 日除けシェード 屋外 イエロー 遮光ネット 四角形3M*5M 花壇 日よけ 植物 シェード 庭 廊下 ベランダ 園芸 サンシェード 簡単設置 四隅にはD型メタルバックルが付属","18932","35","","53","¥ 6,170","","1","B0F476FFNM","B0F47CG3D8","37","28","14","2640"
"【災害が、起きる前に。】 ONE STEP 防災はしご 避難用 コンパクト収納タイプ 折りたたみ 災害 救難 救援 緊急対応 3階 耐荷重450kg はしご 梯子 日本語説明書 軍手付属 防災用品 (2階用 4M)","27967","33","","160","¥ 8,712","","1","B07C1R3CTT","B0F99WM2R2","37.6","25.8","18.8","4940"
"工進(KOSHIN) 電動噴霧器 ガーデンスプレイヤー MS-252C [ショートノズル54cm]","14044","38","50","175","¥ 29,828","¥ 29,828","17","B00AQUC0R0","B096WMRHPD","43","30","28","13800"
"河村電器産業漏電ブレーカZL 103-75TL-100","18338","34","","","¥ 19,158","¥ 19,158","1","B084W1V8BQ","B0H2YK9MNG","10","7.5","6","650"
"XINZY 防水シート 透明 白 厚手 ビニールシート 屋外 雨避け 4.3×5.9m","14048","27","","77","¥ 10,880","","1","B0H2HXLCMR","B0CYZXZ448","35","30","8","4800"
"マキタ(Makita) 長尺定規 A-66195","14050","37","","57","¥ 5,990","¥ 5,990","7","B0042D0T6G","B07WJZS11D","150","24","4","3000"
"EXENA 充電パワーカッター135 デュアル 14.4V/18V対応 (本体のみ/木工刃付) 電動工具 切断 コードレス 丸ノコ マルノコ 防塵 耐水 IP56 タフ 深さ調整機能 簡単着脱 LEDライト付 金工切断 木工切断 建築現場 作業場 高所作業 ブラック EZ45A2XW-B ブラック","14058","41","","7","¥ 32,156","¥ 32,156","10","B0CDDZYY9F","B0CYBKBXZQ","33.6","26.6","20.9","2670"
"Pispoer フロアランプソケット、E 26電球ソケット、ロボットアームは高さを調整できます、フットスイッチ付き、E 26植物生長電球、室内照明、作業灯、読書、リビング設置に適している、ホワイト","14058","9","","","¥ 5,499","","1","B0G7THH7ZJ","B0GHRHDYNP","46","27","8","4900"
"荷揚げバケツ 道具袋 荷揚げ袋 産業廃棄物用土のう袋 港湾荷役など 造園/電気/工場用索具 (正方形（100×100×100cm）) [並行輸入品]","35314","3","","","¥ 5,599","","1","B0H1VTYGLL","B0H1VWTK8M","50","32","23","200"
"TRUSCO(トラスコ) ポケット鋼製巻尺 スチール 10m PKM-10 × 4個 【ケース販売】","14061","39","","112","¥ 6,713","¥ 6,713","1","B0C4T34ZY2","B0CD6LJGCP","17.2","12.4","11.6","818"
"LIXIL(リクシル) INAX ナビッシュ キッチン用タッチレス水栓 シングルレバー 省エネ設計のエコハンドル 水ハネの少ない泡沫タイプ 快適で清潔なキッチン回りに RSF-841Y","14065","56","","273","¥ 11,382","¥ 11,800","8","B06W5WRM1P","B0HFJF8HMX","40.1","28","8.8","1440"
"パナソニック(Panasonic) 充電バンドソー デュアル(14.4V/18V対応) 最大切断径Φ63.5mm 18V大容量5.0Ah電池パック×2個・充電器・ケース付 EZ45A5LJ2G-B ブラック","14070","36","","19","¥ 81,867","¥ 81,867","16","B01IR2WJWO","B0GVDRSPYK","59","41","30","10780"
"Anker ポータブル電源 大容量 2048Wh Solix C2000 Gen 2 高出力AC 2000W リン酸鉄 10年長寿命","14073","120","50","214","¥ 199,900","","1","B0FRFSFCQH","B0H8RTQ3BS","53.9","34.4","33.7","22550"
"Hilax Sanesuline 3D壁紙 70cm × 77cm クッションシート リメイクシート 壁紙リフォーム 立体シール レンガ調 貼付簡単 模様替え 防水 カット可能 簡単DIY ウォールステッカー ② 30枚セット","14076","42","","221","¥ 12,340","","1","B08R35NR96","B07YLHZT5J","71.3","51.6","40.5","6920"
"サンエー パイプ立て器 パイプステップ G32","12534","45","","244","¥ 8,308","¥ 8,308","5","B007CP0JO8","B084HXFQCN","36","22.5","8.2","1880"
"BIG RED ツールキャビネット ツールチェスト 大型 ツールワゴン 鍵付き 工具箱 キャビネット ボックス 7段タイプ 収納多数 TJ1307B（レッド/キャスター付き）","14085","37","","63","¥ 22,880","","1","B0CM36YMCX","B0FBRT8TB1","72","67","38","26000"
"電撃殺虫器【2026年金賞デザインシリーズ！】Onefun 電撃殺虫器 ソーラー&USB‑C充電式両用 大容量2000mAh 捕虫器 コバエ取り 虫除け 電気蚊取り器 UV光源吸引式 蚊 コバエ 駆除 360°超強力蚊除け 殺虫ライト 静音設計 省エネ経済 薬剤不用 IPX6防水 LEDランプ照明 多機能 電撃殺虫機 吊り下げ式＆据え置き式両用 屋外/屋内などに適用 日本語説明書付き (ホワイト)","14086","77","50","60","¥ 5,000","","2","B0GV5K4N34","B0HGQ41C78","18.9","11.9","11.8","470"
"[fotiwa] ファンバッテリーセット【50V超高出力&冷却プレート付き】 39900mAhバッテリー 作業服用 最大29時間連続稼働 6段階風量調節 5段階冷却モード PSE認証済 日本語説明書付き [日本国内ブランド正規品]","14091","28","50","43","¥ 8,980","","1","B0H121WXG2","B0HCZGHRNR","27.2","21.4","6","1160"
"HiKOKI(ハイコーキ) ノズルセット 充電式エアダスター RA18DA/RA12DA用 0038-1528","14091","71","","13","¥ 6,970","¥ 6,970","9","B0CYBVJMHR","B0CZ9JMHY8","27.5","15.2","9.4","450"
"TRUSCO(トラスコ) ピンポンチ 4.5mmX150mm TPP45 × 20本 【ケース販売】","14098","44","","375","¥ 9,325","¥ 9,325","1","B0C4TH76LT","B0C9D626SP","30","22.5","8.7","1600"
"LIXIL(リクシル) INAX 浄水器内蔵キッチン水栓 浄水カートリッジ エコハンドル 省エネ ハンドシャワー シャワー切替 節水 上面施工 お掃除台座 RJF-865YN 寒冷地","14099","35","","169","¥ 19,400","¥ 19,400","10","B06WVLVWVM","B0HFJLLZWX","46","16","10","2640"
"充電式掃除機 集塵機 コードレス マキタ18V互換 スティッククリーナー フィルター 操作簡単 多機能ミニ掃除機 ハンディークリーナー スティック 畳、布団、床、お家の掃除、絨毯、車内掃除、ペットの清潔等に適用【本体のみ バッテリー別売り】","14102","41","50","33","¥ 8,500","","1","B0FP5G1NW4","B0H97ZRY7K","38.5","29.3","19.8","2200"
"バッテリースポット溶接機、AWithZ 90ギア調整可能ハンドヘルドスポット溶接機、はんだ付けピンの間隔を調整可能、18650 バッテリー用スポット溶接機 (HD2)","14480","37","","122","¥ 6,599","","1","B0DZBWTTMC","B0DYSD76HG","22.3","8.5","3.4","300"
"コスモフィルター 12枚 全14サイズ 換気扇 フィルター 25.0×20.0cm 交換用 レンジフード 国産 不燃性 高除去率 高通気性 ガラス繊維 カバー","18341","37","","148","¥ 5,152","","1","B0CCT81S86","B0CCXRP5X3","27","22","17","20"
"【2026新型 8インチ 4000mAh大容量バッテリー2個付属】KIMO 高枝チェーンソー 充電式 1台2役（高枝切り電動チェーンソー・ハンディチェンソー） 電動 チェンソー 急速充電器 ブラシレスモーター 延長ポール145～280cm無段階調整 付き残量表示 自動給油 交換用チェーン ガイドカバー付き 600W高出力 交換は工具不要 木工切断 庭木伐採 園芸設備 枝切り 過熱・放電保護","14109","44","","119","¥ 12,790","","1","B0G13K57V5","B0H458VN5K","150","20","15","5600"
"EZARC レシプロソー替刃 重切削 10/14山 225mm バイメタル コバルト 釘の入った木材・パレット 解体用 セーバーソーブレード 10本組 ホワイト (× 4)","14115","29","","166","¥ 11,520","","","B0GZCXXSGB","B0D6VKZS5K","24.7","3","2.3","1200"
"Zabuuun! エンジンブロワー 25.4cc 強力送風機 ノズル各種&肩掛けベルト付き 日本語説明書 落ち葉 除雪 小型 軽量","14125","39","50","111","¥ 13,800","","1","B0C9DH6ZXW","","46","39","29","4000"
"TOTO 洗面所水栓 台付1穴・エコシングル ポップアップ式(取替用) シルバー ‎54×23.7×15.6cm TLHG31AEFR","14139","65","50","159","¥ 15,479","¥ 15,479","9","B07T7XVW2C","B08WQGK9S5","33.1","27.5","7.8","2100"
"エルパ DECTワイヤレスインターホン WIP-5150SET 増設子機2台＆クロス付き 4点セット","14145","38","","29","¥ 16,980","","2","B0D99QHQ5X","","35","25.7","13","1590"
"Nasta Interphone 2 ナスタ インターホン インターフォン ドアホン テレビドアホン カメラ付き 防犯カメラ スマホ対応 自動応答 戸建て 有線 保証付き","14147","40","","6","¥ 36,080","¥ 36,080","8","B0GP6LFY68","B0H3ZK7YWJ","31.4","19.7","7.7","880"
"Jackery (ジャクリ) ポータブル電源 3000 Pro 大容量 3024Wh AC出力(3000W 瞬間最大6000W) 2.8時間 フル充電 家庭用 アウトドア バックアップ電源 EPS 非常用電源 純正弦波 専用アプリで遠隔操作可能","14150","51","100","12","¥ 146,650","","1","B0G2BP836Q","B0G2C388X8","47.3","37.7","37.3","29000"
"カンペハピオ ペンキ 塗料 油性 つやあり 高耐久 ウレタン樹脂 鉄 木部用 さび止め剤入り ウレタンガード ハニークリーム 1.6L 油性塗料 日本製 00037640391016","14151","7","","","¥ 5,121","","1","B00PXBIQVG","B073GT844Y","16.7","14.3","14.3","2164"
"ヘッジトリマー 充電式ポールヘッジトリマー マキタ18Vバッテリーと互換性 トリマー刈り幅530mm 長さ270cm 3段式のポール着脱可能 ヘッジ角度が0°～90°調整可能 安全ロックボタン搭載 バッテリー残量表示画面付き たかえだ充電式剪定トリマー 軽量設計 芝生刈り込み・庭木剪定・生け垣剪定・植物手入れに適用 園芸ツール(バッテリ・充電器別売)","14152","25","50","10","¥ 12,880","","1","B0GFDD5MQD","B0GVY1MB41","99.5","19.5","11.5","3790"
"LEZZYRUCK 芝生レベリングレーキ 芝生整地レーキ レベラー 4段式ポール","14157","25","","1","¥ 6,080","","1","B0GYWTGWCY","","44.3","27.6","9.2","4390"
"防水シート 透明タイプ 間仕切りシート 透明PVC 雨よけ 450g/㎡ 引き裂き抵抗 2mX2m ビニールカーテン 温室カバー 豪雨水害対策 園芸 家庭 業務用屋根材 防塵-寒 植物保護カバー テラス 花粉症対策 保護ロープ付き","24434","20","","6","¥ 5,433","","1","B0FT17Q19H","B0FT168LR2","25","23","12","1500"
"NANWEI 充電式ハンマードリル マキタ18Vバッテリー対応 コードレスハンマードリル 振動ドリル ブラシレスモーター SDS-PLUS 正逆転","18730","43","","63","¥ 14,780","","1","B0DS299JQH","B0GW712TXG","40.7","32.6","12.3","6210"
"ビルディ 125mm オールダイヤ 硬質窯業系サイディング用チップソー CSS125-10AD 【5枚セット】 コバ欠け大幅低減 低騒音 集じん丸のこ用 押出成形セメント板 ケイカル板 石こうボード ラスボード 刃数10","10443","20","","","¥ 19,950","","1","B0FXF1T3MX","B0FF41XNXH","15","15","1.4","131"
"ケルヒャー(KARCHER) 高圧洗浄機 K MINI 1.600-050.0","14178","59","50","822","¥ 23,300","","14","B08L6KPL3X","","32.2","29.8","24.6","5660"
"デュポンプランテックス（ザバーン）240BB 1m×30m","14186","37","","66","¥ 12,580","","6","B00MCHA98C","","101.2","15.3","14.5","4000"
"Dream Sticker キッチン リメイクシート 貼るだけ アルミ 防水 耐熱120℃ 42.2×70cm ハーブ 8枚 ALC-6","14191","22","","223","¥ 7,790","","1","B07QTQDP8V","B0FPFX5XTS","47","41","6","1000"
"【アクアビュル】 植物成長促進 ガーデン 屋外用ファインバブル発生器 根張りが良くなる水｜新デザイン 散水ノズルに簡単取付 節水30% ガーデニング・洗車・農業・家庭用 ウルトラファインバブル AQUA BULLE","14194","43","","74","¥ 7,800","","1","B083K4BXGM","","16","9.8","5.4","200"
"パナソニック(Panasonic) パイプファン/格子・標準・電気式シャッタ FY-08PDE9D","14195","40","50","239","¥ 5,450","¥ 6,267","13","B01FS0ABC8","B085LW64SQ","18.8","18.2","16.4","800"
"40m 電源/映像2本一体型ケーブル(丈夫な太線タイプ) 防犯カメラ用 DC電源＋3C-2V映像ケーブル(BNC) 延長コード AHDやアナログカメラの電源映像配線に 電源一体型 BNCP-BNCP DCJ-DCP 3C2V同軸ケーブル 国内検品済み（黒） KC-12805 (40m)","14195","38","","13","¥ 6,680","","1","B0CGXPF2B6","B0CGXPGVK8","33.2","27.4","12.9","2730"
"ケーブル索引具- 通線工具 伸長:3.5m 伸縮 配線竿 引っ掛け棒 電工竿 カーボン 炭層繊維採用 点検口 天井裏 OAフロア 狭い空間の配線に最適 先端蓄光タイプ コンパクト 軽量 AURORE(オーロレ興業 京都) AMFC-1-3500","14201","31","","21","¥ 11,800","","1","B0DY4VRKJC","B0DY4SYRND","41.2","7.2","3.6","340"
"YOIbuy PRO ジェットブロワー 充電式 ブロワー リーフブロワー 強力 ブラシレスモータ搭載 40000rpm超高回転 コンパクト 軽量 MAX風速50m/s 二段変速機能あり マキタ 18V 互換 洗車 水拭き (充電器・バッテリー別売り）本体のみ YLB-PR-31","14204","78","100","148","¥ 5,999","","1","B0FR8T95VY","","32","25.8","11.5","1200"
"Elerobe配線アシスタントツール ケーブルプーリー スピンドルローラー 330度調整クランプ 耐腐食 ケーブルガイド 建設工事 配線作業 電線牽引 スムーズ回転 高耐久 工具 安心してご購入ください（具体的な製品寸法については寸法図をご参照ください） (5個入り)","16537","3","","","¥ 6,908","","1","B0H2VG9HGH","B0H2V9D35J","1","1","1","1000"
"TARUNA LED投光器 Makita対応 18Vバッテリー対応 作業灯【15W×4灯】 3脚スタンド付き 7つ点灯モード 2段階調光 電池なし 省エネ 360度自由回転 バッテリー着脱式 災害グッズ 停電対策 アウトドア バッテリー別売り","14205","42","","29","¥ 9,747","","1","B0G7XKS63G","","70.5","22","21.7","4060"
"Damika 折りたたみミュージシャンパフォーマンスチェア、バックレストギターパフォーマンススツール、フットバー折りたたみスツール、ギターシンギングスツール、高さ調節可能なシート、フットレスト、ポータブルパフォーマンススツール (黒)","14207","1","","","¥ 10,399","","1","B0GTQ9CXRS","B0GTPZG6HB","56","54","19","7500"
"Panasonic (パナソニック) パイプファン 排気形 (フィルター付) FY-08PFL9SD","14209","34","","14","¥ 5,466","¥ 5,466","14","B00ZR2AMMC","B085LVFPNY","18.8","18.2","14.7","600"
"森林生活 麻シート(10m×1m) 麻布 ジュート ヘッシャンクロス ガーデニング 園芸 農業資材 ハンギングバスケット ジュートクロス","20309","14","","55","¥ 5,720","","1","B0B7HRHQVV","B0B7HSX5SR","48","31.5","6",""
"ミナトワークス 電動コンクリートミキサー 1.25切 MMX-30 100Vモーター 車輪付","14222","34","","56","¥ 22,800","","1","B00LHO1EOY","B07B2SJWJG","68","63","59","26000"
"水中ポンプ バッテリー式 12m揚程 充電式 排水ポンプ 排出量6m³/h 電動ポンプ 水抜きポン 围畑 庭木などの散水 池水の循環 水耕栽培 給水 灌漑 散水 水族館 池水 お風呂 プール ガーデン 電源コード付き 日本語説明書付き (本体＋電池二個) [並行輸入品]","14225","13","","3","¥ 8,499","","1","B0GWCW2KRG","B0GWCWYR4P","26.6","21","15.4","2350"
"HaruDesign 植物育成ヒートマット SA-12C 55cmｘ35cm （記憶機能）メモリ内蔵温度調整コントローラー付き IP67防水 低外気温にも対応する110W 製品3年保証 (× 2)","14229","11","","","¥ 6,924","","","B0GZPJD6S4","B0FRDNXCV5","41","6.7","6.5","1100"
"ベランダ 目隠し バルコニーシェード 70 x 860 cm,高密度ポリエチレン,通気性紫外線98％カット軽量耐久性洗濯可能耐久洗濯可能多機雨よけ日よけシェドバルコニあらゆるサイズと穴間隔のカスタマイズをサポト適用対象屋外庭先廊下庭下野活動, モカ","29362","6","","10","¥ 6,280","","1","B0F62Q1D8V","B0F6351RTM","35","20","10","1320"
"スーパー ベアリング装備パイプカッター(アクション機構付) TCB502","12603","37","","144","¥ 9,036","¥ 9,036","13","B002O3CXTW","B0F1FG6BG3","30.4","15.6","4.4","1093"
"コクゴ トヨロンブレードホース TR-6 6×11","24487","34","","4","¥ 23,993","","13","B01IHD6XPM","","38","38","22","8600"
"ONESORA 鳩避け 鳥よけ 100%ステンレス製 バードピン 耐久性 【総長 10ｍ】 鳥よけ スパイク 鳩よけ 剣山 有刺鉄線 カラスよけ 鳥のフン害対策 屋上 ベランダ カーポート 軒下 車庫 アンテナ上部 設置簡単 取扱説明書付き","22197","47","","122","¥ 5,888","","1","B08WLZNZB7","B09FFZWNJW","26","20.9","5","2210"
"「高隠蔽設計屋外防犯カメラ・AI人物検知・電源配線工事不要」COOAU 2K 300万画素 ソーラー一体型防犯カメラ AI動作検知 自動点灯 即時ポップアップ通知 遠隔操作 セキュリティカメラ 監視カメラ IP65防塵防水 簡単設置 電池式 バッテリー長持ち Alexa対応 家庭用 業務用 外出 防犯対策 夜間もきれいに撮影 wifi対応 録画機能付き いたずら防止 自宅見守り","14256","45","50","779","¥ 7,990","","1","B0FCY6V18Z","B0GQZBF1F8","21.2","10.6","10.2","550"
"ナウィン 充電式チェーンソー 12インチ ブラシレスモーター 自動給油 安全ブレーキ コードレス ガイドバー300mm 安全設計","16747","38","","228","¥ 12,480","","1","B0BPRRQBN3","B0GVDH7CPL","61","28.8","23.6","6760"
"TRUSCO(トラスコ) パワーミキサー低粘度用 TM-01 × 12本 【ケース販売】","15059","36","","4","¥ 11,121","¥ 11,121","1","B0C4TJXN9Z","B09PBZRF2K","43","34","34","2784"
"パナソニック(Panasonic) 光電式2種/無線式･連動型･電池式･親器 BGW42717","14267","55","50","4","¥ 13,200","","7","B0DPQB5JJY","","11.1","10.8","5.8","190"
"マキタ(Makita) 充電式ハンドグラインダ 18V バッテリ・充電器・ケース別売 GD800DZ","14283","40","","88","¥ 12,689","¥ 12,689","10","B00OZD3XFW","B07DC5JVP4","40.2","13","9.2","1640"
"[PLEAVIT]草刈り機 チップソー 草刈り機の刃 替え刃 スチール 255mm 交換 用品 (5, 刃数80p)","14303","23","","4","¥ 5,480","","1","B0CM5KWP64","B0BK6R2YQ3","28.1","27","3.5","1910"
"電動ケーブル皮むき機 100V 750W Φ1～38mm対応 11穴仕様 ワイヤーストリッパー VVF/VCT/高圧ケーブル対応 銅線被覆剥離機 電線皮むき機 業務用 家庭用 リサイクル用","14307","10","","2","¥ 39,000","","1","B0GTXN3HXL","","65","44","36","36000"
"ALPHA(アルファ) 玄関引戸用取替錠 L4056ALU-S(シルバー)","14308","37","","121","¥ 5,027","¥ 5,027","6","B00KNQ35ZS","B07KP4G9W9","22.1","12","6.2","790"
"timiland 温室 ビニールハウス (鉄フレーム+ホワイトPEメッシュクロス) PEビニールハウス ガーデン温室 家庭用 ビニールハウス 植物 ビニール温室 大型温室 花園温室 植物の温室 温室テント 組立簡単 工具不要 防雨/防寒/防風対策 害虫/鳥防止 付日本語版インストール手順（130×91×150cm）","23563","34","","39","¥ 5,780","","1","B0DG21B993","B0CLTTZFWB","89.5","26","8","3200"
"マキタ 充電式草刈機18V 刈込幅230mmチップソー付 Uハンドル バッテリ充電器別売 MUR190UDZ","14315","62","","359","¥ 30,609","","1","B085SBN4DJ","B086JVFRP8","178.2","18.3","18.3","5000"
"トップ工業 (TOP) ボイド管 ラチェット 直径150㎜ 全長600㎜以下のボイド抜き スリーブ抜き 建築工事 VR-450 燕三条 日本製","18445","43","","142","¥ 15,591","¥ 15,591","23","B001D39I0Q","B09ZJ5KJ45","73","16.2","4.8","3402"
"Waitley マキタ18V バッテリー互換 大容量 9.0Ah 9000mAh マキタ18V電動工具に対応 電池 LEDデジタル残量表示","14326","43","50","203","¥ 5,234","","1","B0BPKVKX9F","","14.7","10.2","9.8","920"
"CSOOM 35本組 ルーター・トリマービットセットプロ 超硬ルーター 軸径6mm 木工切削用 六角レンチ+収納ケース付き","12557","36","","38","¥ 8,626","","1","B0BLJGFT3X","B0BNH9LSYD","33.5","24.5","7.4","1840"
"タジマ(Tajima) ムキチョッパL (ケーブルストリッパー) DK-MC40L","14331","53","","339","¥ 7,055","¥ 7,055","24","B00TRP5QG2","B0D922HF17","27.6","8.7","3.6","410"
"Hio【日置産業】 流し台 ステンレス製 蛇口水栓付き 蛇口左右に付けれる 屋外 簡易式 キッチン用 ガーデンシンク コンパクト BBQ アウトドアに適用 錆びにくい 簡単取付 工場 農園でも (シングルシンク)","14349","52","50","341","¥ 7,499","","1","B09RZYR8D9","B09THZRWLS","65","46","25",""
"Anker Solix F3000 Portable Power Station 大容量 ポータブル電源 3072Wh 高出力AC 合計最大3000W 長寿命10年 リン酸鉄 コンパクト パススルー アプリ遠隔操作 防災 節電 停電対策 アンカー","14356","26","","19","¥ 189,900","","1","B0DZBM2QW9","B0H7VN56ZV","75","48.5","41","39000"
"【軽量版】ポリッシャー 車 コードレス ダブルアクションポリッシャー ハンディ 電動ぽりっしゃー ミニポリッシャー (バッテリー2個・静か)・レッド","15177","44","","15","¥ 5,890","","1","B0GRV6NWGK","B0GRTYZL7H","26.3","19.8","17.9","1830"
"ベランダ目隠し シェード 日よけ プライバシー保護 ベランダ UVカット 風通し良し高密度ポリエチレン 撥水 暑さ対策 結束バンド付き 簡単設置可能 屋外裏庭 タープ キャンプ 装飾 バルコニー ベランダ廊下 カーキ３mx５m","18450","15","","17","¥ 5,179","","1","B0GRMF16P9","B0GRM85YBB","10","8","8","2300"
"京セラ(Kyocera) 旧リョービ ミニサンダ S-5000 75×105mm 629051A【軽量(0.76kg)で片手でも使えるコンパクトサイズ】【ソフトグリップで振動が伝わりにくい】","14409","59","50","615","¥ 7,477","¥ 7,707","18","B001CFC37U","B0CN926SXQ","18.5","14.3","9.4","1100"
"京セラ(リョービ) 研磨機 砥石径180mm FG-18 4150220","14414","40","","141","¥ 23,366","¥ 23,366","21","B000BUPRQG","B0DM8HJSYF","39.5","29","20","5500"
"ベッセル(VESSEL) 電動 ボールグリップ ドライバー プラス プレミアム 3段階切替モード 限定色 (金) ビット1本付 220USB-P1GL","14414","37","","331","¥ 10,828","","2","B0CLL5K1TH","B0D8B3T9ZF","24.9","10.1","6.6","300"
"ピクチャーレール ワイヤーセット (1.5m 20本 セット) ステンレス製 スライド式フック高さ調整可能 展示用 調節自在 額受 金具 YUGUOCHENG","11034","13","","41","¥ 5,399","","1","B0F1JGBVQ7","B0F1J9N652","26.2","17.7","2.8","950"
"コスメワゴン キャスター付き 4段 幅42cm スリム 引き出し・仕切り板付き ホワイト","14417","12","","11","¥ 6,850","","1","B0H3DJ8Z5N","B0H1ML6MFJ","43","34","17","5000"
"バッチリバンドソー刃 HiKOKI CB14DBL CB18DBL バンドソー替刃 5本入 ステンレス・鉄用 18山 B-CBH90018J","38977","17","","76","¥ 7,580","","1","B07KX6DHGQ","B094HRNZG3","33.5","22","2.4","300"
"PYKES PEAK ベンチ型 宅配ボックス 屋外 3Way 屋外 ベンチ 玄関 収納 鍵付き 大容量 物置 戸建て 置き配 盗難防止 「クルミ」","14429","39","","145","¥ 19,836","","1","B0C4KFFZMY","B0C4KGSVVD","71.7","50","47.5","15000"
"TRUSCO(トラスコ) モンキーレンチ 450mm TRM-450","14435","38","","122","¥ 6,827","¥ 6,827","24","B002A5Q9B2","B0CCDL2KYH","46.4","13","3.3","1969"
"アルミス 電動コンクリートミキサー まぜ太郎 AMZ-70Y","14438","29","50","281","¥ 34,999","","9","B01K42KDRI","","74","68","49","45000"
"良匠 FIRSTINFO 空転式プリセット型 トルクドライバー (1-6 Nm)","14438","41","","28","¥ 13,900","","1","B08SM4JS18","B0HDS1BLM3","26.2","6.7","6.1","500"
"【ロールタイプ 1x50m】防草シート 除草シート 不織布 10年耐久 紫外線劣化防止 高透水 UV耐候剤配合 高密度 厚手 雑草防止シート 工事用 園芸用 人工芝下 固定ピン 黒丸付き 適格請求書発行可","22691","17","","66","¥ 8,540","","1","B0GY8GS6ZL","B0F23SZHB4","100","20","16","2000"
"[happycool] 【B社22-26年モデル対応】30V高出力 空調作業服用 互換バッテリー＆ファンセット AC10-1/AC10-2・AC09-1/AC09-2・AC08-1/AC08-2・AC370/AC371・AC310/AC311対応 Type-C充電対応 PSE認証済 羽根取り外し水洗い可能 17V/19V/22V/24V/30V対応","14442","21","50","8","¥ 11,500","","1","B0H23KCNQD","","25.9","23.1","5.6","930"
"パラソル ガーデンパラソル 風に強い 大型 直径220cm UVカット 撥水加工 角度調節 チルト機能付/クランク開閉 丈夫 日除け アウトドアの庭園、露天カフェ、レストラン、公園など、さまざまな場所に適用されます (220cm, ブラウン)","18696","18","","103","¥ 7,123","","1","B0C5X7NBRJ","B0C5XBY3XR","57","53","15","2200"
"ツールバッグ、大きなロールアップツールバッグオーガナイザー、13ポケットツールロール収納ポーチ、高耐久ポータブルツールストレージキャリアバッグ、男性、メカニック、電気技師、愛好家、ブラック/ブルー。","14446","15","","696","¥ 12,031","","1","B0DNZ86Z4W","B0DS1HFKSF","36.5","19.3","7.7","898"
"デウォルト(DEWALT) TSTAK オーガナイザー付き ラージボックス 工具箱 収納ケース ツールボックス 持ち運びやすい ロングハンドル 積み重ね収納 大容量収納 IP54 坊塵 防水 設計 DWST83343-1","14446","64","","75","¥ 5,913","¥ 5,913","22","B097T3T1GL","B0DK6WNLKH","57","36.4","35","4080"
"住化エンバイロメンタルサイエンス スズメバチ駆除用 ハチノックL 300ml×3本 即効性蜂駆除用強力殺虫剤","14448","34","","23","¥ 5,880","","3","B0721M2ZXX","","20.4","18.6","6.3","950"
"zdjorker テーブル脚アイアンレッグ アイアン脚 高さ30-100cm 奥行30-100cm 口型 2本セット パーツ 机 脚 家具脚 デスク 脚 ベンチ脚 ローテーブル 脚 DIY テーブル足 ダイニングテーブル 脚アジャスター付き","18564","25","","11","¥ 8,911","","1","B0FB9MCQDP","B0FB9JFG1N","70","40","10","6000"
"フローバル 送水ホース ブルーホース FBL-65-30 65Φ×30m","14881","45","","24","¥ 7,112","","3","B01HE7IHI8","B07KR2VLSN","35.5","35.5","10","9500"
"BTF-LIGHTING COB FCOB LEDテープライト 高密度 10M/ロール 5280LEDs 3000K 10mm DC24V Ra>90","24636","39","","11","¥ 5,499","","1","B0CG1G6LLV","B0CXTF7J8Y","23.7","21","1.7","210"
"マーベル(MARVEL) ケーブルグリップ スタンダードタイプ MG-90","14464","28","","54","¥ 14,603","¥ 14,603","12","B005N83SBW","B0FJFS9XX5","100","10","10","2000"
"EXHEART LEDクリップライトPRO 20W クリップライト 充電式（昼光色/USB充電式 / 3.7V / 5000mAh / 1500ルーメン）ワークライト 投光器 LEDライト 作業ライト 作業灯 工事用照明 屋外照明 折りたたみ 屋外 倉庫 現場用 業務用 EXL-CL20P","14477","38","","13","¥ 6,709","¥ 6,709","2","B0D92129QN","B0FGD3YTMV","18.8","9.3","9.2","540"
"未来工業 トリッパ－ＣＶ標準セット TOR-CV1HS","14489","42","50","42","¥ 15,400","","5","B0DCBL6XF6","","22.9","17.2","8.2","690"
"東栄管機 (TOEIL) ＶU継手 45°エルボ 250 VU45DL_250","69535","6","","1","¥ 8,099","","1","B01I8Z6PNO","B0GGGW6NWR","42","26.4","26.4","3030"
"グリップ付Ｔ型ヘックスレンチセット6本組 96T/S6","18552","35","","1028","¥ 8,545","¥ 8,545","11","B00K90L410","B0GLXBBRNM","22.7","15.7","3.1","339"
"HiKOKI(ハイコーキ) 36V インパクトレンチ WR36DA 四角ドライブ19mm バッテリー・充電器別売り 最大締付けトルク1,100 N・m ゆるめトルク1,800N・ｍ タイヤ交換 自動車整備 WR36DA(NN)","14497","39","","45","¥ 36,664","¥ 36,664","13","B07C1LYMG2","B0CM96QND5","51.4","37.6","17.1","6100"
"MCC ケーブルカッタ替刃 No.2 CCE0302","14497","43","","22","¥ 9,260","","31","B002P7JW50","B08W5GVFY3","14.9","10.3","6.5","871"
"山崎実業(Yamazaki) 横から掛けられる タオルハンガー ホワイト W36.5×D14.4×H61.2cm タワー tower タオル バスマット 物干し スリム設計 10549","14500","32","","6","¥ 5,500","¥ 5,500","10","B0GMFZP7J9","","62.1","46.3","5.2","2560"
"チェーンソー 充電式 21V 3.0Ah大容量バッテリー2個搭載(マキタ バッテリー対応)電動チェーンソー 給油システム 小型チェーンソー LEDバッテリー残量表示 強力 軽量 片手 木工切断、薪作り、園芸設備、枝切り、庭木の剪定、竹の伐採等 充電式チェーンソー 電動のこぎり 日本語取扱説明書付き HQYYDS002 (8インチ)","22723","37","","675","¥ 15,990","","1","B0BPHPK4G5","B0BPHNYLS3","41.8","26.5","15","3390"
"EZVIZ (イージービズ) HP3 Pro スマートドアホン 2K 300万画素","14518","42","","3913","¥ 7,966","","1","B0D9KLDMTJ","B0GZZ3DBX3","18.9","10.5","10.4","630"
"CLY LED 作業灯 投光器 ランタン 充電式 昼光色 自然色 電球色 SOS点灯 4色切替・3段階調光 高輝度 200Wより明るい マグネット搭載 ポータブル ワークライト フラッドライト フラッシュ 防塵・防水仕様 夜間作業/夜釣り/集魚灯/アウトドア/緊急用/防災用品/停電時用/非常用/災害グッズ/車修理用/ガレージ用 応急 照明 日本語説明書付き","14523","39","","138","¥ 6,443","","1","B09XMG7SLB","B0G5Z2C259","24","17.8","11.8","1340"
"HFS(R) 強力防湿シート透湿 防水 床用 工業用 透明シート 1x50m巻","15233","28","","57","¥ 7,999","","1","B0B1T8XJTR","B0BR7R8WT6","102.5","12","12","7400"
"ケルヒャー(KARCHER) 業務用 ドライクリーナー T 7/1 Classic (1.527-193.0)","14545","50","","15","¥ 23,220","¥ 23,883","19","B07NW8936V","B0CQY87642","39","38","36","5700"
"マキタ(Makita) ブロワ MUB401","14547","61","","56","¥ 9,079","","8","B016A5ZLHA","B07DC2M7K6","37","22.2","19.6","3120"
"コードレス チェーンソー 電動 強力 充電式チェーンソー 【庭木剪定・伐採用】12インチ マキタ18Vバッテリー対応可能 チェーン","14552","16","","17","¥ 9,980","","1","B0HC2BHX1H","","38.4","26.1","18.4","4530"
"【両刃駆動】ヘッジトリマー 充電式 ポール(別売り) 18V マキタ バッテリ対応 軽量1.3kg 刈込幅40cm・切断径15mm ブラシレスモーター","14553","14","","6","¥ 11,998","","1","B0H87FHMP9","B0H87BZCQK","62","15","7.5","2000"
"TRUSCO(トラスコ) ダイヤモンドヤスリ 精密用 刃長80mm セット GS-5-SET","26266","11","","19","¥ 10,055","¥ 10,055","12","B002A5U5DK","B0CG5V4P4C","24.3","6.6","1.9","150"
"日産化学 殺虫剤 グレーシア 乳剤 500ml","24430","34","50","18","¥ 10,170","¥ 10,170","8","B07S1FLTKZ","","19","4","4","580"
"●[TCH785N]TOTO バルブユニット","14574","41","50","247","¥ 9,889","","3","B0897GSXHT","","27.2","18","16.3","480"
"[SOY’S F] 有孔ボード フック パンチングボード [24バリエーション] ペグボード 「ボード厚5.5mm 用」 穴ピッチ25mm 穴径 5mm ゴム付き 固定 止め 金具 穴あき ボード (5㎝･100個セット（黒）)","17026","18","","","¥ 5,200","","1","B0DMPJZF5H","B0D2XGLNC1","33.5","11.9","4.9","1030"
"エルパ(ELPA) 防犯センサーライト 2200ルーメン 3灯 セキュリティ 防犯 二面発光 赤色警告灯 人感センサー 防犯対策 予知防犯 ESL-SS2003AC","14575","33","","8","¥ 9,000","","10","B0DP8LMGG9","B0DSKHN9XL","26.2","18","16.9","1370"
"トラスコ中山(TRUSCO) 鳥よけシート トゲロング ブラック 80×330×150 3枚入×20PK 【ケース販売】 TBPS-L-3P","14579","34","","80","¥ 17,237","¥ 17,237","1","B0C4TJG8N6","B09PBZXG6C","49","37","37","6400"
"Aipat 電動チェーンソー 充電式 12インチ ブラシレスモーター 4000mAh大容量バッテリー2個付 電動ノコギリ 切断径350mm 18V互換 PSE認証済 給油式 自動給油 本体スマート残量表示 オイル残量窓付き 収納ケース付 日本語取扱説明書 家庭用 DIY 伐木 枝切り 剪定 薪作り 園芸 2026年新登場（青）","14590","43","50","30","¥ 12,980","","1","B0H6ZJGVX7","B0H8HT786J","39.1","30","16.7","4210"
"イチネンTASCO 電動フレアツール セット 充電式 TA550SF 電池、急速充電器、専用クランプ、ケース付属 フレア加工用 電動スマートフレアツール","14599","43","50","90","¥ 52,500","¥ 53,360","17","B094VS8RQ4","B0BJ9V2NPV","31.3","30.1","13.2","3560"
"OSJ 収納ボックス 屋外 100L 踏み台 収納庫 木目調 頑丈 防水 簡単組立 樹脂製 ガーデン 家庭用 置き配 アウトドア ベランダ (ブラック)","19466","23","","","¥ 11,322","","1","B0H1C1NSSY","B0H1BL6QNZ","94","35.5","22","8400"
"YUET トイレットペーパーホルダー 自己粘着式またはねじ込み式壁取り付けオプション ダブルポスト ピボットティッシュロールホルダー ステンレススチール製 錆びないスティック ドリル不要 バスルーム用 マットブラック","14603","26","","14","¥ 5,292","","1","B0FLJP8WR5","B0D5P6D1GH","21.7","8.8","6.5","290"
"スマートチェーンポール 駐車場 ホワイトシルバー 3本組セット(チェーン付) 高さ82cm ミツギロン SF-92-WS チェーンスタンド","14607","43","","37","¥ 7,700","¥ 7,700","3","B0DJM5C7GS","B0DK128KSH","62.8","27","23.5","2130"
"京セラ(Kyocera) 旧リョービ 手動式芝刈機 HLM-3000 リール式 662050A 【手動式なので電源や電池残量を気にせず手軽に芝刈り】 刈込幅300mm 刈込高さ調整5段階 5枚刃","14610","60","100","256","¥ 13,805","¥ 13,805","12","B00VFVD35C","B0C361QPW3","50","38","23.5","7500"
"リョービ ドアクローザ 20シリーズ パラレル型 ストップ付 ブロンズ S-23PC1","14614","37","","2","¥ 9,619","¥ 9,619","1","B0FCFP3ZM3","B0FLWDN1GL","34.7","12","5.7","2220"
"デウォルト(DEWALT) タフシステム2.0 ツールバッグ ハーフサイズ DWST83524-1","14616","62","","59","¥ 10,276","¥ 10,402","17","B0C1YD5TJG","B0DK6YKL81","42.5","38.5","28.4","1950"
"マキタ(Makita) 鮫肌卓上スライド用プレミアムホワイトチップソー A-69244","11005","53","50","216","¥ 5,064","","18","B07VHBQFHM","B07XRY82WV","16.9","16.7","1.2","270"
"HiKOKI(ハイコーキ) パワーブラシアタッチメント CG36DC(DLN)用 アクセサリ 幅555mm 0038-2810","23066","60","","3","¥ 17,801","¥ 20,920","6","B0FCF1QL82","B0G4MBYHHB","79.3","42.1","30.2","8800"
"高儀(Takagi) 静音オイルレス エアーコンプレッサー 25L ACP-25SLB【オイルレスで簡単メンテ】【早いエアー充填】【タイヤ交換、空気入れ、エアブラシなど】EARTH MAN 100V 静音 小型","14623","96","50","226","¥ 29,828","¥ 29,828","11","B09T2LSWXW","","62.6","61.2","27.6","24940"
"【日本メーカー】 ハンディウォッシャー コードレス 高圧洗浄機 軽量 小型 コンパクト ミニ ポケッタブル 手軽 バケツ タンク式 充電式 折りたたみ式 ガーデニング 庭 洗車 家の壁 壁洗い 窓 屋根 タイル 床 エアコン ベランダ アウトドア お風呂 温水 清掃用 掃除用具 家庭用 グッズ コードレス ホース ノズル 簡易 ポータブルシャワー 水道なし 不要 SP-PSWB99","14624","72","","15","¥ 7,990","","1","B0FRM4WJJL","B0FRL59S5Y","33.2","26.6","12.1","2180"
"20食 3日分 非常食セット 5年保存 安心米9種 パン3種 スープ3種 おこげ5種 備えて安心 保存食 防災食 備蓄食 災害対策 防災グッズ 家庭用 オフィス","14630","27","","6","¥ 8,100","","1","B0FD7BFXPX","","35","25","15",""
"ダルトン(Dulton) フォールディング コンテナ 40L H21-0343-40 折りたたみコンテナ ツールボックス","14632","40","","45","¥ 5,610","¥ 5,832","17","B09L4P9FHC","B0C8J3H7L3","54.2","39.3","7.8","2300"
"AMIUKON リチウムイオンバッテリ交換キット充電保護回路基板修理キット部品 マキタ用 PCB充電ボード 18V バッテリ用 (５個)","14636","21","","41","¥ 5,990","","1","B0FFNCTJN8","B0FFNGYLXD","11.6","11.3","1.8","20"
"セーフティライフ 防災リュック 30点セット 1人用 防災士監修 重量約3kg 保存食 保存水 携帯トイレ オレンジ","14640","50","50","35","¥ 6,800","","1","B0FLJB24BF","","34.6","33.3","13","2770"
"モリタ宮田工業 住宅用強化液(中性)消火器 1L キッチンアイ ブロンズ MVF1HBX","19255","25","","","¥ 10,615","¥ 10,622","3","B0GTLDQ6W6","B0GTTVQG32","42.1","18.3","12.1","2550"
"M METERXITY リコイルロープ 5.0mm×100m リコイルスターター 紐 刈払機 ナイロンコード エンジン始動ロープ 農業機械ひも 交換 耐久性 ホワイトレッド","14656","19","","27","¥ 5,541","","2","B0DNFGTGTB","B0G4C37DR7","17","16.7","12.3","1390"
"21V MAX出力 3000mAh マキタ 互換バッテリー 3.0Ah 大容量 リチウムイオン バッテリー セット AC100v-220v充電器付き 長時間作業可能 LED電池残量表示 充電式 電動工具用電池 パック 日本語取扱説明書付き (3.0Ah/2個セット)","14660","42","","26","¥ 5,849","","1","B0FVRRH79M","B0FVS52XQC","21.4","14.9","10.9","1300"
"Kaiju Plant 怪獣シェードAL 2枚組 防眩 集光ミラー アルミパネル 室内園芸 植物育成LED用 (標準サイズ) (× 2)","12957","16","","35","¥ 5,960","","","B0GZCKNMYR","B0G9H6LX2R","31.2","18.6","1.1","580"
"ハスクバーナ・ゼノア ゼノア エンジンハンディブロワー HBZ260LV 967089602 平均風量:13m3/m 最大風速:70m/s 排気量:25.4cc","22499","57","","35","¥ 47,344","¥ 47,344","5","B07F4CQ4R6","B0CQ1Y1FLS","46.2","40.9","39.7","6040"
"日よけ シェード 【2026最新 強風対策】 ロールスクリーン 屋外 1級遮光 遮熱 UVカット 99%以上 撥水 オーニングテント クランク式 手動 巻き取り式 取付簡単 補強アルミトップチューブ 金属製ボトムロッド ベランダ 目隠し サンシェード 庭 バルコニー (カーキ, 幅2*高い1.5m)","119935","8","","2","¥ 10,050","","1","B0H4LD2Q4L","B0H4W3HDGF","126","15","15",""
"スイコー スーパーローリータンク 600L (オレンジ)","14674","55","","107","¥ 34,609","¥ 44,864","8","B00USNI1PK","B09XHJG262","112","92","87.5","22398"
"KRGNPLE SUS304 合計：1000本、4.6×200mm ステンレス 結束バンド 屋外 ホースバンド 耐久 タイラップ 配線通し ステンレスバンド ステンレスパイプ 単管パイプ 長い ステンレス インシュロック 200mm 取り外し可能 ケーブルバンド ホース バンド ケーブルタイ 結束 耐候性 パイプクリップ ホースクリップ 強力 いんしゅろっく ケーブル結束バンド ケーブル","15583","26","","","¥ 7,999","","1","B09WXZR1J3","B0FCM2CVJZ","20","12.4","1.6","140"
"xixi-home 刈り込みばさみ 伸縮 【庭師推薦】 園芸ばさみ 剪定鋏 ロング 軽量 黒+黄色 伸縮式・波刃・ギア式","16261","28","","","¥ 5,090","","1","B0FCSL8MH8","B0FCSF7919","86","35","10","2000"
"DJI Power 2000 ポータブル電源 2048Wh LFPバッテリー","14681","51","","44","¥ 114,500","¥ 115,980","6","B0F2THBMT6","B0GHN5K5G8","50.3","42.3","30.1","24290"
"LIXIL(リクシル) 浴室シャワーセット RBF-910NA","14691","12","","45","¥ 20,000","¥ 20,000","3","B0DTYQMWYH","B0HFJK5RBM","34.3","21.7","15.2","2390"
"快適生活 害獣忌避「ヒトデのちから」 (10袋) 5kg 忌避剤 害獣 害虫 忌避対策 ひとで カラス イノシシ 野良猫 モグラ 鹿 ハクビシン カメムシ ネズミ 忌避 ヒトデ忌避剤 ひとで忌避剤 害獣対策 ひとでのちから","14694","43","","103","¥ 9,800","","1","B0FF4B289Y","B0BYTY18V2","29","23","19","5000"
"【TÜV・IEC認証】LVYUAN(リョクエン)100W ソーラーパネル N型TOPCon単結晶シリコン 太陽光パネル 太陽光チャージ835mm×664×35mm 省エネルギー 小型 車、船舶、屋根、ベランダーに設置 災害対策 MC4プラグと90cm12AWGケーブル付きCSMS-100W-V2","15337","35","","54","¥ 8,998","","1","B0BCZ12WBS","B0CXF114VX","108","54.7","4","7000"
"Boetpcr 互換 マキタ 18v バッテリー BL1860B 6000mAh大容量 4個 マキタ バッテリー 18v BL1815N BL1820B BL1830B BL1850B BL1860Bなどに対応可能 多重保護機能付 LED残量表示 コスパ良い 高耐久性 PSE、CE認証取得済み ブルー","14699","27","50","768","¥ 11,660","","1","B0FJLZ6743","B0GH1LKTLW","18.1","17.1","12.9","2070"
"イチネンTASCO TA510L-6 ロングスプリングベンダー3/4(19.05mm用)","20752","47","","62","¥ 5,220","¥ 5,220","15","B003B3D72G","B07BXQ68G4","35.4","29.5","4.6","1370"
"日本電興 ストーブecoファン 2HSV ND-SEF-2HSV","14700","8","","115","¥ 6,141","¥ 6,141","1","B0CGZJ4CSF","B0CQ49BM4F","23","19","13.7","760"
"クニペックス KNIPEX 8705-250 コブラ ウォーターポンププライヤー","14705","41","","244","¥ 6,755","¥ 6,755","28","B000XIZLSA","B0H42S21HG","26.4","6.6","2.6","420"
"100V EL蛍光チューブ管 LEDテープライト 120SMD/M 防水RGB16色変換、グラデーションカラー、調整可能な色変換速度、 配線不要 プラグアンドプレイ 切断可能, クリスマス装飾 ネオンサイン明るい 長持ち おしゃれ 間接照明 装飾照明 ネ棚下照明 ledテープライト(16色変換)20メートル","14857","9","","67","¥ 20,580","","1","B0B4ZDCZ2H","B0CMTFTMZC","29.6","29.5","14.1","4690"
"ダイオ(Dio) 防虫網 ダイオネットP 3030 91cmX30ｍ グレイ","14716","68","","341","¥ 11,839","¥ 11,839","6","B00KNIJ87A","B01GPL7FD2","95","15.2","14.8","13000"
"太洋電機産業(goot) 小型はんだ槽 ステンレスツボタイプ POT-21C 日本製","14735","27","","12","¥ 15,111","¥ 15,111","3","B001UNHCU2","B079NB4FK1","17.9","13.1","10.2","889"
"LIBRATON ハンドナッターセット 両手式 M3/M4/M5/M6/M8/M10/M12","14741","47","","1089","¥ 9,880","","1","B0B6DBJ84X","B0FWR9N6TW","42.9","24.5","8.4","2750"
"キング ダイヤモンドトイシ 215×70×15×1 粒度:#1000 中仕上用","14746","43","","6","¥ 14,760","¥ 14,760","14","B008FU3J6O","B0DRJ4ZFVP","25.7","9.6","5.5","954"
"KIMO 充電式噴霧器 背負式 16L 20Vバッテリー2個付 73PSI 無段階圧力調整 6種ノズル 除草剤散布 ガーデニング 薬剤散布・除草剤散布・家庭菜園に対応 伸縮ランスと6種類ノズルで用途に合わせた噴霧が可能 トリガーロック搭載 長時間作業も快適 最大約5時間使用 防水バッテリー収納設計","14746","30","","35","¥ 14,990","¥ 14,990","1","B0GTPWN9VD","B0H9RGHHZL","57.6","34.8","30","5420"
"マキタ コードレス掃除機(充電式クリーナー) 10.8V 本体付属バッテリー1個搭載モデル CL102DW","14757","34","","842","¥ 14,055","¥ 14,055","11","B00471HLG4","B075TYP7TC","56","18.6","14.8","2500"
"Isabally キャッシュドロア エアレジ対応 3札 6硬貨 隔片調整可能 鍵2本同梱 幅33.5cm×奥行き36cm×高さ10cm (ホワイト)","9871","30","","4","¥ 7,980","","1","B0FXKTGGXZ","B0GGZJ2C35","42","40.8","14.6","4530"
"中部ビニール工業(Chubuvinyl Industry) 農業用耐圧ホース 25×31 50ｍ","14770","46","50","16","¥ 12,940","","1","B0CT5HC35X","","74","74","17","17000"
"TRUSCO(トラスコ) ペンシル型ケガキ針 KB-P × 10本 【ケース販売】","14776","39","","100","¥ 10,757","¥ 10,757","1","B0C4TJP9BR","B0CDWP54FM","26.7","19.5","6.7","290"
"【強化版】超大 家庭用 暗証番号 100L 金庫 床・壁に固定可能 盗難防止 警報アラーム 業務用/事務所/ホテル/店用/旅館 防犯金庫 A4 ファイル/宝石/貴重品/現金 日本語取扱説明書付 ホワイト 家庭用人気 safe 100L (ホワイト)","19303","27","","18","¥ 31,999","","1","B0D17LP2M2","B0D17R11W3","80","47","43","29000"
"BLUETTI ポータブル電源 AORA 200 2073.6Wh 大容量 2200W 高出力 3300W 電力リフト リン酸鉄 業界最長17年寿命","14785","37","","57","¥ 107,100","","1","B0DJ2DF45T","B0H94XK4Y4","49.4","47.8","39.7","28340"
"BLUETTI AORA10 ポータブル電源 と 60W ソーラーパネル 1枚 セット モバイルバッテリー 128Wh/200W AC100V 飛行機に持ち込み可能 リン酸鉄 軽量 小型 400W 電力リフト 70分満充電 ソーラー充電可 出張・旅行・防災 APP制御 UPS機能 PD iPhone/Android/iPad対応 6台同時充電可能 純正弦波（ミントグリーン）","14788","34","","18","¥ 32,625","","1","B0GCRNRKC9","B0HDBT2X21","25","17.8","16.7","4300"
"アイホン インターホン ドアホン モニター付親機 7型画面 カラー画面 自動交互通話 プレストーク通話 二世帯向き 壁取付型 SDカード対応 白 3.1×21×18.3cm WJ-4MED-T","14796","39","","13","¥ 41,973","¥ 41,973","1","B00L346JWK","B0CGCNMGMW","24.6","21.3","5.7","1056"
"EZARC レシプロソー替刃 金属用 超硬TiAlNコーティング 黒曜石 150mm 8山 100倍長寿命 鋳鉄・ステンレス・鋼材 3本入","14801","39","","2503","¥ 8,956","","1","B0CWNCXRT4","B0D8HY5PDW","18.4","5.7","3.5","399"
"トネ(TONE) ツールケース BX430 レッド","14802","56","50","186","¥ 8,100","¥ 8,100","17","B00ZBEUYGK","B0CJ4552VG","46.3","25.9","23.9","6040"
"ベストアンサー 荷締め 固定ベルト ラッシングベルト タイダウン 破断荷重 2000kg ベルト幅 50mm 固定側 1m ラチェットベルト Iフック ロープフック対応 ラチェット式 巻側 7m 10本セット","14809","39","","196","¥ 18,800","¥ 18,800","2","B01N33KJZN","B0962YS519","42.6","41.2","32.1","19000"
"TRUSCO(トラスコ) 化粧ビス NO.2 白 M5×12 20個入 B47-0512 x 10 パック【ケース販売】","15195","32","","82","¥ 6,945","¥ 6,945","1","B0BLW2VFL9","B0CBRV2HC1","32","14.5","8","910"
"京都機械工具(KTC) 6.3sq.プレセット型トルクレンチGW010-02 [2~10N・m]","14812","41","","6","¥ 15,642","¥ 15,642","21","B08KG2GDS1","B0BN5J8QVH","41.7","9.9","9","850"
"ガーデンマスター(Gardenmaster) 人工芝 0.9×20m 芝丈30mm 90㎝幅 U字固定ピン40本入り 耐候級最上位5級 ベランダ バルコニー 屋上 テラス 水よけ マンション ペット 芝生 CY6B-30920P(GR)","29937","21","","59","¥ 17,165","¥ 17,165","1","B0DBHMQZM1","B0DJ87KXK1","94","37","37","32020"
"Anesty CSG04 電動タッカー 2in1 ステープルガン＆ネイルガン コードレス 省力設計・強力打ち込み 家庭用 USB充電式 替針4000本付 日本語説明書","14819","38","50","42","¥ 5,480","","1","B0GD726F2L","","17.9","16.3","5.9","1060"
"モノセレクト ダクトレール用 2個セット Tapo専用ネットワークカメラ 取付金具 ライティングレール ホワイト DMB-T100W-CPW-X2","14822","24","","61","¥ 5,680","","1","B0FDQ64VVP","B0H2H5JY43","15.5","10.5","3.5","230"
"Ｗｅｒａ ４００ トルクドライバーＴ型 トルクスＴＸ２５ ／ ５．０ Ｎｍ","14825","57","","","¥ 9,682","¥ 9,682","17","B07P5Z1S8T","B09KHCBRBT","15.4","10.2","3","120"
"みのる産業 ハンドプランター(なかよしくん)HPS-3","14833","32","","27","¥ 15,912","","2","B09BCKVP8V","","77.7","21.9","18.2","1970"
"コイズミ照明 勝手口灯 直付・壁付取付 FL20W相当 AU45043L","14839","41","","29","¥ 7,491","¥ 7,491","4","B01G8GOMCQ","","42.9","18.2","16.4","990"
"ホーザン(HOZAN) 圧着工具(絶縁被覆付圧着端子用 ) 圧着ペンチ 適応サイズ0.3/0.5/1.25/2 P-743","14859","44","","234","¥ 7,709","¥ 7,709","30","B004OCLPLI","B07255SKHJ","24.5","7.8","2.4","380"
"工進(KOSHIN) 手押し式 エンジン 草刈機 刈払機 EBC-35C 4サイクル 排気量 35cc ナイロン コード キャリー 簡単 折り畳み 収納 コンパクト","14866","37","","61","¥ 43,232","¥ 43,232","20","B07N1L4C94","B0DLP2HTGX","97.5","33.5","26.7","13880"
"HiKOKI(ハイコーキ) T-PWRバッテリー タブレスセル マルチボルト 出力2160W Bluetooth機能付 BSL3640MVBT","15089","57","","23","¥ 30,970","¥ 30,970","2","B0DL5Z4CDV","B0DP9B283R","14.1","9.3","9","1020"
"HOUSERAN ハンマーセット 7本組｜釘抜き/両口/先切/ボールピーン/ゴムハンマー 金槌 かなづち トンカチ とんかち 電工 DIY・整備用 工具","12543","24","","","¥ 7,399","","1","B0GH5P5T66","B0GWL3CK61","37","13","9","5000"
"【複数投函/ポスト一体型/135L大容量 】宅配ボックス 屋外 防水 宅配BOX 組立不要 大型 郵便受け 置き配 配達ボックス 両開扉 盗難防止 一戸建て用 個人宅 簡単設置 ブラックグレー","15399","39","","112","¥ 25,980","","1","B0FWC4DKK6","B0FWQLQTF1","90","45","45","17"
"CLY LEDガーデンライト スポットライト 電球色 2700K ACコンセント式【2025年新版 12灯式 ワンプラグ・マルチランプ・24時間と夜間点灯・タイマー機能】IP66防水 屋外 屋内兼用 光センサー自動点灯/消灯 コード14.8m*2 暖色 庭園灯 パスライト 芝生 看板照明 花壇/庭/歩道/玄関先/車道 防犯対策 間接照明 クリスマス イルミネーション 2ピンプラグ(12灯)","14879","69","50","67","¥ 6,273","","1","B0FT2RZPZM","B0H865LMYG","26.2","24.4","11.3","1950"
"ＩＴＡＮＳＥ モミジ 青竜 6号 1個売り 落葉高木 庭木 花木苗 もみじ 枝垂れ葉 ヤマモミジ 楓 庭 鉢植え Acer","23173","18","","","¥ 6,072","","1","B0FJF5CXDS","B0H17MNH9Q","78","21","21",""
"京都機械工具(KTC) ネプロス コンビネーションレンチ NMS2-30","25560","29","","52","¥ 14,400","","22","B001OGW8NQ","B08T83P2VD","50","7.2","3.6","732"
"体重計用の敷板 PITABO ピタボ 10枚セット 1枚の厚み12mm 長さ300mm 幅300mm ダイエット ヘルスメーター、体組成計 健康 毎日測定 広葉樹 ラワン合板 JAS オンリーワン商品 (10)","14886","8","","38","¥ 6,500","","1","B0F1CGXDHL","B0F1C1Z8SX","33","33","12.6",""
"未来工業 フリーホルソー(R) FH-200N","14887","48","50","186","¥ 21,500","","8","B01MRK9QLF","B08XN2K4HS","31.2","30.7","30.7","2230"
"京セラ(Kyocera) 旧リョービ パワーミキサー用 リング付ダブルスクリューΦ150(ネジ付) フッ素コート 6078027","14892","18","","1","¥ 7,071","¥ 7,071","14","B06VYHD1TF","B0DN1LWQVH","22","17","5","850"
"Wera(ヴェラ) 05073541001 | Kraftform ビットホールディングドライバー 六角 817 R SB 6mm 【日本正規輸入品】","23520","49","","624","¥ 6,202","¥ 6,202","8","B00154YEXE","B0FT7RXJVS","24.3","9.3","3.6","109"
"SK11(エスケー11) DEVICE 8機能マルチレンチ ショート 電気・空調設備工事に MRM-8S","14893","37","","117","¥ 5,518","¥ 5,518","15","B00CRUTU48","B09CTSNF75","18.7","7.4","2.3","300"
"マキタ(Makita) 充電式小型集じん機 18V (本体のみ/バッテリー・充電器別売) VC350DZ","14897","33","","304","¥ 17,172","¥ 17,172","13","B00B4PAPA0","B07DC4KDM4","31","28.5","27","3280"
"Akirius LEDテープライト リニア発光 100V 無段階調光調色 チューブライト 高輝度 IP65防水 防塵防虫","14903","28","","25","¥ 6,707","","1","B0G5NZDBQW","B0G5PJ6VZF","21.3","21","5.4","790"
"サンワダイレクト 金庫 43L テンキー式 A4対応 家庭用 店舗用 中棚付き 鍵付き 200-SL045","14907","31","","31","¥ 13,800","","1","B072BWYVGS","B07PFG8C3J","46","38.4","34.1","12830"
"リッセイ ターンバックル SUS304ステンレス ワイヤーフック 防錆","24739","42","","93","¥ 5,499","","1","B0854KBL3S","B08545ZG8P","28.3","12.3","5.5","2330"
"YWHWLX 空気圧ベルトサンダー エアーベルトサンダーポリッシャー 16000rpm 研磨ツール エアツール 金属加工 削り出し 磨き 研磨 バリ取り 作業用に コンパクト式 操作簡単 (20 ×520mm)","14917","30","","17","¥ 5,599","","1","B0CKVXXQXD","B0CPBT7BGW","35.7","14.8","7.3","1390"
"マキタ 電気チェンソー ガイドバー 300mm 青 AC100V コード5m MUC3041","14926","42","","498","¥ 16,200","¥ 16,200","16","B00LWI0U54","B084DLG5ZB","98","28","23","7080"
"富士インパルス 富士インパルス ショップシーラー FS-215","14930","38","","137","¥ 40,221","¥ 40,269","16","B01DCVJMNO","B07GWFZ9XZ","33","29.4","25","6620"
"Dremel(ドレメル) ファイバーグラス補強カットオフホイール(12枚入) EZ456B 【正規品】","14933","27","","3735","¥ 7,189","","9","B000FBLRVU","B07V1MZMTG","9.5","7.2","5.7","50"
"TOSTEM(トステム) 玄関ドア 鍵 交換用 DN シリンダー錠 ディンプルキー 自分で LIXIL リクシル DDZZ3003 MCY-477 キー5本 ゴールド 交換手順書付き QDD-835 QDC-17 QDC-18 QDC-19","24886","27","","72","¥ 24,580","","1","B0BPWRQG7G","B0BPXLTHFC","18.7","17","6.6","470"
"BLUETTI ポータブル電源 AORA300 3014.4Wh 2000W定格 4000W電力リフト 1.6時間満充電 家庭・屋外用バックアップ電源","14945","57","50","32","¥ 161,505","","1","B0GK7HZXZ9","B0H94ZGS6J","36","29","28","26000"
"NicRose 折りたたみコンテナ 42L 5個セット HDPE素材 業務用収納ボックス 店舗倉庫汎用(グリーン,60×40×12cm)","36821","10","","1","¥ 8,999","","1","B0H5G2MWCK","B0H5G5GJ9G","62","52","25","10000"
"アース製薬 ネズミ一発退場 10g（くん煙タイプ）×10個セット 10グラム (x 10)","14960","41","","63","¥ 6,549","","9","B016GJBBFQ","","32.3","22.9","19.7","1870"
"カクダイ 水道凍結防止帯 給湯・給水管兼用 9698-15","22799","34","","490","¥ 12,234","¥ 12,234","17","B008N4C06W","B07DGM13WV","35.5","31.1","10","1236"
"JESIMAIK ブロワー 洗車 強力 爆風【64mm大口径·12 m³/min大風量】 電動エアダスター TF64A5 ガンメタ","14966","2","","2","¥ 18,980","","1","B0H79XNNG2","B0HFM4BYNH","34","24","9","1500"
"アストロプロダクツ ヒートガン HG822 | 熱 乾燥 補修 熱処理 修理 剥離 熱風 収縮 工芸 シール剥し ステッカー パテ 高温 温風","14969","40","","17","¥ 6,039","","7","B08H4VCXDQ","B0FL2CWP35","29.8","27","9.3","1150"
"KELIXU 突っ張り式サンシェード 縦型 オーニングシェード 日除け 屋外 幅120cm ひよけ 目隠し 巻き取り式 高さ調節可能 断熱 遮光 防水シート 取り付け簡単 穴あけ不要 庭 ベランダ (グレー)","14986","55","50","74","¥ 8,499","","1","B0F9MXKHSY","B0F9NMVWYW","122.5","10.5","10.5","6700"
"塗るだけでナチュラルなコンクリート風表現が出来る コンクリートエフェクトペイント 【 セメント セット 】（サラサラ セット） 16kg+1kg+1kgセット タカラ塗料","14997","36","","98","¥ 36,282","","1","B0C57XHQ7W","B07BHD69VG","14","6","5","410"
"ガービー（Garvee） 金庫 家庭用 小型 16L 耐火袋付 幅35cm x奥行25cm x 高さ25cm テンキー 電子金庫 オフィス用 B5対応","14998","7","","5","¥ 6,224","","1","B0GMQG7HRY","B0GT85GQ94","41","32","31.5","7210"