"Title","Sales Rank: Current","Sales Rank: Drops last 90 days","Monthly Sales Trends: Bought in past month","Reviews: Rating Count","Buy Box: Current","Amazon: Current","New Offer Count: Current","ASIN","Parent ASIN","Package: Length (cm)","Package: Width (cm)","Package: Height (cm)","Package: Weight (g)"
"【鍵盤クロスつき】ヤマハ YAMAHA ピアニカ 鍵盤ハーモニカ 32鍵 ブルー P-32E 食品衛生法準拠 子どもたちの使い勝手を追求 同系色のプラスチック製ハードケース 演奏用パイプ 吹き口","1","31","100","116","¥ 5,700","¥ 5,700","1","B08ZC8G9GW","B0GR4WSX9H","45.2","16.8","5.6","1260"
"DJI Mic Mini（2 TX + 1 RX + 充電ケース） ピンマイク 無線 超軽量 クリア音声","4","14","1000","10525","¥ 14,520","¥ 14,520","3","B0DDL8WGH5","B0FC5YL3VF","16.5","12.1","5.7","331"
"SUZUKI スズキ 鍵盤ハーモニカ メロディオン 卓奏唄口 MP-113【20個セット】","5","45","","","¥ 8,707","¥ 8,707","3","B0FTM4Q384","B0FXZMKYYC","29.5","16.9","16.6","410"
"【Amazon.co.jp限定】 オーディオテクニカ ATH-M20x/1.6 プロフェッショナル モニターヘッドホン 有線 ブラック","6","36","1000","2007","¥ 6,540","¥ 6,540","6","B07QJ6RZN6","B0BLR5SYDM","27","22.5","11.5","600"
"Elixir エリクサー アコースティックギター弦 NANOWEB 80/20ブロンズ Light .012-.053#11052 2個セット 【国内正規品】","9","44","50","15256","¥ 5,071","¥ 5,926","11","B004GO2G8A","B0BSQT9RZL","12.1","10.6","3.3","100"
"FIFINE USB/XLRダイナミックマイク 単一指向性 アーム付き PC/PS4/PS5対応 ゲーミング/配信用 黒 K688CT","13","51","500","160","¥ 10,319","","1","B0DNJGTMBK","B0HCN6ZC51","40.6","24","12","1060"
"D'Addario エレキギター弦 XL Nickel .011-.049 10セット入り EXL115-10P 【国内正規品】","14","43","","1803","¥ 8,900","¥ 8,909","4","B000HP2RIG","B0GXYYWHY5","11.5","11.3","3.9","220"
"Elixir エリクサー エレキギター弦 NANOWEB Light .010-.046#12052 3個セット 【国内正規品】","15","42","","10315","¥ 5,946","¥ 5,946","3","B00T960UH4","B0BSS24QRR","12","10.7","4.5","120"
"「VGP2025受賞」Edifier MR3 スタジオモニタースピーカー 36W Bluetooth 5.4 ルーム補正 ハイレゾ 専用アプリ TRSバランス/RCA/AUX入力 3.5mm/ヘッドホン端子出力 52Hz-40kHz スタジオ/作曲/音楽/映画鑑賞用 MDF製 音質高 黒","19","57","900","789","¥ 11,984","","1","B0D93LP3TJ","B0DJCZHGJN","41.6","30.8","17.8","5060"
"【Amazon.co.jp限定】ERNIE BALL アーニーボール エレキギター弦 REGULAR SLINKY 2221 レギュラー・スリンキー (10-46) 12Set Pack","24","44","50","55501","¥ 9,720","¥ 9,720","2","B096WLS9YN","B07VQ7M37F","12.3","11.9","11.8","420"
"Vandoren Clarinet (CR103PK2)","25","41","","16","¥ 11,697","","10","B08CRY82RS","B08WCSQT45","12.4","10.8","3.8","81"
"オーディオテクニカ AT8700J マイクブームアーム マイクアーム マイクスタンド コンデンサー マイク用 卓上 マイクスタンド 耐荷重2kg 角度調節可能 実況/配信/収録/カラオケ (AT2020,AT2035,AT2050,AT4040など)【国内正規品】 ブラック","26","48","500","1116","¥ 11,000","¥ 11,000","17","B097T52LPB","B0FRMPDDZY","43.8","21.3","5.1","1450"
"D'Addario ダダリオ ベース弦 ニッケル Long Scale 5弦 .045-.130 EXL170-5TP 2setパック 【国内正規品】","31","43","","11231","¥ 6,980","¥ 6,661","8","B0007MWDOC","B00E1914QK","15.5","15.3","3.6","290"
"Elixir エリクサー アコースティックギター弦 NANOWEB フォスファーブロンズ Light .012-.053#16052 2個セット 【国内正規品】","39","46","200","14256","¥ 5,280","¥ 6,273","7","B004GNYDAU","B0BQ9GHHW9","12","10.6","2.6","100"
"ヤマハ YAMAHA チューナーメトロノーム ゴールド TDM-710GL チューナー専用マイクロフォン ブラックTM-40BK セット TDM-710GLM チューナーとメトロノームが同時に使えるデュアル機能搭載","39","36","100","53","¥ 5,573","¥ 5,573","13","B0CXH4BGGT","B0CXHMLW84","13.5","10.9","2.7","130"
"バンドーレン アルトサクソフォンリード トラディショナル 3-1/2","42","44","100","13675","¥ 5,556","¥ 5,556","8","B0002D09Q0","B08WCSLGTG","14.7","9.2","5.1","50"
"HyperX QuadCast2 コンデンサーマイク USBマイク ゲーム実況 テレワーク ライブ配信 日本正規代理店品 872V1AA","43","62","200","1254","¥ 19,980","¥ 19,980","6","B0D9MCK4R8","B0H8R67M69","27","15.5","11.9","1270"
"D'Addario ダダリオ アコースティックギター弦 Phosphor Bronze .013-.056 Medium 25set入りバルクパック EJ17-B25 【国内正規品】","44","63","","6346","¥ 22,982","¥ 22,982","1","B0007Y09VO","B0H2LV3FC1","41.9","27.5","5.9","989"
"バンドーレン B♭クラリネットリード V.12 硬さ:3-1/2 (10枚入り)","46","41","400","3279","¥ 5,800","¥ 6,333","9","B00MO1XHBW","B0DF6WSJKB","11.2","6.2","2.9","40"
"Plaud NotePin S AIボイスレコーダー 小型 自動文字起こし・要約 議事録 3m収音 20時間録音 ハイライト機能 対面録音 ブラック","47","23","500","87","¥ 22,880","","1","B0G6F1PZXY","B0GSGXPWVH","20.4","17.5","2.1","260"
"CACENCAN 【長く高くなる改良型】 M04 マイクブームアーム マイクアーム マイクスタンド コンデンサー マイク用 ダイナミックマイク用 卓上マスタンド 耐荷重2.5kg 角度高さ調節 伸縮 実況 配信 収録 カラオケ 日本語説明書","68","60","","772","¥ 5,579","","1","B0CFHCH843","B0BFDLB52T","43.9","22.6","5.7","1540"
"Fender Professionalシリーズツイード楽器ケーブル、ストレート/ストレート、ダフネブルー、15フィート, 0990818204","72","50","","80","¥ 11,769","","34","B0CNS8P6T9","B07NZVV15L","21.6","18.6","3.7","450"
"ヤマハ(YAMAHA) ライブストリーミングミキサー 3チャンネル ホワイト AG03MK2 W","62","53","200","1360","¥ 25,300","","14","B09VFDKDDM","B0DNDVFHCX","24.9","22.2","13.5","1150"
"【整備済み品】 ヤマハ YVC-1000用拡張マイク YVC-MIC1000EX (整備済み品)","62","35","","2","¥ 26,263","","7","B09WB15PSX","","26","19.5","12.3","700"
"ヤマハ YAMAHA 電子ピアノ Pシリーズ 88鍵盤 ブラック P-45B","63","60","500","526","¥ 31,980","¥ 31,980","2","B00Y4CJACE","B0FF4FW8TK","147.9","41","29","16400"
"オーディオテクニカ AT2020 コンデンサーマイク XLR 単一指向性 配信 ブラック","64","57","400","15318","¥ 13,200","¥ 13,200","16","B0006H92QK","B0FCXY3LK2","24.7","24.4","6.9","830"
"オーディオテクニカ AT2040 CWH ダイナミックマイク XLR 超単一指向性 配信 【公式限定カラー】 ホワイト","65","65","100","1530","¥ 15,895","","1","B0GXTVJ3LL","B0H3JMLGMJ","24.9","24.5","9.4","1000"
"D'Addario ダダリオ クラシックギター弦 3セット入り スーパーボーナスパック プロアルテ Silver/Clear Normal EJ45-3DBP 【国内正規品】","67","60","400","28308","¥ 7,797","","1","B0CNYX2JW7","B0166BYIPE","11.3","11.2","1.9","40"
"オーディオテクニカ ATH-M50x プロフェッショナル モニターヘッドホン 有線 ブラック","74","65","300","32883","¥ 22,000","¥ 22,000","24","B00HVLUR86","B0FY5Z47DL","24.7","22.9","11.9","910"
"FIFINE ブームアーム マイクスタンド マイクアーム 黒 BM88","76","71","200","198","¥ 6,959","","1","B0C4L86KFT","B0HCHZR3NN","35.9","11.4","9.8","1510"
"オーディオテクニカ AT-UMX3 WH USB オーディオミキサー オーディオインターフェース 配信機材 DTM 音楽制作 USB Type-C スマホ/タブレット対応 PS4 PS5 【公式限定カラー】 ホワイト","77","53","100","386","¥ 18,513","","1","B0DZCCPH3V","B0F3X41LFK","20.7","20.4","7","600"
"CANARE カナレ GS-6 シールドケーブル 【 1.5m～5ｍ】 【L-L/L-S/S-S 】プラグ バリエーション選択 MADE IN JAPAN (S-S プラグ, 10ｍ)","86","28","","39","¥ 6,000","","1","B0H5T8B6RH","B0DK3CJ4FF","30","20","2","500"
"SHURE シュア MV7i ダイナミックマイクロホン & オーディオインターフェース ブラック MV7I-J : 2チャンネル対応 最大60dB+ ゲイン 出力 : USB-C 入力 : XLR 6.3mm フォーン ノイズ除去 配信 録音 レコーディング 音楽 楽器演奏 DTM 宅録 ポッドキャスト iOS Android Mac Windows対応 【国内正規品/メーカー保証2年】","81","56","200","6","¥ 56,590","¥ 59,109","13","B0DW8LWKJ4","B0GGR6L3SY","31.2","12.4","11.1","1070"
"ソニー(SONY) IER-M500 ブラック: インイヤーモニター 高い遮音性 密閉構造 耐久性 汗に強い フィッテイングサポーターつき 軽量","83","35","50","","¥ 19,800","¥ 18,000","7","B0H6X5RBR2","B0H85JWPF6","15","9","5.7","145"
"YOPIN 遮音シート 厚さ2mm 面密度3.5kg/㎡ 手軽サイズ 軽量 軟質 防音シート 防音対策 防音 騒音 縦30cm×横30cm 防音材","85","52","50","1475","¥ 8,570","","1","B0BD7TH14L","B09XX3RVWN","35.1","34.7","19.8","22610"
"TONOR ダイナミックマイク カラオケマイク 単一指向性カーディオイド 金属製ハンド マイクスタンド付き 6.35mm/3.5mm/XLR 5m ケーブル付属 家庭用 カラオケ機器/スピーカー/アンプ/ミキサー対応 イベント/スピーチ/会議/録音/結婚式/野外活動に最適","86","54","","43","¥ 5,999","","1","B0F9WMRJ73","B0GJRZWBNP","44.6","26.3","10.6","2690"
"公式【 日本製 遮音シート「saegiri」 】60枚セット 1.2mm厚 防音ファストラボ® 【外部からの騒音の悩み】や【部屋から漏れる音の軽減に】","105","45","50","997","¥ 11,280","","1","B09XHHH158","B0BQ1GC8YX","32.5","31.9","10.6","12330"
"VOX(ヴォックス) ベース用 ヘッドホンアンプ amPlug 3 Bass 小型/ケーブル不要/自宅練習/電池駆動/エフェクト内蔵/ベースアンプサウンド AP3-BA","94","53","200","450","¥ 6,491","¥ 6,491","31","B0CSK255B4","B0CTLPX5TD","18.2","12.8","3.7","86"
"FIFINE USBマイク コンデンサーマイク ゲーミングマイク 単一指向性 アーム付き T669W","99","57","","32","¥ 6,399","","1","B0DSJ7LHMN","B0HD6YTGTC","41.1","23.9","7.9","1310"
"Alesis Melody 61 MK4 61鍵 ピアノキーボード","100","61","200","1065","¥ 7,999","¥ 7,999","1","B0D2CYH6Q7","B0H6ZWTJ5W","96.9","31","13","4199"
"Focusrite Scarlett Solo 第4世代 USBオーディオインターフェース ギタリスト、ボーカリスト、プロデューサー用 高忠実度 スタジオ品質録音 録音に必要なすべてのソフトウェア","113","67","200","2648","¥ 19,600","","58","B0C5JSHP7M","B0CGY2BHJW","17.8","15.1","7.2","580"
"D'Addario XS ニッケルコーティングエレキギター弦 09-42 2セット","113","59","","4","¥ 8,386","","2","B0G58NB252","B0DKJJYZTP","11.3","11.2","1.9","42"
"DJI Mic 3（2 TX + 1 RX + 充電ケース） ワイヤレスマイク","118","53","400","1523","¥ 43,890","¥ 43,890","2","B0F995J8FR","B0G2SBDZJK","16.5","12.3","6","350"
"SELDER セルダー エレキギター STタイプ サクラ楽器オリジナル ST-SPECIAL/IGB 初心者入門ベーシックセット","96","53","50","2017","¥ 17,300","","1","B010S8M7YA","B07CJMH58S","105","43","13","5900"
"Hollyland LARK M2 Mini Combo ワイヤレスマイク ピンマイク iPhone/Android/カメラ/PC対応 48kHz/24bit 録音 最大300m伝送 AIノイズキャンセリング 最大40時間連続使用 動画撮影 Vlog ライブ配信(黒, USB-C受信機+カメラ受信機)","119","53","50","419","¥ 14,700","","3","B0FZBS9RR4","B0DY4FHJZR","13.6","10.2","8.4","9"
"ZOOM(ズーム) H1 essential ハンディレコーダー 録音 ASMR","120","59","500","1387","¥ 13,000","¥ 13,000","11","B0CSL4PXDV","B0FSD4N8MK","19.1","8","3.6","130"
"KC エフェクターケース EC-65/BK ブラック (内寸 495 x 350 x 65+20mm)","124","52","","1212","¥ 7,222","¥ 7,222","3","B001JR0A44","B0DLG3J89J","53","41","11.5","3040"
"M-AUDIO M-Track Solo USB オーディオインターフェース","125","68","200","7618","¥ 6,600","¥ 6,600","3","B08Q1NJSBQ","B0F8Q356MW","20.3","15.8","9.3","490"
"FIFINE オーディオインターフェース/ミキサー PC/PS4/PS5対応 ゲーミング/配信用 XLR/AUX機材対応 黒 SC3","126","73","200","431","¥ 6,479","","1","B0C85GC3HV","B0GQV85H4Q","21.8","17.5","6.4","490"
"JBL PartyBox Wireless Mic 2本セット/2.4GHz 無線方式デジタル/単一指向性ダイナミックマイク/有効距離最大30m/ブラック JBLPBWIRELESSMIC","128","70","300","280","¥ 18,000","¥ 18,000","10","B0CXHQHW4R","","24","13.3","10","840"
"RiZKiZ 鍵盤ハーモニカ 32鍵盤 授業で使える 卓奏用 立奏用 ふき口 ホース ケース付 ホールドベルト 名前シールスペース付 [ハードケース] [ライトブルー] [レッスンバッグ付き]","131","10","","","¥ 5,180","","1","B0HD6HQRFQ","B083MYS5RP","51","19","7","1100"
"Enya EUC-25D 23インチ コンサートウクレレ マホガニー単板 初心者セット ケース チューナー付き トラベル","147","55","50","677","¥ 7,999","","1","B07T5SQLSC","B08691R838","70.1","31.2","14.4","1600"
"JYX ワイヤレスマイク スピーカーセット 拡声器 Bluetooth 5.0対応 低音強化機能搭載 充電式 ポータブル ホームパーティー、カラオケ、街頭スピーチ、会議 、学校行事、セミナー、室外、防災、路上ライブ、イベントなどに適用","139","63","200","1784","¥ 10,980","","1","B0CNL8M53G","B0HB32GFT4","37.7","31.9","17.4","3870"
"ライトアングルギターケーブル 3.3フィート ナイロン編組ケブラー強化 Neutrik REANコネクタ 20AWG 99.99%OFC 1/4インストゥルメントケーブル、デュアルシールドアンプコード フェンダーエレキギター用 ネオンピンク","","13","","1","¥ 9,608","","1","B0F1X4G7ZM","","17.8","17.7","2.9","150"
"プレミアムホワイトオーバーヘッドマイクブームアーム、15.7インチエクストラトールデスクマイクスタンド、25.5インチのリーチ、オールアルミニウムヘビーデューティーマイクアーム、1.8kg負荷、360°調節可能ストリーミング、ゲーム、ポッドキャスト、YouTube用","146","45","","4","¥ 7,260","","1","B0G1Y6FJHD","B0D29B9YB9","43.1","16.5","6.4","1030"
"S.Yairi エスヤイリ アコースティックギター弦 80/20ブロンズ Medium .013-.058 SY-1000M x12セット","165","52","","1021","¥ 7,189","¥ 7,189","1","B0DHCLPM6J","B00Z5NX8ZG","13","13","13","600"
"tc electronic ポリフォニック クリップ チューナー POLYTUNE CLIP","148","62","300","4495","¥ 5,380","¥ 7,111","19","B00ZU4G0ZK","B07MZ8GDFZ","8.6","5.5","3.4","59"
"ZOOM(ズーム) MS-60B Plus ベースマルチストンプ レッド マルチレイヤーIR搭載","151","68","100","210","¥ 14,600","¥ 14,600","20","B0D21V8PYZ","B0DQKWWYL6","14.6","8.5","6.9","450"
"フェンダーシングルテックスメックスストラットネックピックアップ","152","60","","42","¥ 6,500","","25","B005HZ7VPA","B07NYR3XPP","12.5","5.3","1.9","70"
"Moon River 吸音材 吸音ボード 200kg/m³ 高密度 軽量 取り付け簡単 騒音対策 消音 防音 難燃 無臭 虫ピン押しピン付き","160","50","","536","¥ 6,522","","1","B0C1BCG5BZ","B0C1BDH1LR","35.8","33.1","32.7","6600"
"YOPIN 【自己粘着】吸音材 防音材 30×30×5cm 高密度 極厚 吸音パネル 取り付け簡単 室内装飾 DIY 難燃 保温 消音 防音 騒音对策","167","53","","97","¥ 5,118","","1","B0G3XCPHY1","B0G3XDM5KY","40.8","35.3","7.7","1930"
"JBL QUANTUM STREAM USBスタンドアロン デュアルコンデンサーUSBマイク/テレワーク/ゲーマー/コンテンツクリエーター/ストリーマー/PC,MAC,PS4,PS5,SWITCH使用可能 ブラック JBLQSTREAMBLK","169","67","200","877","¥ 7,900","¥ 7,900","5","B09VGCZHG4","","26.1","10.3","9.6","470"
"SHURE シュア SM58SE ダイナミックマイク : ON/OFFスイッチ付き マイクスタンド用ネジ有 単一指向性 カーディオイド XLR 有線 ボーカル 歌 ライブ 収録 録音 レコーディング DTM 宅録 マイクロホン マイクロフォン 【国内正規品/メーカー保証2年】","169","71","100","1384","¥ 16,010","¥ 18,000","15","B000GUBOYU","B0F5VT8MQ2","25.8","12.8","8.7","600"
"KAKETE 電子ピアノスタンド 椅子 セット キーボード ピアノ スタンド 54/61/73/76/88鍵に適用 ベンチ 折り畳み X型 落下防止","135","35","50","125","¥ 5,980","","1","B0H6D8XYRW","B0GWT75VBN","5.8","3.2","1.2","400"
"BOYA mini 2 ピンマイク ワイヤレスマイク 5g超軽量 AIノイズ低減 スマホマイク Android/iPhoneマイク","173","14","50","25","¥ 5,780","","1","B0H713Y3P2","B0H9SV6PYK","11.8","8.4","3.4","90"
"D'Addario エレキギター弦 XT Nickel コーティング弦 .010-.046 3セット入り XTE1046-3P 【国内正規品】","175","68","","5184","¥ 5,118","¥ 5,118","1","B08T24CCMZ","B0BQ1H5Z46","11.5","11.3","2.2","70"
"【整備済み品】 ヤマハ YAMAHA ウェブキャスティングミキサー オーディオインターフェース 6チャンネル AG06 インターネット配信に便利な機能付き 音楽制作アプリケーションCubasis LE対応 (整備済み品)","198","36","","9","¥ 19,800","","3","B094JJZRFS","B0BW8648GS","31.4","25.8","11.2","1250"
"【ピアノスタンドセット】ニコマク NikoMaku 電子ピアノ 88鍵盤 SWAN-S 日本語表記 MIDI対応 コンパクト 軽量 スリムデザイン 充電型 初心者 スタンド ソフトケース ペダル 練習用イヤホン 鍵盤シール 日本語説明書付き 黒","179","53","200","1802","¥ 18,240","","1","B0B38STT4W","B0B62QVBBL","126.4","36.2","14.6","9911"
"Mademu アコースティックギター 初心者 16点セット 40インチ アコギ 入門用 ソフトケース付き 持ち運び便利 練習ギター カッタウェイタイプ ストラップ・チューナー・スタンド・カポタスト・予備弦・日本語説明書付き 学生 子供 大人用 練習用","181","56","100","1721","¥ 9,980","","1","B08HRRL397","B0HCHGK1CT","105","61","14","3500"
"ライトアングルギターケーブル 6.5フィート ナイロン編組ケブラー強化 Neutrik REANコネクタ 20AWG 99.99%OFC 1/4インストゥルメントケーブル、デュアルシールドアンプコード フェンダーエレキギター用 ネオンピンク","","9","","2","¥ 9,811","","1","B0F1XWMZHQ","","17.8","17.8","2.4","168"
"M-AUDIO Keystation Mini 32 MK3 USB MIDIコントローラー","184","63","200","11584","¥ 5,531","¥ 5,531","5","B07GBNNF23","B08YZ12ZBY","44.9","13.9","5.9","680"
"DJI Mic Mini 2S（2 TX + 1 RX + 充電ケース） AIノイズキャンセリング","186","0","","53","¥ 27,720","¥ 27,720","1","B0GKNGX68S","","16.5","11.7","6.9","440"
"Moon River アコースティックギター 38インチ 17点セット 初心者入門用 ギターストラップ、ソフトギターバッグ、日本語説明書付き","380","52","100","311","¥ 6,280","","1","B0DGDCQ38Y","B0DGDC5718","97.8","45.5","11.2","2610"
"アコースティックギター 初心者13点セット 38インチ アコギ ギター 入門用 ソフトケース・チューナー・スタンド・カポタスト・予備弦・日本語説明書付き 学生 子供 大人 初心者向け 練習用 ナチュラル","190","53","200","416","¥ 5,801","","1","B0D4YV6WV9","","98","29","11","3000"
"PAIFIEVD 7 in 1 ミラーボールライト 音声起動式 パーティー照明 UVライト付き ディスコボール","193","40","","1","¥ 17,999","","1","B0G5HGL5LY","B0FHL4R926","44.5","16.8","16.6","1960"
"ELIXIR(エリクサー) Elixirベース弦 NANOWEB ニッケル Long Scale 5弦 Light .045-.130 #14202 【国内正規品】","237","64","50","818","¥ 8,086","¥ 8,086","16","B0002E1O6I","B0CXY335RD","16.9","15.6","2.5","191"
"ZOOM(ズーム)G1X FOUR ギターマルチエフェクター ブラック","200","64","200","663","¥ 12,580","¥ 12,580","18","B07N2HGLMG","B0FQ4RB1XN","26.4","17.3","6.4","800"
"D'Addario エレキギター弦 NYXL .011-.052 3セット入り NYXL1152-3P 【国内正規品】","201","61","","112","¥ 5,980","¥ 6,220","2","B084ZYJMBY","B0BT7J57J1","11.4","11.4","1.9","80"
"D'Addario ダダリオ アコースティックギター弦 XS コーティング弦 フォスファーブロンズ Light .012-.053 XSAPB1253-3P 3set入りパック 【国内正規品】","205","55","","6769","¥ 7,467","¥ 7,467","5","B0BCX6XTLT","B0DL2WMW3P","11.6","11.4","2.1","90"
"BOSS GX-1 Guitar Effects Processor マルチエフェクター","209","58","200","75","¥ 33,000","","8","B0GGZXHVS1","","37.7","21.2","9.7","1660"
"MOTU M2 2in 2out USBオーディオインターフェース 国内正規品 USB-DAC ゲーミング iPhone/iPad対応 歌枠配信 ギター接続 DAWソフト＆エフェクト付属","211","61","200","418","¥ 35,970","","6","B0815V2N4X","B0BDLSLW1Y","25.3","18.9","7.1","880"
"Alterzone ALZ-M5 ブラック マイクアーム マイクスタンド コンデンサー マイク用 ダイナミック ゲーミングマイク 配信 省スペース 耐荷重2kg 3/8""5/8""変換アダプター付き (ALZ-M5-B)","214","54","100","37","¥ 5,800","","2","B0DG8DK3Q8","B0D2QQXR4J","39","13.5","9.6","1900"
"LEKATO ミニギターアンプ エレキギターアンプ 小型 2つサウンドチャンネル 充電式 5W Bluetooth 機能対応 ヘッドホンアンプ 技適認証済 AUX入力 自宅 練習用 日本語取扱説明書付き (ブラック)","286","61","100","531","¥ 5,499","","1","B0BFDTG2CD","B0BFDXYLSJ","16.1","11.2","9.4","430"
"YOPIN 吸音材 200kg/m³ 高密度 吸音ボード 吸音対策 室内装飾 楽器 消音 騒音 防音 難燃 取り付け簡単 DIY 虫ピン押しピン付き","227","51","50","1408","¥ 6,863","","1","B0B4NLC932","B0C69SGWKK","36.8","33.3","33","6690"
"【Amazon.co.jp限定】Elgato Wave Mic Arm LP 薄型デザインマイクアーム 配信/ゲーミング/レコーディング向け クランプ式固定 モニター下部からの設置に適用","232","69","200","224","¥ 12,320","¥ 12,320","1","B0CDWRJ6LB","","61.8","17.4","7.2","2100"
"YOPIN 【自己粘着】吸音ボード 防音材 200kg/m³ 高密度 吸音パネル 吸音材 壁用 消音 吸音 防音 騒音対策 取り付け簡単 押しピン付き","277","47","","32","¥ 6,636","","1","B0G3XBNLCP","B0G3XFB4Z3","35.8","33.1","33","6950"
"Fender フェンダー ギター＆ベース用ケーブル Contour™ 30' Coiled Cable, Burgundy Mist 9.1m","236","52","","350","¥ 5,280","","3","B0DTC2C3HK","B0H4WHS14R","24.3","15.2","3.9","495"
"Akai Professional MPK Mini IV 25鍵 USB-C MIDIキーボードコントローラー ホワイト","240","39","100","855","¥ 15,120","¥ 15,120","1","B0GN92H8WV","B0FWHHBKV3","39.6","23.8","8.5","1470"
"ONKODO 2534 XLRマイクケーブル NEUTRIK 金メッキ 4m 黒","166","23","","357","¥ 5,700","","1","B07D71ZCX1","B07D71DZTC","21.3","16.8","2.5","280"
"ヤマハ YAMAHA ゲーム/配信用オーディオミキサー ゲームストリーミングミキサー ZG02","244","68","200","198","¥ 23,327","¥ 23,327","13","B0CTJBGSNX","","24","16","10","900"
"バンドーレン バリトンサクソフォンリード トラディショナル 硬さ : 2-1/2 (5枚入り)","245","53","","1785","¥ 7,279","¥ 7,279","9","B0117TJI1O","B0G4TKVM6S","12.8","4.3","3.5","40"
"MAONO XLR/USB ゲーミングマイク ノイズキャンセリング PCマイクセット ポッドキャスト ストリーミング用 ダイナミックマイク ミュートボタン 単一指向性 YouTube 録音 ゲームチャット ライブ配信 ゲーム実況に PD100XS ブラック","246","65","100","2253","¥ 8,784","","1","B0F1F3PZJF","B0GY8S5J7Y","42.1","18.3","8.5","990"
"Donner ギター エフェクター モジュレーション 16モード （コーラス、フェイザー 、トレモロ、フランジャー、 ロータリー、 ビブラート、 ワウ、 ローファイデチューン） トゥルーバイパス Mod Square Ⅱ","395","55","","31","¥ 6,280","¥ 6,280","1","B0BZ7XJNS8","B0G1BCNN1C","13","6.5","5.9","280"
"【マイク専用スプレー】スーパーマイクシャワーBIG 500ml (12本)","247","53","","379","¥ 7,880","","4","B086SSX644","B086SSTS13","28.7","23.9","21.7","5150"
"ヤマハ(YAMAHA) ダイナミックマイク DM-305 スーパーカーディオイド XLRメス-フォン5mケーブル付属","249","60","","27","¥ 5,175","¥ 5,175","12","B01G5HB3JS","B0FNHVLLL2","30.4","8.2","7.8","720"
"ガービー(Garvee) 電子ピアノ 61鍵盤 折畳み コンパクト デモ曲80曲 MIDI対応 キーボード 128種音色 128種リズム ホワイト","250","38","50","10","¥ 6,777","","1","B0GND13155","B0GNDKBC1C","51.5","18","17","2600"
"Akai Professional MPC Sample ポータブル サンプラー","264","36","200","386","¥ 63,434","¥ 63,434","6","B0GNMZB7GB","","27.7","25.4","9.9","1270"
"120パックの音響フォームパネル、1 x 12 x 12インチ 防音フォームパネル 壁用、高密度音響パネル 吸音","267","24","","125","¥ 31,827","","1","B0F3WRZKSP","B0F74MPBSP","32.8","31.3","16.7","4341"
"Marshall MG-Gold シリーズ ギターアンプコンボ MG10 GOLD","268","68","100","357","¥ 12,000","¥ 12,000","13","B079XXXT2J","B07BKF2YGR","37.6","30.8","18.8","5160"
"MAONO A04 ピンク USBマイク 192kHz/24ビット コンデンサーマイク PCポッドキャスト用","279","19","","15","¥ 19,960","","1","B0BZ82C5VG","B0G5PRW14D","43.5","20.4","9.8","1229"
"BOSS ボス KATANA:GO ヘッドフォン・ギター・アンプ ベース対応 60種類以上のエフェクト搭載 有機ELディスプレイ チューナー搭載 Bluetooth接続対応 スマホ録音可能","284","61","200","219","¥ 18,697","","27","B0DVZ8RPFM","","16.3","10.1","4.9","200"
"File PLUS DO 楽譜ファイル 書き込みできる バンドファイル 書き込み リングタイプ 30ポケット (ブラック, 12冊セット)","285","24","","1058","¥ 16,500","","1","B07HR9R4B5","B07BF7KBM1","33.9","26.6","11.6","3710"
"THOMASTIK バイオリン4/4弦セット( E:ゴールドブラカット A.D.G ドミナント) (E線 0.27ボールエンド)","341","51","","46","¥ 9,980","¥ 10,362","5","B0169T2LGG","B0179AVTN0","13.9","10.8","2.7","724"
"三線折りたたみスタンド 黒 ＋うちなーむんシール","336","48","","2","¥ 5,112","","1","B0C7R1JMPB","B0C7QXPCTJ","26.2","21","3.8","430"
"【DGP 2026 Mobile 金賞】 HOLLYLAND LARK A1 ピンマイク ワイヤレス iPhone&Android対応 瞬時接続 ノイズ軽減・6段階ゲイン調整 200m伝送 音画同期 54時間使用 2人同時使用 Bluetooth不要 マグネット式 ミニマイク Vlog/動画配信/生放送/ASMR/TikTok用（送信機×2 + Type-C受信機×1 + 充電ケース×1）","292","61","100","1786","¥ 5,610","","1","B0F3D55D5R","B0GQGRHWQ4","9.6","9.4","5","168"
"Enya Nova U Mini 21インチ ウクレレ ソプラノウクレレ 【カーボン一体構造】 超軽量 防水耐湿 ホワイト","334","45","","127","¥ 5,600","","1","B0B12JPFFD","B0CLD68QQP","59.4","19.5","7.7","1050"
"Pioneer DJ マルチアプリ対応2ch DJコントローラー DDJ-FLX4","300","85","200","703","¥ 49,500","¥ 49,500","8","B0BLSJZC94","","53.5","34","12.6","3160"
"【改良バージョン】 Longeye 電子ピアノスタンド 椅子 セット キーボード ピアノ スタンド ベンチ 折りたたみ式 X型 高さ調整可能 88鍵盤 61鍵盤 コンパクト 収納 黒セット","304","61","100","205","¥ 6,783","","1","B0DG5LDTKQ","B0DN5MQ6T3","98.2","43.2","11","5780"
"SONY 有線 密閉型スタジオモニターヘッドホン 黒 MDR-CD900ST","307","79","200","1696","¥ 21,930","","17","B000UPEJCU","","25.8","18.7","10.6","390"
"Aokeo AK-49 マイクアーム マイクスタンド コンパクトマイク サスペンション ブーム シザーアームスタンド Blue Yeti、Snowball iCE、HyperX Quadcast、SoloCast、Elgato Waveなど用","313","70","","10392","¥ 5,737","","1","B0CS9K4665","B0DLRSZPSS","43.9","20","7.6","1570"
"JYX スピーカーセット 拡声器 ワイヤレスマイク1本 Bluetooth 5.0対応 高低音強化機能搭載 充電式 ポータブル ホームパーティー、カラオケ、街頭スピーチ、会議 、学校行事、セミナー、室外、防災、路上ライブ、イベントなどに適用","316","55","100","346","¥ 7,980","","1","B09TR89RR4","","33.5","25.9","17.4","2570"
"StageSound カラオケマイク Bluetooth ワイヤレスマイク ボーカル消去 自宅/車でカラオケ 充電式 iPhone Android対応","347","60","100","1740","¥ 5,380","","1","B0B8HZK281","B0C5328Y65","21.7","10.2","8.7","470"
"「VGP2025金賞&コスパ大賞」Edifier M60 マルチメディアスピーカー 66W Bluetooth 5.3 ハイレゾワイヤレス コンパクトなデザイン 専用アプリ スタンド付き USB-C/AUX入力 MDF製 ブラウン","317","67","100","931","¥ 18,980","","1","B0DRCGZ1W2","B0DK5QPL3Y","38.7","33","15.1","4730"
"オーディオテクニカ AT2020USB-XP コンデンサーマイク USB 単一指向性 配信 ブラック","319","67","100","154","¥ 24,200","¥ 24,200","11","B0C61VGXWM","B0FRLX599C","25.1","24.6","9.4","990"
"TAMA パワーパッド デザイナー スティックバッグ - モスグリーン (TSB24MG)","452","76","","1351","¥ 15,016","","4","B08PZCPRXS","B07M9JG5RM","48.3","21.6","7.1","590"
"KORG （コルグ） ワイヤレス MIDI キーボード コントローラー Bluetooth DTM プラグイン付属 microKEY2 Air （マイクロキー・エアー） 49鍵盤","323","61","","1239","¥ 15,000","¥ 15,000","13","B018ATKMFK","B0B3W299KG","83.8","20.3","10.2","2041"
"MAONO ゲーミングマイク USB XLR接続 ダイナミックマイク 専用ソフトウェア付属 単一指向性PCマイク ミュートボタン ボリューム調整 RGBライティング付き PC PS4 PS5 オーディオミキサー対応 ゲーム実況 ライブ配信 ポッドキャスト ナレーション録音 PD200XS ピンク","324","65","","2961","¥ 11,424","","1","B0DYV8X1L9","B0H8SDVXNF","42.3","16.1","10","1130"
"ZOOM(ズーム) B1X FOUR ベースマルチエフェクター ペダル付 レッド 71エフェクト 9アンプキャビネットモデル","474","65","","127","¥ 14,203","¥ 14,203","11","B07Q42GXY7","B09JFNJW1G","31.8","24","18.5","840"
"Goodraio アコースティックギター 初心者セット 38インチ フォークギター クラシック 練習用 教則本セット","337","65","50","185","¥ 5,099","","1","B0C7L3NGVF","B0G4RHXZHK","97.5","44.5","11","2430"
"SUZUKI スズキ 鍵盤ハーモニカ メロディオン ブルー 軽量 通学に優しいセミハードケース アルト 32鍵 FA-32BK かいめいシール DRM-1 つき","338","63","50","1861","¥ 6,060","¥ 6,307","2","B0FMXYY459","B0G1LF61RK","47.8","22.3","16.7","920"
"Kyser Music Products クイックチェンジギターカポ KGPRNA パープルレイン - 6弦アコースティックギター用 米国製 品質 強い 軽量 素早く簡単 革新的 音響に最適","350","59","","13186","¥ 8,752","","6","B0GFT8XNDD","B083JW1XSG","14.8","10","2.1","68"
"HyperX DuoCast USBスタンドアロンマイク テレワーク ストリーマー ゲーマー向け ブラック 日本正規代理店品 4P5E2AA","353","67","200","2479","¥ 11,880","¥ 11,880","6","B0B119XZBK","B0G5PZGSGD","23.5","13.7","12.9","760"
"Fender ピック351 SHAPE CLASSIC PICKS - 144 COUNT HEAVY, WHITE","388","61","","308","¥ 5,500","","9","B000EEI6V2","B0761SCGCJ","18.7","12.9","2.1","115"
"ZOOM(ズーム) AMS-22 超小型オーディオインターフェース 2in2out","354","68","100","99","¥ 9,900","¥ 9,900","9","B0B4J522TB","B0BCVHVBD5","15.3","14.5","5.9","240"
"50枚 吸音材 30*30*5cm 極厚 防音シート 吸音シート 遮音シート 防音材 壁 防音パネル 遮音材 吸音スポンジ 防音グッズ 消音 騒音 防音 吸音対策 窓楽器 部屋 壁 室内装飾 難燃 両面接着剤、黒（ピラミッド）、4.5 m²","359","60","50","84","¥ 6,749","","1","B0F8V6N7P4","B0FPCNFXCT","32.3","30.5","17.3","3320"
"RAKU ピアノ椅子 高低高さ調整可能 収納なし 幅57cm 奥行35cm 無段階ネジ式昇降 電子ピアノ用 イス キーボードベンチ ホワイト","415","45","","585","¥ 7,257","","1","B08BRRV4RN","B0BBVQSYLK","69","35.5","19","8500"
"ギターカポ、6弦アコースティック＆エレクトリックギターカポ（シルバー）","266","39","","543","¥ 7,718","","2","B0D6G34DL4","B0DK6RTWF2","9.6","9","1.7","100"
"スピーカーセット JYX カラオケセット 家庭用 拡声器 ワイヤレスマイク ２本 Bluetooth 5.1 小型 PAセット 小型 カラオケマシン ポータブルスピーカー SDカード USB AUX Android 対応 ホームパーティー/会議/スピーチ/学校行事/セミナーなどに適用 日本語説明書付き (オレンジ), 28*18*38cm, JYX-T17-T","371","67","100","4119","¥ 6,980","","1","B0D83GGKFS","B0HDS9MDRT","39.2","29","18.7","2110"
"JYX スピーカーセット 拡声器 ワイヤレスマイク２本 Bluetooth 5.0対応 高低音強化機能搭載 充電式 ポータブル ホームパーティー、カラオケ、街頭スピーチ、会議 、学校行事、セミナー、室外、防災、路上ライブ、イベントなどに適用 木 色","374","61","50","1521","¥ 11,680","","1","B0BTPNJCB4","B0H2DF3L2X","39.5","27.8","16.2","3970"
"PRO版 公式【 ワンランク上の吸音性能 】防音ファストラボ 吸音パネル「hisokaPRO」 スクエア型 12枚セット （ 音の悩みの軽減に ）","438","47","","35","¥ 6,980","","1","B0F653DCCR","B0F65D7WCW","30.8","30.8","22.8","3740"
"オーディオテクニカ ATH-M40x プロフェッショナル モニターヘッドホン 有線 ブラック","378","82","200","16598","¥ 15,400","¥ 15,400","21","B00HVLUR54","B0B1LBGLT4","24.5","23.1","12.1","848"
"SHURE プリアンプ搭載 SM7dB : ダイナミックマイク カーディオイド 単一指向性 XLR 有線 ストリーミング 配信 YouTube 音声 音楽 演奏 録音 レコーディング 実況 ゲーミング ポッドキャスト ボーカル DTM 【国内正規品/メーカー保証2年】","387","65","100","926","¥ 74,500","¥ 80,000","25","B0CCSVYWMH","B0F18Y772C","34","18","12.5","1288"
"バンドーレン アルトサクソフォンリード V.12 硬さ:2-1/2 (10枚入り)","389","50","","784","¥ 6,196","¥ 6,196","7","B0027LR1HK","B08V5HDSZ8","11.4","6.2","3.1","60"
"CASIO(カシオ) Casiotone CT-S195 電子キーボード 61鍵盤","403","57","200","259","¥ 13,320","¥ 13,320","1","B08YMZ27H4","","98","31.5","13","4920"
"【Amazon.co.jp限定】Elgato Wave Mic Arm Pro - 360°回転するロープロファイル型のガススプリングマイクアーム、Elgatoマイク/Shure SM7B/HyperX QuadCast/Rode/Blue Yetiなどに対応 - 収録/ポッドキャスト/配信用","396","70","50","31","¥ 23,980","¥ 23,980","1","B0DFP9RVQK","B0G2VY6QYJ","61.4","17.2","7.2","2600"
"【DURACELL】 デュラセル(Duracell) PROCELLプロセル 9V電池 エフェクター/楽器用アルカリ電池 10個セット DP-9V-10pcs","379","53","","267","¥ 5,232","¥ 5,232","2","B00ZOGV018","B01GTCTCMY","10.6","5.5","5.4","476"
"オーディオテクニカ AT4040 コンデンサーマイク XLR 1インチ大口径ダイアフラム ブラック","401","76","100","788","¥ 39,600","¥ 39,600","17","B0002D0BQ8","B0FCXVR7ZD","29.4","25","10.9","1420"
"HyperX QuadCast2S コンデンサーマイク USBマイク ゲーム実況 テレワーク ライブ配信 ブラック 日本正規代理店品 9A273AA","404","71","100","706","¥ 27,980","¥ 27,980","10","B0DG9X4WHW","B0G5PT6GS3","30.7","15.7","10.9","1190"
"Donner タブレットページターナー ワイヤレス Page Turner 楽譜をめくるペダル ハンズフリー (シルバー)","419","54","100","374","¥ 6,479","¥ 6,479","1","B06WLLWPTZ","B0DW43KXW1","25.6","19","4.2","440"
"Donner エレキギター 初心者セット STタイプ SSSピックアップ 39インチ フルサイズ ミニアンプ付き 専用ケースとチューナーなどアクセサリー9点セット DST-80G ミントグリーン","422","61","","115","¥ 15,999","¥ 15,999","1","B0DG8YC8GB","B0HGQSFVXZ","107.5","39","11","7300"
"スマリー(SMALY) 電子ピアノ ロールアップピアノ 61鍵盤 折畳 和音 SMALY-P61A","409","55","50","81","¥ 7,024","","1","B08H4BRX1K","B08H4YKQG2","29.8","25.5","11.1","1440"
"Giecy スピーカーセット 拡声器 ワイヤレスマイク2本 Bluetooth 5.0対応 充電式 UHFマイクロホン低音強化機能搭載 ポータブルマイクスピーカー拡声器 ホームパーティー、カラオケ、会議、セミナー、登山キャンプ、街頭演説、学校行事、室外、防災、イベントなどに適用 日本語説明書付き【技適マーク認証済み】","411","66","50","109","¥ 11,216","","1","B0BWRFGNF1","B0GT4X778P","30.3","28.6","17.4","2970"
"ヤマハ(YAMAHA) YVC-1000用拡張マイク YVC-MIC1000EX","420","75","100","171","¥ 30,119","¥ 30,119","20","B00KC82HD8","","24.5","17.5","12","860"
"Venkuri アコースティックギター 38インチ 初心者 17点セット 低弦高 練習用 ソフトケース チューナー付 アコギ 入門 艶ナチュラル","420","66","50","150","¥ 6,649","","2","B0D2R9TH4J","B0FQTVRZZS","97.5","43","11","2340"
"BOYA Mini 【ワイヤレスマイク】iPhone 11/12/13/14用 MFI認証 Lightningコネクタ ピンマイク ノイズキャンセリング 30時間バッテリー寿命 充電ケース付き Voice Changer, 音声と画像の同期 ラペルマイク Vlog 動画撮影 会議 講座 旅行 ビデオ撮影","424","56","","143","¥ 9,899","","1","B0DJSN3J8Z","B0FGDKBVS3","12.7","8.2","3.4","100"
"Donner 電子ドラム セット 自宅練習 折りたたみ式 小型 ドラムスローン スティック ヘッドホン オーディオケーブル デラックスメッシュキット付き クリスマス 新年 ギフト 子供 初心者 大人 学生 日本語取扱説明書 DED-80 (4ドラム3シンバル) ブラック","428","66","200","332","¥ 27,882","¥ 27,882","1","B09ZXZ5NPD","B0GDGFY2KV","71.5","45.8","25.8","14600"
"ヤマハ ポータブルキーボード 61鍵盤 ブラック PSR-E360B 便利なレッスン機能やタッチレスポンスを搭載","432","64","50","285","¥ 19,260","¥ 19,260","1","B0928ND64Z","B0FF4FFXCF","106","37","15","6300"
"SELDER セルダー エレキギター STタイプ サクラ楽器オリジナル ST-16/BLS 初心者入門13点セット","464","40","","1054","¥ 23,300","","1","B001R7353Y","B07CR3CFB1","108","53","15","9910"
"Photogenic フォトジェニック エレキギター 初心者入門 エントリーセット STタイプ ブルーサンバースト ST-180/BLS [ソフトケース/シールド/アンプ/チューナー/ストラップ/ピック/ピックケース/弦/ワインダー/教則DVD/調整用レンチ付属]","439","31","","12","¥ 17,336","¥ 17,336","1","B01GCP7VYE","B0G1Y22TLY","104","56.5","16.5","7000"
"A.morpa 吸音材 壁 好きな時にいつでも快適空間 遮音シート 【丈122cmx幅122cm】 2.2㎏ 窓 防音 防音シート","444","68","50","18","¥ 5,390","","1","B0G6G38Y2B","B0G6T5J8SH","44.9","34.7","15.5","2300"
"【DSP内蔵】Enya XMARI スマートギター エレキギター 39インチ カーボンファイバー製 フルセット（ギグバッグ付） 4プリセット 静音練習","445","74","50","265","¥ 32,000","","1","B0G39L1VSM","B0HC3B8XPL","104.1","43.2","8.9","4990"
"EVANS エヴァンス 練習用パッド 12"" 2-sided Speed & Workout Pad RF12D 【国内正規品】","465","64","50","6679","¥ 6,716","¥ 6,716","5","B000FMDIXY","B071FSVTMV","30.5","30.4","2.7","1660"
"【36枚セット・業界最強吸音ボード】極厚 吸音材 防音シート 防音材 吸音シート防音壁 高密度 ウレタンフォーム 吸音パネル 消音 騒音 防音 窓楽器 部屋 壁 吸音対策 室内装飾 難燃 30*30*5cm 両面テープ付き 黒 (36枚セット(3.24㎡))","798","55","","54","¥ 8,490","","1","B0DQ897H18","B0DQ8BM442","33","33","16","1800"
"Photogenic フォトジェニック エレキベース 初心者入門 ライトセット JBタイプ ホワイト/べっ甲柄ピックガード JB-240/WH/T3P [ソフトケース/シールド/アンプ/チューナー/ストラップ/ピック/ピックケース/調整用レンチ付属]","738","48","","19","¥ 25,048","¥ 25,048","2","B01GDH4Y50","B07TTR6SMM","120.7","57","15.5","9740"
"Baboon ギター専用 THE 湿度調整剤 夏冬兼用 加湿放湿両対応 日本製 大容量 (70g×5コセット) 使用目安1年","667","65","","142","¥ 7,700","","1","B09MVXWPPQ","B09MVXS3XD","25.7","20.9","6.5","420"
"DJI Mic Mini 2S（1 TX + 1 モバイルRX + 充電ケース） AIノイズキャンセリング","476","0","","19","¥ 14,300","¥ 14,300","1","B0GKNLGXZ3","","11.3","10.4","5.4","200"
"LEKATO ギターワイヤレス ギターワイヤレスシステム WS-100 ベース エレキギター 送受信機 3.5mmと6.35mm モノラルプラグ付き 2.4GHz 4チャンネル USB充電 軽量 コンパクト 190°回転 ブラック","480","58","100","494","¥ 6,449","","1","B0BXWM3P8B","","11.2","7.4","5.2","250"
"VOSOCO カラオケセット ワイヤレスマイク２本 スピーカーセット 家庭用 カラオケマイク 拡声器 Bluetooth 5.0 PAセット 小型 カラオケマシン ポータブルスピーカー AUX/USB/TF対応 ホームパーティー/会議/スピーチ/学校行事/セミナー/室外活動 などに適用 日本語説明書付き","547","58","200","2886","¥ 9,399","","1","B0CWL6LX4C","B0F23JJV94","40.1","27.5","17.3","3070"
"ADAM Audio モニタースピーカー ペア販売 アダムオーディオ D3V Black","488","64","100","281","¥ 43,000","","21","B0DG9Z58CV","B0H2DXM4NF","34.6","31.4","21.9","5559"
"篠笛天柊 Tenshu お囃子 お祭り用 和楽器 伝統工芸 (8本調子／7穴)","491","68","","6","¥ 8,901","","2","B0CYL88H97","B0CVNK5LVR","39.5","1.5","1.5","40"
"tc electronic ポリフォニック チューナー POLYTUNE 3【国内正規品】","493","71","100","2247","¥ 9,800","¥ 11,667","11","B06Y4G7NQD","B08P3SLR28","13","8.6","5.5","308"
"GOKKO 超軽量 ギターエフェクター ボード アルミニウム合金 ペダルボード 丈夫で耐用 キャリングバッグ付き(M-グリーン)","637","61","","16","¥ 6,580","","2","B0DHVFRKLY","B0DHVH1X85","43.2","34","12","1840"
"Legere ASG3.75 Signature アルトサックスリード (3 3/4)","503","58","","16","¥ 5,300","","4","B07FS9FFQ6","B0FD3FK4B8","11.6","7.2","1.2","18"
"ZOOM(ズーム) L6max デジタルミキサー レコーダー 12ch AIノイズリダクション","579","70","50","63","¥ 44,629","¥ 47,943","10","B0FQ5YS2LF","B09JWFGNS7","40","13.3","5.6","1012"
"[PERDIN] ソプラノウクレレ ウクレレ 初心者セット 楽譜付き 6曲 初心者 セット マホガニー ソプラノ 入門 (ナチュラルブラウン)","512","54","","69","¥ 6,280","","1","B0DWSLQ4YC","B0DWSFZBJF","63","25","10","700"
"ELVISエルビス ソプラノウクレレ マホガニー材 U100S 美木目 検品後発送で安心 安心の３年保証 付属品８点セット：国内保証書・チューナー・厳選11曲の教則本・コードチャート・ピック・ストラップ・ポリシングクロース・ギグバッグ","513","60","100","1877","¥ 7,280","","1","B00N7BM3PO","","59.2","24.8","9.5","1020"
"Insta360 Mic Air トランスミッター ピンマイク ワイヤレスマイク 7.9g超軽量 ノイズキャンセリング搭載 Insta360 X5/X4/X4 Air/Ace Pro 2用 外付けマイク Vlog撮影 ライブ配信 録音","513","57","100","1320","¥ 7,900","","2","B0F7KS5BLD","B0H8XM8Y75","12.1","12","5.6","231"
"【マイバチ工房 極】極スタンダード 金達人監修 ヒバ 万能型 マイバチ ２ヶ月保証付き 光沢あり (PINK)","516","39","","405","¥ 6,980","","1","B08HL643GS","B08HL6G37M","42","9.9","2.8","140"
"OM SYSTEM WS-883 BLK 語学学習/講義録音/会議録音/議事録/リニアPCM録音/外部メモリ対応","519","85","100","78","¥ 14,832","","11","B0C5LSBWNK","","16.6","6.6","5.3","120"
"Donner 電子ドラム セット メッシュ 折りたたみ式 消音性 450種類音色 50デモ曲 MIDI機能 防振 オーディオケーブル スローン スティック ヘッドホン付 初心者 大人 自宅練習 DED-200(5ドラム 4シンバル)","720","68","50","242","¥ 50,983","¥ 50,983","1","B09WTDG8MD","B0DG4RPYMJ","90.5","54.5","30.7","25760"
"TroyStudio ボーカルダンパー 防音マスク ボイトレ 防音グッズ ストレス解消 グッズ 叫ぶ 歌 練習 防音 カラオケ ウォームアップ 叫びの壺 ポータブル 柔らかい 無臭 シリコンボイスサイレンサー","525","61","100","62","¥ 5,499","","1","B0BLYTH38P","B0FFSCMTWF","20.2","14.5","8.2","280"
"ガービー(Garvee) 吸音パネル 木目 120×60×2.1cm 2枚組 吸音材 高密度 騒音対策 防音パネル 壁 吸音ボード ナチュラルオーク","475","49","","9","¥ 8,180","","2","B0H38VRJGV","B0H3F8YRNJ","124","65","5.2","11000"
"GHOSTFIRE 超軽量 ギターエフェクター ボード ペダルボード アルミニウム合金 面ファスナー キャリングバッグ付き Sシリーズ (SPL-04(50c30cm))","536","52","","161","¥ 7,290","","1","B0CBTYN53S","B0DGX619JN","63","50.6","11.2","1600"
"LEKATOページターナーペダル フット・スイッチ ワイヤレスBluetooth Page Turner 楽譜 ハンズフリー USB充電式 ページターナーフットペダル フットスイッチ・コントローラー 技適認証済","1218","56","50","394","¥ 5,949","","1","B09FSFX8HW","","22","14.5","5.4","330"
"Longeye ロンアイ 電子ピアノ 88鍵盤 【折り畳み式 】 充電型 生ピアノと同じ鍵盤サイズ FOLD PRO MIDI対応 ペダル付属 練習用イヤホン 128種音色 日本語説明書 専用ケース/鍵盤シール付き 携帯型 軽量 小型（黒）","543","64","50","958","¥ 15,990","","1","B098DQJ1WF","B0DCBGFK9P","72","29","18.5","5160"
"【Amazon.co.jp限定】Elgato Stream Deck MK.2 White エルガトストリームデック MK.2【15キー配列】ライブコンテンツ作成用のコントローラー 配信者向けデバイス OBS/Twitch​/YouTube連携 Mac/PC対応","544","49","100","707","¥ 21,780","¥ 21,780","1","B0CDWSNF8J","B0CKXV94TK","19.1","15.4","8.3","590"
"Arturia MIDI キーボード コントローラー MiniLab 3 限定カラー シャンパーニュ","683","66","","253","¥ 14,900","¥ 15,051","17","B0FX9B9QZ1","B0DPRD9CVY","42.6","27.7","8.2","1501"
"GUITTO ギター エフェクターボード クランプ固定式 ペダルボード テープ不要 傷つけない アルミニウム合金 キャリングバッグ付き 角度調整可能 楽器 ステージ 自宅録音用 (GPB-03 大)","549","52","","317","¥ 16,140","","1","B08LL2RCQ6","B092YTGZFM","74.5","41","11.6","7010"
"電子ピアノ 折りたたみ 電子キーボード 61鍵盤 MIDI機能 80デモ曲 135音色 200リズム内蔵 譜面台付き 日本語で表記 日本語説明書付き","563","66","200","90","¥ 6,838","","1","B0FCYBLGRJ","B0GT48JN9F","52","27","17","2500"
"MAONO ゲーミングオーディオミキサー オーディオインターフェース ミュート ボイスチェンジャー リバーブ PC/スマホ/マイク/ヘッドホン対応 オーディオミキサー ゲーム用 配信 ポッドキャスト 実況 XLR接続 RGB機能 ポータブル一 ミキサー","566","68","50","363","¥ 7,999","","1","B0F2J1HPB6","B0H4K1RZLC","18.4","16.2","7.9","560"
"カシオ CASIO SA-51 Casiotone 32ミニ鍵盤 電子ミニキーボード ブラック","517","80","100","63","¥ 5,643","","5","B0B6823D8N","","46.5","22.8","6.9","1240"
"TONOR USB/XLRダイナミックマイク 単一指向性 PC/PS4/PS5対応 アーム付き ゲーミング/配信用 黒 TD510 AIR H+","569","28","","495","¥ 5,999","","1","B0GJZTMBZD","B0HG6JV53K","41.9","13.6","11.7","1090"
"RAKU ピアノイス 楽譜収納付き ベンチ 高低高さ調整可能 無段階ネジ式昇降 幅57cm 奥行35cm 電子ピアノ用椅子 白/黒/黄 ホワイト","439","42","","392","¥ 7,895","","1","B08F9N614T","B0BC14LWTB","68.9","36.7","22.8","9680"
"STRICHギターペダルボード、56 x 32CM アルミ合金、キャリーバッグ付き 1.21KG 軽量エフェクトギターペダルボード、STANDARD 22 (角度付き)","574","55","","214","¥ 8,490","","3","B0C2HSCGR5","B0DC6KPSL5","61","36.2","10.2","2404"
"【VGP 2026金賞】EDIFIER MR4 MKII 2ウェイ アクティブ モニタースピーカー 80W高出力 ハイレゾ対応 (Hi-Res/Wireless LDAC) 4.5インチ ミッドバス Bluetooth 6.0 XLR/TRSバランス入力 RCA/AUX アプリ対応 スタジオモニター 音楽制作 動画編集 PCスピーカー 左右一対 1ペア（ブラック）","575","38","100","26","¥ 25,480","","1","B0GYW67D15","B0H7WWX7D6","41.7","37.9","30.7","9080"
"ヤマハ 電子キーボード NP-15B piaggero 61鍵 タッチレスポンス スタイリッシュ シンプル 初心者 音楽制作 ライブ演奏 ブラック","578","72","50","42","¥ 17,906","","9","B0C6956D1S","B0C77ZRQKC","119.5","36","19.4","7500"
"PRO版【正規品】防音ファストラボ公式 (音の遮断効果3倍！） 日本製 遮音シート 「saegiriPRO」防音シート 防音マット 防音 防音材","482","46","","99","¥ 8,982","","1","B0C3CBP7NM","B0D333P4CM","32.3","32.1","10.4","12270"
"カシオ CASIO SA-50 Casiotone 32ミニ鍵盤 電子ミニキーボード ホワイト","583","84","50","49","¥ 5,700","","12","B0B681RVL3","","46.7","39.2","6.9","1240"
"Enya Nova Go Mini アコースティックギター・カーボン一体成型1/4サイズミニギター初心者キット、ギターケース付属（ブラックBlack）","585","66","50","109","¥ 11,984","","1","B0CMPVJPR4","B0B6FRRLMD","87","31","12","2520"
"Yoseka カリンバ 34キー 初心者セット 親指ピアノ 音階刻印 チューニング済み","585","52","","11","¥ 5,358","","1","B0DT441NDQ","B0DY4J84RR","23.6","22.8","8.2","1170"
"ヤマハ YAMAHA アンプ THR10II リアルな真空管アンプの音色を再現、洗練された多様なエフェクト","588","70","100","511","¥ 38,500","¥ 36,768","15","B07Y9ZVR7Z","B08PZLJZR7","48.5","30.3","24.7","4140"
"Blackstar ブラックスター ギターアンプ ミニ バッテリー駆動対応 FLY3","589","75","50","3818","¥ 7,480","¥ 7,556","27","B00PDJXGIG","B0GWHRCM5W","17.6","13.9","10.9","820"
"Jim Dunlop Tortex Flow Standard 1.14mm ギターピック (558R1.14)","710","62","","5779","¥ 7,393","","9","B07S1DD58P","B07TD3R7CS","11.5","9.8","1.8","60"
"TOMBO 複音ハーモニカ C#調 トンボバンド 21穴 3121","591","39","","39","¥ 5,344","¥ 5,240","6","B0013F222U","B019W1ZCRI","17.3","4.9","3.4","164"
"Fender ギグバッグ Fender® FE1225 Electric Guitar Gig Bag, Black","823","72","100","325","¥ 6,251","¥ 6,251","7","B0732H5VXK","","114","48","12","2590"
"Donner アコースティックギター 左利き アコギ 41インチ カッタウェイ 初心者セット ソフトケース＆チューナー付きDAG-1CL","592","58","","42","¥ 15,282","¥ 15,282","1","B07CB41TWV","B0DW8W2J6Q","110","51","18","4000"
"AA AUDIO ACCESSORY ゴールドシリーズ ハンドメイドXLRケーブル 3m【Neutrikコネクタ搭載】19AWG OFC Starクワッド構造 × ケブラー強化ナイロン編組シールド（100%OFC編組＋アルミホイル） 高耐久マイクケーブル","1023","27","","1595","¥ 5,999","","1","B0DMT14FRM","B0D8NQNK7K","18.5","18.2","3.7","380"
"Boya V3 Combo ワイヤレスマイク ピンマイク 36時間使用可能 Lightning＆USB-C対応","594","50","","89","¥ 8,584","","1","B0DJVPB6MV","B0GFCYSKMG","11.7","9.3","4.9","180"
"ZOOM(ズーム) H2 essential ハンディレコーダー 32bitフロート録音 自立型 インタビュー ASMR","597","79","100","187","¥ 20,419","¥ 20,419","13","B0DJPQXJ46","B0FSD2F1MJ","14.1","10.8","6.4","210"
"CAHAYA ギタースタンド 木製ユニバーサル木製ギタースタンド ドレッドノートアコースティッククラシックエレキベースギター用 CY0228","947","22","","562","¥ 8,406","","1","B08GKGZKBG","B08HD7BDH2","38.9","30.5","3.9","821"
"AUSLET 36枚 ピラミッド型 吸音材 30x30x5cm 防音シート 遮音シート 吸音パネル ウレタンフォーム 防音 壁 部屋用 吸音対策 レコーディング","602","74","100","443","¥ 5,399","","1","B0GYQQQ575","B0H7MXFB4D","35.4","34.3","12.6","2080"
"CASIO(カシオ) CDP-S105BK 電子ピアノ 88鍵盤フルスケール仕様 ACアダプター同梱","603","70","100","111","¥ 31,500","¥ 31,500","1","B0CL9PXKQL","","146","30","20","14000"
"BOSS/GT-1 ボス ギター マルチエフェクター","604","72","50","2081","¥ 25,300","","7","B01M03W1HD","","37.3","21.5","11.1","1770"
"SEIKO (セイコー) メトロノーム クオーツ ホワイトSQ60(W)","685","78","","477","¥ 5,550","¥ 5,737","4","B07HZ51LWP","B07XY5B19B","14.1","6.7","4","170"
"ソニー(SONY) モニターヘッドホン MDR-M1 国内正規品 密閉型モニターヘッドホン/超広帯域再生/ハイレゾ対応/ステレオミニ→ステレオ標準変換プラグ付属/ケーブル 2.5m・1,2m各1本付属/音響制作/有線/レコーディング/ミキシング/プロ/クリエイター ブラック MDR-M1 Q","607","79","100","61","¥ 37,399","¥ 38,281","20","B0FN6M6QZH","B0FT2VWS73","22.3","19.1","6.1","450"
"Yoseka タングドラム スリットドラム ハンドパン 楽器 スチールパン 初心者","608","31","","33","¥ 7,649","","1","B0GSXXCS41","B0FL74WK7N","33","32.6","19.5","3850"
"【宇宙最強吸音・60枚セット】吸音パネル 防音 壁 防音材 吸音材 壁 高密度 遮音シート 防音シート壁 賃貸 剥がせる 騒音対策 窓楽器 部屋装飾 防音マット 取り付け簡単 ホームスタジオ 室内装飾 DIY インテリア おしゃれ 一戸建て アパート (ベージュ, 60枚セット(5.4㎡))","609","46","","35","¥ 11,800","","1","B0DYDFN8C7","B0DYDC7ZWW","30","30","20","700"
"インイヤーモニター ワイヤレスシステム 送信機とベルトパック受信機 (送信機+受信機グリーン)","650","49","","71","¥ 6,999","","1","B0BX7NYBCS","B0DF2B6FRZ","12.7","8","4.2","150"
"sE Electronics DM1 DYNAMITE マイクプリアンプ 【+28dBゲイン / XLR】 ファンタム駆動 パッシブマイク用 国内正規品","614","70","100","84","¥ 11,583","","6","B09PYXMQMP","","16.2","3.2","3.1","100"
"FENDERグリップハンドとフィンガーエクササイザー。ギタリスト、ベーシスト、バイオリニスト用。","543","60","","287","¥ 6,158","","3","B0CHBG6N1H","B0H4HMWYWQ","15","11.1","3.4","120"
"GUERRI 吸音材 48枚セット 30×30×5cm 極厚 防音シート 防音パネル 吸音パネル 防音材 壁 きゅうおん材 壁 遮音シート 簡易 防音ブース 吸音対策 室内装飾 黒(ウェッジ形)","615","20","","437","¥ 7,999","","1","B0H1G9PPSP","B0H8YJ9GXG","34.4","32","15.6","3160"
"F-Factory 6.3mm モノラル標準ケーブル 30m (オスーオス ストレートプラグ) オーディオケーブル VM-4130","773","33","","54","¥ 5,299","","1","B0FVF4RJW2","B0D5H9W3FK","22.1","20","7.2","1470"
"サンワダイレクト ワイヤレスマイク スピーカーセット 拡声器 180W 大音量 AC/バッテリー給電 簡易PA 400-SP113","619","50","","19","¥ 62,820","","2","B0DM4DK4P5","B0DK6C698V","80","39","39","18650"
"バンドーレン B♭クラリネットリード V21 硬さ : 3-1/2+ (10枚入り)","730","54","","1108","¥ 5,400","¥ 6,333","7","B00QCMEF7O","B0DDT768D5","11.4","6.7","3.1","40"
"Ibanez アイバニーズ/TS MINI TUBE SCREAMER MINI","624","70","50","1173","¥ 8,000","","12","B00S5WRW6U","B07NBD7LV7","11.2","6.7","6.3","308"
"TOA ワイヤレスマイク ハンド型 800MHz WM-1220","625","87","50","128","¥ 34,691","¥ 34,691","23","B000MGAUXE","","26.9","10.9","7.8","360"
"吉澤 PEACOCK ラック式高低調節 ピアノ補助台 AX-RH","629","75","50","114","¥ 10,606","¥ 10,995","7","B08QFLJZ25","","47.6","32.4","15.4","4640"
"JBER 防音フォームパネル12枚パック、1インチ X 30.5 cm X 30.5 cm 自己粘着性アコースティックフォームパネル、アコースティックパネルウェッジ高密度、防音壁パネル トリートメントホームスタジオ(チャコール)","777","16","","76","¥ 6,732","","1","B08RJ2PX27","B09T9RRXBX","32.5","31","2.9","600"
"SEIKO セイコー クオーツメトロノーム SQ200","631","55","50","150","¥ 5,491","¥ 5,491","2","B004W4VYC8","B08R3YGKMS","16.7","7.6","4","209"
"Hopeholic 吸音材 壁 木製 防音材 防音パネル【120×60.5cm2枚】ウッドパネル 賃貸 吸音パネル 簡単 貼る 吸音ボード 室内装飾 DIY 騒音対策 遮音 インテリア おしゃれ シンプル 2枚セット ダークグレー","751","39","","51","¥ 8,480","","1","B0F9NTWMPK","B0DYJMG3H1","122","62.5","3.5","3000"
"SONICAKE ポケットマスターポータブルマルチエフェクトペダル 100+ 内蔵ギター/ベース/音響効果、アンプモデリング、IRキャビネットシミュレーション、ステレオOTG USBオーディオインターフェイス、充電式(ホワイト)","855","54","","1834","¥ 8,800","","12","B0F4KDJ8S7","B0DPWNWTRB","11.9","9.3","4.8","231"
"ヤマハ YAMAHA ヘッドホン ホワイト HPH-150WH","645","66","","783","¥ 7,660","","3","B00X3L068E","B01FTTNSH8","26.4","20.8","5.8","270"
"ChicCarry 吸音材 吸音パネル 【205kg/m³高密度 30cm×80cm/18枚 施工面積4.32㎡】 吸音シート 壁 自己粘着 軽量 設置簡単 防音材 騒音対策 インテリア 楽器 壁 ドア 消音 騒音 防音 湿気防止 保温 難燃 30cm×80cm×0.9cm ホワイト","651","48","","39","¥ 8,980","","1","B0G653S4LC","B0FSZN554Z","80","30","16.2","500"
"New Bee ギターワイヤレスシステム 5.8GHz エレキギター ベース 送受信機 24bit 48kHz 6チャンネル 3.5mmと6.35mmプラグ 充電ケース付 技適マーク 210-218933 黒 WJ25","653","60","50","96","¥ 5,949","","1","B0G4ZD4F9G","","11.5","9.7","5.2","250"
"NUBWO HD01 モニターヘッドホン 有線 3.5mm ヘッドフォン 取り外し可能6.35mmジャック付きスタジオレコーディング 楽器練習 ギター ポッドキャスト ミキシング 電子ピアノ DJ ヘッドホン","664","48","100","28","¥ 5,980","","1","B0H1RBNL6J","B0HC6NYK44","20.7","19.5","5.6","420"
"ChicCarry 吸音パネル 木製 ウッドパネル 【120×60cm/2枚】 きゅうおんパネル 壁 ウォールパネル 吸音材 防音パネル 賃貸 騒音対策 オフィス アパート マンション 一戸建て グレー","671","39","","18","¥ 7,581","","1","B0GGJ4MCBY","B0FNC72QYG","123","63","5.5","12000"
"Hricane キーボード ピアノ 電子ピアノ 61鍵盤 200種類音色 200種類リズム 60曲デモ曲 LCDディスプレイ搭載 光る鍵盤 楽器 日本語パネル ヘッドフォン対応 子供 初心者 練習用 USBケーブルと日本語説明書付き (ピンク)","674","27","","72","¥ 8,299","","1","B08R9Y7Q5T","B0H9L4FZ5W","88.5","34","12.7","2780"
"ゼンハイザー ダイナミックマイクロホン XLR スーパーカーディオイド/ボーカル向け e 945【国内正規品】","676","77","100","1097","¥ 23,164","¥ 23,164","9","B000NAXCC0","","26.1","12.1","7.9","590"
"【専用スタンドイス付き】Longeye ロンアイ 電子ピアノ 88鍵盤 改良した音源 MOLD2 木製ボディ 日本語表記 MIDI端子対応 ペダル付き 380種類音色 移調、メトロノーム機能付き DREAM音源 初心者、練習にピッタリ 日本語版説明書 独自音源 (ホワイト-3セット)","677","43","","140","¥ 21,591","","1","B0D62RX2X8","B0CJM8ZHP3","134","38","22","15800"
"LEKATO イヤモニ ワイヤレス システム 低遅延 モノラル切替 ワンキーミュート 充電式 自動ペアリング 送信機と受信機 ライブパフォーマンス用 バンドリハーサル用 (送信機と受信機)","678","69","50","84","¥ 7,999","","1","B0F18PVL5H","B0GXDKZ5KW","12.4","8.1","4","150"
"ZOOM(ズーム) H6 essential専用アクセサリーパック APH-6e 国内正規品","390","59","","13","¥ 5,468","¥ 5,468","11","B0D48JC9RK","B0DQKXQG6S","27.1","12.9","11.1","500"
"OneOdio Pro50 有線モニターヘッドホン ハイレゾ 50mmドライバー 密閉型 DJ/スタジオ/楽器練習/TV映画用 ブラック","680","62","50","2541","¥ 5,083","¥ 5,083","2","B07X8XQXRC","B0FTYNKL9T","17.7","16.9","11.1","630"
"【所ジョージの世田谷ベース掲載】 A.morpa 木製吸音パネル 6枚 吸音材 防音材 壁 【80cm × 30cm 1.95㎏】 ウォールパネル きゅうおんパネル 立てかけるだけ 防音 置くだけ 賃貸 吸音パネル (ウォールナット.6枚)","684","56","100","74","¥ 8,790","","1","B0F92CGTP8","B0F9487LJV","85","33","15","12000"
"ZealSound マイク コンデンサーマイク PCマイク 単一指向性 エコー機能付き 会議用 ゲーム 実況 タブレット *Phone *Pad用録音/YouTube用/生通信・ゲーム実況用/Skype/生放送 高感度 集音用 スタンド付属 Windows/Mac/PS 4/5に対応(白)","687","61","50","221","¥ 5,287","","1","B0F9FM4MVH","B0FL2B8W16","21","13.2","11.1","593"
"S.Yairi ヤイリ ミニアコースティックギター (ミニギター) Compact Acoustic Series YM-02/CS チェリーサンバースト [ソフトケース付属]","1082","46","","710","¥ 13,413","¥ 13,413","6","B00GWDHO3U","B0DMNQF91X","89","37.6","12.2","2220"
"ヤマハ 鍵盤ハーモニカ ピアニカ 32鍵盤P32E / P32EP 当店オリジナルシール付き! (P-32E(水色ブルー))","872","44","","761","¥ 5,500","","1","B01E8XG8J6","","45","18.5","5.8","1200"
"[DILVO] ディルヴォ ゲーミング オーディオ ミキサー オーディオインターフェース Bluetooth対応 PC PS4 PS5 iPhone スマホ対応 ポッドキャスト RGB機能付き ボイスチェンジャー カスタム効果音 ライブ配信 機材 実況 XLRマイク接続 生放送 白 USB-C接続","694","64","","17","¥ 6,980","","2","B0H1W97B86","B0H5PJTTWY","25.7","17.3","6.9","630"
"HiFiGo イヤモニ 有線イヤホン AFUL Performer 5+2 / Performer 7 IEM、2DD+4BA+1 マイクロ プレーナー ユニット インイヤー モニター イヤホン、3D プリント音響チューブ構造 (4.4mm)","696","62","100","139","¥ 28,205","","2","B0DKT69435","B0DKT5696G","19.8","13.4","6.2","360"
"Nakamichi バナナプラグ banana plugs 24K金メッキ スピーカーケーブルコネクター アルミメタルシェル 12AWG-18AWGゲージサイズ4mm (24個（12ペア）, バナナプラグ)","697","57","","3251","¥ 7,149","","2","B0B5Y5WN92","B0CV3ZPTWZ","16.2","11","2.8","270"
"STRICH 木製ギタースタンド エレキ8本／アコギ5本掛け ギターホルダー パッド保護付き 自宅・スタジオ用 SMT-10 幅85cm","741","47","","231","¥ 9,182","","1","B0FBGBWS18","B0GSQCCHN7","88.9","14","11.4","3969"
"Shure ワイヤレスマイク MoveMic 88+ ワイヤレス ステレオ コンデンサーマイクロホン 受信機キット MV88+W-KIT-J-Z6+ : Bluetooth カメラ Mac PC スマホ ステレオ録音 ノイズリダクション アプリ 対応 小型 プロ仕様 8時間連続使用 最大30m電波到達 動画 ビデオ 撮影 配信 YouTube Vlog 【国内正規品/メーカー保証2年】","699","65","","1","¥ 75,051","¥ 76,000","7","B0DXN29WRR","B08MFZ15XJ","22.4","11","6.6","530"
"ZOOM(ズーム)H4 essential ハンディレコーダー 録音","703","71","100","651","¥ 23,590","¥ 23,590","11","B0CSLDLKZJ","B0GMH5V2X8","19.6","10","4.4","299"
"ZOOM(ズーム) ZDM-1 XLR ダイナミックマイク","724","58","","64","¥ 8,491","¥ 8,491","3","B08T4NN3GM","B0FNRWXK3Y","21.7","13","9.1","590"
"FIFINE マイクアーム RGB搭載 金属製 可動式マイクスタンド 1.5KG耐荷重 3/8""・5/8""変換ネジ付 クランプ式 卓上固定 ゲーム配信・ストリーミング・ポッドキャスト用 ブームアーム ホワイト AmpliGame BM38W","810","30","","27","¥ 6,079","","1","B0GBVFXR6J","B0GT78QY61","41.1","12.7","4.9","890"
"【Enya】Inspire 39インチ スマートギター エレキギター 【15Wスピーカー内蔵】 カーボンファイバー軽量ボディ","946","66","","215","¥ 70,000","","1","B0F1MXVR1B","B0F5WZ4D2C","107.4","45","12.4","5240"
"CASIO(カシオ) Privia PX-S1100WE 電子ピアノ 88鍵盤フルスケール仕様","712","62","","326","¥ 49,500","","11","B098NJHMP8","B0FN37Y399","146.2","30.2","22.4","15600"
"TASCAM(タスカム) TM-250U 超単一指向性 コンデンサーマイク USBマイク Youtube ウェブ会議 テレワーク ライブ配信 PS4 PS5 ゲーミング ゲーム実況 カラオケ ポケカラ","714","64","","82","¥ 7,480","","2","B093LFS9QF","B0DY71VKYS","25.8","22.3","8.1","1000"
"ヤマハ(YAMAHA) キーボード PSR-E383 61鍵盤 650音色 自動伴奏 レッスン機能 タッチレスポンス スタンダードモデル","717","72","50","91","¥ 20,565","","3","B0D1Q73669","","105","37.4","14.5","6140"
"Bullfighter エレキベース 初心者入門セットアクセサリーセット付き、PB PJB 4弦bassエレキベース初心者入門パフォーマンスロック楽器 Bass [ソフトケース/シールド/ストラップ/ピック/調整用レンチ付属]","692","34","","44","¥ 15,999","","1","B0GTYZBKVH","B0H9KMMHPL","116","36","8.5","5120"
"TORIBIO 吸音材 遮音シート 防音ドアカーテン 窓 防音 吸音対策 丈220 cm x 幅95.5 cm-厚い10mm","727","51","","21","¥ 5,880","","1","B0F3JJ22FT","B0HF7T4RYV","40.7","32.2","17.8","2930"
"MAHANCRIS ギタースタンド 2段ギターラック 5-7本ギター収納可能 アコースティックギター・エレキギター・ベース・ウクレレ・バンジョー対応 レコードプレーヤースタンド ギターアクセサリー棚付き EVA保護フィルム ホームミュージックスタジオ収納用 ブラック GSHB6501","729","61","50","94","¥ 6,599","","1","B0FKH7WL4L","B0G8D3P5GQ","44.1","33.4","14.6","6320"
"リフレクションフィルター 【サウンドエンジニア山名氏監修】 マイク 防音 吸音材 シールド 吸音研究所 (五つ折り（25.7cm×13.7cm×5枚）)","730","58","50","362","¥ 6,980","","1","B0B3T6LJGM","","29.4","19.8","18.1","1190"
"アコースティックギター 初心者18点セット 38インチ 入門練習 学生 子供 大人用 初級セット 入門用 アコギ 弦 チューナー ギタースタンド・ソフトケース・簡易教則（日本語）付き","921","60","50","639","¥ 5,299","","1","B0BCWMSX2P","B0DZP2GMFS","97","43","10.5","2600"
"Venkuri 38インチ アコースティックギター 初心者向け 17点入門セット 低弦高 チューナー ソフトケース付 練習用 艶サンセットレッド","732","9","","25","¥ 6,649","","2","B0GXVD57JM","B0HCBYQHMV","98","12","4.5","2450"
"ZOOM(ズーム) G2X FOUR ギターマルチエフェクター ペダル付き ブラック IR搭載","735","67","50","137","¥ 20,000","¥ 22,222","14","B0BNZYLXJ2","B0BNZXX879","33.2","15.8","8.3","1270"
"Marshall ミニアンプ クラシック風 MS-2C 電池/アダプター両対応 ヘッドホンジャック装備","713","40","","765","¥ 6,980","¥ 5,967","7","B000RW1UYG","B01M348RQB","15.7","12.2","6.5","390"
"ルーパー エフェクター ペダル 9ループ チューナー機能が付き ギターエフェクト40分無制限のオーバーレイ記録 エレキギターベース用 USBケーブル 電源は別途購入する必要がある (ブラック)","741","49","","281","¥ 6,631","","1","B07VSNN5JC","B0D9H2G27T","11.8","7.2","6.2","320"
"R-STYLE キッズパーカッションや太鼓練習に 本格牛皮張 太鼓セット (特大サイズ（直径37cm×高さ17cm） 竹打楽器付モデル)","746","43","","60","¥ 6,680","","1","B014CVI5UY","B0123XUQ8C","42","39","21.9","1340"
"BQKOZFIN 32音 鉄琴 グロッケン オルフ楽器 卓上鉄琴 マレット4本 スタンド 収納ケース付き 高さ調節可能 (シルバー)","758","49","","23","¥ 8,095","","1","B0BTCQQY9L","B0HF3HGFCK","65.6","43.2","9","5020"
"Carina ロールアップピアノ 61鍵盤 キーボード USB充電式 スピーカー内蔵 日本語説明書 初心者 子供向け","760","44","","881","¥ 6,822","","1","B08JCL9MYW","B0B4N3ZK95","28","23.6","9.4","1240"
"Comica Vimo Q Micrófono 送信機4台+受信機1台 ワイヤレスピンマイク 200m伝送距離、CalMixオーディオ処理、充電ケース付属 動画撮影 オンライン授業 VLOG Live PC/スマホ/ビデオカメラ/タブレット/レコーダーなどに対応 小型軽量ワイヤレスマイクシステム スマホ外付けマイク iPhone外付けマイクワイヤレス","761","52","","193","¥ 30,673","","1","B0CLNZRMY5","B0F7B1897B","21.6","9.5","6.9","440"
"YOPIN 電子ピアノ 88鍵盤 スタンド付き 充電式 MIDI対応 129種音色 128種リズム 日本語表記 軽量 持ち運び便利 日本語説明書付き","761","56","","38","¥ 18,980","","1","B0GYWH2L7L","B0H2QBLMB5","128","35.5","12","10000"
"【音源進化】Longeye ロンアイ 電子ピアノ 88鍵盤 MOOD 木製家具調ピアノ スタンド一体型デザイン 最先端音源 10W出力 日本語表記 MIDI対応 二つヘッドホン同時使 レトロ風 10mmストローク 380種類音色 移調 初心者 練習にピッタ 日本語版説明書 マホガニー","868","59","","166","¥ 22,800","","1","B0D8HMKL4N","B0D9QNCWWQ","136","46","18","14800"
"D'Addario WoodWinds ダダリオ リード Bbクラリネット用 USDAオーガニック認証取得済 RESERVE EVOLUTION ODCE1030 [硬さ:3.0] 10枚入り 【国内正規品】","998","46","","60","¥ 5,060","¥ 5,478","8","B0BHX1J35V","B0DJBRZ98D","10.8","7","2.9","30"
"【イススタンドセット】ニコマク NikoMaku 電子ピアノ 88鍵盤 SWAN-S スタンド付き 椅子付き セット 日本語表記 MIDI対応 コンパクト 軽量 スリムデザイン 充電型 初心者 ソフトケース ペダル 譜面台 練習用イヤホン 鍵盤シール 日本語説明書付き (ブラック)","766","52","","151","¥ 21,080","","1","B0C1S26L55","B0DCNJ4737","130","38","22","13640"
"Donner アンプ 電子ドラム用 外部 スピーカー 35W ワイヤレス マイク対応 ブラック DDA-35","778","49","","174","¥ 16,992","¥ 16,992","1","B08ZRT893C","B0DW7XZTSD","44.5","43.6","42.4","10510"
"オーディオテクニカ AT2035 コンデンサーマイク XLR 単一指向性 配信 ブラック","782","86","50","3004","¥ 19,800","¥ 19,800","12","B002T45X1G","B0FCY8WBQG","24.8","24.5","9.7","920"
"【VGP2025 金賞】SHURE USBゲーミングマイク MV6 : ゲーム 配信 ストリーミング ダイナミックマイク 単一指向性 USB-C 有線 ノイズ除去 ミュートボタン MOTIVシリーズ Windows Mac iOS Android 対応（PS等のゲーム機器は非対応） MOTIV MIX アプリ DSP設定 MV6-J 【国内正規品/メーカー保証2年】","790","66","100","84","¥ 24,749","¥ 25,000","10","B0DDP2HT3F","B0FD2RNQW6","31","21.5","7.1","1720"
"【2026新型】LEKATO ページターナー Bluetooth ワイヤレス BGM制御可能 楽譜めくりペダル 長時間使用可能 充電式","669","52","100","66","¥ 5,989","","1","B0FRS5M4CQ","","22","15.7","4.7","410"
"Hollyland LARK MAX 2 Combo ワイヤレスラベリアマイク｜AIノイズキャンセリング｜32bit録音｜最大340m伝送距離｜iPhone/Android/カメラ対応（2TX+カメラ用RX×1+USB-C RX×1+充電ケース）","792","69","","5","¥ 33,440","","1","B0F66DXSJH","B0FPPN9N4Z","16.4","9.6","9.2","410"
"VITAL AUDIO POWER CARRIER VA-08 MkIII 17.1*7.1*2.2 cm 国内正規品","793","22","50","","¥ 15,960","¥ 17,778","13","B0H9WRVH9R","","19.7","12.9","8.7","980"
"D'Addario ダダリオ アコースティックギター弦 XS コーティング弦 80/20ブロンズ Custom Light .011-.052 XSABR1152-3P 3set入りパック 【国内正規品】","1044","48","","1146","¥ 6,342","¥ 6,406","4","B0BDT2ZXV3","B0C71CG4DD","11.4","11.2","1.9","90"
"BOSS ボスBluetoothアダプター BT-DUAL ワイヤレス接続で音楽再生・アプリ連携が可能に Roland/BOSS対応機種専用モジュール CUBE Street II/GXシリーズ/MEシリーズ/KATANAシリーズなど","802","51","100","660","¥ 5,400","¥ 5,400","12","B097R36PBT","","6.2","4.7","3.7","30"
"サンワダイレクト マイクアーム ロープロファイル対応 クランプ 耐荷重2kg 3関節 角度調節 変換ネジ付 ホワイト 100-MCST001W","807","43","","70","¥ 6,730","","1","B0FKGGTM6Q","B0FKMVL555","41","13","10","2000"
"MAONO USB コンデンサーマイク ゲーミングマイク ノイズキャンセリング PC マイク ミュートボタン 単一指向性 RGBライティング 音量コントロール プラグ＆プレイ パソコンマイク ゲーム実況 ライブ配信 ポットキャスト ストリーミング Skype Discord Zoom Windows Mac PS4/PS5対応 GamerWave DGM20","811","3","","24","¥ 5,599","","1","B0H8RQ3DR5","B0HD73RR49","22.4","15","11.3","460"
"D'Addario ダダリオ エレキギター弦 フラットワウンド Jazz Light .011-.050 ECG24-3D 3set入りパック 【国内正規品】","817","53","","3857","¥ 7,660","¥ 7,660","3","B07QD27HSM","B0F98Z2HCN","11.3","11.2","2","80"
"TASCAM(タスカム) DR-05XP 32ビットフロート録音対応 ステレオポータブルレコーダー","826","76","50","285","¥ 18,000","","45","B0DTJVLCFT","","18.6","12.3","5.7","210"
"DJI Mic Mini 2S トランスミッター AIノイズキャンセリング","830","0","","6","¥ 10,129","¥ 10,129","2","B0GKNST3F7","","11.2","10.5","4.7","100"
"Squier by Fender スクワイヤー エレキベース Debut Collection™ Precision Bass®, Laurel Fingerboard, White Pickguard, Black ソフトケース付き","1101","21","","1247","¥ 21,500","¥ 21,500","1","B0CSLMDCLY","B0H9SBK17X","132.6","38.4","10.2","5606"
"スリットドラム スチールタングドラム 11音 10インチ LEKATO 金属ドラム 打楽器 マレット 収納バッグ付き 瞑想 ヨガ 禅 ネイビーブルー (11音 10インチ)","981","50","","324","¥ 5,599","","1","B0B8CR2GMB","B0B1MLYTLW","28.4","28.2","19.6","2600"
"STRICH キーボードスタンド 折りたたみ式 幅/高さ調節可能 ピアノスタンド 54/61/73/76/88键電子ピアノ対応","838","63","50","166","¥ 8,480","","2","B0D1Y9D9V5","B0DJNVMSWP","75.6","36.8","12.7","6055"
"Teenage Engineering EP-136 K.O. sidekick デジタルミキサー オーディオインターフェース","839","62","100","17","¥ 29,700","","3","B0H185RXLR","","26","13.2","3.3","390"
"ガービー(Garvee) 電子ピアノ 88鍵盤 折畳み MIDI対応 生ピアノと同じ鍵盤サイズ 128種音色 キーボード ペダル/専用ケース ブラック","840","50","","13","¥ 13,413","","1","B0DTK73PDK","B0F1351KS9","70.5","29","18","5560"
"オーディオテクニカ AT-MA2 マイクロホンアンプ","843","65","50","618","¥ 5,245","¥ 5,245","8","B00008B5DL","B097F5VJ7B","21.2","9.2","6.2","420"
"バンドーレン E♭クラリネットリード V.12 硬さ:3-1/2 (10枚入り)","848","59","","342","¥ 5,778","¥ 5,778","6","B002OJIXPO","B071RTHZLQ","11.2","6.1","3","18"
"YAMAHA AG06 ウェブキャスティングミキサー (ヤマハ)","849","70","","1081","¥ 32,000","","3","B00ST0FK12","B0DP4NGFLR","26.7","25.7","12.8","1500"
"Insta360 Mic Pro グラファイト・ブラック 送信機 ピンマイク、iPhone／カメラ／Android対応 ワイヤレスミニラベリアマイク、動画撮影用ワイヤレスマイク、Bluetooth、カスタマイズ可能なE-Inkディスプレイ、3マイクアレイ、32-bit Float内部録音","850","72","50","171","¥ 15,700","","1","B0GVS7PGZG","B0H2HWQXRL","10.6","10.5","7.1","210"
"RAKU ピアノ補助ペダル ピアノ補助台 無段階高さ調節 木製 簡単設置 衝撃吸収ゴム付き 広い足台 お子様の演奏補助アイテム ブラウン","850","42","","65","¥ 7,909","","1","B0CXPD59TX","B0CXP1N7M7","50","40","26.5","6800"
"KORG メトロノーム KDM-3-WDBK ウッド・フェイス・モデル","851","63","50","1485","¥ 6,980","","4","B07HKMCYY9","B07CFGRKNQ","15.6","8.3","7","210"
"KORG 100時間連続駆動 管弦楽器用 クリップチューナー AW-LT100M カラー表示 単4電池1本 軽量 コンパクト","1011","53","","185","¥ 5,500","¥ 5,500","13","B072KFB5G6","B07333H179","9.2","8","3.4","59"
"Roland ローランド CUBE Street MINI/CUBE-ST-MI ポータブルアンプ ミニアンプ ギター キーボード ボーカルマイク対応 簡易ライブPA","857","65","100","24","¥ 19,809","¥ 19,809","16","B0GH76MMXH","","30.9","24.4","16.3","2530"
"折りたたみピアノ 電子ピアノ デジタルピアノ 88鍵盤 キーボード 1000音色 500リズム タッチレスポンス搭載 初心者向け 練習用 USB MIDI対応 ヘッドホン マイク サスティンペダル 譜面台 鍵盤ステッカー 収納バッグ付き","1354","10","","3","¥ 11,599","","1","B0H1M36KM8","","73","31","16","4600"
"tc electronic ポリフォニック ミニ チューナー POLYTUNE 3 NOIR【国内正規品】","861","71","50","705","¥ 9,540","¥ 8,678","8","B07W6CBKM4","B08HLZMRP2","10","6","5","200"
"MOGAMI 2534 XLRマイクケーブル (3m)","1322","64","50","50","¥ 5,200","","1","B00OCHBRAY","","26","18","1.8","240"
"Art3d 2枚 きゅうおんパネル 壁 吸音パネル ウッド ウォールパネル 木製 吸音材 防音パネル - 居間、寝室、テレビの背景壁、事務所 - 120x60 CM、型番 117","1031","48","","1721","¥ 9,999","","1","B0CYPQ39C6","B0DZNSTPLQ","124.5","63.5","5.1","11544"
"CASIO(カシオ) Casiotone CT-S1BK 電子キーボード 61鍵盤","1035","67","50","945","¥ 24,200","¥ 24,200","16","B091PD782Y","B096FPQ1QG","98.5","30.8","16","6200"
"REALFORCE キーボードデッキ RC1 キーボード専用 ノートパソコン用 C1AKD","870","46","","6","¥ 5,390","","1","B0FKMQTW5K","","35","15","1","220"
"tc electronic クリップチューナー UNITUNE CLIP ホワイト","873","57","100","360","¥ 5,140","¥ 5,445","10","B08HQWB1G1","B0CF98SVP5","11.2","10.1","8.9","60"
"Novation/Launchkey Mini 37 Mk4 | MIDIキーボード","874","73","50","158","¥ 20,631","","13","B0D6YY1W6X","","54.4","20.9","6.4","1551"
"EVERESTエベレスト バイオリン肩当て 4/4サイズ ネオングリーン ES-4 GRN","878","60","","1430","¥ 5,200","¥ 5,833","7","B0046D7G0O","B08PG2MMXF","21.6","6.3","6.1","91"
"MAONO XLR マイク ダイナミックマイク ボーカル 単一指向性 ポップフィルター内蔵 XLRケーブル接続 スタンド付き オーディオミキサー/サウンドカード/音響機械向け ライブ配信/ゲーム実況/YOUTUBE/ポッドキャスト/宅録/生放送/ストリーミングに適用 適格請求書発行可 PD100","885","65","50","479","¥ 6,384","","1","B0BTM7F2H8","B0H8FRLNNC","26.4","10.6","10.3","920"
"JBL QUANTUM STREAM TALK シングルコンデンサーマイク 卓上 スタンドマイク ミュート機能付 USBプラグ＆プレイ 3.5mm ゲーミング リモート会議 配信用 JBLSTRMTALKBLK","889","69","50","32","¥ 5,500","","1","B0CTSX8HFS","","25.8","11.2","10.6","350"
"D'Addario シングルバス Xl 120 ロングテーパー","891","7","","633","¥ 5,773","","1","B000OR8VTQ","B00VPW4V48","14.3","14.2","1.2","57"
"SHURE マイクケーブル XLR3ピン メス(ブラック)⇔XLR3ピン オス(クローム) 7.5m C25E 【国内正規品】","892","66","","23","¥ 5,210","¥ 5,210","2","B000Z0CJUO","B01HXIG51Y","32.5","21","3","350"
"Logicool G ゲーミングマイク YETI ORB コンデンサーマイク G-YETI-ORB-BK ストリーミング配信 ノイズ軽減 RGB LIGHTSYNC USB BLUE VO!CE PC MAC ゲーミング マイク 黒 ブラック コンデンサー windows 国内正規品","901","76","50","65","¥ 7,900","¥ 7,900","1","B0CRV2C7HD","B0D1VKK4YS","24.9","13.6","12.2","500"
"S.Yairi ヤイリ ウクレレ コンサートサイズ コア材 ギアペグ仕様 YU-C-01K (ギグバッグ付属)","910","63","","121","¥ 9,690","¥ 9,690","7","B078W5G6GY","B08MV7WBGH","66.5","27","10.5","1100"
"SUZUKI スズキ 21穴複音ハーモニカ スズキ 高級ハミング SU-21W Bm調","1170","45","","","¥ 8,250","","2","B005EJIFXQ","B00T40GVIM","19.5","5.6","3.8","260"
"ottostyle.jp 吸音パネル 吸音材 防音材 吸音ボード 【120×30cm/4枚】 スラットウォール ウォールパネル リブウッド 壁材 ウッドパネル 内装 DIY 模様替え 木製 板 賃貸でも使える 騒音対策 遮音 インテリア おしゃれ シンプル 簡単 貼る 壁紙 タイル [オーク]","1231","36","","","¥ 8,900","","1","B0G6XRMS1R","B0DFY7L2T4","122","32","6","4000"
"BOYA BY-V4U ピンマイク ワイヤレスマイク 4人用スマホマイク 200m伝送距離 Type Cデバイス対応","919","75","50","257","¥ 13,769","","1","B0CZ36XNWF","","15.5","9.3","5.6","299"
"TAMA タマ Ironcobra アイアンコブラ 200 ツイン ドラムペダル HP200PTW","921","62","","249","¥ 22,440","¥ 22,722","9","B00BBRM0EA","B08HN7ZJMD","38.2","29.1","19.4","4680"
"LEKATO ギターヘッドホンアンプ Bluetooth5.0対応 充電式 ポータブル プラグインアンプ 9種類アンプモデル 6種類エフェクト 180°回転プラグ OTG録音対応 エレキギター/ベース用 静音練習 初心者向け","922","64","100","24","¥ 5,799","","1","B0GTXSYFRW","","10","5.4","5.1","110"
"LEKATO K380Sワイヤレスマイク 充電式ダイナミックマイク UHF マイクロフォン 6.35mmレシーバ付き 技適認証済 会議/カラオケマイク/ホームパーティー に大活躍【2本セット】","927","57","50","238","¥ 8,599","","1","B08X41Z9WC","B0FHK52MTZ","28","18.2","7.4","760"
"Fender フェンダー ギターアンプ MINI DELUXE AMP 黒","948","62","","3396","¥ 5,200","¥ 5,200","4","B0002OP7VQ","B0767CWMZT","15.7","14.1","7.2","500"
"THOMASTIK Vision ヴィジョン ヴァイオリン弦 セット VI100 1/2","959","54","","666","¥ 8,200","¥ 8,455","8","B000RW0J7U","B0B41LQPJJ","10.5","10.2","1.5","19"
"ヤマハ YAMAHA USB2.0 オーディオインターフェース 24bit/192kHz 2イン/2アウト 音楽制作 レコーディング 配信 ループバック機能 ブラック UR12MK3 B","960","70","50","24","¥ 16,500","¥ 16,515","9","B0FTLSJBQH","B0FTLRL9KM","17.5","14.5","5.7","580"
"KORG(コルグ) 定番 USB MIDIコントローラー nanoKONTROL2 WH ホワイト 音楽制作 DTM コンパクト設計で持ち運びに最適 すぐに始められるソフトウェアライセンス込み","960","68","","3301","¥ 7,731","","10","B004M8UZ3S","B0B4G84VW2","37.7","9.8","4","440"
"バンドーレン アルトサクソフォンリード ジャバ(JAVA) 硬さ:2 (10枚入)","1395","50","","1521","¥ 5,445","¥ 5,445","5","B0002D09L0","B08V5F6QVP","11.2","6.2","3.2","40"
"Roland ローランド シンセサイザー S-1 ポータブル ポリシンセ ステップシーケンサー AIRACOMPACT Tweak Synth コンパクトサイズ 作曲/簡単/ライブ/ビートメイク","970","69","","148","¥ 28,380","","4","B0C4DSPP2L","B0FLXQJFL7","25.9","16.6","8.9","580"
"ChiCarry 吸音パネル 黒 【自己粘着 30cm×30cm×厚さ1.2cm】 吸音ボード 吸音材 200kg/m³ 高密度 防音材 吸音シート 壁用 消音 吸音 防音 騒音対策 設置簡単 24枚 ブラック","884","32","","28","¥ 5,280","","1","B0GTTTVRY2","B0GTV2TK95","31.2","30.8","28.4","3130"
"D'Addario ダダリオ ヘッドストックチューナー クロマチックタイプ NS Micro Headstock Tuner フルカラーディスプレイ PW-CT-12TP 2個セットパック 【国内正規品】","978","58","","17368","¥ 5,485","¥ 6,111","3","B009LL2ZAM","B08W924JZJ","13.7","9.6","4.9","32"
"ARTURIA MIDI キーボード コントローラー KeyLab Essential 49 mk3","982","63","","64","¥ 25,799","¥ 25,824","12","B0CCJ72X95","B0DXNFFZDQ","90.2","32","12","4030"
"AUSLET 36枚 自己粘着吸音材 極厚防音材 粘着剤付き 30x30x5cm 自粘防音シート 壁 室 吸音パネル 遮音シート 防音パネル 高密度吸音スポンジ 室内装飾 消音 吸音対策 黒（ピラミッド形）","1004","43","","10","¥ 7,499","","1","B0DZXD7RGR","B0H7WRDXSM","36.8","34.1","10.6","2660"
"ChicCary 吸音材 【自己粘着 30kg/m³超高密度 36枚】吸音パネル 30*30*5cm 極厚 吸音シート 壁 ウレタンフォーム 吸音対策 室内装飾 楽器 消音 騒音 防音 吸音スポンジ 日本語説明書付き 3.24㎡ ブラック","804","29","","36","¥ 5,780","","1","B0GL8YFVB4","B0GL9HFMQP","36.5","36.3","12.6","2840"
"STENTOR (ステンター) バイオリンセット SV-120 1/16【安心の日本企業取り扱い製品】","993","52","","289","¥ 19,800","¥ 22,222","5","B008D0CHY6","B08T94ZCS5","51.5","18","10.5","860"
"ZOOM(ズーム) F2-BT/B 超小型レコーダー ブラック Bluetooth対応","1895","66","","75","¥ 13,636","¥ 13,636","9","B08MVX1KRP","B0F6MGS3CG","22","11.5","4","220"
"マイクアーム、Aokeo AK-58i デスク低型マイクブームアームスタンド、Blue Yeti、Snowball iCE、HyperX QuadCast、SoloCast、Elgato Waveなどに適合（ホワイト）","1456","67","","668","¥ 5,750","","1","B0GHTXW2B2","B0FTR86D9D","42.8","26.9","7.6","1920"
"K.E.S (ケーイーエス) フルアイソレーテッド パワーサプライ 【圧強め】無負荷時電圧 9.4V オーバー KIP-001","997","70","50","56","¥ 9,405","¥ 9,910","15","B09HMH4YF6","","15","11.6","8.4","550"
"AA AUDIO ACCESSORY Proシリーズ ギターケーブル 15フィート 金メッキ Neutrik REAN コネクター 18AWG 99.99% OFC、低キャパシタンス ストレートからストレート 1/4インチ インストゥルメントケーブル フェンダーアーニーボールモガミ用","1472","37","","31","¥ 10,885","","1","B0FS687NV2","B0F9ZVM9WT","18","18","3.9","381"
"Aokeo マイク 防音 吸音材 シールド マイク分離シールド 折り畳み ボーカル録音放送用 放送用リフレクション・フィルター 録音吸音材（スタンド付きAO-505）","1013","57","50","1050","¥ 9,990","","1","B07ZWHK1WF","B0CP3VG9NG","42.4","31.5","17.4","3620"
"Shure SM7B/SM7dB/MV7 対応 垂れ落ち防止マイクアーム・950mm 超ロングリーチ・最大耐荷重 3kg・ギアロック構造搭載 デスクマウント式サスペンションマイクスタンド Blue Yeti・Rode・HyperX 重量級マイク対応 コンデンサー・ダイナミック両用｜金属製 360° 角度調整（くの字・への字に自在調整）｜ケーブル収納・延長ロッド付き｜実況・配信・録音に最適","1015","70","50","152","¥ 7,739","","1","B0G6KKMGMC","B0GN942T7L","57.9","18","7.4","1542"
"THOMSON カラオケセット 拡声器 ワイヤレスマイク2本付き PAセット Bluetooth5.0 ワイヤスステレオ対応 家庭用 USB再生 ポータブルスピーカー 屋外 スピーチスピーカー USB-C充電式ワイヤレスマイク 小型 ホームカラオケKTV ポータブル リモコン操作簡単 ミニカラオケに楽しみ 室内/アウトドア 音楽再生","1018","63","50","48","¥ 13,999","","1","B0CVVVKBL3","","31.4","18.8","15.1","1610"
"New Bee ギターアンプ 小型 ミニアンプ BT5.1 アナログ 6.35mm 3.5mm ギターに最適 KG-10","1019","72","100","279","¥ 5,399","","1","B0G4ZLMBVK","B0GQYV3QSX","44.5","14.2","10.6","2300"
"ヤマハ YAMAHA ギターアンプ THR5","1022","64","50","413","¥ 21,782","¥ 21,782","21","B005ZLTVFY","B0FNDJT9HM","34.6","25.9","22.1","3220"
"ZOOM(ズーム) P4 Next ポッドキャストレコーダー ブラック４XLR入力","1023","80","100","91","¥ 19,080","¥ 19,080","11","B0FX364R93","B0G9172ZW8","14.7","13.4","5.2","340"
"M-AUDIO BX3BT 3.5インチ Bluetooth スタジオモニター (ペア)","1027","73","","584","¥ 16,768","¥ 16,768","4","B09V1FYVTB","B0FDVHFPHR","41.6","31.6","23.7","4470"
"オーディオテクニカ AT6900BR ハイブリッドインシュレーター スピーカースパイク インシュレーター 3層構造 6個1組 ゴールド レコードプレーヤー","1029","70","100","130","¥ 6,491","¥ 6,491","7","B0B1QCWNPW","B0FJRDHYZV","16.1","11.1","3.1","430"
"D'Addario WoodWinds ダダリオ リード アルトサックス用 RICO RJA0120-B25 [硬さ:2.0] 25枚入り(個別包装) 【国内正規品】","1051","32","","1","¥ 9,641","¥ 9,641","2","B07PWY6H1N","B09HBHYKNP","12.6","12.5","8.4","120"
"Akai Professional MPK Mini MK3 25鍵 USB MIDIキーボードコントローラー","1034","85","50","30542","¥ 13,481","¥ 13,481","7","B0886ZPWC8","B0BLMV65ZN","36.2","21.6","7.5","1182"
"キクタニ エレキギター用 ギグバック 20mm厚クッション リュックタイプ GVB-30E","1987","48","","29","¥ 5,181","¥ 5,181","5","B0B341HFNH","","110","41","8","1350"
"【Amazon.co.jp限定】Elgato Wave Mic Arm LP White 薄型デザインマイクアーム 配信/ゲーミング/レコーディング向け クランプ式固定 モニター下部からの設置に適用","1039","71","50","116","¥ 12,320","¥ 12,320","1","B0CDWSP29G","","61.6","17.3","7.2","2170"
"Ernie Ball Earthwood Rock & Blues 蛍光体 ブロンズ アコースティックギター弦 3本パック 10-52ゲージ (P03451)","668","45","","589","¥ 12,436","","7","B01K7J1G2Y","B0C1RFD9QS","13.1","12","3.1","115"
"コルグ チューナー メトロノーム TM-70F WH + チューナー用マイク CM-400 WH セット ホワイト","1040","56","","6","¥ 5,980","","1","B0FX3MTNPB","","16.2","10.1","7.8","180"
"Cubilux 3.5mm オーディオ ミキサー、4ウェイ ステレオ/モノAUX ミキサー、超低ノイズ ミニ ライン、独立音量調整","1012","72","100","210","¥ 5,390","","1","B0CJF11LNQ","","11.8","5.8","4.9","170"
"ワイヤレスインイヤーモニター MS-20 充電式 ケース付きで30時間のバッテリー寿命 2.4G IEMシステム 送信機と受信機 自動ペアリング OTG サポート スタジオ/ライブ/歌手/バンド向けのインイヤー モニタリング (受信機と送信機)","1045","57","","24","¥ 7,999","","1","B0FD9SJ3V5","B0G91BJV61","12.5","10.3","6.9","290"
"Arturia アートリア 音楽制作ソフト付属 ポータブル・オーディオインターフェイス MiniFuse 2 Champagne シャンパーニュ","1046","61","","85","¥ 17,930","","2","B0FD2233LT","B0B615CS4V","21.9","13.6","4.9","572"
"Positive Grid Spark MINI Pearl 小型ギター アンプ Bluetooth対応 スピーカー搭載 エレキギター アコギ練習用 ※Amazon限定 メーカーオリジナルピック付き","1048","52","","182","¥ 38,500","","1","B0B6ZQP441","B0CZ98PJYC","20.3","18.7","17.8","1720"
"CASIO(カシオ) 純正 サスティンペダル SP-20","1056","65","50","635","¥ 6,050","¥ 6,050","7","B000FHUS4G","","30.9","11.7","8.4","850"
"TERENCE 折り畳み 電子ピアノ 88鍵盤 タッチレスポンス鍵盤 軽量 充電可能 4ユニットスピーカー MIDI対応 ピンク V20","1056","43","","27","¥ 11,985","","1","B0GGGY32MD","B0GVNGJZ96","68.1","26.1","20.6","4420"
"VOSOCO カラオケセット 拡声器 家庭用 マイク２本 Bluetooth 5.3 PAセット カラオケマシン ポータブルスピーカー 日本語説明書","1057","59","50","28","¥ 6,999","","1","B0GWZ6TDTY","","31.1","21.5","17.6","2230"
"Donner 電子キーボード ピアノ Z型 スタンド 高さ60-85cm調節可能 スイベルキャスター付き 54/61/73/76/88键電子ピアノに対応 舞台 スタジオ 教室に適用","1055","72","50","826","¥ 11,980","¥ 11,980","2","B09G2QK6B3","B0GMHQ9ZN6","59.1","47.6","7.9","6509"
"Ibanez(アイバニーズ) MINIシリーズ トレモロ TRMINI","1069","66","","47","¥ 11,200","¥ 11,200","4","B085GHS7F8","B08ZJDM9JC","10.7","8","6.2","310"
"AKK-ART 【貼るだけ施工】 高密度PET 吸音パネル 防音ボード 4枚セット 120×60cm 賃貸対応 防撞 衝撃吸収 幼稚園 保育園 児童館 きゅうおん材 防音材 オフィス 音楽スタジオ 寝室 書斎 ホームシアター 壁用 吸音材 防音パネル 簡単DIY 施工面積2.88㎡ アイボリー (クリーム色, 4枚)","2099","62","","18","¥ 7,599","","1","B0GYVVQ6NY","B0FPT84CY3","122","61","4.5","8500"
"ボス BOSS エフェクターケース CB-BM-M GT-1000 / GX-100 / ME-90 / ME-90B 対応 耐久性 汎用性の高い外部ポケット ブラック","1074","68","","48","¥ 8,900","¥ 8,900","9","B0DT3QRK95","B0FJM73GG5","50","29","13","850"
"BOSS ボス WL-20L ギターワイヤレスシステム 自動で最適なワイヤレス接続 最大7時間の連続使用 USBで簡単充電 ケーブル・トーン・シミュレーション非搭載モデル","1076","32","","360","¥ 24,661","¥ 24,223","14","B07DPKZFRZ","B0FLXW5Z89","14.7","9.3","5.2","220"
"Donner ドラムスローン 48~58cm高さ調整 ドラムスツール 折り畳み ドラム椅子 メイプル製 ドラムスティック付き","1078","66","50","1697","¥ 5,482","¥ 5,482","1","B07RT3H1VZ","B0HD1PSZPY","40.8","30.1","16.4","2980"
"JVCケンウッド JVC 800MHz帯ハンド型ワイヤレスマイクロホン WM-P970","1081","88","50","74","¥ 26,156","","15","B001J07IKU","","29.3","12.3","8.2","450"
"ワイヤレスマイク UHF ヘッドセット＆ピンマイク Alvoxcon ハンズフリー 無線マイク 最大40m 自動ペアリング 動画撮影・録音・拡声対応 日本語説明書付 TG210（送信機1・受信機1）","1083","36","","226","¥ 7,980","","1","B085BND7Z3","","19.4","17.8","7.8","400"
"LICHIFIT For JBL Partybox Encore Essential 2/1用収納バッグ 大容量 旅行用ストカバーストレージバッグ 収納ケース 傷防止 汚れ防止 ジッパーウィンドウポケット付き (ブラック)","1604","57","","23","¥ 6,950","","2","B0FM8BF8CL","B0FM8BC2BB","39","34.5","10.5","970"
"KUN(クン) バイオリン肩当て Original(オリジナル) 3/4-1/2","1235","48","","3433","¥ 5,800","¥ 6,230","11","B000UJGAKA","B01447OZD2","17","4.1","3.8","59"
"Teenage Engineering EP-133 K.O.II 128MB サンプラー・グルーヴボックス ビートメイク","1101","72","100","42","¥ 55,000","","2","B0GJFH9V6W","B0GL4LJZ6W","25.9","25.7","2.7","739"
"Elixir エリクサー ベース弦 NANOWEB ステンレス Long Scale 5弦 Light/Medium .045-.135#14782 【国内正規品】","1292","46","","1204","¥ 7,616","¥ 7,794","6","B00VUU6JL8","B0CXY232R3","17.1","15.7","2.1","209"
"YAMAHA / AG03MK2 WHITE AT2020 PCユーザー向け 配信/DTMセット -AT2020コンデンサーマイク、3mマイクケーブル、ポップブロッカー、アームスタンド、AUXケーブル-","1110","74","50","125","¥ 41,800","","1","B09WL5FP6W","","47","35","20","200"
"オーディオテクニカ ATH-M30x プロフェッショナル モニターヘッドホン 有線 【モニター/ミキシング/密閉型/折り畳み式/ケーブル長3.0ｍ/国内正規品】ブラック","1111","81","50","12285","¥ 12,100","¥ 12,100","17","B00HVLUQW8","B0B1LMX7R3","16","15","7","780"
"BOSS ボス メトロノーム Dr. Beat DB-90 リズムトレーニング機能搭載 ドラム/楽器練習/ライブ用 ドクタービート テンポ練習 ドラム/ベーストレーニング DB90","1112","72","50","813","¥ 18,700","¥ 18,500","10","B000ATOFS4","","20.6","14.4","4.9","572"
"ONKODO モガミ 2791 XLRマイクケーブル NEUTRIK金 5m","1113","46","","62","¥ 5,250","","1","B0BMQ3L78P","B0BMQ67GSM","26.9","19.3","2.6","270"
"Fender パーツ LOCKING STRATOCASTER®/TELECASTER® TUNING MACHINES, GOLD","1117","56","","5637","¥ 17,600","","32","B00G5KMNS6","B077FN3BJR","24.4","12.9","4.2","270"
"ペーパーエントランス レコード 7インチ EP 厚紙 スリーブ ジャケット 紙 袋 保護 ケース 200枚 55086","1574","41","","70","¥ 5,890","","1","B08Z3HZ9G9","B099W7M6GL","31.6","19.2","18.6","4960"
"TAMA タマ ストレート マイクスタンド ブラック MS200BK","1128","61","","67","¥ 6,123","¥ 6,123","8","B000Y7O1NQ","B09PBG8W5F","86","9","9","2000"
"【正規品】 ERNIE BALL 6432 楽器用シールドケーブル 18フィート BRAIDED INSTRUMENT CABLE 5.49m ペイ・ダート","1145","46","","8487","¥ 5,232","¥ 5,232","1","B0CSHGMZBC","B08C2VYQ63","23.1","21.7","3.8","387"
"Shiftall 防音マイク mutalk 2 深夜にオンラインゲームのボイチャで大騒ぎしても家族に怒られない！ 高い防音性能に加え、低遅延 オンラインMTGやVRにも最適。","1149","76","50","67","¥ 19,819","¥ 19,819","2","B0DGX65FKR","","26.8","16.3","15","590"
"Shure by Gator マイクアームスタンド デスクトップ用 アーム長最大94cm 360度回転式土台 SH-BROADCAST1 [音声録音/動画配信/動画撮影/WEB会議] 【国内正規品】","1150","68","100","706","¥ 12,338","¥ 12,700","8","B0C4YGB5PP","","103.5","18.4","8.9","2608"
"オーディオテクニカ AT-AQ461P5 ダンピングアブソーバー デッドニングシート 制振吸音材 ロードノイズ タイヤハウス フロア 500mm×750mm×7mm 5枚入り","1156","59","","46","¥ 25,269","¥ 25,269","3","B09K3QNN6W","B0DGPLQFHZ","78","52.5","9","7610"
"TALOMEN ワイヤレスマイクシステム 4 つの手持ち型カラオケ無線マイク 固定周波数 160Ft ムービングコイルマイクロフォン 6.35mm レシーバー付き プレゼンテーション/教会/カラオケ/結婚式/でき事/パーティー用 K604-WSGB","1160","55","","502","¥ 8,626","","1","B0F7LKV2XX","B0FMNZJXSB","30.1","28.7","6.2","1330"
"HOLLYLAND LARK A1 Duo ワイヤレスマイク-ピンマイク iPhone/Android対応（トランスミッター×2 + Lightning・Type-Cレシーバー×1 + 充電ケース×1）200m伝送距離・超軽量8g・迅速接続（緑、充電ケース付き）","1899","35","","","¥ 9,900","","1","B0FZJL42L5","B0G5N4Y94C","10.9","9.4","6.6","210"
"Carina 電子ピアノ 88鍵盤 キーボード 充電式 コードレス 軽量スリム ピアノスタンド 椅子 他10点セット (マホガニー)","2182","30","","95","¥ 22,320","","1","B0F93J5CLT","B0B7HW34D7","126","21.5","6.5","4500"
"leep sheep 静音ドラム練習パッド 12インチ 高反発メッシュ打面 多層吸音構造 360°角度調整スタンド付き ドラムキー・スティック付 自宅練習 部活 初心者向け","2201","38","","6","¥ 5,921","","1","B0GV7QWLK7","B0GV7PWQTC","40","37","20.5","5000"
"Legere TSG3.75 Signature テナーサックスリード (3 3/4)","1173","50","","4","¥ 5,500","","6","B004I8Y39O","B0FGC9CYP8","11.5","7.1","1.2","18"
"スミヤカ カリンバ 17キー ソリッド ブラックウォールナット 猫柄 C調 収納ケース&カタカナ音階シール＆楽譜集付き 初心者セット","1524","33","50","318","¥ 5,980","","1","B0C89QQRTG","B0C89S45QQ","23.9","18.2","8.2","770"
"Eastar トランペット Bb調 Trumpet 初心者 清潔アクセサリー付 (ゴールドブラス) 開学","1176","66","50","307","¥ 17,982","¥ 17,982","1","B07JXZ6HDH","B0GVS92Y9J","55.1","24.2","19.5","2460"
"ヤマハ(YAMAHA) デジタルサックス YDS-150 E♭,B♭,C ゴールド,ブラック","1177","70","50","122","¥ 83,482","¥ 85,404","11","B08M69S77M","B0BYWRPJCS","81","20.5","18.5","3660"
"ZOOM(ズーム) H5 Studio ハンディレコーダー 録音 ASMR","1186","71","50","128","¥ 39,580","¥ 39,580","13","B0DZXF4RKR","B0F7HL5692","24.4","9.8","6.8","480"
"POGOLABワイヤレスマイクシステム送信機と受信機 デジタルワイヤレスマイク ダイナミックマイク ワイヤレスマイク ダイナミック＆コンデンサー 対応 最大45m伝送距離 充電式","1195","69","50","85","¥ 5,099","","1","B0F23H5JQT","","12.2","11.5","3.6","120"
"HERCULES GS412B PLUS ギタースタンド","1206","64","50","591","¥ 5,500","","10","B07T3R8QTJ","","74.2","17.6","11.2","2080"
"CANARE カナレ L-4E6S XLRマイクケーブル 5m ブラック","1301","22","","147","¥ 5,500","","1","B07D6P8LN1","B07D6QM36G","25.9","21.3","3.7","310"
"Sovvid ギターケーブル 10FT 2 本セット 楽器用ケーブル 1/4 インチフォンプラグ エレキギター/ベース/キーボード/アンプ用 オーディオケーブル ブルー","1210","64","","1451","¥ 5,972","","21","B092V15SZL","B0GS9NZ19Y","25.5","19.9","3.1","358"
"Donner MIDIコントローラー 16パッド USB Type-c 音楽制作 バックライト付き 日本語取扱説明書 STARRYPAD","1211","62","50","32","¥ 7,108","¥ 7,108","1","B0CVS2P5NC","B0GQGZD6PG","28.7","17.3","4.2","810"
"MAONO XLRマイク コンデンサーマイク マイクセット 単一指向性 配信用 アームスタンド/XLRケーブル付き 音響システム/アンプ/ミキサー向け 音楽製作/録音/生放送/YOUTUBE/ポッドキャストに適応(AU-PM320S)","1212","69","50","1942","¥ 7,119","","1","B088FH47ZS","","43.7","20.6","9.2","1479"
"StageSoundカラオケセット 家庭用 ワイヤレスマイク2本付き ポータブBluetoothスピーカーセット ホームパーティー/イべントに適用","1216","63","50","222","¥ 12,480","","1","B0CH8PZRR1","","25.1","22.8","21.7","2620"
"【マイバチ工房 極】極スタンダード 金達人監修 朴（ホオ） 万能型 マイバチ ２ヶ月保証付き 光沢あり (PINK)","1217","44","","260","¥ 6,980","","1","B08HL6TRH6","B08HL69966","41.4","6.4","1.6","160"
"Fender エフェクター Engager Boost","1221","60","","57","¥ 12,740","¥ 12,753","4","B07FB6S84N","B07QJZH12B","14.5","9.9","7.4","530"
"LEWITT LCT 240 PRO BLACK コンデンサーマイク 配信 ストリーマー ポッドキャスト DTM レコーディング【国内正規品】","1222","78","","20","¥ 15,629","","6","B071NXWTX9","B0F66PBW47","29.3","21","11.1","1200"
"Squier by Fender エレキギター Affinity Series™ Telecaster®, Laurel Fingerboard, White Pickguard, Lake Placid Blue ソフトケース付き","1230","54","","690","¥ 34,587","¥ 34,587","8","B091BHS5QB","B0DC14YVD9","111.8","37.5","10.2","4513"
"BOSS/KATANA-MINI KTN-MINI ボス ギターアンプ 電池駆動 ポータブルアンプ","1231","62","100","2638","¥ 13,000","","21","B072XKP8TH","","27.2","23.7","17.3","1522"
"LingTing カリンバ 34キー​​半音階親指ピアノ パープルハート​​材 収納ケース付き 初心者向けHanonkai Kalimba 雪を聴く LT-K34V","1234","57","","24","¥ 9,999","","1","B0CDB1KKBW","B0FCMYXM4Q","23.7","19.1","9.4","1430"
"Carina 電子ピアノ 88鍵盤 キーボード ハンマーアクション鍵盤 3本ペダル 木製スタンド (ベージュ）","1343","44","","450","¥ 42,210","","1","B0B67KTFTH","B0B34JDXPF","145","46","35","40000"
"ヤマハ(YAMAHA) アコースティックギター LL6 ARE オリジナルジャンボボディ仕様 トップ材にイングルマンスプルース単板を採用しA.R.E処理 エレアコとしても使用可能","1239","44","","227","¥ 48,164","¥ 48,164","17","B00IHW3WA8","B07JLHGXWL","119","59","20","6000"
"PHILIPS フィリップス Bluetooth スピーカー搭載 カラオケ用ワイヤレスマイク DLM9317C カラオケ@DAM(FireTV・Fireタブレット)推奨 Pokekara(ポケカラ)推奨マイク Bluetooth/有線接続対応","1241","70","50","110","¥ 10,800","","2","B0B6H5Q882","","24.8","12.1","7.9","450"
"YOPIN 吸音材 90×60cm 木製 吸音パネル 防音シート 防音材 壁 騒音対策 室内装飾 手軽にDIY 難燃 保温 断熱 遮音 防音パネル","1242","45","","63","¥ 21,786","","1","B0GK27ZK3S","B0GK1WZPHN","93","63","14.3","23500"
"バッカス BACCHUS BJB-1-RSM/M PTL-SOB ROASTED MAPLE エレキベース","1499","28","","87","¥ 29,700","","1","B08QJGPTK7","B08QJG71Z9","121","46","13",""
"【国内正規品】Jstaff S1 The Rolling Capo ローリングカポタスト 装着したままスライドで素早く転調·キーチェンジ可能 3段階の力調節でしっかり固定 ネックを傷つけない おしゃれ 軽量 簡単装着 上アームローラーは交換可能 エレキギター·アコースティックギター用 (レッド)","1371","45","","52","¥ 8,990","","1","B0F1Y2FH21","B0F1XYVS6Q","14.5","12.3","4.5","180"
"AZEKIL ギター 初心者セット アコースティックギター ギターセット ギター アコギギター 入門練習ギター 学生 子供 大人用 ギター 初心者 入門用 アコギ クラシックギター チューナー ソフトケース カポ ピック付属 簡易教則本付き (パープル, 38インチ)","1250","10","","57","¥ 8,400","","1","B0CZLJV895","B0D49P4JQN","98","45","10","1800"
"Shure by Gator マイクスタンド 卓上ブームタイプ 振動吸収角型ベース SH-DESKTOP2 【国内正規品】","829","58","","149","¥ 8,220","¥ 8,220","5","B0CW1Z3GN6","B0D9FXZ2LC","48.3","17.8","5.1","3425"
"ヤマハ YAMAHA カジュアル管楽器 TROVA トローヴァ YTL-110 子ども プレトランペット 最初のトランペット 軽量 お手入れ簡単","1252","73","","7","¥ 7,700","¥ 7,778","6","B0GNLQKJLK","B0H38BBS8M","39.8","9.5","9.4","340"
"JAMELO ワイヤレスマイク 金属デュアルUHF ダイナミックマイク コードレス 6.35mmオーディオケーブル付き ハンドヘルドマイク システム(UHF 60M範囲)","1261","62","50","53","¥ 11,199","","1","B0D2CT5BD6","","28.4","21.1","11.8","1540"
"Donner ドラム練習パッド トレーニング用 静音 スネアドラムスタンドキット 持ち運びドラムバックパック ドラムスティックx3組 ドラムゲルx6 (12インチ)","2317","56","50","1251","¥ 5,382","¥ 5,382","1","B07VSNBBBX","B0G6T3RDF9","36.3","34.6","17.2","4040"
"HERCULES GS422B PLUS ギタースタンド 2本用 GS422BPLUS","1261","62","","702","¥ 8,994","¥ 9,003","7","B07T6W85WJ","B0G4MRQBKK","79","14","12.7","3062"
"VINGOBOW ブラジルウッド バイオリン ボウ 4/4 フルサイズ 74.5cm エボニー カエル ナチュラル モンゴル ホワイト 馬毛 バランスのとれたスイートトーン 2個","1266","33","","116","¥ 19,171","","1","B0F21R4YH2","B0F2H9ZCWV","77.5","5.1","5.1","454"
"Sennheiser ゼンハイザー HD 25 密閉型 プロフェッショナル モニターヘッドホン 【国内正規品】 506909 ブラック 軽量 DJ定番","1269","77","50","698","¥ 23,778","¥ 23,778","2","B01AXUCA8G","B01FH58JS2","24.4","19","8.6","340"
"D'Addario ダダリオ マンドリン弦 EJ-74 x 10セット 【国内正規品】","1271","32","","3292","¥ 16,854","¥ 16,854","1","B009RIKBEG","B078YHN1CH","15.6","14.5","8.8","394"
"Rowin ギターエフェクトパワーサプライ 8独立9V DC出力 電源供給 PSE認証 LEF-329","5281","40","","26","¥ 5,480","","1","B09WXPX8HK","B0CKGY2M51","21.5","13.1","6.2","610"
"オーディオテクニカ AT-AQ442P20 サウンドプルーフィングウェーブ スピーカー用防音材 吸音 車載 スピーカー10セット入り","1275","63","","56","¥ 14,025","","1","B07XT53FV3","B0DF79TT4J","42.5","17.5","13.3","720"
"Donner カホン Cajon 打楽器 木製 フルサイズ ボックスドラム 内部ギター弦 カホンバッグ ゴム足付き ストリング 上品なバーチ 30*30*48cm DCD-1","1281","73","50","174","¥ 12,980","¥ 12,980","1","B085HHZBV4","","55","37","37","5750"
"ヤマハ YAMAHA パワードモニタースピーカー 30W MS101-4 ブラック","1283","84","100","127","¥ 19,200","¥ 21,327","12","B09SHKHSM5","B0BJ9VVR52","31.6","28.4","23.4","3040"
"【音源＆外観 強化】OYAYO 電子ピアノ 88鍵盤折りたたみ式 FP88D 充電式 MIDI対応 セミウェイテッド鍵盤 128種音色 128種リズム ペダル 専用ケース 携帯型 軽量 小型 日本語説明書（ホワイト）","1193","39","","13","¥ 17,500","","1","B0F3WV4PK5","B0F3WVMRDQ","73.4","33.6","21.1","7760"
"Arrowzoom 吸音パネル 24枚セット ピラミッド型 25×25×10cm 高密度 吸音材 防音対策 難燃性 録音スタジオ・ホームシアター用 ブラック KK1471","1799","19","","692","¥ 12,348","","1","B0GBX4YZT3","B09TKG5ZHS","33.8","32.7","21.9","2340"
"スモークマシン 500W フォグマシン RGB三色ライト 安定噴霧 遠隔/手動操作対応 過熱保護機能付き ハロウィン クリスマス 結婚式 舞台演出用 DJ パーティー","877","7","","1","¥ 5,199","","1","B0H7184VW7","B0HFNKQQCD","27","17","15","1600"
"B.AIR ビーエアー BIRD STRAP サックス用ストラップ スリム・ロング BSN-BS-S Sサイズ","1728","63","","39","¥ 9,917","¥ 9,917","6","B01E15EV5O","B0DBQW7HD2","20.4","17.1","2.4","82"
"RODE Microphones ロードマイクロフォンズ Lavalier GO ラベリアマイク AUX LAVGO","1293","72","","4421","¥ 9,645","¥ 9,645","15","B07WM65GTF","B08Q8QDR2H","24.1","19.2","2.9","50"
"3.5mm to xlrケーブル， SOUNDFAM XLRオスから3.5mmオスケーブル アンバランスマイクケーブル マイクコード カムコーダー/DSLRカメラ/パソコン録音機器用 グレー（3ft）","2283","20","","37","¥ 5,501","","3","B0BLYVG1N4","B0C3L58GHY","20.7","14.2","1.8","59"
"ヤマハ(YAMAHA) 電子キーボード PSR-E473 61鍵 タッチレスポンス 820音色 音楽制作 ライブ演奏 マイク接続","1295","74","50","66","¥ 29,700","¥ 29,700","1","B09VFK8SMJ","","106.4","49.5","21","10120"
"VOX(ヴォックス) ギター用 ヘッドホンアンプ amPlug2 AC30 小型/ケーブル不要/自宅練習/電池駆動/エフェクト内蔵/ヴィンテージサウンド AP2-AC","1296","74","","7481","¥ 7,000","","7","B00NAUHX1G","B06XCPXLS7","17.9","12.7","3.7","109"
"KATOLITE 簡易防音室 防音シート 卓上吸音ボックス 防音ボックス 仕事用 仕切り パーテーション 録音 会議 放送用 発音練習 電話営業用 テレワークリモートワーク (グレー, 60.3*60.3*60.3 cm)","1297","58","","14","¥ 10,799","","1","B0FQ5DHVBT","B0FQ5BDGT8","62.6","62.3","8.5","3100"
"BOYA BY-V2 ワイヤレスピンマイク360°全方向 無指向性マイク充電式 9.5g軽量 コンパクト自動ペア 100メートル安定受信 9時間連続駆動 プロ向け 本格的 録音 iOS端末向け iPad/iPhone11/12/13/14用 YouTube/TikTokライブ配信 生放送 Vlog 動画撮影 司会・会議・授業・説明会 録音に適応 受信機×1 送信機×2 ブラック","2194","47","","75","¥ 7,699","","2","B0DJS7X89V","B0DQTXCX83","11.7","8.2","3.7","90"
"キーボードスタンド Z型 ステージ スタジオ ライブ適用 高さ調節可能 ピアノスタンド 54/61/73/76/88键電子ピアノ対応 (Z型-ローラー付き)","1810","65","","9","¥ 7,980","","1","B0GFHBN56C","B0GFH9FVDB","57","48","11","6230"
"マイクケーブル オスメス 録音用XLRケーブル 50M 3ピンキャノンバランス接続線 延長 ブラック バネ保護 断線を防ぐ ストレージ結束バンド5本","955","46","","39","¥ 7,349","","1","B0CN311X2C","B0HC2W19PM","27.2","26.9","9.8","2750"
"BOSS ボス デュアルフットスイッチ FS-7 省スペース エフェクター/アンプコントロール","1308","72","50","994","¥ 7,565","¥ 7,565","11","B00OB7KP0S","","14.4","9.5","7.7","420"
"スズキ(Suzuki) SUZUKIスクールサウンドボックス SSB-1 効果音9種類収録のサウンドボックス 白","1310","70","","88","¥ 5,600","¥ 5,600","9","B09Y56M6RP","","17.5","16.2","7.1","400"
"チューナーメトロノーム TDM-710IV アイボリー + チューナー用マイク TM-40 セット (TM-40 ブラック)","2455","41","","19","¥ 7,920","","2","B0CXSVVHFZ","B0CXT8HZPJ","13.7","8.3","4.9","150"
"VIC FIRTH BRUSHES Wire ブラシ ドラムスティック VIC-WB","1804","45","","610","¥ 6,600","¥ 6,600","16","B0002MS7MO","B0CYC4JX8D","43","3.6","3.6","180"
"GUITTO ギタースタンド 5本収納 折りたたみ式 複数台用ギターラック アコースティック エレキ ベース対応 省スペース ディスプレイスタンド GGS-07","1320","58","50","768","¥ 5,922","","1","B08DTJLYXV","B0BZTY8D63","78","30.5","9","4030"
"バンドーレン B♭クラリネットリード ルピック56 硬さ:2-1/2 (10枚入)","1375","39","","1307","¥ 5,090","¥ 6,333","6","B0002CZSYO","B0G47Y8BBN","11.3","6.2","2.9","44"
"Freleaf 12インチ フラットギターパッチケーブル、ノイズフリー、省スペース、0.25インチTSライトアングル ギターエフェクトペダル用、12IN 4パック、ブラック","1323","47","","269","¥ 12,039","","2","B0DSCCC79H","B0FCTDL4B1","19.2","11.8","2.6","118"
"ヤマハ YAMAHA キーボードスタンド L-85 ブラック","1325","68","100","838","¥ 13,078","¥ 13,078","1","B019TGVBJO","","155.5","39","20","12060"
"Roland ローランド ダンパーペダル DP-10 ハーフダンパー対応 2.2mケーブル 電子ピアノ デジタルピアノ キーボード","1325","69","50","981","¥ 5,819","","13","B000B63CDK","","23","8.7","7.4","770"
"Roland ローランド MIDIインターフェイス UM-ONE mk2 USB接続 Windows・Mac・iPadに対応 シンプル接続 モバイル環境でも活躍","1326","72","50","2822","¥ 5,500","","9","B00967UN50","","23.8","19.5","4.3","280"
"BOSS/GX-1 Guitar Effects Processor [純正アダプター(PSA-100S2) 同時購入セット]ギターエフェクター","1215","25","","4","¥ 35,860","","2","B0GG9ZG5RM","","47","35","25",""
"COMICA Uni Pro ワイヤレスPCコンデンサーマイク 2.4G無線 48kHz/24bit RGBライト モニタリング デスクスタンド 黒","1465","25","","128","¥ 11,060","","1","B0D495NRYJ","B0H4RHGLXW","24","17","11","676"
"Yumcute 電子ピアノ 88鍵盤 折りたたみ 2つ折り電子キーボード 日本語表記 充電式 200音色内蔵 MIDI機能 サスティンペダル 収納バッグ 譜面台付き 軽量 携帯便利 初心者 子供 練習 日本語説明書付き","1328","44","50","90","¥ 10,998","","1","B0DCJXZG87","B0HF76TYYC","72.6","32","16.4","4420"
"バンドーレン アルトサクソフォンリード V21 硬さ : 4 (10枚入り)","1328","59","","449","¥ 5,180","¥ 6,187","5","B018AU0VLY","B08V5GWFT9","11.3","6.2","3.2","50"
"Legere BSG3.25 Signature バリトンサックスリード (3 1/4)","1333","57","","40","¥ 5,490","","10","B00T9VO1KG","B0D78RVDKN","11.7","7.1","1.5","18"
"Sennheiser ゼンハイザー HD 490 PRO Plus 開放型 スタジオ モニターヘッドホン ブラック 700287 有線 オープンエアー 音楽制作 ミキシング 着脱可能 軽量ケーブル バランス接続可能 国内正規品","1335","66","50","65","¥ 76,400","¥ 76,400","2","B0CVQDS3MX","B0CYC14G5V","28","23.5","10.4","1200"
"ヤマハ YAMAHA ギターアンプ GA15II ドライブ&クリーンの2チャンネル仕様 練習用に最適な小型アンプ Aux in機能を使ってセッション形式での練習が可能 ヘッドホン端子付き","1339","73","50","983","¥ 10,890","","11","B005VLLHAK","B08R3Q68VW","32.6","32.6","21.2","5510"
"Quiet-Mo 即膨らむ吸音材 50×50×5cm 極厚48枚 【音響エンジニアによる山数多め設計】両面テープ付き 高密度 25kg 黒 難燃 高反発 防音","1357","31","","32","¥ 29,520","","1","B0FQW6M4M6","B0FPRFTXWG","54","52","52","11300"
"CME H2MIDI Pro - ルーター、フィルター、マッパー、フューチャープルーフ32ビットプロセッサー、デュアルパワーモードを備えた先進のUSBホストMIDIインターフェース - ギタリストとプロデューサーのための最小サイズ、最大機能","2500","61","","501","¥ 7,999","","3","B0DQYD3L7D","B0GZN5SRBS","8.8","6.3","5.4","100"
"アマナマナ ティンシャ・プチ 浄化 ヨガ 瞑想 チベット ベル 小さい ミニ 可愛い 澄んだ音色","1433","49","50","167","¥ 7,821","","1","B07RXNHMRQ","","18.6","17","4.8","180"
"Fender フェンダー ギグバッグ FB610 ELECTRIC BASS GIG BAG,BLACK","1361","70","50","451","¥ 5,250","¥ 5,256","7","B06Y25Y2LK","","127","40.6","5.1","1089"
"Sennheiser ゼンハイザー XS 1 ダイナミック マイクロホン カーディオイド 【国内正規品】 507487","876","70","50","1324","¥ 6,800","¥ 6,800","4","B07GCHX2YS","","22.6","7.4","6.2","450"
"Bullfighter エレキギター 初心者セット 男の子、女の子、学生、大人向け えれきギター弦、ピック、ケース、ストラップ付属 ST エレキギター MS100(sunset)","1511","53","","58","¥ 10,999","","1","B0CNVWYM3R","B0DCS1H1W9","104.2","36.6","8.8","4820"
"D'Addario ダダリオ ベース弦 プロスティール Super Long Scale 5弦 .045-.130 EPS170-5SL 【国内正規品】","1434","40","","3725","¥ 5,016","¥ 5,021","4","B0009FZWMM","B074FXR8GV","16.4","15.2","2.1","170"
"ギターヘッドフォンアンプ Bluetoothミニプラグ 10つのアンプモデル チューナー付き エフェクト付き LEKATO インレイマルチエフェクトディレイリバーブコーラスオーバードライブ 充電式 エレクトリックギター用 USBエクスポート","979","67","50","465","¥ 5,780","","1","B098JWCSBL","","10.4","9","3.6","140"
"ゼンハイザ― ゼンハイザー ダイナミックマイクロホン カーディオイド/ボーカル向け e 935【国内正規品】","1376","86","50","932","¥ 23,164","¥ 23,164","7","B000N94RP2","","29","12","8","580"
"Novation/Launchkey 49 Mk4 | MIDIキーボード","1382","68","","261","¥ 35,800","","9","B0D6YXHYCX","","78.7","35.6","15.2","5579"
"ヤマハ YAMAHA USB3.1 オーディオインターフェース 32bit/192kHz 2イン/2アウト 音楽制作 レコーディング 配信 ループバック機能 URX22C","1391","73","50","24","¥ 28,600","¥ 28,889","12","B0FTLY42KJ","","23.3","20.4","10.4","1430"
"Pearl パール “ウレタン""トレーニングパッド6"" スタンド付 TP-6NU","1860","55","","27","¥ 5,801","¥ 5,801","10","B0842CF3SM","B0CXQ34VPD","48","20.2","11.2","2200"
"DJI Mic 2（トランスミッター×1 + レシーバー×1） スマートノイズキャンセリング付きワイヤレスマイク","1405","67","50","519","¥ 21,120","¥ 21,120","1","B0CFZY1M8M","","12.9","11.5","4.6","200"
"East top バルブなし クロマチックハーモニカ Gキー 12穴 48音 クロマチックマウスオルガンハーモニカ 大人用 キーオブシー 初心者・学生向け G調","1405","53","","202","¥ 6,370","","1","B0CBVFYQJH","B0FLYH25M1","19.4","7.7","4.7","330"
"SUZUKI スズキ 21穴複音ハーモニカ ハミング SU-21 Humming D#m調","1406","45","","","¥ 6,937","¥ 6,937","3","B00D10D4FO","B00SQUFZZQ","24.1","20.3","6.1","204"
"ONETONE ワントーン 電子キーボード 54鍵盤 LCDディスプレイ搭載 日本語表記 OTK-54N/BK (譜面立て/電源アダプター付き)","1884","54","","543","¥ 6,882","¥ 6,882","3","B07WPTKGQL","B08MV88K3C","87","39","15","4000"
"HOHNER Marine Band 1896/B ハーモニックマイナー マリンバンド 10ホールハーモニカ","3783","25","","","¥ 7,674","¥ 7,674","1","B071XYBLMM","B0B21JXQFG","21.6","13.2","3.9","130"
"Edifier MR4 モニタースピーカー デュアルモード切替 アンプ内蔵 ホワイト","1424","68","50","3141","¥ 14,433","","2","B09FXG9BLR","B0BYN7DNNB","44.7","33.2","18.5","5830"
"Audient audient 「iD14mkII」10in/6out USB3.0対応オーディオ・インターフェース[国内正規品]","1427","65","","1142","¥ 39,600","","13","B08SJD466P","","20.9","14.8","8.5","970"
"GRAPHT マイクアーム ロープロファイル 日本メーカー MICROPHONE ARM 【ブラック】黒 耐荷重 2kg 360度回転 角度調節可能 3/8 5/8 マイククリップ付き クランプ式 配信 レコーディング ゲーム実況 ストリーミング 下から","1429","60","50","106","¥ 6,980","","3","B0DXF9NT1W","B0DXV96DZH","39.9","19","8.1","1180"
"SNANSHI XLRケーブル 100フィート XLRマイクケーブル ナイロン編組 金メッキ バランスXLRオス-メス マイクケーブル 録音 スピーカー PAシステム ホームスタジオ用","1430","6","","234","¥ 14,116","","1","B0D69S8JX7","B0D57M73D7","30","29.6","10.2","2921"
"ヤマハ YAMAHA F-310P NAT 小物セット付き アコースティックギター","1433","76","50","375","¥ 20,878","","3","B0002H0KGK","","118","54","16","3500"
"Akai Professional EWI Solo ウインドシンセサイザー","1437","73","","424","¥ 49,800","¥ 49,800","2","B08FJ57BPN","B0GN8988TH","88","20.5","12.5","2290"
"Fender Quantum Creator bundle バンドル フェンダー","1441","53","","12","¥ 33,660","","15","B0G1PWG2R1","B0H4HP9F44","36.3","34.2","16.4","2948"
"Squier by Fender スクワイヤー エレキギター Squier Sonic™ Telecaster®, Laurel Fingerboard, Black Pickguard, Torino Red ソフトケース付き","1448","65","","486","¥ 29,800","¥ 35,556","4","B0BVGQD8KH","B0FNPM5PKP","112","37.8","9.7","4831"
"ヤマハ YAMAHA 12チャンネルミキシングコンソール オーディオインターフェイス MG12XU 高品位なデジタルエフェクト24種類を搭載 音楽制作アプリケーション付き","1449","79","","261","¥ 42,929","¥ 42,929","13","B00I0Q8IX2","B018DPJLQC","48.3","40.6","22.9","5851"
"Antelope Audio (アンテロープオーディオ) Zenith 2 USB-C オーディオインターフェース ギター、ボーカル、ストリーミング、ポッドキャスティング用 スタジオグレードのプリアンプ、エフェクト、プリセットを搭載し、簡単にプロフェッショナルなサウンドを実現","1455","49","","21","¥ 42,900","","12","B0GD1ZXQZQ","","32.9","20.1","13.2","1070"
"THOMASTIK Dominant ドミナント 4/4バイオリン弦セット(E線スチール、ボールエンド)","1457","70","","1011","¥ 10,911","¥ 10,826","25","B0026ONV18","B01DZKQX2K","10.6","10.4","1.4","30"
"sE Electronics V7 ダイナミックマイク 【スーパーカーディオイド/金属製】 ボーカル用 ハンドヘルド 国内正規品","1463","54","","3","¥ 16,700","","5","B09JC8CD83","B0H2GWWJMS","23.7","10.9","7.2","520"
"【正規輸入品】 G7TH PERFORMANCE 3 ART CAPO 6弦アコ-スティック/エレクトリック用 SILVER(シルバー) カポタスト","1464","69","","4240","¥ 7,600","","3","B07NDW6XRS","B07P3KY5H5","16.6","11","1.9","100"
"SHURE シュア WH20XLR ダイナミック型 ヘッドウォーン マイクロホン 単一指向性 XLR接続 【国内正規品/メーカー保証2年】","1472","70","50","197","¥ 12,345","¥ 12,345","15","B0001DBZNM","B01HXIIXSM","19.2","18.1","7.7","280"
"VOX(ヴォックス) コンパクト ギターアンプ Pathfinder 10 小型/自宅練習/クリーン オーバードライブ/スタンダード/10W PF10","1474","77","50","4090","¥ 12,980","¥ 14,327","20","B0000WS0RI","B01KF96NJM","41.4","30.2","19.8","5552"
"Elgato Wave XLR MK.2 - XLRマイク用USBオーディオインターフェイス＆DSPミキサー、80dBゲイン、オンボードエフェクト、LEDフィードバック、タッチミュート、Stream Deck、PC＆Mac対応","1476","73","50","12","¥ 28,980","¥ 28,980","1","B0GQS4D34B","","20.2","15.7","9.7","720"
"GIGASTNOE カラオケマイク @DAM(FireTV・Fireタブレット)推奨マイク ワイヤレスマイク カラオケ 家庭用 おうちカラオケ Bluetooth 5.0対応 microphone karaoke 最大11時間連続 2台同時使用 カラオケ/自宅/パーティー 音楽再生録音可能 Switch Bluetooth確認済 ブラック","1481","12","","112","¥ 5,480","","1","B09G66W5VT","","29","27.2","8.1","640"
"STRICH SEA-10B エレキギターアンプ コンパクト＆ポータブルワイヤレスアンプ デュアルチャンネル、クリーン/ドライブトーン、充電式エレキギターアンプ 2 x 5W 1/8 ヘッドフォン出力付きでどこでも練習可能","1484","48","","245","¥ 9,808","","22","B0CHYXCG6V","B0D9Y29YST","17.6","12.6","9.4","680"
"河合楽器製作所 KAWAI グランドピアノ ブラック 1141 本体サイズ:425×450×205 mm(脚付き・蓋閉じ状態)","1490","82","50","473","¥ 18,480","¥ 18,480","6","B01HXIQ55A","","51","45","12","3000"
"ピアノ 補助ペダル Pedal PLUS Do ペダルプラス 本体 工具不要 簡単 高さ調整 補助台は別売り (ピアノ補助ペダル セパレートタイプ)","1491","60","","39","¥ 15,556","¥ 15,556","1","B0BJ29G9S4","B0CY2MVRNY","12.9","12.5","6.4","272"
"Pearl パール トレーニングパッド スタンド付属 TPX-10CNM","1498","46","","5","¥ 13,860","","11","B0DPQFRZHV","B0DQKLXJCQ","42.9","30.6","17.5","3280"
"ダイナミックマイク COMICA EJoy D10 ゲーミングマイク USB/XLRマイク 単一指向性 PC/PS4/PS5対応","1999","48","","181","¥ 9,499","","1","B0F13CMSZF","B0HG9MW5GC","43.4","22.5","8.6","1130"
"DJコントローラーケース、DDJ-FLX4/200/400/SR2/REV1 Numark Party Mix 2/Mixtrack Platinum FX対応、15.6インチノートPC用コンパートメント付き、DJコントローラー バッグバッグストラップ付き厚手 EVAクッションパッドとショルダーストラップ (黒＋青)","1104","41","","20","¥ 6,599","","1","B0G4CX26M5","B0FSXWBFSR","38.5","29.4","15","1550"
"TERENCE 折り畳み 電子ピアノ 88鍵盤 軽量 充電バッテリー内蔵 タッチレスポンス MIDI対応 ブラック X88C","1523","41","50","27","¥ 13,980","","1","B0GWF3232B","B0H2M2GTNQ","71","28.9","18.7","5540"
"D'Addario WoodWinds ダダリオ リード Bbクラリネット用 RICO RCA2535 [硬さ:3.5] 25枚入り 【国内正規品】","1528","47","","554","¥ 6,444","¥ 6,444","3","B0002F59WW","B09HBP3F8L","17.3","7.9","2.4","90"
"Geekria ハードシェルトラベルケース Akai Professional MPC Sampleポータブル Grooveboxに対応 オーディオサンプラーキャリングバッグ (ブラック)","1534","30","","41","¥ 6,025","","2","B0GVYKR2CT","B0GWY5L7P9","34.7","26.8","7","770"
"ニコマク NikoMaku 電子ピアノ 88鍵盤 Leaf 薄型木製ボディ キーボード MIDI対応 プロ級最先端音源 800音色 600リズム内蔵 一体型スタンド 大型譜面台 ペダル イヤホン 鍵盤シール 日本語説明書付き タッチレスポンス 日本語表記 初心者 入門 自宅練習（オークベージュ）","1539","63","","45","¥ 21,500","","1","B0F9PF78RZ","B0F9P9K2HG","134","33","22","14000"
"ゼンオン けんばんハーモニカ C-32Gs GREEN ソフトケース入り","1589","47","","4","¥ 5,450","¥ 5,456","5","B0B49BLH3W","B0BSX1JX44","45.2","13.9","8.8","940"
"Novation Launchkey 49 ホワイト MK4 USB MIDI キーボードコントローラー","1547","76","","47","¥ 35,800","","8","B0F43TMNK4","B0FBRR8Z6D","78.3","32.2","13.4","4830"
"BOMGE オーディオミキサー、5チャンネルデジタルUSB Bluetoothエコーディレイエフェクト付きサウンドボードミキシングコンソール、48Vファンタム電源ステレオDJミキサー、レコーディング、ライブストリーミング、ポッドキャスティング用","1126","68","","161","¥ 5,990","","1","B0DNFCS1BD","","28.9","23","7.5","780"
"Donner エレキギター 初心者セット STタイプ コイルタップ 6点止めトレモロ ミニアンプ付き ケース· ストラップ· シールドなど付属 DST-152S サンバースト","1849","41","","87","¥ 18,871","¥ 18,871","1","B0983QYYB4","B0DWJYXGDY","113","40","10","500"
"【36枚・業界最強吸音ボード】防音材 防音 壁 吸音パネル 吸音材 壁 高密度 遮音シート 防音パネル 遮音材 防音ボード 防音シート壁 賃貸 剥がせる 騒音対策 窓楽器 部屋装飾 防音マット 取り付け簡単 ホームスタジオ 室内装飾 DIY インテリア おしゃれ 一戸建て アパート (グレー, 36枚セット(3.24㎡))","1867","51","","67","¥ 8,560","","1","B0DPGXT1CW","B0DP9RW3GW","33","30","30","5000"
"ZOOM(ズーム) H1 XLR ハンディレコーダー 32bitフロート録音","1571","75","","252","¥ 17,019","¥ 17,019","11","B0DBLF9PVF","","14.6","9.5","4.7","191"
"Photogenic フォトジェニック エレキギター 初心者入門 エントリーセット LPカスタムタイプ ホワイト LP-300C/WH [ソフトケース/シールド/アンプ/チューナー/ストラップ/ピック/ピックケース/弦/ワインダー/教則DVD/調整用レンチ付属]","8188","36","","1","¥ 29,828","¥ 29,828","2","B0C6XZ6JX9","B0FLDV8M1Z","104","56","16.5","10000"
"Akai Professional APC64 USB MIDIパッドコントローラー","1573","62","","119","¥ 39,800","¥ 39,800","14","B0CK84KNL1","B0CKZGMRLG","46.2","33.8","9","2400"
"Fender 空間系エフェクター Hammertone™ Delay ディレイ","1574","57","","55","¥ 8,804","¥ 8,952","5","B09ZYKYNY8","B0B6FD3KN4","12.5","8.2","6.4","290"
"FURUTECH フルテック FI-PA NCF (R) 3P-2P変換ACアダプタ","2987","55","","7","¥ 7,741","","8","B0F8W4721G","","5.4","5.2","3.4","30"
"ヤマハ エレキギター PACIFICA PAC112VMX YNS 純正ソフトケース付属","1577","76","","244","¥ 34,482","¥ 34,482","12","B00318GUWA","B09RQ217ZV","116","47","12.6","5260"
"XIAOKOA 拡声器 ワイヤレス拡声器 ポータブル拡声器 10W 無線拡声器 ワイヤレススピーカー 2.4G ピンマイク付き ブルートゥーススピーカー 大音量 50m遠距離伝送 小型 軽量 有線/無線マイク適用 音楽再生 拡声 ハウリング低減 ノイズ低減 ミュート機能 コンパクト 充電式 携帯便利 講演 会議 店頭販売 観光ガイド 授業 説明会 イベント適用 技適認証済","1577","47","","5","¥ 7,999","","1","B0FQC6JX8N","B0GFN5BJ3G","22.7","13","6.2","520"
"BESYOU アコースティックギター 初心者入門用セット 大人 学生用 39インチ アコギ 練習ギター 厳選バスウッド材 サンバースト色 チューナー 付き クラシック","3057","36","","78","¥ 10,888","","1","B09NRB758Z","B09V6TXQPT","103","46","11.5","3400"
"ヤマハ YAMAHA トレーニングパット 8インチ スタンド付 TS01S 口径 8 インチのラバー製トレーニングパッド トレーニングパッド専用スタンド同梱","1582","62","50","520","¥ 7,700","¥ 7,700","6","B000Y7LVQ6","B07P6JTHF6","52.2","21.3","9.2","2640"
"Umelody エレキギター初心者セット STタイプ HSS アッシュボディ ケース・弦・ストラップ付き ブラック UST-150 ブルー","2992","32","","9","¥ 10,999","","1","B0GKND8GB5","B0GV41BB1N","106.7","38.1","10.2","5897"
"Sarospan ハンドパン 22インチ 10音 440Hz｜ステンレス製 ハンドパンドラム｜職人手作り・手調律｜ソフトケース・スタンド・マレット・ステッカー・クリーニングクロス付き","1583","68","","123","¥ 89,900","","1","B0G7VKVBL5","B0DKNG88JF","59.7","59.7","35.6","8074"
"TORIBIO 吸音材 遮音シート 防音ドアカーテン 窓 防音 吸音対策 丈244 cm x 幅203 cm-厚い10mm","1593","59","","26","¥ 8,980","","1","B0FNC2MF3X","B0HF7T19TM","55.1","45.1","24.2","6830"
"xixining 簡易防音室 テレワークリモートワーク マイク 防音 卓上吸音ボックス 防音ブース 折りたたみ 防音材 防音パネル 自宅 天板付き 組み立て式 防音壁 録音吸音材 リバーブとノイズフロアを排除する 電話営業用 仕切り パーテーション 録音/会議/放送用 80x80x80cm (ブラック,60*60*60cm)","1594","31","","3","¥ 12,499","","1","B0FX23MRW9","B0FX22KCHW","100","20","20","3000"
"ヤマハ YAMAHA ポータブルPAシステム Bluetooth対応 STAGEPAS 400BT コンパクトながらハイパワー・ ライブやイベントで便利なBluetooth機能を搭載","1599","62","","77","¥ 77,800","¥ 77,800","10","B079SY4HPZ","B07C8RYFYB","67.3","54.5","39","22270"
"【国内正規品】 Blackmagic Design ライブプロダクションスイッチャー ATEM Mini Pro ISO SWATEMMINIBPRISO","1601","54","","326","¥ 80,360","¥ 80,940","8","B08F16FVCR","B08R39VK9J","27.9","14.4","11.5","1061"
"Gost Fire ギターエフェクターペダルボード Guitar Pedal Board アルミニウム合金製 超軽量 携帯式 (56x31cm,0.99KG)","1605","40","","3","¥ 6,800","","1","B08C7BFN3R","B08C7DFG5Q","58.2","33.8","5.4","1040"
"JYX ワイヤレスマイク スピーカーセット マイク二本付き 低音強化機能搭載 充電式 カラオケ、街頭スピーチ、イベントなどに適用","1609","60","50","336","¥ 22,390","","1","B0BJKDHF7J","B0H3VQWQ34","72","36","34","9730"
"KORG ピアノ用 高低自在椅子 PC-300 BR ブラウン","2083","53","","691","¥ 9,200","","5","B07JMFTKXZ","B07K4MW1L1","55.2","36.6","20.2","7900"
"Akai Professional MPD218 USB MIDIパッドコントローラー","1612","52","","5758","¥ 12,630","¥ 12,630","4","B0116X17JW","","29.6","25.4","8.2","1020"
"オーディオテクニカ サウンドバーガー 専用ハードケース AT-SBC1 BG 収納バッグ 保護ケース キャリングケース ベージュ","1614","69","50","80","¥ 5,400","¥ 5,400","2","B0DKJXQ86H","B0FZGV1M1C","42","15.4","10.3","850"
"Aucuda ドラムマット, ドラムセット 防音マット 180X120cm, オリエンタル柄 ドラム専用 アパート 練習用 ライブ 演奏 青","1910","43","","1029","¥ 7,489","","1","B09FLCHVR6","B0GY6X9LQ7","121","11","10","5000"
"NUX ニューエックス/Mighty Plug Pro MP-3 Guitar&Bass Amp Modeling Amplug ヘッドフォンアンプ","1615","72","50","277","¥ 13,662","¥ 13,800","13","B0BGNC441K","","15.9","10","4.7","210"
"CANARE GS-6 PROFESSIONAL ギターシールド SL (SWITCHCRAFT) (7m)","1617","45","","348","¥ 5,590","","2","B0105JSCJG","B0105JSCGO","22.7","22.6","2.4","400"
"MAONO USB コンデンサーマイク ゲーミングマイク PC マイクセット ノイズキャンセリング ミュートボタン 単一指向性 RGBライティング 音量コントロール プラグ＆プレイ パソコンマイク ゲーム実況 ライブ配信 ポットキャスト ストリーミング Skype Discord Zoom Windows/Mac/PS4/PS5対応 GamerWave DGM20S ブラック","1619","63","50","1364","¥ 6,159","","1","B0CHMHQ4LS","B0HD8181YX","42.1","16.3","9.6","880"
"CAHAYA アコースティックギターケース 18mm厚手クッション材 ネックピロー付 特許取得","2972","53","","620","¥ 7,987","","1","B07QG2NQTP","B08YNBMR7L","45","43.2","20.8","1660"
"ニコマク NikoMaku 電子ピアノ 88鍵盤 折り畳み式 SWAN-X 黒 ピアノと同じ鍵盤サイズ コンパクト 携帯やすい 軽量 充電型 MIDI対応 ペダル ソフトケース 鍵盤シール 練習用イヤホン付き","1611","42","","670","¥ 16,224","","1","B08XHP59FK","B0FVSW3TNH","70.6","28.4","18.6","5680"
"【専用スタンド付き】Longeye ロンアイ 電子ピアノ 88鍵盤 改良した音源 MOLD2 木製ボディ 日本語表記 MIDI端子対応 ペダル付き 380種類音色 移調、メトロノーム機能付き DREAM音源 初心者、練習にピッタリ 日本語版説明書 独自音源 (マホガニー-セット)","1630","60","","729","¥ 19,800","","1","B0CG65D6G9","B0CHY4K5C7","135.6","40.9","15.7","13200"
"MAGNA CART マグナカート 折りたたみ式 ハンドトラック MC2","1631","58","50","776","¥ 6,480","","3","B0010XS5PS","B07LB647MK","75.9","50.8","7","5443"
"EVANS エヴァンス ドラムヘッド EC2 フロステッド B18EC2S / EC2 Frosted (two-ply,7mil + 7mil) 18インチ 【国内正規品】","3131","10","","1874","¥ 5,914","¥ 5,914","1","B002NA9UTC","B00W36XIQ2","58.4","58.4","2.5","136"
"SHURE シュア BETA 58A-J ダイナミック ボーカル マイク : スーパーカーディオイド 単一指向性 XLR 有線 プロ仕様 ノイズ低減 高耐久性 歌 ライブ 収録 録音 レコーディング DTM 宅録マイクロホン マイクロフォン 【国内正規品/メーカー保証2年】","1633","67","50","93","¥ 21,900","¥ 22,400","22","B0B31LVXW9","","25.7","12.6","8.7","560"
"ヤマハ YAMAHA スタジオモニターヘッドホン HPH-MT5 ブラック","1635","65","","520","¥ 19,800","","24","B01MRE646J","B076M1M9BT","28","26.7","11.1","820"
"D'Addario WoodWinds ダダリオ リード バリトンサックス用 USDAオーガニック認証取得済 RESERVE ODLR0530 [硬さ:3.0] 5枚入り 【国内正規品】","2131","41","","19","¥ 5,950","¥ 6,382","9","B0BHWRJ39H","B0FTZF13TF","12.2","4","3","30"
"ヤマハ YAMAHA メトロノーム ピンク MP-90PK マット仕上げによる指紋が付きにくいシンプル&カラフルな定番仕様","2133","49","","1334","¥ 5,940","","3","B00KGRRCR6","B07GB3B9T5","24.9","13.9","12.9","621"
"ELEDORA エレドラ 電子ドラム 電子ドラムセット 初心者からプロまで 選べる2機種 DWT メッシュパッド【マット＆スティック＆スローン付き】 (組立有 DWT200 スネア（約27cm）)","2548","30","","1","¥ 57,800","","1","B0D2XGRDW6","B0DH21FMML","89","60","23","23500"
"ヤマハ YAMAHA ミニギター JR2 TBS","1641","53","","395","¥ 16,121","¥ 16,121","12","B0052HDTZE","B07JMYBX5L","91.8","41.2","15","2520"
"【一緒に弾ける動画あり】スリットドラム【ジブリ楽譜付き】タングドラム収納バッグ付き (ホワイト, 13インチ15音)","1651","53","","16","¥ 11,500","","1","B0GXV6NSF2","B0H7VSXFDD","39.6","39","19.6","4460"
"Donner エレキギター 初心者セット STタイプ SSHピックアップ配列 39インチ フルサイズ ポプラ材 ミニアンプ付き ブラック 専用ケースとチューナーなどアクセサリー7点セット DST-100B","2091","56","","1428","¥ 17,982","¥ 17,982","1","B07DHJ1ZMF","B0DWK5JHH6","113.7","39.4","12.7","6577"
"CUSTOM AUDIO JAPAN カスタムオーディオジャパン エフェクター用パワーサプライ DC/DC Station II (アダプター、DCケーブル付き)","1655","47","","75","¥ 14,999","¥ 14,999","3","B09M9MN7PP","","21.9","8.5","8.1","570"
"【音質アップ 折り畳み式】 Longeye 電子ピアノ 88鍵盤 FOLD PRO II 充電型 給電利用可 本格ペダルポート対応 生ピアノと同じ鍵盤サイズピアノ 本格MIDIポート対応 ペダル付属 バッテリー内蔵 練習用イヤホン 128種音色 専用ケース付き 鍵盤シール付き 携帯型 軽量 小型 日本語説明書（白色）","1665","61","","245","¥ 19,990","","1","B0CZLHJ7JX","B0D3HLY886","74.4","36","20.9","7000"
"CoolGift Mart カスタマイズライトアップギターピックホルダー、アクリルエレキギターヘッドストック型ピックホルダー、木製ベース、ギターアクセサリー ギタープレーヤー、ギタリストへのギフト。","1666","42","","87","¥ 13,381","","1","B0D4Y9K86R","B0D8PQP96P","20.5","10.5","3.5","200"
"STRICH エフェクター電源 充電式 パワーサプライ 10000mAh 大容量 ノイズレス 10出力 (9V 300mA×2 / 100mA×8) 5V USBポート搭載 ギター ベース ペダル用 独立動作 SPS-40B","1675","40","","30","¥ 5,022","","1","B0D1CRGZQ2","B0GX9Q21ZV","19.4","11.3","6.7","610"
"TORTE トルテ 電子キーボード 61鍵盤 日本語表記 300ボイス 軽量スリム設計 TSDK-61/BK 初心者向け 教本付きエントリーセット (ヘッドフォン/ピアノカバー/教則本/譜面立て/電源アダプター/マイク付き) 白鍵幅:約21mm","1676","53","","6","¥ 13,540","¥ 13,540","1","B09KH1Y7TT","B0FJR8W9DM","96","26","12.3","2500"
"Audient audient 「iD4mkII」2in/2out USB3.0対応オーディオ・インターフェース[国内正規品]","1679","77","","1437","¥ 28,850","","12","B08SBSN88X","","18.2","15.4","9.2","862"
"GHOSTFIRE ギター用マルチエフェクターケース 700 x 295 x 82+25mm, T-EC14","1698","39","","444","¥ 9,990","","1","B08LVGYW9Y","B0D8QQJ56C","73.7","35.6","15.2","3629"
"電子キーボード 61鍵盤 ミニ鍵盤 小型・軽量 初心者向け 100音色 100リズム 録音・再生 自動伴奏 和音対応 LEDディスプレイ 内蔵スピーカー マイク・ヘッドホン・ACアダプター・防塵カバー付属","1686","34","50","3","¥ 5,999","","1","B0GQXZ724K","","84.5","29.5","10.5","2130"
"ヤマハ YAMAHA フィンガードラムパッド スピーカー内蔵 充電式バッテリー FGDP-30","1687","49","","19","¥ 21,916","¥ 21,916","1","B0CHF78W5J","B0CJX7X9KV","30","24","10","1500"
"Proco プロコ RAT-2 ラット2 エフェクター 【国内正規品】","1689","71","50","2051","¥ 15,300","","18","B0002MSQVQ","","11.5","11.3","8.2","699"
"KAMINARI GUITARS ギターシールド Acoustic Cable 3m Light Blue K-AC3LS","3265","15","","25","¥ 9,910","¥ 9,910","2","B009HS9US4","","29.5","13.2","3.7","280"
"ヤマハ(YAMAHA) 電子キーボード PSR-SX600 61鍵 楽曲制作 1,373音色 自動伴奏 録音機能 ライブ演奏 マイク接続可能 アプリ連携","1693","22","","15","¥ 68,760","¥ 68,760","1","B08LB563GN","","120","35","20","8000"
"Squier by Fender スクワイヤー エレキギター Debut Collection™ Stratocaster®, Laurel Fingerboard, White Pickguard, 2-Color Sunburst ソフトケース付き","1698","72","","753","¥ 21,500","¥ 21,500","3","B0CSLNWTQ8","B0FBX8JTBT","112.5","38.4","10.2","4749"
"IKTMI 電子ピアノ 88鍵盤 ハンマーアクション鍵盤 木製スタンド一体型 ピアノ 88鍵 アップライトピアノ ダークブラウン","1700","46","","60","¥ 42,800","","1","B0CWDVLLXY","B0D31NTKKX","145","38.5","34","34750"
"AlphaTheta コンパクト 2ch DJコントローラー DDJ-FLX2","1705","69","50","477","¥ 27,500","¥ 27,780","23","B0DLCC47FG","","44.5","29.8","11","2018"
"KIMAFUN フィットネスワイヤレスマイク 2.4G無線防水ヘッドセット","1705","67","","306","¥ 8,999","","1","B07VPFBBWS","","20.8","17.2","6.2","310"
"【Amazon.co.jp限定】 オーディオテクニカ ATH-R70x GM 開放型 モニターヘッドホン 有線 ガンメタリック","1708","63","50","149","¥ 32,800","¥ 32,800","4","B0GPWPHZ6Q","B0H111KR8D","31.1","26.1","12.2","720"
"Roland ローランド マイクケーブル RMC-B50 15m XLR キャノンケーブル 配信機材 音楽制作 DTM ブラック 高耐久","1712","49","","1073","¥ 7,200","¥ 7,200","2","B07D4HLM97","B0FJM73P9M","26.5","25.8","6.6","1270"
"ヤマハ YAMAHA フットコントローラー FC7","1719","51","","77","¥ 6,980","","8","B000E61NGK","","27.6","13.9","7.3","1400"
"Donner HUSH-X エレキギターキット - フェザーライト トラベルギター 組み立て簡単 スタンド付き 旅行や練習に最適 マホガニーソリッドボディ ギグバッグ すべてのアクセサリー メタリックホワイト","2180","44","","108","¥ 115,242","","2","B0DK8RV9S7","B0DB5STQHK","91.4","18.5","12.7","4060"
"IK Multimedia iRig 2 iRigシリーズ 7.2*3.9*2.1cm 国内正規品","1727","75","50","533","¥ 5,500","","7","B00UV71Y4I","B083FZK9L1","13.8","13.5","4.9","120"
"BOSS Super OverDrive SD-1","1727","77","50","3118","¥ 11,000","","17","B0013NDBS6","B08R3YNHLM","14.9","9.4","6.4","475"
"ポータブルパッド入りキーボードケース, ブラック///ホワイト, For Full 88key-57.5""x18""x6.75"", モダン。","1622","18","","318","¥ 16,860","","1","B0CX5CK6BL","B0C98TTN1V","36.2","29.8","18.4","2180"
"Ibanez(アイバニーズ) エレキ・ベース用10W 練習用アンプ IBZ10BV2","1742","63","","77","¥ 11,800","¥ 12,100","7","B00V7OK4EK","B01MZ4FUU0","34","29","21","3400"
"POPOLO ポポロ オカリナ STANDARD(スタンダード) ソプラノC ダークブルー S-SC","3623","32","","11","¥ 7,150","","1","B003TJ8ZHE","B00CLO4JCI","20.3","14.2","5.3","204"
"STRICH キーボードスタンド Z型 ステージ スタジオ ライブ適用 高さ調節可能 ピアノスタンド 54/61/73/76/88键電子ピアノ対応 SKT-02S","1749","68","","192","¥ 7,342","","1","B0DRG11CC1","B0FHK4Z1ZK","57","47.8","10","8000"
"[Amumu] Hootenanny 2インチワイドグレー織りギターストラップイエローブルーフラワークラシックアコースティックエレクトリックギター用","1097","50","","2229","¥ 8,792","","7","B072LW75YW","B09YKQL3PR","30","15.7","1.2","181"
"TIGLON 複合共振止めインシュレーター D-REN PRO 4個1組","1753","40","","39","¥ 8,027","¥ 8,027","2","B07Y32FDX2","B07YC87GF3","21.2","12.6","2.2","80"
"ローランド Roland BRIDGE CAST/ゲーミングDACアンプ/オーディオインターフェース/配信/ゲーミングミキサー/オーディオミキサー/Mac/Windows/ブリッジキャスト/黒/Black","1754","86","50","218","¥ 37,360","","9","B0BR7JFHZ7","B0CPS2MPBS","29.2","15.4","14.2","1160"
"YOPIN 電子ピアノ 88鍵盤 折りたたみ式 充電式 MIDI対応 128種音色 スプリットモード 軽量 持ち運び便利 ペダル付き 日本語説明書","1755","44","","40","¥ 16,980","","1","B0GYWPWQ1T","B0H2PZ5CBT","71","39.3","20.1","5610"
"STRICH トランペット Bb調 真鍮製 初心者セット","1757","29","","31","¥ 18,981","","1","B0GDY1YP5M","B0H2LG24GV","55.4","24.1","16.5","2563"
"サンワサプライ ワイヤレスマイク スピーカーセット 拡声器 40W マイク2本・バッグ付属 AC/乾電池駆動 音声＋音楽同時出力対応 会議/学校/イベント MM-SPAMP21","1758","46","","","¥ 77,570","¥ 102,000","8","B0FGPCLVW4","B0FM6YPVF7","40.6","30.2","22","6500"
"ダイナミックマイク XLR/USB接続、ノイズ低減ゲーミングマイク、単一指向性、音量調節・残響調整・ミュート機能、XLRインタフェース、RGBライト付き、ヘッドホン端子・リアルタイムリスニング機能、ライブ、ゲーム解説、録音、ビジネス会議に適しています、PC パソコン PS4 PS5対応、USBケーブル（Type-Cアダプタを含む）、ブラック (マイク（アーム付き）)","1759","45","","8","¥ 6,280","","1","B0GX7GK558","B0H55S37V6","43.6","20.4","7.4","860"
"MAONO オーディオインターフェース オーディオミキサー Mixer ポータブル ポッドキャストステレオミキサー pa & ステージ機器用 ミキサー マルチエフェクタープロセッサー コンパクト 配信機材 Android/ios/Windows/mac OS対応 YouTube Tiktok Facebookなど生放送に適用 3.5mmオーディオインターフェース AU-AM200-S1","1765","67","50","130","¥ 12,749","","1","B0DF7TX85P","B0DK1W85CN","30.2","28.7","13.4","1300"
"【正規品】 ERNIE BALL 3723 エレキギター弦 (09-42) COBALT SUPER SLINKY 3Set Pack","1656","54","","2192","¥ 5,636","¥ 5,636","2","B0B8QQH7Q9","B0BLFR35JW","14.4","14","2.7","80"
"【設定記憶&最先端音源】 Longeye 電子ピアノ 88鍵盤 折りたたみ式 FOLD PRO2+ 充電式 MIDI対応 セミウェイテッド鍵盤 128種音色 ペダル 練習用イヤホン 専用ケース 鍵盤シール付き 携帯型 軽量 小型 日本語説明書（黒色）","1769","63","50","54","¥ 25,320","","1","B0F2HFFMBH","","74.3","41.6","21.4","7100"
"COMICA D10 ダイナミックマイク48kHz/24bit AIノイズキャンセル 4ゲイン 3EQ RGBライト PC PS5 デスクスタント 白","1771","9","","21","¥ 6,455","","1","B0H3F7J74X","B0H7QZH8H8","27","23","9","1130"
"XVIVE エックスバイブ ワイヤレス・ギターシステム XV-U2 #CB","2253","37","","2880","¥ 15,900","","3","B073VLVVFB","B08HRX5WVX","18.7","10.1","5.2","249"
"RODE Microphones ロードマイクロフォンズ Wireless PRO ワイヤレス プロ デュアルチャンネルワイヤレスマイクシステム WIPRO","1778","75","50","1466","¥ 48,755","¥ 48,755","21","B0CB2HGR9Q","","17.6","13.5","8.2","620"
"IK Multimedia iLoud Micro Monitor 【世界最小クラス】 リファレンススピーカー BT対応 DTM 国内正規品","1780","73","50","10","¥ 37,400","","1","B0FHB18HK1","B0H4PDRJS9","31.2","23.2","17.9","2810"
"MuGaoDee キーボードスタンド 電子ピアノ椅子【スタンド＆ベンチ・2点セット】折り畳み収納 X型 54/61/73/76/88鍵 ボード適用","1716","37","","38","¥ 5,586","","1","B0G2WY5FDC","B0H9L42T98","12.5","8.5","1.6","400"
"CANARE GS-6 PROFESSIONAL サイレントプラグ付 ギターシールド SL (REAN/NEUTRIK) 7m ブラック","1790","46","","191","¥ 5,300","","1","B07KSRGMK7","B07KSRXK66","27.4","19.2","2.7","390"
"Squier by Fender スクワイヤー エレキギター Debut Collection™ Telecaster®, Laurel Fingerboard, White Pickguard, Black ソフトケース付き","1790","83","","731","¥ 20,500","¥ 20,500","6","B0CZ17MJ8S","B0HBQ4ZFSJ","113","39","11","4500"
"ワイヤレスシステム 送受信機 プリアンプ 3.5mmと6.35mmステレオとモノラルプラグ付き エレキギター ギターに直接プラグ・イン エレキギターアンプ 2.4GHz 6チャンネル USB充電 軽量 コンパクト ステレオ放送 280°回転 黒+黒","3065","50","","696","¥ 6,680","","1","B08JG4FHWF","B08WZ7PXZM","15.7","10.3","4.5","150"
"電子ピアノ 61鍵盤 キーボード ピアノ 70デモ曲 200音色 200リズム内蔵 LCDディスプレイ搭載 初心者 持ち運び 軽量 日本語で表記 白","1801","56","","23","¥ 5,980","","1","B0H2F6Y2RK","B0H2YCS2WC","34","13","12.3","2660"
"LEKATO ギター マルチエフェクター 充電式 エクスプレッションペダル搭載 Bluetooth対応 ドラムマシン メトロノーム内蔵 エレキギター用","4942","24","","6","¥ 10,999","","1","B0H5VTVHC5","","23.5","15.2","7.8","700"
"電子ピアノ 折りたたみ式 61鍵盤 タッチレスポンス対応 ポータブルキーボード 初心者セット 専用ペダル/譜面台/耐衝撃ケース付属 Bluetooth接続 大容量バッテリー内蔵 日本語説明書付き","3433","53","","191","¥ 12,980","","1","B0DS23X39K","","54","28.5","19.5","3810"
"バンドーレン アルトサックスリード JAVA RED:2-1/2(10枚入)SR2625R","1804","65","","1293","¥ 5,140","¥ 5,140","10","B0027LWUBM","B071L8YQ3X","11.2","6","3.2","20"
"ION Audioレコードプレーヤー スピーカー内蔵 USB ヘッドホン端子 レコードの音をUSB接続でPCに録音可能 33-1/3、45、78回転対応 アイオン Max LP マホガニー","1998","56","100","6672","¥ 12,940","¥ 12,940","1","B0D7H8VLXD","B0H4VZZNNL","50.3","47.6","22.2","5300"
"KC 卓上譜面台 軽量スチール製 MS-140/BK ブラック x 20台セット (ソフトケース付)","1807","49","","458","¥ 31,360","¥ 31,360","1","B012YWWBQ2","B07GPMRDXW","45.5","32.5","31.5","17000"
"カラオケスピーカー Hoshikou Denpa 80W大出力ポータブルスピーカー 充電式のダブルワイヤレスマイク付き IPX7防水スピーカーデザイン Bluetooth5.3 Type-C充電サポート メガホン内蔵の高低音強化機能 カラオケセット家庭用 会議、祝日、ホームパーティー、キャンプ、ストリートパフォーマンス、ビーチパーティーなどに最適","1815","59","50","97","¥ 14,391","","1","B0DF2C54C3","","28","15.6","14.4","1950"
"オーディオテクニカ ATH-M50xSTS ヘッドセット XLR 有線 ブラック","1818","76","50","178","¥ 20,500","¥ 20,500","9","B0BRP7NGVP","B0CHW8BVDP","26.7","23.1","12","920"
"TAMA タマ ドラムフットペダル IRON COBRA アイアンコブラ デュオ・グライド シングル・ペダル HP600D","3426","46","","22","¥ 14,727","","3","B00SBSZ2O2","B072B8YMBY","35.4","23.8","16.7","2294"
"ヤマハ P-525 P-225対応ペダルユニット YAMAHA FC35","1822","70","50","141","¥ 7,900","¥ 7,900","2","B0CLCNPWG6","","36.2","18","11.5","2331"
"SHURE シュア ワイヤレスマイクシステム BLX24/SM58 : BLX2/SM58ハンドヘルド型ダイナミックマイク BLX4受信機 プロ 仕様 歌 歌手 ボーカル パフォーマンス ライブ イベント プレゼン 演説 カラオケ 最大6チャンネル同時使用可能 最大電波到達距離 約90m 最大14時間連続使用可能 簡単セットアップ 【国内正規品/メーカー保証2年】","1826","51","","22","¥ 47,727","¥ 47,727","13","B00D72WIBM","B0GCN5DHW3","46.5","33","11","2000"
"Eastar バイオリン 初心者セット 指板マーク スプルース材 EVA-2 (4/4)","1827","57","","102","¥ 11,322","¥ 11,322","1","B07TVHB1CB","B0GVS6HK7H","81.4","30.6","15.2","2160"
"Fender エレキアコースティックギター CD-60SCE All Mahogany, Natural ソフトケース付属 ドレッドノート","3240","57","","479","¥ 43,270","¥ 43,270","3","B07FYQP9ML","B07G26KZHQ","110.4","48.1","17.1","4445"
"ZOOM(ズーム) Am7 Androidスマホマイク USB Type-C ブラック","1843","71","50","132","¥ 11,490","¥ 11,490","8","B08P411XR5","","21.9","11.1","4.2","180"
"EVANS エヴァンス ドラムヘッド G1 クリア TT18G1 / G1 Clear (single-ply,10mil) 18インチ 【国内正規品】","3569","26","","995","¥ 5,900","¥ 5,900","2","B0002E1F9Y","B00W36TBVI","58.4","58.4","2.5","635"
"ヒーリング用音叉（128Hz、256Hz、512Hz）— チャクラヒーリングのためのボディウェイト付き音叉メディカルセット — ヨガと瞑想アクセサリー — 周波数ヒーリングデバイス音叉セット","1750","32","","2598","¥ 5,597","","1","B08ZWDPGRP","","25.3","12.3","3.2","349"
"nanomaru インシュレーター 40x10mm スパイク受け 4Kカーボンファイバー オーディオ スピーカー スパイクベース スピーカースタンド 振動防止 衝撃吸収 黒 8個セット","1850","23","","42","¥ 5,499","","1","B0CBWTJFVW","B0C1NJL9CP","8.8","8.6","2.6","200"
"【総代理店】スタイロフォン Stylophone 【日本語説明有り】 シンセサイザー レトロ 電子楽器 アナログシンセサイザー 音楽ガジェット","1851","59","","10954","¥ 6,345","","1","B000SKHSRU","","19","11.5","5.2","281"
"Roland ローランド CB-B88V2 88鍵キーボード用 キャリングバッグ 高耐久性 フリース素材の内装 大小2つのポケット 様々な88鍵キーボードに対応 シンセサイザー 黒 ブラック","1853","69","","99","¥ 17,782","¥ 17,782","5","B08ZKFG2C4","B0FJXD43TP","60","45","25","2150"
"GHOSTFIRE 超軽量 ギターエフェクター ボード ペダルボード アルミニウム合金 面ファスナー キャリングバッグ付き Vシリーズ (V-Little22(56X25cm))","3196","51","","56","¥ 6,990","","1","B0CKMX6F2Y","B0DGX4DYZL","64.4","40.3","9.7","2170"
"CHOLEI タングドラム 12インチ13音 スリットドラム タングドラム スチールドラム 金属ドラム 打楽器 楽器 演奏スチールドラム ドラムスティック付き","2302","53","","35","¥ 6,099","","1","B0D5WD3NCG","B0FT7HB5XF","32","32","18.5","3660"
"seeds カリンバ 41キー 軽量 親指ピアノ 初心者セット （3段式で 半音付き Okoume）","1869","55","50","273","¥ 13,000","","1","B0CJ6KG95P","B0DV54Y88L","25.1","18.1","8.2","940"
"2人用ワイヤレスマイク KIMAFUN2.4Gワイヤレスヘッドセットおよびラベリアラペルマイク ２人同時使用可能 外付けクリップマイク 50ｍ伝送距離 8時間連続使用 プラグ＆プレイ 拡声器に対応 授業、講演、会議、イベント、説明会","1873","54","","495","¥ 11,899","","1","B0DK59YDZ6","B0C8T4R4M2","20.7","16.5","6.1","500"
"サンワダイレクト マイクスタンド ストレートタイプ クリップ式 マイクホルダー付 折りたたみ対応 最大146cm 1個 400-SPST3","1874","35","","4","¥ 5,480","","1","B01N3TPVYX","B0F3J328SD","78.8","8.9","8.7","1460"
"Valeton GP-5 マルチエフェクト プロセッサー スナップトーン IRローダー NAM対応","1875","60","","304","¥ 12,100","","62","B0FFY8Q386","","20","10","6.6","259"
"XLRピンマイク【2本組 ケーブル長1.8M 全指向性】COMICA V02O キャノン端子コンデンサーラベリアマイク 48Vファンタム電源対応","3248","44","","1025","¥ 8,346","","1","B075F6W2VD","B0HC2R8DVJ","26.9","9.9","3.7","210"
"BOSS ボス GX-10 マルチエフェクター Guitar Effects Processor","1880","57","","42","¥ 59,950","","7","B0DKN6F591","","42.9","25.2","12.7","2950"
"パナソニック 800 MHz帯PLLワイヤレスマイクロホン WX-4100B","1881","80","50","105","¥ 30,483","","12","B000P5FXLQ","","23","6.5","6.5","170"
"DANNY LIB ティンシャベル ブラック 青銅 長い余韻 浄化用 ヨガ 瞑想 音 銅 ラマシンバル チベタンシンバル チベット密教法具","3584","13","","5","¥ 5,980","","1","B0DGF4RVR3","","9.8","9.1","4.5","290"
"Roland ローランド デジタルピアノ FP-30X 電子ピアノ 88鍵盤 ポータブル スリム スピーカー内蔵 Bluetoothオーディオ対応 BK ブラック","1885","64","","545","¥ 87,900","","9","B08SW1RCR2","B0FL5GLQD1","142.5","43.5","32","21440"
"NEXARA ピアノ 防音 マット【現役講師監修】【丸洗いOK】電子ピアノ 防音 床 振動吸収 滑り止め加工 防振 防傷【ピアノ＆椅子マットセットC】","3361","39","","","¥ 8,800","","1","B0FGQFKDW3","B0FMFPTMM3","58","43.8","12.5","2200"
"Donner トラベルギター ヘッドレスギター イヤホン付きセット マホガニーボディ ミニギター ポータブルギター 人間工学ネック 静粛性 静音 初心者 着脱可能フレーム ソフトケース チューナー付属 HUSH I","1892","50","","151","¥ 26,579","¥ 26,579","1","B0F4QQPBJJ","B0H443XV69","93","19","10.6","3100"
"【 欧米大ヒット マイクの音を簡単にアップ 】 Triton Audio FetHead (トリトンオーディオ フェットヘッド) マイク アンプ プリアンプ マイクプリアンプ ダイナミックマイク ノイズ 抑制 説明書付 正規品","1893","61","50","174","¥ 12,000","","1","B09WJ9NS94","","18.4","12.5","3","80"
"D'Addario ダダリオ ベース弦 XT コーティング弦 Long Scale 6弦 .032-.130 XTB32130 【国内正規品】","1897","52","","1074","¥ 6,471","¥ 6,471","2","B08T1YWPZK","B0DM1NLS7T","15.5","15.3","2.2","187"
"Antari FLG-5 フォグリキッド","1740","48","50","238","¥ 5,200","","7","B005JA6W26","","29.2","18.9","15.9","5370"
"AKK-STAVE 吸音パネル 吸音ボード ウッドパネル 【240×60cm/施工面積1.44㎡】 ウォールパネル 吸音シート 防音パネル 防音ボード 防音シート 楽器演奏 騒音対策 木製 木目 MDFウッド インテリア 音楽騒音 消音 塗装済み 室内内装 オフィス 賃貸 アパート マンション 一戸建て 耐久性 (4# クルミ 1枚)","3464","68","","109","¥ 7,599","","1","B0FCMGWP7F","B0F1ZTQ7GW","123","61","4.1","8280"
"ギターワイヤレスシステム エレキ 送受信機 ブラックUSB充電 ギターに直接プラグ・イン エレキアンプ 8時間連続使用可 4チャンネル","1903","58","","381","¥ 5,980","","1","B097QYBLPK","","16.8","11","5","140"
"BOSS XS-1 Poly Shifter ボス ポリシフター ピッチシフター ダウンチューニング カポ ギター ベース","1906","39","","12","¥ 29,700","","7","B0FRZYVRC8","","15","9","6","500"
"バンドーレン E♭クラリネットリード トラディショナル 硬さ:4 (10枚入り)","1907","59","","756","¥ 5,500","","7","B0002D09TC","B072BHSZQC","11.2","6.2","3","40"
"【プレミアムセレクト】【不要ピアノ引取サービス・専門業者による組立設置】KAWAI カワイ CX302 カワイ 電子ピアノ CX302 Lomiy はじめての1台に最適 88鍵盤 グランド・エモーショナル・アクション・スタンダード 象牙調白鍵【CN201 後継機種】 (ホワイトメープル調, 防音マットセット, 通常保証)","9251","19","","","¥ 132,000","","1","B0H16NX9Z2","B0H179DF7V","136","85.5","40.5","39000"
"NEEWER NW-7000 マイクブームアーム 手持ち式 0.94-2.5m長さ調整可能 3セクション伸縮","1911","62","","1310","¥ 6,999","¥ 6,999","2","B01LYT122B","B0G8133JKR","94","5.1","5.1","340"
"Fender フェンダー ベースアンプ RUMBLE 500 V3 100V JPN DS Black and Silver 500W","1912","49","","1","¥ 104,000","¥ 120,000","2","B01D5R6QHK","B07PJHX1XM","68","56","46","18640"
"ローランド ROLAND Rubix22 USB AUDIO INTERFACE オーディオインターフェイス","1913","72","","468","¥ 19,513","¥ 16,163","10","B071GTRZSS","","33.7","22.9","8.6","1400"
"ADM 電子ピアノ 61鍵 折りたたみ式 ダブルフォールド 電子キーボード 日本語表示 多電源対応 内蔵音色128 リズム128種 ブルートゥース機能 サステインペダル付 専用厚手収納ケース 譜面台付属 軽量 コンパクト 初心者 子供向け 日本語説明書付き (パープル, 61鍵)","3293","23","","53","¥ 8,990","","1","B0FMY32XPD","B0HC6MS24R","53","28","16.8","2860"
"カラオケマシン、大人向けワイヤレスマイク3本付きポータブルBluetooth 5.3スピーカー、ピッチ補正機能付き20WレトロレザーPAシステム、TV/TWS/TFカード/USB/AUX/ライブ対応（マイク3本）","1920","25","","8","¥ 14,980","","1","B0GR98K1CQ","B0H75KNFRZ","38","30","18","4160"
"【正規品】 ERNIE BALL 6404 フラット・リボン・パッチケーブル レッド ぺダルボード マルチパック","3509","58","","758","¥ 11,919","¥ 11,919","7","B09Z34Y2R7","B0BXPVLRX4","16.3","15.6","3.7","390"
"ハイパーエックス(HyperX) HyperX ハイパーエックス ProCast ラージダイアフラムコンデンサーマイクXLR接続対応 カーディオイド極性パター プロコンテンツクリエイター、ストリーマー向け メーカー2年保証 699Z0AA ブラック","1922","78","","3360","¥ 29,800","","16","B0BDPCRYN4","B0FTSQL9C3","28.9","18","12.2","940"
"ZOOM(ズーム) F3 フィールドレコーダー 録音 超小型","1925","76","50","56","¥ 34,182","¥ 34,182","8","B09QM1V2VM","B0F6MH2QJC","15.5","14.4","7.2","430"
"MACKIE マッキー 超コンパクトアナログミキサー MIX5 国内正規品","1926","73","","245","¥ 9,800","","1","B0129SXDLI","","29.1","16.5","8.6","940"
"GHOSTFIRE エレキギター用ギグバッグ Dream-Bubble シリーズ ピンク","1929","29","","18","¥ 10,990","","1","B0CMH2Z1TY","B0GZ3FQN46","115","40","15","2000"
"Hopeholic 吸音パネル 吸音材 防音シート 接着剤付き 【30cm×60cm×0.9cm/20枚 施工面積3.6㎡】 防音材 吸音シート 防音壁 吸音ボード 高密度 軽量 部屋用 設置簡単 消音 騒音 防音 窓楽器 部屋 壁 DIY 防音対策 ブラック","1930","45","","53","¥ 6,480","","1","B0F8BBQR6Z","B0HGMPCCL2","60","30","9","500"
"ヤマハ YAMAHA ギター エレアコギター APX600 OVS 演奏性を追求した薄胴ボディとカッタウェイデザイン ライブ演奏で存在感を発揮するピックアップサウンド ソフトケース付属","597","49","","215","¥ 35,236","¥ 35,236","8","B077JQHXJH","B079967PC6","115","49","12.4","2900"
"【Chocolate Plus】MIDIフットスイッチ MIDIコントローラー USB接続対応 Bluetooth接続 充電式バッテリー内蔵 ギターエフェクター/アンプ/DAW制御 コンパクト 軽量 (チョコレートブラウン)","1971","33","","","¥ 5,780","","1","B0GMBVDSGJ","B0GMBXL4NX","20","10","3","500"
"オーディオテクニカ AT628a ディスクスタビライザー レコードプレーヤー ステンレス素材 不要振動抑制 シルバー 日本製","2934","59","","21","¥ 12,000","¥ 12,000","3","B0FN3K37HZ","","9.2","8.9","1.7","480"
"Rxakudedo ステージライト LED 舞台照明 36W RGB DMX512 音声起動 自走モード リモコン付き ディスコライト パーティー DJ クラブ 演出用 スポットライト KTV","813","53","","26","¥ 9,999","","1","B0CQYKXMJS","B0H3T5QVFS","39.8","24","20.2","3090"
"JVC 800MHz帯 ワイヤレスマイクロホン WM-P980","1949","74","","25","¥ 30,249","","9","B00253QZ7W","","13","8","2","100"
"「2026年最新改良バージョン」電子ピアノスタンド 椅子 セット キーボードスタンド X型 キーボード ピアノ スタンド ベンチ 折りたたみ式 高さ調整可能 54/61/73/76/88鍵 コンパクト 収納簡単 黒セット","3728","46","","9","¥ 6,280","","1","B0GLP62V6L","","92","46","12","4500"
"Yinfente Eb Alto Saxophone 初心者、大人、サクソフォン学生、E フラットアルトサックスフルキット リード、パッドクッション、ハードキャリングケース、クリーニングクロス&ロッド、マウスピース、手袋、ネックストラップ(テナーブラック)","7028","8","","","¥ 74,000","","1","B0FW54BTGG","B0F4DX93VT","86.4","35.6","21.1","6441"
"Roland ローランド/GO:MIXER PRO-X モバイル・デバイス専用ポータブル・ミキサー","1960","97","50","351","¥ 18,675","","17","B097H2HK5B","","26.2","19.6","12.2","650"
"Hopeholic 吸音パネル 【30cm×60cm×1.2cm/20枚】 吸音材 防音シート 接着剤付き 防音材 吸音シート 防音壁 吸音ボード 高密度 軽量 部屋用 設置簡単 消音 騒音 防音 窓楽器 部屋 壁 DIY 防音対策 グレー","1970","24","","1","¥ 8,280","","1","B0H3Q1X2ZH","B0HGNHH3JC","60","30","9","4920"
"スピーカーセット JYX カラオケセット 家庭用 拡声器 ワイヤレスマイク ２本 Bluetooth 5.1 小型 PAセット 小型 カラオケマシン ポータブルスピーカー SDカード USB AUX Android 対応 ホームパーティー/会議/スピーチ/学校行事/セミナーなどに適用 日本語説明書付き (ブラック)","1973","67","50","64","¥ 6,980","","1","B0D83QVLK6","B0H2F1ZGC2","39.2","28.9","18.9","2230"
"アーキス(Archiss) マイクアーム 高さ2段階調節対応 マイクブームアーム ロープロファイル対応 固定方式(クランプ グロメット) 白 ホワイト AS-MBA02","1976","67","","6","¥ 5,320","","4","B0FBRB2X1B","B0FLNZGM7J","39.4","13.2","7.9","2200"
"FIFINE XLRダイナミックマイク 単一指向性 XLRマイク スタンド付き K669D","1981","45","","109","¥ 5,099","","1","B0C5XPZ7Q8","B0GX8YP6YJ","17.5","12.3","6.4","700"
"ゼンハイザー(Sennheiser) IE 100 PRO WIRELESS BLACK プロ用モニタリングワイヤレスイヤホン 黒 【国内正規品】 509171 ダイナミック・カナル型 ワイヤレスと有線接続の使い分けが可能","1982","69","50","733","¥ 21,000","¥ 21,484","6","B09GJN7THX","B0CWTB53T2","23.2","13.1","4.2","190"
"Donner HUSH-X PRO エレキギター スマートトラベルギター ヘッドレス 多彩なプリセット ブラック","1985","58","","284","¥ 53,820","¥ 53,820","1","B0FJRQ7S55","B0HCHF2SV5","91","18.5","12","4350"
"TAMA タマ 1st CHAIR ドラムスローン ラウンドシート HT230","1988","72","50","97","¥ 11,484","¥ 11,540","10","B07VBPCNYX","","38.2","37.8","23","4880"
"AGVEE 2m Lightning OTG MIDIケーブル USB Type-B コード iPhone iPad iOS対応 電子楽器 ピアノ Midi コントローラー Midi キーボード オーディオインターフェイス録音 ダークグレー","1995","75","","959","¥ 5,058","","4","B0B24VWL86","B0DFDCNNCK","16.8","12.1","1.7","50"
"タブレットページターナー ワイヤレス Page Turner 楽譜をめくるペダル","4776","50","50","130","¥ 6,649","","1","B0BG2815G8","","21.8","14.6","5.4","340"
"竪琴ハープ 19弦 弦楽器 木製竪琴 ウッドハープ メタルストリン 初心者向け コンパクト 金属弦 心癒し ポータブル マホガニー 操作簡単 入門楽器 チューニングレンチ&収納袋付き 成人用 子供用 (Coffee color)","4290","50","","27","¥ 7,599","","1","B0C77ZT5ZQ","B0C782CGW8","44.4","31.7","8.7","1710"
"‌アコースティックギターピックアップ 充電式マグネティック&マイク内蔵サウンドホールピックアップ 音量調節機能付き（ブラック）","2012","32","","","¥ 6,300","","1","B0GS1D3BHN","B0GS1M6G13","13","8","5","300"
"IK Multimedia TONEX One アンプ・キャビシミュレーター 【AIモデリング/超小型ペダル】 ギター DTM 国内正規品","2461","67","","36","¥ 33,000","¥ 37,778","9","B0D2K6LZ3X","B0FBM7PKY9","14.5","8.5","7.2","280"
"MARTIN アコースティックギター弦 AUTHENTIC ACOUSTIC MA550T PK3 3パックセット Medium .013-.056","1681","47","","2959","¥ 5,637","¥ 5,642","2","B07GTS1MDL","B07NZ641QY","16.8","13.3","3.3","120"
"JOYO 10Wベースアンプ 小型 ベースコンボアンプ ポータブル バッテリー駆動 デュアルチャンネル 自宅練習 (MA-10B)","2016","66","50","1767","¥ 7,199","","1","B07RXYC3YM","B0D8PRWFK5","31.4","20.9","16.3","1740"
"Rxakudedo 太鼓 たいこ 楽器 練習 牛革張り本格的な響き 音楽 パーカッション サイズ 45cm","2018","56","","33","¥ 8,199","","1","B0D7H4T7LR","B0F99RZD6N","45","45","24","3500"
"SEIKO(セイコー) メトロノーム 木目調振り子 SPM400WD","2021","61","","12","¥ 5,964","¥ 6,024","6","B0C8SW7MTY","","25.3","14.1","12.9","630"
"Leatherwood Bespoke Rosin レザーウッド ベスポーク松脂　violin Crisp（ヴァイオリン　クリスプ ）","3682","61","","94","¥ 11,220","","4","B07PYS9V3C","","18","12","2","50"
"【マイバチみなみとり】 朴 39cm 軽め 万能型 2ヶ月保証 収納袋付き (ホワイト)","2025","17","","35","¥ 6,480","","1","B0BR5PDS1V","B0BR5P5ZJG","41.7","7.3","4.2","170"
"FIFINE USBマイク コンデンサーマイク ステレオレコーディングマイク パソコン録音 ゲーム実況 ASMR ライブ配信 K690","2026","62","","301","¥ 8,399","","1","B08NXFNDVK","","21.9","17.1","17","1360"
"TASCAM(タスカム) CD-GT2 ギター練習 CDプレーヤー チューナー 小型 コンパクト ポータブル キーチェンジ スピード・テンポチェンジ ギターキャンセル","2034","76","","198","¥ 25,300","","1","B000W9GPTO","B0FJLX9Z1C","24.4","18.7","7.2","680"
"MXR M80 BASS D.I.+","2034","64","","135","¥ 28,990","¥ 35,476","46","B0011W3TEA","B083FZCYBZ","14","11","6.5","798"
"KC ギタースタンド用 カバー GS-103BSL x 25個セット","2039","47","","205","¥ 10,594","¥ 10,594","1","B013BDKUJS","B013JL5RM2","37","27","20","1500"
"リモートコントロールプロ1500Wサーモスタット霧マシンDJショー段階煙噴霧器機器煙霧機 A1500","2041","10","","3","¥ 15,500","","2","B073GBH2H2","B073TLTQK1","54","32","24.1","5375"
"BOSS OverDrive/Distortion OS-2","2047","61","","293","¥ 12,350","","17","B0013NFZHQ","","14.9","9.5","6.6","490"
"FM-1 テーブルトップシンセサイザー デスクトップ ポケットFMシンセサイザー 27キーシリコンキーボード 6種類内蔵エフェクト (オレンジ)","3080","6","","","¥ 11,800","","1","B0HF3GS27G","B0HDHYYY97","19","10.5","4.3","3"
"Novation/Launchkey Mini 25 Mk4 | MIDIキーボード","2051","78","50","253","¥ 17,200","","14","B0D6Z15H4N","","40.4","20.8","6.2","1202"
"Squier by Fender スクワイヤー エレキギター Debut Collection™ Stratocaster® HSS, Laurel Fingerboard, White Pickguard, Daphne Blue ソフトケース付き","3792","23","","306","¥ 21,500","¥ 21,500","1","B0DX2KMMTH","B0HFLRWBY5","113","38","10.5","5040"
"オースミ電機 MASSIVE モノラルパワーアンプ MA-M15A ローインピーダンス/ハイインピーダンス兼用","2063","80","","5","¥ 24,100","","6","B0BCPGTJRW","","32.4","25.3","12.7","2930"
"バッカス BACCHUS BST-2-RSM/M DLPB エレキギター","2064","60","","68","¥ 26,400","","3","B08J3SN3X9","B09MQYD2DM","121","46","13",""
"SUZUKI スズキ クロマチックハーモニカ スタンダードモデル SCX-48","2065","65","","416","¥ 20,000","","5","B00133A19S","B01BOKF4OQ","18.8","6.8","4","260"
"AHS Synthesizer V AI 重音テト","2067","50","","76","¥ 8,409","¥ 8,409","5","B0BYZ417DW","B0CY1GVP5T","19.1","13.7","1.8","120"
"NCGGY USBマイクケーブル、アップグレードXLRからUSB-Aケーブル 24bit/96KHz XLR録音ケーブル付き ポッドキャスティング録音用、PC用マイクアダプター、ラップトップ用-2M/6FT","2072","43","","","¥ 7,463","","1","B0GHD7S8DM","B0F42CN7BV","13","9","1.6","89"
"Eastar フルート カバードキー 16穴 Eメカ付き オフセット ニッケルメッキ スタンド&専門ケース 初心者セット (シルバー) 開学 プレセント","2073","63","50","1351","¥ 14,382","¥ 14,382","1","B07F739LPR","B0GVSG7WVF","42","14.3","10","1188"
"カルロジョルダーノ バイオリンセット VS-1C 1/2 あおケース","2073","70","","151","¥ 33,000","¥ 33,269","5","B00MF9XUP6","B07G1FP5X4","71","28","17","940"
"【通常別売りのペダル付き！選べるお得なセット内容】Roland GO88PX GO-88PX ローランド 電子ピアノ キーボード 88鍵盤 Bluetooth MIDI対応 軽量モデル 【GO:PIANO88 / GO88P 後継機種】セット品 (スタンドセット)","2075","43","","4","¥ 41,100","","1","B0F27XJ4Q4","B0F28YVLS6","128","27.6","8.4","10000"
"TI GEEKプレミアムチタンギターピック(ミックス2カラーセット)","2077","43","","47","¥ 10,500","","120","B0D7JZGS67","B0DDT3VHWS","11.8","8.9","1.7","41"
"AUSLET 吸音パネル 高密度200kg/m³ 軽量 室内用 壁・ドア・楽器部屋・リビング対応 設置簡単 自己粘着 インテリアになじむ吸音マット 録音・配信・楽器練習に最適 24枚セット(ウォールナットの木目)","3916","49","","49","¥ 5,999","","1","B0GGGQLD3J","B0GJ5YX4SX","30.2","27.2","22.7","2310"
"ワイヤレスピンマイク UHF Alvoxcon ヘッドセット・クリップマイク 40m 無線マイク 一人用 MIC IN スピーカー・アンプ・カメラ・スマホ対応 動画撮影 録音 日本語説明書 TG110","2084","67","","312","¥ 6,080","","1","B082ML1LP3","","19.4","17.8","7.8","410"
"BOSS ボス ダイレクトボックス DI-1 オートパワーオフ 3段階アッテネータースイッチ搭載 ステージ/スタジオ/音響現場","2085","62","","91","¥ 12,127","¥ 12,127","15","B000EMJGFO","","15.4","11.7","5.7","580"
"カラオケセット 拡声器 スピーカーセット 家庭用 ワイヤレスマイク２本 Bluetooth 5.0 カラオケマイク 小型 PAセット カラオケ マシン ポータブルスピーカー SDカード USB AUX Android 対応 ホームパーティー/会議/防災/スピーチ/学校行事/セミナーなどに適用 日本語説明書付き POWADD","2307","64","50","132","¥ 9,999","","1","B0CR9ZH3HQ","B0HDSWT91Q","31.6","25.8","16.6","1990"
"ISET ダンブル オーバードライブ ペダル アナログ ミニ シングル ギター エフェクト エレクトリック ギター ベース トゥルー バイパス用(Dumble)","2090","25","","227","¥ 11,493","","2","B0898R8Q65","B0BRDCMP9R","10.9","6.4","6","250"
"オーディオテクニカ AT-AQ770P10 アコースティックコントロールシート 車載用 ドアスピーカー用 高機能 吸音材 専門工具不要 10枚入 【日本製】","2093","43","","2","¥ 17,765","","1","B0DHKP81S2","B0DNH9FXSH","41.5","21","12.5","962"
"YAMAHA ヤマハ / HS5 モニタースピーカー（ペア）","2095","84","","341","¥ 34,300","","6","B00CDJ8GDE","B076SPMDTT","52.3","41","30","14505"
"Roland ローランド ボイストランスフォーマー VT-4 ボイスチェンジャー ボイスエフェクト ピッチコントロール ボーカル/ライブ/配信/Vtuber/ポッドキャスト 配信機材","2098","82","","1001","¥ 33,660","","19","B07JKLMDGX","","25.8","20.2","10.3","962"
"ヤマハ(YAMAHA) サイレントブラス トランペット・コルネット用 SB7J 充分な消音性 自然な音色と吹き心地","2107","71","50","62","¥ 24,510","¥ 25,023","7","B0C5MBRTT3","","21.7","11.9","11.7","460"
"BOSS KATANA:GO","2113","82","","129","¥ 18,700","","13","B0CY2682LP","","16.3","10","4.9","210"
"TomoBuddy 吸音パネル 吸音ボード 【120 x 60cm大判サイズ 自己粘着】200kg/m³高密度 防音ボード 防音シート 壁 剥がせる 賃貸対応 軽量 設置簡単 騒音対策 インテリア模様換え 楽器演奏 ホームシアター ゲーム 在宅ワーク オフィス 防音 消音 施工面積4.32㎡","2473","34","","24","¥ 9,580","","1","B0GMBHW61K","B0GMB9WGR9","120","60","7","8100"
"JBL EasySing Mic Mini Duo/小型ワイヤレスマイク/AI搭載/ピンマイク/ハンドマイク/ボーカルリムーバル機能/ 最大6時間バッテリー/JBL Oneアプリ対応/ピッチ変更/ブラック/JBLESMICMINIDUO","2118","58","50","9","¥ 27,000","¥ 27,000","1","B0H3TD27ZS","","18.7","18.1","6.3","530"
"【Amazon.co.jp限定】Elgato Wave DX - ダイナミックXLRマイク、カーディオイドパターン、ノイズ除去、ポッドキャスト、ストリーミング、配信のために発話を最適化、信号ブースターの必要なし、あらゆるインターフェースに対応、MacおよびPC対応","2124","67","","20","¥ 15,681","¥ 15,681","1","B0CDWQ1JTX","B0DSBXG3PP","19.1","15.7","9.4","820"
"Bluetoothカラオケマイク ホームKTV ワイヤレスマイクシステム 2ハンドヘルドマイク AUX TFカード/Uディスク カラオケ歌うマシン カラオケ機器 ポータブルスピーカー プロフェッショナルホームKTVセット (金)","3816","35","","102","¥ 7,580","","1","B084VG5RTK","B085N1KDV2","31.8","22.5","17.3","1620"
"電子ピアノ・キーボード用 マット 新設計3点式 防音 床保護 振動吸収 椅子足裏保護シール付き 各種メーカー対応 アレシス/アルテシア/カリーナ/カシオ/カワイ/KIMFBAY/KORG/Longeye/ニコマク/ローランド/ヤマハ 3PM-1 3PointsMat スリーポイントマット (OW オフホワイト/除菌クリーナーセット)","2140","22","","4","¥ 9,900","","1","B0B2DKVX4M","B0BHSKN15Y","52.2","18","6.6","1280"
"BOSS ボスWL-60 ギターワイヤレスシステム 大型LCD ペダル型 安定した信号伝送","2141","59","","134","¥ 32,000","¥ 35,232","16","B07T288KZS","","18.1","16.1","8.2","620"
"電子ピアノ 61鍵盤 キーボード 【日本語で表記】ピアノ 70デモ曲 200音色 200リズム内蔵 LCDディスプレイ搭載 初心者 持ち運び 軽量 2WAY給電 日本語取扱説明書 Black","2142","18","50","8","¥ 6,630","","1","B0FSX74Y3Q","B0H6HS8CDX","89","34","13","2750"
"Marantz Professional USBコンデンサーマイク 単一指向性 ゲーミング DTM DAW録音 配信用 ボーカル レコーディング マイククリップ、USBケーブル付属 pc マイク マランツプロ MPM1000U","2145","85","","1087","¥ 7,800","¥ 7,800","1","B01GHOM67W","B0HC9T7SB3","25.4","12.4","7.7","650"
"Fender シールドケーブル Hendrix Voodoo Child™ Cable, Purple","2146","54","","629","¥ 5,586","¥ 5,586","4","B07FJ9J8NZ","B07FK4WWMP","24.8","16.4","4.3","638"
"KC エフェクター/MTR用 ギグケース EFS-45","3961","52","","175","¥ 5,554","¥ 5,554","5","B001277PVC","B00B7W9MHM","68.5","53.5","8","1642"
"JBL Bandbox Solo - 練習用アンプスピーカー - ブラック","2153","8","","18","¥ 60,911","","5","B0GJQM3S9Q","","21.5","10.8","8","730"
"SEIKO セイコー メトロノーム 振り子式 スタンダード チェリーピンク SPM320C","2155","53","","878","¥ 5,456","","7","B00ASYSRQC","B07XM682H6","24.2","12.9","11.3","549"
"リフレクションフィルター 【サウンドエンジニア山名氏監修】 マイク 防音 吸音材 シールド 吸音研究所 (三つ折り（28cm×11.7cm×3枚）)","2161","63","","163","¥ 5,980","","1","B09CV3XR3F","","29.4","19","17.7","860"
"ZeaLSound USBマイクセット、PCマイク、ノイズキャンセリング コンデンサーマイク タッチミュート、エコー、モニタリング、会議用 ゲーム 実況 タブレット RGBライト録音用*Phone、Pad、PC、ポッドキャスト、ストリーミング、Twitch、YouTube、PS4/5、Mac K66PROセット","2163","41","","76","¥ 5,999","","1","B0FVFDPHBC","B0G1YG7S8P","42.4","18.7","7.9","970"
"【BIOSONICS社正規品】 DNAチューナー 音叉 528ヘルツ バイオソニックス社製品 DNA Tuner 青","2584","50","","107","¥ 7,371","","8","B07514C2HR","","19.4","7.8","3.2","70"
"Shure シュア オーディオインターフェース MVX2U（第二世代）ヘッドホン出力付きXLR-USB変換アダプター USB-C Mfi認証 iPhone iPad Mac Windows iOS Android DSP オートレベルモード リアルタイムデノイザー 60dBゲイン 48Vファンタム電源【国内正規品/メーカー2年保証】","2164","74","50","62","¥ 21,900","¥ 22,000","9","B0GK2HV2XZ","B0GQXS2L2J","16.2","15.4","4.4","220"
"Solid State Logic (SSL) ソリッド・ステート・ロジック/SSL2 MkⅡ オーディオインターフェース","2171","71","50","74","¥ 38,940","","18","B0DJR86266","","28.1","19.9","10.4","1210"
"【総代理店】スタイロフォン ビート 【日本語説明書付き】 Stylophone Beat 電子ドラム ポータブルドラム コンパクト 電子楽器 ドラムマシン ドラムキット 低音サウンド リズムマシン ビートメーカー ドラムループマシン","2180","50","","1508","¥ 7,680","","1","B0C5XZ7GL3","","21.8","14.3","4.7","410"
"YAMAHA / AG03MK2 WHITE AT2020 iPhoneユーザー向け 配信/DTMセット -AT2020コンデンサーマイク、3mマイクケーブル、ポップブロッカー、アームスタンド、AUXケーブル、USB2ポートACアダプタ、USBケーブル(C-A)-","2183","63","50","41","¥ 42,800","","1","B09WL44BK1","","47","35","20",""
"VIC FIRTH ヴィックファース スティック VIC-SD6","1837","56","","55","¥ 6,270","","15","B0002F4SZG","B0CYC32YDF","47","10.5","3.5","140"
"GENELEC 8010ARw リファレンス・モニタースピーカー RAWフィニッシュ (1本) 北欧 フィンランド製 5年保証","4069","39","","","¥ 39,600","","2","B0D2JHRXPD","B0CQ7SXFTH","32","16","15",""
"M-AUDIO Oxygen Pro Mini 32 USB MIDIキーボードコントローラー","2192","65","","2909","¥ 12,900","¥ 12,900","4","B08MVB76SY","B0H2JFXGRP","46","25.3","10.2","1660"
"NearStream AM25X コンデンサーマイク USB PCマイク XLR 超単一指向性 録音用・会議用・配信用 ノイズキャンセリング ワンタッチミュート ダイレクトモニタリング 音量調整可能 40cm収音距離 PS5/PS4/Windows/Mac対応 YouTube/TikTok Zoom/Teams LINE 卓上スタンド/フォームウインドスクリーン付き ブラック","2193","55","","21","¥ 9,360","","1","B0GK5D3CS8","B0H3V3L9YV","24.1","14.3","11.3","890"
"HERCULES パーカッションテーブル DS800B","4144","36","","145","¥ 10,100","¥ 10,100","6","B00724ZPRU","","61","48.3","12.7","5897"
"Focusrite フォーカスライト オーディオインターフェース 2イン/2アウト 24bit/192kHz Scarlett Solo (3rd Gen) 【国内正規品】","2200","77","","28864","¥ 19,580","","8","B07QR6Z1JB","","17.6","14.4","5.9","500"
"PROMARK プロマーク ドラムスティック FIREGRAIN Classic 5A 2ペアセット TX5AW-FG-2P (406 x 14.0mm) 【国内正規品】","2570","62","","2","¥ 5,281","¥ 5,281","1","B086DW7R63","B086RGBZN8","41","6","1.5","200"
"Donner 電子ドラム セット 折りたたみ メッシュ 450種サウンド デモ50曲 MIDI機能 10インチスネア 12インチシンバル キックドラム ドラムスローン ヘッドホン スティック オーディオケーブル付 中級向け 自宅練習 日本語説明書 DED-200 MAX (5ドラム3シンバル)","2202","63","","46","¥ 66,980","¥ 66,980","1","B0CTY6HCQ7","B0GTMBZ1PC","89","61","29","28000"
"ZOOM(ズーム)R4 4トラック録音 MTR 32bitフロート対応","3544","69","50","41","¥ 17,990","¥ 17,990","13","B0CHR96YRC","B0DQKVGV6Y","19.8","9.9","4.3","270"
"TERENCE 電子ピアノ 88鍵盤 折り畳み タッチレスポンス鍵盤 5Wデュアルスピーカー MIDI対応 キーボード ピアノ 充電可能 ペタル付き コンパクト 携帯便利 練習にピッタリ 日本語取扱説明書付き V30 ホワイト","5714","35","","79","¥ 19,800","","1","B0DJXP2J8R","B0GJ5LKSGX","70","30","20","6000"
"Vangoa 26インチテナーウクレレキット、マホガニースターターウケ初心者用、レッド","2716","17","","2","¥ 15,699","","1","B0D9S6PYWL","B0D2WKWNH3","70","27","10","1497"
"ニューエックス NUX サックス用ワイヤレスシステム 2.4Ghz 最大20mまで伝送可能 オートペアリング ソプラノ/アルト/テナーサックスに対応する切り替え可能な3種類のEQ USB Type-C充電式 充電ケース付属 B-6","2217","36","","159","¥ 28,600","","3","B09L1D1C8D","","15.3","11.7","6.1","472"
"パーランクー エイサー太鼓 バチ付き 沖縄 演舞 15cm 2個セット ふつうバチ","2749","15","","","¥ 7,302","","1","B0GMHBJM64","B0GL86BRYY","30","20","10","900"
"D'Addario ダダリオ アコースティックギター弦 XT コーティング弦 フォスファーブロンズ Medium .013-.056 XTAPB1356-3P 3set入りパック 【国内正規品】","3974","67","","965","¥ 5,848","¥ 5,848","2","B08T174JPB","B095SNGBW9","11.9","11.4","2.1","100"
"Quiet-Mo 吸音材 広範囲に貼れる大判 60cm×60cm 厚さ9mm (6枚 ブラック) 吸音ボード 吸音パネル　防音シート 吸音","3679","36","","113","¥ 5,220","","1","B0BWK36MG3","B0BWK3BMMV","62","62","7","5000"
"TAMA タマ ドラムセット用消音パッドセット 10"",12"",14"",16"",22""BD,HI-HAT,CYMx2 SPP522KC","4016","45","","54","¥ 8,181","¥ 8,181","3","B00LAV3NJI","B07KMFF8BX","59","59","5","3000"
"USB コンデンサーマイク ゲーミングマイク PC マイク RGBライティング タッチ式ミュート ストリーミング ポッドキャスト ノイズ低減 単一指向性 録音 ポップフィルター マイクスタンド付きプラグ＆プレイ ゲーム実況 ライブ配信 在宅勤務 Windows/Mac/PS4/PS5対応 (ピンク(スタンド付き))","2571","6","","","¥ 5,980","","1","B0H393ZR6H","B0DR25SHWV","43","16.5","8","850"
"サンメカトロニクス 隣室集音マイク 録音機能付 コンクリートマイク MW-55 【壁 メモリ内蔵 充電式 ピンタイプ オールインワンタイプ 高感度 クリア集音】","2235","56","","7","¥ 38,800","","6","B07CCZ2LMG","B083TK2PK7","19.4","13.1","4.8","340"
"AKG モニターヘッドホン K371-Y3 密閉型 スタジオヘッドホン ヒビノ扱い 3年保証モデル","2237","61","","237","¥ 19,998","","3","B07YFHFLZP","","28.2","23.8","11.4","800"
"Pioneer DJ 4インチ 2wayアクティブモニタースピーカー DM-40D-W (White)","3975","40","","202","¥ 20,900","¥ 20,900","5","B0B24ZHC2C","B0FZ6963Y6","39.9","35.7","28.2","6520"
"BOSS/DC-2W Dimension C MADE IN JAPAN 技 Waza Craft 日本製","2678","52","","38","¥ 25,800","","11","B07J1K1SV6","","15.2","9.6","6.8","570"
"XTUGA A140 の無線マイクロフォン システム、4 つのチャネル UHF の金属の造り、教会/カラオケ/結婚式/でき事のための長期 300ft の手持ち型のマイクロフォンのカラオケ機械","2255","52","","47","¥ 19,999","","1","B0BKG4C3RY","B0FMNWLJ27","52","31","13","3300"
"Elgato Wave XLR Dock MK.2 - Stream Deck +用オーディオインターフェースアクセサリー、80dBゲイン、ファンタム電源、Clipguard 2.0、DSPエフェクト、USB-C、あらゆるXLRマイクに対応","2257","67","","","¥ 22,979","¥ 22,979","1","B0GQRP1BWC","","17.7","15.7","9.7","370"
"Talomen モニター ヘッドホン 有線 オーバーイヤー ヘッドホン 有線 50mm径ドライバー搭載 低音強化 密閉型 遮音 折りたたみ 可能 3m着脱ケーブル付属 3.5mm/6.35mmプラグ付き レコーディング 楽器練習 ミキシング DJ ゲーム ゲーミング ブラック W50X","4027","58","","366","¥ 5,378","","1","B0DPX6F9YW","","22.1","16.4","10.2","540"
"SUZUKI スズキ 鍵盤ハーモニカ メロディオン アルト 37鍵 M-37C 日本製 美しい響きの金属カバーモデル 軽量ソフトケース","2266","57","","696","¥ 6,218","¥ 6,218","4","B000XYFBMK","B06XHVH3DL","54.5","19","9","1400"
"GATOR Frameworks ゲーターフレームワークス ギタースタンド 10本立て ROK-IT RI-GTR-RACK10 【国内正規品】","3969","23","","5875","¥ 9,702","¥ 13,333","4","B0F7ZCMB31","B0C7YVMBH9","110.5","14","11.4","4536"
"【国内正規輸入品】Digitech デジテック DROP ドロップ ピッチシフター","2270","47","","1728","¥ 29,000","","6","B00LXMN740","B08HLZV5JM","12.5","11.1","9.3","599"
"Edifier MR3 ブックシェルフスピーカー Bluetooth 5.4 ハイレゾ 36W モニタースピーカー ルーム補正 TRSバランス/RCA/AUX入力 3.5mm/ヘッドホン端子出力 52Hz-40kHz スタジオ/作曲/音楽/映画鑑賞用 専用アプリ 白","2272","15","50","300","¥ 14,980","","1","B0DL8W72SC","B0HC3QFJFH","41.2","31","17.9","5110"
"KC(ケーシー) エレキギター用 セミハードケース SHE-120/WR ワインレッド","2274","56","","201","¥ 12,200","¥ 12,200","2","B00O5P5QI2","B01BWJNVT4","108","43","15","3500"
"CAIG G100L-2DB DeoxIT GOLD 接点復活剤","2277","26","","186","¥ 6,930","","11","B0015A7CYG","","12.2","9.3","3.5","41"
"【電子ピアノセット】OYAYO 88鍵盤 電子ピアノ スタンド付き MIDI対応 コンパクト 軽量 タッチセンシティブ鍵盤 充電型 初心者 練習用 スタンド、ソフトバッグ、ペダル、日本語説明書付き (KP88SXホワイト)","2285","37","","14","¥ 14,060","","1","B0F3X5K743","B0F3X1LLR9","128","26.5","12","6810"
"Hotone Ampero II Press エクスプレッション&スイッチングペダル","1932","55","","80","¥ 16,280","","47","B0CQN1JYYK","B0FD88GQJC","20","10.7","7.9","570"
"RVONE RST-150 39インチ 初心者向けエレキギターキット アンプ＆HSSピックアップ付き | 初心者向けの完全なスターターセット 必需品付き | ギグバッグ、予備の弦、デジタルチューナー、カポ、ストラップ（レッド、右利き）","5029","9","","3","¥ 14,999","","1","B0H11W72GM","B0H5QNBNJC","110","40","10","6090"
"Tilcare ボイスダンパー - 歌手用防音マスク ストレス解消 - ボーカルウォームアップ用スクリームマスク 感覚的 取り外し可能な調節可能なストラップ","2287","54","","257","¥ 6,399","","1","B0BMKSYNK2","","16","9.5","9.4","249"
"Baoblaze エレクトリックギター ピックアップ アルニコ5 Strat ST SQギター用 アクセサリー","3970","15","","20","¥ 5,067","","1","B0799MH6CK","","8.4","7","3.2","180"
"OYAYO ロールピアノ 61鍵盤 ロールアップピアノ USB充電式 MIDI対応 持ち運び可能 128音色 128リズム 14デモ曲 初心者 子供 日本語説明書付き (RD61)","2291","54","","5","¥ 5,998","","1","B0F3X6R7PQ","B0FD3Q22NQ","28.2","23.3","9.5","1250"
"THOMASTIK Dominant ドミナントビオラ弦セット","2294","52","","278","¥ 18,300","¥ 18,329","19","B0002F6Y7G","B07G15Y1VM","10.5","10.3","1.4","20"
"RODE Microphones ロードマイクロフォンズ NT-USB Mini USBマイク NTUSBMINI","2295","78","","5387","¥ 15,755","¥ 15,755","14","B084P1CXFD","B0D8Z32FQC","17.4","12.8","10.6","889"
"KC 卓上マイクスタンド MDS-1500/BK ブラック x 12本セット (マイクホルダー付)","2738","37","","1152","¥ 21,759","¥ 21,759","1","B012YWW090","B01KLIG0AY","60","24.5","22.5","16000"
"Xvive エックスバイブ A24 Guitar Wireless System XV-A24 Rosewood ギター用ワイヤレスシステム ローズウッド","2621","48","","11","¥ 19,800","","16","B0G921DM23","B0GK9B16W8","19.7","10.7","5.4","260"
"Akai Professional LPK25 25鍵 USB MIDIキーボードコントローラー","2300","72","50","1088","¥ 6,481","¥ 6,481","5","B0BF9PCGM8","B0F2HJLV53","48.7","14.9","4.9","700"
"UNIVERSAL AUDIO Volt 476 USB Audio Interface VOLTシリーズ 国内正規品","2311","57","","12","¥ 53,333","","6","B09HT3ZZFM","B09HXL4R9Y","27.4","18.1","13.9","1560"
"PAMPET プラスチック トランペット Bb調 スターターセット ABS樹脂製 初心者 学生 指導用 (ブラック)","2312","74","","11","¥ 14,025","","1","B0D6V756HX","B0D6V752NL","53.3","17.8","11.4","794"
"GENELEC ジェネレック G One ホームオーディオ用 アクティブスピーカー RAWフィニッシュ (2本・ペア) 北欧 フィンランド製 5年保証","1939","49","","27","¥ 79,200","","1","B0D2P3PTN1","B07C5QRHZG","54.3","35.2","30.9","4830"
"ヤマハ YAMAHA パワードスタジオモニタースピーカー ペア コンパクト ブラック HS3","2319","71","","64","¥ 30,000","¥ 30,000","19","B0CNC3C3WG","","34","31.5","28","6230"
"ヤマハ YAMAHA ギタレレ パーシモンブラウン GL1 PB","2689","61","","1103","¥ 10,747","¥ 10,747","8","B00AC0OBX0","B08DNW3R5C","73","30.6","10.2","1540"
"Positive Grid Spark Control X ギター用 Bluetooth ワイヤレスフットスイッチ Sparkアプリ連携 コンパクト設計 長時間 バッテリー","2320","41","","17","¥ 25,300","","1","B0D4DC6PJR","B0D83BS3B1","21.5","10.8","9.7","680"
"Marshall ギターアンプコンボ 20W DSL20C","2327","47","","14","¥ 87,800","¥ 87,800","4","B079Y447DZ","B07BKDNF8C","59","58","34","19000"
"SmallRig S60 ワイヤレス ラベリア マイク iPhone用 Android用 USB C付き 44時間バッテリー付き ミニマイク ノイズ低減 ミュート ゲイン クリップオンラペルマイク ピンマイク ビデオ録画 Vlog インタビュー ストリーミング youtube用 4934","2328","12","","9","¥ 7,895","","1","B0DNHRLL8N","","12.8","10.8","7.2","300"
"オーディオテクニカ PRO35 コンデンサーマイク XLR 金管楽器用/サックス/トランペット/楽器用マイクホルダー付属/バックエレクトレット/単一指向性 / 145dBの高耐入力 / ローカットスイッチ/ウインドスクリーン付属/ファントム電源対応 / 【国内正規品】 ブラック","2331","72","50","117","¥ 13,155","¥ 13,155","8","B001TOYV4M","B09282KL5R","24.4","13.1","7.4","322"
"[リズキズ] 電子キーボード 【61鍵盤】 ＆ キーボードスタンド 350種類の楽器音色 リズム 61種類のキーボードパーカッション マイク付 LCDディスプレイ 自動伴奏 録音 レコーディング ピアノ 練習 趣味","2332","9","","10","¥ 9,432","","1","B09CYLPRZY","B09D347YGR","89","38","24","5000"
"WUQIMUSC プロフェッショナル Eb Alto Saxophone - 完全初心者サクソフォンキット キャリーケース、マウスピース、ストラップ、リード、クリーニングキット付き - 学生&大人に最適 (ブルー ﻿)","2665","33","","168","¥ 38,000","","2","B0FXRDW185","B0DJ33K6M9","63.5","28.4","15.2","3175"
"【24枚セット・剥がせる吸音材】インテリアデザイナー推薦★3M両面テープ付き 繰り返し使用可能 ★吸音パネル 高密度 吸音ボード 防音パネル 吸音対策 防音シート 室内装飾 吸音スポンジ 楽器 消音 騒音防止 30cm×30cm 手軽にDIY 難燃 防湿 保温 防音マット 軽量 低反発 部屋 簡単 インテリア 静音 壁 ドア 窓 湿気防止 (グレー, 2パック(24枚))","2338","44","","19","¥ 5,382","","1","B0DYNVL2S7","B0DYNSLF9Y","60","30","11","3550"
"BOSS ギターアンプ KATANA-MINI ACアダプター シールド 付 セット","2327","29","","","¥ 16,800","","2","B0H4FNZ6KY","","37","30","30","1200"
"Legere BBES4.00 European Cut B♭クラリネットリード (4)","2341","55","","69","¥ 5,450","","8","B01C04NPKK","B0F9P2DYS1","11.7","7.2","1.4","18"
"MEINL Percussion マイネル カホン Jam Cajon JC50AB 【国内正規品】","4236","54","","266","¥ 14,667","¥ 14,667","2","B079974KLB","B07GPKMY1Q","44","31.5","31.5","3420"
"Donner MIDIキーボード 25鍵 USBコントローラー ミニ鍵盤 コンパクト ベロシティ対応 音楽制作 日本語取扱説明書 ブラック N-25","2346","65","","39","¥ 5,491","¥ 5,491","1","B0CQTGXKNP","B0G2RXSVW7","38.3","13","5.2","580"
"KC マイクスタンド ブーム&ストレート兼用 MBCS-02/WH ホワイト x 6本セット","2355","45","","179","¥ 26,654","¥ 26,654","1","B07PXFTCKR","B07Q52KZZ7","101","30.5","20.5","15000"
"LARSEN STRINGS (ラーセン ストリングス) 弦 Viola (ヴィオラ) 用 G線","2361","44","","1","¥ 6,600","","3","B012C4GB36","B07P3KXGTG","1","1","1","1000"
"Akai Professional MPC Live III Retro ポータブル 音楽制作センター","4353","15","","8","¥ 268,000","¥ 268,000","3","B0GYQ1V5CX","","58.4","33","17.8","5534"
"GOTOH ギター用ペグ、マグナムロック、3+3、ニッケル(20322NYX) SD90-MG-SL-3+3-N","4464","12","","15","¥ 7,180","¥ 7,187","6","B01LXKMMNN","B078HT18DP","15","5.5","4","203"
"ローランド USBオーディオ・インターフェース Rubix24","2364","83","","318","¥ 25,035","¥ 20,736","10","B071GYB7DT","","27.5","22.6","8.6","1650"
"BOSS/DD-8 デジタルディレイ ボス","2366","68","","624","¥ 23,100","","13","B07YDG7RLC","","14.9","9.6","6.6","540"
"【マイバチみなみとり】 米ヒバ 39cm 軽め 万能型 2ヶ月保証 収納袋付き (オレンジ)","2667","53","","49","¥ 5,480","","1","B0BMKYYVKY","B0BML18Z3M","41.8","7.2","4.2","190"
"【国内正規品】beyerdynamic DT 770 PRO (80Ω) モニターヘッドホン 密閉型 オーバーイヤー スタジオ定番 高遮音 ベロアパッド 長時間モニター 音漏れ低減 クリア定位 DTM 録音 ミキシング 編集 ゲーム【メーカー2年保証】","4405","32","","9","¥ 31,790","","3","B0CFLHXS32","","23.1","22.2","11.7","510"
"MAONO USB Type-C-ピンマイク-ワイヤレスマイク-9g超軽量-48Khz/24Bit-Maono Link APP-ノイズキャンセリング-30時間録音-300m転送距離-パソコン/iPhone17/16/Android用 YouTube/Vlog撮影/ストリーミング用-Wave T5（2TX+1RX+充電ケース）","2380","33","","14","¥ 9,599","","1","B0FKGSN4H1","B0H2TQP76V","10.9","8.5","8.2","310"
"[FT-CABLE] スピーカー ケーブル 【 断線しにくい スピーカーケーブル 】スピコン【 パッシブPAスピーカー パワーアンプ サブウーファー などの接続 】 (スピーカーケーブル 10m)","3929","18","","33","¥ 5,830","","1","B0BSKPXX2L","B0CVRGNG61","23.7","19.3","6.3","740"
"Venkuri アコースティックギター 38インチ 17点セット 初心者 入門用 アコギ 厳選木材 低弦高 チューナー ケース付 艶サンセットレッド","2388","68","50","37","¥ 6,999","","2","B0CY19743P","B0H4QVJ3QQ","98","43.5","10.5","2410"
"AKK-PANE 吸音パネル 防音パネル 折り畳み式 防音材 【240cm × 60cm / 1.44㎡】 ウッドパネル 吸音材 ウォールパネル 壁材 きゅうおんパネル 防音 壁 居間 寝室 テレビの背景壁 事務所 木製 MDFウッド 環境に優しい素材 DIY 騒音対策 遮音 消音 おしゃれ シンプル インテリア（ディープくるみの木）","2391","48","","33","¥ 7,599","","1","B0GGXNV4Y3","B0FBX7DNLF","122","61","4.5","8500"
"Walspax 高密度吸音パネル 60x120cm 4枚セット ダブルレイヤー 防音ボード 部屋用 オフィス ピアノ室 楽器練習室 録音室（グレー）","4477","18","","3","¥ 13,990","","1","B0DRNVT2DP","B0DRNW29QP","121.5","62.5","8.5","10870"
"Sepia Crue セピアクルー アコースティックギター ウェスタンタイプ ナチュラル WG-10/N [ソフトケース/調整用レンチ付属]","4475","21","","","¥ 14,071","¥ 14,071","2","B00K7YXBZU","B0FT32CRMG","112","56.5","16.5","3000"
"FLEOR 4個 ゴールデンギターノブ 18 スパイン トップハット ボリューム トーン スピード コントロール ノブ エレキギターパーツ用","1545","33","","177","¥ 5,210","","1","B0BPH3R8F6","B0BMVG6XYB","15.5","8.5","1.3","20"
"CASIO(カシオ) Casiotone 光ナビゲーションキーボード LK-340 61鍵盤 楽しく弾ける 歌える","2420","75","50","12","¥ 15,282","","8","B0FN79QZ3W","B0GLNV1BX3","91","38","13","5500"
"New Bee ギターエフェクター ギタープロセッサー モデリング マルチエフェクター アンプシミュレーター MIDIコントロール オーディオインターフェースをサポート DSP 演奏 宅録 ライブに対応 グレー SK17","1983","63","","42","¥ 6,399","","2","B0G8K4V6JB","","13.5","10.6","4.9","280"
"U`King 105W LED ムービングヘッドライト 2アームRGBW 舞台照明 ステージライト 4つの照明効果 リモコン・DMX512対応, ディスコライト 19CH 音声制御 クラブ・結婚式・カラオケ用","2424","44","","15","¥ 11,019","","1","B0GZZ4Q6DV","B0G39LWZS7","25.6","16.7","14.3","1070"
"SYNCO G2(A2)ピンマイクワイヤレス, 2人同時録音 ノイズキャンセリング 3.5mm/Type-C出力 長時間利用 200m伝送距離 小型軽量 Vlog撮影/インタビュー/YouTube動画制作/一眼レフカメラ/ビデオカメラ/スマホ/アクションカメラに対応","2425","50","","242","¥ 9,061","","1","B092QL89YL","B0DY7465D7","20.5","10","6.4","370"
"ちゅら咲 沖縄三線 琉球ベーシック 標準サイズ","1264","17","","14","¥ 29,800","","1","B08PKJB3VK","","86","52","40","23650"
"Effects Bakery エフェクツベーカリー Choco Cornet EQ [EB-CCEQn] / イコライザー ギター エフェクター","4507","35","","18","¥ 6,270","","7","B0B1TQ8JFJ","B0B6BKBB2F","10.1","6.6","6","190"
"Carbon Mac バイオリンケース CFV-2 アッシュブルー","2428","31","","65","¥ 60,444","¥ 60,444","7","B0CHY132X8","B0BV6Q12NM","82","30","17","2600"
"VOX(ヴォックス) コンパクト ベースアンプ Pathfinder Bass 10 小型/自宅練習/ファーストアンプ/10W PFB-10","2429","75","50","1384","¥ 14,864","¥ 14,864","16","B002YC36ZI","B01KF972LA","41.3","29.6","19.5","6100"
"Stagg SMC6 YWイエローマイクケーブル - 6m","2800","19","","33","¥ 9,776","","1","B0041C3M6M","B08Q7GFPZV","27.9","9.1","4.4","350"
"NUX ニューエックス Mighty Lite BT MKII 小型アンプ コンボ ギター用 ベース用 モデリングアンプ","2432","66","","113","¥ 12,600","¥ 16,061","13","B0C85R5TCZ","","24.9","15.3","12.1","1081"
"summinaギターピックアッププリアンプサウンドホールピックアップ、ボリューム＆トーンコントロール付きアコースティックギター用楽器アクセサリー","2433","40","","58","¥ 7,009","","3","B0CRYQVS3P","B0CRYD79VC","14.6","8.9","5.4","250"
"Squier by Fender スクワイヤー エレキギター Squier Sonic™ Stratocaster®, Maple Fingerboard, White Pickguard, 2-Color Sunburst ソフトケース付き","2441","46","","333","¥ 25,700","¥ 26,263","10","B0BVGRW2S1","B0FNPT6V5D","110.7","37.8","9.7","4604"
"beyerdynamic DT 990 PRO X 開放型 スタジオモニターヘッドホン 有線 48Ω 292g","2443","57","","479","¥ 39,600","","21","B0F4DBP55P","B0HG49YKW3","24","22.1","11.4","558"
"JYX スピーカーセット 拡声器 ワイヤレスマイク3本 Bluetooth 5.0対応 高低音強化機能搭載 充電式 ポータブル ホームパーティー、カラオケ、街頭スピーチ、会議 、学校行事、セミナー、室外、防災、路上ライブ、イベントなどに適用","2453","78","","1075","¥ 12,980","","1","B0CJYBXYJW","B0H6JQTQ5Q","40.9","29.3","17.9","4300"
"UGREEN Mic6 ピンマイク ワイヤレス 2 TX + 1 RX + 充電ケース","2459","47","50","8","¥ 8,999","","1","B0G34HXSG8","","14.1","11","6.4","350"
"VITAL AUDIO POWER CARRIER VA-05 MKII 11.15*6.0*2.13 cm 国内正規品","2463","37","100","48","¥ 11,440","","4","B0CBPSH914","","15.2","11.4","8.7","560"
"TroyStudio ジョイントマット 厚手 防音・遮音マット 床 16 枚セット 28 x 28 x 0.9 cm 高密度 プレイマット 耐震 防振 滑り止め ピアノ・ドラム用 床保護 吸音","2472","22","","3","¥ 5,899","","1","B0CQY1QZQB","B0CQXXMCX5","30.3","30","14.1","1760"
"PIENSE 卓上 パーテーション 防音 仕切り 簡易 防音パネル 吸音パネル 防音室 衝立 折り畳み式 (グレー, 100㎝)","2475","50","","12","¥ 6,380","","1","B0CYP8C34M","B0CYPH4QXM","100","50","3","1260"
"キーボードスタンド 折りたたみ式 電子ピアノ スタンド 54/61/73/76/88鍵ボード適用","2917","19","","2","¥ 7,599","","1","B0GL78ZQ4H","","73.5","42","13.5","5750"
"Eris 3.5(2nd GEN） 2ウェイ・アクティブ・モニター（ペア）","2478","79","","62","¥ 17,090","","4","B0CJ54Q7YX","B09FSQMQ5K","39.6","28.7","22.5","4050"
"Alphayue アルファユー バイオリン弦 E線 A線 D線 G線4種セット 1/4 AL100","2481","48","","607","¥ 6,500","","3","B01FS9KWGY","B01N807YD5","13.2","10","1","10"
"キーボードスタンド 折りたたみ式 54/61/73/76/88鍵 電子ピアノ スタンド 幅/高さ調節可能","2481","26","","3","¥ 7,679","","1","B0GL6F548R","","73.5","42","13.5","5900"
"Akai Professional EWI5000 ウインドシンセサイザー","2484","58","","304","¥ 65,476","¥ 65,476","3","B00IJF00GW","B0B5RDWV81","75.5","19.1","15.7","2180"
"Rxakudedo キーボードスタンド キャスター キーボードスタンド z型 調節可能 スライドレール付き 操作が簡単 (ホワイト)","2696","66","","25","¥ 7,680","","1","B0DGL3HJL9","B0FR9L2X24","57.3","49.1","10.7","7800"
"JBL プロフェッショナル 104-BTW-Y3 パワード 2Way フルレンジ・スタジオモニター スピーカー 3年保証モデル アンプ内蔵 30W＋30W高出力 Bluetooth5.0対応 (ホワイト)","2489","77","","341","¥ 20,400","","7","B086WZNMJN","B0F6MZBDSB","35","33.4","22","5120"
"Pirastro Evah Pirazzi エヴァ・ピラッツィ ヴァイオリン弦 A線 シンセティックコア 4/4 アルミ巻 419221","4298","51","","31","¥ 5,045","¥ 4,879","9","B000Y03ZL2","B08HQNPTGD","9.8","9.8","1.2","20"
"ヤマハ(YAMAHA) ゲーム/配信用オーディオミキサー ZG01","2494","88","50","380","¥ 34,464","¥ 34,464","3","B09WQN5QP2","B0CTJJ3FPB","23.7","20.3","11.4","1310"
"MEINL Percussion マイネル サウンドエフェクト Turbo Crasher Medium CRASHER-M 【国内正規品】","4730","6","","151","¥ 5,300","¥ 6,222","2","B00HV7UK82","B011TPUOOQ","21.9","19.5","3.7","440"
"Talomen L52 有線 マイク XLR 硬質金属ダイナミック ボーカル マイク 単一指向性 歌唱用 舞台用 パーティー用 スピーチ用 カラオケマシン/スピーカー/アンプ/ミキサー対応 6.35mmプラグ XLRケーブル 付属 黒","2817","51","","377","¥ 6,277","","1","B0FGX7M31M","B0GD7MBPHL","22.1","15.7","6.5","980"
"Eastar バイオリン 初心者セット 艶消し 指板マークチューナー 予備弦セット付きEVA-3 (4/4)","2502","66","","435","¥ 11,682","¥ 11,682","1","B08NJ8Y1TS","B0BHS33WBD","81.5","30.5","15","2190"
"KALA カラ ウクレレ KA-15 Series マホガニーボディ ソプラノ ブラックカラー KA15S-BLK-WBAG20_06 [KA-15S-BLK 後継モデル] (ケース付属) 【国内正規品】","4565","15","","4","¥ 14,222","¥ 14,222","1","B08QFDQ7PC","B0CV3XP1XJ","57.8","22","12","920"
"S.Yairi ヤイリ ミニアコースティックギター 初心者セット 9点 スペシャルセット YM-02/NTL ナチュラル (チューナー/カポ/ストラップ/ソフトケース/交換弦/ピック/ピックケース/ギタースタンド付属)","6739","19","","365","¥ 16,703","¥ 16,703","2","B00PXSXW72","B07QD4HM3L","108","53","16","2998"
"KC ギターハンガー ネット用 フックタイプ ミドル GH-M x 20個セット","954","51","","251","¥ 32,266","¥ 32,266","1","B012YWXLN4","B013JL5OFW","50","31","23","7300"
"【安心の日本製】 キクタニ トライアングル 24cm 打棒・吊り皮付き T-24 【3個セット】","2523","45","","4","¥ 5,940","¥ 5,940","1","B08XTSDGXR","B08Y5GZPY9","31.5","25.5","2.6","1190"
"【選べる“ちょうど良い”セット】カシオ CT-S1-76 電子キーボード 電子ピアノ CTS176 キーボード 76鍵カシオトーン 76鍵盤 キーボード 譜面立て付属 高品位な音色で幅広いジャンルの曲を演奏可能 セット品 (単品, BK ブラック)","2524","7","","3","¥ 36,960","","1","B0FBK7F79Y","B0FBKBQP6X","120","31","15.5","10000"
"【初心者定番セット8点】ELVISエルビス ウクレレ コンサートサイズ マホガニー材 バインディング FIVE-O UKULELE【付属品８点セット：国内保証書・チューナー・厳選11曲の教則本・コードチャート・ピック・ストラップ・ポリシングクロース・ギグバッグ】","2525","49","50","193","¥ 9,580","","1","B00L2FD7HA","B07FCJNSKR","67.8","28","10.6","1200"
"VEMURAM Jan Ray オーバードライブ","2530","65","","134","¥ 54,780","","22","B008GHU4BY","","14.6","8","6.6","540"
"サンワダイレクト ワイヤレスマイク 400-SP055・400-SP066専用 400-SP056","2530","45","","8","¥ 10,800","","1","B013S3NKSE","B0FDG9VP68","29.7","6.7","6.4","250"
"IK Multimedia iRig BlueTurn iRigシリーズ 12.6*9.3*2.5cm 国内正規品","2532","48","","246","¥ 15,400","","5","B01CQBU87U","B08HLYDR5R","18.2","16.2","5.7","270"
"ヤマハ YAMAHA エレキギター PACIFICA PAC612VIIFM IDB 純正ソフトケース付属 インディゴブルー(IDB)","4195","74","","198","¥ 78,330","¥ 85,556","7","B07F319CGP","B07GX24PX1","141","61.5","17.5","8500"
"バンドーレン アルトサクソフォンリード ズィーズィー(ZZ) 硬さ:2 (10枚入)","2865","47","","1069","¥ 5,445","¥ 4,675","5","B0002D0KJG","B0725JGVHT","11.4","6.2","3.1","50"
"ニコマク NikoMaku 電子ピアノ 88鍵盤 SWAN-S 日本語表記 MIDI対応 コンパクト 軽量 スリムデザイン 充電型 初心者 ソフトケース ペダル 練習用イヤホン 鍵盤シール 日本語説明書付き (ブラック)","4176","57","","101","¥ 18,800","","1","B0CPLBPM8R","B0CSYQM7Z2","129","27","13","6820"
"LEKATOポータブルピアノキーボード 4個のマグネティックエレクトリックピアノ 88鍵 128音色 128リズム 21デモ スプリット デュアルトーン 録音 Bluetooth MIDI ヘッドホンジャック 初心者向けホームトラベル用","2926","28","","3","¥ 9,999","","1","B0GMQ91RSC","","39.9","23.2","20.9","2980"
"ONKODO 2534 赤白2本ペア XLRマイクケーブル (1m)","2845","39","","27","¥ 7,950","","1","B0B62KYK7J","B0B62LWDCY","20.4","13.8","2.4","230"
"HOHNER ホーナー Special 20 560/20P C 10ホールハーモニカ ブルースハープ","2559","59","","261","¥ 7,317","","3","B0F6NFRZTF","","31.8","23.1","3.7","160"
"ホルン ミュート 練習用 消音 「QooMute」 軽量 吹奏感 音色 プラクティスミュート 静音 自宅 消音器 BRASS DESIGN (カラー: Asche (灰白色))","2903","38","","7","¥ 8,980","","1","B0D2JMSVK1","B0CYSTNJ95","22.7","15.9","15.7","330"
"スタインバーグ Steinberg USB3.0 オーディオインターフェイス ヘッドホン・マイクセット 32bit/192kHz UR22C RD Recording Pack","2571","55","","91","¥ 56,392","¥ 56,392","1","B0CKTPMG2H","B0CMCH6YKT","49.8","25.8","15.2","2940"
"バード電子 キーボードポッド2 KC2-HHK-B (キーボードケース 収納ケース HHKB対応)","4667","25","","16","¥ 5,940","","1","B0CL9BQ1L1","","35","19","7","300"
"CASIO(カシオ) Casiotone 光ナビゲーションキーボード LK-540BK 61鍵盤 楽しく弾ける 歌える","2583","57","50","19","¥ 23,474","","13","B0FMNS7GBZ","B0GM5T4SV7","98","31","15","7200"
"Providence プロビデンス シールドケーブル B202 1m S/Lプラグ（ストレート/L型）","2588","31","","1","¥ 5,669","¥ 5,669","3","B0CPSVJYPN","B0CPSZMDG8","25","22","4","155"
"Tech21 SANSAMP サンズアンプ ベース用 エフェクター DI BOX BASS DRIVER DI V2【国内正規品】","4601","62","","401","¥ 41,173","¥ 42,036","17","B01G7QXYOE","B09YVF6Q32","14.2","10.5","6","431"
"SONY ECM-XM1 マイクロホン","2597","66","","20","¥ 18,480","","4","B0CL5N5DF6","","23.2","9.4","7","180"
"Ibanez エレキ・ベース用 ケース 保護クッション装備 IBB541-BK ブラック","1674","42","","224","¥ 6,930","¥ 6,381","8","B01KNFAL46","","124.5","38.8","6.2","1315"
"D'Addario ダダリオ ベース弦 フラットワウンド Long Scale .045-.100 ECB81 【国内正規品】","2601","50","","840","¥ 6,281","¥ 6,281","7","B000OR2QX8","B0H3K39G9Q","16.6","15.2","1.7","109"
"RODE Microphones ロードマイクロフォンズ ワイヤレス マイクロ USB-C ブラック スマートフォン用超小型マイク（USB-C接続） WIMICROC","2603","69","","910","¥ 18,000","¥ 18,000","15","B0DFXQDTDT","","14.8","11","5.4","230"
"IKTMI 電子ピアノ 88鍵盤 木製スタンド一体型 アップライト ピアノ 家庭用電子ピアノ 88鍵 黒い","2822","46","","83","¥ 41,880","","1","B0D5Q6HW2L","B0D47DRQDV","145","38.5","34","33350"
"Rhymo 電子ピアノ 88鍵 アップライト型 木製スタンド一体型｜本格ハンマーアクション＆トリプルペダル｜美しいオークベージュ仕上げ｜ダブルヘッドホン出力で二人練習可能｜付属ヘッドホン&楽譜台で即開封即演奏","4730","26","","68","¥ 27,800","","1","B0FKHG8TJ3","B0GL8T6FFS","137","41.5","21","14100"
"Ibanez アイバニーズ 保護クッション装備のエレキギター用バッグ POWERPADスタンダード・タイプ IGB540-BK","2617","53","","132","¥ 6,268","","6","B078JD9DR8","","107.4","41.9","8.4","1202"
"エレコム マイクスタンド フレキシブル ロープロ モニター下から伸ばせる マイクアーム 調整可能 クランプ式ベースホルダー 1/4・3/8・5/8インチネジ穴の機器に対応 コードホルダーで配線すっきり マイクホルダー付属 ショックマウント付属 ブラック HSWDSARMBK","4635","23","","3","¥ 7,990","¥ 7,990","1","B0H5JJR4RT","B0H86DDHQQ","44","22.3","12.1","1460"
"Alvoxcon ワイヤレスマイク USB ハンドヘルド型 UHF 無線 コンデンサーマイク | スピーカー/パソコン/Android対応 | ZOOM会議 モニタリング 録音 拡音 配信 コンパクト 日本語説明書付き UM420Pro","4688","42","","30","¥ 16,980","","1","B09Q52G2QQ","B0F8VBSBQ2","20.7","14.7","5.5","440"
"Carina 折りたたみ 電子ピアノ 光る鍵盤 88鍵盤 コンパクト 軽量 スリムデザイン MIDI対応 ペダル イヤホン 鍵盤シール付き【ブラック】","2626","50","","178","¥ 15,050","","2","B09HHGPVN5","B0B4CQW8X4","70.4","29.2","20.3","5652"
"Roland ローランド 電子キーボード GOKEYS3-MU 61鍵盤 Bluetooth機能 アプリ 録音 リミックス 自動伴奏 初心者 弾き語り 練習 軽量 1000種類以上の音色 ミッドナイトブルー","2635","65","","138","¥ 49,500","","3","B0CZ4FN4W1","B0D1R366LQ","110","41","18","8500"
"フォトジェニック(Photogenic) PhotoGenic フォトジェニック ギターベース兼用アンプ オーバードライブ機能付き PG10","2842","59","","280","¥ 6,100","¥ 6,218","6","B000RWZY1Q","B0727WK8KF","30","27.2","14.2","2720"
"NearStream ST20 マイクアーム マイクスタンド マイクブームアーム 録音/配信/実況用 1/4 3/8 5/8 耐荷重2.2kg 角度調整可能 360度回転 ケーブル収納可能 金属製 卓上 ブラック","2642","54","","7","¥ 7,184","","1","B0FRF6WTK5","B0G6JZC14J","43.7","20.1","6.2","1290"
"バンドーレン バスクラリネットリード V21 硬さ : 4 (5枚入り)","2870","60","","215","¥ 5,643","","6","B01ID9I3NU","B0719H48JQ","13.5","4.4","3.6","30"
"BEHRINGER ベリンガー ディストーション HD300","4723","9","","1007","¥ 5,396","¥ 5,396","3","B001383XT8","B0H737LPT2","15.8","8.6","6.4","430"
"ヤマハ P-515_P-125_P121専用ペダルユニット(ホワイト) YAMAHA LP-1WH","4829","49","","109","¥ 5,464","¥ 5,464","8","B07C23RM4P","","58.6","26.8","23.2","3280"
"ヤマハ(YAMAHA) ライブストリーミングミキサー 6チャンネル ブラック AG06MK2 B","2771","86","","493","¥ 24,636","¥ 24,636","13","B09V7SBFL4","B09VXB27SP","23.5","23.3","11.5","1290"
"バンドーレン B♭クラリネット マウスピース B45","2881","55","","436","¥ 16,640","¥ 16,640","22","B0002CZXO4","B08YFLXJS9","15.2","4.6","4.2","60"
"KORG ギター/ベース用 ペダルチューナー Pitchblack X ±0.1セントの高精度 ULTRA BUFFER トゥルーバイパス DCアウト搭載 ストロボチューニング クリーム PITCHBLACK PB-X CR","2654","63","","146","¥ 18,000","","3","B0DTYT6XHH","B0FV2382F8","12.2","8.7","7.5","360"
"HERCULES (ハーキュレス) ラップトップスタンド DG400BB","2655","52","","963","¥ 10,091","¥ 10,091","6","B00J0823FI","","41.6","18.2","7","1569"
"Roland ローランド エクスプレッションペダル EV-5 小型ペダル 音量コントロール シンセ/キーボード/エフェクター 軽量 ブラック 黒","2066","65","","690","¥ 8,900","¥ 8,900","13","B0002D03VG","","34.3","26.3","7.5","620"
"YAMAHA F-310P TBS 小物セット付き アコースティックギター","6043","58","50","336","¥ 20,414","","4","B000RW484K","","105","52","15","3000"
"ERNIE BALL アーニーボール ギター/ベース用 電動ペグ・ワインダー POWERPEG PRO 9626 弦交換/メンテナンス","2666","56","","55","¥ 8,690","¥ 9,778","5","B0DBN91FD5","B0DVBVDKHK","25.5","20.8","6.7","376"
"BOSS/DM-2W Analog Delay 技 Waza Craft ボス","2667","59","","35","¥ 23,222","","13","B076ZVW1TL","","15.9","10.7","6.5","590"
"YAMAHA / AG03MK2 BLACK AT2020 iPhoneユーザー向け 配信/DTMセット -AT2020コンデンサーマイク、3mマイクケーブル、ポップブロッカー、アームスタンド、AUXケーブル、USB2ポートACアダプタ、USBケーブル(C-A)-","2676","51","","23","¥ 42,800","","1","B09WL53VGC","","47","35","20",""
"ヤマハ YAMAHA 大人のピアニカ 37鍵 ブラウン P-37EBR2 演奏用パイプ(ロング、ショート) ショルダーストラップ ソフトケース付き","4927","49","","23","¥ 16,610","¥ 16,778","3","B0CTGVBGVD","B0CTH41NQ7","51.6","17.2","11.2","1640"
"プロメイト(PROMATE) Vターンテーブル E-9138","2907","53","","49","¥ 16,100","¥ 16,100","13","B005N811X4","B07NGKGPPH","51.4","50.6","8.2","5940"
"KUN(クン) バイオリン肩当て Bravo(ブラボー) 4/4","2681","72","","186","¥ 14,000","¥ 14,255","12","B0009324GG","B07NBG1VBX","22.4","7.5","7.3","120"
"CTS 450 B250K ポット ショートスプリットシャフト1/4インチ 10% Bカーブ ポテンショメーター エレキギターベース用(10個セット)","2874","45","","1","¥ 8,252","","2","B0DSW4NRK1","B07MH285WY","16.4","15.1","3.6","160"
"AIAIAI Tracks Headphone (ブラック) USB-Cプラグ仕様 ミニマル・ヘッドホン アイアイアイ","2686","26","","14","¥ 9,000","","10","B0D7QRHHLX","B0DC8S9S1R","19.2","19.1","5.4","281"
"Musfunny スリットドラム タングドラム 15音 12インチ: スチールタングドラム","2687","35","","98","¥ 7,738","","1","B0CBZ2K1TM","B0D31NPPM4","32.6","32.6","19.7","3790"
"【マイバチみなみとり】 米ヒバ 39cm 標準 万能型 2ヶ月保証 収納袋付き (オレンジ)","2690","50","","53","¥ 5,480","","1","B0BMLCD6JJ","B0BMLDDXKD","41.6","7.3","4.1","190"
"BOSS/GT-1000CORE ボス","2692","25","","218","¥ 77,000","","14","B08KH972VP","","29.1","19.7","11.2","1678"
"MEINL Percussion マイネル カホン Snarecraft Cajon SC100B 【国内正規品】","2983","26","","290","¥ 24,000","¥ 24,000","1","B079FX7WJG","B07CM712SF","54.6","35.6","34.9","4831"
"FLEOR J バス ピックガード ジャズ バス ピックガード スクラッチプレート 4弦用 アメリカン/メキシカン スタンダード ジャズ バス パーツ 3層 ミントグリーン","2699","18","","537","¥ 12,070","","1","B08BHR2G9W","B07C88CVW3","29.2","23.5","1.8","109"
"Teenage Engineering PO-33 ko ポケットシンセサイザー ポータブル 音楽制作","2700","48","50","135","¥ 18,700","","3","B079CDC882","B08HM227DC","12.5","6.2","3","60"
"Squier by Fender スクワイヤー エレキギター Squier Sonic™ Stratocaster® HT, Laurel Fingerboard, White Pickguard, Torino Red ソフトケース付き","2701","34","","252","¥ 26,800","¥ 35,556","5","B0BVGPSJMJ","B0FNQB3NG1","105","35.6","11","4500"
"OYAYO 電子ドラムパッド 9パッド 電子ドラムセット 充電式 ポータブルドラム 初心者 ロールアップドラム MIDI対応 ドラムスティック 延音ペダル 日本語取扱説明書付き (EDP01)","2570","40","","6","¥ 7,219","","1","B0F3XDZ64L","B0FKBKY7WB","50","18","9","1650"
"ラ・ヴォーズ アルトサックスリード ハード(10枚入) RJC10HD","2705","48","","8","¥ 5,222","¥ 5,222","3","B0002FOP54","B09HBNZVG9","8.3","6.9","2.5","38"
"バッカス BACCHUS BST-2-RSM/R CAR エレキギター","2709","37","","44","¥ 26,400","","3","B09CL8VGKB","B09CP7Z9N1","121","46","13",""
"ヤマハ(YAMAHA) 全天候型スピーカー 小型設備用取付金具付 ハイインピーダンス接続対応 ホワイト (1ペア) VS4W","2711","45","","35","¥ 19,910","¥ 19,800","9","B007A7PCJA","B00CLM6X3S","47","29","23","4781"
"ダイナミックマイク ヒビノ FULL-TEN オリジナル FT-DM7 ブラック | ボーカル ライブ イベント スピーチ 司会 カラオケ 黒 カーディオイド ON/OFFスイッチ付き メタルボディ ハンドヘルドマイク (マイク＋ケーブル(7m)＋スタンドセット)","2092","35","","1","¥ 5,610","","1","B0GNYR4BM6","B0GNZ6FRYL","21.5","5.5","5.5","300"
"J.Michael TRC-501 Bbトランペット セミハードケース","3002","38","","29","¥ 11,800","¥ 11,919","6","B003A3TWLW","","61","25","22.5","1300"
"Enya X4 Pro 41インチ フルサイズ カーボン 【AcousticPlus Pickup】 スマート トラベル エレアコ カッタウェイ","2977","54","","153","¥ 102,000","","1","B08222V525","B0B73JC773","120.5","51","22.5","11140"
"JTT Online うるさくないカラOK！ ミュートマイク3 「イヤホンセット」 MUMIC3+MUSI-01","1922","53","50","62","¥ 5,920","","1","B0F3CQQPQT","B0F5Q8SP1T","23.1","15.4","14.2","480"
"HOHNER ホーナー Blues Harp 532/20P A ブルースハープ A調","3028","33","","10","¥ 7,556","¥ 7,556","5","B0DWN9P53K","B0FL6MZFZ4","14.3","4.7","3.7","110"
"コルグ チューナー メトロノーム TM-70F WH + チューナー用マイク CM-400 WH セット ホワイト","2733","55","50","32","¥ 5,980","","6","B0CXHRGZYR","","16.2","10.1","7.8","180"
"BOSS ボス TRSケーブル BCC-20-TRA 長さ6m L字型-ストレート型プラグ 楽器用ケーブル シールド フットスイッチ エクスプレッションペダル Katana アンプ Cube","2995","37","","43","¥ 5,000","¥ 5,000","2","B08NVSNBLD","B0FJ2G5BQG","24","21","3","360"
"schlagwerk(シュラグベルク) Schlagwerk シュラグヴェルク ダブル・シェイカー SR-SK40 【国内正規品】","2733","20","","52","¥ 5,400","","1","B004PA8UY4","B096S1WQHZ","24","9.1","8.6","225"
"TAHORNG/電子リコーダー Elefue EF10WH WHITE","2736","52","","96","¥ 13,200","","9","B0B294V212","","35.6","9","4.7","260"
"カシオ（CASIO）電子キーボード Casiotone CT-S200BK(ブラック) 61鍵盤 軽量＆コンパクト 持ち運びしやすくPOPなデザイン ダンスミュージックモード","2739","70","","501","¥ 13,127","","12","B07W8ZTCJV","B07X2XKGN8","98","31","13.5","5000"
"バイオリン用肩当て ヴィヴァ・ラ・ムジカ ダイヤモンド メイプル/ダーク","4583","50","","194","¥ 11,500","¥ 18,333","8","B01HHJ6UOQ","B06XFW9MHV","22","7.6","5.8","141"
"Legere ASA2.25 American Cut アルトサックスリード (2 1/4)","2747","61","","369","¥ 5,100","","8","B08HSK44MT","B0FD3BKXHD","11.7","7.3","1.2","20"
"U`King 150W LED ムービングヘッドライト 舞台照明 DMX512制御 ディスコライト 6アームRGBW照明効果 リモコン付き DJのライトショー、結婚披露宴、パーティー、劇場などに最適です","3037","18","","1","¥ 17,599","","1","B0H1BZKLSH","","30.6","30.6","17.5","2000"
"KC 皮付きタンバリン カーフスキン 18cm TCS-18/6 2個セット","2751","56","","298","¥ 6,409","¥ 6,409","1","B0CBWVB1HR","B0CBXJDRJB","48","48","8","400"
"Damero シンバルバッグ リュック 22インチまで収納可能 二重層 シンバルケース 6mmパッド入り仕切り付き スティック収納ポケット付き","11503","30","","7","¥ 5,980","","1","B0DWMKZ2W3","","37.5","26.5","16.5","500"
"WUQIMUSC 16キー クローズドホール Cフルート楽器 - 初心者向け学生用フルート、弾きやすく耐久性のあるデザイン、キャリングケース、クリーニングキット、グローブ付き、学習に最適（ピンク）","2755","24","","52","¥ 14,583","","2","B0F1N7HSS1","B0DCSQ72BL","42","14","8.5","610"
"クッション 付き エレキ ベース 用 ギグバッグ ギグ ケース クッション 20mm厚 MUSENT 国内メーカー品質監修品","2363","43","","186","¥ 6,980","","1","B00D3CRUOG","B087F7FC6M","65","45","16","1360"
"BOSS Metal Zone MT-2","2763","77","","982","¥ 15,000","","18","B0002CZVA0","","15","9.4","6.6","490"
"BOSS ボス Waza Craftシリーズ Blues Driver BD-2W(J)","2955","86","","514","¥ 22,444","","20","B00LTOTR7I","","20.2","11.7","8.3","530"
"Ghbunuz アコースティックギター 初心者 10点セット 初級 アコギ セット 38インチ 入門練習 向けの初学者練習用","2794","21","","21","¥ 5,380","","1","B0F27X7JLR","B0DZBH97S6","97.5","45","11","1950"
"HERCULES GSP39HB PLUS ギターハンガー (× 2)","1329","15","","217","¥ 7,224","","","B0G5G7L5TR","B0G63VBL3D","22.5","17.3","11.7","780"
"Belcat ベルキャット ワイヤレスポータブルPAセット 40W チャンネル切替対応モデル BWPA-40W (ワイヤレスマイク2本/スピーカースタンド/キャリングケース付属)","2780","33","","28","¥ 52,800","¥ 59,978","7","B07W6C8MSL","B01MQITOKP","63","60.5","29.5","11270"
"BOSS ボス VE-22 Vocal Performer ボーカルエフェクター","2783","64","","213","¥ 46,200","","6","B0CSTCT28W","B0D8VHFXFL","41","18.2","10.7","1202"
"ティーシーエレクトロニック(Tc Electronic) TC-HELICON VoiceTone C1 ボーカル用エフェクター (TCヘリコン ボイストーン C1)","2789","19","","329","¥ 21,480","","12","B004GTED7C","","16.2","14.5","8.4","670"
"TONOR ダイナミックマイク USB/XLR マイク PC セット 単一指向性 アーム付き 音量調整 ミュートボタン オーディオインターフェース/オーディオミキサー/PS4/PS5対応 ゲーム実況 ボイスチャット ライブ配信 ポッドキャスト テレワーク ボーカル ナレーション ストリーミング 録音 TD510+","2791","50","","1807","¥ 9,999","","1","B0CCVBQRFX","B0HGQRZF6C","40.7","19.4","14.5","1810"
"カワイ 電子ピアノ 88鍵盤 ES60AB【ヘッドホン・ペダル付】 本格ハンマーアクション 軽量11kg ポータブル キーボード","2791","48","","10","¥ 58,014","¥ 58,014","1","B0G56GWFFF","","138","35","26","18000"
"WOODWORKS 日本製 ギタースタンド エレキギター用 ３本掛 (ブラウン)EG3B","4524","52","","133","¥ 9,900","","1","B09MK79FLW","B0BLGP4TDF","73.2","53.7","32.4","5020"
"SHURE 楽器用マイクロホン SM57-LCE ダイナミック マイクロフォン ドラム 打楽器 楽器アンプ 【国内正規品】","2795","4","","6150","¥ 15,000","¥ 17,000","27","B0000AQRST","B06X19P755","32","12.7","8.6","500"
"TOMBO 複音ハーモニカ E調 特製トンボバンド 21穴 1521","2797","12","","5","¥ 12,101","¥ 12,101","6","B002409SXE","B019W1VUI8","18.5","4.6","3","272"
"【ダイナミックマイク付】Voicease ヴォイシーズ 片手で持てる防音室 カラオケ 防音 マイク ボイトレ 自宅 家庭 グッズ 録音","3088","20","","2","¥ 28,998","","1","B0F3TC8CTB","","38","21","15","800"
"BEHRINGER ベリンガー USBオーディオインターフェイス UM2","1555","76","50","17558","¥ 7,707","¥ 7,707","35","B00EK1OTZC","B07CYRYQ8G","21.2","15.6","8.9","540"
"Novation/Launchkey 61 Mk4 | MIDIキーボード","2800","56","","182","¥ 42,900","","9","B0D6YWDJC2","","96.5","35.6","15.2","6577"
"HWWR カラオケセット 家庭用 拡声器 低音強化機能 ワイヤレスマイク2本 15W出力 スピーカーセット カラオケ 小型 軽量","2805","19","50","225","¥ 6,980","","1","B0H2LWNDSQ","B0HB8RTBDH","31.7","26.2","16.4","1940"
"HWWR カラオケセット 家庭用 高低音強化機能搭載 Bluetooth 5.3 PAセット 8000mAh大容量バッテリー ワイヤレスマイク2本","2812","16","","63","¥ 16,980","","1","B0GVXTS4LF","B0H9S8813N","55.1","29","25.6","5550"
"Saiqiang 吸音材 高密度 極厚 36枚 防音材 30*30*5cm きゅうおん材 壁 吸音パネル 吸音スポンジ 吸音 防音防 吸音シート 吸音対策 遮音シート 防音 防音パネル 遮音材 黒 両面テープ付き （ピラミッド型）","2814","2","","644","¥ 5,980","","1","B0H6J8LCHG","B0HDYQ91PM","30","30","5","480"
"オーディオテクニカ PRO41 ダイナミックマイク XLR/単一指向性マイク/ON/OFFスイッチ搭載/ボーカル/スピーチ/マイククランパー付属/マイクポーチ付属/XLRマイクケーブル付属 【国内正規品】 ブラック","2581","32","","106","¥ 8,008","","10","B0051DA4NY","B09SLGMXDZ","24.9","13.1","7.8","830"
"THOMASTIK Dominant ドミナント 1/8バイオリン弦セット","2830","57","","358","¥ 11,660","¥ 11,660","8","B002UK5EOU","B0F4BTYNT9","10.5","10.3","1.5","20"
"IK Multimedia iRig USB iRigシリーズ 9.9*4.2*2.5cm 国内正規品","4749","46","","19","¥ 13,886","¥ 13,886","6","B0CL5QTP6F","B0H4TGKJ7L","14.3","13.6","4.9","160"
"TASCAM(タスカム) DR-10L Pro 32bitフロート 48kHz ピンマイクレコーダー 黒 LTCジャムシンク デュアルADコンバーター Youtube 音声収録 動画撮影 Vlog","2838","59","","209","¥ 23,318","¥ 23,318","9","B0CB6TLV5Z","","17.4","13","4.4","191"
"Ennbom エレキヴァイオリン エボニー サイレント バイオリン 4/4 つや 初心者入門セット (キラキラブラック)","2840","42","","254","¥ 12,800","","1","B0DQ9L323R","B076MT3NLB","80","26","14","1300"
"KORG(コルグ) リズム・ボックス KR mini リズムフレーズ内蔵/個人練習に最適/ヘッドホン・スピーカー端子搭載/電池駆動可","2844","59","","863","¥ 8,480","","6","B00F0GQ8QE","B01KF95UUK","18.3","14.6","7.7","581"
"ヤマハ YAMAHA パワーアンプリファイアー MA2030a","3010","67","","11","¥ 43,890","","5","B06WGS6W6X","","41.2","28.3","12.3","2520"
"Planet Waves 3DBK4-25 ミディアムアイスギターピック - ブラック (25個入りパック)","5038","20","","945","¥ 6,019","","17","B00E9SX2V8","B004NSVDSI","8.1","6.8","1.7","32"
"Manhasset マンハセット 譜面台 M50 オーケストラモデル(Orchestral Stand)ブラック","2846","61","","557","¥ 14,168","¥ 14,168","7","B0002E3AHE","B075GLD3Y2","64","41.7","12.2","3560"
"Limetone Audio JCB-2S｜スルーボックス／ジャンクションボックス｜音質重視のペダルボード用配線ユニット【日本製】","2851","50","","11","¥ 9,900","","4","B088DXKKSD","B0GXJRB6HS","14.5","8.7","6.5","150"
"日工 メトロノーム ラミエール クリア 254","5006","58","","68","¥ 6,499","¥ 5,982","2","B000TX4EPU","","23","12.8","12.5","600"
"Moon River スピーカーセット カラオケセット 家庭用 拡声器 ワイヤレスマイク２本 充電式 ポータブル カラオケマシン 日本語説明書付","2860","56","50","51","¥ 10,980","","1","B0F8VKY574","B0G536XVQ4","36.5","31.6","19","2660"
"XVIVE エックスバイブ U4 インイヤーモニター ワイヤレスシステム(レシーバー、トランスミッターセット) XV-U4","4836","59","","515","¥ 34,100","","39","B081ZR2GND","B082YFD7QD","21.4","13.6","7.1","550"
"Fujirec フジレック ダイナミックマイク 10本セット XLR フォンケーブル ボーカル 有線 ハンドマイク (ブルー) (10)","11780","13","","27","¥ 12,300","","1","B0F7X9Q4DZ","B0F7XFSLLH","27.6","14.7","10","420"
"MAONO オーディオミキサー オーディオインターフェース ポッドキャストステレオミキサー XLR/3.5MM/6.35接続 paステージ機器用 ポータブルオールインワンセット 配信機材 マイク付属 YouTube Tiktok 生放送に適用 Android Windows macOS対応 MAONOCASTER AME2A","2865","70","","766","¥ 20,399","","1","B0FMJLP783","B0GL8BZ1CK","43.7","20.7","13.7","2530"
"Dayton Audio iMM-6C キャリブレーション測定 USB-C マイク iPhone iPad タブレット Android用 ブラック","2869","69","","234","¥ 9,599","","25","B0CMV914QV","","11.1","7.5","3.3","82"
"電子ピアノ 61鍵盤 折り畳み 初心者 練習用 軽量 手持ち 持ち運びケース ペダル付き 専用マット (白)","3577","59","50","143","¥ 9,899","","1","B0BK8QT6LT","B0BK8PFTC4","53","20","20","2800"
"Blackstarブラックスター ポータブル・ギターアンプ BEAM MINI エレキギター、エレアコ、ベース対応/Neural Amp Modelキャプチャのネイティブ読み込み可能/コンポーネントレベルのアンプモデリング搭載/Blackstar BEAMアプリ連携/Bluetoothステレオオーディオ再生","2886","59","","98","¥ 28,420","","18","B0GHBJHFMY","","22.7","14.9","14.4","1338"
"Gator Cases ゲーター ラックケース 10U スタンダードサイズ PE製 軽量設計 Standard Molded Rack Case Series GR-10L [ネジ/ワッシャー付属] 【国内正規品】","5198","11","","813","¥ 39,683","¥ 39,683","2","B0002BG4MA","B07QGJF6CJ","59.9","57.9","54.4","10070"
"Image Line FL STUDIO 21 Producer FL STUDIO 21シリーズ 国内正規品","2893","10","","7","¥ 32,560","","2","B0BYP17KS7","","23.7","19.2","5.2","120"
"MAHANCRIS ギタースタンド 2段ギターラック 3-5本ギター収納可能 アコースティックギター・エレキギター・ベース・ウクレレ・バンジョー対応 レコードプレーヤースタンド ギターアクセサリー棚付き EVA保護フィルム ホームミュージックスタジオ収納用 ブラウン GSBK6301","2896","53","","15","¥ 5,599","","1","B0FXWK9QTH","","44.5","33.3","12.2","4940"
"Donner HUSH-I PRO トラベルギター ポータブル ヘッドレスギター スマートギター イヤホン付きセット 複数のエフェクトモード 人間工学ネック スペースフライ","2898","65","","47","¥ 45,999","¥ 45,999","1","B0FMD9HG8F","B0GHRRC2GP","91.4","17.8","12.7","4990"
"jazzlab/saxholder PRO サックスホルダー・プロ","2901","45","","70","¥ 14,000","¥ 14,000","14","B07SRCJM3B","B07G9W6SQS","30.8","18.1","5.9","300"
"【国内正規品】RODE ロード VideoMic Me スマートフォン用小型・軽量指向性マイク VIDEOMICME","2902","53","","2693","¥ 8,034","","8","B018KIJGU8","B07MKM5VXP","18","12.9","6.4","160"
"OYAYO 9パッド 電子ドラム TD02 卓上型 ポータブル デジタルドラムキット 初心者向け ベロシティ感知 LEDライト MIDI対応 Mac/PC接続可能","3024","31","","22","¥ 16,500","","1","B0GS98JM82","B0H4KTQK8Y","43","20","10","2000"
"Sepia Crue セピアクルー エレアコギター EAW-01/N ナチュラル","2904","17","","25","¥ 17,817","¥ 17,817","3","B01FU989L2","B01FX66O3W","133.5","61","19","3000"
"Bicarus 1 ASMR 配信 バイノーラルマイク Xignal 耳型","2905","35","","2","¥ 16,800","","1","B0G6L342PZ","","25.3","20","12.4","430"
"SUZUKI スズキ 10穴ハーモニカ MANJI M-20 F CT調","2906","51","","1","¥ 5,198","¥ 5,198","2","B00K0GGB7A","B00RB633U0","11.2","4.6","3","91"
"クラリネット ，楽器， Bフラット,17 キー クラリネット 取り外し可能な ベークライトクラリネット 初心者・級位試験・本番に最適 多彩な出演者 木管楽器(ホワイト)","5220","4","","3","¥ 19,677","","1","B0D4VFZLRW","B0D4VSJZYR","2.5","2.5","2.5","200"
"TOMBO トンボ 複音ハーモニカ A#m調 プレミアム 21穴 3521","4879","40","","6","¥ 8,182","¥ 8,182","6","B0047YRTUY","B019W1UULG","17.2","4.9","3.2","186"
"Geekria ハードシェルトラベルケース Elektron Digitakt II/Digitone II/Syntakt 12 / Analog Heat MKIIと互換性あり オーディオサンプラー キャリングバッグ (ダークグレー)","5275","18","","10","¥ 6,175","","2","B0FF9RLC46","","36.2","27.6","11.8","730"
"Xvive Xvive ワイヤレス インイヤーモニター システム ブラック コンパクト 充電式 2.4GHz 最大27m伝送 モノラル出力 ステレオミックス ライブ用 XVU4 (受信機+送信機))","2233","30","","","¥ 34,100","","1","B0GTK85NVV","B0GTL2HQ8R","15.5","11.5","5.5","10000"
"Akai Professional MIDImix USB MIDIミキサーコントローラー","2919","43","","1506","¥ 12,981","¥ 12,981","7","B00XJE3W7C","","29.8","25.4","8.2","1080"
"Fender ギグバッグ Fender® FB1225 Electric Bass Gig Bag, Black","2931","48","","156","¥ 10,668","¥ 10,668","6","B074KSYCVM","","136.4","58","16","6160"
"SUZUKI スズキ 鍵盤リコーダー アンデス andes 25F 鍵盤楽器なのに笛の音 和音も奏でられる鍵盤リコーダー グリーン","5124","27","","157","¥ 13,200","¥ 13,200","4","B000WXD0XY","B01N809KTH","41","28.6","7.9","1330"
"Fender フェンダー ギグバッグ FB620 ELECTRIC BASS GIG BAG,BLACK","4860","56","","845","¥ 8,800","","5","B06Y1XXMYG","","127","41.6","9.7","1852"
"Lotustorks(ロータストークス) KABUKI MUTE for 4 string Bass ベーシスト専用ベースミュート (4弦用sweet&bitter)【特許出願済み】","3164","26","","7","¥ 6,700","","1","B0FVNFS4NL","B0FYD9LGGC","19.2","9.6","1.8","10"
"NOBUNAGA Labs ECLIPSE (エクリプス) 【4.4mm5極バランス/カスタムIEM2pin】 NLC-ECS","2937","12","","9","¥ 18,982","¥ 18,982","5","B0CNGHZH5J","","15.9","8.9","2.2","50"
"コスモM.Sテクノ アルミ製 折り畳み譜面台 収納バッグ付き F33A","2943","51","","18","¥ 5,280","¥ 5,280","5","B0CVNYY7XK","","43.5","11","7.3","910"
"Sennheiser ゼンハイザー MZH 600(MKE 600 アクセサリ)【国内正規品】 505454","2943","70","","108","¥ 7,830","¥ 7,830","3","B00IBIVVL0","B08NJP1ZZ6","22.2","7.4","7.4","130"
"RME USB オーディオインターフェイス Babyface Pro FS 【国内正規品】 銀","2945","80","50","167","¥ 143,000","","11","B081BVF3DH","","29.8","15.7","9.9","1890"
"Alesis Recital Play 88鍵 ピアノキーボード バンドル","2857","54","50","2520","¥ 22,980","¥ 22,980","1","B0CLVRL7YW","B0DPKVXSBB","133.3","38.1","15","10115"
"ソニケーキ SONICAKE SMARTBOX QME-20 コンパクトマルチエフェクター","2960","80","","291","¥ 12,100","","13","B0GDFK79WH","","14.8","13.3","5.7","408"
"GX-1B Bass Effects Processor マルチエフェクター ベース用","2967","55","","9","¥ 33,000","","10","B0GGZX4PCG","","37.6","21.2","9.6","1690"
"Sondery ギターハンガー 壁掛け オートロック式 角度調整可能 ギター ベース マンドリン対応 ニトロ塗装対応 ブラック","2969","57","","372","¥ 5,099","","1","B099RJB3XS","B09F37BZ8S","21.1","14.7","12.4","821"
"AKG (アーカーゲー) Lyra-Y3 【PODキャストや配信に最適なコンパクトモデル 4つの収音モード 本格的なレコーディングにも対応 ヘッドホン端子 振動ノイズを抑える高性能なショックマウント 】 サイドアドレス型USBマイク [ 3年保証モデル ]","5073","66","","206","¥ 7,998","","3","B083R6QZSY","","38.2","29.8","25.2","1300"
"Free The Tone SLK-DCL-6 ソルダーレスDCケーブルキット","3090","49","","39","¥ 9,570","","9","B07K1F99DG","","16.9","12.5","2.8","170"
"Cable Matters 2本パック 編組 1/4インチ TS - TS ギターケーブル 15フィート","2973","17","","31","¥ 6,579","","1","B0D327NGJK","B0D8J759WP","27","22.8","4.5","581"
"VOX(ヴォックス) ギター用 ヘッドホンアンプ amPlug Brian May ブライアン・メイ スペシャル エディション AP-BM","4880","62","","297","¥ 6,480","¥ 6,496","17","B0BZZT5ZSD","B0CDHQX5KL","17.8","12.9","4","100"
"NearStream AM20X USBコンデンサーマイク PC XLR 超単一指向性 ポッドキャスト/ゲーム実況/ボイズチャット/ASMR用 ノイズキャンセリング ワンタッチミュート 3.5mmヘッドホンジャック搭載 音量調整可能 PS5/PS4/パソコン(Windows/Mac)対応 YouTube/Skype ブームアーム/フォームウインドスクリーン付き ブラック","3189","43","","15","¥ 12,980","","1","B0F62LW84S","B0GWZZZ6BT","41.7","14.5","12.4","1050"
"FDUCE ダイナミックマイク、USB/XLR ポッドキャスト録音 PC、ボーカルダビングストリーミング用、ミュート、ヘッドホンジャック、モニターボリュームコントロール付きスタジオメタルマイク、ブームアーム付き (SL40+)","5037","66","","744","¥ 8,549","","1","B0CRYM5NLS","B0D4MCHZTF","40.2","14.9","10.7","1460"
"Xotic エキゾチック エフェクター ブースター EP Booster 【国内正規品】 黒,銀","2994","70","","517","¥ 21,590","¥ 21,809","14","B002UXS4JO","B08HLY1RYK","14","7.8","6.9","349"
"OUKMIC 長さ25インチ 三脚キャリーバッグ スピーカーライトマイク/マイクスタンド用","4951","31","","561","¥ 9,677","","2","B0D14JM4GH","B0CQL85G93","33.1","26.7","5.4","440"
"Xiraivkeアコースティックギター初心者ギター10点セット学生成人用38インチ入門練習子供、大人、フォークギター、弦、チューナー (ブラック)","5303","15","","6","¥ 5,550","","1","B0FM2ST8LR","B0FM2HWHF8","100","40","10","1000"
"【国内正規品】 VIBRAMATE ヴィブラメイト / V5 Short LEFT ( ビグスビーB5専用マウント・キット クローム ショート左用 ) [ V5 S C LEFT ]","12382","1","","1","¥ 15,556","¥ 15,556","1","B01MZGRL4Y","B01MZIAS0X","15.8","11.8","2.8","120"
"【ピアノ専門店のピアノ補助台】【高さ調整も可能】 簡単設置 足台 足置き場 ブラック 子供用 発表会でも使える グランドピアノ/アップライトピアノ/電子ピアノ対応 AS60 (ホワイトアッシュ 木目調)","5602","30","","16","¥ 8,980","","1","B0G5YB68TN","B0G6WN52Q8","50","30","19","10000"
"KES ケーイーエス 筐体をペダルライザーとして使用可能なパワーサプライ KIP-RISER VIII","3000","62","","13","¥ 11,390","","12","B0DPWGTXKH","","21.7","14.4","8.7","1120"
"【国内正規品・保証】JOYO ジョーヨー MULTIMODE WAH Pedal マルチモードワウ/ヴォリューム ペダル WAH-02 エフェクター","5332","21","","52","¥ 10,980","","1","B07KP5RFBD","","17.5","8.3","5.9","490"
"インターネット DTMセット Singer Song Writer Lite 9（Lite 10への無償アップグレード付き・Windows 11対応）解説本付属","5238","31","","23","¥ 12,800","¥ 13,333","2","B08KW6WSYC","B08VK4MDG9","25.9","20.8","9","2350"
"BONKYO F998 ボイスチェンジャー カラオケセット家庭用 DJ ミキサー セット ライブ サウンドカード 男声 女声/マイク スタンド/オーディオミキサー 配信機材 実況者や家庭用カラオケに適用 日本語説明書付き","5046","57","","18","¥ 5,500","","1","B0DKX45ZZP","B0CT4XTDLK","41.6","23.8","7.7","1510"
"ELECTRO-HARMONIX OP-AMP Big Muff Distortion Sustainer ディストーション","3017","35","","399","¥ 12,800","","45","B078HDPH3F","","14.4","8.7","7.1","310"
"【国内正規品】 ANTARI アンタリ フォグリキッド FLG5 フォグリキッド","3082","45","","27","¥ 5,200","","2","B084Z4TLD4","","30","18.6","14","5380"
"ZOOM(ズーム) iQ7 Lightning接続 ステレオマイク iPhone iPad対応","3020","69","","164","¥ 11,829","¥ 11,829","8","B08YRT9S3B","","21.9","11.1","4.4","160"
"WUQIMUSC プロフェッショナル クラリネット エボナイト ウッド ニッケルメッキ キー バレルリードアクセサリー 素敵なサウンド 丈夫なケース(ekey-clarinet-rose)","4734","13","","","¥ 57,682","","1","B0CCSR377R","B0CDKTN3F8","42.7","19.8","10.7","1207"
"AIAIAI TMA-2 MODULAR DJ Preset","3029","49","","775","¥ 26,820","","41","B00UVGCM3Q","","23.9","21.4","8.9","558"
"Akai Professional LPD8 USB MIDIパッドコントローラー","3031","76","","715","¥ 6,800","¥ 6,800","3","B0BF9MN8R2","","43.7","14.2","5","558"
"KORG(コルグ) デジタル・ピアノ録音ツール PianoRec スマートフォンで録音・録画/ライブ配信に最適/ミュートスイッチ付きマイク搭載 PIANOREC","3032","52","","22","¥ 6,937","¥ 6,937","17","B0DMV8H1YB","","20.8","13.2","3.5","120"
"ケース 三線ケース 高級なPU材制 防塵 防汚 防水 頑丈 老朽化しにくい ストラップと手がかりが付き (M)","3034","27","","4","¥ 6,280","","1","B0GWMN326T","B0H6639GF2","88","25","6","570"
"VIC FIRTH (ヴィックファース) ドラムスティック AMERICAN CLASSIC (Hickory) VIC-5B 4セットパック","3035","30","","1","¥ 6,100","","4","B0FXJZG21J","","41.2","6.5","3.4","440"
"Jinchuan 竹製篠笛 横笛 和楽器 伝統的な手作りお祭り・お囃子用 (7穴 7本)","2246","19","","2","¥ 6,099","","2","B0C4PH88MD","B0FV6RHTVY","44.4","9.7","3","80"
"ZOOM(ズーム) B2 FOUR ベースマルチエフェクター ブラック","3042","75","","37","¥ 22,076","¥ 22,076","14","B0BWJF4WW2","B0F6MFVQMJ","33","18.2","10.8","1300"
"TAGO STUDIO T3-01","3044","75","","19","¥ 69,300","","1","B06Y438C1G","","26.5","20","10.5","835"
"ヤマハ YAMAHA エレキギター PACIFICA PAC212VFM CMB 純正ソフトケース付属","3051","57","","113","¥ 36,800","¥ 36,800","5","B003VXFIN2","B01K1ILKMW","108","46","11","6001"
"Donner ドラム 練習パッド トレーニングドラム セット 静音 高弾 防振 ドラムパッドキット 打楽器 スネアドラムスタンド ドラムスティック3組 楽譜 収納バッグ付 12インチ ブラック","2115","65","","62","¥ 7,992","¥ 7,992","1","B0C13WZCDB","B0DG5MYZN3","40.2","35","13.7","4600"
"LAVA ME AIR ポータブル カーボンファイバー エレクトリック アコースティック ギター。オンボード エフェクトとマグネティック ピックアップを搭載した初心者向けトラベル ギター。ブラック","5385","31","","35","¥ 30,000","","1","B0D45G3TYK","B0D9LSH9XD","105","41.5","20","4480"
"BOSS ボス アコースティックプリアンプ AD-2 コンパクトエフェクター アコースティックギター/エレアコ","3062","54","","68","¥ 16,500","","13","B01MEHZFKN","","14.5","9","6.5","540"
"ONETONE ワントーン 電子キーボード ミニ37鍵盤 LEDディスプレイ搭載 USB-MIDI対応 日本語表記 OTK-37M/BK (USBケーブル付き)","3067","56","50","175","¥ 7,482","¥ 7,482","4","B097LZNV4S","B0B8M4XT4J","52.4","22.4","9.4","1380"
"Donner アンプ 電子ドラム 20W キーボード スピーカー 外部 小型 ミニ ワイヤレス 日本語取扱説明書 DDA-20 ブラウン","2204","18","","20","¥ 11,184","","1","B0F9FD8LWF","B0H4RQWJGT","34","28","26.8","4660"
"【大容量】湿度調整剤 80g×2 吸湿・放湿 両対応 クラシックギター・エレキ・ウクレレ・バイオリン他 モイスギア MoisGear 日本製 楽器用 (８袋)","3201","20","","9","¥ 15,960","","1","B0FJQK9HY7","B0FJR2VTDC","22","14","3",""
"ギター専用椅子 GGS-LIGHT（ブラック）","5101","53","","12","¥ 9,900","","3","B0G1SYFV1G","","60","32","12","3400"
"Boveda Music 49-RH 2-Way Humidity Control Replacement Use Fabric Holder for Size 70 Fret Bowed Wood Instruments Prevent Cracking and Warping 20-Count Rerotable Bag","3084","50","","2200","¥ 12,799","","1","B00J3ALWUU","B0FDQ5YNF7","17.9","14.5","10.7","1560"
"バンドーレン ソプラノサクソフォンリード V.12 硬さ:3 (10枚入り)","2199","59","","110","¥ 5,250","¥ 5,553","9","B002PO3YP2","B0711LM1C6","11.2","6.2","3","40"
"Umelody 子供用電子ドラムセット 初心者向け コーチ機能 コンパクト USB MIDI 椅子・ヘッドホン付き UED-60","3215","13","","17","¥ 12,999","","1","B0GSR6Y6Z1","B0GVB81V9W","66","31.7","22.9","6804"
"D'Addario WoodWinds ダダリオ リード ソプラノサックス用 USDAオーガニック認証取得済 RESERVE ODIR1045 [硬さ:4.5] 10枚入り 【国内正規品】","3046","45","","1","¥ 5,390","","2","B0BHWQVQ48","B0DJBTBQXS","10.8","7.1","2.7","40"
"ローランド ROLAND SP-404 MK II サンプラー","3091","70","","136","¥ 72,800","","13","B09J4NHRNM","B0FR1ZN7DM","43.2","23","13.4","2110"
"Pioneer DJ 5インチ 2wayアクティブモニタースピーカー DM-50D (Black)","5147","53","","298","¥ 25,324","¥ 25,324","5","B09KZTX6SD","B09NYP8RPQ","46","39.8","32.8","9320"
"D'Addario WoodWinds ダダリオ リード アルトサックス用 ROYAL RJB0125-B25 [硬さ:2.5] 25枚入り(個別包装) 【国内正規品】","3141","60","","999","¥ 10,500","¥ 10,500","2","B07PNQZSVR","B09HBG2LZB","12.7","12.3","8.7","115"
"青森ねぶた笛 籐巻き仕立て カシュー漆黒塗り 篠笛 ねぶた囃子","5453","16","","1","¥ 8,000","","1","B0F26F333F","","45","2","2","150"
"ギターワイヤレスシステム 送受信機 8時間連続使用可ギターに直接プラグ・イン エレキギターアンプ ブラック 4チャンネル エレキギター 内蔵の充電式リチウム電池 軽量 コンパクト オーディオエレキギターベースに適している 220°回転 100フィートの伝送範囲","3101","60","50","320","¥ 5,579","","1","B08R3P2KHD","","16.8","11","4.8","200"
"DJI Mic Mini 2S（1 TX + 1 RX） AIノイズキャンセリング","3111","0","","20","¥ 14,300","¥ 14,300","1","B0GKNBPMWX","","11.5","10.5","5.4","150"
"TOUGH-TX タフティクス ギグバッグ エレキベース用 YKK製TOUGH ZIPPER搭載 TX-EB1/GRY Gray","4645","27","","31","¥ 8,368","¥ 8,368","3","B09HZPVGK8","B09J8PR2GD","127","43","10","1900"
"BOSS ボス/BC-1X Bass Comp ベース用コンプレッサー","3114","81","","202","¥ 24,800","","10","B01B3E87W4","","15","9.6","6.6","550"
"OYAYO デジタル管楽器 EWI02 Pro ポータブル サックス管楽器 10種類の音色 MIDI & BT対応 内蔵バッテリー コンパクト 電子管楽器 初心者向け 自宅練習用 (ホワイト)","4803","59","","63","¥ 9,599","","1","B0F437T1YW","B0FD3H346Z","38.5","9","4.4","310"
"ベリンガー ポータブルサイズハイブリッドベクターシンセサイザー PRO-VS MINI","3121","22","","24","¥ 15,833","¥ 15,833","10","B0D16XQD71","","21.2","13.9","5.7","530"
"CME MIDI Thru5 WC 1入力5出力 MIDI Thru ボックス 5ピンDIN MIDI 高速データ転送","3122","62","","604","¥ 6,399","","6","B0B9ZJG69B","B0H3NYRMNV","10.3","9","4.1","160"
"山崎実業(Yamazaki) ハンギング ギタースタンド ブラック W28×D24×H114.3cm タワー tower 弦楽器 吊り下げ 収納 トレー付き 10760","3123","64","","4","¥ 11,009","¥ 11,009","10","B0GYCNN1DT","B0GYCHFKF7","115","28","13.6","7000"
"Numark Party Mix II LEDライト内蔵 DJコントローラー","3125","62","","4763","¥ 15,800","¥ 15,800","1","B092G5TQ5D","B0H8Q1X3M8","36.5","23.1","8.2","1402"
"Pearl パール ツインペダルソフトケース PSC-PBN","5431","40","","21","¥ 7,700","","4","B001NRDE5M","B0CX1TZCRY","43","33.2","22.6","2520"
"ヤマハ YAMAHA 電子ピアノ用 高低自在椅子 ホワイト BC-205WH","1699","53","","287","¥ 13,030","","9","B00IG4DUWM","B07YTSRVCD","62","38.6","19.8","10900"
"Goripedia 電子ピアノ 88鍵盤 キーボード 木製 日本語表記 MIDI対応 ペダル付き スタンド アダプター付 初心者 練習にピッタ 日本語説明書 ナチュラル","5212","15","","","¥ 15,999","","2","B0H413LPBW","B0H4G3K9DK","130","40","19","13000"
"【 配信力アップ 簡単に音を整える 】Triton Audio Kompressor （ トリトンオーディオ コンプレッサー ） マイク アンプ プリアンプ マイクプリアンプ ダイナミックマイク ノイズ 自動音量調整 正規品","5495","35","","4","¥ 15,980","","1","B0F52QB4X3","","18.1","13.5","3.3","90"
"KALA ベース弦セット ウクレレベース ワウンドタイプ KA-BASS4 U-BASS","3142","48","","342","¥ 9,605","","136","B010MOPD6Y","B07K1FD1ZQ","17.4","15.8","1","18"
"JOYO Bluetooth搭載 5W 充電式ミニアンプ JA-02 II BLACK/WHITE","5309","44","","20","¥ 7,700","","1","B0CLTMRFT5","","16.2","11.2","9.1","480"
"U`King 70W14 LED防水パーライトステージライト 舞台照明 RGBW DMX512自動モード音声起動 置き型おしゃれ調光小型サウンドアクティベーションとストロボ効果/dj/雨の日/プール/アウトドア/カラオケ/ディクソ/パーティー/バー/クラブ/ディスコに使用","3144","36","","58","¥ 10,999","","1","B0C3QWJS65","B0FPQLDFDN","29","29","17.2","3250"
"Pearl Demonatorシリーズ ドラムペダル P-930","3267","21","","382","¥ 14,240","","12","B00BIBBKJA","","35.1","25.4","16.7","2232"
"Roland(ローランド) FP-10-BK 電子ピアノ ポータブルピアノ","3146","81","","1726","¥ 68,200","","8","B07MH391ZF","","139.7","41.9","27.9","17690"
"cossain EWI 管楽器 midi電子サックス 13トーン 笛の指法とサックスの指法 高低八度切替 エアブロー感度 リチウムバッテリー Bluetooth&MIDI 教師 大人 高齢者","3148","41","","3","¥ 9,899","","1","B0H1C45N3B","","48.5","14","5.9","460"
"HOTONE Pulze Mini 小型モデリングアンプ ミニアンプ ホットーン (ブラック)","5205","9","","20","¥ 23,800","","9","B0HCV289BS","B0HCTWTFY3","20.8","14.5","8.2","710"
"Snark Guitar Tuner (SNARK1)","3162","65","","409","¥ 7,537","","4","B09ZPZK9NF","B0CGL5PFLP","10.8","8.9","5.6","80"
"チェロ弦セット LARSEN SPIROCOREクローム巻","3168","42","","24","¥ 31,900","","3","B003VFZ3OE","","13.3","13.2","1.8","50"
"KC マイクスタンド ストレート MCS-4400/WH ホワイト x 6本セット (ソフトケース、マイクホルダー付)","3209","17","","414","¥ 28,455","¥ 28,455","1","B01BEXM74S","B073VKPN1T","81","28","21","14200"
"Enya CYBER-G Pocket ギター、0.8kg折りたたみ式スマートギター・スピーカー＆ 15種類以上の楽器音色内蔵","3169","30","","53","¥ 30,400","","1","B0GX89Z3F4","B0GX9FXQQ6","29","18.6","9.2","1451"
"サンワサプライ MM-SPAMP4/7用ワイヤレスマイク追加・交換 MM-SPHMW4","3176","70","","19","¥ 11,645","¥ 11,645","37","B016U0VT2Q","","29.7","6.9","6.5","250"
"ヤマハ(YAMAHA) 電子キーボード PSR-E483 61鍵 タッチレスポンス 860音色 音楽制作 録音機能 ライブ演奏 マイク接続","3179","52","","6","¥ 49,000","¥ 49,000","7","B0GQFQHZGJ","","106","50","21.6","10000"
"ウィットナー メトロノーム タクテルピッコロ オレンジ 830231","3180","52","","2108","¥ 7,980","","3","B000WBFLJ2","B071CD886G","16.4","7.6","5.7","180"
"キクタニ (Kikutani) ショートブーム マイクスタンド 卓上スタンド AD-63","3182","44","","41","¥ 7,480","","4","B000UIRQKO","B07VF58ZVY","47.4","10.8","9.4","3220"
"LiNKFOR 2チャンネルアクティブステレオオーディオミキサー 3.5mm&RCAポート付き","5432","37","","39","¥ 9,294","","2","B0FR1BR61X","B09KZG832L","18.1","9.6","6.8","381"
"ヤマハ YAMAHA エレキギター PACIFICA112V ヴィンテージホワイト PAC112V VW","3187","62","","371","¥ 33,931","¥ 33,931","7","B085MTMNJ4","B0FNDQCMCC","108.4","46","11.6","5000"
"STRICH ギターデスクスタンド デスククランプ付き 高さ調節可能 頑丈な金属製 ギターデスクマウントアコースティックギター、エレキギター、ベース用 TGS-1","3198","71","","75","¥ 5,933","","1","B0DF74T3ZD","","44.1","24.5","14.2","1950"
"Maker hart Loop Mixer 5チャンネルステレオ音声ミキサー (白い, フルセット)","3216","57","","56","¥ 11,399","","1","B07P387RQ6","B07NY1JJGM","22","16.5","8","760"
"ddHiFi TC19CC (Comet) フラッグシップ ピュアシルバー デュアルUSB-C HIFIシールドデコーダー スターリングシルバー オーディオ信号アップグレードケーブル4線平行デザイン (25CM)","3217","39","","16","¥ 13,880","¥ 13,880","2","B0FFN7N4PR","B0FFN7NCZD","17","6.7","3.4","90"
"Carlo Giordano カルロジョルダーノ バイオリンケース OBL-170 4/4 GRY グレイ","3217","22","","16","¥ 16,720","¥ 21,111","4","B01LCK5PEC","B07MZ7VPKG","80","25","16.5","1920"
"PROEL 10ch コンパクトミキサー 24bit 100種デジタルエフェクター内蔵 MP3録再機能 Bluetooth搭載 オーディオインターフェース機能 PLAYMIX10 JP","3219","18","","1","¥ 24,039","¥ 24,039","2","B0F87Y3GLR","B0F87Z6G9J","47","30","10","3500"
"【国内正規品】Hercules DJControl Inpulse 500｜初心者安心ビートガイド機能搭載・クラブイベント対応DJコントローラー","3224","56","","4","¥ 41,977","¥ 41,977","1","B086WHSX7J","B0GGY77YXF","62.5","36.1","13.4","4590"
"GOKKO ギターエフェクター ボード ペダルボード 収納バッグ付き(M-橙色)","8288","21","","68","¥ 5,966","","1","B0C7Z3RQK4","B0DGGF43BW","41.9","32.8","9.9","2270"
"Pioneer DJ DJヘッドホン HDJ-X5-K","3226","69","","1118","¥ 13,200","¥ 13,200","7","B075HCCMTW","B075JD3K74","34.7","29.5","8.8","970"
"STRICH ピアノ椅子 キーボードベンチ ピアノチェア 高さ調整可能 楽譜収納付き 安定感 座り心地よい 頑丈 滑り止め 180kg耐荷重 ブラック SPB-20","3228","38","","100","¥ 12,132","","1","B0F3CHNPPS","","67.3","37.2","23.6","11740"
"KASUGA 春日 キョンセームクロス 15デシ (約35cm x 35cm)","3205","35","","442","¥ 6,980","","1","B00ALNW4E6","B07GP9XTS9","26","20.3","2.2","68"
"【整備済み品】 ヤマハ ユニファイドコミュニケーション マイクスピーカーシステム YVC-1000 (整備済み品)","3247","54","","6","¥ 101,980","","6","B09VSBWB2L","B09VS56N1P","39.9","25.4","24.7","3740"
"【総代理店】 限定版 Bowie Stylophone ボウイ スタイロフォン 【日本語説明有り】 シンセサイザー ポケットシンセサイザー LIMITED EDITION","5794","22","","1518","¥ 7,090","","1","B09BJZQGN8","","18.7","11.4","5.4","300"
"SHURE シュア SM35-XLR パフォーマンス用 ヘッドセット コンデンサーマイクロホン インラインRPM400プリアンプ （XLR接続変換用）付属 【国内正規品/メーカー保証2年】","3251","57","","438","¥ 26,000","¥ 26,000","5","B00IVPG0SW","B01HXIIU58","19.1","16.2","7.9","310"
"TERENCE キーボードスタンド 三角Z型 57~80cm高さ7段階調節 堅牢で安定 54/61/73/76/88鍵電子ピアノに対応","3258","57","","109","¥ 5,098","","1","B0CP9DH9H6","","81.5","41.5","11.5","4620"
"MAONO ワイヤレスポッドキャストマイク ワイヤレス/USB/XLR接続可能 PC ダイナミックマイク マイクスタンド付き PC/スマホ/カメラ/ミキサー/プレステ対応 48kHz/24bit ソフトウェア ノイズキャンセリング ミュート ポッドキャスト ライブ配信 ゲーム実況 ボイスチャット ストリーミング コンテンツ制作 ホームスタジオ ボーカル録音 テレワーク PD200W Hybrid","3260","57","","28","¥ 19,199","","1","B0GY8RJ5KH","B0HC4JTB2N","22.9","19","13.5","1480"
"KIMAFUNヘッドセット/ヘッドウォーンマイク シングルイヤーセットイヤーフックオーバーイヤーハンギングコンデンサー マイク Audio Technicaワイヤレスシステムボディパック送信機と互換性あり パフォーマンス、劇場、講義、ポッドキャストに最適 ベージュ","5807","22","","8","¥ 5,399","","3","B0D791K1KR","B0D7PV7S1Y","15.6","9.3","2.5","50"
"電子ピアノ 88鍵盤 折りたたみキーボード Piano 軽量 携帯便利 MIDI対応 子供 練習用 初心者 日本語表記 日本語説明書付き (ピンク)","3262","24","","4","¥ 16,190","","1","B0G8YPDKPG","B0G8YDDS3G","75","30.5","17","5300"
"Donner HUSH X LIVE エレキギター トラベルギター ヘッドレス 着脱式アンプ搭載 アンプモデリング＆エフェクト内蔵 白","3263","9","","","¥ 55,983","¥ 55,983","1","B0GXJDJB23","B0HDP82RYN","96.5","20","16.5","5220"
"山本竹細工屋 (YAMAMOTOTAKIZAYIKUYA) 尺八 琴古流 正律（D）管 高級管 １尺８寸管 真竹（桂竹）","5614","34","","108","¥ 13,500","","1","B0766Y4S79","B0766T4GLF","54.5","4.5","4.2","260"
"LIVE LINE ライブ ライン PURE CRAFT スタジオシリーズ ギターケーブル 3m LSCJ3mS/L","2323","26","","21","¥ 5,300","","6","B00N9QSM0C","B0183E4RQ2","26.8","12.6","5","304"
"STRICH キーボードスタンド 折りたたみ式 幅/高さ調節可能 ピアノスタンド 54/61/73/76/88键電子ピアノ対応 & ピアノイス ベンチ 調節可能なスツール ピアノキーボード用 ブラック","3271","23","","99","¥ 11,412","","1","B0G29NR6WM","B0HCBXT4JR","81.3","38.1","25.4","11998"
"PreSonus Eris 3.5BT(2nd GEN） 2ウェイ・アクティブ・モニター 3.5/ inchs Bluetooth対応（ペア）","3235","48","","41","¥ 20,290","","4","B0CJ55L3VM","","40.4","28.5","22.5","4040"
"スリットドラム タングドラム 13インチ 15音 Cメジャー スチール製 打楽器 ドラムスティック付き 瞑想・ヨガ・音楽演奏に最適","3275","20","","2","¥ 8,599","","1","B0H24CGRXD","B0H2499LY5","32","32","15","4000"
"Squier by Fender スクワイヤー エレキギター Squier Sonic™ Stratocaster® HSS, Maple Fingerboard, White Pickguard, Tahitian Coral ソフトケース付き","5632","26","","206","¥ 25,700","¥ 28,889","7","B0BVGQG2HD","B0FNQV8P31","112","38","11.5","4200"
"ERNIE BALL アーニーボール ギター/ベース用 パッチケーブル Flex Patch Cables 6462 ブラック マルチパック","3277","56","","70","¥ 10,909","¥ 13,889","17","B0D7ZBHWBC","B0DK8Y1HPZ","17.8","15.7","4.2","430"
"VOX Nutube搭載 ギター用 超小型 ヘッドアンプ MV50 Rock 驚きの軽量設計 50Wの大出力 アナログ回路 自宅練習 スタジオ ステージに最適 持ち運び アグレッシブなディストーションサウンド","3279","51","","18","¥ 19,835","","9","B06XGSZDT3","B06XSFJGL5","25.3","21.3","9","1310"
"Pearl パール バスドラムパッド シングル・ツインペダル対応 BD-10","3281","64","","167","¥ 7,920","","14","B000VTDLRE","B0927Y4NX7","44.5","20.8","7.5","2953"
"Pedaltrain エフェクターケース NANO Plus [国内正規品] (PT-NANO Plus エフェクター用ペダルボード&ソフトケース付属モデル) PT-NPL-SC","5644","36","","522","¥ 10,450","","4","B00XDUNKYW","","53.3","21.6","14","2018"
"KALA カラ ウクレレ The Voyage Collection マホガニーボディ コンサート KA-GUIDANCE-C_W/BAG [ギグバッグ付属] 【国内正規品】","3362","31","","124","¥ 14,444","¥ 14,444","1","B0CD9TBWYZ","B0CTMBGFBM","69.8","26.7","11.4","1157"
"Roland ローランド ドラムトリガー RT-30K キック用トリガー バスドラム ハイブリッドドラム","3299","38","","435","¥ 12,425","","9","B00V5BO60S","","27.9","16.8","15.6","540"
"[MRG] キーボードスタンド Z型 ステージ スタジオ ライブ適用 高さ調節可能 ピアノスタンド 54/61/73/76/88鍵盤電子ピアノ対応 (ホワイト)","3269","49","","11","¥ 7,990","","1","B0DSZSNT54","B0DSZJJFC4","57","49","10","8000"
"地震対策用インシュレーター スーパーセーフティインシュ UP用 （黒）","3309","44","","83","¥ 6,716","","5","B0078IZZUC","","20.8","15.6","15.6","2880"
"ヤマハ 鍵盤ハーモニカ ピアニカ ピンク (ピンク)","5137","41","","96","¥ 5,500","","1","B0BWRHYSPG","","45.1","16.8","5.7","1280"
"Roland ローランド/AIRA Compact T-8 BEAT MACHINE【USB電源アダプター ＆ 純正ケース「CB-RAC」セット！】","3322","31","","4","¥ 28,380","","2","B0BJZQPXCK","","60","60","40",""
"SUZUKI スズキ ベルハーモニー・デスクタイプ 派生音5音 追加音セット MBD-5","2249","41","","2","¥ 7,325","¥ 7,606","4","B0011EHY44","B06XS92WV3","26.3","17.4","9.8","712"
"Pearl パール ドラムペダル REDLINE STYLE P-920","3325","43","","100","¥ 11,440","","14","B01NBAN80N","B0CN3GMPSS","37.2","22.8","17.4","2660"
"Enya EUT-MS テナーウクレレ初心者9点セット マホガニー全単板 美しい桜の花ヘッド・ケース・チューナー・ストラップ・スペア弦と他5点のアクセサリー付属","3328","43","","24","¥ 12,400","","1","B0B8DBWTH7","B0B8GY5BVD","73.8","31.8","14.4","1950"
"ZOOM(ズーム) H5 ハンディレコーダー マイク交換型 4トラック録音 ASMR","3335","62","","121","¥ 25,800","¥ 25,800","8","B00KT3E1IK","","23.1","16.7","8.7","660"
"VingoBow ブラジルウッド・コントラバスボウ 3 / 4サイズ 74cm German Upright Bass Bow","3336","49","","106","¥ 8,295","","2","B01DXRWQ6M","B0B6B7BVL5","77.5","7.6","7.6","544"
"電子ピアノ 折りたたみ 88鍵盤 ポータブル 軽量 コンパクト セミウェイトキー付き 128つ音色 127つリズム 20つデモン Bluetooth付き midi付き ダブルキーボード付き ヘッドホン付き ペダル付き 作曲 初心者","5766","25","","9","¥ 12,999","","1","B0DX1KF8JJ","B0DB5FDVQG","70.4","32.9","19.3","5670"
"セルマー・パリ ソプラノサックス マウスピース コンセプト(Concept)","3343","23","","94","¥ 27,000","¥ 27,391","6","B00O1X7ZBY","B074P4F4S3","11.8","5","5","48"
"SUEHIODHY のアクリルのキーボードのホールダーの陳列台 1PCS タブレットの額縁のための多彩な機械キーボードのホールダーの貯蔵の立場","5330","36","","212","¥ 5,393","","1","B0B941F821","B0B1WFY4MG","18.1","14.7","3","270"
"D'Addario ダダリオ クラシックギター弦 プロアルテ Long-Lasting Composite Normal EJ45C x 10セット 【国内正規品】","3358","43","","827","¥ 29,601","¥ 29,601","1","B009RIJUEI","B0166BY02A","12.5","11.9","8.6","300"
"BETOPPER 54x4W 4 in 1 RGBW LEDステージライト撮影録画ハイCRI舞台照明ガンダムスポットライト調光ディスコライトパーライトdj disco light for party カラオケパーティーライト, DMX512 4/8CH 専門設備 高輝度 音声連動 多色変更 舞台/演出/結婚式/パーティー/カラオケ/バー用","5811","20","","8","¥ 9,999","","1","B0DFH83RQY","B0DJR1NKVJ","26.1","25.8","11.9","1730"
"CAHAYA エレキギター ハードケース 25mm厚パッド ネックピロー付 2本キー付 PVC防水","1736","39","","19","¥ 10,907","","1","B0CXDRRF42","B0DDKLTWSZ","113","43","15","4000"
"BEHRINGER ベリンガー C-2","3391","60","","2808","¥ 8,800","¥ 10,556","5","B000CZ0RLU","B0H4HQZWR4","30.3","13.2","8.4","700"
"Blackstar ブラックスター ギターアンプ DEBUT 30E クリーン/オーバードライブ/ライン入力/ヘッドフォン出力/テープ・エコー・エフェクト内蔵 クリーム DEBUT 30E CREAM OXBLOOD","5742","40","","1","¥ 26,000","¥ 26,263","5","B0DHCBFKR7","B0DVPSNBHC","420","46","27.7","9600"
"KORG(コルグ) FMシンセサイザー 6ボイス コーラス リバーブ 電池駆動 スピーカー内蔵 ヘッドホン使用可 どこでも使えるコンパクトサイズ volca fm2","3394","41","","257","¥ 22,000","","7","B09XXLXVFS","","30.3","21.4","16.3","840"
"HZDMJ 電子ピアノ 88鍵盤 折り畳み式 電子 ピアノ 充電型 MIDI対応 200種音色 二つステレオスピーカ 初心者向け Piano 練習用 イヤホン 日本語説明書 日本語操作ボタン 専用ケース付き コンパクト 携帯型 持ち運び 軽量 子供 ピアノ練習 新学期 教学 演奏 12点セット 黒","5707","45","","19","¥ 13,580","","1","B0DCYXWDJJ","B0HGRCB699","72.8","32","16.7","4680"
"3年保証モデル 【AKGプロ公式ストア】 AKG プロフェッショナル オープンエアー型 モニターヘッドホン K701-Y3 オリジナルステッカー付き K701-Y3-E","3412","36","","114","¥ 31,900","","1","B0872LDNQ1","","36.1","29.3","16.6","1550"
"BOSS ボス ループステーション 2トラックルーパー RC-500 最大13時間録音 バックライト付きLCD搭載 XLRマイク端子搭載 ステレオ対応 AC/電池の2電源方式 ギター/ベース/マイク","3413","29","","410","¥ 43,450","¥ 42,126","9","B08KJ4QM7F","","25.1","20.2","11.6","1550"
"【正規品】SKYSONIC スカイソニック WL-800JP アコースティックギター用ワイヤレス・ピックアップ","3414","40","","73","¥ 37,179","¥ 37,179","10","B07XNZ6FVY","B0BJ9WM2FK","23.9","18.5","9","610"
"Free The Tone SL-4L-NI-10K ソルダーレスケーブルキット","3420","76","","49","¥ 14,300","","10","B07T6H92T3","","16.8","12.2","2.6","200"
"AT2020(新仕様) コンデンサーマイク 安心スターティングセット01-3m純正マイクケーブル、ポップブロッカー、アームスタンド付-","2765","38","","46","¥ 17,800","","1","B08BTJ5DX4","","47","35","20",""
"【国内正規品】RODE ロード PSA1 スタジオ用マイクブーム PSA1","3422","51","","14770","¥ 14,980","¥ 15,455","3","B001D7UYBO","","53.6","21.2","8.9","2200"
"Umelody Umelody エレキギター初心者セット STタイプ HSS 5WAY フルサイズ アンプ・チューナー付き UST-200 ブラック","3423","28","","11","¥ 12,999","","1","B0GKMH14LJ","B0GVB6QGY3","107.9","39.4","11.4","5806"
"BOSS/OC-5 Octave ボス","3266","59","","309","¥ 22,000","","16","B08J3NVL57","","20.1","11.5","7.9","515"
"Donner ドラムスローン 調節可能 ドラムスツール 椅子 パッド入り チェア オートバイスタイル","5657","45","","63","¥ 6,219","¥ 6,219","1","B07X9L1VNF","","51.4","42.6","18","5940"
"Ibanez(アイバニーズ) GIOシリーズ エレキベース Baltic Blue Metallic GSR180-BEM","3428","33","","144","¥ 26,800","","3","B083WMYP8H","B0CKHF9QPX","120","45","10","4600"
"Longeye 電子ピアノ 61鍵盤 超小型 10㎜ストローク バッテリ内蔵 長時間利用可能 練習にピッタリ 収納バッグ付き ペダル付き MIDI対応 譜面台 鍵盤シール（黒）","12151","14","","308","¥ 14,280","","1","B08JM1VDZP","B08NV893KS","92.5","27","13","5300"
"スズキ(Suzuki) SUZUKIクロマチックハーモニカ シリウスシリーズ S-64C ロングストローク","3430","71","","75","¥ 34,650","","6","B0064RCWQI","B01BOKFC2U","30.4","8.9","5.5","538"
"BOSS OverDrive OD-3 黄色","3431","75","","176","¥ 14,300","","16","B000RVYYJ0","","15.3","9.5","6.4","480"
"Elgato Wave Mic Arm – ストリーミング&ポッドキャスティング用スタジオブームアーム(ケーブルチャンネル・デスククランプ・ライザー付属)、USB & XLRマイク対応","3434","39","","4","¥ 15,840","¥ 15,840","1","B0FZSRQMPC","","53.8","27.6","8.4","2640"
"ヤマハ YAMAHA スタジオ音質ヘッドセット YH-G01 ブラック","3443","49","","44","¥ 9,900","¥ 18,717","9","B09WRV4DS9","","36.6","20.1","11.1","620"
"ADM エレキギター 初心者キット フルサイズ ギターセット アンプ、ケース、ストラップ、弦、チューナー、ケーブル、ピック付き (サンバースト, 39インチ)","3445","3","","5","¥ 14,280","","1","B0H2LSKG6W","B0H2LRHK6P","101.6","37.8","11.7","6410"
"カラオケスピーカー ワイヤレスマイク2本付き ポータブルBluetooth対応 家庭用カラオケ機器 PAスピーカー TWS／USB／TF／録音／AUX／テレビ接続 大人・子供向け パーティー用","3454","39","","113","¥ 7,580","","1","B0GR8X8497","B0H41FR1LF","35.2","27.5","16.4","2070"
"SEIKO セイコー リモコン操作のモーター式振り子メトロノーム ブラック EPM5100B","6021","37","","19","¥ 8,800","¥ 8,889","4","B084XGQRB6","","29","11.8","11.2","730"
"Free The Tone/SLK-SLIM Solderless Slim Cable Kit パッチケーブルキット フリーザトーン","3462","71","50","67","¥ 14,915","","11","B0BHLHVRHP","","16.7","12.4","2.7","170"
"U`King ステージライト 36個LED 舞台照明 リモコン付き ディスコライト DMX512 高輝度 音声起動 多色変更 アップライト ステージ照明 屋内カラオケ/結婚式/ディスコ/演出/舞台/パーティー/クラブ/バー イルミネーション 4個セット","5526","49","","644","¥ 11,999","","1","B07CZHMPWZ","B0CN6DLG3N","40.2","24.2","20.9","3320"
"ルネセイコウ 【日本製】 折りたたみ椅子 座面無段階調節(46-81㎝) ステップ付き カウンターチェア キッチン ピアノ 楽器 椅子 (ジャンボベストワークチェア) ダークブラウン LP-600D [メーカー保証1年]","3465","13","","5","¥ 15,301","¥ 15,301","1","B0B8MD1LQQ","B0BBKR14L5","113.5","34.5","11","6000"
"Rxakudedo ハンドパン ドラム 432HZ ハンドパンドラム楽器 ハンドパンドラム ハンドパン スチールドラム 楽器 22インチ ブラケットを収納袋付き","3472","24","","1","¥ 23,999","","1","B0FL28CF3H","B0HG9NY9NN","58","58","20","5000"
"KORG シンセサイザー シーケンサー electribe2 BL エレクトライブ2 メタリックブルー ダンスミュージック 音楽制作 ライブパフォーマンスに最適 Ableton Liveと連携","3473","9","","158","¥ 39,900","","5","B01IQYLGHW","B01N0EJJ2O","47.6","24.2","7.6","2430"
"BOMGE-04F 4チャンネルdjオーディオサウンドミキサー、MP3 / USB Bluetooth、ステレオレコード/ 48V / 16 DSPエコーエフェクト、ライブブロードキャスト、カラオケ、パフォーマンス、教会の歌、音楽制作 (BLACK-04F)","3473","51","","511","¥ 5,790","","1","B09CKYZDSK","B09CL3898F","24.8","24.6","6.3","670"
"Xiraivke アコースティック 10点セット 学生 大人用 初級 アコギセット 38インチ 入門練習 学生、子供、大人向けの初心者練習用ギター、用セット、、アコースティック、弦、チューナー (ナチュラル)","9067","16","","17","¥ 5,350","","1","B0F8J6QBB9","B0F8J1M4Y8","1","1","1","1000"
"ONKODO モガミ 2791 赤白2本ペア XLRマイクケーブル 0.5m","5998","29","","21","¥ 7,100","","1","B0BMT7ZT33","B0BMT1478Q","25.7","17.5","3.2","170"
"Kithouseワイヤレスマイク カラオケ 無線マイク 充電式ダイナミックマイク UHF 10チャンネル 技適認証済","3477","43","","171","¥ 9,999","","1","B07T2YMVS3","","27.6","18.2","7.9","780"
"ヤマハ 電子キーボード用ソフトケース SC-KB730","3477","6","","3","¥ 7,900","¥ 7,900","3","B0CLCQNQZD","","132","38.8","11.8","1360"
"MEINL Percussion マイネル シェイカー ミニカホン型シェイカー 3個セット SH50-SET 【国内正規品】","3479","42","","178","¥ 5,000","¥ 5,000","2","B00SO607IC","B075KDD67K","15.5","8.7","5.8","220"
"【日本製】YJB PARTS 高精度ギター用フレット 大容量 業務用ボリュームパック 交換・リペア用 高硬度フレットワイヤー NS18%（HV-200）35cm×20本 (2.0mm×1.0mm)","3483","30","","4","¥ 5,250","","2","B0C963ZDT8","B0C9624N2Q","33.4","7.9","1.3","160"
"Fender フェンダー エレキギター Player II Telecaster®, Maple Fingerboard, Butterscotch Blonde ソフトケース付き","3484","15","","12","¥ 103,950","¥ 105,000","7","B0D2LQNDS7","","106.9","38.1","11.9","4400"
"SONICAKE ファズ ギター エフェクター ペダル Fazy Cream","3491","64","","614","¥ 5,940","","6","B089KD8MZC","B0CPFZMRZJ","10.1","6.5","6.2","304"
"バック トランペット マウスピース 1 1/2B 銀メッキ仕上げ","3501","28","","52","¥ 9,778","¥ 9,778","14","B0002E2AHA","B076LX1KHZ","10.8","3.3","3.2","100"
"Eastar クラリネット ニッケルメッキ B調 Clarinet ABS樹脂管体 ベーム式 お手入れ付 初心者向け 黒 ECL-300 開学 プレセント","3503","35","","375","¥ 15,299","¥ 15,299","1","B07J2YWYTL","B0H8CHWK7F","38.4","27.6","13.7","1700"
"TAMA タマ 練習パッド用スタンド 6""~10""対応 HS40TPN","3505","40","","38","¥ 5,720","¥ 5,730","4","B07SGZDZVJ","B082DFXB17","29.8","14.8","10.8","2400"
"ACME アクメ 擬音笛 サイレンホイッスル AC147 【国内正規品】","3509","32","","43","¥ 6,851","¥ 6,851","7","B001FLKZNA","","7.6","3.2","3.2","40"
"ヤマハ(YAMAHA) ギタレレ ナチュラル GL1 ウクレレのようなコンパクトなボディサイズ どこにでも持っていける手軽さ 専用ソフトケース付属","3512","79","","3164","¥ 9,882","¥ 9,882","10","B000RVYMWE","B07HJ8CDM7","72.9","30","9.6","1460"
"RVONEギターペダルボード内蔵電源、アルミ合金ポータブルペダルボード、バッグ、ペダルケーブル、フック&ループ (小型（19.09×5.11インチ）)","3515","55","","201","¥ 16,782","","12","B0DRNWC2BS","B0FLQ1VPYJ","54.6","19.4","10.4","1620"
"Monster Cable(モンスターケーブル) MONSTER CABLE楽器用ケーブル ギターケーブル 長さ 12ft 直XLプラグ M ROCK2-12A 600541 【国内正規品】","3517","43","","140","¥ 8,250","¥ 9,444","17","B086T7D8WS","","21.8","21.4","5.2","503"
"トヤマ楽器 AULOS(アウロス)ロビン テナーリコーダー バロック式 211A(E)","3517","42","","387","¥ 5,010","¥ 6,050","4","B00GQNRVKC","","40.5","9.6","5.2","480"
"Ulanzi D200X ストリームコントローラー【3つノブ+ 8-in-1ドック搭載】14個LCDキー 4K HDMI対応 SD/TFカードリーダー PD急速充電 USB3.0高速転送 左手デバイス マクロキーボード 日本語対応 OBS/動画編集/写真編集/ライブ配信対応 Mac/Windows対応 Creative Deck 2026年新版","2173","64","50","54","¥ 14,397","","1","B0GKNW51BK","","19","15.6","11.9","610"
"バンドーレン Vandoren E♭クラリネットリード V21硬さ : 3 (10枚入り)","3524","19","","14","¥ 5,136","¥ 5,136","4","B06WVCBPDB","B0773L5D32","11.5","6.2","3.1","40"
"Fibracell Reed ファイブラセルリード プレミア アルトサックス 3.5","3528","32","","693","¥ 5,300","¥ 4,840","5","B009O9RH0O","B01CCOAYFC","9.2","2.6","1","40"
"BOYA BY-V4U iPhone 15/16シリーズ、充電ケース付きAndroidスマートフォン用ワイヤレスラベリアマイクロホン 18時間のバッテリー寿命、ビデオ録画用4チャンネル全指向性ノイズキャンセリングラベリアマイクロホン","3532","19","","30","¥ 16,199","","1","B0CS2CMZD5","B0DQPN2LMD","15.5","9.3","5.7","300"
"POGOLAB ワイヤレス インイヤーモニターシステム UHF帯 低遅延 48kHz/24bit 7切替チャンネル 5時間バッテリー 音量調節可能","3376","44","","21","¥ 5,399","","1","B0GZW4MFMX","","15.1","12","4.1","180"
"HERCULES (ハーキュレス) TravLite アルトサックス スタンド DS431B","6134","34","","131","¥ 5,281","¥ 5,334","8","B00267QDAG","B08RYY243F","31.7","14.1","6.9","449"
"Sennheiser ゼンハイザー XSW 2-ME2-JB ラベリアセット (ME 2-II付属) 【国内正規品】 508919 手軽に使えるワイヤレスマイク","3548","29","","","¥ 69,003","¥ 69,067","6","B08ZJ3RPL7","B0CLKQPYS3","34.7","34.4","8.6","2010"
"YAMAHA ヤマハ ポータブルミニキーボード Remie PSS-E30 + ダストカバー セット","3549","37","","16","¥ 8,980","","1","B08WH7Y8TW","","40","30","25",""
"Vital Audio POWER CARRIER VA-05 Mk-II Limited Edition パワーサプライ エフェクター 電源 コンパクト バイタルオーディオ","5884","59","","3","¥ 10,890","","2","B0GT8LDWT6","","15.5","11","8",""
"ヤマハ YAMAHA ABS樹脂製 リコーダー テナー バロック式 YRT-304B II 木製のノウハウを注いだ新設計 芯のあるまろやかな音色と全音域のバランスの良さが特長","3550","32","","64","¥ 6,227","¥ 6,227","5","B000PINHMU","B08JH1R12K","41.2","9","4.8","340"
"Pearl パール ジュニアサイズ・ドラムセット ROADSHOW JR. ジェットブラック RSJ465/C #31","3552","16","","36","¥ 43,560","","3","B07Y9RQWS7","B0DSBHTCFL","61.5","54","53","23690"
"ADAM AUDIO D3V White モニタースピーカー","3556","75","","102","¥ 43,000","","12","B0DGBMCJXZ","B0DJQHQ4XK","34.3","31.7","22.1","5488"
"SUZUKI スズキ サウンドブロック 13音セット(幹音11音+派生音2音) SB-13 共鳴箱が1音ごとについているのでバラバラに使える!","6310","10","","5","¥ 19,691","¥ 19,691","3","B001802UQS","B0967YVQGN","52","30","10","5000"
"C.C.シャイニーケースII フルート用ケース CC2-FL-AG アップルグリーン","3560","16","","51","¥ 19,800","","1","B01C05F156","B01D88Y592","52.2","18.2","9.2","1420"
"Gator Cases ゲーター ハードケース エレキギター用 ストラトキャスター/テレキャスタータイプ対応 合板製 Tolexラミネート加工 GWE Series GWE-ELEC 【国内正規品】","3571","36","","2071","¥ 15,476","¥ 15,476","4","B000N4UD7S","B09SHQCKR8","112.4","36.1","10.2","4560"
"ヤマハ YAMAHA ステージキーボード 61鍵 スピーカー内蔵 電池駆動対応 軽量コンパクト CK61","3577","61","","28","¥ 93,000","","7","B0BY89VL8M","B0BYN828P4","110","41","24","9300"
"Pioneer DJ マルチアプリ対応2ch DJコントローラー DDJ-FLX4-N","3538","31","","1","¥ 52,849","¥ 52,849","6","B0H4QS54YK","","54.2","38.5","12.9","2820"
"ゼンハイザー ダイナミックマイクロホン スーパーカーディオイド/スイッチ付 e 845-S【国内正規品】","3592","55","","471","¥ 14,864","¥ 14,864","4","B000N94SJC","B0C6QCM459","26","12.1","7.9","558"
"吸音材 【剥がして貼るだけ】 防音材 30 x 30 x 5cm 36枚 極厚 高密度 ウレタンフォーム 吸音スポンジ 吸音パネル 壁・天井用 防音対策 騒音対策 回声低減 難燃 録音室 楽器演奏 在宅ワーク 模様替え DIY ブラック 3.24㎡","8204","30","","35","¥ 5,480","","1","B0GSTLZZ3W","B0GSQXGNXN","30","30","9.5","2540"
"ヤマハ×オフプライス楽器特別企画 PACIFICA 012 Black エントリーモデル アンプ＆チューナーセット","3592","56","","113","¥ 28,900","","1","B005OP63IY","","110","47","12.5","4320"
"タンスのゲン 吸音材 日本製 【復元不要！完成品】 100×100 厚み5.0 2枚セット 高密度 防音材 壁 吸音 23300069(93526)","1721","42","","12","¥ 8,499","","1","B094QFM2RW","B09YRMC1G6","100","50","25","2000"
"[Jim Dunlop] ジム ダンロップ Jimi Hendrix Strap Love Drop ジミ ヘンドリックス ギターストラップ ラブドロップ","3595","25","","160","¥ 6,620","¥ 6,411","14","B01MUDDGPG","B07FF4BQBM","40.1","7.2","4","246"
"SOHAPI 吸音ボード 吸音材 防音シート 遮音シート 吸音パネル 消音、吸音対策 騒音軽減 硬質吸音フェルトボード 難燃 防潮 ピアノ室 楽器練習室 録音室 オフィス 室内装飾 強力両面テープ付き (144枚入れ、スクエアー型・ダークグレー）","3598","8","","121","¥ 33,680","","1","B09BZ9Y7VT","B0BL2HNRNK","30","30","5.4","900"
"ghs エレキベース弦 BASS BOOMERS/ベースブーマーズ 5弦ベース用 ミディアム 45-130 5M-DYB","3598","20","","272","¥ 6,115","¥ 6,115","14","B0002CZTVQ","B0D76GHGD8","16.5","15.9","1.9","150"
"FLAMMA FC10 ノイズ ゲート ギター ペダル ノイズ キラー スマート ノイズ減少 ノイズ サプレッサー エフェクト ペダル トゥルー バイパス ノイズ ゲート グリーン","3599","56","","69","¥ 5,999","","1","B098NCF19J","B0CZLNGXW8","10.2","6.2","5.7","180"
"Donner 電子ドラムセット ロールアップ ドラムパッド スピーカー内蔵 2WAY給電 MIDI 録音機能 デモ12曲 9リズム 子供 初心者 フットペダル スティック オーディオ&USBケーブル 日本語取扱説明書付 DED-20R","3299","65","","20","¥ 6,480","¥ 6,480","1","B0CDK8GZFD","B0G6TGH7Z1","44.5","23.4","7.9","1500"
"SONY エレクトレット コンデンサーマイクロホン【ECM-V1BMP】","3606","30","","7","¥ 11,900","","4","B00GOWIRGM","","12.1","11.8","2.3","70"
"Pearl ブームボックスカホン PCJ-633BB","3618","12","","109","¥ 30,800","¥ 31,578","8","B003O7OR14","B06ZZZZWQR","50","50","50","6660"
"ヤマハ YAMAHA エレキギター PACIFICA612VIIX PAC612VIIX MSB","3627","66","","60","¥ 69,773","¥ 69,773","5","B08R5VBJF5","B08V5QKGBV","108","45.5","10.5","6000"
"SHURE MV88用 Rycote製ウインドジャマー AMV88FUR 【国内正規品】","3629","45","","307","¥ 6,822","¥ 6,822","2","B010W6WAI6","B01HXILMS0","16.7","10.2","3.2","9"
"PROMARK プロマーク ドラムスティック 4ペアバンドルパック Rebound Balance 5A (RBH565AWx3ペア + FIREGRAIN R5AFGx1ペア) RBH565AW-4PFG 【国内正規品】","3632","22","","638","¥ 7,740","¥ 7,740","2","B099NQYWH3","B01DISFM12","40.6","5.8","2.9","431"
"KC キョーリツ 譜面台 軽量スチール製 折りたたみ式 MS-200J/BK ブラック x 20本セット (ソフトケース付属)","3637","27","","1976","¥ 27,800","¥ 28,081","2","B00XSW5JDA","B0C2Q8HQW1","58","47.5","28.5","27600"
"BOSS/BGK-30 GKケーブル ボス","3648","22","","6","¥ 7,700","¥ 7,778","7","B0CC1ZPYV8","B0FJ7SZ4MQ","23.4","22.2","3.9","500"
"サイトウ Saito キーボードマレット ゴムヘッド 100シリーズ 【No.103】 硬度:90° 籐柄:37cm","3649","8","","1","¥ 5,280","¥ 5,280","2","B07FV33QL7","B07GX1JT91","41.2","11.5","2.9","60"
"JOYO 30Wベースアンプ 小型 bluetoothベース用コンボアンプ OTG録音、コンプレッサー、3バンドEQ搭載、自宅練習、創作、小規模ライブに最適 ホワイト (BA-30 VIBE CUBE)","3313","54","","448","¥ 15,999","","1","B0FC6NV226","B0H5KPW8DW","29.3","23.1","21.4","3350"
"BOSS Tremolo TR-2","6525","17","","486","¥ 14,301","","13","B000EMLM06","","15","9.3","6.3","540"
"STENTOR (ステンター) バイオリンセット SV-180 1/2【安心の日本企業取り扱い製品】","3664","11","","1048","¥ 27,500","¥ 33,333","5","B002RKV5Q4","B0BQC1PYS5","72.1","26.4","20.3","1520"
"KIKUTANI KBB-M キーボードケース (61鍵用)","5721","50","","367","¥ 6,600","","4","B0018937XY","B07VG7Y9V1","69","57","13","1060"
"Ibanez アイバニーズ OFC芯線 ハイエンド・ギター/ベース用ケーブル 10ft(3.05m) ストレート-L字プラグ HF10L","3670","57","","32","¥ 6,359","¥ 6,359","3","B00ZCIW0DA","B07M9NLSD8","20.8","19.4","1.6","320"
"HOSCO コンパクトフレットクラウンファイル Jumboフレット用 ステンレスフレット対応 H-FF3HC","3676","29","","11","¥ 5,556","¥ 5,556","3","B0CQ4M2B4W","B0CQWBRH2K","10.6","2.1","1.1","70"
"JVC タイピンマイクキット(WM-P980用) WT-UM80","3684","39","","20","¥ 6,240","","9","B00253QZ86","","20.5","17.4","5.8","110"
"JBL EasySing Mics ワイヤレスAI搭載マイク2本 カラオケ ボーカル消去 ボーカル音量調整機能 USB-Cドングル ボーカル音量調整 JBL PartyBoxスピーカー対応 充電式（ブラック）","3696","49","","4","¥ 22,000","","1","B0H32QPDB4","","25.4","13.4","7.3","670"
"LEKATOワイヤレスギターシステム 充電ボックス付き 2.4GHz 充電式オーディオワイヤレスギター送信機受信機 オーディオシステム/エレキギター/ベース用 高忠実度サウンド 技適マーク","3459","65","","41","¥ 6,937","","1","B0G5Y5ZZ1J","","11.6","8.5","5.8","180"
"IKTMI 電子ピアノ 88鍵盤 木製 88鍵 電子ピアノスタンドセット 持ち運び ピアノ オレンジ","3709","31","","67","¥ 18,800","","1","B0CPF358DD","B0CTQS71RK","135.5","39.5","16.3","14000"
"TOP WING トップウイング White Signal XLRケーブルペア【国内正規品】 (0.5ｍ)","3710","16","","4","¥ 33,000","","3","B0DWMV441S","B0DC69YBGQ","21.5","10","2.5","200"
"【単品】 ジェネピス アシストスツール 標準品 総合ピアノサービス ピアノ補助 (ブラック)","3714","62","","26","¥ 14,500","¥ 16,667","5","B0BZTQDXVC","B0BZTNK3C3","45.7","23.2","5.7","2470"
"Monster Cable(モンスターケーブル) MONSTER CABLE楽器用ケーブル ベースギター用ケーブル 長さ 12ft 直XLプラグ M BASS2-12A 600549 【国内正規品】","6126","45","","173","¥ 7,920","¥ 8,327","17","B086T5NDT2","","22.3","21.3","5.2","390"
"Enhong 25音 木琴 卓上木琴 パーカッション 2本マレット付き (25音 スタンド付き)","3716","39","","8","¥ 11,500","","1","B0B12G4B4D","B0B12H31LT","59.4","48.2","8.4","4180"
"TOA マイク延長コード 10m YM-2130","6771","10","","3","¥ 6,364","¥ 6,364","14","B004M7XWOS","","26.8","26.3","4.9","490"
"summina MIDIコントローラー、16個のRGBパッド、8個のノブ、6個のカスタマイズ可能なボタン、ワイヤレス充電式2000mAhバッテリー、USB MIDI接続付き、音楽制作初心者、プロフェッショナル向け (白)","13053","6","","2","¥ 5,999","","1","B0G8FSRF3S","B0G8DDWDFM","24","18","6","638"
"厚くする吸音パネル 吸音ボード おしゃれ 【厚さ1.8cm ワンランク上吸音性能】 ダブルレイヤー複合吸音材 防音材 壁 120 x 60cm/2.88㎡ 吸音ウォールパネル 立てかけるだけ防音 賃貸 戸建 設置簡単 リビング 寝室 回声低減 騒音緩和 防音対策 防音ボード インテリア 模様換え 楽器演奏 録音室 ゲーム ホームシアター 在宅ワーク オフィス","6081","32","","9","¥ 7,580","","1","B0GVGZ8FG1","B0GVGZ9FK2","122","61","5","5700"
"GATOR Frameworks ゲーターフレームワークス マイクスタンド STANDARD Series ストレートタイプ GFW-MIC-2000 【国内正規品】","3737","9","","56","¥ 5,890","¥ 5,890","3","B00CFP5BRU","","86.4","12.7","8.9","2087"
"IK Multimedia iRig HD X | iPhone、iPad、Mac、PCに対応した高品質モバイル・ギター・インターフェース","3738","6","","441","¥ 16,016","","5","B0CF2V1JNC","B0CJLSKZTH","16.6","16.4","5.4","209"
"basiner ベイシナー ギターケース BRISQ Series エレキギター用 ギグバッグ (ギグケース) BRISQ-EG Neo Black 【国内正規品】","6678","6","","1","¥ 32,780","","3","B0D95KHWSX","B0DF782WQJ","103","40","8","2000"
"Magma 軽量成形EVAハードシェルCTRLケース AlphaTheta XDJ-AZおよびPioneer DJ XDJ-XZコントローラー(MGA48050)に対応","3741","8","","7","¥ 26,400","","1","B0DK2GTVG5","","96.5","58.4","17.8","5375"
"【国内正規品】Pearl パール バスドラムパッド BD-10 BD10 バスドラム 練習パッド スティックセット シングル・ツインペダル対応 練習用 練習台 練習機材 コンパクト 静音モデル キックパッド セット品 (単品)","10273","15","","1","¥ 7,920","","1","B0FQJKC1FT","B0GTL8L59W","44","25","7","10000"
"ADM クラシックギター 初心者セット 39インチ入門練習 ナイロン弦ギター 9点セット (ナチュラル, 39インチ)","3742","27","","1002","¥ 11,067","","1","B00L2282QO","B0H2953148","120","49.9","14.9","3919"
"Musiclily Pro ストラトギター配線済みキットAmerican Strat SSSエレキギター用","6695","23","","57","¥ 5,154","","1","B0CGWRZNKP","B0CJXWYKRW","18.3","10.3","7.2","210"
"【選べるセット・サイズオプション！！】【電子ドラム専用マット】ELEDORA エレドラ ドラムマット セッティングマット DWM 大型 滑り止め加工 各種メーカーに対応【対応メーカー：ローランド・ヤマハ・アレシス・Donner 他】 (DWM10+NCM10)","2015","21","","3","¥ 9,480","","1","B0DH4VTGVT","B0DH7V498T","47","34","10","10000"
"Btuty MIDIコントローラー ストライクパッド RGBバックライト MIDIキーボード BT接続 低レイテンシー 3.5mm出力インターフェース 16個のストライクパッド 8個の割り当て可能なノブ ノートリピート ポータブルMIDIパッド","6764","7","","9","¥ 6,505","","2","B0CW2HYXRF","","26.7","17.4","6.5","690"
"D'Addario ダダリオ ベース弦 ブラックナイロンワウンド Long .050-.105 ETB92 【国内正規品】","3755","56","","1650","¥ 7,507","¥ 7,507","5","B0046XSEA0","B00DU5KHMS","16.6","15.1","2","98"
"Betopper LF4808 260w 舞台照明マトリックスストロボ効果ライト、ウォッシュストロボライト効果、音声反応フラッシュステージ照明、アップライト DMX DJ ライトパーティー ウェディング クラブ バー ショー（2 個セット）","3756","12","","17","¥ 32,999","","1","B0FF4JG81Q","B0FJM2LDC9","49.2","35.4","26.7","8610"
"バック トランペット マウスピース 1D 銀メッキ仕上げ","6823","26","","13","¥ 10,670","","17","B003QUHNL0","B076M3ZFVQ","11","3.4","3.2","110"
"TAMA タマ ドラマー向け メトロノーム Rhythm Watch リズムウォッチ RW200","3763","52","","275","¥ 10,780","¥ 17,845","10","B00SBSZ0AI","B09281JZ9T","18.7","14.6","4.4","410"
"Darkglass Electronics ダークグラスエレクトロニクス ベース用プリアンプ Microtubes B7K OD/Preamp (V2) 【国内正規品】","6795","7","","36","¥ 55,000","","15","B0775GHCMS","","14.5","12.5","7.4","550"
"LEWITT CONNECT 6 オーディオインターフェース USB DTM 音楽制作 録音 生配信 ループバック CubaseLE","3768","19","","14","¥ 42,900","","4","B0BKKXK31L","","29.5","23","11.1","1170"
"BOYA Omic-D iPhone iPad用 ワイヤレス ピンマイク マグネットクリップ付き ワイヤレス充電 48KHz HD音質 無指向性 ノイズキャンセリング 最大15時間バッテリー 瞬時接続 ライブ配信用 Vlog インタビュー YouTube TikTok セミナー Lightningコネクタ iPhone 14/13/12/11/Xおよびその他のシリーズに対応","3768","10","","90","¥ 5,999","","1","B0CLZHCK7C","","25.6","13.9","6.4","230"
"Roland ポータブルピアノ FP-90X-WH ホワイト スピーカー内蔵 Bluetooth 木材使用のハイブリッド鍵盤構造 シンプル 弾き語り オーディオ録音","6846","12","","31","¥ 253,000","¥ 255,556","4","B08SWD8VVJ","B0FJ1K9M6Z","146","53","28","25000"
"バッカス BACCHUS BTE-1-RSM/M 3TS エレキギター","3775","50","","63","¥ 25,850","","2","B09SBDQLZ2","B09S9X69N4","103","44","10",""
"Roland KPD-70 ブラック FP-30専用 ペダルユニット (ローランド KPD70)","6848","16","","105","¥ 9,900","","3","B01CP0GCBS","","144","37","21.2","4200"
"BETOPPER ムービングライト 7x8W RGBW LED 舞台照明ディスコライト ステージライト7色変換 DMX512 9/14CH パーティライト DJ disco light for party 高速回転 音声連動 結婚式/パーティー/カラオケ/クラブ/バー用 4個セット","6208","35","","13","¥ 37,904","","1","B08NFVNWBP","B0DGSG65KX","44.2","43.8","30.8","9240"
"JBL PROFESSIONAL ポータブル PA システム IRX-108BT-Y3 【国内正規品・3年保証】簡単操作で Bluetooth 対応（スピーチやスタジオにも最適）","3782","70","","19","¥ 43,670","","3","B08T7SZQJD","B08T7BZ7B3","53.6","35.1","28.1","9810"
"アマナマナ ティンシャ プレミアム L 浄化 ヨガ 瞑想 プロ用 チベット ベル 魂に響く音","12233","19","","36","¥ 22,880","","1","B082L47PGK","","22.7","15.5","4.5","410"
"TASCAM(タスカム) DP-24SD マルチトラックレコーダー MTR 24トラック（12モノ+6ステ） SD/SDHC 45mmフェーダー 音楽制作 多重録音 重ね録り オーバーダブ","3787","59","","527","¥ 85,800","","2","B00ZVSGVA4","B0DX8MGQ4F","61","44.4","19","7144"
"Roland ローランド/CUBE Street MINI [マイクセット！] (CUBE-ST-MI)","8991","12","","3","¥ 29,800","","1","B0GJ4VCJ2Z","","48","37","29",""
"BOSS エフェクター Blues Driver BD-2 PSA-100S2 VOX VGS-30付 ギター用 3点セット","2434","31","","","¥ 19,800","","2","B0GSZ3N1QK","","34.8","25.5","12.9","1110"
"ピアノカバー アップライト/電子ピアノ用 おしゃれ エレガントデザイン 直立型/ヨーロピアンスタイル フリーサイズ 6色可選 (ライトグレー, ピアノカバー＋鍵盤カバー+椅子カバー（一人掛けタイプ）)","3357","34","","16","¥ 5,382","","1","B0C7GVZJQ3","B0D3V2D61L","37","16","15.5","880"
"ANTARI (アンタリ) フォグリキッド FLG5 フォグリキッド","2480","24","","5","¥ 5,200","","2","B08GLGQVQ9","","29.2","19.1","13.7","5380"
"ヤマハ YAMAHA アコースティックギター FG SERIES ブルー FG820SB","6191","51","","43","¥ 30,899","¥ 30,899","8","B08QTQFY45","B0FNK4NKF4","140","61","18","5000"
"MICVISTA プロフェッショナル ワイヤレス バイオリンマイク バイオリン ピックアップ クリップオン 楽器マイク バイオリニストやミュージシャン向けに設計 アクティブ PA システムに最適","3804","0","","71","¥ 5,674","","2","B0DNJKTKHF","","15.4","14.3","3.7","191"
"Thalia Capos Red Angel Wing カポタスト Shellシリーズ タリアカポ","3561","25","","6","¥ 13,200","","3","B0DK6QKF4S","B0DKBKJNJR","9.1","9","3.9","170"
"One Control ワンコントロール Distro MKII Isolated パワーサプライ","7010","9","","","¥ 18,700","","2","B0FKS38HG7","","22","13","7","500"
"Gateron Magnetic Genty Silent HE 磁気キースイッチ 静音 リニア 35個セット ホールエフェクト 20mmロングスプリング ルブ済 ラピッドトリガー対応HEキーボード用 Wooting/SteelSeries/Corsair対応【日本正規代理店】","7033","8","","19","¥ 5,940","","1","B0GTZGLBT3","B0GV8JVLHV","11","7.5","1.5","60"
"BOSS/IR-2 Amp & Cabinet アンプシミュレーター キャビネットIRローダー ボス IR2","3812","36","","89","¥ 27,286","","13","B0CP3J2J2J","","14.7","9.7","7.1","560"
"【配信向けオーディオインターフェースセット】 AG03MK2 ライブストリーミングミキサー 3チャンネル ホワイト (USB TypeC対応) + マイクケーブル 1.5m 【OBS認証デバイス】","3813","9","","2","¥ 26,980","","1","B0FJCYH7S6","","30","23","21","1800"
"バック バストロンボーン マウスピース アルチザン(Arisan) 1G 銀メッキ仕上げ (太管用) A4411G2","7042","8","","7","¥ 17,204","¥ 17,204","15","B00J2TIQ1A","B077JPK824","8.6","4","4","160"
"Donner シンバルパッド 12インチ 拡張ミュートパッド クラッシュシンバル 電子ドラムアクセサリー ホルダー ラッククランプ付 DED-200用 成人向けの電子ドラム用","5823","38","","57","¥ 7,980","¥ 7,980","1","B08P2Y6JFD","","46.8","43.2","8.1","1680"
"2025 フルメタルミニポケットギターアンプとマイクロアンプ プロのパフォーマンスと練習セッション用 - Dull 5 Sunset Orange","7104","3","","5","¥ 14,076","","3","B0DMLHMWL4","B0DBQYSZST","19.8","14","7.1","680"
"Jazzlab サックス ストラップ SAXHOLDER PRO サックスホルダー・プロ [並行輸入品]","5786","40","","23","¥ 11,880","","1","B08HV6FGKM","","33.3","17.8","6","300"
"audio-technica ステレオマイクロホン(バウンダリー) AT9920","3832","5","","29","¥ 12,700","","2","B001B6I9P0","","16.6","8.4","3","41"
"Musiclily Pro LPスタンダードヴィンテージ50s 配線済み配線キットレスポールエレキギター用 ニッケルスイッチ","3573","31","","32","¥ 5,735","","2","B0D3PLBZH7","B0D5M6B3B9","18.2","10.2","7.3","250"
"D'Addario ダダリオ クラシックギター弦 プロアルテ Silver/Black Normal EJ49 x 10セット 【国内正規品】","3841","29","","1358","¥ 21,395","¥ 21,395","1","B009RIJUDO","B0166BY8N6","12.3","12.1","8.4","284"
"ロブナー Rovner リガチャー DARK バリトンサクソフォン用 3R","3841","5","","120","¥ 6,820","¥ 6,820","13","B0002F6T1C","B071775QJ9","11.5","4.2","4.2","59"
"Acogedor カラオケマシン、2つのワイヤレスマイクを備えたホームカラオケシステム、AUX、USB、TFをサポート、ホームパーティー用 (黒)","3853","58","","12","¥ 13,638","","2","B0BNNGK8S7","","35.3","23.4","18.7","2720"
"アーニーボール 【12セット】 ERNIE BALL 09-42 Super Slinky (2223) エレキギター弦","7243","2","","","¥ 9,900","","3","B00I0J47PC","","13.4","11","2.2","26"
"Yamaha ZG02 ゲーミングミキサー ボイスチャットとゲームストリーミング用","6242","39","","21","¥ 26,800","","8","B0CQZ25H1M","B0CP42YQB5","23.7","16.7","10.2","898"
"Roland ローランド/GAIA 2 ウェーブテーブル バーチャル・アナログ・エンジン搭載 シンセサイザー","3858","7","","14","¥ 88,000","","6","B0CJMBLZGF","","87","45","16.5","6600"
"SCUD シャーラータイプペグ 3+3 ゴールド 07202GS","7392","5","","","¥ 8,000","¥ 8,081","3","B0027M4UV4","B01DSO19JU","12.7","11","2.8","238"
"HERCULES ハーキュレス ギタースタンド GS414BSW","3890","31","","9","¥ 6,380","¥ 6,446","3","B0DKJ5L9X6","","71.4","17.5","11.4","2410"
"RiZKiZ 電子ピアノ 88鍵盤 電子キーボード ピアノ MIDI規格 スタンド 椅子 サスティンペダル 持ち運び コンパクト スリム 初心者向け 練習 レッスン ヘッドホン対応 USB給電 木目調 譜面台 鍵盤シール付き 3つの練習モード [ホワイト木目調]","7605","2","","3","¥ 15,400","","1","B0DN5T8MQG","B0DKH7VZQ2","141","35","13","7500"
"アマナマナ シンギングボウル チベット シンギングボール 極小 浄化 癒し 倍音 瞑想 プロ・協会認定","5620","59","","133","¥ 9,900","","1","B07HDWQBZ3","","19.4","15.4","7","460"
"SUZUKI スズキ オムニコード Omnichord OM-108 108のコードを備えた電子楽器","3898","39","","26","¥ 77,800","","7","B0CVV3T99H","B0D1V3WNWV","54.6","31.7","10.2","1814"
"Saramonic SR-MV2000 | 大型ダイヤフラムUSBスタジオマイク 磁気卓上スタンド、ヘッドフォン出力、マルチカラーLED付き コンピューター、iPhone 15、Androidモバイルデバイス、iPadなどに","7740","2","","37","¥ 12,800","","2","B096BGT9YB","B0DBNXM9DM","22.4","17.8","9.3","920"
"ULTIMATE アルティメイト キーボードスタンド ケース AX-48 Pro Bag","7791","2","","3","¥ 5,609","¥ 5,609","1","B0051PN09C","","38.1","37.1","8","600"
"AKG（アーカーゲー/エーケージー）P3 S ハンドヘルド型マイクロホン スイッチ付 ボーカル用ダイナミックマイク 【国内正規品】","7720","2","","1281","¥ 7,280","","4","B003ELUWAU","","20.7","14.3","6.8","500"
"Fosi Audio VOL20 Bluetooth ボリュームコントローラー PC/ゲーム/ホームオーディオ/デスクトップ用 USBマルチメディアコントローラー RGBライトカスタマイズ 多機能音量ボタン 調整可","3907","22","","110","¥ 6,783","","1","B0DJNP4GPL","","12.1","12","5.9","350"
"Pearl パール ピッコロ PFP-105ES","7885","3","","1","¥ 185,130","","1","B00IU38FSI","B0D14LGB53","35.7","11.6","7.3","852"
"KraftGeek カプセル譜面台 軽量コンパクト 高さ調節可能 ホワイト","3913","57","","246","¥ 13,205","","12","B0BGS6ZQ8Z","B0CTPSYCWN","48.3","9.9","8.1","1429"
"SHURE ボーカル用コンデンサー型マイクロホン KSM44ASL-X 【国内正規品】","3914","3","","","¥ 181,500","¥ 97,164","2","B01GNM8RQ2","","37.2","26.7","16.4","3220"
"DOREMiDi MIDI to DMXコントローラー (MTD-1024) MIDIメッセージをDMXメッセージに変換可能","3915","1","","50","¥ 16,800","","3","B0BZCVBCSS","","15.6","10.2","6.3","270"
"Allen ＆ Heath CQ-12T用ラックマウントキット6U アレン＆ヒース","7945","3","","3","¥ 10,780","","2","B0CGW3P3K8","B0CPHGSWXJ","34.3","31.7","21","2431"
"T-REX EFFECTS ティーレックスエフェクツ アナログファズ/ディストーションペダル FUZZTOPIA シルバー","8065","1","","1","¥ 22,210","¥ 22,210","15","B0G56BWFPN","","13.5","12.6","6.3","510"
"BOSS ボス KTN-MINI X 小型ギターアンプ KATANA AMP MINI X カタナアンプミニエックス","3920","69","","36","¥ 24,200","","15","B0DMZYX5N4","","31.5","24","18.5","3100"
"XTSシリーズ（デスクトップ・スタンド・システム）サンプラー・グルーブボックス・リズムマシン用スタンド (2段・トレイセット)","8104","0","","1","¥ 25,300","","1","B0GK2LM77Z","B0GQXD284K","50.2","36.8","14.6","7212"
"Gator Cases ゲーター キャリングバッグ ミキサー用 21""x18""x7"" ナイロン製 G-MIXERBAG Series G-MIXERBAG-2118 【国内正規品】","6111","39","","4374","¥ 9,920","¥ 9,920","3","B00T0OJJ8G","B07QHNHRH7","57.1","52.1","10.2","1520"
"OKURA+MUTE オクラ+ミュート トランペット用 プラクティスミュート カラー:ブラック","3368","56","","182","¥ 7,111","¥ 7,111","6","B07T5LL6JF","B08HLYM449","13.2","10.6","10.6","120"
"AKLOT 初心者用エレキギターキット：10Wアンプ、コイルスプリットHSSピックアップ、レッスンブック、ローステッドメープルネック、ギグバッグ、チューナー、ストラップ、ピック、Stryde Inferno Burst","6692","17","","178","¥ 71,559","","2","B0GGY3PB8Y","B0FB9GHD2W","106.7","43.2","12.7","6759"
"家庭用 カラオケセット「KARA×KARA」カラオケマイク２本付属20,000曲以上の楽曲＆毎月新曲300曲(有料会員)、 Android搭載 YouTube他、動画アプリ使用可 スピーカー サウンドバー KARA-A2023 共同テレビジョン","3942","47","","26","¥ 43,915","¥ 43,915","4","B0CG84FKVD","","97","19","16","6200"
"イーサプライ ピアノ椅子 キーボードベンチ 幅60cm 高さ調整7段階 26〜50cm クッション 厚さ8cm EEX-CHS03BK","9801","19","","11","¥ 7,630","","1","B0BHHKQ51W","","70.5","38.5","15.5","7500"
"Aostin オースティン ウクレレ コンサートサイズ ハワイアンコア スロテッドヘッド AC100 (国内保証書・チューナー・教則本・コードチャート・ギグバッグなど8点セット)","6891","5","","260","¥ 19,800","","1","B00MGC8ISQ","B07FCNPJGN","67.4","27.8","10.4","1480"
"Panasonic WX-4300B、WX-1800、WX-ST400、UNI-PEX WM-8100A、WM-8130A、WM-3100汎用品 (ヘッドセット型)【業務用】【注意：防滴ではありません】HM-606P","3953","43","","24","¥ 7,680","","1","B075FRF438","B07MQDJ8QK","20.5","16.3","6.4","210"
"BOSS Equalizer GE-7","3955","74","","1070","¥ 17,600","","12","B000RW0O02","","14.9","9.4","6.4","499"
"NUVO ヌーボ プラスチック製管楽器 TooT トゥート シリコンキー仕様 Black/Pink N430TBPK 【国内正規品】","3957","30","","348","¥ 5,065","¥ 5,065","4","B07D8QDMVH","B0CWR15WKY","37.1","5.9","3.9","200"
"MOSIN キーボードスタンド 電子ピアノ スタンド 椅子 キーボード 台 折りたたみ式 X型 ピアノ台 7 段階高さ調節 54/61/73/76/88鍵 防水防汚 滑り止めゴム脚付き 軽量 黒セット (キーボードスタンド＆ピアノ椅子)","2464","9","","2","¥ 5,499","","1","B0H2S8YXVD","","95.5","43","11.5","5300"
"ZOOM(ズーム) H6 Studio ハンディレコーダー 録音 6チャンネル入力","3961","63","","71","¥ 48,000","¥ 49,946","14","B0FLJKT2VL","B0GNLPVQ2V","28","12.3","6.6","558"
"WWinBridge 60W ハンドヘルドマイク ポータブル拡声器 2つのマイクPAシステム 音楽再生 ヘッドセットマイク S97","4363","46","","10","¥ 22,277","","1","B0G9M2Y1KB","","32.2","23.9","14.7","2590"
"ZOOM(ズーム)AC-2 アコースティックギター用プリアンプ","6113","69","","115","¥ 22,000","¥ 22,000","9","B0725NND64","B0GMGQ473C","24.6","17.9","7.7","840"
"【Famous】 ソプラノウクレレ FS-1G (国産 マホガニー材 初めての方に)","6275","60","","96","¥ 24,751","¥ 24,751","10","B006JW7WVI","B01M69QMBN","55","21","8","600"
"Enya EUC-MADウクレレコンサートサイズ・マホガニー・オール単板・初心者と中上級者向け・フルオロカーボン弦・ 綿の防水ケース付属・検品後発送で安心（ナチュラル）","3968","46","","65","¥ 14,000","","1","B07H1DHCL8","B09NST1Q87","68.9","30.4","14.2","1620"
"Pirastro Evah Pirazzi バイオリン弦 エヴァ・ピラッツィ E,A,D,G線セット E線:ボール (子供用サイズ:3/4-1/2)","6557","55","","30","¥ 12,000","","3","B01H1J5QGU","B01H6HZSQ0","11.1","10.3","1.2","20"
"ARIA アリア クラシックギター用ペグセット 1:18 AT-600C -Classical Guitar-","3972","63","","4","¥ 7,111","¥ 7,111","2","B01BM3M614","B01M7PNPGT","22","12.7","4","172"
"EVANS エヴァンス ドラムヘッド UV EQ4 Bass BD24GB4UV 24インチ 【国内正規品】","9235","2","","7","¥ 11,333","¥ 11,333","1","B078SQ5JCW","B07BBT33M8","67.6","67.6","3.3","1111"
"HAMMOND ハモンド 10穴ハーモニカ HAMMOND HA-20 D♭調","6427","26","","6","¥ 5,500","¥ 5,646","5","B0014N26Z4","B00Q65T81K","11.5","4.4","1.4","130"
"KORG エクスプレッション/ボリューム・ペダル XVP-20","3978","46","","103","¥ 14,849","","8","B01E0MHB82","","36","18.1","9.1","1622"
"POGOLAB 電子ドラムセット 7パッド ドラムキット Bluetooth機能付き ロールアップドラム 練習パッド Midiドラムキット スピーカー内蔵 充電式ドラム フットペダル付き 初心者向け（パターン・スタイル）","5611","60","","60","¥ 6,999","","1","B0CDKZWVNZ","B0CDLD6Q9G","43","16.2","6.9","1200"
"AKOZLIN 88キーキーボードケースポータブルエレクトリックキーボードピアノギグバッグ600Dオックスフォード布サイズ54.1インチ×6.69インチ×13.18インチ、ブラック","3985","47","","580","¥ 20,965","","2","B08FSWRCPK","B0CQCDS4BN","36.4","26.7","17.5","1310"
"ヤマハ YAMAHA 管楽器お手入れセット トロンボーン(ロータリー付)用 KOSTBB6 日々の手入れに必須のアイテムをセット 初めて管楽器を演奏する時、新しく楽器を購入する時などに大変便利","5615","55","","14","¥ 5,317","¥ 5,371","5","B0DNDQFPDT","","25","21","4.9","222"
"STRICH ギター 椅子 背もたれ付き ギタースツール 高さ調整可能 ギターハンガー搭載 アコギ エレキ ベース対応 大人用ミュージシャンチェア ドラムスローン SGT-30B","4008","37","","162","¥ 13,980","","2","B0DDPSNH1T","B0DP5FVZNM","58.4","48.3","20.3","8391"
"ヤマハ アコースティックギター STORIA II","4010","40","","5","¥ 55,000","","3","B07TFQLG65","B07TSMPJT4","113.8","59.6","17.2","3960"
"CASIO(カシオ) 純正 ソフトケース SC-800P","4015","54","","258","¥ 15,500","¥ 17,600","9","B07MWMNS9W","B0GHQPTZM9","142","32","20","3840"
"Manhasset マンハセット 譜面台 M48 シンフォニーモデル(Symphony Stand) ブラック","1782","60","","4529","¥ 12,018","¥ 12,018","8","B0002FOBJY","B075GFXHTX","63.4","39.6","11.9","3175"
"Alesis Nitro Max Kit 電子ドラム セット 静音メッシュパッド 折りたたみ式 １０ピース Bluetooth USB MIDI ドラムスティック 練習 キックペダル付き 拡張パック チョーク機能付き アレシス","4021","28","","52","¥ 74,960","¥ 74,960","","B0CKLFZH4J","B0F9X348J2","95.4","54.6","32.6","19700"
"Donner ピアノ 椅子 楽譜収納付き キーボードベンチ 木製 ピアノイス チェア スツール 安定感 座り心地よい 滑り止め 140㎏耐荷重 幅52.1cm 奥行34cm ベージュ","4041","51","","624","¥ 6,380","¥ 6,380","1","B0C9Q1GJK5","B0DW8PPB9R","57.4","37.6","15.1","6850"
"CASIO LK-530 光ナビゲーションキーボード 61鍵盤 カシオ","4046","68","50","75","¥ 22,270","","9","B0CDWBK8M8","","98","31.2","14.7","7130"
"Coolmusic BP MINI アコースティック ギター アンプ、30 ワット BT スピーカー マイク入力付き充電式ポータブル アンプ ボリューム バス トレブル コントロール リバーブ コーラス効果をサポート","4050","61","","533","¥ 15,999","","2","B08MTHCXYJ","B0CHFDLHJY","30.5","29","22.6","3950"
"BLITZbyARIA ブリッツ エレキギター BLP-CST BK ケース付属","6761","54","","50","¥ 30,200","","7","B0053O6MPU","B0GBKFTYHV","120","60","15","4001"
"TAMA タマ スタンダード ドラム・スローン HT130","6493","47","","163","¥ 8,481","¥ 8,481","8","B0089A12DW","B0H1T3VXS4","38.2","37.6","22.8","3820"
"D'Addario WoodWinds ダダリオ リードケース サックス&クラリネット用 8枚収納可能 Multi-Reed Storage Case RVCASE04 【国内正規品】","4071","46","","1864","¥ 5,720","¥ 5,720","5","B001SN7VGO","","15.1","11.9","2.9","118"
"Geekria ハードシェルトラベルケース Akai Professional MPC Sampleポータブル Grooveboxに対応 オーディオサンプラーキャリングバッグ (ダークグレー)","4072","49","","61","¥ 6,025","","2","B0GVYZJH98","","40.7","26.7","8.3","812"
"【正規品】 ERNIE BALL 2804 ベース弦 (50-105) FLATWOUND GROUP II BASS フラットワウンド・グループ2 ベース","4075","32","","621","¥ 7,307","¥ 7,307","5","B0002DUVJ0","B06Y273Y1K","19.9","16.1","1.7","120"
"Effects Bakery エフェクツベーカリー Bagel OverDrive [EB-BODn] / オーバードライブ ミニペダル ギター エフェクター","3489","64","","44","¥ 5,170","","6","B09P3NVD9T","B09P6C94S5","10.2","6.5","6.3","180"
"Jinchuan 篠笛 竹製横笛和楽器 伝統的な手作りお祭り・お囃子用 (7穴7本 B調)","7111","31","","9","¥ 6,099","","1","B0GKP2FTVL","B0H178W2R1","43","1.5","1.5","130"
"FOSTEX AP15mk2","4112","43","","69","¥ 17,820","","1","B08CV215ML","","16","11","9","760"
"KC 譜面台 穴無し オーケストラタイプ M-300N x5台セット","3651","26","","81","¥ 26,169","¥ 26,169","1","B07584RSJB","B074FXH248","64.5","53","38.5","16000"
"Ray Leaf 卓上 パーテーション 防音 吸音 (幅100cm) 衝立 パーソナルブース 高密度吸音 簡単設置 Web会議 リモートワーク用 飛沫防止 飛沫ガードスタンド 簡易防音室 polyester","2388","43","","68","¥ 6,480","","1","B0BNYDRVPJ","B0BNYF7R8T","100","50","2","1000"
"CAROL E-dur 916S ダイナミックマイク 超単一指向性 有線 XLR カラオケ用 4.5mキャノンケーブル付 スイッチ付 (シルバー)","6505","46","","177","¥ 6,451","","1","B0B2QRX4T5","B0B73VJMNR","27.8","14","7.6","780"
"【国内正規品】PAINTAUDIO MIDI CAPTAIN ONE | シングルフットスイッチ | 日本語電子説明書付き | ポータブルなMIDIコントローラー | PC/CC/NOTE全命令対応 | USBモードでキー機能設定可能","8264","20","","","¥ 10,500","","1","B0CVVPRHVB","B0DS54QY26","15.5","9.5","5.5","420"
"KIKUTANI BGS-1 ボンゴスタンド","3751","38","","76","¥ 6,600","","4","B001E45DZS","","55","17","9","1400"
"オーディオテクニカ AT6902BR スパイクベースインシュレーター 6個1組 真鍮材 金メッキ スパイクインシュレーター別売","4145","40","","15","¥ 5,409","¥ 5,409","7","B0B1TV87F7","","16.5","11.1","2.9","230"
"ヤマハ YAMAHA クラシックギター CGS102A","6959","62","","159","¥ 14,313","¥ 14,313","4","B006HFMLOU","B0H4J345PM","98.3","41.5","11.5","1840"
"BACCHUS バッカス BTE-2-RSM/M SFG エレキギター","6837","33","","101","¥ 27,720","","1","B09WYJRRRJ","B08T9FB2V5","103","44","10",""
"Osee GoStream Duet SDI ビデオスイッチャー ビデオスイッチャー","4152","24","","6","¥ 71,082","","1","B0CZ9BRS22","B0DHZJ644L","29.9","14.5","10","1210"
"小出シンバル ハンド・シリーズ 10インチハンド・スプラッシュシンバル HD-10SP","14896","18","","67","¥ 17,225","¥ 19,787","4","B00T7A1OI6","B07MWF81B7","26.1","25.2","3.3","284"
"Arrowzoom 吸音材 防音材 吸音シート 高密度 25×25×5cm 48枚 両面テープ付 ホワイト 難燃 楽器 1134","6282","34","","1197","¥ 8,404","","1","B06W5QPWMZ","B09TKQCM9L","41.2","30.8","15.8","1910"
"STRICH ギタースタンド 4段階調節可能 アコースティックギター エレキギター ベース バンジョー用 ギタースタンド マルチギタースタンド 4本ホルダー FH-S4 ブラック","4160","58","","101","¥ 9,882","","1","B0DD74GHKB","B0DNMLGB1J","79.9","26.3","21.9","6910"
"ライブストリーミング AG06MK2 W＆XLRケーブル BX3/3.0 ブラック 2点セット","4161","32","","6","¥ 37,400","","1","B0CX4QY2BK","","33.8","24.2","15.5","1790"
"BQKOZFIN バイオリン 3/4 初心者用バイオリン ヴァイオリン 弓2本 チューナー 予備弦 肩当て付き","8173","37","","8","¥ 8,580","","1","B0FSXT6W2J","B0DB84ZH9N","60","20","10","1500"
"JYX カラオケスピーカー ワイヤレスマイク2本付き Bluetooth5.3対応 ポータブルPAスピーカー サブウーファー搭載 ディスコライト TV／録音／FM／AUX／USB／TF対応 大人・子供向け ギフト用 家庭用・パーティー用","4166","35","","176","¥ 6,780","","1","B0GR8T67S3","B0HBQWRMKC","31.7","27.7","17.2","2140"
"アップライトピアノ用防音ラグ ド 床 電子ピアノマット 防音/防振/防傷スネア滑り止めパッドバスドラムパーカッション 楽器 防音フロアマット (スタイル-B, 80X160CM)","4168","65","","6","¥ 5,680","","1","B0GH62D2QP","B0GH5NLWVY","78","10","10","2000"
"SHURE シュア ワイヤレスマイクシステム BLX288/B58 : BLX2/BETA58Aハンドヘルド型ダイナミックマイク 2本 BLX88受信機 デュアルチャンネル プロ仕様 歌 歌手 ボーカル パフォーマンス ライブ イベント プレゼン 演説 カラオケ 最大6チャンネル同時使用可能 最大電波到達距離 約90m 最大14時間連続使用可能 簡単セットアップ 【国内正規品/メーカー保証2年】","4169","20","","6","¥ 112,200","¥ 112,200","6","B00E09MY7E","B01MG0ECH6","49","41","8","2400"
"FLEOR ゼブラ エレキギター ネック ハムバッカー ピックアップ","10073","15","","10","¥ 9,856","","1","B074DBTWGY","B0BDSWG1SJ","15","8.9","2.2","109"
"SHURE シュア NEXADYNE8/C ダイナミック ボーカルマイクロホン NXN8/C-J : カーディオイド 単一指向性 XLR 有線 歌 ライブ パフォーマンス 収録 レコーディング マイクロフォン 高耐久性 Revonic™デュアルエンジントランスデューサーテクノロジー技術（特許取得済み）搭載 【国内正規品/メーカー保証2年】","7175","43","","11","¥ 28,020","¥ 28,020","18","B0D24G1RSB","B0DNQGWJTT","23.3","10.4","6.7","520"
"Roland ローランド FD-9 ハイハットコントロールペダル 静粛性 コンパクト 電子ドラム V-drums","4185","49","","35","¥ 18,500","","4","B01DU2MTVM","","46","25","21","2920"
"ZOOM(ズーム) F8n Pro フィールドレコーダー","4193","48","","3","¥ 97,273","¥ 97,273","5","B0D35BXMK4","","29","26","10","1800"
"ヤマハ SLG200N NW ナイロンストリング クラシカル サイレントギター ハードギグバッグ付 ナチュラル","6777","68","","68","¥ 234,565","","17","B01MXZTGCZ","B07GBPR28Z","109.2","45.7","14.5","4309"
"COMICA VIMO S-UC(Black) ワイヤレス ピンマイク スマホ外付け Android&iPhone15シリーズ対応 ノイズキャンセリング 15時間使用可能 ミュート機能 無段階ゲイン調整 USB小型無線マイク YouTube/インタビュー/ビデオ撮影などに対応","4197","24","","152","¥ 7,999","","1","B0BLXH1LZY","B0CDB2MKRQ","17.3","11.7","4.9","200"
"KORG(コルグ) チューナー メトロノーム TM-70C マイメロディ/限定モデル/クリップ式コンタクトマイク付き/吹奏楽/ブラスバンド/オーケストラ TM-70C SMM","4204","60","","11","¥ 8,000","","2","B0GWD12YVH","B0GWCLP6SD","11.1","11","2.6","130"
"オーディオテクニカ AT6901BR スパイクインシュレーター 6個1組 真鍮材 金メッキ スパイクベース別売","4205","43","","10","¥ 5,409","¥ 5,409","9","B0B1TV8J5P","","16.4","11.6","3","240"
"BQKOZFIN DJ コントローラーボックス DJ バッグ保護ボックスPioneer RX/NI Traktor Kontrol S8/DDJ SX2 SX3/DDJ 800 808/DDJ FLX 6 DJ 収納ボックスポータブルショルダーバッグ防水生地ショルダーベルトとスペーサー付きキャリーバッグ","4207","54","","51","¥ 5,198","","1","B0DG8FZ8MS","B0BJ6WNPW2","40.8","24.4","15.4","1520"
"ベリンガー アナログセミモジュラーシンセサイザー CRAVE","4207","11","","391","¥ 30,101","¥ 30,101","4","B081RJYCT5","","41.6","21.2","9","1860"
"ヤマハ YAMAHA コンパクトデジタルミキサー DM3 ダンテ搭載モデル","4221","33","","2","¥ 286,000","","5","B0CFDV2K2M","B0CJWZ8LFT","56.3","45.1","24","9200"
"Gator Cases ゲーター ギグバッグ エレキギター用 ストラトキャスター/テレキャスタータイプ対応 バリスティックナイロン製 Pro-Go Series G-PG ELECTRIC [レインカバー付属] 【国内正規品】","7252","60","","343","¥ 25,543","¥ 25,543","8","B00IJYE0SM","B08TCVCLF7","120","56.7","17.3","4360"
"ONKODO 2534 Yケーブル (4.4mm5極 - XLRメス×2) (2m)","10374","13","","18","¥ 8,900","","1","B09PH63653","B09PH6VNGD","25.6","18.3","4.2","200"
"MXR M133 MICRO AMP","4236","54","","94","¥ 14,300","","41","B00177XF5W","B0BT857G7N","26.1","19.7","11.8","460"
"SMALLRIG マイクホルダー ショットガンマイクホルダー コールドシュー型 -BSM2352","4241","47","","296","¥ 6,417","","1","B07VJGF8R7","B07ZRJFK56","11.7","9.9","3.6","115"
"【KIWAYA】KLC-Ten Plus/BR テナー用 ウクレレライトケース ブラウン（丈夫で軽量 A4サイズ対応 多機能ポケットあり）","8229","7","","2","¥ 7,150","¥ 7,157","3","B0HBVMGDHB","B0HBV3X5XX","80","32","11","1100"
"Roland ローランド クランプ APC-33 SPDシリーズ SPD-SX・SPD-30 取り付け 金具","4245","24","","445","¥ 5,909","¥ 5,909","11","B000EMJG4U","","18.6","13.7","8.5","823"
"MACKIE マッキープロフェッショナルコンデンサーマイク EM-91C 国内正規品 BLACK","4246","58","","475","¥ 6,780","","2","B083MXSC7Z","","28.8","20.7","8.9","730"
"Effects Bakery Cream Pan Booster/ブースター ギター エフェクター ミニペダル","4249","28","","26","¥ 5,060","","6","B0B3DG5HD2","","9.9","6.7","5.9","170"
"SELDER ベース ジャズベースタイプ JB-30 初心者入門リミテッドセット /サンバースト(9707013443)","2340","34","","150","¥ 25,400","","1","B003OQ4QY8","B0FYLZ9N5Y","120","40","7","4820"
"BEHRINGER ベリンガー マイクプリアンプ搭載 USBオーディオインターフェイス UMC22","4253","77","","12688","¥ 9,100","¥ 9,359","6","B00FFIGZF6","B08R3Y71S9","29","15.5","9","800"
"マホガニーソプラノウクレレ初心者キット、プロフェッショナル21インチ、ケースストラップ付、アキラ弦（21インチ）","4255","43","","8996","¥ 6,680","","1","B0D83M5CXT","B0DDHGRY6B","60.3","22.9","10.8","1024"
"Razer(レイザー) Seiren V2 Pro 30mm ダイナミック USB マイク ノイズをシャットアウトする ハイパスフィルター搭載 アナログゲインリミッター マイクモニタリング 音量/ゲイン/ミュートボタン本体配置 内蔵型ショックアブソーバー/マイクウィンドジャマー搭載 【日本正規代理店保証品】 RZ19-04040100-R3M1","4257","75","","103","¥ 23,102","¥ 23,102","2","B09KNNL9CR","B09LM97XCS","26.8","14.6","12.4","1040"
"VINGOBOW 4/4 天然の黒い馬毛 カーボンファイバー・ヴァイオリンボウCarbon Fiber Violin Bow","4261","28","","338","¥ 5,795","","3","B00JM22LPE","B09NJLN24M","77.7","12","1","80"
"JYX スピーカーセット 拡声器 ワイヤレスマイク２本 Bluetooth5.3対応 高低音強化機能搭載 充電式 ポータブル ホームパーティー、カラオケ、街頭スピーチ、会議 、学校行事、セミナー、室外、防災、路上ライブ、イベントなどに適用","8232","5","","132","¥ 12,980","","1","B0GR98H184","B0HCVTQRTF","33","32","21","3190"
"D'Addario ダダリオ ベース弦 XS Nickel コーティング弦 .045-.105 4弦 Long Scale XSB45105 【国内正規品】","8140","39","","82","¥ 6,600","¥ 6,478","7","B0G59153JW","B0GXY239GP","15.4","15.1","2","115"
"OYAYO 電子ピアノ 88鍵盤 折りたたみ式 FP88C 充電式 MIDI対応 BT対応 タッチセンシティブ鍵盤 生ピアノと同じ鍵盤サイズ 128音色/リズム 初心者 コンパクト 軽量 小型 ペダル 専用ケース 日本語説明書付 (白色)","7148","35","","13","¥ 17,800","","1","B0F3WYD98T","B0F3WYLPJS","70.5","29.8","19.4","6300"
"Shure シュア PGA58-QTR カーディオイド・ダイナミック・ボーカルマイクロホン 標準プラグケーブル付属 【国内正規品/メーカー保証2年】","4273","20","","7","¥ 12,000","¥ 12,000","8","B0CJTM9CSC","B0H4TV8J2C","25.7","12.5","8.4","810"
"新しいアップライトダブルバスカートキャリートランスポートストリングバスホイールバギー1/10-4/4ダブルバス用","4280","41","","102","¥ 18,000","","6","B07RPTLK5Z","","42.2","17.5","17.2","1790"
"AlphaTheta/Pioneer DJ DDJ-FLX2 初心者向けDJコントローラー – ポータブルUSB電源2チャンネルコントローラー – プロフェッショナルレイアウト–音楽ストリーミングサービスに対応 – 新規DJに最適","4285","61","","467","¥ 27,500","","15","B0DK49GW7M","","44.2","30","11.1","1990"
"Thalia Capos PEARL MILKY WAY カポタスト DELUXEシリーズ タリアカポ","3837","28","","7","¥ 16,720","","4","B0FLJK6NZT","B0FMDH3682","9.8","9.6","4.5","180"
"sE ELECTRONICS DM1 DYNAMITE Black DM1シリーズ 19*9.55cm 国内正規品","4292","54","","15","¥ 11,370","¥ 16,667","10","B0D46F8B6M","","16.4","3.2","3.2","110"
"BELDEN ベルデン 8412 XLR マイクケーブル ケーブルカラー: (1.5m, ブラック)","12615","9","","18","¥ 5,100","","1","B07DFHKLP7","B07DFQ26CF","21.4","15.3","4.8","190"
"パナソニック 800 MHz帯PLLヘッドセット形ワイヤレスマイクロホン WX-4360B","4294","31","","10","¥ 55,800","","2","B000P5FXM0","","25.8","20.3","9.1","445"
"IK Multimedia iRig Pre 2 iRigシリーズ 4*11*3.4cm 国内正規品","3906","46","","24","¥ 11,550","","3","B08WXBPFYG","","18.5","16.2","5.8","250"
"Behringer デジタルミキサー 8チャンネル USBオーディオインターフェース搭載 Bluetoothリモートコントロール/ストリーミング対応 FLOW 8","4297","44","","838","¥ 32,800","¥ 32,800","10","B08NDBQM5W","","34.9","22.7","9.7","1740"
"NZXT CAPSULE ELITE WIRED USB MICROPHONE WHITE カーディオイド ゲーミングマイク ホワイト AP-PUMIC-W1 SP1193","4297","51","","120","¥ 6,168","¥ 6,168","9","B0DPJF7QR8","B0DX75ZSLS","23.1","17.7","8.4","898"
"トンボアコーディオンソフトケース NB37","12938","14","","1","¥ 12,222","¥ 12,222","1","B08B7YXNTF","B0BVR8R9S9","74","48.5","7","1680"
"Donner イコライザー EQシーカー 10バンド EQ Equalizer エフェクター イコライザー ギターエフェクター ペダル (EQ Seeker) グレー","4309","56","","60","¥ 5,699","¥ 5,699","1","B0827SXWKX","","17.2","9.5","6.7","320"
"IPIC 吸音材 Komorebi 木目調 ウッド調 パネル ボード 音対策 壁 ウォール ブラウン DIY 簡単 軽量 北欧 おしゃれ ホワイトオーク, 30cm×30cm 12枚","8280","10","","3","¥ 9,800","","1","B0DXKZ4FNJ","B0DXN5KRJ6","34.2","30.1","11.3","2860"
"Numark Party Mix Live スピーカー/LEDライト内蔵 DJコントローラー","4327","65","","991","¥ 19,819","¥ 19,819","5","B092GK6C44","B0H94VRKN2","37.5","35.6","10.1","2095"
"Roland ローランド KT-10 キックトリガーペダル 一体型キックペダル 静音 省スペース V-Drums 電子ドラム","4329","59","","353","¥ 26,970","","9","B00IBIUZQW","","52.5","24.8","24.2","3940"
"RVONE RED-200 電子ドラムセット 本格キックハンマーペダル 静音メッシュパッド 初心者向けオールインワンセット","7047","63","","132","¥ 25,648","","1","B0FBWKP7B8","B0GQ556LZ3","78.2","49.9","21.6","15059"
"AlphaTheta 4ch パフォーマンス DJコントローラー DDJ-GRV6","4338","54","","18","¥ 132,000","¥ 133,333","6","B0DJP9QRQV","","78","46","16","6900"
"KORG(コルグ) MIDIキーボードnanoKEY Fold 25鍵盤/コンパクト/コントローラー/DTM/USB/パスパワー/プラグイン付属 ラバオレンジ NANOKEY-FD LO","4342","61","","84","¥ 11,000","¥ 11,111","15","B0DM9LPSWQ","B0DP3Q44S9","23.7","8.6","3.3","240"
"NUVO ヌーボ プラスチック製管楽器 サックス C調 jSax 2.0 ジェイサックス Black/Blue N520JBBL [専用ハードケース付き] 【国内正規品】","4347","35","","1597","¥ 16,480","¥ 16,889","7","B07KR8T6XH","B0CWQQZJBW","37","14.4","8.4","890"
"ローランド Roland/AEROPHONE AE-01 デジタル管楽器 リコーダー運指 アプリ/Bluetooth対応","4347","22","","243","¥ 38,500","","11","B07XBL431C","","50.5","12.3","6.7","860"
"BESYOU ギター アコースティック ベース13点セット 入門練習 38インチ 初心者セット 子供 学生用 アコギ 日本語取扱說明書 ソフトケース ギタースタンド付き","4349","42","","233","¥ 7,999","","1","B09J82PZWX","B09MH8W6GZ","101","46","13","2800"
"RODE Microphones ロードマイクロフォンズ NT1 シグネチャー シリーズ ラージダイアフラムコンデンサーマイク ブラック NT1SIGNATUREBLACK","4350","58","","1702","¥ 23,980","","24","B0CKVD62NX","B0CP5LBG3B","26.8","20.6","17.3","2141"
"BEHRINGER ベリンガー ヘッドホンアンプ 電池駆動 インイヤー P2 ブラック BEHRINGER POWERPLAY P2","4360","71","","3446","¥ 6,600","¥ 6,665","23","B0784TMYPN","","16.3","6.7","4.7","200"
"KUN バイオリン肩当て Collapsible Mini Blue 1/4-1/16","4364","48","","1457","¥ 5,070","¥ 5,324","3","B07H4GJJ1Z","B07NFB5V8Y","15.1","5.1","4.2","50"
"【初心者セット8点！エスニック風ケース付き！】ELVISエルビス・ソプラノウクレレ・マホガニー材・U100S・美木目・検品後発送で安心！【付属品：エスニック風ケース・チューナー・教則本・コードチャート・ピック・ストラップ・ポリシングクロース・国内保証書】","3805","29","","58","¥ 7,280","","1","B07CG1TM3R","B07C6PS4WK","59.5","25","9.5","1040"
"Jinchuan 尺八 初心者向け 真竹 白竹 練習用 無地 黒 したいろ 音が出しやすい設計 改良型 約51cm 布袋付き (色：ナチュラル)","8308","4","","3","¥ 5,799","","2","B0HBBKZFTT","B0HDNWY1HR","50","3.5","3.5","200"
"OBLIGATO オブリガート 分数バイオリン弦セット (3/4+1/2)","8317","20","","7","¥ 10,820","¥ 11,330","6","B01MSWEN89","B07CRTVMLX","10.8","10.3","1.1","18"
"PIRASTRO ビオラ弦4弦セット EVAH PIRAZZI GOLD","8261","17","","13","¥ 23,500","¥ 26,921","4","B01M2X749R","B00Q5R06GA","11.1","10.5","1","24"
"ヤマハ YAMAHA ライブストリーミングミキサー ライブ配信 8チャンネル ボイスチェンジャー内蔵 ブラック AG08 B","4371","76","","30","¥ 84,800","¥ 88,000","10","B0BT6R1TF3","B0FNLLXP7Y","48.2","30.4","15.7","3400"
"KC 譜面台 軽量アルミ製 MSAL-J/BK ブラック x 20本セット (ソフトケース付)","4378","30","","105","¥ 81,906","¥ 81,906","1","B00XSW5PAW","B00VWKW7VM","61.5","47","37.5","18800"
"WOODWORKS 日本製 ギタースタンド エレキギター用 5本掛 (ライトブラウン)EG5L","4386","32","","73","¥ 13,750","","1","B09MK97X8F","B0BLGVSDY2","75","72","32","5000"
"VOX Nutube搭載 アコースティックギターアンプ VX50 AG コンパクト 軽量設計 50Wの大出力 自宅練習 スタジオ ステージに最適 マイク入力 弾き語り","4393","50","","188","¥ 29,920","¥ 31,576","12","B075D5HWQP","B089M81H2M","42.5","37.2","25.9","5300"
"OKURA+MUTE オクラ+ミュート トロンボーン用 プラクティスミュート カラー:ブラック","4394","48","","245","¥ 7,111","¥ 7,111","6","B01LY5J31B","B0B7VC4N6Y","16.1","10.9","10.9","140"
"弥音閣丈夫な15mmスポンジでクラシックギターケース内寸法100cm×40cm×11cmギター ギグバッグ, アコーギター, セミハードギターケース, ギターソフトケース, 大容量ポケット付き (38と39インチ用ブラック)","4395","37","","17","¥ 5,000","","1","B0GX1K63CB","B0F8QHN6W9","100","50","38","1000"
"ツリーチャイム 卓上 20音 オーシャンドラム 大きい 30センチ 打楽器 パーカッション ウィンドチャイム 楽器 (ツリー ドラムセット)","4124","22","","2","¥ 5,480","","1","B0DPDCDJL8","B0DPDD6RP4","40","30","7","1250"
"KORG メトロノーム KDM-3-WDWH ウッデン・ホワイト","2595","36","","33","¥ 6,990","","4","B07T2KMWRV","","15.7","8.3","7","200"
"Ibanez(アイバニーズ) GIOシリーズ エレキギター ダブルロッキングトレモロ搭載 Transparent Black Sunburst GRG320FA-TKS","4399","30","","25","¥ 41,000","¥ 50,000","4","B0CLJQYKQK","B0FFSGDGS2","109.2","43.2","10.2","3856"
"オーディオテクニカ AT8484 BP40 用 ショックマウント ダイナミックマイク ボール固定 配信 ポッドキャスト DTM 【国内正規品】","8347","12","","27","¥ 12,800","¥ 12,800","1","B011VJOU8Q","","16.5","13.2","10.4","408"
"SUZUKI スズキ 細棹三味線セット かえで 木製+樹脂製・のべ棹 MS-8 すぐに始められてお手入れ要らず! スズキの本格三味線","8315","23","","26","¥ 61,730","¥ 61,315","3","B001SNDVMW","B08HM14PMK","103","26","14","2260"
"ワイヤレスマイク、TONOR UHF デュアル カラオケマイク システム、無線マイク プロフェッショナル充電式レシーバー、コードレス 、結婚式、DJ、パーティー、スピーチ TW320 グレー","4406","56","","569","¥ 5,699","","1","B0BX9J19MT","","29.7","17.6","6.5","680"
"HWWR カラオケセット 家庭用 ワイヤレスマイク2本 Bluetooth5.3対応 低音強化機能 15W出力 スピーカーセット 小型","4418","8","","353","¥ 7,599","","1","B0GVRZYNVS","B0HB9DGDVV","35.8","28.8","16.6","2650"
"ヤマハ YAMAHA エレキベース BB434 BL","4419","51","","28","¥ 50,000","¥ 50,000","9","B06XXWKBWH","B077G61NDZ","135","50","19","7000"
"UNI-PEX ワイヤレスマイク WM-8400","4420","41","","14","¥ 29,000","¥ 29,000","9","B000WM8SB4","","28.5","9.3","6.4","350"
"KORG(コルグ) ギター/ベース用 ペダルチューナー Pitchblack X mini 限定カラー/コンパクト/省スペース/±0.1セントの高精度/ULTRA BUFFER/ストロボチューニング ゴールド PB-X-MINI MG","7016","46","","104","¥ 12,760","","3","B0FR8QMMB8","B0FV27QHPK","10","5.8","5.5","171"
"Orange Crush MINI LTD White ミニギターアンプ","4426","13","","2","¥ 6,980","¥ 8,000","10","B0F3JHJ86W","","15.6","15.5","9.4","970"
"CAHAYA ギターケース ハードケース ABS樹脂製","8168","34","","264","¥ 16,837","","1","B08ZRT5CFR","B0BBR44B29","112.8","49.3","20.8","5012"
"Nakamichi インイヤーモニター 有線 4BA型ドライバー 10ｍｍDD型ドライバー 20-40KHz 着脱式2PINケーブル MV500","4430","49","","28","¥ 13,320","","1","B0GWQW1NPQ","","14.8","11.9","4.7","150"
"Roland ローランド 拡張用シンバルパッドセット OP-TD1C 10インチ","8273","38","","153","¥ 8,991","¥ 8,991","13","B00RQPP8I6","","34.1","32","11.2","1320"
"【VGP2025 金賞】SHURE シュア プロフェッショナル・スタジオ・ヘッドホン SRH440A-A ブラック : 有線 密閉型 折りたたみ式 プロ仕様 リスニング モニタリング ゲーミング ゲーム スタジオレコーディング ホームレコーディング DJ コンテンツ制作 楽器練習 ギター 【国内正規品/メーカー保証2年】","4438","69","","65","¥ 15,840","¥ 17,000","15","B09ND3ZFT9","","33.3","28.2","8.4","760"
"【Pearl Flute×Legato Largo】 レガートラルゴ パールフルート コラボレーション・フルートケースカバー #グリーン C足部管/H足部管両用 フルートマット付属 LL-FLCH3#GR","8275","39","","11","¥ 8,712","","7","B0DT9GGCBJ","B0DXF98PMP","46","13","8","460"
"K&M ブーム式マイクスタンド ST210/2B (21020B) 高さ :900/1,605mm 黒","4441","54","","252","¥ 11,100","¥ 13,618","8","B000NB2CVQ","B0814Q9P9L","86","11","9","3320"
"IK Multimedia iLoud Micro Monitor Pro Pair iLoudシリーズ 106*206*15.8cm(1台につき) 国内正規品【VGP 2026夏 特別大賞 金賞 ライフスタイル企画賞】","4442","31","","1","¥ 96,800","¥ 96,800","4","B0DV56FYDP","B0FT87JT87","43.7","29.4","22.8","4710"
"BOSE Freespace IZA190-HZ V2","4451","42","","","¥ 47,300","","3","B08KRPSGC5","","46","28","10","3380"
"MXR M169 CC ANALOG DELAY","4453","52","","798","¥ 23,000","","88","B0016ZZKJO","B08HLZ734Y","14.2","11","6.7","470"
"Lewitt RAYマイク 音声用オートフォーカス付き - 距離でミュートとミュートボタン - ポッドキャスト、ストリーミング、コンテンツ、音楽にスタジオ品質で- 1インチのスタジオコンデンサーカプセル","4459","56","","9","¥ 78,570","","30","B0CYHMB8LR","B0DG1YR69C","35.7","21.9","13.8","1610"
"ADM 12弦エレアコギター 42インチ フルサイズ 4バンドEQ エレキギター 初心者からプロまで対応 ギグバッグ、ピック、カポ、ケーブル、ストラップ付き 12弦ギターセット (ブラウン)","8412","6","","1","¥ 9,999","","1","B0FXG9WYGB","","106","47","15","4600"
"Logicool G Blue Yeti Nano BM300BK USB ゲーミングマイク コンデンサーマイク Mac PS5 PS4 PC ブラック ゲーミング 実況 配信 マイク ストリーミング 国内正規品 2年間メーカー保証","8241","58","","374","¥ 17,200","¥ 17,200","1","B09YTPJNCL","B0C8434CQQ","25.7","16.3","15","980"
"EastForce 3段階長さ調節可能 マイクアームスタンド 耐荷重2kg","4472","35","","37","¥ 6,380","","1","B0FX3XP7DZ","","39.8","12.2","8.4","2100"
"BOSS ボス ループステーション RC-600 多機能ルーパー フロア型 6トラック 200種類の内蔵リズム 16種類のドラム ギター／ボーカル／MIDI対応","4479","54","","119","¥ 72,600","¥ 76,921","4","B09JP6ZDR8","","58.5","26.1","12.9","3720"
"ADM 電子ドラムセット 4つの静かな電気ドラムメッシュパッド 180以上の音 初心者向け スイッチペダル2台、スローン、ヘッドフォン、ドラムスティック、メロディックスレッスン付き","4481","16","","21","¥ 23,531","","1","B0DN5VYL6R","","71.1","47","27.9","13835"
"ZOOM(ズーム) H6 essential ハンディレコーダー 録音 6トラック","4484","69","","335","¥ 37,268","¥ 38,891","17","B0CSL83SYC","B0GMG521F8","27.4","25.8","4.9","470"
"ソプラノウクレレ 初心者パック 21インチ 弦ギグバッグ付き 木製ウクレレ 速習ソングブック ピック ポリッシングクロス オールインワンキット","12963","14","","1613","¥ 5,999","","1","B0CZ73NQMW","B0GVRZ3B15","56.7","21","8","1520"
"Protection Racket スネア&ペダルケース 8253-72 14X5.5 TZ3015 LPTR14SD5.5PDL","8316","44","","42","¥ 16,800","","7","B0088B453Q","","58","55","36","2200"
"Levy's Leathers 2インチ スエードギターストラップ スエード裏地付き36インチから52インチまで調節可能;タン (MS12-TAN)","4490","29","","369","¥ 5,680","","11","B000XPRQL8","B07FYVKDNQ","15.7","8.4","7.4","181"
"TERENCE 電子ピアノ 61鍵盤 237音色 246リズム 電子キーボード 25デモ曲内蔵 卓上ピアノ メトロノーム/プログラム/録音/レッスンモードなど機能 キーボード マイク対応 ピアノ 初心者にピッタリ 楽器おもちゃ 3.5mmイヤホン対応 持ち運び便利 子供に最適 取扱説明書付き SP-61A","8123","37","","234","¥ 8,454","","1","B0G2WW8GLZ","B0HDRMGZ3Y","91","36","13","5000"
"【ハンマーアクション88鍵盤】 Longeye 電子ピアノ 88鍵盤 ピアノタッチ感 MOLD1 3本ペダル 防塵カバー フリップカバー 木製スタンド 二つヘッドホン同時使用 MIDI端子対応 380種類音色 移調 DREAM音源 15W出力 初心者 日本語版説明書 オークベージュ","4566","33","","103","¥ 49,800","","1","B0D5RCH83J","B0D5RBHHRX","143","44.5","32","39500"
"【Spolehli】 ムービングライト dmx ステージライト 舞台照明 パーティーライト 【8カラー 8パタン 3面プリズム 豪華なビーム効果】 120W 2大制御方式 DMX512対応 音声モード/自動モード 多彩なエフェクト 放熱機能 温度制御保護装置 演出/結婚式/パーティー/カラオケ/ライブ/イベント/ディスコ/お祭り 業務用 盛り上がる ステージ映え かっこういい (4)","9526","16","","5","¥ 27,999","","1","B0GVY26RZ1","B0FH2BCTMM","33","25","17","4500"
"BLITZbyARIA ブリッツ エレキギター BLP-450 SBL ケース付属","8405","16","","68","¥ 29,500","","6","B005KYMZNG","B01M0D6SBF","120","60","15","4001"
"VINGOBOW チェロ用 カーボン弓 Carbon Fiber Cello Bow (1/2)","4506","22","","26","¥ 6,395","","2","B07R9RD2FW","B07R9SMKXR","70","3","3","350"
"FLEOR アルニコ 5 シングルコイル ピックアップ ソープバークローム P90 ネック & ブリッジ ピックアップ セット","4512","24","","35","¥ 5,179","","2","B074DJHZ61","B0BFDZ7CJZ","22.5","13.6","4.1","246"
"Kose PANASONIC (パナソニック) WX4100B用グリルボール/上部 A9AB2453C3YD-RV","4513","44","","3","¥ 6,498","","7","B08GLGDMK9","","9.8","7.7","3.9","30"
"Alterzone マイクスタンド 黒 コンデンサーマイク デスクアーム 伸縮 実況 配信 収録 カラオケ 生放送","4516","35","","534","¥ 5,464","","2","B093G6CTTB","B0D418B77Y","98","11","8","1740"
"Gator Cases ゲーター ドラムバッグ 5点セット Fusion Set ナイロン製 Protechtor Standard Series GP-FUSION16 [ショルダーストラップ付属] 【国内正規品】","8349","11","","103","¥ 22,336","¥ 22,336","5","B01MZF0T1F","B016D5HU4E","70.3","70.3","20.2","4808"
"【マイバチみなみとり】 米ヒバ ロール処理型 39cm 軽め 2ヶ月保証 収納袋付き (ホワイト)","8357","38","","10","¥ 5,880","","1","B0DPQQN98C","B0DPQT12TH","43","8","6","200"
"Pearl パール ジュニア・コンガセット PFC-289J #606","2603","25","","4","¥ 41,800","","1","B07BHR68S8","B0CZ3XLBJ4","78.5","44.5","40.5","12620"
"LEKATO 充電式ワイヤレスマイク UHF ダイナミック ハンドヘルド 無線マイクロフォン ミニレシーバ付き 会議/カラオケ/ホームパーティーに大活躍【2個セット】","4540","38","","124","¥ 7,199","","1","B08Z3VRKM2","","28.1","21.8","7.4","760"
"アルトサックス 11点セット E Saxophone ゴールドラッカー ケース付き 彫刻入り 初心者 サックス 入門セット","4541","11","","132","¥ 31,330","","1","B08X45Q6MB","","60","25","18","2000"
"Technics SL-1500CW-K ダイレクトドライブターンテーブルシステム テクニクス ブラック","8323","28","","1","¥ 136,001","¥ 136,001","2","B0H35WQMWF","B0H36HW8J5","57.2","45.4","25.8","13350"
"One Control ワンコントロール Minimal Series Pedal Board Junction Box with BJF Buffer/ジャンクションボックス バッファー搭載","4758","34","","34","¥ 5,060","¥ 5,404","5","B0B7WPJS81","","13.1","7.4","6.2","290"
"BOSS ボス モジュレーション MD-200 Modulation 12種のモジュレーションエフェクト エフェクター ペダル コンパクトサイズ設計 ギター","4547","19","","174","¥ 35,200","","7","B07TDSFH47","","26.1","23.4","15.4","1211"
"Donner セミアコギター エレキギター セミアコースティックギター セミホロウボディ ダブルカッタウェイ トラ色 DJP-1000B","4554","33","","44","¥ 34,980","¥ 34,980","1","B095PK8GGX","B0DWSGT6K6","122","47","14","6700"
"Enya フットペダル コントローラー 【Inspire/Sonic JT用】 スマートアプリ連携 即時トーン切替","4554","57","","95","¥ 6,960","","1","B0F2MQ7NBN","","24.4","9","5.6","290"
"Yibuy 55mm 黒いプラスチックと金属のマイクイコライザー圧電ピックアップは、アコースティックギターの調整に適していますクラシック民謡ちょうせつボタンおんこうしき","8447","12","","23","¥ 8,099","","2","B09G3BSSJ4","","14.1","8.6","3.9","130"
"ENYA ST1 オートチューナー/ワインダー&メトロノーム フルカラーLCDディスプレイ エレキ・アコースティックギター ウクレレ バンジョー ブラック","4564","52","","283","¥ 6,384","","2","B0CSVTD74H","","14.6","8.3","5.7","308"
"IKTMI 電子ピアノ 88鍵盤 木製 ピアノ 88鍵 持ち運び ピアノ (ピンク)","8195","30","","56","¥ 18,277","","1","B0F5Q7JN3T","B0D1KN62ND","135","31","17","8200"
"ヤマハ YAMAHA エレクトロニックアコースティックドラムモジュール EAD10","3951","67","","99","¥ 50,700","¥ 50,700","7","B077VBRN9T","B092737N8S","46.4","23.6","17.8","2400"
"SHURE シュア ダイナミック・ボーカル・マイクロホン : カーディオイド/スイッチ付/XLR-XLRケーブル付属 PGA48-XLR-J ブラック【国内正規品/メーカー保証2年】","4571","58","","37","¥ 7,900","","4","B09N955HJJ","","25.8","12.7","8.8","890"
"Fujirec フジレック ダイナミックマイク 10本セット XLR フォンケーブル ボーカル 有線 ハンドマイク (レッド) (10)","11596","8","","66","¥ 12,300","","1","B0F7X6CJN2","B0F7X98827","25.8","13","8.4","470"
"Salicross パイオニア DDJ-FLX4 用防塵カバーホコリの侵入を防ぎ、ケーブルを抜かずに装着可能、誤操作を防止｜クリアタイプ","4577","30","","46","¥ 5,605","","1","B0GYDMGM3T","","50.3","28","4.8","757"
"ヤマハ YAMAHA ピアニカ 鍵盤ハーモニカ マルーン P-37D フル3オクターブの広音域 スムーズなタッチ感のブレない鍵盤 軽量でコンパクトな設計 ハードケース付属","4584","77","","741","¥ 7,000","¥ 7,000","4","B000Y7LVES","","52.1","17.8","7.6","1633"
"サイレントバイオリン 4/4 フルサイズ 電気バイオリン 初心者向け スターターキット 黒 夜間練習 OK ヘッドホン付き 成人 ティーン 練習用 付属品完備","2575","53","","14","¥ 15,324","","1","B0DXTFCP85","","81","30","15","2200"
"electro-harmonix エレクトロハーモニクス エフェクター ディストーション Big Muff Pi 【国内正規品】","4586","54","","562","¥ 12,800","","13","B000BQTCDO","B01FX66YBE","26.6","22","16.7","840"
"Reloop Flux Go ポケットサイズ USB-C DVS オーディオインターフェース","4589","13","","7","¥ 40,000","¥ 40,000","24","B0G6DLHTRL","","19.5","13.6","4.5","280"
"バイオリン弦 PIRASTRO TONICA トニカ 4/4サイズ 4弦セット(E線: ボール#3124スチール)","4590","22","","6","¥ 12,100","¥ 12,100","3","B06X3X453M","B0BFKPLBHW","11.6","11","1","20"
"WinBridge 拡声器 小型 ポータブルスピーカー ヘッドセットマイク ハンズフリー 拡声器 音楽再生 コーチ、講座、ガイド、トレーニング","4592","11","","3","¥ 5,816","","1","B0H5WCBBXK","","16.5","13.5","6.2","360"
"JAMELO ワイヤレスマイク 充電式ダイナミックマイク 2.4GHz 6つのリバーブモード マイクロフォン 3.5MMレシーバ付き 高音质 受信機 1/8”出力 アンプ用 PAシステム/パーティー/カラオケ/教会【2本セット】","4598","18","","31","¥ 5,299","","1","B0D17SVY1K","B0DCZHT9KB","28.4","13.9","9.2","610"
"KUPPMEN (クップメン) カーボンファイバー ドラムスティック 7A CFDS7A","8413","13","","327","¥ 5,556","¥ 5,556","3","B01MUDDEK9","B07Y5FKXWR","40.7","5.5","2.1","120"
"Providence プロビデンス シールドケーブル S101 10m S/Lプラグ（ストレート/L型）","4605","18","","6","¥ 13,420","¥ 13,420","2","B0CPSW1DYR","B0CPT2FS91","25","22","4","665"
"DMXケーブル 3ピン 3m 5本セット XLRオス–メス 3PIN キャノン マイクケーブル 音響 ステージライト用 DMX 3芯ケーブル [並行輸入品]","2624","25","","","¥ 5,000","","1","B0DKDX3ZXS","","32","24","3","1000"
"TAMA タマPOWERPAD ドラムペダル・バッグ ツイン・ペダル用 PBP210","4608","53","","81","¥ 6,181","¥ 6,181","6","B07DPR6T21","B08HLYM6TR","50.1","35.3","14","1740"
"ヤマハ YAMAHA エレキギター PACIFICA PAC611HFM RTB 純正ソフトケース付属","4609","21","","43","¥ 79,274","¥ 79,274","1","B0062IF5R2","B01K1ILXJ2","110","56","16","5000"
"MEINL マイネル スティック バッグ professional BLACK MSB-1 【国内正規品】","4615","26","","1601","¥ 5,500","¥ 5,859","4","B0007ZEY8W","","48.3","22.9","6.3","684"
"ヤマハ YAMAHA ダイナミックマイク 単一指向性 スーパーカーディオイド ボーカル 宅録 配信 ブラック YDM707 B","4617","22","","8","¥ 22,980","","6","B0D4YH62MG","B0D5L1LPX3","23.5","11.3","7.2","555"
"NEEWER マイクフロアスタンド ブームアーム付き マイク三脚 MS046","4620","52","","2","¥ 6,199","","1","B0G434R1JP","B0G1LT7DY7","61","11.4","7.6","1588"
"tc electronic 1ボタン ルーパー DITTO LOOPER","4622","65","","2218","¥ 9,800","¥ 15,340","39","B00AZUAORE","B08HLZ2SVP","10","6.4","5.4","209"
"ITOMASA/イトマサ ピアノイス No.5 背付ピアノ椅子 (ウォールナット/半つや)","11631","13","","10","¥ 39,800","","1","B009BQ5CLQ","B009BQ5CL6","96","49","43","10000"
"STRICH ペダルボード 内蔵電源、ギターペダルボード 45.7 cm x 11.2 kg 軽量アルミニウム合金 ペダルケーブル、バッグ、フックループストリップ STANDARD 18","8146","21","","588","¥ 32,136","","10","B0GZT5X9HT","B0FC1QKBK5","51.4","35.6","12.7","2994"
"キクタニ ベースギター用 ギグバック 20mm厚クッション リュックタイプ GVB-30B ブラック","4637","66","","24","¥ 6,930","¥ 7,778","4","B0B345NS39","","124.6","42.5","9","1160"
"Roland ローランド パーソナルモニター PM-100 モニタースピーカー 最大出力80W コンパクト V-Drums","4637","39","","101","¥ 42,829","¥ 42,829","9","B078YBBZY1","","51.5","47.4","45","16200"
"BEHRINGER ベリンガー 7バンド・グラフィックイコライザーBASS GRAPHIC EQUALIZER BEQ700","4640","20","","694","¥ 5,000","¥ 5,000","4","B000KIRT9C","","15.8","9.1","6.4","430"
"GENELEC 8020DRwM リファレンス・モニタースピーカー RAWフィニッシュ (2本・ペア) 北欧 フィンランド製 5年保証","11645","25","","3","¥ 127,600","","1","B0CQCJPH7L","B0CQ7W726H","47","35","25",""
"MAONO オーディオインターフェース オーディオミキサー XLR入力 ルーティング DAW 楽器/パソコン/スマホ/ヘッドホン対応 音楽制作 ホームスタジオ 配信 ポッドキャスト インターフェース 小型 ポータブル一 USBオーディオインターフェース PS22-LITE","4640","64","","507","¥ 7,999","","2","B0F1N24BJW","B0GL7K36BY","15.8","15.5","9.1","420"
"Jo-Ral ジョーラルミュート TPT-5B","8486","13","","1","¥ 12,813","","32","B0007L6O9I","B01K478RU8","21.6","9","8.8","141"
"BOSS/VE-500 Vocal Performer ボーカル パフォーマー","4648","43","","44","¥ 49,830","","10","B07GSYXHWP","","29","18.7","11.6","1540"
"Yinfente バイオリン ヴィオラ ボウケース ボウバッグ カーボンファイバー ボウケース 強力 軽量 ホールド 2個 リボン, ブラック。, One Size, クラシック。","4656","31","","73","¥ 7,500","","4","B083NJXN7S","B0DDSQYCWL","79.4","7.6","7.6","771"
"電響社(Denkyosha) ゼピール ラジオ付手元スピーカー木聲(きこえ)テレビ 簡単操作 AC電源/乾電池の2WAY 持ち運びハンドル ラジオ付 DTS-WS230WH","4661","25","","3","¥ 6,098","¥ 8,899","5","B0D171QTR9","B0D187NGJL","29.6","22.7","11.4","1310"
"電子ピアノ 電子キーボード 61鍵盤 キーボード ピアノ 61鍵盤 60デモ曲 200音色 200リズム内蔵 電子キーボード LCDディスプレイ搭載 初心者 持ち運び 軽量 日本語で表記 2WAY給電 日本語取扱説明書","4664","47","","79","¥ 8,490","","1","B0DK13VG28","B0DZ1NG3JR","102","33.7","12.6","3410"
"BOMGE オーディオミキサー サウンドボード ミキシングコンソール 5チャンネル デジタル USB Bluetooth エコー遅延効果 48V Phantom Power ステレオDJミキサー 録音、ライブストリーミング、ポッドキャスティング用 (BM-05-W)","4671","31","","16","¥ 5,990","","1","B0FX5RLYMP","B0G1HYTL71","29","22.9","7.6","780"
"TASCAM(タスカム) MA-BT240 マイク入力/Bluetooth搭載 ハイ・ローインピーダンス両対応 ミキシングアンプ","4674","14","","1","¥ 60,700","","5","B0CNRM7BKB","","43.1","29","11.5","3420"
"D'Addario ダダリオ ベース弦 フラットワウンド Super Long Scale 5弦 .045-.132 ECB81-5SL 【国内正規品】","8358","42","","1837","¥ 10,791","¥ 10,791","3","B000OR6GYS","B00DU5KEJY","16.5","15.3","2","170"
"BETOPPER ムービングライト 8x3W RGBW LED ステージライト DMX512 7/13CH disco light for party音声連動イベント 舞台/演出/結婚式/パーティー/カラオケ/クラブ用 (2個セット)","8292","42","","41","¥ 17,183","","1","B095SNNZXK","","42.1","34.9","22.7","4110"
"RAKU ピアノ椅子 ガス圧式 無段階高さ調整 44-56cm 高反発クッション PUレザー 幅48cm 電子ピアノ Type A 1本脚 ホワイト","4683","20","","25","¥ 9,898","","1","B0FM2WD9WV","B0FG7VQPML","51","38.5","21.5",""
"RockJam Xfinityヘビーデューティ、ダブルX、事前組み立て済み、ロックストラップ付きの無限に調整可能なピアノキーボードスタンド","4694","42","","24226","¥ 5,221","¥ 5,221","1","B01B15JPCQ","B08R3Y3B4L","102","48.8","7.8","4570"
"XTUGA リフレクションフィルター マイク 防音シールド 折り畳み式 吸音材 ボーカル録音放送用 放送用リフレクションフィルター 録音吸音材 (五つ折り)","4695","50","","1115","¥ 5,999","","1","B097ZCNNB3","B0CHQ39SKJ","40.6","20","18.2","1800"
"カワイ 純正ダンパーペダル ES60/ES120対応 F-10H ハーフペダル対応 電子ピアノ用 サステインペダル","4698","5","","","¥ 6,050","¥ 6,050","1","B0H86PNX4G","","25","11","8","1000"
"アマナマナ ティンシャ 龍 龍神 竜 ドラゴン 浄化 ヨガ 瞑想 チベット ベル 心を清める音","8435","14","","48","¥ 17,930","","1","B08GM9DK6P","","15.7","14.6","4.7","330"
"MYW Style【純国産】電子ピアノカバー 88鍵｜福井県産生地・上質サテン織｜レザー調 遮光1級｜譜面台対応 (ブラウン)","8490","21","","98","¥ 5,900","","1","B0BMM1HC35","B091Z3TXT3","18.4","17.6","4.4","320"
"ZOOM(ズーム) Q8n-4K 4Kビデオカメラレコーダー","4700","63","","45","¥ 36,790","¥ 36,790","8","B09N33CH14","B0F6MGYCWP","21.5","16.3","8.9","650"
"Thalia Capos Teal Angel Wing カポタスト Shellシリーズ タリアカポ","4702","53","","19","¥ 14,190","","4","B0DK6QNQ32","B0DKBLVG6Y","9","9","4.1","10"
"ゼンハイザ― ゼンハイザー ダイナミックマイクロホン カーディオイド/ボーカル・スピーチ向け/スイッチ付 e 835-S【国内正規品】","4703","64","","1215","¥ 14,700","¥ 14,700","6","B0002H0RCC","","26","12.3","8.1","581"
"Boveda 高吸収性 49% 双方向湿度コントロールパック 極端な湿度の楽器用 – 20パック – サイズ 40 – 楽器ケース用吸湿剤 – 反り防止 – 再密封可能なバッグ","8416","32","","13","¥ 12,799","","1","B0BL8PQT81","B0CLLMYSW7","15.3","14.7","9","880"
"ZO ゼット・オー プラスチック製テナーバストロンボーン(太管) TB-10 カラー:ダークブルー","8474","32","","51","¥ 23,667","¥ 23,667","1","B07JB2ZTX3","B07XQH3V9T","97","35","32","2998"
"NearStream AMIX20U オーディオインターフェース USB オーディオミキサー ゲーミングミキサー PC/スマホ/タブレット RGBライティング XLR/6.35mmコンボ入力 AUX Bluetooth マイク/ヘッドホン/楽器用 ノイズ低減 ループバック機能 ボイスチェンジャー カスタマイズ効果音 ライブ配信/ゲーム実況/ポッドキャスト/音楽制作用 小型軽量","4705","29","","7","¥ 12,980","","1","B0FX993WN4","B0G79PFZLM","21.6","15.6","10.7","680"
"FLAMMA FV01 ボーカル ピッチ 補正 ペダル 遅延 リバーブ付 マイク 増幅器 ストンプボックス ギター用","8518","19","","551","¥ 20,999","","1","B08V5FRX7H","B0FVFVBVWQ","15.9","13.3","7.9","510"
"Jim Dunlop ギターピック (24516130012)","4713","18","","22","¥ 10,960","","13","B00TVFYATC","B07NBDY3ZK","13.4","12.2","3.1","10"
"MXR M104 DISTORTION+","4714","22","","281","¥ 17,045","","81","B0002E520C","","13.9","11.2","6.7","308"
"Roland ローランド GK-3 ギター用ディバイデッドピックアップ ギターシンセ カーブ可変構造","4715","4","","351","¥ 24,200","","2","B0002D00BO","","26.2","15.1","4.7","372"
"SOUND KING サウンドキング チャイナドラ 双光白鑼(シュアン・グアン・バイ・ルオ) CH-004/50","4718","7","","4","¥ 28,112","¥ 28,112","1","B0199MBLDE","B07N6N7KRW","51","51","2","998"
"BOSS ボス ワイヤレスフットスイッチ FS-1-WL 電子スコア/DAWソフト/ワイヤレス操作 BluetoothMIDI 楽器練習 楽曲制作 アプリ対応 電池駆動対応","4724","66","","89","¥ 15,573","¥ 15,573","11","B0BLN6G66C","","25.7","9.4","5.3","370"
"Levy's Leathers シグネチャーコットンシリーズ 2インチ エクストラロングギターストラップ トライグライド調整; ブラウン (MSSC8-XL-BRN)","4727","52","","1891","¥ 7,361","","16","B000XPUT6M","B07FZ7RDM8","18","16.4","5.1","100"
"JBL PROFESSIONAL JRX212 2-Way ステージモニター 12インチ","8538","17","","86","¥ 34,800","","2","B00CYNTFB6","B0C9H9MSJG","62.7","42.9","35.6","21205"
"竪琴ハープ メタルストリン ポータブル小さな竪琴19弦木製ライアーハープレゾナン コンパクトマホガニー 弦楽器チューニング 初心者のためのキッズホリデーギフト (Wood color)","8521","4","","54","¥ 6,999","","2","B08ZHY4ZRD","B08ZSS423S","44.4","31.6","9","1680"
"【正規品】 MUSICWORKS(ミュージックワークス) MUSIC WORKSエフェクターケース & ボード バッグンボード 3WAY EBB3H-L/BK ラージ","4739","12","","9","¥ 9,664","¥ 8,786","4","B08F7MN32T","","61","37","13","2740"
"Alvoxcon ワイヤレスマイク UHF ピンマイク ヘッドセット クリップ ハンズフリー 無線 動画撮影 録音 拡声 カメラ スマホ 軽量 日本語取扱説明書付き 送信機*2 受信機*1 二人用 TG220","4749","49","","261","¥ 12,880","","1","B085BN32GG","","19.4","17.8","7.6","520"
"ヤマハ(YAMAHA) クラシックギター CG102","4751","10","","78","¥ 25,300","","3","B005DXYCXA","B07JMFTPRS","111.4","45","15","2720"
"Roland ローランド DJコントローラー DJ-202 Serato DJ対応 PCDJ TR-909/TR-808/TR-707/TR-606のサウンドを搭載 マイク入力端子搭載 ポータブル 小型","4752","8","","814","¥ 44,706","¥ 48,889","7","B0754128NW","","57.5","36.2","13.5","3280"
"BOSS/GX-1 [純正アダプター(PSA-100S2) + GX-1の教科書 同時購入セット] GX1 マルチエフェクター 「GX-1の教科書」でGX-1をマスター!","4754","13","","","¥ 37,760","","2","B0GJCX92TK","","35","30","25",""
"L.R.Baggs / 50th Anniversary Gold Para DI [PREAMP/DIRECT BOX] 【限定カラーモデル】","8557","20","","1","¥ 36,300","","3","B0F7GBPP27","","16","10","7","700"
"ヤマハ YAMAHA カジュアル管楽器 Venova ヴェノーヴァ C ホワイト YVS-100","4757","50","","607","¥ 8,810","¥ 8,810","9","B06Y216PKV","B082L14V4F","52","14.5","11.5","1320"
"Bullfighter 34インチ キッズエレキギター 初心者キット STスタイル ミニエレキギター 男の子 女の子用 ピック、ケーブル、ストラップ、予備弦、ギグバッグ D120-R (Grey)","8571","20","","10","¥ 13,999","","1","B0DJW1WR5S","B0FGQ1XV8B","100","33","8","5000"
"ヤマハ P-515_P-125_P121専用ペダルユニット(ブラック) YAMAHA LP-1B","3928","58","","439","¥ 5,464","¥ 5,464","6","B07CFMTM6G","","58.8","26.5","23.5","3250"
"Effects Bakery エフェクツベーカリー Plain Bread Compressor [EB-PBCn] / コンプレッサー ミニペダル ギター ベース エフェクター","4763","41","","53","¥ 5,720","","7","B09TQVWZPF","B09TYTM3G9","10.3","6.4","6.2","190"
"Saramonic サラモニック 無指向性ラべリアマイク （2ｍケーブル） USB-C端子 直角USB-Cアダプター付属 LavMicro U3A 【国内正規品】","4765","18","","25","¥ 5,170","","3","B08F2ZGHPP","","13.4","10.5","3.2","70"
"Behringer パッシブスピーカー 8インチ 許容入力350W 2-Way 1本 PK108","8602","13","","51","¥ 10,800","¥ 10,800","4","B08FTKJXJ2","","43.2","30.5","25.4","6509"
"KC キーボードケース KBC-49 (49鍵用)","4779","42","","216","¥ 6,600","¥ 7,087","3","B003Y73QY8","B014QWI7UM","90","42","10","1021"
"Btuty カホン ドラム ボックス木製ドラム ハンドドラム 滑らかな光沢のある表面 打楽器 ゼブラウッド 初心者向け 旅行 パーティー ボックスドラム 滑り止め 大人スタイル、子供スタイル（オプション）","8621","8","","1","¥ 7,149","","1","B0D843PL6Z","B0D8428G9W","40.1","26","25.1","2440"
"ZOOM(ズーム)プロテクティブケース PCF-8n 3気室仕様 撮影 ロケ用ショルダーバッグ","8471","43","","67","¥ 13,295","¥ 13,295","4","B07GCNNBND","","29.5","26.4","16.3","950"
"Sepia Crue セピアクルー ミニアコースティックギター W-60/TS サンバースト","8620","10","","87","¥ 8,808","¥ 8,808","3","B00R2HBNCS","B00URAKRPG","80","35","13","1000"
"BOSS ボス Digital Delay DD-500","4788","6","","90","¥ 43,450","","11","B014GSJ7NW","","25.5","20","11.6","1619"
"ヤマハ YAMAHA USB-C オーディオインターフェイス 32bit/192kHz 4イン/2アウト URX22 W","4804","56","","7","¥ 58,000","¥ 58,000","10","B0GHMXMRNL","B0GW7TS8R1","37.8","24.3","14.2","2810"
"NUX ニューエックス TRIDENT ギター マルチエフェクター","4805","4","","5","¥ 33,000","","2","B0CJFVVGZQ","","41.6","22.2","12.2","2860"
"バンドーレン Vandoren テナーサクソフォン用 シンセティックリード 【SVK12245】 VK1 硬さ：45","16298","6","","","¥ 7,480","¥ 7,556","4","B0FPFSTNM2","B0FQS61T2D","11.6","6.3","2","20"
"AKG 1チャンネルB帯ワイヤレスシステム WMS40 PRO MINI VOCAL SET(JP1) 【国内正規品】","8654","16","","16","¥ 17,710","","11","B011B2JUY2","","29.6","23.9","7","1108"
"ネオテック ハーネス・ストラップ チューバ用 X-ロングサイズ カラー:ブラック","4816","7","","130","¥ 12,800","¥ 12,800","2","B000GS5XPI","B07C3GJM23","40.8","16","6.6","320"
"YAMAHA ヤマハ/SC-MX88 BK MX88／MOXF8専用ソフトケース","8660","6","","1","¥ 18,698","","2","B0961CCV57","","400","130","16","3000"
"Pearl パール Compact Traveler コンパクトトラベラー専用タム アドオンキット PCTK-ADDKIT","7889","18","","13","¥ 23,760","","1","B07BKPB27P","B0CXPYNCSL","55","45","26","7450"
"TAMA タマ ""個性と遊び心""がコンセプトのスネア・バッグ 14""X6.5""まで収納可能 (ベージュ) TSDB1465BE","8282","50","","231","¥ 7,380","¥ 10,333","3","B07NSX9W6V","B0B4VQ9WX4","45.1","43.2","20.3","1315"
"ローランド Roland BRIDGE CAST X/HDMIビデオキャプチャ/ゲーミングDACアンプ/オーディオインターフェース/配信/ゲーミングミキサー/Mac/Windows / 2PC配信 /ブリッジキャストエックス","4828","100","","55","¥ 68,200","","10","B0CSCRF8L1","","34.7","19.6","14.4","2080"
"マンハセット 譜面台 M54 リーガル・コンダクターズ(Regal Conductor's Stand)ブラック","8669","10","","204","¥ 29,128","¥ 29,128","8","B0007WRNQK","","83.8","44.4","17.8","6895"
"ZOOM(ズーム) M4 ハンディレコーダー マイク型 32bitフロート録音 4トラック","4831","73","","35","¥ 14,763","¥ 14,763","9","B0BNKBP1H2","","22.5","10.3","7.2","380"
"電子ピアノ 61鍵盤 電子キーボード キーボード ピアノ 60デモ曲 200音色 200リズム内蔵 電子キーボード LCDディスプレイ搭載 初心者 持ち運び 軽量 電子ピアノ 日本語で表記 日本語取扱説明書","2552","61","","54","¥ 8,490","","1","B0F7QYB8XC","B0GXDC4YVP","102","34","11.5","2970"
"Roland ローランド/FP-60X-BK ブラック スピーカー内蔵ポータブル・ピアノ コンパクト 弾き心地にこだわったFP-Xシリーズ Bluetooth 譜立て・ダンパーペダル付属","8677","10","","16","¥ 168,283","¥ 168,283","5","B0846K95JH","B0FJ1WVYGW","129.1","34.4","12.6","19300"
"beyerdynamic DT 700 PRO X 48Ω 密閉型 スタジオモニターヘッドホン 有線 DTM","4838","8","","1306","¥ 49,720","","46","B09G75RWN2","B0DBN11TWR","23.9","22.1","11.7","730"
"ヤマハ YAMAHA 管楽器お手入れセット ホルン用 KOSHR6 日々の手入れに必須のアイテムをセット 初めて管楽器を演奏する時、新しく楽器を購入する時などに大変便利","4842","70","","18","¥ 5,138","¥ 5,449","6","B0DK8879L3","","22.2","17.7","5.9","200"
"Roland ローランド SPD-1W SPD ONE WAV PAD 電子パーカッションパッド WAVパッド ワンショット/フレーズの2種類の再生に対応 電池駆動に対応 ライブ演奏","4844","58","","424","¥ 30,800","","3","B071JF3S7Y","B0FLXSJ9KC","26.8","23.2","10.4","1680"
"Gator Cases ゲーター ギグバッグ ミニエレキギター用 ナイロン製 GBE Series GBE-MINI-ELEC [ショルダーストラップ付属] 【国内正規品】","8410","50","","187","¥ 5,222","¥ 5,222","3","B000T0CJ6E","B07QGJF65R","49","41","6.6","600"
"GPCA ギターピック チタンエディションセット - さらに持ち運びやすい手首/ギターバンド、ギフトボックス付き","8690","6","","200","¥ 8,843","","63","B07YLYDWHK","B0C9TQQVG4","10.6","4.9","1.4","20"
"Fender ストラップ Broken-In Leather Strap, Green 2.5""","4862","69","","907","¥ 5,500","","3","B07F7ZLV19","B07FK2C34X","12.1","9.9","6.9","120"
"ITOMASA/イトマサ ピアノイス No.5B 背付ピアノ椅子","4863","42","","12","¥ 35,306","","5","B003X6DK0K","","96","48","43.4","11730"
"CAHAYA ギターケース ハードケース PUレザー構造","4869","46","","1053","¥ 13,779","","1","B087RGZTBN","B0D1QWNKGQ","110.5","43.2","12.7","6078"
"D'Addario ダダリオ ギター用湿度調整剤 Humidipak Maintain Kit PW-HPK-01 (Everyday Care) 【国内正規品】","4876","38","","49","¥ 5,549","¥ 5,549","4","B000OMG0KI","","17.8","11.9","4.3","269"
"KAISH ブラックエレキギターラップアラウンドブリッジテールピースレスポールLPジュニア用","8719","1","","73","¥ 5,973","","1","B01J5HHWWW","B0DF7QS4G5","8.1","7.4","1.3","136"
"セルマー・パリ セルマー テナーサクソフォン リガチャー ラッカー仕上げ","4878","28","","57","¥ 6,200","¥ 6,200","8","B0085RMF1M","B072PPDRMY","4.8","4.7","4.3","20"
"JYX 80W ポータブルBluetoothスピーカー 6.8インチサブウーファー搭載 オールインワン カラオケスピーカー 大人・子供対応 PAスピーカー ディスコライト搭載 家庭用・屋外用 ギフト向け","4883","45","","319","¥ 10,431","","1","B0GR8GYQ3Z","B0H3K2V4H2","38.8","34","18.5",""
"Cecilio 4/4 CEVN-2BL 無垢材 ブルーメタリック エレクトリック/サイレントバイオリン エボニー継手付き スタイル2 (フルサイズ )","8719","2","","232","¥ 41,468","","6","B003F1PRFO","","80","25.4","14","2291"
"BOMGE 06A Professional 6 Channel DJ Audio Mixer, DJ Controller Sound Mixer with 99 DSP Effects,7-band EQ Independent 48V Bluetooth USB Interface Recording for Studio Stage Party Home Recording","4891","46","","105","¥ 8,990","","2","B0D41ZCCN4","","33.3","26","8","2118"
"SMK-25 MIDIキーボードコントローラー 25鍵 ベロシティ対応 BT/USB双対応 バッテリー内蔵 ポータブルで軽量 8個のRGBバックライト付きドラムパッド 8個の360°カスタムノブ タッチでピッチ＆モジュレーションをコントロール アルペジエーター・コード・スケール搭載 Win・Mac・iOS・Android対応 各種DAWに対応 (ホワイト, 25鍵)","14491","9","","1","¥ 11,800","","1","B0GXJDPYSX","B0GXHXF2TS","35.5","21.3","6.7","1023"
"Moukey ワイヤレスマイク スピーカーセット PAセット 出力200W カラオケセット PAセット 12インチサブウーファー Bluetooth対応 充電式 VHFマイク 録音MP3/USB/TF/FM放送 8-20使用時間 (12インチ) MTs12-1","2600","52","","136","¥ 22,789","¥ 22,789","1","B088FV3XPQ","","70.6","42","41","13530"
"STRICH 電子ドラムセット キット 9パッド ロールアップ MIDI 録音機能付き スピーカー内蔵 初心者向け スティック USBケーブル フットペダル付き SED-K10","4904","23","","30","¥ 6,912","","1","B0GTZK2VVS","","44.6","18.7","5.2","1012"
"松脂 レザーウッド ベスポーク Leatherwood Bespoke Rosin cello Supple（チェロ　サプル）","4120","33","","29","¥ 11,220","","4","B07SL43CPR","","16","11","2","40"
"TASCAM DR-40XP 4チャンネル32ビットフロートポータブルハンドヘルドフィールドレコーダーとUSB-Cオーディオインターフェース — 2つのXLR/TRS入力と音楽、ビデオ、インタビュー用の調整可能なマイク付き","4912","52","","16","¥ 41,800","","12","B0GWCJMTRR","","20.3","14","7.7","340"
"トランペット B♭調 管楽器 吹奏楽 Trumpet 初心者入門セット 真鍮製 めっき加工 ニッケルメッキ トランペット ゴールド","8547","52","","3","¥ 16,780","","1","B0FSXMQ14J","B0GVYV13GQ","54.6","25.4","16.5","2460"
"【選べる“ちょうど良い”セット】カシオ CT-S1 61鍵 電子キーボード CTS1 キーボード 電子ピアノ カシオトーン 譜面立て付属 コンパクト 持ち運び可能 セット品 (スタンド＆椅子セット, BK ブラック)","4129","19","","","¥ 29,499","","1","B0FB32YNYT","B0FB32NRJL","98","31","15","10000"
"Ibanez アイバニーズ パフォーマンス・シリーズ エレアコ パーラー・サイズ オープン・ポア・ナチュラル PN12MHE-OPN ブラウン系","1909","55","","7","¥ 26,800","¥ 26,800","3","B087D2JYRL","B0918TLBDZ","112.8","52.3","14.8","3030"
"BOSS ボス ループステーション RC-1 ルーパー コンパクトペダル型 シンプル操作 練習/作曲/パフォーマンス Loop Station コンパクトエフェクター","4920","74","","3076","¥ 14,673","¥ 14,673","17","B00OB7K46I","","14.8","9.4","6.4","522"
"Gator Cases ゲーター キャリングバッグ スピーカー用 15""対応 ナイロン製 軽量設計 GPA Tote Series GPA-TOTE15 【国内正規品】","4921","18","","1207","¥ 8,730","¥ 8,730","4","B01IPXN8TI","B06X9WZ8CQ","76.2","45.7","3.8","1395"
"【マイバチみなみとり】 米ヒバ ロール処理型 39cm 軽め 水色オレンジ 2ヶ月保証 収納袋付き","4023","26","","2","¥ 5,880","","1","B0H5HP1SXQ","","43","8","6","200"
"オーディオテクニカ USBマイク PC マイク コンデンサーマイクロホン ストリーマー コンテンツクリエーター ゲーマー ボイスチャット 実況 Windows MAC 国内正規品","4934","49","","1014","¥ 17,000","","1","B00Q3K32I8","","29.1","28.2","7.8","1040"
"ISL アコースティック・吸音パネル 60cm×60cm ブラック 50枚セット 難燃仕様 壁床兼用 吸音 防音 消音 遮音 断熱 音響改善","14556","10","","18","¥ 46,980","","1","B08QRGQRVD","B08R2SS465","59","59","40","20000"
"TOMBO トンボ 複音ハーモニカ A調 プレミアム 21穴 3521","8607","46","","42","¥ 6,559","¥ 6,559","8","B00257NAEO","","16.8","5","3","181"
"オブリガートOBLIGATO ビオラ弦セット","4941","20","","23","¥ 24,900","¥ 24,987","6","B01GFB2N3Y","B08R3WPZ5Z","10.8","10.4","1.1","23"
"RODE Microphones ロードマイクロフォンズ ワイヤレス ゴー（第3世代） 小型ワイヤレスマイク ブラック WIGOGEN3","4948","68","","445","¥ 33,564","¥ 33,564","15","B0DN1PGH94","B0GC7TW1ZV","16.4","12.3","7.1","340"
"CUSTOM AUDIO JAPAN (CAJ) カスタムオーディオジャパン ギターケーブル Legacy Cable I-L 3m 5YW","4086","15","","7","¥ 5,280","","1","B0CKW2FLPN","B0CMTJXCY7","20","20","5","600"
"SHURE シュア ワイヤレスマイクシステム BLX288/PG58 : BLX2/PGA58ハンドヘルド型ダイナミックマイク BLX88受信機 デュアルチャンネル プロ仕様 歌 歌手 ボーカル パフォーマンス ライブ イベント プレゼン 演説 カラオケ 最大6チャンネル同時使用可能 最大電波到達距離 約90m 最大14時間連続使用可能 簡単セットアップ 【国内正規品/メーカー保証2年】","4955","44","","16","¥ 90,000","¥ 94,000","7","B00D72WHQS","B01M66JTN8","49","41.4","8.6","2400"
"CAHAYAアコースティックギター用 41インチ ABS樹脂製","3715","40","","110","¥ 11,980","","1","B08XZHPYDP","B0D8ZPK6XL","116.8","48.3","20.3","6441"
"Roland ローランド GKケーブル GKC-5 GK端子用接続ケーブル 長さ5メートル GK機器へ対応","4121","43","","285","¥ 5,000","¥ 5,000","5","B000EMNOPW","","38.3","15.1","5.3","420"
"Pearl Flute パールフルート anello® × Pearl Fluteコラボレーション・フルートリュック ANL-FLB3#BR ブラウン","4091","51","","5","¥ 13,860","","7","B0GMMFPL6N","B0GMM7B1R6","49","36","17","940"
"TAMA タマ SPEEDCOBRA スピードコブラ 310 シングル ドラムペダル HP310L","4971","63","","116","¥ 10,890","","5","B00S6FZM3Q","B07114WQDQ","40.5","24.4","16.7","2367"
"Teenage Engineering M-1 headphones ヘッ ドホン 有線 マイク付き 軽量 ゲーム 録音 電子ピアノ対応","8479","35","","45","¥ 10,672","","4","B083S81GN4","","12.2","10.2","5.7","150"
"津軽三味線バチ（白象・14号黒） (送料など込)","8514","52","","64","¥ 7,420","","1","B006OSPO12","B082GHLN68","21.1","12.8","3.5","210"
"S.Yairi エスヤイリ エレクトリックアコースティックギター Primera Series オーケストラタイプ Wine Red YEF-01/WRD [ソフトケース、動作確認用電池、シールド、六角レンチ付属]","4977","12","","3","¥ 32,780","¥ 32,780","6","B0DPRZJH9W","B0H2V5DTQB","108.5","48","15.5","3700"
"ORTEGA オルテガ ハードケース用アタッチメント (ハードケースストラップ) Back Pack Strap OBPS 【国内正規品】","11595","14","","43","¥ 5,111","¥ 5,111","1","B07KSGPDMH","","20.8","19.8","8.8","300"
"セルマー・パリ アルトサックス マウスピース S90 170","4983","66","","41","¥ 22,440","¥ 22,440","9","B001SEWS48","B0759PYYNP","12.9","4.9","4.7","40"
"Fender エフェクターボード Pedal Board with Bag, Medium アノダイズドアルミニウム","4987","55","","65","¥ 15,024","¥ 15,176","8","B09KJZJ1SV","","68","40","22.5","4440"
"コルグ チューナー メトロノーム TM-70F BK + チューナー用マイク CM-400 BK セット ブラック","4988","65","","22","¥ 5,980","","5","B0CXJHJMXV","","16.3","10.2","7.5","180"
"RODE Microphones ロードマイクロフォンズ NT1 シグネチャー シリーズ スタジオコンデンサーマイクロフォン レッド NT1SIGNATURERED","4991","30","","354","¥ 23,980","","14","B0CM9WSJKX","B0DHQZV8T2","26.7","21.8","16.9","2110"
"Cific お琴/お箏 立奏台 折りたたみ式 上質 A型スタンド (13弦用)","4994","34","","105","¥ 9,200","","1","B089N9BYZP","B089NDTNF3","58.8","39.2","16.8","2400"
"4分割できる 電子ピアノ 88鍵 フルサイズ鍵盤 省スペース 自宅・外出先の練習用 お子様の初めての鍵盤にも 【CarryTone88】","8596","32","","3","¥ 13,280","","1","B0GHYQWKFN","","39","22","18","3000"
"XIAOKOA ワイヤレスマイクシステム 送受信機セット ワイヤレストランスミッターレシーバー 2.4G XLR 充電式 マイクとミキサー/PAシステム/アンプを無線で繋げる 自動ペアリング 50ｍ長距離伝送 マイクシステム 無線送受信機","4995","33","","68","¥ 7,800","","1","B0CRRJVYMD","B0D5M1DWPC","12.4","11.5","3.5","120"
"Ennbom ツリーチャイム ウィンドチャイム コシチャイム 高さ調節可能 36音 スタンド付き シンバル付き (36音)","4118","29","","2","¥ 8,300","","1","B0FS1J18T9","B0FS1G3K1G","65","20","10","3200"
"Roland/JC-22 ［純正アンプカバー RAC-JC22 同時購入セット］ギターアンプ ジャズコーラス 30W","4186","15","","6","¥ 47,200","","1","B0D35922M4","","55","40","30",""
"STRICH 電子ドラムセット メッシュパッド付き LEDライト搭載 USB MIDI対応 折りたたみ式 静音 初心者向け ドラムスローン・ヘッドホン・ドラムマット付き 自宅練習用 SED-T03","5008","15","","13","¥ 28,203","","1","B0GXDHK5TQ","","86","45","23.5","15600"
"[ AKG (アーカーゲー) ] K240 STUDIO-Y3 [ヒビノ正規輸入品3年保証] モニターヘッドホン 有線 【 スタジオでの長時間使用やリスニングなどにも 】 headphones オーバーイヤーヘッドホン","5009","60","","388","¥ 7,800","","12","B07YFGQ76D","B0DL5C63M6","23.6","22.4","11.4","560"
"ヤマハ YAMAHA USB2.0 オーディオインターフェース 24bit/192kHz 2イン/2アウト 音楽制作 レコーディング 配信 ループバック機能 ホワイト UR22MK3 W","5013","79","","14","¥ 20,000","¥ 20,000","12","B0FTLWGWLW","B0FTLS2K81","17.5","14.2","5.9","600"
"Coolmusic BP80 バッテリー駆動アコースティックギターアンプ - ポータブル BT アンプ 100W、6 入力、3 バンド EQ、ブラック","4151","33","","12","¥ 30,999","","2","B0D25Y1T91","","43.5","39.2","35.1","11100"
"CANARE (カナレ) マイクケーブル EC10B BLACK XLRケーブル マイクケーブル 10m","5025","16","","2","¥ 7,277","","1","B08GLG4B67","","21.5","19.5","3.9","550"
"Cloud Microphones Cloudlifter CL-1 マイクブースター XLRケーブル・日本語版導入ガイド付き 国内正規品 (CL-1+XLRケーブル 0.5m)","8576","36","","3873","¥ 25,800","","1","B0GX9NRG91","B0H2TZNT7W","17.5","11.6","8.6","520"
"アルプス/グランドピアノカバー防炎・遮光/G-KR/ヤマハC1用/日本製 ブラック","11719","14","","21","¥ 14,309","¥ 14,309","1","B09MVKQW6V","B0C5H8ZLGJ","45.1","31.6","9.1","1520"
"スピーカーセット カラオケ マイク 2本 Bluetooth5.3 カラオケセット家庭用 ワイヤレスマイク 小型 PAセット カラオケマシン カラオポータブルスピーカー BT/AUX/TF対応 日本語取扱説明書付き POWADD","5042","54","","90","¥ 6,999","","1","B0FH4RXVMB","B0H69792YQ","18.9","17.9","12.6","1020"
"Fender パーツ AMERICAN VINTAGE STRATOCASTER®/TELECASTER® TUNING MACHINES (LEFT-HAND)","5043","28","","34","¥ 12,103","","44","B003BG0CEO","B078ZZMHDJ","23.3","12.8","4.5","192"
"Musiclily Ultra BV005 10.5mm ブラス製6点支持 トレモロユニットブリッジ ナイフエッジ ゴールド","8763","13","","202","¥ 11,039","","2","B09127LFCY","B0912L8MFF","18.9","9.2","6.2","599"
"ギターペダル電源 10個の絶縁DC出力 9V 12V 18V 300mA 500mA 短絡/過電流保護付きのギターエフェクターボード電源 USBポート","5049","59","","44","¥ 8,499","","1","B0BG26QHDN","B0DBHNJ6ZV","22.9","9.9","8.8","750"
"NUVO ヌーボ プラスチック製管楽器 DooD 2.0 ドゥード Black/Pink N430DBPK [専用ケース付き] 【国内正規品】","3278","13","","820","¥ 5,111","¥ 5,111","3","B07KWV8CKM","B0CWQV9CS5","39.7","6.6","4.5","240"
"ZOOM(ズーム)タイムコードアダプタ TCA-1 コンパクト設計 高精度同期対応","8519","50","","7","¥ 7,000","¥ 7,067","7","B0GXFHL4Y6","","17.7","9.4","1.7","41"
"ARTEC サウンドホールピックアップ 木製ピックアップカバー WSH12-WN-OSJ ウォールナット","8701","13","","100","¥ 5,880","¥ 6,004","5","B001LOA9K0","B07QS91RTY","20","12.8","3.2","118"
"Austrian Audio / OC16 単一指向性コンデンサー・マイクロフォン","5057","67","","18","¥ 35,900","","5","B0B4K7KMZ7","","29.2","21.8","9.7","1090"
"Akai Professional MPC One G2 次世代スタンドアローン 音楽制作センター","5057","49","","23","¥ 139,800","","2","B0H2ZBMHX6","","44","35.4","13.3","3240"
"Bonarca トランペット 初心者 セット 入門 B♭ 【7点セット】 ケース マウスピース グローブ クロス オイル 付き B フラット 金管","8672","22","","1","¥ 14,900","","1","B0F47LPV73","B0F47SSPWL","55","28","15","2680"
"SUZUKI スズキ トーンチャイム 7音 追加音セット HB-7C","15189","15","","","¥ 120,000","","1","B0011ELM9W","B01NGTRXZP","98.5","51","12.5","16502"
"Furman テーブルタップ ファーマン SS-6 【国内正規輸入品】","4052","59","","60","¥ 9,799","","6","B07NMJJWM9","","39","14.2","5.6","1310"
"VECELO 吸音パネル 48枚 30×30×5cm ポリウレタンフォーム 高密度 極厚 難燃性 防音対策 録音・ゲーム・楽器練習・ホームスタジオ用 壁面設置 粘着シート付き ブラック","7013","18","","75","¥ 5,980","¥ 5,980","1","B0H8CVTHCJ","B0H8DJ8JDQ","32.5","32","3.1","710"
"AUGUSTINE（オーガスチン） クラシックギター弦 3-Pack Box レッドセット","5085","47","","26","¥ 5,500","","2","B0CJSGL32F","B0CPJ8XWVJ","11.5","11.4","2.3","60"
"Mini Wah ボリュームペダル GK-64 - ワウとボリュームのデュアル機能、コンパクト設計、トゥルーバイパス、LEDインジケーター - 多彩なコントロールを求めるギタリストに最適","5086","14","","16","¥ 8,580","","1","B0DGKXPVSQ","B0DJB7ZC1Q","16.1","8.4","6.4","500"
"BETOPPER ステージライト 54x1.5W RGBW LED 舞台照明 ディスコライト ステージ照明 DMX512 3/7CH パーティライト スポットライト DJ disco light クラブライト専門設備 高輝度 音声連動 舞台/演出/結婚式/パーティー/カラオケ/クラブ/バー用(1個セット)","5087","34","","5","¥ 6,999","","1","B0BTHHMGFK","B0DH4BK9LF","25.2","23.1","9.5","990"
"fieldlabo ギタースタンド 7本 収納 ギターラック","8493","38","","81","¥ 5,780","","1","B07LFRZLHD","","113","14","10.5","3520"
"ヤマハ YAMAHA エレキギター PACIFICA PAC120HBL 純正ソフトケース付属","5096","44","","35","¥ 34,903","¥ 34,903","5","B0052HDUHG","B07K84687P","141","62","18","7300"
"FLEOR アルニコ 5 配線済みストラト ピックガード 3 シングルコイル ピックアップ搭載エレキギター ピックガード-クリーム","5107","31","","97","¥ 6,319","","2","B09X17SB7Z","B0BL9629C1","31","25.1","6.4","531"
"HOHNER ホーナー ブルースハープ C調 532/20MSX","5107","16","","780","¥ 7,830","","4","B007J4AHLC","B0B23QRB2R","13.8","4.7","3.7","120"
"DR Strings (デーアール) ベース弦 5弦 HI-BEAM ステンレス .045-.125 LMR5-45 【国内正規品】","5113","53","","72","¥ 5,380","¥ 5,556","5","B001AWWN8E","B09WHZDKWL","15.3","15.3","2.3","181"
"AMUMU Guitar Strap Stained Glass Vintage Jacquard for Bass, Electric & Acoustic Guitar Accessories","8431","34","","1183","¥ 7,927","","1","B0978DZJBQ","B09YLCP2GN","26.9","10.2","3.9","180"
"CASIO(カシオ) 純正 3本ペダルユニット SP-34","5129","64","","422","¥ 8,250","¥ 8,250","12","B07MWM29TL","B07P2FW88X","41.5","19.7","11.7","1380"
"TAMA タマ ""The Classic Stand"" フラットベース・ストレート・シンバル・スタンド HC52F","5138","35","","55","¥ 6,795","¥ 7,081","7","B01ET689D0","B09KNQ77NX","63.4","8.5","7.4","1700"
"ヤマハ(YAMAHA) サイレントブラス ホルン用 SB3J 充分な消音性 自然な音色と吹き心地","5141","33","","14","¥ 29,920","¥ 30,653","4","B0C5MGMSGV","","28.9","16.6","13.7","740"
"BOSS ボス ボーカルハーモニスト VE-2 シンプル操作 電池駆動対応 ファンタム電源対応 ハーモニー機能 バンド 弾き語り ボーカルエフェクター","5148","48","","409","¥ 23,501","¥ 23,501","13","B00K6ZI0JC","","22.3","16.7","11.2","880"
"SHURE ヘッドセット コンデンザー マイクロフォン PGA31TQG 【国内正規品】","5151","54","","2171","¥ 8,000","¥ 8,000","5","B00IVPFZ9W","B091PJL5F4","19.1","16.4","8.2","180"
"Pearl Flute x anello コラボレーション・ワンショルダーバッグ 撥水加工 #ブラック ANL-FLOS1#B","2651","47","","11","¥ 6,732","","5","B0CTGZ2CVJ","B0F3N6Z1D2","34","12","5","400"
"【滑り止め・通気性向上】ワイヤレスマイク用ベルト 演劇・舞台用 快適・薄型設計 大型ポケット 多機種対応 ステージ/TV/映画/イベント用 マイクベルト 確実な固定 (XL)","14846","5","","","¥ 6,400","","1","B0GSHVNPB2","B0GSJ891V7","15","10","4","40"
"KORG(コルグ) ギター/ベース用 ペダルチューナー Pitchblack XS 大型ディスプレイ ±0.1セントの高精度 ULTRA BUFFER トゥルーバイパス搭載 ストロボチューニング PB-XS","5152","67","","109","¥ 14,960","","29","B0BDMSR96H","B0H7JX8L8G","9.9","8.5","5.9","250"
"Carina 電子ピアノ 88鍵盤 キーボード 軽量スリム 充電式 ペダル イヤホン MIDI 初心者 (ホワイト)","4071","33","","362","¥ 15,050","","1","B0B428Z5NR","B0B42B14M3","127","26.9","12.7","7076"
"ヤマハ YAMAHA 楽器演奏用 ワイヤレスヘッドホン YH-WL500","5153","39","","27","¥ 40,882","¥ 40,882","5","B0C68QNMNG","","36.5","26.4","12.7","1730"
"ツインペダル バスドラム用 ダブルチェーンドライブ テンション調整スプリング 高反発ビーター2本 フットボード角度調整 滑り止めベース アコースティック/電子ドラム対応 練習・ライブ・スタジオ (シルバー/シルバーブラック)","8778","7","","4","¥ 10,680","","1","B0H6B9HH8B","B0HC6RZFJ1","38","28","20","4300"
"MEINL Percussion マイネル ミニカホン Mini Cajon MC1AB 【国内正規品】","5158","35","","546","¥ 5,990","¥ 6,051","4","B0799CH6Y6","B07CMC9614","25","15.9","15.7","831"
"アルミニウム合金 超軽量 0.78kg エフェクターボード ペダルボード 面ファスナー バッグ付き (50.5x30.5cm)","5162","26","","17","¥ 5,990","","1","B0FFSSX4RC","B0FFSSJF7V","55","33","4","1500"
"【Pearl Flute×Legato Largo】 レガートラルゴ パールフルート コラボレーション・フルートケースカバー #ネイビー C足部管/H足部管両用 フルートマット付属 LL-FLCH3#NV","8765","30","","5","¥ 8,712","","6","B0DT9FXVJV","","46","13","8","460"
"バンドーレン Vandoren E♭クラリネット マウスピース B40","5170","13","","19","¥ 20,680","¥ 20,889","23","B0002I9QYQ","B07GBPQNSH","15.4","4.6","4.5","50"
"ヤマハ YAMAHA エレキベース BB234 VW","5173","49","","54","¥ 37,808","¥ 37,808","5","B06XXX8RXS","B077FN7521","136","50","19","7000"
"ピアノ用 耐震ベルト ピアノガード PG-30","5182","22","","13","¥ 6,211","¥ 6,274","6","B019MNFQAY","","19.8","9.2","6.8","550"
"セルマー・パリ セルマー ソプラノサクソフォン リガチャー 銀メッキ仕上げ","8780","29","","11","¥ 5,227","¥ 5,227","1","B009O9ZYFE","B071LJHMF2","5.1","4.9","4.6","28"
"Frezon 180 ムービングヘッドライト RGBW LED 舞台照明 ステージライト led 日本語取説書付き 100Vムービングヘッド ムービングライト 舞台照明 ステージ","2726","6","","","¥ 7,000","","1","B0FDG2G5XH","","25.7","15.9","13.5","1070"
"ヤマハ(YAMAHA) パワーアンプリファイアー PX8","8822","31","","","¥ 108,235","¥ 108,235","4","B01E18L7W6","B08JJVXSJ2","56","55.4","20.3","9370"
"ヤマハ YAMAHA シンセサイザー reface CP 内蔵スピーカーと電池駆動対応により「いつでもどこでも」を実現 出音にこだわったプロフェッショナル・ハイグレード音源:AN音源","5190","52","","47","¥ 55,000","¥ 55,000","8","B0116X2COG","B07JNR4KWC","75.2","23.4","11.6","2780"
"BOMGE4チャンネル99DSPdjオーディオサウンドミキサーインターフェースミキシングコンソールカラオケMP3USB Bluetooth、ステレオレコード、48Vファンタム電源、5V電源 (white)","5190","31","","803","¥ 5,215","","1","B08RYWPQX6","B08V8S17NJ","22.3","19.6","6.9","640"
"TroyStudio 吸音材 防音シート 30x30x5cm 36枚 難燃性 吸音ボード 騒音対策 防音材 吸音マット 吸音シート 吸音パネル 防音パネル 音響材 壁 スタジオ 楽器","4867","50","","1320","¥ 7,499","","1","B0BDLCJP6R","B093F9VW3D","33","30","11","2500"
"ヤマハ YAMAHA アコースティックギター FG SERIES ナチュラル FG830 裏・側板にローズウッドを採用 芯のある明快なサウンドに長めのサスティン","5196","59","","186","¥ 39,556","","11","B01BDMKVA2","B01K1IN1B0","140.7","61.4","17.6","5550"
"防音室 1人用 80×80×80cm 簡易防音ブース 吸音材5cm フェルト製｜外側グレー/内側イエロー 吸音・遮音 ノイズ低減｜卓上防音ボックス｜在宅ワーク｜電話営業・コールセンター オンライン商談 録音・発音練習 間仕切り 組立簡単 騒音対策 (80×80×80cm)","8784","19","","3","¥ 10,599","","1","B0H4G3WK5B","B0H2VXVK4W","46","1","1","1000"
"TroyStudio 密閉型防音ボックス、ポータブルマイクアイソレーションシールド、アコースティックフォーム＆パネル付き折りたたみ式リフレクションフィルター、ポッドキャスト・音楽・ボイスオーバー用録音用防音ブースホームスタジオ機材 S","5200","27","","","¥ 7,699","","1","B0G6WR2PQ8","","33.4","33.3","14.6","1470"
"Donner ギターアンプ ミニ 5W 充電式 3バンドEQ搭載 卓上 コンパクト 軽量 自宅練習 Retro British tone DA-10","5202","54","","122","¥ 5,399","¥ 5,399","1","B08R5F48R7","","16.6","11.7","9.4","600"
"PROMARK プロマーク ドラムスティック ロッズ Thunder Rods T-RODS (406 x 17.2mm) 【国内正規品】","8805","35","","259","¥ 5,592","¥ 5,998","3","B001SEQQE6","B00EI7JKWK","44.4","5.6","3.2","150"
"Effects Bakery エフェクツベーカリー Melon Pan Chorus [EB-MPCn] / コーラス ギターエフェクター","4133","53","","52","¥ 5,170","","7","B09R49VB33","B0B6BHQBDP","10.2","6.5","5.9","190"
"DR Strings (デーアール) ベース弦 NEON ホワイト カラー コーテッド .045-.105 NWB-45 【国内正規品】","8824","33","","2652","¥ 10,000","¥ 10,000","2","B00DDAXWMM","B07N8J9L9L","15.5","15.3","1.8","109"
"SUZUKI スズキ トーンチャイム単音 D3#(レ#)","9866","27","","","¥ 24,200","¥ 24,200","2","B003HZJZN8","B018HTIL6K","98","15","8","1400"
"オーディオテクニカ AT875R ショットガンマイク XLR コンデンサーマイク ファンタム電源 放送 制作 カメラ 【国内正規品】","5226","80","","825","¥ 18,700","¥ 18,700","7","B000BQ79W0","","25.7","20","7.8","350"
"Roland ローランド KS-11Z Z型キーボードスタンド 高さ/幅調整可能 88鍵対応 電子ピアノ/シンセサイザー用 高耐久 安定設計 折り畳み式 簡単組立","5227","30","","83","¥ 19,800","¥ 20,000","6","B0CLTWB24Y","","80","48","15","13160"
"Geekria Audio Sampler アクリル保護ケース/防塵カバー（互換性：Akai Professional MPC Sample Portable Groovebox）、マグネット式開閉デザイン","5235","16","","17","¥ 5,000","","2","B0GX1SDSQS","","29.6","26.6","8.3","912"
"ヤマハ YAMAHA シンセサイザー reface YC","8844","21","","16","¥ 55,000","¥ 52,778","6","B0116X2RHI","B07JP4N9DX","74.4","23.2","10","2980"
"EVANS エヴァンス ドラムヘッド G2 クリア TT20G2 / G2 Clear (two-ply,7mil + 7mil) 20インチ 【国内正規品】","4129","30","","2689","¥ 6,689","¥ 6,689","1","B0029ZAOM8","B00W36WMCS","58","57.2","2.8","798"
"MAXTONE MAXTONE 2BASSキット MX-568A専用 単品 BD-786BN","8830","33","","26","¥ 9,260","¥ 10,000","6","B084B5PYNS","B09Q6HRRX9","42.4","20.6","16.8","2920"
"Alvoxcon ワイヤレスマイク USB 無線 ピンマイク 小型 軽量 iPhone/Android/PC対応 UHF モニタリング機能 録音/配信/ゲーム実況/YouTube/Zoom会議 日本語説明書 UM310PRO","5249","30","","47","¥ 7,580","","1","B09DKV63BH","B0F84B9Q3Y","18.2","10.6","5","200"
"Orange Crush MINI オレンジ ギターアンプ ミニアンプ CRUSH-MINI-OR","8442","68","","1920","¥ 7,980","","9","B0798TJW8Q","B08VXNHWKS","15.9","15.9","9.2","980"
"オーディオテクニカ 1.9GHz帯デジタルワイヤレスマイクロホン ATW-T190MIC","5255","33","","4","¥ 27,373","¥ 27,373","15","B01IT9CLB4","","29.8","7","6","360"
"BOSS(ボス) ES-5 Effects Switching System(エフェクト・スイッチング・システム)","5258","31","","19","¥ 66,000","","10","B01BWK9XRC","","43.8","20.8","14.8","2060"
"BACH バック Bach トロンボーン マウスピース 6 1/2AM 銀メッキ仕上げ (太管用) 3416HAM","5261","20","","89","¥ 16,000","¥ 16,000","3","B0002E2BOW","B07KMFDT87","9.3","5.3","4.1","194"
"オーディオテクニカ ATH-E50 モニターイヤホン 有線 イヤモニ ゲーミング FPS 6.3mmヘッドホン端子変換プラグ付き キャリングケース付き 着脱ケーブル 【国内正規品】","5262","73","","107","¥ 25,800","¥ 26,400","10","B01AXSYH2U","B0CXJDS54S","11.6","10","8.7","180"
"CME U6MIDI Pro USB MIDIインターフェース 3入力3出力 MIDIルーター マッパー フィルター搭載 マージ スプリット Thru対応","4171","60","","687","¥ 7,999","","12","B0BFFQGB33","B0H3NWBMWS","10.3","9.3","4.1","150"
"Akai Professional MPX8 USB MIDIサンプルパッドコントローラー","5268","70","","818","¥ 12,971","¥ 12,971","5","B00BDFQCXA","","40.3","13.9","4.9","760"
"Squier by Fender スクワイヤー エレキギター Squier Sonic™ Stratocaster® HT H, Maple Fingerboard, White Pickguard, Flash Pink ソフトケース付き","8852","30","","67","¥ 25,200","¥ 25,758","8","B0BVGV8PHX","B0FNMFC3RL","111.8","37.6","9.9","4649"
"GTM-150 カラオケ マイマイク 赤外線 ワイヤレス マイク カラオケ用 持ち込み まねきねこ (ブルー)","5271","18","","21","¥ 17,800","","2","B0BTSYP2S5","B0BTT1Y2YB","26","7","7","275"
"TOMBO 複音ハーモニカ A調 トンボバンド 24穴 3124","8702","42","","6","¥ 5,780","¥ 5,745","9","B00124CNS0","B019W1ZLNS","19","4.4","3.3","180"
"PICKBOY ピックボーイ タクトハードケース HC-90","8851","34","","7","¥ 10,810","¥ 10,810","3","B003NVCJNO","B013FR74QM","41.4","9.6","4.2","181"
"BOSS KATANA:GO2 KTN-GO2 ヘッドホン HP-CT1 セット","5277","35","","4","¥ 24,800","","2","B0DXDSXM35","","22.2","18.8","13.7","650"
"CASIO(カシオ) 純正 スタンド CS-2X","8611","42","","242","¥ 6,600","¥ 6,600","8","B0042E9YNY","","107","62","13","4899"
"ワイヤレスピンマイク 全機種互換 ノイズリダクション 収音録音","8950","2","","","¥ 8,499","","2","B0HDZTM7S3","","11.5","10.8","3","120"
"ヤマハ YAMAHA パワーアンプリファイアーPA2030A","4240","43","","4","¥ 37,400","","6","B06WD64V1C","","40.8","28.4","12.4","2480"
"Donner マルチエフェクター PocketX 20種類アンプモデル コンパクト ギター/ベース用 Win/Mac/iOS/Android対応","5291","43","","56","¥ 9,882","¥ 9,882","1","B0D8W5KL2L","","12.8","11.6","4.9","480"
"Peterson ピーターソン クリップ式ストロボ・チューナー StroboClip HD 【国内正規輸入品】","4180","38","","45","¥ 10,551","¥ 12,000","7","B0732QF2CV","","7.5","6.9","3.8","50"
"HOSCO Luthiers Tools ブラックナットファイル(L=95mm) ブラックオキサイド処理 アコースティックギター用6本セット 012-054 H-NF-AG","8754","18","","3","¥ 13,333","¥ 13,333","2","B087MDNHPZ","B087QD4FK7","12.2","3.4","3.4","100"
"Levy's Leathers Simply Suede Series 2.5インチ ハンドブラシ 天然染料 ギターストラップ;錆 (MS26-RST)","8819","30","","382","¥ 5,780","","20","B000XPUNXG","B07FYYS5ZP","15.8","10.1","7.6","180"
"beyerdynamic DT 270 PRO 密閉型スタジオモニターヘッドホン 有線 ベロアイヤーパッド 45Ω 194g ブラック","5305","78","","227","¥ 19,800","","8","B0FN84PVVJ","","24.4","21.6","14","880"
"ボス BOSS ハイブリッド・ドライブ OD-200 オーバードライブ ディストーション 200シリーズ 歪み 音作り ギター用 軽音","5305","16","","182","¥ 32,000","","11","B07TCR95F7","","21.4","20.7","16.9","1140"
"ゼンオン ミュージックベル カラーハンド式タイプ8音セット CBR-8","8718","51","","74","¥ 6,800","¥ 6,997","8","B003NVAJCW","B085MCP3GP","38.2","18.9","10.2","1050"
"AutoGo 吸音材 壁 防音材 30cm×30cm×0.9cm 吸音ボード【両面テープ付き・剥がせる】 カラー・枚数選択可 (無地・ホワイト, 2.16 m²（24枚）)","5320","36","","229","¥ 5,680","","2","B0BZS88L34","B0C3M4MM52","32.6","32.3","22.2","3130"
"Squier by Fender スクワイヤー エレキベースSquier Sonic™ Bronco™ Bass, Maple Fingerboard, White Pickguard, Arctic White ソフトケース付き","5321","24","","71","¥ 31,350","¥ 34,174","5","B0BVGS7B78","B0FNNPM875","127","38.1","10.2","5012"
"キクタニ (Kikutani) セミアコ用 ギグバック 軽量 20mmスポンジ リュック型 ブラック GVB-30SA","5323","25","","10","¥ 6,100","¥ 6,100","3","B0B33SXFLT","","115","47","8","1440"
"ZOOM(ズーム) XYH-5 XYステレオマイクカプセル ショックマウント搭載","8952","20","","13","¥ 5,980","¥ 5,980","5","B00SUT498W","B0DQKVFT3D","11.1","9.9","9","188"
"Ibanez(アイバニーズ)　GIOシリーズ　エレキギター　Transparent Black Sunburst　GRX70QA-TKS","8478","48","","1264","¥ 22,545","¥ 22,545","5","B00XCK7EBS","B091P6YJJF","107","45","9","4160"
"TERENCE 木製 電子ピアノ 88鍵盤 ハンマーアクション鍵盤 DREAM音源 20Wステレオスピーカー内蔵 スタンド一体型 P37","5327","53","","9","¥ 36,422","","1","B0GGH5QDKF","B0GQB8B34Y","148","30","25","24000"
"キクタニ エレキ アップライトベース用スタンド CB-300E","8970","10","","8","¥ 11,800","","1","B0BG6VV28Y","","102","16.7","14.5","5100"
"ZOOM(ズーム) ZPC-1 ペンシル型コンデンサーマイク 2本セット","5336","23","","28","¥ 13,800","¥ 13,800","4","B0B1DGDC7D","","17.7","13.6","8.1","630"
"TOPPING E 2x2OTG 2in/2out オーディオインターフェース オーディオミキサー 配信機材 DTM MIX 音楽制作 歌枠配信/歌ってみた AUX OTG USB Type-C 光デジタル モニター機能/iPhone/iPad/スマートフォン/Androidタブレット/PC/マイク/ヘッドホン/ギター接続 楽器対応 ライブ/ストリーミング/ゲーム実況【国内正規品】 (ホワイト)","5344","53","","49","¥ 34,650","","1","B0DBPQWPPB","B0F28DK8CY","27.4","16.7","6.2","820"
"HOLDLAMP LEDスモークマシン 700W RGB（赤 緑 青）フォグマシン リモコン付き (D)","8638","10","","73","¥ 10,070","","1","B0DCNG64D5","B0H8DX3LYR","27.4","19","18.8","1800"
"Fender ハードケース Classic Series Wood Case - Jazzmaster®/Jaguar®, Black","8751","39","","1285","¥ 29,040","","2","B07MVYKW7N","B07NVVPX2M","119.4","48.3","14","6940"
"SUZUKI スズキ ラップトップカホン BangVang バンバン LTC-1G","14867","7","","8","¥ 13,357","¥ 13,357","7","B01E6MKJAS","B07NGFVJRJ","34.1","26.8","10.9","1034"
"BOSS　Bass Driver　BB-1X","5348","60","","105","¥ 25,300","","20","B00SKXD8C6","","15.2","9.5","6.6","584"
"ZOOM(ズーム) UAC-232 USBオーディオインターフェース 2イン2アウト","5349","62","","39","¥ 24,000","¥ 24,130","10","B0BVR1SYL2","B0GMFX5KD7","19.1","15.8","9.1","580"
"ヤマハ YAMAHA アコースティックギター FS SERIES ナチュラル FS820","5356","27","","14","¥ 34,810","¥ 34,832","9","B08QZ1GHJR","B09J2DBJ6R","110","57","17","5000"
"VECELO 吸音材 防音材 防音壁 防音シート 36枚 30*30*5cm 極厚 高密度 ウレタンフォーム 防音パネル 吸音パネル 吸音ボード 防音マット 消音 騒音 防音吸音板 吸音スポンジ スタジオ 両面テープ付き","5357","55","","6","¥ 6,299","¥ 6,299","1","B0DS2552TS","B0FW4P953C","32.5","32","3.1","710"
"ヤマハ(YAMAHA) フレンチホルンマウスピース HR-32C4","8770","44","","27","¥ 8,800","¥ 10,000","4","B003OPZDWS","B08JH44SFF","8.4","3.5","3.3","44"
"Providence プロビデンス シールドケーブル E205 3m S/Sプラグ（ストレート/ストレート）","8960","12","","3","¥ 6,182","","5","B0CPSSQTZV","B0CPSZC3MW","25","22","4","245"
"MUSO ギタースタンド、Aフレーム折りたたみ式、簡単な組み立てと携帯性、ベース、ウクレレ、バンジョー、チェロ、マンドリン用、頑丈なホルダー、耐久性（硬質メイプル）","8758","48","","745","¥ 7,089","","5","B0DM1X2B3B","B0DXQ7QZHH","38.3","23.4","11.4","790"
"NUVO ヌーボ プラスチック製管楽器 フルート C調 Student Flute 2.0 スチューデントフルート Blue/Black N235SFBB [専用セミハードケース付き] 【国内正規品】","5366","48","","319","¥ 26,000","","3","B07KR7K3SG","B0CW2YGMZF","47.5","14","6.9","1089"
"ティーシーヘリコン(Tc Helicon) ボーカルエフェクター スタジオグレードマルチエフェクト ルーパー搭載 USBオーディオインターフェース VOICELIVE PLAY","5377","30","","218","¥ 40,700","¥ 40,700","3","B0073V7PXO","","31","16.6","8.4","1400"
"VTech KidiStar DJミキサー ブラック","5379","63","","4534","¥ 13,674","","8","B08V85CZM7","B0CJVFXQCC","45","30.5","10.7","1728"
"SHURE シュア 55SH Series II アイコニック Unidyne® ボーカルマイクロホン【国内正規品/メーカー保証2年】","5385","32","","1212","¥ 32,600","","7","B0002GZKWU","B01LW2QP9H","25.7","12.6","8.7","816"
"GOKKO電源内蔵エフェクターボード アルミニウム合金 ペダルボード超軽量 わずか0.55kg 丈夫で耐用 キャリングバッグ付き(S-38x13x5cm)","5388","53","","18","¥ 6,980","","1","B0G31YLCXC","B0GKQ17HS2","43.7","18.2","7.6","1260"
"2.4Gワイヤレス楽器マイク、コンデンサークリップオンサックスマイクピックアップシステム、360°回転サポート、コンサート屋外パフォーマンス用","5391","16","","6","¥ 5,507","","2","B0DNBMXVQT","","20","14","5","242"
"フルサイズ4/4の電気バイオリン、 白色のサイレント型 成人・ティーン向けの電気バイオリンスターターキット","8981","24","","4","¥ 16,131","","1","B0GVZWNDGD","","82","31.6","15","2550"
"aiwa アイワ ICレコーダー 乾電池式 8GB内蔵 GAA5-PDR0001","5402","24","","2","¥ 6,980","","3","B0F2LXS4ZY","","14","11.7","2.9","180"
"【国内正規品】RODE ロード DeadCat GO ウインドシールド DEADCATGO","5404","12","","2249","¥ 5,400","¥ 5,400","2","B00JG8IBW6","B016HUQ7C6","20.1","4","4","50"
"オーディオテクニカ ラベリアマイクロホン ワイヤレス用 AT829H/P","8782","40","","21","¥ 5,200","¥ 5,200","8","B00008B5MU","","18.8","9.8","4.7","100"
"Enhong 折り畳み 卓上 鉄琴 30音 マレット2本 サンクスギビングデー クリスマス 収納バッグ付き (シルバー)","5409","32","","182","¥ 6,580","","1","B01MUB1D28","B075392MFD","61.4","20.6","11","2160"
"フルサイズ4/4の電気バイオリン、 红色のサイレント型 成人・ティーン向けの電気バイオリンスターターキット","5409","32","","2","¥ 16,130","","1","B0GW2LGSX8","","81","30","15","2200"
"【国内正規品】Hercules(ハーキュリーズ) DJControl Starlight コンパクトで軽量、LEDライティング付きDJコントローラー Serato DJ Lite対応","5410","45","","1619","¥ 17,980","¥ 17,980","1","B07HKWSWG8","","40.2","15.3","7.4","860"
"CLASSIC PRO (クラシックプロ) アナログミキサー コンパクトタイプ MX-EZ4","5411","16","","6","¥ 6,980","","1","B07T93LTT7","","28.3","23","10.2","970"
"OYAYO 61鍵 折りたたみピアノ FP61C タッチセンシティブ 電子キーボード 初心者向け 携帯ピアノ 楽譜立て サステインペダル キャリングバッグ付属 ホワイト","4326","4","","2","¥ 12,740","","1","B0GS9BJJV4","B0GS98G85D","53","28","18","4200"
"ヤマハ(YAMAHA) アコースティックギター FS830DSR","5415","58","","121","¥ 37,710","¥ 42,940","9","B01BDMKMU6","B07JLHH5L1","140","61","19","4200"
"KORG クロマチックチューナー 針式メーター OT-120 吹奏楽 ブラスバンド オーケストラ どんなコンサート・ピッチにも対応 100時間連続稼働 ソフトケース付属","5419","45","","1135","¥ 12,320","","12","B000GFCYPS","B01LC9XTNM","16.2","13.7","6.4","349"
"KORG 電子ドラム パーカッションシンセサイザー WAVEDRUM Global Edition WD-X-GLB","9000","21","","65","¥ 39,930","","9","B00B694N4S","B01LC9X3GK","45.7","45.7","20.3","3334"
"【防音】IPIC パーテーション 高さ180cm 幅90cm 2連（2枚セット）衝立 簡易 個室 吸音 折りたたみ EasyWall イージーウォール グレー 遮熱 オンライン リモート","15047","8","","3","¥ 54,800","","1","B0D83C1VQR","B097SWQPP2","181","46","15","9000"
"MAGADI M17 カリンバ,17音 親指ピアノ, 17キー, Cメジャー マガディ, アメリカンチェリー使用,","9025","12","","5","¥ 8,500","","1","B0DV5C2L7X","","19","13","5.5","500"
"ゼンオン プラスチック尺八「玄」一尺六寸 オリジナルセット 神永大輔監修 ゼンオンコラボモデル DK-G02X","5698","8","","11","¥ 24,400","¥ 24,400","2","B0C2C3TQR4","B0C2C5JLBS","37.3","14.5","6.4","640"
"SUZUKI スズキ 10穴ハーモニカ MANJI SKY M-20S F調","5430","19","","","¥ 5,000","¥ 5,000","5","B0CQYG7BZQ","B0CSSQP27C","14","8.5","3.2","110"
"novation ノベーション/FLkey 2 61 61鍵MIDIキーボード","5443","14","","6","¥ 42,900","","8","B0GXWZGG2R","B0HG4QDHQW","96.2","35.3","14.9","6636"
"ADM バイオリン フルサイズ4/4 艶消し 初心者入門セット ケース、バイオリンスタンド、譜面台、弓、肩当て、チューナー、指板ステッカー、松脂付き、マットブラウン付き","4325","49","","15","¥ 6,985","","1","B0DHGV5DT9","B0DKWHXYWY","81","31.5","15.5","3500"
"Martin(マーチン) MARTIN 18APP0005 ダークグレー レッドドット ブリッジピン","5448","50","","182","¥ 11,132","¥ 11,245","2","B07S85JX4G","B0C8YZ5SFH","8.4","6.1","4.3","42"
"ウィットナー メトロノーム アニマルシリーズ フクロウ 839031","5448","10","","28","¥ 16,466","","2","B001XURKYK","","23","16.1","12.1","680"
"XLRケーブル マイクケーブル ナイロン編組 XLRオス-メス 高耐久 バランスマイクコード プリアンプ/スピーカーシステムなどに対応 (Black, 30m-1pc)","5451","38","","2249","¥ 8,300","","2","B0B429MFH1","B0H6J65SFR","36.1","19.6","7.2","1680"
"LEKATO ペダルボード 内蔵電源付きギターペダルボード アルミ合金製電源付きペダルボード 40x13x4cm/0.6kg キャリーバッグ ペダルケーブル 粘着フック面テープ付属(PB-01S","8954","40","","17","¥ 9,160","","1","B0GK8ZLQVF","B0GQT28MK5","45.3","23.9","9.7","1360"
"Legere BBSS4.00 Signature B♭クラリネットリード (4)","8878","27","","16","¥ 5,050","","9","B003CTP1I2","B0F9P36RV6","11.6","7.2","1.4","18"
"Blackstar ブラックスター ステレオ ギターアンプ ID:Core V4 Stereo 10 自宅練習/ライブストリーミングに最適/パワー・リダクション機能/6種類の拡張ボイス エフェクト内蔵/USB-C/10W","5462","33","","7","¥ 17,200","¥ 17,374","18","B0CTCKBT5Z","B0CTGT2L7M","44.3","35","19.9","5220"
"MEINL Percussion マイネル タンボリン Floatune Tamborim 6"" ABS Red TBR06ABS-R 【国内正規品】","9069","8","","22","¥ 7,111","¥ 7,111","2","B001PKPK2W","B011TQ04XG","17","17","5.1","458"
"カルロジョルダーノ チェロケース チェロ用キャリングバッグ CC-150 3/4","9080","6","","6","¥ 17,600","¥ 17,778","4","B003BPARUO","B018TNLK1C","70","34","22","2260"
"バンドーレン Vandoren アルトサクソフォン マウスピース ブルージャンボJAVA 【SM602】 A45","5463","10","","12","¥ 30,470","","9","B08V1G9ZSV","","15.2","4.6","4.5","60"
"THOMASTIK ヴァイオリン弦 DOMINANT PRO ドミナントプロ セット 4/4 DP100","4201","59","","264","¥ 14,229","¥ 14,229","21","B08TRHMM3D","B0F4Y1P3TB","11.2","10.7","2.2","41"
"Gator Cases ゲーター ラックケース 8U PE製 軽量設計 ハンドル&ホイール付き Rolling Molded Rack Case Series GRR-8L [ネジ/ワッシャー付属] 【国内正規品】","5476","10","","238","¥ 44,330","","1","B0002D03F2","B07QD96WQD","59.7","57.1","48.8","10002"
"Vocal Mist Isotonic Saline 等張食塩水 48本入り ボーカルミスト","5483","24","","10","¥ 5,940","","2","B0BJJZKYVP","","17.5","9.3","5.9","370"
"VOX クリーンサウンド ギター アンプ Clubman 60 超軽量 真空管サウンド Nutube搭載 ライブ演奏 自宅練習 レコーディング","8945","32","","32","¥ 29,920","¥ 35,333","7","B0BXNQZJB8","","41.7","37.4","25.2","5700"
"電子ピアノ キーボードノゴムハンマーキャップ for カシオPX100 PX110 PX120 AP45 AP65 AP85 AP200 AP220 AP400 AP420 CDP120 PX3 PX300 PX150 PX160 PX5 PX7 PX800（88個）","8929","3","","1","¥ 6,299","","1","B0H9Q15Z9V","","14","9","3","200"
"トランペット ミュート 練習用 消音 「QooMute」 プラクティスミュート 吹奏感 音色 軽量 静音 自宅 消音器 BRASS DESIGN (カラー: Olive(緑))","9946","44","","20","¥ 7,980","","1","B0D288641B","B0CYT8MPQS","17.8","12.8","12.6","205"
"PIRASTRO OLIV オリーブ バイオリン弦セット(E線ボールエンド)","5497","36","","12","¥ 28,600","¥ 28,600","4","B01NA0938A","B01LXTW8LB","10.8","10.4","1.1","18"
"Demonfx GanRay/Jan Ray Magic6 OverDrive TonePedal オーバードライブ ギター エフェクター","8871","32","","10","¥ 8,680","","1","B0DSTQCB89","","15.2","9.2","6.7","280"
"tc electronic アナログ ブースター SPARK BOOSTER【国内正規品】","5502","37","","34","¥ 9,980","¥ 10,082","4","B0087OS83M","","12.7","8.7","5.5","320"
"MXR エフェクター M108S 10 Band EQ 10 バンド イコライザー 【国内正規品】","5502","29","","53","¥ 25,270","","8","B06XXFGCSB","B08HLZ8C7N","17.6","15.5","9.7","580"
"ENYA Cyber ​​G ギターピックモジュール (Purple)","12253","7","","20","¥ 12,839","","1","B0F211KMK8","B0F42GMVDF","27.9","12.7","5.1","363"
"【新仕様】【純正チューナー付3点セット】ARIA/アリア AU-1 ソプラノ・ウクレレ/ギヤペグ仕様","16113","10","","100","¥ 7,546","","2","B00DM2TVW6","","56","22","7.9","820"
"Rxakudedo レコードケース 収納枚数約60枚 ブラック アルミニウム合金設計 耐久性 LP収納 ボックス レコード収納ボックス 持ち運び簡単 おしゃれ 音楽愛好家向け","5508","29","","8","¥ 6,680","","1","B0D2XBLS7D","","40","38.8","22.4","2170"
"BOSS / 技WAZA CRAFT CE-2W Chorus ボス","5510","68","","454","¥ 27,500","","5","B01M8F1C2Y","","14.6","9.3","6.4","520"
"Akai Professional MPC Studio USB MIDIパッドコントローラー","5511","48","","724","¥ 29,800","¥ 29,828","12","B09FYGMGK6","","37.6","21.8","7.9","1429"
"CARLSSON(カールソン) コントラバス用松脂","5523","51","","120","¥ 5,467","","1","B00AMVSEMI","","4.4","4","3.7","30"
"管楽器用 楽譜バッグ（ケース外付けタイプ）","9162","6","","16","¥ 5,490","","3","B073GTZ9XJ","","42","31.7","4.2","320"
"VOX ヴォックス ワウ・ペダル V847","5529","35","","605","¥ 15,950","","18","B000TGHVGQ","B01MYNHLU7","31.5","13.9","8.8","1560"
"Batking ウバス エレクトリック ベース ウクレレ 30インチ バリトン ウクレレ ベース エレクトリック アコースティック ベース ウクレレ ギグバッグ付き C-字型","9194","9","","8","¥ 19,949","","1","B0BZYZ1KC1","","84","35","15","2040"
"Fender アコースティックギター CC-60S Concert, 3-Color Sunburst ソフトケース付属","8979","26","","141","¥ 29,900","¥ 35,922","5","B07J55FMVP","","109.5","45.5","15.5","5520"
"ワイヤレスマイクシステム 2.4GHz コンデンサーマイク用 48Vファンタム電源 ワイヤレスXLRトランスミッターレシーバー ダイナミックマイク/PAシステム/オーディオミキサー用","5539","59","","38","¥ 7,997","","1","B0FN3TJDS4","","16","13.5","3.4","190"
"MABSAタルティーニロジン(松脂) ビオラ用 ソロイスト専用","5541","26","","45","¥ 7,251","","1","B0C1WG43XX","B0DG1DGTXX","13.8","9.8","4.8","50"
"D'Addario WoodWinds ダダリオ リード Bbクラリネット用 ROYAL RCB0125-B25 [硬さ:2.5] 25枚入り(個別包装) 【国内正規品】","4227","49","","1024","¥ 7,150","¥ 7,150","2","B07PPWSBDN","B09HBKDD51","12.8","10.5","6.7","100"
"ユニペックス WM-3100・WM-8100A用ヘッドセット形マイクロホン 黒色","5549","39","","20","¥ 8,681","¥ 8,681","7","B018T5WR3U","","17.4","16.2","6.7","48"
"ヤマハ YAMAHA エレキベース TRBX304 WH ホワイト(WH)","8948","45","","289","¥ 40,111","¥ 40,111","5","B00GEBZWI4","B01K1IRDDC","121","43.6","10.1","5640"
"UDG U93017BL Ultimateレコードケース80 Vinyl Black","12318","6","","5","¥ 14,300","","1","B0B9SWK1GC","","42","37.4","33.9","3900"
"Depusheng BF6+ ポータブル ミニ ミキサー 6 チャンネル オーディオ ミキサー DJ コンソール Bluetooth 機能、48V ファンタム電源、PC レコーディング ウェブキャスト パーティー用 USB 256 DSP 付き","9214","3","","1","¥ 5,743","","1","B0DFYM696S","","26.2","23.6","7.6","1100"
"Blackstar ブラックスター ポータブル・オーディオインターフェイス POLAR GO 内蔵ステレオマイク/USB-C給電 & バッテリー駆動/コンボXLR/¼インチ入力（マイク／ライン／楽器対応）","5560","59","","66","¥ 12,980","","14","B0FJSLB5GH","","14.9","12.5","5.4","259"
"WENCAI 電子ピアノ 88鍵盤 ピアノ ハンマーアクッション鍵盤 電子ピアノ 木製デザイン ホワイト","8997","20","","16","¥ 36,999","","1","B0DPMJZPR9","B0DPMH1R13","141.5","38.5","32","20600"
"ピアノカバー 防塵・全面保護 標準直立型対応 (ベージュ, ピアノカバーのみ)","5564","30","","3","¥ 5,452","","1","B0B2DMN1RP","B0GGQN16DL","35","25","5","950"
"MEINL マイネル Sonic Energy Collection コンパクトスチールタングドラム D Minor 10インチ Gold CSTD3G [マレット付属] 【国内正規品】","16865","3","","","¥ 21,780","","1","B0G43VNMFF","","33.1","31.5","14","2440"
"【路上ライブ・ボーカルセット】BOSS / CUBE Street II Black -純正バッグCB-CS1付セット 【限定特典：スリーブバッグ、AUXミニケーブル】","8286","16","","14","¥ 49,800","","1","B09MBMZ7FN","","94","40","35",""
"TERENCE 折り畳み 電子ピアノ 88鍵盤 30Wデュアルスピーカー 高感度タッチレスポンス鍵盤 3本ペダル対応 充電可能 ブラック V50","5576","33","","27","¥ 28,949","","1","B0GXYY97FV","B0HD7MZBL1","68","23","8.8","4500"
"アンペグ AMPEG ベースアンプコンボ RB-210 500W","4773","22","","1","¥ 128,700","¥ 130,000","3","B09MK5J2GW","B0B1MSYJ7Q","70.8","62.5","47","20600"
"CAHAYA エレキギターケース 2本入れ ダブルギグバッグ 18mm厚パッド","5589","15","","10","¥ 14,288","","1","B0D46SNY91","","108","40","21","3000"
"MEINL Percussion マイネル アゴゴベル Modern Style A-GO-GO Steel Finish Model STBAG5 【国内正規品】","9076","16","","23","¥ 6,800","¥ 6,800","2","B07NDXHJ6Q","","32.5","18.5","6.7","298"
"Yeziner ギター椅子 ギターチェア 椅子 ギター スタンド 立て ホルダー 折りたたみ 楽器スツール 弾き語りチェア パイプ 練習用 演奏用 ステージ 高い座面 ブラック 厚いクション付き","9015","32","","13","¥ 7,300","","2","B0CWL42R13","","96","35","16","4000"
"graphtech(グラフテック) PS-8000-00 STRING SAVER ORIGINALS FOR STRAT ＆TELE 2 1/16"" SPACING ブリッジサドル","9175","15","","431","¥ 6,651","¥ 6,651","13","B0002E4Y9C","","17.2","11.6","2.9","59"
"KC ヴァイオリン弓 VB-40-3/4サイズ (ブラジルウッド&エボニー)","9150","8","","35","¥ 5,085","¥ 5,085","1","B0010KDNOO","B00B7W9MB8","75","4.5","2.5","141"
"フルサイズ4/4電気バイオリン、黒色サイレントタイプ、大人および初心者用エレクトリックバイオリン入門セット","9048","23","","2","¥ 16,131","","1","B0GXZRNCSH","","81","30","15","2200"
"BOSS ボス ギターワイヤレスシステム WL-50 安定した信号伝送 コンパクトペダルサイズ ペダルボード組み込み 接続設定不要 ブラック 黒","5625","46","","535","¥ 30,000","","15","B07DVVS116","","16.7","12.1","8.4","399"
"ゼンオン 和太鼓バチ 樫 K-813","11778","31","","62","¥ 5,000","¥ 5,000","1","B00I0QCZ18","B01IGWI2ZI","40.9","6.5","3.2","316"
"EAST TOP ハーモニカセット 7調（A Bb C D E F G ） 10穴ハーモニカ10ホール20トーン ステンレスカバー ABSケース 清潔布 初心者、専門家、学生、学習や練習の に適しています，シルバーホワイト","8940","39","","20","¥ 7,399","","2","B0CW3C6FNY","B0FC2DWD4Y","22.8","15.8","7.1","800"
"Carlo Giordano カルロジョルダーノ バイオリンケース TRC-100C 4/4 MBL 青","11986","31","","33","¥ 11,440","¥ 10,401","7","B00ME38QTI","B01N3Q53PH","81","27","14","1345"
"ピアノ補助ペダル (2ペダル) ピアノ補助台 (高さ調整 14cm～20cm) 簡単設置 衝撃吸収ゴム付き 広い足台 電子 グランド","5647","24","","27","¥ 8,880","","1","B09NY6FFNW","","52","41.7","28","6870"
"NEO by OYAIDE Elec Ecstasy Cable LS/3.0 ギターケーブル","5650","15","","10","¥ 9,405","","6","B0B11MF85Z","","29.5","19.6","2.3","240"
"Harrison Hurtz ハリソン・ハーツ アルトサクソフォン用リガチャー A3 ピンクゴールドプレート仕上げ","9101","19","","62","¥ 12,455","¥ 12,455","2","B01BL91YI0","B078DFJVW5","5.6","5","4","28"
"SUZUKI スズキ 21穴複音ハーモニカ スズキ スペシャル SU-21SP-N C#調","8969","31","","7","¥ 5,199","¥ 5,253","4","B07MT58QJG","B07MZ8HVTR","19.8","5.3","3.3","160"
"ヤマハ YAMAHA 電子ドラムセット ドラム椅子付属 DTX452KS","5660","41","","10","¥ 76,111","","5","B07FPGTWPH","B07G3KVDQX","100.3","77.5","36.5","28700"
"LP162 サイクロップス クランプ WHT","5664","22","","95","¥ 9,692","¥ 9,692","22","B001S7IZEC","B0B4DTTJWM","25.1","22.3","6.1","490"
"Shure by Gator ワイヤレストランスミッター用ポーチ レザー&ナイロン製 ブラック SH-BODYPACK-PBK-L 【国内正規品】","8993","34","","91","¥ 5,100","¥ 5,152","5","B0CW1Y6GQ9","","19.9","9.6","4.3","55"
"アコースティックギター セット 38インチ 初心者 アコギ バスウッド&テックウッド材 練習用 弦楽器 フォークギター スチール弦 おしゃれ 小学生 大人兼用 人気","11686","28","","89","¥ 8,590","","1","B0F3VTVDR9","B0H9QWM9WX","98","45","12","2500"
"Photogenic エレキギター 初心者入門 エントリーセット JMタイプ オリンピックホワイト JM-220/OW [ソフトケース/シールド/アンプ/チューナー/ストラップ/ピック/ピックケース/弦/ワインダー/教則DVD/調整用レンチ付属]","9156","16","","","¥ 27,222","¥ 27,222","2","B0G5N51669","B0G5N5YCR5","104","56.5","16.5","8000"
"アルプス/アップライトピアノカバー(カットワークレースタイプ)CL-24 ベージュ 約200cm×70cm","4376","19","","8","¥ 5,115","¥ 5,115","1","B0C6DK1N8F","B0C6DHNLBH","48.6","30","2.1","290"
"Ennbom ジャンベ ハンドドラム パーカッション African Style Djembe 打楽器 民族楽器 飾り物 初心者 収納バッグ付き 10インチ","9207","15","","34","¥ 9,880","","1","B07WR5BHQW","","53","35","30","2550"
"【国内検品済/鳴り良し】KSU-1 初心者10点セット(KIWAYA Student Seriesソプラノウクレレ マホガニー材 初心者に最適)","5682","39","","11","¥ 14,402","¥ 14,402","1","B07L5J68B2","B078LFQKTN","57","22","13","1900"
"[ オトノハ ] 音響拡散体 音響パネル 【 クリアで心地よい音の響きと拡がりを創り出す】 吸音 吸音材 壁 置くだけ おしゃれ きゅうおん材 （ 再生や録音/楽器演奏など音にこだわりたい空間に！） オトノハIvy wall（ホワイトグレー）","5685","59","","30","¥ 10,780","","4","B0CJ3HQ6C8","B0CJ3FHT7S","32.2","32","5.9","780"
"KORG(コルグ) オーディオインターフェース microAUDIO 22 2ch IN (XLRコンボ) 2cn OUT/ 24bit 192kHz対応/USB-C/音楽制作ソフト同梱/レコーディング ライブ配信","5687","18","","","¥ 22,000","","11","B0GH2C4QXR","B0GH4M4YT7","18.4","15.2","11.4","640"
"ピアノカバー アップライト トップカバー 標準直立型ピアノ用 電子ピアノ フルカバー おしゃれ シンプル 北欧 レース 優雅 ピアノ掛け 防塵カバー (ピアノカバーのみ,ホワイト)","9112","10","","32","¥ 7,599","","3","B099KLXF3B","B099KQ5ZC7","39","32.3","10.1","980"
"三線スタンド 折りたたみスタンド茶 Brown@machidaya","9134","13","","147","¥ 5,425","","2","B0101HGLX6","","26.2","20.7","4.3","390"
"MEINL マイネル Sonic Energy Collection プラネタリーチューンド エナジーチャイム 2905,60 Hz / F7# Sedna EC-SE 【国内正規品】","14773","13","","2","¥ 5,800","¥ 5,800","3","B00XWEQ8UW","B00YTWMFQM","20","6.6","5.5","160"
"Sennheiser ゼンハイザー PROFILE WIRELESS 2-CHANNEL SET 小型 2.4 GHz 2チャンネル ワイヤレスマイクシステム 【国内正規品】 700266 多機能 コンパクト 高い汎用性 32ビットフロート録音 ASMR","5704","35","","128","¥ 44,036","¥ 44,036","3","B0DH6JS2TP","B0FLCR79BF","19.7","9.3","7.4","499"
"Legend レジェンド エレキベース ブラック ブラックピックガード LJB-Z B/BK ソフトケース付属","8964","49","","167","¥ 20,029","","2","B00Y816FHE","B01M3PWJ81","122","41","9.5","5851"
"Gator Cases ゲーター ギグバッグ アコースティックベース用 ナイロン製 GBE Series GBE-AC-BASS [ショルダーストラップ付属] 【国内正規品】","6025","27","","582","¥ 6,746","¥ 6,746","3","B000FDRO06","B07QD96MSW","60","50","9","940"
"IKTMI 電子ピアノ 88鍵盤 木製 ピアノ 88鍵 スタンド一体型 アップライト ピアノ ブラック","5722","36","","87","¥ 28,700","","1","B0CY59R8VV","B0CY56JLCD","142","39.5","16.3","14000"
"TAMA タマ パワーパッド・スネア・バッグ 14"" X 6.5""まで対応 PBS1465","5725","25","","41","¥ 6,244","¥ 6,244","3","B017GZBM9Y","B01N5K38SU","50","48.5","17","1360"
"ローランド Roland/AEROPHONE AE-20 エアロフォン 電子管楽器 デジタルサックス アプリ/Bluetooth対応","9156","35","","83","¥ 104,500","","6","B09S411VSH","","78","23","21","3220"
"RME アールエムイー/Fireface UCX II 20入力20出力192 kHz対応アドバンスUSBオーディオ・インターフェイス","5748","47","","8","¥ 242,000","","3","B0967RQYXH","","35.8","19.9","11.7","2320"
"ヤマハ YAMAHA USB-C オーディオインターフェイス 32bit/192kHz 6イン/4アウト HDMI搭載 URX44V W","5749","24","","1","¥ 114,899","","10","B0GHMQM3GW","B0GW7DM96N","37.4","24.2","14.3","2100"
"Fender アコースティックギター CD-60S, Natural ソフトケース付属 ドレッドノート","2803","27","","392","¥ 30,359","¥ 33,731","6","B07FYKJ6J2","B07N3YWHGQ","105.7","48.3","20.3","5126"
"BETOPPER ステージライト遮光板付き,54x4W 4 in 1 RGBW LED舞台照明 CRI/RA>90撮影録画超高輝度5000Lmスポット調光ディスコライトパーdj カラオケパーティー, DMX512 4/8CH 専門設備 高輝度 音声連動 多色変更 舞台/演出/結婚式/パーティー/カラオケ/バー用 (2)","5761","13","","12","¥ 25,999","","1","B0FM26D4FM","B0FNMHXBVM","22","21","21","2000"
"ヤマハ YAMAHA ミニギター JR2S NT","9131","46","","83","¥ 21,510","¥ 24,444","6","B0069I6YEI","B07JLHH4QT","113.6","53.8","17.2","4001"
"ゴム製防振インシュレーター イトマサ ピアキャッチ UP用 （茶色）","9113","52","","24","¥ 5,742","","7","B0078IZYS0","","21","16","14.6","2820"
"ゼンオン シロフォン 32音 F45~C76 バチ付き ZX-32BK","5769","25","","40","¥ 16,800","¥ 18,219","10","B07BSZBD54","","70.6","27.6","11.2","2940"
"ピアニカ ヤマハ P-32EP かいめいシールセット (ピンク)","5770","9","","119","¥ 5,500","","1","B01EC8A0MI","","45.6","16.8","5.6","1240"
"U`King 100W LED ムービングヘッドライト 舞台照明 ステージライト DJ ライト 18面プリズム 高輝度 回転 18面プリズム DMX照明 ディスコライト 12CH 音声制御 8図案&8 色のスポットライト 舞台/演出/結婚式/パーティー/カラオケ/DJ/コンサート/ライブ/バーに最適（1個）","9268","16","","10","¥ 17,599","","1","B0G6YZ6ZK3","B0FPLLXHL7","34","25.5","25","4510"
"EVAH PIRAZZI GOLD エヴァ ピラッツィ ゴールド バイオリン弦セット(G線シルバー) (E線ループエンド)","9107","30","","10","¥ 18,950","¥ 19,379","6","B01NAW9MCB","B0089E7TKS","9.8","9.2","1","18"
"Pioneer DJ プロフェッショナルDJヘッドホン HDJ-X10-K","5787","37","","46","¥ 44,000","¥ 44,000","6","B075GMWGGJ","","28","26.5","11","1500"
"ヤマハ(YAMAHA) 電子ドラムパッド シンバルパッド PCY95AT","12277","16","","19","¥ 6,411","¥ 6,411","7","B07FP7YKFZ","","44.6","41.6","10.2","1520"
"Shure ワイヤレスピンマイク MoveMic One クリップオン・ワイヤレスマイクロホン MV-ONE-J-Z6 : 小型ピンマイク 8.2g 1台 iPhone&Android スマホ用 プロ仕様 Bluetooth 8時間連続使用 自動ペアリング IPX4 YouTube TikTok Vlog 動画 ビデオ 撮影 録音 インタビュー 【国内正規品/メーカー保証2年】","5797","43","","11","¥ 37,620","¥ 37,620","8","B0CW25R86F","B0D5R1LRN9","13.6","11.4","7.8","290"
"Musiclily Pro テレキャスター用配線済みコントロールプレートAmerican Teleエレキギター用 3WAY スイッチ クローム","9049","30","","44","¥ 5,523","","2","B0CGWS1C4Y","B0CJXVJNKR","18.1","10.3","6.9","290"
"Fender エレキアコースティックギター CC-140SCE, Sunburst コンサート ハードケース付き","5802","27","","15","¥ 50,171","¥ 50,217","2","B07FYYRXVZ","B07G2WDW2X","121","48","21","6000"
"Coolmusic ベースアンプ 30W コンボアンプ TS112 2スピーカー搭載（8インチ+ツイーター）ディストーション/クリーン切替 AUX入力 ヘッドホン対応 自宅練習 ライブ用 ポータブル","4387","39","","9","¥ 13,999","","1","B0D9N4RQW8","","46.3","44.4","31.8","9650"
"QUIK-LOK DJ233 折りたたみ式 DJスタンド","9304","13","","569","¥ 22,000","","4","B01E5GC32W","","108","73","14","16440"
"MAONO オーディオミキサー オーディオインターフェース Mixer ポッドキャストステレオミキサー 3.5mmオーディオインターフェース ポータブル コンパクト 配信機材 25MMラージカプセルマイク付き YouTube Tiktok Facebookなど生放送、ギター練習に適用 Android ios Windows mac OS対応 (AU-AM200-S6)","5809","70","","486","¥ 16,999","","1","B0CJ4N5X5H","B0HBC6HD2G","44.1","20.8","15.3","2260"
"Fulltone / OCDv2 オーバードライブ フルトーン","5816","32","","486","¥ 32,323","","61","B01K601WBE","","14.3","8.5","8.2","431"
"Pioneer DJ アクティブスピーカー VM-50 (5.25inch/1台) BLACK","2830","10","","11","¥ 22,000","¥ 22,021","5","B091DTCTB9","","42.8","34.4","29.6","7000"
"Musiclily Pro ST-TX スタッガード アルニコ5 シングルコイルネックミドルブリッジピックアップセット Stratストラトエレキギター用 ブラック","9325","13","","7","¥ 5,140","","1","B0FX2MKWV5","B0FXGCG6Q5","14.9","9.9","6.9","240"
"Sharelife ミニ 500W 赤、緑、青のLEDが変わるフォグマシン 煙霧機 ポータブル 無線赤外線 リモコン付き ハロウィン/結婚式/ディスコ/クラブ/舞台用 煙の演出 LED500","4254","51","","21","¥ 5,900","","1","B09YCDYJJS","B07R57CBFB","26.2","17.4","15","1820"
"AlphaTheta 8トラック グルーヴボックス CHORDCAT","5834","49","","4","¥ 38,500","","6","B0FH737P4Y","","27.9","14.4","6.4","640"
"EarthQuaker Devices アースクエイカーデバイセス EQD ディストーション ギターエフェクター Zoar","5835","7","","12","¥ 26,900","","46","B0CJCN78MS","","14.5","8.7","2.9","120"
"Yany BooStar(ヤニー・ブースター)ネック止めネジ ヤナギサワ・セルマー用 ピンクゴールドプレート","9327","19","","59","¥ 11,000","¥ 11,601","11","B08XWX7G6F","","11","10","2.6","10"
"BOSS/CP-1X ボス コンプレッサー","5838","39","","123","¥ 24,200","","16","B01M27JMFX","","19.3","12.5","7.1","570"
"ヤマハ 電子キーボード用ソフトケース SC-KB630","2742","39","","11","¥ 6,318","¥ 6,318","3","B0CLCSKXD4","","104","40","8","1300"
"バンドーレン テナーサクソフォン マウスピース ジャンボジャバ(JUMBO JAVA) T55","5848","15","","40","¥ 26,329","","26","B00152233O","B07D5HH8VR","15.3","4.4","3.2","60"
"Legere BBF4.50 French Cut B♭クラリネットリード (4 1/2)","5850","16","","3","¥ 5,350","","1","B07G7CCNSF","B0CPG127H6","11.5","7.2","1.5","23"
"ARTURIA アナログ・ドラムマシン DrumBrute Impact 1984","5850","15","","2","¥ 39,900","","5","B0F1CTWB29","B0FB8BD1MG","46.7","30.8","9.5","2400"
"吸音パネル ウッドパネル 吸音材 防音パネル 木製 吸音ボード 遮音シート 吸音シート 防音ボード 騒音対策 木目調 600*800*21mm/600*1200*21mm おしゃれ 楽器演奏 装飾性 (600*800*21mm,オーク,2)","15105","25","","","¥ 5,980","","1","B0FJM7995S","B0FJM9LR49","81","61","3","4000"
"THOMASTIK PETER INFELD ペーター・インフェルド π・バイオリン弦セット PI101","9282","21","","248","¥ 17,050","¥ 17,050","22","B003JE8SB2","","10.6","10.3","1.4","30"
"TAMA タマ 1st.Chair ドラムスローン 「より低いセッティング」を可能としたLOW仕様 HT230LOW","9177","36","","10","¥ 11,540","¥ 11,540","8","B0C36J1YFB","","38.3","37.9","22.6","4480"
"Teenage Engineering PO-12 rhythm ポケットオペレーター ドラム・マシン シンセサイザー TE010AS012","5858","35","","41","¥ 9,900","","1","B00VPZ0AMC","B08R3YNHML","12.5","6.2","3.3","60"
"VINAEMO ギタースタンド - 4本同時収納 多機能 ギターラック ベーススタンド エレキギタースタンド 大容量 ギター収納ラック","2808","42","","15","¥ 8,834","","1","B0DPW529RX","","43.8","33.9","18.2","8230"
"ヤマハ YAMAHA アコースティックギター FS800","5870","15","","16","¥ 34,100","","1","B01BDMKGR0","B07JMFTNJZ","110","56.6","16.6","4200"
"tc electronic アナログ ブースター SPARK MINI BOOSTER","9060","55","","1485","¥ 11,000","¥ 11,111","17","B00E58SW3U","B08VXQJBDT","9.9","6.5","5.4","190"
"Pedaltrain エフェクターケース Metro 20 SC [国内正規品] (PT-M20 エフェクター用ペダルボード&ソフトケース付属モデル)","9258","20","","157","¥ 13,200","","4","B00XNT235K","","59.7","27.3","12.7","3130"
"DJI Mic(トランスミッター×2 + レシーバー×1 + 充電ケース) ワイヤレス ラベリアマイク 伝送距離250m 15時間バッテリー駆動 ノイズ低減 PC iPhone インタビュー カメラ対応 YouTube Vlog用ワイヤレスマイク","5892","32","","3658","¥ 37,026","","9","B09GYD55JF","B0BRZPB3Y4","14.3","11.8","6.9","449"
"GOTOH エレキギター用ペグ、20ボタン、3+3、クローム(05182CX) SG301-20-3+3-C","5899","27","","3","¥ 5,609","¥ 5,609","4","B01M0I290E","B078LM79NL","15","6","4.3","261"
"BOSS ボス EQ-200 グラフィックイコライザー 2系統の10バンドEQ 127のユーザー・メモリー MIDI端子搭載 AC/単三電池による2電源方式 ギター/ベース用イコライザー ライブ バンド 軽音","5900","56","","195","¥ 29,700","¥ 29,444","11","B07T9FHGWG","","20","17.4","11.1","1000"
"CIOKS DC7 Future Power Generation 9V / 12V / 15V / 18V DC Universal Power Supply with 7 Isolated Outputs and 5V USB Outlet for Effect Pedals","5905","39","","1","¥ 44,108","","133","B07RGLNV35","B0D77KR7FY","23.5","18.6","4.6","989"
"TORTE トルテ 電子ピアノ 88鍵盤 セミウェイトキー フルスケール 日本語表記 128ボイス 木製筐体 ベージュ TDP-SP03WL/BEG スタンド付き (サスティンペダル/譜面立て/電源アダプター/取扱説明書付属)","9122","20","","10","¥ 22,284","¥ 22,284","1","B0F4KK1TSW","B0D2D6N7DM","142","39.5","16","14000"
"SONICAKE ディレイ＆リバーブ＆コーラス＆プリアンプ マルチエフェクター アコースティックギター用 Sonic Wood","9319","10","","686","¥ 12,100","","3","B08NVD3651","","40.2","6.9","5.5","680"
"Valeton GP-50 マルチエフェクトプロセッサー/SnapTone ＆ IR ローダー マルチエフェクター","5908","68","","81","¥ 19,800","","36","B0G65J7Q1D","","15.8","9.7","6.9","508"
"CASIO(カシオ) Casiotone CT-X3000 電子キーボード 61鍵盤","5909","12","","234","¥ 35,000","","12","B079Q3NV4Q","B07K4KY2G5","100","44.5","15","11230"
"Humes & Berg ニュー・ストーン・ライン　トランペット用ミュート　ヴェルベット・トーン　5インチベル用","4480","19","","28","¥ 5,581","¥ 5,581","11","B0002F587S","","16","15.3","12","160"
"Orange Crush Bass 25ワットベースギターアンプコンボ、オレンジ","5923","14","","407","¥ 25,221","¥ 25,221","2","B01HONIONA","","43.8","38.7","30.2","9457"
"二胡 弦楽器 ケース付きの初心者の広葉樹二胡、 大人の2弦楽器、 国の特徴的な楽器 (Color : Hardwood, Size : 32.7*5.1*3.9inches)","5926","19","","23","¥ 6,550","","5","B094Z3QYD2","","90","23","13",""
"Revol effects レヴォルエフェクツ スイッチャー ループボックス EX LOOP BOX 2ループ ELP-BOX 黒","5931","27","","55","¥ 5,556","¥ 5,556","2","B088NQLMYN","B0B2M3G8C4","15","9.1","6.9","340"
"セルマー・パリ アルトサックス マウスピース S80 C*","5932","51","","580","¥ 25,200","¥ 25,601","10","B0002E1IW8","B0759P7MFT","17.3","4.8","4.8","40"
"バンドーレン コントラバスクラリネットリード トラディショナル:3(5枚入) CR153","5938","47","","136","¥ 8,041","¥ 8,041","9","B0002E1P1C","B0716KM5YN","12.7","4.3","3.7","41"
"YAMAHA PACIFICA012 エレキギター 入門モデル SSHピックアップ ヤマハ パシフィカ (ダークメタリックブルー)","9110","45","","211","¥ 41,900","","1","B07B63VY5C","","88","30","15","4000"
"キクタニ タマゴマラカス チキンシェーカー 40個入り CK-01","9308","22","","27","¥ 7,150","¥ 7,258","4","B0061WC4EQ","","22.6","16.8","16.6","1346"
"Rxakudedo 4in1 四頭レーザーミラーボール ステージライト RGBW+UV LED DMX512 音声起動 ストロボ リモコン付","5948","41","","","¥ 8,399","","1","B0FS6J7T21","B0HBQLXRRK","44.7","16.8","15.9","2030"
"Neptune AS-830/BK アルトサックスケース","9267","31","","72","¥ 22,000","¥ 22,021","7","B001PPGD00","B017X7SABS","70","30","20","1940"
"TC HELICON エコー リバーブ MIC MECHANIC 2【国内正規品】","5953","41","","501","¥ 21,800","","3","B01MT6DOYD","","16.4","12.8","7.4","530"
"Thomastik バイオリン弦 INFELD BLUE インフェルド・ブルー 4/4 セット","5956","37","","164","¥ 11,990","¥ 11,990","25","B002UJZVBC","B091PG8HTV","10.5","10.4","1.5","18"
"LP エルピー サウンド エフェクトVibra-Slap II, ビブラスラップ Wood, Standard LP208","2825","22","","436","¥ 10,263","","44","B0007CXIG4","B08HLYP4DD","30.2","17.4","5.9","340"
"BEHRINGER ベリンガー MONITOR SPEAKERS 1C-BK パッシブスタジオモニター","5973","12","","181","¥ 22,346","¥ 22,346","5","B000Q81RVW","","35.2","27.2","19.4","4560"
"ヤマハ YAMAHA エレキギター REVSTAR スタンダードシリーズ ホットメルロー RSS02T HML","9502","6","","11","¥ 106,667","¥ 106,667","1","B09TSQXW11","B09TVKMBKS","110","50.5","13.5","6500"
"EVANS エヴァンス バスドラムヘッド EQ3 レゾナントホワイト BD18RSW / EQ3 Resonant Bass Heads Smooth White (7.5mil + 10mil ring) 18インチ 【国内正規品】","5983","8","","156","¥ 9,216","¥ 9,216","1","B000QDLOB0","B00W3757WO","59.1","58.4","2.5","726"
"PICKBOY ピックボーイ カーボングラファイト ミュージック バトン・タクト NC-E","5990","8","","12","¥ 5,720","","1","B001O19HPI","B01N63GJTO","43.5","4.6","3","26"
"ロッコーマン・ギターレスト GR-２B クランプ式・黒","9536","15","","1","¥ 7,918","¥ 7,918","4","B0FXLSJ3V8","","20.4","12.3","5.4","280"
"Fender ストラップ Fender® Ball Glove Leather Strap, Brown","6005","25","","368","¥ 6,000","¥ 5,455","27","B00SKTFJG8","B076M1YBF6","14.1","9.9","9.8","162"
"Bacchus BST-3-RSM/M PTL-SOB エレキギター ストラトタイプ ローステッドメイプルネック バッカス","6005","5","","13","¥ 26,400","","2","B09S9ZMZHD","B09SBCG7Y8","103","44","10",""
"JIM DUNLOP 95Q CRYBABY ワウペダル 【国内正規品】","9545","5","","9","¥ 22,300","","9","B0017KH5XC","B0BXJFCYSW","27.6","12.5","10","1665"
"Btuty アルトサックス ブラスベンドEb E-フラット ブラックニッケルメッキアワビシェルキー キャリングケースグローブ付きクリーニングクロスストラップグリースブラシ","9544","5","","21","¥ 40,419","","1","B09V4V4XSP","","64.4","29.8","16.4","4150"
"Pioneer DJ Serato Lite対応 スクラッチスタイル 2ch DJコントローラー DDJ-REV1","6017","50","","130","¥ 39,600","¥ 39,600","6","B09VH3M3LL","","58.5","32.6","13.8","2770"
"Pioneer DJ マルチアプリ対応 4ch パフォーマンス DJ コントローラー DDJ-FLX10-W","6018","7","","1","¥ 264,000","¥ 264,000","4","B0FLTJZ6GR","","80","48","18","8580"
"日本エレクトロ・ハーモニックス Nihon Electro Harmonix ステップアップ・トランス EHU600","12625","12","","9","¥ 14,212","¥ 14,212","4","B001DCC58Y","","15.5","14.1","9.2","1814"
"初心者16点セット アコースティックギター アコギ 入門セット ギター 初心者セット フォークギター 練習用 カッタウェイ ソフトケース チューナー カポ スタンド ストラップ 交換弦 ピック付き 大人 学生 子供用","9412","13","","","¥ 6,430","","1","B0H83C4CHR","B0HCZ2YNDV","91","45","11","2000"
"Providence プロビデンス パッチケーブル P203 2.5m S/L (ストレート/L型) プラグ","9390","11","","3","¥ 5,500","¥ 5,390","3","B0CLLR6LRP","B0CLQWT3B9","28","15","2","150"
"【国内正規輸入品】Digitech デジテック WHAMMY5 ワーミー5","9291","28","","563","¥ 38,200","¥ 46,667","7","B007ZXWQ8E","","26.8","20.5","6.7","1751"
"TOA (ティーオーエー) 電源カットリレー E-97P 電源カットリレー","6039","23","","2","¥ 14,000","","4","B08GLFYT3T","","13.3","9.1","6.4","190"
"Roland ローランド シンバルマウント MDY-STD V-Drums増設用シンバルマウント MDY-Standard","6039","48","","39","¥ 11,550","¥ 12,222","5","B07WFTMWLH","","84.5","15","8","2020"
"BOMGE 12チャンネルプロフェッショナルオーディオミキサー、USB、48V電源、XLR/RCA入力、99種類のDSPエフェクトを備えたBluetoothスタジオミキサー（プロと初心者向け）","6041","38","","40","¥ 9,990","","1","B0F1NBCX46","","45.7","27.9","6.3","1678"
"INFELD RED インフェルド・レッド 4/4バイオリン弦セット","6042","51","","319","¥ 13,500","¥ 13,529","15","B001LRJ6KG","B08HLZWBSV","10.6","10.2","1.4","18"
"Fender / 3.5"" Premium Leather Strap Black フェンダー [高級レザーストラップ][USA製]","6044","8","","6","¥ 16,500","","11","B0DQQCCBQT","B0DVT2WXJY","21.4","12.9","6.4","254"
"Valeton GP-200LT マルチエフェクトペダル マルチエフェクトプロセッサー ギターエフェクトペダル ベースペダル アンプ モデリング IRキャビネット シミュレーション マルチエフェクト FXループMIDI I/OステレオOTG USBオーディオインターフェイス付き","6048","3","","153","¥ 45,980","","56","B0BGRQXSXF","","36.5","28.6","8.4","1751"
"SWIFF AUDIO C20 ペダルチューナー 高精度 ±0.5セント ギター チューナー ミニ ギターエフェクター <10ms超高速レスポンス ミュート機能 トゥルーバイパス 超軽量 アルミ合金製 A4キャリブレーション調節可能（430Hz-449Hz） エレキギター ベース用 クロマチック チューナー","6052","7","","13","¥ 7,568","","1","B0H41S1RYG","","7.5","7.2","6.8","160"
"Martin 000C Jr E アコースティックギター","9623","5","","5","¥ 111,111","¥ 111,111","3","B0F4L4H8NT","","114.3","63.5","25.4","9979"
"ドラム缶 プラスチックドラム プラスチックバケツ 耐酸耐アルカリ 密封包装された工業用化学ドラム 輸送容器 プラグ 運搬(200L)","9622","3","","","¥ 20,798","","1","B0DRJJ338F","B0DRJJ73GS","94","58.4","58.4","9000"
"SEIKO セイコー 大正琴調律器 ソフトケース付 ST300","9284","29","","80","¥ 9,100","¥ 9,109","4","B0095SO112","B08HLZNBZP","16.9","8.2","5.1","200"
"ワイヤレスマイクスピーカー Bluetooth 5.3 Hoshikou Denpa カラオケマイクセット 拡声器内蔵の大容量バッテリー 充電式ポータブル拡声器はUSB/TF/AUXに対応 家庭用ミニアンプ、ブルートゥースワイヤレススピーカー持続時間は4-18時間 アクティブスピーカー家庭パーティー、カラオケ、街頭演説、会議、学校イベント、セミナー、街頭パフォーマンスなどに最適な選択です","6064","41","","26","¥ 15,998","","1","B0DF28VCZ5","","27.8","17.4","14.8","1920"
"プロスペック PROSPEC ハイビジョンレコーダー HVE705-PRO 4K録画対応","9629","8","","1","¥ 54,780","","5","B0H4L8GR19","","19","15","8","805"
"【FILWY】アコースティックギター 初心者セット 学生・大人向け 38/40/41 インチ 初級練習用アコギ (ブラック,40インチ)","9669","0","","","¥ 7,463","","1","B0HD6CV1K6","B0HD6CQD7M","100","40","10","2500"
"ジルジャン Zildjian タッチスクリーン ドラマーズグローブ XL ZXGL0014","9537","5","","361","¥ 5,394","¥ 5,394","11","B09DT7CDM3","B09M6QRNQK","26.1","11.1","2.1","60"
"Image Line FL STUDIO Signature FL STUDIOシリーズ 国内正規品","9131","47","","21","¥ 37,950","","3","B0BYP12PDB","","23.6","19.3","5.2","100"
"WWINBRIDGE 大音量 ポータブル拡声器 スピーカー ハンドヘルドマイク PAシステム USB/AUX入力/TFカード 音楽再生","6086","28","","3","¥ 15,220","","1","B0GF1ZN619","","25.7","25","7.8","1160"
"Hosa CFP-606 15cm LL フラットパッチケーブル 6本セット","9389","21","","44","¥ 5,444","¥ 5,444","16","B07KS37N3Y","B08KQS5JYL","24.9","17.9","6.6","190"
"国内検品済【KIWAYA】 ベビーサイズ ウクレレ U-Trip 01 ソフトケース付(マホガニー材合板 持ち運びに便利 手の小さな方 お子さまに)","6088","22","","14","¥ 7,405","¥ 8,990","3","B087ZPXRKR","B0881PQYJ1","50","20","10","720"
"Technics SL-1200MK7WK ダイレクトドライブターンテーブルシステム テクニクス ブラック","2855","25","","3","¥ 123,750","¥ 125,000","6","B0H35Q7T6K","B0H382L8P8","57.2","45.4","25.8","13100"
"バック フレンチホルン マウスピース 16 銀メッキ仕上げ","9463","17","","16","¥ 8,883","¥ 8,883","11","B008FP1M0Y","B07KM5J62T","7.6","3.8","3.8","64"
"D'Addario ダダリオ ウッドベース(コントラバス)弦 Helicore Hybrid Set HH610 1/2M Medium Tension 【国内正規品】","9356","24","","6","¥ 24,970","¥ 24,970","3","B0006MXLUI","B07H37RVYD","21.1","20.6","3.6","268"
"KUN(クン) バイオリン肩当て Super(スーパー) 3/4-1/2","9166","53","","694","¥ 5,740","¥ 6,120","7","B0009JO4PO","B013JL6XD4","19.2","4.2","3.9","59"
"UNI-PEX ワイヤレスマイク WM-3400","6105","56","","49","¥ 23,958","¥ 24,640","14","B000WMC8TC","B09Q6FJ5KD","28.7","9.7","6.6","340"
"オーディオテクニカ ダイナミックマイクロホン ATM25 / ハイパーカーディオイド/バスドラム/ベースアンプ/フロアタム/低音楽器/マイクポーチ付属 ATM25 ブラック","6109","19","","10","¥ 23,100","","8","B000VE9RRC","","24.9","15.6","9","636"
"バンドーレン Vandoren アルトサクソフォン マウスピース V16 ラバー A7 S+","9513","17","","31","¥ 23,139","¥ 23,139","16","B00OP2DTH0","B0779P3H64","15.2","3.8","3.6","18"
"HOSCO Luthiers Tools ナット溝切りヤスリ 3本組 アコースティックギター用 TL-NF3A","6112","38","","16","¥ 9,900","¥ 9,910","2","B00BKNX9FO","B01NAIOA70","19.3","9.6","1.7","149"
"VOX(ヴォックス) ミニギター SDC-1 mini BK ブラック ショートスケール レギュラーチューニング対応 手の小さな女性やお子様に最適 キャリーバッグ付属","6118","44","","196","¥ 12,780","","2","B07VFCXTQJ","B08QHQ8CC1","79.8","36.1","8","3084"
"BOSS ボス eBand JS-10 ギター練習用オーディオプレイヤー/ギターを直接接続可能/GT-100直系のアンプとエフェクト搭載/350曲以上のバッキングを搭載/ベース/ボーカル","6121","23","","112","¥ 38,500","¥ 38,500","5","B008B4LXWQ","","33.8","30","22.5","3500"
"LEGEND EG ミニサイズ 580mmスケール BBS LST-MINI","9316","38","","86","¥ 13,939","","2","B078H8BFRV","B078JDLN8G","95","30","10","2998"
"STRICH 電子ドラムセット 折りたたみ式 メッシュパッド 8インチデュアルゾーンスネア USB MIDI対応 初心者向け 自宅練習 ドラムスティック スローン ヘッドホン ドラムマット付き SED-T02","4539","4","","6","¥ 26,863","","1","B0GT3ZK89K","","73.3","43.9","27.9","15400"
"KOOPRO 防音シート 吸音材 防音パネル 120×60cm 2枚","12414","3","","11","¥ 6,980","","1","B0FH4YL6VK","B0FH4WRQMP","122","61.5","4.5","10650"
"【KIWAYA】 ソプラノロングネックウクレレ KSU-1L 初心者セット(マホガニー材合板 ケース チューナー 教則本).","6136","18","","4","¥ 13,800","¥ 16,061","4","B079VQDHKH","B07BB2KN42","66.1","25.4","9.9","1040"
"JBL PROFESSIONAL 305P MkII パワードモニタースピーカー 1ペア（2本）","6139","40","","106","¥ 35,392","","5","B07DB32QLD","","60","50","47","13800"
"キクタニ エレクトリックバイオリン セット 4/4サイズ ESV-380 BRO ブラウン","9497","22","","26","¥ 34,800","¥ 35,152","5","B001J2MVTQ","B08M6KQVKT","81","30","16","2540"
"Ibanez(アイバニーズ) トゥルー･バイパス･モードを備えた定番ワウペダル WH10V3","6143","47","","149","¥ 15,000","","11","B081D7DSJJ","","22.4","12.1","6.9","910"
"TOA 卓上型マイクスタンド クリップ式マイクホルダー付属 ST-66A","9434","36","","17","¥ 5,882","¥ 5,882","6","B00G23EQI6","","18","17.5","5.8","1430"
"BOSS Dynamic Wah AW-3","6148","23","","186","¥ 17,000","","19","B000RVZV4C","","14.9","9.3","6.4","522"
"Ibanez(アイバニーズ) GIOシリーズ エレキベース Transparent Yellow Sunburst GSR280QA-TYS","9354","23","","34","¥ 33,000","","3","B0B4N3F6MG","B0CMPXFJCP","120","45","9","4700"
"Squier by Fender/FSR Affinity Series Stratocaster Laurel Fingerboard White Pickguard Olympic White スクワイヤー","9578","20","","1","¥ 34,800","","2","B09R6ZQNN5","","111.8","38.1","10.2","4536"
"Roland ローランド トリガーモジュール TM-2 音源モジュール ライブ/練習用に最適 ハイブリッドドラム SDカード対応 電池駆動対応 2トリガー入力 MIDI端子搭載 バッキングソング追加可能","6154","43","","220","¥ 32,222","¥ 32,222","4","B00IBIUZGW","","25.7","20.2","11.4","1021"
"Lotustorks(ロータストークス) Don't Moooove!! GIANT - For All Players - オールラウンド滑り止めマット (2枚入り)","9402","29","","3","¥ 8,900","","1","B0FS838TTJ","B0FYD1HVB2","27.9","20.3","1.1","150"
"Roland ローランド 電子ドラム TD-02K V-drums エントリーモデル コンパクト Bluetooth接続 初心者 パッドの追加/アップグレードも可能","6164","56","","69","¥ 49,800","","5","B0BRCRB571","","101.2","45.4","32.6","17760"
"PLAY WOOD プレイウッド マリンバ用毛糸巻きマレット M-203","4474","23","","24","¥ 5,306","","5","B00KD22P94","B08RYX2RX4","45","11","3","20"
"Elgato Wave:3 – Wave FX Processor、オンボードDSP、Clipguard 2.0、VST insertsを搭載したプレミアムUSBコンデンサーマイク（配信＆ポッドキャスト向け）– PC&Mac対応","6165","67","","1","¥ 28,980","¥ 28,980","1","B0GQRSQ86L","","25.5","14.8","11.4","1160"
"BOSS/GX-1B Bass Effects Processor [純正アダプター(PSA-100S2) 同時購入セット]ベース用エフェクター","9540","10","","","¥ 35,860","","1","B0GG9PHBNF","","47","35","25",""
"BOSS RE-2 Space Echo スペースエコー エコー ディレイ リバーブ ギターエフェクター","6170","29","","60","¥ 28,447","","9","B09WF1LTCL","","15.1","9.4","6.5","551"
"トムクラウン Tom Crown ストレートミュート トランペット用 オールアルミ","6172","27","","24","¥ 11,860","","51","B002Q0WTFG","B0779P3K3D","16.5","10.9","10.4","45"
"ヤマハ(YAMAHA) 電子ピアノ用ソフトケース SC-KB851","4365","39","","16","¥ 8,164","¥ 8,164","3","B0C8TQ3L59","","136","50.8","5.6","1760"
"Squier by Fender スクワイヤー エレキベース Squier Sonic™ Precision Bass®, Maple Fingerboard, White Pickguard, 2-Color Sunburst ソフトケース付き","9450","26","","104","¥ 29,920","","3","B0BVGR8HR6","B0FNRS3M63","132.1","38.9","9.9","5058"
"ENNBOM ツリーチャイム 25音 36音 ウィンドチャイム バーチャイム メッキ加工スタンド付き スティック付き (36音, シルバー)","9367","18","","65","¥ 8,880","","1","B0CRRGMFLY","B092CJ7PCH","70","16","10","3590"
"ZonQoonz ステージライト 80W 168LEDs RGBW ウォッシュライト 舞台照明 ストロボライト 音声連動 DMX512 7000LM 高輝度 ストロボ(20HZ) 120度出光角度 ステージ コンサート 舞台 ライブ パーティー バーに最適（102CM)","6180","49","","11","¥ 10,599","","1","B0D7PZ1LYR","B0H6QJ1BYT","109","12","9","2010"
"NIGHT ナイト オカリナ Classic シリーズ ACB アルトC調 ブラック (ケース付属)","9617","10","","15","¥ 6,160","¥ 6,222","5","B08CRGRQ58","","20.2","14","6.8","280"
"Bullfighter サイレントギター アコースティックギタートラベル 静粛性初心者 練習 スチール弦 K10 (sunset) (SUSNET)","6188","32","","5","¥ 25,999","","1","B0F8ZNT5SP","B0GWHJ3H28","105","38","10","11000"
"ヤマハ YAMAHA アコースティックギター LL16 ARE BS","9394","28","","65","¥ 108,900","","4","B00IODU00A","B07JMY7VKC","121","59","20.5","6600"
"【純正ACアダプター/PSB-100付】BOSS KATANA MINI KTN-MINI","6194","73","","119","¥ 17,600","","6","B072XL4X78","","31.2","27.7","20.2","2120"
"LEKATO 2.4GHz ワイヤレスギターシステム WS-200 充電ボックス付きアップグレード版 ワイヤレスギタートランスミッター レシーバー高忠実度サウンド4チャンネル オーディオシステム エレキギター ベース用","6196","46","","47","¥ 8,900","","1","B0GFDGJNGH","","14.4","12.9","6.1","370"
"ロールピアノ 88鍵盤 ロールアップピアノ 録音機能 スピーカー内蔵 イヤホン端子 音声出力端子 Type-C給電 ポータブルキーボード 単3形乾電池4.5V給電｜USB 5V・1A給電対応 初心者 日本語説明書付き","9608","3","","1","¥ 6,099","","1","B0H86PGX2H","","24","19","7.6","1300"
"SONICAKE Source Comp コンプレッサーペダル ギターペダル ミニペダル エレキギターとベース用 高耐久メタルフットスイッチ オーバードライブペダル ソースコンプ","6201","29","","91","¥ 8,800","","1","B0DSZP26SS","","10.3","6.3","5.9","260"
"キクタニ リュックタイプ デラックス カホンバック 内寸H300XD310XW500mm CJB-1DLX ブラック","9407","37","","67","¥ 5,500","¥ 6,000","2","B077NZLKKL","B08JZVZMLZ","55","36","10","1300"
"NearStream AM10U コンデンサーマイク usb 会議用マイク pcマイク 有線 無指向性/単一指向性/双指向性 音量調整可能 ノイズキャンセリング ミュートボタン付き 3.5mmヘッドホンジャック搭載 リアルタイムモニタリング Zoom/Teams/Meet対応 Windows/Mac/Chrome/Linux ブラック","6204","38","","14","¥ 12,980","","1","B0G4TQBTRW","B0GWZJ5L3H","17.5","14.9","9.5","610"
"カラー・ストロボ・クリップ・チューナ Strobo Clip HDC peterson【国内正規輸入品】","9498","32","","2","¥ 15,500","¥ 18,182","10","B0CVS4JQL7","","10.3","7.2","3.6","80"
"UNI-PEX ワイヤレスマイク WM-3000A","9467","41","","9","¥ 22,800","¥ 22,800","10","B000WME2GE","","28.6","9.7","6.4","330"
"VIC FIRTH (ヴィックファース) ドラムスティック AMERICAN CLASSIC (Hickory) VIC-5A 4セットパック","4514","44","","3","¥ 7,980","","1","B0CYQH35PP","","41","6","3","3000"
"PhotoGenic フォトジェニック ベース弦 ニッケル Long Scale / Regular Light .045-.105 PB-1000R x6セット","4488","30","","44","¥ 7,936","¥ 7,936","1","B0DHCPBDYX","B0DHV8FK45","16","16","8","1200"
"ピアノカバー シンプル 高級 電子ピアノ鍵盤カバー アップライト トップカバー 可愛い 優雅 直立型 ピアノ フルカバー 間口148-153cm通用 椅子カバー 厚い 防塵カバー (ピアノカバー＋椅子カバー（一人掛けタイプ）,B)","6225","5","","7","¥ 5,626","","3","B093KPJHRW","B093KN3XW3","38","21","15.4","1830"
"キクタニ (Kikutani) 軽量 トランペット セミハードケース ツイード生地 グレー TR-Tweed GRY","18012","40","","42","¥ 17,600","¥ 17,778","6","B01LYX0HW6","B01LWRWTO4","57.8","25.2","20.2","2700"
"TAMA タマ POWERPAD デザイナーズコレクション ハードウェアバッグ 3～4本程度収納可能 ブラック THB02LBK","9639","20","","74","¥ 6,582","¥ 6,582","2","B082WBHXTH","","88.4","27","16","1220"
"VOX Nutube搭載 キーボードアンプ VX50 KB コンパクト 軽量設計 50Wの大出力 自宅練習 スタジオ ステージに最適 マイク入力 弾き語り","6230","32","","71","¥ 31,172","¥ 31,201","12","B075DF8XDN","B08R3X9667","42.6","36.8","25.6","5280"
"K&M デスクトップスタンド 高さ:217~347mm 黒 23325B","6231","7","","121","¥ 7,700","","2","B00CD1PNCY","","36","22.3","5.3","2800"
"セルマー　アルトクラリネット　リガチャー　銀メッキ仕上げ","9674","14","","","¥ 6,970","¥ 6,970","1","B00V679EVC","B0FRWK6YJ4","4.9","4.8","4.1","20"
"ITOMASA/イトマサ ピアノイス AE（ブラック） 高低自在椅子","9664","18","","182","¥ 14,200","","3","B0038H3T7S","B009AGA4RO","69","38","21","10201"
"BitTradeOne 美耳 USBオーディオ変換機 モバイル端末用 オーディオインターフェイス ステレオ録音 マイクループバック搭載 52x44x19mm ADBMMUAD","6249","16","","1","¥ 13,800","","2","B0G12Z3NQP","","27.4","16.5","6.8","380"
"LEKATO ギター ワイヤレス ギターアンプ ギター送受信機 24ビット48KHz ワイヤレス安定転送 小型軽量 充電式 4チャンネル 190°回転可能 エレキギター/ベース適用 ブラック","9433","45","","83","¥ 6,899","","1","B0C32KYDGT","","15.2","12.2","4.4","230"
"AULOS(アウロス) トラヴェルソ グレンザー ソフトケース付 AF-1 ブラック,アイボリー","9458","42","","14","¥ 26,800","¥ 26,800","1","B07THYGRGC","","25.6","14.4","4.4","500"
"メイヤー アルトサクソフォン マウスピース ハードラバー 6MM","9457","35","","401","¥ 27,500","","26","B0002E1P6M","B0B2Q8HMGB","11.3","3.9","3.8","59"
"Anygig トラベル エレキギター Headless – ポータブルで超軽量・静音、フルスケール25.5インチ ローズウッド指板、蓄光ハムバッカー、ギグバッグ、着脱式スタンドなど付属品一式 左利き用シェルピンク","9682","12","","4","¥ 34,199","","1","B0FWCQF7PT","B0G1S58SM3","91","18","9.6","3120"
"ゼンオン タンブリン ZTB-10","9702","3","","8","¥ 5,540","","7","B00SF6ZRV8","B015FA6LCK","28","27","5.8","440"
"初心者向けクラリネット、長持ちする木製、クリーニングクロス付きBbキークラリネット、初心者向け(black)","9680","23","","4","¥ 9,836","","11","B08SBWSWD4","","39","23","13","1470"
"ブルーマイクロフォンブルーバードSL大型ダイヤフラムコンデンサーマイク","6271","17","","426","¥ 62,133","","9","B01MZBLKN5","","25.3","25.2","12.7","1678"
"MXR M222 TALK BOX トークボックス 【国内正規品】","4530","26","","24","¥ 30,500","¥ 37,530","9","B00CK52AG0","","26.3","24.6","10.9","2022"
"GOGHOST ギターケーブル 20フィート 2個パック TS 1/4インチコード 編組","9559","24","","343","¥ 9,517","","2","B0F82PNGH4","B0FGYDW2ZK","28.5","20.9","4","621"
"Ibanez(アイバニーズ)　GIOシリーズ　エレキギター　Black Night　GRG170DX-BKN","9515","26","","248","¥ 26,784","¥ 26,784","4","B001EM180O","B07CZM2JXW","104.9","45.5","9.4","4780"
"VR-02-P(ピンク) ICレコーダー 8GB","4558","22","","","¥ 6,960","","2","B09HNN71PR","","18.9","11.3","3.1","140"
"TAMA タマ 3~4本収納可能 ハードウェアバッグ PBH02L","6284","34","","75","¥ 5,351","¥ 5,351","3","B017LVVNY2","","90","34","8","1430"
"【折りたたみ式・卓上】簡易防音室 防音ボックス 一人用 高密度難燃吸音棉搭載 在宅ワーク オンライン会議 音楽練習 テレワーク 防音ブース 組立簡単 収納可能 集中したい時の仮眠にも 自宅用 配信(Size:60×60×60cm,Color:ブラック) [並行輸入品]","9490","25","","3","¥ 5,700","","1","B0GTZ31216","B0GTZ7GM95","104.1","45.7","25.4","4536"
"【正規品】 ERNIE BALL 6044 ギター コイルケーブル 30フィート COILED INSTRUMENT CABLE 9.14m ブラック","9710","11","","665","¥ 6,162","¥ 6,162","3","B01H3D10LO","B07LB7RJ71","22.2","18.3","4.1","580"
"【第二世代アップグレード版】カラオケマイク スピーカーマイクセット サウンドカード（男の声/女の声/子供の声）付き ハイパワーマイク 手持ちマイク2本付き スピーカー＆マイク別々に使用可能","9716","11","","46","¥ 8,800","","3","B08P1QDDM4","B08P1QNYT1","34.8","21.4","19.4","2580"
"CASIO カシオ/SA-80 ミニキーボード","6306","46","","114","¥ 9,192","","10","B0BS58DQWD","","66","27.8","11.2","1860"
"KC エレキベース用 ギグバッグ CB-100","6308","29","","111","¥ 5,999","¥ 6,125","4","B003I4B8V0","B01BV0JNKA","126","51","8","1315"
"キクタニ (Kikutani) マイクスタンド ストレートタイプ 丸型ベース ブラック MS-150B","6319","31","","42","¥ 6,900","","4","B009YCWUEO","B01MQQQ537","83","28.5","5","2990"
"Numark Mixtrack Pro FX DJコントローラー","6322","39","","1850","¥ 31,548","¥ 31,548","5","B087S28ZRM","B09WDVTTGQ","61","31.7","11.5","3082"
"NUVO ヌーボ プラスチック製管楽器 Bb調/C調 jHorn ジェイホーン Black/Black N610JHBBK [専用セミハードケース付き] 【国内正規品】","8925","14","","306","¥ 19,000","¥ 20,444","8","B07YD6NSP6","B0CW2YL77B","39.4","31.6","17.5","1973"
"DJI Mic 3 レシーバー ワイヤレスマイク ピンマイク 超軽量 オーディオ OsmoAudio ノイズキャンセリング カメラ／iPhone／Android用ワイヤレスマイク Vlog撮影 ストリーミング","6330","52","","44","¥ 16,720","¥ 16,720","2","B0F98V5Y6R","","11.2","10.5","4.9","115"
"オカリナ 12穴 アルトC調（AC）オカリナ 吹奏楽器 初心者/音楽愛好家対応 オカリナ プロレベルのパフォーマンス オカリナ楽器 優美な形 向けミュージカルギフト オカリナ 初心者セット(A)","6333","7","","3","¥ 6,398","","1","B0D4LH4QZF","B0D4L4XQPY","2.5","2.5","2.5","300"
"Betopper ステージライト 54x3W DJ照明 LED RGB 3色混合 高輝度 パーキャンライト リモコン付き ストロボ&ウォールウォッシャー DMX対応 パーティー・コンサート・教会・ウェディング・バー用 1台","6389","43","","","¥ 6,999","","1","B0FXMF771F","B0G1YB4JQ5","23","22","21","1310"
"Enya CYBER-G弦なしスマートギター ポータブル 15種類の楽器音源","9580","16","","207","¥ 50,500","","1","B0DYNY9DND","B0F6S546NY","50.8","30","15.2","4000"
"TEC テック 液晶モニター搭載 ポータブル HDMI メディア レコーダー RECORD MASTER 4K TMREC-4KS 4K30P 入力対応","6336","22","","5","¥ 39,351","","7","B0CQ7VSV3D","","20","11.6","7.1","460"
"Blackstar ブラックスター 楽器用シールド ケーブル 6m PROFESSIONAL INSTRUMENT CABLE S-S型 20ft","6339","12","","15","¥ 5,170","¥ 4,444","5","B0C3M8WKQX","B0CBMKRWFP","22.2","18.8","4.3","420"
"KATANA:GO2 KTN-GO2 専用ポーチ ブラック セット","9720","10","","","¥ 22,800","","2","B0DYT58H5Q","","22.8","19.1","14.2","470"
"ZOOM(ズーム) A1 FOUR アコースティック楽器用 マルチエフェクター","6345","78","","55","¥ 12,708","¥ 12,708","7","B07WC4CW2N","B0FS2MQJHS","23.6","20.4","6.2","680"
"HERCULES チェロ用スタンド DS580B","4420","48","","313","¥ 8,330","¥ 8,330","1","B00126MY96","B08HLZTQZW","71.6","18.8","12.7","2631"
"D'Addario ダダリオ ウッドベース(コントラバス)弦 HH610 3/4M Helicore Hybrid Bass Strings/SET 【国内正規品】","6356","7","","76","¥ 24,800","¥ 24,800","3","B0002Q0V3S","","21.1","20.8","3.1","270"
"KORG(コルグ) 電子ピアノ LP-380U 88鍵盤/日本製/温かみを感じる木製/純正ヘッドフォンとペダルが付属 ブラック LP-380-BK U","6362","29","","355","¥ 101,000","¥ 101,000","2","B08LG1QRKY","B08P82NFT7","144.6","48.2","36.8","42500"
"GATOR Frameworks ゲーターフレームワークス ギタースツール スタンド機能搭載イス 折りたたみ可能 GFW-GTRSTOOL 【国内正規品】","9707","21","","368","¥ 11,550","¥ 12,222","4","B084J7CMX3","","91.9","39.4","14","4763"
"HeadRush Flex Prime エレキギター用 マルチエフェクター","6366","14","","144","¥ 73,216","¥ 73,216","5","B0DJDJQLPW","B0C1FPZDZB","41.7","25.6","13.4","2481"
"ARTURIA MIDI キーボード コントローラー KeyLab Essential 88 mk3 BK","6369","20","","2","¥ 59,820","¥ 59,394","12","B0CW1H8BT3","B0CWVG8V5Y","138","32.8","13","10300"
"CASIO(カシオ) 純正 スタンド CS-68PBK","6369","76","","276","¥ 17,600","¥ 17,600","11","B07N21DNNW","B0B44SRF4L","142.8","33.2","16.6","13499"
"BOSS ボス ループステーション ルーパー RC-5 コンパクト ステレオ対応 最大13時間録音 エフェクター ギター/ボーカル","6370","74","50","569","¥ 24,000","¥ 26,425","16","B08KG4QVCT","","15.1","9.5","6.4","540"
"バンドーレン B♭クラリネット リガチャー M|O(エムオー) ブラック","9551","33","","368","¥ 9,021","¥ 9,444","22","B005DOJS1U","B072HMK1L7","11.6","5.2","5.2","30"
"D'Addario WoodWinds ダダリオ リード テナーサックス用 ROYAL RKB0130-B25 [硬さ:3.0] 25枚入り(個別包装) 【国内正規品】","9697","15","","290","¥ 13,200","¥ 13,200","2","B07PR16DQW","B09HBSHTLQ","12.5","12.4","8.4","166"
"ヤマハ YAMAHA パワードモニタースピーカー MSP3A (1本)","6379","33","","11","¥ 19,414","","11","B08W4X94P2","","34","23.2","21.4","4800"
"BOSS/DS-1W Distortion 技 WAZA CRAFT DS1W 日本製 ボス ディストーション","6380","20","","72","¥ 22,000","","15","B0BH8NDRH7","","14.8","9.5","6.5","536"
"Gator Cases ゲーター ギグバッグ アコースティックギター用 ドレッドノートタイプ対応 ナイロン製 GFLEX 20mmパッド入り 4G Series GB-4G-ACOUSTIC 【国内正規品】","9125","44","","113","¥ 10,434","¥ 10,434","3","B00IJYE2OE","B07QGJF9J2","115.1","45","16","2585"
"バンドーレン B♭クラリネット マウスピース プロファイル88 B40 13シリーズ","6387","11","","38","¥ 15,615","¥ 15,615","20","B0002D0B5E","B071DTH42Q","15.3","9.4","5.6","55"
"NEEWER BASICS マイクブームアーム 78cm マイクスタンド コンデンサーマイク用 フレキシブル調整 MS050","6388","9","","116","¥ 5,599","¥ 5,128","3","B0GL7X8NNR","B0H2HBFF9F","44.4","12","9.5","890"
"LoDrid トランペット ケース リュック ミュート2個収納 トランペットバッグ 持ち運び便利","4542","30","","7","¥ 5,380","","1","B0FNRF78T9","","29.9","27.1","13.3","850"
"VORQORA スモークマシン フォグマシン 500W RGB（赤 緑 青）LED smoke machine リモコン付き 小型 予熱速い 金属製スモークリキッド別売 パーティー ステージ パーティー ディスコ 演出 劇場 バー クラブ 撮影","9826","14","","2","¥ 6,599","","1","B0GV7BW24X","","26","17","15","2000"
"BETOPPER ステージライト 54x3W RGB LED 舞台照明 ディスコライト ステージ照明 DMX512 3/7CH パーティライト スポットライト DJ disco light クラブライト 高輝度 音声連動 舞台/演出/結婚式/パーティー/カラオケ/クラブ/バー用（２個セット）","9680","13","","40","¥ 16,999","","1","B087M6KPJM","B0DH4D23SQ","29.2","23.4","22.8","3300"
"Jマイケル 信号ラッパ ATR-150A","6395","6","","19","¥ 23,000","¥ 23,232","7","B006UOJWF4","","42","19","18.3","1096"
"SUNMONマイクポップフィルター、HyperX QuadCast 2S用、QuadCast用フォームカバー","6400","20","","273","¥ 5,772","","3","B09V12TN54","B0CF9NYNWH","20.3","12.6","2.9","20"
"ベリンガー ギターエフェクター アコギ プリアンプ ダイレクトボックス DI V-TONE ACOUSTIC ADI21","6404","34","","972","¥ 6,490","¥ 6,490","1","B000KITQK2","","16.2","12.3","7","610"
"KORG(コルグ) アナログ シンセサイザー monotron DELAY モノトロン ディレイ 手のひらサイズ/シンプルなレイアウトで入門用に最適 スピーカー内蔵 /ヘッドフォン使用可/どこでも使えるコンパクトサイズ MONOTRON-DL","6405","71","","1612","¥ 5,700","¥ 5,700","9","B00684KFAM","B08HLZNC13","21.9","15.3","3.5","190"
"KORG ペダルユニット 電子ピアノ SP-280用 PU-2","6417","27","","108","¥ 6,667","¥ 6,667","5","B00DZHP82A","","25.3","16.9","7.7","900"
"AKG LYRA C44 USB コンデンサーマイク iOS Android Mac Windows PC用 Blucoil Pop Filter Windscreen 3-FT USB 2.0 Type-A 延長ケーブル","6418","53","","1400","¥ 8,380","","4","B07Y2PFM1W","","25.5","22.9","14.9","1255"
"VITAL AUDIO VAWS-1 3.72*7.32*2.65cm 国内正規品","9639","27","","11","¥ 8,470","¥ 8,568","17","B0GPWLZ36G","","10","9.7","4.8","170"
"Btuty スマートエレキギター 7フレット スマートエレキギター サイレント練習用 デジタルチューナー メトロノーム機能 ポケットポータブル フォーク MIDI 多機能ギター デジタルカポ付き 初心者 旅行用","9698","14","","6","¥ 18,429","","2","B0DKTDLSYV","","57.4","15.9","8.2","1020"
"TONOR 4 枚セット スリット木目吸音パネル 120×60cm 木製ウォールパネル 室内防音吸音材 テレビ背景壁 / 居間 / 寝室 / 事務所 / 配信ルーム壁インテリア ブラック","6432","7","","930","¥ 12,999","","1","B0FN6KK2H9","B0G2Z5HGCN","127","65.5","5.5","11300"
"Pearl パール Eliminator エリミネーター 25th Anniversary Chain Drive ドラムペダル シングルペダル P-2050C/B","6439","36","","1","¥ 30,855","","9","B0FP4WLP98","B0FPWV5R4D","43","32","22.5","5100"
"Ti Amo ニュースタンダード オカリナ T-NACNT アルトC 素焼き","11953","21","","111","¥ 9,185","¥ 9,438","3","B07MKW8D5X","B014EXS8JI","18.8","14.5","7.4","340"
"Roland ローランド ビデオスイッチャー V-1HD フルHD1080p対応 コンパクト 持ち運び 映像/配信/ライブ/演出/ウェビナー","6450","21","","86","¥ 80,783","","5","B01852FO32","","41.3","24.5","13.2","2060"
"Morningstar FX / MC6 PRO Perfectly Programmable MIDI Controller","6451","10","","3","¥ 69,850","","1","B0C2HBQ9RK","","47","35","25",""
"Novation Circuit Tracks Grooveboxシーケンサーとシンセサイザー","9887","11","","524","¥ 57,200","","5","B08NZ1W6NN","B0CCNG4MS7","31.9","25.9","12.3","1560"
"BELDEN 8412 ギターシールド SL (SWITCHCRAFT) (5m)","9770","10","","14","¥ 8,640","","2","B016M07QHG","B016M07QCG","27.8","19.4","3.6","380"
"E.W.S エフェクター ベース用オーバードライブ Stormy Bass Drive (SBD)","9662","13","","28","¥ 17,800","¥ 17,800","9","B082ZYMFHK","","14.2","8","6.8","360"
"TOMBO トンボ 複音ハーモニカ 特製トンボ・バンド21穴 No.1521LD#m","9677","32","","1","¥ 9,980","","4","B001OZVT4Q","B019W1SZ8G","18.3","4.8","3.6","254"
"YAMAHA / AG03MK2 WHITE AT2020 Androidユーザー向け 配信/DTMセット -AT2020コンデンサーマイク、3mマイクケーブル、ポップブロッカー、アームスタンド、AUXケーブル、便利なスリーブバッグ、USB2ポートACアダプタ、4極ケーブル-","6472","22","","6","¥ 42,800","","1","B09WL54TTJ","","47","35","20",""
"MONO M80 スリーブ 2.0 エレキギター用 - ブラック","6475","5","","","¥ 26,400","","2","B0DXQJFGSR","","112.2","46.2","11","3000"
"MAONO マイクアーム マイクスタンド 安定 高耐久 高さ角度調節 耐荷重1.8kg プロな金属製 卓上マイクスタンド 折り畳み 隠線管理 テーブル保護 クランプ 変換ネジ付き PD200X/SM7B/MV7などマイクに対応 配信/ゲーム実況/ポッドキャスト/録音/在宅ワーク/収録用 BA92 黒","6478","23","","341","¥ 9,200","","1","B0CS5L49J6","B0H29ZKTBS","40","12.4","8.8","1750"
"Arturia アートリア キーボード・コントローラー MicroLab MK3 White + Analog Lab Pro Bundle MIDIコントローラーとソフトウェア音源フルバージョンのセット","6480","4","","","¥ 9,279","","12","B0H4T2QG73","","45.6","15.8","6.7","1000"
"BOSS Bass Equalizer GEB-7","9727","23","","311","¥ 17,000","","12","B0002KZ6LQ","","14.9","9.5","6.2","499"
"MIDI,MIDI ビート メーカー マシン 6 つの割り当て可能なノブ ノートリピート フルレベル ボタンと制作ソフトウェア ポータブル ミニ MIDI パッド USB 初心者向け音楽制作","9943","3","","1","¥ 8,259","","2","B0D4YQ97BM","","36.5","25.4","4.8","700"
"GUCraftsman 4-Pin Mini XLR 6N無酸素銅銀メッキ＆金属シールド層 ヘッドホンアップグレードケーブル SENNHEISER HD 490 PRO/HD 490 PRO Plus 対応 (3.5mmプラグ)","9823","12","","1","¥ 9,800","","1","B0FKGNWYD1","B0FTRPRGM5","13","13","3","200"
"KALA カラ U・Bass ウクレレベース Zebrawood ゼブラウッドボディ UBASS-ZEB-FS (ケース付属) 【国内正規品】","9880","5","","33","¥ 43,333","¥ 43,333","4","B089QTTL1S","","81.3","30.7","13.7","2200"
"Soleil ソレイユ クラリネット[Bフラット] SCL-1 サクラ楽器オリジナル 初心者入門 スタンダードセット","12579","15","","53","¥ 20,600","","1","B075H9CTQK","B00H5JEYLU","57","28","19","3750"
"【通常モデル】FOSTEX アクティブ・スピーカー PM0.3H(B)","6502","32","","327","¥ 24,980","","1","B0744J5VPS","B0FNBKVM5P","27.2","22.7","19","3500"
"electro-harmonix エレクトロハーモニクス ベースエフェクター ディストーション Bass Big Muff Pi 【国内正規品】","6506","30","","426","¥ 11,800","","4","B001C1A6CI","","16.1","14.2","8.3","440"
"プロテック PROTEC アルトサックス用 軽量セミハードケース スクエアタイプ MX304 ブラック","2891","19","","414","¥ 17,578","","34","B001BAMONE","","64","28","23","2227"
"Strymon Zuma 9出力ギターペダル電源","6513","30","","53","¥ 51,784","","77","B07ZXGCSK5","","25.1","14.4","10.2","1120"
"ROTOSOUND ロトサウンド ベース弦 5弦 Nickel Roundwound / Standard (.045-.130) RS665LDN","9687","20","","75","¥ 6,000","¥ 6,000","1","B002AN93BM","B09ND2BMQR","18.8","16.6","1.4","141"
"ETLIFE 防音 吸音 パーテーション デスク 仕切り 吸音ブース 防音ブース フェルトボード 飛沫防止 (横幅80cm)","9694","17","","65","¥ 5,382","","1","B0BF75QQN4","B0BF76J2XK","78.7","50.8","2.5","998"
"MAXTONE (マックストーン) 持ち運びができる バスドラム フットトレーニングパッド FPP-2","6519","8","","2","¥ 6,268","¥ 6,386","5","B0CK18Q7BD","","22.3","14.1","11.3","870"
"2nd Factor セカンドファクター アコースティックギター用コンタクトマイク APU-1","4610","14","","9","¥ 18,500","¥ 18,001","3","B00CL53HOS","","11.4","7.5","3","90"
"electro-harmonix エレクトロハーモニクス アナログコーラス Small Clone 【国内正規品】","6534","37","","184","¥ 15,053","","11","B0002D0C5I","B01FX680FW","20","11","10","540"
"BG (ビージー) スーパーレヴェレーション リガチャー アルトサクソフォーン用 L12SR","9741","18","","64","¥ 11,550","","19","B0021S1X6E","B07MZ63HW8","14","7.6","3.2","20"
"VOX Nutube搭載 ベースアンプ VX50 BA コンパクト 軽量設計 50Wの大出力 自宅練習 スタジオ ステージに最適 ヘッドフォン使用可","6536","30","","96","¥ 30,026","¥ 30,026","11","B075DB1ZD1","B08HM227DS","42.4","37","25.8","5580"
"Musiclily Pro SE ST-HH-OMHA 配線済みピックガードアルニコ5ハムバッカーとミニトグルスイッチ 4P エイジドホワイトパール","9850","14","","16","¥ 6,716","","2","B0DQ52MMY4","B0DR2CN4KK","30.4","25.4","7.4","662"
"TOA マイクロホン PM-120","6544","42","","13","¥ 8,640","","4","B003W3OTJ0","","20.2","7.4","6","300"
"【マイバチみなみとり】 金達人合格モデル 米ヒバ 39cm 軽め 2ヶ月保証 収納袋付き","9789","17","","6","¥ 8,480","","1","B0FLPSW4SQ","","43","8","6","200"
"ヤマハ YAMAHA マレット ヴィルトーゾモデル MV-6040","9788","10","","","¥ 7,000","","1","B01JS6L5Z0","B08JH36C93","44.6","11","1.4","60"
"TAMA タマ True Touch Training ""ソリッド･キック ベース･パッド"" TTBD6","9750","26","","20","¥ 20,404","¥ 20,404","4","B09KTDYKR9","B0FFNDMMKD","52.5","43","12","5120"
"キクタニ セミアコギター用 ギグバック 20mm厚クッション リュックタイプ GVB-60SA BLK","9786","11","","17","¥ 14,300","¥ 14,444","4","B08VX3X21L","B09NBH64KY","113","48","15.5","3050"
"D'Addario ダダリオ シールドケーブル (ギターシールド) Custom Series Circuit Breaker Cable ラッチングミュートスイッチ搭載 PW-AGLRA-10 (3.0m S-L) 【国内正規品】","12860","11","","913","¥ 5,006","¥ 5,006","1","B01NCMFNG4","B07VTDS6K8","24.4","23","3.5","306"
"CIOKS SOLペダル電源","6567","26","","1","¥ 30,600","","56","B0BGQRFHRX","","26.8","18.5","5.1","848"
"Mchoi Hard Portable Case Compatible with Hercules DJControl Starlight Pocket USB DJ Controller","6568","19","","268","¥ 5,680","","2","B0837JG2C3","","36.3","12.7","6.6","322"
"【VGP金賞】 Edifier STAX SPIRIT S5 平面磁界駆動型 ワイヤレスヘッドホン Bluetooth 5.4 ハイレゾ対応/LDAC/LHDC/Snapdragon/Qualcomm aptX/80時間連続再生/AUX接続/USB-C接続/マルチポイント対応/マイク内蔵/通話ノイキャン/専用アプリ/ブラック","6569","54","","229","¥ 39,879","","1","B0D2NMD3TN","B0G8WJCHX9","31.8","27.8","18.2","1980"
"CAHAYA アコースティックギター 初心者セット 38インチ カッタウェイ","6570","23","","130","¥ 5,717","","1","B0CWL8JR5J","B0CPFNM2LX","97.5","44","11","2460"
"ホーナー HOHNER ハーモニカケース 10ホール用 FlexCase L【国内正規品】","6576","12","","48","¥ 9,460","¥ 9,460","2","B081B793NB","B0F15MR1TF","34.3","23.4","7.6","1034"
"Isabally ダンベルラック メタル 2段 多機能ダンベルラック 幅80cm 調節可能な重量ラック ダンベルディスプレイラック ブラック","6578","2","","1","¥ 6,580","","1","B0GYWNBFF5","","44","26.5","8.5","3200"
"お祭り、写真、ビデオ、屋外イベント、パーティー、舞台効果、ハロウィン、結婚式にポータブルワイヤレスリモートスモーク＆フォグマシーン (スリム・ブラック)","6579","14","","4","¥ 6,999","","1","B0D9NYQ7KG","B0D9NZC65V","17.1","14.1","5.3","250"
"KC エレキギター用 ハードケース EGF-120 (ストラトキャスター/テレキャスター対応)","4595","34","","14","¥ 15,533","¥ 15,533","3","B0019BP0UO","B0DGD4TQ36","104.2","38.5","10","3742"
"Genelec ジェネレック G Two アクティブスピーカー (2本・ペア) (ブラック) モニタースピーカー","9791","36","","11","¥ 127,600","","3","B0CQVZ14J9","B07C5NQSJL","60","30","30",""
"Thomastik バイオリン弦 Vision Titanium Orchestra VIT100 O (セット内容VIT01O,VIT02O,VIT03O,VIT04O)","6584","14","","48","¥ 11,440","¥ 11,440","5","B000Y01EQ0","B0F4XK55PS","10.5","10.4","1.4","18"
"Phil Jones Bass (PJB) / NANOBASS X4C Red フィルジョーンズ","6586","27","","19","¥ 41,600","","10","B0B53NTPYW","","25","24.3","21.3","3260"
"Squier by Fender エレキギター Classic Vibe 50s Stratocaster®, Black ソフトケース付き","9919","14","","460","¥ 72,600","¥ 73,501","5","B07T47XFT4","B07T9L7C2B","114.3","44.4","12.7","5965"
"Kithouseワイヤレスマイク カラオケ 無線マイク 充電式ダイナミックマイク UHF 10チャンネル 技適認証済","9777","20","","120","¥ 9,299","","1","B08R6T25WF","","28","18.2","7.4","560"
"ヤマハ 電子ピアノ P-525B Pシリーズ 88鍵盤 木製鍵盤 本格的タッチ感 コンパクト 持ち運び アプリ ブラック","6594","69","","43","¥ 155,405","","3","B0CLCKK7BG","B0CM3DCPR1","145","53.1","31","31700"
"バンブー Bambu リガチャー アルトサクソフォン用 【UA08】 UNA(ウナ) カラー:ゴールド","6595","15","","","¥ 6,347","¥ 6,347","1","B0DZ24CG6B","B0DZBXNLGY","6.7","5.6","4.7","20"
"AIAIAI TMA-2 DJ Wireless (ブラック) DJヘッドホン","6596","10","","87","¥ 41,850","","19","B0DHZT54Q4","","23.5","21.1","8.8","600"
"Obligato オブリガート バイオリン弦 A.D.G線セット","4347","44","","29","¥ 15,700","¥ 16,830","6","B01FVQTVBQ","","14.7","14","1.3","16"
"【国内正規品】beyerdynamic ベイヤーダイナミック DT 700 PRO X 密閉型 モニターヘッドホン メーカー保証2年付き","6611","29","","1","¥ 49,720","","5","B0CQK156GZ","","23.1","21.7","11.9","900"
"SOUND PURE SPH80112-VDUAL デュアルチャンネルワイヤレスシステム w/8011II ハンドマイク×2","6616","16","","5","¥ 59,400","","4","B07V2775RP","","46","37","15","5000"
"THOMASTIK VERSUM バーサム チェロ弦 A線 スチールコア 4/4 マルチアロイ巻 VE41","6618","16","","26","¥ 6,350","¥ 8,442","7","B013OQHKRM","B0F4C646D8","14.2","11.8","1.7","7"
"BEHRINGER ベリンガー P16-D ( P16D ) P16-I用エクスパンジョンハブモジュール","6625","7","","169","¥ 15,273","¥ 15,273","5","B005EHINKS","","30.5","25.3","10.1","1510"
"MEINL Percussion マイネル ミニジャンベ African Style Mini Djembe HDJ6-XXS Dark Serpent Design 【国内正規品】","12779","12","","210","¥ 6,525","¥ 6,525","4","B00HV7U8TS","B011TQ7E0M","23","15.5","15.1","670"
"GoufuGui ピアノの防音絨毯 ピアノ防音マット 多目的 カーペット ソリッドカラー長方形 床キズ防止 防潮/吸音 騒音対策 オールシーズン フロアマッ お手入れ簡単 専用マット 防振/傷防止 滑り止め 学校 スタジオ 家庭に最適 (C,160*80cm)","10004","8","","","¥ 5,589","","1","B0GX65QGMS","B0GX5T87SN","50","50","50","2000"
"Pop's Bass Rosin","21923","10","","88","¥ 7,649","","48","B00ASNZ13U","","7.5","6.5","5.5","50"
"ゼンハイザー (Sennheiser) Profile Streaming Set【国内正規品】 700100 USBマイクロホン ポッドキャスター ストリーマー ゲーマー","6630","31","","573","¥ 26,764","¥ 26,764","5","B0BTPZF6P1","","52.1","19.7","6.3","1724"
"ヤマハ(YAMAHA) キックパッド 電子ドラム KP65","4629","21","","643","¥ 7,700","¥ 7,700","4","B001R2RA4E","","41.3","26","17.8","3338"
"MEINL Percussion マイネル タンバリン Headliner Series Hand Held ABS Tambourine HTWH 【国内正規品】","9842","13","","171","¥ 5,021","¥ 5,021","2","B0BRL4DQBQ","B01KSXNC8A","28","27","5.6","470"
"D'Addario WoodWinds ダダリオ リード バリトンサックス用 USDAオーガニック認証取得済 RESERVE ODLR0535 [硬さ:3.5] 5枚入り 【国内正規品】","6640","20","","22","¥ 5,910","¥ 5,910","6","B0BHWQL1SS","B0CV5FX8S5","12.5","4.1","2.8","30"
"ヤマハ YAMAHA ショートスケール クラシックギター ナイロン弦ミニクラシックギター CS40","4619","24","","5","¥ 20,920","¥ 20,920","2","B07NDV2TGM","","141.1","61.2","17.7","4450"
"CASIO(カシオ) 純正 ワイヤレス MIDI & AUDIO アダプター WU-BT10","6647","70","","213","¥ 7,700","¥ 7,700","6","B091PDMZ1J","","15.8","13","4.7","109"
"Neumann ノイマン NDH 30 Black Edition 開放型スタジオモニターヘッドフォン 黒 ブラック 【国内正規品】 399006 ミキシング マスタリング 38mmダイナミック型ドライバー","6651","24","","122","¥ 108,900","","2","B0CHY7M873","B0BCJX8JSD","27.1","24.8","8.7","1010"
"[KIWAYA] AQUBE Kalapu KAQB-BK ウクレレ用 本革ストラップ (カラプ ブラック エンドピンタイプ 国産)","10047","5","","","¥ 11,111","¥ 11,111","1","B0FP1YTQZD","B0FP2GDRN6","30","10","1","5"
"グランドトピアノ用 防音/地震対策/耐震インシュレーター イトマサ スーパーセーフティインシュ GP用【黒色】","6661","31","","34","¥ 5,699","","4","B00Q9SBSIU","","20.8","15.8","15.3","2256"
"山本竹細工屋（YAMAMOTOTAKIZAYIKUYA) 雅楽楽器・龍笛 竜笛 竹製 横笛 能管 和楽器 黒巻き","9501","26","","17","¥ 6,980","","1","B0CRTC88R6","","40.8","4.1","3.8","130"
"tc electronic アナログ ディレイ Echobrain ANALOG","6668","17","","216","¥ 6,280","¥ 10,000","10","B01NA8EEGJ","","17.4","9.4","7","590"
"ピアリビング 足音マット ラグ ロールタイプ (幅1m × 長さ2m 7mm厚) [1枚] 滑り止めなし 防音シート 床 防振 軽量 足音 ピアノ エクササイズ","4645","8","","3","¥ 14,520","","1","B0C42NVSH3","B0C42RGFT3","102","30","30","3040"
"MAHALO ソプラノ ウクレレ アートシリーズ U-SMILE イエロー","9896","17","","601","¥ 5,500","¥ 5,556","3","B004WBXY74","B08R565B9V","55","20","10","760"
"VOX Giulietta VGA-3PS TK トランス・ブラック ピエゾピックアップ搭載 フルアコースティックギター","9886","15","","20","¥ 35,800","","1","B08636MRLM","B0CCTJ6V1N","110","65","18","3000"
"LEDスモークマシン 9LED RGB 上向き噴煙 高さ5m 煙柱機 DMX512 リモコン 1500W 小型 クラブ 結婚式 パーティー 舞台照明 (DMX-512＋リモコンモデル（ディスプレイ画面付き）)","10032","3","","","¥ 13,998","","1","B0H7JGQY4M","B0H7JBJ8X9","38","29","22","4500"
"ARMOR アルモア FRP製エフェクターボード PS-1C (マジックテープ付属)","6676","27","","32","¥ 26,425","¥ 26,425","2","B0054IEI6K","B009X67HX0","75.7","43.5","13.8","6999"
"HOHNER ホーナー 1896/20P D マリンバンド Marine Band D調","12817","4","","14","¥ 8,111","¥ 8,111","2","B0DWNC6MKP","B0H8NNV36J","12.6","5.8","3.8","105"
"Ibanez(アイバニーズ) ギター・スタンド機能を備えたフォルダブル(折りたたみ)・スローン IMC50FS","2237","26","","129","¥ 9,765","¥ 9,765","1","B00HVUSS3I","B08HLZSS1N","93","36","13","3850"
"VIC FIRTH VIC-PAD6D","6682","20","","252","¥ 6,998","","25","B0002F5BG6","B0CYC48W5F","20.9","17.8","3.5","558"
"Musiclily Pro ST-60S Staggeredアルニコ5 ギターシングルコイルピックアップ セット5.6K ホワイト","6691","17","","60","¥ 5,140","","2","B0CKX8PZKR","B0CMH62YXW","13.5","13.3","5.9","230"
"LoDrid キーボードケース 88鍵用 ソフトキーボードバッグ 電子ピアノケース 6つの滑り止めマット付き","4627","23","","9","¥ 9,999","","1","B0CS5FM2BR","","54","50","14","2580"
"現代ギター社 GGWS-1S 木製ギタースタンド クラシックギター/アコースティックギター","9949","15","","16","¥ 9,900","","4","B08F21Z4JJ","","67.2","31.8","11","1330"
"バンドーレン アルトサクソフォン リガチャー M|O(エムオー) ゴールドプレート(24K金メッキ)","9923","19","","14","¥ 17,270","¥ 18,667","23","B005DOJV94","B072P5V527","11.9","5.4","4.9","30"
"electro-harmonix エレクトロハーモニクス エフェクター オーバードライブ/ディストーション OD Glove 【国内正規品】","6702","5","","116","¥ 12,870","","5","B00FPT8D4Q","","14.5","8.9","7.6","340"
"Fender フットスイッチ 4-Button Footswitch: Preset Up Down, Quick Access, Effects On/Off, or Tap Tempo, with 1/4"" Jack","9922","14","","411","¥ 9,900","","4","B004R6IKPK","B0793G9HW2","31.8","15.2","7.6","907"
"BOSS Multi Overtone MO-2","6713","18","","62","¥ 15,950","","10","B00B20CZIM","","14.8","9.4","6.5","521"
"BOSS KATANA-50 GEN 3 ギターアンプ コンボ 第3世代 50ワット 多機能 12インチスピーカー搭載","6722","31","","111","¥ 44,000","","2","B0D4YGSFSZ","","53.2","44.5","30.4","11630"
"Truthear HEXA 1DD+3BAハイブリッド構造PU+LCPダイナミックドライバーのダイアフラム0.78 2PINケーブル柔軟な拡張性DLPインイヤーモニターイヤホン HEXA","9950","20","","24","¥ 15,000","","1","B0BLZBDVFK","B0BLZCH5B2","16","10.2","4.9","250"
"TAMA タマ ""個性と遊び心""がコンセプトのシンバル・バッグ 18""まで収納可能 (ブラック) TCB18BK","9937","20","","50","¥ 5,740","¥ 5,740","2","B07NWQVYC5","B07P8STJFY","52","50","7","1350"
"TASCAM(タスカム) FR-AV2 32ビットフロート対応2chポータブルフィールドレコーダー/タイムコードジェネレーター デュアルADコンバーター タイムコード同期 オーディオインターフェース","6738","21","","73","¥ 62,726","","55","B0DHX3292D","","15.7","12.1","6.4","281"
"Clairevoire SEASONS アップライトピアノカバー [153cm | 60インチ] (タイダルブルー)","9968","14","","153","¥ 9,900","","1","B0CJNJ7G9W","B0CD3LMHNX","43.4","34.9","4.2","989"
"Rovner リガチャー DARK メタル用 アルトサクソフォーン/テナーサクソフォーン/バリトンサクソフォーン 1M","6750","18","","57","¥ 6,900","","5","B000A84CC4","B0725Z4T4Q","11.7","4.3","4.2","48"
"KORG ステップシーケンサー SQ-1 あらゆる機器を接続し自在に操れる 豊富な接続端子 コンパクト 電池/USBバスパワー駆動 変換ケーブル付属","6752","26","","619","¥ 16,500","","3","B00SGY5CIW","B01KF959FG","25.2","11.4","8.9","948"
"Fender フェンダー エフェクター Tread-Light™ Volume/Expression","6758","9","","87","¥ 11,500","¥ 12,812","5","B083F8D271","","29.7","15.7","14.5","1050"
"TC Electronic ロータリスピーカーエミュレーションペダル VIBRACLONE ROTARY","6759","2","","77","¥ 9,980","","2","B00X8JGJUA","","17.6","9.6","6.8","600"
"SunRuck サンルック 電子キーボード プレイタッチ49 SR-DP02 49鍵盤 電子ピアノ 初心者 子供 軽量 自動伴奏 録音 譜面台付き","10050","5","","30","¥ 6,990","","1","B00DE8OWCM","","77","29.3","11","2550"
"Free The Tone PA-1QB PROGRAMMABLE ANALOG 10 BAND EQ ベース用エフェクター","10074","7","","11","¥ 45,774","","4","B077RYNGMB","","20.7","12.3","7.8","530"
"Adoro サイレントスティック&バスドラムビーターセット - アコースティックドラムやカホンペダル用の静かなスティックとビーター - (ドラムシールド、ミュート、ダンパーは不要)","6765","12","","607","¥ 9,050","","3","B09YSJJ7SF","B0F1CXGVMS","44.9","8.8","3.9","181"
"EVANS エヴァンス バスドラムヘッド EMAD クリア BD26EMAD / EMAD Clear (single-ply,10mil) 26インチ 【国内正規品】","9991","15","","431","¥ 12,751","¥ 12,751","1","B004MKMACU","B00W373FBY","68.6","68.6","3.8","1134"
"Selva / SULE Black セルバ ギグケース エレキギター用 20mmパッド入り","6772","8","","11","¥ 10,790","","1","B00H713X6I","","110","46.5","13","3100"
"シンバル クラッシュライドシンバル 18インチ OUSIYO","10006","13","","5","¥ 8,280","","1","B0GHNX1HCB","B0GQLY4TXR","46.1","46","3","1660"
"Rxakudedo ピアノ椅子 無段階昇降調整 ピアノベンチ PUレザーカバー 高反発厚手クッション耐久性 耐水防汚 滑り止め ピアノ/バイオリン/ギター/鉄琴/キーボード演奏に対応 幅広座面 軽量設計 ブラック","6781","16","","7","¥ 5,980","","1","B0DLK1TR35","","43.7","33.4","15.9","4880"
"Rovner リガチャー DARK ソプラノサクソフォン・メタル用 1MD","10088","12","","24","¥ 7,635","¥ 6,600","17","B000A87OGK","B072PX5ML2","12.1","4.5","4.2","50"
"Vin-Antique PPSE’79 Ver.3 TS系オーバードライブ ヴィンアンティーク","6797","15","","3","¥ 12,800","","2","B0CGV6MQPW","","14.2","8.6","6.4","400"
"バイオリン弓 カルロジョルダーノ BV-101 3/4","15511","10","","27","¥ 7,040","¥ 7,556","7","B002C66O5A","B011N6EQ0Y","78","5","3","180"
"Fender フェンダー エレキベース Standard Jazz Bass®, Maple Fingerboard, Black Pickguard, Black ソフトケース付き","6804","6","","10","¥ 84,305","","5","B0DQ1LS478","","132.1","43.2","12.7","7031"
"Mooer Pitch Box ピッチシフター エフェクター","17555","12","","27","¥ 9,900","","1","B075PPKYX4","","12.2","5.2","4.3","160"
"ART フォノ・イコライザー・アンプ DJ Pre II","10060","16","","","¥ 10,120","","1","B0DTY7WCJ3","","26","13","7","500"
"BASN Bsinger PRO 有線イヤホン インイヤーモニター ハイブリッド デュアルダイナミックドライバー 着脱式 MMCX ケーブル2本付属 ノイズアイソレーション 耳掛け式 軽量設計 ミュージシャン ステージ スタジオ用 (青, 3.5mmジャック)","6814","28","","8","¥ 5,700","","1","B0GWD27NSL","B0GWCY9XHW","16.5","12.5","4.5","120"
"KALA ウクレレ The Waterman ソプラノ 蓄光スターライトイエロー KA-R-WMG-YL-S 【国内正規品】","10039","16","","20","¥ 7,607","¥ 7,607","1","B0F8RFZZK5","B0G5PFT49S","54","19.5","8.5","660"
"キクタニ チェロ、コントラバススタンド CB-200 ブラック","5370","9","","14","¥ 13,860","¥ 14,533","4","B075D8D36C","","88.7","52.9","7.8","4135"
"TONOR 配信用オーディオインターフェース、ダブルXLRチャンネルオーディオミキサー（RGB 付き）、コンテンツクリエイター向け、ループバックボタン、スタジオ録音、プロ用プリアンプ、ライブストリーミング、配信、コンテンツ作成用、TX510 ホワイト","6825","16","","172","¥ 7,649","","1","B0D14CNN7M","","23.8","14.5","10.1","930"
"メディアレコーダー テック TEC モニター搭載ポータブルHDMIメディアレコーダー レコードマスター3S TMREC-FHD3S","6830","21","","4","¥ 36,980","¥ 41,408","5","B0CQR8FGQQ","","20.7","11.7","7.1","490"
"Lotustorks(ロータストークス) KABUKI MUTE for 5 string Bass ベーシスト専用ベースミュート (5弦用sweet&bitter)【特許出願済み】","10019","8","","1","¥ 7,800","","1","B0FVMVTRJX","B0FYD9K5VP","18.8","9.5","2","10"
"ゼンオン 木琴 22音 ZX22K バチ付き","10091","9","","5","¥ 10,725","¥ 12,812","7","B0CZRKHHGH","","53.4","45.9","8.7","1580"
"BOSS/DUAL CUBE LX D-CUBE LX Guitar Amplifier ギターアンプ ボス 最大出力10W","6834","7","","97","¥ 34,000","","6","B0BC1RR2V4","","40.5","28.3","23.9","4470"
"セルマー・パリ アルトサックス マウスピース プロローグ(Prologue) SeleS","6836","29","","283","¥ 10,692","¥ 10,800","4","B00LTMQZA2","","11.6","4.8","4.8","60"
"Alesis ドラムマシン 233音源内蔵 MIDI対応 SR-16","10025","17","","50","¥ 23,231","¥ 23,231","1","B0018B8LDI","B0CZTRV43P","33.8","18","6","1542"
"[Natura Style] フルサイズ バイオリン ケース 弦楽器 バッグ (ブラックxグリーン)","6846","15","","10","¥ 9,480","","1","B0BMFBMTHG","B0BMDLD2BZ","80","28","15","1370"
"MEINL Percussion マイネル タンバリン Headliner Series Mountable ABS Tambourine HTMT2WH 【国内正規品】","10103","9","","61","¥ 7,150","¥ 7,157","2","B0BRL3KP81","B0C65HSKWR","35.3","28.9","8.2","720"
"ヤマハ(YAMAHA) トランペット用マウスピース スタンダード TR-11C4","9352","56","","79","¥ 7,600","","9","B003J6WOL0","","10","3","3","87"
"ミュージックベル（ハンドベル）20音 MB-20K/MU 【マルチカラー】専用ケースBCC-60付き サクラ楽器オリジナルセット","17795","13","","8","¥ 23,680","","1","B00E3PA1SO","","71","58","17.5","6020"
"YP-M101 マイクロホン","10064","11","","7","¥ 5,380","","12","B0009VY038","","11","9.2","4.6","100"
"Gator Cases ゲーター ギグバッグ アコースティックギター用 ドレッドノートタイプ対応 ブレンドファブリック外装 タン Transit Series GT-ACOUSTIC-TAN 【国内正規品】","10081","18","","555","¥ 19,218","¥ 19,218","5","B01KPZ6JQI","B07QGJF9GG","127.8","57.8","17.2","3980"
"Bauhutte ( バウヒュッテ ) デスク ギタースタンド BHP-GH300-BK デスク用 ギター ハンガー 昇降式 机 後付","6863","63","","49","¥ 5,802","¥ 5,802","4","B0D1G3JCV9","","32.8","18.3","6.7","1030"
"YAMAHA / AG03MK2 YCM01 WHITE PCユーザー向け 配信/DTMセット -純正コンデンサーマイク、白アームスタンド、白マイクケーブル、AUXケーブル、便利なスリーブバッグ-","6864","13","","5","¥ 44,000","","1","B09WL5K7SB","","47","35","20",""
"Ibanez ""個性と遊び心""がコンセプトのエレキギター用バッグ 保護クッション装備 (ワインレッド) IGB541-WR","6866","17","","73","¥ 5,581","¥ 5,581","8","B01GTP2S4A","","66","30.5","5.1","454"
"YAMAHA AG03MK2 WHITE 配信スターターセット アームスタンド・ダイナミックマイク・オリジナルスリーブケース付","6869","40","","1","¥ 28,000","","1","B0FSL98L49","","47","35","25",""
"カーボン弓 バイオリン弓 厳選部材と手作り ユニークな外観 甘い音","10083","14","","38","¥ 5,895","","3","B01DZQ6C70","","77","4.2","4.2","320"
"BELDEN ギターシールド #9395 3M SL","10043","20","","58","¥ 5,220","","2","B006AKW0RK","","22.9","18.9","1.8","220"
"Blackstar ブラックスター ID:X FLOOR ONE 本物の真空管アンプの操作性とフィールを兼ね備えた先進DSPモデラー/真空管アンプモデル/エフェクト","6873","24","","5","¥ 28,200","¥ 30,222","14","B0GHXVCFQP","B0GJ9271LF","28","21.4","14.2","1760"
"MEINL Percussion マイネル ボンゴ Headliner Series Wood Bongo HB100WRB 【国内正規品】","10081","7","","454","¥ 26,000","¥ 26,444","3","B001D4GZY2","B0116NDUHY","47.9","25.6","24","5150"
"VOX(ヴォックス) ギター用 コンパクトエフェクター FUEL INJECTOR オーバードライブ/Nutube搭載/真空管/Valvenergy 2nd VE-FI","6878","13","","2","¥ 17,721","¥ 18,081","18","B0DCJX4Y7G","","15","9.2","6.7","420"
"TAHORNG Elefue ブラック エレフエ 電子リコーダー 内蔵スピーカー タホーン","6882","19","","57","¥ 13,200","","8","B0B297HTQQ","","35.8","9.1","4.7","250"
"ゼンオン 卓上木琴 半音付き No.181WA 日本製","10042","14","","35","¥ 11,500","¥ 13,852","11","B00DU65ZBU","B088R9HMXW","64.3","27","8.7","2220"
"ヤマハ YAMAHA ミキサー ライブストリーミングパック 3チャンネル ブラック AG03MK2 B LSPK","6886","13","","38","¥ 44,000","","3","B09VFFXTXK","","47.7","25.6","14.9","2720"
"ヤマハ エレアコギター CPX600 BL","17618","14","","69","¥ 42,900","","1","B077JKBD2N","B07K849JV4","110.2","55.3","16.3","3480"
"NODIBRO ハンドパン ドラム 22インチ 9音 440Hz ステンレス鋼 ハンドパンドラム楽器 ソフトバッグ・マレット・スタンド付き","10194","1","","1","¥ 20,280","","1","B0H2DCBCQ7","","61","61","47","8000"
"Arturia アートリア キーボード・コントローラー MicroLab MK3 25鍵盤/ベロシティ対応高品位スリムキーボード/USB-C接続 ブラック MICROLAB MK3 BK","6889","56","","134","¥ 9,680","¥ 9,778","13","B0F1469QLH","B0F9T6CKD6","46","16.5","7","990"
"CNB キーボードバッグ 49鍵用 リュックタイプ 内寸900X300X120mm KBB1600/49 ブラック","6900","10","","38","¥ 8,400","","2","B00GLPFTDQ","B07VCKM2W8","92","33","15","1920"
"【GOTOH PICKUPS】ストラトキャスター用ピックアップ ST-Classic ブラックカバー 日本製フロント用GTPU-ST-CLS-N","6902","4","","","¥ 5,163","","1","B010NG8G8S","B01GTCZ64M","11.3","8.7","3.8","124"
"GOTOH TLタイプブリッジ、ブラスサドル、10.8mmピッチ、クローム(PGTC-201C) GTC201C","6903","8","","12","¥ 7,379","","3","B01LWX5KFZ","B0DL5V1NPH","12","9.3","2.8","288"
"Ibanez エレキ・ベース用 ケース 保護クッション装備 IBB541-NB ネイビーブルー","10066","19","","69","¥ 6,281","¥ 6,281","5","B01KNFEQJC","","124.5","41.9","9.4","1474"
"GENELEC ジェネレック モニタースピーカー バンドル 8330AP GLM Studio【国内正規品】(grey)","10099","15","","5","¥ 237,600","","1","B086C52D2B","B0DBLTKRVV","57.5","52","30",""
"DMXled コントローラー DMコントローラー DMXデコーダー 12チャネルDMX 512 LEDデコーダー DMX調光器 調光器 DMX LEDコントローラー DC5V-24V 256グレーレベル 舞台照明 調光コントローラー LED照明用","10149","15","","10","¥ 8,479","","2","B07XT4KM21","","18.3","9.8","5.2","390"
"TASCAM(タスカム) DR-100MK3 ステレオリニアPCMレコーダー 24bit/192kHz ハイレゾ ハンディレコーダー Youtube ASMR 音楽 野鳥 鉄道録音","6913","39","","190","¥ 38,900","","5","B01I1L136Y","","20.4","13.9","8.4","610"
"WJZX(忠興部品です)修理交換用） 適用す る HP elitebook 730 g5 735 G5 830 G5 836 G6 日本語キーボードバックライト無","6919","17","","6","¥ 6,080","","2","B0DDPMKZRW","","34","16","5","150"
"松脂 レザーウッド ベスポーク Leatherwood Bespoke Rosin viola Supple（ヴィオラ　サプル）","4686","10","","11","¥ 11,220","","4","B07SNCVL88","","14","9","2.5","40"
"吉澤 PEACOCK フラットボード 奥行き70cm ベージュ FB-70-BE","13279","4","","","¥ 27,500","¥ 27,778","2","B08F1WGM4D","","161","71","4.5","11000"
"日工 メトロノーム 木製レギュラー ゴールド 104","6924","11","","30","¥ 19,379","¥ 19,379","5","B01DQI7QJA","B01IGWA8UA","25.2","14.6","14.6","720"
"【正規品】 RENEGADE ギターストラップ 本革 スウェード ブルー SD-BL","10161","16","","33","¥ 5,780","","3","B0052QPMKK","B06X3VP2TS","24.9","7.4","3.4","160"
"AA AUDIO ACCESSORY マイクアーム ロープロファイル と延長ロッド 重いマイク対応設計 マイク アーム 最大耐荷重3kg ギア機構により下垂を防ぐ Shure SM7B/SM7dB/MV7+ Blue Yeti HyperX コンデンサーマイク用 ダイナミックマイク用 金属製 360度角度調節 ケーブル収納 実況 配信 収録","6931","52","","397","¥ 6,999","","1","B0F4KMF64P","B0GN94NHDV","43","23.7","7.7","1630"
"Yany BooStar(ヤニー・ブースター)ネック止めネジ ヤマハ用 ゴールドプレート","10120","18","","35","¥ 11,434","","10","B08XWXBHFZ","","11","10.2","3.1","30"
"【A-Flat】弓ケース バイオリン/ビオラ/チェロ 3種共用 ２本収納。 （分数可）肩掛けストラップ付き (バイオリン・ビオラ・チェロ 弓２本収納, ブルー)","16121","11","","45","¥ 6,780","","1","B092TRBY69","B08K21Z63W","83","11","10","580"
"バンドーレン テナーサクソフォン マウスピース V16 T8","6938","5","","35","¥ 26,082","¥ 26,082","19","B000UH2O16","B07D5JYMBS","15.2","4.6","4.3","45"
"Arturia アートリア デュアル・オーディオインターフェイス MiniFuse 2 OTG スマホやタブレットに直接接続/コンパクト/軽量/幅広い⽤途に対応するソフトウェアスイートを同梱","6940","16","","3","¥ 24,190","¥ 24,213","6","B0G51NM793","","21.7","13.9","5.2","608"
"DR Strings (デーアール) ベース弦 LEGEND ステンレス .045-.105 FL-45 【国内正規品】","6944","3","","327","¥ 6,444","¥ 6,444","4","B001AWY4WW","","15.4","15.3","1.6","118"
"OPEN DMX USB 70303 PC-DMXインターフェース","6948","13","","473","¥ 14,850","","59","B00O9RY664","","13","7.4","6.7","150"
"Ibanez(アイバニーズ) GIOシリーズ 5弦エレキベース Black GSR205-BK","10165","14","","116","¥ 33,800","¥ 33,800","2","B0002DV88I","","120","33","9.2","5080"
"マランツプロ(Marantz Professional) USBマイク コンデンサーマイク 単一指向性 マイクスタンド ゲーミング テレワーク 配信 録音 音楽制作 ショックマウント USBケーブル ポップガード搭載 Marantz Pod Pack 1","10131","43","","498","¥ 11,839","","1","B01GHUA3XA","B0F3BZYJXG","49","17.6","9.8","1380"
"HOHNER ホーナー マリンバンド 125周年記念モデル Marine Band 125th Anniversary Edition 10ホールズハーモニカ／C調【国内正規品】","6976","10","","16","¥ 8,250","¥ 8,250","1","B08T6F7PWS","","21.8","13.3","3.5","70"
"ZEYUAN SD6カホンハンドドラムカホンドラムパーカッション楽器キャリングバッグ付きトラベルキャンプ用ポータブル","6978","9","","2","¥ 7,529","","2","B0BKG7KC4J","","37","34","7","1300"
"ELVISエルビス・Hilo 1C・コンサートサイズウクレレ・マンゴーウッド材（トップ単板）・あるグロス仕上げ（光沢あり）・美木目・検品後発送で安心！【付属品：国内保証書・チューナー・教則本・コードチャート・ピック・ストラップ・ポリシングクロース・ソフトケース】","9344","12","","16","¥ 19,990","","1","B08NVBMFMC","B089WGRMTH","68","28.2","10","900"
"IK Multimedia iRig BlueTurn Bluetoothフットペダル (IKマルチメディア)","10216","27","","1740","¥ 14,000","","4","B01C5RZWM6","","16.4","16.2","5.6","240"
"MUSIC FIRST 元のデザイン 15mm厚カントリースタイル Baritone バリトンウクレレバッグ、ウクレレケース。(30~31 inch (インチ))","10323","3","","4","¥ 6,099","","2","B07TB1JS5L","","40.1","25.1","9.1","740"
"Artec MLA97 アルニコ5 カバー ミニハムバッカーピックアップ ネック/ブリッジPUセット エレキギター用クローム","6998","6","","15","¥ 5,334","","2","B0B3QGRDN4","B0B63LSJPR","13.8","13.2","5.9","280"
"TNG オカリナ 楽器 シングル [ 12穴 / アルト/窯変釉イエロー ] 高級 C調 AC (運指表付き) Ocarina 管吹奏 釉薬仕上げ 黄色","10197","11","","62","¥ 7,990","","1","B078ZZTGP3","B078ZZBD9Q","23.8","17.4","7","400"
"Rigych マイク 吸音 防音材 リフレクションフィルター マイク シールド 5パネル マイクスタンド付属 高密度吸音フォーム","7014","22","","2","¥ 5,199","","1","B0GT2H5SD5","","29","18","18","1620"
"ベリンガー パワードミキサー マイクプリアンプ PMP550M","10365","3","","40","¥ 37,033","¥ 39,800","3","B00FFIH2NU","","49.4","29.6","16.6","5200"
"Providence プロビデンス シールドケーブル Z102 2m S/Sプラグ（ストレート/ストレート）","7034","3","","","¥ 7,480","¥ 7,488","5","B0CN5D86TM","B0CN5LKWND","25","22","4","185"
"KUN(クン) ビオラ肩当て Super(スーパー)","9465","40","","87","¥ 6,530","¥ 6,856","5","B0009JMWNK","B077GV3VMT","23.8","5.4","4","90"
"Super Light スーパーライト 超軽量セミハードケース 14x5.75~6.5インチ用 SL-1457565","10278","10","","7","¥ 25,190","","1","B07KPNSCDT","B07MWFDJTW","47","45","23","1460"
"LightRiseバイオリンケースバイオリン 超軽量バイオリン ハードバイオリン グラスファイバー 耐久性 バイオリン収納 落下防止 耐衝撃 ツールバッグ 斜め掛け可能 ハンドル付き スタイリッシュカーボンファイバーバイオリンおよび衝突保護ボックスバイオリンバッグショルダーバイオリンバックパックさまざまな色をご用意 (【切り込みデザイン】レザー調マットブラック)","10247","7","","3","¥ 10,399","","1","B0FQV7ZS9W","B0FQV8KZH1","79","26","16","2000"
"ポータブル録音ブース – 防音・無響仕様 ホームレコーディングブース（ボイスオーバー、ポッドキャスト、音楽制作に最適） 持ち運び用バッグ付き","10294","7","","3","¥ 35,999","","1","B0H2Z3JBSW","","118","26","22","10000"
"LP エルピー ブロック Jam Block, Piccolo, Orange LP1204","7048","7","","173","¥ 6,900","¥ 6,900","19","B000RLI69Y","","17.6","15","5","331"
"パナソニック(Panasonic) SO-STYLE LED 埋込逆位相調光スイッチC スイッチC 適合LED専用3.2A ロータリー式 下限照度設定機能付 マットホワイト WNS575830W","7052","7","","2","¥ 11,204","","9","B08MXMJKX1","","12.6","6.8","6.4","160"
"DiMarzio ディマジオ Steve Vai シグネチャー･クリップロック･ストラップ ""Blue Universe"" DD2240","10300","8","","66","¥ 6,111","¥ 6,111","3","B01BU7WZTU","B07LB7RJ5Q","24.3","11.3","5.9","210"
"MEINL Percussion マイネル ディジュリドゥ Travel Didgeridoo Tuning/G DDG-BOX 【国内正規品】","7053","24","","508","¥ 12,222","¥ 12,222","1","B00B2PJ6O8","","28.1","16.6","5.4","556"
"Softears Volume S HiFi イヤホン 2 つのチューニング モード利用可能なインイヤー モニター イヤホン 0.78 2 ピン ケーブル","7055","34","","30","¥ 50,150","","5","B0DRVL4Q98","","18.2","15.1","6.9","422"
"Paiste (パイステ) スプラッシュシンバル PST-X Swiss Splash 10"" 1255210","10267","12","","14","¥ 10,395","","2","B00UI5FUMK","","46.6","44.2","8.2","871"
"Ampeg/Rocket Bass Series RB-108 30W出力 アンペグ ベースアンプ RB108","10318","4","","2","¥ 33,030","¥ 33,030","2","B0DXK35JSS","","52.5","52.3","46.2","13400"
"Schlagwerk シュラグヴェルク サイドキック SR-SIDE75","7076","7","","7","¥ 9,953","¥ 9,953","1","B0051OZK0U","B097T9J34G","38.5","26.6","5.7","954"
"シンギングボウル セット 13cm 560g 深い倍音 瞑想 ヨガ ヒーリング 浄化 編み込み台座 羊革巻きスティック付き 初心者向け","10365","5","","1","¥ 7,599","","1","B0H2D54VLW","","14.9","14.7","10.4","710"
"TRIAD-ORBIT （トライアッドオービット）IO-GCM 【 スタンドやデスクなど さまざまな場所に対応する強力なクランプ部を装備 コンパクトなグリップクランプ 】IO Quick-Change Coupler搭載 ミニグリップクランプ","7087","2","","1","¥ 11,880","","1","B07SRD3LFW","","27.6","21.6","7.6","522"
"【ピアノスタンドセット】Longeye ロンアイ 電子ピアノ 61鍵盤 10㎜ストローク 超小型 持ち運び便利 初心者 練習にピッタリ バッテリー内蔵 長時間利用可 スタンド付き ペダル付き 収納バッグ付き MIDI対応 譜面台 鍵盤シール イヤホン （黒セット）","9028","62","","198","¥ 13,990","","2","B0BFQZHMXG","","98.5","37.5","13","8220"
"JIM DUNLOP ワウペダル CBM95 CRYBABY 【国内正規品】","7093","18","","616","¥ 22,000","","9","B00SKJGWCI","B07NBQFRCV","15","9.4","8.6","545"
"PreSonus FaderPort USBコントロール・サーフェス 1フェーダー Studio One Artistバンドル","10377","3","","19","¥ 34,650","","1","B07GVBWYZ5","B08J46C9MD","38.6","24.2","10.7","1470"
"【国内正規品】 SHURE 軽量かつ上品なボディ。インタビュー・マイクロホンのスタンダード。 SM63L","7096","15","","17","¥ 30,000","¥ 30,000","4","B0002M6WYO","","28.2","12.4","6.8","385"
"Roland ローランド GO:PODCAST iPhoneやAndroidスマホとPC・Mac対応 指向性切り替え可能 コンテンツクリエーター・ストリーマー/配信者やテレワーク向け USBコンデンサーマイク 配信をレベルアップするアプリ付き","7099","9","","17","¥ 21,455","¥ 22,000","8","B0D14LYLYT","B0GD2XHRXG","35","26","19","730"
"ダイナミックボーカルマイク、ユニバーサルスタンド、ライブパフォーマンス、スタジオレコーディング用の古いビンテージマイク","7112","5","","1","¥ 5,458","","1","B0DQ5SDYK5","","20.3","14.7","6.9","610"
"U`King 11Wx18 LED ステージライト ディスコライト 上り式 RGBW 舞台照明 音声制御 ランプ 舞台照明 高輝度 音声起動 多色変更 カラオケ/結婚式/ディスコ/演出/舞台/パーティー/クラブ/バー イルミネーション","10334","3","","1068","¥ 8,264","","1","B09SHJVGMQ","B0G56SLP8G","27.4","25.7","16.7","2510"
"FBLFOBELI EVAハードストレージトラベルキャリーケース ヘラクレスDJコントロールスターライトポケットUSB DJコントローラー対応 耐衝撃保護キャリーバッグ(ケースのみ)","10369","1","","59","¥ 5,436","","2","B09N941TBB","","37.5","14.2","6.2","322"
"Manhasset マンハセット 譜面台 M48T シンフォニーモデル(Symphony Stand) トールバージョン ブラック","7123","14","","241","¥ 14,168","¥ 14,168","1","B000B5K9PU","B075GDYXN1","91.4","40.1","11.3","3402"
"【初心者～中級者に最適】ソプラノ ウクレレ 「 ガズのはじめて ウクレレ (ギグバッグ はじめてガイドブック 付属) 」 セット ガズレレ 弦 楽器 本体 ケース G-LABO 【ガズ 監修】","10340","15","","17","¥ 16,050","","1","B08W1XLGR5","","61.8","24.1","10.4","930"
"ヤマハ YAMAHA 10チャンネル PA&SR用ミキシングコンソール デジタルエフェクト24種類搭載 USBインターフェース非搭載モデル MG10X Black","10324","13","","5","¥ 33,000","","6","B09TSZVJ63","B0FNW2FN15","40.6","38.9","14.1","3490"
"CASIO ミニ鍵盤キーボード セット【お名前ドレミシール付】 (本体(ブラック)+収納バック(トゥインクル)+専用ACアダプター)","10332","18","","","¥ 11,800","","1","B0C372Q88N","B0B9JW8P6Z","50","25","8","5"
"Vetimobato 調節可能なバイオリン ヴィオラ ダブルケース 4/4バイオリンと15~17インチのヴィオラハードシェルバックパック ボウホルダー4本付き バックストラップ2本付き 丈夫で軽量 ミュージシャン向け (ブラック600Dナイロン)","7135","11","","4","¥ 22,963","","5","B0CQQR5BWS","B0CT39NZX3","85.1","40.1","17.8","4491"
"Viva La Musica バイオリン用肩当て ヴィヴァ・ラ・ムジカ オーガスチン メイプル/金","10371","10","","11","¥ 9,460","¥ 12,222","5","B01HHJ6U3M","B01HXIFIGM","22.5","7.3","5.9","152"
"ポータブルフォグマシン | ダンスステージハロウィンDJパーティー用スモークマシン(スリムブラック)","7138","13","","50","¥ 6,999","","2","B0D4NYXJZW","B0D4NYTVXS","15.6","12.9","4.7","240"
"バンドーレン ユニバーサル・ハーネス・ストラップ サクソフォンストラップ (FNH100)","7153","23","","127","¥ 26,180","¥ 26,180","20","B00BP6BGFG","","33.9","11.3","11.3","565"
"Alvoxcon USB ワイヤレスマイク 無線マイクセット UHF 手持ち型 | YouTube配信 Zoom会議 オンライン授業用 PC/Mac/Android用 簡単接続 録音/撮影/ナレーション対応","7155","9","","100","¥ 5,780","","1","B07G9BGNKK","","30.3","9.2","6.5","310"
"CAROL Sigma 1 ボーカルマイク ダイナミックマイク 有線 超単一指向性 スライドスイッチ付き 4.5mケーブル付属","7156","12","","55","¥ 6,035","","1","B08V57X2M7","B0B7NDX6R7","25.4","12.7","7.6","454"
"GRETSCH エレキギター G5655TG Electromatic® Center Block Jr. Single-Cut with Bigsby® and Gold Hardware, Laurel Fingerboard, Azure Metallic","7157","5","","60","¥ 143,550","","11","B07N2TMH5J","B0DBSNVQWL","119.4","49.5","12.7","5897"
"CME WIDI K.O.II Bluetooth MIDIインターフェース teenage engineering EP-133 EP-1320 EP-40対応 超低遅延3ms","9191","59","","1477","¥ 9,599","","1","B0FS7QTPDR","B0H3P2HKTT","15.6","9.2","2.8","40"
"BOSS Fuzz FZ-5","7162","10","","175","¥ 15,000","","19","B000S5KYN0","","15.1","9.7","6.6","499"
"NEEWER ペンシルマイク 小型コンデンサーマイク 2本セット 全指向性/スーパーカーディオイドカプセル交換可能 楽器録音用","7167","9","","788","¥ 13,800","¥ 13,800","2","B073CXBYLT","","24.2","21.2","11","1040"
"VITAL AUDIO VAII-N 3.0m L/L(V2N-3LL) VAII-Nシリーズ 3.0m 国内正規品","25761","5","","","¥ 5,808","¥ 7,333","4","B0DKN57459","B0DKNHCZDM","15","11.5","2","300"
"ヤマハ(YAMAHA) クラシックギター CG182C","10424","9","","24","¥ 44,000","","5","B003YFQHVY","B07JM1W26V","130","71.6","19.8","5035"
"IBANEZ WS1 ギターワイヤレスシステム","7182","10","","18","¥ 18,800","","4","B09VTJP7VH","","11.9","7.3","3.8","120"
"CURMIO トラベルキャリングバッグ マイク・充電器・ケーブル用アクセサリー収納ポケット付き スピーカーバッグ","7183","18","","","¥ 5,280","","1","B0GSY8BJSY","","36","31","9","500"
"バーチャル電子ドラムセット、ノイズのないエアドラムスティックセット、ドラムスティックペダル付き、ポータブル3Dモーションセンシングドラムセット、初心者、大人、子供向け","10420","5","","8","¥ 7,999","","2","B0DRC6HXHL","","36","10","5","340"
"オヤイデ電気 ギター/ベースケーブル（ストレート－ストレート） 3.0m G-SPOT CABLE SS/3.0","10415","7","","23","¥ 5,720","","3","B001OGJ28K","","30","17","1.4","222"
"[Sequenz] キャリング・ケース CC-KSP ブラック","10411","12","","11","¥ 5,556","¥ 5,556","3","B0D59ZNWW2","","33.1","27.4","7.5","560"
"Pioneer DJ スクラッチスタイル 2ch パフォーマンスDJコントローラー DDJ-REV5","7214","15","","17","¥ 159,500","¥ 161,111","6","B0CDX8R3RL","","84","46","17.6","8110"
"VingoBow ニュージャーマン コントラバスボウ ペルナンブコパフォーマンス上級者向け! アートNo.310BG 3/4","10436","5","","82","¥ 9,895","","1","B0915WHV3T","B08LGZB5GC","78.7","12.7","2.5","204"
"PLAY WOOD プレイウッド シロフォン・グロッケンシュピール・マリンバ用ゴム玉マレット M-01","7232","7","","4","¥ 6,380","¥ 6,444","3","B00KD22J86","B0GGPSH16B","45","10","3","20"
"Behringer アナログベースラインシンセサイザー Modded Outモデル USB/DIN MIDI対応 VCFのMIDI CCコントロール対応 サブオシレーター/オーバードライブ搭載 16ステップシーケンサー TD-3-MO-SR シルバー","10451","12","","115","¥ 34,100","¥ 34,444","6","B09B6SQHXN","","43.3","22.5","9.8","1270"
"Vemuram/SPIRITONE Overdrive Char Signature ヴェムラム オーバードライブ","7238","10","","2","¥ 69,850","","16","B0DRJ9Z4YX","","21.7","13.4","7.7","940"
"Legere SNSG2.50 Signature ソプラニーノサックスリード (2 1/2)","7241","7","","","¥ 5,250","","2","B07GD1HLGY","B0FGCZ65SD","12","7","1","20"
"Shure by Gator ハードケース ワイヤレスマイク用 6本収納 PE製 軽量設計 TSA承認ロックラッチ採用 SH-MICCASEW06 【国内正規品】","10512","4","","2","¥ 18,865","","1","B0C4YDPP24","","48.3","36.8","15.2","2812"
"Providence プロビデンス シールドケーブル F201 2m S/Sプラグ（ストレート/ストレート）","7246","7","","1","¥ 5,856","¥ 5,856","5","B0CPSXBBLD","B0CPT2TZ2P","25","22","4","185"
"tc electronic マルチバンド・コンプレッサー HYPERGRAVITY COMPRESSOR【国内正規品】","7255","20","","198","¥ 16,800","¥ 15,442","5","B015PWQPLU","","12.7","8.7","7.2","370"
"suono スオーノ HHKB Studio キーボードケース (ブラック・ボルドーストライプ) ハンドメイド 日本製","10478","8","","5","¥ 6,634","","1","B0CM2CZG34","B0GD2QPM3N","31","12","4","110"
"Fender Deluxeシリーズ ストラトキャスターボディ アルダー ブラック","7257","2","","84","¥ 96,944","","57","B083F7DN4L","B0CPFNC3YF","53.3","35.6","7.6","2971"
"Providence プロビデンス シールドケーブル B202 7m L/Lプラグ（L型/L型）","10497","4","","","¥ 8,052","¥ 8,265","3","B0CPSWR2DM","B0CPSYRSPJ","25","22","4","490"
"ACMEER 木製木琴セット 卓上木琴 25音 音楽教育玩具 細かい運動能力 打楽器 音楽玩具 演奏用 ギフト 木製 楽器 おもちゃ 持ち運び便利 バッグ付き模造品 子供の細かい運動能力を向上 (マホガニー,収納袋)","5996","4","","","¥ 7,499","","1","B0FZT13XF5","B0FZQY4R39","1","1","1","1"
"CAHAYA 電子ピアノ 88鍵盤 電子キーボード トリプルペダル付 380音色 USB-MIDI対応 フルサイズ 加重鍵盤 木製デザイン 足は外せる 初心者向け ブラウン","10495","6","","1","¥ 22,980","","1","B0H24XTD1W","","140","37.7","27.5","20530"
"Grazioso コントラバスバッグ（ケース） CBA-1 モスグリーン","10517","6","","1","¥ 30,646","¥ 30,646","1","B0CLNPYRQZ","","99","63","16","4200"
"MEINL Percussion マイネル タンバリン Traditional Goat-Skin Wood Tambourine Steel Jingles 1row TAH1AB 【国内正規品】","10499","7","","281","¥ 7,126","¥ 7,126","2","B003UUYJX6","B01KSXMYO8","35.3","28.4","8.2","490"
"ローランド Roland サウンドモジュール JD-08 Sound Module JD-800のサウンドとふるまい バッテリー駆動 ポータブル スピーカー搭載","7270","8","","107","¥ 60,500","¥ 61,111","11","B09LCFZS69","","35.3","18.2","7.9","1349"
"HOSCO エレキベースキット VBタイプ ER-KIT-VB","7274","10","","5","¥ 29,428","","1","B00RJTNJS0","B01D156PN6","77.2","42.6","9.6","3320"
"KOSS KPH40 ユーティリティ オンイヤーヘッドホン 着脱式 コードシステム 超軽量設計 (リズムベージュ) S","7275","23","","271","¥ 7,963","","25","B0BV34NDQX","B0D8LMQS56","22","15.4","5.4","109"
"【国内正規品】 VIBRAMATE ヴィブラメイト スポイラー ビグスビー ストリングリテイナー ブラック SPOILER BLACK","10519","8","","36","¥ 11,111","¥ 11,111","2","B078GNK8RH","B01MUTKF2Y","9.2","6.9","1.7","30"
"Legere SSA1.50 American Cut ソプラノサックスリード (1 1/2)","7288","13","","122","¥ 5,200","","11","B07GD6QSHW","B0FGCB7RRN","11.6","7.1","1.4","32"
"KORG(コルグ) アナログ・モデリング・シンセサイザー multi/poly デジタルならではの驚異的なアナログ・サウンド/ソフトケース付属 MULTIPOLY","7292","9","","13","¥ 97,000","","9","B0DKTCMPYZ","","61","48.3","14","5398"
"PROMARK プロマーク スティックバッグ Transport Deluxe Stick Bag TDSB 【国内正規品】","7296","3","","617","¥ 10,295","¥ 10,295","3","B01MU0XOFW","","52.8","20.3","5.1","474"
"East top ハーモニカ 12セットブルースハープ 10ホール20トーン 真鍮カバー キャンバスケース 清潔布 初心者 専門家 勉強 練習用 ダイアトニックハーモニカ(T008K-Bk-12)","10539","5","","2","¥ 18,118","","1","B0CZQGSYBW","","37","18","8","1500"
"ヤマハ YAMAHA フルート YFL-312","7302","6","","8","¥ 152,460","","7","B01L3HSS8O","","44.2","21.1","11.2","1374"
"Steinberger/Spirit Collection GT-PRO Deluxe White スタインバーガー ヘッドレス エレキギター","7307","13","","25","¥ 57,200","","3","B003J5Q5AC","","88","37","16","4000"
"ボス BOSS Acoustic Singer Live LT ACS LIVE LT アコースティックギターアンプ ストリートライブ 弾き語り レコーディング スタジオ","10540","12","","132","¥ 46,200","¥ 46,243","7","B0854JKLKY","","109","41.1","36","9510"
"Maker hart Just Mixer ステレオ3入力音声ミキサー/電池とUSB電源可能 (ブルー）)","7325","10","","68","¥ 6,900","","2","B07DRB8LJ3","B0GYKMDB2P","15.8","13.4","5.1","210"
"UNIVERSAL AUDIO UAFX STARLIGHT Echo Station UAFXシリーズ 6.5*9.2*14.1 cm 国内正規品","7325","3","","1","¥ 55,000","","4","B08VDTB172","B08VGR3WHN","18","12.4","8.2","800"
"Aostin オースティン ウクレレ テナーサイズ ハワイアンコア スロテッドヘッド AT100(国内保証書・チューナー・教則本・コードチャート・ギグバッグなど8点セット) (テナー)","10541","2","","109","¥ 19,800","","1","B07D1Z65QB","B07D1ZXKDJ","68.3","28.5","9.5","1480"
"KC ギタースタンド 6本立て スタンドケース GSC150/6 (エレキギター、ベース、アコギ、クラシック用)","4770","8","","93","¥ 18,867","¥ 18,867","3","B0010HMYQA","B014QWIIHE","69.5","56.2","15.6","8582"
"山一木研 ピアノ補助ペダル 黒 M-60R+","10560","6","","5","¥ 52,785","¥ 52,785","3","B0BGHZQ5CP","","47.2","38.3","29.2","7300"
"Neumann ノイマン TLM 103 MT MONO SET ラージダイアフラム EA1 アルミケース 【国内正規品】 008509 マットブラック","7351","11","","73","¥ 246,510","","6","B008ZT8DG6","B0D35RQQT6","40.6","35.6","17.8","3697"
"CASIO(カシオ) 純正 イス CB-7WE ホワイト","10566","6","","49","¥ 10,450","¥ 10,450","9","B005F1776E","B00DFUIMAM","66","35.8","10.6","7180"
"audio-technica ダイナミック型ボーカルマイクロホン AT-VD3","7362","6","","36","¥ 5,680","","2","B00008B5BL","","18","12","5","350"
"Wilkinson WJN03 E-Z-LOK L3+R3 ギターペグ ギア比19:1 エレキギター/アコースティックギター用ゴールド","10577","6","","54","¥ 5,120","","2","B0C537F4B7","B0C65DL6VW","20.4","5.9","4.2","280"
"Kirnuo アコースティックギター初心者15点セット 38インチ 初心者練習ギター 学生 子供 大人 初心者向けギターセット アコースティックギター クラシックギター 弦 チューナー ギターバッグ 教則本 (38インチ,ライトブルー)","10607","2","","1","¥ 7,999","","1","B0DNPZVL8Z","B0DNPS84JS","97","40","11","2500"
"MXR エムエックスアール RR104C Randy Rhoads Special Edition Distortion+ ディストーション ギターエフェクター","7371","11","","2","¥ 30,500","","24","B0FSK158TT","","13.8","8.9","6.4","520"
"BOSS KATANA-HEAD GEN 3 ギターアンプ ヘッド 第3世代 100ワット 多機能 5インチスピーカー搭載","7379","4","","8","¥ 55,000","","5","B0D4YPDTD1","","55","31","30","10680"
"WALRUS AUDIO ウォルラスオーディオ Canvas Power Supplies パワーサプライ WAL-CANV/PWR15 電源アダプター付属","7380","9","","35","¥ 54,230","","13","B0D29LV65D","B0D7PX6F9F","46.1","15.7","9.4","1875"
"POPOLO ポポロ オカリナ CONCERTO(コンチェルト) ソプラノC 赤土 NC-SC","10584","10","","","¥ 11,334","¥ 11,334","1","B0GV3YWSYW","B0GV3Q7WYT","20.2","14.1","6","190"
"Squier by Fender エレキベース Classic Vibe '60s Precision Bass®, Laurel Fingerboard, 3-Color Sunburst ソフトケース付き","7385","4","","74","¥ 65,560","","7","B07N29RFB7","B07QGJF1LW","132.1","39.4","10.2","5534"
"SHURE シュア SLXD24+/58 SM58®CardioidダイナミックMicrophone搭載 DigitalワイヤレスハンドヘルドSystem 1chデジタルワイヤレス受信機 マイク 送信機セット【国内正規品/メーカー保証2年】","10601","12","","","¥ 123,549","¥ 123,549","1","B0GMGX6TPV","B0GQXK8XF9","45.7","35.1","11.4","2880"
"Edifier 32W G2000 RGB 2.0ch ゲーミングスピーカー 小型 音質高 | アンプ内蔵 アクティブ PCスピーカー","7096","19","","660","¥ 15,048","","1","B0B6ZHCRB8","B0H1RCGZLN","23.6","22","14.1","1890"
"スヌーピ ーリードケース テナーサクソフォン（5枚入）ブラック","7397","2","","23","¥ 6,500","","1","B003YR80KS","","13.5","10.8","2.3","168"
"IPIC 遮音シート Kasumiカスミ 厚さ1.2mm【36枚】 面密度約2.1kg/m2 30cm×30cm お手軽・簡単設置 軟質 防音シート 遮音材 音対策 室内 楽器 録音 音漏れ 騒音 3.24㎡（36枚）","7398","1","","8","¥ 5,306","","1","B0D8SMDFLT","B0DBPF7W12","30.9","30.5","4.2","7030"
"Roland/TAIKO-1 電子和太鼓 Electronic Taiko Percussion","10595","10","","10","¥ 157,080","","7","B08QMXX97F","","60.2","43.2","20.2","6520"
"Demonfx PRECISION DRIVE/OverDrive - Distortion オーバードライブ - ディストーション ハイゲイン ギター エフェクター","10615","5","","1","¥ 8,680","","1","B0FNKZ9CKC","","14.9","8.7","7.1","280"
"BEHRINGER ベリンガー ULTRAPATCH PRO PX3000 パッチベイ","7414","22","","394","¥ 14,300","¥ 14,444","4","B000CZ0RII","","53.1","15.4","8.9","2090"
"MEINL マイネル HCS シリーズ スタックシンバル 14"" Trash Stack HCS14TRS 【国内正規品】","10612","5","","394","¥ 19,800","¥ 20,000","3","B00SO5YYNM","B0FS555JGZ","36.8","36.8","1.8","1306"
"Amecke ステージ照明用調光器、パーライト・ビームライト対応、ワンタッチ操作、内蔵 100 シーンメモリ、LCD ディスプレイ付き、DMX512 照明コントローラー、192 チャンネル搭載、ライブ・バー・イベント運用に最適 (ブラック)","10644","4","","1","¥ 7,400","","1","B0GTLCCQ2C","B0GTL7VTZN","32","16","10","2000"
"ZEMAITIS ゼマイティス ギターストラップ Embossed Leather Strap","10621","9","","11","¥ 7,370","¥ 7,377","5","B094VHK272","","87","7","3.5","220"
"NEO by OYAIDE Elec Ecstasy Cable LL/0.15 パッチケーブル ギターケーブル","10618","6","","3","¥ 5,500","","2","B0B11B2R15","","16.1","11","1.2","50"
"ヤマハ YAMAHA アコースティックギター ショートスケール CSF3M TBS","7422","9","","18","¥ 75,556","¥ 75,556","3","B079T53M3C","B07BKDMB6P","104.5","50.5","18.8","4260"
"Effects Bakery エフェクツベーカリー An Bread DI [EB-ABDIn] / アンプ スピーカーシュミレーター ギターエフェクター","10608","6","","6","¥ 5,170","","5","B0B1TNJN61","B0B6BKDSHK","10.2","6.6","6","160"
"オヤイデ NEO by OYAIDE/G-SPOT CABLE LS 3.0m【オヤイデ】","10656","5","","3","¥ 5,940","","2","B00V4OG92Y","","20.8","17.8","2","220"
"Fender エレキギター Made in Japan Traditional 60s Jazzmaster®, Rosewood Fingerboard, 3-Color Sunburst","7428","7","","12","¥ 145,800","","7","B084W92JXR","B0859J7LF8","120","50","20","5000"
"electro-harmonix/NANO PULSAR トレモロ エレクトロハーモニクス","7448","4","","17","¥ 17,875","","15","B09Y2XGG8B","","18.5","15.7","10.8","350"
"Providence プロビデンス シールドケーブル H207 3m S/Lプラグ（ストレート/L型）","10662","10","","1","¥ 6,358","","4","B0CN5DQ39G","B0CN5LKKB4","25","22","4","250"
"Ornatego アコースティックギター 10点セット 38インチ 初心者用 入門用 学生 子供 大人向け 練習用 ギターセット 弦 チューナー ピック ギターストラップ 持ち運びケース付き 練習効率アップ (ピンク)","10686","2","","","¥ 6,200","","1","B0G5XLYSL6","B0G5WPKDVD","98","40","20","3000"
"SHURE GLX-D1+ボディパック型送信機 単品 買換・追加/2.4GHz 簡単・安定接続/最大17時間連続使用/最大60mの到達距離/GLX-D+ デジタル ワイヤレスシステム 【国内正規品】","7476","8","","","¥ 42,100","¥ 42,100","7","B0BXX57YLG","","28.6","13.4","8.2","380"
"Roland ローランド JU-06A サウンドモジュール Sound Module スピーカー搭載 乾電池駆動 Boutique JUNO-60","7478","9","","154","¥ 60,500","¥ 61,111","4","B07XHRNL6L","","35.4","18.2","8.1","1440"
"KORG(コルグ) サンプラー シーケンサー electribe sampler electribe2S エレクトライブ メタリックレッド ダンスミュージック 音楽制作 ライブパフォーマンスに最適 Ableton Liveと連携 ELECTRIBE2SRD","7464","3","","195","¥ 39,900","¥ 56,978","5","B01IQXTABM","B01NA67VR1","48.4","24","7.7","2470"
"MEINL Percussion マイネル マラカス Rawhide Maracas ペア Jumbo MSM4 【国内正規品】","10684","5","","3","¥ 14,000","¥ 14,000","1","B00184Y90O","B011TQ75MO","32","15","11.7","454"
"Fender '51 Precision バスブリッジカバー クローム","7486","3","","35","¥ 5,540","","20","B07CF86CV2","","13.7","11.2","1.8","100"
"Jake Shimabukuro ジェイク・シマブクロ・オリジナル・ウクレレストラップ","10694","6","","22","¥ 8,300","","3","B01M7Q0BLG","","28.3","19.6","2.5","80"
"MEINL Percussion マイネル コンガヘッド HEAD 12"" HHEAD12C 【国内正規品】","10717","4","","14","¥ 9,525","¥ 9,525","1","B00A0HGFYI","B07P2G5SDG","34.3","33.5","2.8","520"
"TOPPING TCX1 オーディオファン 6N単結晶銅 XLR バランスライン XLRオス TO XLRメス プロフェッショナル オーディオケーブル (75CM)","38918","3","","13","¥ 7,000","","1","B08QJBMFBN","","21.3","15","6.8","410"
"ジルジャン ローボリュームシンバル セット L80 LV38","10733","9","","51","¥ 38,610","¥ 43,333","42","B013HS1VD6","B01MPWE5P7","55.9","54","10.4","3570"
"ヤマヨ モンキータンブリン 200","10734","5","","13","¥ 5,000","","1","B00KD3F7ES","B075S556XB","34.4","34","6.6","520"
"マグナカート MCKバンジーコード付キャリーカート","10753","3","","1","¥ 9,594","","1","B0C1NLXL6F","","64.5","40","6.5","3500"
"ヤマハ YAMAHA トランペット YTR-4335GSII","7556","3","","","¥ 168,300","","5","B007G3T4PQ","","60","39","26.8","6340"
"BOSS Overdrive OD-1X","10757","11","","78","¥ 22,000","","10","B00IPUGJDE","","15","10","5.6","420"
"KORG シンセサイザー ワークステーション KROSS 2 61鍵盤モデル Super Matte Black [KROSS2-61-MB] + 純正ソフトケース SC-KROSS2 61 + ペダルスイッチ PS-3 セット","10779","7","","3","¥ 84,700","","3","B077ZPCNGD","","125","50","25","6000"
"Wampler Pedals/ワンプラーペダル Tumnus Overdrive","7594","8","","6","¥ 28,200","","90","B01BKE1AY4","","16.4","10.1","8.5","280"
"Blackstar （ブラックスター）ベースアンプ Debut Bass 15 クリーン&オーバードライブチャンネル/15W/ライン入力/ヘッドフォン出力/自宅練習や録音にぴったりなシンプルかつ本格的なベースコンボアンプ","10814","4","","","¥ 22,800","","8","B0FWX7FDBK","B0FXWMV4H6","40","38","29","7440"
"AOUDNアルトサックスケース 調節可能なショルダーストラップ付き ダブルバックポータブル厚手、余分な収納スペース付き、耐久性、耐衝撃 ステージ演奏用 (26*15*62cm)","10806","5","","","¥ 7,589","","1","B0G2B9RKV3","B0G2BCW2W9","65","30","20","1500"
"EVANS エヴァンス バスドラムヘッド G1 コーテッド BD22G1CW / G1 Bass Heads Coated White (single-ply,10mil) 22インチ 【国内正規品】","10819","3","","64","¥ 8,604","¥ 8,604","2","B0029ZANT2","B00W375QMK","58.4","58.4","2.5","839"
"SHURE RPM626 インラインプリアンプ シュア","7613","1","","64","¥ 19,073","","75","B008YLIRJ8","","20.1","16.9","12.8","292"
"LARSEN Virtuoso ラーセン ヴィルトゥオーソ バイオリン弦セット (Medium ミディアムゲージ) ボールエンド","7628","2","","7","¥ 13,300","","2","B00B5EXFVG","B00B5EXFLG","10.3","10.3","1.2","18"
"2nd Factor / APU-2s / ウクレレ用コンタクトピエゾピックアップ /パッシヴタイプ","10850","4","","3","¥ 18,700","","3","B00OOJFS5K","","11.5","7.5","3","83"
"Squier by Fender スクワイヤー エレキベース Affinity Series® Precision Bass® PJ, Maple Fingerboard, Black Pickguard, Black ソフトケース付き","7634","4","","86","¥ 43,780","¥ 43,820","4","B091BJYLB3","","127","38.1","10.2","5103"
"Live Line レザーギターストラップ スタンダードスタイル ステッチ入り LM45CAM キャメル","10866","5","","8","¥ 5,980","","2","B08YN58SXM","B0CM6HCGN8","1","1","1","500"
"ARTURIA BeatStep Pro コントローラー&シーケンサー","7637","2","","9","¥ 39,393","¥ 43,333","8","B019OEJ41I","","53.5","24.5","7.5","2680"
"Roland V-02HD MK II ストリーミングビデオミキサー","7656","1","","1","¥ 61,000","","","B09H6FX682","","27.8","20.4","16.3","1320"
"Fender ギグバッグ FBT-610 Electric Bass Bag, Tweed","10884","3","","136","¥ 10,000","¥ 10,000","2","B07G32R8WG","","66","43.2","14","912"
"GEBYUI音木一対 拍子木 仏具 お盆用品 寺院仏具 密教法具 仏教儀式用品 仏壇仏具 法要用品 仏教法具 仏前供養用品 和風仏具 仏教寺院用品 伝統仏具 仏事法要用品 仏教アクセサリー (22cm*2)","10886","2","","","¥ 5,086","","1","B0GSPMZWP3","B0GSPSV4J9","9","6","5","500"
"Decksaver 保護カバー Teenage Engineering TP-7対応 – スモーククリアカラーの超耐久性ポリカーボネート保護蓋","48349","1","","2","¥ 16,478","","6","B0FR5BSY5Y","","29.8","17.5","2.2","60"
"electro-harmonix エレクトロハーモニクス エフェクター ハム・エリミネーター Hum Debugger 【国内正規品】","7672","5","","99","¥ 26,455","","2","B000NUXNWE","","18.7","15.7","8.2","651"
"Fender フェンダー 日本製レザーストラップ Ken Signature Strap, Black","10868","3","","3","¥ 27,500","¥ 27,526","3","B0BJ22L2DB","B0FNT474JN","20.4","16.5","9","300"
"TC HELICON メガホン ディストーション VOICETONE X1【国内正規品】","7680","6","","88","¥ 22,800","","3","B00504BLLS","","16.5","14.5","8.6","771"
"ROLAND SPD-SX SE Sampling Pad Special Edition サンプリングパッド 電子パーカッション","10882","4","","75","¥ 123,200","¥ 124,444","7","B0772F21M8","B0FQ56G9PZ","43.2","40.6","12.7","1134"
"ゼンオン コントラバス ソフトケース S 4/4","10880","3","","1","¥ 22,000","¥ 22,000","2","B00LUGJXVU","B01IGWJNRO","47.2","40","4.4","1200"
"オオサワオカリナ iシリーズ Single シングル SF-Si ソプラノF調","7691","2","","11","¥ 28,400","","5","B07BK2WVLL","","21.8","14","7","440"
"Strymon 『TimeLine 』(タイムライン/ディレイ・マシーン) [国内正規品]","7693","7","","73","¥ 77,700","","9","B008GTFEDK","","25","14","9.5","880"
"ベリンガー Behringer クラシックスタイルオクターブぺダル 伝説的な70年代の回路を再現 様々な機能を搭載 堅牢な筐体 OCTAVE DIVIDER WHITE","10899","3","","13","¥ 13,200","¥ 13,333","9","B09NR6GK9S","","24.9","15.7","8.6","1021"
"Pearl パール トレーニングパッド用スタンド TP-6N/TP-6NU専用 TP-6SN","10901","7","","","¥ 5,657","¥ 5,657","4","B08783LKD6","","48","7","2","1400"
"MEINL Percussion マイネル アゴゴ Modern Style A-GO-GO Steel Finish Model Small STBAG1 【国内正規品】","16617","2","","27","¥ 11,642","¥ 12,000","3","B0018T9TKO","B011TPOI5M","28.7","16.5","9.6","559"
"KSM8 Dualdyne™ カーディオイド･ダイナミック･ボーカルマイクロホン (ブラッシュド・ニッケル)","7716","3","","4","¥ 68,500","¥ 68,500","5","B0BDRB9VFB","","33.8","15.6","12.5","720"
"KC ミニ鉄琴 8音 SB6000-8K","10929","4","","9","¥ 7,562","¥ 7,562","2","B000TV2XK0","","35","26.9","6","1126"
"ヤマハ YAMAHA パワードスタジオモニター HS7W","7730","6","","","¥ 25,728","","6","B00I00C8ES","","47.4","36.2","32.2","10320"
"【 GOTOH Pickups 】 ストラトキャスター用 シングルピックアップ ST-Classic センター用 GTPU-ST-CLS-M","10933","2","","4","¥ 5,480","","2","B005VMARE6","","11.1","8.1","3.4","127"
"RODE Microphones ロードマイクロフォンズ NT3 コンデンサーマイク NT3","7733","2","","20","¥ 46,693","","32","B0002PSCQW","","27.2","13.2","5.6","703"
"ベリンガー ギターエフェクター フランジャー コーラス フェイザー ディレイ トレモロ ピッチシフター マルチ DIGITAL MULTI-FX FX600","7747","5","","1464","¥ 6,165","¥ 6,165","4","B000RVWY42","","16","9.4","6.3","450"
"TRUE DYNA トゥルーダイナ ケーブルプロテクター ワイド収納タイプ 溝数5 TDCA-PTR05 (耐荷重:40トン)","10955","2","","7","¥ 17,050","¥ 16,538","3","B0834PJN9F","B084B7KDL9","95","50","5","8580"
"Free The Tone SL-5L-GD-10K ソルダーレスケーブルキット","10954","3","","1","¥ 23,100","","2","B07T7ML34B","","16.8","12.5","2.8","240"
"Pearl パール アダプター AX-25L","10975","4","","66","¥ 6,358","","2","B0002DX7EQ","","34.4","16.3","11.2","730"
"Sennheiser ゼンハイザー XSW-D PORTABLE BASE SET ポータブルベースセット 【国内正規品】 508621 XSワイヤレスデジタル","7762","2","","19","¥ 33,000","","1","B07STMY313","B08DM3SSXK","24.2","11.8","7","329"
"Jim Dunlop ジムダンロップ JH28 LOVE DROPS BLACKLIGHT STRAP PINK ジミ・ヘンドリックス ギターストラップ","7763","3","","2","¥ 7,040","¥ 7,054","9","B0F8RHJSD9","","22.2","11.4","5.5","120"
"Jim Dunlop(ジム ダンロップ)ハイブリッド ベース弦 5弦用 45-125 Dual DynamicLayered Twin Alloy Hybrid Wound Nickel Bass Strings : DBHYN45125","10966","5","","56","¥ 5,786","¥ 5,786","4","B0CHL49ZD3","B0D46SRLDX","16.8","15.1","1.8","164"
"【正規輸入品】USB-MIDI変換ボックス・USB MIDI HOST","10974","3","","54","¥ 12,650","","1","B07B8XGD16","","16.2","12.4","6.6","480"
"BONAOK ワイヤレスブルートゥース対応カラオケマイク iPhone/アンドロイド/アプリ/ソニー/ PC用3イン1ポータブルハンドヘルドカラオケマイクスピーカーマシンホームパーティー誕生日卒業ギフト/全て スマートフォン ブラック","10976","3","","8158","¥ 11,254","","2","B0773M39P6","","25.3","8.7","8.2","422"
"MACKIE マッキー 10チャンネルアナログミキサー WITH ENHANCED FX、USBレコーディング&BLUETOOTH ProFX10v3+ 国内正規品","7777","3","","2","¥ 49,800","","1","B0D6V5QRH3","","38","32.8","10.8","2950"
"Dreld 虹色チャクラ音叉 8本セット 青＆黒ハンマー付属 ソルフェジオ周波数 ヒーリングツール","7779","9","","2","¥ 9,950","","1","B0BK4C1P4C","","33","22","4.2","810"
"QUIKLOK クイックロック キーボードスタンド T22","10999","3","","209","¥ 11,369","","2","B0049B3FZI","","125.7","61","33","14696"
"VIC FIRTH ティンパニマレット アメリカンカスタム T5 ウッド VIC-T5","10989","2","","40","¥ 8,250","","11","B0002HU6SM","B0CYC3PKG1","47.1","12.3","2.9","120"
"こおろぎ 毛巻マレット SP-554R","10997","2","","","¥ 7,769","¥ 7,769","2","B01911WUTC","","52","13.5","4","50"
"KRK ケーアールケー (2本1組ペア販売）ROKIT G5 パワードモニタースピーカー RP5G5 SET 【国内正規品】","11027","3","","","¥ 79,200","¥ 79,200","2","B0DXC1XYH4","","52","40","32","13120"
"Native Instruments Traktor MX2 DJコントローラー","7795","4","","51","¥ 61,600","","8","B0FVFZGYXJ","","65.6","41.6","11.7","3780"
"WALRUS AUDIO ウォルラスオーディオ Fundamental Series Fundamental Ambient リバーブ アンビエント WAL-FUN/AMB","7797","4","","95","¥ 21,579","","24","B0CVBHN358","","12.4","8.2","6.5","296"
"フロイドローズスペシャルシリーズブリッジサドルセット-アンティークブロンズ","11019","5","","171","¥ 7,342","","26","B0167JFGM4","B0D8M362Z2","15.9","8.3","2.3","100"
"MEINL Percussion マイネル タンバリン Traditional ABS Tambourine Brass Jingles TMT2B-BK 【国内正規品】","11027","2","","12","¥ 11,814","¥ 13,000","2","B0002EWV9W","","35.1","28.7","8.1","940"
"Way Huge (ウェイ ヒュージ) WM71 Smalls Aqua Puss スモールズ アクア プス ディレイ","11024","1","","8","¥ 34,100","¥ 34,100","7","B07BWQP4ZK","","12.6","7.4","6.2","250"
"ローランド ROLAND KSC-90-BK ブラック FP-90専用スタンド","11059","2","","6","¥ 23,100","","4","B01M36H1ZF","","137","42","22","15150"
"柳澤管楽器 Yany Ligature リガチャー エボナイト用(逆締め/1つネジ) ソプラノサクソフォーン 用 金メッキ仕上 ヤニー・ニコちゃん","11061","3","","2","¥ 10,000","","3","B09CYSD9ZM","","11.8","6.7","4.5","20"
"DUAL INPUT PREAMP PROFESSIONAL","11028","2","","1","¥ 36,300","","2","B0BFB2Y7CX","","15.3","11.3","7.7","420"
"Fender Vintage Noiseless Start Pickup, White","11045","2","","12","¥ 17,701","","10","B003AYM80I","","15.2","15.2","2.5","45"
"DBX djDi | 2チャネルパッシブダイレクトボックス","7834","1","","107","¥ 13,647","","26","B01D3UX2JE","","13.7","7.9","4.9","450"
"バンドーレン アルトクラリネット リガチャー オプティマム(Optimum) プラスチックキャップ付き (LC03P)","7838","1","","5","¥ 14,960","","13","B003FHUA6Y","","12.2","5.3","5.1","10"
"MACKIE マッキークリエイティブリファレンスモニタースピーカーwith Blueltooth CR4-XBT 国内正規品(2本1組ペア販売）","11038","2","","9","¥ 22,990","","","B08GHDGHK7","","42.8","28.2","23.1","5250"
"TASCAM リニアPCMレコーダー 24bit/96kHz対応 DR-100MKII","11075","3","","77","¥ 38,500","","1","B006A8AFOC","","27","20","11","860"
"MEINL Percussion マイネル カホン Snare Craft Cajon ブルーバースト SC100BLB 【国内正規品】","11042","3","","","¥ 26,970","¥ 26,970","2","B0CQ4LG54C","","56.8","35.9","33.8","4670"
"【GOTOH PICKUPS】ジャズベース用ピックアップ JB-Classic 日本製リア用GTPU-JB-CLS-B","7850","3","","","¥ 7,113","","1","B01414LHUW","B01GTCTRUQ","11","8.4","3.6","220"
"SPRESENSE用 マイクキット Mic&LCD KIT","7850","2","","3","¥ 15,000","","1","B0948QR49B","","21.5","12.5","3","80"
"ヤマハ YAMAHA エレアコギター AC3R VN ARE","11054","2","","5","¥ 107,702","","2","B06XDMD4TR","B01K1IOJWA","119.3","59.7","20.4","6600"
"Soundmatic チェロ用エンドピンストッパー SM-700、可動式エンドピン内蔵、特殊ポリウレタン樹脂台座、ブラック、滑り止め機能付き","4816","4","","","¥ 5,067","¥ 5,067","1","B0GQY518XH","","8.1","6.8","2.2","100"
"MyVolts mickXer 5チャンネルパッシブミキサー(ステレオ５入力／1出力) / 低ノイズ/赤","11061","3","","46","¥ 6,899","","10","B07XLLXVVH","B085YCQK2R","20.2","11.6","2.2","73"
"K&M ( ケーアンドエム ) 折り畳み式譜面台 ブラック 10065B","11086","4","","556","¥ 11,249","","9","B0009JR9YC","","49.3","10.2","6.6","1837"
"Epiphone EB-3 Bass Ebony ベース (エピフォン)","7880","2","","32","¥ 55,220","","1","B0002CZU0G","","141","52.1","17.8","7031"
"AOCIR 簡易防音室 1人用 吸音パネル 防音ボックス 防音室 卓上パーテーション 防音ブース、 遮音 シート パーソナルブース パーテーション フェルトボード 防音壁・ 防音シート リバーブとノイズフロアを排除します 録音・会議・放送用 マイク防音 録音吸音材 飛沫防止 ＊LEDライト付き (ブラック)","7884","1","","","¥ 21,111","","1","B0GW4YXPZQ","B0GW4PFZVC","86","86","17","3400"
"Playwell マルチエフェクトギターペダル TANK-G デジタルエレキギターエフェクター 36種類の編集可能なプリセット、コーラス、ディレイ、リバーブ、MOD、IRローディング、録音、チューナー、内蔵バッテリー、BT、ヘッドホンジェイク。","7886","1","","321","¥ 19,597","","2","B0CPDYLXL6","","34.6","9.3","6.7","790"
"schlagwerk(シュラグベルク) Schlagwerk シュラグヴェルク カホン スーパー・アジャイル ブラウン・シュガー SR-CP584","11123","2","","12","¥ 59,840","","2","B084JQHGHP","B097TD5DLD","50.8","30.5","30.5","5443"
"basiner ベイシナー ギターストラップ SENSE STRAP 2WAYGRIP ストラップロック構造 高密度弾性ウェビング ピック収納ミニポケット搭載 SENSE STRAP 2W Black/Khaki 【国内正規品】","7888","1","","","¥ 6,116","¥ 6,408","4","B0D95JS6RT","B0DDKQCX47","70","8","3","400"
"Denon DVDカラオケソフト TJC-202","7904","2","","1","¥ 8,558","","3","B0013FPLX2","","14.2","12.4","1.2","82"
"ZILDJIAN L80 Low Volume Singles 14"" HiHats Pair ハイハットシンバル","7907","1","","51","¥ 37,400","","49","B07CD628QZ","","44.8","36.6","5.6","1388"
"MXR Super Badass Dynamic O.D. スーパー バダス ダイナミック オーバードライブ M249 【国内正規品】","11102","3","","1","¥ 26,400","","6","B0BPLTPX8P","","14.1","11.2","6.7","310"
"Free The Tone CUI-6550STD 4.0m S/L ギターケーブル","11104","2","","1","¥ 10,230","","2","B07PS47K3D","","31.5","12.4","2.8","310"
"ヤマハ YAMAHA スピーカーシステム NS-AW592B","11108","3","","2","¥ 28,355","¥ 31,600","6","B004TD4RMG","","41.2","38.6","28.4","6900"
"新登場デジタル管楽器 電子サックス、13 トーン調整可能なボリューム、学生、ティーンエイジャー、教師、大人、高齢者向けのポータブルミニデジタル電子管楽器セット初心者向け (S56 13トーンエントリーモデル)","22261","4","","","¥ 14,599","","1","B0FLVQNBTR","B0FLVFB56S","50.8","8.6","4.1","1000"
"Schlagwerk シュラグヴェルク カホン・ラ・ペルー ""ビーチ・ウッド"" SR-CP4005","11107","1","","1","¥ 57,420","","1","B004PPLR26","B097TD5DL9","55.4","36.6","36.1","5897"
"純銅鈴 白銅 ベルを鳴らす ヨガチベットシンバルベル サロヤンシンバル ジルズ フィンガーシンバル チンシャ シンバル ベル シンバルチャイム ティンシャ シンバル ベル (直径8.5cm)","25459","1","","","¥ 5,296","","1","B0DWFFF9QX","B0DWFGRVST","8","8","5","200"
"TAMA タマ 1st.Chair 14""ラウンドライダー PVCトップシート HTS4B","11134","2","","5","¥ 10,345","¥ 10,345","2","B01N2VTC5K","B0FGD3PZ3R","38.6","38.4","22.6","2940"
"ラップスチールギターバッグ、コットンパッド入りソフトサイドデザイン","11137","2","","55","¥ 7,918","","2","B0BYZ7CM9Y","","31.1","27.9","11.7","962"
"Randon アコースティックギターピックアップ ピエゾコンタクトピックアップ ギターウクレレバイオリン、マンドリン、バンジョー、カリンバ、ハープ用","11156","4","","464","¥ 7,428","","6","B07SXBRZKF","","11.3","8.7","1.9","32"
"SE ELECTRONICS コンデンサーマイク ブラック (BL8-OMNI)","7956","2","","15","¥ 58,250","","30","B0CNHC9VD8","B0HD8467HQ","21.1","14.5","6.3","845"
"Fender フェンダー ピックアップ ベース用 Custom Shop '62 Precision Bass Pickup set 『並行輸入品","11157","1","","4","¥ 20,980","","1","B00KU1KOGO","","13.2","12.3","3.7","240"
"GRETSCH エレキギター G5230T Electromatic® Jet™ FT Single-Cut with Bigsby®, Laurel Fingerboard, Cadillac Green","7962","2","","14","¥ 89,600","","10","B08D3X151L","","114.6","38.2","12.8","5148"
"【国内正規輸入品】 GROVER グローバー ギター・ペグ V97G 3:3用6個セット ゴールド","7966","2","","8","¥ 12,980","¥ 13,111","3","B019GX1LQS","B06XRMXTMR","22.7","11.8","4.6","190"
"デジタル イコライザー、オーディオ スペクトラム アナライザー、オーディオ イコライザー デュアル チャンネル 15 バンド イコライザー、ステレオ グラフィック イコライザー ステレオ イコライザー","11171","1","","","¥ 8,037","","1","B0DDXWJS71","","26","6","4","297"
"PROTEC プロテック A271NB ネイビーブルー トランペット用マウスピースケース 1〜4本収納可能","11202","2","","2","¥ 7,900","","11","B0CXGZXGPJ","","20.9","20.5","4.6","191"
"MEINL Cymbals マイネル Classics Custom Dark Series ハイハットシンバル 15"" Dark Hihat CC15DAH 【国内正規品】","7968","1","","23","¥ 47,520","¥ 48,000","4","B01N7R6Q8W","B0F9NRHBG1","38.4","37.7","9.4","2790"
"AxcessAbles 1/8 (3.5mm) TRS - 1/8 (3.5mm) TRS バランスミニジャック ステレオパッチケーブル | ヘッドホンジャック | 1/8 AUXケーブルバンドル | 3.5mmステレオAUXオーディオケーブル マルチカラー 6本パック (1フィート)","11169","3","","127","¥ 6,222","","11","B07NMRP349","","25.4","6.9","3.2","83"
"De Gregorio 【デ・グレゴリオ】カホン トカヨ モリスコ オリジナルバッグ付 Tokayo Stripe NAT","19261","2","","","¥ 77,778","¥ 77,778","1","B09Z7PTSL8","B0B9GB8DWW","52.8","33.3","33.2","5620"
"ibasenice OOE保護ボックス 収納ケース オーボエプロテクター 楽器バッグ フ","11187","1","","","¥ 7,209","","1","B0F8NPVDWM","","37","31","7.7","629"
"FWYTT ピアノカバー トップカバー ピアノ掛け 防塵 アップライト トップ 標準直立型 電子 フル おしゃれ シンプル 北欧 レース 優雅 間口148-153cm通用 遮光 軽量 防塵 (単品＋単人用スツールカバー,I)","6471","4","","","¥ 8,590","","1","B0GCS93P89","B0GCRTJ1XZ","50","40","16","1500"
"Fender フェンダー ショートスケールエレキベース Player II Mustang® Bass PJ, Rosewood Fingerboard, Coral Red ソフトケース付き","11193","1","","","¥ 99,980","¥ 100,990","2","B0D2LQY6PS","","125","45","20","7500"
"ProBucker Alnico 2 ハムバッカー ピックアップ セット クローム ギブソン レスポール ピックアップ用、ネックとブリッジピックアップ 2-コンダクタークイックコネクト端子付き、2V2T 配線ハーネス、ビンテージトーンアップグレード","19283","4","","19","¥ 8,179","","1","B0F25Z2GD8","B0FJ7F23ZK","13","9","8","550"
"ネオテック チューバ・ハーネスストラップ PAD-IT レギュラーサイズ カラー：ブラック","8007","1","","84","¥ 24,979","","7","B0735NJSNJ","","50.3","16.6","5.8","420"
"Earth Quaker Devices オーバードライブ Dunes","14171","1","","9","¥ 39,600","","1","B071G62C9K","","14.2","8.4","8.1","363"
"Frezon ムービングヘッド 8ゴボ ステージ照明 rgbw led dj dmx ー ディスコパーティーライト","11216","3","","","¥ 10,890","","1","B0FNJG2PXR","","33","23","22","2750"
"YANAGISAWA マウスピース メタル 銀メッキ仕上 テナーサクソフォーン サイズ:5(オープニング:2.00m/m フェイシング:24.00m/m)","11257","1","","1","¥ 46,000","","1","B003VGSQTM","","14.4","8.5","5.2","156"
"BtcFuバスドラム練習パッド 静音 サイレント ドラムペダル練習用 大きな打撃面 シングルペダル 互換性 安定性 調節可能フットスパイク 持ち運び簡単 コンパクトデザイン 自宅練習 マンション対応 防音 ゴム素材 耐久性 (グレーバスドラム練習機)","22423","2","","","¥ 5,899","","1","B0GWCLL6KC","B0GWCVSVLZ","32","32","15","3000"
"LUOGOXI クラシックギター、30インチ/ 34インチ、子供用フォーク天然木ギター、6弦フォーク初心者大人用シンプルバスウッドハンドメイドポータブルステージ楽器 (34インチ,オレンジ)","14211","3","","","¥ 6,309","","1","B0F98KHHFP","B0F984R3GG","91","38","11","2000"
"5ピース ミュート ローボリューム シンバル ハイハット クラッシュ ライド ドラマー練習用シンバル 初心者 ドラム練習向け ドラムセット用 (5ピース ミュート,ゴールド)","11227","2","","","¥ 10,980","","1","B0F8QH9BFB","B0F8QGDCKQ","1","1","1","1"
"D'Addario ダダリオ ギター用ペグ ストリングカッター内蔵 ロック式 Auto-Trim Tuning Machines クローム PWAT-6R1 (In-Line) 【国内正規品】","8031","2","","851","¥ 26,705","","1","B0002E2N90","B075XN9LVR","17.5","10.3","4.9","280"
"POIET ギター フラクタル フレットプレス 各種半径 フレットエレクトリック楽器 フレットプレス 修復ツール ボード 曲率 アコースティック","11233","1","","48","¥ 13,670","","3","B0F67D6VTS","","7.1","4.9","2.4","68"
"Ketomi アコースティックギター アコギ初心者用40/41インチ アコースティックギター メイプルトップ 入門練習 絶妙なラタンパターン (40インチ,ブルー)","11242","1","","","¥ 13,152","","1","B0GXZ9TPTM","B0GXZ9T6DW","106","42","12","3500"
"Thomastik-Infeld (トマスティック・インフェルト) ジャズギター弦 JS112 ML","11245","2","","","¥ 6,496","","1","B08GLHCN7Q","","14","12.2","1.5","50"
"Roland ブラックシリーズ 相互接続ケーブル デュアル1/4インチ~デュアル1/4インチ 5フィート","11278","2","","43","¥ 8,947","","18","B01HSDI3DW","B0C6JBX6PY","19.9","13.5","3.1","211"
"4枚入り 硬質吸音 フェルトボード 吸音パネル 800×600mm×厚さ9 mm 45度カットタイプ (ライトブルー（07）)","19349","3","","49","¥ 5,600","","1","B0711YXD1Z","B0734JYXML","82","62","7","3230"
"Youluck ジャンベ ハンドドラム、打楽器 民族楽器 、パーカッション、初心者から大人まで適しています (12インチ) (C,12インチ)","14235","2","","","¥ 14,866","","1","B0FSRBQB3T","B0FSR4G9LW","52","42","20","5000"
"Roland ローランド/JUNO-D8 [コンプリートセット！] PHA-4スタンダード鍵盤 88鍵シンセサイザー (JUNO-D)","11259","1","","","¥ 219,200","","1","B0DJ2L2SZ7","","150","45","22",""
"AZIEBAY 木製バイオリン、手作り、プロ用、子供用、大人用、オーケストラ用、初心者用、試験用ソロ楽器、組み立て済み","38513","1","","","¥ 7,900","","1","B0FCY4JBKT","B0FCYCBCK9","60","20","5","5000"
"Mackie ProFX6v3+ 6チャンネルプロフェッショナルアナログミキサー USB、オニキスマイクプリアンプ、GigFXエフェクトエンジン、Bluetooth付き","8068","1","","127","¥ 62,058","","9","B0CP69LX85","","30.6","24.2","10.7","1588"
"Lauten Audio (ローテンオーディオ) ドラムマイクホルダー RIM MOUNT","8077","2","","","¥ 22,000","¥ 22,222","2","B0FLP4H3YK","","22.5","16.5","5","450"
"ギタースタンドフロア ギターホルダー4個付き 3段ギタースタンド 複数のギター、アンプスタンド&クロス引き出し付きギターラック、ミュージックスタジオ用マルチギタースタンド、音楽愛好家へのギターアクセサリーギフト","8077","1","","281","¥ 18,189","","5","B0C7QXCL9J","B0FMQ9S84B","44.6","31.3","17.7","6459"
"GUILD (ギルド ギター) エレキギター SSH SURFLINER SUNSET ORANGE 【国内正規品】","11312","2","","22","¥ 79,200","","2","B09ZF8X2T8","B0CGD6TCR9","111.5","37.8","9.5","4990"
"ARTIGIANO&VIOLIN バロック用 チェロ テールピース メイプル","8081","1","","","¥ 6,980","","1","B01MZ0UVBX","","25.3","14.5","1.9","110"
"ａ aternee 【高遮音・簡単設置】ポータブルボーカルブース 防音ブース ホームレコーディングスタジオ 防音 簡単設置 サウンドアイソレーションレコーディングブース 録音ブース 防音綿 ステンレス構造 組立簡単 分解可能 持ち運び便利 エコー低減 ノイズ対策 歌手 ポッドキャスト ラップ 配信 宅録 スタジオ用 家庭用, S","19379","3","","1","¥ 24,970","","1","B0GRWRM3Y7","B0GRXJP3Z1","98","35","23","8520"
"Jマイケル ソプラノサックス SP-820GM","19389","2","","1","¥ 101,000","¥ 102,020","6","B002C2SKPG","B06XP6ZNWT","64","25.8","14.8","4600"
"SUZUKI スズキ ベース付 フルスケールコードハーモニカ BCH-48","11303","1","","1","¥ 132,000","","2","B0077PA9H0","","68.6","13.2","11.4","2449"
"Bullfighter エレキギター TLテレキャスター大人 初心者セット ロック プロ パフォーマンス エレキギター セット TLタイプ SSピックアップ (penoy)","10921","30","","37","¥ 14,999","","1","B0DG26P2WV","B0DQD3TM7F","104","36","8","5250"
"American DJ LL-400BLB、エリミネーターELBLK400、BLK400、CHAUVET ブラックシャドウ400 H400BL ブラックライト電球 Technical Precision - 明るい400w電球 UVブラック電球 - 1パック","11301","1","","24","¥ 14,061","","7","B07GXTP5J3","","30.4","13.5","13.3","349"
"Allies Vemuram/BBB-VM-SST/SRA-15f アリーズ・ヴェムラム ギターシールド ケーブル","11302","1","","","¥ 16,060","","2","B0BQHQTGHG","","30","30","5",""
"CAHAYA セミハード ギターケース PUレザー 防水 20mmクッション材 ネックピロー付 アコースティックギター","13361","22","","584","¥ 11,794","","1","B08FMMG1MH","B08R84K8YX","116","46","20.5","2600"
"4CH 5A/CH 定電圧 DMX512 & RDM デコーダー RGBW コントローラー 4チャンネル 調光コントローラー 12-24V 出力 PWM","11308","1","","29","¥ 6,962","","10","B072JVQBMD","","17.5","5.5","2.7","141"
"Rogue RLS-1 ラップスチールギター スタンドとギグバッグ付き メタリックレッド","11309","1","","","¥ 49,917","","115","B007T92H8S","","79.4","22.9","14","4627"
"BOSS/SY-1 Synthesizer","8125","63","","182","¥ 24,771","","18","B07V2D4M6D","","15.1","9.5","6.2","540"
"ゼンオン ハンド/タッチ兼用タイプ 20音セット ミュージックベル CBR-20T","8126","43","","23","¥ 19,800","¥ 23,176","11","B0041D2NNY","B085MCP3GR","46","20.4","17.4","1270"
"Fender フェンダー ギターアンプ FRONTMAN 10G 100V JPN DS Black","8149","55","","303","¥ 11,901","¥ 12,033","11","B01D8C67T4","B07X54YPZY","34.8","29.2","18.3","4640"
"DIMARZIO ディマジオ / ギターストラップ クリップロック ジョン ペトルーシ Black Nylon Blue Stitching 【国内正規品】 DD2200JP ブルー","9535","38","","20","¥ 5,940","","2","B00TUDOPYA","B01NCUVL14","31.6","15.1","6","340"
"EVAH PIRAZZI エヴァ ピラッツィ バイオリン弦A.D.G線セット","9675","38","","17","¥ 14,500","¥ 16,355","6","B01FVP327Q","B08VXST4K4","24.1","10.1","6.6","821"
"Roland ローランド バスドラムパッド KD-10 V-drums用ドラムパッド 静粛性 コンパクト 電子ドラム キックペダル別売","8157","52","","62","¥ 17,600","¥ 17,600","10","B07CXQ14FJ","","54.2","29.6","27.4","4220"
"ヤマハ(YAMAHA) ギター トラベラーエレクトリックアコースティックギター APXT2 NT 小型ながら本格的なサウンド ソフトケース付属 独自のピックアップシステム「A.R.T.」を搭載","9548","53","","147","¥ 26,224","¥ 26,224","8","B00A07HAGA","B01K1IMIWS","94.4","43.8","13","2800"
"LEKATO ギターアンプ 小型 アンプ Bluetooth対応 充電式 ポータブル ステレオスピーカー クリーン/オーバードライブ切替 ヘッドホン端子 AUX入力 練習用","8162","49","","12","¥ 5,699","","1","B0GD7FN61B","","16","11","9","660"
"KORG デジタル サンプラー volca sample2 シンセサイザー 電池駆動 スピーカー内蔵 ヘッドフォン使用可 どこでも使えるコンパクトサイズ","8164","38","","654","¥ 22,000","","11","B08G4G8P8P","","26.5","14.7","7.5","650"
"Neumann ノイマン TLM 102 STUDIO SET ラージダイアフラム EA4 紙パッケージ 【国内正規品】 008656 ニッケル","9638","47","","86","¥ 106,920","","6","B0051O2Y72","B0B74WBYZT","27.6","18","11","970"
"BOSS ボス 技CRAFT ファズ FZ-1W エフェクター コンパクトペダル ヴィンテージサウンド","8167","27","","44","¥ 21,111","¥ 21,111","9","B09MMH7698","","15.2","9.4","6.3","567"
"ONETONE ワントーン ロールピアノ (ロールアップピアノ) 61鍵盤 スピーカー内蔵 充電池駆動 トランスポーズ機能搭載 USB-MIDI対応 OTRP-61 [サスティンペダル/USBケーブル/日本語マニュアル付属]","9853","27","","3","¥ 6,173","¥ 6,173","2","B0CDFDVM18","B0DCK8X1QY","28.2","23.8","9.5","1300"
"Musiclily Pro ST-FAT60S スタッガード アルニコ2 シングルコイルピックアップ ネックミドルブリッジPUセット ブラック","10137","6","","4","¥ 5,140","","1","B0FZKHHVLF","B0G2M7BRJJ","13.3","12.4","6.2","250"
"Moukey ポータブル スピーカー Bluetooth ワイヤレスマイク 2本 カラオケセット家庭用 paセット 10インチサブウーファー 充電式 UHFマイク 録音MP3/USB/TF 8-20使用時間 (10インチ) MTs10-2","9105","45","","83","¥ 20,682","¥ 20,682","1","B0BRXH55PH","B0FMXYHZ29","66.7","42.2","36","11680"
"GATERON KS-33 ロープロファイル スイッチ リニア 3ピン (ホワイト, 110個)","8196","33","","3","¥ 7,999","","1","B0GRXWY21C","B0GS55RD7X","7.6","5.1","1.3","45"
"MAONO USB マイク コンデンサーマイク PCマイク セット 192KHZ/24BIT 単一指向性 タッチミュートボタン ゲイン調整ノブ USBケーブル付き 録音 ライブ配信 YOUTUBE ゲーム実況 在宅勤務 Windows/MacOS/PS4/PS5対応 AU-PM421","2793","50","","1466","¥ 6,749","","1","B085WQBM8M","B0GLPQ14BY","43.7","20.6","9.1","1429"
"Boya BY-V2 2.4GHzワイヤレスピンマイク360°全方向 無指向性マイク充電式 9.5g軽量 コンパクト自動ペア 50メートル安定受信 9時間連続駆動 プロ向け 本格的 録音 iOS端末向け iPad/iPhone用 YouTube/TikTokライブ配信 生放送 Vlog 動画撮影 司会・会議・授業・説明会 録音に適応 受信機×1 送信機×2 ブラック","8201","22","","67","¥ 7,340","","1","B0BPSRBNLF","B0DJR9123M","13.4","8.4","3.1","60"
"【国内検品済/鳴り良し 】KCU-1 初心者10点セット(KIWAYA Student Series コンサートウクレレ マホガニー材 初心者に最適)","10128","30","","1","¥ 19,803","¥ 19,803","1","B07L5J5RM3","B07BB2JC34","67","33.4","15.1","1970"
"JYX スピーカーセット カラオケマシン ワイヤレスマイク2本付き 家庭・パーティー・イベント用 イコライザーモード搭載 録音/USB/TF/AUX対応 プロ仕様 簡単接続 PAセット","2930","42","","55","¥ 8,980","","1","B0FQCCSVDC","B0H2F1FM11","39.4","31.3","19.2","3280"
"TASCAM(タスカム) US-2X2HR 2Mic, 2IN/2OUT 24bit/192kHzハイレゾ USBオーディオ/MIDIインターフェース Youtube 音楽制作 生配信 DTM","8208","68","","297","¥ 26,730","","4","B08MFMFYBP","B0DXZ268WV","25.9","18.6","14","1188"
"RODE Microphones ロードマイクロフォンズ NT1（第5世代） コンデンサーマイク ブラック NT1GEN5B","8209","44","","1406","¥ 42,097","¥ 42,097","37","B0BQHHZ1QQ","B0CQ3YNW3J","26.9","21.4","17.4","2224"
"【マイバチ工房 極】極スタンダード 金達人監修 朴（ホオ） ロール処理型 マイバチ ２ヶ月保証付き 光沢あり (WHITE)","9485","55","","218","¥ 6,980","","1","B0CWL3N52F","B08HHSQ3JT","44.1","11.1","3.9","230"
"Fender スタンド Fender® Amp Stand, Large","8220","29","","878","¥ 9,350","","8","B00LJY4886","B076BKDWCR","56.2","53.3","9.6","5214"
"EVAH PIRAZZI エヴァ ピラッツィ バイオリン弦 (E線:ゴールドスチール 0.26ボールエンド) ナイロン弦 ミディアム","9421","47","","30","¥ 16,600","¥ 18,306","6","B01GTBYGIK","B01ICSSRF6","10.9","10.7","1.4","20"
"XIAOKOA ダイナミックマイク ワイヤレスマイク ハンズマイク カラオケマイク 無線マイク 2人用 UHF 30m安定伝送 Type-c充電式 ノイズ低減 ミュート機能 長時間使用 合金製 耐久性 3.5mm/6.35mm ハンドヘルドマイク ハンドマイク アンプ/スピーカー/拡声器/ミキサー対応【日本語説明書付き】","8233","64","","300","¥ 5,999","","1","B0D83QTHHV","B0F7WSQKV2","25.7","9.8","7.3","700"
"SUZUKI スズキ サイレンサー付10ホールハーモニカセット 忍SHINOBIX フルセット(C調) SNB-20 練習環境に困らない 音量約80%カット","8235","66","","106","¥ 6,455","¥ 6,455","8","B07J2Q583D","B07JG2JRCN","13.2","8.2","5.8","180"
"BOSS ME-90 Guitar Multiple Effects マルチエフェクター ボス","8246","38","","142","¥ 44,000","","5","B0C9T5F34M","","53.8","27.6","11.9","3580"
"LightRiseテナーサックス サックスブラスボディ ゴールドラッカー表面 木管楽器 キャリーケース付き 手袋 クリーニングクロス ブラシ サックスネックストラップ (金)","19593","1","","","¥ 42,299","","1","B0GS12YVM5","B0GS19C6JJ","84","35.5","21","4"
"Cloud Microphones Cloudlifter CL-1 by Cloud Microphones クラウドリフター マイクアンプ マイクプリアンプ アクティベーター マイクブースター クラウドマイクロフォン 【CL-1+XLRケーブル MOGAMI モガミ 0.5m+MATONオリジナル日本語説明書付き】 国内正規品","14570","17","","3","¥ 24,800","","1","B0BXCY92QH","B09SB5Y12V","18.3","18","6.7","510"
"Ebow HEET SOUND エレクトリック BOW (弓) PLUS E-BOW","4699","24","","820","¥ 19,140","¥ 19,819","42","B000N5MK8M","B08HLZX4H7","29.5","27.6","8.3","170"
"BOSS ボス クロマチックチューナー TU-3 電源供給可能 高輝度モードで高い視認性 ライブ バンド演奏 ギター/ベース","8259","69","","2414","¥ 14,000","","17","B004D8KX7K","","16.7","11.5","6.9","499"
"MOOZICA 17キー カリンバ K17K-EQ","5102","39","","97","¥ 5,980","","1","B087D7QGJR","B0H552LLGT","25","20","8.5","1000"
"JOYO ギターワイヤレスシステム 2.4GHz ワイヤレスシールド 充電式 送受信機 4 チャンネル 6.35mm プラグ 20M 8 時間連続 ギター/ベース用 (JW-03 ブラック)","8270","35","50","19","¥ 5,999","","1","B0FYDWN569","","16.8","11.2","4.7","160"
"ピアノ椅子 model MH-62 油圧式 ガス圧式 シングルシリンダー 無段階調整 44-59cm","9875","59","","15","¥ 8,800","","1","B0GJ3LRWC6","","48","40","20","5100"
"SHURE シュア SM4 ホームレコーディングマイクロホンキット SM4-K-KIT : コンデンサーマイク ショックマウント ポップフィルター 付属 XLR 単一指向性 干渉防止 RFノイズ遮断 プロ仕様 レコーディング 録音 ボーカル 楽器 ミュージシャン YouTube Vtuber 動画配信 宅録 実況 DTM ゲーム ゲーミング ポッドキャスト 【国内正規品/メーカー保証2年】","8284","66","50","42","¥ 39,710","¥ 39,710","10","B0DBG711H7","B0G38WL4T2","25.4","20.6","10.6","1250"
"良質IPE木製 バイオリン弓 violin bow フェルナンブコ Pernambuco性能 MELLOR P10","14768","17","","2","¥ 10,595","","1","B07B452JJ3","B0B5G3C9X9","76","4","4","80"
"CASIO(カシオ) 純正 スタンド CS-46P","2849","54","","795","¥ 12,650","¥ 12,650","10","B07MWMFQS7","B07N8DY1PD","134","26.5","14.5","8720"
"RODE Microphones ロードマイクロフォンズ VXLR Pro 3.5mmTRS-XLR変換アダプター VXLRPRO ブラック ビデオマイクロ ビデオマイクゴー対応","2932","59","","297","¥ 7,727","¥ 7,727","17","B08V8HNVC8","","28.8","22.5","2.7","70"
"Tlingt ピアノベンチ 電子ピアノ椅子 キーボードベンチ 高密度スポンジクッション 7段階高さ調整(46-59cm) 耐荷重150kg コンパクト 自宅練習 スタジオ用 ブラック","3094","37","","5","¥ 5,499","","1","B0FG1FJML3","","44.5","31.8","18.7","4000"
"BOSS ボス BCB-30X エフェクターケース ペダルボード 耐久性 小型 軽量 ブラック","10124","37","","211","¥ 7,700","¥ 7,700","9","B08T9BS3N6","","34.2","32.9","10.7","1690"
"Ex-pro イーエクス・プロ FL楽器用シールドケーブル FL-7SS ストレート×ストレート 7m","10968","26","","33","¥ 7,833","¥ 7,833","3","B000WM0290","B07FQG3RY9","28.9","22.4","3.6","464"
"ギターエフェクター エフェクターボード アルミ合金 ギターペダルボード 電源内蔵ペダルボード 19x5.1x1.8インチ 1.8ポンド (19x5.1x1.8インチ)","8321","51","","42","¥ 7,980","","1","B0DLNKQSHH","B0F2167NWY","55","19.5","10.2","1570"
"Ornatego 二胡専用セミハードケース：耐衝撃・防水設計で楽器を保護。3Way携帯可能な調節式ストラップ。専用アクセサリー収納付き。軽量で持ち運び楽々。 (グレー)","19657","1","","","¥ 9,400","","1","B0G1RLHWW9","B0G1RDKCM2","106","42","9","1000"
"OHASHI (オオハシ) スタンド バス フルート 用 WS-700","19658","1","","","¥ 18,000","","1","B00ZR3Y1OQ","","57","17.3","14.5","2690"
"XTUGA CT80 8チャンネルオーディオミキサーポータブルミニサウンドミキシングコンソール、USBインターフェース、エコー＆リバーブエフェクト、48Vファンタム電源 Bluetooth PCレコーディング/DJステージ/ブロードキャスト用 RCA の入力/出力 MP3, EQ の作り付けのデジタル効果のスタジオのミキサー","10240","38","","7","¥ 14,999","","1","B0C8H369KR","B0C8H69H6B","46.2","43.9","12.4","4330"
"KC ケーシー キョーリツ ラックケース EIA規格 1U ハーフサイズ HRC-1U [マウントネジ付属]","8335","40","","3","¥ 8,831","¥ 8,831","5","B0DTNZ3NWN","","56.7","39.2","8.9","3820"
"トロンボーン スタンド カーボン製 約290g ベル収納 「AIRY STAND」 軽量 2way仕様 [ BRASS DESIGN ]","8502","25","","4","¥ 26,800","","1","B0G5QGBC6W","","47","10","10","300"
"ESI Xkey Air 37 超薄型ワイヤレス軽量フルサイズMIDIキーボード モバイル制作に最適","8340","18","","1","¥ 54,450","","1","B0F7RR3XQC","B0FLJSF2PM","62.4","17.8","2.8","1451"
"BOYALINK 2 A2 ワイヤレスマイク ピンマイク 48kHz/24bit Android/iPhone/PC/カメラ用マイク","9840","42","","107","¥ 10,080","","1","B0DNZDCSWR","B0GZ1YYF7B","13.9","9.9","3.6","130"
"オーディオテクニカ AT-AQ420P10 アブソーブコットン デッドニングシート 防音 吸音 軽量 ロードノイズ フロア 雑音 ドア 内張り 10枚入り","4149","25","","20","¥ 25,300","","1","B07ZQ4PDJK","B0DF7741PC","76","51","17","3900"
"YAMAHA PACIFICA012 初心者14点セット 【GA15II付き】 ブラック エレキギター パシフィカ012 ヤマハ","8350","49","","98","¥ 41,900","","1","B07B638HQB","","100","30","20","6000"
"JOYO (ジョーヨ) コンパクト ベース用 コンボアンプ ブラック BA-30 VIBE CUBE BLK","8356","37","","6","¥ 14,500","¥ 14,646","10","B0GCHHTJJX","","29.4","22.8","21.7","3380"
"BOSS WAZA-AIR ワイヤレス ヘッドホンギターアンプ Bluetooth対応 小型 自宅練習用 多機能","10893","44","","670","¥ 49,500","","14","B0824PN6WQ","","30.5","26.5","7.7","790"
"ERNIE BALL アーニーボール エレキギター弦 SILVER SLINKY 3818 シルバー・スリンキー (10.5-47)/John Mayer Signature 3Set Pack","4665","45","","557","¥ 5,556","¥ 5,556","14","B0D6SSP37T","B0DK519878","12.2","12","5","200"
"DR ベース弦 5弦 PURE BLUES カンタム ニッケル .045-.125 PB5-45","8375","39","","3764","¥ 5,500","","18","B009P6CAZI","B07P3KXQVW","15.3","15.3","2.1","181"
"Ibanez ""個性と遊び心""がコンセプトのエレキギター用バッグ 保護クッション装備 (ブラック) IGB541-BK","4677","52","","233","¥ 5,581","¥ 5,581","7","B01GUUKFRQ","","105","44.5","8.5","1120"
"バンドーレン Vandoren バスクラリネット マウスピース B44","11516","22","","229","¥ 28,200","¥ 35,000","30","B0002D0316","B07GBDWJF7","15.2","4.5","4.5","60"
"L.R.BAGGS Para Acoustic D.I. アコギ用ダイレクトボックス 正規輸入品","8382","56","","75","¥ 38,900","","5","B0036G2HKQ","","16","10.2","7.3","676"
"SHURE ワイヤレス トランスミッター P3TJ-JB 【国内正規品】","8385","33","","1","¥ 60,000","¥ 60,000","2","B00OUX875S","B01HXILYSS","47.6","40.4","20.4","2800"
"BELDEN ベルデン 8412 ギターシールド SL (SWITCHCRAFT) 3m 黒","10625","26","","7","¥ 7,200","","1","B098XCL926","B098X68Z5C","28","21","2","20"
"KC マイクスタンドバッグ ショートサイズ MSBH-45 (4本収納)","11544","28","","47","¥ 5,876","¥ 5,876","4","B001JTS5W6","B014QWK68I","67","25","20","1338"
"GPC ReBreathing Bags 呼吸法練習器具 エアバッグ (5リットル)","3008","10","","21","¥ 5,999","","2","B01N124QXT","","20.2","16.6","3.4","60"
"河合楽器製作所 KAWAI くまのもっきん","8395","39","","34","¥ 10,240","¥ 10,240","4","B08JCMQYV3","","39.4","21.8","5.7","1090"
"KIMFBAY 電子ピアノ 88鍵 ハンマーアクション鍵盤 電子 ピアノ 木製スタンド一体型 アップライトピアノ 88鍵 ブラウン","3136","19","","242","¥ 45,300","","1","B0DPKQWDDS","B0D9VRMCRJ","145","38.5","34","34750"
"Arturia アートリア MIDIコントローラー MiniLab 37 37鍵ベロシティ対応スリムキー /アルペジエーター内蔵/USB-C、MIDIアウト装備/ソフトウェア・バンドル ブラック MINILAB 37 BK","8397","26","","5","¥ 25,950","¥ 24,955","8","B0H4YMWSB7","B0H5B8CQQT","60.2","25.2","10","2220"
"NUX Mighty Air ワイヤレス ギターアンプ","2090","72","","620","¥ 25,300","","11","B0859XGCXF","B09Q6DKWW6","25.2","12.6","11.7","1080"
"Gator Frameworks シングルギタースタンド2個パック;アコースティックギター&エレキギターにフィット(GFW-GTR10002PK)","4853","40","","89","¥ 23,999","","11","B01LW3Q6DP","B0BDWJG78F","56.1","28.4","22.4","3107"
"MACKIE マッキー 超コンパクトアナログミキサー MIX8 国内正規品","8406","54","","141","¥ 14,800","","2","B0129SXD6S","B08VXNJH3W","34","23","8.5","1800"
"Lopres この9ピースの初心者向けアコースティックギターセット（38インチ）は、学生や大人の方に最適です。セットには、アコースティックギター本体、弦、チューナーが含まれています (38インチ,ナチュラル)","6988","3","","","¥ 5,999","","1","B0GCGXD1RZ","B0GCHX4BTL","103","45","11","2300"
"Donner HUSH-I Evo2トラベルギター サイレント ヘッドレス 初心者 内蔵チューナー イヤホン対応 集合住宅 夜間練習 ナチュラル","8411","27","","50","¥ 31,861","¥ 31,861","1","B0G1BQTXTB","B0GXKN8BYP","93","19.5","11","3440"
"パナソニック 10Wトランペットスピーカー WT-HS110","11570","17","","7","¥ 12,735","","5","B015YP3JIK","","33","29","28","2370"
"TOUGH-TX タフティクス ギグバッグ エレキギター用 YKK製TOUGH ZIPPER搭載 TX-EG1/GRY","9734","49","","51","¥ 7,520","¥ 7,520","2","B09HZ6G6NR","B09J8P8JRY","110","40","10","1700"
"My Mute チェロ用消音器 高級金メッキ仕上げ 重量約260g MM-C","10250","43","","28","¥ 11,511","¥ 12,907","4","B001DIWKHY","B01D158UCK","6.7","6.6","5.7","286"
"D'Addario ダダリオ ウッドベース(コントラバス)用 バラ弦 Prelude E-String J614 1/2M Medium Tension 【国内正規品】","15551","6","","4","¥ 5,170","¥ 5,170","2","B0049BSM9W","B07H3BNR1X","19.7","19.6","1.3","90"
"KC スネアスタンド SS-01","8452","31","","90","¥ 6,061","¥ 6,083","6","B01DP89L3U","B09KNN9KTN","37","10.8","9.2","1846"
"パーティライトディスコボールライト、djディスコライトは、クリスマスクラブバーパーティー休日のクリスマスの誕生日の結婚式の家の装飾のためのリモートコントロールで活性化ステージライトストロボ照明音をled","9825","42","","68","¥ 5,699","","1","B0C149KTP7","","20.9","14.4","12.9","580"
"【専用キャリーバッグ/BAG-STP100 セット】YAMAHA ヤマハ - ポータブルPAシステム STAGEPAS 100BTR バッテリー搭載モデル","11616","24","","14","¥ 47,800","","2","B0C7GF62H3","","39.4","34","30.8","7484"
"CLASSIC PRO クラシックプロ パワードミキサー PM08 パワードミキサー","8455","23","","5","¥ 29,800","","2","B083Z9B49L","","34.7","26.5","19.2","2880"
"バウストア DR-491CL 4色一体型 リサイクル ドラムユニット ブラザー用 1個","8462","8","","4","¥ 12,500","","1","B0CTFZJ5MG","","44.4","39.6","17","2400"
"サンワサプライ ハンドマイク 有線タイプ MM-SPAMP10専用 ダイナミックマイク 単一指向性 MM-SPHM4","4898","26","","2","¥ 5,080","","24","B084S2JZBT","","21.7","10.9","6.2","590"
"Denis Wick デニスウィック ミュート テナートロンボーン用 カップ 5529","8471","25","","256","¥ 19,880","","62","B0002DVDQK","","30.9","18.2","18.1","349"
"RHMポータブルカラオケサウンドワイヤレスマイクスピーカーセット充電式BTカラオケセット。家族の集まり、ストリートスピーチ、会議、セミナー、学校の活動、屋外などで使用されます","4912","15","","128","¥ 29,800","","1","B07L2WGW72","B085XWXHFH","40.9","27.3","25","5160"
"tc electronic コンパクト オクターバー SUB 'N' UP MINI OCTAVER【国内正規品】","8481","9","","355","¥ 14,800","¥ 14,951","4","B07362JV2B","","10.1","6.7","6","244"
"AKG P420 Project Studio Line コンデンサーマイクロフォン","8486","14","","1165","¥ 26,800","","13","B00167UQMI","","27.1","27.1","16.9","1842"
"Alesis Nitro Pro 電子ドラムセット","8497","36","","498","¥ 79,997","¥ 79,997","1","B0DB5TMZ9S","B0F9X2JY4Y","97","58","34.5","30480"
"ニューモプロ フルート練習器具 【PNEUMO PRO】","11665","10","","24","¥ 7,480","","1","B01EJAN8HI","","20.4","14","4.6","100"
"electro-harmonix エレクトロハーモニクス エフェクター ディストーション/ファズ/オーバードライブ Soul Food 【国内正規品】","4932","20","","587","¥ 13,550","","13","B00HEQ6J0I","B01FX67V3Y","15.5","14.2","8.1","544"
"Maydolly 電子ピアノ 88鍵盤 木目調 スタンド付き 初心者向け USB MIDI対応 128音色 128リズム 録音 再生 メトロノーム 延音ペダル付き 脚取り外し可能 省スペース 自宅練習 大人 子供","4850","9","","","¥ 16,980","","1","B0H4V4YFCF","B0H4V9VYBM","134","43","19","13800"
"HERCULES Trav Lite トロンボーン用 ベル収納 DS420B","10336","46","","302","¥ 6,796","¥ 6,865","5","B000XNLXNM","B07N8DTPXY","55","13","12","1460"
"Ibanez アイバニーズ プレステージ・ナットファイル・セット エレキギター用(.010"" - .046""ゲージ) 6本セット 4449EG61X","11694","8","","41","¥ 13,200","¥ 13,200","3","B07SDF6X5V","B07T2X7413","16.3","11.7","1.5","65"
"D'Addario WoodWinds ダダリオ リード バリトンサックス用 USDAオーガニック認証取得済 SELECT JAZZ UNFILED ORRS05BSX2S [硬さ:2S] 5枚入り 【国内正規品】","11683","22","","4","¥ 6,265","","3","B0BHWNPHDK","B0CV5D3MB5","12.5","4","3","30"
"aguilar ベース用プリアンプ/ダイレクト・ボックス TONE HAMMER PREAMP V2","8529","6","","1","¥ 49,280","","4","B0DLGRNWHP","","17","10.6","8.1","480"
"D'Addario WoodWinds ダダリオ リード バリトンサックス用 FREDERICK L. HEMKE RHKP5BSX400 [硬さ:4.0] 5枚入り 【国内正規品】","13311","25","","12","¥ 5,390","","1","B0002F58HS","B09HBVRNG1","10.5","4.1","2.1","25"
"JBL(ジェイビーエル) EON ONE Compact-Y3 充電式ポータブルPAシステム ヒビノ扱い 3年保証モデル","11774","14","","20","¥ 83,904","","7","B083ZGH88D","B0CDJ1MNTZ","50","39.4","35.8","10340"
"K.W.S イヤーモニターシステム KWS-EM1 イヤモニ","14496","4","","2","¥ 11,000","","1","B0F59J3RYB","","13","8","4","300"
"ティアック(Teac) TN-180BT-W Bluetoothトランスミッター搭載フォノEQ内蔵アナログターンテーブル ホワイト","8543","18","","622","¥ 27,280","","2","B07DLG1SNB","B0DYVH3YK5","51.1","40.6","15.2","5040"
"Effects Bakery エフェクツベーカリー Croissant Distortion [EB-CDn] / ディストーション ミニペダル ギター エフェクター","11545","32","","12","¥ 5,170","","8","B09P3QM668","B09P6CJDTG","10","6.7","5.9","180"
"ARIA アリア クラシックギター ライトフォームケース ブラウン LFC-120 BR","11712","13","","50","¥ 13,800","","3","B00SWJEA84","B01LX4X16I","118","47","17","2000"
"ADM Dreadnought アコースティックギターキット 初心者向け無料レッスン付き 大人 ティーン フルサイズ アキュスティカ ギタラ スターターバンドルセット バッグストラップチューナー カポピックガード ミュージックスタンド 右利き(ナチュラル、41インチ)","10210","10","","122","¥ 90,544","","1","B0GWM3TL6L","B0CQJ2476D","106.7","48.3","15.2","6350"
"Donner 折りたたみ式ピアノキーボードスタンド 調節可能 54~88キーデジタルピアノ用 180°折りたたみ式脚 高さ8段階 頑丈で頑丈なミュージックスタンド ホーム&スタジオ用 DKS-200","8552","28","","18","¥ 7,548","","1","B0F1T4Z3LC","","78.7","68.6","15.2","6055"
"MEINL Cymbals マイネル ドラムラグ Small(160x140cm) Black MDRS-BK 【国内正規品】","11608","19","","473","¥ 16,500","¥ 16,500","3","B08SR51BTG","B0FMR5MJ5Q","142","13.5","13.5","3620"
"オーディオテクニカ ダイナミックマイクロホン PRO8HE / ヘッドセット/ハイパーカーディオイド/ウインドスクリーン付属/XLR出力 PRO8HE ブラック","8561","54","","29","¥ 12,100","","8","B00GTDQT1Q","","22.5","18.1","5.4","234"
"FISHMAN Soundhole Pickups Neo-D Humbucking Pickup ネオD (Humbucking)","8565","66","","367","¥ 14,500","","47","B000ZJWI2O","B08W8RTLW1","17.5","12.3","4.8","191"
"NEO by OYAIDE Elec QAC-222G LS/3.0 楽器用シールドケーブル","8573","22","","25","¥ 5,806","","2","B00WHYVCA4","","29.8","20.5","4","228"
"プロテック PROTEC ホルン(ワンピース)用 軽量セミハードケース MX316CT ブラック","11758","10","","261","¥ 20,700","","3","B0085KBLIW","","64.3","51.6","36.2","2000"
"Beffin DOUBLE X0ギターピックアッププリアンプサウンドホールピックアップ、ボリューム＆トーンコントロール付きアコースティックギター用楽器アクセサリー","8577","44","","19","¥ 5,889","","3","B09FZ5J9KC","","14.6","8.9","5.7","260"
"バンドーレン Vandoren アルトサクソフォン用リガチャー&キャップ 【オプティマム】 カラー:ピンクゴールドメッキ","11635","31","","498","¥ 20,778","¥ 20,778","4","B089NWK5TS","B08NH45QNB","12","5.3","5.1","60"
"KIMFBAY 電子ピアノ 88鍵盤 木製スタイル ハンマーアクション鍵盤 電子ピアノ スタンド一体型ピアノ ブラック","15634","25","","14","¥ 31,777","","1","B0FC2K44QS","B0FC2H3RNM","140","38.8","28","22000"
"サウンドキング(SOUND KING)カモメ笛 DA-VS51 茶","2106","39","","4","¥ 5,300","","2","B09SYXG4ST","B07N2XPDCB","13.2","4.7","3.7","30"
"STRICH ピアノ キーボードスタンド Z型 & 椅子 セットステージ スタジオ ライブ適用 高さ調節可能 54/61/73/76/88键電子ピアノ対応 SKT-02 & SPB-M50（ブラック）","8592","27","","48","¥ 11,232","","1","B0FHP2JF3L","","62.2","48.3","17.5","14061"
"ヤマハ MODX7ソフトケース SC-MODX7","8594","5","","9","¥ 15,180","","1","B07HP1TPQ1","","117","36","21","2000"
"CASIO(カシオ) 純正 スツール 高低自在 CC-7DK (PX-S7000BK 推奨)","11766","7","","6","¥ 49,500","¥ 49,500","5","B0C1N5YTB2","B0GR1J65R6","54.5","42.3","42.3","8800"
"TroyStudio 厚手ドア防音ブランケット - 95 × 220 × 2cm 厚手窓防音シート 家庭用音響減衰カーテン仕切り 壁ノイズブロッカー 寝室音楽録音スタジオ","8605","22","","3","¥ 8,699","","1","B0FMXL5W36","","55","35","9","3000"
"Demonfx DH4-2 / OverDrive - Distortion オーバードライブ - ディストーション ハイゲイン ギター エフェクター","8613","8","","2","¥ 18,460","","1","B0FNKXSC54","","20.5","14","8.5","680"
"YAMAHA/トランペット用マウスピース エリック・ミヤシロモデル ヤマハ TR-EM1-MK2","8626","26","","13","¥ 11,568","","3","B09KBWZD9Z","","10.1","3.4","3.4","110"
"サンワサプライ ワイヤレスヘッドマイク(MM-SPAMP4/7用) MM-SPAMP4WHS","11812","10","","4","¥ 26,710","¥ 33,311","23","B07D2D845B","","19.3","16.5","6.4","190"
"KORG クリップ式チューナー ベース用 AW-OTB","4905","32","","25","¥ 6,490","","6","B079C4FS3T","B07CFGRKP3","9.5","8.3","3.2","20"
"CASIO(カシオ) Privia PX-S7000BK 電子ピアノ スマートハイブリッドハンマーアクション 88鍵盤フルスケール仕様","11856","15","","6","¥ 252,999","","7","B0BDL4JMNF","B0GR9KLMFB","134","74.1","44.9","28100"
"Louis JB-205 リズムマシン ドラムマシン メトロノーム 弾き語りや練習に最適 ルイス","11854","8","","47","¥ 15,000","","1","B095P3PSQ1","","26.3","20.2","12.9","1180"
"CTS 450 A500K ポット ロングスプリットシャフト3/4インチ 10% Aカーブ ポテンショメーター エレキギターベース用(10個セット)","8639","23","","2","¥ 12,415","","1","B0DSW55SFN","B0DX6VN53C","14.9","10.3","4.2","210"
"D'Addario ダダリオ ピック Duralin Blue 1.00mm オニギリ型 2DBU5-10 10枚入り (国内正規品)","8642","13","","7","¥ 6,183","","1","B0051MPTIU","B09TXJ386H","9.5","6","1.2","10"
"Fender Troubadour エレキギターギグバッグ、人間工学に基づいたバックパックストラップ付きパッド入りギターケース、耐候性ワックスキャンバス、25mmパッド入り保護、プロフェッショナルトラベルケース","11700","28","","2","¥ 72,255","","6","B0F3FM38MK","B0FHY3NCRQ","113.2","45.1","20.7","4096"
"Kirnuo超軽量バイオリンケース、グラスファイバー、ゴールドシェイプ、耐久性、落下防止、衝突防止収納、パフォーマンスバッグ、斜め掛け可能、ハンドル付き。 ([三角] ブラック)","21473","7","","","¥ 9,799","","1","B0GCHGKN41","B0GCJKJ17X","120","80","15","3000"
"BOSS ボス ループステーション RC-505MK2 テーブルトップルーパー 卓上型 ボーカル/ビートボックス/ライブパフォーマンス RC-505mkII Loop Station","8652","61","","300","¥ 77,000","¥ 70,058","5","B09F9ZFPXJ","","59","32","13","3240"
"アイダ スタンド フルート&ピッコロ用 2本立 140FP-2","8652","50","","28","¥ 9,908","¥ 9,908","5","B0026FGH22","","25.4","8.9","7","776"
"MEINL Percussion マイネル ジャンベ Jr. Djembe 7"" JRD-KQ / Kenyan Quilt 【国内正規品】","19305","9","","70","¥ 14,000","¥ 14,141","3","B01M64HSMV","B0739XQRGG","38","25","24.9","1950"
"EVANS エヴァンス ドラムヘッド 18"" UV1 Coated (1-ply, 10mil / 3mil patch) B18UV1 【国内正規品】","11664","22","","461","¥ 6,300","¥ 6,300","1","B01N3QL6E6","B01M7TXCYE","58.2","58.2","3.3","658"
"La Bella 760FL/Deep Talkin' Bass/Light/043-104/Stainless Flat Wound","8666","41","","926","¥ 7,380","","15","B007K7LY4M","B07NBL7ZJD","20.3","15.2","1.3","113"
"TAMA タマ ブラック・スティール・ミニ・ティンバレス 【6""+8""】 クランプ+Lロッド付き MT68STBK","8668","8","","25","¥ 19,800","","1","B084S6NKVB","B096WZJKDH","31","28.3","26.6","3954"
"MXR M234 ANALOG CHORUS M-234","11875","17","","42","¥ 20,511","","25","B0053A2D1Q","B08HLYWY3H","14.3","11.1","6.9","390"
"FIFINE USB ゲーミングマイク コンデンサー式 単一指向性 PC/PS4/PS5対応 ゲーム実況/レコーディング用 黒 AM6","4739","49","","69","¥ 6,884","","1","B0CSFTL2ST","","26.2","15.5","11.1","660"
"MXR ( ダンロップ ) M87 / Bass Compressor ベースコンプレッサー","8675","4","","404","¥ 44,876","","12","B004LG72W8","","15.2","11","6.2","363"
"AG03MK2 LSPK WHITE ライブストリーミングパッケージ iPhone配信オリジナルセット -アームスタンド、マイクケーブル、AUXケーブル、USB2ポートACアダプタ、USBケーブル(C-A)-","8680","5","","8","¥ 48,800","","1","B09Y32KYHQ","","47","35","20",""
"ヤマハ YAMAHA パワードスタジオモニタースピーカー ペア コンパクト ホワイト HS4W","8682","52","","27","¥ 33,900","","10","B0CNC8XTMW","","38.4","33","30.3","8490"
"PROMARK プロマーク スネアスティック System Blue Sean Vega Tenor with Nylon Head TS8 (428 x 17.2mm) 【国内正規品】","15139","13","","414","¥ 5,800","¥ 5,800","1","B001VODW7M","B00EI7HXLA","41.3","3.6","2","181"
"【BON NOW】多機能ギタースタンド プロ仕様 自動重力ロック 調整可能 ギター ベース ウクレレ対応 折りたたみ式 耐荷重15kg ホームスタジオ ライブ用 ２本用","4919","16","","5","¥ 5,299","","1","B0FFSJCR5K","","81","10.4","10.4","1840"
"松脂 レザーウッド ベスポーク Leatherwood Bespoke Rosin viola Crisp（ヴィオラ クリスプ）","11859","14","","11","¥ 11,220","","4","B07SL4F4TQ","","11.3","7.2","2.5","110"
"THOMASTIK ERHU SOLO ERP101 青 二胡弦セット","11572","37","","45","¥ 5,600","","5","B07KCXPJ21","B07KCYSFRV","10.5","10.3","1.2","20"
"ドラムマット、防音マット 防振マット 振動吸収マット、電子ピアノマット、100x100cm、120x120cm、防振、防傷、断熱、滑り止め カーペット、騒音対策 キズ防止効果、電子ピアノ専用マット カーペット、電子ドラムカーペット、床傷防止、床保護マット(濃い灰色,90x160cm)","26979","5","","3","¥ 5,760","","1","B0DSVY4JXN","B0DSVVR35Q","2.5","2.5","2.5","2000"
"Leatherwood Bespoke Rosin レザーウッド ベスポーク松脂　violin Supple（ヴァイオリン　サプル ）","11636","38","","65","¥ 11,220","","4","B07PVN3FKF","","18","12","2","50"
"CAHAYA アコースティックギターケース 15mm厚手パッド 防水 軽量 ネックピロー付 大容量収納 ソフトケース ブラウン","4024","27","","54","¥ 6,379","","1","B0DD3FWB5F","","58.9","43.8","19.2","2100"
"NearStream AM15X ダイナミックマイク マイクスタンド付き PCマイク USB XLR 有線 超単一指向性 AIノイズキャンセリング ワンタッチミュート 音量調整可能 ダイレクトモニタリング 3.5mmヘッドホンジャック 40cm収音距離 ビデオ会議/ライブ配信用 Zoom/Teams/Meet YouTube/TikTok Windows/Mac/PS5/PS4対応 ブラック","8733","56","","17","¥ 7,984","","1","B0GW68GN7S","B0H8XRCNK6","24","14.3","11.3","910"
"rom&nd 2024 LUCKY BAG L ロムアンドラッキーバッグ L 10個セット / M 7個セット (Lサイズ)","8736","14","","33","¥ 11,899","","1","B0DN62NZP2","","16.2","11.7","5","410"
"BOSS ボス デュアルフットスイッチ FS-6 ギターベース アンプ エフェクター用 ラッチ、モーメンタリー切り替え 小型","8743","63","","831","¥ 7,590","¥ 7,381","14","B000RW2A0O","B0H4HVXBXH","20.1","9.5","4.8","531"
"Roland ローランド ピアノ椅子 BNC-05 高さ調節可能 ローズウッド調 茶色 ブラウン 電子ピアノ キーボード 自宅練習","10183","56","","218","¥ 8,900","","7","B000EMLM3S","B0FJ1MHKFL","54","32","15.6","9339"
"CUSTOM AUDIO JAPAN（カスタムオーディオジャパン） PB10.8DC9-2.1パワーサプライ","11924","5","","","¥ 5,805","","1","B0C18W9YHJ","","15","7","2.8","90"
"【XXA】音響ミキサー音響機器 4/6/8チャンネルデジタルマイクラインオーディオミキシングコンソールパワー ミキサーアンプ 48Vファンタム電源USB / SDスロット付き DJステージカラオケ録音用 (4つのインターフェース,マニュアル)","14821","3","","","¥ 22,666","","1","B0H253DJ96","B0H258QXYX","40","40","20","8000"
"BOSS マルチエフェクター GX-100 VGS-30 HP-CT1 クロス 4点セット","11927","4","","","¥ 74,800","","2","B0GKMHYCTL","","60.7","39.8","21.6","5500"
"キャロル・ブラス Carol Brass ギグバッグ トランペット用 カラー:ブラック","11929","3","","7","¥ 5,891","¥ 5,891","1","B079V254QT","","54.6","22","16","1020"
"Blackstar アコースティックギター用アンプ FLY3 Acoustic コンパクト 自宅練習に最適 ポータブル スピーカー 電池駆動","11671","23","","35","¥ 11,000","¥ 12,000","8","B084JPYLFD","B084S14FWW","17.4","13.6","10.8","980"
"ZOOM(ズーム) iQ6 Lightning接続 XYステレオマイク","8759","39","","37","¥ 10,000","¥ 10,000","5","B08Z3HFC14","","22.1","11.2","4.3","170"
"SORAN デュアルストンプライト ギターペダル マルチエフェクトペダル 125エフェクト付き 99プリセット 10エフェクトモジュール 100ドラムリズム/40sルーパー IR/NAMスロット20個 USBオーディオインターフェイス ワイヤレスコントロール JME-02","8768","0","","46","¥ 13,800","","2","B0GKFMNTZY","","17.4","14.1","7.6","531"
"Mooer Micro Preamp 006 プリアンプ ギターエフェクター","19289","4","","10","¥ 16,500","","1","B071RDYVDS","","11.3","6.9","5.4","200"
"Fender ギターアンプ Frontman 20G, 100V JP Black","8774","46","","34","¥ 15,730","","3","B09T9G4Y9J","","41","38","25","5600"
"EBS MULTICOMP BLUE LABEL ベース用 コンプレッサー 【国内正規品】","8779","40","","65","¥ 28,600","","7","B081WBV687","B0BT84JVW3","13.9","9.3","6.3","460"
"MEINL Cymbals マイネル 練習パッド 4"" Marshmallow Pad オレンジ スタンド取り付け可能 MMP4OR 【国内正規品】","17942","11","","8","¥ 5,228","¥ 5,228","2","B0DS2P8PR4","B0FSGGY26D","15.8","12","5.1","200"
"teenage engineering CA-X generic case ポケットオペレーターシリーズ専用ケース PocketOperator全モデル対応 シリコンケース ティーンエイジ エンジニアリング (Black)","2119","40","","68","¥ 5,500","","2","B0763NM3PQ","B0CDGF2ZM6","14","6.6","2.2","60"
"Thalia Capos HUMMINGBIRD カポタスト Limitedシリーズ タリアカポ","8789","12","","4","¥ 15,510","","3","B0DC3RLGQQ","","9.2","9","3.9","180"
"JOYO モニターヘッドホン 有線 3メートル 密閉型 軽量着け心地快適 6.35/3.5mm 電子ピアノ/ギター/PC/楽器練習/録音/ミキシング対応 (JMH-02)","8790","65","50","589","¥ 5,199","","1","B0C2P66Q19","B0DLGR6V76","24.8","23","12.6","540"
"Musiclily Pro 18インチ アルミ製 フレットビームレベリング ファイルバー フレット研磨工具 エレキギター/ベース修理メンテナンス用","11729","23","","30","¥ 5,787","","1","B0C9PQS1Z2","B0CDH5VCZ1","52.3","20.7","3.7","721"
"Pearl パール プラクティスパッド SD-7","8795","30","","12","¥ 6,600","","5","B000Y7PXZQ","B0CXQ32CJF","19.4","18.8","4.2","760"
"新素材篠笛「環」～tamaki～唄用（ドレミ音階） 7穴8本調子","20256","15","","28","¥ 6,440","","1","B08R3LDYP1","","40.6","2.2","2.2","60"
"プロテック PROTEC アルトサックス用 軽量セミハードケース MX304CT ブラック","8803","25","","385","¥ 20,460","","56","B0028QYSB6","","64.3","31.7","21.3","1841"
"HERCULES ギタースタンド GS523B","2981","43","","21","¥ 11,474","¥ 10,500","5","B08QHKRDX9","","72","64","12","4000"
"EVANS エヴァンス ドラムヘッド ハイドローリック・ブラック TT18HBG / Hydraulic Black (7.5mil + 6.5mil) 18インチ 【国内正規品】","11764","19","","1160","¥ 5,693","¥ 5,693","1","B0002J6FZI","B00W36ZEJG","59.1","58.4","2.5","680"
"吸音ボード 寛廉(カレン) KAREN 1200mm×300mm 4枚入 1.44㎡ 吸音パネル 防音 壁 アクセントウォール DIY 壁材","3025","34","","14","¥ 16,500","","1","B0DQZPY491","B0DZ6K5PPC","122","31.5","6","3900"
"【★これ一つで安心！ 選べるセットオプション★】TAHORNG 電子リコーダー Elefue エレフエ EF10 リコーダー 電子 初心者 エレクトリックリコーダー エレクトリック 電子楽器 子ども用 子ども 練習 自宅練習 (レッド, クロス＆クリーナーセット)","12672","31","","5","¥ 13,441","","1","B0DS9B85LF","B0DS9DW98D","36","9","4.5","10000"
"ギターピックアップアルニコクラシックヴィンテージとプロバッカーハムバッカーピックアッププロワイヤーハーネス付きエレキギター エレクトリックギターピックアップ(Color:Zebra YE)","17866","8","","9","¥ 9,282","","1","B0C33QWX8B","B0C33NDYK6","15","12","9","350"
"BELDEN 8412 ギターシールド SS (SWITCHCRAFT) (3m)","8820","28","","20","¥ 6,260","","2","B016K0BJX0","B016K0BJSA","27","16","2","20"
"K.E.S (ケーイーエス) ボルテージアジャスト 機能付き フルアイソレーテッド パワーサプライ KIP-V.A.C.9","8822","47","","53","¥ 22,000","¥ 21,111","16","B0BN5HR9VL","","23.1","19.9","5.9","910"
"篠笛袋 横笛袋 尺八 フルート 楽器 保護 収納袋 伝統的な和楽器ケース コンパクト お祭り用品 (グレー 竹柄, 簫袋 3本収納可 88ｃｍ)","18974","5","","1","¥ 5,645","","1","B0FWQRFDW3","B0FWR5DXPZ","35","10","10","200"
"CME WIDI Jack Bluetooth MIDIインターフェース TRS MIDI DIN MIDI対応 超低遅延3ms","8824","47","","203","¥ 7,999","","2","B08VWTVZLR","B0H3P7PPL6","17.3","9.3","2.8","50"
"Vangoa テナー ウクレレ 26インチ (66cm) マホガニー プロフェッショナル アコースティック ウク 4弦 木製 ハワイアン ユーク 初心者キット Ukulele バンドル 大人向け スターターキット","8832","42","","1252","¥ 7,199","","1","B085Q4JW8Q","B0BJ1P1S17","70","12.3","10.3","1540"
"TRANQORD トランコード 吸音パーテーション 4枚セット 日本製 (ペールピンク, 160cm)","15559","8","","31","¥ 56,232","","1","B0BJTVQ333","B0HG8K835Y","162","44","14","6000"
"TASCAM(タスカム) MiNiSTUDIO CREATOR US-42W ポッドキャスト ボイスエフェクト 効果音再生 Youtube 配信機材 ミキサー ゲーミング ゲーム実況 カラオケ","8843","55","","311","¥ 11,550","","2","B07FFM6RJZ","B0C9S5H4PV","27.2","17.8","10.4","800"
"キクタニ ボンゴ 打面径6.5インチ+7インチ BG-10","10653","65","","54","¥ 6,852","¥ 7,927","9","B0833B4B43","","40.6","22.6","18","2560"
"ヤマハ RJ45コンソールケーブル YRC-RJ45C","5022","28","","9","¥ 5,830","¥ 6,885","8","B00BMVL1J0","","13.8","5.3","3.9","64"
"okayo GPA-680DU 対応キャリングバッグ (通常タイプ)","18420","5","","11","¥ 6,900","","1","B01LNMEC0M","B0848DWY3M","38.2","33.8","7.2","290"
"ZOOM(ズーム) XLR ダイナミックマイクセット ZDM-1PMP","11734","55","","54","¥ 13,036","¥ 13,036","5","B08FCCBX31","","32","21.1","11","1357"
"novation Launch Control 3 MIDIコントローラー ノベーション","8857","51","","10","¥ 19,161","","20","B0GLZ2KCXN","B0H4HS35CH","28.6","13.7","7.6","780"
"キングジム スピーカー付きマイク 会議用 マイク 無線 スピーカー＆マイク一体型 拡声器 SPMC10クロ","8868","62","","25","¥ 24,318","¥ 24,318","34","B09FF8426V","","43.6","21.9","14.3","880"
"【定番4点セット】 Famous ソプラノウクレレ セット (FS-5G ケース 教則本 チューナー 初心者の方に)","11730","29","","6","¥ 37,900","¥ 38,283","4","B017TT6LHU","B01MQ2GOJM","58","22","14.8","1440"
"Eastar アルトサックス Eフラット ゴールドラッカー 彫刻入り 初心者向け12点入門セット","14295","30","","21","¥ 41,382","¥ 41,382","1","B0BG8FPH7W","B0GVYLB2P5","69","31","21.5","5210"
"BOSS ボス ボリュームペダル FV-30H ハイインピーダンス用 堅牢なアルミダイキャストボディ チューナーアウト搭載","8873","64","","100","¥ 10,781","¥ 10,781","17","B00SKXD7KY","B0FLXPJPBG","26.5","10.4","6.9","955"
"BOSS/MT-2W Metal Zone MADE IN JAPAN 技 Waza Craft 日本製","8874","59","","521","¥ 23,000","","17","B07JVC3KM4","","15.2","9.4","6.4","540"
"Razer Seiren V3 Pro ダイナミックマイク USB Type-C/XLR 両対応 32ビットフロート対応 AIノイズ除去 配信・ストリーミング・ポッドキャスト・録音用マイク","11918","23","","25","¥ 42,800","¥ 42,800","1","B0GWLQJZ14","","27.7","15.2","10","1420"
"Line6 マルチエフェクター HX Stomp","8883","25","","115","¥ 109,800","","10","B07J28K75D","B08HLZJ114","31.8","18","11.6","1550"
"ミニハンドパン 9音G短調 直径45cm高さ18cm ブルー 初心者・女性向け 付属品フルセット (Gトーン18インチミニ9トーンゴールデン,A)","12023","0","","","¥ 19,349","","1","B0HDHRWZ12","B0HDJ3FZPY","1","1","1","3000"
"OKURA+MUTE オクラ+ミュート フレンチホルン/バス・トロンボーン兼用 プラクティスミュート カラー:ブラック","8889","23","","134","¥ 8,000","¥ 8,000","4","B079D7NK4L","B08R3X966F","14.7","13","12.9","200"
"SHURE シュア ダイナミック・ボーカル・マイクロホン : カーディオイド/スイッチ付/XLR-フォーンケーブル付属 PGA48-QTR-J ブラック【国内正規品/メーカー保証2年】","8894","21","","14","¥ 7,682","¥ 8,000","7","B09N95PTDH","","25.4","12.5","8.7","860"
"Sanpuli ピアノ椅子 二人掛け 楽譜収納付き ピアノイス 木製 キーボードベンチ 100㎏ 耐荷重 電子ピアノベンチ","14504","14","","256","¥ 7,599","","1","B0F9DQ5T7S","B0HB96YK47","77.7","37.6","13.2","6827"
"KORG コルグ/NTS-1 digital kit mkII PROGRAMMABLE SYNTHESIZER KIT","8896","51","","60","¥ 19,800","¥ 19,800","13","B0CSTDZRPX","B0DG7CXFZ3","26.1","14.9","4.5","281"
"電子ピアノ 88鍵盤 キーボード タッチレスポンス対応 900音色 700リズム USB MIDI対応 軽量 薄型 ヘッドホン サスティンペダル 楽譜立て 収納バッグ 鍵盤シール 防塵クロス 楽譜クリップ ACアダプター付き","11866","7","","","¥ 12,999","","1","B0H1KXN48W","","119","28","11","4000"
"【COMICA 革新登場】COMICAワイヤレスUSBコンデンサーマイク ゲーミングマイク アーム付き 単一指向性 ノイズ軽減 web 配信","8900","5","","382","¥ 9,199","","1","B0D48HVMBJ","B0HF3N6LXG","42","16.8","12.1","1080"
"InstaChord+（インスタコードプラス） (ホワイトパール)","8914","24","","20","¥ 42,900","","1","B0BNBF2SXW","","49.1","27","6.5","1260"
"YAMAHA / AG03MK2 BLACK AT2020 PCユーザー向け 配信/DTMセット -AT2020コンデンサーマイク、3mマイクケーブル、ポップブロッカー、アームスタンド、AUXケーブル-","8917","45","","22","¥ 41,800","","1","B09WL4ZXP2","","47","35","20",""
"TASCAM(タスカム) Portacapture X8 32bitフロート 192kHz(ハイレゾ) 8トラックポータブルレコーダー ポッドキャスト USBマイク Youtube ASMR","8918","53","","504","¥ 68,800","","23","B093LFP3RD","","23.8","16.2","7.2","780"
"GBBO Stedman ステッドマン ポッピング・ガード Proscreen 101 【国内正規輸入品】 ブラック","8921","34","","44","¥ 12,500","","9","B00IX7HYMO","","34.1","15.7","5.4","268"
"SOUNDCRAFT (サウンドクラフト) Notepad-8FX コンパクトアナログミキサー USBオーディオインターフェース搭載 【国内正規品】","8922","42","","75","¥ 17,753","¥ 17,753","7","B07VKSYNPX","B09DTDR1GZ","30.5","27.3","9","1505"
"MOGAMI 3368 SS 3M Official Package/モガミ オフィシャルパッケージ 3368 Guitar Cable/ギターケーブル 3m Ｓプラグ - Ｓプラグ","15791","29","","5","¥ 5,706","¥ 5,706","2","B0DBGC6ZCP","B0GS29QH5D","28","15.3","4.8","320"
"BQKOZFIN フルート 16穴 Cキー 初心者セット 管楽器 白銅ぎんめっき製 吹奏楽 入門セット16穴 Cキー フルート (シルバー)","8931","61","","19","¥ 11,780","","1","B0DYD9TNW6","","42.5","12.9","6.9","1010"
"BOSS Noise Suppressor NS-2","8935","60","","1088","¥ 16,000","","15","B000RW1NVG","","18.9","11","10","520"
"KC ウクレレ セミハードケース コンサート用 SH-UKC","8941","13","","100","¥ 7,220","¥ 7,220","2","B013FIXKFU","B014QWHRTE","70","33","19","1560"
"ヤマハ(YAMAHA) 電子ピアノ P-145B Pシリーズ 88鍵盤 本格的タッチ感 コンパクト 持ち運び アプリ ブラック","8944","62","","32","¥ 44,062","","7","B0C9CP9FRT","","142","36","22.3","16000"
"TOP WING DC Au Cable 2.5 DC変換ケーブル（2.1/5.5, 2.5/5.5）","11840","25","","3","¥ 5,500","","7","B0FTLSWF6Z","B0FTLS1PN5","23.4","14.5","1.3","40"
"Jinchuan 竹製篠笛 横笛 和楽器 伝統的な手作りお祭り・お囃子用 (7穴6本調-麻布袋付き)","11870","28","","","¥ 6,199","","2","B0G4H425NC","B0H6KFN5XS","46","1.5","1.5","120"
"【単品】 ジェネピス アシストペダル 2023年モデル 標準品 総合ピアノサービス ピアノ補助","11823","31","","21","¥ 16,400","¥ 16,400","5","B0BZTL4ZBT","","14.5","10.2","7.9","370"
"スズキ(Suzuki) SUZUKI スズキ スレイベル 鈴25個 BH-25B","5595","12","","12","¥ 5,312","¥ 5,312","2","B07L4BFL8X","","36.4","9.8","9","960"
"COZENTA ギター エフェクターボード 軽量 アルミ合金 傾斜型 ペダルボード 携帯式 (42x32)","13576","23","","1","¥ 5,290","","1","B0GPQ4ZGPH","B0GPQFQFKS","44","32","6.4","620"
"キクタニ モニタースピーカースタンド DJ用 天板:195mm×155mm 高さ:245mm インシュレーター付 DJ-SPS","8956","45","","128","¥ 5,651","¥ 5,651","5","B00NEA6DO0","B0D7M4GJQF","24.9","17.3","6.4","2150"
"ワイヤレスマイク UHF 2人用 ピンマイク/ヘッドセット両対応 Alvoxcon 送信機2台 受信機1台 自動ペアリング 40m安定通信 クリップ式 スマホ カメラ 拡声器対応 動画撮影 講演 授業 日本語説明書付き TG120","11800","45","","227","¥ 9,180","","1","B082MKR7WQ","","19.3","18.3","8.1","480"
"Valeton GP-200X ギターペダル マルチエフェクトプロセッサー ギター ベース アンプ モデリング IR キャビネット シミュレーション FX ループ MIDI I/O エクスプレッション ペダル ステレオ OTG USB オーディオインターフェイス","8957","22","","43","¥ 56,100","","47","B0DF21LM7P","","39","29.6","9.4","2962"
"STEDMAN PROSCREEN101 メタルポップガード","8964","74","","112","¥ 11,385","","63","B0001Z99R4","","24","17.2","5.7","272"
"Denis Wick デニスウィック ミュート トランペット コルネット用 ストレート アルミ 5504","8966","51","","794","¥ 11,680","","42","B0002DV6J4","","16.7","9.7","9.7","109"
"Phil Jones Bass (PJB) NANOBASS X4 Black ベースアンプ コンボアンプ フィルジョーンズベース","8982","27","","16","¥ 38,940","","21","B09224LB8G","","25","24.3","21.4","3180"
"ARIA A-35SCE アリア クラシックギター ナイロン弦 ピックアップ内蔵 スプルース単板トップ エレガット","8987","13","","4","¥ 35,200","","2","B0DTKB6YCK","","105","45","20","6000"
"TAMA タマ ISO-BASE サウンド･リダクション･パッド ""ペダル用"" 1pc入り TIBP1 ブラック","8990","16","","6","¥ 9,780","¥ 9,879","6","B0C1WBQRNS","","48.3","22.4","4.1","998"
"Zetsuto 500W FOG スモークマシン フォグマシン 18個のLEDライト&13個のカラフルなライト効果 ポータブルスモークマシン リモコン付き ハロウィンスモークマシン フォグフォガーマシン パーティー、結婚式、DJ、ステージショー用 舞台ライト","4998","34","","16","¥ 6,330","","2","B0DBGD3GYS","","27.7","19","15.7","2200"
"ONETONE ワントーン 電子ドラム ロールアップドラム スピーカー内蔵 充電池駆動 日本語表記 OTRD-05 (フットペダル/ドラムスティック/オーディオケーブル/USBケーブル/日本語マニュアル付属)","8994","28","","11","¥ 8,887","¥ 8,887","3","B0CDFN5X7B","","50.5","19","9","1450"
"Blackstar/FLY 3 Bass 3W 3ワット小型デスクトップ型ベースアンプ [オーバードライブ内蔵]","5003","32","","19","¥ 8,904","","12","B07BF6VHMB","","18","13.5","11","850"
"ヤマハ(YAMAHA) エレキギター PACIFICA112V OVS オールドバイオリンサンバースト 純正ソフトケース付属","9001","41","","128","¥ 33,000","¥ 33,000","5","B001HV67L2","B09RQ33SJN","109.2","45.7","12.7","5080"
"KC ギター足台 スチール製 GF-1500 x 10個セット (ソフトケース付)","9005","59","","154","¥ 17,600","¥ 17,600","1","B012YWXYJU","B073VL66CL","31.5","25","14","7200"
"ヤマハ YAMAHA 電子ピアノ 88鍵盤 YDP-145 ARIUS アリウス 固定椅子 ヘッドホン ブラックウッド調 ブラック","9006","36","","42","¥ 98,000","¥ 98,000","2","B09WK61J3Q","B0BFF69LBM","142.9","56.4","43.4","54700"
"TAMA タマ STAGEMASTERシリーズ ダブルレッグ スネアスタンド HS40WN","11962","32","","70","¥ 8,361","¥ 8,361","5","B07Q6RBWD7","B081SXT5JQ","35.5","15","10","2550"
"Pearl PBC-511CC ボックスカホン／プリメーロ パール","11875","35","","112","¥ 15,100","","3","B07KLCZK4V","","51.8","35.8","35.6","6020"
"BOSS ボリューム・ペダルフット・ボリューム FV-500H","9014","54","","461","¥ 22,000","¥ 22,222","10","B000SI1NZK","B0FLXVP7G3","36.3","12.5","8.7","1740"
"弥音閣13インチ15音専門家、Ｃ調、タングドラム 、スリットドラム 楽器 打楽器 ヨガ 瞑想 禅 祈り 楽譜付き (13インチ15音専門家(Ｃ調律紺色))","12997","9","","1","¥ 9,800","","1","B0F999Q4VG","B0F5WL197R","35","35","20","5000"
"Tokyo Music Supply バリトンサックス用リードケース 5枚用(スライド式) BX5S","18468","16","","12","¥ 6,800","","1","B07N1RMTS3","","12.9","11.6","2.2","160"
"MAHALO (マハロ) MASTERシリーズ オール単板 コンサートウクレレ PU付 全数出荷前検品 MM2E NAT ピックアップ有","17179","16","","3","¥ 26,400","","1","B0B8WWLJRB","B0BBTYG8TP","61.9","25.3","9.8","1070"
"ヤマハ YAMAHA 6チャンネルミキシングコンソール MG06 最最大2 Mic / 6 Line入力 マイクプリアンプ「D-PRE」搭載 堅牢なメタルシャーシ","9813","83","50","800","¥ 16,900","","11","B00I2J4WJG","B0BJ9V236V","26.9","24.7","11.7","1461"
"MACH ONE マッハワン バイオリン 肩当て メイプルコンフォート サイズ:4/4","9034","27","","74","¥ 12,155","","3","B007JOPLJU","","29","10.4","4","80"
"スリットドラム 15音12インチDメジャー タングドラム 10色から選択可能 スチールドラム メタルマテリアル打楽器 多用途 ハンドパン 収納バッグ付き (銀)","6264","13","","1","¥ 7,980","","1","B0GY9D9QMK","B0GY91Q1NT","33","32","19","3500"
"Gibson/GA-STOOL4 Premium Playing Stool Star Logo [Short] ギブソン バー スツール","12110","15","","4","¥ 14,800","","2","B08LZ69GVC","","60","55","10","5000"
"Longeye FOLD 電子ピアノ 88鍵盤 折り畳み式 デジタルピアノ MIDI対応 譜面台付属 ペダル付属 充電型 128種音色 2重音色 日本語説明書 専用ケース付き 鍵盤シール付き 携帯型 長時間利用可能 軽量小型 初心者 子供 練習 ブラック","9045","34","","332","¥ 17,800","","1","B08JV4KYVS","","75","21","14","4000"
"BOSS TURBO Distortion DS-2","9047","44","","545","¥ 15,000","","16","B000RW2H4S","","15.1","9.3","6.6","500"
"Squier by Fender エレキギター Classic Vibe 50s Telecaster®, Left-Hand, Butterscotch Blonde ソフトケース付き","11985","16","","45","¥ 74,063","¥ 74,811","6","B07T6GHGJR","B07T9L6J9D","114.3","45.7","12.7","6192"
"audient iD24 10in/14out USBオーディオインターフェース","9074","19","","147","¥ 51,700","","36","B0BTTWTLZD","","24.8","18.4","9.7","1450"
"Technics SL-1200MK7-K ダイレクトドライブターンテーブルシステム テクニクス","9088","16","","37","¥ 126,000","","8","B07S2JY9DH","","57","43","24","11400"
"キクタニ(Kikutani) 【安心の日本企業取り扱い製品】キクタニ 【折りたたみ式】電子ピアノ 61鍵盤 充電式 KDP-61P BLK","11835","32","","11","¥ 15,082","¥ 15,082","9","B0BNWG2PTK","B0CJ2F4ZFN","59.4","27.3","25.5","3700"
"La Bella 760FHB2/Hofner Beatle Bass/ .039-.096 /Stainless Flat Wound","9091","48","","561","¥ 7,680","","18","B0080NT456","B09KNTRMN7","16.6","15.9","1","82"
"BOSS/MS-3 Multi Effects Switcher ボス マルチエフェクター スイッチャー","9092","51","","54","¥ 49,500","","13","B072C8F36F","","38.2","19.6","12.4","1800"
"BOSS ギターアンプ KATANA-MINI ACアダプター シールド ヘッドホン付 セット","9102","13","","","¥ 18,800","","2","B0H4FQ5K35","","42","31.3","28.7","2940"
"Gustard U26 USBデジタルインターフェースDDC、DSD2048 PCM1.536MHz OCXO K2オーディオインターフェース、USB/10MHzクロック入力、デュアルIIS/AES/光/同軸/BNC同軸出力、低ノイズ高精度デジタルブリッジ、黒","9104","15","","7","¥ 157,999","","2","B0FZKK44ZV","B0G3WX71YD","43.6","33.6","18.5","5738"
"軽量なトラベルカホン、ギター弦内蔵、豊かな響き (9.4cm x 23cm x 29cm、1kg、エンジニアードゼブラウッド製)","11972","22","","6","¥ 10,999","","1","B0DQ7F7W9Q","","34","28","13.2","1570"
"TOMBO トンボ 複音ハーモニカ C#調 超特級 イワサキソロ 21穴 1921S","11981","31","","2","¥ 14,210","¥ 15,960","4","B005DVQYLK","B019W1YBA2","18.3","5.4","3.7","236"
"KIMFBAY 電子ピアノ 88鍵盤 木製デザイン ピアノ 88鍵 ポータブルピアノ ブラック","9127","42","","232","¥ 18,300","","1","B0BQXTRYB6","B0DCNPPJL5","133.8","29.2","15.3","10000"
"【マイバチ工房 極】極スタンダード 金達人監修 ヒバ ロール処理型 マイバチ ２ヶ月保証付き 光沢あり (WHITE)","11711","47","","239","¥ 6,980","","1","B0CWL7VM2R","B08HHSRTKP","44","11","4","250"
"持鈴 じれい 五鈷鈴 金剛鈴 小 12cm","12048","7","","","¥ 23,100","","1","B0DDC1D3BV","B0DDC7VCG5","13.5","6.6","5.5","170"
"鈴木 アウトフィット バイオリン No.230 4/4","5104","6","","22","¥ 65,600","¥ 75,556","3","B001GV222Q","","84","26","16","2280"
"Nobsound PF8 プロフェッショナル シンプル スタジオ マイクスクリーン 音響 フィルター デスクトップ 録音用ウインドスクリーン","11629","60","","155","¥ 5,598","","2","B07B4RP2D7","","21.2","19.2","17.9","300"
"MicroKits Synth-a-Sette｜シンサセット｜ポケットサイズ｜アナログシンセサイザー｜音楽ガジェット｜バナナで演奏できる電子楽器キット","9141","25","","233","¥ 6,930","¥ 8,134","4","B0BM82V2KL","","14.3","11.8","3.3","222"
"Saramonic Air SE ワイヤレスラベリアマイク、48kHz/24ビット、USB-Cミニマイク（iPhone 15/16/17およびAndroid対応）、24時間録音、Vlog、ライブ配信、YouTube、インタビュー用ワイヤレスラベリアマイク（TX+TX+RXU）","15059","9","","22","¥ 10,900","","1","B0GPX7DNLG","B0H2DMXDT7","12","8.4","3.4","100"
"MOOZICA 15インチ 15音 スリットドラム 440Hz 白","17527","8","","4","¥ 28,980","","1","B0F7LF7DC8","B0GXRD4474","40","40","40","5300"
"【KIWAYA】U-kit ソプラノサイズ ウクレレキット （製作動画あり） DIY 国内検品（本格音色が楽しめる 説明書付 カンタン組立 大人も子どもも楽しめる おうち時間に 手作りウクレレ ）","17751","16","","45","¥ 7,549","¥ 7,549","5","B08T8RPT7P","","30.5","22.6","7.1","500"
"MEINL マイネル ソニックエナジーコレクション カリンバ ソリッドカリンバ サペリ材 17キー Cメジャースケール KL1702S (ケース/バッグ/クロス/チューニングハンマー付属) 【日本正規品】","18042","8","","35","¥ 15,000","¥ 15,000","6","B08T3JPF4B","B0FBS713Y2","28.2","21.2","8.6","910"
"バンドーレン Vandoren B♭クラリネットマウスピース ジュノ 【JCM3005】 J5","12254","4","","2","¥ 6,408","¥ 6,408","6","B0GR6TJQ3R","","15.2","4.5","4.4","50"
"JYX PartyBoxワイヤレスマイク、デュアルUHFハンドヘルドダイナミックマイク、レシーバー付き、6.35mm(1/4インチ)出力、3.5mm(1/8インチ)アダプター、クリアな音声、充電式バッテリーカラオケマイク、すべてのスピーカーに対応","11867","29","","276","¥ 18,863","","3","B0FVSFNPFN","B0FT7TJH76","26.8","11.2","7.4","640"
"Jマイケル テナーサックスセミハードケース TNC-501","9160","21","","28","¥ 17,800","¥ 18,072","5","B006YSWADM","","89","40","23.6","2800"
"TERENCE 折り畳み 電子ピアノ 88鍵盤 タッチレスポンス鍵盤 軽量 充電型 4ユニットスピーカー MIDI対応 スタンド付き ホワイト V20","9164","46","","19","¥ 14,421","","1","B0G7HGCYXZ","B0HD7JNKST","80.5","28.5","21","6870"
"Sasuori 初心者入門5点セット Bb B フラット トランペット 黄銅製 吹奏 金管楽器","11976","17","","8","¥ 15,152","","5","B09LVGM3ZV","","54.1","17.2","16.6","2200"
"Yinfente スタンダードBBトランペット大人用,初心者キット ケース付き シルバーメッキ 7C トランペット マウスピース クリーニングキット ホワイトグローブ 真鍮楽器","12261","10","","53","¥ 19,000","","2","B0DB89SFPY","B0DB8MT3FF","54.1","27.4","16.5","2563"
"Strymon/blueSky V2 ブルースカイ リバーブ","9167","25","","59","¥ 62,800","","30","B0B3TXJC2X","","20","11.5","7.9","630"
"マイク ワイヤレス 全機種互換 瞬時接続 360°集音 超ミニ 軽量","12206","2","","","¥ 8,499","","2","B0HF13KPQ9","","11.5","10.8","3","120"
"ヤマハ YAMAHA エレキギター PACIFICA PAC212VQM CMB 純正ソフトケース付属","9171","21","","59","¥ 38,390","¥ 38,836","6","B003VXE6WG","B01K1ILOU0","108","46","11","6001"
"【KIWAYA】KLC-Sop/IV ソプラノサイズ用 ウクレレライトケース (ロングネック対応 丈夫で軽量 収納可能なショルダー付)アイボリー","12036","32","","10","¥ 5,503","¥ 5,503","2","B0B1TYQ4HD","B0B1S8N9Y6","68.8","28.1","13.9","850"
"Hercules DJControl Mix Ultra – スマートフォン用モバイルDJコントローラー (iOS/Android)","9183","75","","290","¥ 28,500","¥ 28,500","3","B0DMTBMS7D","B0H8SRHHRR","39.6","25.5","8","1792"
"Pioneer DJ パフォーマンスDJミキサー DJM-250MK2","9183","53","","29","¥ 54,490","¥ 54,490","8","B06XCTSS96","B08HLZCL2Z","41","30","21","3980"
"ボーカルトレーニング用シンギングストロー、シンガー用メタルSOVTボーカルストロー4本。","12276","9","","18","¥ 5,685","","10","B0FL1SX9BS","","24.1","3.4","3.1","68"
"ヤマハ YAMAHA カジュアル管楽器 Venova テナーヴェノーヴァ YVS-140","12300","14","","19","¥ 26,260","","3","B09HBSNYNV","","41.1","21.8","15","1400"
"Sennheiser (ゼンハイザー) プロファイルテーブルスタンド USBマイク用 | 3/8インチ & 5/8インチ マウントオプション | ブラック (700102)","9188","8","","28","¥ 10,925","","9","B0BTPZKWLS","","10.5","10.4","2.5","79"
"バンブー Bambu リガチャー Ebクラリネット/ソプラノサクソフォン用 【US03】 UNA(ウナ) カラー:ピンク","12288","7","","1","¥ 6,226","¥ 6,226","1","B0DZ25JBMP","B0DZBX3W3C","7.6","6.7","4.9","20"
"NATIVE INSTRUMENTS ネイティブインストゥルメンツ/M-シリーズキーボード KOMPLETE KONTROL M32","9192","41","","2162","¥ 15,520","","11","B07N2VQ1NH","B083FZXDYK","57.7","26.9","15.2","1823"
"Gator Cases ゲーター セミハードケース アルトサックス用 角型 ナイロン製/EPS内装 軽量設計 Adagio Series GL-ALTOSAX-R23 [ショルダーストラップ付属] 【国内正規品】","11851","47","","32","¥ 19,635","¥ 17,988","4","B0BW2KZD46","B0C998NLZ2","69","30.2","22.2","2336"
"アーニーボール ERNIE BALL 2833/HYBRID SLINKY BASS×2SET ベース弦","12292","8","","19","¥ 6,600","","4","B003N115YI","","19.5","16.8","2.2","108"
"ANYTITI 150W IP67 防水 12V LED電源 屋外LEDライト用","9203","7","","291","¥ 7,383","","3","B08Q2TWYRJ","","24.8","8.5","5.3","608"
"BOSS ボス VE-22キャリングバッグ CB-VE22 VE-22/VE-20の収納に最適 高耐久性 柔らかな内部構造 複数の外部ポケット","12235","11","","12","¥ 8,800","¥ 8,808","3","B0CSPKQBGP","","37.9","27.3","18.9","868"
"Demonfx Freedman BE-ODX Plus/OverDrive - Distortion オーバードライブ - ディストーション ギター エフェクター","14796","24","","5","¥ 13,680","","1","B0FSYZN9XL","","16.3","15.8","6.6","580"
"MEINL Cymbals マイネル HCS Series スプラッシュシンバル 12"" Splash HCS12S 【国内正規品】","5094","28","","1471","¥ 9,500","¥ 9,500","3","B001FB63H2","B0F9V77JDD","30.7","30.4","2.7","460"
"La Bella LTF-4A Low T. Flex Flat 042/100","12371","11","","261","¥ 8,380","","31","B00MITW0EA","","16.6","16.2","1.4","91"
"Vondynote ギターアンプスタンド キャスター付き 調節可能なコンボアンプスタンド チルトバック","9230","3","","258","¥ 13,346","","6","B0CJ8QGDMJ","","43.1","32.1","11","4995"
"BOSS/GX-100 Guitar Effects Processor ボス","9231","53","","202","¥ 72,600","","12","B09TP19SXG","","59.6","28.4","13.9","4390"
"WITTNER ウィットナー 木製メトロノーム 最高級ウォルナット つや消し仕上げ 814M","12007","45","","599","¥ 34,762","¥ 34,762","1","B000X4O478","B06ZZ5Z1SF","23.5","13","12.9","580"
"ZOOM ズーム H8 ハンディレコーダー 12トラック録音 8チャンネル入力 24bitフロート録音 マイクカプセル交換対応 映像制作 音楽制作【国内正規品/メーカー3年保証付】","9236","57","","33","¥ 42,900","","6","B08C9SDFVM","B0F6MFZ1L4","21.8","16.3","7.3","710"
"FIFINE ブームアーム マイクスタンド マイクアーム 卓上マイクスタンド 延長ポール付き BM66T","9244","28","","17","¥ 8,459","","1","B0D2D3779Z","","53.4","17.2","5.4","2200"
"HAMMOND ハモンド HAMMOND44 PRO-44Hv2 鍵盤ハーモニカ エレアコモデル","9250","44","","25","¥ 40,040","","8","B084CCQG66","B0G3VWBPB8","67","18","13","2000"
"パール(Pearl) Pearl パール トレーニングドラム スタンド付 SDN-14N","9255","40","","53","¥ 13,200","","5","B00L9QJGCC","","55.2","45.6","21.8","6680"
"LP エルピー カホン Festivo Cajon ブルー LP1442-BL","12408","3","","3","¥ 19,700","¥ 24,496","3","B00R24AS5E","B0DLP27N9Y","53","37","37","6600"
"Positive Grid Spark NEO ワイヤレスギターヘッドホン","9262","51","50","41","¥ 39,600","","1","B0DVFRGZBQ","B0GX69NS5X","31.4","26.7","10.7","780"
"Gator Cases ゲーター ギグバッグ エレキベース用 ジャズベース/プレシジョンベースタイプ対応 バリスティックナイロン外装 ブラック Transit Series GPX-BASS 【国内正規品】","12038","34","","23","¥ 22,000","¥ 22,264","4","B075GZBYQP","B07QD96V3H","129","43","12.8","2540"
"Betopper 4x100Wアンバー/CW撮影録画ハイCRI/RA>95 スポットライト、舞台照明ガンダム13000+ Lm、ステージライト用4つのアイマトリックスパーライト、ウェディングフォトスタジオ劇場用のDjディスコライト 専門設備 高輝度 音声連動 多色変更 舞台/演出/結婚式/パーティー/カラオケ/バー用","16526","18","","1","¥ 33,999","","1","B0DXFLY1PJ","B0DHMTX9H9","41.4","39.3","25.6","8680"
"【全てホワイトで揃う同色セット】カシオ LK-340 WE ホワイト 光ナビゲーションキーボード 61鍵盤 光る鍵盤 レッスン機能付き 練習用に最適 カシオ LK340 【LK-335後継機種LK-340】 セット品 (単品)","15001","7","","","¥ 20,100","","1","B0G3KT2BDM","B0G3L1CX8G","98","31","13","10000"
"バック トランペット マウスピース 3B 銀メッキ仕上げ","16561","3","","21","¥ 12,222","¥ 12,222","22","B0002E2AG6","","10.7","3.3","3.2","100"
"TERENCE 電子ピアノ 61鍵 タッチレスポンス鍵盤 キーボードスタンド付き 軽量 MIDI対応 充電可能 ブラック TS-02","9290","39","","121","¥ 11,592","","1","B0GGH95DWB","B0HCZXC4N4","102","31.2","19","7580"
"Mg Leather Workのレザートランペットマウスピースポーチ本革ケース、1口用ホルダー、トランペットアクセサリー(ポーチシングル、ライトブラウン)","15287","3","","8","¥ 8,467","","1","B08DV86134","B0DCSRWHH3","10.9","8.4","5.2","18"
"Roland ローランド GO:MIXER STUDIO/GOMIXERST オーディオミキサー オーディオインターフェース 楽曲制作 レコーディング iPhone/iPad/Mac/Windows対応 USB-Cバスパワー動作 ブラック 黒","9296","64","","11","¥ 43,600","¥ 40,000","9","B0G6KMDFHF","","20.9","15.9","10.9","820"
"FLEOR Alnico5 ギターハムバッカーピックアップセット ブラック ブリッジ＆ネック LPスタイルギター対応パーツ","9297","20","","138","¥ 5,239","","2","B0CKTDZ41Y","B09QSLG9B1","25.4","23","2.7","280"
"Effects Bakery Maritozzo Bass EQ グラフィックイコライザー ベースエフェクター","12052","36","","19","¥ 6,270","","5","B09RWMYK3H","","10.1","6.6","6","190"
"Legere BCES3.50 European Cut バスクラリネットリード (3 1/2)","9308","21","","14","¥ 5,940","","6","B07G77K85S","B0F9NZVGLK","11.5","7.1","1.4","18"
"Ex-pro イーエクス・プロ FL楽器用シールドケーブル FL-3LS L字×ストレート 3m","12106","32","","24","¥ 5,500","¥ 5,506","7","B000WLY7HE","","28.5","20.2","3.2","270"
"KMsound MOGAMI2534 XLRマイクケーブル NEUTRIK 金メッキ 4.5m 紫 ""Compatible with"" +【MOGAMI2534使用】 (紫色, 4.5ｍ)","6069","12","","","¥ 5,000","","1","B0GSVTX727","B0GSVXC6Z7","25","15","2","70"
"[国内正規品]Pedaltrain PT-NANO (PT-NANOエフェクター用ペダルボード&ソフトケース付属モデル)","3150","21","","365","¥ 10,450","","4","B004O09XA0","","43.2","22.8","13.7","1510"
"Pearl パール スネアスタンド ライトウェイトシリーズ S-53SLN-14","12273","18","","17","¥ 7,778","¥ 7,778","8","B01E5BI3GW","B0CNGCTN6P","34.9","14.6","8.8","1944"
"TAMA タマ STAGEMASTEREシリーズ シングルレッグ ブーム・シンバルスタンド HC43BSN","12305","23","","24","¥ 8,041","¥ 8,381","7","B07NS7P11Y","B09YVJR2KF","55.8","10","9.8","3320"
"Meinl Percussion ボンゴドラム 6.5インチ、7.5インチ — 中国製ではありません。","12150","22","","955","¥ 32,735","","8","B0DVHYVPSV","B09TPN9NCR","45.2","24.7","22.3","4218"
"NEO by OYAIDE Elec PA-02 XLR V2 2.0m マイクケーブル ラインケーブル","9329","42","","14","¥ 7,810","","6","B00R17CQ02","","29.7","24","2.5","300"
"YAMAHA PACIFICA012 RED METALLIC エレキギター 初心者 入門モデル パシフィカ オンラインストア限定","9337","54","","349","¥ 28,900","","1","B000MLY7XS","","112","34.6","11.8","5100"
"Mastery Bridge マスタリーブリッジ リプレイスメントブリッジ Offset Bridge ミリ規格 M2 (ジャズマスター/ジャガー/ムスタング用) 【国内正規品】","14901","12","","13","¥ 48,070","¥ 48,556","2","B07VD16WY7","","10.6","7.7","3.7","160"
"Limetone Audio/JCB-4S-Flat シグナルジャンクションボックス","9340","15","","4","¥ 11,880","","3","B097ZN8NRQ","","14.4","8.8","6.6","240"
"VOX ヴォックス 10W コンパクト・ギター・アンプ Pathfinder 10 RED","9343","37","","20","¥ 9,900","","11","B00R13BWFQ","","40.6","30.8","19.4","5720"
"Pearl パール カラー ボックス カホン スタンダード(ソフトケース付) #スカイブルー PCJ-CVC/SC #SB","5132","14","","22","¥ 13,970","","1","B01GX2BKAC","B01H1F9QS8","51","39","35","6760"
"[Kali Audio] LP-6 V2 単品 パワードモニタースピーカー DTM リスニング ミックス Black ブラック 黒 アクティブ 6.5インチウーハー","9350","16","","119","¥ 25,300","","2","B09MLT8C45","B0G4LSYY71","47.6","33.2","28.8","7960"
"Legere Légère Reeds 高級合成木管リード テナーサックス フレンチカット 強度2.50 (TSF2.50)","9353","19","","32","¥ 5,450","","4","B07GFC7FK7","B0CPFQKPQZ","11.5","7.2","1.4","23"
"CASIO(カシオ) Casiotone CTX-240 電子キーボード 49鍵盤","9358","23","","860","¥ 13,200","","3","B003KZ41M0","B0GJ43HB32","101","28","13","4581"
"KIMFBAY 電子ピアノ 88鍵盤 木製 ピアノ スタンドセット ポータブル 電子ピアノ オレンジ","3071","27","","17","¥ 23,420","","1","B0F911FW7F","B0F913SKCM","136.5","40","17.5","14000"
"BELCANTO コントラバス弦 バラ(A) BC63","9363","6","","6","¥ 11,770","¥ 11,770","1","B003BJ4FXU","B01HB1GAEK","23.4","21.5","1.3","60"
"BONKYO F999 カラオケセット家庭用 DJ ミキサー セット ライブ サウンドカード 男声 女声 ボイスチェンジャー/マイク スタンド タブレット アーム スタンド/マイク ポップガード ポップブロッカー クランプ式 実況者や家庭用カラオケに適用 日本語説明書付き 黒","2289","46","","26","¥ 5,500","","1","B0DBHCY8FM","","41.7","23.8","7.7","1480"
"KORG(コルグ) クリップ式メトロノーム MetroClip 3Dビジュアル・ディスプレイ/どこでもクリップ/個人練習/パート練習/マーチング練習/コンパクト MTC-1","9365","53","","8","¥ 5,960","","20","B0G62K9KD5","","9.3","8.1","3.2","60"
"自由研究 カンカラ三線 キット 手作り楽器","22290","9","","8","¥ 8,800","","1","B008I06Z9O","","76.7","20","12","500"
"Frezon ディスコボールライト パーティライトデ 舞台照明 3 つのマジックボール 家庭用カラオケ・ダンス・誕生日・結婚式・クラブ パーティーデコレーションに","12389","12","","","¥ 5,790","","2","B0GSTJGH66","","21","20","13","700"
"KATOLITE 吸音パーテーション プライバシーパネル キュービクルディバイダー 吸音 防音 モジュラー設計 ジッパー接続 家庭用 企業用 学校用 K-501 (ベージュ, 高さ167cm 幅169cm)","12378","20","","2","¥ 29,999","","1","B0G1SDWJ63","B0FZJZFCX7","166","59","12","17440"
"ベリンガー USB オーディオインターフェース 2入力 2出力 24bit192kHz BEHRINGER U-PHORIA UMC202HD","9387","38","","3346","¥ 15,950","¥ 15,950","18","B00SAV0VP0","B08VXNHWGH","25.4","15.7","8.9","844"
"CASIO LK-335 光ナビゲーションキーボード 61鍵盤 カシオ","9404","56","","24","¥ 14,800","","14","B0DCJ1SZVG","","100","33","14","10000"
"ティーシーエレクトロニック(Tc Electronic) デジタルリバーブペダル コンパクトサイズ 選択可能な""Spring""""Plate""""Hall""アルゴリズム トゥルーバイパス SKYSURFER MINI REVERB Blue","9405","37","","208","¥ 8,140","¥ 7,150","3","B093WPYPS5","","13.5","8","6.4","370"
"TAMA タマ STAGEMASTERシリーズ シングルレッグ スネアスタンド HS40SN","12132","52","","23","¥ 6,851","¥ 7,151","8","B07Q5M5M4M","B081SYWH1H","35.8","14.6","10.1","2460"
"SUZUKI スズキ 鍵盤ハーモニカ メロディオン アルト PRO-37v3","9409","42","","115","¥ 26,400","¥ 26,400","7","B07MMRF1H1","B07N11JL8D","49.5","43.2","18.4","2200"
"SOULWIT 2Pcs ファーリー ポップフィルター for Blue Yeti Nano 用 風防キャップ - ブラック","9412","9","","1","¥ 5,130","","1","B0H4M9QD6Z","B0H4ZKDTGX","23.1","14.2","3.1","40"
"BluFied 電子ピアノ ピアノスタンドセット キーボード 88鍵盤 MIDI対応 プロ仕様のタッチセンサー搭載 超薄型 軽量 初心者ok プロ向け 充電式スピーカー内蔵 鍵盤シール 日本語説明書付き 日本語マニュアル付属 スタンドセット同梱 黒(モデル Ph88S)","12218","30","","3","¥ 17,350","","1","B0FLPYJHH8","","128","35","12","9740"
"アップライトピアノ用防音ラグ ドラムマットバスドラム スネア滑り止めパッド グランドピアノ用電子ドラムキット防音マット防音カーペットパーカッション 楽器 防音フロアマット (A, 凹形70*160cm+异形110*110cm)","2774","20","","1","¥ 8,480","","1","B0GZ2BQ29C","B0GZ24JN4T","110","10","9","2000"
"Cordoba (コルドバ) トラベルナイロンギター 全長873mm Mini II FMH 【国内正規品】","12444","14","","102","¥ 40,700","","1","B07FTD35GC","B07KFN3N1R","94.2","31","12.7","1950"
"JHS Pedals ジェイエイチエスペダルズ エフェクター オーバードライブ Morning Glory Clean 【国内正規品】","9419","25","","14","¥ 29,368","¥ 33,333","17","B0GHZG4F8H","","14.6","8.7","8.2","365"
"KORG(コルグ) ボリューム/エクスプレッションペダル EXP-2","9420","32","","202","¥ 7,920","¥ 7,927","6","B000UPFXZ2","","22.2","10.9","9","620"
"オーディオテクニカ 2.4GHz帯デジタルワイヤレスシステム ヘッドウォーンマイクロホン ATW-1101/H ヘッドセットマイク付属 SYSTEM10シリーズ","9425","35","","9","¥ 42,800","¥ 42,800","3","B00BNPBRV2","B0CKF4GHKJ","35","27.4","10.8","1100"
"アコースティックギター セット 41インチ 初心者 アコギ バスウッド&テックウッド材 練習用 弦楽器 フォークギター スチール弦 おしゃれ 小学生 大人兼用 人気","12173","13","","42","¥ 8,990","","1","B08G49GB5R","B0H9RB1XH8","110","50","13","3030"
"ウインドジャマー WJｰLM 日本製 (全38種) (M白黒セット)","9432","17","","60","¥ 18,500","","1","B07KW7SLNW","B01HV54GKG","18.4","10.2","3.2","129"
"Arnxian 雨音防止マット 吸水防音マット 屋根キャノピー用 厚さ1.5cm 防炎防水 カット可能 滑り止め 断熱吸音 防振パット 耐候性 屋根騒音対策 (90x100cm,Gray)","20870","8","","1","¥ 5,708","","1","B0H1H8ZDZH","B0H1H7HXQV","85","85","9","5000"
"Btuty MIDI コントロール USB MIDIコントローラーミキサー MIDI ミキシングコンソール 43 ボタン 8 ノブ 8 プッシュボタン BT 接続バッテリー/Type-C 電源 USB MIDI コントローラーミキサー、ほとんどの電子音響楽器用","12324","23","","5","¥ 5,960","","2","B0D2NWMNNG","","29.7","14.8","6.1","600"
"MXR TAP TEMPO SWITCH /タップテンポスイッチ 【国内正規品】","9452","12","","2","¥ 7,583","¥ 7,583","3","B01I51JV82","","14.1","11.5","6.7","190"
"【初心者8点セット！】Aostinオースティン・UMI-1C Pro・コンサートウクレレ・カッタウェイ仕様／コンター加工・マホガニー材【安心の３年保証】【付属品８点セット：国内保証書・チューナー・厳選11曲の教則本・コードチャート・ピック・ストラップ・ポリシングクロース・ソフトケース】UMI-1C Pro","5150","21","","243","¥ 11,980","","1","B07JY716TY","","67","27.5","9.5","1300"
"CICONIA トロリースピーカー CTX08BS ワイヤレスマイク 2本付 リモコン Bluetooth LEDライト 室内 屋内 屋外 野外 アウトドア 会議 音楽再生 カラオケ ポータブル PAセット","5181","31","","46","¥ 17,982","","5","B097317HYR","","50","30.5","28.4","4910"
"MOOZICA 15インチ 18音 スリットドラム 440Hz 黒","12526","10","","33","¥ 19,533","","1","B0CQPGJKM2","B0GSMMLLPV","42.6","41.8","22.4","5270"
"BOSS/NS-1X Noise Suppressor ボス ノイズサプレッサー ノイズリダクション NS1X","9475","58","","43","¥ 26,400","","10","B0CHNY5MLV","","14.9","9.4","6.3","570"
"HOHNER ホーナー ハーモニカ SPECIAL 20/Ab カントリーチューニング【国内正規品】","9476","38","","1","¥ 8,405","¥ 7,640","2","B09XHFG5LL","B0B36HKM87","21.4","13.3","3.9","120"
"TRIAL Retro Reverb ギターエフェクター リバーブ","9478","2","","9","¥ 37,400","¥ 37,778","3","B07YTLR3TB","","15","11.4","7.6","320"
"オーディオテクニカ AT-PMX5Pポータブルマルチミキサー","9481","70","","178","¥ 8,773","¥ 8,773","9","B00008B5DO","B097F5VCNT","24.2","17.1","7.2","750"
"RAKU ピアノ椅子 二人掛け ピアノイス 高低高さ微調整可能 楽譜収納付き 無段階ネジ式昇降 ベンチタイプ 幅76cm 奥行36cm ホワイト","14741","18","","42","¥ 9,995","","1","B097LSYJ6M","B0BY8PKFSH","86","37","22",""
"ZBLZGP XLR 4ピンオス - XLR 4ピンメス 電源延長ケーブル カメラモニター Godox VL150 VL200 VL300 LED照明用 (レギュラー 4ピン XLRケーブル 5M)","15547","6","","","¥ 6,785","","1","B0CQXG4ZVX","B0CQXCMQKZ","7.6","5.1","5.1","91"
"【国内正規品】 dbx 音響測定用コンデンサーマイクロホン RTA-M","9484","7","","294","¥ 24,200","","3","B0002DVCAM","","32.4","25.1","11.5","680"
"【新型】ニコマク NikoMaku ロールピアノ 88鍵盤 キーボード 【日本語表記 音質アップ】SWAN Roll-up ロールアップ 充電型 MIDI対応 折りたたみ 128種音色 ペダル 練習用イヤホン 鍵盤シール付き 日本語説明書 携帯型 軽量 小型 入門 初心者向け","11655","50","","28","¥ 7,880","","1","B0DKFG8Y7X","","28.4","23.6","10.1","1590"
"CTS 450G ポット250KΩ Aカーブ ミリサイズ 真鍮 ショートスプリットシャフト1/4インチ 10% ポテンショメーター エレキギター/ベース用(10個セット)","6093","5","","4","¥ 11,605","","1","B0F1N6YP2R","B0DX6GHNT5","1","1","1","100"
"Roland ローランド グルーブボックス MC-101 リズムマシン 持ち運び 電池駆動可能 4トラックシーケンサー ドラム/ベース/シンセサイザー USB接続 DTM 打ち込み 作曲","9494","27","","226","¥ 59,800","","11","B07VZZPX9W","","32.3","20.3","10.2","1338"
"C/D/E/F/G キー フルート 笛子セット 竹笛 紫竹 苦竹 初心者用 中国伝統楽器","12407","5","","25","¥ 5,199","","1","B07KP6R3L2","B07RPVZWS1","35.6","9","5.5","250"
"AT2020 コンデンサーマイク 安心スターティングセット -3mマイクケーブル、ポップブロッカー、アームスタンド付-","5182","35","","2","¥ 14,800","","1","B0FX3STJD1","","47","35","25",""
"JBL PMB100: 有線ダイナミックボーカルマイク ケーブル付き ブラック JBLPBM100BLKAM","9500","44","","1154","¥ 11,583","","19","B08LR3YWTY","","22.5","10.7","6.9","431"
"UNIVERSAL AUDIO Apollo Twin X DUO | Gen 2 with UAD Analog Classics Apolloデスクトップ 国内正規品","12267","36","","7","¥ 159,920","¥ 172,222","7","B0DKNP8CQC","","20.2","20.2","14.2","1960"
"B.AIR ビーエアー BIRD STRAP クラリネット用ストラップ BS-CL-STD スタンダード・モデル","9503","13","","9","¥ 5,445","¥ 5,445","7","B01HHMV6XS","","29.5","17","1.9","56"
"チベットシンギングボウルセット-100%手打ち ネパールサウンドボウル 瞑想、ヨガ、チャクラ、瞑想アクセサリー、女性、男性へのユニークなギフト(4イン","9507","19","","340","¥ 5,980","","3","B09NBSWJ8Y","","11.1","11.1","8.2","358"
"MOOSONピアノカバー 薄灰色 直立型ピアノ適用 弾力性面料 高密着性 厚手素材 優れた防尘効果 シンプルスタイル 練れたデザイン防塵カバー(ライトグレー)","12293","33","","33","¥ 5,134","","1","B0BZ3RX4MD","B0FCM973T2","35.8","29.9","7.8","1021"
"Jマイケル アルトサックス用セミハードケース ALC-501","13387","24","","36","¥ 13,800","¥ 13,939","6","B003A3VV9S","","69.6","35.4","22.4","2140"
"AT2040 ダイナミックマイク 安心スターティングセット -3m純正マイクケーブル、アームスタンド付-","15028","9","","9","¥ 15,990","","1","B0B9JKKRNC","","47","35","20",""
"shakuhachi五孔尺八楽器初学入門シャクハッチ七孔尺八桂竹 (巻線1尺8寸D管)","12586","10","","4","¥ 6,200","","4","B0CBSTHF7C","B0CBSTWD7D","1","1","1","1000"
"ローランド Roland/BRIDGE CAST ONE/ゲーミングDACアンプ/オーディオインターフェース/配信/ゲーミングミキサー/Mac/Windows / PS5 / ボイチェン/ブリッジキャスト ワン/BRC-ONE","9530","82","","42","¥ 25,544","¥ 23,287","18","B0DBTBRC3X","","21.8","19","10.7","640"
"Yany SIXS(ヤニー・シクス) リガチャー エボナイト用(逆締め/1つネジ) アルトサクソフォーン B♭クラリネット兼用 金メッキ仕上","9532","11","","20","¥ 21,483","","10","B07NKJVQ34","B091PH5G93","11.8","9.7","5.5","40"
"リコ バリトンサックスリード リコロイヤル 3番","12355","27","","199","¥ 7,304","¥ 7,531","6","B0002E1U7Q","B09HBNZC1R","10.1","7.2","2.5","50"
"petsola 【スポーツ観戦応援グッズ】応援ドラム 応援太鼓 フロアタム 打楽器 応援グッズ 試合 観戦 体育祭 スポーツ大会 運動会 パーティー ダンス 野球 バスケ サポーター 盛り上げ 応援団 部活 学校 サッカー観戦・学園祭・イベント応援に最適, レッド","18414","18","","3","¥ 15,060","","1","B0GXDVX2XN","B0GXDQK3N5","45","45","45","3000"
"楽器用マイク サックスマイク ラリネット トランペット 金管楽器用 LIVE 演奏会 充電式 コンパクト N90","9538","24","","464","¥ 7,550","","1","B088TN7576","","17.6","15.4","3.8","150"
"S.Yairi ヤイリ ウクレレ 教則DVD付きセット YU-S-01K","17767","10","","1","¥ 13,213","¥ 13,213","1","B078GTG8QH","B08PLK59B8","57","25","11","2000"
"MAHALO コンサート ウクレレ ソリッドボディー EUK-200","12564","8","","64","¥ 30,800","¥ 34,141","2","B00BER72OA","B08DRNQS4W","70","30","9","1420"
"Acogedor 4チャンネルオーディオミキサー、デュアルワイヤレスマイク付きプロフェッショナルBluetooth USBサウンドミキサー、ライブストリーミング用MP3サウンドボードコンソールシステム、16 DSP &デュアルLバンドイコライザー","9549","9","","3","¥ 9,599","","2","B0C695QDCD","","33","31","7","1495"
"Native Instruments グルーヴ制作システム MASCHINE MK3 Black","9561","28","","1054","¥ 75,510","","35","B075FNQ1RN","","38.1","38.1","12.7","2935"
"Audio-Technica AT2040 ダイナミックマイク アームスタンド基本セット -3mXLR-XLRマイクケーブル、アームマイクスタンド付-","12417","24","","10","¥ 14,480","","1","B0B9JKZVHP","","47","35","20",""
"ヤマハ ピアノ椅子 No.51","9573","39","","20","¥ 22,809","","3","B000XQ2DM4","","69","37.2","20.6","11140"
"Xotic エキゾチック エフェクター ブースター/オーバードライブ Soul Driven 【国内正規品】","12346","33","","44","¥ 30,489","¥ 30,489","12","B06ZZY7P83","","14","7.8","6.8","340"
"パール(Pearl) Pearl パール シンバルホルダー CH-70","12392","33","","530","¥ 5,430","","7","B0002DXAW0","","54","16.2","3.5","1040"
"トヤマ楽器 AULOS(アウロス)シンフォニー テナーリコーダー バロック式 ハードケース付 511B(E)","9591","15","","10","¥ 7,700","¥ 7,700","3","B00GUARK3Y","","43","13","7","460"
"CASIO(カシオ) 純正 イス 高低自在 CB-30BN","14500","27","","289","¥ 16,500","¥ 16,500","10","B002GK2QPO","B00DFUIK7W","60","39.4","20.8","9621"
"ちゅら咲 沖縄三線 中型サイズ","5117","29","","24","¥ 21,800","","1","B07KDM4T4Y","","75","22.5","11","2350"
"Behringer DI ダイレクトボックス アクティブタイプ ファンタム電源駆動 OT1トランス搭載 DI100 シルバー","12497","17","","1061","¥ 6,346","¥ 6,346","6","B000CCSWPQ","","15.8","13.4","6.9","760"
"ヤマハ(YAMAHA) サイレントブラス ユーフォニアム用 SB2J 充分な消音性 自然な音色と吹き心地","9614","31","","13","¥ 39,200","¥ 39,200","6","B0C5MG35MB","","46.1","30.2","28.8","2410"
"TOUGH-TX タフティクス ギグバッグ エレキギター汎用マルチタイプ YKK製TOUGH ZIPPER搭載 TX-EGM5","12453","24","","7","¥ 10,120","¥ 10,222","3","B0D117SCNP","","120","50","10","1600"
"HERCULES ダブルベース用スタンド DS590B","12664","5","","619","¥ 12,018","¥ 12,018","2","B003AYRUSI","","91.9","71.9","11.7","4173"
"THOMASTIK チェロ弦セット SPIROCORE G,C JARGAR A,D","9618","32","","56","¥ 25,100","¥ 25,190","4","B06Y2JJ6J9","B08HLZDNFT","12.2","12.2","1.4","40"
"BARTOLINI（バルトリーニ） プリアンプ エレキギター／ベース用 PREAMP XTCT 【国内正規品】","12679","5","","1","¥ 12,915","¥ 12,915","1","B016NUMBUW","","14.5","8.5","6.2","80"
"TRIAD-ORBIT (トライアッドオービット) M3-R 【ボールスイベル機構により360°× 190°に角度調整可能 ラージダイアフラム型マイクロホンや撮影機器の取り付けに最適】 5/8インチ径マイクアダプター ロングシャフトモデル [ヒビノ正規輸入品]","12471","22","","5","¥ 5,500","","1","B07TKP7WHF","","15.2","8.3","3.9","250"
"スヌーピー リードケース クラリネット（5枚入）ブラック","9621","31","","45","¥ 6,900","","3","B003YF2GNC","","12","9.6","2.2","120"
"Musiclily Pro ST-DPHAアルニコ5 シングルサイズハムバッカー セット ホワイトボディ ブラックレール","12702","5","","28","¥ 5,019","","2","B0DCK6G36C","B0DG8LK96F","1","1","1","100"
"Donner 電子ピアノ 88鍵盤 でんしぴあの ベロシティセンシティブ鍵盤 タッチ MIDI 3本ペダル スタンド アダプター付 温かみを感じる木製 初心者 コンパクト 日本語説明書 オーク調 DDP-60","9627","13","","50","¥ 33,282","¥ 33,282","1","B0C2GKKHTC","B0DW7PJ3TN","142","39","24","23000"
"【◆選べる保証プラン＆セットオプション◆】【組立設置納品】カシオ AP-S200 APS200 電子ピアノ 88鍵盤 MIDI対応 Bluetooth対応 本格的タッチ感 スマート機能 88鍵 鍵盤タッチ感 鍵盤タッチ (防音マットセット【延長5年保証】, ブラック BK)","17763","7","","","¥ 104,500","","1","B0DXKSDP2V","B0DY4FR4CK","139.3","80.3","29.9","34000"
"プロテック PROTEC バストロンボーン用 軽量セミハードケース MX309CT ブラック","12698","6","","89","¥ 25,500","","3","B016SCVQ9C","","97.5","38.1","32.8","2835"
"狭型コーナーベーストラップ | 拡散・反射・吸音 | 50x23cm | 2個入 | 穴あきプレートの色: [REBAT-Horizont | ナット]","15196","7","","1","¥ 13,564","","1","B0D3VLBXSQ","B0D3YB8HNR","56","56","22",""
"カーボンマック ビオラケース CFA-2S サテン ブルー","12557","15","","12","¥ 69,520","¥ 70,222","6","B01LWYV3CY","B00VWKTHE2","85","32","18","3000"
"Frezon 200W COB LED ステージライト 高輝度 舞台照明 ディスコライト DMX512 8チャンネル 0～100%リニア調光可能 パーティー用 スポットライトパーティライト DJ用ディスコライト ステージ照明 日本語取扱説明書付き","5108","21","","6","¥ 11,990","","1","B0CWGDQ5BL","","40.3","24.4","21.5","3510"
"【総代理店】 スタイロフォン オフィシャルキャリーケース付 【日本語説明有り】 Stylophone S1 シンセサイザー 電子楽器 レトロサウンド アナログシンセサイザー","9657","19","","256","¥ 7,865","","1","B0C7WDX6V9","","19.8","13.8","5.1","349"
"Fender パーツ Pure Vintage '58 Precision Bass® Bridge Assembly, Nickel/Chrome","5265","16","","34","¥ 7,700","","24","B00IJYA8QK","B078ZYD19M","14","12.7","1.8","102"
"TOA ワイヤレスマイク用充電器 BC-1000","12538","18","","5","¥ 38,410","¥ 38,800","8","B0009VXZWU","","27.6","13.6","12","1020"
"POGOLAB 折りたたみ 電子ピアノ ロールピアノ USB充電式 内蔵スピーカー MIDI対応 軽量 携帯可能 LCDディスプレイ付き 初心者向け (61鍵盤)","12568","16","","1","¥ 7,499","","1","B0H1C2KL8H","","27","23","9.3","1700"
"Rycote (ライコート) インビジョンサスペンション7HG INV-7HG MKIII 【国内正規品】 JPRYC041118","9678","37","","115","¥ 9,882","¥ 9,882","2","B00FYOHPXM","","12.9","11.5","8.4","150"
"TAMA タマ シンプルながら好みの締め具合に調整可能なクローズドハイハットアタッチメント MXA43","9690","9","","17","¥ 5,771","¥ 5,771","4","B08332H3HF","","37.7","15.6","6.1","930"
"TroyStudio ポータブルレコーディングボーカルブースサウンドボックス - リフレクションフィルター & マイクアイソレーションシールド 、大型、折りたたみ式、スタンドマウント可能、高密度の吸音フォーム","9695","52","","1","¥ 6,499","","1","B0G6X443FX","B0GF81BYF9","48.2","46.1","15.5","2250"
"ピアノカバー アップライトピアノカバー フルカバー レース おしゃれ柄 やわらか 厚手 フリル 遮光 ダストカバー フリル付き エレガント 北欧 クラシック 軽量 ダストカバー ピアノプロテクター ピアノカバー ピアノハンガー ピアノ用カバー 間口148-153cm通用 (ピアノカバーのみ,A) [並行輸入品]","15232","5","","2","¥ 6,380","","1","B0F1DHGGH6","B0F1CTFLXW","1","1","1","1000"
"BOSS ボス CB-EG15 ギターギグバッグ エレキギター用 ギターケース ブラック","12618","5","","","¥ 17,600","¥ 17,616","4","B0H87BXS12","B0HGNPBFFW","110","41","14.5","2180"
"Squier by Fender スクワイヤー エレキギター Squier Sonic™ Stratocaster® Left-Handed, Maple Fingerboard, White Pickguard, Black ソフトケース付き","9706","12","","74","¥ 34,980","","6","B0BVR95CKG","","104","36","12","4480"
"オーディオテクニカ ATH-E70 モニター イヤホン 有線 ゲーミングイヤホン ゲーミング レコーディング ミキシング","9708","84","","338","¥ 52,000","¥ 52,800","13","B01AXSYIVA","B0B1LQQNV6","16.8","12.3","10.2","195"
"【国内正規品】 JOYO ジョーヨー R-03 UZI(ディストーション) エフェクター Friedman Be-ODスタイル","12646","9","","65","¥ 6,280","","2","B07N48W5DZ","","15.4","10.7","6.7","330"
"Mad Professor マッドプロフェッサー エフェクター FACTORY Series オーバードライブ Sweet Honey Overdrive FAC 【国内正規品】","9711","22","","37","¥ 24,691","¥ 24,691","14","B00FWKAXLO","","13","8","6","340"
"イーサプライ ピアノ椅子 キーボードベンチ 幅60cm 高さ調節4段階 座面クッション 背もたれなし ワイド EEX-CH72","15087","14","","97","¥ 7,450","","1","B082KGYRH2","","70.5","38.5","15.5","7500"
"ハリソン・ハーツ アルトサクソフォン用リガチャー A2 シルバープレート(銀メッキ)仕上げ","17430","10","","30","¥ 9,488","¥ 9,488","2","B01BL91YE4","B077ZK4XVF","5.5","4.9","4","30"
"ヤマハ YAMAHA アコースティックギター FS SERIES ターコイズ FS820TQ","12587","18","","15","¥ 34,889","","9","B08QZFZG69","","110","57","17","5000"
"24bit/192kHz オーディオインターフェース ギター、ポータブルなUSB-CおよびLightning対応ギター録音インターフェース","9725","34","","21","¥ 6,999","","1","B0GQYDYLXY","B0HF7SQ9L1","16.5","9","2.3","150"
"Frezon ステージライト スパイダー ムービングヘッド 80W 8LED RGBW 舞台照明 7/15チャネル ステージ照明 DMX対応 ムービングライト ディスコライト ホームパーティー対応 小型 軽量 回転角度540度 耐熱性 耐摩耗性 4制御モード ホームパーティー対応 パーティーライト 日本語取説書付き","9736","12","","1","¥ 7,980","","1","B0CZKHP1LV","","31.8","19.3","18.9","2550"
"Sadowsky ブルーラベルベース弦 ニッケル弦 5弦 045-130 SBN45B Blue","9737","12","","1","¥ 5,380","¥ 5,386","3","B095LHGWJ9","","14.8","14.5","2.8","180"
"TASCAM パワーディストリビューター/コンディショナー AV-P250","9739","24","","80","¥ 30,800","","7","B00A6GPTNG","","55.3","39.7","13.3","4368"
"JVCビクター ポータブルワイヤレスアンプ PE-W50CDB (CDプレーヤー内蔵）","3178","21","","3","¥ 82,200","","3","B01J2K2EAC","","55","33","32","6300"
"トヤマ楽器 AULOS アウロス ソプラノリコーダー 702B(G) ハーカ ジャーマン式 (付属品 ソフトケース ワンタッチ指かけ、掃除棒、グリス)","3334","6","","64","¥ 8,580","","1","B00A9Z3UZ8","","36.4","6.4","3.3","140"
"East topクロマチックハーモニカ C调 12ホール48トーン 高気密加工 良い音色 耐久性 ステンレスカバー キャンバスケース 清潔布 初心者 専門家 勉強 練習用 ハーモニカ クロマチックハーモニカ12穴(T12-48K)…","12580","23","","12","¥ 8,098","","1","B087BQJ2KL","","18.8","7","5","280"
"ワントーン カリンバ (親指ピアノ) 21キー 初心者セット ローズウッド材 OTKL-21/RW (専用ケース/クロス/指サック/キーステッカー/調整用ハンマー/日本語マニュアル&楽譜集付き)","12644","9","","6","¥ 5,827","¥ 5,827","6","B0B27XJM8Z","B0G6FZLFKS","23.4","19.2","7.4","650"
"DDJ-400/DDJ-SB3/S2 MK3/ラップトップ17インチ/レコード収納可能 DJコントローラー対応バッグ/a.m.p UF-400","12539","25","","9","¥ 10,890","","2","B07V2L498S","","55","43","15","1000"
"ARTIGIANO&VIOLIN カーボンファイバー ビオラ弓 AW-102","12541","19","","1","¥ 10,800","","1","B0BKSQWXH1","B0CGQQL1G9","76","25","2","200"
"SUZUKI スズキ 鍵盤ハーモニカ メロディオン アルト 32鍵 パステルピンク MXA-32P 軽量本体 ハードケース","9763","29","","650","¥ 6,980","","1","B015F867S0","B08WZL7PBV","47","18","5","1000"
"篠笛 天柊 Tenshu ドレミ調 唄用 和楽器 伝統工芸 (6本調子／7穴)","12254","26","","4","¥ 19,890","","1","B0CTHXYDFM","B0CTHY57MT","44.9","6.1","2.1","50"
"novation LaunchPad Mini MK3 MIDIコントローラー ローンチパッドミニ","12563","35","","2471","¥ 15,800","","24","B07WNSHR3V","","21.3","19.8","5.4","650"
"Ableton/Move | サンプラー","9766","33","","49","¥ 69,800","","3","B0DRCKDYLF","","37","19.5","10.6","1991"
"KALA ウクレレ The Waterman ソプラノ クリアカラー Amber Yellow KA-WMT-YL-S 【国内正規品】","12595","17","","64","¥ 7,192","¥ 7,192","1","B0B4KM4JPQ","B0CTM9KTJP","55.4","19.6","8.6","726"
"HERCULES ギタースタンド GS525B","9769","31","","2452","¥ 14,800","","2","B004P0MWCU","B08R3SCCS8","102","72.5","12","5976"
"AKG C214 コンデンサーマイク 正規輸入品","9770","50","","936","¥ 45,800","","5","B003SO5OZQ","B08R3Q68VH","28.8","23.6","9.9","1395"
"BOSS ボス BCB-90X ペダルボード エフェクターケース ジャンクションボックス搭載 軽量＆高耐久設計 ライブ機材 スタジオ機材 ホールディングパッド付属 配線整理","9778","29","","109","¥ 22,000","","5","B08T9CJJRL","","69","42.2","13.8","4600"
"midiplus minicontrol Midiキーボードコントローラ DTM定番ソフト Cubase LE付","12633","11","","34","¥ 5,900","","1","B086V2KD9N","","52.5","16.5","8","1190"
"SCUD バンジョーテールピース カーシュナースタイル ニッケル BP-TPKS","21984","10","","2","¥ 5,556","¥ 5,556","2","B088DQXFQD","B08GKKCDBG","15","13","5","100"
"【国内正規品】 Bigsby ビグスビー / B7 Original Kalamazoo™ Series ( シルバー ) [ B7 ]","15306","4","","5","¥ 25,680","","1","B000Y7TA0U","B06WP4L1TK","24.2","12.3","7.2","470"
"HMX X Sillyworks Nap Switch、工場で潤滑されたリニアThockyメカニカルキーボードスイッチ(37g,70PCS)","15362","4","","2","¥ 5,499","","1","B0F5HTCC2C","B0F5HV5V46","20.3","12.7","10.2","200"
"Fender ピックガード11-HOLE '60S VINTAGE-STYLE STRATOCASTER® S/S/S PICKGUARD, MINT GREEN","12622","16","","238","¥ 5,000","","28","B0002KZFXU","B07674HFPR","27.5","26.2","1.2","125"
"TOA 卓上型マイク600Ω 不平衡 ホーンプラグ付 PM-660","9791","48","","21","¥ 11,800","","3","B0757CYMVN","","25.5","20.2","10.9","720"
"YAMAHA PACIFICA012 ブラック エレキギター 初心者 入門モデル パシフィカ ヤマハ","9795","52","","371","¥ 28,900","","1","B00123DQT6","","107","49","11","5000"
"Free The Tone SL-4S-NI-10K ソルダーレスケーブルキット","12640","29","","15","¥ 13,560","","6","B07T6GWYF5","","16.6","12.4","2.6","250"
"SHURE インラインアッテネーションスイッチ A15AS 【国内正規品】","9798","14","","245","¥ 8,581","¥ 8,581","2","B0002J1JKY","","19.5","13.9","2.2","100"
"NIGHT ナイト オカリナ Classic シリーズ ACI アルトC調 アイボリー (ケース付属)","12249","35","","29","¥ 6,262","¥ 6,262","6","B08CRKLXTG","","20.2","14.4","6.8","300"
"Photogenic フォトジェニック エレキギター 初心者入門 エントリーセット TLタイプ サーフグリーン TL-180/SFG [ソフトケース/シールド/アンプ/チューナー/ストラップ/ピック/ピックケース/弦/ワインダー/教則DVD/調整用レンチ付属]","17680","20","","4","¥ 24,040","¥ 24,040","2","B0C9QNB73Y","B0FLQ3J567","104","56","16.5","10000"
"Donner × MIYAVI 3 in 1 ギターエフェクター Chorus・Delay・Reverb 空間系マルチペダル Dimension Weaver","9815","56","","23","¥ 13,698","¥ 13,698","1","B0FFRXM65B","B0GNLTGGT7","27.9","10.9","6.2","540"
"マリゴ Marigaux オーボエ用リードケース バネ式 5本収納 カラー:ブラック","9818","32","","25","¥ 7,211","¥ 7,211","1","B07MWJYRGX","","11.5","10","3","80"
"GENELEC 8030CP リファレンス・モニタースピーカー grey グレー (1本) 北欧 フィンランド製","15148","24","","2","¥ 79,200","","1","B07N837NS1","B0CQCZGV89","48","19","15",""
"キクタニ(Kikutani) JOYO Bluetooth搭載 5W 充電式アンプ JA-02 II BLK/BEI","12670","13","","16","¥ 7,700","","8","B0C8YJJRFM","","16.3","11.2","9.2","430"
"ツインペダル ダブルベースペダル ダイレクトドライブ式 バスドラムキック用 フットペダル付 滑り止めグリル設計 ツインドラムペダル 調節可能 パーカッション用 ドラムキットアクセサリー 高速リバウンド ダブルチェーンドライブ ブラックカラー 爽踩锤","12647","17","","17","¥ 11,280","","1","B0C7GC7C1G","","36.7","26.6","20","4190"
"Behringer アナログ/デジタルドラムマシン 11のボイス パラアウト Wave Designer/Analog Filter エンハンスドモード/オーセンティックモード RHYTHM DESIGNER RD-9 White","9837","16","","56","¥ 43,780","¥ 43,780","1","B097BRN4MH","","53.6","35.7","11.9","3610"
"One Control ワンコントロール Xenagama Tail Loop MKIII -3 Loop with T.O. and BJF Buffer- / 3ループ スイッチャー バッファー搭載","12818","13","","","¥ 17,380","","3","B0BB6T16G6","","26.8","7.8","6.6","320"
"RightOn! STRAPS ギター・ベース用ストラップ 幅 6cm、長さ 98~145cm LEGEND DG PURPLE","12838","10","","9","¥ 10,667","¥ 10,667","4","B0874293CX","B095YLBD15","20.7","19.8","7.1","200"
"MAHALO マハロ ラップトップカホン トラベルカホン BIRD MPJ1BD","9845","33","","4","¥ 6,847","¥ 6,847","4","B0DJ5WXBBD","","25.4","25.4","5.6","340"
"JHS Pedals パッシブアッテネーター風ペダル Little Black Amp Box (国内正規品)","9846","17","","1267","¥ 13,213","¥ 13,213","9","B00CIHB8FY","","14.4","8.5","8.4","200"
"ヤマハ YAMAHA アコースティックギター FG800","8977","13","","39","¥ 33,222","","2","B01BEQT716","B07JMFTVS7","100","50","10","2000"
"エージ アクリル フリースタンド 日本製 クリア Sサイズ幅18×高20.7cm AG-BSS-CL (× 4)","12781","6","","211","¥ 6,640","","","B0H8DKN898","B0CRYDTVZB","21.2","19.2","12.2","1200"
"ヤマハ YAMAHA エレガットギター NTX1BL","12701","20","","34","¥ 59,400","¥ 53,030","2","B085953ZX6","B0FKMJY966","125","58","18","3100"
"TOA マイクロホン PM-240","9875","18","","4","¥ 9,700","","5","B003W3SHXE","","20.4","7.4","6","295"
"ワイヤレスマイク Alvoxcon ワイヤレスマイクセット UHF ワイヤレスハンドマイク カラオケ ハンドヘルドマイク ボーカルマイク 録音 拡声 カメラ スマホ 軽量 動画撮影 ハンド型 1人用 CK210","5804","15","","91","¥ 5,780","","1","B07FJMM5TQ","","30.1","13","6.7","430"
"Fosi Audio サウンドコントロールライトバー リズムライト ミュージックビジュアライザー ミュージックライト サウンドライト ミュージックイルミネーション 音楽連動ライト ヴィンテージチューブ RGBアンビエントライト マイクボイスピッキングボリュームディスプレイメーター ホームステレオシステムデスクトップ用 感度調整機能付き 日本語説明書 AH-01A","9876","34","","200","¥ 8,415","","1","B0F5W83FPQ","","22.5","17.3","5.9","390"
"YXXTEAH 吸音パネル 吸音材 防音シート 接着剤付き 賃貸 剥がせる 30×60cm 防音材 吸音シート 防音壁 吸音ボード 高密度 軽量 部屋用 設置簡単 消音 騒音 防音 窓楽器 部屋 壁 DIY 防音対策 (1.8㎡（10枚）,ブラック)","18120","3","","3","¥ 5,580","","1","B0GXZ9SF8Q","B0GXYW6KXB","63","33","20","3000"
"ローランド ROLAND JC-120P Jazz Chorus ギターアンプ コンボ レバースイッチ仕様","9882","14","","2","¥ 132,000","","4","B09K741S3V","","84","65","37","37000"
"カラオケマシン ワイヤレスマイク2本付き Bluetoothカラオケスピーカー 6.5インチサブウーファー Echo調整 PAスピーカー 録音機能 TFカード/USB/AUX対応 家庭用 パーティー","12851","4","","2","¥ 8,480","","1","B0GR91MQN3","","38.9","30.8","19.6","3190"
"ヤマハ YAMAHA MODX M8用ソフトケース キャスター付 SC-MODX M8","12806","20","","","¥ 29,606","","7","B0FWJSMJCD","B0FX7ZSP52","136.5","43","23","4300"
"ZOOM EXH-8 外部XLR入力拡張カプセル H8専用 ブラック","12891","14","","2","¥ 8,000","¥ 8,000","5","B09NR718HY","","16.4","14.5","7.5","320"
"Fender エフェクターボード Pedal Board with Bag, Small","11871","41","","79","¥ 10,650","¥ 11,378","13","B09KKG28YR","B09SHHZCNC","52.9","40.9","21.7","3710"
"MEINL Percussion マイネル タンバリン Compact Wood Tambourine Stainless Steel 2rows CTA2WB 【国内正規品】","9893","22","","178","¥ 5,500","¥ 6,222","5","B00SBSOV1W","","29.3","23","7.6","400"
"防音室 1人用 80×80×80cm 簡易防音ブース 吸音材5cm フェルト製 吸音・遮音 ノイズ低減 外側グレー/内側イエロー 卓上防音ボックス 在宅ワーク｜電話営業・コールセンター オンライン商談 録音・発音練習 間仕切り 組立簡単 騒音対策","5860","5","","1","¥ 13,999","","1","B0H5P6RR4K","","46","1","1","1000"
"SONICAKE T&T オーバードライブペダル ギター・ベース用エフェクトペダル 純アナログ回路 QDS-07","12720","1","","10","¥ 8,800","","5","B0GMPP2YZR","B0HG4MB4MQ","16.2","11.9","7.7","458"
"Darkglass Electronics ダークグラスエレクトロニクス ベース用オーバードライブ Vintage Microtubes Overdrive (国内正規品)","12855","5","","4","¥ 37,400","","4","B00FQ44SEE","","12.7","9.1","6.8","374"
"summina専門オーボエCキー半自動ニッケルメッキ木管楽器オーボエリード手袋カバーハンドバッグクリーニング布ミニドライバー","12797","6","","35","¥ 53,609","","3","B09LH4G127","","37.8","23.7","11.4","1900"
"UNIVERSAL AUDIO SD-1 SDシリーズ 195 x 60 mm(マイク本体のみ) 国内正規品","12704","14","","19","¥ 42,600","¥ 43,333","5","B0B8VGY3M7","","26.4","18.6","14.2","1300"
"ヤマハ YAMAHA アコースティックギター STORIA II","5334","18","","10","¥ 50,270","","4","B09SNQKWGK","","105.5","48","14.4","2720"
"DAITO VOICE DS-100CR 10cm オーディオ スピーカーユニット 4インチ 15w - 20w","14879","9","","","¥ 5,370","","1","B0D5YS8Z52","B0CC2SKQ5H","14.4","13.2","13.2","1090"
"ウィットナー 折りたたみ式譜面台 961D（ブラック）ソフトケース付き","17861","7","","2","¥ 7,300","","1","B07C9Z2V6T","","36","7","5","1100"
"【ミニスピーカースタンド+マイク 2本 セット】 YAMAHA Bluetooth対応PAシステム STAGEPAS400BT","9924","24","","36","¥ 111,400","","1","B07P2HTLYZ","","76","61","42",""
"【国内正規品】Xvive エックスバイブ XV-U7/SAXTP ワイヤレスマイクシステム 管楽器用 サックス トランペット対応 マイク付属モデル 2.4GHz 軽量 コンパクト ノイズレス仕様 充電式／Wireless for Saxophone & Trumpet セット品","15468","5","","","¥ 33,000","","1","B0GTKKX9KH","","19","14.5","7","10000"
"Geekria オーディオサンプラー アクリル保護ケース 防塵カバー Akai Professional MPC Sampleポータブル Grooveboxに対応 磁気開閉デザイン (蛍光オレンジ)","9952","2","","1","¥ 8,459","","1","B0H264DL62","","29.5","26.5","8.2","860"
"Blitz ブリッツ エレキギター SGタイプ ワインレッド ソフトケース付 BSG-STD WR","9959","24","","19","¥ 27,800","","4","B001I4Y2A6","","108","45","11","4699"
"タリア カポ Thalia Capos Exotic Shell Series/BLACK RIPPLE カポタスト ギター 12インチフレットパッド付属 (Black Chrome/BLACK RIPPLE)","12776","20","","9","¥ 12,880","","5","B0DKBCYZR1","B0DKCQ8Z45","9.2","9","3.9","180"
"MACKIE マッキー 超コンパクトエフェクト内蔵アナログミキサー MIX12FX 国内正規品","9961","31","","95","¥ 19,800","","1","B0129SXC6E","B08HLZDKW3","37","33","8.6","2780"
"PROMARK プロマーク ドラムスティック LA SPECIAL WoodTip 5B 6ペアセット LA5BW-6P (406 x 15mm) 【国内正規品】","15298","11","","1","¥ 8,373","¥ 8,373","1","B083WJ245Q","B08D7CP7YC","42.1","9.4","4.4","710"
"YAMAHA / AG03MK2 WHITE AT2040 [BX3ケーブル] PCユーザー向け 配信/DTMセット -AT2040ダイナミックマイク、純正マイクケーブル、アームスタンド、AUXケーブル、便利なスリーブバッグ-","9966","2","","2","¥ 44,000","","1","B0BBQMWN3Q","","47","35","20",""
"Voicease ヴォイシーズ 片手で持てる防音室 カラオケ 防音 マイク ボイトレ 自宅 家庭 グッズ 録音 スマホ 通話 配信 マスク","9974","45","","18","¥ 28,600","","2","B0BX5H9146","","37.3","14.2","14.2","950"
"Betopper LF105 150W ステージストロボライト、RGBW LEDステージライトバー、7x15ピクセルコントロールゾーン、30Hzストロボスピード、DMX512サウンドアクティブフラッシュDJライトバー、クラブ用ディスコウォッシュライティング、1パック","3246","11","","29","¥ 12,999","","1","B0FYX55PM5","B0GCGHPSC8","47.5","33","12.2","3520"
"BOSS/GA-FC EX Foot Controller フットスイッチ ボス","9979","24","","74","¥ 19,800","","8","B0BG2HQ5QK","","44","12.8","9.9","1310"
"Thomastik バイオリン弦 PETER INFELD ペーター・インフェルド π・セット","9981","18","","401","¥ 19,800","¥ 20,055","15","B003JEAHES","B08HLZH6H7","10.5","10.2","1.4","18"
"ヤマハ YAMAHA エレキベース 5弦 TRBX305 CAR","12798","22","","100","¥ 49,060","¥ 50,404","4","B00CINBCV8","B01K1IRF2Q","125","58","18","7000"
"Coolmusic DM30 AMP 30 ワット電子ドラム アンプ キーボード アンプ Aux 入力と BT、2 入力、3 バンド EQ と DI 出力","9988","36","","171","¥ 15,999","","2","B0B49TJHRN","","40.2","36.3","30.5","6840"
"MEINL マイネル Sonic Energy Collection シンギングボウル プロフェッショナルマレット SB-PM-MF-L 【国内正規品】","15412","7","","21","¥ 8,000","¥ 8,000","3","B00XWEV0TG","B014QWHB6S","37.7","12.8","10.6","120"
"ONKODO 2534 Yケーブル (4.4mm5極オス ︎ XLRオス×2) (0.75m)","6655","6","","28","¥ 8,400","","1","B08WCQDZ3F","B08WC8ZY9T","22","14.8","1.9","120"
"ORANGE Orange Terror Bass ベースアンプヘッド D-TERROR-BASS","13031","7","","11","¥ 134,885","¥ 134,885","18","B07HRW7DBC","","38.1","26.4","24.1","6418"
"Vetimobato バイオリンケース 4/4 & 3/4サイズ用 – カーボンファイバーハードシェルフィドルケース 調節可能なマジックファスナー付き 2つのボウホルダー 軽量 & 保護トラベルバイオリンボックス 学生&大人用 (ブラック)","12847","11","","14","¥ 21,355","","3","B0CLRRT4W1","B0CNLR77X4","80","30.5","16.5","2223"
"パナソニック マイクロフォン WM-531","9994","23","","8","¥ 10,836","","4","B000JCERTE","","24.2","13","9.6","740"
"Effects Bakery エフェクツベーカリー KAMOME DISTORTION/ディストーション ギター エフェクター ミニペダル","12787","20","","18","¥ 5,480","","4","B0C3WBMR4G","","10.2","6.5","5.9","360"
"アマナマナ ティンシャ プレミアム M 浄化 ヨガ 瞑想 チベット ベル プロ ミニ 清らかな音","10001","12","","33","¥ 20,460","","1","B082L3R1PY","","22.2","14.8","5","240"
"VOX(ヴォックス) アンプ内蔵ギター APC-1 リズムマシン搭載/エフェクター内蔵/トラベルギター/電池駆動 オレンジ","12813","28","","17","¥ 33,000","¥ 39,967","6","B0DKXSHS23","B0DL56QTCT","111","43.5","11.5","4800"
"Logitech (Logicool) MeetUp用 拡張マイク Expansion Mic ミュートボタン付き ノイズキャンセリング 会議用マイク ビデオ会議 会議室 [海外パッケージ品]","5369","11","","","¥ 26,800","","1","B0GT87QSYR","","18.8","17","3.8","434"
"RODE Microphones ロードマイクロフォンズ ラベリア II 薄型ラベリアマイク LAVALIERII","12820","22","","486","¥ 17,480","¥ 17,480","15","B09MJ1N2D9","","32.1","23.5","2","70"
"TC Electronic アナログBBDコーラスペダル 伝説的なコーラスを再現 BBD素子を使用したアナログ回路設計 9VDCアダプター対応 高ヘッドルームプリアンプ内蔵 高いS/N比 SCF GOLD","10031","34","","93","¥ 16,263","¥ 16,263","4","B09PYMTV5N","","14.2","10.9","6.3","430"
"バウストア DR-293CL DR-293CL-BK DR-293CL-CMY 互換 ドラムユニット ブラザー用 4個セット","5347","10","","10","¥ 6,660","","1","B0B84VBFXS","","33.4","27.8","16.2","1750"
"LEKATO マルチエフェクター ギター用、125エフェクト、30アンプモデル、40秒ルーパー、NAM/IR対応、USBオーディオインターフェース、OTG機能、充電式","12927","18","","12","¥ 8,999","","1","B0H14WKF6G","","17","11.6","5.9","400"
"ペルナンブコ・ヴァイオリン 弓 コンサルト用 可愛い外観 確実な性能と知られ Pernambuco Violin Bow","13196","7","","27","¥ 7,795","","1","B00BT54YDY","","76.2","10.2","2.5","91"
"MEINL Percussion マイネル ボンゴバッグ Professional Bongo Bag MBB 【国内正規品】","12444","18","","47","¥ 15,111","¥ 15,111","2","B0007ZCHP4","B07P3KCTC1","54","36","22","1860"
"レトロダイナミックボーカルマイク、古いヴィンテージスタイルのカーディオイドマイク、亜鉛合金クラシックマイク、KTV、ライブパフォーマンス、スタジオ録音、ポッドキャスト、セルフテンション回転ラック用 (金)","12887","12","","3","¥ 5,521","","1","B0DMWHQZS5","B0DMWKBVV8","20","14","7","660"
"ヤマハ YAMAHA フラメンコギター CG182SF フラメンコギター入門者に最適なモデル 表板にはゴルペ板を装着 クラシックギターよりも弦高を抑えた高い演奏性","10046","25","","64","¥ 44,500","","2","B00WS0NZF2","B07JMQD3P7","140","61","18","4001"
"Pearl スネアスタンド S-930","12877","16","","174","¥ 12,320","","11","B00COL1VVA","B0CN3DRXVB","39.7","14.5","11.1","3506"
"KALA カラ ウクレレ Satin Mahogany Series マホガニーボディ テナー エレキ仕様 KATE-WBAG20_06 [KA-TE 後継モデル] (ケース付属) 【国内正規品】","12608","12","","1","¥ 33,944","¥ 33,944","1","B08QFCV7MB","B0CV3NSMHC","75","28.8","13.6","1340"
"Revol effects レヴォルエフェクツ エフェクター ベース用 オーバードライブ ZEBRA BASS DRIVE EBOD-01","10055","5","","6","¥ 6,040","¥ 6,040","4","B07H323LKH","","10.8","6.6","5","160"
"Kithouseワイヤレスマイク カラオケ 無線マイク 充電式ダイナミックマイク UHF 10チャンネル 技適認証済","14931","24","","17","¥ 8,834","","1","B0CCSCPKZK","","30.5","19.5","6.5","880"
"AVerMedia USBマイクロホン AM310 [ゲーム実況/ライブ動画配信 配信/録音に向いているコンデンサーマイクロホン 単一指向性マイク] SP751","10058","31","","188","¥ 9,980","","7","B072KDKBCQ","","24.8","16.8","11","1240"
"HERCULES スタンド バリトンサクソフォーン用 DS535B","5172","37","","457","¥ 5,764","","2","B000EEHBM2","","47.8","19.3","19.3","2608"
"バンドーレン Vandoren ソプラノサクソフォンリード V21硬さ : 3 (10枚入り)","10061","20","","41","¥ 5,556","¥ 5,556","7","B01MG8TIG6","B0773LJB7F","24.2","11.4","4.7","60"
"バッカス BACCHUS BJM-3-RSM/M OWH エレキギター","6906","14","","13","¥ 27,280","","1","B09S9ZRXSM","B09S9LF8JM","103","44","10",""
"Fender/Acoustasonic Standard Telecaster Aged Natural フェンダー","12933","18","","6","¥ 74,499","","8","B0DQ234GRL","","120","45.7","17.8","7144"
"Protection Racket スネアケース 3011R 14"" X 5.5"" リュック LPTR14SD5.5RS","10078","10","","5","¥ 11,731","","6","B00V4OLK5A","","50.4","42","26.8","1960"
"ベリンガー ウォッシュタイプ LEDムービングライト MOVING HEAD MH710","13040","7","","4","¥ 18,480","","2","B087S66RRW","B0C7BK2KR3","38.5","33.7","23.3","6030"
"BELDEN 88770 プロ用 2本ペア XLR マイクケーブル (2m)","18619","5","","76","¥ 12,000","","1","B01D1DDQA8","B01D1DDQ7Q","24.1","19.6","2.4","310"
"VOX エレクトリックギター用 コンパクトエフェクター MYSTIC EDGE VE-ME ミスティック・エッジ 真空管 Nutube搭載 VOX AC30","10084","9","","62","¥ 19,017","¥ 19,819","13","B08GM8LKHQ","","15.1","9.4","6.7","485"
"MONO ベースケース Vertigo Bass Guitar Case BLK M80-VEB-BLK","13043","9","","133","¥ 38,139","¥ 38,139","5","B0093WG0MI","","128.9","46.4","15.2","4150"
"GECKO 14.6インチ オーシャンドラム | ビーズ付きバーチウッドフレーム | 波の音、瞑想、感覚遊び、音楽教育、ライブパフォーマンスのための万能ハンドドラム | ポータブルカジョンドラムとして兼用","13051","9","","10","¥ 7,599","","1","B0DQ4N6HCY","","39.4","37.6","5.8","1220"
"ゼンオン 木琴 13音 ZX13K バチ付き","12906","13","","2","¥ 6,880","","6","B0CZRM6RSN","","43.7","24.2","5.3","910"
"第一興商 赤外線ワイヤレス マイクロフォンWITM-500(W)(白)(2MHz帯)チャンネル切替スイッチ付 ｛WITM-300の後継品｝","12924","13","","17","¥ 21,525","","1","B07Y656QT5","","26.6","6.7","6.3","360"
"アコースティックリバイブ インシュレーター グレー RKI-5005","13063","8","","8","¥ 9,702","","3","B096LT1J8T","","16.5","13.5","1.4","70"
"Thalia Capos PAUA HEART カポタスト Shellシリーズ タリアカポ","12908","11","","7","¥ 13,200","","3","B0DC412X8D","B0DC54LX5R","8.9","8.9","1.4","170"
"Kids Percussion キッズパーカッション 本格わだいこ 大 スタンド付 KP-1980/JD","10115","41","","32","¥ 18,920","¥ 19,130","7","B072R1ZXHY","","44.5","44","21.5","5655"
"Damero シンバルバッグ リュック 22""まで収納可能 二重層 シンバルケース 6mmパッド入り仕切り付き スティック収納前ポケット付き","15537","19","","3","¥ 6,280","","1","B0DRC7XVNZ","","39.4","26.1","20.2","1390"
"【ダイヤル微調整可】COREWA 左手デバイス 左手キーボード 疲労軽減傾斜設計 全キー自由カスタマイズ ショートカットワンボタン LEDパネル Type-C USBポート 有線 作業効率大幅UP 15キー配列 イラスト 画像 動画編集 Word Excel 漫画 アニメ OBS Twitch YouTube連携 Mac PC対応 MBOX N1 15×7.6×3.6cm / 265","10132","9","","6","¥ 17,800","","1","B0DSFLB42Y","","17.9","12.7","6.2","480"
"Pedaltrain Metro 16 SC [国内正規品] (PT-M16 エフェクター用ペダルボード&ソフト・ケース付属モデル)","10133","25","","390","¥ 11,550","","3","B00XNR0AM0","","49.1","29.3","12.8","2270"
"U`King 72W 24LEDS 舞台照明 ステージライト ウォッシュライト RGB Djライト リモコン付き LEDライトバー 4 in 1 DMX 高輝度 スポットライト自動モード 音声起動 リックスライト 背景ライト ディスコライト 演出 誕生日 結婚式 パーティー KTV カラオケ バー dj dmx 照明 舞台ライト（102CM)","10154","36","","493","¥ 10,999","","1","B0BCP6YYVC","B0F2GFQVW2","110","13","10","2400"
"tc electronic デジタル ディレイ THE PROPHET DIGITAL DELAY","12992","12","","321","¥ 7,480","¥ 7,778","3","B01N77HLYA","","17.5","9.7","6.7","610"
"PICKBOY指揮棒 タクトハードケース［Lサイズ］ PICKBOY MUSIC BATON HC-70","10163","15","","3","¥ 7,080","¥ 7,080","4","B0DBQ798HH","","44.3","6.4","5.4","440"
"S.Yairi ヤイリ ウクレレギター (コンパクトギター) マホガニー材 YU-GT-01 ソフトケース付属","5233","50","","87","¥ 8,255","¥ 8,255","6","B07YXS5PZ5","","74","27","10","1000"
"Fender フェンダー ギターアンプ Blues Junior™ IV, Black, 100V JPN","10165","18","","25","¥ 105,586","¥ 105,586","5","B088YMLZDQ","","51","47.5","30","16500"
"Eleven Audio VoltCel 12V DCクリーナー","13027","13","","1","¥ 44,000","","4","B0G7F8BFCT","B0G7DZRTZZ","22.9","11","9.5","490"
"strymon ストライモン BigSky MX リバーブ ギターエフェクター","13036","4","","32","¥ 120,000","","33","B0CZTY4XZ4","","19.4","14.5","7.4","848"
"ゼンオン バスドラムスタンド Z-11N","13028","18","","12","¥ 7,885","¥ 7,885","2","B00IAJ98M4","B0FBW2KM72","70","45","9","1500"
"プロテック PROTEC テナーバストロンボーン用 軽量セミハードケース MX306CT ブラック","12975","24","","456","¥ 28,611","","10","B001BAJO4Q","B0CQHFSWSS","99.3","82","22.4","5216"
"グランドピアノ防塵布グランド クラシックピアノ装飾 カバー防塵 三角装飾保護 (190-200,レッド) [並行輸入品]","22102","6","","4","¥ 6,990","","1","B0G1S99QYJ","B0DX7259M8","30","30","30","1500"
"EarthQuaker Devices Blumes ローシグナルシュレッダー(パープルスパークル)","13058","6","","44","¥ 32,098","","2","B0CWPS85FM","B0CWH4ZS46","14.1","8.4","8.2","340"
"Roland ローランド 電子キーボード GOKEYS5-WH 61鍵盤 Bluetooth対応 スピーカー内蔵 マイク入力対応 自動伴奏 アプリ 録音 リミックス 自動伴奏 弾き語り WH ホワイト","12456","22","","69","¥ 75,900","","7","B0CZ4FLZQX","B0D1T84Q2F","117","38","16","7580"
"PANASONIC (パナソニック) 1.9 GHz帯 WX-ST200","13034","13","","1","¥ 46,280","","2","B08GLDF2QS","","28","9","6.4","370"
"Yibuy マホガニー色 木製リードケース クラリネット用 簡単に開く しっかりと閉じる 10本収納","17869","12","","53","¥ 5,099","","1","B01A0DOBBA","","22","9.8","2.6","230"
"【国内正規品】 dbx 2ch 31バンド・グラフィックイコライザー 231S","13183","2","","273","¥ 37,400","","5","B004NDHZTY","","55.9","28.4","12.2","3583"
"甲南 KONAN KP-DX ピアノ補助ペダル","6456","16","","21","¥ 16,000","","1","B001TPH0TY","","44","36","21","6870"
"TOA (ティーオーエー) ワイヤレスマイク WM-1220 ワイヤレスマイク ハンドヘルド型 800MHz","10196","25","","1","¥ 38,400","","5","B08GLCL1LB","","25.4","9.1","4.8","200"
"Maydolly 電子ピアノ 61鍵盤 折りたたみ 2つ折り電子キーボード充電式 1000音色内蔵 MIDI機能 サスティンペダル 譜面台付き 軽量 携帯便利 初心者 子供 練習 2年保証日本語説明書付き スタンド付き","23182","5","","2","¥ 8,980","","1","B0F8VWJHH9","B0G8WJ4DG4","52","27","18","2000"
"ヤマハ YAMAHA アコースティックギター ショートスケール CSF1M VN","10204","13","","49","¥ 63,800","¥ 64,444","3","B079SYGGVP","B07BKDQHRS","103.6","50.5","18.6","4300"
"MEINL Cymbals マイネル HCS Series チャイナシンバル 16"" China HCS16CH 【国内正規品】","13079","7","","703","¥ 14,242","¥ 14,242","4","B0033AI2SQ","B0FSDGNQB4","38.5","38.5","38.5","953"
"ヤマハ YAMAHA 電子ドラムセット ドラム椅子・ペダル付属 DTX6K-XFS","17970","17","","5","¥ 127,434","¥ 127,434","7","B08NVQG5G4","B08P5B4F4Q","120","54.8","41.1","33200"
"【初心者セット9点】ELVISエルビス Master 1（マスター1）アコースティック ギター【スプルース材トップ×マホガニー材】41インチ（標準サイズ）【付属品９点セット：国内保証書・チューナー・厳選11曲の教則本・ピックガード・コードチャート・ピック・ストラップ・ポリシングクロース・純正ギグバッグ】","13093","12","","80","¥ 13,990","","1","B07VQ8S6B3","B07VQ8R6S8","108","44","17","3820"
"マックコーポレーション (MAC Corporation) コントラバス （ウッドベース） 用木製スタンド","5387","8","","27","¥ 15,840","","3","B00EOLLYB0","","51","48","39","4000"
"アコースティックギターピックガードリトルマーティンLxシリーズ用、トラベルギター、右利き用(べっ甲コーヒー)","18451","2","","43","¥ 5,255","","1","B0DJLPQF5C","B0DKF9DQ9X","21.7","11.9","1.1","15"
"iRig Pre 2 XLR マイクインターフェースとプリアンプ: インターフェイス IP-IRIG-PRE2-IN","10220","7","","730","¥ 10,800","","2","B08VWPM5N9","B0CCPLY633","16.3","16.3","5.6","240"
"BEHRINGER GO MIDI HOST MIDI USB ホストインターフェイス ベリンガー","3214","20","","10","¥ 5,556","¥ 5,556","2","B0F4K3KT97","","8.7","7.4","4.9","80"
"MABSA ゴールドオリジナル松脂 ヴァイオリン・ヴィオラ・チェロ用 FULL CAKE","10231","4","","18","¥ 7,251","","6","B0C1WBW4Y3","","13.8","11","4.4","60"
"ウィットナー メトロノーム スーパーミニタクテル ルビー 884051","13073","8","","163","¥ 9,000","¥ 9,538","3","B0002F6YNK","","11.1","5.5","3.5","120"
"ARTIGIANO&VIOLIN バイオリン あご当て ローズウッド (ノーマルクランプ, スチューバ型)","25746","10","","","¥ 6,480","","1","B0BHHKH3BG","B0BHH5DKCZ","24","14.2","4.5","80"
"Ghbunuz アコースティックギター 41 インチ カッタウェイ 初心者 13 点セット バスウッド材使用 入門練習用 付属品豊富 (ブルー)","18315","2","","","¥ 7,866","","1","B0HCJB52J1","B0HCJ6DP96","113","49","14","3000"
"ヤマハ YAMAHA キーボード ボーカロイドキーボード VKB-100 リアルタイムに歌詞を歌わせて演奏を楽しむキーボード 専用アプリケーションの使用により初音ミクをはじめとしたシンガーを追加可能","10246","9","","46","¥ 35,781","","4","B0771KLXLR","B07GFJ7RGD","90","21","14","2230"
"Gator Cases ゲーター ハードケース エレキギター用 ストラトキャスター/テレキャスタータイプ対応 PE製 軽量設計 TSA承認ロックラッチ採用 TSA Guitar Series GTSA-GTRELEC 【国内正規品】","13097","13","","394","¥ 24,090","","4","B01BGX83OY","B09SHK6GDY","106","41.9","14","5670"
"ACセンサー搭載 感度調整対応 太鼓フォース ５ taiko force lv5 PS4 PS5 太鼓の達人専用コントローラー(PS4用)","15642","5","","52","¥ 84,800","","1","B08CRZ8BGL","B08GZFLQDJ","49","48","10",""
"electro-harmonix エレクトロハーモニクス ベースエフェクター コーラス Bass Clone 【国内正規品】","10255","17","","252","¥ 12,800","","5","B01LZT7ZLC","","14.4","8.7","7.5","313"
"YAMAHA TRBX174 OLD VIOLIN SUNBURST ベース 初心者 入門モデル (ヤマハ) 島村楽器限定販売","13099","19","","77","¥ 36,220","","1","B00FGEN4RG","B0H7393KYQ","121.2","45.6","11.2","5460"
"YOPIN モニタースピーカー Bluetooth 5.4 60W LEDディスプレイ付き スマートフォン/PC/タブレット対応可能","10260","38","","39","¥ 9,979","","1","B0FM3NYJ3P","B0FM3PN1RJ","49","30","20","5320"
"ボス BOSS コンパクトチューナー TU-3S 省スペース性 高輝度モード","10263","36","","217","¥ 13,200","¥ 13,213","15","B01EVR1524","","20.6","13.4","7.9","360"
"サンワサプライ マイクスタンド MM-SPST2N2","13156","10","","","¥ 5,760","¥ 5,760","13","B0GWGT8RYW","","20.8","17.8","6.4","1210"
"KORG リズム・ボックス KR-11 リズムマシン ヘッドホン/ライン・アウト端子搭載 電池駆動可","10269","63","","101","¥ 14,850","","14","B0CSHT6PQL","","18.2","14.7","7.2","408"
"【国内正規品】RODE ロード VideoMic Pro+ コンデンサーマイク VMP+","10270","24","","83","¥ 48,980","¥ 50,107","8","B0749GV5L3","B088RDKVJV","21.6","13","7.9","330"
"D'Addario WoodWinds ダダリオ リード テナーサックス用 RICO RKA2530 [硬さ:3.0] 25枚入り 【国内正規品】","13106","20","","8","¥ 11,251","¥ 11,251","1","B0002E1VNE","B0FNLLN3V2","17.5","10","2.7","115"
"ピアノ掛け 防塵カバー ピアノカバー アップライト トップ 標準直立型ピアノ用 電子ピアノ フル おしゃれ シンプル 北欧 レース 優雅 間口148-153cm通用 (ピアノカバー＋椅子カバー（二人掛けタイプ）,D) [並行輸入品]","20674","5","","","¥ 7,990","","1","B0G8HJN23G","B0G8HQWSBT","1","1","1","1000"
"ZOOM(ズーム) V3 配信用ボイスチェンジャー ボーカルエフェクター","10277","47","","121","¥ 31,734","¥ 32,668","13","B08DCWJBK2","B0GJSGNP8X","25.1","18.6","7.6","850"
"ギターグローブ ベースグローブ -2つの手袋-指と手の問題","12130","18","","1471","¥ 5,731","","1","B01C4QZ6UG","B08GNRPVYD","13.6","12","1.4","60"
"Hughes&Kettner ギターアンプ・キャビネットTubeMeister 110 Cabinet (HUK-TM110)","10283","7","","18","¥ 34,650","","3","B006DJ5BRO","","47.6","42.6","34.2","7700"
"Vilomスズキ 鍵盤ハーモニカ メロディオン アルト 金属カバー搭載でクリアで伸びやかな響きを実現 ハードケース付属で持ち運びと保管に便利 初心者から上級者まで幅広く対応 演奏表現の幅を広げる レッスン・発表会・家庭練習・学校授業に適し 安定した音程と扱いやすい設計 長期使用に耐える構造 本格的な演奏が楽しめる鍵盤ハーモニカ (MX-32D)","10291","9","","","¥ 5,800","","1","B0GXF5B9XN","B0GXFB4VJV","40","40","30","1500"
"アマナマナ チベット・シンギングボウル シンギングボール 中 浄化 癒し 倍音 瞑想 プロ・協会認定","19986","7","","32","¥ 35,640","","1","B01CLIQX5O","","26","21.5","11","1380"
"【ドラムスティック収納ケース付き】Pearl TP6N TP-6N ドラム 練習パッド 6インチ 密度調整シリコン製 静音 打感リアル ドラム練習用 ストレッチ&アップライド スティックフォルダー SH60 セット品 (スティックセット)","18137","9","","1","¥ 7,620","","1","B0FF1SK7JB","B0FF323YTC","48","20","11","10000"
"KALA カラ UBass ユーベース ウクレレベース Journeyman マホガニーボディ ラウンドワウンド弦仕様 ブラック UBASS-JYMNBKFS-20_06 [UBASS-JYMN-BK-FS 後継モデル] (ケース付属) 【国内正規品】","13140","13","","19","¥ 53,333","¥ 53,333","2","B08QFDQWTP","B0CTX7TSZR","81","30.5","13.5","2350"
"Pioneer DJ ダイレクトドライブターンテーブル PLX-500-K","10311","48","","127","¥ 52,800","¥ 52,800","7","B01JOE31JY","B08VXNHYDR","56.4","47.6","27.6","13740"
"Roland ローランド / MRGKS3/5 Dedicated music rest GO:KEYS3/5専用譜面立て","10314","6","","","¥ 5,390","","1","B0CYWMHFJT","","50","50","40",""
"クラリネットセット 本体 17キー B♭ ABS樹脂採用 初心者向け 管体 管楽器 練習用 (予備リード付き)","5400","3","","4","¥ 15,800","","1","B0CV17BPBW","B0D24RCM48","36.5","23","12","1500"
"Xotic エキゾチック エフェクター ボリュームペダル プリアンプ/ブースター EP-PRO 【国内正規品】","13182","12","","","¥ 35,636","¥ 38,535","13","B0GQGPWK7G","","24.3","11.3","8.2","1130"
"SOHAPI 吸音材 厚さ 5cm 24 枚 波型 ブラック 吸音スポンジ 両面テープ付き 反響音対策 録音 配信 楽器練習 約 25×24cm","9086","2","","8","¥ 5,680","","1","B0C2VCT82L","B0HC6VB4B2","30.9","29.8","9.8","1770"
"SOUNDFAM XLRスプリッターケーブル メス1本からオスバランスマイクパッチYケーブル2本-グレー(5フィート/1.5m)","13199","6","","17","¥ 7,765","","6","B0D9XWDX6V","B0BNKZS4KJ","19.7","14.5","3.6","150"
"Enya CYBER-G スマートギター シリコン弦 24種類の楽器音源内蔵 ポータブル 電子ギター","13201","23","","12","¥ 83,251","","1","B0GKDX5JWZ","B0GNCLK2P5","51.2","31","15.4","4170"
"VOX(ヴォックス) ギター用 コンパクトエフェクター POWER BURST ブースター/Nutube搭載/真空管/Valvenergy 2nd VE-PB","13209","13","","6","¥ 17,900","¥ 19,819","16","B0DCJN5V8N","","15.1","9","6.7","420"
"iFi audio ZEN CAN 3 IFI-ZEN-CAN3 【日本正規店より発送】ヘッドホンアンプ ヘッドフォンアンプ 据え置き","10346","13","","1","¥ 41,031","","4","B0F2FBQTRH","","27","15","6","1000"
"KALA カラ U・Bass ウクレレベース Exotic Wood Series キルテッドアッシュボディ ラウンドワウンド弦仕様 UBASS-QA-FS [ギグバッグ付属] 【国内正規品】","13261","4","","1","¥ 66,667","¥ 66,667","2","B0CD315MWL","B0CTMGSVV6","81.3","45.7","15.2","3629"
"GECKO カホン Cajon トラベル カホン フラットパッド タイプ 打楽器 パーカション 木製 ゼブラウッド バーチウッド 専用ケース付き 4*23.5*28.5cm PAD-2","15803","5","","1","¥ 7,990","","1","B08HXXMD93","B0CZ6YXH7Z","35.6","28","6.5","1100"
"MEINL Stick & Brush マイネル マレット SUPER SOFT MALLET SB400 【国内正規品】","13249","9","","34","¥ 8,667","¥ 8,667","3","B07G8SWFTM","B0FCRRD3M3","45","9.5","4","140"
"ORANGE Crush Bass 25 British Racing Green ベースコンボアンプ","13293","9","","","¥ 28,900","","1","B0FRQZRBRS","","43.5","38.6","30.2","9480"
"ARTURIA MIDIキーボード コントローラー KeyStep Pro シーケンサー機能搭載 USB CV/GATE接続 Chroma クロマ","10367","9","","13","¥ 74,250","","32","B0CPLNC692","B0CPXSB77C","71.8","25.4","10.2","3583"
"tc electronic (ティーシー エレクトロニック) リバーブ ミニ HALL OF FAME 2 MINI REVERB【国内正規品】","10367","10","","88","¥ 17,800","¥ 18,199","10","B0876X8L15","","9.8","6.4","6","240"
"セルマー・パリ Selmer Paris アルトサクソフォン用マウスピース Density（デンシティ） 【4113029000】","13260","9","","","¥ 31,680","","2","B0H3ZJLC6W","","15","5","5","150"
"Allen ＆ Heath Xone:K3 DJコントローラー MIDIコントローラー VJ RGBライト クラスコンプライアントデバイス アレン＆ヒース USB-C接続 国内正規品 アレヒ","10370","14","","2","¥ 37,950","¥ 38,333","2","B0FV8CHC1Z","","44.2","24.6","18.3","1680"
"Dayton Audio UMM-6 USB測定マイク","10373","14","","185","¥ 18,427","","40","B00HE8OS9A","","26.2","22.3","7.7","871"
"[STRADPET]Titanium Cello Fine Tuner[ストラドペット]チタン合金チェロの弦微調整アジャスタバイ (ネジ付き,グレー)","13243","5","","5","¥ 13,800","","1","B094TYNPR4","","24","12","2","20"
"MOGAMI 2534 5M FM BLK Official Package/モガミ オフィシャルパッケージ 2534 Microphone Cable/マイクケーブル 5m XLRメス-XLRオス","27819","11","","","¥ 5,712","","1","B0DBGCZBC8","B0GS2GFBWN","27.8","15.5","4.3","390"
"BEHRINGER HALOS ユーロラック対応 アナログリゾネーター モジュラーシンセ ベリンガー","13271","5","","","¥ 22,000","¥ 22,222","2","B0G5F9CBM4","","20.2","15.7","9.2","450"
"HUNYA ハンドヘルドマイクブームアーム 6セクション 拡張可能なマイクアーム カーボンファイバーブームポール マイク用 1/4インチネジ&スレッド フォームグリップロック付き 最大長さ200cm/78.7インチ","5414","11","","1","¥ 5,520","","2","B0CXX5V2KB","","48","4","4","390"
"GOTRAFY ピアノカバー アップライト ヨーロッパ風 刺繍 レース飾り 耐久性 防塵カバー おしゃれ かわいい デジタルピアノ 保護 直立型 北欧 インテリア対応 (椅子カバー-ダブルスツール:78×38cm,ベージュ-ハーフカバー)","20634","5","","","¥ 5,451","","1","B0GDXBHR8N","B0GDW68XTX","50","40","16","1500"
"カワイ 【ES60専用】 電子ピアノ 固定式スタンド HML-3B","10387","7","","","¥ 9,236","¥ 9,236","2","B0DNJD1DL2","","158.1","36.2","12.1","10433"
"beyerdynamic DT 770 PRO X 48Ω 密閉型 スタジオモニターヘッドホン 有線 DTM","10387","69","","610","¥ 39,600","","20","B0F13TRHXS","","23.6","22","11.8","590"
"PROTECTIONracket EADケース DTX-P007-00 LPTREAD","13257","7","","1","¥ 13,700","","5","B0B8QRGCPZ","","56.1","40.1","32.2","2270"
"Beffin SKYSONIC T-902アコースティックギターアクティブサウンドホールピックアップ磁気+マイククラシックフォークギター用ボリュームコントロール付きデュアルピックアップシステム","12266","37","","35","¥ 8,330","","7","B09FZ4XVDF","","18.5","13","6.2","340"
"ベリンガー コントローラー USB MIDI インターフェース モーター X-TOUCH","10399","10","","310","¥ 69,800","¥ 63,455","4","B018W0VWXI","","55.6","38","17","5220"
"シンギングボウル 倍音の響き ネパール手打ち 7メタル スティック＆台座付き 初心者対応 11〜12cm NGELOM","5437","4","","","¥ 6,490","","1","B0H6KG895T","B0H6K2RW7X","19","13","11","490"
"TRUMPET マウスピース ブースター KGUBrassカスタムメイド コーントランペット ブースター KGU 金メッキ 24K カラー","13292","6","","10","¥ 27,567","","46","B0765XFZQ8","B0H73DXHKN","12.2","4.5","3.7","91"
"NINO ニノ フルーツシェイカー NINO SET100 【国内正規品】","13318","5","","6","¥ 8,030","¥ 8,030","5","B00KCF5KU8","B017GWP4Z0","31.6","18.7","7.9","264"
"Pearl パール 立奏用スネアスタンド S-710","10423","10","","18","¥ 11,550","","4","B06WWQ5619","B09Q6H9GB4","47","11.6","11","2460"
"Stedman ステッドマン ポッピング・ガード ゴム縁付き Proscreen 101 Custom 【国内正規輸入品】 黒","10423","11","","14","¥ 14,960","","2","B09XM6RFGF","","32.5","15.9","5.1","340"
"Btuty Eb アルトサックス ブラス E フラットサックス 802 キータイプ木管楽器 クリーニングロッド付き 布手袋 ストラップ パッド入りケース… (シルバー)","29733","3","","25","¥ 37,689","","1","B0C9HSF438","B0CKDZC7MQ","62","31","16.2","3860"
"CORDOL 38 インチ アコースティックギター 10 点セット 初心者向け チューナー・弦付き 学生・大人練習用 安心してご購入ください (ダークブルー)","28822","5","","","¥ 5,080","","1","B0H5C9LNR1","B0H5CG953J","97","38","11","1000"
"Vollebo新登場デジタル管楽器4オクターブ対応 ワンタッチ移調 5Wハイファ 大容量バッテリー 携帯ケース付属 初心者〜プロ用 エレフエ (グレー)","23733","1","","","¥ 14,999","","1","B0HD74X5BC","B0HD72DJM4","46.5","9","6.5","1000"
"フレームドラム 16""（41cm） レモ HD-8516-00","10428","6","","415","¥ 8,250","","22","B0002F7KGA","","42","42","7","1000"
"ARTIGIANO&VIOLIN ハイブリッド カーボンファイバー コントラバス弓 ジャーマンスタイル AW-404","18279","5","","1","¥ 39,800","","1","B0CGPN54DH","B0CGPNLYQV","82","10","2","200"
"Sadowsky ベースプリアンプ/EQエフェクトペダル SAC PED SBP 2 V2 黒","12487","33","","8","¥ 14,384","¥ 14,398","7","B08PZH3WV8","","14.5","9.5","6.2","480"
"【Amecke】192チャンネルDMX512照明調光器、プロフェッショナルステージ照明コントローラー、信号制御コンソール、パー/ビームライトのワンタッチコントロール、簡単なプログラミングのためのLCDスクリーン、コンサート、バー、イベントに最適 (ブラック)","18443","5","","","¥ 7,499","","1","B0GCZGTML9","B0GCYV1K6N","32","16","10","2000"
"カリンバ 34キー チューニング済み kalimba 初心者 マホガニー 黒クルミ材です 付属品はそろっていますケース、ピアノバッグ二択、チューニングハンマー、音貼り、ピアノ拭き布、指カバー、チューニングアプリ、独学教材 子供 大人へのギフ (ピアノケース付き,B)","13374","3","","","¥ 6,836","","1","B0GDDZ5RJ6","B0GDF6F5C3","23","18","7","1100"
"ヤマハ YAMAHA クラシックギター CG122MS","13282","12","","15","¥ 26,391","","7","B004BS9VG6","B07JM1YBHS","104","48","14","2400"
"Gravity グラビティ マイクスタンドバッグ レギュラーサイズ 6本用 GBGMS6B","10454","11","","170","¥ 7,150","¥ 11,924","3","B0169THTK4","","49.5","40.6","36.8","2880"
"セルマー テナーサクソフォン キャップ ラッカー仕上げ","10460","8","","18","¥ 5,700","¥ 5,700","5","B0085RMGXO","B07236J7KV","11.9","5.7","5.4","44"
"Hartke HD series 『HD25』 ベースアンプ・コンボ 25W 「国内正規品」","10462","6","","147","¥ 23,800","","2","B00I35Z8RE","","48","46.5","34.5","13131"
"AeroBand ギター AeroBand MIDI ギター、ギター型 MIDI コントローラー MIDI ギター 音楽制作用","10465","16","","23","¥ 156,951","","1","B0F7K5L47B","B0FGCSTN2Z","73.7","43.2","8.9","3901"
"Keygeek Y2 スイッチ、厚手のリニア潤滑済みメカニカル キーボード スイッチ","25777","3","","","¥ 7,699","","1","B0H7JN1P5L","B0H7JVCQRJ","1","1","1","150"
"Rigych マイク 防音 吸音材 リフレクションフィルター マイク シールド 3パネル ポップフィルター付き マイクスタンド付属","10476","14","","3","¥ 5,499","","1","B0GT2Y9QC9","","29","18","18","1150"
"MXR エフェクター M290 Phase 95 フェイズ95 ミニペダル","10478","6","","26","¥ 20,800","","9","B01LYET7PB","","14.1","11.5","7.1","496"
"GRAPHTECH グラフテック ストリングセイバー TonePros製/GOTOH製 TUNE-O-MATICブリッジ エレキギター用サドルセット PS-8600-00 ブラック","13402","9","","4","¥ 5,084","¥ 5,084","3","B0043NO4EI","","15.4","12.2","3.2","10"
"Demonfx GLADIATOR DOUBLE PREAMP/ダンブル プリアンプ OverDrive オーバードライブ エフェクター","13359","16","","3","¥ 11,680","","1","B0F4P1FFTH","","14.4","12.4","6.9","470"
"UNIVERSAL AUDIO UAFX Orion Tape Echo UAFXシリーズ 5.8*6.6*12.1 cm 国内正規品","10488","11","","5","¥ 20,680","","5","B0CGLK7GLV","","16.2","9.6","7.7","410"
"MOOZICA 14インチ 17音 スリットドラム 440Hz 黒","13356","7","","59","¥ 17,833","","1","B0CHMK5WZ9","B0GSMVBSCC","42","42","22","3870"
"ティルツ(Tilz) ホルン用マウスピース アメリカンシャンク S8","10500","9","","21","¥ 19,000","","1","B076H5RBPR","","8.3","3.3","3","50"
"バンドーレン テナーサクソフォン マウスピース オプティマム(OPTIMUM) TL3","13397","9","","238","¥ 26,329","¥ 30,111","35","B000EEJBBQ","B077HQDX2S","15","4.5","4.5","70"
"Allen ＆ Heath CQ-18T デジタルミキシングコンソール コンパクトミキサー アレン＆ヒース","10506","8","","","¥ 147,730","","3","B0CSXV275D","","43","31","20","3800"
"THOMASTIK BELCANTO ベルカント SOLO チューニング コントラバス弦セット 3/4","10507","13","","9","¥ 52,030","¥ 52,030","7","B003BJ0BVA","B06Y42CX36","22.7","22.6","3.5","220"
"Linsoul Kiwi Ears Terrasイヤホンアップグレードケーブル","10508","7","","","¥ 6,698","","1","B0GM6GH877","B0HDNC4Q8R","17.6","13.8","3.9","120"
"SONY(ソニー) カメラ用マイク ワイヤレスマイクロホン(マイクロホン×1+レシーバ+充電ケース) 屋内外のVlog・ライブストリーミング・映像付きインタビュー・音声録音・ポッドキャスト ウインドスクリーン付属 ECM-W3S","13377","20","","12","¥ 37,331","¥ 41,000","10","B0CK2HQSV8","B0CKZ6P6RJ","15","11.6","9.7","260"
"バンドーレン Vandoren テナーサクソフォン用 シンセティックリード 【SVK72220】 VK7 硬さ：20","13385","12","","6","¥ 7,556","¥ 7,556","6","B0FPFT5D5H","B0FRRF8Z8M","11.1","6.3","1.9","10"
"ヤマハ YAMAHA アルトサックス スタンダード YAS-280","13389","11","","320","¥ 147,193","","13","B007G3T79E","","75.2","38.6","24.9","8187"
"TRIAD-ORBIT （トライアッドオービット）IO-RA/6 【 従来のマイクスタンドにクイックチェンジシステムを追加 5/8インチ IO QUICK-CHANGE COUPLER 変換アダプター レコーディングスタジオ ライブハウスに最適な6個入 】IO-RA クイックチェンジカプラー 6個セット","13439","4","","14","¥ 13,640","","2","B079YB6HQV","","19.1","13.4","3.5","748"
"Apogee BOOM オーディオインターフェース USB-C 音楽制作","10529","10","","53","¥ 39,600","","1","B0B6CZL33Q","","23","17.7","9.2","1010"
"electro-harmonix/Bass Mono Synth ベースシンセ","10532","13","","130","¥ 19,800","","36","B07NDX6HXP","","18.7","15.5","8.1","720"
"Dyson PencilVac Fluffycones用充電器 ふわふわ SV50掃除機 17.3V 電源コード 6フィート","13443","2","","1","¥ 7,087","","1","B0H288LM3N","","12.7","10.2","5.1","113"
"バンドーレン Vandoren バスクラリネット リガチャー オプティマム(Optimum) プラスチックキャップ付き カラー:ブラックフィニッシュ","13420","7","","52","¥ 16,667","¥ 16,667","36","B08WPD2WVF","B08XVDVFTH","11.3","5.4","5.4","60"
"ヤマハ YAMAHA アコースティックギター LS16 ARE","10552","7","","25","¥ 98,646","¥ 98,646","9","B00IODU0R8","B07JM1YJBG","119.3","59.7","20.4","6600"
"NATASHA X-Carbon Mini with L.R.Baggs Element ナターシャ アコースティックギター カーボン ピックアップ付き","20809","1","","","¥ 53,800","","1","B0GRTJLWYK","","102","42","20",""
"Stewmac Shaped Neck Shims for Guitar ３種１セット（ネック・シム ギター用） [並行輸入品]","13437","6","","18","¥ 7,580","","2","B01N7UBP59","","10.2","9.9","1.8","10"
"MUSIC FIRST 元のデザイン15mm厚パッド入り コットン レトロ デニム A＆Fスタイル（標準サイズ）マンドリンバッグ（ソフトケース）ソフトマンドリンケースがマンドリンのほとんどにフィット","13473","4","","2","¥ 5,499","","2","B07JRBHMFR","","33","25","11","600"
"Bonrina 17弦 ハーピカ 木製 親指ピアノ メタルストリン 指弾きの弦楽器 ミニライアーハープ ブナ材 ボックス型 心癒され音色 カリンバ ポータブル 初心者向け チューニングレンチ ピック 収納バッグ付 (コーヒー色)","13463","6","","3","¥ 5,998","","1","B0BWK768J9","B0BRWPS6SM","24","21.7","6.7","635"
"Fender フェンダー エレキギター Player II Stratocaster®, Rosewood Fingerboard, Birch Green ソフトケース付き","13476","2","","3","¥ 98,208","¥ 98,218","6","B0D2LPVFH5","","120","45","20","5000"
"ALBIT/GC-3 MARK II GREAT COMPRESSOR コンプレッサー アルビット","13503","2","","","¥ 20,900","","1","B0FDQJKLCP","","47","35","25",""
"Fostex 16cmスピーカーユニット用 スピーカーグリルセット 2個1組 KG816P","10580","6","","12","¥ 6,237","","1","B0B2W53RBC","","22.1","21.8","7.2","340"
"アイダ タンバリンスタンド TH-290","13475","7","","2","¥ 14,384","¥ 14,384","3","B071K8KS3K","","56.6","9.4","9.2","2040"
"ARIA アリア ソプラノウクレレ コア材 (アカシア) グロス仕上げ バック付 AU-1KG","13507","2","","7","¥ 11,200","","3","B073JDPX7R","","55","30","15","499"
"吉澤 PEACOCK 無段階高低調節 ピアノ補助台 AX-51","10590","51","","16","¥ 10,909","¥ 13,889","6","B08BC694MP","","48.2","33.2","16.1","4500"
"SUZUKI スズキ クロマチックハーモニカ ファビュラスシリーズ F-48C","18620","4","","4","¥ 151,400","¥ 151,400","3","B00G9Y3H1U","B01BOKFKTK","24.4","12.2","7.9","998"
"バック Bach トランペットマウスピース 【シンフォニック】 3C/24/24 銀メッキ仕上げ","13480","7","","","¥ 14,361","","7","B086XF1HS1","B08F256TD3","9","3","3","100"
"One Control ワンコントロール Minimal Series Black Loop Deluxe with BJF Buffer 2ループ スイッチャー","6006","1","","","¥ 15,400","","1","B0HC79PVWM","","15.3","10.2","6",""
"日工 メトロノーム ラミエール ピンク 252","13494","7","","10","¥ 5,709","¥ 5,709","1","B000TX4GNA","B013FR3J0C","28.6","22.9","14.1","598"
"JIM DUNLOP Jim Dunlop(ジム ダンロップ)JHMS1 FUZZ FACE ファズフェイス Authentic Hendrix Shrine `68 Series 【国内正規品】","13487","10","","1","¥ 19,360","¥ 22,554","9","B0C36BDFN8","B0F8C7ZQSL","13.9","11.2","6.7","230"
"Fender フェンダー エレキギター Player II Stratocaster®, Maple Fingerboard, Black ソフトケース付き","13501","6","","1","¥ 100,320","","5","B0D2LPGRMC","","106.7","38.1","11.4","5511"
"GOTOH SS11-C エレキギター用サドルセット クローム PSS11C/D","18551","4","","5","¥ 5,101","¥ 5,101","1","B0CLRG74H5","B0DL5R7MY2","9","6","1","100"
"Xvive エックスバイブ U9 Violin Wireless System ワイヤレスシステム XV-U9/VN","10620","8","","8","¥ 33,000","","7","B0DJBY5P6Z","","21.2","14.4","7.2","540"
"Musiclily Pro SSSストラト配線済みピックガードArtec Staggered アルニコ5 シングルコイルピックアップ4P茶べっ甲","13510","8","","116","¥ 9,948","","2","B0CLNVXSXK","B0CMH8444P","31.8","24.8","8.9","810"
"LP エルピー Pandero De Plena パンデイロ・デ・プレーナ Requinto 10"" / LP5010","13548","3","","28","¥ 37,619","","25","B0C69TPSCZ","B0D46RT9V7","32.4","32","10.5","2113"
"Lamanttクロマチックハーモニカ 16穴 大人用 プロ演奏対応 楽器 初心者入門 学生練習用 クロマチックハーモニカ 16穴 專業演奏楽器 日常練習 舞台演奏 レッスン用 初心者から上級者まで対応 クロマチックハーモニカ 演奏用 練習用 多トーン (12ホール,黒)","33308","7","","1","¥ 8,066","","1","B0GVM3GXMG","B0GVMDZLS9","30","30","30","500"
"electro-harmonix エレクトロハーモニクス エフェクター テープ再生マシン MEL9 Tape Replay Machine 【国内正規品】","10637","6","","260","¥ 36,700","","8","B01D3MCYTQ","","19","15.7","7.9","680"
"KORG 定番 USB/ワイヤレス オールインワン モバイルMIDIコントローラー nanoKONTROL Studio 音楽制作 DTM A4サイズ コンパクト設計で持ち運びに最適 すぐに始められるソフトウェアライセンス込み","10638","54","","445","¥ 14,947","","9","B01AT2ATYU","B0B4FY4M7N","33.3","17.3","4.3","680"
"VIC FIRTH ドラムペダル用ビーター ハードメイプル VIC-VKB2","13542","3","","40","¥ 6,831","","8","B00IN791AM","B0CZ6YYPKT","23.3","10.4","7.4","140"
"ベリンガー ベクトルオシレーターモジュール ユーロラック対応 モーフィング用ジョイスティック アップデート用USB Type-Cポート VICTOR","10647","7","","7","¥ 14,300","¥ 14,444","6","B0CK5ZQYBR","","17.4","10.4","7.6","300"
"BOSS SDE-3 デュアルデジタルディレイペダル | 伝説のローランドSDE-3000の本格サウンド | コンパクトペダル | 汎用性の高いモダンな機能 | 最大1600ミリ秒の長い遅延時間 | MIDI/IO接続","10649","19","","30","¥ 28,356","","16","B0DG5SLMHB","","14.9","9.8","6.4","559"
"WQNB型番多種抗圧軽便バイオリン双肩ストラップ三角琴箱丈夫な楽器ケース持ち運び用軽量バイオリン衝撃吸収二重ストラップ付き保護用楽器収納バッグ携帯用軽量設計バイオリン収納バッグ耐圧設計安心保護家庭用持ち運び便利楽器ケース (3/4,ダークレッド)","15418","4","","1","¥ 5,855","","1","B0GST1MP5W","B0GSTH498F","1","1","1","1000"
"Musiclily Pro クラシックギター用ペグ 35mmピッチ ブーシェスタイプ、アンティークブラス","13534","7","","89","¥ 5,130","","2","B075ND3JD6","B07M9VGMRH","21.6","9.4","5.8","185"
"Modsion カスタム品 チェロバッグ オックスフォード生地 両肩背負い 防水 1/4 1/2 3/4 4/4 サイズ チェロケース (ネイビーブルー)","13571","1","","","¥ 6,599","","1","B0HCP5J75C","B0HCNTB626","46","27","12","2000"
"PURESOUND ピュアサウンド スナッピー Custom Pro Series ブラス 13""- 20strand CPB1320 【国内正規品】","13540","5","","251","¥ 6,444","¥ 6,444","1","B003ZNQ2VU","B0152TBJFI","43.1","7","1","70"
"K&K Sound K & K Sound (ケー アンド ケー サウンド) Big Island Spot ビッグ アイランド スポット ウクレレ 用 ピエゾ ピックアップ","13569","5","","26","¥ 10,371","¥ 10,372","2","B00F3DVVOI","","11.7","8.1","2.8","60"
"Tyoksi 打楽器 / 25音ウィンドチャイム / 36音ウィンドチャイムとバーベル / バンド伴奏、メッキスタンドとベルロッド付き (72音ウィンドチャイム+シルバースタンド)","20981","5","","","¥ 13,566","","1","B0G37RJZ1S","B0G37MT53D","61","16","10","2500"
"[RightOn! STRAPS] ライトオン ストラップス ギターストラップ 幅 6cm、長さ 85～150cm LEGEND GET BACK BLK 【国内正規品】","13566","3","","9","¥ 10,800","","1","B0BNZPCVX8","B0BP5HWW2F","26.6","17.6","7.1","200"
"Behringer X32用オプションカード DANTEネットワーク用インターフェース 24bit 44.1kHz/48kHz対応 X-DANTE ブラック","10667","8","","56","¥ 57,800","¥ 81,184","52","B00GRKXRIE","","20.6","17.2","5.3","350"
"HOHNER Penta Harp/Gm ペンタハープ 【国内正規品】","13549","5","","4","¥ 6,900","","2","B09SFWR7XC","B09YLMZ3D6","21.3","13.3","3.7","130"
"GRETSCH グレッチ セミアコ G5622T Electromatic® Center Block Double-Cut with Bigsby®, Laurel Fingerboard, Midnight Sapphire ソフトケース付き","10670","2","","6","¥ 140,250","","2","B0CMXXZG5X","B0DBSJJGJN","120","45","20","5000"
"TOA (ティーオーエー) インピーダンスメーター ZM-104A インピーダンスメーター","13580","12","","2","¥ 31,000","","1","B08GLCSYGZ","","25.5","15","7.9","850"
"【TANK PRO】日本語説明書付き 300種エフェクト 30種のOverDrive·Distortion·Fuzz 90種AMP 90種CAB 120プリセット ドラムマシンを内蔵 150秒ルーパー サードパーティ製IRファイル対応 オーディオインターフェースとして使用 OTG録音 Re-Amp機能搭載 大容量内蔵バッテリー エレキギター·ベース用(シルバー)","12416","12","","","¥ 18,800","","1","B0H7HC3DNL","B0G133BS6M","26","10","5.2","800"
"Final B1サウンドアイソレーションインイヤーヘッドホンイヤホン、ダイナミックでバランスのとれたアーマチュアドライバー付き。","13555","1","","9","¥ 79,700","","3","B07VC9XZBL","","20.1","12.7","5.1","260"
"Umbrella Company / #24 Hard Overdrive/Distortion オーバードライブ","10685","6","","4","¥ 31,667","","2","B09TRJYSBR","","15","7","6",""
"Tonefu新登場製エレクトリックチェロ、4/4フルサイズエレクトリックチェロセット、メープル材ボディ、黒檀製金具、プロ仕様、付属品完備、初心者、ステージパフォーマンス、タレントショーなどに最適 (ブラック)","13617","1","","","¥ 68,298","","1","B0HC9VVFXT","B0HC9NXSYS","82","29","19","2400"
"Free The Tone/ARC-4 AUDIO ROUTING CONTROLLER","10698","4","","2","¥ 143,000","","3","B07XL6DR6Q","","48","16","10","3000"
"ヤマハ YAMAHA スピーカーシステム NS-AW392B","10699","6","","10","¥ 27,280","","5","B004TD4RIU","","38","23","18","4410"
"【国内正規品】JOYO ジョーヨー エフェクター Vintage Overdrive JF-01","18680","8","","33","¥ 5,980","","1","B008UPQAWO","","14.6","8.6","6.4","340"
"ニューエックス NUXMighty Bass 50BT ベースアンプ ニューエックス","13605","3","","3","¥ 35,253","¥ 35,253","2","B08V96T4CR","","41","38","31.5","9430"
"Holy60 Case 60％キーボードケース YK60/GH60/Wooting60HE/HM66 対応 (E-White)","13608","5","","","¥ 20,900","","1","B0DGWXHM93","B0DGWXBZKR","34.4","14.6","5.3","600"
"Limetone Audio pierce｜Fixed Wah エフェクター｜半止めワウサウンドをワンタッチ再現｜サウンドキャラクターの組み合わせで幅広い表現に対応｜国内ハンドメイド","10710","11","","2","¥ 31,900","","11","B0GPWSW9FD","","14.4","8.8","6.4","260"
"AKG (アーカーゲー) P120 Project Studio Line 【 ボーカル/楽器のレコーディングに最適 丈夫なオールメタルボディ 堅牢なデザイン ローカットフィルター パッド装備 カーディオイド 】 コンデンサーマイク","12230","52","","3580","¥ 11,000","¥ 14,088","7","B00M9CUOKI","","24.6","18.9","8.6","921"
"MEINL Percussion マイネル ハイハットタンバリン Headliner Series Hihat Tambourine Hammered Brass 2rows HTHH2B-BK 【国内正規品】","13608","4","","179","¥ 6,784","¥ 6,784","3","B00B59A5VO","B011TQ209C","21.8","18.4","7.6","340"
"Vibramate V7-LP レスポールアダプターマウントキット ビグスビーB7用 アルミ","10717","9","","","¥ 18,417","","11","B0055E87GU","","13.4","11.6","2.6","115"
"アイダ スタンド トランペット用 ディスプレイスタンド 9112DPS","10720","8","","2","¥ 10,810","¥ 10,810","4","B00FF2BG0Q","","25.2","15.1","6.4","756"
"NIGOE サックスバッグ アルトサックスケース、 超軽量、軽量、スタイリッシュな外観 (65*10*25CM,ブラック)","29707","4","","1","¥ 7,622","","1","B0FW4KHT3G","B0FW4KM6GV","70","30","15","1500"
"Behringer モジュラーシンセサイザー ユーロラックモジュール ユーロラック対応 MIDI to CVコンバーターモジュール S-Trigger/V-Trigger切り替え可能 複数モード搭載 CM1A ブラック","10725","7","","45","¥ 7,700","¥ 7,778","11","B099DMMD3D","","18.2","9.5","6.4","160"
"CokBlu 30 インチクラシックギター 子供用フォークアコースティックタイプ ナチュラルウッド 6 弦 初心者向け男女児ギフト用 (ブラウン)","29170","5","","3","¥ 6,698","","1","B0FQ4PD4S7","B0FQ4NTDBD","1","1","1","1000"
"【配送から設置までお任せ】ローランド KIYOLA きよら KF-20 KF20 KS シアーホワイト カリモク カリモク家具 家具調 木製 インテリア スリム 木目 karimoku 電子ピアノ【KF-10 後継機種】セット品 (単品, KO ピュアオーク)","29574","2","","","¥ 474,100","","1","B0G31YJ35K","B0G31RK16L","139.6","91","38.2","34000"
"SHURE シュア SLX-Dシリーズ SBC203-J SB903専用デュアルドッキング充電ステーション 【国内正規品】","10728","4","","1","¥ 21,100","¥ 21,100","5","B08L5XP7W7","","24.8","20.3","8.3","780"
"SONICAKE ディレイ＆リバーブ＆コンプレッサー＆オーバードライブ マルチエフェクター Twiggy Blues","13615","12","","221","¥ 13,200","","26","B077PVTC88","","40.2","7","5.7","671"
"YCM01 コンデンサーマイク 配信マイクセット -3mマイクケーブル、アームスタンド付-","10730","2","","5","¥ 17,800","","2","B0BDV8WKWQ","","47","35","20",""
"CokBlu 樽型クラシックギター、初心者用アコースティックギター、心地よい感触、より良い安定した音質、光沢仕上げ クラシックギター 36インチ/30インチ/34インチ/38インチ/39インチの入門用練習ピアノ (97cm,ブラック)","26632","4","","","¥ 7,080","","1","B0G2JMWM25","B0G2JNRVYP","1","1","1","1000"
"Geekria オーディオサンプラー用 アクリルデスクトップスタンド Akai Professional MPC Sampleポータブルグルーブボックスと互換性あり 人間工学傾斜角デザイン ポータブルサンプラーに対応","10744","2","","","¥ 7,853","","1","B0GZ2ZQPDC","","32","24","6","563"
"Allen ＆ Heath CQ-18T用ソフトキャリーケース アレン＆ヒース","10745","6","","13","¥ 17,600","","9","B0CBHC7NHC","B0CPJMGB75","44.3","33.4","18.4","2118"
"One Control ワンコントロール Minimal Series エフェクター スイッチャー AB BOX","12211","48","","61","¥ 5,170","","6","B00EXIGZDG","B09KNPXTR3","13.3","7.5","6.3","188"
"ヤマハ YAMAHA エレアコギター A3M VN ARE","13649","13","","4","¥ 102,168","","2","B06XDCQ6FT","B07JMQHDVL","119.3","59.7","20.4","6600"
"Musiclily Pro ST-FAT50S スタッガード アルニコ5 シングルコイルネックミドルブリッジピックアップセット Stratストラトエレキギター用 クリーム","13647","3","","10","¥ 5,140","","1","B0FX2P1FS5","B0FXG87VRC","14.5","9.1","6.4","230"
"ピアノカバー アップライト ピアノ ハーフカバー 防塵カバー おしゃれ ヨーロッパ風 高級 優雅 レース 厚手 明るいフリル付き 防塵 保護カバー (ピアノカバー148-154CM)","13655","1","","1","¥ 5,598","","1","B0CQHH2CSP","B0CQHN79SB","30","25","10","300"
"MOOG Theremini テルミン シンセサイザー","10761","3","","597","¥ 68,800","¥ 69,495","50","B00HVO7FXI","","70.6","20.3","12.6","2470"
"SHURE ボーカル用コンデンサー型マイクロホン KSM9CG-X 【国内正規品】","18850","4","","5","¥ 120,000","¥ 120,000","3","B01GNM5MS8","B075JJG3GZ","39.2","28.2","14.3","996"
"オン・ステージ パーソナルカラオケ ワイヤードタイプ PK-84S","10762","6","","41","¥ 36,800","","1","B01M9IDC8K","","32.8","20.8","11.2","1432"
"MONO M80 Acoustic/Dread Guitar Case BLK","10763","7","","67","¥ 35,899","","7","B002FN0ANC","","118","49","20","4700"
"Roland FANTOM-08 | ピアノ ウェイテッド ハンマーアクション 88鍵 シンセサイザー | 数千ものシンセ＆アコースティック サウンドを搭載 | ZEN-Core & SuperNATURALテクノロジー | 軽量で可搬 | 高度な内蔵サンプリング機能 | DAW連携","10766","4","","26","¥ 250,800","","6","B09VNSPDYD","","150","49.5","26.3","20110"
"●国内正規品 JOYO TAUREN R-01 トーレン オーバードライブ ジョーヨー エフェクター","16367","2","","6","¥ 6,980","","1","B09JRW7L7D","","13.2","9.7","6.1","300"
"MAXCHEER ギター入力ジャックソケットプレート 出力ロードボートスタイル 1/4インチ ネジ付き Fender Stratocaster Strat St Mono エレキギター交換部品用 (ブラック)","13675","3","","738","¥ 5,476","","1","B09N6VTFW9","B0CFKX77P3","15.2","8.7","2.5","20"
"KORG コルグ ウェーブテーブル シンセサイザー modwave mk II 最大ステレオ 60 ボイス","10782","5","","5","¥ 76,980","","6","B0CLB9T4T7","","61.6","48.5","14.2","4069"
"ピアノ用マット 円形吸音マット ピアノの防音絨毯 円形ピアノカーペット グランドピアノ用防音マット シンプルでおしゃれな柄 ピアノ用マット 撥水加工 敷物 椅子パッド アップライトピアノカーペット すべりどめ付き 糸くずなし、色あせなし、吸水性と通気性、滑り止め、床にフィット 床保護 防振（直径80-180cm）(E,直径100cm)","10786","2","","1","¥ 6,198","","1","B0DJR4D9KD","B0DJR5Q4MD","2.5","2.5","2.5","500"
"エフェクター ELECTRO-HARMONIX PERCOLATOR FUZZ HARMONIC SATURATOR エレクトローハーモニクス ファズ パーコレイター","10787","3","","6","¥ 17,490","","11","B0H5LCGDHB","","14","7","6","500"
"ERNIE BALL 2748 アーニーボール ベース弦 Pino Palladino Smoothie Flats Bass Strings (38-98)/ピノ・パラディーノ愛用のプレミアム・フラットワウンド弦","13690","4","","35","¥ 11,550","","10","B0DVCHZ87K","B0F9NZBTDF","19.7","15.9","1.3","82"
"HALL CRYSTAL フルート Offset モデル G管 全長421mm FLUTE G TAJ","13679","3","","21","¥ 14,960","","4","B06XP9X92T","B08R6DNFNF","45.3","6.3","5.6","220"
"Taylor / 114ce Natural with ES-2 Pickup System テイラー","10793","7","","23","¥ 124,900","","8","B0CR1R8J37","","115.6","52.6","19.8","5783"
"エリクサー ELIXIR 16027 NANOWEB PHOSPHOR BRONZE CUSTOM LIGHT 11-52×3SET アコースティックギター弦","13699","4","","28","¥ 7,800","","2","B073TRYSGL","","12.3","10.6","1.5","50"
"Ibanez/アイバニーズ ピッコロ(ミニミニ・サイズ)アコースティック・ギター EWP14WB-OPN 専用バッグ付き","13683","4","","86","¥ 22,440","","4","B01AHWTIHG","","68","30","9","1440"
"プロテック PROTEC チューバ用ギグバッグ PL251 ブラック","10796","5","","73","¥ 44,038","","7","B01ID9ITHK","","106.7","55.9","39.4","6532"
"Eastar 電子ピアノ 88鍵 ハンマーアクッション鍵盤 238種音色 200種リズム 100曲デモ ワイヤレス接続 MIDI対応 初心者セット 子供 大人 入門 木製 ヘッドホン ペダル 鍵盤シール 日本語説明書付き コンパクト EUP-110","10797","3","","","¥ 33,896","¥ 33,896","1","B0FBRS686Z","","138","37","32.5","27000"
"BACCHUS BLP-FMH/R HB エレキギター","10803","6","","2","¥ 64,240","","1","B081V124M2","","102","44","11",""
"カシオ CS-470 固定 3 ペダルスタンド カシオ CDP-S360 CDP-S160 CS-470PC5に対応","10807","3","","18","¥ 17,000","","2","B09QQSQGWD","","137","29","20","11500"
"MAHALO テナー ウクレレ Java シリーズ MJ3 TBR ブラウン","10809","3","","15","¥ 9,262","¥ 9,262","1","B077HD4JB9","B09BJQS1KF","72","27","10","700"
"YAMAHA CL-4C マウスピース Ｂ♭クラリネット用 スタンダードシリーズ ヤマハ","10813","41","","44","¥ 5,445","","7","B07WCTTHXH","","13","4.6","4.6","40"
"VOX モデリング ハイブリッド ギターアンプ VT40X スタジオ ライブに最適 エフェクト内蔵 ヘッドフォンアウト AUX入力 専用エディターソフト有り Valvetronix 40W","5482","5","","309","¥ 35,333","¥ 35,333","2","B0187P93YS","B01LRUYDGI","56","47.8","23.6","11480"
"ベリンガー Behringer コンタクトピックアップモジュール ユーロラック対応 RADAR","13723","7","","4","¥ 5,980","¥ 7,222","4","B0CK4JQ4QR","","17.7","9.8","6.2","200"
"MEINL Percussion マイネル フレームドラム Goat Skin Hand Drum 12"" HD12AB 【国内正規品】","13728","2","","75","¥ 9,743","¥ 9,743","1","B001XW9ZD2","B011TQ513Y","32.1","31.9","7.8","600"
"ベリンガー ULTRALINK ULM300USB","16412","3","","39","¥ 13,200","¥ 13,200","1","B01N9QO1HG","","38.2","22.7","9.4","556"
"REMO LREMHD852200 [フレームドラム・プリチューンタイプ22""]","10826","11","","231","¥ 12,101","","7","B0002F7KFQ","","57.5","57.5","7.9","1500"
"オーディオインターフェイス UR22C USB3.0","10827","3","","","¥ 48,750","","1","B0F6LY2GTL","","100","100","100","1440"
"【まとめ買い】Roland/NE-10 ボード・タイプ・ノイズイーターｘ2枚セット","13733","3","","","¥ 34,980","","1","B0CG9CX69S","","55","23","8","5800"
"Yinfente プロフェッショナル クラリネット エボナイトウッド Aキー フラット クラリネット 2バレル ケース付き 布製リードアクセサリー (Aキー)","12108","43","","26","¥ 20,999","","4","B07HLVD7T1","B0CPBPPPC5","37.6","25.4","12.4","2699"
"BOSS KATANA-100 GEN 3 ギターアンプ コンボ 第3世代 100ワット 多機能 12インチスピーカー搭載","13740","10","","45","¥ 59,400","","2","B0D4YKF9DX","","60","50","33","15000"
"Taylor Cotton 2インチ ギターストラップ - タン","10854","10","","56","¥ 7,762","","50","B07QKC9FC5","","26.5","9.5","4.8","107"
"Fender Tex-Mex Telecaster Pickup Set フェンダー テレキャスター ピックアップ セット [並行輸入品]","10859","2","","5","¥ 14,500","","2","B076VQSZRM","","13","12.3","3.8","250"
"BEHRINGER ベリンガー EUROPOWER EPQ304 パワーアンプ","10863","5","","109","¥ 36,300","¥ 36,300","19","B004W4TYMA","","57.9","33.8","9.1","5352"
"HOHNER ホーナー CX12 C調 クロマチックハーモニカ M754500","13766","4","","218","¥ 35,200","¥ 35,200","6","B0002F4TN2","","25.9","14.2","5.5","340"
"Zekonoギターチェア スタンド パイプ椅子 背もたれ 折りたたみ スツールシート 立て 楽器 スタンド 弾き語り (ブラックバックレストタイプ)","24637","3","","","¥ 9,099","","1","B0FSCRGK4Q","B0FS132KT9","96.5","37.5","16","5200"
"VGVG クリスタルシンギングボウル 432Hz 水晶サウンドヒーリングベル 7周波数 瞑想 ヨガ ヒーリング ストレス解消 チャクラ調整 木製マレット付き 天然水晶 携帯便利 収納袋付き (C8+木の棒+収納袋)","34130","3","","","¥ 7,140","","1","B0G2RJPZH1","B0G2B9CH7G","25","8","8","2000"
"ベリンガー デジタルミキサー ラック 40入力 25バス X32 RACK","10874","3","","56","¥ 168,000","¥ 169,697","4","B00DH3CYJC","","53.9","36.2","19.7","7790"
"Behringer アナログシンセサイザー グレーモデル セミモジュラー 8Uラックマウント 機械式スプリングリバーブ 2600 GRAY MEANIE","13809","6","","50","¥ 65,780","¥ 66,445","7","B08WLV1PCZ","","59.8","44.6","18","7257"
"Vondynote 調節可能なモバイルギターアンプスタンドコンボアンプスタンドチルト","13790","4","","228","¥ 18,312","","2","B09WCWTK1G","B0D77LCW1Z","52.5","27.7","9.9","6749"
"Squier スクワイア スクワイヤー Sonic Mustang HH LRL Black エレキギター","13813","7","","1","¥ 34,100","","3","B0GJ974HTB","","112","38.1","9.9","4491"
"ピアノライト、アップグレードされたLEDピアノランプ、グランド/アップライト&デジタルピアノ用、調節可能なグースネック付きミュージックスタンドランプ、自動オフタイマー、5色モード調光&USB充電ポートアイケアデスクライト。","10890","5","","324","¥ 14,235","","7","B0D3D5HTWR","","42.1","18","8.1","1188"
"Jackson JS Series Dinky Arch Top JS22 DKA Natural Oil エレキギター","10895","5","","194","¥ 74,600","","2","B07LFV1T87","","114.3","50.8","12.7","5715"
"DeskMAX 配信向け吸音材 スタンド付属","13804","4","","","¥ 39,800","","1","B0C3HB66TB","","74.2","67.3","18.8","6600"
"オフワールド 練習パッド V3 インベーダー ダークマター","10900","8","","524","¥ 19,528","¥ 19,528","39","B003VOPVLA","","42","35.3","6.2","2456"
"audio technica (オーディオテクニカ) ATW-T17J用ワイヤレスマイク PRO8HEW/P","13807","6","","","¥ 12,858","","1","B08GLFTC2D","","22","18","5","170"
"Deronderスネアドラム ドラムセット 楽器打楽器 初心者向け ホリデーギフト 取り付け簡単 大人 子供用 自宅練習 プロ演奏用 (ブルー)","13824","4","","","¥ 10,800","","1","B0FQ9Z3HH8","B0FQ9TD4MJ","59","59","35","8000"
"SHURE GLX-D+ USB-Cバッテリーチャージャー 【国内正規品】","13816","5","","","¥ 5,556","¥ 5,556","2","B0BXX63RP1","B0BZ87WS5J","11.2","9.7","7.4","130"
"ベリンガー Behringer アナログLFOモジュール ユーロラック対応 FOUR LFO","10916","4","","63","¥ 11,800","¥ 13,889","6","B0C5TQQFSP","","17.3","10.4","7.7","243"
"スピーカーセット マイク PAセット JYX","13825","2","","26","¥ 26,064","","5","B0F6NK2G1T","B0H7JR9T5C","39","29.2","18.9","3370"
"SONOR ソナー ドラム・スローン 2000シリーズ SN-DT2000","10940","6","","11","¥ 19,800","","2","B00KAVR6HY","B07MWF32FS","42.5","33","17.6","4840"
"ローランド ROLAND KPD-90-BK ブラック FP-90専用 3本ペダルユニット","10945","4","","3","¥ 18,700","","3","B01MRFJI6F","","130","29","18.6","5800"
"PageFlip Firefly Bluetooth/USBページターナーペダル 並行輸入","13842","11","","1002","¥ 23,995","","10","B00ILVHBKC","","21.4","19.7","4.5","399"
"Mooer Micro Preamp 005 プリアンプ ギターエフェクター","10951","1","","18","¥ 15,500","","3","B06ZY872TV","","11.2","7","5.5","200"
"Animals Pedal Surfing Bear Overdrive オーバードライブ ギターエフェクター","10956","4","","1","¥ 14,300","","4","B096F97WBP","","13.4","7.3","6.6","420"
"REMO (レモ) ドラムヘッド EB-22BDPL ブラックビート バスドラム用22インチ PEARL LOGO","13857","2","","5","¥ 6,162","","1","B08GLGDCG5","","3","3","2","100"
"SUZUKI スズキ 10穴ハーモニカ OVER DRIVE MR-300 E調","10963","2","","6","¥ 6,040","¥ 6,040","2","B0014MYS7E","B01ABJIH5O","15.2","7.6","3.8","91"
"SCUD GOTOH製 GE104B 特注品 R300 ゴールド R300（12""）指板に最適 GE104BG-BS300","10963","4","","1","¥ 7,031","¥ 7,031","1","B09S6382VD","B09S6T249B","12.9","10.8","1.3","60"
"iConnectivity mioXL MIDIインターフェイス・パッチベイ アイコネクティビティ","13867","3","","4","¥ 64,700","","2","B083XJRK66","","53","18.2","7.4","2640"
"B.AIR ビーエアー BIRD STRAP サックス用ストラップ ショルダータイプ BS-SHOULDER","13870","5","","7","¥ 17,790","","1","B06XW7VHVV","","21.8","12.4","3.6","140"
"BOSS/BB-1X BASS DRIVER［純正ACアダプター同時購入セット］ベース用オーバードライブ プリアンプ ディストーション BB1X","13864","1","","","¥ 28,160","","1","B0D3YFD6F8","","47","35","25",""
"TAMA タマ True Touch Training 2点キット TTK2S","13873","7","","5","¥ 26,800","¥ 26,800","3","B09KTNTS5B","B0B7J54BQT","56","46","22.3","10020"
"【◆選べる保証プラン＆防音マット付き◆】【組立設置込み】ROLAND ローランド 電子ピアノF-701 F701 88鍵盤 高低自在椅子付き ヘッドホン (通常保証, CB 黒木目調仕上げ)","19130","4","","","¥ 124,300","","1","B0DWSJ3WB2","B0DWS9K6FK","147","65","36","59000"
"TAMA タマ Ironcobra アイアンコブラ 200 ハイハット・スタンド HH205","10978","39","","86","¥ 11,660","","8","B00BBRM6EE","B09KNLZTQW","63","17.3","11.2","3720"
"3 個セットエレキギターピックアップハムバッカーアルニコ V ピックアップ真鍮カバー付き 6 弦クロームリッケンバッカーギター交換用","13887","4","","1","¥ 8,000","","1","B0CPHP7WR7","","9","4","2.5","350"
"BEHRINGER ベリンガー / 112 DUAL VCO ユーロラック用 アナログデュアルVCOモジュール","10983","2","","82","¥ 11,550","","2","B08KY9G4ZR","","16","10","5","500"
"Providence プロビデンス シールドケーブル H207 7m L/Lプラグ（L型/L型）","13890","4","","1","¥ 8,052","¥ 8,295","5","B0CN5DFL84","B0CN5N8JX1","25","22","4","490"
"オオサワオカリナ ソプラノF SF-Si シングル iシリーズ F調 専用ケース付 ＆ ストラップ＆ブラシセット","13910","3","","2","¥ 28,200","","1","B0FDVXL3TX","","23","18.8","14.4","630"
"Ornatego 高さ自在調整、金属製フレームで安定支持する電子ピアノスタンド。組み立て簡単、幅対応広く、61～88鍵盤モデルに。日本製住宅向け、省スペース収納可能。 (ブラック)","27522","2","","","¥ 5,500","","1","B0G8YNXJBP","B0G8Z6HKHR","57","48","15","12000"
"キクタニ (Kikutani) オーケストラ用譜面台 ブラック OMS-03","13908","2","","","¥ 5,618","¥ 5,618","3","B0794PQZYW","","66.5","36","11.6","3600"
"CARL MARTIN PANAMA Sシリーズ 6*11.5*5cm 国内正規品","11008","4","","6","¥ 16,268","","6","B07SH76GQT","","13.8","8.4","6.7","380"
"ART エー・アール・ティー 2CH DIボックス Dual Z Direct 【国内正規輸入品】","11012","3","","4","¥ 9,350","","3","B0054I6BB0","","35.1","18.2","6.1","496"
"ATOTOEXCEL ワイヤレスマイクキット｜デュアルハンドヘルド充電式カラオケマイク＆レシーバーセット｜低遅延・15m通信距離・最大6時間連続使用V10シリーズ車載ステレオ対応・2本セット","11015","10","","","¥ 11,999","","1","B0FW54X2ZP","","30","16","8.6","953"
"Mozena新登場バイオリン フルサイズ セット フルサイズ4/4ソリッドウッドの電動サイレントバイオリン、あご休憩、エボニーフィッティング、ハードケース、エクストラストリング、オーディオケーブル、ロジン、弓、 初心者のためのヴァイオリン (ブルー)","13974","2","","","¥ 16,988","","1","B0H62NFX7B","B0H62LN675","70","35","15","3000"
"Squier by Fender/FSR Affinity Series Telecaster Maple Fingerboard Black Pickguard Black フェンダー","12705","2","","4","¥ 34,800","","1","B0BTNYNS84","","115","90.9","38.1","6000"
"ローランド ROLAND KSFE50 BK DIGITAL PIANO STAND FP-E50専用ピアノスタンド","13946","2","","16","¥ 13,200","","3","B0BSLDP9Q8","","144","36","21","10000"
"Wampler Pedals/Belle Overdrive オーバードライブペダル ワンプラーペダル","11031","5","","3","¥ 28,200","","69","B08NTR87XT","","16.6","10.2","8.6","276"
"ヤマハ YAMAHA ティンパニ マレット TPM521F","13937","7","","1","¥ 8,250","","2","B01JS6LFLO","B08JH37RX1","37.2","13.1","3.6","114"
"Squier エレキギター Mini Jazzmaster® HH, Maple Fingerboard, Surf Green ソフトケース付き","13945","1","","250","¥ 33,509","¥ 33,509","9","B088FXMFD6","B0DC14VS56","109.5","42.7","16.8","4037"
"IBVIVIC DJコントローラーケースバッグ DDJ-FLX4、DDJ SB3/DDJ SB2、DDJ 400用","13983","2","","197","¥ 11,357","","2","B0CSMT3Z9C","B0H46LT4W2","34","28.3","9","1039"
"Voodoo Lab Pedal Power 3 - 高電流8出力絶縁電源","11044","4","","64","¥ 52,187","","96","B085433R62","","26.8","23.2","5.5","910"
"TREE WORKS ツリーワークス フィンガー・シンバル TW-TREFC02 【国内正規品】","13978","4","","47","¥ 8,836","","2","B0007L712M","","14.2","6.9","3.2","118"
"C.C.シャイニーケースII バスクラリネット用 サテンシルバーラッチ&グレーモール仕様 CC2-BCLA-PPK/G パステルピンク [リュック&ショルダーストラップ付属]","11046","3","","","¥ 49,500","¥ 49,500","1","B0D9857XNN","B0FL2XVW5S","87.8","34.4","23.2","4770"
"THOMASTIK VERSUM SOLO チェロ弦 A線 D線 G線 C線セット VES400","13967","1","","16","¥ 52,140","¥ 52,140","33","B07RP9FFF3","B08HNCQHQN","9.9","9.8","1.6","60"
"KALA カラ ウクレレ Contour All Solid Gloss Series オールソリッドマホガニーボディ テナー KA-CT-SMH-TG_W/BAG [ギグバッグ付属] 【国内正規品】","13993","1","","","¥ 46,667","¥ 46,667","1","B0CS1BHQKC","B0HG6443XG","76.5","29.5","17","1497"
"YAMAHA ヤマハ/VKB-100 純正ケースセット ボーカロイドキーボード","16651","3","","2","¥ 42,800","","1","B077YFGSR6","","60","60","60","1000"
"Jim Dunlop (ジム ダンロップ) DBN50110 ニッケル ワウンド ベース 弦 Heavy 50-110 4弦用","13969","3","","30","¥ 5,366","¥ 5,366","7","B000Y7NZFG","B07NBD3D3L","16.8","15.2","2","130"
"トランペットケース 楽器ケース トランペットリュック ステージ演奏用トランペットキャリングバッグ サイドポケット付き オックスフォード布防水 (ブラック)","19248","5","","1","¥ 8,588","","1","B0FSZN1P7P","B0FSZNKW8F","60","30","19","2100"
"TOUGH-TX タフティクス ギグバッグ アコースティックギター用 YKK製TOUGH ZIPPER搭載 TX-AG1/GRY","13990","3","","1","¥ 8,368","¥ 8,368","2","B09HZLCJKH","","114","47","18.5","1900"
"YAMAHA SBS1455 スネアドラム／Ｓｔａｇｅ Ｃｕｓｔｏｍ Ｂｉｒｃｈ (ヤマハ)","13971","3","","","¥ 21,364","","2","B015QZR600","","41","21","21","3900"
"Flood Force大きなカーブのバイオリン肩当て 1/2、1/4、3/4、4/4 サイズ 子供用サポートバイオリン肩パッド ソフトバイオリンサポート (710S【3/4-4/4】)","29787","2","","","¥ 6,624","","1","B0G34RRWQF","B0G34W1WZW","35","19","11.5","300"
"良質IPE木製 バイオリン弓 violin bow フェルナンブコ Pernambuco性能 MELLOR P20","13991","2","","16","¥ 13,995","","2","B07B474BBW","","76","4","4","60"
"Wilkinson M Series ヴィンテージトーン アルニコ5 スタッガードシングルコイルピックアップセット ホワイト","16659","2","","119","¥ 6,433","","1","B07L3DS56F","","20.4","16.4","4.7","259"
"MEINL マイネル アームセット X-Hat Auxiliary Hihat Arm with Clamp MXH 【国内正規品】","11074","2","","651","¥ 14,222","¥ 14,222","2","B01N7R6RNT","","42.2","15.2","6.1","1420"
"Behringer アナログミキサー 6チャンネル 1ノブコンプ/リバーブ・ディレイエフェクト/MP3プレイヤー搭載 XENYX QX602MP3","13975","3","","170","¥ 25,300","","6","B017DGYJ8M","","30.1","25.2","13.3","1890"
"NUX ニューエックス NCP-2 Sculpture コンプレッサー ギターエフェクター","13982","4","","25","¥ 8,140","","2","B07FRGD27F","","11.5","6.4","5.9","242"
"Pearl パール リズムトラベラー・ライト用 サイレントパック RTL-SLP","13988","5","","9","¥ 5,500","","3","B00IR46S48","","37.8","37.8","4.6","1380"
"MXR Talk Box M-222 トークボックス トーキング モジュレーター ギター エフェクター 『並行輸入品』","13976","3","","4","¥ 30,300","","2","B00CS4CARM","","25.8","24","9.8","1980"
"midiplus SPYミディペタルコントローラー。","14009","1","","41","¥ 11,000","","18","B07751921M","","14.2","12.8","6.8","436"
"Wampler Plexi-Drive Mini ギターエフェクター","13999","3","","1","¥ 27,800","","58","B08NS6KZQ3","","16.7","10","8.7","259"
"Wilkinson WVP2-SB 10.8mm 2点支持 トレモロユニットブリッジ スチールサドル クローム","11088","2","","17","¥ 6,603","","2","B0922D27P4","B0936RNC6B","22.2","14","4.3","458"
"美しい音色 リンの中にりん棒が収納できる 一体型リンセット 倒れないリン棒 おりん 鈴","21891","3","","1","¥ 9,980","","1","B0CM6WTVJD","","8","8","7.5","250"
"ベストブラス トランペット・ミュート ワウワウ アルミ 【サウンドトランスフォーマー】","16684","2","","1","¥ 15,500","","1","B00U2BL04M","B0857NHT37","17","12","11.9","158"
"Gator Cases ゲーター ハードケース ミキサー用 20""x25""x8"" PE製 軽量設計 ハンドル&ホイール付き G-MIX Series G-MIX 20X25 【国内正規品】","14014","3","","48","¥ 38,500","","1","B0011FT6DU","B07QJMXMB9","76.2","59.8","30","9639"
"Seymour Duncan SSL-1 Vintage Staggered RwRp white セイモア ダンカン シングルコイル ギター ピックアップ センター用 逆巻き ◆輸入版◆","27786","1","","1","","","","B00OXPR2AE","","10.4","7.2","3.8","132"
"GRAPHT CvoNis クボニス セパレート フォリオ パネル 3枚セット 自宅を本格的な ストリーミング環境 に変える 調音パネル 吸音材 騒音対策 配信 ゲーミング ゲーム パーテーション 間仕切り 防音 グリーン","16707","1","","","¥ 43,780","","1","B0CNP3S5QW","B0CXPVHNZD","70","60","50","3000"
"ヤマハ YAMAHA トランペット用マウスピース スタンダード TR-8C4","14006","2","","1","¥ 8,505","","4","B003J6WOQA","","10","3.5","3.4","110"
"Arturia アートリア オーディオインターフェイスエクスパンダー AudioFuse X8 IN ADAT互換インターフェイスの入力を拡張","14011","3","","","¥ 59,098","¥ 59,129","5","B0DGL3JH2X","","30.7","24","6.4","2060"
"Antelope Audio Discrete Pro Synergy Core (Discrete 4 Pro Synergy Core)","11099","2","","9","¥ 337,886","","13","B09VRW2QJG","B0BVM1VMYS","35.9","34.8","11.7","2862"
"チェロバックギグバッグ (1/4 1/2 3/4 4/4) フルサイズ ソフトバッグ バックパック ピアノ 耐久性のある高強度 大容量 トラベル ギグ 複数のポケット 調節可能な ポータブル 20MM 厚さのパッド入りショルダーストラップ (ホワイト,4/4)","31938","3","","","¥ 8,699","","1","B0FRRPQJRS","B0FRRV6PNV","1","1","1","1000"
"zmart テルミン 楽器 斬新で 楽しい オタク機器 テルミン+ 電子楽器 デジタルテルミン ポータブルテルミン 音程コントローラー ピッチコントロール 音量コントロール 非接触楽器 ハンドジェスチャー楽器","14043","3","","","¥ 8,548","","1","B0GQ37L59Z","","20.2","11.4","3.3","216"
"Portkeys BD4 ダミーバッテリー電源アダプター NP-FモニターおよびVマウント用デュアル出力、USB-CおよびDC入力、カメラモニター、ワイヤレスビデオトランスミッター、7〜16.8Vパススルー電源用","14012","1","","21","¥ 5,999","","2","B0F5PMVR6T","B0FRXS8HCZ","13.9","12.4","7","340"
"Roland ローランド/AIRA Compact E-4 VOICE TWEAKER [USB電源アダプター＆マイク・ヘッドホンセット！]","14020","1","","","¥ 34,980","","1","B0BSSYM9GK","","60","60","40",""
"XANAD ハードケース Novation Launchpad Pro MK3またはAKAI Professional APC Mini MK2コントローラー用 - 小さな収納アクセサリーバッグ付き","14031","3","","30","¥ 6,661","","1","B0956Y2WXW","B0H7HHFHZL","31","30.4","4.6","522"
"Donner 電子ピアノ キーボード 61鍵盤 折り畳み バッテリ内蔵 長時間利用可能 MIDI対応 タッチレスポンス機能 軽量 携帯便利 ペダル付き キーボードケース 譜面台付き 日本語取扱説明書付き 初心者 子供 練習 DP-06 ホワイト","11114","46","","145","¥ 13,981","¥ 13,981","1","B0C9Q251BN","B0G13W3XZJ","54.3","24.9","18.3","3430"
"ＤiMarzio ディマジオ ベース用ピックアップ ""MODEL P"" Cream DP122-CR","14029","1","","11","¥ 17,675","¥ 17,675","7","B0002GLBVO","","10.6","5.9","5.8","188"
"MULING A2 ピックアップ アコースティックギター用 プロ仕様 デュアルコイルのマグネット＋MEMSマイク デュアルシステム ハムバッカー 低ノイズ・原音に忠実な再現力 超小型・超軽量設計 ギター本体に負担をかけない 航空用アルミニウム合金 簡単取付・穴あけ不要","21992","3","","1","¥ 19,800","","1","B0G6DFK17Y","","13","9","6","300"
"打楽器、20/25/36トーンウィンドチャイム、伴奏トーンツリー、ユニークな音質、耳に心地よい、木製フレーム、早期教育、音楽への興味を養う、大人/子供/初心者/愛好家に適しています (25音ゴールドウィンドチャイム+ブラックスタンド)","19376","1","","","¥ 7,099","","1","B0H3ZCK9F7","B0H3Z5PJY5","1","1","1","1000"
"TroyStudio スラット アコースティック サウンド ディフューザー パネル、19.7 X 19.7 X 1.3 cm 12 ピース ブラック PVC プラスチック 3D 壁パネル、録音スタジオ音響トリートメント 拡散パネル、アート装飾天井タイル","14033","1","","","¥ 31,580","","1","B0GYDHT9LW","B0989PHRXZ","53.3","53.3","6.3","4218"
"ヤマハ YAMAHA 電子ドラムセット DTX8K-M REAL WOOD","14054","1","","","¥ 367,400","","1","B09HGWKKNP","B09J14T61K","41.8","26","17.6","2500"
"MEINL マイネル Sonic Energy Collection ディジュリドゥ Bamboo Didgeridoo DD1BK 【国内正規品】","11122","1","","5","¥ 7,900","¥ 7,900","3","B08T38LF73","","124.4","9.6","9.1","1640"
"Decksaver 超強力ポリカーボネートカバー AlphaTheta XDJ-AZ対応","11131","3","","35","¥ 39,385","","35","B0DT25649D","","91.4","53.3","5.1","1724"
"Pknight 1-Universe DMXレコーダー&スタンドアロン再生コントローラー","14069","3","","11","¥ 21,007","","1","B0D3Q8V98F","","17.8","11.1","5.6","299"
"Providence プロビデンス ギターエフェクター STAMPEDE OD SOV-2 オーバードライブ","14048","3","","5","¥ 19,800","","2","B003WLLOTU","","14.2","9.9","6.9","318"
"Fender フェンダー ギターアンプ 65 DELUXE REVERB 100V JPN ブラック","14061","2","","3","¥ 260,367","¥ 260,367","5","B01GPG5U6G","B076766162","62.2","44.5","24.1","19100"
"aelah バイオリンケース 1/2, 1/4, 3/4, 4/4, 1/8フルサイズバイオリン三角形状ケースボックス ハード＆スーパーライト ショルダーストラップ付き ポータブル軽量バイオリンバックパック 耐久性 ヴァイオリン収納ケースッグ (1/4,レッド （高級ベルベット）) [並行輸入品]","31928","1","","","¥ 6,888","","1","B0FNZNFV9C","B0FNZVK72F","85","35","25","700"
"PEARL (パール) パーカッションテーブル PTT-1212","14066","3","","","¥ 12,220","","1","B08GLGY8GZ","","38.5","33","9","2000"
"【Famous】 ソプラノウクレレ FS-5 (国産 ハワイアンコア材 初めての方にオススメ)","14060","1","","6","¥ 35,152","¥ 35,152","4","B003P82A0M","B01M2AAH5B","55","20.5","8.5","581"
"【初心者8点セット！】Aostinオースティン・UMI-1C（うみ１C）・コンサートウクレレ・マホガニー材【安心の３年保証】【付属品８点セット：国内保証書・チューナー・名曲11選の教則本・コードチャート・ピック・ストラップ・ポリシングクロース・ソフトバッグ】(コンサートサイズ)UMI-1C","15220","10","","26","¥ 5,999","","1","B07JH28DWF","B07PVCD2KR","67.8","28.3","9.9","1110"
"【 GOTOH Pickups 】 ストラトキャスター用 シングルピックアップ ST-Classic ネック用 GTPU-ST-CLS-N","14063","1","","7","¥ 5,480","","2","B005VMAR0U","","11.1","8.2","3.5","132"
"[Heartserice] ハンドメガホン 50W 業務用拡声器 サイレン機能運動会/集会/イベント用 ショルダーメガホン 学校活動/オフサイト販売用 (赤、白)","16758","2","","","¥ 6,183","","1","B0G2XRZQLD","B0G2XRZQK7","1","1","1","1000"
"トロンボーン用楽器ケース ボーン用ケース 大容量 楽器保護 持ち運び便利 バックパック兼手持ち対応 黒","16780","2","","1","¥ 6,449","","1","B0FT7FWTZG","","45","27","20","1131"
"MEINL Cymbals マイネル Pure Alloy Series ハイハットシンバル 14"" Soundwave Hihat PA14SWH 【国内正規品】","16800","2","","","¥ 58,586","¥ 58,586","1","B0CQGGH3JG","B0F9NX44CS","35.6","35.6","3","2177"
"ヤマハ YAMAHA エレキギター REVSTAR エレメントシリーズ ブラック 左利き用 RSE20L BL","11159","18","","","¥ 60,857","¥ 60,857","3","B09TSS3PB6","","108","45.5","10.5","6000"
"Kun ショルダーレスト - ヤマハSV-100/130","14071","3","","18","¥ 12,704","","14","B08NK6HDP5","","18.6","8.3","5.3","59"
"Ibanez/Bass Work Shop Series SRH500F-NNF Natural Browned Burst Flat アイバニーズ","14095","1","","14","¥ 103,400","","2","B01N9R2269","","133.3","48.5","12.1","9000"
"ギターピックガード For LP Jr.Les Paul Junior Guitar Pickguard Scratch Plate (5プライブラック)","34365","1","","","¥ 5,420","","1","B08THP3MD6","B08THDQMCZ","22","15","1","50"
"Yobuisg ピアノカバー 防塵 アップライトピアノ用 ベルベット 厚手 フルカバー ヨーロッパ風 おしゃれ ピアノ掛け 遮光 軽量 汚れ防止 ダークレッド 金糸ベロア 蓋布 (黒,155×35 + シングルスツールカバー 56×36) [並行輸入品]","16816","1","","","¥ 5,632","","1","B0GJZF9936","B0GJZPLZ9T","50","45","11","3000"
"TRIAD-ORBIT （トライアッドオービット） IO-LCK 【 ハースカップリング式のスイベルにより強固に角度を設定 】ロッキングハースジョイント ディスプレイ スピーカーの設置に最適 [ ヒビノ正規輸入品 ]","14085","1","","3","¥ 8,800","","1","B088CQR935","","27.6","21.6","7.6","522"
"BYRRチェロ弓ケース 単用 / 2 本用 軽量 防衝撃 防水 手提げ・肩掛け両用 アクセサリーポケット付き 弦楽器弓保護ケース (レッド) [並行輸入品]","25312","1","","","¥ 5,799","","1","B0H2GXXJQH","B0H2GMPTFH","140","54","39","7500"
"IK Multimedia iLoud MTM MKII Single iLoudシリーズ 26.4*16*13cm(1本あたり) 国内正規品","11173","2","","","¥ 79,200","","2","B0D5CMJJWZ","","31.5","23.5","21.5","3650"
"ARIA 100series アリア アコースティックギター フォークサイズ 艶消し マットフィニッシュ マットブラック ARIA-101 MTBK","22053","2","","2","¥ 26,200","","1","B018YSKAC2","B01LYN5NBP","105","51.5","14","2649"
"Pearl パール カウベル アナーキーカウベル PCB-20","14107","1","","22","¥ 5,413","¥ 5,696","2","B000OY5RKA","","29.3","15.8","9.4","940"
"Behringer WAVES ユーロラック用タイダルモジュレーター/ファンクションジェネレータモジュール","11175","2","","9","¥ 19,800","","3","B0DP5DKVY5","","19.8","14.8","9","420"
"TRIAD-ORBIT（トライアッドオービット）GB3 【 スタンドの脚部に設置して安定性を高めるウェイトバック 個別に使うことも3個まとめて使用することも可能 三脚型スタンドに最適 】ウェイトバック 3個セット","11182","1","","3","¥ 12,100","","1","B06WRWSKF3","","36","29.1","6.2","4740"
"Musiclily Pro TL配線済み ピックガードとコントロールプレート搭載 Artecアルニコ5ピックアップ Teleテレキャスターエレキギター用4P 鼈甲柄","14108","2","","26","¥ 13,071","","2","B0CT8MLPJT","B0CTMGRTPX","30.4","25.4","7.2","699"
"バック トランペット マウスピース 3CW 銀メッキ仕上げ","14131","5","","8","¥ 10,450","¥ 10,702","16","B0002E2ADE","","9.1","3","3","113"
"MEINL マイネル ソニックエナジーコレクション オクターブ スチールタングドラム D Amera 16インチ ネイビーブルー/レーザー加工フローラルデザイン OSTD2NBE 【収納バッグ/マレット付属】【日本正規品】","14115","2","","15","¥ 71,818","¥ 71,818","3","B09XHRFXRD","B0FBS7C5BM","41.9","41.7","22.1","5035"
"Musiin KORG Phase 8対応のカスタム・アコースティック・シンセサイザー・ケース","11207","1","","1","¥ 6,199","","1","B0H1BKK1YP","","30","26","10","535"
"Rondino (ロンディーノ) マグトップボタン トランペットYAMAHA用 MTB-TP-Y","14134","1","","","¥ 23,100","","2","B0GTV6MT3D","","6.1","6.1","3.7","40"
"AZIEBAY ソルフェジオ音叉セット 174Hz-963Hz 9本/10本 瞑想 ヨガ 音響調整用 布袋・収納ケース選択可 (9ピース音叉セット（カラフルブルー布製バッグ付き）)","16825","1","","","¥ 7,216","","1","B0H6W6RDNZ","B0H6W86W3M","34","34","23","3000"
"K.Yairi 一五一会 奏生 BS","11211","4","","","¥ 44,550","","2","B00O88KACS","","74.3","30","12.8","1970"
"Lamantt シンバルセット ドラム用 静音設計 練習 自宅 マンション 室内 5枚組 合金製 耐久性のある 多機能 使いやすい 便利 (C)","16824","1","","","¥ 9,750","","1","B0GZZHSGMX","B0GZZR1BP6","60","60","40","3000"
"イノベイティブ・パーカッション ビブラフォン／マリンバマレット 「チェンバーシリーズ」 【CS41R】 サイズ：ミディアムハード","14121","2","","","¥ 6,970","¥ 6,970","1","B0G4N7PY82","B0GP93SHFR","48.4","10.8","3.3","80"
"IdeaThink ワイヤレスマイク ピンマイク 4個セット Android iPhone 16/15シリーズ対応 4人同時利用 充電ケース付 小型 ノイズキャンセリング 最長31時間 連続使用 無線マイク 360°集音 ハンズフリー クリップ式 風防 YouTube vlog撮影 動画配信 生放送 Telec認証取得済 (Type-C)","3149","36","","16","¥ 14,800","","1","B0D76Q4BK9","B0D76RFZVY","16.9","16.6","3.9","380"
"【国内正規品】 SONY ソニー 交換ドライバ 1-542-492-31 MDR-CD900ST用ドライバーユニット","14152","1","","1","¥ 5,977","","1","B0832P7RWX","","20","12","2","50"
"XOX KT03カラオケHDリアルタイムモニタリングイヤホン、ラベリアマイクとサウンドカード、9つのリバーブエフェクト、4つの音楽エフェクト (Type C with sound card, White)","39765","1","","","¥ 5,799","","1","B0FPB6KPX8","B0FPB5JGDL","8","4","3",""
"DW DW-5002TD4 Delta4 ドラムツインペダル","14161","2","","49","¥ 84,700","","17","B007XCTWQG","","44.4","38.1","21.6","7439"
"CLAVIA Nord Wave 2 シンセサイザー","11232","3","","7","¥ 428,900","","6","B083VVYQX3","","115.6","38.1","19","11385"
"[DiMarzio] John Petrucci/DreamTheater シグネチャー･ストラップ スタンダード ブラック w/ブルーステッチ DD3100JPBK-BL","14157","1","","13","¥ 5,000","¥ 5,000","3","B074FWKG56","B07LB6P8PK","20","15","10","200"
"Kala U-Bass フラットワインド ストリングセット 4弦 (Gallistrings)","14159","3","","60","¥ 16,138","","88","B086T58JVG","","16.2","15.7","2.5","135"
"MXL 990　コンデンサー・マイクロフォン(ショックマウント付属）","14160","6","","1740","¥ 21,534","","24","B0002GIRP2","","29.7","18.9","8.9","1229"
"Ibanez(アイバニーズ) エレキギター 7弦 Black Flat RG7421EX-BKF","22109","1","","1","¥ 74,800","","1","B0CXXVX2R1","","116","46","14","10000"
"GEBYUI 中国二胡 2 弦弦楽器｜広葉樹製・プロ演奏/初心者兼用・中高年/子供興味育成・国産特色楽器・大人用弦楽器​","14161","2","","","¥ 5,580","","2","B0FRQH64QB","B0FRQBMCPJ","1","1","1","1000"
"メイヤー アルトサクソフォン マウスピース メタル・ジャズ 6J","16851","1","","6","¥ 35,063","¥ 35,063","1","B0002MS9X6","B07T4HM1CH","15.8","5.1","4.4","132"
"SHURE 業務用ワイヤレスシステム アクセサリ WA360","85002","2","","40","¥ 14,025","","23","B0010CBSVM","","15.2","14","9.3","153"
"JVCケンウッド ビクター 床上型マイクロホンスタンド TL-P52","14167","1","","","¥ 11,400","","2","B002A33UY8","","89","11","10","2622"
"Legend LTE-Z GLGR Glitter Green テレキャスタータイプ グリッター グリーン レジェンド エレキギター","14175","2","","","¥ 23,500","","1","B0FJM5WCSZ","","106","40","14","6000"
"YAMAHA/グロッケン(立奏鉄琴)YG-250D【ヤマハ】","14197","1","","2","¥ 98,000","","2","B00V4OJBP6","","75","40","8","9220"
"バック トランペット マウスピース 5A 銀メッキ仕上げ","12716","27","","51","¥ 8,883","¥ 8,883","10","B0002E2AAM","B076LX7LBL","11.1","3.7","3.2","90"
"Barino ハープポータブル8弦/11弦/15弦ミニ三日月小型ポータブル初心者向け (11弦,ブラック)","30504","0","","","¥ 10,699","","1","B0FZTXL9CP","B0FZTGSRG8","59","45","30","4000"
"Fender フェンダー ギター用リプレイスメントネック 50's Modified Esquire Neck, 22 Narrow Tall Frets, 9.5"", U Shape, Roasted Maple","11272","4","","6","¥ 45,100","¥ 45,100","3","B0B9Q1DV1Y","","76.1","18.2","8.6","1288"
"Gibson PBBR-010 ブリッジ (ギブソン PBBR010)","25449","1","","19","¥ 8,800","","1","B0002D0K5A","","13.2","11.6","1.8","100"
"ダダリオ D'Addario EXL115W エレキギター弦×5SET","14197","2","","52","¥ 5,600","","3","B003O6Y7F6","","13.2","12.4","1","227"
"Moripe ジャンベ ハンドドラム 打楽器 民族楽器 ジャンベ 大 12インチ パーカッション 初心者から大人まで適しています (12インチ,P)","18479","1","","","¥ 11,660","","1","B0GS8KTM1C","B0GS825PYT","64","33","33","4400"
"Henretta Engineering ヘンレッタエンジニアリング コンプレッサー Orange Whip Compressor (国内正規品)","16905","1","","2","¥ 23,882","","1","B00FEZ19T2","","10.3","9.3","8.7","182"
"ROCK SLIDE ロックスライド/Joey Landreth Aged Brass Slide [SMP-JL] スライドバー エイジド","97650","1","","21","¥ 10,129","","32","B079SR3PDK","","11.7","3.6","3.5","59"
"バック Bach トランペット用ミュート エリート 【ETR10】 ストレート オールアルミ","19577","1","","","¥ 10,758","","1","B09Z6DTCG6","","20.3","11.4","11.4","227"
"Dubler Studio Kit 2 音声からミディコントローラーへ プロダクションソフト付属","14233","11","","71","¥ 34,642","","6","B0BMW2B3NW","","28.5","18.5","8.2","649"
"ALLPARTS SB-0211-010 Chrome トレモロ ジャガー ジャズマスター用 Chrome Tremolo Tailpiece オールパーツ","14271","2","","3","¥ 8,998","","3","B002NLWFNE","","25.4","10.2","1","340"
"子供用 ピアノ補助ペダル 足台 高さ調整可 2/3本金属ペダル 滑り止め付き 姿勢矯正 耐荷重 環境素材 (2本金属ペダル)","11337","1","","","¥ 14,600","","1","B0FC6GLDBF","B0FC6G9YWG","49","40.5","27","7000"
"ヤマハ YAMAHA GC12C クラシックギター","14267","2","","19","¥ 76,624","","2","B00H7VX502","","110","57","20","6000"
"Rovner 3MLNY Tenor Sax Ligature","14260","1","","4","¥ 8,899","","7","B000AS4ZJ4","","11.4","4.3","4.3","45"
"Pearl パール ドラムスローン D-730S","12158","35","","78","¥ 9,240","","13","B00D2K9CBS","B0CN3F6ZG9","43.4","39","12","3380"
"リーベル ツリーチャイム 600G 9mmソリッドアルミゴールドバー 日本製","14275","1","","","¥ 29,700","","1","B0865T5DD3","","63.2","11.7","4.1","1290"
"ミラフォン Miraphone チューバ・マウスピース TU31(C6) ヘルバーグ・モデル 銀メッキ仕上げ","14286","2","","","¥ 43,920","","95","B0023OX8UK","B084RZ2CVL","10","5","5","500"
"WLTASUY XLR - i-Phone マイクケーブル 6.6フィート XLR メス - ライティング マイク リンク コンバーター マイクやカラオケ録音用 i-Phone 14/13/12 pro max、i-Pad 9/8/7に対応","14271","1","","71","¥ 8,128","","6","B0DY4QG3FB","B0H4NV8J8K","23.4","17.4","2.1","82"
"Pknight 5ピン1ユニバース双方向アートネット/DMX512ノード、RDMなし","14278","1","","19","¥ 22,990","","1","B0D9NNKHP6","B0DGRP661P","15","7.8","6.4","381"
"ピックガード SSS ST SQパネルに適したエレキギターピックガード(Pink)","11366","1","","","¥ 6,971","","1","B0D862C6Z5","B0D86KYD2Y","33","27.9","2.5","200"
"バム Bam オーボエ用 ニュー・トレッキングケース カラー:アルミ TREK3029SA","14324","1","","","¥ 32,819","¥ 32,819","1","B07889YR5N","B08QGD8D2B","35","24","18","1400"
"Roland/TD-07KV VH-10アップグレード/3シンバル 純正DAP-3Xフルセット w/VドラムマットTDM10","11378","1","","","¥ 202,840","","1","B0B6FB9G3B","","94","88","52","92000"
"PK-ST60 オンステージ専用追加曲チップ 演歌&歌謡曲中心 200曲入り","11387","1","","2","¥ 13,000","","1","B0834XXR5Y","","25","11","2","200"
"Z.Vex BOX OF ROCK Vexter Series ギターエフェクター","11402","1","","1","¥ 33,900","","1","B000Z6CXWM","","23.4","15.4","14.7","366"
"ロッキングチューナー ロック式ペグ Locking Tuners 6連 右利き用 Fenderタイプ (ゴールド)","22390","1","","1","¥ 7,300","","1","B0CYXTF6XR","B0CYY3B7XR","15.9","5.5","3.4","260"
"Pearl パール Roadsterドラムスローン D-1500","5311","16","","18","¥ 24,200","","9","B08DCXZ98P","B0DZLLQFHR","52.6","49","18.4","7160"
"Fostex EB-6301 Uブラケット 6301Nシリーズモニター用","","0","","10","¥ 17,365","","28","B00TKLEX30","","21.4","16.6","8.9","871"
"Kirlinケーブルap-403pr-06 / BK – 6フィート – デュアルRCA toデュアル1 / 4インチパッチケーブル","11419","0","","828","¥ 6,460","","15","B00K39U1NE","","17.7","14.8","2.5","210"
"SCANDIAMOSS 北欧デザイン フレームモスパネル 35cm×35cm｜吸音インテリア｜壁面装飾｜スタジオ・オフィス・住宅対応(バーガンディ, 黒い枠)","14338","0","","","¥ 25,000","","1","B09QHVLK3X","B0GKP51SGN","35","35","5","1800"
"Timpano TPT-DH2000 2インチ出口圧縮ドライバー + ホーン 450ワット 最大電力 8オーム 109dB スリムプロファイルアルミニウムホーン + フェライトドライバー","11435","0","","54","¥ 22,237","","10","B0BN5QNV1R","B0H4KYKGJ3","17.9","17.6","15.2","3511"
"MAONO ゲーミングマイク ワイヤレス/USB双接続 PC コンデンサーマイク AIボイスチェンジャー ノイズキャンセリング RGBライト ミュート機能 ゲイン調整 ソフトウェア対応 ゲーム実況 配信 ポッドキャスト 録音 PS5/PS4/PC/Mac/Android/iPhone15以降対応 DM40-PRO","14362","0","","","¥ 12,409","","1","B0DY7TSGY4","","23.7","15","11.7","810"
"ドラムスローン ドラムスツール 41cm~58cm高さ調整可能 強力な耐荷重 PU表面 ドラムチェア ドラム 椅子 (ブラック)","22452","1","","","¥ 6,998","","1","B0F9HHH3SZ","B0F9H869P4","60","30","10","2800"
"K.YAIRI Nocturne AN アコースティックギター","22490","1","","2","¥ 108,900","","1","B00O9VVGOA","","100","40","20",""
"ヤマハ YAMAHA フットペダル FP720","11514","16","","43","¥ 14,985","","8","B013HPNVPA","B08HM1ZQM4","41.5","21.5","17.1","2246"
"G0 G0 Pro アコースティックギターピックアップ コーラス ディレイ リバーブエフェクト マグネティックピエゾ サウンドホールマイクピックアップ ギターアクセサリー(GO)","22561","1","","","¥ 21,057","","1","B0F28DH59P","B0F28CBYLV","17.8","12.7","5.1","450"
"HERCULES GS432B PLUS ギタースタンド 3本用 GS432BPLUS","11527","59","","1272","¥ 11,289","¥ 11,403","4","B07R2MGYJW","","79.4","15.2","15.2","3470"
"Arturia アートリア キーボード・コントローラー KeyLab mk3 61鍵盤/ベロシティ&アフタータッチ対応/パッド機能/フルカラー・ディスプレイ搭載 ホワイト","11557","23","","1","¥ 94,037","¥ 94,037","6","B0DGTVZT4X","B0DHCKJY3W","100","38","15","400"
"ハープ リラハープ 16弦ハープ 19弦ハープ 携帯用リラ楽器 (Color : 19 tones 4)","22601","0","","","¥ 18,174","","1","B0BRP8DPD8","B0BRP9M7T2","45","45","10",""
"Roland ローランド ポータブルアンプ CUBE Street EX 最大50W出力 屋外/イベント/ストリートライブ 堅牢設計 CUBESTEX キューブ ストリート ブラック 黒","11574","64","","377","¥ 59,950","¥ 59,950","11","B00JMU1RAG","","61","40.6","33.9","9276"
"Effects Bakery スグル食品のビッグカツディストーション/ギターエフェクター","5224","52","","35","¥ 5,610","","7","B09VNBPZW1","","10.3","6.7","5.9","180"
"Things 4 Strings Bow Hold Buddies バイオリンボーイング練習器具 ブラック","11577","28","","56","¥ 5,280","","1","B01KSWPK86","B01KURQIMQ","12.9","9.5","4.7","32"
"BOSS Line Selector LS-2","11579","65","","287","¥ 16,000","","16","B000SLP5SS","","15","9.2","6.4","531"
"CASIO(カシオ) Casiotone CT-X700 電子キーボード 61鍵盤","11584","79","","459","¥ 18,000","","12","B079PQQHQL","B08F35QT9R","99","40","14.5","6940"
"MEINL Stick & Brush マイネル マルチロッド BAMBOO BRUSH SB205 (384 x 14.2mm) 【国内正規品】","12497","15","","43","¥ 5,000","¥ 5,000","3","B07G8GKM6Y","B0FCRW3QN9","45","9.3","2.1","100"
"CAHAYA 電子ピアノスタンド Z型 幅・高さ調整可能 61/76/88鍵対応 頑丈 安定 4cm厚鋼管 日本語取説付き","11987","44","","53","¥ 5,980","","1","B0CXHKZ8R8","","57.5","48","7.9","5050"
"Wilkinson WTB 10.8mmテレキャスターブリッジ 弦長補正 3WAYブラスサドル Teleエレキギター用 ゴールド","12536","31","","322","¥ 5,424","","2","B0C5391WXP","B0C65DL4S7","17.5","12.5","1.4","118"
"Kailh Box V2 スイッチ、メカニカルキーボード用ホワイトクリッキー/ブラウンタクタイル/レッドリニア5ピンMXスイッチ(Brown,110PCS)","13121","3","","","¥ 5,499","","1","B0G531NHC2","B0G531LHB8","1","1","1","180"
"MAONO USB コンデンサーマイク ゲーミングマイク ノイズキャンセリング PC マイク ミュートボタン 単一指向性 RGBライティング 音量コントロール プラグ＆プレイ パソコンマイク ゲーム実況 ライブ配信 ポットキャスト ストリーミング Skype Discord Zoom Windows Mac PS4/PS5対応 GamerWave DGM20 ホワイト","11602","8","","259","¥ 12,581","","1","B0BSBTX4F3","B0HF4DX9HM","29","15","11","500"
"電子ピアノ ステージピアノ ローランド ROLAND RD-88EX Stage Piano","13400","11","","6","¥ 157,888","","7","B0D9Y4JWLV","","137.7","40.6","29.5","19028"
"吸音ボード 吸音材 防音シート 50*50*5cm 12枚 遮音シート 吸音パネル 消音、吸音対策 騒音軽減 硬質吸音フェルトボード ウレタンフォーム 難燃 防潮 ピアノ室 楽器練習室 録音室 オフィス 室内装飾 強力両面テープ付き (ブルー, 12枚セット)","20102","9","","27","¥ 9,500","","1","B0D9K984G7","B0GRMSCNJ1","53","53","5.4","2450"
"YWHT ウクレレ用EVAハードシェルケース 21/23/26インチモデルに対応 防水仕様で 持ち運びに便利なショルダーストラップとハンドル付き (ブルー,26インチ)","19874","0","","","¥ 7,900","","1","B0H9YBDSGT","B0H9Y13TTL","88","88","20","1500"
"Tufduzo 組立折りたたみ式防音室 一人用 吸音防音材搭載 屋根一体型 家庭卓上に設置可能 カラー：グレー (A,外側はグレー、内側はグレー 60×60×60cm)","40409","1","","","¥ 7,531","","1","B0H36KMPTL","B0H36KZ9NL","60","60","60","3000"
"Pyle Bluetooth スピーカー 大音量 ポータブル PAスピーカー 800W 12インチ サブウーファー マイク入力 AUX USB FM 充電式 キャリー付 カラオケ 屋外 イベント用 6ヶ月保証 PPHP1243B","11617","31","","782","¥ 5,414","","3","B084CXLM8Y","","52.1","34.3","32.4","3719"
"Roland ローランド/A-49 BK ブラック 【DP-10ペダルセット！】 49鍵盤MIDIキーボード","11641","24","","4","¥ 25,300","","3","B01H1SPR7O","","88.6","23.2","13","4500"
"【スタンド付き】Longeye アコースティックギター 初心者セット 40インチ Wisp A1 カッタウェイ チューナー・ケース付 入門用 アコギ（ナチュラル）","11646","42","50","12","¥ 10,800","","1","B0GZ32CWK3","","104","48","13","3700"
"ヤマハ YAMAHA サイレントギター タバコブラウンサンバースト SLG200S TBS SRTパワードピックアップシステム搭載 クロマティックチューナー内蔵 静粛性 ソフトケース付属","11646","40","","19","¥ 67,540","¥ 70,465","6","B09VBGFYHC","B0FNL1MRYY","110","45.1","14.5","4350"
"VITAL AUDIO POWER BASE VA-15AC VAIIシリーズ 25.0*6.8*4.5cm 国内正規品","11652","57","","33","¥ 21,416","","9","B0CSK1R5QQ","","31.4","21.4","5.7","1200"
"BONKYO カラオケセット家庭用 DJ ミキサー セット F999 ライブ サウンドカード 男声 女声 ボイスチェンジャー/マイク スタンド/オーディオミキサー 配信機材 実況者や家庭用カラオケに適用 日本語説明書付き","12794","33","","30","¥ 5,500","","1","B0CCJ88QHC","B0C13YW56N","42.6","27.6","6.7","1600"
"Arturia アートリア コントローラー&シーケンサー KeyStep 37 MK2 37鍵スリム鍵盤/アフタータッチ対応/ポリフォニック・ステップシーケンサー/アルペジエーター","11656","42","","29","¥ 29,182","¥ 28,887","26","B0GMJ2RHLL","","59.7","18.2","8.3","1610"
"吸音材 吸音パネル きゅうおんパネル 防音シート 【60cm × 60cm / 6枚 2.16㎡】壁装 DIY 騒音対策 室内装飾 防音パネル","15915","1","","2","¥ 10,999","","1","B0H7CLXYWK","B0HFNFPGH9","62.5","61","6.8","4300"
"Artec ASA91アルニコ5 P90 ドッグイヤーピックアップPU エレキギター用、クリーム(2個セット)","50321","1","","1","¥ 5,035","","1","B0CDC1TB4X","B0B63LPHMZ","15.7","13.1","5.7","280"
"【国内正規品】RODE VXLR+ XLR-TRS 変換アダプター VXLR+","11666","60","","1450","¥ 5,000","¥ 5,000","2","B071LNDKBJ","B0928W1Z3V","34.7","8.6","1.7","60"
"BOSS/BP-1W Booster/Preamp ボス ブースター プリアンプ BP1W 技 WAZA CRAFT 技クラフト 日本製","11668","60","","47","¥ 23,100","","19","B0CLLDRTZP","","15","9.4","6.2","520"
"M-AUDIO Oxygen 61 MKV USB MIDIキーボードコントローラー","13200","37","","346","¥ 27,071","¥ 27,071","3","B092XDPSXM","B0BYDK4PWB","100.8","29.2","12.6","4280"
"Musiclily Pro SE ST-60SE SSSストラト配線済みピックガード エイジドホワイト3P","13349","21","","123","¥ 7,995","","2","B0CLNTDMM9","B0CMH885TH","30.3","25.4","7.4","608"
"SHEAWA for JBL PartyBox Stage 320 防塵ケース カバー ナイロン 頑丈 傷防止 汚れ防止 マイクや小物類を収納可能 保護ケース 保護カバー アクセサリー","11679","45","","14","¥ 5,898","","2","B0FHYJ6WPJ","","29.5","18.5","7.9","650"
"【国内正規品】PAINTAUDIO MIDI CAPTAIN (MIDI MATE付き) | 10フットスイッチ | 日本語電子説明書付き | MIDIコントローラー | PC/CC/NOTE全命令対応 | TIME ENGINE自動制御機能搭載 | キー機能設定可能 | マルチエフェクター・DAWソフト制御 | Boss・Head Rush・Logic Pro対応 (ゴールド)","15054","21","","1","¥ 32,800","","1","B0CS2DSDW1","B0DXSZR5ZS","33","22","10","1500"
"GK-71 Blue cloudマルチリバーブ ギターペダル – 9種類のリバーブモード（ルーム、ホール、プレート、スプリング、シマー、クラウド、ブルーム、スウェル、ローファイ） – ステレオ入力/出力、トゥルーバイパス、9V DC","11685","48","","22","¥ 5,112","","1","B0FRM6H15J","","12.8","7.5","4.7","240"
"KORG Nu:tekt TR-S エフェクター組み立てキット","11688","45","","31","¥ 19,000","¥ 30,000","9","B0BMG19MGS","","18.1","14","5.2","430"
"Squier by Fender エレキギター Affinity Series™ Stratocaster®, Maple Fingerboard, Black Pickguard, Lake Placid Blue ソフトケース付き","12578","47","","243","¥ 35,352","¥ 35,353","7","B091BJJTQ2","B0FJR5FPQF","113","37.8","10.2","4649"
"2.4Gワイヤレス楽器マイク、360°回転コンデンサーサックスマイクピックアップシステム、ギターバイオリンアコーディオン用、コンサート屋外パフォーマンス用","13406","17","","10","¥ 5,270","","2","B0DNBJTP84","","21.2","17.4","5.3","290"
"Levy's Leathers M26-BRN アコースティックギターストラップ","5358","36","","356","¥ 5,390","","8","B001ICZG6C","B07FYCGSFJ","16.5","10.6","7.4","110"
"MEINL マイネル トレーニングパッド 4""Kneepad MKPP-4 【国内正規品】","13606","15","","495","¥ 5,030","¥ 5,030","5","B00PQXUMWC","","15.6","12","4.2","181"
"Legere レジェール ASF French Cut アルトサックスリード (ASF2.75)","11703","28","","22","¥ 5,195","","4","B07GFKV46J","B0CPH8RQJP","11.6","7.2","1.4","9"
"HERCULES ハーキュレス KS100B X型キーボードスタンド","13644","6","","42","¥ 6,490","","4","B00ZCCFGAK","","102","10.5","9","3650"
"Focusrite Scarlett 16i16 (4th Gen) 16in 16out オーディオインターフェイス 第4世代 フォーカスライト","11704","50","","107","¥ 46,801","","29","B0D7Y3XCGC","B0H4HYDYML","33.8","22.3","9.1","1874"
"NEEWER マイクブームアーム マイクブームポールサポートホルダー 5/8""スタッド付き ライトスタンド マイクスタンド Cスタンド用 金属製 滑り止め DSLRビデオマイクマウントアダプター -15°/+30°チルト 最大荷重8kg CM-NA-2","5319","49","","129","¥ 5,299","¥ 4,729","2","B0CFQHWD6R","B0DYTZ3LS5","20.6","10.5","7.4","358"
"トロンボーン ミュート 練習用 消音 「QooMute」 吹奏感 音色 プラクティスミュート 軽量 静音 自宅 家で練習 BRASS DESIGN (カラー: Asche(灰白色))","12602","42","","18","¥ 8,980","","1","B0CYH9R2G4","B0CYHHLQ2Q","22.7","15.9","15.7","300"
"TAMA タマ プロ・グレード ギター・スタンド 839 クロム","13560","22","","57","¥ 8,330","¥ 8,330","6","B000T9B4U2","B09283J1NR","58.5","21","10","2740"
"HERCULES スタンド バスクラリネット/ファゴット兼用 DS561B","12595","52","","653","¥ 9,756","¥ 9,756","1","B0019A637Y","","66.3","17.3","17","2708"
"JUWEI DIRECT 吸音パネル 吸音材 防音シート 【 120x60cm/240x60cm 1.44 m²】 高密度 遮音シート 防音パネル 遮音材 防音ボード 室内装飾 DIY 寝室 賃貸 (クラシック・オーク 13#, 1セット，240x60 CM)","11712","39","","80","¥ 8,599","","1","B0FCLX4S1D","B0DXMCG3M7","120","60","1.3","8500"
"LEWITT MTP 5 Live Vocal Microphone Switch Version ボーカルマイク XLR ライブ","11714","50","","1","¥ 18,700","","6","B0GMFNLL8D","B0GMFHXNY8","28.6","14.9","10.8","890"
"Superlux ダイナミック型 ハーモニカマイクロホン D112/C","11715","16","","502","¥ 6,980","","2","B000SAGSRQ","","25.9","12.4","8.2","830"
"RODE Microphones ロードマイクロフォンズ VideoMic ME-L 超小型コンデンサーマイク AUX VMML","11720","28","","889","¥ 12,342","¥ 14,845","25","B07F4MMLX5","","18","12.8","6.7","150"
"ヤマハ YAMAHA アコースティックギター STORIA I","13453","18","","18","¥ 55,000","","3","B08L51H4XC","","105.8","47.5","14.4","2740"
"ベリンガー アナログ シンセサイザー MODEL D","11727","24","","311","¥ 36,651","¥ 36,651","2","B0791T5MLV","","48.8","19.1","13","2180"
"CANARE PROFESSIONAL CABLE 7m ミドリ G07","2661","16","","178","¥ 5,500","","1","B00COJVWUC","B07MZ7XM92","31.1","12.2","4.3","462"
"Yinfente Bb フラットポケットトランペット 初心者用ベーストランペット、学生用 クリーニングクロス付き、シルバーメッキ7Cマウスピース、ハードケース ホワイトグローブ（ブラック）","13948","23","","32","¥ 18,500","","1","B0DB8FXQGV","B0DB8P2G48","30.1","24.7","15.5","1737"
"フルサイズ4/4エレクトリックバイオリン、赤色サイレントタイプ、大人および青少年向けエレクトリックバイオリン入門セット","13943","25","","1","¥ 15,202","","1","B0GXZSTX7L","","81","30","15","2200"
"BOSS/DD-3T デジタルディレイ ボス","11748","58","","497","¥ 20,319","","12","B07YDGK9M1","","14.8","9.4","6.1","531"
"正座らくちんお稽古ざぶとん 紫（三味線の先生が考えた足のしびれない座布団）","46588","2","","5","¥ 5,500","","1","B00JLKPVOA","","25.4","21","11.4","550"
"BOSS GT-1 Roland純正アダプターセット マルチエフェクター エレキギター用 入門 初心者に最適 ボス","11749","6","","3","¥ 29,700","","1","B07VMJZVC7","","47","35","25",""
"YAMAHA / YCM01 コンデンサーマイク 配信マイクセット ホワイト -3mマイクケーブル、アームスタンド付-","11751","6","","5","¥ 17,800","","1","B0BDVB9XH3","","47","35","20",""
"【マイバチみなみとり】 朴 39cm 標準 万能型 2ヶ月保証 収納袋付き (ホワイト)","12648","25","","80","¥ 6,480","","1","B0BR5MXQB8","B0BR5PPJPP","41.6","7.3","4.2","190"
"ProCo LIL' RAT リルラット ディストーション【国内正規品】","14195","17","","87","¥ 16,889","¥ 16,905","7","B0979D7PV6","","9.6","7.3","6.3","349"
"ガービー(Garvee) 電子ピアノ ハンマーアクション 88鍵盤 ピアノ 椅子付き ペタル付き 木製スタンド MIDI対応 子供 初心者向け","17635","10","","5","¥ 49,980","","1","B0D56M34F8","B0DJVSQGV9","137","38","38","46900"
"Novation/Launchkey 37 Mk4 | MIDIキーボード","11761","53","","108","¥ 30,000","","10","B0D6YTXS1Y","","61","31.7","11.4","2812"
"BOSS ボス/RC-505 MKII LOOP STATION","11762","26","","42","¥ 77,607","","7","B09QFRQ25V","","58","31.7","12.7","3280"
"Protection Racket スネア&DFペダルバッグ 14x6.5 TZ3016 LPTR14SD6.5PDL","14488","13","","25","¥ 19,800","","6","B01CWW74OS","","68","49","26","5300"
"トムクラウン Tom Crown ストレートミュート テナートロンボーン用 オールアルミ","14526","15","","4","¥ 15,644","¥ 15,644","38","B0002FOCQQ","B0779RMQ71","32.3","16.5","16.3","363"
"Marshall MG-Gold シリーズ ギターアンプコンボ MG15R","5403","20","","69","¥ 22,330","¥ 22,330","5","B07GQQRVJ7","B09M4CPYMD","43","38","22","7560"
"TOMBO(トンボ) 複音ハーモニカ 超特級 1921A","13373","16","","5","¥ 15,960","¥ 15,960","6","B00240FGY4","B019W1XZOK","19.6","6.3","3.8","10"
"ヤマハ YAMAHA パワードスタジオモニタースピーカー ペア コンパクト ブラック HS4","11791","64","","37","¥ 33,900","","16","B0CNBFXMJZ","","51.8","46.5","33.4","8490"
"【安心の日本製】 神戸ダンボール 防音ボックス ボイスシャット ホワイト版 厚さ4cmの高性能防音フォーム採用 簡易防音室 防音ブース 騒音対策 防音材 zooｍやリモートワークに最適","11791","42","","186","¥ 16,800","","1","B08F3HJ63D","B0B9LZ7YF4","73.2","72.2","21.3","4810"
"D'Addario ダダリオ チェロ用 バラ弦 Kaplan D-String KS512 4/4M Medium Tension 【国内正規品】","11794","8","","17","¥ 5,485","¥ 5,738","5","B0049BU7D6","B07H3SQRL3","14.3","14","1.2","20"
"Ibanez アイバニーズ「防水」と「パワーパッド」でギターをまもるギグケース 【ブラック】 IGB924R-BK","4781","15","","25","¥ 14,800","¥ 14,800","5","B084GFML1N","","112","42","14","2680"
"バック トランペット マウスピース 7E 銀メッキ仕上げ","12960","34","","78","¥ 8,883","¥ 8,883","11","B0002E2AKM","B07GB3BMZL","11.7","3.2","3.1","100"
"Musiclily Pro ST-DPMAアルニコ5 シングルサイズハムバッカーピックアップ PUセットSuper Distortion Stratストラトエレキギター用、ブラックボディ クロームレール(3個セット)","5515","7","","23","¥ 5,019","","1","B0CKX6MVCQ","B0CMH83Q34","14.4","9.9","6.5","300"
"BOSS ボス コンプレッション・サスティナー Compression Sustainer CS-3(T)","11809","42","","1357","¥ 16,000","","19","B0002CZV7I","","15","9.5","6.4","481"
"ARES WING マイクアーム マイクスタンド ロープロファイル 着脱式延長パーツ付 アルミ製 高さ調整 耐荷重 2kg ブラック","11810","17","","28","¥ 5,992","","1","B0GXF5LG6N","","39.7","12","8.4","1880"
"RELOOP RMX10BT BLUETOOTH対応2chコンパクトDJミキサー","11814","19","","200","¥ 22,021","¥ 22,021","1","B07WS8PJCT","","29.4","22","13","2200"
"Providence プロビデンス シールドケーブル F201 2m S/Lプラグ（ストレート/L型）","15691","8","","","¥ 6,044","¥ 6,044","5","B0CPSSFL48","B0CPSZSY5J","25","22","4","190"
"キーボードスタンド X型 7段階高さ調節 キーボード 台 ピアノスタンド 折りたたみ電子ピアノスタンド+ 椅子 セット 54/61/73/76/88鍵 ボード適用 （ブラック/黒）","13544","36","","10","¥ 6,498","","1","B0FGHMS7L7","","78","38","10","4000"
"Squier by Fender エレキギター Affinity Series™ Stratocaster®, Maple Fingerboard, White Pickguard, Black ソフトケース付き","12990","42","","412","¥ 32,400","¥ 33,131","11","B091BKCTK6","B0DC145C2V","111.6","38","10.3","4660"
"aleawol ウィンドチャイム 36音 打楽器 ツリーチャイム メタルスタンド・プレイスティック付き 60cm-120cm 高さ調節可能","5839","25","","28","¥ 6,980","","1","B0C3VDWBT3","","59.5","16.3","10.5","2330"
"Shure by Gator デラックスマイクスタンド ブームタイプ 三脚 ピストルグリップクラッチ搭載 SH-TRIPODSTANDTBMDX [ケーブルホルダー付属] 【国内正規品】","11850","6","","14","¥ 11,109","¥ 11,109","3","B0CW1Y7TYQ","","96.5","12.7","10.2","2903"
"PAMPET Dolphin ポケットトランペット スターターセット ABS樹脂製 Bb トランペット お子様 学生 初心者 楽器(ホワイト)","15432","13","","44","¥ 16,500","","1","B0FGQK7F4G","B0G3YRKPJT","27.3","20.3","15.4","1002"
"AlphaTheta Serato Studio Controller SLAB","11864","14","","1","¥ 46,200","","3","B0G4W4ZXF2","","38.7","27.6","8.9","1800"
"Ulanzi LS26 マイクスタンド マイクアーム 卓上用 クランプ式 デスクスタンド 角度調整可能 マイクホルダー 1/4""3/8""5/8""変換ネジマウント付き 折りたたみ モニター下部からの設置/レコーディング/配信/ゲーミング/動画制作に適用 耐荷重2kg アルミ製","11865","51","","223","¥ 5,280","","1","B0BWXBWLD7","B0D9VV3RJ5","30.4","14.4","6.9","980"
"Donner エレキギター 初心者セット LPタイプ 39インチ フルサイズ ポプラ材 HHピックアップ配列 専用ケース ストラップ シールド付 サンバーストDL-124","12893","30","","2128","¥ 17,980","¥ 17,980","1","B083J38N45","B0DW7WR3N1","111","37.5","13","5990"
"バッグ付きフラットトラベルカホンドラム、軽量コンパクトギター弦内蔵カホン、工芸ゼブラウッド＆バーチ材ボディ","6443","11","","3","¥ 9,999","","1","B0DQ832DPQ","","35.8","28.5","7.1","1220"
"プロテック PROTEC トランペット用セミハードケース トランペット&ミュート スクエアタイプ PB301 ブラック","11884","10","","397","¥ 25,300","","47","B0002D02BM","","58.2","29.1","23.2","3530"
"ヤマハ YAMAHA マレット レギュラーモデル MR-3000","15534","10","","","¥ 5,900","","1","B003XQURAG","B08JH1T9Y5","44.5","8.7","3.3","80"
"ダイナミックマイク 単一指向性マイク AKG D5-Y3 【国内正規品・3年保証】 指向性マイク マイクロフォン マイクロホン (力強く明瞭な音質でスピーチやボーカル・楽器の収音に最適)","13533","40","","26","¥ 11,990","","4","B08V8S2NJQ","B0CB1MW4ZF","20.6","14.2","6.7","570"
"LEWITT CONNECT 2 USB オーディオミキサー オーディオインターフェース 薄型軽量 配信機材 DTM 音楽制作 ヘッドホン出力 USB Type-C XLR TRS対応","11899","46","","15","¥ 25,140","","7","B0D3HTPG6K","","21.6","17","8.4","800"
"ヤマハ YAMAHA パワードスタジオモニタースピーカー ペア コンパクト ホワイト HS3W","11902","63","","45","¥ 29,000","","14","B0CNBL6HPT","","34.4","31.3","27.7","6260"
"ENNBOM 32音 鉄琴 卓上鉄琴 スタンド付き マレット4本 収納ケース付き 高さ調節可能 (黒いフレーム)","14548","17","","30","¥ 10,460","","1","B08MVMP25Z","B0B1TH3CJJ","67.6","43.3","9.2","4900"
"Ibanez アコースティック・ギター/エレアコ・ギター用 ケース 保護クッション装備 IAB541-BE ベージュ","13509","29","","197","¥ 6,281","¥ 6,281","7","B01L1U2A1E","","115","45","13","1180"
"吉澤 PEACOCK フラットボード 奥行き60cm ベージュ FB-60-BE","14520","10","","111","¥ 25,556","¥ 25,556","2","B0051XWMF2","B081K4RW27","161","61","4.5","10000"
"BOSS/技WAZA CRAFT TU-3W MADE IN JAPAN Chromatic Tuner TU-3W チューナー ボス","11921","44","","57","¥ 19,800","","14","B06XVCLRNC","","16.9","11.9","7.3","600"
"LEKATO 電子ドラムセット 静音メッシュ 折りたたみ式 付き初心者向け 電子ドラム 220種類以上のサウンド USB MIDI 2スイッチペダル スティック付き電子ドラムキット トラベルバッグ(ペダル付き)","11924","42","","5","¥ 31,000","","1","B0FH4RS6LZ","B0FHK44F3J","51.3","50.5","16.3","6450"
"Yinkaerマルチユースサウンドカードオーディオミキサー コンデンサーマイク(P15)オーディオインターフェース 配信機材","11929","47","","18","¥ 23,188","","1","B0GF21X1RY","","30.1","22.2","14.4","2040"
"Effects Bakery エフェクツベーカリー French Bread Delay [EB-FBDn] / ディレイ ミニペダル ギター エフェクター","5297","46","","42","¥ 5,280","","9","B09P3QQM5P","B09P6BJDZJ","10.2","6.3","6.2","180"
"メロディオン スズキ 鍵盤ハーモニカ アルト PRO-37v3 3点セット","11941","15","","3","¥ 26,620","","2","B0D24ZHGV2","","54.9","17.4","10.4","1320"
"KC ミュージックベル (デスクベル) 8音 セット Bear Desk Bells MB-8DB","5470","35","","57","¥ 8,450","¥ 8,698","8","B076M214KW","","38.7","20.6","9.3","1370"
"Bananana Effects - MANDALA　グリッチペダル","11944","46","","38","¥ 20,495","","5","B07N468JPN","","10.1","7.3","6.4","170"
"ARTinoise アルティノイズ デジタル・リコーダー lunatica White ルナティカ ホワイト 電子リコーダー MIDI コントローラー","15213","32","","38","¥ 14,900","¥ 22,111","14","B09RSKFCMZ","B0CG8G8ZPH","35.6","11.9","5.8","420"
"tc electronic コーラス 3RD DIMENSION CHORUS","11952","42","","238","¥ 5,480","¥ 5,556","3","B077YNKZKY","","17.3","9.7","7.1","573"
"HeadRush VX5 ボーカルエフェクター Auto-Tuneペダル","11960","42","","129","¥ 43,800","","3","B0FGXX389L","","31.1","25","13.2","1851"
"SONICAKE ボリューム＆ワウ ペダル ミニ VolWah","11964","77","","1592","¥ 7,920","","1","B077PSQQVH","","15.3","7","6","372"
"CICONIA ポータブルスピーカー TY-1900 ワイヤレスマイク2本 リモコン Bluetooth キャリーハンドル アウトドア カラオケ 会議 イベント PAセット","11968","48","","","¥ 23,300","","5","B0G2RLQVKL","","50","35","35",""
"OYAYO 電子ドラムパッド 7パッド 持ち運び可能 充電式ドラムキット ベロシティ感知ドラムパッド USB-MIDI対応 Mac・PC対応 初心者 日本語説明書付き (TD01)","11971","37","","6","¥ 12,160","","1","B0F3XFQ49X","","49","33.8","12.3","3350"
"BQKOZFIN サックス 初心者 アルトサックス Eb Saxophone ゴールドラッカー 保護ケース付き 彫刻入り サックス入門セッ","11973","36","","12","¥ 31,980","","1","B0DMFCV5CQ","","65","30","17","3750"
"TAMA タマ 1st.Chair ラウンドライダー3脚ドラムスローン HT430B","14580","34","","82","¥ 18,040","¥ 18,040","9","B01K5IUA7Y","B01MY2VQNB","50.8","48.8","20.1","6985"
"AET 電源プラグ 1個 PSE018HG-V2","6047","4","","7","¥ 5,445","","3","B01DXEFAY0","","11.6","4.2","4","72"
"シーミュート Sshh Mute プラクティス・ミュート ピッコロトランペット用 プラスチック製","14850","3","","","¥ 7,920","¥ 8,208","2","B077XVZR6C","","18.6","7.5","7.1","60"
"TOPPING Professional E1X2 OTG 1in / 2out オーディオインターフェース オーディオミキサー 配信機材 DTM MIX 音楽制作 歌枠配信/歌ってみた USB Type-C モニター機能/iPhone/iPad/Androidタブレット/PC/マイク/ヘッドホン/ギター接続 楽器対応 ライブ/ストリーミング/ゲーム実況【国内正規品】 (ブラック)","11989","49","","23","¥ 26,730","","2","B0DBPFVTBM","B0H4HRYH65","23.3","16.7","7.6","670"
"Pearl パール・ミニカホン TRINOS(トリノス) PMC-TRS","12831","44","","141","¥ 5,305","¥ 5,856","7","B0815S6NZD","","24.6","15.8","15.8","1340"
"AKG (アーカーゲー) C214-Y4【 C414 XLⅡと同等のダイヤフラム ボーカル/アコギ/ピアノ/弦楽器/管楽器/ドラム/パーカッションの収音に最適 】[ヒビノ正規輸入品] サイドアドレス型コンデンサーマイクロホン","11994","54","","6","¥ 44,516","","9","B0923DYRNH","","28.7","23.1","9.1","1340"
"CASIO CT-S300 ブラック 61鍵盤 Casiotone キーボード 電子ピアノ","11995","52","","71","¥ 20,900","","1","B07XHR2GJD","","96","28.5","8","4000"
"Yinkaer P17 ポッドキャストマイクセット G10 多機能オーディオミキサー同梱 オーディオインターフェース 配信機材","14630","11","","8","¥ 24,933","","1","B0H45KFYB3","","29.9","22","14.4","2050"
"SHURE フィットネスヘッドセット コンデンサー マイクロホン SM31FH-TQG ※XLR接続ご希望の場合はプリアンプ RK100PK をお求めください 【国内正規品/メーカー保証2年】","12002","56","","850","¥ 14,800","¥ 14,800","4","B00IVPFZ92","B09281JLCB","19.3","16.2","7.9","200"
"HERTBER 吸音材 吸音シート 防音シート 防音材 防音パネル 48枚セット 黒色 粘着式 30×30×3cm 壁用 録音室 寝室 ゲームルームに適合（卵型）","5643","0","","21","¥ 5,999","","1","B0HDCN3CBR","B0HFWJHW5K","35.4","32.4","8.1","2540"
"GECKOカホン、Cajon カホンドラム、ハンドドラム、トラベルカホン、打楽器 ギターの弦共鳴、キャリーバッグ付き（235*290*45mm）","6158","21","","8","¥ 9,999","","1","B0CWNS4Y7F","","35.8","28.7","6.7","1230"
"KONGNY T-902アコースティックギターアクティブサウンドホールピックアップマグネティック+マイクデュアルピックアップシステム、クラシックフォークギター用ボリュームコントロール付き（バッテリーは含まれていません）","14695","8","","","¥ 8,639","","1","B0CFFHWQHG","B0CFF43RZR","19","13","6","350"
"Blackstar ブラックスター ヘッドフォン ギターアンプ BEAM:SOLO エレキギター、エレアコ、ベース対応/連続約5時間使用可能バッテリー/ボーカル録音対応/Bluetooth接続/Blackstar BEAM アプリ連携","12012","38","","5","¥ 17,600","","25","B0FPFQ4PWQ","","13.6","11.7","4.7","140"
"SONICAKE ミキサー エフェクター ABY ラインセレクター FXループ Portal","12013","61","","109","¥ 9,900","","2","B0DCNJG9X8","B0CVCHQLLD","16.2","12.2","7.7","460"
"コウナン 甲南 ピアノ補助ペダル KP-DX 黒","12014","17","","32","¥ 17,000","","3","B004ADR1AA","","41","37","24","7000"
"MONSTER CABLE (モンスターケーブル) 楽器用ケーブル ギターケーブル 長さ 12ft 直X直プラグ M ROCK2-12 600540 【国内正規品】","12020","28","","77","¥ 8,250","¥ 9,444","17","B086TQ7CSY","","22.4","21.4","5.2","390"
"Logicool G ゲーミングマイク YETI GX ダイナミックマイク G-YETI-GX-WH ストリーミング配信 スーパーカーディオイド ノイズ軽減 RGB LIGHTSYNC 対応 USB BLUE VO!CE PC MAC ゲーミング マイク 白 ホワイト windows G-YETI 国内正規品","13159","56","","50","¥ 28,882","¥ 28,882","1","B0D1R585XT","B0D1VL2JF9","31.3","14.3","8.2","980"
"Ulanzi A200 ピンマイク ワイヤレス 100M伝送距離 ノイズキャンセリング30時間バッテリー駆動 瞬時接続 自動ペアリング 360°集音 クリップ式 収納充電ケース付き 超軽量 ミニマイク カメラ/iPhone/Android/PC用マイク 生放送/Vlog撮影/web会議/インタビュー等適用 黒","12022","17","","11","¥ 8,999","","1","B0FX43YXBD","","12.4","10.8","3.7","150"
"オーディオテクニカ AT2050 コンデンサーマイク XLR 単一指向性マイク/双指向/全指向/ローカットスイッチ/PADスイッチ/専用ショックマウント付き/レコーディング/宅録/動画配信/ポッドキャスト/実況/DTM/ブラック 【国内正規品】","12026","73","","310","¥ 27,650","¥ 28,600","17","B001DTNKNG","B0FCY89T3F","34.7","32.8","14.3","970"
"【総代理店】スタイロフォン ピンク 【日本語説明有り】 Stylophone PINK 特別版 パンクピンク ポケットシンセサイザー SPECIAL EDITION","12031","19","","299","¥ 6,680","","1","B0C6YDHZDH","B0DBMP8JVQ","18.7","11.5","5.2","290"
"BOSS ボス デジタルディレイ DD-200 Digital Delay コンパクト・エフェクター 12種類のディレイモード ルーパー機能搭載 ギター/ベース","12032","30","","86","¥ 35,200","¥ 35,232","11","B07T8B5XRH","","20.2","17.4","11.4","1070"
"UNIVERSAL AUDIO UAFX Enigmatic UAFXシリーズ 6.5*9.2*14.1 cm 国内正規品","12033","19","","5","¥ 48,740","","7","B0DKN6B9WX","","16.2","10","7.6","710"
"ちゅら咲 沖縄三線 トライアル初心者向けセット 中型サイズ","13230","17","","14","¥ 22,800","","1","B003N1UJ1S","","76","23","12.4","1820"
"WITTNER ウィットナー メトロノーム アニマルシリーズ キャット 839021","12041","9","","76","¥ 19,591","¥ 19,591","1","B0026FGIP8","","22.8","16.2","11.9","800"
"Squier by Fender スクワイヤー エレキギター Squier Sonic™ Mustang® HH, Maple Fingerboard, White Pickguard, Flash Pink ソフトケース付き","17222","19","","98","¥ 23,900","¥ 24,444","6","B0BVGVX7Z8","B0FNQ7JGJZ","111.8","39.1","10.7","4377"
"ヤマハ YAMAHA ミュージックプロダクションスタジオ SEQTRAK BLACK オリジナルのエレクトロニック・ミュージック制作からパフォーマンスまで、全てを１台で","3217","34","","70","¥ 59,125","¥ 55,052","9","B0CSRWQNTG","B0CT4TP8PG","42","16.4","8.5","1060"
"Alesis Strike Multipad 電子ドラム パッド","14601","13","","1857","¥ 78,239","¥ 78,239","4","B07KFYH4TD","B0CCSLCX67","43.2","41.1","13","4672"
"East top ハーモニカ クロマチックハーモニカ 12穴48音 C調クロマチックハーモニカ 大人とプロのためのハーモニカ, ブラック","14624","24","","12","¥ 9,989","","1","B0D8PDJ6LH","B0D8NQM3JY","19.9","6.8","4.4","430"
"HOHNER ホーナー 鍵盤ハーモニカ メロディカ PERFORMER 37","14538","37","","328","¥ 9,574","¥ 9,672","3","B08B5DJ442","B09ZTMPL7D","55.7","15.4","7.9","1450"
"Jマイケル シルバーフルート FL-380SE Eメカ付き","14682","19","","10","¥ 32,828","¥ 32,828","3","B002C2XPNS","","42.7","23.1","9.3","1276"
"Analog Cases Roland SP404 専用ケース","12069","14","","216","¥ 8,800","","2","B07VY8P6PD","","34.4","24.1","5.2","522"
"Elgato ウェーブマイクアーム MK.2","12075","25","","63","¥ 17,420","","9","B0FLQLRZ3G","B0H4L3W88T","54.6","21.6","8.9","2722"
"ヤマハ(YAMAHA) ギターアンプバッグ THRBG1 THR 専用のキャリングケース","12075","46","","89","¥ 7,700","¥ 7,478","9","B07YD6M7WD","","43","24.7","23.5","680"
"Logicool G マイクスタンド COMPASS デスクトップ マイク ブームアーム G-BA-CMP マイクアーム ゲーミングマイク ストリーミング 配信 USB 国内正規品","13882","42","","11","¥ 16,000","¥ 16,000","1","B0D1R5G1TZ","","98.5","13.5","7","1810"
"Fender フェンダー エレキベース Player II Precision Bass®, Rosewood Fingerboard, 3-Color Sunburst ソフトケース付き","12078","33","","339","¥ 103,400","","4","B00XZ4CK92","B0GCH51HD9","78.7","76.2","12.7","2381"
"D'Addario ダダリオ エレキギター用バラ弦 ニッケル .080 NW080 10本セット 【国内正規品】","15392","22","","564","¥ 13,419","¥ 13,419","1","B00VFAI448","B00VPVWMBS","10","10","3","200"
"Pearl ティンパニマレット 662-S","14715","15","","5","¥ 6,270","","3","B008XTUT5Q","B08RDZ3XWX","42.1","11.9","4.2","96"
"SUZUKI スズキ ハーモニカマイクセット HMH-100","12092","10","","35","¥ 11,495","¥ 12,838","6","B00HV39XDY","","15.6","11.6","5.8","258"
"Legend レジェンド アコースティックギター ケース付き FG-15(A) BK","14544","4","","250","¥ 13,500","","1","B00A9SOLQW","B01LXUHBC7","120","60","15","4001"
"Vangoa 1/2 バイオリンセット 初心者 子ども向け 無垢材 フィドル ハーフサイズ アコースティックバイオリン スターターキット マニュアル付き ブラウン","14797","12","","580","¥ 12,999","","1","B098LP2BJ7","B0BD77YGVB","72.5","26.5","13","1620"
"VINGOBOW カーボンファイバー・バイオリン弓Carbon Fiber Violin Bow3/4サイズ 天然の黒い馬毛 明るい音","12113","9","","59","¥ 5,795","","2","B08LGL8LQ5","B08LGGJR5T","77.6","9.4","1.9","90"
"HOSCO フレットエンドドレッシングファイル Jumboフレット用 ステンレスフレット対応 TL-FE3HC","14574","26","","4","¥ 6,667","¥ 6,667","2","B0CQ4NGV6D","B0CQYP9V4N","20","20","1","200"
"【純正アダプター/FLY-PSU付】Blackstar ブラックスター FLY3 ミニ・ギターアンプ","12113","8","","29","¥ 11,310","","4","B07KYCPQM3","","25","18.5","17","1450"
"XVIVE エックスバイブ マイクロフォン・デジタルワイヤレスシステム XV-U3","12115","35","","1210","¥ 29,700","","1","B07CNLJDST","B08HND2HGK","16.2","11.9","6.7","390"
"Image Line FL STUDIO Signature クロスグレード 解説本PDFバンドル FL STUDIOシリーズ 国内正規品","12127","15","","8","¥ 22,280","","4","B0CXPN8G61","","23.5","19.2","5.2","130"
"BOSS SUPER Chorus CH-1","12129","44","","937","¥ 17,222","","17","B0002CZV78","","25.9","21.5","17.4","712"
"Seika 16穴 Cキー フルート セット 初心者・上級者向け 高級白銅ニッケルメッキ フルートセット 音楽愛好者対応","13433","31","","137","¥ 12,980","","1","B07MRB8WMG","","41","13","7.8","1100"
"【国内正規品】 Mooer ムーアー Micro Series マルチモジュレーションペダル Soul Shiver","14809","14","","35","¥ 11,220","","1","B00LTZHWEW","B07L9YHKZJ","21.8","6.2","5.2","170"
"UNI-PEX ワイヤレスマイク WM-3100","12137","23","","18","¥ 25,700","¥ 25,700","11","B000WM8SO6","B0BT85LQBS","32","23","4","300"
"【音工房Z】音響パネルB 4枚セット 拡散 乱反射パネル 理想のルームアコースティックを構築 響きが美しい天然パイン集成材","12140","14","","41","¥ 9,480","","1","B0BQQVV2Y9","B0C5WX9HMC","62","27","10","3500"
"BOMGE BMG11S USB オーディオ インターフェイス (24 ビット/192 kHz)、XLR、48 V ファンタム電源付き、ギタリスト、ボーカリスト、ポッド キャスター、またはプロデューサー向け — 高忠実度、スタジオ品質のレコーディング… (静かな青)","12144","14","","29","¥ 5,990","","1","B0BR7XBXZ4","B0BRFV2FMM","17","13.2","4.9","480"
"TOA ワイヤレスチューナーユニット(チャンネル増設用) WTU-1720 シルバー","12146","28","","37","¥ 30,190","¥ 30,873","10","B0009VXZVQ","","18.2","11","3.7","170"
"Clordeal 子供用電子ドラムセット MIDI接続 コンパクト設計 1200mAh充電式 デュアルスピーカー 初心者向け 家庭用・屋外対応 ドラム練習用 電子楽器","12152","40","","58","¥ 7,940","","1","B0F34559S1","B0H3NF8HQ6","42.6","23.3","4.7","1200"
"【国内正規品】Hercules(ハーキュリーズ) DJControl Mix – スマホ対応ワイヤレスDJコントローラー/djayおよびApple Music対応","12163","35","","711","¥ 19,819","¥ 19,819","2","B09J596CZN","","42.9","17.1","8.6","1050"
"Thalia Capos Hawaiian Koa カポタスト Woodシリーズ タリアカポ","14607","27","","7","¥ 12,870","","4","B0DPD93DZH","B0DPH3FKPZ","8.9","8.9","4.1","180"
"K&M アルトサックススタンドJAZZ(Eb-Alt) ST14330","14714","24","","262","¥ 11,500","¥ 11,500","6","B00I41UPI4","","26.8","7.4","7","360"
"CAHAYA エレアコギター 初心者セット カーボンファイバー ピックアップ搭載 ギターケース付き","14905","12","","13","¥ 29,480","","1","B0DYSCK14H","","115","50","21","5500"
"KIMFBAY 電子ピアノ 88鍵盤 木製本体 電子ピアノ 88鍵 スタンド一体型 白","12928","47","","88","¥ 22,270","","1","B0CKMYGY1M","B0DCNPG2BN","142","40","16","14000"
"Vandoren トラディショナル 硬さ：3 リード バリトンサックス用 (バンドレン) 国内正規品","12186","13","","35","¥ 7,221","","4","B00MO1UERM","","12.7","4.3","3.5","40"
"BOSS/KATANA-AIR Guitar Amplifier ワイヤレス・ギター・アンプ","12186","35","","220","¥ 49,500","","12","B07BFX25XZ","","40.5","26.7","23.8","3430"
"マーシャル Marshall ギターアンプコンボ CODE25 歴代のマーシャルトーンを忠実にモデリング オーディオインターフェイスとしても使用可能 スマホアプリで操作が可能","14586","47","","166","¥ 31,600","¥ 31,600","7","B01MDOTQKJ","B06Y42VF5K","41","37","22.5","7260"
"【専用ヘッドホン＆ワイヤレスアダプター付き！】CASIO カシオ 電子ピアノ DigitalPiano 88鍵盤 Privia PX-S1100 (スタンド＆椅子セット＆ペダル, BK ブラック)","5491","34","","20","¥ 68,400","","1","B0994G8FCK","","146","31","23","16000"
"BOSS ボス FV-50H ボリュームペダル ハイインピーダンス ステレオ入力/チューナーアウト 小型","12199","45","","103","¥ 11,010","¥ 11,010","11","B000EMLLC0","B0FLXQYBWN","24","10.6","7.2","530"
"【正規品】 ERNIE BALL 2736 ベース弦 5弦 (45-130) 5-STRING COBALT SLINKY BASS コバルト・スリンキー・ベース","14558","41","","527","¥ 6,212","¥ 6,212","6","B007O39HV4","B0CLRWVHBM","19.3","15.9","2.1","160"
"スモークフォグマシン強力900Wワイヤレスリモコンセット","12200","4","","5","¥ 8,450","","4","B01DW216LO","","33","33","18","4000"
"PhotoGenic フォトジェニック エレキベース ジャズベースタイプ JB-240/WH/T3P ホワイト/べっ甲柄ピックガード","15890","17","","","¥ 20,877","¥ 20,877","2","B002L4MX9Y","B006ZIHN6A","121","45","9","6042"
"セルマー アルトサクソフォン キャップ 銀メッキ仕上げ","14769","27","","4","¥ 6,873","¥ 6,873","1","B00D3YFHPI","B071LJHMCN","11.7","5","4.9","38"
"PLAY WOOD プレイウッド ティンパニ・マレット T11-S","12213","22","","3","¥ 7,689","¥ 7,767","4","B00KD2AG5Y","B08RYW71GH","43","12","4","20"
"Moosonのピアノキーボードカバーは、ダストカバークロス(ホワイト)で直立したピアノを安全に保ちます","17586","21","","36","¥ 16,122","","1","B0BZ3T2NQR","B0CF1GCSD3","35.6","34.3","7","907"
"PROMARK プロマーク リズムスティック LA SPECIAL LARSW-6P (203.2 x 19.1mm) 6ペアセット 【国内正規品】","11863","7","","346","¥ 7,354","¥ 7,354","1","B09J7Q2CYB","B09J8PRQQ4","22","12","4","600"
"電子ピアノ 【イススタンドセット 88鍵盤 】 スタンド付き 椅子付きピアノ Longeye ロンアイ Slim 持ち運び 超小型 10ｍｍストローク バッテリ内蔵 長時間利用可能 練習にピッタリ ケース付き ペダル付き MIDI対応 (黒-3セット)","15058","25","","176","¥ 25,800","","1","B0CCRV5335","B0CCRSC1XG","130","39","22","13640"
"audio-technica 2MHz帯 赤外線コードレスマイクロホン AT-CLM7000TX","12227","41","","35","¥ 13,800","","4","B00QWFXLO4","","23.4","6.6","5.8","340"
"KIMAFUN 2.4Gワイヤレス サックス マイク クリップオン楽器用マイク プラグ＆プレイ ノイズ軽減 30M伝送距離 8時間連続使用 サックス、フレンチホルン、トランペット、トロンボーン 金管楽器用","14543","33","","286","¥ 14,999","","2","B0D5LGW37H","","26.6","14.4","6.1","460"
"Coolmusic BP40D 充電式アコースティックギターアンプ エレキギターアンプ - キーボードアンプ 80W W/BT リバーブコーラスディレイエフェクト付き 6入力 3バンドEQ","14758","22","","197","¥ 39,999","","1","B09JFLVMXL","","46","33","31","8340"
"UDG Ultimate CourierBag Black Orange Inside ショルダーバッグ [オーディオインターフェイス/レコード/ケーブル等]収納可能","14984","17","","8","¥ 7,700","","3","B07ZHNZ6J6","","46.4","37.4","7.2","600"
"MAONO USB XLR ダイナミックマイク 192kHz/24bit ポッドキャスト用PCマイク 単一指向性 ノイズキャンセリングマイク スタジオ レコーディング ストリーミング コンテンツ作成に PD300XT","12250","62","","312","¥ 17,184","","1","B0F2HR9SZT","B0G3572SC2","27.7","18.6","12.3","1550"
"ヤマハ(YAMAHA) トランペット用マウスピース スタンダード TR-14C4","14851","22","","15","¥ 7,623","¥ 8,981","11","B003J6WOM4","","10","3.5","3.5","112"
"オオサワオカリナ iシリーズ AC Single アルトC AC-SI","12259","32","","52","¥ 31,570","","7","B00MB4D6MC","","26.5","22.4","14.6","630"
"VOX ギター パイソンストラップ レザー 革 PYTHON STRAP V822 ブラック 黒","12264","23","","13","¥ 14,643","¥ 15,260","3","B003QNX0S2","","23","14.7","6.8","540"
"Roland Synthesizer 37ミニ鍵盤 JD-Xi","12265","11","","145","¥ 71,500","","6","B00SKUYNY6","","72.4","34.6","11.8","3640"
"Donner DST-90 エレキギター 初心者セット アンプ付き 39インチ HSSピックアップ Cシェイプネック ギグバッグ チューナー カポ ストラップ 予備弦 ピック ケーブル付属 ブラック","14544","25","","1","¥ 17,819","¥ 17,819","1","B0G932Y9R5","B0H5J63DCW","114","38","11","5960"
"オーディオテクニカ AT8652 卓上マイクスタンド","12269","36","","141","¥ 5,100","¥ 5,100","15","B00008B5N6","B09RWP6GRP","31","14.8","14.8","1270"
"ヤマハ YAMAHA フルート スタンダード YFL-412","12279","40","","6","¥ 202,950","","8","B01L3JCPOK","B0FNDQK81F","44.1","24.1","11.3","1412"
"AKG Project Studio Line コンデンサーマイク ブラックボディ P170 【国内正規品】","14757","26","","21","¥ 12,017","","6","B00MOAM3P4","","24.5","19.2","8.2","464"
"comica VM40 COMBOガンマイク 送信機×２＆受信機×1 ワイヤレスマイク 48kHz/32bit 32G内部収録 200ｍ伝送距離 超単一指向性 外付けマイク","12283","8","","105","¥ 69,350","","1","B0DF2FXW4P","B0H5QNGDXT","27.9","19.1","15.2","1270"
"BOSS ボス EV-30 DUAL EXPRESSION PEDAL エクスプレッションペダル 省スペース設計 アルミ・ダイキャスト筐体 2系統のEXP OUT端子","12285","67","","215","¥ 16,000","","11","B01N230YW2","","26.5","10.3","7.7","980"
"BETOPPER ディスコライト 54x3W RGBW LED 舞台照明ステージライト ステージ照明 DMX512 3/7CH パーティライト スポットライト DJ disco light クラブライト専門設備 高輝度 音声連動 舞台/演出/結婚式/パーティー/カラオケ/クラブ/バー用","14881","16","","83","¥ 10,829","","1","B079HK222Q","B0DH4DGD98","30.2","22.5","22.4","2260"
"sE ELECTRONICS DM2 T.N.T Black DM2シリーズ 19*9.55cm 国内正規品","14827","24","","6","¥ 14,800","¥ 21,111","7","B0D46944LZ","","16.1","3.2","3.2","100"
"Squier by Fender スクワイヤー エレキギター Squier Sonic™ Mustang®, Maple Fingerboard, White Pickguard, Torino Red ソフトケース付き","14717","25","","122","¥ 27,700","¥ 28,283","7","B0BVGQKHMN","B0FNX27FDY","113","38.4","10.2","4377"
"【3点セット】コルグ チューナー メトロノーム TM-70F BK + チューナー用マイク CM-400 BK + 音マトペ チューナーカバー セット ブラック (にゃんにゃんカバー：ブラック)","12301","35","","3","¥ 7,980","","1","B0H25KP172","B0H25GWNQZ","16.3","10.2","7.5","180"
"ZOOM(ズーム) M2 ハンディレコーダー マイク型 録音 弾き語り Vlog インタビュー","12306","37","","13","¥ 9,905","¥ 9,905","12","B0BNKDDGS5","B0BP119VQZ","24.9","13.4","7.9","450"
"NAGAOKA × 島村楽器 演奏上達に役立つギター練習用ヘッドホン NS101GHP ナガオカ","12313","19","","4","¥ 5,500","","1","B078GDDQ2T","","24.2","19.2","10.2","440"
"Roland ローランド キックトリガー KD-7 デジタル・パーカッション用","14778","32","","155","¥ 16,500","","5","B000EMJGL8","","23.3","14.8","11","1640"
"【 コンデンサーマイク用 マイクプリアンプ マイクの音を簡単にアップ 】 Triton Audio FetHead Phantom (トリトンオーディオ フェットヘッド ファントム) マイク アンプ プリアンプ ノイズ 抑制 説明書付 正規品","17138","30","","33","¥ 14,280","","1","B09ZBHZLN9","","14.2","11.7","3.2","70"
"セルマー・パリ アルトサックス マウスピース コンセプト(Concept)","12317","36","","204","¥ 30,400","¥ 33,600","8","B00DUWMRYW","B074P4RS8P","16.9","10.8","5.1","40"
"S.Yairi ヤイリ ウクレレ コンサートサイズ マホガニー材 オール単板 スロッテッドヘッド仕様 YU-C-13MAS (ソフトケース付属)","20777","20","","26","¥ 14,194","¥ 15,556","4","B0999CT3Q3","","66.4","26.4","11","1080"
"アルトサックスケース、Eフラットサックスボックス、ライトモールドハードボックスバッグ (E)","14889","13","","5","¥ 6,670","","2","B09Y35XJPY","B09Y364YMY","1","1","1","1000"
"スマリー(SMALY) ロールアップドラム 9パッド Bluetooth機能付き","12330","55","","43","¥ 7,144","","2","B09MQF731N","","43.3","17.4","7.8","1490"
"Roland ローランド CUBE Street EX専用キャリングバッグ CB-CS2 キューブストリート 持ち運び","15100","10","","185","¥ 8,300","","9","B00JVCZ19S","","52","33","5","980"
"Sennheiser ゼンハイザー Profile USBマイクロホン 【国内正規品】 700065 ポッドキャスター ストリーマー ゲーマー","12333","64","50","997","¥ 15,445","¥ 15,445","6","B0BTPYCD86","","20.3","11.4","11.3","650"
"Strymon/FLINT V2 フリント リバーブ＆トレモロ","12335","28","","87","¥ 58,000","","42","B0B3TV5NQR","","19.9","11.4","9.2","621"
"D'Addario ダダリオ ベース弦 ハーフラウンド/ピュアニッケル Long Scale .050-.105 ENR72 【国内正規品】","14844","24","","1460","¥ 5,285","¥ 5,285","3","B0009FUPJM","B00DU5KCBE","16.8","15.2","1.4","130"
"BOSS Phase Shifter PH-3","15107","13","","227","¥ 17,600","","14","B0013NB8XQ","","27.1","16.6","15.9","690"
"Roland/Blues Cube Stage ローランド 60Ｗ ギターコンボアンプ ブルースキューブ","15113","6","","10","¥ 88,000","","3","B00TSKWPN8","","69","57","37","17100"
"BOSS Distortion DS-1X","12338","22","","78","¥ 19,717","","13","B00IPUGL7S","","26","20","11.2","420"
"SHURE コンデンサー ラベリア マイクロフォン CVL-B-C-TQG 【国内正規品】","14872","33","","1264","¥ 5,581","¥ 5,581","4","B00IVPFXLW","","19.4","12.4","7.6","140"
"Squier by Fender スクワイヤー エレキベース Affinity Series® Active Jazz Bass®, Maple Fingerboard, Black Pickguard, Olympic White ソフトケース付き","12358","10","","14","¥ 55,200","¥ 55,758","5","B0D8G5MZZP","","128.5","38.2","10.4","5100"
"D'Addario ダダリオ チェロ弦 Prelude Set J1010 1/2M Medium Tension 【国内正規品】","3315","25","","165","¥ 10,780","¥ 10,780","3","B0002D0O4C","B07H3BQGFX","16.1","15.5","2","91"
"Image Line FL STUDIO Signature クロスグレード FL STUDIOシリーズ 国内正規品","14898","26","","11","¥ 20,880","","3","B0BYNZKZ7X","","23.7","19.2","5.2","120"
"Electro-Harmonix Ram’s Head Big Muff Pi ラムズヘッド ビッグマフ パイ","12361","32","","142","¥ 16,800","","49","B07ZH6Q6XZ","","14.6","8.5","7.3","310"
"TOA BGMアンプ（コンパクト）30W BG-M130","12362","52","","15","¥ 41,800","","2","B009DBIMWU","","35.1","28.3","12.9","4676"
"ACOUSTIC REVIVE 天然クォーツ レゾネーター 交換用粘着シート付属 8個1組 QR8","14871","25","","37","¥ 14,190","","3","B001O0XAI4","","10","9","1","9"
"ベリンガー ベースエフェクター プリアンプ ダイレクトボックス V-TONE BASS DRIVER DI BDI21","5525","35","","1421","¥ 6,050","¥ 6,050","4","B000KIPUQG","B09PC9HRGP","16.4","12.5","6.7","610"
"DJ Sound ControllerインターフェースW / USBドライブコンピュータの録音6チャネルスタジオオーディオミキサー - XLRマイクジャック、48Vの電源、RCAの入出力-Depusheng DX6","14996","5","","18","¥ 11,800","","1","B09JLQXVLB","","42.8","38","11.4","4000"
"SILOVOX 防音室 自宅録音や配信に使える組み立て式ポータブルボーカルブース","14961","21","","1","¥ 39,999","","1","B0G7B8JMWH","B0GGN2CCRC","102","32","28","17000"
"YAMAHA TR-SHEW-LEAD トランペット マウスピース ヤマハ","12382","3","","9","¥ 11,904","","3","B004KQ90GU","","10.1","3.5","3.5","116"
"heizi ジャンベ 大 8インチ 楽器 太鼓 民族楽器 ハンドドラム パーカッション (アフリカン(象の彫刻) 直径20cm,高さ40cm)","14988","12","","46","¥ 6,980","","1","B0BV5BMN1N","B0BV5NBH8V","44.4","22.9","21.6","2080"
"Rondino リードカッター Bbクラリネット用","28516","3","","9","¥ 8,250","¥ 8,250","2","B00J2R8AJK","","9.6","7.4","2","32"
"BOSS ボス WL-T WLシリーズ／KATANA-AIR／WAZA-AIR用のスペアトランスミッター","12397","19","","31","¥ 14,300","¥ 14,313","3","B07DVZH2LN","","11.1","6.2","4.7","100"
"Bigsby / B5P Pinless ビグズビーアーム ピンレス","12399","3","","","¥ 28,200","","1","B0D4DVY5S2","","47","35","25",""
"SONICAKE ワウ＆ボリューム ペダル FlipWah","15202","6","","62","¥ 13,200","","2","B0CZ6XRM3Y","B0DHZWQGGH","29.2","13","9.7","1070"
"Uccellino ジャンベ 8インチ 民族楽器 子供 ハンドドラム 置物 太鼓 40cm (ナチュラルウッド)","5503","40","","6","¥ 6,290","","1","B0CX1YJPXC","B0CX22RT4Q","42.7","23.5","22.7","2180"
"PICKBOY ピックボーイ カーボングラファイト ミュージック バトン・タクト NCS-N","14951","28","","14","¥ 5,500","","1","B0088VHY8O","B01N527QM1","47.1","6.6","3.4","40"
"VOX エレクトリックギター用 コンパクトエフェクター COPPERHEAD DRIVE VE-CD コッパーヘッド・ドライブ 真空管 Nutube搭載 オーバードライブ","12419","44","","66","¥ 19,600","","14","B08GM9DS9F","B0BQQCF4ZL","14.9","9.5","6.7","480"
"Donner 電子ドラム 折りたたみ メッシュ 子供 初心者 ドラムセット 静音 調整可能 2way給電 MIDI機能 ドラムスローン スティック ヘッドホン ペダル オーディオケーブル ホルダー 150種音色 15種ドラムキット 自宅練習 日本語説明書付 DED-70 (4ドラム3シンバル) ブラック","5340","64","","28","¥ 28,446","¥ 28,446","1","B0DR2VQX6M","","65","51","22","12300"
"FLAMMA FS05 マルチ モジュレーション ペダル ステレオ エフェクト 7 収納可能 スロット 11 モジュレーション エフェクト バッファー バイパス Stereo Digital Modulaiton Effects Pedal","13024","52","","232","¥ 9,799","","1","B08LMX5Z2B","B09925PMW3","13.3","9","5.9","358"
"GuliKit ワイヤレス コントローラー KK3 PRO Controller ブラック PC/Switch/Android/iOS対応 ホールエフェクトセンサースティック 6軸ジャイロスコープ 背面パドルボタン 国内正規品","14958","15","","37","¥ 8,909","¥ 8,909","1","B0DLH5H5V9","B0DWZ9YC9W","15.6","15.3","7.4","470"
"HERCULES ダブルX キーボードスタンド KS120B","12430","27","","199","¥ 8,000","¥ 9,168","7","B000EEJJLI","","120.6","57","21","8360"
"ゼンハイザ― ゼンハイザー ダイナミックマイクロホン カーディオイド/ボーカル・スピーチ向け e 835【国内正規品】","12431","56","","1124","¥ 15,914","¥ 15,914","5","B00006I5R7","","25.9","12.2","8.2","581"
"Caln 弓ケース ウッドベース コントラバス用 毛替え 練習 運搬用","12435","35","","34","¥ 5,500","","1","B07NHRMFS8","","78.5","12.3","4.6","450"
"Roland ローランド サンプリングパッドSPD-SX PRO LCDカラーディスプレイ 9パッド 4系統トリガー拡張 エフェクト機能 メモリ拡張可能 専用アプリ","12439","9","","58","¥ 145,511","","10","B0BFDYK6DF","","47","42","17","4500"
"BOMGE プロフェッショナル オーディオミキサー サウンドボード コンソールデスクシステム - インターフェース 8チャンネル USB Bluetooth MP3 コンピュータ入力 48Vファンタム電源 ステレオ DJスタジオ FX 256ビットDSP、プロフェッショナルと初心者用","12441","20","","10","¥ 9,990","","1","B0FSXBKZPG","B0G12ZPH17","35","31","10","1800"
"JBL Quantum 250/ハイレゾ対応/ 50mmダイナミックドライバー/ メッシュハンモックとメッシュイヤーパッドの快適設計/ 単一指向性6mmブームマイク/ 約283gの軽量設計/ 3.5mm有線接続/ ブラック/ JBLQTUM250BLK","12441","56","","167","¥ 10,000","¥ 10,000","1","B0FKV9146V","B0FNDP2J33","25.6","22.4","7.8","530"
"【国内正規品】Blackmagic Design モニター一体型レコーダー プロ仕様スコープ VideoAssist 5インチ 12G HDR HYPERD/AVIDA12/5HDR","12442","38","","98","¥ 90,588","","2","B07XZLMY6V","B094FD86X5","19.7","19","10.3","862"
"バンドレン アルトサックスリード トラディショナル（青箱） 3-1/2番","12445","28","","37","¥ 5,150","","1","B003J6Z62E","","11.3","6.2","3.2","40"
"SYNCO XTalk XPro5 XPro X5 2.4GHz ワイヤレスヘッドセットインターコムシステムマイクランダムマスターデバイス500m動作範囲リアルタイムモニタリングAIノイズ低減映画撮影ライブショー用 (5個)","12445","15","","30","¥ 60,798","","1","B0DFY9L7NV","B0DPM2Z59N","47","21","21","2600"
"Ennbom クリスタルボウル シンギングボウル スエードマレット及びゴムリング付き 瞑想 ホワイト (8インチ)","18613","21","","48","¥ 7,950","","1","B07DLML7BR","","23.7","23.3","19.4","1130"
"TOMBO トンボ 複音ハーモニカ G調 プレミアム 21穴 3521","12452","42","","32","¥ 7,624","¥ 7,624","7","B002ETAACS","","16.8","5","3","181"
"Roland ローランド キーボードスタンド KS-13 幅、高さ調節可能 折り畳み式 最大70kg耐荷重","12463","39","","5","¥ 18,000","¥ 18,000","7","B0CST9RKC9","","79","51","15.5","9740"
"ライブ配信 サウンドカードセット H999+BM800 マイク + アームスタンド + ポップガード付き ボイスチェンジャー 男声女声変換 ゲーム実況 YouTube 家庭用カラオケ DJ ミキサー ブラック","2350","15","","","¥ 5,900","","1","B0GRZYFJL4","","41.6","23.5","7.9","1620"
"Thalia Capos Pink Angel Wing カポタスト Shellシリーズ タリアカポ","14501","38","","18","¥ 12,870","","1","B0DC3CFJ98","B0DKCP3RL2","9.1","9","3.9","170"
"BOSS Bass OverDrive ODB-3","12476","42","","270","¥ 16,000","","16","B0002CZVAU","","14.9","9.5","6.6","490"
"FIFINE USB オーディオインターフェイス XLRマイク/楽器入力対応 音声モニター可能 楽器/録音/実況/配信用 黒 SC1","12476","34","","59","¥ 5,890","","1","B0CGL9KL9H","","17.4","15.1","6.2","380"
"【プレミアムセレクト】【不要ピアノ引取サービス・専門業者による組立設置】KAWAI CA401 電子ピアノカワイ 88鍵盤 木製鍵盤 CAシリーズ ヘッドホン対応 象牙調白鍵 本格派 デジタルピアノ セット品 (単品, R プレミアムローズウッド調仕上げ)","12481","14","","","¥ 209,000","","1","B0FY4X2KJF","B0FY5PF4JD","136","91.5","49","80000"
"Line 6 アンプシミュレーター アンプ/エフェクト・プロセッサー マルチエフェクター POD EXPRESS BASS レッド","12481","29","","143","¥ 29,942","","30","B0CX27GXZY","B0D41P8NSG","19","16.3","7.2","662"
"KORG コルグ SV-2、SV-1、D1専用 木製キーボード・スタンド ST-WL ダーク・ブラウン","15056","15","","18","¥ 22,222","¥ 22,222","3","B08YNNJTRV","B0BM6TYMY5","103","36.5","9","6840"
"BRIDGE CAST X ゲーミングミキサー ＆ HDMIケーブル 2ｍ 2点セット","15019","9","","4","¥ 68,200","","1","B0CW1QQP8Q","","42.5","32.1","19","2760"
"TASCAM(タスカム) DR-10L ピンマイクレコーダー 黒 Youtube 音声収録 インターネット配信 ポッドキャスト 動画撮影 Vlog 収録用","12512","27","","1220","¥ 22,800","","4","B01LZ7UN44","B08G1BGYHV","14.7","11.7","5.7","191"
"CONTEMPORANEA コンテンポラネア パンデイロ CO-PDCHG105C","3416","19","","3","¥ 23,904","¥ 23,904","1","B003Z6YL2O","B07N6KPV6G","28.6","28","5.1","544"
"BOSS ボス リズムループステーション RC-10R ルーパー 280種類のリズムパターン 16種類のドラムキットを内蔵 シンプル操作 ループステーション＆ドラムマシン一体型ペダル","13962","43","","327","¥ 33,800","¥ 33,800","11","B07V9HCK1N","B0CPSVPN4T","22.9","20","11.1","1220"
"SABIAN スプラッシュシンバル SBR-10SP","12527","49","","632","¥ 6,380","","21","B0030YEP90","","26.1","25.5","2.5","272"
"KORG ハイブリッド・ドラム・マシン drumlogue 本物のアナログ・サウンドとデジタルの柔軟性","12528","22","","12","¥ 48,909","¥ 48,909","10","B0BMFB3B19","","44.1","25.1","10.5","2130"
"Roland ローランド 楽器用ギグバッグ CB-RU10 リュック 軽量 耐久性 マイク ケーブル ヘッドホン 機材","12530","10","","10","¥ 14,300","¥ 14,444","5","B0B3WXVNTY","","60.6","39.9","20.3","1640"
"GONZALEZ GD Bクラリネットリード ファイルドカット [3] 10枚入り","12533","14","","10","¥ 5,480","","2","B008USPJIM","","8.1","6","2.2","20"
"Squier by Fender エレキギター Classic Vibe '60s Jazzmaster®, Laurel Fingerboard, Sonic Blue ソフトケース付き","12535","19","","71","¥ 67,200","¥ 67,879","10","B07N283FZR","B07QGJF2RZ","110.7","38.4","10.2","4994"
"TAMA タマ IRONCOBRA 200シリーズ ハイハットスタンド HH205S","5711","13","","77","¥ 10,240","¥ 10,240","10","B07Q7PZ7FH","B09M45P5ZX","63","11.9","10.5","3460"
"Frezon 200W 高輝度 18LED ステージライト RGBW DMX カラー変更 舞台照明 ビーム角度25°ムービングヘッドライト 4/8チャンネル 回転可能 DMXコントローラー バー ムービングヘッド ステージ照明 ディスコ DJ パーティー クラブ ステージ","12546","13","","","¥ 7,804","","1","B0CZKWGTST","","31.4","22.9","22.4","2320"
"Fender フェンダー エフェクター Shields Blender ファズ","12546","31","","25","¥ 22,800","","4","B0CD1F1VG1","","30.9","23.8","12.4","1120"
"Pignose PGG-200MH アンプ内蔵エレキギター","15158","22","","7","¥ 26,900","","4","B07284T853","","90","34","12","3400"
"Rythflo ピンマイク ワイヤレス スマホ マイク iPhone 15/16・Android対応 ノイズキャンセリング クリップ式 30m伝送 18時間連続使用 USB Type-C接続 動画撮影/Vlog/配信用","15022","24","","83","¥ 6,999","","1","B0F6V2Z8YY","B0FDQQ75NP","9.4","9.4","4.1","80"
"tc electronic コンパクトエフェクター オート スウェルペダル CRESCENDO AUTO SWELL 【国内正規品】","12565","7","","104","¥ 5,380","¥ 7,778","3","B078J89YN6","","17.3","9.6","6.8","600"
"ORTEGA オルテガ ギター足台 (フットレスト) 木製 バーチ材 5段階調整可能 ギターヘッドデザイン OWFS-1WR ワインレッド 【国内正規品】","15142","11","","31","¥ 5,173","¥ 5,173","1","B00744DMYG","B08M6FRKRR","30.6","15.9","2.7","730"
"WALRUS AUDIO ウォルラスオーディオ Canvas Tuner ギターチューナー ベースチューナー WAL-CANV/TU","12575","30","","87","¥ 24,777","","22","B0CF66FMZ3","B0DCFRKRXZ","12.3","8.2","6.3","300"
"audio-technica モノラルマイクロホン(バウンダリー) AT9921","12576","19","","16","¥ 5,020","","24","B001B6I9PA","","16.6","8.6","3.4","41"
"オーディオテクニカ AT4050 コンデンサーマイク / 1インチ大口径デュアルダイアフラム / DCバイアス/単一指向性 双指向性 無指向性 に切り替え可能 / 80Hzローカットフィルタースイッチ / 10dBパッドスイッチ / 専用ショックマウント付属/トランスレス 【国内正規品】 ブラック","12585","62","","84","¥ 84,700","¥ 84,700","10","B0002EK70W","","38.4","26.1","12.4","1578"
"XIAOKOA ワイヤレスマイクシステム 6.35mm変換アダプター付き 送受信機セット ワイヤレストランスミッターレシーバー XLR 充電式 マイクとミキサー/PAシステム/アンプを無線で繋げる 自動ペアリング 30ｍ長距離伝送 マイクワイヤレスシステム 無線送受信機","12586","51","","29","¥ 9,800","","1","B0DLGPLFDN","","16","14.8","3.9","300"
"TERENCE 折り畳み 電子ピアノ 88鍵盤 タッチレスポンス鍵盤 軽量 充電型 4ユニットスピーカー MIDI対応 スタンド付き ブラック V20","15138","25","","5","¥ 14,440","","1","B0GGH867J5","B0HD7GZMM1","67.9","26.2","19.8","4490"
"Singxer SU-2 USBデジタル インターフェイス フェムト秒クロックインターフェイス PCM768K DSD1024","12592","22","","13","¥ 54,900","","4","B0836SQJCB","","34.4","22.3","10.3","2030"
"VOX ギターアンプ内蔵 ヘッドホン VGH-ROCK ギターに直接プラグ・イン 個人練習に最適 電池駆動","12611","42","","133","¥ 11,000","","4","B08QN79817","B08R99LBM6","26.5","20.5","6.9","390"
"ヤマハ YAMAHA USB3.1 オーディオインターフェース 32bit/192kHz 6イン/4アウト 音楽制作 レコーディング 配信 ループバック機能 URX44C","12611","28","","1","¥ 50,000","","11","B0FTLWBDM8","","38.1","20.6","10.5","2300"
"tc electronic デジタルディレイペダル FLASHBACK 2 MINI DELAY","12613","35","","21","¥ 13,800","¥ 17,130","5","B0871QQWN3","","10","6.5","6.2","241"
"KORG 電子ドラム クリップドラムキット CLIP HIT クリップヒット","12630","18","","238","¥ 8,915","¥ 11,000","15","B00NAVETVM","B01KF9770Q","31.3","19.1","11.1","1030"
"Frezon ミラーボール 30W 9色RGB LED ミラーボール 置き型 ディスコライト パーティライト 簡単に使用でき 音声起動 舞台照明 祝日 カラオケ クラブ 文化祭 家庭用 ミラーボール 発光 パーティー バー照明用ライト","5732","23","","4","¥ 5,872","","1","B0DNYNT1KK","","35.4","22.7","22.6","1600"
"KC 譜面台 軽量アルミ製 MS-2AL/BK ブラック (ソフトケース付)","12634","23","","83","¥ 5,026","¥ 5,026","3","B015C5U6N8","B015SIBAN4","66.4","11.6","7.4","1120"
"LOL-FUN 【2025新開発！】ドラムスタンド ボンゴスタンド 高さ調節可能 メタル製 ドラムホルダー 滑り止め 楽器用品 練習用","17747","6","","4","¥ 6,860","","1","B0G4NF3MGS","B0G529DQ24","282","63","18","2820"
"GROTE Full Scale Electric Guitar Semi-Hollow Body Guitar P90 Bone Nut Matte Paint (VS)","20342","7","","47","¥ 23,732","","1","B08LMF23WM","B08LMBNM36","108","54","11.5","4350"
"Squier by Fender エレキギター Affinity Series™ Telecaster®, Maple Fingerboard, Black Pickguard, 3-Color Sunburst ソフトケース付き","12639","20","","142","¥ 31,800","¥ 32,525","8","B091BHZC7X","B0FJTVNDFL","111.8","38.1","10.2","4899"
"KORG アナログ リズムマシン volca beats 16ステップシーケンサー 電池駆動 スピーカー内蔵 ヘッドフォン使用可 どこでも使えるコンパクトサイズ","12642","23","","903","¥ 22,000","","13","B00CAKOVQM","B01KF96CFW","26.7","15.2","7.7","780"
"ROLAND VH-10 V-HIHAT Vドラム用ハイハット","15158","20","","27","¥ 40,700","","8","B07CXQ3VZL","","42.6","33.8","16.6","2620"
"MACKIE マッキー エフェクト,USB I/O内蔵プロフェッショナルミキサー ProFX10v3 国内正規品","12660","6","","27","¥ 39,800","","1","B081TBHG4N","","38.1","32.6","10.9","3120"
"TOPPING Professional E1X2 OTG 1in / 2out オーディオインターフェース オーディオミキサー 配信機材 DTM MIX 音楽制作 歌枠配信/歌ってみた USB Type-C モニター機能/iPhone/iPad/Androidタブレット/PC/マイク/ヘッドホン/ギター接続 楽器対応 ライブ/ストリーミング/ゲーム実況【国内正規品】 (ホワイト)","12662","53","","17","¥ 26,730","","1","B0DBPKL3G5","B0H4J51TPJ","23.4","16.8","7.4","660"
"Btuty スネアドラムヘッド14インチ ドラムスティック付きドラムキーストラップ (ブラック)","5737","23","","16","¥ 5,980","","2","B09PD2H5WK","B0CHRHJG85","41.3","40.3","17.7","2590"
"ヤマハ YAMAHA エレキギター REVSTAR スタンダードシリーズ ブラック 左利き用 RSS20L BL","18926","19","","3","¥ 112,200","¥ 94,888","2","B09TSTDTBP","B09TVLYJ7N","110","50.5","13.5","7000"
"MXR MX100 ROCKMAN X100 ANALOG TONE PROCESSOR","12671","35","","77","¥ 35,400","","48","B0DT7NBYT5","","14.5","12.3","7.2","431"
"D'Addario ダダリオ カポタスト エレキギター/アコースティックギター用 ステンレス製 セルフセンタリングデザイン NS Cradle Capo PW-CP-18 【国内正規品】","15165","20","","381","¥ 10,071","¥ 10,071","2","B078VJ7KYC","","9.5","9.2","2.6","80"
"D'Addario WoodWinds ダダリオ リード バリトンサックス用 USDAオーガニック認証取得済 SELECT JAZZ FILED ORSF05BSX3H [硬さ:3H] 5枚入り 【国内正規品】","15284","8","","5","¥ 5,798","¥ 5,798","4","B0BHWQCGSV","B0CV5D951N","12.3","4.2","3.2","20"
"WHISMR〈ウイスマー〉『W-BM1』 バイノーラルマイク/ASMRマイク モバイルキット付 USB Type-Cケーブル1本でスマホにつなぐだけ、持ち運び自由、配信も録画もヘッドホン立体音響に 、 シリコン耳搭載","15166","31","","7","¥ 64,000","","1","B0DW99ZWBL","","22","14.5","13","750"
"ヤマハ YAMAHA エレキギター PACIFICA PAC311H BL 純正ソフトケース付属","12681","41","","46","¥ 44,371","¥ 44,371","4","B005QKHJ80","B01K1ILT5K","111.8","45.7","11.2","5579"
"ISO Acoustics モニタースピーカースタンド ペアセット ISO-L8R130","12689","22","","1436","¥ 17,600","","36","B00CODRTNC","B0H79P7TPT","29.4","17","8.8","1642"
"【国内正規輸入品】DigiTech デジテック WHAMMY RICOCHET ワーミー・リコシェ","12690","24","","220","¥ 28,600","","7","B01E93ORIE","","12.9","9.3","5.3","417"
"KIMFBAY 電子ピアノ 88鍵盤 アップライト ピアノ 88鍵 木製スタンド一体型 電子 ピアノ ブルー","12989","26","","189","¥ 41,500","","1","B0FQ3MTW7W","B0DHWPH79H","144","38","33.5","33000"
"BACCHUS バッカス GS-4DX RSM/M BLK エレキギター","5763","13","","4","¥ 31,480","","1","B0DJST2TNB","B0DMF34RGW","105","41","10",""
"Bluetoothカラオケマイク ホームKTV ワイヤレスマイクシステム 2ハンドヘルドマイク AUX TFカード/Uディスク カラオケ歌うマシン カラオケ機器 ポータブルスピーカー プロフェッショナルホームKTVセット (金)","6464","21","","37","¥ 7,580","","1","B0859WK4S1","","31.6","20.6","15.4","1620"
"KORG MICROPIANO マイクロピアノ ミニ鍵盤61鍵 レッド 61曲のデモソング内蔵 自動演奏可能","12700","40","","463","¥ 23,231","¥ 23,231","6","B0043U631S","B01KF95Q5O","86.6","39.1","21.3","7316"
"FLEOR Alnico2 ミニハムバッカーピックアップ フィット フィルタトロンスタイル ネック+ブリッジピックアップセット-ゴールド","15264","17","","5","¥ 5,309","","2","B0F5Q3PS6Z","B0DYCQ29WT","17.7","13.4","3.1","250"
"KORG(コルグ) 電子ピアノ D1 88鍵盤/初心者/日本製のRH3鍵盤/ダンパーペダル/譜面立て付属/同音連打可能 ブラック","12713","29","","179","¥ 68,063","¥ 68,063","6","B07CZB8H8L","B07WZLCP8G","143","34","21","19790"
"BOSS/KATANA-AIR EX Guitar Amplifier ボス ワイヤレス・デスクトップ・アンプ KTN-AIR EX","12717","19","","25","¥ 67,800","","6","B0CJBT17BR","","49.1","31.9","26.6","7700"
"Pearl パール クラーベブロック PBL-20","15271","10","","4","¥ 5,500","","4","B0016MJ04I","B0CZ3WYJ8M","23.2","17.7","5.9","590"
"Keemute 吸音パーテーション 高さ160cm幅60cm モジュール式 ファスナー連結式 間仕切り 吸音 遮音 防音 1枚から グレージュ","5780","15","","4","¥ 21,658","","1","B0DT3PFZGV","B0DG4YNLF2","160","60","2.8","10000"
"バンドーレン B♭クラリネット リガチャー クラシック(Klassik) プラスチックキャップ付き (LC31P)","12741","4","","17","¥ 9,818","¥ 9,818","37","B000VTDJR6","B079JP6TKB","11.5","5.3","5.3","50"
"Fender/California Standard Redondo Mini with Bag Spruce Top Surf Green フェンダー [ショートスケール]","15301","17","","5","¥ 31,185","","16","B0F6YYW1L5","B0FGTVD8PD","95.2","40","12.7","3152"
"直立したグランドデジタルピアノのためのAETEEピアノライトプロフェッショナル主導のピアノランプ目の保護5ステップ色温度5ステップ安定したベースでアルミニウムボディを調光ホーム…","15486","3","","128","¥ 23,500","","5","B08Z7Q5LCP","B0H4KQ8JFN","58.4","37.3","19","4378"
"CTS 450G A500K ポット 真鍮 ロングスプリットシャフト3/4インチ 10% Aカーブ ポテンショメーター エレキギターベース用(10個セット)","3602","3","","1","¥ 13,504","","1","B0DS5FJMZF","B0DX76N4MQ","17.1","14.8","3.7","260"
"EXCEART オックスフォードクロス オーボエ 収納バッグ ハンドバッグ 楽器収納袋 肩掛け可能 耐震性 クラリネット箱 防水 ミュージシャン","15379","21","","2","¥ 5,139","","1","B09TDQG4G1","","39.8","26","5.9","290"
"HOTONE/TUNER PRESS | マルチタスク・チューナー・ペダル","12757","24","","8","¥ 23,496","","9","B0CZDDM614","","20.1","11.3","8.9","640"
"UDG U8305BL Creator DDJ-1000/XDJ-RX2/MCX8000 ハードケース","15515","7","","116","¥ 17,600","","3","B07BH99GWG","","94","56","14","2880"
"PLAY WOOD プレイウッド ビブラフォン・マリンバ用綿糸巻きマレット M-304","15283","27","","15","¥ 5,390","¥ 5,036","6","B00KD22VRU","B0G8X89TBL","44.3","11.4","4.4","92"
"Roland ローランド/FANTOM-06【コンプリートセット！】61鍵盤 多用途シンセサイザー","12777","6","","6","¥ 170,500","","1","B09WHCTXFZ","","112","48","22",""
"Limetone Audio MU-C MIDI-USBコンバーター ライムトーンオーディオ","15407","9","","1","¥ 15,950","","3","B0DL2WT4J6","","10","7","5","100"
"50W LED 屋外防水ロゴパターンプロジェクター、リモコン制御回転または静的投影制御、屋内屋外焼き鳥レストラン居酒屋看板店ロゴ用","15333","9","","20","¥ 18,999","","1","B08FJFJXGW","","30.5","19","18.4","2240"
"KORG(コルグ) ポータブル・レコードプレーヤー handytraxx play ターンテーブル/DJ機器/オールインワン/スクラッチに最適化/デジタル・エフェクト/ルーパー搭載/電池駆動 HNDYTRX PLAY","14692","41","","10","¥ 42,680","","16","B0DVZTS7P3","","51.1","36.3","19.3","3080"
"Ernie Ball Light Paradigm Phosphor Bronze アコースティックギター弦 Amazon 限定 2パック 11-52 (P03678)","15310","9","","42","¥ 8,763","","4","B0CGK3WL8T","B0C2CSKQ68","11.8","11.5","3.9","93"
"Revol effects レヴォルエフェクツ 電動チューナー High Speed Automatic Tuning System RT1 (ギター・ウクレレ用)","12796","14","","70","¥ 9,180","¥ 9,910","6","B07VWG4QHX","","17.3","14.8","9.1","320"
"Roland ローランド ノイズ イーター NE-10 電子ドラム 防振 コンパクト設計","12800","54","","217","¥ 19,734","¥ 20,370","10","B00GNW6WYW","","54.6","22.2","3.8","2880"
"Mad Professor マッドプロフェッサー エフェクター FACTORY Series コンプレッサー Forest Green Compressor FAC 【国内正規品】","12807","3","","11","¥ 35,200","¥ 35,556","9","B00BK80B0U","","13.1","8.3","6.2","303"
"Giecyスピーカーセット 40W 拡声器 ワイヤレスマイク2本 Bluetooth5.3対応 TWS 6600mAh充電式 高低音強化 LEDライト ポータブルピーカー TFカード/USB/AUX/楽器入力/マイク入力対応 ホームパーティー、カラオケ、会議、セミナー、防災、路上ライブ、街頭演説、学校行事などに最適","12809","9","","1","¥ 13,328","","1","B0GHTPTRQ7","","30.1","27.4","19.3","2850"
"最大出力120Wハイパワーポータブルワイヤレスアンプ＋マイクセット 屋外や電源がとれない時に最適！配線いらず。約70m前後の広さで使用できます。【業務用】【防災用としてもご利用可能】 GPA-828DU (ハンド型マイク2本)","15435","12","","9","¥ 173,800","","1","B06XWF4XDP","B079VKYV8Y","63","40","37","16000"
"Xotic エキゾチック 電圧コンバーター Voltage Doubler (XVD-1) 【国内正規品】","15328","15","","106","¥ 6,800","","5","B00TEYCDVC","B091PHD8B7","14.8","10.8","2.8","46"
"[ GECKO & URBAN ] カリンバ 17キー ブラウン 基本セット オクメ材 専用ハードケース付 [ 親指で弾くピアノ 独特の音色が美しいコンパクトサイズの楽器 ] 楽器かりんば 初心者セット kalimba GKL-400BR","12811","10","","13","¥ 5,990","","1","B08HXY97XX","B0CC57PM2H","23.3","20","9.1","820"
"[セドナの魔法]biosonics社製 432Hz コスミックチューナー （水晶ポイント 専用マレット ポーチ オリジナル日本語説明書付 ） セット ソルフェジオチューナ バイオソニック社きー心を癒やす音階の魔法","18514","5","","1","¥ 12,800","","1","B0C4JLP3R8","B0HCBKXW99","21.2","14.8","2.6","150"
"BOSS ボス アンプ専用スタンド BAS-1 最大21kg対応 背面幅調節可能 折り畳み式 堅牢なスチール製 KATANA/Blues Cube ギター/ベース スタジオ/自宅練習/ステージ/ライブ","12821","56","","148","¥ 9,900","","4","B08ZCXK5C1","","60","50","14","4800"
"SORAN デュアルストンプマルチエフェクトギターペダル、充電式マルチエフェクトプロセッサー、エクスプレッションワウボリューム99プリセット126エフェクト40秒ループ100ドラム20IR/NAMスロットUSBオーディオレコード","3418","1","","53","¥ 15,800","","2","B0GKFM2RCY","","24","14.9","8.4","789"
"Fender フェンダー FRONTMAN 10G ギターアンプ 【国内正規輸入品】","12830","8","","13230","¥ 11,780","","3","B001L8PIFW","","34.9","29.2","18","4636"
"Fujirec フジレック ダイナミックマイク 10本セット XLR フォンケーブル ボーカル 有線 ハンドマイク(グリーン) (10)","19070","5","","10","¥ 12,300","","1","B0F7X5W1V4","B0F7X6SPZN","25.9","12.4","8.4","440"
"Roland ローランド PowerPly Mesh Head MH2 Series メッシュヘッド 20インチ MH2-20BD","15009","25","","279","¥ 9,790","¥ 11,000","2","B0162526SK","B0FJQH7XFP","99.7","76.8","3.8","1656"
"TC HELICON ボーカルエフェクター VOICELIVE PLAY【国内正規品】","12837","24","","397","¥ 40,700","","6","B00GM0NX3S","","27.7","16.5","8.9","1383"
"LOL-FUN 【2026新登場・16インチ サイズ】応援ドラム 応援太鼓 フロアタム 打楽器 スポーツ観戦応援グッズ 【ドラムスティックとストラップ付】 試合 観戦 体育祭 スポーツ大会 運動会 パーティー ダンス 野球 バスケ サポーター 盛り上げ 応援団 部活 学校 サッカー観戦・学園祭・イベント応援 運動会 体育 演奏, ゴールド","15398","6","","","¥ 13,390","","1","B0H6X267TP","B0H6X4TFV3","45","45","45","4500"
"KC キーボードスタンド KS-9000 x 4台セット","19168","10","","17","¥ 45,109","¥ 45,109","1","B012YWXASU","B071D17NP8","76","56","44","25000"
"B.AIR ビーエアー BIRD STRAP Adjustable サックス用ストラップ スリムパッド スタンダードプレート BSA-BS","15375","21","","","¥ 9,683","¥ 9,683","2","B0DBHQQRKT","B0DBQJ33S8","18.2","16","2.9","80"
"ヤマハ P-145専用ペダルユニット(ブラック) YAMAHA LP-5A","12847","21","","116","¥ 8,250","","2","B000YQOI6C","","137","32","18","6958"
"Neumann ノイマン KH 120 II EU/KR モニタースピーカー 5.5”ドライバー 灰 1台 【国内正規品】 DSP搭載","12854","19","","","¥ 150,480","","3","B0C3C95YK7","B0BD91FJ7M","42.6","38.5","27.5","6560"
"PIRASTRO EUDOXA オイドクサ 4/4バイオリン弦セット","15395","14","","17","¥ 18,300","¥ 18,480","6","B01G50VKJS","B01H6HXVVY","12.4","11.8","1.2","22"
"TASCAM(タスカム) Portacapture X6 32bitフロート 96kHz(ハイレゾ) 6トラックポータブルレコーダー ポッドキャスト USBマイク Youtube ASMR","12863","56","","95","¥ 49,800","","15","B0BSVFN2R7","","20.4","13.9","6.7","540"
"XIAOKOA ギターワイヤレスシステム ワイヤレス 送信機 受信機 7チャンネル 充電式 自動ペアリング 6.35ｍｍ/3.5ｍｍプラグ ギター ベース 電子楽器適用","12883","22","","114","¥ 5,999","","1","B0DLGMDRL1","B0F2HY2NQN","10.1","9.5","4.7","180"
"ROSIÉ/ROSIE Ultralight Guitar Case ギター用 体感重量40%軽減 ストラトキャスター/テレキャスター/レスポール対応, AGSシステム搭載, ブラック","9762","8","","","¥ 25,300","","1","B0FQ2DKRYN","","110.5","45.5","12","2680"
"ZT Amp LunchBox Jr. 専用キャリーバッグ","15597","6","","4","¥ 5,555","","1","B008H293VU","","35","19","11","340"
"Kavaborg カヴァボーグ ハードケース用アタッチメント Case Saddle 【国内正規品】","14629","51","","89","¥ 5,720","","3","B00HS982AQ","","58","33","7","1120"
"【Amazon.co.jp限定】ヤマハ YAMAHA フィンガードラムパッド ケースセット FGDP-30 SP","15453","18","","4","¥ 28,000","¥ 28,000","1","B0FY2GQPVF","","31.3","29.3","18.4","1920"
"Pearl パール ドラムペダル P-63","15616","11","","36","¥ 7,700","","8","B01E5BHZBQ","","32.8","16.7","10.6","1294"
"Jinchuan 尺八 真竹 初心者向け 黒 したいろ 練習・学習用 改良型 布袋付き","15454","8","","7","¥ 5,799","","2","B0DKP9T28S","B0FM3BCPJ9","51","2.7","2.7","150"
"Fender フェンダー エレキギター用アンプ Champion™ II 25, 100V JP","14681","53","","16","¥ 21,000","¥ 23,122","5","B0DK33ND34","","42","36.4","25.9","6670"
"ヤマハ(YAMAHA) サイレントバイオリン YSV104BR 練習に最適なベーシックモデル イヤホン付属","15479","13","","7","¥ 114,236","¥ 130,000","5","B0BBGYWBRZ","B0FNBY1BGM","66","26","12","1360"
"Grazioso コントラバスバッグ（ケース） CBA-1 ブラック","12934","13","","2","¥ 28,000","¥ 28,542","2","B0CLNP2JCB","","55","45","33","4490"
"Roland ローランド RD-08 | 88鍵盤 ステージピアノ ライブ アイボリーフィール鍵盤 軽量 コンパクト ステレオ・スピーカー MIDI 音楽制作 ピアノ練習 ブラック 黒","12934","25","","16","¥ 115,478","","7","B0CYH3JP2X","","138","40","30","19000"
"CUSTOM AUDIO JAPAN カスタムオーディオジャパン ギターケーブル Legacy Cable I-I 7m","18916","7","","3","¥ 5,500","","1","B09M34TKSY","B09M87HWGJ","20","20","5","1400"
"サンワサプライ マイク付き拡声器スピーカー MM-SPAMP","12947","15","","49","¥ 31,800","","1","B00ID1SH2Q","","33","25.8","24","4400"
"TAHORNG/電子リコーダー Elefue エレフエ EF10RD RED","15526","7","","36","¥ 12,307","","8","B0BDL74C85","","35.7","9","4.7","260"
"Arturia アートリア アバンギャルド‧ステージ‧キーボード AstroLab 37","12963","14","","24","¥ 110,000","","37","B0G4XJQ59X","","63.5","30.5","12.7","3221"
"BOMGE U204 USB オーディオインターフェイス PC コンピュータ音楽録音用 2x2 ギターオーディオインターフェイス Mac 用 32Bit/192kHz ポッドキャストストリーミング ボーカリストプロデューサー用 48V ファントム付き","5843","21","","77","¥ 7,290","","1","B0CSK8TQQQ","","23.1","17.6","6.2","830"
"NUX/MG-300 MKII ニューエックス マルチエフェクター","12967","16","","1","¥ 22,000","","2","B0F7K7HMNK","","36","20.1","8.2","1180"
"Roland ローランド PSB-7U & ACコードセット PSB7-100 Roland/BOSS製品純正ACアダプター","14797","48","","6","¥ 6,600","¥ 6,600","2","B0D172H5ZX","","13.1","12.3","4.9","340"
"Thalia Capos AUTUMN PEARL カポタスト Limitedシリーズ タリアカポ","15594","7","","2","¥ 16,720","","2","B0DP3WTDGC","","9.2","9","4","190"
"Squier by Fender エレキギター Affinity Series™ Stratocaster® FMT HSS, Maple Fingerboard, White Pickguard, Sienna Sunburst ソフトケース付き","15505","15","","187","¥ 48,290","¥ 48,778","5","B091BFDW5V","B0FNTKW6NS","112.8","38.5","10.7","4581"
"ベリンガー アナログミキサー XENYX 802S","12978","48","","354","¥ 14,800","¥ 16,111","20","B0C2BTT3DX","","31.6","27.4","9.5","1645"
"バイオリン分数弦セット セシリアムジカセレクト E:ゴールドブラカット A.D.G ドミナント (3/4)","15514","10","","24","¥ 11,728","","2","B00IZN7UQG","B00IZN7UD4","10.5","10.5","1.3","22"
"UNI-PEX ワイヤレスマイク WM-8100A","15532","14","","14","¥ 33,600","¥ 33,600","4","B000WMC8YW","B091PH94GL","26.5","9.8","4.6","202"
"LP LP1501 CAJON PEDAL カホンペダル","12996","6","","21","¥ 38,500","","61","B08X7HHCPP","","37.5","31.2","17.1","4332"
"リード調整 クラリネット サックス Cherry Reed Conditioner ふらっ砥 二刀流 Brillante/Moderato だぶるふらっと 115×38×16 （ブラック）","15569","9","","2","¥ 5,500","","1","B09BF4TJ9S","","11.5","3.8","1.6","190"
"BANANANA effects バナナナエフェクツ/AURORA Multi Delay ディレイ","13003","20","","15","¥ 21,339","","5","B07N3YKKJX","","10.5","7.6","6.5","200"
"BEHRINGER ベリンガー GRAPHIC EQUALIZER EQ700","13009","32","","2013","¥ 6,160","¥ 5,431","3","B000KIRT6A","","15.9","8.9","5.9","420"
"Fender/Acoustasonic Standard Telecaster Honey Burst フェンダー","13022","12","","7","¥ 74,488","","9","B0DQ22B3HJ","","120","45.7","17.8","7144"
"Sandqvipaミニハンドパンドラム ハンドパン楽器 打楽器 ト短調9音直径45cm高さ18cm 付属品のフルセットが含まれています お子様や女性に最適 (Gトーン18インチミニ9トーンシルバー)","15774","3","","","¥ 16,999","","1","B0FXRLRHKR","B0FXRK4NPF","50","50","23","5000"
"AKG アカゲ ボーカル用 スーパーカーディオイドマイクロホン P5 S スイッチ付 【国内正規品】","15606","14","","1025","¥ 9,280","","4","B003GIHSEY","","20.7","14.2","6.7","570"
"Voodoo Lab ペダルパワー パワーサプライ X8","15566","23","","126","¥ 25,917","¥ 25,941","49","B08545FBJC","","26.5","23.2","5.7","730"
"三味線 木バチ 長唄 民謡 （つげ） 25匁 (送料など込)","4663","1","","1","¥ 13,300","","1","B00B9NGMCM","B00GD6W2F6","21","12.5","3.3",""
"Demonfx MINI CHORUS/ANALOG.MAN MINI CHORUS Clone（アナログマン ミニコーラス クローン）アナログコーラス コーラス エフェクター","15122","9","","","¥ 8,640","","1","B0DXBLDDF4","","14.9","8.3","6.7","290"
"Auralex subdude V2 II ISOシリーズacusticoデカップリング、4.5 x 38 x 38 cm、Nero/Antracite","2375","9","","938","¥ 9,800","","3","B00DI5AXNI","","41.2","39.6","5.6","2440"
"D'Addario WoodWinds ダダリオ 合成素材製リード テナーサックス用 VENN G2 (Generation 2) VTS0120G2 [硬さ:2.0] 1枚入り 【国内正規品】","13040","26","","80","¥ 5,200","¥ 5,375","2","B09Q4PJ1YP","B0CX1N6ZJ4","12.6","7.1","2.3","28"
"BOSS/SL-2 Slicer ボス スライサー SL2","13042","19","","65","¥ 19,739","","14","B0BKXT1X16","","14.9","9.8","6.4","549"
"KC カホンケース 3WAY Cajon Case カモフラージュ CJB-01/CAM","15639","13","","55","¥ 5,887","¥ 5,887","2","B0119G75H4","B011HUEVYC","66","57","18","1720"
"Rondino (ロンディーノ) ミュートホルダー トランペット/コルネット用(2連) MS RND029590","15658","5","","2","¥ 5,120","","1","B07F7HZ1S4","","24","15.1","3.9","220"
"SONICAKE オートワウ ギター エフェクター ペダル Cry-Bot","15650","6","","643","¥ 6,490","","2","B07FT9L7LV","","10.3","6.6","6.2","250"
"RODE Microphones ロードマイクロフォンズ M5 Matched Pair コンデンサーペアマイク M5MP","13057","33","","870","¥ 26,400","¥ 29,218","26","B00GJW0JGI","B0H4HY3NBR","21.8","16","8.7","620"
"KIMAFUNヘッドセット/ヘッドウォーンマイク イヤーセットオーバーイヤーハンギング コンデンサーマイク Audio Technicaワイヤレスシステムボディパック送信機と互換性あり パフォーマンス、劇場、講義、ポッドキャストに最適 ベージュ","14934","34","","11","¥ 7,199","","1","B0D734LYQK","B0D7PKZKB9","22.5","18.2","3.7","259"
"Donner 電子ピアノ 88鍵盤 ハンマーアクション 木製 MIDI 対応 3本ペダル スタンド付 初心者 入門 自宅練習 日本語説明書 DDP-80 オークベージュ色","13068","31","","211","¥ 50,892","¥ 50,892","1","B0CGXKV9F2","B0DWK9CXSB","131.5","46.5","26","26400"
"タリア カポ Thalia Capos LIMITED EDITION/Flower Child カポタスト ギター 12インチフレットパッド付属 (Chrome/Flower Child)","15832","2","","","¥ 16,720","","4","B0H33SMHQR","B0H38XM52M","9","9","4","180"
"【国内正規品】beyerdynamic ベイヤーダイナミック DT 700 PRO X 密閉型 モニターヘッドホン メーカー保証2年付き","15855","1","","","¥ 45,000","","1","B0GYS3M6KK","","23.1","21.7","11.9","900"
"Donner アンプ 電子ドラム 20W モニタースピーカー 小型 ワイヤレス機能 日本語取扱説明書 ブラック DDA-20SE","5937","2","","","¥ 9,144","¥ 9,144","1","B0FK9Z8BDM","","19.8","19.1","12.8","1630"
"Ibanez アイバニーズ 「防水」と「パワーパッド」でギターをまもるギグケース 【ブラック】 IAB724-BK","15663","8","","3","¥ 15,400","¥ 16,786","2","B084GFX6LZ","B08BJNWLCX","115","45","18","3200"
"Martin LX1 Little Martin アコースティックギター","13095","9","","76","¥ 60,000","¥ 70,964","12","B01EQEPKUU","","96","38.1","16.3","3810"
"Pearlパール・ドラムツインペダル Eliminator SOLO “RED""偏芯カム・コントロールコアクォードビーター採用 P-1032R","15715","6","","12","¥ 30,415","¥ 30,415","5","B089YXR55L","B0CN3D5BB7","40.5","25","21.5","5820"
"VOX(ヴォックス) フット・スイッチ VFS5","13102","13","","794","¥ 12,800","¥ 12,800","8","B001J2K1W0","","39.6","17.2","6.9","1542"
"Ibanez アイバニーズ「防水」と「パワーパッド」でベースをまもるギグケース 【ブラック】 IBB924R-BK","15769","9","","5","¥ 17,980","¥ 20,242","6","B08M36HC3W","","126","43","15","3300"
"BEHRINGER CHORUS SYMPHONY モジュレーションペダル コーラス ビブラート ベリンガー","15733","8","","20","¥ 14,850","¥ 15,243","16","B0DVCJN222","","22.2","16.8","9.2","1360"
"Gator Cases ゲーター ギグバッグ エレキギター用 ジャガー/ジャズマスタータイプ対応 ナイロン製 GFLEX 20mmパッド入り 4G Series GB-4G-JMASTER 【国内正規品】","14639","37","","90","¥ 10,607","¥ 10,828","3","B074WFLDKR","B07QCBHP66","110.5","39.4","7.6","1406"
"TOMBO トンボ 複音ハーモニカ F調 プレミアム 21穴 3521","5890","18","","23","¥ 7,445","¥ 7,445","9","B003I3RBV2","","16.6","5","3","181"
"ティーシーヘリコン(Tc Helicon) ネット配信用マルチエフェクトオーディオインターフェイス GO XLR【国内正規品】","13115","16","","4731","¥ 60,432","¥ 60,432","9","B07JKNG4NV","B08JQN75XM","38.8","21.7","11.7","2070"
"Teenage Engineering EP-2350 ting fx ダブ用ボイスチェンジャー サンプルプレーヤー内蔵マイク 4種エフェクト","5695","51","","7","¥ 10,890","","1","B0FXXTKTDL","","12.9","9.8","3.2","120"
"D'Addario ダダリオ シールドケーブル (ギターシールド) American Stage Instrument Cable PW-AMSGRR-10 (3m L-L) 【国内正規品】","15722","9","","119","¥ 6,319","¥ 6,513","2","B00AQBT4NM","B07VRCG689","20.5","20.4","3.4","281"
"Providence プロビデンス パッチケーブル V206 ソルダーレスケーブル 2m＋Lプラグ×8個（ケーブル＋プラグセット）","13129","9","","","¥ 10,759","","4","B0CLGWYWD4","","28","15","2.5","240"
"キッズ電子ピアノ 37 鍵 手触り再現 2-5 才向け 三角ピアノ縮小ウッド調 双スピーカーリアルピアノ音質 電源/単 3 電池 3 本両対応 マイク・ベンチ・琴譜スタンドセット付属 組立簡単","15318","52","","3","¥ 8,999","","1","B0FW4JHXJH","B0FW4SYMS3","61.5","40","21","7800"
"Dreld 金色チャクラ音叉 8本セット ブルーハンマー付属 ソルフェジオ周波数 ヒーリングツール ゴールド","13137","7","","14","¥ 9,980","","1","B0B1Q7TQCZ","B0C5H7S28T","29.2","21.2","5.1","810"
"HangTon 3.5mm - XLR 3ピンオーディオケーブル Rode Wireless Pro用 GO II マイク to MixPre-10 Sony FX9 カメラ デュアル 2チャンネル ロープロファイル 50cm","13145","14","","7","¥ 7,178","","2","B0CZ3Z1SYV","B0CZ4DBD3M","17.6","11.9","2.1","90"
"Free The Tone SL-4SL-NI-55K ソルダーレスケーブルキット","15717","26","","34","¥ 15,620","","8","B07T7G2S9H","","16.8","12.4","2.3","140"
"ニュー・ストーン・ライン バストロンボーン用ミュート ミカ 【199】","6433","8","","2","¥ 14,526","","27","B0002DV8B0","","33.8","25.4","25.4","363"
"ワイヤレスマイク Alvoxcon ハンドマイク UHF ダイナミックマイク カラオケ ハンドヘルドマイク ボーカルマイク 録音 拡声 カメラ スマホ 軽量 動画撮影 ハンド型 ２人用 CK220","5904","20","","112","¥ 9,980","","1","B07HHYWXJY","","29.9","18.7","7.2","700"
"日工 メトロノーム スタンダード ブリリアントレッド 245","13164","6","","11","¥ 5,253","¥ 5,253","5","B07F41CP3T","","22.8","12.7","12.4","590"
"J.Meinlschmidt（J.マインルシュミット） Hydro Jet M1 ハイドロジェット金管楽器メンテナンスグッズ","13168","15","","1","¥ 6,580","","4","B0C18XCQYW","","19.2","18.8","3.5","100"
"EVAH PIRAZZI GOLD エヴァ ピラッツィ ゴールド ヴァイオリン弦セット(G線ゴールド) (E線ボールエンド)","13172","44","","7","¥ 23,400","¥ 25,190","6","B01HHUY6X2","B01ICST37C","14","10.3","1.3","24"
"Gator Cases ゲーター キャリングバッグ ドラムハードウェア用 14""x36"" ナイロン製 Protechtor Hardware Series GP-HDWE-1436 【国内正規品】","15761","11","","217","¥ 7,142","¥ 7,142","3","B0002D0Q90","B017DNZKZ6","73","46","12","1330"
"ART エー・アール・ティー マイク・スプリッター SplitCom Pro 【国内正規輸入品】","13178","7","","9","¥ 8,174","","3","B006IL3DS6","","17.1","12.7","7.2","390"
"Martin C1K Uke マーチン コンサートウクレレ","15817","6","","72","¥ 71,695","¥ 68,799","32","B008EXEYHU","","63.5","26.7","16.5","1651"
"BLITZbyARIA ブリッツ エレキギター BLP-SPL BK ケース付属","15776","11","","21","¥ 24,210","","3","B001MQX67A","B01LWT8ZDC","120","60","15","4001"
"BOSS ボス プラグアウトFX PX-1 エフェクター 最大16のエフェクト エフェクトを拡張可能 専用アプリ ギター バンド 軽音","15764","15","","9","¥ 37,730","","18","B0FNTVZRV6","","20.9","20.2","12.4","740"
"PLAY WOOD プレイウッド マリンバ用マレット 吉岡孝悦モデル M-1004R","15834","6","","8","¥ 8,700","","1","B00KD23DP4","","47","13.5","4.5","102"
"Marshall ギターアンプヘッド 20W DSL20H","5920","15","","7","¥ 80,705","¥ 75,000","6","B079Y3T7WZ","B07BKDKTJZ","59.8","37","32.8","13020"
"ORB Audio J10-XLR Pro マイクケーブル 3m (オーブオーディオ J10XLR)","15772","9","","2","¥ 13,200","","2","B00VSOBNQM","","28","27.8","6.4","390"
"YAMAHA ヤマハ/EZ-300 ポータブルキーボード 光る鍵盤","13195","8","","32","¥ 29,800","","2","B08NVCGNGX","","105.5","42.2","16.5","7660"
"Vio Music あごをすっきりと バイオリン/ビオラ用あご当てカバー（ブラウン）","13196","4","","386","¥ 6,077","","8","B00BPM7INO","","18.1","10.7","1.1","20"
"Electro Voice ダイナミックマイク RE320 【国内正規品】","13200","8","","231","¥ 41,896","","10","B00KCN83VI","","30","14.4","8.9","1129"
"D'Addario ダダリオ ビオラ弦 Helicore Set Extra Long Scale H410 XLM Medium Tension 【国内正規品】","13202","31","","309","¥ 9,800","¥ 10,010","3","B003YHKDJ4","B07H7MT5TX","11.4","11.2","1.2","41"
"Klivex メトロノーム セイコー 振り子 大音量 電子 二胡/ピアノ/古筝/ギター/バイオリン用 初心者 楽器演奏用 機械式メトロノーム (【タワー】ローズウッド)","21610","3","","","¥ 5,699","","1","B0FD9YC9ML","B0FD9VQHGT","23","14","14","1000"
"VATER ベーター カホン・ブラシ VCS","15811","4","","380","¥ 8,475","","16","B004XOYDZW","B07N11LSBT","36.2","5.7","3.2","181"
"MXR Timmy Overdrive Guitar Effects Pedal (CSP027)","13219","5","","242","¥ 25,800","","76","B0844PNQLN","","13.9","11.2","6.8","245"
"Darkglass Electronics ダークグラスエレクトロニクス エフェクター ベース用オーバードライブ Microtubes B3K Overdrive (V2) 【国内正規品】","13222","11","","14","¥ 37,400","","12","B078WRF92X","","13","9.7","8.4","408"
"Bullfighter エレキギターエレアコ ST シングルシェイク 大人 初心者楽器 HSHロック プロ パフォーマンス エレキギター セット D150 (black)","20420","4","","4","¥ 13,999","","1","B0FD9W1G3P","B0FD9YLMQZ","106","32","8","5000"
"Ibanez(アイバニーズ) ""個性と遊び心""がコンセプトのエレキギター用バッグ 保護クッション装備 (ベージュ) IGB541-BE","13228","45","","138","¥ 5,581","¥ 5,581","8","B01GTOO9IO","","106","42","7.4","1000"
"UDG U8326BL Creator [ Pioneer DJ DDJ-REV5 ]対応ハードケース Black","13231","8","","10","¥ 17,050","","1","B0CQ2XCC31","","80","48","16.5","3220"
"SHURE ボーカル用ダイナミック・ボーカルマイクロホン KSM8N 【国内正規品】","13234","8","","238","¥ 71,500","","2","B01AX6GR0W","B01HXIHRXE","25.7","12.3","8.4","640"
"BuukBaag コンデンサー マイク【ワンクリックミュート機能·自動ノイズキャンセリング】ゲーミング マイク ゲーミング 実況/会議/録音/放送者/Discord/YouTube/Skype/Line/Zoom RBG USB pc 配信用 マイク Windows/Mac OS/Linux/Chrome OS/Vista対応","13210","9","","4","¥ 9,980","","1","B0DB86P4KL","B0D793JTTG","42.8","18.1","9.2","910"
"アイダ スタンド オーボエ&E.ホルン用 2本立 140EO-2","15836","10","","2","¥ 11,550","¥ 11,562","4","B0026FETB8","","25.5","8.9","7","804"
"KORG ポリフォニック ステップシーケンサー SQ-64 あらゆる機器を自在に操作 豊富な接続端子 音楽制作 ライブに最適","13258","12","","137","¥ 33,943","","9","B08NKBQ43X","","36.8","14.6","7.8","1406"
"Musiin Ableton Moveと互換性のあるグルーブボックスMIDIコントローラーケース","5931","8","","39","¥ 5,599","","1","B0DPHGWLGV","","48.3","19.3","6.9","499"
"Musiclily Pro ST-50S アルニコ5 Staggered シングルコイルピックアップ ネックミドルブリッジPUセットストラトエレキギター用 ブラック","15841","4","","8","¥ 5,019","","1","B0DL8LMFR7","B0DN6B45XL","1","1","1","100"
"Rico D'Addario WoodWinds ダダリオ リード バスクラリネット用 ROYAL REB1025 [硬さ:2.5] 10枚入り 【国内正規品】","25208","7","","144","¥ 5,170","¥ 5,170","4","B0002E1UA8","B09HBKL67D","10.2","7","2.4","50"
"フェンダー/Mustang Micro Plus + 専用純正ケース 多機能ヘッドホンアンプ フェンダー","15880","7","","5","¥ 23,600","","1","B0F3NLTFKB","","47","35","25",""
"Bose FreeSpace IZA190-HZ integrated zone amplifier コンパクトミキサーパワーアンプ","13270","15","","11","¥ 49,800","","1","B0072ABNKW","","37.3","26.1","9.6","3700"
"MOOZICA 15インチ 15音 スリットドラム 432Hz 白","21316","15","","46","¥ 27,980","","1","B0D5W9J3CR","B0CV97B3F2","42.5","42.1","23.1","5070"
"Pearl/BRD-1 シンバルセット 14HH/16CR/20RD 専用ケース付き","19179","6","","","¥ 29,700","","5","B0GYRK5H5N","","54","52.5","7.5","5400"
"Depusheng HT7 BluetoothポータブルオーディオミキサーW/USB DJサウンドミキシングコンソールMP3ジャック48V電源コンピューター録音、7チャンネルバンドミキシングボードスタジオ記録","13280","6","","41","¥ 10,413","","1","B09J23T18Q","","39.3","31.5","8.9","2910"
"MSZLZTD 18.5VAC Poweアダプター Behringer XENYX 502、1002、Eurorackミキサー(FX-18B-MP3)、PSV3UL、MXVL3、UB502、UB802、UB1002、Q502USB、Q802USB、Q1002USB、Q1002用。 USB 18.5 VMini 3ピン Din Supply。","3436","15","","17","¥ 6,246","","1","B0F32QPDVL","","14.2","9.6","6","640"
"TOMBO トンボ 複音ハーモニカ G#調 プレミアム 21穴 3521","13289","56","","13","¥ 7,445","¥ 7,445","7","B00257M6H6","","17.2","4.9","3.2","186"
"D'Addario ダダリオ ベース弦 ニッケル ダブルボールエンド弦 Light .045-.100 ESXL170 【国内正規品】","15346","23","","92","¥ 7,438","¥ 7,438","5","B0009G0AZK","B00YOK972O","16.7","15.3","1.7","100"
"Wilkinson WV6-SB 弦ピッチ10.8mm 5 + 1ホール トレモロブリッジユニット スチール製ヴィンテージサドル フェンダーUSAとJapanストラット用 アッセンブリー フルスチールブロック付き、クローム","15884","14","","52","¥ 5,858","","2","B095KB1RX6","","18.6","13.2","3.4","400"
"Etour マイクショックマウント Razer Seiren V3 Mini/USB V2 対応 マイクアーム サスペン","5610","8","","15","¥ 9,660","","1","B0F2DPV3NG","B0HDXS9BSL","17.8","10.2","2.5","127"
"セルマー ソプラノサクソフォン マウスピース S80 D","15897","4","","2","¥ 20,522","¥ 20,522","2","B000WITJDE","B0759PYYMY","11.7","4.8","4.8","44"
"NEEWER 10パック 2m XLRステージライトケーブル 3ピンXLRオス-メスコネクタ","5586","41","","1746","¥ 6,699","","1","B01ELB8K2I","B0F139451G","28","20.4","15.5","1490"
"ポークオーディオ POLK AUDIO RESERVE R400 センター・スピーカー ブラック R400BLK","13314","15","","52","¥ 64,206","¥ 73,800","2","B0934R72WL","B0F6Y4ZDQJ","73.7","48.5","30","17940"
"WinBridge 拡声器 ハンドヘルドマイク2本 カラオケスピーカー ポータブルカラオケ ポータブルスピーカー 会議,イベント,指導,学校行事,講演","15963","7","","3","¥ 18,795","","1","B0GXKLP98Z","","30","28","25","2890"
"YQW木製 ライアー ハープ 16/21/24弦 竪琴、マホガニーウッド 弦楽器 心癒され音色 調律用ハンマー 初心者向け 子供用 成人用 操作簡単 入門楽器 (16弦-B)","26159","2","","1","¥ 6,988","","1","B0FH254Y23","B0FH23362P","43","31","8","1000"
"TASCAM(タスカム) Model 12 12トラックMTR USBオーディオインターフェース DAWコントローラー HUI/MCU MIDI Pro Tools Logic Pro Cubase","15902","14","","115","¥ 78,000","","7","B085V669LN","","46.7","39.9","15.9","6220"
"Wilkinson M Series アルニコ 5 P90 ソープバーシングルコイルピックアップ セットLPレスポール/SGエレキギター用クリーム","13326","7","","107","¥ 5,236","","2","B08SPXKZ9B","B08TLW6FB5","9.8","6.8","5.4","260"
"ヤマハ YAMAHA マーチングタムマレット MTM-502W","20667","3","","1","¥ 8,500","¥ 8,586","4","B009JRDU1Q","B08JH22X7J","36.2","4.4","2.4","159"
"ベリンガー コンデンサーマイク ハンドヘルド キャリングケース付き カーディオイド特性 SB 78A","13329","12","","240","¥ 6,380","¥ 7,241","3","B082M8QX7Y","","30.8","16.6","7.7","570"
"Fender エレキギターMade in Japan Hybrid II Telecaster®, Maple Fingerboard, US Blonde","5952","9","","13","¥ 139,700","","4","B0912GWQ9J","B0FNDNG44N","110","50","11","6000"
"ジルジャン Kカスタム 13""ダークハイハット ボトム","15965","1","","1","¥ 61,170","","1","B0002I6KY0","B01M70LC3N","37.2","33.2","3.5","934"
"AKK-PANE 貼るだけ施工 吸音パネル 防音パネル 4枚セット 120×60cm 施工面積2.88㎡ 高密度PET ウッドパネル 吸音材 環境に優しい素材 DIY 騒音対策 賃貸対応 防撞 衝撃吸収 書斎 寝室 テレビの背景壁 事務所 (スモークド・オーク)","13340","45","","11","¥ 11,999","","1","B0GTKXC91F","B0GTK8JQ8J","122","62","1.8","8500"
"Fiocias ネックゲージ ギター レベリング デジタル定規 ネックストレート測定 工具セット 楽器部品 校正 ギター調整 修理 メンテナンス 安心構造 簡単操作 プロ初心者両方に適用, 42センチメートル","15958","1","","","¥ 6,460","","1","B0GW5WMQBV","B0GW5HYN3Q","45","10","5","563"
"MEINL Percussion マイネル タンバリン Traditional Wood Tambourine Steel Jingles 2rows TA2AB 【国内正規品】","15952","3","","321","¥ 6,900","¥ 6,768","3","B0007XQTJ6","B011TPZF90","35.4","28.4","8","520"
"コントラバスボウ ドイツ・タイル カーボン弓 黒い毛 全サイズ","13352","14","","3","¥ 13,995","","1","B0894H5KJW","","77.4","12.1","1.7","180"
"MEINL マイネル Sonic Energy Collection クリスタル･シンギングボウル 14"" Root Chakra 432Hz/C CSB14C (シリコンリング付属) 【国内正規品】","18357","7","","9","¥ 62,222","¥ 62,222","3","B08T38KNNJ","B0DQK524JC","50","50","40","4000"
"MACKIE マッキー 6チャンネルアナログミキサー WITH ENHANCED FX、USBレコーディング&BLUETOOTH ProFX6v3+ 国内正規品","3495","5","","4","¥ 35,800","","1","B0D6V4M4PB","","31","24.1","10.9","1690"
"MEINL Percussion マイネル フットパーカッション Foot Rattle FR1NT 【国内正規品】","15993","7","","154","¥ 5,600","¥ 6,200","5","B0033PQUB2","","22.3","19.8","7.9","210"
"Diezel ディーゼル HERBERT PEDAL オーバードライブ／プリアンプペダル【国内正規品】","16013","4","","11","¥ 56,104","","4","B07GHYNJ46","","19.9","12.6","12.2","1102"
"Ibanez Tubescreamer Overdrive Hand-Wired TS808HWV2","15981","14","","7","¥ 34,650","¥ 34,682","19","B0DPH1RB5F","","19.3","12.1","6.8","710"
"BOSS ヘッドホンアンプ KATANA:GO2 ギター ベース 練習 KTN-GO2 ヘッドホンHP-CT1 スタンド付 セット","12840","5","","","¥ 24,800","","1","B0GRGB7G2K","","59.1","39.5","15.8","2090"
"KORG(コルグ) ダイナミックエフェクト＆サンプラー KAOSS PAD V デュアルタッチ操作対応/次世代Voice FXエンジン搭載/Hi-Zギター&ベース入力対応/USBオーディオインターフェース内蔵/サンプリング＆ループ機能搭載","13381","15","","3","¥ 65,780","","16","B0GH28WY7H","","36","24","7","1500"
"ロブナー Rovner リガチャー DARK B♭クラリネット用 1R","15285","26","","1184","¥ 6,667","¥ 6,667","22","B0002F4YQY","","11.4","4.4","4.3","100"
"Tech21 TECH21 GL-CH Geddy Leeシグネチャー ベース用コーラス テック21","13384","2","","2","¥ 43,542","","9","B0GWKKQNVY","","14","10.9","6.1","363"
"Enya EUC-MAD EQウクレレコンサートサイズ・マホガニー・オール単板・初心者と中上級者向け・ピックアップ付き・ 綿の防水ケース付属・検品後発送で安心（木の色）","16035","5","","15","¥ 27,563","","1","B07NZLLLGG","B0BQBNCS5Q","71.5","28.4","13.4","1880"
"HOTONE Ampero Control MIDIコントローラー","15470","17","","11","¥ 20,350","","5","B09L49B1Z6","","42.8","7.2","6.7","690"
"初心者・子供・大人用電子ドラムセット 9パッド練習用 ポータブルUSBロールアップドラムパッド ペダル・スティック付き。革新的な手巻きデザイン。学習促進ゲームモード対応、持ち運びに便利な軽量設計。","16038","4","","1","¥ 5,745","","2","B0DSLK2P6B","","33.8","18.5","6.4","810"
"KC ミニアコースティックギター用 ハードケース MW-120 (全長960mm 幅350mm)","13398","8","","24","¥ 18,297","¥ 18,297","2","B00171L4U6","","99.5","40","13.8","3742"
"KarDiaN/titania V2 ディストーション カージアン","13405","9","","3","¥ 28,600","","3","B0BN79LKLY","","13","6","5","500"
"Mission Engineering エクスプレッションペダル EP1-L6","13407","10","","4","¥ 31,350","","3","B007XT2SCY","","27.7","10.9","10.9","1540"
"SMK-25mini MIDI キーボード 充電式 25 キー MIDI コントロール キーボード ミニ ポータブル USB キーボード MIDI コントローラー 25 ベロシティセンシティブ キー 1 ノブ","16004","5","","15","¥ 6,822","","2","B0C3VHG2CQ","","38.4","14","6.9","620"
"MOGAMI (モガミ) 3368 超低静電容量 ギター/ハイインピーダンス伝送 ケーブル 切り売り (10m)","32634","3","","1","¥ 6,700","","1","B00QJL8M9K","B00QJL8M68","23.2","22","2.8","660"
"Atomos Ninja 5.2インチ 外部モニター HDR レコーダー 6K ProRes RAW収録 H.265対応 Wi-Fiクラウド連携 カメラ ATOMNJA004","13411","12","","91","¥ 106,355","","12","B0CFPF7TJ5","","19.1","14","8.2","738"
"Demonfx RAVINE Delay&Reverb/Delay Reverb ディレイ リバーブ ギター エフェクター","22274","17","","","¥ 12,680","","1","B0G3K61NNP","","15.9","13.2","7.4","470"
"JYX ワイヤレスマイク 無線カラオケマイク UHF マイクロフォン 充電式 会議、スピーチ、公演、パーティー、学校運動会などに適用 (ローズゴールド)","13414","27","","15","¥ 6,499","","1","B0D83WGVRX","","26.8","11.3","7.3","770"
"THOMASTIK Vision ヴィジョン ビオラ弦 セット VI200","13416","7","","38","¥ 17,710","¥ 17,710","29","B001V80JFQ","","10.5","10.4","1.4","30"
"SIzlaho 新登場デジタル管楽器 電子サックス、13 トーン調整可能なボリューム、学生、ティーンエイジャー、教師、大人、高齢者向けのポータブルミニデジタル電子管楽器セット初心者向け","16072","10","","3","¥ 13,044","","1","B0FW3TY54K","","45","3","3","200"
"【不要ピアノ引取サービス・専門業者による組立設置】KAWAI CA401 カワイ CAシリーズ 88鍵盤 電子ピアノ 木製鍵盤 練習用 木目調 【CA49後継機種】 (モカウォルナット調仕上げ, 単品, 延長5年保証)","16061","16","","1","¥ 210,500","","1","B0H17TVD5K","B0H1BF24HQ","136","91.5","49","58000"
"TERENCE 折りたたみ 電子ピアノ 61鍵 タッチレスポンス鍵盤 ステレオスピーカー内蔵 ポータブル MIDI対応 充電型 ブラック X61A","5824","19","","8","¥ 12,996","","1","B0GGH1CX5Y","B0HDRWW2NC","55.4","28.1","19.4","3530"
"Providence プロビデンス ベースケース TCB1R BK エレキベース用","16091","2","","3","¥ 19,800","","4","B0BYSHS1D4","","128","45","7","7400"
"MXR ディストーション M75 S.BADASS DIST.","13429","18","","21","¥ 24,297","¥ 24,542","28","B00DR7J21G","","15.3","11.5","6.7","390"
"Limetone Audio/focus コンプレッサー ライムトーン","16043","9","","12","¥ 32,653","","7","B07PTNWZJ3","","16.7","11.2","8.1","430"
"PreSonus プリソナス/FaderPort V2 MIDIフィジカルコントローラー","5981","7","","621","¥ 34,650","","79","B07FWF3GR2","B0H73CW6F9","60","33","12","1980"
"ヤマハ YAMAHA ピックアップミュート フリューゲルホルン用 PM-6X","16051","10","","15","¥ 16,507","","2","B00FS6RHHA","","23.5","16.1","14","388"
"ワンコントロール One Control Agamidae Tail Loop プログラマブルスイッチャー","13442","7","","1","¥ 28,200","","3","B08G883HTN","","39.3","7.3","6.4","610"
"【日本正規代理店品】IK Multimedia iRig 2 (iOSデバイス用ギター/ベース・インターフェイス) IKM-OT-000042c","14646","51","","58","¥ 6,600","","2","B00U891AUM","","13.9","13.7","4.9","130"
"BOMGE USBオーディオインターフェース SOLO XLR/48Vファントムパワー、32ビット/192kHzハイファイ、ギタリスト、ボーカリスト、ポッドキャスター、プロデューサー、プラグアンドプレイ(U202P)のスタジオオーディオミキサーインターフェイス用","13450","19","","20","¥ 5,290","","1","B0DYXN8FXW","B0CQ58C6XF","23","21","7","800"
"ARIA FEB-F2/FL Stained Brown エレクトリックアコースティックベース フレットレス アリア","13457","4","","24","¥ 37,980","","2","B082KNWY6S","","127","54","14",""
"NIGHT ナイト オカリナ Classic シリーズ ACI 入門セット アルトC調 アイボリー (ケース/オカリナスタートライン教則本/補助教材CD付属)","13460","14","","3","¥ 7,480","","4","B08CR5F2FV","","27.4","18.6","8.1","500"
"TOMBO(トンボ) 複音ハーモニカ B調 プレミアム 21穴 3521","16087","43","","9","¥ 7,445","¥ 7,445","5","B007R0K8PS","","17.2","4.9","3.2","191"
"Musiclily Pro SE ST-HSS-60SE 配線済みピックガード アルニコ5ピックアップと5WAYスーパースイッチセット STストラトエレキギター用 3プライ ブラック","18578","5","","24","¥ 7,241","","1","B0DQ5BMWC5","B0DR28M7KT","30.6","25.1","7.4","685"
"D.BONADE ボナード B♭クラリネット リガチャー 逆締め ニッケルプレート仕上げ (2250U)","16119","5","","120","¥ 5,556","¥ 5,556","13","B0009GZG9K","","6","4.5","2.9","32"
"サンワダイレクト ワイヤレスガイドシステム 子機 ガイド用イヤホンマイク ツアーガイドシステムマイク 単方向通信 工場見学 400-HSGS004R","20119","8","","","¥ 17,800","","1","B0FBW3HFBZ","B0FBWQ7SQ4","10.7","10.3","4.5","114"
"KORG(コルグ) アコースティック・シンセサイザー phase8 触れる、揺らす、共鳴させる/物理世界が持つ音の豊かさと精密な電子制御を融合","13489","6","","","¥ 159,500","","6","B0GTXTCGH9","","37.1","30.5","9.5","2790"
"Behringer アナログシンセサイザー モジュラー ユーロラックモジュール ユーロラック対応 アナログリングモジュレーター/ノイズジェネレーター/S&H/LFOモジュール SYSTEM100シリーズ 150 RING MOD/NOISE/S&H/LFO gray","13490","8","","81","¥ 7,556","¥ 7,556","22","B085RFWPXH","","15.6","9.8","4.4","220"
"甲南 イージーペダルG CA900 【オリジナル巾着セット】ピアノ用 補助 ペダル 二段階調整 取り付け簡単 身長目安：135cm以上","5763","30","","9","¥ 13,100","","1","B0BFKVDBTD","","40","30","25",""
"Fender パーツ Road Worn® Tele® Bridge Assembly","13502","9","","27","¥ 13,189","¥ 13,189","44","B07K9KB4VC","","20.4","12.7","1.5","102"
"[エックスガール] 2WAYドラムバッグ 2WAY DRUM BAG 105262053002 CAMO ONE SIZE","16163","5","","1","¥ 6,999","¥ 6,999","2","B0GVHDFRDR","B0GVHHSKF2","40.1","38.6","6.2","510"
"Fender エレキギター Made in Japan Traditional 60s Stratocaster®, Rosewood Fingerboard, Black","20881","9","","25","¥ 138,889","¥ 138,889","5","B084W9NDV1","B0859J88WG","120","50","20","5000"
"YAMAHA アコースティックギター FS400 スモーキーブラック","13513","6","","9","¥ 29,700","","1","B0DG5TR36B","","113","53","14","3400"
"ISO ACOUSTICS ISO-PUCKアイソレーションツール (アイソアコースティクス)","13516","8","","136","¥ 8,580","","19","B06ZZ72LL6","","15.5","8.4","3.8","372"
"キクタニ クラシックギター用 ギグバック 20mm厚クッション リュックタイプ GVB-30C ブラック","16137","2","","2","¥ 7,778","¥ 7,778","3","B0B34C76CM","","110","45","9","1360"
"D'Addario ダダリオ ベース弦 NYXL Long Scale 5弦 .045-.130 NYXL45130 【国内正規品】","15143","34","","1010","¥ 6,457","¥ 6,457","11","B019JD0S5K","B0BPWJQ319","15.3","15.3","2.4","170"
"ROTOSOUND ロトサウンド ベース弦 Black Nylon Flatwound Short Scale/Standard (.065-.115) RS88S","13519","4","","204","¥ 9,000","¥ 9,000","19","B0002GNYUU","B09NJB3XH7","32.1","23.7","1.7","130"
"TERENCE 折り畳み 電子ピアノ 88鍵盤 30Wデュアルスピーカー 高感度タッチレスポンス鍵盤 3本ペダル対応 充電可能 ホワイト V50","16177","18","","19","¥ 28,950","","1","B0GXZ36XRW","B0HD7PKBKD","68","23","8.8","4500"
"SHURE デュアルチャネル ダイバーシティ 受信機 SVX88J-JB1 【国内正規品】","16164","8","","2","¥ 41,680","¥ 41,680","1","B007AQJR5Q","B01MA69NMD","41.7","31.7","7.4","1360"
"GENELEC ジェネレック 8320APM GLM Studio モニタースピーカー 音響補正バンドル grey グレー (2本・ペア) 北欧 フィンランド製【国内正規品】","16169","9","","2","¥ 176,000","","3","B086C4QMT2","B0DBQFM6HW","43","39","23","8700"
"Demonfx MICROTUBES D7K ULTRA/ベースプリアンプ オーバードライブ ディストーション ベース用エフェクター BASS Preamp OverDrive Distortion","23142","10","","2","¥ 16,890","","1","B0GXQ2YL7M","","14.5","12","6.5","430"
"Demonfx AT-DS (BLACK) / OverDrive - Distortion オーバードライブ - ディストーション ギター エフェクター 黒 BLACK","21197","5","","","¥ 8,980","","1","B0GNJF47BK","","13.8","7.7","6.2","310"
"Digilent Pmod I2S2: ステレオオーディオ入力と出力。","16222","2","","4","¥ 9,196","","2","B07CVNWL49","","23.5","15.7","1.3","14"
"Xotic エキゾチック エフェクター オーバードライブ SL Drive 【国内正規品】","13543","11","","22","¥ 21,838","¥ 24,200","8","B00DK2MD5A","","14","8","7","380"
"SHURE MVL : コンデンサー・ラベリア・マイク 実況/配信 MOTIVシリーズ MVL-3.5MM【国内正規品/メーカー保証2年】 black","13547","37","","640","¥ 9,630","¥ 9,630","4","B08G7B5P13","B08MG18XY5","13.1","8.3","4","60"
"Eventide イーブンタイド エフェクター マルチエフェクター H9 Gen2 【国内正規品】","13550","5","","","¥ 107,800","","11","B0H5M338ZS","","22.5","18","7.5","1100"
"BLITZ by ARIA BLP-SPL/DC WR ブリッツ アリア エレキギター レスポール スペシャルタイプ ダブルカッタウェイ ワインレッド","5999","4","","6","¥ 29,800","","1","B0CKHPC7MQ","","106","40","14","4000"
"アイダ スタンド Ebクラリネット&クラリネット用 2本立 140CS-2","13559","7","","5","¥ 11,090","¥ 11,090","3","B000Y628SW","","25.4","8.7","7.1","814"
"[Figoday] DMX512コントローラー 192CH 照明制御コンソール プログラマブル 操作簡単 LEDパーライト ムービングヘッド対応 DMX照明制御 卓上コントロール 舞台演出 DJ ディスコ ライブ パーティー ダンスフロア イベント会場 照明機材 オペレーター機器","23158","11","","1","¥ 6,046","","1","B0GVJBSHQ8","","32","16","10","2000"
"NUVO ヌーボ プラスチック製管楽器 フルート C調 jFlute 2.0 ジェイフルート White/Black (日本限定カラー) N220JFWB [専用セミハードケース付き] 【国内正規品】","17158","21","","184","¥ 21,139","¥ 21,139","1","B07LBPBF5Y","B0CX8WTSG3","46.2","10.2","7.4","820"
"ヤマハ エレキベース TRBX605FM NS","15038","33","","23","¥ 70,818","¥ 70,818","6","B078ZX1J1M","B0DXKTRM72","131","45","15","7000"
"MEINL Cymbals マイネル スティックバッグ Vinatage Hyde Series MVHSBK Black 【国内正規品】","16217","5","","1","¥ 24,000","¥ 25,556","3","B0CRBFS9JH","B0FBGVWYFS","50.8","22.9","7.6","998"
"Lamantt電子メトロノーム 人声カウント リズム練習 楽器汎用 ギター ピアノ ドラム 箏 ランニング 4 色展開 精度 ±0.3% メモリー機能 高精細ディスプレイ スタンド付 コンパクト軽量 (充電式,エレガントなホワイト)","29582","2","","","¥ 5,132","","1","B0GXTN8NDL","B0GXTJLWF1","1","1","1","1000"
"Vetimobato カーボンファイバービオラケース 16インチ 軽量ハードシェル 調節可能な内部 15-17インチのヴィオラ保護シールド湿度計 4ボウホルダー バックパックストラップ プロ用","16238","6","","5","¥ 26,900","","3","B0CL6D531X","","85.7","33","17.8","3289"
"Bromo Guitars ブロモギターズ BAR5CE エレクトリックアコースティックギター エレアコ","16228","10","","27","¥ 79,200","","4","B0CWS9GHYX","","104.1","43.2","17.8","2722"
"EVAH PIRAZZI エヴァピラッツィ ビオラ弦G線 No.4293 (シンセティックコア/シルバー巻)","13578","6","","2","¥ 6,200","¥ 6,296","5","B00TTNS9A2","","11.5","10.3","1","10"
"CASIO(カシオ) 純正 スタンド CS-7W","13585","6","","95","¥ 14,300","¥ 14,300","6","B0008JID9I","","97","60","10","10002"
"SHURE GLX-D24+/SM58ボーカル・ワイヤレスシステム SM58 ワイヤレスハンドヘルドマイク テーブルトップ型受信機 ハンドヘルドマイク型送信機セット/2.4GHz 簡単・安定接続/最大17時間連続使用/最大60mの到達距離/GLX-D+ デジタルワイヤレスシステム【国内正規品】","16229","8","","1","¥ 83,400","¥ 86,000","11","B0BYCTZG4R","B0BZ87HNRR","46.7","33","10.8","2160"
"ヤマハ クラシックギター CG162C","16220","3","","24","¥ 36,089","","6","B003CHV4SA","B07JMVGP4M","102.9","48.3","13.7","2155"
"TOA　簡易型アンプ　１５Ｗ　TA-115","13597","9","","5","¥ 38,000","","6","B00WQTQFUW","","36.6","19.2","8.4","2520"
"KORG(コルグ) アナログ・シンセサイザー用チューナー ST1K ±0.1セントの超高精度チューニング/高感度マイク内蔵/大画面CMD液晶ディスプレイ","13600","5","","17","¥ 7,400","¥ 7,193","10","B0D5CYN3LD","","13.6","8.4","2.5","100"
"MONO M80 Guitar Tick V2 BLK 小物用ケース","13607","9","","107","¥ 14,200","¥ 14,200","46","B072RJ8YYT","","43.5","24.4","11.9","948"
"全体セット 88 個デジタルピアノラバーハンマーキャップ帽子 - Casio PX3 PX300 PX150 PX160 PX5 PX7 PX800 AP200 と互換性あり","16279","4","","","¥ 6,241","","1","B0GZHMN8QK","","1","1","1","50"
"Roland ローランド EC-10M エルカホン カホン専用マイクプロセッサー 専用クリップマイク付属","16280","7","","70","¥ 32,450","","3","B01LYSI4XE","","30.2","20.4","11.6","998"
"ピアノカバー トップカバー アップライト 直立型 高級 ピアノ 刺しゅう 防塵カバー 厚手 おしゃれ かわいい インテリア ベージュ 上質 上品 優雅 フリル付き HIMENO","6008","2","","13","¥ 5,146","","1","B07HMML4MZ","B07HMWG2SV","28.6","27.8","3.6","330"
"One Control Minimal Series BJF Buffer/ワンコントロール スイッチャー","16269","6","","15","¥ 5,170","¥ 5,061","5","B07652NC42","","13.2","7.2","6","140"
"TRITON AUDIO トリトンオーディオ マイク 保護 ファンタム電源 ブロック ファントムブロッカー 正規品","16290","3","","96","¥ 9,980","","1","B01HYH0AZQ","","12.7","3.1","3.1","80"
"DW DW-SM101 Two-Way Bass Beater ドラムペダルビーター","16288","5","","396","¥ 5,450","","24","B000SZVQ5K","","28.1","8.6","6.3","150"
"CASIO CT-S1000V Casiotone 61鍵盤 電子キーボード","13643","4","","32","¥ 42,000","","6","B09QQRYY1D","","98","30.7","15.7","6810"
"サンライズ アコースティックギター用マグネティックマイク S-2","6011","6","","3","¥ 71,677","","2","B00GV6WJ60","","18.9","16.8","10.9","328"
"Yinfente フルサイズ チェロパーツ メタル ボディ マシン ヘッド ストリング ワインダー DIY ペグ 調整簡単","13650","3","","31","¥ 6,900","","3","B088DX96GQ","","20.1","11.4","8.6","454"
"D'Addario ダダリオ ウッドベース(コントラバス)弦 Kaplan Double セット K610 3/4L Light Tension 【国内正規品】","21404","2","","3","¥ 31,313","¥ 31,313","2","B0077ILRJG","B07H3YQXQY","21.1","20.6","2","249"
"キングジム(Kingjim) スピーカー付きマイク対応スタンド SPMS1-BK ブラック","16343","3","","","¥ 7,191","¥ 7,191","18","B09FF4YHVQ","","93.5","12.5","11","2400"
"TINY BOY(タイニーボーイ)、全長約79cm、持ち運びに便利なトラベルベース、584mmスケール、 DX-3 Line JBタイプ スポルテッドメイプルトップ ナチュラル TBJ-3400NSM","16327","6","","3","¥ 64,889","¥ 64,889","1","B08316BWTS","B0831MKLDZ","84","34","10","3800"
"Hosa EBU-025 7.6m XLR3ピン オス-メス デジタルケーブル","16331","6","","153","¥ 5,065","¥ 5,065","3","B000VCUOZ8","B07N8B3J4N","23.1","18.5","3.8","390"
"MoremoQQ ギターケース アコースティック アコギ セミハード ギグバッグ 肩掛け リュック 防水 25mm厚クッション ダブルネックピロー付き リュックタイプ 滑り止めラバー付き アコースティックギター 丈夫で軽量 肩掛け 手提げ 大容量 持ち運びに便利 (C,41インチ)","16332","3","","1","¥ 7,900","","1","B0GRNG2XGT","B0GRN6H8VH","50","40","12","1000"
"Fender フェンダー エレキギター Standard Stratocaster® HSS, Maple Fingerboard, White Pickguard, Aqua Marine Metallic ソフトケース付き","13668","9","","8","¥ 76,500","¥ 77,273","8","B0DQ2191N3","","112.1","39.7","10.5","5434"
"金剛鈴 純銅製金剛鈴 仏教ベル ハンドベル 瞑想 癒し 浄化用仏具 ストレス解消 心霊浄化に最適 寺院用密教法具 仏教 仏具密教法具 (A)","27752","2","","","¥ 6,880","","1","B0DW3CL35R","B0DW3WMBK4","20","12","12","800"
"YJB PARTS JM ジャズマスター用ピックガード 赤べっ甲4Ply インチ 日本製 ギターパーツ","13467","2","","9","¥ 5,390","","1","B01MQRTGLI","B0DBQ5VKM4","36.5","21.8","1.3","136"
"HERCULES ブームスタンド MS531B","16381","5","","108","¥ 8,000","¥ 9,057","5","B0027843QA","","121","49","17.5","4320"
"ラディック スネアドラム LM402 メタルシェル 【スープラフォニック】 6.5×14インチ","13689","7","","102","¥ 116,160","","22","B00062G0RE","B07416Q32G","44.2","44.2","21.7","4808"
"Geekria 収納ケース 互換品ロジクール Logicool K380 + Pebble M350 ワイヤレス キーボード 無線 マウス ハードシェルトラベルキャリングバッグ (ピンク)","13692","1","","116","¥ 5,275","","1","B0BNKGXNH1","","39.9","20.5","4.4","331"
"Demonfx K-CENTAUR/K-C DRIVE/CENTAUR（ケンタウロス）OverDrive TonePedal Booster オーバードライブ ブースター ギター エフェクター","13694","37","","9","¥ 8,680","","1","B0DYPGTZMY","","18.3","17.6","7.4","390"
"【専用ケース付き】 アルティノイズ(ARTinoise) デジタル・リコーダー lunatica White ルナティカ ホワイト 電子リコーダー MIDI コントローラー","16366","10","","2","¥ 16,800","","1","B0CG5XSDNK","","40.8","16.4","14.8","740"
"ローランド Roland 61鍵キーボード用ケース SC-G61W3 キャスター付き","16391","4","","8","¥ 38,420","¥ 35,315","4","B08ZKF2F3G","B0FJM4H539","134","53","20","7370"
"ウクレレケース ソプラノサイズ 21インチ ウクレレバッグ ウクレレギグバッグ ボヘミアン 民族柄 個性的 おしゃれ リュック型 手提げ 軽量 コンパクト 持ち運び便利 Soprano Ukulele Case ブルー マルチカラー","41671","1","","32","¥ 6,080","","2","B0FB369CV4","B0FHPK1ZWL","29.2","24.7","8.9","431"
"ピアノの防音絨毯 ピアノ防音マット フローリング ピアノ鍵柄 長方形 電子ピアノ用 床キズ防止 おしゃれ 防音マット 電子ピアノ 専用マット 防音対策マット 防振/傷防止 滑り止め 多目的 防音カーペット 滑り止め 防潮/吸音 騒音対策 オールシーズン フロアマッ お手入れ簡単 学校 スタジオ 家庭に最適(B,160*80cm)","18925","2","","","¥ 5,878","","1","B0DJR4GNDY","B0DJR4MS2P","2.5","2.5","2.5","500"
"KORG KR mini KORG RHYTHM [KR-MINI] + 純正ACアダプター KA350 セット","13713","6","","22","¥ 10,500","","4","B06X9JQ2X9","","25.2","18.6","11.4","860"
"Geekria オーディオ インターフェース キャリングケース Osee GoStream Deck/GoStream Deck Pro/GoStream Duet と互換性あり EVA ハードシェル ポータブル トラベルバッグ (ダークグレー)","13714","7","","3","¥ 5,575","","2","B0FM29R7Z2","","37.8","26.5","7.2","760"
"okayo GPA-828DU 対応スピーカーカバー (通常タイプ)","16379","5","","","¥ 6,980","","1","B074C2WJ61","B0848VRP43","44.6","28.8","4.4","460"
"UDG Creator Pioneer DDJ-REV1 ハードケース ブラック","16406","3","","8","¥ 10,450","","1","B0B9SXR6Z8","","64.3","50.4","13.1","2000"
"ピアノ補助ペダル AS-18","15775","8","","66","¥ 10,162","¥ 10,162","1","B00ZKE79DM","","52.5","41.5","28","7070"
"Free Space XLR Binaural Microphone [並行輸入品]","13721","4","","7","¥ 125,000","","1","B07312KF4K","","27.9","20.5","20.1","2010"
"[ JBL PROFESSIONAL ] パワードスピーカー アンプ内蔵スピーカー 【 音響 担当者をあらゆる手間から解放する 充電式・自立式 スピーカー 】 jbl 有線 屋外スピーカー 音響スピーカー 音響機器 （ ポータブル PA システム ） EON ONE MK2-Y3 [ 国内正規品 ・ 3年保証 ]","13726","3","","1","¥ 195,800","","2","B09S5QBCGF","","71.8","61.5","44.8","22440"
"音楽ミキサーエレクトリックおもちゃ|ライト付きのピアノキーボードポータブル マイクで演奏可能なシミュレーション|多機能、デジタルオーディオ|大人と子供用 (通常,ブラック) (多機能DJターンテーブル [Bluetoothバージョン] ブラック)","33842","3","","","¥ 5,220","","1","B0G1MC6Z2C","B0G1M8PJ4C","41","21","11","1000"
"Geekria ハードシェル トラベルケース ユニバーサル オーディオ Apollo Solo/USBと互換性あり オーディオ ミキサー キャリングバッグ (ダークグレー)","16431","3","","8","¥ 6,633","","1","B0F66DQD44","","35.7","26.7","9","590"
"C.C.シャイニーケースII クラリネット用 ウィステリア CC2-CLA-WS","16393","6","","8","¥ 22,000","","1","B01D1EWKPO","B01D890Q80","50","20","20","1500"
"DR Strings (デーアール) 4弦 ベース弦 クァンタムニッケルを巻弦に採用 DRAGON SKIN＋ DBQ-45 【国内正規品】","13734","3","","20","¥ 5,111","¥ 4,904","6","B0D6WJSHC1","B0H8ZXJBC3","15.4","15.3","1.9","120"
"とうしょう メディア レコーダー 録画・録音かんたん 録右ェ門2 スマ録 パソコン要らず DMR-0820 CD/DVDダビング","16386","1","","3","¥ 35,026","","4","B0D7G7HKGL","","25.9","18.2","7.2","900"
"D'Addario ダダリオ エレキギター用バラ弦 フラットワウンド .022 CG022 10本セット 【国内正規品】","18891","3","","73","¥ 9,562","¥ 9,562","1","B00VLXTCO0","B00VPVZW6U","13.4","11.8","3.3","46"
"KC チェロ弓 CEB-90 (ブラジルウッド&エボニー)","37126","1","","2","¥ 12,000","¥ 12,626","3","B000VG4G7G","B07NBCT7ZH","77","5","2.8","159"
"Belcat ベルキャット デジタルドラム・キーボード用アンプ 15W 2ch入力 AUX IN搭載 AP-15DK ブラック","13736","6","","4","¥ 15,556","¥ 15,556","5","B09XMKF7VJ","","37.7","30.5","20.9","5200"
"ALLPARTS (オールパーツ) ハードケース用 交換用 レザーハンドル ブラック CP-9950-023 【国内正規品】","16419","2","","70","¥ 7,000","¥ 7,000","2","B004MN95SY","","17.8","10.2","1.3","68"
"Amazonベーシック 高耐久性キーボード 電子ピアノ スタンド Z字型 ブラック","13741","46","","815","¥ 5,922","¥ 5,922","1","B07PWRJT5R","B09JT1HPW1","73.7","63.5","8.1","6509"
"PLAYTECH (プレイテック) ベースコンポアンプ","16407","3","","","¥ 12,477","","1","B0DCSMH9VX","","35","35","20","5100"
"MAHALO (マハロ) ISLAND SERIES アイランドシリーズ コンサート スモーク ヘイズ ML2 SH","13747","3","","10","¥ 5,535","¥ 5,535","2","B0976Y34V1","","61.1","24.7","9.2","790"
"[ARANJUEZ] アランフェス ウクレレケース テナー CAUK-16T サンドベージュ","18945","5","","2","¥ 31,900","","1","B0FCXRKXM9","B0FDFDVK7W","71.1","34","15.2","1880"
"ヤマハ YAMAHA エレキギター PACIFICA PAC611VFM TBL 純正ソフトケース付属","15064","54","50","53","¥ 65,000","¥ 65,000","9","B00CINBVA0","B076LTL74P","112","50","20","8020"
"Edifier MR5 モニタースピーカー「VGP2025金賞」「家電批評ベストバイ&PCスピーカー部門 Bluetooth6.0 最大110W出力 3WAY ハイレゾ対応 LDAC対応 マルチポイント接続 アンプ内蔵 有線 XLR/TRS/RCA/AUX入力 ブックシェルフ型 スピーカー スタジオ/作曲/音楽/映画鑑賞用 PC/テレビ 黒","13762","1","","116","¥ 39,980","","1","B0H1RJVJ66","B0HCB1F57R","44.1","37.8","36.3","13450"
"アップライト ピアノカバー 直立型 ハーフカバー カバーリング 保護カバー 防塵カバー 厚手 北欧 ヨーロッパ風 おしゃれ 高級 ピアノ 明るい かわいい 癒し系 音符 プリント 白 子供部屋 フリル付き HIMENO","16443","1","","1","¥ 6,869","","1","B07JLWJH77","B07JLSDTC2","31","28.1","6.4","930"
"Roland CY-18DR エレクトリックドラム Acousitc スタイル V-シンバル 18インチ ブラック","13770","35","","10","¥ 141,870","","13","B01LXTDG78","B07N8BN2S6","45.7","45.7","12.7","2427"
"Free The Tone SL-5S-NI-10K ソルダーレスケーブルキット","16435","8","","6","¥ 15,400","","5","B07TB5GPY6","","16.8","12.4","2.2","360"
"Chims パーティーレーザー00舞台装飾投影灯 北極のオーロラRGB星雲銀河星空波状LED ステージ照明プロジェクターシステム/リモコン付き/DJ ディスコ/クラブ ライト/休日祝日のパーティー/レストラン/バー/レクリエーション/カジュアル/音声制御装飾照明カラーランプ（レーザー等級：クラス2）","23711","3","","34","¥ 11,088","","1","B07GLHKY6N","B0DK23NYCP","20.8","13.2","9.2","540"
"PLAY WOOD プレイウッド バスドラム・マレット 大塚敬子モデル BD-30K","16443","4","","3","¥ 7,147","¥ 7,147","1","B00KD2OY4S","","39.8","13.6","7.9","164"
"NIGHT ナイト オカリナ Classic シリーズ SFI ソプラノF調 アイボリー (ケース付属)","16450","3","","13","¥ 6,222","¥ 6,222","5","B08CRNG7TN","","20.3","14.3","6.7","260"
"One Control ワンコントロール Minimal Series Distro MKII Isolated/完全独立型 パワーサプライ","16460","7","","4","¥ 18,700","","1","B0BN1G12D4","","23","12.8","7","870"
"Squier by Fender エレキギター Classic Vibe '60s Mustang®, Laurel Fingerboard, Sonic Blue ソフトケース付き","13799","5","","106","¥ 76,560","¥ 77,778","5","B07N2939RC","B07QBBR4JZ","111.8","38.1","10.2","5058"
"Fender Squier 3/4サイズ キッズ ミニ ストラトキャスター エレキギター - ブラウン サンバースト","13800","2","","20","¥ 62,613","","18","B0B2CRC1TR","B07DCX1YXF","99.7","37.5","9.5","3878"
"CLASSIC PRO (クラシックプロ) バックエレクトレットコンデンサーマイク BOUNDARY LAYER MICROPHONE バスドラム・カホン、ピアノや演劇の収音用としても","16465","1","","","¥ 12,997","","1","B0F285HS4F","","26","13","7","700"
"ジョジョの奇妙な冒険・ストーンオーシャン 320design コラボ 空条徐倫 ギターストラップ JOJO-ST3","16486","2","","1","¥ 5,236","","1","B0BCV5XHXQ","B0BFXJJTR5","24.6","6.5","4.7","170"
"KC ミュージックベル (ハンドベル) 8音 セット MB9500-8K マルチカラー","13808","4","","5","¥ 10,920","¥ 10,920","2","B000VG0SSW","","38.5","18","9.9","1207"
"ヤマハ YAMAHA サーフェスマウントスピーカー ハイインピーダンスモデル ホワイト (ペア) VXS3FTW","16482","2","","","¥ 35,445","","3","B01BF3S8Q8","B01FTTNDS2","35.8","27.4","20","4320"
"Bxzzuisバイオリンケース 4/4 カーボンファイバー スーパーライトバイオリンボックス 三角形状バックパック 防水防雨 機内持ち込み可 楽器アクセサリ バイオリンケース (ブラック)","16491","1","","1","¥ 12,699","","1","B0FB8XG3RD","B0FB8V4LMD","79","26","16","2200"
"MXR M83 BASS CHORUS DLX ベースコーラス 【国内正規品】","13818","5","","152","¥ 38,500","","3","B00ASOTCSY","","13.8","11.3","6.7","322"
"Eastern C 初心者向けピッコロフルート、共鳴音、光沢のあるニッケルメッキキー、ニッケルボディ、精密CNCブローホール機能、クリーニングキット付き、学生向け、演奏用","19078","4","","1","¥ 14,299","","1","B0D5MP7TDP","","32","16","8","551"
"DECKSAVER(デッキセーバー) Pioneer DDJ-1000 対応 耐衝撃カバー DS-PC-DDJ1000","23815","2","","11","¥ 13,200","","1","B07D673787","B01N63GT9L","81","38","3","1030"
"SAMSON (サムソン) 充電式ポータブルPAシステム 75W Expedition Express PLUS","16502","2","","","¥ 39,800","","2","B07XTR661T","","50.8","28.2","20.8","7560"
"Douk Audio Mini ポータブル ステレオ 4チャンネル プロオーディオ ミキサー パッシブ ライブ スタジオ コンソール (XX-MC5)","13841","1","","598","¥ 8,568","","5","B07Y2RYHFF","","12.9","7.9","5.3","140"
"Ulanzi A100 ワイヤレスマイク ピンマイク スマホ外付けマイク 360°集音 ノイズキャンセリング 2人同時使用可能 充電ケース付き 2.4GHz 20m伝送距離 マグネット&クリップ式 13.5時間連続収音 収納充電ケース付き 自動ペアリング APPとBluetooth不要 小型軽量 Vlog撮影 インタビュー 生放送等適用","13847","21","","24","¥ 6,499","","1","B0DFH4BM86","","16","8.8","3.4","220"
"ギターテレキャスターブリッジ、3ウェイスイッチコントロールプレート、ギターネックピックアップセット、プリワイヤードスレッドサドルブリッジプレートロードアルニコVピックアップギター交換部品","13855","2","","5","¥ 15,136","","2","B0BN5BZF69","","18.4","16.5","6","630"
"Gator Cases ゲーター キャリングバッグ シンバル用 ～22""対応 最大6枚収納 ナイロン製 バックパックタイプ Protechtor Lightweight Cymbal Series GP-CYMBAK-22 [ショルダーストラップ付属] 【国内正規品】","19090","3","","41","¥ 18,700","","1","B007BXI7FO","B06XCX1JLV","56.4","53.6","11.4","2790"
"Eonvic DJI画像伝送ハイライトモニター用アダプター電源 12V 3A 6ピン メス 直角(エルボー)","16542","4","","","¥ 7,338","","2","B0D49G3F66","B0D49Y59N1","22.5","17.2","3.9","280"
"Soleil ソレイユ 初心者入門用 フレンチホルン","16532","3","","9","¥ 73,300","","1","B004MPOVDQ","","60","40","28","6000"
"Roland ローランド / GOKEYS3-RD [背負えるキャリング・バッグ ＆ ダンパーペダルセット] (GO:KEYS 3) ダークレッド Digital Keyboard","16531","3","","","¥ 49,800","","1","B0DL9J7PHX","","150","45","22",""
"Roland ローランド DJコントローラー DJ-707M Serato DJ Pro対応 4チャンネルデッキ 2台のPC接続可能","16540","10","","71","¥ 99,711","¥ 109,815","5","B07W2ZJ7RT","","62.8","39.2","13.2","5060"
"Walrus Audio ウォルラスオーディオ Eons Five-State Fuzz ファズ WAL-EONS","13874","2","","35","¥ 42,543","","41","B0BC25SRZM","","14.6","11.4","7.1","405"
"樹脂製 篠笛 樹（いつき） ドレミ調 佃康史 Products (七本調子 赤)","15697","13","","","¥ 9,800","","1","B0GL2MMVJ7","B0GL2XBXFH","55","7","7","200"
"DJコントローラーケース DDJ FLX10 / GRV6 / REV5 / REV7 / 1000 / SC LIVE 4用","13879","8","","23","¥ 16,723","","28","B0G12WRLVW","","44.1","29.1","17.8","2050"
"小出 シンバル・バッグ 20インチ KCB-20","13884","3","","2","¥ 7,222","¥ 7,222","2","B00QK3CMCA","","54.8","54.5","4.4","720"
"MEINL マイネル Classics Custom シリーズ チャイナシンバル 16"" Trash China CC16TRCH-B 【国内正規品】","16555","3","","146","¥ 31,680","¥ 35,232","6","B00B7G2OAU","B0F9L9FGL8","41","41","2.6","940"
"Soundcraft （サウンドクラフト）Notepad-12FX 【 4モノラル＋4ステレオ入力 多彩な機能で幅広い用途に対応 4イン4アウトのUSBオーディオインターフェース Lexicon PRO製エフェクト・プロセッサー 国内正規品 】アナログミキサー","13890","4","","15","¥ 24,200","","2","B07GXWGV4P","B09KNLX2DB","34.4","30.4","8.9","2100"
"並行輸入 米3Dio バイノーラル録音用マイク Free Space Pro Ⅱ","13895","10","","4","¥ 388,000","","1","B06WWG8X8Z","","33.6","17.8","15.9","1018"
"TVT バイオリン 肩当て 対応 人間工学設計 高弾性EVAメモリーフォーム デュアルポジション調整 微調整可能 肩に優しい 長時間練習に最適 (720S【1/2】)","36455","1","","","¥ 6,688","","1","B0H4VB7BPX","B0H4V73TBR","1","1","1","1000"
"Animals Pedal PUSH ＆ PULL DISTORTION ディストーション ギターエフェクター","13896","3","","","¥ 15,400","","3","B09877XX34","","13.2","7.2","6.5","420"
"ドラムスティック・ディスプレイ・スタンド ドラムスティックディスプレイラック、壁掛け式ドラムスティックホルダー、ドラムセットマレットとパーカッションスティック用のドラムスティックコレクションアクセサリー、ドラマーへの理想的なギフト","16596","2","","","¥ 5,567","","1","B0DH4Z86P9","","2.5","2.5","2.5","1000"
"RODE VideoMic GO コンデンサーマイク 003396 [並行輸入品]","13911","2","","75","¥ 14,400","","2","B0163V5WJ8","","23.8","12.4","7.2","220"
"AZDEN アツデン SGM-250CX コンパクトシネママイクロホン XLR接続 ガンマイク 正規品","13920","2","","26","¥ 26,400","","4","B074FVLMJQ","","26.4","9.1","6.9","354"
"CARDO SRAK0032 PACKTALKｵｰﾃﾞｨｵ ﾏｲｸｷｯﾄ","13928","3","","1803","¥ 17,480","","100","B018XC14BK","B0DGWL6LWF","16","14.1","4.5","190"
"WAY HUGE ウェイ・ヒュージ Smalls Pork & Pickle ベース用コンパクトエフェクター オーバードライブ ファズ WM91 ブラック","13930","3","","6","¥ 38,500","","3","B083LCJQ5V","","12.5","7.4","6.2","260"
"Jim Dunlop（ジム ダンロップ）ダイムバッグ ダレル シグネチャーワウペダル DB01B DIME WAH Cry Baby From Hell 【国内正規品】","13932","4","","9","¥ 40,700","","5","B081TY6DLG","","27.6","12.4","8.6","1660"
"D'Addario WoodWinds ダダリオ マウスピース バリトンサックス用 Metalite 7M MLM-7 【国内正規品】","13938","2","","97","¥ 7,043","¥ 7,043","1","B0039RPWJU","","15.5","8.7","3.8","55"
"KCNNプロのデジタルイコライザー 31バンドステレオグラフィックイコライザー LEDグラフィックイコライザー 自動ノイズリダクション 低 中 高音域調整 10種類のプリセットエフェクト プロフェッショナルで効果 扱いやすい レコーディングスタジオ用 (A)","21943","6","","1","¥ 10,822","","1","B0H391QTTK","B0H396HB2Q","48","22","5","2000"
"HEADWAY MUSIC AUDIO EDB-2 VAP 21.5*14*4.9cm(ノブなどの突起物を除く) 国内正規品","13942","4","","","¥ 89,800","","3","B0DHVC9FD2","","27.3","23.7","10.4","1610"
"AriaProII 615-AE200 LRBL Lorelei Blue アリアプロツー テレキャスタータイプ 3PU エレキギター ローレライ ブルー","16630","2","","1","¥ 41,800","","1","B09QPMFY2W","","106","40","14","4000"
"Wilkinson M Series ヴィンテージトーン アルニコ5 スタッガードシングルコイルピックアップセット ホワイト","24403","4","","61","¥ 6,433","","1","B0C5CCDF5X","B0C65FRKCF","11.8","8","6.2","260"
"【MIGHTY BRIGHT】#54940 Encore Music Stand Light(マイティーブライト 譜面台用ライト 小型 軽量 見開き3ページに最適 観客側への光漏れ防止バックフィン付)","16634","1","","153","¥ 6,050","¥ 6,111","2","B005SUYK44","","21.1","20.2","6.4","420"
"KORG Analogue Bass Machine volca bass + KORG ACアダプター KA350 セット","16636","2","","5","¥ 22,000","","4","B00CC6I1EW","","42","21.4","10.8","1228"
"MEINL マイネル Byzance Brilliant シリーズ スプラッシュシンバル 8"" Splash B8S-B 【国内正規品】","16665","2","","13","¥ 27,864","","3","B000VD5UQ0","B0936ZR5P6","21.3","20.2","3.8","165"
"ジレ : オーボエのための上級指導教本 (オーボエ教則本) ルデュック出版","31675","2","","2","¥ 6,089","","1","B000ZG6Y7W","","30.7","23.1","1","281"
"【選べるセットオプション】【ライブ・演奏体験！！】 ROLAND RD-2000EX RD2000EX ローランド 電子ピアノ ステージピアノ ライブ ライブ演奏 (ヘッドホン＆クリーナーセット)","35454","1","","1","¥ 272,000","","1","B0DKJ7C69B","B0DKJ55WJH","141.2","36.7","14","21700"
"ユニペックス マイクロホン（ダイナミックマイクロホン） MD-56","13985","3","","","¥ 12,600","","4","B07WW4DD8Y","","23.5","11","7","850"
"PRS SE CE 24 Turquoise エレキギター ポールリードスミス(Paul Reed Smith)","22032","3","","14","¥ 109,384","","1","B0CJ7ZGN1S","","107.3","53.3","12.1","5987"
"フライトケース付きペダルボード RBO B 2.1 DUO C FLT","13987","5","","1","¥ 15,800","","4","B07BDP3N38","","52.8","46","18.1","3240"
"Ibanez アイバニーズ エレキギター ""Black Mirage Gradation"" SA360NQM-BMG","16657","3","","6","¥ 70,800","","3","B08533HPHK","","102","44","10","4300"
"MUYIYANG 二胡バッグ 二胡ソフトバッグ 二胡 二胡アクセサリー PU ファッション モダン (パープル)","36624","3","","","¥ 12,800","","1","B0BDQFW81W","B0BDQ2M1T9","93","15","15","1100"
"ゼンハイザー(Sennheiser) MD 421 KOMPAKT マイクロホン カーディオイド 【国内正規品】 700587 伝説的なMD 421の性能","16665","7","","19","¥ 47,800","¥ 47,800","9","B0DCLGBBLR","B0H911FD9K","26","12.2","8","370"
"TOA ワイヤレスマイクミキサー WM-1510 ブルー","13997","11","","2","¥ 58,400","¥ 58,400","6","B0009VY09W","","34.4","25.4","7.2","998"
"GALAX ギャラックス フレンチホルン用 ミュートケース","27484","1","","8","¥ 5,000","","1","B00WW106M2","","30.4","18.6","9.4","130"
"Fishman Loudbox Artist 120W 音響楽器アンプ","16697","2","","57","¥ 204,062","","1","B005TPM1NK","B08W8KDK3N","50.5","43.9","39.6","13336"
"J.Michael/CLB-103 B♭クラリネット用ケースカバー","16677","3","","","¥ 5,830","","2","B071CG77Z2","","68","38","31",""
"YAMAHA YAMAHA/エレクトーン エクスプレッションペダル用補助ペダル【ヤマハ】","15790","11","","3","¥ 12,100","","1","B00V4OR0HW","","24","10.5","9","556"
"スヌーピー リードケース アルトサックス（10枚入）ブラック","19301","3","","14","¥ 7,000","","1","B0040QP1HW","","20.5","10.2","2.4","180"
"ART Tube MP U 真空管マイク・プリアンプ","22089","2","","","¥ 22,000","","1","B0H28KPD7P","","23","15","9","700"
"DANELECTRO ダンエレクトロ エフェクター リバースディレイ BACK TALK BAC-1【国内正規品】","16691","2","","62","¥ 24,200","¥ 27,778","7","B083ZKN8LK","","30.7","16","7.8","371"
"GrassRoots G-LPS-MINI CHS エレキギター スピーカー内蔵 グラスルーツ","16692","4","","","¥ 42,380","","4","B016MMC7AU","","95.5","41.8","11.2","4300"
"Live Line ライブライン レザーギターストラップ スタンダードスタイル ステッチ入り LM45CHO チョコレート","19310","1","","5","¥ 5,742","","1","B08YNNXK3P","B0CM6F3RTD","25","6.5","5","500"
"ARTIGIANO&VIOLIN D.ペカットモデル メタルチップ フェルナンブコ チェロ弓 AP-303","16701","1","","","¥ 35,800","","1","B0C89838G1","B0C89DNGPV","76","25","2","200"
"Live Line ライブライン レザーギターストラップ アンティークスタイル LA36CHO チョコレート","6055","4","","4","¥ 5,390","","1","B08YN72985","","24.4","6","5","140"
"UDG U93017SL Ultimateレコードケース80 Vinyl Silver","22093","3","","1","¥ 14,300","","1","B0B9SSVVVR","","42.1","38","33.6","3940"
"PROTEC ML104 トランペット用カップミュート","6057","2","","","¥ 8,800","","1","B07GJBVG4P","","28","28","6","8610"
"SUZUKI スズキ マラカス MAR-103","16714","3","","1","¥ 5,280","¥ 5,280","2","B07G51XNLR","","27.5","12","9.5","440"
"D'Addario ダダリオ マイクケーブル Classic Series Microphone Cable PW-CMIC-50 (15.2m XLR-XLR) 【国内正規品】","14042","2","","442","¥ 8,889","¥ 8,889","2","B0002GML5Y","B07VTDP8Q3","27.2","25.9","5.7","862"
"Otto Linkオットーリンク テナーサクソフォン・マウスピース メタル 5*","16737","1","","127","¥ 42,470","¥ 42,899","16","B0002HLJ1A","B07GB3CG76","12.2","4.6","3.6","160"
"Clairevoire Grandeur: グランドピアノカバー｜プレミアムベルベット (C3 | 187 cm, Cream White)","19367","2","","22","¥ 59,822","","1","B01A48OP2G","B0B1ZZ9M6J","42.2","33.3","8.9","2041"
"Mooer Leveline ボリュームペダル","16734","1","","5","¥ 13,420","","2","B071D6DY96","","10.5","7.3","6.7","500"
"GP-PBL グランドピアノ フルカバー ヤマハ C1X用","16741","2","","3","¥ 11,550","","1","B00OK3CKNI","","43.4","32.3","7.6","1240"
"PLAY WOOD プレイウッド コキリコ KK27B","27708","1","","","¥ 5,356","¥ 5,356","1","B00MWNJOIW","","26.4","10.2","2.8","412"
"【輸入盤】２ｎｄ　Ｗｉｎｄ","16742","2","","22","¥ 5,772","","7","B0000074I1","","14.1","12.6","1.4","80"
"アルトサックス マウスピース メタル 5C スライド式 キャップ付き サックス プロ 初心者向け","6062","3","","2","¥ 6,410","","2","B0G47HYJMJ","","14","5","4","126"
"AZIEBAY 21インチのミニウクレレ初心者用ウクレレ入門用4弦小型ギター子供用早期教育楽器 (レッド)","38347","3","","","¥ 5,588","","1","B0FM82199D","B0FM864GCR","56","22","10","2000"
"K & K Sound (ケー アンド ケー サウンド) Pure Classic クラシック ギター 用 ピックアップ ピュア クラシック","14073","2","","76","¥ 30,061","","41","B000PGQLXO","","17","10.9","5.8","136"
"NIGOE ボンゴ 楽器 7インチと8インチ ドラムセット ハンドドラム 伝統的な木造 ファッション 音楽愛好家に最適 (バッグ付き,7インチ 8インチ レッドストライプ)","38829","2","","","¥ 9,482","","1","B0GCDDSKFY","B0GCF73C7G","41","21.5","18.5","3000"
"Xaphoon ザフーン ABS樹脂性サックス POCKET SAX Black 【国内正規品】","9415","5","","692","¥ 10,325","","1","B0002ODPDI","","38","8","7","230"
"Askifoz音叉チャクラ 10 ピースセット アルミニウム合金振動フォーク、サウンドヒーリング セラピーツール サウンドセラピーツール、コード化された音叉さまざまな練習、瞑想、ヨガなどに適しています 祭贈り物 (ゴールデン)","32186","2","","","¥ 11,966","","1","B0GSPZKDX2","B0GSQ3L7SR","27","27","7","1500"
"EarthQuaker Devices/Plumes Black Sparkle オーバードライブ","19399","1","","","¥ 26,400","","1","B0DJG9SHCL","","47","35","25",""
"Yamaha Clavinova シリーズ用｜Clairevoireデジタルピアノダストカバー｜防水｜ 高級ベルベットで手作り (143cm) CSP275 CSP255 CSP170 CSP150","19404","2","","35","¥ 25,900","","1","B07T8TJY3J","B0773N94T7","38.4","29.6","6","1160"
"Neumann PS 20 a Pop Screen","16791","1","","7","¥ 29,276","","25","B00EGINXLK","","33.2","24","6.5","487"
"UDG Ultimate DIGI Backpack Black/Orange Inside バックパック リュック","14101","3","","112","¥ 27,500","","2","B005N923L2","","47","38","22","1900"
"ウクレレケース、1200Dポリエステルスムースクロージングウクレレバックパック、男性用女性用ストラップ付き(23/24インチグレー)","16781","2","","","¥ 6,658","","2","B09TJQM6PB","","72","29","11","1550"
"Fockety 4弦ベースブリッジ、調整可能な弦間隔ブリッジ、事前スロットデザイン、5穴ベース弦プレート、17.5-20mm調整可能なブラスサドル付き、エレクトリックベースギタージャズ用","16810","2","","","¥ 6,198","","2","B0FYZKGSB2","","11","10","2","278"
"[LINKUP] Cat8 イーサネット パッチケーブルS/FTP 4ペア 22AWG スクリーン単線ケーブル | 2000MHz (2GHz) 最大40Gbps |将来の第5世代イーサネット LANネットワーク 40G構造ワイヤー- 7M イエロー","19434","1","","","¥ 14,396","","1","B087CB31L8","B0C3J5Q94K","27.1","24.2","4.9","580"
"アルプス/日本製アップライトピアノハーフカバー(ジャガードタイプ)H-FL/M-L兼用サイズ　ライトグレー系レザー風エンボス加工","16811","2","","1","¥ 16,551","¥ 16,551","1","B0C1MC7SGQ","","45","33","10","2000"
"マイクスタンド、高耐久の調整可能な金属製マイクフロアスタンド、歌/ライブブロードキャスト/ステージに最適、加重円形ベース付き、マイクスタンドブーム (Color : B)","39324","2","","","¥ 9,348","","1","B0CSSVPHQM","B0CSSSRN5Q","3","2","1","2200"
"チベット シンギングボウル ネパールで 手作り シンギン グボール 歌うボウル 宗教 仏教鉢 木槌付き お祈り ヨガ 瞑想 浄化ボウル 癒し リラックス ストレス解消 ネパール仏碗 銅色 修行鉢 (20cm)","16820","2","","","¥ 11,999","","1","B0GK8WLWT7","B0GK8DCZH5","1","1","1","1000"
"Marmaduke マーマデューク テナーサックス用メタルマウスピース スーパーチャンバーII 7☆","14116","1","","3","¥ 29,069","¥ 29,069","1","B076J78RB2","B07P3KYKSL","13.4","5.3","4.8","120"
"MEINL Percussion マイネル ディジュリドゥスタンド Professional Didgeridoo Stand TMDDGS 【国内正規品】","22219","1","","28","¥ 13,001","¥ 13,001","1","B08V5LPCMH","","82.4","53.2","9.6","3300"
"DPA Microphones STC4099 サックス/トランペット用クリップ【国内正規品】","16807","1","","2","¥ 6,380","","2","B06XHBQ597","","13.4","11.9","2.8","50"
"AUDIX オーディックス D2Trio タム コンガ ドラム ブラス 楽器録音用ダイナミックマイクセット 3本セット ドラムリム固定用マウント付属 超単一指向 ブラック","14122","1","","27","¥ 63,580","","9","B0124MQSIE","","24.4","14.7","9.9","1070"
"ORTEGA オルテガ ウクレレ CUSTOM BUILT Series オールマホガニー単板 コンサート ECLIPSE-CC4 【国内正規品】","19460","1","","3","¥ 66,941","¥ 66,941","1","B01MS8TMEU","B07DFPTQ8B","77.2","32.3","16","2177"
"コンボクサス エレキギター ボディ 未完成 ブランク 木製 桐材 ギターボディ 交換 DIY パーツ 背面 大穴 1.1kg","39388","4","","4","¥ 7,966","","1","B0GMZBPG8W","B0GN3J25LP","45.7","35.6","7.4","2000"
"カスタムギターピックガード Fits OM 18V Acoustic Guitar Crystal Self Adhesive Pickguard (ホワイトパール)","16817","1","","5","¥ 5,515","","1","B09PTHWPS1","B09PTH3L6Z","22","18","1",""
"Electro-Harmonix KEY9 electric piano machine エレピサウンド エフェクター [並行輸入品]","16836","1","","1","¥ 37,300","","1","B01MD19N4X","","18.4","15.5","8.2","710"
"二胡 Erhu 手彫り 民族楽器 マホガニー 胡琴 二胡楽器 ケース付き ボウ付き アクセサリー付き 擦り弦楽器 2弦楽器 大人 子供 初心者 セット","30371","2","","","¥ 10,797","","1","B0CLY4JP3D","","3","2","1","500"
"Reunion Blues (リユニオンブルース) RBXPB1814 ペダルボード/ギアケース 18"" x 14""","16823","1","","3","¥ 17,681","¥ 18,700","4","B07SKMJ94V","","54","49","16.5","3130"
"ピアノマット 電子ピアノ 防音 防振 対策 マット カーペット、80x160cm、100x100cm、120x160cm、160x180cm、振動吸収マット 滑り止め カーペット、チェアマット 専用マット 床保護、電子ピアノ用マット、スクエアラグ 電子ドラム 防音絨毯(ライトグレー,80x160cm)","10593","1","","1","¥ 5,319","","1","B0DSVVBGXN","B0DSVVSZ9X","2.5","2.5","2.5","2000"
"TAYTHI電子サックス 電子楽器 電子管楽器 教師 大人 初心者向け 自宅練習用 (グレー)","39947","2","","","¥ 14,599","","1","B0H14PTG8V","B0H14M796Q","44","15","5","480"
"Snsowed タイプCインターフェイス・オーディオ・テルミン楽器モジュール・ヴィンテージ電子奇抜な楽器 多声ボイス調整可能 カラースクリーンディスプレイ搭載","16830","2","","","¥ 5,679","","1","B0FQGK1GFL","","20","11","3","205"
"K&M 折りたたみ式譜面台 【100/3】 カラー:ホワイト","16821","2","","279","¥ 7,810","","3","B0002F6JKI","B075GF3DPR","50.8","9.4","6.9","1361"
"Cable Matters 4チャンネル XLR オス-メス スネークケーブル 6フィート","19487","3","","123","¥ 6,099","","1","B0CYXB44PL","B0DBYTTCX5","23.1","17.6","3.7","358"
"GRAVITY STANDS MS T 01 B MS T 01 B - 卓上マイクスタンド","14147","7","","296","¥ 8,740","","9","B078CR3FPW","","16.2","16.2","4.4","1330"
"OM SYSTEM オリンパス TP-8 電話ピックアップマイク","14148","2","","53","¥ 6,639","","6","B0CXFZZ9N8","","15.1","6.1","1.9","35"
"MEINL Percussion マイネル カバサ Cabasa Fiberglass CA7BR 【国内正規品】","16837","2","","14","¥ 9,980","¥ 12,278","3","B07NDZLGCT","","24.4","16.8","16.8","600"
"PreSonus StudioLive AR8c USB オールインワン・ハイブリッド・ミキサー 8ch","16842","1","","2","¥ 62,810","","1","B084RLZT4M","","48","46","19.8","4660"
"Roland ローランド/TR-08 Boutique【オプションセット！】Rhythm Composer","14153","1","","","¥ 60,500","","2","B0BKW2464D","","48","31","18",""
"Roland/TD-07KV 純正スターターパック（DAP-3X）","16849","3","","","¥ 149,600","","1","B08TBX913G","","92.2","55.5","47",""
"Fender USA Mexico Tex-Mex Single Coil pickup set フェンダー メキシコ テキサス ギター ピックアップ セット ストラトキャスター用(ネック ミドル ブリッジ セット) 『並行輸入品』","14159","1","","20","¥ 17,600","","1","B0078N0QKG","","13.1","12.2","3.9","304"
"ROBAUN 0.29M-15M バランス 4ピン XLR オス - 4ピン XLR メス カラフルコネクタ延長ケーブル、ヘッドホンオーディオ延長ケーブル(BK-BK,2.9M)","30473","1","","","¥ 6,458","","1","B0F92RPRPY","B0F92Q8Z4X","2.5","2.5","2.5","50"
"UDG Creator Denon DJ SC Live 4 ハードケース ブラック","16873","1","","37","¥ 22,000","","1","B0BSLV36L4","","78","47","13","4130"
"Scifimp車載デジタル電波時計 ソーラー駆動 温度・日付・曜日表示 USB充電対応 自動明るさ調整 夜光表示 高精度モニター 設置簡単 ドライブや通勤に最適 多機能カーアクセサリー（具体的な製品寸法については寸法図をご参照ください。） (グリーン)","32524","1","","1","¥ 5,152","","1","B0GSFNMP5F","B0GSFPHC8H","1","1","1","1000"
"6弦ギター用 モズライトスタイル ローラーブリッジ MTB606 クローム 汎用アコースティックギターブリッジ","16867","3","","","¥ 5,008","","5","B0H1C5L31R","","18","15","6","213"
"【Famous】国産 ソプラノウクレレ ハイブリッドシリーズ FS-210 ケース付 (トップ単板 フェイマス マホガニー材 定番 簡単 やさしい 初心者 入門)","16869","1","","2","¥ 46,640","","1","B07YSQH4J3","","61.7","26.1","13.7","970"
"EVANS エヴァンス ドラムヘッド マーチングスネア System Blue Snare SB14MSB 14インチ 【国内正規品】","19534","1","","52","¥ 11,301","¥ 11,301","1","B071J51Y2B","B075XNXR9X","38.4","36.3","2.3","408"
"Roland/CY-8 シンバルパッド シンバルマウントMDY-Standardセット","16881","1","","1","¥ 27,500","","1","B08217PTB1","","51","46","40","10000"
"JodyJazz (ジョディジャズ) サックスマウスピース HR* Soprano 7","16885","1","","36","¥ 40,700","","90","B002I2WX6C","B06XKZ16RR","13.1","4.4","3.9","32"
"小柳出電気商会 AVケーブル TUNAMI TERZO XX V2 [1.3m]","14198","1","","3","¥ 43,560","","4","B00OCDMGJO","","26.4","22.4","4","720"
"YAMAHA ヤマハ チューバ用マウスピース BB-SELF-ST","16888","3","","","¥ 20,771","","2","B00IUCLQPS","","11","5.7","5.7","274"
"JHS Pedals ジェイエイチエスペダルズ エフェクター ABボックス Active A/B/Y 【国内正規品】","14213","1","","35","¥ 24,530","¥ 24,739","7","B07MZCQNF8","","14.6","8.7","8.3","320"
"Magma 軽量CTRLケース AlphaTheta CDJ-3000X、Euphonia、Pioneer DJ CDJ-3000、CDJ-2000 NXS2、DJM-900、Xoneなどに対応;日常保護のための成形ハードシェルトラベルケース","16937","1","","","¥ 18,700","","2","B0FST2N6D2","","57.2","47.8","17.3","2522"
"YAMAHA / DTX452KS 電子ドラム ヤマハ純正ヘッドホンとスティックとマットセット","19586","1","","2","¥ 91,850","","1","B07XGJ36PH","","100","77","36",""
"Way Huge (ウェイ ヒュージ) WM28 Overrated Spesial Over Drive スモールズ オーバーレイティッド スペシャル","14236","2","","4","¥ 29,800","","5","B07JC9RB49","","12.4","7.6","6.2","260"
"Starshine ピアノカバー アップライト 防塵・全面保護 ヨーロッパ風お洒落レース縁取り フルカバー 遮光 汚れ防止 厚い 無地 標準直立型対応 (イエロー,ピアノカバー 150×37×120c'm)","14236","1","","","¥ 6,500","","1","B0FNMWFQ4K","B0FNMSQH7D","50","50","50","1200"
"[Magma] Magma CTRL XXL MK II (FLX-6、SC 4など) マグマ Ctrl ケース Xxl Plus Mk Ii (Flx-6, Sc Live 4 Etc) ブラック///ホワイト","14237","3","","21","¥ 17,600","","28","B0BRBSHRS7","","72","43","8","1950"
"Xiraivke木製 譜面台 楽譜スタンド 譜面立て 折りたたみ可能な高さ 伸縮可能 デスクトップポータブル木製スペクトルテーブル 軽量 三脚ベース 楽器演奏用 (原木色)","34259","1","","","","","","B0GF1L2ZFB","B0GF1Z24GZ","21","11","9","1000"
"ONKODO 19364 電源ケーブル (アセンブリ商品:ME2591-4781) (2m)","24250","6","","9","¥ 11,600","","1","B0CQKXP27C","B0CQL2VWFY","28","22","3","1000"
"バグパイプの教本とワーノック製プラクティスチャンターのセット、リード付き（2本）","14244","2","","","¥ 31,246","","154","B07FR4CF4N","","29.3","26.5","3.3","410"
"ヴァイオリン用交換 パーツ 1セット4/4バイオリンナチュラルボックスウッドフィッティング、テールピース+チューニングペグ+エンドピン+チンレスト","28184","0","","","¥ 10,483","","1","B09V9QQP7G","","18","12","6",""
"MXR エフェクター CLONE LOOPER M303 [並行輸入品]","16948","1","","","¥ 23,300","","2","B081STWM1S","","17.7","12.6","7.1","430"
"Tony Dixon DXTRADN Whistle soprano en nickel en Ré Argenté","19609","1","","1","¥ 5,308","","1","B001KZTSB6","","31.2","2.4","2.4","60"
"Yibuy 55mm長さケーブルブラックプラスチック＆メタルA-TURマイクイコライザーピエゾ・ピックアップ調整アコースティックギター用修理部品","19614","1","","66","¥ 10,473","","1","B074PQY96L","","14.2","8.6","3.6","120"
"Orange/King Comp コンプレッサー","14268","1","","","¥ 20,029","","6","B0FW76C6V2","","25.3","18.1","7","720"
"カラーガードフラッグ 36 x 54インチ 曲線 長方形 礼拝旗 練習用 パフォーマンスダンス用 ソリッドカラーフラッグ 破れにくいポリシルク付き タブ2個 (ホワイト)","19625","1","","68","¥ 5,512","","1","B0CNSVMJQ7","B0CR73FJLZ","24.3","19.8","1.9","100"
"ゴールデン 斜紋 カーボン弓 バイオリン用 Carbon Violin Bow 金属感と甘美な音 MELLOR P5","14273","1","","","¥ 10,995","","1","B07B4QSP67","","76","4","4","100"
"ジブラルタルGI801422シングルトラクションペダル、ベルト","14281","0","","25","¥ 6,980","","8","B00HX9EYJO","","34.3","16","10.7","1310"
"MXR M222 TALK BOX エフェクトペダル ボイスボックス ギター、キーボード、その他の楽器用 トーンバード 2ケーブル 2-パッチケーブル クロマチックチューナー ダンロッププラッシュクロス/ポリッシュバンドル","14300","2","","57","¥ 49,624","","40","B0CCC3LFZ9","","26.3","24.3","12.7","2771"
"Aston Microphones/Aston Element Bundle (AST-ELEMENTBUN) ダイナミックマイクショックマウントバンドルセット","14301","1","","1","¥ 15,459","","17","B08CY6ZXFB","","39","24.5","8.4","1188"
"【国内正規品】 GROVER グローバー ギターペグ 6インライン Gold ゴールド 133G6 6個セット","14303","1","","","¥ 12,980","","2","B08R8F8D5L","B0HCMD6DT6","23.4","19.8","4.1","210"
"HQRP ACアダプター BOSS BRC-120 BRC-120T A41408DC GT-3、DR-770 DR-880 SP-505、JS-5 Jam Station、GT-8、GS-10、VF-1、GX-700 ギターエフェクトプロセッサ、電源コード変圧器に対応","14310","0","","11","¥ 6,306","","1","B0CJ2T57VM","","15.9","9.5","6.4","621"
"Martin D-28 サテン アコースティックギター - アンバーバースト","14311","0","","","¥ 372,157","¥ 372,157","2","B0CMFXQ9CV","","119.4","61.6","35.6","13400"
"Seymour Duncan SL59-1b Little'59 White セイモア ダンカン シングルサイズ ハムバッカー ギター ピックアップ ブリッジ ポジション用 ホワイト　◆輸入品◆","22507","1","","2","¥ 15,800","","1","B006A5BNAU","","10.4","7.2","3.9","156"
"Denis Wick DW5880-2AL SP マウスピースバストロンボーン (デニスウィック)","14319","0","","3","¥ 29,664","","47","B000GGO8NI","","11.5","5.2","4.7","158"
"Batking 26インチ オールブラックウッド テナー アコースティックエレクトリックウクレレ トラスロッド付き EQ付き ギグバッグ ストラップ ナイロンストリング 電動チューナー ピック シェーカー","25293","1","","28","¥ 16,999","","1","B0B42NZK3C","","70.6","30.8","11.1","1570"
"ON STAGE パーソナル・カラオケ PK-72(S)","14322","0","","1","¥ 22,000","","2","B005UL1L0M","","33.5","20.6","15.2","1574"
"C.C.シャイニーケースII クラリネット用 サテンシルバーラッチ&グレーモール仕様 CC2-CLA-PPK/G パステルピンク [ショルダーストラップ付属]","25344","1","","","¥ 24,200","","1","B0D982JCDD","B0FK24FW1B","50","20","20","1400"
"CANARE カナレ 4S6 バナナプラグ付 カラー選択可 スピーカーケーブル 2本セット (1.5m, 黒)","41014","1","","2","¥ 7,700","","1","B07QCRJ7VR","B07QFTBPL7","24","14","1","46"
"Brfveob フルサイズのバイオリンセット、無垢材のエレクトリックサイレントバイオリン、顎当て、黒檀のアクセサリー、ハードケース、予備弦、オーディオケーブル、ロジン、弓、初心者向け (ブラック)","14349","0","","","¥ 12,600","","1","B0G5P49ZRL","B0G5P17TMV","58.5","21.5","3.8","1000"
"Conrad Götz、ZK-700G、「YSAŸE/イザイ」バイオリン用あご当て 4/4、エボニー","17043","0","","","¥ 14,726","","35","B0GHZV93HN","","8.5","5.5","2","45"
"Pidwaok USB - 2.5mm オーディオジャック RS485ケーブル 1.8m Brooks MFC 流量計 PC 通信用","14352","0","","","¥ 6,209","","1","B0GJ6NHRJS","","10.2","5.1","5.1","100"
"ヤマハ 61キーアレンジャーキーボード プレミアムサウンド、ライブコントロールノブ、付属コンテンツ PSRSX920","14353","1","","54","¥ 656,958","","5","B0D94QQ7XP","B0H8ZXBLLG","115.6","51.4","25.4","15581"
"ORCAS OUHC-TW2 ウクレレ用ハードケース","25376","1","","","¥ 12,727","¥ 12,727","1","B017NKRG2O","","70","40","10","2000"
"ZBLZGP 薄型XLR NEUTRIK 3ピンXLRオス-3ピンXLRメスオーディオラインケーブル Sound Devices 664 688マイクアダプタ用 (ブルー)","19752","0","","","¥ 6,898","","1","B0CM659FKX","B0CM6DRGSP","7.6","5.1","5.1","91"
"Paiste (パイステ) 900 SP10 Ave Mujica コラボレーションスプラッシュシンバル（スペシャルバック付属）","14391","0","","","¥ 22,000","","1","B0H5QDFGNZ","","40","30","1","500"
"XXAこの14インチ片面マーチングドラムにはショルダーストラップが付属しており、マーチングバンドやスネアドラムに最適です。スポーツイベント、チアリーディング、音楽レッスン、コンサート、自宅でのリズム練習にも理想的です。調整レンチとドラムスティックが付属しているので、すぐに使い始めることができます (14インチ,レッド)","14422","0","","","¥ 16,680","","1","B0HC6T4K1W","B0HC6MJNB7","40","40","27","2500"
"VBESTLIFE LED サウンド制御音楽スペクトラム表示","14428","0","","","¥ 5,632","","1","B0HCZM49CL","","15","9.5","4","155"
"TOMBO 複音ハーモニカ Gm調 トンボバンド 21穴 3121","15738","9","","22","¥ 5,060","¥ 5,060","7","B0014DA7FU","B019W1UNOK","17","4.6","3.3","160"
"SORAN Go Rig IV エレキギター マルチエフェクト ストンプボックス ノイズゲート ドライブ アンプ&キャブ Mod&Delay and Reverb","14443","0","","1","¥ 14,800","","1","B0H69XYRNK","","31.5","12","7.9","939"
"SUZUKI スズキ 忍SHINOBIX クロマチックハーモニカ ユーザーズセット (サイレンサー/上下ハーモニカカバー/カバー留めネジ/セミハードケース) SNB-48CVS ※ハーモニカの本体なし","14460","28","","29","¥ 8,342","¥ 8,687","7","B07TVRSRKY","B07VF893R5","21","11","6.2","220"
"ピックアップセット アルニコ シングルコイル ピックアップ ブリッジ/ミドル/ネック ST 7 弦エレキギター用(Neck pickup)","25529","0","","","¥ 5,205","","1","B0D3H37QSB","B0D69XH1RZ","15","10","10","200"
"ヤマハ YAMAHA FG800 NT アコースティックギター","2362","27","","46","¥ 32,890","","3","B07WR49PNG","","107.4","51.6","15.6","2920"
"ヤマハ YAMAHA 管楽器お手入れセット チューバ(ロータリー)用 KOSBBR6 日々の手入れに必須のアイテムをセット 初めて管楽器を演奏する時、新しく楽器を購入する時などに大変便利","14486","52","","5","¥ 5,202","¥ 5,838","5","B0F42KMJ7Q","","20.7","18.7","5.1","210"
"TC Electronic アナログディストーションペダル FANGS METAL DISTORTION","14489","7","","283","¥ 5,380","¥ 7,778","6","B01MSOB2LE","","17.5","9.5","6.9","630"
"オーディオテクニカ ATH-M70x プロフェッショナル モニターヘッドホン 有線 DTM レコーディング ミックス マスタリング 宅録 【国内正規品】","14492","49","","806","¥ 44,000","¥ 44,000","17","B00SC80YLM","B0B1LHYY2Y","34.2","30.1","10.8","1007"
"Kilburn II Bluetoothスピーカーバッテリー交換用7500mAh用","19852","0","","","¥ 6,568","","1","B0H62YNLW1","","10","10","4",""
"Emidor 電子キーボードや古筝などのシンセサイザーに対応した多層式キーボードスタンド。3段収納可能。軽量で持ち運びやすく、家庭用・業務用どちらにも適しています。 (1m)","22708","0","","","¥ 24,799","","1","B0H2LHCLVQ","B0H2KSLJWR","1","1","1","1000"
"キクタニ (Kikutani) 19インチ ラックマウント スライドメッシュトレー 1U ブラック STR-268","14503","24","","10","¥ 6,600","¥ 6,607","3","B07CXGG397","","51.9","38","5.8","2410"
"Douk Audio U2 PRO USB デジタルインターフェース XMOS XU316搭載 光/同軸/I2S出力 DSD512対応 オシレーター交換可能 UAC1.0/2.0切替 PC/スマホ/PS5/Switch対応 コンパクト設計","14506","55","","91","¥ 10,189","","2","B0FF9MHZCQ","","19.3","15.8","7.2","400"
"KORG 電子ピアノ B1/B2/B2N/XE20 専用スタンド STB1-BK ブラック","14508","31","","364","¥ 8,333","¥ 8,333","4","B018WWBAW4","B01HM4JY9O","142.5","41.6","10.5","9900"
"Soundbrenner Pulse ウェアラブルメトロノーム 装着体感型 Bluetooth","14512","40","","1183","¥ 20,600","","4","B01AQNIOO4","B07VDKLBKZ","20.8","8.5","6.9","281"
"【電子ピアノスタンドセット】Longeye ロンアイ 電子ピアノ 88鍵盤 スタンド付き Slim 持ち運び 超小型 10mmストローク バッテリ内蔵 長時間利用可能 練習にピッタリ ケース付き ペダル付き MIDI対応 譜面台 鍵盤シール イヤホン (白セット)","14522","35","","434","¥ 18,796","","1","B0BRX8B2KP","B0BRX8TKBD","135.9","38.7","15.2","10229"
"パナソニック 800 MHz帯PLLタイピン形ワイヤレスマイクロホン WX-4300B","14527","66","","63","¥ 36,000","","4","B00080OK1C","","21.6","17.7","6.2","320"
"【正規輸入品】 G7TH NEWPORT CAPO 6弦フォーク用 BLACK(ブラック) カポタスト","14957","28","","597","¥ 5,060","","1","B00KVOJ3AI","B07MZ72WLK","16.7","11","1.7","80"
"Riuuyyi リウイーイ琴・箏用スタンド折りたたみ式立奏台上質な素材演奏・練習兼用 (ローズウッド)","15460","27","","1","¥ 5,012","","2","B0FXRKF4XL","B0FXRNC5PH","60","37","35","3000"
"Limetone Audio/LimetoneBASE ライムトーンオーディオ","14539","23","","9","¥ 21,780","","4","B087T6XSMV","","21","15","6","420"
"RODE Microphones ロードマイクロフォンズ PodMic ポッドキャスト向けダイナミックマイク PODMIC","14548","54","","7042","¥ 18,000","¥ 18,000","33","B07MSCRCVK","","28.1","20.9","15.2","1220"
"RayNeo Air 4 pro ARメガネ用サウンドチューブ - RayNeo公式アクセサリー","15493","7","","145","¥ 5,321","","1","B0GFCYX8PV","","6.9","6","2.9","20"
"EVANS エヴァンス バスドラムヘッド 12"" dB One ShockWeaveメッシュ素材 1-ply TT12DB1 【国内正規品】","16183","6","","100","¥ 7,170","¥ 7,170","1","B09TQ4RWRB","B0G1XR78BQ","32.2","32","2.4","220"
"JUKI ジューキ T470/T480/E60/HZL-010系/HZL-008系/HZL-009系/HZL-7900/HZL-7800/HZL-2100/AT7000/AT8000系等用「フットコントローラー」","14558","19","","92","¥ 5,500","","3","B00A15G50S","","17.9","15.9","9.5","340"
"Benore アコースティックギター アコギ初心者用40/41インチ アコースティックギター メイプルトップ カッタウェイギター 入門練習 絶妙なラタンパターン (41インチ,ブラック)","6992","0","","","¥ 16,632","","1","B0H7HXNHVJ","B0H7J1VLRR","106","48","14","4000"
"Pearl パール プラクティス・ラバーパッドセット RPS-50S","16191","12","","1","¥ 12,768","","2","B01N7NNOCY","B0CXQ136B9","43.8","43","6.6","3450"
"Bullfighter ソリッドウッド・エレキギター — 独特な「水面波紋」フィニッシュ — HHピックアップ搭載 — 父の日・誕生日ギフトに最適（STスタイル・ボディ／大人・初心者・ロック演奏・プロのライブ活動まで幅広く対応）— モデル：D170","16257","12","","4","¥ 22,999","","1","B0DWXLWPRT","B0H1HH47WT","105","40","9","5000"
"Pearl パール DEMON XR ドラムペダル シングル P-3500D","14587","31","","11","¥ 41,140","","7","B0C9GLPVZ3","B0CMT45DTC","41","33","23","4700"
"KORG(コルグ) 電子ピアノ B2+ 88鍵盤/初心者/USB-Type C対応 ホワイト B2+ WH","14588","29","","8","¥ 54,444","¥ 54,444","4","B0FDQ69SF4","B0FMRBNWSH","145","43.5","19.5","15000"
"イトマサ ピアノベンチ 黒 木材足台","15480","30","","21","¥ 12,049","","3","B07X3S7JWD","","45.6","23","5.9","3220"
"XNHUIY 電子ピアノ 88鍵盤 木製ボディ スタンド付き MIDI対応 ペダル付き 電子キーボード 日本語表記 初心者 子供 自宅練習用 ナチュラル","14593","39","","11","¥ 19,880","","1","B0GKM44M4C","B0GZP3GVWR","133","42","13","13000"
"Atomos Ninja RAW 5.2インチ 外部モニターレコーダー 1500nit HDR 6K RAW収録 CFexpressType B対応","14595","38","","7","¥ 117,040","","4","B0GPXM5NFZ","","19.5","13","7.8","670"
"ハーマン トロンボーン・ミュート ワウワウ アルミ","16346","7","","20","¥ 17,687","¥ 17,687","35","B004C6AAQ2","","22.8","17.4","17.1","400"
"YAMAHA AG03MK2 Mezclador de transmisión en vivo de 3 canales, interfaz USBpara iOS/Mac/PC, Blanco, AG03MK2 W","14605","58","","154","¥ 33,980","","42","B09VTM9Z6S","B0CGW1X4PS","23.5","20.6","11.5","1152"
"BOSS SD-1W (J) SUPER OVER DRIVE WAZA CRAFTシリーズ オーバードライブ","14613","35","","29","¥ 21,000","","12","B07B3RRGKP","","15.2","9.6","6.8","560"
"MXR M102 DYNA COMP","14979","68","","116","¥ 15,160","","35","B00280QYVY","","14.3","11.5","6.8","490"
"YAMAHA NP-15B キーボード 61鍵盤 ヤマハ (BK ヘッドホンセット)","14621","31","","1","¥ 28,500","","1","B0C7TSWSJZ","B0G2KZB7KM","105.2","26","10.4","5200"
"D'Addario WoodWinds ダダリオ リード テナーサックス用 RICO RKA0130-B25 [硬さ:3.0] 25枚入り(個別包装) 【国内正規品】","14623","25","","","¥ 12,375","¥ 12,375","2","B07PWY6LKW","B09HBP3F4Q","13.4","12.6","8.2","150"
"ニューモデル！ ブルークリスタルヴィンゴボウを備えた高度なカーボンファイバーバイオリンボウ黒髪のユニークなデザイン","15628","29","","140","¥ 7,995","","3","B08Q3CTHFB","B09P9NHXK9","76.5","4.8","4.3","476"
"Pedaltrain Classic JR SC [国内正規品] (PT-CLJ エフェクター用ペダルボード&ソフトケース付属モデル)","15729","26","","391","¥ 18,150","","5","B00XDUNJKW","","54","40.6","14","3901"
"German Model Carbon Fiber Upright Double Bass Bow 1/4 Size VINGOBOW 100BG 70cm for Advanced Player Strong and Durable Ebony Frog Natural Horse Hair Warm and Powerful Tone","19929","6","","16","¥ 13,995","","1","B08LVQJXFY","B08LGYTRG4","77.5","12.7","3.2","159"
"Fender/Deluxe Wooden Hanging Stand フェンダー [ギタースタンド]","16494","15","","7","¥ 19,800","","7","B0CT41ZJ4P","","115.6","48.3","12.7","3719"
"HERCULES バリトンサックス+アルト/テナー スタンド DS536B","14628","28","","235","¥ 8,116","¥ 8,116","5","B000EEL58I","","50.5","20.3","19.8","2926"
"2.4GHzデジタルワイヤレスコンパクトスピーカー（最大60W）【業務用】（ワイヤレスチューナー2波内蔵、リチウムイオンバッテリー内臓）【防災用としてもご利用可能】【おかげさまで1,500台の販売実績】 (マイクなし本体)","17991","13","","","¥ 58,600","","1","B07FDYRF6D","B07FSR2KZW","39.8","28.5","26.3","4270"
"HOTONE PULZE CONTROL ワイヤレス MIDI コントローラー","16603","9","","","¥ 10,450","","4","B0FGQBTXRC","","12","12","3.5","600"
"TC電子預言者デジタル遅延","15987","24","","63","¥ 13,833","","2","B06XGSLJMW","B074MHVVFC","17.3","9.7","6.9","635"
"D'Addario WoodWinds ダダリオ リード バリトンサックス用 RICO RLA2525 [硬さ:2.5] 25枚入り 【国内正規品】","16961","14","","87","¥ 15,152","¥ 15,152","4","B0002F59QS","B09HBTRJJF","17.8","10.1","2.8","125"
"JOYO ギター/ベース用 ワイヤレスシステム JW-03","14648","36","","83","¥ 6,964","¥ 6,964","4","B09FG8HYWJ","","16.8","11.3","4.7","159"
"FLEOR Alnico5 ギター ハムバッカーピックアップ 4線式 ネック+ブリッジ ピックアップセット ゴールデンフィット LPスタイル ギターピックアップパーツ","14652","31","","38","¥ 5,369","","2","B0CKT6BQDQ","B0BFDZC3VX","25.4","23","2.7","230"
"BLACKSTAR Blackstar ブラックスター コンパクト ベースアンプ FLY3 BASS 自宅練習に最適 ポータブル スピーカー バッテリー 電池駆動","14655","37","","553","¥ 8,913","¥ 8,913","6","B01C8PSVUU","B07DC9Q8FS","32.4","15.9","11.8","1050"
"Teenage Engineering EP-40 riddim supertone サンプラー・グルーヴボックス ビートメイク","14658","42","","32","¥ 49,500","","3","B0FXXQ88PV","","25.8","25.7","2.9","730"
"BOSS　ボス　 Effects Switching System　スイッチャー　ES-8","16703","18","","41","¥ 99,000","","3","B00XN3GE7O","","53.3","23.4","16","3289"
"Thalia Capos Electric Blue Angel Wing カポタスト Exotic Shellシリーズ タリアカポ","16751","9","","1","¥ 13,200","","2","B0DY1CK1XF","B0DYZNVTQ6","8.9","8.9","4.1","180"
"S.Yairi ヤイリ アコースティックギター 初心者セット ドレッドノートタイプ チェリーサンバースト YD-04/CS スタンダードセット","18127","4","","3","¥ 22,161","¥ 22,161","1","B09SG7QBFV","B09X7KZYT8","106","52","15","5000"
"Fender/Acoustasonic Standard Jazzmaster Black フェンダー","16857","18","","6","¥ 76,740","","8","B0DQ1Z8BQ3","","120","45.7","17.8","7144"
"ノナカ Nonaka バスクラリネット用リードケース サンリオデザイン 「I'm Doraemon(アイムドラえもん)」 5枚収納","14678","37","","5","¥ 5,600","","2","B07JZ69DLV","B07JZ2WG26","13.8","11.8","2.2","420"
"【ミニスピーカースタンド+マイクセット付】 YAMAHA Bluetooth対応PAシステム STAGEPAS400BT","16146","14","","9","¥ 96,800","","1","B07P2KCK9K","","76","61","42",""
"Roland ローランド/KC-200 キーボードアンプ","5978","12","","23","¥ 49,500","","8","B076HL4FBC","","55","52.3","37.4","18700"
"IK Multimedia iRig Stream 2チャンネル録画&ライブストリーミングオーディオインターフェイス。iPhone、iPad、Android、Mac/PC用。","14687","21","","2017","¥ 23,868","","7","B07Z6GWZPV","B0DGPX854P","16.3","16","5.4","240"
"sE Electronics DM2 T.N.T マイクプリアンプ 【ゲイン・インピーダンス切替】 ファンタム駆動 パッシブマイク用 国内正規品","14687","52","","34","¥ 14,750","","8","B09NSP2Z16","","16.1","3.4","3.2","100"
"DR Strings (デーアール) 4弦 Multi-Scale ベース弦 ステンレスを巻弦に採用 DBSM-45 【国内正規品】","14699","17","","3","¥ 5,500","","1","B0D6WKX8VL","B0FTMC3C6K","15.7","15.4","1.8","120"
"Cloudlifter CL-1 【XLRケーブル・日本語版導入ガイド付き】by Cloud Microphones 国内正規品 (CL-1+XLRケーブル(Belden 0.5m))","16808","35","","8","¥ 26,500","","1","B09XX2F3RT","B09QKLVMHJ","20.2","12.6","6.5","500"
"ヤマハ(YAMAHA) サイレントブラスSB5J テナートロンボーン・テナーバストロンボーン・バストロンボーン用 充分な消音性 自然な音色と吹き心地","14705","40","","13","¥ 29,950","¥ 29,920","8","B0C5MC4XNB","","29.2","16.7","13.8","740"
"Betopper LPC018 LEDパーライト 54×1.5W RGB スリム DJパーキャン 4套ライト リモコン＆サウンドアクティブ","14707","51","","47","¥ 14,999","","2","B0GCRC62XY","B0GJ2XLB7W","28.2","26.5","26.1","3190"
"PLAY WOOD プレイウッド ティンパニ・マレット T13-MH","16008","20","","27","¥ 5,913","¥ 5,973","4","B002ANI3PE","B0D8R8CPY6","42.8","12.1","4.3","104"
"バック トランペット マウスピース 3 銀メッキ仕上げ","14717","42","","3","¥ 10,450","","18","B0002E2AGQ","B076M3NPWG","12","3.3","3.2","59"
"Nobsound 216W 36V/6A DC 電源アダプター ACアダプター 100-240V 変圧器 デジタルアンプ用 GaN技術","14725","23","","7","¥ 5,230","","1","B0DCVH8LRX","","16.6","14.4","6.6","570"
"Strymon/Cloudburst クラウドバースト リバーブ ストライモン","15938","37","","276","¥ 47,000","","47","B0BSHBZVBS","","12.1","8.6","6.4","349"
"Pearl Demonatorシリーズ ドラムペダル ツインペダル・コンプリートセット P-932","14726","11","","609","¥ 35,200","","14","B00BIBBJ46","","42.5","23.6","20","4680"
"【カラー統一セット】カシオ LK-540 BK ブラック 光ナビゲーションキーボード 61鍵盤 光る鍵盤 ステップアップレッスン機能搭載 練習用に最適 カシオ LK540 【LK-530後継機種LK-540】 (単品, BK ブラック)","5825","31","","1","¥ 27,800","","1","B0G3KW8CBN","B0G3KZW3D8","98","31","14","10000"
"GEBYUI 学生向けオーケストラギター｜初心者に最適なクラシックギター (ブラック)","12879","1","","","¥ 5,299","","1","B0FBV7QV53","B0FBVBCCB4","10","10","10","1000"
"PRS 106297 SE Locking Tuners ペグ ポールリードスミス(Paul Reed Smith)","15920","29","","691","¥ 16,500","","6","B07XL5PWQJ","","18.3","7","4.8","290"
"Tunerette™ クリップオンギターチューナー","14736","37","","115","¥ 7,343","","2","B0D9WF7Z44","","10.6","5.7","2.7","32"
"Effects Bakery エフェクツベーカリー Sandwich Fuzz [EB-SFn] / ファズ ギターエフェクター","14747","34","","16","¥ 5,170","","6","B09P3PB68H","B09P3S2HR4","10.3","6.6","5.9","180"
"Fender フェンダー ギグバッグ FA610 DREADNAUGHT GIG BAG,BLACK","15430","33","","547","¥ 6,145","¥ 6,152","3","B06Y28FTH1","","113","46","11","1560"
"Pearl パール MIDTOWN ドラムシェル専用ギグバッグ PMT-BGN","14750","16","","9","¥ 9,181","","1","B0CNPC9YWN","B0CNPQXMHP","74","61","19.5","2720"
"Ibanez/PTEQ PENTATONE FAMILY ペンタトーン パラメトリック・イコライザー イコライザー","14751","57","","49","¥ 14,230","¥ 14,333","10","B0CXXW8V12","","15.5","12","6.8","730"
"ボス ボーカルエフェクター Vocal Performer VE-22 アダプターPSA-100S2 マイク CM-2000 付 セット","17272","2","","","¥ 46,800","","1","B0H8R5BM6J","","42.2","30.9","18.4","2460"
"セルマー・パリ バリトンサックス マウスピース S80 C**","18873","13","","20","¥ 41,527","¥ 41,527","4","B000RW038U","B0759PTJ1Z","14.9","4.9","4.9","82"
"DZANNC 防音ブース 防音ボックス 卓上吸音ボックス 簡易防音室1人用 リバーブとノイズフロアを排除する 録音・会議・放送用 マイク防音 録音吸音材（LEDライト付き） (60*60*60CM)","17839","16","","5","¥ 9,990","","1","B0C5H7WYPM","","65.5","64","14.6","3210"
"Behringer アナログドラムマシン USB/DIN MIDI対応 16ステップシーケンサー アナログディストーション搭載 RD-6-LM","14767","21","","76","¥ 11,635","¥ 11,635","1","B08HSCX3B4","","44.4","22.9","11.4","1429"
"UBRAVOO 電子ピアノ 61鍵盤 キーボード 多機能 内蔵音源 自動伴奏 2WAY給電 ステレオ スピーカー 譜面台付き マイク イヤホン対応 説明書付き 初心者向き 子供用 200音色 200リズム 70デモ曲 軽量2.6kg 幅92.5x奥行き25.5x高さ7.2cm 練習 知育 入学祝い ブラック","14772","15","","3","¥ 8,999","","1","B0H2VMDR7V","B0H1HCN8KG","102.5","33.7","12.5","3500"
"太知ホールディングス アナバス カラオケセット家庭用 DVDカラオケシステム DVD-K110 HDMIケーブル3ｍ DVDカラオケ全集100 VOL1 セット","16043","23","","7","¥ 65,780","","2","B0DBH7V5NV","B0FV6VRGW8","80","44","33","18810"
"NU-X | 6ixty 5ive オーバードライブペダル","5962","30","","44","¥ 6,980","","7","B0CBMMHZZF","","13","9.7","5.7","340"
"バンドーレン B♭クラリネット マウスピース プロファイル88 5RV","15957","33","","13","¥ 17,050","¥ 19,778","16","B0064RN10E","B072HMJTTF","15.3","4.5","4.3","53"
"FDUCE USB/XLR ゲーミング ダイナミック マイク ポッドキャスト録音用 PC コンピューター ゲーミング ストリーミング ボーカル マイク RGB ライト、ミュート ボタン、ゲイン ノブ、ヘッドフォン ジャック、ブーム アーム付き (D20+)","15990","18","","111","¥ 5,699","","1","B0DP2C53RF","B0DP72X22K","40.2","14.8","10.9","1250"
"Thalia Capos Whiskey Angel Wing カポタスト Shellシリーズ タリアカポ","3440","31","","6","¥ 13,200","","3","B0DC4ZGRLT","B0DC5BGK76","9","9","4.1","10"
"BG BRASS WIND ショルダーストラップ チューバ/ユーフォニアム 2メタルスナップフック T01 ブラック","14779","5","","11","¥ 14,500","¥ 14,300","2","B0023P7LNE","B07N8HRYJD","25.6","7.8","6.2","200"
"Rycote (ライコート) InVisionソフティライアーマウント ピストルグリップ付 SFTMNTPG【国内正規品】","6251","30","","81","¥ 12,762","¥ 12,762","2","B004MM61BE","","25.7","15","7.6","150"
"CLASSIC PRO クラシックプロ パワーアンプ DCP30 mini 小型パワーアンプ","5743","30","","38","¥ 6,980","","2","B083Z7FNKF","","23.2","20.7","6.5","970"
"セルマー・パリ テナーサックス マウスピース S90 170","16302","23","","6","¥ 30,300","¥ 37,222","9","B000RVYRWO","B0759PYYPF","14.4","5","4.8","68"
"Djay対応DJコントローラー Reloop リループ Buddy","14810","14","","1","¥ 35,750","¥ 36,111","3","B0G6H8PNHS","","36.3","25.9","7.5","1450"
"PROMARK プロマーク ブラシ Premium Nylon Brush 2B Black PMNB2B Heavy (339.7 x 15.9mm) 【国内正規品】","16340","26","","156","¥ 5,921","¥ 6,119","7","B0C6MWHPW2","B0FH9PQDX8","24.7","4.3","1.9","130"
"Gravity グラビティ ギターキャビネット用マイククランプ(ラージキャビネットタイプ) GMSCABCL01","14817","12","","50","¥ 6,160","¥ 6,222","3","B07B3KQF3F","","31.9","9.3","6.4","660"
"DELTAMANN ウクレレケース, リュック型ギグバッグ, コンサートサイズ, 21インチテナー用, 軽量, 手提げ可能, おしゃれなデザイン ブルー","22540","9","","13","¥ 7,600","","1","B0DT492WHW","B0DYWQMWPM","29.5","28","12.9","490"
"Fender ピックガード11-HOLE MODERN-STYLE STRATOCASTER® S/S/S PICKGUARD, MINT GREEN","16144","32","","1106","¥ 5,500","","25","B0002KZEOU","B07673TSLS","30.4","25.8","1.5","122"
"【ワイヤレス】COMICA VM40 COMBO 2人用 ビデオガンマイク 32BIT、32G内部収録、超単一指向性 200ｍ伝送距離 USB-C端子","14820","11","","125","¥ 69,350","","1","B0DFSHMCRM","B0H8CDBBCT","27","18","15","1250"
"Trunab ミキサーケース YAMAHA MG10XU/RODECaster Pro/Pro II/Duoと互換性 オーディオミキサーバッグ","14833","29","","9","¥ 6,980","","1","B0CPP832KF","","35.4","30.8","16.7","1210"
"Vin-Antique/PPSE'79 Ver.3 Pike Place Smoky Emerald 1979 ヴィンアンティーク","14834","2","","5","¥ 12,800","","2","B0C8HQ2VK5","","47","35","25",""
"MEINL マイネル ソニックエナジーコレクション スモールスチールタングドラム Gマイナー 7インチ ネイビーブルー SSTD2NB (収納バッグ/マレット付属) 【日本正規品】","16672","9","","40","¥ 10,404","¥ 10,404","5","B09LD5RN1N","B0FBS4LDJQ","20.9","20.8","8.1","844"
"JHS Pedals ジェイエイチエスペダルズ ディストーション Angry Charlie V3 【国内正規品】","17180","12","","24","¥ 35,200","¥ 35,556","9","B01BM52FHM","","14.8","8.8","8.5","380"
"Roland ローランド キックトリガーペダル KT-9 コンパクト 静粛性 トリガーパッド一体型 打撃音を軽減 夜間練習などに V-drums 電子ドラム","14843","41","","111","¥ 20,000","¥ 22,222","12","B01EVR11AA","","47","24.4","21.4","2980"
"KORG(コルグ) Bluetooth MIDIインターフェース BM-1 標準MIDI端子を持つ楽器にBluetooth MIDI送受信機能を追加するワイヤレスMIDIアダプター","14849","28","","4","¥ 7,776","¥ 7,776","10","B0G24W3GBH","","14.9","9.7","2.8","70"
"Nakamichi インイヤーモニター 有線 2BA型ドライバー 9ｍｍDD型ドライバー 着脱式2PINケーブル 収納ケース付き MV300","14852","8","","24","¥ 7,989","","1","B0GWQXTKFL","","14.5","12.1","4.4","170"
"Shin’s Music Baby Master2 ボリュームスイッチ","3611","18","","39","¥ 7,920","","3","B0BGDBKCJ6","","6.2","6.1","6.1","100"
"HAMMOND ハモンド エクスプレッションペダル EXP-20","14864","23","","60","¥ 8,951","¥ 8,951","4","B00GXMROSA","B07N8CHVRZ","24.2","10.5","7.5","544"
"Btuty 3 ループ ボックス ギター エフェクト ペダル チャンネル選択トゥルー バイパス付き ギター エフェクト ループ スイッチャー ペダル チャンネル スイッチャー ボックス アルミニウム 6.35mm 入力出力 MOSKYAUDIO","16152","30","","15","¥ 7,029","","2","B0DZ66CK96","","25","8","6.5","570"
"MEINL Percussion マイネル カホン MCAJ100BK-MA+ 純正ギグバッグ付き 【国内正規品】","16264","28","","222","¥ 28,444","¥ 28,444","6","B00H723BUK","B0CMCW1XS2","50","34","34","6080"
"ORANGE Micro Terror 20W Mini Guitar Head, Solid State ギターアンプヘッド MICRO TERROR20 Orange","14875","24","","678","¥ 21,000","¥ 20,816","7","B00DV9H47E","B0H2X2XKJN","26.8","21.5","11.9","1380"
"キクタニ (Kikutani) キーボードスタンド X型ダブル ブラック KS-29W BLK","15217","20","","199","¥ 5,164","¥ 5,164","6","B01ICHZFIO","B07D9L93R9","102","46","8","4800"
"SORAN Tiny Stomp Multi Effectsギターペダル JME-03A 125エフェクト 99プリセット 10モジュール 40sルーパー 100ドラムリズム IR/NAMスロット20個 USBオーディオ 充電式ポケットペダル ギターベース用","14880","2","","105","¥ 8,580","","7","B0GKFJPM83","","17","11.5","5.9","372"
"SCUD クルーソンタイプペグ キーストーンノブ 3+3 ゴールド 2012GS","16371","11","","","¥ 7,425","","3","B002ANAUMI","B01DSO1I0U","12.8","11","3.3","154"
"SilentPower iPOWER ELITE 【日本正規店より発送】オーディオノイズフリー設計 Active Noise Cancellation II (SLP-IP-ELITE15)","6092","19","","","¥ 50,000","","4","B09QG6X75T","B0DWX5SHY4","22.9","19.3","6.8","1070"
"キクタニ エレキギター FV用ギグバック 20mm厚クッション リュックタイプ GVB-30FV","17201","17","","2","¥ 8,030","","2","B0CHRK6T39","","125","47","11.5","1470"
"tc electronic アコースティック エンハンサー BODYREZ ACOUSTIC PICKUP ENHANCER","14895","21","","238","¥ 13,800","¥ 20,000","31","B0116X2V24","","15.5","13.4","6.4","380"